<?xml version="1.0" encoding="UTF-8"?>
<description xmlns="http://openoffice.org/extensions/description/2006" xmlns:d="http://openoffice.org/extensions/description/2006"  xmlns:xlink="http://www.w3.org/1999/xlink">
    <version value="7.0" />
    <identifier value="French.linguistic.resources.from.Dicollecte.by.OlivierR" />
    <display-name>
        <name lang="en-US">French spelling dictionary, hyphenation rules, and thesaurus</name>
        <name lang="af">Franse speltoetser, woordafbreekreëls en tesourus.</name>
        <name lang="am">French spelling dictionary, hyphenation rules, and thesaurus</name>
        <name lang="ar">قاموس الإملاء وقواعد الواصلة والمترادفات للُّغة الفرنسية</name>
        <name lang="as">ফঁৰাচী বানান শব্দকোষ, হাইফেনেষণ নিয়মসমূহ, আৰু সমাৰ্থশব্দকোষ</name>
        <name lang="ast">Diccionariu ortográficu y regles de separtación silábica y sinónimos pal francés</name>
        <name lang="be">Французскі правапісны слоўнік, правілы пераносаў і тэзаўрус</name>
        <name lang="bg">Френски речници за правопис, сричкопренасяне и синоними</name>
        <name lang="bn">French spelling dictionary, hyphenation rules, and thesaurus</name>
        <name lang="bn-IN">ফ্রেঞ্চ বানান পরীক্ষণের অভিধান, হাইফেন প্রয়োগের নিয়ম এবং শব্দকোষ</name>
        <name lang="bo">French spelling dictionary, hyphenation rules, and thesaurus</name>
        <name lang="br">Geriadur ar reizhskrivañ, reolennoù an troc'hañ-gerioù ha geriadur an heñvelsterioù evit ar galleg</name>
        <name lang="brx">French spelling dictionary, hyphenation rules, and thesaurus</name>
        <name lang="bs">Rječnik pravopisa i sinonima, te pravila rastavljanja riječi na kraju reda za francuski jezik</name>
        <name lang="ca">Francès: corrector ortogràfic, partició de mots i tesaurus (sinònims i termes relacionats)</name>
        <name lang="ca-valencia">Francés: corrector ortogràfic, partició de mots i tesaurus (sinònims i termes relacionats)</name>
        <name lang="ckb">فەرهەنگی ڕێنووسی زمانی فەڕەنسی، یاساکانی ڕێزمانی لەگەڵ بەرامبەرەکان</name>
        <name lang="cs">Slovník kontroly pravopisu, dělení slov a slovník synonym pro francouzštinu</name>
        <name lang="cy">Ffrangeg - geiriadur sillafu, rheolau cyplysnodi a thesawrws</name>
        <name lang="da">Fransk stavekontrol, orddelingsregler og synonymordbog</name>
        <name lang="de">Französisches Wörterbuch für Rechtschreibprüfung, Silbentrennung und Thesaurus</name>
        <name lang="dgo">फ़्रैंच शब्द-जोड़ शब्दकोश, जोड़-चिʼन्नीकरण नियम ते पर्यायकोश</name>
        <name lang="dsb">Francojski pšawopisny słownik, pšawidła źělenja złožkow a tezawrus</name>
        <name lang="dz">French spelling dictionary, hyphenation rules, and thesaurus</name>
        <name lang="el">Γαλλικό ορθογραφικό λεξικό, συλλαβισμός και θησαυρός</name>
        <name lang="en-GB">French spelling dictionary, hyphenation rules, and thesaurus</name>
        <name lang="en-ZA">French spelling dictionary, hyphenation rules, and thesaurus</name>
        <name lang="eo">Franca ortografia vortaro, vortdividaj reguloj, kaj tezaŭro</name>
        <name lang="es">Francés: corrector ortográfico, sinónimos y reglas de corte de palabras</name>
        <name lang="et">Prantsuse keele õigekirjakontrolli sõnastik, poolitusreeglid ja tesaurus</name>
        <name lang="eu">Frantsesaren ortografia-egiaztatzailea, hitzak zatitzeko arauak eta thesaurusa</name>
        <name lang="fa">واژه‌نامه املایی، قواعد خط‌فاصله‌گذاری و اصطلاح‌نامه فرانسوی</name>
        <name lang="fi">Ranskan oikolukusanasto, tavutussäännöt ja synonyymisanasto</name>
        <name lang="fr">Dictionnaires orthographique, des synonymes et règles de coupure des mots français</name>
        <name lang="fur">Dizionari ortografic francês, regulis di silabazion e dizionari dai sinonims</name>
        <name lang="fy">Frânsk wurdboek foar stavering, wurdôfbrekkingsregels, en synonimenlist</name>
        <name lang="ga">Foclóir litrithe, rialacha fleiscínithe, agus teasáras don bhFraincis</name>
        <name lang="gd">Faclair litreachadh, riaghailtean tàthanachadh ⁊ co-fhaclair na Fraingise</name>
        <name lang="gl">Dicionario ortográfico, de sinónimos e guionizador do francés</name>
        <name lang="gu">ફ્રેન્ચ જોડણી ચકાસણી શબ્દકોષ, હાઇફનેશન નિયમો, અને માહિતી ભંડાર</name>
        <name lang="gug">Francés: corrector ortográfico ha división ñe'ẽgui</name>
        <name lang="he">רשימת מילים לבודק איות, כללי מיקוף ואגרון בצרפתית</name>
        <name lang="hi">फ्रांसीसी वर्तनी शब्दकोश, समासन नियम और थिसारस</name>
        <name lang="hr">Provjera pravopisa, rastavljanje riječi i rječnik sinonima francuskog jezika</name>
        <name lang="hsb">Francoski prawopisny słownik, prawidła dźělenja złóžkow a tezawrus</name>
        <name lang="hu">Francia helyesírási szótár, elválasztási szabályok és szinonimaszótár</name>
        <name lang="id">Kamus ejaan, aturan pemutusan suku kata, dan tesaurus bahasa Perancis</name>
        <name lang="is">Franskt stafsetningarorðasafn, orðskiptireglur og samheitaorðasafn</name>
        <name lang="it">Dizionario ortografico francese, regole di sillabazione e dizionario di sinonimi</name>
        <name lang="ja">フランス語スペル辞書、ハイフネーション規則と類義語辞典</name>
        <name lang="ka">French spelling dictionary, hyphenation rules, and thesaurus</name>
        <name lang="kab">Amawal n teɣdira, igdawalen d ilugan n unegzum n wawalen tefṛansist</name>
        <name lang="kk">Француз емле сөздігі, тасымалдау ережелері және тезаурус</name>
        <name lang="km">វចនានុក្រម​អក្ខរាវិរុទ្ធ​ភាសា​បារាំង គោលការណ៍​ដាក់​សហសញ្ញា និង​កម្រង​វេវចនសព្ទ</name>
        <name lang="kmr-Latn">French spelling dictionary, hyphenation rules, and thesaurus</name>
        <name lang="kn">ಫ್ರೆಂಚ್ ಕಾಗುಣಿತ ಪರೀಕ್ಷಕ ಶಬ್ಧಕೋಶ, ಹೈಫನೇಶನ್ ನಿಯಮಗಳು, ಹಾಗು ಸಮಾನಾರ್ಥಕ ಪದಕೋಶ</name>
        <name lang="ko">프랑스어 맞춤법 사전, 하이픈 규칙 및 동의어 사전</name>
        <name lang="kok">फ्रॅंच वर्णरचना शब्दकोश,संयोगचिन्नाचे नेम आनी थेसोरसFrench OkxorRochona Xobdkox, Xobdkox, somyog chinna Niyom ani MahetiKox</name>
        <name lang="ks">French spelling dictionary, hyphenation rules, and thesaurus</name>
        <name lang="lb">Spellchecker, Silbentrennung an Thesaurus fir d'franséisch Sprooch</name>
        <name lang="lo">ພົດຈະນານຸກົມສະກົດຄຳພາສາ French, ກົດລະບຽບການເຊື່ອມໂຍງ, ແລະ ພົດຈະນານຸກົມ</name>
        <name lang="lt">Prancūzų kalbos rašybos tikrinimo, žodžių kėlybos ir tezauro žodynai</name>
        <name lang="lv">Franču pareizrakstības vārdnīca, zilbjdales kārtulas un tēzaurs</name>
        <name lang="mai">French spelling dictionary, hyphenation rules, and thesaurus</name>
        <name lang="mk">French spelling dictionary, hyphenation rules, and thesaurus</name>
        <name lang="ml">ഫ്രെഞ്ച് സ്പെല്ലിങ് നിഘണ്ടുവും ഹൈഫനേഷന്‍ നിയമങ്ങളും തെസോറസും</name>
        <name lang="mn">Франц хэлний зөв бичгийн ба үеэр таслах дүрмийн болон нэвтэрхий толь бичиг</name>
        <name lang="mni">ফ্রেন্স বানানগী দিক্সনারি, অমসুং হাইফেনেসনগী রুলশিং, অমসুং থেসোরস</name>
        <name lang="mr">फ्रेंच शुध्दलेखन शब्दकोश, हायफेनेशन नियम व थिसॉरस्</name>
        <name lang="my">ပိုလန် စာလုံးပေါင်းစစ်အဘိဓာန်၊ စကားလုံးခွဲမျဉ်းတို စည်းမျဉ်းများနှင့်  ဝေါဟာရပဒေသာကျမ်း</name>
        <name lang="nb">Fransk stavekontroll, orddeling og synonymordbok</name>
        <name lang="ne">फ्रेंच हिज्जे शब्दकोश, योजकचिन्ह राख्ने कार्य नियमहरू, र पर्यायकोश</name>
        <name lang="nl">Frans spelling woordenboek, woordafbrekingsregels en thesaurus</name>
        <name lang="nn">Fransk stavekontroll, orddeling, og synonymordbok</name>
        <name lang="nr">French spelling dictionary, hyphenation rules, and thesaurus</name>
        <name lang="nso">French spelling dictionary, hyphenation rules, and thesaurus</name>
        <name lang="oc">Diccionaris ortografic, dels sinonims e règlas de copadura de mots franceses</name>
        <name lang="om">French spelling dictionary, hyphenation rules, and thesaurus</name>
        <name lang="or">ଫ୍ରେଞ୍ଚ ବନାନ ଅବିଧାନ, ସମାସ ଚିହ୍ନ ନିୟମାବଳୀ, ଏବଂ ଶବ୍ଦାକୋଷ</name>
        <name lang="pa-IN">ਫਰੈਂਚ ਸਪੈਲਿੰਗ ਡਿਕਸ਼ਨਰੀ, ਹਾਈਫਨੇਸ਼ਨ ਰੂਲ, ਅਤੇ ਕੋਸ਼</name>
        <name lang="pl">Francuski słownik ortograficzny, reguły dzielenia wyrazów i słownik wyrazów bliskoznacznych</name>
        <name lang="pt">Dicionário ortográfico, sinónimos e regras de hifenização em francês</name>
        <name lang="pt-BR">Dicionário ortográfico, sinônimos e regras de hifenização em francês</name>
        <name lang="ro">Dicționar ortografic, de sinonime și reguli de despărțire în silabe pentru franceză</name>
        <name lang="ru">Французский орфографический словарь, правила переноса и тезаурус</name>
        <name lang="rw">French spelling dictionary, hyphenation rules, and thesaurus</name>
        <name lang="sa-IN">फ्रेन्च् वर्णविन्यासकोशः, समासकरणनियमाः तथा च कोशः</name>
        <name lang="sat">फ्रेंच बानान ञेल साबाद गादेल, फारका गार नियोम को, आरआर मित् लेकान मानेयानाक् साबाद गादेल बाबोत </name>
        <name lang="sd">فرينچ هجي ڊڪشنري، ننڍي ليڪ (-) ڏيڻ جا قاعدا، ۽ پريايواچي ڪوش</name>
        <name lang="si">French spelling dictionary, hyphenation rules, and thesaurus</name>
        <name lang="sid">Ferensayete fidalishshsi qaallate fichaancho, haawiiccisha wodhonna xaadigurchu qaallate fichaanchonna</name>
        <name lang="sk">Francúzsky slovník na kontrolu pravopisu, pravidlá na delenie slov tezaurus</name>
        <name lang="sl">Francoski jezik – slovar za preverjanje črkovanja, vzorci za deljenje besed in slovar sopomenk</name>
        <name lang="sq">Fjalori i drejtshkrimit francez, rregullat e rrokjezimit, dhe sinonimet</name>
        <name lang="sr">Француски: провера писања, прелом речи и речник синонима</name>
        <name lang="sr-Latn">Francuski: provera pisanja, prelom reči i rečnik sinonima</name>
        <name lang="ss">French spelling dictionary, hyphenation rules, and thesaurus</name>
        <name lang="st">French spelling dictionary, hyphenation rules, and thesaurus</name>
        <name lang="sv">Stavningsordlista, avstavningsregler och synonymordlista på franska</name>
        <name lang="sw-TZ">French spelling dictionary, hyphenation rules, and thesaurus</name>
        <name lang="szl">Francuski słownik ôrtograficzny, prawidła dzielynio słōw i słownik synōnimōw</name>
        <name lang="ta">பிரெஞ்சு எழுத்துக்கூட்டு அகராதி, நடுக்கோடு விதிகள் மற்றும் நிகண்டு</name>
        <name lang="te">ఫ్రెంచ్ వుచ్ఛారణా నిఘంటువు, హైఫనేషన్ నియమాలు, మరియు పదకోశాలు</name>
        <name lang="tg">French spelling dictionary, hyphenation rules, and thesaurus</name>
        <name lang="th">พจนานุกรมสะกดคำ, กฎการแทรกยัติภังค์, และอรรถาภิธานภาษาฝรั่งเศส</name>
        <name lang="tn">French spelling dictionary, hyphenation rules, and thesaurus</name>
        <name lang="tr">Fransızca imla sözlüğü, heceleme kuralları ve eş anlamlılar</name>
        <name lang="ts">French spelling dictionary, hyphenation rules, and thesaurus</name>
        <name lang="tt">Француз теленең орфография сүзлеге, күчерү кагыдәләре һәм тезаурусы</name>
        <name lang="ug">فىرانسۇزچە ئىملا لۇغىتى، ھەرپ ئۇلىنىش قائىدىسى ۋە مەنىداش سۆزلەر لۇغىتى</name>
        <name lang="uk">Французький орфографічний словник, правила переносу та тезаурус</name>
        <name lang="uz">French spelling dictionary, hyphenation rules, and thesaurus</name>
        <name lang="ve">French spelling dictionary, hyphenation rules, and thesaurus</name>
        <name lang="vec">Disionaro ortogràfego Franseze, règołe de siłabasion e disionaro de i sinònemi</name>
        <name lang="vi">Từ điển chính tả, luật thesaurus, đồng nghĩa</name>
        <name lang="xh">French spelling dictionary, hyphenation rules, and thesaurus</name>
        <name lang="zh-CN">法语拼写词典、断词规则与同义词库</name>
        <name lang="zh-TW">法文拼寫詞典、斷字與禁忌規則、同義詞庫</name>
        <name lang="zu">French spelling dictionary, hyphenation rules, and thesaurus</name>
    </display-name>
    <platform value="all" />
    <dependencies>
        <OpenOffice.org-minimal-version value="3.2" d:name="OpenOffice.org 3.2" />
    </dependencies>
    <icon>
        <default xlink:href="icon.png" />
    </icon>
    <publisher>
        <name xlink:href="http://www.dicollecte.org/" lang="fr">Dicollecte</name>
    </publisher>
</description>
