<?xml version="1.0" encoding="UTF-8"?>
<description xmlns="http://openoffice.org/extensions/description/2006" xmlns:d="http://openoffice.org/extensions/description/2006"  xmlns:xlink="http://www.w3.org/1999/xlink">
            <version value="2008.02.01" />
    <identifier value="org.openoffice.hi.dictionaries.hi" />
    <display-name>
        <name lang="en-US">Hindi spelling dictionary</name>
        <name lang="af">Hindi-woordeboek vir speltoetsing</name>
        <name lang="am">Hindi spelling dictionary</name>
        <name lang="ar">قاموس التدقيق الإملائي للُّغة الهندية</name>
        <name lang="as">হিন্দি বানান শব্দকোষ</name>
        <name lang="ast">Diccionariu ortográficu pal hindi</name>
        <name lang="be">Хіндзі, правапісны слоўнік</name>
        <name lang="bg">Правописен речник за хинди</name>
        <name lang="bn">Hindi spelling dictionary</name>
        <name lang="bn-IN">হিন্দি বানান অভিধান</name>
        <name lang="bo">Hindi spelling dictionary</name>
        <name lang="br">Geriadur ar reizhskrivañ evit hindieg</name>
        <name lang="brx">Hindi spelling dictionary</name>
        <name lang="bs">Rječnik pravopisa za jezik Hindi</name>
        <name lang="ca">Hindi: corrector ortogràfic</name>
        <name lang="ca-valencia">Hindi: corrector ortogràfic</name>
        <name lang="ckb">فەرهەنگی هەڵەی ڕێنووسی زمانی هندی</name>
        <name lang="cs">Slovník kontroly pravopisu pro hindštinu</name>
        <name lang="cy">Hindi - geiriadur sillafu</name>
        <name lang="da">Hindi stavekontrol</name>
        <name lang="de">Hindi-Wörterbuch für Rechtschreibprüfung</name>
        <name lang="dgo">शब्द-जोड़ शब्दकोश</name>
        <name lang="dsb">Pšawopisny słownik hindi</name>
        <name lang="dz">Hindi spelling dictionary</name>
        <name lang="el">Ινδικό ορθογραφικό λεξικό</name>
        <name lang="en-GB">Hindi spelling dictionary</name>
        <name lang="en-ZA">Hindi spelling dictionary</name>
        <name lang="eo">Hindia ortografia vortaro</name>
        <name lang="es">Hindi: corrector ortográfico</name>
        <name lang="et">Hindi keele õigekirjakontrolli sõnastik</name>
        <name lang="eu">Hindiaren ortografia-egiaztatzailea</name>
        <name lang="fa">واژه‌نامه املایی هندی</name>
        <name lang="fi">Hindin oikolukusanasto</name>
        <name lang="fr">Dictionnaire orthographique hindi</name>
        <name lang="fur">Dizionari ortografic hindi</name>
        <name lang="fy">Hindyske stavering wurdboek</name>
        <name lang="ga">Foclóir litrithe na Hiondúise</name>
        <name lang="gd">Faclair litreachadh na Hindise</name>
        <name lang="gl">Dicionario ortográfico do hindi</name>
        <name lang="gu">હિંદી જોડણી ચકાસણી શબ્દકોષ</name>
        <name lang="gug">Ñe'ẽryru ortográfico Hindú</name>
        <name lang="he">רשימת מילים לבודק איות בהינדית</name>
        <name lang="hi">हिन्दी वर्तनी शब्दकोश</name>
        <name lang="hr">Provjera pravopisa za hindi jezik</name>
        <name lang="hsb">Prawopisny słownik hindi</name>
        <name lang="hu">Hindi helyesírási szótár</name>
        <name lang="id">Kamus ejaan bahasa Hindi</name>
        <name lang="is">Hindískt stafsetningarorðasafn</name>
        <name lang="it">Dizionario ortografico hindi</name>
        <name lang="ja">ヒンディー語スペル辞書</name>
        <name lang="ka">Hindi spelling dictionary</name>
        <name lang="kab">Amawal n teɣdira thendit</name>
        <name lang="kk">Хинди емле сөздігі</name>
        <name lang="km">វចនានុក្រម​អក្ខរាវិរុទ្ធ​ភាសា​ហិណ្ឌូ</name>
        <name lang="kmr-Latn">Hindi spelling dictionary</name>
        <name lang="kn">ಹಿಂದಿ ಕಾಗುಣಿತ ಪರೀಕ್ಷಕ ಶಬ್ಧಕೋಶ</name>
        <name lang="ko">힌디어 맞춤법 사전</name>
        <name lang="kok">हिन्दी वर्णरचना शब्दकोशHindi OkxorRochona Xobdkox</name>
        <name lang="ks">Hindi spelling dictionary</name>
        <name lang="lb">Hindi spelling dictionary</name>
        <name lang="lo">ພົດຈະນານຸກົມສະກົດຄຳພາສາ Hindi</name>
        <name lang="lt">Hindi kalbos rašybos tikrinimo žodynas</name>
        <name lang="lv">Hindi pareizrakstības vārdnīca</name>
        <name lang="mai">Hindi spelling dictionary</name>
        <name lang="mk">Hindi spelling dictionary</name>
        <name lang="ml">ഹിന്ദി സ്പെല്ലിങ് നിഘണ്ടു</name>
        <name lang="mn">Хинди хэлний зөв бичгийн дүрмийн толь бичиг</name>
        <name lang="mni">হিন্দী বানানগী দিক্সনারি</name>
        <name lang="mr">हिंदी शुध्दलेखन शब्दकोश</name>
        <name lang="my">ထိုင်းစာလုံးပေါင်းအဘိဓာန်</name>
        <name lang="nb">Stavekontroll for hindi</name>
        <name lang="ne">हिन्दी हिज्जे शब्दकोश</name>
        <name lang="nl">Hindi spellingwoordenboek</name>
        <name lang="nn">Hindi stavekontroll</name>
        <name lang="nr">Hindi spelling dictionary</name>
        <name lang="nso">Hindi spelling dictionary</name>
        <name lang="oc">Diccionari ortografic per l'hindi</name>
        <name lang="om">Hindi spelling dictionary</name>
        <name lang="or">ହିନ୍ଦି ବନାନ ଅବିଧାନ</name>
        <name lang="pa-IN">ਹਿੰਦੀ ਸਪੈਲਿੰਗ ਡਿਕਸ਼ਨਰੀ</name>
        <name lang="pl">Hinduski słownik ortograficzny</name>
        <name lang="pt">Dicionário ortográfico em hindi</name>
        <name lang="pt-BR">Dicionário ortográfico em hindi</name>
        <name lang="ro">Dicționar ortografic pentru hindi</name>
        <name lang="ru">Хинди орфографический словарь</name>
        <name lang="rw">Hindi spelling dictionary</name>
        <name lang="sa-IN">हिन्दीवर्णविन्यासकोशः</name>
        <name lang="sat">हिन्दी बानान ञेल साबाद गादेल</name>
        <name lang="sd">هندي هجي ڊڪشنري</name>
        <name lang="si">Hindi spelling dictionary</name>
        <name lang="sid">Hindete fidalishshi qaallate fichaancho</name>
        <name lang="sk">Hindský slovník na kontrolu pravopisu</name>
        <name lang="sl">Hindujski jezik – slovar za preverjanje črkovanja</name>
        <name lang="sq">Fjalor drejtshkrimi hindu</name>
        <name lang="sr">Хинди: провера писања</name>
        <name lang="sr-Latn">Hindi: provera pisanja</name>
        <name lang="ss">Hindi spelling dictionary</name>
        <name lang="st">Hindi spelling dictionary</name>
        <name lang="sv">Stavningsordlista på Hindi</name>
        <name lang="sw-TZ">Hindi spelling dictionary</name>
        <name lang="szl">Słownik ôrtograficzny hindi</name>
        <name lang="ta">இந்தி எழுத்துக்கூட்டு அகராதி</name>
        <name lang="te">హిందీ వుచ్ఛారణా నిఘంటువు</name>
        <name lang="tg">Hindi spelling dictionary</name>
        <name lang="th">พจนานุกรมสะกดคำภาษาฮินดี</name>
        <name lang="tn">Hindi spelling dictionary</name>
        <name lang="tr">Hintçe imla sözlüğü</name>
        <name lang="ts">Hindi spelling dictionary</name>
        <name lang="tt">Һинд теленең орфография сүзлеге</name>
        <name lang="ug">ھىندىچە ئىملا لۇغىتى</name>
        <name lang="uk">Хінді орфографічний словник</name>
        <name lang="uz">Hindi spelling dictionary</name>
        <name lang="ve">Hindi spelling dictionary</name>
        <name lang="vec">Disionaro ortogràfego Hindi</name>
        <name lang="vi">Từ điển chính tả Hindi</name>
        <name lang="xh">Hindi spelling dictionary</name>
        <name lang="zh-CN">印地语拼写词典</name>
        <name lang="zh-TW">北印度文拼寫詞典</name>
        <name lang="zu">Hindi spelling dictionary</name>
    </display-name>
    <platform value="all" />
    <dependencies>
        <OpenOffice.org-minimal-version value="3.0" d:name="OpenOffice.org 3.0" />
    </dependencies>
</description>

