<?xml version="1.0" ?>
<article uri="http://libmeta.ru/fme/article/1001_INVARIANTNAJa" alphabetic_pos="1003">
  <title>ИНВАРИАНТНАЯ РЕГУЛЯРИЗАЦИЯ</title>
  <authors>
    <author>A. А. Славнов</author>
  </authors>
  <pages>
    <start>213</start>
    <end>213</end>
  </pages>
  <literature>
    <literature_orig/>
  </literature>
  <formulas_main/>
  <formulas_aux>
    <formula uri="http://libmeta.ru/fme/formula/aux/1001_1_INVARIANTNAJa">\quad</formula>
  </formulas_aux>
  <relations n="0"/>
  <text>регуляризация, сохраняющая инвариантность относительно некоторой группы преобразований. В более узком смысле термин «и. р.» применяется в квантовой теории поля для обозначения сохраняющей калибровочную инвариантность регуляризации интегралов, отвечающих диаграммам Фейнмана. Существование И. р. является достаточным условием возможности построения калибровочно инвариантной квантовой теории. Если это условие не выполнено, то возможно появление квантовых аномалий, нарушающих калибровочную инвариантность на квантовом уровне. В качестве И. p. применяют размерную регуляризацию, высших ковариантных производных метод, переход к калибровочной теории в решетчатом пространстве-времени. $URI[[http://libmeta.ru/fme/formula/aux/1001_1_INVARIANTNAJa]]/URI$</text>
  <text_orig>реГУЛЯрИЗацИЯ, сохраняющая инвариантность относительно некоторой группы преобразований. В более узком смысле термин «И. р.» применяется в квантовой теории поля для обозначения сохраняющей калибровочную инвариантность регуляризации интегралов, отвечающих диаграммам Фейнмана. Существование И. р. является достаточным условием возможности построения калибровочно инвариантной квантовой теории. Если это условие не выполнено, то возможно появление квантовых аномалий, нарушающих калибровочную инвариантность на квантовом уровне. В качестве И. p. применяют размерную регуляризацию, высших ковариантных производных метод, переход к калибровочной теории в решетчатом пространстве-времени. $\quad$ A. А. Славнов.</text_orig>
</article>
