<?xml version="1.0" ?>
<article uri="http://libmeta.ru/fme/article/1003_INVARIANTNOE" alphabetic_pos="1005">
  <title>ИНВАРИАНТНОЕ МНОГООБРАЗИЕ</title>
  <authors>
    <author>М. Б. Севрюк</author>
  </authors>
  <pages>
    <start>213</start>
    <end>213</end>
  </pages>
  <literature>
    <literature_orig/>
  </literature>
  <formulas_main/>
  <formulas_aux>
    <formula uri="http://libmeta.ru/fme/formula/aux/1003_1_INVARIANTNOE">m</formula>
    <formula uri="http://libmeta.ru/fme/formula/aux/1003_2_INVARIANTNOE">m</formula>
    <formula uri="http://libmeta.ru/fme/formula/aux/1003_3_INVARIANTNOE">n</formula>
    <formula uri="http://libmeta.ru/fme/formula/aux/1003_4_INVARIANTNOE">d x / d t=V(x)</formula>
    <formula uri="http://libmeta.ru/fme/formula/aux/1003_5_INVARIANTNOE">m</formula>
    <formula uri="http://libmeta.ru/fme/formula/aux/1003_6_INVARIANTNOE">p \in N</formula>
    <formula uri="http://libmeta.ru/fme/formula/aux/1003_7_INVARIANTNOE">n</formula>
    <formula uri="http://libmeta.ru/fme/formula/aux/1003_8_INVARIANTNOE">n</formula>
    <formula uri="http://libmeta.ru/fme/formula/aux/1003_9_INVARIANTNOE">a: M \rightarrow M</formula>
    <formula uri="http://libmeta.ru/fme/formula/aux/1003_10_INVARIANTNOE">m(n</formula>
    <formula uri="http://libmeta.ru/fme/formula/aux/1003_11_INVARIANTNOE">a(n)=n)</formula>
    <formula uri="http://libmeta.ru/fme/formula/aux/1003_12_INVARIANTNOE">n</formula>
    <formula uri="http://libmeta.ru/fme/formula/aux/1003_13_INVARIANTNOE">d x / d t=V(x)</formula>
    <formula uri="http://libmeta.ru/fme/formula/aux/1003_14_INVARIANTNOE">\boldsymbol{v}</formula>
    <formula uri="http://libmeta.ru/fme/formula/aux/1003_15_INVARIANTNOE">\boldsymbol{v}</formula>
    <formula uri="http://libmeta.ru/fme/formula/aux/1003_16_INVARIANTNOE">p \in N</formula>
    <formula uri="http://libmeta.ru/fme/formula/aux/1003_17_INVARIANTNOE">n</formula>
  </formulas_aux>
  <relations n="0"/>
  <text>инвариантное множество в фазовом многообразии $URI[[http://libmeta.ru/fme/formula/aux/1003_1_INVARIANTNOE]]/URI$, являющееся подмногообразием $URI[[http://libmeta.ru/fme/formula/aux/1003_2_INVARIANTNOE]]/URI$. Основные примеры: а) И. м. $URI[[http://libmeta.ru/fme/formula/aux/1003_3_INVARIANTNOE]]/URI$ автономного обыкновенного дифференциального уравнения $URI[[http://libmeta.ru/fme/formula/aux/1003_4_INVARIANTNOE]]/URI$ на многообразии $URI[[http://libmeta.ru/fme/formula/aux/1003_5_INVARIANTNOE]]/URI$ (фазовая кривая уравнения, проходящая через любую точку $URI[[http://libmeta.ru/fme/formula/aux/1003_6_INVARIANTNOE]]/URI$, целиком лежит в $URI[[http://libmeta.ru/fme/formula/aux/1003_7_INVARIANTNOE]]/URI$; б) И. м. $URI[[http://libmeta.ru/fme/formula/aux/1003_8_INVARIANTNOE]]/URI$ диффеоморфизма $URI[[http://libmeta.ru/fme/formula/aux/1003_9_INVARIANTNOE]]/URI$ многообразия $URI[[http://libmeta.ru/fme/formula/aux/1003_10_INVARIANTNOE]]/URI$ удовлетворяет условию $URI[[http://libmeta.ru/fme/formula/aux/1003_11_INVARIANTNOE]]/URI$. Подмногообразие $URI[[http://libmeta.ru/fme/formula/aux/1003_12_INVARIANTNOE]]/URI$ является И. м. уравнения $URI[[http://libmeta.ru/fme/formula/aux/1003_13_INVARIANTNOE]]/URI$ (используют также термины «и. м. векторного поля $URI[[http://libmeta.ru/fme/formula/aux/1003_14_INVARIANTNOE]]/URI$ », «и. м. фазового потока

![](https://cdn.mathpix.com/cropped/2023_07_08_c81984b7c9579485d5dag-1.jpg?height=37&amp;width=813&amp;top_left_y=925&amp;top_left_x=935)
только тогда, когда вектор поля $URI[[http://libmeta.ru/fme/formula/aux/1003_15_INVARIANTNOE]]/URI$ в каждой точке $URI[[http://libmeta.ru/fme/formula/aux/1003_16_INVARIANTNOE]]/URI$ касается $URI[[http://libmeta.ru/fme/formula/aux/1003_17_INVARIANTNOE]]/URI$.

См. также Динамическая система.</text>
  <text_orig>инвариантное множество в фазовом многообразии $M$, являюшееся подмногообразием $M$. Основные примеры: а) И. м. $N$ автономного обыкновенного дифференциального уравнения $d x / d t=V(x)$ на многообразии $M$ (фазовая кривая уравнения, проходящая через любую точку $p \in N$, целиком лежит в $N$; б) И. м. $N$ диффеоморфизма $A: M \rightarrow M$ многообразия $M(N$ удовлетворяет условию $A(N)=N)$. Подмногообразие $N$ является И. м. уравнения $d x / d t=V(x)$ (используют также термины «И. м. векторного поля $\boldsymbol{V}$ », «И. м. фазового потока

![](https://cdn.mathpix.com/cropped/2023_07_08_c81984b7c9579485d5dag-1.jpg?height=37&amp;width=813&amp;top_left_y=925&amp;top_left_x=935)
только тогда, когда вектор поля $\boldsymbol{V}$ в каждой точке $p \in N$ касается $N$.

См. также Динамическая система. М. Б. Севрюк.</text_orig>
</article>
