<?xml version="1.0" ?>
<article uri="http://libmeta.ru/fme/article/1005_INVARIANTNOE" alphabetic_pos="1007">
  <title>ИНВАРИАНТНОЕ ПОДПРОСТРАНСТВО</title>
  <authors/>
  <pages>
    <start>213</start>
    <end>213</end>
  </pages>
  <literature>
    <literature_orig/>
  </literature>
  <formulas_main/>
  <formulas_aux/>
  <relations n="1">
    <relation uri="http://libmeta.ru/fme/relation/1005_1_INVARIANTNOE">
      <rel_text>Неприводимое представление</rel_text>
      <target>http://libmeta.ru/fme/article/1932_NEPRIVODIMOE</target>
    </relation>
  </relations>
  <text>см. URI[[http://libmeta.ru/fme/relation/1005_1_INVARIANTNOE]]/URI.</text>
  <text_orig>см. Неприводимое представление.</text_orig>
</article>
