<?xml version="1.0" ?>
<article uri="http://libmeta.ru/fme/article/1006_INVARIANTNOE" alphabetic_pos="1008">
  <title>ИНВАРИАНТНОЕ РАСПРЕДЕЛЕНИЕ ВЕРОЯТНОСТЕЙ</title>
  <authors/>
  <pages>
    <start>213</start>
    <end>213</end>
  </pages>
  <literature>
    <literature_orig/>
  </literature>
  <formulas_main/>
  <formulas_aux/>
  <relations n="1">
    <relation uri="http://libmeta.ru/fme/relation/1006_1_INVARIANTNOE">
      <rel_text>Эргодическая</rel_text>
      <target>http://libmeta.ru/fme/article/3548_ERGODIChNOST</target>
    </relation>
  </relations>
  <text>см. URI[[http://libmeta.ru/fme/relation/1006_1_INVARIANTNOE]]/URI теорема.</text>
  <text_orig>см. Эргодическая теорема.</text_orig>
</article>
