<?xml version="1.0" ?>
<article uri="http://libmeta.ru/fme/article/100_ANTISIMMETRIChNOE" alphabetic_pos="100">
  <title>АНТИСИММЕТРИЧНОЕ ПРОСТРАНСТВО ФОКА</title>
  <authors/>
  <pages>
    <start>29</start>
    <end>29</end>
  </pages>
  <literature>
    <literature_orig/>
  </literature>
  <formulas_main/>
  <formulas_aux>
    <formula uri="http://libmeta.ru/fme/formula/aux/100_1_ANTISIMMETRIChNOE">\mathrm{cm}</formula>
  </formulas_aux>
  <relations n="0"/>
  <text>$URI[[http://libmeta.ru/fme/formula/aux/100_1_ANTISIMMETRIChNOE]]/URI$. Фока пространство.</text>
  <text_orig>$\mathrm{CM}$. Фока пространство.</text_orig>
</article>
