<?xml version="1.0" ?>
<article uri="http://libmeta.ru/fme/article/1010_INVARIANTNYJ" alphabetic_pos="1012">
  <title>ИНВАРИАНТНЫЙ ТОР</title>
  <authors>
    <author>М. Б. Севрюк</author>
  </authors>
  <pages>
    <start>214</start>
    <end>215</end>
  </pages>
  <literature>
    <literature_orig>Лum.: [1] С а м о йл е н к о А. М., Элементы математической теории многочастотных колебаний. Инвариантные торы, М., 1987; [2] B roer H. W. [a. o.], «mem. Amer. Math. Soc.», 1990, v. 83, № 421; [3] А н и щ е н к о В. С., Сложные колебания в простых системах, М., 1990.</literature_orig>
    <unit>
      <author>Самойленко А. М.</author>
      <title>Элементы математической теории многочастотных колебаний. Инвариантные торы</title>
      <publication>М.</publication>
      <year>1987</year>
      <other/>
    </unit>
    <unit>
      <title>B roer H. W. [a. o.]</title>
      <publication/>
      <year>1990</year>
      <other>«mem. Amer. Math. Soc.», v. 83, № 421</other>
    </unit>
    <unit>
      <author>Анищенко В. С.</author>
      <title>Сложные колебания в простых системах</title>
      <publication>М.</publication>
      <year>1990</year>
      <other/>
    </unit>
  </literature>
  <formulas_main/>
  <formulas_aux>
    <formula uri="http://libmeta.ru/fme/formula/aux/1010_1_INVARIANTNYJ">n</formula>
    <formula uri="http://libmeta.ru/fme/formula/aux/1010_2_INVARIANTNYJ">t^{n}=(\mathbb{r} / 2 \pi \mathbb{Z})^{n}</formula>
    <formula uri="http://libmeta.ru/fme/formula/aux/1010_3_INVARIANTNYJ">v</formula>
    <formula uri="http://libmeta.ru/fme/formula/aux/1010_4_INVARIANTNYJ">d x / d t=V(x))</formula>
    <formula uri="http://libmeta.ru/fme/formula/aux/1010_5_INVARIANTNYJ">n=1</formula>
    <formula uri="http://libmeta.ru/fme/formula/aux/1010_6_INVARIANTNYJ">n</formula>
    <formula uri="http://libmeta.ru/fme/formula/aux/1010_7_INVARIANTNYJ">n \geqslant 2</formula>
    <formula uri="http://libmeta.ru/fme/formula/aux/1010_8_INVARIANTNYJ">n \geqslant 1</formula>
    <formula uri="http://libmeta.ru/fme/formula/aux/1010_9_INVARIANTNYJ">t^{n}</formula>
    <formula uri="http://libmeta.ru/fme/formula/aux/1010_10_INVARIANTNYJ">t^{n-1}</formula>
    <formula uri="http://libmeta.ru/fme/formula/aux/1010_11_INVARIANTNYJ">n</formula>
    <formula uri="http://libmeta.ru/fme/formula/aux/1010_12_INVARIANTNYJ">n \geqslant n</formula>
    <formula uri="http://libmeta.ru/fme/formula/aux/1010_13_INVARIANTNYJ">n</formula>
    <formula uri="http://libmeta.ru/fme/formula/aux/1010_14_INVARIANTNYJ">2 N \geqslant 2 n</formula>
    <formula uri="http://libmeta.ru/fme/formula/aux/1010_15_INVARIANTNYJ">n</formula>
    <formula uri="http://libmeta.ru/fme/formula/aux/1010_16_INVARIANTNYJ">n</formula>
    <formula uri="http://libmeta.ru/fme/formula/aux/1010_17_INVARIANTNYJ">2 n</formula>
    <formula uri="http://libmeta.ru/fme/formula/aux/1010_18_INVARIANTNYJ">(n+1)</formula>
    <formula uri="http://libmeta.ru/fme/formula/aux/1010_19_INVARIANTNYJ">n</formula>
  </formulas_aux>
  <relations n="0"/>
  <text>инвариантное многообразие динамической системы (отображения или фазового потока векторного поля), диффеоморфное или гомеоморфное $URI[[http://libmeta.ru/fme/formula/aux/1010_1_INVARIANTNYJ]]/URI$-мерному тору $URI[[http://libmeta.ru/fme/formula/aux/1010_2_INVARIANTNYJ]]/URI$. И. т. служит математич. описанием колебательных процессов в динамич. системах.

Простейшим примером И. т. является замкнутая траектория фазового потока векторного поля $URI[[http://libmeta.ru/fme/formula/aux/1010_3_INVARIANTNYJ]]/URI$ (то есть периодич. решение дифференциального уравнения $URI[[http://libmeta.ru/fme/formula/aux/1010_4_INVARIANTNYJ]]/URI$. Для общей теории И.т. этот пример нехарактерен, так как большинство аспектов этой теории в размерности $URI[[http://libmeta.ru/fme/formula/aux/1010_5_INVARIANTNYJ]]/URI$ для потоков становятся тривиальными. Поэтому, как правило, в общей теории И. т. рассматривают $URI[[http://libmeta.ru/fme/formula/aux/1010_6_INVARIANTNYJ]]/URI$-мерные И. т. потоков при $URI[[http://libmeta.ru/fme/formula/aux/1010_7_INVARIANTNYJ]]/URI$ и отображений при $URI[[http://libmeta.ru/fme/formula/aux/1010_8_INVARIANTNYJ]]/URI$. С помощью перехода сечению Пуанкаре изучение И. т. $URI[[http://libmeta.ru/fme/formula/aux/1010_9_INVARIANTNYJ]]/URI$ фазового потока часто можно свести к изучению И. т. $URI[[http://libmeta.ru/fme/formula/aux/1010_10_INVARIANTNYJ]]/URI$ соответствующего отображения Пуанкаре. Другим простейшим примером И. т., тоже исключительным, являются И. т. в линейных системах.

В теории И. т. рассматриваются следующие вопросы: условия существования И. т. и устойчивость И.т. при малых шевелениях системы, поведение траекторий на И. т. и в его окрестности, бифуркации И. т. и семейств И. т.

Свойства И. т. резко различаются в динамич. системах с той или иной симметрией (напр., в гамильтоновых или обратимых системах) и в системах общего вида.

$URI[[http://libmeta.ru/fme/formula/aux/1010_11_INVARIANTNYJ]]/URI$-мерные И. т. гамильтоновых систем с $URI[[http://libmeta.ru/fme/formula/aux/1010_12_INVARIANTNYJ]]/URI$ степенями свободы (или $URI[[http://libmeta.ru/fme/formula/aux/1010_13_INVARIANTNYJ]]/URI$-мерные И. т. обратимых систем с фазовым пространством размерности $URI[[http://libmeta.ru/fme/formula/aux/1010_14_INVARIANTNYJ]]/URI$, пересекающие $URI[[http://libmeta.ru/fme/formula/aux/1010_15_INVARIANTNYJ]]/URI$-мерное многообразие неподвижных точек обращающей инволюции) присутствуют в фазовом пространстве, как правило, в большом количестве, образуя $URI[[http://libmeta.ru/fme/formula/aux/1010_16_INVARIANTNYJ]]/URI$-параметрич. канторовы семейства, и $URI[[http://libmeta.ru/fme/formula/aux/1010_17_INVARIANTNYJ]]/URI$-мерная мера объединения всех И.т. из данного семейства положительна. Движение на этих И.т. условно-периодично с сильно несоизмеримыми частотами. Гладкость И. т. лишь незначительно ниже гладкости самой системы, и если последняя бесконечно дифференцируема или аналитична, то таковы и И. т. (см. Kam-теория).

Напротив, И. т. систем общего вида встречаются в фазовом пространстве, как правило, изолированно. Движение на этих И. т. не является, вообще говоря, условно-периодическим, и они часто имеют лишь конечную гладкость, даже если сама система бесконечно дифференцируема или аналитична.

Одной из широко распространенных бифуркаций И. т. является рождение $URI[[http://libmeta.ru/fme/formula/aux/1010_18_INVARIANTNYJ]]/URI$-мерных И. т. из $URI[[http://libmeta.ru/fme/formula/aux/1010_19_INVARIANTNYJ]]/URI$-мерных, напр. двумерного И. т. из предельного цикла. При другой типичной бифуркации И. т. постепенно теряет гладкость, превращается в странный аттрактор, оставаясь уже лишь топологич. подмногообразием фазового пространства, и, наконец, разрушается с возникновением стохастич. колебаний.</text>
  <text_orig>инвариантное многообразие динамической системы (отображения или фазового потока векторного поля), диффеоморфное или гомеоморфное $n$-мерному тору $T^{n}=(\mathbb{R} / 2 \pi \mathbb{Z})^{n}$. И. т. служит математич. описанием колебательных процессов в динамич. системах.

Простейшим примером И. т. является замкнутая траектория фазового потока векторного поля $V$ (то есть периодич. решение дифференциального уравнения $d x / d t=V(x))$. Для общей теории И.т. этот пример нехарактерен, так как большинство аспектов этой теории в размерности $n=1$ для потоков становятся тривиальными. Поэтому, как правило, в общей теории И. т. рассматривают $n$-мерные И. т. потоков при $n \geqslant 2$ и отображений при $n \geqslant 1$. С помощью перехода сечению Пуанкаре изучение И. т. $T^{n}$ фазового потока часто можно свести к изучению И. т. $T^{n-1}$ соответствующего отображения Пуанкаре. Другим простейшим примером И. т., тоже исключительным, являются И. т. в линейных системах.

В теории И. т. рассматриваются следующие вопросы: условия существования И. т. и устойчивость И.т. при малых шевелениях системы, поведение траекторий на И. т. и в его окрестности, бифуркации И. т. и семейств И. т.

Свойства И. т. резко различаются в динамич. системах с той или иной симметрией (напр., в гамильтоновых или обратимых системах) и в системах общего вида.

$n$-мерные И. т. гамильтоновых систем с $N \geqslant n$ степенями свободы (или $n$-мерные И. т. обратимых систем с фазовым пространством размерности $2 N \geqslant 2 n$, пересекающие $N$-мерное многообразие неподвижных точек обращающей инволюции) присутствуют в фазовом пространстве, как правило, в большом количестве, образуя $n$-параметрич. канторовы семейства, и $2 n$-мерная мера объединения всех И.т. из данного семейства положительна. Движение на этих И.т. условно-периодично с сильно несоизмеримыми частотами. Гладкость И. т. лишь незначительно ниже гладкости самой системы, и если последняя бесконечно дифференцируема или аналитична, то таковы и И. т. (см. KAM-теория).

Напротив, И. т. систем общего вида встречаются в фазовом пространстве, как правило, изолированно. Движение на этих И. т. не является, вообше говоря, условно-периодическим, и они часто имеют лишь конечную гладкость, даже если сама система бесконечно дифференцируема или аналитична.

Одной из широко распространенных бифуркаций И. т. является рождение $(n+1)$-мерных И. т. из $n$-мерных, напр. двумерного И. т. из предельного цикла. При другой типичной бифуркации И. т. постепенно теряет гладкость, превращается в странный аттрактор, оставаясь уже лишь топологич. подмногообразием фазового пространства, и, наконец, разрушается с возникновением стохастич. колебаний. Лum.: [1] С а м о йл е н к о А. М., Элементы математической теории многочастотных колебаний. Инвариантные торы, М., 1987; [2] B roer H. W. [a. o.], «Mem. Amer. Math. Soc.», 1990, v. 83, № 421; [3] А н и щ е н к о В. С., Сложные колебания в простых системах, М., 1990. М. Б. Севрюк.</text_orig>
</article>
