<?xml version="1.0" ?>
<article uri="http://libmeta.ru/fme/article/1013_INDEKSNYJ" alphabetic_pos="1015">
  <title>ИНДЕКСНЫЙ КЛАСС МАСЛОВА</title>
  <authors/>
  <pages>
    <start>215</start>
    <end>215</end>
  </pages>
  <literature>
    <literature_orig/>
  </literature>
  <formulas_main/>
  <formulas_aux/>
  <relations n="1">
    <relation uri="http://libmeta.ru/fme/relation/1013_1_INDEKSNYJ">
      <rel_text>Маслова канонический оператор</rel_text>
      <target>http://libmeta.ru/fme/article/1099_KANONIChESKIJ</target>
    </relation>
  </relations>
  <text>см. URI[[http://libmeta.ru/fme/relation/1013_1_INDEKSNYJ]]/URI.</text>
  <text_orig>см. Маслова канонический оператор.</text_orig>
</article>
