<?xml version="1.0" ?>
<article uri="http://libmeta.ru/fme/article/1014_INDEFINITNAJa" alphabetic_pos="1016">
  <title>ИНДЕФИНИТНАЯ МЕТРИКА</title>
  <authors>
    <author>A. И. Оксак</author>
  </authors>
  <pages>
    <start>215</start>
    <end>215</end>
  </pages>
  <literature>
    <literature_orig>Лит.: [1] Л а ндау Л. Д., Л и фш и Ц Е. М., Теория поля, 7 изд., М., 1988; [2] Р а ш е в с к и й П. К., Риманова геометрия и тензорный анализ, 3 изд., М., 1967; [3] Бо голюбо в Н. Н., Ш и рков Д. В., Введение в теорию квантованных полей, 4 изд., М., 1984; [4] Н а д ь К. Л., Пространства состояний с индефинитной метрикой в квантовой теории поля, пер. с англ., М., 1969; [5] А з и зо в Т.Я., Иохв идо в И. С., Основы теории линейных операторов в пространствах с индефинитной метрикой, М., $1986 . \quad$</literature_orig>
    <unit>
      <author>Ландау Л. Д.</author>
      <author>Лифши Ц Е. М.</author>
      <title>Теория поля</title>
      <publication>7 изд., М.</publication>
      <year>1988</year>
      <other/>
    </unit>
    <unit>
      <author>Рашевский П. К.</author>
      <title>Риманова геометрия и тензорный анализ</title>
      <publication>3 изд., М.</publication>
      <year>1967</year>
      <other/>
    </unit>
    <unit>
      <author>Боголюбов Н. Н.</author>
      <author>Ширков Д. В.</author>
      <title>Введение в теорию квантованных полей</title>
      <publication>4 изд., М.</publication>
      <year>1984</year>
      <other/>
    </unit>
    <unit>
      <author>Надь К. Л.</author>
      <title>Пространства состояний с индефинитной метрикой в квантовой теории поля</title>
      <publication>пер. с англ., М.</publication>
      <year>1969</year>
      <other/>
    </unit>
    <unit>
      <author>Азизов Т. Я.</author>
      <author>Иохвидов И. С.</author>
      <title>Основы теории линейных операторов в пространствах с индефинитной метрикой</title>
      <publication>М.</publication>
      <year>1986</year>
      <other/>
    </unit>
  </literature>
  <formulas_main>
    <formula uri="http://libmeta.ru/fme/formula/main/1014_1_INDEFINITNAJa">(\boldsymbol{x}, \boldsymbol{y})=\sum_{i, j} g_{i j} x^{i^{*}} y^{j}</formula>
    <formula uri="http://libmeta.ru/fme/formula/main/1014_2_INDEFINITNAJa">(\boldsymbol{x}, \boldsymbol{y})=\sum_{i, j} g_{i j} x^{i} y^{j}</formula>
  </formulas_main>
  <formulas_aux>
    <formula uri="http://libmeta.ru/fme/formula/aux/1014_1_INDEFINITNAJa">g \equiv\left\{g_{i j}\right\}-</formula>
  </formulas_aux>
  <relations n="0"/>
  <text>обобщение скалярного произведения, когда на него не накладывается условие положительной определенности. В конечномерном векторном пространстве индефинитное скалярное произведение в координатной записи дается формулой

\[
URI[[http://libmeta.ru/fme/formula/main/1014_1_INDEFINITNAJa]]/URI
\]

(в случае комплексного пространства, знак * означает комплексное сопряжение) или

\[
URI[[http://libmeta.ru/fme/formula/main/1014_2_INDEFINITNAJa]]/URI
\]

(в случае вещественного пространства); здесь $URI[[http://libmeta.ru/fme/formula/aux/1014_1_INDEFINITNAJa]]/URI$ невырожденная эрмитова матрица (в комплексном случае) или невырожденная вещественная симметричная матрица (в вещественном случае). Вещественные пространства с И. м. называются также псевдоевклидовым и п ро с транствами; важнейшим физич. примером является Минковского пространство-время (пространство-время специальной теории относительности). Псевдориманова геометрия (построенная по типу римановой, но с И. м.) лежит в основе математич. аппарата общей теории относительности (теории тяготения Эйнштейна - Гильберта). Комплексные пространства с И. м. (называемые п с е в д о г и л ь 6 е р товыми пространствами) находят применение в квантовой теории поля.

См. также Пространство с индефинитной метрикой.</text>
  <text_orig>обобщение скалярного произведения, когда на него не накладывается условие положительной определенности. В конечномерном векторном пространстве индефинитное скалярное произведение в координатной записи дается формулой

\[
(\boldsymbol{x}, \boldsymbol{y})=\sum_{i, j} g_{i j} x^{i^{*}} y^{j}
\]

(в случае комплексного пространства, знак * означает комплексное сопряжение) или

\[
(\boldsymbol{x}, \boldsymbol{y})=\sum_{i, j} g_{i j} x^{i} y^{j}
\]

(в случае вещественного пространства); здесь $g \equiv\left\{g_{i j}\right\}-$ невырожденная эрмитова матрица (в комплексном случае) или невырожденная вещественная симметричная матрица (в вещественном случае). Вещественные пространства с И. м. называются также псевдоевклидовым и п ро с транствами; важнейшим физич. примером является Минковского пространство-время (пространство-время специальной теории относительности). Псевдориманова геометрия (построенная по типу римановой, но с И. м.) лежит в основе математич. аппарата общей теории относительности (теории тяготения Эйнштейна - Гильберта). Комплексные пространства с И. м. (называемые п с е в д о г и л ь 6 е р товыми пространствами) находят применение в квантовой теории поля.

См. также Пространство с индефинитной метрикой.

Лит.: [1] Л а ндау Л. Д., Л и фш и Ц Е. М., Теория поля, 7 изд., М., 1988; [2] Р а ш е в с к и й П. К., Риманова геометрия и тензорный анализ, 3 изд., М., 1967; [3] Бо голюбо в Н. Н., Ш и рков Д. В., Введение в теорию квантованных полей, 4 изд., М., 1984; [4] Н а д ь К. Л., Пространства состояний с индефинитной метрикой в квантовой теории поля, пер. с англ., М., 1969; [5] А з и зо в Т.Я., Иохв идо в И. С., Основы теории линейных операторов в пространствах с индефинитной метрикой, М., $1986 . \quad$ A. И. Оксак.</text_orig>
</article>
