<?xml version="1.0" ?>
<article uri="http://libmeta.ru/fme/article/1017_INERTNAJa" alphabetic_pos="1019">
  <title>ИНЕРТНАЯ МАССА, ИНЕРЦИАЛЬНАЯ МАССА</title>
  <authors/>
  <pages>
    <start>215</start>
    <end>215</end>
  </pages>
  <literature>
    <literature_orig/>
  </literature>
  <formulas_main/>
  <formulas_aux/>
  <relations n="0"/>
  <text>мера способности тела сопротивляться ускорению: при заданной силе ускорение обратно пропорционально И. м.

См. также Macca.</text>
  <text_orig>мера способности тела сопротивляться ускорению: при заданной силе ускорение обратно пропорционально И. м.

См. также Macca.</text_orig>
</article>
