<?xml version="1.0" ?>
<article uri="http://libmeta.ru/fme/article/1019_INERTsIAL'NAJa" alphabetic_pos="1021">
  <title>ИНЕРЦИАЛЬНАЯ СИСТЕМА ОТСЧЕТА</title>
  <authors/>
  <pages>
    <start>215</start>
    <end>215</end>
  </pages>
  <literature>
    <literature_orig/>
  </literature>
  <formulas_main/>
  <formulas_aux/>
  <relations n="0"/>
  <text>система отсчета, в которой справедлив закон инерции: материальная точка, когда на нее не действуют никакие силы (или действуют силы взаимно уравновешенные), находится в состоянии покоя или равномерного прямолинейного движения. Всякая система отсчета, движущаяся по отношению к И.с.о. поступательно, равномерно и прямолинейно, есть также И. с. о. Следовательно, теоретически может существовать любое число равноправных И.с. о., обладающих тем важным свойством, что во всех таких системах законы физики одинаковы (п ринцип относительности). Система отсчета, движущаяся по отношению к И.с.о. с ускорением, неинерциальна, и закон инерции в ней не выполняется.

Понятие И. с. о. является научной абстракцией. Реальная система отсчета всегда связывается с каким-нибудь конкретным телом (землей, корпусом корабля или самолета и т. П.), по отношению к к-рому и изучается движение различных объектов. Поскольку все реальные тела движутся с тем или иным ускорением, любая реальная система отсчета может рассматриваться как И.с. о. лишь с определенной степенью приближения. С очень высокой степенью точности инерциальной можно считать гелиоцентрич. систему, связанную с центром масс Солнечной системы и с осями, направленными на три далекие звезды. Такая И.с.о. используется главным образом в задачах небесной механики и космонавтики. Для решения большинства технич. задач И. с. о. можно считать систему, жестко связанную с Землей, а в случаях, требующих большей точности (напр., в гироскопии),- с центром масс Земли и осями, направленными на далекие звезды.

При переходе от одной И. с. о. к другой в классич. механике Ньютона для пространственных координат и времени справедливы Галилея преобразования, а в релятивистской механике - Лоренца преобразования.</text>
  <text_orig>система omсчета, в которой справедлив закон инерции: материальная точка, когда на нее не действуют никакие силы (или действуют силы взаимно уравновешенные), находится в состоянии покоя или равномерного прямолинейного движения. Всякая система отсчета, движущаяся по отношению к И.с.о. поступательно, равномерно и прямолинейно, есть также И. с. о. Следовательно, теоретически может существовать любое число равноправных И.с. о., обладающих тем важным свойством, что во всех таких системах законы физики одинаковы (п ринцип относительности). Система отсчета, движущаяся по отношению к И.с.о. с ускорением, неинерциальна, и закон инерции в ней не выполняется.

Понятие И. с. о. является научной абстракцией. Реальная система отсчета всегда связывается с каким-нибудь конкретным телом (землей, корпусом корабля или самолета и т. П.), по отношению к к-рому и изучается движение различных объектов. Поскольку все реальные тела движутся с тем или иным ускорением, любая реальная система отсчета может рассматриваться как И.с. о. лишь с определенной степенью приближения. С очень высокой степенью точности инерциальной можно считать гелиоцентрич. систему, связанную с центром масс Солнечной системы и с осями, направленными на три далекие звезды. Такая И.с.о. используется главным образом в задачах небесной механики и космонавтики. Для решения большинства технич. задач И. с. о. можно считать систему, жестко связанную с Землей, а в случаях, требуюших большей точности (напр., в гироскопии),- с центром масс Земли и осями, направленными на далекие звезды.

При переходе от одной И. с. о. к другой в классич. механике Ньютона для пространственных координат и времени справедливы Галилея преобразования, а в релятивистской механике - Лоренца преобразования.</text_orig>
</article>
