<?xml version="1.0" ?>
<article uri="http://libmeta.ru/fme/article/101_ANTISOLITO" alphabetic_pos="101">
  <title>АНТИСОЛИТОН</title>
  <authors/>
  <pages>
    <start>29</start>
    <end>29</end>
  </pages>
  <literature>
    <literature_orig/>
  </literature>
  <formulas_main/>
  <formulas_aux/>
  <relations n="1">
    <relation uri="http://libmeta.ru/fme/relation/101_1_ANTISOLITO">
      <rel_text>Кинк</rel_text>
      <target>http://libmeta.ru/fme/article/1232_KIN</target>
    </relation>
  </relations>
  <text>см. URI[[http://libmeta.ru/fme/relation/101_1_ANTISOLITO]]/URI.</text>
  <text_orig>см. Кинк.</text_orig>
</article>
