<?xml version="1.0" ?>
<article uri="http://libmeta.ru/fme/article/1020_INERTsII" alphabetic_pos="1022">
  <title>ИНЕРЦИИ ТЕНЗОР</title>
  <authors/>
  <pages>
    <start>215</start>
    <end>215</end>
  </pages>
  <literature>
    <literature_orig/>
  </literature>
  <formulas_main/>
  <formulas_aux/>
  <relations n="2">
    <relation uri="http://libmeta.ru/fme/relation/1020_1_INERTsII">
      <rel_text>Момент инерции</rel_text>
      <target>http://libmeta.ru/fme/article/1817_MOMENT</target>
    </relation>
    <relation uri="http://libmeta.ru/fme/relation/1020_2_INERTsII">
      <rel_text>Механика</rel_text>
      <target>http://libmeta.ru/fme/article/1777_MEHANIK</target>
    </relation>
  </relations>
  <text>см. URI[[http://libmeta.ru/fme/relation/1020_2_INERTsII]]/URI, URI[[http://libmeta.ru/fme/relation/1020_1_INERTsII]]/URI.</text>
  <text_orig>см. Механика, Момент инерции.</text_orig>
</article>
