<?xml version="1.0" ?>
<article uri="http://libmeta.ru/fme/article/1023_INSTRUMEN" alphabetic_pos="1025">
  <title>ИНСТРУМЕНТ</title>
  <authors>
    <author>А. С. Холево</author>
  </authors>
  <pages>
    <start>217</start>
    <end>217</end>
  </pages>
  <literature>
    <literature_orig/>
  </literature>
  <formulas_main>
    <formula uri="http://libmeta.ru/fme/formula/main/1023_1_INSTRUMEN">\operatorname{Tr} . \mu(X)[T]=\operatorname{Tr} T</formula>
    <formula uri="http://libmeta.ru/fme/formula/main/1023_2_INSTRUMEN">\cdot \mu\left(\bigcup_{i} B_{i}\right)[T]=\sum_{i} \cdot \boldsymbol{\mu}\left(B_{i}\right)[T]</formula>
    <formula uri="http://libmeta.ru/fme/formula/main/1023_3_INSTRUMEN">\mu_{\rho}(B)=\operatorname{Tr} \cdot \mu(B)[\rho]</formula>
    <formula uri="http://libmeta.ru/fme/formula/main/1023_4_INSTRUMEN">\mu_{\rho}(B)=\operatorname{Tr} \rho M(B) ; B \in \mathscr{B}(X) .</formula>
    <formula uri="http://libmeta.ru/fme/formula/main/1023_5_INSTRUMEN">\mu(B)[T]=\int_{B} A(x) T A(x)^{*} \mu(d x),</formula>
    <formula uri="http://libmeta.ru/fme/formula/main/1023_6_INSTRUMEN">\int_{X} A(x)^{*} A(x) \mu(d x)=I .</formula>
  </formulas_main>
  <formulas_aux>
    <formula uri="http://libmeta.ru/fme/formula/aux/1023_1_INSTRUMEN">h</formula>
    <formula uri="http://libmeta.ru/fme/formula/aux/1023_2_INSTRUMEN">x</formula>
    <formula uri="http://libmeta.ru/fme/formula/aux/1023_3_INSTRUMEN">\sigma</formula>
    <formula uri="http://libmeta.ru/fme/formula/aux/1023_4_INSTRUMEN">\re(x)</formula>
    <formula uri="http://libmeta.ru/fme/formula/aux/1023_5_INSTRUMEN">\mu(\cdot)</formula>
    <formula uri="http://libmeta.ru/fme/formula/aux/1023_6_INSTRUMEN">b \in \mathscr{B}(X)</formula>
    <formula uri="http://libmeta.ru/fme/formula/aux/1023_7_INSTRUMEN">\boldsymbol{a}(b)</formula>
    <formula uri="http://libmeta.ru/fme/formula/aux/1023_8_INSTRUMEN">\mathscr{m}(x)-</formula>
    <formula uri="http://libmeta.ru/fme/formula/aux/1023_9_INSTRUMEN">t</formula>
    <formula uri="http://libmeta.ru/fme/formula/aux/1023_10_INSTRUMEN">h</formula>
    <formula uri="http://libmeta.ru/fme/formula/aux/1023_11_INSTRUMEN">\mathscr{\mu}(\cdot) \sigma</formula>
    <formula uri="http://libmeta.ru/fme/formula/aux/1023_12_INSTRUMEN">b_{i} \in \Re(X)</formula>
    <formula uri="http://libmeta.ru/fme/formula/aux/1023_13_INSTRUMEN">\rho-</formula>
    <formula uri="http://libmeta.ru/fme/formula/aux/1023_14_INSTRUMEN">b</formula>
    <formula uri="http://libmeta.ru/fme/formula/aux/1023_15_INSTRUMEN">\|(b)[\rho] / \operatorname{Tr} \mathscr{M}(B)[\rho]</formula>
    <formula uri="http://libmeta.ru/fme/formula/aux/1023_16_INSTRUMEN">\rho \rightarrow . \mu(X)[\rho]</formula>
    <formula uri="http://libmeta.ru/fme/formula/aux/1023_17_INSTRUMEN">\mu(b)^{*} ; B \in \mathscr{B}(X)</formula>
    <formula uri="http://libmeta.ru/fme/formula/aux/1023_18_INSTRUMEN">\mathscr{\mu}(b)^{*}-</formula>
    <formula uri="http://libmeta.ru/fme/formula/aux/1023_19_INSTRUMEN">(b)</formula>
    <formula uri="http://libmeta.ru/fme/formula/aux/1023_20_INSTRUMEN">\mathcal{\&amp;}(\boldsymbol{h})</formula>
    <formula uri="http://libmeta.ru/fme/formula/aux/1023_21_INSTRUMEN">h</formula>
    <formula uri="http://libmeta.ru/fme/formula/aux/1023_22_INSTRUMEN">\boldsymbol{\lambda}(x)^{*}[i]=i</formula>
    <formula uri="http://libmeta.ru/fme/formula/aux/1023_23_INSTRUMEN">i-</formula>
    <formula uri="http://libmeta.ru/fme/formula/aux/1023_24_INSTRUMEN">h</formula>
    <formula uri="http://libmeta.ru/fme/formula/aux/1023_25_INSTRUMEN">m(b)</formula>
    <formula uri="http://libmeta.ru/fme/formula/aux/1023_26_INSTRUMEN">b \in \mathcal{B}(X)</formula>
    <formula uri="http://libmeta.ru/fme/formula/aux/1023_27_INSTRUMEN">m(b)=\mathscr{\mu}(b)^{*}[i]</formula>
    <formula uri="http://libmeta.ru/fme/formula/aux/1023_28_INSTRUMEN">\mathscr{\mu}(b)^{*}-</formula>
    <formula uri="http://libmeta.ru/fme/formula/aux/1023_29_INSTRUMEN">b \in \mathscr{B}(X)</formula>
    <formula uri="http://libmeta.ru/fme/formula/aux/1023_30_INSTRUMEN">a(x), x \in X</formula>
    <formula uri="http://libmeta.ru/fme/formula/aux/1023_31_INSTRUMEN">\mu(d x)</formula>
    <formula uri="http://libmeta.ru/fme/formula/aux/1023_32_INSTRUMEN">x</formula>
  </formulas_aux>
  <relations n="2">
    <relation uri="http://libmeta.ru/fme/relation/1023_1_INSTRUMEN">
      <rel_text>Квантовое измерение</rel_text>
      <target>http://libmeta.ru/fme/article/1188_KVANTOVOE</target>
    </relation>
    <relation uri="http://libmeta.ru/fme/relation/1023_2_INSTRUMEN">
      <rel_text>Воспроизводимости гипотеза</rel_text>
      <target>http://libmeta.ru/fme/article/454_VOSPROIZVODIMOSTI</target>
    </relation>
  </relations>
  <text>одно из основных понятий современной статистической теории квантового измерения. Понятие «и.» формализует наиболее общие правила изменения состояния при измерении, совместимые с вероятностной интерпретацией квантовой механики, и позволяет снять ряд трудностей в ее стандартной формулировке (см. URI[[http://libmeta.ru/fme/relation/1023_2_INSTRUMEN]]/URI, URI[[http://libmeta.ru/fme/relation/1023_1_INSTRUMEN]]/URI).

Пусть $URI[[http://libmeta.ru/fme/formula/aux/1023_1_INSTRUMEN]]/URI$ - гильбертово пространство квантовой системы, $URI[[http://libmeta.ru/fme/formula/aux/1023_2_INSTRUMEN]]/URI$ - измеримое пространство с $URI[[http://libmeta.ru/fme/formula/aux/1023_3_INSTRUMEN]]/URI$-алгеброй измеримых подмножеств $URI[[http://libmeta.ru/fme/formula/aux/1023_4_INSTRUMEN]]/URI$ (множество возможных исходов измерения). Инст руме нтом называется функция множеств $URI[[http://libmeta.ru/fme/formula/aux/1023_5_INSTRUMEN]]/URI$, сопоставляющая любому измеримому множеству $URI[[http://libmeta.ru/fme/formula/aux/1023_6_INSTRUMEN]]/URI$ операцию . $URI[[http://libmeta.ru/fme/formula/aux/1023_7_INSTRUMEN]]/URI$ таким образом, что:

1) $URI[[http://libmeta.ru/fme/formula/aux/1023_8_INSTRUMEN]]/URI$ неселективная операция, то есть

\[
URI[[http://libmeta.ru/fme/formula/main/1023_1_INSTRUMEN]]/URI
\]

для любого ядерного оператора $URI[[http://libmeta.ru/fme/formula/aux/1023_9_INSTRUMEN]]/URI$ в $URI[[http://libmeta.ru/fme/formula/aux/1023_10_INSTRUMEN]]/URI$;

2) $URI[[http://libmeta.ru/fme/formula/aux/1023_11_INSTRUMEN]]/URI$-аддитивна, то есть

\[
URI[[http://libmeta.ru/fme/formula/main/1023_2_INSTRUMEN]]/URI
\]

для любого конечного или счетного набора попарно непересекающихся множеств $URI[[http://libmeta.ru/fme/formula/aux/1023_12_INSTRUMEN]]/URI$, где ряд сходится по ядерной норме. Если $URI[[http://libmeta.ru/fme/formula/aux/1023_13_INSTRUMEN]]/URI$ плотности оператор, описывающий состояние системы (статистич. ансамбль) перед измерением, то вероятность события, что исход измерения попадает в множество $URI[[http://libmeta.ru/fme/formula/aux/1023_14_INSTRUMEN]]/URI$, равна

\[
URI[[http://libmeta.ru/fme/formula/main/1023_3_INSTRUMEN]]/URI
\]

При этом состояние доли статистич. ансамбля, для к-рой это событие выполняется, описывается оператором плотности . $URI[[http://libmeta.ru/fme/formula/aux/1023_15_INSTRUMEN]]/URI$. В частности, изменение состояния всего статистич. ансамбля задается отображением $URI[[http://libmeta.ru/fme/formula/aux/1023_16_INSTRUMEN]]/URI$.

Сопряжен ным инст ру ме н том называется функция множеств $URI[[http://libmeta.ru/fme/formula/aux/1023_17_INSTRUMEN]]/URI$, где $URI[[http://libmeta.ru/fme/formula/aux/1023_18_INSTRUMEN]]/URI$ сопряженное к.M $URI[[http://libmeta.ru/fme/formula/aux/1023_19_INSTRUMEN]]/URI$ линейное положительное нормальное отображение алгебры $URI[[http://libmeta.ru/fme/formula/aux/1023_20_INSTRUMEN]]/URI$ ограниченных операторов в $URI[[http://libmeta.ru/fme/formula/aux/1023_21_INSTRUMEN]]/URI$. Условие 1) принимает вид. $URI[[http://libmeta.ru/fme/formula/aux/1023_22_INSTRUMEN]]/URI$, где $URI[[http://libmeta.ru/fme/formula/aux/1023_23_INSTRUMEN]]/URI$ единичный оператор в $URI[[http://libmeta.ru/fme/formula/aux/1023_24_INSTRUMEN]]/URI$. С каждым И. связано разложение единицы $URI[[http://libmeta.ru/fme/formula/aux/1023_25_INSTRUMEN]]/URI$; $URI[[http://libmeta.ru/fme/formula/aux/1023_26_INSTRUMEN]]/URI$, где $URI[[http://libmeta.ru/fme/formula/aux/1023_27_INSTRUMEN]]/URI$, задающее распределение вероятностей исходов измерения по формуле

\[
URI[[http://libmeta.ru/fme/formula/main/1023_4_INSTRUMEN]]/URI
\]

Основной интерес представляют вполне положи тельные инструменты, для к-рых $URI[[http://libmeta.ru/fme/formula/aux/1023_28_INSTRUMEN]]/URI$ вполне положительное отображение для любого $URI[[http://libmeta.ru/fme/formula/aux/1023_29_INSTRUMEN]]/URI$. Такие И. соответствуют процессам косвенного измерения в квантовой механике. Общий пример вполне положительного И. дается формулой

\[
URI[[http://libmeta.ru/fme/formula/main/1023_5_INSTRUMEN]]/URI
\]

где $URI[[http://libmeta.ru/fme/formula/aux/1023_30_INSTRUMEN]]/URI$,- семейство операторов, $URI[[http://libmeta.ru/fme/formula/aux/1023_31_INSTRUMEN]]/URI$ - мера на $URI[[http://libmeta.ru/fme/formula/aux/1023_32_INSTRUMEN]]/URI$, удовлетворяющие условию

\[
URI[[http://libmeta.ru/fme/formula/main/1023_6_INSTRUMEN]]/URI
\]</text>
  <text_orig>одно из основных понятий современной статистической теории квантового измерения. Понятие «И.» формализует наиболее общие правила изменения состояния при измерении, совместимые с вероятностной интерпретацией квантовой механики, и позволяет снять ряд трудностей в ее стандартной формулировке (см. Воспроизводимости гипотеза, Квантовое измерение).

Пусть $H$ - гильбертово пространство квантовой системы, $X$ - измеримое пространство с $\sigma$-алгеброй измеримых подмножеств $\Re(X)$ (множество возможных исходов измерения). Инст руме нтом называется функция множеств $\mu(\cdot)$, сопоставляющая любому измеримому множеству $B \in \mathscr{B}(X)$ операцию . $\boldsymbol{A}(B)$ таким образом, что:

1) $\mathscr{M}(X)-$ неселективная операция, то есть

\[
\operatorname{Tr} . \mu(X)[T]=\operatorname{Tr} T
\]

для любого ядерного оператора $T$ в $H$;

2) $\mathscr{\mu}(\cdot) \sigma$-аддитивна, то есть

\[
\cdot \mu\left(\bigcup_{i} B_{i}\right)[T]=\sum_{i} \cdot \boldsymbol{\mu}\left(B_{i}\right)[T]
\]

для любого конечного или счетного набора попарно непересекающихся множеств $B_{i} \in \Re(X)$, где ряд сходится по ядерной норме. Если $\rho-$ плотности оператор, описывающий состояние системы (статистич. ансамбль) перед измерением, то вероятность события, что исход измерения попадает в множество $B$, равна

\[
\mu_{\rho}(B)=\operatorname{Tr} \cdot \mu(B)[\rho]
\]

При этом состояние доли статистич. ансамбля, для к-рой это событие выполняется, описывается оператором плотности . $\|(B)[\rho] / \operatorname{Tr} \mathscr{M}(B)[\rho]$. В частности, изменение состояния всего статистич. ансамбля задается отображением $\rho \rightarrow . \mu(X)[\rho]$.

Сопряжен ным инст ру ме н том называется функция множеств $\mu(B)^{*} ; B \in \mathscr{B}(X)$, где $\mathscr{\mu}(B)^{*}-$ сопряженное к.M $(B)$ линейное положительное нормальное отображение алгебры $\mathcal{\&amp;}(\boldsymbol{H})$ ограниченных операторов в $H$. Условие 1) принимает вид. $\boldsymbol{\Lambda}(X)^{*}[I]=I$, где $I-$ единичный оператор в $H$. С каждым И. связано разложение единицы $M(B)$; $B \in \mathcal{B}(X)$, где $M(B)=\mathscr{\mu}(B)^{*}[I]$, задающее распределение вероятностей исходов измерения по формуле

\[
\mu_{\rho}(B)=\operatorname{Tr} \rho M(B) ; B \in \mathscr{B}(X) .
\]

Основной интерес представляют вполне положи тельные инструменты, для к-рых $\mathscr{\mu}(B)^{*}-$ вполне положительное отображение для любого $B \in \mathscr{B}(X)$. Такие И. соответствуют процессам косвенного измерения в квантовой механике. Общий пример вполне положительного И. дается формулой

\[
\mu(B)[T]=\int_{B} A(x) T A(x)^{*} \mu(d x),
\]

где $A(x), x \in X$,- семейство операторов, $\mu(d x)$ - мера на $X$, удовлетворяющие условию

\[
\int_{X} A(x)^{*} A(x) \mu(d x)=I .
\]

А. С. Холево.</text_orig>
</article>
