<?xml version="1.0" ?>
<article uri="http://libmeta.ru/fme/article/1024_INTEGRAL" alphabetic_pos="1026">
  <title>ИНТЕГРАЛ ВЕРОЯТНОСТИ</title>
  <authors/>
  <pages>
    <start>217</start>
    <end>217</end>
  </pages>
  <literature>
    <literature_orig/>
  </literature>
  <formulas_main/>
  <formulas_aux/>
  <relations n="1">
    <relation uri="http://libmeta.ru/fme/relation/1024_1_INTEGRAL">
      <rel_text>Интегральные функции</rel_text>
      <target>http://libmeta.ru/fme/article/1034_INTEGRAL'NYE</target>
    </relation>
  </relations>
  <text>см. URI[[http://libmeta.ru/fme/relation/1024_1_INTEGRAL]]/URI.</text>
  <text_orig>см. Интегральные функции.</text_orig>
</article>
