<?xml version="1.0" ?>
<article uri="http://libmeta.ru/fme/article/1026_INTEGRAL" alphabetic_pos="1028">
  <title>ИНТЕГРАЛ ПО ТРАЕКТОРИЯМ</title>
  <authors/>
  <pages>
    <start>217</start>
    <end>217</end>
  </pages>
  <literature>
    <literature_orig/>
  </literature>
  <formulas_main/>
  <formulas_aux/>
  <relations n="0"/>
  <text>то Же, что функциональный интеграл, или континуальный интеграл.</text>
  <text_orig>то Же, что функциональный интеграл, или континуальный интеграл.</text_orig>
</article>
