<?xml version="1.0" ?>
<article uri="http://libmeta.ru/fme/article/1029_INTEGRAL'NAJa" alphabetic_pos="1031">
  <title>ИНТЕГРАЛЬНАЯ КРИВАЯ</title>
  <authors>
    <author>В. И. Битюиков</author>
  </authors>
  <pages>
    <start>218</start>
    <end>218</end>
  </pages>
  <literature>
    <literature_orig/>
  </literature>
  <formulas_main/>
  <formulas_aux/>
  <relations n="0"/>
  <text>график решения дифференциального уравнения или системы дифференциальных уравнений.</text>
  <text_orig>график решения дифференциального уравнения или системы дифференциальных уравнений. В. И. Битюиков.</text_orig>
</article>
