<?xml version="1.0" ?>
<article uri="http://libmeta.ru/fme/article/1032_INTEGRAL'NOE" alphabetic_pos="1034">
  <title>ИНТЕГРАЛЬНОЕ МНОГООБРАЗИЕ</title>
  <authors>
    <author>C. А. Табачников</author>
  </authors>
  <pages>
    <start>218</start>
    <end>218</end>
  </pages>
  <literature>
    <literature_orig/>
  </literature>
  <formulas_main/>
  <formulas_aux>
    <formula uri="http://libmeta.ru/fme/formula/aux/1032_1_INTEGRAL'NOE">k</formula>
    <formula uri="http://libmeta.ru/fme/formula/aux/1032_2_INTEGRAL'NOE">k</formula>
    <formula uri="http://libmeta.ru/fme/formula/aux/1032_3_INTEGRAL'NOE">1-</formula>
    <formula uri="http://libmeta.ru/fme/formula/aux/1032_4_INTEGRAL'NOE">\alpha</formula>
    <formula uri="http://libmeta.ru/fme/formula/aux/1032_5_INTEGRAL'NOE">\alpha \wedge d \alpha=0</formula>
    <formula uri="http://libmeta.ru/fme/formula/aux/1032_6_INTEGRAL'NOE">m^{2 n+1}</formula>
    <formula uri="http://libmeta.ru/fme/formula/aux/1032_7_INTEGRAL'NOE">n</formula>
  </formulas_aux>
  <relations n="0"/>
  <text>подмногообразие, касающееся распределения. $URI[[http://libmeta.ru/fme/formula/aux/1032_1_INTEGRAL'NOE]]/URI$-мерное распределение называется и нте гр и руемым (или слоен и м м), если через каждую точку многообразия проходит $URI[[http://libmeta.ru/fme/formula/aux/1032_2_INTEGRAL'NOE]]/URI$-мерное И. м. Необходимые и достаточные условия интегрируемости распределения в терминах задающих его 1-форм дает теорема Фробениуса. Для распределения коразмерности 1, заданного $URI[[http://libmeta.ru/fme/formula/aux/1032_3_INTEGRAL'NOE]]/URI$ формой $URI[[http://libmeta.ru/fme/formula/aux/1032_4_INTEGRAL'NOE]]/URI$, это условие: $URI[[http://libmeta.ru/fme/formula/aux/1032_5_INTEGRAL'NOE]]/URI$.

Максимальная размерность И. м. контактного распределения в $URI[[http://libmeta.ru/fme/formula/aux/1032_6_INTEGRAL'NOE]]/URI$ равна $URI[[http://libmeta.ru/fme/formula/aux/1032_7_INTEGRAL'NOE]]/URI$. Такие подмногообразия называются лежандровыми многообразиями.</text>
  <text_orig>поДМНогообразие, касающееся распределения. $k$-мерное распределение называется и нте гр и руемым (или слоен и м м), если через каждую точку многообразия проходит $k$-мерное И. м. Необходимые и достаточные условия интегрируемости распределения в терминах задающих его 1-форм дает теорема Фробениуса. Для распределения коразмерности 1, заданного $1-$ формой $\alpha$, это условие: $\alpha \wedge d \alpha=0$.

Максимальная размерность И. м. контактного распределения в $M^{2 n+1}$ равна $n$. Такие подмногообразия называются лежандровыми многообразиями.

C. А. Табачников</text_orig>
</article>
