<?xml version="1.0" ?>
<article uri="http://libmeta.ru/fme/article/1035_INTEGRAL'NYJ" alphabetic_pos="1037">
  <title>ИНТЕГРАЛЬНЫЙ ИНВАРИАНТ</title>
  <authors>
    <author>М. Э. Казарян</author>
  </authors>
  <pages>
    <start>222</start>
    <end>223</end>
  </pages>
  <literature>
    <literature_orig/>
  </literature>
  <formulas_main>
    <formula uri="http://libmeta.ru/fme/formula/main/1035_1_INTEGRAL'NYJ">\int_{\gamma_{1}} p d q-H d t=\int_{\gamma_{2}} p d q-H d t</formula>
  </formulas_main>
  <formulas_aux>
    <formula uri="http://libmeta.ru/fme/formula/aux/1035_1_INTEGRAL'NYJ">k</formula>
    <formula uri="http://libmeta.ru/fme/formula/aux/1035_2_INTEGRAL'NYJ">\omega</formula>
    <formula uri="http://libmeta.ru/fme/formula/aux/1035_3_INTEGRAL'NYJ">m</formula>
    <formula uri="http://libmeta.ru/fme/formula/aux/1035_4_INTEGRAL'NYJ">k</formula>
    <formula uri="http://libmeta.ru/fme/formula/aux/1035_5_INTEGRAL'NYJ">c</formula>
    <formula uri="http://libmeta.ru/fme/formula/aux/1035_6_INTEGRAL'NYJ">g: M \rightarrow M, \int_{g c} \omega=\int_{c} \omega</formula>
    <formula uri="http://libmeta.ru/fme/formula/aux/1035_7_INTEGRAL'NYJ">g^{*} \omega=\omega</formula>
    <formula uri="http://libmeta.ru/fme/formula/aux/1035_8_INTEGRAL'NYJ">\left(m^{2 n}, \omega\right)</formula>
    <formula uri="http://libmeta.ru/fme/formula/aux/1035_9_INTEGRAL'NYJ">g^{t}</formula>
    <formula uri="http://libmeta.ru/fme/formula/aux/1035_10_INTEGRAL'NYJ">h: M \times \Delta \rightarrow \mathbb{R}</formula>
    <formula uri="http://libmeta.ru/fme/formula/aux/1035_11_INTEGRAL'NYJ">\delta=\{t\}-</formula>
    <formula uri="http://libmeta.ru/fme/formula/aux/1035_12_INTEGRAL'NYJ">\gamma \subset M \times \Delta</formula>
    <formula uri="http://libmeta.ru/fme/formula/aux/1035_13_INTEGRAL'NYJ">m \times \Delta</formula>
    <formula uri="http://libmeta.ru/fme/formula/aux/1035_14_INTEGRAL'NYJ">\gamma_{1}</formula>
    <formula uri="http://libmeta.ru/fme/formula/aux/1035_15_INTEGRAL'NYJ">\gamma_{2}</formula>
    <formula uri="http://libmeta.ru/fme/formula/aux/1035_16_INTEGRAL'NYJ">p d q</formula>
    <formula uri="http://libmeta.ru/fme/formula/aux/1035_17_INTEGRAL'NYJ">p d q-H d t</formula>
    <formula uri="http://libmeta.ru/fme/formula/aux/1035_18_INTEGRAL'NYJ">g^{t}</formula>
    <formula uri="http://libmeta.ru/fme/formula/aux/1035_19_INTEGRAL'NYJ">p d q</formula>
    <formula uri="http://libmeta.ru/fme/formula/aux/1035_20_INTEGRAL'NYJ">p d q</formula>
    <formula uri="http://libmeta.ru/fme/formula/aux/1035_21_INTEGRAL'NYJ">\omega=d(p d q)</formula>
    <formula uri="http://libmeta.ru/fme/formula/aux/1035_22_INTEGRAL'NYJ">\omega^{1}, \omega^{2}, \ldots, \omega^{n}</formula>
    <formula uri="http://libmeta.ru/fme/formula/aux/1035_23_INTEGRAL'NYJ">f_{1}</formula>
    <formula uri="http://libmeta.ru/fme/formula/aux/1035_24_INTEGRAL'NYJ">\ldots, F_{m}</formula>
    <formula uri="http://libmeta.ru/fme/formula/aux/1035_25_INTEGRAL'NYJ">g^{t}</formula>
    <formula uri="http://libmeta.ru/fme/formula/aux/1035_26_INTEGRAL'NYJ">m_{f}=\left\{f_{i}=f_{i}, i=1, \ldots, m\right\}</formula>
    <formula uri="http://libmeta.ru/fme/formula/aux/1035_27_INTEGRAL'NYJ">d \sigma / V_{m}</formula>
    <formula uri="http://libmeta.ru/fme/formula/aux/1035_28_INTEGRAL'NYJ">d \sigma-</formula>
    <formula uri="http://libmeta.ru/fme/formula/aux/1035_29_INTEGRAL'NYJ">m_{f}</formula>
    <formula uri="http://libmeta.ru/fme/formula/aux/1035_30_INTEGRAL'NYJ">v_{m}-m</formula>
    <formula uri="http://libmeta.ru/fme/formula/aux/1035_31_INTEGRAL'NYJ">f_{1}, \ldots, \operatorname{grad} F_{m}</formula>
    <formula uri="http://libmeta.ru/fme/formula/aux/1035_32_INTEGRAL'NYJ">m</formula>
  </formulas_aux>
  <relations n="0"/>
  <text>дифференциальная $URI[[http://libmeta.ru/fme/formula/aux/1035_1_INTEGRAL'NYJ]]/URI$-форма $URI[[http://libmeta.ru/fme/formula/aux/1035_2_INTEGRAL'NYJ]]/URI$ на гладком многообразии $URI[[http://libmeta.ru/fme/formula/aux/1035_3_INTEGRAL'NYJ]]/URI$, интегралы от которой по некоторым $URI[[http://libmeta.ru/fme/formula/aux/1035_4_INTEGRAL'NYJ]]/URI$-мерным цепям $URI[[http://libmeta.ru/fme/formula/aux/1035_5_INTEGRAL'NYJ]]/URI$ сохраняются заданным диффеоморфизмом $URI[[http://libmeta.ru/fme/formula/aux/1035_6_INTEGRAL'NYJ]]/URI$. И. и. называется а бс олютны м, если сохраняются интегралы по всем цепям, что равносильно тому, что $URI[[http://libmeta.ru/fme/formula/aux/1035_7_INTEGRAL'NYJ]]/URI$. И. и. называется относ ительным, если сохраняются интегралы по замкнутым цепям.

Пусть на симплектич. многообразии $URI[[http://libmeta.ru/fme/formula/aux/1035_8_INTEGRAL'NYJ]]/URI$ задан гамильтонов поток $URI[[http://libmeta.ru/fme/formula/aux/1035_9_INTEGRAL'NYJ]]/URI$ с гамильтонианом $URI[[http://libmeta.ru/fme/formula/aux/1035_10_INTEGRAL'NYJ]]/URI$, где $URI[[http://libmeta.ru/fme/formula/aux/1035_11_INTEGRAL'NYJ]]/URI$ интервал оси времени. Поверхность $URI[[http://libmeta.ru/fme/formula/aux/1035_12_INTEGRAL'NYJ]]/URI$, составленная из фазовых траекторий, проходящих через нек-рую замкнутую гладкую кривую в расширенном фазовом пространстве $URI[[http://libmeta.ru/fme/formula/aux/1035_13_INTEGRAL'NYJ]]/URI$, называется трубкой траекторий.

Т е оре ма. Если две замкнутые кривые $URI[[http://libmeta.ru/fme/formula/aux/1035_14_INTEGRAL'NYJ]]/URI$ и $URI[[http://libmeta.ru/fme/formula/aux/1035_15_INTEGRAL'NYJ]]/URI$ охватывают одну и ту же трубку траекторий, то интегралы формы $URI[[http://libmeta.ru/fme/formula/aux/1035_16_INTEGRAL'NYJ]]/URI$ - Hdt по ним одинаковы:

\[
URI[[http://libmeta.ru/fme/formula/main/1035_1_INTEGRAL'NYJ]]/URI
\]

Форма $URI[[http://libmeta.ru/fme/formula/aux/1035_17_INTEGRAL'NYJ]]/URI$, определенная в пределах одной канонич. карты, называется Пуанкаре - Картана интегральным инвариантом.

С ле дствие. Фазовый поток $URI[[http://libmeta.ru/fme/formula/aux/1035_18_INTEGRAL'NYJ]]/URI$ сохраняет интегралы формы $URI[[http://libmeta.ru/fme/formula/aux/1035_19_INTEGRAL'NYJ]]/URI$ по замкнутым кривым.

Форма $URI[[http://libmeta.ru/fme/formula/aux/1035_20_INTEGRAL'NYJ]]/URI$ называется Пуанкаре интегральным инвариантом (относительным).

Сле д ст в ие. Симплектич. форма $URI[[http://libmeta.ru/fme/formula/aux/1035_21_INTEGRAL'NYJ]]/URI$ является абсолютным И. и. фазового потока, то есть преобразования фазового потока являются симплектич. преобразованиями. С л е д с т в и е. Абсолютными инвариантами фазового потока являются и формы $URI[[http://libmeta.ru/fme/formula/aux/1035_22_INTEGRAL'NYJ]]/URI$.

Последняя из этих форм является фазо в ы м объе мом. Сле д с т в е (Лиувилля теорема о фазовом объеме). Фазовый поток сохраняет объем в фазовом пространстве.

Если гамильтонова система имеет первые интегралы $URI[[http://libmeta.ru/fme/formula/aux/1035_23_INTEGRAL'NYJ]]/URI$, $URI[[http://libmeta.ru/fme/formula/aux/1035_24_INTEGRAL'NYJ]]/URI$, то сужение фазового потока $URI[[http://libmeta.ru/fme/formula/aux/1035_25_INTEGRAL'NYJ]]/URI$ на неособое инвариантное многообразие $URI[[http://libmeta.ru/fme/formula/aux/1035_26_INTEGRAL'NYJ]]/URI$ сохраняет нек-рую меру с гладкой положительной плотностью: в качестве такой меры можно взять форму $URI[[http://libmeta.ru/fme/formula/aux/1035_27_INTEGRAL'NYJ]]/URI$, где $URI[[http://libmeta.ru/fme/formula/aux/1035_28_INTEGRAL'NYJ]]/URI$ элемент объема $URI[[http://libmeta.ru/fme/formula/aux/1035_29_INTEGRAL'NYJ]]/URI$ как вложенного подмногообразия, а $URI[[http://libmeta.ru/fme/formula/aux/1035_30_INTEGRAL'NYJ]]/URI$-мерный объем параллелепипеда со сторонами grad $URI[[http://libmeta.ru/fme/formula/aux/1035_31_INTEGRAL'NYJ]]/URI$. Эта форма определяется лишь симплектич. структурой и не зависит от выбора метрики на $URI[[http://libmeta.ru/fme/formula/aux/1035_32_INTEGRAL'NYJ]]/URI$.</text>
  <text_orig>дифференциальная $k$-форма $\omega$ на гладком многообразии $M$, интегралы от которой по некоторым $k$-мерным цепям $c$ сохраняются заданным диффеоморфизмом $g: M \rightarrow M, \int_{g c} \omega=\int_{c} \omega$. И. и. называется а бс олютны м, если сохраняются интегралы по всем цепям, что равносильно тому, что $g^{*} \omega=\omega$. И. и. называется относ ительным, если сохраняются интегралы по замкнутым цепям.

Пусть на симплектич. многообразии $\left(M^{2 n}, \omega\right)$ задан гамильтонов поток $g^{t}$ с гамильтонианом $H: M \times \Delta \rightarrow \mathbb{R}$, где $\Delta=\{t\}-$ интервал оси времени. Поверхность $\Gamma \subset M \times \Delta$, составленная из фазовых траекторий, проходящих через нек-рую замкнутую гладкую кривую в расширенном фазовом пространстве $M \times \Delta$, называется трубкой траекторий.

Т е оре ма. Если две замкнутые кривые $\gamma_{1}$ и $\gamma_{2}$ охватывают одну и ту же трубку траекторий, то интегралы формы $p d q$ - Hdt по ним одинаковы:

\[
\int_{\gamma_{1}} p d q-H d t=\int_{\gamma_{2}} p d q-H d t
\]

Форма $p d q-H d t$, определенная в пределах одной канонич. карты, называется Пуанкаре - Картана интегральным инвариантом.

С ле дствие. Фазовый поток $g^{t}$ сохраняет интегралы формы $p d q$ по замкнутым кривым.

Форма $p d q$ называется Пуанкаре интегральным инвариантом (относительным).

Сле д ст в ие. Симплектич. форма $\omega=d(p d q)$ является абсолютным И. и. фазового потока, то есть преобразования фазового потока являются симплектич. преобразованиями. С л е д с т в и е. Абсолютными инвариантами фазового потока являются и формы $\omega^{1}, \omega^{2}, \ldots, \omega^{n}$.

Последняя из этих форм является фазо в ы м объе мом. Сле д с т в е (Лиувилля теорема о фазовом объеме). Фазовый поток сохраняет объем в фазовом пространстве.

Если гамильтонова система имеет первые интегралы $F_{1}$, $\ldots, F_{m}$, то сужение фазового потока $g^{t}$ на неособое инвариантное многообразие $M_{f}=\left\{F_{i}=f_{i}, i=1, \ldots, m\right\}$ сохраняет нек-рую меру с гладкой положительной плотностью: в качестве такой меры можно взять форму $d \sigma / V_{m}$, где $d \sigma-$ элемент объема $M_{f}$ как вложенного подмногообразия, а $V_{m}-m$-мерный объем параллелепипеда со сторонами grad $F_{1}, \ldots, \operatorname{grad} F_{m}$. Эта форма определяется лишь симплектич. структурой и не зависит от выбора метрики на $M$.

М. Э. Казарян.</text_orig>
</article>
