<?xml version="1.0" ?>
<article uri="http://libmeta.ru/fme/article/1036_INTEGRAL'NYJ" alphabetic_pos="1038">
  <title>ИНТЕГРАЛЬНЫЙ КОСИНУС</title>
  <authors/>
  <pages>
    <start>223</start>
    <end>223</end>
  </pages>
  <literature>
    <literature_orig/>
  </literature>
  <formulas_main/>
  <formulas_aux/>
  <relations n="1">
    <relation uri="http://libmeta.ru/fme/relation/1036_1_INTEGRAL'NYJ">
      <rel_text>Интегральные функции</rel_text>
      <target>http://libmeta.ru/fme/article/1034_INTEGRAL'NYE</target>
    </relation>
  </relations>
  <text>см. URI[[http://libmeta.ru/fme/relation/1036_1_INTEGRAL'NYJ]]/URI.</text>
  <text_orig>см. Интегральные функции.</text_orig>
</article>
