<?xml version="1.0" ?>
<article uri="http://libmeta.ru/fme/article/1041_INTEGRIROVANIJa" alphabetic_pos="1043">
  <title>ИНТЕГРИРОВАНИЯ МЕТОД ПО БЫСТРЫМ И МЕДЛЕННЫМ ПЕРЕМЕННЫМ</title>
  <authors>
    <author>В. Н. Попов</author>
  </authors>
  <pages>
    <start>223</start>
    <end>224</end>
  </pages>
  <literature>
    <literature_orig>Лum.: [1] Боголюбов Н.Н., $\quad$ Митропольский Ю.А., Асимптотические методы в теории нелинейных колебаний, 4 изд., М., 1974; [2] П о по в В. Н., Континуальные интегралы в квантовой теории поля и статистической физике, М., 1976; [3] Р ороv V. N., Functional integrals and collective excitations, Camb., 1988.</literature_orig>
    <unit>
      <author>Боголюбов Н. Н.</author>
      <author>$\quad$Митропольский Ю. А.</author>
      <title>Асимптотические методы в теории нелинейных колебаний</title>
      <publication>4 изд., М.</publication>
      <year>1974</year>
      <other/>
    </unit>
    <unit>
      <author>Попов В. Н.</author>
      <title>Континуальные интегралы в квантовой теории поля и статистической физике</title>
      <publication>М.</publication>
      <year>1976</year>
      <other/>
    </unit>
    <unit>
      <author>Ророv V. N.</author>
      <title>Functional integrals and collective excitations, Camb.</title>
      <publication/>
      <year>1988</year>
      <other/>
    </unit>
  </literature>
  <formulas_main>
    <formula uri="http://libmeta.ru/fme/formula/main/1041_1_INTEGRIROVANIJa">\Psi(x, \tau)=(\beta v)^{-1 / 2} \sum_{k, \omega} e^{i(\omega \tau+k x)} a(k, \omega)</formula>
    <formula uri="http://libmeta.ru/fme/formula/main/1041_2_INTEGRIROVANIJa">\Psi(x)=\int d k e^{i k x} \tilde{\Psi}(k)</formula>
  </formulas_main>
  <formulas_aux>
    <formula uri="http://libmeta.ru/fme/formula/aux/1041_1_INTEGRIROVANIJa">\psi</formula>
    <formula uri="http://libmeta.ru/fme/formula/aux/1041_2_INTEGRIROVANIJa">\psi_{0}</formula>
    <formula uri="http://libmeta.ru/fme/formula/aux/1041_3_INTEGRIROVANIJa">\psi_{1}</formula>
    <formula uri="http://libmeta.ru/fme/formula/aux/1041_4_INTEGRIROVANIJa">|\boldsymbol{k}|&lt;k_{0}</formula>
    <formula uri="http://libmeta.ru/fme/formula/aux/1041_5_INTEGRIROVANIJa">|\omega|&lt;\omega_{0}</formula>
    <formula uri="http://libmeta.ru/fme/formula/aux/1041_6_INTEGRIROVANIJa">\omega=2 \pi n / \beta-</formula>
    <formula uri="http://libmeta.ru/fme/formula/aux/1041_7_INTEGRIROVANIJa">\psi_{1}-</formula>
    <formula uri="http://libmeta.ru/fme/formula/aux/1041_8_INTEGRIROVANIJa">\psi-\Psi_{0}</formula>
    <formula uri="http://libmeta.ru/fme/formula/aux/1041_9_INTEGRIROVANIJa">\omega=(2 n+1) \pi / \beta, a(k, \omega)-</formula>
    <formula uri="http://libmeta.ru/fme/formula/aux/1041_10_INTEGRIROVANIJa">\psi_{0}</formula>
    <formula uri="http://libmeta.ru/fme/formula/aux/1041_11_INTEGRIROVANIJa">\boldsymbol{k}\left|-k_{F}\right|&lt;k_{0}</formula>
    <formula uri="http://libmeta.ru/fme/formula/aux/1041_12_INTEGRIROVANIJa">k</formula>
    <formula uri="http://libmeta.ru/fme/formula/aux/1041_13_INTEGRIROVANIJa">|\boldsymbol{k}|=k_{f}</formula>
    <formula uri="http://libmeta.ru/fme/formula/aux/1041_14_INTEGRIROVANIJa">\psi_{0}</formula>
    <formula uri="http://libmeta.ru/fme/formula/aux/1041_15_INTEGRIROVANIJa">\left|k^{2}\right|=\left|k_{0}^{2}-\boldsymbol{k}^{2}\right|&lt;m_{0}^{2}</formula>
    <formula uri="http://libmeta.ru/fme/formula/aux/1041_16_INTEGRIROVANIJa">\left.k x=k_{0} x_{0}-\boldsymbol{k x}\right)</formula>
    <formula uri="http://libmeta.ru/fme/formula/aux/1041_17_INTEGRIROVANIJa">a(k, \omega)</formula>
    <formula uri="http://libmeta.ru/fme/formula/aux/1041_18_INTEGRIROVANIJa">\widetilde{\psi}(k))</formula>
    <formula uri="http://libmeta.ru/fme/formula/aux/1041_19_INTEGRIROVANIJa">(\boldsymbol{k}, \boldsymbol{\omega})</formula>
    <formula uri="http://libmeta.ru/fme/formula/aux/1041_20_INTEGRIROVANIJa">\boldsymbol{k})</formula>
    <formula uri="http://libmeta.ru/fme/formula/aux/1041_21_INTEGRIROVANIJa">\left(k_{0}\right)</formula>
    <formula uri="http://libmeta.ru/fme/formula/aux/1041_22_INTEGRIROVANIJa">\psi_{0}</formula>
    <formula uri="http://libmeta.ru/fme/formula/aux/1041_23_INTEGRIROVANIJa">\psi_{1}</formula>
    <formula uri="http://libmeta.ru/fme/formula/aux/1041_24_INTEGRIROVANIJa">\rho(\boldsymbol{x}, \tau), \varphi(\boldsymbol{x}, \tau)</formula>
    <formula uri="http://libmeta.ru/fme/formula/aux/1041_25_INTEGRIROVANIJa">\psi_{0}(x, \tau)=(\rho(x, \tau))^{1 / 2} e^{i \varphi(x, \tau)}</formula>
  </formulas_aux>
  <relations n="0"/>
  <text>метод вычисления длинноволновых асимптотик функций Грина в квантовой теории поля и статистической физике в формализме функционального интеграла, аналог метода усреднения по быстрым движениям в нелинейной механике (см. [1]). Если в системе присутствуют кванты сколь угодно малой энергии, члены стандартной теории возмущений имеют так наз. инфракрасные сингулярности, поэтому желательна перестройка теории возмущений, к-рую и позволяет осуществить И. м. по быстрым и медленным переменным (см. [2], [3]). Поле $URI[[http://libmeta.ru/fme/formula/aux/1041_1_INTEGRIROVANIJa]]/URI$, по к-рому производится функциональное интегрирование, представляют в виде суммы «медленного» $URI[[http://libmeta.ru/fme/formula/aux/1041_2_INTEGRIROVANIJa]]/URI$ и «быстрого $URI[[http://libmeta.ru/fme/formula/aux/1041_3_INTEGRIROVANIJa]]/URI$ полей. Напр., в статистич. физике системы бозе-частиц есть часть разложения Фурье

\[
URI[[http://libmeta.ru/fme/formula/main/1041_1_INTEGRIROVANIJa]]/URI
\]

с $URI[[http://libmeta.ru/fme/formula/aux/1041_4_INTEGRIROVANIJa]]/URI$ и $URI[[http://libmeta.ru/fme/formula/aux/1041_5_INTEGRIROVANIJa]]/URI$ (здесь $URI[[http://libmeta.ru/fme/formula/aux/1041_6_INTEGRIROVANIJa]]/URI$ так наз. частота Мацубара), $URI[[http://libmeta.ru/fme/formula/aux/1041_7_INTEGRIROVANIJa]]/URI$ разность $URI[[http://libmeta.ru/fme/formula/aux/1041_8_INTEGRIROVANIJa]]/URI$. В теории ферми-систем, где $URI[[http://libmeta.ru/fme/formula/aux/1041_9_INTEGRIROVANIJa]]/URI$ антикоммутирующие переменные, естественно определить медленное поле $URI[[http://libmeta.ru/fme/formula/aux/1041_10_INTEGRIROVANIJa]]/URI$ условиями || $URI[[http://libmeta.ru/fme/formula/aux/1041_11_INTEGRIROVANIJa]]/URI$, так что импульсы $URI[[http://libmeta.ru/fme/formula/aux/1041_12_INTEGRIROVANIJa]]/URI$ лежат в узком слое вблизи сферы Ферми $URI[[http://libmeta.ru/fme/formula/aux/1041_13_INTEGRIROVANIJa]]/URI$. В квантовой теории поля естественно назвать медле нным полем $URI[[http://libmeta.ru/fme/formula/aux/1041_14_INTEGRIROVANIJa]]/URI$ часть разложения Фурье

\[
URI[[http://libmeta.ru/fme/formula/main/1041_2_INTEGRIROVANIJa]]/URI
\]

с $URI[[http://libmeta.ru/fme/formula/aux/1041_15_INTEGRIROVANIJa]]/URI$ (здесь $URI[[http://libmeta.ru/fme/formula/aux/1041_16_INTEGRIROVANIJa]]/URI$.

Основная идея перестройки теории возмущений состоит в последовательном интегрировании в функциональном интеграле сначала по «быстрым», а затем по «медленным» переменным с использованием на этих двух этапах различных схем теории возмушений. На первом этапе интегрируют по быстрым полям $URI[[http://libmeta.ru/fme/formula/aux/1041_17_INTEGRIROVANIJa]]/URI$ (или $URI[[http://libmeta.ru/fme/formula/aux/1041_18_INTEGRIROVANIJa]]/URI$, индексы к-рых $URI[[http://libmeta.ru/fme/formula/aux/1041_19_INTEGRIROVANIJa]]/URI$ (или $URI[[http://libmeta.ru/fme/formula/aux/1041_20_INTEGRIROVANIJa]]/URI$ лежат в области, характеризующей быстрые переменные, и используют теорию возмущений, в к-рой интегралы по импульсам обрезаны на нижнем пределе $URI[[http://libmeta.ru/fme/formula/aux/1041_21_INTEGRIROVANIJa]]/URI$, и имеют вершины, описывающие взаимодействие медленного $URI[[http://libmeta.ru/fme/formula/aux/1041_22_INTEGRIROVANIJa]]/URI$ и быстрого $URI[[http://libmeta.ru/fme/formula/aux/1041_23_INTEGRIROVANIJa]]/URI$ полей. На втором этапе (интегрирование по медленным полям) можно добиться исчезновения инфракрасных сингулярностей, перейдя к нетривиальной схеме теории возмущений, использующей специфику системы. Напр., в теории сверхтекучих бозе-систем удобно взять полярные координаты $URI[[http://libmeta.ru/fme/formula/aux/1041_24_INTEGRIROVANIJa]]/URI$ медленного поля $URI[[http://libmeta.ru/fme/formula/aux/1041_25_INTEGRIROVANIJa]]/URI$ за новые переменные функционального интегрирования. В теории сверхтекучих ферми-систем удобно перейти от интеграла по медленным ферми-полям к интегралу по нек-рым вспомогательным бозе-полям, соответствующим коллективным степеням свободы рассматриваемой системы.</text>
  <text_orig>метод вычисления длинноволновых асимптотик функций Грина в квантовой теории поля и статистической физике в формализме функщионального интеграла, аналог метода усреднения по быстрым движениям в нелинейной механике (см. [1]). Если в системе присутствуют кванты сколь угодно малой энергии, члены стандартной теории возмущений имеют так наз. инфракрасные сингулярности, поэтому желательна перестройка теории возмущений, к-рую и позволяет осуществить И. м. по быстрым и медленным переменным (см. [2], [3]). Поле $\Psi$, по к-рому производится функшиональное интегрирование, представляют в виде суммы «медленного» $\Psi_{0}$ и «быстрого $\Psi_{1}$ полей. Напр., в статистич. физике системы бозе-частиц есть часть разложения Фурье

\[
\Psi(x, \tau)=(\beta v)^{-1 / 2} \sum_{k, \omega} e^{i(\omega \tau+k x)} a(k, \omega)
\]

с $|\boldsymbol{k}|&lt;k_{0}$ и $|\omega|&lt;\omega_{0}$ (здесь $\omega=2 \pi n / \beta-$ так наз. частота Мацубара), $\Psi_{1}-$ разность $\Psi-\Psi_{0}$. В теории ферми-систем, где $\omega=(2 n+1) \pi / \beta, a(k, \omega)-$ антикоммутирующие переменные, естественно определить медленное поле $\Psi_{0}$ условиями || $\boldsymbol{k}\left|-k_{F}\right|&lt;k_{0}$, так что импульсы $k$ лежат в узком слое вблизи сферы Ферми $|\boldsymbol{k}|=k_{F}$. В квантовой теории поля естественно назвать медле нным полем $\Psi_{0}$ часть разложения Фурье

\[
\Psi(x)=\int d k e^{i k x} \tilde{\Psi}(k)
\]

с $\left|k^{2}\right|=\left|k_{0}^{2}-\boldsymbol{k}^{2}\right|&lt;m_{0}^{2}$ (здесь $\left.k x=k_{0} x_{0}-\boldsymbol{k x}\right)$.

Основная идея перестройки теории возмущений состоит в последовательном интегрировании в функщиональном интеграле сначала по «быстрым», а затем по «медленным» переменным с использованием на этих двух этапах различных схем теории возмушений. На первом этапе интегрируют по быстрым полям $a(k, \omega)$ (или $\widetilde{\Psi}(k))$, индексы к-рых $(\boldsymbol{k}, \boldsymbol{\omega})$ (или $\boldsymbol{k})$ лежат в области, характеризующей быстрые переменные, и используют теорию возмущений, в к-рой интегралы по импульсам обрезаны на нижнем пределе $\left(k_{0}\right)$, и имеют вершины, описывающие взаимодействие медленного $\Psi_{0}$ и быстрого $\Psi_{1}$ полей. На втором этапе (интегрирование по медленным полям) можно добиться исчезновения инфракрасных сингулярностей, перейдя к нетривиальной схеме теории возмущений, использующей специфику системы. Напр., в теории сверхтекучих бозе-систем удобно взять полярные координаты $\rho(\boldsymbol{x}, \tau), \varphi(\boldsymbol{x}, \tau)$ медленного поля $\Psi_{0}(x, \tau)=(\rho(x, \tau))^{1 / 2} e^{i \varphi(x, \tau)}$ за новые переменные функционального интегрирования. В теории сверхтекучих ферми-систем удобно перейти от интеграла по медленным ферми-полям к интегралу по нек-рым вспомогательным бозе-полям, соответствуюшим коллективным степеням свободы рассматриваемой системы.

Лum.: [1] Боголюбов Н.Н., $\quad$ Митропольский Ю.А., Асимптотические методы в теории нелинейных колебаний, 4 изд., М., 1974; [2] П о по в В. Н., Континуальные интегралы в квантовой теории поля и статистической физике, М., 1976; [3] Р ороv V. N., Functional integrals and collective excitations, Camb., 1988.

В. Н. Попов.</text_orig>
</article>
