<?xml version="1.0" ?>
<article uri="http://libmeta.ru/fme/article/1045_INTENSIVNAJa" alphabetic_pos="1047">
  <title>ИНТЕНСИВНАЯ ВЕЛИЧИНА, ИНТЕНСИВНЫЙ ПАРАМЕТР</title>
  <authors>
    <author>А. В. Солдатов</author>
  </authors>
  <pages>
    <start>224</start>
    <end>224</end>
  </pages>
  <literature>
    <literature_orig/>
  </literature>
  <formulas_main/>
  <formulas_aux/>
  <relations n="0"/>
  <text>макроскопическая величина, значение которой для любой части физической системы, находящейся в состоянии термодинамического равновесия, одинаково. И. в. не зависит от массы системы или от числа частиц в системе. Примерами И. в. служат давление, температура и др.</text>
  <text_orig>макроскопическая величина, значение которой для любой части физической системы, находящейся в состоянии термодинамического равновесия, одинаково. И. в. не зависит от массы системы или от числа частиц в системе. Примерами И. в. служат давление, температура и др.

А. В. Солдатов.</text_orig>
</article>
