<?xml version="1.0" ?>
<article uri="http://libmeta.ru/fme/article/1052_INFINITEZIMAL'NYJ" alphabetic_pos="1054">
  <title>ИНФИНИТЕЗИМАЛЬНЫЙ ОПЕРАТОР</title>
  <authors/>
  <pages>
    <start>224</start>
    <end>224</end>
  </pages>
  <literature>
    <literature_orig/>
  </literature>
  <formulas_main/>
  <formulas_aux/>
  <relations n="0"/>
  <text>см. Генератор группы, Дифференциальное уравнение; группа преобразований.</text>
  <text_orig>см. Генератор группы, Дифференциальное уравнение; группа преобразований.</text_orig>
</article>
