<?xml version="1.0" ?>
<article uri="http://libmeta.ru/fme/article/1057_INFRAKRASNAJa" alphabetic_pos="1059">
  <title>ИНФРАКРАСНАЯ РАСХОДИМОСТЬ</title>
  <authors>
    <author>В. А. Смирнов</author>
  </authors>
  <pages>
    <start>224</start>
    <end>225</end>
  </pages>
  <literature>
    <literature_orig>Лит.: [1] Боголюбов Н. Н., Ш и рков Д. В., Введение в теорию квантованных полей, 4 изд., М., 1984; [2] М и t а Т., Foundation of Quantum Chromodinamics, Singapore, 1987; [3] Б ьеркен Дж., Дрелл С. Д., Релятивистская квантовая теория, М., 1978.</literature_orig>
    <unit>
      <author>Боголюбов Н. Н.</author>
      <author>Ширков Д. В.</author>
      <title>Введение в теорию квантованных полей</title>
      <publication>4 изд., М.</publication>
      <year>1984</year>
      <other/>
    </unit>
    <unit>
      <author>Миtа Т.</author>
      <title>Foundation of Quantum Chromodinamics, Singapore</title>
      <publication/>
      <year>1987</year>
      <other/>
    </unit>
    <unit>
      <title>Б ьеркен Дж., Дрелл С. Д., Релятивистская квантовая теория</title>
      <publication>М.</publication>
      <year>1978</year>
      <other/>
    </unit>
  </literature>
  <formulas_main/>
  <formulas_aux>
    <formula uri="http://libmeta.ru/fme/formula/aux/1057_1_INFRAKRASNAJa">\frac{1}{\left(p^{2}+i 0\right)^{2}}</formula>
  </formulas_aux>
  <relations n="1">
    <relation uri="http://libmeta.ru/fme/relation/1057_1_INFRAKRASNAJa">
      <rel_text>Фейнмана диаграмма</rel_text>
      <target>http://libmeta.ru/fme/article/3257_FEJNMANA</target>
    </relation>
  </relations>
  <text>Термин, указывающий на некорректность определения квантовополевых величин в рамках формального применения метода теории возмушений. И. р. проявляются в расходимости фейнмановских интегралов (см. URI[[http://libmeta.ru/fme/relation/1057_1_INFRAKRASNAJa]]/URI) в области малых 4-мерных импульсов, что и объясняет происхождение этого термина. Они встречаются только в квантовополевых моделях, включающих безмассовые частицы: фотон - в квантовой электродинамике, глюон - в квантовой хромодинамике, гравитон - в квантовой гравитации. Поэтому их называют также массовыми расходимостями. К ним относят также расходимости, возникающие в пределе нулевых масс. С физич. точки зрения они обусловлены дальнодействующим характером безмассовых полей, то есть медленным спаданием потенциала взаимодействия на больших расстояниях. Различают два основных типа: И. р. в диаграммах Фейнмана, рассматриваемых как функции в области 4-мерных импульсов, а также И. р. в матричных элементах матрицы рассеяния и в сечениях рассеяния.

И. p. первого типа обнаруживают тесную аналогию с ультрафиолетовыми расходимостями. Простейшая И. р. первого типа обусловлена фактором $URI[[http://libmeta.ru/fme/formula/aux/1057_1_INFRAKRASNAJa]]/URI$, возникающим в фейнмановском интеграле благодаря перемножению пропагаторов двух безмассовых линий с одинаковыми 4-мерными импульсами. И. р. первого типа оказываются наиболее «опасными», так как их наличие фактически свидетельствует о неприемлемых свойствах рассматриваемой квантовополевой модели. Однако в физически осмысленных теориях, таких, как квантовая электродинамика или квантовая хромодинамика, И. р. этого типа могут встретиться только в отдельных диаграммах, а после суммирования диаграмм Фейнмана каждого порядка теории возмущений они сокращаются. И. р. первого типа могут также порождаться неудачным выбором перенормировочной процедуры. Напр., Боголюбова - Парасюка R-операция в своем первоначальном виде неприменима в теориях с безмассовыми частицами именно из-за И.р., индуцированных разложениями в ряд Тейлора при нулевых 4-мерных импульсах.

Происхождение И. р. второго типа можно также объяснить неприменимостью разложения по числу испущенных частиц с малыми импульсами (мягких частиц). Однако в величинах, имеющих непосредственный физич. смысл, И. р. отсутствуют. Этим свойством обладают сечения рассеяния после суммирования по всем энергетически вырожденным начальным и конечным состояниям. В частности, в квантовой электродинамике необходимо производить суммирование по состояниям с произвольным числом мягких фотонов.

Среди И. p. второго типа выделяют класс к о л л и н е а p ных расход и м остей, обусловленных отсутствием запрета на превращение безмассовой частицы в состояния с безмассовыми частицами, имеющими параллельный импульс и обладающими теми же суммарными квантовыми числами, что и исходная частица. Такие И. р. проявляются в расходимости фейнмановских интегралов по переменной, представляющей собой угол между направлениями исходной и виртуальной безмассовых частиц. В квантовой электродинамике коллинеарные расходимости возникают лишь в пределе малой массы электрона, а в квантовой хромодинамике они присутствуют из-за самодействия глюонов. Тем не менее коллинеарные расходимости пропадают, если определять сечение рассеяния в заданный телесный угол и не фиксировать конечного числа частиц.

Поскольку в промежуточных расчетах приходится иметь дело с инфракрасно расходящимися величинами, используются различного рода регуляризации. Напр., временно вводится фиктивная ненулевая фотонная (или глюонная) масca. В окончательных же результатах для физически осмысленных сечений рассеяния И. р. исчезают, что проявляется в сокращении сингулярных членов по параметру регуляризации.</text>
  <text_orig>ТерМИН, указЫвающий на некорректность определения квантовополевых величин в рамках формального применения метода теории возмушений. И. р. проявляются в расходимости фейнмановских интегралов (см. Фейнмана диаграмма) в области малых 4-мерных импульсов, что и объясняет происхождение этого термина. Они встречаются только в квантовополевых моделях, включающих безмассовые частицы: фотон - в квантовой электродинамике, глюон - в квантовой хромодинамике, гравитон - в квантовой гравитации. Поэтому их называют также массовыми расходимостями. К ним относят также расходимости, возникающие в пределе нулевыХ масс. С физич. точки зрения они обусловлены дальнодействующим характером безмассовых полей, то есть медленным спаданием потенциала взаимодействия на больших расстояниях. Различают два основных типа: И. р. в диаграммах Фейнмана, рассматриваемых как функции в области 4-мерных импульсов, а также И. р. в матричных элементах матрицы рассеяния и в сечениях рассеяния.

И. p. первого типа обнаруживают тесную аналогию с ультрафиолетовыми расходимостями. Простейшая И. р. первого типа обусловлена фактором $\frac{1}{\left(p^{2}+i 0\right)^{2}}$, возникающим в фейнмановском интеграле благодаря перемножению пропагаторов двух безмассовых линий с одинаковыми 4-мерными импульсами. И. р. первого типа оказываются наиболее «опасными», так как их наличие фактически свидетельствует о неприемлемых свойствах рассматриваемой квантовополевой модели. Однако в физически осмысленных теориях, таких, как квантовая электродинамика или квантовая хромодинамика, И. р. этого типа могут встретиться только в отдельных диаграммах, а после суммирования диаграмм Фейнмана каждого порядка теории возмущений они сокращаются. И. р. первого типа могут также порождаться неудачным выбором перенормировочной процедуры. Напр., Боголюбова - Парасюка R-операция в своем первоначальном виде неприменима в теориях с безмассовыми частицами именно из-за И.р., индуцированных разложениями в ряд Тейлора при нулевых 4-мерных импульсах.

Происхождение И. р. второго типа можно также объяснить неприменимостью разложения по числу испущенных частиц с малыми импульсами (мягких частиц). Однако в величинах, имеюших непосредственный физич. смысл, И. р. отсутствуют. Этим свойством обладают сечения рассеяния после суммирования по всем энергетически вырожденным начальным и конечным состояниям. В частности, в квантовой электродинамике необходимо производить суммирование по состояниям с произвольным числом мягких фотонов.

Среди И. p. второго типа выделяют класс к о л л и н е а p ных расход и м остей, обусловленных отсутствием запрета на превращение безмассовой частицы в состояния с безмассовыми частицами, имеющими параллельный импульс и обладающими теми же суммарными квантовыми числами, что и исходная частица. Такие И. р. проявляются в расходимости фейнмановских интегралов по переменной, представляющей собой угол между направлениями исходной и виртуальной безмассовых частиц. В квантовой электродинамике коллинеарные расходимости возникают лишь в пределе малой массы электрона, а в квантовой хромодинамике они присутствуют из-за самодействия глюонов. Тем не менее коллинеарные расходимости пропадают, если определять сечение рассеяния в заданный телесный угол и не фиксировать конечного числа частиц.

Поскольку в промежуточных расчетах приходится иметь дело с инфракрасно расходящимися величинами, используются различного рода регуляризации. Напр., временно вводится фиктивная ненулевая фотонная (или глюонная) масca. В окончательных же результатах для физически осмысленных сечений рассеяния И. р. исчезают, что проявляется в сокращении сингулярных членов по параметру регуляризации.

Лит.: [1] Боголюбов Н. Н., Ш и рков Д. В., Введение в теорию квантованных полей, 4 изд., М., 1984; [2] М и t а Т., Foundation of Quantum Chromodinamics, Singapore, 1987; [3] Б ьеркен Дж., Дрелл С. Д., Релятивистская квантовая теория, М., 1978.

В. А. Смирнов.</text_orig>
</article>
