<?xml version="1.0" ?>
<article uri="http://libmeta.ru/fme/article/1058_IRRATsIONAL'NAJa" alphabetic_pos="1060">
  <title>ИРРАЦИОНАЛЬНАЯ ФУНКЦИЯ</title>
  <authors/>
  <pages>
    <start>225</start>
    <end>225</end>
  </pages>
  <literature>
    <literature_orig/>
  </literature>
  <formulas_main/>
  <formulas_aux/>
  <relations n="1">
    <relation uri="http://libmeta.ru/fme/relation/1058_1_IRRATsIONAL'NAJa">
      <rel_text>Алгебраическая функция</rel_text>
      <target>http://libmeta.ru/fme/article/53_ALGEBRAIChESKAJa</target>
    </relation>
  </relations>
  <text>см. URI[[http://libmeta.ru/fme/relation/1058_1_IRRATsIONAL'NAJa]]/URI.

15 Математическая физика</text>
  <text_orig>см. Алгебраическая функция.

15 Математическая физика</text_orig>
</article>
