<?xml version="1.0" ?>
<article uri="http://libmeta.ru/fme/article/105_AROMA" alphabetic_pos="105">
  <title>АРОМАТ</title>
  <authors/>
  <pages>
    <start>31</start>
    <end>31</end>
  </pages>
  <literature>
    <literature_orig/>
  </literature>
  <formulas_main>
    <formula uri="http://libmeta.ru/fme/formula/main/105_1_AROMA">m_{u} \approx 5 \mathrm{M} э \mathrm{~B}, m_{d} \approx 10 \mathrm{M} э \mathrm{~B}, m_{s} \approx 150 \mathrm{M} э \mathrm{~B},</formula>
  </formulas_main>
  <formulas_aux>
    <formula uri="http://libmeta.ru/fme/formula/aux/105_1_AROMA">u</formula>
    <formula uri="http://libmeta.ru/fme/formula/aux/105_2_AROMA">d</formula>
    <formula uri="http://libmeta.ru/fme/formula/aux/105_3_AROMA">c-, b</formula>
    <formula uri="http://libmeta.ru/fme/formula/aux/105_4_AROMA">t</formula>
    <formula uri="http://libmeta.ru/fme/formula/aux/105_5_AROMA">\boldsymbol{b}</formula>
    <formula uri="http://libmeta.ru/fme/formula/aux/105_6_AROMA">s U(3)_{\text {color }}</formula>
  </formulas_aux>
  <relations n="1">
    <relation uri="http://libmeta.ru/fme/relation/105_1_AROMA">
      <rel_text>Кварковая модель</rel_text>
      <target>http://libmeta.ru/fme/article/1213_KVARKOVAJa</target>
    </relation>
  </relations>
  <text>характеристика типа кварка или квантовое число, обозначающее сорт кварка (см. URI[[http://libmeta.ru/fme/relation/105_1_AROMA]]/URI). В настоящее время считается, что существует шесть сортов кварков. Это легкие $URI[[http://libmeta.ru/fme/formula/aux/105_1_AROMA]]/URI$-, $URI[[http://libmeta.ru/fme/formula/aux/105_2_AROMA]]/URI$-, s-кварки с массами

\[
URI[[http://libmeta.ru/fme/formula/main/105_1_AROMA]]/URI
\]

тяжелые $URI[[http://libmeta.ru/fme/formula/aux/105_3_AROMA]]/URI$-кварки с массами

![](https://cdn.mathpix.com/cropped/2023_07_08_13779da42f3dce7f9e60g-1.jpg?height=48&amp;width=315&amp;top_left_y=435&amp;top_left_x=1182)

и пока еще экспериментально не обнаруженный $URI[[http://libmeta.ru/fme/formula/aux/105_4_AROMA]]/URI$-кварк. Для s-кварка соответствующее квантовое число носит название странность, c-кварка - очаровани е и $URI[[http://libmeta.ru/fme/formula/aux/105_5_AROMA]]/URI$-кварка - крас ота. Кваркам приписывается значение этих квантовых чисел -1 , а антикваркам + 1. Кварки, имеющие одинаковые А., могут отличаться лишь цветом и образуют триплет относительно цветовой группы $URI[[http://libmeta.ru/fme/formula/aux/105_6_AROMA]]/URI$ Странность, очарование и красота связаны с аналогично называемыми квантовыми числами адронов. Их численные значения определяются суммой соответствующих квантовых чисел, входящих в их состав кварков и антикварков. Суммарное значение этих характеристик адронов сохраняется в сильном и электромагнитном взаимодействиях и нарушается в процессах слабого взаимодействия.</text>
  <text_orig>характеристика типа кварка или квантовое число, обозначающее сорт кварка (см. Кварковая модель). В настоящее время считается, что существует шесть сортов кварков. Это легкие $u$-, $d$-, s-кварки с массами

\[
m_{u} \approx 5 \mathrm{M} э \mathrm{~B}, m_{d} \approx 10 \mathrm{M} э \mathrm{~B}, m_{s} \approx 150 \mathrm{M} э \mathrm{~B},
\]

тяжелые $c-, b$-кварки с массами

![](https://cdn.mathpix.com/cropped/2023_07_08_13779da42f3dce7f9e60g-1.jpg?height=48&amp;width=315&amp;top_left_y=435&amp;top_left_x=1182)

и пока еще экспериментально не обнаруженный $t$-кварк. Для s-кварка соответствующее квантовое число носит название странность, c-кварка - очаровани е и $\boldsymbol{b}$-кварка - крас ота. Кваркам приписывается значение этих квантовых чисел -1 , а антикваркам + 1. Кварки, имеюшие одинаковые А., могут отличаться лишь цветом и образуют триплет относительно цветовой группы $S U(3)_{\text {color }}$ Странность, очарование и красота связаны с аналогично называемыми квантовыми числами адронов. Их численные значения определяются суммой соответствующих квантовых чисел, входящих в их состав кварков и антикварков. Суммарное значение этих характеристик адронов сохраняется в сильном и электромагнитном взаимодействиях и нарушается в процессах слабого взаимодействия.</text_orig>
</article>
