<?xml version="1.0" ?>
<article uri="http://libmeta.ru/fme/article/1064_ISChEZAJuSchIJ" alphabetic_pos="1066">
  <title>ИСЧЕЗАЮЩИЙ ПОЛУЦИКЛ</title>
  <authors/>
  <pages>
    <start>226</start>
    <end>226</end>
  </pages>
  <literature>
    <literature_orig/>
  </literature>
  <formulas_main/>
  <formulas_aux>
    <formula uri="http://libmeta.ru/fme/formula/aux/1064_1_ISChEZAJuSchIJ">v_{*}</formula>
    <formula uri="http://libmeta.ru/fme/formula/aux/1064_2_ISChEZAJuSchIJ">\alpha_{*}</formula>
    <formula uri="http://libmeta.ru/fme/formula/aux/1064_3_ISChEZAJuSchIJ">f: \mathbb{C}^{n} \rightarrow \mathbb{C}</formula>
    <formula uri="http://libmeta.ru/fme/formula/aux/1064_4_ISChEZAJuSchIJ">\left.f\right|_{\mathbb{C}^{n-1}}</formula>
    <formula uri="http://libmeta.ru/fme/formula/aux/1064_5_ISChEZAJuSchIJ">f</formula>
    <formula uri="http://libmeta.ru/fme/formula/aux/1064_6_ISChEZAJuSchIJ">\alpha_{*}-</formula>
    <formula uri="http://libmeta.ru/fme/formula/aux/1064_7_ISChEZAJuSchIJ">\left.f\right|_{\mathbb{C}^{n-1}}</formula>
    <formula uri="http://libmeta.ru/fme/formula/aux/1064_8_ISChEZAJuSchIJ">v_{*}^{\prime}=v_{*} \cap \mathbb{C}^{n-1}</formula>
    <formula uri="http://libmeta.ru/fme/formula/aux/1064_9_ISChEZAJuSchIJ">s^{\prime} \subset V_{*}^{\prime}-</formula>
    <formula uri="http://libmeta.ru/fme/formula/aux/1064_10_ISChEZAJuSchIJ">\left.f\right|_{\mathbb{C}^{n-1}}</formula>
    <formula uri="http://libmeta.ru/fme/formula/aux/1064_11_ISChEZAJuSchIJ">h_{n-1}\left(X_{*}, V_{*}{ }^{\prime}\right)</formula>
    <formula uri="http://libmeta.ru/fme/formula/aux/1064_12_ISChEZAJuSchIJ">s^{\prime}</formula>
    <formula uri="http://libmeta.ru/fme/formula/aux/1064_13_ISChEZAJuSchIJ">v_{*}</formula>
    <formula uri="http://libmeta.ru/fme/formula/aux/1064_14_ISChEZAJuSchIJ">\begin{array}{ll}3 \text { а ющим полуциклом. } &amp; \text { C. В. Чмутов. }\end{array}</formula>
  </formulas_aux>
  <relations n="0"/>
  <text>класс когомологий неособого многообразия $URI[[http://libmeta.ru/fme/formula/aux/1064_1_ISChEZAJuSchIJ]]/URI$ уровня $URI[[http://libmeta.ru/fme/formula/aux/1064_2_ISChEZAJuSchIJ]]/URI$ голоморфной функции $URI[[http://libmeta.ru/fme/formula/aux/1064_3_ISChEZAJuSchIJ]]/URI$ такой, что $URI[[http://libmeta.ru/fme/formula/aux/1064_4_ISChEZAJuSchIJ]]/URI$ имеет невырожденную критическую точку, не являющуюся критической точкой $URI[[http://libmeta.ru/fme/formula/aux/1064_5_ISChEZAJuSchIJ]]/URI$, причем $URI[[http://libmeta.ru/fme/formula/aux/1064_6_ISChEZAJuSchIJ]]/URI$ не критическое значение $URI[[http://libmeta.ru/fme/formula/aux/1064_7_ISChEZAJuSchIJ]]/URI$. Рассматривается $URI[[http://libmeta.ru/fme/formula/aux/1064_8_ISChEZAJuSchIJ]]/URI$ и $URI[[http://libmeta.ru/fme/formula/aux/1064_9_ISChEZAJuSchIJ]]/URI$ исчезающий цикл для $URI[[http://libmeta.ru/fme/formula/aux/1064_10_ISChEZAJuSchIJ]]/URI$. Класс когомологий в $URI[[http://libmeta.ru/fme/formula/aux/1064_11_ISChEZAJuSchIJ]]/URI$, определяемый малой пленкой, затягивающей сферу $URI[[http://libmeta.ru/fme/formula/aux/1064_12_ISChEZAJuSchIJ]]/URI$ в $URI[[http://libmeta.ru/fme/formula/aux/1064_13_ISChEZAJuSchIJ]]/URI$, и называется и с ч е $URI[[http://libmeta.ru/fme/formula/aux/1064_14_ISChEZAJuSchIJ]]/URI$</text>
  <text_orig>класс когомологий неособого многообразия $V_{*}$ уровня $\alpha_{*}$ голоморфной функции $f: \mathbb{C}^{n} \rightarrow \mathbb{C}$ такой, что $\left.f\right|_{\mathbb{C}^{n-1}}$ имеет невырожденную критическую точку, не являющуюся критической точкой $f$, причем $\alpha_{*}-$ не критическое значение $\left.f\right|_{\mathbb{C}^{n-1}}$. Рассматривается $V_{*}^{\prime}=V_{*} \cap \mathbb{C}^{n-1}$ и $S^{\prime} \subset V_{*}^{\prime}-$ исчезающий цикл для $\left.f\right|_{\mathbb{C}^{n-1}}$. Класс когомологий в $H_{n-1}\left(X_{*}, V_{*}{ }^{\prime}\right)$, определяемый малой пленкой, затягивающей сферу $S^{\prime}$ в $V_{*}$, и называется и с ч е $\begin{array}{ll}3 \text { а ющим полуциклом. } &amp; \text { C. В. Чмутов. }\end{array}$</text_orig>
</article>
