<?xml version="1.0" ?>
<article uri="http://libmeta.ru/fme/article/1066_ITO" alphabetic_pos="1068">
  <title>ИТО КВАНТОВАЯ ФОРМУЛА</title>
  <authors/>
  <pages>
    <start>226</start>
    <end>226</end>
  </pages>
  <literature>
    <literature_orig/>
  </literature>
  <formulas_main/>
  <formulas_aux/>
  <relations n="1">
    <relation uri="http://libmeta.ru/fme/relation/1066_1_ITO">
      <rel_text>Квантовое стохастическое исчисление</rel_text>
      <target>http://libmeta.ru/fme/article/1191_KVANTOVOE</target>
    </relation>
  </relations>
  <text>см. URI[[http://libmeta.ru/fme/relation/1066_1_ITO]]/URI.</text>
  <text_orig>см. Квантовое стохастическое исчисление.</text_orig>
</article>
