<?xml version="1.0" ?>
<article uri="http://libmeta.ru/fme/article/1068_JORDANOVA" alphabetic_pos="1070">
  <title>ЙОРДАНОВА АЛГЕБРА</title>
  <authors>
    <author>А. М. Слинько</author>
  </authors>
  <pages>
    <start>226</start>
    <end>226</end>
  </pages>
  <literature>
    <literature_orig/>
  </literature>
  <formulas_main>
    <formula uri="http://libmeta.ru/fme/formula/main/1068_1_JORDANOVA">\begin{aligned}x y &amp; =y x, \\\left(x^{2} y\right) x &amp; =x^{2}(y x) .\end{aligned}</formula>
  </formulas_main>
  <formulas_aux>
    <formula uri="http://libmeta.ru/fme/formula/aux/1068_1_JORDANOVA">a</formula>
    <formula uri="http://libmeta.ru/fme/formula/aux/1068_2_JORDANOVA">\neq 2</formula>
    <formula uri="http://libmeta.ru/fme/formula/aux/1068_3_JORDANOVA">a</formula>
    <formula uri="http://libmeta.ru/fme/formula/aux/1068_4_JORDANOVA">a \circ b=1 / 2(a b+b a)</formula>
    <formula uri="http://libmeta.ru/fme/formula/aux/1068_5_JORDANOVA">a^{(+)}</formula>
    <formula uri="http://libmeta.ru/fme/formula/aux/1068_6_JORDANOVA">a^{(+)}</formula>
    <formula uri="http://libmeta.ru/fme/formula/aux/1068_7_JORDANOVA">a</formula>
  </formulas_aux>
  <relations n="0"/>
  <text>алгебра, в которой справедливы тождества:

\[
URI[[http://libmeta.ru/fme/formula/main/1068_1_JORDANOVA]]/URI
\]

Такие алгебры впервые возникли в работе П. Йордана (p. Jordan, 1933), посвященной аксиоматизации основ квантовой механики, а затем нашли применения в алгебре, анализе и геометрии.

Пусть $URI[[http://libmeta.ru/fme/formula/aux/1068_1_JORDANOVA]]/URI$ - ассоциативная алгебра над полем характеристики $URI[[http://libmeta.ru/fme/formula/aux/1068_2_JORDANOVA]]/URI$. Множество $URI[[http://libmeta.ru/fme/formula/aux/1068_3_JORDANOVA]]/URI$ с операциями сложения и й о р да нов а умножения

$URI[[http://libmeta.ru/fme/formula/aux/1068_4_JORDANOVA]]/URI$
образует алгебру $URI[[http://libmeta.ru/fme/formula/aux/1068_5_JORDANOVA]]/URI$, к-рая является йордановой. Й. а., изоморфная подалгебре алгебры $URI[[http://libmeta.ru/fme/formula/aux/1068_6_JORDANOVA]]/URI$для нек-рой ассоциативной алгебры $URI[[http://libmeta.ru/fme/formula/aux/1068_7_JORDANOVA]]/URI$, называется с п ец и а л ь но й. Роль специальных алгебр в теории Й. а. во многом аналогична роли ассоциативных алгебр в теории альтернативных алгебр. В основе этой аналогии лежит теорема о том, что всякая двупорожденная подалгебра Й. а. специальна. (всякая двупорожденная подалгебра альтернативной алгебры ассоциативна.) Необходимое и достаточное условие специальности алгебры: Й. а. специальна тогда и только тогда, когда она изоморфно вложима в Й. а., каждое счетное подмножество к-рой лежит в подалгебре, порожденной двумя элементами.

См. также Антикоммутатор.</text>
  <text_orig>алгебра, в которой справедливы тождества:

\[
\begin{aligned}
x y &amp; =y x, \\
\left(x^{2} y\right) x &amp; =x^{2}(y x) .
\end{aligned}
\]

Такие алгебры впервые возникли в работе П. Йордана (P. Jordan, 1933), посвященной аксиоматизации основ квантовой механики, а затем нашли применения в алгебре, анализе и геометрии.

Пусть $A$ - ассоциативная алгебра над полем характеристики $\neq 2$. Множество $A$ с операциями сложения и й о р да нов а умножения

$a \circ b=1 / 2(a b+b a)$
образует алгебру $A^{(+)}$, к-рая является йордановой. Й. а., изоморфная подалгебре алгебры $A^{(+)}$для нек-рой ассоциативной алгебры $A$, называется с п ец и а л ь но й. Роль специальных алгебр в теории Й. а. во многом аналогична роли ассоциативных алгебр в теории альтернативных алгебр. В основе этой аналогии лежит теорема о том, что всякая двупорожденная подалгебра Й. а. специальна. (Всякая двупорожденная подалгебра альтернативной алгебры ассоциативна.) Необходимое и достаточное условие специальности алгебры: Й. а. специальна тогда и только тогда, когда она изоморфно вложима в Й. а., каждое счетное подмножество к-рой лежит в подалгебре, порожденной двумя элементами.

См. также Антикоммутатор.

А. М. Слинько.</text_orig>
</article>
