<?xml version="1.0" ?>
<article uri="http://libmeta.ru/fme/article/1072_KADISONA-ShVARTsA" alphabetic_pos="1074">
  <title>КАДИСОНА-ШВАРЦА НЕРАВЕНСТВО</title>
  <authors>
    <author>A. С. Холево</author>
  </authors>
  <pages>
    <start>227</start>
    <end>227</end>
  </pages>
  <literature>
    <literature_orig>Jum.: [1] K a d is o n R. V., «ann. Math.», 1952, v. 56, p. 494-503; [2] St ø r me r E., «acta math.», 1963, t. 110, p. 233-78.</literature_orig>
    <unit>
      <author>Kadison R. V.</author>
      <title>«ann. Math.»</title>
      <publication/>
      <year>1952</year>
      <other>v. 56, p. 494-503</other>
    </unit>
    <unit>
      <author>Størmer E.</author>
      <title>«acta math.»</title>
      <publication/>
      <year>1963</year>
      <other>t. 110, p. 233-78.</other>
    </unit>
  </literature>
  <formulas_main>
    <formula uri="http://libmeta.ru/fme/formula/main/1072_1_KADISONA-ShVARTsA">\Phi(X)^{*} \Phi(X) \leqslant\|\Phi\| \Phi\left(X^{*} X\right)</formula>
  </formulas_main>
  <formulas_aux>
    <formula uri="http://libmeta.ru/fme/formula/aux/1072_1_KADISONA-ShVARTsA">\phi</formula>
    <formula uri="http://libmeta.ru/fme/formula/aux/1072_2_KADISONA-ShVARTsA">c^{*}</formula>
    <formula uri="http://libmeta.ru/fme/formula/aux/1072_3_KADISONA-ShVARTsA">\mathscr{a}</formula>
    <formula uri="http://libmeta.ru/fme/formula/aux/1072_4_KADISONA-ShVARTsA">c^{*}</formula>
    <formula uri="http://libmeta.ru/fme/formula/aux/1072_5_KADISONA-ShVARTsA">\mathscr{b}</formula>
    <formula uri="http://libmeta.ru/fme/formula/aux/1072_6_KADISONA-ShVARTsA">x \in \mathscr{d}</formula>
    <formula uri="http://libmeta.ru/fme/formula/aux/1072_7_KADISONA-ShVARTsA">x X^{*}=X^{*} X</formula>
    <formula uri="http://libmeta.ru/fme/formula/aux/1072_8_KADISONA-ShVARTsA">\phi</formula>
    <formula uri="http://libmeta.ru/fme/formula/aux/1072_9_KADISONA-ShVARTsA">\boldsymbol{x} \in \%</formula>
  </formulas_aux>
  <relations n="0"/>
  <text>Неравенство для положительного отображения $URI[[http://libmeta.ru/fme/formula/aux/1072_1_KADISONA-ShVARTsA]]/URI$ из $URI[[http://libmeta.ru/fme/formula/aux/1072_2_KADISONA-ShVARTsA]]/URI$-алгебры $URI[[http://libmeta.ru/fme/formula/aux/1072_3_KADISONA-ShVARTsA]]/URI$ в $URI[[http://libmeta.ru/fme/formula/aux/1072_4_KADISONA-ShVARTsA]]/URI$-алгебру $URI[[http://libmeta.ru/fme/formula/aux/1072_5_KADISONA-ShVARTsA]]/URI$ :

\[
URI[[http://libmeta.ru/fme/formula/main/1072_1_KADISONA-ShVARTsA]]/URI
\]

для любого $URI[[http://libmeta.ru/fme/formula/aux/1072_6_KADISONA-ShVARTsA]]/URI$ такого, что $URI[[http://libmeta.ru/fme/formula/aux/1072_7_KADISONA-ShVARTsA]]/URI$. Если $URI[[http://libmeta.ru/fme/formula/aux/1072_8_KADISONA-ShVARTsA]]/URI$ - вполне положительное отображение, то К. - Ш. Н. имеет место для любого $URI[[http://libmeta.ru/fme/formula/aux/1072_9_KADISONA-ShVARTsA]]/URI$</text>
  <text_orig>НеравенствО для положительного отображения $\Phi$ из $C^{*}$-алгебры $\mathscr{A}$ в $C^{*}$-алгебру $\mathscr{B}$ :

\[
\Phi(X)^{*} \Phi(X) \leqslant\|\Phi\| \Phi\left(X^{*} X\right)
\]

для любого $X \in \mathscr{d}$ такого, что $X X^{*}=X^{*} X$. Если $\Phi$ - вполне положительное отображение, то К. - Ш. Н. имеет место для любого $\boldsymbol{X} \in \%$

Jum.: [1] K a d is o n R. V., «Ann. Math.», 1952, v. 56, p. 494-503; [2] St ø r me r E., «Acta math.», 1963, t. 110, p. 233-78. A. С. Холево.</text_orig>
</article>
