<?xml version="1.0" ?>
<article uri="http://libmeta.ru/fme/article/1073_KADOMTsEVA-PETVIAShVILI" alphabetic_pos="1075">
  <title>КАДОМЦЕВА-ПЕТВИАШВИЛИ УРАВНЕНИЕ</title>
  <authors>
    <author>Ю. А. Данилов</author>
  </authors>
  <pages>
    <start>227</start>
    <end>227</end>
  </pages>
  <literature>
    <literature_orig>Лит.: [1] Теория солитонов. Метод обратной задачи, М., 1980; [2] Солитоны, пер. с англ., М., 1983; [3] Абл о в и ц М., С и гу р Х., Солитоны и метод обратной задачи, пер. с англ., М., 1987.</literature_orig>
    <unit>
      <title>Теория солитонов. Метод обратной задачи</title>
      <publication>М.</publication>
      <year>1980</year>
      <other/>
    </unit>
    <unit>
      <title>Солитоны</title>
      <publication>пер. с англ., М.</publication>
      <year>1983</year>
      <other/>
    </unit>
    <unit>
      <author>Абловиц М.</author>
      <author>Сигур Х.</author>
      <title>Солитоны и метод обратной задачи</title>
      <publication>пер. с англ., М.</publication>
      <year>1987</year>
      <other/>
    </unit>
  </literature>
  <formulas_main>
    <formula uri="http://libmeta.ru/fme/formula/main/1073_1_KADOMTsEVA-PETVIAShVILI">\frac{\partial}{\partial x}\left(u_{t}-6 u u_{x}-u_{x x x}\right)=3 \alpha^{2} u_{y y},</formula>
    <formula uri="http://libmeta.ru/fme/formula/main/1073_2_KADOMTsEVA-PETVIAShVILI">\begin{gathered}\frac{\partial}{\partial t} \iint u^{2} d x d y=0, \\\frac{\partial}{\partial t} \iint\left[\frac{u_{x}^{2}}{2}-u^{3}-\frac{3 \alpha^{2}}{2} w^{2}\right] d x d y=0,\end{gathered}</formula>
    <formula uri="http://libmeta.ru/fme/formula/main/1073_3_KADOMTsEVA-PETVIAShVILI">w=\int_{\infty}^{x} u_{y} d x</formula>
    <formula uri="http://libmeta.ru/fme/formula/main/1073_4_KADOMTsEVA-PETVIAShVILI">u=2 x^{2} / \operatorname{ch}^{2} x\left(x-4 x^{2} t-x_{0}\right),</formula>
  </formulas_main>
  <formulas_aux>
    <formula uri="http://libmeta.ru/fme/formula/aux/1073_1_KADOMTsEVA-PETVIAShVILI">x, x_{0}</formula>
    <formula uri="http://libmeta.ru/fme/formula/aux/1073_2_KADOMTsEVA-PETVIAShVILI">\alpha^{2}</formula>
    <formula uri="http://libmeta.ru/fme/formula/aux/1073_3_KADOMTsEVA-PETVIAShVILI">\alpha^{2}&gt;0</formula>
    <formula uri="http://libmeta.ru/fme/formula/aux/1073_4_KADOMTsEVA-PETVIAShVILI">\left({ }^{*}\right)</formula>
    <formula uri="http://libmeta.ru/fme/formula/aux/1073_5_KADOMTsEVA-PETVIAShVILI">\alpha^{2}&lt;0</formula>
  </formulas_aux>
  <relations n="0"/>
  <text>уравнение

\[
URI[[http://libmeta.ru/fme/formula/main/1073_1_KADOMTsEVA-PETVIAShVILI]]/URI
\]

описывающее нелинейные волны в двумерных средах со слабой дисперсией. Обладает той же степенью универсальности, что и Кортевега - де Фриса уравнение в одномерном случае (отсюда и второе название: двумерное уравнение Кортевега - де Фриса). Получено Б. Б. Кадомцевым и В. И. Петвиашвили в 1970 . К. - П. у. представляет собой гамильтонову систему, имеющую бесконечный набор интегралов движения; входящие в этот набор интегралы

r旦e

\[
URI[[http://libmeta.ru/fme/formula/main/1073_2_KADOMTsEVA-PETVIAShVILI]]/URI
\]

\[
URI[[http://libmeta.ru/fme/formula/main/1073_3_KADOMTsEVA-PETVIAShVILI]]/URI
\]

имеют смысл законов сохранения импульса и энергии для среды, описываемой этим уравнением. К. - П. у. связано со многими известными уравнениями: обычным и радиальным уравнением Кортевега - де Фриса, стационарным К. - П. у. и др. Для К. - П. у. найдено несколько точных решений различного вида, в том числе одномерный солитон

\[
URI[[http://libmeta.ru/fme/formula/main/1073_4_KADOMTsEVA-PETVIAShVILI]]/URI
\]

где $URI[[http://libmeta.ru/fme/formula/aux/1073_1_KADOMTsEVA-PETVIAShVILI]]/URI$ - постоянные.

Свойства К. - П. у. зависят от знака величины $URI[[http://libmeta.ru/fme/formula/aux/1073_2_KADOMTsEVA-PETVIAShVILI]]/URI$, к-рый определяется характером дисперсии. В среде с положительной дисперсией, когда $URI[[http://libmeta.ru/fme/formula/aux/1073_3_KADOMTsEVA-PETVIAShVILI]]/URI$, солитон $URI[[http://libmeta.ru/fme/formula/aux/1073_4_KADOMTsEVA-PETVIAShVILI]]/URI$ неустойчив по отношению к двумерным возмущениям. При $URI[[http://libmeta.ru/fme/formula/aux/1073_5_KADOMTsEVA-PETVIAShVILI]]/URI$ одномерный солитон устойчив.

См. также Алгебро-геометрические методы в теории поля.</text>
  <text_orig>уравнение

\[
\frac{\partial}{\partial x}\left(u_{t}-6 u u_{x}-u_{x x x}\right)=3 \alpha^{2} u_{y y},
\]

описывающее нелинейные волны в двумерных средах со слабой дисперсией. Обладает той же степенью универсальности, что и Кортевега - де Фриса уравнение в одномерном случае (отсюда и второе название: двумерное уравнение Кортевега - де Фриса). Получено Б. Б. Кадомцевым и В. И. Петвиашвили в 1970 . К. - П. у. представляет собой гамильтонову систему, имеющую бесконечный набор интегралов движения; входящие в этот набор интегралы

r旦e

\[
\begin{gathered}
\frac{\partial}{\partial t} \iint u^{2} d x d y=0, \\
\frac{\partial}{\partial t} \iint\left[\frac{u_{x}^{2}}{2}-u^{3}-\frac{3 \alpha^{2}}{2} w^{2}\right] d x d y=0,
\end{gathered}
\]

\[
w=\int_{\infty}^{x} u_{y} d x
\]

имеют смысл законов сохранения импульса и энергии для среды, описываемой этим уравнением. К. - П. у. связано со многими известными уравнениями: обычным и радиальным уравнением Кортевега - де Фриса, стационарным К. - П. у. и др. Для К. - П. у. найдено несколько точных решений различного вида, в том числе одномерный солитон

\[
u=2 x^{2} / \operatorname{ch}^{2} x\left(x-4 x^{2} t-x_{0}\right),
\]

где $x, x_{0}$ - постоянные.

Свойства К. - П. у. зависят от знака величины $\alpha^{2}$, к-рый определяется характером дисперсии. В среде с положительной дисперсией, когда $\alpha^{2}&gt;0$, солитон $\left({ }^{*}\right)$ неустойчив по отношению к двумерным возмущениям. При $\alpha^{2}&lt;0$ одномерный солитон устойчив.

См. также Алгебро-геометрические методы в теории поля.

Лит.: [1] Теория солитонов. Метод обратной задачи, М., 1980; [2] Солитоны, пер. с англ., М., 1983; [3] Абл о в и ц М., С и гу р Х., Солитоны и метод обратной задачи, пер. с англ., М., 1987.

Ю. А. Данилов.</text_orig>
</article>
