<?xml version="1.0" ?>
<article uri="http://libmeta.ru/fme/article/1079_KALIBROVOChNO" alphabetic_pos="1081">
  <title>КАЛИБРОВОЧНО ЭКВИВАЛЕНТНЫЕ СИСТЕМЫ</title>
  <authors>
    <author>В. П. Котияров</author>
  </authors>
  <pages>
    <start>228</start>
    <end>228</end>
  </pages>
  <literature>
    <literature_orig/>
  </literature>
  <formulas_main>
    <formula uri="http://libmeta.ru/fme/formula/main/1079_1_KALIBROVOChNO">\varphi_{i x}^{\prime}=U_{i}(x, t, \lambda) \varphi_{i}, \dot{\varphi}_{i t}=V_{i}(x, t, \lambda) \varphi_{i}, \quad i=1,2,</formula>
    <formula uri="http://libmeta.ru/fme/formula/main/1079_2_KALIBROVOChNO">\varphi_{2}(x, t, \lambda)=g(x, t) \varphi_{1}(x, t, \lambda)</formula>
    <formula uri="http://libmeta.ru/fme/formula/main/1079_3_KALIBROVOChNO">\begin{gathered}U_{2}=g_{x}^{\prime} g^{-1}+g U_{1} g^{-1}, \\V_{2}=\dot{g}_{t} g^{-1}+g V_{1} g^{-1} .\end{gathered}</formula>
  </formulas_main>
  <formulas_aux>
    <formula uri="http://libmeta.ru/fme/formula/aux/1079_1_KALIBROVOChNO">\lambda</formula>
    <formula uri="http://libmeta.ru/fme/formula/aux/1079_2_KALIBROVOChNO">g(x, t)</formula>
  </formulas_aux>
  <relations n="0"/>
  <text>две системы совместных уравнений Захарова - Шабатта

\[
URI[[http://libmeta.ru/fme/formula/main/1079_1_KALIBROVOChNO]]/URI
\]

связанные следующим образом: если существует невырожденное и не зависящее от спектрального параметра $URI[[http://libmeta.ru/fme/formula/aux/1079_1_KALIBROVOChNO]]/URI$ преобразование $URI[[http://libmeta.ru/fme/formula/aux/1079_2_KALIBROVOChNO]]/URI$ такое, что

и

\[
URI[[http://libmeta.ru/fme/formula/main/1079_2_KALIBROVOChNO]]/URI
\]

\[
URI[[http://libmeta.ru/fme/formula/main/1079_3_KALIBROVOChNO]]/URI
\]</text>
  <text_orig>две системы совместных уравнений Захарова - Шабатта

\[
\varphi_{i x}^{\prime}=U_{i}(x, t, \lambda) \varphi_{i}, \dot{\varphi}_{i t}=V_{i}(x, t, \lambda) \varphi_{i}, \quad i=1,2,
\]

связанные следующим образом: если сушествует невырожденное и не зависящее от спектрального параметра $\lambda$ преобразование $g(x, t)$ такое, что

и

\[
\varphi_{2}(x, t, \lambda)=g(x, t) \varphi_{1}(x, t, \lambda)
\]

\[
\begin{gathered}
U_{2}=g_{x}^{\prime} g^{-1}+g U_{1} g^{-1}, \\
V_{2}=\dot{g}_{t} g^{-1}+g V_{1} g^{-1} .
\end{gathered}
\]

В. П. Котияров.</text_orig>
</article>
