<?xml version="1.0" ?>
<article uri="http://libmeta.ru/fme/article/107_ASIMPTOTIKA" alphabetic_pos="107">
  <title>АСИМПТОТИКА ПО ГЛАДКОСТИ ОБОБЩЕННОЙ ФУНКЦИИ $f(x)$ НА ГЛАДКОМ МНОГООБРАЗИИ $M$</title>
  <authors>
    <author>Б. Ю. Стернин</author>
    <author>В. Е. Шаталов</author>
  </authors>
  <pages>
    <start>31</start>
    <end>31</end>
  </pages>
  <literature>
    <literature_orig/>
  </literature>
  <formulas_main>
    <formula uri="http://libmeta.ru/fme/formula/main/107_1_ASIMPTOTIKA">D^{\prime}(M) \supset \ldots \supset H^{s}(M) \supset \ldots</formula>
    <formula uri="http://libmeta.ru/fme/formula/main/107_2_ASIMPTOTIKA">C^{0}(M) \supset C^{1}(M) \supset C^{2}(M) \supset \ldots</formula>
  </formulas_main>
  <formulas_aux>
    <formula uri="http://libmeta.ru/fme/formula/aux/107_1_ASIMPTOTIKA">c^{\infty}</formula>
    <formula uri="http://libmeta.ru/fme/formula/aux/107_2_ASIMPTOTIKA">h^{s}(m)</formula>
  </formulas_aux>
  <relations n="0"/>
  <text>асимптотическое разложение, ассоциированное с фильтрацией

\[
URI[[http://libmeta.ru/fme/formula/main/107_1_ASIMPTOTIKA]]/URI
\]

$URI[[http://libmeta.ru/fme/formula/aux/107_1_ASIMPTOTIKA]]/URI$-модулей $URI[[http://libmeta.ru/fme/formula/aux/107_2_ASIMPTOTIKA]]/URI$-пространств Соболева порядка s. В качестве фильтрации также используется фильтрация

\[
URI[[http://libmeta.ru/fme/formula/main/107_2_ASIMPTOTIKA]]/URI
\]

пространствами гладких функций с равномерными нормами и др.</text>
  <text_orig>асимптотическое разложение, ассоциированное с фильтрацией

\[
D^{\prime}(M) \supset \ldots \supset H^{s}(M) \supset \ldots
\]

$C^{\infty}$-модулей $H^{s}(M)$-пространств Соболева порядка s. В качестве фильтрации также используется фильтрация

\[
C^{0}(M) \supset C^{1}(M) \supset C^{2}(M) \supset \ldots
\]

пространствами гладких функций с равномерными нормами и др.

Б. Ю. Стернин, В. Е. Шаталов.</text_orig>
</article>
