<?xml version="1.0" ?>
<article uri="http://libmeta.ru/fme/article/1080_KALIBROVOChNO" alphabetic_pos="1082">
  <title>КАЛИБРОВОЧНО ЭКВИВАЛЕНТНЫЕ УРАВНЕНИЯ</title>
  <authors>
    <author>В. П. Котляров</author>
  </authors>
  <pages>
    <start>228</start>
    <end>228</end>
  </pages>
  <literature>
    <literature_orig>Лит.: [1] Тахтаджян Л. А., Фадде е в Л. Д., Гамильтонов подход в теории солитонов, М., 1986; [2] Додд Р., Эйл бек Дж., Гиббон Дж., Моррис Х., Солитоны и нелинейные волновые уравнения, пер. с англ., М., 1988.</literature_orig>
    <unit>
      <author>Тахтаджян Л. А.</author>
      <author>Фаддеев Л. Д.</author>
      <title>Гамильтонов подход в теории солитонов</title>
      <publication>М.</publication>
      <year>1986</year>
      <other/>
    </unit>
    <unit>
      <author>Додд Р.</author>
      <title>Эйл бек Дж., Гиббон Дж., Моррис Х., Солитоны и нелинейные волновые уравнения</title>
      <publication>пер. с англ., М.</publication>
      <year>1988</year>
      <other/>
    </unit>
  </literature>
  <formulas_main>
    <formula uri="http://libmeta.ru/fme/formula/main/1080_1_KALIBROVOChNO">U_{t}-V_{x}+[U, V]=0</formula>
    <formula uri="http://libmeta.ru/fme/formula/main/1080_2_KALIBROVOChNO">\boldsymbol{S}_{t}=\boldsymbol{S} \times \boldsymbol{S}_{x x}+\beta(\boldsymbol{S}) \boldsymbol{S} \times n, \boldsymbol{S}^{2}=1, \beta \geqslant 0,</formula>
    <formula uri="http://libmeta.ru/fme/formula/main/1080_3_KALIBROVOChNO">i u_{t}+u_{x x}+2|u|^{2} u=0 .</formula>
    <formula uri="http://libmeta.ru/fme/formula/main/1080_4_KALIBROVOChNO">\varphi_{x x}+\varphi_{y y}=\sin \varphi</formula>
    <formula uri="http://libmeta.ru/fme/formula/main/1080_5_KALIBROVOChNO">S_{x x}+S_{y y}+\left(S_{x}^{2}+S_{y}^{2}\right) S=0, S^{2}=1 .</formula>
  </formulas_main>
  <formulas_aux/>
  <relations n="0"/>
  <text>уравнения нулевой кривизны:

\[
URI[[http://libmeta.ru/fme/formula/main/1080_1_KALIBROVOChNO]]/URI
\]

порождаемые калибровочно эквивалентными системами уравнений Захарова-Шабата. Наиболее известной парой К. э. у. являются уравнение Ландау-Лифшица с анизотропией типа «легкая ось»:

\[
URI[[http://libmeta.ru/fme/formula/main/1080_2_KALIBROVOChNO]]/URI
\]

и нелинейное уравнение Шредингера (случай притяжения) (см. [1]):

\[
URI[[http://libmeta.ru/fme/formula/main/1080_3_KALIBROVOChNO]]/URI
\]

Другой такой парой являются эллиптич. уравнение синусгордона

\[
URI[[http://libmeta.ru/fme/formula/main/1080_4_KALIBROVOChNO]]/URI
\]

и уравнение ферромагнетика Гейзенберга вида (см. [2]):

\[
URI[[http://libmeta.ru/fme/formula/main/1080_5_KALIBROVOChNO]]/URI
\]</text>
  <text_orig>уравнения нулевой кривизны:

\[
U_{t}-V_{x}+[U, V]=0
\]

порождаемые калибровочно эквивалентными системами уравнений Захарова-Шабата. Наиболее известной парой К. э. у. являются уравнение Ландау-Лифшица с анизотропией типа «легкая ось»:

\[
\boldsymbol{S}_{t}=\boldsymbol{S} \times \boldsymbol{S}_{x x}+\beta(\boldsymbol{S}) \boldsymbol{S} \times n, \boldsymbol{S}^{2}=1, \beta \geqslant 0,
\]

и нелинейное уравнение Шредингера (случай притяжения) (см. [1]):

\[
i u_{t}+u_{x x}+2|u|^{2} u=0 .
\]

Другой такой парой являются эллиптич. уравнение синусГордона

\[
\varphi_{x x}+\varphi_{y y}=\sin \varphi
\]

и уравнение ферромагнетика Гейзенберга вида (см. [2]):

\[
S_{x x}+S_{y y}+\left(S_{x}^{2}+S_{y}^{2}\right) S=0, S^{2}=1 .
\]

Лит.: [1] Тахтаджян Л. А., Фадде е в Л. Д., Гамильтонов подход в теории солитонов, М., 1986; [2] Додд Р., Эйл бек Дж., Гиббон Дж., Моррис Х., Солитоны и нелинейные волновые уравнения, пер. с англ., М., 1988.

В. П. Котляров.</text_orig>
</article>
