<?xml version="1.0" ?>
<article uri="http://libmeta.ru/fme/article/1081_KALIBROVOChNOE" alphabetic_pos="1083">
  <title>КАЛИБРОВОЧНОЕ ПОЛЕ</title>
  <authors>
    <author>А. А. Славнов</author>
  </authors>
  <pages>
    <start>228</start>
    <end>230</end>
  </pages>
  <literature>
    <literature_orig>Лит.: [1] С ла в но в А. А., Фа дде е в Л. Д., Введение в квантовую теорию калибровочных полей, 2 изд., М., 1988; [2] Т е й ло р Дж., Калибровочные теории слабых взаимодействий, пер. с англ., М., 1978; [3] И ц и к с о н К., 3 ю б е р Ж.-Б., Квантовая теория поля, пер. с англ., т. 2, М., 1984; [4] Окун ь Л. Б., Лептоны и кварки, М., 1981; [5] Х у а н г К., Кварки, лептоны и калибровочные поля, пер. с англ., М., 1985.</literature_orig>
    <unit>
      <author>Славнов А. А.</author>
      <author>Фаддеев Л. Д.</author>
      <title>Введение в квантовую теорию калибровочных полей</title>
      <publication>2 изд., М.</publication>
      <year>1988</year>
      <other/>
    </unit>
    <unit>
      <title>Т е й ло р Дж., Калибровочные теории слабых взаимодействий</title>
      <publication>пер. с англ., М.</publication>
      <year>1978</year>
      <other/>
    </unit>
    <unit>
      <author>Ициксон К.</author>
      <author>3юбер Ж.- Б.</author>
      <title>Квантовая теория поля</title>
      <publication>пер. с англ., т. 2, М.</publication>
      <year>1984</year>
      <other/>
    </unit>
    <unit>
      <author>Окунь Л. Б.</author>
      <title>Лептоны и кварки</title>
      <publication>М.</publication>
      <year>1981</year>
      <other/>
    </unit>
    <unit>
      <author>Хуанг К.</author>
      <title>Кварки, лептоны и калибровочные поля</title>
      <publication>пер. с англ., М.</publication>
      <year>1985</year>
      <other/>
    </unit>
  </literature>
  <formulas_main>
    <formula uri="http://libmeta.ru/fme/formula/main/1081_1_KALIBROVOChNOE">\Psi(x) \rightarrow e^{i \alpha} \Psi(x), \bar{\Psi}(x) \rightarrow e^{-i \alpha} \bar{\Psi}(x) .</formula>
    <formula uri="http://libmeta.ru/fme/formula/main/1081_2_KALIBROVOChNOE">\Psi(x) \rightarrow e^{i \alpha(x)} \Psi(x), \bar{\Psi}(x) \rightarrow e^{-i \alpha(x)} \bar{\Psi}(x) .</formula>
    <formula uri="http://libmeta.ru/fme/formula/main/1081_3_KALIBROVOChNOE">\left.\begin{array}{c}\partial_{\mu} F_{\mu \nu}=j_{v}, \quad F_{\mu \nu}=\partial_{\mu} A_{v}-\partial_{v} A_{\mu}, \\\left(i \gamma_{\mu} \partial_{\mu}-m+e \gamma_{\mu} A_{\mu}\right) \psi(x)=0, \\j_{v}=e \bar{\psi} \gamma_{v} \psi,\end{array}\right\} .</formula>
    <formula uri="http://libmeta.ru/fme/formula/main/1081_4_KALIBROVOChNOE">A_{\mu} \rightarrow A_{\mu}(x)+\frac{1}{c} \partial_{\mu} \alpha(x)</formula>
    <formula uri="http://libmeta.ru/fme/formula/main/1081_5_KALIBROVOChNOE">A_{\mu}(x)=A_{\mu}^{a}(x) t^{a}</formula>
    <formula uri="http://libmeta.ru/fme/formula/main/1081_6_KALIBROVOChNOE">\left.\begin{array}{l}\Psi(x) \rightarrow \Psi^{\omega}(x)=\exp \{\Gamma[\omega(x)]\} \Psi(x), \\A_{\mu}(x) \rightarrow A_{\mu}^{\omega}(x)=\omega(x) A_{\mu}(x) \omega^{-1}(x)+\partial_{\mu} \omega^{-1}(x) \omega(x) .\end{array}\right\}</formula>
    <formula uri="http://libmeta.ru/fme/formula/main/1081_7_KALIBROVOChNOE">\omega(x)=\exp \left\{i \alpha^{a}(x) t^{a}\right\} .</formula>
    <formula uri="http://libmeta.ru/fme/formula/main/1081_8_KALIBROVOChNOE">\partial_{\mu} \rightarrow \nabla_{\mu}=\partial_{\mu}-g \Gamma\left(A_{\mu}\right)</formula>
    <formula uri="http://libmeta.ru/fme/formula/main/1081_9_KALIBROVOChNOE">\Gamma\left(A_{\mu}\right)=\Gamma\left(A_{\mu}^{a} t^{a}\right)=\frac{1}{2 i} A_{\mu}^{a} \tau^{a},</formula>
    <formula uri="http://libmeta.ru/fme/formula/main/1081_10_KALIBROVOChNOE">\mathscr{L}=\frac{1}{8} \operatorname{tr} F_{\mu \nu} F_{\mu \nu}=\frac{1}{8}\left\langle F_{\mu v}, F_{\mu \nu}\right\rangle,</formula>
    <formula uri="http://libmeta.ru/fme/formula/main/1081_11_KALIBROVOChNOE">F_{\mu \nu}=\partial_{\mu} A_{v}-\partial_{\nu} A_{\mu}+g\left[A_{\mu}, A_{v}\right]</formula>
    <formula uri="http://libmeta.ru/fme/formula/main/1081_12_KALIBROVOChNOE">\nabla_{\mu} F_{\mu \nu}=j_{v}</formula>
    <formula uri="http://libmeta.ru/fme/formula/main/1081_13_KALIBROVOChNOE">\left.\nabla_{\mu} \Psi(x)\right|_{x=x(s)} \frac{d x_{\mu}}{d s}=0 .</formula>
    <formula uri="http://libmeta.ru/fme/formula/main/1081_14_KALIBROVOChNOE">p_{0}^{a}=\delta \varrho / \delta\left(\frac{\partial A^{a}}{\partial x_{0}}\right)</formula>
    <formula uri="http://libmeta.ru/fme/formula/main/1081_15_KALIBROVOChNOE">\nabla_{i} p_{i}=j_{0}, i=1,2,3,</formula>
    <formula uri="http://libmeta.ru/fme/formula/main/1081_16_KALIBROVOChNOE">\begin{aligned}S_{\ni \Phi} &amp; =\int\left\{\frac { 1 } { 8 } \operatorname { T r } \left[F_{\mu \nu} F_{\mu \nu}-\frac{2}{\beta}\left(\partial_{\mu} A_{\mu}\right)^{2}-\right.\right. \\&amp; \left.\left.-4 \bar{c}\left(\square c-g \partial_{\mu}\left[A_{\mu}, c\right]\right)\right]\right\} d^{4} x .\end{aligned}</formula>
    <formula uri="http://libmeta.ru/fme/formula/main/1081_17_KALIBROVOChNOE">Q|\Phi\rangle_{\text {физ }}=0 \text {, }</formula>
  </formulas_main>
  <formulas_aux>
    <formula uri="http://libmeta.ru/fme/formula/aux/1081_1_KALIBROVOChNOE">a_{\mu}(x)</formula>
    <formula uri="http://libmeta.ru/fme/formula/aux/1081_2_KALIBROVOChNOE">u(1)</formula>
    <formula uri="http://libmeta.ru/fme/formula/aux/1081_3_KALIBROVOChNOE">\psi, \Psi:</formula>
    <formula uri="http://libmeta.ru/fme/formula/aux/1081_4_KALIBROVOChNOE">a_{\mu}</formula>
    <formula uri="http://libmeta.ru/fme/formula/aux/1081_5_KALIBROVOChNOE">a_{\mu}^{a}(x)</formula>
    <formula uri="http://libmeta.ru/fme/formula/aux/1081_6_KALIBROVOChNOE">\psi(x)</formula>
    <formula uri="http://libmeta.ru/fme/formula/aux/1081_7_KALIBROVOChNOE">\omega(s U(2), S U(3)</formula>
    <formula uri="http://libmeta.ru/fme/formula/aux/1081_8_KALIBROVOChNOE">a_{\mu}(x)</formula>
    <formula uri="http://libmeta.ru/fme/formula/aux/1081_9_KALIBROVOChNOE">\omega</formula>
    <formula uri="http://libmeta.ru/fme/formula/aux/1081_10_KALIBROVOChNOE">\left(t^{a}\right)</formula>
    <formula uri="http://libmeta.ru/fme/formula/aux/1081_11_KALIBROVOChNOE">\gamma(\omega)</formula>
    <formula uri="http://libmeta.ru/fme/formula/aux/1081_12_KALIBROVOChNOE">\omega</formula>
    <formula uri="http://libmeta.ru/fme/formula/aux/1081_13_KALIBROVOChNOE">\psi</formula>
    <formula uri="http://libmeta.ru/fme/formula/aux/1081_14_KALIBROVOChNOE">\omega(x)</formula>
    <formula uri="http://libmeta.ru/fme/formula/aux/1081_15_KALIBROVOChNOE">x</formula>
    <formula uri="http://libmeta.ru/fme/formula/aux/1081_16_KALIBROVOChNOE">\omega</formula>
    <formula uri="http://libmeta.ru/fme/formula/aux/1081_17_KALIBROVOChNOE">\gamma\left(a_{\mu}\right)</formula>
    <formula uri="http://libmeta.ru/fme/formula/aux/1081_18_KALIBROVOChNOE">a_{\mu}</formula>
    <formula uri="http://libmeta.ru/fme/formula/aux/1081_19_KALIBROVOChNOE">\omega=s U(2)</formula>
    <formula uri="http://libmeta.ru/fme/formula/aux/1081_20_KALIBROVOChNOE">\tau^{a}</formula>
    <formula uri="http://libmeta.ru/fme/formula/aux/1081_21_KALIBROVOChNOE">\langle,&gt;</formula>
    <formula uri="http://libmeta.ru/fme/formula/aux/1081_22_KALIBROVOChNOE">\omega, F_{\mu \nu}-</formula>
    <formula uri="http://libmeta.ru/fme/formula/aux/1081_23_KALIBROVOChNOE">j_{v}</formula>
    <formula uri="http://libmeta.ru/fme/formula/aux/1081_24_KALIBROVOChNOE">\gamma(s)</formula>
    <formula uri="http://libmeta.ru/fme/formula/aux/1081_25_KALIBROVOChNOE">x_{\mu}=x_{\mu}(s)</formula>
    <formula uri="http://libmeta.ru/fme/formula/aux/1081_26_KALIBROVOChNOE">f_{\mu \nu}</formula>
    <formula uri="http://libmeta.ru/fme/formula/aux/1081_27_KALIBROVOChNOE">a</formula>
    <formula uri="http://libmeta.ru/fme/formula/aux/1081_28_KALIBROVOChNOE">a_{0}</formula>
    <formula uri="http://libmeta.ru/fme/formula/aux/1081_29_KALIBROVOChNOE">a_{\mu}</formula>
    <formula uri="http://libmeta.ru/fme/formula/aux/1081_30_KALIBROVOChNOE">a_{\mu}^{\omega}</formula>
    <formula uri="http://libmeta.ru/fme/formula/aux/1081_31_KALIBROVOChNOE">a_{\mu}</formula>
    <formula uri="http://libmeta.ru/fme/formula/aux/1081_32_KALIBROVOChNOE">\partial_{i} A_{i}=0</formula>
    <formula uri="http://libmeta.ru/fme/formula/aux/1081_33_KALIBROVOChNOE">p_{i}</formula>
    <formula uri="http://libmeta.ru/fme/formula/aux/1081_34_KALIBROVOChNOE">p_{i}^{t r}, A_{i}^{t r}</formula>
    <formula uri="http://libmeta.ru/fme/formula/aux/1081_35_KALIBROVOChNOE">p_{i}^{t r}, A_{i}^{t r}</formula>
    <formula uri="http://libmeta.ru/fme/formula/aux/1081_36_KALIBROVOChNOE">g</formula>
    <formula uri="http://libmeta.ru/fme/formula/aux/1081_37_KALIBROVOChNOE">\beta</formula>
    <formula uri="http://libmeta.ru/fme/formula/aux/1081_38_KALIBROVOChNOE">\bar{c}, c-</formula>
    <formula uri="http://libmeta.ru/fme/formula/aux/1081_39_KALIBROVOChNOE">a_{\mu}</formula>
    <formula uri="http://libmeta.ru/fme/formula/aux/1081_40_KALIBROVOChNOE">a_{\mu}</formula>
    <formula uri="http://libmeta.ru/fme/formula/aux/1081_41_KALIBROVOChNOE">c, \bar{c}</formula>
    <formula uri="http://libmeta.ru/fme/formula/aux/1081_42_KALIBROVOChNOE">|\phi\rangle_{\text {физ выделяются условием }}</formula>
    <formula uri="http://libmeta.ru/fme/formula/aux/1081_43_KALIBROVOChNOE">q</formula>
    <formula uri="http://libmeta.ru/fme/formula/aux/1081_44_KALIBROVOChNOE">\left(n^{-1}\right.</formula>
    <formula uri="http://libmeta.ru/fme/formula/aux/1081_45_KALIBROVOChNOE">(\bar{\psi} \Psi), \operatorname{tr}\left(F_{\mu \nu} F_{\mu \nu}\right)</formula>
  </formulas_aux>
  <relations n="2">
    <relation uri="http://libmeta.ru/fme/relation/1081_1_KALIBROVOChNOE">
      <rel_text>Суперсимметрия</rel_text>
      <target>http://libmeta.ru/fme/article/2994_SUPERGRAVITATsI</target>
    </relation>
    <relation uri="http://libmeta.ru/fme/relation/1081_2_KALIBROVOChNOE">
      <rel_text>Инфракрасные расходимости</rel_text>
      <target>http://libmeta.ru/fme/article/1057_INFRAKRASNAJa</target>
    </relation>
  </relations>
  <text>поле, обеспечивающее инвариантность теории относительно калибровочных преобразований.

Простейшим примером К. П. является электромагнитное поле $URI[[http://libmeta.ru/fme/formula/aux/1081_1_KALIBROVOChNOE]]/URI$, связанное с калибровочной группой $URI[[http://libmeta.ru/fme/formula/aux/1081_2_KALIBROVOChNOE]]/URI$. Уравнение Дирака, описывающее свободные электроны, инвариантно относительно фазовых преобразований электрон-позитронных полей $URI[[http://libmeta.ru/fme/formula/aux/1081_3_KALIBROVOChNOE]]/URI$

\[
URI[[http://libmeta.ru/fme/formula/main/1081_1_KALIBROVOChNOE]]/URI
\]

Эта инвариантность отражает произвол выбора базиса в зарядовом пространстве - абсолютная величина фазы заряженного поля не имеет физич. смысла. Наблюдаемой является лишь разность фаз электронного и позитронного полей. Возможность независимого выбора базиса в зарядовом пространстве для различных пространственно-временных точек приводит к требованию инвариантности относительно локальных фазовых преобразований

\[
URI[[http://libmeta.ru/fme/formula/main/1081_2_KALIBROVOChNOE]]/URI
\]

Свободное уравнение Дирака уже не инвариантно относительно преобразований (2). Однако система уравнений Максвелла-Дирака, описывающая взаимодействующие электрон-позитронное и электромагнитное поля

\[
URI[[http://libmeta.ru/fme/formula/main/1081_3_KALIBROVOChNOE]]/URI
\]

инвариантна относительно преобразований (2), если одновременно электромагнитное поле $URI[[http://libmeta.ru/fme/formula/aux/1081_4_KALIBROVOChNOE]]/URI$ испытывает калибровочное преобразование

\[
URI[[http://libmeta.ru/fme/formula/main/1081_4_KALIBROVOChNOE]]/URI
\]

Обобщение этой конструкции на случай неабелевых групп было впервые дано в 1954 Ч. Янгом (c. Yang) и P. Миллсом (r. Mills). Роль электромагнитного поля играет в этом случае многокомпонентное поле $URI[[http://libmeta.ru/fme/formula/aux/1081_5_KALIBROVOChNOE]]/URI$, получившее название поля Я нга-М иллса. Поля $URI[[http://libmeta.ru/fme/formula/aux/1081_6_KALIBROVOChNOE]]/URI$ (поля материи) принимают значения в зарядовом пространстве, являющемся пространством представления нек-рой полупростой компактной группы $URI[[http://libmeta.ru/fme/formula/aux/1081_7_KALIBROVOChNOE]]/URI$ и т. д.). Поле Янга-Миллса удобно описывать векторной функцией $URI[[http://libmeta.ru/fme/formula/aux/1081_8_KALIBROVOChNOE]]/URI$, принимающей значения в алгебре Ли группы $URI[[http://libmeta.ru/fme/formula/aux/1081_9_KALIBROVOChNOE]]/URI$. Оно задается коэффициентами

\[
URI[[http://libmeta.ru/fme/formula/main/1081_5_KALIBROVOChNOE]]/URI
\]

по отношению к базису генераторов присоединенного представления $URI[[http://libmeta.ru/fme/formula/aux/1081_10_KALIBROVOChNOE]]/URI$. Калибровочные преобразования, обобщающие преобразования (2), (4), имеют вид

\[
URI[[http://libmeta.ru/fme/formula/main/1081_6_KALIBROVOChNOE]]/URI
\]

Здесь $URI[[http://libmeta.ru/fme/formula/aux/1081_11_KALIBROVOChNOE]]/URI$ - генераторы группы $URI[[http://libmeta.ru/fme/formula/aux/1081_12_KALIBROVOChNOE]]/URI$ в представлении, реализуемом полями $URI[[http://libmeta.ru/fme/formula/aux/1081_13_KALIBROVOChNOE]]/URI$, а $URI[[http://libmeta.ru/fme/formula/aux/1081_14_KALIBROVOChNOE]]/URI$ при каждом $URI[[http://libmeta.ru/fme/formula/aux/1081_15_KALIBROVOChNOE]]/URI$ является матрицей в присоединенном представлении группы $URI[[http://libmeta.ru/fme/formula/aux/1081_16_KALIBROVOChNOE]]/URI$. Можно положить

\[
URI[[http://libmeta.ru/fme/formula/main/1081_7_KALIBROVOChNOE]]/URI
\]

Динамика полей Янга-Миллса фиксируется требованием калибровочной инвариантности. Взаимодействие поля Янга-Миллса с полями материи вводится путем замены производных в свободном лагранжиане на ковариантные производные

\[
URI[[http://libmeta.ru/fme/formula/main/1081_8_KALIBROVOChNOE]]/URI
\]

где $URI[[http://libmeta.ru/fme/formula/aux/1081_17_KALIBROVOChNOE]]/URI$ - представление матриц $URI[[http://libmeta.ru/fme/formula/aux/1081_18_KALIBROVOChNOE]]/URI$, соответствующее рассматриваемому представлению калибровочной группы. Напр., если $URI[[http://libmeta.ru/fme/formula/aux/1081_19_KALIBROVOChNOE]]/URI$, а поля материи реализуют ее двумерное представление, то

\[
URI[[http://libmeta.ru/fme/formula/main/1081_9_KALIBROVOChNOE]]/URI
\]

где $URI[[http://libmeta.ru/fme/formula/aux/1081_20_KALIBROVOChNOE]]/URI$ - матрицы Паули. Лагранжиан самого поля Янга-Миллса имеет вид:

\[
URI[[http://libmeta.ru/fme/formula/main/1081_10_KALIBROVOChNOE]]/URI
\]

где через $URI[[http://libmeta.ru/fme/formula/aux/1081_21_KALIBROVOChNOE]]/URI$ обозначена форма Киллинга для алгебры Ли группы $URI[[http://libmeta.ru/fme/formula/aux/1081_22_KALIBROVOChNOE]]/URI$ тензор напряженности поля Янга-Миллса:

\[
URI[[http://libmeta.ru/fme/formula/main/1081_11_KALIBROVOChNOE]]/URI
\]

Если ограничиться минимальным числом производных, то форма (9) является единственным лоренц-инвариантным выражением, инвариантным относительно неабелевых калибровочных преобразований (6).

Уравнения Эйлера - Лагранжа для поля Янга - Миллса имеют вид:

\[
URI[[http://libmeta.ru/fme/formula/main/1081_12_KALIBROVOChNOE]]/URI
\]

где $URI[[http://libmeta.ru/fme/formula/aux/1081_23_KALIBROVOChNOE]]/URI$ - ток полей материи.

Естественный геометрич. язык для описания полей Янга-Миллса дает теория расслоенных пространств. Полю Янга-Миллса в этой теории соответствует связность в главном расслоении. Подобно символам Кристоффеля в теории тяготения, К. П. описывает параллельный перенос в зарядовом пространстве. Если $URI[[http://libmeta.ru/fme/formula/aux/1081_24_KALIBROVOChNOE]]/URI$ - контур в пространстве-времени, задаваемый уравнениями $URI[[http://libmeta.ru/fme/formula/aux/1081_25_KALIBROVOChNOE]]/URI$, то ковариантная производная в касательном направлении к этому контуру равна нулю:

\[
URI[[http://libmeta.ru/fme/formula/main/1081_13_KALIBROVOChNOE]]/URI
\]

Тензор напряженности $URI[[http://libmeta.ru/fme/formula/aux/1081_26_KALIBROVOChNOE]]/URI$ является тензором кривизны зарядового пространства.

Инвариантность функции Лагранжа относительно калибровочных преобразований, зависящих от произвольной функции, приводит к линейной зависимости уравнений движения. Нек-рые из функций, параметризующих классич. решение, произвольным образом зависят от времени. При квантовании необходимо разделить истинные динамич. переменные и групповые параметры. Так, для поля Янга-Миллса компонента $URI[[http://libmeta.ru/fme/formula/aux/1081_27_KALIBROVOChNOE]]/URI$ представляет собой не динамич. переменную, а множитель Лагранжа. Соответствующий ей канонич. импульс

\[
URI[[http://libmeta.ru/fme/formula/main/1081_14_KALIBROVOChNOE]]/URI
\]

тождественно обращается в нуль, а уравнение Эйлера - Лагранжа, получающееся при варьировании действия по $URI[[http://libmeta.ru/fme/formula/aux/1081_28_KALIBROVOChNOE]]/URI$ :

\[
URI[[http://libmeta.ru/fme/formula/main/1081_15_KALIBROVOChNOE]]/URI
\]

не содержит производной по времени и поэтому не описывает динамику системы, а является уравнением связи. Общая теория квантования систем со связями была развита П. Дираком (p. Dirac, 1956), Л. Д. Фаддеевым (1969) и др. Ее суть состоит в том, что канонич. перестановочные соотношения накладываются лишь на истинные динамич. переменные, к-рые можно найти, решив уравнения связи и наложив на поля $URI[[http://libmeta.ru/fme/formula/aux/1081_29_KALIBROVOChNOE]]/URI$ дополнительные условия, выбирающие единственного представителя в классе калибровочно эквивалентных конфигураций $URI[[http://libmeta.ru/fme/formula/aux/1081_30_KALIBROVOChNOE]]/URI$. Эти условия называются у с ло в и я м и ка л и б ро в к и (см. Калибровочное условие). Если, напр., наложить на поля $URI[[http://libmeta.ru/fme/formula/aux/1081_31_KALIBROVOChNOE]]/URI$ условие кулоновской калибровки $URI[[http://libmeta.ru/fme/formula/aux/1081_32_KALIBROVOChNOE]]/URI$, то уравнения связи (13) можно явно решить, выразив продольную часть вектора импульса $URI[[http://libmeta.ru/fme/formula/aux/1081_33_KALIBROVOChNOE]]/URI$ через трехмерно поперечные компоненты $URI[[http://libmeta.ru/fme/formula/aux/1081_34_KALIBROVOChNOE]]/URI$. Если подставить это решение в исходное действие, то оно будет зависеть лишь от поперечных компонент $URI[[http://libmeta.ru/fme/formula/aux/1081_35_KALIBROVOChNOE]]/URI$, к-рые и являются в данном случае истинными динамич. переменными. На них можно наложить канонич. перестановочные соотношения. В электродинамике подобная процедура соответствует описанию системы в терминах поперечно поляризованных фотонов. В случае неабелевых К. п. решение уравнения (13) представляет собой бесконечный ряд по константе связи $URI[[http://libmeta.ru/fme/formula/aux/1081_36_KALIBROVOChNOE]]/URI$, подстановка к-рого в действие порождает нелинейные по полям члены, отвечающие нулевым вершинам взаимодействия. Релятивистски инвариантная теория возмущений для квантованного поля Янга - Миллса была развита Л. Д. Фаддеевым и В. Н. Поповым (1967) и Б. Де-Виттом (b. De-Witt, 1967) с помощью метода континуального интеграла. Фейнмановская диаграммная техника в этом случае может быть описана эффективным действием вида

\[
URI[[http://libmeta.ru/fme/formula/main/1081_16_KALIBROVOChNOE]]/URI
\]

Здесь $URI[[http://libmeta.ru/fme/formula/aux/1081_37_KALIBROVOChNOE]]/URI$ - параметр, фиксирующий калибровку, $URI[[http://libmeta.ru/fme/formula/aux/1081_38_KALIBROVOChNOE]]/URI$ скалярные поля, подчиняющиеся статистике Ферми - Дирака. Эти поля называются духами Фаддеева- Попова. Они участвуют лишь во внутренних линиях фейнмановских диаграмм и отсутствуют в наблюдаемых асимптотич. соотношениях. Эффективное действие (14) содержит также нефизич. компоненты поля $URI[[http://libmeta.ru/fme/formula/aux/1081_39_KALIBROVOChNOE]]/URI$, отвечающие продольным и временным квантам. Роль духовых полей состоит в том, чтобы скомпенсировать вклад этих квантов и обеспечить унитарность матрицы рассеяния в пространстве физич. асимптотич. состояний.

Действие (14) инвариантно относительно преобразований, затрагивающих помимо К. п. $URI[[http://libmeta.ru/fme/formula/aux/1081_40_KALIBROVOChNOE]]/URI$ духовые поля $URI[[http://libmeta.ru/fme/formula/aux/1081_41_KALIBROVOChNOE]]/URI$. Эта симметрия, заменяющая калибровочную инвариантность, получила название Б Р С-с им метр и и (с. Becchi, A. Ronet, R. Stora, 1976). Брс-симметрия лежит в основе альтернативного метода квантования К. п., при к-ром теория с самого начала рассматривается в расширенном пространстве, содержащем помимо физич. квантов духовые поля, а также продольные и временные кванты, а векторы физич. подпространства $URI[[http://libmeta.ru/fme/formula/aux/1081_42_KALIBROVOChNOE]]/URI$

\[
URI[[http://libmeta.ru/fme/formula/main/1081_17_KALIBROVOChNOE]]/URI
\]

где $URI[[http://libmeta.ru/fme/formula/aux/1081_43_KALIBROVOChNOE]]/URI$ - генератор Брс-преобразований.

Для вычисления вероятностей различных процессов необходимо провести процедуру перенормировки функций Грина К. п., устраняющую расходимости за счет перераспределения масс, зарядов и постоянных нормировки волновых функций. При этом наблюдаемые величины не должны зависеть от конкретного выбора условия калибровки и перенормированная матрица рассеяния должна быть унитарна в пространстве физич. состояний. Необходимым и достаточным условием согласованности перенормировочной процедуры с калибровочной инвариантностью является выполнение соотношений между функциями Грина, к-рые получили название тожде ст в Сла внова-Те йл ора (а. А. Славнов, 1972, J. С. Taylor, 1972). Эти соотношения обобщают Уорда тождества в электродинамике на случай неабелевых калибровочных полей. Они связаны с Брс-симметрией эффективного действия.

К. П. лежат в основе большинства современных моделей взаимодействия элементарных частиц. Их успешное применение в физике сильных взаимодействий обусловлено в первую очередь явлением асимптотич. свободы. При нек-рых ограничениях на калибровочную группу и число мультиплетов полей материи эффективное взаимодействие полей Янга - Миллса убывает на малых расстояниях или, что то же самое, при больших энергиях. Это явление, получившее название ас и мпт о т ичес кой с вободы, подтверждается целым рядом экспериментов, в частности экспериментами по глубоконеупругому рассеянию.

В то же время на больших расстояниях эффективное взаимодействие неабелевых К. п. растет и теория возмущений по константе связи непримеініма. Формально это проявляется в том, что интегралы, соответствующие диаграммам Фейнмана, расходятся при малых импульсах (см. URI[[http://libmeta.ru/fme/relation/1081_2_KALIBROVOChNOE]]/URI). В отличие от электродинамики, где существует регулярный метод устранения этих расходимостей, в неабелевых калибровочных теориях подобная процедура отсутствует. Для исследования калибровочных тео- рий на больших расстояниях используют расчеты на больших компьютерах в рамках решетчатой регуляризации, при к-рой непрерывное пространство-время заменяется дискретной системой точек. Используют также теорию возмущений по параметру, связанному с размерностью калибровочной группы $URI[[http://libmeta.ru/fme/formula/aux/1081_44_KALIBROVOChNOE]]/URI$-разложение), квазиклассич. разложений в окрестности частицеподобных классич. решений (инстантонов). Эти расчеты свидетельствуют в пользу справедливости гипоте 3 ы уде ржания (конфайнмен т a), согласно к-рой взаимодействие полей Янга - Миллса приводит к тому, что кванты поля Янга - Миллса, а также поля материи, реализующие нетривиальное представление калибровочной группы, в асимптотич. состояниях отсутствуют. Наблюдаемыми являются лишь калибровочно инвариантные объекты типа $URI[[http://libmeta.ru/fme/formula/aux/1081_45_KALIBROVOChNOE]]/URI$, отвечающие синглетным по отношению к калибровочной группе связанным состояниям исходных полей. Однако строгое доказательство гипотезы о конфайнменте пока отсутствует.

В физике слабых взаимодействий используют калибровочно инвариантные модели со спонтанно нарушенной симметрией. В этих моделях квантовые поправки вычисляются в окрестности несимметричного основного состояния. Благодаря эффекту Хиггса поля Янга - Миллса приобретают ненулевую массу; поэтому инфракрасные расходимости в подобных моделях отсутствуют. В то же время техника квантования и перенормировки К. п. практически без изменений переносится и на модели со спонтанно нарушенной симметрией.

Рассматриваются также различные обобщения К. П., в частности суперкалибровочные поля. В этом случае калибровочные преобразования становятся суперпреобразованиями (см. URI[[http://libmeta.ru/fme/relation/1081_1_KALIBROVOChNOE]]/URI). Наконец, при расширенном толковании принципа калибровочной инвариантности в эту же схему укладываются гравитационное взаимодействие и модели релятивистских струн.

См. также Евклидово квантовое поле.</text>
  <text_orig>поле, обеспечивающее инвариантность теории относительно калибровочных преобразований.

Простейшим примером К. П. является электромагнитное поле $A_{\mu}(x)$, связанное с калибровочной группой $U(1)$. Уравнение Дирака, описывающее свободные электроны, инвариантно относительно фазовых преобразований электрон-позитронных полей $\Psi, \Psi:$

\[
\Psi(x) \rightarrow e^{i \alpha} \Psi(x), \bar{\Psi}(x) \rightarrow e^{-i \alpha} \bar{\Psi}(x) .
\]

Эта инвариантность отражает произвол выбора базиса в зарядовом пространстве - абсолютная величина фазы заряженного поля не имеет физич. смысла. Наблюдаемой является лишь разность фаз электронного и позитронного полей. Возможность независимого выбора базиса в зарядовом пространстве для различных пространственно-временных точек приводит к требованию инвариантности относительно локальных фазовых преобразований

\[
\Psi(x) \rightarrow e^{i \alpha(x)} \Psi(x), \bar{\Psi}(x) \rightarrow e^{-i \alpha(x)} \bar{\Psi}(x) .
\]

Свободное уравнение Дирака уже не инвариантно относительно преобразований (2). Однако система уравнений Максвелла-Дирака, описывающая взаимодействующие электрон-позитронное и электромагнитное поля

\[
\left.\begin{array}{c}
\partial_{\mu} F_{\mu \nu}=j_{v}, \quad F_{\mu \nu}=\partial_{\mu} A_{v}-\partial_{v} A_{\mu}, \\
\left(i \gamma_{\mu} \partial_{\mu}-m+e \gamma_{\mu} A_{\mu}\right) \psi(x)=0, \\
j_{v}=e \bar{\psi} \gamma_{v} \psi,
\end{array}\right\} .
\]

инвариантна относительно преобразований (2), если одновременно электромагнитное поле $A_{\mu}$ испытывает калибровочное преобразование

\[
A_{\mu} \rightarrow A_{\mu}(x)+\frac{1}{c} \partial_{\mu} \alpha(x)
\]

Обобшение этой конструкции на случай неабелевых групп было впервые дано в 1954 Ч. Янгом (C. Yang) и P. Миллсом (R. Mills). Роль электромагнитного поля играет в этом случае многокомпонентное поле $A_{\mu}^{a}(x)$, получившее название поля Я нга-М иллса. Поля $\Psi(x)$ (поля материи) принимают значения в зарядовом пространстве, являющемся пространством представления нек-рой полупростой компактной группы $\Omega(S U(2), S U(3)$ и т. д.). Поле Янга-Миллса удобно описывать векторной функцией $A_{\mu}(x)$, принимающей значения в алгебре Ли группы $\Omega$. Оно задается коэффициентами

\[
A_{\mu}(x)=A_{\mu}^{a}(x) t^{a}
\]

по отношению к базису генераторов присоединенного представления $\left(t^{a}\right)$. Калибровочные преобразования, обобщающие преобразования (2), (4), имеют вид

\[
\left.\begin{array}{l}
\Psi(x) \rightarrow \Psi^{\omega}(x)=\exp \{\Gamma[\omega(x)]\} \Psi(x), \\
A_{\mu}(x) \rightarrow A_{\mu}^{\omega}(x)=\omega(x) A_{\mu}(x) \omega^{-1}(x)+\partial_{\mu} \omega^{-1}(x) \omega(x) .
\end{array}\right\}
\]

Здесь $\Gamma(\omega)$ - генераторы группы $\Omega$ в представлении, реализуемом полями $\Psi$, а $\omega(x)$ при каждом $x$ является матрицей в присоединенном представлении группы $\Omega$. Можно положить

\[
\omega(x)=\exp \left\{i \alpha^{a}(x) t^{a}\right\} .
\]

Динамика полей Янга-Миллса фиксируется требованием калибровочной инвариантности. Взаимодействие поля Янга-Миллса с полями материи вводится путем замены производных в свободном лагранжиане на ковариантные производные

\[
\partial_{\mu} \rightarrow \nabla_{\mu}=\partial_{\mu}-g \Gamma\left(A_{\mu}\right)
\]

где $\Gamma\left(A_{\mu}\right)$ - представление матриц $A_{\mu}$, соответствующее рассматриваемому представлению калибровочной группы. Напр., если $\Omega=S U(2)$, а поля материи реализуют ее двумерное представление, то

\[
\Gamma\left(A_{\mu}\right)=\Gamma\left(A_{\mu}^{a} t^{a}\right)=\frac{1}{2 i} A_{\mu}^{a} \tau^{a},
\]

где $\tau^{a}$ - матрицы Паули. Лагранжиан самого поля Янга-Миллса имеет вид:

\[
\mathscr{L}=\frac{1}{8} \operatorname{tr} F_{\mu \nu} F_{\mu \nu}=\frac{1}{8}\left\langle F_{\mu v}, F_{\mu \nu}\right\rangle,
\]

где через $\langle,&gt;$ обозначена форма Киллинга для алгебры Ли группы $\Omega, F_{\mu \nu}-$ тензор напряженности поля Янга-Миллса:

\[
F_{\mu \nu}=\partial_{\mu} A_{v}-\partial_{\nu} A_{\mu}+g\left[A_{\mu}, A_{v}\right]
\]

Если ограничиться минимальным числом производных, то форма (9) является единственным лоренц-инвариантным выражением, инвариантным относительно неабелевых калибровочных преобразований (6).

Уравнения Эйлера - Лагранжа для поля Янга - Миллса имеют вид:

\[
\nabla_{\mu} F_{\mu \nu}=j_{v}
\]

где $j_{V}$ - ток полей материи.

Естественный геометрич. язык для описания полей Янга-Миллса дает теория расслоенных пространств. Полю Янга-Миллса в этой теории соответствует связность в главном расслоении. Подобно символам Кристоффеля в теории тяготения, К. П. описывает параллельный перенос в зарядовом пространстве. Если $\gamma(s)$ - контур в пространстве-времени, задаваемый уравнениями $x_{\mu}=x_{\mu}(s)$, то ковариантная производная в касательном направлении к этому контуру равна нулю:

\[
\left.\nabla_{\mu} \Psi(x)\right|_{x=x(s)} \frac{d x_{\mu}}{d s}=0 .
\]

Тензор напряженности $F_{\mu \nu}$ является тензором кривизны зарядового пространства.

Инвариантность функции Лагранжа относительно калибровочных преобразований, зависящих от произвольной функции, приводит к линейной зависимости уравнений движения. Нек-рые из функций, параметризующих классич. решение, произвольным образом зависят от времени. При квантовании необходимо разделить истинные динамич. переменные и групповые параметры. Так, для поля Янга-Миллса компонента $a$ представляет собой не динамич. переменную, а множитель Лагранжа. Соответствующий ей канонич. импульс

\[
p_{0}^{a}=\delta \varrho / \delta\left(\frac{\partial A^{a}}{\partial x_{0}}\right)
\]

тождественно обращается в нуль, а уравнение Эйлера - Лагранжа, получающееся при варьировании действия по $A_{0}$ :

\[
\nabla_{i} p_{i}=j_{0}, i=1,2,3,
\]

не содержит производной по времени и поэтому не описывает динамику системы, а является уравнением связи. Общая теория квантования систем со связями была развита П. Дираком (P. Dirac, 1956), Л. Д. Фаддеевым (1969) и др. Ее суть состоит в том, что канонич. перестановочные соотношения накладываются лишь на истинные динамич. переменные, к-рые можно найти, решив уравнения связи и наложив на поля $A_{\mu}$ дополнительные условия, выбирающие единственного представителя в классе калибровочно эквивалентных конфигураций $A_{\mu}^{\omega}$. Эти условия называются у с ло в и я м и ка л и б ро в к и (см. Калибровочное условие). Если, напр., наложить на поля $A_{\mu}$ условие кулоновской калибровки $\partial_{i} A_{i}=0$, то уравнения связи (13) можно явно решить, выразив продольную часть вектора импульса $p_{i}$ через трехмерно поперечные компоненты $p_{i}^{t r}, A_{i}^{t r}$. Если подставить это решение в исходное действие, то оно будет зависеть лишь от поперечных компонент $p_{i}^{t r}, A_{i}^{t r}$, к-рые и являются в данном случае истинными динамич. переменными. На них можно наложить канонич. перестановочные соотношения. В электродинамике подобная процедура соответствует описанию системы в терминах поперечно поляризованных фотонов. В случае неабелевых К. п. решение уравнения (13) представляет собой бесконечный ряд по константе связи $g$, подстановка к-рого в действие порождает нелинейные по полям члены, отвечающие нулевым вершинам взаимодействия. Релятивистски инвариантная теория возмушений для квантованного поля Янга - Миллса была развита Л. Д. Фаддеевым и В. Н. Поповым (1967) и Б. Де-Виттом (B. De-Witt, 1967) с помощью метода континуального интеграла. Фейнмановская диаграммная техника в этом случае может быть описана эффективным действием вида

\[
\begin{aligned}
S_{\ni \Phi} &amp; =\int\left\{\frac { 1 } { 8 } \operatorname { T r } \left[F_{\mu \nu} F_{\mu \nu}-\frac{2}{\beta}\left(\partial_{\mu} A_{\mu}\right)^{2}-\right.\right. \\
&amp; \left.\left.-4 \bar{c}\left(\square c-g \partial_{\mu}\left[A_{\mu}, c\right]\right)\right]\right\} d^{4} x .
\end{aligned}
\]

Здесь $\beta$ - параметр, фиксирующий калибровку, $\bar{c}, c-$ скалярные поля, подчиняющиеся статистике Ферми - Дирака. Эти поля называются духами Фаддеева- Попова. Они участвуют лишь во внутренних линиях фейнмановских диаграмм и отсутствуют в наблюдаемых асимптотич. соотношениях. Эффективное действие (14) содержит также нефизич. компоненты поля $A_{\mu}$, отвечающие продольным и временным квантам. Роль духовых полей состоит в том, чтобы скомпенсировать вклад этих квантов и обеспечить унитарность матрицы рассеяния в пространстве физич. асимптотич. состояний.

Действие (14) инвариантно относительно преобразований, затрагивающих помимо К. п. $A_{\mu}$ духовые поля $c, \bar{c}$. Эта симметрия, заменяющая калибровочную инвариантность, получила название Б Р С-с им метр и и (С. Becchi, A. Ronet, R. Stora, 1976). БРС-симметрия лежит в основе альтернативного метода квантования К. п., при к-ром теория с самого начала рассматривается в расширенном пространстве, содержащем помимо физич. квантов духовые поля, а также продольные и временные кванты, а векторы физич. подпространства $|\Phi\rangle_{\text {физ выделяются условием }}$

\[
Q|\Phi\rangle_{\text {физ }}=0 \text {, }
\]

где $Q$ - генератор БРС-преобразований.

Для вычисления вероятностей различных процессов необходимо провести процедуру перенормировки функций Грина К. п., устраняющую расходимости за счет перераспределения масс, зарядов и постоянных нормировки волновых функций. При этом наблюдаемые величины не должны зависеть от конкретного выбора условия калибровки и перенормированная матрица рассеяния должна быть унитарна в пространстве физич. состояний. Необходимым и достаточным условием согласованности перенормировочной процедуры с калибровочной инвариантностью является выполнение соотношений между функциями Грина, к-рые получили название тожде ст в Сла внова-Те йл ора (А. А. Славнов, 1972, J. С. Taylor, 1972). Эти соотношения обобщают Уорда тождества в электродинамике на случай неабелевых калибровочных полей. Они связаны с БРС-симметрией эффективного действия.

К. П. лежат в основе большинства современных моделей взаимодействия элементарных частиц. Их успешное применение в физике сильных взаимодействий обусловлено в первую очередь явлением асимптотич. свободы. При нек-рых ограничениях на калибровочную группу и число мультиплетов полей материи эффективное взаимодействие полей Янга - Миллса убывает на малых расстояниях или, что то же самое, при больших энергиях. Это явление, получившее название ас и мпт о т ичес кой с вободы, подтверждается целым рядом экспериментов, в частности экспериментами по глубоконеупругому рассеянию.

В то же время на больших расстояниях эффективное взаимодействие неабелевых К. п. растет и теория возмущений по константе связи непримеініма. Формально это проявляется в том, что интегралы, соответствуюшие диаграммам Фейнмана, расходятся при малых импульсах (см. Инфракрасные расходимости). В отличие от электродинамики, где сушествует регулярный метод устранения этих расходимостей, в неабелевых калибровочных теориях подобная процедура отсутствует. Для исследования калибровочных тео- рий на больших расстояниях используют расчеты на больших компьютерах в рамках решетчатой регуляризации, при к-рой непрерывное пространство-время заменяется дискретной системой точек. Используют также теорию возмущений по параметру, связанному с размерностью калибровочной группы $\left(N^{-1}\right.$-разложение), квазиклассич. разложений в окрестности частицеподобных классич. решений (инстантонов). Эти расчеты свидетельствуют в пользу справедливости гипоте 3 ы уде ржания (конфайнмен т a), согласно к-рой взаимодействие полей Янга - Миллса приводит к тому, что кванты поля Янга - Миллса, а также поля материи, реализующие нетривиальное представление калибровочной группы, в асимптотич. состояниях отсутствуют. Наблюдаемыми являются лишь калибровочно инвариантные объекты типа $(\bar{\Psi} \Psi), \operatorname{tr}\left(F_{\mu \nu} F_{\mu \nu}\right)$, отвечающие синглетным по отношению к калибровочной группе связанным состояниям исходных полей. Однако строгое доказательство гипотезы о конфайнменте пока отсутствует.

В физике слабых взаимодействий используют калибровочно инвариантные модели со спонтанно нарушенной симметрией. В этих моделях квантовые поправки вычисляются в окрестности несимметричного основного состояния. Благодаря эффекту Хиггса поля Янга - Миллса приобретают ненулевую массу; поэтому инфракрасные расходимости в подобных моделях отсутствуют. В то же время техника квантования и перенормировки К. п. практически без изменений переносится и на модели со спонтанно нарушенной симметрией.

Рассматриваются также различные обобщения К. П., в частности суперкалибровочные поля. В этом случае калибровочные преобразования становятся суперпреобразованиями (см. Суперсимметрия). Наконец, при расширенном толковании принципа калибровочной инвариантности в эту же схему укладываются гравитационное взаимодействие и модели релятивистских струн.

См. также Евклидово квантовое поле.

Лит.: [1] С ла в но в А. А., Фа дде е в Л. Д., Введение в квантовую теорию калибровочных полей, 2 изд., М., 1988; [2] Т е й ло р Дж., Калибровочные теории слабых взаимодействий, пер. с англ., М., 1978; [3] И ц и к с о н К., 3 ю б е р Ж.-Б., Квантовая теория поля, пер. с англ., т. 2, М., 1984; [4] Окун ь Л. Б., Лептоны и кварки, М., 1981; [5] Х у а н г К., Кварки, лептоны и калибровочные поля, пер. с англ., М., 1985. А. А. Славнов.</text_orig>
</article>
