<?xml version="1.0" ?>
<article uri="http://libmeta.ru/fme/article/1083_KALIBROVOChNOE" alphabetic_pos="1085">
  <title>КАЛИБРОВОЧНОЕ УСЛОВИЕ, КАЛИБРОВКИ УСЛОВИЕ, КАЛИБРОВКА</title>
  <authors>
    <author>А. А. Славнов</author>
  </authors>
  <pages>
    <start>230</start>
    <end>230</end>
  </pages>
  <literature>
    <literature_orig>Лит.: [1] Сла в н о в А. А., Ф а дд е е в Л. Д., Введение в квантовую теорию калибровочных полей, 2 изд., М., 1988.</literature_orig>
    <unit>
      <author>Славнов А. А.</author>
      <author>Фаддеев Л. Д.</author>
      <title>Введение в квантовую теорию калибровочных полей</title>
      <publication>2 изд., М.</publication>
      <year>1988</year>
      <other/>
    </unit>
  </literature>
  <formulas_main>
    <formula uri="http://libmeta.ru/fme/formula/main/1083_1_KALIBROVOChNOE">\Phi\left(A_{\mu}, \Psi, x\right)=0</formula>
    <formula uri="http://libmeta.ru/fme/formula/main/1083_2_KALIBROVOChNOE">\Phi\left(A_{\mu}^{\omega}, \Psi^{\omega}, x\right)=0</formula>
  </formulas_main>
  <formulas_aux>
    <formula uri="http://libmeta.ru/fme/formula/aux/1083_1_KALIBROVOChNOE">a_{\mu}, \Psi</formula>
    <formula uri="http://libmeta.ru/fme/formula/aux/1083_2_KALIBROVOChNOE">x</formula>
    <formula uri="http://libmeta.ru/fme/formula/aux/1083_3_KALIBROVOChNOE">\omega</formula>
    <formula uri="http://libmeta.ru/fme/formula/aux/1083_4_KALIBROVOChNOE">\omega</formula>
    <formula uri="http://libmeta.ru/fme/formula/aux/1083_5_KALIBROVOChNOE">\omega(x)</formula>
    <formula uri="http://libmeta.ru/fme/formula/aux/1083_6_KALIBROVOChNOE">g</formula>
    <formula uri="http://libmeta.ru/fme/formula/aux/1083_7_KALIBROVOChNOE">\left|g A_{\mu}\right| \ll 1</formula>
  </formulas_aux>
  <relations n="0"/>
  <text>дополнительное условие, накладываемое на поля для выделения однозначных представителей в каждом классе калибровочно эквивалентных конфигураций. К. У. в общем случае имеет вид

\[
URI[[http://libmeta.ru/fme/formula/main/1083_1_KALIBROVOChNOE]]/URI
\]

Здесь Ф - функционал от полей $URI[[http://libmeta.ru/fme/formula/aux/1083_1_KALIBROVOChNOE]]/URI$ и точки $URI[[http://libmeta.ru/fme/formula/aux/1083_2_KALIBROVOChNOE]]/URI$, К-рый представляет собой элемент алгебры Ли калибровочной группы $URI[[http://libmeta.ru/fme/formula/aux/1083_3_KALIBROVOChNOE]]/URI$. Поэтому число независимых К. у. совпадает с размерностью группы $URI[[http://libmeta.ru/fme/formula/aux/1083_4_KALIBROVOChNOE]]/URI$. К. у. должно быть таким, чтобы система уравнений

\[
URI[[http://libmeta.ru/fme/formula/main/1083_2_KALIBROVOChNOE]]/URI
\]

имела однозначное решение $URI[[http://libmeta.ru/fme/formula/aux/1083_5_KALIBROVOChNOE]]/URI$. В общем случае для произвольных полей это условие не выполняется, что приводит к так наз. неоднозначности Грибова (в. Н. Грибов, 1978). Обычно квантовая теория строится как теория возмущений вблизи какого-либо основного состояния. В частности, теория возмущений по константе связи $URI[[http://libmeta.ru/fme/formula/aux/1083_6_KALIBROVOChNOE]]/URI$ предполагает условие $URI[[http://libmeta.ru/fme/formula/aux/1083_7_KALIBROVOChNOE]]/URI$. В этом случае уравнения (1) имеют единственное решение, и К. у. выделяет единственного представителя в каждом калибровочном классе. Наиболее употребительными являются кулоновская калибровка, лоренцева калибровка, гамильтонова калибровка, аксиальная калибровка и светового конуса калибровка.</text>
  <text_orig>дополнительное условие, накладываемое на поля для выделения однозначных представителей в каждом классе калибровочно эквивалентных конфигураций. К. У. в общем случае имеет вид

\[
\Phi\left(A_{\mu}, \Psi, x\right)=0
\]

Здесь Ф - функционал от полей $A_{\mu}, \Psi$ и точки $x$, К-рый представляет собой элемент алгебры Ли калибровочной группы $\Omega$. Поэтому число независимых К. у. совпадает с размерностью группы $\Omega$. К. у. должно быть таким, чтобы система уравнений

\[
\Phi\left(A_{\mu}^{\omega}, \Psi^{\omega}, x\right)=0
\]

имела однозначное решение $\omega(x)$. В общем случае для произвольных полей это условие не выполняется, что приводит к так наз. неоднозначности Грибова (В. Н. Грибов, 1978). Обычно квантовая теория строится как теория возмушений вблизи какого-либо основного состояния. В частности, теория возмущений по константе связи $g$ предполагает условие $\left|g A_{\mu}\right| \ll 1$. В этом случае уравнения (1) имеют единственное решение, и К. у. выделяет единственного представителя в каждом калибровочном классе. Наиболее употребительными являются кулоновская калибровка, лоренцева калибровка, гамильтонова калибровка, аксиальная калибровка и светового конуса калибровка.

Лит.: [1] Сла в н о в А. А., Ф а дд е е в Л. Д., Введение в квантовую теорию калибровочных полей, 2 изд., М., 1988. А. А. Славнов.</text_orig>
</article>
