<?xml version="1.0" ?>
<article uri="http://libmeta.ru/fme/article/1084_KALIBROVOChNYJ" alphabetic_pos="1086">
  <title>КАЛИБРОВОЧНЫЙ ИНСТАНТОН</title>
  <authors/>
  <pages>
    <start>230</start>
    <end>230</end>
  </pages>
  <literature>
    <literature_orig/>
  </literature>
  <formulas_main/>
  <formulas_aux/>
  <relations n="1">
    <relation uri="http://libmeta.ru/fme/relation/1084_1_KALIBROVOChNYJ">
      <rel_text>Инстантон</rel_text>
      <target>http://libmeta.ru/fme/article/1022_INSTANTO</target>
    </relation>
  </relations>
  <text>см. URI[[http://libmeta.ru/fme/relation/1084_1_KALIBROVOChNYJ]]/URI.</text>
  <text_orig>см. Инстантон.</text_orig>
</article>
