<?xml version="1.0" ?>
<article uri="http://libmeta.ru/fme/article/1085_KALLANA-SIMANChIKA" alphabetic_pos="1087">
  <title>КАЛЛАНА-СИМАНЧИКА УРАВНЕНИЯ</title>
  <authors/>
  <pages>
    <start>230</start>
    <end>230</end>
  </pages>
  <literature>
    <literature_orig/>
  </literature>
  <formulas_main/>
  <formulas_aux/>
  <relations n="2">
    <relation uri="http://libmeta.ru/fme/relation/1085_1_KALLANA-SIMANChIKA">
      <rel_text>дифференциальные уравнения</rel_text>
      <target>http://libmeta.ru/fme/article/872_DIFFERENTsIAL'NOE</target>
    </relation>
    <relation uri="http://libmeta.ru/fme/relation/1085_2_KALLANA-SIMANChIKA">
      <rel_text>Ренормализационная группа</rel_text>
      <target>http://libmeta.ru/fme/article/2615_RENORMALIZATsIONNAJa</target>
    </relation>
  </relations>
  <text>см. URI[[http://libmeta.ru/fme/relation/1085_2_KALLANA-SIMANChIKA]]/URI; URI[[http://libmeta.ru/fme/relation/1085_1_KALLANA-SIMANChIKA]]/URI.</text>
  <text_orig>см. Ренормализационная группа; дифференциальные уравнения.</text_orig>
</article>
