<?xml version="1.0" ?>
<article uri="http://libmeta.ru/fme/article/1090_KANONIChESKAJa" alphabetic_pos="1092">
  <title>КАНОНИЧЕСКАЯ ПРОЕКЦИЯ</title>
  <authors/>
  <pages>
    <start>234</start>
    <end>234</end>
  </pages>
  <literature>
    <literature_orig/>
  </literature>
  <formulas_main/>
  <formulas_aux/>
  <relations n="0"/>
  <text>см. Проективное пространство.</text>
  <text_orig>см. Проективное пространство.</text_orig>
</article>
