<?xml version="1.0" ?>
<article uri="http://libmeta.ru/fme/article/1091_KANONIChESKAJa" alphabetic_pos="1093">
  <title>КАНОНИЧЕСКАЯ РАЗМЕРНОСТЬ</title>
  <authors/>
  <pages>
    <start>234</start>
    <end>234</end>
  </pages>
  <literature>
    <literature_orig/>
  </literature>
  <formulas_main/>
  <formulas_aux/>
  <relations n="1">
    <relation uri="http://libmeta.ru/fme/relation/1091_1_KANONIChESKAJa">
      <rel_text>Аномальная размерность</rel_text>
      <target>http://libmeta.ru/fme/article/82_ANOMAL'NAJa</target>
    </relation>
  </relations>
  <text>см. URI[[http://libmeta.ru/fme/relation/1091_1_KANONIChESKAJa]]/URI.</text>
  <text_orig>см. Аномальная размерность.</text_orig>
</article>
