<?xml version="1.0" ?>
<article uri="http://libmeta.ru/fme/article/1092_KANONIChESKAJa" alphabetic_pos="1094">
  <title>КАНОНИЧЕСКАЯ СОПРЯЖЕННОСТЬ В КВАНТОВОЙ МЕХАНИКЕ</title>
  <authors>
    <author>A. С. Холево</author>
  </authors>
  <pages>
    <start>234</start>
    <end>234</end>
  </pages>
  <literature>
    <literature_orig>Jum.: [1] К а р р у з е р с П., Н ь е т о М., в сб.: Когерентные состояния в квантовой теории, пер. с англ., М., 1972, с. 71-146; [2] Холе в о А. С., Вероятностные и статистические аспекты квантовой теории, М., 1980; [3] е го же, «lect. Notes in Math.», 1984, v. 1055, p. 153-72.</literature_orig>
    <unit>
      <author>Каррузерс П.</author>
      <author>Ньето М.</author>
      <title>в сб.: Когерентные состояния в квантовой теории</title>
      <publication>пер. с англ., М.</publication>
      <year>1972</year>
      <other>с. 71-146</other>
    </unit>
    <unit>
      <author>Холево А. С.</author>
      <title>Вероятностные и статистические аспекты квантовой теории</title>
      <publication>М.</publication>
      <year>1980</year>
      <other/>
    </unit>
    <unit>
      <title>е го же, «lect. Notes in Math.»</title>
      <publication/>
      <year>1984</year>
      <other>v. 1055, p. 153-72.</other>
    </unit>
  </literature>
  <formulas_main>
    <formula uri="http://libmeta.ru/fme/formula/main/1092_1_KANONIChESKAJa">e^{-i x Y} \mathscr{M}(B+x) e^{i x Y}=\mathscr{M}(\boldsymbol{B}) ; x \in \mathfrak{X}, B \in \mathscr{B}(\mathfrak{X})</formula>
    <formula uri="http://libmeta.ru/fme/formula/main/1092_2_KANONIChESKAJa">X=\frac{m}{2}\left(P^{-1} Q+Q P^{-1}\right) .</formula>
    <formula uri="http://libmeta.ru/fme/formula/main/1092_3_KANONIChESKAJa">\Delta_{y}(. u) D(Y) \geqslant \frac{1}{4} ; \quad y \in \hat{\boldsymbol{X}} \backslash 0,</formula>
    <formula uri="http://libmeta.ru/fme/formula/main/1092_4_KANONIChESKAJa">\Delta_{y}(u)=y^{-2}\left[\left|\int_{\mathfrak{X}} e^{i x y_{\mu}}(d x)\right|^{-2}-1\right],</formula>
  </formulas_main>
  <formulas_aux>
    <formula uri="http://libmeta.ru/fme/formula/aux/1092_1_KANONIChESKAJa">\boldsymbol{q}_{\boldsymbol{j}}, \boldsymbol{P}_{\boldsymbol{j}}</formula>
    <formula uri="http://libmeta.ru/fme/formula/aux/1092_2_KANONIChESKAJa">j=1, \ldots, n</formula>
    <formula uri="http://libmeta.ru/fme/formula/aux/1092_3_KANONIChESKAJa">q_{j}, P_{j}</formula>
    <formula uri="http://libmeta.ru/fme/formula/aux/1092_4_KANONIChESKAJa">\mathbb{r}</formula>
    <formula uri="http://libmeta.ru/fme/formula/aux/1092_5_KANONIChESKAJa">x, Y</formula>
    <formula uri="http://libmeta.ru/fme/formula/aux/1092_6_KANONIChESKAJa">\mathfrak{x}</formula>
    <formula uri="http://libmeta.ru/fme/formula/aux/1092_7_KANONIChESKAJa">\boldsymbol{\mu}(\cdot)-</formula>
    <formula uri="http://libmeta.ru/fme/formula/aux/1092_8_KANONIChESKAJa">x</formula>
    <formula uri="http://libmeta.ru/fme/formula/aux/1092_9_KANONIChESKAJa">y=p^{2} / 2 m</formula>
    <formula uri="http://libmeta.ru/fme/formula/aux/1092_10_KANONIChESKAJa">\mathfrak{x}</formula>
    <formula uri="http://libmeta.ru/fme/formula/aux/1092_11_KANONIChESKAJa">\mathbb{r}</formula>
    <formula uri="http://libmeta.ru/fme/formula/aux/1092_12_KANONIChESKAJa">\mathbb{1}</formula>
    <formula uri="http://libmeta.ru/fme/formula/aux/1092_13_KANONIChESKAJa">y</formula>
    <formula uri="http://libmeta.ru/fme/formula/aux/1092_14_KANONIChESKAJa">\hat{\boldsymbol{x}}</formula>
    <formula uri="http://libmeta.ru/fme/formula/aux/1092_15_KANONIChESKAJa">\mathbb{r}</formula>
    <formula uri="http://libmeta.ru/fme/formula/aux/1092_16_KANONIChESKAJa">\mathbb{z})</formula>
    <formula uri="http://libmeta.ru/fme/formula/aux/1092_17_KANONIChESKAJa">x \rightarrow V_{x}=\exp (i x Y)</formula>
    <formula uri="http://libmeta.ru/fme/formula/aux/1092_18_KANONIChESKAJa">\boldsymbol{x}</formula>
    <formula uri="http://libmeta.ru/fme/formula/aux/1092_19_KANONIChESKAJa">\boldsymbol{\mu}(\cdot)</formula>
    <formula uri="http://libmeta.ru/fme/formula/aux/1092_20_KANONIChESKAJa">\boldsymbol{x}</formula>
    <formula uri="http://libmeta.ru/fme/formula/aux/1092_21_KANONIChESKAJa">\left(v_{(\cdot)}\right.</formula>
    <formula uri="http://libmeta.ru/fme/formula/aux/1092_22_KANONIChESKAJa">\boldsymbol{x}=\mathbb{t}</formula>
    <formula uri="http://libmeta.ru/fme/formula/aux/1092_23_KANONIChESKAJa">\boldsymbol{x}=\mathbb{r}</formula>
    <formula uri="http://libmeta.ru/fme/formula/aux/1092_24_KANONIChESKAJa">y</formula>
    <formula uri="http://libmeta.ru/fme/formula/aux/1092_25_KANONIChESKAJa">\left(v_{x}, U_{y}\right)</formula>
    <formula uri="http://libmeta.ru/fme/formula/aux/1092_26_KANONIChESKAJa">u_{y}=\int_{\mathfrak{x}} e^{i x y} \mathscr{\mu}(d x)</formula>
    <formula uri="http://libmeta.ru/fme/formula/aux/1092_27_KANONIChESKAJa">u_{y}</formula>
    <formula uri="http://libmeta.ru/fme/formula/aux/1092_28_KANONIChESKAJa">\left(v_{(\cdot)}, \mathscr{\mu}(\cdot)\right)</formula>
    <formula uri="http://libmeta.ru/fme/formula/aux/1092_29_KANONIChESKAJa">d(y)</formula>
    <formula uri="http://libmeta.ru/fme/formula/aux/1092_30_KANONIChESKAJa">y</formula>
    <formula uri="http://libmeta.ru/fme/formula/aux/1092_31_KANONIChESKAJa">\rho</formula>
    <formula uri="http://libmeta.ru/fme/formula/aux/1092_32_KANONIChESKAJa">\mu(\cdot)=\operatorname{tr}_{\rho} \mu(\cdot)-</formula>
    <formula uri="http://libmeta.ru/fme/formula/aux/1092_33_KANONIChESKAJa">\mathfrak{x}=\mathbb{r}</formula>
    <formula uri="http://libmeta.ru/fme/formula/aux/1092_34_KANONIChESKAJa">\boldsymbol{y} \rightarrow 0</formula>
    <formula uri="http://libmeta.ru/fme/formula/aux/1092_35_KANONIChESKAJa">\delta_{y}(\mathscr{\mu})</formula>
  </formulas_aux>
  <relations n="1">
    <relation uri="http://libmeta.ru/fme/relation/1092_1_KANONIChESKAJa">
      <rel_text>Канонические переменные</rel_text>
      <target>http://libmeta.ru/fme/article/1095_KANONIChESKIE</target>
    </relation>
  </relations>
  <text>квантово-механический аналог сопряженности обобщенных координат и импульсов в гамильтоновом формализме классической механики (см. URI[[http://libmeta.ru/fme/relation/1092_1_KANONIChESKAJa]]/URI). Сопряженными считаются наблюдаемые $URI[[http://libmeta.ru/fme/formula/aux/1092_1_KANONIChESKAJa]]/URI$; $URI[[http://libmeta.ru/fme/formula/aux/1092_2_KANONIChESKAJa]]/URI$, подчиняющиеся каноническим коммутационным соотношениям. Проблема К. с. в квантовой механике состоит в том, что канонич. коммутационные соотношения Вейля, в силу Стоуна - Неймана теоремы единственности, определяют $URI[[http://libmeta.ru/fme/formula/aux/1092_3_KANONIChESKAJa]]/URI$ однозначно с точностью до унитарной эквивалентности и поэтому не оставляют непосредственной возможности для описания пар канонически сопряженных величин со спектром, отличным от лебегова спектра на $URI[[http://libmeta.ru/fme/formula/aux/1092_4_KANONIChESKAJa]]/URI$ (таких, как время - энергия, угол - угловой момент, фаза - число квантов и т. п.) (см. [1], [2]).

Канонич. коммутационное соотношение Вейля для пары вещественных наблюдаемых $URI[[http://libmeta.ru/fme/formula/aux/1092_5_KANONIChESKAJa]]/URI$ равносильно соотношению

\[
URI[[http://libmeta.ru/fme/formula/main/1092_1_KANONIChESKAJa]]/URI
\]

где $URI[[http://libmeta.ru/fme/formula/aux/1092_6_KANONIChESKAJa]]/URI$ - вещественная прямая, $URI[[http://libmeta.ru/fme/formula/aux/1092_7_KANONIChESKAJa]]/URI$ спектральная мера наблюдаемой $URI[[http://libmeta.ru/fme/formula/aux/1092_8_KANONIChESKAJa]]/URI$. Возможный путь решения проблемы К. с. в квантовой механике состоит в том, что в качестве .и(.) в соотношении (1) допускаются произвольные разложения единицы. Напр., если $URI[[http://libmeta.ru/fme/formula/aux/1092_9_KANONIChESKAJa]]/URI$ - оператор энергии одномерной свободной частицы, то соотношению (1) удовлетворяет обобщенная спектральная мера максимального симметричного (несамосопряженного) о п е ра то ра в р е ме н и

\[
URI[[http://libmeta.ru/fme/formula/main/1092_2_KANONIChESKAJa]]/URI
\]

Более общим образом, пусть в (1) множество значений обобщенной координаты $URI[[http://libmeta.ru/fme/formula/aux/1092_10_KANONIChESKAJa]]/URI$ есть однопараметрич. группа Ли, то есть вещественная прямая $URI[[http://libmeta.ru/fme/formula/aux/1092_11_KANONIChESKAJa]]/URI$ (случай линейной координаты) или окружность $URI[[http://libmeta.ru/fme/formula/aux/1092_12_KANONIChESKAJa]]/URI$ (случай циклической координаты), а $URI[[http://libmeta.ru/fme/formula/aux/1092_13_KANONIChESKAJa]]/URI$ - самосопряженный оператор, спектр к-рого лежит в дуальной группе $URI[[http://libmeta.ru/fme/formula/aux/1092_14_KANONIChESKAJa]]/URI$ (то есть в $URI[[http://libmeta.ru/fme/formula/aux/1092_15_KANONIChESKAJa]]/URI$ или в множестве целых чисел $URI[[http://libmeta.ru/fme/formula/aux/1092_16_KANONIChESKAJa]]/URI$. Тогда $URI[[http://libmeta.ru/fme/formula/aux/1092_17_KANONIChESKAJa]]/URI$ есть унитарное представление группы $URI[[http://libmeta.ru/fme/formula/aux/1092_18_KANONIChESKAJa]]/URI$, а соотношение (1) определяет ко ва р и антное разложение е диницы $URI[[http://libmeta.ru/fme/formula/aux/1092_19_KANONIChESKAJa]]/URI$ на $URI[[http://libmeta.ru/fme/formula/aux/1092_20_KANONIChESKAJa]]/URI$, описывающее квантовое измерение обобщенной координаты. При таком подходе роль канонически сопряженных величин играет пара $URI[[http://libmeta.ru/fme/formula/aux/1092_21_KANONIChESKAJa]]/URI$, М(.)), образующая обобщенную систему импримитивности. В случае $URI[[http://libmeta.ru/fme/formula/aux/1092_22_KANONIChESKAJa]]/URI$ последняя существует всегда, а в случае $URI[[http://libmeta.ru/fme/formula/aux/1092_23_KANONIChESKAJa]]/URI$ при условии, что спектр оператора $URI[[http://libmeta.ru/fme/formula/aux/1092_24_KANONIChESKAJa]]/URI$ абсолютно непрерывен.

Операторы $URI[[http://libmeta.ru/fme/formula/aux/1092_25_KANONIChESKAJa]]/URI$, где $URI[[http://libmeta.ru/fme/formula/aux/1092_26_KANONIChESKAJa]]/URI$, удовлетворяют канонич. коммутационному соотношению Вейля, хотя операторы $URI[[http://libmeta.ru/fme/formula/aux/1092_27_KANONIChESKAJa]]/URI$ не унитарны. Имеет место обобщение соотношения неопределенностей для пары $URI[[http://libmeta.ru/fme/formula/aux/1092_28_KANONIChESKAJa]]/URI$ :

\[
URI[[http://libmeta.ru/fme/formula/main/1092_3_KANONIChESKAJa]]/URI
\]

где $URI[[http://libmeta.ru/fme/formula/aux/1092_29_KANONIChESKAJa]]/URI$ - дисперсия наблюдаемой $URI[[http://libmeta.ru/fme/formula/aux/1092_30_KANONIChESKAJa]]/URI$ в квантовом состоянии $URI[[http://libmeta.ru/fme/formula/aux/1092_31_KANONIChESKAJa]]/URI$, a

\[
URI[[http://libmeta.ru/fme/formula/main/1092_4_KANONIChESKAJa]]/URI
\]

причем $URI[[http://libmeta.ru/fme/formula/aux/1092_32_KANONIChESKAJa]]/URI$ распределение вероятностей обобщенной координаты. В случае $URI[[http://libmeta.ru/fme/formula/aux/1092_33_KANONIChESKAJa]]/URI$ и $URI[[http://libmeta.ru/fme/formula/aux/1092_34_KANONIChESKAJa]]/URI$ неравенство (2) переходит в соотношение неопределенностей Гейзенберга - Вейля. С физич. точки зрения основной интерес представляют экстремально точные измерения обобщенной координаты, минимизирующие функционал неопределенности $URI[[http://libmeta.ru/fme/formula/aux/1092_35_KANONIChESKAJa]]/URI$, к-рые описаны в [3].</text>
  <text_orig>квантово-механический аналог сопряженности обобщенных координат и импульсов в гамильтоновом формализме классической механики (см. Канонические переменные). Сопряженными считаются наблюдаемые $\boldsymbol{Q}_{\boldsymbol{j}}, \boldsymbol{P}_{\boldsymbol{j}}$; $j=1, \ldots, n$, подчиняющиеся каноническим коммутационным соотношениям. Проблема К. с. в квантовой механике состоит в том, что канонич. коммутационные соотношения Вейля, в силу Стоуна - Неймана теоремы единственности, определяют $Q_{j}, P_{j}$ однозначно с точностью до унитарной эквивалентности и поэтому не оставляют непосредственной возможности для описания пар канонически сопряженных величин со спектром, отличным от лебегова спектра на $\mathbb{R}$ (таких, как время - энергия, угол - угловой момент, фаза - число квантов и т. п.) (см. [1], [2]).

Канонич. коммутационное соотношение Вейля для пары вещественных наблюдаемых $X, Y$ равносильно соотношению

\[
e^{-i x Y} \mathscr{M}(B+x) e^{i x Y}=\mathscr{M}(\boldsymbol{B}) ; x \in \mathfrak{X}, B \in \mathscr{B}(\mathfrak{X})
\]

где $\mathfrak{X}$ - вещественная прямая, $\boldsymbol{\mu}(\cdot)-$ спектральная мера наблюдаемой $X$. Возможный путь решения проблемы К. с. в квантовой механике состоит в том, что в качестве .и(.) в соотношении (1) допускаются произвольные разложения единицы. Напр., если $Y=P^{2} / 2 m$ - оператор энергии одномерной свободной частицы, то соотношению (1) удовлетворяет обобшенная спектральная мера максимального симметричного (несамосопряженного) о п е ра то ра в р е ме н и

\[
X=\frac{m}{2}\left(P^{-1} Q+Q P^{-1}\right) .
\]

Более общим образом, пусть в (1) множество значений обобщенной координаты $\mathfrak{x}$ есть однопараметрич. группа Ли, то есть вещественная прямая $\mathbb{R}$ (случай линейной координаты) или окружность $\mathbb{1}$ (случай циклической координаты), а $Y$ - самосопряженный оператор, спектр к-рого лежит в дуальной группе $\hat{\boldsymbol{x}}$ (то есть в $\mathbb{R}$ или в множестве целых чисел $\mathbb{Z})$. Тогда $x \rightarrow V_{x}=\exp (i x Y)$ есть унитарное представление группы $\boldsymbol{x}$, а соотношение (1) определяет ко ва р и антное разложение е диницы $\boldsymbol{\mu}(\cdot)$ на $\boldsymbol{X}$, описывающее квантовое измерение обобщенной координаты. При таком подходе роль канонически сопряженных величин играет пара $\left(V_{(\cdot)}\right.$, М(.)), образующая обобщенную систему импримитивности. В случае $\boldsymbol{X}=\mathbb{T}$ последняя существует всегда, а в случае $\boldsymbol{X}=\mathbb{R}$ при условии, что спектр оператора $Y$ абсолютно непрерывен.

Операторы $\left(V_{x}, U_{y}\right)$, где $U_{y}=\int_{\mathfrak{x}} e^{i x y} \mathscr{\mu}(d x)$, удовлетворяют канонич. коммутационному соотношению Вейля, хотя операторы $U_{y}$ не унитарны. Имеет место обобщение соотношения неопределенностей для пары $\left(V_{(\cdot)}, \mathscr{\mu}(\cdot)\right)$ :

\[
\Delta_{y}(. u) D(Y) \geqslant \frac{1}{4} ; \quad y \in \hat{\boldsymbol{X}} \backslash 0,
\]

где $D(Y)$ - дисперсия наблюдаемой $Y$ в квантовом состоянии $\rho$, a

\[
\Delta_{y}(u)=y^{-2}\left[\left|\int_{\mathfrak{X}} e^{i x y_{\mu}}(d x)\right|^{-2}-1\right],
\]

причем $\mu(\cdot)=\operatorname{Tr}_{\rho} \mu(\cdot)-$ распределение вероятностей обобщенной координаты. В случае $\mathfrak{X}=\mathbb{R}$ и $\boldsymbol{y} \rightarrow 0$ неравенство (2) переходит в соотношение неопределенностей Гейзенберга - Вейля. С физич. точки зрения основной интерес представляют экстремально точные измерения обобщенной координаты, минимизирующие функционал неопределенности $\Delta_{y}(\mathscr{\mu})$, к-рые описаны в [3]. Jum.: [1] К а р р у з е р с П., Н ь е т о М., в сб.: Когерентные состояния в квантовой теории, пер. с англ., М., 1972, с. 71-146; [2] Холе в о А. С., Вероятностные и статистические аспекты квантовой теории, М., 1980; [3] е го же, «Lect. Notes in Math.», 1984, v. 1055, p. 153-72.
A. С. Холево.</text_orig>
</article>
