<?xml version="1.0" ?>
<article uri="http://libmeta.ru/fme/article/1093_KANONIChESKIE" alphabetic_pos="1095">
  <title>КАНОНИЧЕСКИЕ КОММУТАЦИОННЫЕ СООТНОШЕНИЯ</title>
  <authors>
    <author>А. С. Холево</author>
  </authors>
  <pages>
    <start>234</start>
    <end>235</end>
  </pages>
  <literature>
    <literature_orig>Лum.: [1] В е йл ь Г., Теория групп и квантовая механика, пер. с англ., М., 1986; [2] С и гал И., Математические проблемы реляти- вистской физики, пер. с англ., М., 1968; [3] Фа дде е в Л. Д., Я ку б о в с к и й О.А., Лекции по квантовой механике для студентов-математиков, Л., 1980; [4] Х о ле в о А. С., Вероятностные и статистические аспекты квантовой теории, М., 1980; [5] е го же, «теоретич. и математич. физика», 1972, т. 13, с. 184-99; [6] Э м х Ж., Алгебраические методы в статистической механике и квантовой теории поля, пер. с англ., М., 1976; [7] Jørge nse n P. Е. Т., M о оге R. T., Operator commutation relations, Dordrecht, 1984.</literature_orig>
    <unit>
      <author>Вейль Г.</author>
      <title>Теория групп и квантовая механика</title>
      <publication>пер. с англ., М.</publication>
      <year>1986</year>
      <other/>
    </unit>
    <unit>
      <author>Сигал И.</author>
      <title>Математические проблемы реляти- вистской физики</title>
      <publication>пер. с англ., М.</publication>
      <year>1968</year>
      <other/>
    </unit>
    <unit>
      <author>Фаддеев Л. Д.</author>
      <author>Якубовский О. А.</author>
      <title>Лекции по квантовой механике для студентов-математиков</title>
      <publication>Л.</publication>
      <year>1980</year>
      <other/>
    </unit>
    <unit>
      <author>Холево А. С.</author>
      <title>Вероятностные и статистические аспекты квантовой теории</title>
      <publication>М.</publication>
      <year>1980</year>
      <other/>
    </unit>
    <unit>
      <title>е го же, «теоретич. и математич. физика»</title>
      <publication/>
      <year>1972</year>
      <other>т. 13, с. 184-99</other>
    </unit>
    <unit>
      <author>Эмх Ж.</author>
      <title>Алгебраические методы в статистической механике и квантовой теории поля</title>
      <publication>пер. с англ., М.</publication>
      <year>1976</year>
      <other/>
    </unit>
    <unit>
      <author>Jørgensen P. Е. Т.</author>
      <author>Mооге R. T.</author>
      <title>Operator commutation relations, Dordrecht</title>
      <publication/>
      <year>1984</year>
      <other/>
    </unit>
  </literature>
  <formulas_main>
    <formula uri="http://libmeta.ru/fme/formula/main/1093_1_KANONIChESKIE">V_{x} U_{y}=\exp i(x, y) U_{y} V_{x} ; x \in \mathfrak{X}, y \in \hat{\boldsymbol{x}}</formula>
    <formula uri="http://libmeta.ru/fme/formula/main/1093_2_KANONIChESKIE">V_{x}=\exp i \sum_{j=1}^{n} x_{j} P_{j}, \quad U_{y}=\exp i \sum_{j=1}^{n} y_{j} Q_{j},</formula>
  </formulas_main>
  <formulas_aux>
    <formula uri="http://libmeta.ru/fme/formula/aux/1093_1_KANONIChESKIE">n</formula>
    <formula uri="http://libmeta.ru/fme/formula/aux/1093_2_KANONIChESKIE">\gamma</formula>
    <formula uri="http://libmeta.ru/fme/formula/aux/1093_3_KANONIChESKIE">\left[q_{j}, Q_{k}\right]=0,\left[P_{j}, P_{k}\right]=0,\left[Q_{j}, P_{k}\right]=i \hbar \delta_{j k} I ; j, k=1, \ldots, n,(1)</formula>
    <formula uri="http://libmeta.ru/fme/formula/aux/1093_4_KANONIChESKIE">q_{j}-</formula>
    <formula uri="http://libmeta.ru/fme/formula/aux/1093_5_KANONIChESKIE">p_{j}-</formula>
    <formula uri="http://libmeta.ru/fme/formula/aux/1093_6_KANONIChESKIE">i</formula>
    <formula uri="http://libmeta.ru/fme/formula/aux/1093_7_KANONIChESKIE">[x, Y]-\kappa о м-</formula>
    <formula uri="http://libmeta.ru/fme/formula/aux/1093_8_KANONIChESKIE">x, Y</formula>
    <formula uri="http://libmeta.ru/fme/formula/aux/1093_9_KANONIChESKIE">h</formula>
    <formula uri="http://libmeta.ru/fme/formula/aux/1093_10_KANONIChESKIE">\boldsymbol{x}=\hat{\mathfrak{x}}=\mathbb{r}^{n},(x, y)=\sum_{j=1}^{n} x_{j} y_{j}</formula>
    <formula uri="http://libmeta.ru/fme/formula/aux/1093_11_KANONIChESKIE">x \rightarrow V_{x}, y \rightarrow U_{y}-</formula>
    <formula uri="http://libmeta.ru/fme/formula/aux/1093_12_KANONIChESKIE">\mathbb{r}^{n}</formula>
    <formula uri="http://libmeta.ru/fme/formula/aux/1093_13_KANONIChESKIE">н</formula>
    <formula uri="http://libmeta.ru/fme/formula/aux/1093_14_KANONIChESKIE">x=\left(x_{1}, \ldots, x_{n}\right), y=\left(y_{1}, \ldots, y_{n}\right)</formula>
    <formula uri="http://libmeta.ru/fme/formula/aux/1093_15_KANONIChESKIE">p_{j}, Q_{j}</formula>
    <formula uri="http://libmeta.ru/fme/formula/aux/1093_16_KANONIChESKIE">\hbar=1</formula>
    <formula uri="http://libmeta.ru/fme/formula/aux/1093_17_KANONIChESKIE">(n=3)</formula>
    <formula uri="http://libmeta.ru/fme/formula/aux/1093_18_KANONIChESKIE">v_{x}</formula>
    <formula uri="http://libmeta.ru/fme/formula/aux/1093_19_KANONIChESKIE">u_{y}</formula>
    <formula uri="http://libmeta.ru/fme/formula/aux/1093_20_KANONIChESKIE">\hat{\boldsymbol{x}}</formula>
    <formula uri="http://libmeta.ru/fme/formula/aux/1093_21_KANONIChESKIE">\exp i(x, y)</formula>
    <formula uri="http://libmeta.ru/fme/formula/aux/1093_22_KANONIChESKIE">y \in \hat{\mathfrak{X}}</formula>
    <formula uri="http://libmeta.ru/fme/formula/aux/1093_23_KANONIChESKIE">x \in \mathfrak{X}</formula>
    <formula uri="http://libmeta.ru/fme/formula/aux/1093_24_KANONIChESKIE">\mathfrak{x}=\hat{\mathfrak{x}}</formula>
    <formula uri="http://libmeta.ru/fme/formula/aux/1093_25_KANONIChESKIE">(v, U)</formula>
    <formula uri="http://libmeta.ru/fme/formula/aux/1093_26_KANONIChESKIE">n</formula>
    <formula uri="http://libmeta.ru/fme/formula/aux/1093_27_KANONIChESKIE">q_{j}</formula>
    <formula uri="http://libmeta.ru/fme/formula/aux/1093_28_KANONIChESKIE">p_{j}</formula>
    <formula uri="http://libmeta.ru/fme/formula/aux/1093_29_KANONIChESKIE">q_{j}-i P_{j}</formula>
    <formula uri="http://libmeta.ru/fme/formula/aux/1093_30_KANONIChESKIE">\boldsymbol{x}</formula>
  </formulas_aux>
  <relations n="1">
    <relation uri="http://libmeta.ru/fme/relation/1093_1_KANONIChESKIE">
      <rel_text>Фока пространство</rel_text>
      <target>http://libmeta.ru/fme/article/3285_FOKA</target>
    </relation>
  </relations>
  <text>алгебраические соотношения, выражающие условия квантования классической механической системы. В простейшем случае системы с $URI[[http://libmeta.ru/fme/formula/aux/1093_1_KANONIChESKIE]]/URI$ степенями свободы ка нонические коммутационные соотношения $URI[[http://libmeta.ru/fme/formula/aux/1093_2_KANONIChESKIE]]/URI$ е йзен

$URI[[http://libmeta.ru/fme/formula/aux/1093_3_KANONIChESKIE]]/URI$ где $URI[[http://libmeta.ru/fme/formula/aux/1093_4_KANONIChESKIE]]/URI$ наблюдаемые координат, $URI[[http://libmeta.ru/fme/formula/aux/1093_5_KANONIChESKIE]]/URI$ наблюдаемые импульсов, называемые в совокупности ка но н и ч е с к и м и на 6 л ю д а е м ы м и, $URI[[http://libmeta.ru/fme/formula/aux/1093_6_KANONIChESKIE]]/URI$ - единичный оператор, $URI[[http://libmeta.ru/fme/formula/aux/1093_7_KANONIChESKIE]]/URI$ мутатор операторов $URI[[http://libmeta.ru/fme/formula/aux/1093_8_KANONIChESKIE]]/URI$ в гильбертовом пространстве $URI[[http://libmeta.ru/fme/formula/aux/1093_9_KANONIChESKIE]]/URI$. Соотношения (1) являются инфинитезимальной формой «глобальных» канониче ских коммутационных соотнош е н й В ейля (см. [1]):

\[
URI[[http://libmeta.ru/fme/formula/main/1093_1_KANONIChESKIE]]/URI
\]

Здесь $URI[[http://libmeta.ru/fme/formula/aux/1093_10_KANONIChESKIE]]/URI$, а $URI[[http://libmeta.ru/fme/formula/aux/1093_11_KANONIChESKIE]]/URI$ непрерывные унитарные представления аддитивной группы $URI[[http://libmeta.ru/fme/formula/aux/1093_12_KANONIChESKIE]]/URI$ в $URI[[http://libmeta.ru/fme/formula/aux/1093_13_KANONIChESKIE]]/URI$. Доказывается, что

\[
URI[[http://libmeta.ru/fme/formula/main/1093_2_KANONIChESKIE]]/URI
\]

где $URI[[http://libmeta.ru/fme/formula/aux/1093_14_KANONIChESKIE]]/URI$, а $URI[[http://libmeta.ru/fme/formula/aux/1093_15_KANONIChESKIE]]/URI$ - самосопряженные операторы, удовлетворяющие на плотном инвариантном подпространстве соотношениям (1) (при $URI[[http://libmeta.ru/fme/formula/aux/1093_16_KANONIChESKIE]]/URI$ ). Переход от соотношений типа (1) к (2) нетривиален и возможен лишь при выполнении дополнительных условий (см. [7]).

Для нерелятивистской квантовой частицы $URI[[http://libmeta.ru/fme/formula/aux/1093_17_KANONIChESKIE]]/URI$ соотношения (2) имеют прямой кинематич. смысл: они выражают перестановочность (в пространстве состояний) пространственных трансляций $URI[[http://libmeta.ru/fme/formula/aux/1093_18_KANONIChESKIE]]/URI$ и бустов $URI[[http://libmeta.ru/fme/formula/aux/1093_19_KANONIChESKIE]]/URI$, вытекающую из принципа галилеевой относительности (см. [4]). Для более общих систем (2) вводится как формальное условие квантования; напр. ¥ может быть произвольной абелевой локально компактной группой, $URI[[http://libmeta.ru/fme/formula/aux/1093_20_KANONIChESKIE]]/URI$ - дуальной группой, а множитель $URI[[http://libmeta.ru/fme/formula/aux/1093_21_KANONIChESKIE]]/URI$ заменяется значением характера $URI[[http://libmeta.ru/fme/formula/aux/1093_22_KANONIChESKIE]]/URI$ на элементе $URI[[http://libmeta.ru/fme/formula/aux/1093_23_KANONIChESKIE]]/URI$.

В квантовой теории поля и статистич. механике рассматриваются К. к. с. (2), где $URI[[http://libmeta.ru/fme/formula/aux/1093_24_KANONIChESKIE]]/URI$ является нек-рым вещественным предгильбертовым пространством основных функций на пространственном или пространственно-временном континууме.

Представлением канонических коммутац и о н ных с о от ношен и й называется всякая конкретная пара $URI[[http://libmeta.ru/fme/formula/aux/1093_25_KANONIChESKIE]]/URI$, удовлетворяющая соотношениям (2). В случае конечного $URI[[http://libmeta.ru/fme/formula/aux/1093_26_KANONIChESKIE]]/URI$, в силу Стоуна - Неймана теоремы единственности, все неприводимые представления К. К. с. унитарно эквивалентны. Выбор того или иного представления диктуется удобством вычислений в данной конкретной задаче. Наиболее употребительны: Шредингера представление, диагонализующие операторы $URI[[http://libmeta.ru/fme/formula/aux/1093_27_KANONIChESKIE]]/URI$, импульсное представление, диагонализующее операторы $URI[[http://libmeta.ru/fme/formula/aux/1093_28_KANONIChESKIE]]/URI$, представление Фока - Кука, диагонализующее операторы чисел заполнения (см. URI[[http://libmeta.ru/fme/relation/1093_1_KANONIChESKIE]]/URI) и представление в пространстве аналитич. функций, диагонализующее несамосопряженные операторы рождения $URI[[http://libmeta.ru/fme/formula/aux/1093_29_KANONIChESKIE]]/URI$ (см. [3], [4]).

Если $URI[[http://libmeta.ru/fme/formula/aux/1093_30_KANONIChESKIE]]/URI$ бесконечномерно, как в квантовой теории поля и статистич. механике, то существует континуальное множество неэквивалентных представлений К. к. с. (см. [2]). Подробно изучены продакт-представления, а также представления, отвечающие так наз. квазисвободным состояниям (см. [6], [5]). Для них найдена классификация типов и получены необходимые и достаточные условия эквивалентности.

См. также Перестановочные соотночения.</text>
  <text_orig>алгебраические соотношения, выражающие условия квантования классической механической системы. В простейшем случае системы с $n$ степенями свободы ка нонические коммутационные соотношения $\Gamma$ е йзен

$\left[Q_{j}, Q_{k}\right]=0,\left[P_{j}, P_{k}\right]=0,\left[Q_{j}, P_{k}\right]=i \hbar \delta_{j k} I ; j, k=1, \ldots, n,(1)$ где $Q_{j}-$ наблюдаемые координат, $P_{j}-$ наблюдаемые импульсов, называемые в совокупности ка но н и ч е с к и м и на 6 л ю д а е м ы м и, $I$ - единичный оператор, $[X, Y]-\kappa о м-$ мутатор операторов $X, Y$ в гильбертовом пространстве $H$. Соотношения (1) являются инфинитезимальной формой «глобальных» канониче ских коммутационных соотнош е н й В ейля (см. [1]):

\[
V_{x} U_{y}=\exp i(x, y) U_{y} V_{x} ; x \in \mathfrak{X}, y \in \hat{\boldsymbol{x}}
\]

Здесь $\boldsymbol{x}=\hat{\mathfrak{x}}=\mathbb{R}^{n},(x, y)=\sum_{j=1}^{n} x_{j} y_{j}$, а $x \rightarrow V_{x}, y \rightarrow U_{y}-$ непрерывные унитарные представления аддитивной группы $\mathbb{R}^{n}$ в $Н$. Доказывается, что

\[
V_{x}=\exp i \sum_{j=1}^{n} x_{j} P_{j}, \quad U_{y}=\exp i \sum_{j=1}^{n} y_{j} Q_{j},
\]

где $x=\left(x_{1}, \ldots, x_{n}\right), y=\left(y_{1}, \ldots, y_{n}\right)$, а $P_{j}, Q_{j}$ - самосопряженные операторы, удовлетворяющие на плотном инвариантном подпространстве соотношениям (1) (при $\hbar=1$ ). Переход от соотношений типа (1) к (2) нетривиален и возможен лишь при выполнении дополнительных условий (см. [7]).

Для нерелятивистской квантовой частицы $(n=3)$ соотношения (2) имеют прямой кинематич. смысл: они выражают перестановочность (в пространстве состояний) пространственных трансляций $V_{x}$ и бустов $U_{y}$, вытекаюшую из принципа галилеевой относительности (см. [4]). Для более общих систем (2) вводится как формальное условие квантования; напр. ¥ может быть произвольной абелевой локально компактной группой, $\hat{\boldsymbol{x}}$ - дуальной группой, а множитель $\exp i(x, y)$ заменяется значением характера $y \in \hat{\mathfrak{X}}$ на элементе $x \in \mathfrak{X}$.

В квантовой теории поля и статистич. механике рассматриваются К. к. с. (2), где $\mathfrak{X}=\hat{\mathfrak{X}}$ является нек-рым вешественным предгильбертовым пространством основных функций на пространственном или пространственно-временном континууме.

Представлением канонических коммутац и о н ных с о от ношен и й называется всякая конкретная пара $(V, U)$, удовлетворяющая соотношениям (2). В случае конечного $n$, в силу Стоуна - Неймана теоремы единственности, все неприводимые представления К. К. с. унитарно эквивалентны. Выбор того или иного представления диктуется удобством вычислений в данной конкретной задаче. Наиболее употребительны: Шредингера представление, диагонализующие операторы $Q_{j}$, импульсное представление, диагонализующее операторы $P_{j}$, представление Фока - Кука, диагонализующее операторы чисел заполнения (см. Фока пространство) и представление в пространстве аналитич. функций, диагонализующее несамосопряженные операторы рождения $Q_{j}-i P_{j}$ (см. [3], [4]).

Если $\boldsymbol{X}$ бесконечномерно, как в квантовой теории поля и статистич. механике, то существует континуальное множество неэквивалентных представлений К. к. с. (см. [2]). Подробно изучены продакт-представления, а также представления, отвечающие так наз. квазисвободным состояниям (см. [6], [5]). Для них найдена классификация типов и получены необходимые и достаточные условия эквивалентности.

См. также Перестановочные соотночения.

Лum.: [1] В е йл ь Г., Теория групп и квантовая механика, пер. с англ., М., 1986; [2] С и гал И., Математические проблемы реляти- вистской физики, пер. с англ., М., 1968; [3] Фа дде е в Л. Д., Я ку б о в с к и й О.А., Лекции по квантовой механике для студентов-математиков, Л., 1980; [4] Х о ле в о А. С., Вероятностные и статистические аспекты квантовой теории, М., 1980; [5] е го же, «Теоретич. и математич. физика», 1972, т. 13, с. 184-99; [6] Э м х Ж., Алгебраические методы в статистической механике и квантовой теории поля, пер. с англ., М., 1976; [7] Jørge nse n P. Е. Т., M о оге R. T., Operator commutation relations, Dordrecht, 1984.

А. С. Холево.</text_orig>
</article>
