<?xml version="1.0" ?>
<article uri="http://libmeta.ru/fme/article/1095_KANONIChESKIE" alphabetic_pos="1097">
  <title>КАНОНИЧЕСКИЕ ПЕРЕМЕННЫЕ</title>
  <authors/>
  <pages>
    <start>235</start>
    <end>235</end>
  </pages>
  <literature>
    <literature_orig/>
  </literature>
  <formulas_main/>
  <formulas_aux>
    <formula uri="http://libmeta.ru/fme/formula/aux/1095_1_KANONIChESKIE">2 s</formula>
    <formula uri="http://libmeta.ru/fme/formula/aux/1095_2_KANONIChESKIE">s</formula>
    <formula uri="http://libmeta.ru/fme/formula/aux/1095_3_KANONIChESKIE">q_{i}</formula>
    <formula uri="http://libmeta.ru/fme/formula/aux/1095_4_KANONIChESKIE">p_{i}</formula>
    <formula uri="http://libmeta.ru/fme/formula/aux/1095_5_KANONIChESKIE">i=1,2, \ldots, s</formula>
    <formula uri="http://libmeta.ru/fme/formula/aux/1095_6_KANONIChESKIE">q_{i}</formula>
    <formula uri="http://libmeta.ru/fme/formula/aux/1095_7_KANONIChESKIE">p_{i}</formula>
    <formula uri="http://libmeta.ru/fme/formula/aux/1095_8_KANONIChESKIE">q_{i}\left(q_{i}, p_{i}, t\right), P_{i}\left(q_{i}, p_{i}, t\right)</formula>
  </formulas_aux>
  <relations n="0"/>
  <text>независимые между собой переменные, входящие в так называемые канонические уравнения механики (см. Гамильтона уравнения) и определяющие состояние механической системы в любой момент времени. Число К. П. равно $URI[[http://libmeta.ru/fme/formula/aux/1095_1_KANONIChESKIE]]/URI$, где $URI[[http://libmeta.ru/fme/formula/aux/1095_2_KANONIChESKIE]]/URI$ - число степеней свободы системы. В качестве К. П. обычно выбирают обобщенные координаты $URI[[http://libmeta.ru/fme/formula/aux/1095_3_KANONIChESKIE]]/URI$ и обобщенные импульсы $URI[[http://libmeta.ru/fme/formula/aux/1095_4_KANONIChESKIE]]/URI$, $URI[[http://libmeta.ru/fme/formula/aux/1095_5_KANONIChESKIE]]/URI$.

С помощью так наз. канонических преобразований можно перейти от $URI[[http://libmeta.ru/fme/formula/aux/1095_6_KANONIChESKIE]]/URI$ и $URI[[http://libmeta.ru/fme/formula/aux/1095_7_KANONIChESKIE]]/URI$ к другим К. П. $URI[[http://libmeta.ru/fme/formula/aux/1095_8_KANONIChESKIE]]/URI$, к-рые могут иметь другой физич. смысл.</text>
  <text_orig>независимЫе между собой переменные, входяшие в так называемые канонические уравнения механики (см. Гамильтона уравнения) и определяющие состояние механической системы в любой момент времени. Число К. П. равно $2 s$, где $s$ - число степеней свободы системы. В качестве К. П. обычно выбирают обобщенные координаты $q_{i}$ и обобшенные импульсы $p_{i}$, $i=1,2, \ldots, s$.

С помощью так наз. канонических преобразований можно перейти от $q_{i}$ и $p_{i}$ к другим К. П. $Q_{i}\left(q_{i}, p_{i}, t\right), P_{i}\left(q_{i}, p_{i}, t\right)$, к-рые могут иметь другой физич. смысл.</text_orig>
</article>
