<?xml version="1.0" ?>
<article uri="http://libmeta.ru/fme/article/1096_KANONIChESKIE" alphabetic_pos="1098">
  <title>КАНОНИЧЕСКИЕ УРАВНЕНИЯ МЕХАНИКИ</title>
  <authors/>
  <pages>
    <start>235</start>
    <end>235</end>
  </pages>
  <literature>
    <literature_orig/>
  </literature>
  <formulas_main/>
  <formulas_aux>
    <formula uri="http://libmeta.ru/fme/formula/aux/1096_1_KANONIChESKIE">г а-</formula>
  </formulas_aux>
  <relations n="0"/>
  <text>см. $URI[[http://libmeta.ru/fme/formula/aux/1096_1_KANONIChESKIE]]/URI$ мильтона уравнения.</text>
  <text_orig>см. $Г а-$ мильтона уравнения.</text_orig>
</article>
