<?xml version="1.0" ?>
<article uri="http://libmeta.ru/fme/article/1097_KANONIChESKIJ" alphabetic_pos="1099">
  <title>КАНОНИЧЕСКИЙ АНСАМБЛЬ</title>
  <authors>
    <author>Д. Я. Петрина</author>
  </authors>
  <pages>
    <start>235</start>
    <end>235</end>
  </pages>
  <literature>
    <literature_orig>Лит.: [1] Р юэль Д., Статистическая механика. Строгие результаты, пер. с англ., М., 1971; [2] П е тр и на Д. Я. и д р., Математические основы классической статистической механики, Киев, 1975.</literature_orig>
    <unit>
      <author>Рюэль Д.</author>
      <title>Статистическая механика. Строгие результаты</title>
      <publication>пер. с англ., М.</publication>
      <year>1971</year>
      <other/>
    </unit>
    <unit>
      <title>П е тр и на Д. Я. и д р., Математические основы классической статистической механики, Киев</title>
      <publication/>
      <year>1975</year>
      <other/>
    </unit>
  </literature>
  <formulas_main/>
  <formulas_aux>
    <formula uri="http://libmeta.ru/fme/formula/aux/1097_1_KANONIChESKIJ">1 / v</formula>
    <formula uri="http://libmeta.ru/fme/formula/aux/1097_2_KANONIChESKIJ">\lambda</formula>
    <formula uri="http://libmeta.ru/fme/formula/aux/1097_3_KANONIChESKIJ">v</formula>
  </formulas_aux>
  <relations n="0"/>
  <text>система статистической механики, состоящая из фиксированного числа частиц, распределенных с плотностью $URI[[http://libmeta.ru/fme/formula/aux/1097_1_KANONIChESKIJ]]/URI$ в конечной области $URI[[http://libmeta.ru/fme/formula/aux/1097_2_KANONIChESKIJ]]/URI$ с объемом $URI[[http://libmeta.ru/fme/formula/aux/1097_3_KANONIChESKIJ]]/URI$. Они возникают, когда системы обмениваются с термостатом только энергией, но не частицами, и все находятся в одинаковых условиях. Состояния систем в рамках К. а. описываются функцией распределения вероятностей на фазовом пространстве или последовательностью частичных функций распределения, к-рые являются решениями Лиувилля уравнения или Боголюбова уравнения соответственно.

См. также Термодинамические функции.</text>
  <text_orig>система статистической механики, состоящая из фиксированного числа частиц, распределенных с плотностью $1 / v$ в конечной области $\Lambda$ с объемом $V$. Они возникают, когда системы обмениваются с термостатом только энергией, но не частицами, и все находятся в одинаковых условиях. Состояния систем в рамках К. а. описываются функцией распределения вероятностей на фазовом пространстве или последовательностью частичных функций распределения, к-рые являются решениями Лиувиля уравнения или Боголюбова уравнения соответственно.

См. также Термодинамические функции.

Лит.: [1] Р юэль Д., Статистическая механика. Строгие результаты, пер. с англ., М., 1971; [2] П е тр и на Д. Я. и д р., Математические основы классической статистической механики, Киев, 1975. Д. Я. Петрина.</text_orig>
</article>
