<?xml version="1.0" ?>
<article uri="http://libmeta.ru/fme/article/109_ASIMPTOTIChESKAJa" alphabetic_pos="109">
  <title>АСИМПТОТИЧЕСКАЯ КОММУТАТИВНОСТЬ В СТАТИСТИЧЕСКОЙ МЕХАНИКЕ</title>
  <authors/>
  <pages>
    <start>32</start>
    <end>33</end>
  </pages>
  <literature>
    <literature_orig>Лит.: [1] Боголюбов Н. Н., «изв. Ан Ссср. Сер. физическая», 1947, т. 11, с. 77; [2] е го же, Избранные труды в трех томах, т. 3, Киев, 1971; [3] Н a a g R., «nuovo cim.», 1962, v. 25, p. 287-99.</literature_orig>
    <unit>
      <author>Боголюбов Н. Н.</author>
      <title>«изв. Ан Ссср. Сер. физическая»</title>
      <publication/>
      <year>1947</year>
      <other>т. 11, с. 77</other>
    </unit>
    <unit>
      <title>е го же, Избранные труды в трех томах</title>
      <publication>Киев</publication>
      <year>1971</year>
      <other>т. 3</other>
    </unit>
    <unit>
      <author>Нaag R.</author>
      <title>«nuovo cim.»</title>
      <publication/>
      <year>1962</year>
      <other>v. 25, p. 287-99.</other>
    </unit>
  </literature>
  <formulas_main>
    <formula uri="http://libmeta.ru/fme/formula/main/109_1_ASIMPTOTIChESKAJa">L=|\Lambda|^{-1} \sum_{f} \lambda(f) a_{-f} a_{f}</formula>
    <formula uri="http://libmeta.ru/fme/formula/main/109_2_ASIMPTOTIChESKAJa">L^{+}=|\Lambda|^{-1} \sum_{f} \lambda(f) a_{f}^{+} a_{-f}^{+},</formula>
    <formula uri="http://libmeta.ru/fme/formula/main/109_3_ASIMPTOTIChESKAJa">|\Lambda|^{-1} \sum_{f}|\lambda(f)| \leqslant \text { const }</formula>
    <formula uri="http://libmeta.ru/fme/formula/main/109_4_ASIMPTOTIChESKAJa">-\frac{1}{2}|\Lambda|\left(L^{+}-C^{*}\right)(L-C)</formula>
    <formula uri="http://libmeta.ru/fme/formula/main/109_5_ASIMPTOTIChESKAJa">\Psi_{\sigma}(f)=\int \Psi_{\sigma}(x) f(x) d x, \quad \Psi_{\sigma}^{+}(f)=\int \Psi_{\sigma}^{+}(x) f(x) d x,</formula>
    <formula uri="http://libmeta.ru/fme/formula/main/109_6_ASIMPTOTIChESKAJa">\begin{gathered}\Psi_{\sigma}(x) \psi_{\sigma^{\prime}}\left(x^{\prime}\right)+\psi_{\sigma^{\prime}}\left(x^{\prime}\right) \psi_{\sigma}(x)=0, \\\psi_{\sigma}(x) \psi_{\sigma^{\prime}}^{+}\left(x^{\prime}\right)+\psi_{\sigma^{\prime}}^{+}\left(x^{\prime}\right) \psi_{\sigma}(x)=\delta_{\sigma \sigma^{\prime}} \delta\left(x-x^{\prime}\right) .\end{gathered}</formula>
    <formula uri="http://libmeta.ru/fme/formula/main/109_7_ASIMPTOTIChESKAJa">\bar{Q}=\lim _{|\Lambda| \rightarrow \infty}|\Lambda|^{-1} \int_{\Lambda} Q(x) d x</formula>
    <formula uri="http://libmeta.ru/fme/formula/main/109_8_ASIMPTOTIChESKAJa">\begin{gathered}Q(x)=\int F\left(z_{1}, \ldots, z_{n} ; z_{1}^{\prime}, \ldots, z_{m}^{\prime}\right) \psi_{\sigma_{1}}^{+}\left(x+z_{1}\right) \ldots \\\ldots \psi_{\sigma_{n}}^{+}\left(x+z_{n}\right) \psi_{\sigma_{1}^{\prime}}\left(x+z_{1}^{\prime}\right) \ldots \psi_{\sigma_{m}^{\prime}}\left(x+z_{m}^{\prime}\right) d z_{1} \ldots d z_{m}^{\prime},\end{gathered}</formula>
  </formulas_main>
  <formulas_aux>
    <formula uri="http://libmeta.ru/fme/formula/aux/109_1_ASIMPTOTIChESKAJa">\lambda</formula>
    <formula uri="http://libmeta.ru/fme/formula/aux/109_2_ASIMPTOTIChESKAJa">|\lambda|</formula>
    <formula uri="http://libmeta.ru/fme/formula/aux/109_3_ASIMPTOTIChESKAJa">b_{p}^{+}, b_{p}</formula>
    <formula uri="http://libmeta.ru/fme/formula/aux/109_4_ASIMPTOTIChESKAJa">|\lambda|^{-1 / 2} b_{0},|\Lambda|^{-1 / 2} b_{0}^{+}</formula>
    <formula uri="http://libmeta.ru/fme/formula/aux/109_5_ASIMPTOTIChESKAJa">b_{p}, b_{p}^{+}, p \neq 0</formula>
    <formula uri="http://libmeta.ru/fme/formula/aux/109_6_ASIMPTOTIChESKAJa">|\lambda| \rightarrow \infty</formula>
    <formula uri="http://libmeta.ru/fme/formula/aux/109_7_ASIMPTOTIChESKAJa">n_{0}</formula>
    <formula uri="http://libmeta.ru/fme/formula/aux/109_8_ASIMPTOTIChESKAJa">n_{0}^{1 / 2} e^{i \alpha}, n_{0}^{1 / 2} e^{-i \alpha}</formula>
    <formula uri="http://libmeta.ru/fme/formula/aux/109_9_ASIMPTOTIChESKAJa">\alpha</formula>
    <formula uri="http://libmeta.ru/fme/formula/aux/109_10_ASIMPTOTIChESKAJa">a_{f}^{+}, a_{f}</formula>
    <formula uri="http://libmeta.ru/fme/formula/aux/109_11_ASIMPTOTIChESKAJa">f=(p, \sigma), p</formula>
    <formula uri="http://libmeta.ru/fme/formula/aux/109_12_ASIMPTOTIChESKAJa">\sigma= \pm 1 / 2-</formula>
    <formula uri="http://libmeta.ru/fme/formula/aux/109_13_ASIMPTOTIChESKAJa">\lambda(f)=-\lambda(-f)-</formula>
    <formula uri="http://libmeta.ru/fme/formula/aux/109_14_ASIMPTOTIChESKAJa">|\lambda| \rightarrow \infty</formula>
    <formula uri="http://libmeta.ru/fme/formula/aux/109_15_ASIMPTOTIChESKAJa">c \in \mathbb{C}</formula>
    <formula uri="http://libmeta.ru/fme/formula/aux/109_16_ASIMPTOTIChESKAJa">r</formula>
    <formula uri="http://libmeta.ru/fme/formula/aux/109_17_ASIMPTOTIChESKAJa">x \in \mathbb{R}^{3}, f(x)</formula>
    <formula uri="http://libmeta.ru/fme/formula/aux/109_18_ASIMPTOTIChESKAJa">\psi_{\sigma}^{+}(x), \psi_{\sigma}(x)</formula>
    <formula uri="http://libmeta.ru/fme/formula/aux/109_19_ASIMPTOTIChESKAJa">q(x)</formula>
    <formula uri="http://libmeta.ru/fme/formula/aux/109_20_ASIMPTOTIChESKAJa">r</formula>
    <formula uri="http://libmeta.ru/fme/formula/aux/109_21_ASIMPTOTIChESKAJa">f\left(z, z^{\prime}\right)</formula>
    <formula uri="http://libmeta.ru/fme/formula/aux/109_22_ASIMPTOTIChESKAJa">c</formula>
  </formulas_aux>
  <relations n="0"/>
  <text>свойство операторов, коммутатор которых обращается в нуль в термодинамическом пределе. В методе аппроксимирующего гамильтониана представляет интерес А. к. нек-рых операторов между собой и со всеми операторами алгебры, порождаемой канонич. переменными.

На важность А. к. впервые указал Н. Н. Боголюбов в своей работе о слабо неидеальном бозе-газе (см. [1]). Пусть дана система одинаковых частиц, подчиняющихся Бозе -Эйнштейна статистике и занимающих пространственную область $URI[[http://libmeta.ru/fme/formula/aux/109_1_ASIMPTOTIChESKAJa]]/URI$ объема $URI[[http://libmeta.ru/fme/formula/aux/109_2_ASIMPTOTIChESKAJa]]/URI$. В представлении вторичного квантования обозначим через $URI[[http://libmeta.ru/fme/formula/aux/109_3_ASIMPTOTIChESKAJa]]/URI$ операторы рождения и гибели частицы в состоянии с импульсом р. Н. Н. Боголюбов заметил, что операторы $URI[[http://libmeta.ru/fme/formula/aux/109_4_ASIMPTOTIChESKAJa]]/URI$коммутируют со всеми операторами $URI[[http://libmeta.ru/fme/formula/aux/109_5_ASIMPTOTIChESKAJa]]/URI$, и асимптотически коммутируют между собой при $URI[[http://libmeta.ru/fme/formula/aux/109_6_ASIMPTOTIChESKAJa]]/URI$. Поэтому он предположил, что если в термодинамич. пределе плотность бозе-конденсата $URI[[http://libmeta.ru/fme/formula/aux/109_7_ASIMPTOTIChESKAJa]]/URI$ отлична от нуля, то эти операторы будут вести себя в нек-ром смысле как классич. величины (с-числа) $URI[[http://libmeta.ru/fme/formula/aux/109_8_ASIMPTOTIChESKAJa]]/URI$ соответственно. Ввиду градиентной инвариантности первого рода действительный фазовый угол $URI[[http://libmeta.ru/fme/formula/aux/109_9_ASIMPTOTIChESKAJa]]/URI$ здесь произволен. Это представление позволило вывести эффективный гамильтониан, описывающий слабовозбужденные состояния системы как идеальный бозе-газ квазичастиц. Аналогично, в своей работе [2] о модельном гамильтониане в теории сверхпроводимости (см. Бкш-модель) Н. Н. Боголюбов заметил, что при определенных условиях, как с-числа себя ведут операторы

и

\[
URI[[http://libmeta.ru/fme/formula/main/109_1_ASIMPTOTIChESKAJa]]/URI
\]

\[
URI[[http://libmeta.ru/fme/formula/main/109_2_ASIMPTOTIChESKAJa]]/URI
\]

где $URI[[http://libmeta.ru/fme/formula/aux/109_10_ASIMPTOTIChESKAJa]]/URI$ - операторы рождения и гибели электрона в состоянии $URI[[http://libmeta.ru/fme/formula/aux/109_11_ASIMPTOTIChESKAJa]]/URI$ - вектор квазиимпульса, $URI[[http://libmeta.ru/fme/formula/aux/109_12_ASIMPTOTIChESKAJa]]/URI$ проекция спина, а $URI[[http://libmeta.ru/fme/formula/aux/109_13_ASIMPTOTIChESKAJa]]/URI$ действительная кусочно непрерывная и равномерно ограниченная функция такая, что

\[
URI[[http://libmeta.ru/fme/formula/main/109_3_ASIMPTOTIChESKAJa]]/URI
\]

при $URI[[http://libmeta.ru/fme/formula/aux/109_14_ASIMPTOTIChESKAJa]]/URI$. Поэтому в модельном гамильтониане можно пренебречь членом вида

\[
URI[[http://libmeta.ru/fme/formula/main/109_4_ASIMPTOTIChESKAJa]]/URI
\]

К-рый при подходящем выборе параметра $URI[[http://libmeta.ru/fme/formula/aux/109_15_ASIMPTOTIChESKAJa]]/URI$ дает асимптотически исчезающий вклад в термодинамику системы. Это позволило построить аппроксимирующий гамильтониан, к-рый допускает строгое и точное решение.

В 1962 Р. Хааг [3] исследовал математич. структуру модели Бкш - Боголюбова в термодинамич. пределе с точки зрения А.к. нек-рых операторов с операторами алгебры $URI[[http://libmeta.ru/fme/formula/aux/109_16_ASIMPTOTIChESKAJa]]/URI$, определенной как кольцо Неймана, порожденное всеми операторами вида

\[
URI[[http://libmeta.ru/fme/formula/main/109_5_ASIMPTOTIChESKAJa]]/URI
\]

где $URI[[http://libmeta.ru/fme/formula/aux/109_17_ASIMPTOTIChESKAJa]]/URI$ - произвольная квадратично интегрируемая функция, $URI[[http://libmeta.ru/fme/formula/aux/109_18_ASIMPTOTIChESKAJa]]/URI$ - локальные операторы Ферми рождения и гибели, удовлетворяющие антикоммутационным соотношениям

\[
URI[[http://libmeta.ru/fme/formula/main/109_6_ASIMPTOTIChESKAJa]]/URI
\] Л е м ма. Если «квазилокальная» величина $URI[[http://libmeta.ru/fme/formula/aux/109_19_ASIMPTOTIChESKAJa]]/URI$ содержит четное число операторов Ферми, то пространственное среднее

\[
URI[[http://libmeta.ru/fme/formula/main/109_7_ASIMPTOTIChESKAJa]]/URI
\]

коммутирует со всеми операторами алгебры $URI[[http://libmeta.ru/fme/formula/aux/109_20_ASIMPTOTIChESKAJa]]/URI$. Квазилокальные величины, по Хаагу, имеют вид

\[
URI[[http://libmeta.ru/fme/formula/main/109_8_ASIMPTOTIChESKAJa]]/URI
\]

где $URI[[http://libmeta.ru/fme/formula/aux/109_21_ASIMPTOTIChESKAJa]]/URI$ - быстро убывающая по каждому из аргументов функция.

Для системы с бесконечным числом степеней свободы вырождение основного состояния означает, что гамильтониан допускает неэквивалентные приводимые представления основной алгебры, порождаемой канонич. переменными. В этом случае из А. К. нек-рых операторов со всей алгеброй не следует, что в термодинамич. пределе они переходят в $URI[[http://libmeta.ru/fme/formula/aux/109_22_ASIMPTOTIChESKAJa]]/URI$-числа</text>
  <text_orig>свойство операторов, коммутатор которых обрашается в нуль в термодинамическом пределе. В методе аппроксимирующего гамильтониана представляет интерес А. к. нек-рых операторов между собой и со всеми операторами алгебры, порождаемой канонич. переменными.

На важность А. к. впервые указал Н. Н. Боголюбов в своей работе о слабо неидеальном бозе-газе (см. [1]). Пусть дана система одинаковых частиц, подчиняющихся Бозе -Эйнштейна статистике и занимающих пространственную область $\Lambda$ объема $|\Lambda|$. В представлении вторичного квантования обозначим через $b_{p}^{+}, b_{p}$ операторы рождения и гибели частицы в состоянии с импульсом р. Н. Н. Боголюбов заметил, что операторы $|\Lambda|^{-1 / 2} b_{0},|\Lambda|^{-1 / 2} b_{0}^{+}$коммутируют со всеми операторами $b_{p}, b_{p}^{+}, p \neq 0$, и асимптотически коммутируют между собой при $|\Lambda| \rightarrow \infty$. Поэтому он предположил, что если в термодинамич. пределе плотность бозе-конденсата $n_{0}$ отлична от нуля, то эти операторы будут вести себя в нек-ром смысле как классич. величины (с-числа) $n_{0}^{1 / 2} e^{i \alpha}, n_{0}^{1 / 2} e^{-i \alpha}$ соответственно. Ввиду градиентной инвариантности первого рода действительный фазовый угол $\alpha$ здесь произволен. Это представление позволило вывести эффективный гамильтониан, описывающий слабовозбужденные состояния системы как идеальный бозе-газ квазичастиц. Аналогично, в своей работе [2] о модельном гамильтониане в теории сверхпроводимости (см. БКШ-модель) Н. Н. Боголюбов заметил, что при определенных условиях, как с-числа себя ведут операторы

и

\[
L=|\Lambda|^{-1} \sum_{f} \lambda(f) a_{-f} a_{f}
\]

\[
L^{+}=|\Lambda|^{-1} \sum_{f} \lambda(f) a_{f}^{+} a_{-f}^{+},
\]

где $a_{f}^{+}, a_{f}$ - операторы рождения и гибели электрона в состоянии $f=(p, \sigma), p$ - вектор квазиимпульса, $\sigma= \pm 1 / 2-$ проекция спина, а $\lambda(f)=-\lambda(-f)-$ действительная кусочно непрерывная и равномерно ограниченная функция такая, что

\[
|\Lambda|^{-1} \sum_{f}|\lambda(f)| \leqslant \text { const }
\]

при $|\Lambda| \rightarrow \infty$. Поэтому в модельном гамильтониане можно пренебречь членом вида

\[
-\frac{1}{2}|\Lambda|\left(L^{+}-C^{*}\right)(L-C)
\]

К-рый при подходящем выборе параметра $C \in \mathbb{C}$ дает асимптотически исчезающий вклад в термодинамику системы. Это позволило построить аппроксимирующий гамильтониан, к-рый допускает строгое и точное решение.

В 1962 Р. Хааг [3] исследовал математич. структуру модели БКШ - Боголюбова в термодинамич. пределе с точки зрения А.к. нек-рых операторов с операторами алгебры $R$, определенной как кольцо Неймана, порожденное всеми операторами вида

\[
\Psi_{\sigma}(f)=\int \Psi_{\sigma}(x) f(x) d x, \quad \Psi_{\sigma}^{+}(f)=\int \Psi_{\sigma}^{+}(x) f(x) d x,
\]

где $x \in \mathbb{R}^{3}, f(x)$ - произвольная квадратично интегрируемая функция, $\psi_{\sigma}^{+}(x), \psi_{\sigma}(x)$ - локальные операторы Ферми рождения и гибели, удовлетворяющие антикоммутационным соотношениям

\[
\begin{gathered}
\Psi_{\sigma}(x) \psi_{\sigma^{\prime}}\left(x^{\prime}\right)+\psi_{\sigma^{\prime}}\left(x^{\prime}\right) \psi_{\sigma}(x)=0, \\
\psi_{\sigma}(x) \psi_{\sigma^{\prime}}^{+}\left(x^{\prime}\right)+\psi_{\sigma^{\prime}}^{+}\left(x^{\prime}\right) \psi_{\sigma}(x)=\delta_{\sigma \sigma^{\prime}} \delta\left(x-x^{\prime}\right) .
\end{gathered}
\] Л е м ма. Если «квазилокальная» величина $Q(x)$ содержит четное число операторов Ферми, то пространственное среднее

\[
\bar{Q}=\lim _{|\Lambda| \rightarrow \infty}|\Lambda|^{-1} \int_{\Lambda} Q(x) d x
\]

коммутирует со всеми операторами алгебры $R$. Квазилокальные величины, по Хаагу, имеют вид

\[
\begin{gathered}
Q(x)=\int F\left(z_{1}, \ldots, z_{n} ; z_{1}^{\prime}, \ldots, z_{m}^{\prime}\right) \psi_{\sigma_{1}}^{+}\left(x+z_{1}\right) \ldots \\
\ldots \psi_{\sigma_{n}}^{+}\left(x+z_{n}\right) \psi_{\sigma_{1}^{\prime}}\left(x+z_{1}^{\prime}\right) \ldots \psi_{\sigma_{m}^{\prime}}\left(x+z_{m}^{\prime}\right) d z_{1} \ldots d z_{m}^{\prime},
\end{gathered}
\]

где $F\left(z, z^{\prime}\right)$ - быстро убывающая по каждому из аргументов функция.

Для системы с бесконечным числом степеней свободы вырождение основного состояния означает, что гамильтониан допускает неэквивалентные приводимые представления основной алгебры, порождаемой канонич. переменными. В этом случае из А. К. нек-рых операторов со всей алгеброй не следует, что в термодинамич. пределе они переходят в $c$-числа

Лит.: [1] Боголюбов Н. Н., «Изв. АН СССР. Сер. физическая», 1947, т. 11, с. 77; [2] е го же, Избранные труды в трех томах, т. 3, Киев, 1971; [3] Н a a g R., «Nuovo cim.», 1962, v. 25, p. 287-99.</text_orig>
</article>
