<?xml version="1.0" ?>
<article uri="http://libmeta.ru/fme/article/10_ABSTRAKTNOE" alphabetic_pos="10">
  <title>АБСТРАКТНОЕ ВЕКТОРНОЕ ПРОСТРАНСТВО</title>
  <authors/>
  <pages>
    <start>6</start>
    <end>6</end>
  </pages>
  <literature>
    <literature_orig/>
  </literature>
  <formulas_main/>
  <formulas_aux>
    <formula uri="http://libmeta.ru/fme/formula/aux/10_1_ABSTRAKTNOE">\mathrm{cm}</formula>
  </formulas_aux>
  <relations n="0"/>
  <text>$URI[[http://libmeta.ru/fme/formula/aux/10_1_ABSTRAKTNOE]]/URI$. Векторное пространство.</text>
  <text_orig>$\mathrm{cM}$. Векторное пространство.</text_orig>
</article>
