<?xml version="1.0" ?>
<article uri="http://libmeta.ru/fme/article/1100_KANONIChESKIJ" alphabetic_pos="1102">
  <title>КАНОНИЧЕСКИЙ Н-ПРОЦЕСС</title>
  <authors/>
  <pages>
    <start>235</start>
    <end>235</end>
  </pages>
  <literature>
    <literature_orig/>
  </literature>
  <formulas_main/>
  <formulas_aux/>
  <relations n="1">
    <relation uri="http://libmeta.ru/fme/relation/1100_1_KANONIChESKIJ">
      <rel_text>Квантовый случайный процесс</rel_text>
      <target>http://libmeta.ru/fme/article/1209_KVANTOVYJ</target>
    </relation>
  </relations>
  <text>см. URI[[http://libmeta.ru/fme/relation/1100_1_KANONIChESKIJ]]/URI.</text>
  <text_orig>см. Квантовый случайный процесс.</text_orig>
</article>
