<?xml version="1.0" ?>
<article uri="http://libmeta.ru/fme/article/1104_KANONIChESKOE" alphabetic_pos="1106">
  <title>КАНОНИЧЕСКОЕ КВАНТОВАНИЕ В КВАНТОВОЙ МЕХАНИКЕ</title>
  <authors>
    <author>Д. В. Ширков</author>
  </authors>
  <pages>
    <start>235</start>
    <end>236</end>
  </pages>
  <literature>
    <literature_orig>Лит.: [1] Га й т л е р В., Квантовая теория излучения, пер. с англ., [2 изд.], М., 1956, гл. 2; [2] В е нтцел ь Г., Введение в квантовую теорию волновых полей, пер. с нем., М.-Л., 1947, гл. 1; [3] Б о гол юбов Н. Н., Ш и рков Д. В., Квантовые поля, М., 2 изд., 1990, $\s 6$.</literature_orig>
    <unit>
      <author>Гайтлер В.</author>
      <title>Квантовая теория излучения</title>
      <publication>пер. с англ., [2 изд.], М.</publication>
      <year>1956</year>
      <other>гл. 2</other>
    </unit>
    <unit>
      <author>Вентцель Г.</author>
      <title>Введение в квантовую теорию волновых полей</title>
      <publication>пер. с нем., М.-Л.</publication>
      <year>1947</year>
      <other>гл. 1</other>
    </unit>
    <unit>
      <author>Боголюбов Н. Н.</author>
      <author>Ширков Д. В.</author>
      <title>Квантовые поля</title>
      <publication>М., 2 изд.</publication>
      <year>1990</year>
      <other>$\s 6$.</other>
    </unit>
  </literature>
  <formulas_main>
    <formula uri="http://libmeta.ru/fme/formula/main/1104_1_KANONIChESKOE">\dot{F}=\{F, H\},</formula>
    <formula uri="http://libmeta.ru/fme/formula/main/1104_2_KANONIChESKOE">\{A, B\}=\sum_{l}\left(\frac{\partial A}{\partial q_{l}} \frac{\partial B}{\partial p_{l}}-\frac{\partial B}{\partial q_{l}} \frac{\partial A}{\partial p_{l}}\right)</formula>
    <formula uri="http://libmeta.ru/fme/formula/main/1104_3_KANONIChESKOE">\begin{aligned}\left\{q_{k}, p_{l}\right\} &amp; =\delta_{k l}, \quad\left\{q_{k}, q_{l}\right\}=\left\{p_{k}, p_{l}\right\}=0, \\\dot{q}_{k} &amp; =\left\{q_{k}, H\right\}, \quad \dot{p}_{l}=\left\{p_{l}, H\right\}\end{aligned}</formula>
    <formula uri="http://libmeta.ru/fme/formula/main/1104_4_KANONIChESKOE">\{A, B\} \rightarrow\{A, B\}_{\text {Квант }}=\frac{1}{i \hbar}[A, B]</formula>
    <formula uri="http://libmeta.ru/fme/formula/main/1104_5_KANONIChESKOE">[A, B] \equiv A B-B A \text {. }</formula>
    <formula uri="http://libmeta.ru/fme/formula/main/1104_6_KANONIChESKOE">\left[q_{k}, p_{l}\right]=i \hbar \delta_{k l},\left[q_{k}, q_{l}\right]=\left[p_{k}, p_{l}\right]=0</formula>
    <formula uri="http://libmeta.ru/fme/formula/main/1104_7_KANONIChESKOE">i \hbar \dot{F}(q, p)=[F(q, p), H(q, p)] \text {, }</formula>
    <formula uri="http://libmeta.ru/fme/formula/main/1104_8_KANONIChESKOE">q_{k} \rightarrow q(\boldsymbol{x})=\varphi\left(x, t_{0}\right)</formula>
    <formula uri="http://libmeta.ru/fme/formula/main/1104_9_KANONIChESKOE">\pi\left(\boldsymbol{x}, t_{0}\right)=\frac{\partial L}{\partial \varphi\left(\boldsymbol{x}, t_{0}\right)} .</formula>
    <formula uri="http://libmeta.ru/fme/formula/main/1104_10_KANONIChESKOE">\begin{gathered}{\left[\varphi\left(x, t_{0}\right), \pi\left(x^{\prime}, t_{0}\right)\right]=i \hbar \delta\left(x-x^{\prime}\right),} \\{\left[\varphi\left(x, t_{0}\right), \varphi\left(x^{\prime}, t_{0}\right)\right]=\left[\pi\left(x, t_{0}\right), \pi\left(x^{\prime}, t_{0}\right)\right]=0}\end{gathered}</formula>
  </formulas_main>
  <formulas_aux>
    <formula uri="http://libmeta.ru/fme/formula/aux/1104_1_KANONIChESKOE">q_{k}</formula>
    <formula uri="http://libmeta.ru/fme/formula/aux/1104_2_KANONIChESKOE">l</formula>
    <formula uri="http://libmeta.ru/fme/formula/aux/1104_3_KANONIChESKOE">\boldsymbol{h}</formula>
    <formula uri="http://libmeta.ru/fme/formula/aux/1104_4_KANONIChESKOE">p_{k}=\partial L / \partial \dot{q}</formula>
    <formula uri="http://libmeta.ru/fme/formula/aux/1104_5_KANONIChESKOE">\boldsymbol{n}</formula>
    <formula uri="http://libmeta.ru/fme/formula/aux/1104_6_KANONIChESKOE">q_{k}, p_{l}(k, l=1,2, \ldots, N)</formula>
    <formula uri="http://libmeta.ru/fme/formula/aux/1104_7_KANONIChESKOE">f(q, p)</formula>
    <formula uri="http://libmeta.ru/fme/formula/aux/1104_8_KANONIChESKOE">q, p</formula>
    <formula uri="http://libmeta.ru/fme/formula/aux/1104_9_KANONIChESKOE">\left.q_{k}, p_{l}\right)</formula>
    <formula uri="http://libmeta.ru/fme/formula/aux/1104_10_KANONIChESKOE">\left(\delta_{k l}-\right.</formula>
    <formula uri="http://libmeta.ru/fme/formula/aux/1104_11_KANONIChESKOE">q</formula>
    <formula uri="http://libmeta.ru/fme/formula/aux/1104_12_KANONIChESKOE">p</formula>
    <formula uri="http://libmeta.ru/fme/formula/aux/1104_13_KANONIChESKOE">a, B</formula>
    <formula uri="http://libmeta.ru/fme/formula/aux/1104_14_KANONIChESKOE">h</formula>
    <formula uri="http://libmeta.ru/fme/formula/aux/1104_15_KANONIChESKOE">\varphi(x, t)</formula>
    <formula uri="http://libmeta.ru/fme/formula/aux/1104_16_KANONIChESKOE">t=t_{0}</formula>
    <formula uri="http://libmeta.ru/fme/formula/aux/1104_17_KANONIChESKOE">k</formula>
    <formula uri="http://libmeta.ru/fme/formula/aux/1104_18_KANONIChESKOE">\pi\left(x, t_{0}\right)</formula>
    <formula uri="http://libmeta.ru/fme/formula/aux/1104_19_KANONIChESKOE">l</formula>
    <formula uri="http://libmeta.ru/fme/formula/aux/1104_20_KANONIChESKOE">\left[\delta\left(x-x^{\prime}\right)\right.</formula>
    <formula uri="http://libmeta.ru/fme/formula/aux/1104_21_KANONIChESKOE">\left[\varphi(x, t), \varphi\left(x^{\prime}, t^{\prime}\right)\right]=i \hbar \Delta\left(x-x^{\prime}, t-t^{\prime}\right)=i \hbar \Delta\left(x-x^{\prime}\right)</formula>
    <formula uri="http://libmeta.ru/fme/formula/aux/1104_22_KANONIChESKOE">\delta-</formula>
    <formula uri="http://libmeta.ru/fme/formula/aux/1104_23_KANONIChESKOE">\left(x, x^{\prime}-\right.</formula>
    <formula uri="http://libmeta.ru/fme/formula/aux/1104_24_KANONIChESKOE">\varphi(x)</formula>
  </formulas_aux>
  <relations n="0"/>
  <text>квантование на основе гамильтонова (иначе канонического) формализма, аналогичного гамильтонову формализму классической механики.

В канонич. формализме основными переменными являются обобщенные координаты $URI[[http://libmeta.ru/fme/formula/aux/1104_1_KANONIChESKOE]]/URI$ и сопряженные им (относительно функции Лагранжа $URI[[http://libmeta.ru/fme/formula/aux/1104_2_KANONIChESKOE]]/URI$ или функции Гамильтона $URI[[http://libmeta.ru/fme/formula/aux/1104_3_KANONIChESKOE]]/URI$ ) обобщенные (канонические) импульсы $URI[[http://libmeta.ru/fme/formula/aux/1104_4_KANONIChESKOE]]/URI$. Выражая функцию Гамильтона консервативной системы с конечным числом степеней свободы $URI[[http://libmeta.ru/fme/formula/aux/1104_5_KANONIChESKOE]]/URI$ (полную энергию системы) через канонич. переменные $URI[[http://libmeta.ru/fme/formula/aux/1104_6_KANONIChESKOE]]/URI$, уравнения движения в классич. механике можно записать в виде:

\[
URI[[http://libmeta.ru/fme/formula/main/1104_1_KANONIChESKOE]]/URI
\]

где

\[
URI[[http://libmeta.ru/fme/formula/main/1104_2_KANONIChESKOE]]/URI
\]

- классич. скобка Пуассона, а $URI[[http://libmeta.ru/fme/formula/aux/1104_7_KANONIChESKOE]]/URI$ - динамич. переменная, не зависящая явно от времени (через $URI[[http://libmeta.ru/fme/formula/aux/1104_8_KANONIChESKOE]]/URI$ обозначена совокупность всех $URI[[http://libmeta.ru/fme/formula/aux/1104_9_KANONIChESKOE]]/URI$. Поэтому, в частности,

\[
URI[[http://libmeta.ru/fme/formula/main/1104_3_KANONIChESKOE]]/URI
\]

$URI[[http://libmeta.ru/fme/formula/aux/1104_10_KANONIChESKOE]]/URI$ символ Кронекера).

Постулат К. к. состоит в замене переменных $URI[[http://libmeta.ru/fme/formula/aux/1104_11_KANONIChESKOE]]/URI$, $URI[[http://libmeta.ru/fme/formula/aux/1104_12_KANONIChESKOE]]/URI$ на соответствующие операторы, действующие на волновую функцию состояния, причем перестановочные соотношения для этих операторов и квантовые уравнения движения для них получаются из (3) и (4) по «правилу соответствия»: классич. скобка Пуассона заменяется на квантовую скобку Пуассона

\[
URI[[http://libmeta.ru/fme/formula/main/1104_4_KANONIChESKOE]]/URI
\]

определенную через коммутатор операторов $URI[[http://libmeta.ru/fme/formula/aux/1104_13_KANONIChESKOE]]/URI$ :

\[
URI[[http://libmeta.ru/fme/formula/main/1104_5_KANONIChESKOE]]/URI
\]

Поэтому формулы (3) превращаются в коммутационные соотношения

\[
URI[[http://libmeta.ru/fme/formula/main/1104_6_KANONIChESKOE]]/URI
\]

а квантовые уравнения движения принимают вид

\[
URI[[http://libmeta.ru/fme/formula/main/1104_7_KANONIChESKOE]]/URI
\]

где $URI[[http://libmeta.ru/fme/formula/aux/1104_14_KANONIChESKOE]]/URI$ - гамильтониан квантовомеханич. системы.

В к в а н то в о й те о р и и поля формулы К. к. принимают специфич. форму, отражающую бесконечное число степеней свободы и непрерывный характер переменных, к-рыми характеризуется поле. В качестве обобщенных координат оказывается естественным выбрать значения функции поля $URI[[http://libmeta.ru/fme/formula/aux/1104_15_KANONIChESKOE]]/URI$ в какой-либо произвольный, но фиксированный момент времени $URI[[http://libmeta.ru/fme/formula/aux/1104_16_KANONIChESKOE]]/URI$ :

\[
URI[[http://libmeta.ru/fme/formula/main/1104_8_KANONIChESKOE]]/URI
\]

Индекс $URI[[http://libmeta.ru/fme/formula/aux/1104_17_KANONIChESKOE]]/URI$, таким образом, становится непрерывным и трехмерным. Канонич. импульс $URI[[http://libmeta.ru/fme/formula/aux/1104_18_KANONIChESKOE]]/URI$ удобно определить через лагранжиан поля (точнее через плотность лагранжиана) $URI[[http://libmeta.ru/fme/formula/aux/1104_19_KANONIChESKOE]]/URI$ :

\[
URI[[http://libmeta.ru/fme/formula/main/1104_9_KANONIChESKOE]]/URI
\]

Тогда перестановочные соотношения для обобщенных координат и импульсов поля примут «непрерывный» вид так наз. одновременных перестановочных соотношений:

\[
URI[[http://libmeta.ru/fme/formula/main/1104_10_KANONIChESKOE]]/URI
\]

$URI[[http://libmeta.ru/fme/formula/aux/1104_20_KANONIChESKOE]]/URI$ - трехмерная функция Дирака], а форма уравнений движения по сравнению с (7) не изменится.

В квантовой теории релятивистских полей важную роль играют ковариантные перестановочные соотношения вида:

$URI[[http://libmeta.ru/fme/formula/aux/1104_21_KANONIChESKOE]]/URI$, где $URI[[http://libmeta.ru/fme/formula/aux/1104_22_KANONIChESKOE]]/URI$ нек-рая перестановочная функция $URI[[http://libmeta.ru/fme/formula/aux/1104_23_KANONIChESKOE]]/URI$ четырехмерные координаты). Переход от одновременных перестановочных соотношений (9) к разновременным (10) требует решения уравнений движения для поля $URI[[http://libmeta.ru/fme/formula/aux/1104_24_KANONIChESKOE]]/URI$ и на практике оказывается возможным лишь для свободных полей.</text>
  <text_orig>квантование на основе гамильтонова (иначе канонического) формализма, аналогичного гамильтонову формализму классической механики.

В канонич. формализме основными переменными являются обобшенные координаты $q_{k}$ и сопряженные им (относительно функции Лагранжа $L$ или функции Гамильтона $\boldsymbol{H}$ ) обобщенные (канонические) импульсы $p_{k}=\partial L / \partial \dot{q}$. Выражая функцию Гамильтона консервативной системы с конечным числом степеней свободы $\boldsymbol{N}$ (полную энергию системы) через канонич. переменные $q_{k}, p_{l}(k, l=1,2, \ldots, N)$, уравнения движения в классич. механике можно записать в виде:

\[
\dot{F}=\{F, H\},
\]

где

\[
\{A, B\}=\sum_{l}\left(\frac{\partial A}{\partial q_{l}} \frac{\partial B}{\partial p_{l}}-\frac{\partial B}{\partial q_{l}} \frac{\partial A}{\partial p_{l}}\right)
\]

- классич. скобка Пуассона, а $F(q, p)$ - динамич. переменная, не зависящая явно от времени (через $q, p$ обозначена совокупность всех $\left.q_{k}, p_{l}\right)$. Поэтому, в частности,

\[
\begin{aligned}
\left\{q_{k}, p_{l}\right\} &amp; =\delta_{k l}, \quad\left\{q_{k}, q_{l}\right\}=\left\{p_{k}, p_{l}\right\}=0, \\
\dot{q}_{k} &amp; =\left\{q_{k}, H\right\}, \quad \dot{p}_{l}=\left\{p_{l}, H\right\}
\end{aligned}
\]

$\left(\delta_{k l}-\right.$ символ Кронекера).

Постулат К. к. состоит в замене переменных $q$, $p$ на соответствующие операторы, действующие на волновую функцию состояния, причем перестановочные соотношения для этих операторов и квантовые уравнения движения для них получаются из (3) и (4) по «правилу соответствия»: классич. скобка Пуассона заменяется на квантовую скобку Пуассона

\[
\{A, B\} \rightarrow\{A, B\}_{\text {Квант }}=\frac{1}{i \hbar}[A, B]
\]

определенную через коммутатор операторов $A, B$ :

\[
[A, B] \equiv A B-B A \text {. }
\]

Поэтому формулы (3) превращаются в коммутационные соотношения

\[
\left[q_{k}, p_{l}\right]=i \hbar \delta_{k l},\left[q_{k}, q_{l}\right]=\left[p_{k}, p_{l}\right]=0
\]

а квантовые уравнения движения принимают вид

\[
i \hbar \dot{F}(q, p)=[F(q, p), H(q, p)] \text {, }
\]

где $H$ - гамильтониан квантовомеханич. системы.

В к в а н то в о й те о р и и поля формулы К. к. принимают специфич. форму, отражающую бесконечное число степеней свободы и непрерывный характер переменных, к-рыми характеризуется поле. В качестве обобщенных координат оказывается естественным выбрать значения функции поля $\varphi(x, t)$ в какой-либо произвольный, но фиксированный момент времени $t=t_{0}$ :

\[
q_{k} \rightarrow q(\boldsymbol{x})=\varphi\left(x, t_{0}\right)
\]

Индекс $k$, таким образом, становится непрерывным и трехмерным. Канонич. импульс $\pi\left(x, t_{0}\right)$ удобно определить через лагранжиан поля (точнее через плотность лагранжиана) $L$ :

\[
\pi\left(\boldsymbol{x}, t_{0}\right)=\frac{\partial L}{\partial \varphi\left(\boldsymbol{x}, t_{0}\right)} .
\]

Тогда перестановочные соотношения для обобщенных координат и импульсов поля примут «непрерывный» вид так наз. одновременных перестановочных соотношений:

\[
\begin{gathered}
{\left[\varphi\left(x, t_{0}\right), \pi\left(x^{\prime}, t_{0}\right)\right]=i \hbar \delta\left(x-x^{\prime}\right),} \\
{\left[\varphi\left(x, t_{0}\right), \varphi\left(x^{\prime}, t_{0}\right)\right]=\left[\pi\left(x, t_{0}\right), \pi\left(x^{\prime}, t_{0}\right)\right]=0}
\end{gathered}
\]

$\left[\delta\left(x-x^{\prime}\right)\right.$ - трехмерная функция Дирака], а форма уравнений движения по сравнению с (7) не изменится.

В квантовой теории релятивистских полей важную роль играют ковариантные перестановочные соотношения вида:

$\left[\varphi(x, t), \varphi\left(x^{\prime}, t^{\prime}\right)\right]=i \hbar \Delta\left(x-x^{\prime}, t-t^{\prime}\right)=i \hbar \Delta\left(x-x^{\prime}\right)$, где $\Delta-$ нек-рая перестановочная функция $\left(x, x^{\prime}-\right.$ четырехмерные координаты). Переход от одновременны́х перестановочных соотношений (9) к разновременны́м (10) требует решения уравнений движения для поля $\varphi(x)$ и на практике оказывается возможным лишь для свободных полей.

Лит.: [1] Га й т л е р В., Квантовая теория излучения, пер. с англ., [2 изд.], М., 1956, гл. 2; [2] В е нтцел ь Г., Введение в квантовую теорию волновых полей, пер. с нем., М.-Л., 1947, гл. 1; [3] Б о гол юбов Н. Н., Ш и рков Д. В., Квантовые поля, М., 2 изд., 1990, $\S 6$.

Д. В. Ширков.</text_orig>
</article>
