<?xml version="1.0" ?>
<article uri="http://libmeta.ru/fme/article/110_ASIMPTOTIChESKAJa" alphabetic_pos="110">
  <title>АСИМПТОТИЧЕСКАЯ СВОБОДА</title>
  <authors>
    <author>В. В. Белокуров</author>
  </authors>
  <pages>
    <start>33</start>
    <end>33</end>
  </pages>
  <literature>
    <literature_orig/>
  </literature>
  <formulas_main>
    <formula uri="http://libmeta.ru/fme/formula/main/110_1_ASIMPTOTIChESKAJa">\bar{\alpha}_{s}\left(Q^{2} / \mu^{2}, \alpha_{s}\right)=\frac{\alpha_{s}}{1+\alpha_{s} \beta_{1} \ln \left(Q^{2} / \mu^{2}\right)}, \quad \beta_{1}=\frac{11}{4 \pi}-\frac{n}{6 \pi},</formula>
    <formula uri="http://libmeta.ru/fme/formula/main/110_2_ASIMPTOTIChESKAJa">\bar{\alpha}_{s}\left(Q^{2} / \mu^{2}, \alpha_{s}\right) \rightarrow 0</formula>
    <formula uri="http://libmeta.ru/fme/formula/main/110_3_ASIMPTOTIChESKAJa">\Lambda=\mu \exp \left(-1 / 2 \beta_{1} \alpha_{s}\right)</formula>
    <formula uri="http://libmeta.ru/fme/formula/main/110_4_ASIMPTOTIChESKAJa">\bar{\alpha}_{s}\left(Q^{2}\right)=\left[\beta_{1} \ln \left(Q^{2} / \Lambda^{2}\right)\right]^{-1} .</formula>
    <formula uri="http://libmeta.ru/fme/formula/main/110_5_ASIMPTOTIChESKAJa">\bar{\alpha}_{s}^{(2)}\left(Q^{2}\right)=\frac{1}{\beta_{1} \ln \left(Q^{2} / \Lambda^{2}\right)}-\frac{\beta_{2}}{\beta_{1}} \frac{\ln \ln \left(Q^{2} / \Lambda^{2}\right)}{\ln \left(Q^{2} / \Lambda^{2}\right)},</formula>
  </formulas_main>
  <formulas_aux>
    <formula uri="http://libmeta.ru/fme/formula/aux/110_1_ASIMPTOTIChESKAJa">\kappa a</formula>
    <formula uri="http://libmeta.ru/fme/formula/aux/110_2_ASIMPTOTIChESKAJa">s U(3)</formula>
    <formula uri="http://libmeta.ru/fme/formula/aux/110_3_ASIMPTOTIChESKAJa">\left(q^{2}\right)</formula>
    <formula uri="http://libmeta.ru/fme/formula/aux/110_4_ASIMPTOTIChESKAJa">\left(\mu^{2}\right)</formula>
    <formula uri="http://libmeta.ru/fme/formula/aux/110_5_ASIMPTOTIChESKAJa">(\alpha)</formula>
    <formula uri="http://libmeta.ru/fme/formula/aux/110_6_ASIMPTOTIChESKAJa">n</formula>
    <formula uri="http://libmeta.ru/fme/formula/aux/110_7_ASIMPTOTIChESKAJa">n \leqslant 6</formula>
    <formula uri="http://libmeta.ru/fme/formula/aux/110_8_ASIMPTOTIChESKAJa">\beta_{1}</formula>
    <formula uri="http://libmeta.ru/fme/formula/aux/110_9_ASIMPTOTIChESKAJa">q^{2} \rightarrow \infty</formula>
    <formula uri="http://libmeta.ru/fme/formula/aux/110_10_ASIMPTOTIChESKAJa">\beta_{1}</formula>
    <formula uri="http://libmeta.ru/fme/formula/aux/110_11_ASIMPTOTIChESKAJa">n</formula>
    <formula uri="http://libmeta.ru/fme/formula/aux/110_12_ASIMPTOTIChESKAJa">\bar{\alpha}_{s}</formula>
    <formula uri="http://libmeta.ru/fme/formula/aux/110_13_ASIMPTOTIChESKAJa">q^{2}</formula>
    <formula uri="http://libmeta.ru/fme/formula/aux/110_14_ASIMPTOTIChESKAJa">11 / 4 \pi</formula>
    <formula uri="http://libmeta.ru/fme/formula/aux/110_15_ASIMPTOTIChESKAJa">\alpha_{s}</formula>
    <formula uri="http://libmeta.ru/fme/formula/aux/110_16_ASIMPTOTIChESKAJa">\mu</formula>
    <formula uri="http://libmeta.ru/fme/formula/aux/110_17_ASIMPTOTIChESKAJa">q \gg \Lambda</formula>
    <formula uri="http://libmeta.ru/fme/formula/aux/110_18_ASIMPTOTIChESKAJa">\bar{\alpha}_{s}</formula>
    <formula uri="http://libmeta.ru/fme/formula/aux/110_19_ASIMPTOTIChESKAJa">\beta_{2}=(153-19 n) / 24 \pi^{2}</formula>
    <formula uri="http://libmeta.ru/fme/formula/aux/110_20_ASIMPTOTIChESKAJa">q^{2}</formula>
    <formula uri="http://libmeta.ru/fme/formula/aux/110_21_ASIMPTOTIChESKAJa">\left(\bar{\alpha}_{s}\left(q^{2}\right) \geqslant 1\right)</formula>
    <formula uri="http://libmeta.ru/fme/formula/aux/110_22_ASIMPTOTIChESKAJa">q \sim \Lambda</formula>
    <formula uri="http://libmeta.ru/fme/formula/aux/110_23_ASIMPTOTIChESKAJa">\lambda</formula>
    <formula uri="http://libmeta.ru/fme/formula/aux/110_24_ASIMPTOTIChESKAJa">\lambda</formula>
    <formula uri="http://libmeta.ru/fme/formula/aux/110_25_ASIMPTOTIChESKAJa">\quad</formula>
  </formulas_aux>
  <relations n="0"/>
  <text>свойство Квантовой теории неабелевых калибровочных полей, состоящее в том, что интенсивность взаимодействия, переносимого неабелевыми калибровочными полями, стремится к нулю при неограниченном увеличении переданного при взаимодействии импульса. В координатном представлении это соответствует исчезновению взаимодействия при уменьшении расстояния, на к-ром оно происходит, до нуля.

Именно такой характер поведения интенсивности взаимодействия между кварками наилучшим образом согласуется с наблюдаемой на опыте партонной картиной строения адронов. В этой картине адроны, участвующие в высокоэнергетич. процессах с большими передачами импульса, представляются как состоящие из точечных дискретных рассеивающих центров - партонов, к-рые с определенной степенью точности можно считать невзаимодействующими друг с другом. После открытия явления А.с. сложилась современная квантовополевая модель межкварковых взаимодействий, получившая название квантовая хромодинами$URI[[http://libmeta.ru/fme/formula/aux/110_1_ASIMPTOTIChESKAJa]]/URI$. В этой теории переносчиками сильного взаимодействия между кварками являются кванты неабелева калибровочного поля, связанного с наличием в природе локальной (цветовой) $URI[[http://libmeta.ru/fme/formula/aux/110_2_ASIMPTOTIChESKAJa]]/URI$-симметрии. При сопоставлении с партонной картиной кварки отождествляются с заряженными партонами, а кванты калибровочного поля - с электрически нейтральными партонами, переносящими около половины импульса адрона.

Интенсивность взаимодействия в квантовой теории поля

![](https://cdn.mathpix.com/cropped/2023_07_08_3d413786edd4eaf3bb4bg-1.jpg?height=39&amp;width=815&amp;top_left_y=1625&amp;top_left_x=77)
зависящей от отношения квадрата переданного импульса $URI[[http://libmeta.ru/fme/formula/aux/110_3_ASIMPTOTIChESKAJa]]/URI$ к размерному параметру шкалы $URI[[http://libmeta.ru/fme/formula/aux/110_4_ASIMPTOTIChESKAJa]]/URI$, к-рый возникает в теории в результате явления так наз. размерной трансмутации и совместно с затравочной константой связи $URI[[http://libmeta.ru/fme/formula/aux/110_5_ASIMPTOTIChESKAJa]]/URI$ параметризует теорию.

Полученное методом ренормализационной группы с учетом первого порядка теории возмущений выражение для эффективной константы связи в квантовой хромодинамике имеет вид

\[
URI[[http://libmeta.ru/fme/formula/main/110_1_ASIMPTOTIChESKAJa]]/URI
\]

где $URI[[http://libmeta.ru/fme/formula/aux/110_6_ASIMPTOTIChESKAJa]]/URI$ - число различных сортов кварков.

Современные экспериментальные данные указывают, что $URI[[http://libmeta.ru/fme/formula/aux/110_7_ASIMPTOTIChESKAJa]]/URI$, поэтому коэффициент $URI[[http://libmeta.ru/fme/formula/aux/110_8_ASIMPTOTIChESKAJa]]/URI$ заведомо положителен и

\[
URI[[http://libmeta.ru/fme/formula/main/110_2_ASIMPTOTIChESKAJa]]/URI
\]

при $URI[[http://libmeta.ru/fme/formula/aux/110_9_ASIMPTOTIChESKAJa]]/URI$.

3 Математическая физика Как видно, коэффициент $URI[[http://libmeta.ru/fme/formula/aux/110_10_ASIMPTOTIChESKAJa]]/URI$ слагается из двух слагаемых. Одно из них, пропорциональное $URI[[http://libmeta.ru/fme/formula/aux/110_11_ASIMPTOTIChESKAJa]]/URI$, происходит из Фейнмана диаграмм с внутренними фермионными петлями и, имея отрицательный знак, благоприятствует росту $URI[[http://libmeta.ru/fme/formula/aux/110_12_ASIMPTOTIChESKAJa]]/URI$ при увеличении $URI[[http://libmeta.ru/fme/formula/aux/110_13_ASIMPTOTIChESKAJa]]/URI$. Второе, положительное слагаемое $URI[[http://libmeta.ru/fme/formula/aux/110_14_ASIMPTOTIChESKAJa]]/URI$ определяется диаграммами только с самодействием калибровочного поля, не содержащими виртуальных фермионов. Поэтому явление А. с. целиком обусловлено нелинейными эффектами самого квантового калибровочного поля.

Вместо параметризации теории затравочной константой $URI[[http://libmeta.ru/fme/formula/aux/110_15_ASIMPTOTIChESKAJa]]/URI$ и размерным параметром $URI[[http://libmeta.ru/fme/formula/aux/110_16_ASIMPTOTIChESKAJa]]/URI$ удобно использовать параметризацию с помощью размерного параметра шкалы

\[
URI[[http://libmeta.ru/fme/formula/main/110_3_ASIMPTOTIChESKAJa]]/URI
\]

В этой параметризации

\[
URI[[http://libmeta.ru/fme/formula/main/110_4_ASIMPTOTIChESKAJa]]/URI
\]

Строго говоря, последняя формула описывает лишь асимптотику эффективной константы связи при $URI[[http://libmeta.ru/fme/formula/aux/110_17_ASIMPTOTIChESKAJa]]/URI$. Для определения характера поведения $URI[[http://libmeta.ru/fme/formula/aux/110_18_ASIMPTOTIChESKAJa]]/URI$ в более широкой области требуется использовать информацию, полученную в двухпетлевом приближении теории возмущений. В этом случае решение ренормгруппового уравнения представляется в виде

\[
URI[[http://libmeta.ru/fme/formula/main/110_5_ASIMPTOTIChESKAJa]]/URI
\]

где двухпетлевой коэффициент $URI[[http://libmeta.ru/fme/formula/aux/110_19_ASIMPTOTIChESKAJa]]/URI$. Указанная формула передает не только феномен А. с. при больших $URI[[http://libmeta.ru/fme/formula/aux/110_20_ASIMPTOTIChESKAJa]]/URI$, но и указывает на выход в область сильной связи $URI[[http://libmeta.ru/fme/formula/aux/110_21_ASIMPTOTIChESKAJa]]/URI$ при $URI[[http://libmeta.ru/fme/formula/aux/110_22_ASIMPTOTIChESKAJa]]/URI$. Таким образом, физич. смысл параметра шкалы $URI[[http://libmeta.ru/fme/formula/aux/110_23_ASIMPTOTIChESKAJa]]/URI$ состоит в том, что числовое значение $URI[[http://libmeta.ru/fme/formula/aux/110_24_ASIMPTOTIChESKAJa]]/URI$, к-рое, как следует из обработки экспериментальных данных, оказывается величиной порядка 100 Мэв, дает характерный масштаб области сильной связи. $URI[[http://libmeta.ru/fme/formula/aux/110_25_ASIMPTOTIChESKAJa]]/URI$</text>
  <text_orig>свойство Квантовой теории неабелевых калибровочных полей, состоящее в том, что интенсивность взаимодействия, переносимого неабелевыми калибровочными полями, стремится к нулю при неограниченном увеличении переданного при взаимодействии импульса. В координатном представлении это соответствует исчезновению взаимодействия при уменьшении расстояния, на к-ром оно происходит, до нуля.

Именно такой характер поведения интенсивности взаимодействия между кварками наилучшим образом согласуется с наблюдаемой на опыте партонной картиной строения адронов. В этой картине адроны, участвующие в высокоэнергетич. процессах с большими передачами импульса, представляются как состояшие из точечных дискретных рассеивающих центров - партонов, к-рые с определенной степенью точности можно считать невзаимодействуюшими друг с другом. После открытия явления А.с. сложилась современная квантовополевая модель межкварковых взаимодействий, получившая название квантовая хромодинами$\kappa a$. В этой теории переносчиками сильного взаимодействия между кварками являются кванты неабелева калибровочного поля, связанного с наличием в природе локальной (цветовой) $S U(3)$-симметрии. При сопоставлении с партонной картиной кварки отождествляются с заряженными партонами, а кванты калибровочного поля - с электрически нейтральными партонами, переносящими около половины импульса адрона.

Интенсивность взаимодействия в квантовой теории поля

![](https://cdn.mathpix.com/cropped/2023_07_08_3d413786edd4eaf3bb4bg-1.jpg?height=39&amp;width=815&amp;top_left_y=1625&amp;top_left_x=77)
зависящей от отношения квадрата переданного импульса $\left(Q^{2}\right)$ к размерному параметру шкалы $\left(\mu^{2}\right)$, к-рый возникает в теории в результате явления так наз. размерной трансмутации и совместно с затравочной константой связи $(\alpha)$ параметризует теорию.

Полученное методом ренормализационной группы с учетом первого порядка теории возмущений выражение для эффективной константы связи в квантовой хромодинамике имеет вид

\[
\bar{\alpha}_{s}\left(Q^{2} / \mu^{2}, \alpha_{s}\right)=\frac{\alpha_{s}}{1+\alpha_{s} \beta_{1} \ln \left(Q^{2} / \mu^{2}\right)}, \quad \beta_{1}=\frac{11}{4 \pi}-\frac{n}{6 \pi},
\]

где $n$ - число различных сортов кварков.

Современные экспериментальные данные указывают, что $n \leqslant 6$, поэтому коэффициент $\beta_{1}$ заведомо положителен и

\[
\bar{\alpha}_{s}\left(Q^{2} / \mu^{2}, \alpha_{s}\right) \rightarrow 0
\]

при $Q^{2} \rightarrow \infty$.

3 Математическая физика Как видно, коэффициент $\beta_{1}$ слагается из двух слагаемых. Одно из них, пропорциональное $n$, происходит из Фейнмана диаграмм с внутренними фермионными петлями и, имея отрицательный знак, благоприятствует росту $\bar{\alpha}_{s}$ при увеличении $Q^{2}$. Второе, положительное слагаемое $11 / 4 \pi$ определяется диаграммами только с самодействием калибровочного поля, не содержашими виртуальных фермионов. Поэтому явление А. с. целиком обусловлено нелинейными эффектами самого квантового калибровочного поля.

Вместо параметризации теории затравочной константой $\alpha_{s}$ и размерным параметром $\mu$ удобно использовать параметризацию с помощью размерного параметра шкалы

\[
\Lambda=\mu \exp \left(-1 / 2 \beta_{1} \alpha_{s}\right)
\]

В этой параметризации

\[
\bar{\alpha}_{s}\left(Q^{2}\right)=\left[\beta_{1} \ln \left(Q^{2} / \Lambda^{2}\right)\right]^{-1} .
\]

Строго говоря, последняя формула описывает лишь асимптотику эффективной константы связи при $Q \gg \Lambda$. Для определения характера поведения $\bar{\alpha}_{s}$ в более широкой области требуется использовать информацию, полученную в двухпетлевом приближении теории возмущений. В этом случае решение ренормгруппового уравнения представляется в виде

\[
\bar{\alpha}_{s}^{(2)}\left(Q^{2}\right)=\frac{1}{\beta_{1} \ln \left(Q^{2} / \Lambda^{2}\right)}-\frac{\beta_{2}}{\beta_{1}} \frac{\ln \ln \left(Q^{2} / \Lambda^{2}\right)}{\ln \left(Q^{2} / \Lambda^{2}\right)},
\]

где двухпетлевой коэффициент $\beta_{2}=(153-19 n) / 24 \pi^{2}$. Указанная формула передает не только феномен А. с. при больших $Q^{2}$, но и указывает на выход в область сильной связи $\left(\bar{\alpha}_{s}\left(Q^{2}\right) \geqslant 1\right)$ при $Q \sim \Lambda$. Таким образом, физич. смысл параметра шкалы $\Lambda$ состоит в том, что числовое значение $\Lambda$, к-рое, как следует из обработки экспериментальных данных, оказывается величиной порядка 100 МэВ, дает характерный масштаб области сильной связи. $\quad$ В. В. Белокуров.</text_orig>
</article>
