<?xml version="1.0" ?>
<article uri="http://libmeta.ru/fme/article/1113_KARTANA" alphabetic_pos="1115">
  <title>КАРТАНА МАТРИЦА</title>
  <authors/>
  <pages>
    <start>237</start>
    <end>237</end>
  </pages>
  <literature>
    <literature_orig/>
  </literature>
  <formulas_main>
    <formula uri="http://libmeta.ru/fme/formula/main/1113_1_KARTANA">c_{i j}=\frac{2\left(\alpha_{i}, \alpha_{j}\right)}{\left(\alpha_{j}, \alpha_{j}\right)},</formula>
  </formulas_main>
  <formulas_aux>
    <formula uri="http://libmeta.ru/fme/formula/aux/1113_1_KARTANA">\alpha_{1}, \ldots, \alpha_{l}</formula>
  </formulas_aux>
  <relations n="0"/>
  <text>матрица, составленная из чисел

\[
URI[[http://libmeta.ru/fme/formula/main/1113_1_KARTANA]]/URI
\]

где $URI[[http://libmeta.ru/fme/formula/aux/1113_1_KARTANA]]/URI$ - простые корни простой алгебры Ли. Алгебра Ли полностью определяется своей К. м.</text>
  <text_orig>матрица, составленная из чисел

\[
c_{i j}=\frac{2\left(\alpha_{i}, \alpha_{j}\right)}{\left(\alpha_{j}, \alpha_{j}\right)},
\]

где $\alpha_{1}, \ldots, \alpha_{l}$ - простые корни простой алгебры Ли. Алгебра Ли полностью определяется своей К. м.</text_orig>
</article>
