<?xml version="1.0" ?>
<article uri="http://libmeta.ru/fme/article/1114_KARTANA" alphabetic_pos="1116">
  <title>КАРТАНА ПОДАЛГЕБРА</title>
  <authors>
    <author>Ю. А. Неретин</author>
  </authors>
  <pages>
    <start>237</start>
    <end>237</end>
  </pages>
  <literature>
    <literature_orig/>
  </literature>
  <formulas_main/>
  <formulas_aux>
    <formula uri="http://libmeta.ru/fme/formula/aux/1114_1_KARTANA">s l(n, \mathbb{C})</formula>
    <formula uri="http://libmeta.ru/fme/formula/aux/1114_2_KARTANA">s l(n, \mathbb{R})</formula>
    <formula uri="http://libmeta.ru/fme/formula/aux/1114_3_KARTANA">u</formula>
    <formula uri="http://libmeta.ru/fme/formula/aux/1114_4_KARTANA">\mathfrak{g}</formula>
    <formula uri="http://libmeta.ru/fme/formula/aux/1114_5_KARTANA">\mathfrak{g}</formula>
    <formula uri="http://libmeta.ru/fme/formula/aux/1114_6_KARTANA">x \in \mathfrak{b}</formula>
    <formula uri="http://libmeta.ru/fme/formula/aux/1114_7_KARTANA">\mathrm{ad}_{x}: y \mapsto[x, y]</formula>
    <formula uri="http://libmeta.ru/fme/formula/aux/1114_8_KARTANA">g</formula>
    <formula uri="http://libmeta.ru/fme/formula/aux/1114_9_KARTANA">\mathfrak{g}^{\mathbb{c}}</formula>
  </formulas_aux>
  <relations n="1">
    <relation uri="http://libmeta.ru/fme/relation/1114_1_KARTANA">
      <rel_text>Классические</rel_text>
      <target>http://libmeta.ru/fme/article/1253_KLASTERIZATsI</target>
    </relation>
  </relations>
  <text>обобщение подалгебры диагональных матриц в $URI[[http://libmeta.ru/fme/formula/aux/1114_1_KARTANA]]/URI$ или $URI[[http://libmeta.ru/fme/formula/aux/1114_2_KARTANA]]/URI$ (см. URI[[http://libmeta.ru/fme/relation/1114_1_KARTANA]]/URI группы $URI[[http://libmeta.ru/fme/formula/aux/1114_3_KARTANA]]/URI$ алгебры Ли). К. П. Ђ в полупростой комплексной (вещественной) алгебре Ли $URI[[http://libmeta.ru/fme/formula/aux/1114_4_KARTANA]]/URI$ - это коммутативная подалгебра в $URI[[http://libmeta.ru/fme/formula/aux/1114_5_KARTANA]]/URI$, удовлетворяющая двум условиям: 1) для любого $URI[[http://libmeta.ru/fme/formula/aux/1114_6_KARTANA]]/URI$ оператор $URI[[http://libmeta.ru/fme/formula/aux/1114_7_KARTANA]]/URI$ в пространстве $URI[[http://libmeta.ru/fme/formula/aux/1114_8_KARTANA]]/URI$ (соответственно, в его комплексификации $URI[[http://libmeta.ru/fme/formula/aux/1114_9_KARTANA]]/URI$ ) может быть диагонализирован в нек-ром базисе; 2) b максимальна среди коммутативных подалгебр, удовлетворяющих условию 1). Любые две К. П. в полупростой комплексной алгебре Ли сопряжены, то есть переводятся друг в друга внутренним автоморфизмом этой алгебры.</text>
  <text_orig>обобщение подалгебры диагональных матриц в $s l(n, \mathbb{C})$ или $s l(n, \mathbb{R})$ (см. Классические группы $u$ алгебры Ли). К. П. Ђ в полупростой комплексной (вещественной) алгебре Ли $\mathfrak{g}$ - это коммутативная подалгебра в $\mathfrak{g}$, удовлетворяющая двум условиям: 1) для любого $x \in \mathfrak{b}$ оператор $\mathrm{ad}_{x}: y \mapsto[x, y]$ в пространстве $g$ (соответственно, в его комплексификации $\mathfrak{g}^{\mathbb{C}}$ ) может быть диагонализирован в нек-ром базисе; 2) b максимальна среди коммутативных подалгебр, удовлетворяющих условию 1). Любые две К. П. в полупростой комплексной алгебре Ли сопряжены, то есть переводятся друг в друга внутренним автоморфизмом этой алгебры.

Ю. А. Неретин.</text_orig>
</article>
