<?xml version="1.0" ?>
<article uri="http://libmeta.ru/fme/article/1117_KASATEL'NOE" alphabetic_pos="1119">
  <title>КАСАТЕЛЬНОЕ ПРОСТРАНСТВО</title>
  <authors/>
  <pages>
    <start>237</start>
    <end>237</end>
  </pages>
  <literature>
    <literature_orig/>
  </literature>
  <formulas_main/>
  <formulas_aux/>
  <relations n="1">
    <relation uri="http://libmeta.ru/fme/relation/1117_1_KASATEL'NOE">
      <rel_text>Касательный вектор</rel_text>
      <target>http://libmeta.ru/fme/article/1120_KASATEL'NYJ</target>
    </relation>
  </relations>
  <text>см. URI[[http://libmeta.ru/fme/relation/1117_1_KASATEL'NOE]]/URI.</text>
  <text_orig>см. КасательнЫй вектор.</text_orig>
</article>
