<?xml version="1.0" ?>
<article uri="http://libmeta.ru/fme/article/1118_KASATEL'NOE" alphabetic_pos="1120">
  <title>КАСАТЕЛЬНОЕ РАССЛОЕНИЕ</title>
  <authors/>
  <pages>
    <start>237</start>
    <end>237</end>
  </pages>
  <literature>
    <literature_orig/>
  </literature>
  <formulas_main/>
  <formulas_aux>
    <formula uri="http://libmeta.ru/fme/formula/aux/1118_1_KASATEL'NOE">t M \rightarrow M</formula>
    <formula uri="http://libmeta.ru/fme/formula/aux/1118_2_KASATEL'NOE">m-</formula>
    <formula uri="http://libmeta.ru/fme/formula/aux/1118_3_KASATEL'NOE">n</formula>
    <formula uri="http://libmeta.ru/fme/formula/aux/1118_4_KASATEL'NOE">t M</formula>
    <formula uri="http://libmeta.ru/fme/formula/aux/1118_5_KASATEL'NOE">m</formula>
    <formula uri="http://libmeta.ru/fme/formula/aux/1118_6_KASATEL'NOE">\bigcup_{x \in M} T M_{x}</formula>
    <formula uri="http://libmeta.ru/fme/formula/aux/1118_7_KASATEL'NOE">2 n</formula>
  </formulas_aux>
  <relations n="0"/>
  <text>естественная проекция $URI[[http://libmeta.ru/fme/formula/aux/1118_1_KASATEL'NOE]]/URI$, где $URI[[http://libmeta.ru/fme/formula/aux/1118_2_KASATEL'NOE]]/URI$ гладкое многообразие размерности $URI[[http://libmeta.ru/fme/formula/aux/1118_3_KASATEL'NOE]]/URI$, а $URI[[http://libmeta.ru/fme/formula/aux/1118_4_KASATEL'NOE]]/URI$ - объединение касательных пространств к $URI[[http://libmeta.ru/fme/formula/aux/1118_5_KASATEL'NOE]]/URI$ в разных точках $URI[[http://libmeta.ru/fme/formula/aux/1118_6_KASATEL'NOE]]/URI$, снабженное естественной структурой гладкого $URI[[http://libmeta.ru/fme/formula/aux/1118_7_KASATEL'NOE]]/URI$-мерного многообразия.

См. также Касательный вектор.</text>
  <text_orig>естественная проекция $T M \rightarrow M$, где $M-$ гладкое многообразие размерности $n$, а $T M$ - объединение касательных пространств к $M$ в разных точках $\bigcup_{x \in M} T M_{x}$, снабженное естественной структурой гладкого $2 n$-мерного многообразия.

СМ. также Касательный вектор.</text_orig>
</article>
