<?xml version="1.0" ?>
<article uri="http://libmeta.ru/fme/article/1119_KASATEL'NOE" alphabetic_pos="1121">
  <title>КАСАТЕЛЬНОЕ УСКОРЕНИЕ</title>
  <authors/>
  <pages>
    <start>237</start>
    <end>237</end>
  </pages>
  <literature>
    <literature_orig/>
  </literature>
  <formulas_main/>
  <formulas_aux/>
  <relations n="1">
    <relation uri="http://libmeta.ru/fme/relation/1119_1_KASATEL'NOE">
      <rel_text>Ускорение</rel_text>
      <target>http://libmeta.ru/fme/article/3196_USKORENI</target>
    </relation>
  </relations>
  <text>см. URI[[http://libmeta.ru/fme/relation/1119_1_KASATEL'NOE]]/URI.</text>
  <text_orig>см. Ускорение.</text_orig>
</article>
