<?xml version="1.0" ?>
<article uri="http://libmeta.ru/fme/article/1120_KASATEL'NYJ" alphabetic_pos="1122">
  <title>КАСАТЕЛЬНЫЙ ВЕКТОР В ТОЧКЕ $p$ МНОГООБРАЗИЯ $M$</title>
  <authors>
    <author>М. И. Войцеховский</author>
  </authors>
  <pages>
    <start>237</start>
    <end>237</end>
  </pages>
  <literature>
    <literature_orig/>
  </literature>
  <formulas_main>
    <formula uri="http://libmeta.ru/fme/formula/main/1120_1_KASATEL'NYJ">\begin{gathered}v(f+h)=v(f)+v(h) \\v(c f)=c v(f), c=\mathrm{const} \\v(f h)=f v(h)+h v(f) .\end{gathered}</formula>
    <formula uri="http://libmeta.ru/fme/formula/main/1120_2_KASATEL'NYJ">\boldsymbol{v}=v^{i} \partial / \partial x^{i}</formula>
  </formulas_main>
  <formulas_aux>
    <formula uri="http://libmeta.ru/fme/formula/aux/1120_1_KASATEL'NYJ">f</formula>
    <formula uri="http://libmeta.ru/fme/formula/aux/1120_2_KASATEL'NYJ">m</formula>
    <formula uri="http://libmeta.ru/fme/formula/aux/1120_3_KASATEL'NYJ">v(f)</formula>
    <formula uri="http://libmeta.ru/fme/formula/aux/1120_4_KASATEL'NYJ">\gamma(t)</formula>
    <formula uri="http://libmeta.ru/fme/formula/aux/1120_5_KASATEL'NYJ">p</formula>
    <formula uri="http://libmeta.ru/fme/formula/aux/1120_6_KASATEL'NYJ">p</formula>
    <formula uri="http://libmeta.ru/fme/formula/aux/1120_7_KASATEL'NYJ">\boldsymbol{v}</formula>
    <formula uri="http://libmeta.ru/fme/formula/aux/1120_8_KASATEL'NYJ">p</formula>
    <formula uri="http://libmeta.ru/fme/formula/aux/1120_9_KASATEL'NYJ">v^{i}</formula>
    <formula uri="http://libmeta.ru/fme/formula/aux/1120_10_KASATEL'NYJ">p</formula>
    <formula uri="http://libmeta.ru/fme/formula/aux/1120_11_KASATEL'NYJ">x^{1}, \ldots, x^{n}</formula>
    <formula uri="http://libmeta.ru/fme/formula/aux/1120_12_KASATEL'NYJ">p</formula>
    <formula uri="http://libmeta.ru/fme/formula/aux/1120_13_KASATEL'NYJ">p</formula>
    <formula uri="http://libmeta.ru/fme/formula/aux/1120_14_KASATEL'NYJ">t_{p}</formula>
    <formula uri="http://libmeta.ru/fme/formula/aux/1120_15_KASATEL'NYJ">m</formula>
    <formula uri="http://libmeta.ru/fme/formula/aux/1120_16_KASATEL'NYJ">t M</formula>
    <formula uri="http://libmeta.ru/fme/formula/aux/1120_17_KASATEL'NYJ">m</formula>
    <formula uri="http://libmeta.ru/fme/formula/aux/1120_18_KASATEL'NYJ">m</formula>
    <formula uri="http://libmeta.ru/fme/formula/aux/1120_19_KASATEL'NYJ">v(p)</formula>
    <formula uri="http://libmeta.ru/fme/formula/aux/1120_20_KASATEL'NYJ">m</formula>
    <formula uri="http://libmeta.ru/fme/formula/aux/1120_21_KASATEL'NYJ">p \in M</formula>
    <formula uri="http://libmeta.ru/fme/formula/aux/1120_22_KASATEL'NYJ">v \in T_{p}</formula>
    <formula uri="http://libmeta.ru/fme/formula/aux/1120_23_KASATEL'NYJ">v^{i}</formula>
  </formulas_aux>
  <relations n="0"/>
  <text>линейный функционал (оператор), который каждой дифференцируемой функции $URI[[http://libmeta.ru/fme/formula/aux/1120_1_KASATEL'NYJ]]/URI$ на $URI[[http://libmeta.ru/fme/formula/aux/1120_2_KASATEL'NYJ]]/URI$ ставит в соответствие вектор $URI[[http://libmeta.ru/fme/formula/aux/1120_3_KASATEL'NYJ]]/URI$ и удовлетворяет аксиомам:

\[
URI[[http://libmeta.ru/fme/formula/main/1120_1_KASATEL'NYJ]]/URI
\]

Это определение не зависит от выбора локальных координат. К. в. представляет собой производную по направлению вдоль кривой $URI[[http://libmeta.ru/fme/formula/aux/1120_4_KASATEL'NYJ]]/URI$, проходящей через точку $URI[[http://libmeta.ru/fme/formula/aux/1120_5_KASATEL'NYJ]]/URI$. Из разложения любой функции в точке $URI[[http://libmeta.ru/fme/formula/aux/1120_6_KASATEL'NYJ]]/URI$ в ряд Тейлора следует, что любой К. в. $URI[[http://libmeta.ru/fme/formula/aux/1120_7_KASATEL'NYJ]]/URI$ в $URI[[http://libmeta.ru/fme/formula/aux/1120_8_KASATEL'NYJ]]/URI$ можно записать в виде

\[
URI[[http://libmeta.ru/fme/formula/main/1120_2_KASATEL'NYJ]]/URI
\]

Действительные коэффициенты $URI[[http://libmeta.ru/fme/formula/aux/1120_9_KASATEL'NYJ]]/URI$ являются (контравариантными) компонентами К. в. в точке $URI[[http://libmeta.ru/fme/formula/aux/1120_10_KASATEL'NYJ]]/URI$ по отношению к локальной системе координат $URI[[http://libmeta.ru/fme/formula/aux/1120_11_KASATEL'NYJ]]/URI$ в окрестности $URI[[http://libmeta.ru/fme/formula/aux/1120_12_KASATEL'NYJ]]/URI$. Совокупность К. в. к многообразию в точке $URI[[http://libmeta.ru/fme/formula/aux/1120_13_KASATEL'NYJ]]/URI$ называется касательным пространством $URI[[http://libmeta.ru/fme/formula/aux/1120_14_KASATEL'NYJ]]/URI$ к $URI[[http://libmeta.ru/fme/formula/aux/1120_15_KASATEL'NYJ]]/URI$ в этой точке, а многообразие $URI[[http://libmeta.ru/fme/formula/aux/1120_16_KASATEL'NYJ]]/URI$, состоящее из всех касательных пространств, называется касательным расслоением многообразия $URI[[http://libmeta.ru/fme/formula/aux/1120_17_KASATEL'NYJ]]/URI$. Сечения этого расслоения - в е ктор ны е поля на $URI[[http://libmeta.ru/fme/formula/aux/1120_18_KASATEL'NYJ]]/URI$, другими словами, можно построить векторное поле $URI[[http://libmeta.ru/fme/formula/aux/1120_19_KASATEL'NYJ]]/URI$ на $URI[[http://libmeta.ru/fme/formula/aux/1120_20_KASATEL'NYJ]]/URI$, ставя в соответствие каждой точке $URI[[http://libmeta.ru/fme/formula/aux/1120_21_KASATEL'NYJ]]/URI$ К. в. $URI[[http://libmeta.ru/fme/formula/aux/1120_22_KASATEL'NYJ]]/URI$ так, чтобы компоненты $URI[[http://libmeta.ru/fme/formula/aux/1120_23_KASATEL'NYJ]]/URI$ являлись дифференцируемыми функциями локальных координат.</text>
  <text_orig>линейный функционал (оператор), который каждой дифференцируемой функции $f$ на $M$ ставит в соответствие вектор $v(f)$ и удовлетворяет аксиомам:

\[
\begin{gathered}
v(f+h)=v(f)+v(h) \\
v(c f)=c v(f), c=\mathrm{const} \\
v(f h)=f v(h)+h v(f) .
\end{gathered}
\]

Это определение не зависит от выбора локальных координат. К. в. представляет собой производную по направлению вдоль кривой $\gamma(t)$, проходящей через точку $p$. Из разложения любой функции в точке $p$ в ряд Тейлора следует, что любой К. в. $\boldsymbol{v}$ в $p$ можно записать в виде

\[
\boldsymbol{v}=v^{i} \partial / \partial x^{i}
\]

Действительные коэффициенты $v^{i}$ являются (контравариантными) компонентами К. в. в точке $p$ по отношению к локальной системе координат $x^{1}, \ldots, x^{n}$ в окрестности $p$. Совокупность К. в. к многообразию в точке $p$ называется касательным пространством $T_{p}$ к $M$ в этой точке, а многообразие $T M$, состоящее из всех касательных пространств, называется касательным расслоением многообразия $M$. Сечения этого расслоения - в е ктор ны е поля на $M$, другими словами, можно построить векторное поле $v(p)$ на $M$, ставя в соответствие каждой точке $p \in M$ К. в. $v \in T_{p}$ так, чтобы компоненты $v^{i}$ являлись дифференцируемыми функциями локальных координат.

М. И. Войцеховский.</text_orig>
</article>
