<?xml version="1.0" ?>
<article uri="http://libmeta.ru/fme/article/1123_KATASTROFIChESKIJ" alphabetic_pos="1125">
  <title>КАТАСТРОФИЧЕСКИЙ ПОТЕНЦИАЛ</title>
  <authors>
    <author>Д. П. Санкович</author>
  </authors>
  <pages>
    <start>239</start>
    <end>239</end>
  </pages>
  <literature>
    <literature_orig>Лum.: [1] Р ю эл ь Д., Статистическая механика, пер. с англ., М., 1971.</literature_orig>
    <unit>
      <author>Рюэль Д.</author>
      <title>Статистическая механика</title>
      <publication>пер. с англ., М.</publication>
      <year>1971</year>
      <other/>
    </unit>
  </literature>
  <formulas_main>
    <formula uri="http://libmeta.ru/fme/formula/main/1123_1_KATASTROFIChESKIJ">\int d x \Phi(x)&lt;0</formula>
  </formulas_main>
  <formulas_aux>
    <formula uri="http://libmeta.ru/fme/formula/aux/1123_1_KATASTROFIChESKIJ">\phi(x)</formula>
    <formula uri="http://libmeta.ru/fme/formula/aux/1123_2_KATASTROFIChESKIJ">\lambda</formula>
    <formula uri="http://libmeta.ru/fme/formula/aux/1123_3_KATASTROFIChESKIJ">\mathbb{r}^{v}</formula>
  </formulas_aux>
  <relations n="0"/>
  <text>взаимодействие в классической или квантовой системе, приводящее к нарушению термодинамического поведения. В большинстве случаев под нарушением термодинамич. поведения понимают расходимость термодинамической функции рассматриваемого ансамбля Гиббса. В классич. случае для широкого класса парных взаимодействий большая статистич. сумма расходится тогда и только тогда, когда нарушено условие устойчивости потенциала (см. Неустойчивый потенциал взаимодействия, Устойчивый потенциал взаимодействия). К. П. приводит к ситуации, когда конфигурациям, при к-рых в ограниченную область пространства собирается много частиц, приписывается большой вес. Напр., для классич. непрерывной системы с парным потенциалом $URI[[http://libmeta.ru/fme/formula/aux/1123_1_KATASTROFIChESKIJ]]/URI$, к-рый абсолютно интегрируем и для к-рого

\[
URI[[http://libmeta.ru/fme/formula/main/1123_1_KATASTROFIChESKIJ]]/URI
\]

можно выбрать ограниченную область $URI[[http://libmeta.ru/fme/formula/aux/1123_2_KATASTROFIChESKIJ]]/URI$ в $URI[[http://libmeta.ru/fme/formula/aux/1123_3_KATASTROFIChESKIJ]]/URI$ такую, что большая статистич. сумма расходится (р.Л. Добрушин, 1964).</text>
  <text_orig>взаиМОДействИе в классической или квантовой системе, приводящее к нарушению термодинамического поведения. В большинстве случаев под нарушением термодинамич. поведения понимают расходимость термодинамической функции рассматриваемого ансамбля Гиббса. В классич. случае для широкого класса парных взаимодействий большая статистич. сумма расходится тогда и только тогда, когда нарушено условие устойчивости потенциала (см. Неустойчивый потенциал взаимодействия, Устойчивый потенциал взаимодействия). К. П. приводит к ситуации, когда конфигурациям, при к-рых в ограниченную область пространства собирается много частиц, приписывается болышой вес. Напр., для классич. непрерывной системы с парным потенциалом $\Phi(x)$, к-рый абсолютно интегрируем и для к-рого

\[
\int d x \Phi(x)&lt;0
\]

можно выбрать ограниченную область $\Lambda$ в $\mathbb{R}^{v}$ такую, что большая статистич. сумма расходится (Р.Л. Добрушин, 1964).

Лum.: [1] Р ю эл ь Д., Статистическая механика, пер. с англ., М., 1971.

Д. П. Санкович.</text_orig>
</article>
