<?xml version="1.0" ?>
<article uri="http://libmeta.ru/fme/article/1125_KAUSTIKA" alphabetic_pos="1127">
  <title>КАУСТИКА В ГЕОМЕТРИЧЕСКОЙ ОПТИКЕ</title>
  <authors>
    <author>М. Э. Казарян</author>
  </authors>
  <pages>
    <start>239</start>
    <end>239</end>
  </pages>
  <literature>
    <literature_orig/>
  </literature>
  <formulas_main/>
  <formulas_aux/>
  <relations n="0"/>
  <text>огибающая системы лучей, то есть множество точек, в которых свет концентрируется. В более общем смысле К.- множество критич. значений лагранжева отображения. Эквивалентные лагранжевы отображения имеют диффеоморфные К. Обратное, вообще говоря, не верно. Пример К.: множество центров кривизны поверхности в трехмерном пространстве образует К. нормального отображения. К. может иметь особенности (см. Лагранжева особенность; нормальная форма).

К а у с т и к о й называют также множество всех фокальных точек семейства кривых.</text>
  <text_orig>огибающая системы лучей, то есть множество точек, в которых свет концентрируется. В более общем смысле К.- множество критич. значений лагранжева отображения. Эквивалентные лагранжевы отображения имеют диффеоморфные К. Обратное, вообше говоря, не верно. Пример К.: множество центров кривизны поверхности в трехмерном пространстве образует К. нормального отображения. К. может иметь особенности (см. Лагранжева особенность; нормальная форма).

К а у с т и к о й называют также множество всех фокальных точек семейства кривых.

М. Э. Казарян.</text_orig>
</article>
