<?xml version="1.0" ?>
<article uri="http://libmeta.ru/fme/article/1128_KVADRATIChNAJa" alphabetic_pos="1130">
  <title>КВАДРАТИЧНАЯ ПОГРЕШНОСТЬ</title>
  <authors/>
  <pages>
    <start>239</start>
    <end>239</end>
  </pages>
  <literature>
    <literature_orig/>
  </literature>
  <formulas_main/>
  <formulas_aux/>
  <relations n="1">
    <relation uri="http://libmeta.ru/fme/relation/1128_1_KVADRATIChNAJa">
      <rel_text>Квадратичное отклонение</rel_text>
      <target>http://libmeta.ru/fme/article/1130_KVADRATIChNOE</target>
    </relation>
  </relations>
  <text>см. URI[[http://libmeta.ru/fme/relation/1128_1_KVADRATIChNAJa]]/URI.</text>
  <text_orig>сМ. КвадратичНое отклонение.</text_orig>
</article>
