<?xml version="1.0" ?>
<article uri="http://libmeta.ru/fme/article/1131_KVADRATIChNOE" alphabetic_pos="1133">
  <title>КВАДРАТИЧНОЕ УКЛОНЕНИЕ</title>
  <authors/>
  <pages>
    <start>240</start>
    <end>240</end>
  </pages>
  <literature>
    <literature_orig/>
  </literature>
  <formulas_main/>
  <formulas_aux/>
  <relations n="1">
    <relation uri="http://libmeta.ru/fme/relation/1131_1_KVADRATIChNOE">
      <rel_text>Квадратичное отклонение</rel_text>
      <target>http://libmeta.ru/fme/article/1130_KVADRATIChNOE</target>
    </relation>
  </relations>
  <text>см. URI[[http://libmeta.ru/fme/relation/1131_1_KVADRATIChNOE]]/URI.</text>
  <text_orig>см. Квадратичное отклонение.</text_orig>
</article>
