<?xml version="1.0" ?>
<article uri="http://libmeta.ru/fme/article/1134_KVADRUPOL'NOGO" alphabetic_pos="1136">
  <title>КВАДРУПОЛЬНОГО МОМЕНТА ТЕНЗОР</title>
  <authors/>
  <pages>
    <start>240</start>
    <end>240</end>
  </pages>
  <literature>
    <literature_orig/>
  </literature>
  <formulas_main/>
  <formulas_aux/>
  <relations n="1">
    <relation uri="http://libmeta.ru/fme/relation/1134_1_KVADRUPOL'NOGO">
      <rel_text>Мультипольного</rel_text>
      <target>http://libmeta.ru/fme/article/1844_MUL'TIPLIKATO</target>
    </relation>
  </relations>
  <text>См. URI[[http://libmeta.ru/fme/relation/1134_1_KVADRUPOL'NOGO]]/URI момента тензор.</text>
  <text_orig>СМ. МУЛЬтипольного момента тензор.</text_orig>
</article>
