<?xml version="1.0" ?>
<article uri="http://libmeta.ru/fme/article/1137_KVAZIDAL'NIJ" alphabetic_pos="1139">
  <title>КВАЗИДАЛЬНИЙ ПОРЯДОК</title>
  <authors/>
  <pages>
    <start>240</start>
    <end>240</end>
  </pages>
  <literature>
    <literature_orig/>
  </literature>
  <formulas_main/>
  <formulas_aux/>
  <relations n="1">
    <relation uri="http://libmeta.ru/fme/relation/1137_1_KVAZIDAL'NIJ">
      <rel_text>Динамический дальний порядок</rel_text>
      <target>http://libmeta.ru/fme/article/830_DINAMIChESKIJ</target>
    </relation>
  </relations>
  <text>см. URI[[http://libmeta.ru/fme/relation/1137_1_KVAZIDAL'NIJ]]/URI.</text>
  <text_orig>см. Динамический дальний порядок.</text_orig>
</article>
