<?xml version="1.0" ?>
<article uri="http://libmeta.ru/fme/article/1138_KVAZIIMPUL'" alphabetic_pos="1140">
  <title>КВАЗИИМПУЛЬС</title>
  <authors>
    <author>И. М. Кричевер</author>
  </authors>
  <pages>
    <start>240</start>
    <end>240</end>
  </pages>
  <literature>
    <literature_orig/>
  </literature>
  <formulas_main>
    <formula uri="http://libmeta.ru/fme/formula/main/1138_1_KVAZIIMPUL'">\psi(x+a, p)=\psi(x, p) \exp \left(\frac{i}{\hbar} p a\right),</formula>
  </formulas_main>
  <formulas_aux>
    <formula uri="http://libmeta.ru/fme/formula/aux/1138_1_KVAZIIMPUL'">\boldsymbol{p}</formula>
    <formula uri="http://libmeta.ru/fme/formula/aux/1138_2_KVAZIIMPUL'">\boldsymbol{a}</formula>
    <formula uri="http://libmeta.ru/fme/formula/aux/1138_3_KVAZIIMPUL'">\boldsymbol{b}</formula>
    <formula uri="http://libmeta.ru/fme/formula/aux/1138_4_KVAZIIMPUL'">(\boldsymbol{a}, \boldsymbol{b})=2 \pi n, n-</formula>
  </formulas_aux>
  <relations n="0"/>
  <text>векторная величина $URI[[http://libmeta.ru/fme/formula/aux/1138_1_KVAZIIMPUL']]/URI$, характеризующая состояние квазичастицы (электрона, экситона, фонона и т. д.) в кристаллической решетке. К в а з и ч а с т и ца м и обычно называют элементарные возбуждения, по к-рым могут быть разложены произвольные малые возбуждения системы. К. для квазичастиц играет ту же роль, что и обычный импульс для обычных частиц. Представление о К. возникло в зонной теории кристаллов. Стационарные состояния электрона в периодич. поле описываются волновыми Блоха функциями, обладающими следующими трансляционными свойствами

\[
URI[[http://libmeta.ru/fme/formula/main/1138_1_KVAZIIMPUL']]/URI
\]

где $URI[[http://libmeta.ru/fme/formula/aux/1138_2_KVAZIIMPUL']]/URI$ - вектор решетки периодов. К. определен по модулю обратной решетки, то есть решетки векторов $URI[[http://libmeta.ru/fme/formula/aux/1138_3_KVAZIIMPUL']]/URI$ таких, что $URI[[http://libmeta.ru/fme/formula/aux/1138_4_KVAZIIMPUL']]/URI$ целое. Приведенное соотношение является определяющим при введении понятия К. и решений Блоха для общих периодич. дифференциальных или разностных уравнений.

Особую роль понятие К. играет в теории конечнозонного интегрирования, где его дифференциал оказывается после аналитич. продолжения абелевым дифференциалом второго рода на компактной римановой поверхности.</text>
  <text_orig>векторная величина $\boldsymbol{p}$, характеризующая состояние квазичастицы (электрона, экситона, фонона и т. д.) в кристаллической решетке. К в а з и ч а с т и ца м и обычно называют элементарные возбуждения, по к-рым могут быть разложены произвольные малые возбуждения системы. К. для квазичастиц играет ту же роль, что и обычный импульс для обычных частиц. Представление о К. возникло в зонной теории кристаллов. Стационарные состояния электрона в периодич. поле описываются волновыми Блоха функциями, обладающими следующими трансляционными свойствами

\[
\psi(x+a, p)=\psi(x, p) \exp \left(\frac{i}{\hbar} p a\right),
\]

где $\boldsymbol{a}$ - вектор решетки периодов. К. определен по модулю обратной решетки, то есть решетки векторов $\boldsymbol{b}$ таких, что $(\boldsymbol{a}, \boldsymbol{b})=2 \pi n, n-$ целое. Приведенное соотношение является определяющим при введении понятия К. и решений Блоха для общих периодич. дифференциальных или разностных уравнений.

Особую роль понятие К. играет в теории конечнозонного интегрирования, где его дифференциал оказывается после аналитич. продолжения абелевым дифференциалом второго рода на компактной римановой поверхности. И. М. Кричевер.</text_orig>
</article>
