<?xml version="1.0" ?>
<article uri="http://libmeta.ru/fme/article/113_ASIMPTOTIChESKI" alphabetic_pos="113">
  <title>АСИМПТОТИЧЕСКИ ПРЕДСКАЗУЕМОЕ ПРОСТРАНСТВО-ВРЕМЯ</title>
  <authors/>
  <pages>
    <start>33</start>
    <end>33</end>
  </pages>
  <literature>
    <literature_orig/>
  </literature>
  <formulas_main/>
  <formulas_aux/>
  <relations n="1">
    <relation uri="http://libmeta.ru/fme/relation/113_1_ASIMPTOTIChESKI">
      <rel_text>Сингулярности пространства-времени</rel_text>
      <target>http://libmeta.ru/fme/article/2775_SINGULJaRNOSTI</target>
    </relation>
  </relations>
  <text>см. URI[[http://libmeta.ru/fme/relation/113_1_ASIMPTOTIChESKI]]/URI.</text>
  <text_orig>см. Сингулярности пространства-времени.</text_orig>
</article>
