<?xml version="1.0" ?>
<article uri="http://libmeta.ru/fme/article/1141_KVAZIKLASSIChESKOE" alphabetic_pos="1143">
  <title>КВАЗИКЛАССИЧЕСКОЕ ПРИБЛИЖЕНИЕ В ИЗЛУЧЕНИИ</title>
  <authors/>
  <pages>
    <start>241</start>
    <end>241</end>
  </pages>
  <literature>
    <literature_orig/>
  </literature>
  <formulas_main>
    <formula uri="http://libmeta.ru/fme/formula/main/1141_1_KVAZIKLASSIChESKOE">\begin{aligned}&amp; w^{\uparrow \downarrow}=\frac{e^{2} h}{6 \pi m^{2} c^{5}} \int_{0}^{\infty} \omega^{3}\left|\vec{S}\left(\omega, \xi,-\xi^{\prime}\right)\right|^{2} d \omega, \\&amp; \vec{S}\left(\omega, \xi, \xi^{\prime}\right)=\int_{-\infty}^{\infty} \vec{S}\left(t, \xi, \xi^{\prime}\right) \exp (i \omega t) d t,\end{aligned}</formula>
  </formulas_main>
  <formulas_aux>
    <formula uri="http://libmeta.ru/fme/formula/aux/1141_1_KVAZIKLASSIChESKOE">h \rightarrow 0</formula>
    <formula uri="http://libmeta.ru/fme/formula/aux/1141_2_KVAZIKLASSIChESKOE">h \omega_{0} / E</formula>
    <formula uri="http://libmeta.ru/fme/formula/aux/1141_3_KVAZIKLASSIChESKOE">h \omega / E</formula>
    <formula uri="http://libmeta.ru/fme/formula/aux/1141_4_KVAZIKLASSIChESKOE">\omega_{0}-</formula>
    <formula uri="http://libmeta.ru/fme/formula/aux/1141_5_KVAZIKLASSIChESKOE">\boldsymbol{e}-</formula>
    <formula uri="http://libmeta.ru/fme/formula/aux/1141_6_KVAZIKLASSIChESKOE">\omega-</formula>
    <formula uri="http://libmeta.ru/fme/formula/aux/1141_7_KVAZIKLASSIChESKOE">\gamma=\frac{e}{m c^{2}} \rightarrow \infty</formula>
    <formula uri="http://libmeta.ru/fme/formula/aux/1141_8_KVAZIKLASSIChESKOE">\sim h \omega_{0} / E</formula>
    <formula uri="http://libmeta.ru/fme/formula/aux/1141_9_KVAZIKLASSIChESKOE">\gamma \in[1, \infty)</formula>
    <formula uri="http://libmeta.ru/fme/formula/aux/1141_10_KVAZIKLASSIChESKOE">\gamma \rightarrow \infty</formula>
    <formula uri="http://libmeta.ru/fme/formula/aux/1141_11_KVAZIKLASSIChESKOE">h \rightarrow 0</formula>
    <formula uri="http://libmeta.ru/fme/formula/aux/1141_12_KVAZIKLASSIChESKOE">w^{\uparrow \downarrow}</formula>
    <formula uri="http://libmeta.ru/fme/formula/aux/1141_13_KVAZIKLASSIChESKOE">\vec{s}\left(t, \xi, \xi^{\prime}\right)-</formula>
    <formula uri="http://libmeta.ru/fme/formula/aux/1141_14_KVAZIKLASSIChESKOE">\xi, \xi^{\prime}= \pm 1</formula>
  </formulas_aux>
  <relations n="1">
    <relation uri="http://libmeta.ru/fme/relation/1141_1_KVAZIKLASSIChESKOE">
      <rel_text>Квазиклассические траекторно-когерентные состояния</rel_text>
      <target>http://libmeta.ru/fme/article/1139_KVAZIKLASSIChESKIE</target>
    </relation>
  </relations>
  <text>приближенные по $URI[[http://libmeta.ru/fme/formula/aux/1141_1_KVAZIKLASSIChESKOE]]/URI$ методы расчета в представлении Фарри характеристик спонтанного излучения электромагнитных волн заряженными частицами, движущимися в произвольном внешнем поле. Эти методы основаны на учете двух типов квантовых поправок к классич. излучению, связанных с квантованием самого движения частицы в этом поле и с эффектом отдачи частицы при излучении (см. [1]). Соответствующие характерные параметры разложения в типичной ситуации (для магнитного поля) $URI[[http://libmeta.ru/fme/formula/aux/1141_2_KVAZIKLASSIChESKOE]]/URI$ и $URI[[http://libmeta.ru/fme/formula/aux/1141_3_KVAZIKLASSIChESKOE]]/URI$, где $URI[[http://libmeta.ru/fme/formula/aux/1141_4_KVAZIKLASSIChESKOE]]/URI$ частота вращения, $URI[[http://libmeta.ru/fme/formula/aux/1141_5_KVAZIKLASSIChESKOE]]/URI$ энергия электрона, $URI[[http://libmeta.ru/fme/formula/aux/1141_6_KVAZIKLASSIChESKOE]]/URI$ частота излученного фотона. В задаче об излучении частицы в области высоких энергий $URI[[http://libmeta.ru/fme/formula/aux/1141_7_KVAZIKLASSIChESKOE]]/URI$, когда оба типа поправок могут быть разделены, причем квантовые поправки первого типа оказываются малыми по сравнению с эффектом отдачи (см. [2]); основным является операторный квазиклассический с релятивистской точностью метод (см. [3]). В этом методе не требуется знания явного вида решений волновых уравнений, и расчет характеристик процесса излучения проводится в пренебрежении коммутаторами (гейзенберговских) операторов координат и импульсов электрона (величины $URI[[http://libmeta.ru/fme/formula/aux/1141_8_KVAZIKLASSIChESKOE]]/URI$ ) (подробнее см. [4]). Возможна модификация метода, учитывающая усреднение по начальным состояниям частицы. (о случае квантовой бесспиновой частицы в магнитном поле см. [5].)

Общие формулы характеристик процесса излучения в произвольном внешнем поле, не имеющие ограничений снизу на энергию частицы и равномерно пригодные во всей области энергий $URI[[http://libmeta.ru/fme/formula/aux/1141_9_KVAZIKLASSIChESKOE]]/URI$, дает метод квазиклассич. траекторно-когерентных состояний (см. [6]). Он основан на использовании полного ортонормированного набора динамич. квазиклассич. траекторно-когерентных состояний оператора Дирака с аномальным взаимодействием Паули (см. URI[[http://libmeta.ru/fme/relation/1141_1_KVAZIKLASSIChESKOE]]/URI).

В рамках этого метода спектрально-угловое распределение вероятностей и излученной энергии с точностью до первой квантовой поправки включительно представляется в виде конкретного функционала от классич. траектории частицы; под классич. траекторией понимается не только решение уравнения Лоренца, но и решение классич. релятивистского уравнения движения спина типа Барамана-Мишеля-Телегди уравнения. При этом учитываются квантовые поправки, связанные как с отдачей электрона, так и с «квантовым характером траектории». В предельном случае ультрарелятивистских частиц $URI[[http://libmeta.ru/fme/formula/aux/1141_10_KVAZIKLASSIChESKOE]]/URI$ результаты совпадают (в разложении по $URI[[http://libmeta.ru/fme/formula/aux/1141_11_KVAZIKLASSIChESKOE]]/URI$ ) с формулами операторного квазиклассич. метода. Для нерелятивистских частиц метод дает сравнительно простые общие выражения для характеристик спонтанного излучения заряда с учетом его спиновых свойств. Напр., для вероятности переходов $URI[[http://libmeta.ru/fme/formula/aux/1141_12_KVAZIKLASSIChESKOE]]/URI$ с переворотом спина

\[
URI[[http://libmeta.ru/fme/formula/main/1141_1_KVAZIKLASSIChESKOE]]/URI
\]

где $URI[[http://libmeta.ru/fme/formula/aux/1141_13_KVAZIKLASSIChESKOE]]/URI$ решение классич. спиновых уравнений, $URI[[http://libmeta.ru/fme/formula/aux/1141_14_KVAZIKLASSIChESKOE]]/URI$. ных монокристаллах, Новосиб., 1989; [2] S c h w in g e r J., «proc. Nat. Acad. Sci. Usa», 1954, v. 40, p. 132; [3] Бай ер B. Н., Катко в В. М., “журнал экспериментальной и теоретич. физики», 1968, т. 55, № 4, с. 1542-54; [4] Байер В. Н., Катков В. М., Фади н В.С., Излучение релятивистских электронов, М., 1973; [5] Ахиезер А. Н., Ласкин Н.В., Шульга Н.Ф., «доклады АН СССР», 1988, т. 303, № 1, с. 78-81; [6] Багр ов В. Г., Белов В. В., Ма с л о в В. П., там же, 1989, т. 308, № 1, с. 88-91.</text>
  <text_orig>приближенные по $h \rightarrow 0$ методы расчета в представлении Фарри характеристик спонтанного излучения электромагнитных волн заряженными частицами, движущимися в произвольном внешнем поле. Эти методы основаны на учете двух типов квантовых поправок к классич. излучению, связанных с квантованием самого движения частицы в этом поле и с эффектом отдачи частицы при излучении (см. [1]). Соответствующие характерные параметры разложения в типичной ситуации (для магнитного поля) $h \omega_{0} / E$ и $h \omega / E$, где $\omega_{0}-$ частота вращения, $\boldsymbol{E}-$ энергия электрона, $\omega-$ частота излученного фотона. В задаче об излучении частицы в области высоких энергий $\gamma=\frac{E}{m c^{2}} \rightarrow \infty$, когда оба типа поправок могут быть разделены, причем квантовые поправки первого типа оказываются малыми по сравнению с эффектом отдачи (см. [2]); основным является операторный квазиклассический с релятивистской точностью метод (см. [3]). В этом методе не требуется знания явного вида решений волновых уравнений, и расчет характеристик процесса излучения проводится в пренебрежении коммутаторами (гейзенберговских) операторов координат и импульсов электрона (величины $\sim h \omega_{0} / E$ ) (подробнее см. [4]). Возможна модификация метода, учитывающая усреднение по начальным состояниям частицы. (О случае квантовой бесспиновой частицы в магнитном поле см. [5].)

Общие формулы характеристик процесса излучения в произвольном внешнем поле, не имеющие ограничений снизу на энергию частицы и равномерно пригодные во всей области энергий $\gamma \in[1, \infty)$, дает метод квазиклассич. траекторно-когерентных состояний (см. [6]). Он основан на использовании полного ортонормированного набора динамич. квазиклассич. траекторно-когерентных состояний оператора Дирака с аномальным взаимодействием Паули (см. Квазиклассические траекторно-когерентные состояния).

В рамках этого метода спектрально-угловое распределение вероятностей и излученной энергии с точностью до первой квантовой поправки включительно представляется в виде конкретного функционала от классич. траектории частицы; под классич. траекторией понимается не только решение уравнения Лоренца, но и решение классич. релятивистского уравнения движения спина типа Барамана-Мишеля-Телегди уравнения. При этом учитываются квантовые поправки, связанные как с отдачей электрона, так и с «квантовым характером траектории». В предельном случае ультрарелятивистских частиц $\gamma \rightarrow \infty$ результаты совпадают (в разложении по $h \rightarrow 0$ ) с формулами операторного квазиклассич. метода. Для нерелятивистских частиц метод дает сравнительно простые общие выражения для характеристик спонтанного излучения заряда с учетом его спиновых свойств. Напр., для вероятности переходов $w^{\uparrow \downarrow}$ с переворотом спина

\[
\begin{aligned}
&amp; w^{\uparrow \downarrow}=\frac{e^{2} h}{6 \pi m^{2} c^{5}} \int_{0}^{\infty} \omega^{3}\left|\vec{S}\left(\omega, \xi,-\xi^{\prime}\right)\right|^{2} d \omega, \\
&amp; \vec{S}\left(\omega, \xi, \xi^{\prime}\right)=\int_{-\infty}^{\infty} \vec{S}\left(t, \xi, \xi^{\prime}\right) \exp (i \omega t) d t,
\end{aligned}
\]

где $\vec{S}\left(t, \xi, \xi^{\prime}\right)-$ решение классич. спиновых уравнений, $\xi, \xi^{\prime}= \pm 1$. ных монокристаллах, Новосиб., 1989; [2] S c h w in g e r J., «Proc. Nat. Acad. Sci. USA», 1954, v. 40, p. 132; [3] Бай ер B. Н., Катко в В. М., “Журнал экспериментальной и теоретич. физики», 1968, т. 55, № 4, с. 1542-54; [4] Байер В. Н., Катков В. М., Фади н В.С., Излучение релятивистских электронов, М., 1973; [5] Ахиезер А. Н., Ласкин Н.В., Шульга Н.Ф., «ДокладыАН СССР», 1988, т. 303, № 1, с. 78-81; [6] Багр ов В. Г., Белов В. В., Ма с л о в В. П., там же, 1989, т. 308, № 1, с. 88-91.</text_orig>
</article>
