<?xml version="1.0" ?>
<article uri="http://libmeta.ru/fme/article/1145_KVAZILOKAL'NAJa" alphabetic_pos="1147">
  <title>КВАЗИЛОКАЛЬНАЯ НАБЛЮДАЕМАЯ</title>
  <authors/>
  <pages>
    <start>241</start>
    <end>241</end>
  </pages>
  <literature>
    <literature_orig/>
  </literature>
  <formulas_main/>
  <formulas_aux/>
  <relations n="1">
    <relation uri="http://libmeta.ru/fme/relation/1145_1_KVAZILOKAL'NAJa">
      <rel_text>Наблюдаемых</rel_text>
      <target>http://libmeta.ru/fme/article/1853_NABLJuDAEMA</target>
    </relation>
  </relations>
  <text>См. URI[[http://libmeta.ru/fme/relation/1145_1_KVAZILOKAL'NAJa]]/URI алгебра.</text>
  <text_orig>СМ. Наблюдаемых алгебра.</text_orig>
</article>
