<?xml version="1.0" ?>
<article uri="http://libmeta.ru/fme/article/1146_KVAZILOKAL'NYJ" alphabetic_pos="1148">
  <title>КВАЗИЛОКАЛЬНЫЙ ОПЕРАТОР</title>
  <authors/>
  <pages>
    <start>241</start>
    <end>241</end>
  </pages>
  <literature>
    <literature_orig/>
  </literature>
  <formulas_main/>
  <formulas_aux/>
  <relations n="1">
    <relation uri="http://libmeta.ru/fme/relation/1146_1_KVAZILOKAL'NYJ">
      <rel_text>Пространственного ослабления корреляций принцип</rel_text>
      <target>http://libmeta.ru/fme/article/2417_PROSTRANSTVENNOGO</target>
    </relation>
  </relations>
  <text>см. URI[[http://libmeta.ru/fme/relation/1146_1_KVAZILOKAL'NYJ]]/URI.</text>
  <text_orig>сМ. Пространственного ослабления корреляций принцип.</text_orig>
</article>
