<?xml version="1.0" ?>
<article uri="http://libmeta.ru/fme/article/1148_KVAZIOBRATIMOST'" alphabetic_pos="1150">
  <title>КВАЗИОБРАТИМОСТЬ ОПЕРАТОРА</title>
  <authors>
    <author>B. E. Назайкинский</author>
  </authors>
  <pages>
    <start>242</start>
    <end>242</end>
  </pages>
  <literature>
    <literature_orig>Лum.: [1] Масло в В.П., Операторные методы, М., 1973; [2] Масл о в В. П., На а айки нск и й В. Е., в кн.: Итоги науки и техники. Современные проблемы математики, т. 13, М., 1979, c. $5-144$.</literature_orig>
    <unit>
      <author>Маслов В. П.</author>
      <title>Операторные методы</title>
      <publication>М.</publication>
      <year>1973</year>
      <other/>
    </unit>
    <unit>
      <author>Маслов В. П.</author>
      <author>Нааайкинский В. Е.</author>
      <title>в кн.: Итоги науки и техники. Современные проблемы математики</title>
      <publication>М.</publication>
      <year>1979</year>
      <other>т. 13, c. $5-144$.</other>
    </unit>
  </literature>
  <formulas_main/>
  <formulas_aux>
    <formula uri="http://libmeta.ru/fme/formula/aux/1148_1_KVAZIOBRATIMOST'">a</formula>
    <formula uri="http://libmeta.ru/fme/formula/aux/1148_2_KVAZIOBRATIMOST'">e</formula>
    <formula uri="http://libmeta.ru/fme/formula/aux/1148_3_KVAZIOBRATIMOST'">q</formula>
    <formula uri="http://libmeta.ru/fme/formula/aux/1148_4_KVAZIOBRATIMOST'">a Q=1+R</formula>
    <formula uri="http://libmeta.ru/fme/formula/aux/1148_5_KVAZIOBRATIMOST'">q A=1+R</formula>
    <formula uri="http://libmeta.ru/fme/formula/aux/1148_6_KVAZIOBRATIMOST'">r \in R_{N}, R_{N}-</formula>
    <formula uri="http://libmeta.ru/fme/formula/aux/1148_7_KVAZIOBRATIMOST'">n</formula>
    <formula uri="http://libmeta.ru/fme/formula/aux/1148_8_KVAZIOBRATIMOST'">e</formula>
    <formula uri="http://libmeta.ru/fme/formula/aux/1148_9_KVAZIOBRATIMOST'">q f</formula>
    <formula uri="http://libmeta.ru/fme/formula/aux/1148_10_KVAZIOBRATIMOST'">(n-1)</formula>
    <formula uri="http://libmeta.ru/fme/formula/aux/1148_11_KVAZIOBRATIMOST'">a u=f</formula>
    <formula uri="http://libmeta.ru/fme/formula/aux/1148_12_KVAZIOBRATIMOST'">b</formula>
    <formula uri="http://libmeta.ru/fme/formula/aux/1148_13_KVAZIOBRATIMOST'">b</formula>
  </formulas_aux>
  <relations n="0"/>
  <text>существование для данного линейного оператора $URI[[http://libmeta.ru/fme/formula/aux/1148_1_KVAZIOBRATIMOST']]/URI$ в пространстве $URI[[http://libmeta.ru/fme/formula/aux/1148_2_KVAZIOBRATIMOST']]/URI$ такого оператора $URI[[http://libmeta.ru/fme/formula/aux/1148_3_KVAZIOBRATIMOST']]/URI$ (квазиобратного оператора), что $URI[[http://libmeta.ru/fme/formula/aux/1148_4_KVAZIOBRATIMOST']]/URI$ (правая К. о.) или $URI[[http://libmeta.ru/fme/formula/aux/1148_5_KVAZIOBRATIMOST']]/URI$ (левая К. о.), где $URI[[http://libmeta.ru/fme/formula/aux/1148_6_KVAZIOBRATIMOST']]/URI$ множество операторов, имеющих порядок $URI[[http://libmeta.ru/fme/formula/aux/1148_7_KVAZIOBRATIMOST']]/URI$ в некоторой фильтрации пространства $URI[[http://libmeta.ru/fme/formula/aux/1148_8_KVAZIOBRATIMOST']]/URI$. Таким образом, $URI[[http://libmeta.ru/fme/formula/aux/1148_9_KVAZIOBRATIMOST']]/URI$ доставляет первые $URI[[http://libmeta.ru/fme/formula/aux/1148_10_KVAZIOBRATIMOST']]/URI$ членов асимптотич. разложения решения уравнения $URI[[http://libmeta.ru/fme/formula/aux/1148_11_KVAZIOBRATIMOST']]/URI$.

В различных частных случаях К. о. дает асимптотику по гладкости, асимптотику по малому (большому) параметру или, более общо, асимптотику по степеням нек-рого оператора $URI[[http://libmeta.ru/fme/formula/aux/1148_12_KVAZIOBRATIMOST']]/URI$ (при этом фильтрация задается областями определения степеней оператора $URI[[http://libmeta.ru/fme/formula/aux/1148_13_KVAZIOBRATIMOST']]/URI$ ). Во многих случаях К. о. может быть показана методами теории упорядоченных операторов.</text>
  <text_orig>существование для данного линейного оператора $A$ в пространстве $E$ такого оператора $Q$ (квазиобратного оператора), что $A Q=1+R$ (правая К. о.) или $Q A=1+R$ (левая К. о.), где $R \in R_{N}, R_{N}-$ множество операторов, имеющих порядок $N$ в некоторой фильтрации пространства $E$. Таким образом, $Q f$ доставляет первые $(N-1)$ членов асимптотич. разложения решения уравнения $A u=f$.

В различных частных случаях К. о. дает асимптотику по гладкости, асимптотику по малому (большому) параметру или, более общо, асимптотику по степеням нек-рого оператора $B$ (при этом фильтрация задается областями определения степеней оператора $B$ ). Во многих случаях К. о. может быть показана методами теории упорядоченных операторов.

Лum.: [1] Масло в В.П., Операторные методы, М., 1973; [2] Масл о в В. П., На а айки нск и й В. Е., в кн.: Итоги науки и техники. Современные проблемы математики, т. 13, М., 1979, c. $5-144$.

B. E. Назайкинский.</text_orig>
</article>
