<?xml version="1.0" ?>
<article uri="http://libmeta.ru/fme/article/1154_KVAZIPERIODIChESKIJ" alphabetic_pos="1156">
  <title>КВАЗИПЕРИОДИЧЕСКИЙ РЕЖИМ</title>
  <authors/>
  <pages>
    <start>242</start>
    <end>242</end>
  </pages>
  <literature>
    <literature_orig/>
  </literature>
  <formulas_main/>
  <formulas_aux/>
  <relations n="1">
    <relation uri="http://libmeta.ru/fme/relation/1154_1_KVAZIPERIODIChESKIJ">
      <rel_text>Вынужденное колебание</rel_text>
      <target>http://libmeta.ru/fme/article/478_VYNUZhDENNOE</target>
    </relation>
  </relations>
  <text>см. URI[[http://libmeta.ru/fme/relation/1154_1_KVAZIPERIODIChESKIJ]]/URI.</text>
  <text_orig>сМ. Вынужденное колебание.</text_orig>
</article>
