<?xml version="1.0" ?>
<article uri="http://libmeta.ru/fme/article/1156_KVAZISREDNI" alphabetic_pos="1158">
  <title>КВАЗИСРЕДНИЕ</title>
  <authors>
    <author>Д. Н. Зубарев</author>
  </authors>
  <pages>
    <start>242</start>
    <end>243</end>
  </pages>
  <literature>
    <literature_orig>Лum.: [1] Ахи е зе р А. И., П е ле т м и н ск и й С. В., Методы статистической физики, М., 1977; [2] Б о го л ю бо в Н. Н., Избранные труды по статистической физике, М., 1979; [3] Б о го л ю бо в Н. Н., Бо гол юб о в Н.Н. (мл.), Введение в квантовую статистическую механику, М., 1984.</literature_orig>
    <unit>
      <author>Ахиезер А. И.</author>
      <author>Пелетминский С. В.</author>
      <title>Методы статистической физики</title>
      <publication>М.</publication>
      <year>1977</year>
      <other/>
    </unit>
    <unit>
      <author>Боголюбов Н. Н.</author>
      <title>Избранные труды по статистической физике</title>
      <publication>М.</publication>
      <year>1979</year>
      <other/>
    </unit>
    <unit>
      <author>Боголюбов Н. Н.</author>
      <title>Бо гол юб о в Н.Н. (мл.), Введение в квантовую статистическую механику</title>
      <publication>М.</publication>
      <year>1984</year>
      <other/>
    </unit>
  </literature>
  <formulas_main>
    <formula uri="http://libmeta.ru/fme/formula/main/1156_1_KVAZISREDNI">H_{v}=H+v(e M) V</formula>
    <formula uri="http://libmeta.ru/fme/formula/main/1156_2_KVAZISREDNI">\lim _{v \rightarrow 0} M_{v}</formula>
    <formula uri="http://libmeta.ru/fme/formula/main/1156_3_KVAZISREDNI">\lim _{v \rightarrow 0}\langle A\rangle_{v}</formula>
    <formula uri="http://libmeta.ru/fme/formula/main/1156_4_KVAZISREDNI">\lim _{v \rightarrow 0}\langle A\rangle_{v}</formula>
  </formulas_main>
  <formulas_aux>
    <formula uri="http://libmeta.ru/fme/formula/aux/1156_1_KVAZISREDNI">\boldsymbol{m}</formula>
    <formula uri="http://libmeta.ru/fme/formula/aux/1156_2_KVAZISREDNI">\boldsymbol{m}</formula>
    <formula uri="http://libmeta.ru/fme/formula/aux/1156_3_KVAZISREDNI">h</formula>
    <formula uri="http://libmeta.ru/fme/formula/aux/1156_4_KVAZISREDNI">\boldsymbol{e}-</formula>
    <formula uri="http://libmeta.ru/fme/formula/aux/1156_5_KVAZISREDNI">v&gt;0</formula>
    <formula uri="http://libmeta.ru/fme/formula/aux/1156_6_KVAZISREDNI">v</formula>
    <formula uri="http://libmeta.ru/fme/formula/aux/1156_7_KVAZISREDNI">\langle\boldsymbol{m}\rangle_{v}=\boldsymbol{e} M_{v} \neq 0</formula>
    <formula uri="http://libmeta.ru/fme/formula/aux/1156_8_KVAZISREDNI">v \neq 0</formula>
    <formula uri="http://libmeta.ru/fme/formula/aux/1156_9_KVAZISREDNI">v \rightarrow 0</formula>
    <formula uri="http://libmeta.ru/fme/formula/aux/1156_10_KVAZISREDNI">v \rightarrow \infty</formula>
    <formula uri="http://libmeta.ru/fme/formula/aux/1156_11_KVAZISREDNI">v / N</formula>
    <formula uri="http://libmeta.ru/fme/formula/aux/1156_12_KVAZISREDNI">n-</formula>
    <formula uri="http://libmeta.ru/fme/formula/aux/1156_13_KVAZISREDNI">a</formula>
    <formula uri="http://libmeta.ru/fme/formula/aux/1156_14_KVAZISREDNI">\langle A\rangle_{v}-</formula>
    <formula uri="http://libmeta.ru/fme/formula/aux/1156_15_KVAZISREDNI">h</formula>
    <formula uri="http://libmeta.ru/fme/formula/aux/1156_16_KVAZISREDNI">h</formula>
    <formula uri="http://libmeta.ru/fme/formula/aux/1156_17_KVAZISREDNI">h_{v}</formula>
    <formula uri="http://libmeta.ru/fme/formula/aux/1156_18_KVAZISREDNI">\langle A\rangle_{v}</formula>
    <formula uri="http://libmeta.ru/fme/formula/aux/1156_19_KVAZISREDNI">v \rightarrow \infty</formula>
  </formulas_aux>
  <relations n="0"/>
  <text>статистические средние для систем с вырожденным состоянием статистического равновесия. К. соответствуют обычным статистич. средним, для К-рых вырождение снимается бесконечно малым возмущением, нарушающим симметрию гамильтониана. Введение К. необходимо в том случае, когда состояние статистич. равновесия системы имеет более низкую симметрию, чем ее гамильтониан. Понятие К. введено Н. Н. Боголюбовым в 1960.

Напр., для изотропного ферромагнетика в отсутствие магнитного поля суммарный спин является интегралом движения. Средний (в обычном смысле) вектор намагниченности $URI[[http://libmeta.ru/fme/formula/aux/1156_1_KVAZISREDNI]]/URI$ равен нулю вследствие инвариантности системы по отношению к группе вращений спина. Это справедливо также для температуры ниже точки Кюри, когда существует спонтанная намагниченность. В действительности величина вектора $URI[[http://libmeta.ru/fme/formula/aux/1156_2_KVAZISREDNI]]/URI$ отлична от нуля, но его направление может быть произвольным, что означает вырождение состояния статистич. равновесия. Это вырождение можно снять, включив в гамильтониан $URI[[http://libmeta.ru/fme/formula/aux/1156_3_KVAZISREDNI]]/URI$ внешнее магнитное поле ve, где $URI[[http://libmeta.ru/fme/formula/aux/1156_4_KVAZISREDNI]]/URI$ единичный вектор, параметр $URI[[http://libmeta.ru/fme/formula/aux/1156_5_KVAZISREDNI]]/URI$ :

\[
URI[[http://libmeta.ru/fme/formula/main/1156_1_KVAZISREDNI]]/URI
\]

$URI[[http://libmeta.ru/fme/formula/aux/1156_6_KVAZISREDNI]]/URI$ - объем системы. Средний магнитный момент единицы объема, вычисленный с этим гамильтонианом, $URI[[http://libmeta.ru/fme/formula/aux/1156_7_KVAZISREDNI]]/URI$ при $URI[[http://libmeta.ru/fme/formula/aux/1156_8_KVAZISREDNI]]/URI$. Квазисреднее магнитного момента равно

\[
URI[[http://libmeta.ru/fme/formula/main/1156_2_KVAZISREDNI]]/URI
\]

и отлично от нуля при температурах ниже точки Кюри. При построении К. существенно, что $URI[[http://libmeta.ru/fme/formula/aux/1156_9_KVAZISREDNI]]/URI$ после выполнения термодинамич. предельного перехода $URI[[http://libmeta.ru/fme/formula/aux/1156_10_KVAZISREDNI]]/URI$ при фиксированном $URI[[http://libmeta.ru/fme/formula/aux/1156_11_KVAZISREDNI]]/URI$, где $URI[[http://libmeta.ru/fme/formula/aux/1156_12_KVAZISREDNI]]/URI$ число частиц. Если эти предельные переходы перестановочны, то К. равны нулю, это справедливо при температурах выше точки Кюри. В общем случае квазисреднее оператора $URI[[http://libmeta.ru/fme/formula/aux/1156_13_KVAZISREDNI]]/URI$ равно

\[
URI[[http://libmeta.ru/fme/formula/main/1156_3_KVAZISREDNI]]/URI
\]

где $URI[[http://libmeta.ru/fme/formula/aux/1156_14_KVAZISREDNI]]/URI$ обычные статистич. средние при наличии поля ve, снимающего вырождение. Обычные средние равны К., усредненным по всем направлениям поля. Аналогично вводят К. в теории кристаллов, нарушая симметрию, связанную с пространственными трансляциями и вращениями, в теории сверхтекучести и сверхпроводимости, где нарушают симметрию гамильтониана, связанную с сохранением полного числа частиц; в квантовой теории поля и т. д.

Общий способ введения К. таков. Рассматривают макроскопич. систему с гамильтонианом $URI[[http://libmeta.ru/fme/formula/aux/1156_15_KVAZISREDNI]]/URI$. Добавляют к $URI[[http://libmeta.ru/fme/formula/aux/1156_16_KVAZISREDNI]]/URI$ бесконечно малые добавки, нарушающие нек-рые законы сохранения (симметрию гамильтониана), получая гамильтониан $URI[[http://libmeta.ru/fme/formula/aux/1156_17_KVAZISREDNI]]/URI$. Если все средние значения $URI[[http://libmeta.ru/fme/formula/aux/1156_18_KVAZISREDNI]]/URI$ получают лишь бесконечно малые приращения, состояние статистич. равновесия называется не вырожденным. Если же нек-рые из средних получают конечные приращения, говорят о вы рожде н и и состояния статистич. равновесия. В этом случае вводят К., равные

\[
URI[[http://libmeta.ru/fme/formula/main/1156_4_KVAZISREDNI]]/URI
\]

причем сначала выполняется предельный переход $URI[[http://libmeta.ru/fme/formula/aux/1156_19_KVAZISREDNI]]/URI$.

К. удобны также для вычисления корреляционных функций, функций Грина и т. П.

Обычный метод теории возмущений, строго говоря, не применим к системам с вырожденным состоянием статистич. равновесия. Для того чтобы воспользоваться теорией возмущений в этом случае, нужно предварительно снять вырождение и ввести функции Грина, построенные из К.</text>
  <text_orig>статистические средние для систем с вырожденным состоянием статистического равновесия. К. соответствуют обычным статистич. средним, для К-рых вырождение снимается бесконечно малым возмущением, нарушаюшим симметрию гамильтониана. Введение К. необходимо в том случае, когда состояние статистич. равновесия системы имеет более низкую симметрию, чем ее гамильтониан. Понятие К. введено Н. Н. Боголюбовым в 1960.

Напр., для изотропного ферромагнетика в отсутствие магнитного поля суммарный спин является интегралом движения. Средний (в обычном смысле) вектор намагниченности $\boldsymbol{M}$ равен нулю вследствие инвариантности системы по отношению к группе вращений спина. Это справедливо также для температуры ниже точки Кюри, когда существует спонтанная намагниченность. В действительности величина вектора $\boldsymbol{M}$ отлична от нуля, но его направление может быть произвольным, что означает вырождение состояния статистич. равновесия. Это вырождение можно снять, включив в гамильтониан $H$ внешнее магнитное поле ve, где $\boldsymbol{e}-$ единичный вектор, параметр $v&gt;0$ :

\[
H_{v}=H+v(e M) V
\]

$V$ - объем системы. Средний магнитный момент единицы объема, вычисленный с этим гамильтонианом, $\langle\boldsymbol{M}\rangle_{V}=\boldsymbol{e} M_{v} \neq 0$ при $v \neq 0$. Квазисреднее магнитного момента равно

\[
\lim _{v \rightarrow 0} M_{v}
\]

и отлично от нуля при температурах ниже точки Кюри. При построении К. существенно, что $v \rightarrow 0$ после выполнения термодинамич. предельного перехода $V \rightarrow \infty$ при фиксированном $V / N$, где $N-$ число частиц. Если эти предельные переходы перестановочны, то К. равны нулю, это справедливо при температурах выше точки Кюри. В общем случае квазисреднее оператора $A$ равно

\[
\lim _{v \rightarrow 0}\langle A\rangle_{v}
\]

где $\langle A\rangle_{v}-$ обычные статистич. средние при наличии поля ve, снимающего вырождение. Обычные средние равны К., усредненным по всем направлениям поля. Аналогично вводят К. в теории кристаллов, нарушая симметрию, связанную с пространственными трансляциями и вращениями, в теории сверхтекучести и сверхпроводимости, где нарушают симметрию гамильтониана, связанную с сохранением полного числа частиц; в квантовой теории поля и т. д.

Общий способ введения К. таков. Рассматривают макроскопич. систему с гамильтонианом $H$. Добавляют к $H$ бесконечно малые добавки, нарушающие нек-рые законы сохранения (симметрию гамильтониана), получая гамильтониан $H_{v}$. Если все средние значения $\langle A\rangle_{v}$ получают лишь бесконечно малые приращения, состояние статистич. равновесия называется не вырожденным. Если же нек-рые из средних получают конечные приращения, говорят о вы рожде н и и состояния статистич. равновесия. В этом случае вводят К., равные

\[
\lim _{v \rightarrow 0}\langle A\rangle_{v}
\]

причем сначала выполняется предельный переход $V \rightarrow \infty$.

К. удобны также для вычисления корреляционных функций, функций Грина и т. П.

Обычный метод теории возмущений, строго говоря, не применим к системам с вырожденным состоянием статистич. равновесия. Для того чтобы воспользоваться теорией возмущений в этом случае, нужно предварительно снять вырождение и ввести функции Грина, построенные из К.

Лum.: [1] Ахи е зе р А. И., П е ле т м и н ск и й С. В., Методы статистической физики, М., 1977; [2] Б о го л ю бо в Н. Н., Избранные труды по статистической физике, М., 1979; [3] Б о го л ю бо в Н. Н., Бо гол юб о в Н.Н. (мл.), Введение в квантовую статистическую механику, М., 1984.

Д. Н. Зубарев.</text_orig>
</article>
