<?xml version="1.0" ?>
<article uri="http://libmeta.ru/fme/article/1157_KVAZIChASTITs" alphabetic_pos="1159">
  <title>КВАЗИЧАСТИЦЫ</title>
  <authors/>
  <pages>
    <start>243</start>
    <end>243</end>
  </pages>
  <literature>
    <literature_orig/>
  </literature>
  <formulas_main/>
  <formulas_aux>
    <formula uri="http://libmeta.ru/fme/formula/aux/1157_1_KVAZIChASTITs">\left(10^{22}-10^{23}\right.</formula>
    <formula uri="http://libmeta.ru/fme/formula/aux/1157_2_KVAZIChASTITs">1 \mathrm{~cm}^{3}</formula>
  </formulas_aux>
  <relations n="0"/>
  <text>элементарные возбуждения конденсированной среды (твердого тела, жидкого гелия), ведущие себя в некоторых отношениях как квантовые частицы. Теоретич. описание и объяснение свойств конденсированных сред, исходящее из свойств составляющих их молекул, атомов, ионов и электронов, представляет большие трудности, во-первых, потому что число частиц огромно $URI[[http://libmeta.ru/fme/formula/aux/1157_1_KVAZIChASTITs]]/URI$ в $URI[[http://libmeta.ru/fme/formula/aux/1157_2_KVAZIChASTITs]]/URI$ ), а, во-вторых, потому что частицы сильно взаимодействуют между собой. Из-за взаимодействия частиц полная энергия конденсированной среды не есть сумма энергий отдельных частиц (как в идеальном газе). Развитие квантовой теории твердого тела привело к концепции К., к-рая оказалась особенно плодотворной для описания свойств кристаллов, квантовых жидкостей (в частности, жидкого гелия), а в дальнейшем при построении ядерных моделей, описании плазмы и т. д.</text>
  <text_orig>элементарные возбуждения конденсированной среды (твердого тела, жидкого гелия), ведущие себя в некоторых отношениях как квантовые частицы. Теоретич. описание и объяснение свойств конденсированных сред, исходящее из свойств составляющих их молекул, атомов, ионов и электронов, представляет большие трудности, во-первых, потому что число частиц огромно $\left(10^{22}-10^{23}\right.$ в $1 \mathrm{~cm}^{3}$ ), а, во-вторых, потому что частицы сильно взаимодействуют между собой. Из-за взаимодействия частиц полная энергия конденсированной среды не есть сумма энергий отдельных частиц (как в идеальном газе). Развитие квантовой теории твердого тела привело к концепции К., к-рая оказалась особенно плодотворной для описания свойств кристаллов, квантовых жидкостей (в частности, жидкого гелия), а в дальнейшем при построении ядерных моделей, описании плазмы и т. д.</text_orig>
</article>
