<?xml version="1.0" ?>
<article uri="http://libmeta.ru/fme/article/1158_KVAZIEKVIVALENTNOST" alphabetic_pos="1160">
  <title>КВАЗИЭКВИВАЛЕНТНОСТЬ</title>
  <authors>
    <author>Ю. А. Неретин</author>
  </authors>
  <pages>
    <start>243</start>
    <end>243</end>
  </pages>
  <literature>
    <literature_orig/>
  </literature>
  <formulas_main/>
  <formulas_aux>
    <formula uri="http://libmeta.ru/fme/formula/aux/1158_1_KVAZIEKVIVALENTNOST">c^{*}</formula>
    <formula uri="http://libmeta.ru/fme/formula/aux/1158_2_KVAZIEKVIVALENTNOST">t_{1}</formula>
    <formula uri="http://libmeta.ru/fme/formula/aux/1158_3_KVAZIEKVIVALENTNOST">t_{2}</formula>
    <formula uri="http://libmeta.ru/fme/formula/aux/1158_4_KVAZIEKVIVALENTNOST">c^{*}</formula>
    <formula uri="http://libmeta.ru/fme/formula/aux/1158_5_KVAZIEKVIVALENTNOST">t_{1}^{\prime}</formula>
    <formula uri="http://libmeta.ru/fme/formula/aux/1158_6_KVAZIEKVIVALENTNOST">t_{1}</formula>
    <formula uri="http://libmeta.ru/fme/formula/aux/1158_7_KVAZIEKVIVALENTNOST">t_{2}^{\prime}</formula>
    <formula uri="http://libmeta.ru/fme/formula/aux/1158_8_KVAZIEKVIVALENTNOST">t_{2}</formula>
    <formula uri="http://libmeta.ru/fme/formula/aux/1158_9_KVAZIEKVIVALENTNOST">t_{1}^{\prime}</formula>
    <formula uri="http://libmeta.ru/fme/formula/aux/1158_10_KVAZIEKVIVALENTNOST">t_{2}^{\prime}</formula>
  </formulas_aux>
  <relations n="0"/>
  <text>отношение в классе представлений группы или $URI[[http://libmeta.ru/fme/formula/aux/1158_1_KVAZIEKVIVALENTNOST]]/URI$-алгебры. А именно, представления $URI[[http://libmeta.ru/fme/formula/aux/1158_2_KVAZIEKVIVALENTNOST]]/URI$ и $URI[[http://libmeta.ru/fme/formula/aux/1158_3_KVAZIEKVIVALENTNOST]]/URI$ (группы или $URI[[http://libmeta.ru/fme/formula/aux/1158_4_KVAZIEKVIVALENTNOST]]/URI$-алгебры) считаются к в а з и э к в и в а ле н т ны м и, если для любого ненулевого подпредставления $URI[[http://libmeta.ru/fme/formula/aux/1158_5_KVAZIEKVIVALENTNOST]]/URI$ в $URI[[http://libmeta.ru/fme/formula/aux/1158_6_KVAZIEKVIVALENTNOST]]/URI$ и любого ненулевого подпредставления $URI[[http://libmeta.ru/fme/formula/aux/1158_7_KVAZIEKVIVALENTNOST]]/URI$ в $URI[[http://libmeta.ru/fme/formula/aux/1158_8_KVAZIEKVIVALENTNOST]]/URI$ существует ненулевой сплетающий оператор из $URI[[http://libmeta.ru/fme/formula/aux/1158_9_KVAZIEKVIVALENTNOST]]/URI$ в $URI[[http://libmeta.ru/fme/formula/aux/1158_10_KVAZIEKVIVALENTNOST]]/URI$</text>
  <text_orig>отношение в классе представлений группы или $C^{*}$-алгебры. А именно, представления $T_{1}$ и $T_{2}$ (группы или $C^{*}$-алгебры) считаются к в а з и э к в и в а ле н т ны м и, если для любого ненулевого подпредставления $T_{1}^{\prime}$ в $T_{1}$ и любого ненулевого подпредставления $T_{2}^{\prime}$ в $T_{2}$ существует ненулевой сплетающий оператор из $T_{1}^{\prime}$ в $T_{2}^{\prime}$

Ю. А. Неретин.</text_orig>
</article>
