<?xml version="1.0" ?>
<article uri="http://libmeta.ru/fme/article/1159_KVANTOVANIE" alphabetic_pos="1161">
  <title>КВАНТОВАНИЕ ИЗОТРОПНЫХ ТОРОВ</title>
  <authors>
    <author>С. Ю. Доброхотов</author>
  </authors>
  <pages>
    <start>243</start>
    <end>243</end>
  </pages>
  <literature>
    <literature_orig>Лит.: [1] М а с л о в В. П., Комплексный метод Вкб в нелинейных уравнениях, М., 1977; [2] Бе ло в В. В., Доб рохото в С. Ю., «доклады Ан СССР», 1988, т. 298, № 5, с. 1037-42; [3] Б а б и ч В. М., Бул д ы р в В. С., Асимптотические методы в задачах дифракции коротких волн, М., 1972; [4] Д о б р ох о то в С. Ю., М а л о в В. П., в кн.: Итоги науки и техники. Современные проблемы математики, т. 23, М., 1983, c. 137-222.</literature_orig>
    <unit>
      <author>Маслов В. П.</author>
      <title>Комплексный метод Вкб в нелинейных уравнениях</title>
      <publication>М.</publication>
      <year>1977</year>
      <other/>
    </unit>
    <unit>
      <author>Белов В. В.</author>
      <author>Доброхотов С. Ю.</author>
      <title>«доклады Ан СССР»</title>
      <publication/>
      <year>1988</year>
      <other>т. 298, № 5, с. 1037-42</other>
    </unit>
    <unit>
      <author>Бабич В. М.</author>
      <author>Булдырв В. С.</author>
      <title>Асимптотические методы в задачах дифракции коротких волн</title>
      <publication>М.</publication>
      <year>1972</year>
      <other/>
    </unit>
    <unit>
      <author>Доброхотов С. Ю.</author>
      <author>Малов В. П.</author>
      <title>в кн.: Итоги науки и техники. Современные проблемы математики</title>
      <publication>М.</publication>
      <year>1983</year>
      <other>т. 23, c. 137-222.</other>
    </unit>
  </literature>
  <formulas_main>
    <formula uri="http://libmeta.ru/fme/formula/main/1159_1_KVANTOVANIE">\hat{L} \psi_{v}=E_{v} \psi_{v}+O\left(h^{N}\right), \operatorname{supp} \psi_{v} \rightarrow \pi_{x} \Lambda</formula>
    <formula uri="http://libmeta.ru/fme/formula/main/1159_2_KVANTOVANIE">\frac{1}{2 \pi h} \oint_{\gamma_{j}} \omega^{2}=Q_{j} \bmod 1, \quad j=1, \ldots, k,</formula>
  </formulas_main>
  <formulas_aux>
    <formula uri="http://libmeta.ru/fme/formula/aux/1159_1_KVANTOVANIE">k</formula>
    <formula uri="http://libmeta.ru/fme/formula/aux/1159_2_KVANTOVANIE">k</formula>
    <formula uri="http://libmeta.ru/fme/formula/aux/1159_3_KVANTOVANIE">\lambda\left(i_{1}, \ldots, I_{k-1}, E\right)</formula>
    <formula uri="http://libmeta.ru/fme/formula/aux/1159_4_KVANTOVANIE">2 n</formula>
    <formula uri="http://libmeta.ru/fme/formula/aux/1159_5_KVANTOVANIE">m^{2 n}=T^{*} M^{n}</formula>
    <formula uri="http://libmeta.ru/fme/formula/aux/1159_6_KVANTOVANIE">\left(i_{1}, \ldots, I_{k-1}\right.</formula>
    <formula uri="http://libmeta.ru/fme/formula/aux/1159_7_KVANTOVANIE">e) \in \mathfrak{R} \subset \mathbb{R}^{k}-</formula>
    <formula uri="http://libmeta.ru/fme/formula/aux/1159_8_KVANTOVANIE">e_{v}(h)</formula>
    <formula uri="http://libmeta.ru/fme/formula/aux/1159_9_KVANTOVANIE">\psi_{v}(x, h)</formula>
    <formula uri="http://libmeta.ru/fme/formula/aux/1159_10_KVANTOVANIE">h</formula>
    <formula uri="http://libmeta.ru/fme/formula/aux/1159_11_KVANTOVANIE">\hat{l}=l\left(-i h \nabla_{x}, x, h\right)</formula>
    <formula uri="http://libmeta.ru/fme/formula/aux/1159_12_KVANTOVANIE">m^{n}</formula>
    <formula uri="http://libmeta.ru/fme/formula/aux/1159_13_KVANTOVANIE">e_{v}</formula>
    <formula uri="http://libmeta.ru/fme/formula/aux/1159_14_KVANTOVANIE">\psi_{\mathrm{v}}</formula>
    <formula uri="http://libmeta.ru/fme/formula/aux/1159_15_KVANTOVANIE">h \rightarrow 0</formula>
    <formula uri="http://libmeta.ru/fme/formula/aux/1159_16_KVANTOVANIE">n&gt;1, \pi_{x} \Lambda-</formula>
    <formula uri="http://libmeta.ru/fme/formula/aux/1159_17_KVANTOVANIE">\lambda</formula>
    <formula uri="http://libmeta.ru/fme/formula/aux/1159_18_KVANTOVANIE">m^{n}</formula>
    <formula uri="http://libmeta.ru/fme/formula/aux/1159_19_KVANTOVANIE">\left(\lambda, r^{n}\right)</formula>
    <formula uri="http://libmeta.ru/fme/formula/aux/1159_20_KVANTOVANIE">g_{h}^{+}</formula>
    <formula uri="http://libmeta.ru/fme/formula/aux/1159_21_KVANTOVANIE">h=l(p, x, 0)</formula>
    <formula uri="http://libmeta.ru/fme/formula/aux/1159_22_KVANTOVANIE">\hat{l})</formula>
    <formula uri="http://libmeta.ru/fme/formula/aux/1159_23_KVANTOVANIE">e_{v}</formula>
    <formula uri="http://libmeta.ru/fme/formula/aux/1159_24_KVANTOVANIE">e_{v}</formula>
    <formula uri="http://libmeta.ru/fme/formula/aux/1159_25_KVANTOVANIE">i_{1 v}(h), \ldots, I_{k-1 v}(h)</formula>
    <formula uri="http://libmeta.ru/fme/formula/aux/1159_26_KVANTOVANIE">\mathfrak{r}</formula>
    <formula uri="http://libmeta.ru/fme/formula/aux/1159_27_KVANTOVANIE">\gamma_{j}</formula>
    <formula uri="http://libmeta.ru/fme/formula/aux/1159_28_KVANTOVANIE">\lambda, \omega^{2}-2</formula>
    <formula uri="http://libmeta.ru/fme/formula/aux/1159_29_KVANTOVANIE">m^{2 n}, Q_{j}-</formula>
    <formula uri="http://libmeta.ru/fme/formula/aux/1159_30_KVANTOVANIE">\left(\lambda, r^{n}\right)</formula>
    <formula uri="http://libmeta.ru/fme/formula/aux/1159_31_KVANTOVANIE">\psi_{v}</formula>
    <formula uri="http://libmeta.ru/fme/formula/aux/1159_32_KVANTOVANIE">k=0, \Lambda-</formula>
    <formula uri="http://libmeta.ru/fme/formula/aux/1159_33_KVANTOVANIE">e_{v}, \psi_{v}</formula>
    <formula uri="http://libmeta.ru/fme/formula/aux/1159_34_KVANTOVANIE">k=1, \Lambda</formula>
    <formula uri="http://libmeta.ru/fme/formula/aux/1159_35_KVANTOVANIE">h</formula>
    <formula uri="http://libmeta.ru/fme/formula/aux/1159_36_KVANTOVANIE">\hat{l} / h^{2} \equiv \Delta-</formula>
    <formula uri="http://libmeta.ru/fme/formula/aux/1159_37_KVANTOVANIE">m^{n}</formula>
    <formula uri="http://libmeta.ru/fme/formula/aux/1159_38_KVANTOVANIE">\lambda</formula>
    <formula uri="http://libmeta.ru/fme/formula/aux/1159_39_KVANTOVANIE">m^{n}</formula>
    <formula uri="http://libmeta.ru/fme/formula/aux/1159_40_KVANTOVANIE">\psi_{v}</formula>
    <formula uri="http://libmeta.ru/fme/formula/aux/1159_41_KVANTOVANIE">k=n</formula>
    <formula uri="http://libmeta.ru/fme/formula/aux/1159_42_KVANTOVANIE">k</formula>
    <formula uri="http://libmeta.ru/fme/formula/aux/1159_43_KVANTOVANIE">\lambda-</formula>
    <formula uri="http://libmeta.ru/fme/formula/aux/1159_44_KVANTOVANIE">o_{j}-</formula>
    <formula uri="http://libmeta.ru/fme/formula/aux/1159_45_KVANTOVANIE">\gamma_{j}</formula>
  </formulas_aux>
  <relations n="1">
    <relation uri="http://libmeta.ru/fme/relation/1159_1_KVANTOVANIE">
      <rel_text>Изотропное подмногообразие</rel_text>
      <target>http://libmeta.ru/fme/article/991_IZOTROPNOE</target>
    </relation>
  </relations>
  <text>процедура, сопоставляющая $URI[[http://libmeta.ru/fme/formula/aux/1159_1_KVANTOVANIE]]/URI$-параметрическому семейству $URI[[http://libmeta.ru/fme/formula/aux/1159_2_KVANTOVANIE]]/URI$-мерных торов $URI[[http://libmeta.ru/fme/formula/aux/1159_3_KVANTOVANIE]]/URI$ в $URI[[http://libmeta.ru/fme/formula/aux/1159_4_KVANTOVANIE]]/URI$-мерном фазовом пространстве $URI[[http://libmeta.ru/fme/formula/aux/1159_5_KVANTOVANIE]]/URI$ с комплексным ростком (см. URI[[http://libmeta.ru/fme/relation/1159_1_KVANTOVANIE]]/URI с комплексным ростком) (где $URI[[http://libmeta.ru/fme/formula/aux/1159_6_KVANTOVANIE]]/URI$, $URI[[http://libmeta.ru/fme/formula/aux/1159_7_KVANTOVANIE]]/URI$ параметры) последовательности асимптотических собственных чисел $URI[[http://libmeta.ru/fme/formula/aux/1159_8_KVANTOVANIE]]/URI$ и функций $URI[[http://libmeta.ru/fme/formula/aux/1159_9_KVANTOVANIE]]/URI$ (спектральную серию) $URI[[http://libmeta.ru/fme/formula/aux/1159_10_KVANTOVANIE]]/URI$-дифференциального или псевдодифференциального оператора $URI[[http://libmeta.ru/fme/formula/aux/1159_11_KVANTOVANIE]]/URI$ в конфигурационном пространстве $URI[[http://libmeta.ru/fme/formula/aux/1159_12_KVANTOVANIE]]/URI$, то есть таких $URI[[http://libmeta.ru/fme/formula/aux/1159_13_KVANTOVANIE]]/URI$ и $URI[[http://libmeta.ru/fme/formula/aux/1159_14_KVANTOVANIE]]/URI$, что

\[
URI[[http://libmeta.ru/fme/formula/main/1159_1_KVANTOVANIE]]/URI
\]

при $URI[[http://libmeta.ru/fme/formula/aux/1159_15_KVANTOVANIE]]/URI$. Здесь $URI[[http://libmeta.ru/fme/formula/aux/1159_16_KVANTOVANIE]]/URI$ естественная проекция $URI[[http://libmeta.ru/fme/formula/aux/1159_17_KVANTOVANIE]]/URI$ в $URI[[http://libmeta.ru/fme/formula/aux/1159_18_KVANTOVANIE]]/URI$, и предполагается, что $URI[[http://libmeta.ru/fme/formula/aux/1159_19_KVANTOVANIE]]/URI$ инвариантно относительно фазового потока $URI[[http://libmeta.ru/fme/formula/aux/1159_20_KVANTOVANIE]]/URI$, задаваемого гамильтонианом $URI[[http://libmeta.ru/fme/formula/aux/1159_21_KVANTOVANIE]]/URI$ (старшей частью символа оператора $URI[[http://libmeta.ru/fme/formula/aux/1159_22_KVANTOVANIE]]/URI$. Числа $URI[[http://libmeta.ru/fme/formula/aux/1159_23_KVANTOVANIE]]/URI$, а также соответствующие $URI[[http://libmeta.ru/fme/formula/aux/1159_24_KVANTOVANIE]]/URI$ числа $URI[[http://libmeta.ru/fme/formula/aux/1159_25_KVANTOVANIE]]/URI$ из $URI[[http://libmeta.ru/fme/formula/aux/1159_26_KVANTOVANIE]]/URI$ определяются из условий квантования

\[
URI[[http://libmeta.ru/fme/formula/main/1159_2_KVANTOVANIE]]/URI
\]

где $URI[[http://libmeta.ru/fme/formula/aux/1159_27_KVANTOVANIE]]/URI$ - базисные циклы на $URI[[http://libmeta.ru/fme/formula/aux/1159_28_KVANTOVANIE]]/URI$-форма, задающая симплектич. структуру на $URI[[http://libmeta.ru/fme/formula/aux/1159_29_KVANTOVANIE]]/URI$ нек-рые характеристики $URI[[http://libmeta.ru/fme/formula/aux/1159_30_KVANTOVANIE]]/URI$. Функции $URI[[http://libmeta.ru/fme/formula/aux/1159_31_KVANTOVANIE]]/URI$ вычисляются с помощью (комплексного) Маслова канонического оператора (см. [1], [2]).

Если $URI[[http://libmeta.ru/fme/formula/aux/1159_32_KVANTOVANIE]]/URI$ устойчивая в линейном приближении точка покоя, формулы для $URI[[http://libmeta.ru/fme/formula/aux/1159_33_KVANTOVANIE]]/URI$ совпадают с формулами осцилляторного приближения.

Если $URI[[http://libmeta.ru/fme/formula/aux/1159_34_KVANTOVANIE]]/URI$ - орбитально устойчивая в линейном приближении замкнутая траектория гамильтоновой системы с гамильтонианом $URI[[http://libmeta.ru/fme/formula/aux/1159_35_KVANTOVANIE]]/URI$, если $URI[[http://libmeta.ru/fme/formula/aux/1159_36_KVANTOVANIE]]/URI$ оператор Бельтрами Лапласа на римановом многообразии $URI[[http://libmeta.ru/fme/formula/aux/1159_37_KVANTOVANIE]]/URI$, то проекция $URI[[http://libmeta.ru/fme/formula/aux/1159_38_KVANTOVANIE]]/URI$ на $URI[[http://libmeta.ru/fme/formula/aux/1159_39_KVANTOVANIE]]/URI$ - устойчивая в линейном приближении замкнутая геодезическая, $URI[[http://libmeta.ru/fme/formula/aux/1159_40_KVANTOVANIE]]/URI$ сосредоточены в ее окрестности (см. [3], [4]).

Если $URI[[http://libmeta.ru/fme/formula/aux/1159_41_KVANTOVANIE]]/URI$ ( $URI[[http://libmeta.ru/fme/formula/aux/1159_42_KVANTOVANIE]]/URI$ принимает максимальное значение), то $URI[[http://libmeta.ru/fme/formula/aux/1159_43_KVANTOVANIE]]/URI$ (полномерный) лагранжев тор и комплексный росток отсутствует, $URI[[http://libmeta.ru/fme/formula/aux/1159_44_KVANTOVANIE]]/URI$ индекс цикла Маслова $URI[[http://libmeta.ru/fme/formula/aux/1159_45_KVANTOVANIE]]/URI$.</text>
  <text_orig>процедура, сопоставляющая $k$-параметрическому семейству $k$-мерных торов $\Lambda\left(I_{1}, \ldots, I_{k-1}, E\right)$ в $2 n$-мерном фазовом пространстве $M^{2 n}=T^{*} M^{n}$ с комплексным ростком (см. Изотропное подмногообразие с комплексным ростком) (где $\left(I_{1}, \ldots, I_{k-1}\right.$, $E) \in \mathfrak{R} \subset \mathbb{R}^{k}-$ параметры) последовательности асимптотических собственных чисел $E_{v}(h)$ и функщий $\psi_{v}(x, h)$ (спектральную серию) $h$-дифференциального или псевдодифференциального оператора $\hat{L}=L\left(-i h \nabla_{x}, x, h\right)$ в конфигурационном пространстве $M^{n}$, то есть таких $E_{v}$ и $\psi_{\mathrm{v}}$, что

\[
\hat{L} \psi_{v}=E_{v} \psi_{v}+O\left(h^{N}\right), \operatorname{supp} \psi_{v} \rightarrow \pi_{x} \Lambda
\]

при $h \rightarrow 0$. Здесь $N&gt;1, \pi_{x} \Lambda-$ естественная проекция $\Lambda$ в $M^{n}$, и предполагается, что $\left(\Lambda, r^{n}\right)$ инвариантно относительно фазового потока $g_{H}^{+}$, задаваемого гамильтонианом $H=L(p, x, 0)$ (старшей частью символа оператора $\hat{L})$. Числа $E_{v}$, а также соответствующие $E_{v}$ числа $I_{1 v}(h), \ldots, I_{k-1 v}(h)$ из $\mathfrak{R}$ определяются из условий квантования

\[
\frac{1}{2 \pi h} \oint_{\gamma_{j}} \omega^{2}=Q_{j} \bmod 1, \quad j=1, \ldots, k,
\]

где $\gamma_{j}$ - базисные циклы на $\Lambda, \omega^{2}-2$-форма, задающая симплектич. структуру на $M^{2 n}, Q_{j}-$ нек-рые характеристики $\left(\Lambda, r^{n}\right)$. Функции $\psi_{v}$ вычисляются с помощью (комплексного) Маслова канонического оператора (см. [1], [2]).

Если $k=0, \Lambda-$ устойчивая в линейном приближении точка покоя, формулы для $E_{v}, \psi_{v}$ совпадают с формулами осцилляторного приближения.

Если $k=1, \Lambda$ - орбитально устойчивая в линейном приближении замкнутая траектория гамильтоновой системы с гамильтонианом $H$, если $\hat{L} / h^{2} \equiv \Delta-$ оператор Бельтрами Лапласа на римановом многообразии $M^{n}$, то проекция $\Lambda$ на $M^{n}$ - устойчивая в линейном приближении замкнутая геодезическая, $\Psi_{v}$ сосредоточены в ее окрестности (см. [3], [4]).

Если $k=n$ ( $k$ принимает максимальное значение), то $\Lambda-$ (полномерный) лагранжев тор и комплексный росток отсутствует, $O_{j}-$ индекс цикла Маслова $\gamma_{j}$.

Лит.: [1] М а с л о в В. П., Комплексный метод ВКБ в нелинейных уравнениях, М., 1977; [2] Бе ло в В. В., Доб рохото в С. Ю., «Доклады АН СССР», 1988, т. 298, № 5, с. 1037-42; [3] Б а б и ч В. М., Бул д ы р в В. С., Асимптотические методы в задачах дифракции коротких волн, М., 1972; [4] Д о б р ох о то в С. Ю., М а л о в В. П., в кн.: Итоги науки и техники. Современные проблемы математики, т. 23, М., 1983, c. 137-222.

С. Ю. Доброхотов</text_orig>
</article>
