<?xml version="1.0" ?>
<article uri="http://libmeta.ru/fme/article/1164_KVANTOVANNOE" alphabetic_pos="1166">
  <title>КВАНТОВАННОЕ МНОГООБРАЗИЕ</title>
  <authors/>
  <pages>
    <start>244</start>
    <end>244</end>
  </pages>
  <literature>
    <literature_orig/>
  </literature>
  <formulas_main/>
  <formulas_aux/>
  <relations n="1">
    <relation uri="http://libmeta.ru/fme/relation/1164_1_KVANTOVANNOE">
      <rel_text>Маслова канонический оператор</rel_text>
      <target>http://libmeta.ru/fme/article/1099_KANONIChESKIJ</target>
    </relation>
  </relations>
  <text>см. URI[[http://libmeta.ru/fme/relation/1164_1_KVANTOVANNOE]]/URI.</text>
  <text_orig>см. Маслова канонический оператор.</text_orig>
</article>
