<?xml version="1.0" ?>
<article uri="http://libmeta.ru/fme/article/1169_KVANTOVAJa" alphabetic_pos="1171">
  <title>КВАНТОВАЯ КОСМОЛОГИЯ</title>
  <authors/>
  <pages>
    <start>244</start>
    <end>244</end>
  </pages>
  <literature>
    <literature_orig/>
  </literature>
  <formulas_main/>
  <formulas_aux/>
  <relations n="1">
    <relation uri="http://libmeta.ru/fme/relation/1169_1_KVANTOVAJa">
      <rel_text>Квантовая теория гравитации</rel_text>
      <target>http://libmeta.ru/fme/article/1176_KVANTOVAJa</target>
    </relation>
  </relations>
  <text>см. URI[[http://libmeta.ru/fme/relation/1169_1_KVANTOVAJa]]/URI.</text>
  <text_orig>см. Квантовая теория гравитации.</text_orig>
</article>
