<?xml version="1.0" ?>
<article uri="http://libmeta.ru/fme/article/1170_KVANTOVAJa" alphabetic_pos="1172">
  <title>КВАНТОВАЯ ЛОГИКА</title>
  <authors>
    <author>В. П. Белавкин</author>
  </authors>
  <pages>
    <start>244</start>
    <end>245</end>
  </pages>
  <literature>
    <literature_orig>Лит.: [1] М а к к и Д., Лекции по математическим основам квантовой механики, пер. с англ., М., 1965; [2] Pi r on C., Foundation of quantum physics, L., 1976; [3] Бела в к и В. П., «доклады Ан СССР», 1987, т. 293, № 1, с. 18-21.</literature_orig>
    <unit>
      <author>Макки Д.</author>
      <title>Лекции по математическим основам квантовой механики</title>
      <publication>пер. с англ., М.</publication>
      <year>1965</year>
      <other/>
    </unit>
    <unit>
      <author>Piron C.</author>
      <title>Foundation of quantum physics, L.</title>
      <publication/>
      <year>1976</year>
      <other/>
    </unit>
    <unit>
      <author>Белавки В. П.</author>
      <title>«доклады Ан СССР»</title>
      <publication/>
      <year>1987</year>
      <other>т. 293, № 1, с. 18-21.</other>
    </unit>
  </literature>
  <formulas_main/>
  <formulas_aux>
    <formula uri="http://libmeta.ru/fme/formula/aux/1170_1_KVANTOVAJa">a</formula>
    <formula uri="http://libmeta.ru/fme/formula/aux/1170_2_KVANTOVAJa">b »</formula>
    <formula uri="http://libmeta.ru/fme/formula/aux/1170_3_KVANTOVAJa">a \leqslant b</formula>
    <formula uri="http://libmeta.ru/fme/formula/aux/1170_4_KVANTOVAJa">a \mapsto \bar{a}, \overline{\bar{a}}=a</formula>
    <formula uri="http://libmeta.ru/fme/formula/aux/1170_5_KVANTOVAJa">a \leqslant b \Rightarrow \bar{b} \leqslant \bar{a}</formula>
    <formula uri="http://libmeta.ru/fme/formula/aux/1170_6_KVANTOVAJa">\wedge</formula>
    <formula uri="http://libmeta.ru/fme/formula/aux/1170_7_KVANTOVAJa">\vee</formula>
    <formula uri="http://libmeta.ru/fme/formula/aux/1170_8_KVANTOVAJa">a \wedge b=\inf \{a, b\}, a \vee b=\sup \{a, b\}</formula>
    <formula uri="http://libmeta.ru/fme/formula/aux/1170_9_KVANTOVAJa">\mathbb{o}=a \wedge \bar{a}-</formula>
    <formula uri="http://libmeta.ru/fme/formula/aux/1170_10_KVANTOVAJa">1=a \vee \bar{a}-</formula>
    <formula uri="http://libmeta.ru/fme/formula/aux/1170_11_KVANTOVAJa">h</formula>
    <formula uri="http://libmeta.ru/fme/formula/aux/1170_12_KVANTOVAJa">p(h)</formula>
    <formula uri="http://libmeta.ru/fme/formula/aux/1170_13_KVANTOVAJa">h</formula>
    <formula uri="http://libmeta.ru/fme/formula/aux/1170_14_KVANTOVAJa">a \leqslant b \Leftrightarrow a b=a</formula>
    <formula uri="http://libmeta.ru/fme/formula/aux/1170_15_KVANTOVAJa">\bar{a}=a^{\perp}</formula>
    <formula uri="http://libmeta.ru/fme/formula/aux/1170_16_KVANTOVAJa">a \vee(b \wedge c)=</formula>
    <formula uri="http://libmeta.ru/fme/formula/aux/1170_17_KVANTOVAJa">=(a \vee b) \wedge c</formula>
    <formula uri="http://libmeta.ru/fme/formula/aux/1170_18_KVANTOVAJa">a \leqslant \bar{b} \leqslant c</formula>
  </formulas_aux>
  <relations n="0"/>
  <text>множество высказываний о всевозможных событиях в физической системе, составляющих ее микроскопическое описание (см. [1]). В отличие от классич. логики, подчиняющейся законам булевой алгебры, высказывания К. л. образуют (см. [2]) более общую ортомодулярную структуру (решетку) относительно логич. порядка « $URI[[http://libmeta.ru/fme/formula/aux/1170_1_KVANTOVAJa]]/URI$ влечет $URI[[http://libmeta.ru/fme/formula/aux/1170_2_KVANTOVAJa]]/URI$, обозначаемого $URI[[http://libmeta.ru/fme/formula/aux/1170_3_KVANTOVAJa]]/URI$, и инволютивной операции отрицания $URI[[http://libmeta.ru/fme/formula/aux/1170_4_KVANTOVAJa]]/URI$, обращающей этот порядок: $URI[[http://libmeta.ru/fme/formula/aux/1170_5_KVANTOVAJa]]/URI$. Конъюнкция $URI[[http://libmeta.ru/fme/formula/aux/1170_6_KVANTOVAJa]]/URI$ и дизъюнкция $URI[[http://libmeta.ru/fme/formula/aux/1170_7_KVANTOVAJa]]/URI$, определяемые как точные грани $URI[[http://libmeta.ru/fme/formula/aux/1170_8_KVANTOVAJa]]/URI$, c нулем $URI[[http://libmeta.ru/fme/formula/aux/1170_9_KVANTOVAJa]]/URI$ наименьшим элементом и единицей $URI[[http://libmeta.ru/fme/formula/aux/1170_10_KVANTOVAJa]]/URI$ наибольшим элементом, обладают свойствами идемпотентности, коммутативности, ассоциативности, совместимости и двойственности, образующими аксиомы булевой алгебры за исключением аксиомы дистрибутивности. Конкретным примером недистрибутивной К. Л. является множество подпространств гильбертова пространства $URI[[http://libmeta.ru/fme/formula/aux/1170_11_KVANTOVAJa]]/URI$, или множество $URI[[http://libmeta.ru/fme/formula/aux/1170_12_KVANTOVAJa]]/URI$ соответствующих им ортопроекторов в $URI[[http://libmeta.ru/fme/formula/aux/1170_13_KVANTOVAJa]]/URI$ с естественным порядком $URI[[http://libmeta.ru/fme/formula/aux/1170_14_KVANTOVAJa]]/URI$, ортодополнением $URI[[http://libmeta.ru/fme/formula/aux/1170_15_KVANTOVAJa]]/URI$ в качестве операции отрицания и нулевым и единичным ортопроекторами в качестве элементов 0 и 1. Вместо условия дистрибутивности в такой К. л. выполняется более слабое свойство ортомодулярности $URI[[http://libmeta.ru/fme/formula/aux/1170_16_KVANTOVAJa]]/URI$ $URI[[http://libmeta.ru/fme/formula/aux/1170_17_KVANTOVAJa]]/URI$, если $URI[[http://libmeta.ru/fme/formula/aux/1170_18_KVANTOVAJa]]/URI$. Связь между логич. и алгебраич. подходами к квантовой теории устанавливается в теории *-полуколец (см. [3]), *-идемпотенты к-рых образуют квантовую полулогику.</text>
  <text_orig>множество высказываний о всевозможных событиях в физической системе, составляющих ее микроскопическое описание (см. [1]). В отличие от классич. логики, подчиняющейся законам булевой алгебры, высказывания К. л. образуют (см. [2]) более общую ортомодулярную структуру (решетку) относительно логич. порядка « $a$ влечет $b »$, обозначаемого $a \leqslant b$, и инволютивной операции отрицания $a \mapsto \bar{a}, \overline{\bar{a}}=a$, обращающей этот порядок: $a \leqslant b \Rightarrow \bar{b} \leqslant \bar{a}$. Конъюнкция $\wedge$ и дизъюнкция $\vee$, определяемые как точные грани $a \wedge b=\inf \{a, b\}, a \vee b=\sup \{a, b\}$, c нулем $\mathbb{O}=a \wedge \bar{a}-$ наименьшим элементом и единицей $1=a \vee \bar{a}-$ наибольшим элементом, обладают свойствами идемпотентности, коммутативности, ассоциативности, совместимости и двойственности, образующими аксиомы булевой алгебры за исключением аксиомы дистрибутивности. Конкретным примером недистрибутивной К. Л. является множество подпространств гильбертова пространства $H$, или множество $P(H)$ соответствуюших им ортопроекторов в $H$ с естественным порядком $a \leqslant b \Leftrightarrow a b=a$, ортодополнением $\bar{a}=a^{\perp}$ в качестве операции отрицания и нулевым и единичным ортопроекторами в качестве элементов 0 и 1. Вместо условия дистрибутивности в такой К. л. выполняется более слабое свойство ортомодулярности $a \vee(b \wedge c)=$ $=(a \vee b) \wedge c$, если $a \leqslant \bar{b} \leqslant c$. Связь между логич. и алгебраич. подходами к квантовой теории устанавливается в теории *-полуколец (см. [3]), *-идемпотенты к-рых образуют квантовую полулогику.

Лит.: [1] М а к к и Д., Лекции по математическим основам квантовой механики, пер. с англ., М., 1965; [2] Pi r on C., Foundation of quantum physics, L., 1976; [3] Бела в к и В. П., «Доклады АН СССР», 1987, т. 293, № 1, с. 18-21. В. П. Белавкин.</text_orig>
</article>
