<?xml version="1.0" ?>
<article uri="http://libmeta.ru/fme/article/1173_KVANTOVAJa" alphabetic_pos="1175">
  <title>КВАНТОВАЯ ОТНОСИТЕЛЬНАЯ ЭНТРОПИЯ ДЛЯ СОСТОЯНИЙ $\varphi_{1}, \varphi_{2}$ НА АЛГЕБРЕ МАТРИЦ $\mathscr{M}=M_{n}(\mathbb{C})$</title>
  <authors>
    <author>А. В. Булинский</author>
  </authors>
  <pages>
    <start>245</start>
    <end>245</end>
  </pages>
  <literature>
    <literature_orig/>
  </literature>
  <formulas_main>
    <formula uri="http://libmeta.ru/fme/formula/main/1173_1_KVANTOVAJa">s\left(\varphi_{1}, \varphi_{2}\right)=\tau\left(\rho_{1} \log \rho_{2}-\rho_{2} \log \rho_{1}\right) \geqslant 0,</formula>
    <formula uri="http://libmeta.ru/fme/formula/main/1173_2_KVANTOVAJa">s\left(\varphi_{1}, \varphi_{2}\right)=-\left(\Phi, \log \Delta_{1,2} \Phi\right)</formula>
    <formula uri="http://libmeta.ru/fme/formula/main/1173_3_KVANTOVAJa">\begin{gathered}s\left(\varphi_{1}, \varphi_{2}\right)=\sup _{x(t)} \int_{0}^{\infty}\left[\varphi_{2}(\mathbb{1})(1+t)^{-1}-\right. \\\left.-\varphi_{2}\left(y(t)^{*} y(t)\right)-t^{-1} \varphi_{1}\left(x(t) x(t)^{*}\right)\right] t^{-1} d t\end{gathered}</formula>
  </formulas_main>
  <formulas_aux>
    <formula uri="http://libmeta.ru/fme/formula/aux/1173_1_KVANTOVAJa">\tau-</formula>
    <formula uri="http://libmeta.ru/fme/formula/aux/1173_2_KVANTOVAJa">\boldsymbol{\text { , а } \rho _ { k }}, k=1,2,-</formula>
    <formula uri="http://libmeta.ru/fme/formula/aux/1173_3_KVANTOVAJa">\varphi_{k}(a)=\tau\left(\rho_{k} a\right), a \in \mathcal{H}</formula>
    <formula uri="http://libmeta.ru/fme/formula/aux/1173_4_KVANTOVAJa">\tau\left(\rho_{k}\right)=1</formula>
    <formula uri="http://libmeta.ru/fme/formula/aux/1173_5_KVANTOVAJa">\perp=\re(h), \operatorname{dim} H=\infty</formula>
    <formula uri="http://libmeta.ru/fme/formula/aux/1173_6_KVANTOVAJa">\tau</formula>
    <formula uri="http://libmeta.ru/fme/formula/aux/1173_7_KVANTOVAJa">h</formula>
    <formula uri="http://libmeta.ru/fme/formula/aux/1173_8_KVANTOVAJa">и</formula>
    <formula uri="http://libmeta.ru/fme/formula/aux/1173_9_KVANTOVAJa">\mathscr{\perp}=\mathfrak{b}(h)</formula>
    <formula uri="http://libmeta.ru/fme/formula/aux/1173_10_KVANTOVAJa">c^{*}</formula>
    <formula uri="http://libmeta.ru/fme/formula/aux/1173_11_KVANTOVAJa">\boldsymbol{a}-</formula>
    <formula uri="http://libmeta.ru/fme/formula/aux/1173_12_KVANTOVAJa">\delta_{1,2}</formula>
    <formula uri="http://libmeta.ru/fme/formula/aux/1173_13_KVANTOVAJa">\varphi_{1}, \varphi_{2}</formula>
    <formula uri="http://libmeta.ru/fme/formula/aux/1173_14_KVANTOVAJa">\phi-</formula>
    <formula uri="http://libmeta.ru/fme/formula/aux/1173_15_KVANTOVAJa">\varphi_{2}</formula>
    <formula uri="http://libmeta.ru/fme/formula/aux/1173_16_KVANTOVAJa">\varphi_{1} \geqslant \operatorname{supp} \varphi_{2}</formula>
    <formula uri="http://libmeta.ru/fme/formula/aux/1173_17_KVANTOVAJa">s\left(\varphi_{1}, \varphi_{2}\right)=+\infty</formula>
    <formula uri="http://libmeta.ru/fme/formula/aux/1173_18_KVANTOVAJa">w^{*}</formula>
    <formula uri="http://libmeta.ru/fme/formula/aux/1173_19_KVANTOVAJa">c^{*}</formula>
    <formula uri="http://libmeta.ru/fme/formula/aux/1173_20_KVANTOVAJa">x(t) \in \leadsto-</formula>
    <formula uri="http://libmeta.ru/fme/formula/aux/1173_21_KVANTOVAJa">y(t)=1-x(t)</formula>
    <formula uri="http://libmeta.ru/fme/formula/aux/1173_22_KVANTOVAJa">\varphi_{1}, \varphi_{2}</formula>
    <formula uri="http://libmeta.ru/fme/formula/aux/1173_23_KVANTOVAJa">-s\left(\varphi_{2}, \varphi_{1}\right)</formula>
    <formula uri="http://libmeta.ru/fme/formula/aux/1173_24_KVANTOVAJa">s_{n}\left(\varphi_{1}, \varphi_{2}\right)</formula>
    <formula uri="http://libmeta.ru/fme/formula/aux/1173_25_KVANTOVAJa">\mathscr{r} \subset \boldsymbol{\mu}</formula>
  </formulas_aux>
  <relations n="0"/>
  <text>выражение

\[
URI[[http://libmeta.ru/fme/formula/main/1173_1_KVANTOVAJa]]/URI
\]

где $URI[[http://libmeta.ru/fme/formula/aux/1173_1_KVANTOVAJa]]/URI$ след на . $URI[[http://libmeta.ru/fme/formula/aux/1173_2_KVANTOVAJa]]/URI$ матрицы плотности, так что $URI[[http://libmeta.ru/fme/formula/aux/1173_3_KVANTOVAJa]]/URI$ и $URI[[http://libmeta.ru/fme/formula/aux/1173_4_KVANTOVAJa]]/URI$. Формула (1), пригодная пля нормальных состояний на $URI[[http://libmeta.ru/fme/formula/aux/1173_5_KVANTOVAJa]]/URI$, где $URI[[http://libmeta.ru/fme/formula/aux/1173_6_KVANTOVAJa]]/URI$ - след оператора в $URI[[http://libmeta.ru/fme/formula/aux/1173_7_KVANTOVAJa]]/URI$, и на любой полуконечной алгебре Неймана . $URI[[http://libmeta.ru/fme/formula/aux/1173_8_KVANTOVAJa]]/URI$ введена лля некоммутативного аналога величины в классич. теории информации. При $URI[[http://libmeta.ru/fme/formula/aux/1173_9_KVANTOVAJa]]/URI$ начато изучение взаимосвязи К.о.Э. и квантовой энтропии для приложений в теории квантовых измерений и др. В отличие от квантовой энтропии Неймана, (1) не зависит от наличия следа на थ. К. о. э. распространена на нормальные состояния общих алгебр Неймана и на положительные линейные функционалы на $URI[[http://libmeta.ru/fme/formula/aux/1173_10_KVANTOVAJa]]/URI$-алгебрах. Так, если . $URI[[http://libmeta.ru/fme/formula/aux/1173_11_KVANTOVAJa]]/URI$ алгебра Неймана в стандартной форме, $URI[[http://libmeta.ru/fme/formula/aux/1173_12_KVANTOVAJa]]/URI$ - относительный модулярный оператор для $URI[[http://libmeta.ru/fme/formula/aux/1173_13_KVANTOVAJa]]/URI$ и $URI[[http://libmeta.ru/fme/formula/aux/1173_14_KVANTOVAJa]]/URI$ вектор-представитель $URI[[http://libmeta.ru/fme/formula/aux/1173_15_KVANTOVAJa]]/URI$ в естественном положительном конусе, то

\[
URI[[http://libmeta.ru/fme/formula/main/1173_2_KVANTOVAJa]]/URI
\]

когда носитель supp $URI[[http://libmeta.ru/fme/formula/aux/1173_16_KVANTOVAJa]]/URI$; иначе $URI[[http://libmeta.ru/fme/formula/aux/1173_17_KVANTOVAJa]]/URI$. Рассмотрены положительные функционалы на общих *-алгебрах с единицей 1. Даны разные вариационные выражения К. о. э. для положительных функционалов на $URI[[http://libmeta.ru/fme/formula/aux/1173_18_KVANTOVAJa]]/URI$ или $URI[[http://libmeta.ru/fme/formula/aux/1173_19_KVANTOVAJa]]/URI$-алгебрах, напр.

\[
URI[[http://libmeta.ru/fme/formula/main/1173_3_KVANTOVAJa]]/URI
\]

где $URI[[http://libmeta.ru/fme/formula/aux/1173_20_KVANTOVAJa]]/URI$ ступенчатые функции, $URI[[http://libmeta.ru/fme/formula/aux/1173_21_KVANTOVAJa]]/URI$. Bсе упомянутые конструкции К. о.э. эквивалентны. Обозначения могут отличаться и порядком аргументов $URI[[http://libmeta.ru/fme/formula/aux/1173_22_KVANTOVAJa]]/URI$ и знаком; предлагалось называть К. о. э. величину $URI[[http://libmeta.ru/fme/formula/aux/1173_23_KVANTOVAJa]]/URI$, в том числе для удачной интерпретации статистич. выводов и вариационных результатов. Изучается К. о. э. $URI[[http://libmeta.ru/fme/formula/aux/1173_24_KVANTOVAJa]]/URI$ и как мера возможности различать состояния по измерениям величин из подалгебры или подпространства $URI[[http://libmeta.ru/fme/formula/aux/1173_25_KVANTOVAJa]]/URI$.</text>
  <text_orig>выражение

\[
s\left(\varphi_{1}, \varphi_{2}\right)=\tau\left(\rho_{1} \log \rho_{2}-\rho_{2} \log \rho_{1}\right) \geqslant 0,
\]

где $\tau-$ след на . $\boldsymbol{\text { , а } \rho _ { k }}, k=1,2,-$ матрицы плотности, так что $\varphi_{k}(a)=\tau\left(\rho_{k} a\right), a \in \mathcal{H}$ и $\tau\left(\rho_{k}\right)=1$. Формула (1), пригодная пля нормальных состояний на $\Perp=\Re(H), \operatorname{dim} H=\infty$, где $\tau$ - след оператора в $H$, и на любой полуконечной алгебре Неймана . $и$ введена лля некоммутативного аналога величины в классич. теории информации. При $\mathscr{\Perp}=\mathfrak{B}(H)$ начато изучение взаимосвязи К.о.Э. и квантовой энтропии для приложений в теории квантовых измерений и др. В отличие от квантовой энтропии Неймана, (1) не зависит от наличия следа на थ. К. о. э. распространена на нормальные состояния общих алгебр Неймана и на положительные линейные функционалы на $C^{*}$-алгебрах. Так, если . $\boldsymbol{A}-$ алгебра Неймана в стандартной форме, $\Delta_{1,2}$ - относительный модулярный оператор для $\varphi_{1}, \varphi_{2}$ и $\Phi-$ вектор-представитель $\varphi_{2}$ в естественном положительном конусе, то

\[
s\left(\varphi_{1}, \varphi_{2}\right)=-\left(\Phi, \log \Delta_{1,2} \Phi\right)
\]

когда носитель supp $\varphi_{1} \geqslant \operatorname{supp} \varphi_{2}$; иначе $s\left(\varphi_{1}, \varphi_{2}\right)=+\infty$. Рacсмотрены положительные функщионалы на общих *-алгебрах с единицей 1. Даны разные вариационные выражения К. о. э. для положительных функционалов на $W^{*}$ или $C^{*}$-алгебрах, напр.

\[
\begin{gathered}
s\left(\varphi_{1}, \varphi_{2}\right)=\sup _{x(t)} \int_{0}^{\infty}\left[\varphi_{2}(\mathbb{1})(1+t)^{-1}-\right. \\
\left.-\varphi_{2}\left(y(t)^{*} y(t)\right)-t^{-1} \varphi_{1}\left(x(t) x(t)^{*}\right)\right] t^{-1} d t
\end{gathered}
\]

где $x(t) \in \leadsto-$ ступенчатые функции, $y(t)=1-x(t)$. Bсе упомянутые конструкции К. о.э. эквивалентны. Обозначения могут отличаться и порядком аргументов $\varphi_{1}, \varphi_{2}$ и знаком; предлагалось называть К. о. э. величину $-s\left(\varphi_{2}, \varphi_{1}\right)$, в том числе для удачной интерпретации статистич. выводов и вариационных результатов. Изучается К. о. э. $s_{N}\left(\varphi_{1}, \varphi_{2}\right)$ и как мера возможности различать состояния по измерениям величин из подалгебры или подпространства $\mathscr{R} \subset \boldsymbol{\mu}$.

А. В. Булинский</text_orig>
</article>
