<?xml version="1.0" ?>
<article uri="http://libmeta.ru/fme/article/1174_KVANTOVAJa" alphabetic_pos="1176">
  <title>КВАНТОВАЯ РЕГРЕССИЯ</title>
  <authors>
    <author>В. П. Белавкин</author>
  </authors>
  <pages>
    <start>245</start>
    <end>246</end>
  </pages>
  <literature>
    <literature_orig>Jum.: [1] Lindblad G., &quot;comm. Math. Phys.», 1979, v. 65, № 3, p. 281-97; [2] Б е ла в к и н В. П., «теоретич. и математич. физика», 1985, т. 62, № 3, c. 409-31; [3] Accardi L., Frigerio A., Lew is J. T., «publ. Rims Kyoto Univ.», 1982, v. 18, № 1, p. 97-133.</literature_orig>
    <unit>
      <author>Lindblad G.</author>
      <title>&quot;comm. Math. Phys.»</title>
      <publication/>
      <year>1979</year>
      <other>v. 65, № 3, p. 281-97</other>
    </unit>
    <unit>
      <author>Белавкин В. П.</author>
      <title>«теоретич. и математич. физика»</title>
      <publication/>
      <year>1985</year>
      <other>т. 62, № 3, c. 409-31</other>
    </unit>
    <unit>
      <author>Accardi L.</author>
      <author>Frigerio A.</author>
      <author>Lewis J. T.</author>
      <title>«publ. Rims Kyoto Univ.»</title>
      <publication/>
      <year>1982</year>
      <other>v. 18, № 1, p. 97-133.</other>
    </unit>
  </literature>
  <formulas_main>
    <formula uri="http://libmeta.ru/fme/formula/main/1174_1_KVANTOVAJa">x_{a_{1} \ldots a_{n}}^{t_{1} \ldots t_{n}}=\sigma_{t_{1}}\left(a_{1}^{*} \Theta_{t_{1}}^{t_{2}}\left(a_{2}^{*} \ldots \Theta_{t_{n-1}}^{t_{n}}\left(a_{n}^{*} a_{n}\right) \ldots a_{2}\right) a_{1}\right)</formula>
    <formula uri="http://libmeta.ru/fme/formula/main/1174_2_KVANTOVAJa">\Theta_{t}^{s}: \sigma_{t} \rightarrow \sigma_{t}^{\circ} \Theta_{t}^{s}=\sigma_{s}, t \leqslant s</formula>
    <formula uri="http://libmeta.ru/fme/formula/main/1174_3_KVANTOVAJa">\sigma_{t}\left(a^{*} a\right)=\left\|\pi_{t}(a) \xi\right\|^{2}, \xi \in \cap ๕_{t} \text { и } \Theta_{t}^{S} \in \pi_{t}^{-1} \circ x_{t}^{s},</formula>
  </formulas_main>
  <formulas_aux>
    <formula uri="http://libmeta.ru/fme/formula/aux/1174_1_KVANTOVAJa">x_{a_{1} \ldots a_{n}}^{t_{1} \ldots t_{n}}</formula>
    <formula uri="http://libmeta.ru/fme/formula/aux/1174_2_KVANTOVAJa">\xi \in H</formula>
    <formula uri="http://libmeta.ru/fme/formula/aux/1174_3_KVANTOVAJa">\sigma_{t}</formula>
    <formula uri="http://libmeta.ru/fme/formula/aux/1174_4_KVANTOVAJa">\mathfrak{a}</formula>
    <formula uri="http://libmeta.ru/fme/formula/aux/1174_5_KVANTOVAJa">x_{t}^{s}(a)=e_{t} \pi_{s}(a) E_{t}</formula>
    <formula uri="http://libmeta.ru/fme/formula/aux/1174_6_KVANTOVAJa">\pi_{t}^{-1}-</formula>
    <formula uri="http://libmeta.ru/fme/formula/aux/1174_7_KVANTOVAJa">\pi_{t}</formula>
    <formula uri="http://libmeta.ru/fme/formula/aux/1174_8_KVANTOVAJa">\mathscr{e}_{t}=e_{t} H</formula>
    <formula uri="http://libmeta.ru/fme/formula/aux/1174_9_KVANTOVAJa">\left\{\theta_{t}^{s} \mid t \leqslant s\right\}</formula>
    <formula uri="http://libmeta.ru/fme/formula/aux/1174_10_KVANTOVAJa">\theta_{t}^{s}: \mathfrak{A} \rightarrow \mathfrak{A}</formula>
    <formula uri="http://libmeta.ru/fme/formula/aux/1174_11_KVANTOVAJa">\sigma_{0}: \mathfrak{A} \rightarrow \mathbb{C}</formula>
  </formulas_aux>
  <relations n="0"/>
  <text>представление хронологически упорядоченных корреляционных форм $URI[[http://libmeta.ru/fme/formula/aux/1174_1_KVANTOVAJa]]/URI$, слабо описывающих квантовый случайный процесс относительно заданного вектора марковского состояния $URI[[http://libmeta.ru/fme/formula/aux/1174_2_KVANTOVAJa]]/URI$ в виде композиции

\[
URI[[http://libmeta.ru/fme/formula/main/1174_1_KVANTOVAJa]]/URI
\]

текущего состояния $URI[[http://libmeta.ru/fme/formula/aux/1174_3_KVANTOVAJa]]/URI$ на алгебре $URI[[http://libmeta.ru/fme/formula/aux/1174_4_KVANTOVAJa]]/URI$ и переходных отображений

\[
URI[[http://libmeta.ru/fme/formula/main/1174_2_KVANTOVAJa]]/URI
\]

Квантовая 245 Всякая квантовая марковская система (процесс) обладает свойством регрессии относительно

\[
URI[[http://libmeta.ru/fme/formula/main/1174_3_KVANTOVAJa]]/URI
\]

где $URI[[http://libmeta.ru/fme/formula/aux/1174_5_KVANTOVAJa]]/URI$ и $URI[[http://libmeta.ru/fme/formula/aux/1174_6_KVANTOVAJa]]/URI$ (квази-)обращение представлений $URI[[http://libmeta.ru/fme/formula/aux/1174_7_KVANTOVAJa]]/URI$ на инвариантных подпространствах $URI[[http://libmeta.ru/fme/formula/aux/1174_8_KVANTOVAJa]]/URI$. Теорема реконструкции (см. [2]) позволяет с помощью формулы регрессии однозначно восстановить минимальное представление квантовой марковской системы (процесса), описанной в широком смысле согласованным семейством $URI[[http://libmeta.ru/fme/formula/aux/1174_9_KVANTOVAJa]]/URI$ нормированных вполне положительных динамич. отображений $URI[[http://libmeta.ru/fme/formula/aux/1174_10_KVANTOVAJa]]/URI$ с заданным начальным состоянием $URI[[http://libmeta.ru/fme/formula/aux/1174_11_KVANTOVAJa]]/URI$.</text>
  <text_orig>представление хронологически упорядоченных корреляционных форм $x_{a_{1} \ldots a_{n}}^{t_{1} \ldots t_{n}}$, слабо описывающих квантовый случайный процесс относительно заданного вектора марковского состояния $\xi \in H$ в виде композиции

\[
x_{a_{1} \ldots a_{n}}^{t_{1} \ldots t_{n}}=\sigma_{t_{1}}\left(a_{1}^{*} \Theta_{t_{1}}^{t_{2}}\left(a_{2}^{*} \ldots \Theta_{t_{n-1}}^{t_{n}}\left(a_{n}^{*} a_{n}\right) \ldots a_{2}\right) a_{1}\right)
\]

текущего состояния $\sigma_{t}$ на алгебре $\mathfrak{A}$ и переходных отображений

\[
\Theta_{t}^{s}: \sigma_{t} \rightarrow \sigma_{t}^{\circ} \Theta_{t}^{s}=\sigma_{s}, t \leqslant s
\]

KBAHTOBAЯ 245 Всякая квантовая марковская система (процесс) обладает свойством регрессии относительно

\[
\sigma_{t}\left(a^{*} a\right)=\left\|\pi_{t}(a) \xi\right\|^{2}, \xi \in \cap ๕_{t} \text { и } \Theta_{t}^{S} \in \pi_{t}^{-1} \circ x_{t}^{s},
\]

где $x_{t}^{S}(a)=E_{t} \pi_{s}(a) E_{t}$ и $\pi_{t}^{-1}-$ (квази-)обращение представлений $\pi_{t}$ на инвариантных подпространствах $\mathscr{E}_{t}=E_{t} H$. Теорема реконструкции (см. [2]) позволяет с помощью формулы регрессии однозначно восстановить минимальное представление квантовой марковской системы (процесса), описанной в широком смысле согласованным семейством $\left\{\Theta_{t}^{S} \mid t \leqslant s\right\}$ нормированных вполне положительных динамич. отображений $\Theta_{t}^{s}: \mathfrak{A} \rightarrow \mathfrak{A}$ с заданным начальным состоянием $\sigma_{0}: \mathfrak{A} \rightarrow \mathbb{C}$.

Jum.: [1] Lindblad G., &quot;Comm. Math. Phys.», 1979, v. 65, № 3, p. 281-97; [2] Б е ла в к и н В. П., «Теоретич. и математич. физика», 1985, т. 62, № 3, c. 409-31; [3] Accardi L., Frigerio A., Lew is J. T., «Publ. RIMS Kyoto Univ.», 1982, v. 18, № 1, p. 97-133. В. П. Белавкин.</text_orig>
</article>
