<?xml version="1.0" ?>
<article uri="http://libmeta.ru/fme/article/1178_KVANTOVAJa" alphabetic_pos="1180">
  <title>КВАНТОВАЯ ТЕОРИЯ ПОЛЯ</title>
  <authors/>
  <pages>
    <start>251</start>
    <end>251</end>
  </pages>
  <literature>
    <literature_orig>Лum.: [1] Математическая энциклопедия, т. 2, М., 1979, с. 829837; [2] Физическая энциклопедия, т. 2, М., 1990, с. 300-09; см. также лит. к статьям в [1] и [2].</literature_orig>
    <unit>
      <title>Математическая энциклопедия</title>
      <publication>М.</publication>
      <year>1979</year>
      <other>т. 2, с. 829837</other>
    </unit>
    <unit>
      <title>Физическая энциклопедия</title>
      <publication>М.</publication>
      <year>1990</year>
      <other>т. 2, с. 300-09; см. также лит. к статьям в [1] и [2].</other>
    </unit>
  </literature>
  <formulas_main/>
  <formulas_aux/>
  <relations n="0"/>
  <text>теория релятивистских квантовых явлений. По существу, К. т. П. является наиболее фундаментальной из физич. теорий. Нерелятивистская квантовая механика и релятивистская классич. теория поля являются ее предельными случаями, первая - при скоростях, много меньших скорости света, вторая - при величинах действия, много больших постоянной Планка. В основе К. т. п. лежит представление о том, что все частицы являются квантами соответствующих физич. полей. К. т. п. изучает процессы рождения, взаимодействия и уничтожения элементарных частиц.

Методы К. т. П. лежат в основе квантовой электродинами-

![](https://cdn.mathpix.com/cropped/2023_07_08_d973e6c9fb8c8eff05adg-1.jpg?height=39&amp;width=804&amp;top_left_y=1208&amp;top_left_x=92)
стандартной модели электрослабого взаимодействия. Все эти теории являются как бы отдельными главами К. т. п.

См. также Аксиоматическая квантовая теория поля, Конструктивная квантовая теория поля, Нелинейная квантовая теория поля, Нелокальная квантовая теория поля.</text>
  <text_orig>теория релятивистских квантовых явлений. По существу, К. т. П. является наиболее фундаментальной из физич. теорий. Нерелятивистская квантовая механика и релятивистская классич. теория поля являются ее предельными случаями, первая - при скоростях, много меныших скорости света, вторая - при величинах действия, много больших постоянной Планка. В основе К. т. п. лежит представление о том, что все частицы являются квантами соответствующих физич. полей. К. т. п. изучает процессы рождения, взаимодействия и уничтожения элементарных частиц.

Методы К. т. П. лежат в основе квантовой электродинами-

![](https://cdn.mathpix.com/cropped/2023_07_08_d973e6c9fb8c8eff05adg-1.jpg?height=39&amp;width=804&amp;top_left_y=1208&amp;top_left_x=92)
стандартной модели электрослабого взаимодействия. Все эти теории являются как бы отдельными главами К. т. п.

См. также Аксиоматическая квантовая теория поля, Конструктивная квантовая теория поля, Нелинейная квантовая теория поля, Нелокальная квантовая теория поля.

Лum.: [1] Математическая энциклопедия, т. 2, М., 1979, с. 829837; [2] Физическая энциклопедия, т. 2, М., 1990, с. 300-09; см. также лит. к статьям в [1] и [2].</text_orig>
</article>
