<?xml version="1.0" ?>
<article uri="http://libmeta.ru/fme/article/1180_KVANTOVAJa" alphabetic_pos="1182">
  <title>КВАНТОВАЯ ХРОМОДИНАМИКА</title>
  <authors>
    <author>К. Г. Четыркин</author>
  </authors>
  <pages>
    <start>251</start>
    <end>253</end>
  </pages>
  <literature>
    <literature_orig>Jum.: [1] Ge11 - Mann M., «phys. Lett.», 1964, v. 8, p. 214-15; [2] Боголюбов Н. Н., Струминский Б. В., Тавхелидз е А. Н., К вопросу о составных моделях в теории элементарных частиц, Дубна, 1965; [3] Богол юбов Н. Н. [и др.], Релятивистски-инвариантные уравнения для составных частиц и формфакторы, Дубна, 1965; [4] H a n M., N a mbu Y., «phys. Rev.», 1965, v. 139, p. 1006-10; [5] Stueckelberg E., Petermann A., &quot;helv. phys. acta», 1953, v. 26, p. 499-520; [6] Боголюбов Н. Н., Ши рко в Д. В., “доклады Ан СССР», 1955, т. 103, с. 391-94; [7] Matveev V., Muradyan R., Tavkhelidze A., «lett. Nuovo Cim.», 1973, v. 7, p. 719-23.</literature_orig>
    <unit>
      <author>Ge11-Mann M.</author>
      <title>«phys. Lett.»</title>
      <publication/>
      <year>1964</year>
      <other>v. 8, p. 214-15</other>
    </unit>
    <unit>
      <author>Боголюбов Н. Н.</author>
      <author>Струминский Б. В.</author>
      <author>Тавхелидзе А. Н.</author>
      <title>К вопросу о составных моделях в теории элементарных частиц, Дубна</title>
      <publication/>
      <year>1965</year>
      <other/>
    </unit>
    <unit>
      <title>Богол юбов Н. Н. [и др.], Релятивистски-инвариантные уравнения для составных частиц и формфакторы, Дубна</title>
      <publication/>
      <year>1965</year>
      <other/>
    </unit>
    <unit>
      <author>Han M.</author>
      <author>Nambu Y.</author>
      <title>«phys. Rev.»</title>
      <publication/>
      <year>1965</year>
      <other>v. 139, p. 1006-10</other>
    </unit>
    <unit>
      <author>Stueckelberg E.</author>
      <author>Petermann A.</author>
      <title>&quot;helv. phys. acta»</title>
      <publication/>
      <year>1953</year>
      <other>v. 26, p. 499-520</other>
    </unit>
    <unit>
      <author>Боголюбов Н. Н.</author>
      <author>Ширков Д. В.</author>
      <title>“доклады Ан СССР»</title>
      <publication/>
      <year>1955</year>
      <other>т. 103, с. 391-94</other>
    </unit>
    <unit>
      <author>Matveev V.</author>
      <author>Muradyan R.</author>
      <author>Tavkhelidze A.</author>
      <title>«lett. Nuovo Cim.»</title>
      <publication/>
      <year>1973</year>
      <other>v. 7, p. 719-23.</other>
    </unit>
  </literature>
  <formulas_main>
    <formula uri="http://libmeta.ru/fme/formula/main/1180_1_KVANTOVAJa">Q_{u}=Q_{c}=Q_{t}=2 / 3, Q_{d}=Q_{s}=Q_{b}=-1 / 3 .</formula>
    <formula uri="http://libmeta.ru/fme/formula/main/1180_2_KVANTOVAJa">q_{i}(x) \rightarrow q_{i}(x)+i\left(\frac{\Lambda_{a}}{2}\right)_{i, j} \omega^{a} q_{j}(x)</formula>
    <formula uri="http://libmeta.ru/fme/formula/main/1180_3_KVANTOVAJa">\mathscr{L}_{\mathrm{K} . \mathrm{x} .}^{c}=-\frac{1}{4} G_{\mu v}^{a} G_{\mu v}^{a}+i \sum_{q=u, d, \ldots} \bar{q}\left(i \gamma_{\mu} D_{\mu}^{i j}-m_{q}\right) q_{j},</formula>
    <formula uri="http://libmeta.ru/fme/formula/main/1180_4_KVANTOVAJa">\begin{gathered}G_{\mu \nu}^{a}=\partial_{\mu} A_{v}^{q}-\partial_{v} A_{\mu}^{q}+i g f^{a b c} A_{\mu}^{b} A_{v}^{c}, \\D_{\mu}=\delta^{i j_{\partial}}-i g A_{\mu}^{a}\left(\Lambda^{a}\right)_{i j}\end{gathered}</formula>
    <formula uri="http://libmeta.ru/fme/formula/main/1180_5_KVANTOVAJa">A_{\mu}^{a}(x) \rightarrow A_{\mu}^{a}(x)+f^{a b c} \omega^{b}(x) A_{\mu}^{c}(x)+\partial_{\mu} \omega^{q}(x) .</formula>
    <formula uri="http://libmeta.ru/fme/formula/main/1180_6_KVANTOVAJa">\mathscr{L}_{\mathrm{K} . \mathrm{x} .}^{\mathrm{eff}}=\mathscr{L}_{\mathrm{K} . \mathrm{x} .}^{c}-\frac{1}{2 \alpha}\left(\partial_{\mu} A_{\mu}^{a}\right)^{2}+\partial_{\mu} \bar{\eta}^{\alpha}\left(\partial_{\mu} \delta^{a c}-f^{a b c} A_{\mu}^{b}\right) \eta^{c} .</formula>
    <formula uri="http://libmeta.ru/fme/formula/main/1180_7_KVANTOVAJa">\mu^{2} \frac{d}{d \mu}=\bar{\alpha}_{s}(\mu)=\beta\left(\alpha_{s}\right)</formula>
    <formula uri="http://libmeta.ru/fme/formula/main/1180_8_KVANTOVAJa">\bar{\alpha}_{s}(\mu)=\frac{12 \pi}{\left(33-2 n_{f}\right) \ln \left(\mu^{2} / \Lambda^{2}\right)}\left(1-\frac{6\left(153-19 n_{f}\right) \ln \left(\ln \left(\mu^{2} / \Lambda^{2}\right)\right)}{\left(33-2 n_{f}\right) \ln ^{2}\left(\mu^{2} / \Lambda^{2}\right)}\right),</formula>
    <formula uri="http://libmeta.ru/fme/formula/main/1180_9_KVANTOVAJa">\mathscr{L}_{\mathrm{K} . \mathrm{x} .}=\mathscr{L}_{\mathrm{K} . \mathrm{x} .}^{\mathrm{eff}}+i \theta G_{\mu \nu}^{a} G_{\alpha \beta}^{a} \varepsilon_{\mu \nu \alpha \beta},</formula>
  </formulas_main>
  <formulas_aux>
    <formula uri="http://libmeta.ru/fme/formula/aux/1180_1_KVANTOVAJa">u_{-}, d-, s_{-}, c_{-}, b-, t</formula>
    <formula uri="http://libmeta.ru/fme/formula/aux/1180_2_KVANTOVAJa">1 / 2</formula>
    <formula uri="http://libmeta.ru/fme/formula/aux/1180_3_KVANTOVAJa">t</formula>
    <formula uri="http://libmeta.ru/fme/formula/aux/1180_4_KVANTOVAJa">u</formula>
    <formula uri="http://libmeta.ru/fme/formula/aux/1180_5_KVANTOVAJa">u_{1}, u_{2}, u_{3}</formula>
    <formula uri="http://libmeta.ru/fme/formula/aux/1180_6_KVANTOVAJa">d</formula>
    <formula uri="http://libmeta.ru/fme/formula/aux/1180_7_KVANTOVAJa">d_{1}, d_{2}, d_{3}</formula>
    <formula uri="http://libmeta.ru/fme/formula/aux/1180_8_KVANTOVAJa">s U_{c}(3)</formula>
    <formula uri="http://libmeta.ru/fme/formula/aux/1180_9_KVANTOVAJa">q_{i}, i=1,2,3</formula>
    <formula uri="http://libmeta.ru/fme/formula/aux/1180_10_KVANTOVAJa">a=1, \ldots, 8, \Lambda_{a}</formula>
    <formula uri="http://libmeta.ru/fme/formula/aux/1180_11_KVANTOVAJa">s U(3)</formula>
    <formula uri="http://libmeta.ru/fme/formula/aux/1180_12_KVANTOVAJa">\omega^{a}-</formula>
    <formula uri="http://libmeta.ru/fme/formula/aux/1180_13_KVANTOVAJa">\left.\omega^{a} \ll 1\right)</formula>
    <formula uri="http://libmeta.ru/fme/formula/aux/1180_14_KVANTOVAJa">\pi</formula>
    <formula uri="http://libmeta.ru/fme/formula/aux/1180_15_KVANTOVAJa">\omega^{a}(x)</formula>
    <formula uri="http://libmeta.ru/fme/formula/aux/1180_16_KVANTOVAJa">x</formula>
    <formula uri="http://libmeta.ru/fme/formula/aux/1180_17_KVANTOVAJa">a_{\mu}^{a}(x), a=1,2, \ldots, 8</formula>
    <formula uri="http://libmeta.ru/fme/formula/aux/1180_18_KVANTOVAJa">s U_{c}(3)</formula>
    <formula uri="http://libmeta.ru/fme/formula/aux/1180_19_KVANTOVAJa">f^{a b c}-</formula>
    <formula uri="http://libmeta.ru/fme/formula/aux/1180_20_KVANTOVAJa">s U_{c}(3), m_{q}</formula>
    <formula uri="http://libmeta.ru/fme/formula/aux/1180_21_KVANTOVAJa">q</formula>
    <formula uri="http://libmeta.ru/fme/formula/aux/1180_22_KVANTOVAJa">\alpha</formula>
    <formula uri="http://libmeta.ru/fme/formula/aux/1180_23_KVANTOVAJa">\bar{\eta}^{a}</formula>
    <formula uri="http://libmeta.ru/fme/formula/aux/1180_24_KVANTOVAJa">\eta^{a}</formula>
    <formula uri="http://libmeta.ru/fme/formula/aux/1180_25_KVANTOVAJa">\alpha_{s}=g^{2} / 4 \pi</formula>
    <formula uri="http://libmeta.ru/fme/formula/aux/1180_26_KVANTOVAJa">\mu</formula>
    <formula uri="http://libmeta.ru/fme/formula/aux/1180_27_KVANTOVAJa">\bar{\alpha}_{s}(\mu)</formula>
    <formula uri="http://libmeta.ru/fme/formula/aux/1180_28_KVANTOVAJa">\beta\left(\bar{\alpha}_{s}\right)</formula>
    <formula uri="http://libmeta.ru/fme/formula/aux/1180_29_KVANTOVAJa">n_{f}</formula>
    <formula uri="http://libmeta.ru/fme/formula/aux/1180_30_KVANTOVAJa">\mu, \Lambda-</formula>
    <formula uri="http://libmeta.ru/fme/formula/aux/1180_31_KVANTOVAJa">\lambda</formula>
    <formula uri="http://libmeta.ru/fme/formula/aux/1180_32_KVANTOVAJa">\mu</formula>
    <formula uri="http://libmeta.ru/fme/formula/aux/1180_33_KVANTOVAJa">n_{f}</formula>
    <formula uri="http://libmeta.ru/fme/formula/aux/1180_34_KVANTOVAJa">\mu</formula>
    <formula uri="http://libmeta.ru/fme/formula/aux/1180_35_KVANTOVAJa">\bar{\alpha}_{s}(q)=\bar{\alpha}_{3}(\mu=0)</formula>
    <formula uri="http://libmeta.ru/fme/formula/aux/1180_36_KVANTOVAJa">q</formula>
    <formula uri="http://libmeta.ru/fme/formula/aux/1180_37_KVANTOVAJa">\alpha_{s}(q)&lt;c</formula>
    <formula uri="http://libmeta.ru/fme/formula/aux/1180_38_KVANTOVAJa">q</formula>
    <formula uri="http://libmeta.ru/fme/formula/aux/1180_39_KVANTOVAJa">\bar{\alpha}_{s}(q)</formula>
    <formula uri="http://libmeta.ru/fme/formula/aux/1180_40_KVANTOVAJa">\geqslant 1</formula>
    <formula uri="http://libmeta.ru/fme/formula/aux/1180_41_KVANTOVAJa">q</formula>
    <formula uri="http://libmeta.ru/fme/formula/aux/1180_42_KVANTOVAJa">\lambda</formula>
    <formula uri="http://libmeta.ru/fme/formula/aux/1180_43_KVANTOVAJa">\bar{\alpha}_{s}(q)</formula>
    <formula uri="http://libmeta.ru/fme/formula/aux/1180_44_KVANTOVAJa">q \leqslant \Lambda</formula>
    <formula uri="http://libmeta.ru/fme/formula/aux/1180_45_KVANTOVAJa">s U_{c}</formula>
    <formula uri="http://libmeta.ru/fme/formula/aux/1180_46_KVANTOVAJa">s U_{c}(3)</formula>
    <formula uri="http://libmeta.ru/fme/formula/aux/1180_47_KVANTOVAJa">\hbar c / \Lambda</formula>
    <formula uri="http://libmeta.ru/fme/formula/aux/1180_48_KVANTOVAJa">\lambda</formula>
    <formula uri="http://libmeta.ru/fme/formula/aux/1180_49_KVANTOVAJa">q</formula>
    <formula uri="http://libmeta.ru/fme/formula/aux/1180_50_KVANTOVAJa">\bar{\alpha}_{s}(q)</formula>
    <formula uri="http://libmeta.ru/fme/formula/aux/1180_51_KVANTOVAJa">\bar{\alpha}_{s}</formula>
    <formula uri="http://libmeta.ru/fme/formula/aux/1180_52_KVANTOVAJa">\mu^{+} \mu^{-}</formula>
    <formula uri="http://libmeta.ru/fme/formula/aux/1180_53_KVANTOVAJa">\bar{\alpha}_{s}</formula>
    <formula uri="http://libmeta.ru/fme/formula/aux/1180_54_KVANTOVAJa">\lambda</formula>
    <formula uri="http://libmeta.ru/fme/formula/aux/1180_55_KVANTOVAJa">\lambda=100 \div 300</formula>
    <formula uri="http://libmeta.ru/fme/formula/aux/1180_56_KVANTOVAJa">\sim\left(\frac{\delta}{q}\right)^{n}</formula>
    <formula uri="http://libmeta.ru/fme/formula/aux/1180_57_KVANTOVAJa">\alpha_{s}</formula>
    <formula uri="http://libmeta.ru/fme/formula/aux/1180_58_KVANTOVAJa">1 / N_{c}</formula>
    <formula uri="http://libmeta.ru/fme/formula/aux/1180_59_KVANTOVAJa">\langle\vec{q}, q\rangle</formula>
    <formula uri="http://libmeta.ru/fme/formula/aux/1180_60_KVANTOVAJa">\left\langle G_{\mu \nu}^{a}, G_{\mu \nu}^{a}\right\rangle</formula>
    <formula uri="http://libmeta.ru/fme/formula/aux/1180_61_KVANTOVAJa">q</formula>
    <formula uri="http://libmeta.ru/fme/formula/aux/1180_62_KVANTOVAJa">u(1)</formula>
    <formula uri="http://libmeta.ru/fme/formula/aux/1180_63_KVANTOVAJa">\eta^{\prime}</formula>
    <formula uri="http://libmeta.ru/fme/formula/aux/1180_64_KVANTOVAJa">\pi</formula>
    <formula uri="http://libmeta.ru/fme/formula/aux/1180_65_KVANTOVAJa">\omega^{a}(x)</formula>
    <formula uri="http://libmeta.ru/fme/formula/aux/1180_66_KVANTOVAJa">\sim e^{-4 \pi / \alpha_{s}}</formula>
    <formula uri="http://libmeta.ru/fme/formula/aux/1180_67_KVANTOVAJa">e^{i \theta}</formula>
    <formula uri="http://libmeta.ru/fme/formula/aux/1180_68_KVANTOVAJa">\theta</formula>
    <formula uri="http://libmeta.ru/fme/formula/aux/1180_69_KVANTOVAJa">\varepsilon_{\mu v \alpha \beta}-</formula>
    <formula uri="http://libmeta.ru/fme/formula/aux/1180_70_KVANTOVAJa">\varepsilon_{0123}=-1</formula>
    <formula uri="http://libmeta.ru/fme/formula/aux/1180_71_KVANTOVAJa">\theta \neq 0</formula>
    <formula uri="http://libmeta.ru/fme/formula/aux/1180_72_KVANTOVAJa">|\theta| \leqslant 10^{-9}</formula>
    <formula uri="http://libmeta.ru/fme/formula/aux/1180_73_KVANTOVAJa">\theta</formula>
    <formula uri="http://libmeta.ru/fme/formula/aux/1180_74_KVANTOVAJa">c P</formula>
    <formula uri="http://libmeta.ru/fme/formula/aux/1180_75_KVANTOVAJa">1 / N_{c}</formula>
    <formula uri="http://libmeta.ru/fme/formula/aux/1180_76_KVANTOVAJa">1 / N_{c}</formula>
    <formula uri="http://libmeta.ru/fme/formula/aux/1180_77_KVANTOVAJa">n_{c}</formula>
    <formula uri="http://libmeta.ru/fme/formula/aux/1180_78_KVANTOVAJa">n_{c}=3</formula>
    <formula uri="http://libmeta.ru/fme/formula/aux/1180_79_KVANTOVAJa">n_{c} \rightarrow \infty</formula>
  </formulas_aux>
  <relations n="2">
    <relation uri="http://libmeta.ru/fme/relation/1180_1_KVANTOVAJa">
      <rel_text>Великое объединение взаимодействий</rel_text>
      <target>http://libmeta.ru/fme/article/359_VELIKOE</target>
    </relation>
    <relation uri="http://libmeta.ru/fme/relation/1180_2_KVANTOVAJa">
      <rel_text>Вильсона критерий конфайнмента</rel_text>
      <target>http://libmeta.ru/fme/article/400_VIL'SONA</target>
    </relation>
  </relations>
  <text>Калибровочная теория сильных взаимодействий, описывающая взаимодействие цветных кварков и глюонов; возникла как результат развития кварковой модели адронов. В 1964 М. Гелл-Ман (m. Gell-Mann) и Г. Цвейг (g. Zweig) предположили, что адроны могут быть построены из гипотетич. фундаментальных частиц - кварков, причем мезоны (адроны с целым спином) являются системами кварков и антикварков, а барионы (адроны с полуцелым спином) - трех кварков или трех антикварков (см. [1]). По современным представлениям, основанным на изучении адронной спектроскопии и анализе экспериментальных данных в рамках объединенной Глэшоу - Вайнберга - Салама модели, должны существовать по меньшей мере шесть различных типов кварков: $URI[[http://libmeta.ru/fme/formula/aux/1180_1_KVANTOVAJa]]/URI$-кварки. Они обладают спином, равным $URI[[http://libmeta.ru/fme/formula/aux/1180_2_KVANTOVAJa]]/URI$, и дробными электрич. зарядами

\[
URI[[http://libmeta.ru/fme/formula/main/1180_1_KVANTOVAJa]]/URI
\]

В настоящее время имеются косвенные экспериментальные свидетельства существования первых пяти типов кварков (то есть наблюдались адроны, содержащие эти кварки). Адроны, включающие в себя $URI[[http://libmeta.ru/fme/formula/aux/1180_3_KVANTOVAJa]]/URI$-кварк, пока не открыты.

Важнейшим ингредиентом кварковой модели и К. х. является понятие цвета, при определении к-рого постулировано существование у кварков дополнительного квантового числа, принимающего для каждого типа кварков три значе- ния. Другими словами, существуют три $URI[[http://libmeta.ru/fme/formula/aux/1180_4_KVANTOVAJa]]/URI$-кварка $URI[[http://libmeta.ru/fme/formula/aux/1180_5_KVANTOVAJa]]/URI$, три $URI[[http://libmeta.ru/fme/formula/aux/1180_6_KVANTOVAJa]]/URI$-кварка $URI[[http://libmeta.ru/fme/formula/aux/1180_7_KVANTOVAJa]]/URI$ и т. Д. Постулируется, что сильные взаимодействия инвариантны относительно группы цветовой симметрии $URI[[http://libmeta.ru/fme/formula/aux/1180_8_KVANTOVAJa]]/URI$, причем каждый триплет кварков по цвету реализует фундаментальное представление этой группы. Для цветового триплета кварковых полей $URI[[http://libmeta.ru/fme/formula/aux/1180_9_KVANTOVAJa]]/URI$, соответствующее преобразование записывается в виде

\[
URI[[http://libmeta.ru/fme/formula/main/1180_2_KVANTOVAJa]]/URI
\]

где $URI[[http://libmeta.ru/fme/formula/aux/1180_10_KVANTOVAJa]]/URI$ - матрицы Гелл-Мана (генераторы группы $URI[[http://libmeta.ru/fme/formula/aux/1180_11_KVANTOVAJa]]/URI$ ), а $URI[[http://libmeta.ru/fme/formula/aux/1180_12_KVANTOVAJa]]/URI$ групповые параметры (для простоты ограничиваются малыми преобразованиями с параметрами $URI[[http://libmeta.ru/fme/formula/aux/1180_13_KVANTOVAJa]]/URI$. Введение цвета позволило, во-первых, рассматривать кварки как подчиняющиеся статистике Ферми - Дирака в соответствии с фундаментальной теоремой квантовой теории поля о связи спина и статистики и, во-вторых, привести в соответствие с экспериментальными данными предсказания кварковой модели для процессов распада $URI[[http://libmeta.ru/fme/formula/aux/1180_14_KVANTOVAJa]]/URI$-мезона на два фотона и электрон-позитронной аннигиляции в адроны.

К. Х. возникает, если предположить, что цветовая симметрия имеет локальный характер, то есть что сильное взаимодействие инвариантно относительно преобразований (1) с параметрами $URI[[http://libmeta.ru/fme/formula/aux/1180_15_KVANTOVAJa]]/URI$, зависящими от пространственно-временной точки $URI[[http://libmeta.ru/fme/formula/aux/1180_16_KVANTOVAJa]]/URI$. Это требует введения в дополнение к кварковым полям октета калибровочных Янга - Миллса полей $URI[[http://libmeta.ru/fme/formula/aux/1180_17_KVANTOVAJa]]/URI$, число к-рых равно рангу калибровочной группы, в рассматриваемом случае группы $URI[[http://libmeta.ru/fme/formula/aux/1180_18_KVANTOVAJa]]/URI$. Безмассовые векторные частицы (кванты этих полей) называются гл юо на м и. Инвариантность по отношению к локальным преобразованиям цветовой группы вместе с требованиями перенормируемости однозначно фиксирует вид классич. лагранжиана К. х.:

\[
URI[[http://libmeta.ru/fme/formula/main/1180_3_KVANTOVAJa]]/URI
\]

где

\[
URI[[http://libmeta.ru/fme/formula/main/1180_4_KVANTOVAJa]]/URI
\]

- тензор напряженностей глюонного поля, $URI[[http://libmeta.ru/fme/formula/aux/1180_19_KVANTOVAJa]]/URI$ структурные константы группы $URI[[http://libmeta.ru/fme/formula/aux/1180_20_KVANTOVAJa]]/URI$ - масса кварка типа $URI[[http://libmeta.ru/fme/formula/aux/1180_21_KVANTOVAJa]]/URI$. Лагранжиан (2) по построению инвариантен относительно локальных калибровочных преобразований кварковых полей (1) и глюонных полей вида:

\[
URI[[http://libmeta.ru/fme/formula/main/1180_5_KVANTOVAJa]]/URI
\]

Последовательная процедура квантования локально калибровочно инвариантных лагранжианов построена в 1967 Л. Д. Фаддеевым и В. Н. Поповым, а также, независимо, Б. де Виттом. В классе ковариантных $URI[[http://libmeta.ru/fme/formula/aux/1180_22_KVANTOVAJa]]/URI$-калибровок применение этой процедуры к (1) приводит к эффективному лагранжиану вида:

\[
URI[[http://libmeta.ru/fme/formula/main/1180_6_KVANTOVAJa]]/URI
\]

По сравнению с квантовой электродинамикой новым элементом здесь являются «духи» - скалярные поля $URI[[http://libmeta.ru/fme/formula/aux/1180_23_KVANTOVAJa]]/URI$ и $URI[[http://libmeta.ru/fme/formula/aux/1180_24_KVANTOVAJa]]/URI$, подчиняющиеся статистике Ферми-Дирака. Эти поля необходимы для соблюдения условия унитарности в физич. секторе теории. Исходя из эффективного лагранжиана, стандартным образом могут быть введены правила Фейнмана для вычисления соответствующих функций Грина по теории возмущений. Теория, описываемая лагранжианом (4), является перенормируемой (количество независимых перенормировочных констант конечно). Существенную роль в доказательстве этого утверждения играют так наз. Славнова - Тейлора тождества, связывающие различные функции Грина и являющиеся следствием калибровочной инвариантности лагранжиана (2). Перенормированные квантовохромодинамич. функции Грина зависят от кваркглюонной константы связи $URI[[http://libmeta.ru/fme/formula/aux/1180_25_KVANTOVAJa]]/URI$, масс кварков и точки нормировки $URI[[http://libmeta.ru/fme/formula/aux/1180_26_KVANTOVAJa]]/URI$. Зависимость от последней возникает вследствие известной конечной неопределенности в выборе перенормировочных констант (см. [5]).

Примечательной особенностью К. х. является свойство асимптотической свободы: эффективная константа связи $URI[[http://libmeta.ru/fme/formula/aux/1180_27_KVANTOVAJa]]/URI$, подчиняющаяся стандартному уравнению ренормализационной группы

\[
URI[[http://libmeta.ru/fme/formula/main/1180_7_KVANTOVAJa]]/URI
\]

убывает в ультрафиолетовой области. Из явных вычислений функции $URI[[http://libmeta.ru/fme/formula/aux/1180_28_KVANTOVAJa]]/URI$ в двух первых порядках теории возмущений следует, что

\[
URI[[http://libmeta.ru/fme/formula/main/1180_8_KVANTOVAJa]]/URI
\]

где $URI[[http://libmeta.ru/fme/formula/aux/1180_29_KVANTOVAJa]]/URI$ - число кварков с массой меньшей $URI[[http://libmeta.ru/fme/formula/aux/1180_30_KVANTOVAJa]]/URI$ так наз. п а ра м е т р шкалы К. х. Физич. смысл $URI[[http://libmeta.ru/fme/formula/aux/1180_31_KVANTOVAJa]]/URI$ состоит в том, что числовое значение этого параметра характеризует масштаб области сильной связи в К. х. При выводе формулы (6) полностью игнорировались эффекты масс кварков, то есть рассматривалась идеализированная ситуация, когда влиянием кварков с массой больше $URI[[http://libmeta.ru/fme/formula/aux/1180_32_KVANTOVAJa]]/URI$ полностью пренебрегалось. В этом приближении зависящие от $URI[[http://libmeta.ru/fme/formula/aux/1180_33_KVANTOVAJa]]/URI$ члены в формуле (6) меняются дискретным образом, когда пересекаются кварковые пороги. В области больших импульсных передач $URI[[http://libmeta.ru/fme/formula/aux/1180_34_KVANTOVAJa]]/URI$ эффективная константа связи $URI[[http://libmeta.ru/fme/formula/aux/1180_35_KVANTOVAJa]]/URI$ логарифмически падает, то есть в этом пределе К. х. превращается в теорию слабо взаимодействующих между собой кварков и глюонов. Этот факт позволяет использовать улучшенную с помощью аппарата ренормализационной группы (см. [6]) теорию возмущений для надежного нахождения функций Грина в области больших импульсов $URI[[http://libmeta.ru/fme/formula/aux/1180_36_KVANTOVAJa]]/URI$ (то есть когда $URI[[http://libmeta.ru/fme/formula/aux/1180_37_KVANTOVAJa]]/URI$ ), что соответствует на координатном языке малым расстояниям. В отличие от квантовой электродинамики, сама возможность осмысленного применения теории возмущений в К. х. базируется на предварительном использовании соотношений ренормализационной группы. Свойство асимптотич. свободы позволило физически обосновать справедливость партонной картины сильных взаимодействий, в рамках к-рой адроны при определенных условиях можно рассматривать как совокупности почти не взаимодействующих между собой составляющих - партонов.

Как следует из формулы (6), при уменьшении $URI[[http://libmeta.ru/fme/formula/aux/1180_38_KVANTOVAJa]]/URI$ эффективная константа связи $URI[[http://libmeta.ru/fme/formula/aux/1180_39_KVANTOVAJa]]/URI$ растет и $URI[[http://libmeta.ru/fme/formula/aux/1180_40_KVANTOVAJa]]/URI$ при $URI[[http://libmeta.ru/fme/formula/aux/1180_41_KVANTOVAJa]]/URI$, приближающемся к $URI[[http://libmeta.ru/fme/formula/aux/1180_42_KVANTOVAJa]]/URI$. Точное поведение $URI[[http://libmeta.ru/fme/formula/aux/1180_43_KVANTOVAJa]]/URI$ при $URI[[http://libmeta.ru/fme/formula/aux/1180_44_KVANTOVAJa]]/URI$ в настоящее время неизвестно; сама теория возмущений и, следовательно, формула (6) неприменимы в этой области вследствие немалости эффективной константы связи. Во всяком случае, это означает, что в К. х. взаимодействие при малых переданных импульсах, то есть на больших расстояниях, в отличие от квантовой электродинамики, становится сильным, что не позволяет непосредственно использовать лагранжиан (4) для определения наблюдаемого спектра одночастичных состояний в этой теории. Согласно гипотезе конфайнмента, все физич. состояния в К. х. бесцветны, то есть являются синглетами по отношению к цветовой группе $URI[[http://libmeta.ru/fme/formula/aux/1180_45_KVANTOVAJa]]/URI$ (3). Кварки и глюоны, реализуя фундаментальное и, соответственно, присоединенное представления группы $URI[[http://libmeta.ru/fme/formula/aux/1180_46_KVANTOVAJa]]/URI$, не могут существовать в свободном состоянии как физич. частицы. При этом экспериментально наблюдаемые сильно взаимодействующие частицы - адроны - представляют собой бесцветные связанные состояния кварков и глюонов. Одним из следствий гипотезы конфайнмента является естественное объяснение отсутствия дробно заряженных адронов, что подтверждается всей существующей совокупностью экспериментальных данных. В настоящее время строгое доказательство этого явления отсутствует и детальный механизм удержания кварков внутри адронов неясен. Одно из популярных качественных объяснений гипотезы конфайнмента состоит в том, что на больших по сравнению с $URI[[http://libmeta.ru/fme/formula/aux/1180_47_KVANTOVAJa]]/URI$ расстояниях сила притяжения кварка и антикварка друг к другу не зависит от расстояния между ними и, следовательно, потенциальная энергия их взаимодействия пропорциональна этому расстоянию. Именно такое поведение потенциальной энергии было найдено в рамках так наз. решеточного приближения в К. х. (см. URI[[http://libmeta.ru/fme/relation/1180_2_KVANTOVAJa]]/URI).

Опосредованный характер К. х. и трудности с доказательством гипотезы конфайнмента значительно усложняют задачу экспериментальной проверки достоверности этой теории и нахождения значения фундаментального параметра $URI[[http://libmeta.ru/fme/formula/aux/1180_48_KVANTOVAJa]]/URI$. Несмотря на это, к настоящему времени имеется значительное число количественных предсказаний К. х., подтвержденных экспериментально. Большая часть этих результатов получена с помощью теории возмущений. Из предыдущего следует, что теория возмущений К. х. могла бы быть применима для количественного описания так наз. жестких процессов с большим переданным импульсом $URI[[http://libmeta.ru/fme/formula/aux/1180_49_KVANTOVAJa]]/URI$, для к-рых эффективная константа связи $URI[[http://libmeta.ru/fme/formula/aux/1180_50_KVANTOVAJa]]/URI$ достаточно мала. Естественно ожидать, что в итоге должно быть возможным воспроизведение в случае жестких процессов основных результатов кварк-партонной модели и найти к ним поправки, связанные с высшими членами теории возмущений по $URI[[http://libmeta.ru/fme/formula/aux/1180_51_KVANTOVAJa]]/URI$. Главная, до сих пор не решенная окончательно трудность в реализации этой программы заключается в том, что информацию о реальных адронных процессах приходится извлекать из функций Грина кварковых и глюонных полей (возможно, со вставками локальных операторов, составленных из этих полей), рассматриваемых в области больших евклидовых импульсных передач, к-рые лишь и могут надежно вычисляться в рамках теории возмущений. Тем не менее, в нек-рых важных частных случаях, к к-рым относятся, в частности, полное сечение электрон-позитронной аннигиляции в адроны и инклюзивные глубоко-неупругие лептон-адронные реакции, эту проблему можно обойти. В результате оказалось возможным не только обосновать наблюдаемое экспериментально приблизительно автомодельное поведение соответствующих сечений, но и предсказать позднее обнаруженные экспериментально логарифмич. отклонения от этого поведения, возникающие вследствие вкладов высших порядков теории возмущений.

K сожалению, метод операторных разложений непосредственно не применим к рассмотрению более сложных жестких процессов, таких, как рождение $URI[[http://libmeta.ru/fme/formula/aux/1180_52_KVANTOVAJa]]/URI$пар, упругих электромагнитных адронных формфакторов или рождения частиц с большим поперечным импульсом в адронных столкновениях, закономерности асимптотич. поведения к-рых хорошо описываются правилами кваркового счета (см. [7]). В этом случае вместо разложений Вильсона используют прямой анализ диаграмм Фейнмана, дающих вклад в изучаемый процесс. Несмотря на то что такой подход существенно более трудоемок и сталкивается с определенными технич. трудностями, с его помощью также удается подтвердить предсказания кварк-партонной модели и формул кваркового счета и вычислить по крайней мере первый неисчезающий поправочный член порядка $URI[[http://libmeta.ru/fme/formula/aux/1180_53_KVANTOVAJa]]/URI$ для жестких процессов. Во всех случаях, в к-рых предсказания К. х. для жестких процессов сравнивались с экспериментальными данными, наблюдалось взаимное согласие. При этом определяемое в разных процессах значение масштабного параметра $URI[[http://libmeta.ru/fme/formula/aux/1180_54_KVANTOVAJa]]/URI$ оказывается лежащим в относительно узком интервале: $URI[[http://libmeta.ru/fme/formula/aux/1180_55_KVANTOVAJa]]/URI$ Мэв (если принять во внима- ние существование эффектов высших порядков и так наз. эффектов высших твистов, то есть членов $URI[[http://libmeta.ru/fme/formula/aux/1180_56_KVANTOVAJa]]/URI$, подавленных степенным образом по сравнению с ведущими.

Важную роль в теоретич. изучении К. х. и ее экспериментальных следствий играют непертурбативные (то есть выходящие за рамки обычной теории возмущений по константе кварк-глюонной связи $URI[[http://libmeta.ru/fme/formula/aux/1180_57_KVANTOVAJa]]/URI$ ) методы, такие как правила сумм квантовой хромодинамики, $URI[[http://libmeta.ru/fme/formula/aux/1180_58_KVANTOVAJa]]/URI$-разложение, решеточный и квазиклассич. подходы.

Правила сумм К. х. основаны на использовании кваркадронной дуальности дисперсионных соотношений и операторного разложения на малых расстояниях. В рамках этого подхода статич. параметры низколежащих адронов могут быть приближенно выражены через так наз. в а ку у м ны е ко нд е н с а ты - вакуумные средние калибровочно инвариантных локальных операторов, составленных из кварковых и глюонных полей. Численные значения вакуумных конденсатов рассматриваются как феноменологич. параметры, связанные со сложной структурой физич. вакуума К. х. В обычном подходе, опирающемся на теорию возмущений, эти средние равны нулю. В результате применения правил сумм К. х. оказывается, что массы, электромагнитные и слабые ширины основных мезонных и барионных резонансов могут быть найдены с точностью порядка 20-30\%, исходя всего из двух вакуумных конденсатов кваркового $URI[[http://libmeta.ru/fme/formula/aux/1180_59_KVANTOVAJa]]/URI$ и глюонного $URI[[http://libmeta.ru/fme/formula/aux/1180_60_KVANTOVAJa]]/URI$. Более того, метод правил сумм К. х. в последнее время с успехом используется для изучения электромагнитных формфакторов адронов при малых и умеренных импульсных передачах, то есть при $URI[[http://libmeta.ru/fme/formula/aux/1180_61_KVANTOVAJa]]/URI$ порядка нескольких Гэв/с.

Исследование К. х. в рамках квазиклассич. подхода привело к открытию инстантонов - решений уравнений Янга-Миллса, рассматриваемых в евклидовом пространстве-времени. Учет инстантонов позволяет найти на качественном уровне решение так наз. $URI[[http://libmeta.ru/fme/formula/aux/1180_62_KVANTOVAJa]]/URI$-проблемы (существенно большая масса $URI[[http://libmeta.ru/fme/formula/aux/1180_63_KVANTOVAJa]]/URI$-мезона по сравнению с массой $URI[[http://libmeta.ru/fme/formula/aux/1180_64_KVANTOVAJa]]/URI$-мезона) и естественно объясняет существование глюонного конденсата. Инстантонные решения непосредственно связаны со сложной структурой физич. вакуума в К. х. Дело в том, что функционал потенциальной энергии полей Янга-Миллса имеет бесконечное количество минимумов, получающихся друг из друга калибровочным преобразованием с параметрами $URI[[http://libmeta.ru/fme/formula/aux/1180_65_KVANTOVAJa]]/URI$, неубывающими на пространственной бесконечности, и разделенных потенциальным барьером. Инстантонные решения описывают тунелирование через этот барьер, вероятность к-рого имеет порядок $URI[[http://libmeta.ru/fme/formula/aux/1180_66_KVANTOVAJa]]/URI$. Вакуум К.х. оказывается инвариантным относительно рассматриваемого калибровочного преобразования с точностью до фазового множителя $URI[[http://libmeta.ru/fme/formula/aux/1180_67_KVANTOVAJa]]/URI$. Отличие от нуля параметра $URI[[http://libmeta.ru/fme/formula/aux/1180_68_KVANTOVAJa]]/URI$ можно эффективно учесть с помощью добавления к лагранжиану (4) нового члена, имеющего вид полной дивергенции:

\[
URI[[http://libmeta.ru/fme/formula/main/1180_9_KVANTOVAJa]]/URI
\]

где $URI[[http://libmeta.ru/fme/formula/aux/1180_69_KVANTOVAJa]]/URI$ полностью антисимметричный тензор четвертого ранга с $URI[[http://libmeta.ru/fme/formula/aux/1180_70_KVANTOVAJa]]/URI$. При $URI[[http://libmeta.ru/fme/formula/aux/1180_71_KVANTOVAJa]]/URI$ лагранжиан (7) является Cp-инвариантным. Из ограничения на величину электрич. дипольного момента нейтрона следует, что $URI[[http://libmeta.ru/fme/formula/aux/1180_72_KVANTOVAJa]]/URI$. До сих пор нет окончательного ответа на вопрос о причинах такой малости параметра $URI[[http://libmeta.ru/fme/formula/aux/1180_73_KVANTOVAJa]]/URI$ (проблема $URI[[http://libmeta.ru/fme/formula/aux/1180_74_KVANTOVAJa]]/URI$-сохранения в K. х.).

В рамках решеточного приближения к К. х. основные величины представляются в виде континуальных интегралов, к-рые аппроксимируются повторными интегралами высокой кратности. Последние, в свою очередь, приближенно вычисляются с использованием метода Монте-Карло. Несмотря на нек-рые проблемы, связанные с быстродействием и объемом памяти современных Эвм, и ряд технич. трудностей (корректный учет фермионных степе- ней свободы), к настоящему времени в рамках решеточного подхода получены важные физич. результаты. В частности, с 30\%-й точностью рассчитаны значения масс нек-рых адронов, их констант распада, а также величины кварковых и глюонных конденсатов.

Суть метода $URI[[http://libmeta.ru/fme/formula/aux/1180_75_KVANTOVAJa]]/URI$-разложения состоит в построении новой теории возмущений, использующей величину $URI[[http://libmeta.ru/fme/formula/aux/1180_76_KVANTOVAJa]]/URI$, где $URI[[http://libmeta.ru/fme/formula/aux/1180_77_KVANTOVAJa]]/URI$ - число цветов (в реальном случае $URI[[http://libmeta.ru/fme/formula/aux/1180_78_KVANTOVAJa]]/URI$ ), в качестве малого параметра. Ведущее приближение соответствует формальному переходу $URI[[http://libmeta.ru/fme/formula/aux/1180_79_KVANTOVAJa]]/URI$ в К. х. В этом приближении оказывается возможным при определенных предположениях вывести из К. х. эффективный низкоэнергетичный нелинейный лагранжиан, к-рый совпадает с феноменологич. мезонным лагранжианом, предлагавшимся ранее для описания адронных явлений в области низких энергий. Более того, этот лагранжиан допускает топологически нетривиальные решения - солитоны, причем свойства этих решений позволяют отождествить их с барионами.

Суммируя вышесказанное, можно с большой долей уверенности утверждать, что, несмотря на ряд еще не до конца решенных принципиальных вопросов, все адронные процессы могут быть описаны на основе единого лагранжиана (4) и, следовательно, К. х. является адекватной теорией сильных взаимодействий.

В настоящее время К. х. рассматривается как часть единой теории слабых, электромагнитных и сильных взаимодействий (см. URI[[http://libmeta.ru/fme/relation/1180_1_KVANTOVAJa]]/URI).</text>
  <text_orig>Калибровочная теория сильных взаимодействий, описывающая взаимодействие цветных кварков и глюонов; возникла как результат развития кварковой модели адронов. В 1964 М. Гелл-Ман (M. Gell-Mann) и Г. Цвейг (G. Zweig) предположили, что адроны могут быть построены из гипотетич. фундаментальных частиц - кварков, причем мезоны (адроны с целым спином) являются системами кварков и антикварков, а барионы (адроны с полуцелым спином) - трех кварков или трех антикварков (см. [1]). По современным представлениям, основанным на изучении адронной спектроскопии и анализе экспериментальных данных в рамках объединенной Глэшоу - Вайнберга - Салама модели, должны существовать по меньшей мере шесть различных типов кварков: $u_{-}, d-, s_{-}, c_{-}, b-, t$-кварки. Они обладают спином, равным $1 / 2$, и дробными электрич. зарядами

\[
Q_{u}=Q_{c}=Q_{t}=2 / 3, Q_{d}=Q_{s}=Q_{b}=-1 / 3 .
\]

В настоящее время имеются косвенные экспериментальные свидетельства существования первых пяти типов кварков (то есть наблюдались адроны, содержащие эти кварки). Адроны, включающие в себя $t$-кварк, пока не открыты.

Важнейшим ингредиентом кварковой модели и К. х. является понятие ивета, при определении к-рого постулировано существование у кварков дополнительного квантового числа, принимающего для каждого типа кварков три значе- ния. Другими словами, существуют три $u$-кварка $u_{1}, u_{2}, u_{3}$, три $d$-кварка $d_{1}, d_{2}, d_{3}$ и т. Д. Постулируется, что сильные взаимодействия инвариантны относительно группы цветовой симметрии $S U_{c}(3)$, причем каждый триплет кварков по цвету реализует фундаментальное представление этой группы. Для цветового триплета кварковых полей $q_{i}, i=1,2,3$, соответствующее преобразование записывается в виде

\[
q_{i}(x) \rightarrow q_{i}(x)+i\left(\frac{\Lambda_{a}}{2}\right)_{i, j} \omega^{a} q_{j}(x)
\]

где $a=1, \ldots, 8, \Lambda_{a}$ - матрицы Гелл-Мана (генераторы группы $S U(3)$ ), а $\omega^{a}-$ групповые параметры (для простоты ограничиваются малыми преобразованиями с параметрами $\left.\omega^{a} \ll 1\right)$. Введение цвета позволило, во-первых, рассматривать кварки как подчиняющиеся статистике Ферми - Дирака в соответствии с фундаментальной теоремой квантовой теории поля о связи спина и статистики и, во-вторых, привести в соответствие с экспериментальными данными предсказания кварковой модели для процессов распада $\pi$-мезона на два фотона и электрон-позитронной аннигиляции в адроны.

К. Х. возникает, если предположить, что цветовая симметрия имеет локальный характер, то есть что сильное взаимодействие инвариантно относительно преобразований (1) с параметрами $\omega^{a}(x)$, зависящими от пространственно-временной точки $x$. Это требует введения в дополнение к кварковым полям октета калибровочных Янга - Миллса полей $A_{\mu}^{a}(x), a=1,2, \ldots, 8$, число к-рых равно рангу калибровочной группы, в рассматриваемом случае группы $S U_{c}(3)$. Безмассовые векторные частицы (кванты этих полей) называются гл юо на м и. Инвариантность по отношению к локальным преобразованиям цветовой группы вместе с требованиями перенормируемости однозначно фиксирует вид классич. лагранжиана К. х.:

\[
\mathscr{L}_{\mathrm{K} . \mathrm{x} .}^{c}=-\frac{1}{4} G_{\mu v}^{a} G_{\mu v}^{a}+i \sum_{q=u, d, \ldots} \bar{q}\left(i \gamma_{\mu} D_{\mu}^{i j}-m_{q}\right) q_{j},
\]

где

\[
\begin{gathered}
G_{\mu \nu}^{a}=\partial_{\mu} A_{v}^{q}-\partial_{v} A_{\mu}^{q}+i g f^{a b c} A_{\mu}^{b} A_{v}^{c}, \\
D_{\mu}=\delta^{i j_{\partial}}-i g A_{\mu}^{a}\left(\Lambda^{a}\right)_{i j}
\end{gathered}
\]

- тензор напряженностей глюонного поля, $f^{a b c}-$ структурные константы группы $S U_{c}(3), m_{q}$ - масса кварка типа $q$. Лагранжиан (2) по построению инвариантен относительно локальных калибровочных преобразований кварковых полей (1) и глюоных полей вида:

\[
A_{\mu}^{a}(x) \rightarrow A_{\mu}^{a}(x)+f^{a b c} \omega^{b}(x) A_{\mu}^{c}(x)+\partial_{\mu} \omega^{q}(x) .
\]

Последовательная процедура квантования локально калибровочно инвариантных лагранжианов построена в 1967 Л. Д. Фаддеевым и В. Н. Поповым, а также, независимо, Б. де Виттом. В классе ковариантных $\alpha$-калибровок применение этой процедуры к (1) приводит к эффективному лагранжиану вида:

\[
\mathscr{L}_{\mathrm{K} . \mathrm{x} .}^{\mathrm{eff}}=\mathscr{L}_{\mathrm{K} . \mathrm{x} .}^{c}-\frac{1}{2 \alpha}\left(\partial_{\mu} A_{\mu}^{a}\right)^{2}+\partial_{\mu} \bar{\eta}^{\alpha}\left(\partial_{\mu} \delta^{a c}-f^{a b c} A_{\mu}^{b}\right) \eta^{c} .
\]

По сравнению с квантовой электродинамикой новым элементом здесь являются «ду́хи» - скалярные поля $\bar{\eta}^{a}$ и $\eta^{a}$, подчиняющиеся статистике Ферми-Дирака. Эти поля необходимы для соблюдения условия унитарности в физич. секторе теории. Исходя из эффективного лагранжиана, стандартным образом могут быть введены правила Фейнмана для вычисления соответствующих функций Грина по теории возмущений. Теория, описываемая лагранжианом (4), является перенормируемой (количество независимых перенормировочных констант конечно). Существенную роль в доказательстве этого утверждения играют так наз. Славнова - Тейлора тождества, связывающие различные функции Грина и являющиеся следствием калибровочной инвариантности лагранжиана (2). Перенормированные квантовохромодинамич. функции Грина зависят от кваркглюонной константы связи $\alpha_{s}=g^{2} / 4 \pi$, масс кварков и точки нормировки $\mu$. Зависимость от последней возникает вследствие известной конечной неопределенности в выборе перенормировочных констант (см. [5]).

Примечательной особенностью К. х. является свойство асимптотической свободы: эффективная константа связи $\bar{\alpha}_{s}(\mu)$, подчиняющаяся стандартному уравнению ренормализационной группы

\[
\mu^{2} \frac{d}{d \mu}=\bar{\alpha}_{s}(\mu)=\beta\left(\alpha_{s}\right)
\]

убывает в ультрафиолетовой области. Из явных вычислений функции $\beta\left(\bar{\alpha}_{S}\right)$ в двух первых порядках теории возмущений следует, что

\[
\bar{\alpha}_{s}(\mu)=\frac{12 \pi}{\left(33-2 n_{f}\right) \ln \left(\mu^{2} / \Lambda^{2}\right)}\left(1-\frac{6\left(153-19 n_{f}\right) \ln \left(\ln \left(\mu^{2} / \Lambda^{2}\right)\right)}{\left(33-2 n_{f}\right) \ln ^{2}\left(\mu^{2} / \Lambda^{2}\right)}\right),
\]

где $n_{f}$ - число кварков с массой менышей $\mu, \Lambda-$ так наз. п а ра м е т р шкалы К. х. Физич. смысл $\Lambda$ состоит в том, что числовое значение этого параметра характеризует масштаб области сильной связи в К. х. При выводе формулы (6) полностью игнорировались эффекты масс кварков, то есть рассматривалась идеализированная ситуация, когда влиянием кварков с массой больше $\mu$ полностью пренебрегалось. В этом приближении зависящие от $n_{f}$ члены в формуле (6) меняются дискретным образом, когда пересекаются кварковые пороги. В области болыших импульсных передач $\mu$ эффективная константа связи $\bar{\alpha}_{s}(Q)=\bar{\alpha}_{3}(\mu=0)$ логарифмически падает, то есть в этом пределе К. х. превращается в теорию слабо взаимодействующих между собой кварков и глюонов. Этот факт позволяет использовать улучшенную с помощью аппарата ренормализационной группы (см. [6]) теорию возмущений для надежного нахождения функций Грина в области больших импульсов $Q$ (то есть когда $\alpha_{s}(Q)&lt;c$ ), что соответствует на координатном языке малым расстояниям. В отличие от квантовой электродинамики, сама возможность осмысленного применения теории возмущений в К. х. базируется на предварительном использовании соотношений ренормализационной группы. Свойство асимптотич. свободы позволило физически обосновать справедливость партонной картины сильных взаимодействий, в рамках к-рой адроны при определенных условиях можно рассматривать как совокупности почти не взаимодействующих между собой составляющих - партонов.

Как следует из формулы (6), при уменьшении $Q$ эффективная константа связи $\bar{\alpha}_{s}(Q)$ растет и $\geqslant 1$ при $Q$, приближаюшемся к $\Lambda$. Точное поведение $\bar{\alpha}_{S}(Q)$ при $Q \leqslant \Lambda$ в настоящее время неизвестно; сама теория возмущений и, следовательно, формула (6) неприменимы в этой области вследствие немалости эффективной константы связи. Во всяком случае, это означает, что в К. х. взаимодействие при малых переданных импульсах, то есть на болыших расстояниях, в отличие от квантовой электродинамики, становится сильным, что не позволяет непосредственно использовать лагранжиан (4) для определения наблюдаемого спектра одночастичных состояний в этой теории. Согласно гипотезе конфайнмента, все физич. состояния в К. х. бесцветны, то есть являются синглетами по отношению к цветовой группе $S U_{c}$ (3). Кварки и глюоны, реализуя фундаментальное и, соответственно, присоединенное представления группы $S U_{c}(3)$, не могут существовать в свободном состоянии как физич. частицы. При этом экспериментально наблюдаемые сильно взаимодействующие частицы - адроны - представляют собой бесцветные связанные состояния кварков и глюонов. Одним из следствий гипотезы конфайнмента является естественное объяснение отсутствия дробно заряженных адронов, что подтверждается всей существующей совокупностью экспериментальных данных. В настоящее время строгое доказательство этого явления отсутствует и детальный механизм удержания кварков внутри адронов неясен. Одно из популярных качественных объяснений гипотезы конфайнмента состоит в том, что на больших по сравнению с $\hbar c / \Lambda$ расстояниях сила притяжения кварка и антикварка друг к другу не зависит от расстояния между ними и, следовательно, потенциальная энергия их взаимодействия пропорциональна этому расстоянию. Именно такое поведение потенциальной энергии было найдено в рамках так наз. решеточного приближения в К. х. (см. Вильсона критерий конфайнмента).

Опосредованный характер К. х. и трудности с доказательством гипотезы конфайнмента значительно усложняют задачу экспериментальной проверки достоверности этой теории и нахождения значения фундаментального параметра $\Lambda$. Несмотря на это, к настоящему времени имеется значительное число количественных предсказаний К. х., подтвержденных экспериментально. Большая часть этих результатов получена с помощью теории возмущений. Из предыдущего следует, что теория возмущений К. х. могла бы быть применима для количественного описания так наз. жестких процессов с большим переданным импульсом $Q$, для к-рых эффективная константа связи $\bar{\alpha}_{s}(Q)$ достаточно мала. Естественно ожидать, что в итоге должно быть возможным воспроизведение в случае жестких процессов основных результатов кварк-партонной модели и найти к ним поправки, связанные с высшими членами теории возмушений по $\bar{\alpha}_{s}$. Главная, до сих пор не решенная окончательно трудность в реализации этой программы заключается в том, что информацию о реальных адронных процессах приходится извлекать из функций Грина кварковых и глюонных полей (возможно, со вставками локальных операторов, составленных из этих полей), рассматриваемых в области болыших евклидовых импульсных передач, к-рые лишь и могут надежно вычисляться в рамках теории возмущений. Тем не менее, в нек-рых важных частных случаях, к к-рым относятся, в частности, полное сечение электрон-позитронной аннигиляции в адроны и инклюзивные глубоко-неупругие лептон-адронные реакции, эту проблему можно обойти. В результате оказалось возможным не только обосновать наблюдаемое экспериментально приблизительно автомодельное поведение соответствующих сечений, но и предсказать позднее обнаруженные экспериментально логарифмич. отклонения от этого поведения, возникающие вследствие вкладов высших порядков теории возмущений.

K сожалению, метод операторных разложений непосредственно не применим к рассмотрению более сложных жестких процессов, таких, как рождение $\mu^{+} \mu^{-}$пар, упругих электромагнитных адронных формфакторов или рождения частиц с большим поперечным импульсом в адронных столкновениях, закономерности асимптотич. поведения к-рых хорошо описываются правилами кваркового счета (см. [7]). В этом случае вместо разложений Вильсона используют прямой анализ диаграмм Фейнмана, даюших вклад в изучаемый процесс. Несмотря на то что такой подход сушественно более трудоемок и сталкивается с определенными технич. трудностями, с его помощью также удается подтвердить предсказания кварк-партонной модели и формул кваркового счета и вычислить по крайней мере первый неисчезающий поправочный член порядка $\bar{\alpha}_{s}$ для жестких процессов. Во всех случаях, в к-рых предсказания К. х. для жестких процессов сравнивались с экспериментальными данными, наблюдалось взаимное согласие. При этом определяемое в разных процессах значение масштабного параметра $\Lambda$ оказывается лежащим в относительно узком интервале: $\Lambda=100 \div 300$ МэВ (если принять во внима- ние сушествование эффектов высших порядков и так наз. эффектов высших твистов, то есть членов $\sim\left(\frac{\Delta}{Q}\right)^{n}$, подавленных степенным образом по сравнению с ведущими.

Важную роль в теоретич. изучении К. х. и ее экспериментальных следствий играют непертурбативные (то есть выходящие за рамки обычной теории возмущений по константе кварк-глюонной связи $\alpha_{s}$ ) методы, такие как правила сумм квантовой хромодинамики, $1 / N_{c}$-разложение, решеточный и квазиклассич. подходы.

Правила сумм К. х. основаны на использовании кваркадронной дуальности дисперсионных соотношений и операторного разложения на малых расстояниях. В рамках этого подхода статич. параметры низколежащих адронов могут быть приближенно выражены через так наз. в а ку у м ны е ко нд е н с а ты - вакуумные средние калибровочно инвариантных локальных операторов, составленных из кварковых и глюонных полей. Численные значения вакуумных конденсатов рассматриваются как феноменологич. параметры, связанные со сложной структурой физич. вакуума К. х. В обычном подходе, опираюшемся на теорию возмущений, эти средние равны нулю. В результате применения правил сумм К. х. оказывается, что массы, электромагнитные и слабые ширины основных мезонных и барионных резонансов могут быть найдены с точностью порядка 20-30\%, исходя всего из двух вакуумных конденсатов кваркового $\langle\vec{q}, q\rangle$ и глюонного $\left\langle G_{\mu \nu}^{a}, G_{\mu \nu}^{a}\right\rangle$. Более того, метод правил сумм К. х. в последнее время с успехом используется для изучения электромагнитных формфакторов адронов при малых и умеренных импульсных передачах, то есть при $Q$ порядка нескольких ГэВ/с.

Исследование К. х. в рамках квазиклассич. подхода привело к открытию инстантонов - решений уравнений Янга-Миллса, рассматриваемых в евклидовом пространстве-времени. Учет инстантонов позволяет найти на качественном уровне решение так наз. $U(1)$-проблемы (существенно большая масса $\eta^{\prime}$-мезона по сравнению с массой $\pi$-мезона) и естественно объясняет существование глюонного конденсата. Инстантонные решения непосредственно связаны со сложной структурой физич. вакуума в К. х. Дело в том, что функционал потенциальной энергии полей Янга-Миллса имеет бесконечное количество минимумов, получающихся друг из друга калибровочным преобразованием с параметрами $\omega^{a}(x)$, неубывающими на пространственной бесконечности, и разделенных потенциальным барьером. Инстантонные решения описывают тунелирование через этот барьер, вероятность к-рого имеет порядок $\sim e^{-4 \pi / \alpha_{s}}$. Вакуум К.х. оказывается инвариантным относительно рассматриваемого калибровочного преобразования с точностью до фазового множителя $e^{i \theta}$. Отличие от нуля параметра $\theta$ можно эффективно учесть с помощью добавления к лагранжиану (4) нового члена, имеющего вид полной дивергенции:

\[
\mathscr{L}_{\mathrm{K} . \mathrm{x} .}=\mathscr{L}_{\mathrm{K} . \mathrm{x} .}^{\mathrm{eff}}+i \theta G_{\mu \nu}^{a} G_{\alpha \beta}^{a} \varepsilon_{\mu \nu \alpha \beta},
\]

где $\varepsilon_{\mu v \alpha \beta}-$ полностью антисимметричный тензор четвертого ранга с $\varepsilon_{0123}=-1$. При $\theta \neq 0$ лагранжиан (7) является CP-инвариантным. Из ограничения на величину электрич. дипольного момента нейтрона следует, что $|\theta| \leqslant 10^{-9}$. До сих пор нет окончательного ответа на вопрос о причинах такой малости параметра $\theta$ (проблема $C P$-сохранения в K. х.).

В рамках решеточного приближения к К. х. основные величины представляются в виде континуальных интегралов, к-рые аппроксимируются повторными интегралами высокой кратности. Последние, в свою очередь, приближенно вычисляются с использованием метода Монте-Карло. Несмотря на нек-рые проблемы, связанные с быстродействием и объемом памяти современных ЭВМ, и ряд технич. трудностей (корректный учет фермионных степе- ней свободы), к настояшему времени в рамках решеточного подхода получены важные физич. результаты. В частности, с 30\%-й точностью рассчитаны значения масс нек-рых адронов, их констант распада, а также величины кварковых и глюонных конденсатов.

Суть метода $1 / N_{c}$-разложения состоит в построении новой теории возмущений, использующей величину $1 / N_{c}$, где $N_{c}$ - число цветов (в реальном случае $N_{c}=3$ ), в качестве малого параметра. Ведущее приближение соответствует формальному переходу $N_{c} \rightarrow \infty$ в К. х. В этом приближении оказывается возможным при определенных предположениях вывести из К. х. эффективный низкоэнергетичный нелинейный лагранжиан, к-рый совпадает с феноменологич. мезонным лагранжианом, предлагавшимся ранее для описания адронных явлений в области низких энергий. Более того, этот лагранжиан допускает топологически нетривиальные решения - солитоны, причем свойства этих решений позволяют отождествить их с барионами.

Суммируя вышесказанное, можно с большой долей уверенности утверждать, что, несмотря на ряд еще не до конца решенных принципиальных вопросов, все адронные процессы могут быть описаны на основе единого лагранжиана (4) и, следовательно, К. х. является адекватной теорией сильных взаимодействий.

В настоящее время К. х. рассматривается как часть единой теории слабых, электромагнитных и сильных взаимодействий (см. Великое объединение взаимодействий).

Jum.: [1] Ge11 - Mann M., «Phys. Lett.», 1964, v. 8, p. 214-15; [2] Боголюбов Н. Н., Струминский Б. В., Тавхелидз е А. Н., К вопросу о составных моделях в теории элементарных частиц, Дубна, 1965; [3] Богол юбов Н. Н. [и др.], Релятивистски-инвариантные уравнения для составных частиц и формфакторы, Дубна, 1965; [4] H a n M., N a mbu Y., «Phys. Rev.», 1965, v. 139, p. 1006-10; [5] Stueckelberg E., Petermann A., &quot;Helv. phys. acta», 1953, v. 26, p. 499-520; [6] Боголюбов Н. Н., Ши рко в Д. В., “Доклады АН СССР», 1955, т. 103, с. 391-94; [7] Matveev V., Muradyan R., Tavkhelidze A., «Lett. Nuovo Cim.», 1973, v. 7, p. 719-23. К. Г. Четыркин.</text_orig>
</article>
