<?xml version="1.0" ?>
<article uri="http://libmeta.ru/fme/article/1181_KVANTOVAJa" alphabetic_pos="1183">
  <title>КВАНТОВАЯ ХРОМОДИНАМИКА; ПРАВИЛА СУММ</title>
  <authors>
    <author>A. Л. Катаев</author>
  </authors>
  <pages>
    <start>253</start>
    <end>254</end>
  </pages>
  <literature>
    <literature_orig>Jum.: [1] Logunov A. A., Soloviev L. D., Tavkhelidze A. N., &quot;phys. Lett.», 1967, v. 24 B, p. 181-82; [2] D ol e n R., Horn D., Schmid C., &quot;phys. Rev.», 1968, v. 166, p. 1768-81; [3] Гер а с и м о в С. Б., в сб.: Векторные мезоны и электромагнитные взаимодействия, Дубна, 1969, с. 367-85; [4] C h e t y r k in K. G., Krasnikov N. V., Tavkhelidze A. N., &quot;phys. Lett.», 1978, v. 7b, p. 83-84; [5] Sh ifman M.A., Vainsthe in A. I., Zakharov V.I., «nucl. Phys.», 1979, v. B147, p. 385-447; [6] Wils o n K., «phys. Rev.», 1969, v. 179, p. 1499-1512.</literature_orig>
    <unit>
      <author>Logunov A. A.</author>
      <author>Soloviev L. D.</author>
      <author>Tavkhelidze A. N.</author>
      <title>&quot;phys. Lett.»</title>
      <publication/>
      <year>1967</year>
      <other>v. 24 B, p. 181-82</other>
    </unit>
    <unit>
      <author>Dolen R.</author>
      <author>Horn D.</author>
      <author>Schmid C.</author>
      <title>&quot;phys. Rev.»</title>
      <publication/>
      <year>1968</year>
      <other>v. 166, p. 1768-81</other>
    </unit>
    <unit>
      <author>Герасимов С. Б.</author>
      <title>в сб.: Векторные мезоны и электромагнитные взаимодействия, Дубна</title>
      <publication/>
      <year>1969</year>
      <other>с. 367-85</other>
    </unit>
    <unit>
      <author>Chetyrkin K. G.</author>
      <author>Krasnikov N. V.</author>
      <author>Tavkhelidze A. N.</author>
      <title>&quot;phys. Lett.»</title>
      <publication/>
      <year>1978</year>
      <other>v. 7b, p. 83-84</other>
    </unit>
    <unit>
      <author>Shifman M. A.</author>
      <author>Vainsthein A. I.</author>
      <author>Zakharov V. I.</author>
      <title>«nucl. Phys.»</title>
      <publication/>
      <year>1979</year>
      <other>v. B147, p. 385-447</other>
    </unit>
    <unit>
      <author>Wilson K.</author>
      <title>«phys. Rev.»</title>
      <publication/>
      <year>1969</year>
      <other>v. 179, p. 1499-1512.</other>
    </unit>
  </literature>
  <formulas_main/>
  <formulas_aux/>
  <relations n="0"/>
  <text>метод изучения сильных взаимодействий, широко применяющийся для определения динамических характеристик адронов, таких как массы, лептонные ширины распадов, формфакторы и т. д. Их вывод опирается на использование дисперсионных соотношений, информацию о структуре спектра низколежащих адронных состояний, а также о поведении амплитуд рассеяния и сечений взаимодействия элементарных и составных частиц при высоких энергиях. Правила сумм имеют вид интегральных соотношений, связывающих между собой теоретич. выражения для спектральных плотностей в дисперсионных соотношениях с поведением в физич. области энергий соответствующих им физич. спектральных плотностей. Теоретич. спектральные плотности правил сумм определяются мнимыми частями вычисляемых в пространственноподобной области энергий функций Грина от составных операторов, интерполирующих рассматриваемые адронные состояния. Физич. спектральные плотности правил сумм параметризуются либо наблюдаемым поведением сечений рассматриваемых процессов, либо суммой резонансных вкладов в данном канале, из к-рых выделяются доминирующие низшие состояния. Правила сумм позволяют установить взаимосвязь между фундаментальными параметрами теории и динамич. характеристиками частиц и их взаимодействий.

Важное значение для создания правил сумм имели правила сумм при конечных энергиях (см. [1]), впервые примененные в теории сильных взаимодействий для установления взаимосвязи процессов рассеяния адронов в прямом и перекрестном каналах. В рамках этого подхода поведение амплитуды рассеяния адронов при высоких энергиях представлялось в виде сумм вкладов от различных полюсов Редже. Развитие идей этого метода позволило сформулиро- вать гипотезу дуальности сильных взаимодействий (см. [2]), К-рая означает интегральную эквивалентность суммы резонансных вкладов в прямой канал реакции и представления той же амплитуды в виде сумм полюсов Редже в кросс-каналах.

В случае К. х. эта гипотеза эквивалентна утверждению о том, что, несмотря на различие в поведении теоретич. и физич. спектральных плотностей в резонансной области, имеет место приближенное совпадение интегралов от них, причем интегрирование проводится по достаточно большому интервалу энергий с выбранными определенным образом весовыми функциями (так наз. г и п о т е за г л о 6 а л ь но й ду а л ь н с т и). Наряду с гипотезой глобальной дуальности существует и более сильная гипотеза локальной дуальности (см. [3]), к-рая предполагает справедливость правила сумм при конечных энергиях при интегрировании по отдельно взятым резонансам.

В К. х. правила сумм при конечных энергиях успешно использовались для исследования процесса электрон-позитронной аннигиляции в адроны (см. [4]), причем асимптотич. поведение соответствующей амплитуды - коррелятора двух электромагнитных токов - определялось с помощью теории возмущений.

Важным свойством правила сумм в К. х. является возможность учета в теоретич. выражении для функций Грина степенных поправок к их ведущему асимптотич. поведению (см. [5]). Учет производится с помощью метода операторного разложения Вильсона на малых расстояниях (см. [6]). Вклады больших расстояний, на к-рых теория возмущений неприменима, параметризуются полуфеноменологич. образом путем введения дополнительных параметров К.х. отличных от нуля вакуумных матричных элементов от составных операторов, построенных из кварковых и глюонных полей и называемых в а у ум ным и ко нде н с а та м и (см. [5]). Взаимодействие кварков и глюонов с вакуумными конденсатами характеризуется вычисляемыми по теории возмущений коэффициентными функциями соответствующих операторов. Таким образом, метод правил сумм опирается на идею о разделении (факторизации) вкладов больших и малых расстояний. Значение глюонного конденсата было впервые определено (см. [5]) из анализа экспериментальных данных по электрон-позитронной аннигиляции методом правила сумм после применения преобразования Лапласа.

Значение метода правила сумм для физики элементарных частиц состоит в том, что с его помощью удается обойти трудности количественного описания явления удержания кварков и глюонов внутри адронов (конфайнмента) и оказывается возможным непосредственно связать экспериментальные данные о спектрах и свойствах адронов с фундаментальными параметрами теории, входящими в лагранжиан К. х., и свойствами физич. вакуума.</text>
  <text_orig>метод изучения сильных взаимодействий, широко применяющийся для определения динамических характеристик адронов, таких как массы, лептонные ширины распадов, формфакторы и т. д. Их вывод опирается на использование дисперсионных соотношений, информацию о структуре спектра низколежащих адронных состояний, а также о поведении амплитуд рассеяния и сечений взаимодействия элементарных и составных частиц при высоких энергиях. Правила сумм имеют вид интегральных соотношений, связывающих между собой теоретич. выражения для спектральных плотностей в дисперсионных соотношениях с поведением в физич. области энергий соответствующих им физич. спектральных плотностей. Теоретич. спектральные плотности правил сумм определяются мнимыми частями вычисляемых в пространственноподобной области энергий функций Грина от составных операторов, интерполирующих рассматриваемые адронные состояния. Физич. спектральные плотности правил сумм параметризуются либо наблюдаемым поведением сечений рассматриваемых процессов, либо суммой резонансных вкладов в данном канале, из к-рых выделяются доминирующие низшие состояния. Правила сумм позволяют установить взаимосвязь между фундаментальными параметрами теории и динамич. характеристиками частиц и их взаимодействий.

Важное значение для создания правил сумм имели правила сумм при конечных энергиях (см. [1]), впервые примененные в теории сильных взаимодействий для установления взаимосвязи процессов рассеяния адронов в прямом и перекрестном каналах. В рамках этого подхода поведение амплитуды рассеяния адронов при высоких энергиях представлялось в виде сумм вкладов от различных полюсов Редже. Развитие идей этого метода позволило сформулиро- вать гипотезу дуальности сильных взаимодействий (см. [2]), К-рая означает интегральную эквивалентность суммы резонансных вкладов в прямой канал реакции и представления той же амплитуды в виде сумм полюсов Редже в кросс-каналах.

В случае К. х. эта гипотеза эквивалентна утверждению о том, что, несмотря на различие в поведении теоретич. и физич. спектральных плотностей в резонансной области, имеет место приближенное совпадение интегралов от них, причем интегрирование проводится по достаточно большому интервалу энергий с выбранными определенным образом весовыми функциями (так наз. г и п о т е за г л о 6 а л ь но й ду а л ь н с т и). Наряду с гипотезой глобальной дуальности существует и более сильная гипотеза локальной дуальности (см. [3]), к-рая предполагает справедливость правила сумм при конечных энергиях при интегрировании по отдельно взятым резонансам.

В К. х. правила сумм при конечных энергиях успешно использовались для исследования процесса электрон-позитронной аннигиляции в адроны (см. [4]), причем асимптотич. поведение соответствующей амплитуды - коррелятора двух электромагнитных токов - определялось с помощью теории возмущений.

Важным свойством правила сумм в К. х. является возможность учета в теоретич. выражении для функций Грина степенных поправок к их ведущему асимптотич. поведению (см. [5]). Учет производится с помощью метода операторного разложения Вильсона на малых расстояниях (см. [6]). Вклады больших расстояний, на к-рых теория возмущений неприменима, параметризуются полуфеноменологич. образом путем введения дополнительных параметров К.х. отличных от нуля вакуумных матричных элементов от составных операторов, построенных из кварковых и глюонных полей и называемых в а у ум ным и ко нде н с а та м и (см. [5]). Взаимодействие кварков и глюонов с вакуумными конденсатами характеризуется вычисляемыми по теории возмущений коэффициентными функциями соответствующих операторов. Таким образом, метод правил сумм опирается на идею о разделении (факторизации) вкладов болыших и малых расстояний. Значение глюонного конденсата было впервые определено (см. [5]) из анализа экспериментальных данных по электрон-позитронной аннигиляции методом правила сумм после применения преобразования Лапласа.

Значение метода правила сумм для физики элементарных частиц состоит в том, что с его помощью удается обойти трудности количественного описания явления удержания кварков и глюонов внутри адронов (конфайнмента) и оказывается возможным непосредственно связать экспериментальные данные о спектрах и свойствах адронов с фундаментальными параметрами теории, входящими в лагранжиан К. х., и свойствами физич. вакуума.

Jum.: [1] Logunov A. A., Soloviev L. D., Tavkhelidze A. N., &quot;Phys. Lett.», 1967, v. 24 B, p. 181-82; [2] D ol e n R., Horn D., Schmid C., &quot;Phys. Rev.», 1968, v. 166, p. 1768-81; [3] Гер а с и м о в С. Б., в сб.: Векторные мезоны и электромагнитные взаимодействия, Дубна, 1969, с. 367-85; [4] C h e t y r k in K. G., Krasnikov N. V., Tavkhelidze A. N., &quot;Phys. Lett.», 1978, v. 7B, p. 83-84; [5] Sh ifman M.A., Vainsthe in A. I., Zakharov V.I., «Nucl. Phys.», 1979, v. B147, p. 385-447; [6] Wils o n K., «Phys. Rev.», 1969, v. 179, p. 1499-1512. A. Л. Катаев.</text_orig>
</article>
