<?xml version="1.0" ?>
<article uri="http://libmeta.ru/fme/article/1184_KVANTOVAJa" alphabetic_pos="1186">
  <title>КВАНТОВАЯ ЭНТРОПИЯ</title>
  <authors>
    <author>А. В. Булинский</author>
  </authors>
  <pages>
    <start>256</start>
    <end>256</end>
  </pages>
  <literature>
    <literature_orig/>
  </literature>
  <formulas_main>
    <formula uri="http://libmeta.ru/fme/formula/main/1184_1_KVANTOVAJa">S(\omega)=-k \operatorname{Tr}\left(\rho_{\omega} \log \rho_{\omega}\right)</formula>
    <formula uri="http://libmeta.ru/fme/formula/main/1184_2_KVANTOVAJa">\rho_{\omega}=\sum_{n} p_{n}\left|p_{n}\right\rangle\left\langle p_{n}\right|, \quad p_{n} \geqslant 0</formula>
    <formula uri="http://libmeta.ru/fme/formula/main/1184_3_KVANTOVAJa">S(\omega)=-\sum_{n} p_{n} \log p_{n} \in[0,+\infty]</formula>
    <formula uri="http://libmeta.ru/fme/formula/main/1184_4_KVANTOVAJa">s(\omega)=\lim _{V \rightarrow \infty} S\left(\rho_{V} /|V|\right)&lt;\infty,</formula>
  </formulas_main>
  <formulas_aux>
    <formula uri="http://libmeta.ru/fme/formula/aux/1184_1_KVANTOVAJa">\omega</formula>
    <formula uri="http://libmeta.ru/fme/formula/aux/1184_2_KVANTOVAJa">\rho_{\omega}</formula>
    <formula uri="http://libmeta.ru/fme/formula/aux/1184_3_KVANTOVAJa">a</formula>
    <formula uri="http://libmeta.ru/fme/formula/aux/1184_4_KVANTOVAJa">\mathscr{b}(h)</formula>
    <formula uri="http://libmeta.ru/fme/formula/aux/1184_5_KVANTOVAJa">h</formula>
    <formula uri="http://libmeta.ru/fme/formula/aux/1184_6_KVANTOVAJa">\omega(a)=\operatorname{tr}\left(\rho_{\omega} A\right)-</formula>
    <formula uri="http://libmeta.ru/fme/formula/aux/1184_7_KVANTOVAJa">a</formula>
    <formula uri="http://libmeta.ru/fme/formula/aux/1184_8_KVANTOVAJa">\omega</formula>
    <formula uri="http://libmeta.ru/fme/formula/aux/1184_9_KVANTOVAJa">\rho_{\omega} \in \mathscr{B}(H)</formula>
    <formula uri="http://libmeta.ru/fme/formula/aux/1184_10_KVANTOVAJa">\operatorname{tr} \rho_{\omega}=\sum_{n} p_{n}=1</formula>
    <formula uri="http://libmeta.ru/fme/formula/aux/1184_11_KVANTOVAJa">h=1</formula>
    <formula uri="http://libmeta.ru/fme/formula/aux/1184_12_KVANTOVAJa">0 \cdot \log 0=0</formula>
    <formula uri="http://libmeta.ru/fme/formula/aux/1184_13_KVANTOVAJa">\omega</formula>
    <formula uri="http://libmeta.ru/fme/formula/aux/1184_14_KVANTOVAJa">\mathscr{b}(h)</formula>
    <formula uri="http://libmeta.ru/fme/formula/aux/1184_15_KVANTOVAJa">\operatorname{dim} H \leqslant \infty</formula>
    <formula uri="http://libmeta.ru/fme/formula/aux/1184_16_KVANTOVAJa">\omega</formula>
    <formula uri="http://libmeta.ru/fme/formula/aux/1184_17_KVANTOVAJa">\rho_{v}</formula>
    <formula uri="http://libmeta.ru/fme/formula/aux/1184_18_KVANTOVAJa">\omega</formula>
    <formula uri="http://libmeta.ru/fme/formula/aux/1184_19_KVANTOVAJa">v</formula>
    <formula uri="http://libmeta.ru/fme/formula/aux/1184_20_KVANTOVAJa">c^{*}-</formula>
    <formula uri="http://libmeta.ru/fme/formula/aux/1184_21_KVANTOVAJa">w^{*}</formula>
  </formulas_aux>
  <relations n="0"/>
  <text>понятие, обобщающее понятие энтропии Больцмана и Гиббса, введенное Дж. Нейманом (j. Neumann, 1927). Формула

\[
URI[[http://libmeta.ru/fme/formula/main/1184_1_KVANTOVAJa]]/URI
\]

задает энтропию состояния $URI[[http://libmeta.ru/fme/formula/aux/1184_1_KVANTOVAJa]]/URI$ с матрицей плотности $URI[[http://libmeta.ru/fme/formula/aux/1184_2_KVANTOVAJa]]/URI$. B формализме Неймана ограниченным наблюдаемым физич. системы отвечают самосопряженные элементы $URI[[http://libmeta.ru/fme/formula/aux/1184_3_KVANTOVAJa]]/URI$ алгебры $URI[[http://libmeta.ru/fme/formula/aux/1184_4_KVANTOVAJa]]/URI$ всех ограниченных линейных операторов в гильбертовом пространстве $URI[[http://libmeta.ru/fme/formula/aux/1184_5_KVANTOVAJa]]/URI$ и $URI[[http://libmeta.ru/fme/formula/aux/1184_6_KVANTOVAJa]]/URI$ среднее значение $URI[[http://libmeta.ru/fme/formula/aux/1184_7_KVANTOVAJa]]/URI$ в состоянии $URI[[http://libmeta.ru/fme/formula/aux/1184_8_KVANTOVAJa]]/URI$. Если

\[
URI[[http://libmeta.ru/fme/formula/main/1184_2_KVANTOVAJa]]/URI
\]

- разложение по собственным функциям оператора плотности $URI[[http://libmeta.ru/fme/formula/aux/1184_9_KVANTOVAJa]]/URI$ со следом $URI[[http://libmeta.ru/fme/formula/aux/1184_10_KVANTOVAJa]]/URI$, то (в системе единиц, где постоянная Больцмана $URI[[http://libmeta.ru/fme/formula/aux/1184_11_KVANTOVAJa]]/URI$ )

\[
URI[[http://libmeta.ru/fme/formula/main/1184_3_KVANTOVAJa]]/URI
\]

где $URI[[http://libmeta.ru/fme/formula/aux/1184_12_KVANTOVAJa]]/URI$. К. э. характеризует информацию, заключенную в состоянии $URI[[http://libmeta.ru/fme/formula/aux/1184_13_KVANTOVAJa]]/URI$. К. э. не является наблюдаемой, это функционал на множестве состояний системы. Среди основных свойств К. э. как математич. объекта (неотрицательность, вогнутость, полунепрерывность и др.) важна для приложений сильная субаддитивность, установленная позже других при помощи нек-рого свойства вогнутости и связана с исследованием квантовой относительной энтропии. Можно аксиоматически задать К. э. ее свойствами.

В квантовой статистич. физике, изучающей обладающие термодинамич. поведением бесконечные системы, применимость (1) ограничивается тем, что алгебры $URI[[http://libmeta.ru/fme/formula/aux/1184_14_KVANTOVAJa]]/URI$ с $URI[[http://libmeta.ru/fme/formula/aux/1184_15_KVANTOVAJa]]/URI$ используются для описания конечных подсистем. Для широкого класса моделей по аналогии с классич. статистич. механикой можно ввести плотность энтропии (среднюю энтропию) трансляционно инвариантного состояния $URI[[http://libmeta.ru/fme/formula/aux/1184_16_KVANTOVAJa]]/URI$ как нек-рый предел

\[
URI[[http://libmeta.ru/fme/formula/main/1184_4_KVANTOVAJa]]/URI
\]

где матрица плотности $URI[[http://libmeta.ru/fme/formula/aux/1184_17_KVANTOVAJa]]/URI$ отвечает сужению $URI[[http://libmeta.ru/fme/formula/aux/1184_18_KVANTOVAJa]]/URI$ на подсистему в конечном объеме $URI[[http://libmeta.ru/fme/formula/aux/1184_19_KVANTOVAJa]]/URI$.

В математич. теории классич. энтропии, в эргодич. теории классич. динамич. систем (с дискретным временем) важную роль играют инвариант Колмогорова-Синая, метрическая (динамическая) энтропия. Есть разные подходы к построению ее квантового аналога. Так, напр., можно опираться на свойства относительной К. э., тем же методом вводится энтропия для состояний на гиперфинитных $URI[[http://libmeta.ru/fme/formula/aux/1184_20_KVANTOVAJa]]/URI$ и $URI[[http://libmeta.ru/fme/formula/aux/1184_21_KVANTOVAJa]]/URI$-алгебрах, применяемых в квантовой статистич. механике.</text>
  <text_orig>понятие, обобщающее понятие энтропии Больцмана и Гиббса, введенное Дж. Нейманом (J. Neumann, 1927). Формула

\[
S(\omega)=-k \operatorname{Tr}\left(\rho_{\omega} \log \rho_{\omega}\right)
\]

задает энтропию состояния $\omega$ с матрицей плотности $\rho_{\omega}$. B формализме Неймана ограниченным наблюдаемым физич. системы отвечают самосопряженные элементы $A$ алгебры $\mathscr{B}(H)$ всех ограниченных линейных операторов в гильбертовом пространстве $H$ и $\omega(A)=\operatorname{Tr}\left(\rho_{\omega} A\right)-$ среднее значение $A$ в состоянии $\omega$. Если

\[
\rho_{\omega}=\sum_{n} p_{n}\left|p_{n}\right\rangle\left\langle p_{n}\right|, \quad p_{n} \geqslant 0
\]

- разложение по собственным функциям оператора плотности $\rho_{\omega} \in \mathscr{B}(H)$ со следом $\operatorname{Tr} \rho_{\omega}=\sum_{n} p_{n}=1$, то (в системе единиц, где постоянная Больцмана $h=1$ )

\[
S(\omega)=-\sum_{n} p_{n} \log p_{n} \in[0,+\infty]
\]

где $0 \cdot \log 0=0$. К. э. характеризует информацию, заключенную в состоянии $\omega$. К. э. не является наблюдаемой, это функционал на множестве состояний системы. Среди основных свойств К. э. каК математич. объекта (неотрицательность, вогнутость, полунепрерывность и др.) важна для приложений сильная субаддитивность, установленная позже других при помощи нек-рого свойства вогнутости и связана с исследованием квантовой относительной энтропии. Можно аксиоматически задать К. э. ее свойствами.

В квантовой статистич. физике, изучающей обладающие термодинамич. поведением бесконечные системы, применимость (1) ограничивается тем, что алгебры $\mathscr{B}(H)$ с $\operatorname{dim} H \leqslant \infty$ используются для описания конечных подсистем. Для широкого класса моделей по аналогии с классич. статистич. механикой можно ввести плотность энтропии (среднюю энтропию) трансляционно инвариантного состояния $\omega$ как нек-рый предел

\[
s(\omega)=\lim _{V \rightarrow \infty} S\left(\rho_{V} /|V|\right)&lt;\infty,
\]

где матрица плотности $\rho_{V}$ отвечает сужению $\omega$ на подсистему в конечном объеме $V$.

В математич. теории классич. энтропии, в эргодич. теории классич. динамич. систем (с дискретным временем) важную роль играют инвариант Колмогорова-Синая, метрическая (динамическая) энтропия. Есть разные подходы к построению ее квантового аналога. Так, напр., можно опираться на свойства относительной К. э., тем же методом вводится энтропия для состояний на гиперфинитных $C^{*}-$ и $W^{*}$-алгебрах, применяемых в квантовой статистич. механике.

А. В. Булинский.</text_orig>
</article>
