<?xml version="1.0" ?>
<article uri="http://libmeta.ru/fme/article/1185_KVANTOVOE" alphabetic_pos="1187">
  <title>КВАНТОВОЕ БРОУНОВСКОЕ ДВИЖЕНИЕ</title>
  <authors/>
  <pages>
    <start>256</start>
    <end>256</end>
  </pages>
  <literature>
    <literature_orig/>
  </literature>
  <formulas_main/>
  <formulas_aux/>
  <relations n="1">
    <relation uri="http://libmeta.ru/fme/relation/1185_1_KVANTOVOE">
      <rel_text>Квантовое стохастическое исчисление</rel_text>
      <target>http://libmeta.ru/fme/article/1191_KVANTOVOE</target>
    </relation>
  </relations>
  <text>см. URI[[http://libmeta.ru/fme/relation/1185_1_KVANTOVOE]]/URI.</text>
  <text_orig>см. Квантовое стохастическое исчисление.</text_orig>
</article>
