<?xml version="1.0" ?>
<article uri="http://libmeta.ru/fme/article/1186_KVANTOVOE" alphabetic_pos="1188">
  <title>КВАНТОВОЕ ГОМОЛОГИЧЕСКОЕ УРАВНЕНИЕ</title>
  <authors>
    <author>Ю. М. Воробьев</author>
  </authors>
  <pages>
    <start>256</start>
    <end>256</end>
  </pages>
  <literature>
    <literature_orig>Jum.: [1] We in ste in A., &quot;duke Math. J.», 1977, v. 44, p. 883-92; [2] Карасев М. В., Маслов В. П., «успехи математич. наук», 1984, т. 39, в. 6, с. 115-73; [3] Арн ольд В. И., Дополнительные главы теории обыкновенных дифференциальных уравнений, М., $1978 . \quad$</literature_orig>
    <unit>
      <author>Weinstein A.</author>
      <title>&quot;duke Math. J.»</title>
      <publication/>
      <year>1977</year>
      <other>v. 44, p. 883-92</other>
    </unit>
    <unit>
      <author>Карасев М. В.</author>
      <author>Маслов В. П.</author>
      <title>«успехи математич. наук»</title>
      <publication/>
      <year>1984</year>
      <other>т. 39, в. 6, с. 115-73</other>
    </unit>
    <unit>
      <author>Арнольд В. И.</author>
      <title>Дополнительные главы теории обыкновенных дифференциальных уравнений</title>
      <publication>М.</publication>
      <year>1978</year>
      <other/>
    </unit>
  </literature>
  <formulas_main>
    <formula uri="http://libmeta.ru/fme/formula/main/1186_1_KVANTOVOE">[H, C]=L-\underline{L}</formula>
  </formulas_main>
  <formulas_aux>
    <formula uri="http://libmeta.ru/fme/formula/aux/1186_1_KVANTOVOE">c</formula>
    <formula uri="http://libmeta.ru/fme/formula/aux/1186_2_KVANTOVOE">h</formula>
    <formula uri="http://libmeta.ru/fme/formula/aux/1186_3_KVANTOVOE">l-</formula>
    <formula uri="http://libmeta.ru/fme/formula/aux/1186_4_KVANTOVOE">l-</formula>
    <formula uri="http://libmeta.ru/fme/formula/aux/1186_5_KVANTOVOE">h</formula>
    <formula uri="http://libmeta.ru/fme/formula/aux/1186_6_KVANTOVOE">(h \rightarrow 0)</formula>
  </formulas_aux>
  <relations n="0"/>
  <text>уравнение для фазы $URI[[http://libmeta.ru/fme/formula/aux/1186_1_KVANTOVOE]]/URI$ усредняющего оператора:

\[
URI[[http://libmeta.ru/fme/formula/main/1186_1_KVANTOVOE]]/URI
\]

где $URI[[http://libmeta.ru/fme/formula/aux/1186_2_KVANTOVOE]]/URI$ - невозмущенный гамильтониан, $URI[[http://libmeta.ru/fme/formula/aux/1186_3_KVANTOVOE]]/URI$ возмущающий оператор, $URI[[http://libmeta.ru/fme/formula/aux/1186_4_KVANTOVOE]]/URI$ секулярный гамильтониан. Если $URI[[http://libmeta.ru/fme/formula/aux/1186_5_KVANTOVOE]]/URI$ является функцией от квантовых операторов действия и отсутствуют резонансы, то уравнение (1) разрешимо (см. [1], [2]) и в классич. пределе $URI[[http://libmeta.ru/fme/formula/aux/1186_6_KVANTOVOE]]/URI$ уравнение (1) переходит в гомологич. уравнение Пуанкаре (см. [3]).</text>
  <text_orig>уравнение для фазы $C$ усредняющего оператора:

\[
[H, C]=L-\underline{L}
\]

где $H$ - невозмущенный гамильтониан, $L-$ возмущающий оператор, $L-$ секулярный гамильтониан. Если $H$ является функцией от квантовых операторов действия и отсутствуют резонансы, то уравнение (1) разрешимо (см. [1], [2]) и в классич. пределе $(h \rightarrow 0)$ уравнение (1) переходит в гомологич. уравнение Пуанкаре (см. [3]).

Jum.: [1] We in ste in A., &quot;Duke Math. J.», 1977, v. 44, p. 883-92; [2] Карасев М. В., Маслов В. П., «Успехи математич. наук», 1984, т. 39, в. 6, с. 115-73; [3] Арн ольд В. И., Дополнительные главы теории обыкновенных дифференциальных уравнений, М., $1978 . \quad$ Ю. М. Воробьев.</text_orig>
</article>
