<?xml version="1.0" ?>
<article uri="http://libmeta.ru/fme/article/1187_KVANTOVOE" alphabetic_pos="1189">
  <title>КВАНТОВОЕ ЕВКЛИДОВО ПОЛЕ</title>
  <authors/>
  <pages>
    <start>256</start>
    <end>256</end>
  </pages>
  <literature>
    <literature_orig/>
  </literature>
  <formulas_main/>
  <formulas_aux/>
  <relations n="1">
    <relation uri="http://libmeta.ru/fme/relation/1187_1_KVANTOVOE">
      <rel_text>Евклидово квантовое поле</rel_text>
      <target>http://libmeta.ru/fme/article/1187_KVANTOVOE</target>
    </relation>
  </relations>
  <text>см. URI[[http://libmeta.ru/fme/relation/1187_1_KVANTOVOE]]/URI.</text>
  <text_orig>см. Евклидово квантовое поле.</text_orig>
</article>
