<?xml version="1.0" ?>
<article uri="http://libmeta.ru/fme/article/1189_KVANTOVOE" alphabetic_pos="1191">
  <title>КВАНТОВОЕ НЕЛИНЕЙНОЕ УРАВНЕНИЕ ШРЕДИНГЕРА</title>
  <authors/>
  <pages>
    <start>258</start>
    <end>258</end>
  </pages>
  <literature>
    <literature_orig/>
  </literature>
  <formulas_main/>
  <formulas_aux/>
  <relations n="1">
    <relation uri="http://libmeta.ru/fme/relation/1189_1_KVANTOVOE">
      <rel_text>Нелинейное уравнение Шредингера</rel_text>
      <target>http://libmeta.ru/fme/article/1907_NELINEJNOE</target>
    </relation>
  </relations>
  <text>см. URI[[http://libmeta.ru/fme/relation/1189_1_KVANTOVOE]]/URI.</text>
  <text_orig>см. Нелинейное уравнение Шредингера.</text_orig>
</article>
