<?xml version="1.0" ?>
<article uri="http://libmeta.ru/fme/article/118_ASIMPTOTIChESKOE" alphabetic_pos="118">
  <title>АСИМПТОТИЧЕСКОЕ РАЗЛОЖЕНИЕ</title>
  <authors/>
  <pages>
    <start>36</start>
    <end>36</end>
  </pages>
  <literature>
    <literature_orig/>
  </literature>
  <formulas_main>
    <formula uri="http://libmeta.ru/fme/formula/main/118_1_ASIMPTOTIChESKOE">E \supset \ldots \supset E_{k} \supset E_{k+1} \supset E_{k+2} \supset \ldots,</formula>
    <formula uri="http://libmeta.ru/fme/formula/main/118_2_ASIMPTOTIChESKOE">e \sim \sum_{k=k_{0}}^{\infty} e_{k}</formula>
  </formulas_main>
  <formulas_aux>
    <formula uri="http://libmeta.ru/fme/formula/aux/118_1_ASIMPTOTIChESKOE">e</formula>
    <formula uri="http://libmeta.ru/fme/formula/aux/118_2_ASIMPTOTIChESKOE">a</formula>
    <formula uri="http://libmeta.ru/fme/formula/aux/118_3_ASIMPTOTIChESKOE">e</formula>
    <formula uri="http://libmeta.ru/fme/formula/aux/118_4_ASIMPTOTIChESKOE">e_{k} \in E_{k}, \quad e \equiv \sum_{k=k_{0}}^{n} e_{k}\left(\bmod E_{n+1}\right)</formula>
    <formula uri="http://libmeta.ru/fme/formula/aux/118_5_ASIMPTOTIChESKOE">e-\sum_{k=k_{0}}^{n} e_{k} \in E_{n+1}</formula>
    <formula uri="http://libmeta.ru/fme/formula/aux/118_6_ASIMPTOTIChESKOE">e_{\infty}=</formula>
    <formula uri="http://libmeta.ru/fme/formula/aux/118_7_ASIMPTOTIChESKOE">=\bigcap_{k=-\infty}^{\infty} E_{k}</formula>
    <formula uri="http://libmeta.ru/fme/formula/aux/118_8_ASIMPTOTIChESKOE">\begin{array}{ll}\text { (большому) параметру. } &amp; \text { Б. Ю. Стернин, В. Е. Шаталов. }\end{array}</formula>
  </formulas_aux>
  <relations n="0"/>
  <text>эл Р М нта $URI[[http://libmeta.ru/fme/formula/aux/118_1_ASIMPTOTIChESKOE]]/URI$ $URI[[http://libmeta.ru/fme/formula/aux/118_2_ASIMPTOTIChESKOE]]/URI$-модуля $URI[[http://libmeta.ru/fme/formula/aux/118_3_ASIMPTOTIChESKOE]]/URI$, ассоциированное с фильтрацией

\[
URI[[http://libmeta.ru/fme/formula/main/118_1_ASIMPTOTIChESKOE]]/URI
\]

- (формальный) ряд

\[
URI[[http://libmeta.ru/fme/formula/main/118_2_ASIMPTOTIChESKOE]]/URI
\]

для которого $URI[[http://libmeta.ru/fme/formula/aux/118_4_ASIMPTOTIChESKOE]]/URI$; последнее означает, что $URI[[http://libmeta.ru/fme/formula/aux/118_5_ASIMPTOTIChESKOE]]/URI$. Элементы модуля $URI[[http://libmeta.ru/fme/formula/aux/118_6_ASIMPTOTIChESKOE]]/URI$ $URI[[http://libmeta.ru/fme/formula/aux/118_7_ASIMPTOTIChESKOE]]/URI$ называются асимптотически нуле вы ми элементами. Примерами А. р. являются А. р. по гладкости (см. Асимптотика по гладкости) и А. р. по малому $URI[[http://libmeta.ru/fme/formula/aux/118_8_ASIMPTOTIChESKOE]]/URI$</text>
  <text_orig>эл Р М нта $e$ $A$-модуля $E$, ассоциированное с фильтрацией

\[
E \supset \ldots \supset E_{k} \supset E_{k+1} \supset E_{k+2} \supset \ldots,
\]

- (формальный) ряд

\[
e \sim \sum_{k=k_{0}}^{\infty} e_{k}
\]

для которого $e_{k} \in E_{k}, \quad e \equiv \sum_{k=k_{0}}^{n} e_{k}\left(\bmod E_{n+1}\right)$; последнее означает, что $e-\sum_{k=k_{0}}^{n} e_{k} \in E_{n+1}$. Элементы модуля $E_{\infty}=$ $=\bigcap_{k=-\infty}^{\infty} E_{k}$ называются асимптотически нуле вы ми элементами. Примерами А. р. являются А. р. по гладкости (см. Асимптотика по гладкости) и А. р. по малому $\begin{array}{ll}\text { (большому) параметру. } &amp; \text { Б. Ю. Стернин, В. Е. Шаталов. }\end{array}$</text_orig>
</article>
