<?xml version="1.0" ?>
<article uri="http://libmeta.ru/fme/article/1190_KVANTOVOE" alphabetic_pos="1192">
  <title>КВАНТОВОЕ СЛОЖЕНИЕ МОМЕНТОВ</title>
  <authors>
    <author>В. С. Попов</author>
  </authors>
  <pages>
    <start>258</start>
    <end>259</end>
  </pages>
  <literature>
    <literature_orig>Лит.: [1] Кондон Е., Шортли Г., Теория атомных спектров, пер. с англ., М., 1949; [2] Собельман И. И., Введение в теорию атомных спектров, 2 изд., М., $1977 . \quad$</literature_orig>
    <unit>
      <author>Кондон Е.</author>
      <author>Шортли Г.</author>
      <title>Теория атомных спектров</title>
      <publication>пер. с англ., М.</publication>
      <year>1949</year>
      <other/>
    </unit>
    <unit>
      <author>Собельман И. И.</author>
      <title>Введение в теорию атомных спектров</title>
      <publication>2 изд., М.</publication>
      <year>1977</year>
      <other/>
    </unit>
  </literature>
  <formulas_main>
    <formula uri="http://libmeta.ru/fme/formula/main/1190_1_KVANTOVOE">j^{2}=\hbar^{2} j(j+1), j_{z}=\hbar m,</formula>
    <formula uri="http://libmeta.ru/fme/formula/main/1190_2_KVANTOVOE">\sum_{j=\left|j_{1}-j_{2}\right|}^{j_{1}+j_{2}}(2 j+1)=\left(2 j_{1}+1\right)\left(2 j_{2}+1\right) .</formula>
    <formula uri="http://libmeta.ru/fme/formula/main/1190_3_KVANTOVOE">D^{\left(j_{1}\right)} \otimes D^{\left(j_{2}\right)}=D^{\left(j_{1}+j_{2}\right)}+D^{\left(j_{1}+j_{2}-1\right)}+\ldots+D^{\left(\left(j_{1}-j_{2} \mid\right)\right.}</formula>
    <formula uri="http://libmeta.ru/fme/formula/main/1190_4_KVANTOVOE">\boldsymbol{J}=\boldsymbol{j}_{1}+\boldsymbol{j}_{2}+\ldots+\boldsymbol{j}_{N}</formula>
    <formula uri="http://libmeta.ru/fme/formula/main/1190_5_KVANTOVOE">L=\sum_{i} l_{i}, \quad S=\sum_{i} s_{i},</formula>
  </formulas_main>
  <formulas_aux>
    <formula uri="http://libmeta.ru/fme/formula/aux/1190_1_KVANTOVOE">j^{2}=\left(j_{1}+j_{2}\right)^{2}</formula>
    <formula uri="http://libmeta.ru/fme/formula/aux/1190_2_KVANTOVOE">\hat{j}_{z}</formula>
    <formula uri="http://libmeta.ru/fme/formula/aux/1190_3_KVANTOVOE">\left(\boldsymbol{j}_{1}, \boldsymbol{j}_{2}-\right.</formula>
    <formula uri="http://libmeta.ru/fme/formula/aux/1190_4_KVANTOVOE">)</formula>
    <formula uri="http://libmeta.ru/fme/formula/aux/1190_5_KVANTOVOE">j</formula>
    <formula uri="http://libmeta.ru/fme/formula/aux/1190_6_KVANTOVOE">j=j_{1}+j_{2}, j_{1}+j_{2}-1, \ldots,\left|j_{1}-j_{2}\right|</formula>
    <formula uri="http://libmeta.ru/fme/formula/aux/1190_7_KVANTOVOE">m=j, j-1, \ldots,-j\left(j_{1}, m_{1}\right.</formula>
    <formula uri="http://libmeta.ru/fme/formula/aux/1190_8_KVANTOVOE">j_{2}, m_{2}-</formula>
    <formula uri="http://libmeta.ru/fme/formula/aux/1190_9_KVANTOVOE">j</formula>
    <formula uri="http://libmeta.ru/fme/formula/aux/1190_10_KVANTOVOE">(j, m)</formula>
    <formula uri="http://libmeta.ru/fme/formula/aux/1190_11_KVANTOVOE">\left(d^{\left(j_{1}\right)} \otimes D^{\left(j_{2}\right)}\right)</formula>
    <formula uri="http://libmeta.ru/fme/formula/aux/1190_12_KVANTOVOE">s O(3)</formula>
    <formula uri="http://libmeta.ru/fme/formula/aux/1190_13_KVANTOVOE">j</formula>
    <formula uri="http://libmeta.ru/fme/formula/aux/1190_14_KVANTOVOE">j_{1}</formula>
    <formula uri="http://libmeta.ru/fme/formula/aux/1190_15_KVANTOVOE">j_{2}</formula>
    <formula uri="http://libmeta.ru/fme/formula/aux/1190_16_KVANTOVOE">\boldsymbol{j}</formula>
    <formula uri="http://libmeta.ru/fme/formula/aux/1190_17_KVANTOVOE">\boldsymbol{j}=\boldsymbol{l}+\boldsymbol{s}</formula>
    <formula uri="http://libmeta.ru/fme/formula/aux/1190_18_KVANTOVOE">l=0,1,2, \ldots</formula>
    <formula uri="http://libmeta.ru/fme/formula/aux/1190_19_KVANTOVOE">s=1 / 2</formula>
    <formula uri="http://libmeta.ru/fme/formula/aux/1190_20_KVANTOVOE">n</formula>
    <formula uri="http://libmeta.ru/fme/formula/aux/1190_21_KVANTOVOE">j=j_{1}+j_{2}+\ldots+j_{n}</formula>
    <formula uri="http://libmeta.ru/fme/formula/aux/1190_22_KVANTOVOE">d^{\left(j_{1}\right)} \otimes D^{\left(j_{2}\right)} \otimes \ldots \otimes D^{\left(j_{N}\right)}</formula>
    <formula uri="http://libmeta.ru/fme/formula/aux/1190_23_KVANTOVOE">l S</formula>
    <formula uri="http://libmeta.ru/fme/formula/aux/1190_24_KVANTOVOE">\boldsymbol{l}</formula>
    <formula uri="http://libmeta.ru/fme/formula/aux/1190_25_KVANTOVOE">\boldsymbol{s}</formula>
    <formula uri="http://libmeta.ru/fme/formula/aux/1190_26_KVANTOVOE">\boldsymbol{j}</formula>
    <formula uri="http://libmeta.ru/fme/formula/aux/1190_27_KVANTOVOE">і j</formula>
    <formula uri="http://libmeta.ru/fme/formula/aux/1190_28_KVANTOVOE">i</formula>
    <formula uri="http://libmeta.ru/fme/formula/aux/1190_29_KVANTOVOE">\boldsymbol{j}_{i}=\boldsymbol{l}_{i}+\boldsymbol{s}_{i}</formula>
    <formula uri="http://libmeta.ru/fme/formula/aux/1190_30_KVANTOVOE">\boldsymbol{j}</formula>
    <formula uri="http://libmeta.ru/fme/formula/aux/1190_31_KVANTOVOE">l S</formula>
    <formula uri="http://libmeta.ru/fme/formula/aux/1190_32_KVANTOVOE">z</formula>
    <formula uri="http://libmeta.ru/fme/formula/aux/1190_33_KVANTOVOE">l S</formula>
    <formula uri="http://libmeta.ru/fme/formula/aux/1190_34_KVANTOVOE">j</formula>
    <formula uri="http://libmeta.ru/fme/formula/aux/1190_35_KVANTOVOE">j_{z}</formula>
    <formula uri="http://libmeta.ru/fme/formula/aux/1190_36_KVANTOVOE">l_{i}</formula>
    <formula uri="http://libmeta.ru/fme/formula/aux/1190_37_KVANTOVOE">l</formula>
    <formula uri="http://libmeta.ru/fme/formula/aux/1190_38_KVANTOVOE">s</formula>
    <formula uri="http://libmeta.ru/fme/formula/aux/1190_39_KVANTOVOE">l S</formula>
    <formula uri="http://libmeta.ru/fme/formula/aux/1190_40_KVANTOVOE">j_{i}</formula>
    <formula uri="http://libmeta.ru/fme/formula/aux/1190_41_KVANTOVOE">j</formula>
    <formula uri="http://libmeta.ru/fme/formula/aux/1190_42_KVANTOVOE">\psi_{j m}</formula>
    <formula uri="http://libmeta.ru/fme/formula/aux/1190_43_KVANTOVOE">\psi_{j_{1} m_{1}}</formula>
    <formula uri="http://libmeta.ru/fme/formula/aux/1190_44_KVANTOVOE">\psi_{j_{2} m_{2}}</formula>
  </formulas_aux>
  <relations n="0"/>
  <text>сложение моментов (орбитальных, спиновых, полных) независимых частиц (или систем - атомов, молекул и т. д.) по законам квантовой механики. Применяется также название в е кторное сложе ни е моментов. В случае двух частиц задача состоит в определении спектра возможных собственных значений оператора квадрата суммарного момента $URI[[http://libmeta.ru/fme/formula/aux/1190_1_KVANTOVOE]]/URI$ и его проекции $URI[[http://libmeta.ru/fme/formula/aux/1190_2_KVANTOVOE]]/URI$ на фиксированную ось и соответствующих собственных функций $URI[[http://libmeta.ru/fme/formula/aux/1190_3_KVANTOVOE]]/URI$ операторы моментов частиц 1,2$URI[[http://libmeta.ru/fme/formula/aux/1190_4_KVANTOVOE]]/URI$. Спектр имеет вид

\[
URI[[http://libmeta.ru/fme/formula/main/1190_1_KVANTOVOE]]/URI
\] где квантовое число суммарного момента $URI[[http://libmeta.ru/fme/formula/aux/1190_5_KVANTOVOE]]/URI$ может принимать значения $URI[[http://libmeta.ru/fme/formula/aux/1190_6_KVANTOVOE]]/URI$, а его проекции $URI[[http://libmeta.ru/fme/formula/aux/1190_7_KVANTOVOE]]/URI$ и $URI[[http://libmeta.ru/fme/formula/aux/1190_8_KVANTOVOE]]/URI$ квантовые числа моментов частиц 1 и 2 и их проекций). При этом каждое из возможных значений $URI[[http://libmeta.ru/fme/formula/aux/1190_9_KVANTOVOE]]/URI$ встречается только один раз, что легко подтверждается подсчетом общего числа квантовых состояний $URI[[http://libmeta.ru/fme/formula/aux/1190_10_KVANTOVOE]]/URI$ :

\[
URI[[http://libmeta.ru/fme/formula/main/1190_2_KVANTOVOE]]/URI
\]

На математич. языке рассматриваемая задача соответствует разложению прямого (тензорного) произведения двух неприводимых представлений $URI[[http://libmeta.ru/fme/formula/aux/1190_11_KVANTOVOE]]/URI$ группы вращений трехмерного пространства $URI[[http://libmeta.ru/fme/formula/aux/1190_12_KVANTOVOE]]/URI$ на неприводимые компоненты, что символически записывается в виде

\[
URI[[http://libmeta.ru/fme/formula/main/1190_3_KVANTOVOE]]/URI
\]

(ряд Клебша-Гордана). Все значения $URI[[http://libmeta.ru/fme/formula/aux/1190_13_KVANTOVOE]]/URI$ либо целые (когда $URI[[http://libmeta.ru/fme/formula/aux/1190_14_KVANTOVOE]]/URI$ и $URI[[http://libmeta.ru/fme/formula/aux/1190_15_KVANTOVOE]]/URI$ одновременно целые или полуцелые), либо полуцелые (когда один из складываемых моментов целый, а другой полуцелый). В частности, для отдельного электрона в атоме $URI[[http://libmeta.ru/fme/formula/aux/1190_16_KVANTOVOE]]/URI$ всегда полуцелое: $URI[[http://libmeta.ru/fme/formula/aux/1190_17_KVANTOVOE]]/URI$, где квантовое число орбитального момента $URI[[http://libmeta.ru/fme/formula/aux/1190_18_KVANTOVOE]]/URI$, а спинового: $URI[[http://libmeta.ru/fme/formula/aux/1190_19_KVANTOVOE]]/URI$.

Сложение произвольного числа $URI[[http://libmeta.ru/fme/formula/aux/1190_20_KVANTOVOE]]/URI$ моментов

\[
URI[[http://libmeta.ru/fme/formula/main/1190_4_KVANTOVOE]]/URI
\]

может быть выполнено последовательным применением операции (1). В частности, наибольшее значение $URI[[http://libmeta.ru/fme/formula/aux/1190_21_KVANTOVOE]]/URI$ имеет кратность, равную единице (то есть встречается в разложении прямого произведения $URI[[http://libmeta.ru/fme/formula/aux/1190_22_KVANTOVOE]]/URI$ только один раз).

В теории атомов применяются следующие схемы сложения моментов: 1) связ в Р асселла-Саунде рса ( $URI[[http://libmeta.ru/fme/formula/aux/1190_23_KVANTOVOE]]/URI$-с в я з ь), в к-рой сначала складываются орбитальные и спиновые моменты отдельных электронов:

\[
URI[[http://libmeta.ru/fme/formula/main/1190_5_KVANTOVOE]]/URI
\]

а затем $URI[[http://libmeta.ru/fme/formula/aux/1190_24_KVANTOVOE]]/URI$ и $URI[[http://libmeta.ru/fme/formula/aux/1190_25_KVANTOVOE]]/URI$ складываются в полный момент атома $URI[[http://libmeta.ru/fme/formula/aux/1190_26_KVANTOVOE]]/URI$; 2) $URI[[http://libmeta.ru/fme/formula/aux/1190_27_KVANTOVOE]]/URI$-с в я з b, в к-рой орбитальный и спиновый моменты $URI[[http://libmeta.ru/fme/formula/aux/1190_28_KVANTOVOE]]/URI$-го электрона складываются в полный момент электрона $URI[[http://libmeta.ru/fme/formula/aux/1190_29_KVANTOVOE]]/URI$, после чего полный момент атома $URI[[http://libmeta.ru/fme/formula/aux/1190_30_KVANTOVOE]]/URI$ определяется по формуле (4). Условием применимости $URI[[http://libmeta.ru/fme/formula/aux/1190_31_KVANTOVOE]]/URI$-связи является малость релятивистских взаимодействий по сравнению с электростатическим (кулоновским), поэтому она хорошо работает в легких атомах. По мере увеличения атомного номера $URI[[http://libmeta.ru/fme/formula/aux/1190_32_KVANTOVOE]]/URI$ роль релятивистских эффектов возрастает и происходит переход от $URI[[http://libmeta.ru/fme/formula/aux/1190_33_KVANTOVOE]]/URI$-связи к jj-связи (однако в чистом виде последний тип связи фактически не встречается даже в самых тяжелых атомах).

Следует подчеркнуть, что только $URI[[http://libmeta.ru/fme/formula/aux/1190_34_KVANTOVOE]]/URI$ и $URI[[http://libmeta.ru/fme/formula/aux/1190_35_KVANTOVOE]]/URI$ - строго сохраняющиеся величины (соответствующие операторы коммутируют с гамильтонианом), в то время как $URI[[http://libmeta.ru/fme/formula/aux/1190_36_KVANTOVOE]]/URI$, $URI[[http://libmeta.ru/fme/formula/aux/1190_37_KVANTOVOE]]/URI$ и $URI[[http://libmeta.ru/fme/formula/aux/1190_38_KVANTOVOE]]/URI$ в схеме $URI[[http://libmeta.ru/fme/formula/aux/1190_39_KVANTOVOE]]/URI$-связи, $URI[[http://libmeta.ru/fme/formula/aux/1190_40_KVANTOVOE]]/URI$ в схеме $URI[[http://libmeta.ru/fme/formula/aux/1190_41_KVANTOVOE]]/URI$-связи сохраняются лишь приближенно.

Для построения волновой функции $URI[[http://libmeta.ru/fme/formula/aux/1190_42_KVANTOVOE]]/URI$, отвечающей собственным значениям (1), из волновых функций отдельных частиц $URI[[http://libmeta.ru/fme/formula/aux/1190_43_KVANTOVOE]]/URI$ и $URI[[http://libmeta.ru/fme/formula/aux/1190_44_KVANTOVOE]]/URI$ используются Клебша-Гордана коэффициенты.</text>
  <text_orig>сложение моментов (орбитальных, спиновых, полных) независимых частиц (или систем - атомов, молекул и т. д.) по законам квантовой механики. Применяется также название в е кторное сложе ни е моментов. В случае двух частиц задача состоит в определении спектра возможных собственных значений оператора квадрата суммарного момента $j^{2}=\left(j_{1}+j_{2}\right)^{2}$ и его проекции $\hat{j}_{z}$ на фиксированную ось и соответствующих собственных функщий $\left(\boldsymbol{j}_{1}, \boldsymbol{j}_{2}-\right.$ операторы моментов частиц 1,2$)$. Спектр имеет вид

\[
j^{2}=\hbar^{2} j(j+1), j_{z}=\hbar m,
\] где квантовое число суммарного момента $j$ может принимать значения $j=j_{1}+j_{2}, j_{1}+j_{2}-1, \ldots,\left|j_{1}-j_{2}\right|$, а его проекции $m=j, j-1, \ldots,-j\left(j_{1}, m_{1}\right.$ и $j_{2}, m_{2}-$ квантовые числа моментов частиц 1 и 2 и их проекций). При этом каждое из возможных значений $j$ встречается только один раз, что легко подтверждается подсчетом общего числа квантовых состояний $(j, m)$ :

\[
\sum_{j=\left|j_{1}-j_{2}\right|}^{j_{1}+j_{2}}(2 j+1)=\left(2 j_{1}+1\right)\left(2 j_{2}+1\right) .
\]

На математич. языке рассматриваемая задача соответствует разложению прямого (тензорного) произведения двух неприводимых представлений $\left(D^{\left(j_{1}\right)} \otimes D^{\left(j_{2}\right)}\right)$ группы вращений трехмерного пространства $S O(3)$ на неприводимые компоненты, что символически записывается в виде

\[
D^{\left(j_{1}\right)} \otimes D^{\left(j_{2}\right)}=D^{\left(j_{1}+j_{2}\right)}+D^{\left(j_{1}+j_{2}-1\right)}+\ldots+D^{\left(\left(j_{1}-j_{2} \mid\right)\right.}
\]

(ряд Клебша-Гордана). Все значения $j$ либо целые (когда $j_{1}$ и $j_{2}$ одновременно целые или полуцелые), либо полуцелые (когда один из складываемых моментов целый, а другой полуцелый). В частности, для отдельного электрона в атоме $\boldsymbol{j}$ всегда полуцелое: $\boldsymbol{j}=\boldsymbol{l}+\boldsymbol{s}$, где квантовое число орбитального момента $l=0,1,2, \ldots$, а спинового: $s=1 / 2$.

Сложение произвольного числа $N$ моментов

\[
\boldsymbol{J}=\boldsymbol{j}_{1}+\boldsymbol{j}_{2}+\ldots+\boldsymbol{j}_{N}
\]

может быть выполнено последовательным применением операции (1). В частности, наибольшее значение $J=j_{1}+j_{2}+\ldots+j_{N}$ имеет кратность, равную единице (то есть встречается в разложении прямого произведения $D^{\left(j_{1}\right)} \otimes D^{\left(j_{2}\right)} \otimes \ldots \otimes D^{\left(j_{N}\right)}$ только один раз).

В теории атомов применяются следующие схемы сложения моментов: 1) связ в Р асселла-Саунде рса ( $L S$-с в я з ь), в к-рой сначала складываются орбитальные и спиновые моменты отдельных электронов:

\[
L=\sum_{i} l_{i}, \quad S=\sum_{i} s_{i},
\]

а затем $\boldsymbol{L}$ и $\boldsymbol{S}$ складываются в полный момент атома $\boldsymbol{J}$; 2) $і j$-с в я з b, в к-рой орбитальный и спиновый моменты $i$-го электрона складываются в полный момент электрона $\boldsymbol{j}_{i}=\boldsymbol{l}_{i}+\boldsymbol{s}_{i}$, после чего полный момент атома $\boldsymbol{J}$ определяется по формуле (4). Условием применимости $L S$-связи является малость релятивистских взаимодействий по сравнению с электростатическим (кулоновским), поэтому она хорошо работает в легких атомах. По мере увеличения атомного номера $Z$ роль релятивистских эффектов возрастает и происходит переход от $L S$-связи к jj-связи (однако в чистом виде последний тип связи фактически не встречается даже в самых тяжелых атомах).

Следует подчеркнуть, что только $J$ и $J_{z}$ - строго сохраняющиеся величины (соответствующие операторы коммутируют с гамильтонианом), в то время как $l_{i}$, $L$ и $S$ в схеме $L S$-связи, $j_{i}$ в схеме $j$-связи сохраняются лишь приближенно.

Для построения волновой функции $\psi_{j m}$, отвечающей собственным значениям (1), из волновых функций отдельных частиц $\psi_{j_{1} m_{1}}$ и $\psi_{j_{2} m_{2}}$ используются Клебша-Гордана коэффициенты.

Лит.: [1] Кондон Е., Шортли Г., Теория атомных спектров, пер. с англ., М., 1949; [2] Собельман И. И., Введение в теорию атіомных спектров, 2 изд., М., $1977 . \quad$ В. С. Попов.</text_orig>
</article>
