<?xml version="1.0" ?>
<article uri="http://libmeta.ru/fme/article/1194_KVANTOVOE" alphabetic_pos="1196">
  <title>КВАНТОВОЕ УСЛОВИЕ ДЕТАЛЬНОГО РАВНОВЕСИЯ ДЛЯ ДИНАМИЧЕСКОЙ ПОЛУГРУППЫ $\left(\gamma_{t}\right)_{t \in \mathbb{R}^{+}}$</title>
  <authors>
    <author>А. В. Булинский</author>
  </authors>
  <pages>
    <start>260</start>
    <end>260</end>
  </pages>
  <literature>
    <literature_orig/>
  </literature>
  <formulas_main>
    <formula uri="http://libmeta.ru/fme/formula/main/1194_1_KVANTOVOE">\omega\left(L_{h}(X) Y\right)=-\omega\left(X L_{h}(Y)\right)</formula>
    <formula uri="http://libmeta.ru/fme/formula/main/1194_2_KVANTOVOE">\omega\left(L_{d}(X) Y\right)=\omega\left(X L_{d}(Y)\right)</formula>
  </formulas_main>
  <formulas_aux>
    <formula uri="http://libmeta.ru/fme/formula/aux/1194_1_KVANTOVOE">s</formula>
    <formula uri="http://libmeta.ru/fme/formula/aux/1194_2_KVANTOVOE">r</formula>
    <formula uri="http://libmeta.ru/fme/formula/aux/1194_3_KVANTOVOE">s+r</formula>
    <formula uri="http://libmeta.ru/fme/formula/aux/1194_4_KVANTOVOE">r</formula>
    <formula uri="http://libmeta.ru/fme/formula/aux/1194_5_KVANTOVOE">l</formula>
    <formula uri="http://libmeta.ru/fme/formula/aux/1194_6_KVANTOVOE">\gamma_{t}</formula>
    <formula uri="http://libmeta.ru/fme/formula/aux/1194_7_KVANTOVOE">s</formula>
    <formula uri="http://libmeta.ru/fme/formula/aux/1194_8_KVANTOVOE">\mathfrak{l}=\mathscr{b}(h)</formula>
    <formula uri="http://libmeta.ru/fme/formula/aux/1194_9_KVANTOVOE">h</formula>
    <formula uri="http://libmeta.ru/fme/formula/aux/1194_10_KVANTOVOE">\omega</formula>
    <formula uri="http://libmeta.ru/fme/formula/aux/1194_11_KVANTOVOE">\boldsymbol{\mu}</formula>
    <formula uri="http://libmeta.ru/fme/formula/aux/1194_12_KVANTOVOE">\omega \circ \gamma_{t}=\omega</formula>
    <formula uri="http://libmeta.ru/fme/formula/aux/1194_13_KVANTOVOE">\omega \circ L=0</formula>
    <formula uri="http://libmeta.ru/fme/formula/aux/1194_14_KVANTOVOE">l</formula>
    <formula uri="http://libmeta.ru/fme/formula/aux/1194_15_KVANTOVOE">\operatorname{dom} L=\mathscr{\mu}</formula>
    <formula uri="http://libmeta.ru/fme/formula/aux/1194_16_KVANTOVOE">\operatorname{dim} H&lt;\infty</formula>
    <formula uri="http://libmeta.ru/fme/formula/aux/1194_17_KVANTOVOE">s</formula>
    <formula uri="http://libmeta.ru/fme/formula/aux/1194_18_KVANTOVOE">\gamma_{t}</formula>
    <formula uri="http://libmeta.ru/fme/formula/aux/1194_19_KVANTOVOE">\omega</formula>
    <formula uri="http://libmeta.ru/fme/formula/aux/1194_20_KVANTOVOE">l=l_{h}+l_{d}</formula>
    <formula uri="http://libmeta.ru/fme/formula/aux/1194_21_KVANTOVOE">\mathbf{h}</formula>
    <formula uri="http://libmeta.ru/fme/formula/aux/1194_22_KVANTOVOE">x, Y \in \mu</formula>
    <formula uri="http://libmeta.ru/fme/formula/aux/1194_23_KVANTOVOE">l_{h}</formula>
    <formula uri="http://libmeta.ru/fme/formula/aux/1194_24_KVANTOVOE">l_{d}</formula>
    <formula uri="http://libmeta.ru/fme/formula/aux/1194_25_KVANTOVOE">s</formula>
    <formula uri="http://libmeta.ru/fme/formula/aux/1194_26_KVANTOVOE">r, L_{h}(X)=i[H, X]</formula>
    <formula uri="http://libmeta.ru/fme/formula/aux/1194_27_KVANTOVOE">h=h^{*} \in \mathscr{l}</formula>
    <formula uri="http://libmeta.ru/fme/formula/aux/1194_28_KVANTOVOE">l_{d}</formula>
    <formula uri="http://libmeta.ru/fme/formula/aux/1194_29_KVANTOVOE">(2)</formula>
    <formula uri="http://libmeta.ru/fme/formula/aux/1194_30_KVANTOVOE">\omega-</formula>
    <formula uri="http://libmeta.ru/fme/formula/aux/1194_31_KVANTOVOE">(\tau, \beta)-</formula>
    <formula uri="http://libmeta.ru/fme/formula/aux/1194_32_KVANTOVOE">\tau_{t}</formula>
    <formula uri="http://libmeta.ru/fme/formula/aux/1194_33_KVANTOVOE">s</formula>
    <formula uri="http://libmeta.ru/fme/formula/aux/1194_34_KVANTOVOE">\beta^{-1}</formula>
  </formulas_aux>
  <relations n="0"/>
  <text>#частный случай марковской динамики (см. Марковское приближение) открытой квантовой системы $URI[[http://libmeta.ru/fme/formula/aux/1194_1_KVANTOVOE]]/URI$, образующей вместе с бесконечным резервуаром $URI[[http://libmeta.ru/fme/formula/aux/1194_2_KVANTOVOE]]/URI$ замкнутую систему $URI[[http://libmeta.ru/fme/formula/aux/1194_3_KVANTOVOE]]/URI$. Это свойство характерно для ситуации, когда $URI[[http://libmeta.ru/fme/formula/aux/1194_4_KVANTOVOE]]/URI$ находится в состоянии теплового равновесия. В рамках алгебраич. подхода к квантовой статистич. механике К. у. детального равновесия подробно изучено (в терминах генератора $URI[[http://libmeta.ru/fme/formula/aux/1194_5_KVANTOVOE]]/URI$ динамич. полугруппы $URI[[http://libmeta.ru/fme/formula/aux/1194_6_KVANTOVOE]]/URI$ ) в случае конечной системы $URI[[http://libmeta.ru/fme/formula/aux/1194_7_KVANTOVOE]]/URI$ (в конечном объеме), к-рая описывается алгеброй $URI[[http://libmeta.ru/fme/formula/aux/1194_8_KVANTOVOE]]/URI$ ограниченных линейных операторов в гильбертовом пространстве $URI[[http://libmeta.ru/fme/formula/aux/1194_9_KVANTOVOE]]/URI$. Пусть точное нормальное состояние $URI[[http://libmeta.ru/fme/formula/aux/1194_10_KVANTOVOE]]/URI$ на $URI[[http://libmeta.ru/fme/formula/aux/1194_11_KVANTOVOE]]/URI$ стационарно, то есть $URI[[http://libmeta.ru/fme/formula/aux/1194_12_KVANTOVOE]]/URI$, или $URI[[http://libmeta.ru/fme/formula/aux/1194_13_KVANTOVOE]]/URI$. Пусть для простоты $URI[[http://libmeta.ru/fme/formula/aux/1194_14_KVANTOVOE]]/URI$ ограничен с $URI[[http://libmeta.ru/fme/formula/aux/1194_15_KVANTOVOE]]/URI$, напр. $URI[[http://libmeta.ru/fme/formula/aux/1194_16_KVANTOVOE]]/URI$. Предельная редуцированная на $URI[[http://libmeta.ru/fme/formula/aux/1194_17_KVANTOVOE]]/URI$ динамика $URI[[http://libmeta.ru/fme/formula/aux/1194_18_KVANTOVOE]]/URI$ удовлетворяет К. у. детального равновесия относительно $URI[[http://libmeta.ru/fme/formula/aux/1194_19_KVANTOVOE]]/URI$, когда можно так представить $URI[[http://libmeta.ru/fme/formula/aux/1194_20_KVANTOVOE]]/URI$, что

\[
URI[[http://libmeta.ru/fme/formula/main/1194_1_KVANTOVOE]]/URI
\]

$URI[[http://libmeta.ru/fme/formula/aux/1194_21_KVANTOVOE]]/URI$

\[
URI[[http://libmeta.ru/fme/formula/main/1194_2_KVANTOVOE]]/URI
\]

для наблюдаемых $URI[[http://libmeta.ru/fme/formula/aux/1194_22_KVANTOVOE]]/URI$. Здесь $URI[[http://libmeta.ru/fme/formula/aux/1194_23_KVANTOVOE]]/URI$ порождает гамильтонову, а $URI[[http://libmeta.ru/fme/formula/aux/1194_24_KVANTOVOE]]/URI$ - диссипативную динамику для $URI[[http://libmeta.ru/fme/formula/aux/1194_25_KVANTOVOE]]/URI$, обусловленную взаимодействием с $URI[[http://libmeta.ru/fme/formula/aux/1194_26_KVANTOVOE]]/URI$, где $URI[[http://libmeta.ru/fme/formula/aux/1194_27_KVANTOVOE]]/URI$. Свойство (2) имеет аналог для классич. марковского процесса. Для ряда бесконечных систем найден класс диссипативных $URI[[http://libmeta.ru/fme/formula/aux/1194_28_KVANTOVOE]]/URI$, удовлетворяющих $URI[[http://libmeta.ru/fme/formula/aux/1194_29_KVANTOVOE]]/URI$, если $URI[[http://libmeta.ru/fme/formula/aux/1194_30_KVANTOVOE]]/URI$ любое $URI[[http://libmeta.ru/fme/formula/aux/1194_31_KVANTOVOE]]/URI$ Кубо - Мартина - Швингера состояние для гамильтоновой динамики $URI[[http://libmeta.ru/fme/formula/aux/1194_32_KVANTOVOE]]/URI$ системы $URI[[http://libmeta.ru/fme/formula/aux/1194_33_KVANTOVOE]]/URI$ при температуре $URI[[http://libmeta.ru/fme/formula/aux/1194_34_KVANTOVOE]]/URI$; аналогичный подход применяется к характеристике равновесных состояний классич. решетчатых систем. К.у. детального равновесия применяется для вывода соотношений Онзагера и принципа минимального производства энтропии при отклонении от равновесия.</text>
  <text_orig>$частный случай марковской динамики (см. Марковское приближение) открытой квантовой системы $S$, образующей вместе с бесконечным резервуаром $R$ замкнутую систему $S+R$. Это свойство характерно для ситуации, когда $R$ находится в состоянии теплового равновесия. В рамках алгебраич. подхода к квантовой статистич. механике К. у. детального равновесия подробно изучено (в терминах генератора $L$ динамич. полугруппы $\gamma_{t}$ ) в случае конечной системы $S$ (в конечном объеме), к-рая описывается алгеброй $\mathfrak{l}=\mathscr{B}(H)$ ограниченных линейных операторов в гильбертовом пространстве $H$. Пусть точное нормальное состояние $\omega$ на $\boldsymbol{\mu}$ стационарно, то есть $\omega \circ \gamma_{t}=\omega$, или $\omega \circ L=0$. Пусть для простоты $L$ ограничен с $\operatorname{dom} L=\mathscr{\mu}$, напр. $\operatorname{dim} H&lt;\infty$. Предельная редуцированная на $S$ динамика $\gamma_{t}$ удовлетворяет К. у. детального равновесия относительно $\omega$, когда можно так представить $L=L_{h}+L_{d}$, что

\[
\omega\left(L_{h}(X) Y\right)=-\omega\left(X L_{h}(Y)\right)
\]

$\mathbf{H}$

\[
\omega\left(L_{d}(X) Y\right)=\omega\left(X L_{d}(Y)\right)
\]

для наблюдаемых $X, Y \in \mu$. Здесь $L_{h}$ порождает гамильтонову, а $L_{d}$ - диссипативную динамику для $S$, обусловленную взаимодействием с $R, L_{h}(X)=i[H, X]$, где $H=H^{*} \in \mathscr{l}$. Свойство (2) имеет аналог для классич. марковского процесса. Для ряда бесконечных систем найден класс диссипативных $L_{d}$, удовлетворяющих $(2)$, если $\omega-$ любое $(\tau, \beta)-$ Кубо - Мартина - Швингера состояние для гамильтоновой динамики $\tau_{t}$ системы $S$ при температуре $\beta^{-1}$; аналогичный подход применяется к характеристике равновесных состояний классич. решетчатых систем. К.у. детального равновесия применяется для вывода соотношений Онзагера и принципа минимального производства энтропии при отклонении от равновесия.

А. В. Булинский.</text_orig>
</article>
