<?xml version="1.0" ?>
<article uri="http://libmeta.ru/fme/article/1195_KVANTOVO-KLASSIChESKIE" alphabetic_pos="1197">
  <title>КВАНТОВО-КЛАССИЧЕСКИЕ СТАТИСТИЧЕСКИЕ СИСТЕМЫ</title>
  <authors>
    <author>В. И. Герасименко</author>
  </authors>
  <pages>
    <start>260</start>
    <end>260</end>
  </pages>
  <literature>
    <literature_orig>Лит.: [1] М ас ло в В. П., Комплексные марковские цепи и континуальный интеграл Фейнмана, М., 1976; [2] Г е р а с и м е н к о В.И., «теоретич. и математич. физика», 1982, Т. 50, № 1,с. 77-87.</literature_orig>
    <unit>
      <author>Маслов В. П.</author>
      <title>Комплексные марковские цепи и континуальный интеграл Фейнмана</title>
      <publication>М.</publication>
      <year>1976</year>
      <other/>
    </unit>
    <unit>
      <author>Герасименко В. И.</author>
      <title>«теоретич. и математич. физика»</title>
      <publication/>
      <year>1982</year>
      <other>Т. 50, № 1, с. 77-87.</other>
    </unit>
  </literature>
  <formulas_main>
    <formula uri="http://libmeta.ru/fme/formula/main/1195_1_KVANTOVO-KLASSIChESKIE">\left.\frac{\partial}{\partial t} D(t, X, \hat{X})=[H(X, \hat{X}), D(t, X, \hat{X})]+\right] H(X, \hat{X}), D(t, X, \hat{X})[,</formula>
  </formulas_main>
  <formulas_aux>
    <formula uri="http://libmeta.ru/fme/formula/aux/1195_1_KVANTOVO-KLASSIChESKIE">h(x, \hat{X})</formula>
    <formula uri="http://libmeta.ru/fme/formula/aux/1195_2_KVANTOVO-KLASSIChESKIE">x=\left\{x_{i} \equiv\left(q_{i}, p_{i}\right)\right\}_{i=1}^{n_{1}}</formula>
    <formula uri="http://libmeta.ru/fme/formula/aux/1195_3_KVANTOVO-KLASSIChESKIE">\hat{x}=\left\{\hat{x}_{i}=\left(\hat{q}_{i}, \hat{p}_{i}\right)\right\}_{i}^{n_{2}}{ }^{=}</formula>
    <formula uri="http://libmeta.ru/fme/formula/aux/1195_4_KVANTOVO-KLASSIChESKIE">[h, D]=\frac{1}{i \hbar}(H D-D H)-</formula>
    <formula uri="http://libmeta.ru/fme/formula/aux/1195_5_KVANTOVO-KLASSIChESKIE">] \cdot, \cdot[-</formula>
    <formula uri="http://libmeta.ru/fme/formula/aux/1195_6_KVANTOVO-KLASSIChESKIE">\pi y</formula>
  </formulas_aux>
  <relations n="0"/>
  <text>гамильтоновы системы, у которых часть степеней свободы - классические, а часть - квантовые (см. [1], [2]). Гамильтониан К.-К. с. с.- определенная функция $URI[[http://libmeta.ru/fme/formula/aux/1195_1_KVANTOVO-KLASSIChESKIE]]/URI$ числовых аргументов $URI[[http://libmeta.ru/fme/formula/aux/1195_2_KVANTOVO-KLASSIChESKIE]]/URI$ и некоммутируюших операторных аргументов $URI[[http://libmeta.ru/fme/formula/aux/1195_3_KVANTOVO-KLASSIChESKIE]]/URI$. Все возможные состояния К.-к. с. с. описываются решениями следующего уравнения (см. [2]):

\[
URI[[http://libmeta.ru/fme/formula/main/1195_1_KVANTOVO-KLASSIChESKIE]]/URI
\]

где $URI[[http://libmeta.ru/fme/formula/aux/1195_4_KVANTOVO-KLASSIChESKIE]]/URI$ коммутатор, $URI[[http://libmeta.ru/fme/formula/aux/1195_5_KVANTOVO-KLASSIChESKIE]]/URI$ аналог $URI[[http://libmeta.ru/fme/formula/aux/1195_6_KVANTOVO-KLASSIChESKIE]]/URI$ ассона скобки, явный вид к-рой определяется способом квантования системы. В приближении самосогласованного поля между классич. и квантовыми степенями свободы эволюция чистых состояний К.-К. с. с. описывается согласованной системой Гамильтона уравнения и Шредингера уравнения.</text>
  <text_orig>гамильтоновы системы, у которых часть степеней свободы - классические, а часть - квантовые (см. [1], [2]). Гамильтониан К.-К. с. с.- определенная функция $H(X, \hat{X})$ числовых аргументов $X=\left\{x_{i} \equiv\left(q_{i}, p_{i}\right)\right\}_{i=1}^{n_{1}}$ и некоммутируюших операторных аргументов $\hat{X}=\left\{\hat{x}_{i}=\left(\hat{q}_{i}, \hat{p}_{i}\right)\right\}_{i}^{n_{2}}{ }^{=}$. Все возможные состояния К.-к. с. с. описываются решениями следуюшего уравнения (см. [2]):

\[
\left.\frac{\partial}{\partial t} D(t, X, \hat{X})=[H(X, \hat{X}), D(t, X, \hat{X})]+\right] H(X, \hat{X}), D(t, X, \hat{X})[,
\]

где $[H, D]=\frac{1}{i \hbar}(H D-D H)-$ коммутатор, $] \cdot, \cdot[-$ аналог $\Pi y$ ассона скобки, явный вид к-рой определяется способом квантования системы. В приближении самосогласованного поля между классич. и квантовыми степенями свободы эволюция чистых состояний К.-К. с. с. описывается согласованной системой Гамильтона уравнения и Шредингера уравнения.

Лит.: [1] М ас ло в В. П., Комплексные марковские цепи и континуальный интеграл Фейнмана, М., 1976; [2] Г е р а с и м е н к о В.И., «Теоретич. и математич. физика», 1982, Т. 50, № 1,
с. 77-87.
В. И. Герасименко.</text_orig>
</article>
