<?xml version="1.0" ?>
<article uri="http://libmeta.ru/fme/article/1196_KVANTOVYE" alphabetic_pos="1198">
  <title>КВАНТОВЫЕ ПОПРАВКИ ДЕЙСТВИЯ</title>
  <authors>
    <author>Ю. М. Воробьев</author>
  </authors>
  <pages>
    <start>260</start>
    <end>260</end>
  </pages>
  <literature>
    <literature_orig>Jum.: [1] B outet de Monvel L., «lect. Notes in Math.», 1980, № 770, p. 120-31; [2] Ка рас е в М. В., Масло в В. П., &quot;успехи математич. наук», 1984, т. 39, в. 6, с. 115-73.</literature_orig>
    <unit>
      <author>Boutetde Monvel L.</author>
      <title>«lect. Notes in Math.»</title>
      <publication/>
      <year>1980</year>
      <other>№ 770, p. 120-31</other>
    </unit>
    <unit>
      <author>Карасев М. В.</author>
      <author>Маслов В. П.</author>
      <title>&quot;успехи математич. наук»</title>
      <publication/>
      <year>1984</year>
      <other>т. 39, в. 6, с. 115-73.</other>
    </unit>
  </literature>
  <formulas_main>
    <formula uri="http://libmeta.ru/fme/formula/main/1196_1_KVANTOVYE">\hat{S}_{j}=\hat{S}_{j}^{0}+\hbar \hat{a}_{j}+\hbar^{2} \hat{b}_{j}+\ldots</formula>
    <formula uri="http://libmeta.ru/fme/formula/main/1196_2_KVANTOVYE">\left[\hat{S}_{j}, \hat{S}_{k}\right]=O\left(\hbar^{\infty}\right), \exp \left(i \hat{S}_{j}\right)=I+O\left(\hbar^{\infty}\right) .</formula>
  </formulas_main>
  <formulas_aux>
    <formula uri="http://libmeta.ru/fme/formula/aux/1196_1_KVANTOVYE">a_{j}, b_{j}</formula>
    <formula uri="http://libmeta.ru/fme/formula/aux/1196_2_KVANTOVYE">\hat{s}_{j}</formula>
    <formula uri="http://libmeta.ru/fme/formula/aux/1196_3_KVANTOVYE">s_{j}^{0}=\oint p d q-</formula>
    <formula uri="http://libmeta.ru/fme/formula/aux/1196_4_KVANTOVYE">\hat{s}_{j}</formula>
    <formula uri="http://libmeta.ru/fme/formula/aux/1196_5_KVANTOVYE">a_{j}, b_{j}, \ldots</formula>
  </formulas_aux>
  <relations n="0"/>
  <text>функции $URI[[http://libmeta.ru/fme/formula/aux/1196_1_KVANTOVYE]]/URI$, ..., входящие в разложение

\[
URI[[http://libmeta.ru/fme/formula/main/1196_1_KVANTOVYE]]/URI
\]

квантовых операторов действия $URI[[http://libmeta.ru/fme/formula/aux/1196_2_KVANTOVYE]]/URI$, где $URI[[http://libmeta.ru/fme/formula/aux/1196_3_KVANTOVYE]]/URI$ классические функции действия расслоения фазового пространства изотропными торами. Операторы $URI[[http://libmeta.ru/fme/formula/aux/1196_4_KVANTOVYE]]/URI$ по определению подчинены условиям:

\[
URI[[http://libmeta.ru/fme/formula/main/1196_2_KVANTOVYE]]/URI
\]

Поправки $URI[[http://libmeta.ru/fme/formula/aux/1196_5_KVANTOVYE]]/URI$ вычисляются интегрированием нек-рых замкнутых 2-форм на изотропных торах (см. [2]).</text>
  <text_orig>функции $a_{j}, b_{j}$, ..., входящие в разложение

\[
\hat{S}_{j}=\hat{S}_{j}^{0}+\hbar \hat{a}_{j}+\hbar^{2} \hat{b}_{j}+\ldots
\]

квантовых операторов действия $\hat{S}_{j}$, где $S_{j}^{0}=\oint p d q-$ классические функции действия расслоения фазового пространства изотропными торами. Операторы $\hat{S}_{j}$ по определению подчинены условиям:

\[
\left[\hat{S}_{j}, \hat{S}_{k}\right]=O\left(\hbar^{\infty}\right), \exp \left(i \hat{S}_{j}\right)=I+O\left(\hbar^{\infty}\right) .
\]

Поправки $a_{j}, b_{j}, \ldots$ вычисляются интегрированием нек-рых замкнутых 2-форм на изотропных торах (см. [2]).

Jum.: [1] B outet de Monvel L., «Lect. Notes in Math.», 1980, № 770, p. 120-31; [2] Ка рас е в М. В., Масло в В. П., &quot;Успехи математич. наук», 1984, т. 39, в. 6, с. 115-73. Ю. М. Воробьев.</text_orig>
</article>
