<?xml version="1.0" ?>
<article uri="http://libmeta.ru/fme/article/1204_KVANTOVYJ" alphabetic_pos="1206">
  <title>КВАНТОВЫЙ МАРКОВСКИЙ ПРОЦЕСС</title>
  <authors/>
  <pages>
    <start>261</start>
    <end>261</end>
  </pages>
  <literature>
    <literature_orig/>
  </literature>
  <formulas_main/>
  <formulas_aux/>
  <relations n="1">
    <relation uri="http://libmeta.ru/fme/relation/1204_1_KVANTOVYJ">
      <rel_text>Квантовая марковская система</rel_text>
      <target>http://libmeta.ru/fme/article/1171_KVANTOVAJa</target>
    </relation>
  </relations>
  <text>см. URI[[http://libmeta.ru/fme/relation/1204_1_KVANTOVYJ]]/URI.</text>
  <text_orig>сМ. Квантовая марковская система.</text_orig>
</article>
