<?xml version="1.0" ?>
<article uri="http://libmeta.ru/fme/article/1206_KVANTOVYJ" alphabetic_pos="1208">
  <title>КВАНТОВЫЙ ОСЦИЛЛЯТОР</title>
  <authors/>
  <pages>
    <start>261</start>
    <end>261</end>
  </pages>
  <literature>
    <literature_orig/>
  </literature>
  <formulas_main/>
  <formulas_aux/>
  <relations n="1">
    <relation uri="http://libmeta.ru/fme/relation/1206_1_KVANTOVYJ">
      <rel_text>Осциллтор</rel_text>
      <target>http://libmeta.ru/fme/article/2129_OSTsILLJaTO</target>
    </relation>
  </relations>
  <text>см. URI[[http://libmeta.ru/fme/relation/1206_1_KVANTOVYJ]]/URI.</text>
  <text_orig>см. Осциллтор.</text_orig>
</article>
