<?xml version="1.0" ?>
<article uri="http://libmeta.ru/fme/article/1207_KVANTOVYJ" alphabetic_pos="1209">
  <title>КВАНТОВЫЙ ПЕРЕХОД</title>
  <authors>
    <author>М. А. Ельяиевич</author>
  </authors>
  <pages>
    <start>261</start>
    <end>262</end>
  </pages>
  <literature>
    <literature_orig/>
  </literature>
  <formulas_main/>
  <formulas_aux>
    <formula uri="http://libmeta.ru/fme/formula/aux/1207_1_KVANTOVYJ">\mathscr{e}_{k} \rightarrow \mathscr{E}_{i}</formula>
    <formula uri="http://libmeta.ru/fme/formula/aux/1207_2_KVANTOVYJ">h v \equiv \hbar \omega=\mathscr{E}_{i}-\mathscr{E}_{k}</formula>
    <formula uri="http://libmeta.ru/fme/formula/aux/1207_3_KVANTOVYJ">v</formula>
    <formula uri="http://libmeta.ru/fme/formula/aux/1207_4_KVANTOVYJ">\omega-</formula>
    <formula uri="http://libmeta.ru/fme/formula/aux/1207_5_KVANTOVYJ">\mathscr{e}_{i}-\mathscr{E}_{k}</formula>
    <formula uri="http://libmeta.ru/fme/formula/aux/1207_6_KVANTOVYJ">v=\left(\mathscr{e}_{i}-\mathscr{E}_{k}\right) / h</formula>
  </formulas_aux>
  <relations n="1">
    <relation uri="http://libmeta.ru/fme/relation/1207_1_KVANTOVYJ">
      <rel_text>Рассеяния</rel_text>
      <target>http://libmeta.ru/fme/article/2558_RASSTROJK</target>
    </relation>
  </relations>
  <text>характерный для Квантовой системы (атома, молекулы, кристалла, атомного ядра, элементарной частицы) скачкообразный переход из одного состояния в другое, происходящий под влиянием какого-либо взаимодействия, присущего частицам данной системы. Наиболее важен случай К. П. между стационарными состояниями, соответствующими определенным значениям энергии системы [представление о К. П. Для этого случая было введено Н. Бором (n. Bohr, 1913)]. К. П. между нестационарными состояниями могут быть описаны с помощью принципа суперпозиции состояний.

В общем случае К. П. характеризуется амплитудой перехода (см. URI[[http://libmeta.ru/fme/relation/1207_1_KVANTOVYJ]]/URI матрица); квадрат ее модуля определяет вероятность перехода. При любых К. П. выполняются точные законы сохранения энергии, импульса, момента импульса, электрич. заряда и др. В К. п., происходящих за счет электромагнитного и сильного взаимодействий, выполняются законы сохранения пространственной четности, зарядовой четности, странности и др., к-рые могут нарушаться в переходах, происходящих благодаря слабому взаимодействию. К. П. между различными стационарными состояниями, сопровождающиеся испусканием или поглощением какой-либо частицы (напр., фотона в случае излучательных переходов), на схемах уровней энергии принято изображать вертикальными или наклонными линиями, соединяющими соответствующие уровни энергии системы, изображаемые горизонтальными линиями.

Ниже рассматриваются К. П. в атомах и молекулах. Такие К. П. могут быть излучательными и безизлучательными. При излучательном К. П. система испускает (переход ![](https://cdn.mathpix.com/cropped/2023_07_08_49824a252a4ab5959e5fg-1.jpg?height=37&amp;width=804&amp;top_left_y=58&amp;top_left_x=87)
ний, между к-рыми происходит К. п.) или поглощает (переход $URI[[http://libmeta.ru/fme/formula/aux/1207_1_KVANTOVYJ]]/URI$ ) квант электромагнитного излучения - фотон энергии $URI[[http://libmeta.ru/fme/formula/aux/1207_2_KVANTOVYJ]]/URI$ ( $URI[[http://libmeta.ru/fme/formula/aux/1207_3_KVANTOVYJ]]/URI$ или $URI[[http://libmeta.ru/fme/formula/aux/1207_4_KVANTOVYJ]]/URI$ обычная или круговая частота излучения). В зависимости от величины $URI[[http://libmeta.ru/fme/formula/aux/1207_5_KVANTOVYJ]]/URI$ испускается или поглощается излучение в различных частотных диапазонах шкалы электромагнитных волн. Совокупность излучательных К. п. с верхних уровней энергии на нижние образует спектр испускания данной квантовой системы, а с нижних уровней на верхние - ее спектр поглощения. При безизлучательном К. п. система отдает или получает энергию при взаимодействии с другими системами. Вероятности К. п. в атомах и молекулах принято характеризовать средним числом переходов данного типа за единицу времени (1 c).

Излучательные К. п. могут быть спонтанными («самопроизвольными»), не зависящими от внешних воздействий на квантовую систему и обусловленными ее взаимодействием с физич. вакуумом (спонтанное испускание фотона), и вынужденными (индуцированными), происходящими под действием внешнего электромагнитного излучения резонансной частоты $URI[[http://libmeta.ru/fme/formula/aux/1207_6_KVANTOVYJ]]/URI$ (поглощение и вынужденное испускание фотона). Вероятности излучательных К. П. определяются коэффициентами Эйнштейна и могут быть рассчитаны методами квантовой электродинамики и квантовой механики.

Как отмечалось, изменение энергии квантовой системы при безизлучательных К. п. происходит вследствие ее взаимодействия с другими квантовыми системами, напр. для молекулы газа при ее столкновении с другими молекулами, а для частицы в жидкости или в кристалле - при взаимодействии с ближайшим окружением. Помимо вынужденных безизлучательных К. п., сопровождающихся изменением энергии системы, возможны спонтанные безизлучательные К. П., при к-рых при заданной энергии происходит распад системы на части. Такие процессы возможны, если энергия системы больше энергии, необходимой для ее распада.</text>
  <text_orig>характерныЙ для Квантовой системы (атома, молекулы, кристалла, атомного ядра, элементарной частицы) скачкообразный переход из одного состояния в другое, происходящий под влиянием какого-либо взаимодействия, присушего частицам данной системы. Наиболее важен случай К. П. между стационарными состояниями, соответствующими определенным значениям энергии системы [представление о К. П. Для этого случая было введено Н. Бором (N. Bohr, 1913)]. К. П. между нестационарными состояниями могут быть описаны с помошью принципа суперпозиции состояний.

В общем случае К. П. характеризуется амплитудой перехода (см. Рассеяния матрица); квадрат ее модуля определяет вероятность перехода. При любых К. П. выполняются точные законы сохранения энергии, импульса, момента импульса, электрич. заряда и др. В К. п., происходяших за счет электромагнитного и сильного взаимодействий, выполняются законы сохранения пространственной четности, зарядовой четности, странности и др., к-рые могут нарушаться в переходах, происходяших благодаря слабому взаимодействию. К. П. между различными стационарными состояниями, сопровождающиеся испусканием или поглошением какой-либо частицы (напр., фотона в случае излучательных переходов), на схемах уровней энергии принято изображать вертикальными или наклонными линиями, соединяющими соответствующие уровни энергии системы, изображаемые горизонтальными линиями.

Ниже рассматриваются К. П. в атомах и молекулах. Такие К. П. могут быть излучательными и безизлучательными. При излучательном К. П. система испускает (переход ![](https://cdn.mathpix.com/cropped/2023_07_08_49824a252a4ab5959e5fg-1.jpg?height=37&amp;width=804&amp;top_left_y=58&amp;top_left_x=87)
ний, между к-рыми происходит К. п.) или поглошает (переход $\mathscr{E}_{k} \rightarrow \mathscr{E}_{i}$ ) квант электромагнитного излучения - фотон энергии $h v \equiv \hbar \omega=\mathscr{E}_{i}-\mathscr{E}_{k}$ ( $v$ или $\omega-$ обычная или круговая частота излучения). В зависимости от величины $\mathscr{E}_{i}-\mathscr{E}_{k}$ испускается или поглошается излучение в различных частотных диапазонах шкалы электромагнитных волн. Совокупность излучательных К. п. с верхних уровней энергии на нижние образует спектр испускания данной квантовой системы, а с нижних уровней на верхние - ее спектр поглощения. При безизлучательном К. п. система отдает или получает энергию при взаимодействии с другими системами. Вероятности К. п. в атомах и молекулах принято характеризовать средним числом переходов данного типа за единицу времени (1 c).

Излучательные К. п. могут быть спонтанными («самопроизвольными»), не зависяшими от внешних воздействий на квантовую систему и обусловленными ее взаимодействием с физич. вакуумом (спонтанное испускание фотона), и вынужденными (индуцированными), происходящими под действием внешнего электромагнитного излучения резонансной частоты $v=\left(\mathscr{E}_{i}-\mathscr{E}_{k}\right) / h$ (поглошение и вынужденное испускание фотона). Вероятности излучательных К. П. определяются коэффициентами Эйнштейна и могут быть рассчитаны методами квантовой электродинамики и квантовой механики.

Как отмечалось, изменение энергии квантовой системы при безизлучательных К. п. происходит вследствие ее взаимодействия с другими квантовыми системами, напр. для молекулы газа при ее столкновении с другими молекулами, а для частицы в жидкости или в кристалле - при взаимодействии с ближайшим окружением. Помимо вынужденных безизлучательных К. п., сопровождающихся изменением энергии системы, возможны спонтанные безизлучательные К. П., при к-рых при заданной энергии происходит распад системы на части. Такие процессы возможны, если энергия системы больше энергии, необходимой для ее распада. М. А. Ельяиевич.</text_orig>
</article>
