<?xml version="1.0" ?>
<article uri="http://libmeta.ru/fme/article/1208_KVANTOVYJ" alphabetic_pos="1210">
  <title>КВАНТОВЫЙ РАВНОВЕСНЫЙ АНСАМБЛЬ</title>
  <authors>
    <author>Д. Я. Петрина</author>
  </authors>
  <pages>
    <start>262</start>
    <end>262</end>
  </pages>
  <literature>
    <literature_orig>Лum.: [1] Бо го л ю б в Н. Н., Лекции по квантовой статистике, в кн.: Избранные труды, т. 2, Киев, 1970, с. 287-493; [2] Рюэл ь Д., Статистическая механика. Строгие результаты, пер. с англ., M., 1971.</literature_orig>
    <unit>
      <author>Боголюбв Н. Н.</author>
      <title>Лекции по квантовой статистике, в кн.: Избранные труды</title>
      <publication>Киев</publication>
      <year>1970</year>
      <other>т. 2, с. 287-493</other>
    </unit>
    <unit>
      <author>Рюэль Д.</author>
      <title>Статистическая механика. Строгие результаты</title>
      <publication>пер. с англ., M.</publication>
      <year>1971</year>
      <other/>
    </unit>
  </literature>
  <formulas_main>
    <formula uri="http://libmeta.ru/fme/formula/main/1208_1_KVANTOVYJ">Q(\beta, N, V)^{-1} e^{-\beta H_{N}^{\Lambda}},</formula>
    <formula uri="http://libmeta.ru/fme/formula/main/1208_2_KVANTOVYJ">Q(\beta, N, V)^{-1}=\operatorname{Tr} e^{-\beta H_{N}^{\Lambda}} .</formula>
    <formula uri="http://libmeta.ru/fme/formula/main/1208_3_KVANTOVYJ">\Xi(\beta, z, V)^{-1} e^{-\beta\left(H_{N}^{\Lambda}-\mu N\right)}, \quad N=1,2 \ldots,</formula>
    <formula uri="http://libmeta.ru/fme/formula/main/1208_4_KVANTOVYJ">\Xi(\beta, z, V)=1+\sum_{N=1}^{\infty} \frac{1}{N !} \operatorname{Tr} e^{-\beta H_{N}^{\Lambda}} .</formula>
  </formulas_main>
  <formulas_aux>
    <formula uri="http://libmeta.ru/fme/formula/aux/1208_1_KVANTOVYJ">\beta</formula>
    <formula uri="http://libmeta.ru/fme/formula/aux/1208_2_KVANTOVYJ">\beta=\frac{1}{k T}, H_{N}^{\Lambda}</formula>
    <formula uri="http://libmeta.ru/fme/formula/aux/1208_3_KVANTOVYJ">n</formula>
    <formula uri="http://libmeta.ru/fme/formula/aux/1208_4_KVANTOVYJ">\lambda</formula>
    <formula uri="http://libmeta.ru/fme/formula/aux/1208_5_KVANTOVYJ">q(\beta, N, V)</formula>
    <formula uri="http://libmeta.ru/fme/formula/aux/1208_6_KVANTOVYJ">\mu-</formula>
    <formula uri="http://libmeta.ru/fme/formula/aux/1208_7_KVANTOVYJ">z=e^{\beta \mu}-</formula>
    <formula uri="http://libmeta.ru/fme/formula/aux/1208_8_KVANTOVYJ">\xi(\beta, z, V)-</formula>
  </formulas_aux>
  <relations n="0"/>
  <text>статистический ансамбль, в котором состояние конечного числа частиц описывается равновесной плотности матрицей:

\[
URI[[http://libmeta.ru/fme/formula/main/1208_1_KVANTOVYJ]]/URI
\]

где $URI[[http://libmeta.ru/fme/formula/aux/1208_1_KVANTOVYJ]]/URI$ - обратная температура, $URI[[http://libmeta.ru/fme/formula/aux/1208_2_KVANTOVYJ]]/URI$ - гамильтониан $URI[[http://libmeta.ru/fme/formula/aux/1208_3_KVANTOVYJ]]/URI$-частиц, расположенных в конечной области $URI[[http://libmeta.ru/fme/formula/aux/1208_4_KVANTOVYJ]]/URI$, $URI[[http://libmeta.ru/fme/formula/aux/1208_5_KVANTOVYJ]]/URI$ - статистическая сумма:

\[
URI[[http://libmeta.ru/fme/formula/main/1208_2_KVANTOVYJ]]/URI
\]

Состояние конечного числа частиц в рамках равновесного большого квантового ансамбля описывается последовательностью равновесных матриц плотности:

\[
URI[[http://libmeta.ru/fme/formula/main/1208_3_KVANTOVYJ]]/URI
\]

$URI[[http://libmeta.ru/fme/formula/aux/1208_6_KVANTOVYJ]]/URI$ химич. потенциал, $URI[[http://libmeta.ru/fme/formula/aux/1208_7_KVANTOVYJ]]/URI$ активность, $URI[[http://libmeta.ru/fme/formula/aux/1208_8_KVANTOVYJ]]/URI$ большая статистич. сумма:

\[
URI[[http://libmeta.ru/fme/formula/main/1208_4_KVANTOVYJ]]/URI
\]

В случае статистики Больцмана гамильтонианы рассматриваются в общем гильбертовом пространстве состояний и статистич. средние берутся по всем собственным состояниям гамильтонианов, в случае статистики Бозе - Эйнштейна или Ферми - Дирака - соответственно по симметричным или антисимметричным состояниям.

Состояния бесконечных систем получаются из конечных в результате термодинамич. предела.</text>
  <text_orig>cmaтuстический ансамбль, в котором состояние конечного числа частиц описывается равновесной плотности матрицей:

\[
Q(\beta, N, V)^{-1} e^{-\beta H_{N}^{\Lambda}},
\]

где $\beta$ - обратная температура, $\beta=\frac{1}{k T}, H_{N}^{\Lambda}$ - гамильтониан $N$-частиц, расположенных в конечной области $\Lambda$, $Q(\beta, N, V)$ - статистическая сумма:

\[
Q(\beta, N, V)^{-1}=\operatorname{Tr} e^{-\beta H_{N}^{\Lambda}} .
\]

Состояние конечного числа частиц в рамках равновесного большого квантового ансамбля описывается последовательностью равновесных матриц плотности:

\[
\Xi(\beta, z, V)^{-1} e^{-\beta\left(H_{N}^{\Lambda}-\mu N\right)}, \quad N=1,2 \ldots,
\]

$\mu-$ химич. потенциал, $z=e^{\beta \mu}-$ активность, $\Xi(\beta, z, V)-$ большая статистич. сумма:

\[
\Xi(\beta, z, V)=1+\sum_{N=1}^{\infty} \frac{1}{N !} \operatorname{Tr} e^{-\beta H_{N}^{\Lambda}} .
\]

В случае статистики Больцмана гамильтонианы рассматриваются в общем гильбертовом пространстве состояний и статистич. средние берутся по всем собственным состояниям гамильтонианов, в случае статистики Бозе - Эйнштейна или Ферми - Дирака - соответственно по симметричным или антисимметричным состояниям.

Состояния бесконечных систем получаются из конечных в результате термодинамич. предела. Лum.: [1] Бо го л ю б в Н. Н., Лекции по квантовой статистике, в кн.: Избранные труды, т. 2, Киев, 1970, с. 287-493; [2] Рюэл ь Д., Статистическая механика. Строгие результаты, пер. с англ., M., 1971. Д. Я. Петрина.</text_orig>
</article>
