<?xml version="1.0" ?>
<article uri="http://libmeta.ru/fme/article/120_ASIMPTOTIChESKOE" alphabetic_pos="120">
  <title>АСИМПТОТИЧЕСКОЕ СОСТОЯНИЕ</title>
  <authors/>
  <pages>
    <start>36</start>
    <end>36</end>
  </pages>
  <literature>
    <literature_orig/>
  </literature>
  <formulas_main/>
  <formulas_aux/>
  <relations n="1">
    <relation uri="http://libmeta.ru/fme/relation/120_1_ASIMPTOTIChESKOE">
      <rel_text>Аксиоматическая квантовая теория поля</rel_text>
      <target>http://libmeta.ru/fme/article/44_AKSIOMATIChESKAJa</target>
    </relation>
  </relations>
  <text>см. URI[[http://libmeta.ru/fme/relation/120_1_ASIMPTOTIChESKOE]]/URI.</text>
  <text_orig>см. Аксиоматическая квантовая теория поля.</text_orig>
</article>
