<?xml version="1.0" ?>
<article uri="http://libmeta.ru/fme/article/1211_KVANTOVYJ" alphabetic_pos="1213">
  <title>КВАНТОВЫЙ ШУМ</title>
  <authors/>
  <pages>
    <start>263</start>
    <end>263</end>
  </pages>
  <literature>
    <literature_orig/>
  </literature>
  <formulas_main/>
  <formulas_aux/>
  <relations n="1">
    <relation uri="http://libmeta.ru/fme/relation/1211_1_KVANTOVYJ">
      <rel_text>Квантовое стохастическое исчисление</rel_text>
      <target>http://libmeta.ru/fme/article/1191_KVANTOVOE</target>
    </relation>
  </relations>
  <text>см. URI[[http://libmeta.ru/fme/relation/1211_1_KVANTOVYJ]]/URI.</text>
  <text_orig>см. Квантовое стохастическое исчисление.</text_orig>
</article>
