<?xml version="1.0" ?>
<article uri="http://libmeta.ru/fme/article/1212_KVAR" alphabetic_pos="1214">
  <title>КВАРК</title>
  <authors/>
  <pages>
    <start>263</start>
    <end>263</end>
  </pages>
  <literature>
    <literature_orig>Jum.: [1] Gell - Man n M., «phys. Lett.», 1964, v. 8, p. 214-15; [2] Zweig G., Cern report 8182/th, 401, 1964; [3] Боголюбов Н. Н., Струминский Б. В., Тавхелидзе А. Н., препринт Д 1968, Дубна, 1965; [4] Релятивистски-инвариантные уравнения для составных частиц и формфакторы, Дубна, 1965; [5] Н a n M., $\mathrm{na}$ mbu Y., &quot;phys. Rev.», 1965, v. 139, № 4 B, p. 1006-10; [6] Glashow S., Iliopoulos J., Maiani L., &quot;phys. Rev.», 1970, v. D2, p. 1285-92; [7] Weinberg S., «phys. Rev. Lett.», 1967, v. 19, p. 1264-66; [8] Salam A., Elementary particle theory, L., 1968, $\begin{array}{ll}\text { p. 367-77. } &amp; \text { A. Л. Катаee. } \\ &amp; \end{array}$</literature_orig>
    <unit>
      <author>Gell-Mann M.</author>
      <title>«phys. Lett.»</title>
      <publication/>
      <year>1964</year>
      <other>v. 8, p. 214-15</other>
    </unit>
    <unit>
      <author>Zweig G.</author>
      <title>Cern report 8182/th, 401</title>
      <publication/>
      <year>1964</year>
      <other/>
    </unit>
    <unit>
      <author>Боголюбов Н. Н.</author>
      <author>Струминский Б. В.</author>
      <author>Тавхелидзе А. Н.</author>
      <title>препринт Д 1968, Дубна</title>
      <publication/>
      <year>1965</year>
      <other/>
    </unit>
    <unit>
      <title>Релятивистски-инвариантные уравнения для составных частиц и формфакторы, Дубна</title>
      <publication/>
      <year>1965</year>
      <other/>
    </unit>
    <unit>
      <author>Нan M.</author>
      <author>$\mathrm{na}$mbu Y.</author>
      <title>&quot;phys. Rev.»</title>
      <publication/>
      <year>1965</year>
      <other>v. 139, № 4 B, p. 1006-10</other>
    </unit>
    <unit>
      <author>Glashow S.</author>
      <author>Iliopoulos J.</author>
      <author>Maiani L.</author>
      <title>&quot;phys. Rev.»</title>
      <publication/>
      <year>1970</year>
      <other>v. D2, p. 1285-92</other>
    </unit>
    <unit>
      <author>Weinberg S.</author>
      <title>«phys. Rev. Lett.»</title>
      <publication/>
      <year>1967</year>
      <other>v. 19, p. 1264-66</other>
    </unit>
    <unit>
      <author>Salam A.</author>
      <title>Elementary particle theory, L.</title>
      <publication/>
      <year>1968</year>
      <other>$\begin{array}{ll}\text { p. 367-77. } &amp; \text { A. Л. Катаee. } \\ &amp; \end{array}$</other>
    </unit>
  </literature>
  <formulas_main/>
  <formulas_aux>
    <formula uri="http://libmeta.ru/fme/formula/aux/1212_1_KVAR">s U(3)</formula>
    <formula uri="http://libmeta.ru/fme/formula/aux/1212_2_KVAR">u, d, s</formula>
    <formula uri="http://libmeta.ru/fme/formula/aux/1212_3_KVAR">q_{u}=2 / 3, Q_{d}=-1 / 3, Q_{s}=-1 / 3</formula>
    <formula uri="http://libmeta.ru/fme/formula/aux/1212_4_KVAR">1 / 3</formula>
    <formula uri="http://libmeta.ru/fme/formula/aux/1212_5_KVAR">\omega^{-}</formula>
    <formula uri="http://libmeta.ru/fme/formula/aux/1212_6_KVAR">s U(3)_{\text {color }}</formula>
    <formula uri="http://libmeta.ru/fme/formula/aux/1212_7_KVAR">\bar{k}^{\circ} \rightarrow \mu^{+} \mu^{-}</formula>
    <formula uri="http://libmeta.ru/fme/formula/aux/1212_8_KVAR">c</formula>
    <formula uri="http://libmeta.ru/fme/formula/aux/1212_9_KVAR">q_{c}=2 / 3</formula>
    <formula uri="http://libmeta.ru/fme/formula/aux/1212_10_KVAR">j / \psi</formula>
    <formula uri="http://libmeta.ru/fme/formula/aux/1212_11_KVAR">c-\mathrm{K}</formula>
    <formula uri="http://libmeta.ru/fme/formula/aux/1212_12_KVAR">\gamma</formula>
    <formula uri="http://libmeta.ru/fme/formula/aux/1212_13_KVAR">b</formula>
    <formula uri="http://libmeta.ru/fme/formula/aux/1212_14_KVAR">q_{b}=-1 / 3</formula>
    <formula uri="http://libmeta.ru/fme/formula/aux/1212_15_KVAR">t</formula>
    <formula uri="http://libmeta.ru/fme/formula/aux/1212_16_KVAR">q_{t}=2 / 3</formula>
    <formula uri="http://libmeta.ru/fme/formula/aux/1212_17_KVAR">s U(2)</formula>
    <formula uri="http://libmeta.ru/fme/formula/aux/1212_18_KVAR">s U(3)_{\text {color }}</formula>
  </formulas_aux>
  <relations n="0"/>
  <text>субъядерная частица со спином 1/2, являющаяся фундаментальной составляющей адронов. Впервые были введены в теорию элементарных частиц в [1] и [2] для объяснения закономерности в классификации известных к этому времени адронов по представлениям унитарной группы симметрии сильных взаимодействий $URI[[http://libmeta.ru/fme/formula/aux/1212_1_KVAR]]/URI$. В рамках стандартной кварковой модели предполагалось, что существует три типа, или аромата, К. $URI[[http://libmeta.ru/fme/formula/aux/1212_2_KVAR]]/URI$ с дробными электрич. зарядами $URI[[http://libmeta.ru/fme/formula/aux/1212_3_KVAR]]/URI$ в единицах заряда электрона и барионным числом $URI[[http://libmeta.ru/fme/formula/aux/1212_4_KVAR]]/URI$. Соответствующие им а н т и к в ар к и характеризуются противоположными значениями этих квантовых чисел. Так как мезоны имеют нулевое барионное число, их можно построить из парных комбинаций К. При этом оказывается, что в нерелятивистском приближении нек-рые из барионов (напр., $URI[[http://libmeta.ru/fme/formula/aux/1212_5_KVAR]]/URI$-гиперон) должны состоять из трех идентичных К., находящихся в одном и том же квантовом состоянии, что запрещено принципом Паули. Путь к решению проблемы статистики К. был сформулирован в [3] на основе гипотезы о существовании у К. дополнительного квантового числа, названного впоследствии цветом, принимающего для каждого типа (аромата) К. три значения (см. [4], [5]). Группой цветовой симметрии является группа $URI[[http://libmeta.ru/fme/formula/aux/1212_6_KVAR]]/URI$ а наблюдаемые сильнодействующие частицы - адроны - имеют нулевое значение цвета, то есть являются синглетами по отношению к преобразованиям из этой группы.

Для объяснения отсутствия распадов типа $URI[[http://libmeta.ru/fme/formula/aux/1212_7_KVAR]]/URI$было показано [6], что необходимо ввести в рассмотрение четвертый $URI[[http://libmeta.ru/fme/formula/aux/1212_8_KVAR]]/URI$-кварк с электрич. зарядом $URI[[http://libmeta.ru/fme/formula/aux/1212_9_KVAR]]/URI$, к-рый характеризуется новым квантовым числом «очарование». Это предсказание было экспериментально подтверждено в 1974 после открытия семейства тяжелых векторных $URI[[http://libmeta.ru/fme/formula/aux/1212_10_KVAR]]/URI$-мезонов, к-рые оказались связанными состояниями $URI[[http://libmeta.ru/fme/formula/aux/1212_11_KVAR]]/URI$. В 1977 было обнаружено другое семейство более тяжелых векторных $URI[[http://libmeta.ru/fme/formula/aux/1212_12_KVAR]]/URI$-мезонов, существование к-рых находит свое объяснение после введения пятого $URI[[http://libmeta.ru/fme/formula/aux/1212_13_KVAR]]/URI$-К. с электрич. зарядом $URI[[http://libmeta.ru/fme/formula/aux/1212_14_KVAR]]/URI$ и соответствующим им ароматом, носящим название «красоты». В настоящее время также ведутся поиски шестого $URI[[http://libmeta.ru/fme/formula/aux/1212_15_KVAR]]/URI$-К. с электрич. зарядом $URI[[http://libmeta.ru/fme/formula/aux/1212_16_KVAR]]/URI$, предсказываемого стандартной теорией электрослабых взаимодействий. В этой теории, основанной на калибровочной $URI[[http://libmeta.ru/fme/formula/aux/1212_17_KVAR]]/URI$-симметрии, К. классифицируются как три «поколения» дублетов и синглетов, составленных соответственно из лево- и право- компонент кварковых полей (см. [7], [8]).

Многочисленные эксперименты по поиску К. в свободном состоянии как частиц, несущих дробные электрич. заряды, пропорциональные 1/3 заряда электрона, до сих пор не привели к положительным результатам. Этот факт находит естественное объяснение в рамках гипотезы конфайнмента, согласно к-рой цветные частицы, преобразующиеся по нетривиальному представлению цветовой группы $URI[[http://libmeta.ru/fme/formula/aux/1212_18_KVAR]]/URI$, не существуют в свободном состоянии. Тем не менее, в экспериментах при высоких энергиях К. проявляют себя в качестве струй вторичных адронов, причем характерные особенности этих струй могут быть связаны с породившими их К.</text>
  <text_orig>субъядерная частица со спином 1/2, являющаяся фундаментальной составляющей адронов. Впервые были введены в теорию элементарных частиц в [1] и [2] для объяснения закономерности в классификации известных к этому времени адронов по представлениям унитарной группы симметрии сильных взаимодействий $S U(3)$. В рамках стандартной кварковой модели предполагалось, что существует три типа, или аромата, К. $u, d, s$ с дробными электрич. зарядами $Q_{u}=2 / 3, Q_{d}=-1 / 3, Q_{s}=-1 / 3$ в единицах заряда электрона и барионным числом $1 / 3$. Соответствующие им а н т и к в ар к и характеризуются противоположными значениями этих квантовых чисел. Так как мезоны имеют нулевое барионное число, их можно построить из парных комбинаций К. При этом оказывается, что в нерелятивистском приближении нек-рые из барионов (напр., $\Omega^{-}$-гиперон) должны состоять из трех идентичных К., находящихся в одном и том же квантовом состоянии, что запрещено принципом Паули. Путь к решению проблемы статистики К. был сформулирован в [3] на основе гипотезы о существовании у К. дополнительного квантового числа, названного впоследствии цветом, принимаюшего для каждого типа (аромата) К. три значения (см. [4], [5]). Группой цветовой симметрии является группа $S U(3)_{\text {color }}$ а наблюдаемые сильнодействующие частицы - адроны - имеют нулевое значение цвета, то есть являются синглетами по отношению к преобразованиям из этой группы.

Для объяснения отсутствия распадов типа $\bar{K}^{\circ} \rightarrow \mu^{+} \mu^{-}$было показано [6], что необходимо ввести в рассмотрение четвертый $c$-кварк с электрич. зарядом $Q_{c}=2 / 3$, к-рый характеризуется новым квантовым числом «очарование». Это предсказание было экспериментально подтверждено в 1974 после открытия семейства тяжельх векторных $J / \psi$-мезонов, к-рые оказались связанными состояниями $c-\mathrm{K}$. В 1977 было обнаружено другое семейство более тяжелых векторных $\gamma$-мезонов, сушествование к-рых находит свое объяснение после введения пятого $b$-К. с электрич. зарядом $Q_{b}=-1 / 3$ и соответствующим им ароматом, носяшим название «красоты». В настоящее время также ведутся поиски шестого $t$-К. с электрич. зарядом $Q_{t}=2 / 3$, предсказываемого стандартной теорией электрослабых взаимодействий. В этой теории, основанной на калибровочной $S U(2)$-симметрии, К. классифицируются как три «поколения» дублетов и синглетов, составленных соответственно из лево- и право- компонент кварковых полей (см. [7], [8]).

Многочисленные эксперименты по поиску К. в свободном состоянии как частиц, несущих дробные электрич. заряды, пропорциональные 1/3 заряда электрона, до сих пор не привели к положительным результатам. Этот факт находит естественное объяснение в рамках гипотезы конфайнмента, согласно к-рой цветные частицы, преобразуюшиеся по нетривиальному представлению цветовой группы $S U(3)_{\text {color }}$, не существуют в свободном состоянии. Тем не менее, в экспериментах при высоких энергиях К. проявляют себя в качестве струй вторичных адронов, причем характерные особенности этих струй могут быть связаны с породившими их К.

Jum.: [1] Gell - Man n M., «Phys. Lett.», 1964, v. 8, p. 214-15; [2] Zweig G., CERN report 8182/TH, 401, 1964; [3] Боголюбов Н. Н., Струминский Б. В., Тавхелидзе А. Н., препринт Д 1968, Дубна, 1965; [4] Релятивистски-инвариантные уравнения для составных частиц и формфакторы, Дубна, 1965; [5] Н a n M., $\mathrm{Na}$ mbu Y., &quot;Phys. Rev.», 1965, v. 139, № 4 B, p. 1006-10; [6] Glashow S., Iliopoulos J., Maiani L., &quot;Phys. Rev.», 1970, v. D2, p. 1285-92; [7] Weinberg S., «Phys. Rev. Lett.», 1967, v. 19, p. 1264-66; [8] Salam A., Elementary particle theory, L., 1968, $\begin{array}{ll}\text { p. 367-77. } &amp; \text { A. Л. Катаee. } \\ &amp; \end{array}$</text_orig>
</article>
