<?xml version="1.0" ?>
<article uri="http://libmeta.ru/fme/article/1215_KVATERNIO" alphabetic_pos="1217">
  <title>КВАТЕРНИОН</title>
  <authors/>
  <pages>
    <start>264</start>
    <end>264</end>
  </pages>
  <literature>
    <literature_orig/>
  </literature>
  <formulas_main>
    <formula uri="http://libmeta.ru/fme/formula/main/1215_1_KVATERNIO">q=\alpha_{0} 1+\alpha_{1} i+\alpha_{2} j+\alpha_{3} k</formula>
    <formula uri="http://libmeta.ru/fme/formula/main/1215_2_KVATERNIO">\left.\begin{array}{c}1 i=i, 1 j=j, 1 k=k, 1^{2}=1, i^{2}=j^{2}=k^{2}=-1, \\j i=-j i=k, k i=-i k=j, j k=-k j=i .\end{array}\right\}</formula>
    <formula uri="http://libmeta.ru/fme/formula/main/1215_3_KVATERNIO">q q^{\prime}=\sum_{i, j} \alpha_{i} \beta_{j} e_{i} e_{j},</formula>
    <formula uri="http://libmeta.ru/fme/formula/main/1215_4_KVATERNIO">q=\alpha_{0}+V</formula>
    <formula uri="http://libmeta.ru/fme/formula/main/1215_5_KVATERNIO">V_{1} V_{2}=-\left(V_{1} V_{2}\right)+\left[V_{1} V_{2}\right]</formula>
    <formula uri="http://libmeta.ru/fme/formula/main/1215_6_KVATERNIO">e_{0}=\left\|\begin{array}{ll}1 &amp; 0 \\0 &amp; 1\end{array}\right\|, \quad e_{1}=i\|\| \begin{array}{ll}0 &amp; 1 \\1 &amp; 0\end{array}\left\|, \quad e_{2}=i\right\| \begin{array}{cc}0 &amp; i \\-i &amp; 0\end{array}\left\|, \quad e_{3}=i\right\| \begin{array}{cc}1 &amp; 0 \\0 &amp; -1\end{array} \| .</formula>
  </formulas_main>
  <formulas_aux>
    <formula uri="http://libmeta.ru/fme/formula/aux/1215_1_KVATERNIO">\mathbb{h}</formula>
    <formula uri="http://libmeta.ru/fme/formula/aux/1215_2_KVATERNIO">\alpha_{0}, \alpha_{1}, \alpha_{2}, \alpha_{3}-</formula>
    <formula uri="http://libmeta.ru/fme/formula/aux/1215_3_KVATERNIO">(1, i, j, k)-</formula>
    <formula uri="http://libmeta.ru/fme/formula/aux/1215_4_KVATERNIO">\mathbb{h}</formula>
    <formula uri="http://libmeta.ru/fme/formula/aux/1215_5_KVATERNIO">q</formula>
    <formula uri="http://libmeta.ru/fme/formula/aux/1215_6_KVATERNIO">\alpha</formula>
    <formula uri="http://libmeta.ru/fme/formula/aux/1215_7_KVATERNIO">q=\alpha_{i} e_{i}</formula>
    <formula uri="http://libmeta.ru/fme/formula/aux/1215_8_KVATERNIO">q^{\prime}=\beta_{i} e_{i}</formula>
    <formula uri="http://libmeta.ru/fme/formula/aux/1215_9_KVATERNIO">\mathbb{h}</formula>
    <formula uri="http://libmeta.ru/fme/formula/aux/1215_10_KVATERNIO">\mathbb{h}-</formula>
    <formula uri="http://libmeta.ru/fme/formula/aux/1215_11_KVATERNIO">\mathbb{h}</formula>
    <formula uri="http://libmeta.ru/fme/formula/aux/1215_12_KVATERNIO">\mathbb{r}=\left\{\alpha e_{0}\right\}</formula>
    <formula uri="http://libmeta.ru/fme/formula/aux/1215_13_KVATERNIO">\mathbb{c}=\left\{\alpha e_{0}+\beta e_{1}\right\}</formula>
    <formula uri="http://libmeta.ru/fme/formula/aux/1215_14_KVATERNIO">\mathbb{h}</formula>
    <formula uri="http://libmeta.ru/fme/formula/aux/1215_15_KVATERNIO">q=\alpha_{0} e_{0}+\alpha_{1} e_{1}+\alpha_{2} e_{2}+\alpha_{3} e_{3}</formula>
    <formula uri="http://libmeta.ru/fme/formula/aux/1215_16_KVATERNIO">\bar{q}=\alpha_{0} e_{0}-\alpha_{1} e_{1}-\alpha_{2} e_{2}-\alpha_{3} e_{3}</formula>
    <formula uri="http://libmeta.ru/fme/formula/aux/1215_17_KVATERNIO">n(q)=q \bar{q}=\bar{q} q=\alpha_{0}^{2}+\alpha_{1}^{2}+\alpha_{2}^{2}+\alpha_{3}^{2}=|q|^{2}</formula>
    <formula uri="http://libmeta.ru/fme/formula/aux/1215_18_KVATERNIO">q^{-1}=\bar{q} /|q|^{2}</formula>
  </formulas_aux>
  <relations n="0"/>
  <text>элемент множества $URI[[http://libmeta.ru/fme/formula/aux/1215_1_KVATERNIO]]/URI$, представимый в виде

\[
URI[[http://libmeta.ru/fme/formula/main/1215_1_KVATERNIO]]/URI
\]

где $URI[[http://libmeta.ru/fme/formula/aux/1215_2_KVATERNIO]]/URI$ действительные числа, а $URI[[http://libmeta.ru/fme/formula/aux/1215_3_KVATERNIO]]/URI$ образующие базиса в $URI[[http://libmeta.ru/fme/formula/aux/1215_4_KVATERNIO]]/URI$, удовлетворяющие соотношениям:

\[
URI[[http://libmeta.ru/fme/formula/main/1215_2_KVATERNIO]]/URI
\]

Умножение К. $URI[[http://libmeta.ru/fme/formula/aux/1215_5_KVATERNIO]]/URI$ на скаляр $URI[[http://libmeta.ru/fme/formula/aux/1215_6_KVATERNIO]]/URI$ и сложение К. определяются так же, как и для обычных векторов. Можно ввести произведение двух К. $URI[[http://libmeta.ru/fme/formula/aux/1215_7_KVATERNIO]]/URI$ и $URI[[http://libmeta.ru/fme/formula/aux/1215_8_KVATERNIO]]/URI$ формулой

\[
URI[[http://libmeta.ru/fme/formula/main/1215_3_KVATERNIO]]/URI
\]

иногда выделяют скалярную и векторную части К.:

\[
URI[[http://libmeta.ru/fme/formula/main/1215_4_KVATERNIO]]/URI
\]

тогда умножение векторных частей определяется формулой

\[
URI[[http://libmeta.ru/fme/formula/main/1215_5_KVATERNIO]]/URI
\]

Тем самым множество $URI[[http://libmeta.ru/fme/formula/aux/1215_9_KVATERNIO]]/URI$ превращается в алгебру (а л г е 6 р у к в а т е р н и о нов). Из соотношений (1) следует, что $URI[[http://libmeta.ru/fme/formula/aux/1215_10_KVATERNIO]]/URI$ некоммутативная, но ассоциативная алгебра. Алгебра $URI[[http://libmeta.ru/fme/formula/aux/1215_11_KVATERNIO]]/URI$ содержит в виде подалгебры поле действительных чисел $URI[[http://libmeta.ru/fme/formula/aux/1215_12_KVATERNIO]]/URI$ и поле комплексных чисел $URI[[http://libmeta.ru/fme/formula/aux/1215_13_KVATERNIO]]/URI$.

Алгебра $URI[[http://libmeta.ru/fme/formula/aux/1215_14_KVATERNIO]]/URI$ допускает изоморфное матричное представление с помощью Паули матриц:

\[
URI[[http://libmeta.ru/fme/formula/main/1215_6_KVATERNIO]]/URI
\]

Для каждого К. $URI[[http://libmeta.ru/fme/formula/aux/1215_15_KVATERNIO]]/URI$ определены сопряженный К. $URI[[http://libmeta.ru/fme/formula/aux/1215_16_KVATERNIO]]/URI$ и норма $URI[[http://libmeta.ru/fme/formula/aux/1215_17_KVATERNIO]]/URI$. Обратным кватернионом является $URI[[http://libmeta.ru/fme/formula/aux/1215_18_KVATERNIO]]/URI$. Каждый ненулевой К. имеет обратный.

Наряду с действительными и комплексными числами в различных вопросах теории представлений групп, топологии и физики можно использовать К. Вращение трехмерного пространства можно задать при помощи К. с нормой 1 (аналогично тому, как вращение плоскости задается комплексным числом с модулем 1).</text>
  <text_orig>элемент множества $\mathbb{H}$, представимый в виде

\[
q=\alpha_{0} 1+\alpha_{1} i+\alpha_{2} j+\alpha_{3} k
\]

где $\alpha_{0}, \alpha_{1}, \alpha_{2}, \alpha_{3}-$ действительные числа, а $(1, i, j, k)-$ образуюшие базиса в $\mathbb{H}$, удовлетворяюшие соотношениям:

\[
\left.\begin{array}{c}
1 i=i, 1 j=j, 1 k=k, 1^{2}=1, i^{2}=j^{2}=k^{2}=-1, \\
j i=-j i=k, k i=-i k=j, j k=-k j=i .
\end{array}\right\}
\]

Умножение К. $q$ на скаляр $\alpha$ и сложение К. определяются так же, как и для обычных векторов. Можно ввести произведение двух К. $q=\alpha_{i} e_{i}$ и $q^{\prime}=\beta_{i} e_{i}$ формулой

\[
q q^{\prime}=\sum_{i, j} \alpha_{i} \beta_{j} e_{i} e_{j},
\]

иногда выделяют скалярную и векторную части К.:

\[
q=\alpha_{0}+V
\]

тогда умножение векторных частей определяется формулой

\[
V_{1} V_{2}=-\left(V_{1} V_{2}\right)+\left[V_{1} V_{2}\right]
\]

Тем самым множество $\mathbb{H}$ преврашается в алгебру (а л г е 6 р у к в а т е р н и о нов). Из соотношений (1) следует, что $\mathbb{H}-$ некоммутативная, но ассоциативная алгебра. Алгебра $\mathbb{H}$ содержит в виде подалгебры поле действительных чисел $\mathbb{R}=\left\{\alpha e_{0}\right\}$ и поле комплексных чисел $\mathbb{C}=\left\{\alpha e_{0}+\beta e_{1}\right\}$.

Алгебра $\mathbb{H}$ допускает изоморфное матричное представление с помошью Паули матриц:

\[
e_{0}=\left\|\begin{array}{ll}
1 &amp; 0 \\
0 &amp; 1
\end{array}\right\|, \quad e_{1}=i\|\| \begin{array}{ll}
0 &amp; 1 \\
1 &amp; 0
\end{array}\left\|, \quad e_{2}=i\right\| \begin{array}{cc}
0 &amp; i \\
-i &amp; 0
\end{array}\left\|, \quad e_{3}=i\right\| \begin{array}{cc}
1 &amp; 0 \\
0 &amp; -1
\end{array} \| .
\]

Для каждого К. $q=\alpha_{0} e_{0}+\alpha_{1} e_{1}+\alpha_{2} e_{2}+\alpha_{3} e_{3}$ определены сопряженный К. $\bar{q}=\alpha_{0} e_{0}-\alpha_{1} e_{1}-\alpha_{2} e_{2}-\alpha_{3} e_{3}$ и норма $N(q)=q \bar{q}=\bar{q} q=\alpha_{0}^{2}+\alpha_{1}^{2}+\alpha_{2}^{2}+\alpha_{3}^{2}=|q|^{2}$. Обратным кватернионом является $q^{-1}=\bar{q} /|q|^{2}$. Каждый ненулевой К. имеет обратный.

Наряду с действительными и комплексными числами в различных вопросах теории представлений групп, топологии и физики можно использовать К. Врашение трехмерного пространства можно задать при помощи К. с нормой 1 (аналогично тому, как вращение плоскости задается комплексным числом с модулем 1).</text_orig>
</article>
