<?xml version="1.0" ?>
<article uri="http://libmeta.ru/fme/article/1216_KEL'VINA" alphabetic_pos="1218">
  <title>КЕЛЬВИНА ПРЕОБРАЗОВАНИЕ</title>
  <authors/>
  <pages>
    <start>264</start>
    <end>265</end>
  </pages>
  <literature>
    <literature_orig/>
  </literature>
  <formulas_main>
    <formula uri="http://libmeta.ru/fme/formula/main/1216_1_KEL'VINA">v(y)=\left(\frac{R}{|y|}\right)^{n-2} u\left(\frac{R^{2}}{|y|^{2}}, y\right), \quad v(\infty)=0,</formula>
    <formula uri="http://libmeta.ru/fme/formula/main/1216_2_KEL'VINA">x \rightarrow y=\frac{R^{2}}{|x|^{2}} x, \quad 0 \rightarrow \infty</formula>
    <formula uri="http://libmeta.ru/fme/formula/main/1216_3_KEL'VINA">\lim _{|x| \rightarrow \infty} u(x)=0</formula>
  </formulas_main>
  <formulas_aux>
    <formula uri="http://libmeta.ru/fme/formula/aux/1216_1_KEL'VINA">\mathbb{r}^{n}</formula>
    <formula uri="http://libmeta.ru/fme/formula/aux/1216_2_KEL'VINA">n \geqslant 3</formula>
    <formula uri="http://libmeta.ru/fme/formula/aux/1216_3_KEL'VINA">u(x)</formula>
    <formula uri="http://libmeta.ru/fme/formula/aux/1216_4_KEL'VINA">d \subset \mathbb{R}^{n}</formula>
    <formula uri="http://libmeta.ru/fme/formula/aux/1216_5_KEL'VINA">d^{*}</formula>
    <formula uri="http://libmeta.ru/fme/formula/aux/1216_6_KEL'VINA">d</formula>
    <formula uri="http://libmeta.ru/fme/formula/aux/1216_7_KEL'VINA">s_{r}=\{x:|x|=r\}</formula>
    <formula uri="http://libmeta.ru/fme/formula/aux/1216_8_KEL'VINA">\mathbb{r}^{n}</formula>
    <formula uri="http://libmeta.ru/fme/formula/aux/1216_9_KEL'VINA">x=\left(x_{1}, \ldots, x_{n}\right), \quad|x|=\left(x_{1}^{2}+\ldots+x_{n}^{2}\right)^{1 / 2}</formula>
    <formula uri="http://libmeta.ru/fme/formula/aux/1216_10_KEL'VINA">u(x)</formula>
    <formula uri="http://libmeta.ru/fme/formula/aux/1216_11_KEL'VINA">d</formula>
    <formula uri="http://libmeta.ru/fme/formula/aux/1216_12_KEL'VINA">\infty</formula>
    <formula uri="http://libmeta.ru/fme/formula/aux/1216_13_KEL'VINA">\infty</formula>
    <formula uri="http://libmeta.ru/fme/formula/aux/1216_14_KEL'VINA">v(y)</formula>
    <formula uri="http://libmeta.ru/fme/formula/aux/1216_15_KEL'VINA">d^{*}</formula>
    <formula uri="http://libmeta.ru/fme/formula/aux/1216_16_KEL'VINA">o</formula>
    <formula uri="http://libmeta.ru/fme/formula/aux/1216_17_KEL'VINA">v(0)=0</formula>
    <formula uri="http://libmeta.ru/fme/formula/aux/1216_18_KEL'VINA">\mathbb{r}^{n}, n \geqslant 3</formula>
    <formula uri="http://libmeta.ru/fme/formula/aux/1216_19_KEL'VINA">v(y)=</formula>
    <formula uri="http://libmeta.ru/fme/formula/aux/1216_20_KEL'VINA">=\varphi(y) u(\psi(y))</formula>
    <formula uri="http://libmeta.ru/fme/formula/aux/1216_21_KEL'VINA">\varphi(y) \equiv 1</formula>
    <formula uri="http://libmeta.ru/fme/formula/aux/1216_22_KEL'VINA">\psi</formula>
    <formula uri="http://libmeta.ru/fme/formula/aux/1216_23_KEL'VINA">n=2</formula>
    <formula uri="http://libmeta.ru/fme/formula/aux/1216_24_KEL'VINA">\psi</formula>
    <formula uri="http://libmeta.ru/fme/formula/aux/1216_25_KEL'VINA">\quad</formula>
  </formulas_aux>
  <relations n="0"/>
  <text>преобразование функций, определенных в областях евклидова пространства $URI[[http://libmeta.ru/fme/formula/aux/1216_1_KEL'VINA]]/URI$, $URI[[http://libmeta.ru/fme/formula/aux/1216_2_KEL'VINA]]/URI$, при котором гармонические функции переходят в гармонические. Получено У. Томсоном (w. Thomson, 1847) (лордом Кельвином).

Если $URI[[http://libmeta.ru/fme/formula/aux/1216_3_KEL'VINA]]/URI$ - гармонич. функция в области $URI[[http://libmeta.ru/fme/formula/aux/1216_4_KEL'VINA]]/URI$, то ее К. П. есть функция

\[
URI[[http://libmeta.ru/fme/formula/main/1216_1_KEL'VINA]]/URI
\]

гармоническая в области $URI[[http://libmeta.ru/fme/formula/aux/1216_5_KEL'VINA]]/URI$, получающейся из $URI[[http://libmeta.ru/fme/formula/aux/1216_6_KEL'VINA]]/URI$ инверсией относительно сферы $URI[[http://libmeta.ru/fme/formula/aux/1216_7_KEL'VINA]]/URI$, то есть отображением пространства $URI[[http://libmeta.ru/fme/formula/aux/1216_8_KEL'VINA]]/URI$, определяемым формулами

\[
URI[[http://libmeta.ru/fme/formula/main/1216_2_KEL'VINA]]/URI
\]

где $URI[[http://libmeta.ru/fme/formula/aux/1216_9_KEL'VINA]]/URI$.

При К. П. гармонич. функции $URI[[http://libmeta.ru/fme/formula/aux/1216_10_KEL'VINA]]/URI$ в областях $URI[[http://libmeta.ru/fme/formula/aux/1216_11_KEL'VINA]]/URI$, содержащих $URI[[http://libmeta.ru/fme/formula/aux/1216_12_KEL'VINA]]/URI$, регулярные в $URI[[http://libmeta.ru/fme/formula/aux/1216_13_KEL'VINA]]/URI$, то есть такие, что

\[
URI[[http://libmeta.ru/fme/formula/main/1216_3_KEL'VINA]]/URI
\] переходят в гармонич. функции $URI[[http://libmeta.ru/fme/formula/aux/1216_14_KEL'VINA]]/URI$ в ограниченных областях $URI[[http://libmeta.ru/fme/formula/aux/1216_15_KEL'VINA]]/URI$, содержащих начало координат $URI[[http://libmeta.ru/fme/formula/aux/1216_16_KEL'VINA]]/URI$, причем $URI[[http://libmeta.ru/fme/formula/aux/1216_17_KEL'VINA]]/URI$. Благодаря этому свойству, К. п. позволяет сводить внешние краевые задачи теории потенциала к внутренним, и наоборот.

Кроме К. П., гармоничность функций в $URI[[http://libmeta.ru/fme/formula/aux/1216_18_KEL'VINA]]/URI$, сохраняется при аналитич. преобразованиях вида $URI[[http://libmeta.ru/fme/formula/aux/1216_19_KEL'VINA]]/URI$ $URI[[http://libmeta.ru/fme/formula/aux/1216_20_KEL'VINA]]/URI$ только в случае, когда $URI[[http://libmeta.ru/fme/formula/aux/1216_21_KEL'VINA]]/URI$ и $URI[[http://libmeta.ru/fme/formula/aux/1216_22_KEL'VINA]]/URI$ есть отображение подобия, движение или симметрия относительно плоскости; при $URI[[http://libmeta.ru/fme/formula/aux/1216_23_KEL'VINA]]/URI$ этим свойством обладает широкий класс конформных отображений $URI[[http://libmeta.ru/fme/formula/aux/1216_24_KEL'VINA]]/URI$. $URI[[http://libmeta.ru/fme/formula/aux/1216_25_KEL'VINA]]/URI$. Д. Соломенцев.</text>
  <text_orig>преобразование функций, определенных в областях евклидова пространства $\mathbb{R}^{n}$, $n \geqslant 3$, при котором гармонические функции переходят в гармонические. Получено У. Томсоном (W. Thomson, 1847) (лордом Кельвином).

Если $u(x)$ - гармонич. функция в области $D \subset \mathbb{R}^{n}$, то ее К. П. есть функция

\[
v(y)=\left(\frac{R}{|y|}\right)^{n-2} u\left(\frac{R^{2}}{|y|^{2}}, y\right), \quad v(\infty)=0,
\]

гармоническая в области $D^{*}$, получающейся из $D$ инверсией относительно сферы $S_{R}=\{x:|x|=R\}$, то есть отображением пространства $\mathbb{R}^{n}$, определяемым формулами

\[
x \rightarrow y=\frac{R^{2}}{|x|^{2}} x, \quad 0 \rightarrow \infty
\]

где $x=\left(x_{1}, \ldots, x_{n}\right), \quad|x|=\left(x_{1}^{2}+\ldots+x_{n}^{2}\right)^{1 / 2}$.

При К. П. гармонич. функции $u(x)$ в областях $D$, содержаших $\infty$, регулярные в $\infty$, то есть такие, что

\[
\lim _{|x| \rightarrow \infty} u(x)=0
\] переходят в гармонич. функции $v(y)$ в ограниченных областях $D^{*}$, содержащих начало координат $O$, причем $v(0)=0$. Благодаря этому свойству, К. п. позволяет сводить внешние краевые задачи теории потенциала к внутренним, и наоборот.

Кроме К. П., гармоничность функций в $\mathbb{R}^{n}, n \geqslant 3$, сохраняется при аналитич. преобразованиях вида $v(y)=$ $=\varphi(y) u(\psi(y))$ только в случае, когда $\varphi(y) \equiv 1$ и $\psi$ есть отображение подобия, движение или симметрия относительно плоскости; при $n=2$ этим свойством обладает широкий класс конформных отображений $\psi$. $\quad$. Д. Соломенцев.</text_orig>
</article>
