<?xml version="1.0" ?>
<article uri="http://libmeta.ru/fme/article/1221_KILLINGA" alphabetic_pos="1223">
  <title>КИЛЛИНГА ВЕКТОРНОЕ ПОЛЕ</title>
  <authors/>
  <pages>
    <start>265</start>
    <end>266</end>
  </pages>
  <literature>
    <literature_orig>Jum.: [1] Killing W., «j. reine und angew. Math.», 1892, Bd 109, S. 121-86; [2] Коба я с и Ш., Номо дз у К., Основы дифференциальной геометрии, т. 1, пер. с англ., М., 1981; [3] Ал е к с е е вс к и й Д. В., в кн.: Математическая энциклопедия, т. 2, М., 1979, $\begin{array}{ll}\text { с. } 856 . &amp; \text { И.Х. Сабитов. } \\ &amp; \end{array}$</literature_orig>
    <unit>
      <author>Killing W.</author>
      <title>«j. reine und angew. Math.»</title>
      <publication/>
      <year>1892</year>
      <other>Bd 109, S. 121-86</other>
    </unit>
    <unit>
      <author>Кобаяси Ш.</author>
      <author>Номодзу К.</author>
      <title>Основы дифференциальной геометрии</title>
      <publication>пер. с англ., М.</publication>
      <year>1981</year>
      <other>т. 1</other>
    </unit>
    <unit>
      <author>Алексеевский Д. В.</author>
      <title>в кн.: Математическая энциклопедия</title>
      <publication>М.</publication>
      <year>1979</year>
      <other>т. 2, $\begin{array}{ll}\text { с. } 856 . &amp; \text { И.Х. Сабитов. } \\ &amp; \end{array}$</other>
    </unit>
  </literature>
  <formulas_main>
    <formula uri="http://libmeta.ru/fme/formula/main/1221_1_KILLINGA">f_{t}: x \rightarrow x+\operatorname{th}(x)+o(t), t \rightarrow 0,</formula>
    <formula uri="http://libmeta.ru/fme/formula/main/1221_2_KILLINGA">\xi=\frac{d}{d t}\left(f_{t}\right)=h^{i}(x) \frac{\partial}{\partial x^{i}},</formula>
    <formula uri="http://libmeta.ru/fme/formula/main/1221_3_KILLINGA">g_{i p} \frac{\partial h^{p}}{\partial x^{i}}+g_{p i} \frac{\partial h^{p}}{\partial x^{i}}+\frac{\partial q_{i j}}{\partial x^{p}} h^{p}=0,</formula>
    <formula uri="http://libmeta.ru/fme/formula/main/1221_4_KILLINGA">h^{i}(x)=\left\{a^{i}+a_{j}^{i} x^{j}\right\}</formula>
    <formula uri="http://libmeta.ru/fme/formula/main/1221_5_KILLINGA">\frac{1}{\lambda}\left(-a_{3}^{2}, a_{3}^{1},-a_{2}^{1}\right)</formula>
  </formulas_main>
  <formulas_aux>
    <formula uri="http://libmeta.ru/fme/formula/aux/1221_1_KILLINGA">t</formula>
    <formula uri="http://libmeta.ru/fme/formula/aux/1221_2_KILLINGA">f_{t}: M \rightarrow M</formula>
    <formula uri="http://libmeta.ru/fme/formula/aux/1221_3_KILLINGA">m</formula>
    <formula uri="http://libmeta.ru/fme/formula/aux/1221_4_KILLINGA">g_{i j}</formula>
    <formula uri="http://libmeta.ru/fme/formula/aux/1221_5_KILLINGA">x^{i}</formula>
    <formula uri="http://libmeta.ru/fme/formula/aux/1221_6_KILLINGA">t=0</formula>
    <formula uri="http://libmeta.ru/fme/formula/aux/1221_7_KILLINGA">l_{\xi} g</formula>
    <formula uri="http://libmeta.ru/fme/formula/aux/1221_8_KILLINGA">g_{i j}</formula>
    <formula uri="http://libmeta.ru/fme/formula/aux/1221_9_KILLINGA">\xi</formula>
    <formula uri="http://libmeta.ru/fme/formula/aux/1221_10_KILLINGA">m</formula>
    <formula uri="http://libmeta.ru/fme/formula/aux/1221_11_KILLINGA">\xi</formula>
    <formula uri="http://libmeta.ru/fme/formula/aux/1221_12_KILLINGA">l_{\xi} g=0</formula>
    <formula uri="http://libmeta.ru/fme/formula/aux/1221_13_KILLINGA">\boldsymbol{m}</formula>
    <formula uri="http://libmeta.ru/fme/formula/aux/1221_14_KILLINGA">x \rightarrow x(t)</formula>
    <formula uri="http://libmeta.ru/fme/formula/aux/1221_15_KILLINGA">m</formula>
    <formula uri="http://libmeta.ru/fme/formula/aux/1221_16_KILLINGA">\dot{x}(t)=\xi(x(t))</formula>
    <formula uri="http://libmeta.ru/fme/formula/aux/1221_17_KILLINGA">g_{i j}=\delta_{i j}</formula>
    <formula uri="http://libmeta.ru/fme/formula/aux/1221_18_KILLINGA">a_{i}^{j}=-a_{j}^{i}</formula>
    <formula uri="http://libmeta.ru/fme/formula/aux/1221_19_KILLINGA">a=\left\{a^{i}\right\}</formula>
    <formula uri="http://libmeta.ru/fme/formula/aux/1221_20_KILLINGA">\lambda(t)</formula>
  </formulas_aux>
  <relations n="0"/>
  <text>обобщение понятия поля скоростей движения в евклидовом пространстве на римановы пространства. Пусть гладкое относительно нек-рого параметра $URI[[http://libmeta.ru/fme/formula/aux/1221_1_KILLINGA]]/URI$ (времени) семейство $URI[[http://libmeta.ru/fme/formula/aux/1221_2_KILLINGA]]/URI$ локальных изометрий риманова многообразия $URI[[http://libmeta.ru/fme/formula/aux/1221_3_KILLINGA]]/URI$ с метрич. тензором $URI[[http://libmeta.ru/fme/formula/aux/1221_4_KILLINGA]]/URI$ представлено в локальных координатах $URI[[http://libmeta.ru/fme/formula/aux/1221_5_KILLINGA]]/URI$ в виде:

\[
URI[[http://libmeta.ru/fme/formula/main/1221_1_KILLINGA]]/URI
\]

тогда оно в момент $URI[[http://libmeta.ru/fme/formula/aux/1221_6_KILLINGA]]/URI$ порождает векторное поле

\[
URI[[http://libmeta.ru/fme/formula/main/1221_2_KILLINGA]]/URI
\]

удовлетворяющее равенству

\[
URI[[http://libmeta.ru/fme/formula/main/1221_3_KILLINGA]]/URI
\]

означающему, что так наз. производная Ли $URI[[http://libmeta.ru/fme/formula/aux/1221_7_KILLINGA]]/URI$ тензора $URI[[http://libmeta.ru/fme/formula/aux/1221_8_KILLINGA]]/URI$ по векторному полю $URI[[http://libmeta.ru/fme/formula/aux/1221_9_KILLINGA]]/URI$ равна нулю. Обратно, если на $URI[[http://libmeta.ru/fme/formula/aux/1221_10_KILLINGA]]/URI$ задано нек-рое векторное поле $URI[[http://libmeta.ru/fme/formula/aux/1221_11_KILLINGA]]/URI$ с условием $URI[[http://libmeta.ru/fme/formula/aux/1221_12_KILLINGA]]/URI$, то оно

Киллинга 265 называется векторным полем Киллинга и его интегральные траектории порождают локальную (а в случае полного $URI[[http://libmeta.ru/fme/formula/aux/1221_13_KILLINGA]]/URI$ - глобальную) однопараметрич. группу изометрий $URI[[http://libmeta.ru/fme/formula/aux/1221_14_KILLINGA]]/URI$ в $URI[[http://libmeta.ru/fme/formula/aux/1221_15_KILLINGA]]/URI$, для к-рых скорость $URI[[http://libmeta.ru/fme/formula/aux/1221_16_KILLINGA]]/URI$. Напр., в случае трехмерного евклидова пространства со стандартной метрикой $URI[[http://libmeta.ru/fme/formula/aux/1221_17_KILLINGA]]/URI$ К. в. П. имеет координаты

\[
URI[[http://libmeta.ru/fme/formula/main/1221_4_KILLINGA]]/URI
\]

с $URI[[http://libmeta.ru/fme/formula/aux/1221_18_KILLINGA]]/URI$, а соответствующая однопараметрич. группа изометрий (движений) определяется переносом на вектор at, $URI[[http://libmeta.ru/fme/formula/aux/1221_19_KILLINGA]]/URI$, и вращением вокруг оси с единичным направлением

\[
URI[[http://libmeta.ru/fme/formula/main/1221_5_KILLINGA]]/URI
\]

на угол $URI[[http://libmeta.ru/fme/formula/aux/1221_20_KILLINGA]]/URI$

См. также Метрика пространства-времени, Риманова геометрия.</text>
  <text_orig>обобщение понятия поля скоростей движения в евклидовом пространстве на римановы пространства. Пусть гладкое относительно нек-рого параметра $t$ (времени) семейство $f_{t}: M \rightarrow M$ локальных изометрий риманова многообразия $M$ с метрич. тензором $g_{i j}$ представлено в локальных координатах $x^{i}$ в виде:

\[
f_{t}: x \rightarrow x+\operatorname{th}(x)+o(t), t \rightarrow 0,
\]

тогда оно в момент $t=0$ порождает векторное поле

\[
\xi=\frac{d}{d t}\left(f_{t}\right)=h^{i}(x) \frac{\partial}{\partial x^{i}},
\]

удовлетворяющее равенству

\[
g_{i p} \frac{\partial h^{p}}{\partial x^{i}}+g_{p i} \frac{\partial h^{p}}{\partial x^{i}}+\frac{\partial q_{i j}}{\partial x^{p}} h^{p}=0,
\]

означающему, что так наз. производная Ли $L_{\xi} g$ тензора $g_{i j}$ по векторному полю $\xi$ равна нулю. Обратно, если на $M$ задано нек-рое векторное поле $\xi$ с условием $L_{\xi} g=0$, то оно

КИЛЛИНГА 265 называется векторным полем Киллинга и его интегральные траектории порождают локальную (а в случае полного $\boldsymbol{M}$ - глобальную) однопараметрич. группу изометрий $x \rightarrow x(t)$ в $M$, для к-рых скорость $\dot{x}(t)=\xi(x(t))$. Напр., в случае трехмерного евклидова пространства со стандартной метрикой $g_{i j}=\delta_{i j}$ К. в. П. имеет координаты

\[
h^{i}(x)=\left\{a^{i}+a_{j}^{i} x^{j}\right\}
\]

с $a_{i}^{j}=-a_{j}^{i}$, а соответствующая однопараметрич. группа изометрий (движений) определяется переносом на вектор at, $a=\left\{a^{i}\right\}$, и врашением вокруг оси с единичным направлением

\[
\frac{1}{\lambda}\left(-a_{3}^{2}, a_{3}^{1},-a_{2}^{1}\right)
\]

на угол $\lambda(t)$

См. также Метрика пространства-времени, Риманова геометрия.

Jum.: [1] Killing W., «J. reine und angew. Math.», 1892, Bd 109, S. 121-86; [2] Коба я с и Ш., Номо дз у К., Основы дифференциальной геометрии, т. 1, пер. с англ., М., 1981; [3] Ал е к с е е вс к и й Д. В., в кн.: Математическая энциклопедия, т. 2, М., 1979, $\begin{array}{ll}\text { с. } 856 . &amp; \text { И.Х. Сабитов. } \\ &amp; \end{array}$</text_orig>
</article>
