<?xml version="1.0" ?>
<article uri="http://libmeta.ru/fme/article/1222_KILLINGA" alphabetic_pos="1224">
  <title>КИЛЛИНГА ФОРМА</title>
  <authors/>
  <pages>
    <start>266</start>
    <end>266</end>
  </pages>
  <literature>
    <literature_orig/>
  </literature>
  <formulas_main>
    <formula uri="http://libmeta.ru/fme/formula/main/1222_1_KILLINGA">\{x,[y, z]\}=0 . \quad \text { Ю. А. Неретин. }</formula>
  </formulas_main>
  <formulas_aux>
    <formula uri="http://libmeta.ru/fme/formula/aux/1222_1_KILLINGA">, строяшаяся следующим образом. Пусть (S - алгебра Ли, а </formula>
    <formula uri="http://libmeta.ru/fme/formula/aux/1222_2_KILLINGA"> - элемент (s) и ad </formula>
    <formula uri="http://libmeta.ru/fme/formula/aux/1222_3_KILLINGA"> - оператор в (\</formula>
    <formula uri="http://libmeta.ru/fme/formula/aux/1222_4_KILLINGA">\operatorname{ad}_{x}(y)=[x, y]</formula>
    <formula uri="http://libmeta.ru/fme/formula/aux/1222_5_KILLINGA">\{x, y\}-</formula>
    <formula uri="http://libmeta.ru/fme/formula/aux/1222_6_KILLINGA">\mathrm{ad}_{x} \mathrm{ad}_{y}</formula>
    <formula uri="http://libmeta.ru/fme/formula/aux/1222_7_KILLINGA">g</formula>
    <formula uri="http://libmeta.ru/fme/formula/aux/1222_8_KILLINGA">g</formula>
    <formula uri="http://libmeta.ru/fme/formula/aux/1222_9_KILLINGA">x, y, z</formula>
  </formulas_aux>
  <relations n="1">
    <relation uri="http://libmeta.ru/fme/relation/1222_1_KILLINGA">
      <rel_text>Ли алгебра</rel_text>
      <target>http://libmeta.ru/fme/article/1583_LI</target>
    </relation>
  </relations>
  <text>симметричная билинейная форма #\{x, y\}$URI[[http://libmeta.ru/fme/formula/aux/1222_1_KILLINGA]]/URI$x$URI[[http://libmeta.ru/fme/formula/aux/1222_2_KILLINGA]]/URI${ }_{x}$URI[[http://libmeta.ru/fme/formula/aux/1222_3_KILLINGA]]/URI$), задаваемый формулой $URI[[http://libmeta.ru/fme/formula/aux/1222_4_KILLINGA]]/URI$. Тогда К. ф. $URI[[http://libmeta.ru/fme/formula/aux/1222_5_KILLINGA]]/URI$ форма, равная следу произведения $URI[[http://libmeta.ru/fme/formula/aux/1222_6_KILLINGA]]/URI$. К. ф. инвариантна относительно операторов присоединенного представления группы Ли $URI[[http://libmeta.ru/fme/formula/aux/1222_7_KILLINGA]]/URI$, соответствующей алгебре (s. К. Ф. невырождена тогда и только тогда, когда (s) полупроста (см. URI[[http://libmeta.ru/fme/relation/1222_1_KILLINGA]]/URI). Если К. ф. отрицательно определена, то группа $URI[[http://libmeta.ru/fme/formula/aux/1222_8_KILLINGA]]/URI$ компактна. Алгебра (s разрешима тогда и только тогда, когда для любых ее элементов $URI[[http://libmeta.ru/fme/formula/aux/1222_9_KILLINGA]]/URI$ выполнено

\[
URI[[http://libmeta.ru/fme/formula/main/1222_1_KILLINGA]]/URI
\]</text>
  <text_orig>симметричная билинейная форма $\{x, y\}$, строяшаяся следующим образом. Пусть (S - алгебра Ли, а $x$ - элемент (s) и ad ${ }_{x}$ - оператор в (\$), задаваемый формулой $\operatorname{ad}_{x}(y)=[x, y]$. Тогда К. ф. $\{x, y\}-$ форма, равная следу произведения $\mathrm{ad}_{x} \mathrm{ad}_{y}$. К. ф. инвариантна относительно операторов присоединенного представления группы Ли $G$, соответствуюшей алгебре (S. К. Ф. невырождена тогда и только тогда, когда (s) полупроста (см. Ли алгебра). Если К. ф. отрицательно определена, то группа $G$ компактна. Алгебра (s разрешима тогда и только тогда, когда для любых ее элементов $x, y, z$ выполнено

\[
\{x,[y, z]\}=0 . \quad \text { Ю. А. Неретин. }
\]</text_orig>
</article>
