<?xml version="1.0" ?>
<article uri="http://libmeta.ru/fme/article/1223_KINEMATIK" alphabetic_pos="1225">
  <title>КИНЕМАТИКА</title>
  <authors>
    <author>C. M. Tape</author>
  </authors>
  <pages>
    <start>266</start>
    <end>266</end>
  </pages>
  <literature>
    <literature_orig/>
  </literature>
  <formulas_main/>
  <formulas_aux>
    <formula uri="http://libmeta.ru/fme/formula/aux/1223_1_KINEMATIK">\varphi</formula>
    <formula uri="http://libmeta.ru/fme/formula/aux/1223_2_KINEMATIK">\varphi=f(t)</formula>
  </formulas_aux>
  <relations n="1">
    <relation uri="http://libmeta.ru/fme/relation/1223_1_KINEMATIK">
      <rel_text>Степеней свободы</rel_text>
      <target>http://libmeta.ru/fme/article/2955_STEPENI</target>
    </relation>
  </relations>
  <text>раздел механики, в котором изучаются геометрические свойства движений тел, без учета их масс и действующих на них сил. В зависимости от свойств изучаемого объекта К. разделяют на К. точки, К. твердого тела и К. непрерывной изменяемой среды (деформируемого твердого тела, жидкости, газа).

Движение любого объекта в К. изучают по отношению к нек-рой системе отсчета. Движение рассматриваемого объекта считается заданным (известным), если известны уравнения (графики, таблицы), позволяющие определить положение этого объекта по отношению к системе отсчета в любой момент времени.

Основная задача К.- установление способов задания движения точек или тел и определение соответствующих кинематич. характеристик этих движений (траектории, скорости и ускорения движущихся точек, угловые скорости и ускорения вращающихся тел и др.).

Способы задания движения твердого тела зависят от вида его движения, а число уравнений движения - от числа степеней свободы тела (см. URI[[http://libmeta.ru/fme/relation/1223_1_KINEMATIK]]/URI число). Простейшими являются поступательное и вращательное движения твердого тела. При поступательном движении все точки тела движутся одинаково, и его движение задается и изучается так же, как движение одной точки. При вращательном движении вокруг неподвижной оси тело имеет одну степень свободы; его положение определяется углом поворота $URI[[http://libmeta.ru/fme/formula/aux/1223_1_KINEMATIK]]/URI$, а закон движения задается уравнением $URI[[http://libmeta.ru/fme/formula/aux/1223_2_KINEMATIK]]/URI$. Основными кинематич. характеристиками являются угловая скорость и угловое ускорение.

Более сложным является движение тела, имеющего одну неподвижную точку и обладающего тремя степенями свободы (напр., гироскоп). В этом случае положение тела относительно системы отсчета может определяться так наз. Эйлера углами, а закон движения - уравнениями, выражающими зависимость этих углов от времени. Самый общий случай - движение свободного твердого тела, имеющего шесть степеней свободы. Положение тела определяется тремя координатами одной из его точек, называемой полюсом (в задачах динамики за полюс обычно принимается центр тяжести тела), и тремя углами, к-рые выбираются так же, как для тела с неподвижной точкой. Закон движения тела задается шестью уравнениями, выражающими зависимости названных координат и углов от времени. Основные кинематич. характеристики - скорость и ускорение поступательной части движения, равные скорости и ускорению полюса, и угловые скорость и ускорение вращения тела вокруг полюса.

В К. изучают также сложное движение точек или тел, то есть движение, рассматриваемое одновременно по отношению к двум (или более) взаимно перемещающимся системам отсчета. При этом одну из систем отсчета рассматривают как основную (ее условно называют н е п о д в и ж н о й), а перемещающуюся по отношению к ней систему отсчета п о д в и н о й; в общем случае подвижных систем отсчета может быть несколько. При изучении сложного движения точки ее движение, а также скорость и ускорение по отношению к основной системе отсчета называют а б с ол ю т н ы м и, а по отношению к подвижной системе - о т н о с и те л ь ным и. Основные задачи К. сложного движения заключаются в установлении зависимостей между кинематич. характеристиками абсолютного и относительного движений точки (или тела) и характеристиками движения подвижной системы отсчета.

В К. сплошной среды устанавливаются способы задания движения этой среды, рассматривается общая теория деформаций и определяются так наз. уравнения неразрывности среды.</text>
  <text_orig>раздел механики, в котором изучаются геометрические свойства движений тел, без учета их масс и действующих на них сил. В зависимости от свойств изучаемого объекта К. разделяют на К. точки, К. твердого тела и К. непрерывной изменяемой среды (деформируемого твердого тела, жидкости, газа).

Движение любого объекта в К. изучают по отношению к нек-рой системе отсчета. Движение рассматриваемого объекта считается заданным (известным), если известны уравнения (графики, таблицы), позволяющие определить положение этого объекта по отношению к системе отсчета в любой момент времени.

Основная задача К.- установление способов задания движения точек или тел и определение соответствующих кинематич. характеристик этих движений (траектории, скорости и ускорения движущихся точек, угловые скорости и ускорения врашающихся тел и др.).

Способы задания движения твердого тела зависят от вида его движения, а число уравнений движения - от числа степеней свободы тела (см. Степеней свободы число). Простейшими являются поступательное и вращательное движения твердого тела. При поступательном движении все точки тела движутся одинаково, и его движение задается и изучается так же, как движение одной точки. При вращательном движении вокруг неподвижной оси тело имеет одну степень свободы; его положение определяется углом поворота $\varphi$, а закон движения задается уравнением $\varphi=f(t)$. Основными кинематич. характеристиками являются угловая скорость и угловое ускорение.

Более сложным является движение тела, имеющего одну неподвижную точку и обладаюшего тремя степенями свободы (напр., гироскоп). В этом случае положение тела относительно системы отсчета может определяться так наз. Эйлера углами, а закон движения - уравнениями, выражающими зависимость этих углов от времени. Самый общий случай - движение свободного твердого тела, имеющего шесть степеней свободы. Положение тела определяется тремя координатами одной из его точек, называемой полюсом (в задачах динамики за полюс обычно принимается центр тяжести тела), и тремя углами, к-рые выбираются так же, как для тела с неподвижной точкой. Закон движения тела задается шестью уравнениями, выражающими зависимости названных координат и углов от времени. Основные кинематич. характеристики - скорость и ускорение поступательной части движения, равные скорости и ускорению полюса, и угловые скорость и ускорение врашения тела вокруг полюса.

В К. изучают также сложное движение точек или тел, то есть движение, рассматриваемое одновременно по отношению к двум (или более) взаимно перемещающимся системам отсчета. При этом одну из систем отсчета рассматривают как основную (ее условно называют н е п о д в и ж н о й), а перемешаюшуюся по отношению к ней систему отсчета п о д в и н о й; в общем случае подвижных систем отсчета может быть несколько. При изучении сложного движения точки ее движение, а также скорость и ускорение по отношению к основной системе отсчета называют а б с ол ю т н ы м и, а по отношению к подвижной системе - о т н о с и те л ь ным и. Основные задачи К. сложного движения заключаются в установлении зависимостей между кинематич. характеристиками абсолютного и относительного движений точки (или тела) и характеристиками движения подвижной системы отсчета.

В К. сплошной среды устанавливаются способы задания движения этой среды, рассматривается обшая теория деформаций и определяются так наз. уравнения неразрывности среды.

C. M. Tape.</text_orig>
</article>
