<?xml version="1.0" ?>
<article uri="http://libmeta.ru/fme/article/1224_KINEMATIChESKAJa" alphabetic_pos="1226">
  <title>КИНЕМАТИЧЕСКАЯ ИНТЕРПРЕТАЦИЯ СИСТЕМЫ ДИФФЕРЕНЦИАЛЬНЫХ УРАВНЕНИЙ</title>
  <authors/>
  <pages>
    <start>266</start>
    <end>266</end>
  </pages>
  <literature>
    <literature_orig/>
  </literature>
  <formulas_main/>
  <formulas_aux/>
  <relations n="1">
    <relation uri="http://libmeta.ru/fme/relation/1224_1_KINEMATIChESKAJa">
      <rel_text>Динамическая система</rel_text>
      <target>http://libmeta.ru/fme/article/826_DINAMIChESKAJa</target>
    </relation>
  </relations>
  <text>см. URI[[http://libmeta.ru/fme/relation/1224_1_KINEMATIChESKAJa]]/URI.</text>
  <text_orig>см. Динамическая система.</text_orig>
</article>
