<?xml version="1.0" ?>
<article uri="http://libmeta.ru/fme/article/1225_KINEMATIChESKAJa" alphabetic_pos="1227">
  <title>КИНЕМАТИЧЕСКАЯ СВЯЗЬ, ДИФФЕРЕНЦИАЛЬНАЯ СВЯЗЬ, НЕ ГОЛОНОМНАЯ СВЯЗЬ</title>
  <authors/>
  <pages>
    <start>266</start>
    <end>266</end>
  </pages>
  <literature>
    <literature_orig/>
  </literature>
  <formulas_main/>
  <formulas_aux/>
  <relations n="0"/>
  <text>связь неголономной системы. См. также Связи механические.</text>
  <text_orig>связь неголономной системы. СМ. также Связи механические.</text_orig>
</article>
