<?xml version="1.0" ?>
<article uri="http://libmeta.ru/fme/article/1227_KINETIChESKAJa" alphabetic_pos="1229">
  <title>КИНЕТИЧЕСКАЯ ЭНЕРГИЯ</title>
  <authors/>
  <pages>
    <start>266</start>
    <end>267</end>
  </pages>
  <literature>
    <literature_orig/>
  </literature>
  <formulas_main>
    <formula uri="http://libmeta.ru/fme/formula/main/1227_1_KINETIChESKAJa">T=m v^{2} / 2</formula>
    <formula uri="http://libmeta.ru/fme/formula/main/1227_2_KINETIChESKAJa">T=\sum m_{k} v_{k}^{2} / 2</formula>
    <formula uri="http://libmeta.ru/fme/formula/main/1227_3_KINETIChESKAJa">T=\frac{M v_{c}^{2}}{2}+T_{c},</formula>
    <formula uri="http://libmeta.ru/fme/formula/main/1227_4_KINETIChESKAJa">T_{2}-T_{1}=\sum_{k} A_{k}^{e}+\sum_{k_{0}} A_{k}^{i} .</formula>
    <formula uri="http://libmeta.ru/fme/formula/main/1227_5_KINETIChESKAJa">T=\frac{m_{0} c^{2}}{\sqrt{1-v^{2} / c^{2}}}-m_{0} c^{2},</formula>
    <formula uri="http://libmeta.ru/fme/formula/main/1227_6_KINETIChESKAJa">m_{0} v^{2} / 2</formula>
  </formulas_main>
  <formulas_aux>
    <formula uri="http://libmeta.ru/fme/formula/aux/1227_1_KINETIChESKAJa">m</formula>
    <formula uri="http://libmeta.ru/fme/formula/aux/1227_2_KINETIChESKAJa">v-</formula>
    <formula uri="http://libmeta.ru/fme/formula/aux/1227_3_KINETIChESKAJa">m-</formula>
    <formula uri="http://libmeta.ru/fme/formula/aux/1227_4_KINETIChESKAJa">v_{c}</formula>
    <formula uri="http://libmeta.ru/fme/formula/aux/1227_5_KINETIChESKAJa">t_{c}-</formula>
    <formula uri="http://libmeta.ru/fme/formula/aux/1227_6_KINETIChESKAJa">a_{k}^{e}</formula>
    <formula uri="http://libmeta.ru/fme/formula/aux/1227_7_KINETIChESKAJa">a_{k}^{i}</formula>
    <formula uri="http://libmeta.ru/fme/formula/aux/1227_8_KINETIChESKAJa">m_{0}-</formula>
    <formula uri="http://libmeta.ru/fme/formula/aux/1227_9_KINETIChESKAJa">c-</formula>
    <formula uri="http://libmeta.ru/fme/formula/aux/1227_10_KINETIChESKAJa">m_{0} c^{2}-</formula>
    <formula uri="http://libmeta.ru/fme/formula/aux/1227_11_KINETIChESKAJa">(v \ll c)</formula>
  </formulas_aux>
  <relations n="0"/>
  <text>энергия механической системы, зависящая от скоростей ее точек. К. э. T материальной точки равна:

\[
URI[[http://libmeta.ru/fme/formula/main/1227_1_KINETIChESKAJa]]/URI
\]

где $URI[[http://libmeta.ru/fme/formula/aux/1227_1_KINETIChESKAJa]]/URI$ - масса этой точки, $URI[[http://libmeta.ru/fme/formula/aux/1227_2_KINETIChESKAJa]]/URI$ ее скорость. К. э. механической системы равна сумме К. э. всех ее точек:

\[
URI[[http://libmeta.ru/fme/formula/main/1227_2_KINETIChESKAJa]]/URI
\]

Выражение К. э. системы можно еще представить в виде:

\[
URI[[http://libmeta.ru/fme/formula/main/1227_3_KINETIChESKAJa]]/URI
\]

где $URI[[http://libmeta.ru/fme/formula/aux/1227_3_KINETIChESKAJa]]/URI$ масса всей системы, $URI[[http://libmeta.ru/fme/formula/aux/1227_4_KINETIChESKAJa]]/URI$ - скорость центра масс, $URI[[http://libmeta.ru/fme/formula/aux/1227_5_KINETIChESKAJa]]/URI$ К. э. системы в ее движении вокруг центра масс. К. э. твердого тела, движущегося поступательно, вычисляется так же, как К. э. точки, имеющей массу, равную массе всего тела.

Изменение К. э. системы при ее перемещении из положения 1 в положение 2 происходит под действием приложенных к системе внешних и внутренних сил и равно сумме работ $URI[[http://libmeta.ru/fme/formula/aux/1227_6_KINETIChESKAJa]]/URI$ и $URI[[http://libmeta.ru/fme/formula/aux/1227_7_KINETIChESKAJa]]/URI$ этих сил на данном перемещении:

\[
URI[[http://libmeta.ru/fme/formula/main/1227_4_KINETIChESKAJa]]/URI
\]

Это равенство выражает теорему об изменении К. э., с помощью к-рой решаются многие задачи динамики.

При скоростях, близких к скорости света, К. э. материальной точки равна:

\[
URI[[http://libmeta.ru/fme/formula/main/1227_5_KINETIChESKAJa]]/URI
\]

где $URI[[http://libmeta.ru/fme/formula/aux/1227_8_KINETIChESKAJa]]/URI$ масса покоящейся материальной точки, $URI[[http://libmeta.ru/fme/formula/aux/1227_9_KINETIChESKAJa]]/URI$ ско- рость света в вакууме ( $URI[[http://libmeta.ru/fme/formula/aux/1227_10_KINETIChESKAJa]]/URI$ энергия покоя точки). При малых скоростях $URI[[http://libmeta.ru/fme/formula/aux/1227_11_KINETIChESKAJa]]/URI$ последнее соотношение переходит в обычную формулу

\[
URI[[http://libmeta.ru/fme/formula/main/1227_6_KINETIChESKAJa]]/URI
\]

C. M. Tapr.

См. также Энергия.</text>
  <text_orig>энергия механической системы, зависяшая от скоростей ее точек. К. э. T материальной точки равна:

\[
T=m v^{2} / 2
\]

где $m$ - масса этой точки, $v-$ ее скорость. К. э. механической системы равна сумме К. э. всех ее точек:

\[
T=\sum m_{k} v_{k}^{2} / 2
\]

Выражение К. э. системы можно еще представить в виде:

\[
T=\frac{M v_{c}^{2}}{2}+T_{c},
\]

где $M-$ масса всей системы, $v_{c}$ - скорость центра масс, $T_{c}-$ К. э. системы в ее движении вокруг центра масс. К. э. твердого тела, движущегося поступательно, вычисляется так же, как К. э. точки, имеющей массу, равную массе всего тела.

Изменение К. э. системы при ее перемешении из положения 1 в положение 2 происходит под действием приложенных к системе внешних и внутренних сил и равно сумме работ $A_{k}^{e}$ и $A_{k}^{i}$ этих сил на данном перемешении:

\[
T_{2}-T_{1}=\sum_{k} A_{k}^{e}+\sum_{k_{0}} A_{k}^{i} .
\]

Это равенство выражает теорему об изменении К. э., с помощью к-рой решаются многие задачи динамики.

При скоростях, близких к скорости света, К. э. материальной точки равна:

\[
T=\frac{m_{0} c^{2}}{\sqrt{1-v^{2} / c^{2}}}-m_{0} c^{2},
\]

где $m_{0}-$ масса покоящейся материальной точки, $c-$ ско- рость света в вакууме ( $m_{0} c^{2}-$ энергия покоя точки). При малых скоростях $(v \ll c)$ последнее соотношение переходит в обычную формулу

\[
m_{0} v^{2} / 2
\]

C. M. Tapr.

См. также Энергия.</text_orig>
</article>
