<?xml version="1.0" ?>
<article uri="http://libmeta.ru/fme/article/1228_KINETIChESKIJ" alphabetic_pos="1230">
  <title>КИНЕТИЧЕСКИЙ МОМЕНТ</title>
  <authors/>
  <pages>
    <start>267</start>
    <end>267</end>
  </pages>
  <literature>
    <literature_orig/>
  </literature>
  <formulas_main/>
  <formulas_aux/>
  <relations n="0"/>
  <text>см. Момент количества движения.</text>
  <text_orig>см. Момент количества движения.</text_orig>
</article>
