<?xml version="1.0" ?>
<article uri="http://libmeta.ru/fme/article/1230_KINETIChESKOE" alphabetic_pos="1232">
  <title>КИНЕТИЧЕСКОЕ УРАВНЕНИЕ</title>
  <authors>
    <author>В. И. Герасименко</author>
  </authors>
  <pages>
    <start>267</start>
    <end>267</end>
  </pages>
  <literature>
    <literature_orig>Лит.: [1] Б о го л ю бо в Н. Н., Избранные труды, т. 2, Киев, 1970; [2] Л и бо в Р., Введение в теорию кинетических уравнений, пер с англ., М., 1974; [3] Грэ д Г., в кн.: Термодинамика газов, пер. с англ. и нем., М., 1970, с. 5-168; [4] Итоги науки и техники. Современные проблемы математики. Фундаментальные направления, т. 2, M., 1985, c. 233-307.</literature_orig>
    <unit>
      <author>Боголюбов Н. Н.</author>
      <title>Избранные труды</title>
      <publication>Киев</publication>
      <year>1970</year>
      <other>т. 2</other>
    </unit>
    <unit>
      <author>Либов Р.</author>
      <title>Введение в теорию кинетических уравнений, пер с англ.</title>
      <publication>М.</publication>
      <year>1974</year>
      <other/>
    </unit>
    <unit>
      <author>Грэд Г.</author>
      <title>в кн.: Термодинамика газов</title>
      <publication>пер. с англ. и нем., М.</publication>
      <year>1970</year>
      <other>с. 5-168</other>
    </unit>
    <unit>
      <title>Итоги науки и техники. Современные проблемы математики. Фундаментальные направления</title>
      <publication>M.</publication>
      <year>1985</year>
      <other>т. 2, c. 233-307.</other>
    </unit>
  </literature>
  <formulas_main>
    <formula uri="http://libmeta.ru/fme/formula/main/1230_1_KINETIChESKOE">\frac{d}{d t} F_{1}(t, x)=A\left(x ; F_{1}(t, x)\right)</formula>
  </formulas_main>
  <formulas_aux>
    <formula uri="http://libmeta.ru/fme/formula/aux/1230_1_KINETIChESKOE">f_{1}(t, x)</formula>
    <formula uri="http://libmeta.ru/fme/formula/aux/1230_2_KINETIChESKOE">\left(x \equiv(q, p) \in \mathbb{R}^{v} \times \mathbb{R}^{v}-\right.</formula>
    <formula uri="http://libmeta.ru/fme/formula/aux/1230_3_KINETIChESKOE">a\left(x ; F_{1}(t, x)\right)</formula>
    <formula uri="http://libmeta.ru/fme/formula/aux/1230_4_KINETIChESKOE">t</formula>
    <formula uri="http://libmeta.ru/fme/formula/aux/1230_5_KINETIChESKOE">f_{1}(t, x)</formula>
    <formula uri="http://libmeta.ru/fme/formula/aux/1230_6_KINETIChESKOE">n</formula>
  </formulas_aux>
  <relations n="1">
    <relation uri="http://libmeta.ru/fme/relation/1230_1_KINETIChESKOE">
      <rel_text>Равновесных состояний кинетический предел</rel_text>
      <target>http://libmeta.ru/fme/article/2490_RAVNOVESNYE</target>
    </relation>
  </relations>
  <text>эволюционное уравнение для одночастичной функции распределения $URI[[http://libmeta.ru/fme/formula/aux/1230_1_KINETIChESKOE]]/URI$ $URI[[http://libmeta.ru/fme/formula/aux/1230_2_KINETIChESKOE]]/URI$ координата и импульс частицы) типа

\[
URI[[http://libmeta.ru/fme/formula/main/1230_1_KINETIChESKOE]]/URI
\]

где выражение $URI[[http://libmeta.ru/fme/formula/aux/1230_3_KINETIChESKOE]]/URI$ в любой момент времени $URI[[http://libmeta.ru/fme/formula/aux/1230_4_KINETIChESKOE]]/URI$ полностью определяется функцией $URI[[http://libmeta.ru/fme/formula/aux/1230_5_KINETIChESKOE]]/URI$ для этого же момента. Для квантовых систем К. у. определяется аналогичным образом для одночастичной редуцированной плотности матрицы (см. [1]). Основные примеры К. у.: Больцмана уравнение, Власова уравнение, Фоккера - Планка уравнение, Ландау уравнение, Больцмана - Энскога уравнение. Родственные им уравнения рассмотрены в [2].

Проблема обоснования К. у. связана с выводом К. у. из уравнений эволюции состояния статистич. систем - Боголюбова уравнений. Метод Н. Н. Боголюбова вывода К. у. состоит в том, что на основе асимптотич. разложений по малому параметру строится частное решение уравнений Боголюбова, к-рое зависит от времени через одночастичную функцию распределения. Если начальные функции распределения удовлетворяют принципу ослабления корреляций (см. Кластерное свойство), то одночастичные функции распределения определяются из К. у. Интерпретируется К.у. как уравнение эволюции состояния системы на определенном (кинетич.) этапе процесса релаксации к равновесному состоянию. Существуют и другие методы вывода K. у. (см. [2], [3]).

Так как состояние системы частиц описывается последовательностью $URI[[http://libmeta.ru/fme/formula/aux/1230_6_KINETIChESKOE]]/URI$-частичных функций распределения, то, следовательно, К. у. описывает эволюцию состояния в определенной предельной ситуации. Поэтому в математич. работах последнего времени проблема обоснования К.у. формулируется как построение соответствующего предела для решений уравнений Боголюбова. Предельный переход совершается по параметрам, входящим в гамильтониан системы, таким образом, что выполнение условия факторизации для предельных функций распределения в начальный момент времени влечет за собой выполнение аналогичного условия в любой момент времени (в системе отсутствуют корреляции). Следует подчеркнуть, что в кинетич. пределе описываются системы бесконечного числа частиц.

Предел решений уравнений Боголюбова удовлетворяет цепочке предельных уравнений Боголюбова. (для стационарных решений уравнений Боголюбова см. URI[[http://libmeta.ru/fme/relation/1230_1_KINETIChESKOE]]/URI.) Если в начальном состоянии отсутствуют корреляции, то состояние предельной системы в любой момент времени описывается одночастичной функцией распределения, к-рая удовлетворяет К.у. Таким образом, приходят к уравнению Больцмана в Больцмана - Грэда пределе (см. [3]), к уравнению Власова в среднего поля пределе и т. П. (см. [4]).

В настоящее время строгие результаты, связанные с выводом К. у., получены в пределе среднего поля для гладкого потенциала и интегрируемых начальных данных, в пределе Больцмана - Грэда для системы упругих шаров.

Вопросы существования и единственности решений К. у. весьма нетривиальны, известны случаи точных решений (см. [4]). К.у. находят широкое применение в различных разделах физики.</text>
  <text_orig>эволюцИонное уравнение для одночастичной функции распределения $F_{1}(t, x)$ $\left(x \equiv(q, p) \in \mathbb{R}^{v} \times \mathbb{R}^{v}-\right.$ координата и импульс частицы) типа

\[
\frac{d}{d t} F_{1}(t, x)=A\left(x ; F_{1}(t, x)\right)
\]

где выражение $A\left(x ; F_{1}(t, x)\right)$ в любой момент времени $t$ полностью определяется функцией $F_{1}(t, x)$ для этого же момента. Для квантовых систем К. у. определяется аналогичным образом для одночастичной редуцированной плотности матрицы (см. [1]). Основные примеры К. у.: Больцмана уравнение, Власова уравнение, Фоккера - Планка уравнение, Ландау уравнение, Больцмана - Энскога уравнение. Родственные им уравнения рассмотрены в [2].

Проблема обоснования К. у. связана с выводом К. у. из уравнений эволюции состояния статистич. систем - Боголюбова уравнений. Метод Н. Н. Боголюбова вывода К. у. состоит в том, что на основе асимптотич. разложений по малому параметру строится частное решение уравнений Боголюбова, к-рое зависит от времени через одночастичную функцию распределения. Если начальные функции распределения удовлетворяют принципу ослабления корреляций (см. Кластерное свойство), то одночастичные функции распределения определяются из К. у. Интерпретируется К.у. как уравнение эволюции состояния системы на определенном (кинетич.) этапе процесса релаксации к равновесному состоянию. Существуют и другие методы вывода K. у. (см. [2], [3]).

Так как состояние системы частиц описывается последовательностью $n$-частичных функший распределения, то, следовательно, К. у. описывает эволюцию состояния в определенной предельной ситуации. Поэтому в математич. работах последнего времени проблема обоснования К.у. формулируется как построение соответствующего предела для решений уравнений Боголюбова. Предельный переход совершается по параметрам, входяшим в гамильтониан системы, таким образом, что выполнение условия факторизации для предельных функций распределения в начальный момент времени влечет за собой выполнение аналогичного условия в любой момент времени (в системе отсутствуют корреляции). Следует подчеркнуть, что в кинетич. пределе описываются системы бесконечного числа частиц.

Предел решений уравнений Боголюбова удовлетворяет цепочке предельных уравнений Боголюбова. (Для стационарных решений уравнений Боголюбова см. Равновесных состояний кинетический предел.) Если в начальном состоянии отсутствуют корреляции, то состояние предельной системы в любой момент времени описывается одночастичной функцией распределения, к-рая удовлетворяет К.у. Таким образом, приходят к уравнению Больцмана в Больцмана - Грэда пределе (см. [3]), к уравнению Власова в среднего поля пределе и т. П. (см. [4]).

В настоящее время строгие результаты, связанные с выводом К. у., получены в пределе среднего поля для гладкого потенциала и интегрируемых начальных данных, в пределе Больцмана - Грэда для системы упругих шаров.

Вопросы сушествования и единственности решений К. у. весьма нетривиальны, известны случаи точных решений (см. [4]). К.у. находят широкое применение в различных разделах физики.

Лит.: [1] Б о го л ю бо в Н. Н., Избранные труды, т. 2, Киев, 1970; [2] Л и бо в Р., Введение в теорию кинетических уравнений, пер с англ., М., 1974; [3] Грэ д Г., в кн.: Термодинамика газов, пер. с англ. и нем., М., 1970, с. 5-168; [4] Итоги науки и техники. Современные проблемы математики. Фундаментальные направления, т. 2, M., 1985, c. 233-307.

В. И. Герасименко.</text_orig>
</article>
