<?xml version="1.0" ?>
<article uri="http://libmeta.ru/fme/article/1231_KINETIChESKOE" alphabetic_pos="1233">
  <title>КИНЕТИЧЕСКОЕ УРАВНЕНИЕ БОЛЬЦМАНА</title>
  <authors/>
  <pages>
    <start>267</start>
    <end>267</end>
  </pages>
  <literature>
    <literature_orig/>
  </literature>
  <formulas_main/>
  <formulas_aux/>
  <relations n="1">
    <relation uri="http://libmeta.ru/fme/relation/1231_1_KINETIChESKOE">
      <rel_text>Больцмана кинетическое уравнение</rel_text>
      <target>http://libmeta.ru/fme/article/1231_KINETIChESKOE</target>
    </relation>
  </relations>
  <text>см. URI[[http://libmeta.ru/fme/relation/1231_1_KINETIChESKOE]]/URI.</text>
  <text_orig>см. Больимана кинетическое уравнение.</text_orig>
</article>
