<?xml version="1.0" ?>
<article uri="http://libmeta.ru/fme/article/1232_KIN" alphabetic_pos="1234">
  <title>КИНК</title>
  <authors>
    <author>В. П. Котляров</author>
  </authors>
  <pages>
    <start>267</start>
    <end>267</end>
  </pages>
  <literature>
    <literature_orig>Лит.: [1] Солитоны в действии, пер. с англ., М., 1981; [2] Т а х таджя н Л.А., Фадде ев Л. Д., Гамильтонов подход в теории солитонов, М., 1986.</literature_orig>
    <unit>
      <title>Солитоны в действии</title>
      <publication>пер. с англ., М.</publication>
      <year>1981</year>
      <other/>
    </unit>
    <unit>
      <author>Тахтаджян Л. А.</author>
      <author>Фаддеев Л. Д.</author>
      <title>Гамильтонов подход в теории солитонов</title>
      <publication>М.</publication>
      <year>1986</year>
      <other/>
    </unit>
  </literature>
  <formulas_main>
    <formula uri="http://libmeta.ru/fme/formula/main/1232_1_KIN">u_{t t}-u_{x x}+\sin u=0 \text {. }</formula>
    <formula uri="http://libmeta.ru/fme/formula/main/1232_2_KIN">u_{ \pm}(x, t)=4 \operatorname{arctg} \exp \left[ \pm\left(1-v^{2}\right)^{-1 / 2}\left(x-v t-x_{0}\right)\right] .</formula>
    <formula uri="http://libmeta.ru/fme/formula/main/1232_3_KIN">Q=\frac{1}{2 \pi} \int_{-\infty}^{\infty} \frac{\partial u(x, t)}{\partial x} d x .</formula>
    <formula uri="http://libmeta.ru/fme/formula/main/1232_4_KIN">u_{t}-6 u^{2} u_{x}+u_{x x x}=0</formula>
    <formula uri="http://libmeta.ru/fme/formula/main/1232_5_KIN">u(x, t)= \pm a \operatorname{th}\left[a\left(x+2 a^{2} t-x_{0}\right)\right] .</formula>
  </formulas_main>
  <formulas_aux>
    <formula uri="http://libmeta.ru/fme/formula/aux/1232_1_KIN">u_{+}(x, t)</formula>
    <formula uri="http://libmeta.ru/fme/formula/aux/1232_2_KIN">u_{-}(x, t)</formula>
    <formula uri="http://libmeta.ru/fme/formula/aux/1232_3_KIN">\bmod 2 \pi</formula>
    <formula uri="http://libmeta.ru/fme/formula/aux/1232_4_KIN">q=1</formula>
    <formula uri="http://libmeta.ru/fme/formula/aux/1232_5_KIN">u(x, t)-</formula>
    <formula uri="http://libmeta.ru/fme/formula/aux/1232_6_KIN">q=-1</formula>
    <formula uri="http://libmeta.ru/fme/formula/aux/1232_7_KIN">u(x, t)</formula>
  </formulas_aux>
  <relations n="0"/>
  <text>термин, впервые возникший в теории синус-Гордона уравнения

\[
URI[[http://libmeta.ru/fme/formula/main/1232_1_KIN]]/URI
\]

К инк $URI[[http://libmeta.ru/fme/formula/aux/1232_1_KIN]]/URI$ и антикинк $URI[[http://libmeta.ru/fme/formula/aux/1232_2_KIN]]/URI$ - это односолитонные решения уравнения синус-Гордона:

\[
URI[[http://libmeta.ru/fme/formula/main/1232_2_KIN]]/URI
\]

Убывающие (по $URI[[http://libmeta.ru/fme/formula/aux/1232_3_KIN]]/URI$ ) решения уравнения синус-Гордона имеют важную целочисленную характеристику - топологич. заряд

\[
URI[[http://libmeta.ru/fme/formula/main/1232_3_KIN]]/URI
\]

Если $URI[[http://libmeta.ru/fme/formula/aux/1232_4_KIN]]/URI$, то $URI[[http://libmeta.ru/fme/formula/aux/1232_5_KIN]]/URI$ солитон (кинк, флюксон), если $URI[[http://libmeta.ru/fme/formula/aux/1232_6_KIN]]/URI$, то $URI[[http://libmeta.ru/fme/formula/aux/1232_7_KIN]]/URI$ - антисолитон (антикинк, антифлюксон) (см. [1], [2]). Позднее, для других нелинейных эволюционных уравнений термин «к.» («антикинк») стал употребляться для одиночных солитонов, имеющих форму «перегиба». Напр., К. (антикинк) уравнения Миуры - Кортевега - де Фриса

\[
URI[[http://libmeta.ru/fme/formula/main/1232_4_KIN]]/URI
\]

имеет вид:

\[
URI[[http://libmeta.ru/fme/formula/main/1232_5_KIN]]/URI
\]

См. также Беклунда преобразование.</text>
  <text_orig>термин, впервые возникший в теории синус-Гордона уравнения

\[
u_{t t}-u_{x x}+\sin u=0 \text {. }
\]

К инк $u_{+}(x, t)$ и антикинк $u_{-}(x, t)$ - это односолитонные решения уравнения синус-Гордона:

\[
u_{ \pm}(x, t)=4 \operatorname{arctg} \exp \left[ \pm\left(1-v^{2}\right)^{-1 / 2}\left(x-v t-x_{0}\right)\right] .
\]

Убывающие (по $\bmod 2 \pi$ ) решения уравнения синус-Гордона имеют важную целочисленную характеристику - топологич. заряд

\[
Q=\frac{1}{2 \pi} \int_{-\infty}^{\infty} \frac{\partial u(x, t)}{\partial x} d x .
\]

Если $Q=1$, то $u(x, t)-$ солитон (кинк, флюксон), если $Q=-1$, то $u(x, t)$ - антисолитон (антикинк, антифлюксон) (см. [1], [2]). Позднее, для других нелинейных эволюционных уравнений термин «К.» («антикинк») стал употребляться для одиночных солитонов, имеющих форму «перегиба». Напр., К. (антикинк) уравнения Миуры - Кортевега - де Фриса

\[
u_{t}-6 u^{2} u_{x}+u_{x x x}=0
\]

имеет вид:

\[
u(x, t)= \pm a \operatorname{th}\left[a\left(x+2 a^{2} t-x_{0}\right)\right] .
\]

См. также Беклунда преобразование.

Лит.: [1] Солитоны в действии, пер. с англ., М., 1981; [2] Т а х таджя н Л.А., Фадде ев Л. Д., Гамильтонов подход в теории солитонов, М., 1986.

В. П. Котляров.</text_orig>
</article>
