<?xml version="1.0" ?>
<article uri="http://libmeta.ru/fme/article/1234_KIRAL'NAJa" alphabetic_pos="1236">
  <title>КИРАЛЬНАЯ СИММЕТРИЯ СИЛЬНОГО ВЗАИМОДЕЙСТВИЯ</title>
  <authors>
    <author>В. И. Захаров</author>
  </authors>
  <pages>
    <start>268</start>
    <end>268</end>
  </pages>
  <literature>
    <literature_orig>Лum.: [1] В а йнш те й н А. И., З а харо в В. И., «успехи физич. наук», 1970, т. 100, с. 225; [2] В айнштей н А. И., там же, 1977, т. 123, с. 217; [3] Р а м о П., Теория поля, пер. с англ., М., 1984.</literature_orig>
    <unit>
      <author>Вайнштейн А. И.</author>
      <author>Захаров В. И.</author>
      <title>«успехи физич. наук»</title>
      <publication/>
      <year>1970</year>
      <other>т. 100, с. 225</other>
    </unit>
    <unit>
      <author>Вайнштейн А. И.</author>
      <title>там же</title>
      <publication/>
      <year>1977</year>
      <other>т. 123, с. 217</other>
    </unit>
    <unit>
      <author>Рамо П.</author>
      <title>Теория поля</title>
      <publication>пер. с англ., М.</publication>
      <year>1984</year>
      <other/>
    </unit>
  </literature>
  <formulas_main>
    <formula uri="http://libmeta.ru/fme/formula/main/1234_1_KIRAL'NAJa">m_{u} \approx 3 \mathrm{M} \ni \mathrm{B}, m_{d} \approx 5 \mathrm{M} \text { Э }, m_{s} \approx 125 \mathrm{M} \ni \text { В. }</formula>
    <formula uri="http://libmeta.ru/fme/formula/main/1234_2_KIRAL'NAJa">q_{L(R)} \rightarrow\left(1+i \sum_{a=1}^{8} \xi_{L(R)}^{a} \lambda^{a}\right) q_{L(R)}</formula>
  </formulas_main>
  <formulas_aux>
    <formula uri="http://libmeta.ru/fme/formula/aux/1234_1_KIRAL'NAJa">q=u, d, s</formula>
    <formula uri="http://libmeta.ru/fme/formula/aux/1234_2_KIRAL'NAJa">\hbar=c=1)</formula>
    <formula uri="http://libmeta.ru/fme/formula/aux/1234_3_KIRAL'NAJa">u-, d</formula>
    <formula uri="http://libmeta.ru/fme/formula/aux/1234_4_KIRAL'NAJa">s</formula>
    <formula uri="http://libmeta.ru/fme/formula/aux/1234_5_KIRAL'NAJa">u-, d-, s</formula>
    <formula uri="http://libmeta.ru/fme/formula/aux/1234_6_KIRAL'NAJa">q_{l}, q_{R}</formula>
    <formula uri="http://libmeta.ru/fme/formula/aux/1234_7_KIRAL'NAJa">\xi_{l}^{a}</formula>
    <formula uri="http://libmeta.ru/fme/formula/aux/1234_8_KIRAL'NAJa">\xi_{r}^{a}</formula>
    <formula uri="http://libmeta.ru/fme/formula/aux/1234_9_KIRAL'NAJa">a=1, \ldots, 8</formula>
    <formula uri="http://libmeta.ru/fme/formula/aux/1234_10_KIRAL'NAJa">\lambda^{a}</formula>
    <formula uri="http://libmeta.ru/fme/formula/aux/1234_11_KIRAL'NAJa">u, d, s</formula>
    <formula uri="http://libmeta.ru/fme/formula/aux/1234_12_KIRAL'NAJa">\xi_{l}^{a}=\xi_{r}^{a}</formula>
    <formula uri="http://libmeta.ru/fme/formula/aux/1234_13_KIRAL'NAJa">m_{u}=m_{d}=m_{s} \neq 0</formula>
    <formula uri="http://libmeta.ru/fme/formula/aux/1234_14_KIRAL'NAJa">\xi_{l}^{a}=-\xi_{R}^{a}</formula>
    <formula uri="http://libmeta.ru/fme/formula/aux/1234_15_KIRAL'NAJa">q_{l} \leftrightarrow q_{R}</formula>
    <formula uri="http://libmeta.ru/fme/formula/aux/1234_16_KIRAL'NAJa">[s U(3) \times</formula>
    <formula uri="http://libmeta.ru/fme/formula/aux/1234_17_KIRAL'NAJa">\times S U(3)]</formula>
    <formula uri="http://libmeta.ru/fme/formula/aux/1234_18_KIRAL'NAJa">m_{s} \neq 0</formula>
    <formula uri="http://libmeta.ru/fme/formula/aux/1234_19_KIRAL'NAJa">m_{u}=m_{d}=0</formula>
    <formula uri="http://libmeta.ru/fme/formula/aux/1234_20_KIRAL'NAJa">s U(2) \times S U(2)</formula>
    <formula uri="http://libmeta.ru/fme/formula/aux/1234_21_KIRAL'NAJa">m_{u}=m_{d} \neq 0</formula>
    <formula uri="http://libmeta.ru/fme/formula/aux/1234_22_KIRAL'NAJa">s U(2)</formula>
    <formula uri="http://libmeta.ru/fme/formula/aux/1234_23_KIRAL'NAJa">[s U(3) \times S U(3)]</formula>
    <formula uri="http://libmeta.ru/fme/formula/aux/1234_24_KIRAL'NAJa">\pi^{ \pm}, \pi^{0}, \mathrm{~K}^{ \pm}, \mathrm{K}^{0}, \widetilde{\mathrm{K}}^{0}, \eta</formula>
    <formula uri="http://libmeta.ru/fme/formula/aux/1234_25_KIRAL'NAJa">[s U(3) \times S U(3)]</formula>
    <formula uri="http://libmeta.ru/fme/formula/aux/1234_26_KIRAL'NAJa">m_{\pi}^{2}=m_{\mathrm{k}}^{2}=m_{\eta}^{2}=0</formula>
    <formula uri="http://libmeta.ru/fme/formula/aux/1234_27_KIRAL'NAJa">[s U(3) \times</formula>
    <formula uri="http://libmeta.ru/fme/formula/aux/1234_28_KIRAL'NAJa">\times S U(3)]</formula>
    <formula uri="http://libmeta.ru/fme/formula/aux/1234_29_KIRAL'NAJa">m_{\pi}^{2}=0</formula>
  </formulas_aux>
  <relations n="1">
    <relation uri="http://libmeta.ru/fme/relation/1234_1_KIRAL'NAJa">
      <rel_text>Спонтанное нарушение симметрии</rel_text>
      <target>http://libmeta.ru/fme/article/2912_SPONTANNOE</target>
    </relation>
  </relations>
  <text>приближенная симметрия сильного взаимодействия относительно преобразований, меняющих четность, киральных преобразований (см. ниже). Сильное взаимодействие описывается квантовой хромодинамикой - калибровочной теорией взаимодействия цветных кварков и глюонов. Лагранжиан квантовой хромодинамики содержит поля кварков $URI[[http://libmeta.ru/fme/formula/aux/1234_1_KIRAL'NAJa]]/URI$, массы к-рых малы в масштабе масс, характерных для сильного взаимодействия ( 1 Гэв при $URI[[http://libmeta.ru/fme/formula/aux/1234_2_KIRAL'NAJa]]/URI$. Более точная формулировка этого утверждения затруднена тем, что свободные кварки не существуют из-за явления так наз. конфайнмента (уде р жания цве та). Можно лишь говорить о массах кварков при квадратах переданного импульса, напр. порядка 1 Гэв 2 . Тогда массы примерно равны

\[
URI[[http://libmeta.ru/fme/formula/main/1234_1_KIRAL'NAJa]]/URI
\]

Если пренебречь массами кварков, то поля $URI[[http://libmeta.ru/fme/formula/aux/1234_3_KIRAL'NAJa]]/URI$-, $URI[[http://libmeta.ru/fme/formula/aux/1234_4_KIRAL'NAJa]]/URI$-кварков не различаются и лагранжиан квантовой хромодинамики инвариантен относительно вращений в пространстве типа (аромата) кварков (см. Внутренняя симметрия), при к-ром $URI[[http://libmeta.ru/fme/formula/aux/1234_5_KIRAL'NAJa]]/URI$-кварки переходят друг в друга. При этом вследствие векторного характера взаимодействия кварков с глюонами можно независимо вращать левые и правые составляющие кварковых полей $URI[[http://libmeta.ru/fme/formula/aux/1234_6_KIRAL'NAJa]]/URI$. Преобразования такого рода характеризуются 8 независимыми параметрами $URI[[http://libmeta.ru/fme/formula/aux/1234_7_KIRAL'NAJa]]/URI$ для левых частиц и 8 параметрами $URI[[http://libmeta.ru/fme/formula/aux/1234_8_KIRAL'NAJa]]/URI$ для правых, $URI[[http://libmeta.ru/fme/formula/aux/1234_9_KIRAL'NAJa]]/URI$ :

\[
URI[[http://libmeta.ru/fme/formula/main/1234_2_KIRAL'NAJa]]/URI
\]

где $URI[[http://libmeta.ru/fme/formula/aux/1234_10_KIRAL'NAJa]]/URI$ - Гелл-Мана матрицы, действующие в пространстве аромата кварков $URI[[http://libmeta.ru/fme/formula/aux/1234_11_KIRAL'NAJa]]/URI$.

Если $URI[[http://libmeta.ru/fme/formula/aux/1234_12_KIRAL'NAJa]]/URI$, то преобразования (2) сохраняют четность. Инвариантность относительно таких преобразований имеет место и в том случае, когда массы кварков отличны от нуля, но равны между собой: $URI[[http://libmeta.ru/fme/formula/aux/1234_13_KIRAL'NAJa]]/URI$ (исторически такая возможность обсуждалась первой). Как следует из (1), сейчас нет оснований полагать, что приближение равных масс кварков лучше приближения нулевых масс. В последнем случае лагранжиан инвариантен относительно преобразований и с $URI[[http://libmeta.ru/fme/formula/aux/1234_14_KIRAL'NAJa]]/URI$, к-рые не сохраняют четность (при преобразовании четности, то есть п ространственной ин -

268 Киральная ве рс и и $URI[[http://libmeta.ru/fme/formula/aux/1234_15_KIRAL'NAJa]]/URI$ ); они называются ки ральным и преоб р а о в а ния и.

С математич. точки зрения инвариантность относительно преобразований (2) означает киральную $URI[[http://libmeta.ru/fme/formula/aux/1234_16_KIRAL'NAJa]]/URI$ $URI[[http://libmeta.ru/fme/formula/aux/1234_17_KIRAL'NAJa]]/URI$-симметрию лагранжиана сильного взаимодействия. Если считать, что $URI[[http://libmeta.ru/fme/formula/aux/1234_18_KIRAL'NAJa]]/URI$, но по-прежнему $URI[[http://libmeta.ru/fme/formula/aux/1234_19_KIRAL'NAJa]]/URI$, то инвариантность лагранжиана сводится к группе К. с. $URI[[http://libmeta.ru/fme/formula/aux/1234_20_KIRAL'NAJa]]/URI$. Наконец, в приближении $URI[[http://libmeta.ru/fme/formula/aux/1234_21_KIRAL'NAJa]]/URI$ остается только $URI[[http://libmeta.ru/fme/formula/aux/1234_22_KIRAL'NAJa]]/URI$-симметрия.

Приближенная $URI[[http://libmeta.ru/fme/formula/aux/1234_23_KIRAL'NAJa]]/URI$-симметрия была открыта до того, как была сформулирована квантовая хромодинамика. Феноменологически эта симметрия проявляется в существовании восьми относительно легких псевдоскалярных мезонов $URI[[http://libmeta.ru/fme/formula/aux/1234_24_KIRAL'NAJa]]/URI$ и в определенных соотношениях между амплитудами взаимодействия этих мезонов. Точной $URI[[http://libmeta.ru/fme/formula/aux/1234_25_KIRAL'NAJa]]/URI$-симметрии соответствует приближение нулевых масс кварков, в спектре адронов ей отвечает приближение $URI[[http://libmeta.ru/fme/formula/aux/1234_26_KIRAL'NAJa]]/URI$. Точная $URI[[http://libmeta.ru/fme/formula/aux/1234_27_KIRAL'NAJa]]/URI$ $URI[[http://libmeta.ru/fme/formula/aux/1234_28_KIRAL'NAJa]]/URI$-симметрия требует только $URI[[http://libmeta.ru/fme/formula/aux/1234_29_KIRAL'NAJa]]/URI$. Безмассовость мезонов отвечает при этом спонтанному нарушению К. с. (см. URI[[http://libmeta.ru/fme/relation/1234_1_KIRAL'NAJa]]/URI) - псевдоскалярные мезоны являются голдстоуновскими бозонами. Соотношения между амплитудами рассеяния этих мезонов можно получить, исходя из токов алгебры и используя частичное сохранение соответствующего аксиального тока.</text>
  <text_orig>приближенная симметрия сильного взаимодействия относительно преобразований, меняющих четность, киральных преобразований (см. ниже). Сильное взаимодействие описывается квантовой хромодинамикой - калибровочной теорией взаимодействия цветных кварков и глюонов. Лагранжиан квантовой хромодинамики содержит поля кварков $q=u, d, s$, массы к-рых малы в масштабе масс, характерных для сильного взаимодействия ( 1 ГэВ при $\hbar=c=1)$. Более точная формулировка этого утверждения затруднена тем, что свободные кварки не существуют из-за явления так наз. конфайнмента (уде р жания цве та). Можно лишь говорить о массах кварков при квадратах переданного импульса, напр. порядка 1 ГэВ 2 . Тогда массы примерно равны

\[
m_{u} \approx 3 \mathrm{M} \ni \mathrm{B}, m_{d} \approx 5 \mathrm{M} \text { Э }, m_{s} \approx 125 \mathrm{M} \ni \text { В. }
\]

Если пренебречь массами кварков, то поля $u-, d$-, $s$-кварков не различаются и лагранжиан квантовой хромодинамики инвариантен относительно врашений в пространстве типа (аромата) кварков (см. Внутренняя симметрия), при к-ром $u-, d-, s$-кварки переходят друг в друга. При этом вследствие векторного характера взаимодействия кварков с глюонами можно независимо вращать левые и правые составляющие кварковых полей $q_{L}, q_{R}$. Преобразования такого рода характеризуются 8 независимыми параметрами $\xi_{L}^{a}$ для левых частиц и 8 параметрами $\xi_{R}^{a}$ для правых, $a=1, \ldots, 8$ :

\[
q_{L(R)} \rightarrow\left(1+i \sum_{a=1}^{8} \xi_{L(R)}^{a} \lambda^{a}\right) q_{L(R)}
\]

где $\lambda^{a}$ - Гелл-Мана матрицы, действуюшие в пространстве аромата кварков $u, d, s$.

Если $\xi_{L}^{a}=\xi_{R}^{a}$, то преобразования (2) сохраняют четность. Инвариантность относительно таких преобразований имеет место и в том случае, когда массы кварков отличны от нуля, но равны между собой: $m_{u}=m_{d}=m_{s} \neq 0$ (исторически такая возможность обсуждалась первой). Как следует из (1), сейчас нет оснований полагать, что приближение равных масс кварков лучше приближения нулевых масс. В последнем случае лагранжиан инвариантен относительно преобразований и с $\xi_{L}^{a}=-\xi_{R}^{a}$, к-рые не сохраняют четность (при преобразовании четности, то есть п ространственной ин -

268 КИРАЛЬНАЯ ве рс и и $q_{L} \leftrightarrow q_{R}$ ); они называются ки ральным и преоб р а о в а ния и.

С математич. точки зрения инвариантность относительно преобразований (2) означает киральную $[S U(3) \times$ $\times S U(3)]$-симметрию лагранжиана сильного взаимодействия. Если считать, что $m_{s} \neq 0$, но по-прежнему $m_{u}=m_{d}=0$, то инвариантность лагранжиана сводится к группе К. с. $S U(2) \times S U(2)$. Наконец, в приближении $m_{u}=m_{d} \neq 0$ остается только $S U(2)$-симметрия.

Приближенная $[S U(3) \times S U(3)]$-симметрия была открыта до того, как была сформулирована квантовая хромодинамика. Феноменологически эта симметрия проявляется в сушествовании восьми относительно легких псевдоскалярных мезонов $\pi^{ \pm}, \pi^{0}, \mathrm{~K}^{ \pm}, \mathrm{K}^{0}, \widetilde{\mathrm{K}}^{0}, \eta$ и в определенных соотношениях между амплитудами взаимодействия этих мезонов. Точной $[S U(3) \times S U(3)]$-симметрии соответствует приближение нулевых масс кварков, в спектре адронов ей отвечает приближение $m_{\pi}^{2}=m_{\mathrm{K}}^{2}=m_{\eta}^{2}=0$. Точная $[S U(3) \times$ $\times S U(3)]$-симметрия требует только $m_{\pi}^{2}=0$. Безмассовость мезонов отвечает при этом спонтанному нарушению К. с. (см. Спонтанное нарушение симметрии) - псевдоскалярные мезоны являются голдстоуновскими бозонами. Соотношения между амплитудами рассеяния этих мезонов можно получить, исходя из токов алгебры и используя частичное сохранение соответствующего аксиального тока.

Лum.: [1] В а йнш те й н А. И., З а харо в В. И., «Успехи физич. наук», 1970, т. 100, с. 225; [2] В айнштей н А. И., там же, 1977, т. 123, с. 217; [3] Р а м о П., Теория поля, пер. с англ., М., 1984.

В. И. Захаров.</text_orig>
</article>
