<?xml version="1.0" ?>
<article uri="http://libmeta.ru/fme/article/1236_KIRAL'NOE" alphabetic_pos="1238">
  <title>КИРАЛЬНОЕ СУПЕРПОЛЕ</title>
  <authors/>
  <pages>
    <start>268</start>
    <end>268</end>
  </pages>
  <literature>
    <literature_orig/>
  </literature>
  <formulas_main/>
  <formulas_aux/>
  <relations n="1">
    <relation uri="http://libmeta.ru/fme/relation/1236_1_KIRAL'NOE">
      <rel_text>Суперсимметрия</rel_text>
      <target>http://libmeta.ru/fme/article/2994_SUPERGRAVITATsI</target>
    </relation>
  </relations>
  <text>см. URI[[http://libmeta.ru/fme/relation/1236_1_KIRAL'NOE]]/URI.</text>
  <text_orig>см. Суперсимметрия.</text_orig>
</article>
