<?xml version="1.0" ?>
<article uri="http://libmeta.ru/fme/article/1239_KIRKVUDA-MONRO" alphabetic_pos="1241">
  <title>КИРКВУДА-МОНРО УРАВНЕНИЕ</title>
  <authors/>
  <pages>
    <start>269</start>
    <end>269</end>
  </pages>
  <literature>
    <literature_orig/>
  </literature>
  <formulas_main/>
  <formulas_aux/>
  <relations n="0"/>
  <text>см. Равновесные состояния; кинетический предел.</text>
  <text_orig>сМ. РавНовеснЫе состояния; кинетический предел.</text_orig>
</article>
