<?xml version="1.0" ?>
<article uri="http://libmeta.ru/fme/article/123_ASTATIChESKIJ" alphabetic_pos="123">
  <title>АСТАТИЧЕСКИЙ ГИРОСКОП</title>
  <authors/>
  <pages>
    <start>36</start>
    <end>36</end>
  </pages>
  <literature>
    <literature_orig/>
  </literature>
  <formulas_main/>
  <formulas_aux/>
  <relations n="1">
    <relation uri="http://libmeta.ru/fme/relation/123_1_ASTATIChESKIJ">
      <rel_text>Гироскоп</rel_text>
      <target>http://libmeta.ru/fme/article/641_GIROSKO</target>
    </relation>
  </relations>
  <text>см. URI[[http://libmeta.ru/fme/relation/123_1_ASTATIChESKIJ]]/URI.</text>
  <text_orig>см. Гироскоп.</text_orig>
</article>
