<?xml version="1.0" ?>
<article uri="http://libmeta.ru/fme/article/1240_KIRHGOFA" alphabetic_pos="1242">
  <title>КИРХГОФА ИНТЕГРАЛ</title>
  <authors/>
  <pages>
    <start>269</start>
    <end>269</end>
  </pages>
  <literature>
    <literature_orig/>
  </literature>
  <formulas_main/>
  <formulas_aux/>
  <relations n="1">
    <relation uri="http://libmeta.ru/fme/relation/1240_1_KIRHGOFA">
      <rel_text>Кирхгофа формула</rel_text>
      <target>http://libmeta.ru/fme/article/1243_KIRHGOFA</target>
    </relation>
  </relations>
  <text>см. URI[[http://libmeta.ru/fme/relation/1240_1_KIRHGOFA]]/URI.</text>
  <text_orig>см. Кирхгофа формула.</text_orig>
</article>
