<?xml version="1.0" ?>
<article uri="http://libmeta.ru/fme/article/1242_KIRHGOFA" alphabetic_pos="1244">
  <title>КИРХГОФА УРАВНЕНИЕ</title>
  <authors/>
  <pages>
    <start>269</start>
    <end>269</end>
  </pages>
  <literature>
    <literature_orig/>
  </literature>
  <formulas_main/>
  <formulas_aux/>
  <relations n="2">
    <relation uri="http://libmeta.ru/fme/relation/1242_1_KIRHGOFA">
      <rel_text>Движение в идеальной жидкости</rel_text>
      <target>http://libmeta.ru/fme/article/3030_TVERDOE</target>
    </relation>
    <relation uri="http://libmeta.ru/fme/relation/1242_2_KIRHGOFA">
      <rel_text>Твердое тело</rel_text>
      <target>http://libmeta.ru/fme/article/3029_TVERDOE</target>
    </relation>
  </relations>
  <text>см. URI[[http://libmeta.ru/fme/relation/1242_2_KIRHGOFA]]/URI; URI[[http://libmeta.ru/fme/relation/1242_1_KIRHGOFA]]/URI.</text>
  <text_orig>см. Твердое тело; ДвИжение в идеальной жидкости.</text_orig>
</article>
