<?xml version="1.0" ?>
<article uri="http://libmeta.ru/fme/article/1244_KLAPEJRONA" alphabetic_pos="1246">
  <title>КЛАПЕЙРОНА УРАВНЕНИЕ</title>
  <authors/>
  <pages>
    <start>269</start>
    <end>269</end>
  </pages>
  <literature>
    <literature_orig/>
  </literature>
  <formulas_main/>
  <formulas_aux/>
  <relations n="1">
    <relation uri="http://libmeta.ru/fme/relation/1244_1_KLAPEJRONA">
      <rel_text>Гидродинамики уравнения</rel_text>
      <target>http://libmeta.ru/fme/article/615_GIDRODINAMIKI</target>
    </relation>
  </relations>
  <text>см. URI[[http://libmeta.ru/fme/relation/1244_1_KLAPEJRONA]]/URI.</text>
  <text_orig>см. Гидродинамики уравнения.</text_orig>
</article>
