<?xml version="1.0" ?>
<article uri="http://libmeta.ru/fme/article/1245_KLASSIChESKAJa" alphabetic_pos="1247">
  <title>КЛАССИЧЕСКАЯ МЕХАНИКА</title>
  <authors/>
  <pages>
    <start>269</start>
    <end>269</end>
  </pages>
  <literature>
    <literature_orig/>
  </literature>
  <formulas_main/>
  <formulas_aux/>
  <relations n="1">
    <relation uri="http://libmeta.ru/fme/relation/1245_1_KLASSIChESKAJa">
      <rel_text>Механика</rel_text>
      <target>http://libmeta.ru/fme/article/1777_MEHANIK</target>
    </relation>
  </relations>
  <text>см. URI[[http://libmeta.ru/fme/relation/1245_1_KLASSIChESKAJa]]/URI.</text>
  <text_orig>см. МеХаника.</text_orig>
</article>
