<?xml version="1.0" ?>
<article uri="http://libmeta.ru/fme/article/1246_KLASSIChESKAJa" alphabetic_pos="1248">
  <title>КЛАССИЧЕСКАЯ РЕЛЯТИВИСТСКАЯ МЕХАНИКА</title>
  <authors/>
  <pages>
    <start>269</start>
    <end>269</end>
  </pages>
  <literature>
    <literature_orig/>
  </literature>
  <formulas_main/>
  <formulas_aux/>
  <relations n="0"/>
  <text>см. Релятивистская механика.</text>
  <text_orig>см. Релятивистская механика.</text_orig>
</article>
