<?xml version="1.0" ?>
<article uri="http://libmeta.ru/fme/article/1247_KLASSIChESKIE" alphabetic_pos="1249">
  <title>КЛАССИЧЕСКИЕ ГРУППЫ И АЛГЕБРЫ ЛИ</title>
  <authors/>
  <pages>
    <start>269</start>
    <end>270</end>
  </pages>
  <literature>
    <literature_orig/>
  </literature>
  <formulas_main>
    <formula uri="http://libmeta.ru/fme/formula/main/1247_1_KLASSIChESKIE">\langle x|A| y\rangle=\sum x_{i} a_{i j} \bar{y}_{j}</formula>
    <formula uri="http://libmeta.ru/fme/formula/main/1247_2_KLASSIChESKIE">\langle T x|A| T y\rangle=\langle x|A| y\rangle,</formula>
    <formula uri="http://libmeta.ru/fme/formula/main/1247_3_KLASSIChESKIE">I_{p, q}=\left\|\begin{array}{cc}I_{p} &amp; 0 \\0 &amp; -I_{q}\end{array}\right\|, \quad J_{2 n}=\left\|\begin{array}{cc}0 &amp; I_{n} \\-I_{n} &amp; 0\end{array}\right\| .</formula>
    <formula uri="http://libmeta.ru/fme/formula/main/1247_4_KLASSIChESKIE">e_{1}, i e_{1}, j e_{1}, k e_{1}, \ldots, e_{2}, i e_{2}, j e_{2}, k e_{2}, \ldots</formula>
    <formula uri="http://libmeta.ru/fme/formula/main/1247_5_KLASSIChESKIE">\begin{aligned}&amp; S O(p, q)=O(p, q) \cap S L(p+q, \mathbb{R}), \\&amp; S U(p, q)=U(p, q) \cap S L(p+q, \mathbb{C}) .\end{aligned}</formula>
    <formula uri="http://libmeta.ru/fme/formula/main/1247_6_KLASSIChESKIE">S O(n, \mathbb{C})=O(n, \mathbb{C}) \cap S L(n, \mathbb{C}) \text {. }</formula>
    <formula uri="http://libmeta.ru/fme/formula/main/1247_7_KLASSIChESKIE">\sum_{\alpha=1}^{n} x_{\alpha} j \bar{y}_{\alpha} .</formula>
    <formula uri="http://libmeta.ru/fme/formula/main/1247_8_KLASSIChESKIE">\begin{gathered}O(n, 0)=O(n, \mathbb{R}), \\U(n, 0)=U(n), \\S p(n, 0)=S p(n)=S p U(n)=U(n, \mathbb{H}), \\S L(n, \mathbb{H})=S U^{*}(2 n) . \quad \text { Ю. A. Hepemuн. }\end{gathered}</formula>
  </formulas_main>
  <formulas_aux>
    <formula uri="http://libmeta.ru/fme/formula/aux/1247_1_KLASSIChESKIE">\mathbb{r}, \mathbb{C}, \mathbb{H}-</formula>
    <formula uri="http://libmeta.ru/fme/formula/aux/1247_2_KLASSIChESKIE">a</formula>
    <formula uri="http://libmeta.ru/fme/formula/aux/1247_3_KLASSIChESKIE">a</formula>
    <formula uri="http://libmeta.ru/fme/formula/aux/1247_4_KLASSIChESKIE">a^{\prime}</formula>
    <formula uri="http://libmeta.ru/fme/formula/aux/1247_5_KLASSIChESKIE">a</formula>
    <formula uri="http://libmeta.ru/fme/formula/aux/1247_6_KLASSIChESKIE">\bar{a}-</formula>
    <formula uri="http://libmeta.ru/fme/formula/aux/1247_7_KLASSIChESKIE">a</formula>
    <formula uri="http://libmeta.ru/fme/formula/aux/1247_8_KLASSIChESKIE">(x|a| y)=\sum x_{i} a_{i j} y_{j}</formula>
    <formula uri="http://libmeta.ru/fme/formula/aux/1247_9_KLASSIChESKIE">t</formula>
    <formula uri="http://libmeta.ru/fme/formula/aux/1247_10_KLASSIChESKIE">(t x|A| T y)=(x|A| y))</formula>
    <formula uri="http://libmeta.ru/fme/formula/aux/1247_11_KLASSIChESKIE">t A \bar{T}^{\prime}=A</formula>
    <formula uri="http://libmeta.ru/fme/formula/aux/1247_12_KLASSIChESKIE">t A T^{\prime}=A</formula>
    <formula uri="http://libmeta.ru/fme/formula/aux/1247_13_KLASSIChESKIE">i_{n}-</formula>
    <formula uri="http://libmeta.ru/fme/formula/aux/1247_14_KLASSIChESKIE">n</formula>
    <formula uri="http://libmeta.ru/fme/formula/aux/1247_15_KLASSIChESKIE">s L(n, \mathbb{R}), S L(n, \mathbb{C})</formula>
    <formula uri="http://libmeta.ru/fme/formula/aux/1247_16_KLASSIChESKIE">s l(n, \mathbb{R})</formula>
    <formula uri="http://libmeta.ru/fme/formula/aux/1247_17_KLASSIChESKIE">s l(n, \mathbb{C})</formula>
    <formula uri="http://libmeta.ru/fme/formula/aux/1247_18_KLASSIChESKIE">\boldsymbol{n}</formula>
    <formula uri="http://libmeta.ru/fme/formula/aux/1247_19_KLASSIChESKIE">\mathbb{h}^{n}</formula>
    <formula uri="http://libmeta.ru/fme/formula/aux/1247_20_KLASSIChESKIE">e_{1}, \ldots, e_{n}</formula>
    <formula uri="http://libmeta.ru/fme/formula/aux/1247_21_KLASSIChESKIE">t</formula>
    <formula uri="http://libmeta.ru/fme/formula/aux/1247_22_KLASSIChESKIE">t</formula>
    <formula uri="http://libmeta.ru/fme/formula/aux/1247_23_KLASSIChESKIE">s L(n, \mathbb{H})</formula>
    <formula uri="http://libmeta.ru/fme/formula/aux/1247_24_KLASSIChESKIE">t</formula>
    <formula uri="http://libmeta.ru/fme/formula/aux/1247_25_KLASSIChESKIE">\operatorname{det}(\widetilde{t})=1</formula>
    <formula uri="http://libmeta.ru/fme/formula/aux/1247_26_KLASSIChESKIE">x</formula>
    <formula uri="http://libmeta.ru/fme/formula/aux/1247_27_KLASSIChESKIE">\operatorname{tr}(x+\bar{x})=0</formula>
    <formula uri="http://libmeta.ru/fme/formula/aux/1247_28_KLASSIChESKIE">\boldsymbol{o}(p, q), U(p, q), S p(p, q)</formula>
    <formula uri="http://libmeta.ru/fme/formula/aux/1247_29_KLASSIChESKIE">\left\langle x\left|I_{p, q}\right| y\right\rangle</formula>
    <formula uri="http://libmeta.ru/fme/formula/aux/1247_30_KLASSIChESKIE">x</formula>
    <formula uri="http://libmeta.ru/fme/formula/aux/1247_31_KLASSIChESKIE">x I_{p, q}+I_{p, q} X^{\prime}=0</formula>
    <formula uri="http://libmeta.ru/fme/formula/aux/1247_32_KLASSIChESKIE">o(n, \mathbb{C})</formula>
    <formula uri="http://libmeta.ru/fme/formula/aux/1247_33_KLASSIChESKIE">\left(x\left|i_{n}\right| y\right)</formula>
    <formula uri="http://libmeta.ru/fme/formula/aux/1247_34_KLASSIChESKIE">o(n, \mathbb{C})</formula>
    <formula uri="http://libmeta.ru/fme/formula/aux/1247_35_KLASSIChESKIE">s p(2 n, \mathbb{R}), S p(2 n, \mathbb{C})</formula>
    <formula uri="http://libmeta.ru/fme/formula/aux/1247_36_KLASSIChESKIE">\left(x\left|j_{2 n}\right| y\right)</formula>
    <formula uri="http://libmeta.ru/fme/formula/aux/1247_37_KLASSIChESKIE">s O^{*}(2 n)</formula>
    <formula uri="http://libmeta.ru/fme/formula/aux/1247_38_KLASSIChESKIE">x</formula>
    <formula uri="http://libmeta.ru/fme/formula/aux/1247_39_KLASSIChESKIE">x_{j}+j \bar{X}^{\prime}=0</formula>
  </formulas_aux>
  <relations n="0"/>
  <text>Ряд Групп Ли и соответствующих им алгебр Ли, играющих роль центральных объектов теории. Ниже дано описание этих объектов и их стандартные обозначения.

Пусть $URI[[http://libmeta.ru/fme/formula/aux/1247_1_KLASSIChESKIE]]/URI$ множества действительных чисел, комплексных чисел и кватернионов. И пусть $URI[[http://libmeta.ru/fme/formula/aux/1247_2_KLASSIChESKIE]]/URI$ - матрица, tr $URI[[http://libmeta.ru/fme/formula/aux/1247_3_KLASSIChESKIE]]/URI$ - ее след, $URI[[http://libmeta.ru/fme/formula/aux/1247_4_KLASSIChESKIE]]/URI$ - транспонированная к $URI[[http://libmeta.ru/fme/formula/aux/1247_5_KLASSIChESKIE]]/URI$ матрица, а $URI[[http://libmeta.ru/fme/formula/aux/1247_6_KLASSIChESKIE]]/URI$ матрица, у к-рой все элементы получаются заменой элементов матрицы $URI[[http://libmeta.ru/fme/formula/aux/1247_7_KLASSIChESKIE]]/URI$ на сопряженные. Полут о рал и не й ной (соответственно, бил и нейной) форрм ой называется выражение

\[
URI[[http://libmeta.ru/fme/formula/main/1247_1_KLASSIChESKIE]]/URI
\]

(соответственно $URI[[http://libmeta.ru/fme/formula/aux/1247_8_KLASSIChESKIE]]/URI$ ).

Оператор $URI[[http://libmeta.ru/fme/formula/aux/1247_9_KLASSIChESKIE]]/URI$ сохраняет полуторалинейную (билинейную) форму, если

\[
URI[[http://libmeta.ru/fme/formula/main/1247_2_KLASSIChESKIE]]/URI
\]

(соответственно $URI[[http://libmeta.ru/fme/formula/aux/1247_10_KLASSIChESKIE]]/URI$

или, что эквивалентно, $URI[[http://libmeta.ru/fme/formula/aux/1247_11_KLASSIChESKIE]]/URI$ (или $URI[[http://libmeta.ru/fme/formula/aux/1247_12_KLASSIChESKIE]]/URI$ ). Пусть $URI[[http://libmeta.ru/fme/formula/aux/1247_13_KLASSIChESKIE]]/URI$ единичная матрица порядка $URI[[http://libmeta.ru/fme/formula/aux/1247_14_KLASSIChESKIE]]/URI$ и

\[
URI[[http://libmeta.ru/fme/formula/main/1247_3_KLASSIChESKIE]]/URI
\]

Список классических групп Ли (соответствующие алгебры Ли обозначаются малыми латинскими или малыми готическими буквами).

1) Группы $URI[[http://libmeta.ru/fme/formula/aux/1247_15_KLASSIChESKIE]]/URI$ состоят соответственно из всех действительных или комплексных матриц с определителем 1.

Алгебры Ли $URI[[http://libmeta.ru/fme/formula/aux/1247_16_KLASSIChESKIE]]/URI$ (соответственно $URI[[http://libmeta.ru/fme/formula/aux/1247_17_KLASSIChESKIE]]/URI$ ) состоят из всех действительных (комплексных) матриц со следом 0.

2) Рассмотрим $URI[[http://libmeta.ru/fme/formula/aux/1247_18_KLASSIChESKIE]]/URI$-мерное кватернионное пространство $URI[[http://libmeta.ru/fme/formula/aux/1247_19_KLASSIChESKIE]]/URI$ с базисом $URI[[http://libmeta.ru/fme/formula/aux/1247_20_KLASSIChESKIE]]/URI$. Тогда кватернионную матрицу $URI[[http://libmeta.ru/fme/formula/aux/1247_21_KLASSIChESKIE]]/URI$ можно записать как действительную матрицу $URI[[http://libmeta.ru/fme/formula/aux/1247_22_KLASSIChESKIE]]/URI$ в базисе

\[
URI[[http://libmeta.ru/fme/formula/main/1247_4_KLASSIChESKIE]]/URI
\]

Группа $URI[[http://libmeta.ru/fme/formula/aux/1247_23_KLASSIChESKIE]]/URI$ состоит из всех кватернионных матриц $URI[[http://libmeta.ru/fme/formula/aux/1247_24_KLASSIChESKIE]]/URI$ таких, что $URI[[http://libmeta.ru/fme/formula/aux/1247_25_KLASSIChESKIE]]/URI$. Ее алгебра Ли - алгебра Ли всех кватернионных матриц $URI[[http://libmeta.ru/fme/formula/aux/1247_26_KLASSIChESKIE]]/URI$ таких, что $URI[[http://libmeta.ru/fme/formula/aux/1247_27_KLASSIChESKIE]]/URI$.

3) Группы $URI[[http://libmeta.ru/fme/formula/aux/1247_28_KLASSIChESKIE]]/URI$ состоят из всех действительных, комплексных, кватернионных матриц, сохраняющих полуторалинейную форму $URI[[http://libmeta.ru/fme/formula/aux/1247_29_KLASSIChESKIE]]/URI$. Их алгебры Ли состоят из всех матриц $URI[[http://libmeta.ru/fme/formula/aux/1247_30_KLASSIChESKIE]]/URI$, удовлетворяющих условию $URI[[http://libmeta.ru/fme/formula/aux/1247_31_KLASSIChESKIE]]/URI$. Наконец,

\[
URI[[http://libmeta.ru/fme/formula/main/1247_5_KLASSIChESKIE]]/URI
\]

4) $URI[[http://libmeta.ru/fme/formula/aux/1247_32_KLASSIChESKIE]]/URI$ - группа всех комплексных матриц, сохраняющих билинейную форму $URI[[http://libmeta.ru/fme/formula/aux/1247_33_KLASSIChESKIE]]/URI$. Ее алгебра Ли $URI[[http://libmeta.ru/fme/formula/aux/1247_34_KLASSIChESKIE]]/URI$ состоит из кососимметрич. матриц. Группа

\[
URI[[http://libmeta.ru/fme/formula/main/1247_6_KLASSIChESKIE]]/URI
\]

5) $URI[[http://libmeta.ru/fme/formula/aux/1247_35_KLASSIChESKIE]]/URI$ - группы всех действительных и комплексных матриц, сохраняющих билинейную форму $URI[[http://libmeta.ru/fme/formula/aux/1247_36_KLASSIChESKIE]]/URI$

6) $URI[[http://libmeta.ru/fme/formula/aux/1247_37_KLASSIChESKIE]]/URI$ - группа всех кватернионных матриц, сохраняющих полуторалинейную форму

\[
URI[[http://libmeta.ru/fme/formula/main/1247_7_KLASSIChESKIE]]/URI
\]

Ее алгебра Ли состоит из кватернионных матриц $URI[[http://libmeta.ru/fme/formula/aux/1247_38_KLASSIChESKIE]]/URI$, удовлетворяющих $URI[[http://libmeta.ru/fme/formula/aux/1247_39_KLASSIChESKIE]]/URI$.

Другие обозначения:

\[
URI[[http://libmeta.ru/fme/formula/main/1247_8_KLASSIChESKIE]]/URI
\]</text>
  <text_orig>РЯД ГРУПП Ли и соответствующих им алгебр Ли, играющих роль центральных объектов теории. Ниже дано описание этих объектов и их стандартные обозначения.

Пусть $\mathbb{R}, \mathbb{C}, \mathbb{H}-$ множества действительных чисел, комплексных чисел и кватернионов. И пусть $A$ - матрица, tr $A$ - ее след, $A^{\prime}$ - транспонированная к $A$ матрица, а $\bar{A}-$ матрица, у к-рой все элементы получаются заменой элементов матрицы $A$ на сопряженные. Полут о рал и не й ной (соответственно, бил и нейной) форрм ой называется выражение

\[
\langle x|A| y\rangle=\sum x_{i} a_{i j} \bar{y}_{j}
\]

(соответственно $(x|A| y)=\sum x_{i} a_{i j} y_{j}$ ).

Оператор $T$ сохраняет полуторалинейную (билинейную) форму, если

\[
\langle T x|A| T y\rangle=\langle x|A| y\rangle,
\]

(соответственно $(T x|A| T y)=(x|A| y))$

или, что эквивалентно, $T A \bar{T}^{\prime}=A$ (или $T A T^{\prime}=A$ ). Пусть $I_{n}-$ единичная матрица порядка $n$ и

\[
I_{p, q}=\left\|\begin{array}{cc}
I_{p} &amp; 0 \\
0 &amp; -I_{q}
\end{array}\right\|, \quad J_{2 n}=\left\|\begin{array}{cc}
0 &amp; I_{n} \\
-I_{n} &amp; 0
\end{array}\right\| .
\]

Список классических групп Ли (соответствующие алгебры Ли обозначаются малыми латинскими или малыми готическими буквами).

1) Группы $S L(n, \mathbb{R}), S L(n, \mathbb{C})$ состоят соответственно из всех действительных или комплексных матриц с определителем 1.

Алгебры Ли $s l(n, \mathbb{R})$ (соответственно $s l(n, \mathbb{C})$ ) состоят из всех действительных (комплексных) матриц со следом 0.

2) Рассмотрим $\boldsymbol{n}$-мерное кватернионное пространство $\mathbb{H}^{n}$ с базисом $e_{1}, \ldots, e_{n}$. Тогда кватернионную матрицу $T$ можно записать как действительную матрицу $T$ в базисе

\[
e_{1}, i e_{1}, j e_{1}, k e_{1}, \ldots, e_{2}, i e_{2}, j e_{2}, k e_{2}, \ldots
\]

Группа $S L(n, \mathbb{H})$ состоит из всех кватернионных матриц $T$ таких, что $\operatorname{det}(\widetilde{T})=1$. Ее алгебра Ли - алгебра Ли всех кватернионных матриц $X$ таких, что $\operatorname{tr}(x+\bar{x})=0$.

3) Группы $\boldsymbol{O}(p, q), U(p, q), S p(p, q)$ состоят из всех действительных, комплексных, кватернионных матриц, сохраняющих полуторалинейную форму $\left\langle x\left|I_{p, q}\right| y\right\rangle$. Их алгебры Ли состоят из всех матриц $X$, удовлетворяющих условию $X I_{p, q}+I_{p, q} X^{\prime}=0$. Наконец,

\[
\begin{aligned}
&amp; S O(p, q)=O(p, q) \cap S L(p+q, \mathbb{R}), \\
&amp; S U(p, q)=U(p, q) \cap S L(p+q, \mathbb{C}) .
\end{aligned}
\]

4) $O(n, \mathbb{C})$ - группа всех комплексных матриц, сохраняющих билинейную форму $\left(x\left|I_{n}\right| y\right)$. Ее алгебра Ли $o(n, \mathbb{C})$ состоит из кососимметрич. матриц. Группа

\[
S O(n, \mathbb{C})=O(n, \mathbb{C}) \cap S L(n, \mathbb{C}) \text {. }
\]

5) $S p(2 n, \mathbb{R}), S p(2 n, \mathbb{C})$ - группы всех действительных и комплексных матриц, сохраняющих билинейную форму $\left(x\left|J_{2 n}\right| y\right)$

6) $S O^{*}(2 n)$ - группа всех кватернионных матриц, сохраняющих полуторалинейную форму

\[
\sum_{\alpha=1}^{n} x_{\alpha} j \bar{y}_{\alpha} .
\]

Ее алгебра Ли состоит из кватернионных матриц $X$, удовлетворяющих $X_{j}+j \bar{X}^{\prime}=0$.

Другие обозначения:

\[
\begin{gathered}
O(n, 0)=O(n, \mathbb{R}), \\
U(n, 0)=U(n), \\
S p(n, 0)=S p(n)=S p U(n)=U(n, \mathbb{H}), \\
S L(n, \mathbb{H})=S U^{*}(2 n) . \quad \text { Ю. A. Hepemuн. }
\end{gathered}
\]</text_orig>
</article>
