<?xml version="1.0" ?>
<article uri="http://libmeta.ru/fme/article/1248_KLASSIChESKIE" alphabetic_pos="1250">
  <title>КЛАССИЧЕСКИЕ ОРТОГОНАЛЬНЫЕ МНОГОЧЛЕНЫ</title>
  <authors/>
  <pages>
    <start>270</start>
    <end>270</end>
  </pages>
  <literature>
    <literature_orig/>
  </literature>
  <formulas_main/>
  <formulas_aux/>
  <relations n="1">
    <relation uri="http://libmeta.ru/fme/relation/1248_1_KLASSIChESKIE">
      <rel_text>Ортогональные</rel_text>
      <target>http://libmeta.ru/fme/article/2110_ORTOPROEKTO</target>
    </relation>
  </relations>
  <text>см. URI[[http://libmeta.ru/fme/relation/1248_1_KLASSIChESKIE]]/URI многочлены.</text>
  <text_orig>см. Ортогональные многочлены.</text_orig>
</article>
