<?xml version="1.0" ?>
<article uri="http://libmeta.ru/fme/article/1251_KLASSIChESKIJ" alphabetic_pos="1253">
  <title>КЛАССИЧЕСКИЙ ОПЕРАТОР ЛИУВИЛЛЯ</title>
  <authors/>
  <pages>
    <start>270</start>
    <end>270</end>
  </pages>
  <literature>
    <literature_orig/>
  </literature>
  <formulas_main/>
  <formulas_aux/>
  <relations n="1">
    <relation uri="http://libmeta.ru/fme/relation/1251_1_KLASSIChESKIJ">
      <rel_text>Лиувилля классический оператор</rel_text>
      <target>http://libmeta.ru/fme/article/1251_KLASSIChESKIJ</target>
    </relation>
  </relations>
  <text>см. URI[[http://libmeta.ru/fme/relation/1251_1_KLASSIChESKIJ]]/URI.</text>
  <text_orig>см. Лиyвилля классический оператор.</text_orig>
</article>
