<?xml version="1.0" ?>
<article uri="http://libmeta.ru/fme/article/125_ATTRAKTO" alphabetic_pos="125">
  <title>АТТРАКТОР</title>
  <authors>
    <author>В. С. Афраймович</author>
  </authors>
  <pages>
    <start>36</start>
    <end>37</end>
  </pages>
  <literature>
    <literature_orig>Лит.: [1] Странные аттракторы. Сб. переводов с англ., под ред. Я. Г. Синая, Л. П. Шильникова, М., 1980; [2] Арнольд В. И., Илья шен ко Ю. С., Обыкновенные дифференциальные уравнения, в сб.: Итоги науки и техники. Современные проблемы математики. Фундаментальные направления, М., 1985, с. 11-150.</literature_orig>
    <unit>
      <title>Странные аттракторы. Сб. переводов с англ., под ред. Я. Г. Синая, Л. П. Шильникова</title>
      <publication>М.</publication>
      <year>1980</year>
      <other/>
    </unit>
    <unit>
      <author>Арнольд В. И.</author>
      <author>Ильяшенко Ю. С.</author>
      <title>Обыкновенные дифференциальные уравнения, в сб.: Итоги науки и техники. Современные проблемы математики. Фундаментальные направления</title>
      <publication>М.</publication>
      <year>1985</year>
      <other>с. 11-150.</other>
    </unit>
  </literature>
  <formulas_main>
    <formula uri="http://libmeta.ru/fme/formula/main/125_1_ATTRAKTO">A=\bigcap_{t \geqslant 0} f^{t} U</formula>
  </formulas_main>
  <formulas_aux>
    <formula uri="http://libmeta.ru/fme/formula/aux/125_1_ATTRAKTO">t \rightarrow+\infty</formula>
    <formula uri="http://libmeta.ru/fme/formula/aux/125_2_ATTRAKTO">n</formula>
    <formula uri="http://libmeta.ru/fme/formula/aux/125_3_ATTRAKTO">n</formula>
    <formula uri="http://libmeta.ru/fme/formula/aux/125_4_ATTRAKTO">m</formula>
    <formula uri="http://libmeta.ru/fme/formula/aux/125_5_ATTRAKTO">t \rightarrow+\infty</formula>
    <formula uri="http://libmeta.ru/fme/formula/aux/125_6_ATTRAKTO">u \subset M</formula>
    <formula uri="http://libmeta.ru/fme/formula/aux/125_7_ATTRAKTO">f^{t} \bar{U} \subset U</formula>
    <formula uri="http://libmeta.ru/fme/formula/aux/125_8_ATTRAKTO">t&gt;0</formula>
    <formula uri="http://libmeta.ru/fme/formula/aux/125_9_ATTRAKTO">f^{t}</formula>
    <formula uri="http://libmeta.ru/fme/formula/aux/125_10_ATTRAKTO">t</formula>
    <formula uri="http://libmeta.ru/fme/formula/aux/125_11_ATTRAKTO">\bar{u}</formula>
    <formula uri="http://libmeta.ru/fme/formula/aux/125_12_ATTRAKTO">u</formula>
    <formula uri="http://libmeta.ru/fme/formula/aux/125_13_ATTRAKTO">u</formula>
    <formula uri="http://libmeta.ru/fme/formula/aux/125_14_ATTRAKTO">m</formula>
    <formula uri="http://libmeta.ru/fme/formula/aux/125_15_ATTRAKTO">a</formula>
    <formula uri="http://libmeta.ru/fme/formula/aux/125_16_ATTRAKTO">a</formula>
  </formulas_aux>
  <relations n="0"/>
  <text>инвариантное притягивающее множество траекторий в фазовом пространстве динамической системы. Траектории, лежащие в А., отвечают установившимся движениям физич. (химич. и пр.) системы с диссипацией и накачкой энергии, математич. моделью к-рой служит динамич. система; траектории, не принадлежащие А. и стремящиеся к нему при $URI[[http://libmeta.ru/fme/formula/aux/125_1_ATTRAKTO]]/URI$, отвечают переходным процессам. Статическому, периодическому, $URI[[http://libmeta.ru/fme/formula/aux/125_2_ATTRAKTO]]/URI$-частотному квазипериодическому установившимся режимам отвечают устойчивое положение равновесия, устойчивый предельный цикл, притягивающий $URI[[http://libmeta.ru/fme/formula/aux/125_3_ATTRAKTO]]/URI$-мерный тор соответственно. Непериодическим, нерегулярным установившимся колебаниям отвечает странный аттрактор - подмножество фазового пространства $URI[[http://libmeta.ru/fme/formula/aux/125_4_ATTRAKTO]]/URI$, не представляющееся в виде конечного объединения гладких подмногообразий.

Существуют различные определения А., в зависимости от требований к «количеству» траекторий, обязанных к нему притягиваться. Требование, чтобы через все точки окрестности А. проходили траектории, стремящиеся к нему при $URI[[http://libmeta.ru/fme/formula/aux/125_5_ATTRAKTO]]/URI$, приводит к следующему, наиболее обиходному, определению. Область $URI[[http://libmeta.ru/fme/formula/aux/125_6_ATTRAKTO]]/URI$ называется поглощаю щ е й, если $URI[[http://libmeta.ru/fme/formula/aux/125_7_ATTRAKTO]]/URI$ для любого $URI[[http://libmeta.ru/fme/formula/aux/125_8_ATTRAKTO]]/URI$; здесь $URI[[http://libmeta.ru/fme/formula/aux/125_9_ATTRAKTO]]/URI$ - отображение сдвига по траекториям динамич. системы на время $URI[[http://libmeta.ru/fme/formula/aux/125_10_ATTRAKTO]]/URI$, $URI[[http://libmeta.ru/fme/formula/aux/125_11_ATTRAKTO]]/URI$ - замыкание $URI[[http://libmeta.ru/fme/formula/aux/125_12_ATTRAKTO]]/URI$. Аттрактор - пересечение всех сдвигов поглощающей области $URI[[http://libmeta.ru/fme/formula/aux/125_13_ATTRAKTO]]/URI$ :

\[
URI[[http://libmeta.ru/fme/formula/main/125_1_ATTRAKTO]]/URI
\]

Множество всех точек $URI[[http://libmeta.ru/fme/formula/aux/125_14_ATTRAKTO]]/URI$, через каждую из к-рых проходит стремящаяся к $URI[[http://libmeta.ru/fme/formula/aux/125_15_ATTRAKTO]]/URI$ траектория, называется областью притяжения аттрактора $URI[[http://libmeta.ru/fme/formula/aux/125_16_ATTRAKTO]]/URI$.</text>
  <text_orig>инвариантное притягивающее множество траекторий в фазовом пространстве динамической системы. Траектории, лежашие в А., отвечают установившимся движениям физич. (химич. и пр.) системы с диссипацией и накачкой энергии, математич. моделью к-рой служит динамич. система; траектории, не принадлежащие А. и стремяшиеся к нему при $t \rightarrow+\infty$, отвечают переходным процессам. Статическому, периодическому, $n$-частотному квазипериодическому установившимся режимам отвечают устойчивое положение равновесия, устойчивый предельный цикл, притягивающий $n$-мерный тор соответственно. Непериодическим, нерегулярным установившимся колебаниям отвечает странный аттрактор - подмножество фазового пространства $M$, не представляющееся в виде конечного объединения гладких подмногообразий.

Существуют различные определения А., в зависимости от требований к «количеству» траекторий, обязанных к нему притягиваться. Требование, чтобы через все точки окрестности А. проходили траектории, стремяшиеся к нему при $t \rightarrow+\infty$, приводит к следующему, наиболее обиходному, определению. Область $U \subset M$ называется поглошаю щ е й, если $f^{t} \bar{U} \subset U$ для любого $t&gt;0$; здесь $f^{t}$ - отображение сдвига по траекториям динамич. системы на время $t$, $\bar{U}$ - замыкание $U$. Аттрактор - пересечение всех сдвигов поглощающей области $U$ :

\[
A=\bigcap_{t \geqslant 0} f^{t} U
\]

Множество всех точек $M$, через каждую из к-рых проходит стремящаяся к $A$ траектория, называется областью притяжения аттрактора $A$.

Лит.: [1] Странные аттракторы. Сб. переводов с англ., под ред. Я. Г. Синая, Л. П. Шильникова, М., 1980; [2] Арнольд В. И., Илья шен ко Ю. С., Обыкновенные дифференциальные уравнения, в сб.: Итоги науки и техники. Современные проблемы математики. Фундаментальные направления, М., 1985, с. 11-150.

В. С. Афраймович.</text_orig>
</article>
