<?xml version="1.0" ?>
<article uri="http://libmeta.ru/fme/article/1260_KLAUZISA" alphabetic_pos="1262">
  <title>КЛАУЗИСА РАВЕНСТВО</title>
  <authors/>
  <pages>
    <start>271</start>
    <end>271</end>
  </pages>
  <literature>
    <literature_orig/>
  </literature>
  <formulas_main/>
  <formulas_aux/>
  <relations n="1">
    <relation uri="http://libmeta.ru/fme/relation/1260_1_KLAUZISA">
      <rel_text>Энтропия</rel_text>
      <target>http://libmeta.ru/fme/article/3540_ENTROPI</target>
    </relation>
  </relations>
  <text>см. URI[[http://libmeta.ru/fme/relation/1260_1_KLAUZISA]]/URI.</text>
  <text_orig>см. Энтропия.</text_orig>
</article>
