<?xml version="1.0" ?>
<article uri="http://libmeta.ru/fme/article/1262_KLEBShA" alphabetic_pos="1264">
  <title>КЛЕБША СЛУЧАЙ</title>
  <authors/>
  <pages>
    <start>271</start>
    <end>271</end>
  </pages>
  <literature>
    <literature_orig/>
  </literature>
  <formulas_main/>
  <formulas_aux/>
  <relations n="2">
    <relation uri="http://libmeta.ru/fme/relation/1262_1_KLEBShA">
      <rel_text>движение в идеальной Жидкости</rel_text>
      <target>http://libmeta.ru/fme/article/3030_TVERDOE</target>
    </relation>
    <relation uri="http://libmeta.ru/fme/relation/1262_2_KLEBShA">
      <rel_text>Твердое тело</rel_text>
      <target>http://libmeta.ru/fme/article/3029_TVERDOE</target>
    </relation>
  </relations>
  <text>см. URI[[http://libmeta.ru/fme/relation/1262_2_KLEBShA]]/URI; URI[[http://libmeta.ru/fme/relation/1262_1_KLEBShA]]/URI.</text>
  <text_orig>см. Твердое тело; движение в идеальной ЖИДКости.</text_orig>
</article>
