<?xml version="1.0" ?>
<article uri="http://libmeta.ru/fme/article/1264_KLEJNA" alphabetic_pos="1266">
  <title>КЛЕЙНА МОДУЛЯРНАЯ ГРУППА</title>
  <authors/>
  <pages>
    <start>271</start>
    <end>271</end>
  </pages>
  <literature>
    <literature_orig/>
  </literature>
  <formulas_main/>
  <formulas_aux/>
  <relations n="1">
    <relation uri="http://libmeta.ru/fme/relation/1264_1_KLEJNA">
      <rel_text>Риманова поверхhость</rel_text>
      <target>http://libmeta.ru/fme/article/2640_RIMANOVA</target>
    </relation>
  </relations>
  <text>см. URI[[http://libmeta.ru/fme/relation/1264_1_KLEJNA]]/URI.</text>
  <text_orig>см. Риманова поверхHость.</text_orig>
</article>
