<?xml version="1.0" ?>
<article uri="http://libmeta.ru/fme/article/1267_KLETK" alphabetic_pos="1269">
  <title>КЛЕТКА</title>
  <authors/>
  <pages>
    <start>272</start>
    <end>272</end>
  </pages>
  <literature>
    <literature_orig/>
  </literature>
  <formulas_main/>
  <formulas_aux/>
  <relations n="1">
    <relation uri="http://libmeta.ru/fme/relation/1267_1_KLETK">
      <rel_text>Эйлерова характеристика</rel_text>
      <target>http://libmeta.ru/fme/article/3480_EJLEROVA</target>
    </relation>
  </relations>
  <text>см. URI[[http://libmeta.ru/fme/relation/1267_1_KLETK]]/URI.</text>
  <text_orig>см. Эйлерова характеристика.</text_orig>
</article>
