<?xml version="1.0" ?>
<article uri="http://libmeta.ru/fme/article/1269_KMSh-SOSTOJaNIE," alphabetic_pos="1271">
  <title>КМШ-СОСТОЯНИЕ, КУБО-МАРТИНА-ШВИНГЕРА СОСТОЯНИЕ</title>
  <authors>
    <author>B. Н. Нескоромный</author>
  </authors>
  <pages>
    <start>273</start>
    <end>273</end>
  </pages>
  <literature>
    <literature_orig>Jum.: [1] Haag R., Trych-Pohlmeyer E., &quot;comm. Math. Phys.», 1977, v. 56, p. 213; [2] Aizenmann M., Galavotti G., Goldste in S., Lebowitz J. L., там же, 1976, v. 48, p. 1; [3] A paк и Ф., в сб.: Гиббсовские состояния в статистической физике, пер. с англ., М., 1978, с. 131; [4] Pusz W., W o ronowitz S. L., «comm. Math. Phys.», 1978, v. 58, p. 273.</literature_orig>
    <unit>
      <author>Haag R.</author>
      <author>Trych-Pohlmeyer E.</author>
      <title>&quot;comm. Math. Phys.»</title>
      <publication/>
      <year>1977</year>
      <other>v. 56, p. 213</other>
    </unit>
    <unit>
      <author>Aizenmann M.</author>
      <author>Galavotti G.</author>
      <author>Goldstein S.</author>
      <author>Lebowitz J. L.</author>
      <title>там же</title>
      <publication/>
      <year>1976</year>
      <other>v. 48, p. 1</other>
    </unit>
    <unit>
      <author>Apaки Ф.</author>
      <title>в сб.: Гиббсовские состояния в статистической физике</title>
      <publication>пер. с англ., М.</publication>
      <year>1978</year>
      <other>с. 131</other>
    </unit>
    <unit>
      <author>Pusz W.</author>
      <author>Woronowitz S. L.</author>
      <title>«comm. Math. Phys.»</title>
      <publication/>
      <year>1978</year>
      <other>v. 58, p. 273.</other>
    </unit>
  </literature>
  <formulas_main/>
  <formulas_aux>
    <formula uri="http://libmeta.ru/fme/formula/aux/1269_1_KMSh-SOSTOJaNIE,">\omega</formula>
    <formula uri="http://libmeta.ru/fme/formula/aux/1269_2_KMSh-SOSTOJaNIE,">c^{*}</formula>
    <formula uri="http://libmeta.ru/fme/formula/aux/1269_3_KMSh-SOSTOJaNIE,">\mathscr{a}</formula>
    <formula uri="http://libmeta.ru/fme/formula/aux/1269_4_KMSh-SOSTOJaNIE,">{ }^{*}</formula>
    <formula uri="http://libmeta.ru/fme/formula/aux/1269_5_KMSh-SOSTOJaNIE,">\alpha_{t}</formula>
    <formula uri="http://libmeta.ru/fme/formula/aux/1269_6_KMSh-SOSTOJaNIE,">\mathrm{k}</formula>
    <formula uri="http://libmeta.ru/fme/formula/aux/1269_7_KMSh-SOSTOJaNIE,">\mathfrak{b}^{(1)}</formula>
  </formulas_aux>
  <relations n="0"/>
  <text>состояние $URI[[http://libmeta.ru/fme/formula/aux/1269_1_KMSh-SOSTOJaNIE,]]/URI$ на $URI[[http://libmeta.ru/fme/formula/aux/1269_2_KMSh-SOSTOJaNIE,]]/URI$-алгебре $URI[[http://libmeta.ru/fme/formula/aux/1269_3_KMSh-SOSTOJaNIE,]]/URI$, в которой действует сильно непрерывная группа $URI[[http://libmeta.ru/fme/formula/aux/1269_4_KMSh-SOSTOJaNIE,]]/URI$-автоморфизмов $URI[[http://libmeta.ru/fme/formula/aux/1269_5_KMSh-SOSTOJaNIE,]]/URI$ и для него выполняется Кмш-условие. Кмш-с. являются формальным обобщением гиббсовских состояний, и существует ряд доказательств наличия у них требуемых от равновесных состояний свойств.

Локально устойчивые (по отношению к возмущению динамики малой добавкой $URI[[http://libmeta.ru/fme/formula/aux/1269_6_KMSh-SOSTOJaNIE,]]/URI$ гамильтониану) стационарные состояния квантовых систем с дополнительным предположением о кластеризации корреляционных функций (или $URI[[http://libmeta.ru/fme/formula/aux/1269_7_KMSh-SOSTOJaNIE,]]/URI$-асимптотич. абелевостью) являются Кмш-с. (см. [1]). Аналогичный результат справедлив и для классич. систем (см. [2]). Ф. Араки доказал, что любое Кмш-с. одномерных квантовых решетчатых систем есть предел гиббсовских состояний (см. [3]). Эквивалентность Кмш- и термодинамически-пассивных состояний доказана в [4].</text>
  <text_orig>состояние $\omega$ на $C^{*}$-алгебре $\mathscr{A}$, в которой действует сильно непрерывная группа ${ }^{*}$-автоморфизмов $\alpha_{t}$ и для него выполняется КМШ-условие. КМШ-с. являются формальным обобщением гиббсовских состояний, и существует ряд доказательств наличия у них требуемых от равновесных состояний свойств.

Локально устойчивые (по отношению к возмущению динамики малой добавкой $\mathrm{K}$ гамильтониану) стационарные состояния квантовых систем с дополнительным предположением о кластеризации корреляционных функщий (или $\mathfrak{B}^{(1)}$-асимптотич. абелевостью) являются КМШ-с. (см. [1]). Аналогичный результат справедлив и для классич. систем (см. [2]). Ф. Араки доказал, что любое КМШ-с. одномерных квантовых решетчатых систем есть предел гиббсовских состояний (см. [3]). Эквивалентность КМШ- и термодинамически-пассивных состояний доказана в [4].

Jum.: [1] Haag R., Trych-Pohlmeyer E., &quot;Comm. Math. Phys.», 1977, v. 56, p. 213; [2] Aizenmann M., Galavotti G., Goldste in S., Lebowitz J. L., там же, 1976, v. 48, p. 1; [3] A paк и Ф., в сб.: Гиббсовские состояния в статистической физике, пер. с англ., М., 1978, с. 131; [4] Pusz W., W o ronowitz S. L., «Comm. Math. Phys.», 1978, v. 58, p. 273.

B. Н. Нескоромный.</text_orig>
</article>
