<?xml version="1.0" ?>
<article uri="http://libmeta.ru/fme/article/1273_KOVARIANTNAJa" alphabetic_pos="1275">
  <title>КОВАРИАНТНАЯ ПРОИЗВОДНАЯ</title>
  <authors>
    <author>A$. A. Славнов</author>
  </authors>
  <pages>
    <start>273</start>
    <end>273</end>
  </pages>
  <literature>
    <literature_orig/>
  </literature>
  <formulas_main>
    <formula uri="http://libmeta.ru/fme/formula/main/1273_1_KOVARIANTNAJa">\begin{aligned}\Psi(x) &amp; \rightarrow \Gamma(\omega(x)) \Psi(x), \\\nabla_{\mu} \Psi(x) &amp; \rightarrow \Gamma(\omega(x)) \nabla_{\mu} \Psi(x) .\end{aligned}</formula>
    <formula uri="http://libmeta.ru/fme/formula/main/1273_2_KOVARIANTNAJa">\nabla_{\mu}=\partial_{\mu}-\Gamma\left(A_{\mu}\right)</formula>
  </formulas_main>
  <formulas_aux>
    <formula uri="http://libmeta.ru/fme/formula/aux/1273_1_KOVARIANTNAJa">, реализующего некоторое представление калибровочной группы </formula>
    <formula uri="http://libmeta.ru/fme/formula/aux/1273_2_KOVARIANTNAJa">, которая преобразуется по тому же представлению, что и само поле </formula>
    <formula uri="http://libmeta.ru/fme/formula/aux/1273_3_KOVARIANTNAJa"> :\[URI[[http://libmeta.ru/fme/formula/main/1273_1_KOVARIANTNAJa]]/URI\]Здесь представление группы </formula>
    <formula uri="http://libmeta.ru/fme/formula/aux/1273_4_KOVARIANTNAJa"> задано матрицами </formula>
    <formula uri="http://libmeta.ru/fme/formula/aux/1273_5_KOVARIANTNAJa">. Явное выражение для К. П. имеет вид\[URI[[http://libmeta.ru/fme/formula/main/1273_2_KOVARIANTNAJa]]/URI\]где </formula>
    <formula uri="http://libmeta.ru/fme/formula/aux/1273_6_KOVARIANTNAJa"> - представление матрицы </formula>
    <formula uri="http://libmeta.ru/fme/formula/aux/1273_7_KOVARIANTNAJa">, соответствующее данному представлению группы </formula>
    <formula uri="http://libmeta.ru/fme/formula/aux/1273_8_KOVARIANTNAJa">.К. п. задает параллельный перенос в зарядовом пространстве. Если в каждой точке контура </formula>
    <formula uri="http://libmeta.ru/fme/formula/aux/1273_9_KOVARIANTNAJa"> К. П. в касательном направлении равна нулю, то поле </formula>
    <formula uri="http://libmeta.ru/fme/formula/aux/1273_10_KOVARIANTNAJa"> параллельно переносится вдоль контура </formula>
  </formulas_aux>
  <relations n="0"/>
  <text>Производная Поля #\psi(x)$URI[[http://libmeta.ru/fme/formula/aux/1273_1_KOVARIANTNAJa]]/URI$\omega$URI[[http://libmeta.ru/fme/formula/aux/1273_2_KOVARIANTNAJa]]/URI$\psi$URI[[http://libmeta.ru/fme/formula/aux/1273_3_KOVARIANTNAJa]]/URI$\omega$URI[[http://libmeta.ru/fme/formula/aux/1273_4_KOVARIANTNAJa]]/URI$\gamma(\omega(x))$URI[[http://libmeta.ru/fme/formula/aux/1273_5_KOVARIANTNAJa]]/URI$\gamma\left(a_{\mu}\right)$URI[[http://libmeta.ru/fme/formula/aux/1273_6_KOVARIANTNAJa]]/URI$a_{\mu}(x)$URI[[http://libmeta.ru/fme/formula/aux/1273_7_KOVARIANTNAJa]]/URI$\omega$URI[[http://libmeta.ru/fme/formula/aux/1273_8_KOVARIANTNAJa]]/URI$\gamma(s)$URI[[http://libmeta.ru/fme/formula/aux/1273_9_KOVARIANTNAJa]]/URI$\psi(x)$URI[[http://libmeta.ru/fme/formula/aux/1273_10_KOVARIANTNAJa]]/URI$\gamma(s) . \quad</text>
  <text_orig>ПрОИЗВОДНаЯ ПОЛЯ $\Psi(x)$, реализующего некоторое представление калибровочной группы $\Omega$, которая преобразуется по тому же представлению, что и само поле $\Psi$ :

\[
\begin{aligned}
\Psi(x) &amp; \rightarrow \Gamma(\omega(x)) \Psi(x), \\
\nabla_{\mu} \Psi(x) &amp; \rightarrow \Gamma(\omega(x)) \nabla_{\mu} \Psi(x) .
\end{aligned}
\]

Здесь представление группы $\Omega$ задано матрицами $\Gamma(\omega(x))$. Явное выражение для К. П. имеет вид

\[
\nabla_{\mu}=\partial_{\mu}-\Gamma\left(A_{\mu}\right)
\]

где $\Gamma\left(A_{\mu}\right)$ - представление матрицы $A_{\mu}(x)$, соответствующее данному представлению группы $\Omega$.

К. п. задает параллельный перенос в зарядовом пространстве. Если в каждой точке контура $\gamma(s)$ К. П. в касательном направлении равна нулю, то поле $\Psi(x)$ параллельно переносится вдоль контура $\gamma(s) . \quad A$. A. Славнов.</text_orig>
</article>
