<?xml version="1.0" ?>
<article uri="http://libmeta.ru/fme/article/127_AT'I-UORDA" alphabetic_pos="127">
  <title>АТЬИ-УОРДА ТЕОРЕМА</title>
  <authors/>
  <pages>
    <start>37</start>
    <end>37</end>
  </pages>
  <literature>
    <literature_orig/>
  </literature>
  <formulas_main/>
  <formulas_aux/>
  <relations n="1">
    <relation uri="http://libmeta.ru/fme/relation/127_1_AT'I-UORDA">
      <rel_text>Алгебро-геометрические методы в теории поля</rel_text>
      <target>http://libmeta.ru/fme/article/56_ALGEBRO-GEOMETRIChESKIE</target>
    </relation>
  </relations>
  <text>см. URI[[http://libmeta.ru/fme/relation/127_1_AT'I-UORDA]]/URI.</text>
  <text_orig>см. Алгебро-геометрические методы в теории поля.</text_orig>
</article>
