<?xml version="1.0" ?>
<article uri="http://libmeta.ru/fme/article/1289_KOLIChESTVO" alphabetic_pos="1291">
  <title>КОЛИЧЕСТВО ДВИЖЕНИЯ, ИМПУЛЬС</title>
  <authors>
    <author>C. M. Tape</author>
  </authors>
  <pages>
    <start>276</start>
    <end>276</end>
  </pages>
  <literature>
    <literature_orig/>
  </literature>
  <formulas_main>
    <formula uri="http://libmeta.ru/fme/formula/main/1289_1_KOLIChESTVO">\boldsymbol{Q}=\sum m_{k} v_{k}=M v_{c}</formula>
    <formula uri="http://libmeta.ru/fme/formula/main/1289_2_KOLIChESTVO">Q_{1}-\boldsymbol{Q}_{0}=\sum \boldsymbol{S}_{k}^{e}</formula>
  </formulas_main>
  <formulas_aux>
    <formula uri="http://libmeta.ru/fme/formula/aux/1289_1_KOLIChESTVO">m</formula>
    <formula uri="http://libmeta.ru/fme/formula/aux/1289_2_KOLIChESTVO">v</formula>
    <formula uri="http://libmeta.ru/fme/formula/aux/1289_3_KOLIChESTVO">m v-</formula>
    <formula uri="http://libmeta.ru/fme/formula/aux/1289_4_KOLIChESTVO">\boldsymbol{q}</formula>
    <formula uri="http://libmeta.ru/fme/formula/aux/1289_5_KOLIChESTVO">m</formula>
    <formula uri="http://libmeta.ru/fme/formula/aux/1289_6_KOLIChESTVO">v_{c}</formula>
    <formula uri="http://libmeta.ru/fme/formula/aux/1289_7_KOLIChESTVO">\boldsymbol{q}_{0}</formula>
    <formula uri="http://libmeta.ru/fme/formula/aux/1289_8_KOLIChESTVO">\boldsymbol{q}_{1}-\mathrm{K}</formula>
    <formula uri="http://libmeta.ru/fme/formula/aux/1289_9_KOLIChESTVO">\boldsymbol{s}_{\boldsymbol{k}}^{\boldsymbol{e}}-</formula>
    <formula uri="http://libmeta.ru/fme/formula/aux/1289_10_KOLIChESTVO">\boldsymbol{f}_{\boldsymbol{k}}^{\boldsymbol{e}}</formula>
    <formula uri="http://libmeta.ru/fme/formula/aux/1289_11_KOLIChESTVO">\left.\frac{d Q}{d t}=\sum F_{k}^{e}\right)</formula>
    <formula uri="http://libmeta.ru/fme/formula/aux/1289_12_KOLIChESTVO">q=\sum m_{k} v_{k}</formula>
    <formula uri="http://libmeta.ru/fme/formula/aux/1289_13_KOLIChESTVO">m_{1} v_{1}</formula>
    <formula uri="http://libmeta.ru/fme/formula/aux/1289_14_KOLIChESTVO">m_{2} v_{2}</formula>
    <formula uri="http://libmeta.ru/fme/formula/aux/1289_15_KOLIChESTVO">m_{1} v_{1}=m_{2} v_{2}</formula>
    <formula uri="http://libmeta.ru/fme/formula/aux/1289_16_KOLIChESTVO">v_{1}, v_{2}</formula>
    <formula uri="http://libmeta.ru/fme/formula/aux/1289_17_KOLIChESTVO">v_{1}</formula>
    <formula uri="http://libmeta.ru/fme/formula/aux/1289_18_KOLIChESTVO">v_{2}</formula>
    <formula uri="http://libmeta.ru/fme/formula/aux/1289_19_KOLIChESTVO">c</formula>
    <formula uri="http://libmeta.ru/fme/formula/aux/1289_20_KOLIChESTVO">p=m v / \sqrt{1-\beta^{2}}</formula>
    <formula uri="http://libmeta.ru/fme/formula/aux/1289_21_KOLIChESTVO">\beta=v / c</formula>
    <formula uri="http://libmeta.ru/fme/formula/aux/1289_22_KOLIChESTVO">v \ll c</formula>
    <formula uri="http://libmeta.ru/fme/formula/aux/1289_23_KOLIChESTVO">p=m v</formula>
  </formulas_aux>
  <relations n="2">
    <relation uri="http://libmeta.ru/fme/relation/1289_1_KOLIChESTVO">
      <rel_text>Импульс</rel_text>
      <target>http://libmeta.ru/fme/article/996_IMPUL'</target>
    </relation>
    <relation uri="http://libmeta.ru/fme/relation/1289_2_KOLIChESTVO">
      <rel_text>Ньютона законы механики</rel_text>
      <target>http://libmeta.ru/fme/article/1997_N'JuTONA</target>
    </relation>
  </relations>
  <text>мера механического движения, равная для материальной точки произведению ее массы $URI[[http://libmeta.ru/fme/formula/aux/1289_1_KOLIChESTVO]]/URI$ на скорость $URI[[http://libmeta.ru/fme/formula/aux/1289_2_KOLIChESTVO]]/URI$. К. Д. $URI[[http://libmeta.ru/fme/formula/aux/1289_3_KOLIChESTVO]]/URI$ величина векторная, направленная так же, как скорость точки. Под действием силы К. д. точки изменяется в общем случае и численно, и по направлению; это изменение определяется вторым (основным) законом динамики (см. URI[[http://libmeta.ru/fme/relation/1289_2_KOLIChESTVO]]/URI).

К. д. $URI[[http://libmeta.ru/fme/formula/aux/1289_4_KOLIChESTVO]]/URI$ механич. системы равно геометрич. сумме К. д. всех ее точек или произведению массы $URI[[http://libmeta.ru/fme/formula/aux/1289_5_KOLIChESTVO]]/URI$ всей системы на скорость $URI[[http://libmeta.ru/fme/formula/aux/1289_6_KOLIChESTVO]]/URI$ ее центра масс:

\[
URI[[http://libmeta.ru/fme/formula/main/1289_1_KOLIChESTVO]]/URI
\]

Изменение К. Д. системы происходит под действием только внешних сил, то есть сил, действующих на систему со стороны тел, в эту систему не входящих. Согласно теореме об изменении К. Д.,

\[
URI[[http://libmeta.ru/fme/formula/main/1289_2_KOLIChESTVO]]/URI
\]

где $URI[[http://libmeta.ru/fme/formula/aux/1289_7_KOLIChESTVO]]/URI$ и $URI[[http://libmeta.ru/fme/formula/aux/1289_8_KOLIChESTVO]]/URI$. д. системы в начале и в конце нек-рого промежутка времени, $URI[[http://libmeta.ru/fme/formula/aux/1289_9_KOLIChESTVO]]/URI$ импульсы внешних сил $URI[[http://libmeta.ru/fme/formula/aux/1289_10_KOLIChESTVO]]/URI$ (см. URI[[http://libmeta.ru/fme/relation/1289_1_KOLIChESTVO]]/URI силы) за этот промежуток времени (в дифференциальной форме теорема выражается уравнением $URI[[http://libmeta.ru/fme/formula/aux/1289_11_KOLIChESTVO]]/URI$. Этой теоремой пользуются при решении многих задач динамики, в частности в теории удара.

Для замкнутой системы, то есть системы, не испытывающей внешних воздействий, или в случае, когда геометрич. сумма действующих на систему внешних сил равна нулю, имеет место закон сохранения К. Д. При этом К. Д. отдельных частей системы (напр., под действием внутренних сил) могут изменяться, но так, что величина $URI[[http://libmeta.ru/fme/formula/aux/1289_12_KOLIChESTVO]]/URI$ остается постоянной. Этот закон объясняет такие явления, как реактивное движение, отдача (или откат) при выстреле, работа гребного винта или весел. Напр., если рассматривать ружье и пулю как одну систему, то давление пороховых газов при выстреле будет для этой системы силой внутренней и не может изменить К. д. системы, равное до выстрела нулю. Поэтому, сообщая пуле К. Д. $URI[[http://libmeta.ru/fme/formula/aux/1289_13_KOLIChESTVO]]/URI$, направленное к дульному срезу, пороховые газы сообщат одновременно ружью численно такое же, но противоположно направленное К. Д. $URI[[http://libmeta.ru/fme/formula/aux/1289_14_KOLIChESTVO]]/URI$, что вызовет отдачу; из равенства $URI[[http://libmeta.ru/fme/formula/aux/1289_15_KOLIChESTVO]]/URI$ (где $URI[[http://libmeta.ru/fme/formula/aux/1289_16_KOLIChESTVO]]/URI$ - численные значения скоростей), зная скорость $URI[[http://libmeta.ru/fme/formula/aux/1289_17_KOLIChESTVO]]/URI$ пули при вылете из ствола, можно найти наибольшую скорость $URI[[http://libmeta.ru/fme/formula/aux/1289_18_KOLIChESTVO]]/URI$ отдачи (а для орудия - наибольшую скорость отката).

При скоростях, близких к скорости света $URI[[http://libmeta.ru/fme/formula/aux/1289_19_KOLIChESTVO]]/URI$, К.д. свободной частицы определяется формулой: $URI[[http://libmeta.ru/fme/formula/aux/1289_20_KOLIChESTVO]]/URI$, где $URI[[http://libmeta.ru/fme/formula/aux/1289_21_KOLIChESTVO]]/URI$; когда $URI[[http://libmeta.ru/fme/formula/aux/1289_22_KOLIChESTVO]]/URI$, формула переходит в обычную: $URI[[http://libmeta.ru/fme/formula/aux/1289_23_KOLIChESTVO]]/URI$.

К. д. обладают и поля: электромагнитные, гравитационные и др. К. д. поля характеризуется его плотностью (отношением К. д. элемента объема к этому объему) и выражается через напряженность поля или его потенциал и т. д.</text>
  <text_orig>мера механического движения, равная для материальной точки произведению ее массы $m$ на скорость $v$. К. Д. $m v-$ величина векторная, направленная так же, как скорость точки. Под действием силы К. д. точки изменяется в общем случае и численно, и по направлению; это изменение определяется вторым (основным) законом динамики (см. Ньютона законы механики).

К. д. $\boldsymbol{Q}$ механич. системы равно геометрич. сумме К. д. всех ее точек или произведению массы $M$ всей системы на скорость $v_{c}$ ее центра масс:

\[
\boldsymbol{Q}=\sum m_{k} v_{k}=M v_{c}
\]

Изменение К. Д. системы происходит под действием только внешних сил, то есть сил, действующих на систему со стороны тел, в эту систему не входящих. Согласно теореме об изменении К. Д.,

\[
Q_{1}-\boldsymbol{Q}_{0}=\sum \boldsymbol{S}_{k}^{e}
\]

где $\boldsymbol{Q}_{0}$ и $\boldsymbol{Q}_{1}-\mathrm{K}$. д. системы в начале и в конце нек-рого промежутка времени, $\boldsymbol{S}_{\boldsymbol{k}}^{\boldsymbol{e}}-$ импульсы внешних сил $\boldsymbol{F}_{\boldsymbol{k}}^{\boldsymbol{e}}$ (см. Импульс силы) за этот промежуток времени (в дифференциальной форме теорема выражается уравнением $\left.\frac{d Q}{d t}=\sum F_{k}^{e}\right)$. Этой теоремой пользуются при решении многих задач динамики, в частности в теории удара.

Для замкнутой системы, то есть системы, не испытываюшей внешних воздействий, или в случае, когда геометрич. сумма действующих на систему внешних сил равна нулю, имеет место закон сохранения К. Д. При этом К. Д. отдельных частей системы (напр., под действием внутренних сил) могут изменяться, но так, что величина $Q=\sum m_{k} v_{k}$ остается постоянной. Этот закон объясняет такие явления, как реактивное движение, отдача (или откат) при выстреле, работа гребного винта или весел. Напр., если рассматривать ружье и пулю как одну систему, то давление пороховых газов при выстреле будет для этой системы силой внутренней и не может изменить К. д. системы, равное до выстрела нулю. Поэтому, сообщая пуле К. Д. $m_{1} v_{1}$, направленное к дульному срезу, пороховые газы сообщат одновременно ружью численно такое же, но противоположно направленное К. Д. $m_{2} v_{2}$, что вызовет отдачу; из равенства $m_{1} v_{1}=m_{2} v_{2}$ (где $v_{1}, v_{2}$ - численные значения скоростей), зная скорость $v_{1}$ пули при вылете из ствола, можно найти наибольшую скорость $v_{2}$ отдачи (а для орудия - наибольшую скорость отката).

При скоростях, близких к скорости света $c$, К.д. свободной частицы определяется формулой: $p=m v / \sqrt{1-\beta^{2}}$, где $\beta=v / c$; когда $v \ll c$, формула переходит в обычную: $p=m v$.

К. д. обладают и поля: электромагнитные, гравитационные и др. К. д. поля характеризуется его плотностью (отношением К. д. элемента объема к этому объему) и выражается через напряженность поля или его потенциал и т. д.

C. M. Tape.</text_orig>
</article>
