<?xml version="1.0" ?>
<article uri="http://libmeta.ru/fme/article/1290_KOLIChESTVO" alphabetic_pos="1292">
  <title>КОЛИЧЕСТВО ТЕПЛА</title>
  <authors/>
  <pages>
    <start>276</start>
    <end>277</end>
  </pages>
  <literature>
    <literature_orig/>
  </literature>
  <formulas_main>
    <formula uri="http://libmeta.ru/fme/formula/main/1290_1_KOLIChESTVO">\delta Q=C d T</formula>
  </formulas_main>
  <formulas_aux>
    <formula uri="http://libmeta.ru/fme/formula/aux/1290_1_KOLIChESTVO">c</formula>
    <formula uri="http://libmeta.ru/fme/formula/aux/1290_2_KOLIChESTVO">d T-</formula>
    <formula uri="http://libmeta.ru/fme/formula/aux/1290_3_KOLIChESTVO">\quad \begin{array}{ll}\text { в. Солдатов. }\end{array}</formula>
  </formulas_aux>
  <relations n="0"/>
  <text>величина, количественно характеризующая процесс теплообмена. К. т. равно количеству энергии, переданной системе без изменения ее внешних параметров. К. т. зависит не только от начального и конечного состояний системы, но и от процесса, к-рый система испытывает при переходе между ними. К. т. отлично от нуля только при наличии процесса теплоотдачи. Состоянию системы не соответствует какое-либо значение К. т. Элементарное K. т.:

\[
URI[[http://libmeta.ru/fme/formula/main/1290_1_KOLIChESTVO]]/URI
\]

где $URI[[http://libmeta.ru/fme/formula/aux/1290_1_KOLIChESTVO]]/URI$ - теплоемкость системы, соответствующая опреде- ленному процессу теплоотдачи, $URI[[http://libmeta.ru/fme/formula/aux/1290_2_KOLIChESTVO]]/URI$ бесконечно малое изменение температуры системы. $URI[[http://libmeta.ru/fme/formula/aux/1290_3_KOLIChESTVO]]/URI$</text>
  <text_orig>величина, количественно характеризующая процесс теплообмена. К. т. равно количеству энергии, переданной системе без изменения ее внешних параметров. К. т. зависит не только от начального и конечного состояний системы, но и от процесса, к-рый система испытывает при переходе между ними. К. т. отлично от нуля только при наличии процесса теплоотдачи. Состоянию системы не соответствует какое-либо значение К. т. Элементарное K. т.:

\[
\delta Q=C d T
\]

где $C$ - теплоемкость системы, соответствующая опреде- ленному процессу теплоотдачи, $d T-$ бесконечно малое изменение температуры системы. $\quad \begin{array}{ll}\text { в. Солдатов. }\end{array}$</text_orig>
</article>
