<?xml version="1.0" ?>
<article uri="http://libmeta.ru/fme/article/1294_KOLMOGOROVA" alphabetic_pos="1296">
  <title>КОЛМОГОРОВА ОБРАТНОЕ УРАВНЕНИЕ</title>
  <authors/>
  <pages>
    <start>277</start>
    <end>277</end>
  </pages>
  <literature>
    <literature_orig/>
  </literature>
  <formulas_main/>
  <formulas_aux/>
  <relations n="2">
    <relation uri="http://libmeta.ru/fme/relation/1294_1_KOLMOGOROVA">
      <rel_text>Статистическая гидромеханика</rel_text>
      <target>http://libmeta.ru/fme/article/2924_STATISTIChESKAJa</target>
    </relation>
    <relation uri="http://libmeta.ru/fme/relation/1294_2_KOLMOGOROVA">
      <rel_text>Колмогорова теорема</rel_text>
      <target>http://libmeta.ru/fme/article/1297_KOLMOGOROVA</target>
    </relation>
  </relations>
  <text>см. URI[[http://libmeta.ru/fme/relation/1294_2_KOLMOGOROVA]]/URI, URI[[http://libmeta.ru/fme/relation/1294_1_KOLMOGOROVA]]/URI.</text>
  <text_orig>см. КолМогорова теорема, Статистическая гидромеханика.</text_orig>
</article>
