<?xml version="1.0" ?>
<article uri="http://libmeta.ru/fme/article/1297_KOLMOGOROVA" alphabetic_pos="1299">
  <title>КОЛМОГОРОВА ТЕОРЕМА</title>
  <authors>
    <author>Й. Г. Бранков</author>
  </authors>
  <pages>
    <start>277</start>
    <end>277</end>
  </pages>
  <literature>
    <literature_orig>Лum.: [1] Кол м о г о р о в А. Н., «учен. зап. Мгу. Математика», 1939, т. 30, с. 3; [2] Бу рб а к и Н., Функции действительного переменного, пер. с франц., М., 1965, гл. 1, § 3.</literature_orig>
    <unit>
      <author>Колмогоров А. Н.</author>
      <title>«учен. зап. Мгу. Математика»</title>
      <publication/>
      <year>1939</year>
      <other>т. 30, с. 3</other>
    </unit>
    <unit>
      <author>Бурбаки Н.</author>
      <title>Функции действительного переменного</title>
      <publication>пер. с франц., М.</publication>
      <year>1965</year>
      <other>гл. 1, § 3.</other>
    </unit>
  </literature>
  <formulas_main>
    <formula uri="http://libmeta.ru/fme/formula/main/1297_1_KOLMOGOROVA">M_{k}=\sup _{x}\left|f^{(k)}(x)\right|</formula>
    <formula uri="http://libmeta.ru/fme/formula/main/1297_2_KOLMOGOROVA">M_{k} \leqslant C_{n k} M^{(n-k) / n} M_{n}^{k / n}</formula>
    <formula uri="http://libmeta.ru/fme/formula/main/1297_3_KOLMOGOROVA">C_{n k}=K_{n-k} / K_{n}^{(n-k) / n}, \quad K_{m}=\frac{4}{\pi} \sum_{l=0}^{\infty} \frac{(-1)^{l(m+1)}}{(2 l+1)^{m+1}} .</formula>
  </formulas_main>
  <formulas_aux>
    <formula uri="http://libmeta.ru/fme/formula/aux/1297_1_KOLMOGOROVA">f(x)</formula>
    <formula uri="http://libmeta.ru/fme/formula/aux/1297_2_KOLMOGOROVA">n(n \geqslant 2)</formula>
    <formula uri="http://libmeta.ru/fme/formula/aux/1297_3_KOLMOGOROVA">x \in \mathbb{R}^{1}</formula>
    <formula uri="http://libmeta.ru/fme/formula/aux/1297_4_KOLMOGOROVA">n</formula>
    <formula uri="http://libmeta.ru/fme/formula/aux/1297_5_KOLMOGOROVA">(n-1)</formula>
    <formula uri="http://libmeta.ru/fme/formula/aux/1297_6_KOLMOGOROVA">k=0,1, \ldots, n</formula>
    <formula uri="http://libmeta.ru/fme/formula/aux/1297_7_KOLMOGOROVA">m_{0}, M_{k}, 0&lt;k&lt;n</formula>
    <formula uri="http://libmeta.ru/fme/formula/aux/1297_8_KOLMOGOROVA">m_{n}</formula>
    <formula uri="http://libmeta.ru/fme/formula/aux/1297_9_KOLMOGOROVA">f(x)</formula>
    <formula uri="http://libmeta.ru/fme/formula/aux/1297_10_KOLMOGOROVA">m_{l}=m_{l}(f), l=0, k, n</formula>
    <formula uri="http://libmeta.ru/fme/formula/aux/1297_11_KOLMOGOROVA">n=2, k=1</formula>
    <formula uri="http://libmeta.ru/fme/formula/aux/1297_12_KOLMOGOROVA">n</formula>
    <formula uri="http://libmeta.ru/fme/formula/aux/1297_13_KOLMOGOROVA">f(x)</formula>
    <formula uri="http://libmeta.ru/fme/formula/aux/1297_14_KOLMOGOROVA">m_{0}(f)</formula>
  </formulas_aux>
  <relations n="0"/>
  <text>пусть функция $URI[[http://libmeta.ru/fme/formula/aux/1297_1_KOLMOGOROVA]]/URI$ и ее первые $URI[[http://libmeta.ru/fme/formula/aux/1297_2_KOLMOGOROVA]]/URI$ производные ограничены для всех $URI[[http://libmeta.ru/fme/formula/aux/1297_3_KOLMOGOROVA]]/URI$ (ограниченность $URI[[http://libmeta.ru/fme/formula/aux/1297_4_KOLMOGOROVA]]/URI$-й производной понимается в смысле ограниченности производных чисел $URI[[http://libmeta.ru/fme/formula/aux/1297_5_KOLMOGOROVA]]/URI$-й производной) и

\[
URI[[http://libmeta.ru/fme/formula/main/1297_1_KOLMOGOROVA]]/URI
\]

$URI[[http://libmeta.ru/fme/formula/aux/1297_6_KOLMOGOROVA]]/URI$; тогда, для того чтобы тройке положительных чисел $URI[[http://libmeta.ru/fme/formula/aux/1297_7_KOLMOGOROVA]]/URI$, и $URI[[http://libmeta.ru/fme/formula/aux/1297_8_KOLMOGOROVA]]/URI$ соответствовала функция $URI[[http://libmeta.ru/fme/formula/aux/1297_9_KOLMOGOROVA]]/URI$, для которой $URI[[http://libmeta.ru/fme/formula/aux/1297_10_KOLMOGOROVA]]/URI$, необходимо и достаточно соблюдение условия

\[
URI[[http://libmeta.ru/fme/formula/main/1297_2_KOLMOGOROVA]]/URI
\]

где

\[
URI[[http://libmeta.ru/fme/formula/main/1297_3_KOLMOGOROVA]]/URI
\]

Частный случай $URI[[http://libmeta.ru/fme/formula/aux/1297_11_KOLMOGOROVA]]/URI$ теоремы доказан Ж. Адамаром (j. Hadamard, 1914).

В методе аппроксимирующего гамильтониана К. т. можно использовать для нахождения асимптотических оценок для разности корреляционных функций, представимых в виде производных от плотности термодинамич. потенциала по действительному параметру, при условии, что $URI[[http://libmeta.ru/fme/formula/aux/1297_12_KOLMOGOROVA]]/URI$-е производные числа ограничены. Тогда функция $URI[[http://libmeta.ru/fme/formula/aux/1297_13_KOLMOGOROVA]]/URI$ отождествляется с разностью плотностей термодинамич. потенциалов, а $URI[[http://libmeta.ru/fme/formula/aux/1297_14_KOLMOGOROVA]]/URI$ - с асимптотич. оценкой сверху для разности плотностей термодинамич. потенциалов.</text>
  <text_orig>пусть функция $f(x)$ и ее первые $n(n \geqslant 2)$ производные ограничены для всех $x \in \mathbb{R}^{1}$ (ограниченность $n$-й производной понимается в смысле ограниченности производных чисел $(n-1)$-й производной) и

\[
M_{k}=\sup _{x}\left|f^{(k)}(x)\right|
\]

$k=0,1, \ldots, n$; тогда, для того чтобы тройке положительных чисел $M_{0}, M_{k}, 0&lt;k&lt;n$, и $M_{n}$ соответствовала функция $f(x)$, для которой $M_{l}=M_{l}(f), l=0, k, n$, необходимо и достаточно соблюдение условия

\[
M_{k} \leqslant C_{n k} M^{(n-k) / n} M_{n}^{k / n}
\]

где

\[
C_{n k}=K_{n-k} / K_{n}^{(n-k) / n}, \quad K_{m}=\frac{4}{\pi} \sum_{l=0}^{\infty} \frac{(-1)^{l(m+1)}}{(2 l+1)^{m+1}} .
\]

Частный случай $n=2, k=1$ теоремы доказан Ж. Адамаром (J. Hadamard, 1914).

В методе аппроксимирующего гамильтониана К. т. можно использовать для нахождения асимптотических оценок для разности корреляционных функций, представимых в виде производных от плотности термодинамич. потенциала по действительному параметру, при условии, что $n$-е производные числа ограничены. Тогда функция $f(x)$ отождествляется с разностью плотностей термодинамич. потенциалов, а $M_{0}(f)$ - с асимптотич. оценкой сверху для разности плотностей термодинамич. потенциалов.

Лum.: [1] Кол м о г о р о в А. Н., «Учен. зап. МГУ. Математика», 1939, т. 30, с. 3; [2] Бу рб а к и Н., Функции действительного переменного, пер. с франц., М., 1965, гл. 1, § 3. Й. Г. Бранков.</text_orig>
</article>
