<?xml version="1.0" ?>
<article uri="http://libmeta.ru/fme/article/12_AVTODUAL'NOSTI" alphabetic_pos="12">
  <title>АВТОДУАЛЬНОСТИ УРАВНЕНИЕ</title>
  <authors/>
  <pages>
    <start>6</start>
    <end>6</end>
  </pages>
  <literature>
    <literature_orig/>
  </literature>
  <formulas_main/>
  <formulas_aux/>
  <relations n="2">
    <relation uri="http://libmeta.ru/fme/relation/12_1_AVTODUAL'NOSTI">
      <rel_text>Инстантон</rel_text>
      <target>http://libmeta.ru/fme/article/1022_INSTANTO</target>
    </relation>
    <relation uri="http://libmeta.ru/fme/relation/12_2_AVTODUAL'NOSTI">
      <rel_text>Алгебро-геометрические методы в теории поля</rel_text>
      <target>http://libmeta.ru/fme/article/56_ALGEBRO-GEOMETRIChESKIE</target>
    </relation>
  </relations>
  <text>см. URI[[http://libmeta.ru/fme/relation/12_2_AVTODUAL'NOSTI]]/URI, URI[[http://libmeta.ru/fme/relation/12_1_AVTODUAL'NOSTI]]/URI.</text>
  <text_orig>см. Алгебро-геометрические методы в теории поля, Инстантон.</text_orig>
</article>
