<?xml version="1.0" ?>
<article uri="http://libmeta.ru/fme/article/1302_KOLMOGOROVA-ChEPMENA" alphabetic_pos="1304">
  <title>КОЛМОГОРОВА-ЧЕПМЕНА УРАВНЕНИЕ</title>
  <authors/>
  <pages>
    <start>278</start>
    <end>278</end>
  </pages>
  <literature>
    <literature_orig/>
  </literature>
  <formulas_main/>
  <formulas_aux/>
  <relations n="4">
    <relation uri="http://libmeta.ru/fme/relation/1302_1_KOLMOGOROVA-ChEPMENA">
      <rel_text>Маркова цепь</rel_text>
      <target>http://libmeta.ru/fme/article/1712_MARKOVA</target>
    </relation>
    <relation uri="http://libmeta.ru/fme/relation/1302_2_KOLMOGOROVA-ChEPMENA">
      <rel_text>Маркова цепь</rel_text>
      <target>http://libmeta.ru/fme/article/1712_MARKOVA</target>
    </relation>
    <relation uri="http://libmeta.ru/fme/relation/1302_3_KOLMOGOROVA-ChEPMENA">
      <rel_text>Марковский процесс</rel_text>
      <target>http://libmeta.ru/fme/article/1715_MARKOVSKIJ</target>
    </relation>
    <relation uri="http://libmeta.ru/fme/relation/1302_4_KOLMOGOROVA-ChEPMENA">
      <rel_text>Диффузионный процесс</rel_text>
      <target>http://libmeta.ru/fme/article/884_DIFFUZIONNYJ</target>
    </relation>
  </relations>
  <text>см. URI[[http://libmeta.ru/fme/relation/1302_4_KOLMOGOROVA-ChEPMENA]]/URI, URI[[http://libmeta.ru/fme/relation/1302_3_KOLMOGOROVA-ChEPMENA]]/URI, URI[[http://libmeta.ru/fme/relation/1302_2_KOLMOGOROVA-ChEPMENA]]/URI, URI[[http://libmeta.ru/fme/relation/1302_1_KOLMOGOROVA-ChEPMENA]]/URI с непрерывным временем.</text>
  <text_orig>см. Диффузионный процесс, Марковский процесс, Маркова цепь, Маркова цепь с непрерывным временем.</text_orig>
</article>
