<?xml version="1.0" ?>
<article uri="http://libmeta.ru/fme/article/1306_KOLMOGOROVSKOE" alphabetic_pos="1308">
  <title>КОЛМОГОРОВСКОЕ ДВИЖЕНИЕ</title>
  <authors/>
  <pages>
    <start>280</start>
    <end>280</end>
  </pages>
  <literature>
    <literature_orig/>
  </literature>
  <formulas_main/>
  <formulas_aux/>
  <relations n="1">
    <relation uri="http://libmeta.ru/fme/relation/1306_1_KOLMOGOROVSKOE">
      <rel_text>Обмотка тора</rel_text>
      <target>http://libmeta.ru/fme/article/2011_OBMOTKA</target>
    </relation>
  </relations>
  <text>см. URI[[http://libmeta.ru/fme/relation/1306_1_KOLMOGOROVSKOE]]/URI.</text>
  <text_orig>см. Обмотка тора.</text_orig>
</article>
