<?xml version="1.0" ?>
<article uri="http://libmeta.ru/fme/article/1307_KOLMOGOROVSKOE" alphabetic_pos="1309">
  <title>КОЛМОГОРОВСКОЕ МНОЖЕСТВО</title>
  <authors/>
  <pages>
    <start>280</start>
    <end>280</end>
  </pages>
  <literature>
    <literature_orig/>
  </literature>
  <formulas_main/>
  <formulas_aux/>
  <relations n="0"/>
  <text>объединение колмогоровских торов. См. также Кам-теория, Малые знаменатели.</text>
  <text_orig>объединение колмогоровских торов. СМ. также КАМ-теория, Малые знаменатели.</text_orig>
</article>
