<?xml version="1.0" ?>
<article uri="http://libmeta.ru/fme/article/1309_KOMMUTAT" alphabetic_pos="1311">
  <title>КОММУТАТ ГРУППЫ, ПРОИЗВОДНАЯ ГРУППА</title>
  <authors>
    <author>Н. Н. Вильямс</author>
    <author>О. А. Иванова</author>
  </authors>
  <pages>
    <start>280</start>
    <end>280</end>
  </pages>
  <literature>
    <literature_orig/>
  </literature>
  <formulas_main/>
  <formulas_aux>
    <formula uri="http://libmeta.ru/fme/formula/aux/1309_1_KOMMUTAT">g</formula>
    <formula uri="http://libmeta.ru/fme/formula/aux/1309_2_KOMMUTAT">g</formula>
    <formula uri="http://libmeta.ru/fme/formula/aux/1309_3_KOMMUTAT">g</formula>
    <formula uri="http://libmeta.ru/fme/formula/aux/1309_4_KOMMUTAT">[g, G]</formula>
    <formula uri="http://libmeta.ru/fme/formula/aux/1309_5_KOMMUTAT">g^{\prime}</formula>
    <formula uri="http://libmeta.ru/fme/formula/aux/1309_6_KOMMUTAT">\gamma_{2}(g)</formula>
    <formula uri="http://libmeta.ru/fme/formula/aux/1309_7_KOMMUTAT">r</formula>
    <formula uri="http://libmeta.ru/fme/formula/aux/1309_8_KOMMUTAT">a b, a, b \in R ;</formula>
    <formula uri="http://libmeta.ru/fme/formula/aux/1309_9_KOMMUTAT">r</formula>
    <formula uri="http://libmeta.ru/fme/formula/aux/1309_10_KOMMUTAT">[r, R]</formula>
    <formula uri="http://libmeta.ru/fme/formula/aux/1309_11_KOMMUTAT">r^{2}</formula>
  </formulas_aux>
  <relations n="0"/>
  <text>подгруппа, порождаемая в группе $URI[[http://libmeta.ru/fme/formula/aux/1309_1_KOMMUTAT]]/URI$ всевозможными коммутаторами элементов группы $URI[[http://libmeta.ru/fme/formula/aux/1309_2_KOMMUTAT]]/URI$. Обычно К. группы $URI[[http://libmeta.ru/fme/formula/aux/1309_3_KOMMUTAT]]/URI$ обозначается $URI[[http://libmeta.ru/fme/formula/aux/1309_4_KOMMUTAT]]/URI$, или $URI[[http://libmeta.ru/fme/formula/aux/1309_5_KOMMUTAT]]/URI$, или $URI[[http://libmeta.ru/fme/formula/aux/1309_6_KOMMUTAT]]/URI$. Любая подгруппа, содержащая К., является нормальным делителем этой группы. Факторгруппа по нек-рому нормальному делителю абелева тогда и только тогда, когда этот нормальный делитель содержит К. группы.

К. кол ь ц а $URI[[http://libmeta.ru/fme/formula/aux/1309_7_KOMMUTAT]]/URI$ - идеал, порожденный всеми произведениями $URI[[http://libmeta.ru/fme/formula/aux/1309_8_KOMMUTAT]]/URI$ он называется также квадратом кольца $URI[[http://libmeta.ru/fme/formula/aux/1309_9_KOMMUTAT]]/URI$ и обозначается $URI[[http://libmeta.ru/fme/formula/aux/1309_10_KOMMUTAT]]/URI$ или $URI[[http://libmeta.ru/fme/formula/aux/1309_11_KOMMUTAT]]/URI$.</text>
  <text_orig>подгруппа, порождаемая в группе $G$ всевозможными коммутаторами элементов группы $G$. Обычно К. группы $G$ обозначается $[G, G]$, или $G^{\prime}$, или $\Gamma_{2}(G)$. Любая подгруппа, содержащая К., является нормальным делителем этой группы. Факторгруппа по нек-рому нормальному делителю абелева тогда и только тогда, когда этот нормальный делитель содержит К. группы.

К. кол ь ц а $R$ - идеал, порожденный всеми произведениями $a b, a, b \in R ;$ он называется также квадратом кольца $R$ и обозначается $[R, R]$ или $R^{2}$.

Н. Н. Вильямс, О. А. Иванова.</text_orig>
</article>
