<?xml version="1.0" ?>
<article uri="http://libmeta.ru/fme/article/1312_KOMMUTATIVNAJa" alphabetic_pos="1314">
  <title>КОММУТАТИВНАЯ ГРУППА, АБЕЛЕВА ГРУППА</title>
  <authors/>
  <pages>
    <start>280</start>
    <end>280</end>
  </pages>
  <literature>
    <literature_orig/>
  </literature>
  <formulas_main/>
  <formulas_aux/>
  <relations n="0"/>
  <text>группа, операция в которой коммутативна (перестановочна).</text>
  <text_orig>групnа, операция в которой коммутативна (перестановочна).</text_orig>
</article>
