<?xml version="1.0" ?>
<article uri="http://libmeta.ru/fme/article/1313_KOMMUTATOR" alphabetic_pos="1315">
  <title>КОММУТАТОР АЛГЕБРЫ ЛИ</title>
  <authors/>
  <pages>
    <start>280</start>
    <end>280</end>
  </pages>
  <literature>
    <literature_orig/>
  </literature>
  <formulas_main/>
  <formulas_aux/>
  <relations n="1">
    <relation uri="http://libmeta.ru/fme/relation/1313_1_KOMMUTATOR">
      <rel_text>Ли алгебра</rel_text>
      <target>http://libmeta.ru/fme/article/1583_LI</target>
    </relation>
  </relations>
  <text>см. URI[[http://libmeta.ru/fme/relation/1313_1_KOMMUTATOR]]/URI.</text>
  <text_orig>см. Ли алгебра.</text_orig>
</article>
