<?xml version="1.0" ?>
<article uri="http://libmeta.ru/fme/article/1318_KOMPAKTNAJa" alphabetic_pos="1320">
  <title>КОМПАКТНАЯ ГРУППА</title>
  <authors/>
  <pages>
    <start>281</start>
    <end>281</end>
  </pages>
  <literature>
    <literature_orig/>
  </literature>
  <formulas_main/>
  <formulas_aux/>
  <relations n="1">
    <relation uri="http://libmeta.ru/fme/relation/1318_1_KOMPAKTNAJa">
      <rel_text>Топологическая группа</rel_text>
      <target>http://libmeta.ru/fme/article/3087_TOPOLOGIChESKAJa</target>
    </relation>
  </relations>
  <text>см. URI[[http://libmeta.ru/fme/relation/1318_1_KOMPAKTNAJa]]/URI.</text>
  <text_orig>см. Топологическая группа.</text_orig>
</article>
