<?xml version="1.0" ?>
<article uri="http://libmeta.ru/fme/article/1319_KOMPAKTNOGO" alphabetic_pos="1321">
  <title>КОМПАКТНОГО ТИПА ПРОСТРАНСТВО</title>
  <authors/>
  <pages>
    <start>281</start>
    <end>281</end>
  </pages>
  <literature>
    <literature_orig/>
  </literature>
  <formulas_main/>
  <formulas_aux/>
  <relations n="1">
    <relation uri="http://libmeta.ru/fme/relation/1319_1_KOMPAKTNOGO">
      <rel_text>Симметрическое</rel_text>
      <target>http://libmeta.ru/fme/article/2741_SIMMETRIZATsI</target>
    </relation>
  </relations>
  <text>см. URI[[http://libmeta.ru/fme/relation/1319_1_KOMPAKTNOGO]]/URI пространство.</text>
  <text_orig>см. СUмметрическое пространство.</text_orig>
</article>
