<?xml version="1.0" ?>
<article uri="http://libmeta.ru/fme/article/131_BAZIS" alphabetic_pos="131">
  <title>БАЗИС ВЕКТОРНОГО ПРОСТРАНСТВА</title>
  <authors/>
  <pages>
    <start>38</start>
    <end>38</end>
  </pages>
  <literature>
    <literature_orig/>
  </literature>
  <formulas_main/>
  <formulas_aux/>
  <relations n="0"/>
  <text>см. Векторное пространство.</text>
  <text_orig>см. Векторное пространство.</text_orig>
</article>
