<?xml version="1.0" ?>
<article uri="http://libmeta.ru/fme/article/1321_KOMPLEKSIFIKATsIJa" alphabetic_pos="1323">
  <title>КОМПЛЕКСИФИКАЦИЯ КРИВОЙ</title>
  <authors/>
  <pages>
    <start>281</start>
    <end>281</end>
  </pages>
  <literature>
    <literature_orig/>
  </literature>
  <formulas_main/>
  <formulas_aux/>
  <relations n="1">
    <relation uri="http://libmeta.ru/fme/relation/1321_1_KOMPLEKSIFIKATsIJa">
      <rel_text>Клейнова поверхность</rel_text>
      <target>http://libmeta.ru/fme/article/1266_KLEJNOVA</target>
    </relation>
  </relations>
  <text>см. URI[[http://libmeta.ru/fme/relation/1321_1_KOMPLEKSIFIKATsIJa]]/URI.</text>
  <text_orig>см. Клейнова поверхность.</text_orig>
</article>
