<?xml version="1.0" ?>
<article uri="http://libmeta.ru/fme/article/1324_KOMPLEKSNAJa" alphabetic_pos="1326">
  <title>КОМПЛЕКСНАЯ ОКРЕСТНОСТЬ</title>
  <authors/>
  <pages>
    <start>281</start>
    <end>281</end>
  </pages>
  <literature>
    <literature_orig/>
  </literature>
  <formulas_main/>
  <formulas_aux/>
  <relations n="1">
    <relation uri="http://libmeta.ru/fme/relation/1324_1_KOMPLEKSNAJa">
      <rel_text>Гиперфункция</rel_text>
      <target>http://libmeta.ru/fme/article/636_GIPERPOLODI</target>
    </relation>
  </relations>
  <text>см. URI[[http://libmeta.ru/fme/relation/1324_1_KOMPLEKSNAJa]]/URI.</text>
  <text_orig>см. Гиперфункция.</text_orig>
</article>
