<?xml version="1.0" ?>
<article uri="http://libmeta.ru/fme/article/1325_KOMPLEKSNAJa" alphabetic_pos="1327">
  <title>КОМПЛЕКСНАЯ СТРУКТУРА</title>
  <authors/>
  <pages>
    <start>281</start>
    <end>281</end>
  </pages>
  <literature>
    <literature_orig/>
  </literature>
  <formulas_main/>
  <formulas_aux/>
  <relations n="1">
    <relation uri="http://libmeta.ru/fme/relation/1325_1_KOMPLEKSNAJa">
      <rel_text>Комплексное многообразие</rel_text>
      <target>http://libmeta.ru/fme/article/1328_KOMPLEKSNOE</target>
    </relation>
  </relations>
  <text>см. URI[[http://libmeta.ru/fme/relation/1325_1_KOMPLEKSNAJa]]/URI.</text>
  <text_orig>сМ. Комплексное многообразие.</text_orig>
</article>
