<?xml version="1.0" ?>
<article uri="http://libmeta.ru/fme/article/1328_KOMPLEKSNOE" alphabetic_pos="1330">
  <title>КОМПЛЕКСНОЕ МНОГООБРАЗИЕ</title>
  <authors>
    <author>П. П. Гриневич</author>
  </authors>
  <pages>
    <start>281</start>
    <end>281</end>
  </pages>
  <literature>
    <literature_orig>Лит.: [1] У элл с Р., Дифференциальное исчисление на комплексных многообразиях, пер. с англ., М., 1976; [2] Дубро в и н Б. А., Н ов и ков С. П., Фоменко А.Т., Современная геометрия, М., 1986; [3] Гриффитс Ф., Харрис Дж., Принципы алгебраической геометрии, пер. с англ., М., 1982.</literature_orig>
    <unit>
      <author>Уэллс Р.</author>
      <title>Дифференциальное исчисление на комплексных многообразиях</title>
      <publication>пер. с англ., М.</publication>
      <year>1976</year>
      <other/>
    </unit>
    <unit>
      <author>Дубровин Б. А.</author>
      <author>Новиков С. П.</author>
      <author>Фоменко А. Т.</author>
      <title>Современная геометрия</title>
      <publication>М.</publication>
      <year>1986</year>
      <other/>
    </unit>
    <unit>
      <author>Гриффитс Ф.</author>
      <title>Харрис Дж., Принципы алгебраической геометрии</title>
      <publication>пер. с англ., М.</publication>
      <year>1982</year>
      <other/>
    </unit>
  </literature>
  <formulas_main/>
  <formulas_aux>
    <formula uri="http://libmeta.ru/fme/formula/aux/1328_1_KOMPLEKSNOE">m</formula>
    <formula uri="http://libmeta.ru/fme/formula/aux/1328_2_KOMPLEKSNOE">2 n</formula>
    <formula uri="http://libmeta.ru/fme/formula/aux/1328_3_KOMPLEKSNOE">v_{i}</formula>
    <formula uri="http://libmeta.ru/fme/formula/aux/1328_4_KOMPLEKSNOE">\left.\varphi_{i}: V_{i} \rightarrow \mathbb{C}^{n}\right)</formula>
    <formula uri="http://libmeta.ru/fme/formula/aux/1328_5_KOMPLEKSNOE">\varphi_{i} \varphi_{j}^{-1}</formula>
    <formula uri="http://libmeta.ru/fme/formula/aux/1328_6_KOMPLEKSNOE">n</formula>
    <formula uri="http://libmeta.ru/fme/formula/aux/1328_7_KOMPLEKSNOE">m</formula>
    <formula uri="http://libmeta.ru/fme/formula/aux/1328_8_KOMPLEKSNOE">\varphi_{i}-</formula>
    <formula uri="http://libmeta.ru/fme/formula/aux/1328_9_KOMPLEKSNOE">\mathbb{c}^{n}, \mathbb{C} P^{n}-n</formula>
    <formula uri="http://libmeta.ru/fme/formula/aux/1328_10_KOMPLEKSNOE">g_{n, k}(\mathbb{C})</formula>
    <formula uri="http://libmeta.ru/fme/formula/aux/1328_11_KOMPLEKSNOE">\mathbb{c} P^{n}</formula>
  </formulas_aux>
  <relations n="0"/>
  <text>вещественное многообразие $URI[[http://libmeta.ru/fme/formula/aux/1328_1_KOMPLEKSNOE]]/URI$ четной размерности $URI[[http://libmeta.ru/fme/formula/aux/1328_2_KOMPLEKSNOE]]/URI$, снабженное дополнительной структурой: оно покрыто системой открытых множеств $URI[[http://libmeta.ru/fme/formula/aux/1328_3_KOMPLEKSNOE]]/URI$, на каждом из которых задана система комплексных координат (то есть задано отображение $URI[[http://libmeta.ru/fme/formula/aux/1328_4_KOMPLEKSNOE]]/URI$, причем все функции $URI[[http://libmeta.ru/fme/formula/aux/1328_5_KOMPLEKSNOE]]/URI$, называемые функциям и пе реклейки, голоморфны. Число $URI[[http://libmeta.ru/fme/formula/aux/1328_6_KOMPLEKSNOE]]/URI$ называется размерностью многообразия $URI[[http://libmeta.ru/fme/formula/aux/1328_7_KOMPLEKSNOE]]/URI$ (к о мпл е кс н о й), набор функций $URI[[http://libmeta.ru/fme/formula/aux/1328_8_KOMPLEKSNOE]]/URI$ ко мпл е к с н о й с т р у к т у р о й. Для заданного четномерного вещественного многообразия комплексная структура не обязательно существует или единственна с точностью до эквивалентности.

Важные примеры К. м.: $URI[[http://libmeta.ru/fme/formula/aux/1328_9_KOMPLEKSNOE]]/URI$-мерное проективное пространство, $URI[[http://libmeta.ru/fme/formula/aux/1328_10_KOMPLEKSNOE]]/URI$ - комплексное многообразие Грассмана, алгебраич. подмногообразия $URI[[http://libmeta.ru/fme/formula/aux/1328_11_KOMPLEKSNOE]]/URI$, римановы поверхности, кэлеровы многообразия, орбиты приведенного действия компактных групп Ли. Последний пример интересен тем, что исходная группа не обладает комплексной структурой.</text>
  <text_orig>вещественное многообразие $M$ четной размерности $2 n$, снабженное дополнительной структурой: оно покрыто системой открытых множеств $V_{i}$, на каждом из которых задана система комплексных координат (то есть задано отображение $\left.\varphi_{i}: V_{i} \rightarrow \mathbb{C}^{n}\right)$, причем все функции $\varphi_{i} \varphi_{j}^{-1}$, называемые функциям и пе реклейки, голоморфны. Число $n$ называется размерностью многообразия $M$ (к о мпл е кс н о й), набор функций $\varphi_{i}-$ ко мпл е к с н о й с т р у к т у р о й. Для заданного четномерного вещественного многообразия комплексная структура не обязательно существует или единственна с точностью до эквивалентности.

Важные примеры К. м.: $\mathbb{C}^{n}, \mathbb{C} P^{n}-n$-мерное проективное пространство, $G_{n, k}(\mathbb{C})$ - комплексное многообразие Грассмана, алгебраич. подмногообразия $\mathbb{C} P^{n}$, римановы поверхности, кэлеровы многообразия, орбиты приведенного действия компактных групп Ли. Последний пример интересен тем, что исходная группа не обладает комплексной структурой.

Лит.: [1] У элл с Р., Дифференциальное исчисление на комплексных многообразиях, пер. с англ., М., 1976; [2] Дубро в и н Б. А., Н ов и ков С. П., Фоменко А.Т., Современная геометрия, М., 1986; [3] Гриффитс Ф., Харрис Дж., Принципы алгебраической геометрии, пер. с англ., М., 1982. П. П. Гриневич.</text_orig>
</article>
