<?xml version="1.0" ?>
<article uri="http://libmeta.ru/fme/article/1329_KOMPLEKSNYJ" alphabetic_pos="1331">
  <title>КОМПЛЕКСНЫЙ БИЛЛИАРД</title>
  <authors/>
  <pages>
    <start>281</start>
    <end>282</end>
  </pages>
  <literature>
    <literature_orig>Лum.: [1] Лазуткин В. Ф., в кн.: Проблемы математической физики, в. 2, Л., 1986, с. 138-64.</literature_orig>
    <unit>
      <author>Лазуткин В. Ф.</author>
      <title>в кн.: Проблемы математической физики, в. 2</title>
      <publication>Л.</publication>
      <year>1986</year>
      <other>с. 138-64.</other>
    </unit>
  </literature>
  <formulas_main/>
  <formulas_aux>
    <formula uri="http://libmeta.ru/fme/formula/aux/1329_1_KOMPLEKSNYJ">\omega \subset \mathbb{R}^{2}</formula>
    <formula uri="http://libmeta.ru/fme/formula/aux/1329_2_KOMPLEKSNYJ">p_{1}^{2}+p_{2}^{2}=1, p_{k} \in \mathbb{C}, k=1,2</formula>
    <formula uri="http://libmeta.ru/fme/formula/aux/1329_3_KOMPLEKSNYJ">\omega</formula>
    <formula uri="http://libmeta.ru/fme/formula/aux/1329_4_KOMPLEKSNYJ">\left(p_{1}, p_{2}\right)</formula>
    <formula uri="http://libmeta.ru/fme/formula/aux/1329_5_KOMPLEKSNYJ">\omega</formula>
    <formula uri="http://libmeta.ru/fme/formula/aux/1329_6_KOMPLEKSNYJ">\left(\widetilde{p}_{1}, \widetilde{p}_{2}\right)</formula>
    <formula uri="http://libmeta.ru/fme/formula/aux/1329_7_KOMPLEKSNYJ">\left(p_{1}, p_{2}\right)</formula>
    <formula uri="http://libmeta.ru/fme/formula/aux/1329_8_KOMPLEKSNYJ">\omega</formula>
  </formulas_aux>
  <relations n="0"/>
  <text>комплексная динамическая система (векторное поле), получающаяся комплектификацией биллиарда в области $URI[[http://libmeta.ru/fme/formula/aux/1329_1_KOMPLEKSNYJ]]/URI$. Фазовое пространство К. б. есть результат склеивания расслоения единичных комплексных окружностей $URI[[http://libmeta.ru/fme/formula/aux/1329_2_KOMPLEKSNYJ]]/URI$, над $URI[[http://libmeta.ru/fme/formula/aux/1329_3_KOMPLEKSNYJ]]/URI$ по отображению отражения. Последнее сопоставляет комплексному вектору $URI[[http://libmeta.ru/fme/formula/aux/1329_4_KOMPLEKSNYJ]]/URI$ в точке границы $URI[[http://libmeta.ru/fme/formula/aux/1329_5_KOMPLEKSNYJ]]/URI$ другой вектор $URI[[http://libmeta.ru/fme/formula/aux/1329_6_KOMPLEKSNYJ]]/URI$ в этой же точке, полученный из $URI[[http://libmeta.ru/fme/formula/aux/1329_7_KOMPLEKSNYJ]]/URI$ по закону упругого отражения от границы $URI[[http://libmeta.ru/fme/formula/aux/1329_8_KOMPLEKSNYJ]]/URI$, примененному отдельно к действительной и мнимой частям вектора. В терминах К. б. удается сформулировать условие квантования, аналогичное Бора - Зоммерфельда условию квантования, позволяющее в ряде случаев найти в квазиклассическом приближении расщепление собственных чисел краевой задачи для оператора Лапласа в области с симметрией и мнимые части резонансов в задаче рассеяния для неограниченной области (cm. [1]).</text>
  <text_orig>комплексная динамическая система (векторное поле), получающаяся комплектификацией биллиарда в области $\Omega \subset \mathbb{R}^{2}$. Фазовое пространство К. б. есть результат склеивания расслоения единичных комплексных окружностей $p_{1}^{2}+p_{2}^{2}=1, p_{k} \in \mathbb{C}, k=1,2$, над $\Omega$ по отображению отражения. Последнее сопоставляет комплексному вектору $\left(p_{1}, p_{2}\right)$ в точке границы $\Omega$ другой вектор $\left(\widetilde{p}_{1}, \widetilde{p}_{2}\right)$ в этой же точке, полученный из $\left(p_{1}, p_{2}\right)$ по закону упругого отражения от границы $\Omega$, примененному отдельно к действительной и мнимой частям вектора. В терминах К. б. удается сформулировать условие квантования, аналогичное Бора - Зоммерфельда условию квантования, позволяющее в ряде случаев найти в квазиклассическом приближении расщепление собственных чисел краевой задачи для оператора Лапласа в области с симметрией и мнимые части резонансов в задаче рассеяния для неограниченной области (cM. [1]).

Лum.: [1] Лазуткин В. Ф., в кн.: Проблемы математической физики, в. 2, Л., 1986, с. 138-64.</text_orig>
</article>
