<?xml version="1.0" ?>
<article uri="http://libmeta.ru/fme/article/1333_KOMPLEKSNYJ" alphabetic_pos="1335">
  <title>КОМПЛЕКСНЫЙ РОСТОК</title>
  <authors/>
  <pages>
    <start>282</start>
    <end>282</end>
  </pages>
  <literature>
    <literature_orig/>
  </literature>
  <formulas_main/>
  <formulas_aux/>
  <relations n="1">
    <relation uri="http://libmeta.ru/fme/relation/1333_1_KOMPLEKSNYJ">
      <rel_text>Изотропное подмногообразие</rel_text>
      <target>http://libmeta.ru/fme/article/991_IZOTROPNOE</target>
    </relation>
  </relations>
  <text>см. URI[[http://libmeta.ru/fme/relation/1333_1_KOMPLEKSNYJ]]/URI с комплексным ростком.</text>
  <text_orig>см. Изотропное подмногообразие с комплексным ростком.</text_orig>
</article>
