<?xml version="1.0" ?>
<article uri="http://libmeta.ru/fme/article/1334_KOMPLEKSNYH" alphabetic_pos="1336">
  <title>КОМПЛЕКСНЫХ УГЛОВЫХ МОМЕНТОВ МЕТОД</title>
  <authors/>
  <pages>
    <start>282</start>
    <end>282</end>
  </pages>
  <literature>
    <literature_orig/>
  </literature>
  <formulas_main/>
  <formulas_aux/>
  <relations n="0"/>
  <text>см. Редже полюсов метод.</text>
  <text_orig>см. Редже полюсов метод.</text_orig>
</article>
