<?xml version="1.0" ?>
<article uri="http://libmeta.ru/fme/article/1335_KONDENSATO" alphabetic_pos="1337">
  <title>КОНДЕНСАТОР</title>
  <authors/>
  <pages>
    <start>282</start>
    <end>282</end>
  </pages>
  <literature>
    <literature_orig/>
  </literature>
  <formulas_main/>
  <formulas_aux/>
  <relations n="1">
    <relation uri="http://libmeta.ru/fme/relation/1335_1_KONDENSATO">
      <rel_text>Емкость множества</rel_text>
      <target>http://libmeta.ru/fme/article/929_EMKOST'</target>
    </relation>
  </relations>
  <text>см. URI[[http://libmeta.ru/fme/relation/1335_1_KONDENSATO]]/URI.</text>
  <text_orig>см. ЕМкость мНожества.</text_orig>
</article>
