<?xml version="1.0" ?>
<article uri="http://libmeta.ru/fme/article/1338_KONEChNOZONNYJ" alphabetic_pos="1340">
  <title>КОНЕЧНОЗОННЫЙ ОПЕРАТОР ШРЕДИНГЕРА</title>
  <authors/>
  <pages>
    <start>282</start>
    <end>282</end>
  </pages>
  <literature>
    <literature_orig/>
  </literature>
  <formulas_main/>
  <formulas_aux/>
  <relations n="0"/>
  <text>см. Блоха закон дисперсии.</text>
  <text_orig>см. Блоха закон дисперсии.</text_orig>
</article>
