<?xml version="1.0" ?>
<article uri="http://libmeta.ru/fme/article/1341_KONEChNOMERNOE" alphabetic_pos="1343">
  <title>КОНЕЧНОМЕРНОЕ РАСПРЕДЕЛЕНИЕ</title>
  <authors/>
  <pages>
    <start>282</start>
    <end>282</end>
  </pages>
  <literature>
    <literature_orig/>
  </literature>
  <formulas_main/>
  <formulas_aux/>
  <relations n="4">
    <relation uri="http://libmeta.ru/fme/relation/1341_1_KONEChNOMERNOE">
      <rel_text>Случайная функция</rel_text>
      <target>http://libmeta.ru/fme/article/2817_SLUChAJNAJa</target>
    </relation>
    <relation uri="http://libmeta.ru/fme/relation/1341_2_KONEChNOMERNOE">
      <rel_text>Случайное поле</rel_text>
      <target>http://libmeta.ru/fme/article/2822_SLUChAJNOE</target>
    </relation>
    <relation uri="http://libmeta.ru/fme/relation/1341_3_KONEChNOMERNOE">
      <rel_text>Случайный процесс</rel_text>
      <target>http://libmeta.ru/fme/article/2823_SLUChAJNYJ</target>
    </relation>
    <relation uri="http://libmeta.ru/fme/relation/1341_4_KONEChNOMERNOE">
      <rel_text>Марковский процесс</rel_text>
      <target>http://libmeta.ru/fme/article/1715_MARKOVSKIJ</target>
    </relation>
  </relations>
  <text>см. URI[[http://libmeta.ru/fme/relation/1341_4_KONEChNOMERNOE]]/URI, URI[[http://libmeta.ru/fme/relation/1341_3_KONEChNOMERNOE]]/URI, URI[[http://libmeta.ru/fme/relation/1341_2_KONEChNOMERNOE]]/URI, URI[[http://libmeta.ru/fme/relation/1341_1_KONEChNOMERNOE]]/URI.</text>
  <text_orig>см. Марковский процесс, Случайный процесс, Случайное поле, Случайная функция.</text_orig>
</article>
