<?xml version="1.0" ?>
<article uri="http://libmeta.ru/fme/article/1343_KONIChESKAJa" alphabetic_pos="1345">
  <title>КОНИЧЕСКАЯ РЕФРАКЦИЯ</title>
  <authors>
    <author>В. Я. Иврий</author>
  </authors>
  <pages>
    <start>282</start>
    <end>283</end>
  </pages>
  <literature>
    <literature_orig>Лum.: [1] Т е й л о р М., Псевдодифференциальные операторы, пер. с англ., М., 1985.</literature_orig>
    <unit>
      <author>Тейлор М.</author>
      <title>Псевдодифференциальные операторы</title>
      <publication>пер. с англ., М.</publication>
      <year>1985</year>
      <other/>
    </unit>
  </literature>
  <formulas_main>
    <formula uri="http://libmeta.ru/fme/formula/main/1343_1_KONIChESKAJa">\Gamma_{z, \xi}=\left\{x:\langle x-z, \eta\rangle=0, \eta \in T_{\xi} \Sigma\right\}</formula>
    <formula uri="http://libmeta.ru/fme/formula/main/1343_2_KONIChESKAJa">\sum_{i, j} h_{\xi_{i} \xi_{j}(\xi) \mathscr{D}^{\prime}}{ }^{\mathscr{D}} Y_{j}</formula>
  </formulas_main>
  <formulas_aux>
    <formula uri="http://libmeta.ru/fme/formula/aux/1343_1_KONIChESKAJa">p(\mathscr{d})</formula>
    <formula uri="http://libmeta.ru/fme/formula/aux/1343_2_KONIChESKAJa">\mathbb{r}^{n}, p(\xi)-</formula>
    <formula uri="http://libmeta.ru/fme/formula/aux/1343_3_KONIChESKAJa">h(\xi)=\operatorname{det} p(\xi), \Sigma=\{\xi, \nabla h(\xi)=0\}-C^{\infty}</formula>
    <formula uri="http://libmeta.ru/fme/formula/aux/1343_4_KONIChESKAJa">t_{\xi} \Sigma=\operatorname{ker} \operatorname{Hers} h(\xi)</formula>
    <formula uri="http://libmeta.ru/fme/formula/aux/1343_5_KONIChESKAJa">\xi \in \Sigma</formula>
    <formula uri="http://libmeta.ru/fme/formula/aux/1343_6_KONIChESKAJa">\xi \in \Sigma</formula>
    <formula uri="http://libmeta.ru/fme/formula/aux/1343_7_KONIChESKAJa">\mathbb{r}_{x}^{n}</formula>
  </formulas_aux>
  <relations n="0"/>
  <text>один из вариантов неоднозначного распространения особенностей (например, волновых фронтов) для операторов с характеристиками переменной кратности. Пусть $URI[[http://libmeta.ru/fme/formula/aux/1343_1_KONIChESKAJa]]/URI$ - гиперболический по Гордингу матричный оператор в $URI[[http://libmeta.ru/fme/formula/aux/1343_2_KONIChESKAJa]]/URI$ его главный символ, $URI[[http://libmeta.ru/fme/formula/aux/1343_3_KONIChESKAJa]]/URI$-многообразие и $URI[[http://libmeta.ru/fme/formula/aux/1343_4_KONIChESKAJa]]/URI$ для любого $URI[[http://libmeta.ru/fme/formula/aux/1343_5_KONIChESKAJa]]/URI$; тогда при $URI[[http://libmeta.ru/fme/formula/aux/1343_6_KONIChESKAJa]]/URI$ $URI[[http://libmeta.ru/fme/formula/aux/1343_7_KONIChESKAJa]]/URI$ расслаивается на бихарактеристич. листы

\[
URI[[http://libmeta.ru/fme/formula/main/1343_1_KONIChESKAJa]]/URI
\]

и особенности распространяются отдельно вдоль каждого листа по конусам зависимости оператора

\[
URI[[http://libmeta.ru/fme/formula/main/1343_2_KONIChESKAJa]]/URI
\]</text>
  <text_orig>одиН из вариантов неоднозначного распространения особенностей (например, волновых фронтов) для операторов с характеристиками переменной кратности. Пусть $P(\mathscr{D})$ - гиперболический по Гордингу матричный оператор в $\mathbb{R}^{n}, p(\xi)-$ его главный символ, $h(\xi)=\operatorname{det} p(\xi), \Sigma=\{\xi, \nabla h(\xi)=0\}-C^{\infty}$-многообразие и $T_{\xi} \Sigma=\operatorname{ker} \operatorname{Hers} h(\xi)$ для любого $\xi \in \Sigma$; тогда при $\xi \in \Sigma$ $\mathbb{R}_{x}^{n}$ расслаивается на бихарактеристич. листы

\[
\Gamma_{z, \xi}=\left\{x:\langle x-z, \eta\rangle=0, \eta \in T_{\xi} \Sigma\right\}
\]

и особенности распространяются отдельно вдоль каждого листа по конусам зависимости оператора

\[
\sum_{i, j} h_{\xi_{i} \xi_{j}(\xi) \mathscr{D}^{\prime}}{ }^{\mathscr{D}} Y_{j}
\]

Лum.: [1] Т е й л о р М., Псевдодифференциальные операторы, пер. с англ., М., 1985. В. Я. Иврий.</text_orig>
</article>
