<?xml version="1.0" ?>
<article uri="http://libmeta.ru/fme/article/1345_KONSERVATIVNOE" alphabetic_pos="1347">
  <title>КОНСЕРВАТИВНОЕ УРАВНЕНИЕ НЬЮТОНА</title>
  <authors/>
  <pages>
    <start>283</start>
    <end>283</end>
  </pages>
  <literature>
    <literature_orig/>
  </literature>
  <formulas_main/>
  <formulas_aux/>
  <relations n="1">
    <relation uri="http://libmeta.ru/fme/relation/1345_1_KONSERVATIVNOE">
      <rel_text>Ньютона уравнение</rel_text>
      <target>http://libmeta.ru/fme/article/1999_N'JuTONA</target>
    </relation>
  </relations>
  <text>см. URI[[http://libmeta.ru/fme/relation/1345_1_KONSERVATIVNOE]]/URI.</text>
  <text_orig>см. Ньютона уравнение.</text_orig>
</article>
