<?xml version="1.0" ?>
<article uri="http://libmeta.ru/fme/article/1347_KONTAKTIZATsI" alphabetic_pos="1349">
  <title>КОНТАКТИЗАЦИЯ</title>
  <authors/>
  <pages>
    <start>284</start>
    <end>284</end>
  </pages>
  <literature>
    <literature_orig/>
  </literature>
  <formulas_main/>
  <formulas_aux/>
  <relations n="2">
    <relation uri="http://libmeta.ru/fme/relation/1347_1_KONTAKTIZATsI">
      <rel_text>Симплектическая</rel_text>
      <target>http://libmeta.ru/fme/article/2754_SIMPLEKTIZATsI</target>
    </relation>
    <relation uri="http://libmeta.ru/fme/relation/1347_2_KONTAKTIZATsI">
      <rel_text>Контактная геометрия</rel_text>
      <target>http://libmeta.ru/fme/article/1348_KONTAKTNAJa</target>
    </relation>
  </relations>
  <text>см. URI[[http://libmeta.ru/fme/relation/1347_2_KONTAKTIZATsI]]/URI, URI[[http://libmeta.ru/fme/relation/1347_1_KONTAKTIZATsI]]/URI геометрия.</text>
  <text_orig>см. Контактная геометрия, Симплектическая геометрия.</text_orig>
</article>
