<?xml version="1.0" ?>
<article uri="http://libmeta.ru/fme/article/134_BANAHOVA" alphabetic_pos="134">
  <title>БАНАХОВА АЛГЕБРА</title>
  <authors>
    <author>Е. А. Горин</author>
  </authors>
  <pages>
    <start>38</start>
    <end>38</end>
  </pages>
  <literature>
    <literature_orig>Лит.: Математическая энциклопедия, т. 1, М., 1977.</literature_orig>
  </literature>
  <formulas_main/>
  <formulas_aux>
    <formula uri="http://libmeta.ru/fme/formula/aux/134_1_BANAHOVA">a</formula>
    <formula uri="http://libmeta.ru/fme/formula/aux/134_2_BANAHOVA">\boldsymbol{a}</formula>
    <formula uri="http://libmeta.ru/fme/formula/aux/134_3_BANAHOVA">x y=y x</formula>
    <formula uri="http://libmeta.ru/fme/formula/aux/134_4_BANAHOVA">x, y \in A</formula>
    <formula uri="http://libmeta.ru/fme/formula/aux/134_5_BANAHOVA">a</formula>
    <formula uri="http://libmeta.ru/fme/formula/aux/134_6_BANAHOVA">a</formula>
    <formula uri="http://libmeta.ru/fme/formula/aux/134_7_BANAHOVA">e</formula>
    <formula uri="http://libmeta.ru/fme/formula/aux/134_8_BANAHOVA">e x=x e=x</formula>
    <formula uri="http://libmeta.ru/fme/formula/aux/134_9_BANAHOVA">x \in A</formula>
    <formula uri="http://libmeta.ru/fme/formula/aux/134_10_BANAHOVA">a</formula>
    <formula uri="http://libmeta.ru/fme/formula/aux/134_11_BANAHOVA">\tilde{a}</formula>
    <formula uri="http://libmeta.ru/fme/formula/aux/134_12_BANAHOVA">\tilde{a}</formula>
    <formula uri="http://libmeta.ru/fme/formula/aux/134_13_BANAHOVA">a</formula>
    <formula uri="http://libmeta.ru/fme/formula/aux/134_14_BANAHOVA">a</formula>
    <formula uri="http://libmeta.ru/fme/formula/aux/134_15_BANAHOVA">e</formula>
    <formula uri="http://libmeta.ru/fme/formula/aux/134_16_BANAHOVA">\|a b\| \leqslant\|a\|\|b\|,\|e\|=1</formula>
  </formulas_aux>
  <relations n="0"/>
  <text>топологическая алгебра $URI[[http://libmeta.ru/fme/formula/aux/134_1_BANAHOVA]]/URI$ над полем комплексных чисел, топология которой определяется нормой, превращающей $URI[[http://libmeta.ru/fme/formula/aux/134_2_BANAHOVA]]/URI$ в б а н а х о в о п р ост р а н с т в о (полное нормированное векторное пространство), причем умножение элементов непрерывно по каждому из сомножителей. Б. а. называется к о м м у т а т и в н о й, если $URI[[http://libmeta.ru/fme/formula/aux/134_3_BANAHOVA]]/URI$ для всех $URI[[http://libmeta.ru/fme/formula/aux/134_4_BANAHOVA]]/URI$. Б. а. $URI[[http://libmeta.ru/fme/formula/aux/134_5_BANAHOVA]]/URI$ называется а лге бр ой с е д и н и це й, если $URI[[http://libmeta.ru/fme/formula/aux/134_6_BANAHOVA]]/URI$ содержит такой элемент $URI[[http://libmeta.ru/fme/formula/aux/134_7_BANAHOVA]]/URI$, что $URI[[http://libmeta.ru/fme/formula/aux/134_8_BANAHOVA]]/URI$ для любого $URI[[http://libmeta.ru/fme/formula/aux/134_9_BANAHOVA]]/URI$. Если в Б. а. $URI[[http://libmeta.ru/fme/formula/aux/134_10_BANAHOVA]]/URI$ нет единицы, то ее можно присоединить, то есть построить Б. а. $URI[[http://libmeta.ru/fme/formula/aux/134_11_BANAHOVA]]/URI$ с единицей такую, что $URI[[http://libmeta.ru/fme/formula/aux/134_12_BANAHOVA]]/URI$ содержит исходную алгебру $URI[[http://libmeta.ru/fme/formula/aux/134_13_BANAHOVA]]/URI$ в качестве замкнутой подалгебры коразмерности 1. В любой Б. а. $URI[[http://libmeta.ru/fme/formula/aux/134_14_BANAHOVA]]/URI$ с единицей $URI[[http://libmeta.ru/fme/formula/aux/134_15_BANAHOVA]]/URI$ можно так изменить норму на эквивалентную, чтобы в новой норме выполнялись соотношения $URI[[http://libmeta.ru/fme/formula/aux/134_16_BANAHOVA]]/URI$.</text>
  <text_orig>топологическая алгебра $A$ над полем комплексных чисел, топология которой определяется нормой, превращающей $\boldsymbol{A}$ в б а н а х о в о п р ост р а н с т в о (полное нормированное векторное пространство), причем умножение элементов непрерывно по каждому из сомножителей. Б. а. называется к о м м у т а т и в н о й, если $x y=y x$ для всех $x, y \in A$. Б. а. $A$ называется а лге бр ой с е д и н и це й, если $A$ содержит такой элемент $e$, что $e x=x e=x$ для любого $x \in A$. Если в Б. а. $A$ нет единицы, то ее можно присоединить, то есть построить Б. а. $\tilde{A}$ с единицей такую, что $\tilde{A}$ содержит исходную алгебру $A$ в качестве замкнутой подалгебры коразмерности 1. В любой Б. а. $A$ с единицей $e$ можно так изменить норму на эквивалентную, чтобы в новой норме выполнялись соотношения $\|a b\| \leqslant\|a\|\|b\|,\|e\|=1$.

Лит.: Математическая энциклопедия, т. 1, М., 1977. Е. А. Горин.</text_orig>
</article>
