<?xml version="1.0" ?>
<article uri="http://libmeta.ru/fme/article/1350_KONTAKTNAJa" alphabetic_pos="1352">
  <title>КОНТАКТНАЯ СТРУКТУРА</title>
  <authors>
    <author>С. А. Табачников</author>
  </authors>
  <pages>
    <start>286</start>
    <end>286</end>
  </pages>
  <literature>
    <literature_orig/>
  </literature>
  <formulas_main/>
  <formulas_aux>
    <formula uri="http://libmeta.ru/fme/formula/aux/1350_1_KONTAKTNAJa">m^{2 n+1}</formula>
    <formula uri="http://libmeta.ru/fme/formula/aux/1350_2_KONTAKTNAJa">\lambda</formula>
    <formula uri="http://libmeta.ru/fme/formula/aux/1350_3_KONTAKTNAJa">\lambda \wedge(d \lambda)^{n} \neq 0</formula>
    <formula uri="http://libmeta.ru/fme/formula/aux/1350_4_KONTAKTNAJa">d \lambda</formula>
    <formula uri="http://libmeta.ru/fme/formula/aux/1350_5_KONTAKTNAJa">2 n</formula>
    <formula uri="http://libmeta.ru/fme/formula/aux/1350_6_KONTAKTNAJa">\mathbb{r}^{2 n+1}</formula>
    <formula uri="http://libmeta.ru/fme/formula/aux/1350_7_KONTAKTNAJa">x_{1}, \ldots, x_{n}, y_{1}, \ldots, y_{n}, z</formula>
    <formula uri="http://libmeta.ru/fme/formula/aux/1350_8_KONTAKTNAJa">\lambda=\sum x_{i} d y_{i}+d z</formula>
    <formula uri="http://libmeta.ru/fme/formula/aux/1350_9_KONTAKTNAJa">\mathbb{r}^{3}</formula>
  </formulas_aux>
  <relations n="1">
    <relation uri="http://libmeta.ru/fme/relation/1350_1_KONTAKTNAJa">
      <rel_text>Контактная геометрия</rel_text>
      <target>http://libmeta.ru/fme/article/1348_KONTAKTNAJa</target>
    </relation>
  </relations>
  <text>невырожденное распределение коразмерности 1 , то есть распределение в $URI[[http://libmeta.ru/fme/formula/aux/1350_1_KONTAKTNAJa]]/URI$, локально заданное такой 1 -формой $URI[[http://libmeta.ru/fme/formula/aux/1350_2_KONTAKTNAJa]]/URI$, что нигде $URI[[http://libmeta.ru/fme/formula/aux/1350_3_KONTAKTNAJa]]/URI$. Равносильное условие: ранг 2-формы $URI[[http://libmeta.ru/fme/formula/aux/1350_4_KONTAKTNAJa]]/URI$ в плоскости распределения равен $URI[[http://libmeta.ru/fme/formula/aux/1350_5_KONTAKTNAJa]]/URI$.

Пример К.с. в $URI[[http://libmeta.ru/fme/formula/aux/1350_6_KONTAKTNAJa]]/URI$ (с координатами $URI[[http://libmeta.ru/fme/formula/aux/1350_7_KONTAKTNAJa]]/URI$ ) дается 1-формой $URI[[http://libmeta.ru/fme/formula/aux/1350_8_KONTAKTNAJa]]/URI$. Локально все К с. диффеоморфны этой (тео ре ма Дарбу); однако глобально К. с. могут различаться даже в $URI[[http://libmeta.ru/fme/formula/aux/1350_9_KONTAKTNAJa]]/URI$. См. URI[[http://libmeta.ru/fme/relation/1350_1_KONTAKTNAJa]]/URI.</text>
  <text_orig>невырожденное распределение коразмерности 1 , то есть распределение в $M^{2 n+1}$, локально заданное такой 1 -формой $\lambda$, что нигде $\lambda \wedge(d \lambda)^{n} \neq 0$. Равносильное условие: ранг 2-формы $d \lambda$ в плоскости распределения равен $2 n$.

Пример К.с. в $\mathbb{R}^{2 n+1}$ (с координатами $x_{1}, \ldots, x_{n}, y_{1}, \ldots, y_{n}, z$ ) дается 1-формой $\lambda=\sum x_{i} d y_{i}+d z$. Локально все К с. диффеоморфны этой (тео ре ма Дарбу); однако глобально К. с. могут различаться даже в $\mathbb{R}^{3}$. См. Контактная геометрия. С.А. Табачников.</text_orig>
</article>
