<?xml version="1.0" ?>
<article uri="http://libmeta.ru/fme/article/1351_KONTAKTNAJa" alphabetic_pos="1353">
  <title>КОНТАКТНАЯ ФОРМА</title>
  <authors/>
  <pages>
    <start>286</start>
    <end>286</end>
  </pages>
  <literature>
    <literature_orig/>
  </literature>
  <formulas_main/>
  <formulas_aux>
    <formula uri="http://libmeta.ru/fme/formula/aux/1351_1_KONTAKTNAJa">\lambda</formula>
    <formula uri="http://libmeta.ru/fme/formula/aux/1351_2_KONTAKTNAJa">m^{2 n+1}</formula>
    <formula uri="http://libmeta.ru/fme/formula/aux/1351_3_KONTAKTNAJa">\lambda \wedge(d \lambda)^{n} \neq 0</formula>
    <formula uri="http://libmeta.ru/fme/formula/aux/1351_4_KONTAKTNAJa">=</formula>
    <formula uri="http://libmeta.ru/fme/formula/aux/1351_5_KONTAKTNAJa">\mathbb{r}^{2 n+1}</formula>
    <formula uri="http://libmeta.ru/fme/formula/aux/1351_6_KONTAKTNAJa">\left.x_{1}, \ldots, x_{n}, y_{1}, \ldots, y_{n}, z\right)</formula>
    <formula uri="http://libmeta.ru/fme/formula/aux/1351_7_KONTAKTNAJa">\lambda=\sum x_{i} d y_{i}+d z</formula>
    <formula uri="http://libmeta.ru/fme/formula/aux/1351_8_KONTAKTNAJa">\mathrm{k} \phi</formula>
  </formulas_aux>
  <relations n="1">
    <relation uri="http://libmeta.ru/fme/relation/1351_1_KONTAKTNAJa">
      <rel_text>Контактная геометрия</rel_text>
      <target>http://libmeta.ru/fme/article/1348_KONTAKTNAJa</target>
    </relation>
  </relations>
  <text>дифференциальная 1-форма, задающая контактную структуру. К. Ф. $URI[[http://libmeta.ru/fme/formula/aux/1351_1_KONTAKTNAJa]]/URI$ в $URI[[http://libmeta.ru/fme/formula/aux/1351_2_KONTAKTNAJa]]/URI$ удовлетворяет условию: $URI[[http://libmeta.ru/fme/formula/aux/1351_3_KONTAKTNAJa]]/URI$ ни в одной точке. Не всякую контактную структуру можно глобально задать К. Ф.; кроме того, К.ф. определена с точностью до умножения на не обращающуюся в нуль функцию.

$URI[[http://libmeta.ru/fme/formula/aux/1351_4_KONTAKTNAJa]]/URI$ Пример К.ф. в $URI[[http://libmeta.ru/fme/formula/aux/1351_5_KONTAKTNAJa]]/URI$ (с координатами $URI[[http://libmeta.ru/fme/formula/aux/1351_6_KONTAKTNAJa]]/URI$ : $URI[[http://libmeta.ru/fme/formula/aux/1351_7_KONTAKTNAJa]]/URI$. Локально все $URI[[http://libmeta.ru/fme/formula/aux/1351_8_KONTAKTNAJa]]/URI$. эквивалентны этой. См. URI[[http://libmeta.ru/fme/relation/1351_1_KONTAKTNAJa]]/URI.</text>
  <text_orig>дифференциальная 1-форма, задающая контактную структуру. К. Ф. $\lambda$ в $M^{2 n+1}$ удовлетворяет условию: $\lambda \wedge(d \lambda)^{n} \neq 0$ ни в одной точке. Не всякую контактную структуру можно глобально задать К. Ф.; кроме того, К.ф. определена с точностью до умножения на не обращающуюся в нуль функцию.

$=$ Пример К.ф. в $\mathbb{R}^{2 n+1}$ (с координатами $\left.x_{1}, \ldots, x_{n}, y_{1}, \ldots, y_{n}, z\right)$ : $\lambda=\sum x_{i} d y_{i}+d z$. Локально все $\mathrm{K} \phi$. эквивалентны этой. См. Контактная геометрия.</text_orig>
</article>
