<?xml version="1.0" ?>
<article uri="http://libmeta.ru/fme/article/1353_KONTAKTNOE" alphabetic_pos="1355">
  <title>КОНТАКТНОЕ МНОГООБРАЗИЕ</title>
  <authors>
    <author>С. А. Табачников</author>
  </authors>
  <pages>
    <start>286</start>
    <end>286</end>
  </pages>
  <literature>
    <literature_orig/>
  </literature>
  <formulas_main/>
  <formulas_aux/>
  <relations n="1">
    <relation uri="http://libmeta.ru/fme/relation/1353_1_KONTAKTNOE">
      <rel_text>Контактная геометрия</rel_text>
      <target>http://libmeta.ru/fme/article/1348_KONTAKTNAJa</target>
    </relation>
  </relations>
  <text>нечетномерное многообразие, на котором задана контактная структура. Примерами служат многообразия контактных элементов произвольного многообразия и многообразия 1-струй функций на произвольном многообразии. См. URI[[http://libmeta.ru/fme/relation/1353_1_KONTAKTNOE]]/URI.</text>
  <text_orig>нечетномерное многообразие, на котором задана контактная структура. Примерами служат многообразия контактных элементов произвольного многообразия и многообразия 1-струй функций на произвольном многообразии. См. Контактная геометрия.

С. А. Табачников.</text_orig>
</article>
