<?xml version="1.0" ?>
<article uri="http://libmeta.ru/fme/article/1354_KONTAKTNYJ" alphabetic_pos="1356">
  <title>КОНТАКТНЫЙ ГАМИЛЬТОНИАН</title>
  <authors>
    <author>С. А. Табачников</author>
  </authors>
  <pages>
    <start>286</start>
    <end>286</end>
  </pages>
  <literature>
    <literature_orig/>
  </literature>
  <formulas_main>
    <formula uri="http://libmeta.ru/fme/formula/main/1354_1_KONTAKTNYJ">v=\left(f-x \frac{\partial f}{\partial x}\right) \partial z+\left(\frac{\partial f}{\partial y}+x \frac{\partial f}{\partial z}\right) \frac{\partial}{\partial x}-\frac{\partial f}{\partial x} \frac{\partial}{\partial y} .</formula>
  </formulas_main>
  <formulas_aux>
    <formula uri="http://libmeta.ru/fme/formula/aux/1354_1_KONTAKTNYJ">f</formula>
    <formula uri="http://libmeta.ru/fme/formula/aux/1354_2_KONTAKTNYJ">\lambda</formula>
    <formula uri="http://libmeta.ru/fme/formula/aux/1354_3_KONTAKTNYJ">\boldsymbol{v}</formula>
    <formula uri="http://libmeta.ru/fme/formula/aux/1354_4_KONTAKTNYJ">f(x)=\lambda_{x}\left(v_{x}\right)</formula>
    <formula uri="http://libmeta.ru/fme/formula/aux/1354_5_KONTAKTNYJ">v</formula>
    <formula uri="http://libmeta.ru/fme/formula/aux/1354_6_KONTAKTNYJ">\lambda_{x}</formula>
    <formula uri="http://libmeta.ru/fme/formula/aux/1354_7_KONTAKTNYJ">\lambda=d z-x d y</formula>
  </formulas_aux>
  <relations n="0"/>
  <text>Функция $URI[[http://libmeta.ru/fme/formula/aux/1354_1_KONTAKTNYJ]]/URI$ на Контактном многообразии с контактной формой $URI[[http://libmeta.ru/fme/formula/aux/1354_2_KONTAKTNYJ]]/URI$, отвечающая контактному векторному полю $URI[[http://libmeta.ru/fme/formula/aux/1354_3_KONTAKTNYJ]]/URI$ (то есть полю, сохраняющему контактную структуру): $URI[[http://libmeta.ru/fme/formula/aux/1354_4_KONTAKTNYJ]]/URI$. Значение К. г. определяется как значение однородного гамильтониана симплектизации поля $URI[[http://libmeta.ru/fme/formula/aux/1354_5_KONTAKTNYJ]]/URI$ на контактном функционале $URI[[http://libmeta.ru/fme/formula/aux/1354_6_KONTAKTNYJ]]/URI$. Конструкция К. г. устанавливает взаимную однозначность пространств гладких функций и контактных векторных полей. Если $URI[[http://libmeta.ru/fme/formula/aux/1354_7_KONTAKTNYJ]]/URI$, то контактное поле, отвечающее К. г., задано формулой:

\[
URI[[http://libmeta.ru/fme/formula/main/1354_1_KONTAKTNYJ]]/URI
\]</text>
  <text_orig>ФУНКЩИЯ $f$ на Контактном многообразии с контактной формой $\lambda$, отвечающая контактному векторному полю $\boldsymbol{v}$ (то есть полю, сохраняющему контактную структуру): $f(x)=\lambda_{x}\left(v_{x}\right)$. Значение К. г. определяется как значение однородного гамильтониана симплектизации поля $v$ на контактном функционале $\lambda_{x}$. Конструкция К. г. устанавливает взаимную однозначность пространств гладких функций и контактных векторных полей. Если $\lambda=d z-x d y$, то контактное поле, отвечающее К. г., задано формулой:

\[
v=\left(f-x \frac{\partial f}{\partial x}\right) \partial z+\left(\frac{\partial f}{\partial y}+x \frac{\partial f}{\partial z}\right) \frac{\partial}{\partial x}-\frac{\partial f}{\partial x} \frac{\partial}{\partial y} .
\]

С. А. Табачников.</text_orig>
</article>
