<?xml version="1.0" ?>
<article uri="http://libmeta.ru/fme/article/1355_KONTAKTNYJ" alphabetic_pos="1357">
  <title>КОНТАКТНЫЙ ДИФФЕОМОРФИЗМ, КОНТАКТОМОРФИЗМ</title>
  <authors>
    <author>С. A. Табачников</author>
  </authors>
  <pages>
    <start>286</start>
    <end>286</end>
  </pages>
  <literature>
    <literature_orig/>
  </literature>
  <formulas_main/>
  <formulas_aux>
    <formula uri="http://libmeta.ru/fme/formula/aux/1355_1_KONTAKTNYJ">t</formula>
    <formula uri="http://libmeta.ru/fme/formula/aux/1355_2_KONTAKTNYJ">t</formula>
  </formulas_aux>
  <relations n="0"/>
  <text>диффеоморфизм контактных многообразий, сохраняющий контактную структуру. Пример семейства К. д. многообразия контактных элементов риманова многообразия - геодезич. поток. Преобразование за время $URI[[http://libmeta.ru/fme/formula/aux/1355_1_KONTAKTNYJ]]/URI$ определяется как параллельный перенос контактного элемента на расстояние $URI[[http://libmeta.ru/fme/formula/aux/1355_2_KONTAKTNYJ]]/URI$ вдоль геодезической, выходящей из точки контакта в ортогональном направлении. Локально все контактные многообразия одной размерности контактоморфны (те о р м а Да рб у), а глобально - нет.</text>
  <text_orig>диффеоморфизм контактных многообразий, сохраняющий контактную структуру. Пример семейства К. д. многообразия контактных элементов риманова многообразия - геодезич. поток. Преобразование за время $t$ определяется как параллельный перенос контактного элемента на расстояние $t$ вдоль геодезической, выходящей из точки контакта в ортогональном направлении. Локально все контактные многообразия одной размерности контактоморфны (те о р м а Да рб у), а глобально - нет.

С. A. Табачников.</text_orig>
</article>
