<?xml version="1.0" ?>
<article uri="http://libmeta.ru/fme/article/1356_KONTAKTNYJ" alphabetic_pos="1358">
  <title>КОНТАКТНЫЙ КОБОРДИЗМ</title>
  <authors>
    <author>С. А. Табачников</author>
  </authors>
  <pages>
    <start>286</start>
    <end>286</end>
  </pages>
  <literature>
    <literature_orig/>
  </literature>
  <formulas_main/>
  <formulas_aux>
    <formula uri="http://libmeta.ru/fme/formula/aux/1356_1_KONTAKTNYJ">m_{1}^{2 n+1}</formula>
    <formula uri="http://libmeta.ru/fme/formula/aux/1356_2_KONTAKTNYJ">m_{2}^{2 n+1}</formula>
    <formula uri="http://libmeta.ru/fme/formula/aux/1356_3_KONTAKTNYJ">n</formula>
    <formula uri="http://libmeta.ru/fme/formula/aux/1356_4_KONTAKTNYJ">\xi</formula>
    <formula uri="http://libmeta.ru/fme/formula/aux/1356_5_KONTAKTNYJ">m_{1}</formula>
    <formula uri="http://libmeta.ru/fme/formula/aux/1356_6_KONTAKTNYJ">m_{2}</formula>
    <formula uri="http://libmeta.ru/fme/formula/aux/1356_7_KONTAKTNYJ">\xi</formula>
    <formula uri="http://libmeta.ru/fme/formula/aux/1356_8_KONTAKTNYJ">m_{1}</formula>
    <formula uri="http://libmeta.ru/fme/formula/aux/1356_9_KONTAKTNYJ">m_{2}</formula>
    <formula uri="http://libmeta.ru/fme/formula/aux/1356_10_KONTAKTNYJ">\xi</formula>
    <formula uri="http://libmeta.ru/fme/formula/aux/1356_11_KONTAKTNYJ">\lambda</formula>
    <formula uri="http://libmeta.ru/fme/formula/aux/1356_12_KONTAKTNYJ">\lambda \wedge(d \lambda)^{n} \neq 0</formula>
  </formulas_aux>
  <relations n="0"/>
  <text>отношение эквивалентности между контактными структурами на многообразиях. Контактные многообразия $URI[[http://libmeta.ru/fme/formula/aux/1356_1_KONTAKTNYJ]]/URI$ и $URI[[http://libmeta.ru/fme/formula/aux/1356_2_KONTAKTNYJ]]/URI$ связаны К. к., если существует многообразие $URI[[http://libmeta.ru/fme/formula/aux/1356_3_KONTAKTNYJ]]/URI$ с распределением $URI[[http://libmeta.ru/fme/formula/aux/1356_4_KONTAKTNYJ]]/URI$ коразмерности 1 , край к-рого - объединение $URI[[http://libmeta.ru/fme/formula/aux/1356_5_KONTAKTNYJ]]/URI$ и $URI[[http://libmeta.ru/fme/formula/aux/1356_6_KONTAKTNYJ]]/URI$; $URI[[http://libmeta.ru/fme/formula/aux/1356_7_KONTAKTNYJ]]/URI$ трансверсально краю и высекает из $URI[[http://libmeta.ru/fme/formula/aux/1356_8_KONTAKTNYJ]]/URI$ и $URI[[http://libmeta.ru/fme/formula/aux/1356_9_KONTAKTNYJ]]/URI$ заданные на них контактные структуры. При этом распределение $URI[[http://libmeta.ru/fme/formula/aux/1356_10_KONTAKTNYJ]]/URI$ должно быть максимально неинтегрируемым, то есть если задать его 1-формой $URI[[http://libmeta.ru/fme/formula/aux/1356_11_KONTAKTNYJ]]/URI$, то $URI[[http://libmeta.ru/fme/formula/aux/1356_12_KONTAKTNYJ]]/URI$.</text>
  <text_orig>отношение эквивалентности между контактными структурами на многообразиях. Контактные многообразия $M_{1}^{2 n+1}$ и $M_{2}^{2 n+1}$ связаны К. к., если сушествует многообразие $N$ с распределением $\xi$ коразмерности 1 , край к-рого - объединение $M_{1}$ и $M_{2}$; $\xi$ трансверсально краю и высекает из $M_{1}$ и $M_{2}$ заданные на них контактные структуры. При этом распределение $\xi$ должно быть максимально неинтегрируемым, то есть если задать его 1-формой $\lambda$, то $\lambda \wedge(d \lambda)^{n} \neq 0$.

С. А. Табачников.</text_orig>
</article>
