<?xml version="1.0" ?>
<article uri="http://libmeta.ru/fme/article/1358_KONTAKTNYJ" alphabetic_pos="1360">
  <title>КОНТАКТНЫЙ ЭЛЕМЕНТ</title>
  <authors/>
  <pages>
    <start>286</start>
    <end>286</end>
  </pages>
  <literature>
    <literature_orig/>
  </literature>
  <formulas_main/>
  <formulas_aux>
    <formula uri="http://libmeta.ru/fme/formula/aux/1358_1_KONTAKTNYJ">m^{n}</formula>
    <formula uri="http://libmeta.ru/fme/formula/aux/1358_2_KONTAKTNYJ">(2 n-1)</formula>
    <formula uri="http://libmeta.ru/fme/formula/aux/1358_3_KONTAKTNYJ">t^{*} M</formula>
    <formula uri="http://libmeta.ru/fme/formula/aux/1358_4_KONTAKTNYJ">t^{*} M</formula>
    <formula uri="http://libmeta.ru/fme/formula/aux/1358_5_KONTAKTNYJ">\xi</formula>
    <formula uri="http://libmeta.ru/fme/formula/aux/1358_6_KONTAKTNYJ">t M</formula>
    <formula uri="http://libmeta.ru/fme/formula/aux/1358_7_KONTAKTNYJ">\xi . \quad</formula>
    <formula uri="http://libmeta.ru/fme/formula/aux/1358_8_KONTAKTNYJ">а</formula>
  </formulas_aux>
  <relations n="0"/>
  <text>гиперплоскость в касательном пространстве к многообразию $URI[[http://libmeta.ru/fme/formula/aux/1358_1_KONTAKTNYJ]]/URI$ в некоторой точке (которая называется точкой контакта). Множество всех К. э. имеет структуру $URI[[http://libmeta.ru/fme/formula/aux/1358_2_KONTAKTNYJ]]/URI$-мерного многообразия сферизации кокасательного расслоения $URI[[http://libmeta.ru/fme/formula/aux/1358_3_KONTAKTNYJ]]/URI$ (если К.э. ориентированы) или проективизации $URI[[http://libmeta.ru/fme/formula/aux/1358_4_KONTAKTNYJ]]/URI$ (если К. э. неориентированы).

Многообразие К. э. несет контактную структуру. Именно, касательный вектор к многообразию К. э. в нек-рой точке $URI[[http://libmeta.ru/fme/formula/aux/1358_5_KONTAKTNYJ]]/URI$ принадлежит контактной гиперплоскости, если его проекция в $URI[[http://libmeta.ru/fme/formula/aux/1358_6_KONTAKTNYJ]]/URI$ принадлежит гиперплоскости $URI[[http://libmeta.ru/fme/formula/aux/1358_7_KONTAKTNYJ]]/URI$ С. $URI[[http://libmeta.ru/fme/formula/aux/1358_8_KONTAKTNYJ]]/URI$. Табачников.</text>
  <text_orig>гиперплоскость в касательном пространстве к многообразию $M^{n}$ в некоторой точке (которая называется точкой контакта). Множество всех К. э. имеет структуру $(2 n-1)$-мерного многообразия сферизации кокасательного расслоения $T^{*} M$ (если К.э. ориентированы) или проективизации $T^{*} M$ (если К. э. неориентированы).

Многообразие К. э. несет контактную структуру. Именно, касательный вектор к многообразию К. э. в нек-рой точке $\xi$ принадлежит контактной гиперплоскости, если его проекция в $T M$ принадлежит гиперплоскости $\xi . \quad$ С. $А$. Табачников.</text_orig>
</article>
