<?xml version="1.0" ?>
<article uri="http://libmeta.ru/fme/article/1361_KONTRAVARIANTNOST" alphabetic_pos="1363">
  <title>КОНТРАВАРИАНТНОСТЬ</title>
  <authors/>
  <pages>
    <start>286</start>
    <end>286</end>
  </pages>
  <literature>
    <literature_orig/>
  </literature>
  <formulas_main/>
  <formulas_aux/>
  <relations n="1">
    <relation uri="http://libmeta.ru/fme/relation/1361_1_KONTRAVARIANTNOST">
      <rel_text>Ковариантность</rel_text>
      <target>http://libmeta.ru/fme/article/1274_KOVARIANTNOST</target>
    </relation>
  </relations>
  <text>см. URI[[http://libmeta.ru/fme/relation/1361_1_KONTRAVARIANTNOST]]/URI и контравариантность.</text>
  <text_orig>см. Ковариантность и контравариантность.</text_orig>
</article>
