<?xml version="1.0" ?>
<article uri="http://libmeta.ru/fme/article/1363_KONTRAVARIANTNYJ" alphabetic_pos="1365">
  <title>КОНТРАВАРИАНТНЫЙ СПИНОР</title>
  <authors/>
  <pages>
    <start>286</start>
    <end>286</end>
  </pages>
  <literature>
    <literature_orig/>
  </literature>
  <formulas_main/>
  <formulas_aux/>
  <relations n="1">
    <relation uri="http://libmeta.ru/fme/relation/1363_1_KONTRAVARIANTNYJ">
      <rel_text>Спинор</rel_text>
      <target>http://libmeta.ru/fme/article/2898_SPINO</target>
    </relation>
  </relations>
  <text>см. URI[[http://libmeta.ru/fme/relation/1363_1_KONTRAVARIANTNYJ]]/URI.</text>
  <text_orig>см. Спинор.</text_orig>
</article>
