<?xml version="1.0" ?>
<article uri="http://libmeta.ru/fme/article/1365_KONTRAVARIANTNYJ" alphabetic_pos="1367">
  <title>КОНТРАВАРИАНТНЫЙ ЧЕТЫРЕХМЕРНЫЙ ВЕКТОР</title>
  <authors/>
  <pages>
    <start>286</start>
    <end>286</end>
  </pages>
  <literature>
    <literature_orig/>
  </literature>
  <formulas_main/>
  <formulas_aux/>
  <relations n="0"/>
  <text>см. Четырехмерный вектор.</text>
  <text_orig>см. Четырехмерный вектор.</text_orig>
</article>
