<?xml version="1.0" ?>
<article uri="http://libmeta.ru/fme/article/1368_KONFIGURATsIJ" alphabetic_pos="1370">
  <title>КОНФИГУРАЦИЙ ПРОСТРАНСТВО</title>
  <authors/>
  <pages>
    <start>287</start>
    <end>287</end>
  </pages>
  <literature>
    <literature_orig/>
  </literature>
  <formulas_main/>
  <formulas_aux/>
  <relations n="1">
    <relation uri="http://libmeta.ru/fme/relation/1368_1_KONFIGURATsIJ">
      <rel_text>Классический</rel_text>
      <target>http://libmeta.ru/fme/article/1253_KLASTERIZATsI</target>
    </relation>
  </relations>
  <text>см. URI[[http://libmeta.ru/fme/relation/1368_1_KONFIGURATsIJ]]/URI ансамбль.</text>
  <text_orig>см. Классический ансамбль.</text_orig>
</article>
