<?xml version="1.0" ?>
<article uri="http://libmeta.ru/fme/article/1374_KONFORMNAJa" alphabetic_pos="1376">
  <title>КОНФОРМНАЯ ГРУППА</title>
  <authors/>
  <pages>
    <start>287</start>
    <end>287</end>
  </pages>
  <literature>
    <literature_orig/>
  </literature>
  <formulas_main/>
  <formulas_aux/>
  <relations n="1">
    <relation uri="http://libmeta.ru/fme/relation/1374_1_KONFORMNAJa">
      <rel_text>Конформное отображение</rel_text>
      <target>http://libmeta.ru/fme/article/1378_KONFORMNOE</target>
    </relation>
  </relations>
  <text>см. URI[[http://libmeta.ru/fme/relation/1374_1_KONFORMNAJa]]/URI.</text>
  <text_orig>см. Конформное отображение.</text_orig>
</article>
