<?xml version="1.0" ?>
<article uri="http://libmeta.ru/fme/article/1375_KONFORMNAJa" alphabetic_pos="1377">
  <title>КОНФОРМНАЯ ЕМКОСТЬ</title>
  <authors/>
  <pages>
    <start>287</start>
    <end>287</end>
  </pages>
  <literature>
    <literature_orig/>
  </literature>
  <formulas_main/>
  <formulas_aux/>
  <relations n="1">
    <relation uri="http://libmeta.ru/fme/relation/1375_1_KONFORMNAJa">
      <rel_text>Емкость множества</rel_text>
      <target>http://libmeta.ru/fme/article/929_EMKOST'</target>
    </relation>
  </relations>
  <text>см. URI[[http://libmeta.ru/fme/relation/1375_1_KONFORMNAJa]]/URI.</text>
  <text_orig>см. Емкость множества.</text_orig>
</article>
