<?xml version="1.0" ?>
<article uri="http://libmeta.ru/fme/article/1377_KONFORMNO-EVKLIDOVO" alphabetic_pos="1379">
  <title>КОНФОРМНО-ЕВКЛИДОВО ПРОСТРАНСТВО</title>
  <authors/>
  <pages>
    <start>287</start>
    <end>287</end>
  </pages>
  <literature>
    <literature_orig/>
  </literature>
  <formulas_main/>
  <formulas_aux/>
  <relations n="0"/>
  <text>см. Вейля кривизна.</text>
  <text_orig>см. Вейля кривизна.</text_orig>
</article>
