<?xml version="1.0" ?>
<article uri="http://libmeta.ru/fme/article/1378_KONFORMNOE" alphabetic_pos="1380">
  <title>КОНФОРМНОЕ ОТОБРАЖЕНИЕ</title>
  <authors/>
  <pages>
    <start>287</start>
    <end>288</end>
  </pages>
  <literature>
    <literature_orig/>
  </literature>
  <formulas_main>
    <formula uri="http://libmeta.ru/fme/formula/main/1378_1_KONFORMNOE">x_{i} \rightarrow\left(x_{i}-x_{i}^{0}\right) / \sum_{i=1}^{n}\left(x_{i}-x_{i}^{0}\right)^{2}, \quad i=1, \ldots, n,</formula>
    <formula uri="http://libmeta.ru/fme/formula/main/1378_2_KONFORMNOE">f(D)=D^{*}, f\left(z_{0}\right)=z_{0}^{*}, \arg f^{\prime}\left(z_{0}\right)=\theta</formula>
    <formula uri="http://libmeta.ru/fme/formula/main/1378_3_KONFORMNOE">f(z)=u(x, y)+i v(x, y)</formula>
    <formula uri="http://libmeta.ru/fme/formula/main/1378_4_KONFORMNOE">f(z)=(a z+b) /(c z+d), a d-b c \neq 0,</formula>
    <formula uri="http://libmeta.ru/fme/formula/main/1378_5_KONFORMNOE">f(z)=z^{\alpha}</formula>
    <formula uri="http://libmeta.ru/fme/formula/main/1378_6_KONFORMNOE">\varphi_{1}&lt;\arg z&lt;\varphi_{2}</formula>
    <formula uri="http://libmeta.ru/fme/formula/main/1378_7_KONFORMNOE">\alpha \varphi_{1}&lt;\arg z&lt;\alpha \varphi_{2},</formula>
    <formula uri="http://libmeta.ru/fme/formula/main/1378_8_KONFORMNOE">-\pi \leqslant \varphi_{1}&lt;\varphi_{2} \leqslant \pi \text { и } \alpha\left(\varphi_{2}-\varphi_{1}\right) \leqslant 2 \pi .</formula>
    <formula uri="http://libmeta.ru/fme/formula/main/1378_9_KONFORMNOE">f(z)=e^{z}</formula>
    <formula uri="http://libmeta.ru/fme/formula/main/1378_10_KONFORMNOE">f(z)=1 / 2(z+1 / z)</formula>
    <formula uri="http://libmeta.ru/fme/formula/main/1378_11_KONFORMNOE">f(z)=C \int_{z_{0}}^{z} \prod_{k=1}^{n}\left(t-a_{k}\right)^{\alpha_{k}-1} d t+C_{1},</formula>
  </formulas_main>
  <formulas_aux>
    <formula uri="http://libmeta.ru/fme/formula/aux/1378_1_KONFORMNOE">n</formula>
    <formula uri="http://libmeta.ru/fme/formula/aux/1378_2_KONFORMNOE">n \geqslant 3</formula>
    <formula uri="http://libmeta.ru/fme/formula/aux/1378_3_KONFORMNOE">x^{0}=\left(x_{1}^{0}, \ldots, x_{n}^{0}\right)</formula>
    <formula uri="http://libmeta.ru/fme/formula/aux/1378_4_KONFORMNOE">n</formula>
    <formula uri="http://libmeta.ru/fme/formula/aux/1378_5_KONFORMNOE">(n+1)(n+2) / 2</formula>
    <formula uri="http://libmeta.ru/fme/formula/aux/1378_6_KONFORMNOE">n=2</formula>
    <formula uri="http://libmeta.ru/fme/formula/aux/1378_7_KONFORMNOE">\mathbb{r}^{2}</formula>
    <formula uri="http://libmeta.ru/fme/formula/aux/1378_8_KONFORMNOE">\mathbb{c}</formula>
    <formula uri="http://libmeta.ru/fme/formula/aux/1378_9_KONFORMNOE">z=x+i y</formula>
    <formula uri="http://libmeta.ru/fme/formula/aux/1378_10_KONFORMNOE">\mathbb{c}</formula>
    <formula uri="http://libmeta.ru/fme/formula/aux/1378_11_KONFORMNOE">\overline{\mathbb{c}}</formula>
    <formula uri="http://libmeta.ru/fme/formula/aux/1378_12_KONFORMNOE">d</formula>
    <formula uri="http://libmeta.ru/fme/formula/aux/1378_13_KONFORMNOE">d^{*}</formula>
    <formula uri="http://libmeta.ru/fme/formula/aux/1378_14_KONFORMNOE">\overline{\mathbb{c}}</formula>
    <formula uri="http://libmeta.ru/fme/formula/aux/1378_15_KONFORMNOE">f(z)</formula>
    <formula uri="http://libmeta.ru/fme/formula/aux/1378_16_KONFORMNOE">d</formula>
    <formula uri="http://libmeta.ru/fme/formula/aux/1378_17_KONFORMNOE">d^{*}=f(d)</formula>
    <formula uri="http://libmeta.ru/fme/formula/aux/1378_18_KONFORMNOE">d</formula>
    <formula uri="http://libmeta.ru/fme/formula/aux/1378_19_KONFORMNOE">d^{*}</formula>
    <formula uri="http://libmeta.ru/fme/formula/aux/1378_20_KONFORMNOE">\overline{\mathbb{c}}</formula>
    <formula uri="http://libmeta.ru/fme/formula/aux/1378_21_KONFORMNOE">z_{0}</formula>
    <formula uri="http://libmeta.ru/fme/formula/aux/1378_22_KONFORMNOE">d</formula>
    <formula uri="http://libmeta.ru/fme/formula/aux/1378_23_KONFORMNOE">z_{0}^{*}</formula>
    <formula uri="http://libmeta.ru/fme/formula/aux/1378_24_KONFORMNOE">d^{*}</formula>
    <formula uri="http://libmeta.ru/fme/formula/aux/1378_25_KONFORMNOE">\theta</formula>
    <formula uri="http://libmeta.ru/fme/formula/aux/1378_26_KONFORMNOE">d</formula>
    <formula uri="http://libmeta.ru/fme/formula/aux/1378_27_KONFORMNOE">f(z)</formula>
    <formula uri="http://libmeta.ru/fme/formula/aux/1378_28_KONFORMNOE">\psi(u, v)</formula>
    <formula uri="http://libmeta.ru/fme/formula/aux/1378_29_KONFORMNOE">d^{*}</formula>
    <formula uri="http://libmeta.ru/fme/formula/aux/1378_30_KONFORMNOE">d</formula>
    <formula uri="http://libmeta.ru/fme/formula/aux/1378_31_KONFORMNOE">d^{*}</formula>
    <formula uri="http://libmeta.ru/fme/formula/aux/1378_32_KONFORMNOE">\psi[u(x, y), v(x, y)]</formula>
    <formula uri="http://libmeta.ru/fme/formula/aux/1378_33_KONFORMNOE">d</formula>
    <formula uri="http://libmeta.ru/fme/formula/aux/1378_34_KONFORMNOE">\overline{\mathbb{c}}</formula>
    <formula uri="http://libmeta.ru/fme/formula/aux/1378_35_KONFORMNOE">z</formula>
    <formula uri="http://libmeta.ru/fme/formula/aux/1378_36_KONFORMNOE">z^{*}</formula>
    <formula uri="http://libmeta.ru/fme/formula/aux/1378_37_KONFORMNOE">\gamma</formula>
    <formula uri="http://libmeta.ru/fme/formula/aux/1378_38_KONFORMNOE">z</formula>
    <formula uri="http://libmeta.ru/fme/formula/aux/1378_39_KONFORMNOE">z^{*}</formula>
    <formula uri="http://libmeta.ru/fme/formula/aux/1378_40_KONFORMNOE">z</formula>
    <formula uri="http://libmeta.ru/fme/formula/aux/1378_41_KONFORMNOE">z^{*}</formula>
    <formula uri="http://libmeta.ru/fme/formula/aux/1378_42_KONFORMNOE">\gamma</formula>
    <formula uri="http://libmeta.ru/fme/formula/aux/1378_43_KONFORMNOE">f(z)</formula>
    <formula uri="http://libmeta.ru/fme/formula/aux/1378_44_KONFORMNOE">f\left(z^{*}\right)</formula>
    <formula uri="http://libmeta.ru/fme/formula/aux/1378_45_KONFORMNOE">f(\gamma)</formula>
    <formula uri="http://libmeta.ru/fme/formula/aux/1378_46_KONFORMNOE">\alpha</formula>
    <formula uri="http://libmeta.ru/fme/formula/aux/1378_47_KONFORMNOE">f(z)</formula>
    <formula uri="http://libmeta.ru/fme/formula/aux/1378_48_KONFORMNOE">\varphi_{1}&lt;\arg z&lt;\varphi_{2}</formula>
    <formula uri="http://libmeta.ru/fme/formula/aux/1378_49_KONFORMNOE">0&lt;\operatorname{im} z&lt;2 \pi</formula>
    <formula uri="http://libmeta.ru/fme/formula/aux/1378_50_KONFORMNOE">\operatorname{im} z=\varphi</formula>
    <formula uri="http://libmeta.ru/fme/formula/aux/1378_51_KONFORMNOE">\arg z=\varphi</formula>
    <formula uri="http://libmeta.ru/fme/formula/aux/1378_52_KONFORMNOE">[-1,1]</formula>
    <formula uri="http://libmeta.ru/fme/formula/aux/1378_53_KONFORMNOE">|z|=r</formula>
    <formula uri="http://libmeta.ru/fme/formula/aux/1378_54_KONFORMNOE">1 / 2(r+1 / r)</formula>
    <formula uri="http://libmeta.ru/fme/formula/aux/1378_55_KONFORMNOE">1 / 2(r-1 / r)</formula>
    <formula uri="http://libmeta.ru/fme/formula/aux/1378_56_KONFORMNOE">f(z)</formula>
    <formula uri="http://libmeta.ru/fme/formula/aux/1378_57_KONFORMNOE">\operatorname{im} z&gt;0</formula>
    <formula uri="http://libmeta.ru/fme/formula/aux/1378_58_KONFORMNOE">a_{k}</formula>
    <formula uri="http://libmeta.ru/fme/formula/aux/1378_59_KONFORMNOE">\pi \alpha_{k}, k=1,2, \ldots, n</formula>
    <formula uri="http://libmeta.ru/fme/formula/aux/1378_60_KONFORMNOE">c, C_{1}</formula>
    <formula uri="http://libmeta.ru/fme/formula/aux/1378_61_KONFORMNOE">a_{k}</formula>
    <formula uri="http://libmeta.ru/fme/formula/aux/1378_62_KONFORMNOE">a_{k}=f^{-1}\left(A_{k}\right),\left(t-a_{k}\right)^{d_{k}-1}-</formula>
    <formula uri="http://libmeta.ru/fme/formula/aux/1378_63_KONFORMNOE">\operatorname{im} t&gt;0</formula>
    <formula uri="http://libmeta.ru/fme/formula/aux/1378_64_KONFORMNOE">t&gt;a_{k} ; z_{0}&lt;a_{1}</formula>
    <formula uri="http://libmeta.ru/fme/formula/aux/1378_65_KONFORMNOE">f\left(z_{0}\right)=c_{1}</formula>
    <formula uri="http://libmeta.ru/fme/formula/aux/1378_66_KONFORMNOE">a_{n} A_{1}</formula>
    <formula uri="http://libmeta.ru/fme/formula/aux/1378_67_KONFORMNOE">a_{k}</formula>
  </formulas_aux>
  <relations n="0"/>
  <text>взаимно однозначное отображение областей $URI[[http://libmeta.ru/fme/formula/aux/1378_1_KONFORMNOE]]/URI$-мерного евклидова пространства, сохраняющее углы между кривыми. К. о. в каждой точке обладает свойством постоянства растяжений по различным направлениям. При $URI[[http://libmeta.ru/fme/formula/aux/1378_2_KONFORMNOE]]/URI$ любое (гладкое) К.о. является суперпозицией вращения, растяжения, сдвига и специального К. о. «инверсии»:

\[
URI[[http://libmeta.ru/fme/formula/main/1378_1_KONFORMNOE]]/URI
\]

где $URI[[http://libmeta.ru/fme/formula/aux/1378_3_KONFORMNOE]]/URI$ - нек-рая фиксированная точка $URI[[http://libmeta.ru/fme/formula/aux/1378_4_KONFORMNOE]]/URI$-мерного пространства. Совокупность этих преобразований образует $URI[[http://libmeta.ru/fme/formula/aux/1378_5_KONFORMNOE]]/URI$-параметрическую кон фор м ную группу.

При $URI[[http://libmeta.ru/fme/formula/aux/1378_6_KONFORMNOE]]/URI$ множество К. о. разнообразнее. В этом случае двумерную плоскость $URI[[http://libmeta.ru/fme/formula/aux/1378_7_KONFORMNOE]]/URI$ удобно реализовать как пространство $URI[[http://libmeta.ru/fme/formula/aux/1378_8_KONFORMNOE]]/URI$ комплексных чисел $URI[[http://libmeta.ru/fme/formula/aux/1378_9_KONFORMNOE]]/URI$. Добавляя к $URI[[http://libmeta.ru/fme/formula/aux/1378_10_KONFORMNOE]]/URI$ бесконечно удаленную точку, рассматривают также К.о. областей расширенной комплексной плоскости $URI[[http://libmeta.ru/fme/formula/aux/1378_11_KONFORMNOE]]/URI$. Отображение области $URI[[http://libmeta.ru/fme/formula/aux/1378_12_KONFORMNOE]]/URI$ на область $URI[[http://libmeta.ru/fme/formula/aux/1378_13_KONFORMNOE]]/URI$ расширенной комплексной плоскости $URI[[http://libmeta.ru/fme/formula/aux/1378_14_KONFORMNOE]]/URI$ конформно тогда и только тогда, когда оно либо задается нек-рой аналитической функцией $URI[[http://libmeta.ru/fme/formula/aux/1378_15_KONFORMNOE]]/URI$, определенной и однолистной в $URI[[http://libmeta.ru/fme/formula/aux/1378_16_KONFORMNOE]]/URI$, и такой, что $URI[[http://libmeta.ru/fme/formula/aux/1378_17_KONFORMNOE]]/URI$, либо является суперпозицией описанного преобразования и комплексного сопряжения. В первом случае К. о. сохраняет не только величины углов, но и их знаки; во втором - знаки углов меняются на противоположные. Любые две односвязные области $URI[[http://libmeta.ru/fme/formula/aux/1378_18_KONFORMNOE]]/URI$ и $URI[[http://libmeta.ru/fme/formula/aux/1378_19_KONFORMNOE]]/URI$ в $URI[[http://libmeta.ru/fme/formula/aux/1378_20_KONFORMNOE]]/URI$, границы к-рых состоят из более чем одной точки, конформно эквивалентны. При этом для произвольных точек $URI[[http://libmeta.ru/fme/formula/aux/1378_21_KONFORMNOE]]/URI$ из $URI[[http://libmeta.ru/fme/formula/aux/1378_22_KONFORMNOE]]/URI$ и $URI[[http://libmeta.ru/fme/formula/aux/1378_23_KONFORMNOE]]/URI$ из $URI[[http://libmeta.ru/fme/formula/aux/1378_24_KONFORMNOE]]/URI$ и произвольного вещественного числа $URI[[http://libmeta.ru/fme/formula/aux/1378_25_KONFORMNOE]]/URI$ существует одна и только одна аналитическая и однолистная в $URI[[http://libmeta.ru/fme/formula/aux/1378_26_KONFORMNOE]]/URI$ функция $URI[[http://libmeta.ru/fme/formula/aux/1378_27_KONFORMNOE]]/URI$ такая, что

\[
URI[[http://libmeta.ru/fme/formula/main/1378_2_KONFORMNOE]]/URI
\]

(теорема Римана).

К. о. двумерных областей переводит всякое решение уравнения Лапласа снова в решение уравнения Лапласа. Другими словами, если $URI[[http://libmeta.ru/fme/formula/aux/1378_28_KONFORMNOE]]/URI$ - гармонич. функция в области $URI[[http://libmeta.ru/fme/formula/aux/1378_29_KONFORMNOE]]/URI$, а функция

\[
URI[[http://libmeta.ru/fme/formula/main/1378_3_KONFORMNOE]]/URI
\]

конформно отображает область $URI[[http://libmeta.ru/fme/formula/aux/1378_30_KONFORMNOE]]/URI$ на $URI[[http://libmeta.ru/fme/formula/aux/1378_31_KONFORMNOE]]/URI$, то функция $URI[[http://libmeta.ru/fme/formula/aux/1378_32_KONFORMNOE]]/URI$ есть гармонич. функция в области $URI[[http://libmeta.ru/fme/formula/aux/1378_33_KONFORMNOE]]/URI$. Этим обусловлено применение К.о. в задачах электростатики, гидро- и аэродинамики и др. П р и м е ры. 1) Дробно-линейное преобразование

\[
URI[[http://libmeta.ru/fme/formula/main/1378_4_KONFORMNOE]]/URI
\]

конформно отображает расширенную комплексную плоскость $URI[[http://libmeta.ru/fme/formula/aux/1378_34_KONFORMNOE]]/URI$ на себя. При этом всякая окружность переходит снова в окружность (считается, что прямая есть окружность бесконечного радиуса, проходящая через бесконечно удаленную точку). Тем самым дробно-линейное преобразование конформно отображает внутренность любого круга на внутренность или внешность нек-рого другого круга. Точки $URI[[http://libmeta.ru/fme/formula/aux/1378_35_KONFORMNOE]]/URI$ и $URI[[http://libmeta.ru/fme/formula/aux/1378_36_KONFORMNOE]]/URI$ называются с о пря жен ным и к окружности $URI[[http://libmeta.ru/fme/formula/aux/1378_37_KONFORMNOE]]/URI$, не являющейся прямой, если они лежат на одном луче, исходящем из центра окружности, и произведение их расстояний от центра равно квадрату радиуса. Если Г - прямая, то точки $URI[[http://libmeta.ru/fme/formula/aux/1378_38_KONFORMNOE]]/URI$ и $URI[[http://libmeta.ru/fme/formula/aux/1378_39_KONFORMNOE]]/URI$ называются с о п ря же н ны м и, если одна из них переходит в другую при отражении относительно Г. Всякое дробно-линейное преобразование переводит точки $URI[[http://libmeta.ru/fme/formula/aux/1378_40_KONFORMNOE]]/URI$ и $URI[[http://libmeta.ru/fme/formula/aux/1378_41_KONFORMNOE]]/URI$, сопряженные относительно $URI[[http://libmeta.ru/fme/formula/aux/1378_42_KONFORMNOE]]/URI$, в точки $URI[[http://libmeta.ru/fme/formula/aux/1378_43_KONFORMNOE]]/URI$ и $URI[[http://libmeta.ru/fme/formula/aux/1378_44_KONFORMNOE]]/URI$, сопряженные относительно $URI[[http://libmeta.ru/fme/formula/aux/1378_45_KONFORMNOE]]/URI$. Последнее свойство весьма полезно при выборе конкретных дробно-линейных преобразований.

2) Степенная функция

\[
URI[[http://libmeta.ru/fme/formula/main/1378_5_KONFORMNOE]]/URI
\]

где $URI[[http://libmeta.ru/fme/formula/aux/1378_46_KONFORMNOE]]/URI$ - положительное число, конформно отображает сектор

в сектор

\[
URI[[http://libmeta.ru/fme/formula/main/1378_6_KONFORMNOE]]/URI
\]

если

\[
URI[[http://libmeta.ru/fme/formula/main/1378_7_KONFORMNOE]]/URI
\]

\[
URI[[http://libmeta.ru/fme/formula/main/1378_8_KONFORMNOE]]/URI
\]

При нарушении последнего неравенства функция $URI[[http://libmeta.ru/fme/formula/aux/1378_47_KONFORMNOE]]/URI$ перестает быть однолистной в секторе $URI[[http://libmeta.ru/fme/formula/aux/1378_48_KONFORMNOE]]/URI$.

3) Показательная функция

\[
URI[[http://libmeta.ru/fme/formula/main/1378_9_KONFORMNOE]]/URI
\]

конформно отображает полосу $URI[[http://libmeta.ru/fme/formula/aux/1378_49_KONFORMNOE]]/URI$ в единичный круг с разрезом вдоль вещественной положительной полуоси. При этом прямая $URI[[http://libmeta.ru/fme/formula/aux/1378_50_KONFORMNOE]]/URI$ переходит в луч $URI[[http://libmeta.ru/fme/formula/aux/1378_51_KONFORMNOE]]/URI$.

4) Функция Жуковского

\[
URI[[http://libmeta.ru/fme/formula/main/1378_10_KONFORMNOE]]/URI
\]

конформно отображает внешность единичного круга на внешность отрезка $URI[[http://libmeta.ru/fme/formula/aux/1378_52_KONFORMNOE]]/URI$ вещественной оси. При этом окружность $URI[[http://libmeta.ru/fme/formula/aux/1378_53_KONFORMNOE]]/URI$ переходит в эллипс с полуосями $URI[[http://libmeta.ru/fme/formula/aux/1378_54_KONFORMNOE]]/URI$ и $URI[[http://libmeta.ru/fme/formula/aux/1378_55_KONFORMNOE]]/URI$ и с фокусами в точках \pm 1 .

5) Формула Кристоффеля-Шварца дает интегральное представление функции $URI[[http://libmeta.ru/fme/formula/aux/1378_56_KONFORMNOE]]/URI$, отображающей верхнюю полуплоскость $URI[[http://libmeta.ru/fme/formula/aux/1378_57_KONFORMNOE]]/URI$ на внутренность многоугольника с вершинами $URI[[http://libmeta.ru/fme/formula/aux/1378_58_KONFORMNOE]]/URI$ и углами при вершинах $URI[[http://libmeta.ru/fme/formula/aux/1378_59_KONFORMNOE]]/URI$ :

\[
URI[[http://libmeta.ru/fme/formula/main/1378_11_KONFORMNOE]]/URI
\]

где $URI[[http://libmeta.ru/fme/formula/aux/1378_60_KONFORMNOE]]/URI$ - комплексные постоянные, $URI[[http://libmeta.ru/fme/formula/aux/1378_61_KONFORMNOE]]/URI$ - действительные числа, $URI[[http://libmeta.ru/fme/formula/aux/1378_62_KONFORMNOE]]/URI$ однозначные при $URI[[http://libmeta.ru/fme/formula/aux/1378_63_KONFORMNOE]]/URI$ ветви функций, положительные при $URI[[http://libmeta.ru/fme/formula/aux/1378_64_KONFORMNOE]]/URI$, и точка $URI[[http://libmeta.ru/fme/formula/aux/1378_65_KONFORMNOE]]/URI$ лежит на отрезке $URI[[http://libmeta.ru/fme/formula/aux/1378_66_KONFORMNOE]]/URI$. Тройку чисел из $URI[[http://libmeta.ru/fme/formula/aux/1378_67_KONFORMNOE]]/URI$ можно задавать произвольно, остальные постоянные определяются однозначно. Эта формула справедлива и для многоугольников, у к-рых одна или несколько вершин лежат в бесконечно удаленной точке.

Лит. см. при ст. Аналитическая функиия.</text>
  <text_orig>взаиМНо однозначное отображение областей $n$-мерного евклидова пространства, сохраняющее углы между кривыми. К. о. в каждой точке обладает свойством постоянства растяжений по различным направлениям. При $n \geqslant 3$ любое (гладкое) К.о. является суперпозицией врашения, растяжения, сдвига и специального К. о. «инверсии»:

\[
x_{i} \rightarrow\left(x_{i}-x_{i}^{0}\right) / \sum_{i=1}^{n}\left(x_{i}-x_{i}^{0}\right)^{2}, \quad i=1, \ldots, n,
\]

где $x^{0}=\left(x_{1}^{0}, \ldots, x_{n}^{0}\right)$ - нек-рая фиксированная точка $n$-мерного пространства. Совокупность этих преобразований образует $(n+1)(n+2) / 2$-параметрическую кон фор м ную группу.

При $n=2$ множество К. о. разнообразнее. В этом случае двумерную плоскость $\mathbb{R}^{2}$ удобно реализовать как пространство $\mathbb{C}$ комплексных чисел $z=x+i y$. Добавляя к $\mathbb{C}$ бесконечно удаленную точку, рассматривают также К.о. областей расширенной комплексной плоскости $\overline{\mathbb{C}}$. Отображение области $D$ на область $D^{*}$ расширенной комплексной плоскости $\overline{\mathbb{C}}$ конформно тогда и только тогда, когда оно либо задается нек-рой аналитической функиией $f(z)$, определенной и однолистной в $D$, и такой, что $D^{*}=f(D)$, либо является суперпозицией описанного преобразования и комплексного сопряжения. В первом случае К. о. сохраняет не только величины углов, но и их знаки; во втором - знаки углов меняются на противоположные. Любые две односвязные области $D$ и $D^{*}$ в $\overline{\mathbb{C}}$, границы к-рых состоят из более чем одной точки, конформно эквивалентны. При этом для произвольных точек $z_{0}$ из $D$ и $z_{0}^{*}$ из $D^{*}$ и произвольного вещественного числа $\theta$ существует одна и только одна аналитическая и однолистная в $D$ функция $f(z)$ такая, что

\[
f(D)=D^{*}, f\left(z_{0}\right)=z_{0}^{*}, \arg f^{\prime}\left(z_{0}\right)=\theta
\]

(теорема Римана).

К. о. двумерных областей переводит всякое решение уравнения Лапласа снова в решение уравнения Лапласа. Другими словами, если $\psi(u, v)$ - гармонич. функция в области $D^{*}$, а функщия

\[
f(z)=u(x, y)+i v(x, y)
\]

конформно отображает область $D$ на $D^{*}$, то функция $\psi[u(x, y), v(x, y)]$ есть гармонич. функшия в области $D$. Этим обусловлено применение К.о. в задачах электростатики, гидро- и аэродинамики и др. П р и м е ры. 1) Дробно-линейное преобразование

\[
f(z)=(a z+b) /(c z+d), a d-b c \neq 0,
\]

конформно отображает расширенную комплексную плоскость $\overline{\mathbb{C}}$ на себя. При этом всякая окружность переходит снова в окружность (считается, что прямая есть окружность бесконечного радиуса, проходяшая через бесконечно удаленную точку). Тем самым дробно-линейное преобразование конформно отображает внутренность любого круга на внутренность или внешность нек-рого другого круга. Точки $z$ и $z^{*}$ называются с о пря жен ным и к окружности $\Gamma$, не являюшейся прямой, если они лежат на одном луче, исходящем из центра окружности, и произведение их расстояний от центра равно квадрату радиуса. Если Г - прямая, то точки $z$ и $z^{*}$ называются с о п ря же н ны м и, если одна из них переходит в другую при отражении относительно Г. Всякое дробно-линейное преобразование переводит точки $z$ и $z^{*}$, сопряженные относительно $\Gamma$, в точки $f(z)$ и $f\left(z^{*}\right)$, сопряженные относительно $f(\Gamma)$. Последнее свойство весьма полезно при выборе конкретных дробно-линейных преобразований.

2) Степенная функция

\[
f(z)=z^{\alpha}
\]

где $\alpha$ - положительное число, конформно отображает сектор

в сектор

\[
\varphi_{1}&lt;\arg z&lt;\varphi_{2}
\]

если

\[
\alpha \varphi_{1}&lt;\arg z&lt;\alpha \varphi_{2},
\]

\[
-\pi \leqslant \varphi_{1}&lt;\varphi_{2} \leqslant \pi \text { и } \alpha\left(\varphi_{2}-\varphi_{1}\right) \leqslant 2 \pi .
\]

При нарушении последнего неравенства функшия $f(z)$ перестает быть однолистной в секторе $\varphi_{1}&lt;\arg z&lt;\varphi_{2}$.

3) Показательная функция

\[
f(z)=e^{z}
\]

конформно отображает полосу $0&lt;\operatorname{Im} z&lt;2 \pi$ в единичный круг с разрезом вдоль вещественной положительной полуоси. При этом прямая $\operatorname{Im} z=\varphi$ переходит в луч $\arg z=\varphi$.

4) Функция Жуковского

\[
f(z)=1 / 2(z+1 / z)
\]

конформно отображает внешность единичного круга на внешность отрезка $[-1,1]$ вещественной оси. При этом окружность $|z|=r$ переходит в эллипс с полуосями $1 / 2(r+1 / r)$ и $1 / 2(r-1 / r)$ и с фокусами в точках \pm 1 .

5) Формула Кристоффеля-Шварца дает интегральное представление функции $f(z)$, отображающей верхнюю полуплоскость $\operatorname{Im} z&gt;0$ на внутренность многоугольника с вершинами $A_{k}$ и углами при вершинах $\pi \alpha_{k}, k=1,2, \ldots, n$ :

\[
f(z)=C \int_{z_{0}}^{z} \prod_{k=1}^{n}\left(t-a_{k}\right)^{\alpha_{k}-1} d t+C_{1},
\]

где $C, C_{1}$ - комплексные постоянные, $a_{k}$ - действительные числа, $a_{k}=f^{-1}\left(A_{k}\right),\left(t-a_{k}\right)^{d_{k}-1}-$ однозначные при $\operatorname{Im} t&gt;0$ ветви функций, положительные при $t&gt;a_{k} ; z_{0}&lt;a_{1}$, и точка $f\left(z_{0}\right)=C_{1}$ лежит на отрезке $A_{n} A_{1}$. Тройку чисел из $a_{k}$ можно задавать произвольно, остальные постоянные определяются однозначно. Эта формула справедлива и для многоугольников, у к-рых одна или несколько вершин лежат в бесконечно удаленной точке.

Лит. см. при ст. Аналитическая функиия.</text_orig>
</article>
