<?xml version="1.0" ?>
<article uri="http://libmeta.ru/fme/article/1381_KOORDINATNAJa" alphabetic_pos="1383">
  <title>КООРДИНАТНАЯ СКОРОСТЬ СВЕТА</title>
  <authors/>
  <pages>
    <start>288</start>
    <end>288</end>
  </pages>
  <literature>
    <literature_orig/>
  </literature>
  <formulas_main/>
  <formulas_aux/>
  <relations n="1">
    <relation uri="http://libmeta.ru/fme/relation/1381_1_KOORDINATNAJa">
      <rel_text>Скорость</rel_text>
      <target>http://libmeta.ru/fme/article/2800_SKOROST</target>
    </relation>
  </relations>
  <text>см. URI[[http://libmeta.ru/fme/relation/1381_1_KOORDINATNAJa]]/URI света.</text>
  <text_orig>сМ. СКорость света.</text_orig>
</article>
