<?xml version="1.0" ?>
<article uri="http://libmeta.ru/fme/article/1387_KOORDINATY" alphabetic_pos="1389">
  <title>КООРДИНАТЫ ТОЧКИ</title>
  <authors/>
  <pages>
    <start>288</start>
    <end>291</end>
  </pages>
  <literature>
    <literature_orig/>
  </literature>
  <formulas_main>
    <formula uri="http://libmeta.ru/fme/formula/main/1387_1_KOORDINATY">x=\text { const и } y=\text { const. }</formula>
    <formula uri="http://libmeta.ru/fme/formula/main/1387_2_KOORDINATY">u=\text { const } \text { и } v=\text { const, }</formula>
    <formula uri="http://libmeta.ru/fme/formula/main/1387_3_KOORDINATY">u=u(x, y), v=v(x, y),</formula>
    <formula uri="http://libmeta.ru/fme/formula/main/1387_4_KOORDINATY">l_{u}=\sqrt{\left(\frac{\partial x}{\partial u}\right)^{2}+\left(\frac{\partial y}{\partial u}\right)^{2}}, \quad l_{v}=\sqrt{\left(\frac{\partial x}{\partial v}\right)^{2}+\left(\frac{\partial y}{\partial v}\right)^{2}}</formula>
    <formula uri="http://libmeta.ru/fme/formula/main/1387_5_KOORDINATY">d l=\sqrt{l_{u}^{2} d u^{2}+l_{v}^{2} d v^{2}}</formula>
    <formula uri="http://libmeta.ru/fme/formula/main/1387_6_KOORDINATY">d S=l_{u} l_{v} d u d v</formula>
    <formula uri="http://libmeta.ru/fme/formula/main/1387_7_KOORDINATY">x=u \cos v, y=u \sin v</formula>
    <formula uri="http://libmeta.ru/fme/formula/main/1387_8_KOORDINATY">\Delta \psi=\frac{1}{u} \frac{\partial}{\partial u}\left(u \frac{\partial \psi}{\partial u}\right)+\frac{1}{u^{2}} \frac{\partial^{2} \psi}{\partial v^{2}}=\frac{\partial^{2} \psi}{\partial u^{2}}+\frac{1}{u} \frac{\partial \psi}{\partial u}+\frac{1}{u^{2}} \frac{\partial^{2} \psi}{\partial v^{2}} .</formula>
    <formula uri="http://libmeta.ru/fme/formula/main/1387_9_KOORDINATY">x=a u \cos v, y=b u \sin v,</formula>
    <formula uri="http://libmeta.ru/fme/formula/main/1387_10_KOORDINATY">x^{2}=\frac{\left(u+a^{2}\right)\left(v+a^{2}\right)}{a^{2}-b^{2}}, \quad y^{2}=\frac{\left(u+b^{2}\right)\left(v+b^{2}\right)}{b^{2}-a^{2}},</formula>
    <formula uri="http://libmeta.ru/fme/formula/main/1387_11_KOORDINATY">\frac{x^{2}}{p+a^{2}}+\frac{y^{2}}{p+b^{2}}=1</formula>
    <formula uri="http://libmeta.ru/fme/formula/main/1387_12_KOORDINATY">l_{u}=\frac{1}{2} \sqrt{\frac{u-v}{\left(u+a^{2}\right)\left(u+b^{2}\right)}}, \quad l_{v}=\frac{1}{2} \sqrt{\frac{v-u}{\left(v+a^{2}\right)\left(v+b^{2}\right)}} .</formula>
    <formula uri="http://libmeta.ru/fme/formula/main/1387_13_KOORDINATY">\bar{u}=\operatorname{sh}^{2} u, \bar{v}=-\sin ^{2} v</formula>
    <formula uri="http://libmeta.ru/fme/formula/main/1387_14_KOORDINATY">x=\operatorname{ch} u \cos v, y=\operatorname{sh} u \sin v,</formula>
    <formula uri="http://libmeta.ru/fme/formula/main/1387_15_KOORDINATY">\Delta \psi=\frac{1}{\operatorname{ch}^{2} u-\cos ^{2} v}\left(\frac{\partial^{2} \psi}{\partial u^{2}}+\frac{\partial^{2} \psi}{\partial v^{2}}\right)</formula>
    <formula uri="http://libmeta.ru/fme/formula/main/1387_16_KOORDINATY">x=u^{2}-v^{2}, y=2 u v</formula>
    <formula uri="http://libmeta.ru/fme/formula/main/1387_17_KOORDINATY">\Delta \psi=\frac{1}{4\left(u^{2}+v^{2}\right)}\left(\frac{\partial^{2} \psi}{\partial u^{2}}+\frac{\partial^{2} \psi}{\partial v^{2}}\right)</formula>
    <formula uri="http://libmeta.ru/fme/formula/main/1387_18_KOORDINATY">d l=\sqrt{L_{u}^{2} d u^{2}+L_{v}^{2} d v^{2}+L_{w}^{2} d w^{2}},</formula>
    <formula uri="http://libmeta.ru/fme/formula/main/1387_19_KOORDINATY">d \sigma=\sqrt{\left(L_{u} L_{v} d u d v\right)^{2}+\left(L_{u} L_{w} d u d w\right)^{2}+\left(L_{v} L_{w} d v d w\right)^{2}}</formula>
    <formula uri="http://libmeta.ru/fme/formula/main/1387_20_KOORDINATY">d V=L_{u} L_{v} L_{w} d u d v d w .</formula>
    <formula uri="http://libmeta.ru/fme/formula/main/1387_21_KOORDINATY">x=u \cos v, y=u \sin v, z=w</formula>
    <formula uri="http://libmeta.ru/fme/formula/main/1387_22_KOORDINATY">d \sigma=\sqrt{u^{2}(d u d v)^{2}+(d u d w)^{2}+u^{2}(d v d w)^{2}} .</formula>
    <formula uri="http://libmeta.ru/fme/formula/main/1387_23_KOORDINATY">\Delta \psi=\frac{\partial^{2} \psi}{\partial u^{2}}+\frac{1}{u} \frac{\partial \psi}{\partial u}+\frac{1}{u^{2}} \frac{\partial^{2} \psi}{\partial v^{2}}+\frac{\partial^{2} \psi}{\partial w^{2}} .</formula>
    <formula uri="http://libmeta.ru/fme/formula/main/1387_24_KOORDINATY">x=a u \cos v, y=b u \sin v, z=c w</formula>
    <formula uri="http://libmeta.ru/fme/formula/main/1387_25_KOORDINATY">x=u \cos v \sin w, \quad y=u \sin v \sin w, \quad z=u \cos w,</formula>
    <formula uri="http://libmeta.ru/fme/formula/main/1387_26_KOORDINATY">d \sigma=\sqrt{u^{2} \sin ^{2} w(d u d v)^{2}+u^{2}(d u d w)^{2}+u^{4} \sin ^{2} w(d v d w)^{2}} .</formula>
    <formula uri="http://libmeta.ru/fme/formula/main/1387_27_KOORDINATY">\begin{aligned}\Delta \psi &amp; =\frac{1}{u^{2}} \frac{\partial}{\partial u}\left(u^{2} \frac{\partial \psi}{\partial u}\right)+\frac{1}{u^{2} \sin ^{2} w} \frac{\partial^{2} \psi}{\partial v^{2}}+\frac{1}{u^{2} \sin w} \frac{\partial}{\partial w}\left(\sin w \frac{\partial \psi}{\partial w}\right)= \\&amp; =\frac{\partial^{2} \psi}{\partial u^{2}}+\frac{2}{u} \frac{\partial \psi}{\partial u}+\frac{1}{u^{2} \sin ^{2} w} \frac{\partial^{2} \psi}{\partial v^{2}}+\frac{1}{u^{2}} \frac{\partial^{2} \psi}{\partial w^{2}}+\frac{\operatorname{ctg} w}{u^{2}} \frac{\partial \psi}{\partial w} .\end{aligned}</formula>
    <formula uri="http://libmeta.ru/fme/formula/main/1387_28_KOORDINATY">\begin{aligned}x^{2} &amp; =\frac{\left(u+a^{2}\right)\left(v+a^{2}\right)\left(w+a^{2}\right)}{\left(b^{2}-a^{2}\right)\left(c^{2}-a^{2}\right)}, \\y^{2} &amp; =\frac{\left(u+b^{2}\right)\left(v+b^{2}\right)\left(w+b^{2}\right)}{\left(a^{2}-b^{2}\right)\left(c^{2}-b^{2}\right)}, \\z^{2} &amp; =\frac{\left(u+c^{2}\right)\left(v+c^{2}\right)\left(w+c^{2}\right)}{\left(a^{2}-c^{2}\right)\left(b^{2}-c^{2}\right)},\end{aligned}</formula>
    <formula uri="http://libmeta.ru/fme/formula/main/1387_29_KOORDINATY">\begin{aligned}&amp; L_{u}=\frac{1}{2} \sqrt{\frac{(u-v)(u-w)}{\left(u+a^{2}\right)\left(u+b^{2}\right)\left(u+c^{2}\right)}}, \\&amp; L_{v}=\frac{1}{2} \sqrt{\frac{(u-v)(w-v)}{\left(v+a^{2}\right)\left(v+b^{2}\right)\left(v+c^{2}\right)}}, \\&amp; L_{w}=\frac{1}{2} \sqrt{\frac{(u-w)(v-w)}{\left(w+a^{2}\right)\left(w+b^{2}\right)\left(w+c^{2}\right)}} .\end{aligned}</formula>
  </formulas_main>
  <formulas_aux>
    <formula uri="http://libmeta.ru/fme/formula/aux/1387_1_KOORDINATY">\mathrm{k}</formula>
    <formula uri="http://libmeta.ru/fme/formula/aux/1387_2_KOORDINATY">u</formula>
    <formula uri="http://libmeta.ru/fme/formula/aux/1387_3_KOORDINATY">v</formula>
    <formula uri="http://libmeta.ru/fme/formula/aux/1387_4_KOORDINATY">x</formula>
    <formula uri="http://libmeta.ru/fme/formula/aux/1387_5_KOORDINATY">y</formula>
    <formula uri="http://libmeta.ru/fme/formula/aux/1387_6_KOORDINATY">u</formula>
    <formula uri="http://libmeta.ru/fme/formula/aux/1387_7_KOORDINATY">v</formula>
    <formula uri="http://libmeta.ru/fme/formula/aux/1387_8_KOORDINATY">x</formula>
    <formula uri="http://libmeta.ru/fme/formula/aux/1387_9_KOORDINATY">y</formula>
    <formula uri="http://libmeta.ru/fme/formula/aux/1387_10_KOORDINATY">0 \leqslant u&lt;\infty, 0 \leqslant v&lt;2 \pi</formula>
    <formula uri="http://libmeta.ru/fme/formula/aux/1387_11_KOORDINATY">o</formula>
    <formula uri="http://libmeta.ru/fme/formula/aux/1387_12_KOORDINATY">u=</formula>
    <formula uri="http://libmeta.ru/fme/formula/aux/1387_13_KOORDINATY">)</formula>
    <formula uri="http://libmeta.ru/fme/formula/aux/1387_14_KOORDINATY">o \quad(v=</formula>
    <formula uri="http://libmeta.ru/fme/formula/aux/1387_15_KOORDINATY">)</formula>
    <formula uri="http://libmeta.ru/fme/formula/aux/1387_16_KOORDINATY">o</formula>
    <formula uri="http://libmeta.ru/fme/formula/aux/1387_17_KOORDINATY">u=0</formula>
    <formula uri="http://libmeta.ru/fme/formula/aux/1387_18_KOORDINATY">v</formula>
    <formula uri="http://libmeta.ru/fme/formula/aux/1387_19_KOORDINATY">0 \leqslant v&lt;2 \pi</formula>
    <formula uri="http://libmeta.ru/fme/formula/aux/1387_20_KOORDINATY">x O y</formula>
    <formula uri="http://libmeta.ru/fme/formula/aux/1387_21_KOORDINATY">u</formula>
    <formula uri="http://libmeta.ru/fme/formula/aux/1387_22_KOORDINATY">v</formula>
    <formula uri="http://libmeta.ru/fme/formula/aux/1387_23_KOORDINATY">u</formula>
    <formula uri="http://libmeta.ru/fme/formula/aux/1387_24_KOORDINATY">p</formula>
    <formula uri="http://libmeta.ru/fme/formula/aux/1387_25_KOORDINATY">o</formula>
    <formula uri="http://libmeta.ru/fme/formula/aux/1387_26_KOORDINATY">v</formula>
    <formula uri="http://libmeta.ru/fme/formula/aux/1387_27_KOORDINATY">x O P</formula>
    <formula uri="http://libmeta.ru/fme/formula/aux/1387_28_KOORDINATY">r, \rho, R</formula>
    <formula uri="http://libmeta.ru/fme/formula/aux/1387_29_KOORDINATY">\varphi, \psi, \theta</formula>
    <formula uri="http://libmeta.ru/fme/formula/aux/1387_30_KOORDINATY">l_{u}=1, l_{v}=u</formula>
    <formula uri="http://libmeta.ru/fme/formula/aux/1387_31_KOORDINATY">d l=\sqrt{d u^{2}+u^{2} d v^{2}}</formula>
    <formula uri="http://libmeta.ru/fme/formula/aux/1387_32_KOORDINATY">d S=u d u d v</formula>
    <formula uri="http://libmeta.ru/fme/formula/aux/1387_33_KOORDINATY">u</formula>
    <formula uri="http://libmeta.ru/fme/formula/aux/1387_34_KOORDINATY">v</formula>
    <formula uri="http://libmeta.ru/fme/formula/aux/1387_35_KOORDINATY">x</formula>
    <formula uri="http://libmeta.ru/fme/formula/aux/1387_36_KOORDINATY">y</formula>
    <formula uri="http://libmeta.ru/fme/formula/aux/1387_37_KOORDINATY">0 \leqslant u&lt;\infty, 0 \leqslant v&lt;2 \pi, a&gt;0, b&gt;0, a \neq b</formula>
    <formula uri="http://libmeta.ru/fme/formula/aux/1387_38_KOORDINATY">o</formula>
    <formula uri="http://libmeta.ru/fme/formula/aux/1387_39_KOORDINATY">a</formula>
    <formula uri="http://libmeta.ru/fme/formula/aux/1387_40_KOORDINATY">b</formula>
    <formula uri="http://libmeta.ru/fme/formula/aux/1387_41_KOORDINATY">u=</formula>
    <formula uri="http://libmeta.ru/fme/formula/aux/1387_42_KOORDINATY">)</formula>
    <formula uri="http://libmeta.ru/fme/formula/aux/1387_43_KOORDINATY">o</formula>
    <formula uri="http://libmeta.ru/fme/formula/aux/1387_44_KOORDINATY">v=</formula>
    <formula uri="http://libmeta.ru/fme/formula/aux/1387_45_KOORDINATY">d S=a b u d u d v</formula>
    <formula uri="http://libmeta.ru/fme/formula/aux/1387_46_KOORDINATY">u</formula>
    <formula uri="http://libmeta.ru/fme/formula/aux/1387_47_KOORDINATY">v</formula>
    <formula uri="http://libmeta.ru/fme/formula/aux/1387_48_KOORDINATY">x</formula>
    <formula uri="http://libmeta.ru/fme/formula/aux/1387_49_KOORDINATY">y</formula>
    <formula uri="http://libmeta.ru/fme/formula/aux/1387_50_KOORDINATY">-a^{2}&lt;v&lt;-b^{2}&lt;u&lt;\infty</formula>
    <formula uri="http://libmeta.ru/fme/formula/aux/1387_51_KOORDINATY">u=\mathrm{const})</formula>
    <formula uri="http://libmeta.ru/fme/formula/aux/1387_52_KOORDINATY">v=\mathrm{const})</formula>
    <formula uri="http://libmeta.ru/fme/formula/aux/1387_53_KOORDINATY">f_{1}\left(-\sqrt{a^{2}-b^{2}}, 0\right)</formula>
    <formula uri="http://libmeta.ru/fme/formula/aux/1387_54_KOORDINATY">f_{2}\left(\sqrt{a^{2}-b^{2}}, 0\right)</formula>
    <formula uri="http://libmeta.ru/fme/formula/aux/1387_55_KOORDINATY">u</formula>
    <formula uri="http://libmeta.ru/fme/formula/aux/1387_56_KOORDINATY">v</formula>
    <formula uri="http://libmeta.ru/fme/formula/aux/1387_57_KOORDINATY">x O y</formula>
    <formula uri="http://libmeta.ru/fme/formula/aux/1387_58_KOORDINATY">x</formula>
    <formula uri="http://libmeta.ru/fme/formula/aux/1387_59_KOORDINATY">y</formula>
    <formula uri="http://libmeta.ru/fme/formula/aux/1387_60_KOORDINATY">p</formula>
    <formula uri="http://libmeta.ru/fme/formula/aux/1387_61_KOORDINATY">\lambda, \mu</formula>
    <formula uri="http://libmeta.ru/fme/formula/aux/1387_62_KOORDINATY">\rho, \mu</formula>
    <formula uri="http://libmeta.ru/fme/formula/aux/1387_63_KOORDINATY">и</formula>
    <formula uri="http://libmeta.ru/fme/formula/aux/1387_64_KOORDINATY">v</formula>
    <formula uri="http://libmeta.ru/fme/formula/aux/1387_65_KOORDINATY">\bar{u}</formula>
    <formula uri="http://libmeta.ru/fme/formula/aux/1387_66_KOORDINATY">\bar{v}</formula>
    <formula uri="http://libmeta.ru/fme/formula/aux/1387_67_KOORDINATY">a=1, b=0</formula>
    <formula uri="http://libmeta.ru/fme/formula/aux/1387_68_KOORDINATY">x</formula>
    <formula uri="http://libmeta.ru/fme/formula/aux/1387_69_KOORDINATY">y-</formula>
    <formula uri="http://libmeta.ru/fme/formula/aux/1387_70_KOORDINATY">0 \leqslant u&lt;\infty, 0 \leqslant v&lt;2 \pi</formula>
    <formula uri="http://libmeta.ru/fme/formula/aux/1387_71_KOORDINATY">l_{u}=l_{v}=\sqrt{\operatorname{ch}^{2} u-\cos ^{2} v}</formula>
    <formula uri="http://libmeta.ru/fme/formula/aux/1387_72_KOORDINATY">d l=\sqrt{\operatorname{ch}^{2} u-\cos ^{2} v} \sqrt{d u^{2}+d v^{2}}</formula>
    <formula uri="http://libmeta.ru/fme/formula/aux/1387_73_KOORDINATY">d S=\left(\operatorname{ch}^{2} u-\cos ^{2} v\right) d u d v</formula>
    <formula uri="http://libmeta.ru/fme/formula/aux/1387_74_KOORDINATY">u</formula>
    <formula uri="http://libmeta.ru/fme/formula/aux/1387_75_KOORDINATY">v</formula>
    <formula uri="http://libmeta.ru/fme/formula/aux/1387_76_KOORDINATY">x</formula>
    <formula uri="http://libmeta.ru/fme/formula/aux/1387_77_KOORDINATY">\boldsymbol{y}</formula>
    <formula uri="http://libmeta.ru/fme/formula/aux/1387_78_KOORDINATY">-\infty&lt;u&lt;\infty, 0 \leqslant v&lt;\infty</formula>
    <formula uri="http://libmeta.ru/fme/formula/aux/1387_79_KOORDINATY">о \boldsymbol{x}</formula>
    <formula uri="http://libmeta.ru/fme/formula/aux/1387_80_KOORDINATY">l_{u}=l_{v}=2 \sqrt{u^{2}+v^{2}}</formula>
    <formula uri="http://libmeta.ru/fme/formula/aux/1387_81_KOORDINATY">d l=2 \sqrt{u^{2}+v^{2}} \sqrt{d u^{2}+d v^{2}}</formula>
    <formula uri="http://libmeta.ru/fme/formula/aux/1387_82_KOORDINATY">\operatorname{toh}</formula>
    <formula uri="http://libmeta.ru/fme/formula/aux/1387_83_KOORDINATY">d S=4\left(u^{2}+v^{2}\right) d u d v</formula>
    <formula uri="http://libmeta.ru/fme/formula/aux/1387_84_KOORDINATY">\varphi</formula>
    <formula uri="http://libmeta.ru/fme/formula/aux/1387_85_KOORDINATY">\theta</formula>
    <formula uri="http://libmeta.ru/fme/formula/aux/1387_86_KOORDINATY">\varphi=</formula>
    <formula uri="http://libmeta.ru/fme/formula/aux/1387_87_KOORDINATY">\theta=</formula>
    <formula uri="http://libmeta.ru/fme/formula/aux/1387_88_KOORDINATY">p</formula>
    <formula uri="http://libmeta.ru/fme/formula/aux/1387_89_KOORDINATY">(u, v)</formula>
    <formula uri="http://libmeta.ru/fme/formula/aux/1387_90_KOORDINATY">p_{0}</formula>
    <formula uri="http://libmeta.ru/fme/formula/aux/1387_91_KOORDINATY">(u, v)</formula>
    <formula uri="http://libmeta.ru/fme/formula/aux/1387_92_KOORDINATY">l_{u}, L_{v}</formula>
    <formula uri="http://libmeta.ru/fme/formula/aux/1387_93_KOORDINATY">l_{\boldsymbol{w}}</formula>
    <formula uri="http://libmeta.ru/fme/formula/aux/1387_94_KOORDINATY">u, v</formula>
    <formula uri="http://libmeta.ru/fme/formula/aux/1387_95_KOORDINATY">w</formula>
    <formula uri="http://libmeta.ru/fme/formula/aux/1387_96_KOORDINATY">x, y</formula>
    <formula uri="http://libmeta.ru/fme/formula/aux/1387_97_KOORDINATY">z</formula>
    <formula uri="http://libmeta.ru/fme/formula/aux/1387_98_KOORDINATY">0 \leqslant u&lt;\infty, 0 \leqslant v&lt;2 \pi,-\infty&lt;w&lt;\infty</formula>
    <formula uri="http://libmeta.ru/fme/formula/aux/1387_99_KOORDINATY">o z</formula>
    <formula uri="http://libmeta.ru/fme/formula/aux/1387_100_KOORDINATY">u=</formula>
    <formula uri="http://libmeta.ru/fme/formula/aux/1387_101_KOORDINATY">o z</formula>
    <formula uri="http://libmeta.ru/fme/formula/aux/1387_102_KOORDINATY">v=</formula>
    <formula uri="http://libmeta.ru/fme/formula/aux/1387_103_KOORDINATY">x O y(w=</formula>
    <formula uri="http://libmeta.ru/fme/formula/aux/1387_104_KOORDINATY">)</formula>
    <formula uri="http://libmeta.ru/fme/formula/aux/1387_105_KOORDINATY">u</formula>
    <formula uri="http://libmeta.ru/fme/formula/aux/1387_106_KOORDINATY">v</formula>
    <formula uri="http://libmeta.ru/fme/formula/aux/1387_107_KOORDINATY">x O y, w-</formula>
    <formula uri="http://libmeta.ru/fme/formula/aux/1387_108_KOORDINATY">r, \varphi, z</formula>
    <formula uri="http://libmeta.ru/fme/formula/aux/1387_109_KOORDINATY">\rho, \varphi</formula>
    <formula uri="http://libmeta.ru/fme/formula/aux/1387_110_KOORDINATY">z</formula>
    <formula uri="http://libmeta.ru/fme/formula/aux/1387_111_KOORDINATY">\rho, \theta, z</formula>
    <formula uri="http://libmeta.ru/fme/formula/aux/1387_112_KOORDINATY">l_{u}=l_{w}=1, L_{v}=u</formula>
    <formula uri="http://libmeta.ru/fme/formula/aux/1387_113_KOORDINATY">d l=\sqrt{d u^{2}+u^{2} d v^{2}+d w^{2}}</formula>
    <formula uri="http://libmeta.ru/fme/formula/aux/1387_114_KOORDINATY">d V=u d u d v d w</formula>
    <formula uri="http://libmeta.ru/fme/formula/aux/1387_115_KOORDINATY">u, v</formula>
    <formula uri="http://libmeta.ru/fme/formula/aux/1387_116_KOORDINATY">w</formula>
    <formula uri="http://libmeta.ru/fme/formula/aux/1387_117_KOORDINATY">x, y</formula>
    <formula uri="http://libmeta.ru/fme/formula/aux/1387_118_KOORDINATY">z</formula>
    <formula uri="http://libmeta.ru/fme/formula/aux/1387_119_KOORDINATY">0 \leqslant u&lt;\infty, 0 \leqslant v&lt;2 \pi,-\infty&lt;w&lt;\infty, a&gt;0, b&gt;0, c&gt;0, a \neq b</formula>
    <formula uri="http://libmeta.ru/fme/formula/aux/1387_120_KOORDINATY">o z</formula>
    <formula uri="http://libmeta.ru/fme/formula/aux/1387_121_KOORDINATY">x O y</formula>
    <formula uri="http://libmeta.ru/fme/formula/aux/1387_122_KOORDINATY">d V=a b c u d u d v d w</formula>
    <formula uri="http://libmeta.ru/fme/formula/aux/1387_123_KOORDINATY">u, v</formula>
    <formula uri="http://libmeta.ru/fme/formula/aux/1387_124_KOORDINATY">w</formula>
    <formula uri="http://libmeta.ru/fme/formula/aux/1387_125_KOORDINATY">x, y</formula>
    <formula uri="http://libmeta.ru/fme/formula/aux/1387_126_KOORDINATY">z</formula>
    <formula uri="http://libmeta.ru/fme/formula/aux/1387_127_KOORDINATY">0 \leqslant u&lt;\infty, 0 \leqslant v&lt;2 \pi, 0 \leqslant w \leqslant \pi</formula>
    <formula uri="http://libmeta.ru/fme/formula/aux/1387_128_KOORDINATY">o</formula>
    <formula uri="http://libmeta.ru/fme/formula/aux/1387_129_KOORDINATY">u=\mathrm{const}</formula>
    <formula uri="http://libmeta.ru/fme/formula/aux/1387_130_KOORDINATY">\mathrm{oz}</formula>
    <formula uri="http://libmeta.ru/fme/formula/aux/1387_131_KOORDINATY">v=</formula>
    <formula uri="http://libmeta.ru/fme/formula/aux/1387_132_KOORDINATY">o</formula>
    <formula uri="http://libmeta.ru/fme/formula/aux/1387_133_KOORDINATY">o z</formula>
    <formula uri="http://libmeta.ru/fme/formula/aux/1387_134_KOORDINATY">w=</formula>
    <formula uri="http://libmeta.ru/fme/formula/aux/1387_135_KOORDINATY">u</formula>
    <formula uri="http://libmeta.ru/fme/formula/aux/1387_136_KOORDINATY">p</formula>
    <formula uri="http://libmeta.ru/fme/formula/aux/1387_137_KOORDINATY">o</formula>
    <formula uri="http://libmeta.ru/fme/formula/aux/1387_138_KOORDINATY">v-</formula>
    <formula uri="http://libmeta.ru/fme/formula/aux/1387_139_KOORDINATY">x O P^{\prime}</formula>
    <formula uri="http://libmeta.ru/fme/formula/aux/1387_140_KOORDINATY">w-</formula>
    <formula uri="http://libmeta.ru/fme/formula/aux/1387_141_KOORDINATY">z O P</formula>
    <formula uri="http://libmeta.ru/fme/formula/aux/1387_142_KOORDINATY">\pi / 2-w</formula>
    <formula uri="http://libmeta.ru/fme/formula/aux/1387_143_KOORDINATY">\rho, \varphi, \theta</formula>
    <formula uri="http://libmeta.ru/fme/formula/aux/1387_144_KOORDINATY">r, \varphi, \theta</formula>
    <formula uri="http://libmeta.ru/fme/formula/aux/1387_145_KOORDINATY">l_{u}=1, L_{v}=u \sin w, L_{w}=u</formula>
    <formula uri="http://libmeta.ru/fme/formula/aux/1387_146_KOORDINATY">d l=\sqrt{d u^{2}+u^{2} \sin ^{2} w d v^{2}+u^{2} d w^{2}}</formula>
    <formula uri="http://libmeta.ru/fme/formula/aux/1387_147_KOORDINATY">d V=u^{2} \sin w d u d v d w</formula>
    <formula uri="http://libmeta.ru/fme/formula/aux/1387_148_KOORDINATY">u, v</formula>
    <formula uri="http://libmeta.ru/fme/formula/aux/1387_149_KOORDINATY">w</formula>
    <formula uri="http://libmeta.ru/fme/formula/aux/1387_150_KOORDINATY">\boldsymbol{x}, \boldsymbol{y}</formula>
    <formula uri="http://libmeta.ru/fme/formula/aux/1387_151_KOORDINATY">\boldsymbol{z}</formula>
    <formula uri="http://libmeta.ru/fme/formula/aux/1387_152_KOORDINATY">-a^{2}&lt;w&lt;-b^{2}&lt;v&lt;-c^{2}&lt;u&lt;\infty</formula>
    <formula uri="http://libmeta.ru/fme/formula/aux/1387_153_KOORDINATY">u=</formula>
    <formula uri="http://libmeta.ru/fme/formula/aux/1387_154_KOORDINATY">v=\mathrm{const})</formula>
    <formula uri="http://libmeta.ru/fme/formula/aux/1387_155_KOORDINATY">w=</formula>
    <formula uri="http://libmeta.ru/fme/formula/aux/1387_156_KOORDINATY">)</formula>
    <formula uri="http://libmeta.ru/fme/formula/aux/1387_157_KOORDINATY">o x y z</formula>
    <formula uri="http://libmeta.ru/fme/formula/aux/1387_158_KOORDINATY">u, v</formula>
    <formula uri="http://libmeta.ru/fme/formula/aux/1387_159_KOORDINATY">\boldsymbol{w}</formula>
    <formula uri="http://libmeta.ru/fme/formula/aux/1387_160_KOORDINATY">p(x, y, z)</formula>
    <formula uri="http://libmeta.ru/fme/formula/aux/1387_161_KOORDINATY">x, y</formula>
    <formula uri="http://libmeta.ru/fme/formula/aux/1387_162_KOORDINATY">z</formula>
    <formula uri="http://libmeta.ru/fme/formula/aux/1387_163_KOORDINATY">p</formula>
    <formula uri="http://libmeta.ru/fme/formula/aux/1387_164_KOORDINATY">\frac{x^{2}}{p+a^{2}}+\frac{y^{2}}{p+b^{2}}+\frac{z^{2}}{p+c^{2}}=1</formula>
    <formula uri="http://libmeta.ru/fme/formula/aux/1387_165_KOORDINATY">\lambda, \mu, v</formula>
    <formula uri="http://libmeta.ru/fme/formula/aux/1387_166_KOORDINATY">\rho, \mu, v</formula>
    <formula uri="http://libmeta.ru/fme/formula/aux/1387_167_KOORDINATY">a^{2}&gt;b^{2}&gt;c^{2} \geqslant 0</formula>
    <formula uri="http://libmeta.ru/fme/formula/aux/1387_168_KOORDINATY">n=2</formula>
    <formula uri="http://libmeta.ru/fme/formula/aux/1387_169_KOORDINATY">n=3</formula>
    <formula uri="http://libmeta.ru/fme/formula/aux/1387_170_KOORDINATY">\boldsymbol{n}</formula>
    <formula uri="http://libmeta.ru/fme/formula/aux/1387_171_KOORDINATY">n</formula>
    <formula uri="http://libmeta.ru/fme/formula/aux/1387_172_KOORDINATY">n</formula>
    <formula uri="http://libmeta.ru/fme/formula/aux/1387_173_KOORDINATY">m&gt;n</formula>
    <formula uri="http://libmeta.ru/fme/formula/aux/1387_174_KOORDINATY">\left(a_{1}, a_{2}, a_{3}, b_{1}, b_{2}, b_{3}\right)</formula>
    <formula uri="http://libmeta.ru/fme/formula/aux/1387_175_KOORDINATY">x=a_{1} t+b_{1}, y=a_{2} t+b_{2}</formula>
    <formula uri="http://libmeta.ru/fme/formula/aux/1387_176_KOORDINATY">z=a_{3} t+b_{3}</formula>
  </formulas_aux>
  <relations n="0"/>
  <text>числа, определяющие ее положение на плоскости, поверхности, в пространстве.

Важнейшими системами K. на плоскости являются декарто вы (прямоугольные и косоугольные) коорд и н а т Ы.

В декартовой системе К Л. линиями, для К-рых одна из $URI[[http://libmeta.ru/fme/formula/aux/1387_1_KOORDINATY]]/URI$. остается постоянной (координатными линиями), являются прямые, параллельные осям К.:

\[
URI[[http://libmeta.ru/fme/formula/main/1387_1_KOORDINATY]]/URI
\]

Если на плоскости заданы два семейства линий (не обязательно прямых), зависящих каждое от одного параметра:

\[
URI[[http://libmeta.ru/fme/formula/main/1387_2_KOORDINATY]]/URI
\]

и таких, что через каждую точку плоскости проходит по одной линии каждого семейства, то приходят к понятию криволинейных К.

Криволинейные координаты точки - значения параметров, соответствующих линиям (координатным), проходящим через эту точку. В случае, когда всякие две координатные линии из различных семейств пересекаются под прямым углом, система криволинейных К. называется ортогональной. Криволинейные К. $URI[[http://libmeta.ru/fme/formula/aux/1387_2_KOORDINATY]]/URI$ и $URI[[http://libmeta.ru/fme/formula/aux/1387_3_KOORDINATY]]/URI$ на плоскости обычно задаются уравнениями

\[
URI[[http://libmeta.ru/fme/formula/main/1387_3_KOORDINATY]]/URI
\]

связывающими их с декартовыми К. $URI[[http://libmeta.ru/fme/formula/aux/1387_4_KOORDINATY]]/URI$ и $URI[[http://libmeta.ru/fme/formula/aux/1387_5_KOORDINATY]]/URI$. Через Ламе коэффициенты

\[
URI[[http://libmeta.ru/fme/formula/main/1387_4_KOORDINATY]]/URI
\]

в системе ортогональных криволинейных К. определяются элемент длины

\[
URI[[http://libmeta.ru/fme/formula/main/1387_5_KOORDINATY]]/URI
\]

и элемент площади

\[
URI[[http://libmeta.ru/fme/formula/main/1387_6_KOORDINATY]]/URI
\]

Важнейшими системами криволинейных К. на плоскости являются следующие. ![](https://cdn.mathpix.com/cropped/2023_07_08_a99663d1c17a0847ac90g-1.jpg?height=354&amp;width=358&amp;top_left_y=21&amp;top_left_x=75)

Рис. 1. Координатные линии полярных координат. Полярные координаты - числа $URI[[http://libmeta.ru/fme/formula/aux/1387_6_KOORDINATY]]/URI$ и $URI[[http://libmeta.ru/fme/formula/aux/1387_7_KOORDINATY]]/URI$, связанные с прямоугольными К. $URI[[http://libmeta.ru/fme/formula/aux/1387_8_KOORDINATY]]/URI$ и $URI[[http://libmeta.ru/fme/formula/aux/1387_9_KOORDINATY]]/URI$ формулами

\[
URI[[http://libmeta.ru/fme/formula/main/1387_7_KOORDINATY]]/URI
\]

где $URI[[http://libmeta.ru/fme/formula/aux/1387_10_KOORDINATY]]/URI$. Координатные линии (см. рис. 1): концентрич. окружности с центром $URI[[http://libmeta.ru/fme/formula/aux/1387_11_KOORDINATY]]/URI$ ( $URI[[http://libmeta.ru/fme/formula/aux/1387_12_KOORDINATY]]/URI$ const $URI[[http://libmeta.ru/fme/formula/aux/1387_13_KOORDINATY]]/URI$ и лучи, исходящие из $URI[[http://libmeta.ru/fme/formula/aux/1387_14_KOORDINATY]]/URI$ const $URI[[http://libmeta.ru/fme/formula/aux/1387_15_KOORDINATY]]/URI$. Система полярных К.- ортогональная. За исключением точки $URI[[http://libmeta.ru/fme/formula/aux/1387_16_KOORDINATY]]/URI$, для к-рой $URI[[http://libmeta.ru/fme/formula/aux/1387_17_KOORDINATY]]/URI$, а $URI[[http://libmeta.ru/fme/formula/aux/1387_18_KOORDINATY]]/URI$ не определено (может быть любым числом $URI[[http://libmeta.ru/fme/formula/aux/1387_19_KOORDINATY]]/URI$ ), каждой точке плоскости $URI[[http://libmeta.ru/fme/formula/aux/1387_20_KOORDINATY]]/URI$ соответствует пара чисел $URI[[http://libmeta.ru/fme/formula/aux/1387_21_KOORDINATY]]/URI$ и $URI[[http://libmeta.ru/fme/formula/aux/1387_22_KOORDINATY]]/URI$, и обратно. Геометрич. смысл: $URI[[http://libmeta.ru/fme/formula/aux/1387_23_KOORDINATY]]/URI$ расстояние (поля рны й радиус) точки $URI[[http://libmeta.ru/fme/formula/aux/1387_24_KOORDINATY]]/URI$ от точки $URI[[http://libmeta.ru/fme/formula/aux/1387_25_KOORDINATY]]/URI$ (пол юс а), $URI[[http://libmeta.ru/fme/formula/aux/1387_26_KOORDINATY]]/URI$ - угол $URI[[http://libmeta.ru/fme/formula/aux/1387_27_KOORDINATY]]/URI$ (поля р ны й угол). Полярный радиус часто обозначается через $URI[[http://libmeta.ru/fme/formula/aux/1387_28_KOORDINATY]]/URI$, а полярный угол через $URI[[http://libmeta.ru/fme/formula/aux/1387_29_KOORDINATY]]/URI$.

Коэффициенты Ламе: $URI[[http://libmeta.ru/fme/formula/aux/1387_30_KOORDINATY]]/URI$.

Элемент длины: $URI[[http://libmeta.ru/fme/formula/aux/1387_31_KOORDINATY]]/URI$.

Элемент площади: $URI[[http://libmeta.ru/fme/formula/aux/1387_32_KOORDINATY]]/URI$.

Оператор Лапласа:

\[
URI[[http://libmeta.ru/fme/formula/main/1387_8_KOORDINATY]]/URI
\]

Обобщенные полярные координаты - числа $URI[[http://libmeta.ru/fme/formula/aux/1387_33_KOORDINATY]]/URI$ и $URI[[http://libmeta.ru/fme/formula/aux/1387_34_KOORDINATY]]/URI$, связанные с прямоугольными К. $URI[[http://libmeta.ru/fme/formula/aux/1387_35_KOORDINATY]]/URI$ и $URI[[http://libmeta.ru/fme/formula/aux/1387_36_KOORDINATY]]/URI$ формулами

\[
URI[[http://libmeta.ru/fme/formula/main/1387_9_KOORDINATY]]/URI
\]

где $URI[[http://libmeta.ru/fme/formula/aux/1387_37_KOORDINATY]]/URI$. Координатные линии: эллипсы с центром $URI[[http://libmeta.ru/fme/formula/aux/1387_38_KOORDINATY]]/URI$ и полуосями, пропорциональными $URI[[http://libmeta.ru/fme/formula/aux/1387_39_KOORDINATY]]/URI$ и $URI[[http://libmeta.ru/fme/formula/aux/1387_40_KOORDINATY]]/URI$ ( $URI[[http://libmeta.ru/fme/formula/aux/1387_41_KOORDINATY]]/URI$ const $URI[[http://libmeta.ru/fme/formula/aux/1387_42_KOORDINATY]]/URI$, и лучи, исходящие из $URI[[http://libmeta.ru/fme/formula/aux/1387_43_KOORDINATY]]/URI$ ( $URI[[http://libmeta.ru/fme/formula/aux/1387_44_KOORDINATY]]/URI$ const).

Элемент площади: $URI[[http://libmeta.ru/fme/formula/aux/1387_45_KOORDINATY]]/URI$.

Эллиптические координаты - числа $URI[[http://libmeta.ru/fme/formula/aux/1387_46_KOORDINATY]]/URI$ и $URI[[http://libmeta.ru/fme/formula/aux/1387_47_KOORDINATY]]/URI$, связанные с прямоугольными К. $URI[[http://libmeta.ru/fme/formula/aux/1387_48_KOORDINATY]]/URI$ и $URI[[http://libmeta.ru/fme/formula/aux/1387_49_KOORDINATY]]/URI$ формулами

\[
URI[[http://libmeta.ru/fme/formula/main/1387_10_KOORDINATY]]/URI
\]

где $URI[[http://libmeta.ru/fme/formula/aux/1387_50_KOORDINATY]]/URI$. Координатные линии (см. рис. 2): софокусные эллипсы ( $URI[[http://libmeta.ru/fme/formula/aux/1387_51_KOORDINATY]]/URI$ и гиперболы ( $URI[[http://libmeta.ru/fme/formula/aux/1387_52_KOORDINATY]]/URI$ с фокусами $URI[[http://libmeta.ru/fme/formula/aux/1387_53_KOORDINATY]]/URI$ и $URI[[http://libmeta.ru/fme/formula/aux/1387_54_KOORDINATY]]/URI$. Система эллиптич. К.- ортогональная. Каждой паре чисел $URI[[http://libmeta.ru/fme/formula/aux/1387_55_KOORDINATY]]/URI$ и $URI[[http://libmeta.ru/fme/formula/aux/1387_56_KOORDINATY]]/URI$ соответствуют четыре точки, по одной в каждом квадранте плоскости $URI[[http://libmeta.ru/fme/formula/aux/1387_57_KOORDINATY]]/URI$, симметричные друг другу относительно осей К. При фиксированных К. $URI[[http://libmeta.ru/fme/formula/aux/1387_58_KOORDINATY]]/URI$ и $URI[[http://libmeta.ru/fme/formula/aux/1387_59_KOORDINATY]]/URI$ нек-рой точки уравнение (относительно $URI[[http://libmeta.ru/fme/formula/aux/1387_60_KOORDINATY]]/URI$ ):

\[
URI[[http://libmeta.ru/fme/formula/main/1387_11_KOORDINATY]]/URI
\]

имеет два действительных корня - эллиптич. К. этой точки. Общепринятые обозначения: $URI[[http://libmeta.ru/fme/formula/aux/1387_61_KOORDINATY]]/URI$ или $URI[[http://libmeta.ru/fme/formula/aux/1387_62_KOORDINATY]]/URI$.

Коэффициенты Ламе:

\[
URI[[http://libmeta.ru/fme/formula/main/1387_12_KOORDINATY]]/URI
\]

Вырожденные эллиптические координаты $URI[[http://libmeta.ru/fme/formula/aux/1387_63_KOORDINATY]]/URI$ и $URI[[http://libmeta.ru/fme/formula/aux/1387_64_KOORDINATY]]/URI$ связаны с эллиптич. К. $URI[[http://libmeta.ru/fme/formula/aux/1387_65_KOORDINATY]]/URI$ и $URI[[http://libmeta.ru/fme/formula/aux/1387_66_KOORDINATY]]/URI$ (при $URI[[http://libmeta.ru/fme/formula/aux/1387_67_KOORDINATY]]/URI$ ) формулами

\[
URI[[http://libmeta.ru/fme/formula/main/1387_13_KOORDINATY]]/URI
\]

и с прямоугольными К. $URI[[http://libmeta.ru/fme/formula/aux/1387_68_KOORDINATY]]/URI$ и $URI[[http://libmeta.ru/fme/formula/aux/1387_69_KOORDINATY]]/URI$ формулами

\[
URI[[http://libmeta.ru/fme/formula/main/1387_14_KOORDINATY]]/URI
\]

где $URI[[http://libmeta.ru/fme/formula/aux/1387_70_KOORDINATY]]/URI$. Иногда эти К. также называют

э л л и п т и ч е с к и м и.
Коэффициенты Ламе: $URI[[http://libmeta.ru/fme/formula/aux/1387_71_KOORDINATY]]/URI$.

Элемент длины: $URI[[http://libmeta.ru/fme/formula/aux/1387_72_KOORDINATY]]/URI$.

Элемент площади: $URI[[http://libmeta.ru/fme/formula/aux/1387_73_KOORDINATY]]/URI$.

Оператор Лапласа:

\[
URI[[http://libmeta.ru/fme/formula/main/1387_15_KOORDINATY]]/URI
\]

![](https://cdn.mathpix.com/cropped/2023_07_08_a99663d1c17a0847ac90g-1.jpg?height=319&amp;width=412&amp;top_left_y=87&amp;top_left_x=947)

Рис. 2. Координатные линии эллиптических координат.

Параболические коо рдинаты - числа $URI[[http://libmeta.ru/fme/formula/aux/1387_74_KOORDINATY]]/URI$ и $URI[[http://libmeta.ru/fme/formula/aux/1387_75_KOORDINATY]]/URI$, связанные с прямоугольными К. $URI[[http://libmeta.ru/fme/formula/aux/1387_76_KOORDINATY]]/URI$ и $URI[[http://libmeta.ru/fme/formula/aux/1387_77_KOORDINATY]]/URI$ формулами

\[
URI[[http://libmeta.ru/fme/formula/main/1387_16_KOORDINATY]]/URI
\]

где $URI[[http://libmeta.ru/fme/formula/aux/1387_78_KOORDINATY]]/URI$. Координатные линии (см. рис. 3): две системы взаимно ортогональных парабол с осями, лежащими на оси $URI[[http://libmeta.ru/fme/formula/aux/1387_79_KOORDINATY]]/URI$ и противоположно направленными.

Коэффициенты Ламе: $URI[[http://libmeta.ru/fme/formula/aux/1387_80_KOORDINATY]]/URI$.

Элемент длины: $URI[[http://libmeta.ru/fme/formula/aux/1387_81_KOORDINATY]]/URI$.

$URI[[http://libmeta.ru/fme/formula/aux/1387_82_KOORDINATY]]/URI$

Элемент площади: $URI[[http://libmeta.ru/fme/formula/aux/1387_83_KOORDINATY]]/URI$.

Оператор Лапласа:

\[
URI[[http://libmeta.ru/fme/formula/main/1387_17_KOORDINATY]]/URI
\]

Аналогично декартовым К. на плоскости могут быть введены криволинейны е координаты на пов е р х н о с т и. Напр., для случая долготы $URI[[http://libmeta.ru/fme/formula/aux/1387_84_KOORDINATY]]/URI$ и широты $URI[[http://libmeta.ru/fme/formula/aux/1387_85_KOORDINATY]]/URI$ на сфере координатными линиями $URI[[http://libmeta.ru/fme/formula/aux/1387_86_KOORDINATY]]/URI$ const являются меридианы, а линиями $URI[[http://libmeta.ru/fme/formula/aux/1387_87_KOORDINATY]]/URI$ const - широтные круги. Криволинейные, или, как их иначе называют, га у с с о в ы, К. на поверхности являются основным аппаратом дифференциальной геометрии поверхностей.

Следует иметь в виду, что даже на «гладких» поверхностях криволинейные К., подчиненные требованию непрерывного и взаимно однозначного соответствия между точками $URI[[http://libmeta.ru/fme/formula/aux/1387_88_KOORDINATY]]/URI$ и парами чисел $URI[[http://libmeta.ru/fme/formula/aux/1387_89_KOORDINATY]]/URI$, могут, вообще говоря, быть введены только «локально» в окрестности произвольно заданной точки $URI[[http://libmeta.ru/fme/formula/aux/1387_90_KOORDINATY]]/URI$. При выходе из области, где определена данная система К. $URI[[http://libmeta.ru/fme/formula/aux/1387_91_KOORDINATY]]/URI$, приходится переходить к другой системе K. Уже обычные географич. K. на сфере в окрестности полюсов (так как долгота полюса неопределенна) должны быть заменены (при желании сохранить взаимную однозначность и непрерывность соответствия) какой-либо другой системой.

Важнейшими системами К. в пространстве являются д е ка р т о в ы (прямоугольные) к о о р д и на ты. Определение к р и в олин е й ных К. в пространстве может быть дано аналогично плоскому случаю; надо лишь исходить из трех однопараметрич. семейств коорди натных пов е р х ностей. Аналогично же определяются ортогональные криволинейные К., коэффициенты Ламе $URI[[http://libmeta.ru/fme/formula/aux/1387_92_KOORDINATY]]/URI$ и $URI[[http://libmeta.ru/fme/formula/aux/1387_93_KOORDINATY]]/URI$ и через них элемент длины

\[
URI[[http://libmeta.ru/fme/formula/main/1387_18_KOORDINATY]]/URI
\]

элемент площади поверхности

\[
URI[[http://libmeta.ru/fme/formula/main/1387_19_KOORDINATY]]/URI
\]

и элемент объема

\[
URI[[http://libmeta.ru/fme/formula/main/1387_20_KOORDINATY]]/URI
\]

Важнейшими системами криволинейных К. в пространстве являются следующие. Цилиндрические координаты-числа $URI[[http://libmeta.ru/fme/formula/aux/1387_94_KOORDINATY]]/URI$ и $URI[[http://libmeta.ru/fme/formula/aux/1387_95_KOORDINATY]]/URI$, связанные с прямоугольными К. $URI[[http://libmeta.ru/fme/formula/aux/1387_96_KOORDINATY]]/URI$ и $URI[[http://libmeta.ru/fme/formula/aux/1387_97_KOORDINATY]]/URI$ формулами

\[
URI[[http://libmeta.ru/fme/formula/main/1387_21_KOORDINATY]]/URI
\]

где $URI[[http://libmeta.ru/fme/formula/aux/1387_98_KOORDINATY]]/URI$. Координатные поверхности (см. рис. 4): соосные с осью $URI[[http://libmeta.ru/fme/formula/aux/1387_99_KOORDINATY]]/URI$ круговые цилиндры ( $URI[[http://libmeta.ru/fme/formula/aux/1387_100_KOORDINATY]]/URI$ const); полуплоскости, проходящие через ось $URI[[http://libmeta.ru/fme/formula/aux/1387_101_KOORDINATY]]/URI$ ( $URI[[http://libmeta.ru/fme/formula/aux/1387_102_KOORDINATY]]/URI$ const); плоскости, параллельные $URI[[http://libmeta.ru/fme/formula/aux/1387_103_KOORDINATY]]/URI$ const $URI[[http://libmeta.ru/fme/formula/aux/1387_104_KOORDINATY]]/URI$. Система цилиндрич. К.- ортогональная. Геометрич. смысл: $URI[[http://libmeta.ru/fme/formula/aux/1387_105_KOORDINATY]]/URI$ и $URI[[http://libmeta.ru/fme/formula/aux/1387_106_KOORDINATY]]/URI$ - полярные К. проекции точки на плоскость $URI[[http://libmeta.ru/fme/formula/aux/1387_107_KOORDINATY]]/URI$ еe аппликата. Цилиндрич. К. часто обозначают $URI[[http://libmeta.ru/fme/formula/aux/1387_108_KOORDINATY]]/URI$ или $URI[[http://libmeta.ru/fme/formula/aux/1387_109_KOORDINATY]]/URI$, $URI[[http://libmeta.ru/fme/formula/aux/1387_110_KOORDINATY]]/URI$, или $URI[[http://libmeta.ru/fme/formula/aux/1387_111_KOORDINATY]]/URI$.

Коэффициенты Ламе: $URI[[http://libmeta.ru/fme/formula/aux/1387_112_KOORDINATY]]/URI$.

Элемент длины: $URI[[http://libmeta.ru/fme/formula/aux/1387_113_KOORDINATY]]/URI$.

Элемент площади поверхности:

\[
URI[[http://libmeta.ru/fme/formula/main/1387_22_KOORDINATY]]/URI
\]

Элемент объема: $URI[[http://libmeta.ru/fme/formula/aux/1387_114_KOORDINATY]]/URI$.

Оператор Лапласа:

\[
URI[[http://libmeta.ru/fme/formula/main/1387_23_KOORDINATY]]/URI
\]

Обобщенны е цилинд рические координа ты - числа $URI[[http://libmeta.ru/fme/formula/aux/1387_115_KOORDINATY]]/URI$ и $URI[[http://libmeta.ru/fme/formula/aux/1387_116_KOORDINATY]]/URI$, связанные с прямоугольными К. $URI[[http://libmeta.ru/fme/formula/aux/1387_117_KOORDINATY]]/URI$ и $URI[[http://libmeta.ru/fme/formula/aux/1387_118_KOORDINATY]]/URI$ формулами

\[
URI[[http://libmeta.ru/fme/formula/main/1387_24_KOORDINATY]]/URI
\]

где $URI[[http://libmeta.ru/fme/formula/aux/1387_119_KOORDINATY]]/URI$. Координатные поверхности: соосные с осью $URI[[http://libmeta.ru/fme/formula/aux/1387_120_KOORDINATY]]/URI$ эллиптич. цилиндры; полуплоскости, проходящие через Oz; плоскости, параллельные $URI[[http://libmeta.ru/fme/formula/aux/1387_121_KOORDINATY]]/URI$.

Элемент объема: $URI[[http://libmeta.ru/fme/formula/aux/1387_122_KOORDINATY]]/URI$.

![](https://cdn.mathpix.com/cropped/2023_07_08_d6fc33967727ad7a333ag-1.jpg?height=428&amp;width=323&amp;top_left_y=1039&amp;top_left_x=104)

Рис. 4. Координатные поверхности цилиндрических координат.

![](https://cdn.mathpix.com/cropped/2023_07_08_d6fc33967727ad7a333ag-1.jpg?height=408&amp;width=468&amp;top_left_y=1035&amp;top_left_x=409)

Рис. 5. Координатные поверхности сферических координат. С фе рические координаты (полярные К. в пространстве) - числа $URI[[http://libmeta.ru/fme/formula/aux/1387_123_KOORDINATY]]/URI$ и $URI[[http://libmeta.ru/fme/formula/aux/1387_124_KOORDINATY]]/URI$, связанные с прямоугольными К. $URI[[http://libmeta.ru/fme/formula/aux/1387_125_KOORDINATY]]/URI$ и $URI[[http://libmeta.ru/fme/formula/aux/1387_126_KOORDINATY]]/URI$ формулами

\[
URI[[http://libmeta.ru/fme/formula/main/1387_25_KOORDINATY]]/URI
\]

где $URI[[http://libmeta.ru/fme/formula/aux/1387_127_KOORDINATY]]/URI$. Координатные поверхности (см. рис. 5): концентрич. с центром $URI[[http://libmeta.ru/fme/formula/aux/1387_128_KOORDINATY]]/URI$ сферы ( $URI[[http://libmeta.ru/fme/formula/aux/1387_129_KOORDINATY]]/URI$; полуплоскости, проходящие через ось $URI[[http://libmeta.ru/fme/formula/aux/1387_130_KOORDINATY]]/URI$ ( $URI[[http://libmeta.ru/fme/formula/aux/1387_131_KOORDINATY]]/URI$ const); круговые конусы с вершиной $URI[[http://libmeta.ru/fme/formula/aux/1387_132_KOORDINATY]]/URI$ и осью $URI[[http://libmeta.ru/fme/formula/aux/1387_133_KOORDINATY]]/URI$ ( $URI[[http://libmeta.ru/fme/formula/aux/1387_134_KOORDINATY]]/URI$ const). Система сферич. К.- ортогональная. Геометрич. смысл: $URI[[http://libmeta.ru/fme/formula/aux/1387_135_KOORDINATY]]/URI$ - расстояние точки $URI[[http://libmeta.ru/fme/formula/aux/1387_136_KOORDINATY]]/URI$ от $URI[[http://libmeta.ru/fme/formula/aux/1387_137_KOORDINATY]]/URI$ (с ф е р и ч е с к и й поля рный радиус), $URI[[http://libmeta.ru/fme/formula/aux/1387_138_KOORDINATY]]/URI$ угол $URI[[http://libmeta.ru/fme/formula/aux/1387_139_KOORDINATY]]/URI$ (долгота), $URI[[http://libmeta.ru/fme/formula/aux/1387_140_KOORDINATY]]/URI$ угол $URI[[http://libmeta.ru/fme/formula/aux/1387_141_KOORDINATY]]/URI$ (угол $URI[[http://libmeta.ru/fme/formula/aux/1387_142_KOORDINATY]]/URI$ называется ш и р о то й). Сферич. К. часто обозначают $URI[[http://libmeta.ru/fme/formula/aux/1387_143_KOORDINATY]]/URI$ или $URI[[http://libmeta.ru/fme/formula/aux/1387_144_KOORDINATY]]/URI$.

Коэффициенты Ламе: $URI[[http://libmeta.ru/fme/formula/aux/1387_145_KOORDINATY]]/URI$.

Элемент длины: $URI[[http://libmeta.ru/fme/formula/aux/1387_146_KOORDINATY]]/URI$.

Элемент площади поверхности:

\[
URI[[http://libmeta.ru/fme/formula/main/1387_26_KOORDINATY]]/URI
\]

Элемент объема: $URI[[http://libmeta.ru/fme/formula/aux/1387_147_KOORDINATY]]/URI$.

Оператор Лапласа:

\[
URI[[http://libmeta.ru/fme/formula/main/1387_27_KOORDINATY]]/URI
\]

Эллипсоидальны е координаты (эллиптич. К. в пространстве) - числа $URI[[http://libmeta.ru/fme/formula/aux/1387_148_KOORDINATY]]/URI$ и $URI[[http://libmeta.ru/fme/formula/aux/1387_149_KOORDINATY]]/URI$, связанные с прямоугольными К. $URI[[http://libmeta.ru/fme/formula/aux/1387_150_KOORDINATY]]/URI$ и $URI[[http://libmeta.ru/fme/formula/aux/1387_151_KOORDINATY]]/URI$ формулами

\[
URI[[http://libmeta.ru/fme/formula/main/1387_28_KOORDINATY]]/URI
\]

где $URI[[http://libmeta.ru/fme/formula/aux/1387_152_KOORDINATY]]/URI$. Координатные поверхности (см. рис. 6): эллипсоиды ( $URI[[http://libmeta.ru/fme/formula/aux/1387_153_KOORDINATY]]/URI$ const), однополостные гиперболоиды ( $URI[[http://libmeta.ru/fme/formula/aux/1387_154_KOORDINATY]]/URI$ и двуполостные гиперболоиды ( $URI[[http://libmeta.ru/fme/formula/aux/1387_155_KOORDINATY]]/URI$ const $URI[[http://libmeta.ru/fme/formula/aux/1387_156_KOORDINATY]]/URI$ с центрами в начале К., для к-рых плоскости К. в системе $URI[[http://libmeta.ru/fme/formula/aux/1387_157_KOORDINATY]]/URI$ являются плоскостями симметрии, причем их сечения этими плоскостями имеют общие фокусы. Система эллипсоидальных К.- ортогональная. Каждой тройке чисел $URI[[http://libmeta.ru/fme/formula/aux/1387_158_KOORDINATY]]/URI$ и $URI[[http://libmeta.ru/fme/formula/aux/1387_159_KOORDINATY]]/URI$ соответствуют 8 точек $URI[[http://libmeta.ru/fme/formula/aux/1387_160_KOORDINATY]]/URI$, по одной в каждом октанте, симметричных друг другу относительно плоскостей К. При фиксированных прямоугольных К. $URI[[http://libmeta.ru/fme/formula/aux/1387_161_KOORDINATY]]/URI$ и $URI[[http://libmeta.ru/fme/formula/aux/1387_162_KOORDINATY]]/URI$ уравнение (относительно $URI[[http://libmeta.ru/fme/formula/aux/1387_163_KOORDINATY]]/URI$ ) $URI[[http://libmeta.ru/fme/formula/aux/1387_164_KOORDINATY]]/URI$

![](https://cdn.mathpix.com/cropped/2023_07_08_d6fc33967727ad7a333ag-1.jpg?height=548&amp;width=431&amp;top_left_y=760&amp;top_left_x=1322)

Рис. 6. Координатные поверхности эллипсоидальных координат.

\section{имеет три действительных}

корня - эллипсоидальные К. этой точки. Общепринятые обозначения: $URI[[http://libmeta.ru/fme/formula/aux/1387_165_KOORDINATY]]/URI$ или $URI[[http://libmeta.ru/fme/formula/aux/1387_166_KOORDINATY]]/URI$.

Коэффициенты Ламе:

\[
URI[[http://libmeta.ru/fme/formula/main/1387_29_KOORDINATY]]/URI
\]

Если в условиях $URI[[http://libmeta.ru/fme/formula/aux/1387_167_KOORDINATY]]/URI$ при определении эллипсоидальных К. допускать и равенства, то можно получить вырожденные системы таких К.

Вполне аналогично случаям $URI[[http://libmeta.ru/fme/formula/aux/1387_168_KOORDINATY]]/URI$ (плоскость, поверхность) и $URI[[http://libmeta.ru/fme/formula/aux/1387_169_KOORDINATY]]/URI$ (трехмерное пространство) употребление К. для определения положения точки в $URI[[http://libmeta.ru/fme/formula/aux/1387_170_KOORDINATY]]/URI$-мерном пространстве. Необходимое для определения положения точки в $URI[[http://libmeta.ru/fme/formula/aux/1387_171_KOORDINATY]]/URI$-мерном пространстве число К. равно числу измерений $URI[[http://libmeta.ru/fme/formula/aux/1387_172_KOORDINATY]]/URI$, но иногда употребляются «избыточные» К. в числе $URI[[http://libmeta.ru/fme/formula/aux/1387_173_KOORDINATY]]/URI$. Напр., в качестве К. прямых в четырехмерном многообразии прямых обычного четырехмерного пространства можно употреблять шестерки $URI[[http://libmeta.ru/fme/formula/aux/1387_174_KOORDINATY]]/URI$ коэффициентов параметрич. представления прямой: $URI[[http://libmeta.ru/fme/formula/aux/1387_175_KOORDINATY]]/URI$, $URI[[http://libmeta.ru/fme/formula/aux/1387_176_KOORDINATY]]/URI$.</text>
  <text_orig>числа, определяющие ее положение на плоскости, поверхности, в пространстве.

Важнейшими системами K. на плоскости являются декарто вы (прямоугольные и косоугольные) коорд и н а т Ы.

В декартовой системе К Л. линиями, для К-рых одна из $\mathrm{K}$. остается постоянной (координатными линиями), являются прямые, параллельные осям К.:

\[
x=\text { const и } y=\text { const. }
\]

Если на плоскости заданы два семейства линий (не обязательно прямых), зависящих каждое от одного параметра:

\[
u=\text { const } \text { и } v=\text { const, }
\]

и таких, что через каждую точку плоскости проходит по одной линии каждого семейства, то приходят к понятию криволинейных К.

Криволинейные координаты точки - значения параметров, соответствующих линиям (координатным), проходящим через эту точку. В случае, когда всякие две координатные линии из различных семейств пересекаются под прямым углом, система криволинейных К. называется ортогональной. Криволинейные К. $u$ и $v$ на плоскости обычно задаются уравнениями

\[
u=u(x, y), v=v(x, y),
\]

связывающими их с декартовыми К. $x$ и $y$. Через Ламе коэффициенты

\[
l_{u}=\sqrt{\left(\frac{\partial x}{\partial u}\right)^{2}+\left(\frac{\partial y}{\partial u}\right)^{2}}, \quad l_{v}=\sqrt{\left(\frac{\partial x}{\partial v}\right)^{2}+\left(\frac{\partial y}{\partial v}\right)^{2}}
\]

в системе ортогональных криволинейных К. определяются элемент длины

\[
d l=\sqrt{l_{u}^{2} d u^{2}+l_{v}^{2} d v^{2}}
\]

и элемент плошади

\[
d S=l_{u} l_{v} d u d v
\]

Важнейшими системами криволинейных К. на плоскости являются следующие. ![](https://cdn.mathpix.com/cropped/2023_07_08_a99663d1c17a0847ac90g-1.jpg?height=354&amp;width=358&amp;top_left_y=21&amp;top_left_x=75)

Рис. 1. Координатные линии полярных координат. Полярные координаты - числа $u$ и $v$, связанные с прямоугольными К. $x$ и $y$ формулами

\[
x=u \cos v, y=u \sin v
\]

где $0 \leqslant u&lt;\infty, 0 \leqslant v&lt;2 \pi$. Kоординатные линии (см. рис. 1): концентрич. окружности с центром $O$ ( $u=$ const $)$ и лучи, исходящие из $O \quad(v=$ const $)$. Система полярных К.- ортогональная. За исключением точки $O$, для к-рой $u=0$, а $v$ не определено (может быть любым числом $0 \leqslant v&lt;2 \pi$ ), каждой точке плоскости $x O y$ соответствует пара чисел $u$ и $v$, и обратно. Геометрич. смысл: $u$ расстояние (поля рны й радиус) точки $P$ от точки $O$ (пол юс а), $v$ - угол $x O P$ (поля р ны й угол). Полярный радиус часто обозначается через $r, \rho, R$, а полярный угол через $\varphi, \psi, \theta$.

Коэффициенты Ламе: $l_{u}=1, l_{v}=u$.

Элемент длины: $d l=\sqrt{d u^{2}+u^{2} d v^{2}}$.

Элемент площади: $d S=u d u d v$.

Оператор Лапласа:

\[
\Delta \psi=\frac{1}{u} \frac{\partial}{\partial u}\left(u \frac{\partial \psi}{\partial u}\right)+\frac{1}{u^{2}} \frac{\partial^{2} \psi}{\partial v^{2}}=\frac{\partial^{2} \psi}{\partial u^{2}}+\frac{1}{u} \frac{\partial \psi}{\partial u}+\frac{1}{u^{2}} \frac{\partial^{2} \psi}{\partial v^{2}} .
\]

Обобщенные полярные координаты - числа $u$ и $v$, связанные с прямоугольными К. $x$ и $y$ формулами

\[
x=a u \cos v, y=b u \sin v,
\]

где $0 \leqslant u&lt;\infty, 0 \leqslant v&lt;2 \pi, a&gt;0, b&gt;0, a \neq b$. Координатные линии: эллипсы с центром $O$ и полуосями, пропорциональными $a$ и $b$ ( $u=$ const $)$, и лучи, исходящие из $O$ ( $v=$ const).

Элемент площади: $d S=a b u d u d v$.

Эллиптические координаты - числа $u$ и $v$, связанные с прямоугольными К. $x$ и $y$ формулами

\[
x^{2}=\frac{\left(u+a^{2}\right)\left(v+a^{2}\right)}{a^{2}-b^{2}}, \quad y^{2}=\frac{\left(u+b^{2}\right)\left(v+b^{2}\right)}{b^{2}-a^{2}},
\]

где $-a^{2}&lt;v&lt;-b^{2}&lt;u&lt;\infty$. Координатные линии (см. рис. 2): софокусные эллипсы ( $u=\mathrm{const})$ и гиперболы ( $v=\mathrm{const})$ с фокусами $F_{1}\left(-\sqrt{a^{2}-b^{2}}, 0\right)$ и $F_{2}\left(\sqrt{a^{2}-b^{2}}, 0\right)$. Система эллиптич. К.- ортогональная. Каждой паре чисел $u$ и $v$ соответствуют четыре точки, по одной в каждом квадранте плоскости $x O y$, симметричные друг другу относительно осей К. При фиксированных К. $x$ и $y$ нек-рой точки уравнение (относительно $p$ ):

\[
\frac{x^{2}}{p+a^{2}}+\frac{y^{2}}{p+b^{2}}=1
\]

имеет два действительных корня - эллиптич. К. этой точки. Общепринятые обозначения: $\lambda, \mu$ или $\rho, \mu$.

Коэффициенты Ламе:

\[
l_{u}=\frac{1}{2} \sqrt{\frac{u-v}{\left(u+a^{2}\right)\left(u+b^{2}\right)}}, \quad l_{v}=\frac{1}{2} \sqrt{\frac{v-u}{\left(v+a^{2}\right)\left(v+b^{2}\right)}} .
\]

Вырожденные эллиптические координаты $и$ и $v$ связаны с эллиптич. К. $\bar{u}$ и $\bar{v}$ (при $a=1, b=0$ ) формулами

\[
\bar{u}=\operatorname{sh}^{2} u, \bar{v}=-\sin ^{2} v
\]

и с прямоугольными К. $x$ и $y-$ формулами

\[
x=\operatorname{ch} u \cos v, y=\operatorname{sh} u \sin v,
\]

где $0 \leqslant u&lt;\infty, 0 \leqslant v&lt;2 \pi$. Иногда эти К. также называют

э л л и п т и ч е с к и м и.
Коэффициенты Ламе: $l_{u}=l_{v}=\sqrt{\operatorname{ch}^{2} u-\cos ^{2} v}$.

Элемент длины: $d l=\sqrt{\operatorname{ch}^{2} u-\cos ^{2} v} \sqrt{d u^{2}+d v^{2}}$.

Элемент плоцади: $d S=\left(\operatorname{ch}^{2} u-\cos ^{2} v\right) d u d v$.

Оператор Лапласа:

\[
\Delta \psi=\frac{1}{\operatorname{ch}^{2} u-\cos ^{2} v}\left(\frac{\partial^{2} \psi}{\partial u^{2}}+\frac{\partial^{2} \psi}{\partial v^{2}}\right)
\]

![](https://cdn.mathpix.com/cropped/2023_07_08_a99663d1c17a0847ac90g-1.jpg?height=319&amp;width=412&amp;top_left_y=87&amp;top_left_x=947)

Рис. 2. Координатные линии эллиптических координат.

Параболические коо рдинаты - числа $u$ и $v$, связанные с прямоугольными К. $x$ и $\boldsymbol{y}$ формулами

\[
x=u^{2}-v^{2}, y=2 u v
\]

где $-\infty&lt;u&lt;\infty, 0 \leqslant v&lt;\infty$. Координатные линии (см. рис. 3): две системы взаимно ортогональных парабол с осями, лежащими на оси $О \boldsymbol{x}$ и противоположно направленными.

Коэффициенты Ламе: $l_{u}=l_{v}=2 \sqrt{u^{2}+v^{2}}$.

Элемент длины: $d l=2 \sqrt{u^{2}+v^{2}} \sqrt{d u^{2}+d v^{2}}$.

$\operatorname{TOH}$

Элемент площади: $d S=4\left(u^{2}+v^{2}\right) d u d v$.

Оператор Лапласа:

\[
\Delta \psi=\frac{1}{4\left(u^{2}+v^{2}\right)}\left(\frac{\partial^{2} \psi}{\partial u^{2}}+\frac{\partial^{2} \psi}{\partial v^{2}}\right)
\]

Аналогично декартовым К. на плоскости могут быть введены криволинейны е координаты на пов е р х н о с т и. Напр., для случая долготы $\varphi$ и широты $\theta$ на сфере координатными линиями $\varphi=$ const являются меридианы, а линиями $\theta=$ const - широтные круги. Криволинейные, или, как их иначе называют, га у с с о в ы, К. на поверхности являются основным аппаратом дифференциальной геометрии поверхностей.

Следует иметь в виду, что даже на «гладких» поверхностях криволинейные К., подчиненные требованию непрерывного и взаимно однозначного соответствия между точками $P$ и парами чисел $(u, v)$, могут, вообще говоря, быть введены только «локально» в окрестности произвольно заданной точки $P_{0}$. При выходе из области, где определена данная система К. $(u, v)$, приходится переходить к другой системе K. Уже обычные географич. K. на сфере в окрестности полюсов (так как долгота полюса неопределенна) должны быть заменены (при желании сохранить взаимную однозначность и непрерывность соответствия) какой-либо другой системой.

Важнейшими системами К. в пространстве являются д е ка р т о в ы (прямоугольные) к о о р д и на ты. Определение к р и в олин е й ных К. в пространстве может быть дано аналогично плоскому случаю; надо лишь исходить из трех однопараметрич. семейств коорди натных пов е р х ностей. Аналогично же определяются ортогональные криволинейные К., коэффициенты Ламе $L_{u}, L_{v}$ и $L_{\boldsymbol{w}}$ и через них элемент длины

\[
d l=\sqrt{L_{u}^{2} d u^{2}+L_{v}^{2} d v^{2}+L_{w}^{2} d w^{2}},
\]

элемент площади поверхности

\[
d \sigma=\sqrt{\left(L_{u} L_{v} d u d v\right)^{2}+\left(L_{u} L_{w} d u d w\right)^{2}+\left(L_{v} L_{w} d v d w\right)^{2}}
\]

и элемент объема

\[
d V=L_{u} L_{v} L_{w} d u d v d w .
\]

Важнейшими системами криволинейных К. в пространстве являются следующие. Цилиндрические координаты-числа $u, v$ и $w$, связанные с прямоугольными К. $x, y$ и $z$ формулами

\[
x=u \cos v, y=u \sin v, z=w
\]

где $0 \leqslant u&lt;\infty, 0 \leqslant v&lt;2 \pi,-\infty&lt;w&lt;\infty$. Координатные поверхности (см. рис. 4): соосные с осью $O z$ круговые цилиндры ( $u=$ const); полуплоскости, проходящие через ось $O z$ ( $v=$ const); плоскости, параллельные $x O y(w=$ const $)$. Система цилиндрич. К.- ортогональная. Геометрич. смысл: $u$ и $v$ - полярные К. проекщии точки на плоскость $x O y, w-$ еe аппликата. Цилиндрич. К. часто обозначают $r, \varphi, z$ или $\rho, \varphi$, $z$, или $\rho, \theta, z$.

Коэффициенты Ламе: $L_{u}=L_{w}=1, L_{v}=u$.

Элемент плины: $d l=\sqrt{d u^{2}+u^{2} d v^{2}+d w^{2}}$.

Элемент плошади поверхности:

\[
d \sigma=\sqrt{u^{2}(d u d v)^{2}+(d u d w)^{2}+u^{2}(d v d w)^{2}} .
\]

Элемент объема: $d V=u d u d v d w$.

Оператор Лапласа:

\[
\Delta \psi=\frac{\partial^{2} \psi}{\partial u^{2}}+\frac{1}{u} \frac{\partial \psi}{\partial u}+\frac{1}{u^{2}} \frac{\partial^{2} \psi}{\partial v^{2}}+\frac{\partial^{2} \psi}{\partial w^{2}} .
\]

Обобшенны е цилинд рические координа ты - числа $u, v$ и $w$, связанные с прямоугольными К. $x, y$ и $z$ формулами

\[
x=a u \cos v, y=b u \sin v, z=c w
\]

где $0 \leqslant u&lt;\infty, 0 \leqslant v&lt;2 \pi,-\infty&lt;w&lt;\infty, a&gt;0, b&gt;0, c&gt;0, a \neq b$. Координатные поверхности: соосные с осью $O z$ эллиптич. цилиндры; полуплоскости, проходяшие через Oz; плоскости, параллельные $x O y$.

Элемент объема: $d V=a b c u d u d v d w$.

![](https://cdn.mathpix.com/cropped/2023_07_08_d6fc33967727ad7a333ag-1.jpg?height=428&amp;width=323&amp;top_left_y=1039&amp;top_left_x=104)

Рис. 4. Координатные поверхности цилиндрических координат.

![](https://cdn.mathpix.com/cropped/2023_07_08_d6fc33967727ad7a333ag-1.jpg?height=408&amp;width=468&amp;top_left_y=1035&amp;top_left_x=409)

Рис. 5. Координатные поверхности сферических координат. С фе рические координаты (полярные К. в пространстве) - числа $u, v$ и $w$, связанные с прямоугольными К. $x, y$ и $z$ формулами

\[
x=u \cos v \sin w, \quad y=u \sin v \sin w, \quad z=u \cos w,
\]

где $0 \leqslant u&lt;\infty, 0 \leqslant v&lt;2 \pi, 0 \leqslant w \leqslant \pi$. Координатные поверхности (см. рис. 5): концентрич. с центром $O$ сферы ( $u=\mathrm{const}$; полуплоскости, проходящие через ось $\mathrm{Oz}$ ( $v=$ const); круговые конусы с вершиной $O$ и осью $O z$ ( $w=$ const). Система сферич. К.- ортогональная. Геометрич. смысл: $u$ - расстояние точки $P$ от $O$ (с ф е р и ч е с к и й поля рный радиус), $v-$ угол $x O P^{\prime}$ (долгота), $w-$ угол $z O P$ (угол $\pi / 2-w$ называется ш и р о то й). Сферич. К. часто обозначают $\rho, \varphi, \theta$ или $r, \varphi, \theta$.

Коэффициенты Ламе: $L_{u}=1, L_{v}=u \sin w, L_{w}=u$.

Элемент длины: $d l=\sqrt{d u^{2}+u^{2} \sin ^{2} w d v^{2}+u^{2} d w^{2}}$.

Элемент площади поверхности:

\[
d \sigma=\sqrt{u^{2} \sin ^{2} w(d u d v)^{2}+u^{2}(d u d w)^{2}+u^{4} \sin ^{2} w(d v d w)^{2}} .
\]

Элемент объема: $d V=u^{2} \sin w d u d v d w$.

Оператор Лапласа:

\[
\begin{aligned}
\Delta \psi &amp; =\frac{1}{u^{2}} \frac{\partial}{\partial u}\left(u^{2} \frac{\partial \psi}{\partial u}\right)+\frac{1}{u^{2} \sin ^{2} w} \frac{\partial^{2} \psi}{\partial v^{2}}+\frac{1}{u^{2} \sin w} \frac{\partial}{\partial w}\left(\sin w \frac{\partial \psi}{\partial w}\right)= \\
&amp; =\frac{\partial^{2} \psi}{\partial u^{2}}+\frac{2}{u} \frac{\partial \psi}{\partial u}+\frac{1}{u^{2} \sin ^{2} w} \frac{\partial^{2} \psi}{\partial v^{2}}+\frac{1}{u^{2}} \frac{\partial^{2} \psi}{\partial w^{2}}+\frac{\operatorname{ctg} w}{u^{2}} \frac{\partial \psi}{\partial w} .
\end{aligned}
\]

Эллипсоидальны е координаты (эллиптич. К. в пространстве) - числа $u, v$ и $w$, связанные с прямоугольными К. $\boldsymbol{x}, \boldsymbol{y}$ и $\boldsymbol{z}$ формулами

\[
\begin{aligned}
x^{2} &amp; =\frac{\left(u+a^{2}\right)\left(v+a^{2}\right)\left(w+a^{2}\right)}{\left(b^{2}-a^{2}\right)\left(c^{2}-a^{2}\right)}, \\
y^{2} &amp; =\frac{\left(u+b^{2}\right)\left(v+b^{2}\right)\left(w+b^{2}\right)}{\left(a^{2}-b^{2}\right)\left(c^{2}-b^{2}\right)}, \\
z^{2} &amp; =\frac{\left(u+c^{2}\right)\left(v+c^{2}\right)\left(w+c^{2}\right)}{\left(a^{2}-c^{2}\right)\left(b^{2}-c^{2}\right)},
\end{aligned}
\]

где $-a^{2}&lt;w&lt;-b^{2}&lt;v&lt;-c^{2}&lt;u&lt;\infty$. Координатные поверхности (см. рис. 6): эллипсоиды ( $u=$ const), однополостные гиперболоиды ( $v=\mathrm{const})$ и двуполостные гиперболоиды ( $w=$ const $)$ с центрами в начале К., для к-рых плоскости К. в системе $O x y z$ являются плоскостями симметрии, причем их сечения этими плоскостями имеют обшие фокусы. Система эллипсоидальных К.- ортогональная. Каждой тройке чисел $u, v$ и $\boldsymbol{w}$ соответствуют 8 точек $P(x, y, z)$, по одной в каждом октанте, симметричных друг другу относительно плоскостей К. При фиксированных прямоугольных К. $x, y$ и $z$ уравнение (относительно $p$ ) $\frac{x^{2}}{p+a^{2}}+\frac{y^{2}}{p+b^{2}}+\frac{z^{2}}{p+c^{2}}=1$

![](https://cdn.mathpix.com/cropped/2023_07_08_d6fc33967727ad7a333ag-1.jpg?height=548&amp;width=431&amp;top_left_y=760&amp;top_left_x=1322)

Рис. 6. Координатные поверхности эллипсоидальных координат.

\section{имеет три действительных}

корня - эллипсоидальные К. этой точки. Общепринятые обозначения: $\lambda, \mu, v$ или $\rho, \mu, v$.

Коэффициенты Ламе:

\[
\begin{aligned}
&amp; L_{u}=\frac{1}{2} \sqrt{\frac{(u-v)(u-w)}{\left(u+a^{2}\right)\left(u+b^{2}\right)\left(u+c^{2}\right)}}, \\
&amp; L_{v}=\frac{1}{2} \sqrt{\frac{(u-v)(w-v)}{\left(v+a^{2}\right)\left(v+b^{2}\right)\left(v+c^{2}\right)}}, \\
&amp; L_{w}=\frac{1}{2} \sqrt{\frac{(u-w)(v-w)}{\left(w+a^{2}\right)\left(w+b^{2}\right)\left(w+c^{2}\right)}} .
\end{aligned}
\]

Если в условиях $a^{2}&gt;b^{2}&gt;c^{2} \geqslant 0$ при определении эллипсоидальных К. допускать и равенства, то можно получить вырожденные системы таких К.

Вполне аналогично случаям $n=2$ (плоскость, поверхность) и $n=3$ (трехмерное пространство) употребление К. для определения положения точки в $\boldsymbol{n}$-мерном пространстве. Необходиое для определения положения точки в $n$-мерном пространстве число К. равно числу измерений $n$, но иногда употребляются «избыточные» К. в числе $m&gt;n$. Напр., в качестве К. прямых в четырехмерном многообразии прямых обычного четырехмерного пространства можно употреблять шестерки $\left(a_{1}, a_{2}, a_{3}, b_{1}, b_{2}, b_{3}\right)$ коэффициентов параметрич. представления прямой: $x=a_{1} t+b_{1}, y=a_{2} t+b_{2}$, $z=a_{3} t+b_{3}$.</text_orig>
</article>
