<?xml version="1.0" ?>
<article uri="http://libmeta.ru/fme/article/1391_KORAZMERNOST'" alphabetic_pos="1393">
  <title>КОРАЗМЕРНОСТЬ ВЕКТОРНОГО ПРОСТРАНСТВА</title>
  <authors/>
  <pages>
    <start>291</start>
    <end>291</end>
  </pages>
  <literature>
    <literature_orig/>
  </literature>
  <formulas_main/>
  <formulas_aux/>
  <relations n="0"/>
  <text>см. Векторное пространство.</text>
  <text_orig>см. Векторное пространство.</text_orig>
</article>
