<?xml version="1.0" ?>
<article uri="http://libmeta.ru/fme/article/1394_KORIOLISA" alphabetic_pos="1396">
  <title>КОРИОЛИСА СИЛА</title>
  <authors>
    <author>C. M. Tape</author>
  </authors>
  <pages>
    <start>291</start>
    <end>291</end>
  </pages>
  <literature>
    <literature_orig/>
  </literature>
  <formulas_main/>
  <formulas_aux/>
  <relations n="0"/>
  <text>одна из сил инерции; вводится для учета влияния вращения подвижной системы отсчета на относительное движение материальной точки; названа по имени Г. Кориолиса (g. Coriolis). K. c. равна произведению массы точки на ее Кориолиса ускорение и направлена противоположно этому ускорению. Эффект, учитываемый К. с., состоит в том, что во вращающейся системе отсчета материальная точка, движущаяся непараллельно оси этого вращения, отклоняется по направлению, перпендикулярному к ее относительной скорости, или оказывает давление на тело, препятствующее такому отклонению. На Земле этот эффект, обусловленный ее суточным вращением, заключается в том, что свободно падающие тела отклоняются от вертикали к востоку (в первом приближении), а тела, движущиеся вдоль земной поверхности, отклоняются в Северном полушарии вправо, а в Южном - влево от направления их движения. Вследствие медленного вращения Земли эти отклонения весьма малы и заметно сказываются или при очень больших скоростях движения (напр., у ракет и у артиллерийских снарядов с большими дальностями полета), или когда движение длится очень долго, напр. подмыв соответствующих берегов рек (так наз. закон Бэра), возникновение нек-рых воздушных и морских течений и др. В технике К. с. учитывается в теории гироскопов, турбин и многих других вращающихся систем.</text>
  <text_orig>одна из сил инерции; вводится для учета влияния вращения подвижной системы отсчета на относительное движение материальной точки; названа по имени Г. Кориолиса (G. Coriolis). K. c. равна произведению массы точки на ее Кориолиса ускорение и направлена противоположно этому ускорению. Эффект, учитываемый К. с., состоит в том, что во вращающейся системе отсчета материальная точка, движущаяся непараллельно оси этого вращения, отклоняется по направлению, перпендикулярному к ее относительной скорости, или оказывает давление на тело, препятствующее такому отклонению. На Земле этот эффект, обусловленный ее суточным вращением, заключается в том, что свободно падающие тела отклоняются от вертикали к востоку (в первом приближении), а тела, движущиеся вдоль земной поверхности, отклоняются в Северном полушарии вправо, а в Южном - влево от направления их движения. Вследствие медленного вращения Земли эти отклонения весьма малы и заметно сказываются или при очень больших скоростях движения (напр., у ракет и у артиллерийских снарядов с большими дальностями полета), или когда движение длится очень долго, напр. подмыв соответствующих берегов рек (так наз. закон Бэра), возникновение нек-рых воздушных и морских течений и др. В технике К. с. учитывается в теории гироскопов, турбин и многих других вращающихся систем.

C.M. Tape.</text_orig>
</article>
