<?xml version="1.0" ?>
<article uri="http://libmeta.ru/fme/article/1397_KOROTKIE" alphabetic_pos="1399">
  <title>КОРОТКИЕ ВОЛНЫ В АНИЗОТРОПНЫХ СРЕДАХ</title>
  <authors>
    <author>В. С. Булдырев</author>
  </authors>
  <pages>
    <start>291</start>
    <end>292</end>
  </pages>
  <literature>
    <literature_orig>Лum.: [1] Петрашень Г. И., Распространение волн в анизотропных упругих средах, Л., 1980; [2] Кравцов Ю. А., Орло в Ю. И., Геометрическая оптика неоднородных сред, М., 1980.</literature_orig>
    <unit>
      <author>Петрашень Г. И.</author>
      <title>Распространение волн в анизотропных упругих средах</title>
      <publication>Л.</publication>
      <year>1980</year>
      <other/>
    </unit>
    <unit>
      <author>Кравцов Ю. А.</author>
      <author>Орлов Ю. И.</author>
      <title>Геометрическая оптика неоднородных сред</title>
      <publication>М.</publication>
      <year>1980</year>
      <other/>
    </unit>
  </literature>
  <formulas_main>
    <formula uri="http://libmeta.ru/fme/formula/main/1397_1_KOROTKIE">L=\min _{i, k, j, l}\left(c_{i k j l}\left|\operatorname{grad} c_{i k j l}\right|^{-1}\right) ; \quad L=\min _{i, k}\left(\varepsilon_{i k}\left|\operatorname{grad} \varepsilon_{i k}\right|^{-1}\right) .</formula>
    <formula uri="http://libmeta.ru/fme/formula/main/1397_2_KOROTKIE">\begin{aligned}\boldsymbol{U} &amp; =\boldsymbol{A}(\boldsymbol{M}, \omega) \exp [i \omega(\tau(\boldsymbol{M})-\boldsymbol{t})], \\A(M, \omega) &amp; =\sum_{n=0}^{\infty} \boldsymbol{A}^{(n)}(M)(-i \omega)^{-n}, \quad A^{(0)} \neq 0 .\end{aligned}</formula>
    <formula uri="http://libmeta.ru/fme/formula/main/1397_3_KOROTKIE">\boldsymbol{v}_{r}^{\Phi}=\omega \sqrt{\lambda_{r}\left(n_{l}\right)} \boldsymbol{n}</formula>
    <formula uri="http://libmeta.ru/fme/formula/main/1397_4_KOROTKIE">\boldsymbol{n}=\operatorname{grad} \tau /|\operatorname{grad} \tau|</formula>
    <formula uri="http://libmeta.ru/fme/formula/main/1397_5_KOROTKIE">\boldsymbol{v}_{r}^{\mathrm{rp}}=\partial v_{r}^{\Phi} / \partial \boldsymbol{n} .</formula>
    <formula uri="http://libmeta.ru/fme/formula/main/1397_6_KOROTKIE">J=\left|\frac{D\left(x_{1}, x_{2}, x_{3}\right)}{D(\tau, \alpha, \beta)}\right|</formula>
  </formulas_main>
  <formulas_aux>
    <formula uri="http://libmeta.ru/fme/formula/aux/1397_1_KOROTKIE">\lambda \ll L</formula>
    <formula uri="http://libmeta.ru/fme/formula/aux/1397_2_KOROTKIE">l-</formula>
    <formula uri="http://libmeta.ru/fme/formula/aux/1397_3_KOROTKIE">c_{i k j l}(M)-</formula>
    <formula uri="http://libmeta.ru/fme/formula/aux/1397_4_KOROTKIE">\varepsilon_{i k}(M)</formula>
    <formula uri="http://libmeta.ru/fme/formula/aux/1397_5_KOROTKIE">m\left(x_{1}, x_{2}, x_{3}\right)</formula>
    <formula uri="http://libmeta.ru/fme/formula/aux/1397_6_KOROTKIE">m</formula>
    <formula uri="http://libmeta.ru/fme/formula/aux/1397_7_KOROTKIE">\omega</formula>
    <formula uri="http://libmeta.ru/fme/formula/aux/1397_8_KOROTKIE">u-</formula>
    <formula uri="http://libmeta.ru/fme/formula/aux/1397_9_KOROTKIE">\boldsymbol{u}=(\boldsymbol{e}, \boldsymbol{H})</formula>
    <formula uri="http://libmeta.ru/fme/formula/aux/1397_10_KOROTKIE">t</formula>
    <formula uri="http://libmeta.ru/fme/formula/aux/1397_11_KOROTKIE">\tau(m)</formula>
    <formula uri="http://libmeta.ru/fme/formula/aux/1397_12_KOROTKIE">a^{(n)}(m)-</formula>
    <formula uri="http://libmeta.ru/fme/formula/aux/1397_13_KOROTKIE">\boldsymbol{a}(m, \omega)</formula>
    <formula uri="http://libmeta.ru/fme/formula/aux/1397_14_KOROTKIE">x=(\lambda / L)_{0}</formula>
    <formula uri="http://libmeta.ru/fme/formula/aux/1397_15_KOROTKIE">(\lambda / L)_{0}-</formula>
    <formula uri="http://libmeta.ru/fme/formula/aux/1397_16_KOROTKIE">\lambda / L</formula>
    <formula uri="http://libmeta.ru/fme/formula/aux/1397_17_KOROTKIE">m_{0}</formula>
    <formula uri="http://libmeta.ru/fme/formula/aux/1397_18_KOROTKIE">u</formula>
    <formula uri="http://libmeta.ru/fme/formula/aux/1397_19_KOROTKIE">1 /(-i \omega)</formula>
    <formula uri="http://libmeta.ru/fme/formula/aux/1397_20_KOROTKIE">\boldsymbol{a}^{(0)}</formula>
    <formula uri="http://libmeta.ru/fme/formula/aux/1397_21_KOROTKIE">\boldsymbol{a}^{(n)}, n \geqslant 1</formula>
    <formula uri="http://libmeta.ru/fme/formula/aux/1397_22_KOROTKIE">\boldsymbol{a}^{(0)}</formula>
    <formula uri="http://libmeta.ru/fme/formula/aux/1397_23_KOROTKIE">\operatorname{det}\left(c_{i j}-\delta_{i j}\right)=0</formula>
    <formula uri="http://libmeta.ru/fme/formula/aux/1397_24_KOROTKIE">c_{i j}=\rho^{-1} c_{i k j l} \tau_{l} \tau_{k}, \tau_{l}=\partial \tau / \partial x_{l}, \rho-</formula>
    <formula uri="http://libmeta.ru/fme/formula/aux/1397_25_KOROTKIE">c_{i j}</formula>
    <formula uri="http://libmeta.ru/fme/formula/aux/1397_26_KOROTKIE">\lambda_{r}\left(\tau_{l}\right)&gt;0, r=1,2,3</formula>
    <formula uri="http://libmeta.ru/fme/formula/aux/1397_27_KOROTKIE">\tau_{l}-</formula>
    <formula uri="http://libmeta.ru/fme/formula/aux/1397_28_KOROTKIE">\tau_{l}</formula>
    <formula uri="http://libmeta.ru/fme/formula/aux/1397_29_KOROTKIE">\lambda_{1}&gt;\lambda_{2} \geqslant \lambda_{3}</formula>
    <formula uri="http://libmeta.ru/fme/formula/aux/1397_30_KOROTKIE">\lambda_{r}\left(\tau_{l}\right)=1</formula>
    <formula uri="http://libmeta.ru/fme/formula/aux/1397_31_KOROTKIE">r</formula>
    <formula uri="http://libmeta.ru/fme/formula/aux/1397_32_KOROTKIE">\lambda_{r}\left(\tau_{l}\right)=1-</formula>
    <formula uri="http://libmeta.ru/fme/formula/aux/1397_33_KOROTKIE">\tau(m)</formula>
    <formula uri="http://libmeta.ru/fme/formula/aux/1397_34_KOROTKIE">(r=1)</formula>
    <formula uri="http://libmeta.ru/fme/formula/aux/1397_35_KOROTKIE">(r=2,3)</formula>
    <formula uri="http://libmeta.ru/fme/formula/aux/1397_36_KOROTKIE">r</formula>
    <formula uri="http://libmeta.ru/fme/formula/aux/1397_37_KOROTKIE">\boldsymbol{a}^{(0)}=a_{r}^{(0)}</formula>
    <formula uri="http://libmeta.ru/fme/formula/aux/1397_38_KOROTKIE">r</formula>
    <formula uri="http://libmeta.ru/fme/formula/aux/1397_39_KOROTKIE">a_{r}^{(0)}</formula>
    <formula uri="http://libmeta.ru/fme/formula/aux/1397_40_KOROTKIE">b_{r}</formula>
    <formula uri="http://libmeta.ru/fme/formula/aux/1397_41_KOROTKIE">c_{i j}</formula>
    <formula uri="http://libmeta.ru/fme/formula/aux/1397_42_KOROTKIE">a_{r}^{(0)}</formula>
    <formula uri="http://libmeta.ru/fme/formula/aux/1397_43_KOROTKIE">\boldsymbol{a}_{r}^{(1)}</formula>
    <formula uri="http://libmeta.ru/fme/formula/aux/1397_44_KOROTKIE">\tau</formula>
    <formula uri="http://libmeta.ru/fme/formula/aux/1397_45_KOROTKIE">\alpha, \beta(\alpha, \beta</formula>
    <formula uri="http://libmeta.ru/fme/formula/aux/1397_46_KOROTKIE">m</formula>
    <formula uri="http://libmeta.ru/fme/formula/aux/1397_47_KOROTKIE">\tau</formula>
    <formula uri="http://libmeta.ru/fme/formula/aux/1397_48_KOROTKIE">a_{r}^{(0)}=f(\alpha, \beta) / \sqrt{\rho J}</formula>
    <formula uri="http://libmeta.ru/fme/formula/aux/1397_49_KOROTKIE">f(\alpha, \beta)</formula>
    <formula uri="http://libmeta.ru/fme/formula/aux/1397_50_KOROTKIE">\boldsymbol{a}_{r}^{(n)}, n \geqslant 1</formula>
    <formula uri="http://libmeta.ru/fme/formula/aux/1397_51_KOROTKIE">\boldsymbol{b}_{q}, q \neq \boldsymbol{r}</formula>
  </formulas_aux>
  <relations n="0"/>
  <text>волны с длиной волны $URI[[http://libmeta.ru/fme/formula/aux/1397_1_KOROTKIE]]/URI$, где $URI[[http://libmeta.ru/fme/formula/aux/1397_2_KOROTKIE]]/URI$ масштаб неоднородности анизотропной среды. В физике наиболее часто встречаются упругие, диэлектрические и магнитоактивные плазменные анизотропные среды. Если $URI[[http://libmeta.ru/fme/formula/aux/1397_3_KOROTKIE]]/URI$ тензор упругих постоянных, $URI[[http://libmeta.ru/fme/formula/aux/1397_4_KOROTKIE]]/URI$ - тензор диэлектрич. проницаемости, $URI[[http://libmeta.ru/fme/formula/aux/1397_5_KOROTKIE]]/URI$ - точка пространства, то обычно полагают

\[
URI[[http://libmeta.ru/fme/formula/main/1397_1_KOROTKIE]]/URI
\]

К. в. в анизотропных средах локально в окрестности каждой фиксированной точки $URI[[http://libmeta.ru/fme/formula/aux/1397_6_KOROTKIE]]/URI$ представляют собою плоские волны и могут быть представлены разложениями по обратным степеням частоты $URI[[http://libmeta.ru/fme/formula/aux/1397_7_KOROTKIE]]/URI$ :

\[
URI[[http://libmeta.ru/fme/formula/main/1397_2_KOROTKIE]]/URI
\]

Здесь $URI[[http://libmeta.ru/fme/formula/aux/1397_8_KOROTKIE]]/URI$ вектор смещений частиц анизотропной среды или шестимерный вектор $URI[[http://libmeta.ru/fme/formula/aux/1397_9_KOROTKIE]]/URI$ напряженности электромагнитного поля, $URI[[http://libmeta.ru/fme/formula/aux/1397_10_KOROTKIE]]/URI$ - время, $URI[[http://libmeta.ru/fme/formula/aux/1397_11_KOROTKIE]]/URI$ - эйконал и $URI[[http://libmeta.ru/fme/formula/aux/1397_12_KOROTKIE]]/URI$ коэффициент разложения амплитуды $URI[[http://libmeta.ru/fme/formula/aux/1397_13_KOROTKIE]]/URI$. В должным образом введенных безразмерных переменных разложение (1) - разложение по малому безразмерному параметру $URI[[http://libmeta.ru/fme/formula/aux/1397_14_KOROTKIE]]/URI$, где $URI[[http://libmeta.ru/fme/formula/aux/1397_15_KOROTKIE]]/URI$ значение отношения $URI[[http://libmeta.ru/fme/formula/aux/1397_16_KOROTKIE]]/URI$ в нек-рой фиксированной точке $URI[[http://libmeta.ru/fme/formula/aux/1397_17_KOROTKIE]]/URI$.

Подстановка $URI[[http://libmeta.ru/fme/formula/aux/1397_18_KOROTKIE]]/URI$ в однородные уравнения движения анизотропной среды и приравнивание нулю коэффициентов при различных степенях $URI[[http://libmeta.ru/fme/formula/aux/1397_19_KOROTKIE]]/URI$ дает для составляющих $URI[[http://libmeta.ru/fme/formula/aux/1397_20_KOROTKIE]]/URI$ однородную и для $URI[[http://libmeta.ru/fme/formula/aux/1397_21_KOROTKIE]]/URI$, неоднородную рекуррентную систему уравнений. Однородная система для $URI[[http://libmeta.ru/fme/formula/aux/1397_22_KOROTKIE]]/URI$ имеет отличные от нуля решения, если ее определитель равен нулю. Напр., в случае упругой анизотропной среды $URI[[http://libmeta.ru/fme/formula/aux/1397_23_KOROTKIE]]/URI$, где $URI[[http://libmeta.ru/fme/formula/aux/1397_24_KOROTKIE]]/URI$ плотность. Матрица $URI[[http://libmeta.ru/fme/formula/aux/1397_25_KOROTKIE]]/URI$ является положительно определенной, еe собственные числа $URI[[http://libmeta.ru/fme/formula/aux/1397_26_KOROTKIE]]/URI$,- однородные второй степени функции $URI[[http://libmeta.ru/fme/formula/aux/1397_27_KOROTKIE]]/URI$ при любых $URI[[http://libmeta.ru/fme/formula/aux/1397_28_KOROTKIE]]/URI$ удовлетворяют неравенствам $URI[[http://libmeta.ru/fme/formula/aux/1397_29_KOROTKIE]]/URI$. Определитель будет равен нулю, только если $URI[[http://libmeta.ru/fme/formula/aux/1397_30_KOROTKIE]]/URI$ при каком-либо $URI[[http://libmeta.ru/fme/formula/aux/1397_31_KOROTKIE]]/URI$. Уравнение $URI[[http://libmeta.ru/fme/formula/aux/1397_32_KOROTKIE]]/URI$ уравнение эйконала для функции $URI[[http://libmeta.ru/fme/formula/aux/1397_33_KOROTKIE]]/URI$. В неоднородной анизотропной среде могут распространяться три типа коротких волн: квазипродольная волна $URI[[http://libmeta.ru/fme/formula/aux/1397_34_KOROTKIE]]/URI$ и две квазипоперечные $URI[[http://libmeta.ru/fme/formula/aux/1397_35_KOROTKIE]]/URI$. Фронт волны типа $URI[[http://libmeta.ru/fme/formula/aux/1397_36_KOROTKIE]]/URI$ распространяется с фазовой скоростью

\[
URI[[http://libmeta.ru/fme/formula/main/1397_3_KOROTKIE]]/URI
\]

в направлении нормали к фронту

\[
URI[[http://libmeta.ru/fme/formula/main/1397_4_KOROTKIE]]/URI
\]

Лучам и в анизотропных средах называются векторные линии поля векторов групповой скорости

\[
URI[[http://libmeta.ru/fme/formula/main/1397_5_KOROTKIE]]/URI
\]

Энергия волны в нулевом (геометро-оптическом) приближении распространяется по лучевым трубкам с групповой скоростью. В анизотропных средах в отличие от изотропных лучи неортогональны волновым фронтам. Коэффициент $URI[[http://libmeta.ru/fme/formula/aux/1397_37_KOROTKIE]]/URI$ в разложении (1) - вектор поляризации волны типа $URI[[http://libmeta.ru/fme/formula/aux/1397_38_KOROTKIE]]/URI$ - скалярным множителем $URI[[http://libmeta.ru/fme/formula/aux/1397_39_KOROTKIE]]/URI$ отличается от нормированного собственного вектора $URI[[http://libmeta.ru/fme/formula/aux/1397_40_KOROTKIE]]/URI$ матрицы $URI[[http://libmeta.ru/fme/formula/aux/1397_41_KOROTKIE]]/URI$. Множитель $URI[[http://libmeta.ru/fme/formula/aux/1397_42_KOROTKIE]]/URI$ находится из условия разрешимости неоднородной системы для $URI[[http://libmeta.ru/fme/formula/aux/1397_43_KOROTKIE]]/URI$ и в лучевых координатах $URI[[http://libmeta.ru/fme/formula/aux/1397_44_KOROTKIE]]/URI$, $URI[[http://libmeta.ru/fme/formula/aux/1397_45_KOROTKIE]]/URI$ задают луч, проходящий через точку $URI[[http://libmeta.ru/fme/formula/aux/1397_46_KOROTKIE]]/URI$, $URI[[http://libmeta.ru/fme/formula/aux/1397_47_KOROTKIE]]/URI$ определяет ее положение на луче) равен $URI[[http://libmeta.ru/fme/formula/aux/1397_48_KOROTKIE]]/URI$, где

\[
URI[[http://libmeta.ru/fme/formula/main/1397_6_KOROTKIE]]/URI
\]

- якобиан перехода от декартовых координат к лучевым, $URI[[http://libmeta.ru/fme/formula/aux/1397_49_KOROTKIE]]/URI$ - функция, постоянная на луче и определяемая видом источника. Векторы $URI[[http://libmeta.ru/fme/formula/aux/1397_50_KOROTKIE]]/URI$, имеют примесные компоненты - отличные от нуля составляющие на собственные векторы $URI[[http://libmeta.ru/fme/formula/aux/1397_51_KOROTKIE]]/URI$.

Аналогично находятся коэффициенты разложений (1) в анизотропных, электромагнитных и других средах.</text>
  <text_orig>волны с длиной волны $\lambda \ll L$, где $L-$ масштаб неоднородности анизотропной среды. В физике наиболее часто встречаются упругие, диэлектрические и магнитоактивные плазменные анизотропные среды. Если $c_{i k j l}(M)-$ тензор упругих постоянных, $\varepsilon_{i k}(M)$ - тензор диэлектрич. проницаемости, $M\left(x_{1}, x_{2}, x_{3}\right)$ - точка пространства, то обычно полагают

\[
L=\min _{i, k, j, l}\left(c_{i k j l}\left|\operatorname{grad} c_{i k j l}\right|^{-1}\right) ; \quad L=\min _{i, k}\left(\varepsilon_{i k}\left|\operatorname{grad} \varepsilon_{i k}\right|^{-1}\right) .
\]

К. в. в анизотропных средах локально в окрестности каждой фиксированной точки $M$ представляют собою плоские волны и могут быть представлены разложениями по обратным степеням частоты $\omega$ :

\[
\begin{aligned}
\boldsymbol{U} &amp; =\boldsymbol{A}(\boldsymbol{M}, \omega) \exp [i \omega(\tau(\boldsymbol{M})-\boldsymbol{t})], \\
A(M, \omega) &amp; =\sum_{n=0}^{\infty} \boldsymbol{A}^{(n)}(M)(-i \omega)^{-n}, \quad A^{(0)} \neq 0 .
\end{aligned}
\]

Здесь $U-$ вектор смешений частиц анизотропной среды или шестимерный вектор $\boldsymbol{U}=(\boldsymbol{E}, \boldsymbol{H})$ напряженности электромагнитного поля, $t$ - время, $\tau(M)$ - эйконал и $A^{(n)}(M)-$ коэффициент разложения амплитуды $\boldsymbol{A}(M, \omega)$. В должным образом введенных безразмерных переменных разложение (1) - разложение по малому безразмерному параметру $x=(\lambda / L)_{0}$, где $(\lambda / L)_{0}-$ значение отношения $\lambda / L$ в нек-рой фиксированной точке $M_{0}$.

Подстановка $U$ в однородные уравнения движения анизотропной среды и приравнивание нулю коэффициентов при различных степенях $1 /(-i \omega)$ дает для составляющих $\boldsymbol{A}^{(0)}$ однородную и для $\boldsymbol{A}^{(n)}, n \geqslant 1$, неоднородную рекуррентную систему уравнений. Однородная система для $\boldsymbol{A}^{(0)}$ имеет отличные от нуля решения, если ее определитель равен нулю. Напр., в случае упругой анизотропной среды $\operatorname{det}\left(C_{i j}-\delta_{i j}\right)=0$, где $C_{i j}=\rho^{-1} c_{i k j l} \tau_{l} \tau_{k}, \tau_{l}=\partial \tau / \partial x_{l}, \rho-$ плотность. Матрица $C_{i j}$ является положительно определенной, еe собственные числа $\lambda_{r}\left(\tau_{l}\right)&gt;0, r=1,2,3$,- однородные второй степени функции $\tau_{l}-$ при любых $\tau_{l}$ удовлетворяют неравенствам $\lambda_{1}&gt;\lambda_{2} \geqslant \lambda_{3}$. Определитель будет равен нулю, только если $\lambda_{r}\left(\tau_{l}\right)=1$ при каком-либо $r$. Уравнение $\lambda_{r}\left(\tau_{l}\right)=1-$ уравнение эйконала для функции $\tau(M)$. В неоднородной анизотропной среде могут распространяться три типа коротких волн: квазипродольная волна $(r=1)$ и две квазипоперечные $(r=2,3)$. Фронт волны типа $r$ распространяется с фазовой скоростью

\[
\boldsymbol{v}_{r}^{\Phi}=\omega \sqrt{\lambda_{r}\left(n_{l}\right)} \boldsymbol{n}
\]

в направлении нормали к фронту

\[
\boldsymbol{n}=\operatorname{grad} \tau /|\operatorname{grad} \tau|
\]

Лучам и в анизотропных средах называются векторные линии поля векторов групповой скорости

\[
\boldsymbol{v}_{r}^{\mathrm{rp}}=\partial v_{r}^{\Phi} / \partial \boldsymbol{n} .
\]

Энергия волны в нулевом (геометро-оптическом) приближении распространяется по лучевым трубкам с групповой скоростью. В анизотропных средах в отличие от изотропных лучи неортогональны волновым фронтам. Коэффициент $\boldsymbol{A}^{(0)}=A_{r}^{(0)}$ в разложении (1) - вектор поляризации волны типа $r$ - скалярным множителем $a_{r}^{(0)}$ отличается от нормированного собственного вектора $b_{r}$ матрицы $C_{i j}$. Множитель $a_{r}^{(0)}$ находится из условия разрешимости неоднородной системы для $\boldsymbol{A}_{r}^{(1)}$ и в лучевых координатах $\tau$, $\alpha, \beta(\alpha, \beta$ задают луч, проходящий через точку $M$, $\tau$ определяет ее положение на луче) равен $a_{r}^{(0)}=f(\alpha, \beta) / \sqrt{\rho J}$, где

\[
J=\left|\frac{D\left(x_{1}, x_{2}, x_{3}\right)}{D(\tau, \alpha, \beta)}\right|
\]

- якобиан перехода от декартовых координат к лучевым, $f(\alpha, \beta)$ - функция, постоянная на луче и определяемая видом источника. Векторы $\boldsymbol{A}_{r}^{(n)}, n \geqslant 1$, имеют примесные компоненты - отличные от нуля составляющие на собственные векторы $\boldsymbol{b}_{q}, q \neq \boldsymbol{r}$.

Аналогично находятся коэффициенты разложений (1) в анизотропных, электромагнитных и других средах.

Лum.: [1] Петрашень Г. И., Распространение волн в анизотропных упругих средах, Л., 1980; [2] Кравцов Ю. А., Орло в Ю. И., Геометрическая оптика неоднородных сред, М., 1980.

В. С. Булдырев.</text_orig>
</article>
