<?xml version="1.0" ?>
<article uri="http://libmeta.ru/fme/article/1398_KOROTKIE" alphabetic_pos="1400">
  <title>КОРОТКИЕ ВОЛНЫ В БЫСТРОМЕНЯЮЩИХСЯ СРЕДАХ</title>
  <authors>
    <author>С. Ю. Доброхотов</author>
  </authors>
  <pages>
    <start>292</start>
    <end>292</end>
  </pages>
  <literature>
    <literature_orig>Jum.: [1] Бах в ал о в Н. С., П а н а с е н ко Г. П., Осреднение процессов в периодических средах, М., 1984; [2] B e nsoussan A., Lions J. L., Papanic ola ou G., Asymptotic analysis for periodic, Amst., 1978; [3] М а с л о в В. П., &quot;успехи математич. наук», 1983, т. 38 , в. 6, с. 3-36; [4] Бу с ла е в В. С., там же, 1987 , т. 42, в. 6, с. 77-98; [5] П я т ни цк и й А. Л., «математич. сб.», 1981, т. 115, № 3, с. 478-92; [6] Д о б р о х о т о в С. Ю., «математич. заметки», 1988, т. 44, № 3, с. 319-40; [7] Бе рлянд Л. В., Доб рохот о в С. Ю., «доклады Ан СССР», 1987, т. 296, № 1, с. 80-84.</literature_orig>
    <unit>
      <author>Бахвалов Н. С.</author>
      <author>Панасенко Г. П.</author>
      <title>Осреднение процессов в периодических средах</title>
      <publication>М.</publication>
      <year>1984</year>
      <other/>
    </unit>
    <unit>
      <author>Bensoussan A.</author>
      <author>Lions J. L.</author>
      <author>Papanicolaou G.</author>
      <title>Asymptotic analysis for periodic, Amst.</title>
      <publication/>
      <year>1978</year>
      <other/>
    </unit>
    <unit>
      <author>Маслов В. П.</author>
      <title>&quot;успехи математич. наук»</title>
      <publication/>
      <year>1983</year>
      <other>т. 38, в. 6, с. 3-36</other>
    </unit>
    <unit>
      <author>Буслаев В. С.</author>
      <title>там же</title>
      <publication/>
      <year>1987</year>
      <other>т. 42, в. 6, с. 77-98</other>
    </unit>
    <unit>
      <author>Пятницкий А. Л.</author>
      <title>«математич. сб.»</title>
      <publication/>
      <year>1981</year>
      <other>т. 115, № 3, с. 478-92</other>
    </unit>
    <unit>
      <author>Доброхотов С. Ю.</author>
      <title>«математич. заметки»</title>
      <publication/>
      <year>1988</year>
      <other>т. 44, № 3, с. 319-40</other>
    </unit>
    <unit>
      <author>Берлянд Л. В.</author>
      <author>Доброхотов С. Ю.</author>
      <title>«доклады Ан СССР»</title>
      <publication/>
      <year>1987</year>
      <other>т. 296, № 1, с. 80-84.</other>
    </unit>
  </literature>
  <formulas_main>
    <formula uri="http://libmeta.ru/fme/formula/main/1398_1_KOROTKIE">L\left(\frac{\Phi(x)}{h^{\alpha}}, x,-i h \nabla_{x}, x\right) u=0 .</formula>
    <formula uri="http://libmeta.ru/fme/formula/main/1398_2_KOROTKIE">\begin{gathered}\tilde{L}\left(x,-i h \nabla_{x}, h\right) u=0, \\\tilde{L}(x, p, h)=\int_{0}^{2 \pi} \cdots \int_{0}^{2 \pi} L(y, x, p, h) d y^{l} .\end{gathered}</formula>
    <formula uri="http://libmeta.ru/fme/formula/main/1398_3_KOROTKIE">u=v\left(\frac{\Phi}{h}, x, h\right),</formula>
    <formula uri="http://libmeta.ru/fme/formula/main/1398_4_KOROTKIE">L\left(y, x,-i h \nabla_{x}-i h^{1-\alpha} \nabla_{x} \Phi \cdot \nabla_{y}, h\right) v=0,</formula>
  </formulas_main>
  <formulas_aux>
    <formula uri="http://libmeta.ru/fme/formula/aux/1398_1_KOROTKIE">x \in \mathbb{R}^{n}</formula>
    <formula uri="http://libmeta.ru/fme/formula/aux/1398_2_KOROTKIE">h</formula>
    <formula uri="http://libmeta.ru/fme/formula/aux/1398_3_KOROTKIE">\phi(x)</formula>
    <formula uri="http://libmeta.ru/fme/formula/aux/1398_4_KOROTKIE">\phi=x), L(y, p, x, h)</formula>
    <formula uri="http://libmeta.ru/fme/formula/aux/1398_5_KOROTKIE">(l-</formula>
    <formula uri="http://libmeta.ru/fme/formula/aux/1398_6_KOROTKIE">p</formula>
    <formula uri="http://libmeta.ru/fme/formula/aux/1398_7_KOROTKIE">y=\left(y_{1}, \ldots, y_{l}\right)</formula>
    <formula uri="http://libmeta.ru/fme/formula/aux/1398_8_KOROTKIE">2 \pi</formula>
    <formula uri="http://libmeta.ru/fme/formula/aux/1398_9_KOROTKIE">y_{j}</formula>
    <formula uri="http://libmeta.ru/fme/formula/aux/1398_10_KOROTKIE">\alpha&gt;0</formula>
    <formula uri="http://libmeta.ru/fme/formula/aux/1398_11_KOROTKIE">\alpha&lt;1</formula>
    <formula uri="http://libmeta.ru/fme/formula/aux/1398_12_KOROTKIE">h \rightarrow 0</formula>
    <formula uri="http://libmeta.ru/fme/formula/aux/1398_13_KOROTKIE">1 \leqslant \alpha&lt;0</formula>
    <formula uri="http://libmeta.ru/fme/formula/aux/1398_14_KOROTKIE">v(y, x, h)-2 \pi</formula>
    <formula uri="http://libmeta.ru/fme/formula/aux/1398_15_KOROTKIE">y_{1}, \ldots, y_{l}</formula>
    <formula uri="http://libmeta.ru/fme/formula/aux/1398_16_KOROTKIE">\mathbf{k}</formula>
    <formula uri="http://libmeta.ru/fme/formula/aux/1398_17_KOROTKIE">1&lt;\alpha&lt;0</formula>
    <formula uri="http://libmeta.ru/fme/formula/aux/1398_18_KOROTKIE">(l=1)</formula>
    <formula uri="http://libmeta.ru/fme/formula/aux/1398_19_KOROTKIE">l \geqslant 2</formula>
  </formulas_aux>
  <relations n="0"/>
  <text>волны, описывающиеся уравнениями с коэффициентами, меняющимися значительно на расстояниях, сравнимых с длинами волн. В линейной теории для моделирования такой ситуации часто используются уравнения вида (в безразмерных координатах $URI[[http://libmeta.ru/fme/formula/aux/1398_1_KOROTKIE]]/URI$ ):

\[
URI[[http://libmeta.ru/fme/formula/main/1398_1_KOROTKIE]]/URI
\]

Здесь $URI[[http://libmeta.ru/fme/formula/aux/1398_2_KOROTKIE]]/URI$ - малый параметр, $URI[[http://libmeta.ru/fme/formula/aux/1398_3_KOROTKIE]]/URI$ может быть как скалярной, так и векторной функцией (напр., $URI[[http://libmeta.ru/fme/formula/aux/1398_4_KOROTKIE]]/URI$ гладкая функция всех своих аргументов $URI[[http://libmeta.ru/fme/formula/aux/1398_5_KOROTKIE]]/URI$ многочлен от $URI[[http://libmeta.ru/fme/formula/aux/1398_6_KOROTKIE]]/URI$, если (1) - дифференциальное уравнение); по переменным $URI[[http://libmeta.ru/fme/formula/aux/1398_7_KOROTKIE]]/URI$, как правило, предполагается: a) $URI[[http://libmeta.ru/fme/formula/aux/1398_8_KOROTKIE]]/URI$-периодичность по каждому $URI[[http://libmeta.ru/fme/formula/aux/1398_9_KOROTKIE]]/URI$, или б) быстрое убывание; $URI[[http://libmeta.ru/fme/formula/aux/1398_10_KOROTKIE]]/URI$ - параметр. Если $URI[[http://libmeta.ru/fme/formula/aux/1398_11_KOROTKIE]]/URI$, то строятся асимптотические при $URI[[http://libmeta.ru/fme/formula/aux/1398_12_KOROTKIE]]/URI$ решения и в главном члене по существу определяются из «осредненного» уравнения

\[
URI[[http://libmeta.ru/fme/formula/main/1398_2_KOROTKIE]]/URI
\]

При $URI[[http://libmeta.ru/fme/formula/aux/1398_13_KOROTKIE]]/URI$ уравнение (1) подстановкой

\[
URI[[http://libmeta.ru/fme/formula/main/1398_3_KOROTKIE]]/URI
\]

$URI[[http://libmeta.ru/fme/formula/aux/1398_14_KOROTKIE]]/URI$-периодичными по $URI[[http://libmeta.ru/fme/formula/aux/1398_15_KOROTKIE]]/URI$, редуцируется (см. [3], [5]) к уравнению с операторнозначным символом

\[
URI[[http://libmeta.ru/fme/formula/main/1398_4_KOROTKIE]]/URI
\]

для решения $URI[[http://libmeta.ru/fme/formula/aux/1398_16_KOROTKIE]]/URI$-рого применяется адиабатич. приближение. При этом если $URI[[http://libmeta.ru/fme/formula/aux/1398_17_KOROTKIE]]/URI$, то термы в адиабатич. приближении можно находить также с помощью асимптотич. методов (см. [6]). В спектральных задачах наличие быстрых осцилляций в коэффициентах вносит вклад в условия квантования в виде поправки, определяемой нек-рой дифференциальной формой (см. [4]). Имеющиеся результаты (см. [2][4], [6]) в основном относятся к однофазовому $URI[[http://libmeta.ru/fme/formula/aux/1398_18_KOROTKIE]]/URI$ случаю, поскольку при $URI[[http://libmeta.ru/fme/formula/aux/1398_19_KOROTKIE]]/URI$ становится нетривиальной задача исследования спектра соответствующего операторнозначного символа и он может быть устроен весьма сложным образом. Напр., каждый терм может быть точкой накопления (см. [5]). В случае б) у соответствующего уравнению (2) операторнозначного символа может появиться существенно непрерывная компонента и в усреднении на непрерывном спектре роль термов играют границы непрерывной компоненты.</text>
  <text_orig>волны, описывающиеся уравнениями с коэффициентами, меняющимися значительно на расстояниях, сравнимых с длинами волн. В линейной теории для моделирования такой ситуации часто используются уравнения вида (в безразмерных координатах $x \in \mathbb{R}^{n}$ ):

\[
L\left(\frac{\Phi(x)}{h^{\alpha}}, x,-i h \nabla_{x}, x\right) u=0 .
\]

Здесь $h$ - малый параметр, $\Phi(x)$ может быть как скалярной, так и векторной функцией (напр., $\Phi=x), L(y, p, x, h)$ гладкая функция всех своих аргументов $(L-$ многочлен от $p$, если (1) - дифференциальное уравнение); по переменным $y=\left(y_{1}, \ldots, y_{l}\right)$, как правило, предполагается: a) $2 \pi$-периодичность по каждому $y_{j}$, или б) быстрое убывание; $\alpha&gt;0$ - параметр. Если $\alpha&lt;1$, то строятся асимптотические при $h \rightarrow 0$ решения и в главном члене по существу определяются из «осредненного» уравнения

\[
\begin{gathered}
\tilde{L}\left(x,-i h \nabla_{x}, h\right) u=0, \\
\tilde{L}(x, p, h)=\int_{0}^{2 \pi} \cdots \int_{0}^{2 \pi} L(y, x, p, h) d y^{l} .
\end{gathered}
\]

При $1 \leqslant \alpha&lt;0$ уравнение (1) подстановкой

\[
u=v\left(\frac{\Phi}{h}, x, h\right),
\]

$v(y, x, h)-2 \pi$-периодичными по $y_{1}, \ldots, y_{l}$, редуцируется (см. [3], [5]) к уравнению с операторнозначным символом

\[
L\left(y, x,-i h \nabla_{x}-i h^{1-\alpha} \nabla_{x} \Phi \cdot \nabla_{y}, h\right) v=0,
\]

для решения $\mathbf{k}$-рого применяется адиабатич. приближение. При этом если $1&lt;\alpha&lt;0$, то термы в адиабатич. приближении можно находить также с помощью асимптотич. методов (см. [6]). В спектральных задачах наличие быстрых осцилляций в коэффициентах вносит вклад в условия квантования в виде поправки, определяемой нек-рой дифференциальной формой (см. [4]). Имеющиеся результаты (см. [2][4], [6]) в основном относятся к однофазовому $(l=1)$ случаю, поскольку при $l \geqslant 2$ становится нетривиальной задача исследования спектра соответствующего операторнозначного символа и он может быть устроен весьма сложным образом. Напр., каждый терм может быть точкой накопления (см. [5]). В случае б) у соответствующего уравнению (2) опіераторнозначного символа может появиться существенно непрерывная компонента и в усреднении на непрерывном спектре роль термов играют границы непрерывной компоненты.

Jum.: [1] Бах в ал о в Н. С., П а н а с е н ко Г. П., Осреднение процессов в периодических средах, М., 1984; [2] B e nsoussan A., Lions J. L., Papanic ola ou G., Asymptotic analysis for periodic, Amst., 1978; [3] М а с л о в В. П., &quot;Успехи математич. наук», 1983, т. 38 , в. 6, с. 3-36; [4] Бу с ла е в В. С., там же, 1987 , т. 42, в. 6, с. 77-98; [5] П я т ни цк и й А. Л., «Математич. сб.», 1981, т. 115, № 3, с. 478-92; [6] Д о б р о х о т о в С. Ю., «Математич. заметки», 1988, т. 44, № 3, с. 319-40; [7] Бе рлянд Л. В., Доб рохот о в С. Ю., «Доклады АН СССР», 1987, т. 296, № 1, с. 80-84.

С. Ю. Доброхотов.</text_orig>
</article>
