<?xml version="1.0" ?>
<article uri="http://libmeta.ru/fme/article/1399_KOROTKIE" alphabetic_pos="1401">
  <title>КОРОТКИЕ ВОЛНЫ В ПЛАВНОМЕНЯЮЩИХСЯ СРЕДАХ</title>
  <authors>
    <author>В. А. Боровиков</author>
  </authors>
  <pages>
    <start>292</start>
    <end>293</end>
  </pages>
  <literature>
    <literature_orig>Лum.: [1] Баб и ч В. М., Бу.л ды ре в В. С., Асимптотические методы в задачах дифракции коротких волн, М., 1972; [2] Попов А. В., “радиотехника и электроника», 1977, т. 22, № 8, с. 1577-82; [3] е го же, “доклады Ан СССР», 1976, т. 230, № 6, c. 1322-25; [4] Borovikovv.A., Popova. V., &quot;wave motion&quot;, 1984, v. 6, p. 525-46; [5] Кинбер Б. Е., Мальцев Н. Е., Токатлы В. И., «радиотехника и электроника», 1970, т. 15, № 12, с. 2512-21; [6] Боровиков В. А., там же, 1978, т. 23, № 7, с. 1365-76; [7] Мейерова Р.С., Попов А. В., Хозиоск и й С.А., там же, 1985, т. 30 , № 11, с. $2106-13$.</literature_orig>
    <unit>
      <author>Бабич В. М.</author>
      <author>Бу.лдырев В. С.</author>
      <title>Асимптотические методы в задачах дифракции коротких волн</title>
      <publication>М.</publication>
      <year>1972</year>
      <other/>
    </unit>
    <unit>
      <author>Попов А. В.</author>
      <title>“радиотехника и электроника»</title>
      <publication/>
      <year>1977</year>
      <other>т. 22, № 8, с. 1577-82</other>
    </unit>
    <unit>
      <title>е го же, “доклады Ан СССР»</title>
      <publication/>
      <year>1976</year>
      <other>т. 230, № 6, c. 1322-25</other>
    </unit>
    <unit>
      <author>Borovikovv. A.</author>
      <author>Popova. V.</author>
      <title>&quot;wave motion&quot;</title>
      <publication/>
      <year>1984</year>
      <other>v. 6, p. 525-46</other>
    </unit>
    <unit>
      <author>Кинбер Б. Е.</author>
      <author>Мальцев Н. Е.</author>
      <author>Токатлы В. И.</author>
      <title>«радиотехника и электроника»</title>
      <publication/>
      <year>1970</year>
      <other>т. 15, № 12, с. 2512-21</other>
    </unit>
    <unit>
      <author>Боровиков В. А.</author>
      <title>там же</title>
      <publication/>
      <year>1978</year>
      <other>т. 23, № 7, с. 1365-76</other>
    </unit>
    <unit>
      <author>Мейерова Р. С.</author>
      <author>Попов А. В.</author>
      <author>Хозиоский С. А.</author>
      <title>там же</title>
      <publication/>
      <year>1985</year>
      <other>т. 30, № 11, с. $2106-13$.</other>
    </unit>
  </literature>
  <formulas_main>
    <formula uri="http://libmeta.ru/fme/formula/main/1399_1_KOROTKIE">u=A \exp i(-\omega t+k \boldsymbol{r})</formula>
    <formula uri="http://libmeta.ru/fme/formula/main/1399_2_KOROTKIE">u=\left(A_{0}+\frac{i}{p} A_{1}+\left(\frac{i}{p}\right)^{2} A_{2}+\ldots\right) \exp i p \Sigma(t, r) .</formula>
    <formula uri="http://libmeta.ru/fme/formula/main/1399_3_KOROTKIE">u=e^{i p q}\left[M p^{1 / 6} v\left(-p^{2 / 3} \sigma\right)+N p^{-1 / 6} v^{\prime}\left(-p^{2 / 3} \sigma\right)\right]</formula>
    <formula uri="http://libmeta.ru/fme/formula/main/1399_4_KOROTKIE">M=\sum\left(\frac{i}{p}\right)^{n} M_{n}, \quad N=\sum\left(\frac{i}{p}\right)^{n} N_{n}</formula>
    <formula uri="http://libmeta.ru/fme/formula/main/1399_5_KOROTKIE">u=u_{+}+u_{-}=\sum A_{n}^{+}\left(\frac{i}{p}\right)^{n} e^{i k S_{+}}+\sum A_{n}^{-}\left(\frac{i}{p}\right)^{n} e^{i k S_{-}},</formula>
  </formulas_main>
  <formulas_aux>
    <formula uri="http://libmeta.ru/fme/formula/aux/1399_1_KOROTKIE">a</formula>
    <formula uri="http://libmeta.ru/fme/formula/aux/1399_2_KOROTKIE">\omega</formula>
    <formula uri="http://libmeta.ru/fme/formula/aux/1399_3_KOROTKIE">\boldsymbol{k}</formula>
    <formula uri="http://libmeta.ru/fme/formula/aux/1399_4_KOROTKIE">p</formula>
    <formula uri="http://libmeta.ru/fme/formula/aux/1399_5_KOROTKIE">t</formula>
    <formula uri="http://libmeta.ru/fme/formula/aux/1399_6_KOROTKIE">a_{n}</formula>
    <formula uri="http://libmeta.ru/fme/formula/aux/1399_7_KOROTKIE">t</formula>
    <formula uri="http://libmeta.ru/fme/formula/aux/1399_8_KOROTKIE">\sigma=-\omega t+S(r)</formula>
    <formula uri="http://libmeta.ru/fme/formula/aux/1399_9_KOROTKIE">\omega=</formula>
    <formula uri="http://libmeta.ru/fme/formula/aux/1399_10_KOROTKIE">u</formula>
    <formula uri="http://libmeta.ru/fme/formula/aux/1399_11_KOROTKIE">p</formula>
    <formula uri="http://libmeta.ru/fme/formula/aux/1399_12_KOROTKIE">s</formula>
    <formula uri="http://libmeta.ru/fme/formula/aux/1399_13_KOROTKIE">a_{n}-</formula>
    <formula uri="http://libmeta.ru/fme/formula/aux/1399_14_KOROTKIE">a_{0}</formula>
    <formula uri="http://libmeta.ru/fme/formula/aux/1399_15_KOROTKIE">a_{0}, A_{1}, \ldots</formula>
    <formula uri="http://libmeta.ru/fme/formula/aux/1399_16_KOROTKIE">q(\boldsymbol{r}), \sigma(\boldsymbol{r})</formula>
    <formula uri="http://libmeta.ru/fme/formula/aux/1399_17_KOROTKIE">c</formula>
    <formula uri="http://libmeta.ru/fme/formula/aux/1399_18_KOROTKIE">v, v^{\prime}</formula>
    <formula uri="http://libmeta.ru/fme/formula/aux/1399_19_KOROTKIE">|p| \rightarrow \infty</formula>
    <formula uri="http://libmeta.ru/fme/formula/aux/1399_20_KOROTKIE">u_{+}</formula>
    <formula uri="http://libmeta.ru/fme/formula/aux/1399_21_KOROTKIE">u_{-}</formula>
    <formula uri="http://libmeta.ru/fme/formula/aux/1399_22_KOROTKIE">k H \gg 1</formula>
    <formula uri="http://libmeta.ru/fme/formula/aux/1399_23_KOROTKIE">\varepsilon=h / L \ll 1(k-</formula>
    <formula uri="http://libmeta.ru/fme/formula/aux/1399_24_KOROTKIE">h, L-</formula>
    <formula uri="http://libmeta.ru/fme/formula/aux/1399_25_KOROTKIE">k H \varepsilon \ll 1</formula>
    <formula uri="http://libmeta.ru/fme/formula/aux/1399_26_KOROTKIE">k H \varepsilon^{N} \gg 1</formula>
    <formula uri="http://libmeta.ru/fme/formula/aux/1399_27_KOROTKIE">k H \varepsilon^{N+1} \ll 1(N&gt;1-</formula>
    <formula uri="http://libmeta.ru/fme/formula/aux/1399_28_KOROTKIE">n</formula>
    <formula uri="http://libmeta.ru/fme/formula/aux/1399_29_KOROTKIE">k H f\left(\varepsilon, \frac{n}{k H}\right)</formula>
    <formula uri="http://libmeta.ru/fme/formula/aux/1399_30_KOROTKIE">f</formula>
    <formula uri="http://libmeta.ru/fme/formula/aux/1399_31_KOROTKIE">\varepsilon \rightarrow 0</formula>
    <formula uri="http://libmeta.ru/fme/formula/aux/1399_32_KOROTKIE">f</formula>
  </formulas_aux>
  <relations n="0"/>
  <text>волны в средах, параметры которых мало меняются на расстояниях порядка длины волны. В таких средах волновое поле локально устроено так же, как и для плоской среды, и в наиболее часто встречающемся случае имеет вид локально плоской волны

\[
URI[[http://libmeta.ru/fme/formula/main/1399_1_KOROTKIE]]/URI
\]

где амплитуда $URI[[http://libmeta.ru/fme/formula/aux/1399_1_KOROTKIE]]/URI$, частота $URI[[http://libmeta.ru/fme/formula/aux/1399_2_KOROTKIE]]/URI$ и волновой вектор $URI[[http://libmeta.ru/fme/formula/aux/1399_3_KOROTKIE]]/URI$ - медленно меняющиеся функции. Обозначение через $URI[[http://libmeta.ru/fme/formula/aux/1399_4_KOROTKIE]]/URI$ большого параметра задачи - отношения характерного масштаба неоднородности среды к характерной длине волны, приводит к формализму лучевого метода, то есть к выражению для поля в форме:

\[
URI[[http://libmeta.ru/fme/formula/main/1399_2_KOROTKIE]]/URI
\]

В случае стационарных сред и гармонич. зависимости поля от $URI[[http://libmeta.ru/fme/formula/aux/1399_5_KOROTKIE]]/URI$, коэффициенты $URI[[http://libmeta.ru/fme/formula/aux/1399_6_KOROTKIE]]/URI$ не зависят от $URI[[http://libmeta.ru/fme/formula/aux/1399_7_KOROTKIE]]/URI$, а $URI[[http://libmeta.ru/fme/formula/aux/1399_8_KOROTKIE]]/URI$, где $URI[[http://libmeta.ru/fme/formula/aux/1399_9_KOROTKIE]]/URI$ const. Для этого случая подстановка выражения для $URI[[http://libmeta.ru/fme/formula/aux/1399_10_KOROTKIE]]/URI$ в волновой оператор и приравнивание нулю коэффициентов при одинаковых степенях $URI[[http://libmeta.ru/fme/formula/aux/1399_11_KOROTKIE]]/URI$ дает для $URI[[http://libmeta.ru/fme/formula/aux/1399_12_KOROTKIE]]/URI$ уравнение с частными производными первого порядка (уравнение эйконала), а для $URI[[http://libmeta.ru/fme/formula/aux/1399_13_KOROTKIE]]/URI$ систему рекуррентных линейных уравнений первого порядка вдоль лучей - характеристик уравнения эйконала. В частности, $URI[[http://libmeta.ru/fme/formula/aux/1399_14_KOROTKIE]]/URI$ изменяется в соответствии с обычными законами геометрич. оптики, то есть обратно пропорционально корню квадратному из ширины лучевой трубки.

Лучевой метод непригоден вблизи огибающей лучей (каустики), а также вблизи линий и точек их фокусировки, где коэффициенты $URI[[http://libmeta.ru/fme/formula/aux/1399_15_KOROTKIE]]/URI$ обращаются в бесконечность. В окрестности простой каустики поле выражается через функцию Эйри и ее производную (см. [1]):

\[
URI[[http://libmeta.ru/fme/formula/main/1399_3_KOROTKIE]]/URI
\]

где функции $URI[[http://libmeta.ru/fme/formula/aux/1399_16_KOROTKIE]]/URI$ и коэффициенты асимптотич. рядов

\[
URI[[http://libmeta.ru/fme/formula/main/1399_4_KOROTKIE]]/URI
\]

регулярны вблизи $URI[[http://libmeta.ru/fme/formula/aux/1399_17_KOROTKIE]]/URI$. Эти функции определяются из условия, что при замене функций $URI[[http://libmeta.ru/fme/formula/aux/1399_18_KOROTKIE]]/URI$ на их асимптотич. разложения при $URI[[http://libmeta.ru/fme/formula/aux/1399_19_KOROTKIE]]/URI$ выражение (*) переходит в сумму

\[
URI[[http://libmeta.ru/fme/formula/main/1399_5_KOROTKIE]]/URI
\]

где $URI[[http://libmeta.ru/fme/formula/aux/1399_20_KOROTKIE]]/URI$соответствует прошедшему через точку наблюдения лучу, коснувшемуся каустики, а $URI[[http://libmeta.ru/fme/formula/aux/1399_21_KOROTKIE]]/URI$- лучу, еше не прошедшему через каустику.

При помощи метода канонич. оператора Маслова для полей в областях сложных фокусировок выписываются интегральные представления.

Особый случай составляет распространение волн в широких плавно нерегулярных волноводах, для к-рых $URI[[http://libmeta.ru/fme/formula/aux/1399_22_KOROTKIE]]/URI$, $URI[[http://libmeta.ru/fme/formula/aux/1399_23_KOROTKIE]]/URI$ волновое число, $URI[[http://libmeta.ru/fme/formula/aux/1399_24_KOROTKIE]]/URI$ характерные ширина и масштаб продольной неоднородности волновода). Поле в регулярных волноводах - суперпозиция нормальных волн (мод), каждая из к-рых строится разделением переменных. В плавно нерегулярном волноводе при $URI[[http://libmeta.ru/fme/formula/aux/1399_25_KOROTKIE]]/URI$ поле является суммой «адиабатических мод» с профилем в каждом поперечном сечении в виде собствен- ной функции волновода сравнения (регулярного волновода с тем же поперечным сечением) и медленно меняющимися амплитудой и фазовой скоростью. При $URI[[http://libmeta.ru/fme/formula/aux/1399_26_KOROTKIE]]/URI$, но $URI[[http://libmeta.ru/fme/formula/aux/1399_27_KOROTKIE]]/URI$ целое число), каждая из адиабатич. мод приобретает дополнительные зависящие как от продольной, так и от поперечной координаты быстро осциллирующие множители (см. [2], [3]). Этот формализм переносится на трехмерные волноведущие слои (см.[4]). Для описания мод в плавно нерегулярных волноводах развивается лучевой подход (см. [3], [5]).

В случае плавного перехода между двумя регулярными волноводами падающая на переход мода возбуждает целый спектр уходящих мод. Для падающей моды с большим номером $URI[[http://libmeta.ru/fme/formula/aux/1399_28_KOROTKIE]]/URI$ число эффективно возбуждаемых уходящих мод имеет порядок $URI[[http://libmeta.ru/fme/formula/aux/1399_29_KOROTKIE]]/URI$, где $URI[[http://libmeta.ru/fme/formula/aux/1399_30_KOROTKIE]]/URI$ зависит от формы перехода и быстро (для аналитич. переходов - экспоненциально) стремится к нулю при $URI[[http://libmeta.ru/fme/formula/aux/1399_31_KOROTKIE]]/URI$. Оценки для функции $URI[[http://libmeta.ru/fme/formula/aux/1399_32_KOROTKIE]]/URI$ и амплитуд возбуждаемых мод найдены, хотя и не доказаны строго (см. [6]). Аналогичные результаты получены для падающих мод с малыми номерами (см. [7]).</text>
  <text_orig>волны в средах, параметры которых мало меняются на расстояниях порядка длины волны. В таких средах волновое поле локально устроено так же, как и для плоской среды, и в наиболее часто встречающемся случае имеет вид локально плоской волны

\[
u=A \exp i(-\omega t+k \boldsymbol{r})
\]

где амплитуда $A$, частота $\omega$ и волновой вектор $\boldsymbol{k}$ - медленно меняющиеся функции. Обозначение через $p$ большого параметра задачи - отношения характерного масштаба неоднородности среды к характерной длине волны, приводит к формализму лучевого метода, то есть к выражению для поля в форме:

\[
u=\left(A_{0}+\frac{i}{p} A_{1}+\left(\frac{i}{p}\right)^{2} A_{2}+\ldots\right) \exp i p \Sigma(t, r) .
\]

В случае стационарных сред и гармонич. зависимости поля от $t$, коэффициенты $A_{n}$ не зависят от $t$, а $\Sigma=-\omega t+S(r)$, где $\omega=$ const. Для этого случая подстановка выражения для $u$ в волновой оператор и приравнивание нулю коэффициентов при одинаковых степенях $p$ дает для $S$ уравнение с частными производными первого порядка (уравнение эйконала), а для $A_{n}-$ систему рекуррентных линейных уравнений первого порядка вдоль лучей - характеристик уравнения эйконала. В частности, $A_{0}$ изменяется в соответствии с обычными законами геометрич. оптики, то есть обратно пропорционально корню квадратному из ширины лучевой трубки.

Лучевой метод непригоден вблизи огибающей лучей (каустики), а также вблизи линий и точек их фокусировки, где коэффициенты $A_{0}, A_{1}, \ldots$ обращаются в бесконечность. В окрестности простой каустики поле выражается через функцию Эйри и ее производную (см. [1]):

\[
u=e^{i p q}\left[M p^{1 / 6} v\left(-p^{2 / 3} \sigma\right)+N p^{-1 / 6} v^{\prime}\left(-p^{2 / 3} \sigma\right)\right]
\]

где функции $q(\boldsymbol{r}), \sigma(\boldsymbol{r})$ и коэффициенты асимптотич. рядов

\[
M=\sum\left(\frac{i}{p}\right)^{n} M_{n}, \quad N=\sum\left(\frac{i}{p}\right)^{n} N_{n}
\]

регулярны вблизи $C$. Эти функции определяются из условия, что при замене функций $v, v^{\prime}$ на их асимптотич. разложения при $|p| \rightarrow \infty$ выражение (*) переходит в сумму

\[
u=u_{+}+u_{-}=\sum A_{n}^{+}\left(\frac{i}{p}\right)^{n} e^{i k S_{+}}+\sum A_{n}^{-}\left(\frac{i}{p}\right)^{n} e^{i k S_{-}},
\]

где $u_{+}$соответствует прошедшему через точку наблюдения лучу, коснувшемуся каустики, а $u_{-}$- лучу, еше не прошедшему через каустику.

При помощи метода канонич. оператора Маслова для полей в областях сложных фокусировок выписываются интегральные представления.

Особый случай составляет распространение волн в широких плавно нерегулярных волноводах, для к-рых $k H \gg 1$, $\varepsilon=H / L \ll 1(k-$ волновое число, $H, L-$ характерные ширина и масштаб продольной неоднородности волновода). Поле в регулярных волноводах - суперпозиция нормальных волн (мод), каждая из к-рых строится разделением переменных. В плавно нерегулярном волноводе при $k H \varepsilon \ll 1$ поле является суммой «адиабатических мод» с профилем в каждом поперечном сечении в виде собствен- ной функции волновода сравнения (регулярного волновода с тем же поперечным сечением) и медленно меняющимися амплитудой и фазовой скоростью. При $k H \varepsilon^{N} \gg 1$, но $k H \varepsilon^{N+1} \ll 1(N&gt;1-$ целое число), каждая из адиабатич. мод приобретает дополнительные зависящие как от продольной, так и от поперечной координаты быстро осциллирующие множители (см. [2], [3]). Этот формализм переносится на трехмерные волноведущие слои (см.[4]). Для описания мод в плавно нерегулярных волноводах развивается лучевой подход (см. [3], [5]).

В случае плавного перехода между двумя регулярными волноводами падающая на переход мода возбуждает целый спектр уходящих мод. Для падающей моды с большим номером $n$ число эффективно возбуждаемых уходящих мод имеет порядок $k H f\left(\varepsilon, \frac{n}{k H}\right)$, где $f$ зависит от формы перехода и быстро (для аналитич. переходов - экспоненциально) стремится к нулю при $\varepsilon \rightarrow 0$. Оценки для функции $f$ и амплитуд возбуждаемых мод найдены, хотя и не доказаны строго (см. [6]). Аналогичные результаты получены для падающих мод с малыми номерами (см. [7]).

Лum.: [1] Баб и ч В. М., Бу.л ды ре в В. С., Асимптотические методы в задачах дифракщии коротких волн, М., 1972; [2] Попов А. В., “Радиотехника и электроника», 1977, т. 22, № 8, с. 1577-82; [3] е го же, “Доклады АН СССР», 1976, т. 230, № 6, c. 1322-25; [4] BorovikovV.A., PopovA. V., &quot;Wave Molion&quot;, 1984, v. 6, p. 525-46; [5] Кинбер Б. Е., Мальцев Н. Е., Токатлы В. И., «Радиотехника и электроника», 1970, т. 15, № 12, с. 2512-21; [6] Боровиков В. А., там же, 1978, т. 23, № 7, с. 1365-76; [7] Мейерова Р.С., Попов А. В., Хозиоск и й С.А., там же, 1985, т. 30 , № 11, с. $2106-13$. В. А. Боровиков.</text_orig>
</article>
