<?xml version="1.0" ?>
<article uri="http://libmeta.ru/fme/article/1400_KOROTKIE" alphabetic_pos="1402">
  <title>КОРОТКИЕ ВОЛНЫ В РЕЗОНАТОРАХ И ВОЛНОВОДАХ</title>
  <authors/>
  <pages>
    <start>293</start>
    <end>293</end>
  </pages>
  <literature>
    <literature_orig>Лит.: [1] Баб ич В. М., Бу лды ре в В. С., Асимптотические методы в задачах дифракции коротких волн, М., 1972; [2] В а йн ш т е й н Л.А., Открытые резонаторы и открытые волноводы, М., 1966; [3] Лазуткин В. Ф., Выпуклый биллиард и собственные функции оператора Лапласа, Л., 1981; [4] Прямые и обратные задачи теории дифракции, М., 1979; [5] Покровский В. Л., Ули н и ч Ф. Р., С а в в и ны ы С. К., &quot;радиотехника и электроника», 1959, $\begin{array}{ll}\text { т. 4, в. 2, с. 161-71. } &amp; \text { B. М. Бабич. }\end{array}$</literature_orig>
    <unit>
      <author>Бабич В. М.</author>
      <author>Булдырев В. С.</author>
      <title>Асимптотические методы в задачах дифракции коротких волн</title>
      <publication>М.</publication>
      <year>1972</year>
      <other/>
    </unit>
    <unit>
      <author>Вайнштейн Л. А.</author>
      <title>Открытые резонаторы и открытые волноводы</title>
      <publication>М.</publication>
      <year>1966</year>
      <other/>
    </unit>
    <unit>
      <author>Лазуткин В. Ф.</author>
      <title>Выпуклый биллиард и собственные функции оператора Лапласа</title>
      <publication>Л.</publication>
      <year>1981</year>
      <other/>
    </unit>
    <unit>
      <title>Прямые и обратные задачи теории дифракции</title>
      <publication>М.</publication>
      <year>1979</year>
      <other/>
    </unit>
    <unit>
      <author>Покровский В. Л.</author>
      <author>Улинич Ф. Р.</author>
      <author>Саввиныы С. К.</author>
      <title>&quot;радиотехника и электроника»</title>
      <publication/>
      <year>1959</year>
      <other>$\begin{array}{ll}\text { т. 4, в. 2, с. 161-71. } &amp; \text { B. М. Бабич. }\end{array}$</other>
    </unit>
  </literature>
  <formulas_main/>
  <formulas_aux>
    <formula uri="http://libmeta.ru/fme/formula/aux/1400_1_KOROTKIE">a B</formula>
    <formula uri="http://libmeta.ru/fme/formula/aux/1400_2_KOROTKIE">a</formula>
    <formula uri="http://libmeta.ru/fme/formula/aux/1400_3_KOROTKIE">b</formula>
    <formula uri="http://libmeta.ru/fme/formula/aux/1400_4_KOROTKIE">a B</formula>
    <formula uri="http://libmeta.ru/fme/formula/aux/1400_5_KOROTKIE">a B</formula>
    <formula uri="http://libmeta.ru/fme/formula/aux/1400_6_KOROTKIE">a B</formula>
    <formula uri="http://libmeta.ru/fme/formula/aux/1400_7_KOROTKIE">a B</formula>
  </formulas_aux>
  <relations n="0"/>
  <text>Коротковолновые колебания в резонаторах нетрудно изучать в том случае, когда соответствующую задачу о собственных функциях можно решить явно разделением переменных. Если это не имеет место, то только для немногих типов колебаний удается аналитически описать волновое поле. По-видимому, колебания, сосредоточенные в окрестности оси резонатора,- наиболее важный случай, когда такое описание возможно. Под ос ью резо натора понимается луч $URI[[http://libmeta.ru/fme/formula/aux/1400_1_KOROTKIE]]/URI$, перпендикулярный как в начале $URI[[http://libmeta.ru/fme/formula/aux/1400_2_KOROTKIE]]/URI$, так и в конце $URI[[http://libmeta.ru/fme/formula/aux/1400_3_KOROTKIE]]/URI$ поверхности резонатора. Колебание, сосредоточенное вблизи $URI[[http://libmeta.ru/fme/formula/aux/1400_4_KOROTKIE]]/URI$, удается построить, используя методику дифракционного пограничного слоя. Соответствующее уравнение пограничного слоя является уравнением Шредингера с квадратичным потенциалом. Оно допускает явное решение. Волновой процесс может описываться уравнениями Максвелла, волновыми уравнениями. Для того чтобы построения были осуществимы, ось резонатора должна быть устойчива: луч, близкий к $URI[[http://libmeta.ru/fme/formula/aux/1400_5_KOROTKIE]]/URI$, после ряда последовательных отражений от внутренней поверхности резонатора достаточно долго не покидает окрестности $URI[[http://libmeta.ru/fme/formula/aux/1400_6_KOROTKIE]]/URI$. Построения обобщаются на тот случай, когда луч $URI[[http://libmeta.ru/fme/formula/aux/1400_7_KOROTKIE]]/URI$ заменен на луч, к-рый, отразившись конечное число раз от внутренней поверхности резонатора, переходит в себя.

Построение высокочастотных волновых полей в резонаторах оказалось связанным с так наз. биллиардной задачей и соответствующими инвариантными торами.

Расчет регулярных волноводов сводится к нахождению собственных чисел и функций для его поперечного сечения. Эта задача по существу совпадает с задачей нахождения волновых полей в плоском резонаторе.

Качественно новые проблемы возникают в том случае, когда параметры волновода плавно меняются вдоль его оси. Здесь, в частности, удается построить своеобразный аналог геометро-оптич. разложения для колебания слабо осциллирующего в поперечном сечении волнового поля, если на расстояниях порядка длины волны свойства волновода вдоль его оси мало меняются.

Если волновод плоский и регулярный, то колебания в нем суть наложение двух волн Бриллюэна. В случае слабо нерегулярного волновода их и можно заменить асимптотич. разложениями, аналогичными геометро-оптическим приближениям. На участках нерегулярности волновода один тип колебаний может переходить в другой. Расчет такой трансформации удается провести численно, а иногда с помощью не обоснованного строго метода поперечных сечений.

Для того чтобы возбудить все типы колебаний в волноводе, достаточно поместить там точечный источник колебаний. Здесь возникает ряд проблем. Напр., нахождение соответствующих коэффициентов возбуждения; вывод формул, описывающих наложение большой серии колебаний с близкими свойствами. Эти проблемы в высокочастотном приближении иногда удается разрешить.</text>
  <text_orig>Коротковолновые колебания в резонаторах нетрудно изучать в том случае, когда соответствующую задачу о собственных функшиях можно решить явно разделением переменных. Если это не имеет место, то только для немногих типов колебаний удается аналитически описать волновое поле. По-видимому, колебания, сосредоточенные в окрестности оси резонатора,- наиболее важный случай, когда такое описание возможно. Под ос ью резо натора понимается луч $A B$, перпендикулярный как в начале $A$, так и в конце $B$ поверхности резонатора. Колебание, сосредоточенное вблизи $A B$, удается построить, используя методику дифракционного пограничного слоя. Соответствующее уравнение пограничного слоя является уравнением Шредингера с квадратичным потенциалом. Оно допускает явное решение. Волновой процесс может описываться уравнениями Максвелла, волновыми уравнениями. Для того чтобы построения были осуществимы, ось резонатора должна быть устойчива: луч, близкий к $A B$, после ряда последовательных отражений от внутренней поверхности резонатора достаточно долго не покидает окрестности $A B$. Построения обобщаются на тот случай, когда луч $A B$ заменен на луч, к-рый, отразившись конечное число раз от внутренней поверхности резонатора, переходит в себя.

Построение высокочастотных волновых полей в резонаторах оказалось связанным с так наз. биллиардной задачей и соответствующими инвариантными торами.

Расчет регулярных волноводов сводится к нахождению собственных чисел и функций для его поперечного сечения. Эта задача по сушеству совпадает с задачей нахождения волновых полей в плоском резонаторе.

Качественно новые проблемы возникают в том случае, когда параметры волновода плавно меняются вдоль его оси. Здесь, в частности, удается построить своеобразный аналог геометро-оптич. разложения для колебания слабо осциллирующего в поперечном сечении волнового поля, если на расстояниях порядка длины волны свойства волновода вдоль его оси мало меняются.

Если волновод плоский и регулярный, то колебания в нем суть наложение двух волн Бриллюэна. В случае слабо нерегулярного волновода их и можно заменить асимптотич. разложениями, аналогичными геометро-оптическим приближениям. На участках нерегулярности волновода один тип колебаний может переходить в другой. Расчет такой трансформации удается провести численно, а иногда с помощью не обоснованного строго метода поперечных сечений.

Для того чтобы возбудить все типы колебаний в волноводе, достаточно поместить там точечный источник колебаний. Здесь возникает ряд проблем. Напр., нахождение соответствующих коэффициентов возбуждения; вывод формул, описывающих наложение болышой серии колебаний с близкими свойствами. Эти проблемы в высокочастотном приближении иногда удается разрешить.

Лит.: [1] Баб ич В. М., Бу лды ре в В. С., Асимптотические методы в задачах дифракции коротких волн, М., 1972; [2] В а йн ш т е й н Л.А., Открытые резонаторы и открытые волноводы, М., 1966; [3] Лазуткин В. Ф., Выпуклый биллиард и собственные функции оператора Лапласа, Л., 1981; [4] Прямые и обратные задачи теории дифракции, М., 1979; [5] Покровский В. Л., Ули н и ч Ф. Р., С а в в и ны ы С. К., &quot;Радиотехника и электроника», 1959, $\begin{array}{ll}\text { т. 4, в. 2, с. 161-71. } &amp; \text { B. М. Бабич. }\end{array}$</text_orig>
</article>
