<?xml version="1.0" ?>
<article uri="http://libmeta.ru/fme/article/1401_KOROTKOVOLNOVOE" alphabetic_pos="1403">
  <title>КОРОТКОВОЛНОВОЕ ПРИБЛИЖЕНИЕ</title>
  <authors/>
  <pages>
    <start>293</start>
    <end>293</end>
  </pages>
  <literature>
    <literature_orig/>
  </literature>
  <formulas_main/>
  <formulas_aux/>
  <relations n="0"/>
  <text>см. Вентцеля-Крамерса-Бриллюэна метод.</text>
  <text_orig>см. Вентцеля-Крамерса-Бриллюэна метод.</text_orig>
</article>
