<?xml version="1.0" ?>
<article uri="http://libmeta.ru/fme/article/1402_KOROTKOVOLNOVYE" alphabetic_pos="1404">
  <title>КОРОТКОВОЛНОВЫЕ АСИМПТОТИКИ</title>
  <authors/>
  <pages>
    <start>293</start>
    <end>293</end>
  </pages>
  <literature>
    <literature_orig/>
  </literature>
  <formulas_main>
    <formula uri="http://libmeta.ru/fme/formula/main/1402_1_KOROTKOVOLNOVYE">\begin{gathered}I(\tau)=\varphi(0)(2 \pi / \tau)^{n / 2} \exp \left(i \tau f(0)+(i \pi / 4)\left(\operatorname{sign} f_{x x}^{\prime \prime}(0)\right)\right) \times \\\times\left|\operatorname{det} f_{x x}^{\prime \prime}(0)\right|^{-1 / 2}+O\left(\tau^{-n / 2-1}\right)\end{gathered}</formula>
  </formulas_main>
  <formulas_aux>
    <formula uri="http://libmeta.ru/fme/formula/aux/1402_1_KOROTKOVOLNOVYE">\tau \rightarrow+\infty</formula>
    <formula uri="http://libmeta.ru/fme/formula/aux/1402_2_KOROTKOVOLNOVYE">i(\tau)</formula>
    <formula uri="http://libmeta.ru/fme/formula/aux/1402_3_KOROTKOVOLNOVYE">f</formula>
    <formula uri="http://libmeta.ru/fme/formula/aux/1402_4_KOROTKOVOLNOVYE">\tau \rightarrow+\infty</formula>
    <formula uri="http://libmeta.ru/fme/formula/aux/1402_5_KOROTKOVOLNOVYE">\operatorname{sign} f_{x x}^{\prime \prime}(0)-</formula>
    <formula uri="http://libmeta.ru/fme/formula/aux/1402_6_KOROTKOVOLNOVYE">f</formula>
    <formula uri="http://libmeta.ru/fme/formula/aux/1402_7_KOROTKOVOLNOVYE">0 ; \operatorname{det} f_{x x}^{\prime \prime}(0)-</formula>
    <formula uri="http://libmeta.ru/fme/formula/aux/1402_8_KOROTKOVOLNOVYE">\varphi</formula>
    <formula uri="http://libmeta.ru/fme/formula/aux/1402_9_KOROTKOVOLNOVYE">f</formula>
  </formulas_aux>
  <relations n="0"/>
  <text>асимптотические формулы для осциллирующих интегралов при $URI[[http://libmeta.ru/fme/formula/aux/1402_1_KOROTKOVOLNOVYE]]/URI$. Напр., для интеграла Френеля $URI[[http://libmeta.ru/fme/formula/aux/1402_2_KOROTKOVOLNOVYE]]/URI$ с фазой $URI[[http://libmeta.ru/fme/formula/aux/1402_3_KOROTKOVOLNOVYE]]/URI$, имеющей критич. точку в 0 :

\[
URI[[http://libmeta.ru/fme/formula/main/1402_1_KOROTKOVOLNOVYE]]/URI
\]

при $URI[[http://libmeta.ru/fme/formula/aux/1402_4_KOROTKOVOLNOVYE]]/URI$. Здесь $URI[[http://libmeta.ru/fme/formula/aux/1402_5_KOROTKOVOLNOVYE]]/URI$ сигнатура матрицы вторых частных производных $URI[[http://libmeta.ru/fme/formula/aux/1402_6_KOROTKOVOLNOVYE]]/URI$ в $URI[[http://libmeta.ru/fme/formula/aux/1402_7_KOROTKOVOLNOVYE]]/URI$ еe определитель; носитель $URI[[http://libmeta.ru/fme/formula/aux/1402_8_KOROTKOVOLNOVYE]]/URI$ компактен и не содержит других критич. точек $URI[[http://libmeta.ru/fme/formula/aux/1402_9_KOROTKOVOLNOVYE]]/URI$.</text>
  <text_orig>асимптотические формулы для осциллируюших интегралов при $\tau \rightarrow+\infty$. Напр., для интеграла Френеля $I(\tau)$ с фазой $f$, имеющей критич. точку в 0 :

\[
\begin{gathered}
I(\tau)=\varphi(0)(2 \pi / \tau)^{n / 2} \exp \left(i \tau f(0)+(i \pi / 4)\left(\operatorname{sign} f_{x x}^{\prime \prime}(0)\right)\right) \times \\
\times\left|\operatorname{det} f_{x x}^{\prime \prime}(0)\right|^{-1 / 2}+O\left(\tau^{-n / 2-1}\right)
\end{gathered}
\]

при $\tau \rightarrow+\infty$. Здесь $\operatorname{sign} f_{x x}^{\prime \prime}(0)-$ сигнатура матрицы вторых частных производных $f$ в $0 ; \operatorname{det} f_{x x}^{\prime \prime}(0)-$ еe определитель; носитель $\varphi$ компактен и не содержит других критич. точек $f$.</text_orig>
</article>
