<?xml version="1.0" ?>
<article uri="http://libmeta.ru/fme/article/1403_KOROTKODEJSTVUJuSchIJ" alphabetic_pos="1405">
  <title>КОРОТКОДЕЙСТВУЮЩИЙ ПОТЕНЦИАЛ</title>
  <authors>
    <author>С. П. Меркурьев</author>
    <author>С. Л. Яковлев</author>
  </authors>
  <pages>
    <start>293</start>
    <end>293</end>
  </pages>
  <literature>
    <literature_orig>Лum.: [1] По в зне р А. Я., “математич. сб.», 1953, т. 32, c. 109-56; [2] Буслае в В. С., Скриганов М., &quot;теоретич. и математич. физика», 1974, т. 19, с. 217-32; [3] Р ид М., С ай м о н Б., Методы современной математической физики, т. 3, Теория рассеяния, пер. с англ., М., $1982 . \quad$</literature_orig>
    <unit>
      <author>Повзнер А. Я.</author>
      <title>“математич. сб.»</title>
      <publication/>
      <year>1953</year>
      <other>т. 32, c. 109-56</other>
    </unit>
    <unit>
      <author>Буслаев В. С.</author>
      <author>Скриганов М.</author>
      <title>&quot;теоретич. и математич. физика»</title>
      <publication/>
      <year>1974</year>
      <other>т. 19, с. 217-32</other>
    </unit>
    <unit>
      <author>Рид М.</author>
      <author>Саймон Б.</author>
      <title>Методы современной математической физики</title>
      <publication>Теория рассеяния, пер. с англ., М.</publication>
      <year>1982</year>
      <other>т. 3</other>
    </unit>
  </literature>
  <formulas_main>
    <formula uri="http://libmeta.ru/fme/formula/main/1403_1_KOROTKODEJSTVUJuSchIJ">|v(x)| \leqslant \text { const }(1+|x|)^{-1-\varepsilon}, \varepsilon&gt;0 .</formula>
    <formula uri="http://libmeta.ru/fme/formula/main/1403_2_KOROTKODEJSTVUJuSchIJ">H=-\Delta_{x}+v(x)</formula>
    <formula uri="http://libmeta.ru/fme/formula/main/1403_3_KOROTKODEJSTVUJuSchIJ">W_{ \pm}=\operatorname{s.} \lim _{t \rightarrow \mp \infty} \exp \{i t H\} \exp \left\{-i t H_{0}\right\}, \quad H_{0}=-\Delta_{x},</formula>
    <formula uri="http://libmeta.ru/fme/formula/main/1403_4_KOROTKODEJSTVUJuSchIJ">W_{ \pm}\left(k, k^{\prime}\right)=\delta\left(k-k^{\prime}\right)-\frac{T\left(k, k^{\prime}, k^{2} \pm i \cdot 0\right)}{k^{2}-k^{\prime 2} \mp i \cdot 0} .</formula>
  </formulas_main>
  <formulas_aux>
    <formula uri="http://libmeta.ru/fme/formula/aux/1403_1_KOROTKODEJSTVUJuSchIJ">v(x), x \in \mathbb{R}^{3}</formula>
    <formula uri="http://libmeta.ru/fme/formula/aux/1403_2_KOROTKODEJSTVUJuSchIJ">|x|&gt;r(r-</formula>
    <formula uri="http://libmeta.ru/fme/formula/aux/1403_3_KOROTKODEJSTVUJuSchIJ">t\left(k, k^{\prime}, z\right)</formula>
    <formula uri="http://libmeta.ru/fme/formula/aux/1403_4_KOROTKODEJSTVUJuSchIJ">\varepsilon&gt;2</formula>
    <formula uri="http://libmeta.ru/fme/formula/aux/1403_5_KOROTKODEJSTVUJuSchIJ">t\left(k, k^{\prime}, z\right)</formula>
    <formula uri="http://libmeta.ru/fme/formula/aux/1403_6_KOROTKODEJSTVUJuSchIJ">k</formula>
    <formula uri="http://libmeta.ru/fme/formula/aux/1403_7_KOROTKODEJSTVUJuSchIJ">k^{\prime}</formula>
    <formula uri="http://libmeta.ru/fme/formula/aux/1403_8_KOROTKODEJSTVUJuSchIJ">0&lt;\varepsilon&lt;2</formula>
    <formula uri="http://libmeta.ru/fme/formula/aux/1403_9_KOROTKODEJSTVUJuSchIJ">t\left(k, k^{\prime}, z\right)</formula>
    <formula uri="http://libmeta.ru/fme/formula/aux/1403_10_KOROTKODEJSTVUJuSchIJ">k</formula>
    <formula uri="http://libmeta.ru/fme/formula/aux/1403_11_KOROTKODEJSTVUJuSchIJ">k^{\prime}</formula>
    <formula uri="http://libmeta.ru/fme/formula/aux/1403_12_KOROTKODEJSTVUJuSchIJ">k /|k|=k^{\prime} /\left|k^{\prime}\right|</formula>
  </formulas_aux>
  <relations n="0"/>
  <text>функция $URI[[http://libmeta.ru/fme/formula/aux/1403_1_KOROTKODEJSTVUJuSchIJ]]/URI$, удовлетворяющая при $URI[[http://libmeta.ru/fme/formula/aux/1403_2_KOROTKODEJSTVUJuSchIJ]]/URI$ некоторое число) оценке

\[
URI[[http://libmeta.ru/fme/formula/main/1403_1_KOROTKODEJSTVUJuSchIJ]]/URI
\]

Для оператора Шредингера с К. П.

\[
URI[[http://libmeta.ru/fme/formula/main/1403_2_KOROTKODEJSTVUJuSchIJ]]/URI
\]

существуют волновые операторы

\[
URI[[http://libmeta.ru/fme/formula/main/1403_3_KOROTKODEJSTVUJuSchIJ]]/URI
\]

определяющие решения задачи рассеяния. Ядра этих операторов после преобразования Фурье выражаются через Т-матрицу формулой

\[
URI[[http://libmeta.ru/fme/formula/main/1403_4_KOROTKODEJSTVUJuSchIJ]]/URI
\]

Скорость убывания К. П. определяет свойства гладкости ядра $URI[[http://libmeta.ru/fme/formula/aux/1403_3_KOROTKODEJSTVUJuSchIJ]]/URI$ в представлении (1). При $URI[[http://libmeta.ru/fme/formula/aux/1403_4_KOROTKODEJSTVUJuSchIJ]]/URI$ ядро $URI[[http://libmeta.ru/fme/formula/aux/1403_5_KOROTKODEJSTVUJuSchIJ]]/URI$ является гладкой функцией переменных $URI[[http://libmeta.ru/fme/formula/aux/1403_6_KOROTKODEJSTVUJuSchIJ]]/URI$ и $URI[[http://libmeta.ru/fme/formula/aux/1403_7_KOROTKODEJSTVUJuSchIJ]]/URI$, при $URI[[http://libmeta.ru/fme/formula/aux/1403_8_KOROTKODEJSTVUJuSchIJ]]/URI$ функция $URI[[http://libmeta.ru/fme/formula/aux/1403_9_KOROTKODEJSTVUJuSchIJ]]/URI$ приобретает ряд сингулярностей по переменным $URI[[http://libmeta.ru/fme/formula/aux/1403_10_KOROTKODEJSTVUJuSchIJ]]/URI$ и $URI[[http://libmeta.ru/fme/formula/aux/1403_11_KOROTKODEJSTVUJuSchIJ]]/URI$ в областях, где $URI[[http://libmeta.ru/fme/formula/aux/1403_12_KOROTKODEJSTVUJuSchIJ]]/URI$.</text>
  <text_orig>фУНКцИЯ $v(x), x \in \mathbb{R}^{3}$, удовлетворяющая при $|x|&gt;R(R-$ некоторое число) оценке

\[
|v(x)| \leqslant \text { const }(1+|x|)^{-1-\varepsilon}, \varepsilon&gt;0 .
\]

Для оператора Шредингера с К. П.

\[
H=-\Delta_{x}+v(x)
\]

существуют волновые операторы

\[
W_{ \pm}=\operatorname{s.} \lim _{t \rightarrow \mp \infty} \exp \{i t H\} \exp \left\{-i t H_{0}\right\}, \quad H_{0}=-\Delta_{x},
\]

определяющие решения задачи рассеяния. Ядра этих операторов после преобразования Фурье выражаются через Т-матрицу формулой

\[
W_{ \pm}\left(k, k^{\prime}\right)=\delta\left(k-k^{\prime}\right)-\frac{T\left(k, k^{\prime}, k^{2} \pm i \cdot 0\right)}{k^{2}-k^{\prime 2} \mp i \cdot 0} .
\]

Скорость убывания К. П. определяет свойства гладкости ядра $T\left(k, k^{\prime}, z\right)$ в представлении (1). При $\varepsilon&gt;2$ ядро $T\left(k, k^{\prime}, z\right)$ является гладкой функцией переменных $k$ и $k^{\prime}$, при $0&lt;\varepsilon&lt;2$ функция $T\left(k, k^{\prime}, z\right)$ приобретает ряд сингулярностей по переменным $k$ и $k^{\prime}$ в областях, где $k /|k|=k^{\prime} /\left|k^{\prime}\right|$.

Лum.: [1] По в зне р А. Я., “Математич. сб.», 1953, т. 32, c. 109-56; [2] Буслае в В. С., Скриганов М., &quot;Теоретич. и математич. физика», 1974, т. 19, с. 217-32; [3] Р ид М., С ай м о н Б., Методы современной математической физики, т. 3, Теория рассеяния, пер. с англ., М., $1982 . \quad$ С.П. Меркурьев, С.Л. Яковлев.</text_orig>
</article>
