<?xml version="1.0" ?>
<article uri="http://libmeta.ru/fme/article/1408_KORRELJaTsIONNAJa" alphabetic_pos="1410">
  <title>КОРРЕЛЯЦИОННАЯ МАТРИЦА</title>
  <authors/>
  <pages>
    <start>295</start>
    <end>295</end>
  </pages>
  <literature>
    <literature_orig/>
  </literature>
  <formulas_main/>
  <formulas_aux/>
  <relations n="1">
    <relation uri="http://libmeta.ru/fme/relation/1408_1_KORRELJaTsIONNAJa">
      <rel_text>Корреляционная функция</rel_text>
      <target>http://libmeta.ru/fme/article/1409_KORRELJaTsIONNAJa</target>
    </relation>
  </relations>
  <text>см. URI[[http://libmeta.ru/fme/relation/1408_1_KORRELJaTsIONNAJa]]/URI.</text>
  <text_orig>см. Корреляционная функция.</text_orig>
</article>
