<?xml version="1.0" ?>
<article uri="http://libmeta.ru/fme/article/1411_KORRELJaTsIONNAJa" alphabetic_pos="1413">
  <title>КОРРЕЛЯЦИОННАЯ ФУНКЦИЯ; ГРУППОВОЕ СВОЙСТВО</title>
  <authors>
    <author>Д. П. Санкович</author>
  </authors>
  <pages>
    <start>296</start>
    <end>296</end>
  </pages>
  <literature>
    <literature_orig>Jum.: [1] Ruelle D., &quot;rev. Mod. Phys.», 1964, v. 36, p. 580; [2] Р ю эл ь Д., Статистическая механика. Строгие результаты, пер. с англ., М., 1971.</literature_orig>
    <unit>
      <author>Ruelle D.</author>
      <title>&quot;rev. Mod. Phys.»</title>
      <publication/>
      <year>1964</year>
      <other>v. 36, p. 580</other>
    </unit>
    <unit>
      <author>Рюэль Д.</author>
      <title>Статистическая механика. Строгие результаты</title>
      <publication>пер. с англ., М.</publication>
      <year>1971</year>
      <other/>
    </unit>
  </literature>
  <formulas_main>
    <formula uri="http://libmeta.ru/fme/formula/main/1411_1_KORRELJaTsIONNAJa">\left|\psi(x)_{n}-\psi\left(X_{1}\right) \psi\left(X_{2}\right)\right| \rightarrow 0</formula>
  </formulas_main>
  <formulas_aux>
    <formula uri="http://libmeta.ru/fme/formula/aux/1411_1_KORRELJaTsIONNAJa">d</formula>
    <formula uri="http://libmeta.ru/fme/formula/aux/1411_2_KORRELJaTsIONNAJa">\psi=\left(\psi(x)_{n}\right)_{n} \geqslant 0</formula>
    <formula uri="http://libmeta.ru/fme/formula/aux/1411_3_KORRELJaTsIONNAJa">n</formula>
    <formula uri="http://libmeta.ru/fme/formula/aux/1411_4_KORRELJaTsIONNAJa">\psi(x)_{n}</formula>
    <formula uri="http://libmeta.ru/fme/formula/aux/1411_5_KORRELJaTsIONNAJa">\mathbb{r}^{d \boldsymbol{n}}</formula>
    <formula uri="http://libmeta.ru/fme/formula/aux/1411_6_KORRELJaTsIONNAJa">\psi_{0}</formula>
    <formula uri="http://libmeta.ru/fme/formula/aux/1411_7_KORRELJaTsIONNAJa">(x)_{n} \equiv\left\{x_{1}, \ldots, x_{n}\right\}-</formula>
    <formula uri="http://libmeta.ru/fme/formula/aux/1411_8_KORRELJaTsIONNAJa">\mathbb{r}^{d}</formula>
    <formula uri="http://libmeta.ru/fme/formula/aux/1411_9_KORRELJaTsIONNAJa">x</formula>
    <formula uri="http://libmeta.ru/fme/formula/aux/1411_10_KORRELJaTsIONNAJa">\psi(x)=\psi(x)_{n}</formula>
    <formula uri="http://libmeta.ru/fme/formula/aux/1411_11_KORRELJaTsIONNAJa">d_{+}-</formula>
    <formula uri="http://libmeta.ru/fme/formula/aux/1411_12_KORRELJaTsIONNAJa">\mathscr{a}</formula>
    <formula uri="http://libmeta.ru/fme/formula/aux/1411_13_KORRELJaTsIONNAJa">\psi</formula>
    <formula uri="http://libmeta.ru/fme/formula/aux/1411_14_KORRELJaTsIONNAJa">\psi_{0}=0</formula>
    <formula uri="http://libmeta.ru/fme/formula/aux/1411_15_KORRELJaTsIONNAJa">\psi \in 1+\mathscr{A}_{+}</formula>
    <formula uri="http://libmeta.ru/fme/formula/aux/1411_16_KORRELJaTsIONNAJa">\psi(x)_{n}</formula>
    <formula uri="http://libmeta.ru/fme/formula/aux/1411_17_KORRELJaTsIONNAJa">\psi\left(x_{1}+a, \ldots, x_{n}+a\right)=</formula>
    <formula uri="http://libmeta.ru/fme/formula/aux/1411_18_KORRELJaTsIONNAJa">=\psi\left(x_{1}, \ldots, x_{n}\right)</formula>
    <formula uri="http://libmeta.ru/fme/formula/aux/1411_19_KORRELJaTsIONNAJa">x_{1}-</formula>
    <formula uri="http://libmeta.ru/fme/formula/aux/1411_20_KORRELJaTsIONNAJa">(x)_{n}</formula>
    <formula uri="http://libmeta.ru/fme/formula/aux/1411_21_KORRELJaTsIONNAJa">x_{2}=(x)_{n} \backslash X_{1}</formula>
    <formula uri="http://libmeta.ru/fme/formula/aux/1411_22_KORRELJaTsIONNAJa">n</formula>
    <formula uri="http://libmeta.ru/fme/formula/aux/1411_23_KORRELJaTsIONNAJa">(x)_{n}</formula>
    <formula uri="http://libmeta.ru/fme/formula/aux/1411_24_KORRELJaTsIONNAJa">x_{1} \subset(x)_{n}</formula>
    <formula uri="http://libmeta.ru/fme/formula/aux/1411_25_KORRELJaTsIONNAJa">\left|x_{i}-x_{j}\right| \rightarrow \infty</formula>
    <formula uri="http://libmeta.ru/fme/formula/aux/1411_26_KORRELJaTsIONNAJa">x_{i} \in X_{1}, x_{j} \in X_{2}</formula>
    <formula uri="http://libmeta.ru/fme/formula/aux/1411_27_KORRELJaTsIONNAJa">\psi(x)_{n}</formula>
  </formulas_aux>
  <relations n="0"/>
  <text>Пусть $URI[[http://libmeta.ru/fme/formula/aux/1411_1_KORRELJaTsIONNAJa]]/URI$ - комплексное векторное пространство последовательностей $URI[[http://libmeta.ru/fme/formula/aux/1411_2_KORRELJaTsIONNAJa]]/URI$ таких, что при каждом $URI[[http://libmeta.ru/fme/formula/aux/1411_3_KORRELJaTsIONNAJa]]/URI$ комплексная функция $URI[[http://libmeta.ru/fme/formula/aux/1411_4_KORRELJaTsIONNAJa]]/URI$ определена на пространстве $URI[[http://libmeta.ru/fme/formula/aux/1411_5_KORRELJaTsIONNAJa]]/URI$, ограничена и измерима по Лебегу, $URI[[http://libmeta.ru/fme/formula/aux/1411_6_KORRELJaTsIONNAJa]]/URI$ - комплексное число, $URI[[http://libmeta.ru/fme/formula/aux/1411_7_KORRELJaTsIONNAJa]]/URI$ последовательность векторов из $URI[[http://libmeta.ru/fme/formula/aux/1411_8_KORRELJaTsIONNAJa]]/URI$, к-рую обозначим через $URI[[http://libmeta.ru/fme/formula/aux/1411_9_KORRELJaTsIONNAJa]]/URI$ и $URI[[http://libmeta.ru/fme/formula/aux/1411_10_KORRELJaTsIONNAJa]]/URI$. Пусть $URI[[http://libmeta.ru/fme/formula/aux/1411_11_KORRELJaTsIONNAJa]]/URI$ подпространство в $URI[[http://libmeta.ru/fme/formula/aux/1411_12_KORRELJaTsIONNAJa]]/URI$, образованное элементами $URI[[http://libmeta.ru/fme/formula/aux/1411_13_KORRELJaTsIONNAJa]]/URI$, у к-рых $URI[[http://libmeta.ru/fme/formula/aux/1411_14_KORRELJaTsIONNAJa]]/URI$. Пусть также $URI[[http://libmeta.ru/fme/formula/aux/1411_15_KORRELJaTsIONNAJa]]/URI$и функции $URI[[http://libmeta.ru/fme/formula/aux/1411_16_KORRELJaTsIONNAJa]]/URI$ непрерывны и инвариантны относительно сдвигов $URI[[http://libmeta.ru/fme/formula/aux/1411_17_KORRELJaTsIONNAJa]]/URI$ $URI[[http://libmeta.ru/fme/formula/aux/1411_18_KORRELJaTsIONNAJa]]/URI$, а $URI[[http://libmeta.ru/fme/formula/aux/1411_19_KORRELJaTsIONNAJa]]/URI$ подпоследовательность $URI[[http://libmeta.ru/fme/formula/aux/1411_20_KORRELJaTsIONNAJa]]/URI$, $URI[[http://libmeta.ru/fme/formula/aux/1411_21_KORRELJaTsIONNAJa]]/URI$. Если для всех $URI[[http://libmeta.ru/fme/formula/aux/1411_22_KORRELJaTsIONNAJa]]/URI$ и всех последовательностей $URI[[http://libmeta.ru/fme/formula/aux/1411_23_KORRELJaTsIONNAJa]]/URI$ и $URI[[http://libmeta.ru/fme/formula/aux/1411_24_KORRELJaTsIONNAJa]]/URI$

\[
URI[[http://libmeta.ru/fme/formula/main/1411_1_KORRELJaTsIONNAJa]]/URI
\]

при inf $URI[[http://libmeta.ru/fme/formula/aux/1411_25_KORRELJaTsIONNAJa]]/URI$, где $URI[[http://libmeta.ru/fme/formula/aux/1411_26_KORRELJaTsIONNAJa]]/URI$, то говорят, что функции $URI[[http://libmeta.ru/fme/formula/aux/1411_27_KORRELJaTsIONNAJa]]/URI$ обладают г р у п п о в ы м с в о й с т во м. Групповое свойство выполнено для корреляционных функций системы классич. тождественных частиц, взаимодействующих посредством устойчивого регулярного парного потенциала (см. Устойчивый потенциал, Кирквуда - Зальцбурга уравнение). К. ф. для квантового случая связана с ослабления корреляций принципом.

Групповое свойство К.ф. установлено Д. Рюэлем [1].</text>
  <text_orig>Пусть $d$ - комплексное векторное пространство последовательностей $\psi=\left(\psi(x)_{n}\right)_{n} \geqslant 0$ таких, что при каждом $n$ комплексная функция $\psi(x)_{n}$ определена на пространстве $\mathbb{R}^{d \boldsymbol{n}}$, ограничена и измерима по Лебегу, $\psi_{0}$ - комплексное число, $(x)_{n} \equiv\left\{x_{1}, \ldots, x_{n}\right\}-$ последовательность векторов из $\mathbb{R}^{d}$, к-рую обозначим через $X$ и $\psi(X)=\psi(x)_{n}$. Пусть $d_{+}-$ подпространство в $\mathscr{A}$, образованное элементами $\psi$, у к-рых $\Psi_{0}=0$. Пусть также $\psi \in 1+\mathscr{A}_{+}$и функции $\psi(x)_{n}$ непрерывны и инвариантны относительно сдвигов $\psi\left(x_{1}+a, \ldots, x_{n}+a\right)=$ $=\psi\left(x_{1}, \ldots, x_{n}\right)$, а $X_{1}-$ подпоследовательность $(x)_{n}$, $X_{2}=(x)_{n} \backslash X_{1}$. Если для всех $n$ и всех последовательностей $(x)_{n}$ и $X_{1} \subset(x)_{n}$

\[
\left|\psi(x)_{n}-\psi\left(X_{1}\right) \psi\left(X_{2}\right)\right| \rightarrow 0
\]

при inf $\left|x_{i}-x_{j}\right| \rightarrow \infty$, где $x_{i} \in X_{1}, x_{j} \in X_{2}$, то говорят, что функщии $\psi(x)_{n}$ обладают г р у п п о в ы м с в о й с т во м. Групповое свойство выполнено для корреляционных функций системы классич. тождественных частиц, взаимодействующих посредством устойчивого регулярного парного потенциала (см. Устойчивый потенциал, Кирквуда - Зальцбурга уравнение). К. ф. для квантового случая связана с ослабления корреляций принципом.

Групповое свойство К.ф. установлено Д. Рюэлем [1].

Jum.: [1] Ruelle D., &quot;Rev. Mod. Phys.», 1964, v. 36, p. 580; [2] Р ю эл ь Д., Статистическая механика. Строгие результаты, пер. с англ., М., 1971.

Д.П. Санкович.</text_orig>
</article>
