<?xml version="1.0" ?>
<article uri="http://libmeta.ru/fme/article/1413_KORRELJaTsIONNAJa" alphabetic_pos="1415">
  <title>КОРРЕЛЯЦИОННАЯ ФУНКЦИЯ СЛУЧАЙНОГО ПРОЦЕССА $\{X(t), t \in T\}$</title>
  <authors>
    <author>K. А. Боровков</author>
  </authors>
  <pages>
    <start>297</start>
    <end>297</end>
  </pages>
  <literature>
    <literature_orig>Лum.: [1] Ги х ман И. И., Скор оход А. В., Введение в теорию случайных процессов, 2 изд., М., 1977; [2] Введение в статистическую радиофизику, ч. 1 - Р ы т о в С. М., Случайные процессы, М., 1976.</literature_orig>
    <unit>
      <author>Гихман И. И.</author>
      <author>Скороход А. В.</author>
      <title>Введение в теорию случайных процессов</title>
      <publication>2 изд., М.</publication>
      <year>1977</year>
      <other/>
    </unit>
    <unit>
      <title>Введение в статистическую радиофизику, ч. 1 - Р ы т о в С. М., Случайные процессы</title>
      <publication>М.</publication>
      <year>1976</year>
      <other/>
    </unit>
  </literature>
  <formulas_main>
    <formula uri="http://libmeta.ru/fme/formula/main/1413_1_KORRELJaTsIONNAJa">B(s, t)=\mathrm{E}[X(s)-\mathrm{E} X(s)][X(t)-\mathrm{E} X(t)]^{*}</formula>
    <formula uri="http://libmeta.ru/fme/formula/main/1413_2_KORRELJaTsIONNAJa">B(s, t)=\left\|B_{i j}(s, t)\right\|_{i, j=1}^{m},</formula>
    <formula uri="http://libmeta.ru/fme/formula/main/1413_3_KORRELJaTsIONNAJa">B_{i j}(s, t)=\mathrm{E}\left[X_{i}(s)-\mathrm{E} X_{i}(s)\right]\left[X_{j}(t)-\mathrm{E} X_{j}(t)\right]^{*}</formula>
    <formula uri="http://libmeta.ru/fme/formula/main/1413_4_KORRELJaTsIONNAJa">\sum_{i, j=1}^{m} c_{i} c_{j}^{*} B\left(t_{i}, t_{j}\right) \geqslant 0 .</formula>
    <formula uri="http://libmeta.ru/fme/formula/main/1413_5_KORRELJaTsIONNAJa">B(s, t)=R(t-s) \text {. }</formula>
    <formula uri="http://libmeta.ru/fme/formula/main/1413_6_KORRELJaTsIONNAJa">\mathrm{E}|X(t)-X(s)|^{2} \rightarrow 0</formula>
    <formula uri="http://libmeta.ru/fme/formula/main/1413_7_KORRELJaTsIONNAJa">R(t)=\int \exp (i t \lambda) d F(\lambda)</formula>
  </formulas_main>
  <formulas_aux>
    <formula uri="http://libmeta.ru/fme/formula/aux/1413_1_KORRELJaTsIONNAJa">s, t \in T</formula>
    <formula uri="http://libmeta.ru/fme/formula/aux/1413_2_KORRELJaTsIONNAJa">\mathrm{e} X(t)</formula>
    <formula uri="http://libmeta.ru/fme/formula/aux/1413_3_KORRELJaTsIONNAJa">{ }^{*}</formula>
    <formula uri="http://libmeta.ru/fme/formula/aux/1413_4_KORRELJaTsIONNAJa">\left.\mathrm{E}|X(t)|^{2}&lt;\infty\right]</formula>
    <formula uri="http://libmeta.ru/fme/formula/aux/1413_5_KORRELJaTsIONNAJa">\left\{x_{i}(t)\right\}_{i=1}^{m}</formula>
    <formula uri="http://libmeta.ru/fme/formula/aux/1413_6_KORRELJaTsIONNAJa">x_{i}</formula>
    <formula uri="http://libmeta.ru/fme/formula/aux/1413_7_KORRELJaTsIONNAJa">x_{j} ; B_{i i}</formula>
    <formula uri="http://libmeta.ru/fme/formula/aux/1413_8_KORRELJaTsIONNAJa">t_{1}, \ldots, t_{n} \in T</formula>
    <formula uri="http://libmeta.ru/fme/formula/aux/1413_9_KORRELJaTsIONNAJa">c_{1}, \ldots, c_{m}</formula>
    <formula uri="http://libmeta.ru/fme/formula/aux/1413_10_KORRELJaTsIONNAJa">b(s, t)=0</formula>
    <formula uri="http://libmeta.ru/fme/formula/aux/1413_11_KORRELJaTsIONNAJa">s \neq t</formula>
    <formula uri="http://libmeta.ru/fme/formula/aux/1413_12_KORRELJaTsIONNAJa">t-s</formula>
    <formula uri="http://libmeta.ru/fme/formula/aux/1413_13_KORRELJaTsIONNAJa">t \rightarrow s</formula>
    <formula uri="http://libmeta.ru/fme/formula/aux/1413_14_KORRELJaTsIONNAJa">r(t)</formula>
    <formula uri="http://libmeta.ru/fme/formula/aux/1413_15_KORRELJaTsIONNAJa">f</formula>
    <formula uri="http://libmeta.ru/fme/formula/aux/1413_16_KORRELJaTsIONNAJa">\lambda</formula>
    <formula uri="http://libmeta.ru/fme/formula/aux/1413_17_KORRELJaTsIONNAJa">(-\infty, \infty)</formula>
    <formula uri="http://libmeta.ru/fme/formula/aux/1413_18_KORRELJaTsIONNAJa">t=(-\infty, \infty)</formula>
    <formula uri="http://libmeta.ru/fme/formula/aux/1413_19_KORRELJaTsIONNAJa">[-\pi, \pi]</formula>
    <formula uri="http://libmeta.ru/fme/formula/aux/1413_20_KORRELJaTsIONNAJa">t=\{\ldots,-1,0,1, \ldots\}</formula>
    <formula uri="http://libmeta.ru/fme/formula/aux/1413_21_KORRELJaTsIONNAJa">x(t)</formula>
    <formula uri="http://libmeta.ru/fme/formula/aux/1413_22_KORRELJaTsIONNAJa">\mathrm{e} X(t)</formula>
    <formula uri="http://libmeta.ru/fme/formula/aux/1413_23_KORRELJaTsIONNAJa">|t-s| \rightarrow \infty</formula>
  </formulas_aux>
  <relations n="0"/>
  <text>функция

\[
URI[[http://libmeta.ru/fme/formula/main/1413_1_KORRELJaTsIONNAJa]]/URI
\]

$URI[[http://libmeta.ru/fme/formula/aux/1413_1_KORRELJaTsIONNAJa]]/URI$, [здесь $URI[[http://libmeta.ru/fme/formula/aux/1413_2_KORRELJaTsIONNAJa]]/URI$ - первый момент процесса, $URI[[http://libmeta.ru/fme/formula/aux/1413_3_KORRELJaTsIONNAJa]]/URI$ означает комплексное сопряжение; предполагается, что $URI[[http://libmeta.ru/fme/formula/aux/1413_4_KORRELJaTsIONNAJa]]/URI$. В случае векторного процесса $URI[[http://libmeta.ru/fme/formula/aux/1413_5_KORRELJaTsIONNAJa]]/URI$ К. Ф. называется кор реляционная матрица

\[
URI[[http://libmeta.ru/fme/formula/main/1413_2_KORRELJaTsIONNAJa]]/URI
\]

где

\[
URI[[http://libmeta.ru/fme/formula/main/1413_3_KORRELJaTsIONNAJa]]/URI
\]

- взаимная корреляционная функция процессов $URI[[http://libmeta.ru/fme/formula/aux/1413_6_KORRELJaTsIONNAJa]]/URI$ и $URI[[http://libmeta.ru/fme/formula/aux/1413_7_KORRELJaTsIONNAJa]]/URI$ называют иногда автоко р реляци онной Ф у нкци е й. Характеристич. свойство К. ф.- ее положительная определенность: для любых $URI[[http://libmeta.ru/fme/formula/aux/1413_8_KORRELJaTsIONNAJa]]/URI$ и комплексных $URI[[http://libmeta.ru/fme/formula/aux/1413_9_KORRELJaTsIONNAJa]]/URI$

\[
URI[[http://libmeta.ru/fme/formula/main/1413_4_KORRELJaTsIONNAJa]]/URI
\]

Для процесса с независимыми значениями $URI[[http://libmeta.ru/fme/formula/aux/1413_10_KORRELJaTsIONNAJa]]/URI$ при $URI[[http://libmeta.ru/fme/formula/aux/1413_11_KORRELJaTsIONNAJa]]/URI$. Для с т а ц о на р ны х в широком смысле процессов К. Ф. зависит лишь от разности $URI[[http://libmeta.ru/fme/formula/aux/1413_12_KORRELJaTsIONNAJa]]/URI$ :

\[
URI[[http://libmeta.ru/fme/formula/main/1413_5_KORRELJaTsIONNAJa]]/URI
\]

Если при этом процесс непрерывен в среднем квадратическом, то есть

\[
URI[[http://libmeta.ru/fme/formula/main/1413_6_KORRELJaTsIONNAJa]]/URI
\]

при $URI[[http://libmeta.ru/fme/formula/aux/1413_13_KORRELJaTsIONNAJa]]/URI$, то К. Ф. $URI[[http://libmeta.ru/fme/formula/aux/1413_14_KORRELJaTsIONNAJa]]/URI$ непрерывна и допускает представление

\[
URI[[http://libmeta.ru/fme/formula/main/1413_7_KORRELJaTsIONNAJa]]/URI
\]

где $URI[[http://libmeta.ru/fme/formula/aux/1413_15_KORRELJaTsIONNAJa]]/URI$ - спектральная мера процесса, а $URI[[http://libmeta.ru/fme/formula/aux/1413_16_KORRELJaTsIONNAJa]]/URI$ пробегает интервал $URI[[http://libmeta.ru/fme/formula/aux/1413_17_KORRELJaTsIONNAJa]]/URI$, если $URI[[http://libmeta.ru/fme/formula/aux/1413_18_KORRELJaTsIONNAJa]]/URI$, либо $URI[[http://libmeta.ru/fme/formula/aux/1413_19_KORRELJaTsIONNAJa]]/URI$, если $URI[[http://libmeta.ru/fme/formula/aux/1413_20_KORRELJaTsIONNAJa]]/URI$.

К. Ф.- простая, но полезная характеристика случайного процесса. Распределение гауссовой случайной функции $URI[[http://libmeta.ru/fme/formula/aux/1413_21_KORRELJaTsIONNAJa]]/URI$ полностью определяется ее К. Ф. и средним $URI[[http://libmeta.ru/fme/formula/aux/1413_22_KORRELJaTsIONNAJa]]/URI$; в общем случае это заведомо не так. В то же время К. Ф. вполне описывает процесс как кривую в гильбертовом пространстве интегрируемых в квадрате функций на вероятностном пространстве, на к-ром задан процесс; позволяет судить о таких его свойствах, как непрерывность, дифференцируемость и интегрируемость в среднем квадратическом, и т. п. Условия на скорость убывания К. Ф. при $URI[[http://libmeta.ru/fme/formula/aux/1413_23_KORRELJaTsIONNAJa]]/URI$ используют в предельных теоремах для случайных процессов.</text>
  <text_orig>функция

\[
B(s, t)=\mathrm{E}[X(s)-\mathrm{E} X(s)][X(t)-\mathrm{E} X(t)]^{*}
\]

$s, t \in T$, [здесь $\mathrm{E} X(t)$ - первый момент процесса, ${ }^{*}$ означает комплексное сопряжение; предполагается, что $\left.\mathrm{E}|X(t)|^{2}&lt;\infty\right]$. В случае векторного процесса $\left\{X_{i}(t)\right\}_{i=1}^{m}$ К. Ф. называется кор реляционная матрица

\[
B(s, t)=\left\|B_{i j}(s, t)\right\|_{i, j=1}^{m},
\]

где

\[
B_{i j}(s, t)=\mathrm{E}\left[X_{i}(s)-\mathrm{E} X_{i}(s)\right]\left[X_{j}(t)-\mathrm{E} X_{j}(t)\right]^{*}
\]

- взаимная корреляционная функция процессов $X_{i}$ и $X_{j} ; B_{i i}$ называют иногда автоко р реляци онной Ф у нкци е й. Характеристич. свойство К. ф.- ее положительная определенность: для любых $t_{1}, \ldots, t_{n} \in T$ и комплексных $c_{1}, \ldots, c_{m}$

\[
\sum_{i, j=1}^{m} c_{i} c_{j}^{*} B\left(t_{i}, t_{j}\right) \geqslant 0 .
\]

Для процесса с независимыми значениями $B(s, t)=0$ при $s \neq t$. Для с т а ц о на р ны х в широком смысле процессов К. Ф. зависит лишь от разности $t-s$ :

\[
B(s, t)=R(t-s) \text {. }
\]

Если при этом процесс непрерывен в среднем квадратическом, то есть

\[
\mathrm{E}|X(t)-X(s)|^{2} \rightarrow 0
\]

при $t \rightarrow s$, то К. Ф. $R(t)$ непрерывна и допускает представление

\[
R(t)=\int \exp (i t \lambda) d F(\lambda)
\]

где $F$ - спектральная мера процесса, а $\lambda$ пробегает интервал $(-\infty, \infty)$, если $T=(-\infty, \infty)$, либо $[-\pi, \pi]$, если $T=\{\ldots,-1,0,1, \ldots\}$.

К. Ф.- простая, но полезная характеристика случайного процесса. Распределение гауссовой случайной функции $X(t)$ полностью определяется ее К. Ф. и средним $\mathrm{E} X(t)$; в общем случае это заведомо не так. В то же время К. Ф. вполне описывает процесс как кривую в гильбертовом пространстве интегрируемых в квадрате функций на вероятностном пространстве, на к-ром задан процесс; позволяет судить о таких его свойствах, как непрерывность, дифференцируемость и интегрируемость в среднем квадратическом, и т. п. Условия на скорость убывания К. Ф. при $|t-s| \rightarrow \infty$ используют в предельных теоремах для случайных процессов.

Лum.: [1] Ги х ман И. И., Скор оход А. В., Введение в теорию случайных процессов, 2 изд., М., 1977; [2] Введение в статистическую радиофизику, ч. 1 - Р ы т о в С. М., Случайные процессы, М., 1976.
K. А. Боровков.</text_orig>
</article>
