<?xml version="1.0" ?>
<article uri="http://libmeta.ru/fme/article/1415_KORTEVEGA-DE" alphabetic_pos="1417">
  <title>КОРТЕВЕГА-ДЕ ФРИСА УРАВНЕНИЕ</title>
  <authors/>
  <pages>
    <start>298</start>
    <end>298</end>
  </pages>
  <literature>
    <literature_orig>Лит.: [1] Уизе м Дж., Линейные и нелинейные волны, пер. с англ., М., 1987; Теория солитонов. Метод обратной задачи, М., 1980.</literature_orig>
    <unit>
      <title>Уизе м Дж., Линейные и нелинейные волны</title>
      <publication>пер. с англ., М.</publication>
      <year>1987</year>
      <other>М., 1980.</other>
    </unit>
  </literature>
  <formulas_main>
    <formula uri="http://libmeta.ru/fme/formula/main/1415_1_KORTEVEGA-DE">u_{t}-6 u u_{x}+u_{x x x}=0 \text {, }</formula>
    <formula uri="http://libmeta.ru/fme/formula/main/1415_2_KORTEVEGA-DE">\omega=s k\left(1+\varepsilon k^{2}\right) \text {. }</formula>
    <formula uri="http://libmeta.ru/fme/formula/main/1415_3_KORTEVEGA-DE">u=2 x^{2} \operatorname{ch}^{-2}\left[x\left(x-4 x^{2} t-x_{0}\right)\right]</formula>
    <formula uri="http://libmeta.ru/fme/formula/main/1415_4_KORTEVEGA-DE">u=2 \partial^{2} \ln \Delta \partial x^{2}</formula>
    <formula uri="http://libmeta.ru/fme/formula/main/1415_5_KORTEVEGA-DE">\Delta_{i j}=\delta_{i j}+M_{i}^{2}\left(x_{i}+x_{j}\right)^{-1} \exp \left[-\left(x_{i}+x_{j}\right) x+8 x_{i}^{3} t\right],</formula>
    <formula uri="http://libmeta.ru/fme/formula/main/1415_6_KORTEVEGA-DE">\left(x-c t-x_{0}\right)=\int\left(2 E+c u^{2}-2 u^{3}\right)^{-1 / 2} d u,</formula>
    <formula uri="http://libmeta.ru/fme/formula/main/1415_7_KORTEVEGA-DE">I_{n}=\int P_{n}\left(u, u_{x}, \ldots\right) d x, \quad n=0,1,2, \ldots,</formula>
    <formula uri="http://libmeta.ru/fme/formula/main/1415_8_KORTEVEGA-DE">P_{0}=u ; P_{1}=u^{2} ; P_{2}=u^{3}-u_{x}^{2} / 2 ; P_{3}=\left(u_{x x}^{2}+5 u u_{x}+5 u^{2}\right) / 2 .</formula>
    <formula uri="http://libmeta.ru/fme/formula/main/1415_9_KORTEVEGA-DE">u_{t}+(\partial / \partial x) \delta I_{2} / \delta u=0,</formula>
    <formula uri="http://libmeta.ru/fme/formula/main/1415_10_KORTEVEGA-DE">\{\alpha, \beta\}=\frac{1}{2} \int_{-\infty}^{\infty}\left(\frac{\delta \alpha}{\delta u} \frac{\partial}{\partial x} \frac{\delta \beta}{\delta u}-\frac{\delta \beta}{\delta u} \frac{\partial}{\partial x} \frac{\delta \alpha}{\delta u}\right) d x .</formula>
    <formula uri="http://libmeta.ru/fme/formula/main/1415_11_KORTEVEGA-DE">u_{t}+(\partial / \partial x) \delta I_{n} / \delta u=0, n=3,4, \ldots</formula>
    <formula uri="http://libmeta.ru/fme/formula/main/1415_12_KORTEVEGA-DE">u_{t}+6 u u_{x}+u_{x x x}=v u_{x x}</formula>
  </formulas_main>
  <formulas_aux>
    <formula uri="http://libmeta.ru/fme/formula/aux/1415_1_KORTEVEGA-DE">k</formula>
    <formula uri="http://libmeta.ru/fme/formula/aux/1415_2_KORTEVEGA-DE">x^{2}</formula>
    <formula uri="http://libmeta.ru/fme/formula/aux/1415_3_KORTEVEGA-DE">x_{0}</formula>
    <formula uri="http://libmeta.ru/fme/formula/aux/1415_4_KORTEVEGA-DE">x \rightarrow \pm \infty</formula>
    <formula uri="http://libmeta.ru/fme/formula/aux/1415_5_KORTEVEGA-DE">t \rightarrow \infty</formula>
    <formula uri="http://libmeta.ru/fme/formula/aux/1415_6_KORTEVEGA-DE">n</formula>
    <formula uri="http://libmeta.ru/fme/formula/aux/1415_7_KORTEVEGA-DE">\delta</formula>
    <formula uri="http://libmeta.ru/fme/formula/aux/1415_8_KORTEVEGA-DE">x_{i}, M_{i}, i=1,2, \ldots, N,-</formula>
    <formula uri="http://libmeta.ru/fme/formula/aux/1415_9_KORTEVEGA-DE">\delta_{i j}-</formula>
    <formula uri="http://libmeta.ru/fme/formula/aux/1415_10_KORTEVEGA-DE">t \rightarrow \pm \infty N</formula>
    <formula uri="http://libmeta.ru/fme/formula/aux/1415_11_KORTEVEGA-DE">n</formula>
    <formula uri="http://libmeta.ru/fme/formula/aux/1415_12_KORTEVEGA-DE">x_{i}</formula>
    <formula uri="http://libmeta.ru/fme/formula/aux/1415_13_KORTEVEGA-DE">\mathrm{cn}(x-c t)</formula>
    <formula uri="http://libmeta.ru/fme/formula/aux/1415_14_KORTEVEGA-DE">c, E</formula>
    <formula uri="http://libmeta.ru/fme/formula/aux/1415_15_KORTEVEGA-DE">e \rightarrow 0</formula>
    <formula uri="http://libmeta.ru/fme/formula/aux/1415_16_KORTEVEGA-DE">p_{n}-</formula>
    <formula uri="http://libmeta.ru/fme/formula/aux/1415_17_KORTEVEGA-DE">u</formula>
    <formula uri="http://libmeta.ru/fme/formula/aux/1415_18_KORTEVEGA-DE">\delta / \delta u</formula>
    <formula uri="http://libmeta.ru/fme/formula/aux/1415_19_KORTEVEGA-DE">i_{2}</formula>
    <formula uri="http://libmeta.ru/fme/formula/aux/1415_20_KORTEVEGA-DE">\left\{i_{n}, I_{m}\right\}=0</formula>
    <formula uri="http://libmeta.ru/fme/formula/aux/1415_21_KORTEVEGA-DE">i_{n}</formula>
  </formulas_aux>
  <relations n="0"/>
  <text>нелинейное дифференциальное уравнение

\[
URI[[http://libmeta.ru/fme/formula/main/1415_1_KORTEVEGA-DE]]/URI
\]

представляющее собой универсальную модель для описания одномерных нелинейных волн в средах с дисперсией без диссипации, в которых закон дисперсии для линейных волн описывается двумя членами разложения по степеням волнового числа $URI[[http://libmeta.ru/fme/formula/aux/1415_1_KORTEVEGA-DE]]/URI$ :

\[
URI[[http://libmeta.ru/fme/formula/main/1415_2_KORTEVEGA-DE]]/URI
\]

Предложено Д. Кортевегом (d. Korteweg) и Г. де Фрисом (g. de Vries ) в 1895 в связи с задачей о волнах на поверхности жидкости. К.- де Ф. у. описывает магнитозвуковые и ионнозвуковые волны в плазме, акустич. волны в кристаллах, поверхностные и внутренние волны в океане.

Для К.- де Ф.у. найдены точные решения различного вида, одно из основных - солитон, или уединенная во л на:

\[
URI[[http://libmeta.ru/fme/formula/main/1415_3_KORTEVEGA-DE]]/URI
\]

амплитуда солитона $URI[[http://libmeta.ru/fme/formula/aux/1415_2_KORTEVEGA-DE]]/URI$ и положение его центра $URI[[http://libmeta.ru/fme/formula/aux/1415_3_KORTEVEGA-DE]]/URI$ - произвольные постоянные. Убывающее при $URI[[http://libmeta.ru/fme/formula/aux/1415_4_KORTEVEGA-DE]]/URI$ начальное возмущение, эволюционируя согласно К.- де Ф. у., распадается на ряд невзаимодействующих солитонов, распространяющихся влево, и на осциллирующий и затухающий фон, распространяющийся вправо. Поведение решения при $URI[[http://libmeta.ru/fme/formula/aux/1415_5_KORTEVEGA-DE]]/URI$ вычисляется по начальным данным. При помощи обратной задачи рассеяния метода можно найти для К. де Ф. у. бесконечные наборы точных решений; простейшим является $URI[[http://libmeta.ru/fme/formula/aux/1415_6_KORTEVEGA-DE]]/URI$-солитонное:

\[
URI[[http://libmeta.ru/fme/formula/main/1415_4_KORTEVEGA-DE]]/URI
\]

где $URI[[http://libmeta.ru/fme/formula/aux/1415_7_KORTEVEGA-DE]]/URI$ - определитель матрицы

\[
URI[[http://libmeta.ru/fme/formula/main/1415_5_KORTEVEGA-DE]]/URI
\]

$URI[[http://libmeta.ru/fme/formula/aux/1415_8_KORTEVEGA-DE]]/URI$ произвольные постоянные, $URI[[http://libmeta.ru/fme/formula/aux/1415_9_KORTEVEGA-DE]]/URI$ единичная матрица. При $URI[[http://libmeta.ru/fme/formula/aux/1415_10_KORTEVEGA-DE]]/URI$-солитонное решение распадается на $URI[[http://libmeta.ru/fme/formula/aux/1415_11_KORTEVEGA-DE]]/URI$ свободных солитонов с параметрами $URI[[http://libmeta.ru/fme/formula/aux/1415_12_KORTEVEGA-DE]]/URI$. В процессе взаимодействия солитоны испытывают упругие столкновения, приводящие к сдвигу их центров. Полный сдвиг каждого солитона равен сумме сдвигов при парных столкновениях.

Простейшим периодич. решением является бегущая к н о и даль н а я вол на, описываемая эллиптич. косинусом $URI[[http://libmeta.ru/fme/formula/aux/1415_13_KORTEVEGA-DE]]/URI$, с чем и связано ее название:

\[
URI[[http://libmeta.ru/fme/formula/main/1415_6_KORTEVEGA-DE]]/URI
\]

здесь $URI[[http://libmeta.ru/fme/formula/aux/1415_14_KORTEVEGA-DE]]/URI$ - параметры волны. При $URI[[http://libmeta.ru/fme/formula/aux/1415_15_KORTEVEGA-DE]]/URI$ кноидальная волна переходит в набор периодически расположенных солитонов.

К.- де Ф. у. имеет бесконечный набор интегралов движения:

\[
URI[[http://libmeta.ru/fme/formula/main/1415_7_KORTEVEGA-DE]]/URI
\]

где $URI[[http://libmeta.ru/fme/formula/aux/1415_16_KORTEVEGA-DE]]/URI$ многочлен от функции $URI[[http://libmeta.ru/fme/formula/aux/1415_17_KORTEVEGA-DE]]/URI$ и ее производных; в частности,

\[
URI[[http://libmeta.ru/fme/formula/main/1415_8_KORTEVEGA-DE]]/URI
\]

При помощи функциональной производной $URI[[http://libmeta.ru/fme/formula/aux/1415_18_KORTEVEGA-DE]]/URI$ К.де Ф.у. можно записать в виде

\[
URI[[http://libmeta.ru/fme/formula/main/1415_9_KORTEVEGA-DE]]/URI
\]

откуда следует, что она является гамильтоновой системой с функцией Гамильтона $URI[[http://libmeta.ru/fme/formula/aux/1415_19_KORTEVEGA-DE]]/URI$ и скобкой Пуассона

\[
URI[[http://libmeta.ru/fme/formula/main/1415_10_KORTEVEGA-DE]]/URI
\]

Поскольку $URI[[http://libmeta.ru/fme/formula/aux/1415_20_KORTEVEGA-DE]]/URI$, можно показать, что К.- де Ф. у.интегрируемая гамильтонова система, и явно ввести переменные: действие - угол. Гамильтонова структура (1) не является единственной, выбором скобок Пуассона можно сделать функцией Гамильтона любой из интегралов $URI[[http://libmeta.ru/fme/formula/aux/1415_21_KORTEVEGA-DE]]/URI$. Рассматривают также «высшие К.- де Ф. у.»:

\[
URI[[http://libmeta.ru/fme/formula/main/1415_11_KORTEVEGA-DE]]/URI
\]

их свойства аналогичны свойствам обычного К.- де Ф.у. В диссипативных средах К.- де Ф.у. переходит в Бюргерса - Кортевега - де Фриса уравнение

\[
URI[[http://libmeta.ru/fme/formula/main/1415_12_KORTEVEGA-DE]]/URI
\]

к к-рому (в отличие от К.- де Ф.у. и Бюргерса уравнения) точные методы не применимы. Стационарные решения уравнения (2) описывают структуру ударных волн в средах с дисперсией, в частности бесстолкновительных ударных волн в плазме. В двумерном случае К.- де Ф.у. переходит в Кадомцева - Петвиашвили уравнение.</text>
  <text_orig>нелинейное цифференциальное уравнение

\[
u_{t}-6 u u_{x}+u_{x x x}=0 \text {, }
\]

представляющее собой универсальную модель для описания одномерных нелинейных волн в средах с дисперсией без диссипации, в которых закон дисперсии для линейных волн описывается двумя членами разложения по степеням волнового числа $k$ :

\[
\omega=s k\left(1+\varepsilon k^{2}\right) \text {. }
\]

Предложено Д. Кортевегом (D. Korteweg) и Г. де Фрисом (G. de Vries ) в 1895 в связи с задачей о волнах на поверхности жидкости. К.- де Ф. у. описывает магнитозвуковые и ионнозвуковые волны в плазме, акустич. волны в кристаллах, поверхностные и внутренние волны в океане.

Для К.- де Ф.у. найдены точные решения различного вида, одно из основных - солитон, или уединенная во л на:

\[
u=2 x^{2} \operatorname{ch}^{-2}\left[x\left(x-4 x^{2} t-x_{0}\right)\right]
\]

амплитуда солитона $x^{2}$ и положение его центра $x_{0}$ - произвольные постоянные. Убывающее при $x \rightarrow \pm \infty$ начальное возмущение, эволюционируя согласно К.- де Ф. у., распадается на ряд невзаимодействующих солитонов, распространяюшихся влево, и на осциллирующий и затухающий фон, распространяющийся вправо. Поведение решения при $t \rightarrow \infty$ вычисляется по начальным данным. При помощи обратной задачи рассеяния метода можно найти для К. де Ф. у. бесконечные наборы точных решений; простейшим является $N$-солитонное:

\[
u=2 \partial^{2} \ln \Delta \partial x^{2}
\]

где $\Delta$ - определитель матрицы

\[
\Delta_{i j}=\delta_{i j}+M_{i}^{2}\left(x_{i}+x_{j}\right)^{-1} \exp \left[-\left(x_{i}+x_{j}\right) x+8 x_{i}^{3} t\right],
\]

$x_{i}, M_{i}, i=1,2, \ldots, N,-$ произвольные постоянные, $\delta_{i j}-$ единичная матрица. При $t \rightarrow \pm \infty N$-солитонное решение распадается на $N$ свободных солитонов с параметрами $x_{i}$. В процессе взаимодействия солитоны испытывают упругие столкновения, приводящие к сдвигу их центров. Полный сдвиг каждого солитона равен сумме сдвигов при парных столкновениях.

Простейшим периодич. решением является бегущая к н о и даль н а я вол на, описываемая эллиптич. косинуcom $\mathrm{cn}(x-c t)$, с чем и связано ее название:

\[
\left(x-c t-x_{0}\right)=\int\left(2 E+c u^{2}-2 u^{3}\right)^{-1 / 2} d u,
\]

здесь $c, E$ - параметры волны. При $E \rightarrow 0$ кноидальная волна переходит в набор периодически расположенных солитонов.

К.- де Ф. у. имеет бесконечный набор интегралов движения:

\[
I_{n}=\int P_{n}\left(u, u_{x}, \ldots\right) d x, \quad n=0,1,2, \ldots,
\]

где $P_{n}-$ многочлен от функции $u$ и ее производных; в частности,

\[
P_{0}=u ; P_{1}=u^{2} ; P_{2}=u^{3}-u_{x}^{2} / 2 ; P_{3}=\left(u_{x x}^{2}+5 u u_{x}+5 u^{2}\right) / 2 .
\]

При помощи функциональной производной $\delta / \delta u$ К.де Ф.у. можно записать в виде

\[
u_{t}+(\partial / \partial x) \delta I_{2} / \delta u=0,
\]

откуда следует, что она является гамильтоновой системой с функцией Гамильтона $I_{2}$ и скобкой Пуассона

\[
\{\alpha, \beta\}=\frac{1}{2} \int_{-\infty}^{\infty}\left(\frac{\delta \alpha}{\delta u} \frac{\partial}{\partial x} \frac{\delta \beta}{\delta u}-\frac{\delta \beta}{\delta u} \frac{\partial}{\partial x} \frac{\delta \alpha}{\delta u}\right) d x .
\]

Поскольку $\left\{I_{n}, I_{m}\right\}=0$, можно показать, что К.- де Ф. у.интегрируемая гамильтонова система, и явно ввести переменные: действие - угол. Гамильтонова структура (1) не является единственной, выбором скобок Пуассона можно сделать функцией Гамильтона любой из интегралов $I_{n}$. Рассматривают также «высшие К.- де Ф. у.»:

\[
u_{t}+(\partial / \partial x) \delta I_{n} / \delta u=0, n=3,4, \ldots
\]

их свойства аналогичны свойствам обычного К.- де Ф.у. В диссипативных средах К.- де Ф.у. переходит в Бюргерса - Кортевега - де Фриса уравнение

\[
u_{t}+6 u u_{x}+u_{x x x}=v u_{x x}
\]

к к-рому (в отличие от К.- де Ф.у. и Бюргерса уравнения) точные методы не применимы. Стационарные решения уравнения (2) описывают структуру ударных волн в средах с дисперсией, в частности бесстолкновительных ударных волн в плазме. В двумерном случае К.- де Ф.у. переходит в Кадомцева - Петвиашвили уравнение.

Лит.: [1] Уизе м Дж., Линейные и нелинейные волны, пер. с англ., М., 1987; Теория солитонов. Метод обратной задачи, М., 1980.</text_orig>
</article>
