<?xml version="1.0" ?>
<article uri="http://libmeta.ru/fme/article/1416_KOSVENNOE" alphabetic_pos="1418">
  <title>КОСВЕННОЕ ОБМЕННОЕ ВЗАИМОДЕЙСТВИЕ</title>
  <authors/>
  <pages>
    <start>298</start>
    <end>298</end>
  </pages>
  <literature>
    <literature_orig/>
  </literature>
  <formulas_main/>
  <formulas_aux/>
  <relations n="1">
    <relation uri="http://libmeta.ru/fme/relation/1416_1_KOSVENNOE">
      <rel_text>Гейзенберга модель</rel_text>
      <target>http://libmeta.ru/fme/article/557_GEJZENBERGA</target>
    </relation>
  </relations>
  <text>см. URI[[http://libmeta.ru/fme/relation/1416_1_KOSVENNOE]]/URI.</text>
  <text_orig>см. Гейзенберга модель.</text_orig>
</article>
