<?xml version="1.0" ?>
<article uri="http://libmeta.ru/fme/article/1421_KOSMOFIZIChESKAJa" alphabetic_pos="1423">
  <title>КОСМОФИЗИЧЕСКАЯ ТУРБУЛЕНТНОСТЬ</title>
  <authors/>
  <pages>
    <start>300</start>
    <end>300</end>
  </pages>
  <literature>
    <literature_orig/>
  </literature>
  <formulas_main/>
  <formulas_aux/>
  <relations n="1">
    <relation uri="http://libmeta.ru/fme/relation/1421_1_KOSMOFIZIChESKAJa">
      <rel_text>Геофизическая турбулентность</rel_text>
      <target>http://libmeta.ru/fme/article/590_GEOFIZIChESKAJa</target>
    </relation>
  </relations>
  <text>см. URI[[http://libmeta.ru/fme/relation/1421_1_KOSMOFIZIChESKAJa]]/URI.</text>
  <text_orig>см. Геофизическая турбулентность.</text_orig>
</article>
