<?xml version="1.0" ?>
<article uri="http://libmeta.ru/fme/article/1422_KOSOJ" alphabetic_pos="1424">
  <title>КОСОЙ ПРОИЗВОДНОЙ ЗАДАЧА</title>
  <authors/>
  <pages>
    <start>300</start>
    <end>300</end>
  </pages>
  <literature>
    <literature_orig/>
  </literature>
  <formulas_main/>
  <formulas_aux/>
  <relations n="2">
    <relation uri="http://libmeta.ru/fme/relation/1422_1_KOSOJ">
      <rel_text>теории потенциала</rel_text>
      <target>http://libmeta.ru/fme/article/1446_KRAEVAJa</target>
    </relation>
    <relation uri="http://libmeta.ru/fme/relation/1422_2_KOSOJ">
      <rel_text>Краевая задача</rel_text>
      <target>http://libmeta.ru/fme/article/1444_KRAEVAJa</target>
    </relation>
  </relations>
  <text>см. URI[[http://libmeta.ru/fme/relation/1422_2_KOSOJ]]/URI URI[[http://libmeta.ru/fme/relation/1422_1_KOSOJ]]/URI.

Косой удар - см. Удар.</text>
  <text_orig>см. Краевая задача теории потенциала.

КОсой удар - см. Удар.</text_orig>
</article>
