<?xml version="1.0" ?>
<article uri="http://libmeta.ru/fme/article/1423_KOSOORTOGONAL'NYE" alphabetic_pos="1425">
  <title>КОСООРТОГОНАЛЬНЫЕ ВЕКТОРЫ</title>
  <authors/>
  <pages>
    <start>300</start>
    <end>300</end>
  </pages>
  <literature>
    <literature_orig/>
  </literature>
  <formulas_main/>
  <formulas_aux/>
  <relations n="1">
    <relation uri="http://libmeta.ru/fme/relation/1423_1_KOSOORTOGONAL'NYE">
      <rel_text>Симплектическая</rel_text>
      <target>http://libmeta.ru/fme/article/2754_SIMPLEKTIZATsI</target>
    </relation>
  </relations>
  <text>см. URI[[http://libmeta.ru/fme/relation/1423_1_KOSOORTOGONAL'NYE]]/URI груnпа.</text>
  <text_orig>см. Симплектическая груnпа.</text_orig>
</article>
