<?xml version="1.0" ?>
<article uri="http://libmeta.ru/fme/article/1424_KOSOSIMMETRIChESKIJ" alphabetic_pos="1426">
  <title>КОСОСИММЕТРИЧЕСКИЙ ТЕНЗОР</title>
  <authors/>
  <pages>
    <start>300</start>
    <end>300</end>
  </pages>
  <literature>
    <literature_orig/>
  </literature>
  <formulas_main/>
  <formulas_aux/>
  <relations n="1">
    <relation uri="http://libmeta.ru/fme/relation/1424_1_KOSOSIMMETRIChESKIJ">
      <rel_text>Антисимметрический</rel_text>
      <target>http://libmeta.ru/fme/article/95_ANTIKOMMUTATIVNOST</target>
    </relation>
  </relations>
  <text>см. URI[[http://libmeta.ru/fme/relation/1424_1_KOSOSIMMETRIChESKIJ]]/URI тензор.</text>
  <text_orig>см. Антисимметрический тензор.</text_orig>
</article>
