<?xml version="1.0" ?>
<article uri="http://libmeta.ru/fme/article/1427_KOShELE" alphabetic_pos="1429">
  <title>КОШЕЛЕК</title>
  <authors/>
  <pages>
    <start>300</start>
    <end>300</end>
  </pages>
  <literature>
    <literature_orig/>
  </literature>
  <formulas_main/>
  <formulas_aux/>
  <relations n="1">
    <relation uri="http://libmeta.ru/fme/relation/1427_1_KOShELE">
      <rel_text>Катастроф теория</rel_text>
      <target>http://libmeta.ru/fme/article/1122_KATASTROF</target>
    </relation>
  </relations>
  <text>см. URI[[http://libmeta.ru/fme/relation/1427_1_KOShELE]]/URI.</text>
  <text_orig>см. Катастроф теория.</text_orig>
</article>
