<?xml version="1.0" ?>
<article uri="http://libmeta.ru/fme/article/1429_KOShI" alphabetic_pos="1431">
  <title>КОШИ ГОРИЗОНТ ПРОШЛОГО</title>
  <authors/>
  <pages>
    <start>300</start>
    <end>300</end>
  </pages>
  <literature>
    <literature_orig>Лит.: [1] Пе н ро уз Р., Структура пространства-времени, пер. с $\begin{array}{ll}\text { англ., М., } 1972 . &amp; \text { А. Т. Ильичев. }\end{array}$</literature_orig>
    <unit>
      <author>Пенроуз Р.</author>
      <title>Структура пространства-времени</title>
      <publication>пер. с $\begin{array}{ll}\text { англ., М.</publication>
      <year>1972</year>
      <other/>
    </unit>
  </literature>
  <formulas_main/>
  <formulas_aux>
    <formula uri="http://libmeta.ru/fme/formula/aux/1429_1_KOShI">d^{-}(S)</formula>
    <formula uri="http://libmeta.ru/fme/formula/aux/1429_2_KOShI">s</formula>
    <formula uri="http://libmeta.ru/fme/formula/aux/1429_3_KOShI">d^{-}(S)</formula>
    <formula uri="http://libmeta.ru/fme/formula/aux/1429_4_KOShI">d^{-}(S)</formula>
    <formula uri="http://libmeta.ru/fme/formula/aux/1429_5_KOShI">t=\left(x^{2}+y^{2}+z^{2}+1\right)^{1 / 2}</formula>
  </formulas_aux>
  <relations n="1">
    <relation uri="http://libmeta.ru/fme/relation/1429_1_KOShI">
      <rel_text>Пространство-время теории относительности</rel_text>
      <target>http://libmeta.ru/fme/article/2425_PROSTRANSTVO-VREMJa</target>
    </relation>
  </relations>
  <text>граница прошлого $URI[[http://libmeta.ru/fme/formula/aux/1429_1_KOShI]]/URI$ гиперповерхности $URI[[http://libmeta.ru/fme/formula/aux/1429_2_KOShI]]/URI$ (см. URI[[http://libmeta.ru/fme/relation/1429_1_KOShI]]/URI). К. г. прошлого принадлежит области $URI[[http://libmeta.ru/fme/formula/aux/1429_3_KOShI]]/URI$ и состоит из таких точек, к-рым не предшествует ни одна точка из $URI[[http://libmeta.ru/fme/formula/aux/1429_4_KOShI]]/URI$. В пространстве Минковского, напр., К. г. прошлого верхней половины гиперболоида $URI[[http://libmeta.ru/fme/formula/aux/1429_5_KOShI]]/URI$ является верхняя половина светового конуса (световой конус будущего начала координат). К. г. прошлого представляет собой изотропную гиперповерхность: его образующими являются нулевые геодезические, и через каждую точку К. г. прошлого проходит направленная в будущее нулевая геодезическая, целиком лежащая на К. г. прошлого. Наличие К. г. прошлого указывает на отсутствие глобальной гиперповерхности Коши, то есть пространственноподобной гиперповерхности, результатом эволюции к-рой является все пространство-время.</text>
  <text_orig>граница прошлого $D^{-}(S)$ гиперповерхности $S$ (см. Пространство-время теории относительности). К. г. прошлого принадлежит области $D^{-}(S)$ и состоит из таких точек, к-рым не предшествует ни одна точка из $D^{-}(S)$. В пространстве Минковского, напр., К. г. прошлого верхней половины гиперболоида $t=\left(x^{2}+y^{2}+z^{2}+1\right)^{1 / 2}$ является верхняя половина светового конуса (световой конус будущего начала координат). К. г. прошлого представляет собой изотропную гиперповерхность: его образующими являются нулевые геодезические, и через каждую точку К. г. прошлого проходит направленная в будущее нулевая геодезическая, целиком лежащая на К. г. прошлого. Наличие К. г. прошлого указывает на отсутствие глобальной гиперповерхности Коши, то есть пространственноподобной гиперповерхности, результатом эволюции к-рой является все пространство-время.

Лит.: [1] Пе н ро уз Р., Структура пространства-времени, пер. с $\begin{array}{ll}\text { англ., М., } 1972 . &amp; \text { А. Т. Ильичев. }\end{array}$</text_orig>
</article>
