<?xml version="1.0" ?>
<article uri="http://libmeta.ru/fme/article/1430_KOShI" alphabetic_pos="1432">
  <title>КОШИ ЗАДАЧА</title>
  <authors>
    <author>C. В. Молодиов</author>
  </authors>
  <pages>
    <start>300</start>
    <end>301</end>
  </pages>
  <literature>
    <literature_orig>Лum.: [1] П е т р о в с к и й И. Г., Лекции об уравнениях с частными производными, 3 изд., М., 1961; [2] В ла д и м и ров В. С., Уравнения математической физики, 5 изд., М., 1988; [3] Арн о л ь д В. И., Обыкновенные дифференциальные уравнения, 3 изд., М., 1984; [4] Б и цадз е А. В., Уравнения математической физики, 2 изд., М., 1982.</literature_orig>
    <unit>
      <author>Петровский И. Г.</author>
      <title>Лекции об уравнениях с частными производными</title>
      <publication>3 изд., М.</publication>
      <year>1961</year>
      <other/>
    </unit>
    <unit>
      <author>Владимиров В. С.</author>
      <title>Уравнения математической физики</title>
      <publication>5 изд., М.</publication>
      <year>1988</year>
      <other/>
    </unit>
    <unit>
      <author>Арнольд В. И.</author>
      <title>Обыкновенные дифференциальные уравнения</title>
      <publication>3 изд., М.</publication>
      <year>1984</year>
      <other/>
    </unit>
    <unit>
      <author>Бицадзе А. В.</author>
      <title>Уравнения математической физики</title>
      <publication>2 изд., М.</publication>
      <year>1982</year>
      <other/>
    </unit>
  </literature>
  <formulas_main>
    <formula uri="http://libmeta.ru/fme/formula/main/1430_1_KOShI">d y / d x=f(x, y), y\left(x_{0}\right)=y_{0},</formula>
    <formula uri="http://libmeta.ru/fme/formula/main/1430_2_KOShI">\sum_{i=1}^{n} \frac{\partial^{2} u}{\partial x_{i}^{2}}-\frac{1}{c^{2}} \frac{\partial^{2} u}{\partial t^{2}}=0</formula>
    <formula uri="http://libmeta.ru/fme/formula/main/1430_3_KOShI">u(x, 0)=\varphi(x), \partial u(x, t) /\left.\partial t\right|_{t=0}=\pi(x),</formula>
    <formula uri="http://libmeta.ru/fme/formula/main/1430_4_KOShI">\sum_{i=1}^{n} x_{i}^{2}-c^{2} t^{2}&gt;0</formula>
  </formulas_main>
  <formulas_aux>
    <formula uri="http://libmeta.ru/fme/formula/aux/1430_1_KOShI">f(x, y)</formula>
    <formula uri="http://libmeta.ru/fme/formula/aux/1430_2_KOShI">f(x, y)</formula>
    <formula uri="http://libmeta.ru/fme/formula/aux/1430_3_KOShI">y(x)</formula>
    <formula uri="http://libmeta.ru/fme/formula/aux/1430_4_KOShI">f(x, y)</formula>
    <formula uri="http://libmeta.ru/fme/formula/aux/1430_5_KOShI">n</formula>
    <formula uri="http://libmeta.ru/fme/formula/aux/1430_6_KOShI">n-1</formula>
    <formula uri="http://libmeta.ru/fme/formula/aux/1430_7_KOShI">(n+1)</formula>
    <formula uri="http://libmeta.ru/fme/formula/aux/1430_8_KOShI">k-1</formula>
    <formula uri="http://libmeta.ru/fme/formula/aux/1430_9_KOShI">k</formula>
    <formula uri="http://libmeta.ru/fme/formula/aux/1430_10_KOShI">n</formula>
    <formula uri="http://libmeta.ru/fme/formula/aux/1430_11_KOShI">\varphi(x), \pi(x)</formula>
    <formula uri="http://libmeta.ru/fme/formula/aux/1430_12_KOShI">n=1,2,3</formula>
    <formula uri="http://libmeta.ru/fme/formula/aux/1430_13_KOShI">\varphi</formula>
    <formula uri="http://libmeta.ru/fme/formula/aux/1430_14_KOShI">\pi</formula>
    <formula uri="http://libmeta.ru/fme/formula/aux/1430_15_KOShI">t=0</formula>
  </formulas_aux>
  <relations n="0"/>
  <text>задача о нахождении решения дифференциального уравнения (обыкновенного или с частными производными), удовлетворяющего начальным условиям. Рассмотрена О. Коши (а. Cauchy, 1823-24).

Примером К. з. может служить основная задача механики, когда по известным начальным положениям и скоростям частиц требуется при известном законе взаимодействия между ними определить движение частиц во времени.

Поскольку уравнения математич. физики, для к-рых ставится К. з., описывают реальные процессы, то естественно потребовать существования решения в определенном классе функций, его единственности, непрерывной зависимости решения от начальных данных. Даже в случае простейшей К. 3.

\[
URI[[http://libmeta.ru/fme/formula/main/1430_1_KOShI]]/URI
\]

где $URI[[http://libmeta.ru/fme/formula/aux/1430_1_KOShI]]/URI$ - заданная функция, выполнение этих требований накладывает ограничения на вид функции $URI[[http://libmeta.ru/fme/formula/aux/1430_2_KOShI]]/URI$.

Аналогично ставится К. з. для систем обыкновенных дифференциальных уравнений; при этом $URI[[http://libmeta.ru/fme/formula/aux/1430_3_KOShI]]/URI$ и $URI[[http://libmeta.ru/fme/formula/aux/1430_4_KOShI]]/URI$ вектор-функции в каком-либо векторном пространстве. Поскольку обыкновенное дифференциальное уравнение порядка $URI[[http://libmeta.ru/fme/formula/aux/1430_5_KOShI]]/URI$ сводится к системе уравнений первого порядка, K. 3. для него фиксирует начальные значения для производных искомой функции вплоть до $URI[[http://libmeta.ru/fme/formula/aux/1430_6_KOShI]]/URI$ порядка.

Для дифференциальных уравнений с частными производными в $URI[[http://libmeta.ru/fme/formula/aux/1430_7_KOShI]]/URI$-мерном пространстве-времени К. з. фиксирует начальные значения функции (и ее $URI[[http://libmeta.ru/fme/formula/aux/1430_8_KOShI]]/URI$ производных, если $URI[[http://libmeta.ru/fme/formula/aux/1430_9_KOShI]]/URI$ - порядок уравнения по времени) на $URI[[http://libmeta.ru/fme/formula/aux/1430_10_KOShI]]/URI$-мерной поверхности. Напр., для волнового уравнения

\[
URI[[http://libmeta.ru/fme/formula/main/1430_2_KOShI]]/URI
\]

решение К. з. с начальными данными:

\[
URI[[http://libmeta.ru/fme/formula/main/1430_3_KOShI]]/URI
\]

где $URI[[http://libmeta.ru/fme/formula/aux/1430_11_KOShI]]/URI$ - достаточно гладкие функции, дается при $URI[[http://libmeta.ru/fme/formula/aux/1430_12_KOShI]]/URI$ Д'аламбера формулой, Пуассона формулой и Кирхгофа формулой. При этом решение непрерывно зависит от функций $URI[[http://libmeta.ru/fme/formula/aux/1430_13_KOShI]]/URI$ и $URI[[http://libmeta.ru/fme/formula/aux/1430_14_KOShI]]/URI$. Для уравнения с частными производными требуется, чтобы К. з. была корректно поставлена. Напр., для волнового уравнения К. 3. корректно поставлена в случае, если начальные данные заданы либо на гиперплоскости $URI[[http://libmeta.ru/fme/formula/aux/1430_15_KOShI]]/URI$, либо на любой пространственноподобной поверхности, для К-рой

\[
URI[[http://libmeta.ru/fme/formula/main/1430_4_KOShI]]/URI
\]</text>
  <text_orig>задача о нахождении решения дифференциального уравнения (обыкновенного или с частными производными), удовлетворяющего начальным условиям. Рассмотрена О. Коши (А. Cauchy, 1823-24).

Примером К. з. может служить основная задача механики, когда по известным начальным положениям и скоростям частиц требуется при известном законе взаимодействия между ними определить движение частиц во времени.

Поскольку уравнения математич. физики, для к-рых ставится К. з., описывают реальные процессы, то естественно потребовать сушествования решения в определенном класce функций, его единственности, непрерывной зависимости решения от начальных данных. Даже в случае простейшей К. 3.

\[
d y / d x=f(x, y), y\left(x_{0}\right)=y_{0},
\]

где $f(x, y)$ - заданная функция, выполнение этих требований накладывает ограничения на вид функции $f(x, y)$.

Аналогично ставится К. з. для систем обыкновенных дифференциальных уравнений; при этом $y(x)$ и $f(x, y)$ вектор-функции в каком-либо векторном пространстве. Поскольку обыкновенное дифференциальное уравнение порядка $n$ сводится к системе уравнений первого порядка, K. 3. для него фиксирует начальные значения для производных искомой функции вплоть до $n-1$ порядка.

Для дифференциальных уравнений с частными производными в $(n+1)$-мерном пространстве-времени К. з. фиксирует начальные значения функции (и ее $k-1$ производных, если $k$ - порядок уравнения по времени) на $n$-мерной поверхности. Напр., для волнового уравнения

\[
\sum_{i=1}^{n} \frac{\partial^{2} u}{\partial x_{i}^{2}}-\frac{1}{c^{2}} \frac{\partial^{2} u}{\partial t^{2}}=0
\]

решение К. з. с начальными данными:

\[
u(x, 0)=\varphi(x), \partial u(x, t) /\left.\partial t\right|_{t=0}=\pi(x),
\]

где $\varphi(x), \pi(x)$ - достаточно гладкие функции, дается при $n=1,2,3$ Д'Аламбера формулой, Пуассона формулой и Кирхгофа формулой. При этом решение непрерывно зависит от функций $\varphi$ и $\pi$. Для уравнения с частными производными требуется, чтобы К. з. была корректно поставлена. Напр., для волнового уравнения К. 3. корректно поставлена в случае, если начальные данные заданы либо на гиперплоскости $t=0$, либо на любой пространственноподобной поверхности, для К-рой

\[
\sum_{i=1}^{n} x_{i}^{2}-c^{2} t^{2}&gt;0
\]

Лum.: [1] П е т р о в с к и й И. Г., Лекщии об уравнениях с частными производными, 3 изд., М., 1961; [2] В ла д и м и ров В. С., Уравнения математической физики, 5 изд., М., 1988; [3] Арн о л ь д В. И., Обыкновенные дифференциальные уравнения, 3 изд., М., 1984; [4] Б и цадз е А. В., Уравнения математической физики, 2 изд., М., 1982.

C. В. Молодиов.</text_orig>
</article>
