<?xml version="1.0" ?>
<article uri="http://libmeta.ru/fme/article/1432_KOShI" alphabetic_pos="1434">
  <title>КОШИ ИНТЕГРАЛ</title>
  <authors>
    <author>Ю. Е. Хохлов</author>
  </authors>
  <pages>
    <start>301</start>
    <end>301</end>
  </pages>
  <literature>
    <literature_orig>Лит.: [1] Айзен бе рг Л. А., Южаков А. П., Интегральные представления и вычеты в многомерном комплексном анализе, Новосибирск, 1979; [2] В лад и м и ро в В. С., Обобщенные функции в математической физике, 2 изд., М., 1979; [3] Ш а ба т Б. В., Введение в комплексный анализ, 3 изд., ч. 1-2, М., 1985; [4] В л а д и м и ров В. С., Серге е в А. Г., в кн.: Итоги науки и техники. Современные проблемы математики. Фундаментальные направления, т. 8, М., 1985, с. 191-266; [5] Хе н к и н Г. М., там же, т. 7, М., 1985 , c. $23-124$</literature_orig>
    <unit>
      <author>Айзенберг Л. А.</author>
      <author>Южаков А. П.</author>
      <title>Интегральные представления и вычеты в многомерном комплексном анализе, Новосибирск</title>
      <publication/>
      <year>1979</year>
      <other/>
    </unit>
    <unit>
      <author>Владимиров В. С.</author>
      <title>Обобщенные функции в математической физике</title>
      <publication>2 изд., М.</publication>
      <year>1979</year>
      <other/>
    </unit>
    <unit>
      <author>Шабат Б. В.</author>
      <title>Введение в комплексный анализ</title>
      <publication>3 изд., ч. 1-2, М.</publication>
      <year>1985</year>
      <other/>
    </unit>
    <unit>
      <author>Владимиров В. С.</author>
      <author>Сергеев А. Г.</author>
      <title>в кн.: Итоги науки и техники. Современные проблемы математики. Фундаментальные направления</title>
      <publication>М.</publication>
      <year>1985</year>
      <other>т. 8, с. 191-266</other>
    </unit>
    <unit>
      <author>Хенкин Г. М.</author>
      <title>там же</title>
      <publication>М.</publication>
      <year>1985</year>
      <other>т. 7, c. $23-124$</other>
    </unit>
  </literature>
  <formulas_main>
    <formula uri="http://libmeta.ru/fme/formula/main/1432_1_KOShI">(K f)(z)=\frac{1}{2 \pi i} \int_{\partial D} f(\zeta) \frac{d \zeta}{\zeta-z}, \quad z \in D</formula>
    <formula uri="http://libmeta.ru/fme/formula/main/1432_2_KOShI">(K f)(z)=\frac{1}{(2 \pi i)^{n}} \int_{\gamma} f(\zeta) \frac{\omega^{\prime}(\eta) \wedge \omega(\zeta)}{\langle\eta, \zeta-z\rangle^{n}}</formula>
    <formula uri="http://libmeta.ru/fme/formula/main/1432_3_KOShI">\omega(\zeta)=d \zeta^{1} \wedge \ldots \wedge d \zeta^{n}</formula>
    <formula uri="http://libmeta.ru/fme/formula/main/1432_4_KOShI">\omega^{\prime}(\eta)=\sum_{k=1}(-1)^{k-1} \eta^{k} d \eta^{1} \wedge \ldots \wedge d \eta^{k} \wedge \ldots \wedge d \eta^{n},</formula>
  </formulas_main>
  <formulas_aux>
    <formula uri="http://libmeta.ru/fme/formula/aux/1432_1_KOShI">f</formula>
    <formula uri="http://libmeta.ru/fme/formula/aux/1432_2_KOShI">d</formula>
    <formula uri="http://libmeta.ru/fme/formula/aux/1432_3_KOShI">\boldsymbol{n}-ф о р м а</formula>
    <formula uri="http://libmeta.ru/fme/formula/aux/1432_4_KOShI">(n-1)</formula>
    <formula uri="http://libmeta.ru/fme/formula/aux/1432_5_KOShI">\gamma</formula>
    <formula uri="http://libmeta.ru/fme/formula/aux/1432_6_KOShI">(2 n-1)</formula>
    <formula uri="http://libmeta.ru/fme/formula/aux/1432_7_KOShI">\mathbb{c}_{\zeta}^{n} \mathbb{C}_{\eta}^{n}</formula>
    <formula uri="http://libmeta.ru/fme/formula/aux/1432_8_KOShI">d \subset \mathbb{C}_{\zeta}^{n}</formula>
    <formula uri="http://libmeta.ru/fme/formula/aux/1432_9_KOShI">d \subset \mathbb{C}^{n}</formula>
  </formulas_aux>
  <relations n="0"/>
  <text>интегральный оператор вида

\[
URI[[http://libmeta.ru/fme/formula/main/1432_1_KOShI]]/URI
\]

восстанавливающий значения аналитической функции $URI[[http://libmeta.ru/fme/formula/aux/1432_1_KOShI]]/URI$ в $URI[[http://libmeta.ru/fme/formula/aux/1432_2_KOShI]]/URI$ по ее граничным значениям.

К. и. впервые встречается в работах О. Коши (а. Сauchy, 1831) и служит основой для интегральной формулы Коши. Обобщением К. и. на случай разомкнутых контуров и плотностей, не представляющих собой граничные значения аналитич. функций, является сингулярный ин те грал ти па Ко ш и, понимаемый в смысле главного значения.

В пространственном случае аналогом К. и. выступает Коши-Лере-Фантаппье интеграл

где $URI[[http://libmeta.ru/fme/formula/aux/1432_3_KOShI]]/URI$

\[
URI[[http://libmeta.ru/fme/formula/main/1432_2_KOShI]]/URI
\]

$URI[[http://libmeta.ru/fme/formula/aux/1432_4_KOShI]]/URI$-форма

\[
URI[[http://libmeta.ru/fme/formula/main/1432_3_KOShI]]/URI
\]

\[
URI[[http://libmeta.ru/fme/formula/main/1432_4_KOShI]]/URI
\]

a $URI[[http://libmeta.ru/fme/formula/aux/1432_5_KOShI]]/URI$ суть $URI[[http://libmeta.ru/fme/formula/aux/1432_6_KOShI]]/URI$-мерный цикл пространства $URI[[http://libmeta.ru/fme/formula/aux/1432_7_KOShI]]/URI$, лежащий над границей области $URI[[http://libmeta.ru/fme/formula/aux/1432_8_KOShI]]/URI$ и накрывающий ее один ра3. Для конкретной области $URI[[http://libmeta.ru/fme/formula/aux/1432_9_KOShI]]/URI$ этот интеграл дает возможность построения целого класса интегральных представлений, среди к-рых наиболее важны для приложений представители с голоморфным ядром. В настоящее время имеются явные формулы для шара, полидиска, аналитич. полиэдров, строго псевдовыпуклых областей, трубчатых областей над конусом, областей Дайсона и др.</text>
  <text_orig>интегральный оператор вида

\[
(K f)(z)=\frac{1}{2 \pi i} \int_{\partial D} f(\zeta) \frac{d \zeta}{\zeta-z}, \quad z \in D
\]

восстанавливающий значения аналитической функции $f$ в $D$ по ее граничным значениям.

К. и. впервые встречается в работах О. Коши (А. Сauchy, 1831) и служит основой для интегральной формулы Коши. Обобщением К. и. на случай разомкнутых контуров и плотностей, не представляющих собой граничные значения аналитич. функций, является сингулярный ин те грал ти па Ко ш и, понимаемый в смысле главного значения.

В пространственном случае аналогом К. и. выступает Коши-Лере-Фантаппье интеграл

где $\boldsymbol{n}-ф о р м а$

\[
(K f)(z)=\frac{1}{(2 \pi i)^{n}} \int_{\gamma} f(\zeta) \frac{\omega^{\prime}(\eta) \wedge \omega(\zeta)}{\langle\eta, \zeta-z\rangle^{n}}
\]

$(n-1)$-форма

\[
\omega(\zeta)=d \zeta^{1} \wedge \ldots \wedge d \zeta^{n}
\]

\[
\omega^{\prime}(\eta)=\sum_{k=1}(-1)^{k-1} \eta^{k} d \eta^{1} \wedge \ldots \wedge d \eta^{k} \wedge \ldots \wedge d \eta^{n},
\]

a $\gamma$ суть $(2 n-1)$-мерный цикл пространства $\mathbb{C}_{\zeta}^{n} \mathbb{C}_{\eta}^{n}$, лежащий над границей области $D \subset \mathbb{C}_{\zeta}^{n}$ и накрывающий ее один ра3. Для конкретной области $D \subset \mathbb{C}^{n}$ этот интеграл дает возможность построения целого класса интегральных представлений, среди к-рых наиболее важны для приложений представители с голоморфным ядром. В настоящее время имеются явные формулы для шара, полидиска, аналитич. полиэдров, строго псевдовыпуклых областей, трубчатых областей над конусом, областей Дайсона и др.

Лит.: [1] Айзен бе рг Л. А., Южаков А. П., Интегральные представления и вычеты в многомерном комплексном анализе, Новосибирск, 1979; [2] В лад и м и ро в В. С., Обобщенные функции в математической физике, 2 изд., М., 1979; [3] Ш а ба т Б. В., Введение в комплексный анализ, 3 изд., ч. 1-2, М., 1985; [4] В л а д и м и ров В. С., Серге е в А. Г., в кн.: Итоги науки и техники. Современные проблемы математики. Фундаментальные направления, т. 8, М., 1985, с. 191-266; [5] Хе н к и н Г. М., там же, т. 7, М., 1985 , c. $23-124$

Ю. Е. Хохлов.</text_orig>
</article>
