<?xml version="1.0" ?>
<article uri="http://libmeta.ru/fme/article/1433_KOShI" alphabetic_pos="1435">
  <title>КОШИ ИНТЕГРАЛЬНАЯ ТЕОРЕМА</title>
  <authors/>
  <pages>
    <start>301</start>
    <end>302</end>
  </pages>
  <literature>
    <literature_orig/>
  </literature>
  <formulas_main/>
  <formulas_aux/>
  <relations n="0"/>
  <text>см. Аналитическая функция.</text>
  <text_orig>см. Аналитическая функция.</text_orig>
</article>
