<?xml version="1.0" ?>
<article uri="http://libmeta.ru/fme/article/1435_KOShI" alphabetic_pos="1437">
  <title>КОШИ ПОВЕРХНОСТЬ</title>
  <authors/>
  <pages>
    <start>302</start>
    <end>302</end>
  </pages>
  <literature>
    <literature_orig/>
  </literature>
  <formulas_main/>
  <formulas_aux/>
  <relations n="1">
    <relation uri="http://libmeta.ru/fme/relation/1435_1_KOShI">
      <rel_text>Пространство-время теории относительности</rel_text>
      <target>http://libmeta.ru/fme/article/2425_PROSTRANSTVO-VREMJa</target>
    </relation>
  </relations>
  <text>см. URI[[http://libmeta.ru/fme/relation/1435_1_KOShI]]/URI.</text>
  <text_orig>см. Пространство-время теории относительности.</text_orig>
</article>
