<?xml version="1.0" ?>
<article uri="http://libmeta.ru/fme/article/1436_KOShI" alphabetic_pos="1438">
  <title>КОШИ ТЕОРЕМА</title>
  <authors/>
  <pages>
    <start>302</start>
    <end>302</end>
  </pages>
  <literature>
    <literature_orig/>
  </literature>
  <formulas_main>
    <formula uri="http://libmeta.ru/fme/formula/main/1436_1_KOShI">\int_{\gamma} f(z) d z</formula>
    <formula uri="http://libmeta.ru/fme/formula/main/1436_2_KOShI">\int_{\gamma} f(z) d z=0</formula>
  </formulas_main>
  <formulas_aux>
    <formula uri="http://libmeta.ru/fme/formula/aux/1436_1_KOShI">f(t)</formula>
    <formula uri="http://libmeta.ru/fme/formula/aux/1436_2_KOShI">d</formula>
    <formula uri="http://libmeta.ru/fme/formula/aux/1436_3_KOShI">\gamma</formula>
    <formula uri="http://libmeta.ru/fme/formula/aux/1436_4_KOShI">d</formula>
    <formula uri="http://libmeta.ru/fme/formula/aux/1436_5_KOShI">f(z)</formula>
    <formula uri="http://libmeta.ru/fme/formula/aux/1436_6_KOShI">f(z)</formula>
    <formula uri="http://libmeta.ru/fme/formula/aux/1436_7_KOShI">d</formula>
    <formula uri="http://libmeta.ru/fme/formula/aux/1436_8_KOShI">\gamma</formula>
    <formula uri="http://libmeta.ru/fme/formula/aux/1436_9_KOShI">d</formula>
    <formula uri="http://libmeta.ru/fme/formula/aux/1436_10_KOShI">f(z)</formula>
    <formula uri="http://libmeta.ru/fme/formula/aux/1436_11_KOShI">d</formula>
  </formulas_aux>
  <relations n="0"/>
  <text>теорема об обращении в нуль интеграла от аналитической функции, взятого вдоль замкнутого контура. Точнее, пусть функция $URI[[http://libmeta.ru/fme/formula/aux/1436_1_KOShI]]/URI$ аналитична в области $URI[[http://libmeta.ru/fme/formula/aux/1436_2_KOShI]]/URI$, а $URI[[http://libmeta.ru/fme/formula/aux/1436_3_KOShI]]/URI$ - кусочно гладкий контур, лежащий в $URI[[http://libmeta.ru/fme/formula/aux/1436_4_KOShI]]/URI$ и не содержащий внутри себя особенностей функции $URI[[http://libmeta.ru/fme/formula/aux/1436_5_KOShI]]/URI$. Тогда, согласно К. т., контурный интеграл

\[
URI[[http://libmeta.ru/fme/formula/main/1436_1_KOShI]]/URI
\]

равен нулю. Доказана О. Коши (a. Cauchy, 1825). Геометрически К. т. означает, что векторное поле, компонентами к-рого являются, соответственно, вещественная и мнимая части аналитич. функции, потенциально и соленоидально, то есть его дивергенция и ротор равны нулю. Справедливо и обратное утверждение (т е о р е ма М о р е ры): если функция $URI[[http://libmeta.ru/fme/formula/aux/1436_6_KOShI]]/URI$ непрерывна в односвязной области $URI[[http://libmeta.ru/fme/formula/aux/1436_7_KOShI]]/URI$ и такова, что

\[
URI[[http://libmeta.ru/fme/formula/main/1436_2_KOShI]]/URI
\]

для любого кусочно гладкого замкнутого контура $URI[[http://libmeta.ru/fme/formula/aux/1436_8_KOShI]]/URI$, лежащего в $URI[[http://libmeta.ru/fme/formula/aux/1436_9_KOShI]]/URI$, то $URI[[http://libmeta.ru/fme/formula/aux/1436_10_KOShI]]/URI$ аналитична в $URI[[http://libmeta.ru/fme/formula/aux/1436_11_KOShI]]/URI$. К. т. играет важную роль в теории аналитич. функщий. На ней основано представление аналитич. функции в виде Коши интеграла, она используется в теории вычетов и т. Д.

См. также Дифференциальное уравнение; аналитическая теория.</text>
  <text_orig>теорема об обрашении в нуль интеграла от аналитической функции, взятого вдоль замкнутого контура. Точнее, пусть функция $f(t)$ аналитична в области $D$, а $\gamma$ - кусочно гладкий контур, лежащий в $D$ и не содержащий внутри себя особенностей функции $f(z)$. Тогда, согласно К. т., контурный интеграл

\[
\int_{\gamma} f(z) d z
\]

равен нулю. Доказана О. Коши (A. Cauchy, 1825). Геометрически К. т. означает, что векторное поле, компонентами к-рого являются, соответственно, вещественная и мнимая части аналитич. функции, потенциально и соленоидально, то есть его дивергенция и ротор равны нулю. Справедливо и обратное утверждение (т е о р е ма М о р е ры): если функция $f(z)$ непрерывна в односвязной области $D$ и такова, что

\[
\int_{\gamma} f(z) d z=0
\]

для любого кусочно гладкого замкнутого контура $\gamma$, лежащего в $D$, то $f(z)$ аналитична в $D$. К. т. играет важную роль в теории аналитич. функщий. На ней основано представление аналитич. функции в виде Коши интеграла, она используется в теории вычетов и т. Д.

См. также Дифференциальное уравнение; аналитическая теория.</text_orig>
</article>
