<?xml version="1.0" ?>
<article uri="http://libmeta.ru/fme/article/1437_KOShI-ADAMARA" alphabetic_pos="1439">
  <title>КОШИ-АДАМАРА ТЕОРЕМА</title>
  <authors/>
  <pages>
    <start>302</start>
    <end>302</end>
  </pages>
  <literature>
    <literature_orig/>
  </literature>
  <formulas_main/>
  <formulas_aux/>
  <relations n="1">
    <relation uri="http://libmeta.ru/fme/relation/1437_1_KOShI-ADAMARA">
      <rel_text>Степенной ряд</rel_text>
      <target>http://libmeta.ru/fme/article/2956_STEPENNOJ</target>
    </relation>
  </relations>
  <text>см. URI[[http://libmeta.ru/fme/relation/1437_1_KOShI-ADAMARA]]/URI.</text>
  <text_orig>см. СтепенНой ряд.</text_orig>
</article>
