<?xml version="1.0" ?>
<article uri="http://libmeta.ru/fme/article/143_BEJKERA-AHIEZERA" alphabetic_pos="143">
  <title>БЕЙКЕРА-АХИЕЗЕРА ФУНКЦИЯ</title>
  <authors/>
  <pages>
    <start>38</start>
    <end>38</end>
  </pages>
  <literature>
    <literature_orig/>
  </literature>
  <formulas_main/>
  <formulas_aux/>
  <relations n="1">
    <relation uri="http://libmeta.ru/fme/relation/143_1_BEJKERA-AHIEZERA">
      <rel_text>Алгебро-геометрические методы в теории поля</rel_text>
      <target>http://libmeta.ru/fme/article/56_ALGEBRO-GEOMETRIChESKIE</target>
    </relation>
  </relations>
  <text>см. URI[[http://libmeta.ru/fme/relation/143_1_BEJKERA-AHIEZERA]]/URI.

38 Базис</text>
  <text_orig>см. Алгебро-геометрические методы в теории поля.

38 БАЗИС</text_orig>
</article>
