<?xml version="1.0" ?>
<article uri="http://libmeta.ru/fme/article/1442_KOShI-ShVARTsA" alphabetic_pos="1444">
  <title>КОШИ-ШВАРЦА НЕРАВЕНСТВО</title>
  <authors/>
  <pages>
    <start>302</start>
    <end>302</end>
  </pages>
  <literature>
    <literature_orig/>
  </literature>
  <formulas_main/>
  <formulas_aux/>
  <relations n="1">
    <relation uri="http://libmeta.ru/fme/relation/1442_1_KOShI-ShVARTsA">
      <rel_text>Шварца неравенство</rel_text>
      <target>http://libmeta.ru/fme/article/3441_ShVARTsA</target>
    </relation>
  </relations>
  <text>см. URI[[http://libmeta.ru/fme/relation/1442_1_KOShI-ShVARTsA]]/URI.</text>
  <text_orig>сМ. Швариа неравенство.</text_orig>
</article>
