<?xml version="1.0" ?>
<article uri="http://libmeta.ru/fme/article/1444_KRAEVAJa" alphabetic_pos="1446">
  <title>КРАЕВАЯ ЗАДАЧА</title>
  <authors>
    <author>А. В. Бицадзе</author>
  </authors>
  <pages>
    <start>302</start>
    <end>303</end>
  </pages>
  <literature>
    <literature_orig>Лит.: [1] Б ицадзе А. В., Уравнения математической физики, М., 1976; [2] В лад и м и ров В. С., Уравнения математической физики, 4 изд., М., 1981; [3] Тихонов А. Н., Самарский А.А., Уравнения математической физики, 5 изд., М., 1977.</literature_orig>
    <unit>
      <author>Бицадзе А. В.</author>
      <title>Уравнения математической физики</title>
      <publication>М.</publication>
      <year>1976</year>
      <other/>
    </unit>
    <unit>
      <author>Владимиров В. С.</author>
      <title>Уравнения математической физики</title>
      <publication>4 изд., М.</publication>
      <year>1981</year>
      <other/>
    </unit>
    <unit>
      <author>Тихонов А. Н.</author>
      <author>Самарский А. А.</author>
      <title>Уравнения математической физики</title>
      <publication>5 изд., М.</publication>
      <year>1977</year>
      <other/>
    </unit>
  </literature>
  <formulas_main>
    <formula uri="http://libmeta.ru/fme/formula/main/1444_1_KRAEVAJa">\frac{\partial^{2} u}{\partial x_{1}^{2}}-\frac{\partial^{2} u}{\partial x_{2}^{2}}=0</formula>
    <formula uri="http://libmeta.ru/fme/formula/main/1444_2_KRAEVAJa">u\left(x_{1}, x_{2}\right)=f\left(x_{1}+x_{2}\right)+f_{1}\left(x_{1}-x_{2}\right),</formula>
    <formula uri="http://libmeta.ru/fme/formula/main/1444_3_KRAEVAJa">u\left(0, x_{2}\right)=0, u\left(l, x_{2}\right)=0,-a \leqslant x_{2} \leqslant a,</formula>
    <formula uri="http://libmeta.ru/fme/formula/main/1444_4_KRAEVAJa">\left.\begin{array}{c}u\left(x_{1}, 0\right)=\varphi\left(x_{1}\right), \\\left.\frac{\partial u\left(x_{1}, x_{2}\right)}{\partial x_{2}}\right|_{x_{2}=0}=\psi\left(x_{1}\right), \quad 0 \leqslant x_{1} \leqslant l,\end{array}\right\}</formula>
    <formula uri="http://libmeta.ru/fme/formula/main/1444_5_KRAEVAJa">D u(x)=0, x \in G,</formula>
    <formula uri="http://libmeta.ru/fme/formula/main/1444_6_KRAEVAJa">B u(y)=0, y \in S,</formula>
    <formula uri="http://libmeta.ru/fme/formula/main/1444_7_KRAEVAJa">D u(x) \equiv \sum_{i, j=1}^{n} A_{i j}(x) \frac{\partial^{2} u}{\partial x_{i} \partial x_{j}}+\sum_{i=1}^{n} B_{i}(x) \frac{\partial u}{\partial x_{i}}+C(x) u-F(x),</formula>
    <formula uri="http://libmeta.ru/fme/formula/main/1444_8_KRAEVAJa">B u(y) \equiv \dot{u}(y)-f(y),</formula>
    <formula uri="http://libmeta.ru/fme/formula/main/1444_9_KRAEVAJa">B u(y) \equiv \sum_{i=1}^{n} a_{i}(y) \frac{\partial u}{\partial y_{i}}-f(y),</formula>
    <formula uri="http://libmeta.ru/fme/formula/main/1444_10_KRAEVAJa">F(x)=0, f(y)=0 .</formula>
  </formulas_main>
  <formulas_aux>
    <formula uri="http://libmeta.ru/fme/formula/aux/1444_1_KRAEVAJa">f</formula>
    <formula uri="http://libmeta.ru/fme/formula/aux/1444_2_KRAEVAJa">f_{1}</formula>
    <formula uri="http://libmeta.ru/fme/formula/aux/1444_3_KRAEVAJa">-a \leqslant x_{2} \leqslant a</formula>
    <formula uri="http://libmeta.ru/fme/formula/aux/1444_4_KRAEVAJa">0 \leqslant x_{1} \leqslant l</formula>
    <formula uri="http://libmeta.ru/fme/formula/aux/1444_5_KRAEVAJa">x_{1}, x_{2}</formula>
    <formula uri="http://libmeta.ru/fme/formula/aux/1444_6_KRAEVAJa">u\left(x_{1}, x_{2}\right)</formula>
    <formula uri="http://libmeta.ru/fme/formula/aux/1444_7_KRAEVAJa">\varphi</formula>
    <formula uri="http://libmeta.ru/fme/formula/aux/1444_8_KRAEVAJa">\psi</formula>
    <formula uri="http://libmeta.ru/fme/formula/aux/1444_9_KRAEVAJa">x_{2}</formula>
    <formula uri="http://libmeta.ru/fme/formula/aux/1444_10_KRAEVAJa">t</formula>
    <formula uri="http://libmeta.ru/fme/formula/aux/1444_11_KRAEVAJa">u(x, t)</formula>
    <formula uri="http://libmeta.ru/fme/formula/aux/1444_12_KRAEVAJa">l</formula>
    <formula uri="http://libmeta.ru/fme/formula/aux/1444_13_KRAEVAJa">(0,0)</formula>
    <formula uri="http://libmeta.ru/fme/formula/aux/1444_14_KRAEVAJa">(0, l)</formula>
    <formula uri="http://libmeta.ru/fme/formula/aux/1444_15_KRAEVAJa">g</formula>
    <formula uri="http://libmeta.ru/fme/formula/aux/1444_16_KRAEVAJa">\left(x_{1}, \ldots, x_{n}\right)=x</formula>
    <formula uri="http://libmeta.ru/fme/formula/aux/1444_17_KRAEVAJa">u(x)=u\left(x_{1}, \ldots, x_{n}\right)</formula>
    <formula uri="http://libmeta.ru/fme/formula/aux/1444_18_KRAEVAJa">u(x)</formula>
    <formula uri="http://libmeta.ru/fme/formula/aux/1444_19_KRAEVAJa">s</formula>
    <formula uri="http://libmeta.ru/fme/formula/aux/1444_20_KRAEVAJa">g</formula>
    <formula uri="http://libmeta.ru/fme/formula/aux/1444_21_KRAEVAJa">d</formula>
    <formula uri="http://libmeta.ru/fme/formula/aux/1444_22_KRAEVAJa">b</formula>
    <formula uri="http://libmeta.ru/fme/formula/aux/1444_23_KRAEVAJa">d-</formula>
    <formula uri="http://libmeta.ru/fme/formula/aux/1444_24_KRAEVAJa">s</formula>
    <formula uri="http://libmeta.ru/fme/formula/aux/1444_25_KRAEVAJa">d</formula>
    <formula uri="http://libmeta.ru/fme/formula/aux/1444_26_KRAEVAJa">b</formula>
    <formula uri="http://libmeta.ru/fme/formula/aux/1444_27_KRAEVAJa">s</formula>
    <formula uri="http://libmeta.ru/fme/formula/aux/1444_28_KRAEVAJa">(n-1)-</formula>
    <formula uri="http://libmeta.ru/fme/formula/aux/1444_29_KRAEVAJa">d-</formula>
    <formula uri="http://libmeta.ru/fme/formula/aux/1444_30_KRAEVAJa">a_{i j}, B_{i}, C, F, f</formula>
    <formula uri="http://libmeta.ru/fme/formula/aux/1444_31_KRAEVAJa">a_{i}, i=1, \ldots, n, f</formula>
    <formula uri="http://libmeta.ru/fme/formula/aux/1444_32_KRAEVAJa">\left(a_{1}, \ldots, a_{n}\right)</formula>
    <formula uri="http://libmeta.ru/fme/formula/aux/1444_33_KRAEVAJa">s</formula>
    <formula uri="http://libmeta.ru/fme/formula/aux/1444_34_KRAEVAJa">d</formula>
    <formula uri="http://libmeta.ru/fme/formula/aux/1444_35_KRAEVAJa">d</formula>
    <formula uri="http://libmeta.ru/fme/formula/aux/1444_36_KRAEVAJa">\boldsymbol{b}</formula>
    <formula uri="http://libmeta.ru/fme/formula/aux/1444_37_KRAEVAJa">d</formula>
    <formula uri="http://libmeta.ru/fme/formula/aux/1444_38_KRAEVAJa">k</formula>
    <formula uri="http://libmeta.ru/fme/formula/aux/1444_39_KRAEVAJa">f(x)</formula>
    <formula uri="http://libmeta.ru/fme/formula/aux/1444_40_KRAEVAJa">f(y)</formula>
    <formula uri="http://libmeta.ru/fme/formula/aux/1444_41_KRAEVAJa">k</formula>
    <formula uri="http://libmeta.ru/fme/formula/aux/1444_42_KRAEVAJa">c(x) \leqslant 0, x \in G</formula>
    <formula uri="http://libmeta.ru/fme/formula/aux/1444_43_KRAEVAJa">g</formula>
    <formula uri="http://libmeta.ru/fme/formula/aux/1444_44_KRAEVAJa">d</formula>
    <formula uri="http://libmeta.ru/fme/formula/aux/1444_45_KRAEVAJa">s</formula>
    <formula uri="http://libmeta.ru/fme/formula/aux/1444_46_KRAEVAJa">g</formula>
    <formula uri="http://libmeta.ru/fme/formula/aux/1444_47_KRAEVAJa">g</formula>
    <formula uri="http://libmeta.ru/fme/formula/aux/1444_48_KRAEVAJa">d</formula>
  </formulas_aux>
  <relations n="0"/>
  <text>задача, в которой из некоторого класса функций, определенных в данной области, требуется найти ту, которая удовлетворяет на границе (крае) этой области заданным условиям. Функции, описывающие конкретные явления природы (физич., химич. и др.), как правило, представляют собой решения уравнений математич. физики, выведенных из общих законов, к-рым подчиняются эти явления. Когда рассматриваемые уравнения допускают целые семейства решений, дополнительно задают так наз. краевые (граничные) или начальные услов и я, позволяющие однозначно выделить интересующее нас решение. В то время как краевые условия задаются исключительно на граничных точках области, где ищется решение, начальные условия могут оказаться заданными на определенном множестве точек внутри области. Напр., уравнение

\[
URI[[http://libmeta.ru/fme/formula/main/1444_1_KRAEVAJa]]/URI
\]

имеет бесконечное множество решений

\[
URI[[http://libmeta.ru/fme/formula/main/1444_2_KRAEVAJa]]/URI
\] где $URI[[http://libmeta.ru/fme/formula/aux/1444_1_KRAEVAJa]]/URI$ и $URI[[http://libmeta.ru/fme/formula/aux/1444_2_KRAEVAJa]]/URI$ - произвольные дважды непрерывно дифференцируемые функции. Однако в прямоугольнике $URI[[http://libmeta.ru/fme/formula/aux/1444_3_KRAEVAJa]]/URI$, $URI[[http://libmeta.ru/fme/formula/aux/1444_4_KRAEVAJa]]/URI$, плоскости с прямоугольными декартовыми координатами $URI[[http://libmeta.ru/fme/formula/aux/1444_5_KRAEVAJa]]/URI$ уравнение (1) имеет единственное решение $URI[[http://libmeta.ru/fme/formula/aux/1444_6_KRAEVAJa]]/URI$, удовлетворяющее краевым

и начальным

\[
URI[[http://libmeta.ru/fme/formula/main/1444_3_KRAEVAJa]]/URI
\]

\[
URI[[http://libmeta.ru/fme/formula/main/1444_4_KRAEVAJa]]/URI
\]

условиям. При этом соответственно дважды и один раз непрерывно дифференцируемые функции $URI[[http://libmeta.ru/fme/formula/aux/1444_7_KRAEVAJa]]/URI$ и $URI[[http://libmeta.ru/fme/formula/aux/1444_8_KRAEVAJa]]/URI$ считаются наперед заданными. Если переменное $URI[[http://libmeta.ru/fme/formula/aux/1444_9_KRAEVAJa]]/URI$ есть время $URI[[http://libmeta.ru/fme/formula/aux/1444_10_KRAEVAJa]]/URI$, то решение $URI[[http://libmeta.ru/fme/formula/aux/1444_11_KRAEVAJa]]/URI$ уравнения (1), удовлетворяющее условиям (2) и (3), описывает колебание упругой струны длины $URI[[http://libmeta.ru/fme/formula/aux/1444_12_KRAEVAJa]]/URI$ с концами, закрепленными в точках $URI[[http://libmeta.ru/fme/formula/aux/1444_13_KRAEVAJa]]/URI$ и $URI[[http://libmeta.ru/fme/formula/aux/1444_14_KRAEVAJa]]/URI$. Изложенная задача нахождения решения уравнения (1) при условиях (2) и (3) - простейший пример так наз. смешан ной за дачи.

Вообще, к р а е в ы м и называют задачи, в к-рых в заданной области $URI[[http://libmeta.ru/fme/formula/aux/1444_15_KRAEVAJa]]/URI$ пространства независимых переменных $URI[[http://libmeta.ru/fme/formula/aux/1444_16_KRAEVAJa]]/URI$ ищется решение $URI[[http://libmeta.ru/fme/formula/aux/1444_17_KRAEVAJa]]/URI$ уравнения

\[
URI[[http://libmeta.ru/fme/formula/main/1444_5_KRAEVAJa]]/URI
\]

при требовании, что искомая функция $URI[[http://libmeta.ru/fme/formula/aux/1444_18_KRAEVAJa]]/URI$ на границе $URI[[http://libmeta.ru/fme/formula/aux/1444_19_KRAEVAJa]]/URI$ в области $URI[[http://libmeta.ru/fme/formula/aux/1444_20_KRAEVAJa]]/URI$ удовлетворяет краевому (граничному) условию

\[
URI[[http://libmeta.ru/fme/formula/main/1444_6_KRAEVAJa]]/URI
\]

где $URI[[http://libmeta.ru/fme/formula/aux/1444_21_KRAEVAJa]]/URI$ и $URI[[http://libmeta.ru/fme/formula/aux/1444_22_KRAEVAJa]]/URI$ - заданные операторы, причем, как правило, $URI[[http://libmeta.ru/fme/formula/aux/1444_23_KRAEVAJa]]/URI$ дифференциальный или интегро-дифференциальный оператор. Граница $URI[[http://libmeta.ru/fme/formula/aux/1444_24_KRAEVAJa]]/URI$ называется носителем краевых дан ных (5).

Когда операторы $URI[[http://libmeta.ru/fme/formula/aux/1444_25_KRAEVAJa]]/URI$ и $URI[[http://libmeta.ru/fme/formula/aux/1444_26_KRAEVAJa]]/URI$ линейны, К. з. (4), (5) называется лине йной. В предположениях, что $URI[[http://libmeta.ru/fme/formula/aux/1444_27_KRAEVAJa]]/URI$ является $URI[[http://libmeta.ru/fme/formula/aux/1444_28_KRAEVAJa]]/URI$ мерной гиперповерхностью, $URI[[http://libmeta.ru/fme/formula/aux/1444_29_KRAEVAJa]]/URI$ линейным дифференциальным оператором 2-го порядка

\[
URI[[http://libmeta.ru/fme/formula/main/1444_7_KRAEVAJa]]/URI
\]

a

\[
URI[[http://libmeta.ru/fme/formula/main/1444_8_KRAEVAJa]]/URI
\]

где $URI[[http://libmeta.ru/fme/formula/aux/1444_30_KRAEVAJa]]/URI$ - заданные функции, задача (4), (5) называется п е р в ой кра е во й задачей, или Дирихле задачей. Если же

\[
URI[[http://libmeta.ru/fme/formula/main/1444_9_KRAEVAJa]]/URI
\]

где $URI[[http://libmeta.ru/fme/formula/aux/1444_31_KRAEVAJa]]/URI$ - заданные функции, то задача (4), (5) называется задачей с на клон ной (косой) про из в о д н о й. В частности, когда вектор $URI[[http://libmeta.ru/fme/formula/aux/1444_32_KRAEVAJa]]/URI$ совпадает с конормалью к $URI[[http://libmeta.ru/fme/formula/aux/1444_33_KRAEVAJa]]/URI$, задача с наклонной производной носит название второй крае вой задачи, или Неймана задачи. Задача Дирихле (Неймана) называется однородн о й, если

\[
URI[[http://libmeta.ru/fme/formula/main/1444_10_KRAEVAJa]]/URI
\]

Задачи Дирихле и Неймана хорошо исследованы в ограниченных областях с достаточно гладкой границей в случае равномерной эллиптичности оператора $URI[[http://libmeta.ru/fme/formula/aux/1444_34_KRAEVAJa]]/URI$ с действительными коэффициентами.

При требовании достаточной гладкости коэффициентов операторов $URI[[http://libmeta.ru/fme/formula/aux/1444_35_KRAEVAJa]]/URI$ и $URI[[http://libmeta.ru/fme/formula/aux/1444_36_KRAEVAJa]]/URI$ и равномерной эллиптичности оператора $URI[[http://libmeta.ru/fme/formula/aux/1444_37_KRAEVAJa]]/URI$ справедливы следующие утверждения: 1) число $URI[[http://libmeta.ru/fme/formula/aux/1444_38_KRAEVAJa]]/URI$ линейно независимых решений однородной задачи Дирихле (Неймана) конечно; 2) для разрешимости задачи Дирихле (Неймана) необходимо и достаточно, чтобы функции $URI[[http://libmeta.ru/fme/formula/aux/1444_39_KRAEVAJa]]/URI$ и $URI[[http://libmeta.ru/fme/formula/aux/1444_40_KRAEVAJa]]/URI$ были подчинены дополнительным ограничениям типа условий ортогональности, число к-рых равно $URI[[http://libmeta.ru/fme/formula/aux/1444_41_KRAEVAJa]]/URI$; 3) при соблюдении условия $URI[[http://libmeta.ru/fme/formula/aux/1444_42_KRAEVAJa]]/URI$, задача Дирихле всегда имеет, и притом единственное, решение; 4) в области $URI[[http://libmeta.ru/fme/formula/aux/1444_43_KRAEVAJa]]/URI$ достаточно малого диаметра задача Дирихле всегда имеет, и притом единственное, решение и 5) при однозначной раз- решимости задачи Дирихле (Неймана) малое изменение краевых данных вызывает малое изменение решения (то есть решение устойчиво).

Когда дифференциальный оператор $URI[[http://libmeta.ru/fme/formula/aux/1444_44_KRAEVAJa]]/URI$ не является эллиптическим, К. з. (4), (5) может вовсе не иметь содержательного смысла, если часть границы $URI[[http://libmeta.ru/fme/formula/aux/1444_45_KRAEVAJa]]/URI$ области $URI[[http://libmeta.ru/fme/formula/aux/1444_46_KRAEVAJa]]/URI$ не освободить от краевых данных и на структуру носителя краевых данных не наложить определенные (порой весьма сильные) ограничения.

Особо ставятся К. з., когда в разных частях рассматриваемой области $URI[[http://libmeta.ru/fme/formula/aux/1444_47_KRAEVAJa]]/URI$ дифференциальный оператор $URI[[http://libmeta.ru/fme/formula/aux/1444_48_KRAEVAJa]]/URI$ принадлежит различным (эллиптич., гиперболич. и параболич.) типам [то есть когда уравнение (4) является уравнением смешанного типа].</text>
  <text_orig>задача, в которой из некоторого класса функций, определенных в данной области, требуется найти ту, которая удовлетворяет на границе (крае) этой области заданным условиям. Функции, описывающие конкретные явления природы (физич., химич. и др.), как правило, представляют собой решения уравнений математич. физики, выведенных из общих законов, к-рым подчиняются эти явления. Когда рассматриваемые уравнения допускают целые семейства решений, дополнительно задают так наз. краевые (граничные) или начальные услов и я, позволяюшие однозначно выделить интересующее нас решение. В то время как краевые условия задаются исключительно на граничных точках области, где ищется решение, начальные условия могут оказаться заданными на определенном множестве точек внутри области. Напр., уравнение

\[
\frac{\partial^{2} u}{\partial x_{1}^{2}}-\frac{\partial^{2} u}{\partial x_{2}^{2}}=0
\]

имеет бесконечное множество решений

\[
u\left(x_{1}, x_{2}\right)=f\left(x_{1}+x_{2}\right)+f_{1}\left(x_{1}-x_{2}\right),
\] где $f$ и $f_{1}$ - произвольные дважды непрерывно дифференцируемые функции. Однако в прямоугольнике $-a \leqslant x_{2} \leqslant a$, $0 \leqslant x_{1} \leqslant l$, плоскости с прямоугольными декартовыми координатами $x_{1}, x_{2}$ уравнение (1) имеет единственное решение $u\left(x_{1}, x_{2}\right)$, удовлетворяющее краевым

и начальным

\[
u\left(0, x_{2}\right)=0, u\left(l, x_{2}\right)=0,-a \leqslant x_{2} \leqslant a,
\]

\[
\left.\begin{array}{c}
u\left(x_{1}, 0\right)=\varphi\left(x_{1}\right), \\
\left.\frac{\partial u\left(x_{1}, x_{2}\right)}{\partial x_{2}}\right|_{x_{2}=0}=\psi\left(x_{1}\right), \quad 0 \leqslant x_{1} \leqslant l,
\end{array}\right\}
\]

условиям. При этом соответственно дважды и один раз непрерывно дифференцируемые функции $\varphi$ и $\psi$ считаются наперед заданными. Если переменное $x_{2}$ есть время $t$, то решение $u(x, t)$ уравнения (1), удовлетворяющее условиям (2) и (3), описывает колебание упругой струны длины $l$ с концами, закрепленными в точках $(0,0)$ и $(0, l)$. Изложенная задача нахождения решения уравнения (1) при условиях (2) и (3) - простейший пример так наз. смешан ной за дачи.

Вообще, к р а е в ы м и называют задачи, в к-рых в заданной области $G$ пространства независимых переменных $\left(x_{1}, \ldots, x_{n}\right)=x$ ищется решение $u(x)=u\left(x_{1}, \ldots, x_{n}\right)$ уравнения

\[
D u(x)=0, x \in G,
\]

при требовании, что искомая функция $u(x)$ на границе $S$ в области $G$ удовлетворяет краевому (граничному) условию

\[
B u(y)=0, y \in S,
\]

где $D$ и $B$ - заданные операторы, причем, как правило, $D-$ дифференциальный или интегро-дифференциальный оператор. Граница $S$ называется носителем краевых дан ных (5).

Когда операторы $D$ и $B$ линейны, К. з. (4), (5) называется лине йной. В предположениях, что $S$ является $(n-1)-$ мерной гиперповерхностью, $D-$ линейным дифференциальным оператором 2-го порядка

\[
D u(x) \equiv \sum_{i, j=1}^{n} A_{i j}(x) \frac{\partial^{2} u}{\partial x_{i} \partial x_{j}}+\sum_{i=1}^{n} B_{i}(x) \frac{\partial u}{\partial x_{i}}+C(x) u-F(x),
\]

a

\[
B u(y) \equiv \dot{u}(y)-f(y),
\]

где $A_{i j}, B_{i}, C, F, f$ - заданные функции, задача (4), (5) называется п е р в ой кра е во й задачей, или Дирихле задачей. Если же

\[
B u(y) \equiv \sum_{i=1}^{n} a_{i}(y) \frac{\partial u}{\partial y_{i}}-f(y),
\]

где $a_{i}, i=1, \ldots, n, f$ - заданные функции, то задача (4), (5) называется задачей с на клон ной (косой) про из в о д н о й. В частности, когда вектор $\left(a_{1}, \ldots, a_{n}\right)$ совпадает с конормалью к $S$, задача с наклонной производной носит название второй крае вой задачи, или Неймана задачи. Задача Дирихле (Неймана) называется однородн о й, если

\[
F(x)=0, f(y)=0 .
\]

Задачи Дирихле и Неймана хорошо исследованы в ограниченных областях с достаточно гладкой границей в случае равномерной эллиптичности оператора $D$ с действительными коэффициентами.

При требовании достаточной гладкости коэффициентов операторов $D$ и $\boldsymbol{B}$ и равномерной эллиптичности оператора $D$ справедливы следующие утверждения: 1) число $k$ линейно независимых решений однородной задачи Дирихле (Неймана) конечно; 2) для разрешимости задачи Дирихле (Неймана) необходимо и достаточно, чтобы функции $F(x)$ и $f(y)$ были подчинены дополнительным ограничениям типа условий ортогональности, число к-рых равно $k$; 3) при соблюдении условия $C(x) \leqslant 0, x \in G$, задача Дирихле всегда имеет, и притом единственное, решение; 4) в области $G$ достаточно малого диаметра задача Дирихле всегда имеет, и притом единственное, решение и 5) при однозначной раз- решимости задачи Дирихле (Неймана) малое изменение краевых данных вызывает малое изменение решения (то есть решение устойчиво).

Когда дифференциальный оператор $D$ не является эллиптическим, К. з. (4), (5) может вовсе не иметь содержательного смысла, если часть границы $S$ области $G$ не освободить от краевых данных и на структуру носителя краевых данных не наложить определенные (порой весьма сильные) ограничения.

Особо ставятся К. з., когда в разных частях рассматриваемой области $G$ дифференциальный оператор $D$ принадлежит различным (эллиптич., гиперболич. и параболич.) типам [то есть когда уравнение (4) является уравнением смешанного типа].

Лит.: [1] Б ицадзе А. В., Уравнения математической физики, М., 1976; [2] В лад и м и ров В. С., Уравнения математической физики, 4 изд., М., 1981; [3] Тихонов А. Н., Самарский А.А., Уравнения математической физики, 5 изд., М., 1977. А. В. Бицадзе.</text_orig>
</article>
