<?xml version="1.0" ?>
<article uri="http://libmeta.ru/fme/article/1445_KRAEVAJa" alphabetic_pos="1447">
  <title>КРАЕВАЯ ЗАДАЧА, ГРАНИЧНАЯ ЗАДАЧА, ТЕОРИИ АНАЛИТИЧЕСКИХ ФУНКЦИЙ</title>
  <authors>
    <author>А. В. Бицадзе</author>
  </authors>
  <pages>
    <start>303</start>
    <end>304</end>
  </pages>
  <literature>
    <literature_orig>Jum.: [1] М у х е л и ш в и л и Н. И., Сингулярные интегральные уравнения, 3 изд., М., 1968; [2] Гахо в Ф.Д., Краевые задачи, 2 изд., М., $1963 . \quad$</literature_orig>
    <unit>
      <author>Мухелишвили Н. И.</author>
      <title>Сингулярные интегральные уравнения</title>
      <publication>3 изд., М.</publication>
      <year>1968</year>
      <other/>
    </unit>
    <unit>
      <author>Гахов Ф. Д.</author>
      <title>Краевые задачи</title>
      <publication>2 изд., М.</publication>
      <year>1963</year>
      <other/>
    </unit>
  </literature>
  <formulas_main>
    <formula uri="http://libmeta.ru/fme/formula/main/1445_1_KRAEVAJa">\operatorname{Re}(a+i b) \Phi=a u-b v=c,</formula>
    <formula uri="http://libmeta.ru/fme/formula/main/1445_2_KRAEVAJa">A(s) \frac{\partial u}{\partial n}+B(s) \frac{\partial u}{\partial s}+C(s) u=f(s),</formula>
    <formula uri="http://libmeta.ru/fme/formula/main/1445_3_KRAEVAJa">\operatorname{Re}\{\lambda \Phi\}=f\left(t_{0}\right), t_{0} \in S^{+},</formula>
    <formula uri="http://libmeta.ru/fme/formula/main/1445_4_KRAEVAJa">\lambda \Phi=\sum_{j=0}^{m}\left\{a_{j}\left(t_{0}\right) \Phi_{t}^{(j)}\left(t_{0}\right)+\int_{L} h_{j}\left(t_{0}, t\right) \Phi^{(j)}(t) d s\right\},</formula>
    <formula uri="http://libmeta.ru/fme/formula/main/1445_5_KRAEVAJa">h_{j}\left(t_{0}, t\right)=\frac{h_{j}^{0}\left(t_{0}, t\right)}{\left|t-t_{0}\right|^{\alpha}}, \quad 0 \leqslant \alpha&lt;1,</formula>
    <formula uri="http://libmeta.ru/fme/formula/main/1445_6_KRAEVAJa">\Phi^{+}(t)=G(t) \Phi^{-}(t)+g(t), t \in L,</formula>
  </formulas_main>
  <formulas_aux>
    <formula uri="http://libmeta.ru/fme/formula/aux/1445_1_KRAEVAJa">\phi(z)=u+i v</formula>
    <formula uri="http://libmeta.ru/fme/formula/aux/1445_2_KRAEVAJa">s^{+}</formula>
    <formula uri="http://libmeta.ru/fme/formula/aux/1445_3_KRAEVAJa">l</formula>
    <formula uri="http://libmeta.ru/fme/formula/aux/1445_4_KRAEVAJa">s^{+} \cup L</formula>
    <formula uri="http://libmeta.ru/fme/formula/aux/1445_5_KRAEVAJa">a, b, c</formula>
    <formula uri="http://libmeta.ru/fme/formula/aux/1445_6_KRAEVAJa">l</formula>
    <formula uri="http://libmeta.ru/fme/formula/aux/1445_7_KRAEVAJa">s^{+}</formula>
    <formula uri="http://libmeta.ru/fme/formula/aux/1445_8_KRAEVAJa">u(x, y)</formula>
    <formula uri="http://libmeta.ru/fme/formula/aux/1445_9_KRAEVAJa">l</formula>
    <formula uri="http://libmeta.ru/fme/formula/aux/1445_10_KRAEVAJa">a(s), B(s), C(s), f(s)</formula>
    <formula uri="http://libmeta.ru/fme/formula/aux/1445_11_KRAEVAJa">l</formula>
    <formula uri="http://libmeta.ru/fme/formula/aux/1445_12_KRAEVAJa">s</formula>
    <formula uri="http://libmeta.ru/fme/formula/aux/1445_13_KRAEVAJa">n-</formula>
    <formula uri="http://libmeta.ru/fme/formula/aux/1445_14_KRAEVAJa">l</formula>
    <formula uri="http://libmeta.ru/fme/formula/aux/1445_15_KRAEVAJa">\phi(z)</formula>
    <formula uri="http://libmeta.ru/fme/formula/aux/1445_16_KRAEVAJa">s^{+}</formula>
    <formula uri="http://libmeta.ru/fme/formula/aux/1445_17_KRAEVAJa">\lambda</formula>
    <formula uri="http://libmeta.ru/fme/formula/aux/1445_18_KRAEVAJa">a_{0}\left(t_{0}\right), \ldots, a_{m}(t)</formula>
    <formula uri="http://libmeta.ru/fme/formula/aux/1445_19_KRAEVAJa">l</formula>
    <formula uri="http://libmeta.ru/fme/formula/aux/1445_20_KRAEVAJa">h</formula>
    <formula uri="http://libmeta.ru/fme/formula/aux/1445_21_KRAEVAJa">f(t)</formula>
    <formula uri="http://libmeta.ru/fme/formula/aux/1445_22_KRAEVAJa">h, h_{j}\left(t_{0}, t\right)</formula>
    <formula uri="http://libmeta.ru/fme/formula/aux/1445_23_KRAEVAJa">l</formula>
    <formula uri="http://libmeta.ru/fme/formula/aux/1445_24_KRAEVAJa">h_{j}^{0}\left(t_{0}, t\right)</formula>
    <formula uri="http://libmeta.ru/fme/formula/aux/1445_25_KRAEVAJa">h</formula>
    <formula uri="http://libmeta.ru/fme/formula/aux/1445_26_KRAEVAJa">\phi^{(j)}\left(t_{0}\right)</formula>
    <formula uri="http://libmeta.ru/fme/formula/aux/1445_27_KRAEVAJa">l</formula>
    <formula uri="http://libmeta.ru/fme/formula/aux/1445_28_KRAEVAJa">s^{+}</formula>
    <formula uri="http://libmeta.ru/fme/formula/aux/1445_29_KRAEVAJa">j</formula>
    <formula uri="http://libmeta.ru/fme/formula/aux/1445_30_KRAEVAJa">\phi(z)</formula>
    <formula uri="http://libmeta.ru/fme/formula/aux/1445_31_KRAEVAJa">m=0, h_{j}\left(t_{0}, t\right)=0</formula>
    <formula uri="http://libmeta.ru/fme/formula/aux/1445_32_KRAEVAJa">l-</formula>
    <formula uri="http://libmeta.ru/fme/formula/aux/1445_33_KRAEVAJa">s^{+}</formula>
    <formula uri="http://libmeta.ru/fme/formula/aux/1445_34_KRAEVAJa">z=x+i y</formula>
    <formula uri="http://libmeta.ru/fme/formula/aux/1445_35_KRAEVAJa">l</formula>
    <formula uri="http://libmeta.ru/fme/formula/aux/1445_36_KRAEVAJa">s^{+} \cup L</formula>
    <formula uri="http://libmeta.ru/fme/formula/aux/1445_37_KRAEVAJa">z</formula>
    <formula uri="http://libmeta.ru/fme/formula/aux/1445_38_KRAEVAJa">s^{-}</formula>
    <formula uri="http://libmeta.ru/fme/formula/aux/1445_39_KRAEVAJa">\phi(z)</formula>
    <formula uri="http://libmeta.ru/fme/formula/aux/1445_40_KRAEVAJa">l</formula>
    <formula uri="http://libmeta.ru/fme/formula/aux/1445_41_KRAEVAJa">l</formula>
    <formula uri="http://libmeta.ru/fme/formula/aux/1445_42_KRAEVAJa">\phi(z)</formula>
    <formula uri="http://libmeta.ru/fme/formula/aux/1445_43_KRAEVAJa">t \in \boldsymbol{L}</formula>
    <formula uri="http://libmeta.ru/fme/formula/aux/1445_44_KRAEVAJa">\phi(z)</formula>
    <formula uri="http://libmeta.ru/fme/formula/aux/1445_45_KRAEVAJa">\phi^{+}(t)</formula>
    <formula uri="http://libmeta.ru/fme/formula/aux/1445_46_KRAEVAJa">\left.\Phi^{-}(t)\right]</formula>
    <formula uri="http://libmeta.ru/fme/formula/aux/1445_47_KRAEVAJa">z</formula>
    <formula uri="http://libmeta.ru/fme/formula/aux/1445_48_KRAEVAJa">t</formula>
    <formula uri="http://libmeta.ru/fme/formula/aux/1445_49_KRAEVAJa">l</formula>
    <formula uri="http://libmeta.ru/fme/formula/aux/1445_50_KRAEVAJa">\phi(z)</formula>
    <formula uri="http://libmeta.ru/fme/formula/aux/1445_51_KRAEVAJa">l</formula>
    <formula uri="http://libmeta.ru/fme/formula/aux/1445_52_KRAEVAJa">s^{+}</formula>
    <formula uri="http://libmeta.ru/fme/formula/aux/1445_53_KRAEVAJa">s^{-}</formula>
    <formula uri="http://libmeta.ru/fme/formula/aux/1445_54_KRAEVAJa">t \in L</formula>
    <formula uri="http://libmeta.ru/fme/formula/aux/1445_55_KRAEVAJa">\phi(z)</formula>
    <formula uri="http://libmeta.ru/fme/formula/aux/1445_56_KRAEVAJa">l</formula>
    <formula uri="http://libmeta.ru/fme/formula/aux/1445_57_KRAEVAJa">g(t)</formula>
    <formula uri="http://libmeta.ru/fme/formula/aux/1445_58_KRAEVAJa">g(t)</formula>
    <formula uri="http://libmeta.ru/fme/formula/aux/1445_59_KRAEVAJa">l</formula>
    <formula uri="http://libmeta.ru/fme/formula/aux/1445_60_KRAEVAJa">h</formula>
  </formulas_aux>
  <relations n="0"/>
  <text>задача нахождения аналитической в некоторой области функции по заданному соотношению между краевыми (граничными) значениями ее действительной и мнимой частей. Впервые такая задача была поставлена Б. Риманом (b. Riemann, 1857). Д. Гильберт (d. Hilbert, 1912) исследовал краевую задачу в следующей постановке (за да ч а Р и м а на-Гильберта): найти функцию $URI[[http://libmeta.ru/fme/formula/aux/1445_1_KRAEVAJa]]/URI$, аналитическую в односвязной области $URI[[http://libmeta.ru/fme/formula/aux/1445_2_KRAEVAJa]]/URI$с контуром $URI[[http://libmeta.ru/fme/formula/aux/1445_3_KRAEVAJa]]/URI$, непрерывную в $URI[[http://libmeta.ru/fme/formula/aux/1445_4_KRAEVAJa]]/URI$, по краевому условию

\[
URI[[http://libmeta.ru/fme/formula/main/1445_1_KRAEVAJa]]/URI
\]

где $URI[[http://libmeta.ru/fme/formula/aux/1445_5_KRAEVAJa]]/URI$ - заданные на $URI[[http://libmeta.ru/fme/formula/aux/1445_6_KRAEVAJa]]/URI$ действительные непрерывные функции. Первоначально Д. Гильберт привел эту задачу к сингулярному интегральному уравнению с целью дать пример приложения такого уравнения.

Задача (1) может быть сведена к последовательному решению двух задач Дирихле.

Близко к задаче (1) является задача, к к-рой пришел A. Пуанкаре (н. Рoincaré) при разработке математич. теории приливов. Задача Пуанкаре состоит в определении гармонической в области $URI[[http://libmeta.ru/fme/formula/aux/1445_7_KRAEVAJa]]/URI$функции $URI[[http://libmeta.ru/fme/formula/aux/1445_8_KRAEVAJa]]/URI$ по условию на границе $URI[[http://libmeta.ru/fme/formula/aux/1445_9_KRAEVAJa]]/URI$ этой области:

\[
URI[[http://libmeta.ru/fme/formula/main/1445_2_KRAEVAJa]]/URI
\]

где $URI[[http://libmeta.ru/fme/formula/aux/1445_10_KRAEVAJa]]/URI$ - заданные на $URI[[http://libmeta.ru/fme/formula/aux/1445_11_KRAEVAJa]]/URI$ действительные функции, $URI[[http://libmeta.ru/fme/formula/aux/1445_12_KRAEVAJa]]/URI$ - дуговая абсцисса, $URI[[http://libmeta.ru/fme/formula/aux/1445_13_KRAEVAJa]]/URI$ нормаль к $URI[[http://libmeta.ru/fme/formula/aux/1445_14_KRAEVAJa]]/URI$.

Под обобщенной задачей Римана-Гильбе р т а - Пу ан к а р (задача Р.-Г.-П.) понимается следующая линейная граничная задача: найти функцию $URI[[http://libmeta.ru/fme/formula/aux/1445_15_KRAEVAJa]]/URI$, аналитическую в $URI[[http://libmeta.ru/fme/formula/aux/1445_16_KRAEVAJa]]/URI$, по граничному условию

\[
URI[[http://libmeta.ru/fme/formula/main/1445_3_KRAEVAJa]]/URI
\]

где $URI[[http://libmeta.ru/fme/formula/aux/1445_17_KRAEVAJa]]/URI$ - интегро-дифференциальный оператор, определяемый формулой

\[
URI[[http://libmeta.ru/fme/formula/main/1445_4_KRAEVAJa]]/URI
\]

в к-рой $URI[[http://libmeta.ru/fme/formula/aux/1445_18_KRAEVAJa]]/URI$ - заданные на $URI[[http://libmeta.ru/fme/formula/aux/1445_19_KRAEVAJa]]/URI$, вообще комплексные, функции класса $URI[[http://libmeta.ru/fme/formula/aux/1445_20_KRAEVAJa]]/URI$ (то есть удовлетворяющие условию Гельдера), $URI[[http://libmeta.ru/fme/formula/aux/1445_21_KRAEVAJa]]/URI$ - заданная действительная функция класса $URI[[http://libmeta.ru/fme/formula/aux/1445_22_KRAEVAJa]]/URI$ - заданные на $URI[[http://libmeta.ru/fme/formula/aux/1445_23_KRAEVAJa]]/URI$, вообще комплексные, функции вида

\[
URI[[http://libmeta.ru/fme/formula/main/1445_5_KRAEVAJa]]/URI
\]

причем $URI[[http://libmeta.ru/fme/formula/aux/1445_24_KRAEVAJa]]/URI$ - функции класса $URI[[http://libmeta.ru/fme/formula/aux/1445_25_KRAEVAJa]]/URI$ по обеим переменным. В правой части (4) под $URI[[http://libmeta.ru/fme/formula/aux/1445_26_KRAEVAJa]]/URI$ подразумевается граничное значение на $URI[[http://libmeta.ru/fme/formula/aux/1445_27_KRAEVAJa]]/URI$ изнутри области $URI[[http://libmeta.ru/fme/formula/aux/1445_28_KRAEVAJa]]/URI$производной $URI[[http://libmeta.ru/fme/formula/aux/1445_29_KRAEVAJa]]/URI$-го порядка функции $URI[[http://libmeta.ru/fme/formula/aux/1445_30_KRAEVAJa]]/URI$. Частным случаем задачи Р.-Г.-П. при $URI[[http://libmeta.ru/fme/formula/aux/1445_31_KRAEVAJa]]/URI$ является задача Римана-Гильберта; задача Пуанкаре также является частным случаем сформулированной задачи. K задаче Р.-Г.-П. приводятся многие важные граничные задачи, напр. граничные задачи для уравнений с частными производными эллиптич. типа с двумя независимыми переменными.

Задача Римана - Гильберта тесно связана с так наз. за д а ч е й л и н е й но го с о п ря же н и я. Если $URI[[http://libmeta.ru/fme/formula/aux/1445_32_KRAEVAJa]]/URI$ простая гладкая или кусочно гладкая линия, состоящая из замкнутых контуров, ограничивающих нек-рую область $URI[[http://libmeta.ru/fme/formula/aux/1445_33_KRAEVAJa]]/URI$плоскости комплексного переменного $URI[[http://libmeta.ru/fme/formula/aux/1445_34_KRAEVAJa]]/URI$, остающуюся слева при обходе $URI[[http://libmeta.ru/fme/formula/aux/1445_35_KRAEVAJa]]/URI$, то дополнение $URI[[http://libmeta.ru/fme/formula/aux/1445_36_KRAEVAJa]]/URI$ до плоскости $URI[[http://libmeta.ru/fme/formula/aux/1445_37_KRAEVAJa]]/URI$ обозначается через $URI[[http://libmeta.ru/fme/formula/aux/1445_38_KRAEVAJa]]/URI$. Пусть функция $URI[[http://libmeta.ru/fme/formula/aux/1445_39_KRAEVAJa]]/URI$ задана и непрерывна в окрестности линии $URI[[http://libmeta.ru/fme/formula/aux/1445_40_KRAEVAJa]]/URI$ всюду, кроме, быть может, самой $URI[[http://libmeta.ru/fme/formula/aux/1445_41_KRAEVAJa]]/URI$. Говорят, что функция $URI[[http://libmeta.ru/fme/formula/aux/1445_42_KRAEVAJa]]/URI$ н е п р е р ы в но п р о д о л ж и ма на точку $URI[[http://libmeta.ru/fme/formula/aux/1445_43_KRAEVAJa]]/URI$ слева (или справа), если $URI[[http://libmeta.ru/fme/formula/aux/1445_44_KRAEVAJa]]/URI$ стремится к определенному пределу $URI[[http://libmeta.ru/fme/formula/aux/1445_45_KRAEVAJa]]/URI$ [или $URI[[http://libmeta.ru/fme/formula/aux/1445_46_KRAEVAJa]]/URI$, когда $URI[[http://libmeta.ru/fme/formula/aux/1445_47_KRAEVAJa]]/URI$ стремится к $URI[[http://libmeta.ru/fme/formula/aux/1445_48_KRAEVAJa]]/URI$ по любому пути, оставаясь слева (или справа) от $URI[[http://libmeta.ru/fme/formula/aux/1445_49_KRAEVAJa]]/URI$.

Функцию $URI[[http://libmeta.ru/fme/formula/aux/1445_50_KRAEVAJa]]/URI$ называют ку с оч но анал и т ической с линией скачка $URI[[http://libmeta.ru/fme/formula/aux/1445_51_KRAEVAJa]]/URI$, если она аналитична в $URI[[http://libmeta.ru/fme/formula/aux/1445_52_KRAEVAJa]]/URI$и $URI[[http://libmeta.ru/fme/formula/aux/1445_53_KRAEVAJa]]/URI$и непрерывно продолжима на каждую точку $URI[[http://libmeta.ru/fme/formula/aux/1445_54_KRAEVAJa]]/URI$ как слева, так и справа.

В задаче линейного сопряжения требуется определить кусочно аналитич. функцию $URI[[http://libmeta.ru/fme/formula/aux/1445_55_KRAEVAJa]]/URI$ с линией скачка $URI[[http://libmeta.ru/fme/formula/aux/1445_56_KRAEVAJa]]/URI$, имеющую конечный порядок на бесконечности, по граничному условию

\[
URI[[http://libmeta.ru/fme/formula/main/1445_6_KRAEVAJa]]/URI
\]

где $URI[[http://libmeta.ru/fme/formula/aux/1445_57_KRAEVAJa]]/URI$ и $URI[[http://libmeta.ru/fme/formula/aux/1445_58_KRAEVAJa]]/URI$ - заданные на $URI[[http://libmeta.ru/fme/formula/aux/1445_59_KRAEVAJa]]/URI$ функции класса $URI[[http://libmeta.ru/fme/formula/aux/1445_60_KRAEVAJa]]/URI$.

На базе теории задачи линейного сопряжения построена теория одномерных сингулярных интегральных уравнений.</text>
  <text_orig>задача нахождения аналитической в некоторой области функции по заданному соотношению между краевыми (граничными) значениями ее действительной и мнимой частей. Впервые такая задача была поставлена Б. Риманом (B. Riemann, 1857). Д. Гильберт (D. Hilbert, 1912) исследовал краевую задачу в следующей постановке (за да ч а Р и м а на-Гильберта): найти функцию $\Phi(z)=u+i v$, аналитическую в односвязной области $S^{+}$с контуром $L$, непрерывную в $S^{+} \cup L$, по краевому условию

\[
\operatorname{Re}(a+i b) \Phi=a u-b v=c,
\]

где $a, b, c$ - заданные на $L$ действительные непрерывные функции. Первоначально Д. Гильберт привел эту задачу к сингулярному интегральному уравнению с целью дать пример приложения такого уравнения.

Задача (1) может быть сведена к последовательному решению двух задач Дирихле.

Близко к задаче (1) является задача, к к-рой пришел A. Пуанкаре (Н. Рoincaré) при разработке математич. теории приливов. Задача Пуанкаре состоит в определении гармонической в области $S^{+}$функщии $u(x, y)$ по условию на границе $L$ этой области:

\[
A(s) \frac{\partial u}{\partial n}+B(s) \frac{\partial u}{\partial s}+C(s) u=f(s),
\]

где $A(s), B(s), C(s), f(s)$ - заданные на $L$ действительные функции, $s$ - дуговая абсцисса, $n-$ нормаль к $L$.

Под обобщенной задачей Римана-Гильбе р т а - Пу ан к а р (задача Р.-Г.-П.) понимается следующая линейная граничная задача: найти функцию $\Phi(z)$, аналитическую в $S^{+}$, по граничному условию

\[
\operatorname{Re}\{\lambda \Phi\}=f\left(t_{0}\right), t_{0} \in S^{+},
\]

где $\lambda$ - интегро-дифференциальный оператор, определяемый формулой

\[
\lambda \Phi=\sum_{j=0}^{m}\left\{a_{j}\left(t_{0}\right) \Phi_{t}^{(j)}\left(t_{0}\right)+\int_{L} h_{j}\left(t_{0}, t\right) \Phi^{(j)}(t) d s\right\},
\]

в к-рой $a_{0}\left(t_{0}\right), \ldots, a_{m}(t)$ - заданные на $L$, вообще комплексные, функщии класса $H$ (то есть удовлетворяющие условию Гельдера), $f(t)$ - заданная действительная функщия класса $H, h_{j}\left(t_{0}, t\right)$ - заданные на $L$, вообще комплексные, функции вида

\[
h_{j}\left(t_{0}, t\right)=\frac{h_{j}^{0}\left(t_{0}, t\right)}{\left|t-t_{0}\right|^{\alpha}}, \quad 0 \leqslant \alpha&lt;1,
\]

причем $h_{j}^{0}\left(t_{0}, t\right)$ - функции класса $H$ по обеим переменным. В правой части (4) под $\Phi^{(j)}\left(t_{0}\right)$ подразумевается граничное значение на $L$ изнутри области $S^{+}$производной $j$-го порядка функции $\Phi(z)$. Частным случаем задачи Р.-Г.-П. при $m=0, h_{j}\left(t_{0}, t\right)=0$ является задача Римана-Гильберта; задача Пуанкаре также является частным случаем сформулированной задачи. K задаче Р.-Г.-П. приводятся многие важные граничные задачи, напр. граничные задачи для уравнений с частными производными эллиптич. типа с двумя независимыми переменными.

Задача Римана - Гильберта тесно связана с так наз. за д а ч е й л и н е й но го с о п ря же н и я. Если $L-$ простая гладкая или кусочно глалкая линия, состоящая из замкнутых контуров, ограничивающих нек-рую область $S^{+}$плоскости комплексного переменного $z=x+i y$, остающуюся слева при обходе $L$, то дополнение $S^{+} \cup L$ до плоскости $z$ обозначается через $S^{-}$. Пусть функшия $\Phi(z)$ задана и непрерывна в окрестности линии $L$ всюду, кроме, быть может, самой $L$. Говорят, что функшия $\Phi(z)$ н е п р е р ы в но п р о д о л ж и ма на точку $t \in \boldsymbol{L}$ слева (или справа), если $\Phi(z)$ стремится к определенному пределу $\Phi^{+}(t)$ [или $\left.\Phi^{-}(t)\right]$, когда $z$ стремится к $t$ по любому пути, оставаясь слева (или справа) от $L$.

Функцию $\Phi(z)$ называют ку с оч но анал и т ической с линией скачка $L$, если она аналитична в $S^{+}$и $S^{-}$и непрерывно продолжима на каждую точку $t \in L$ как слева, так и справа.

В задаче линейного сопряжения требуется определить кусочно аналитич. функцию $\Phi(z)$ с линией скачка $L$, имеющую конечный порядок на бесконечности, по граничному условию

\[
\Phi^{+}(t)=G(t) \Phi^{-}(t)+g(t), t \in L,
\]

где $G(t)$ и $g(t)$ - заданные на $L$ функции класса $H$.

На базе теории задачи линейного сопряжения построена теория одномерных сингулярных интегральных уравнений.

Jum.: [1] М у х е л и ш в и л и Н. И., Сингулярные интегральные уравнения, 3 изд., М., 1968; [2] Гахо в Ф.Д., Краевые задачи, 2 изд., М., $1963 . \quad$ А. В. Бицадзе.</text_orig>
</article>
