<?xml version="1.0" ?>
<article uri="http://libmeta.ru/fme/article/1450_KRASOTA" alphabetic_pos="1452">
  <title>КРАСОТА КВАНТОВОГО ЧИСЛА</title>
  <authors/>
  <pages>
    <start>305</start>
    <end>305</end>
  </pages>
  <literature>
    <literature_orig/>
  </literature>
  <formulas_main/>
  <formulas_aux/>
  <relations n="1">
    <relation uri="http://libmeta.ru/fme/relation/1450_1_KRASOTA">
      <rel_text>Аромат</rel_text>
      <target>http://libmeta.ru/fme/article/105_AROMA</target>
    </relation>
  </relations>
  <text>см. URI[[http://libmeta.ru/fme/relation/1450_1_KRASOTA]]/URI.</text>
  <text_orig>см. Аромат.</text_orig>
</article>
