<?xml version="1.0" encoding="UTF-8"?>
<description xmlns="http://openoffice.org/extensions/description/2006" xmlns:d="http://openoffice.org/extensions/description/2006"  xmlns:xlink="http://www.w3.org/1999/xlink">

    <registration>
      <simple-license accept-by="admin" default-license-id="cs-CZ">
        <license-text xlink:href="README_cs.txt" lang="cs-CZ" license-id="cs-CZ" />
        <license-text xlink:href="README_en.txt" lang="en-US" />
      </simple-license>
    </registration>

    <version value="2021.07" />

    <!--A unique identifier for your extension.
        In order to avoid name clashes with other extensions it should probably hold
        your company name or your full name along with the name of the extension in a form like
            MyFirstName.MyLastName.DictionayName
        or  www.MyWebpage.net.DictionayName
        Or  you may use the project name of your submitted extension to start with...
        For the very same reason they should NOT start with 'org.openoffice'.
        When choosing the identifier keep in mind that others may provide a dictionary for that
        very same language as well and even then your identifier still needs to be unique!
    -->
    <identifier value="org.openoffice.cs.dictionary" />

    <!--A name for the extension to be used in the UI.
        For dictionaries it should show the locales supported
        and the purpose spell checking and/or hyphenation and/or thesaurus.
        The display name can be localized and there should be at least one
        entry for each language it implements and one default English entry.
        The default entry is the one listed first.
    -->
    <display-name>
        <name lang="en-US">Czech spell check dictionary, hyphenation rules and thesaurus</name>
        <name lang="af">Tsjeggiese spel-woordeboek, koppelteken-reëls en tesourus</name>
        <name lang="am">Czech spell check dictionary, hyphenation rules and thesaurus</name>
        <name lang="ar">قاموس التدقيق الإملائي وقواعد الواصلة والمترادفات للُّغة التشيكية</name>
        <name lang="as">Czech spell check dictionary, hyphenation rules and thesaurus</name>
        <name lang="ast">Diccionariu de correición ortográficu, regles de separación silábica y diccionariu de sinónimos pal checu</name>
        <name lang="be">Чэшскі правапісны слоўнік, правілы пераносу і тэзаўрус</name>
        <name lang="bg">Чешки речници за правопис, сричкопренасяне и синоними</name>
        <name lang="bn">Czech spell check dictionary, hyphenation rules and thesaurus</name>
        <name lang="bn-IN">চেক বানান পরীক্ষক অভিধান, হাইফেন প্রয়োগ নিয়ম এবং শব্দকোষ</name>
        <name lang="bo">Czech spell check dictionary, hyphenation rules and thesaurus</name>
        <name lang="br">Czech spell check dictionary, hyphenation rules and thesaurus</name>
        <name lang="brx">Czech spell check dictionary, hyphenation rules and thesaurus</name>
        <name lang="bs">Rječnik pravopisa i sinonima, te pravila rastavljanja riječi na kraju reda za češki jezik</name>
        <name lang="ca">Txec: corrector ortogràfic, partició de mots i tesaurus (sinònims i termes relacionats)</name>
        <name lang="ca-valencia">Txec: corrector ortogràfic, partició de mots i tesaurus (sinònims i termes relacionats)</name>
        <name lang="ckb">فەرهەنگی ڕێنووسی چیکی، بۆ بەرامبەرەکان</name>
        <name lang="cs">Slovník kontroly pravopisu, dělení slov a slovník synonym pro češtinu</name>
        <name lang="cy">Geiriaduron gwirio sillafu, rheolau cyplysnodi a thesawrws Tsiec</name>
        <name lang="da">Tjekkisk stavekontrol, orddeling og synonymordbøger</name>
        <name lang="de">Tschechisches Wörterbuch für Rechtschreibprüfung, Silbentrennung und Thesaurus</name>
        <name lang="dgo">Czech spell check dictionary, hyphenation rules and thesaurus</name>
        <name lang="dsb">Pšawopisny słownik, pšawidła źělenja złožkow a tezawrus za češćinu</name>
        <name lang="dz">Czech spell check dictionary, hyphenation rules and thesaurus</name>
        <name lang="el">Τσέχικο λεξικό ορθογραφίας, συλλαβισμός και θησαυρός</name>
        <name lang="en-GB">Czech spell check dictionary, hyphenation rules, and thesaurus</name>
        <name lang="en-ZA">Czech spell check dictionary, hyphenation rules and thesaurus</name>
        <name lang="eo">Literumada kaj vortdivida vortaroj kaj tezaŭro por la ĉeĥa</name>
        <name lang="es">Checo: corrector ortográfico, sinónimos y reglas de corte de palabras</name>
        <name lang="et">Tšehhi keele õigekirjakontrolli sõnastik, poolitusreeglid ja tesaurus</name>
        <name lang="eu">Txekieraren ortografia-egiaztatzailea, hitzak zatitzeko arauak eta thesaurusa</name>
        <name lang="fa">واژه‌نامه املایی، قواعد خط‌فاصله‌گذاری و اصطلاح‌نامه چکی</name>
        <name lang="fi">Tšekin oikolukusanasto, tavutussäännöt ja synonyymisanasto</name>
        <name lang="fr">Dictionnaires orthographique, des synonymes et règles de coupure des mots tchèques</name>
        <name lang="fur">Dizionari ortografic cec, regulis di silabazion e dizionari dai sinonims</name>
        <name lang="fy">Tsjechysk wurdboek foar stavering, wurdôfbrekkingsregels, en synominenlist</name>
        <name lang="ga">Foclóir litrithe, rialacha fleiscínithe agus teasáras don tSeicis</name>
        <name lang="gd">Faclair litreachadh, riaghailtean tàthanachadh ⁊ co-fhaclair na Seicise</name>
        <name lang="gl">Corrector ortográfico, regras para os guións e sinónimos do checo</name>
        <name lang="gu">Czech spell check dictionary, hyphenation rules and thesaurus</name>
        <name lang="gug">Czech spell check dictionary, hyphenation rules and thesaurus</name>
        <name lang="he">מילון בדיקת איות, כללי מיקוף ואגרון בצ׳כית</name>
        <name lang="hi">Czech spell check dictionary, hyphenation rules and thesaurus</name>
        <name lang="hr">Pravopisni rječnik, pravila rastavljanja riječi i rječnik sinonima za češki</name>
        <name lang="hsb">Prawopisny słownik, prawidła dźělenja złóžkow a tezawrus za čěšćinu</name>
        <name lang="hu">Cseh helyesírási szótár, elválasztási szabályok és szinonimaszótár</name>
        <name lang="id">Kamus ejaan, aturan pemenggalan kata, dan tesaurus untuk bahasa Ceko</name>
        <name lang="is">Tékkneskt stafsetningarorðasafn, orðskiptireglur og samheitaorðasafn</name>
        <name lang="it">Dizionario ortografico ceco, regole di sillabazione e dizionario di sinonimi</name>
        <name lang="ja">チェコ語スペルチェック辞書、ハイフネーション規則と類義語辞典</name>
        <name lang="ka">Czech spell check dictionary, hyphenation rules and thesaurus</name>
        <name lang="kab">Amawal n teɣdira, igdawalend d ilugan n inegzumen n wawalen ičikiyen</name>
        <name lang="kk">Чех емле сөздігі, тасымалдау ережелері және тезаурус</name>
        <name lang="km">Czech spell check dictionary, hyphenation rules and thesaurus</name>
        <name lang="kmr-Latn">Czech spell check dictionary, hyphenation rules and thesaurus</name>
        <name lang="kn">Czech spell check dictionary, hyphenation rules and thesaurus</name>
        <name lang="ko">체코어 맞춤법 검사 사전, 하이픈 넣기 규칙, 유의어 사전</name>
        <name lang="kok">Czech spell check dictionary, hyphenation rules and thesaurus</name>
        <name lang="ks">Czech spell check dictionary, hyphenation rules and thesaurus</name>
        <name lang="lb">Czech spell check dictionary, hyphenation rules and thesaurus</name>
        <name lang="lo">ພົດຈະນານຸກົມກວດສອບຕົວສະກົດຄຳພາສາ Czech, ກົດລະບຽບການເຊື່ອມໂຍງ ແລະ ພົດຈະນານຸກົມ</name>
        <name lang="lt">Čekų kalbos rašybos tikrinimo, skiemenavimo ir tezauro žodynai</name>
        <name lang="lv">Čehu pareizrakstības vārdnīca, zilbjdales kārtulas un tēzaurs</name>
        <name lang="mai">Czech spell check dictionary, hyphenation rules and thesaurus</name>
        <name lang="mk">Czech spell check dictionary, hyphenation rules and thesaurus</name>
        <name lang="ml">Czech spell check dictionary, hyphenation rules and thesaurus</name>
        <name lang="mn">Чех хэлний зөв бичгийн ба үеэр таслах дүрмийн болон нэвтэрхий толь бичиг</name>
        <name lang="mni">Czech spell check dictionary, hyphenation rules and thesaurus</name>
        <name lang="mr">Czech spell check dictionary, hyphenation rules and thesaurus</name>
        <name lang="my">Czech spell check dictionary, hyphenation rules and thesaurus</name>
        <name lang="nb">Tsjekkisk stavekontroll, orddeling og synonymordbok</name>
        <name lang="ne">चेक हिज्जे जाँच शब्दकोश, हाइफिनेशन नियम र थिसौरस</name>
        <name lang="nl">Tsjechische woordenlijst voor spellingcontrole, regels voor afbrekingen, en synoniemenlijst</name>
        <name lang="nn">Tsjekkisk stavekontroll, orddeling og synonymordbok</name>
        <name lang="nr">Czech spell check dictionary, hyphenation rules and thesaurus</name>
        <name lang="nso">Czech spell check dictionary, hyphenation rules and thesaurus</name>
        <name lang="oc">Diccionaris ortografic, dels sinonims e règlas de copadura de mots chècs</name>
        <name lang="om">Czech spell check dictionary, hyphenation rules and thesaurus</name>
        <name lang="or">Czech spell check dictionary, hyphenation rules and thesaurus</name>
        <name lang="pa-IN">ਚੈਕ ਸਪੈਲਿੰਗ ਡਿਕਸ਼ਨਰੀ, ਹਾਈਫਿਨੇਸ਼ਨ ਨਿਯਮ ਅਤੇ ਸਮਾਰਥਕੋਸ਼</name>
        <name lang="pl">Czeski słownik ortograficzny, reguły dzielenia wyrazów i słownik wyrazów bliskoznacznych</name>
        <name lang="pt">Dicionário ortográfico, sinónimos e regras de hifenização em checo</name>
        <name lang="pt-BR">Dicionário ortográfico, sinônimos e regras de hifenização em checo</name>
        <name lang="ro">Dicționar ortografic, de sinonime și reguli de despărțire în silabe pentru cehă</name>
        <name lang="ru">Чешский орфографический словарь, правила переноса и тезаурус</name>
        <name lang="rw">Czech spell check dictionary, hyphenation rules and thesaurus</name>
        <name lang="sa-IN">Czech spell check dictionary, hyphenation rules and thesaurus</name>
        <name lang="sat">Czech spell check dictionary, hyphenation rules and thesaurus</name>
        <name lang="sd">Czech spell check dictionary, hyphenation rules and thesaurus</name>
        <name lang="si">Czech spell check dictionary, hyphenation rules and thesaurus</name>
        <name lang="sid">Czech spell check dictionary, hyphenation rules and thesaurus</name>
        <name lang="sk">Český slovník na kontrolu pravopisu, delenie slov a tezaurus</name>
        <name lang="sl">Češki jezik – slovar za preverjanje črkovanja, vzorci za deljenje besed in slovar sopomenk</name>
        <name lang="sq">Fjalori i drejtshkrimit çek, rregullat e rrokjezimit, dhe sinonimet</name>
        <name lang="sr">Чешки речник за проверу писања, прелом речи и речник синонима</name>
        <name lang="sr-Latn">Czech spell check dictionary, hyphenation rules and thesaurus</name>
        <name lang="ss">Czech spell check dictionary, hyphenation rules and thesaurus</name>
        <name lang="st">Czech spell check dictionary, hyphenation rules and thesaurus</name>
        <name lang="sv">Tjeckiska - stavningsordlista, avstavningsregler och synonymordlista</name>
        <name lang="sw-TZ">Czech spell check dictionary, hyphenation rules and thesaurus</name>
        <name lang="szl">Czeski słownik ôrtograficzny, prawidła dzielynio słōw i słownik synōnimōw</name>
        <name lang="ta">செக் மொழியின் எழுத்துக்கூட்டல் அகராதி, சொல்பிரிகை விதிகள் மற்றும் நிகண்டு</name>
        <name lang="te">Czech spell check dictionary, hyphenation rules and thesaurus</name>
        <name lang="tg">Czech spell check dictionary, hyphenation rules and thesaurus</name>
        <name lang="th">พจนานุกรมสะกดคำ. กฎการแทรกยัติภังค์, และอรรถาภิธานภาษาเช็ก</name>
        <name lang="tn">Czech spell check dictionary, hyphenation rules and thesaurus</name>
        <name lang="tr">Çekçe yazım sözlüğü, heceleme kuralları ve eş anlamlılar</name>
        <name lang="ts">Czech spell check dictionary, hyphenation rules and thesaurus</name>
        <name lang="tt">Czech spell check dictionary, hyphenation rules and thesaurus</name>
        <name lang="ug">چېخچە ئىملا لۇغىتى، ھەرپ ئۇلىنىش قائىدىسى ۋە مەنىداش سۆزلەر لۇغىتى</name>
        <name lang="uk">Чеський орфографічний словник, правила переносу та тезаурус</name>
        <name lang="uz">Czech spell check dictionary, hyphenation rules and thesaurus</name>
        <name lang="ve">Czech spell check dictionary, hyphenation rules and thesaurus</name>
        <name lang="vec">Disionaro ortogràfego Ceco, règołe de siłabasion e disionaro de i sinònemi</name>
        <name lang="vi">Từ điển kiểm tra chính tả, gạch nối và đồng nghĩa tiếng Czech</name>
        <name lang="xh">Czech spell check dictionary, hyphenation rules and thesaurus</name>
        <name lang="zh-CN">捷克语拼写词典、断词规则与同义词库</name>
        <name lang="zh-TW">捷克文拼寫詞典、斷字與禁忌規則、同義詞庫</name>
        <name lang="zu">Czech spell check dictionary, hyphenation rules and thesaurus</name>
        <name lang="cs">Český slovník pro kontrolu pravopisu, dělení slov a slovník synonym</name>
    </display-name>

    <!--Dictionaries should work with all platforms...-->
    <platform value="all" />

    <!--A minimal OpenOffice.org version the extension requires to be used with.
        For dictionary extensions that will be 'OpenOffice.org 3.0'
    -->
    <dependencies>
        <OpenOffice.org-minimal-version value="3.0" d:name="OpenOffice.org 3.0" />
    </dependencies>

    <!-- MORE OPTIONAL LIKE ENTRIES FOLLOWING (may easily be omitted, out-commented by default)... -->

    <!--If you uploadet your extension to the repository (which should be the default!)
        you do not need to have this one.
    <update-information>
        <src xlink:href="http://extensions.openoffice.org/testarea/desktop/license/update/lic3.update.xml" />
    </update-information>
    -->

    <!--Check if this is already generated by repository.
        Otherwise you may like to provide it manually.
    <publisher>
        <name xlink:href="http://extensions.openoffice.org/testarea/desktop/publisher/publisher_en.html" lang="en">My dictionary extension (en)</name>
        <name xlink:href="http://extensions.openoffice.org/testarea/desktop/publisher/publisher_fr.html" lang="fr">My dictionary extension (fr)</name>
    </publisher>
    -->

    <!--This link will be generated by repository. Check if this already works for multiple languages.
        If not you may provide it manually if you like.
    <release-notes>
        <src xlink:href="http://extensions.openoffice.org/testarea/desktop/publisher/release-notes_en.txt" lang="en" />
        <src xlink:href="http://extensions.openoffice.org/testarea/desktop/publisher/release-notes_fr.txt" lang="fr" />
    </release-notes>
    -->

</description>
