<?xml version="1.0" encoding="UTF-8"?>
<description xmlns="http://openoffice.org/extensions/description/2006" xmlns:d="http://openoffice.org/extensions/description/2006"  xmlns:xlink="http://www.w3.org/1999/xlink">
    <!-- http://wiki.services.openoffice.org/wiki/Extension_Dictionaries -->
    <version value="0.4" />
    <identifier value="eu.telecom-bretagne.roux.elie.dict.bo" />
    <display-name>
        <name lang="en-US">Classical Tibetan syllable spellchecker for Hunspell</name>
        <name lang="af">Klassieke Tibetaanse lettergreep speltoetser vir Hunspell</name>
        <name lang="am">Classical Tibetan syllable spellchecker for Hunspell</name>
        <name lang="ar">مدقق إملائي مقطعي للتبتية الكلاسيكية لـ هانسبيل Hunspell</name>
        <name lang="as">Classical Tibetan syllable spellchecker for Hunspell</name>
        <name lang="ast">Correutor ortográficu silábicu del tibetanu clásicu pa Hunspell</name>
        <name lang="be">Класічны тыбецкі складовы арфаграфічны слоўнік для Hunspell</name>
        <name lang="bg">Класически тибетски сричков речник за Hunspell</name>
        <name lang="bn">Classical Tibetan syllable spellchecker for Hunspell</name>
        <name lang="bn-IN">হানস্পেলের জন্য ক্লাসিক্যাল তিব্বতী শব্দের বানান পরীক্ষক</name>
        <name lang="bo">Classical Tibetan syllable spellchecker for Hunspell</name>
        <name lang="br">Classical Tibetan syllable spellchecker for Hunspell</name>
        <name lang="brx">Classical Tibetan syllable spellchecker for Hunspell</name>
        <name lang="bs">Classical Tibetan syllable spellchecker for Hunspell</name>
        <name lang="ca">Tibetà clàssic: corrector ortogràfic per síl·labes per al Hunspell</name>
        <name lang="ca-valencia">Tibetà clàssic: corrector ortogràfic per síl·labes per al Hunspell</name>
        <name lang="ckb">Classical Tibetan syllable spellchecker for Hunspell</name>
        <name lang="cs">Slabiková kontrola pravopisu pro klasickou tibetštinu pro Hunspell</name>
        <name lang="cy">Gwirydd sillafu sillafol Tibeteg Glasurol ar gyfer Hunspell</name>
        <name lang="da">Klassisk tibetansk staveordbog for Hunspell</name>
        <name lang="de">Klassische tibetische Silben-Rechtschreibprüfung für Hunspell</name>
        <name lang="dgo">Classical Tibetan syllable spellchecker for Hunspell</name>
        <name lang="dsb">Klasiska tibetiska złožkowa pšawopisna kontrola za Hunspell</name>
        <name lang="dz">Classical Tibetan syllable spellchecker for Hunspell</name>
        <name lang="el">Έλεγχος συλλαβισμού κλασικών θιβετιανών για το Hunspell</name>
        <name lang="en-GB">Classical Tibetan syllable spellchecker for Hunspell</name>
        <name lang="en-ZA">Classical Tibetan syllable spellchecker for Hunspell</name>
        <name lang="eo">Klasika Tibeta silaba literumada kontrolo por Hunspell</name>
        <name lang="es">Tibetano clásico: corrector ortográfico silábico para Hunspell</name>
        <name lang="et">Klassikalise tiibeti keele silpkirja õigekirjakontrolli sõnastik Hunspelli jaoks</name>
        <name lang="eu">Tibetera klasikoaren ortografia-egiaztatzaile silabikoa Hunspell-erako</name>
        <name lang="fa">بررسی کننده  هجایی املایی تبتی سنتی برای هانسپل</name>
        <name lang="fi">Klassisen tiibetin tavumerkkioikoluku Hunspellille</name>
        <name lang="fr">Orthographe tibétaine classique pour Hunspell</name>
        <name lang="fur">Coretôr ortografic silabic dal tibetan classic par Hunspell</name>
        <name lang="fy">Klassike Tibetaanske staveringshifker foar lettergrepen foar Hunspell</name>
        <name lang="ga">Litreoir siollaí sa Tibéidis Chlasaiceach le haghaidh Hunspell</name>
        <name lang="gd">Dearbhair lidean Hunspell airson na Tibeitise chlasaigeach</name>
        <name lang="gl">Corrector ortográfico silábico do tibetano clásico para Hunspell</name>
        <name lang="gu">Classical Tibetan syllable spellchecker for Hunspell</name>
        <name lang="gug">Classical Tibetan syllable spellchecker for Hunspell</name>
        <name lang="he">בודק איות בטיבטית קלסית ברמת הברות עבור Hunspell</name>
        <name lang="hi">Classical Tibetan syllable spellchecker for Hunspell</name>
        <name lang="hr">Provjera pravopisa Hunspellom za klasično tibetansko slogovno pisanje</name>
        <name lang="hsb">Klasiska tibetiska złóžkowa prawopisna kontrola za Hunspell</name>
        <name lang="hu">Klasszikus tibeti szótagoló helyesírás-ellenőrző a Hunspellhez</name>
        <name lang="id">Pemeriksaa ejaan silabi Tibet klasik untuk Hunspell</name>
        <name lang="is">Stafsetningaryfirferð á klassískri atkvæða-Tíbetsku fyrir Hunspell</name>
        <name lang="it">Tibetano classico - Correttore ortografico sillabico per Hunspell</name>
        <name lang="ja">Hunspell用の古チベット語音節のスペルチェッカー</name>
        <name lang="ka">Classical Tibetan syllable spellchecker for Hunspell</name>
        <name lang="kab">Taɣdirawt Tatibitit taklasikit i Hunspell</name>
        <name lang="kk">Классикалық Тибеттік Hunspell үшін буындық емле сөздігі</name>
        <name lang="km">Classical Tibetan syllable spellchecker for Hunspell</name>
        <name lang="kmr-Latn">Classical Tibetan syllable spellchecker for Hunspell</name>
        <name lang="kn">Classical Tibetan syllable spellchecker for Hunspell</name>
        <name lang="ko">Hunspell용 고전 티베트어 음절 맞춤법 검사기</name>
        <name lang="kok">Classical Tibetan syllable spellchecker for Hunspell</name>
        <name lang="ks">Classical Tibetan syllable spellchecker for Hunspell</name>
        <name lang="lb">Classical Tibetan syllable spellchecker for Hunspell</name>
        <name lang="lo">ເຄື່ອງມືກວດສອບຕົວສະກົດພະຍາງໃນພາສາທິເບດດັ້ງເດີ່ມສຳລັບ Hunspell</name>
        <name lang="lt">Klasikinės tibetiečių kalbos „Hunspell“ rašybos tikrinimo žodynas</name>
        <name lang="lv">Klasiskais tibetiešu zilbju pareizrakstības pārbaudītājs Hunspell vārdnīcai</name>
        <name lang="mai">Classical Tibetan syllable spellchecker for Hunspell</name>
        <name lang="mk">Classical Tibetan syllable spellchecker for Hunspell</name>
        <name lang="ml">Classical Tibetan syllable spellchecker for Hunspell</name>
        <name lang="mn">Классик түвдийн Hunspell-д зориулсан үе таслал болон зөв бичгийн дүрмийн шалгуур</name>
        <name lang="mni">Classical Tibetan syllable spellchecker for Hunspell</name>
        <name lang="mr">Classical Tibetan syllable spellchecker for Hunspell</name>
        <name lang="my">Classical Tibetan syllable spellchecker for Hunspell</name>
        <name lang="nb">Klassisk Tibetansk stavekontroll for Hunspell</name>
        <name lang="ne">हनस्पेलको लागि पुरातन तिब्बती शब्द हिज्जेजाँच</name>
        <name lang="nl">Klassieke Tibetaanse spellingscontrole voor lettergrepen voor Hunspell</name>
        <name lang="nn">Klassisk tibetansk setningskontroll for Hunspell</name>
        <name lang="nr">Classical Tibetan syllable spellchecker for Hunspell</name>
        <name lang="nso">Classical Tibetan syllable spellchecker for Hunspell</name>
        <name lang="oc">Ortografia tibetana classica per Hunspell</name>
        <name lang="om">Classical Tibetan syllable spellchecker for Hunspell</name>
        <name lang="or">Classical Tibetan syllable spellchecker for Hunspell</name>
        <name lang="pa-IN">Classical Tibetan syllable spellchecker for Hunspell</name>
        <name lang="pl">Tybetański klasyczny moduł sprawdzania pisowni dla Hunspell</name>
        <name lang="pt">Tibetano clássico: corretor ortográfico silábico para Hunspell</name>
        <name lang="pt-BR">Tibetano clássico: corretor ortográfico silábico para Hunspell</name>
        <name lang="ro">Verificator ortografic de silabe tibetane clasice pentru Hunspell</name>
        <name lang="ru">Классический тибетский слоговый орфографический словарь для Hunspell</name>
        <name lang="rw">Classical Tibetan syllable spellchecker for Hunspell</name>
        <name lang="sa-IN">Classical Tibetan syllable spellchecker for Hunspell</name>
        <name lang="sat">Classical Tibetan syllable spellchecker for Hunspell</name>
        <name lang="sd">Classical Tibetan syllable spellchecker for Hunspell</name>
        <name lang="si">Classical Tibetan syllable spellchecker for Hunspell</name>
        <name lang="sid">Classical Tibetan syllable spellchecker for Hunspell</name>
        <name lang="sk">Slabiková kontrola pravopisu pre klasickú tibetčinu</name>
        <name lang="sl">Klasični tibetanski jezik – zlogovni slovar za preverjanje črkovanja za Hunspell</name>
        <name lang="sq">Kontrolluesi i rrokjeve për Hunspell për Tibetianen Klasike</name>
        <name lang="sr">Класични тибетски: слоговна провера писања за Hunspell</name>
        <name lang="sr-Latn">Classical Tibetan syllable spellchecker for Hunspell</name>
        <name lang="ss">Classical Tibetan syllable spellchecker for Hunspell</name>
        <name lang="st">Classical Tibetan syllable spellchecker for Hunspell</name>
        <name lang="sv">Klassisk tibetansk stavningskontroll för Hunspell</name>
        <name lang="sw-TZ">Classical Tibetan syllable spellchecker for Hunspell</name>
        <name lang="szl">Tybetańske prawidła dzielynio słōw</name>
        <name lang="ta">Classical Tibetan syllable spellchecker for Hunspell</name>
        <name lang="te">Classical Tibetan syllable spellchecker for Hunspell</name>
        <name lang="tg">Classical Tibetan syllable spellchecker for Hunspell</name>
        <name lang="th">เครื่องมือตรวจตัวสะกดพยางค์ภาษาทิเบตดั้งเดิมสำหรับ Hunspell</name>
        <name lang="tn">Classical Tibetan syllable spellchecker for Hunspell</name>
        <name lang="tr">Hunspell için klasik Tibet heceli imla denetleyicisi</name>
        <name lang="ts">Classical Tibetan syllable spellchecker for Hunspell</name>
        <name lang="tt">Classical Tibetan syllable spellchecker for Hunspell</name>
        <name lang="ug">Hunspell ئۈچۈن كىلاسسىك تىبەتچە بوغۇم ئىملا تەكشۈرگۈچ</name>
        <name lang="uk">Класичний тибетський складовий орфографічний словник для Hunspell</name>
        <name lang="uz">Classical Tibetan syllable spellchecker for Hunspell</name>
        <name lang="ve">Classical Tibetan syllable spellchecker for Hunspell</name>
        <name lang="vec">Tibetan clàsego – Coretor ortogràfego siłàbego par Hunspell</name>
        <name lang="vi">Trình kiểm tra chính tả âm tiết Tây Tạng cổ điển cho Hunspell</name>
        <name lang="xh">Classical Tibetan syllable spellchecker for Hunspell</name>
        <name lang="zh-CN">供 Hunspell 使用的古典藏语音节拼写检查器</name>
        <name lang="zh-TW">Hunspell 的古典藏文音節字拼寫詞典</name>
        <name lang="zu">Classical Tibetan syllable spellchecker for Hunspell</name>
    </display-name>
    <platform value="all" />
    <!--<dependencies>
        <OpenOffice.org-minimal-version value="4.1" d:name="LibreOffice 4.1" />
    </dependencies>-->
    <publisher>
        <name xlink:href="https://github.com/eroux/hunspell-bo" lang="en">Elie Roux</name>
    </publisher>
</description>
