<?xml version="1.0" encoding="UTF-8"?>
<description xmlns="http://openoffice.org/extensions/description/2006" xmlns:d="http://openoffice.org/extensions/description/2006"  xmlns:xlink="http://www.w3.org/1999/xlink">
    <version value="2013.01.22" />
    <identifier value="org.libreoffice.bs.hunspell.dictionaries" />
    <display-name>
        <name lang="en-US">Bosnian spelling dictionary</name>
        <name lang="af">Bosniese spelling woordeboek</name>
        <name lang="am">Bosnian spelling dictionary</name>
        <name lang="ar">قاموس التهجئة البوسني</name>
        <name lang="as">বচনিয়ান বানান শব্দকোষ</name>
        <name lang="ast">Diccionariu ortográficu pal bosniu</name>
        <name lang="be">Баснійскі правапісны слоўнік</name>
        <name lang="bg">Босненски правописен речник</name>
        <name lang="bn">Bosnian spelling dictionary</name>
        <name lang="bn-IN">বসনিয়ান বানান অভিধান</name>
        <name lang="bo">Bosnian spelling dictionary</name>
        <name lang="br">Geriadur ar reizhskrivadur evit ar bosnianeg</name>
        <name lang="brx">Bosnian spelling dictionary</name>
        <name lang="bs">Rječnik pravopisa za bosanski jezik</name>
        <name lang="ca">Bosnià: corrector ortogràfic</name>
        <name lang="ca-valencia">Bosnià: corrector ortogràfic</name>
        <name lang="ckb">فەرهەنگی هەڵەڕێنووسی بۆسنی</name>
        <name lang="cs">Slovník kontroly pravopisu pro bosenštinu</name>
        <name lang="cy">Geiriadur sillafu Bosnieg</name>
        <name lang="da">Bosnisk ordbog til stavekontrol</name>
        <name lang="de">Bosnisches Wörterbuch für Rechtschreibprüfung</name>
        <name lang="dgo">Bosnian spelling dictionary</name>
        <name lang="dsb">Bosniski pšawopisny słownik</name>
        <name lang="dz">Bosnian spelling dictionary</name>
        <name lang="el">Βοσνιακό ορθογραφικό λεξικό</name>
        <name lang="en-GB">Bosnian spelling dictionary</name>
        <name lang="en-ZA">Bosnian spelling dictionary</name>
        <name lang="eo">Literumado por la bosna</name>
        <name lang="es">Bosnio: corrector ortográfico</name>
        <name lang="et">Bosnia keele õigekirjakontrolli sõnastik</name>
        <name lang="eu">Bosnieraren ortografia-egiaztatzailea</name>
        <name lang="fa">واژه‌نامه املایی بوسنیایی</name>
        <name lang="fi">Bosnian oikolukusanasto</name>
        <name lang="fr">Dictionnaire orthographique bosniaque</name>
        <name lang="fur">Dizionari ortografic bosgnac</name>
        <name lang="fy">Bosnyske stavering wurdboek</name>
        <name lang="ga">Foclóir litrithe na Boisnise</name>
        <name lang="gd">Faclair litreachadh na Bosnaise</name>
        <name lang="gl">Corrector ortográfico do bosníaco</name>
        <name lang="gu">બોસ્નિયન જોડણી ચકાસણી શબ્દકોષ</name>
        <name lang="gug">Ñe'ẽryru ortográfico Bosnio</name>
        <name lang="he">מילון בדיקת איות בבוסנית</name>
        <name lang="hi">बोस्नियाई वर्तनी शब्दकोश</name>
        <name lang="hr">Pravopisni rječnik bošnjačkog jezika</name>
        <name lang="hsb">Bosniski prawopisny słownik</name>
        <name lang="hu">Bosnyák helyesírási szótár</name>
        <name lang="id">Kamus ejaan Bosnia</name>
        <name lang="is">Bosnískt stafsetningarorðasafn</name>
        <name lang="it">Dizionario ortografico bosniaco</name>
        <name lang="ja">ボスニア語スペル辞書</name>
        <name lang="ka">Bosnian spelling dictionary</name>
        <name lang="kab">Amawal n teɣdira tabusnit</name>
        <name lang="kk">Босниялық емле сөздігі</name>
        <name lang="km">វចនានុក្រុម​​អក្ខរាវិរុទ្ធ​ភាសា​ប៊ូស្នី</name>
        <name lang="kmr-Latn">Bosnian spelling dictionary</name>
        <name lang="kn">ಬೋಸ್ನಿಯನ್ ಕಾಗುಣಿತ ಶಬ್ಧಕೋಶ</name>
        <name lang="ko">보스니아어 사전</name>
        <name lang="kok">Bosnian spelling dictionary</name>
        <name lang="ks">Bosnian spelling dictionary</name>
        <name lang="lb">Bosnian spelling dictionary</name>
        <name lang="lo">ພົດຈະນານຸກົມສະກົດຄຳພາສາບອສເນຍ</name>
        <name lang="lt">Bosnių kalbos rašybos tikrinimo žodynas</name>
        <name lang="lv">Bosniešu pareizrakstības vārdnīca</name>
        <name lang="mai">Bosnian spelling dictionary</name>
        <name lang="mk">Bosnian spelling dictionary</name>
        <name lang="ml">ബോസ്നിയന്‍ സ്പെല്ലിങ് നിഘണ്ടു</name>
        <name lang="mn">Босния хэлний зөв бичгийн дүрмийн толь бичиг</name>
        <name lang="mni">Bosnian spelling dictionary</name>
        <name lang="mr">बोसनियन शुध्दलेखन शब्दकोश</name>
        <name lang="my">ဆွာဟီလီစာလုံးပေါင်းအဘိဓာန်</name>
        <name lang="nb">Bosnisk stavekontroll</name>
        <name lang="ne">गैलिशियन् हिज्जे शब्दकोश</name>
        <name lang="nl">Woordenlijst voor spellingcontrole voor Bosnisch</name>
        <name lang="nn">Bosnisk stavekontroll</name>
        <name lang="nr">Bosnian spelling dictionary</name>
        <name lang="nso">Bosnian spelling dictionary</name>
        <name lang="oc">Diccionari ortografic bosniac</name>
        <name lang="om">Bosnian spelling dictionary</name>
        <name lang="or">ବୋସନିଆନ ବନାନ ଅଭିଧାନ</name>
        <name lang="pa-IN">ਬੋਸਨੀਆ ਸ਼ਬਦ-ਜੋੜ ਸ਼ਬਦ-ਕੋਸ਼</name>
        <name lang="pl">Bośniacki słownik ortograficzny</name>
        <name lang="pt">Dicionário ortográfico bósnio</name>
        <name lang="pt-BR">Dicionário ortográfico bósnio</name>
        <name lang="ro">Dicționar ortografic pentru bosniacă</name>
        <name lang="ru">Боснийский орфографический словарь</name>
        <name lang="rw">Bosnian spelling dictionary</name>
        <name lang="sa-IN">Bosnian spelling dictionary</name>
        <name lang="sat">Bosnian spelling dictionary</name>
        <name lang="sd">Bosnian spelling dictionary</name>
        <name lang="si">Bosnian spelling dictionary</name>
        <name lang="sid">Bosinote fidalishshi qaallate fichaancho</name>
        <name lang="sk">Bosniacky slovník na kontrolu pravopisu</name>
        <name lang="sl">Bosanski jezik – slovar za preverjanje črkovanja</name>
        <name lang="sq">Fjalor drejtshkrimi boshnjak</name>
        <name lang="sr">Босански: провера писања</name>
        <name lang="sr-Latn">Bosnian spelling dictionary</name>
        <name lang="ss">Bosnian spelling dictionary</name>
        <name lang="st">Bosnian spelling dictionary</name>
        <name lang="sv">Stavningsordlista på bosniska</name>
        <name lang="sw-TZ">Bosnian spelling dictionary</name>
        <name lang="szl">Bośniacki słownik ôrtograficzny</name>
        <name lang="ta">போஸ்னிய எழுத்துக்கூட்டல் அகராதி</name>
        <name lang="te">బోస్నియన్ వుచ్ఛారణ నిఘంటువు</name>
        <name lang="tg">Bosnian spelling dictionary</name>
        <name lang="th">พจนานุกรมสะกดคำภาษาบอสเนีย</name>
        <name lang="tn">Bosnian spelling dictionary</name>
        <name lang="tr">Boşnakça imla sözlüğü</name>
        <name lang="ts">Bosnian spelling dictionary</name>
        <name lang="tt">Bosnian spelling dictionary</name>
        <name lang="ug">بوسنىيەچە ئىملا لۇغىچە</name>
        <name lang="uk">Боснійський орфографічний словник</name>
        <name lang="uz">Bosniya imlo lug‘ati</name>
        <name lang="ve">Bosnian spelling dictionary</name>
        <name lang="vec">Disionaro ortogràfego Boznìaco</name>
        <name lang="vi">Từ điển kiểm tra chính tả Galician</name>
        <name lang="xh">Bosnian spelling dictionary</name>
        <name lang="zh-CN">波斯尼亚语拼写词典</name>
        <name lang="zh-TW">波士尼亞拼寫詞典</name>
        <name lang="zu">Bosnian spelling dictionary</name>
    </display-name>
    <platform value="all" />
    <dependencies>
        <OpenOffice.org-minimal-version value="3.0" d:name="OpenOffice.org 3.0"/>
    </dependencies>
</description>
