<?xml version="1.0" encoding="UTF-8"?>
<description xmlns="http://openoffice.org/extensions/description/2006" xmlns:d="http://openoffice.org/extensions/description/2006"  xmlns:xlink="http://www.w3.org/1999/xlink">
    <version value="2008.07.01" />
    <identifier value="org.openoffice.ne.hunspell.dictionaries" />
    <display-name>
        <name lang="en-US">Nepali spelling dictionary, and thesaurus</name>
        <name lang="af">Nepaliese spelling woordeboek, en thesaurus</name>
        <name lang="am">Nepali spelling dictionary, and thesaurus</name>
        <name lang="ar">قاموس التدقيق الإملائي للُّغة النيبالية والمترادفات</name>
        <name lang="as">নেপালী বানান শব্দকোষ, আৰু সমাৰ্থশব্দকোষ</name>
        <name lang="ast">Diccionariu ortográficu y regles de separación silábica pal nepalés</name>
        <name lang="be">Непальскі правапісны слоўнік і тэзаўрус</name>
        <name lang="bg">Непалски речници за правопис и синоними</name>
        <name lang="bn">Nepali spelling dictionary, and thesaurus</name>
        <name lang="bn-IN">নেপালি বানান অভিধান এবং শব্দকোষ</name>
        <name lang="bo">Nepali spelling dictionary, and thesaurus</name>
        <name lang="br">Geriadur ar reizhskrivañ ha geriadur an heñvelsterioù evit an nepaleg</name>
        <name lang="brx">Nepali spelling dictionary, and thesaurus</name>
        <name lang="bs">Rječnik pravopisa i sinonima za nepalski jezik</name>
        <name lang="ca">Nepalès: corrector ortogràfic i tesaurus (sinònims i termes relacionats)</name>
        <name lang="ca-valencia">Nepalés: corrector ortogràfic i tesaurus (sinònims i termes relacionats)</name>
        <name lang="ckb">فەرهەنگی ڕێنووسی زمانی نیپاڵی و بەرامبەریەکەکان</name>
        <name lang="cs">Slovník kontroly pravopisu a slovník synonym pro nepálštinu</name>
        <name lang="cy">Nepaleg - geiriadur sillafu a thesawrws</name>
        <name lang="da">Nepalesisk stavekontrol og synonymordbog</name>
        <name lang="de">Nepalesisches Wörterbuch für Rechtschreibprüfung und Thesaurus</name>
        <name lang="dgo">नेपाली शब्द-जोड़ शब्दकोश, ते पर्यायकोश</name>
        <name lang="dsb">Nepalski pšawopisny słownik a tezawrus</name>
        <name lang="dz">Nepali spelling dictionary, and thesaurus</name>
        <name lang="el">Ορθογραφικό λεξικό και θησαυρός νεπάλι</name>
        <name lang="en-GB">Nepali spelling dictionary, and thesaurus</name>
        <name lang="en-ZA">Nepali spelling dictionary, and thesaurus</name>
        <name lang="eo">Nepala ortografia vortaro, kaj tezaŭro</name>
        <name lang="es">Nepalés: corrector ortográfico y sinónimos</name>
        <name lang="et">Nepali keele õigekirjakontrolli sõnastik ja tesaurus</name>
        <name lang="eu">Nepaleraren ortografia-egiaztatzailea eta thesaurusa</name>
        <name lang="fa">واژه‌نامه املایی نپالی و اصطلاح‌نامه</name>
        <name lang="fi">Nepalin oikoluku- ja synonyymisanasto</name>
        <name lang="fr">Dictionnaires orthographique et des synonymes népalais</name>
        <name lang="fur">Dizionari ortografic nepalês e dizionari dai sinonims</name>
        <name lang="fy">Nepaleesk wurdboek foar stavering, en wurdôfbrekkingsregels</name>
        <name lang="ga">Foclóir litrithe agus teasáras don Neipealais</name>
        <name lang="gd">Faclair litreachadh ⁊ co-fhaclair na Neapàilise</name>
        <name lang="gl">Dicionario ortográfico e sinónimos do nepalés</name>
        <name lang="gu">નેપાળી જોડણી ચકાસણી શબ્દકોષ, અને માહિતી ભંડાર</name>
        <name lang="gug">Nepalés: myatyrõ ortográfico ha ñe'ẽ juehegua</name>
        <name lang="he">רשימת מילים לבודק איות ואגרון בנפאלית</name>
        <name lang="hi">नेपाली वर्तनी शब्दकोश और थिसारस</name>
        <name lang="hr">Pravopisni rječnik i rječnik sinonima nepalskog jezika</name>
        <name lang="hsb">Nepalski prawopisny słownik a tezawrus</name>
        <name lang="hu">Nepáli helyesírási szótár és szinonimaszótár</name>
        <name lang="id">Kamus ejaan dan tesaurus bahasa Nepal</name>
        <name lang="is">Nepalskt stafsetningarorðasafn og samheitaorðasafn</name>
        <name lang="it">Dizionario ortografico nepalese e dizionario di sinonimi</name>
        <name lang="ja">ネパール語スペル辞書と類義語辞典</name>
        <name lang="ka">Nepali spelling dictionary, and thesaurus</name>
        <name lang="kab">Amawal n teɣdira n igdawalen n nipalit</name>
        <name lang="kk">Непалдық емле сөздігі және тезаурус</name>
        <name lang="km">វចនានុក្រម​អក្ខរាវិរុទ្ធ​ភាសា​នេប៉ាល់ និង​កម្រង​វេវចនសព្ទ</name>
        <name lang="kmr-Latn">Nepali spelling dictionary, and thesaurus</name>
        <name lang="kn">ನೇಪಾಳಿ ಕಾಗುಣಿತ ಶಬ್ಧಕೋಶ ಹಾಗು ಸಮಾನಾರ್ಥಕ ಪದಕೋಶ</name>
        <name lang="ko">네팔어 맞춤법 사전 및 동의어 사전</name>
        <name lang="kok">नेपाली वर्णरचना शब्दकोश,आनी थेसोरसNepali OkxorRochona Xobdkox, Xobdkox, somyog chinna Niyom ani MahetiKox</name>
        <name lang="ks">Nepali spelling dictionary, and thesaurus</name>
        <name lang="lb">Nepali spelling dictionary, and thesaurus</name>
        <name lang="lo">ພົດຈະນານຸກົມສະກົດຄຳພາສາ Nepali, ແລະ ພົດຈະນານຸກົມ</name>
        <name lang="lt">Nepalų kalbos rašybos tikrinimo ir tezauro žodynai</name>
        <name lang="lv">Nepāliešu pareizrakstības vārdnīca un tēzaurs</name>
        <name lang="mai">Nepali spelling dictionary, and thesaurus</name>
        <name lang="mk">Nepali spelling dictionary, and thesaurus</name>
        <name lang="ml">നേപ്പാളി സ്പെല്ലിങ് നിഘണ്ടുവും തെസോറസും</name>
        <name lang="mn">Непаль хэлний зөв бичгийн ба нэвтэрхий толь бичиг</name>
        <name lang="mni">নেপালি বানানগী দিক্সনারি, অমসুং থেসোরস</name>
        <name lang="mr">नेपाळी शुध्दलेखन शब्दकोष, व थिसॉरस्</name>
        <name lang="my">နီပေါ စာလုံးပေါင်းအဘိဓာန်နှင့်  ဝေါဟာရပဒေသာကျမ်း</name>
        <name lang="nb">Nepali, stavekontroll og synonymordbok</name>
        <name lang="ne">नेपाली हिज्जे शब्दकोश, र योजकचिन्ह राख्ने कार्य नियमहरू</name>
        <name lang="nl">Nepalees spelling woordenboek en woordafbrekingsregels</name>
        <name lang="nn">Nepali, stavekontroll og synonymordbok</name>
        <name lang="nr">Nepali spelling dictionary, and thesaurus</name>
        <name lang="nso">Nepali spelling dictionary, and thesaurus</name>
        <name lang="oc">Diccionari ortografic pel nepalés</name>
        <name lang="om">Nepali spelling dictionary, and thesaurus</name>
        <name lang="or">ନେପାଳୀ ବନାନ ଅବିଧାନ, ଏବଂ ଶବ୍ଦାକୋଷ</name>
        <name lang="pa-IN">ਨੇਪਾਲੀ ਸਪੈਲਿੰਗ ਡਿਕਸ਼ਨਰੀ, ਅਤੇ ਹਾਈਫਨੇਸ਼ਨ ਰੂਲ</name>
        <name lang="pl">Nepalski słownik ortograficzny i wyrazów bliskoznacznych</name>
        <name lang="pt">Dicionário ortográfico e sinónimos em nepalês</name>
        <name lang="pt-BR">Dicionário ortográfico e sinônimos em nepalês</name>
        <name lang="ro">Dicționar ortografic și de sinonime pentru nepaleză</name>
        <name lang="ru">Непальский орфографический словарь и тезаурус</name>
        <name lang="rw">Nepali spelling dictionary, and thesaurus</name>
        <name lang="sa-IN">नेपाली वर्णविन्यासकोशः तथा च कोशः</name>
        <name lang="sat">नेपाली बानान ञेल साबाद गादेल, आर मित् लेकान मानेयानाक् साबाद गादेल बाबोत </name>
        <name lang="sd">نيپالي هجي ڊڪشنري، ۽ پريايواچي ڪوش</name>
        <name lang="si">Nepali spelling dictionary, and thesaurus</name>
        <name lang="sid">Nepaalete fidalishshinna xaadigurchu qaallate fichaancho</name>
        <name lang="sk">Nepálsky slovník na kontrolu pravopisu a tezaurus</name>
        <name lang="sl">Nepalski jezik – slovar za preverjanje črkovanja in slovar sopomenk</name>
        <name lang="sq">Fjalor drejtshkrimi Nepali, dhe enciklopedi</name>
        <name lang="sr">Непалски: провера писања и речник синонима</name>
        <name lang="sr-Latn">Nepalski: provera pisanja i rečnik sinonima</name>
        <name lang="ss">Nepali spelling dictionary, and thesaurus</name>
        <name lang="st">Nepali spelling dictionary, and thesaurus</name>
        <name lang="sv">Stavningsordlista och synonymordbok på nepali</name>
        <name lang="sw-TZ">Nepali spelling dictionary, and thesaurus</name>
        <name lang="szl">Nepalski słownik ôrtograficzny i słownik synōnimōw</name>
        <name lang="ta">நேபாளி எழுத்துக்கூட்டு அகராதி மற்றும் நிகண்டு</name>
        <name lang="te">నేపాలీ  వుచ్ఛారణా నిఘంటువు, మరియు పదకోశాలు</name>
        <name lang="tg">Nepali spelling dictionary, and thesaurus</name>
        <name lang="th">พจนานุกรมสะกดคำ และอรรถาภิธานภาษาเนปาล</name>
        <name lang="tn">Nepali spelling dictionary, and thesaurus</name>
        <name lang="tr">Nepalce imla sözlüğü ve eş anlamlılar</name>
        <name lang="ts">Nepali spelling dictionary, and thesaurus</name>
        <name lang="tt">Непал теленең орфография сүзлеге һәм тезаурус</name>
        <name lang="ug">نېپالچە ئىملا ۋە مەنىداش سۆزلەر لۇغىتى</name>
        <name lang="uk">Непальський орфографічний словник та тезаурус</name>
        <name lang="uz">Nepali spelling dictionary, and thesaurus</name>
        <name lang="ve">Nepali spelling dictionary, and thesaurus</name>
        <name lang="vec">Disionaro ortogràfego Nepałeze e disionaro de i sinònemi</name>
        <name lang="vi">Từ điển chính tả, đồng nghĩa Nepali</name>
        <name lang="xh">Nepali spelling dictionary, and thesaurus</name>
        <name lang="zh-CN">尼泊尔语拼写词典与同义词库</name>
        <name lang="zh-TW">尼泊爾文拼寫詞典、同義詞庫</name>
        <name lang="zu">Nepali spelling dictionary, and thesaurus</name>
    </display-name>
    <platform value="all" />
    <dependencies>
        <OpenOffice.org-minimal-version value="3.0" d:name="OpenOffice.org 3.0" />
    </dependencies>
</description>

