<?xml version="1.0" encoding="UTF-8"?>
<description xmlns="http://openoffice.org/extensions/description/2006" xmlns:d="http://openoffice.org/extensions/description/2006"  xmlns:xlink="http://www.w3.org/1999/xlink">
    <version value="2016.04.03" />
    <identifier value="org.openoffice.hr.hunspell.dictionaries" />
    <display-name>
        <name lang="en-US">Croatian spelling dictionary, and hyphenation rules</name>
        <name lang="af">Kroatiese spelling woordeboek en koppelteken reëls</name>
        <name lang="am">Croatian spelling dictionary, and hyphenation rules</name>
        <name lang="ar">قاموس التدقيق الإملائي للُّغة الكرواتية، وقواعد الواصلة</name>
        <name lang="as">ক্ৰোএছীয়ান বানান শব্দকোষ, আৰু হাইফেনেষণ নিয়মসমূহ</name>
        <name lang="ast">Diccionariu ortográficu y regles de separtación silábica pal croata</name>
        <name lang="be">Харвацкі правапісны слоўнік і правілы пераносаў</name>
        <name lang="bg">Хърватски речници за правопис и сричкопренасяне</name>
        <name lang="bn">Croatian spelling dictionary, and hyphenation rules</name>
        <name lang="bn-IN">ক্রোয়েশিয়ান বানান পরীক্ষণের অভিধান এবং হাইফেন প্রয়োগের নিয়ম</name>
        <name lang="bo">Croatian spelling dictionary, and hyphenation rules</name>
        <name lang="br">Geriadur ar reizhskrivañ ha reolennoù an troc'hañ-gerioù evit ar c'hroateg</name>
        <name lang="brx">Croatian spelling dictionary, and hyphenation rules</name>
        <name lang="bs">Rječnik pravopisa i pravila rastavljanja riječi na kraju reda za hrvatski jezik</name>
        <name lang="ca">Croat: corrector ortogràfic i partició de mots</name>
        <name lang="ca-valencia">Croat: corrector ortogràfic i partició de mots</name>
        <name lang="ckb">فەرهەنگی ڕێنووسی زمانی کرواتی، یاساکانی ڕێزمانی</name>
        <name lang="cs">Slovník kontroly pravopisu a dělení slov pro chorvatštinu</name>
        <name lang="cy">Croatieg - geiriadur sillafu a rheolau cyplysnodi</name>
        <name lang="da">Kroatisk stavekontrol og orddelingsregler</name>
        <name lang="de">Kroatisches Wörterbuch für Rechtschreibprüfung und Silbentrennung</name>
        <name lang="dgo">क्रोशियन शब्द-जोड़ शब्दकोश ते जोड़-चिʼन्नीकरण नियम</name>
        <name lang="dsb">Chorwatski pšawopisny słownik a pšawidła źělenja złožkow</name>
        <name lang="dz">Croatian spelling dictionary, and hyphenation rules</name>
        <name lang="el">Κροατικό ορθογραφικό λεξικό και συλλαβισμός</name>
        <name lang="en-GB">Croatian spelling dictionary, and hyphenation rules</name>
        <name lang="en-ZA">Croatian spelling dictionary, and hyphenation rules</name>
        <name lang="eo">Kroata ortografia vortaro, vortdividaj reguloj</name>
        <name lang="es">Croata: corrector ortográfico y reglas de corte de palabras</name>
        <name lang="et">Horvaadi keele õigekirjakontrolli sõnastik ja poolitusreeglid</name>
        <name lang="eu">Kroazieraren ortografia-egiaztatzailea eta hitzak zatitzeko arauak</name>
        <name lang="fa">واژه‌نامه املایی، و قواعد خط‌فاصله‌گذاری کرواتی</name>
        <name lang="fi">Kroatian oikolukusanasto ja tavutussäännöt</name>
        <name lang="fr">Dictionnaire orthographique et règles de coupure des mots croates</name>
        <name lang="fur">Dizionari ortografic cravuat e regulis di silabazion</name>
        <name lang="fy">Kroatysk wurdboek foar stavering, en wurdôfbrekkingsregels</name>
        <name lang="ga">Foclóir litrithe agus fleiscínithe don Chróitis</name>
        <name lang="gd">Faclair litreachadh ⁊ riaghailtean tàthanachadh na Cròthaise</name>
        <name lang="gl">Dicionario ortográfico e guionizador do croata</name>
        <name lang="gu">ક્રોએટિયન જોડણી ચકાસણી શબ્દકોષ, અને હાઇફનેશન નિયમો</name>
        <name lang="gug">Croata: corrector ortográfico ha división ñe'ẽgui</name>
        <name lang="he">רשימת מילים לבודק איות וכללי מיקוף בקרואטית</name>
        <name lang="hi">क्रोशियाई वर्तनी शब्दकोश और समासन नियम</name>
        <name lang="hr">Provjera pravopisa i rastavljanje riječi za hrvatski jezik</name>
        <name lang="hsb">Chorwatski prawopisny słownik a prawidła dźělenja złóžkow</name>
        <name lang="hu">Horvát helyesírási szótár és elválasztási szabályok</name>
        <name lang="id">Kamus ejaan dan aturan pemutusan suku kata bahasa Kroasia</name>
        <name lang="is">Króatískt stafsetningarorðasafn og orðskiptireglur</name>
        <name lang="it">Dizionario ortografico croato e regole di sillabazione</name>
        <name lang="ja">クロアチア語スペル辞書とハイフネーション規則</name>
        <name lang="ka">Croatian spelling dictionary, and hyphenation rules</name>
        <name lang="kab">Amawal n teɣdira d ilugan n unegzum n wawalen n tkarwasit</name>
        <name lang="kk">Хорват емле сөздігі және тасымалдау ережелері</name>
        <name lang="km">វចនានុក្រម​អក្ខរាវិរុទ្ធ​ភាសា​ក្រូអាត និង​គោលការណ៍​ដាក់​សហសញ្ញា</name>
        <name lang="kmr-Latn">Croatian spelling dictionary, and hyphenation rules</name>
        <name lang="kn">ಕ್ರೊಯೆಷಿಯನ್ ಕಾಗುಣಿತ ಶಬ್ಧಕೋಶ, ಹೈಫನೇಶನ್ ನಿಯಮಗಳು</name>
        <name lang="ko">크로아티아어 맞춤법 사전 및 하이픈 규칙</name>
        <name lang="kok">क्रोएशियन वर्णरचना शब्दकोश, आनी संयोगचिन्नाचे नेमCroatiachem OkxorRochona Xobdkox ani Xobdkox, somyog chinna Niyom</name>
        <name lang="ks">Croatian spelling dictionary, and hyphenation rules</name>
        <name lang="lb">Croatian spelling dictionary, and hyphenation rules</name>
        <name lang="lo">ພົດຈະນານຸກົມສະກົດຄຳພາສາ Croatian, ແລະ ກົດລະບຽບການເຊື່ອມໂຍງ</name>
        <name lang="lt">Kroatų kalbos rašybos tikrinimo ir žodžių kėlybos žodynai</name>
        <name lang="lv">Horvātu pareizrakstības vārdnīca un zilbjdales kārtulas</name>
        <name lang="mai">Croatian spelling dictionary, and hyphenation rules</name>
        <name lang="mk">Croatian spelling dictionary, and hyphenation rules</name>
        <name lang="ml">ക്രൊയേഷ്യന്‍ സ്പെല്ലിങ് നിഘണ്ടുവും ഹൈഫനേഷന്‍ നിയമങ്ങളും.</name>
        <name lang="mn">Хорват хэлний зөв бичгийн ба үеэр таслах дүрмийн толь бичиг</name>
        <name lang="mni">ক্রোসিযান বানানগী দিক্সনারি, অমসুং হাইফেনেসনগী রুলশিং</name>
        <name lang="mr">क्रोएशियन शुध्दलेखन शब्दकोश, व हायफेनेशन नियम</name>
        <name lang="my">Croatian spelling dictionary, and hyphenation rules</name>
        <name lang="nb">Kroatisk stavekontroll og orddeling</name>
        <name lang="ne">क्रोएशियाई हिज्जे शब्दकोश, र योजकचिन्ह राख्ने कार्य नियमहरू</name>
        <name lang="nl">Kroatisch spelling woordenboek en woordafbrekingsregels</name>
        <name lang="nn">Kroatisk stavekontroll og orddeling</name>
        <name lang="nr">Croatian spelling dictionary, and hyphenation rules</name>
        <name lang="nso">Croatian spelling dictionary, and hyphenation rules</name>
        <name lang="oc">Diccionari ortografic e règlas de copadura dels mots croats</name>
        <name lang="om">Croatian spelling dictionary, and hyphenation rules</name>
        <name lang="or">କ୍ରୋଏସିଆନ ବନାନ ଅବିଧାନ, ଏବଂ ସମାସ ଚିହ୍ନ ନିୟମାବଳୀ</name>
        <name lang="pa-IN">ਕਰੋਆਟੀਅਨ ਸਪੈਲਿੰਗ ਡਿਕਸ਼ਨਰੀ, ਅਤੇ ਹਾਈਫਨੇਸ਼ਨ ਰੂਲ</name>
        <name lang="pl">Chorwacki słownik ortograficzny i reguły dzielenia wyrazów</name>
        <name lang="pt">Dicionário ortográfico e regras de hifenização em croata</name>
        <name lang="pt-BR">Dicionário ortográfico e regras de hifenização em croata</name>
        <name lang="ro">Dicționar ortografic și reguli de despărțire în silabe pentru croată</name>
        <name lang="ru">Хорватский орфографический словарь и правила переноса</name>
        <name lang="rw">Croatian spelling dictionary, and hyphenation rules</name>
        <name lang="sa-IN">क्रोशियन् वर्णविन्यासकोशः तथा च समासकरणनियमाः</name>
        <name lang="sat">क्रोएसन बानान ञेल साबाद गादेल, फारका गार नियोम को</name>
        <name lang="sd">ڪروشين هجي ڊڪشنري ۽ ننڍي ليڪ (-) ڏيڻ جا قاعدا</name>
        <name lang="si">Croatian spelling dictionary, and hyphenation rules</name>
        <name lang="sid">Kirooshaanete fidalishshsi qaallate fichaanchonna haawiiccisha wodho</name>
        <name lang="sk">Chorvátsky slovník na kontrolu pravopisu a pravidlá na delenie slov</name>
        <name lang="sl">Hrvaški jezik – slovar za preverjanje črkovanja in vzorci za deljenje besed</name>
        <name lang="sq">Fjalori i drejtshkrimit kroat, dhe rregullat e rrokjezimit</name>
        <name lang="sr">Хрватски: провера писања и прелом речи</name>
        <name lang="sr-Latn">Hrvatski: provera pisanja i prelom reči</name>
        <name lang="ss">Croatian spelling dictionary, and hyphenation rules</name>
        <name lang="st">Croatian spelling dictionary, and hyphenation rules</name>
        <name lang="sv">Stavningsordlista och böjningsregler för Kroatiska</name>
        <name lang="sw-TZ">Croatian spelling dictionary, and hyphenation rules</name>
        <name lang="szl">Chorwacki słownik ôrtograficzny i prawidła dzielynio słōw</name>
        <name lang="ta">குரோஷிய எழுத்துக்கூட்டு அகராதி மற்றும் நடுக்கோடு தொடர்பான விதிகள்</name>
        <name lang="te">క్రొయేటియన్ వుచ్ఛారణా నిఘంటువు, మరియు హైఫనేషన్ నియమాలు</name>
        <name lang="tg">Croatian spelling dictionary, and hyphenation rules</name>
        <name lang="th">พจนานุกรมสะกดคำและกฎการแทรกยัติภังค์ภาษาโครเอเชีย</name>
        <name lang="tn">Croatian spelling dictionary, and hyphenation rules</name>
        <name lang="tr">Hırvatça imla sözlüğü ve heceleme kuralları</name>
        <name lang="ts">Croatian spelling dictionary, and hyphenation rules</name>
        <name lang="tt">Хорват теленең орфография сүзлеге һәм күчерү кагыдәләре</name>
        <name lang="ug">خورۋاتچە ئىملا لۇغىتى ۋە ھەرپ ئۇلاش قائىدىسى</name>
        <name lang="uk">Хорватський орфографічний словник та правила переносу</name>
        <name lang="uz">Croatian spelling dictionary, and hyphenation rules</name>
        <name lang="ve">Croatian spelling dictionary, and hyphenation rules</name>
        <name lang="vec">Disionaro ortogràfego Croato e règołe de siłabasion</name>
        <name lang="vi">Từ điển chính tả, luật ngạch ngang Croatian</name>
        <name lang="xh">Croatian spelling dictionary, and hyphenation rules</name>
        <name lang="zh-CN">克罗地亚语拼写词典与断词规则</name>
        <name lang="zh-TW">克羅埃西亞文拼寫詞典、斷字與禁忌規則</name>
        <name lang="zu">Croatian spelling dictionary, and hyphenation rules</name>
    </display-name>
    <platform value="all" />
    <dependencies>
        <OpenOffice.org-minimal-version value="3.0" d:name="OpenOffice.org 3.0" />
    </dependencies>
</description>
