<?xml version="1.0" encoding="UTF-8"?>
<description xmlns="http://openoffice.org/extensions/description/2006" xmlns:d="http://openoffice.org/extensions/description/2006"  xmlns:xlink="http://www.w3.org/1999/xlink">
    <version value="2008.07.01" />
    <identifier value="org.openoffice.et.hunspell.dictionaries" />
    <display-name>
        <name lang="en-US">Estonian spelling dictionary, and hyphenation rules</name>
        <name lang="af">Estoniese spelling woordebook, en koppelteken reëls</name>
        <name lang="am">Estonian spelling dictionary, and hyphenation rules</name>
        <name lang="ar">قاموس التدقيق الإملائي للُّغة الأستونية وقواعد الواصلة</name>
        <name lang="as">ইস্টোনিয়ান বানান শব্দকোষ, আৰু হাইফেনেষণ বিন্যাসসমূহ</name>
        <name lang="ast">Diccionariu ortográficu y sinónimos pal estoniu</name>
        <name lang="be">Эстонскі правапісны слоўнік і правілы пераносаў</name>
        <name lang="bg">Естонски речници за правопис и сричкопренасяне</name>
        <name lang="bn">Estonian spelling dictionary, and hyphenation rules</name>
        <name lang="bn-IN">এস্তোনিয়ান বানান পরীক্ষণের অভিধান এবং হাইফেন প্রয়োগের নিয়ম</name>
        <name lang="bo">Estonian spelling dictionary, and hyphenation rules</name>
        <name lang="br">Geriadur ar reizhskrivañ ha reolennoù an troc'hañ-gerioù evit an estoneg</name>
        <name lang="brx">Estonian spelling dictionary, and hyphenation rules</name>
        <name lang="bs">Rječnik pravopisa i pravila rastavljanja riječi na kraju reda za estonski jezik</name>
        <name lang="ca">Estonià: corrector ortogràfic i partició de mots</name>
        <name lang="ca-valencia">Estonià: corrector ortogràfic i partició de mots</name>
        <name lang="ckb">فەرهەنگی ڕێنووسی زمانی ئەستۆنی، یاساکانی ڕێزمانی</name>
        <name lang="cs">Slovník kontroly pravopisu a dělení slov pro estonštinu</name>
        <name lang="cy">Estoneg - geiriadur sillafu a rheolau cyplysnodi</name>
        <name lang="da">Estisk stavekontrol og orddelingsregler</name>
        <name lang="de">Estnisches Wörterbuch für Rechtschreibprüfung und Silbentrennung</name>
        <name lang="dgo">इस्तोनियन शब्द-जोड़ शब्दकोश ते जोड़-चिʼन्नीकरण नियम</name>
        <name lang="dsb">Estniski pšawopisny słownik a pšawidła źělenja złožkow</name>
        <name lang="dz">Estonian spelling dictionary, and hyphenation rules</name>
        <name lang="el">Εσθονικό ορθογραφικό λεξικό και συλλαβισμός</name>
        <name lang="en-GB">Estonian spelling dictionary, and hyphenation rules</name>
        <name lang="en-ZA">Estonian spelling dictionary, and hyphenation rules</name>
        <name lang="eo">Estona ortografia vortaro, kaj vortdividaj reguloj</name>
        <name lang="es">Estonio: corrector ortográfico y reglas de corte de palabras</name>
        <name lang="et">Eesti keele õigekirjakontrolli sõnastik ja poolitusreeglid</name>
        <name lang="eu">Estonierazko ortografia-egiaztatzailea eta hitzak zatitzeko arauak</name>
        <name lang="fa">واژه‌نامه املایی، و قواعد خط‌فاصله‌گذاری استونیایی</name>
        <name lang="fi">Viron oikolukusanasto ja tavutussäännöt</name>
        <name lang="fr">Dictionnaire orthographique et règles de coupure des mots estoniens</name>
        <name lang="fur">Dizionari ortografic eston e regulis di silabazion</name>
        <name lang="fy">Estonysk wurdboek foar stavering, en wurdôfbrekkingsregels</name>
        <name lang="ga">Foclóir litrithe agus fleiscínithe don Eastóinis</name>
        <name lang="gd">Faclair litreachadh ⁊ riaghailtean tàthanachadh na h-Eastonaise</name>
        <name lang="gl">Dicionario ortográfico e guionizador do estonio</name>
        <name lang="gu">એસ્ટોનિયન જોડણી ચકાસણી શબ્દકોષ, અને હાઇફનેશન નિયમો</name>
        <name lang="gug">Estonio: corrector ortográfico ha división ñe'ẽgui</name>
        <name lang="he">מילון לבודק איות וכללי מיקוף באסטונית</name>
        <name lang="hi">इस्टोनियाई वर्तनी शब्दकोश और समासन नियम</name>
        <name lang="hr">Provjera pravopisa i rastavljanje riječi estonskog jezika</name>
        <name lang="hsb">Estiski prawopisny słownik a prawidła dźělenja złóžkow</name>
        <name lang="hu">Észt helyesírási szótár és elválasztási szabályok</name>
        <name lang="id">Kamus ejaan dan aturan pemutusan suku kata bahasa Estonia.</name>
        <name lang="is">Eistneskt stafsetningarorðasafn og orðskiptireglur</name>
        <name lang="it">Dizionario ortografico estone e regole di sillabazione</name>
        <name lang="ja">エストニア語スペル辞書とハイフネーション規則</name>
        <name lang="ka">Estonian spelling dictionary, and hyphenation rules</name>
        <name lang="kab">Amawal n teɣdira d ilugan n unegzum n wawalen n tesṭunit</name>
        <name lang="kk">Эстон емле сөздігі және тасымалдау ережелері</name>
        <name lang="km">វចនានុក្រម​អក្ខរាវិរុទ្ធ​ភាសា​អេស្តូនី និង​គោលការណ៍​ដាក់​សហសញ្ញា</name>
        <name lang="kmr-Latn">Estonian spelling dictionary, and hyphenation rules</name>
        <name lang="kn">ಎಸ್ಟೋನಿಯನ್ ಕಾಗುಣಿತ ಶಬ್ಧಕೋಶ, ಹೈಫನೇಶನ್ ನಿಯಮಗಳು</name>
        <name lang="ko">에스토니아어 맞춤법 사전 및 하이픈 규칙</name>
        <name lang="kok">ऍस्टोनियन वर्णरचना शब्दकोश आनी संयोगचिन्नाचे नेमEstoniachem OkxorRochona Xobdkox ani Xobdkox, somyog chinna Niyom</name>
        <name lang="ks">Estonian spelling dictionary, and hyphenation rules</name>
        <name lang="lb">Estonian spelling dictionary, and hyphenation rules</name>
        <name lang="lo">ພົດຈະນານຸກົມສະກົດຄຳພາສາ Estonian, ແລະ ກົດລະບຽບການເຊື່ອມໂຍງ</name>
        <name lang="lt">Estų kalbos rašybos tikrinimo ir žodžių kėlybos žodynai</name>
        <name lang="lv">Igauņu pareizrakstības vārdnīca un zilbjdales kārtulas</name>
        <name lang="mai">Estonian spelling dictionary, and hyphenation rules</name>
        <name lang="mk">Estonian spelling dictionary, and hyphenation rules</name>
        <name lang="ml">എസ്റ്റോണിയന്‍ സ്പെല്ലിങ് നിഘണ്ടുവും ഹൈഫനേഷന്‍ നിയമങ്ങളും.</name>
        <name lang="mn">Эстонь хэлний зөв бичгийн ба үеэр таслах дүрмийн толь бичиг</name>
        <name lang="mni">ইস্তোনিযান বানানগী দিক্সনারি, হাইফেনেসনগী রুলশিং</name>
        <name lang="mr">इस्टोनियन शुध्दलेखन शब्दकोश, व हायफेनेशन नियम</name>
        <name lang="my">Estonian spelling dictionary, and hyphenation rules</name>
        <name lang="nb">Estisk stavekontroll og orddeling</name>
        <name lang="ne">ऐस्तोनियन् हिज्जे शब्दकोश, र योजकचिन्ह राख्ने कार्य नियमहरू</name>
        <name lang="nl">Ests spelling woordenboek, woordafbrekingsregels</name>
        <name lang="nn">Estisk stavekontroll og orddeling</name>
        <name lang="nr">Estonian spelling dictionary, and hyphenation rules</name>
        <name lang="nso">Estonian spelling dictionary, and hyphenation rules</name>
        <name lang="oc">Diccionari ortografic e règlas de copadura dels mots estonians</name>
        <name lang="om">Estonian spelling dictionary, and hyphenation rules</name>
        <name lang="or">ଏଷ୍ଟୋନିଆନ ବନାନ ଅବିଧାନ, ଏବଂ ସମାସ ଚିହ୍ନ ନିୟମାବଳୀ</name>
        <name lang="pa-IN">ਇਸਟੋਨੀਆ ਸਪੈਲਿੰਗ ਡਿਕਸ਼ਨਰੀ, ਅਤੇ ਹਾਈਫਨੇਸ਼ਨ ਰੂਲ</name>
        <name lang="pl">Estoński słownik ortograficzny i reguły dzielenia wyrazów</name>
        <name lang="pt">Dicionário ortográfico e regras de hifenização em estónio</name>
        <name lang="pt-BR">Dicionário ortográfico e regras de hifenização em estônio</name>
        <name lang="ro">Dicționar ortografic și reguli de despărțire în silabe pentru estonă</name>
        <name lang="ru">Эстонский орфографический словарь и правила переноса</name>
        <name lang="rw">Estonian spelling dictionary, and hyphenation rules</name>
        <name lang="sa-IN">एस्टोनियन् वर्णविन्यासकोशः तथा च समासकरणनियमाः</name>
        <name lang="sat">इस्टोनियान बानान ञेल साबाद गादेल, फारका गार नियोम को</name>
        <name lang="sd">ايسٽونين هجي ڊڪشنري، ۽ ننڍي ليڪ (-) ڏيڻ جا قاعدا</name>
        <name lang="si">Estonian spelling dictionary, and hyphenation rules</name>
        <name lang="sid">Estoonete fidalishshi qaallate fichaanchonna haawiiccisha wodhuwa</name>
        <name lang="sk">Estónsky slovník na kontrolu pravopisu a pravidlá na delenie slov</name>
        <name lang="sl">Estonski jezik – slovar za preverjanje črkovanja in vzorci za deljenje besed</name>
        <name lang="sq">Fjalor drejtshkrimi Estonian, dhe rregulla fonetike</name>
        <name lang="sr">Естонски: провера писања и прелом речи</name>
        <name lang="sr-Latn">Estonski: provera pisanja i prelom reči</name>
        <name lang="ss">Estonian spelling dictionary, and hyphenation rules</name>
        <name lang="st">Estonian spelling dictionary, and hyphenation rules</name>
        <name lang="sv">Stavningsordlista och avstavningsregler för estniska</name>
        <name lang="sw-TZ">Estonian spelling dictionary, and hyphenation rules</name>
        <name lang="szl">Estōński słownik ôrtograficzny i prawidła dzielynio słōw</name>
        <name lang="ta">எஸ்போனிய எழுத்துக்கூட்டு அகராதி மற்றும் நடுக்கோடு தொடர்பான விதிகள்</name>
        <name lang="te">ఎస్తోనియన్ వుచ్ఛారణా నిఘంటువు, మరియు హైఫనేషన్ నియమాలు</name>
        <name lang="tg">Estonian spelling dictionary, and hyphenation rules</name>
        <name lang="th">พจนานุกรมสะกดคำ และกฎการแทรกยัติภังค์ภาษาเอสโตเนีย</name>
        <name lang="tn">Estonian spelling dictionary, and hyphenation rules</name>
        <name lang="tr">Estonya dili imla sözlüğü ve heceleme kuralları</name>
        <name lang="ts">Estonian spelling dictionary, and hyphenation rules</name>
        <name lang="tt">Эстон теленең орфография сүзлеге һәм күчерү кагыдәләре</name>
        <name lang="ug">خورۋاتچە ئىملا لۇغىتى ۋە ھەرپ ئۇلاش قائىدىسى</name>
        <name lang="uk">Естонський орфографічний словник та правила переносу</name>
        <name lang="uz">Estonian spelling dictionary, and hyphenation rules</name>
        <name lang="ve">Estonian spelling dictionary, and hyphenation rules</name>
        <name lang="vec">Disionaro ortogràfego Èstone e règołe de siłabasion</name>
        <name lang="vi">Từ điển chính tả, luật ngạch ngang Estionian</name>
        <name lang="xh">Estonian spelling dictionary, and hyphenation rules</name>
        <name lang="zh-CN">爱沙尼亚语拼写词典与断词规则</name>
        <name lang="zh-TW">愛沙尼亞文拼寫詞典、斷字與禁忌規則</name>
        <name lang="zu">Estonian spelling dictionary, and hyphenation rules</name>
    </display-name>
    <platform value="all" />
    <dependencies>
        <OpenOffice.org-minimal-version value="3.0" d:name="OpenOffice.org 3.0" />
    </dependencies>
</description>

