<?xml version="1.0" encoding="UTF-8"?>
<description xmlns="http://openoffice.org/extensions/description/2006" xmlns:d="http://openoffice.org/extensions/description/2006"  xmlns:xlink="http://www.w3.org/1999/xlink">
    <version value="3.3.0" />
    <identifier value="brazilian.portuguese.reform1990-dictionary.from.vero.by.raimundomoura" />
    <display-name>
        <name lang="en-US">Spelling, thesaurus, hyphenation and grammar checking tools for Brazilian Portuguese</name>
        <name lang="af">Spelling, thesaurus, afkapping en grammatika toetser nutsprogramme vir Brasiliaanse Portugees</name>
        <name lang="am">Spelling, thesaurus, hyphenation and grammar checking tools for Brazilian Portuguese</name>
        <name lang="ar">أدوات التدقيق الإملائي والمترادفات والواصلة والنحو للبرتغالية البرازيلية</name>
        <name lang="as">Spelling, thesaurus, hyphenation and grammar checking tools for Brazilian Portuguese</name>
        <name lang="ast">Correutor ortográficu y gramatical, sinónimos y separación de palabres del portugués brasileñu</name>
        <name lang="be">Spelling, thesaurus, hyphenation and grammar checking tools for Brazilian Portuguese</name>
        <name lang="bg">Проверка на правопис и граматика, сричкопренасяне и синонимен речник за бразилски португалски</name>
        <name lang="bn">Spelling, thesaurus, hyphenation and grammar checking tools for Brazilian Portuguese</name>
        <name lang="bn-IN">Spelling, thesaurus, hyphenation and grammar checking tools for Brazilian Portuguese</name>
        <name lang="bo">Spelling, thesaurus, hyphenation and grammar checking tools for Brazilian Portuguese</name>
        <name lang="br">Spelling, thesaurus, hyphenation and grammar checking tools for Brazilian Portuguese</name>
        <name lang="brx">Spelling, thesaurus, hyphenation and grammar checking tools for Brazilian Portuguese</name>
        <name lang="bs">Spelling, thesaurus, hyphenation and grammar checking tools for Brazilian Portuguese</name>
        <name lang="ca">Portuguès (Brasil): corrector ortogràfic i gramatical, tesaurus i partició de mots</name>
        <name lang="ca-valencia">Portugués (Brasil): corrector ortogràfic i gramatical, tesaurus i partició de mots</name>
        <name lang="ckb">Spelling, thesaurus, hyphenation and grammar checking tools for Brazilian Portuguese</name>
        <name lang="cs">Slovník kontroly pravopisu, dělení slov, slovník synonym a kontrola gramatiky pro brazilskou portugalštinu</name>
        <name lang="cy">Portiwgaleg Brasil - offer gwirio sillafu a gramadeg, thesawrws a chyplysnodi</name>
        <name lang="da">Retskrivnings-, synonym-, orddelings- og grammatikkontrol-værktøj til brasiliansk portugesisk</name>
        <name lang="de">Rechtschreibung, Thesaurus, Silbentrennung und Grammatikprüfung für brasilianisches Portugiesisch</name>
        <name lang="dgo">Spelling, thesaurus, hyphenation and grammar checking tools for Brazilian Portuguese</name>
        <name lang="dsb">Pšawopis, tezawrus, źělenje złožkow a kontrola gramatiki za brazilsku portugišćinu</name>
        <name lang="dz">Spelling, thesaurus, hyphenation and grammar checking tools for Brazilian Portuguese</name>
        <name lang="el">Εργαλεία ελέγχου ορθογραφίας, θησαυρού, συλλαβισμού και γραμματικής για τα Πορτογαλικά Βραζιλίας</name>
        <name lang="en-GB">Spelling, thesaurus, hyphenation and grammar checking tools for Brazilian Portuguese</name>
        <name lang="en-ZA">Spelling, thesaurus, hyphenation and grammar checking tools for Brazilian Portuguese</name>
        <name lang="eo">Literumado, tezaŭro, vortdivido, kaj gramatikokontrolilo por la brazila portugala</name>
        <name lang="es">Portugués (Brasil): corrector ortográfico y gramatical, sinónimos y reglas de corte de palabras</name>
        <name lang="et">Brasiilia portugali keele õigekirjakontrolli-, poolitus- ja grammatikakontrollitööriistad ning tesaurus</name>
        <name lang="eu">Brasilgo portugesaren ortografia-egiaztatzailea, sinonimoen hiztegia eta hitzak zatitzeko arauak</name>
        <name lang="fa">ابزارهای بررسی املایی، اطلاعا  و دستور زبانی برای پرتغالی های برزیلی</name>
        <name lang="fi">Oikoluku-, synonyymisanasto-, tavutus- ja kieliopin tarkistustyökalut brasilianportugalille</name>
        <name lang="fr">Correcteurs orthographique, grammatical et dictionnaire de coupure des mots pour le Portugais brésilien</name>
        <name lang="fur">Spelling, thesaurus, hyphenation and grammar checking tools for Brazilian Portuguese</name>
        <name lang="fy">Helpmiddels foar kontrôle fan stavering, synonimen, wurdôfbrekken en grammatika foar Braziliaansk Portugeesk</name>
        <name lang="ga">Spelling, thesaurus, hyphenation and grammar checking tools for Brazilian Portuguese</name>
        <name lang="gd">Spelling, thesaurus, hyphenation and grammar checking tools for Brazilian Portuguese</name>
        <name lang="gl">Ferramentas de corrección ortográfica, sinónimos, guionización e gramática do portugués brasileiro</name>
        <name lang="gu">Spelling, thesaurus, hyphenation and grammar checking tools for Brazilian Portuguese</name>
        <name lang="gug">Spelling, thesaurus, hyphenation and grammar checking tools for Brazilian Portuguese</name>
        <name lang="he">מילון בדיקת איות, אוצר מילים, כללי מיקוף וכלי בדיקת תחביר בפורטוגלית ברזילאית</name>
        <name lang="hi">Spelling, thesaurus, hyphenation and grammar checking tools for Brazilian Portuguese</name>
        <name lang="hr">Pravopisni rječnik, tezaurus, rastavljanje riječi i gramatika brazilskog portugalskog jezika</name>
        <name lang="hsb">Prawopis, tezawrus, dźělenje złóžkow a gramatikowa kontrola za brazilsku portugalšćinu</name>
        <name lang="hu">Brazíliai portugál helyesírási, szinomimaszótár, elválasztási és nyelvhelyesség-ellenőrzési eszközök</name>
        <name lang="id">Alat pemeriksa ejaan, tesaurus, tanda hubung, dan tata bahasa untuk bahasa Portugis Brasil</name>
        <name lang="is">Brasilísk-portúgalskt stafsetningarorðasafn, orðskiptireglur, samheitaorðasafn og málfræðiyfirferð</name>
        <name lang="it">Strumenti di controllo ortografico, dei sinonimi, di sillabazione e grammaticale per il Portoghese brasiliano</name>
        <name lang="ja">ポルトガル語（ブラジル）用のスペル、ハイフネーションと文法チェックツール</name>
        <name lang="ka">Spelling, thesaurus, hyphenation and grammar checking tools for Brazilian Portuguese</name>
        <name lang="kab">Spelling, thesaurus, hyphenation and grammar checking tools for Brazilian Portuguese</name>
        <name lang="kk">Португал (Бразилия) емле сөздігі, тасымалдау ережелері, тезаурус және грамматиканы тексеру құралдары</name>
        <name lang="km">Spelling, thesaurus, hyphenation and grammar checking tools for Brazilian Portuguese</name>
        <name lang="kmr-Latn">Spelling, thesaurus, hyphenation and grammar checking tools for Brazilian Portuguese</name>
        <name lang="kn">Spelling, thesaurus, hyphenation and grammar checking tools for Brazilian Portuguese</name>
        <name lang="ko">Spelling, thesaurus, hyphenation and grammar checking tools for Brazilian Portuguese</name>
        <name lang="kok">Spelling, thesaurus, hyphenation and grammar checking tools for Brazilian Portuguese</name>
        <name lang="ks">Spelling, thesaurus, hyphenation and grammar checking tools for Brazilian Portuguese</name>
        <name lang="lb">Spelling, thesaurus, hyphenation and grammar checking tools for Brazilian Portuguese</name>
        <name lang="lo">Spelling, thesaurus, hyphenation and grammar checking tools for Brazilian Portuguese</name>
        <name lang="lt">Portugalų (Brazilija) kalbos rašybos, gramatikos tikrinimo ir žodžių kėlybos žodynai bei tezauras</name>
        <name lang="lv">Spelling, thesaurus, hyphenation and grammar checking tools for Brazilian Portuguese</name>
        <name lang="mai">Spelling, thesaurus, hyphenation and grammar checking tools for Brazilian Portuguese</name>
        <name lang="mk">Spelling, thesaurus, hyphenation and grammar checking tools for Brazilian Portuguese</name>
        <name lang="ml">Spelling, thesaurus, hyphenation and grammar checking tools for Brazilian Portuguese</name>
        <name lang="mn">Бразилийн португал хэлний зөв бичгийн алдаа, тезаурус, зураас, дүрмийн алдаа шалгах хэрэгсэл</name>
        <name lang="mni">Spelling, thesaurus, hyphenation and grammar checking tools for Brazilian Portuguese</name>
        <name lang="mr">Spelling, thesaurus, hyphenation and grammar checking tools for Brazilian Portuguese</name>
        <name lang="my">Spelling, thesaurus, hyphenation and grammar checking tools for Brazilian Portuguese</name>
        <name lang="nb">Stave-, synonymordbok-, orddelings- og grammatikkkontrollverktøy for brasiliansk portugisisk</name>
        <name lang="ne">ब्राजिलियन पोर्तुगालीहरूको लागि हिज्जे, थिसौरस, हाइफिनेशन र व्याकरण जाँच उपकरणहरू</name>
        <name lang="nl">Spelling, thesaurus, woordafbreking en grammaticacontrole hulpmiddelen voor Braziliaans Portugees</name>
        <name lang="nn">Stave-, synonymordbok-, orddelings- og grammatikkkontrollverktøy for brasiliansk portugisisk</name>
        <name lang="nr">Spelling, thesaurus, hyphenation and grammar checking tools for Brazilian Portuguese</name>
        <name lang="nso">Spelling, thesaurus, hyphenation and grammar checking tools for Brazilian Portuguese</name>
        <name lang="oc">Corrector ortografic, tesaurus, gamatical e diccionari de copadura dels mots portugueses brasilians</name>
        <name lang="om">Spelling, thesaurus, hyphenation and grammar checking tools for Brazilian Portuguese</name>
        <name lang="or">Spelling, thesaurus, hyphenation and grammar checking tools for Brazilian Portuguese</name>
        <name lang="pa-IN">Spelling, thesaurus, hyphenation and grammar checking tools for Brazilian Portuguese</name>
        <name lang="pl">Brazylijski portugalski słownik ortograficzny, słownik wyrazów bliskoznacznych, reguły dzielenia wyrazów i narzędzia do sprawdzania gramatyki</name>
        <name lang="pt">Ortografia, sinónimos, gramática e hifenização para português do Brasil</name>
        <name lang="pt-BR">Ortografia, sinônimos, gramática e hifenização para Português do Brasil</name>
        <name lang="ro">Instrumente de verificare ortografică, gramaticală, de sinonime și reguli de despărțire în silabe pentru portugheză braziliană</name>
        <name lang="ru">Инструменты проверки орфографии, тезауруса, расстановки переносов и грамматики для португальского языка (Бразилия)</name>
        <name lang="rw">Spelling, thesaurus, hyphenation and grammar checking tools for Brazilian Portuguese</name>
        <name lang="sa-IN">Spelling, thesaurus, hyphenation and grammar checking tools for Brazilian Portuguese</name>
        <name lang="sat">Spelling, thesaurus, hyphenation and grammar checking tools for Brazilian Portuguese</name>
        <name lang="sd">Spelling, thesaurus, hyphenation and grammar checking tools for Brazilian Portuguese</name>
        <name lang="si">Spelling, thesaurus, hyphenation and grammar checking tools for Brazilian Portuguese</name>
        <name lang="sid">Spelling, thesaurus, hyphenation and grammar checking tools for Brazilian Portuguese</name>
        <name lang="sk">Slovník kontroly pravopisu, delenie slov, slovník synoným a kontrola gramatiky pre brazílsku portugalčinu</name>
        <name lang="sl">Orodja za preverjanje črkovanja, slovar sopomenk, deljenje besed in preverjanje slovnice za brazilsko portugalščino</name>
        <name lang="sq">Spelling, thesaurus, hyphenation and grammar checking tools for Brazilian Portuguese</name>
        <name lang="sr">Провера писањас, речник синонима, раздвајање слогова и провера граматике за бразилски португалски</name>
        <name lang="sr-Latn">Spelling, thesaurus, hyphenation and grammar checking tools for Brazilian Portuguese</name>
        <name lang="ss">Spelling, thesaurus, hyphenation and grammar checking tools for Brazilian Portuguese</name>
        <name lang="st">Spelling, thesaurus, hyphenation and grammar checking tools for Brazilian Portuguese</name>
        <name lang="sv">Verktyg för stavning, synonymordbok, avstavning och grammatikkontroll för brasiliansk portugisiska</name>
        <name lang="sw-TZ">Spelling, thesaurus, hyphenation and grammar checking tools for Brazilian Portuguese</name>
        <name lang="szl">Spelling, thesaurus, hyphenation and grammar checking tools for Brazilian Portuguese</name>
        <name lang="ta">Spelling, thesaurus, hyphenation and grammar checking tools for Brazilian Portuguese</name>
        <name lang="te">Spelling, thesaurus, hyphenation and grammar checking tools for Brazilian Portuguese</name>
        <name lang="tg">Spelling, thesaurus, hyphenation and grammar checking tools for Brazilian Portuguese</name>
        <name lang="th">เครื่องมือตรวจตัวสะกด, อรรถาภิธาน, และเครื่องมือตรวจไวยากรณ์ภาษาโปรตุเกสบราซิล</name>
        <name lang="tn">Spelling, thesaurus, hyphenation and grammar checking tools for Brazilian Portuguese</name>
        <name lang="tr">Brezilya Portekizcesi için yazım, eş anlamlılar, heceleme ve dil bilgisi denetimi araçları</name>
        <name lang="ts">Spelling, thesaurus, hyphenation and grammar checking tools for Brazilian Portuguese</name>
        <name lang="tt">Spelling, thesaurus, hyphenation and grammar checking tools for Brazilian Portuguese</name>
        <name lang="ug">بىرازىلىيە پورتۇگالچە ئىملا لۇغىتى، مەنىداش سۆزلەر لۇغىتى، ھەرپ ئۇلاش قائىدىسى ۋە تىلقۇرما تەكشۈرگۈچ قورالى</name>
        <name lang="uk">Словники синонімів і переносів, інструменти для перевірки орфографії та граматики для бразильської португальської</name>
        <name lang="uz">Spelling, thesaurus, hyphenation and grammar checking tools for Brazilian Portuguese</name>
        <name lang="ve">Spelling, thesaurus, hyphenation and grammar checking tools for Brazilian Portuguese</name>
        <name lang="vec">Coretor ortogràfego e gramàtega, règołe de siłabasion e disionaro de i sinònemi de'l Portogheze braziłian</name>
        <name lang="vi">Spelling, thesaurus, hyphenation and grammar checking tools for Brazilian Portuguese</name>
        <name lang="xh">Spelling, thesaurus, hyphenation and grammar checking tools for Brazilian Portuguese</name>
        <name lang="zh-CN">葡萄牙语（巴西）拼写词典、同义词库、断词规则与语法检查工具</name>
        <name lang="zh-TW">巴西葡萄牙語的拼寫、同義字、連字號與文法檢查工具</name>
        <name lang="zu">Spelling, thesaurus, hyphenation and grammar checking tools for Brazilian Portuguese</name>
        <name lang="pt-BR">Ortografia, sinônimos, gramática e hifenização para Português Brasileiro</name>
    </display-name>
    <platform value="all" />
    <icon>
        <default xlink:href="icons/VERO-logo.png" />
    </icon>
    <dependencies>
        <OpenOffice.org-minimal-version value="3.0" d:name="BrOffice.org / OpenOffice.org 3.0" />
    </dependencies>
    <publisher>
        <name xlink:href="http://pt-br.libreoffice.org/projetos/projeto-vero-verificador-ortografico" lang="pt-BR">VERO</name>
    </publisher>
</description>

