<?xml version="1.0" encoding="UTF-8"?>
<description xmlns="http://openoffice.org/extensions/description/2006" xmlns:d="http://openoffice.org/extensions/description/2006"  xmlns:xlink="http://www.w3.org/1999/xlink">
    <version value="2022.09.21" />
    <identifier value="org.openoffice.id.hunspell.dictionaries" />
    <display-name>
        <name lang="en-US">Indonesian spelling dictionary, hyphenation rules, and thesaurus</name>
        <name lang="af">Indonesiese spelling woordeboek, koppelteken en tesourus</name>
        <name lang="am">Indonesian spelling dictionary, hyphenation rules, and thesaurus</name>
        <name lang="ar">قاموس التدقيق الإملائي وقواعد الواصلة والمترادفات للُّغة الأندونيسية</name>
        <name lang="as">Indonesian spelling dictionary, hyphenation rules, and thesaurus</name>
        <name lang="ast">Indonesiu: correutor ortográficu, sinónimos y regles de división de palabres</name>
        <name lang="be">Indonesian spelling dictionary, hyphenation rules, and thesaurus</name>
        <name lang="bg">Индонезийски речници за правопис, сричкопренасяне и синоними</name>
        <name lang="bn">Indonesian spelling dictionary, hyphenation rules, and thesaurus</name>
        <name lang="bn-IN">ইন্দোনেশিয়ান বানান অভিধান, হাইফেনেশন নিয়ম, এবং শব্দকোষ</name>
        <name lang="bo">Indonesian spelling dictionary, hyphenation rules, and thesaurus</name>
        <name lang="br">Indonesian spelling dictionary, hyphenation rules, and thesaurus</name>
        <name lang="brx">Indonesian spelling dictionary, hyphenation rules, and thesaurus</name>
        <name lang="bs">Indonesian spelling dictionary, hyphenation rules, and thesaurus</name>
        <name lang="ca">Indonesi: corrector ortogràfic, partició de mots i tesaurus (sinònims i termes relacionats)</name>
        <name lang="ca-valencia">Indonesi: corrector ortogràfic, partició de mots i tesaurus (sinònims i termes relacionats)</name>
        <name lang="ckb">فەرهەنگی ڕێنووسی زمانی ئەندەنۆزی، یاساکانی ڕێزمانی لەگەڵ بەرمابەرەکان</name>
        <name lang="cs">Slovník kontroly pravopisu, dělení slov a slovník synonym pro indonéštinu</name>
        <name lang="cy">Geiriadur gwirio sillafu, rheolau cyplysnodi a thesawrysau Indonesieg</name>
        <name lang="da">Indonesisk stavekontrol, orddelingsregler og synonymordbøger</name>
        <name lang="de">Indonesisches Wörterbuch für Rechtschreibprüfung, Silbentrennung und Thesaurus</name>
        <name lang="dgo">Indonesian spelling dictionary, hyphenation rules, and thesaurus</name>
        <name lang="dsb">Pšawopisny słownik, pšawidła źělenja złožkow a tezawrus za indonešćinu</name>
        <name lang="dz">Indonesian spelling dictionary, hyphenation rules, and thesaurus</name>
        <name lang="el">Ινδονησιακό λεξικό ορθογραφίας, συλλαβισμός και θησαυρός</name>
        <name lang="en-GB">Indonesian spelling dictionary, hyphenation rules, and thesaurus</name>
        <name lang="en-ZA">Indonesian spelling dictionary, hyphenation rules, and thesaurus</name>
        <name lang="eo">Literumada kaj vortdivida vortaroj kaj tezaŭro por la indonezia</name>
        <name lang="es">Indonesio: corrector ortográfico, sinónimos y reglas de corte de palabras</name>
        <name lang="et">Indoneesia keele õigekirjakontrolli sõnastik, poolitusreeglid ja tesaurus</name>
        <name lang="eu">Indonesieraren ortografia-egiaztatzailea, hitzak zatitzeko arauak eta thesaurusa</name>
        <name lang="fa">واژه‌نامه املایی، قواعد خط‌فاصله‌گذاری و اصطلاح‌نامه اندونزیایی</name>
        <name lang="fi">Indonesian oikolukusanasto, tavutussäännöt ja synonyymisanasto</name>
        <name lang="fr">Dictionnaires orthographique, des synonymes et règles de coupure des mots indonésiens</name>
        <name lang="fur">Dizionari ortografic indonesian, regulis di silabazion e dizionari dai sinonims</name>
        <name lang="fy">Yndonezyske stavering wurdboek, wurdôfbrekkingsregels en synonimenlist</name>
        <name lang="ga">Foclóir litrithe, rialacha fleiscínithe, agus teasáras don Indinéisis</name>
        <name lang="gd">Faclair litreachadh, riaghailtean tàthanachadh ⁊ co-fhaclair na h-Innd-Innsise</name>
        <name lang="gl">Dicionario ortográfico, de sinónimos e guionizador do indonesio</name>
        <name lang="gu">Indonesian spelling dictionary, hyphenation rules, and thesaurus</name>
        <name lang="gug">Indonesian spelling dictionary, hyphenation rules, and thesaurus</name>
        <name lang="he">מילון בדיקת איות, כללי פיסוק ואגרון באינדונזית</name>
        <name lang="hi">Indonesian spelling dictionary, hyphenation rules, and thesaurus</name>
        <name lang="hr">Pravopisni rječnik, pravila rastavljanja riječi i rječnik sinonima indonezijskoga jezika</name>
        <name lang="hsb">Prawopisny słownik, prawidła dźělenja złóžkow a tezawrus za indonešćinu</name>
        <name lang="hu">Indonéz helyesírási szótár, elválasztási szabályok és szinonimaszótár</name>
        <name lang="id">Kamus ejaan, aturan pemenggalan suku kata, dan tesaurus bahasa Indonesia</name>
        <name lang="is">Indónesískt stafsetningarorðasafn, orðskiptireglur, og samheitaorðasafn</name>
        <name lang="it">Dizionario ortografico indonesiano, regole di sillabazione e dizionario di sinonimi</name>
        <name lang="ja">インドネシア語スペル辞書、ハイフネーション規則と類義語辞典</name>
        <name lang="ka">Indonesian spelling dictionary, hyphenation rules, and thesaurus</name>
        <name lang="kab">Amawal n teɣdira, igdawalen d yilugan n unegzum n wawalen n Tendunizit</name>
        <name lang="kk">Индонезиялық емле сөздігі, тасымалдау ережелері және тезаурус</name>
        <name lang="km">Indonesian spelling dictionary, hyphenation rules, and thesaurus</name>
        <name lang="kmr-Latn">Indonesian spelling dictionary, hyphenation rules, and thesaurus</name>
        <name lang="kn">Indonesian spelling dictionary, hyphenation rules, and thesaurus</name>
        <name lang="ko">인도네시아어 맞춤법 사전, 하이픈 연결 규칙 및 동의어 사전</name>
        <name lang="kok">Indonesian spelling dictionary, hyphenation rules, and thesaurus</name>
        <name lang="ks">Indonesian spelling dictionary, hyphenation rules, and thesaurus</name>
        <name lang="lb">Indonesian spelling dictionary, hyphenation rules, and thesaurus</name>
        <name lang="lo">ພົດຈະນານຸກົມສະກົດຄຳພາສາ Indonesian, ກົດລະບຽບການເຊື່ອມໂຍງ, ແລະ ພົດຈະນານຸກົມ</name>
        <name lang="lt">Indoneziečių kalbos rašybos tikrinimo, žodžių kėlybos ir tezauro žodynai</name>
        <name lang="lv">Indonēziešu pareizrakstības vārdnīca, zilbjdales kārtulas un tēzaurs</name>
        <name lang="mai">Indonesian spelling dictionary, hyphenation rules, and thesaurus</name>
        <name lang="mk">Indonesian spelling dictionary, hyphenation rules, and thesaurus</name>
        <name lang="ml">Indonesian spelling dictionary, hyphenation rules, and thesaurus</name>
        <name lang="mn">Индонезийн зөв бичгийн дүрмийн толь бичиг, үг бичих журам, теурус</name>
        <name lang="mni">Indonesian spelling dictionary, hyphenation rules, and thesaurus</name>
        <name lang="mr">Indonesian spelling dictionary, hyphenation rules, and thesaurus</name>
        <name lang="my">Indonesian spelling dictionary, hyphenation rules, and thesaurus</name>
        <name lang="nb">Indonesisk stavekontroll, orddeling og synonymordbok</name>
        <name lang="ne">इन्डोनेसियाली हिज्जे शब्दकोश, योजक चिन्ह नियमहरू, र थेजारस</name>
        <name lang="nl">Indonesisch spelling woordenboek, woordafbrekingsregels en thesaurus</name>
        <name lang="nn">Indonesisk stavekontroll, orddelingsreglar og synonymordbok</name>
        <name lang="nr">Indonesian spelling dictionary, hyphenation rules, and thesaurus</name>
        <name lang="nso">Indonesian spelling dictionary, hyphenation rules, and thesaurus</name>
        <name lang="oc">Diccionaris ortografic e règlas de copadura de mots indonesians</name>
        <name lang="om">Indonesian spelling dictionary, hyphenation rules, and thesaurus</name>
        <name lang="or">Indonesian spelling dictionary, hyphenation rules, and thesaurus</name>
        <name lang="pa-IN">Indonesian spelling dictionary, hyphenation rules, and thesaurus</name>
        <name lang="pl">Indonezyjski słownik ortograficzny, reguły dzielenia wyrazów i słownik wyrazów bliskoznacznych</name>
        <name lang="pt">Dicionário ortográfico, sinónimos e regras de hifenização em indonésio</name>
        <name lang="pt-BR">Dicionário ortográfico, sinônimos e regras de hifenização em indonésio</name>
        <name lang="ro">Dicționar ortografic, de sinonime și reguli de despărțire în silabe pentru indoneziană</name>
        <name lang="ru">Индонезийский орфографический словарь, правила переноса и тезаурус</name>
        <name lang="rw">Indonesian spelling dictionary, hyphenation rules, and thesaurus</name>
        <name lang="sa-IN">Indonesian spelling dictionary, hyphenation rules, and thesaurus</name>
        <name lang="sat">Indonesian spelling dictionary, hyphenation rules, and thesaurus</name>
        <name lang="sd">Indonesian spelling dictionary, hyphenation rules, and thesaurus</name>
        <name lang="si">Indonesian spelling dictionary, hyphenation rules, and thesaurus</name>
        <name lang="sid">Indonesian spelling dictionary, hyphenation rules, and thesaurus</name>
        <name lang="sk">Indonézsky slovník na kontrolu pravopisu, pravidlá na delenie slov a tezaurus</name>
        <name lang="sl">Indonezijski jezik – slovar za preverjanje črkovanja, vzorci za deljenje besed in slovar sopomenk</name>
        <name lang="sq">Fjalori i drejtshkrimit indonezian, rregullat e rrokjezimit dhe sinonimet</name>
        <name lang="sr">Индонежански: провера писања, правила за прелом речи и речник синонима</name>
        <name lang="sr-Latn">Indonesian spelling dictionary, hyphenation rules, and thesaurus</name>
        <name lang="ss">Indonesian spelling dictionary, hyphenation rules, and thesaurus</name>
        <name lang="st">Indonesian spelling dictionary, hyphenation rules, and thesaurus</name>
        <name lang="sv">Indonesisk stavningsordlista, avstavningsregler, och synonymordlista</name>
        <name lang="sw-TZ">Indonesian spelling dictionary, hyphenation rules, and thesaurus</name>
        <name lang="szl">Indōnezyjski słownik ôrtograficzny, prawidła dzielynio słōw i słownik synōnimōw</name>
        <name lang="ta">Indonesian spelling dictionary, hyphenation rules, and thesaurus</name>
        <name lang="te">Indonesian spelling dictionary, hyphenation rules, and thesaurus</name>
        <name lang="tg">Indonesian spelling dictionary, hyphenation rules, and thesaurus</name>
        <name lang="th">พจนานุกรมสะกดคำ, กฎการแทรกยัติภังค์, และอรรถาภิธานภาษาอินโดนีเซีย</name>
        <name lang="tn">Indonesian spelling dictionary, hyphenation rules, and thesaurus</name>
        <name lang="tr">Endonezya Dili imla sözlüğü, heceleme kuralları ve eş anlamlılar</name>
        <name lang="ts">Indonesian spelling dictionary, hyphenation rules, and thesaurus</name>
        <name lang="tt">Indonesian spelling dictionary, hyphenation rules, and thesaurus</name>
        <name lang="ug">ھىندونېزىيەچە ئىملا لۇغىتى، ھەرپ ئۇلاش قائىدىسى ۋە مەنىداش سۆزلەر لۇغىتى</name>
        <name lang="uk">Індонезійський орфографічний словник, правила переносу та тезаурус</name>
        <name lang="uz">Indonesian spelling dictionary, hyphenation rules, and thesaurus</name>
        <name lang="ve">Indonesian spelling dictionary, hyphenation rules, and thesaurus</name>
        <name lang="vec">Disionaro ortogràfego Indonezian, règołe de siłabasion e disionaro de i sinònemi</name>
        <name lang="vi">Từ điển chính tả, quy tắc gạch nối và từ điển đồng nghĩa tiếng Indonesia</name>
        <name lang="xh">Indonesian spelling dictionary, hyphenation rules, and thesaurus</name>
        <name lang="zh-CN">印度尼西亚语拼写词典、断词规则与同义词库</name>
        <name lang="zh-TW">印度尼西亞文拼寫詞典、斷字與禁忌規則、同義詞庫</name>
        <name lang="zu">Indonesian spelling dictionary, hyphenation rules, and thesaurus</name>
    </display-name>
    <platform value="all" />
    <dependencies>
        <OpenOffice.org-minimal-version value="3.2" d:name="OpenOffice.org 3.2" />
    </dependencies>
</description>
