<?xml version="1.0" encoding="UTF-8"?>
<description xmlns="http://openoffice.org/extensions/description/2006" xmlns:d="http://openoffice.org/extensions/description/2006"  xmlns:xlink="http://www.w3.org/1999/xlink">
    <version value="2023.05.01" />
    <identifier value="org.openoffice.en.hunspell.dictionaries" />
    <display-name>
        <name lang="en-US">English spelling dictionaries, hyphenation rules, thesaurus, and grammar checker</name>
        <name lang="af">Engelse speltoetsers, woordafbreekreëls, tesourus en grammatikatoetser.</name>
        <name lang="am">English spelling dictionaries, hyphenation rules, thesaurus, and grammar checker</name>
        <name lang="ar">قاموس التدقيق الإملائي للُّغة الإنجليزية، قواعد الواصلة، المترادفات والمدقق النحوي</name>
        <name lang="as">ইংৰাজী বানান শব্দকোষসমূহ, হাইফেনেষণ নিয়মসমূহ, সমাৰ্থশব্দকোষ, আৰু ব্যাকৰণ নীৰিক্ষক</name>
        <name lang="ast">Diccionarios de correición ortográfica, regles de xebra silábica, sinónimos y correutor gramatical d'inglés</name>
        <name lang="be">Англійскія правапісныя слоўнікі, правілы пераносаў, тэзаўрус і праверка граматыкі</name>
        <name lang="bg">Английски правописен и синонимен речник, правила за сричкопренасяне и проверка на граматиката</name>
        <name lang="bn">English spelling dictionaries, hyphenation rules, thesaurus, and grammar checker</name>
        <name lang="bn-IN">ইংরাজি বানান অভিধান, হাইফেন প্রয়োগের নিয়ম, শব্দকোষ এবং ব্যাকারণ অভিধান</name>
        <name lang="bo">English spelling dictionaries, hyphenation rules, thesaurus, and grammar checker</name>
        <name lang="br">Geriadurioù ar reizhskrivañ, reolennoù an troc'h-gerioù, geriadur an heñvelsterioù ha yezhadur evit ar saozneg</name>
        <name lang="brx">English spelling dictionaries, hyphenation rules, thesaurus, and grammar checker</name>
        <name lang="bs">Rječnik pravopisa i sinonima, provjera gramatike, te pravila rastavljanja riječi na kraju reda za engleski jezik</name>
        <name lang="ca">Anglès: corrector ortogràfic i gramatical, partició de mots i tesaurus (sinònims i termes relacionats)</name>
        <name lang="ca-valencia">Anglés: corrector ortogràfic i gramatical, partició de mots i tesaurus (sinònims i termes relacionats)</name>
        <name lang="ckb">فەرهەنگی ڕێنووسی ئینگلیزی، یاساکانی ڕێزمانی لەگەڵ بەرامبەرەکان</name>
        <name lang="cs">Slovník kontroly pravopisu, dělení slov, slovník synonym a kontrola gramatiky pro angličtinu</name>
        <name lang="cy">Saesneg - geiriaduron sillafu, rheolau cysylltnodi, thesawrws a gwirydd gramadeg</name>
        <name lang="da">Engelsk ordbog for stavekontrol, orddelingsregler, synonymer og grammatikkontrol</name>
        <name lang="de">Englisches Wörterbuch für Rechtschreibprüfung, Silbentrennung, Thesaurus und Grammatikprüfung</name>
        <name lang="dgo">English spelling dictionaries, hyphenation rules, thesaurus, and grammar checker</name>
        <name lang="dsb">Engelske pšawopisne słowniki, pšawidła źělenja złožkow, tezawrus a kontrola gramatiki</name>
        <name lang="dz">English spelling dictionaries, hyphenation rules, thesaurus, and grammar checker</name>
        <name lang="el">Αγγλικό λεξικό ορθογραφίας, συλλαβισμός, θησαυρός και γραμματική</name>
        <name lang="en-GB">English spelling dictionaries, hyphenation rules, thesaurus, and grammar checker</name>
        <name lang="en-ZA">English spelling dictionaries, hyphenation rules, thesaurus, and grammar checker</name>
        <name lang="eo">Literumada kaj vortdivida vortaroj, tezaŭro kaj gramatikokontrolilo por la angla</name>
        <name lang="es">Inglés: correctores ortográficos y gramaticales, sinónimos y reglas de corte de palabras</name>
        <name lang="et">Inglise keele õigekirjakontrolli sõnastikud, poolitusreeglid, tesaurus ja grammatikakontroll</name>
        <name lang="eu">Ingelesaren ortografia-egiaztatzaileak, hitzak zatitzeko arauak, thesaurusa eta gramatika-egiaztatzailea</name>
        <name lang="fa">واژه‌نامه املایی، قواعد خط‌فاصله‌گذاری، اصطلاح‌نامه و بررسی کننده دستور زبان انگلیسی</name>
        <name lang="fi">Englannin oikolukusanastot, tavutussäännöt, synonyymisanasto ja kieliopin tarkistin</name>
        <name lang="fr">Dictionnaires d'orthographe, des synonymes, de grammaire et règle de coupure des mots anglais</name>
        <name lang="fur">Dizionaris ortografics inglês, regulis di silabazion, dizionari dai sinonims e control gramaticâl</name>
        <name lang="fy">Ingelsk wurdboek foar stavering, wurdôfbrekkingsregels, synonimenlist en gramatika hifker</name>
        <name lang="ga">Foclóirí litrithe, rialacha fleiscínithe, teasáras, agus gramadóir Béarla</name>
        <name lang="gd">Faclairean litreachadh, riaghailtean tàthanachadh, co-fhaclair ⁊ dearbhair gràmar na Beurla</name>
        <name lang="gl">Dicionario de corrección ortográfica, regras de guionización, sinónimos e corrector gramatical de inglés</name>
        <name lang="gu">અંગ્રેજી જોડણી ચકાસણી શબ્દકોષ, હાઇફનેશન નિયમો, માહિતી ભંડાર, અને વ્યાકરણ ચકાસનાર</name>
        <name lang="gug">English spelling dictionaries, hyphenation rules, thesaurus, and grammar checker</name>
        <name lang="he">מילוני איות, כללי פיסוק, אגרון ובדיקת דקדוק באנגלית</name>
        <name lang="hi">अंग्रेजी वर्तनी शब्दकोश, समासन नियम, थिसारस और व्याकरण जाँचकर्ता</name>
        <name lang="hr">Provjera pravopisa, rastavljanje riječi, rječnik sinonima i provjera gramatike engleskog jezika</name>
        <name lang="hsb">Jendźelski prawopisny słownik, prawidła dźělenja złóžkow, tezawrus a gramatikowa kontrola</name>
        <name lang="hu">Angol helyesírási szótárak, elválasztási szabályok, szinonimaszótár és nyelvi ellenőrző</name>
        <name lang="id">Kamus ejaan, aturan pemutusan suku kata, tesaurus, dan pemeriksa tata bahasa Inggris</name>
        <name lang="is">Ensk stafsetningarorðasöfn, orðskiptireglur, samheitaorðasafn og málfræðiyfirferð</name>
        <name lang="it">Dizionari ortografici inglesi, regole di sillabazione, dizionario di sinonimi e analizzatore grammaticale</name>
        <name lang="ja">英語スペル辞書、ハイフネーション規則、類義語辞典と文法チェッカー</name>
        <name lang="ka">English spelling dictionaries, hyphenation rules, thesaurus, and grammar checker</name>
        <name lang="kab">Amawal n teɣdira, igdawalen, tajeṛṛumt d ilugan n unegzum n wawalen n teglizit</name>
        <name lang="kk">Ағылшын емле сөздігі, тасымалдау ережелері, тезаурус және грамматиканы тексеру</name>
        <name lang="km">វចនានុក្រម​ពិនិត្យ​អក្ខរាវិរុទ្ធ​ភាសា​អង់គ្លេស​ ក្បួន​ដាក់​សហសញ្ញា វេចនស័ព្ទ និង​កម្មវិធី​ពិនិត្យ​អក្ខរាវិរុទ្ធ</name>
        <name lang="kmr-Latn">English spelling dictionaries, hyphenation rules, thesaurus, and grammar checker</name>
        <name lang="kn">ಇಂಗ್ಲೀಷ್ ಕಾಗುಣಿತ ಶಬ್ಧಕೋಶಗಳು, ಹೈಫನೇಶನ್ ನಿಯಮಗಳು, ಸಮಾನಾರ್ಥಕ ಪದಕೋಶ ಮತ್ತು ವ್ಯಾಕರಣ ಪರೀಕ್ಷಕ</name>
        <name lang="ko">영어 맞춤법 사전, 하이픈 규칙, 동의어 사전 및 문법 검사기</name>
        <name lang="kok">English spelling dictionaries, hyphenation rules, thesaurus, and grammar checker</name>
        <name lang="ks">English spelling dictionaries, hyphenation rules, thesaurus, and grammar checker</name>
        <name lang="lb">English spelling dictionaries, hyphenation rules, thesaurus, and grammar checker</name>
        <name lang="lo">ພົດຈະນານຸກົມສະກົດຄຳ, ກົດການເຊື່ອມໂຍງ, ພົດຈະນານຸກົມ, ແລະ ເຄື່ອງມືກວດໄວຍະກອນພາສາອັງກິດ</name>
        <name lang="lt">Anglų kalbos rašybos tikrinimo, žodžių kėlybos, tezauro žodynai ir gramatikos tikrintuvė</name>
        <name lang="lv">Angļu pareizrakstības vārdnīcas, zilbjdales kārtulas, tēzaurs un gramatikas pārbaudītājs</name>
        <name lang="mai">English spelling dictionaries, hyphenation rules, thesaurus, and grammar checker</name>
        <name lang="mk">English spelling dictionaries, hyphenation rules, thesaurus, and grammar checker</name>
        <name lang="ml">ഇംഗ്ലീഷിനുള്ള സ്പെല്ലിങ് നിഘണ്ടുവും ഹൈഫനേഷന്‍ നിയമങ്ങളും തെസോറസും വ്യാകരണ പരിശോധകനും</name>
        <name lang="mn">Англи хэлний зөв бичгийн ба үеэр таслах дүрмийн болон нэвтэрхий толь бичиг ба дүрмийн шалгалт</name>
        <name lang="mni">English spelling dictionaries, hyphenation rules, thesaurus, and grammar checker</name>
        <name lang="mr">इंग्रजी शुध्दलेखन शब्दकोश, हायफेनेशन नियम, थिसॉरस्, व ग्रामर चेकर</name>
        <name lang="my">ဟန်ဂေရီးယန်းစာလုံးပေါင်း၊ အဘိဓာန်၊ စကားလုံးခွဲမျဉ်းတိုပုံစံများနှင့်  ဝေါဟာရပဒေသာကျမ်း</name>
        <name lang="nb">Engelsk stavekontroll, orddeling, synonymer og grammatikkkontroll</name>
        <name lang="ne">अंग्रेज़ी हिज्जे शब्दकोशहरू, योजकचिन्ह राख्ने कार्य नियमहरू, पर्यायकोश, र व्याकरण संशोधक</name>
        <name lang="nl">Engelse spelling woordenboeken, woordafbrekingsregels, thesaurus en grammaticacontrole</name>
        <name lang="nn">Engelsk stavekontroll, orddeling, synonym, og grammatikk-kontroll</name>
        <name lang="nr">English spelling dictionaries, hyphenation rules, thesaurus, and grammar checker</name>
        <name lang="nso">English spelling dictionaries, hyphenation rules, thesaurus, and grammar checker</name>
        <name lang="oc">Diccionaris d'ortografia, dels sinonims, de gramatica e règla de copadura dels mots angleses</name>
        <name lang="om">Dikshinaari qubeessa afaan Ingiliffaa</name>
        <name lang="or">ଇଂରାଜୀ ବନାନ ଅବିଧାନ, ସମାସ ଚିହ୍ନ ନିୟମାବଳୀ, ଶବ୍ଦାକୋଷ, ଏବଂ ବ୍ୟାକରଣ ଯାଞ୍ଚ</name>
        <name lang="pa-IN">ਅੰਗਰੇਜ਼ੀ ਸਪੈਲਿੰਗ ਡਿਕਸ਼ਨਰੀ, ਹਾਈਫਨੇਸ਼ਨ ਰੂਲ, ਕੋਸ਼ ਅਤੇ ਗਰਾਮਰ ਚੈੱਕਰ</name>
        <name lang="pl">Angielskie słowniki ortograficzne, reguły dzielenia wyrazów, słownik wyrazów bliskoznacznych i sprawdzanie gramatyki</name>
        <name lang="pt">Dicionário ortográfico, sinónimos, regras de hifenização e verificação gramatical em inglês</name>
        <name lang="pt-BR">Dicionário ortográfico, sinônimos, regras de hifenização e verificação gramatical em inglês</name>
        <name lang="ro">Dicționar ortografic, de sinonime, reguli de despărțire în silabe și verificator gramatical pentru engleză</name>
        <name lang="ru">Английский орфографический словарь, правила переноса, тезаурус и проверка грамматики</name>
        <name lang="rw">English spelling dictionaries, hyphenation rules, thesaurus, and grammar checker</name>
        <name lang="sa-IN">English spelling dictionaries, hyphenation rules, thesaurus, and grammar checker</name>
        <name lang="sat">English spelling dictionaries, hyphenation rules, thesaurus, and grammar checker</name>
        <name lang="sd">English spelling dictionaries, hyphenation rules, thesaurus, and grammar checker</name>
        <name lang="si">English spelling dictionaries, hyphenation rules, thesaurus, and grammar checker</name>
        <name lang="sid">Ingilizete fidalishshsi qaallate fichaancho, haawiiccisha wodho, xaadigurchu qaallate fichaanchonna afuu jirtete buuxaancho</name>
        <name lang="sk">Anglický slovník na kontrolu pravopisu, delenie slov, slovník synoným a kontrola gramatiky</name>
        <name lang="sl">Angleški jezik – slovarji za preverjanje črkovanja, vzorci za deljenje besed, slovarji sopomenk in preverjevalnik slovnice</name>
        <name lang="sq">Fjalor drejtshkrimi anglez, rregullat e rrokjezimit, sinonimet, dhe kontrollues i gramatikës</name>
        <name lang="sr">Енглески: провера писања, прелом речи, речник синонима и провера граматике</name>
        <name lang="sr-Latn">Engleski: provera pisanja, prelom reči, rečnik sinonima i provera gramatike</name>
        <name lang="ss">English spelling dictionaries, hyphenation rules, thesaurus, and grammar checker</name>
        <name lang="st">English spelling dictionaries, hyphenation rules, thesaurus, and grammar checker</name>
        <name lang="sv">Engelsk stavningskontroll, avstavningsregler, synonymordbok och grammatikkontroll</name>
        <name lang="sw-TZ">English spelling dictionaries, hyphenation rules, thesaurus, and grammar checker</name>
        <name lang="szl">Angelski słownik ôrtograficzny, prawidła dzielynio słōw, słownik synōnimōw i korekta gramatyki</name>
        <name lang="ta">ஆங்கில எழுத்துக்கூட்டு அகராதிகள், நடுக்கோடு விதிகள், நிகண்டு மற்றும் இலக்கண திருத்தி</name>
        <name lang="te">ఆంగ్ల వుచ్ఛారణా నిఘంటువు, హైఫనేషన్ నియమాలు, పదకోశాలు, మరియు వ్యాకరణ పరిశీలని</name>
        <name lang="tg">English spelling dictionaries, hyphenation rules, thesaurus, and grammar checker</name>
        <name lang="th">พจนานุกรมสะกดคำ, กฎการแทรกยัติภังค์, อรรถาภิธาน, และเครื่องมือตรวจไวยากรณ์ภาษาอังกฤษ</name>
        <name lang="tn">English spelling dictionaries, hyphenation rules, thesaurus, and grammar checker</name>
        <name lang="tr">İngilizce yazım sözlüğü, heceleme kuralları ve dilbilgisi denetleyicisi</name>
        <name lang="ts">English spelling dictionaries, hyphenation rules, thesaurus, and grammar checker</name>
        <name lang="tt">Инглиз теленең орфография сүзлеге, күчерү кагыдәләре, тезаурус һәм грамматиканы тикшерү</name>
        <name lang="ug">ئىنگلىزچە ئىملا لۇغىتى، ھەرپ ئۇلىنىش قائىدىسى، مەنىداش سۆزلەر لۇغىتى ۋە تىلقۇرما تەكشۈرگۈچ</name>
        <name lang="uk">Англійські орфографічні словники, правила переносу, тезаурус та перевірка граматики</name>
        <name lang="uz">Ingliz imlo lug‘ati, bo‘g‘in ko‘chirish qoidalari, tezarus va grammatikani tekshirgich</name>
        <name lang="ve">English spelling dictionaries, hyphenation rules, thesaurus, and grammar checker</name>
        <name lang="vec">Disionari ortogràfeghi Inglezi, règołe de siłabasion, disionaro de i sinònemi e controłor gramategałe</name>
        <name lang="vi">Từ điển chính tả, luật dấu nối, từ đồng nghĩa và bộ kiểm tra ngữ pháp tiếng Anh</name>
        <name lang="xh">English spelling dictionaries, hyphenation rules, thesaurus, and grammar checker</name>
        <name lang="zh-CN">英语拼写词典、断词规则、同义词库与语法检查器</name>
        <name lang="zh-TW">英文拼寫詞典、斷字與禁忌規則、同義詞庫及語法檢查器</name>
        <name lang="zu">English spelling dictionaries, hyphenation rules, thesaurus, and grammar checker</name>
    </display-name>
    <platform value="all" />
    <dependencies>
        <OpenOffice.org-minimal-version value="3.0" d:name="OpenOffice.org 3.0" />
    </dependencies>
    <icon>
        <default xlink:href="English.png" />
    </icon>
    <publisher>
        <name xlink:href="https://extensions.libreoffice.org/extensions/english-dictionaries" lang="en">Marco A.G.Pinto</name>
    </publisher>
</description>
