<?xml version="1.0" encoding="UTF-8"?>
<description xmlns="http://openoffice.org/extensions/description/2006" xmlns:d="http://openoffice.org/extensions/description/2006" xmlns:xlink="http://www.w3.org/1999/xlink">

    <version value="2020.11.07" />

    <identifier value="org.openoffice.it.hunspell.dictionaries" />

    <platform value="all" />

    <dependencies>
        <OpenOffice.org-minimal-version value="3.0" d:name="OpenOffice.org 3.0" />
    </dependencies>

    <publisher>
        <name xlink:href="https://libreitalia.org" lang="en-US">LibreItalia</name>
        <name xlink:href="https://libreitalia.org" lang="it-IT">LibreItalia</name>
    </publisher>

    <display-name>
        <name lang="en-US">Italian spelling dictionary, hyphenation rules, and thesaurus</name>
        <name lang="af">Italiaanse speltoetser, woordafbreekreëls en tesourus.</name>
        <name lang="am">Italian spelling dictionary, hyphenation rules, and thesaurus</name>
        <name lang="ar">قاموس التدقيق الإملائي للُّغة الإيطالية، قواعد الواصلة والمترادفات</name>
        <name lang="as">ইতালীয় বানান শব্দকোষ, হাইফেনেষণ নিয়মসমূহ, আৰু সমাৰ্থশব্দকোষ</name>
        <name lang="ast">Diccionariu ortográficu, regles de separación silábica y sinónimos pal italianu</name>
        <name lang="be">Італьянскі правапісны слоўнік, правілы пераносаў і тэзаўрус</name>
        <name lang="bg">Италиански речници за правопис, сричкопренасяне и синоними</name>
        <name lang="bn">Italian spelling dictionary, hyphenation rules, and thesaurus</name>
        <name lang="bn-IN">ইটালিয়ান বানান পরীক্ষক অভিধান, হাইফেন প্রয়োগ নিয়ম এবং শব্দকোষ</name>
        <name lang="bo">Italian spelling dictionary, hyphenation rules, and thesaurus</name>
        <name lang="br">Geriadur ar reizhskrivañ, reolennoù an troc'hañ-gerioù ha geriadur an heñvelsterioù evit an italianeg</name>
        <name lang="brx">Italian spelling dictionary, hyphenation rules, and thesaurus</name>
        <name lang="bs">Rječnik pravopisa i sinonima, te pravila rastavljanja riječi na kraju reda za talijanski jezik</name>
        <name lang="ca">Italià: corrector ortogràfic, partició de mots i tesaurus (sinònims i termes relacionats)</name>
        <name lang="ca-valencia">Italià: corrector ortogràfic, partició de mots i tesaurus (sinònims i termes relacionats)</name>
        <name lang="ckb">فەرهەنگی ڕێنووسی ئیتاڵی، یاساکانی ڕێزمانی لەگەڵ بەرامبەرەکان</name>
        <name lang="cs">Slovník kontroly pravopisu, dělení slov a slovník synonym pro italštinu</name>
        <name lang="cy">Eidaleg - geiriadur sillafu, rheolau cyplysnodi a thesawrws</name>
        <name lang="da">Italiens stavekontrol. orddelingsregler og synonymordbog</name>
        <name lang="de">Italienisches Wörterbuch für Rechtschreibprüfung, Silbentrennung und Thesaurus</name>
        <name lang="dgo">इटैलियन शब्द-जोड़ शब्दकोश, जोड़-चिʼन्नीकरण नियम ते पर्यायकोश</name>
        <name lang="dsb">Italski pšawopisny słownik, pšawidła źělenja złožkow a tezawrus</name>
        <name lang="dz">Italian spelling dictionary, hyphenation rules, and thesaurus</name>
        <name lang="el">Ιταλικό ορθογραφικό λεξικό, συλλαβισμός και θησαυρός</name>
        <name lang="en-GB">Italian spelling dictionary, hyphenation rules, and thesaurus</name>
        <name lang="en-ZA">Italian spelling dictionary, hyphenation rules, and thesaurus</name>
        <name lang="eo">Itala ortografia vortaro, vortdividaj reguloj, kaj tezaŭro</name>
        <name lang="es">Italiano: corrector ortográfico, sinónimos y reglas de corte de palabras</name>
        <name lang="et">Itaalia keele õigekirjakontrolli sõnastik, poolitusreeglid ja tesaurus</name>
        <name lang="eu">Italieraren ortografia-egiaztatzailea, hitzak zatitzeko arauak, eta thesaurusa</name>
        <name lang="fa">واژه‌نامه املایی، قواعد خط‌فاصله‌گذاری و اصطلاح‌نامه ایتالیایی</name>
        <name lang="fi">Italian oikolukusanasto, tavutussäännöt ja synonyymisanasto</name>
        <name lang="fr">Dictionnaire orthographique, des synonymes et règles de coupure des mots italiens</name>
        <name lang="fur">Dizionari ortografic talian, regulis di silabazion e dizionari dai sinonims</name>
        <name lang="fy">Italiaansk wurdboek foar stavering, wurdôfbrekkingsregels, en synonimenlist</name>
        <name lang="ga">Foclóir litrithe, rialacha fleiscínithe, agus teasáras don Iodáilis</name>
        <name lang="gd">Faclair litreachadh, riaghailtean tàthanachadh ⁊ co-fhaclair na h-Eadailtise</name>
        <name lang="gl">Dicionario ortográfico, sinónimos e guionizador do italiano</name>
        <name lang="gu">ઇટાલિયન જોડણી ચકાસણી શબ્દકોષ, હાઇફનેશન નિયમો, અને માહિતી ભંડાર</name>
        <name lang="gug">Italiano: corrector ortográfico ha división ñe'ẽgui</name>
        <name lang="he">רשימת מילים לבודק איות, כללי מיקוף ואגרון באיטלקית</name>
        <name lang="hi">इतालवी वर्तनी शब्दकोश, समासन नियम और थिसारस</name>
        <name lang="hr">Provjera pravopisa, rastavljanje riječi i rječnik sinonima talijanskog jezika</name>
        <name lang="hsb">Italski prawopisny słownik, prawidła dźělenja złóžkow a tezawrus</name>
        <name lang="hu">Olasz helyesírási szótár, elválasztási szabályok és szinonimaszótár</name>
        <name lang="id">Kamus ejaan, aturan pemutusan kata, dan tesaurus bahasa Italia</name>
        <name lang="is">Ítalskt stafsetningarorðasafn, orðskiptireglur og samheitaorðasafn</name>
        <name lang="it">Dizionario ortografico italiano, regole di sillabazione e dizionario di sinonimi</name>
        <name lang="ja">イタリア語スペル辞書、ハイフネーション規則と類義語辞典</name>
        <name lang="ka">Italian spelling dictionary, hyphenation rules, and thesaurus</name>
        <name lang="kab">Amawal n teɣdira, igdawalen d ilugan n unegzum n wawalen tetyant</name>
        <name lang="kk">Итальян емле сөздігі, тасымалдау ережелері және тезаурус</name>
        <name lang="km">វចនានុក្រម​អក្ខរាវិរុទ្ធ​ភាសា​អ៊ីតាលី គោលការណ៍​ដាក់​សហសញ្ញា និង​កម្រង​វេវចនសព្ទ</name>
        <name lang="kmr-Latn">Italian spelling dictionary, hyphenation rules, and thesaurus</name>
        <name lang="kn">ಇಟಾಲಿಯನ್ ಕಾಗುಣಿತ ಶಬ್ಧಕೋಶ, ಹೈಫನೇಶನ್ ನಿಯಮಗಳು, ಹಾಗು ಸಮಾನಾರ್ಥಕ ಪದಕೋಶ</name>
        <name lang="ko">이탈리아어 맞춤법 사전, 하이픈 규칙, 동의어 사전</name>
        <name lang="kok">इटालियन वर्णरचना शब्दकोश, संयोगचिन्नाचे नेम आनी थेसोरसItaliachem OkxorRochona Xobdkox, Xobdkox, somyog chinna Niyom ani MahetiKox</name>
        <name lang="ks">Italian spelling dictionary, hyphenation rules, and thesaurus</name>
        <name lang="lb">Italian spelling dictionary, hyphenation rules, and thesaurus</name>
        <name lang="lo">ພົດຈະນານຸກົມສະກົດຄຳພາສາ Italian, ກົດລະບຽບການເຊື່ອມໂຍງ, ແລະ ພົດຈະນານຸກົມ</name>
        <name lang="lt">Italų kalbos rašybos tikrinimo, žodžių kėlybos ir tezauro žodynai</name>
        <name lang="lv">Itāliešu pareizrakstības vārdnīca, zilbjdales kārtulas un tēzaurs</name>
        <name lang="mai">Italian spelling dictionary, hyphenation rules, and thesaurus</name>
        <name lang="mk">Italian spelling dictionary, hyphenation rules, and thesaurus</name>
        <name lang="ml">ഇറ്റാലിയന്‍ സ്പെല്ലിങ് നിഘണ്ടു, ഹൈഫനേഷന്‍ നിയമങ്ങളും തെസറോസും</name>
        <name lang="mn">Итали хэлний зөв бичгийн ба үеэр таслах дүрмийн болон нэвтэрхий толь бичиг</name>
        <name lang="mni">ইতালিযান বানানগী দিক্সনারি, অমসুং হাইফেনেসনগী রুলশিং, অমসুং থেসোরস</name>
        <name lang="mr">इटॅलियन शुध्दलेखन शब्दकोश, हायफेनेशन पद्धती, व थिसॉरस्</name>
        <name lang="my">ဟန်ဂေရီးယန်းစာလုံးပေါင်း၊ အဘိဓာန်၊ စကားလုံးခွဲမျဉ်းတိုပုံစံများနှင့်  ဝေါဟာရပဒေသာကျမ်း</name>
        <name lang="nb">Italiensk stavekontroll, orddeling og synonymordbok</name>
        <name lang="ne">इतालवी हिज्जे शब्दकोश, योजकचिन्ह राख्ने कार्य नियमहरू, र पर्यायकोश</name>
        <name lang="nl">Italiaans spelling woordenboek, woordafbrekingsregels en thesaurus</name>
        <name lang="nn">Italiensk stavekontroll, orddeling og synonymordbok</name>
        <name lang="nr">Italian spelling dictionary, hyphenation rules, and thesaurus</name>
        <name lang="nso">Italian spelling dictionary, hyphenation rules, and thesaurus</name>
        <name lang="oc">Diccionaris ortografic, dels sinonims e règlas de copadura de mots italians</name>
        <name lang="om">Italian spelling dictionary, hyphenation rules, and thesaurus</name>
        <name lang="or">ଇଟାଲିଆନ ବନାନ ଅବିଧାନ, ସମାସ ଚିହ୍ନ ନିୟମାବଳୀ, ଏବଂ ଶବ୍ଦାକୋଷ</name>
        <name lang="pa-IN">ਇਤਾਲਵੀ ਸਪੈਲਿੰਗ ਡਿਕਸ਼ਨਰੀ, ਅਤੇ ਹਾਈਫਨੇਸ਼ਨ ਰੂਲ, ਅਤੇ ਕੋਸ਼</name>
        <name lang="pl">Włoski słownik ortograficzny, reguły dzielenia wyrazów i słownik wyrazów bliskoznacznych</name>
        <name lang="pt">Dicionário ortográfico, sinónimos e regras de hifenização em italiano</name>
        <name lang="pt-BR">Dicionário ortográfico, sinônimos e regras de hifenização em italiano</name>
        <name lang="ro">Dicționar ortografic, de sinonime și reguli de despărțire în silabe pentru italiană</name>
        <name lang="ru">Итальянский орфографический словарь, правила переноса и тезаурус</name>
        <name lang="rw">Italian spelling dictionary, hyphenation rules, and thesaurus</name>
        <name lang="sa-IN">इटालियन् वर्णविन्यासकोशः , समासकरणनियमाः तथा च कोशः</name>
        <name lang="sat">इटालियान बानान ञेल साबाद गादेल, फारका गार नियोम को, आर मित् लेकान मानेयानाक् साबाद गादेल बाबोत </name>
        <name lang="sd">اِٽيلين هجي ڊڪشنري، ننڍي ليڪ (-) ڏيڻ جا قاعدا، ۽ پريايواچي ڪوش</name>
        <name lang="si">Italian spelling dictionary, hyphenation rules, and thesaurus</name>
        <name lang="sid">Itaalete fidalishshsi qaallate fichaancho, haawiiccisha wodho, xaadigurchu qaallate fichaancho</name>
        <name lang="sk">Taliansky slovník na kontrolu pravopisu, pravidlá na delenie slov tezaurus</name>
        <name lang="sl">Italijanski jezik – slovar za preverjanje črkovanja, vzorci za deljenje besed in slovar sopomenk</name>
        <name lang="sq">Fjalori i drejtshkrimit italian, rregullat e rrokjezimit, dhe sinonimet</name>
        <name lang="sr">Италијански: провера писања, прелом речи и речник синонима</name>
        <name lang="sr-Latn">Italijanski: provera pisanja, prelom reči i rečnik sinonima</name>
        <name lang="ss">Italian spelling dictionary, hyphenation rules, and thesaurus</name>
        <name lang="st">Italian spelling dictionary, hyphenation rules, and thesaurus</name>
        <name lang="sv">Stavningsordlista, böjningsregler och synonymordlista för Italienska</name>
        <name lang="sw-TZ">Italian spelling dictionary, hyphenation rules, and thesaurus</name>
        <name lang="szl">Italijański słownik ôrtograficzny, prawidła dzielynio słōw i słownik synōnimōw</name>
        <name lang="ta">இத்தாலிய எழுத்துக்கூட்டு அகராதி, நடுக்கோடு விதிகள் மற்றும் நிகண்டு</name>
        <name lang="te">ఇటాలియన్ వుచ్ఛారణా నిఘంటువు, హైఫనేషన్ నియమాలు, మరియు పదకోశాలు</name>
        <name lang="tg">Italian spelling dictionary, hyphenation rules, and thesaurus</name>
        <name lang="th">พจนานุกรมสะกดคำ, กฎการแทรกยัติภังค์, และอรรถาภิธานภาษาอิตาลี</name>
        <name lang="tn">Italian spelling dictionary, hyphenation rules, and thesaurus</name>
        <name lang="tr">İtalyanca imla sözlüğü, heceleme kuralları ve eş anlamlılar</name>
        <name lang="ts">Italian spelling dictionary, hyphenation rules, and thesaurus</name>
        <name lang="tt">Италия теленең орфография сүзлеге, күчерү кагыдәләре һәм тезаурусы</name>
        <name lang="ug">ئىتاليانچە ئىملا لۇغىتى، ھەرپ ئۇلىنىش قائىدىسى ۋە مەنىداش سۆزلەر لۇغىتى</name>
        <name lang="uk">Італійський орфографічний словник, правила переносу та тезаурус</name>
        <name lang="uz">Italian spelling dictionary, hyphenation rules, and thesaurus</name>
        <name lang="ve">Italian spelling dictionary, hyphenation rules, and thesaurus</name>
        <name lang="vec">Disionaro ortogràfego Itałian, règołe de siłabasion e disionaro de i sinònemi</name>
        <name lang="vi">Từ điển chính tả, luật gạch ngang và đồng nghĩa tiếng Italia</name>
        <name lang="xh">Italian spelling dictionary, hyphenation rules, and thesaurus</name>
        <name lang="zh-CN">意大利语拼写词典、断词规则与同义词库</name>
        <name lang="zh-TW">義大利文拼寫詞典、斷字與禁忌規則、同義詞庫</name>
        <name lang="zu">Italian spelling dictionary, hyphenation rules, and thesaurus</name>
        <name lang="it-IT">Dizionario ortografico italiano, regole di sillabazione e sinonimi</name>
    </display-name>

</description>
