<?xml version="1.0" encoding="UTF-8"?>
<description xmlns="http://openoffice.org/extensions/description/2006" xmlns:d="http://openoffice.org/extensions/description/2006"  xmlns:xlink="http://www.w3.org/1999/xlink">

  <version value="2.6" />
  <identifier value="spanish.es.dicts.from.rla-es"/>

  <display-name>
      <name lang="es">Corrector ortográfico, separación de sílabas y diccionario de sinónimos para el español (todas las variantes).</name>
        <name lang="af">Spaanse spelling woordeboek, woordafbrekingsreels en thesaurus vir alle variante van Spaans.</name>
        <name lang="am">Spanish spelling dictionary, hyphenation rules, and thesaurus for all variants of Spanish.</name>
        <name lang="ar">قاموس الإملاء وقواعد الواصلة والمترادفات لكل تنويعات الإسبانية.</name>
        <name lang="as">Spanish spelling dictionary, hyphenation rules, and thesaurus for all variants of Spanish.</name>
        <name lang="ast">Diccionariu ortográficu del español, regles de separación de palabres y sinónimos pa toles variedaes del español</name>
        <name lang="be">Spanish spelling dictionary, hyphenation rules, and thesaurus for all variants of Spanish.</name>
        <name lang="bg">Испански правописен и синонимен речник и сричкопренасяне, за всички варианти на испански</name>
        <name lang="bn">Spanish spelling dictionary, hyphenation rules, and thesaurus for all variants of Spanish.</name>
        <name lang="bn-IN">Spanish spelling dictionary, hyphenation rules, and thesaurus for all variants of Spanish.</name>
        <name lang="bo">Spanish spelling dictionary, hyphenation rules, and thesaurus for all variants of Spanish.</name>
        <name lang="br">Spanish spelling dictionary, hyphenation rules, and thesaurus for all variants of Spanish.</name>
        <name lang="brx">Spanish spelling dictionary, hyphenation rules, and thesaurus for all variants of Spanish.</name>
        <name lang="bs">Spanish spelling dictionary, hyphenation rules, and thesaurus for all variants of Spanish.</name>
        <name lang="ca">Espanyol (totes les variants): corrector ortogràfic, partició de mots i tesaurus (sinònims i termes relacionats)</name>
        <name lang="ca-valencia">Espanyol (totes les variants): corrector ortogràfic, partició de mots i tesaurus (sinònims i termes relacionats)</name>
        <name lang="ckb">Spanish spelling dictionary, hyphenation rules, and thesaurus for all variants of Spanish.</name>
        <name lang="cs">Slovník kontroly pravopisu, dělení slov a slovník synonym pro všechny varianty španělštiny</name>
        <name lang="cy">Sbaeneg - geiriadur sillafu, rheolau cyplysnodi a thesawrws ar gyfer Sbaen.</name>
        <name lang="da">Spansk retskrivningsordbog, orddelingsregler og synonymordbog for alle varianter af spansk.</name>
        <name lang="de">Spanisches Wörterbuch (alle Varianten) für Rechtschreibprüfung, Silbentrennung und Thesaurus</name>
        <name lang="dgo">Spanish spelling dictionary, hyphenation rules, and thesaurus for all variants of Spanish.</name>
        <name lang="dsb">Špański pšawopisny słownik, pšawidła źělenja złožkow a tezawrus za wšykne warianty špańsćiny.</name>
        <name lang="dz">Spanish spelling dictionary, hyphenation rules, and thesaurus for all variants of Spanish.</name>
        <name lang="el">Ισπανικό ορθογραφικό λεξικό, κανόνες συλλαβισμού και θησαυρός για όλες τις διαλέκτους των ισπανικών.</name>
        <name lang="en-GB">Spanish spelling dictionary, hyphenation rules, and thesaurus for all variants of Spanish.</name>
        <name lang="en-ZA">Spanish spelling dictionary, hyphenation rules, and thesaurus for all variants of Spanish.</name>
        <name lang="eo">Hispana ortografia vortaro, vortdividaj reguloj, kaj tezaŭro por ĉiuj formoj de la hispana.</name>
        <name lang="es">Español (todas las variantes): corrector ortográfico, sinónimos y reglas de corte de palabras</name>
        <name lang="et">Hispaania keele kõigi variantide õigekirjakontrolli sõnastik, poolitusreeglid ja tesaurus.</name>
        <name lang="eu">Gaztelaniaren ortografia-egiaztatzailea, hitzak zatitzeko arauak, eta thesaurusa gaztelaniaren aldaera guztietarako.</name>
        <name lang="fa">واژه‌نامه املایی، قواعد خط‌فاصله‌گذاری و اصطلاح‌نامه برای تمامی انواع زبان اسپانیایی.</name>
        <name lang="fi">Espanjan oikolukusanasto, tavutussäännöt ja synonyymisanasto kaikille espanjan variaatioille.</name>
        <name lang="fr">Dictionnaire orthographique espagnol, règles de césure et dictionnaire des synonymes pour toutes les variantes de l'espagnol.</name>
        <name lang="fur">Dizionari ortografic dai sinonims e regulis di silabazion par dutis lis variantis dal spagnûl.</name>
        <name lang="fy">Spaansk wurdboek foar stavering, wurdôfbrekkingsregels, en synonimenlist foar alle farianten fan it Spaansk.</name>
        <name lang="ga">Spanish spelling dictionary, hyphenation rules, and thesaurus for all variants of Spanish.</name>
        <name lang="gd">Faclair litreachaidh, riaghailtean tàthanachadh is co-fhaclair airson gach nàdar de Spàinntis</name>
        <name lang="gl">Dicionario ortográfico do español, regras de guionización e sinónimos para todas as variedades do español</name>
        <name lang="gu">Spanish spelling dictionary, hyphenation rules, and thesaurus for all variants of Spanish.</name>
        <name lang="gug">Spanish spelling dictionary, hyphenation rules, and thesaurus for all variants of Spanish.</name>
        <name lang="he">מילון איות, כללי פיסוק ואגרון לכל הניבים של ספרדית.</name>
        <name lang="hi">Spanish spelling dictionary, hyphenation rules, and thesaurus for all variants of Spanish.</name>
        <name lang="hr">Španjolski rječnik za računalnu provjeru pravopisa, pravila za rastavljanje riječi i rječnik sinonima svih inačica španjolskoga jezika.</name>
        <name lang="hsb">Španiski prawopisny słownik, prawidła dźělenja złóžkow a tezawrus za wšě warianty španišćiny.</name>
        <name lang="hu">Spanyol helyesírási szótár, elválasztási szabályok és szinonimaszótár minden spanyol nyelvváltozat számára</name>
        <name lang="id">Kamus ejaan, aturan pemenggalan suku kata, dan tesaurus untuk semua varian bahasa Spanyol.</name>
        <name lang="is">Spænskt stafsetningarorðasafn, orðskiptireglur og samheitaorðasafn fyrir öll tilbrigði spænsku.</name>
        <name lang="it">Dizionario ortografico, dei sinonimi e regole di sillabazione per tutte le varianti dello spagnolo</name>
        <name lang="ja">スペイン語スペル辞書、ハイフネーション規則とすべてのバリエーションの類義語辞典。</name>
        <name lang="ka">Spanish spelling dictionary, hyphenation rules, and thesaurus for all variants of Spanish.</name>
        <name lang="kab">Spanish spelling dictionary, hyphenation rules, and thesaurus for all variants of Spanish.</name>
        <name lang="kk">Испан емле сөздігі, тасымалдау ережелері және барлық испан нұсқалары үшін тезаурус.</name>
        <name lang="km">Spanish spelling dictionary, hyphenation rules, and thesaurus for all variants of Spanish.</name>
        <name lang="kmr-Latn">Spanish spelling dictionary, hyphenation rules, and thesaurus for all variants of Spanish.</name>
        <name lang="kn">Spanish spelling dictionary, hyphenation rules, and thesaurus for all variants of Spanish.</name>
        <name lang="ko">Spanish spelling dictionary, hyphenation rules, and thesaurus for all variants of Spanish.</name>
        <name lang="kok">Spanish spelling dictionary, hyphenation rules, and thesaurus for all variants of Spanish.</name>
        <name lang="ks">Spanish spelling dictionary, hyphenation rules, and thesaurus for all variants of Spanish.</name>
        <name lang="lb">Spanish spelling dictionary, hyphenation rules, and thesaurus for all variants of Spanish.</name>
        <name lang="lo">Spanish spelling dictionary, hyphenation rules, and thesaurus for all variants of Spanish.</name>
        <name lang="lt">Ispanų kalbos rašybos tikrinimo ir žodžių kėlybos žodynai bei tezauras visiems ispanų kalbos variantams.</name>
        <name lang="lv">Spāņu pareizrakstības vārdnīca, zilbjdales kārtulas un tēzaurs visiem spāņu valodas paveidiem.</name>
        <name lang="mai">Spanish spelling dictionary, hyphenation rules, and thesaurus for all variants of Spanish.</name>
        <name lang="mk">Spanish spelling dictionary, hyphenation rules, and thesaurus for all variants of Spanish.</name>
        <name lang="ml">Spanish spelling dictionary, hyphenation rules, and thesaurus for all variants of Spanish.</name>
        <name lang="mn">Испани хэлний зөв бичгийн дүрмийн толь бичиг, тасалгааны дүрэм, испани хэлний бүх хувилбарт зориулсан тезаурус.</name>
        <name lang="mni">Spanish spelling dictionary, hyphenation rules, and thesaurus for all variants of Spanish.</name>
        <name lang="mr">Spanish spelling dictionary, hyphenation rules, and thesaurus for all variants of Spanish.</name>
        <name lang="my">Spanish spelling dictionary, hyphenation rules, and thesaurus for all variants of Spanish.</name>
        <name lang="nb">Spansk staveing og bindestreks regler for alle varianter av Spansk</name>
        <name lang="ne">स्पेनी भाषा हिज्जे शब्दकोष, योजक चिन्ह नियमहरू, थेजारस स्पेनी भाषाका सबै भेदहरूको लागि।</name>
        <name lang="nl">Spaans spellingswoordenboek, woordafbrekingsregels en thesaurus voor alle varianten van het Spaans.</name>
        <name lang="nn">Spansk rettskrivingordsliste, orddelingsreglar og synonymordliste for alle variantar av spansk.</name>
        <name lang="nr">Spanish spelling dictionary, hyphenation rules, and thesaurus for all variants of Spanish.</name>
        <name lang="nso">Spanish spelling dictionary, hyphenation rules, and thesaurus for all variants of Spanish.</name>
        <name lang="oc">Diccionaris ortografic, dels sinonims e règlas de copadura de mots castelhans de tota varianta.</name>
        <name lang="om">Spanish spelling dictionary, hyphenation rules, and thesaurus for all variants of Spanish.</name>
        <name lang="or">Spanish spelling dictionary, hyphenation rules, and thesaurus for all variants of Spanish.</name>
        <name lang="pa-IN">Spanish spelling dictionary, hyphenation rules, and thesaurus for all variants of Spanish.</name>
        <name lang="pl">Hiszpański słownik ortograficzny, reguły dzielenia wyrazów i słownik wyrazów bliskoznacznych dla wszystkich odmian hiszpańskiego</name>
        <name lang="pt">Dicionário ortográfico, regras de hifenização e sinónimos para todas as variantes de espanhol.</name>
        <name lang="pt-BR">Dicionário ortográfico, regras de hifenização e tesauro para todas as variantes de espanhol</name>
        <name lang="ro">Dicționar ortografic, de sinonime și reguli de despărțire în silabe pentru toate variantele de spaniolă.</name>
        <name lang="ru">Испанский орфографический словарь, правила переноса и тезаурус (все варианты испанского).</name>
        <name lang="rw">Spanish spelling dictionary, hyphenation rules, and thesaurus for all variants of Spanish.</name>
        <name lang="sa-IN">Spanish spelling dictionary, hyphenation rules, and thesaurus for all variants of Spanish.</name>
        <name lang="sat">Spanish spelling dictionary, hyphenation rules, and thesaurus for all variants of Spanish.</name>
        <name lang="sd">Spanish spelling dictionary, hyphenation rules, and thesaurus for all variants of Spanish.</name>
        <name lang="si">Spanish spelling dictionary, hyphenation rules, and thesaurus for all variants of Spanish.</name>
        <name lang="sid">Spanish spelling dictionary, hyphenation rules, and thesaurus for all variants of Spanish.</name>
        <name lang="sk">Španielsky slovník na kontrolu pravopisu, delenie slov a tezaurus pre všetky varianty španielčiny</name>
        <name lang="sl">Španski jezik (vse variante) – slovar za preverjanje črkovanja, vzorci za deljenje besed in slovar sopomenk</name>
        <name lang="sq">Spanish spelling dictionary, hyphenation rules, and thesaurus for all variants of Spanish.</name>
        <name lang="sr">Шпански: речник писања, правила за прелом речи и речник сионима за све варијанте шпанског језика.</name>
        <name lang="sr-Latn">Spanish spelling dictionary, hyphenation rules, and thesaurus for all variants of Spanish.</name>
        <name lang="ss">Spanish spelling dictionary, hyphenation rules, and thesaurus for all variants of Spanish.</name>
        <name lang="st">Spanish spelling dictionary, hyphenation rules, and thesaurus for all variants of Spanish.</name>
        <name lang="sv">Spansk stavningskontroll, avstavningsregler och synonymordbok för alla varianter av spanska.</name>
        <name lang="sw-TZ">Spanish spelling dictionary, hyphenation rules, and thesaurus for all variants of Spanish.</name>
        <name lang="szl">Spanish spelling dictionary, hyphenation rules, and thesaurus for all variants of Spanish.</name>
        <name lang="ta">Spanish spelling dictionary, hyphenation rules, and thesaurus for all variants of Spanish.</name>
        <name lang="te">Spanish spelling dictionary, hyphenation rules, and thesaurus for all variants of Spanish.</name>
        <name lang="tg">Spanish spelling dictionary, hyphenation rules, and thesaurus for all variants of Spanish.</name>
        <name lang="th">พจนานุกรมสะกดคำ, กฎการแทรกยัติภังค์, และอรรถาภิธานของภาษาสเปนทุกแบบ</name>
        <name lang="tn">Spanish spelling dictionary, hyphenation rules, and thesaurus for all variants of Spanish.</name>
        <name lang="tr">Bütün İspanyolca varyantları için imla sözlüğü, heceleme kuralları ve eş anlamlılar sözlüğü</name>
        <name lang="ts">Spanish spelling dictionary, hyphenation rules, and thesaurus for all variants of Spanish.</name>
        <name lang="tt">Spanish spelling dictionary, hyphenation rules, and thesaurus for all variants of Spanish.</name>
        <name lang="ug">ئىسپانچە ئىملا لۇغىتى، ھەرپ ئۇلاش قائىدىسى ۋە ھەر خىل ئىسپانچە شىۋىلەر ئۈچۈن ھەرپ ئۇلاش قائىدىسى.</name>
        <name lang="uk">Іспанський орфографічний словник, правила переносу слів і словник синонімів для всіх варіантів іспанської мови.</name>
        <name lang="uz">Spanish spelling dictionary, hyphenation rules, and thesaurus for all variants of Spanish.</name>
        <name lang="ve">Spanish spelling dictionary, hyphenation rules, and thesaurus for all variants of Spanish.</name>
        <name lang="vec">Disionaro ortogràfego Spagnoło, règołe de siłabasion e disionaro de i sinònemi par tute łe varianti de spagnoło.</name>
        <name lang="vi">Spanish spelling dictionary, hyphenation rules, and thesaurus for all variants of Spanish.</name>
        <name lang="xh">Spanish spelling dictionary, hyphenation rules, and thesaurus for all variants of Spanish.</name>
        <name lang="zh-CN">西班牙语拼写词典、断词规则与同义词典，适用于各地区不同形式的西班牙语</name>
        <name lang="zh-TW">適用所有西班牙語變體的西班牙文拼寫詞典、斷字與禁忌規則、同義詞庫。</name>
        <name lang="zu">Spanish spelling dictionary, hyphenation rules, and thesaurus for all variants of Spanish.</name>
      <name lang="en-US">Spanish spelling dictionary, hyphenation rules, and thesaurus for all variants of Spanish.</name>
  </display-name>

  <platform value="all" />

  <dependencies>
      <OpenOffice.org-minimal-version value="3.0" d:name="OpenOffice.org 3.0" />
  </dependencies>

  <publisher>
      <name xlink:href="https://github.com/sbosio/rla-es" lang="es">Recursos Lingüísticos Abiertos del español (RLA-ES)</name>
      <name xlink:href="https://github.com/sbosio/rla-es" lang="en">Open language resources for Spanish (RLA-ES)</name>
  </publisher>
  <icon>
    <default xlink:href="RLA-ES.png" />
  </icon>
</description>
