<?xml version="1.0" ?>
<article uri="http://libmeta.ru/fme/article/1000_INVARIANTNOE">
  <title>ИНВАРИАНТНОЕ МНОГООБРАЗИЕ</title>
  <authors>
    <author>М. Б. Севрюк</author>
  </authors>
  <title_short/>
  <pages>
    <start>213</start>
    <end>213</end>
  </pages>
  <literature>
    <literature_orig/>
  </literature>
  <formulas_main/>
  <formulas_aux>
    <formula uri="http://libmeta.ru/fme/formula/aux/1000_1_INVARIANTNOE">M</formula>
    <formula uri="http://libmeta.ru/fme/formula/aux/1000_2_INVARIANTNOE">M</formula>
    <formula uri="http://libmeta.ru/fme/formula/aux/1000_3_INVARIANTNOE">N</formula>
    <formula uri="http://libmeta.ru/fme/formula/aux/1000_4_INVARIANTNOE">d x / d t=V(x)</formula>
    <formula uri="http://libmeta.ru/fme/formula/aux/1000_5_INVARIANTNOE">M</formula>
    <formula uri="http://libmeta.ru/fme/formula/aux/1000_6_INVARIANTNOE">p \in N</formula>
    <formula uri="http://libmeta.ru/fme/formula/aux/1000_7_INVARIANTNOE">N</formula>
    <formula uri="http://libmeta.ru/fme/formula/aux/1000_8_INVARIANTNOE">N</formula>
    <formula uri="http://libmeta.ru/fme/formula/aux/1000_9_INVARIANTNOE">A: M \rightarrow M</formula>
    <formula uri="http://libmeta.ru/fme/formula/aux/1000_10_INVARIANTNOE">M(N</formula>
    <formula uri="http://libmeta.ru/fme/formula/aux/1000_11_INVARIANTNOE">A(N)=N)</formula>
    <formula uri="http://libmeta.ru/fme/formula/aux/1000_12_INVARIANTNOE">N</formula>
    <formula uri="http://libmeta.ru/fme/formula/aux/1000_13_INVARIANTNOE">d x / d t=V(x)</formula>
    <formula uri="http://libmeta.ru/fme/formula/aux/1000_14_INVARIANTNOE">\boldsymbol{V}</formula>
    <formula uri="http://libmeta.ru/fme/formula/aux/1000_15_INVARIANTNOE">\boldsymbol{V}</formula>
    <formula uri="http://libmeta.ru/fme/formula/aux/1000_16_INVARIANTNOE">p \in N</formula>
    <formula uri="http://libmeta.ru/fme/formula/aux/1000_17_INVARIANTNOE">N</formula>
  </formulas_aux>
  <relations/>
  <text> - инвариантное множество в фазовом многообразии $URI[[http://libmeta.ru/fme/formula/aux/1000_1_INVARIANTNOE]]/URI$, являюшееся подмногообразием $URI[[http://libmeta.ru/fme/formula/aux/1000_2_INVARIANTNOE]]/URI$. Основные примеры: а) И. м. $URI[[http://libmeta.ru/fme/formula/aux/1000_3_INVARIANTNOE]]/URI$ автономного обыкновенного дифференциального уравнения $URI[[http://libmeta.ru/fme/formula/aux/1000_4_INVARIANTNOE]]/URI$ на многообразии $URI[[http://libmeta.ru/fme/formula/aux/1000_5_INVARIANTNOE]]/URI$ (фазовая кривая уравнения, проходящая через любую точку $URI[[http://libmeta.ru/fme/formula/aux/1000_6_INVARIANTNOE]]/URI$, целиком лежит в $URI[[http://libmeta.ru/fme/formula/aux/1000_7_INVARIANTNOE]]/URI$; б) И. м. $URI[[http://libmeta.ru/fme/formula/aux/1000_8_INVARIANTNOE]]/URI$ диффеоморфизма $URI[[http://libmeta.ru/fme/formula/aux/1000_9_INVARIANTNOE]]/URI$ многообразия $URI[[http://libmeta.ru/fme/formula/aux/1000_10_INVARIANTNOE]]/URI$ удовлетворяет условию $URI[[http://libmeta.ru/fme/formula/aux/1000_11_INVARIANTNOE]]/URI$. Подмногообразие $URI[[http://libmeta.ru/fme/formula/aux/1000_12_INVARIANTNOE]]/URI$ является И. м. уравнения $URI[[http://libmeta.ru/fme/formula/aux/1000_13_INVARIANTNOE]]/URI$ (используют также термины «И. м. векторного поля $URI[[http://libmeta.ru/fme/formula/aux/1000_14_INVARIANTNOE]]/URI$ », «И. м. фазового потока

![](https://cdn.mathpix.com/cropped/2023_07_08_c81984b7c9579485d5dag-1.jpg?height=37&amp;width=813&amp;top_left_y=925&amp;top_left_x=935)
только тогда, когда вектор поля $URI[[http://libmeta.ru/fme/formula/aux/1000_15_INVARIANTNOE]]/URI$ в каждой точке $URI[[http://libmeta.ru/fme/formula/aux/1000_16_INVARIANTNOE]]/URI$ касается $URI[[http://libmeta.ru/fme/formula/aux/1000_17_INVARIANTNOE]]/URI$.

См. также Динамическая система.</text>
  <text_orig> - инвариантное множество в фазовом многообразии $M$, являюшееся подмногообразием $M$. Основные примеры: а) И. м. $N$ автономного обыкновенного дифференциального уравнения $d x / d t=V(x)$ на многообразии $M$ (фазовая кривая уравнения, проходящая через любую точку $p \in N$, целиком лежит в $N$; б) И. м. $N$ диффеоморфизма $A: M \rightarrow M$ многообразия $M(N$ удовлетворяет условию $A(N)=N)$. Подмногообразие $N$ является И. м. уравнения $d x / d t=V(x)$ (используют также термины «И. м. векторного поля $\boldsymbol{V}$ », «И. м. фазового потока

![](https://cdn.mathpix.com/cropped/2023_07_08_c81984b7c9579485d5dag-1.jpg?height=37&amp;width=813&amp;top_left_y=925&amp;top_left_x=935)
только тогда, когда вектор поля $\boldsymbol{V}$ в каждой точке $p \in N$ касается $N$.

См. также Динамическая система. М. Б. Севрюк.</text_orig>
</article>
