<?xml version="1.0" ?>
<article uri="http://libmeta.ru/fme/article/1000_INVARIANTNOE">
  <title>ИНВАРИАНТНОЕ ИНТЕГРИРОВАНИЕ</title>
  <author/>
  <title_short/>
  <pages>
    <start>213</start>
    <end>213</end>
  </pages>
  <literature>
    <literature_orig/>
  </literature>
  <formulas_main>
    <formula uri="http://libmeta.ru/fme/formula/main/1000_1_INVARIANTNOE">\int_{X} f \cdot \omega=\int_{X} T_{g} f \cdot \omega</formula>
    <formula uri="http://libmeta.ru/fme/formula/main/1000_2_INVARIANTNOE">T_{g} f(x)=f\left(g^{-1} x\right)</formula>
    <formula uri="http://libmeta.ru/fme/formula/main/1000_3_INVARIANTNOE">\int_{G} f(g) d \mu(g) .</formula>
    <formula uri="http://libmeta.ru/fme/formula/main/1000_4_INVARIANTNOE">\begin{aligned}
d \mu_{l}(g h) &amp;amp; =\Delta_{G}(h) d \mu_{l}(g), d \mu_{r}(h g)=\Delta_{G}(h) d \mu_{r}(g), \\
d \mu_{r}(g) &amp;amp; =\text { const } \cdot \Delta_{G}(g) d \mu_{l}(g)=\text { const } \cdot d \mu_{l}\left(g^{-1}\right),
\end{aligned}</formula>
    <formula uri="http://libmeta.ru/fme/formula/main/1000_5_INVARIANTNOE">\theta_{i}=\sum_{j} \theta_{i j}(x) d x_{j}, \quad \omega=\operatorname{det}\left\|\theta_{i j}\right\| d x_{1} \wedge \ldots \wedge d x_{n} .</formula>
  </formulas_main>
  <formulas_aux>
    <formula uri="http://libmeta.ru/fme/formula/aux/1000_1_INVARIANTNOE">X</formula>
    <formula uri="http://libmeta.ru/fme/formula/aux/1000_2_INVARIANTNOE">x_{1}, \ldots, x_{n}</formula>
    <formula uri="http://libmeta.ru/fme/formula/aux/1000_3_INVARIANTNOE">f(x)</formula>
    <formula uri="http://libmeta.ru/fme/formula/aux/1000_4_INVARIANTNOE">f \cdot \omega</formula>
    <formula uri="http://libmeta.ru/fme/formula/aux/1000_5_INVARIANTNOE">\omega=\rho(x) d x_{1} \wedge \ldots \wedge d x_{n}</formula>
    <formula uri="http://libmeta.ru/fme/formula/aux/1000_6_INVARIANTNOE">T_{g}</formula>
    <formula uri="http://libmeta.ru/fme/formula/aux/1000_7_INVARIANTNOE">X</formula>
    <formula uri="http://libmeta.ru/fme/formula/aux/1000_8_INVARIANTNOE">g \in G</formula>
    <formula uri="http://libmeta.ru/fme/formula/aux/1000_9_INVARIANTNOE">X=G</formula>
    <formula uri="http://libmeta.ru/fme/formula/aux/1000_10_INVARIANTNOE">G</formula>
    <formula uri="http://libmeta.ru/fme/formula/aux/1000_11_INVARIANTNOE">A \subset G</formula>
    <formula uri="http://libmeta.ru/fme/formula/aux/1000_12_INVARIANTNOE">\chi_{A}</formula>
    <formula uri="http://libmeta.ru/fme/formula/aux/1000_13_INVARIANTNOE">A</formula>
    <formula uri="http://libmeta.ru/fme/formula/aux/1000_14_INVARIANTNOE">A)</formula>
    <formula uri="http://libmeta.ru/fme/formula/aux/1000_15_INVARIANTNOE">\mu(A)</formula>
    <formula uri="http://libmeta.ru/fme/formula/aux/1000_16_INVARIANTNOE">\mu\left(g^{-1} A\right)=\mu(A)</formula>
    <formula uri="http://libmeta.ru/fme/formula/aux/1000_17_INVARIANTNOE">g \in G</formula>
    <formula uri="http://libmeta.ru/fme/formula/aux/1000_18_INVARIANTNOE">\mu</formula>
    <formula uri="http://libmeta.ru/fme/formula/aux/1000_19_INVARIANTNOE">f</formula>
    <formula uri="http://libmeta.ru/fme/formula/aux/1000_20_INVARIANTNOE">\mathrm{X}</formula>
    <formula uri="http://libmeta.ru/fme/formula/aux/1000_21_INVARIANTNOE">\Delta_{G}</formula>
    <formula uri="http://libmeta.ru/fme/formula/aux/1000_22_INVARIANTNOE">G</formula>
    <formula uri="http://libmeta.ru/fme/formula/aux/1000_23_INVARIANTNOE">\mathbf{K}</formula>
    <formula uri="http://libmeta.ru/fme/formula/aux/1000_24_INVARIANTNOE">d \mu_{r}</formula>
    <formula uri="http://libmeta.ru/fme/formula/aux/1000_25_INVARIANTNOE">d \mu_{l}-</formula>
    <formula uri="http://libmeta.ru/fme/formula/aux/1000_26_INVARIANTNOE">\Delta_{G}(g)</formula>
    <formula uri="http://libmeta.ru/fme/formula/aux/1000_27_INVARIANTNOE">G</formula>
    <formula uri="http://libmeta.ru/fme/formula/aux/1000_28_INVARIANTNOE">\Delta_{G} \equiv 1</formula>
    <formula uri="http://libmeta.ru/fme/formula/aux/1000_29_INVARIANTNOE">G</formula>
    <formula uri="http://libmeta.ru/fme/formula/aux/1000_30_INVARIANTNOE">G-n</formula>
    <formula uri="http://libmeta.ru/fme/formula/aux/1000_31_INVARIANTNOE">\theta_{1}, \ldots, \theta_{n}-</formula>
    <formula uri="http://libmeta.ru/fme/formula/aux/1000_32_INVARIANTNOE">G</formula>
    <formula uri="http://libmeta.ru/fme/formula/aux/1000_33_INVARIANTNOE">G</formula>
    <formula uri="http://libmeta.ru/fme/formula/aux/1000_34_INVARIANTNOE">n</formula>
    <formula uri="http://libmeta.ru/fme/formula/aux/1000_35_INVARIANTNOE">\omega=\theta_{1} \wedge \ldots \wedge \theta_{n}</formula>
    <formula uri="http://libmeta.ru/fme/formula/aux/1000_36_INVARIANTNOE">\theta_{i}</formula>
    <formula uri="http://libmeta.ru/fme/formula/aux/1000_37_INVARIANTNOE">G</formula>
    <formula uri="http://libmeta.ru/fme/formula/aux/1000_38_INVARIANTNOE">1-ф о р м а g^{-1} d g</formula>
    <formula uri="http://libmeta.ru/fme/formula/aux/1000_39_INVARIANTNOE">G L(n, R)</formula>
    <formula uri="http://libmeta.ru/fme/formula/aux/1000_40_INVARIANTNOE">(\operatorname{det} g)^{-n} \hat{i j} d g_{i j}</formula>
    <formula uri="http://libmeta.ru/fme/formula/aux/1000_41_INVARIANTNOE">X=G / H</formula>
    <formula uri="http://libmeta.ru/fme/formula/aux/1000_42_INVARIANTNOE">G</formula>
    <formula uri="http://libmeta.ru/fme/formula/aux/1000_43_INVARIANTNOE">H</formula>
    <formula uri="http://libmeta.ru/fme/formula/aux/1000_44_INVARIANTNOE">X</formula>
    <formula uri="http://libmeta.ru/fme/formula/aux/1000_45_INVARIANTNOE">h \in H</formula>
    <formula uri="http://libmeta.ru/fme/formula/aux/1000_46_INVARIANTNOE">\Delta_{G}(h)=\Delta_{H}(h)</formula>
    <formula uri="http://libmeta.ru/fme/formula/aux/1000_47_INVARIANTNOE">H</formula>
  </formulas_aux>
  <relations/>
  <text> - вИД ИНТеГРИрования для функций, аргументом которых являются элементы группы или точки однородного пространства (любую точку такого пространства можно перевести в другую заданным действием группы). И. и. согласовано с действием группы: значение интеграла не меняется при заменах переменных, отвечающих этому действию, а якобиан замены равен 1.

И. и.- стандартный прием для построения функционального интеграла, служащего эффективным средством изучения калибровочных полей, различных моделей квантовой теории поля.

Если пространство аргументов $URI[[http://libmeta.ru/fme/formula/aux/1000_1_INVARIANTNOE]]/URI$ является многообразием (то есть допускает введение локальных координат $URI[[http://libmeta.ru/fme/formula/aux/1000_2_INVARIANTNOE]]/URI$ ), И. и. функции $URI[[http://libmeta.ru/fme/formula/aux/1000_3_INVARIANTNOE]]/URI$ сводится к вычислению интеграла от дифференциальной формы $URI[[http://libmeta.ru/fme/formula/aux/1000_4_INVARIANTNOE]]/URI$, где $URI[[http://libmeta.ru/fme/formula/aux/1000_5_INVARIANTNOE]]/URI$. Условие согласования имеет вид:

\[
URI[[http://libmeta.ru/fme/formula/main/1000_1_INVARIANTNOE]]/URI
\]

здесь $URI[[http://libmeta.ru/fme/formula/aux/1000_6_INVARIANTNOE]]/URI$ означает оператор сдвига на $URI[[http://libmeta.ru/fme/formula/aux/1000_7_INVARIANTNOE]]/URI$ с помощью $URI[[http://libmeta.ru/fme/formula/aux/1000_8_INVARIANTNOE]]/URI$.

\[
URI[[http://libmeta.ru/fme/formula/main/1000_2_INVARIANTNOE]]/URI
\]

Пусть $URI[[http://libmeta.ru/fme/formula/aux/1000_9_INVARIANTNOE]]/URI$ - топологич. группа, действующая на себя левыми сдвигами. И. и. сушествует тогда и только тогда, когда $URI[[http://libmeta.ru/fme/formula/aux/1000_10_INVARIANTNOE]]/URI$ локально компактна (в частности, на бесконечномерных группах И. и. не существует). Для подмножества $URI[[http://libmeta.ru/fme/formula/aux/1000_11_INVARIANTNOE]]/URI$ И. и. характеристич. функшии $URI[[http://libmeta.ru/fme/formula/aux/1000_12_INVARIANTNOE]]/URI$ (равной 1 на $URI[[http://libmeta.ru/fme/formula/aux/1000_13_INVARIANTNOE]]/URI$ и 0 вне $URI[[http://libmeta.ru/fme/formula/aux/1000_14_INVARIANTNOE]]/URI$ задает ле в ую ме ру Хаара $URI[[http://libmeta.ru/fme/formula/aux/1000_15_INVARIANTNOE]]/URI$. Определяющим свойством этой меры является ее инвариантность при левых сдвигах: $URI[[http://libmeta.ru/fme/formula/aux/1000_16_INVARIANTNOE]]/URI$ для всех $URI[[http://libmeta.ru/fme/formula/aux/1000_17_INVARIANTNOE]]/URI$. Левая мера Хаара на группе определена однозначно с точностью до положительного скалярного множителя. Если известна меpa Хаара $URI[[http://libmeta.ru/fme/formula/aux/1000_18_INVARIANTNOE]]/URI$, то И. и. функции $URI[[http://libmeta.ru/fme/formula/aux/1000_19_INVARIANTNOE]]/URI$ дается формулой

\[
URI[[http://libmeta.ru/fme/formula/main/1000_3_INVARIANTNOE]]/URI
\]

Аналогичными свойствами обладает правая мера $URI[[http://libmeta.ru/fme/formula/aux/1000_20_INVARIANTNOE]]/URI$ a a a. Существует непрерывный гомоморфизм (отображение, сохраняюшее групповое свойство) $URI[[http://libmeta.ru/fme/formula/aux/1000_21_INVARIANTNOE]]/URI$ группы $URI[[http://libmeta.ru/fme/formula/aux/1000_22_INVARIANTNOE]]/URI$ в группу (относительно умножения) положительных чисел, для $URI[[http://libmeta.ru/fme/formula/aux/1000_23_INVARIANTNOE]]/URI$-рого

\[
URI[[http://libmeta.ru/fme/formula/main/1000_4_INVARIANTNOE]]/URI
\]

где $URI[[http://libmeta.ru/fme/formula/aux/1000_24_INVARIANTNOE]]/URI$ и $URI[[http://libmeta.ru/fme/formula/aux/1000_25_INVARIANTNOE]]/URI$ правая и левая меры Хаара. Функцию $URI[[http://libmeta.ru/fme/formula/aux/1000_26_INVARIANTNOE]]/URI$ называют м одуле м группы $URI[[http://libmeta.ru/fme/formula/aux/1000_27_INVARIANTNOE]]/URI$. Если $URI[[http://libmeta.ru/fme/formula/aux/1000_28_INVARIANTNOE]]/URI$, то группа $URI[[http://libmeta.ru/fme/formula/aux/1000_29_INVARIANTNOE]]/URI$ называется унимодулярной; в этом случае правая и левая меры Хаара совпадают. Компактные, полупростые и нильпотентные (в частности, коммутативные) группы унимодулярны. Если $URI[[http://libmeta.ru/fme/formula/aux/1000_30_INVARIANTNOE]]/URI$-мерная группа Ли и $URI[[http://libmeta.ru/fme/formula/aux/1000_31_INVARIANTNOE]]/URI$ базис в пространстве левоинвариантных 1-форм на $URI[[http://libmeta.ru/fme/formula/aux/1000_32_INVARIANTNOE]]/URI$, то левая мера Хаара на $URI[[http://libmeta.ru/fme/formula/aux/1000_33_INVARIANTNOE]]/URI$ задается $URI[[http://libmeta.ru/fme/formula/aux/1000_34_INVARIANTNOE]]/URI$-формой $URI[[http://libmeta.ru/fme/formula/aux/1000_35_INVARIANTNOE]]/URI$. В локальных координатах

\[
URI[[http://libmeta.ru/fme/formula/main/1000_5_INVARIANTNOE]]/URI
\]

Для вычисления форм $URI[[http://libmeta.ru/fme/formula/aux/1000_36_INVARIANTNOE]]/URI$ можно воспользоваться любой матричной реализацией группы $URI[[http://libmeta.ru/fme/formula/aux/1000_37_INVARIANTNOE]]/URI$ : матричная $URI[[http://libmeta.ru/fme/formula/aux/1000_38_INVARIANTNOE]]/URI$ левоинвариантна, а ее коэффициенты являются левоинва- риантными скалярными 1-формами, из к-рых и выбирается искомый базис. Напр., полная матричная группа $URI[[http://libmeta.ru/fme/formula/aux/1000_39_INVARIANTNOE]]/URI$ унимодулярна и мера Хаара на ней задается формой $URI[[http://libmeta.ru/fme/formula/aux/1000_40_INVARIANTNOE]]/URI$.

Пусть $URI[[http://libmeta.ru/fme/formula/aux/1000_41_INVARIANTNOE]]/URI$ - однородное пространство, для к-рого локально компактная группа $URI[[http://libmeta.ru/fme/formula/aux/1000_42_INVARIANTNOE]]/URI$ является группой преобразований, а замкнутая подгруппа $URI[[http://libmeta.ru/fme/formula/aux/1000_43_INVARIANTNOE]]/URI$ - стабилизатором нек-рой точки. Для того чтобы на $URI[[http://libmeta.ru/fme/formula/aux/1000_44_INVARIANTNOE]]/URI$ существовало И. и., необходимо и достаточно, чтобы для всех $URI[[http://libmeta.ru/fme/formula/aux/1000_45_INVARIANTNOE]]/URI$ выполнялось равенство $URI[[http://libmeta.ru/fme/formula/aux/1000_46_INVARIANTNOE]]/URI$. В частности, это верно в случае, когда $URI[[http://libmeta.ru/fme/formula/aux/1000_47_INVARIANTNOE]]/URI$ компактна или полупроста.

Полной теории И. и. на бесконечномерных многообразиях не сушествует.

Лит.: [1] В е йл ь А., Интегрирование в топологических группах и его применения, пер. с франц., М., 1950; [2] К и р и лл о в А. А., Элементы теории представлений, 2 изд., М., 1978; [3] Славн о в А. А., Ф а д е е в Л. Д., Введение в квантовую теорию калибровочных полей, 2 изд., М., 1988. А. А. Кириллов.
</text>
  <text_orig> - вИД ИНТеГРИрования для функций, аргументом которых являются элементы группы или точки однородного пространства (любую точку такого пространства можно перевести в другую заданным действием группы). И. и. согласовано с действием группы: значение интеграла не меняется при заменах переменных, отвечающих этому действию, а якобиан замены равен 1.

И. и.- стандартный прием для построения функционального интеграла, служащего эффективным средством изучения калибровочных полей, различных моделей квантовой теории поля.

Если пространство аргументов $X$ является многообразием (то есть допускает введение локальных координат $x_{1}, \ldots, x_{n}$ ), И. и. функции $f(x)$ сводится к вычислению интеграла от дифференциальной формы $f \cdot \omega$, где $\omega=\rho(x) d x_{1} \wedge \ldots \wedge d x_{n}$. Условие согласования имеет вид:

\[
\int_{X} f \cdot \omega=\int_{X} T_{g} f \cdot \omega
\]

здесь $T_{g}$ означает оператор сдвига на $X$ с помощью $g \in G$.

\[
T_{g} f(x)=f\left(g^{-1} x\right)
\]

Пусть $X=G$ - топологич. группа, действующая на себя левыми сдвигами. И. и. сушествует тогда и только тогда, когда $G$ локально компактна (в частности, на бесконечномерных группах И. и. не существует). Для подмножества $A \subset G$ И. и. характеристич. функшии $\chi_{A}$ (равной 1 на $A$ и 0 вне $A)$ задает ле в ую ме ру Хаара $\mu(A)$. Определяющим свойством этой меры является ее инвариантность при левых сдвигах: $\mu\left(g^{-1} A\right)=\mu(A)$ для всех $g \in G$. Левая мера Хаара на группе определена однозначно с точностью до положительного скалярного множителя. Если известна меpa Хаара $\mu$, то И. и. функции $f$ дается формулой

\[
\int_{G} f(g) d \mu(g) .
\]

Аналогичными свойствами обладает правая мера $\mathrm{X}$ a a a. Существует непрерывный гомоморфизм (отображение, сохраняюшее групповое свойство) $\Delta_{G}$ группы $G$ в группу (относительно умножения) положительных чисел, для $\mathbf{K}$-рого

\[
\begin{aligned}
d \mu_{l}(g h) &amp;amp; =\Delta_{G}(h) d \mu_{l}(g), d \mu_{r}(h g)=\Delta_{G}(h) d \mu_{r}(g), \\
d \mu_{r}(g) &amp;amp; =\text { const } \cdot \Delta_{G}(g) d \mu_{l}(g)=\text { const } \cdot d \mu_{l}\left(g^{-1}\right),
\end{aligned}
\]

где $d \mu_{r}$ и $d \mu_{l}-$ правая и левая меры Хаара. Функцию $\Delta_{G}(g)$ называют м одуле м группы $G$. Если $\Delta_{G} \equiv 1$, то группа $G$ называется унимодулярной; в этом случае правая и левая меры Хаара совпадают. Компактные, полупростые и нильпотентные (в частности, коммутативные) группы унимодулярны. Если $G-n$-мерная группа Ли и $\theta_{1}, \ldots, \theta_{n}-$ базис в пространстве левоинвариантных 1-форм на $G$, то левая мера Хаара на $G$ задается $n$-формой $\omega=\theta_{1} \wedge \ldots \wedge \theta_{n}$. В локальных координатах

\[
\theta_{i}=\sum_{j} \theta_{i j}(x) d x_{j}, \quad \omega=\operatorname{det}\left\|\theta_{i j}\right\| d x_{1} \wedge \ldots \wedge d x_{n} .
\]

Для вычисления форм $\theta_{i}$ можно воспользоваться любой матричной реализацией группы $G$ : матричная $1-ф о р м а g^{-1} d g$ левоинвариантна, а ее коэффициенты являются левоинва- риантными скалярными 1-формами, из к-рых и выбирается искомый базис. Напр., полная матричная группа $G L(n, R)$ унимодулярна и мера Хаара на ней задается формой $(\operatorname{det} g)^{-n} \hat{i j} d g_{i j}$.

Пусть $X=G / H$ - однородное пространство, для к-рого локально компактная группа $G$ является группой преобразований, а замкнутая подгруппа $H$ - стабилизатором нек-рой точки. Для того чтобы на $X$ существовало И. и., необходимо и достаточно, чтобы для всех $h \in H$ выполнялось равенство $\Delta_{G}(h)=\Delta_{H}(h)$. В частности, это верно в случае, когда $H$ компактна или полупроста.

Полной теории И. и. на бесконечномерных многообразиях не сушествует.

Лит.: [1] В е йл ь А., Интегрирование в топологических группах и его применения, пер. с франц., М., 1950; [2] К и р и лл о в А. А., Элементы теории представлений, 2 изд., М., 1978; [3] Славн о в А. А., Ф а д е е в Л. Д., Введение в квантовую теорию калибровочных полей, 2 изд., М., 1988. А. А. Кириллов.
</text_orig>
</article>
