<?xml version="1.0" ?>
<article uri="http://libmeta.ru/fme/article/1001_INVARIANTNAJa" alphabetic_pos="1003">
  <title>ИНВАРИАНТНАЯ РЕГУЛЯРИЗАЦИЯ</title>
  <authors>
    <author>A. А. Славнов</author>
  </authors>
  <title_short/>
  <pages>
    <start>213</start>
    <end>213</end>
  </pages>
  <literature>
    <literature_orig/>
  </literature>
  <formulas_main/>
  <formulas_aux>
    <formula uri="http://libmeta.ru/fme/formula/aux/1001_1_INVARIANTNAJa">\quad</formula>
  </formulas_aux>
  <relations>
    <relation uri="http://libmeta.ru/fme/relation/1001_1_INVARIANTNAJa">
      <rel_text>высших ковариантных производных метод</rel_text>
      <target>http://libmeta.ru/fme/article/490_VYSShIH</target>
    </relation>
    <relation uri="http://libmeta.ru/fme/relation/1001_2_INVARIANTNAJa">
      <rel_text>размерную регуляризацию</rel_text>
      <target>http://libmeta.ru/fme/article/2511_RAZMERNAJa</target>
    </relation>
    <relation uri="http://libmeta.ru/fme/relation/1001_3_INVARIANTNAJa">
      <rel_text>калибровочную инвариантность</rel_text>
      <target>http://libmeta.ru/fme/article/1076_KALIBROVOChNAJa</target>
    </relation>
    <relation uri="http://libmeta.ru/fme/relation/1001_4_INVARIANTNAJa">
      <rel_text>диаграммам Фейнмана</rel_text>
      <target>http://libmeta.ru/fme/article/3257_FEJNMANA</target>
    </relation>
    <relation uri="http://libmeta.ru/fme/relation/1001_5_INVARIANTNAJa">
      <rel_text>регуляризации</rel_text>
      <target>http://libmeta.ru/fme/article/2575_REGULJaRIZATsI</target>
    </relation>
    <relation uri="http://libmeta.ru/fme/relation/1001_6_INVARIANTNAJa">
      <rel_text>калибровочную инвариантность</rel_text>
      <target>http://libmeta.ru/fme/article/1076_KALIBROVOChNAJa</target>
    </relation>
    <relation uri="http://libmeta.ru/fme/relation/1001_7_INVARIANTNAJa">
      <rel_text>квантовой теории поля</rel_text>
      <target>http://libmeta.ru/fme/article/1178_KVANTOVAJa</target>
    </relation>
    <relation uri="http://libmeta.ru/fme/relation/1001_8_INVARIANTNAJa">
      <rel_text>группы</rel_text>
      <target>http://libmeta.ru/fme/article/737_GRUPP</target>
    </relation>
    <relation uri="http://libmeta.ru/fme/relation/1001_9_INVARIANTNAJa">
      <rel_text>инвариантность</rel_text>
      <target>http://libmeta.ru/fme/article/1008_INVARIANTNOST</target>
    </relation>
    <relation uri="http://libmeta.ru/fme/relation/1001_10_INVARIANTNAJa">
      <rel_text>регуляризация</rel_text>
      <target>http://libmeta.ru/fme/article/2575_REGULJaRIZATsI</target>
    </relation>
  </relations>
  <text>URI[[http://libmeta.ru/fme/relation/1001_10_INVARIANTNAJa]]/URI, сохраняющая URI[[http://libmeta.ru/fme/relation/1001_9_INVARIANTNAJa]]/URI относительно некоторой URI[[http://libmeta.ru/fme/relation/1001_8_INVARIANTNAJa]]/URI преобразований. В более узком смысле термин «и. р.» применяется в URI[[http://libmeta.ru/fme/relation/1001_7_INVARIANTNAJa]]/URI для обозначения сохраняющей URI[[http://libmeta.ru/fme/relation/1001_6_INVARIANTNAJa]]/URI URI[[http://libmeta.ru/fme/relation/1001_5_INVARIANTNAJa]]/URI интегралов, отвечающих URI[[http://libmeta.ru/fme/relation/1001_4_INVARIANTNAJa]]/URI. Существование И. р. является достаточным условием возможности построения калибровочно инвариантной квантовой теории. Если это условие не выполнено, то возможно появление квантовых аномалий, нарушающих URI[[http://libmeta.ru/fme/relation/1001_3_INVARIANTNAJa]]/URI на квантовом уровне. В качестве И. p. применяют URI[[http://libmeta.ru/fme/relation/1001_2_INVARIANTNAJa]]/URI, URI[[http://libmeta.ru/fme/relation/1001_1_INVARIANTNAJa]]/URI, переход к калибровочной теории в решетчатом пространстве-времени. $URI[[http://libmeta.ru/fme/formula/aux/1001_1_INVARIANTNAJa]]/URI$</text>
  <text_orig>реГУЛЯрИЗацИЯ, сохраняющая инвариантность относительно некоторой группы преобразований. В более узком смысле термин «И. р.» применяется в квантовой теории поля для обозначения сохраняющей калибровочную инвариантность регуляризации интегралов, отвечающих диаграммам Фейнмана. Существование И. р. является достаточным условием возможности построения калибровочно инвариантной квантовой теории. Если это условие не выполнено, то возможно появление квантовых аномалий, нарушающих калибровочную инвариантность на квантовом уровне. В качестве И. p. применяют размерную регуляризацию, высших ковариантных производных метод, переход к калибровочной теории в решетчатом пространстве-времени. $\quad$ A. А. Славнов.</text_orig>
</article>
