<?xml version="1.0" ?>
<article uri="http://libmeta.ru/fme/article/1009_INVARIANTNYJ">
  <title>ИНВАРИАНТНЫЙ ЗАРЯД В КВАНТОВОЙ ТЕОРИИ ПОЛЯ</title>
  <authors>
    <author>Д. И. Казаков</author>
  </authors>
  <title_short/>
  <pages>
    <start>214</start>
    <end>214</end>
  </pages>
  <literature>
    <literature_orig>Лum.: [1] Б о гол юб о в Н. Н., Ш и р к о в Д. В., Введение в теорию квантованных полей, 4 изд., М., $1984 . \quad$</literature_orig>
    <unit>
      <author>Боголюбов Н. Н.</author>
      <author>Ширков Д. В.</author>
      <title>Введение в теорию квантованных полей</title>
      <publication>4 изд., М.</publication>
      <year>1984</year>
      <other/>
    </unit>
  </literature>
  <formulas_main>
    <formula uri="http://libmeta.ru/fme/formula/main/1009_1_INVARIANTNYJ">\begin{gathered}
\bar{g}=g \Gamma\left(\left\{p^{2} / \lambda^{2}\right\}, m^{2} / \lambda^{2}, g\right) \prod_{i=1}^{3} G_{i}^{1 / 2}\left(p^{2} / \lambda^{2}, m^{2} / \lambda^{2}, g\right), \\
\bar{e}=e D^{1 / 2}\left(p^{2} / \lambda^{2}, m^{2} / \lambda^{2}, e\right),
\end{gathered}</formula>
  </formulas_main>
  <formulas_aux>
    <formula uri="http://libmeta.ru/fme/formula/aux/1009_1_INVARIANTNYJ">g</formula>
    <formula uri="http://libmeta.ru/fme/formula/aux/1009_2_INVARIANTNYJ">e-</formula>
    <formula uri="http://libmeta.ru/fme/formula/aux/1009_3_INVARIANTNYJ">\gamma-</formula>
    <formula uri="http://libmeta.ru/fme/formula/aux/1009_4_INVARIANTNYJ">g</formula>
    <formula uri="http://libmeta.ru/fme/formula/aux/1009_5_INVARIANTNYJ">d-</formula>
    <formula uri="http://libmeta.ru/fme/formula/aux/1009_6_INVARIANTNYJ">\lambda</formula>
  </formulas_aux>
  <relations/>
  <text>мультипликативная комбинация заряда и обезразмеренных функций Грина, инвариантная относительно преобразований ренормализационной группы и нормированная на заряд. В нек-рых схемах перенормировки И. 3.

214 Инвариантный совпадает с эффективным зарядом. И. з. является функцией импульсов, масс и зарядов и удовлетворяет функциональным и дифференциальным уравнениям ренормализационной группы с нулевой аномальной размерностью. Понятие И. з. было введено в 1955 Н. Н. Боголюбовым и Д. В. Ширковым.

В квантовой теории поля И. з. отвечают каждой вершине взаимодействия. Так, в квантовой хромо- и электродинамике можно ввести следующие И. з.:

\[
URI[[http://libmeta.ru/fme/formula/main/1009_1_INVARIANTNYJ]]/URI
\]

где $URI[[http://libmeta.ru/fme/formula/aux/1009_1_INVARIANTNYJ]]/URI$ и $URI[[http://libmeta.ru/fme/formula/aux/1009_2_INVARIANTNYJ]]/URI$ цветной и электрич. заряды соответственно, $URI[[http://libmeta.ru/fme/formula/aux/1009_3_INVARIANTNYJ]]/URI$ трехглюонная вершина, $URI[[http://libmeta.ru/fme/formula/aux/1009_4_INVARIANTNYJ]]/URI$ и $URI[[http://libmeta.ru/fme/formula/aux/1009_5_INVARIANTNYJ]]/URI$ глюонный и фотонный пропагаторы, $URI[[http://libmeta.ru/fme/formula/aux/1009_6_INVARIANTNYJ]]/URI$ - точка нормировки, в к-рой И. 3. равен обычному заряду.

И. 3., наряду с эффективным зарядом, играет ключевую роль в решении уравнений ренормализационной группы и при анализе ультрафиолетовых и инфракрасных асимптотик функций Грина. В более общем случае И.з.- ренорм-инвариантная функция, нормированная на заряд.</text>
  <text_orig>мультипликативная комбинация заряда и обезразмеренных функций Грина, инвариантная относительно преобразований ренормализационной группы и нормированная на заряд. В нек-рых схемах перенормировки И. 3.

214 ИНВАРИАНТНЫЙ совпадает с эффективным зарядом. И. з. является функцией импульсов, масс и зарядов и удовлетворяет функциональным и дифференциальным уравнениям ренормализационной группы с нулевой аномальной размерностью. Понятие И. з. было введено в 1955 Н. Н. Боголюбовым и Д. В. ШирковЫМ.

В квантовой теории поля И. з. отвечают каждой вершине взаимодействия. Так, в квантовой хромо- и электродинамике можно ввести следующие И. з.:

\[
\begin{gathered}
\bar{g}=g \Gamma\left(\left\{p^{2} / \lambda^{2}\right\}, m^{2} / \lambda^{2}, g\right) \prod_{i=1}^{3} G_{i}^{1 / 2}\left(p^{2} / \lambda^{2}, m^{2} / \lambda^{2}, g\right), \\
\bar{e}=e D^{1 / 2}\left(p^{2} / \lambda^{2}, m^{2} / \lambda^{2}, e\right),
\end{gathered}
\]

где $g$ и $e-$ цветной и электрич. заряды соответственно, $\Gamma-$ трехглюонная вершина, $G$ и $D-$ глюонный и фотонный пропагаторы, $\lambda$ - точка нормировки, в к-рой И. 3. равен обычному заряду.

И. 3., наряду с эффективным зарядом, играет ключевую роль в решении уравнений ренормализационной группы и при анализе ультрафиолетовых и инфракрасных асимптотик функций Грина. В более общем случае И.з.- ренорм-инвариантная функция, нормированная на заряд.

Лum.: [1] Б о гол юб о в Н. Н., Ш и р к о в Д. В., Введение в теорию квантованных полей, 4 изд., М., $1984 . \quad$ Д. И. Казаков.</text_orig>
</article>
