<?xml version="1.0" ?>
<article uri="http://libmeta.ru/fme/article/100_ANTISIMMETRIChNOE">
  <title>АНТИСИММЕТРИЧНОЕ ПРОСТРАНСТВО ФОКА</title>
  <author/>
  <title_short/>
  <pages>
    <start>29</start>
    <end>29</end>
  </pages>
  <literature>
    <literature_orig/>
  </literature>
  <formulas_main/>
  <formulas_aux>
    <formula uri="http://libmeta.ru/fme/formula/aux/100_1_ANTISIMMETRIChNOE">\mathrm{CM}</formula>
  </formulas_aux>
  <relations/>
  <text> - $URI[[http://libmeta.ru/fme/formula/aux/100_1_ANTISIMMETRIChNOE]]/URI$. Фока пространство.
</text>
  <text_orig> - $\mathrm{CM}$. Фока пространство.
</text_orig>
</article>
