<?xml version="1.0" ?>
<article uri="http://libmeta.ru/fme/article/100_ANTISIMMETRIChNOE" alphabetic_pos="100">
  <title>АНТИСИММЕТРИЧНОЕ ПРОСТРАНСТВО ФОКА</title>
  <authors/>
  <title_short/>
  <pages>
    <start>29</start>
    <end>29</end>
  </pages>
  <literature>
    <literature_orig/>
  </literature>
  <formulas_main/>
  <formulas_aux>
    <formula uri="http://libmeta.ru/fme/formula/aux/100_1_ANTISIMMETRIChNOE">\mathrm{cm}</formula>
  </formulas_aux>
  <relations>
    <relation uri="http://libmeta.ru/fme/relation/100_1_ANTISIMMETRIChNOE">
      <rel_text>Фока пространство</rel_text>
      <target>http://libmeta.ru/fme/article/3285_FOKA</target>
    </relation>
  </relations>
  <text>$URI[[http://libmeta.ru/fme/formula/aux/100_1_ANTISIMMETRIChNOE]]/URI$. URI[[http://libmeta.ru/fme/relation/100_1_ANTISIMMETRIChNOE]]/URI.</text>
  <text_orig>$\mathrm{CM}$. Фока пространство.</text_orig>
</article>
