<?xml version="1.0" ?>
<article uri="http://libmeta.ru/fme/article/1012_INVOLJuTIVNOE" alphabetic_pos="1014">
  <title>ИНВОЛЮТИВНОЕ ПОДМНОГООБРАЗИЕ</title>
  <authors/>
  <title_short/>
  <pages>
    <start>215</start>
    <end>215</end>
  </pages>
  <literature>
    <literature_orig/>
  </literature>
  <formulas_main/>
  <formulas_aux/>
  <relations>
    <relation uri="http://libmeta.ru/fme/relation/1012_1_INVOLJuTIVNOE">
      <rel_text>Симплектическая</rel_text>
      <target>http://libmeta.ru/fme/article/2754_SIMPLEKTIZATsI</target>
    </relation>
  </relations>
  <text>см. URI[[http://libmeta.ru/fme/relation/1012_1_INVOLJuTIVNOE]]/URI геометрия.</text>
  <text_orig>см. Симплектическая геометрия.</text_orig>
</article>
