<?xml version="1.0" ?>
<article uri="http://libmeta.ru/fme/article/1014_INDUTsIROVANNOE">
  <title>ИНДУЦИРОВАННОЕ ПРЕДСТАВЛЕНИЕ</title>
  <author/>
  <title_short/>
  <pages>
    <start>215</start>
    <end>215</end>
  </pages>
  <literature>
    <literature_orig/>
  </literature>
  <formulas_main>
    <formula uri="http://libmeta.ru/fme/formula/main/1014_1_INDUTsIROVANNOE">f(h g)=\rho(h) f(g)</formula>
    <formula uri="http://libmeta.ru/fme/formula/main/1014_2_INDUTsIROVANNOE">\left[\pi\left(g_{1}\right) f\right](g)=f\left(g g_{1}\right)</formula>
  </formulas_main>
  <formulas_aux>
    <formula uri="http://libmeta.ru/fme/formula/aux/1014_1_INDUTsIROVANNOE">\pi</formula>
    <formula uri="http://libmeta.ru/fme/formula/aux/1014_2_INDUTsIROVANNOE">G</formula>
    <formula uri="http://libmeta.ru/fme/formula/aux/1014_3_INDUTsIROVANNOE">\rho</formula>
    <formula uri="http://libmeta.ru/fme/formula/aux/1014_4_INDUTsIROVANNOE">H</formula>
    <formula uri="http://libmeta.ru/fme/formula/aux/1014_5_INDUTsIROVANNOE">\pi</formula>
    <formula uri="http://libmeta.ru/fme/formula/aux/1014_6_INDUTsIROVANNOE">G</formula>
    <formula uri="http://libmeta.ru/fme/formula/aux/1014_7_INDUTsIROVANNOE">E</formula>
    <formula uri="http://libmeta.ru/fme/formula/aux/1014_8_INDUTsIROVANNOE">f</formula>
    <formula uri="http://libmeta.ru/fme/formula/aux/1014_9_INDUTsIROVANNOE">G</formula>
    <formula uri="http://libmeta.ru/fme/formula/aux/1014_10_INDUTsIROVANNOE">V</formula>
    <formula uri="http://libmeta.ru/fme/formula/aux/1014_11_INDUTsIROVANNOE">\rho</formula>
    <formula uri="http://libmeta.ru/fme/formula/aux/1014_12_INDUTsIROVANNOE">g \in G, h \in H</formula>
    <formula uri="http://libmeta.ru/fme/formula/aux/1014_13_INDUTsIROVANNOE">f \in E, g, g_{1} \in G</formula>
    <formula uri="http://libmeta.ru/fme/formula/aux/1014_14_INDUTsIROVANNOE">\pi</formula>
    <formula uri="http://libmeta.ru/fme/formula/aux/1014_15_INDUTsIROVANNOE">\rho</formula>
  </formulas_aux>
  <relations/>
  <text> - Представление $URI[[http://libmeta.ru/fme/formula/aux/1014_1_INDUTsIROVANNOE]]/URI$ локально компактной группы $URI[[http://libmeta.ru/fme/formula/aux/1014_2_INDUTsIROVANNOE]]/URI$, индуцированное представлением $URI[[http://libmeta.ru/fme/formula/aux/1014_3_INDUTsIROVANNOE]]/URI$ ее замкнутой подгруппы $URI[[http://libmeta.ru/fme/formula/aux/1014_4_INDUTsIROVANNOE]]/URI$. Точнее, представление $URI[[http://libmeta.ru/fme/formula/aux/1014_5_INDUTsIROVANNOE]]/URI$ группы $URI[[http://libmeta.ru/fme/formula/aux/1014_6_INDUTsIROVANNOE]]/URI$ в некотором пространстве $URI[[http://libmeta.ru/fme/formula/aux/1014_7_INDUTsIROVANNOE]]/URI$ функций $URI[[http://libmeta.ru/fme/formula/aux/1014_8_INDUTsIROVANNOE]]/URI$ на группе $URI[[http://libmeta.ru/fme/formula/aux/1014_9_INDUTsIROVANNOE]]/URI$, принимающих значения в пространстве $URI[[http://libmeta.ru/fme/formula/aux/1014_10_INDUTsIROVANNOE]]/URI$ представления $URI[[http://libmeta.ru/fme/formula/aux/1014_11_INDUTsIROVANNOE]]/URI$ и удовлетворяющих условию

\[
URI[[http://libmeta.ru/fme/formula/main/1014_1_INDUTsIROVANNOE]]/URI
\]

для всех $URI[[http://libmeta.ru/fme/formula/aux/1014_12_INDUTsIROVANNOE]]/URI$, причем

\[
URI[[http://libmeta.ru/fme/formula/main/1014_2_INDUTsIROVANNOE]]/URI
\]

для всех $URI[[http://libmeta.ru/fme/formula/aux/1014_13_INDUTsIROVANNOE]]/URI$. И. П. $URI[[http://libmeta.ru/fme/formula/aux/1014_14_INDUTsIROVANNOE]]/URI$ обычно обозначается Ind $URI[[http://libmeta.ru/fme/formula/aux/1014_15_INDUTsIROVANNOE]]/URI$. Операция построения И. П. является простейшим и важнейшим приемом построения представлений более сложных групп, исходя из представлений более простых групп, и для широких классов групп полное описание неприводимых представлений может быть дано в терминах И.п. или их обобщений.

Лит.: [1] Математическая энциклопедия, т. 2, М., 1979, кол. 558-61.
</text>
  <text_orig> - Представление $\pi$ локально компактной группы $G$, индуцированное представлением $\rho$ ее замкнутой подгруппы $H$. Точнее, представление $\pi$ группы $G$ в некотором пространстве $E$ функций $f$ на группе $G$, принимающих значения в пространстве $V$ представления $\rho$ и удовлетворяющих условию

\[
f(h g)=\rho(h) f(g)
\]

для всех $g \in G, h \in H$, причем

\[
\left[\pi\left(g_{1}\right) f\right](g)=f\left(g g_{1}\right)
\]

для всех $f \in E, g, g_{1} \in G$. И. П. $\pi$ обычно обозначается Ind $\rho$. Операция построения И. П. является простейшим и важнейшим приемом построения представлений более сложных групп, исходя из представлений более простых групп, и для широких классов групп полное описание неприводимых представлений может быть дано в терминах И.п. или их обобщений.

Лит.: [1] Математическая энциклопедия, т. 2, М., 1979, кол. 558-61.
</text_orig>
</article>
