<?xml version="1.0" ?>
<article uri="http://libmeta.ru/fme/article/1015_INDUTsIROVANNOE">
  <title>ИНДУЦИРОВАННОЕ ИЗЛУЧЕНИЕ</title>
  <authors/>
  <title_short/>
  <pages>
    <start>215</start>
    <end>215</end>
  </pages>
  <literature>
    <literature_orig/>
  </literature>
  <formulas_main/>
  <formulas_aux/>
  <relations/>
  <text>сМ. ВЫнужденное излучение.</text>
  <text_orig>сМ. ВЫнужденное излучение.</text_orig>
</article>
