<?xml version="1.0" ?>
<article uri="http://libmeta.ru/fme/article/1018_INERTsIONNYJ">
  <title>ИНЕРЦИОННЫЙ ИНТЕРВАЛ МАСШТАБНОСТИ</title>
  <authors/>
  <title_short/>
  <pages>
    <start>215</start>
    <end>215</end>
  </pages>
  <literature>
    <literature_orig/>
  </literature>
  <formulas_main/>
  <formulas_aux/>
  <relations/>
  <text>см. Колмогоровская автомодельность.</text>
  <text_orig>см. Колмогоровская автомодельность.</text_orig>
</article>
