<?xml version="1.0" ?>
<article uri="http://libmeta.ru/fme/article/1027_INTETRAL">
  <title>ИНТЕТРАЛ ПРЕДСТАВЛЕНИЙ, ПРЯМОЙ ИНТЕГРАЛ ПРЕДСТАВЛЕНИЙ, НЕПРЕРЫВНАЯ ПРЯМАЯ СУММА ПРЕДСТАВЛЕНИЙ</title>
  <authors>
    <author>Ю. А. Неретин</author>
  </authors>
  <title_short/>
  <pages>
    <start>217</start>
    <end>218</end>
  </pages>
  <literature>
    <literature_orig>Лит.: Диксмье Ж., С -алгебры и их представления, пер. с франц., М., $1974 . \quad$</literature_orig>
  </literature>
  <formulas_main>
    <formula uri="http://libmeta.ru/fme/formula/main/1027_1_INTETRAL">\alpha(x)=\left\langle e_{k}\left|P_{x}\right| e_{l}\right\rangle,</formula>
    <formula uri="http://libmeta.ru/fme/formula/main/1027_2_INTETRAL">\mathscr{H}=\int_{X} H_{x} d \mu</formula>
    <formula uri="http://libmeta.ru/fme/formula/main/1027_3_INTETRAL">(f, g)=\int_{X}\langle f(x) \mid g(x)\rangle d \mu(x) .</formula>
    <formula uri="http://libmeta.ru/fme/formula/main/1027_4_INTETRAL">\beta(x)=\left\langle e_{k}\left|T_{g}^{x}\right| e_{l}\right\rangle</formula>
    <formula uri="http://libmeta.ru/fme/formula/main/1027_5_INTETRAL">\tilde{T}=\int T_{x} d \mu(x)</formula>
    <formula uri="http://libmeta.ru/fme/formula/main/1027_6_INTETRAL">\left[\widetilde{T}_{g} f\right](x)=T_{g}^{x} f(x)</formula>
  </formulas_main>
  <formulas_aux>
    <formula uri="http://libmeta.ru/fme/formula/aux/1027_1_INTETRAL">H_{x}</formula>
    <formula uri="http://libmeta.ru/fme/formula/aux/1027_2_INTETRAL">x</formula>
    <formula uri="http://libmeta.ru/fme/formula/aux/1027_3_INTETRAL">X</formula>
    <formula uri="http://libmeta.ru/fme/formula/aux/1027_4_INTETRAL">d_{\mu}</formula>
    <formula uri="http://libmeta.ru/fme/formula/aux/1027_5_INTETRAL">\boldsymbol{H}_{x}</formula>
    <formula uri="http://libmeta.ru/fme/formula/aux/1027_6_INTETRAL">H</formula>
    <formula uri="http://libmeta.ru/fme/formula/aux/1027_7_INTETRAL">e_{k}</formula>
    <formula uri="http://libmeta.ru/fme/formula/aux/1027_8_INTETRAL">H</formula>
    <formula uri="http://libmeta.ru/fme/formula/aux/1027_9_INTETRAL">\langle\cdot \mid \cdot\rangle</formula>
    <formula uri="http://libmeta.ru/fme/formula/aux/1027_10_INTETRAL">H</formula>
    <formula uri="http://libmeta.ru/fme/formula/aux/1027_11_INTETRAL">P_{x}</formula>
    <formula uri="http://libmeta.ru/fme/formula/aux/1027_12_INTETRAL">H_{x}</formula>
    <formula uri="http://libmeta.ru/fme/formula/aux/1027_13_INTETRAL">H_{x}</formula>
    <formula uri="http://libmeta.ru/fme/formula/aux/1027_14_INTETRAL">H</formula>
    <formula uri="http://libmeta.ru/fme/formula/aux/1027_15_INTETRAL">H_{x}</formula>
    <formula uri="http://libmeta.ru/fme/formula/aux/1027_16_INTETRAL">n(x)</formula>
    <formula uri="http://libmeta.ru/fme/formula/aux/1027_17_INTETRAL">H</formula>
    <formula uri="http://libmeta.ru/fme/formula/aux/1027_18_INTETRAL">n(x)</formula>
    <formula uri="http://libmeta.ru/fme/formula/aux/1027_19_INTETRAL">X</formula>
    <formula uri="http://libmeta.ru/fme/formula/aux/1027_20_INTETRAL">1,2, \ldots, \infty</formula>
    <formula uri="http://libmeta.ru/fme/formula/aux/1027_21_INTETRAL">f(x)</formula>
    <formula uri="http://libmeta.ru/fme/formula/aux/1027_22_INTETRAL">X</formula>
    <formula uri="http://libmeta.ru/fme/formula/aux/1027_23_INTETRAL">x</formula>
    <formula uri="http://libmeta.ru/fme/formula/aux/1027_24_INTETRAL">f(x) \in H_{x}</formula>
    <formula uri="http://libmeta.ru/fme/formula/aux/1027_25_INTETRAL">e_{l}</formula>
    <formula uri="http://libmeta.ru/fme/formula/aux/1027_26_INTETRAL">\left\langle f(x), e_{l}\right\rangle</formula>
    <formula uri="http://libmeta.ru/fme/formula/aux/1027_27_INTETRAL">H_{x}</formula>
    <formula uri="http://libmeta.ru/fme/formula/aux/1027_28_INTETRAL">f(x)</formula>
    <formula uri="http://libmeta.ru/fme/formula/aux/1027_29_INTETRAL">X</formula>
    <formula uri="http://libmeta.ru/fme/formula/aux/1027_30_INTETRAL">f(x) \in H_{x}</formula>
    <formula uri="http://libmeta.ru/fme/formula/aux/1027_31_INTETRAL">\int_{X}\langle f(x) \mid f(x)\rangle d \mu(x)&lt;\infty</formula>
    <formula uri="http://libmeta.ru/fme/formula/aux/1027_32_INTETRAL">\mathscr{H}</formula>
    <formula uri="http://libmeta.ru/fme/formula/aux/1027_33_INTETRAL">H_{x}</formula>
    <formula uri="http://libmeta.ru/fme/formula/aux/1027_34_INTETRAL">T^{x}</formula>
    <formula uri="http://libmeta.ru/fme/formula/aux/1027_35_INTETRAL">G</formula>
    <formula uri="http://libmeta.ru/fme/formula/aux/1027_36_INTETRAL">G</formula>
    <formula uri="http://libmeta.ru/fme/formula/aux/1027_37_INTETRAL">\mathscr{H}</formula>
    <formula uri="http://libmeta.ru/fme/formula/aux/1027_38_INTETRAL">T^{x}</formula>
    <formula uri="http://libmeta.ru/fme/formula/aux/1027_39_INTETRAL">x</formula>
    <formula uri="http://libmeta.ru/fme/formula/aux/1027_40_INTETRAL">T^{x}</formula>
    <formula uri="http://libmeta.ru/fme/formula/aux/1027_41_INTETRAL">T^{y}</formula>
    <formula uri="http://libmeta.ru/fme/formula/aux/1027_42_INTETRAL">T^{x}</formula>
    <formula uri="http://libmeta.ru/fme/formula/aux/1027_43_INTETRAL">\widetilde{T}</formula>
    <formula uri="http://libmeta.ru/fme/formula/aux/1027_44_INTETRAL">G</formula>
    <formula uri="http://libmeta.ru/fme/formula/aux/1027_45_INTETRAL">G</formula>
  </formulas_aux>
  <relations/>
  <text>понятие, обобщающее понятие разложения представления конечной или компактной группы в прямую сумму неприводимых подпредставлений на случай унитарных бесконечномерных представлений более общих групп. Пусть дан набор гильбертовых пространств $URI[[http://libmeta.ru/fme/formula/aux/1027_1_INTETRAL]]/URI$, где $URI[[http://libmeta.ru/fme/formula/aux/1027_2_INTETRAL]]/URI$ пробегает нек-рое множество $URI[[http://libmeta.ru/fme/formula/aux/1027_3_INTETRAL]]/URI$, на к-ром введена мера $URI[[http://libmeta.ru/fme/formula/aux/1027_4_INTETRAL]]/URI$, и все $URI[[http://libmeta.ru/fme/formula/aux/1027_5_INTETRAL]]/URI$ можно реализовать как подпространства в одном и том же гильбертовом пространстве $URI[[http://libmeta.ru/fme/formula/aux/1027_6_INTETRAL]]/URI$, причем для нек-рого (а значит и для любого) базиса $URI[[http://libmeta.ru/fme/formula/aux/1027_7_INTETRAL]]/URI$ в $URI[[http://libmeta.ru/fme/formula/aux/1027_8_INTETRAL]]/URI$ измеримы числовые функции

\[
URI[[http://libmeta.ru/fme/formula/main/1027_1_INTETRAL]]/URI
\]

где через $URI[[http://libmeta.ru/fme/formula/aux/1027_9_INTETRAL]]/URI$ обозначено скалярное произведение в $URI[[http://libmeta.ru/fme/formula/aux/1027_10_INTETRAL]]/URI$, а через $URI[[http://libmeta.ru/fme/formula/aux/1027_11_INTETRAL]]/URI$ - ортогональный проектор на $URI[[http://libmeta.ru/fme/formula/aux/1027_12_INTETRAL]]/URI$. (Случай, когда все $URI[[http://libmeta.ru/fme/formula/aux/1027_13_INTETRAL]]/URI$ совпадают с $URI[[http://libmeta.ru/fme/formula/aux/1027_14_INTETRAL]]/URI$, вполне содержателен.) Можно считать (это не приведет к потере общности), что подпространство $URI[[http://libmeta.ru/fme/formula/aux/1027_15_INTETRAL]]/URI$ натянуто на первые $URI[[http://libmeta.ru/fme/formula/aux/1027_16_INTETRAL]]/URI$ базисньх векторов в $URI[[http://libmeta.ru/fme/formula/aux/1027_17_INTETRAL]]/URI$, где $URI[[http://libmeta.ru/fme/formula/aux/1027_18_INTETRAL]]/URI$ - измеримая функшия на $URI[[http://libmeta.ru/fme/formula/aux/1027_19_INTETRAL]]/URI$, принимающая значения в множестве $URI[[http://libmeta.ru/fme/formula/aux/1027_20_INTETRAL]]/URI$. Рассмотрим вектор-функцию $URI[[http://libmeta.ru/fme/formula/aux/1027_21_INTETRAL]]/URI$ на $URI[[http://libmeta.ru/fme/formula/aux/1027_22_INTETRAL]]/URI$ такую, что для любого $URI[[http://libmeta.ru/fme/formula/aux/1027_23_INTETRAL]]/URI$ выполнено $URI[[http://libmeta.ru/fme/formula/aux/1027_24_INTETRAL]]/URI$. Назовем такую функцию и з м е р и м о й, если для любого $URI[[http://libmeta.ru/fme/formula/aux/1027_25_INTETRAL]]/URI$ числовая функция $URI[[http://libmeta.ru/fme/formula/aux/1027_26_INTETRAL]]/URI$ измерима. Элементами пространства

\[
URI[[http://libmeta.ru/fme/formula/main/1027_2_INTETRAL]]/URI
\]

(прямого интеграла гильбертовых пространств $URI[[http://libmeta.ru/fme/formula/aux/1027_27_INTETRAL]]/URI$ ) являются измеримые вектор-функции $URI[[http://libmeta.ru/fme/formula/aux/1027_28_INTETRAL]]/URI$ на $URI[[http://libmeta.ru/fme/formula/aux/1027_29_INTETRAL]]/URI$ такие, что:

1) $URI[[http://libmeta.ru/fme/formula/aux/1027_30_INTETRAL]]/URI$

2) $URI[[http://libmeta.ru/fme/formula/aux/1027_31_INTETRAL]]/URI$.

Скалярное произведение в $URI[[http://libmeta.ru/fme/formula/aux/1027_32_INTETRAL]]/URI$ вводится по формуле

\[
URI[[http://libmeta.ru/fme/formula/main/1027_3_INTETRAL]]/URI
\]

Пусть теперь в каждом пространстве $URI[[http://libmeta.ru/fme/formula/aux/1027_33_INTETRAL]]/URI$ задано унитарное представление $URI[[http://libmeta.ru/fme/formula/aux/1027_34_INTETRAL]]/URI$ группы $URI[[http://libmeta.ru/fme/formula/aux/1027_35_INTETRAL]]/URI$, причем все числовые функции

\[
URI[[http://libmeta.ru/fme/formula/main/1027_4_INTETRAL]]/URI
\]

измеримы. Определим представление

\[
URI[[http://libmeta.ru/fme/formula/main/1027_5_INTETRAL]]/URI
\]

группы $URI[[http://libmeta.ru/fme/formula/aux/1027_36_INTETRAL]]/URI$ в пространстве $URI[[http://libmeta.ru/fme/formula/aux/1027_37_INTETRAL]]/URI$ по формуле:

\[
URI[[http://libmeta.ru/fme/formula/main/1027_6_INTETRAL]]/URI
\]

оно и называется интегралом представления $URI[[http://libmeta.ru/fme/formula/aux/1027_38_INTETRAL]]/URI$. Если мера точки $URI[[http://libmeta.ru/fme/formula/aux/1027_39_INTETRAL]]/URI$ равна 0 и $URI[[http://libmeta.ru/fme/formula/aux/1027_40_INTETRAL]]/URI$ не совпадает ни с каким $URI[[http://libmeta.ru/fme/formula/aux/1027_41_INTETRAL]]/URI$, то $URI[[http://libmeta.ru/fme/formula/aux/1027_42_INTETRAL]]/URI$ не является подпредставлением в $URI[[http://libmeta.ru/fme/formula/aux/1027_43_INTETRAL]]/URI$.

Пусть $URI[[http://libmeta.ru/fme/formula/aux/1027_44_INTETRAL]]/URI$ - группа Ли. Тогда любое унитарное представление группы $URI[[http://libmeta.ru/fme/formula/aux/1027_45_INTETRAL]]/URI$ может быть разложено в интеграл неприводимых представлений. На практике, чтобы построить такое разложение, обычно необходимо найти подходящее интегральное преобразование.</text>
  <text_orig>понятие, обобщающее понятие разложения представления конечной или компактной группы в прямую сумму неприводимых подпредставлений на случай унитарных бесконечномерных представлений более общих групп. Пусть дан набор гильбертовых пространств $H_{x}$, где $x$ пробегает нек-рое множество $X$, на к-ром введена мера $d_{\mu}$, и все $\boldsymbol{H}_{x}$ можно реализовать как подпространства в одном и том же гильбертовом пространстве $H$, причем для нек-рого (а значит и для любого) базиса $e_{k}$ в $H$ измеримы числовые функции

\[
\alpha(x)=\left\langle e_{k}\left|P_{x}\right| e_{l}\right\rangle,
\]

где через $\langle\cdot \mid \cdot\rangle$ обозначено скалярное произведение в $H$, а через $P_{x}$ - ортогональный проектор на $H_{x}$. (Случай, когда все $H_{x}$ совпадают с $H$, вполне содержателен.) Можно считать (это не приведет к потере общности), что подпространство $H_{x}$ натянуто на первые $n(x)$ базисньх векторов в $H$, где $n(x)$ - измеримая функшия на $X$, принимающая значения в множестве $1,2, \ldots, \infty$. Рассмотрим вектор-функцию $f(x)$ на $X$ такую, что для любого $x$ выполнено $f(x) \in H_{x}$. Назовем такую функцию и з м е р и м о й, если для любого $e_{l}$ числовая функция $\left\langle f(x), e_{l}\right\rangle$ измерима. Элементами пространства

\[
\mathscr{H}=\int_{X} H_{x} d \mu
\]

(прямого интеграла гильбертовых пространств $H_{x}$ ) являются измеримые вектор-функции $f(x)$ на $X$ такие, что:

1) $f(x) \in H_{x}$

2) $\int_{X}\langle f(x) \mid f(x)\rangle d \mu(x)&lt;\infty$.

Скалярное произведение в $\mathscr{H}$ вводится по формуле

\[
(f, g)=\int_{X}\langle f(x) \mid g(x)\rangle d \mu(x) .
\]

Пусть теперь в каждом пространстве $H_{x}$ задано унитарное представление $T^{x}$ группы $G$, причем все числовые функции

\[
\beta(x)=\left\langle e_{k}\left|T_{g}^{x}\right| e_{l}\right\rangle
\]

измеримы. Определим представление

\[
\tilde{T}=\int T_{x} d \mu(x)
\]

группы $G$ в пространстве $\mathscr{H}$ по формуле:

\[
\left[\widetilde{T}_{g} f\right](x)=T_{g}^{x} f(x)
\]

оно и называется интегралом представления $T^{x}$. Если мера точки $x$ равна 0 и $T^{x}$ не совпадает ни с каким $T^{y}$, то $T^{x}$ не является подпредставлением в $\widetilde{T}$.

Пусть $G$ - группа Ли. Тогда любое унитарное представление группы $G$ может быть разложено в интеграл неприводимых представлений. На практике, чтобы построить такое разложение, обычно необходимо найти подходящее интегральное преобразование.

Лит.: Диксмье Ж., С -алгебры и их представления, пер. с франц., М., $1974 . \quad$ Ю. А. Неретин.</text_orig>
</article>
