<?xml version="1.0" ?>
<article uri="http://libmeta.ru/fme/article/1029_INTEGRAL'NAJa" alphabetic_pos="1031">
  <title>ИНТЕГРАЛЬНАЯ КРИВАЯ</title>
  <authors>
    <author>В. И. Битюиков</author>
  </authors>
  <title_short/>
  <pages>
    <start>218</start>
    <end>218</end>
  </pages>
  <literature>
    <literature_orig/>
  </literature>
  <formulas_main/>
  <formulas_aux/>
  <relations>
    <relation uri="http://libmeta.ru/fme/relation/1029_1_INTEGRAL'NAJa">
      <rel_text>дифференциальных уравнений</rel_text>
      <target>http://libmeta.ru/fme/article/872_DIFFERENTsIAL'NOE</target>
    </relation>
    <relation uri="http://libmeta.ru/fme/relation/1029_2_INTEGRAL'NAJa">
      <rel_text>решения дифференциального уравнения</rel_text>
      <target>http://libmeta.ru/fme/article/3220_USTOJChIVOST'</target>
    </relation>
  </relations>
  <text>график URI[[http://libmeta.ru/fme/relation/1029_2_INTEGRAL'NAJa]]/URI или системы URI[[http://libmeta.ru/fme/relation/1029_1_INTEGRAL'NAJa]]/URI.</text>
  <text_orig>график решения дифференциального уравнения или системы дифференциальных уравнений. В. И. Битюиков.</text_orig>
</article>
