<?xml version="1.0" ?>
<article uri="http://libmeta.ru/fme/article/102_APPELJa" alphabetic_pos="102">
  <title>АППЕЛЯ УРАВНЕНИЯ</title>
  <authors>
    <author>В. В. Румяниев</author>
  </authors>
  <pages>
    <start>29</start>
    <end>29</end>
  </pages>
  <literature>
    <literature_orig>Jum.: [1] A p pell P. E., &quot;comp. Rend.&quot;, 1899, t. 129; [2] е го же, «. reine und angew. Math.&quot;, 1900, Bd 122, S. 205-08; [3] G i b b s J. W., «amer. J. Math.&quot;, 1879, v. 2, p. 49-64.</literature_orig>
    <unit>
      <author>Appell P. E.</author>
      <title>&quot;comp. Rend.&quot;</title>
      <publication/>
      <year>1899</year>
      <other>t. 129</other>
    </unit>
    <unit>
      <title>е го же, «. reine und angew. Math.&quot;</title>
      <publication/>
      <year>1900</year>
      <other>Bd 122, S. 205-08</other>
    </unit>
    <unit>
      <author>Gibbs J. W.</author>
      <title>«amer. J. Math.&quot;</title>
      <publication/>
      <year>1879</year>
      <other>v. 2, p. 49-64.</other>
    </unit>
  </literature>
  <formulas_main>
    <formula uri="http://libmeta.ru/fme/formula/main/102_1_APPELJa">\frac{\partial S}{\partial \ddot{q}_{i}}=Q_{i}^{*}, \mathrm{i}=1, \ldots, k \leqslant n .</formula>
    <formula uri="http://libmeta.ru/fme/formula/main/102_2_APPELJa">S=\frac{1}{2} \sum_{v=1}^{N} m_{v} w_{v}^{2}</formula>
    <formula uri="http://libmeta.ru/fme/formula/main/102_3_APPELJa">\sum_{v=1}^{N} F_{v} \delta r_{v}=\sum_{i=1}^{k} Q_{i}^{*} \delta q_{i}</formula>
    <formula uri="http://libmeta.ru/fme/formula/main/102_4_APPELJa">\dot{\pi}_{r}=\sum_{i=1}^{n} a_{r_{i}} \dot{q}_{i}, \quad r=1, \ldots, k</formula>
    <formula uri="http://libmeta.ru/fme/formula/main/102_5_APPELJa">\frac{\partial S}{\partial \ddot{\pi}_{r}}=\Pi_{r}, \quad r=1, \ldots, k \leqslant n .</formula>
  </formulas_main>
  <formulas_aux>
    <formula uri="http://libmeta.ru/fme/formula/aux/102_1_APPELJa">q_{s}, s=1, \ldots, n</formula>
    <formula uri="http://libmeta.ru/fme/formula/aux/102_2_APPELJa">m_{v}</formula>
    <formula uri="http://libmeta.ru/fme/formula/aux/102_3_APPELJa">w_{v}</formula>
    <formula uri="http://libmeta.ru/fme/formula/aux/102_4_APPELJa">n</formula>
    <formula uri="http://libmeta.ru/fme/formula/aux/102_5_APPELJa">q_{i}, i=1, \ldots, k</formula>
    <formula uri="http://libmeta.ru/fme/formula/aux/102_6_APPELJa">q_{i}^{*}</formula>
    <formula uri="http://libmeta.ru/fme/formula/aux/102_7_APPELJa">q_{i}</formula>
    <formula uri="http://libmeta.ru/fme/formula/aux/102_8_APPELJa">\delta q_{i}</formula>
    <formula uri="http://libmeta.ru/fme/formula/aux/102_9_APPELJa">f_{\mathrm{v}}</formula>
    <formula uri="http://libmeta.ru/fme/formula/aux/102_10_APPELJa">\delta r_{\mathrm{v}}</formula>
    <formula uri="http://libmeta.ru/fme/formula/aux/102_11_APPELJa">s</formula>
    <formula uri="http://libmeta.ru/fme/formula/aux/102_12_APPELJa">q_{i}^{*}</formula>
    <formula uri="http://libmeta.ru/fme/formula/aux/102_13_APPELJa">\dot{q}_{i}\left(\delta q_{j}\right), j=k+1, \ldots, n</formula>
    <formula uri="http://libmeta.ru/fme/formula/aux/102_14_APPELJa">n-k</formula>
    <formula uri="http://libmeta.ru/fme/formula/aux/102_15_APPELJa">q_{s}</formula>
    <formula uri="http://libmeta.ru/fme/formula/aux/102_16_APPELJa">\delta q_{s}</formula>
    <formula uri="http://libmeta.ru/fme/formula/aux/102_17_APPELJa">t</formula>
    <formula uri="http://libmeta.ru/fme/formula/aux/102_18_APPELJa">\dot{q}_{j}</formula>
    <formula uri="http://libmeta.ru/fme/formula/aux/102_19_APPELJa">\ddot{q}_{j}</formula>
    <formula uri="http://libmeta.ru/fme/formula/aux/102_20_APPELJa">\ddot{q}_{i}</formula>
    <formula uri="http://libmeta.ru/fme/formula/aux/102_21_APPELJa">n-k</formula>
    <formula uri="http://libmeta.ru/fme/formula/aux/102_22_APPELJa">n+k</formula>
    <formula uri="http://libmeta.ru/fme/formula/aux/102_23_APPELJa">n</formula>
    <formula uri="http://libmeta.ru/fme/formula/aux/102_24_APPELJa">n</formula>
    <formula uri="http://libmeta.ru/fme/formula/aux/102_25_APPELJa">q_{s}</formula>
    <formula uri="http://libmeta.ru/fme/formula/aux/102_26_APPELJa">k=n</formula>
    <formula uri="http://libmeta.ru/fme/formula/aux/102_27_APPELJa">q_{s}</formula>
    <formula uri="http://libmeta.ru/fme/formula/aux/102_28_APPELJa">\delta q_{s}</formula>
    <formula uri="http://libmeta.ru/fme/formula/aux/102_29_APPELJa">q_{i}^{*}=q_{i}</formula>
    <formula uri="http://libmeta.ru/fme/formula/aux/102_30_APPELJa">\pi_{r}</formula>
    <formula uri="http://libmeta.ru/fme/formula/aux/102_31_APPELJa">s-</formula>
    <formula uri="http://libmeta.ru/fme/formula/aux/102_32_APPELJa">\ddot{\pi}_{r}</formula>
    <formula uri="http://libmeta.ru/fme/formula/aux/102_33_APPELJa">\pi_{r}-</formula>
    <formula uri="http://libmeta.ru/fme/formula/aux/102_34_APPELJa">n-k</formula>
    <formula uri="http://libmeta.ru/fme/formula/aux/102_35_APPELJa">k</formula>
    <formula uri="http://libmeta.ru/fme/formula/aux/102_36_APPELJa">n+k</formula>
    <formula uri="http://libmeta.ru/fme/formula/aux/102_37_APPELJa">q_{s}, s=1, \ldots, n</formula>
    <formula uri="http://libmeta.ru/fme/formula/aux/102_38_APPELJa">\dot{\pi}_{r}, r=1, \ldots, k</formula>
  </formulas_aux>
  <relations n="2">
    <relation uri="http://libmeta.ru/fme/relation/102_1_APPELJa">
      <rel_text>Неголономная система</rel_text>
      <target>http://libmeta.ru/fme/article/1885_NEGOLONOMNAJa</target>
    </relation>
    <relation uri="http://libmeta.ru/fme/relation/102_2_APPELJa">
      <rel_text>механич</rel_text>
      <target>http://libmeta.ru/fme/article/1777_MEHANIK</target>
    </relation>
  </relations>
  <text>обыкновенные дифференциальные уравнения, описывающие движение как голономных, так и неголономных систем, установленные П. Аппелем [1]. Иногда А.у. называются уравнениями Гиббса Ап пеля, так как для голономных систем ранее их установил Дж. Гиббс [3]. А.у. в независимых лагранжевых координатах $URI[[http://libmeta.ru/fme/formula/aux/102_1_APPELJa]]/URI$, имеют вид уравнений 2-го порядка

\[
URI[[http://libmeta.ru/fme/formula/main/102_1_APPELJa]]/URI
\]

Здесь

\[
URI[[http://libmeta.ru/fme/formula/main/102_2_APPELJa]]/URI
\]

( $URI[[http://libmeta.ru/fme/formula/aux/102_2_APPELJa]]/URI$ и $URI[[http://libmeta.ru/fme/formula/aux/102_3_APPELJa]]/URI$ - массы и ускорения $URI[[http://libmeta.ru/fme/formula/aux/102_4_APPELJa]]/URI$ точек системы) - энергия ускорения системы, выраженная таким образом, чтобы она содержала вторые производные только от координат $URI[[http://libmeta.ru/fme/formula/aux/102_5_APPELJa]]/URI$, вариации к-рых рассматриваются как независимые, $URI[[http://libmeta.ru/fme/formula/aux/102_6_APPELJa]]/URI$ - обобщенные силы, соответствующие координатам $URI[[http://libmeta.ru/fme/formula/aux/102_7_APPELJa]]/URI$, получаемые как коэффициенты при независимых вариациях $URI[[http://libmeta.ru/fme/formula/aux/102_8_APPELJa]]/URI$ в выражении суммы элементарных работ заданных активных сил $URI[[http://libmeta.ru/fme/formula/aux/102_9_APPELJa]]/URI$ на возможных перемещениях $URI[[http://libmeta.ru/fme/formula/aux/102_10_APPELJa]]/URI$ :

\[
URI[[http://libmeta.ru/fme/formula/main/102_3_APPELJa]]/URI
\]

При вычислении $URI[[http://libmeta.ru/fme/formula/aux/102_11_APPELJa]]/URI$ и $URI[[http://libmeta.ru/fme/formula/aux/102_12_APPELJa]]/URI$ зависимые $URI[[http://libmeta.ru/fme/formula/aux/102_13_APPELJa]]/URI$, выражаются через независимые скорости (вариации) разрешением $URI[[http://libmeta.ru/fme/formula/aux/102_14_APPELJa]]/URI$ уравнений неголономных связей (см. URI[[http://libmeta.ru/fme/relation/102_1_APPELJa]]/URI), выраженных в обобщенных координатах $URI[[http://libmeta.ru/fme/formula/aux/102_15_APPELJa]]/URI$ (и уравнений для $URI[[http://libmeta.ru/fme/formula/aux/102_16_APPELJa]]/URI$, получаемых из последних). Дифференцированием по времени $URI[[http://libmeta.ru/fme/formula/aux/102_17_APPELJa]]/URI$ найденных выражений для $URI[[http://libmeta.ru/fme/formula/aux/102_18_APPELJa]]/URI$ получаются выражения $URI[[http://libmeta.ru/fme/formula/aux/102_19_APPELJa]]/URI$ через $URI[[http://libmeta.ru/fme/formula/aux/102_20_APPELJa]]/URI$.

Уравнения (1) совместно с $URI[[http://libmeta.ru/fme/formula/aux/102_21_APPELJa]]/URI$ уравнениями неинтегрируемых связей образуют систему (порядка $URI[[http://libmeta.ru/fme/formula/aux/102_22_APPELJa]]/URI$ ) $URI[[http://libmeta.ru/fme/formula/aux/102_23_APPELJa]]/URI$ дифференциальных уравнений для $URI[[http://libmeta.ru/fme/formula/aux/102_24_APPELJa]]/URI$ неизвестных $URI[[http://libmeta.ru/fme/formula/aux/102_25_APPELJa]]/URI$.

В случае голономной системы $URI[[http://libmeta.ru/fme/formula/aux/102_26_APPELJa]]/URI$ все скорости $URI[[http://libmeta.ru/fme/formula/aux/102_27_APPELJa]]/URI$ и вариации $URI[[http://libmeta.ru/fme/formula/aux/102_28_APPELJa]]/URI$ независимы, $URI[[http://libmeta.ru/fme/formula/aux/102_29_APPELJa]]/URI$ и уравнения (1) представляют собой иную запись Лагранжа уравнений 2-го рода.

А. у. в квазикоординатах $URI[[http://libmeta.ru/fme/formula/aux/102_30_APPELJa]]/URI$, где

\[
URI[[http://libmeta.ru/fme/formula/main/102_4_APPELJa]]/URI
\]

имеют вид

\[
URI[[http://libmeta.ru/fme/formula/main/102_5_APPELJa]]/URI
\]

Здесь $URI[[http://libmeta.ru/fme/formula/aux/102_31_APPELJa]]/URI$ энергия ускорений, выраженная через вторые производные $URI[[http://libmeta.ru/fme/formula/aux/102_32_APPELJa]]/URI$ по времени от квазикоординат, $URI[[http://libmeta.ru/fme/formula/aux/102_33_APPELJa]]/URI$ обобщенные силы, соответствующие квазикоординатам. Уравнения (3) совместно с $URI[[http://libmeta.ru/fme/formula/aux/102_34_APPELJa]]/URI$ уравнениями неинтегрируемых связей и $URI[[http://libmeta.ru/fme/formula/aux/102_35_APPELJa]]/URI$ уравнениями (2) образуют систему $URI[[http://libmeta.ru/fme/formula/aux/102_36_APPELJa]]/URI$ дифференциальных уравнений 1-го порядка относительно такого же числа неизвестных $URI[[http://libmeta.ru/fme/formula/aux/102_37_APPELJa]]/URI$ и $URI[[http://libmeta.ru/fme/formula/aux/102_38_APPELJa]]/URI$.

А. у. являются наиболее общими уравнениями движения URI[[http://libmeta.ru/fme/relation/102_2_APPELJa]]/URI. систем.</text>
  <text_orig>обыкновенные дифференциальные уравнения, описывающие движение как голономных, так и неголономных систем, установленные П. Аппелем [1]. Иногда А.у. называются уравнениями Гиббса Ап пеля, так как для голономных систем ранее их установил Дж. Гиббс [3]. А.у. в независимых лагранжевых координатах $q_{s}, s=1, \ldots, n$, имеют вид уравнений 2-го порядка

\[
\frac{\partial S}{\partial \ddot{q}_{i}}=Q_{i}^{*}, \mathrm{i}=1, \ldots, k \leqslant n .
\]

Здесь

\[
S=\frac{1}{2} \sum_{v=1}^{N} m_{v} w_{v}^{2}
\]

( $m_{v}$ и $w_{v}$ - массы и ускорения $N$ точек системы) - энергия ускорения системы, выраженная таким образом, чтобы она содержала вторые производные только от координат $q_{i}, i=1, \ldots, k$, вариации к-рых рассматриваются как независимые, $Q_{i}^{*}$ - обобщенные силы, соответствуюшие координатам $q_{i}$, получаемые как коэффициенты при независимых вариациях $\delta q_{i}$ в выражении суммы элементарных работ заданных активных сил $F_{\mathrm{v}}$ на возможных перемещениях $\delta r_{\mathrm{v}}$ :

\[
\sum_{v=1}^{N} F_{v} \delta r_{v}=\sum_{i=1}^{k} Q_{i}^{*} \delta q_{i}
\]

При вычислении $S$ и $Q_{i}^{*}$ зависимые $\dot{q}_{i}\left(\delta q_{j}\right), j=k+1, \ldots, n$, выражаются через независимые скорости (вариации) разрешением $n-k$ уравнений неголономных связей (см. Неголономная система), выраженных в обобщенных координатах $q_{s}$ (и уравнений для $\delta q_{s}$, получаемых из последних). Дифференцированием по времени $t$ найденных выражений для $\dot{q}_{j}$ получаются выражения $\ddot{q}_{j}$ через $\ddot{q}_{i}$.

Уравнения (1) совместно с $n-k$ уравнениями неинтегрируемых связей образуют систему (порядка $n+k$ ) $n$ дифференциальных уравнений для $n$ неизвестных $q_{s}$.

В случае голономной системы $k=n$ все скорости $q_{s}$ и вариации $\delta q_{s}$ независимы, $Q_{i}^{*}=Q_{i}$ и уравнения (1) представляют собой иную запись Лагранжа уравнений 2-го рода.

А. у. в квазикоординатах $\pi_{r}$, где

\[
\dot{\pi}_{r}=\sum_{i=1}^{n} a_{r_{i}} \dot{q}_{i}, \quad r=1, \ldots, k
\]

имеют вид

\[
\frac{\partial S}{\partial \ddot{\pi}_{r}}=\Pi_{r}, \quad r=1, \ldots, k \leqslant n .
\]

Здесь $S-$ энергия ускорений, выраженная через вторые производные $\ddot{\pi}_{r}$ по времени от квазикоординат, $\Pi_{r}-$ обобщенные силы, соответствующие квазикоординатам. Уравнения (3) совместно с $n-k$ уравнениями неинтегрируемых связей и $k$ уравнениями (2) образуют систему $n+k$ дифференциальных уравнений 1-го порядка относительно такого же числа неизвестных $q_{s}, s=1, \ldots, n$ и $\dot{\pi}_{r}, r=1, \ldots, k$.

А. у. являются наиболее общими уравнениями движения механич. систем.

Jum.: [1] A p pell P. E., &quot;Comp. Rend.&quot;, 1899, t. 129; [2] е го же, «. reine und angew. Math.&quot;, 1900, Bd 122, S. 205-08; [3] G i b b s J. W., «Amer. J. Math.&quot;, 1879, v. 2, p. 49-64.

В. В. Румяниев.</text_orig>
</article>
