<?xml version="1.0" ?>
<article uri="http://libmeta.ru/fme/article/1030_INTEGRAL'NAJa">
  <title>ИНТЕГРАЛЬНАЯ ПОВЕРХНОСТЬ</title>
  <authors/>
  <title_short/>
  <pages>
    <start>218</start>
    <end>218</end>
  </pages>
  <literature>
    <literature_orig/>
  </literature>
  <formulas_main/>
  <formulas_aux/>
  <relations>
    <relation uri="http://libmeta.ru/fme/relation/1030_15_INTEGRAL'NAJa">
      <rel_text>Дифференциальное уравнение</rel_text>
      <target>http://libmeta.ru/fme/article/872_DIFFERENTsIAL'NOE</target>
    </relation>
  </relations>
  <text>см. URI[[http://libmeta.ru/fme/relation/1030_15_INTEGRAL'NAJa]]/URI с частными производными второго порядка.</text>
  <text_orig>см. Дифференциальное уравнение с частными производными второго порядка.</text_orig>
</article>
