<?xml version="1.0" ?>
<article uri="http://libmeta.ru/fme/article/1031_INTEGRAL'NAJa" alphabetic_pos="1033">
  <title>ИНТЕГРАЛЬНАЯ ПОКАЗАТЕЛЬНАЯ ФУНКЦИЯ</title>
  <authors/>
  <title_short/>
  <pages>
    <start>218</start>
    <end>218</end>
  </pages>
  <literature>
    <literature_orig/>
  </literature>
  <formulas_main/>
  <formulas_aux/>
  <relations>
    <relation uri="http://libmeta.ru/fme/relation/1031_1_INTEGRAL'NAJa">
      <rel_text>Интегральные функции</rel_text>
      <target>http://libmeta.ru/fme/article/1034_INTEGRAL'NYE</target>
    </relation>
  </relations>
  <text>см. URI[[http://libmeta.ru/fme/relation/1031_1_INTEGRAL'NAJa]]/URI.</text>
  <text_orig>см. Интегральные функции.</text_orig>
</article>
