<?xml version="1.0" ?>
<article uri="http://libmeta.ru/fme/article/1031_INTEGRAL'NOE">
  <title>ИНТЕГРАЛЬНОЕ УРАВНЕНИЕ</title>
  <authors>
    <author>П. П. Забрейко</author>
  </authors>
  <title_short/>
  <pages>
    <start>218</start>
    <end>220</end>
  </pages>
  <literature>
    <literature_orig/>
  </literature>
  <formulas_main>
    <formula uri="http://libmeta.ru/fme/formula/main/1031_1_INTEGRAL'NOE">a(x) u(x)+b(x) \int_{\Omega} k(x, y) u(y) d y=f(x)</formula>
    <formula uri="http://libmeta.ru/fme/formula/main/1031_2_INTEGRAL'NOE">\int_{\Omega} k(x, y) u(y) d y=\lim _{\varepsilon \rightarrow \infty} \int_{\Omega \backslash B(x, \varepsilon)} k(x, y) u(y) d y</formula>
    <formula uri="http://libmeta.ru/fme/formula/main/1031_3_INTEGRAL'NOE">u(x)=\int_{\Omega} k(x, y) f(y, u(y)) d y</formula>
    <formula uri="http://libmeta.ru/fme/formula/main/1031_4_INTEGRAL'NOE">u(x)=\int_{\Omega} k(x, y, u(y)) d y .</formula>
    <formula uri="http://libmeta.ru/fme/formula/main/1031_5_INTEGRAL'NOE">u(x)=g\left(x, u(x), \int_{\Omega} k(x, y, u(x), u(y))\right) d y</formula>
    <formula uri="http://libmeta.ru/fme/formula/main/1031_6_INTEGRAL'NOE">\begin{gathered}
u(x)=\sum_{n=0}^{\infty} \int_{\Omega} \ldots \int_{\Omega} k_{n}\left(x, y_{1}, \ldots, y_{n}, u(x), u\left(y_{1}\right), \ldots, u\left(y_{n}\right)\right) \times \\
\times d y_{1} \ldots d y_{n} .
\end{gathered}</formula>
    <formula uri="http://libmeta.ru/fme/formula/main/1031_7_INTEGRAL'NOE">\begin{aligned}
&amp;amp;amp; a(x) u(x)+b(x) \int_{\Omega} k(x, y) u(y) d y=0, \\
&amp;amp;amp; \overline{a(x)} v(x)+\overline{b(x)} \int_{\Omega} k^{*}(x, y) v(y) d y=0 .
\end{aligned}</formula>
  </formulas_main>
  <formulas_aux>
    <formula uri="http://libmeta.ru/fme/formula/aux/1031_1_INTEGRAL'NOE">\Omega</formula>
    <formula uri="http://libmeta.ru/fme/formula/aux/1031_2_INTEGRAL'NOE">\Omega</formula>
    <formula uri="http://libmeta.ru/fme/formula/aux/1031_3_INTEGRAL'NOE">\sigma</formula>
    <formula uri="http://libmeta.ru/fme/formula/aux/1031_4_INTEGRAL'NOE">u(x)</formula>
    <formula uri="http://libmeta.ru/fme/formula/aux/1031_5_INTEGRAL'NOE">k(x, y), a(x)</formula>
    <formula uri="http://libmeta.ru/fme/formula/aux/1031_6_INTEGRAL'NOE">b(x)-</formula>
    <formula uri="http://libmeta.ru/fme/formula/aux/1031_7_INTEGRAL'NOE">B(x, \varepsilon)</formula>
    <formula uri="http://libmeta.ru/fme/formula/aux/1031_8_INTEGRAL'NOE">x</formula>
    <formula uri="http://libmeta.ru/fme/formula/aux/1031_9_INTEGRAL'NOE">\varepsilon</formula>
    <formula uri="http://libmeta.ru/fme/formula/aux/1031_10_INTEGRAL'NOE">f(x)=0</formula>
    <formula uri="http://libmeta.ru/fme/formula/aux/1031_11_INTEGRAL'NOE">a(x)=0</formula>
    <formula uri="http://libmeta.ru/fme/formula/aux/1031_12_INTEGRAL'NOE">b(x)=1</formula>
    <formula uri="http://libmeta.ru/fme/formula/aux/1031_13_INTEGRAL'NOE">a(x)=\lambda(\lambda-</formula>
    <formula uri="http://libmeta.ru/fme/formula/aux/1031_14_INTEGRAL'NOE">b(x)=-1</formula>
    <formula uri="http://libmeta.ru/fme/formula/aux/1031_15_INTEGRAL'NOE">k(x, y)</formula>
    <formula uri="http://libmeta.ru/fme/formula/aux/1031_16_INTEGRAL'NOE">k^{*}(x, y)=k(x, y)</formula>
    <formula uri="http://libmeta.ru/fme/formula/aux/1031_17_INTEGRAL'NOE">\Omega</formula>
    <formula uri="http://libmeta.ru/fme/formula/aux/1031_18_INTEGRAL'NOE">k(x, y)=0</formula>
    <formula uri="http://libmeta.ru/fme/formula/aux/1031_19_INTEGRAL'NOE">y&amp;amp;gt;x</formula>
    <formula uri="http://libmeta.ru/fme/formula/aux/1031_20_INTEGRAL'NOE">\rho(K)</formula>
    <formula uri="http://libmeta.ru/fme/formula/aux/1031_21_INTEGRAL'NOE">\lambda</formula>
    <formula uri="http://libmeta.ru/fme/formula/aux/1031_22_INTEGRAL'NOE">k(x, y)</formula>
    <formula uri="http://libmeta.ru/fme/formula/aux/1031_23_INTEGRAL'NOE">\Omega \times \Omega</formula>
    <formula uri="http://libmeta.ru/fme/formula/aux/1031_24_INTEGRAL'NOE">k(x, y)</formula>
    <formula uri="http://libmeta.ru/fme/formula/aux/1031_25_INTEGRAL'NOE">\rho(K)</formula>
    <formula uri="http://libmeta.ru/fme/formula/aux/1031_26_INTEGRAL'NOE">K</formula>
    <formula uri="http://libmeta.ru/fme/formula/aux/1031_27_INTEGRAL'NOE">k(x, y)</formula>
    <formula uri="http://libmeta.ru/fme/formula/aux/1031_28_INTEGRAL'NOE">\Omega \times \Omega</formula>
    <formula uri="http://libmeta.ru/fme/formula/aux/1031_29_INTEGRAL'NOE">C</formula>
    <formula uri="http://libmeta.ru/fme/formula/aux/1031_30_INTEGRAL'NOE">L_{p}</formula>
    <formula uri="http://libmeta.ru/fme/formula/aux/1031_31_INTEGRAL'NOE">a(x), b(x)</formula>
    <formula uri="http://libmeta.ru/fme/formula/aux/1031_32_INTEGRAL'NOE">k(x, y)</formula>
    <formula uri="http://libmeta.ru/fme/formula/aux/1031_33_INTEGRAL'NOE">L_{2}</formula>
  </formulas_aux>
  <relations/>
  <text> - уравнение, в к-ром неизвестная функция содержится под знаком интеграла. В классич. теории область определения $URI[[http://libmeta.ru/fme/formula/aux/1031_1_INTEGRAL'NOE]]/URI$ неизвестной функции является либо отрезком прямой или кривой - такие И. у. называют о д ном е р ны м и, либо областью конечномерного пространства или многообразия - такие И. у. называют многомерными; при этом в зависимости от типа рассматриваемого интеграла различают И. у. с интегралами Римана, Лебега, Стилтьеса, Коши и т. д. Рассматриваются И.у., у к-рых $URI[[http://libmeta.ru/fme/formula/aux/1031_2_INTEGRAL'NOE]]/URI$ является абстрактным множеством, на нек-рой $URI[[http://libmeta.ru/fme/formula/aux/1031_3_INTEGRAL'NOE]]/URI$-алгебре к-рого задана мера; такие И. у. охватывают и различные классы бесконечных систем с бесконечным числом переменных. Чаше всего рассматриваются И. у., в к-рых искомая функция принимает или скалярные значения, или значения из конечномерного пространства; в последнем случае И.у. по существу является системой И.у. Встречаются И. у., в к-рых искомые функщии принимают значения в банаховых или еще более общих пространствах или многообразиях; ниже речь идет лишь об И. у., в к-рых неизвестные функции принимают скалярные значения.

К И. у. сводятся многие задачи математич. физики. Исследование этих И. у. часто оказывается существенно более простой задачей по сравнению с исходной проблемой. Тем самым теория И. у. оказывается одним из наиболее важных методов математич. физики. Сведение многих проблем математич. физики к И. у. осуществляется обычно при помощи Грина функций

По характеру зависимости левой и правой частей И. у. от неизвестной функции различают линейные и нелинейные И.у. Среди л и не й н ы х И.у. наиболее часто встречаются уравнения вида

\[
URI[[http://libmeta.ru/fme/formula/main/1031_1_INTEGRAL'NOE]]/URI
\]

здесь $URI[[http://libmeta.ru/fme/formula/aux/1031_4_INTEGRAL'NOE]]/URI$ - неизвестная функция, $URI[[http://libmeta.ru/fme/formula/aux/1031_5_INTEGRAL'NOE]]/URI$ и $URI[[http://libmeta.ru/fme/formula/aux/1031_6_INTEGRAL'NOE]]/URI$ известные функции, первая из к-рых называется яд ром И. у., а остальные - ко эфф ици е н т а м и. Если интеграл в (1) понимается в смысле Римана или Лебега, то (1) называется интегральным уравнением Фред голь м а. Если интеграл в (1) понимается как несобственный в каком-либо смысле, то (1) называется с и н г у л я р ным линейным И. у.; среди сингулярных И.у. наиболее часто встречаются уравнения, в К-рых интеграл понимается в смысле главного значения Коши

\[
URI[[http://libmeta.ru/fme/formula/main/1031_2_INTEGRAL'NOE]]/URI
\]

[здесь $URI[[http://libmeta.ru/fme/formula/aux/1031_7_INTEGRAL'NOE]]/URI$ - шар с центром в $URI[[http://libmeta.ru/fme/formula/aux/1031_8_INTEGRAL'NOE]]/URI$ радиуса $URI[[http://libmeta.ru/fme/formula/aux/1031_9_INTEGRAL'NOE]]/URI$ ]. И. у. (1) называется однородным, если $URI[[http://libmeta.ru/fme/formula/aux/1031_10_INTEGRAL'NOE]]/URI$, и неодноро д ным - в противном случае. В частном случае, когда $URI[[http://libmeta.ru/fme/formula/aux/1031_11_INTEGRAL'NOE]]/URI$ и $URI[[http://libmeta.ru/fme/formula/aux/1031_12_INTEGRAL'NOE]]/URI$, И.у. (1) называется уравнением пе р вого рода; когда $URI[[http://libmeta.ru/fme/formula/aux/1031_13_INTEGRAL'NOE]]/URI$ ненулевое число) и $URI[[http://libmeta.ru/fme/formula/aux/1031_14_INTEGRAL'NOE]]/URI$, И.у. (1) называется уравнением второго р о д а; в общем случае И.у. (1) часто называют у р а в е нием третьего рода.

Среди многочисленных и самых разнообразных н е л и не й ных И. у. наиболее часто встречаются и нте граль ные уравнения Гаммерштейна

\[
URI[[http://libmeta.ru/fme/formula/main/1031_3_INTEGRAL'NOE]]/URI
\]

и несколько более общие интегральные уравнения Урысона

\[
URI[[http://libmeta.ru/fme/formula/main/1031_4_INTEGRAL'NOE]]/URI
\]

Из других классов нелинейных И.у. отметим уравнения вида

\[
URI[[http://libmeta.ru/fme/formula/main/1031_5_INTEGRAL'NOE]]/URI
\]

и уравнения

\[
URI[[http://libmeta.ru/fme/formula/main/1031_6_INTEGRAL'NOE]]/URI
\] важным из таких дополнений является так наз. те о р и я Гильбе р та -ШмидтаИ.у. (10) с эрмитовосопряже нным и ядрами - так называются ядра $URI[[http://libmeta.ru/fme/formula/aux/1031_15_INTEGRAL'NOE]]/URI$, для к-рых $URI[[http://libmeta.ru/fme/formula/aux/1031_16_INTEGRAL'NOE]]/URI$.

Вторым важным классом И.у. (10) являются интегральны е уравнения Вольтер ра; в скалярном случае, когда $URI[[http://libmeta.ru/fme/formula/aux/1031_17_INTEGRAL'NOE]]/URI$ является отрезком, так называется уравнение (10), если $URI[[http://libmeta.ru/fme/formula/aux/1031_18_INTEGRAL'NOE]]/URI$ при $URI[[http://libmeta.ru/fme/formula/aux/1031_19_INTEGRAL'NOE]]/URI$. Основным фактом теории И.у. Вольтерра является теорема об обращении в нуль спектрального радиуса $URI[[http://libmeta.ru/fme/formula/aux/1031_20_INTEGRAL'NOE]]/URI$ соответствующего интегрального оператора (11) и, тем самым, справедливости (13) при всех ненулевых $URI[[http://libmeta.ru/fme/formula/aux/1031_21_INTEGRAL'NOE]]/URI$. Это утверждение имеет место, если ядро $URI[[http://libmeta.ru/fme/formula/aux/1031_22_INTEGRAL'NOE]]/URI$ непрерывно или интегрируемо с квадратом на $URI[[http://libmeta.ru/fme/formula/aux/1031_23_INTEGRAL'NOE]]/URI$ или если оператор (11) компактен.

Еще одним важным классом И.у. (10) являются И.у. с не от р и цатель ным яд ром $URI[[http://libmeta.ru/fme/formula/aux/1031_24_INTEGRAL'NOE]]/URI$ (в задачах математич. физики это свойство эквивалентно справедливости принципа максимума). Основным результатом для таких уравнений является теорема о существовании неотрицательной собственной функции у оператора (11), к-рой отвечает собственное значение, равное спектральному радиусу $URI[[http://libmeta.ru/fme/formula/aux/1031_25_INTEGRAL'NOE]]/URI$ оператора $URI[[http://libmeta.ru/fme/formula/aux/1031_26_INTEGRAL'NOE]]/URI$. Это утверждение верно, если ядро $URI[[http://libmeta.ru/fme/formula/aux/1031_27_INTEGRAL'NOE]]/URI$ положительно почти всюду на $URI[[http://libmeta.ru/fme/formula/aux/1031_28_INTEGRAL'NOE]]/URI$. Существуют его различные варианты, относящиеся к неотрицательным ядрам, обращающимся в нуль на мноюжествах положительной меры.

Теория И.у. (10) в случае, если оператор (11) и его итерации не являются компактными ни в одном из пространств $URI[[http://libmeta.ru/fme/formula/aux/1031_29_INTEGRAL'NOE]]/URI$ или $URI[[http://libmeta.ru/fme/formula/aux/1031_30_INTEGRAL'NOE]]/URI$, резко усложняется; такие уравнения часто называют о с обым и И. у. Их теория, как и теория более общих И. у. (1), включая сингулярные И. у., в значительной степени состоит из различных утверждений об условиях на функции $URI[[http://libmeta.ru/fme/formula/aux/1031_31_INTEGRAL'NOE]]/URI$ и $URI[[http://libmeta.ru/fme/formula/aux/1031_32_INTEGRAL'NOE]]/URI$, при к-рых левая часть соответствующего И.у. (1) является фредгольмовым или нетеровым о пе ратором или, иными словами, когда для И. у. (1) справедлива или альтернатива Фредгольма, или все ее утверждения, за исключением совпадения размерностей подпространств решений линейных однородных И. у.:

\[
URI[[http://libmeta.ru/fme/formula/main/1031_7_INTEGRAL'NOE]]/URI
\]

Если левая часть И.у. (1) оказывается фредгольмовым или нетеровым оператором, то это И.у. эквивалентно нек-рому И. у. вида (11) с компактным в соответствующем пространстве оператором.

Исследование И. у. (1) в случаях, когда его левая часть не является фредгольмовым или нетеровым оператором, резко усложняется. Основная трудность такого исследования связана с некорректностью таких уравнений - в этих случаях малым изменениям правой части И.у. (1) соответствуют, вообе говоря, «немалые» изменения их решений. Наиболее полные результаты (теоремы Шмидта) здесь известны для И.у. (1) первого рода в случае, когда интегральный оператор (11) является компактным в $URI[[http://libmeta.ru/fme/formula/aux/1031_33_INTEGRAL'NOE]]/URI$ (левая часть таких уравнений не может быть фредгольмовым или нетеровым оператором). Для некорректных И.у. известно довольно много результатов, особенно для И. у. Вольтерра первого рода и для И.у., ядрами к-рых являются функции Грина различных краевых задач. Большая часть результатов теории нелинейных И. у. получается непосредственным применением к ним общих принципов и теорем нелинейного анализа, поэтому теория нелинейных И. у. является главой общей теории нелинейных операторных уравнений. Здесь, как и в линейном случае, важную роль играют различные признаки ограниченности, непрерывности, компактности и т. д. в различных функциональных пространствах разнообразных нелинейных интегральных операторов, входящих в левые и правые части рассматриваемых уравнений.

220 ИНTETPAЛЬHOE Основными результатами в теории нелинейных И. у. являются разнообразные теоремы о разрешимости и однозначной разрешимости, теоремы о сушествовании нетривиальных решений и об оценках числа решений, теоремы о свойствах гладкости и устойчивости решений, теоремы о приближенном построении решений и т. д.

Лит.: [1] Гахо в Ф. Д., Краевые задачи, 3 изд., М., 1976; [2] Гу р с а Э., Курс математического анализа, пер. с франц., т. 3, ч. 2, 2 изд., М., 1934; [3] Га н т м а х е р Ф. Р., К р ей н М. Г., Осцилляционные матрицы и ядра и малые колебания механических систем, М., 1950; [4] Интегральные уравнения, М., 1968; [5] К а н то р о в и ч Л. В., Ак и л о в Г. П., Функциональный анализ, 3 изд., М., 1986; [6] Ка н т о р о в ич Л. В., Кры ло в В. И., Приближенные методы высшего анализа, 5 изд., М.- Л., 1962; [7] К р а с н о в М.Л., Интегральные уравнения, М., 1975; [8] Ло в и тт У. В., Линейные интегральные уравнения, пер. с англ., 2 изд., М., 1957; [9] М и хл и н С. Г., Лекции по линейным интегральным уравнениям, 2 изд., М., 1959; [10] е го же, Многомерные сингулярные интегралы и интегральные уравнения, М., 1962; [11] Мусхелиш ви ли Н. И., Сингулярные интегральные уравнения, 3 изд., М., 1968; [12] П е т р о в с к и й И. Г., Лекции по теории интегральных уравнений, 4 изд., М., 1984; [13] П р и в ал о в И. И., Интегральные уравнения, 2 изд., М., 1937; [14] Р и с с Ф., С екефаль в и - На д ь Б., Лекции по функциональному анализу, 2 изд., М., 1979; [15] С м и р но в В. И., Курс высшей математики, т. 4, ч. 1, 6 изд., 1974; [16] Т р и ком и Ф., Интегральные уравнения, пер. с англ., М., 1960.</text>
  <text_orig> - уравнение, в к-ром неизвестная функция содержится под знаком интеграла. В классич. теории область определения $\Omega$ неизвестной функции является либо отрезком прямой или кривой - такие И. у. называют о д ном е р ны м и, либо областью конечномерного пространства или многообразия - такие И. у. называют многомерными; при этом в зависимости от типа рассматриваемого интеграла различают И. у. с интегралами Римана, Лебега, Стилтьеса, Коши и т. д. Рассматриваются И.у., у к-рых $\Omega$ является абстрактным множеством, на нек-рой $\sigma$-алгебре к-рого задана мера; такие И. у. охватывают и различные классы бесконечных систем с бесконечным числом переменных. Чаше всего рассматриваются И. у., в к-рых искомая функция принимает или скалярные значения, или значения из конечномерного пространства; в последнем случае И.у. по существу является системой И.у. Встречаются И. у., в к-рых искомые функщии принимают значения в банаховых или еще более общих пространствах или многообразиях; ниже речь идет лишь об И. у., в к-рых неизвестные функции принимают скалярные значения.

К И. у. сводятся многие задачи математич. физики. Исследование этих И. у. часто оказывается существенно более простой задачей по сравнению с исходной проблемой. Тем самым теория И. у. оказывается одним из наиболее важных методов математич. физики. Сведение многих проблем математич. физики к И. у. осуществляется обычно при помощи Грина функций

По характеру зависимости левой и правой частей И. у. от неизвестной функции различают линейные и нелинейные И.у. Среди л и не й н ы х И.у. наиболее часто встречаются уравнения вида

\[
a(x) u(x)+b(x) \int_{\Omega} k(x, y) u(y) d y=f(x)
\]

здесь $u(x)$ - неизвестная функция, $k(x, y), a(x)$ и $b(x)-$ известные функции, первая из к-рых называется яд ром И. у., а остальные - ко эфф ици е н т а м и. Если интеграл в (1) понимается в смысле Римана или Лебега, то (1) называется интегральным уравнением Фред голь м а. Если интеграл в (1) понимается как несобственный в каком-либо смысле, то (1) называется с и н г у л я р ным линейным И. у.; среди сингулярных И.у. наиболее часто встречаются уравнения, в К-рых интеграл понимается в смысле главного значения Коши

\[
\int_{\Omega} k(x, y) u(y) d y=\lim _{\varepsilon \rightarrow \infty} \int_{\Omega \backslash B(x, \varepsilon)} k(x, y) u(y) d y
\]

[здесь $B(x, \varepsilon)$ - шар с центром в $x$ радиуса $\varepsilon$ ]. И. у. (1) называется однородным, если $f(x)=0$, и неодноро д ным - в противном случае. В частном случае, когда $a(x)=0$ и $b(x)=1$, И.у. (1) называется уравнением пе р вого рода; когда $a(x)=\lambda(\lambda-$ ненулевое число) и $b(x)=-1$, И.у. (1) называется уравнением второго р о д а; в общем случае И.у. (1) часто называют у р а в е нием третьего рода.

Среди многочисленных и самых разнообразных н е л и не й ных И. у. наиболее часто встречаются и нте граль ные уравнения Гаммерштейна

\[
u(x)=\int_{\Omega} k(x, y) f(y, u(y)) d y
\]

и несколько более общие интегральные уравнения Урысона

\[
u(x)=\int_{\Omega} k(x, y, u(y)) d y .
\]

Из других классов нелинейных И.у. отметим уравнения вида

\[
u(x)=g\left(x, u(x), \int_{\Omega} k(x, y, u(x), u(y))\right) d y
\]

и уравнения

\[
\begin{gathered}
u(x)=\sum_{n=0}^{\infty} \int_{\Omega} \ldots \int_{\Omega} k_{n}\left(x, y_{1}, \ldots, y_{n}, u(x), u\left(y_{1}\right), \ldots, u\left(y_{n}\right)\right) \times \\
\times d y_{1} \ldots d y_{n} .
\end{gathered}
\] важным из таких дополнений является так наз. те о р и я Гильбе р та -ШмидтаИ.у. (10) с эрмитовосопряже нным и ядрами - так называются ядра $k(x, y)$, для к-рых $k^{*}(x, y)=k(x, y)$.

Вторым важным классом И.у. (10) являются интегральны е уравнения Вольтер ра; в скалярном случае, когда $\Omega$ является отрезком, так называется уравнение (10), если $k(x, y)=0$ при $y&amp;amp;gt;x$. Основным фактом теории И.у. Вольтерра является теорема об обращении в нуль спектрального радиуса $\rho(K)$ соответствующего интегрального оператора (11) и, тем самым, справедливости (13) при всех ненулевых $\lambda$. Это утверждение имеет место, если ядро $k(x, y)$ непрерывно или интегрируемо с квадратом на $\Omega \times \Omega$ или если оператор (11) компактен.

Еще одним важным классом И.у. (10) являются И.у. с не от р и цатель ным яд ром $k(x, y)$ (в задачах математич. физики это свойство эквивалентно справедливости принципа максимума). Основным результатом для таких уравнений является теорема о существовании неотрицательной собственной функции у оператора (11), к-рой отвечает собственное значение, равное спектральному радиусу $\rho(K)$ оператора $K$. Это утверждение верно, если ядро $k(x, y)$ положительно почти всюду на $\Omega \times \Omega$. Существуют его различные варианты, относящиеся к неотрицательным ядрам, обращающимся в нуль на мноюжествах положительной меры.

Теория И.у. (10) в случае, если оператор (11) и его итерации не являются компактными ни в одном из пространств $C$ или $L_{p}$, резко усложняется; такие уравнения часто называют о с обым и И. у. Их теория, как и теория более общих И. у. (1), включая сингулярные И. у., в значительной степени состоит из различных утверждений об условиях на функции $a(x), b(x)$ и $k(x, y)$, при к-рых левая часть соответствующего И.у. (1) является фредгольмовым или нетеровым о пе ратором или, иными словами, когда для И. у. (1) справедлива или альтернатива Фредгольма, или все ее утверждения, за исключением совпадения размерностей подпространств решений линейных однородных И. у.:

\[
\begin{aligned}
&amp;amp;amp; a(x) u(x)+b(x) \int_{\Omega} k(x, y) u(y) d y=0, \\
&amp;amp;amp; \overline{a(x)} v(x)+\overline{b(x)} \int_{\Omega} k^{*}(x, y) v(y) d y=0 .
\end{aligned}
\]

Если левая часть И.у. (1) оказывается фредгольмовым или нетеровым оператором, то это И.у. эквивалентно нек-рому И. у. вида (11) с компактным в соответствующем пространстве оператором.

Исследование И. у. (1) в случаях, когда его левая часть не является фредгольмовым или нетеровым оператором, резко усложняется. Основная трудность такого исследования связана с некорректностью таких уравнений - в этих случаях малым изменениям правой части И.у. (1) соответствуют, вообе говоря, «немалые» изменения их решений. Наиболее полные результаты (теоремы Шмидта) здесь известны для И.у. (1) первого рода в случае, когда интегральный оператор (11) является компактным в $L_{2}$ (левая часть таких уравнений не может быть фредгольмовым или нетеровым оператором). Для некорректных И.у. известно довольно много результатов, особенно для И. у. Вольтерра первого рода и для И.у., ядрами к-рых являются функции Грина различных краевых задач. Большая часть результатов теории нелинейных И. у. получается непосредственным применением к ним общих принципов и теорем нелинейного анализа, поэтому теория нелинейных И. у. является главой общей теории нелинейных операторных уравнений. Здесь, как и в линейном случае, важную роль играют различные признаки ограниченности, непрерывности, компактности и т. д. в различных функциональных пространствах разнообразных нелинейных интегральных операторов, входящих в левые и правые части рассматриваемых уравнений.

220 ИНTETPAЛЬHOE Основными результатами в теории нелинейных И. у. являются разнообразные теоремы о разрешимости и однозначной разрешимости, теоремы о сушествовании нетривиальных решений и об оценках числа решений, теоремы о свойствах гладкости и устойчивости решений, теоремы о приближенном построении решений и т. д.

Лит.: [1] Гахо в Ф. Д., Краевые задачи, 3 изд., М., 1976; [2] Гу р с а Э., Курс математического анализа, пер. с франц., т. 3, ч. 2, 2 изд., М., 1934; [3] Га н т м а х е р Ф. Р., К р ей н М. Г., Осцилляционные матрицы и ядра и малые колебания механических систем, М., 1950; [4] Интегральные уравнения, М., 1968; [5] К а н то р о в и ч Л. В., Ак и л о в Г. П., Функциональный анализ, 3 изд., М., 1986; [6] Ка н т о р о в ич Л. В., Кры ло в В. И., Приближенные методы высшего анализа, 5 изд., М.- Л., 1962; [7] К р а с н о в М.Л., Интегральные уравнения, М., 1975; [8] Ло в и тт У. В., Линейные интегральные уравнения, пер. с англ., 2 изд., М., 1957; [9] М и хл и н С. Г., Лекции по линейным интегральным уравнениям, 2 изд., М., 1959; [10] е го же, Многомерные сингулярные интегралы и интегральные уравнения, М., 1962; [11] Мусхелиш ви ли Н. И., Сингулярные интегральные уравнения, 3 изд., М., 1968; [12] П е т р о в с к и й И. Г., Лекции по теории интегральных уравнений, 4 изд., М., 1984; [13] П р и в ал о в И. И., Интегральные уравнения, 2 изд., М., 1937; [14] Р и с с Ф., С екефаль в и - На д ь Б., Лекции по функциональному анализу, 2 изд., М., 1979; [15] С м и р но в В. И., Курс высшей математики, т. 4, ч. 1, 6 изд., 1974; [16] Т р и ком и Ф., Интегральные уравнения, пер. с англ., М., 1960. П. П. Забрейко.</text_orig>
</article>
