<?xml version="1.0" ?>
<article uri="http://libmeta.ru/fme/article/1033_INTEGRAL'NOE">
  <title>ИНТЕГРАЛЬНОЕ УРАВНЕНИЕ</title>
  <authors>
    <author>П. П. Забрейко</author>
  </authors>
  <title_short/>
  <pages>
    <start>218</start>
    <end>220</end>
  </pages>
  <literature>
    <literature_orig>Лит.: [1] Гахо в Ф. Д., Краевые задачи, 3 изд., М., 1976; [2] Гу р с а Э., Курс математического анализа, пер. с франц., т. 3, ч. 2, 2 изд., М., 1934; [3] Га н т м а х е р Ф. Р., К р ей н М. Г., Осцилляционные матрицы и ядра и малые колебания механических систем, М., 1950; [4] Интегральные уравнения, М., 1968; [5] К а н то р о в и ч Л. В., Ак и л о в Г. П., Функциональный анализ, 3 изд., М., 1986; [6] Ка н т о р о в ич Л. В., Кры ло в В. И., Приближенные методы высшего анализа, 5 изд., М.- Л., 1962; [7] К р а с н о в М.Л., Интегральные уравнения, М., 1975; [8] Ло в и тт У. В., Линейные интегральные уравнения, пер. с англ., 2 изд., М., 1957; [9] М и хл и н С. Г., Лекции по линейным интегральным уравнениям, 2 изд., М., 1959; [10] е го же, Многомерные сингулярные интегралы и интегральные уравнения, М., 1962; [11] Мусхелиш ви ли Н. И., Сингулярные интегральные уравнения, 3 изд., М., 1968; [12] П е т р о в с к и й И. Г., Лекции по теории интегральных уравнений, 4 изд., М., 1984; [13] П р и в ал о в И. И., Интегральные уравнения, 2 изд., М., 1937; [14] Р и с с Ф., С екефаль в и - На д ь Б., Лекции по функциональному анализу, 2 изд., М., 1979; [15] С м и р но в В. И., Курс высшей математики, т. 4, ч. 1, 6 изд., 1974; [16] Т р и ком и Ф., Интегральные уравнения, пер. с англ., М., 1960.</literature_orig>
    <unit>
      <author>Гахов Ф. Д.</author>
      <title>Краевые задачи</title>
      <publication>3 изд., М.</publication>
      <year>1976</year>
      <other/>
    </unit>
    <unit>
      <author>Гурса Э.</author>
      <title>Курс математического анализа</title>
      <publication>пер. с франц., т. 3, ч. 2, 2 изд., М.</publication>
      <year>1934</year>
      <other/>
    </unit>
    <unit>
      <author>Гантмахер Ф. Р.</author>
      <author>Крейн М. Г.</author>
      <title>Осцилляционные матрицы и ядра и малые колебания механических систем</title>
      <publication>М.</publication>
      <year>1950</year>
      <other/>
    </unit>
    <unit>
      <title>Интегральные уравнения</title>
      <publication>М.</publication>
      <year>1968</year>
      <other/>
    </unit>
    <unit>
      <author>Канторович Л. В.</author>
      <author>Акилов Г. П.</author>
      <title>Функциональный анализ</title>
      <publication>3 изд., М.</publication>
      <year>1986</year>
      <other/>
    </unit>
    <unit>
      <author>Канторович Л. В.</author>
      <author>Крылов В. И.</author>
      <title>Приближенные методы высшего анализа</title>
      <publication>5 изд., М.- Л.</publication>
      <year>1962</year>
      <other/>
    </unit>
    <unit>
      <author>Краснов М. Л.</author>
      <title>Интегральные уравнения</title>
      <publication>М.</publication>
      <year>1975</year>
      <other/>
    </unit>
    <unit>
      <author>Ловитт У. В.</author>
      <title>Линейные интегральные уравнения</title>
      <publication>пер. с англ., 2 изд., М.</publication>
      <year>1957</year>
      <other/>
    </unit>
    <unit>
      <author>Михлин С. Г.</author>
      <title>Лекции по линейным интегральным уравнениям</title>
      <publication>2 изд., М.</publication>
      <year>1959</year>
      <other/>
    </unit>
    <unit>
      <title>е го же, Многомерные сингулярные интегралы и интегральные уравнения</title>
      <publication>М.</publication>
      <year>1962</year>
      <other/>
    </unit>
    <unit>
      <author>Мусхелишвили Н. И.</author>
      <title>Сингулярные интегральные уравнения</title>
      <publication>3 изд., М.</publication>
      <year>1968</year>
      <other/>
    </unit>
    <unit>
      <author>Петровский И. Г.</author>
      <title>Лекции по теории интегральных уравнений</title>
      <publication>4 изд., М.</publication>
      <year>1984</year>
      <other/>
    </unit>
    <unit>
      <author>Привалов И. И.</author>
      <title>Интегральные уравнения</title>
      <publication>2 изд., М.</publication>
      <year>1937</year>
      <other/>
    </unit>
    <unit>
      <author>Рисс Ф.</author>
      <author>Секефальви-Надь Б.</author>
      <title>Лекции по функциональному анализу</title>
      <publication>2 изд., М.</publication>
      <year>1979</year>
      <other/>
    </unit>
    <unit>
      <author>Смирнов В. И.</author>
      <title>Курс высшей математики</title>
      <publication>ч. 1, 6 изд.</publication>
      <year>1974</year>
      <other>т. 4</other>
    </unit>
    <unit>
      <author>Трикоми Ф.</author>
      <title>Интегральные уравнения</title>
      <publication>пер. с англ., М.</publication>
      <year>1960</year>
      <other/>
    </unit>
  </literature>
  <formulas_main>
    <formula uri="http://libmeta.ru/fme/formula/main/1033_1_INTEGRAL'NOE">a(x) u(x)+b(x) \int_{\Omega} k(x, y) u(y) d y=f(x)</formula>
    <formula uri="http://libmeta.ru/fme/formula/main/1033_2_INTEGRAL'NOE">\int_{\Omega} k(x, y) u(y) d y=\lim _{\varepsilon \rightarrow \infty} \int_{\Omega \backslash B(x, \varepsilon)} k(x, y) u(y) d y</formula>
    <formula uri="http://libmeta.ru/fme/formula/main/1033_3_INTEGRAL'NOE">u(x)=\int_{\Omega} k(x, y) f(y, u(y)) d y</formula>
    <formula uri="http://libmeta.ru/fme/formula/main/1033_4_INTEGRAL'NOE">u(x)=\int_{\Omega} k(x, y, u(y)) d y .</formula>
    <formula uri="http://libmeta.ru/fme/formula/main/1033_5_INTEGRAL'NOE">u(x)=g\left(x, u(x), \int_{\Omega} k(x, y, u(x), u(y))\right) d y</formula>
    <formula uri="http://libmeta.ru/fme/formula/main/1033_6_INTEGRAL'NOE">\begin{gathered}
u(x)=\sum_{n=0}^{\infty} \int_{\Omega} \ldots \int_{\Omega} k_{n}\left(x, y_{1}, \ldots, y_{n}, u(x), u\left(y_{1}\right), \ldots, u\left(y_{n}\right)\right) \times \\
\times d y_{1} \ldots d y_{n} .
\end{gathered}</formula>
    <formula uri="http://libmeta.ru/fme/formula/main/1033_7_INTEGRAL'NOE">u(x)=\int_{\Omega} k(x, y, u(y), u(\omega(y))) d y</formula>
    <formula uri="http://libmeta.ru/fme/formula/main/1033_8_INTEGRAL'NOE">\begin{aligned}
u(x, y) &amp; +\int_{\Omega} l(x, y, \xi, u(\xi, y)) d \xi+\int_{\Omega} m(x, y, \eta, u(\eta, y)) d \eta+ \\
&amp; +\int_{\Omega} \int_{\Omega} n(x, y, \xi, \eta, u(\xi, \eta)) d \xi d \eta=f(x, y)
\end{aligned}</formula>
    <formula uri="http://libmeta.ru/fme/formula/main/1033_9_INTEGRAL'NOE">k(x, y)=\sum_{j=1}^{m} a_{j}(x) b_{j}(y),</formula>
    <formula uri="http://libmeta.ru/fme/formula/main/1033_10_INTEGRAL'NOE">\lambda u(x)-\int_{\Omega} k(x, y) u(y) d y=f(x),</formula>
    <formula uri="http://libmeta.ru/fme/formula/main/1033_11_INTEGRAL'NOE">K u(x)=\int_{\Omega} k(x, y) u(y) d y</formula>
    <formula uri="http://libmeta.ru/fme/formula/main/1033_12_INTEGRAL'NOE">u(x)=R(\lambda, K) f(x),</formula>
    <formula uri="http://libmeta.ru/fme/formula/main/1033_13_INTEGRAL'NOE">\|K\|=\sup \{\|K u\|:\|u\| \leqslant 1\},</formula>
    <formula uri="http://libmeta.ru/fme/formula/main/1033_14_INTEGRAL'NOE">\rho(K)=\lim _{n \rightarrow \infty}\left(\left\|K^{n}\right\|\right)^{1 / n}</formula>
    <formula uri="http://libmeta.ru/fme/formula/main/1033_15_INTEGRAL'NOE">u_{n+1}(x)=\lambda^{-1} K u_{n}(x)+\lambda^{-1} f(x), \quad n=0,1, \ldots,</formula>
    <formula uri="http://libmeta.ru/fme/formula/main/1033_16_INTEGRAL'NOE">R(\lambda, K)=\sum_{n=0}^{\infty} \lambda^{-n-1} K^{n} .</formula>
    <formula uri="http://libmeta.ru/fme/formula/main/1033_17_INTEGRAL'NOE">R(\lambda, K) f(x)=\lambda^{-1} f(x)+\int_{\Omega} r(\lambda, x, y) f(y) d y</formula>
    <formula uri="http://libmeta.ru/fme/formula/main/1033_18_INTEGRAL'NOE">K^{\prime} v(x)=\int_{\Omega} k^{*}(x, y) v(y) d y</formula>
    <formula uri="http://libmeta.ru/fme/formula/main/1033_19_INTEGRAL'NOE">\begin{aligned}
&amp; \lambda u(x)-\int_{\Omega} k(x, y) u(y) d y=0, \\
&amp; \lambda v(x)-\int_{\Omega} k^{*}(x, y) v(y) d y=0
\end{aligned}</formula>
    <formula uri="http://libmeta.ru/fme/formula/main/1033_20_INTEGRAL'NOE">\int_{\Omega} f(x) \overline{v(x)} d x=0 .</formula>
    <formula uri="http://libmeta.ru/fme/formula/main/1033_21_INTEGRAL'NOE">\int_{\Omega}|k(x, y)| d y, \quad \int_{\Omega}|k(x, y)| d x \in L_{\infty} .</formula>
    <formula uri="http://libmeta.ru/fme/formula/main/1033_22_INTEGRAL'NOE">\begin{aligned}
&amp; a(x) u(x)+b(x) \int_{\Omega} k(x, y) u(y) d y=0, \\
&amp; \overline{a(x)} v(x)+\overline{b(x)} \int_{\Omega} k^{*}(x, y) v(y) d y=0 .
\end{aligned}</formula>
  </formulas_main>
  <formulas_aux>
    <formula uri="http://libmeta.ru/fme/formula/aux/1033_1_INTEGRAL'NOE">\omega</formula>
    <formula uri="http://libmeta.ru/fme/formula/aux/1033_2_INTEGRAL'NOE">\omega</formula>
    <formula uri="http://libmeta.ru/fme/formula/aux/1033_3_INTEGRAL'NOE">\sigma</formula>
    <formula uri="http://libmeta.ru/fme/formula/aux/1033_4_INTEGRAL'NOE">u(x)</formula>
    <formula uri="http://libmeta.ru/fme/formula/aux/1033_5_INTEGRAL'NOE">k(x, y), a(x)</formula>
    <formula uri="http://libmeta.ru/fme/formula/aux/1033_6_INTEGRAL'NOE">b(x)-</formula>
    <formula uri="http://libmeta.ru/fme/formula/aux/1033_7_INTEGRAL'NOE">b(x, \varepsilon)</formula>
    <formula uri="http://libmeta.ru/fme/formula/aux/1033_8_INTEGRAL'NOE">x</formula>
    <formula uri="http://libmeta.ru/fme/formula/aux/1033_9_INTEGRAL'NOE">\varepsilon</formula>
    <formula uri="http://libmeta.ru/fme/formula/aux/1033_10_INTEGRAL'NOE">f(x)=0</formula>
    <formula uri="http://libmeta.ru/fme/formula/aux/1033_11_INTEGRAL'NOE">a(x)=0</formula>
    <formula uri="http://libmeta.ru/fme/formula/aux/1033_12_INTEGRAL'NOE">b(x)=1</formula>
    <formula uri="http://libmeta.ru/fme/formula/aux/1033_13_INTEGRAL'NOE">a(x)=\lambda(\lambda-</formula>
    <formula uri="http://libmeta.ru/fme/formula/aux/1033_14_INTEGRAL'NOE">b(x)=-1</formula>
    <formula uri="http://libmeta.ru/fme/formula/aux/1033_15_INTEGRAL'NOE">c</formula>
    <formula uri="http://libmeta.ru/fme/formula/aux/1033_16_INTEGRAL'NOE">l_{p}, 1 \leqslant p \leqslant \infty</formula>
    <formula uri="http://libmeta.ru/fme/formula/aux/1033_17_INTEGRAL'NOE">p</formula>
    <formula uri="http://libmeta.ru/fme/formula/aux/1033_18_INTEGRAL'NOE">p&lt;\infty</formula>
    <formula uri="http://libmeta.ru/fme/formula/aux/1033_19_INTEGRAL'NOE">p=\infty</formula>
    <formula uri="http://libmeta.ru/fme/formula/aux/1033_20_INTEGRAL'NOE">h_{\alpha}</formula>
    <formula uri="http://libmeta.ru/fme/formula/aux/1033_21_INTEGRAL'NOE">h_{\alpha}^{0}, 0&lt;\alpha&lt;1</formula>
    <formula uri="http://libmeta.ru/fme/formula/aux/1033_22_INTEGRAL'NOE">l_{m}</formula>
    <formula uri="http://libmeta.ru/fme/formula/aux/1033_23_INTEGRAL'NOE">x=c</formula>
    <formula uri="http://libmeta.ru/fme/formula/aux/1033_24_INTEGRAL'NOE">x=l_{p} 1 \leqslant p \leqslant \infty</formula>
    <formula uri="http://libmeta.ru/fme/formula/aux/1033_25_INTEGRAL'NOE">\lambda</formula>
    <formula uri="http://libmeta.ru/fme/formula/aux/1033_26_INTEGRAL'NOE">\sigma(k)</formula>
    <formula uri="http://libmeta.ru/fme/formula/aux/1033_27_INTEGRAL'NOE">x</formula>
    <formula uri="http://libmeta.ru/fme/formula/aux/1033_28_INTEGRAL'NOE">f(x)</formula>
    <formula uri="http://libmeta.ru/fme/formula/aux/1033_29_INTEGRAL'NOE">x</formula>
    <formula uri="http://libmeta.ru/fme/formula/aux/1033_30_INTEGRAL'NOE">r(\lambda, K)</formula>
    <formula uri="http://libmeta.ru/fme/formula/aux/1033_31_INTEGRAL'NOE">\lambda</formula>
    <formula uri="http://libmeta.ru/fme/formula/aux/1033_32_INTEGRAL'NOE">x</formula>
    <formula uri="http://libmeta.ru/fme/formula/aux/1033_33_INTEGRAL'NOE">|\lambda|&gt;\|k\|</formula>
    <formula uri="http://libmeta.ru/fme/formula/aux/1033_34_INTEGRAL'NOE">|\lambda|&gt;\rho(k)</formula>
    <formula uri="http://libmeta.ru/fme/formula/aux/1033_35_INTEGRAL'NOE">\|k\|</formula>
    <formula uri="http://libmeta.ru/fme/formula/aux/1033_36_INTEGRAL'NOE">k</formula>
    <formula uri="http://libmeta.ru/fme/formula/aux/1033_37_INTEGRAL'NOE">\rho(k)</formula>
    <formula uri="http://libmeta.ru/fme/formula/aux/1033_38_INTEGRAL'NOE">\lambda</formula>
    <formula uri="http://libmeta.ru/fme/formula/aux/1033_39_INTEGRAL'NOE">u(x)</formula>
    <formula uri="http://libmeta.ru/fme/formula/aux/1033_40_INTEGRAL'NOE">x</formula>
    <formula uri="http://libmeta.ru/fme/formula/aux/1033_41_INTEGRAL'NOE">r(\lambda, K)</formula>
    <formula uri="http://libmeta.ru/fme/formula/aux/1033_42_INTEGRAL'NOE">r(\lambda, K)</formula>
    <formula uri="http://libmeta.ru/fme/formula/aux/1033_43_INTEGRAL'NOE">r(\lambda, x, y)</formula>
    <formula uri="http://libmeta.ru/fme/formula/aux/1033_44_INTEGRAL'NOE">\lambda</formula>
    <formula uri="http://libmeta.ru/fme/formula/aux/1033_45_INTEGRAL'NOE">k^{n}</formula>
    <formula uri="http://libmeta.ru/fme/formula/aux/1033_46_INTEGRAL'NOE">x</formula>
    <formula uri="http://libmeta.ru/fme/formula/aux/1033_47_INTEGRAL'NOE">x</formula>
    <formula uri="http://libmeta.ru/fme/formula/aux/1033_48_INTEGRAL'NOE">k^{*}(x, y)=\overline{k(y, x)}</formula>
    <formula uri="http://libmeta.ru/fme/formula/aux/1033_49_INTEGRAL'NOE">x^{\prime}</formula>
    <formula uri="http://libmeta.ru/fme/formula/aux/1033_50_INTEGRAL'NOE">l_{1}</formula>
    <formula uri="http://libmeta.ru/fme/formula/aux/1033_51_INTEGRAL'NOE">x=c</formula>
    <formula uri="http://libmeta.ru/fme/formula/aux/1033_52_INTEGRAL'NOE">l_{p^{\prime}}</formula>
    <formula uri="http://libmeta.ru/fme/formula/aux/1033_53_INTEGRAL'NOE">p^{\prime}=\frac{p}{p-1}</formula>
    <formula uri="http://libmeta.ru/fme/formula/aux/1033_54_INTEGRAL'NOE">x=l_{p}</formula>
    <formula uri="http://libmeta.ru/fme/formula/aux/1033_55_INTEGRAL'NOE">f(x)</formula>
    <formula uri="http://libmeta.ru/fme/formula/aux/1033_56_INTEGRAL'NOE">v(x)</formula>
    <formula uri="http://libmeta.ru/fme/formula/aux/1033_57_INTEGRAL'NOE">x</formula>
    <formula uri="http://libmeta.ru/fme/formula/aux/1033_58_INTEGRAL'NOE">x</formula>
    <formula uri="http://libmeta.ru/fme/formula/aux/1033_59_INTEGRAL'NOE">c</formula>
    <formula uri="http://libmeta.ru/fme/formula/aux/1033_60_INTEGRAL'NOE">k(x, y)</formula>
    <formula uri="http://libmeta.ru/fme/formula/aux/1033_61_INTEGRAL'NOE">\varepsilon&lt;m</formula>
    <formula uri="http://libmeta.ru/fme/formula/aux/1033_62_INTEGRAL'NOE">m</formula>
    <formula uri="http://libmeta.ru/fme/formula/aux/1033_63_INTEGRAL'NOE">\omega</formula>
    <formula uri="http://libmeta.ru/fme/formula/aux/1033_64_INTEGRAL'NOE">|x-y|^{\varepsilon} k(x, y)</formula>
    <formula uri="http://libmeta.ru/fme/formula/aux/1033_65_INTEGRAL'NOE">k(x, y)</formula>
    <formula uri="http://libmeta.ru/fme/formula/aux/1033_66_INTEGRAL'NOE">c</formula>
    <formula uri="http://libmeta.ru/fme/formula/aux/1033_67_INTEGRAL'NOE">l_{p}</formula>
    <formula uri="http://libmeta.ru/fme/formula/aux/1033_68_INTEGRAL'NOE">l_{2}</formula>
    <formula uri="http://libmeta.ru/fme/formula/aux/1033_69_INTEGRAL'NOE">\omega \times \Omega</formula>
    <formula uri="http://libmeta.ru/fme/formula/aux/1033_70_INTEGRAL'NOE">l_{p}, 1&lt;p&lt;\infty</formula>
    <formula uri="http://libmeta.ru/fme/formula/aux/1033_71_INTEGRAL'NOE">k(x, y)</formula>
    <formula uri="http://libmeta.ru/fme/formula/aux/1033_72_INTEGRAL'NOE">k^{*}(x, y)=k(x, y)</formula>
    <formula uri="http://libmeta.ru/fme/formula/aux/1033_73_INTEGRAL'NOE">\omega</formula>
    <formula uri="http://libmeta.ru/fme/formula/aux/1033_74_INTEGRAL'NOE">k(x, y)=0</formula>
    <formula uri="http://libmeta.ru/fme/formula/aux/1033_75_INTEGRAL'NOE">y&gt;x</formula>
    <formula uri="http://libmeta.ru/fme/formula/aux/1033_76_INTEGRAL'NOE">\rho(k)</formula>
    <formula uri="http://libmeta.ru/fme/formula/aux/1033_77_INTEGRAL'NOE">\lambda</formula>
    <formula uri="http://libmeta.ru/fme/formula/aux/1033_78_INTEGRAL'NOE">k(x, y)</formula>
    <formula uri="http://libmeta.ru/fme/formula/aux/1033_79_INTEGRAL'NOE">\omega \times \Omega</formula>
    <formula uri="http://libmeta.ru/fme/formula/aux/1033_80_INTEGRAL'NOE">k(x, y)</formula>
    <formula uri="http://libmeta.ru/fme/formula/aux/1033_81_INTEGRAL'NOE">\rho(k)</formula>
    <formula uri="http://libmeta.ru/fme/formula/aux/1033_82_INTEGRAL'NOE">k</formula>
    <formula uri="http://libmeta.ru/fme/formula/aux/1033_83_INTEGRAL'NOE">k(x, y)</formula>
    <formula uri="http://libmeta.ru/fme/formula/aux/1033_84_INTEGRAL'NOE">\omega \times \Omega</formula>
    <formula uri="http://libmeta.ru/fme/formula/aux/1033_85_INTEGRAL'NOE">c</formula>
    <formula uri="http://libmeta.ru/fme/formula/aux/1033_86_INTEGRAL'NOE">l_{p}</formula>
    <formula uri="http://libmeta.ru/fme/formula/aux/1033_87_INTEGRAL'NOE">a(x), b(x)</formula>
    <formula uri="http://libmeta.ru/fme/formula/aux/1033_88_INTEGRAL'NOE">k(x, y)</formula>
    <formula uri="http://libmeta.ru/fme/formula/aux/1033_89_INTEGRAL'NOE">l_{2}</formula>
  </formulas_aux>
  <relations/>
  <text>уравнение, в к-ром неизвестная функция содержится под знаком интеграла. В классич. теории область определения $URI[[http://libmeta.ru/fme/formula/aux/1033_1_INTEGRAL'NOE]]/URI$ неизвестной функции является либо отрезком прямой или кривой - такие И. у. называют о д ном е р ны м и, либо областью конечномерного пространства или многообразия - такие И. у. называют многомерными; при этом в зависимости от типа рассматриваемого интеграла различают И. у. с интегралами Римана, Лебега, Стилтьеса, Коши и т. д. Рассматриваются И.у., у к-рых $URI[[http://libmeta.ru/fme/formula/aux/1033_2_INTEGRAL'NOE]]/URI$ является абстрактным множеством, на нек-рой $URI[[http://libmeta.ru/fme/formula/aux/1033_3_INTEGRAL'NOE]]/URI$-алгебре к-рого задана мера; такие И. у. охватывают и различные классы бесконечных систем с бесконечным числом переменных. Чаше всего рассматриваются И. у., в к-рых искомая функция принимает или скалярные значения, или значения из конечномерного пространства; в последнем случае И.у. по существу является системой И.у. Встречаются И. у., в к-рых искомые функщии принимают значения в банаховых или еще более общих пространствах или многообразиях; ниже речь идет лишь об И. у., в к-рых неизвестные функции принимают скалярные значения.

К И. у. сводятся многие задачи математич. физики. Исследование этих И. у. часто оказывается существенно более простой задачей по сравнению с исходной проблемой. Тем самым теория И. у. оказывается одним из наиболее важных методов математич. физики. Сведение многих проблем математич. физики к И. у. осуществляется обычно при помощи Грина функций

По характеру зависимости левой и правой частей И. у. от неизвестной функции различают линейные и нелинейные И.у. Среди л и не й н ы х И.у. наиболее часто встречаются уравнения вида

\[
URI[[http://libmeta.ru/fme/formula/main/1033_1_INTEGRAL'NOE]]/URI
\]

здесь $URI[[http://libmeta.ru/fme/formula/aux/1033_4_INTEGRAL'NOE]]/URI$ - неизвестная функция, $URI[[http://libmeta.ru/fme/formula/aux/1033_5_INTEGRAL'NOE]]/URI$ и $URI[[http://libmeta.ru/fme/formula/aux/1033_6_INTEGRAL'NOE]]/URI$ известные функции, первая из к-рых называется яд ром И. у., а остальные - ко эфф ици е н т а м и. Если интеграл в (1) понимается в смысле Римана или Лебега, то (1) называется интегральным уравнением Фред голь м а. Если интеграл в (1) понимается как несобственный в каком-либо смысле, то (1) называется с и н г у л я р ным линейным И. у.; среди сингулярных И.у. наиболее часто встречаются уравнения, в К-рых интеграл понимается в смысле главного значения Коши

\[
URI[[http://libmeta.ru/fme/formula/main/1033_2_INTEGRAL'NOE]]/URI
\]

[здесь $URI[[http://libmeta.ru/fme/formula/aux/1033_7_INTEGRAL'NOE]]/URI$ - шар с центром в $URI[[http://libmeta.ru/fme/formula/aux/1033_8_INTEGRAL'NOE]]/URI$ радиуса $URI[[http://libmeta.ru/fme/formula/aux/1033_9_INTEGRAL'NOE]]/URI$ ]. И. у. (1) называется однородным, если $URI[[http://libmeta.ru/fme/formula/aux/1033_10_INTEGRAL'NOE]]/URI$, и неодноро д ным - в противном случае. В частном случае, когда $URI[[http://libmeta.ru/fme/formula/aux/1033_11_INTEGRAL'NOE]]/URI$ и $URI[[http://libmeta.ru/fme/formula/aux/1033_12_INTEGRAL'NOE]]/URI$, И.у. (1) называется уравнением пе р вого рода; когда $URI[[http://libmeta.ru/fme/formula/aux/1033_13_INTEGRAL'NOE]]/URI$ ненулевое число) и $URI[[http://libmeta.ru/fme/formula/aux/1033_14_INTEGRAL'NOE]]/URI$, И.у. (1) называется уравнением второго р о д а; в общем случае И.у. (1) часто называют у р а в е нием третьего рода.

Среди многочисленных и самых разнообразных н е л и не й ных И. у. наиболее часто встречаются и нте граль ные уравнения Гаммерштейна

\[
URI[[http://libmeta.ru/fme/formula/main/1033_3_INTEGRAL'NOE]]/URI
\]

и несколько более общие интегральные уравнения Урысона

\[
URI[[http://libmeta.ru/fme/formula/main/1033_4_INTEGRAL'NOE]]/URI
\]

Из других классов нелинейных И.у. отметим уравнения вида

\[
URI[[http://libmeta.ru/fme/formula/main/1033_5_INTEGRAL'NOE]]/URI
\]

и уравнения

\[
URI[[http://libmeta.ru/fme/formula/main/1033_6_INTEGRAL'NOE]]/URI
\] Описанные классы И.у. далеко не исчерпывают все их многообразие. Так, в последние годы в математич. физике начали играть важную роль И.у. вида

\[
URI[[http://libmeta.ru/fme/formula/main/1033_7_INTEGRAL'NOE]]/URI
\]

и И. у. вида

\[
URI[[http://libmeta.ru/fme/formula/main/1033_8_INTEGRAL'NOE]]/URI
\]

(называемые обычно частично интегральными у р а в н е н и я м и); оба типа уравнений могут быть как линейными, так и нелинейными. Как правило, И.у. содержат различные числовые или функциональные параметры, что в одних случаях упрощает, а в других усложняет их рассмотрение.

Теория И. у. существенно зависит от того, какие их решения рассматриваются: непрерывные, гладкие, интегрируемые и т. д. В связи с этим каждое И. у. обычно рассматривается вместе с нек-рым пространством (классом) функший, в К-ром оно и исследуется. Классич. теория И. у. связана с их анализом в пространстве Чебышева $URI[[http://libmeta.ru/fme/formula/aux/1033_15_INTEGRAL'NOE]]/URI$ непрерывных функций и в пространствах Лебега $URI[[http://libmeta.ru/fme/formula/aux/1033_16_INTEGRAL'NOE]]/URI$, интегрируемых по Лебегу со степенью $URI[[http://libmeta.ru/fme/formula/aux/1033_17_INTEGRAL'NOE]]/URI$ при $URI[[http://libmeta.ru/fme/formula/aux/1033_18_INTEGRAL'NOE]]/URI$ и ограниченных в сушественном при $URI[[http://libmeta.ru/fme/formula/aux/1033_19_INTEGRAL'NOE]]/URI$ функций. В настояшее время важную роль играют И.у. в пространствах Гельдера $URI[[http://libmeta.ru/fme/formula/aux/1033_20_INTEGRAL'NOE]]/URI$ или $URI[[http://libmeta.ru/fme/formula/aux/1033_21_INTEGRAL'NOE]]/URI$, в пространствах Орлича $URI[[http://libmeta.ru/fme/formula/aux/1033_22_INTEGRAL'NOE]]/URI$ и др.

Уже линейные И. у. (1), как правило, невозможно решить в явном виде; основным исключением являются И.у. с ядрами вида

\[
URI[[http://libmeta.ru/fme/formula/main/1033_9_INTEGRAL'NOE]]/URI
\]

называемыми в ы ро жде н ны м и, решение к-рых сводится к исследованию конечной системы линейных алгебраич. уравнений. Поэтому в теории И.у. основную роль играют общие теоремы о свойствах решений И.у. и о различных их аналитич. представлениях, а также разнообразные приближенные методы отыскания этих решений.

Наиболее полная теория построена для И. у. Фредгольма второго рода:

\[
URI[[http://libmeta.ru/fme/formula/main/1033_10_INTEGRAL'NOE]]/URI
\]

важнейших в приложениях к математич. физике. Эта теория оказалась во многом аналогичной теории конечных линейных алгебраич. систем; основные ее факты восходят к Э. Фредгольму (e. Fredholm); современный вид она приобрела после исследований Дж. Неймана (j. Neumann), Ф. Рисса (f. Riesz) и С. Банаха (s. Banach).

B предположении, что линейный интегральный оператор

\[
URI[[http://libmeta.ru/fme/formula/main/1033_11_INTEGRAL'NOE]]/URI
\]

является ограниченным в одном из пространств $URI[[http://libmeta.ru/fme/formula/aux/1033_23_INTEGRAL'NOE]]/URI$ или $URI[[http://libmeta.ru/fme/formula/aux/1033_24_INTEGRAL'NOE]]/URI$, И.у. (10) при всех значениях параметра $URI[[http://libmeta.ru/fme/formula/aux/1033_25_INTEGRAL'NOE]]/URI$, за исключением нек-рого множества $URI[[http://libmeta.ru/fme/formula/aux/1033_26_INTEGRAL'NOE]]/URI$ комплексной плоскости, называемого с п е к т р о м оператора (11), имеет единственное решение в $URI[[http://libmeta.ru/fme/formula/aux/1033_27_INTEGRAL'NOE]]/URI$ при любой $URI[[http://libmeta.ru/fme/formula/aux/1033_28_INTEGRAL'NOE]]/URI$ из $URI[[http://libmeta.ru/fme/formula/aux/1033_29_INTEGRAL'NOE]]/URI$. Это решение представимо в виде:

\[
URI[[http://libmeta.ru/fme/formula/main/1033_12_INTEGRAL'NOE]]/URI
\]

где $URI[[http://libmeta.ru/fme/formula/aux/1033_30_INTEGRAL'NOE]]/URI$ - аналитически зависящий от $URI[[http://libmeta.ru/fme/formula/aux/1033_31_INTEGRAL'NOE]]/URI$ ограниченный в $URI[[http://libmeta.ru/fme/formula/aux/1033_32_INTEGRAL'NOE]]/URI$ оператор, называемый ре зо л в в е н т о й. В частности, эти утверждения верны при $URI[[http://libmeta.ru/fme/formula/aux/1033_33_INTEGRAL'NOE]]/URI$ и даже при $URI[[http://libmeta.ru/fme/formula/aux/1033_34_INTEGRAL'NOE]]/URI$, где $URI[[http://libmeta.ru/fme/formula/aux/1033_35_INTEGRAL'NOE]]/URI$ - норма $URI[[http://libmeta.ru/fme/formula/aux/1033_36_INTEGRAL'NOE]]/URI$ в соответствуюшем пространстве:

\[
URI[[http://libmeta.ru/fme/formula/main/1033_13_INTEGRAL'NOE]]/URI
\]

a $URI[[http://libmeta.ru/fme/formula/aux/1033_37_INTEGRAL'NOE]]/URI$ - его спектральный радиус:

\[
URI[[http://libmeta.ru/fme/formula/main/1033_14_INTEGRAL'NOE]]/URI
\]

при этих $URI[[http://libmeta.ru/fme/formula/aux/1033_38_INTEGRAL'NOE]]/URI$ решение $URI[[http://libmeta.ru/fme/formula/aux/1033_39_INTEGRAL'NOE]]/URI$ И.у. (10) является пределом в $URI[[http://libmeta.ru/fme/formula/aux/1033_40_INTEGRAL'NOE]]/URI$ последовательных приближений

\[
URI[[http://libmeta.ru/fme/formula/main/1033_15_INTEGRAL'NOE]]/URI
\]

и, более того, резольвента $URI[[http://libmeta.ru/fme/formula/aux/1033_41_INTEGRAL'NOE]]/URI$ представима в виде сходяшегося по норме операторов ря да Ней м а на

\[
URI[[http://libmeta.ru/fme/formula/main/1033_16_INTEGRAL'NOE]]/URI
\]

Во многих важных случаях резольвента $URI[[http://libmeta.ru/fme/formula/aux/1033_42_INTEGRAL'NOE]]/URI$ допускает представление

\[
URI[[http://libmeta.ru/fme/formula/main/1033_17_INTEGRAL'NOE]]/URI
\]

с ядром $URI[[http://libmeta.ru/fme/formula/aux/1033_43_INTEGRAL'NOE]]/URI$, аналитически зависяшим от параметра $URI[[http://libmeta.ru/fme/formula/aux/1033_44_INTEGRAL'NOE]]/URI$.

При дополнительном предположении, что интегральный оператор (11) или нек-рая его итерация $URI[[http://libmeta.ru/fme/formula/aux/1033_45_INTEGRAL'NOE]]/URI$ являются компактными в рассматриваемом пространстве $URI[[http://libmeta.ru/fme/formula/aux/1033_46_INTEGRAL'NOE]]/URI$, справедливы существенно более сильные утверждения, связанные с тем, что в этом случае левая часть И. у. (10) оказывается фре дгольмовым оператором в $URI[[http://libmeta.ru/fme/formula/aux/1033_47_INTEGRAL'NOE]]/URI$; последнее означает справедливость для И.у. альтернативы Фредгольм а, к-рая обычно формулируется при еще одном дополнительном (хотя и несушественном) предположении, что линейный интегральный оператор

\[
URI[[http://libmeta.ru/fme/formula/main/1033_18_INTEGRAL'NOE]]/URI
\]

с ядром $URI[[http://libmeta.ru/fme/formula/aux/1033_48_INTEGRAL'NOE]]/URI$ действует в пространстве $URI[[http://libmeta.ru/fme/formula/aux/1033_49_INTEGRAL'NOE]]/URI$, к-рое совпадает с $URI[[http://libmeta.ru/fme/formula/aux/1033_50_INTEGRAL'NOE]]/URI$ при $URI[[http://libmeta.ru/fme/formula/aux/1033_51_INTEGRAL'NOE]]/URI$ и с $URI[[http://libmeta.ru/fme/formula/aux/1033_52_INTEGRAL'NOE]]/URI$, где $URI[[http://libmeta.ru/fme/formula/aux/1033_53_INTEGRAL'NOE]]/URI$ при $URI[[http://libmeta.ru/fme/formula/aux/1033_54_INTEGRAL'NOE]]/URI$. Справедливость альтернативы Фредгольма для И.у. (10) означает, что множества решений линейных однородных уравнений

\[
URI[[http://libmeta.ru/fme/formula/main/1033_19_INTEGRAL'NOE]]/URI
\]

являются конечномерными подпространствами одинаковой размерности и И. у. (10) с фиксированной правой частью $URI[[http://libmeta.ru/fme/formula/aux/1033_55_INTEGRAL'NOE]]/URI$ разрешимо в том и только в том случае, когда эта правая часть для любого решения $URI[[http://libmeta.ru/fme/formula/aux/1033_56_INTEGRAL'NOE]]/URI$ И. у. (17) удовлетворяет условию ортогональности

\[
URI[[http://libmeta.ru/fme/formula/main/1033_20_INTEGRAL'NOE]]/URI
\]

В частности, И.у. (10) разрешимо в $URI[[http://libmeta.ru/fme/formula/aux/1033_57_INTEGRAL'NOE]]/URI$ для любой правой части из $URI[[http://libmeta.ru/fme/formula/aux/1033_58_INTEGRAL'NOE]]/URI$ в том и только в том случае, когда линейное однородное И.у. (16) имеет только нулевое решение; при этом И. у. (10) однозначно разрешимо.

Описанные теоремы опираются на предположения об ограниченности или компактности интегральных операторов (11) и (15). Для пространства $URI[[http://libmeta.ru/fme/formula/aux/1033_59_INTEGRAL'NOE]]/URI$ эти предположения выполнены, если ядро $URI[[http://libmeta.ru/fme/formula/aux/1033_60_INTEGRAL'NOE]]/URI$ непрерывно или имеет слабые особенности [то есть, если при нек-ром $URI[[http://libmeta.ru/fme/formula/aux/1033_61_INTEGRAL'NOE]]/URI$, где $URI[[http://libmeta.ru/fme/formula/aux/1033_62_INTEGRAL'NOE]]/URI$ размерность области интегрирования $URI[[http://libmeta.ru/fme/formula/aux/1033_63_INTEGRAL'NOE]]/URI$, ядро $URI[[http://libmeta.ru/fme/formula/aux/1033_64_INTEGRAL'NOE]]/URI$ непрерывно]; известны необходимые и достаточные условия на $URI[[http://libmeta.ru/fme/formula/aux/1033_65_INTEGRAL'NOE]]/URI$, при к-рых оператор (8) ограничен или компактен в $URI[[http://libmeta.ru/fme/formula/aux/1033_66_INTEGRAL'NOE]]/URI$, и простые формулы для норм этих операторов. Для пространств $URI[[http://libmeta.ru/fme/formula/aux/1033_67_INTEGRAL'NOE]]/URI$ предположения об ограниченности или компактности также выполнены для непрерывных ядер и ядер со слабыми особенностями, однако простых и эффективных необходимых и достаточных условий ограниченности или компактности оператора (11) в терминах его ядра не существует. В этой связи представляют интерес различные достаточные признаки ограниченности и компактности таких операторов; наиболее важным из них является признак Гильберта-Шмидта: оператор (11) компактен в $URI[[http://libmeta.ru/fme/formula/aux/1033_68_INTEGRAL'NOE]]/URI$, если его ядро интегрируемо с квадратом на $URI[[http://libmeta.ru/fme/formula/aux/1033_69_INTEGRAL'NOE]]/URI$, и признак Канторовича: оператор (11) компактен в $URI[[http://libmeta.ru/fme/formula/aux/1033_70_INTEGRAL'NOE]]/URI$, если

\[
URI[[http://libmeta.ru/fme/formula/main/1033_21_INTEGRAL'NOE]]/URI
\]

Описанные результаты могут быть существенно дополнены для нек-рых специальных классов И.у. (10). Наиболее важным из таких дополнений является так наз. те о р и я Гильбе р та -Шмидтаи.у. (10) с эрмитовосопряже нным и ядрами - так называются ядра $URI[[http://libmeta.ru/fme/formula/aux/1033_71_INTEGRAL'NOE]]/URI$, для к-рых $URI[[http://libmeta.ru/fme/formula/aux/1033_72_INTEGRAL'NOE]]/URI$.

Вторым важным классом И.у. (10) являются интегральны е уравнения Вольтер ра; в скалярном случае, когда $URI[[http://libmeta.ru/fme/formula/aux/1033_73_INTEGRAL'NOE]]/URI$ является отрезком, так называется уравнение (10), если $URI[[http://libmeta.ru/fme/formula/aux/1033_74_INTEGRAL'NOE]]/URI$ при $URI[[http://libmeta.ru/fme/formula/aux/1033_75_INTEGRAL'NOE]]/URI$. Основным фактом теории И.у. Вольтерра является теорема об обращении в нуль спектрального радиуса $URI[[http://libmeta.ru/fme/formula/aux/1033_76_INTEGRAL'NOE]]/URI$ соответствующего интегрального оператора (11) и, тем самым, справедливости (13) при всех ненулевых $URI[[http://libmeta.ru/fme/formula/aux/1033_77_INTEGRAL'NOE]]/URI$. Это утверждение имеет место, если ядро $URI[[http://libmeta.ru/fme/formula/aux/1033_78_INTEGRAL'NOE]]/URI$ непрерывно или интегрируемо с квадратом на $URI[[http://libmeta.ru/fme/formula/aux/1033_79_INTEGRAL'NOE]]/URI$ или если оператор (11) компактен.

Еще одним важным классом И.у. (10) являются И.у. с не от р и цатель ным яд ром $URI[[http://libmeta.ru/fme/formula/aux/1033_80_INTEGRAL'NOE]]/URI$ (в задачах математич. физики это свойство эквивалентно справедливости принципа максимума). Основным результатом для таких уравнений является теорема о существовании неотрицательной собственной функции у оператора (11), к-рой отвечает собственное значение, равное спектральному радиусу $URI[[http://libmeta.ru/fme/formula/aux/1033_81_INTEGRAL'NOE]]/URI$ оператора $URI[[http://libmeta.ru/fme/formula/aux/1033_82_INTEGRAL'NOE]]/URI$. Это утверждение верно, если ядро $URI[[http://libmeta.ru/fme/formula/aux/1033_83_INTEGRAL'NOE]]/URI$ положительно почти всюду на $URI[[http://libmeta.ru/fme/formula/aux/1033_84_INTEGRAL'NOE]]/URI$. Существуют его различные варианты, относящиеся к неотрицательным ядрам, обращающимся в нуль на мноюжествах положительной меры.

Теория И.у. (10) в случае, если оператор (11) и его итерации не являются компактными ни в одном из пространств $URI[[http://libmeta.ru/fme/formula/aux/1033_85_INTEGRAL'NOE]]/URI$ или $URI[[http://libmeta.ru/fme/formula/aux/1033_86_INTEGRAL'NOE]]/URI$, резко усложняется; такие уравнения часто называют о с обым и И. у. Их теория, как и теория более общих И. у. (1), включая сингулярные И. у., в значительной степени состоит из различных утверждений об условиях на функции $URI[[http://libmeta.ru/fme/formula/aux/1033_87_INTEGRAL'NOE]]/URI$ и $URI[[http://libmeta.ru/fme/formula/aux/1033_88_INTEGRAL'NOE]]/URI$, при к-рых левая часть соответствующего И.у. (1) является фредгольмовым или нетеровым о пе ратором или, иными словами, когда для И. у. (1) справедлива или альтернатива Фредгольма, или все ее утверждения, за исключением совпадения размерностей подпространств решений линейных однородных И. у.:

\[
URI[[http://libmeta.ru/fme/formula/main/1033_22_INTEGRAL'NOE]]/URI
\]

Если левая часть И.у. (1) оказывается фредгольмовым или нетеровым оператором, то это И.у. эквивалентно нек-рому И. у. вида (11) с компактным в соответствующем пространстве оператором.

Исследование И. у. (1) в случаях, когда его левая часть не является фредгольмовым или нетеровым оператором, резко усложняется. Основная трудность такого исследования связана с некорректностью таких уравнений - в этих случаях малым изменениям правой части И.у. (1) соответствуют, вообе говоря, «немалые» изменения их решений. Наиболее полные результаты (теоремы Шмидта) здесь известны для И.у. (1) первого рода в случае, когда интегральный оператор (11) является компактным в $URI[[http://libmeta.ru/fme/formula/aux/1033_89_INTEGRAL'NOE]]/URI$ (левая часть таких уравнений не может быть фредгольмовым или нетеровым оператором). Для некорректных И.у. известно довольно много результатов, особенно для И. у. Вольтерра первого рода и для И.у., ядрами к-рых являются функции Грина различных краевых задач. Большая часть результатов теории нелинейных И. у. получается непосредственным применением к ним общих принципов и теорем нелинейного анализа, поэтому теория нелинейных И. у. является главой общей теории нелинейных операторных уравнений. Здесь, как и в линейном случае, важную роль играют различные признаки ограниченности, непрерывности, компактности и т. д. в различных функциональных пространствах разнообразных нелинейных интегральных операторов, входящих в левые и правые части рассматриваемых уравнений.

220 Инtetpaльhoe Основными результатами в теории нелинейных И. у. являются разнообразные теоремы о разрешимости и однозначной разрешимости, теоремы о сушествовании нетривиальных решений и об оценках числа решений, теоремы о свойствах гладкости и устойчивости решений, теоремы о приближенном построении решений и т. д.</text>
  <text_orig>уравнение, в к-ром неизвестная функция содержится под знаком интеграла. В классич. теории область определения $\Omega$ неизвестной функции является либо отрезком прямой или кривой - такие И. у. называют о д ном е р ны м и, либо областью конечномерного пространства или многообразия - такие И. у. называют многомерными; при этом в зависимости от типа рассматриваемого интеграла различают И. у. с интегралами Римана, Лебега, Стилтьеса, Коши и т. д. Рассматриваются И.у., у к-рых $\Omega$ является абстрактным множеством, на нек-рой $\sigma$-алгебре к-рого задана мера; такие И. у. охватывают и различные классы бесконечных систем с бесконечным числом переменных. Чаше всего рассматриваются И. у., в к-рых искомая функция принимает или скалярные значения, или значения из конечномерного пространства; в последнем случае И.у. по существу является системой И.у. Встречаются И. у., в к-рых искомые функщии принимают значения в банаховых или еще более общих пространствах или многообразиях; ниже речь идет лишь об И. у., в к-рых неизвестные функции принимают скалярные значения.

К И. у. сводятся многие задачи математич. физики. Исследование этих И. у. часто оказывается существенно более простой задачей по сравнению с исходной проблемой. Тем самым теория И. у. оказывается одним из наиболее важных методов математич. физики. Сведение многих проблем математич. физики к И. у. осуществляется обычно при помощи Грина функций

По характеру зависимости левой и правой частей И. у. от неизвестной функции различают линейные и нелинейные И.у. Среди л и не й н ы х И.у. наиболее часто встречаются уравнения вида

\[
a(x) u(x)+b(x) \int_{\Omega} k(x, y) u(y) d y=f(x)
\]

здесь $u(x)$ - неизвестная функция, $k(x, y), a(x)$ и $b(x)-$ известные функции, первая из к-рых называется яд ром И. у., а остальные - ко эфф ици е н т а м и. Если интеграл в (1) понимается в смысле Римана или Лебега, то (1) называется интегральным уравнением Фред голь м а. Если интеграл в (1) понимается как несобственный в каком-либо смысле, то (1) называется с и н г у л я р ным линейным И. у.; среди сингулярных И.у. наиболее часто встречаются уравнения, в К-рых интеграл понимается в смысле главного значения Коши

\[
\int_{\Omega} k(x, y) u(y) d y=\lim _{\varepsilon \rightarrow \infty} \int_{\Omega \backslash B(x, \varepsilon)} k(x, y) u(y) d y
\]

[здесь $B(x, \varepsilon)$ - шар с центром в $x$ радиуса $\varepsilon$ ]. И. у. (1) называется однородным, если $f(x)=0$, и неодноро д ным - в противном случае. В частном случае, когда $a(x)=0$ и $b(x)=1$, И.у. (1) называется уравнением пе р вого рода; когда $a(x)=\lambda(\lambda-$ ненулевое число) и $b(x)=-1$, И.у. (1) называется уравнением второго р о д а; в общем случае И.у. (1) часто называют у р а в е нием третьего рода.

Среди многочисленных и самых разнообразных н е л и не й ных И. у. наиболее часто встречаются и нте граль ные уравнения Гаммерштейна

\[
u(x)=\int_{\Omega} k(x, y) f(y, u(y)) d y
\]

и несколько более общие интегральные уравнения Урысона

\[
u(x)=\int_{\Omega} k(x, y, u(y)) d y .
\]

Из других классов нелинейных И.у. отметим уравнения вида

\[
u(x)=g\left(x, u(x), \int_{\Omega} k(x, y, u(x), u(y))\right) d y
\]

и уравнения

\[
\begin{gathered}
u(x)=\sum_{n=0}^{\infty} \int_{\Omega} \ldots \int_{\Omega} k_{n}\left(x, y_{1}, \ldots, y_{n}, u(x), u\left(y_{1}\right), \ldots, u\left(y_{n}\right)\right) \times \\
\times d y_{1} \ldots d y_{n} .
\end{gathered}
\] Описанные классы И.у. далеко не исчерпывают все их многообразие. Так, в последние годы в математич. физике начали играть важную роль И.у. вида

\[
u(x)=\int_{\Omega} k(x, y, u(y), u(\omega(y))) d y
\]

и И. у. вида

\[
\begin{aligned}
u(x, y) &amp; +\int_{\Omega} l(x, y, \xi, u(\xi, y)) d \xi+\int_{\Omega} m(x, y, \eta, u(\eta, y)) d \eta+ \\
&amp; +\int_{\Omega} \int_{\Omega} n(x, y, \xi, \eta, u(\xi, \eta)) d \xi d \eta=f(x, y)
\end{aligned}
\]

(называемые обычно частично интегральными у р а в н е н и я м и); оба типа уравнений могут быть как линейными, так и нелинейными. Как правило, И.у. содержат различные числовые или функциональные параметры, что в одних случаях упрощает, а в других усложняет их рассмотрение.

Теория И. у. существенно зависит от того, какие их решения рассматриваются: непрерывные, гладкие, интегрируемые и т. д. В связи с этим каждое И. у. обычно рассматривается вместе с нек-рым пространством (классом) функший, в К-ром оно и исследуется. Классич. теория И. у. связана с их анализом в пространстве Чебышева $C$ непрерывных функций и в пространствах Лебега $L_{p}, 1 \leqslant p \leqslant \infty$, интегрируемых по Лебегу со степенью $p$ при $p&lt;\infty$ и ограниченных в сушественном при $p=\infty$ функций. В настояшее время важную роль играют И.у. в пространствах Гельдера $H_{\alpha}$ или $H_{\alpha}^{0}, 0&lt;\alpha&lt;1$, в пространствах Орлича $L_{M}$ и др.

Уже линейные И. у. (1), как правило, невозможно решить в явном виде; основным исключением являются И.у. с ядрами вида

\[
k(x, y)=\sum_{j=1}^{m} a_{j}(x) b_{j}(y),
\]

называемыми в ы ро жде н ны м и, решение к-рых сводится к исследованию конечной системы линейных алгебраич. уравнений. Поэтому в теории И.у. основную роль играют общие теоремы о свойствах решений И.у. и о различных их аналитич. представлениях, а также разнообразные приближенные методы отыскания этих решений.

Наиболее полная теория построена для И. у. Фредгольма второго рода:

\[
\lambda u(x)-\int_{\Omega} k(x, y) u(y) d y=f(x),
\]

важнейших в приложениях к математич. физике. Эта теория оказалась во многом аналогичной теории конечных линейных алгебраич. систем; основные ее факты восходят к Э. Фредгольму (E. Fredholm); современный вид она приобрела после исследований Дж. Неймана (J. Neumann), Ф. Рисса (F. Riesz) и С. Банаха (S. Banach).

B предположении, что линейный интегральный оператор

\[
K u(x)=\int_{\Omega} k(x, y) u(y) d y
\]

является ограниченным в одном из пространств $X=C$ или $X=L_{p} 1 \leqslant p \leqslant \infty$, И.у. (10) при всех значениях параметра $\lambda$, за исключением нек-рого множества $\sigma(K)$ комплексной плоскости, называемого с п е к т р о м оператора (11), имеет единственное решение в $X$ при любой $f(x)$ из $X$. Это решение представимо в виде:

\[
u(x)=R(\lambda, K) f(x),
\]

где $R(\lambda, K)$ - аналитически зависящий от $\lambda$ ограниченный в $X$ оператор, называемый ре зо л в в е н т о й. В частности, эти утверждения верны при $|\lambda|&gt;\|K\|$ и даже при $|\lambda|&gt;\rho(K)$, где $\|K\|$ - норма $K$ в соответствуюшем пространстве:

\[
\|K\|=\sup \{\|K u\|:\|u\| \leqslant 1\},
\]

a $\rho(K)$ - его спектральный радиус:

\[
\rho(K)=\lim _{n \rightarrow \infty}\left(\left\|K^{n}\right\|\right)^{1 / n}
\]

при этих $\lambda$ решение $u(x)$ И.у. (10) является пределом в $X$ последовательных приближений

\[
u_{n+1}(x)=\lambda^{-1} K u_{n}(x)+\lambda^{-1} f(x), \quad n=0,1, \ldots,
\]

и, более того, резольвента $R(\lambda, K)$ представима в виде сходяшегося по норме операторов ря да Ней м а на

\[
R(\lambda, K)=\sum_{n=0}^{\infty} \lambda^{-n-1} K^{n} .
\]

Во многих важных случаях резольвента $R(\lambda, K)$ допускает представление

\[
R(\lambda, K) f(x)=\lambda^{-1} f(x)+\int_{\Omega} r(\lambda, x, y) f(y) d y
\]

с ядром $r(\lambda, x, y)$, аналитически зависяшим от параметра $\lambda$.

При дополнительном предположении, что интегральный оператор (11) или нек-рая его итерация $K^{n}$ являются компактными в рассматриваемом пространстве $X$, справедливы существенно более сильные утверждения, связанные с тем, что в этом случае левая часть И. у. (10) оказывается фре дгольмовым оператором в $X$; последнее означает справедливость для И.у. альтернативы Фредгольм а, к-рая обычно формулируется при еще одном дополнительном (хотя и несушественном) предположении, что линейный интегральный оператор

\[
K^{\prime} v(x)=\int_{\Omega} k^{*}(x, y) v(y) d y
\]

с ядром $k^{*}(x, y)=\overline{k(y, x)}$ действует в пространстве $X^{\prime}$, к-рое совпадает с $L_{1}$ при $X=C$ и с $L_{p^{\prime}}$, где $p^{\prime}=\frac{p}{p-1}$ при $X=L_{p}$. Справедливость альтернативы Фредгольма для И.у. (10) означает, что множества решений линейных однородных уравнений

\[
\begin{aligned}
&amp; \lambda u(x)-\int_{\Omega} k(x, y) u(y) d y=0, \\
&amp; \lambda v(x)-\int_{\Omega} k^{*}(x, y) v(y) d y=0
\end{aligned}
\]

являются конечномерными подпространствами одинаковой размерности и И. у. (10) с фиксированной правой частью $f(x)$ разрешимо в том и только в том случае, когда эта правая часть для любого решения $v(x)$ И. у. (17) удовлетворяет условию ортогональности

\[
\int_{\Omega} f(x) \overline{v(x)} d x=0 .
\]

В частности, И.у. (10) разрешимо в $X$ для любой правой части из $X$ в том и только в том случае, когда линейное однородное И.у. (16) имеет только нулевое решение; при этом И. у. (10) однозначно разрешимо.

Описанные теоремы опираются на предположения об ограниченности или компактности интегральных операторов (11) и (15). Для пространства $C$ эти предположения выполнены, если ядро $k(x, y)$ непрерывно или имеет слабые особенности [то есть, если при нек-ром $\varepsilon&lt;m$, где $m$ размерность области интегрирования $\Omega$, ядро $|x-y|^{\varepsilon} k(x, y)$ непрерывно]; известны необходимые и достаточные условия на $k(x, y)$, при к-рых оператор (8) ограничен или компактен в $C$, и простые формулы для норм этих операторов. Для пространств $L_{p}$ предположения об ограниченности или компактности также выполнены для непрерывных ядер и ядер со слабыми особенностями, однако простых и эффективных необходимых и достаточных условий ограниченности или компактности оператора (11) в терминах его ядра не существует. В этой связи представляют интерес различные достаточные признаки ограниченности и компактности таких операторов; наиболее важным из них является признак Гильберта-Шмидта: оператор (11) компактен в $L_{2}$, если его ядро интегрируемо с квадратом на $\Omega \times \Omega$, и признак Канторовича: оператор (11) компактен в $L_{p}, 1&lt;p&lt;\infty$, если

\[
\int_{\Omega}|k(x, y)| d y, \quad \int_{\Omega}|k(x, y)| d x \in L_{\infty} .
\]

Описанные результаты могут быть существенно дополнены для нек-рых специальных классов И.у. (10). Наиболее важным из таких дополнений является так наз. те о р и я Гильбе р та -ШмидтаИ.у. (10) с эрмитовосопряже нным и ядрами - так называются ядра $k(x, y)$, для к-рых $k^{*}(x, y)=k(x, y)$.

Вторым важным классом И.у. (10) являются интегральны е уравнения Вольтер ра; в скалярном случае, когда $\Omega$ является отрезком, так называется уравнение (10), если $k(x, y)=0$ при $y&gt;x$. Основным фактом теории И.у. Вольтерра является теорема об обращении в нуль спектрального радиуса $\rho(K)$ соответствующего интегрального оператора (11) и, тем самым, справедливости (13) при всех ненулевых $\lambda$. Это утверждение имеет место, если ядро $k(x, y)$ непрерывно или интегрируемо с квадратом на $\Omega \times \Omega$ или если оператор (11) компактен.

Еще одним важным классом И.у. (10) являются И.у. с не от р и цатель ным яд ром $k(x, y)$ (в задачах математич. физики это свойство эквивалентно справедливости принципа максимума). Основным результатом для таких уравнений является теорема о существовании неотрицательной собственной функции у оператора (11), к-рой отвечает собственное значение, равное спектральному радиусу $\rho(K)$ оператора $K$. Это утверждение верно, если ядро $k(x, y)$ положительно почти всюду на $\Omega \times \Omega$. Существуют его различные варианты, относящиеся к неотрицательным ядрам, обращающимся в нуль на мноюжествах положительной меры.

Теория И.у. (10) в случае, если оператор (11) и его итерации не являются компактными ни в одном из пространств $C$ или $L_{p}$, резко усложняется; такие уравнения часто называют о с обым и И. у. Их теория, как и теория более общих И. у. (1), включая сингулярные И. у., в значительной степени состоит из различных утверждений об условиях на функции $a(x), b(x)$ и $k(x, y)$, при к-рых левая часть соответствующего И.у. (1) является фредгольмовым или нетеровым о пе ратором или, иными словами, когда для И. у. (1) справедлива или альтернатива Фредгольма, или все ее утверждения, за исключением совпадения размерностей подпространств решений линейных однородных И. у.:

\[
\begin{aligned}
&amp; a(x) u(x)+b(x) \int_{\Omega} k(x, y) u(y) d y=0, \\
&amp; \overline{a(x)} v(x)+\overline{b(x)} \int_{\Omega} k^{*}(x, y) v(y) d y=0 .
\end{aligned}
\]

Если левая часть И.у. (1) оказывается фредгольмовым или нетеровым оператором, то это И.у. эквивалентно нек-рому И. у. вида (11) с компактным в соответствующем пространстве оператором.

Исследование И. у. (1) в случаях, когда его левая часть не является фредгольмовым или нетеровым оператором, резко усложняется. Основная трудность такого исследования связана с некорректностью таких уравнений - в этих случаях малым изменениям правой части И.у. (1) соответствуют, вообе говоря, «немалые» изменения их решений. Наиболее полные результаты (теоремы Шмидта) здесь известны для И.у. (1) первого рода в случае, когда интегральный оператор (11) является компактным в $L_{2}$ (левая часть таких уравнений не может быть фредгольмовым или нетеровым оператором). Для некорректных И.у. известно довольно много результатов, особенно для И. у. Вольтерра первого рода и для И.у., ядрами к-рых являются функции Грина различных краевых задач. Большая часть результатов теории нелинейных И. у. получается непосредственным применением к ним общих принципов и теорем нелинейного анализа, поэтому теория нелинейных И. у. является главой общей теории нелинейных операторных уравнений. Здесь, как и в линейном случае, важную роль играют различные признаки ограниченности, непрерывности, компактности и т. д. в различных функциональных пространствах разнообразных нелинейных интегральных операторов, входящих в левые и правые части рассматриваемых уравнений.

220 ИНTETPAЛЬHOE Основными результатами в теории нелинейных И. у. являются разнообразные теоремы о разрешимости и однозначной разрешимости, теоремы о сушествовании нетривиальных решений и об оценках числа решений, теоремы о свойствах гладкости и устойчивости решений, теоремы о приближенном построении решений и т. д.

Лит.: [1] Гахо в Ф. Д., Краевые задачи, 3 изд., М., 1976; [2] Гу р с а Э., Курс математического анализа, пер. с франц., т. 3, ч. 2, 2 изд., М., 1934; [3] Га н т м а х е р Ф. Р., К р ей н М. Г., Осцилляционные матрицы и ядра и малые колебания механических систем, М., 1950; [4] Интегральные уравнения, М., 1968; [5] К а н то р о в и ч Л. В., Ак и л о в Г. П., Функциональный анализ, 3 изд., М., 1986; [6] Ка н т о р о в ич Л. В., Кры ло в В. И., Приближенные методы высшего анализа, 5 изд., М.- Л., 1962; [7] К р а с н о в М.Л., Интегральные уравнения, М., 1975; [8] Ло в и тт У. В., Линейные интегральные уравнения, пер. с англ., 2 изд., М., 1957; [9] М и хл и н С. Г., Лекции по линейным интегральным уравнениям, 2 изд., М., 1959; [10] е го же, Многомерные сингулярные интегралы и интегральные уравнения, М., 1962; [11] Мусхелиш ви ли Н. И., Сингулярные интегральные уравнения, 3 изд., М., 1968; [12] П е т р о в с к и й И. Г., Лекции по теории интегральных уравнений, 4 изд., М., 1984; [13] П р и в ал о в И. И., Интегральные уравнения, 2 изд., М., 1937; [14] Р и с с Ф., С екефаль в и - На д ь Б., Лекции по функциональному анализу, 2 изд., М., 1979; [15] С м и р но в В. И., Курс высшей математики, т. 4, ч. 1, 6 изд., 1974; [16] Т р и ком и Ф., Интегральные уравнения, пер. с англ., М., 1960. П. П. Забрейко.</text_orig>
</article>
