<?xml version="1.0" ?>
<article uri="http://libmeta.ru/fme/article/1037_INTEGRAL'NYJ">
  <title>ИНТЕГРАЛЬНЫЙ ЛОГАРИФМ</title>
  <authors/>
  <title_short/>
  <pages>
    <start>223</start>
    <end>223</end>
  </pages>
  <literature>
    <literature_orig/>
  </literature>
  <formulas_main/>
  <formulas_aux/>
  <relations>
    <relation uri="http://libmeta.ru/fme/relation/1037_16_INTEGRAL'NYJ">
      <rel_text>ИНтегральНЫе функции</rel_text>
      <self present="true">http://libmeta.ru/fme/article/1034_INTEGRAL'NYE</self>
    </relation>
  </relations>
  <text>сМ. URI[[http://libmeta.ru/fme/relation/1037_16_INTEGRAL'NYJ]]/URI.</text>
  <text_orig>сМ. ИНтегральНЫе функции.</text_orig>
</article>
