<?xml version="1.0" ?>
<article uri="http://libmeta.ru/fme/article/1037_INTERRIROVANIE">
  <title>ИНТЕRРИРОВАНИЕ ПО АНТИКОММУТИРУЮЩИМ ПЕРЕМЕННЫМ</title>
  <authors/>
  <title_short/>
  <pages>
    <start>223</start>
    <end>223</end>
  </pages>
  <literature>
    <literature_orig/>
  </literature>
  <formulas_main>
    <formula uri="http://libmeta.ru/fme/formula/main/1037_1_INTERRIROVANIE">\left.\begin{array}{c}
\left\{d x_{i}, d x_{j}\right\}=\left\{d x_{i}, d x_{j}^{+}\right\}=\left\{d x_{i}^{+}, d x_{j}^{+}\right\}=0, \\
\left\{x_{i}, d x_{j}\right\}=\left\{x_{i}, d x_{j}^{+}\right\}=\left\{x_{i}^{+}, d x_{j}\right\}=\left\{x_{i}^{+}, d x_{j}^{+}\right\}=0,
\end{array}\right\}</formula>
    <formula uri="http://libmeta.ru/fme/formula/main/1037_2_INTERRIROVANIE">\left.\begin{array}{rl}
\int d x_{i} &amp; =\int d x_{i}^{+}=0, \\
\int x_{i} d x_{i} &amp; =\int x_{i}^{+} d x_{i}^{+}=1 .
\end{array}\right\}</formula>
    <formula uri="http://libmeta.ru/fme/formula/main/1037_3_INTERRIROVANIE">\begin{aligned}
f\left(x, x^{+}\right) &amp; =\sum_{\alpha i, \beta_{i}=0,1} C\left(\alpha_{1}, \ldots, \alpha_{n} ; \beta_{1}, \ldots, \beta_{n}\right) \times \\
&amp; \times\left(x_{n}\right)^{\alpha_{n}} \ldots\left(x_{1}\right)^{\alpha_{1}}\left(x_{n}^{+}\right)^{\beta_{n}} \ldots\left(x_{1}^{+}\right)^{\beta_{1}}
\end{aligned}</formula>
    <formula uri="http://libmeta.ru/fme/formula/main/1037_4_INTERRIROVANIE">\begin{gathered}
\int f\left(x, x^{+}\right) d x^{+} d x \equiv \\
\equiv \int f\left(x, x^{+}\right) \prod_{i=1}^{n} d x_{i}^{+} d x_{i}=(-1)^{n-1} C(1, \ldots, 1 ; 1, \ldots, 1),
\end{gathered}</formula>
    <formula uri="http://libmeta.ru/fme/formula/main/1037_5_INTERRIROVANIE">\begin{aligned}
x_{i}=\sum_{j} a_{i j} x_{j}^{\prime}, &amp; d x_{i}=\sum_{j} a_{i j}^{-1} d x_{j}^{\prime}, \\
x_{i}^{+}=\sum_{j} b_{i j} x_{j}^{\prime+}, &amp; d x_{i}^{+}=\sum_{j} b_{i j}^{-1} d x_{j}^{+},
\end{aligned}</formula>
    <formula uri="http://libmeta.ru/fme/formula/main/1037_6_INTERRIROVANIE">\int f\left(x, x^{+}\right) d x^{+} d x=\operatorname{det}\left(A^{-1} B^{-1}\right) \int f\left(a x^{\prime}, b x^{+}\right) d x^{\prime+} d x^{\prime} .</formula>
    <formula uri="http://libmeta.ru/fme/formula/main/1037_7_INTERRIROVANIE">\begin{gathered}
\int \exp \left(-x^{+} A x+\eta^{+} x+x^{+} \eta\right)=\operatorname{det} A \cdot \exp \left(\eta^{+} A^{-1} \eta\right), \\
\int \exp (-x B x) \prod_{i=1}^{n} d x_{i}=\operatorname{det}^{1 / 2} B,
\end{gathered}</formula>
    <formula uri="http://libmeta.ru/fme/formula/main/1037_8_INTERRIROVANIE">\begin{gathered}
x A x=\sum x_{i}^{+} a_{i j} x_{j} ; \quad x B x=\sum x_{i} b_{i j} x_{j} \quad\left(b_{i j}=-b_{j i}\right), \\
\eta^{+} x=\sum \eta_{i}^{+} x_{i}, \quad x^{+} \eta=\sum x_{i}^{+} \eta_{i}, \\
\left\{\eta_{i}, \eta_{j}\right\}=\left\{\eta_{i}^{+}, \eta_{j}\right\}=\left\{\eta_{i}^{+}, \eta_{j}^{+}\right\}=0 .
\end{gathered}</formula>
  </formulas_main>
  <formulas_aux>
    <formula uri="http://libmeta.ru/fme/formula/aux/1037_1_INTERRIROVANIE">x_{1}, \ldots, x_{n}</formula>
    <formula uri="http://libmeta.ru/fme/formula/aux/1037_2_INTERRIROVANIE">x_{1}^{+}, \ldots, x_{n}^{+}</formula>
    <formula uri="http://libmeta.ru/fme/formula/aux/1037_3_INTERRIROVANIE">d x</formula>
    <formula uri="http://libmeta.ru/fme/formula/aux/1037_4_INTERRIROVANIE">\{a, b\}=a b+b a</formula>
    <formula uri="http://libmeta.ru/fme/formula/aux/1037_5_INTERRIROVANIE">x_{n}^{\alpha_{n}} \cdot \ldots \cdot x_{1}^{\alpha_{1}} \cdot x_{n}^{+\beta_{n}} \ldots \cdot x_{1}^{+\beta_{1}}</formula>
    <formula uri="http://libmeta.ru/fme/formula/aux/1037_6_INTERRIROVANIE">f\left(x, x^{+}\right)</formula>
    <formula uri="http://libmeta.ru/fme/formula/aux/1037_7_INTERRIROVANIE">C</formula>
    <formula uri="http://libmeta.ru/fme/formula/aux/1037_8_INTERRIROVANIE">f\left(x, x^{+}\right)</formula>
    <formula uri="http://libmeta.ru/fme/formula/aux/1037_9_INTERRIROVANIE">a_{i j}</formula>
    <formula uri="http://libmeta.ru/fme/formula/aux/1037_10_INTERRIROVANIE">A, a_{i j}^{-1}</formula>
    <formula uri="http://libmeta.ru/fme/formula/aux/1037_11_INTERRIROVANIE">A^{-1}</formula>
    <formula uri="http://libmeta.ru/fme/formula/aux/1037_12_INTERRIROVANIE">\begin{array}{ll}\text { М., 1976. } &amp; \text { C. A. Федотов. }\end{array}</formula>
  </formulas_aux>
  <relations/>
  <text> - интегрирование по образующим $URI[[http://libmeta.ru/fme/formula/aux/1037_1_INTERRIROVANIE]]/URI$, $URI[[http://libmeta.ru/fme/formula/aux/1037_2_INTERRIROVANIE]]/URI$алгебры Грассмана, определяемое следующим образом. Вводятся символы $URI[[http://libmeta.ru/fme/formula/aux/1037_3_INTERRIROVANIE]]/URI$, подчиненные соотношениям антикоммутативности:

\[
URI[[http://libmeta.ru/fme/formula/main/1037_1_INTERRIROVANIE]]/URI
\]

где $URI[[http://libmeta.ru/fme/formula/aux/1037_4_INTERRIROVANIE]]/URI$. Определяются однократные интегралы

\[
URI[[http://libmeta.ru/fme/formula/main/1037_2_INTERRIROVANIE]]/URI
\]

Кратные интегралы понимают как повторные. Формулы (1) и (2) однозначно определяют интеграл от любого одночлена $URI[[http://libmeta.ru/fme/formula/aux/1037_5_INTERRIROVANIE]]/URI$. На произвольные элементы грассмановой алгебры

\[
URI[[http://libmeta.ru/fme/formula/main/1037_3_INTERRIROVANIE]]/URI
\]

интеграл распространяется по линейности.

Такие правила впервые последовательно были введены Ф. А. Березиным (см. [1], [2]). И. по антикоммутирующим переменным естественным образом возникает при квантовании ферми-полей в формализме континуального интегрирования (см. [3], [4]).

Для произвольного элемента $URI[[http://libmeta.ru/fme/formula/aux/1037_6_INTERRIROVANIE]]/URI$

\[
URI[[http://libmeta.ru/fme/formula/main/1037_4_INTERRIROVANIE]]/URI
\]

где $URI[[http://libmeta.ru/fme/formula/aux/1037_7_INTERRIROVANIE]]/URI$ - коэффициенты из записи элемента $URI[[http://libmeta.ru/fme/formula/aux/1037_8_INTERRIROVANIE]]/URI$в форме (3).

Для интегралов на грассмановой алгебре справедлива формула замены переменных. Ограничиваясь случаем, когда замена линейна, то есть

\[
URI[[http://libmeta.ru/fme/formula/main/1037_5_INTERRIROVANIE]]/URI
\]

где $URI[[http://libmeta.ru/fme/formula/aux/1037_9_INTERRIROVANIE]]/URI$ - элементы матрицы $URI[[http://libmeta.ru/fme/formula/aux/1037_10_INTERRIROVANIE]]/URI$ - элементы обратной матрицы $URI[[http://libmeta.ru/fme/formula/aux/1037_11_INTERRIROVANIE]]/URI$, получим

\[
URI[[http://libmeta.ru/fme/formula/main/1037_6_INTERRIROVANIE]]/URI
\]

Для гауссовых интегралов имеются формулы (см. [2]-[4]):

\[
URI[[http://libmeta.ru/fme/formula/main/1037_7_INTERRIROVANIE]]/URI
\]

где

\[
URI[[http://libmeta.ru/fme/formula/main/1037_8_INTERRIROVANIE]]/URI
\]

Лum.: [1] Бе рез и н Ф.А., «Докл. АН СССР», 1961, т. 137, № 2, c. 311-14; [2] е го же, Метод вторичного квантования, 2 изд., М., 1986; [3] В а с и л ь е в А. Н., Функциональные методы в квантовой теории поля и статистике, Л., 1976; [4] По по в В. Н., Континуальные интегралы в квантовой теории поля и статистической физике, $URI[[http://libmeta.ru/fme/formula/aux/1037_12_INTERRIROVANIE]]/URI$</text>
  <text_orig> - интегрирование по образующим $x_{1}, \ldots, x_{n}$, $x_{1}^{+}, \ldots, x_{n}^{+}$алгебры Грассмана, определяемое следующим образом. Вводятся символы $d x$, подчиненные соотношениям антикоммутативности:

\[
\left.\begin{array}{c}
\left\{d x_{i}, d x_{j}\right\}=\left\{d x_{i}, d x_{j}^{+}\right\}=\left\{d x_{i}^{+}, d x_{j}^{+}\right\}=0, \\
\left\{x_{i}, d x_{j}\right\}=\left\{x_{i}, d x_{j}^{+}\right\}=\left\{x_{i}^{+}, d x_{j}\right\}=\left\{x_{i}^{+}, d x_{j}^{+}\right\}=0,
\end{array}\right\}
\]

где $\{a, b\}=a b+b a$. Определяются однократные интегралы

\[
\left.\begin{array}{rl}
\int d x_{i} &amp; =\int d x_{i}^{+}=0, \\
\int x_{i} d x_{i} &amp; =\int x_{i}^{+} d x_{i}^{+}=1 .
\end{array}\right\}
\]

Кратные интегралы понимают как повторные. Формулы (1) и (2) однозначно определяют интеграл от любого одночлена $x_{n}^{\alpha_{n}} \cdot \ldots \cdot x_{1}^{\alpha_{1}} \cdot x_{n}^{+\beta_{n}} \ldots \cdot x_{1}^{+\beta_{1}}$. На произвольные элементы грассмановой алгебры

\[
\begin{aligned}
f\left(x, x^{+}\right) &amp; =\sum_{\alpha i, \beta_{i}=0,1} C\left(\alpha_{1}, \ldots, \alpha_{n} ; \beta_{1}, \ldots, \beta_{n}\right) \times \\
&amp; \times\left(x_{n}\right)^{\alpha_{n}} \ldots\left(x_{1}\right)^{\alpha_{1}}\left(x_{n}^{+}\right)^{\beta_{n}} \ldots\left(x_{1}^{+}\right)^{\beta_{1}}
\end{aligned}
\]

интеграл распространяется по линейности.

Такие правила впервые последовательно были введены Ф. А. Березиным (см. [1], [2]). И. по антикоммутирующим переменным естественным образом возникает при квантовании ферми-полей в формализме континуального интегрирования (см. [3], [4]).

Для произвольного элемента $f\left(x, x^{+}\right)$

\[
\begin{gathered}
\int f\left(x, x^{+}\right) d x^{+} d x \equiv \\
\equiv \int f\left(x, x^{+}\right) \prod_{i=1}^{n} d x_{i}^{+} d x_{i}=(-1)^{n-1} C(1, \ldots, 1 ; 1, \ldots, 1),
\end{gathered}
\]

где $C$ - коэффициенты из записи элемента $f\left(x, x^{+}\right)$в форме (3).

Для интегралов на грассмановой алгебре справедлива формула замены переменных. Ограничиваясь случаем, когда замена линейна, то есть

\[
\begin{aligned}
x_{i}=\sum_{j} a_{i j} x_{j}^{\prime}, &amp; d x_{i}=\sum_{j} a_{i j}^{-1} d x_{j}^{\prime}, \\
x_{i}^{+}=\sum_{j} b_{i j} x_{j}^{\prime+}, &amp; d x_{i}^{+}=\sum_{j} b_{i j}^{-1} d x_{j}^{+},
\end{aligned}
\]

где $a_{i j}$ - элементы матрицы $A, a_{i j}^{-1}$ - элементы обратной матрицы $A^{-1}$, получим

\[
\int f\left(x, x^{+}\right) d x^{+} d x=\operatorname{det}\left(A^{-1} B^{-1}\right) \int f\left(a x^{\prime}, b x^{+}\right) d x^{\prime+} d x^{\prime} .
\]

Для гауссовых интегралов имеются формулы (см. [2]-[4]):

\[
\begin{gathered}
\int \exp \left(-x^{+} A x+\eta^{+} x+x^{+} \eta\right)=\operatorname{det} A \cdot \exp \left(\eta^{+} A^{-1} \eta\right), \\
\int \exp (-x B x) \prod_{i=1}^{n} d x_{i}=\operatorname{det}^{1 / 2} B,
\end{gathered}
\]

где

\[
\begin{gathered}
x A x=\sum x_{i}^{+} a_{i j} x_{j} ; \quad x B x=\sum x_{i} b_{i j} x_{j} \quad\left(b_{i j}=-b_{j i}\right), \\
\eta^{+} x=\sum \eta_{i}^{+} x_{i}, \quad x^{+} \eta=\sum x_{i}^{+} \eta_{i}, \\
\left\{\eta_{i}, \eta_{j}\right\}=\left\{\eta_{i}^{+}, \eta_{j}\right\}=\left\{\eta_{i}^{+}, \eta_{j}^{+}\right\}=0 .
\end{gathered}
\]

Лum.: [1] Бе рез и н Ф.А., «Докл. АН СССР», 1961, т. 137, № 2, c. 311-14; [2] е го же, Метод вторичного квантования, 2 изд., М., 1986; [3] В а с и л ь е в А. Н., Функциональные методы в квантовой теории поля и статистике, Л., 1976; [4] По по в В. Н., Континуальные интегралы в квантовой теории поля и статистической физике, $\begin{array}{ll}\text { М., 1976. } &amp; \text { C. A. Федотов. }\end{array}$</text_orig>
</article>
