<?xml version="1.0" ?>
<article uri="http://libmeta.ru/fme/article/103_APPROKSIMIRUJuShIJ">
  <title>АППРОКСИМИРУЮШИЙ ГАМИЛЬТОНИАН</title>
  <authors/>
  <title_short/>
  <pages>
    <start>29</start>
    <end>31</end>
  </pages>
  <literature>
    <literature_orig/>
  </literature>
  <formulas_main/>
  <formulas_aux>
    <formula uri="http://libmeta.ru/fme/formula/aux/103_1_APPROKSIMIRUJuShIJ">(u-v)</formula>
    <formula uri="http://libmeta.ru/fme/formula/aux/103_2_APPROKSIMIRUJuShIJ">c</formula>
    <formula uri="http://libmeta.ru/fme/formula/aux/103_3_APPROKSIMIRUJuShIJ">c</formula>
    <formula uri="http://libmeta.ru/fme/formula/aux/103_4_APPROKSIMIRUJuShIJ">F_{N}</formula>
    <formula uri="http://libmeta.ru/fme/formula/aux/103_5_APPROKSIMIRUJuShIJ">N</formula>
    <formula uri="http://libmeta.ru/fme/formula/aux/103_6_APPROKSIMIRUJuShIJ">N \rightarrow \infty</formula>
    <formula uri="http://libmeta.ru/fme/formula/aux/103_7_APPROKSIMIRUJuShIJ">N^{-7 / 3} F_{N}</formula>
  </formulas_aux>
  <relations/>
  <text> - гамильтониан системы многих тел, который строится по определенным правилам из исходного модельного гамильтониана, является термодинамически эквивалентным ему и имеет более простую структуру. В ряде случаев удается построить А. г., к-рый допускает явное вычисление статистич. суммы и корреляционных функций в термодинамич. пределе. Интерес может представлять также сведе́ние исходной задачи к исследованию более простой, хотя и не точно решаемой модели.

Метод А. г. является математически строгим методом исследования в статистич. механике. Он включает в себя следующие взаимосвязанные компоненты: 1) описание классов модельных гамильтонианов, допускающих существенно более простой А. г.; 2) правила построения соответствующего данному классу А. г.; 3) технику получения асимптотич. оценок, доказывающих термодинамич., а если возможно, и статистич. эквивалентность А. г. исходному гамильтониану; 4) исследование термодинамич. и статистич. свойств системы, описываемой А. Г.

Идея А. г. впервые высказана Н. Н. Боголюбовым в 1947 в его работе по теории слабо неидеального бозе-газа (см. [1]). Она состояла в том, что в модельном гамильтониане операторы рождения и гибели частиц с нулевым импульсом, при условии наличия в системе бозе-конденсата, заменялись на с-числа. Величина последних определялась из термодинамич. соображений. Таким образом, для модельного гамильтониана строился А. г., зависящий от термодинамич. параметров, к-рый диагонализируется с помощью канонич. $URI[[http://libmeta.ru/fme/formula/aux/103_1_APPROKSIMIRUJuShIJ]]/URI$-преобразования, впервые введенного в этой же работе. Были приведены убедительные аргументы в пользу того, что оба эти гамильтониана термодинамически эквивалентны. В 1960 Н. Н. Боголюбов (см. [1]) математически строго показал, что в термодинамич. пределе плотности энергии основного состояния и функции Грина для нулевой температуры, соответствующие модельному и аппроксимируюшему гамильтонианам модели БКШ - Боголюбова (см. БКШ-модель) в теории сверхпроводимости, совпадают. Тем самым была строго доказана термодинамич. и статистич. эквивалентность этих гамильтонианов для нулевой температуры. Здесь был использован метод включения внешних источников, нарушающих симметрию исходного гамильтониана, к-рый впоследствии получил дальнейшее развитие в фундаментальной работе о квазисредних в задачах статистич. механики. Вывод асимптотич. оценок для функций Грина и корреляционных средних при отличном от нуля источнике существенно основывался на асимптотической коммутативности нек-рых операторных конструкций, входящих в гамильтониан взаимодействия, со всеми операторами Ферми рождения и гибели. Математич. структуру модели БКШ - Боголюбова с точки зрения асимптотич. коммутативности этих операторных конструкций между собой и со всеми операторами алгебры, порождаемой канонич. переменными, проанализировал Р. Хааг [2]. Он показал, что для придания смысла сходимости этих операторов, представляющих собой пространственные средние от локальных (квазилокальных) операторов, к $URI[[http://libmeta.ru/fme/formula/aux/103_2_APPROKSIMIRUJuShIJ]]/URI$-числам в термодинамич. пределе, а также соответствующей сходимости модельного гамильтониана А. г., необходимо тонкое исследование структуры пространства представлений канонич. переменных для бесконечной системы. Независимо от трудностей алгебраич. обоснования выделение в гамильтониане взаимодействия подобных операторных конструкций, к-рые асимптотически коммутируют со всеми канонич. переменными, и их замена по определенным правилам на $URI[[http://libmeta.ru/fme/formula/aux/103_3_APPROKSIMIRUJuShIJ]]/URI$-числа утвердились в качестве основного эвристич. принципа построения А. г. в общем случае.

Основания современной формулировки метода А. г. были положены в 1965-66 в работах Н. Н. Боголюбова (мл.) (см. [3]). Он развил метод прямого доказательства термоди- ством, напр. Дикке модель, модель структурной неустойчивости типа удвоения периода, в к-рой зонные электроны взаимодействуют с выделенной фононной модой, модель сверхпроводника со структурной неустойчивостью (см. [4]).

4. Другие модели, к к-рым применим ме тод А.Г. Вопрос об асимптотич. точности результатов, получаемых методом А. г. для давления в большом канонич. ансамбле Гиббса для системы многих взаимодействуюших бозонов, исследовался Дж. Жинибром [9]. Используя идеи метода А. Г., П. Хертел и В. Тирринг [10] показали, что для свободной энергии $URI[[http://libmeta.ru/fme/formula/aux/103_4_APPROKSIMIRUJuShIJ]]/URI$ системы из $URI[[http://libmeta.ru/fme/formula/aux/103_5_APPROKSIMIRUJuShIJ]]/URI$ фермионов с потенциалом взаимодействия типа гравитационного притяжения существует конечная при $URI[[http://libmeta.ru/fme/formula/aux/103_6_APPROKSIMIRUJuShIJ]]/URI$ плотность вида $URI[[http://libmeta.ru/fme/formula/aux/103_7_APPROKSIMIRUJuShIJ]]/URI$, к-рая в точности воспроизводит уравнение Томаса-Ферми. Л. А. Пастур и А. Л. Фиготин [11] применили вариант метода А. г. в теории неупорядоченных спиновых систем. Н. М. Плакида и Н. С. Тончев [12] построили А. Г. для модели кристалла с ангармонич. взаимодействием специального вида, в к-рой существенны как классич., так и квантовые флуктуации. С помощью новой техники асимптотич. оценок было показано, что эта модель точно решаема для произвольной размерности пространства и при наличии внешнего поля.

Лum.: [1] Боголюбов Н. Н., Избранные труды, тт. 1-3, К., 1970; [2] H a ag R., &quot;Nuovo Cim.», 1962, v. 25, p. 287-99; [3] Б о го л юб о в Н. Н. (м л.), Метод исследования модельных гамильтонианов, М., 1974; [4] Боголюбов Н. Н. (мл.) и др. Метод аппроксимирующего гамильтониана в статистической физике, София, 1981; [5] Бо голюбов Н. Н. (мл.) и др., «Успехи математич. наук», 1984, т. 39 , в. 6, с. 3-45; [6] Бо го любов Н. Н. (мл.), Курбатов А. М., П е т и на Д. Я., Санко в ич Д. П., в кн.: Советские научные обзоры, сер. С, Математическая физика, 1980, I; [7] T i n demans P.A.J., Capel H.W., &quot;Physica», 1974, v. 75, p. 407-53; [8] Den Ouden L.W.J., Capel H.W., PerkJ.H. H., &quot;Physica», 1976, v. 85 A, p. 425-56; [9] G in i b re J., &quot;Comm. Math. Phys.», 1968, v. 8, p. 26-51; [10] Hertel P., Thirring W., &quot;Comm. Math. Phys.», 1971 , v. 24, p. 22-36; [11] Пастур Л.А., Ф иготи н А. Л., «Теоретич. и математич. физика», 1978, т. 35, с. 193-210; [12] Плак и д а Н. М., Т о нч е в Н. С., «Теоретич. и математич. физика», 1987, т. 72, с. 269-76.</text>
  <text_orig> - гамильтониан системы многих тел, который строится по определенным правилам из исходного модельного гамильтониана, является термодинамически эквивалентным ему и имеет более простую структуру. В ряде случаев удается построить А. г., к-рый допускает явное вычисление статистич. суммы и корреляционных функций в термодинамич. пределе. Интерес может представлять также сведе́ние исходной задачи к исследованию более простой, хотя и не точно решаемой модели.

Метод А. г. является математически строгим методом исследования в статистич. механике. Он включает в себя следующие взаимосвязанные компоненты: 1) описание классов модельных гамильтонианов, допускающих существенно более простой А. г.; 2) правила построения соответствующего данному классу А. г.; 3) технику получения асимптотич. оценок, доказывающих термодинамич., а если возможно, и статистич. эквивалентность А. г. исходному гамильтониану; 4) исследование термодинамич. и статистич. свойств системы, описываемой А. Г.

Идея А. г. впервые высказана Н. Н. Боголюбовым в 1947 в его работе по теории слабо неидеального бозе-газа (см. [1]). Она состояла в том, что в модельном гамильтониане операторы рождения и гибели частиц с нулевым импульсом, при условии наличия в системе бозе-конденсата, заменялись на с-числа. Величина последних определялась из термодинамич. соображений. Таким образом, для модельного гамильтониана строился А. г., зависящий от термодинамич. параметров, к-рый диагонализируется с помощью канонич. $(u-v)$-преобразования, впервые введенного в этой же работе. Были приведены убедительные аргументы в пользу того, что оба эти гамильтониана термодинамически эквивалентны. В 1960 Н. Н. Боголюбов (см. [1]) математически строго показал, что в термодинамич. пределе плотности энергии основного состояния и функции Грина для нулевой температуры, соответствующие модельному и аппроксимируюшему гамильтонианам модели БКШ - Боголюбова (см. БКШ-модель) в теории сверхпроводимости, совпадают. Тем самым была строго доказана термодинамич. и статистич. эквивалентность этих гамильтонианов для нулевой температуры. Здесь был использован метод включения внешних источников, нарушающих симметрию исходного гамильтониана, к-рый впоследствии получил дальнейшее развитие в фундаментальной работе о квазисредних в задачах статистич. механики. Вывод асимптотич. оценок для функций Грина и корреляционных средних при отличном от нуля источнике существенно основывался на асимптотической коммутативности нек-рых операторных конструкций, входящих в гамильтониан взаимодействия, со всеми операторами Ферми рождения и гибели. Математич. структуру модели БКШ - Боголюбова с точки зрения асимптотич. коммутативности этих операторных конструкций между собой и со всеми операторами алгебры, порождаемой канонич. переменными, проанализировал Р. Хааг [2]. Он показал, что для придания смысла сходимости этих операторов, представляющих собой пространственные средние от локальных (квазилокальных) операторов, к $c$-числам в термодинамич. пределе, а также соответствующей сходимости модельного гамильтониана А. г., необходимо тонкое исследование структуры пространства представлений канонич. переменных для бесконечной системы. Независимо от трудностей алгебраич. обоснования выделение в гамильтониане взаимодействия подобных операторных конструкций, к-рые асимптотически коммутируют со всеми канонич. переменными, и их замена по определенным правилам на $c$-числа утвердились в качестве основного эвристич. принципа построения А. г. в общем случае.

Основания современной формулировки метода А. г. были положены в 1965-66 в работах Н. Н. Боголюбова (мл.) (см. [3]). Он развил метод прямого доказательства термоди- ством, напр. Дикке модель, модель структурной неустойчивости типа удвоения периода, в к-рой зонные электроны взаимодействуют с выделенной фононной модой, модель сверхпроводника со структурной неустойчивостью (см. [4]).

4. Другие модели, к к-рым применим ме тод А.Г. Вопрос об асимптотич. точности результатов, получаемых методом А. г. для давления в большом канонич. ансамбле Гиббса для системы многих взаимодействуюших бозонов, исследовался Дж. Жинибром [9]. Используя идеи метода А. Г., П. Хертел и В. Тирринг [10] показали, что для свободной энергии $F_{N}$ системы из $N$ фермионов с потенциалом взаимодействия типа гравитационного притяжения существует конечная при $N \rightarrow \infty$ плотность вида $N^{-7 / 3} F_{N}$, к-рая в точности воспроизводит уравнение Томаса-Ферми. Л. А. Пастур и А. Л. Фиготин [11] применили вариант метода А. г. в теории неупорядоченных спиновых систем. Н. М. Плакида и Н. С. Тончев [12] построили А. Г. для модели кристалла с ангармонич. взаимодействием специального вида, в к-рой существенны как классич., так и квантовые флуктуации. С помощью новой техники асимптотич. оценок было показано, что эта модель точно решаема для произвольной размерности пространства и при наличии внешнего поля.

Лum.: [1] Боголюбов Н. Н., Избранные труды, тт. 1-3, К., 1970; [2] H a ag R., &quot;Nuovo Cim.», 1962, v. 25, p. 287-99; [3] Б о го л юб о в Н. Н. (м л.), Метод исследования модельных гамильтонианов, М., 1974; [4] Боголюбов Н. Н. (мл.) и др. Метод аппроксимирующего гамильтониана в статистической физике, София, 1981; [5] Бо голюбов Н. Н. (мл.) и др., «Успехи математич. наук», 1984, т. 39 , в. 6, с. 3-45; [6] Бо го любов Н. Н. (мл.), Курбатов А. М., П е т и на Д. Я., Санко в ич Д. П., в кн.: Советские научные обзоры, сер. С, Математическая физика, 1980, I; [7] T i n demans P.A.J., Capel H.W., &quot;Physica», 1974, v. 75, p. 407-53; [8] Den Ouden L.W.J., Capel H.W., PerkJ.H. H., &quot;Physica», 1976, v. 85 A, p. 425-56; [9] G in i b re J., &quot;Comm. Math. Phys.», 1968, v. 8, p. 26-51; [10] Hertel P., Thirring W., &quot;Comm. Math. Phys.», 1971 , v. 24, p. 22-36; [11] Пастур Л.А., Ф иготи н А. Л., «Теоретич. и математич. физика», 1978, т. 35, с. 193-210; [12] Плак и д а Н. М., Т о нч е в Н. С., «Теоретич. и математич. физика», 1987, т. 72, с. 269-76.</text_orig>
</article>
