<?xml version="1.0" ?>
<article uri="http://libmeta.ru/fme/article/1043_INTENSIVNAJa">
  <title>ИНТЕНСИВНАЯ ВЕЛИЧИНА, ИНТЕНСИВНЫЙ ПАРАМЕТР</title>
  <author/>
  <title_short/>
  <pages>
    <start>224</start>
    <end>224</end>
  </pages>
  <literature>
    <literature_orig/>
  </literature>
  <formulas_main/>
  <formulas_aux/>
  <relations/>
  <text> макроскопическая величина, значение которой для любой части физической системы, находящейся в состоянии термодинамического равновесия, одинаково. И. в. не зависит от массы системы или от числа частиц в системе. Примерами И. в. служат давление, температура и др.

А. В. Солдатов.
</text>
  <text_orig> макроскопическая величина, значение которой для любой части физической системы, находящейся в состоянии термодинамического равновесия, одинаково. И. в. не зависит от массы системы или от числа частиц в системе. Примерами И. в. служат давление, температура и др.

А. В. Солдатов.
</text_orig>
</article>
