<?xml version="1.0" ?>
<article uri="http://libmeta.ru/fme/article/1045_INTERVAL">
  <title>ИНТЕРВАЛ ПРОСТРАНСТВА-ВРЕМЕНИ</title>
  <author/>
  <title_short/>
  <pages>
    <start>224</start>
    <end>224</end>
  </pages>
  <literature>
    <literature_orig/>
  </literature>
  <formulas_main>
    <formula uri="http://libmeta.ru/fme/formula/main/1045_1_INTERVAL">s^{2}=c^{2} \Delta t^{2}-\Delta x^{2}-\Delta y^{2}-\Delta z^{2}</formula>
  </formulas_main>
  <formulas_aux>
    <formula uri="http://libmeta.ru/fme/formula/aux/1045_1_INTERVAL">c-</formula>
    <formula uri="http://libmeta.ru/fme/formula/aux/1045_2_INTERVAL">\Delta t, \Delta x, \Delta y, \Delta z-</formula>
    <formula uri="http://libmeta.ru/fme/formula/aux/1045_3_INTERVAL">s</formula>
    <formula uri="http://libmeta.ru/fme/formula/aux/1045_4_INTERVAL">\left.s^{2}&amp;lt;0\right)</formula>
    <formula uri="http://libmeta.ru/fme/formula/aux/1045_5_INTERVAL">s</formula>
    <formula uri="http://libmeta.ru/fme/formula/aux/1045_6_INTERVAL">\left.s^{2}&amp;gt;0\right)</formula>
    <formula uri="http://libmeta.ru/fme/formula/aux/1045_7_INTERVAL">(s=0)</formula>
  </formulas_aux>
  <relations/>
  <text> - величина, характеризующая связь между двумя событиями, разделенными пространственным расстоянием и промежутком времени. В инерциальной системе отсчета и декартовых координатах квадрат И. равен

\[
URI[[http://libmeta.ru/fme/formula/main/1045_1_INTERVAL]]/URI
\]

где $URI[[http://libmeta.ru/fme/formula/aux/1045_1_INTERVAL]]/URI$ скорость света, $URI[[http://libmeta.ru/fme/formula/aux/1045_2_INTERVAL]]/URI$ соответственно промежуток времени и разности пространственных координат. В Минковского пространстве-времени И. играет роль, аналогичную расстоянию в геометрич. евклидовом пространстве, однако, подобно четырехмерным векторам, И. разделяются на пространственноподобные ( $URI[[http://libmeta.ru/fme/formula/aux/1045_3_INTERVAL]]/URI$ - мнимое, так что $URI[[http://libmeta.ru/fme/formula/aux/1045_4_INTERVAL]]/URI$, времениподобные ( $URI[[http://libmeta.ru/fme/formula/aux/1045_5_INTERVAL]]/URI$ действительное, так что $URI[[http://libmeta.ru/fme/formula/aux/1045_6_INTERVAL]]/URI$ и изотропные $URI[[http://libmeta.ru/fme/formula/aux/1045_7_INTERVAL]]/URI$.

И. инвариантен относительно Лоренца преобразований и даже Пуанкаре преобразований. М. И. Войцеховский.</text>
  <text_orig> - величина, характеризующая связь между двумя событиями, разделенными пространственным расстоянием и промежутком времени. В инерциальной системе отсчета и декартовых координатах квадрат И. равен

\[
s^{2}=c^{2} \Delta t^{2}-\Delta x^{2}-\Delta y^{2}-\Delta z^{2}
\]

где $c-$ скорость света, $\Delta t, \Delta x, \Delta y, \Delta z-$ соответственно промежуток времени и разности пространственных координат. В Минковского пространстве-времени И. играет роль, аналогичную расстоянию в геометрич. евклидовом пространстве, однако, подобно четырехмерным векторам, И. разделяются на пространственноподобные ( $s$ - мнимое, так что $\left.s^{2}&amp;lt;0\right)$, времениподобные ( $s$ действительное, так что $\left.s^{2}&amp;gt;0\right)$ и изотропные $(s=0)$.

И. инвариантен относительно Лоренца преобразований и даже Пуанкаре преобразований. М. И. Войцеховский.</text_orig>
</article>
