<?xml version="1.0" ?>
<article uri="http://libmeta.ru/fme/article/1048_INFINITEZIMAL'NAJa">
  <title>ИНФИНИТЕЗИМАЛЬНАЯ КРИВИЗНА</title>
  <authors/>
  <title_short/>
  <pages>
    <start>224</start>
    <end>224</end>
  </pages>
  <literature>
    <literature_orig/>
  </literature>
  <formulas_main/>
  <formulas_aux/>
  <relations/>
  <text>СМ. СВЯЗНОсть. ИНФИНИТЕЗИМАЛЬНАЯ СВЯЗНОСТЬ - сМ. СвЯЗHocmb.</text>
  <text_orig>СМ. СВЯЗНОсть. ИНФИНИТЕЗИМАЛЬНАЯ СВЯЗНОСТЬ - сМ. СвЯЗHocmb.</text_orig>
</article>
