<?xml version="1.0" ?>
<article uri="http://libmeta.ru/fme/article/1048_INTERVAL">
  <title>ИНТЕРВАЛ СОБЫТИЙ</title>
  <authors/>
  <title_short/>
  <pages>
    <start>224</start>
    <end>224</end>
  </pages>
  <literature>
    <literature_orig/>
  </literature>
  <formulas_main/>
  <formulas_aux/>
  <relations>
    <relation uri="http://libmeta.ru/fme/relation/1048_19_INTERVAL">
      <rel_text>Лоренца преобразование</rel_text>
      <self present="true">http://libmeta.ru/fme/article/1660_LORENTsA</self>
    </relation>
  </relations>
  <text>см. URI[[http://libmeta.ru/fme/relation/1048_19_INTERVAL]]/URI.</text>
  <text_orig>см. Лоренца преобразование.</text_orig>
</article>
