<?xml version="1.0" ?>
<article uri="http://libmeta.ru/fme/article/1049_INFINITEZIMAL'NAJa">
  <title>ИНФИНИТЕЗИМАЛЬНАЯ ВЕРОЯТНОСТЬ</title>
  <authors/>
  <title_short/>
  <pages>
    <start>224</start>
    <end>224</end>
  </pages>
  <literature>
    <literature_orig/>
  </literature>
  <formulas_main/>
  <formulas_aux/>
  <relations/>
  <text>см. СКачкообразный марковский процесс.</text>
  <text_orig>см. СКачкообразный марковский процесс.</text_orig>
</article>
