<?xml version="1.0" ?>
<article uri="http://libmeta.ru/fme/article/1049_INFINITEZIMAL'NAJa" alphabetic_pos="1051">
  <title>ИНФИНИТЕЗИМАЛЬНАЯ ВЕРОЯТНОСТЬ</title>
  <authors/>
  <pages>
    <start>224</start>
    <end>224</end>
  </pages>
  <literature>
    <literature_orig/>
  </literature>
  <formulas_main/>
  <formulas_aux/>
  <relations n="1">
    <relation uri="http://libmeta.ru/fme/relation/1049_1_INFINITEZIMAL'NAJa">
      <rel_text>Скачкообразный марковский процесс</rel_text>
      <target>http://libmeta.ru/fme/article/2794_SKAChKOOBRAZNYJ</target>
    </relation>
  </relations>
  <text>см. URI[[http://libmeta.ru/fme/relation/1049_1_INFINITEZIMAL'NAJa]]/URI.</text>
  <text_orig>см. СКачкообразный марковский процесс.</text_orig>
</article>
