<?xml version="1.0" ?>
<article uri="http://libmeta.ru/fme/article/104_ARNOL'DA">
  <title>АРНОЛЬДА ДИФФУЗИЯ</title>
  <authors>
    <author>A. И. Нейumadm</author>
  </authors>
  <title_short/>
  <pages>
    <start>31</start>
    <end>31</end>
  </pages>
  <literature>
    <literature_orig>Лит.: [1] А р нол ь д В. И., “успехи математических наук», 1963 , т. 18, в. 6, с. 91-192; [2] е го же, «доклады Ан Ссср», 1964, т. 156, № 1, с. 9-12; [3] Лихтенберг А., Либерман М., Регулярная и стохастическая динамика, пер. с англ., М., 1984; [4] Chirikov B. V., «phys. Rep.», 1979, v. 52, № 5, p. 265-379; [5] Wiggins S., Global bifurcations and chaos. Analytical methods, N. Y., 1988.</literature_orig>
    <unit>
      <author>Арнольд В. И.</author>
      <title>“успехи математических наук»</title>
      <publication/>
      <year>1963</year>
      <other>т. 18, в. 6, с. 91-192</other>
    </unit>
    <unit>
      <title>е го же, «доклады Ан Ссср»</title>
      <publication/>
      <year>1964</year>
      <other>т. 156, № 1, с. 9-12</other>
    </unit>
    <unit>
      <author>Лихтенберг А.</author>
      <author>Либерман М.</author>
      <title>Регулярная и стохастическая динамика</title>
      <publication>пер. с англ., М.</publication>
      <year>1984</year>
      <other/>
    </unit>
    <unit>
      <author>Chirikov B. V.</author>
      <title>«phys. Rep.»</title>
      <publication/>
      <year>1979</year>
      <other>v. 52, № 5, p. 265-379</other>
    </unit>
    <unit>
      <author>Wiggins S.</author>
      <title>Global bifurcations and chaos. Analytical methods, N. Y.</title>
      <publication/>
      <year>1988</year>
      <other/>
    </unit>
  </literature>
  <formulas_main/>
  <formulas_aux>
    <formula uri="http://libmeta.ru/fme/formula/aux/104_1_ARNOL'DA">h=h_{0}(i)+\varepsilon H_{1}(I, \varphi, \varepsilon), I \in \mathbb{R}^{n}, \varphi \operatorname{modd} 2 \pi \in T^{n}, 0&lt;\varepsilon \ll 1</formula>
    <formula uri="http://libmeta.ru/fme/formula/aux/104_2_ARNOL'DA">i, \varphi</formula>
    <formula uri="http://libmeta.ru/fme/formula/aux/104_3_ARNOL'DA">h_{0}-</formula>
    <formula uri="http://libmeta.ru/fme/formula/aux/104_4_ARNOL'DA">\varepsilon H_{1}</formula>
    <formula uri="http://libmeta.ru/fme/formula/aux/104_5_ARNOL'DA">\varepsilon</formula>
    <formula uri="http://libmeta.ru/fme/formula/aux/104_6_ARNOL'DA">i</formula>
    <formula uri="http://libmeta.ru/fme/formula/aux/104_7_ARNOL'DA">\varepsilon</formula>
    <formula uri="http://libmeta.ru/fme/formula/aux/104_8_ARNOL'DA">(n \geqslant 3)</formula>
    <formula uri="http://libmeta.ru/fme/formula/aux/104_9_ARNOL'DA">k A M</formula>
    <formula uri="http://libmeta.ru/fme/formula/aux/104_10_ARNOL'DA">h_{0}</formula>
    <formula uri="http://libmeta.ru/fme/formula/aux/104_11_ARNOL'DA">i=</formula>
    <formula uri="http://libmeta.ru/fme/formula/aux/104_12_ARNOL'DA">\varepsilon \rightarrow 0</formula>
    <formula uri="http://libmeta.ru/fme/formula/aux/104_13_ARNOL'DA">(n=2)</formula>
    <formula uri="http://libmeta.ru/fme/formula/aux/104_14_ARNOL'DA">n \geqslant 3</formula>
    <formula uri="http://libmeta.ru/fme/formula/aux/104_15_ARNOL'DA">n</formula>
    <formula uri="http://libmeta.ru/fme/formula/aux/104_16_ARNOL'DA">(2 n-1)</formula>
    <formula uri="http://libmeta.ru/fme/formula/aux/104_17_ARNOL'DA">\left(o\left(\exp \left(-1 / \varepsilon^{a}\right)\right)\right.</formula>
    <formula uri="http://libmeta.ru/fme/formula/aux/104_18_ARNOL'DA">\exp (-1 / \sqrt{\varepsilon})</formula>
    <formula uri="http://libmeta.ru/fme/formula/aux/104_19_ARNOL'DA">i</formula>
  </formulas_aux>
  <relations/>
  <text>явление, связанное с неустойчивостью траекторий вполне интегрируемой гамильтоновой системы под действием малого гамильтонового возмущения. Для системы с гамильтонианом

$URI[[http://libmeta.ru/fme/formula/aux/104_1_ARNOL'DA]]/URI$, где $URI[[http://libmeta.ru/fme/formula/aux/104_2_ARNOL'DA]]/URI$ - сопряженные канонич. переменные, $URI[[http://libmeta.ru/fme/formula/aux/104_3_ARNOL'DA]]/URI$ невозмушенный гамильтониан, $URI[[http://libmeta.ru/fme/formula/aux/104_4_ARNOL'DA]]/URI$ - возмущение; явление А. д. состоит в том, что для сколь угодно малого $URI[[http://libmeta.ru/fme/formula/aux/104_5_ARNOL'DA]]/URI$ сушествуют траектории, вдоль к-рых изменение переменной $URI[[http://libmeta.ru/fme/formula/aux/104_6_ARNOL'DA]]/URI$ превышает наперед заданную, не зависящую от $URI[[http://libmeta.ru/fme/formula/aux/104_7_ARNOL'DA]]/URI$ величину. Гипотеза В. И. Арнольда (см. [1]) состоит в том, что в многомерной $URI[[http://libmeta.ru/fme/formula/aux/104_8_ARNOL'DA]]/URI$ системе общего положения начальные данные для таких траекторий всюду плотны. Первый пример А. д. построен в [2], обсуждались и др. примеры (см. [5]).

Согласно $URI[[http://libmeta.ru/fme/formula/aux/104_9_ARNOL'DA]]/URI$-теории, если невозмущенный гамильтониан $URI[[http://libmeta.ru/fme/formula/aux/104_10_ARNOL'DA]]/URI$ изоэнергетически невырожден, то большая часть фазового пространства и каждого многообразия уровня энергии заполнена инвариантными торами, близкими к торам $URI[[http://libmeta.ru/fme/formula/aux/104_11_ARNOL'DA]]/URI$ const. Поэтому мера множества, на к-ром происходит А.Д., стремится к 0 при $URI[[http://libmeta.ru/fme/formula/aux/104_12_ARNOL'DA]]/URI$. При двух степенях свободы $URI[[http://libmeta.ru/fme/formula/aux/104_13_ARNOL'DA]]/URI$ эти двумерные инвариантные Кам-торы разделяют 3-мерное многообразие уровня энергии и А.д. невозможна. При $URI[[http://libmeta.ru/fme/formula/aux/104_14_ARNOL'DA]]/URI$ эти $URI[[http://libmeta.ru/fme/formula/aux/104_15_ARNOL'DA]]/URI$-мерные торы не препятствуют А. д., поскольку не разделяют $URI[[http://libmeta.ru/fme/formula/aux/104_16_ARNOL'DA]]/URI$-мерное многообразие уровня энергии. Согласно Нехорошева теореме, в системе общего положения с аналитич. гамильтонианом средняя скорость А. Д. экспоненциально мала $URI[[http://libmeta.ru/fme/formula/aux/104_17_ARNOL'DA]]/URI$, в примере, приведенном в [2], порядка $URI[[http://libmeta.ru/fme/formula/aux/104_18_ARNOL'DA]]/URI$. Численные эксперименты показывают, что изменение переменных $URI[[http://libmeta.ru/fme/formula/aux/104_19_ARNOL'DA]]/URI$ при А. д. не имеет, по-видимому, направленного характера, а представляет собой более или менее случайное блуждание по резонансам вокруг инвариантных торов (см. [3], [4]). С этим и связано название «диффузия».</text>
  <text_orig>явление, связанное с неустойчивостью траекторий вполне интегрируемой гамильтоновой системы под действием малого гамильтонового возмущения. Для системы с гамильтонианом

$H=H_{0}(I)+\varepsilon H_{1}(I, \varphi, \varepsilon), I \in \mathbb{R}^{n}, \varphi \operatorname{modd} 2 \pi \in T^{n}, 0&lt;\varepsilon \ll 1$, где $I, \varphi$ - сопряженные канонич. переменные, $H_{0}-$ невозмушенный гамильтониан, $\varepsilon H_{1}$ - возмущение; явление А. д. состоит в том, что для сколь угодно малого $\varepsilon$ сушествуют траектории, вдоль к-рых изменение переменной $I$ превышает наперед заданную, не зависящую от $\varepsilon$ величину. Гипотеза В. И. Арнольда (см. [1]) состоит в том, что в многомерной $(n \geqslant 3)$ системе общего положения начальные данные для таких траекторий всюду плотны. Первый пример А. д. построен в [2], обсуждались и др. примеры (см. [5]).

Согласно $K A M$-теории, если невозмущенный гамильтониан $H_{0}$ изоэнергетически невырожден, то большая часть фазового пространства и каждого многообразия уровня энергии заполнена инвариантными торами, близкими к торам $I=$ const. Поэтому мера множества, на к-ром происходит А.Д., стремится к 0 при $\varepsilon \rightarrow 0$. При двух степенях свободы $(n=2)$ эти двумерные инвариантные КАМ-торы разделяют 3-мерное многообразие уровня энергии и А.д. невозможна. При $n \geqslant 3$ эти $n$-мерные торы не препятствуют А. д., поскольку не разделяют $(2 n-1)$-мерное многообразие уровня энергии. Согласно Нехорошева теореме, в системе общего положения с аналитич. гамильтонианом средняя скорость А. Д. экспоненциально мала $\left(O\left(\exp \left(-1 / \varepsilon^{a}\right)\right)\right.$, в примере, приведенном в [2], порядка $\exp (-1 / \sqrt{\varepsilon})$. Численные эксперименты показывают, что изменение переменных $I$ при А. д. не имеет, по-видимому, направленного характера, а представляет собой более или менее случайное блуждание по резонансам вокруг инвариантных торов (см. [3], [4]). С этим и связано название «диффузия». Лит.: [1] А р нол ь д В. И., “Успехи математических наук», 1963 , т. 18, в. 6, с. 91-192; [2] е го же, «Доклады АН СССР», 1964, т. 156, № 1, с. 9-12; [3] Лихтенберг А., Либерман М., Регулярная и стохастическая динамика, пер. с англ., М., 1984; [4] Chirikov B. V., «Phys. Rep.», 1979, v. 52, № 5, p. 265-379; [5] Wiggins S., Global bifurcations and chaos. Analytical methods, N. Y., 1988. A. И. Нейumadm.</text_orig>
</article>
