<?xml version="1.0" ?>
<article uri="http://libmeta.ru/fme/article/1052_INFLJaTsIONNAJa">
  <title>ИНФЛЯЦИОННАЯ ВСЕЛЕННАЯ</title>
  <authors/>
  <title_short/>
  <pages>
    <start>224</start>
    <end>224</end>
  </pages>
  <literature>
    <literature_orig/>
  </literature>
  <formulas_main/>
  <formulas_aux/>
  <relations/>
  <text> - сМ. КвантоваЯ теориЯ гравитации.</text>
  <text_orig> - сМ. КвантоваЯ теориЯ гравитации.
</text_orig>
</article>
