<?xml version="1.0" ?>
<article uri="http://libmeta.ru/fme/article/1054_INFLJaTsIONNAJa" alphabetic_pos="1056">
  <title>ИНФЛЯЦИОННАЯ ВСЕЛЕННАЯ</title>
  <authors/>
  <pages>
    <start>224</start>
    <end>224</end>
  </pages>
  <literature>
    <literature_orig/>
  </literature>
  <formulas_main/>
  <formulas_aux/>
  <relations n="1">
    <relation uri="http://libmeta.ru/fme/relation/1054_1_INFLJaTsIONNAJa">
      <rel_text>Квантовая теория гравитации</rel_text>
      <target>http://libmeta.ru/fme/article/1176_KVANTOVAJa</target>
    </relation>
  </relations>
  <text>см. URI[[http://libmeta.ru/fme/relation/1054_1_INFLJaTsIONNAJa]]/URI.</text>
  <text_orig>сМ. КвантоваЯ теориЯ гравитации.</text_orig>
</article>
