<?xml version="1.0" ?>
<article uri="http://libmeta.ru/fme/article/1059_IRREGULJaRNAJa">
  <title>ИРРЕГУЛЯРНАЯ ОСОБАЯ ТОЧКА</title>
  <authors/>
  <title_short/>
  <pages>
    <start>225</start>
    <end>225</end>
  </pages>
  <literature>
    <literature_orig/>
  </literature>
  <formulas_main/>
  <formulas_aux/>
  <relations/>
  <text>сМ. ДИфференциальное уравнение; аналитическая теория.</text>
  <text_orig>сМ. ДИфференциальное уравнение; аналитическая теория.</text_orig>
</article>
