<?xml version="1.0" ?>
<article uri="http://libmeta.ru/fme/article/1062_ISChEZAJuSchIJ">
  <title>ИСЧЕЗАЮЩИЙ ЦИКЛ</title>
  <authors>
    <author>С. В. Чмутов</author>
  </authors>
  <title_short/>
  <pages>
    <start>226</start>
    <end>226</end>
  </pages>
  <literature>
    <literature_orig/>
  </literature>
  <formulas_main>
    <formula uri="http://libmeta.ru/fme/formula/main/1062_1_ISChEZAJuSchIJ">f\left(z_{1}, \ldots, z_{n}\right)=\alpha+z_{1}^{2}+\ldots+z_{n}^{2}</formula>
    <formula uri="http://libmeta.ru/fme/formula/main/1062_2_ISChEZAJuSchIJ">\varphi(0)=\alpha_{*}, \varphi(1)=\alpha .</formula>
    <formula uri="http://libmeta.ru/fme/formula/main/1062_3_ISChEZAJuSchIJ">S_{t}=\sqrt{\varphi(t)-\alpha} S^{n-1}</formula>
    <formula uri="http://libmeta.ru/fme/formula/main/1062_4_ISChEZAJuSchIJ">S^{n-1}=\left\{z: z_{1}^{2}+\ldots+z_{n}^{2}=1, \operatorname{Im} z_{i}=0\right\} .</formula>
  </formulas_main>
  <formulas_aux>
    <formula uri="http://libmeta.ru/fme/formula/aux/1062_1_ISChEZAJuSchIJ">V_{\alpha_{x}}</formula>
    <formula uri="http://libmeta.ru/fme/formula/aux/1062_2_ISChEZAJuSchIJ">\alpha_{*}</formula>
    <formula uri="http://libmeta.ru/fme/formula/aux/1062_3_ISChEZAJuSchIJ">f: \mathbb{C}^{n} \rightarrow \mathbb{C}</formula>
    <formula uri="http://libmeta.ru/fme/formula/aux/1062_4_ISChEZAJuSchIJ">f</formula>
    <formula uri="http://libmeta.ru/fme/formula/aux/1062_5_ISChEZAJuSchIJ">\alpha_{*}-</formula>
    <formula uri="http://libmeta.ru/fme/formula/aux/1062_6_ISChEZAJuSchIJ">f</formula>
    <formula uri="http://libmeta.ru/fme/formula/aux/1062_7_ISChEZAJuSchIJ">\varphi(t)</formula>
    <formula uri="http://libmeta.ru/fme/formula/aux/1062_8_ISChEZAJuSchIJ">\mathbb{C}^{1}</formula>
    <formula uri="http://libmeta.ru/fme/formula/aux/1062_9_ISChEZAJuSchIJ">V_{\varphi_{(t)}}</formula>
    <formula uri="http://libmeta.ru/fme/formula/aux/1062_10_ISChEZAJuSchIJ">\varphi(t)</formula>
    <formula uri="http://libmeta.ru/fme/formula/aux/1062_11_ISChEZAJuSchIJ">f</formula>
    <formula uri="http://libmeta.ru/fme/formula/aux/1062_12_ISChEZAJuSchIJ">t=1</formula>
    <formula uri="http://libmeta.ru/fme/formula/aux/1062_13_ISChEZAJuSchIJ">S_{t}</formula>
    <formula uri="http://libmeta.ru/fme/formula/aux/1062_14_ISChEZAJuSchIJ">H_{n-1}\left(V_{\alpha_{x}}\right)</formula>
    <formula uri="http://libmeta.ru/fme/formula/aux/1062_15_ISChEZAJuSchIJ">S_{0}</formula>
  </formulas_aux>
  <relations/>
  <text>класс когомологий неособого многообразия $URI[[http://libmeta.ru/fme/formula/aux/1062_1_ISChEZAJuSchIJ]]/URI$ уровня $URI[[http://libmeta.ru/fme/formula/aux/1062_2_ISChEZAJuSchIJ]]/URI$ голоморфной функции $URI[[http://libmeta.ru/fme/formula/aux/1062_3_ISChEZAJuSchIJ]]/URI$, имеюшей невырожденную критическую точку. По лемме Морса в окрестности невырожденной критич. точки $URI[[http://libmeta.ru/fme/formula/aux/1062_4_ISChEZAJuSchIJ]]/URI$ имеет вид:

\[
URI[[http://libmeta.ru/fme/formula/main/1062_1_ISChEZAJuSchIJ]]/URI
\]

Предполагается, что $URI[[http://libmeta.ru/fme/formula/aux/1062_5_ISChEZAJuSchIJ]]/URI$ не критич. значение $URI[[http://libmeta.ru/fme/formula/aux/1062_6_ISChEZAJuSchIJ]]/URI$. Рассматривается путь $URI[[http://libmeta.ru/fme/formula/aux/1062_7_ISChEZAJuSchIJ]]/URI$ на $URI[[http://libmeta.ru/fme/formula/aux/1062_8_ISChEZAJuSchIJ]]/URI$ :

\[
URI[[http://libmeta.ru/fme/formula/main/1062_2_ISChEZAJuSchIJ]]/URI
\]

На многообразии $URI[[http://libmeta.ru/fme/formula/aux/1062_9_ISChEZAJuSchIJ]]/URI$ уровня $URI[[http://libmeta.ru/fme/formula/aux/1062_10_ISChEZAJuSchIJ]]/URI$ функции $URI[[http://libmeta.ru/fme/formula/aux/1062_11_ISChEZAJuSchIJ]]/URI$ выделяется сфера

\[
URI[[http://libmeta.ru/fme/formula/main/1062_3_ISChEZAJuSchIJ]]/URI
\]

где

\[
URI[[http://libmeta.ru/fme/formula/main/1062_4_ISChEZAJuSchIJ]]/URI
\]

При $URI[[http://libmeta.ru/fme/formula/aux/1062_12_ISChEZAJuSchIJ]]/URI$ сфера $URI[[http://libmeta.ru/fme/formula/aux/1062_13_ISChEZAJuSchIJ]]/URI$ вырождается в точку. Класс гомологий в $URI[[http://libmeta.ru/fme/formula/aux/1062_14_ISChEZAJuSchIJ]]/URI$, определяемый сферой $URI[[http://libmeta.ru/fme/formula/aux/1062_15_ISChEZAJuSchIJ]]/URI$, и называется и с ч е а юшим циклом.</text>
  <text_orig>класс когомологий неособого многообразия $V_{\alpha_{x}}$ уровня $\alpha_{*}$ голоморфной функции $f: \mathbb{C}^{n} \rightarrow \mathbb{C}$, имеюшей невырожденную критическую точку. По лемме Морса в окрестности невырожденной критич. точки $f$ имеет вид:

\[
f\left(z_{1}, \ldots, z_{n}\right)=\alpha+z_{1}^{2}+\ldots+z_{n}^{2}
\]

Предполагается, что $\alpha_{*}-$ не критич. значение $f$. Рассматривается путь $\varphi(t)$ на $\mathbb{C}^{1}$ :

\[
\varphi(0)=\alpha_{*}, \varphi(1)=\alpha .
\]

На многообразии $V_{\varphi_{(t)}}$ уровня $\varphi(t)$ функции $f$ выделяется сфера

\[
S_{t}=\sqrt{\varphi(t)-\alpha} S^{n-1}
\]

где

\[
S^{n-1}=\left\{z: z_{1}^{2}+\ldots+z_{n}^{2}=1, \operatorname{Im} z_{i}=0\right\} .
\]

При $t=1$ сфера $S_{t}$ вырождается в точку. Класс гомологий в $H_{n-1}\left(V_{\alpha_{x}}\right)$, определяемый сферой $S_{0}$, и называется и с ч е а юшим циклом.

С. В. Чмутов.</text_orig>
</article>
