<?xml version="1.0" ?>
<article uri="http://libmeta.ru/fme/article/1066_ITO">
  <title>ИТО КВАНТОВАЯ ФОРМУЛА</title>
  <authors/>
  <title_short/>
  <pages>
    <start>226</start>
    <end>226</end>
  </pages>
  <literature>
    <literature_orig/>
  </literature>
  <formulas_main/>
  <formulas_aux/>
  <relations>
    <relation uri="http://libmeta.ru/fme/relation/1066_27_ITO">
      <rel_text>Квантовое стохастическое исчисление</rel_text>
      <self present="true">http://libmeta.ru/fme/article/1191_KVANTOVOE</self>
    </relation>
  </relations>
  <text>см. URI[[http://libmeta.ru/fme/relation/1066_27_ITO]]/URI.</text>
  <text_orig>см. Квантовое стохастическое исчисление.</text_orig>
</article>
