<?xml version="1.0" ?>
<article uri="http://libmeta.ru/fme/article/1067_ITO">
  <title>ИТО СТОХАСТИЧЕСКОЕ ДИФФЕРЕНЦИАЛЬНОЕ УРАВНЕНИЕ</title>
  <authors/>
  <title_short/>
  <pages>
    <start>226</start>
    <end>226</end>
  </pages>
  <literature>
    <literature_orig/>
  </literature>
  <formulas_main/>
  <formulas_aux/>
  <relations>
    <relation uri="http://libmeta.ru/fme/relation/1067_34_ITO">
      <rel_text>Диффузионный процесс</rel_text>
      <target>http://libmeta.ru/fme/article/884_DIFFUZIONNYJ</target>
    </relation>
    <relation uri="http://libmeta.ru/fme/relation/1067_35_ITO">
      <rel_text>Марковский процесс</rel_text>
      <target>http://libmeta.ru/fme/article/1715_MARKOVSKIJ</target>
    </relation>
    <relation uri="http://libmeta.ru/fme/relation/1067_36_ITO">
      <rel_text>Маркова цепь</rel_text>
      <target>http://libmeta.ru/fme/article/1712_MARKOVA</target>
    </relation>
    <relation uri="http://libmeta.ru/fme/relation/1067_37_ITO">
      <rel_text>Маркова цепь</rel_text>
      <target>http://libmeta.ru/fme/article/1712_MARKOVA</target>
    </relation>
  </relations>
  <text>см. URI[[http://libmeta.ru/fme/relation/1067_34_ITO]]/URI, URI[[http://libmeta.ru/fme/relation/1067_35_ITO]]/URI, URI[[http://libmeta.ru/fme/relation/1067_36_ITO]]/URI, URI[[http://libmeta.ru/fme/relation/1067_37_ITO]]/URI с непрерывным временем.</text>
  <text_orig>см. Диффузионный процесс, Марковский процесс, Маркова цепь, Маркова цепь с непрерывным временем.</text_orig>
</article>
