<?xml version="1.0" ?>
<article uri="http://libmeta.ru/fme/article/1067_ITO" alphabetic_pos="1069">
  <title>ИТО СТОХАСТИЧЕСКОЕ ДИФФЕРЕНЦИАЛЬНОЕ УРАВНЕНИЕ</title>
  <authors/>
  <title_short/>
  <pages>
    <start>226</start>
    <end>226</end>
  </pages>
  <literature>
    <literature_orig/>
  </literature>
  <formulas_main/>
  <formulas_aux/>
  <relations>
    <relation uri="http://libmeta.ru/fme/relation/1067_1_ITO">
      <rel_text>Диффузионный процесс</rel_text>
      <target>http://libmeta.ru/fme/article/884_DIFFUZIONNYJ</target>
    </relation>
    <relation uri="http://libmeta.ru/fme/relation/1067_2_ITO">
      <rel_text> Марковский процесс</rel_text>
      <target>http://libmeta.ru/fme/article/1715_MARKOVSKIJ</target>
    </relation>
    <relation uri="http://libmeta.ru/fme/relation/1067_3_ITO">
      <rel_text> Маркова цепь</rel_text>
      <target>http://libmeta.ru/fme/article/1712_MARKOVA</target>
    </relation>
    <relation uri="http://libmeta.ru/fme/relation/1067_4_ITO">
      <rel_text> Маркова цепь</rel_text>
      <target>http://libmeta.ru/fme/article/1712_MARKOVA</target>
    </relation>
  </relations>
  <text>см. URI[[http://libmeta.ru/fme/relation/1067_1_ITO]]/URI,URI[[http://libmeta.ru/fme/relation/1067_2_ITO]]/URI,URI[[http://libmeta.ru/fme/relation/1067_3_ITO]]/URI,URI[[http://libmeta.ru/fme/relation/1067_4_ITO]]/URI с непрерывным временем.</text>
  <text_orig>см. Диффузионный процесс, Марковский процесс, Маркова цепь, Маркова цепь с непрерывным временем.</text_orig>
</article>
