<?xml version="1.0" ?>
<article uri="http://libmeta.ru/fme/article/1069_IัOSTA" alphabetic_pos="1071">
  <title>ИัОСТА ФУНКЦИИ</title>
  <authors>
    <author>С. П. Меркурьев</author>
    <author>С. Л. Яковлев</author>
  </authors>
  <title_short/>
  <pages>
    <start>226</start>
    <end>227</end>
  </pages>
  <literature>
    <literature_orig>Jum.: [1] Ал ь фа р о В. де, Р е дже Т., Потенциальное рассеяние, пер. с англ., М., 1966; [2] Н ь ю т о н Р., Теория рассеяния волн и частиц, пер. с англ., М., 1969.</literature_orig>
    <unit>
      <title>Ал ь фа р о В. де</title>
      <publication>Потенциальное рассеяние, пер. с англ., М.</publication>
      <year>1966</year>
      <other>Р е дже Т.</other>
    </unit>
    <unit>
      <author>Ньютон Р.</author>
      <title>Теория рассеяния волн и частиц</title>
      <publication>пер. с англ., М.</publication>
      <year>1969</year>
      <other/>
    </unit>
  </literature>
  <formulas_main>
    <formula uri="http://libmeta.ru/fme/formula/main/1069_1_IัOSTA">F_{l}(k)=\lim _{r \rightarrow 0} \frac{(-k r)^{l}}{(2 l-1) ! !} f_{l}(k, r),</formula>
    <formula uri="http://libmeta.ru/fme/formula/main/1069_2_IัOSTA">\left\{-\frac{\partial^{2}}{\partial r^{2}}+l(l+1) / r^{2}+V(r)-k^{2}\right\} f_{l}(k, r)=0</formula>
    <formula uri="http://libmeta.ru/fme/formula/main/1069_3_IัOSTA">\int_{0}^{\infty} r|V(r)| d r&lt;\infty</formula>
  </formulas_main>
  <formulas_aux>
    <formula uri="http://libmeta.ru/fme/formula/aux/1069_1_IัOSTA">l=0,1, \ldots</formula>
    <formula uri="http://libmeta.ru/fme/formula/aux/1069_2_IัOSTA">f_{l}-</formula>
    <formula uri="http://libmeta.ru/fme/formula/aux/1069_3_IัOSTA">f_{l}(k, r)=l^{i k r}+o(1), r \rightarrow \infty</formula>
    <formula uri="http://libmeta.ru/fme/formula/aux/1069_4_IัOSTA">f_{l}(k)</formula>
    <formula uri="http://libmeta.ru/fme/formula/aux/1069_5_IัOSTA">\operatorname{im} k \geqslant 0</formula>
    <formula uri="http://libmeta.ru/fme/formula/aux/1069_6_IัOSTA">\left.\left.F_{l}\left(-k^{*}\right)=F_{l}^{*}(k), 3\right) F_{l}(k)=1+o(1), k \rightarrow \infty, 4\right)</formula>
    <formula uri="http://libmeta.ru/fme/formula/aux/1069_7_IัOSTA">f_{l}(k)</formula>
  </formulas_aux>
  <relations>
    <relation uri="http://libmeta.ru/fme/relation/1069_1_IัOSTA">
      <rel_text>радиального уравнения Шредингера</rel_text>
      <target>http://libmeta.ru/fme/article/2500_RADIAL'NOE</target>
    </relation>
    <relation uri="http://libmeta.ru/fme/relation/1069_2_IัOSTA">
      <rel_text>связанным состояниям</rel_text>
      <target>http://libmeta.ru/fme/article/2702_SVJaZANNOE</target>
    </relation>
    <relation uri="http://libmeta.ru/fme/relation/1069_3_IัOSTA">
      <rel_text>полуплоскости</rel_text>
      <target>http://libmeta.ru/fme/article/2306_POLUINVARIAN</target>
    </relation>
    <relation uri="http://libmeta.ru/fme/relation/1069_4_IัOSTA">
      <rel_text>голоморфна</rel_text>
      <target>http://libmeta.ru/fme/article/672_GOLOVASTI</target>
    </relation>
    <relation uri="http://libmeta.ru/fme/relation/1069_5_IัOSTA">
      <rel_text>граничным условием</rel_text>
      <target>http://libmeta.ru/fme/article/713_GRANIChNOE</target>
    </relation>
  </relations>
  <text>функции

\[
URI[[http://libmeta.ru/fme/formula/main/1069_1_IัOSTA]]/URI
\]

$URI[[http://libmeta.ru/fme/formula/aux/1069_1_IัOSTA]]/URI$, где $URI[[http://libmeta.ru/fme/formula/aux/1069_2_IัOSTA]]/URI$ решения Йоста радиального уравнения Шредингера:

\[
URI[[http://libmeta.ru/fme/formula/main/1069_2_IัOSTA]]/URI
\]

с URI[[http://libmeta.ru/fme/relation/1069_5_IัOSTA]]/URI $URI[[http://libmeta.ru/fme/formula/aux/1069_3_IัOSTA]]/URI$. Й. Ф. существуют при условии

\[
URI[[http://libmeta.ru/fme/formula/main/1069_3_IัOSTA]]/URI
\]

Основные свойства: 1) $URI[[http://libmeta.ru/fme/formula/aux/1069_4_IัOSTA]]/URI$ URI[[http://libmeta.ru/fme/relation/1069_4_IัOSTA]]/URI при $URI[[http://libmeta.ru/fme/formula/aux/1069_5_IัOSTA]]/URI$, 2) $URI[[http://libmeta.ru/fme/formula/aux/1069_6_IัOSTA]]/URI$ нули $URI[[http://libmeta.ru/fme/formula/aux/1069_7_IัOSTA]]/URI$ в верхней URI[[http://libmeta.ru/fme/relation/1069_3_IัOSTA]]/URI соответствуют URI[[http://libmeta.ru/fme/relation/1069_2_IัOSTA]]/URI для URI[[http://libmeta.ru/fme/relation/1069_1_IัOSTA]]/URI.</text>
  <text_orig>функции

\[
F_{l}(k)=\lim _{r \rightarrow 0} \frac{(-k r)^{l}}{(2 l-1) ! !} f_{l}(k, r),
\]

$l=0,1, \ldots$, где $f_{l}-$ решения Йоста радиального уравнения Шредингера:

\[
\left\{-\frac{\partial^{2}}{\partial r^{2}}+l(l+1) / r^{2}+V(r)-k^{2}\right\} f_{l}(k, r)=0
\]

с граничным условием $f_{l}(k, r)=l^{i k r}+o(1), r \rightarrow \infty$. Й. Ф. существуют при условии

\[
\int_{0}^{\infty} r|V(r)| d r&lt;\infty
\]

Основные свойства: 1) $F_{l}(k)$ голоморфна при $\operatorname{Im} k \geqslant 0$, 2) $\left.\left.F_{l}\left(-k^{*}\right)=F_{l}^{*}(k), 3\right) F_{l}(k)=1+o(1), k \rightarrow \infty, 4\right)$ нули $F_{l}(k)$ в верхней полуплоскости соответствуют связанным состояниям для радиального уравнения Шредингера.

Jum.: [1] Ал ь фа р о В. де, Р е дже Т., Потеншиальное рассеяние, пер. с англ., М., 1966; [2] Н ь ю т о н Р., Теория рассеяния волн и частиц, пер. с англ., М., 1969.

С. П. Меркурьев, С.Л. Яковлев.</text_orig>
</article>
