<?xml version="1.0" ?>
<article uri="http://libmeta.ru/fme/article/1070_KADISONA-ShVARTsA">
  <title>КАДИСОНА-ШВАРЦА НЕРАВЕНСТВО</title>
  <author/>
  <title_short/>
  <pages>
    <start>227</start>
    <end>227</end>
  </pages>
  <literature>
    <literature_orig/>
  </literature>
  <formulas_main>
    <formula uri="http://libmeta.ru/fme/formula/main/1070_1_KADISONA-ShVARTsA">\Phi(X)^{*} \Phi(X) \leqslant\|\Phi\| \Phi\left(X^{*} X\right)</formula>
  </formulas_main>
  <formulas_aux>
    <formula uri="http://libmeta.ru/fme/formula/aux/1070_1_KADISONA-ShVARTsA">\Phi</formula>
    <formula uri="http://libmeta.ru/fme/formula/aux/1070_2_KADISONA-ShVARTsA">C^{*}</formula>
    <formula uri="http://libmeta.ru/fme/formula/aux/1070_3_KADISONA-ShVARTsA">\mathscr{A}</formula>
    <formula uri="http://libmeta.ru/fme/formula/aux/1070_4_KADISONA-ShVARTsA">C^{*}</formula>
    <formula uri="http://libmeta.ru/fme/formula/aux/1070_5_KADISONA-ShVARTsA">\mathscr{B}</formula>
    <formula uri="http://libmeta.ru/fme/formula/aux/1070_6_KADISONA-ShVARTsA">X \in \mathscr{d}</formula>
    <formula uri="http://libmeta.ru/fme/formula/aux/1070_7_KADISONA-ShVARTsA">X X^{*}=X^{*} X</formula>
    <formula uri="http://libmeta.ru/fme/formula/aux/1070_8_KADISONA-ShVARTsA">\Phi</formula>
    <formula uri="http://libmeta.ru/fme/formula/aux/1070_9_KADISONA-ShVARTsA">\boldsymbol{X} \in \%</formula>
  </formulas_aux>
  <relations/>
  <text> - НеравенствО для положительного отображения $URI[[http://libmeta.ru/fme/formula/aux/1070_1_KADISONA-ShVARTsA]]/URI$ из $URI[[http://libmeta.ru/fme/formula/aux/1070_2_KADISONA-ShVARTsA]]/URI$-алгебры $URI[[http://libmeta.ru/fme/formula/aux/1070_3_KADISONA-ShVARTsA]]/URI$ в $URI[[http://libmeta.ru/fme/formula/aux/1070_4_KADISONA-ShVARTsA]]/URI$-алгебру $URI[[http://libmeta.ru/fme/formula/aux/1070_5_KADISONA-ShVARTsA]]/URI$ :

\[
URI[[http://libmeta.ru/fme/formula/main/1070_1_KADISONA-ShVARTsA]]/URI
\]

для любого $URI[[http://libmeta.ru/fme/formula/aux/1070_6_KADISONA-ShVARTsA]]/URI$ такого, что $URI[[http://libmeta.ru/fme/formula/aux/1070_7_KADISONA-ShVARTsA]]/URI$. Если $URI[[http://libmeta.ru/fme/formula/aux/1070_8_KADISONA-ShVARTsA]]/URI$ - вполне положительное отображение, то К. - Ш. Н. имеет место для любого $URI[[http://libmeta.ru/fme/formula/aux/1070_9_KADISONA-ShVARTsA]]/URI$

Jum.: [1] K a d is o n R. V., «Ann. Math.», 1952, v. 56, p. 494-503; [2] St ø r me r E., «Acta math.», 1963, t. 110, p. 233-78. A. С. Холево.</text>
  <text_orig> - НеравенствО для положительного отображения $\Phi$ из $C^{*}$-алгебры $\mathscr{A}$ в $C^{*}$-алгебру $\mathscr{B}$ :

\[
\Phi(X)^{*} \Phi(X) \leqslant\|\Phi\| \Phi\left(X^{*} X\right)
\]

для любого $X \in \mathscr{d}$ такого, что $X X^{*}=X^{*} X$. Если $\Phi$ - вполне положительное отображение, то К. - Ш. Н. имеет место для любого $\boldsymbol{X} \in \%$

Jum.: [1] K a d is o n R. V., «Ann. Math.», 1952, v. 56, p. 494-503; [2] St ø r me r E., «Acta math.», 1963, t. 110, p. 233-78. A. С. Холево.</text_orig>
</article>
