<?xml version="1.0" ?>
<article uri="http://libmeta.ru/fme/article/1070_KABANE">
  <title>КАБАНЭ УРАВНЕНИЕ</title>
  <authors/>
  <title_short/>
  <pages>
    <start>227</start>
    <end>227</end>
  </pages>
  <literature>
    <literature_orig>Jum.: [i] Cabanne H., Mathematical method in kinetic theory of $\begin{array}{ll}\text { gases, Frankfurt, } 1980 . &amp; \text { И. А. Кузин, В. П. Политюков. }\end{array}$</literature_orig>
  </literature>
  <formulas_main>
    <formula uri="http://libmeta.ru/fme/formula/main/1070_1_KABANE">\begin{gathered}
\frac{\partial N}{\partial t}+v(\theta) \nabla_{x} N=\frac{c S}{\pi} \int_{0}^{2 \pi} N(x, \varphi, t) N(x, \varphi+\pi, t) d \varphi- \\
-2 c S N(x, \theta, t) N(x, \theta+\pi, t) .
\end{gathered}</formula>
  </formulas_main>
  <formulas_aux>
    <formula uri="http://libmeta.ru/fme/formula/aux/1070_1_KABANE">N(x, \theta, t)</formula>
    <formula uri="http://libmeta.ru/fme/formula/aux/1070_2_KABANE">x=x_{1} \boldsymbol{i}+x_{2} \boldsymbol{j}</formula>
    <formula uri="http://libmeta.ru/fme/formula/aux/1070_3_KABANE">v(\theta)=i c \cos \theta+j c \sin \theta, c-</formula>
    <formula uri="http://libmeta.ru/fme/formula/aux/1070_4_KABANE">t&gt;0</formula>
  </formulas_aux>
  <relations/>
  <text>интегро-дифференциальное уравнение, являющееся моделью Больцмана уравнения:

\[
URI[[http://libmeta.ru/fme/formula/main/1070_1_KABANE]]/URI
\]

Здесь $URI[[http://libmeta.ru/fme/formula/aux/1070_1_KABANE]]/URI$ - плотность частиц в точке $URI[[http://libmeta.ru/fme/formula/aux/1070_2_KABANE]]/URI$, имеющих скорость $URI[[http://libmeta.ru/fme/formula/aux/1070_3_KABANE]]/URI$ модуль скорости, $URI[[http://libmeta.ru/fme/formula/aux/1070_4_KABANE]]/URI$.</text>
  <text_orig>интегро-дифференциальное уравнение, являющееся моделью Больцмана уравнения:

\[
\begin{gathered}
\frac{\partial N}{\partial t}+v(\theta) \nabla_{x} N=\frac{c S}{\pi} \int_{0}^{2 \pi} N(x, \varphi, t) N(x, \varphi+\pi, t) d \varphi- \\
-2 c S N(x, \theta, t) N(x, \theta+\pi, t) .
\end{gathered}
\]

Здесь $N(x, \theta, t)$ - плотность частиц в точке $x=x_{1} \boldsymbol{i}+x_{2} \boldsymbol{j}$, имеющих скорость $v(\theta)=i c \cos \theta+j c \sin \theta, c-$ модуль скорости, $t&gt;0$.

Jum.: [i] Cabanne H., Mathematical method in kinetic theory of $\begin{array}{ll}\text { gases, Frankfurt, } 1980 . &amp; \text { И. А. Кузин, В. П. Политюков. }\end{array}$</text_orig>
</article>
