<?xml version="1.0" ?>
<article uri="http://libmeta.ru/fme/article/1071_KAVITATsI" alphabetic_pos="1073">
  <title>КАВИТАЦИЯ</title>
  <authors/>
  <title_short/>
  <pages>
    <start>227</start>
    <end>227</end>
  </pages>
  <literature>
    <literature_orig/>
  </literature>
  <formulas_main/>
  <formulas_aux/>
  <relations>
    <relation uri="http://libmeta.ru/fme/relation/1071_1_KAVITATsI">
      <rel_text>Бернулли уравнение</rel_text>
      <target>http://libmeta.ru/fme/article/162_BERNULLI</target>
    </relation>
  </relations>
  <text>см. URI[[http://libmeta.ru/fme/relation/1071_1_KAVITATsI]]/URI.</text>
  <text_orig>см. Бернулли уравнение.</text_orig>
</article>
