<?xml version="1.0" ?>
<article uri="http://libmeta.ru/fme/article/1074_KALIBROVOChNAJa">
  <title>КАЛИБРОВОЧНАЯ ПУСТЫНЯ</title>
  <authors/>
  <title_short/>
  <pages>
    <start>228</start>
    <end>228</end>
  </pages>
  <literature>
    <literature_orig/>
  </literature>
  <formulas_main/>
  <formulas_aux/>
  <relations/>
  <text> - см. Великое объединение взаимодействий.</text>
  <text_orig> - см. Великое объединение взаимодействий.
</text_orig>
</article>
