<?xml version="1.0" ?>
<article uri="http://libmeta.ru/fme/article/1076_KALIBROVOChNAJa">
  <title>КАЛИБРОВОЧНАЯ ИНВАРИАНТНОСТЬ</title>
  <authors>
    <author>А. А. Славнов</author>
  </authors>
  <title_short/>
  <pages>
    <start>227</start>
    <end>228</end>
  </pages>
  <literature>
    <literature_orig/>
  </literature>
  <formulas_main/>
  <formulas_aux>
    <formula uri="http://libmeta.ru/fme/formula/aux/1076_1_KALIBROVOChNAJa">\bar{\psi}(x), \Psi(x)</formula>
    <formula uri="http://libmeta.ru/fme/formula/aux/1076_2_KALIBROVOChNAJa">a_{\mu}(x)</formula>
    <formula uri="http://libmeta.ru/fme/formula/aux/1076_3_KALIBROVOChNAJa">|\psi|</formula>
    <formula uri="http://libmeta.ru/fme/formula/aux/1076_4_KALIBROVOChNAJa">\bar{\psi}, \Psi, A_{\mu}</formula>
    <formula uri="http://libmeta.ru/fme/formula/aux/1076_5_KALIBROVOChNAJa">\bar{\psi}^{\prime}, \Psi^{\prime}, A_{\mu}^{\prime}</formula>
    <formula uri="http://libmeta.ru/fme/formula/aux/1076_6_KALIBROVOChNAJa">\bar{\psi}, \Psi, A_{\mu}</formula>
    <formula uri="http://libmeta.ru/fme/formula/aux/1076_7_KALIBROVOChNAJa">\bar{\psi}^{\prime}, \Psi^{\prime}, A_{\mu}^{\prime}</formula>
    <formula uri="http://libmeta.ru/fme/formula/aux/1076_8_KALIBROVOChNAJa">\psi(x)</formula>
    <formula uri="http://libmeta.ru/fme/formula/aux/1076_9_KALIBROVOChNAJa">\omega</formula>
    <formula uri="http://libmeta.ru/fme/formula/aux/1076_10_KALIBROVOChNAJa">a_{\mu}(x)</formula>
    <formula uri="http://libmeta.ru/fme/formula/aux/1076_11_KALIBROVOChNAJa">\psi^{\omega}(x)</formula>
    <formula uri="http://libmeta.ru/fme/formula/aux/1076_12_KALIBROVOChNAJa">a_{\mu}^{\omega}(x)</formula>
    <formula uri="http://libmeta.ru/fme/formula/aux/1076_13_KALIBROVOChNAJa">\psi=\left(\psi_{1}, \ldots, \Psi_{n}\right)</formula>
  </formulas_aux>
  <relations/>
  <text>Инвариантность относительно калибровочных преобразований. К. и. имеет место в тех случаях, когда не все поля, участвующие в уравнениях движения, соответствуют наблюдаемым величинам. Напр., в уравнениях Максвелла-Дирака в электродинамике участвуют комплексные спинорные функции $URI[[http://libmeta.ru/fme/formula/aux/1076_1_KALIBROVOChNAJa]]/URI$ и четырехмерный вектор $URI[[http://libmeta.ru/fme/formula/aux/1076_2_KALIBROVOChNAJa]]/URI$. В то же время наблюдаемые могут быть выражены через тензор напряженности электромагнитного поля и модуль функции $URI[[http://libmeta.ru/fme/formula/aux/1076_3_KALIBROVOChNAJa]]/URI$. Эти величины не меняются при переходе от полей $URI[[http://libmeta.ru/fme/formula/aux/1076_4_KALIBROVOChNAJa]]/URI$ к полям $URI[[http://libmeta.ru/fme/formula/aux/1076_5_KALIBROVOChNAJa]]/URI$, получающимся из исходных с помощью калибровочного преобразования. Эти преобразования оставляют инвариантными и уравнения Максвелла-Дирака. Другими словами, поля $URI[[http://libmeta.ru/fme/formula/aux/1076_6_KALIBROVOChNAJa]]/URI$ и $URI[[http://libmeta.ru/fme/formula/aux/1076_7_KALIBROVOChNAJa]]/URI$ описывают одну и ту же физич. ситуацию. Аналогичным образом вводится понятие К. и. для неабелевых калибровочных групп. К. и. в этом случае означает, что уравнения, описываюшие динамику системы, не меняются при переходе от полей $URI[[http://libmeta.ru/fme/formula/aux/1076_8_KALIBROVOChNAJa]]/URI$, реализуюших нек-рое представление полупростой компактной группы внутренней симметрии $URI[[http://libmeta.ru/fme/formula/aux/1076_9_KALIBROVOChNAJa]]/URI$ и калибро- вочных полей $URI[[http://libmeta.ru/fme/formula/aux/1076_10_KALIBROVOChNAJa]]/URI$, реализуюших присоединенное представление алгебры Ли той же группы, к полям $URI[[http://libmeta.ru/fme/formula/aux/1076_11_KALIBROVOChNAJa]]/URI$, $URI[[http://libmeta.ru/fme/formula/aux/1076_12_KALIBROVOChNAJa]]/URI$, получающимся из исходных с помощью калибровочного преобразования.

К. и. эквивалентна принципу относительности в зарядовом пространстве, к-рый утверждает, что в зарядовом пространстве не существует выделенного фиксированного базиса, относительно к-рого поля материи представляются в виде набора компонент $URI[[http://libmeta.ru/fme/formula/aux/1076_13_KALIBROVOChNAJa]]/URI$. Такой базис можно локально вводить произвольным образом в каждой точке пространства-времени. Локальное изменение базиса интерпретируется как изменение калибровочного поля, не затрагивающее наблюдаемых физич. величин. Таким образом, наблюдаемым соответствует целый класс калибровочно инвариантных конфигураций.

Чтобы практически работать с классами эквивалентных конфигураций, их надо как-то параметризовать, выбрав однозначных представителей в каждом классе. Обычно это достигается путем наложения на поля дополнительного калибровочного условия.

К. И. является одним из основных принципов построения моделей взаимодействий элементарных частиц (см. Квантовая хромодинамика, Великое объединение взаимодействий). Она практически однозначно фиксирует вид функции Лагранжа, описывающей систему взаимодействующих полей. Важным обобщением К. и. является суперкалибровочная инвариантность (см. Суперсимметрия).

См. также Потенциал.

Лит. см. при ст. Калибровочное поле.</text>
  <text_orig>ИНварИаНТность относительно калибровочных преобразований. К. и. имеет место в тех случаях, когда не все поля, участвующие в уравнениях движения, соответствуют наблюдаемым величинам. Напр., в уравнениях Максвелла-Дирака в электродинамике участвуют комплексные спинорные функции $\bar{\Psi}(x), \Psi(x)$ и четырехмерный вектор $A_{\mu}(x)$. В то же время наблюдаемые могут быть выражены через тензор напряженности электромагнитного поля и модуль функции $|\Psi|$. Эти величины не меняются при переходе от полей $\bar{\Psi}, \Psi, A_{\mu}$ к полям $\bar{\Psi}^{\prime}, \Psi^{\prime}, A_{\mu}^{\prime}$, получающимся из исходных с помощью калибровочного преобразования. Эти преобразования оставляют инвариантными и уравнения Максвелла-Дирака. Другими словами, поля $\bar{\Psi}, \Psi, A_{\mu}$ и $\bar{\Psi}^{\prime}, \Psi^{\prime}, A_{\mu}^{\prime}$ описывают одну и ту же физич. ситуацию. Аналогичным образом вводится понятие К. и. для неабелевых калибровочных групп. К. и. в этом случае означает, что уравнения, описываюшие динамику системы, не меняются при переходе от полей $\Psi(x)$, реализуюших нек-рое представление полупростой компактной группы внутренней симметрии $\Omega$ и калибро- вочных полей $A_{\mu}(x)$, реализуюших присоединенное представление алгебры Ли той же группы, к полям $\Psi^{\omega}(x)$, $A_{\mu}^{\omega}(x)$, получающимся из исходных с помощью калибровочного преобразования.

К. и. эквивалентна принципу относительности в зарядовом пространстве, к-рый утверждает, что в зарядовом пространстве не существует выделенного фиксированного базиса, относительно к-рого поля материи представляются в виде набора компонент $\Psi=\left(\Psi_{1}, \ldots, \Psi_{n}\right)$. Такой базис можно локально вводить произвольным образом в каждой точке пространства-времени. Локальное изменение базиса интерпретируется как изменение калибровочного поля, не затрагивающее наблюдаемых физич. величин. Таким образом, наблюдаемым соответствует целый класс калибровочно инвариантных конфигураций.

Чтобы практически работать с классами эквивалентных конфигураций, их надо как-то параметризовать, выбрав однозначных представителей в каждом классе. Обычно это достигается путем наложения на поля дополнительного калибровочного условия.

К. И. является одним из основных принципов построения моделей взаимодействий элементарных частиц (см. Квантовая хромодинамика, Великое объединение взаимодействий). Она практически однозначно фиксирует вид функции Лагранжа, описывающей систему взаимодействующих полей. Важным обобщением К. и. является суперкалибровочная инвариантность (см. Суперсимметрия).

См. также Потенциал.

Лит. см. при ст. Калибровочное поле.

А. А. Славнов.</text_orig>
</article>
