<?xml version="1.0" ?>
<article uri="http://libmeta.ru/fme/article/1082_KALIBROVOChNOE" alphabetic_pos="1084">
  <title>КАЛИБРОВОЧНОЕ ПРЕОБРАЗОВАНИЕ</title>
  <authors>
    <author>А. А. Славнов</author>
  </authors>
  <pages>
    <start>230</start>
    <end>230</end>
  </pages>
  <literature>
    <literature_orig/>
  </literature>
  <formulas_main>
    <formula uri="http://libmeta.ru/fme/formula/main/1082_1_KALIBROVOChNOE">\begin{gathered}\delta A_{\mu}=\partial_{\mu} \alpha-\left[A_{\mu}, \alpha\right]=\nabla_{\mu} \alpha, \\\delta \Psi=\Gamma(\alpha) \Psi,\end{gathered}</formula>
  </formulas_main>
  <formulas_aux>
    <formula uri="http://libmeta.ru/fme/formula/aux/1082_1_KALIBROVOChNOE">\psi(x)</formula>
    <formula uri="http://libmeta.ru/fme/formula/aux/1082_2_KALIBROVOChNOE">x</formula>
    <formula uri="http://libmeta.ru/fme/formula/aux/1082_3_KALIBROVOChNOE">a_{\mu}(x)</formula>
    <formula uri="http://libmeta.ru/fme/formula/aux/1082_4_KALIBROVOChNOE">\psi \rightarrow \Psi^{\omega}, A_{\mu} \rightarrow A_{\mu}^{\omega}</formula>
    <formula uri="http://libmeta.ru/fme/formula/aux/1082_5_KALIBROVOChNOE">\omega(x) \approx 1+\alpha(x), \alpha(x)</formula>
    <formula uri="http://libmeta.ru/fme/formula/aux/1082_6_KALIBROVOChNOE">\omega</formula>
    <formula uri="http://libmeta.ru/fme/formula/aux/1082_7_KALIBROVOChNOE">\gamma(\alpha)-</formula>
    <formula uri="http://libmeta.ru/fme/formula/aux/1082_8_KALIBROVOChNOE">\alpha</formula>
    <formula uri="http://libmeta.ru/fme/formula/aux/1082_9_KALIBROVOChNOE">\omega</formula>
    <formula uri="http://libmeta.ru/fme/formula/aux/1082_10_KALIBROVOChNOE">\psi</formula>
    <formula uri="http://libmeta.ru/fme/formula/aux/1082_11_KALIBROVOChNOE">\nabla_{\mu}</formula>
    <formula uri="http://libmeta.ru/fme/formula/aux/1082_12_KALIBROVOChNOE">\tilde{\omega}=\prod_{x} \Omega(x)</formula>
  </formulas_aux>
  <relations n="2">
    <relation uri="http://libmeta.ru/fme/relation/1082_1_KALIBROVOChNOE">
      <rel_text>Глэшоу-Вайнберга-Салама модель</rel_text>
      <target>http://libmeta.ru/fme/article/662_GLEShOU-VAJNBERGA-SALAMA</target>
    </relation>
    <relation uri="http://libmeta.ru/fme/relation/1082_2_KALIBROVOChNOE">
      <rel_text>группу</rel_text>
      <target>http://libmeta.ru/fme/article/737_GRUPP</target>
    </relation>
  </relations>
  <text>преобразование, описывающее переход к новому базису в зарядовом пространстве полей материи $URI[[http://libmeta.ru/fme/formula/aux/1082_1_KALIBROVOChNOE]]/URI$ в окрестности пространственно-временной точки $URI[[http://libmeta.ru/fme/formula/aux/1082_2_KALIBROVOChNOE]]/URI$ при одновременном компенсирующем преобразовании калибровочного поля $URI[[http://libmeta.ru/fme/formula/aux/1082_3_KALIBROVOChNOE]]/URI$.

Бесконечно малое К. п. $URI[[http://libmeta.ru/fme/formula/aux/1082_4_KALIBROVOChNOE]]/URI$ можно записать в виде:

\[
URI[[http://libmeta.ru/fme/formula/main/1082_1_KALIBROVOChNOE]]/URI
\]

где $URI[[http://libmeta.ru/fme/formula/aux/1082_5_KALIBROVOChNOE]]/URI$ принадлежит алгебре Ли группы $URI[[http://libmeta.ru/fme/formula/aux/1082_6_KALIBROVOChNOE]]/URI$, $URI[[http://libmeta.ru/fme/formula/aux/1082_7_KALIBROVOChNOE]]/URI$ представление матрицы $URI[[http://libmeta.ru/fme/formula/aux/1082_8_KALIBROVOChNOE]]/URI$, соответствующее представлению группы $URI[[http://libmeta.ru/fme/formula/aux/1082_9_KALIBROVOChNOE]]/URI$, реализуемому полями материи $URI[[http://libmeta.ru/fme/formula/aux/1082_10_KALIBROVOChNOE]]/URI$, $URI[[http://libmeta.ru/fme/formula/aux/1082_11_KALIBROVOChNOE]]/URI$ - ковариантная производная.

Множество преобразований (1) образует кал и б р овочную URI[[http://libmeta.ru/fme/relation/1082_2_KALIBROVOChNOE]]/URI, к-рую можно формально обозначить как $URI[[http://libmeta.ru/fme/formula/aux/1082_12_KALIBROVOChNOE]]/URI$.

См. также URI[[http://libmeta.ru/fme/relation/1082_1_KALIBROVOChNOE]]/URI.</text>
  <text_orig>преобразование, описывающее переход к новому базису в зарядовом пространстве полей материи $\Psi(x)$ в окрестности пространственно-временной точки $x$ при одновременном компенсируюшем преобразовании калибровочного поля $A_{\mu}(x)$.

Бесконечно малое К. п. $\Psi \rightarrow \Psi^{\omega}, A_{\mu} \rightarrow A_{\mu}^{\omega}$ можно записать в виде:

\[
\begin{gathered}
\delta A_{\mu}=\partial_{\mu} \alpha-\left[A_{\mu}, \alpha\right]=\nabla_{\mu} \alpha, \\
\delta \Psi=\Gamma(\alpha) \Psi,
\end{gathered}
\]

где $\omega(x) \approx 1+\alpha(x), \alpha(x)$ принадлежит алгебре Ли группы $\Omega$, $\Gamma(\alpha)-$ представление матрицы $\alpha$, соответствующее представлению группы $\Omega$, реализуемому полями материи $\Psi$, $\nabla_{\mu}$ - ковариантная производная.

Множество преобразований (1) образует кал и б р овочную группу, к-рую можно формально обозначить как $\tilde{\Omega}=\prod_{x} \Omega(x)$.

См. также Глэшоу-Вайнберга-Салама модель.

А. А. Славнов.</text_orig>
</article>
