<?xml version="1.0" ?>
<article uri="http://libmeta.ru/fme/article/1083_KALORIChESKOE">
  <title>КАЛОРИЧЕСКОЕ УРАВНЕНИЕ СОСТОЯНИЯ</title>
  <authors/>
  <title_short/>
  <pages>
    <start>230</start>
    <end>230</end>
  </pages>
  <literature>
    <literature_orig/>
  </literature>
  <formulas_main/>
  <formulas_aux/>
  <relations/>
  <text> - cM. Coстояния уравнение.</text>
  <text_orig> - cM. Coстояния уравнение.
</text_orig>
</article>
