<?xml version="1.0" ?>
<article uri="http://libmeta.ru/fme/article/1083_KALLANA-SMMANChIKA">
  <title>КАЛЛАНА-СММАНЧИКА УРАВНЕНИЯ</title>
  <author/>
  <title_short/>
  <pages>
    <start>230</start>
    <end>230</end>
  </pages>
  <literature>
    <literature_orig/>
  </literature>
  <formulas_main/>
  <formulas_aux/>
  <relations/>
  <text> - см. Ренормализационная группа; дифференциальные уравнения.
</text>
  <text_orig> - см. Ренормализационная группа; дифференциальные уравнения.
</text_orig>
</article>
