<?xml version="1.0" ?>
<article uri="http://libmeta.ru/fme/article/1084_KALIBROVOChNYJ">
  <title>КАЛИБРОВОЧНЫЙ ИНСТАНТОН</title>
  <authors/>
  <title_short/>
  <pages>
    <start>230</start>
    <end>230</end>
  </pages>
  <literature>
    <literature_orig/>
  </literature>
  <formulas_main/>
  <formulas_aux/>
  <relations>
    <relation uri="http://libmeta.ru/fme/relation/1084_32_KALIBROVOChNYJ">
      <rel_text>Инстантон</rel_text>
      <self present="true">http://libmeta.ru/fme/article/1022_INSTANTO</self>
    </relation>
  </relations>
  <text>см. URI[[http://libmeta.ru/fme/relation/1084_32_KALIBROVOChNYJ]]/URI.</text>
  <text_orig>см. Инстантон.</text_orig>
</article>
