<?xml version="1.0" ?>
<article uri="http://libmeta.ru/fme/article/1085_KAM-TEORI">
  <title>КАМ-ТЕОРИЯ</title>
  <authors/>
  <title_short/>
  <pages>
    <start>231</start>
    <end>233</end>
  </pages>
  <literature>
    <literature_orig/>
  </literature>
  <formulas_main>
    <formula uri="http://libmeta.ru/fme/formula/main/1085_1_KAM-TEORI">\left|k_{1} \omega_{1}+\ldots+k_{m} \omega_{m}\right| \geqslant x\left(\left|k_{1}\right|+\ldots+\left|k_{m}\right|\right)^{-\tau}</formula>
    <formula uri="http://libmeta.ru/fme/formula/main/1085_2_KAM-TEORI">\dot{I}=-\partial H / \partial \varphi, \dot{\varphi}=\partial H / \partial I</formula>
    <formula uri="http://libmeta.ru/fme/formula/main/1085_3_KAM-TEORI">H(I, \varphi, \varepsilon)=H_{0}(I)+\varepsilon H_{1}(I, \varphi, \varepsilon),</formula>
    <formula uri="http://libmeta.ru/fme/formula/main/1085_4_KAM-TEORI">k_{1} \omega_{1}+\ldots+k_{n} \omega_{n}, k \in \mathbb{Z}^{n}</formula>
  </formulas_main>
  <formulas_aux>
    <formula uri="http://libmeta.ru/fme/formula/aux/1085_1_KAM-TEORI">n</formula>
    <formula uri="http://libmeta.ru/fme/formula/aux/1085_2_KAM-TEORI">m, 1 \leqslant m \leqslant n</formula>
    <formula uri="http://libmeta.ru/fme/formula/aux/1085_3_KAM-TEORI">m</formula>
    <formula uri="http://libmeta.ru/fme/formula/aux/1085_4_KAM-TEORI">m</formula>
    <formula uri="http://libmeta.ru/fme/formula/aux/1085_5_KAM-TEORI">m</formula>
    <formula uri="http://libmeta.ru/fme/formula/aux/1085_6_KAM-TEORI">2 m</formula>
    <formula uri="http://libmeta.ru/fme/formula/aux/1085_7_KAM-TEORI">2 n</formula>
    <formula uri="http://libmeta.ru/fme/formula/aux/1085_8_KAM-TEORI">C^{r}</formula>
    <formula uri="http://libmeta.ru/fme/formula/aux/1085_9_KAM-TEORI">r</formula>
    <formula uri="http://libmeta.ru/fme/formula/aux/1085_10_KAM-TEORI">\mathscr{L}</formula>
    <formula uri="http://libmeta.ru/fme/formula/aux/1085_11_KAM-TEORI">M</formula>
    <formula uri="http://libmeta.ru/fme/formula/aux/1085_12_KAM-TEORI">\mathscr{L}</formula>
    <formula uri="http://libmeta.ru/fme/formula/aux/1085_13_KAM-TEORI">\omega_{1}, \ldots, \omega_{m}</formula>
    <formula uri="http://libmeta.ru/fme/formula/aux/1085_14_KAM-TEORI">(x, \tau)</formula>
    <formula uri="http://libmeta.ru/fme/formula/aux/1085_15_KAM-TEORI">\boldsymbol{k}=\left(k_{1}, \ldots, k_{m}\right) \in \mathbb{Z}^{m} \backslash\{0\}</formula>
    <formula uri="http://libmeta.ru/fme/formula/aux/1085_16_KAM-TEORI">x&gt;0</formula>
    <formula uri="http://libmeta.ru/fme/formula/aux/1085_17_KAM-TEORI">\tau&gt;m-1-</formula>
    <formula uri="http://libmeta.ru/fme/formula/aux/1085_18_KAM-TEORI">\boldsymbol{k}</formula>
    <formula uri="http://libmeta.ru/fme/formula/aux/1085_19_KAM-TEORI">m&lt;n</formula>
    <formula uri="http://libmeta.ru/fme/formula/aux/1085_20_KAM-TEORI">m</formula>
    <formula uri="http://libmeta.ru/fme/formula/aux/1085_21_KAM-TEORI">m</formula>
    <formula uri="http://libmeta.ru/fme/formula/aux/1085_22_KAM-TEORI">2 m</formula>
    <formula uri="http://libmeta.ru/fme/formula/aux/1085_23_KAM-TEORI">\mathfrak{M}</formula>
    <formula uri="http://libmeta.ru/fme/formula/aux/1085_24_KAM-TEORI">\Gamma</formula>
    <formula uri="http://libmeta.ru/fme/formula/aux/1085_25_KAM-TEORI">\mathfrak{A}</formula>
    <formula uri="http://libmeta.ru/fme/formula/aux/1085_26_KAM-TEORI">\Gamma</formula>
    <formula uri="http://libmeta.ru/fme/formula/aux/1085_27_KAM-TEORI">m</formula>
    <formula uri="http://libmeta.ru/fme/formula/aux/1085_28_KAM-TEORI">\Gamma</formula>
    <formula uri="http://libmeta.ru/fme/formula/aux/1085_29_KAM-TEORI">\mathfrak{R}</formula>
    <formula uri="http://libmeta.ru/fme/formula/aux/1085_30_KAM-TEORI">\Gamma^{\prime}</formula>
    <formula uri="http://libmeta.ru/fme/formula/aux/1085_31_KAM-TEORI">\Gamma</formula>
    <formula uri="http://libmeta.ru/fme/formula/aux/1085_32_KAM-TEORI">\mathfrak{\cup}</formula>
    <formula uri="http://libmeta.ru/fme/formula/aux/1085_33_KAM-TEORI">\mathfrak{P}</formula>
    <formula uri="http://libmeta.ru/fme/formula/aux/1085_34_KAM-TEORI">\Gamma</formula>
    <formula uri="http://libmeta.ru/fme/formula/aux/1085_35_KAM-TEORI">n</formula>
    <formula uri="http://libmeta.ru/fme/formula/aux/1085_36_KAM-TEORI">n</formula>
    <formula uri="http://libmeta.ru/fme/formula/aux/1085_37_KAM-TEORI">I=\left(I_{1}, \ldots, I_{n}\right)-</formula>
    <formula uri="http://libmeta.ru/fme/formula/aux/1085_38_KAM-TEORI">D \subset \mathbb{R}^{n}, \varphi=\left(\varphi_{1}, \ldots, \varphi_{n}\right) \in T^{n}=</formula>
    <formula uri="http://libmeta.ru/fme/formula/aux/1085_39_KAM-TEORI">=(\mathbb{R} / 2 \pi \mathbb{Z})^{n}-</formula>
    <formula uri="http://libmeta.ru/fme/formula/aux/1085_40_KAM-TEORI">\varepsilon \in \mathbb{R}-</formula>
    <formula uri="http://libmeta.ru/fme/formula/aux/1085_41_KAM-TEORI">H_{0}(I)</formula>
    <formula uri="http://libmeta.ru/fme/formula/aux/1085_42_KAM-TEORI">D \times T^{n}</formula>
    <formula uri="http://libmeta.ru/fme/formula/aux/1085_43_KAM-TEORI">n</formula>
    <formula uri="http://libmeta.ru/fme/formula/aux/1085_44_KAM-TEORI">\{I=</formula>
    <formula uri="http://libmeta.ru/fme/formula/aux/1085_45_KAM-TEORI">\}</formula>
    <formula uri="http://libmeta.ru/fme/formula/aux/1085_46_KAM-TEORI">\omega(I)=</formula>
    <formula uri="http://libmeta.ru/fme/formula/aux/1085_47_KAM-TEORI">=\partial H_{0}(I) / \partial I</formula>
    <formula uri="http://libmeta.ru/fme/formula/aux/1085_48_KAM-TEORI">H</formula>
    <formula uri="http://libmeta.ru/fme/formula/aux/1085_49_KAM-TEORI">C^{r}, r&gt;2 n</formula>
    <formula uri="http://libmeta.ru/fme/formula/aux/1085_50_KAM-TEORI">I</formula>
    <formula uri="http://libmeta.ru/fme/formula/aux/1085_51_KAM-TEORI">\varphi</formula>
    <formula uri="http://libmeta.ru/fme/formula/aux/1085_52_KAM-TEORI">\|\partial \omega / \partial I\| \neq 0)</formula>
    <formula uri="http://libmeta.ru/fme/formula/aux/1085_53_KAM-TEORI">\operatorname{det}\left\|\begin{array}{cc}\omega / \partial I &amp; \omega \\ \omega &amp; 0\end{array}\right\| \neq 0</formula>
    <formula uri="http://libmeta.ru/fme/formula/aux/1085_54_KAM-TEORI">\varepsilon \neq 0</formula>
    <formula uri="http://libmeta.ru/fme/formula/aux/1085_55_KAM-TEORI">n</formula>
    <formula uri="http://libmeta.ru/fme/formula/aux/1085_56_KAM-TEORI">\varphi</formula>
    <formula uri="http://libmeta.ru/fme/formula/aux/1085_57_KAM-TEORI">M(I)=M(I, \varphi)</formula>
    <formula uri="http://libmeta.ru/fme/formula/aux/1085_58_KAM-TEORI">\varphi</formula>
    <formula uri="http://libmeta.ru/fme/formula/aux/1085_59_KAM-TEORI">(\omega(I)</formula>
    <formula uri="http://libmeta.ru/fme/formula/aux/1085_60_KAM-TEORI">M(I))</formula>
    <formula uri="http://libmeta.ru/fme/formula/aux/1085_61_KAM-TEORI">\boldsymbol{H}</formula>
    <formula uri="http://libmeta.ru/fme/formula/aux/1085_62_KAM-TEORI">m</formula>
    <formula uri="http://libmeta.ru/fme/formula/aux/1085_63_KAM-TEORI">(1965,1968)</formula>
    <formula uri="http://libmeta.ru/fme/formula/aux/1085_64_KAM-TEORI">A:(I, \varphi) \mapsto(I, \varphi+I)</formula>
    <formula uri="http://libmeta.ru/fme/formula/aux/1085_65_KAM-TEORI">I \in \mathbb{R}^{n}</formula>
    <formula uri="http://libmeta.ru/fme/formula/aux/1085_66_KAM-TEORI">\varphi \in T^{n}</formula>
    <formula uri="http://libmeta.ru/fme/formula/aux/1085_67_KAM-TEORI">G:(I, \varphi) \mapsto(I,-\varphi)</formula>
    <formula uri="http://libmeta.ru/fme/formula/aux/1085_68_KAM-TEORI">n</formula>
    <formula uri="http://libmeta.ru/fme/formula/aux/1085_69_KAM-TEORI">\{I=</formula>
    <formula uri="http://libmeta.ru/fme/formula/aux/1085_70_KAM-TEORI">\}</formula>
    <formula uri="http://libmeta.ru/fme/formula/aux/1085_71_KAM-TEORI">\boldsymbol{A}</formula>
    <formula uri="http://libmeta.ru/fme/formula/aux/1085_72_KAM-TEORI">G</formula>
    <formula uri="http://libmeta.ru/fme/formula/aux/1085_73_KAM-TEORI">A^{\prime}</formula>
    <formula uri="http://libmeta.ru/fme/formula/aux/1085_74_KAM-TEORI">G^{\prime}</formula>
    <formula uri="http://libmeta.ru/fme/formula/aux/1085_75_KAM-TEORI">A</formula>
    <formula uri="http://libmeta.ru/fme/formula/aux/1085_76_KAM-TEORI">G</formula>
    <formula uri="http://libmeta.ru/fme/formula/aux/1085_77_KAM-TEORI">A^{\prime} G^{\prime} A^{\prime}=G^{\prime}</formula>
    <formula uri="http://libmeta.ru/fme/formula/aux/1085_78_KAM-TEORI">n</formula>
    <formula uri="http://libmeta.ru/fme/formula/aux/1085_79_KAM-TEORI">A^{\prime}</formula>
    <formula uri="http://libmeta.ru/fme/formula/aux/1085_80_KAM-TEORI">G^{\prime}</formula>
    <formula uri="http://libmeta.ru/fme/formula/aux/1085_81_KAM-TEORI">\{I=</formula>
    <formula uri="http://libmeta.ru/fme/formula/aux/1085_82_KAM-TEORI">\}</formula>
    <formula uri="http://libmeta.ru/fme/formula/aux/1085_83_KAM-TEORI">\left(G^{\prime}\right)^{2}=</formula>
    <formula uri="http://libmeta.ru/fme/formula/aux/1085_84_KAM-TEORI">G^{\prime}</formula>
    <formula uri="http://libmeta.ru/fme/formula/aux/1085_85_KAM-TEORI">\omega</formula>
    <formula uri="http://libmeta.ru/fme/formula/aux/1085_86_KAM-TEORI">\omega_{1}, \ldots, \omega_{n}</formula>
    <formula uri="http://libmeta.ru/fme/formula/aux/1085_87_KAM-TEORI">N</formula>
    <formula uri="http://libmeta.ru/fme/formula/aux/1085_88_KAM-TEORI">\varphi</formula>
    <formula uri="http://libmeta.ru/fme/formula/aux/1085_89_KAM-TEORI">\varepsilon^{2^{N}}(б е з</formula>
    <formula uri="http://libmeta.ru/fme/formula/aux/1085_90_KAM-TEORI">\omega_{1}, \ldots, \omega_{n}</formula>
    <formula uri="http://libmeta.ru/fme/formula/aux/1085_91_KAM-TEORI">C^{333}</formula>
    <formula uri="http://libmeta.ru/fme/formula/aux/1085_92_KAM-TEORI">C^{5}</formula>
    <formula uri="http://libmeta.ru/fme/formula/aux/1085_93_KAM-TEORI">C^{r}, r&gt;3</formula>
    <formula uri="http://libmeta.ru/fme/formula/aux/1085_94_KAM-TEORI">C^{r}, r&gt;2 n</formula>
    <formula uri="http://libmeta.ru/fme/formula/aux/1085_95_KAM-TEORI">C^{r}</formula>
    <formula uri="http://libmeta.ru/fme/formula/aux/1085_96_KAM-TEORI">r&gt;2 n</formula>
    <formula uri="http://libmeta.ru/fme/formula/aux/1085_97_KAM-TEORI">1325-46</formula>
  </formulas_aux>
  <relations/>
  <text>раздел теории возмущений и теории малых колебаний, в котором изучаются условно-периодические движения в гамильтоновых системах и родственных им (главным образом обратимых) системах. Название теории образовано по именам ее авторов - А. Н. Колмогорова, В. И. Арнольда и Ю. Мозера (Т. Moser).

Предмет и основные результаты КАМ-т. Центральным результатом КАМ-т. для гамильтоновых уравнений является следующее утверждение.

Т е о р е ма. Типичная гамильтонова система с $URI[[http://libmeta.ru/fme/formula/aux/1085_1_KAM-TEORI]]/URI$ степенями свободы обладает для каждого $URI[[http://libmeta.ru/fme/formula/aux/1085_2_KAM-TEORI]]/URI$, семейством $URI[[http://libmeta.ru/fme/formula/aux/1085_3_KAM-TEORI]]/URI$-мерных изотропных инвариантных торов, по к-рым происходит условно-периодич. движение с $URI[[http://libmeta.ru/fme/formula/aux/1085_4_KAM-TEORI]]/URI$ сильно несоизмеримыми частотами. Объединение всех $URI[[http://libmeta.ru/fme/formula/aux/1085_5_KAM-TEORI]]/URI$-мерных инвариантных торов имеет положительную $URI[[http://libmeta.ru/fme/formula/aux/1085_6_KAM-TEORI]]/URI$-мерную меру.

Слово «типичная» здесь означает, что в функциональном пространстве всех гамильтоновых уравнений, заданных на фиксированном $URI[[http://libmeta.ru/fme/formula/aux/1085_7_KAM-TEORI]]/URI$-мерном симплектич. многообразии, системы с указанным свойством образуют (в $URI[[http://libmeta.ru/fme/formula/aux/1085_8_KAM-TEORI]]/URI$-топологии для нек-рого достаточно большого $URI[[http://libmeta.ru/fme/formula/aux/1085_9_KAM-TEORI]]/URI$ ) непустое открытое множество.

С л е д с т в и е. Гамильтонова система общего вида на гиперповерхностях уровня гамильтониана не эргодична.

Подмногообразие $URI[[http://libmeta.ru/fme/formula/aux/1085_10_KAM-TEORI]]/URI$ симплектич. многообразия $URI[[http://libmeta.ru/fme/formula/aux/1085_11_KAM-TEORI]]/URI$ называется и з о т р п п ы м, если ограничение на $URI[[http://libmeta.ru/fme/formula/aux/1085_12_KAM-TEORI]]/URI$ симплектич. структуры равно нулю. Числа $URI[[http://libmeta.ru/fme/formula/aux/1085_13_KAM-TEORI]]/URI$ называются с и л ь но несоизмеримыми типа $URI[[http://libmeta.ru/fme/formula/aux/1085_14_KAM-TEORI]]/URI$, если для всех $URI[[http://libmeta.ru/fme/formula/aux/1085_15_KAM-TEORI]]/URI$

\[
URI[[http://libmeta.ru/fme/formula/main/1085_1_KAM-TEORI]]/URI
\]

где $URI[[http://libmeta.ru/fme/formula/aux/1085_16_KAM-TEORI]]/URI$ и $URI[[http://libmeta.ru/fme/formula/aux/1085_17_KAM-TEORI]]/URI$ нек-рые константы, не зависящие от $URI[[http://libmeta.ru/fme/formula/aux/1085_18_KAM-TEORI]]/URI$. Эти константы - одни и те же для частот условно-периодич. движения на всех инвариантных торах из данного семейства.

При $URI[[http://libmeta.ru/fme/formula/aux/1085_19_KAM-TEORI]]/URI$ инвариантные $URI[[http://libmeta.ru/fme/formula/aux/1085_20_KAM-TEORI]]/URI$-мерные торы называются не полномер ным и, или маломе рными.

Аналогичные теоремы справедливы для обратимых уравнений, точных симплектич. диффеоморфизмов и обратимых диффеоморфизмов, а также для неавтономных гамильтоновых или обратимых уравнений с периодическими по времени правыми частями. В обратимом случае свойство изотропности торов заменяется на инвариантность относительно обращающей инволюции.

KAM-т. тесно связана с теорией устойчивости движения и теорией адиабатич. инвариантов.

Глобальый и локальный аспекты КАМ-т. Для доказательства существования большого числа инвариантных торов у типичной гамильтоновой или обратимой системы используются следующие два основных подхода.

Гл о бал ь ны Й по д х о д: возмущение интегрируемых систем. Рассматривается «невозмущенная» интегрируемая (полностью или лишь на нек-ром подмногообразии) система, в фазовом пространстве к-рой инвариантные торы дан- ной размерности $URI[[http://libmeta.ru/fme/formula/aux/1085_21_KAM-TEORI]]/URI$ составляют гладкую $URI[[http://libmeta.ru/fme/formula/aux/1085_22_KAM-TEORI]]/URI$-мерную поверхность. Если эта система удовлетворяет нек-рым известным условиям, то при любом достаточно малом и гладком ее возмущении болышинство инвариантных торов не разрушается, а лишь слегка деформируется. Таким образом, окрестность невозмущенной системы в соответствующем функциональном пространстве доставляет искомый пример открытого множества систем, каждая из к-рых имеет много инвариантных торов.

Л о каль н ы й по д х о д: инвариантные торы около положения равновесия, периодич. решения или неподвижной точки. Рассматривается система $URI[[http://libmeta.ru/fme/formula/aux/1085_23_KAM-TEORI]]/URI$, заданная вблизи критич. элемента $URI[[http://libmeta.ru/fme/formula/aux/1085_24_KAM-TEORI]]/URI$ - положения равновесия (для уравнений), периодич. траектории (для автономных уравнений) или неподвижной точки (для диффеоморфизмов). Если эта система удовлетворяет известным условиям $URI[[http://libmeta.ru/fme/formula/aux/1085_25_KAM-TEORI]]/URI$, то в каждой окрестности элемента $URI[[http://libmeta.ru/fme/formula/aux/1085_26_KAM-TEORI]]/URI$ она обладает большим числом инвариантных $URI[[http://libmeta.ru/fme/formula/aux/1085_27_KAM-TEORI]]/URI$-мерных торов, к-рые при приближении к $URI[[http://libmeta.ru/fme/formula/aux/1085_28_KAM-TEORI]]/URI$ располагаются все гуще. При этом любая система, достаточно близкая к $URI[[http://libmeta.ru/fme/formula/aux/1085_29_KAM-TEORI]]/URI$, имеет критич. элемент $URI[[http://libmeta.ru/fme/formula/aux/1085_30_KAM-TEORI]]/URI$, близкий к $URI[[http://libmeta.ru/fme/formula/aux/1085_31_KAM-TEORI]]/URI$, и также удовлетворяет условиям $URI[[http://libmeta.ru/fme/formula/aux/1085_32_KAM-TEORI]]/URI$. Таким образом, окрестность системы $URI[[http://libmeta.ru/fme/formula/aux/1085_33_KAM-TEORI]]/URI$ в соответствуюшем функциональном пространстве доставляет искомый пример открытого множества систем, каждая из к-рых имеет много инвариантных торов.

При локальном подходе роль невозмущенной системы играет нормальная форма около критич. элемента $URI[[http://libmeta.ru/fme/formula/aux/1085_34_KAM-TEORI]]/URI$, а роль величины возмущения - расстояние до Г.

Почти все КАМ-теоремы можно расклассифицировать по следующим признакам:

a) тип симметрии - гамильтоновость или обратимость;

б) тип динамич. системы - автономные дифференциальные уравнения (то есть векторные поля), диффеоморфизмы или неавтономные периодические по времени уравнения;

в) ситуация, в к-рой доказывается сушествование инвариантных торов, - глобальная или локальная;

г) . размерности фазового пространства, многообразия неподвижных точек обращающей инволюции (в обратимом случае) и инвариантных торов;

д) класс гладкости динамич. системы.

Теорема Колмогорова. Значительная часть исследований в КАМ-т. посвящена изучению инвариантных $URI[[http://libmeta.ru/fme/formula/aux/1085_35_KAM-TEORI]]/URI$-мерных торов гамильтоновых систем с $URI[[http://libmeta.ru/fme/formula/aux/1085_36_KAM-TEORI]]/URI$ степенями свободы, близких к интегрируемым.

Пусть

\[
URI[[http://libmeta.ru/fme/formula/main/1085_2_KAM-TEORI]]/URI
\]

- система с гамильтонианом

\[
URI[[http://libmeta.ru/fme/formula/main/1085_3_KAM-TEORI]]/URI
\]

где $URI[[http://libmeta.ru/fme/formula/aux/1085_37_KAM-TEORI]]/URI$ переменные действия, изменяющиеся в нек-рой (конечной) области $URI[[http://libmeta.ru/fme/formula/aux/1085_38_KAM-TEORI]]/URI$ $URI[[http://libmeta.ru/fme/formula/aux/1085_39_KAM-TEORI]]/URI$ угловые переменные, а $URI[[http://libmeta.ru/fme/formula/aux/1085_40_KAM-TEORI]]/URI$ малый параметр. Невозмущенная система (с гамильтонианом $URI[[http://libmeta.ru/fme/formula/aux/1085_41_KAM-TEORI]]/URI$ ) интегрируема, и ее фазовое пространство $URI[[http://libmeta.ru/fme/formula/aux/1085_42_KAM-TEORI]]/URI$ расслоено на инвариантные $URI[[http://libmeta.ru/fme/formula/aux/1085_43_KAM-TEORI]]/URI$-мерные торы $URI[[http://libmeta.ru/fme/formula/aux/1085_44_KAM-TEORI]]/URI$ const $URI[[http://libmeta.ru/fme/formula/aux/1085_45_KAM-TEORI]]/URI$, движение на к-рых условно-периодично с вектором частот $URI[[http://libmeta.ru/fme/formula/aux/1085_46_KAM-TEORI]]/URI$ $URI[[http://libmeta.ru/fme/formula/aux/1085_47_KAM-TEORI]]/URI$

Теорема 1 (теорема Колмогорова, или основная теорема КА М-т., см. [1]-[6]). Если гамильтониан $URI[[http://libmeta.ru/fme/formula/aux/1085_48_KAM-TEORI]]/URI$ имеет гладкость $URI[[http://libmeta.ru/fme/formula/aux/1085_49_KAM-TEORI]]/URI$, по $URI[[http://libmeta.ru/fme/formula/aux/1085_50_KAM-TEORI]]/URI$ и $URI[[http://libmeta.ru/fme/formula/aux/1085_51_KAM-TEORI]]/URI$, а невозмущенная система невырождена (det $URI[[http://libmeta.ru/fme/formula/aux/1085_52_KAM-TEORI]]/URI$ или изоэнергетически невырождена $URI[[http://libmeta.ru/fme/formula/aux/1085_53_KAM-TEORI]]/URI$, то при достаточно малых $URI[[http://libmeta.ru/fme/formula/aux/1085_54_KAM-TEORI]]/URI$ в фазовом пространстве возмущенной системы содержатся инвариантные $URI[[http://libmeta.ru/fme/formula/aux/1085_55_KAM-TEORI]]/URI$-мерные торы (близкие к инвариантным торам невозмущенной системы), по к-рым происходит условно-периодич. движение с сильно несоизмеримыми частотами. Мера дополнения к объединению этих вариантные подпространства, отвечающие собственным числам в левой полуплоскости и в правой полуплоскости, не зависят от $URI[[http://libmeta.ru/fme/formula/aux/1085_56_KAM-TEORI]]/URI$;

б) матрица $URI[[http://libmeta.ru/fme/formula/aux/1085_57_KAM-TEORI]]/URI$ не зависит от $URI[[http://libmeta.ru/fme/formula/aux/1085_58_KAM-TEORI]]/URI$ и пара $URI[[http://libmeta.ru/fme/formula/aux/1085_59_KAM-TEORI]]/URI$, $URI[[http://libmeta.ru/fme/formula/aux/1085_60_KAM-TEORI]]/URI$ удовлетворяет нек-рым условиям нерезонансности.

Тогда при любом достаточно малом возмущении гамильтониана $URI[[http://libmeta.ru/fme/formula/aux/1085_61_KAM-TEORI]]/URI$ большинство инвариантных торов, составляющих поверхность П, не разрушается, а лишь немного деформируется. По выжившим $URI[[http://libmeta.ru/fme/formula/aux/1085_62_KAM-TEORI]]/URI$-мерным торам происходит условно-периодич. движение с сильно несоизмеримыми частотами.

Эта теорема была доказана в работах Ю. Мозера (см. [8]), Ю. Н. Бибикова (1973), С. Граффа (S. Graff, 1974) и Э. Цендера (E. Zehnder, 1976) пля различных вариантов условия а) и в работах В. К. Мельникова $URI[[http://libmeta.ru/fme/formula/aux/1085_63_KAM-TEORI]]/URI$, Л. Элиассона (L. Eliasson, 1988) и Ю. Пёшеля (см. [10]) для различных вариантов условия б). Этим же авторам принадлежит и локальный аналог теоремы 3 (то есть аналог теоремы 2 для неполномерных торов). (Соответствующая библиография приведена в [10]-[12].) Неполномерные торы в резонансных зонах гамильтоновых систем, близких к вполне интегрируемым, рассмотрены Д. В. Трещевым (см. [12]). Неполномерные торы для систем с вырожденным гамильтонианом построены Б. Либерманом (B. Lieberman, 1972, cM. [11]).

KАМ-теоремы о неполномерных торах в обратимых системах доказаны Ю. Шойрле (Ј. Scheurle, 1979, 1987) и М. Б. Севрюком (см. [11]). И. О. Парасюк построил теорию инвариантных торов в обратимой (1982) или гамильтоновой (1984) системе, размерность к-рых превышает половину размерности фазового пространства (см. [11]).

Получен аналог теоремы 1 для обратимых диффеоморфизмов. Невозмущенный диффеоморфизм $URI[[http://libmeta.ru/fme/formula/aux/1085_64_KAM-TEORI]]/URI$, где $URI[[http://libmeta.ru/fme/formula/aux/1085_65_KAM-TEORI]]/URI$ и $URI[[http://libmeta.ru/fme/formula/aux/1085_66_KAM-TEORI]]/URI$, обратим относительно инволюции $URI[[http://libmeta.ru/fme/formula/aux/1085_67_KAM-TEORI]]/URI$. Все фазовое пространство расслоено на $URI[[http://libmeta.ru/fme/formula/aux/1085_68_KAM-TEORI]]/URI$-мерные торы $URI[[http://libmeta.ru/fme/formula/aux/1085_69_KAM-TEORI]]/URI$ const $URI[[http://libmeta.ru/fme/formula/aux/1085_70_KAM-TEORI]]/URI$, инвариантные относительно $URI[[http://libmeta.ru/fme/formula/aux/1085_71_KAM-TEORI]]/URI$ и $URI[[http://libmeta.ru/fme/formula/aux/1085_72_KAM-TEORI]]/URI$.

Т е о р е ма 4 (М. Б. Севрюк, 1986, [11]). Для любых аналитич. отображений $URI[[http://libmeta.ru/fme/formula/aux/1085_73_KAM-TEORI]]/URI$ и $URI[[http://libmeta.ru/fme/formula/aux/1085_74_KAM-TEORI]]/URI$, достаточно близких к $URI[[http://libmeta.ru/fme/formula/aux/1085_75_KAM-TEORI]]/URI$ и $URI[[http://libmeta.ru/fme/formula/aux/1085_76_KAM-TEORI]]/URI$ соответственно и удовлетворяющих условию обратимости $URI[[http://libmeta.ru/fme/formula/aux/1085_77_KAM-TEORI]]/URI$, фазовое пространство содержит массивное множество $URI[[http://libmeta.ru/fme/formula/aux/1085_78_KAM-TEORI]]/URI$-мерных торов, инвариантных относительно $URI[[http://libmeta.ru/fme/formula/aux/1085_79_KAM-TEORI]]/URI$ и $URI[[http://libmeta.ru/fme/formula/aux/1085_80_KAM-TEORI]]/URI$ и близких к торам $URI[[http://libmeta.ru/fme/formula/aux/1085_81_KAM-TEORI]]/URI$ const $URI[[http://libmeta.ru/fme/formula/aux/1085_82_KAM-TEORI]]/URI$. Kpoме того, $URI[[http://libmeta.ru/fme/formula/aux/1085_83_KAM-TEORI]]/URI$ Identity, то есть $URI[[http://libmeta.ru/fme/formula/aux/1085_84_KAM-TEORI]]/URI$ является инволюцией.

Локальный аналог этой теоремы можно одновременно рассматривать и как аналог теоремы 2 для обратимых диффеоморфизмов.

Методы доказательств и историческая справка. Начало КАМ-т. положила работа А. Н. Колмогорова [1], содержавшая теорему 1 (в несколько иной формулировке). Идея доказательства этой теоремы, предложенная в [1] (см. также [2]), состоит в том, чтобы зафиксировать набор сильно несоизмеримых частот $URI[[http://libmeta.ru/fme/formula/aux/1085_85_KAM-TEORI]]/URI$ и искать инвариантный тор возмущенной системы с частотами $URI[[http://libmeta.ru/fme/formula/aux/1085_86_KAM-TEORI]]/URI$ с помощью быстросходящейся итерационной процедуры, как в методе касательных Ньютона для нахождения корней уравнений. При этой процедуре строится бесконечная последовательность канонич. замен координат, области определения к-рых стягиваются к искомому тору.

Основная трудность при исследовании возмущений условно-периодич. движений связана с появлением в любой вычислительной схеме так наз. малых 3 намен а те л е й - выражений вида

\[
URI[[http://libmeta.ru/fme/formula/main/1085_4_KAM-TEORI]]/URI
\]

на к-рые приходится делить и к-рые часто приводят к расходимости всей процедуры (см. [6]). В методе Колмогорова возмущенный гамильтониан после $URI[[http://libmeta.ru/fme/formula/aux/1085_87_KAM-TEORI]]/URI$-й замены координат зависит от фазы $URI[[http://libmeta.ru/fme/formula/aux/1085_88_KAM-TEORI]]/URI$ только в членах порядка $URI[[http://libmeta.ru/fme/formula/aux/1085_89_KAM-TEORI]]/URI$ учета малых знаменателей), и подобная квадратичная «сверхсходимость» парализует влияние малых знаменателей, если частоты $URI[[http://libmeta.ru/fme/formula/aux/1085_90_KAM-TEORI]]/URI$ сильно несоизмеримы. Доказательство теоремы Колмогорова было впервые подробно проведено В. И. Арнольдом (см. [3]). Он обобщил эту теорему на случай так наз. с об с т в е н н о го в ы рож д е н и я, когда невозмущенный гамильтониан не зависит от нек-рых переменных действия (в [4] собственное вырождение рассмотрено в ситуации, локальной по этим переменным). Доказательство аналога теоремы Колмогорова для точных симплектич. диффеоморфизмов было впервые подробно изложено В. И. Арнольдом и А. Авецом (А. Avez) в 1967 (см. [5]).

Найденный А. Н. Колмогоровым метод борьбы с малыми знаменателями широко используется и в задачах, не связанных с доказательствами существования инвариантных торов (см., напр., [9]).

В работах А. Н. Колмогорова и В. И. Арнольда невозмущенная и возмущенная системы предполагались аналитическими. На возмущения конечной гладкости теорию распространил Ю. Мозер, к-рый предложил на каждом шаге итерации применять процедуру сглаживания, восходящую к Дж. Нэшу (J. Nash). Ю. Мозер [7] доказал теорему об инвариантных кривых, сохраняющих площадь отображений двумерного кольца, в предположении, что возмущенный диффеоморфизм имеет гладкость $URI[[http://libmeta.ru/fme/formula/aux/1085_91_KAM-TEORI]]/URI$. Впоследствии X. Рюссман (H. Rüssmann, 1970, см. [6], [9]) в этой же ситуации понизил требуемую гладкость до $URI[[http://libmeta.ru/fme/formula/aux/1085_92_KAM-TEORI]]/URI$ (фактически здесь достаточна гладкость $URI[[http://libmeta.ru/fme/formula/aux/1085_93_KAM-TEORI]]/URI$, см. [9]). Ю. Пешель (1980, см. [6]) показал, что в теореме Колмогорова для возмущенного гамильтониана достаточно иметь гладкость $URI[[http://libmeta.ru/fme/formula/aux/1085_94_KAM-TEORI]]/URI$. Д. Саламон (1986, препринт) заметил, что невозмущенный гамильтониан также может быть не аналитическим, а лишь $URI[[http://libmeta.ru/fme/formula/aux/1085_95_KAM-TEORI]]/URI$-гладким, $URI[[http://libmeta.ru/fme/formula/aux/1085_96_KAM-TEORI]]/URI$.

Разработано несколько весьма различных методов доказательства КАМ-теорем. Нек-рые из этих методов, основанные, напр., на достаточно общих теоремах о неявной функции (Э. Цендер, 1976, см. [10]-[12]) или на лагранжевом формализме (Д. Саламон и Э. Цендер, 1989, см. [10]) обходятся без бесконечной последовательности замен координат или существенно упрощают построение последней.

КАМ-теоремы для обратимых систем были впервые получены в 1967 Ю. Мозером (см. [8]), Ю. Н. Бибиковым и В. А. Плиссом (см. [11]). Обратимая КАМ-т. почти параллельна гамильтоновой (см. [9], [11]).

Последние достижения в КАМ-т. связаны, во-первых, с вариационным принципом Персиваля (I. C. Percival, 1979) для колмогоровских торов, обратными КАМ-теоремами (об отсутствии инвариантных торов при нек-рых условиях) и теорией так наз. кантороторов Обри-Мэзера (S. Aubry, J. N. Mather, 1982, 1983, см. [6]), а во-вторых,- с теоремами типа КАМ для бесконечномерных гамильтоновых систем, полученными С. Б. Куксиным (1987, 1988, см. [11]) и Ю. Пешелем (см. [10]).

Лum.: [1] Кол м о г о р о в А. Н., “Доклады АН СССР», 1954, т. 98, № 4, с. 527-30; [2] е го же, в кн.: Международный математический конгресс в Амстердаме, 1954, М., 1961, с. 187-208; [3] А рн о л ь д В. И., «Успехи математич. наук», 1963, т. 18, в. 5, с. 13-40; [4] е го же, там же, 1963, т. 18, в. 6, с. 91-192; [5] е го же, Математические методы классической механики, 3 изд., М., 1989; [6] Арнольд В. И., Козлов В. В., Нейштадт А. И., в Кн.: Итоги науки и техники. Современные проблемы математики. Фундаментальные направления, т. 3, Динамические системы-3, М., 1985, с. 5-304; [7] М о з е ю Ю., «Математика», 1962, т. 6, № 5, с. 51-67 (пер. с англ., оригинал 1962); [8] е го же, «Успехи математич. наук», 1969, т. 24, в. 2, с. 165-211 (англ. оригинал 1967); [9] е го же, «Ann. Math. Stud.», v. 77, Princeton, 1973; [10] P osch e l J., «Math. Z.», 1989, Bd 202, Н. 4, p. 559-608; [11] Се в рюк М. Б., в кн.: Труды семинара имени И. Г. Петровского, в. 14, М., 1989, с. 109-24; [12] Т р е ё в Д. В., «Математич. сб.», 1989, т. 180, № 10 c. $URI[[http://libmeta.ru/fme/formula/aux/1085_97_KAM-TEORI]]/URI$.</text>
  <text_orig>раздел теории возмущений и теории малых колебаний, в котором изучаются условно-периодические движения в гамильтоновых системах и родственных им (главным образом обратимых) системах. Название теории образовано по именам ее авторов - А. Н. Колмогорова, В. И. Арнольда и Ю. Мозера (Т. Moser).

Предмет и основные результаты КАМ-т. Центральным результатом КАМ-т. для гамильтоновых уравнений является следующее утверждение.

Т е о р е ма. Типичная гамильтонова система с $n$ степенями свободы обладает для каждого $m, 1 \leqslant m \leqslant n$, семейством $m$-мерных изотропных инвариантных торов, по к-рым происходит условно-периодич. движение с $m$ сильно несоизмеримыми частотами. Объединение всех $m$-мерных инвариантных торов имеет положительную $2 m$-мерную меру.

Слово «типичная» здесь означает, что в функциональном пространстве всех гамильтоновых уравнений, заданных на фиксированном $2 n$-мерном симплектич. многообразии, системы с указанным свойством образуют (в $C^{r}$-топологии для нек-рого достаточно большого $r$ ) непустое открытое множество.

С л е д с т в и е. Гамильтонова система общего вида на гиперповерхностях уровня гамильтониана не эргодична.

Подмногообразие $\mathscr{L}$ симплектич. многообразия $M$ называется и з о т р п п ы м, если ограничение на $\mathscr{L}$ симплектич. структуры равно нулю. Числа $\omega_{1}, \ldots, \omega_{m}$ называются с и л ь но несоизмеримыми типа $(x, \tau)$, если для всех $\boldsymbol{k}=\left(k_{1}, \ldots, k_{m}\right) \in \mathbb{Z}^{m} \backslash\{0\}$

\[
\left|k_{1} \omega_{1}+\ldots+k_{m} \omega_{m}\right| \geqslant x\left(\left|k_{1}\right|+\ldots+\left|k_{m}\right|\right)^{-\tau}
\]

где $x&gt;0$ и $\tau&gt;m-1-$ нек-рые константы, не зависящие от $\boldsymbol{k}$. Эти константы - одни и те же для частот условно-периодич. движения на всех инвариантных торах из данного семейства.

При $m&lt;n$ инвариантные $m$-мерные торы называются не полномер ным и, или маломе рными.

Аналогичные теоремы справедливы для обратимых уравнений, точных симплектич. диффеоморфизмов и обратимых диффеоморфизмов, а также для неавтономных гамильтоновых или обратимых уравнений с периодическими по времени правыми частями. В обратимом случае свойство изотропности торов заменяется на инвариантность относительно обращающей инволюции.

KAM-т. тесно связана с теорией устойчивости движения и теорией адиабатич. инвариантов.

Глобальый и локальный аспекты КАМ-т. Для доказательства существования большого числа инвариантных торов у типичной гамильтоновой или обратимой системы используются следующие два основных подхода.

Гл о бал ь ны Й по д х о д: возмущение интегрируемых систем. Рассматривается «невозмущенная» интегрируемая (полностью или лишь на нек-ром подмногообразии) система, в фазовом пространстве к-рой инвариантные торы дан- ной размерности $m$ составляют гладкую $2 m$-мерную поверхность. Если эта система удовлетворяет нек-рым известным условиям, то при любом достаточно малом и гладком ее возмущении болышинство инвариантных торов не разрушается, а лишь слегка деформируется. Таким образом, окрестность невозмущенной системы в соответствующем функциональном пространстве доставляет искомый пример открытого множества систем, каждая из к-рых имеет много инвариантных торов.

Л о каль н ы й по д х о д: инвариантные торы около положения равновесия, периодич. решения или неподвижной точки. Рассматривается система $\mathfrak{M}$, заданная вблизи критич. элемента $\Gamma$ - положения равновесия (для уравнений), периодич. траектории (для автономных уравнений) или неподвижной точки (для диффеоморфизмов). Если эта система удовлетворяет известным условиям $\mathfrak{A}$, то в каждой окрестности элемента $\Gamma$ она обладает большим числом инвариантных $m$-мерных торов, к-рые при приближении к $\Gamma$ располагаются все гуще. При этом любая система, достаточно близкая к $\mathfrak{R}$, имеет критич. элемент $\Gamma^{\prime}$, близкий к $\Gamma$, и также удовлетворяет условиям $\mathfrak{\cup}$. Таким образом, окрестность системы $\mathfrak{P}$ в соответствуюшем функциональном пространстве доставляет искомый пример открытого множества систем, каждая из к-рых имеет много инвариантных торов.

При локальном подходе роль невозмущенной системы играет нормальная форма около критич. элемента $\Gamma$, а роль величины возмущения - расстояние до Г.

Почти все КАМ-теоремы можно расклассифицировать по следующим признакам:

a) тип симметрии - гамильтоновость или обратимость;

б) тип динамич. системы - автономные дифференциальные уравнения (то есть векторные поля), диффеоморфизмы или неавтономные периодические по времени уравнения;

в) ситуация, в к-рой доказывается сушествование инвариантных торов, - глобальная или локальная;

г) . размерности фазового пространства, многообразия неподвижных точек обращающей инволюции (в обратимом случае) и инвариантных торов;

д) класс гладкости динамич. системы.

Теорема Колмогорова. Значительная часть исследований в КАМ-т. посвящена изучению инвариантных $n$-мерных торов гамильтоновых систем с $n$ степенями свободы, близких к интегрируемым.

Пусть

\[
\dot{I}=-\partial H / \partial \varphi, \dot{\varphi}=\partial H / \partial I
\]

- система с гамильтонианом

\[
H(I, \varphi, \varepsilon)=H_{0}(I)+\varepsilon H_{1}(I, \varphi, \varepsilon),
\]

где $I=\left(I_{1}, \ldots, I_{n}\right)-$ переменные действия, изменяющиеся в нек-рой (конечной) области $D \subset \mathbb{R}^{n}, \varphi=\left(\varphi_{1}, \ldots, \varphi_{n}\right) \in T^{n}=$ $=(\mathbb{R} / 2 \pi \mathbb{Z})^{n}-$ угловые переменные, а $\varepsilon \in \mathbb{R}-$ малый параметр. Невозмущенная система (с гамильтонианом $H_{0}(I)$ ) интегрируема, и ее фазовое пространство $D \times T^{n}$ расслоено на инвариантные $n$-мерные торы $\{I=$ const $\}$, движение на к-рых условно-периодично с вектором частот $\omega(I)=$ $=\partial H_{0}(I) / \partial I$

Теорема 1 (теорема Колмогорова, или основная теорема КА М-т., см. [1]-[6]). Если гамильтониан $H$ имеет гладкость $C^{r}, r&gt;2 n$, по $I$ и $\varphi$, а невозмущенная система невырождена (det $\|\partial \omega / \partial I\| \neq 0)$ или изоэнергетически невырождена $\operatorname{det}\left\|\begin{array}{cc}\omega / \partial I &amp; \omega \\ \omega &amp; 0\end{array}\right\| \neq 0$, то при достаточно малых $\varepsilon \neq 0$ в фазовом пространстве возмущенной системы содержатся инвариантные $n$-мерные торы (близкие к инвариантным торам невозмущенной системы), по к-рым происходит условно-периодич. движение с сильно несоизмеримыми частотами. Мера дополнения к объединению этих вариантные подпространства, отвечающие собственным числам в левой полуплоскости и в правой полуплоскости, не зависят от $\varphi$;

б) матрица $M(I)=M(I, \varphi)$ не зависит от $\varphi$ и пара $(\omega(I)$, $M(I))$ удовлетворяет нек-рым условиям нерезонансности.

Тогда при любом достаточно малом возмущении гамильтониана $\boldsymbol{H}$ большинство инвариантных торов, составляющих поверхность П, не разрушается, а лишь немного деформируется. По выжившим $m$-мерным торам происходит условно-периодич. движение с сильно несоизмеримыми частотами.

Эта теорема была доказана в работах Ю. Мозера (см. [8]), Ю. Н. Бибикова (1973), С. Граффа (S. Graff, 1974) и Э. Цендера (E. Zehnder, 1976) пля различных вариантов условия а) и в работах В. К. Мельникова $(1965,1968)$, Л. Элиассона (L. Eliasson, 1988) и Ю. Пёшеля (см. [10]) для различных вариантов условия б). Этим же авторам принадлежит и локальный аналог теоремы 3 (то есть аналог теоремы 2 для неполномерных торов). (Соответствующая библиография приведена в [10]-[12].) Неполномерные торы в резонансных зонах гамильтоновых систем, близких к вполне интегрируемым, рассмотрены Д. В. Трещевым (см. [12]). Неполномерные торы для систем с вырожденным гамильтонианом построены Б. Либерманом (B. Lieberman, 1972, cM. [11]).

KАМ-теоремы о неполномерных торах в обратимых системах доказаны Ю. Шойрле (Ј. Scheurle, 1979, 1987) и М. Б. Севрюком (см. [11]). И. О. Парасюк построил теорию инвариантных торов в обратимой (1982) или гамильтоновой (1984) системе, размерность к-рых превышает половину размерности фазового пространства (см. [11]).

Получен аналог теоремы 1 для обратимых диффеоморфизмов. Невозмущенный диффеоморфизм $A:(I, \varphi) \mapsto(I, \varphi+I)$, где $I \in \mathbb{R}^{n}$ и $\varphi \in T^{n}$, обратим относительно инволюции $G:(I, \varphi) \mapsto(I,-\varphi)$. Все фазовое пространство расслоено на $n$-мерные торы $\{I=$ const $\}$, инвариантные относительно $\boldsymbol{A}$ и $G$.

Т е о р е ма 4 (М. Б. Севрюк, 1986, [11]). Для любых аналитич. отображений $A^{\prime}$ и $G^{\prime}$, достаточно близких к $A$ и $G$ соответственно и удовлетворяющих условию обратимости $A^{\prime} G^{\prime} A^{\prime}=G^{\prime}$, фазовое пространство содержит массивное множество $n$-мерных торов, инвариантных относительно $A^{\prime}$ и $G^{\prime}$ и близких к торам $\{I=$ const $\}$. Kpoме того, $\left(G^{\prime}\right)^{2}=$ Identity, то есть $G^{\prime}$ является инволюцией.

Локальный аналог этой теоремы можно одновременно рассматривать и как аналог теоремы 2 для обратимых диффеоморфизмов.

Методы доказательств и историческая справка. Начало КАМ-т. положила работа А. Н. Колмогорова [1], содержавшая теорему 1 (в несколько иной формулировке). Идея доказательства этой теоремы, предложенная в [1] (см. также [2]), состоит в том, чтобы зафиксировать набор сильно несоизмеримых частот $\omega$ и искать инвариантный тор возмущенной системы с частотами $\omega_{1}, \ldots, \omega_{n}$ с помощью быстросходящейся итерационной процедуры, как в методе касательных Ньютона для нахождения корней уравнений. При этой процедуре строится бесконечная последовательность канонич. замен координат, области определения к-рых стягиваются к искомому тору.

Основная трудность при исследовании возмущений условно-периодич. движений связана с появлением в любой вычислительной схеме так наз. малых 3 намен а те л е й - выражений вида

\[
k_{1} \omega_{1}+\ldots+k_{n} \omega_{n}, k \in \mathbb{Z}^{n}
\]

на к-рые приходится делить и к-рые часто приводят к расходимости всей процедуры (см. [6]). В методе Колмогорова возмущенный гамильтониан после $N$-й замены координат зависит от фазы $\varphi$ только в членах порядка $\varepsilon^{2^{N}}(б е з$ учета малых знаменателей), и подобная квадратичная «сверхсходимость» парализует влияние малых знаменателей, если частоты $\omega_{1}, \ldots, \omega_{n}$ сильно несоизмеримы. Доказательство теоремы Колмогорова было впервые подробно проведено В. И. Арнольдом (см. [3]). Он обобщил эту теорему на случай так наз. с об с т в е н н о го в ы рож д е н и я, когда невозмущенный гамильтониан не зависит от нек-рых переменных действия (в [4] собственное вырождение рассмотрено в ситуации, локальной по этим переменным). Доказательство аналога теоремы Колмогорова для точных симплектич. диффеоморфизмов было впервые подробно изложено В. И. Арнольдом и А. Авецом (А. Avez) в 1967 (см. [5]).

Найденный А. Н. Колмогоровым метод борьбы с малыми знаменателями широко используется и в задачах, не связанных с доказательствами существования инвариантных торов (см., напр., [9]).

В работах А. Н. Колмогорова и В. И. Арнольда невозмущенная и возмущенная системы предполагались аналитическими. На возмущения конечной гладкости теорию распространил Ю. Мозер, к-рый предложил на каждом шаге итерации применять процедуру сглаживания, восходящую к Дж. Нэшу (J. Nash). Ю. Мозер [7] доказал теорему об инвариантных кривых, сохраняющих площадь отображений двумерного кольца, в предположении, что возмущенный диффеоморфизм имеет гладкость $C^{333}$. Впоследствии X. Рюссман (H. Rüssmann, 1970, см. [6], [9]) в этой же ситуации понизил требуемую гладкость до $C^{5}$ (фактически здесь достаточна гладкость $C^{r}, r&gt;3$, см. [9]). Ю. Пешель (1980, см. [6]) показал, что в теореме Колмогорова для возмущенного гамильтониана достаточно иметь гладкость $C^{r}, r&gt;2 n$. Д. Саламон (1986, препринт) заметил, что невозмущенный гамильтониан также может быть не аналитическим, а лишь $C^{r}$-гладким, $r&gt;2 n$.

Разработано несколько весьма различных методов доказательства КАМ-теорем. Нек-рые из этих методов, основанные, напр., на достаточно общих теоремах о неявной функции (Э. Цендер, 1976, см. [10]-[12]) или на лагранжевом формализме (Д. Саламон и Э. Цендер, 1989, см. [10]) обходятся без бесконечной последовательности замен координат или существенно упрощают построение последней.

КАМ-теоремы для обратимых систем были впервые получены в 1967 Ю. Мозером (см. [8]), Ю. Н. Бибиковым и В. А. Плиссом (см. [11]). Обратимая КАМ-т. почти параллельна гамильтоновой (см. [9], [11]).

Последние достижения в КАМ-т. связаны, во-первых, с вариационным принципом Персиваля (I. C. Percival, 1979) для колмогоровских торов, обратными КАМ-теоремами (об отсутствии инвариантных торов при нек-рых условиях) и теорией так наз. кантороторов Обри-Мэзера (S. Aubry, J. N. Mather, 1982, 1983, см. [6]), а во-вторых,- с теоремами типа КАМ для бесконечномерных гамильтоновых систем, полученными С. Б. Куксиным (1987, 1988, см. [11]) и Ю. Пешелем (см. [10]).

Лum.: [1] Кол м о г о р о в А. Н., “Доклады АН СССР», 1954, т. 98, № 4, с. 527-30; [2] е го же, в кн.: Международный математический конгресс в Амстердаме, 1954, М., 1961, с. 187-208; [3] А рн о л ь д В. И., «Успехи математич. наук», 1963, т. 18, в. 5, с. 13-40; [4] е го же, там же, 1963, т. 18, в. 6, с. 91-192; [5] е го же, Математические методы классической механики, 3 изд., М., 1989; [6] Арнольд В. И., Козлов В. В., Нейштадт А. И., в Кн.: Итоги науки и техники. Современные проблемы математики. Фундаментальные направления, т. 3, Динамические системы-3, М., 1985, с. 5-304; [7] М о з е ю Ю., «Математика», 1962, т. 6, № 5, с. 51-67 (пер. с англ., оригинал 1962); [8] е го же, «Успехи математич. наук», 1969, т. 24, в. 2, с. 165-211 (англ. оригинал 1967); [9] е го же, «Ann. Math. Stud.», v. 77, Princeton, 1973; [10] P osch e l J., «Math. Z.», 1989, Bd 202, Н. 4, p. 559-608; [11] Се в рюк М. Б., в кн.: Труды семинара имени И. Г. Петровского, в. 14, М., 1989, с. 109-24; [12] Т р е ё в Д. В., «Математич. сб.», 1989, т. 180, № 10 c. $1325-46$.</text_orig>
</article>
