<?xml version="1.0" ?>
<article uri="http://libmeta.ru/fme/article/1087_KANONIChESKAJa">
  <title>КАНОНИЧЕСКАЯ НАБЛЮДАЕМАЯ</title>
  <author/>
  <title_short/>
  <pages>
    <start>233</start>
    <end>234</end>
  </pages>
  <literature>
    <literature_orig/>
  </literature>
  <formulas_main>
    <formula uri="http://libmeta.ru/fme/formula/main/1087_1_KANONIChESKAJa">e^{-i x Y} \mathscr{M}(B+x) e^{i x Y}=\mathscr{M}(\boldsymbol{B}) ; x \in \mathfrak{X}, B \in \mathscr{B}(\mathfrak{X})</formula>
    <formula uri="http://libmeta.ru/fme/formula/main/1087_2_KANONIChESKAJa">X=\frac{m}{2}\left(P^{-1} Q+Q P^{-1}\right) .</formula>
    <formula uri="http://libmeta.ru/fme/formula/main/1087_3_KANONIChESKAJa">\Delta_{y}(. u) D(Y) \geqslant \frac{1}{4} ; \quad y \in \hat{\boldsymbol{X}} \backslash 0,</formula>
    <formula uri="http://libmeta.ru/fme/formula/main/1087_4_KANONIChESKAJa">\Delta_{y}(u)=y^{-2}\left[\left|\int_{\mathfrak{X}} e^{i x y_{\mu}}(d x)\right|^{-2}-1\right],</formula>
    <formula uri="http://libmeta.ru/fme/formula/main/1087_5_KANONIChESKAJa">V_{x} U_{y}=\exp i(x, y) U_{y} V_{x} ; x \in \mathfrak{X}, y \in \hat{\boldsymbol{x}}</formula>
    <formula uri="http://libmeta.ru/fme/formula/main/1087_6_KANONIChESKAJa">V_{x}=\exp i \sum_{j=1}^{n} x_{j} P_{j}, \quad U_{y}=\exp i \sum_{j=1}^{n} y_{j} Q_{j},</formula>
  </formulas_main>
  <formulas_aux>
    <formula uri="http://libmeta.ru/fme/formula/aux/1087_1_KANONIChESKAJa">\boldsymbol{Q}_{\boldsymbol{j}}, \boldsymbol{P}_{\boldsymbol{j}}</formula>
    <formula uri="http://libmeta.ru/fme/formula/aux/1087_2_KANONIChESKAJa">j=1, \ldots, n</formula>
    <formula uri="http://libmeta.ru/fme/formula/aux/1087_3_KANONIChESKAJa">Q_{j}, P_{j}</formula>
    <formula uri="http://libmeta.ru/fme/formula/aux/1087_4_KANONIChESKAJa">\mathbb{R}</formula>
    <formula uri="http://libmeta.ru/fme/formula/aux/1087_5_KANONIChESKAJa">X, Y</formula>
    <formula uri="http://libmeta.ru/fme/formula/aux/1087_6_KANONIChESKAJa">\mathfrak{X}</formula>
    <formula uri="http://libmeta.ru/fme/formula/aux/1087_7_KANONIChESKAJa">\boldsymbol{\mu}(\cdot)-</formula>
    <formula uri="http://libmeta.ru/fme/formula/aux/1087_8_KANONIChESKAJa">X</formula>
    <formula uri="http://libmeta.ru/fme/formula/aux/1087_9_KANONIChESKAJa">Y=P^{2} / 2 m</formula>
    <formula uri="http://libmeta.ru/fme/formula/aux/1087_10_KANONIChESKAJa">\mathfrak{x}</formula>
    <formula uri="http://libmeta.ru/fme/formula/aux/1087_11_KANONIChESKAJa">\mathbb{R}</formula>
    <formula uri="http://libmeta.ru/fme/formula/aux/1087_12_KANONIChESKAJa">\mathbb{1}</formula>
    <formula uri="http://libmeta.ru/fme/formula/aux/1087_13_KANONIChESKAJa">Y</formula>
    <formula uri="http://libmeta.ru/fme/formula/aux/1087_14_KANONIChESKAJa">\hat{\boldsymbol{x}}</formula>
    <formula uri="http://libmeta.ru/fme/formula/aux/1087_15_KANONIChESKAJa">\mathbb{R}</formula>
    <formula uri="http://libmeta.ru/fme/formula/aux/1087_16_KANONIChESKAJa">\mathbb{Z})</formula>
    <formula uri="http://libmeta.ru/fme/formula/aux/1087_17_KANONIChESKAJa">x \rightarrow V_{x}=\exp (i x Y)</formula>
    <formula uri="http://libmeta.ru/fme/formula/aux/1087_18_KANONIChESKAJa">\boldsymbol{x}</formula>
    <formula uri="http://libmeta.ru/fme/formula/aux/1087_19_KANONIChESKAJa">\boldsymbol{\mu}(\cdot)</formula>
    <formula uri="http://libmeta.ru/fme/formula/aux/1087_20_KANONIChESKAJa">\boldsymbol{X}</formula>
    <formula uri="http://libmeta.ru/fme/formula/aux/1087_21_KANONIChESKAJa">\left(V_{(\cdot)}\right.</formula>
    <formula uri="http://libmeta.ru/fme/formula/aux/1087_22_KANONIChESKAJa">\boldsymbol{X}=\mathbb{T}</formula>
    <formula uri="http://libmeta.ru/fme/formula/aux/1087_23_KANONIChESKAJa">\boldsymbol{X}=\mathbb{R}</formula>
    <formula uri="http://libmeta.ru/fme/formula/aux/1087_24_KANONIChESKAJa">Y</formula>
    <formula uri="http://libmeta.ru/fme/formula/aux/1087_25_KANONIChESKAJa">\left(V_{x}, U_{y}\right)</formula>
    <formula uri="http://libmeta.ru/fme/formula/aux/1087_26_KANONIChESKAJa">U_{y}=\int_{\mathfrak{x}} e^{i x y} \mathscr{\mu}(d x)</formula>
    <formula uri="http://libmeta.ru/fme/formula/aux/1087_27_KANONIChESKAJa">U_{y}</formula>
    <formula uri="http://libmeta.ru/fme/formula/aux/1087_28_KANONIChESKAJa">\left(V_{(\cdot)}, \mathscr{\mu}(\cdot)\right)</formula>
    <formula uri="http://libmeta.ru/fme/formula/aux/1087_29_KANONIChESKAJa">D(Y)</formula>
    <formula uri="http://libmeta.ru/fme/formula/aux/1087_30_KANONIChESKAJa">Y</formula>
    <formula uri="http://libmeta.ru/fme/formula/aux/1087_31_KANONIChESKAJa">\rho</formula>
    <formula uri="http://libmeta.ru/fme/formula/aux/1087_32_KANONIChESKAJa">\mu(\cdot)=\operatorname{Tr}_{\rho} \mu(\cdot)-</formula>
    <formula uri="http://libmeta.ru/fme/formula/aux/1087_33_KANONIChESKAJa">\mathfrak{X}=\mathbb{R}</formula>
    <formula uri="http://libmeta.ru/fme/formula/aux/1087_34_KANONIChESKAJa">\boldsymbol{y} \rightarrow 0</formula>
    <formula uri="http://libmeta.ru/fme/formula/aux/1087_35_KANONIChESKAJa">\Delta_{y}(\mathscr{\mu})</formula>
    <formula uri="http://libmeta.ru/fme/formula/aux/1087_36_KANONIChESKAJa">n</formula>
    <formula uri="http://libmeta.ru/fme/formula/aux/1087_37_KANONIChESKAJa">\Gamma</formula>
    <formula uri="http://libmeta.ru/fme/formula/aux/1087_38_KANONIChESKAJa">\left[Q_{j}, Q_{k}\right]=0,\left[P_{j}, P_{k}\right]=0,\left[Q_{j}, P_{k}\right]=i \hbar \delta_{j k} I ; j, k=1, \ldots, n,(1)</formula>
    <formula uri="http://libmeta.ru/fme/formula/aux/1087_39_KANONIChESKAJa">Q_{j}-</formula>
    <formula uri="http://libmeta.ru/fme/formula/aux/1087_40_KANONIChESKAJa">P_{j}-</formula>
    <formula uri="http://libmeta.ru/fme/formula/aux/1087_41_KANONIChESKAJa">I</formula>
    <formula uri="http://libmeta.ru/fme/formula/aux/1087_42_KANONIChESKAJa">[X, Y]-\kappa о м-</formula>
    <formula uri="http://libmeta.ru/fme/formula/aux/1087_43_KANONIChESKAJa">X, Y</formula>
    <formula uri="http://libmeta.ru/fme/formula/aux/1087_44_KANONIChESKAJa">H</formula>
    <formula uri="http://libmeta.ru/fme/formula/aux/1087_45_KANONIChESKAJa">\boldsymbol{x}=\hat{\mathfrak{x}}=\mathbb{R}^{n},(x, y)=\sum_{j=1}^{n} x_{j} y_{j}</formula>
    <formula uri="http://libmeta.ru/fme/formula/aux/1087_46_KANONIChESKAJa">x \rightarrow V_{x}, y \rightarrow U_{y}-</formula>
    <formula uri="http://libmeta.ru/fme/formula/aux/1087_47_KANONIChESKAJa">\mathbb{R}^{n}</formula>
    <formula uri="http://libmeta.ru/fme/formula/aux/1087_48_KANONIChESKAJa">Н</formula>
    <formula uri="http://libmeta.ru/fme/formula/aux/1087_49_KANONIChESKAJa">x=\left(x_{1}, \ldots, x_{n}\right), y=\left(y_{1}, \ldots, y_{n}\right)</formula>
    <formula uri="http://libmeta.ru/fme/formula/aux/1087_50_KANONIChESKAJa">P_{j}, Q_{j}</formula>
    <formula uri="http://libmeta.ru/fme/formula/aux/1087_51_KANONIChESKAJa">\hbar=1</formula>
    <formula uri="http://libmeta.ru/fme/formula/aux/1087_52_KANONIChESKAJa">(n=3)</formula>
    <formula uri="http://libmeta.ru/fme/formula/aux/1087_53_KANONIChESKAJa">V_{x}</formula>
    <formula uri="http://libmeta.ru/fme/formula/aux/1087_54_KANONIChESKAJa">U_{y}</formula>
    <formula uri="http://libmeta.ru/fme/formula/aux/1087_55_KANONIChESKAJa">\hat{\boldsymbol{x}}</formula>
    <formula uri="http://libmeta.ru/fme/formula/aux/1087_56_KANONIChESKAJa">\exp i(x, y)</formula>
    <formula uri="http://libmeta.ru/fme/formula/aux/1087_57_KANONIChESKAJa">y \in \hat{\mathfrak{X}}</formula>
    <formula uri="http://libmeta.ru/fme/formula/aux/1087_58_KANONIChESKAJa">x \in \mathfrak{X}</formula>
    <formula uri="http://libmeta.ru/fme/formula/aux/1087_59_KANONIChESKAJa">\mathfrak{X}=\hat{\mathfrak{X}}</formula>
    <formula uri="http://libmeta.ru/fme/formula/aux/1087_60_KANONIChESKAJa">(V, U)</formula>
    <formula uri="http://libmeta.ru/fme/formula/aux/1087_61_KANONIChESKAJa">n</formula>
    <formula uri="http://libmeta.ru/fme/formula/aux/1087_62_KANONIChESKAJa">Q_{j}</formula>
    <formula uri="http://libmeta.ru/fme/formula/aux/1087_63_KANONIChESKAJa">P_{j}</formula>
    <formula uri="http://libmeta.ru/fme/formula/aux/1087_64_KANONIChESKAJa">Q_{j}-i P_{j}</formula>
    <formula uri="http://libmeta.ru/fme/formula/aux/1087_65_KANONIChESKAJa">\boldsymbol{X}</formula>
  </formulas_aux>
  <relations/>
  <text> - см. Канонические коммутационные соотношения. KАНОНИЧЕСКАЯ ПРОЕКНИЯ - см. Проективное пространство.

КАНОНИЧЕСКАЯ РАЗМЕРНОСТЬ - см. Аномальная размерность.

КАНОНИЧЕСКАЯ COПРЯХЕННОСТЬ В К В а Н Т О В О Й м е х а н и к е - квантово-механический аналог сопряженности обобщенных координат и импульсов в гамильтоновом формализме классической механики (см. Канонические переменные). Сопряженными считаются наблюдаемые $URI[[http://libmeta.ru/fme/formula/aux/1087_1_KANONIChESKAJa]]/URI$; $URI[[http://libmeta.ru/fme/formula/aux/1087_2_KANONIChESKAJa]]/URI$, подчиняющиеся каноническим коммутационным соотношениям. Проблема К. с. в квантовой механике состоит в том, что канонич. коммутационные соотношения Вейля, в силу Стоуна - Неймана теоремы единственности, определяют $URI[[http://libmeta.ru/fme/formula/aux/1087_3_KANONIChESKAJa]]/URI$ однозначно с точностью до унитарной эквивалентности и поэтому не оставляют непосредственной возможности для описания пар канонически сопряженных величин со спектром, отличным от лебегова спектра на $URI[[http://libmeta.ru/fme/formula/aux/1087_4_KANONIChESKAJa]]/URI$ (таких, как время - энергия, угол - угловой момент, фаза - число квантов и т. п.) (см. [1], [2]).

Канонич. коммутационное соотношение Вейля для пары вещественных наблюдаемых $URI[[http://libmeta.ru/fme/formula/aux/1087_5_KANONIChESKAJa]]/URI$ равносильно соотношению

\[
URI[[http://libmeta.ru/fme/formula/main/1087_1_KANONIChESKAJa]]/URI
\]

где $URI[[http://libmeta.ru/fme/formula/aux/1087_6_KANONIChESKAJa]]/URI$ - вещественная прямая, $URI[[http://libmeta.ru/fme/formula/aux/1087_7_KANONIChESKAJa]]/URI$ спектральная мера наблюдаемой $URI[[http://libmeta.ru/fme/formula/aux/1087_8_KANONIChESKAJa]]/URI$. Возможный путь решения проблемы К. с. в квантовой механике состоит в том, что в качестве .и(.) в соотношении (1) допускаются произвольные разложения единицы. Напр., если $URI[[http://libmeta.ru/fme/formula/aux/1087_9_KANONIChESKAJa]]/URI$ - оператор энергии одномерной свободной частицы, то соотношению (1) удовлетворяет обобшенная спектральная мера максимального симметричного (несамосопряженного) о п е ра то ра в р е ме н и

\[
URI[[http://libmeta.ru/fme/formula/main/1087_2_KANONIChESKAJa]]/URI
\]

Более общим образом, пусть в (1) множество значений обобщенной координаты $URI[[http://libmeta.ru/fme/formula/aux/1087_10_KANONIChESKAJa]]/URI$ есть однопараметрич. группа Ли, то есть вещественная прямая $URI[[http://libmeta.ru/fme/formula/aux/1087_11_KANONIChESKAJa]]/URI$ (случай линейной координаты) или окружность $URI[[http://libmeta.ru/fme/formula/aux/1087_12_KANONIChESKAJa]]/URI$ (случай циклической координаты), а $URI[[http://libmeta.ru/fme/formula/aux/1087_13_KANONIChESKAJa]]/URI$ - самосопряженный оператор, спектр к-рого лежит в дуальной группе $URI[[http://libmeta.ru/fme/formula/aux/1087_14_KANONIChESKAJa]]/URI$ (то есть в $URI[[http://libmeta.ru/fme/formula/aux/1087_15_KANONIChESKAJa]]/URI$ или в множестве целых чисел $URI[[http://libmeta.ru/fme/formula/aux/1087_16_KANONIChESKAJa]]/URI$. Тогда $URI[[http://libmeta.ru/fme/formula/aux/1087_17_KANONIChESKAJa]]/URI$ есть унитарное представление группы $URI[[http://libmeta.ru/fme/formula/aux/1087_18_KANONIChESKAJa]]/URI$, а соотношение (1) определяет ко ва р и антное разложение е диницы $URI[[http://libmeta.ru/fme/formula/aux/1087_19_KANONIChESKAJa]]/URI$ на $URI[[http://libmeta.ru/fme/formula/aux/1087_20_KANONIChESKAJa]]/URI$, описывающее квантовое измерение обобщенной координаты. При таком подходе роль канонически сопряженных величин играет пара $URI[[http://libmeta.ru/fme/formula/aux/1087_21_KANONIChESKAJa]]/URI$, М(.)), образующая обобщенную систему импримитивности. В случае $URI[[http://libmeta.ru/fme/formula/aux/1087_22_KANONIChESKAJa]]/URI$ последняя существует всегда, а в случае $URI[[http://libmeta.ru/fme/formula/aux/1087_23_KANONIChESKAJa]]/URI$ при условии, что спектр оператора $URI[[http://libmeta.ru/fme/formula/aux/1087_24_KANONIChESKAJa]]/URI$ абсолютно непрерывен.

Операторы $URI[[http://libmeta.ru/fme/formula/aux/1087_25_KANONIChESKAJa]]/URI$, где $URI[[http://libmeta.ru/fme/formula/aux/1087_26_KANONIChESKAJa]]/URI$, удовлетворяют канонич. коммутационному соотношению Вейля, хотя операторы $URI[[http://libmeta.ru/fme/formula/aux/1087_27_KANONIChESKAJa]]/URI$ не унитарны. Имеет место обобщение соотношения неопределенностей для пары $URI[[http://libmeta.ru/fme/formula/aux/1087_28_KANONIChESKAJa]]/URI$ :

\[
URI[[http://libmeta.ru/fme/formula/main/1087_3_KANONIChESKAJa]]/URI
\]

где $URI[[http://libmeta.ru/fme/formula/aux/1087_29_KANONIChESKAJa]]/URI$ - дисперсия наблюдаемой $URI[[http://libmeta.ru/fme/formula/aux/1087_30_KANONIChESKAJa]]/URI$ в квантовом состоянии $URI[[http://libmeta.ru/fme/formula/aux/1087_31_KANONIChESKAJa]]/URI$, a

\[
URI[[http://libmeta.ru/fme/formula/main/1087_4_KANONIChESKAJa]]/URI
\]

причем $URI[[http://libmeta.ru/fme/formula/aux/1087_32_KANONIChESKAJa]]/URI$ распределение вероятностей обобщенной координаты. В случае $URI[[http://libmeta.ru/fme/formula/aux/1087_33_KANONIChESKAJa]]/URI$ и $URI[[http://libmeta.ru/fme/formula/aux/1087_34_KANONIChESKAJa]]/URI$ неравенство (2) переходит в соотношение неопределенностей Гейзенберга - Вейля. С физич. точки зрения основной интерес представляют экстремально точные измерения обобщенной координаты, минимизирующие функционал неопределенности $URI[[http://libmeta.ru/fme/formula/aux/1087_35_KANONIChESKAJa]]/URI$, к-рые описаны в [3]. Jum.: [1] К а р р у з е р с П., Н ь е т о М., в сб.: Когерентные состояния в квантовой теории, пер. с англ., М., 1972, с. 71-146; [2] Холе в о А. С., Вероятностные и статистические аспекты квантовой теории, М., 1980; [3] е го же, «Lect. Notes in Math.», 1984, v. 1055, p. 153-72.
A. С. Холево.

КАНОНИЧЕСКИЕ КОММУТАЦИОННЫЕ СООТНОШЕНия - алгебраические соотношения, выражающие условия квантования классической механической системы. В простейшем случае системы с $URI[[http://libmeta.ru/fme/formula/aux/1087_36_KANONIChESKAJa]]/URI$ степенями свободы ка нонические коммутационные соотношения $URI[[http://libmeta.ru/fme/formula/aux/1087_37_KANONIChESKAJa]]/URI$ е йзен

$URI[[http://libmeta.ru/fme/formula/aux/1087_38_KANONIChESKAJa]]/URI$ где $URI[[http://libmeta.ru/fme/formula/aux/1087_39_KANONIChESKAJa]]/URI$ наблюдаемые координат, $URI[[http://libmeta.ru/fme/formula/aux/1087_40_KANONIChESKAJa]]/URI$ наблюдаемые импульсов, называемые в совокупности ка но н и ч е с к и м и на 6 л ю д а е м ы м и, $URI[[http://libmeta.ru/fme/formula/aux/1087_41_KANONIChESKAJa]]/URI$ - единичный оператор, $URI[[http://libmeta.ru/fme/formula/aux/1087_42_KANONIChESKAJa]]/URI$ мутатор операторов $URI[[http://libmeta.ru/fme/formula/aux/1087_43_KANONIChESKAJa]]/URI$ в гильбертовом пространстве $URI[[http://libmeta.ru/fme/formula/aux/1087_44_KANONIChESKAJa]]/URI$. Соотношения (1) являются инфинитезимальной формой «глобальных» канониче ских коммутационных соотнош е н й В ейля (см. [1]):

\[
URI[[http://libmeta.ru/fme/formula/main/1087_5_KANONIChESKAJa]]/URI
\]

Здесь $URI[[http://libmeta.ru/fme/formula/aux/1087_45_KANONIChESKAJa]]/URI$, а $URI[[http://libmeta.ru/fme/formula/aux/1087_46_KANONIChESKAJa]]/URI$ непрерывные унитарные представления аддитивной группы $URI[[http://libmeta.ru/fme/formula/aux/1087_47_KANONIChESKAJa]]/URI$ в $URI[[http://libmeta.ru/fme/formula/aux/1087_48_KANONIChESKAJa]]/URI$. Доказывается, что

\[
URI[[http://libmeta.ru/fme/formula/main/1087_6_KANONIChESKAJa]]/URI
\]

где $URI[[http://libmeta.ru/fme/formula/aux/1087_49_KANONIChESKAJa]]/URI$, а $URI[[http://libmeta.ru/fme/formula/aux/1087_50_KANONIChESKAJa]]/URI$ - самосопряженные операторы, удовлетворяющие на плотном инвариантном подпространстве соотношениям (1) (при $URI[[http://libmeta.ru/fme/formula/aux/1087_51_KANONIChESKAJa]]/URI$ ). Переход от соотношений типа (1) к (2) нетривиален и возможен лишь при выполнении дополнительных условий (см. [7]).

Для нерелятивистской квантовой частицы $URI[[http://libmeta.ru/fme/formula/aux/1087_52_KANONIChESKAJa]]/URI$ соотношения (2) имеют прямой кинематич. смысл: они выражают перестановочность (в пространстве состояний) пространственных трансляций $URI[[http://libmeta.ru/fme/formula/aux/1087_53_KANONIChESKAJa]]/URI$ и бустов $URI[[http://libmeta.ru/fme/formula/aux/1087_54_KANONIChESKAJa]]/URI$, вытекаюшую из принципа галилеевой относительности (см. [4]). Для более общих систем (2) вводится как формальное условие квантования; напр. ¥ может быть произвольной абелевой локально компактной группой, $URI[[http://libmeta.ru/fme/formula/aux/1087_55_KANONIChESKAJa]]/URI$ - дуальной группой, а множитель $URI[[http://libmeta.ru/fme/formula/aux/1087_56_KANONIChESKAJa]]/URI$ заменяется значением характера $URI[[http://libmeta.ru/fme/formula/aux/1087_57_KANONIChESKAJa]]/URI$ на элементе $URI[[http://libmeta.ru/fme/formula/aux/1087_58_KANONIChESKAJa]]/URI$.

В квантовой теории поля и статистич. механике рассматриваются К. к. с. (2), где $URI[[http://libmeta.ru/fme/formula/aux/1087_59_KANONIChESKAJa]]/URI$ является нек-рым вешественным предгильбертовым пространством основных функций на пространственном или пространственно-временном континууме.

Представлением канонических коммутац и о н ных с о от ношен и й называется всякая конкретная пара $URI[[http://libmeta.ru/fme/formula/aux/1087_60_KANONIChESKAJa]]/URI$, удовлетворяющая соотношениям (2). В случае конечного $URI[[http://libmeta.ru/fme/formula/aux/1087_61_KANONIChESKAJa]]/URI$, в силу Стоуна - Неймана теоремы единственности, все неприводимые представления К. К. с. унитарно эквивалентны. Выбор того или иного представления диктуется удобством вычислений в данной конкретной задаче. Наиболее употребительны: Шредингера представление, диагонализующие операторы $URI[[http://libmeta.ru/fme/formula/aux/1087_62_KANONIChESKAJa]]/URI$, импульсное представление, диагонализующее операторы $URI[[http://libmeta.ru/fme/formula/aux/1087_63_KANONIChESKAJa]]/URI$, представление Фока - Кука, диагонализующее операторы чисел заполнения (см. Фока пространство) и представление в пространстве аналитич. функций, диагонализующее несамосопряженные операторы рождения $URI[[http://libmeta.ru/fme/formula/aux/1087_64_KANONIChESKAJa]]/URI$ (см. [3], [4]).

Если $URI[[http://libmeta.ru/fme/formula/aux/1087_65_KANONIChESKAJa]]/URI$ бесконечномерно, как в квантовой теории поля и статистич. механике, то существует континуальное множество неэквивалентных представлений К. к. с. (см. [2]). Подробно изучены продакт-представления, а также представления, отвечающие так наз. квазисвободным состояниям (см. [6], [5]). Для них найдена классификация типов и получены необходимые и достаточные условия эквивалентности.

См. также Перестановочные соотночения.

Лum.: [1] В е йл ь Г., Теория групп и квантовая механика, пер. с англ., М., 1986; [2] С и гал И., Математические проблемы реляти</text>
  <text_orig> - см. Канонические коммутационные соотношения. KАНОНИЧЕСКАЯ ПРОЕКНИЯ - см. Проективное пространство.

КАНОНИЧЕСКАЯ РАЗМЕРНОСТЬ - см. Аномальная размерность.

КАНОНИЧЕСКАЯ COПРЯХЕННОСТЬ В К В а Н Т О В О Й м е х а н и к е - квантово-механический аналог сопряженности обобщенных координат и импульсов в гамильтоновом формализме классической механики (см. Канонические переменные). Сопряженными считаются наблюдаемые $\boldsymbol{Q}_{\boldsymbol{j}}, \boldsymbol{P}_{\boldsymbol{j}}$; $j=1, \ldots, n$, подчиняющиеся каноническим коммутационным соотношениям. Проблема К. с. в квантовой механике состоит в том, что канонич. коммутационные соотношения Вейля, в силу Стоуна - Неймана теоремы единственности, определяют $Q_{j}, P_{j}$ однозначно с точностью до унитарной эквивалентности и поэтому не оставляют непосредственной возможности для описания пар канонически сопряженных величин со спектром, отличным от лебегова спектра на $\mathbb{R}$ (таких, как время - энергия, угол - угловой момент, фаза - число квантов и т. п.) (см. [1], [2]).

Канонич. коммутационное соотношение Вейля для пары вещественных наблюдаемых $X, Y$ равносильно соотношению

\[
e^{-i x Y} \mathscr{M}(B+x) e^{i x Y}=\mathscr{M}(\boldsymbol{B}) ; x \in \mathfrak{X}, B \in \mathscr{B}(\mathfrak{X})
\]

где $\mathfrak{X}$ - вещественная прямая, $\boldsymbol{\mu}(\cdot)-$ спектральная мера наблюдаемой $X$. Возможный путь решения проблемы К. с. в квантовой механике состоит в том, что в качестве .и(.) в соотношении (1) допускаются произвольные разложения единицы. Напр., если $Y=P^{2} / 2 m$ - оператор энергии одномерной свободной частицы, то соотношению (1) удовлетворяет обобшенная спектральная мера максимального симметричного (несамосопряженного) о п е ра то ра в р е ме н и

\[
X=\frac{m}{2}\left(P^{-1} Q+Q P^{-1}\right) .
\]

Более общим образом, пусть в (1) множество значений обобщенной координаты $\mathfrak{x}$ есть однопараметрич. группа Ли, то есть вещественная прямая $\mathbb{R}$ (случай линейной координаты) или окружность $\mathbb{1}$ (случай циклической координаты), а $Y$ - самосопряженный оператор, спектр к-рого лежит в дуальной группе $\hat{\boldsymbol{x}}$ (то есть в $\mathbb{R}$ или в множестве целых чисел $\mathbb{Z})$. Тогда $x \rightarrow V_{x}=\exp (i x Y)$ есть унитарное представление группы $\boldsymbol{x}$, а соотношение (1) определяет ко ва р и антное разложение е диницы $\boldsymbol{\mu}(\cdot)$ на $\boldsymbol{X}$, описывающее квантовое измерение обобщенной координаты. При таком подходе роль канонически сопряженных величин играет пара $\left(V_{(\cdot)}\right.$, М(.)), образующая обобщенную систему импримитивности. В случае $\boldsymbol{X}=\mathbb{T}$ последняя существует всегда, а в случае $\boldsymbol{X}=\mathbb{R}$ при условии, что спектр оператора $Y$ абсолютно непрерывен.

Операторы $\left(V_{x}, U_{y}\right)$, где $U_{y}=\int_{\mathfrak{x}} e^{i x y} \mathscr{\mu}(d x)$, удовлетворяют канонич. коммутационному соотношению Вейля, хотя операторы $U_{y}$ не унитарны. Имеет место обобщение соотношения неопределенностей для пары $\left(V_{(\cdot)}, \mathscr{\mu}(\cdot)\right)$ :

\[
\Delta_{y}(. u) D(Y) \geqslant \frac{1}{4} ; \quad y \in \hat{\boldsymbol{X}} \backslash 0,
\]

где $D(Y)$ - дисперсия наблюдаемой $Y$ в квантовом состоянии $\rho$, a

\[
\Delta_{y}(u)=y^{-2}\left[\left|\int_{\mathfrak{X}} e^{i x y_{\mu}}(d x)\right|^{-2}-1\right],
\]

причем $\mu(\cdot)=\operatorname{Tr}_{\rho} \mu(\cdot)-$ распределение вероятностей обобщенной координаты. В случае $\mathfrak{X}=\mathbb{R}$ и $\boldsymbol{y} \rightarrow 0$ неравенство (2) переходит в соотношение неопределенностей Гейзенберга - Вейля. С физич. точки зрения основной интерес представляют экстремально точные измерения обобщенной координаты, минимизирующие функционал неопределенности $\Delta_{y}(\mathscr{\mu})$, к-рые описаны в [3]. Jum.: [1] К а р р у з е р с П., Н ь е т о М., в сб.: Когерентные состояния в квантовой теории, пер. с англ., М., 1972, с. 71-146; [2] Холе в о А. С., Вероятностные и статистические аспекты квантовой теории, М., 1980; [3] е го же, «Lect. Notes in Math.», 1984, v. 1055, p. 153-72.
A. С. Холево.

КАНОНИЧЕСКИЕ КОММУТАЦИОННЫЕ СООТНОШЕНия - алгебраические соотношения, выражающие условия квантования классической механической системы. В простейшем случае системы с $n$ степенями свободы ка нонические коммутационные соотношения $\Gamma$ е йзен

$\left[Q_{j}, Q_{k}\right]=0,\left[P_{j}, P_{k}\right]=0,\left[Q_{j}, P_{k}\right]=i \hbar \delta_{j k} I ; j, k=1, \ldots, n,(1)$ где $Q_{j}-$ наблюдаемые координат, $P_{j}-$ наблюдаемые импульсов, называемые в совокупности ка но н и ч е с к и м и на 6 л ю д а е м ы м и, $I$ - единичный оператор, $[X, Y]-\kappa о м-$ мутатор операторов $X, Y$ в гильбертовом пространстве $H$. Соотношения (1) являются инфинитезимальной формой «глобальных» канониче ских коммутационных соотнош е н й В ейля (см. [1]):

\[
V_{x} U_{y}=\exp i(x, y) U_{y} V_{x} ; x \in \mathfrak{X}, y \in \hat{\boldsymbol{x}}
\]

Здесь $\boldsymbol{x}=\hat{\mathfrak{x}}=\mathbb{R}^{n},(x, y)=\sum_{j=1}^{n} x_{j} y_{j}$, а $x \rightarrow V_{x}, y \rightarrow U_{y}-$ непрерывные унитарные представления аддитивной группы $\mathbb{R}^{n}$ в $Н$. Доказывается, что

\[
V_{x}=\exp i \sum_{j=1}^{n} x_{j} P_{j}, \quad U_{y}=\exp i \sum_{j=1}^{n} y_{j} Q_{j},
\]

где $x=\left(x_{1}, \ldots, x_{n}\right), y=\left(y_{1}, \ldots, y_{n}\right)$, а $P_{j}, Q_{j}$ - самосопряженные операторы, удовлетворяющие на плотном инвариантном подпространстве соотношениям (1) (при $\hbar=1$ ). Переход от соотношений типа (1) к (2) нетривиален и возможен лишь при выполнении дополнительных условий (см. [7]).

Для нерелятивистской квантовой частицы $(n=3)$ соотношения (2) имеют прямой кинематич. смысл: они выражают перестановочность (в пространстве состояний) пространственных трансляций $V_{x}$ и бустов $U_{y}$, вытекаюшую из принципа галилеевой относительности (см. [4]). Для более общих систем (2) вводится как формальное условие квантования; напр. ¥ может быть произвольной абелевой локально компактной группой, $\hat{\boldsymbol{x}}$ - дуальной группой, а множитель $\exp i(x, y)$ заменяется значением характера $y \in \hat{\mathfrak{X}}$ на элементе $x \in \mathfrak{X}$.

В квантовой теории поля и статистич. механике рассматриваются К. к. с. (2), где $\mathfrak{X}=\hat{\mathfrak{X}}$ является нек-рым вешественным предгильбертовым пространством основных функций на пространственном или пространственно-временном континууме.

Представлением канонических коммутац и о н ных с о от ношен и й называется всякая конкретная пара $(V, U)$, удовлетворяющая соотношениям (2). В случае конечного $n$, в силу Стоуна - Неймана теоремы единственности, все неприводимые представления К. К. с. унитарно эквивалентны. Выбор того или иного представления диктуется удобством вычислений в данной конкретной задаче. Наиболее употребительны: Шредингера представление, диагонализующие операторы $Q_{j}$, импульсное представление, диагонализующее операторы $P_{j}$, представление Фока - Кука, диагонализующее операторы чисел заполнения (см. Фока пространство) и представление в пространстве аналитич. функций, диагонализующее несамосопряженные операторы рождения $Q_{j}-i P_{j}$ (см. [3], [4]).

Если $\boldsymbol{X}$ бесконечномерно, как в квантовой теории поля и статистич. механике, то существует континуальное множество неэквивалентных представлений К. к. с. (см. [2]). Подробно изучены продакт-представления, а также представления, отвечающие так наз. квазисвободным состояниям (см. [6], [5]). Для них найдена классификация типов и получены необходимые и достаточные условия эквивалентности.

См. также Перестановочные соотночения.

Лum.: [1] В е йл ь Г., Теория групп и квантовая механика, пер. с англ., М., 1986; [2] С и гал И., Математические проблемы реляти</text_orig>
</article>
