<?xml version="1.0" ?>
<article uri="http://libmeta.ru/fme/article/1091_KANONIChESKIE">
  <title>КАНОНИЧЕСКИЕ КОММУТАЦИОННЫЕ СООТНОШЕНИЯ</title>
  <author/>
  <title_short/>
  <pages>
    <start>234</start>
    <end>235</end>
  </pages>
  <literature>
    <literature_orig/>
  </literature>
  <formulas_main>
    <formula uri="http://libmeta.ru/fme/formula/main/1091_1_KANONIChESKIE">V_{x} U_{y}=\exp i(x, y) U_{y} V_{x} ; x \in \mathfrak{X}, y \in \hat{\boldsymbol{x}}</formula>
    <formula uri="http://libmeta.ru/fme/formula/main/1091_2_KANONIChESKIE">V_{x}=\exp i \sum_{j=1}^{n} x_{j} P_{j}, \quad U_{y}=\exp i \sum_{j=1}^{n} y_{j} Q_{j},</formula>
  </formulas_main>
  <formulas_aux>
    <formula uri="http://libmeta.ru/fme/formula/aux/1091_1_KANONIChESKIE">n</formula>
    <formula uri="http://libmeta.ru/fme/formula/aux/1091_2_KANONIChESKIE">\Gamma</formula>
    <formula uri="http://libmeta.ru/fme/formula/aux/1091_3_KANONIChESKIE">\left[Q_{j}, Q_{k}\right]=0,\left[P_{j}, P_{k}\right]=0,\left[Q_{j}, P_{k}\right]=i \hbar \delta_{j k} I ; j, k=1, \ldots, n,(1)</formula>
    <formula uri="http://libmeta.ru/fme/formula/aux/1091_4_KANONIChESKIE">Q_{j}-</formula>
    <formula uri="http://libmeta.ru/fme/formula/aux/1091_5_KANONIChESKIE">P_{j}-</formula>
    <formula uri="http://libmeta.ru/fme/formula/aux/1091_6_KANONIChESKIE">I</formula>
    <formula uri="http://libmeta.ru/fme/formula/aux/1091_7_KANONIChESKIE">[X, Y]-\kappa о м-</formula>
    <formula uri="http://libmeta.ru/fme/formula/aux/1091_8_KANONIChESKIE">X, Y</formula>
    <formula uri="http://libmeta.ru/fme/formula/aux/1091_9_KANONIChESKIE">H</formula>
    <formula uri="http://libmeta.ru/fme/formula/aux/1091_10_KANONIChESKIE">\boldsymbol{x}=\hat{\mathfrak{x}}=\mathbb{R}^{n},(x, y)=\sum_{j=1}^{n} x_{j} y_{j}</formula>
    <formula uri="http://libmeta.ru/fme/formula/aux/1091_11_KANONIChESKIE">x \rightarrow V_{x}, y \rightarrow U_{y}-</formula>
    <formula uri="http://libmeta.ru/fme/formula/aux/1091_12_KANONIChESKIE">\mathbb{R}^{n}</formula>
    <formula uri="http://libmeta.ru/fme/formula/aux/1091_13_KANONIChESKIE">Н</formula>
    <formula uri="http://libmeta.ru/fme/formula/aux/1091_14_KANONIChESKIE">x=\left(x_{1}, \ldots, x_{n}\right), y=\left(y_{1}, \ldots, y_{n}\right)</formula>
    <formula uri="http://libmeta.ru/fme/formula/aux/1091_15_KANONIChESKIE">P_{j}, Q_{j}</formula>
    <formula uri="http://libmeta.ru/fme/formula/aux/1091_16_KANONIChESKIE">\hbar=1</formula>
    <formula uri="http://libmeta.ru/fme/formula/aux/1091_17_KANONIChESKIE">(n=3)</formula>
    <formula uri="http://libmeta.ru/fme/formula/aux/1091_18_KANONIChESKIE">V_{x}</formula>
    <formula uri="http://libmeta.ru/fme/formula/aux/1091_19_KANONIChESKIE">U_{y}</formula>
    <formula uri="http://libmeta.ru/fme/formula/aux/1091_20_KANONIChESKIE">\hat{\boldsymbol{x}}</formula>
    <formula uri="http://libmeta.ru/fme/formula/aux/1091_21_KANONIChESKIE">\exp i(x, y)</formula>
    <formula uri="http://libmeta.ru/fme/formula/aux/1091_22_KANONIChESKIE">y \in \hat{\mathfrak{X}}</formula>
    <formula uri="http://libmeta.ru/fme/formula/aux/1091_23_KANONIChESKIE">x \in \mathfrak{X}</formula>
    <formula uri="http://libmeta.ru/fme/formula/aux/1091_24_KANONIChESKIE">\mathfrak{X}=\hat{\mathfrak{X}}</formula>
    <formula uri="http://libmeta.ru/fme/formula/aux/1091_25_KANONIChESKIE">(V, U)</formula>
    <formula uri="http://libmeta.ru/fme/formula/aux/1091_26_KANONIChESKIE">n</formula>
    <formula uri="http://libmeta.ru/fme/formula/aux/1091_27_KANONIChESKIE">Q_{j}</formula>
    <formula uri="http://libmeta.ru/fme/formula/aux/1091_28_KANONIChESKIE">P_{j}</formula>
    <formula uri="http://libmeta.ru/fme/formula/aux/1091_29_KANONIChESKIE">Q_{j}-i P_{j}</formula>
    <formula uri="http://libmeta.ru/fme/formula/aux/1091_30_KANONIChESKIE">\boldsymbol{X}</formula>
  </formulas_aux>
  <relations/>
  <text> - алгебраические соотношения, выражающие условия квантования классической механической системы. В простейшем случае системы с $URI[[http://libmeta.ru/fme/formula/aux/1091_1_KANONIChESKIE]]/URI$ степенями свободы ка нонические коммутационные соотношения $URI[[http://libmeta.ru/fme/formula/aux/1091_2_KANONIChESKIE]]/URI$ е йзен

$URI[[http://libmeta.ru/fme/formula/aux/1091_3_KANONIChESKIE]]/URI$ где $URI[[http://libmeta.ru/fme/formula/aux/1091_4_KANONIChESKIE]]/URI$ наблюдаемые координат, $URI[[http://libmeta.ru/fme/formula/aux/1091_5_KANONIChESKIE]]/URI$ наблюдаемые импульсов, называемые в совокупности ка но н и ч е с к и м и на 6 л ю д а е м ы м и, $URI[[http://libmeta.ru/fme/formula/aux/1091_6_KANONIChESKIE]]/URI$ - единичный оператор, $URI[[http://libmeta.ru/fme/formula/aux/1091_7_KANONIChESKIE]]/URI$ мутатор операторов $URI[[http://libmeta.ru/fme/formula/aux/1091_8_KANONIChESKIE]]/URI$ в гильбертовом пространстве $URI[[http://libmeta.ru/fme/formula/aux/1091_9_KANONIChESKIE]]/URI$. Соотношения (1) являются инфинитезимальной формой «глобальных» канониче ских коммутационных соотнош е н й В ейля (см. [1]):

\[
URI[[http://libmeta.ru/fme/formula/main/1091_1_KANONIChESKIE]]/URI
\]

Здесь $URI[[http://libmeta.ru/fme/formula/aux/1091_10_KANONIChESKIE]]/URI$, а $URI[[http://libmeta.ru/fme/formula/aux/1091_11_KANONIChESKIE]]/URI$ непрерывные унитарные представления аддитивной группы $URI[[http://libmeta.ru/fme/formula/aux/1091_12_KANONIChESKIE]]/URI$ в $URI[[http://libmeta.ru/fme/formula/aux/1091_13_KANONIChESKIE]]/URI$. Доказывается, что

\[
URI[[http://libmeta.ru/fme/formula/main/1091_2_KANONIChESKIE]]/URI
\]

где $URI[[http://libmeta.ru/fme/formula/aux/1091_14_KANONIChESKIE]]/URI$, а $URI[[http://libmeta.ru/fme/formula/aux/1091_15_KANONIChESKIE]]/URI$ - самосопряженные операторы, удовлетворяющие на плотном инвариантном подпространстве соотношениям (1) (при $URI[[http://libmeta.ru/fme/formula/aux/1091_16_KANONIChESKIE]]/URI$ ). Переход от соотношений типа (1) к (2) нетривиален и возможен лишь при выполнении дополнительных условий (см. [7]).

Для нерелятивистской квантовой частицы $URI[[http://libmeta.ru/fme/formula/aux/1091_17_KANONIChESKIE]]/URI$ соотношения (2) имеют прямой кинематич. смысл: они выражают перестановочность (в пространстве состояний) пространственных трансляций $URI[[http://libmeta.ru/fme/formula/aux/1091_18_KANONIChESKIE]]/URI$ и бустов $URI[[http://libmeta.ru/fme/formula/aux/1091_19_KANONIChESKIE]]/URI$, вытекаюшую из принципа галилеевой относительности (см. [4]). Для более общих систем (2) вводится как формальное условие квантования; напр. ¥ может быть произвольной абелевой локально компактной группой, $URI[[http://libmeta.ru/fme/formula/aux/1091_20_KANONIChESKIE]]/URI$ - дуальной группой, а множитель $URI[[http://libmeta.ru/fme/formula/aux/1091_21_KANONIChESKIE]]/URI$ заменяется значением характера $URI[[http://libmeta.ru/fme/formula/aux/1091_22_KANONIChESKIE]]/URI$ на элементе $URI[[http://libmeta.ru/fme/formula/aux/1091_23_KANONIChESKIE]]/URI$.

В квантовой теории поля и статистич. механике рассматриваются К. к. с. (2), где $URI[[http://libmeta.ru/fme/formula/aux/1091_24_KANONIChESKIE]]/URI$ является нек-рым вешественным предгильбертовым пространством основных функций на пространственном или пространственно-временном континууме.

Представлением канонических коммутац и о н ных с о от ношен и й называется всякая конкретная пара $URI[[http://libmeta.ru/fme/formula/aux/1091_25_KANONIChESKIE]]/URI$, удовлетворяющая соотношениям (2). В случае конечного $URI[[http://libmeta.ru/fme/formula/aux/1091_26_KANONIChESKIE]]/URI$, в силу Стоуна - Неймана теоремы единственности, все неприводимые представления К. К. с. унитарно эквивалентны. Выбор того или иного представления диктуется удобством вычислений в данной конкретной задаче. Наиболее употребительны: Шредингера представление, диагонализующие операторы $URI[[http://libmeta.ru/fme/formula/aux/1091_27_KANONIChESKIE]]/URI$, импульсное представление, диагонализующее операторы $URI[[http://libmeta.ru/fme/formula/aux/1091_28_KANONIChESKIE]]/URI$, представление Фока - Кука, диагонализующее операторы чисел заполнения (см. Фока пространство) и представление в пространстве аналитич. функций, диагонализующее несамосопряженные операторы рождения $URI[[http://libmeta.ru/fme/formula/aux/1091_29_KANONIChESKIE]]/URI$ (см. [3], [4]).

Если $URI[[http://libmeta.ru/fme/formula/aux/1091_30_KANONIChESKIE]]/URI$ бесконечномерно, как в квантовой теории поля и статистич. механике, то существует континуальное множество неэквивалентных представлений К. к. с. (см. [2]). Подробно изучены продакт-представления, а также представления, отвечающие так наз. квазисвободным состояниям (см. [6], [5]). Для них найдена классификация типов и получены необходимые и достаточные условия эквивалентности.

См. также Перестановочные соотночения.

Лum.: [1] В е йл ь Г., Теория групп и квантовая механика, пер. с англ., М., 1986; [2] С и гал И., Математические проблемы реляти- вистской физики, пер. с англ., М., 1968; [3] Фа дде е в Л. Д., Я ку б о в с к и й О.А., Лекции по квантовой механике для студентов-математиков, Л., 1980; [4] Х о ле в о А. С., Вероятностные и статистические аспекты квантовой теории, М., 1980; [5] е го же, «Теоретич. и математич. физика», 1972, т. 13, с. 184-99; [6] Э м х Ж., Алгебраические методы в статистической механике и квантовой теории поля, пер. с англ., М., 1976; [7] Jørge nse n P. Е. Т., M о оге R. T., Operator commutation relations, Dordrecht, 1984.

А. С. Холево.
</text>
  <text_orig> - алгебраические соотношения, выражающие условия квантования классической механической системы. В простейшем случае системы с $n$ степенями свободы ка нонические коммутационные соотношения $\Gamma$ е йзен

$\left[Q_{j}, Q_{k}\right]=0,\left[P_{j}, P_{k}\right]=0,\left[Q_{j}, P_{k}\right]=i \hbar \delta_{j k} I ; j, k=1, \ldots, n,(1)$ где $Q_{j}-$ наблюдаемые координат, $P_{j}-$ наблюдаемые импульсов, называемые в совокупности ка но н и ч е с к и м и на 6 л ю д а е м ы м и, $I$ - единичный оператор, $[X, Y]-\kappa о м-$ мутатор операторов $X, Y$ в гильбертовом пространстве $H$. Соотношения (1) являются инфинитезимальной формой «глобальных» канониче ских коммутационных соотнош е н й В ейля (см. [1]):

\[
V_{x} U_{y}=\exp i(x, y) U_{y} V_{x} ; x \in \mathfrak{X}, y \in \hat{\boldsymbol{x}}
\]

Здесь $\boldsymbol{x}=\hat{\mathfrak{x}}=\mathbb{R}^{n},(x, y)=\sum_{j=1}^{n} x_{j} y_{j}$, а $x \rightarrow V_{x}, y \rightarrow U_{y}-$ непрерывные унитарные представления аддитивной группы $\mathbb{R}^{n}$ в $Н$. Доказывается, что

\[
V_{x}=\exp i \sum_{j=1}^{n} x_{j} P_{j}, \quad U_{y}=\exp i \sum_{j=1}^{n} y_{j} Q_{j},
\]

где $x=\left(x_{1}, \ldots, x_{n}\right), y=\left(y_{1}, \ldots, y_{n}\right)$, а $P_{j}, Q_{j}$ - самосопряженные операторы, удовлетворяющие на плотном инвариантном подпространстве соотношениям (1) (при $\hbar=1$ ). Переход от соотношений типа (1) к (2) нетривиален и возможен лишь при выполнении дополнительных условий (см. [7]).

Для нерелятивистской квантовой частицы $(n=3)$ соотношения (2) имеют прямой кинематич. смысл: они выражают перестановочность (в пространстве состояний) пространственных трансляций $V_{x}$ и бустов $U_{y}$, вытекаюшую из принципа галилеевой относительности (см. [4]). Для более общих систем (2) вводится как формальное условие квантования; напр. ¥ может быть произвольной абелевой локально компактной группой, $\hat{\boldsymbol{x}}$ - дуальной группой, а множитель $\exp i(x, y)$ заменяется значением характера $y \in \hat{\mathfrak{X}}$ на элементе $x \in \mathfrak{X}$.

В квантовой теории поля и статистич. механике рассматриваются К. к. с. (2), где $\mathfrak{X}=\hat{\mathfrak{X}}$ является нек-рым вешественным предгильбертовым пространством основных функций на пространственном или пространственно-временном континууме.

Представлением канонических коммутац и о н ных с о от ношен и й называется всякая конкретная пара $(V, U)$, удовлетворяющая соотношениям (2). В случае конечного $n$, в силу Стоуна - Неймана теоремы единственности, все неприводимые представления К. К. с. унитарно эквивалентны. Выбор того или иного представления диктуется удобством вычислений в данной конкретной задаче. Наиболее употребительны: Шредингера представление, диагонализующие операторы $Q_{j}$, импульсное представление, диагонализующее операторы $P_{j}$, представление Фока - Кука, диагонализующее операторы чисел заполнения (см. Фока пространство) и представление в пространстве аналитич. функций, диагонализующее несамосопряженные операторы рождения $Q_{j}-i P_{j}$ (см. [3], [4]).

Если $\boldsymbol{X}$ бесконечномерно, как в квантовой теории поля и статистич. механике, то существует континуальное множество неэквивалентных представлений К. к. с. (см. [2]). Подробно изучены продакт-представления, а также представления, отвечающие так наз. квазисвободным состояниям (см. [6], [5]). Для них найдена классификация типов и получены необходимые и достаточные условия эквивалентности.

См. также Перестановочные соотночения.

Лum.: [1] В е йл ь Г., Теория групп и квантовая механика, пер. с англ., М., 1986; [2] С и гал И., Математические проблемы реляти- вистской физики, пер. с англ., М., 1968; [3] Фа дде е в Л. Д., Я ку б о в с к и й О.А., Лекции по квантовой механике для студентов-математиков, Л., 1980; [4] Х о ле в о А. С., Вероятностные и статистические аспекты квантовой теории, М., 1980; [5] е го же, «Теоретич. и математич. физика», 1972, т. 13, с. 184-99; [6] Э м х Ж., Алгебраические методы в статистической механике и квантовой теории поля, пер. с англ., М., 1976; [7] Jørge nse n P. Е. Т., M о оге R. T., Operator commutation relations, Dordrecht, 1984.

А. С. Холево.
</text_orig>
</article>
