<?xml version="1.0" ?>
<article uri="http://libmeta.ru/fme/article/1092_KANONIChESKIE">
  <title>КАНОНИЧЕСКИЕ КООРДИНАТЫ В ОКРЕСТНОСТИ ЕДИНИЦЫ НА ГРУППЕ ЛИ</title>
  <author/>
  <title_short/>
  <pages>
    <start>235</start>
    <end>235</end>
  </pages>
  <literature>
    <literature_orig/>
  </literature>
  <formulas_main/>
  <formulas_aux>
    <formula uri="http://libmeta.ru/fme/formula/aux/1092_1_KANONIChESKIE">x \rightarrow \exp (x)</formula>
    <formula uri="http://libmeta.ru/fme/formula/aux/1092_2_KANONIChESKIE">\mathfrak{g}</formula>
    <formula uri="http://libmeta.ru/fme/formula/aux/1092_3_KANONIChESKIE">G</formula>
    <formula uri="http://libmeta.ru/fme/formula/aux/1092_4_KANONIChESKIE">G</formula>
    <formula uri="http://libmeta.ru/fme/formula/aux/1092_5_KANONIChESKIE">x_{1}, \ldots, x_{n}-</formula>
    <formula uri="http://libmeta.ru/fme/formula/aux/1092_6_KANONIChESKIE">s_{i}</formula>
    <formula uri="http://libmeta.ru/fme/formula/aux/1092_7_KANONIChESKIE">\exp \left(s_{1} x_{1}\right) \ldots \exp \left(s_{n} x_{n}\right)-</formula>
    <formula uri="http://libmeta.ru/fme/formula/aux/1092_8_KANONIChESKIE">G</formula>
    <formula uri="http://libmeta.ru/fme/formula/aux/1092_9_KANONIChESKIE">s_{1}, \ldots, s_{n}</formula>
  </formulas_aux>
  <relations/>
  <text> - 1) К.к. первого рода. Отображение $URI[[http://libmeta.ru/fme/formula/aux/1092_1_KANONIChESKIE]]/URI$ из алгебры Ли $URI[[http://libmeta.ru/fme/formula/aux/1092_2_KANONIChESKIE]]/URI$ в соответствуюшую группу Ли $URI[[http://libmeta.ru/fme/formula/aux/1092_3_KANONIChESKIE]]/URI$ устанавливает взаимно однозначное отображение окрестности нуля в g и окрестности единицы в $URI[[http://libmeta.ru/fme/formula/aux/1092_4_KANONIChESKIE]]/URI$. Таким образом, мы получаем локальную систему координат на группе Ли.

2) К. к. второго рода. Пусть $URI[[http://libmeta.ru/fme/formula/aux/1092_5_KANONIChESKIE]]/URI$ базис в я. Пусть $URI[[http://libmeta.ru/fme/formula/aux/1092_6_KANONIChESKIE]]/URI$ - достаточно малые числа. Тогда $URI[[http://libmeta.ru/fme/formula/aux/1092_7_KANONIChESKIE]]/URI$ точка на группе $URI[[http://libmeta.ru/fme/formula/aux/1092_8_KANONIChESKIE]]/URI$ с координатами $URI[[http://libmeta.ru/fme/formula/aux/1092_9_KANONIChESKIE]]/URI$. Ю. A. Неретин.</text>
  <text_orig> - 1) К.к. первого рода. Отображение $x \rightarrow \exp (x)$ из алгебры Ли $\mathfrak{g}$ в соответствуюшую группу Ли $G$ устанавливает взаимно однозначное отображение окрестности нуля в g и окрестности единицы в $G$. Таким образом, мы получаем локальную систему координат на группе Ли.

2) К. к. второго рода. Пусть $x_{1}, \ldots, x_{n}-$ базис в я. Пусть $s_{i}$ - достаточно малые числа. Тогда $\exp \left(s_{1} x_{1}\right) \ldots \exp \left(s_{n} x_{n}\right)-$ точка на группе $G$ с координатами $s_{1}, \ldots, s_{n}$. Ю. A. Неретин.</text_orig>
</article>
