<?xml version="1.0" ?>
<article uri="http://libmeta.ru/fme/article/1095_KANONIChESKIJ">
  <title>КАНОНИЧЕСКИЙ АНСАМБЛЬ ГИББСА</title>
  <authors/>
  <title_short/>
  <pages>
    <start>235</start>
    <end>235</end>
  </pages>
  <literature>
    <literature_orig/>
  </literature>
  <formulas_main/>
  <formulas_aux/>
  <relations/>
  <text> - см. Статистический ансамбль.</text>
  <text_orig> - см. Статистический ансамбль.
</text_orig>
</article>
