<?xml version="1.0" ?>
<article uri="http://libmeta.ru/fme/article/1097_KANONIChESKIJ">
  <title>КАНОНИЧЕСКИЙ ОПЕРАТОР МАСЛОВА</title>
  <author/>
  <title_short/>
  <pages>
    <start>235</start>
    <end>235</end>
  </pages>
  <literature>
    <literature_orig/>
  </literature>
  <formulas_main/>
  <formulas_aux/>
  <relations/>
  <text> - см. Маслова канонический оператор.
</text>
  <text_orig> - см. Маслова канонический оператор.
</text_orig>
</article>
