<?xml version="1.0" ?>
<article uri="http://libmeta.ru/fme/article/1097_KANONIChESKIJ" alphabetic_pos="1099">
  <title>КАНОНИЧЕСКИЙ АНСАМБЛЬ</title>
  <authors>
    <author>Д. Я. Петрина</author>
  </authors>
  <title_short/>
  <pages>
    <start>235</start>
    <end>235</end>
  </pages>
  <literature>
    <literature_orig>Лит.: [1] Р юэль Д., Статистическая механика. Строгие результаты, пер. с англ., М., 1971; [2] П е тр и на Д. Я. и д р., Математические основы классической статистической механики, Киев, 1975.</literature_orig>
    <unit>
      <author>Рюэль Д.</author>
      <title>Статистическая механика. Строгие результаты</title>
      <publication>пер. с англ., М.</publication>
      <year>1971</year>
      <other/>
    </unit>
    <unit>
      <title>П е тр и на Д. Я. и д р., Математические основы классической статистической механики, Киев</title>
      <publication/>
      <year>1975</year>
      <other/>
    </unit>
  </literature>
  <formulas_main/>
  <formulas_aux>
    <formula uri="http://libmeta.ru/fme/formula/aux/1097_1_KANONIChESKIJ">1 / v</formula>
    <formula uri="http://libmeta.ru/fme/formula/aux/1097_2_KANONIChESKIJ">\lambda</formula>
    <formula uri="http://libmeta.ru/fme/formula/aux/1097_3_KANONIChESKIJ">v</formula>
  </formulas_aux>
  <relations>
    <relation uri="http://libmeta.ru/fme/relation/1097_1_KANONIChESKIJ">
      <rel_text>Термодинамические функции</rel_text>
      <target>http://libmeta.ru/fme/article/3059_TERMODINAMIChESKIE</target>
    </relation>
    <relation uri="http://libmeta.ru/fme/relation/1097_2_KANONIChESKIJ">
      <rel_text>Боголюбова уравнения</rel_text>
      <target>http://libmeta.ru/fme/article/229_BOGOLJuBOVA</target>
    </relation>
    <relation uri="http://libmeta.ru/fme/relation/1097_3_KANONIChESKIJ">
      <rel_text>Лиувиля уравнения</rel_text>
      <target>http://libmeta.ru/fme/article/1627_LIUVILLJa</target>
    </relation>
    <relation uri="http://libmeta.ru/fme/relation/1097_4_KANONIChESKIJ">
      <rel_text>фазовом пространстве</rel_text>
      <target>http://libmeta.ru/fme/article/3242_FAZOVOE</target>
    </relation>
    <relation uri="http://libmeta.ru/fme/relation/1097_5_KANONIChESKIJ">
      <rel_text>распределения вероятностей</rel_text>
      <target>http://libmeta.ru/fme/article/2533_RASPREDELENIE</target>
    </relation>
    <relation uri="http://libmeta.ru/fme/relation/1097_6_KANONIChESKIJ">
      <rel_text>Состояния</rel_text>
      <target>http://libmeta.ru/fme/article/2867_SOSTOJaNI</target>
    </relation>
    <relation uri="http://libmeta.ru/fme/relation/1097_7_KANONIChESKIJ">
      <rel_text>энергией</rel_text>
      <target>http://libmeta.ru/fme/article/3530_ENERGI</target>
    </relation>
    <relation uri="http://libmeta.ru/fme/relation/1097_8_KANONIChESKIJ">
      <rel_text>области</rel_text>
      <target>http://libmeta.ru/fme/article/2006_OBLAST</target>
    </relation>
    <relation uri="http://libmeta.ru/fme/relation/1097_9_KANONIChESKIJ">
      <rel_text>плотностью</rel_text>
      <target>http://libmeta.ru/fme/article/2253_PLOTNOST</target>
    </relation>
    <relation uri="http://libmeta.ru/fme/relation/1097_10_KANONIChESKIJ">
      <rel_text>частиц</rel_text>
      <target>http://libmeta.ru/fme/article/3412_ChASTOT</target>
    </relation>
    <relation uri="http://libmeta.ru/fme/relation/1097_11_KANONIChESKIJ">
      <rel_text>состоящая</rel_text>
      <target>http://libmeta.ru/fme/article/2867_SOSTOJaNI</target>
    </relation>
    <relation uri="http://libmeta.ru/fme/relation/1097_12_KANONIChESKIJ">
      <rel_text>механики</rel_text>
      <target>http://libmeta.ru/fme/article/1777_MEHANIK</target>
    </relation>
  </relations>
  <text>система статистической URI[[http://libmeta.ru/fme/relation/1097_12_KANONIChESKIJ]]/URI, URI[[http://libmeta.ru/fme/relation/1097_11_KANONIChESKIJ]]/URI из фиксированного числа URI[[http://libmeta.ru/fme/relation/1097_10_KANONIChESKIJ]]/URI, распределенных с URI[[http://libmeta.ru/fme/relation/1097_9_KANONIChESKIJ]]/URI $URI[[http://libmeta.ru/fme/formula/aux/1097_1_KANONIChESKIJ]]/URI$ в конечной URI[[http://libmeta.ru/fme/relation/1097_8_KANONIChESKIJ]]/URI $URI[[http://libmeta.ru/fme/formula/aux/1097_2_KANONIChESKIJ]]/URI$ с объемом $URI[[http://libmeta.ru/fme/formula/aux/1097_3_KANONIChESKIJ]]/URI$. Они возникают, когда системы обмениваются с термостатом только URI[[http://libmeta.ru/fme/relation/1097_7_KANONIChESKIJ]]/URI, но не частицами, и все находятся в одинаковых условиях. URI[[http://libmeta.ru/fme/relation/1097_6_KANONIChESKIJ]]/URI систем в рамках К. а. описываются функцией URI[[http://libmeta.ru/fme/relation/1097_5_KANONIChESKIJ]]/URI на URI[[http://libmeta.ru/fme/relation/1097_4_KANONIChESKIJ]]/URI или последовательностью частичных функций распределения, к-рые являются решениями URI[[http://libmeta.ru/fme/relation/1097_3_KANONIChESKIJ]]/URI или URI[[http://libmeta.ru/fme/relation/1097_2_KANONIChESKIJ]]/URI соответственно.

См. также URI[[http://libmeta.ru/fme/relation/1097_1_KANONIChESKIJ]]/URI.</text>
  <text_orig>система статистической механики, состоящая из фиксированного числа частиц, распределенных с плотностью $1 / v$ в конечной области $\Lambda$ с объемом $V$. Они возникают, когда системы обмениваются с термостатом только энергией, но не частицами, и все находятся в одинаковых условиях. Состояния систем в рамках К. а. описываются функцией распределения вероятностей на фазовом пространстве или последовательностью частичных функций распределения, к-рые являются решениями Лиувиля уравнения или Боголюбова уравнения соответственно.

См. также Термодинамические функции.

Лит.: [1] Р юэль Д., Статистическая механика. Строгие результаты, пер. с англ., М., 1971; [2] П е тр и на Д. Я. и д р., Математические основы классической статистической механики, Киев, 1975. Д. Я. Петрина.</text_orig>
</article>
