<?xml version="1.0" ?>
<article uri="http://libmeta.ru/fme/article/1100_KANONIChESKIH">
  <title>КАНОНИЧЕСКИХ ПРЕОБРАЗОВАНИЙ ГРУППА; ПРОЕКТИВНОЕ ПРЕДСТАВЛЕНИЕ</title>
  <authors/>
  <title_short/>
  <pages>
    <start>235</start>
    <end>235</end>
  </pages>
  <literature>
    <literature_orig/>
  </literature>
  <formulas_main>
    <formula uri="http://libmeta.ru/fme/formula/main/1100_1_KANONIChESKIH">T_{g_{1}} T_{g_{2}}=\chi\left(g_{1}, g_{2}\right) T_{g_{1} g_{2}}+O(h)</formula>
  </formulas_main>
  <formulas_aux>
    <formula uri="http://libmeta.ru/fme/formula/aux/1100_1_KANONIChESKIH">g</formula>
    <formula uri="http://libmeta.ru/fme/formula/aux/1100_2_KANONIChESKIH">T_{g}</formula>
    <formula uri="http://libmeta.ru/fme/formula/aux/1100_3_KANONIChESKIH">\psi_{1}</formula>
    <formula uri="http://libmeta.ru/fme/formula/aux/1100_4_KANONIChESKIH">\psi_{2}</formula>
    <formula uri="http://libmeta.ru/fme/formula/aux/1100_5_KANONIChESKIH">g: \psi_{2}=T_{g} \psi_{1}</formula>
    <formula uri="http://libmeta.ru/fme/formula/aux/1100_6_KANONIChESKIH">g</formula>
    <formula uri="http://libmeta.ru/fme/formula/aux/1100_7_KANONIChESKIH">\Gamma_{g} \subset M \times M</formula>
    <formula uri="http://libmeta.ru/fme/formula/aux/1100_8_KANONIChESKIH">g((M, \omega)</formula>
    <formula uri="http://libmeta.ru/fme/formula/aux/1100_9_KANONIChESKIH">M \times M</formula>
    <formula uri="http://libmeta.ru/fme/formula/aux/1100_10_KANONIChESKIH">\Omega=\pi_{1}^{*} \omega-\pi_{2}^{*} \omega, \pi_{i}-</formula>
    <formula uri="http://libmeta.ru/fme/formula/aux/1100_11_KANONIChESKIH">i</formula>
    <formula uri="http://libmeta.ru/fme/formula/aux/1100_12_KANONIChESKIH">T_{g}^{*} \hat{H} T_{g}=\hat{\boldsymbol{G}}</formula>
    <formula uri="http://libmeta.ru/fme/formula/aux/1100_13_KANONIChESKIH">G(q, p)=H(g(q, p))</formula>
    <formula uri="http://libmeta.ru/fme/formula/aux/1100_14_KANONIChESKIH">H(q, p)</formula>
    <formula uri="http://libmeta.ru/fme/formula/aux/1100_15_KANONIChESKIH">\chi</formula>
    <formula uri="http://libmeta.ru/fme/formula/aux/1100_16_KANONIChESKIH">\begin{array}{ll}\text { в. 6, с. 115-73. } &amp; \text { В. E. Назайкинский. }\end{array}</formula>
  </formulas_aux>
  <relations/>
  <text>отображение, сопоставляющее каноническому преобразованию $URI[[http://libmeta.ru/fme/formula/aux/1100_1_KANONIChESKIH]]/URI$ оператор $URI[[http://libmeta.ru/fme/formula/aux/1100_2_KANONIChESKIH]]/URI$, задающий в квазиклассическом приближении связь между волновыми функциями $URI[[http://libmeta.ru/fme/formula/aux/1100_3_KANONIChESKIH]]/URI$ и $URI[[http://libmeta.ru/fme/formula/aux/1100_4_KANONIChESKIH]]/URI$ для одного и того же состояния в представлениях, связанных преобразованием $URI[[http://libmeta.ru/fme/formula/aux/1100_5_KANONIChESKIH]]/URI$. Ядро оператора $URI[[http://libmeta.ru/fme/formula/aux/1100_6_KANONIChESKIH]]/URI$ задается канонич. оператором Маслова на графике $URI[[http://libmeta.ru/fme/formula/aux/1100_7_KANONIChESKIH]]/URI$ преобразования $URI[[http://libmeta.ru/fme/formula/aux/1100_8_KANONIChESKIH]]/URI$ - фазовое пространство системы; $URI[[http://libmeta.ru/fme/formula/aux/1100_9_KANONIChESKIH]]/URI$ снабжается канонич. формой $URI[[http://libmeta.ru/fme/formula/aux/1100_10_KANONIChESKIH]]/URI$ проекция на $URI[[http://libmeta.ru/fme/formula/aux/1100_11_KANONIChESKIH]]/URI$-й сомножитель). Основное свойство проективного представления К. П.г.: $URI[[http://libmeta.ru/fme/formula/aux/1100_12_KANONIChESKIH]]/URI$, где $URI[[http://libmeta.ru/fme/formula/aux/1100_13_KANONIChESKIH]]/URI$, для любого гамильтониана $URI[[http://libmeta.ru/fme/formula/aux/1100_14_KANONIChESKIH]]/URI$ (см. [1]). Предложено обобщение проектив- ного представления К. П. г. на случай асимптотик по гладкости (см. [2]).

Мультипликатор $URI[[http://libmeta.ru/fme/formula/aux/1100_15_KANONIChESKIH]]/URI$ проективного представления К. п. г., определяемый соотношением

\[
URI[[http://libmeta.ru/fme/formula/main/1100_1_KANONIChESKIH]]/URI
\]

играет важную роль в топологии симплектич. многообразий (cM. [3]).

Лит.: [1] Фок В.А., Начала квантовой механики, 2 изд., М., 1976; [2] Е г о р о в Ю. В., «Успехи математич. наук», 1969, т. 24, в. 5, с. 235-36; [3] Ка рас е в М. В., Масл о в В. П., там же, 1984, т. 39, $URI[[http://libmeta.ru/fme/formula/aux/1100_16_KANONIChESKIH]]/URI$</text>
  <text_orig>отображение, сопоставляющее каноническому преобразованию $g$ оператор $T_{g}$, задающий в квазиклассическом приближении связь между волновыми функциями $\psi_{1}$ и $\psi_{2}$ для одного и того же состояния в представлениях, связанных преобразованием $g: \psi_{2}=T_{g} \psi_{1}$. Ядро оператора $g$ задается канонич. оператором Маслова на графике $\Gamma_{g} \subset M \times M$ преобразования $g((M, \omega)$ - фазовое пространство системы; $M \times M$ снабжается канонич. формой $\Omega=\pi_{1}^{*} \omega-\pi_{2}^{*} \omega, \pi_{i}-$ проекция на $i$-й сомножитель). Основное свойство проективного представления К. П.г.: $T_{g}^{*} \hat{H} T_{g}=\hat{\boldsymbol{G}}$, где $G(q, p)=H(g(q, p))$, для любого гамильтониана $H(q, p)$ (см. [1]). Предложено обобщение проектив- ного представления К. П. г. на случай асимптотик по гладкости (см. [2]).

Мультипликатор $\chi$ проективного представления К. п. г., определяемый соотношением

\[
T_{g_{1}} T_{g_{2}}=\chi\left(g_{1}, g_{2}\right) T_{g_{1} g_{2}}+O(h)
\]

играет важную роль в топологии симплектич. многообразий (cM. [3]).

Лит.: [1] Фок В.А., Начала квантовой механики, 2 изд., М., 1976; [2] Е г о р о в Ю. В., «Успехи математич. наук», 1969, т. 24, в. 5, с. 235-36; [3] Ка рас е в М. В., Масл о в В. П., там же, 1984, т. 39, $\begin{array}{ll}\text { в. 6, с. 115-73. } &amp; \text { В. E. Назайкинский. }\end{array}$</text_orig>
</article>
