<?xml version="1.0" ?>
<article uri="http://libmeta.ru/fme/article/1102_KANONIChESKIJ">
  <title>КАНОНИЧЕСКИЙ ЭЛЕМЕНТ АНАЛИТИЧЕСКОЙ ФУНКЦИИ</title>
  <authors/>
  <title_short/>
  <pages>
    <start>235</start>
    <end>235</end>
  </pages>
  <literature>
    <literature_orig/>
  </literature>
  <formulas_main/>
  <formulas_aux/>
  <relations>
    <relation uri="http://libmeta.ru/fme/relation/1102_48_KANONIChESKIJ">
      <rel_text>Аналитическое продолжение</rel_text>
      <target>http://libmeta.ru/fme/article/77_ANALITIChESKOE</target>
    </relation>
  </relations>
  <text>см. URI[[http://libmeta.ru/fme/relation/1102_48_KANONIChESKIJ]]/URI.</text>
  <text_orig>см. Аналитическое продолжение.</text_orig>
</article>
