<?xml version="1.0" ?>
<article uri="http://libmeta.ru/fme/article/1106_KANTOROVIChA">
  <title>КАНТОРОВИЧА ПРИЗНАК</title>
  <authors/>
  <title_short/>
  <pages>
    <start>237</start>
    <end>237</end>
  </pages>
  <literature>
    <literature_orig/>
  </literature>
  <formulas_main/>
  <formulas_aux/>
  <relations/>
  <text> - см. Интегральное уравнение.</text>
  <text_orig> - см. Интегральное уравнение.</text_orig>
</article>
