<?xml version="1.0" ?>
<article uri="http://libmeta.ru/fme/article/1106_KANONIChESKOE">
  <title>КАНОНИЧЕСКОЕ ПРЕОБРАЗОВАНИЕ; НОРМАЛЬНАЯ ФОРМА</title>
  <authors>
    <author>М. Б. Севрюк</author>
  </authors>
  <title_short/>
  <pages>
    <start>236</start>
    <end>237</end>
  </pages>
  <literature>
    <literature_orig>Лum.: [1] B irk h off G. D., «Acta math.», 1922, t. 43, p. 1-119.</literature_orig>
    <unit>
      <author>Birkhoff G. D.</author>
      <title>«Acta math.»</title>
      <publication/>
      <year>1922</year>
      <other>t. 43, p. 1-119.</other>
    </unit>
  </literature>
  <formulas_main>
    <formula uri="http://libmeta.ru/fme/formula/main/1106_1_KANONIChESKOE">F:(\tau, \varphi) \mapsto(\tau, \varphi+\partial S / \partial \tau),</formula>
    <formula uri="http://libmeta.ru/fme/formula/main/1106_2_KANONIChESKOE">R=O\left(|p|^{N}+|q|^{N}\right)</formula>
    <formula uri="http://libmeta.ru/fme/formula/main/1106_3_KANONIChESKOE">p_{k}=\sqrt{2 \tau_{k}} \cos \varphi_{k}, \quad q_{k}=\sqrt{2 \tau_{k}} \sin \varphi_{k} .</formula>
  </formulas_main>
  <formulas_aux>
    <formula uri="http://libmeta.ru/fme/formula/aux/1106_1_KANONIChESKOE">O \in \mathbb{R}^{2 n}</formula>
    <formula uri="http://libmeta.ru/fme/formula/aux/1106_2_KANONIChESKOE">C^{\infty}</formula>
    <formula uri="http://libmeta.ru/fme/formula/aux/1106_3_KANONIChESKOE">G</formula>
    <formula uri="http://libmeta.ru/fme/formula/aux/1106_4_KANONIChESKOE">G(O)=0</formula>
    <formula uri="http://libmeta.ru/fme/formula/aux/1106_5_KANONIChESKOE">\exp \left( \pm i \omega_{k}\right)</formula>
    <formula uri="http://libmeta.ru/fme/formula/aux/1106_6_KANONIChESKOE">G</formula>
    <formula uri="http://libmeta.ru/fme/formula/aux/1106_7_KANONIChESKOE">O</formula>
    <formula uri="http://libmeta.ru/fme/formula/aux/1106_8_KANONIChESKOE">\exp \left(i\left(m_{1} \omega_{1}+\ldots+m_{n} \omega_{n}\right)\right) \neq 1</formula>
    <formula uri="http://libmeta.ru/fme/formula/aux/1106_9_KANONIChESKOE">m_{1}, \ldots, m_{n}</formula>
    <formula uri="http://libmeta.ru/fme/formula/aux/1106_10_KANONIChESKOE">N</formula>
    <formula uri="http://libmeta.ru/fme/formula/aux/1106_11_KANONIChESKOE">\mathbb{R}^{2 n}</formula>
    <formula uri="http://libmeta.ru/fme/formula/aux/1106_12_KANONIChESKOE">p, q</formula>
    <formula uri="http://libmeta.ru/fme/formula/aux/1106_13_KANONIChESKOE">O</formula>
    <formula uri="http://libmeta.ru/fme/formula/aux/1106_14_KANONIChESKOE">G</formula>
    <formula uri="http://libmeta.ru/fme/formula/aux/1106_15_KANONIChESKOE">F+R</formula>
    <formula uri="http://libmeta.ru/fme/formula/aux/1106_16_KANONIChESKOE">F</formula>
    <formula uri="http://libmeta.ru/fme/formula/aux/1106_17_KANONIChESKOE">S=S(\tau)</formula>
    <formula uri="http://libmeta.ru/fme/formula/aux/1106_18_KANONIChESKOE">\tau, \varphi</formula>
    <formula uri="http://libmeta.ru/fme/formula/aux/1106_19_KANONIChESKOE">F</formula>
  </formulas_aux>
  <relations/>
  <text>простейший вид, к которому можно привести каноническое преобразование в окрестности неподвижной точки с помощью канонической замены координат.

Те о рема. Пусть в окрестности точки $URI[[http://libmeta.ru/fme/formula/aux/1106_1_KANONIChESKOE]]/URI$ задано $URI[[http://libmeta.ru/fme/formula/aux/1106_2_KANONIChESKOE]]/URI$-гладкое канонич. преобразование $URI[[http://libmeta.ru/fme/formula/aux/1106_3_KANONIChESKOE]]/URI$, причем $URI[[http://libmeta.ru/fme/formula/aux/1106_4_KANONIChESKOE]]/URI$ и все собственные числа $URI[[http://libmeta.ru/fme/formula/aux/1106_5_KANONIChESKOE]]/URI$ линеаризации отображения $URI[[http://libmeta.ru/fme/formula/aux/1106_6_KANONIChESKOE]]/URI$ в $URI[[http://libmeta.ru/fme/formula/aux/1106_7_KANONIChESKOE]]/URI$ лежат на единичной окружности и нерезонансны, то есть $URI[[http://libmeta.ru/fme/formula/aux/1106_8_KANONIChESKOE]]/URI$ для любого набора целых чисел $URI[[http://libmeta.ru/fme/formula/aux/1106_9_KANONIChESKOE]]/URI$, не все из к-рых равны 0. Тогда для всякого натурального $URI[[http://libmeta.ru/fme/formula/aux/1106_10_KANONIChESKOE]]/URI$ в $URI[[http://libmeta.ru/fme/formula/aux/1106_11_KANONIChESKOE]]/URI$ существует система канонически сопряженных координат $URI[[http://libmeta.ru/fme/formula/aux/1106_12_KANONIChESKOE]]/URI$ с центром в $URI[[http://libmeta.ru/fme/formula/aux/1106_13_KANONIChESKOE]]/URI$, в к-рой преобразование $URI[[http://libmeta.ru/fme/formula/aux/1106_14_KANONIChESKOE]]/URI$ представимо как $URI[[http://libmeta.ru/fme/formula/aux/1106_15_KANONIChESKOE]]/URI$, где $URI[[http://libmeta.ru/fme/formula/aux/1106_16_KANONIChESKOE]]/URI$ имеет вид:

\[
URI[[http://libmeta.ru/fme/formula/main/1106_1_KANONIChESKOE]]/URI
\] \section{а остаточный член}

\[
URI[[http://libmeta.ru/fme/formula/main/1106_2_KANONIChESKOE]]/URI
\]

Здесь $URI[[http://libmeta.ru/fme/formula/aux/1106_17_KANONIChESKOE]]/URI$, а канонически сопряженные полярные координаты $URI[[http://libmeta.ru/fme/formula/aux/1106_18_KANONIChESKOE]]/URI$ определяются из соотношений

\[
URI[[http://libmeta.ru/fme/formula/main/1106_3_KANONIChESKOE]]/URI
\]

Отображение $URI[[http://libmeta.ru/fme/formula/aux/1106_19_KANONIChESKOE]]/URI$ называется нормальной формой Би икгофа.</text>
  <text_orig>простейший вид, к которому можно привести каноническое преобразование в окрестности неподвижной точки с помощью канонической замены координат.

Те о рема. Пусть в окрестности точки $O \in \mathbb{R}^{2 n}$ задано $C^{\infty}$-гладкое канонич. преобразование $G$, причем $G(O)=0$ и все собственные числа $\exp \left( \pm i \omega_{k}\right)$ линеаризации отображения $G$ в $O$ лежат на единичной окружности и нерезонансны, то есть $\exp \left(i\left(m_{1} \omega_{1}+\ldots+m_{n} \omega_{n}\right)\right) \neq 1$ для любого набора целых чисел $m_{1}, \ldots, m_{n}$, не все из к-рых равны 0. Тогда для всякого натурального $N$ в $\mathbb{R}^{2 n}$ существует система канонически сопряженных координат $p, q$ с центром в $O$, в к-рой преобразование $G$ представимо как $F+R$, где $F$ имеет вид:

\[
F:(\tau, \varphi) \mapsto(\tau, \varphi+\partial S / \partial \tau),
\] \section{а остаточный член}

\[
R=O\left(|p|^{N}+|q|^{N}\right)
\]

Здесь $S=S(\tau)$, а канонически сопряженные полярные координаты $\tau, \varphi$ определяются из соотношений

\[
p_{k}=\sqrt{2 \tau_{k}} \cos \varphi_{k}, \quad q_{k}=\sqrt{2 \tau_{k}} \sin \varphi_{k} .
\]

Отображение $F$ называется нормальной формой Би икгофа.

Лum.: [1] B irk h off G. D., «Acta math.», 1922, t. 43, p. 1-119.

М. Б. Севрюк.</text_orig>
</article>
