<?xml version="1.0" ?>
<article uri="http://libmeta.ru/fme/article/1108_KANTOROVIChA">
  <title>КАНТОРОВИЧА ПРИЗНАК</title>
  <authors/>
  <title_short/>
  <pages>
    <start>237</start>
    <end>237</end>
  </pages>
  <literature>
    <literature_orig/>
  </literature>
  <formulas_main/>
  <formulas_aux/>
  <relations>
    <relation uri="http://libmeta.ru/fme/relation/1108_50_KANTOROVIChA">
      <rel_text>Интегральное уравнение</rel_text>
      <target>http://libmeta.ru/fme/article/1033_INTEGRAL'NOE</target>
    </relation>
  </relations>
  <text>см. URI[[http://libmeta.ru/fme/relation/1108_50_KANTOROVIChA]]/URI.</text>
  <text_orig>см. Интегральное уравнение.</text_orig>
</article>
