<?xml version="1.0" ?>
<article uri="http://libmeta.ru/fme/article/1112_KARTANA">
  <title>КАРТАНА ПРИНЦИП</title>
  <authors/>
  <title_short/>
  <pages>
    <start>237</start>
    <end>237</end>
  </pages>
  <literature>
    <literature_orig/>
  </literature>
  <formulas_main/>
  <formulas_aux/>
  <relations/>
  <text>см. Сохранения количества движения и энергии принцип.</text>
  <text_orig>см. Сохранения количества движения и энергии принцип.</text_orig>
</article>
