<?xml version="1.0" ?>
<article uri="http://libmeta.ru/fme/article/1112_KARTA">
  <title>КАРТА ОТОБРАЖЕНИЯ</title>
  <authors/>
  <title_short/>
  <pages>
    <start>237</start>
    <end>237</end>
  </pages>
  <literature>
    <literature_orig/>
  </literature>
  <formulas_main/>
  <formulas_aux/>
  <relations>
    <relation uri="http://libmeta.ru/fme/relation/1112_53_KARTA">
      <rel_text>Многообразие</rel_text>
      <target>http://libmeta.ru/fme/article/1803_MNOGOOBRAZI</target>
    </relation>
  </relations>
  <text>см. URI[[http://libmeta.ru/fme/relation/1112_53_KARTA]]/URI.</text>
  <text_orig>см. Многообразие.</text_orig>
</article>
