<?xml version="1.0" ?>
<article uri="http://libmeta.ru/fme/article/1116_KARTANA" alphabetic_pos="1118">
  <title>КАРТАНА СВЯЗНОСТЬ</title>
  <authors/>
  <pages>
    <start>237</start>
    <end>237</end>
  </pages>
  <literature>
    <literature_orig>Лum.: [1] Т р о ф и м о в В. В., Введение в геометрию многообразий с симметриями, М., 1989; [2] К о ба я с и Ш., Группы преобразований в дифференциальной геометрии, пер. с англ., М., 1986.</literature_orig>
    <unit>
      <author>Трофимов В. В.</author>
      <title>Введение в геометрию многообразий с симметриями</title>
      <publication>М.</publication>
      <year>1989</year>
      <other/>
    </unit>
    <unit>
      <author>Кобаяси Ш.</author>
      <title>Группы преобразований в дифференциальной геометрии</title>
      <publication>пер. с англ., М.</publication>
      <year>1986</year>
      <other/>
    </unit>
  </literature>
  <formulas_main/>
  <formulas_aux>
    <formula uri="http://libmeta.ru/fme/formula/aux/1116_1_KARTANA">g</formula>
    <formula uri="http://libmeta.ru/fme/formula/aux/1116_2_KARTANA">p</formula>
    <formula uri="http://libmeta.ru/fme/formula/aux/1116_3_KARTANA">m^{n}</formula>
    <formula uri="http://libmeta.ru/fme/formula/aux/1116_4_KARTANA">n</formula>
    <formula uri="http://libmeta.ru/fme/formula/aux/1116_5_KARTANA">g</formula>
    <formula uri="http://libmeta.ru/fme/formula/aux/1116_6_KARTANA">h</formula>
    <formula uri="http://libmeta.ru/fme/formula/aux/1116_7_KARTANA">\operatorname{dim} H / G=n</formula>
    <formula uri="http://libmeta.ru/fme/formula/aux/1116_8_KARTANA">a^{*}</formula>
    <formula uri="http://libmeta.ru/fme/formula/aux/1116_9_KARTANA">p</formula>
    <formula uri="http://libmeta.ru/fme/formula/aux/1116_10_KARTANA">a \in L(G)</formula>
    <formula uri="http://libmeta.ru/fme/formula/aux/1116_11_KARTANA">l(g)</formula>
    <formula uri="http://libmeta.ru/fme/formula/aux/1116_12_KARTANA">g</formula>
    <formula uri="http://libmeta.ru/fme/formula/aux/1116_13_KARTANA">r_{a}</formula>
    <formula uri="http://libmeta.ru/fme/formula/aux/1116_14_KARTANA">a \in G</formula>
    <formula uri="http://libmeta.ru/fme/formula/aux/1116_15_KARTANA">p</formula>
    <formula uri="http://libmeta.ru/fme/formula/aux/1116_16_KARTANA">\omega</formula>
    <formula uri="http://libmeta.ru/fme/formula/aux/1116_17_KARTANA">p</formula>
    <formula uri="http://libmeta.ru/fme/formula/aux/1116_18_KARTANA">l(h)</formula>
    <formula uri="http://libmeta.ru/fme/formula/aux/1116_19_KARTANA">h</formula>
    <formula uri="http://libmeta.ru/fme/formula/aux/1116_20_KARTANA">\omega\left(a^{*}\right)=a</formula>
    <formula uri="http://libmeta.ru/fme/formula/aux/1116_21_KARTANA">a \in L(G)</formula>
    <formula uri="http://libmeta.ru/fme/formula/aux/1116_22_KARTANA">\left(r_{a}\right)^{*} \omega=\operatorname{Ad}\left(a^{-1}\right) \omega, a \in G</formula>
    <formula uri="http://libmeta.ru/fme/formula/aux/1116_23_KARTANA">\omega(x) \neq 0</formula>
    <formula uri="http://libmeta.ru/fme/formula/aux/1116_24_KARTANA">x</formula>
    <formula uri="http://libmeta.ru/fme/formula/aux/1116_25_KARTANA">p</formula>
    <formula uri="http://libmeta.ru/fme/formula/aux/1116_26_KARTANA">\omega</formula>
    <formula uri="http://libmeta.ru/fme/formula/aux/1116_27_KARTANA">\omega: T_{u}(P) \rightarrow L(H)</formula>
  </formulas_aux>
  <relations n="3">
    <relation uri="http://libmeta.ru/fme/relation/1116_1_KARTANA">
      <rel_text>изоморфизм</rel_text>
      <target>http://libmeta.ru/fme/article/978_IZOMORFIZ</target>
    </relation>
    <relation uri="http://libmeta.ru/fme/relation/1116_2_KARTANA">
      <rel_text>расслоения</rel_text>
      <target>http://libmeta.ru/fme/article/2558_RASSTROJK</target>
    </relation>
    <relation uri="http://libmeta.ru/fme/relation/1116_3_KARTANA">
      <rel_text>вектора</rel_text>
      <target>http://libmeta.ru/fme/article/342_VEKTO</target>
    </relation>
  </relations>
  <text>связность в главном $URI[[http://libmeta.ru/fme/formula/aux/1116_1_KARTANA]]/URI$-расслоении $URI[[http://libmeta.ru/fme/formula/aux/1116_2_KARTANA]]/URI$ над многообразием $URI[[http://libmeta.ru/fme/formula/aux/1116_3_KARTANA]]/URI$ размерности $URI[[http://libmeta.ru/fme/formula/aux/1116_4_KARTANA]]/URI$, определяемая следующим образом. Пусть $URI[[http://libmeta.ru/fme/formula/aux/1116_5_KARTANA]]/URI$ является такой замкнутой подгруппой в группе Ли $URI[[http://libmeta.ru/fme/formula/aux/1116_6_KARTANA]]/URI$, что $URI[[http://libmeta.ru/fme/formula/aux/1116_7_KARTANA]]/URI$; через $URI[[http://libmeta.ru/fme/formula/aux/1116_8_KARTANA]]/URI$ обозначается фундаментальное векторное поле на $URI[[http://libmeta.ru/fme/formula/aux/1116_9_KARTANA]]/URI$, соответствующее элементу $URI[[http://libmeta.ru/fme/formula/aux/1116_10_KARTANA]]/URI$ алгебры Ли $URI[[http://libmeta.ru/fme/formula/aux/1116_11_KARTANA]]/URI$ группы Ли $URI[[http://libmeta.ru/fme/formula/aux/1116_12_KARTANA]]/URI$ и $URI[[http://libmeta.ru/fme/formula/aux/1116_13_KARTANA]]/URI$ - правый сдвиг элементом $URI[[http://libmeta.ru/fme/formula/aux/1116_14_KARTANA]]/URI$. К. с. в расслоении $URI[[http://libmeta.ru/fme/formula/aux/1116_15_KARTANA]]/URI$ - это 1-форма $URI[[http://libmeta.ru/fme/formula/aux/1116_16_KARTANA]]/URI$ на $URI[[http://libmeta.ru/fme/formula/aux/1116_17_KARTANA]]/URI$ со значениями в алгебре Ли $URI[[http://libmeta.ru/fme/formula/aux/1116_18_KARTANA]]/URI$ группы Ли $URI[[http://libmeta.ru/fme/formula/aux/1116_19_KARTANA]]/URI$, удовлетворяющая условиям:

а) $URI[[http://libmeta.ru/fme/formula/aux/1116_20_KARTANA]]/URI$ для $URI[[http://libmeta.ru/fme/formula/aux/1116_21_KARTANA]]/URI$;

б) $URI[[http://libmeta.ru/fme/formula/aux/1116_22_KARTANA]]/URI$;

в) $URI[[http://libmeta.ru/fme/formula/aux/1116_23_KARTANA]]/URI$ для каждого ненулевого URI[[http://libmeta.ru/fme/relation/1116_3_KARTANA]]/URI $URI[[http://libmeta.ru/fme/formula/aux/1116_24_KARTANA]]/URI$ URI[[http://libmeta.ru/fme/relation/1116_2_KARTANA]]/URI $URI[[http://libmeta.ru/fme/formula/aux/1116_25_KARTANA]]/URI$.

Последнее условие означает, что $URI[[http://libmeta.ru/fme/formula/aux/1116_26_KARTANA]]/URI$ определяет линейный URI[[http://libmeta.ru/fme/relation/1116_1_KARTANA]]/URI $URI[[http://libmeta.ru/fme/formula/aux/1116_27_KARTANA]]/URI$.</text>
  <text_orig>связность в главном $G$-расслоении $P$ над многообразием $M^{n}$ размерности $n$, определяемая следуюшим образом. Пусть $G$ является такой замкнутой подгруппой в группе Ли $H$, что $\operatorname{dim} H / G=n$; через $A^{*}$ обозначается фундаментальное векторное поле на $P$, соответствующее элементу $A \in L(G)$ алгебры Ли $L(G)$ группы Ли $G$ и $R_{a}$ - правый сдвиг элементом $a \in G$. К. с. в расслоении $P$ - это 1-форма $\omega$ на $P$ со значениями в алгебре Ли $L(H)$ группы Ли $H$, удовлетворяющая условиям:

а) $\omega\left(A^{*}\right)=A$ для $A \in L(G)$;

б) $\left(R_{a}\right)^{*} \omega=\operatorname{Ad}\left(a^{-1}\right) \omega, a \in G$;

в) $\omega(X) \neq 0$ для каждого ненулевого вектора $X$ расслоения $P$.

Последнее условие означает, что $\omega$ определяет линейный изоморфизм $\omega: T_{u}(P) \rightarrow L(H)$. Лum.: [1] Т р о ф и м о в В. В., Введение в геометрию многообразий с симметриями, М., 1989; [2] К о ба я с и Ш., Группы преобразований в дифференциальной геометрии, пер. с англ., М., 1986.</text_orig>
</article>
