<?xml version="1.0" ?>
<article uri="http://libmeta.ru/fme/article/1118_KASKAD,">
  <title>КАСКАД, ДИНАМИЧЕСКАЯ СИСТЕМА С ДИСКРЕТНЫМ ВРЕМЕНЕМ</title>
  <authors/>
  <title_short/>
  <pages>
    <start>237</start>
    <end>238</end>
  </pages>
  <literature>
    <literature_orig/>
  </literature>
  <formulas_main>
    <formula uri="http://libmeta.ru/fme/formula/main/1118_1_KASKAD,">S_{n+m}(w)=S_{n}\left(S_{m}(w)\right), w \in W</formula>
    <formula uri="http://libmeta.ru/fme/formula/main/1118_2_KASKAD,">S_{n}=(S)^{n} \text { при } n&gt;0, S_{n}=\left(S^{-1}\right)^{n} \text { при } n&lt;0 .</formula>
    <formula uri="http://libmeta.ru/fme/formula/main/1118_3_KASKAD,">\begin{gathered}
F=x^{5}+\mu_{1} x^{2}+\mu_{2} x^{2}+\mu_{3} x ; \\
F=x_{1}^{2} x_{2} \pm x_{2}^{3}+\mu_{1} x_{2}^{2}+\mu_{2} x_{2}+\mu_{3} x_{1} .
\end{gathered}</formula>
  </formulas_main>
  <formulas_aux>
    <formula uri="http://libmeta.ru/fme/formula/aux/1118_1_KASKAD,">\mathbb{Z}</formula>
    <formula uri="http://libmeta.ru/fme/formula/aux/1118_2_KASKAD,">\mathbb{N}</formula>
    <formula uri="http://libmeta.ru/fme/formula/aux/1118_3_KASKAD,">W</formula>
    <formula uri="http://libmeta.ru/fme/formula/aux/1118_4_KASKAD,">n</formula>
    <formula uri="http://libmeta.ru/fme/formula/aux/1118_5_KASKAD,">S_{n}: W \rightarrow W</formula>
    <formula uri="http://libmeta.ru/fme/formula/aux/1118_6_KASKAD,">S_{n}</formula>
    <formula uri="http://libmeta.ru/fme/formula/aux/1118_7_KASKAD,">S=S_{1}</formula>
    <formula uri="http://libmeta.ru/fme/formula/aux/1118_8_KASKAD,">n&lt;0</formula>
    <formula uri="http://libmeta.ru/fme/formula/aux/1118_9_KASKAD,">S</formula>
    <formula uri="http://libmeta.ru/fme/formula/aux/1118_10_KASKAD,">\partial y / \partial x_{i}=0</formula>
    <formula uri="http://libmeta.ru/fme/formula/aux/1118_11_KASKAD,">\left\|\partial^{2} y / \partial x_{i} \partial x_{j}\right\|</formula>
    <formula uri="http://libmeta.ru/fme/formula/aux/1118_12_KASKAD,">y= \pm x_{1}^{2} \pm \ldots \pm x_{n}^{2}+C</formula>
    <formula uri="http://libmeta.ru/fme/formula/aux/1118_13_KASKAD,">y=x^{2}</formula>
    <formula uri="http://libmeta.ru/fme/formula/aux/1118_14_KASKAD,">y=x^{3}</formula>
    <formula uri="http://libmeta.ru/fme/formula/aux/1118_15_KASKAD,">x^{3}</formula>
    <formula uri="http://libmeta.ru/fme/formula/aux/1118_16_KASKAD,">x^{3}-\varepsilon x</formula>
    <formula uri="http://libmeta.ru/fme/formula/aux/1118_17_KASKAD,">\left(\mathbb{R}^{2} \rightarrow \mathbb{R}^{2}\right.</formula>
    <formula uri="http://libmeta.ru/fme/formula/aux/1118_18_KASKAD,">\left(y_{1}=x_{1}^{2}, y_{2}=x_{2}\right)</formula>
    <formula uri="http://libmeta.ru/fme/formula/aux/1118_19_KASKAD,">\left(y_{1}=x_{1}^{3}+x_{1} x_{2}, y_{2}=x_{2}\right)</formula>
    <formula uri="http://libmeta.ru/fme/formula/aux/1118_20_KASKAD,">y_{1}=x_{1}^{3}+x_{1} x_{2}</formula>
    <formula uri="http://libmeta.ru/fme/formula/aux/1118_21_KASKAD,">\left(x_{1}, x_{2}, y_{1}\right)</formula>
    <formula uri="http://libmeta.ru/fme/formula/aux/1118_22_KASKAD,">\left(y_{1}, x_{2}\right)</formula>
    <formula uri="http://libmeta.ru/fme/formula/aux/1118_23_KASKAD,">\mathbb{R}^{3} \rightarrow \mathbb{R}^{3}</formula>
    <formula uri="http://libmeta.ru/fme/formula/aux/1118_24_KASKAD,">\mathbb{R}^{4} \rightarrow \mathbb{R}^{4}</formula>
    <formula uri="http://libmeta.ru/fme/formula/aux/1118_25_KASKAD,">y_{1}=x_{1}^{2}</formula>
    <formula uri="http://libmeta.ru/fme/formula/aux/1118_26_KASKAD,">y_{i}=x_{i}, i&gt;1</formula>
    <formula uri="http://libmeta.ru/fme/formula/aux/1118_27_KASKAD,">y_{1}=x_{1}^{3}+x_{1} x_{2}, y_{i}=x_{i}, i&gt;1</formula>
    <formula uri="http://libmeta.ru/fme/formula/aux/1118_28_KASKAD,">y_{1}=x_{1}^{4}+x_{1}^{2} x_{2}+</formula>
    <formula uri="http://libmeta.ru/fme/formula/aux/1118_29_KASKAD,">+x_{1} x_{3}, \quad y_{i}=x_{i}, \quad i&gt;1 ;</formula>
    <formula uri="http://libmeta.ru/fme/formula/aux/1118_30_KASKAD,">y_{1}=x_{1}^{2} \pm x_{2}^{2}+x_{1} x_{3}+x_{2} x_{4}, \quad y_{2}=x_{1} x_{2}</formula>
    <formula uri="http://libmeta.ru/fme/formula/aux/1118_31_KASKAD,">y_{3}=x_{3}, y_{4}=x_{4}</formula>
    <formula uri="http://libmeta.ru/fme/formula/aux/1118_32_KASKAD,">\mathbb{R}^{2} \rightarrow \mathbb{R}^{3}</formula>
    <formula uri="http://libmeta.ru/fme/formula/aux/1118_33_KASKAD,">y_{1}=x_{1}^{2}, y_{2}=x_{1} x_{2}, y_{3}=x_{2}</formula>
    <formula uri="http://libmeta.ru/fme/formula/aux/1118_34_KASKAD,">\mathbb{R}^{n} \rightarrow \mathbb{R}^{n}</formula>
    <formula uri="http://libmeta.ru/fme/formula/aux/1118_35_KASKAD,">n&gt;8</formula>
    <formula uri="http://libmeta.ru/fme/formula/aux/1118_36_KASKAD,">\dot{x}=\theta(x, \varepsilon)</formula>
    <formula uri="http://libmeta.ru/fme/formula/aux/1118_37_KASKAD,">\theta</formula>
    <formula uri="http://libmeta.ru/fme/formula/aux/1118_38_KASKAD,">n</formula>
    <formula uri="http://libmeta.ru/fme/formula/aux/1118_39_KASKAD,">\{x\}</formula>
    <formula uri="http://libmeta.ru/fme/formula/aux/1118_40_KASKAD,">k</formula>
    <formula uri="http://libmeta.ru/fme/formula/aux/1118_41_KASKAD,">\varepsilon</formula>
    <formula uri="http://libmeta.ru/fme/formula/aux/1118_42_KASKAD,">(n+k)</formula>
    <formula uri="http://libmeta.ru/fme/formula/aux/1118_43_KASKAD,">\{x, \varepsilon\} k</formula>
    <formula uri="http://libmeta.ru/fme/formula/aux/1118_44_KASKAD,">\theta(x, \varepsilon)=0</formula>
    <formula uri="http://libmeta.ru/fme/formula/aux/1118_45_KASKAD,">\{\varepsilon\}</formula>
    <formula uri="http://libmeta.ru/fme/formula/aux/1118_46_KASKAD,">\{\varepsilon\}</formula>
    <formula uri="http://libmeta.ru/fme/formula/aux/1118_47_KASKAD,">\varepsilon</formula>
    <formula uri="http://libmeta.ru/fme/formula/aux/1118_48_KASKAD,">t</formula>
    <formula uri="http://libmeta.ru/fme/formula/aux/1118_49_KASKAD,">t</formula>
    <formula uri="http://libmeta.ru/fme/formula/aux/1118_50_KASKAD,">x^{2}=y^{3}</formula>
    <formula uri="http://libmeta.ru/fme/formula/aux/1118_51_KASKAD,">(a, b, c)</formula>
    <formula uri="http://libmeta.ru/fme/formula/aux/1118_52_KASKAD,">x^{4}+a x^{2}+b x+c</formula>
    <formula uri="http://libmeta.ru/fme/formula/aux/1118_53_KASKAD,">\mu</formula>
    <formula uri="http://libmeta.ru/fme/formula/aux/1118_54_KASKAD,">(x, \mu) \rightarrow \mu</formula>
    <formula uri="http://libmeta.ru/fme/formula/aux/1118_55_KASKAD,">F(x, \mu)=0</formula>
    <formula uri="http://libmeta.ru/fme/formula/aux/1118_56_KASKAD,">\mu</formula>
    <formula uri="http://libmeta.ru/fme/formula/aux/1118_57_KASKAD,">F</formula>
    <formula uri="http://libmeta.ru/fme/formula/aux/1118_58_KASKAD,">x</formula>
    <formula uri="http://libmeta.ru/fme/formula/aux/1118_59_KASKAD,">\mu</formula>
    <formula uri="http://libmeta.ru/fme/formula/aux/1118_60_KASKAD,">x \rightarrow \partial S / \partial x</formula>
    <formula uri="http://libmeta.ru/fme/formula/aux/1118_61_KASKAD,">\mu</formula>
    <formula uri="http://libmeta.ru/fme/formula/aux/1118_62_KASKAD,">F(x, \mu)</formula>
    <formula uri="http://libmeta.ru/fme/formula/aux/1118_63_KASKAD,">x</formula>
    <formula uri="http://libmeta.ru/fme/formula/aux/1118_64_KASKAD,">\lambda^{-\nu}</formula>
    <formula uri="http://libmeta.ru/fme/formula/aux/1118_65_KASKAD,">\lambda-</formula>
    <formula uri="http://libmeta.ru/fme/formula/aux/1118_66_KASKAD,">v</formula>
    <formula uri="http://libmeta.ru/fme/formula/aux/1118_67_KASKAD,">1 / 6</formula>
    <formula uri="http://libmeta.ru/fme/formula/aux/1118_68_KASKAD,">\left(A_{2}\right.</formula>
    <formula uri="http://libmeta.ru/fme/formula/aux/1118_69_KASKAD,">1 / 4</formula>
    <formula uri="http://libmeta.ru/fme/formula/aux/1118_70_KASKAD,">A_{3}</formula>
    <formula uri="http://libmeta.ru/fme/formula/aux/1118_71_KASKAD,">3 / 10</formula>
    <formula uri="http://libmeta.ru/fme/formula/aux/1118_72_KASKAD,">A_{4}</formula>
    <formula uri="http://libmeta.ru/fme/formula/aux/1118_73_KASKAD,">D_{4}</formula>
    <formula uri="http://libmeta.ru/fme/formula/aux/1118_74_KASKAD,">A_{k} \sim S U(k+1), D_{k} \sim O(2 k)</formula>
    <formula uri="http://libmeta.ru/fme/formula/aux/1118_75_KASKAD,">S U(2)]</formula>
    <formula uri="http://libmeta.ru/fme/formula/aux/1118_76_KASKAD,">v</formula>
  </formulas_aux>
  <relations/>
  <text>динамическая система, определяемая действием аддитивной группы целых чисел $URI[[http://libmeta.ru/fme/formula/aux/1118_1_KASKAD,]]/URI$ (или аддитивной полугруппы натуральных чисел $URI[[http://libmeta.ru/fme/formula/aux/1118_2_KASKAD,]]/URI$ ) на некотором фазовом пространстве $URI[[http://libmeta.ru/fme/formula/aux/1118_3_KASKAD,]]/URI$. Согласно общему определению действия группы (полугруппы), это означает, что каждому целому (натуральному) числу $URI[[http://libmeta.ru/fme/formula/aux/1118_4_KASKAD,]]/URI$ сопоставлено нек-рое преобразование $URI[[http://libmeta.ru/fme/formula/aux/1118_5_KASKAD,]]/URI$, причем

\[
URI[[http://libmeta.ru/fme/formula/main/1118_1_KASKAD,]]/URI
\]

Поэтому все преобразования $URI[[http://libmeta.ru/fme/formula/aux/1118_6_KASKAD,]]/URI$ получаются из одного преобразования $URI[[http://libmeta.ru/fme/formula/aux/1118_7_KASKAD,]]/URI$ посредством итерирования и (если $URI[[http://libmeta.ru/fme/formula/aux/1118_8_KASKAD,]]/URI$ ) обращения:

\[
URI[[http://libmeta.ru/fme/formula/main/1118_2_KASKAD,]]/URI
\]

Тем самым изучение К. по существу сводится к изучению свойств порождающего его преобразования $URI[[http://libmeta.ru/fme/formula/aux/1118_9_KASKAD,]]/URI$, и в этом смысле К. являются простейшими динамич. системами. Поэтому К. исследуются весьма интенсивно, хотя в приложениях чаще всего встречаются динамич. системы с непрерывным временем (потоки). Принципиальная сторона дела для потоков и К. обычно одинакова, но случай К. несколько проще технически, и в то же время полученные для них результаты часто без особого труда удается перенести на потоки - иногда путем формальной редукции свойств потоков к свойствам К., но чаще путем нек-рого видоизменения доказательств.

См. также Символическая динамика. КАТАСТРОФ ТЕОРИЯ - совокупность приложений теории особенностей дифференцируемых (гладких) отображений Х. Уитни (H. Whitney) и теории бифуркаций А. Пуанкаpe (Н. Poincaré) и А. А. Андронова. Название введено Р. Томом (R. Thom) в 1972. К. т. применяется к геометрич. и физич. оптике, гидродинамике, устойчивости кораблей, а также к исследованию биений сердца, эмбриологии, социологии, лингвистике, экспериментальной психологии, экономике, геологии, теории элементарных частиц и моделированию деятельности мозга и психич. расстройств и т. п. Поскольку гладкие отображения встречаются повсеместно, неудивительно, что повсеместно встречаются и их особенности. Когда явление описывается гладким отображением и нет причин для нетипичности (напр., симметрий), применение теории особенностей оправдано и полезно (в оптике, теории упругости и др.), тогда как в нек-рых из описанных P. Томом и Э. Зиманом (E. Zeeman) приложений сомнительно уже существование изучаемого отображения (в биологии, лингвистике, социологии).

Теория особенностей обобщает исследование экстремумов функций на случай нескольких функций любого числа переменных. К р и т и чес к о й точ ко й функции у называется точка, в к-рой все первые частные производные равны нулю: $URI[[http://libmeta.ru/fme/formula/aux/1118_10_KASKAD,]]/URI$; критич. точка называется не выро ж д е н н о й, если матрица $URI[[http://libmeta.ru/fme/formula/aux/1118_11_KASKAD,]]/URI$ невырождена, то есть ее определитель отличен от нуля. У типичной функции все критич. точки невырождены. Любая гладкая функция в окрестности каждой невырожденной критич. точки приводится к одной из так наз. нор мальных форм Морса $URI[[http://libmeta.ru/fme/formula/aux/1118_12_KASKAD,]]/URI$, гладкой заменой независимых переменных. Эти невырожденные особенности устойчивы: напр., всякая функция, достаточно близкая к $URI[[http://libmeta.ru/fme/formula/aux/1118_13_KASKAD,]]/URI$ (с производными), имеет в подходящей точке вблизи нуля подобную же особенность (невырожденную точку минимума). Все более сложные особенности неустойчивы. Напр., вырожденная критич. точка функции $URI[[http://libmeta.ru/fme/formula/aux/1118_14_KASKAD,]]/URI$ в нуле распадается на две при возмущении, превращающем $URI[[http://libmeta.ru/fme/formula/aux/1118_15_KASKAD,]]/URI$ в $URI[[http://libmeta.ru/fme/formula/aux/1118_16_KASKAD,]]/URI$.

Типичные отображения поверхности на плоскость $URI[[http://libmeta.ru/fme/formula/aux/1118_17_KASKAD,]]/URI$ ) также имеют лишь устойчивые особенности, а именно, складку $URI[[http://libmeta.ru/fme/formula/aux/1118_18_KASKAD,]]/URI$ либо с борку Уитни $URI[[http://libmeta.ru/fme/formula/aux/1118_19_KASKAD,]]/URI$. Сборка есть особенность проектирования поверхности $URI[[http://libmeta.ru/fme/formula/aux/1118_20_KASKAD,]]/URI$ из пространства $URI[[http://libmeta.ru/fme/formula/aux/1118_21_KASKAD,]]/URI$ на плоскость $URI[[http://libmeta.ru/fme/formula/aux/1118_22_KASKAD,]]/URI$ (рис. 1). Списки типичных особенностей отображений $URI[[http://libmeta.ru/fme/formula/aux/1118_23_KASKAD,]]/URI$ и $URI[[http://libmeta.ru/fme/formula/aux/1118_24_KASKAD,]]/URI$ таковы: 1) $URI[[http://libmeta.ru/fme/formula/aux/1118_25_KASKAD,]]/URI$, $URI[[http://libmeta.ru/fme/formula/aux/1118_26_KASKAD,]]/URI$; 2) $URI[[http://libmeta.ru/fme/formula/aux/1118_27_KASKAD,]]/URI$; 3) $URI[[http://libmeta.ru/fme/formula/aux/1118_28_KASKAD,]]/URI$ $URI[[http://libmeta.ru/fme/formula/aux/1118_29_KASKAD,]]/URI$ 4) $URI[[http://libmeta.ru/fme/formula/aux/1118_30_KASKAD,]]/URI$, $URI[[http://libmeta.ru/fme/formula/aux/1118_31_KASKAD,]]/URI$. Отображение $URI[[http://libmeta.ru/fme/formula/aux/1118_32_KASKAD,]]/URI$ обычно имеет особенностями лишь зонтики Уитни - Кэли (рис. 2 ; $URI[[http://libmeta.ru/fme/formula/aux/1118_33_KASKAD,]]/URI$ ). При переходе к высшим размерностям списки типичных особенностей растут и даже становятся континуальными (напр., не всякое отображение $URI[[http://libmeta.ru/fme/formula/aux/1118_34_KASKAD,]]/URI$ при $URI[[http://libmeta.ru/fme/formula/aux/1118_35_KASKAD,]]/URI$ аппроксимируется устойчивым). Число классов топологически различных особенностей остается конечным при любых размерностях.

В теории бифуркаций рассматривается динамич. система, описываемая уравнением $URI[[http://libmeta.ru/fme/formula/aux/1118_36_KASKAD,]]/URI$, с заданным векторным полем $URI[[http://libmeta.ru/fme/formula/aux/1118_37_KASKAD,]]/URI$ в $URI[[http://libmeta.ru/fme/formula/aux/1118_38_KASKAD,]]/URI$-мерном фазовом пространстве $URI[[http://libmeta.ru/fme/formula/aux/1118_39_KASKAD,]]/URI$. Поле зависит от $URI[[http://libmeta.ru/fme/formula/aux/1118_40_KASKAD,]]/URI$-мерного параметра $URI[[http://libmeta.ru/fme/formula/aux/1118_41_KASKAD,]]/URI$. Множество состояний равновесия определяет в $URI[[http://libmeta.ru/fme/formula/aux/1118_42_KASKAD,]]/URI$-мерном пространстве $URI[[http://libmeta.ru/fme/formula/aux/1118_43_KASKAD,]]/URI$-мерную поверхность $URI[[http://libmeta.ru/fme/formula/aux/1118_44_KASKAD,]]/URI$. В типичном случае эта поверхность гладкая, но ее проекция на пространство «управляющих параметров» $URI[[http://libmeta.ru/fme/formula/aux/1118_45_KASKAD,]]/URI$ может иметь особенности. Если рассматривать значения $URI[[http://libmeta.ru/fme/formula/aux/1118_46_KASKAD,]]/URI$ как функции на поверхности

238 КАТАCTPOФ состояний равновесия, то точки, в к-рых якобиан этих функций равен 0, называются б и фур ка ци о н ны м и, а значения функций в этих точках - бифуркационными значениями параметров $URI[[http://libmeta.ru/fme/formula/aux/1118_47_KASKAD,]]/URI$. При подходе управляющих параметров к бифуркационным значениям положения равновесия «бифуркацируют» (рождаются или умирают). Знание геометрии типичных особенностей позволяет описывать происходящие при этом явления, напр. скачкообразный переход системы к далекому состоянию равновесия при плавном изменении параметров. Такие скачки способны разрушить систему (механическую, упругую, электрическую, биологическую, химическую и т. п.), откуда и название «К. т.».

Наибольший успех достигнут в приложениях К. т. к оптике, где даже типичные особенности каустик и перестройки волновых фронтов в трехмерном пространстве не были известны. Рассмотрим возмущение (свет, звук, ударную волну, эпидемию и др.), распространяюшееся с единичной скоростью из области, ограниченной гладким фронтом. Чтобы построить фронт через время $URI[[http://libmeta.ru/fme/formula/aux/1118_48_KASKAD,]]/URI$, нужно отложить отрезок длины $URI[[http://libmeta.ru/fme/formula/aux/1118_49_KASKAD,]]/URI$ на каждом луче нормали. Через нек-рое время на движущемся фронте появляются особенности в точках каустики (огибающей семейства лучей) исходного фронта. Напр., при распространении возмущения внутрь эллипса на плоскости особенности фронта скользят по каустике, имеющей 4 точки возврата (рис. 3). Эти особенности устойчивы (не исчезают при малой деформации исходного фронта). Типичные особенности фронтов в трехмерном пространстве - это самопересечения, ребра возврата (нормальная форма $URI[[http://libmeta.ru/fme/formula/aux/1118_50_KASKAD,]]/URI$ ) и лас точкины хвосты [рис. 4; эта поверхность образована точками $URI[[http://libmeta.ru/fme/formula/aux/1118_51_KASKAD,]]/URI$, для к-рых многочлен $URI[[http://libmeta.ru/fme/formula/aux/1118_52_KASKAD,]]/URI$ имеет кратный корень]. Каустики в трехмерном пространстве имеют особенности еще двух видов (п и рам ида и кошелек; рис. 5).

Почти все особенности волновых фронтов (или Лежандра преобразований) можно описать как множества бифуркационных значений параметра $URI[[http://libmeta.ru/fme/formula/aux/1118_53_KASKAD,]]/URI$, при к-рых возникают особенности отображения $URI[[http://libmeta.ru/fme/formula/aux/1118_54_KASKAD,]]/URI$ гиперповерхности $URI[[http://libmeta.ru/fme/formula/aux/1118_55_KASKAD,]]/URI$ в пространство $URI[[http://libmeta.ru/fme/formula/aux/1118_56_KASKAD,]]/URI$, где $URI[[http://libmeta.ru/fme/formula/aux/1118_57_KASKAD,]]/URI$ - типичное семейство гладких функций вектора $URI[[http://libmeta.ru/fme/formula/aux/1118_58_KASKAD,]]/URI$ и векторного параметра $URI[[http://libmeta.ru/fme/formula/aux/1118_59_KASKAD,]]/URI$. Типичные особенности каустик (или градиентных отображений $URI[[http://libmeta.ru/fme/formula/aux/1118_60_KASKAD,]]/URI$, или отображений Гаусса, сопоставляющих точке поверхности направление нормали) можно описать как множества бифуркационных значений параметра $URI[[http://libmeta.ru/fme/formula/aux/1118_61_KASKAD,]]/URI$, при к-рых функция $URI[[http://libmeta.ru/fme/formula/aux/1118_62_KASKAD,]]/URI$ переменной $URI[[http://libmeta.ru/fme/formula/aux/1118_63_KASKAD,]]/URI$ имеет вырожденную критич. точку. Ласточкин хвост, пирамида и кошелек получаются при

\[
URI[[http://libmeta.ru/fme/formula/main/1118_3_KASKAD,]]/URI
\]

Особенностям каустик и фронтов геометрич. оптики соответствуют в волновой теории особенности асимптотик осциллируюших интегралов в методе стационарной фазы или многомерном методе перевала при слиянии нескольких стационарных точек. По порядку величины интеграл при подходе к точке каустики возрастает в $URI[[http://libmeta.ru/fme/formula/aux/1118_64_KASKAD,]]/URI$ раз, где $URI[[http://libmeta.ru/fme/formula/aux/1118_65_KASKAD,]]/URI$ длина волны, а показатель $URI[[http://libmeta.ru/fme/formula/aux/1118_66_KASKAD,]]/URI$ равен $URI[[http://libmeta.ru/fme/formula/aux/1118_67_KASKAD,]]/URI$ для общей точки каустики $URI[[http://libmeta.ru/fme/formula/aux/1118_68_KASKAD,]]/URI$, особенность Эйри); $URI[[http://libmeta.ru/fme/formula/aux/1118_69_KASKAD,]]/URI$ для общей точки ребра возврата ( $URI[[http://libmeta.ru/fme/formula/aux/1118_70_KASKAD,]]/URI$, особенность Пирси); $URI[[http://libmeta.ru/fme/formula/aux/1118_71_KASKAD,]]/URI$ для ласточкина хвоста (особенность $URI[[http://libmeta.ru/fme/formula/aux/1118_72_KASKAD,]]/URI$ ); 1/3 для кошелька и пирамиды (особенности $URI[[http://libmeta.ru/fme/formula/aux/1118_73_KASKAD,]]/URI$ ). Эти особенности связаны с простыми группами Ли $URI[[http://libmeta.ru/fme/formula/aux/1118_74_KASKAD,]]/URI$, а также с правильными многогранниками [конечными подгруппами группы $URI[[http://libmeta.ru/fme/formula/aux/1118_75_KASKAD,]]/URI$. Показатель $URI[[http://libmeta.ru/fme/formula/aux/1118_76_KASKAD,]]/URI$ определяет интенсивность света вблизи каустики и ее особенностей, разрушение среды интенсивной волной, скопление частиц при движении пылевидной среды с потенциальным полем скоростей (с иным значением v) и т. п. Универсальность геометрии бифуркационных диаграмм позволяет использовать их для одновременного моделирования многих различных по своему физич. смыслу явлений</text>
  <text_orig>динамическая система, определяемая действием аддитивной группы целых чисел $\mathbb{Z}$ (или аддитивной полугруппы натуральных чисел $\mathbb{N}$ ) на некотором фазовом пространстве $W$. Согласно общему определению действия группы (полугруппы), это означает, что каждому целому (натуральному) числу $n$ сопоставлено нек-рое преобразование $S_{n}: W \rightarrow W$, причем

\[
S_{n+m}(w)=S_{n}\left(S_{m}(w)\right), w \in W
\]

Поэтому все преобразования $S_{n}$ получаются из одного преобразования $S=S_{1}$ посредством итерирования и (если $n&lt;0$ ) обращения:

\[
S_{n}=(S)^{n} \text { при } n&gt;0, S_{n}=\left(S^{-1}\right)^{n} \text { при } n&lt;0 .
\]

Тем самым изучение К. по существу сводится к изучению свойств порождающего его преобразования $S$, и в этом смысле К. являются простейшими динамич. системами. Поэтому К. исследуются весьма интенсивно, хотя в приложениях чаще всего встречаются динамич. системы с непрерывным временем (потоки). Принципиальная сторона дела для потоков и К. обычно одинакова, но случай К. несколько проще технически, и в то же время полученные для них результаты часто без особого труда удается перенести на потоки - иногда путем формальной редукции свойств потоков к свойствам К., но чаще путем нек-рого видоизменения доказательств.

См. также Символическая динамика. КАТАСТРОФ ТЕОРИЯ - совокупность приложений теории особенностей дифференцируемых (гладких) отображений Х. Уитни (H. Whitney) и теории бифуркаций А. Пуанкаpe (Н. Poincaré) и А. А. Андронова. Название введено Р. Томом (R. Thom) в 1972. К. т. применяется к геометрич. и физич. оптике, гидродинамике, устойчивости кораблей, а также к исследованию биений сердца, эмбриологии, социологии, лингвистике, экспериментальной психологии, экономике, геологии, теории элементарных частиц и моделированию деятельности мозга и психич. расстройств и т. п. Поскольку гладкие отображения встречаются повсеместно, неудивительно, что повсеместно встречаются и их особенности. Когда явление описывается гладким отображением и нет причин для нетипичности (напр., симметрий), применение теории особенностей оправдано и полезно (в оптике, теории упругости и др.), тогда как в нек-рых из описанных P. Томом и Э. Зиманом (E. Zeeman) приложений сомнительно уже существование изучаемого отображения (в биологии, лингвистике, социологии).

Теория особенностей обобщает исследование экстремумов функций на случай нескольких функций любого числа переменных. К р и т и чес к о й точ ко й функции у называется точка, в к-рой все первые частные производные равны нулю: $\partial y / \partial x_{i}=0$; критич. точка называется не выро ж д е н н о й, если матрица $\left\|\partial^{2} y / \partial x_{i} \partial x_{j}\right\|$ невырождена, то есть ее определитель отличен от нуля. У типичной функции все критич. точки невырождены. Любая гладкая функция в окрестности каждой невырожденной критич. точки приводится к одной из так наз. нор мальных форм Морса $y= \pm x_{1}^{2} \pm \ldots \pm x_{n}^{2}+C$, гладкой заменой независимых переменных. Эти невырожденные особенности устойчивы: напр., всякая функция, достаточно близкая к $y=x^{2}$ (с производными), имеет в подходящей точке вблизи нуля подобную же особенность (невырожденную точку минимума). Все более сложные особенности неустойчивы. Напр., вырожденная критич. точка функции $y=x^{3}$ в нуле распадается на две при возмущении, превращающем $x^{3}$ в $x^{3}-\varepsilon x$.

Типичные отображения поверхности на плоскость $\left(\mathbb{R}^{2} \rightarrow \mathbb{R}^{2}\right.$ ) также имеют лишь устойчивые особенности, а именно, складку $\left(y_{1}=x_{1}^{2}, y_{2}=x_{2}\right)$ либо с борку Уитни $\left(y_{1}=x_{1}^{3}+x_{1} x_{2}, y_{2}=x_{2}\right)$. Сборка есть особенность проектирования поверхности $y_{1}=x_{1}^{3}+x_{1} x_{2}$ из пространства $\left(x_{1}, x_{2}, y_{1}\right)$ на плоскость $\left(y_{1}, x_{2}\right)$ (рис. 1). Списки типичных особенностей отображений $\mathbb{R}^{3} \rightarrow \mathbb{R}^{3}$ и $\mathbb{R}^{4} \rightarrow \mathbb{R}^{4}$ таковы: 1) $y_{1}=x_{1}^{2}$, $y_{i}=x_{i}, i&gt;1$; 2) $y_{1}=x_{1}^{3}+x_{1} x_{2}, y_{i}=x_{i}, i&gt;1$; 3) $y_{1}=x_{1}^{4}+x_{1}^{2} x_{2}+$ $+x_{1} x_{3}, \quad y_{i}=x_{i}, \quad i&gt;1 ;$ 4) $y_{1}=x_{1}^{2} \pm x_{2}^{2}+x_{1} x_{3}+x_{2} x_{4}, \quad y_{2}=x_{1} x_{2}$, $y_{3}=x_{3}, y_{4}=x_{4}$. Отображение $\mathbb{R}^{2} \rightarrow \mathbb{R}^{3}$ обычно имеет особенностями лишь зонтики Уитни - Кэли (рис. 2 ; $y_{1}=x_{1}^{2}, y_{2}=x_{1} x_{2}, y_{3}=x_{2}$ ). При переходе к высшим размерностям списки типичных особенностей растут и даже становятся континуальными (напр., не всякое отображение $\mathbb{R}^{n} \rightarrow \mathbb{R}^{n}$ при $n&gt;8$ аппроксимируется устойчивым). Число классов топологически различных особенностей остается конечным при любых размерностях.

В теории бифуркаций рассматривается динамич. система, описываемая уравнением $\dot{x}=\theta(x, \varepsilon)$, с заданным векторным полем $\theta$ в $n$-мерном фазовом пространстве $\{x\}$. Поле зависит от $k$-мерного параметра $\varepsilon$. Множество состояний равновесия определяет в $(n+k)$-мерном пространстве $\{x, \varepsilon\} k$-мерную поверхность $\theta(x, \varepsilon)=0$. В типичном случае эта поверхность гладкая, но ее проекция на пространство «управляющих параметров» $\{\varepsilon\}$ может иметь особенности. Если рассматривать значения $\{\varepsilon\}$ как функции на поверхности

238 КАТАCTPOФ состояний равновесия, то точки, в к-рых якобиан этих функций равен 0, называются б и фур ка ци о н ны м и, а значения функций в этих точках - бифуркационными значениями параметров $\varepsilon$. При подходе управляющих параметров к бифуркационным значениям положения равновесия «бифуркацируют» (рождаются или умирают). Знание геометрии типичных особенностей позволяет описывать происходящие при этом явления, напр. скачкообразный переход системы к далекому состоянию равновесия при плавном изменении параметров. Такие скачки способны разрушить систему (механическую, упругую, электрическую, биологическую, химическую и т. п.), откуда и название «К. т.».

Наибольший успех достигнут в приложениях К. т. к оптике, где даже типичные особенности каустик и перестройки волновых фронтов в трехмерном пространстве не были известны. Рассмотрим возмущение (свет, звук, ударную волну, эпидемию и др.), распространяюшееся с единичной скоростью из области, ограниченной гладким фронтом. Чтобы построить фронт через время $t$, нужно отложить отрезок длины $t$ на каждом луче нормали. Через нек-рое время на движущемся фронте появляются особенности в точках каустики (огибающей семейства лучей) исходного фронта. Напр., при распространении возмущения внутрь эллипса на плоскости особенности фронта скользят по каустике, имеющей 4 точки возврата (рис. 3). Эти особенности устойчивы (не исчезают при малой деформации исходного фронта). Типичные особенности фронтов в трехмерном пространстве - это самопересечения, ребра возврата (нормальная форма $x^{2}=y^{3}$ ) и лас точкины хвосты [рис. 4; эта поверхность образована точками $(a, b, c)$, для к-рых многочлен $x^{4}+a x^{2}+b x+c$ имеет кратный корень]. Каустики в трехмерном пространстве имеют особенности еще двух видов (п и рам ида и кошелек; рис. 5).

Почти все особенности волновых фронтов (или Лежандра преобразований) можно описать как множества бифуркационных значений параметра $\mu$, при к-рых возникают особенности отображения $(x, \mu) \rightarrow \mu$ гиперповерхности $F(x, \mu)=0$ в пространство $\mu$, где $F$ - типичное семейство гладких функций вектора $x$ и векторного параметра $\mu$. Типичные особенности каустик (или градиентных отображений $x \rightarrow \partial S / \partial x$, или отображений Гаусса, сопоставляющих точке поверхности направление нормали) можно описать как множества бифуркационных значений параметра $\mu$, при к-рых функция $F(x, \mu)$ переменной $x$ имеет вырожденную критич. точку. Ласточкин хвост, пирамида и кошелек получаются при

\[
\begin{gathered}
F=x^{5}+\mu_{1} x^{2}+\mu_{2} x^{2}+\mu_{3} x ; \\
F=x_{1}^{2} x_{2} \pm x_{2}^{3}+\mu_{1} x_{2}^{2}+\mu_{2} x_{2}+\mu_{3} x_{1} .
\end{gathered}
\]

Особенностям каустик и фронтов геометрич. оптики соответствуют в волновой теории особенности асимптотик осциллируюших интегралов в методе стационарной фазы или многомерном методе перевала при слиянии нескольких стационарных точек. По порядку величины интеграл при подходе к точке каустики возрастает в $\lambda^{-\nu}$ раз, где $\lambda-$ длина волны, а показатель $v$ равен $1 / 6$ для общей точки каустики $\left(A_{2}\right.$, особенность Эйри); $1 / 4$ для общей точки ребра возврата ( $A_{3}$, особенность Пирси); $3 / 10$ для ласточкина хвоста (особенность $A_{4}$ ); 1/3 для кошелька и пирамиды (особенности $D_{4}$ ). Эти особенности связаны с простыми группами Ли $A_{k} \sim S U(k+1), D_{k} \sim O(2 k)$, а также с правильными многогранниками [конечными подгруппами группы $S U(2)]$. Показатель $v$ определяет интенсивность света вблизи каустики и ее особенностей, разрушение среды интенсивной волной, скопление частиц при движении пылевидной среды с потенциальным полем скоростей (с иным значением v) и т. п. Универсальность геометрии бифуркационных диаграмм позволяет использовать их для одновременного моделирования многих различных по своему физич. смыслу явлений</text_orig>
</article>
