<?xml version="1.0" ?>
<article uri="http://libmeta.ru/fme/article/1118_KASATEL'NOE" alphabetic_pos="1120">
  <title>КАСАТЕЛЬНОЕ РАССЛОЕНИЕ</title>
  <authors/>
  <title_short/>
  <pages>
    <start>237</start>
    <end>237</end>
  </pages>
  <literature>
    <literature_orig/>
  </literature>
  <formulas_main/>
  <formulas_aux>
    <formula uri="http://libmeta.ru/fme/formula/aux/1118_1_KASATEL'NOE">t M \rightarrow M</formula>
    <formula uri="http://libmeta.ru/fme/formula/aux/1118_2_KASATEL'NOE">m-</formula>
    <formula uri="http://libmeta.ru/fme/formula/aux/1118_3_KASATEL'NOE">n</formula>
    <formula uri="http://libmeta.ru/fme/formula/aux/1118_4_KASATEL'NOE">t M</formula>
    <formula uri="http://libmeta.ru/fme/formula/aux/1118_5_KASATEL'NOE">m</formula>
    <formula uri="http://libmeta.ru/fme/formula/aux/1118_6_KASATEL'NOE">\bigcup_{x \in M} T M_{x}</formula>
    <formula uri="http://libmeta.ru/fme/formula/aux/1118_7_KASATEL'NOE">2 n</formula>
  </formulas_aux>
  <relations>
    <relation uri="http://libmeta.ru/fme/relation/1118_1_KASATEL'NOE">
      <rel_text>вектор</rel_text>
      <target>http://libmeta.ru/fme/article/342_VEKTO</target>
    </relation>
    <relation uri="http://libmeta.ru/fme/relation/1118_2_KASATEL'NOE">
      <rel_text>многообразия</rel_text>
      <target>http://libmeta.ru/fme/article/1803_MNOGOOBRAZI</target>
    </relation>
    <relation uri="http://libmeta.ru/fme/relation/1118_3_KASATEL'NOE">
      <rel_text>касательных пространств</rel_text>
      <target>http://libmeta.ru/fme/article/1117_KASATEL'NOE</target>
    </relation>
    <relation uri="http://libmeta.ru/fme/relation/1118_4_KASATEL'NOE">
      <rel_text>многообразие</rel_text>
      <target>http://libmeta.ru/fme/article/1803_MNOGOOBRAZI</target>
    </relation>
    <relation uri="http://libmeta.ru/fme/relation/1118_5_KASATEL'NOE">
      <rel_text>проекция</rel_text>
      <target>http://libmeta.ru/fme/article/2394_PROEKTO</target>
    </relation>
  </relations>
  <text>естественная URI[[http://libmeta.ru/fme/relation/1118_5_KASATEL'NOE]]/URI $URI[[http://libmeta.ru/fme/formula/aux/1118_1_KASATEL'NOE]]/URI$, где $URI[[http://libmeta.ru/fme/formula/aux/1118_2_KASATEL'NOE]]/URI$ гладкое URI[[http://libmeta.ru/fme/relation/1118_4_KASATEL'NOE]]/URI размерности $URI[[http://libmeta.ru/fme/formula/aux/1118_3_KASATEL'NOE]]/URI$, а $URI[[http://libmeta.ru/fme/formula/aux/1118_4_KASATEL'NOE]]/URI$ - объединение URI[[http://libmeta.ru/fme/relation/1118_3_KASATEL'NOE]]/URI к $URI[[http://libmeta.ru/fme/formula/aux/1118_5_KASATEL'NOE]]/URI$ в разных точках $URI[[http://libmeta.ru/fme/formula/aux/1118_6_KASATEL'NOE]]/URI$, снабженное естественной структурой гладкого $URI[[http://libmeta.ru/fme/formula/aux/1118_7_KASATEL'NOE]]/URI$-мерного URI[[http://libmeta.ru/fme/relation/1118_2_KASATEL'NOE]]/URI.

См. также Касательный URI[[http://libmeta.ru/fme/relation/1118_1_KASATEL'NOE]]/URI.</text>
  <text_orig>естественная проекция $T M \rightarrow M$, где $M-$ гладкое многообразие размерности $n$, а $T M$ - объединение касательных пространств к $M$ в разных точках $\bigcup_{x \in M} T M_{x}$, снабженное естественной структурой гладкого $2 n$-мерного многообразия.

СМ. также Касательный вектор.</text_orig>
</article>
