<?xml version="1.0" ?>
<article uri="http://libmeta.ru/fme/article/111_ASIMPTOTIChESKAJa">
  <title>АСИМПТОТИЧЕСКАЯ УСТОЙЧИВОСТЬ</title>
  <authors/>
  <title_short/>
  <pages>
    <start>33</start>
    <end>33</end>
  </pages>
  <literature>
    <literature_orig/>
  </literature>
  <formulas_main/>
  <formulas_aux/>
  <relations/>
  <text>см. Устойчивость, Устойчивость по Ляпунову.</text>
  <text_orig>см. Устойчивость, Устойчивость по Ляпунову.</text_orig>
</article>
