<?xml version="1.0" ?>
<article uri="http://libmeta.ru/fme/article/1122_KATASTROF" alphabetic_pos="1124">
  <title>КАТАСТРОФ ТЕОРИЯ</title>
  <authors>
    <author>В. И. Арнольд</author>
  </authors>
  <title_short/>
  <pages>
    <start>238</start>
    <end>239</end>
  </pages>
  <literature>
    <literature_orig>Лum.: [1] Постон Т., Стюарт И., Теория катастроф и ее приложения, пер. с англ., М., 1980; [2] Арн о льд В. И., Теория катастроф, 2 изд., М., 1983; [3] е го же, Особенности, бифуркации и катастрофы, &quot;успехи физич. наук», 1983, т. 141, с. 569; [4] Арнольд В. И., Варченко А. Н., Гусейн-Заде С. М., Особенности дифференцируемых отображений, [т. 1-2], М., 1982-84; [5] Гилмор Р., Прикладная теория катастроф, пер. с англ., Kh. 1-2, М., 1984.</literature_orig>
    <unit>
      <author>Постон Т.</author>
      <author>Стюарт И.</author>
      <title>Теория катастроф и ее приложения</title>
      <publication>пер. с англ., М.</publication>
      <year>1980</year>
      <other/>
    </unit>
    <unit>
      <author>Арнольд В. И.</author>
      <title>Теория катастроф</title>
      <publication>2 изд., М.</publication>
      <year>1983</year>
      <other/>
    </unit>
    <unit>
      <title>е го же, Особенности, бифуркации и катастрофы, &quot;успехи физич. наук»</title>
      <publication/>
      <year>1983</year>
      <other>т. 141, с. 569</other>
    </unit>
    <unit>
      <author>Арнольд В. И.</author>
      <author>Варченко А. Н.</author>
      <author>Гусейн-Заде С. М.</author>
      <title>Особенности дифференцируемых отображений</title>
      <publication>М.</publication>
      <year>1982</year>
      <other>[т. 1-2]</other>
    </unit>
    <unit>
      <author>Гилмор Р.</author>
      <title>Прикладная теория катастроф</title>
      <publication>пер. с англ., Kh. 1-2, М.</publication>
      <year>1984</year>
      <other/>
    </unit>
  </literature>
  <formulas_main>
    <formula uri="http://libmeta.ru/fme/formula/main/1122_1_KATASTROF">\begin{gathered}F=x^{5}+\mu_{1} x^{2}+\mu_{2} x^{2}+\mu_{3} x ; \\F=x_{1}^{2} x_{2} \pm x_{2}^{3}+\mu_{1} x_{2}^{2}+\mu_{2} x_{2}+\mu_{3} x_{1} .\end{gathered}</formula>
  </formulas_main>
  <formulas_aux>
    <formula uri="http://libmeta.ru/fme/formula/aux/1122_1_KATASTROF">\partial y / \partial x_{i}=0</formula>
    <formula uri="http://libmeta.ru/fme/formula/aux/1122_2_KATASTROF">\left\|\partial^{2} y / \partial x_{i} \partial x_{j}\right\|</formula>
    <formula uri="http://libmeta.ru/fme/formula/aux/1122_3_KATASTROF">y= \pm x_{1}^{2} \pm \ldots \pm x_{n}^{2}+C</formula>
    <formula uri="http://libmeta.ru/fme/formula/aux/1122_4_KATASTROF">y=x^{2}</formula>
    <formula uri="http://libmeta.ru/fme/formula/aux/1122_5_KATASTROF">y=x^{3}</formula>
    <formula uri="http://libmeta.ru/fme/formula/aux/1122_6_KATASTROF">x^{3}</formula>
    <formula uri="http://libmeta.ru/fme/formula/aux/1122_7_KATASTROF">x^{3}-\varepsilon x</formula>
    <formula uri="http://libmeta.ru/fme/formula/aux/1122_8_KATASTROF">\left(\mathbb{r}^{2} \rightarrow \mathbb{R}^{2}\right.</formula>
    <formula uri="http://libmeta.ru/fme/formula/aux/1122_9_KATASTROF">\left(y_{1}=x_{1}^{2}, y_{2}=x_{2}\right)</formula>
    <formula uri="http://libmeta.ru/fme/formula/aux/1122_10_KATASTROF">\left(y_{1}=x_{1}^{3}+x_{1} x_{2}, y_{2}=x_{2}\right)</formula>
    <formula uri="http://libmeta.ru/fme/formula/aux/1122_11_KATASTROF">y_{1}=x_{1}^{3}+x_{1} x_{2}</formula>
    <formula uri="http://libmeta.ru/fme/formula/aux/1122_12_KATASTROF">\left(x_{1}, x_{2}, y_{1}\right)</formula>
    <formula uri="http://libmeta.ru/fme/formula/aux/1122_13_KATASTROF">\left(y_{1}, x_{2}\right)</formula>
    <formula uri="http://libmeta.ru/fme/formula/aux/1122_14_KATASTROF">\mathbb{r}^{3} \rightarrow \mathbb{R}^{3}</formula>
    <formula uri="http://libmeta.ru/fme/formula/aux/1122_15_KATASTROF">\mathbb{r}^{4} \rightarrow \mathbb{R}^{4}</formula>
    <formula uri="http://libmeta.ru/fme/formula/aux/1122_16_KATASTROF">y_{1}=x_{1}^{2}</formula>
    <formula uri="http://libmeta.ru/fme/formula/aux/1122_17_KATASTROF">y_{i}=x_{i}, i&gt;1</formula>
    <formula uri="http://libmeta.ru/fme/formula/aux/1122_18_KATASTROF">y_{1}=x_{1}^{3}+x_{1} x_{2}, y_{i}=x_{i}, i&gt;1</formula>
    <formula uri="http://libmeta.ru/fme/formula/aux/1122_19_KATASTROF">y_{1}=x_{1}^{4}+x_{1}^{2} x_{2}+</formula>
    <formula uri="http://libmeta.ru/fme/formula/aux/1122_20_KATASTROF">+x_{1} x_{3}, \quad y_{i}=x_{i}, \quad i&gt;1 ;</formula>
    <formula uri="http://libmeta.ru/fme/formula/aux/1122_21_KATASTROF">y_{1}=x_{1}^{2} \pm x_{2}^{2}+x_{1} x_{3}+x_{2} x_{4}, \quad y_{2}=x_{1} x_{2}</formula>
    <formula uri="http://libmeta.ru/fme/formula/aux/1122_22_KATASTROF">y_{3}=x_{3}, y_{4}=x_{4}</formula>
    <formula uri="http://libmeta.ru/fme/formula/aux/1122_23_KATASTROF">\mathbb{r}^{2} \rightarrow \mathbb{R}^{3}</formula>
    <formula uri="http://libmeta.ru/fme/formula/aux/1122_24_KATASTROF">y_{1}=x_{1}^{2}, y_{2}=x_{1} x_{2}, y_{3}=x_{2}</formula>
    <formula uri="http://libmeta.ru/fme/formula/aux/1122_25_KATASTROF">\mathbb{r}^{n} \rightarrow \mathbb{R}^{n}</formula>
    <formula uri="http://libmeta.ru/fme/formula/aux/1122_26_KATASTROF">n&gt;8</formula>
    <formula uri="http://libmeta.ru/fme/formula/aux/1122_27_KATASTROF">\dot{x}=\theta(x, \varepsilon)</formula>
    <formula uri="http://libmeta.ru/fme/formula/aux/1122_28_KATASTROF">\theta</formula>
    <formula uri="http://libmeta.ru/fme/formula/aux/1122_29_KATASTROF">n</formula>
    <formula uri="http://libmeta.ru/fme/formula/aux/1122_30_KATASTROF">\{x\}</formula>
    <formula uri="http://libmeta.ru/fme/formula/aux/1122_31_KATASTROF">k</formula>
    <formula uri="http://libmeta.ru/fme/formula/aux/1122_32_KATASTROF">\varepsilon</formula>
    <formula uri="http://libmeta.ru/fme/formula/aux/1122_33_KATASTROF">(n+k)</formula>
    <formula uri="http://libmeta.ru/fme/formula/aux/1122_34_KATASTROF">\{x, \varepsilon\} k</formula>
    <formula uri="http://libmeta.ru/fme/formula/aux/1122_35_KATASTROF">\theta(x, \varepsilon)=0</formula>
    <formula uri="http://libmeta.ru/fme/formula/aux/1122_36_KATASTROF">\{\varepsilon\}</formula>
    <formula uri="http://libmeta.ru/fme/formula/aux/1122_37_KATASTROF">\{\varepsilon\}</formula>
    <formula uri="http://libmeta.ru/fme/formula/aux/1122_38_KATASTROF">\varepsilon</formula>
    <formula uri="http://libmeta.ru/fme/formula/aux/1122_39_KATASTROF">t</formula>
    <formula uri="http://libmeta.ru/fme/formula/aux/1122_40_KATASTROF">t</formula>
    <formula uri="http://libmeta.ru/fme/formula/aux/1122_41_KATASTROF">x^{2}=y^{3}</formula>
    <formula uri="http://libmeta.ru/fme/formula/aux/1122_42_KATASTROF">(a, b, c)</formula>
    <formula uri="http://libmeta.ru/fme/formula/aux/1122_43_KATASTROF">x^{4}+a x^{2}+b x+c</formula>
    <formula uri="http://libmeta.ru/fme/formula/aux/1122_44_KATASTROF">\mu</formula>
    <formula uri="http://libmeta.ru/fme/formula/aux/1122_45_KATASTROF">(x, \mu) \rightarrow \mu</formula>
    <formula uri="http://libmeta.ru/fme/formula/aux/1122_46_KATASTROF">f(x, \mu)=0</formula>
    <formula uri="http://libmeta.ru/fme/formula/aux/1122_47_KATASTROF">\mu</formula>
    <formula uri="http://libmeta.ru/fme/formula/aux/1122_48_KATASTROF">f</formula>
    <formula uri="http://libmeta.ru/fme/formula/aux/1122_49_KATASTROF">x</formula>
    <formula uri="http://libmeta.ru/fme/formula/aux/1122_50_KATASTROF">\mu</formula>
    <formula uri="http://libmeta.ru/fme/formula/aux/1122_51_KATASTROF">x \rightarrow \partial S / \partial x</formula>
    <formula uri="http://libmeta.ru/fme/formula/aux/1122_52_KATASTROF">\mu</formula>
    <formula uri="http://libmeta.ru/fme/formula/aux/1122_53_KATASTROF">f(x, \mu)</formula>
    <formula uri="http://libmeta.ru/fme/formula/aux/1122_54_KATASTROF">x</formula>
    <formula uri="http://libmeta.ru/fme/formula/aux/1122_55_KATASTROF">\lambda^{-\nu}</formula>
    <formula uri="http://libmeta.ru/fme/formula/aux/1122_56_KATASTROF">\lambda-</formula>
    <formula uri="http://libmeta.ru/fme/formula/aux/1122_57_KATASTROF">v</formula>
    <formula uri="http://libmeta.ru/fme/formula/aux/1122_58_KATASTROF">1 / 6</formula>
    <formula uri="http://libmeta.ru/fme/formula/aux/1122_59_KATASTROF">\left(a_{2}\right.</formula>
    <formula uri="http://libmeta.ru/fme/formula/aux/1122_60_KATASTROF">1 / 4</formula>
    <formula uri="http://libmeta.ru/fme/formula/aux/1122_61_KATASTROF">a_{3}</formula>
    <formula uri="http://libmeta.ru/fme/formula/aux/1122_62_KATASTROF">3 / 10</formula>
    <formula uri="http://libmeta.ru/fme/formula/aux/1122_63_KATASTROF">a_{4}</formula>
    <formula uri="http://libmeta.ru/fme/formula/aux/1122_64_KATASTROF">d_{4}</formula>
    <formula uri="http://libmeta.ru/fme/formula/aux/1122_65_KATASTROF">a_{k} \sim S U(k+1), D_{k} \sim O(2 k)</formula>
    <formula uri="http://libmeta.ru/fme/formula/aux/1122_66_KATASTROF">s U(2)]</formula>
    <formula uri="http://libmeta.ru/fme/formula/aux/1122_67_KATASTROF">v</formula>
  </formulas_aux>
  <relations>
    <relation uri="http://libmeta.ru/fme/relation/1122_1_KATASTROF">
      <rel_text>моделирования</rel_text>
      <target>http://libmeta.ru/fme/article/1805_MODELIROVANI</target>
    </relation>
    <relation uri="http://libmeta.ru/fme/relation/1122_2_KATASTROF">
      <rel_text>скоростей</rel_text>
      <target>http://libmeta.ru/fme/article/2800_SKOROST</target>
    </relation>
    <relation uri="http://libmeta.ru/fme/relation/1122_3_KATASTROF">
      <rel_text>частиц</rel_text>
      <target>http://libmeta.ru/fme/article/3412_ChASTOT</target>
    </relation>
    <relation uri="http://libmeta.ru/fme/relation/1122_4_KATASTROF">
      <rel_text>группы</rel_text>
      <target>http://libmeta.ru/fme/article/737_GRUPP</target>
    </relation>
    <relation uri="http://libmeta.ru/fme/relation/1122_5_KATASTROF">
      <rel_text>кошелька</rel_text>
      <target>http://libmeta.ru/fme/article/1427_KOShELE</target>
    </relation>
    <relation uri="http://libmeta.ru/fme/relation/1122_6_KATASTROF">
      <rel_text>многомерном</rel_text>
      <target>http://libmeta.ru/fme/article/1803_MNOGOOBRAZI</target>
    </relation>
    <relation uri="http://libmeta.ru/fme/relation/1122_7_KATASTROF">
      <rel_text>осциллирующих интегралов</rel_text>
      <target>http://libmeta.ru/fme/article/64_AMPLITUDA</target>
    </relation>
    <relation uri="http://libmeta.ru/fme/relation/1122_8_KATASTROF">
      <rel_text>получаются</rel_text>
      <target>http://libmeta.ru/fme/article/2305_POLUGRUPP</target>
    </relation>
    <relation uri="http://libmeta.ru/fme/relation/1122_9_KATASTROF">
      <rel_text>кошелек</rel_text>
      <target>http://libmeta.ru/fme/article/1427_KOShELE</target>
    </relation>
    <relation uri="http://libmeta.ru/fme/relation/1122_10_KATASTROF">
      <rel_text>Ласточкин хвост</rel_text>
      <target>http://libmeta.ru/fme/article/1553_LASTOChKIN</target>
    </relation>
    <relation uri="http://libmeta.ru/fme/relation/1122_11_KATASTROF">
      <rel_text>значений параметра</rel_text>
      <target>http://libmeta.ru/fme/article/2491_RAVNOVESNYE</target>
    </relation>
    <relation uri="http://libmeta.ru/fme/relation/1122_12_KATASTROF">
      <rel_text>множества бифуркационных</rel_text>
      <target>http://libmeta.ru/fme/article/196_BIFURKATsIONNOE</target>
    </relation>
    <relation uri="http://libmeta.ru/fme/relation/1122_13_KATASTROF">
      <rel_text>гладких функций</rel_text>
      <target>http://libmeta.ru/fme/article/107_ASIMPTOTIKA</target>
    </relation>
    <relation uri="http://libmeta.ru/fme/relation/1122_14_KATASTROF">
      <rel_text>гиперповерхности</rel_text>
      <target>http://libmeta.ru/fme/article/632_GIPERBOLIChNOST</target>
    </relation>
    <relation uri="http://libmeta.ru/fme/relation/1122_15_KATASTROF">
      <rel_text>значений параметра</rel_text>
      <target>http://libmeta.ru/fme/article/2491_RAVNOVESNYE</target>
    </relation>
    <relation uri="http://libmeta.ru/fme/relation/1122_16_KATASTROF">
      <rel_text>множества бифуркационных</rel_text>
      <target>http://libmeta.ru/fme/article/196_BIFURKATsIONNOE</target>
    </relation>
    <relation uri="http://libmeta.ru/fme/relation/1122_17_KATASTROF">
      <rel_text>Лежандра преобразований</rel_text>
      <target>http://libmeta.ru/fme/article/1563_LEZhANDRA</target>
    </relation>
    <relation uri="http://libmeta.ru/fme/relation/1122_18_KATASTROF">
      <rel_text>кошелек</rel_text>
      <target>http://libmeta.ru/fme/article/1427_KOShELE</target>
    </relation>
  </relations>
  <text>совокупность приложений теории особенностей дифференцируемых (гладких) отображений Х. Уитни (h. Whitney) и теории бифуркаций А. Пуанкаре (н. Poincaré) и А. А. Андронова. Название введено Р. Томом (r. Thom) в 1972. К. т. применяется к геометрич. и физич. оптике, гидродинамике, устойчивости кораблей, а также к исследованию биений сердца, эмбриологии, социологии, лингвистике, экспериментальной психологии, экономике, геологии, теории элементарных частиц и моделированию деятельности мозга и психич. расстройств и т. п. Поскольку гладкие отображения встречаются повсеместно, неудивительно, что повсеместно встречаются и их особенности. Когда явление описывается гладким отображением и нет причин для нетипичности (напр., симметрий), применение теории особенностей оправдано и полезно (в оптике, теории упругости и др.), тогда как в нек-рых из описанных P. Томом и Э. Зиманом (e. Zeeman) приложений сомнительно уже существование изучаемого отображения (в биологии, лингвистике, социологии).

Теория особенностей обобщает исследование экстремумов функций на случай нескольких функций любого числа переменных. К р и т и чес к о й точ ко й функции у называется точка, в к-рой все первые частные производные равны нулю: $URI[[http://libmeta.ru/fme/formula/aux/1122_1_KATASTROF]]/URI$; критич. точка называется не выро ж д е н н о й, если матрица $URI[[http://libmeta.ru/fme/formula/aux/1122_2_KATASTROF]]/URI$ невырождена, то есть ее определитель отличен от нуля. У типичной функции все критич. точки невырождены. Любая гладкая функция в окрестности каждой невырожденной критич. точки приводится к одной из так наз. нор мальных форм Морса $URI[[http://libmeta.ru/fme/formula/aux/1122_3_KATASTROF]]/URI$, гладкой заменой независимых переменных. Эти невырожденные особенности устойчивы: напр., всякая функция, достаточно близкая к $URI[[http://libmeta.ru/fme/formula/aux/1122_4_KATASTROF]]/URI$ (с производными), имеет в подходящей точке вблизи нуля подобную же особенность (невырожденную точку минимума). Все более сложные особенности неустойчивы. Напр., вырожденная критич. точка функции $URI[[http://libmeta.ru/fme/formula/aux/1122_5_KATASTROF]]/URI$ в нуле распадается на две при возмущении, превращающем $URI[[http://libmeta.ru/fme/formula/aux/1122_6_KATASTROF]]/URI$ в $URI[[http://libmeta.ru/fme/formula/aux/1122_7_KATASTROF]]/URI$.

Типичные отображения поверхности на плоскость $URI[[http://libmeta.ru/fme/formula/aux/1122_8_KATASTROF]]/URI$ ) также имеют лишь устойчивые особенности, а именно, складку $URI[[http://libmeta.ru/fme/formula/aux/1122_9_KATASTROF]]/URI$ либо с борку Уитни $URI[[http://libmeta.ru/fme/formula/aux/1122_10_KATASTROF]]/URI$. Сборка есть особенность проектирования поверхности $URI[[http://libmeta.ru/fme/formula/aux/1122_11_KATASTROF]]/URI$ из пространства $URI[[http://libmeta.ru/fme/formula/aux/1122_12_KATASTROF]]/URI$ на плоскость $URI[[http://libmeta.ru/fme/formula/aux/1122_13_KATASTROF]]/URI$ (рис. 1). Списки типичных особенностей отображений $URI[[http://libmeta.ru/fme/formula/aux/1122_14_KATASTROF]]/URI$ и $URI[[http://libmeta.ru/fme/formula/aux/1122_15_KATASTROF]]/URI$ таковы: 1) $URI[[http://libmeta.ru/fme/formula/aux/1122_16_KATASTROF]]/URI$, $URI[[http://libmeta.ru/fme/formula/aux/1122_17_KATASTROF]]/URI$; 2) $URI[[http://libmeta.ru/fme/formula/aux/1122_18_KATASTROF]]/URI$; 3) $URI[[http://libmeta.ru/fme/formula/aux/1122_19_KATASTROF]]/URI$ $URI[[http://libmeta.ru/fme/formula/aux/1122_20_KATASTROF]]/URI$ 4) $URI[[http://libmeta.ru/fme/formula/aux/1122_21_KATASTROF]]/URI$, $URI[[http://libmeta.ru/fme/formula/aux/1122_22_KATASTROF]]/URI$. Отображение $URI[[http://libmeta.ru/fme/formula/aux/1122_23_KATASTROF]]/URI$ обычно имеет особенностями лишь зонтики Уитни - Кэли (рис. 2 ; $URI[[http://libmeta.ru/fme/formula/aux/1122_24_KATASTROF]]/URI$ ). При переходе к высшим размерностям списки типичных особенностей растут и даже становятся континуальными (напр., не всякое отображение $URI[[http://libmeta.ru/fme/formula/aux/1122_25_KATASTROF]]/URI$ при $URI[[http://libmeta.ru/fme/formula/aux/1122_26_KATASTROF]]/URI$ аппроксимируется устойчивым). Число классов топологически различных особенностей остается конечным при любых размерностях.

В теории бифуркаций рассматривается динамич. система, описываемая уравнением $URI[[http://libmeta.ru/fme/formula/aux/1122_27_KATASTROF]]/URI$, с заданным векторным полем $URI[[http://libmeta.ru/fme/formula/aux/1122_28_KATASTROF]]/URI$ в $URI[[http://libmeta.ru/fme/formula/aux/1122_29_KATASTROF]]/URI$-мерном фазовом пространстве $URI[[http://libmeta.ru/fme/formula/aux/1122_30_KATASTROF]]/URI$. Поле зависит от $URI[[http://libmeta.ru/fme/formula/aux/1122_31_KATASTROF]]/URI$-мерного параметра $URI[[http://libmeta.ru/fme/formula/aux/1122_32_KATASTROF]]/URI$. Множество состояний равновесия определяет в $URI[[http://libmeta.ru/fme/formula/aux/1122_33_KATASTROF]]/URI$-мерном пространстве $URI[[http://libmeta.ru/fme/formula/aux/1122_34_KATASTROF]]/URI$-мерную поверхность $URI[[http://libmeta.ru/fme/formula/aux/1122_35_KATASTROF]]/URI$. В типичном случае эта поверхность гладкая, но ее проекция на пространство «управляющих параметров» $URI[[http://libmeta.ru/fme/formula/aux/1122_36_KATASTROF]]/URI$ может иметь особенности. Если рассматривать значения $URI[[http://libmeta.ru/fme/formula/aux/1122_37_KATASTROF]]/URI$ как функции на поверхности

238 Катастроф состояний равновесия, то точки, в к-рых якобиан этих функций равен 0, называются б и фур ка ци о н ны м и, а значения функций в этих точках - бифуркационными значениями параметров $URI[[http://libmeta.ru/fme/formula/aux/1122_38_KATASTROF]]/URI$. При подходе управляющих параметров к бифуркационным значениям положения равновесия «бифуркацируют» (рождаются или умирают). Знание геометрии типичных особенностей позволяет описывать происходящие при этом явления, напр. скачкообразный переход системы к далекому состоянию равновесия при плавном изменении параметров. Такие скачки способны разрушить систему (механическую, упругую, электрическую, биологическую, химическую и т. п.), откуда и название «к. т.».

Наибольший успех достигнут в приложениях К. т. к оптике, где даже типичные особенности каустик и перестройки волновых фронтов в трехмерном пространстве не были известны. Рассмотрим возмущение (свет, звук, ударную волну, эпидемию и др.), распространяющееся с единичной скоростью из области, ограниченной гладким фронтом. Чтобы построить фронт через время $URI[[http://libmeta.ru/fme/formula/aux/1122_39_KATASTROF]]/URI$, нужно отложить отрезок длины $URI[[http://libmeta.ru/fme/formula/aux/1122_40_KATASTROF]]/URI$ на каждом луче нормали. Через нек-рое время на движущемся фронте появляются особенности в точках каустики (огибающей семейства лучей) исходного фронта. Напр., при распространении возмущения внутрь эллипса на плоскости особенности фронта скользят по каустике, имеющей 4 точки возврата (рис. 3). Эти особенности устойчивы (не исчезают при малой деформации исходного фронта). Типичные особенности фронтов в трехмерном пространстве - это самопересечения, ребра возврата (нормальная форма $URI[[http://libmeta.ru/fme/formula/aux/1122_41_KATASTROF]]/URI$ ) и лас точкины хвосты [рис. 4; эта поверхность образована точками $URI[[http://libmeta.ru/fme/formula/aux/1122_42_KATASTROF]]/URI$, для к-рых многочлен $URI[[http://libmeta.ru/fme/formula/aux/1122_43_KATASTROF]]/URI$ имеет кратный корень]. Каустики в трехмерном пространстве имеют особенности еще двух видов (п и рам ида и URI[[http://libmeta.ru/fme/relation/1122_18_KATASTROF]]/URI; рис. 5).

Почти все особенности волновых фронтов (или URI[[http://libmeta.ru/fme/relation/1122_17_KATASTROF]]/URI) можно описать как URI[[http://libmeta.ru/fme/relation/1122_16_KATASTROF]]/URI URI[[http://libmeta.ru/fme/relation/1122_15_KATASTROF]]/URI $URI[[http://libmeta.ru/fme/formula/aux/1122_44_KATASTROF]]/URI$, при к-рых возникают особенности отображения $URI[[http://libmeta.ru/fme/formula/aux/1122_45_KATASTROF]]/URI$ URI[[http://libmeta.ru/fme/relation/1122_14_KATASTROF]]/URI $URI[[http://libmeta.ru/fme/formula/aux/1122_46_KATASTROF]]/URI$ в пространство $URI[[http://libmeta.ru/fme/formula/aux/1122_47_KATASTROF]]/URI$, где $URI[[http://libmeta.ru/fme/formula/aux/1122_48_KATASTROF]]/URI$ - типичное семейство URI[[http://libmeta.ru/fme/relation/1122_13_KATASTROF]]/URI вектора $URI[[http://libmeta.ru/fme/formula/aux/1122_49_KATASTROF]]/URI$ и векторного параметра $URI[[http://libmeta.ru/fme/formula/aux/1122_50_KATASTROF]]/URI$. Типичные особенности каустик (или градиентных отображений $URI[[http://libmeta.ru/fme/formula/aux/1122_51_KATASTROF]]/URI$, или отображений Гаусса, сопоставляющих точке поверхности направление нормали) можно описать как URI[[http://libmeta.ru/fme/relation/1122_12_KATASTROF]]/URI URI[[http://libmeta.ru/fme/relation/1122_11_KATASTROF]]/URI $URI[[http://libmeta.ru/fme/formula/aux/1122_52_KATASTROF]]/URI$, при к-рых функция $URI[[http://libmeta.ru/fme/formula/aux/1122_53_KATASTROF]]/URI$ переменной $URI[[http://libmeta.ru/fme/formula/aux/1122_54_KATASTROF]]/URI$ имеет вырожденную критич. точку. URI[[http://libmeta.ru/fme/relation/1122_10_KATASTROF]]/URI, пирамида и URI[[http://libmeta.ru/fme/relation/1122_9_KATASTROF]]/URI URI[[http://libmeta.ru/fme/relation/1122_8_KATASTROF]]/URI при

\[
URI[[http://libmeta.ru/fme/formula/main/1122_1_KATASTROF]]/URI
\]

Особенностям каустик и фронтов геометрич. оптики соответствуют в волновой теории особенности асимптотик URI[[http://libmeta.ru/fme/relation/1122_7_KATASTROF]]/URI в методе стационарной фазы или URI[[http://libmeta.ru/fme/relation/1122_6_KATASTROF]]/URI методе перевала при слиянии нескольких стационарных точек. По порядку величины интеграл при подходе к точке каустики возрастает в $URI[[http://libmeta.ru/fme/formula/aux/1122_55_KATASTROF]]/URI$ раз, где $URI[[http://libmeta.ru/fme/formula/aux/1122_56_KATASTROF]]/URI$ длина волны, а показатель $URI[[http://libmeta.ru/fme/formula/aux/1122_57_KATASTROF]]/URI$ равен $URI[[http://libmeta.ru/fme/formula/aux/1122_58_KATASTROF]]/URI$ для общей точки каустики $URI[[http://libmeta.ru/fme/formula/aux/1122_59_KATASTROF]]/URI$, особенность Эйри); $URI[[http://libmeta.ru/fme/formula/aux/1122_60_KATASTROF]]/URI$ для общей точки ребра возврата ( $URI[[http://libmeta.ru/fme/formula/aux/1122_61_KATASTROF]]/URI$, особенность Пирси); $URI[[http://libmeta.ru/fme/formula/aux/1122_62_KATASTROF]]/URI$ для ласточкина хвоста (особенность $URI[[http://libmeta.ru/fme/formula/aux/1122_63_KATASTROF]]/URI$ ); 1/3 для URI[[http://libmeta.ru/fme/relation/1122_5_KATASTROF]]/URI и пирамиды (особенности $URI[[http://libmeta.ru/fme/formula/aux/1122_64_KATASTROF]]/URI$ ). Эти особенности связаны с простыми группами Ли $URI[[http://libmeta.ru/fme/formula/aux/1122_65_KATASTROF]]/URI$, а также с правильными многогранниками [конечными подгруппами URI[[http://libmeta.ru/fme/relation/1122_4_KATASTROF]]/URI $URI[[http://libmeta.ru/fme/formula/aux/1122_66_KATASTROF]]/URI$. Показатель $URI[[http://libmeta.ru/fme/formula/aux/1122_67_KATASTROF]]/URI$ определяет интенсивность света вблизи каустики и ее особенностей, разрушение среды интенсивной волной, скопление URI[[http://libmeta.ru/fme/relation/1122_3_KATASTROF]]/URI при движении пылевидной среды с потенциальным полем URI[[http://libmeta.ru/fme/relation/1122_2_KATASTROF]]/URI (с иным значением v) и т. п. Универсальность геометрии бифуркационных диаграмм позволяет использовать их для одновременного URI[[http://libmeta.ru/fme/relation/1122_1_KATASTROF]]/URI многих различных по своему физич. смыслу явлений. Puc. 1.

![](https://cdn.mathpix.com/cropped/2023_07_08_82672b556e40c7814739g-1.jpg?height=438&amp;width=481&amp;top_left_y=65&amp;top_left_x=139)

Pис. 2.

![](https://cdn.mathpix.com/cropped/2023_07_08_82672b556e40c7814739g-1.jpg?height=382&amp;width=502&amp;top_left_y=105&amp;top_left_x=641)

Рис. 3.

![](https://cdn.mathpix.com/cropped/2023_07_08_82672b556e40c7814739g-1.jpg?height=445&amp;width=490&amp;top_left_y=55&amp;top_left_x=1192)

Рис. 4.

![](https://cdn.mathpix.com/cropped/2023_07_08_82672b556e40c7814739g-1.jpg?height=501&amp;width=547&amp;top_left_y=569&amp;top_left_x=146)

Pис. 5.

![](https://cdn.mathpix.com/cropped/2023_07_08_82672b556e40c7814739g-1.jpg?height=525&amp;width=995&amp;top_left_y=548&amp;top_left_x=704)</text>
  <text_orig>совокупность приложений теории особенностей дифференцируемых (гладких) отображений Х. Уитни (H. Whitney) и теории бифуркаций А. Пуанкаpe (Н. Poincaré) и А. А. Андронова. Название введено Р. Томом (R. Thom) в 1972. К. т. применяется к геометрич. и физич. оптике, гидродинамике, устойчивости кораблей, а также к исследованию биений сердца, эмбриологии, социологии, лингвистике, экспериментальной психологии, экономике, геологии, теории элементарных частиц и моделированию деятельности мозга и психич. расстройств и т. п. Поскольку гладкие отображения встречаются повсеместно, неудивительно, что повсеместно встречаются и их особенности. Когда явление описывается гладким отображением и нет причин для нетипичности (напр., симметрий), применение теории особенностей оправдано и полезно (в оптике, теории упругости и др.), тогда как в нек-рых из описанных P. Томом и Э. Зиманом (E. Zeeman) приложений сомнительно уже существование изучаемого отображения (в биологии, лингвистике, социологии).

Теория особенностей обобщает исследование экстремумов функций на случай нескольких функций любого числа переменных. К р и т и чес к о й точ ко й функции у называется точка, в к-рой все первые частные производные равны нулю: $\partial y / \partial x_{i}=0$; критич. точка называется не выро ж д е н н о й, если матрица $\left\|\partial^{2} y / \partial x_{i} \partial x_{j}\right\|$ невырождена, то есть ее определитель отличен от нуля. У типичной функции все критич. точки невырождены. Любая гладкая функция в окрестности каждой невырожденной критич. точки приводится к одной из так наз. нор мальных форм Морса $y= \pm x_{1}^{2} \pm \ldots \pm x_{n}^{2}+C$, гладкой заменой независимых переменных. Эти невырожденные особенности устойчивы: напр., всякая функция, достаточно близкая к $y=x^{2}$ (с производными), имеет в подходящей точке вблизи нуля подобную же особенность (невырожденную точку минимума). Все более сложные особенности неустойчивы. Напр., вырожденная критич. точка функции $y=x^{3}$ в нуле распадается на две при возмущении, превращающем $x^{3}$ в $x^{3}-\varepsilon x$.

Типичные отображения поверхности на плоскость $\left(\mathbb{R}^{2} \rightarrow \mathbb{R}^{2}\right.$ ) также имеют лишь устойчивые особенности, а именно, складку $\left(y_{1}=x_{1}^{2}, y_{2}=x_{2}\right)$ либо с борку Уитни $\left(y_{1}=x_{1}^{3}+x_{1} x_{2}, y_{2}=x_{2}\right)$. Сборка есть особенность проектирования поверхности $y_{1}=x_{1}^{3}+x_{1} x_{2}$ из пространства $\left(x_{1}, x_{2}, y_{1}\right)$ на плоскость $\left(y_{1}, x_{2}\right)$ (рис. 1). Списки типичных особенностей отображений $\mathbb{R}^{3} \rightarrow \mathbb{R}^{3}$ и $\mathbb{R}^{4} \rightarrow \mathbb{R}^{4}$ таковы: 1) $y_{1}=x_{1}^{2}$, $y_{i}=x_{i}, i&gt;1$; 2) $y_{1}=x_{1}^{3}+x_{1} x_{2}, y_{i}=x_{i}, i&gt;1$; 3) $y_{1}=x_{1}^{4}+x_{1}^{2} x_{2}+$ $+x_{1} x_{3}, \quad y_{i}=x_{i}, \quad i&gt;1 ;$ 4) $y_{1}=x_{1}^{2} \pm x_{2}^{2}+x_{1} x_{3}+x_{2} x_{4}, \quad y_{2}=x_{1} x_{2}$, $y_{3}=x_{3}, y_{4}=x_{4}$. Отображение $\mathbb{R}^{2} \rightarrow \mathbb{R}^{3}$ обычно имеет особенностями лишь зонтики Уитни - Кэли (рис. 2 ; $y_{1}=x_{1}^{2}, y_{2}=x_{1} x_{2}, y_{3}=x_{2}$ ). При переходе к высшим размерностям списки типичных особенностей растут и даже становятся континуальными (напр., не всякое отображение $\mathbb{R}^{n} \rightarrow \mathbb{R}^{n}$ при $n&gt;8$ аппроксимируется устойчивым). Число классов топологически различных особенностей остается конечным при любых размерностях.

В теории бифуркаций рассматривается динамич. система, описываемая уравнением $\dot{x}=\theta(x, \varepsilon)$, с заданным векторным полем $\theta$ в $n$-мерном фазовом пространстве $\{x\}$. Поле зависит от $k$-мерного параметра $\varepsilon$. Множество состояний равновесия определяет в $(n+k)$-мерном пространстве $\{x, \varepsilon\} k$-мерную поверхность $\theta(x, \varepsilon)=0$. В типичном случае эта поверхность гладкая, но ее проекция на пространство «управляющих параметров» $\{\varepsilon\}$ может иметь особенности. Если рассматривать значения $\{\varepsilon\}$ как функции на поверхности

238 КАТАCTPOФ состояний равновесия, то точки, в к-рых якобиан этих функций равен 0, называются б и фур ка ци о н ны м и, а значения функций в этих точках - бифуркационными значениями параметров $\varepsilon$. При подходе управляющих параметров к бифуркационным значениям положения равновесия «бифуркацируют» (рождаются или умирают). Знание геометрии типичных особенностей позволяет описывать происходящие при этом явления, напр. скачкообразный переход системы к далекому состоянию равновесия при плавном изменении параметров. Такие скачки способны разрушить систему (механическую, упругую, электрическую, биологическую, химическую и т. п.), откуда и название «К. т.».

Наибольший успех достигнут в приложениях К. т. к оптике, где даже типичные особенности каустик и перестройки волновых фронтов в трехмерном пространстве не были известны. Рассмотрим возмущение (свет, звук, ударную волну, эпидемию и др.), распространяюшееся с единичной скоростью из области, ограниченной гладким фронтом. Чтобы построить фронт через время $t$, нужно отложить отрезок длины $t$ на каждом луче нормали. Через нек-рое время на движущемся фронте появляются особенности в точках каустики (огибающей семейства лучей) исходного фронта. Напр., при распространении возмущения внутрь эллипса на плоскости особенности фронта скользят по каустике, имеющей 4 точки возврата (рис. 3). Эти особенности устойчивы (не исчезают при малой деформации исходного фронта). Типичные особенности фронтов в трехмерном пространстве - это самопересечения, ребра возврата (нормальная форма $x^{2}=y^{3}$ ) и лас точкины хвосты [рис. 4; эта поверхность образована точками $(a, b, c)$, для к-рых многочлен $x^{4}+a x^{2}+b x+c$ имеет кратный корень]. Каустики в трехмерном пространстве имеют особенности еще двух видов (п и рам ида и кошелек; рис. 5).

Почти все особенности волновых фронтов (или Лежандра преобразований) можно описать как множества бифуркационных значений параметра $\mu$, при к-рых возникают особенности отображения $(x, \mu) \rightarrow \mu$ гиперповерхности $F(x, \mu)=0$ в пространство $\mu$, где $F$ - типичное семейство гладких функций вектора $x$ и векторного параметра $\mu$. Типичные особенности каустик (или градиентных отображений $x \rightarrow \partial S / \partial x$, или отображений Гаусса, сопоставляющих точке поверхности направление нормали) можно описать как множества бифуркационных значений параметра $\mu$, при к-рых функция $F(x, \mu)$ переменной $x$ имеет вырожденную критич. точку. Ласточкин хвост, пирамида и кошелек получаются при

\[
\begin{gathered}
F=x^{5}+\mu_{1} x^{2}+\mu_{2} x^{2}+\mu_{3} x ; \\
F=x_{1}^{2} x_{2} \pm x_{2}^{3}+\mu_{1} x_{2}^{2}+\mu_{2} x_{2}+\mu_{3} x_{1} .
\end{gathered}
\]

Особенностям каустик и фронтов геометрич. оптики соответствуют в волновой теории особенности асимптотик осциллируюших интегралов в методе стационарной фазы или многомерном методе перевала при слиянии нескольких стационарных точек. По порядку величины интеграл при подходе к точке каустики возрастает в $\lambda^{-\nu}$ раз, где $\lambda-$ длина волны, а показатель $v$ равен $1 / 6$ для общей точки каустики $\left(A_{2}\right.$, особенность Эйри); $1 / 4$ для общей точки ребра возврата ( $A_{3}$, особенность Пирси); $3 / 10$ для ласточкина хвоста (особенность $A_{4}$ ); 1/3 для кошелька и пирамиды (особенности $D_{4}$ ). Эти особенности связаны с простыми группами Ли $A_{k} \sim S U(k+1), D_{k} \sim O(2 k)$, а также с правильными многогранниками [конечными подгруппами группы $S U(2)]$. Показатель $v$ определяет интенсивность света вблизи каустики и ее особенностей, разрушение среды интенсивной волной, скопление частиц при движении пылевидной среды с потенциальным полем скоростей (с иным значением v) и т. п. Универсальность геометрии бифуркационных диаграмм позволяет использовать их для одновременного моделирования многих различных по своему физич. смыслу явлений. Puc. 1.

![](https://cdn.mathpix.com/cropped/2023_07_08_82672b556e40c7814739g-1.jpg?height=438&amp;width=481&amp;top_left_y=65&amp;top_left_x=139)

Pис. 2.

![](https://cdn.mathpix.com/cropped/2023_07_08_82672b556e40c7814739g-1.jpg?height=382&amp;width=502&amp;top_left_y=105&amp;top_left_x=641)

Рис. 3.

![](https://cdn.mathpix.com/cropped/2023_07_08_82672b556e40c7814739g-1.jpg?height=445&amp;width=490&amp;top_left_y=55&amp;top_left_x=1192)

Рис. 4.

![](https://cdn.mathpix.com/cropped/2023_07_08_82672b556e40c7814739g-1.jpg?height=501&amp;width=547&amp;top_left_y=569&amp;top_left_x=146)

Pис. 5.

![](https://cdn.mathpix.com/cropped/2023_07_08_82672b556e40c7814739g-1.jpg?height=525&amp;width=995&amp;top_left_y=548&amp;top_left_x=704)

Лum.: [1] Постон Т., Стюарт И., Теория катастроф и ее приложения, пер. с англ., М., 1980; [2] Арн о льд В. И., Теория катастроф, 2 изд., М., 1983; [3] е го же, Особенности, бифуркации и катастрофы, &quot;Успехи физич. наук», 1983, т. 141, с. 569; [4] Арнольд В. И., Варченко А. Н., Гусейн-Заде С. М., Особенности дифференцируемых отображений, [т. 1-2], М., 1982-84; [5] Гилмор Р., Прикладная теория катастроф, пер. с англ., KH. 1-2, М., 1984.

В. И. Арнольд.</text_orig>
</article>
