<?xml version="1.0" ?>
<article uri="http://libmeta.ru/fme/article/1124_KATEGORIJa">
  <title>КАТЕГОРИЯ ПРОСТРАНСТВА</title>
  <authors/>
  <title_short/>
  <pages>
    <start>239</start>
    <end>239</end>
  </pages>
  <literature>
    <literature_orig/>
  </literature>
  <formulas_main/>
  <formulas_aux/>
  <relations>
    <relation uri="http://libmeta.ru/fme/relation/1124_57_KATEGORIJa">
      <rel_text>Вариационное исчисление</rel_text>
      <target>http://libmeta.ru/fme/article/315_VARIATsIONNOE</target>
    </relation>
  </relations>
  <text>см. URI[[http://libmeta.ru/fme/relation/1124_57_KATEGORIJa]]/URI в целом.</text>
  <text_orig>см. Вариационное исчисление в целом.</text_orig>
</article>
