<?xml version="1.0" ?>
<article uri="http://libmeta.ru/fme/article/1126_KVADRATIChNAJa">
  <title>КВАДРАТИЧНАЯ ПОГРЕШНОСТЬ</title>
  <authors/>
  <title_short/>
  <pages>
    <start>239</start>
    <end>239</end>
  </pages>
  <literature>
    <literature_orig/>
  </literature>
  <formulas_main/>
  <formulas_aux/>
  <relations/>
  <text> - сМ. КвадратичНое отклонение.</text>
  <text_orig> - сМ. КвадратичНое отклонение.
</text_orig>
</article>
