<?xml version="1.0" ?>
<article uri="http://libmeta.ru/fme/article/1126_KVADRATIChNO">
  <title>КВАДРАТИЧНО ИНТЕГРИРУЕМОЕ ПРЕДСТАВЛЕНИЕ, ПРЕДСТАВЛЕНИЕ ДИСКРЕТНОЙ СЕРИИ</title>
  <authors>
    <author>Ю. А. Неретин</author>
  </authors>
  <title_short/>
  <pages>
    <start>239</start>
    <end>239</end>
  </pages>
  <literature>
    <literature_orig/>
  </literature>
  <formulas_main/>
  <formulas_aux>
    <formula uri="http://libmeta.ru/fme/formula/aux/1126_1_KVADRATIChNO">T</formula>
    <formula uri="http://libmeta.ru/fme/formula/aux/1126_2_KVADRATIChNO">G</formula>
    <formula uri="http://libmeta.ru/fme/formula/aux/1126_3_KVADRATIChNO">t_{\xi, \eta}</formula>
    <formula uri="http://libmeta.ru/fme/formula/aux/1126_4_KVADRATIChNO">\left|t_{\xi, \eta}(g)\right|^{2}</formula>
    <formula uri="http://libmeta.ru/fme/formula/aux/1126_5_KVADRATIChNO">G</formula>
    <formula uri="http://libmeta.ru/fme/formula/aux/1126_6_KVADRATIChNO">G</formula>
    <formula uri="http://libmeta.ru/fme/formula/aux/1126_7_KVADRATIChNO">S L_{2}(\mathbb{R}), S U(p, q)</formula>
    <formula uri="http://libmeta.ru/fme/formula/aux/1126_8_KVADRATIChNO">S p(p, q), S O(2 p, 2 q), S O(2 p, 2 q+1), S O^{*}(2 n), S p(2 n, \mathbb{R})</formula>
    <formula uri="http://libmeta.ru/fme/formula/aux/1126_9_KVADRATIChNO">\boldsymbol{u}</formula>
  </formulas_aux>
  <relations/>
  <text> представление $URI[[http://libmeta.ru/fme/formula/aux/1126_1_KVADRATIChNO]]/URI$ группы Ли $URI[[http://libmeta.ru/fme/formula/aux/1126_2_KVADRATIChNO]]/URI$, для любого матричного элемента $URI[[http://libmeta.ru/fme/formula/aux/1126_3_KVADRATIChNO]]/URI$ которого конечен интеграл от $URI[[http://libmeta.ru/fme/formula/aux/1126_4_KVADRATIChNO]]/URI$ по Хаaра мере. Простая группа Ли $URI[[http://libmeta.ru/fme/formula/aux/1126_5_KVADRATIChNO]]/URI$ имеет К. и. П. тогда и только тогда, когда в $URI[[http://libmeta.ru/fme/formula/aux/1126_6_KVADRATIChNO]]/URI$ существует компактная картановская подгруппа. Это справедливо, в частности, для групп $URI[[http://libmeta.ru/fme/formula/aux/1126_7_KVADRATIChNO]]/URI$, $URI[[http://libmeta.ru/fme/formula/aux/1126_8_KVADRATIChNO]]/URI$ (обозначения групп см. в статье Классические группы $URI[[http://libmeta.ru/fme/formula/aux/1126_9_KVADRATIChNO]]/URI$ алгебры Ли).</text>
  <text_orig> представление $T$ группы Ли $G$, для любого матричного элемента $t_{\xi, \eta}$ которого конечен интеграл от $\left|t_{\xi, \eta}(g)\right|^{2}$ по Хаaра мере. Простая группа Ли $G$ имеет К. и. П. тогда и только тогда, когда в $G$ существует компактная картановская подгруппа. Это справедливо, в частности, для групп $S L_{2}(\mathbb{R}), S U(p, q)$, $S p(p, q), S O(2 p, 2 q), S O(2 p, 2 q+1), S O^{*}(2 n), S p(2 n, \mathbb{R})$ (обозначения групп см. в статье Классические группы $\boldsymbol{u}$ алгебры Ли). Ю. А. Неретин.
</text_orig>
</article>
