<?xml version="1.0" ?>
<article uri="http://libmeta.ru/fme/article/1128_KVADRATIChNOE">
  <title>КВАДРАТИЧНОЕ УКЛОНЕНИЕ</title>
  <authors/>
  <title_short/>
  <pages>
    <start>240</start>
    <end>240</end>
  </pages>
  <literature>
    <literature_orig/>
  </literature>
  <formulas_main/>
  <formulas_aux/>
  <relations/>
  <text> - см. Квадратичное отклонение.</text>
  <text_orig> - см. Квадратичное отклонение.
</text_orig>
</article>
