<?xml version="1.0" ?>
<article uri="http://libmeta.ru/fme/article/112_ASIMPTOTIChESKI">
  <title>АСИМПТОТИЧЕСКИ НУЛЕВОЙ ЭЛЕМЕНТ</title>
  <authors/>
  <title_short/>
  <pages>
    <start>33</start>
    <end>33</end>
  </pages>
  <literature>
    <literature_orig/>
  </literature>
  <formulas_main/>
  <formulas_aux/>
  <relations/>
  <text>см. АсИМптотическое разложение элемента.</text>
  <text_orig>см. АсИМптотическое разложение элемента.</text_orig>
</article>
