<?xml version="1.0" ?>
<article uri="http://libmeta.ru/fme/article/1131_KVADRATIChNYJ">
  <title>КВАДРАТИЧНЫЙ ГАМИЛЬТОНИАН; НОРМАЛЬАЯ ФОРМА</title>
  <authors>
    <author>М. Б. Севрюк</author>
  </authors>
  <title_short/>
  <pages>
    <start>240</start>
    <end>240</end>
  </pages>
  <literature>
    <literature_orig/>
  </literature>
  <formulas_main>
    <formula uri="http://libmeta.ru/fme/formula/main/1131_1_KVADRATIChNYJ">\begin{aligned}
&amp;amp;amp; H\left(p_{1}, \ldots, p_{N}, q_{1}, \ldots, q_{N}\right)=H\left(p_{1}, \ldots, p_{n_{1}}, q_{1}, \ldots, q_{n_{1}}\right)+ \\
&amp;amp;amp; +H_{2}\left(p_{n_{1}+1}, \ldots, p_{n_{2}}, q_{n_{1}+1}, \ldots, q_{n_{2}}\right)+\ldots+ \\
&amp;amp;amp; +H_{s}\left(p_{n_{s-1}+1}, \ldots, p_{n_{s}}, q_{n_{s-1}+1}, \ldots, q_{n_{s}}\right) \text {, }
\end{aligned}</formula>
    <formula uri="http://libmeta.ru/fme/formula/main/1131_2_KVADRATIChNYJ">H_{k}(p, q)=\frac{1}{2}\left\langle p, A_{k} L_{p}\right\rangle+\frac{1}{2}\left\langle q, L B_{k} q\right\rangle,</formula>
    <formula uri="http://libmeta.ru/fme/formula/main/1131_3_KVADRATIChNYJ">\left(Q_{a, b},-Q_{a, b}\right),\left(J_{a},-J_{a}\right),\left(\sigma J_{b}, \sigma J_{b}\right),\left(J_{0}, J_{0}\right)</formula>
    <formula uri="http://libmeta.ru/fme/formula/main/1131_4_KVADRATIChNYJ">L=\left\|\begin{array}{ccccc}
0 &amp;amp;amp; 0 &amp;amp;amp; \ldots &amp;amp;amp; 0 &amp;amp;amp; 1 \\
0 &amp;amp;amp; 0 &amp;amp;amp; \ldots &amp;amp;amp; 1 &amp;amp;amp; 0 \\
\cdots &amp;amp;amp; \cdots &amp;amp;amp; \cdots &amp;amp;amp; \cdots &amp;amp;amp; . \\
1 &amp;amp;amp; 0 &amp;amp;amp; \ldots &amp;amp;amp; 0 &amp;amp;amp; 0
\end{array}\right\|, \quad Q_{a, b}=\left\|\begin{array}{cc}
J_{a} &amp;amp;amp; b E \\
-b E &amp;amp;amp; J_{a}
\end{array}\right\|,</formula>
    <formula uri="http://libmeta.ru/fme/formula/main/1131_5_KVADRATIChNYJ">\left\langle x, M_{y}\right\rangle=\sum M_{i j} x_{i} y_{j}</formula>
    <formula uri="http://libmeta.ru/fme/formula/main/1131_6_KVADRATIChNYJ">\left(J_{z},-J_{z}\right),\left(J_{0}, J_{0}\right)</formula>
  </formulas_main>
  <formulas_aux>
    <formula uri="http://libmeta.ru/fme/formula/aux/1131_1_KVADRATIChNYJ">2 N</formula>
    <formula uri="http://libmeta.ru/fme/formula/aux/1131_2_KVADRATIChNYJ">\mathbb{R}^{2 N}</formula>
    <formula uri="http://libmeta.ru/fme/formula/aux/1131_3_KVADRATIChNYJ">p_{1}, p_{2}, \ldots, p_{N}, q_{1}, q_{2}, \ldots, q_{N}</formula>
    <formula uri="http://libmeta.ru/fme/formula/aux/1131_4_KVADRATIChNYJ">H</formula>
    <formula uri="http://libmeta.ru/fme/formula/aux/1131_5_KVADRATIChNYJ">1 \leqslant n_{1}&amp;amp;lt;n_{2}&amp;amp;lt;\ldots&amp;amp;lt;n_{s-1}&amp;amp;lt;n_{s}=N</formula>
    <formula uri="http://libmeta.ru/fme/formula/aux/1131_6_KVADRATIChNYJ">H_{1}, H_{2}, \ldots</formula>
    <formula uri="http://libmeta.ru/fme/formula/aux/1131_7_KVADRATIChNYJ">H_{s}</formula>
    <formula uri="http://libmeta.ru/fme/formula/aux/1131_8_KVADRATIChNYJ">\left(A_{k}, B_{k}\right)</formula>
    <formula uri="http://libmeta.ru/fme/formula/aux/1131_9_KVADRATIChNYJ">J_{0},\left(\sigma J_{0}, \sigma E\right)</formula>
    <formula uri="http://libmeta.ru/fme/formula/aux/1131_10_KVADRATIChNYJ">a&amp;amp;gt;0, b&amp;amp;gt;0</formula>
    <formula uri="http://libmeta.ru/fme/formula/aux/1131_11_KVADRATIChNYJ">\sigma= \pm 1, J_{\lambda}</formula>
    <formula uri="http://libmeta.ru/fme/formula/aux/1131_12_KVADRATIChNYJ">\lambda, E-</formula>
    <formula uri="http://libmeta.ru/fme/formula/aux/1131_13_KVADRATIChNYJ">L</formula>
    <formula uri="http://libmeta.ru/fme/formula/aux/1131_14_KVADRATIChNYJ">Q_{a, b}</formula>
    <formula uri="http://libmeta.ru/fme/formula/aux/1131_15_KVADRATIChNYJ">\langle\cdot, \cdot\rangle-</formula>
    <formula uri="http://libmeta.ru/fme/formula/aux/1131_16_KVADRATIChNYJ">\mathbb{C}^{2 N}</formula>
    <formula uri="http://libmeta.ru/fme/formula/aux/1131_17_KVADRATIChNYJ">\left(A_{k}, B_{k}\right)</formula>
    <formula uri="http://libmeta.ru/fme/formula/aux/1131_18_KVADRATIChNYJ">J_{0},\left(J_{0}, E\right)</formula>
    <formula uri="http://libmeta.ru/fme/formula/aux/1131_19_KVADRATIChNYJ">\operatorname{Im} z&amp;amp;gt;0</formula>
    <formula uri="http://libmeta.ru/fme/formula/aux/1131_20_KVADRATIChNYJ">z \in \mathbb{R}</formula>
    <formula uri="http://libmeta.ru/fme/formula/aux/1131_21_KVADRATIChNYJ">z&amp;amp;gt;0</formula>
    <formula uri="http://libmeta.ru/fme/formula/aux/1131_22_KVADRATIChNYJ">\mathbb{C}^{2 N}</formula>
    <formula uri="http://libmeta.ru/fme/formula/aux/1131_23_KVADRATIChNYJ">\mathbb{R}^{2.1}</formula>
    <formula uri="http://libmeta.ru/fme/formula/aux/1131_24_KVADRATIChNYJ">p^{2}+q^{2}</formula>
    <formula uri="http://libmeta.ru/fme/formula/aux/1131_25_KVADRATIChNYJ">-\left(p^{2}+q^{2}\right)</formula>
    <formula uri="http://libmeta.ru/fme/formula/aux/1131_26_KVADRATIChNYJ">\mathbb{R}^{2}</formula>
  </formulas_aux>
  <relations/>
  <text> - простейший вид, к которому можно привести квадратичный гамильтониан линейной канонической заменой координат.

Те о ре м а В и л в м с о на [1]. В $URI[[http://libmeta.ru/fme/formula/aux/1131_1_KVADRATIChNYJ]]/URI$-мерном вещественном линейном симплектич. пространстве $URI[[http://libmeta.ru/fme/formula/aux/1131_2_KVADRATIChNYJ]]/URI$, на к-ром задан К. г. H, можно выбрать линейные канонически сопряженные координаты $URI[[http://libmeta.ru/fme/formula/aux/1131_3_KVADRATIChNYJ]]/URI$, в к-рых $URI[[http://libmeta.ru/fme/formula/aux/1131_4_KVADRATIChNYJ]]/URI$ примет вид:

\[
URI[[http://libmeta.ru/fme/formula/main/1131_1_KVADRATIChNYJ]]/URI
\]

где $URI[[http://libmeta.ru/fme/formula/aux/1131_5_KVADRATIChNYJ]]/URI$, гамильтонианы $URI[[http://libmeta.ru/fme/formula/aux/1131_6_KVADRATIChNYJ]]/URI$, $URI[[http://libmeta.ru/fme/formula/aux/1131_7_KVADRATIChNYJ]]/URI$ (так наз. элементарные нормальные формы) суть

\[
URI[[http://libmeta.ru/fme/formula/main/1131_2_KVADRATIChNYJ]]/URI
\]

а пары матриц $URI[[http://libmeta.ru/fme/formula/aux/1131_8_KVADRATIChNYJ]]/URI$ принадлежат следующему списку:

\[
URI[[http://libmeta.ru/fme/formula/main/1131_3_KVADRATIChNYJ]]/URI
\]

с нечетным порядком клетки $URI[[http://libmeta.ru/fme/formula/aux/1131_9_KVADRATIChNYJ]]/URI$. Здесь $URI[[http://libmeta.ru/fme/formula/aux/1131_10_KVADRATIChNYJ]]/URI$, $URI[[http://libmeta.ru/fme/formula/aux/1131_11_KVADRATIChNYJ]]/URI$ - жорданова клетка с собственным числом $URI[[http://libmeta.ru/fme/formula/aux/1131_12_KVADRATIChNYJ]]/URI$ единичная матрица, а $URI[[http://libmeta.ru/fme/formula/aux/1131_13_KVADRATIChNYJ]]/URI$ и $URI[[http://libmeta.ru/fme/formula/aux/1131_14_KVADRATIChNYJ]]/URI$ - матрицы

\[
URI[[http://libmeta.ru/fme/formula/main/1131_4_KVADRATIChNYJ]]/URI
\]

$URI[[http://libmeta.ru/fme/formula/aux/1131_15_KVADRATIChNYJ]]/URI$ скалярное произведение:

\[
URI[[http://libmeta.ru/fme/formula/main/1131_5_KVADRATIChNYJ]]/URI
\]

Аналогичное утверждение справедливо и для гамильтонианов в комплексном пространстве $URI[[http://libmeta.ru/fme/formula/aux/1131_16_KVADRATIChNYJ]]/URI$ со следующим списком пар матриц $URI[[http://libmeta.ru/fme/formula/aux/1131_17_KVADRATIChNYJ]]/URI$ :

\[
URI[[http://libmeta.ru/fme/formula/main/1131_6_KVADRATIChNYJ]]/URI
\]

с нечетным порядком клетки $URI[[http://libmeta.ru/fme/formula/aux/1131_18_KVADRATIChNYJ]]/URI$. Здесь либо $URI[[http://libmeta.ru/fme/formula/aux/1131_19_KVADRATIChNYJ]]/URI$, либо $URI[[http://libmeta.ru/fme/formula/aux/1131_20_KVADRATIChNYJ]]/URI$ и $URI[[http://libmeta.ru/fme/formula/aux/1131_21_KVADRATIChNYJ]]/URI$.

В линейном симплектич. пространстве $URI[[http://libmeta.ru/fme/formula/aux/1131_22_KVADRATIChNYJ]]/URI$ два К. г. мохно перевести друг в друга линейной канонич. заменой координат тогда и только тогда, когда соответствующие им линейные гамильтоновы операторы подобны, то есть имеют одинаковую жорданову структуру. На гамильтонианы в $URI[[http://libmeta.ru/fme/formula/aux/1131_23_KVADRATIChNYJ]]/URI$ это утверждение не переносится, контрпримером могут служить гамильтонианы $URI[[http://libmeta.ru/fme/formula/aux/1131_24_KVADRATIChNYJ]]/URI$ и $URI[[http://libmeta.ru/fme/formula/aux/1131_25_KVADRATIChNYJ]]/URI$ на $URI[[http://libmeta.ru/fme/formula/aux/1131_26_KVADRATIChNYJ]]/URI$.

Jum.: [1] Williams on J., &amp;amp;quot;Amer. J. Math.», 1936, v. 58, № 1, p. 141-63; [2] Laub A. J., Meyer K., &amp;amp;quot;Celest. Mech.», 1974, v. 9, № 2, р. 213-38; [3] Арноль ьд В. И., Гивенталь А. Б., Итоги науки и техники. Современные проблемы математики. Фундаментальные направления. Динамические системы, т. 4, М., 1985, с. 5-139 (глава 1); [4] Б р ю н о А. Д., «Успехи математич. наук», 1988, т. 43, в. 1, с. 23-56.</text>
  <text_orig> - простейший вид, к которому можно привести квадратичный гамильтониан линейной канонической заменой координат.

Те о ре м а В и л в м с о на [1]. В $2 N$-мерном вещественном линейном симплектич. пространстве $\mathbb{R}^{2 N}$, на к-ром задан К. г. H, можно выбрать линейные канонически сопряженные координаты $p_{1}, p_{2}, \ldots, p_{N}, q_{1}, q_{2}, \ldots, q_{N}$, в к-рых $H$ примет вид:

\[
\begin{aligned}
&amp;amp;amp; H\left(p_{1}, \ldots, p_{N}, q_{1}, \ldots, q_{N}\right)=H\left(p_{1}, \ldots, p_{n_{1}}, q_{1}, \ldots, q_{n_{1}}\right)+ \\
&amp;amp;amp; +H_{2}\left(p_{n_{1}+1}, \ldots, p_{n_{2}}, q_{n_{1}+1}, \ldots, q_{n_{2}}\right)+\ldots+ \\
&amp;amp;amp; +H_{s}\left(p_{n_{s-1}+1}, \ldots, p_{n_{s}}, q_{n_{s-1}+1}, \ldots, q_{n_{s}}\right) \text {, }
\end{aligned}
\]

где $1 \leqslant n_{1}&amp;amp;lt;n_{2}&amp;amp;lt;\ldots&amp;amp;lt;n_{s-1}&amp;amp;lt;n_{s}=N$, гамильтонианы $H_{1}, H_{2}, \ldots$, $H_{s}$ (так наз. элементарные нормальные формы) суть

\[
H_{k}(p, q)=\frac{1}{2}\left\langle p, A_{k} L_{p}\right\rangle+\frac{1}{2}\left\langle q, L B_{k} q\right\rangle,
\]

а пары матриц $\left(A_{k}, B_{k}\right)$ принадлежат следующему списку:

\[
\left(Q_{a, b},-Q_{a, b}\right),\left(J_{a},-J_{a}\right),\left(\sigma J_{b}, \sigma J_{b}\right),\left(J_{0}, J_{0}\right)
\]

с нечетным порядком клетки $J_{0},\left(\sigma J_{0}, \sigma E\right)$. Здесь $a&amp;amp;gt;0, b&amp;amp;gt;0$, $\sigma= \pm 1, J_{\lambda}$ - жорданова клетка с собственным числом $\lambda, E-$ единичная матрица, а $L$ и $Q_{a, b}$ - матрицы

\[
L=\left\|\begin{array}{ccccc}
0 &amp;amp;amp; 0 &amp;amp;amp; \ldots &amp;amp;amp; 0 &amp;amp;amp; 1 \\
0 &amp;amp;amp; 0 &amp;amp;amp; \ldots &amp;amp;amp; 1 &amp;amp;amp; 0 \\
\cdots &amp;amp;amp; \cdots &amp;amp;amp; \cdots &amp;amp;amp; \cdots &amp;amp;amp; . \\
1 &amp;amp;amp; 0 &amp;amp;amp; \ldots &amp;amp;amp; 0 &amp;amp;amp; 0
\end{array}\right\|, \quad Q_{a, b}=\left\|\begin{array}{cc}
J_{a} &amp;amp;amp; b E \\
-b E &amp;amp;amp; J_{a}
\end{array}\right\|,
\]

$\langle\cdot, \cdot\rangle-$ скалярное произведение:

\[
\left\langle x, M_{y}\right\rangle=\sum M_{i j} x_{i} y_{j}
\]

Аналогичное утверждение справедливо и для гамильтонианов в комплексном пространстве $\mathbb{C}^{2 N}$ со следующим списком пар матриц $\left(A_{k}, B_{k}\right)$ :

\[
\left(J_{z},-J_{z}\right),\left(J_{0}, J_{0}\right)
\]

с нечетным порядком клетки $J_{0},\left(J_{0}, E\right)$. Здесь либо $\operatorname{Im} z&amp;amp;gt;0$, либо $z \in \mathbb{R}$ и $z&amp;amp;gt;0$.

В линейном симплектич. пространстве $\mathbb{C}^{2 N}$ два К. г. мохно перевести друг в друга линейной канонич. заменой координат тогда и только тогда, когда соответствующие им линейные гамильтоновы операторы подобны, то есть имеют одинаковую жорданову структуру. На гамильтонианы в $\mathbb{R}^{2.1}$ это утверждение не переносится, контрпримером могут служить гамильтонианы $p^{2}+q^{2}$ и $-\left(p^{2}+q^{2}\right)$ на $\mathbb{R}^{2}$.

Jum.: [1] Williams on J., &amp;amp;quot;Amer. J. Math.», 1936, v. 58, № 1, p. 141-63; [2] Laub A. J., Meyer K., &amp;amp;quot;Celest. Mech.», 1974, v. 9, № 2, р. 213-38; [3] Арноль ьд В. И., Гивенталь А. Б., Итоги науки и техники. Современные проблемы математики. Фундаментальные направления. Динамические системы, т. 4, М., 1985, с. 5-139 (глава 1); [4] Б р ю н о А. Д., «Успехи математич. наук», 1988, т. 43, в. 1, с. 23-56. М. Б. Севрюк.</text_orig>
</article>
