<?xml version="1.0" ?>
<article uri="http://libmeta.ru/fme/article/1134_KVAZIVARIATsIONNOE">
  <title>КВАЗИВАРИАЦИОННОЕ НЕРАВЕНСТВО</title>
  <authors>
    <author>Т. Н. Рожковская</author>
  </authors>
  <title_short/>
  <pages>
    <start>240</start>
    <end>240</end>
  </pages>
  <literature>
    <literature_orig/>
  </literature>
  <formulas_main>
    <formula uri="http://libmeta.ru/fme/formula/main/1134_1_KVAZIVARIATsIONNOE">\psi \in Q(W):\langle A \psi, v-\psi\rangle \geqslant 0 \text { для всех } v \in Q(W),</formula>
  </formulas_main>
  <formulas_aux>
    <formula uri="http://libmeta.ru/fme/formula/aux/1134_1_KVAZIVARIATsIONNOE">u \in Q(u):\langle A u, v-u\rangle \geqslant 0</formula>
    <formula uri="http://libmeta.ru/fme/formula/aux/1134_2_KVAZIVARIATsIONNOE">v \in Q(u)</formula>
    <formula uri="http://libmeta.ru/fme/formula/aux/1134_3_KVAZIVARIATsIONNOE">V-</formula>
    <formula uri="http://libmeta.ru/fme/formula/aux/1134_4_KVAZIVARIATsIONNOE">V^{\prime}-</formula>
    <formula uri="http://libmeta.ru/fme/formula/aux/1134_5_KVAZIVARIATsIONNOE">A: V \rightarrow V^{\prime}, K-</formula>
    <formula uri="http://libmeta.ru/fme/formula/aux/1134_6_KVAZIVARIATsIONNOE">V, C \subseteq K, Q: C \rightarrow 2^{K}</formula>
    <formula uri="http://libmeta.ru/fme/formula/aux/1134_7_KVAZIVARIATsIONNOE">w \rightarrow \psi</formula>
    <formula uri="http://libmeta.ru/fme/formula/aux/1134_8_KVAZIVARIATsIONNOE">1987 . \quad</formula>
  </formulas_aux>
  <relations/>
  <text> - неравенсТво, возникающее при решении следующей задачи:

найти $URI[[http://libmeta.ru/fme/formula/aux/1134_1_KVAZIVARIATsIONNOE]]/URI$ для всех $URI[[http://libmeta.ru/fme/formula/aux/1134_2_KVAZIVARIATsIONNOE]]/URI$,

где $URI[[http://libmeta.ru/fme/formula/aux/1134_3_KVAZIVARIATsIONNOE]]/URI$ рефлексивное банахово пространство, $URI[[http://libmeta.ru/fme/formula/aux/1134_4_KVAZIVARIATsIONNOE]]/URI$ его двойственное, оператор $URI[[http://libmeta.ru/fme/formula/aux/1134_5_KVAZIVARIATsIONNOE]]/URI$ выпуклое замкнутое множество в $URI[[http://libmeta.ru/fme/formula/aux/1134_6_KVAZIVARIATsIONNOE]]/URI$. Для изучения К. н. pacсматривается семейство вариационных неравенств:

\[
URI[[http://libmeta.ru/fme/formula/main/1134_1_KVAZIVARIATsIONNOE]]/URI
\]

а затем ищется неподвижная точка отображения $URI[[http://libmeta.ru/fme/formula/aux/1134_7_KVAZIVARIATsIONNOE]]/URI$, к-рая и будет решением К. н.

К. н. имеют приложения в физике, механике, теории управления и др.

Лит.: [1] Б ай окк и К., Кап е л о А., Вариационные и квазивариационные неравенства, пер. с англ., М., 1988; [2] Бе н с у с н А., Л и о н с Ж.-Л., Импульсное управление и квазивариационные неравенства, пер. с франц., М., $URI[[http://libmeta.ru/fme/formula/aux/1134_8_KVAZIVARIATsIONNOE]]/URI$</text>
  <text_orig> - неравенсТво, возникающее при решении следующей задачи:

найти $u \in Q(u):\langle A u, v-u\rangle \geqslant 0$ для всех $v \in Q(u)$,

где $V-$ рефлексивное банахово пространство, $V^{\prime}-$ его двойственное, оператор $A: V \rightarrow V^{\prime}, K-$ выпуклое замкнутое множество в $V, C \subseteq K, Q: C \rightarrow 2^{K}$. Для изучения К. н. pacсматривается семейство вариационных неравенств:

\[
\psi \in Q(W):\langle A \psi, v-\psi\rangle \geqslant 0 \text { для всех } v \in Q(W),
\]

а затем ищется неподвижная точка отображения $w \rightarrow \psi$, к-рая и будет решением К. н.

К. н. имеют приложения в физике, механике, теории управления и др.

Лит.: [1] Б ай окк и К., Кап е л о А., Вариационные и квазивариационные неравенства, пер. с англ., М., 1988; [2] Бе н с у с н А., Л и о н с Ж.-Л., Импульсное управление и квазивариационные неравенства, пер. с франц., М., $1987 . \quad$ Т. Н. Рожковская.</text_orig>
</article>
