<?xml version="1.0" ?>
<article uri="http://libmeta.ru/fme/article/1136_KVAZIKLASSIChESKIE">
  <title>КВАЗИКЛАССИЧЕСКИЕ ТРАЕКТОРНО-КОГЕРЕНТНЫЕ СОСТОЯНИЯ</title>
  <authors/>
  <title_short/>
  <pages>
    <start>240</start>
    <end>241</end>
  </pages>
  <literature>
    <literature_orig/>
  </literature>
  <formulas_main/>
  <formulas_aux>
    <formula uri="http://libmeta.ru/fme/formula/aux/1136_1_KVAZIKLASSIChESKIE">h^{1 / 2}</formula>
    <formula uri="http://libmeta.ru/fme/formula/aux/1136_2_KVAZIKLASSIChESKIE">h \rightarrow 0</formula>
    <formula uri="http://libmeta.ru/fme/formula/aux/1136_3_KVAZIKLASSIChESKIE">h \rightarrow 0</formula>
    <formula uri="http://libmeta.ru/fme/formula/aux/1136_4_KVAZIKLASSIChESKIE">h \rightarrow 0</formula>
    <formula uri="http://libmeta.ru/fme/formula/aux/1136_5_KVAZIKLASSIChESKIE">390-96</formula>
    <formula uri="http://libmeta.ru/fme/formula/aux/1136_6_KVAZIKLASSIChESKIE">455-57</formula>
  </formulas_aux>
  <relations/>
  <text>асимптотические по степеням $URI[[http://libmeta.ru/fme/formula/aux/1136_1_KVAZIKLASSIChESKIE]]/URI$, $URI[[http://libmeta.ru/fme/formula/aux/1136_2_KVAZIKLASSIChESKIE]]/URI$, решения эволюционных уравнений квантовой механики в форме волновых пакетов, локализованных в окрестности классической частицы; обобщают (коррелированные) когерентные состояния нерелятивистских квадратичных квантовых систем на случай произвольного внешнего поля и релятивистских квантовых систем. Такие решения построены методом комплексного ростка для уравнений Шредингера (см. [1]), Клейна-Гордона, псевдодифференциального уравнения типа Шредингера для релятивистской частицы (см. [2]), уравнения Дирака с аномальным взаимодействием Паули (см. [3]) (см. Дирака уравнение; асимптотические решения). В случае уравнения Шредингера со стационарным скалярным потенциалом решения подобного типа впервые построены в [4]. Для произвольной квантовой системы, имеющей классич. аналог, К. т.-К. с. реализуют предельный переход при $URI[[http://libmeta.ru/fme/formula/aux/1136_3_KVAZIKLASSIChESKIE]]/URI$ из квантовой теории в классическую (в духе подхода Эренфеста в нерелятивистской квантовой механике (см. [5])): средние квантово-механические для полного набора наблюдаемых, рассчитанные по К. т.-к.с., в пределе при $URI[[http://libmeta.ru/fme/formula/aux/1136_4_KVAZIKLASSIChESKIE]]/URI$ являются решениями классич. уравнений движения.

Лит.: [1] Багров В. Г., Белов В. В., Тернов И. М., «Теоретич. и математич. физика», 1982, т. 50, № 3, с. $URI[[http://libmeta.ru/fme/formula/aux/1136_5_KVAZIKLASSIChESKIE]]/URI$; [2] Б а гро в В.Г., Белов В. В., «Известия ВУЗов. Физика», 1982, т. 25 , № 4, с. 48-50; [3] Бе л о в В. В., Масло в В. П., “Доклады АН CCCP», 1989, т. 305, № 3, с. 574-80; [4] Баби ч В. М., Дан ило в Ю. П., «Записки научных семинаров ЛОМИ АН СССР», 1969, т. 15, в. 2, c. 47-65; [5] Ehrenfest P., «Z. Phys.», 1927, Bd 45,
S. $URI[[http://libmeta.ru/fme/formula/aux/1136_6_KVAZIKLASSIChESKIE]]/URI$. Белoв.</text>
  <text_orig>асимптотические по степеням $h^{1 / 2}$, $h \rightarrow 0$, решения эволюционных уравнений квантовой механики в форме волновых пакетов, локализованных в окрестности классической частицы; обобщают (коррелированные) когерентные состояния нерелятивистских квадратичных квантовых систем на случай произвольного внешнего поля и релятивистских квантовых систем. Такие решения построены методом комплексного ростка для уравнений Шредингера (см. [1]), Клейна-Гордона, псевдодифференциального уравнения типа Шредингера для релятивистской частицы (см. [2]), уравнения Дирака с аномальным взаимодействием Паули (см. [3]) (см. Дирака уравнение; асимптотические решения). В случае уравнения Шредингера со стационарным скалярным потенциалом решения подобного типа впервые построены в [4]. Для произвольной квантовой системы, имеющей классич. аналог, К. т.-К. с. реализуют предельный переход при $h \rightarrow 0$ из квантовой теории в классическую (в духе подхода Эренфеста в нерелятивистской квантовой механике (см. [5])): средние квантово-механические для полного набора наблюдаемых, рассчитанные по К. т.-к.с., в пределе при $h \rightarrow 0$ являются решениями классич. уравнений движения.

Лит.: [1] Багров В. Г., Белов В. В., Тернов И. М., «Теоретич. и математич. физика», 1982, т. 50, № 3, с. $390-96$; [2] Б а гро в В.Г., Белов В. В., «Известия ВУЗов. Физика», 1982, т. 25 , № 4, с. 48-50; [3] Бе л о в В. В., Масло в В. П., “Доклады АН CCCP», 1989, т. 305, № 3, с. 574-80; [4] Баби ч В. М., Дан ило в Ю. П., «Записки научных семинаров ЛОМИ АН СССР», 1969, т. 15, в. 2, c. 47-65; [5] Ehrenfest P., «Z. Phys.», 1927, Bd 45,
S. $455-57$. Белoв.</text_orig>
</article>
