<?xml version="1.0" ?>
<article uri="http://libmeta.ru/fme/article/1137_KVAZIDAL'NIJ">
  <title>КВАЗИДАЛЬНИЙ ПОРЯДОК</title>
  <authors/>
  <title_short/>
  <pages>
    <start>240</start>
    <end>240</end>
  </pages>
  <literature>
    <literature_orig/>
  </literature>
  <formulas_main/>
  <formulas_aux/>
  <relations/>
  <text>см. Динамический дальний порядок.</text>
  <text_orig>см. Динамический дальний порядок.</text_orig>
</article>
