<?xml version="1.0" ?>
<article uri="http://libmeta.ru/fme/article/1139_KVAZIKLASSIChESKIE" alphabetic_pos="1141">
  <title>КВАЗИКЛАССИЧЕСКИЕ ТРАЕКТОРНО-КОГЕРЕНТНЫЕ СОСТОЯНИЯ</title>
  <authors/>
  <title_short/>
  <pages>
    <start>240</start>
    <end>241</end>
  </pages>
  <literature>
    <literature_orig>Лит.: [1] Багров В. Г., Белов В. В., Тернов И. М., «теоретич. и математич. физика», 1982, т. 50, № 3, с. $390-96$; [2] Б а гро в В.Г., Белов В. В., «известия Вузов. Физика», 1982, т. 25 , № 4, с. 48-50; [3] Бе л о в В. В., Масло в В. П., “доклады Ан Cccp», 1989, т. 305, № 3, с. 574-80; [4] Баби ч В. М., Дан ило в Ю. П., «записки научных семинаров Ломи Ан Ссср», 1969, т. 15, в. 2, c. 47-65; [5] Ehrenfest P., «z. Phys.», 1927, Bd 45,S. $455-57$. Белoв.</literature_orig>
    <unit>
      <author>Багров В. Г.</author>
      <author>Белов В. В.</author>
      <author>Тернов И. М.</author>
      <title>«теоретич. и математич. физика»</title>
      <publication/>
      <year>1982</year>
      <other>т. 50, № 3, с. $390-96$</other>
    </unit>
    <unit>
      <author>Багров В. Г.</author>
      <author>Белов В. В.</author>
      <title>«известия Вузов. Физика»</title>
      <publication/>
      <year>1982</year>
      <other>т. 25, № 4, с. 48-50</other>
    </unit>
    <unit>
      <author>Белов В. В.</author>
      <author>Маслов В. П.</author>
      <title>“доклады Ан Cccp»</title>
      <publication/>
      <year>1989</year>
      <other>т. 305, № 3, с. 574-80</other>
    </unit>
    <unit>
      <author>Бабич В. М.</author>
      <author>Данилов Ю. П.</author>
      <title>«записки научных семинаров Ломи Ан Ссср»</title>
      <publication/>
      <year>1969</year>
      <other>т. 15, в. 2, c. 47-65</other>
    </unit>
    <unit>
      <author>Ehrenfest P.</author>
      <title>«z. Phys.»</title>
      <publication/>
      <year>1927</year>
      <other>Bd 45, S. $455-57$. Белoв.</other>
    </unit>
  </literature>
  <formulas_main/>
  <formulas_aux>
    <formula uri="http://libmeta.ru/fme/formula/aux/1139_1_KVAZIKLASSIChESKIE">h^{1 / 2}</formula>
    <formula uri="http://libmeta.ru/fme/formula/aux/1139_2_KVAZIKLASSIChESKIE">h \rightarrow 0</formula>
    <formula uri="http://libmeta.ru/fme/formula/aux/1139_3_KVAZIKLASSIChESKIE">h \rightarrow 0</formula>
    <formula uri="http://libmeta.ru/fme/formula/aux/1139_4_KVAZIKLASSIChESKIE">h \rightarrow 0</formula>
  </formulas_aux>
  <relations>
    <relation uri="http://libmeta.ru/fme/relation/1139_1_KVAZIKLASSIChESKIE">
      <rel_text>Дирака уравнение</rel_text>
      <target>http://libmeta.ru/fme/article/843_DIRAKA</target>
    </relation>
    <relation uri="http://libmeta.ru/fme/relation/1139_1_KVAZIKLASSIChESKIE">
      <rel_text>наблюдаемых</rel_text>
      <target>http://libmeta.ru/fme/article/1853_NABLJuDAEMA</target>
    </relation>
    <relation uri="http://libmeta.ru/fme/relation/1139_2_KVAZIKLASSIChESKIE">
      <rel_text>механике</rel_text>
      <target>http://libmeta.ru/fme/article/1777_MEHANIK</target>
    </relation>
    <relation uri="http://libmeta.ru/fme/relation/1139_3_KVAZIKLASSIChESKIE">
      <rel_text>классическую</rel_text>
      <target>http://libmeta.ru/fme/article/1253_KLASTERIZATsI</target>
    </relation>
    <relation uri="http://libmeta.ru/fme/relation/1139_4_KVAZIKLASSIChESKIE">
      <rel_text>уравнения Шредингера</rel_text>
      <target>http://libmeta.ru/fme/article/3462_ShREDINGERA</target>
    </relation>
    <relation uri="http://libmeta.ru/fme/relation/1139_5_KVAZIKLASSIChESKIE">
      <rel_text>уравнения Дирака</rel_text>
      <target>http://libmeta.ru/fme/article/843_DIRAKA</target>
    </relation>
    <relation uri="http://libmeta.ru/fme/relation/1139_6_KVAZIKLASSIChESKIE">
      <rel_text>частицы</rel_text>
      <target>http://libmeta.ru/fme/article/3412_ChASTOT</target>
    </relation>
    <relation uri="http://libmeta.ru/fme/relation/1139_7_KVAZIKLASSIChESKIE">
      <rel_text>уравнений Шредингера</rel_text>
      <target>http://libmeta.ru/fme/article/3462_ShREDINGERA</target>
    </relation>
    <relation uri="http://libmeta.ru/fme/relation/1139_8_KVAZIKLASSIChESKIE">
      <rel_text>комплексного ростка</rel_text>
      <target>http://libmeta.ru/fme/article/1333_KOMPLEKSNYJ</target>
    </relation>
    <relation uri="http://libmeta.ru/fme/relation/1139_9_KVAZIKLASSIChESKIE">
      <rel_text>произвольного внешнего</rel_text>
      <target>http://libmeta.ru/fme/article/422_VNEShNEE</target>
    </relation>
    <relation uri="http://libmeta.ru/fme/relation/1139_10_KVAZIKLASSIChESKIE">
      <rel_text>состояния</rel_text>
      <target>http://libmeta.ru/fme/article/2867_SOSTOJaNI</target>
    </relation>
    <relation uri="http://libmeta.ru/fme/relation/1139_11_KVAZIKLASSIChESKIE">
      <rel_text>частицы</rel_text>
      <target>http://libmeta.ru/fme/article/3412_ChASTOT</target>
    </relation>
    <relation uri="http://libmeta.ru/fme/relation/1139_12_KVAZIKLASSIChESKIE">
      <rel_text>классической</rel_text>
      <target>http://libmeta.ru/fme/article/1253_KLASTERIZATsI</target>
    </relation>
    <relation uri="http://libmeta.ru/fme/relation/1139_13_KVAZIKLASSIChESKIE">
      <rel_text>локализованных</rel_text>
      <target>http://libmeta.ru/fme/article/1640_LOKALIZUEMOST</target>
    </relation>
    <relation uri="http://libmeta.ru/fme/relation/1139_14_KVAZIKLASSIChESKIE">
      <rel_text>механики</rel_text>
      <target>http://libmeta.ru/fme/article/1777_MEHANIK</target>
    </relation>
  </relations>
  <text>асимптотические по степеням $URI[[http://libmeta.ru/fme/formula/aux/1139_1_KVAZIKLASSIChESKIE]]/URI$, $URI[[http://libmeta.ru/fme/formula/aux/1139_2_KVAZIKLASSIChESKIE]]/URI$, решения эволюционных уравнений квантовой URI[[http://libmeta.ru/fme/relation/1139_14_KVAZIKLASSIChESKIE]]/URI в форме волновых пакетов, URI[[http://libmeta.ru/fme/relation/1139_13_KVAZIKLASSIChESKIE]]/URI в окрестности URI[[http://libmeta.ru/fme/relation/1139_12_KVAZIKLASSIChESKIE]]/URI URI[[http://libmeta.ru/fme/relation/1139_11_KVAZIKLASSIChESKIE]]/URI; обобщают (коррелированные) когерентные URI[[http://libmeta.ru/fme/relation/1139_10_KVAZIKLASSIChESKIE]]/URI нерелятивистских квадратичных квантовых систем на случай URI[[http://libmeta.ru/fme/relation/1139_9_KVAZIKLASSIChESKIE]]/URI поля и релятивистских квантовых систем. Такие решения построены методом URI[[http://libmeta.ru/fme/relation/1139_8_KVAZIKLASSIChESKIE]]/URI для URI[[http://libmeta.ru/fme/relation/1139_7_KVAZIKLASSIChESKIE]]/URI (см. [1]), Клейна-Гордона, псевдодифференциального уравнения типа Шредингера для релятивистской URI[[http://libmeta.ru/fme/relation/1139_6_KVAZIKLASSIChESKIE]]/URI (см. [2]), URI[[http://libmeta.ru/fme/relation/1139_5_KVAZIKLASSIChESKIE]]/URI с аномальным взаимодействием Паули (см. [3]) (см. URI[[http://libmeta.ru/fme/relation/1139_1_KVAZIKLASSIChESKIE]]/URI; асимптотические решения). В случае URI[[http://libmeta.ru/fme/relation/1139_4_KVAZIKLASSIChESKIE]]/URI со стационарным скалярным потенциалом решения подобного типа впервые построены в [4]. Для произвольной квантовой системы, имеющей классич. аналог, К. т.-К. с. реализуют предельный переход при $URI[[http://libmeta.ru/fme/formula/aux/1139_3_KVAZIKLASSIChESKIE]]/URI$ из квантовой теории в URI[[http://libmeta.ru/fme/relation/1139_3_KVAZIKLASSIChESKIE]]/URI (в духе подхода Эренфеста в нерелятивистской квантовой URI[[http://libmeta.ru/fme/relation/1139_2_KVAZIKLASSIChESKIE]]/URI (см. [5])): средние квантово-механические для полного набора URI[[http://libmeta.ru/fme/relation/1139_1_KVAZIKLASSIChESKIE]]/URI, рассчитанные по К. т.-к.с., в пределе при $URI[[http://libmeta.ru/fme/formula/aux/1139_4_KVAZIKLASSIChESKIE]]/URI$ являются решениями классич. уравнений движения.</text>
  <text_orig>асимптотические по степеням $h^{1 / 2}$, $h \rightarrow 0$, решения эволюционных уравнений квантовой механики в форме волновых пакетов, локализованных в окрестности классической частицы; обобщают (коррелированные) когерентные состояния нерелятивистских квадратичных квантовых систем на случай произвольного внешнего поля и релятивистских квантовых систем. Такие решения построены методом комплексного ростка для уравнений Шредингера (см. [1]), Клейна-Гордона, псевдодифференциального уравнения типа Шредингера для релятивистской частицы (см. [2]), уравнения Дирака с аномальным взаимодействием Паули (см. [3]) (см. Дирака уравнение; асимптотические решения). В случае уравнения Шредингера со стационарным скалярным потенциалом решения подобного типа впервые построены в [4]. Для произвольной квантовой системы, имеющей классич. аналог, К. т.-К. с. реализуют предельный переход при $h \rightarrow 0$ из квантовой теории в классическую (в духе подхода Эренфеста в нерелятивистской квантовой механике (см. [5])): средние квантово-механические для полного набора наблюдаемых, рассчитанные по К. т.-к.с., в пределе при $h \rightarrow 0$ являются решениями классич. уравнений движения.

Лит.: [1] Багров В. Г., Белов В. В., Тернов И. М., «Теоретич. и математич. физика», 1982, т. 50, № 3, с. $390-96$; [2] Б а гро в В.Г., Белов В. В., «Известия ВУЗов. Физика», 1982, т. 25 , № 4, с. 48-50; [3] Бе л о в В. В., Масло в В. П., “Доклады АН CCCP», 1989, т. 305, № 3, с. 574-80; [4] Баби ч В. М., Дан ило в Ю. П., «Записки научных семинаров ЛОМИ АН СССР», 1969, т. 15, в. 2, c. 47-65; [5] Ehrenfest P., «Z. Phys.», 1927, Bd 45,
S. $455-57$. Белoв.</text_orig>
</article>
