<?xml version="1.0" ?>
<article uri="http://libmeta.ru/fme/article/1140_KVAZIKLASSIChESKIJ" alphabetic_pos="1142">
  <title>КВАЗИКЛАССИЧЕСКИЙ ОПЕРАТОР ПЛОТНОСТИ</title>
  <authors/>
  <title_short/>
  <pages>
    <start>241</start>
    <end>241</end>
  </pages>
  <literature>
    <literature_orig/>
  </literature>
  <formulas_main/>
  <formulas_aux/>
  <relations/>
  <text>см. P-представление.</text>
  <text_orig>см. P-представление.</text_orig>
</article>
