<?xml version="1.0" ?>
<article uri="http://libmeta.ru/fme/article/1140_KVAZIKONFORMNAJa">
  <title>КВАЗИКОНФОРМНАЯ КРИВАЯ</title>
  <author/>
  <title_short/>
  <pages>
    <start>241</start>
    <end>241</end>
  </pages>
  <literature>
    <literature_orig/>
  </literature>
  <formulas_main>
    <formula uri="http://libmeta.ru/fme/formula/main/1140_1_KVAZIKONFORMNAJa">\min _{j=1,2} \operatorname{diam}\left(\gamma_{j}\right) \leqslant c\left|z_{1}-z_{2}\right|,</formula>
  </formulas_main>
  <formulas_aux>
    <formula uri="http://libmeta.ru/fme/formula/aux/1140_1_KVAZIKONFORMNAJa">\gamma \subset \overline{\mathbb{C}}</formula>
    <formula uri="http://libmeta.ru/fme/formula/aux/1140_2_KVAZIKONFORMNAJa">c&amp;gt;0</formula>
    <formula uri="http://libmeta.ru/fme/formula/aux/1140_3_KVAZIKONFORMNAJa">z_{1}, z_{2}(\neq \infty)</formula>
    <formula uri="http://libmeta.ru/fme/formula/aux/1140_4_KVAZIKONFORMNAJa">\gamma</formula>
    <formula uri="http://libmeta.ru/fme/formula/aux/1140_5_KVAZIKONFORMNAJa">\gamma_{j}</formula>
    <formula uri="http://libmeta.ru/fme/formula/aux/1140_6_KVAZIKONFORMNAJa">\gamma \backslash\left\{z_{1}, z_{2}\right\}</formula>
    <formula uri="http://libmeta.ru/fme/formula/aux/1140_7_KVAZIKONFORMNAJa">\begin{array}{ll}\text { of quasidisks, Montreal, 1982. } &amp;amp; \text { B. В. Горяйнов, Ю. Е. Хохлов. }\end{array}</formula>
  </formulas_aux>
  <relations/>
  <text> - образ окрУжности при квазиконформном автоморфизме расширенной комплексной плоскости. Жорданова кривая $URI[[http://libmeta.ru/fme/formula/aux/1140_1_KVAZIKONFORMNAJa]]/URI$ является К. К. в том и только в том случае, если существует константа $URI[[http://libmeta.ru/fme/formula/aux/1140_2_KVAZIKONFORMNAJa]]/URI$ такая, что для любой пары различных точек $URI[[http://libmeta.ru/fme/formula/aux/1140_3_KVAZIKONFORMNAJa]]/URI$ на $URI[[http://libmeta.ru/fme/formula/aux/1140_4_KVAZIKONFORMNAJa]]/URI$ выполняется неравенство

\[
URI[[http://libmeta.ru/fme/formula/main/1140_1_KVAZIKONFORMNAJa]]/URI
\]

где $URI[[http://libmeta.ru/fme/formula/aux/1140_5_KVAZIKONFORMNAJa]]/URI$ - компоненты $URI[[http://libmeta.ru/fme/formula/aux/1140_6_KVAZIKONFORMNAJa]]/URI$ (геометрич. характеристика К. к., см. [1]). В последнее время этот класс кривых нашел применения в различных областях анализа. Многочисленные приложения понятия К. К. привели к другим эквивалентным определениям и характеристич. свойствам (cM. [2]).

Лит.: [1] Ал ь ф о р с Л., Лекции по квазиконформным отображениям, пер. с англ., M., 1969; [2] Ge hring F., Characteristic properties $URI[[http://libmeta.ru/fme/formula/aux/1140_7_KVAZIKONFORMNAJa]]/URI$</text>
  <text_orig> - образ окрУжности при квазиконформном автоморфизме расширенной комплексной плоскости. Жорданова кривая $\gamma \subset \overline{\mathbb{C}}$ является К. К. в том и только в том случае, если существует константа $c&amp;gt;0$ такая, что для любой пары различных точек $z_{1}, z_{2}(\neq \infty)$ на $\gamma$ выполняется неравенство

\[
\min _{j=1,2} \operatorname{diam}\left(\gamma_{j}\right) \leqslant c\left|z_{1}-z_{2}\right|,
\]

где $\gamma_{j}$ - компоненты $\gamma \backslash\left\{z_{1}, z_{2}\right\}$ (геометрич. характеристика К. к., см. [1]). В последнее время этот класс кривых нашел применения в различных областях анализа. Многочисленные приложения понятия К. К. привели к другим эквивалентным определениям и характеристич. свойствам (cM. [2]).

Лит.: [1] Ал ь ф о р с Л., Лекции по квазиконформным отображениям, пер. с англ., M., 1969; [2] Ge hring F., Characteristic properties $\begin{array}{ll}\text { of quasidisks, Montreal, 1982. } &amp;amp; \text { B. В. Горяйнов, Ю. Е. Хохлов. }\end{array}$</text_orig>
</article>
