<?xml version="1.0" ?>
<article uri="http://libmeta.ru/fme/article/1146_KVAZIODNORODNAJa">
  <title>КВАЗИОДНОРОДНАЯ ФУНКЦИЯ СТЕПЕНИ $d$ С ПОКАЗАТЕЛЯМИ $v_{1}, \ldots, v_{n}$</title>
  <authors>
    <author>C. В. Чмутов</author>
  </authors>
  <title_short/>
  <pages>
    <start>242</start>
    <end>242</end>
  </pages>
  <literature>
    <literature_orig/>
  </literature>
  <formulas_main>
    <formula uri="http://libmeta.ru/fme/formula/main/1146_1_KVAZIODNORODNAJa">f\left(\lambda^{v^{1}} x_{1}, \ldots, \lambda^{v_{n}} x_{n}\right)=\lambda^{d} f\left(x_{1}, \ldots, x_{n}\right)</formula>
  </formulas_main>
  <formulas_aux>
    <formula uri="http://libmeta.ru/fme/formula/aux/1146_1_KVAZIODNORODNAJa">f: \mathbb{C}^{n} \rightarrow \mathbb{C}</formula>
    <formula uri="http://libmeta.ru/fme/formula/aux/1146_2_KVAZIODNORODNAJa">\lambda&gt;0</formula>
  </formulas_aux>
  <relations/>
  <text> голоморфная функция $URI[[http://libmeta.ru/fme/formula/aux/1146_1_KVAZIODNORODNAJa]]/URI$ такая, что при любом $URI[[http://libmeta.ru/fme/formula/aux/1146_2_KVAZIODNORODNAJa]]/URI$ :

\[
URI[[http://libmeta.ru/fme/formula/main/1146_1_KVAZIODNORODNAJa]]/URI
\]</text>
  <text_orig> голоморфная функция $f: \mathbb{C}^{n} \rightarrow \mathbb{C}$ такая, что при любом $\lambda&gt;0$ :

\[
f\left(\lambda^{v^{1}} x_{1}, \ldots, \lambda^{v_{n}} x_{n}\right)=\lambda^{d} f\left(x_{1}, \ldots, x_{n}\right)
\]

C. В. Чмутов.
</text_orig>
</article>
