<?xml version="1.0" ?>
<article uri="http://libmeta.ru/fme/article/1147_KVAZIMARKOVSKOE" alphabetic_pos="1149">
  <title>КВАЗИМАРКОВСКОЕ ПРИБЛИЖЕНИЕ В ТЕОРИИ ТУРБУЛЕНТНОСТИ</title>
  <authors>
    <author>A. П. Мирабель</author>
  </authors>
  <title_short/>
  <pages>
    <start>241</start>
    <end>242</end>
  </pages>
  <literature>
    <literature_orig>Jum.: [1] Rose H.A., Sule m P. L., «j. de physique», 1978, t. 39, № 5, p. 441-84; [2] K r a i c h n a n R. H., «j. Fluid Mech.», 1971, v. 47, № 3, p. 513-24; [3] Orszag S. A., там же, 1970, v. 41, № 2, p. 363-86; [4] Lo it h C. E., «j. Atm. Sci.», 1971, v. 28, № 2, p. 145-61; [5] М и рабель А. П., Монин А. С., «успехи механики», 1979, т. 2, в. 3, с. 47-95.</literature_orig>
    <unit>
      <author>Rose H. A.</author>
      <author>Sulem P. L.</author>
      <title>«j. de physique»</title>
      <publication/>
      <year>1978</year>
      <other>t. 39, № 5, p. 441-84</other>
    </unit>
    <unit>
      <author>Kraichnan R. H.</author>
      <title>«j. Fluid Mech.»</title>
      <publication/>
      <year>1971</year>
      <other>v. 47, № 3, p. 513-24</other>
    </unit>
    <unit>
      <author>Orszag S. A.</author>
      <title>там же</title>
      <publication/>
      <year>1970</year>
      <other>v. 41, № 2, p. 363-86</other>
    </unit>
    <unit>
      <author>Loith C. E.</author>
      <title>«j. Atm. Sci.»</title>
      <publication/>
      <year>1971</year>
      <other>v. 28, № 2, p. 145-61</other>
    </unit>
    <unit>
      <author>Мирабель А. П.</author>
      <author>Монин А. С.</author>
      <title>«успехи механики»</title>
      <publication/>
      <year>1979</year>
      <other>т. 2, в. 3, с. 47-95.</other>
    </unit>
  </literature>
  <formulas_main>
    <formula uri="http://libmeta.ru/fme/formula/main/1147_1_KVAZIMARKOVSKOE">\begin{aligned}&amp; \left(\frac{\partial}{\partial t}+2 v k^{2}\right) E(k, t)=C_{d} \iint_{\Delta_{k}} \theta_{k p q}(t) \frac{k^{d+4}}{p q}\left(1-x^{2}\right)^{(d-3) / 2} \times \\&amp; \times\left[a_{k p q}^{(d)} k^{d-1} E(p, t) E(q, t)-b_{k p q}^{(d)} p^{d-1} E(q, t) E(k, t)\right] d p d q,\end{aligned}</formula>
    <formula uri="http://libmeta.ru/fme/formula/main/1147_2_KVAZIMARKOVSKOE">\begin{gathered}a_{k p q}^{(d)}=1 / 2\left[b_{k p q}^{(d)}+b_{k q p}^{(d)}\right], \\b_{k p q}^{(d)}=(p / 2 k)\left[(d-3) z+(d-1) x y+2 z^{3}\right]\end{gathered}</formula>
    <formula uri="http://libmeta.ru/fme/formula/main/1147_3_KVAZIMARKOVSKOE">\begin{gathered}C_{\alpha}=4 S_{d-1} /(d-1)^{2} S_{d}, \\S_{d} \equiv(2 \pi)^{d / 2} / \Gamma(d / 2) .\end{gathered}</formula>
    <formula uri="http://libmeta.ru/fme/formula/main/1147_4_KVAZIMARKOVSKOE">\theta_{k p q}(t)=\int_{0}^{t} G(k, t, s) G(p, t, s) G(q, t, s) d s,</formula>
    <formula uri="http://libmeta.ru/fme/formula/main/1147_5_KVAZIMARKOVSKOE">\left[\partial / \partial t+v k^{2}+\eta(k, t)\right]</formula>
  </formulas_main>
  <formulas_aux>
    <formula uri="http://libmeta.ru/fme/formula/aux/1147_1_KVAZIMARKOVSKOE">e(k, t)</formula>
    <formula uri="http://libmeta.ru/fme/formula/aux/1147_2_KVAZIMARKOVSKOE">d</formula>
    <formula uri="http://libmeta.ru/fme/formula/aux/1147_3_KVAZIMARKOVSKOE">t-</formula>
    <formula uri="http://libmeta.ru/fme/formula/aux/1147_4_KVAZIMARKOVSKOE">v</formula>
    <formula uri="http://libmeta.ru/fme/formula/aux/1147_5_KVAZIMARKOVSKOE">\delta_{k}-</formula>
    <formula uri="http://libmeta.ru/fme/formula/aux/1147_6_KVAZIMARKOVSKOE">p</formula>
    <formula uri="http://libmeta.ru/fme/formula/aux/1147_7_KVAZIMARKOVSKOE">q</formula>
    <formula uri="http://libmeta.ru/fme/formula/aux/1147_8_KVAZIMARKOVSKOE">k</formula>
    <formula uri="http://libmeta.ru/fme/formula/aux/1147_9_KVAZIMARKOVSKOE">(x, y, z-</formula>
    <formula uri="http://libmeta.ru/fme/formula/aux/1147_10_KVAZIMARKOVSKOE">k, p, q</formula>
    <formula uri="http://libmeta.ru/fme/formula/aux/1147_11_KVAZIMARKOVSKOE">\theta_{k p q}(t)</formula>
    <formula uri="http://libmeta.ru/fme/formula/aux/1147_12_KVAZIMARKOVSKOE">g(k, t, s)</formula>
    <formula uri="http://libmeta.ru/fme/formula/aux/1147_13_KVAZIMARKOVSKOE">\eta(k, t)</formula>
  </formulas_aux>
  <relations>
    <relation uri="http://libmeta.ru/fme/relation/1147_1_KVAZIMARKOVSKOE">
      <rel_text>скорости</rel_text>
      <target>http://libmeta.ru/fme/article/2800_SKOROST</target>
    </relation>
    <relation uri="http://libmeta.ru/fme/relation/1147_2_KVAZIMARKOVSKOE">
      <rel_text>Ланжевена уравнении</rel_text>
      <target>http://libmeta.ru/fme/article/1541_LANZhEVENA</target>
    </relation>
    <relation uri="http://libmeta.ru/fme/relation/1147_3_KVAZIMARKOVSKOE">
      <rel_text>кумулянты</rel_text>
      <target>http://libmeta.ru/fme/article/1492_KUMULJaN</target>
    </relation>
    <relation uri="http://libmeta.ru/fme/relation/1147_4_KVAZIMARKOVSKOE">
      <rel_text>оператора</rel_text>
      <target>http://libmeta.ru/fme/article/2078_OPERATsI</target>
    </relation>
  </relations>
  <text>метод конструирования для изотропного спектра энергии $URI[[http://libmeta.ru/fme/formula/aux/1147_1_KVAZIMARKOVSKOE]]/URI$ из бесконечной цепочки мо-

Квазиклассический 241

16 Математическая физика ментных гидродинамических Фридмана - Кељлера уравнений замкнутого интегро-дифференциального уравнения вида:

\[
URI[[http://libmeta.ru/fme/formula/main/1147_1_KVAZIMARKOVSKOE]]/URI
\]

(см. [1]). Здесь $URI[[http://libmeta.ru/fme/formula/aux/1147_2_KVAZIMARKOVSKOE]]/URI$ - размерность физич. пространства, $URI[[http://libmeta.ru/fme/formula/aux/1147_3_KVAZIMARKOVSKOE]]/URI$ время, $URI[[http://libmeta.ru/fme/formula/aux/1147_4_KVAZIMARKOVSKOE]]/URI$ - коэффициент кинематич. вязкости, $URI[[http://libmeta.ru/fme/formula/aux/1147_5_KVAZIMARKOVSKOE]]/URI$ область интегрирования, распространенная на такие модули волновых векторов $URI[[http://libmeta.ru/fme/formula/aux/1147_6_KVAZIMARKOVSKOE]]/URI$ и $URI[[http://libmeta.ru/fme/formula/aux/1147_7_KVAZIMARKOVSKOE]]/URI$, к-рые вместе с $URI[[http://libmeta.ru/fme/formula/aux/1147_8_KVAZIMARKOVSKOE]]/URI$ являются сторонами треугольников,

\[
URI[[http://libmeta.ru/fme/formula/main/1147_2_KVAZIMARKOVSKOE]]/URI
\]

$URI[[http://libmeta.ru/fme/formula/aux/1147_9_KVAZIMARKOVSKOE]]/URI$ косинусы внутренних углов, противолежащих сторонам $URI[[http://libmeta.ru/fme/formula/aux/1147_10_KVAZIMARKOVSKOE]]/URI$ соответственно),

\[
URI[[http://libmeta.ru/fme/formula/main/1147_3_KVAZIMARKOVSKOE]]/URI
\]

При этом время релаксации $URI[[http://libmeta.ru/fme/formula/aux/1147_11_KVAZIMARKOVSKOE]]/URI$ определяется формулой

\[
URI[[http://libmeta.ru/fme/formula/main/1147_4_KVAZIMARKOVSKOE]]/URI
\]

в к-рой $URI[[http://libmeta.ru/fme/formula/aux/1147_12_KVAZIMARKOVSKOE]]/URI$ - функция Грина URI[[http://libmeta.ru/fme/relation/1147_4_KVAZIMARKOVSKOE]]/URI

\[
URI[[http://libmeta.ru/fme/formula/main/1147_5_KVAZIMARKOVSKOE]]/URI
\]

где $URI[[http://libmeta.ru/fme/formula/aux/1147_13_KVAZIMARKOVSKOE]]/URI$ - линейный коэффициент, связываюший URI[[http://libmeta.ru/fme/relation/1147_3_KVAZIMARKOVSKOE]]/URI 4-го порядка с третьими моментами в иерархии моментных уравнений (см. [3], [4]), либо релаксационный коэффициент трения в модельном URI[[http://libmeta.ru/fme/relation/1147_2_KVAZIMARKOVSKOE]]/URI для фурье-компоненты поля URI[[http://libmeta.ru/fme/relation/1147_1_KVAZIMARKOVSKOE]]/URI с дельта-коррелированной случайной силой (см. [2]), что и обусловливает марковский характер данного приближения (см. [5]).</text>
  <text_orig>метод конструирования для изотропного спектра энергии $E(k, t)$ из бесконечной цепочки мо-

КВАЗИКЛАССИЧЕСКИЙ 241

16 Математическая физика ментных гидродинамических Фридмана - Кељлера уравнений замкнутого интегро-дифференциального уравнения вида:

\[
\begin{aligned}
&amp; \left(\frac{\partial}{\partial t}+2 v k^{2}\right) E(k, t)=C_{d} \iint_{\Delta_{k}} \theta_{k p q}(t) \frac{k^{d+4}}{p q}\left(1-x^{2}\right)^{(d-3) / 2} \times \\
&amp; \times\left[a_{k p q}^{(d)} k^{d-1} E(p, t) E(q, t)-b_{k p q}^{(d)} p^{d-1} E(q, t) E(k, t)\right] d p d q,
\end{aligned}
\]

(см. [1]). Здесь $d$ - размерность физич. пространства, $t-$ время, $v$ - коэффициент кинематич. вязкости, $\Delta_{k}-$ область интегрирования, распространенная на такие модули волновых векторов $p$ и $q$, к-рые вместе с $k$ являются сторонами треугольников,

\[
\begin{gathered}
a_{k p q}^{(d)}=1 / 2\left[b_{k p q}^{(d)}+b_{k q p}^{(d)}\right], \\
b_{k p q}^{(d)}=(p / 2 k)\left[(d-3) z+(d-1) x y+2 z^{3}\right]
\end{gathered}
\]

$(x, y, z-$ косинусы внутренних углов, противолежащих сторонам $k, p, q$ соответственно),

\[
\begin{gathered}
C_{\alpha}=4 S_{d-1} /(d-1)^{2} S_{d}, \\
S_{d} \equiv(2 \pi)^{d / 2} / \Gamma(d / 2) .
\end{gathered}
\]

При этом время релаксации $\theta_{k p q}(t)$ определяется формулой

\[
\theta_{k p q}(t)=\int_{0}^{t} G(k, t, s) G(p, t, s) G(q, t, s) d s,
\]

в к-рой $G(k, t, s)$ - функция Грина оператора

\[
\left[\partial / \partial t+v k^{2}+\eta(k, t)\right]
\]

где $\eta(k, t)$ - линейный коэффициент, связываюший кумулянты 4-го порядка с третьими моментами в иерархии моментных уравнений (см. [3], [4]), либо релаксационный коэффициент трения в модельном Ланжевена уравнении для фурье-компоненты поля скорости с дельта-коррелированной случайной силой (см. [2]), что и обусловливает марковский характер данного приближения (см. [5]).

Jum.: [1] Rose H.A., Sule m P. L., «J. de physique», 1978, t. 39, № 5, p. 441-84; [2] K r a i c h n a n R. H., «J. Fluid Mech.», 1971, v. 47, № 3, p. 513-24; [3] Orszag S. A., там же, 1970, v. 41, № 2, p. 363-86; [4] Lo it h C. E., «J. Atm. Sci.», 1971, v. 28, № 2, p. 145-61; [5] М и рабель А. П., Монин А. С., «Успехи механики», 1979, т. 2, в. 3, с. 47-95. A. П. Мирабель.</text_orig>
</article>
