<?xml version="1.0" ?>
<article uri="http://libmeta.ru/fme/article/1148_KVAZIODNORODNOE">
  <title>КВАЗИОДНОРОДНОЕ ЭЙЛЕРОВО ПОЛЕ КВАЗИОДНОРОДНЫХ РАСТЯЖЕНИЙ В ПРОСТРАНСТВЕ $\mathbb{R}^{n}$ С ПОКАЗАТЕЛЯМИ КВАЗИОДНОРОДНОСТИ $v_{1}, \ldots, v_{n}$ и координатами $\left(x_{1}, \ldots, x_{n}\right)$</title>
  <author/>
  <title_short/>
  <pages>
    <start>242</start>
    <end>242</end>
  </pages>
  <literature>
    <literature_orig/>
  </literature>
  <formulas_main>
    <formula uri="http://libmeta.ru/fme/formula/main/1148_1_KVAZIODNORODNOE">v=\sum v_{i} x_{i} \partial / \partial x_{i}</formula>
  </formulas_main>
  <formulas_aux>
    <formula uri="http://libmeta.ru/fme/formula/aux/1148_1_KVAZIODNORODNOE">v f=N f</formula>
  </formulas_aux>
  <relations/>
  <text> поле, имеющее вид:

\[
URI[[http://libmeta.ru/fme/formula/main/1148_1_KVAZIODNORODNOE]]/URI
\]

![](https://cdn.mathpix.com/cropped/2023_07_08_1adf16cb9f7d6ba68d4dg-1.jpg?height=37&amp;amp;width=813&amp;amp;top_left_y=56&amp;amp;top_left_x=935)
имеет место тожд е с т во Эйле р а $URI[[http://libmeta.ru/fme/formula/aux/1148_1_KVAZIODNORODNOE]]/URI$. M. Э. Казарян.</text>
  <text_orig> поле, имеющее вид:

\[
v=\sum v_{i} x_{i} \partial / \partial x_{i}
\]

![](https://cdn.mathpix.com/cropped/2023_07_08_1adf16cb9f7d6ba68d4dg-1.jpg?height=37&amp;amp;width=813&amp;amp;top_left_y=56&amp;amp;top_left_x=935)
имеет место тожд е с т во Эйле р а $v f=N f$. M. Э. Казарян.</text_orig>
</article>
