<?xml version="1.0" ?>
<article uri="http://libmeta.ru/fme/article/1152_KVAZIOPTIK" alphabetic_pos="1154">
  <title>КВАЗИОПТИКА</title>
  <authors/>
  <title_short/>
  <pages>
    <start>242</start>
    <end>242</end>
  </pages>
  <literature>
    <literature_orig>Лит.: [1] К а ц е н е ле н б а ум Б. 3., «успехи физич. наук», 1964 т. 83, в. 1, с. 81-105; [2] Квазиоптика, пер. с англ. и нем., М., 1966.</literature_orig>
    <unit>
      <title>К а ц е н е ле н б а ум Б. 3., «успехи физич. наук»</title>
      <publication/>
      <year>1964</year>
      <other>в. 1, с. 81-105</other>
    </unit>
    <unit>
      <title>Квазиоптика</title>
      <publication>пер. с англ. и нем., М.</publication>
      <year>1966</year>
      <other/>
    </unit>
  </literature>
  <formulas_main/>
  <formulas_aux/>
  <relations>
    <relation uri="http://libmeta.ru/fme/relation/1152_1_KVAZIOPTIK">
      <rel_text>резонатор</rel_text>
      <target>http://libmeta.ru/fme/article/2589_REZONAN</target>
    </relation>
  </relations>
  <text>научная дисциплина, смежная геометрической оптике и теории дифракции и посвященная анализу и расчету устройств для формирования и передачи электромагнитных полей, основанных на геометро-оптических процессах отражения, преломления и фокусировки этих полей в условиях, когда необходимо учитывать волновую природу колебаний. Примеры таких устройств - открытый URI[[http://libmeta.ru/fme/relation/1152_1_KVAZIOPTIK]]/URI, образованный двумя расположенными друг против друга зеркалами; зеркало или диэлектрич. призма в изломе широкого волновода.</text>
  <text_orig>научная дисциплина, смежная геометрической оптике и теории дифракции и посвященная анализу и расчету устройств для формирования и передачи электромагнитных полей, основанных на геометро-оптических процессах отражения, преломления и фокусировки этих полей в условиях, когда необходимо учитывать волновую природу колебаний. Примеры таких устройств - открытый резонатор, образованный двумя расположенными друг против друга зеркалами; зеркало или диэлектрич. призма в изломе широкого волновода.

Лит.: [1] К а ц е н е ле н б а ум Б. 3., «Успехи физич. наук», 1964 т. 83, в. 1, с. 81-105; [2] Квазиоптика, пер. с англ. и нем., М., 1966.</text_orig>
</article>
