<?xml version="1.0" ?>
<article uri="http://libmeta.ru/fme/article/1154_KVAZIPERIODIChESKIJ">
  <title>КВАЗИПЕРИОДИЧЕСКИЙ РЕЖИМ</title>
  <authors/>
  <title_short/>
  <pages>
    <start>242</start>
    <end>242</end>
  </pages>
  <literature>
    <literature_orig/>
  </literature>
  <formulas_main/>
  <formulas_aux/>
  <relations>
    <relation uri="http://libmeta.ru/fme/relation/1154_52_KVAZIPERIODIChESKIJ">
      <rel_text>Вынужденное колебание</rel_text>
      <self present="true">http://libmeta.ru/fme/article/478_VYNUZhDENNOE</self>
    </relation>
  </relations>
  <text>сМ. URI[[http://libmeta.ru/fme/relation/1154_52_KVAZIPERIODIChESKIJ]]/URI.</text>
  <text_orig>сМ. Вынужденное колебание.</text_orig>
</article>
