<?xml version="1.0" ?>
<article uri="http://libmeta.ru/fme/article/1156_KVANTOVANIE">
  <title>КВАНТОВАНИЕ ИЗОТРОПНЫХ ТОРОВ</title>
  <authors>
    <author>С. Ю. Доброхотов</author>
  </authors>
  <title_short/>
  <pages>
    <start>243</start>
    <end>243</end>
  </pages>
  <literature>
    <literature_orig/>
  </literature>
  <formulas_main>
    <formula uri="http://libmeta.ru/fme/formula/main/1156_1_KVANTOVANIE">\hat{L} \psi_{v}=E_{v} \psi_{v}+O\left(h^{N}\right), \operatorname{supp} \psi_{v} \rightarrow \pi_{x} \Lambda</formula>
    <formula uri="http://libmeta.ru/fme/formula/main/1156_2_KVANTOVANIE">\frac{1}{2 \pi h} \oint_{\gamma_{j}} \omega^{2}=Q_{j} \bmod 1, \quad j=1, \ldots, k,</formula>
  </formulas_main>
  <formulas_aux>
    <formula uri="http://libmeta.ru/fme/formula/aux/1156_1_KVANTOVANIE">k</formula>
    <formula uri="http://libmeta.ru/fme/formula/aux/1156_2_KVANTOVANIE">k</formula>
    <formula uri="http://libmeta.ru/fme/formula/aux/1156_3_KVANTOVANIE">\Lambda\left(I_{1}, \ldots, I_{k-1}, E\right)</formula>
    <formula uri="http://libmeta.ru/fme/formula/aux/1156_4_KVANTOVANIE">2 n</formula>
    <formula uri="http://libmeta.ru/fme/formula/aux/1156_5_KVANTOVANIE">M^{2 n}=T^{*} M^{n}</formula>
    <formula uri="http://libmeta.ru/fme/formula/aux/1156_6_KVANTOVANIE">\left(I_{1}, \ldots, I_{k-1}\right.</formula>
    <formula uri="http://libmeta.ru/fme/formula/aux/1156_7_KVANTOVANIE">E) \in \mathfrak{R} \subset \mathbb{R}^{k}-</formula>
    <formula uri="http://libmeta.ru/fme/formula/aux/1156_8_KVANTOVANIE">E_{v}(h)</formula>
    <formula uri="http://libmeta.ru/fme/formula/aux/1156_9_KVANTOVANIE">\psi_{v}(x, h)</formula>
    <formula uri="http://libmeta.ru/fme/formula/aux/1156_10_KVANTOVANIE">h</formula>
    <formula uri="http://libmeta.ru/fme/formula/aux/1156_11_KVANTOVANIE">\hat{L}=L\left(-i h \nabla_{x}, x, h\right)</formula>
    <formula uri="http://libmeta.ru/fme/formula/aux/1156_12_KVANTOVANIE">M^{n}</formula>
    <formula uri="http://libmeta.ru/fme/formula/aux/1156_13_KVANTOVANIE">E_{v}</formula>
    <formula uri="http://libmeta.ru/fme/formula/aux/1156_14_KVANTOVANIE">\psi_{\mathrm{v}}</formula>
    <formula uri="http://libmeta.ru/fme/formula/aux/1156_15_KVANTOVANIE">h \rightarrow 0</formula>
    <formula uri="http://libmeta.ru/fme/formula/aux/1156_16_KVANTOVANIE">N&gt;1, \pi_{x} \Lambda-</formula>
    <formula uri="http://libmeta.ru/fme/formula/aux/1156_17_KVANTOVANIE">\Lambda</formula>
    <formula uri="http://libmeta.ru/fme/formula/aux/1156_18_KVANTOVANIE">M^{n}</formula>
    <formula uri="http://libmeta.ru/fme/formula/aux/1156_19_KVANTOVANIE">\left(\Lambda, r^{n}\right)</formula>
    <formula uri="http://libmeta.ru/fme/formula/aux/1156_20_KVANTOVANIE">g_{H}^{+}</formula>
    <formula uri="http://libmeta.ru/fme/formula/aux/1156_21_KVANTOVANIE">H=L(p, x, 0)</formula>
    <formula uri="http://libmeta.ru/fme/formula/aux/1156_22_KVANTOVANIE">\hat{L})</formula>
    <formula uri="http://libmeta.ru/fme/formula/aux/1156_23_KVANTOVANIE">E_{v}</formula>
    <formula uri="http://libmeta.ru/fme/formula/aux/1156_24_KVANTOVANIE">E_{v}</formula>
    <formula uri="http://libmeta.ru/fme/formula/aux/1156_25_KVANTOVANIE">I_{1 v}(h), \ldots, I_{k-1 v}(h)</formula>
    <formula uri="http://libmeta.ru/fme/formula/aux/1156_26_KVANTOVANIE">\mathfrak{R}</formula>
    <formula uri="http://libmeta.ru/fme/formula/aux/1156_27_KVANTOVANIE">\gamma_{j}</formula>
    <formula uri="http://libmeta.ru/fme/formula/aux/1156_28_KVANTOVANIE">\Lambda, \omega^{2}-2</formula>
    <formula uri="http://libmeta.ru/fme/formula/aux/1156_29_KVANTOVANIE">M^{2 n}, Q_{j}-</formula>
    <formula uri="http://libmeta.ru/fme/formula/aux/1156_30_KVANTOVANIE">\left(\Lambda, r^{n}\right)</formula>
    <formula uri="http://libmeta.ru/fme/formula/aux/1156_31_KVANTOVANIE">\psi_{v}</formula>
    <formula uri="http://libmeta.ru/fme/formula/aux/1156_32_KVANTOVANIE">k=0, \Lambda-</formula>
    <formula uri="http://libmeta.ru/fme/formula/aux/1156_33_KVANTOVANIE">E_{v}, \psi_{v}</formula>
    <formula uri="http://libmeta.ru/fme/formula/aux/1156_34_KVANTOVANIE">k=1, \Lambda</formula>
    <formula uri="http://libmeta.ru/fme/formula/aux/1156_35_KVANTOVANIE">H</formula>
    <formula uri="http://libmeta.ru/fme/formula/aux/1156_36_KVANTOVANIE">\hat{L} / h^{2} \equiv \Delta-</formula>
    <formula uri="http://libmeta.ru/fme/formula/aux/1156_37_KVANTOVANIE">M^{n}</formula>
    <formula uri="http://libmeta.ru/fme/formula/aux/1156_38_KVANTOVANIE">\Lambda</formula>
    <formula uri="http://libmeta.ru/fme/formula/aux/1156_39_KVANTOVANIE">M^{n}</formula>
    <formula uri="http://libmeta.ru/fme/formula/aux/1156_40_KVANTOVANIE">\Psi_{v}</formula>
    <formula uri="http://libmeta.ru/fme/formula/aux/1156_41_KVANTOVANIE">k=n</formula>
    <formula uri="http://libmeta.ru/fme/formula/aux/1156_42_KVANTOVANIE">k</formula>
    <formula uri="http://libmeta.ru/fme/formula/aux/1156_43_KVANTOVANIE">\Lambda-</formula>
    <formula uri="http://libmeta.ru/fme/formula/aux/1156_44_KVANTOVANIE">O_{j}-</formula>
    <formula uri="http://libmeta.ru/fme/formula/aux/1156_45_KVANTOVANIE">\gamma_{j}</formula>
  </formulas_aux>
  <relations/>
  <text>процедура, сопоставляющая $URI[[http://libmeta.ru/fme/formula/aux/1156_1_KVANTOVANIE]]/URI$-параметрическому семейству $URI[[http://libmeta.ru/fme/formula/aux/1156_2_KVANTOVANIE]]/URI$-мерных торов $URI[[http://libmeta.ru/fme/formula/aux/1156_3_KVANTOVANIE]]/URI$ в $URI[[http://libmeta.ru/fme/formula/aux/1156_4_KVANTOVANIE]]/URI$-мерном фазовом пространстве $URI[[http://libmeta.ru/fme/formula/aux/1156_5_KVANTOVANIE]]/URI$ с комплексным ростком (см. Изотропное подмногообразие с комплексным ростком) (где $URI[[http://libmeta.ru/fme/formula/aux/1156_6_KVANTOVANIE]]/URI$, $URI[[http://libmeta.ru/fme/formula/aux/1156_7_KVANTOVANIE]]/URI$ параметры) последовательности асимптотических собственных чисел $URI[[http://libmeta.ru/fme/formula/aux/1156_8_KVANTOVANIE]]/URI$ и функщий $URI[[http://libmeta.ru/fme/formula/aux/1156_9_KVANTOVANIE]]/URI$ (спектральную серию) $URI[[http://libmeta.ru/fme/formula/aux/1156_10_KVANTOVANIE]]/URI$-дифференциального или псевдодифференциального оператора $URI[[http://libmeta.ru/fme/formula/aux/1156_11_KVANTOVANIE]]/URI$ в конфигурационном пространстве $URI[[http://libmeta.ru/fme/formula/aux/1156_12_KVANTOVANIE]]/URI$, то есть таких $URI[[http://libmeta.ru/fme/formula/aux/1156_13_KVANTOVANIE]]/URI$ и $URI[[http://libmeta.ru/fme/formula/aux/1156_14_KVANTOVANIE]]/URI$, что

\[
URI[[http://libmeta.ru/fme/formula/main/1156_1_KVANTOVANIE]]/URI
\]

при $URI[[http://libmeta.ru/fme/formula/aux/1156_15_KVANTOVANIE]]/URI$. Здесь $URI[[http://libmeta.ru/fme/formula/aux/1156_16_KVANTOVANIE]]/URI$ естественная проекция $URI[[http://libmeta.ru/fme/formula/aux/1156_17_KVANTOVANIE]]/URI$ в $URI[[http://libmeta.ru/fme/formula/aux/1156_18_KVANTOVANIE]]/URI$, и предполагается, что $URI[[http://libmeta.ru/fme/formula/aux/1156_19_KVANTOVANIE]]/URI$ инвариантно относительно фазового потока $URI[[http://libmeta.ru/fme/formula/aux/1156_20_KVANTOVANIE]]/URI$, задаваемого гамильтонианом $URI[[http://libmeta.ru/fme/formula/aux/1156_21_KVANTOVANIE]]/URI$ (старшей частью символа оператора $URI[[http://libmeta.ru/fme/formula/aux/1156_22_KVANTOVANIE]]/URI$. Числа $URI[[http://libmeta.ru/fme/formula/aux/1156_23_KVANTOVANIE]]/URI$, а также соответствующие $URI[[http://libmeta.ru/fme/formula/aux/1156_24_KVANTOVANIE]]/URI$ числа $URI[[http://libmeta.ru/fme/formula/aux/1156_25_KVANTOVANIE]]/URI$ из $URI[[http://libmeta.ru/fme/formula/aux/1156_26_KVANTOVANIE]]/URI$ определяются из условий квантования

\[
URI[[http://libmeta.ru/fme/formula/main/1156_2_KVANTOVANIE]]/URI
\]

где $URI[[http://libmeta.ru/fme/formula/aux/1156_27_KVANTOVANIE]]/URI$ - базисные циклы на $URI[[http://libmeta.ru/fme/formula/aux/1156_28_KVANTOVANIE]]/URI$-форма, задающая симплектич. структуру на $URI[[http://libmeta.ru/fme/formula/aux/1156_29_KVANTOVANIE]]/URI$ нек-рые характеристики $URI[[http://libmeta.ru/fme/formula/aux/1156_30_KVANTOVANIE]]/URI$. Функции $URI[[http://libmeta.ru/fme/formula/aux/1156_31_KVANTOVANIE]]/URI$ вычисляются с помощью (комплексного) Маслова канонического оператора (см. [1], [2]).

Если $URI[[http://libmeta.ru/fme/formula/aux/1156_32_KVANTOVANIE]]/URI$ устойчивая в линейном приближении точка покоя, формулы для $URI[[http://libmeta.ru/fme/formula/aux/1156_33_KVANTOVANIE]]/URI$ совпадают с формулами осцилляторного приближения.

Если $URI[[http://libmeta.ru/fme/formula/aux/1156_34_KVANTOVANIE]]/URI$ - орбитально устойчивая в линейном приближении замкнутая траектория гамильтоновой системы с гамильтонианом $URI[[http://libmeta.ru/fme/formula/aux/1156_35_KVANTOVANIE]]/URI$, если $URI[[http://libmeta.ru/fme/formula/aux/1156_36_KVANTOVANIE]]/URI$ оператор Бельтрами Лапласа на римановом многообразии $URI[[http://libmeta.ru/fme/formula/aux/1156_37_KVANTOVANIE]]/URI$, то проекция $URI[[http://libmeta.ru/fme/formula/aux/1156_38_KVANTOVANIE]]/URI$ на $URI[[http://libmeta.ru/fme/formula/aux/1156_39_KVANTOVANIE]]/URI$ - устойчивая в линейном приближении замкнутая геодезическая, $URI[[http://libmeta.ru/fme/formula/aux/1156_40_KVANTOVANIE]]/URI$ сосредоточены в ее окрестности (см. [3], [4]).

Если $URI[[http://libmeta.ru/fme/formula/aux/1156_41_KVANTOVANIE]]/URI$ ( $URI[[http://libmeta.ru/fme/formula/aux/1156_42_KVANTOVANIE]]/URI$ принимает максимальное значение), то $URI[[http://libmeta.ru/fme/formula/aux/1156_43_KVANTOVANIE]]/URI$ (полномерный) лагранжев тор и комплексный росток отсутствует, $URI[[http://libmeta.ru/fme/formula/aux/1156_44_KVANTOVANIE]]/URI$ индекс цикла Маслова $URI[[http://libmeta.ru/fme/formula/aux/1156_45_KVANTOVANIE]]/URI$.

Лит.: [1] М а с л о в В. П., Комплексный метод ВКБ в нелинейных уравнениях, М., 1977; [2] Бе ло в В. В., Доб рохото в С. Ю., «Доклады АН СССР», 1988, т. 298, № 5, с. 1037-42; [3] Б а б и ч В. М., Бул д ы р в В. С., Асимптотические методы в задачах дифракции коротких волн, М., 1972; [4] Д о б р ох о то в С. Ю., М а л о в В. П., в кн.: Итоги науки и техники. Современные проблемы математики, т. 23, М., 1983, c. 137-222.</text>
  <text_orig>процедура, сопоставляющая $k$-параметрическому семейству $k$-мерных торов $\Lambda\left(I_{1}, \ldots, I_{k-1}, E\right)$ в $2 n$-мерном фазовом пространстве $M^{2 n}=T^{*} M^{n}$ с комплексным ростком (см. Изотропное подмногообразие с комплексным ростком) (где $\left(I_{1}, \ldots, I_{k-1}\right.$, $E) \in \mathfrak{R} \subset \mathbb{R}^{k}-$ параметры) последовательности асимптотических собственных чисел $E_{v}(h)$ и функщий $\psi_{v}(x, h)$ (спектральную серию) $h$-дифференциального или псевдодифференциального оператора $\hat{L}=L\left(-i h \nabla_{x}, x, h\right)$ в конфигурационном пространстве $M^{n}$, то есть таких $E_{v}$ и $\psi_{\mathrm{v}}$, что

\[
\hat{L} \psi_{v}=E_{v} \psi_{v}+O\left(h^{N}\right), \operatorname{supp} \psi_{v} \rightarrow \pi_{x} \Lambda
\]

при $h \rightarrow 0$. Здесь $N&gt;1, \pi_{x} \Lambda-$ естественная проекция $\Lambda$ в $M^{n}$, и предполагается, что $\left(\Lambda, r^{n}\right)$ инвариантно относительно фазового потока $g_{H}^{+}$, задаваемого гамильтонианом $H=L(p, x, 0)$ (старшей частью символа оператора $\hat{L})$. Числа $E_{v}$, а также соответствующие $E_{v}$ числа $I_{1 v}(h), \ldots, I_{k-1 v}(h)$ из $\mathfrak{R}$ определяются из условий квантования

\[
\frac{1}{2 \pi h} \oint_{\gamma_{j}} \omega^{2}=Q_{j} \bmod 1, \quad j=1, \ldots, k,
\]

где $\gamma_{j}$ - базисные циклы на $\Lambda, \omega^{2}-2$-форма, задающая симплектич. структуру на $M^{2 n}, Q_{j}-$ нек-рые характеристики $\left(\Lambda, r^{n}\right)$. Функции $\psi_{v}$ вычисляются с помощью (комплексного) Маслова канонического оператора (см. [1], [2]).

Если $k=0, \Lambda-$ устойчивая в линейном приближении точка покоя, формулы для $E_{v}, \psi_{v}$ совпадают с формулами осцилляторного приближения.

Если $k=1, \Lambda$ - орбитально устойчивая в линейном приближении замкнутая траектория гамильтоновой системы с гамильтонианом $H$, если $\hat{L} / h^{2} \equiv \Delta-$ оператор Бельтрами Лапласа на римановом многообразии $M^{n}$, то проекция $\Lambda$ на $M^{n}$ - устойчивая в линейном приближении замкнутая геодезическая, $\Psi_{v}$ сосредоточены в ее окрестности (см. [3], [4]).

Если $k=n$ ( $k$ принимает максимальное значение), то $\Lambda-$ (полномерный) лагранжев тор и комплексный росток отсутствует, $O_{j}-$ индекс цикла Маслова $\gamma_{j}$.

Лит.: [1] М а с л о в В. П., Комплексный метод ВКБ в нелинейных уравнениях, М., 1977; [2] Бе ло в В. В., Доб рохото в С. Ю., «Доклады АН СССР», 1988, т. 298, № 5, с. 1037-42; [3] Б а б и ч В. М., Бул д ы р в В. С., Асимптотические методы в задачах дифракции коротких волн, М., 1972; [4] Д о б р ох о то в С. Ю., М а л о в В. П., в кн.: Итоги науки и техники. Современные проблемы математики, т. 23, М., 1983, c. 137-222.

С. Ю. Доброхотов</text_orig>
</article>
