<?xml version="1.0" ?>
<article uri="http://libmeta.ru/fme/article/1159_KVANTOVANIE">
  <title>КВАНТОВАНИЕ ПРОСТРАНСТВА-ВРЕМЕНИ</title>
  <author/>
  <title_short/>
  <pages>
    <start>244</start>
    <end>244</end>
  </pages>
  <literature>
    <literature_orig/>
  </literature>
  <formulas_main/>
  <formulas_aux>
    <formula uri="http://libmeta.ru/fme/formula/aux/1159_1_KVANTOVANIE">\hbar</formula>
    <formula uri="http://libmeta.ru/fme/formula/aux/1159_2_KVANTOVANIE">l</formula>
    <formula uri="http://libmeta.ru/fme/formula/aux/1159_3_KVANTOVANIE">l</formula>
    <formula uri="http://libmeta.ru/fme/formula/aux/1159_4_KVANTOVANIE">l / c</formula>
    <formula uri="http://libmeta.ru/fme/formula/aux/1159_5_KVANTOVANIE">\hat{x}</formula>
    <formula uri="http://libmeta.ru/fme/formula/aux/1159_6_KVANTOVANIE">\hat{p}</formula>
    <formula uri="http://libmeta.ru/fme/formula/aux/1159_7_KVANTOVANIE">l</formula>
    <formula uri="http://libmeta.ru/fme/formula/aux/1159_8_KVANTOVANIE">\lambda&amp;lt;l</formula>
    <formula uri="http://libmeta.ru/fme/formula/aux/1159_9_KVANTOVANIE">\mathscr{E}=2 \pi \hbar c / \lambda</formula>
  </formulas_aux>
  <relations/>
  <text> - общее название обобщений квантовой теории поля, основанных на гипотезе о существовании фундаментальной длины как одной из универсальных физических постоянных (наряду с $URI[[http://libmeta.ru/fme/formula/aux/1159_1_KVANTOVANIE]]/URI$ и c ). Ближайшая цель таких обобщений - освобождение от расходимостей, появляющихся в традиционной квантовой теории поля. (СМ. таКже Нелокальная квантовая теория поля.)

При построении теории, описывающей явления микромира, классич. представления о пространстве и времени, в частности представление о принципиальной возможности сколь угодно точного измерения расстояний (длин) и промежутков времени, были без каких-либо изменений перенесены в новую область. Введение фундаментальной (минимальной) длины $URI[[http://libmeta.ru/fme/formula/aux/1159_2_KVANTOVANIE]]/URI$ соответствует предположению, что измерение малых расстояний возможно лишь с ограниченной точностью порядка $URI[[http://libmeta.ru/fme/formula/aux/1159_3_KVANTOVANIE]]/URI$ (и времени - с точностью порядка $URI[[http://libmeta.ru/fme/formula/aux/1159_4_KVANTOVANIE]]/URI$ ).

Существует несколько способов введения фундаментальной длины. Один из них связан с переходом от непрерывных значений координат к дискретным величинам (наподобие правил квантования Бора в первоначальной теории атома), другие - с заменой координат и времени на некоммутирующие между собой операторы (наподобие операторов координаты $URI[[http://libmeta.ru/fme/formula/aux/1159_5_KVANTOVANIE]]/URI$ и импульса $URI[[http://libmeta.ru/fme/formula/aux/1159_6_KVANTOVANIE]]/URI$ в квантовой механике), вследствие чего координаты не могут иметь точных значений в данный момент времени. Вид операторов подбирается так, чтобы средние значения координат могли принимать лишь значения, кратные фундаментальной длине $URI[[http://libmeta.ru/fme/formula/aux/1159_7_KVANTOVANIE]]/URI$. Во всех вариантах введение минимальной длины исключает существование волн с длиной $URI[[http://libmeta.ru/fme/formula/aux/1159_8_KVANTOVANIE]]/URI$, то есть как раз тех квантов бесконечно большой энергии $URI[[http://libmeta.ru/fme/formula/aux/1159_9_KVANTOVANIE]]/URI$, с к-рыми связано появление ультрафиолетовых расходимостей. Однако введение фундаментальной длины, по-видимому, не устраняет основного противоречия квантовой теорий поля, связанного с возможностью неограниченного роста эффективного заряда с уменьшением расстояния. Все же такой пересмотр может оказаться необходимым.

Лum.: [1] Марко в М.А., Гипероны и К-мезоны, М., 1958; [2] Блохи нце в Д. И., Пространство и время в микромире, М., 1970.
</text>
  <text_orig> - общее название обобщений квантовой теории поля, основанных на гипотезе о существовании фундаментальной длины как одной из универсальных физических постоянных (наряду с $\hbar$ и c ). Ближайшая цель таких обобщений - освобождение от расходимостей, появляющихся в традиционной квантовой теории поля. (СМ. таКже Нелокальная квантовая теория поля.)

При построении теории, описывающей явления микромира, классич. представления о пространстве и времени, в частности представление о принципиальной возможности сколь угодно точного измерения расстояний (длин) и промежутков времени, были без каких-либо изменений перенесены в новую область. Введение фундаментальной (минимальной) длины $l$ соответствует предположению, что измерение малых расстояний возможно лишь с ограниченной точностью порядка $l$ (и времени - с точностью порядка $l / c$ ).

Существует несколько способов введения фундаментальной длины. Один из них связан с переходом от непрерывных значений координат к дискретным величинам (наподобие правил квантования Бора в первоначальной теории атома), другие - с заменой координат и времени на некоммутирующие между собой операторы (наподобие операторов координаты $\hat{x}$ и импульса $\hat{p}$ в квантовой механике), вследствие чего координаты не могут иметь точных значений в данный момент времени. Вид операторов подбирается так, чтобы средние значения координат могли принимать лишь значения, кратные фундаментальной длине $l$. Во всех вариантах введение минимальной длины исключает существование волн с длиной $\lambda&amp;lt;l$, то есть как раз тех квантов бесконечно большой энергии $\mathscr{E}=2 \pi \hbar c / \lambda$, с к-рыми связано появление ультрафиолетовых расходимостей. Однако введение фундаментальной длины, по-видимому, не устраняет основного противоречия квантовой теорий поля, связанного с возможностью неограниченного роста эффективного заряда с уменьшением расстояния. Все же такой пересмотр может оказаться необходимым.

Лum.: [1] Марко в М.А., Гипероны и К-мезоны, М., 1958; [2] Блохи нце в Д. И., Пространство и время в микромире, М., 1970.
</text_orig>
</article>
