<?xml version="1.0" ?>
<article uri="http://libmeta.ru/fme/article/115_ASIMPTOTIChESKIJ">
  <title>АСИМПТОТИЧЕСКИЙ РЯД</title>
  <authors/>
  <title_short/>
  <pages>
    <start>35</start>
    <end>35</end>
  </pages>
  <literature>
    <literature_orig/>
  </literature>
  <formulas_main/>
  <formulas_aux/>
  <relations/>
  <text>см. Асимптотическое разложение.</text>
  <text_orig>см. Асимптотическое разложение.</text_orig>
</article>
