<?xml version="1.0" ?>
<article uri="http://libmeta.ru/fme/article/1162_KVANTOVANIJa">
  <title>КВАНТОВАНИЯ УСЛОВИЙ ПОПРАВКИ</title>
  <authors>
    <author>Ю. М. Воробьев</author>
  </authors>
  <title_short/>
  <pages>
    <start>244</start>
    <end>244</end>
  </pages>
  <literature>
    <literature_orig>Лит.: [1] М а с л о в В. П., Теория возмущений и асимптотические методы, M., 1965; [2] B e r ry M. V., «Proc. Roy. Soc. London», 1984, v. A392, p. 45-57; [3] Бу сл а е в В. С., «Успехи математич. наук», 1987, т. 42, в. 6, с. 77-98; [4] В о р б бе в Ю. М., Ка расе в М. В., «Доклады АН СССР», 1987, т. 297, № 6, с. 1294-98.</literature_orig>
    <unit>
      <author>Маслов В. П.</author>
      <title>Теория возмущений и асимптотические методы</title>
      <publication>M.</publication>
      <year>1965</year>
      <other/>
    </unit>
    <unit>
      <author>Berry M. V.</author>
      <title>«Proc. Roy. Soc. London»</title>
      <publication/>
      <year>1984</year>
      <other>v. A392, p. 45-57</other>
    </unit>
    <unit>
      <author>Буслаев В. С.</author>
      <title>«Успехи математич. наук»</title>
      <publication/>
      <year>1987</year>
      <other>т. 42, в. 6, с. 77-98</other>
    </unit>
    <unit>
      <author>Ворббев Ю. М.</author>
      <author>Карасев М. В.</author>
      <title>«Доклады АН СССР»</title>
      <publication/>
      <year>1987</year>
      <other>т. 297, № 6, с. 1294-98.</other>
    </unit>
  </literature>
  <formulas_main/>
  <formulas_aux/>
  <relations/>
  <text>числовые топологические характеристики лагранжевых подмногообразий (одномерные классы когомологий), возникаюшие при построении квазиклассической асимптотики спектральных серий и добавляюшиеся, помимо индекса Маслова, в Бора-Зоммерфельда условия квантования за счет деформации симплектической структуры или при замене стандартного фазового пространства нетривиальным расслоением (со связностью). Такие поправки появляются в уравнениях с операторными коэффициентами и учитываются по теории (см. [1]), напр., в условии квантования с периодич. магнитным полем (см. [2], [3]). Аналогичную структуру имеют поправки к условиям квантования изотропных подмногообразий с комплексным ростком. К. у. П. дают также деформации скобок Пуассона между симметриями или динамич. переменными (см. [4]).</text>
  <text_orig>числовые топологические характеристики лагранжевых подмногообразий (одномерные классы когомологий), возникаюшие при построении квазиклассической асимптотики спектральных серий и добавляюшиеся, помимо индекса Маслова, в Бора-Зоммерфельда условия квантования за счет деформации симплектической структуры или при замене стандартного фазового пространства нетривиальным расслоением (со связностью). Такие поправки появляются в уравнениях с операторными коэффициентами и учитываются по теории (см. [1]), напр., в условии квантования с периодич. магнитным полем (см. [2], [3]). Аналогичную структуру имеют поправки к условиям квантования изотропных подмногообразий с комплексным ростком. К. у. П. дают также деформации скобок Пуассона между симметриями или динамич. переменными (см. [4]).

Лит.: [1] М а с л о в В. П., Теория возмущений и асимптотические методы, M., 1965; [2] B e r ry M. V., «Proc. Roy. Soc. London», 1984, v. A392, p. 45-57; [3] Бу сл а е в В. С., «Успехи математич. наук», 1987, т. 42, в. 6, с. 77-98; [4] В о р б бе в Ю. М., Ка расе в М. В., «Доклады АН СССР», 1987, т. 297, № 6, с. 1294-98. Ю. М. Воробьев.</text_orig>
</article>
