<?xml version="1.0" ?>
<article uri="http://libmeta.ru/fme/article/1163_KVANTOVANIJa">
  <title>КВАНТОВАНИЯ УСЛОВИЯ МАСЛОВА</title>
  <authors/>
  <title_short/>
  <pages>
    <start>244</start>
    <end>244</end>
  </pages>
  <literature>
    <literature_orig/>
  </literature>
  <formulas_main/>
  <formulas_aux/>
  <relations/>
  <text>см. Маслова канонический оператор.</text>
  <text_orig>см. Маслова канонический оператор.</text_orig>
</article>
