<?xml version="1.0" ?>
<article uri="http://libmeta.ru/fme/article/1163_KVANTOVAJa">
  <title>КВАНТОВАЯ ГРУППА</title>
  <authors>
    <author>В. Г. Дринфельд</author>
  </authors>
  <title_short/>
  <pages>
    <start>244</start>
    <end>244</end>
  </pages>
  <literature>
    <literature_orig/>
  </literature>
  <formulas_main>
    <formula uri="http://libmeta.ru/fme/formula/main/1163_1_KVANTOVAJa">\varphi(g, h)=f(g h)</formula>
    <formula uri="http://libmeta.ru/fme/formula/main/1163_2_KVANTOVAJa">\begin{gathered}
{\left[t_{12}, t_{21}\right]=0,} \\
{\left[t_{11}, t_{22}\right]=\left(e^{h}-e^{-h}\right) t_{12} t_{21}, t_{i 1}, t_{i 2}=e^{h} t_{i 2} t_{i 1},} \\
t_{1 j} t_{2 j}=e^{h} t_{2 j} t_{1 j}, t_{11} t_{22}-e^{h} t_{12} t_{21}=1,
\end{gathered}</formula>
    <formula uri="http://libmeta.ru/fme/formula/main/1163_3_KVANTOVAJa">\Delta\left(t_{i j}\right)=t_{i 1} \otimes t_{1 j}+t_{i 2} \otimes t_{2 j}</formula>
  </formulas_main>
  <formulas_aux>
    <formula uri="http://libmeta.ru/fme/formula/aux/1163_1_KVANTOVAJa">G</formula>
    <formula uri="http://libmeta.ru/fme/formula/aux/1163_2_KVANTOVAJa">A</formula>
    <formula uri="http://libmeta.ru/fme/formula/aux/1163_3_KVANTOVAJa">G</formula>
    <formula uri="http://libmeta.ru/fme/formula/aux/1163_4_KVANTOVAJa">\Delta: A \rightarrow A \otimes A</formula>
    <formula uri="http://libmeta.ru/fme/formula/aux/1163_5_KVANTOVAJa">f \in A</formula>
    <formula uri="http://libmeta.ru/fme/formula/aux/1163_6_KVANTOVAJa">\varphi</formula>
    <formula uri="http://libmeta.ru/fme/formula/aux/1163_7_KVANTOVAJa">G \times G</formula>
    <formula uri="http://libmeta.ru/fme/formula/aux/1163_8_KVANTOVAJa">G \times G</formula>
    <formula uri="http://libmeta.ru/fme/formula/aux/1163_9_KVANTOVAJa">A \otimes A</formula>
    <formula uri="http://libmeta.ru/fme/formula/aux/1163_10_KVANTOVAJa">A</formula>
    <formula uri="http://libmeta.ru/fme/formula/aux/1163_11_KVANTOVAJa">A</formula>
    <formula uri="http://libmeta.ru/fme/formula/aux/1163_12_KVANTOVAJa">t_{i j}, 1 \leqslant i, j \leqslant 2</formula>
    <formula uri="http://libmeta.ru/fme/formula/aux/1163_13_KVANTOVAJa">h</formula>
    <formula uri="http://libmeta.ru/fme/formula/aux/1163_14_KVANTOVAJa">S L(2)</formula>
  </formulas_aux>
  <relations/>
  <text> - по сушеству, то же, что Хопфа алгебра. Группе $URI[[http://libmeta.ru/fme/formula/aux/1163_1_KVANTOVAJa]]/URI$ соответствует алгебра Хопфа $URI[[http://libmeta.ru/fme/formula/aux/1163_2_KVANTOVAJa]]/URI$, состоя-

244 KBAHTOBAHИE щая из функций на $URI[[http://libmeta.ru/fme/formula/aux/1163_3_KVANTOVAJa]]/URI$, где умножение поточечное, а коумножение $URI[[http://libmeta.ru/fme/formula/aux/1163_4_KVANTOVAJa]]/URI$ переводит $URI[[http://libmeta.ru/fme/formula/aux/1163_5_KVANTOVAJa]]/URI$ в функцию $URI[[http://libmeta.ru/fme/formula/aux/1163_6_KVANTOVAJa]]/URI$ на $URI[[http://libmeta.ru/fme/formula/aux/1163_7_KVANTOVAJa]]/URI$ :

\[
URI[[http://libmeta.ru/fme/formula/main/1163_1_KVANTOVAJa]]/URI
\]

(функции на $URI[[http://libmeta.ru/fme/formula/aux/1163_8_KVANTOVAJa]]/URI$ принацлежат $URI[[http://libmeta.ru/fme/formula/aux/1163_9_KVANTOVAJa]]/URI$ ). Так получается биекция между обычными группами и коммутативными алгебрами Хопфа. Произвольную (не обязательно коммутативную) алгебру Хопфа $URI[[http://libmeta.ru/fme/formula/aux/1163_10_KVANTOVAJa]]/URI$ естественно рассматривать как алгебру функций на К. г. Напр., алгебру $URI[[http://libmeta.ru/fme/formula/aux/1163_11_KVANTOVAJa]]/URI$ с образуюшими $URI[[http://libmeta.ru/fme/formula/aux/1163_12_KVANTOVAJa]]/URI$, соотношениями

\[
URI[[http://libmeta.ru/fme/formula/main/1163_2_KVANTOVAJa]]/URI
\]

где $URI[[http://libmeta.ru/fme/formula/aux/1163_13_KVANTOVAJa]]/URI$ - постоянная Планка, и коумножением

\[
URI[[http://libmeta.ru/fme/formula/main/1163_3_KVANTOVAJa]]/URI
\]

можно рассматривать как алгебру функций на квантованной группе $URI[[http://libmeta.ru/fme/formula/aux/1163_14_KVANTOVAJa]]/URI$. К.г. (в частности, квантовые аналоги группы функций одного переменного со значениями в простой группе Ли) естественным образом возникают в квантовом методе обратной задачи.

См. также Кольцевая группа.

Лит.: [1] Д р и нфе льд В.Г., «Зап. науч. семинаров ЛОМИ», 1986, т. 155, с. 18-49; [2] Решетихин Н. Ю., Тахтаджян Л. А., Фа дде е в Л. Д., “Алгебра и анализ&quot;, 1989, т. 1, в. 1, с. 178-206.</text>
  <text_orig> - по сушеству, то же, что Хопфа алгебра. Группе $G$ соответствует алгебра Хопфа $A$, состоя-

244 KBAHTOBAHИE щая из функций на $G$, где умножение поточечное, а коумножение $\Delta: A \rightarrow A \otimes A$ переводит $f \in A$ в функцию $\varphi$ на $G \times G$ :

\[
\varphi(g, h)=f(g h)
\]

(функции на $G \times G$ принацлежат $A \otimes A$ ). Так получается биекция между обычными группами и коммутативными алгебрами Хопфа. Произвольную (не обязательно коммутативную) алгебру Хопфа $A$ естественно рассматривать как алгебру функций на К. г. Напр., алгебру $A$ с образуюшими $t_{i j}, 1 \leqslant i, j \leqslant 2$, соотношениями

\[
\begin{gathered}
{\left[t_{12}, t_{21}\right]=0,} \\
{\left[t_{11}, t_{22}\right]=\left(e^{h}-e^{-h}\right) t_{12} t_{21}, t_{i 1}, t_{i 2}=e^{h} t_{i 2} t_{i 1},} \\
t_{1 j} t_{2 j}=e^{h} t_{2 j} t_{1 j}, t_{11} t_{22}-e^{h} t_{12} t_{21}=1,
\end{gathered}
\]

где $h$ - постоянная Планка, и коумножением

\[
\Delta\left(t_{i j}\right)=t_{i 1} \otimes t_{1 j}+t_{i 2} \otimes t_{2 j}
\]

можно рассматривать как алгебру функций на квантованной группе $S L(2)$. К.г. (в частности, квантовые аналоги группы функций одного переменного со значениями в простой группе Ли) естественным образом возникают в квантовом методе обратной задачи.

См. также Кольцевая группа.

Лит.: [1] Д р и нфе льд В.Г., «Зап. науч. семинаров ЛОМИ», 1986, т. 155, с. 18-49; [2] Решетихин Н. Ю., Тахтаджян Л. А., Фа дде е в Л. Д., “Алгебра и анализ&quot;, 1989, т. 1, в. 1, с. 178-206.

В. Г. Дринфельд.
</text_orig>
</article>
