<?xml version="1.0" ?>
<article uri="http://libmeta.ru/fme/article/1164_KVANTOVANNOE">
  <title>КВАНТОВАННОЕ МНОГООБРАЗИЕ</title>
  <authors/>
  <title_short/>
  <pages>
    <start>244</start>
    <end>244</end>
  </pages>
  <literature>
    <literature_orig/>
  </literature>
  <formulas_main/>
  <formulas_aux/>
  <relations>
    <relation uri="http://libmeta.ru/fme/relation/1164_56_KVANTOVANNOE">
      <rel_text>Маслова канонический оператор</rel_text>
      <self present="true">http://libmeta.ru/fme/article/1726_MASLOVA</self>
    </relation>
  </relations>
  <text>см. URI[[http://libmeta.ru/fme/relation/1164_56_KVANTOVANNOE]]/URI.</text>
  <text_orig>см. Маслова канонический оператор.</text_orig>
</article>
