<?xml version="1.0" ?>
<article uri="http://libmeta.ru/fme/article/1167_KVANTOVAJa" alphabetic_pos="1169">
  <title>КВАНТОВАЯ ДИНАМИЧЕСКАЯ ПОЛУГРУППА</title>
  <authors/>
  <pages>
    <start>244</start>
    <end>244</end>
  </pages>
  <literature>
    <literature_orig/>
  </literature>
  <formulas_main/>
  <formulas_aux/>
  <relations n="1">
    <relation uri="http://libmeta.ru/fme/relation/1167_1_KVANTOVAJa">
      <rel_text>Динамическая полугруппа</rel_text>
      <target>http://libmeta.ru/fme/article/823_DINAMIChESKAJa</target>
    </relation>
  </relations>
  <text>см. URI[[http://libmeta.ru/fme/relation/1167_1_KVANTOVAJa]]/URI.</text>
  <text_orig>см. Динамическая полугруппа.</text_orig>
</article>
