<?xml version="1.0" ?>
<article uri="http://libmeta.ru/fme/article/1167_KVANTOVAJa">
  <title>КВАНТОВАЯ ДИНАМИЧЕСКАЯ ПОЛУГРУППА</title>
  <authors/>
  <title_short/>
  <pages>
    <start>244</start>
    <end>244</end>
  </pages>
  <literature>
    <literature_orig/>
  </literature>
  <formulas_main/>
  <formulas_aux/>
  <relations/>
  <text>см. Динамическая полугруппа.</text>
  <text_orig>см. Динамическая полугруппа.</text_orig>
</article>
