<?xml version="1.0" ?>
<article uri="http://libmeta.ru/fme/article/116_ASIMPTOTIChESKIJ">
  <title>АСИМПТОТИЧЕСКИЙ РЯД В КВАТОВОЙ МЕХАНИКЕ</title>
  <author/>
  <title_short/>
  <pages>
    <start>35</start>
    <end>35</end>
  </pages>
  <literature>
    <literature_orig/>
  </literature>
  <formulas_main>
    <formula uri="http://libmeta.ru/fme/formula/main/116_1_ASIMPTOTIChESKIJ">\frac{d \psi(x)}{d x^{2}}+\frac{2 m}{\hbar^{2}}(E-U(x)) \Psi(x)=0</formula>
    <formula uri="http://libmeta.ru/fme/formula/main/116_2_ASIMPTOTIChESKIJ">\psi(x)=\exp \left(\frac{1}{\hbar} \int d x \varphi(x)\right)</formula>
    <formula uri="http://libmeta.ru/fme/formula/main/116_3_ASIMPTOTIChESKIJ">\frac{1}{\hbar} \frac{d \varphi(x)}{d x}+\frac{1}{\hbar^{2}} \varphi^{2}(x)+\frac{2 m}{\hbar^{2}}(E-U(x))=0,</formula>
    <formula uri="http://libmeta.ru/fme/formula/main/116_4_ASIMPTOTIChESKIJ">\varphi(x)=\sum_{s=0}^{\infty} \varphi_{s}(x) \hbar^{s} .</formula>
    <formula uri="http://libmeta.ru/fme/formula/main/116_5_ASIMPTOTIChESKIJ">\left.\begin{array}{l}
\varphi_{0}(x)= \pm i \sqrt{2 m(E-U(x))}, \\
\varphi_{1}(x)=-\frac{1}{2 \varphi_{0}(x)} \frac{d \varphi_{0}(x)}{d x}, \\
\varphi_{s+1}(x)=-\frac{1}{2 \varphi_{0}(x)}\left[\frac{d \varphi_{s}(x)}{d x}+\sum_{t=1}^{s} \varphi_{t}(x) \varphi_{s+1-t}(x)\right], \\
s=1,2, \ldots
\end{array}\right\}</formula>
    <formula uri="http://libmeta.ru/fme/formula/main/116_6_ASIMPTOTIChESKIJ">\psi(x) \simeq \frac{c_{1}}{\sqrt{p(x)}} e^{\frac{i}{\hbar} \int^{x} d \xi p(\xi)}+\frac{c_{2}}{\sqrt{p(x)}} e^{-\frac{i}{\hbar} \int^{x} d \xi p(\xi)}</formula>
    <formula uri="http://libmeta.ru/fme/formula/main/116_7_ASIMPTOTIChESKIJ">\frac{d}{d x}\left(\frac{\hbar}{p(x)}\right) \ll 1</formula>
    <formula uri="http://libmeta.ru/fme/formula/main/116_8_ASIMPTOTIChESKIJ">\begin{aligned}
&amp;amp; \psi(x) \simeq \frac{c}{\sqrt{p(x)}} \sin \left(\frac{1}{\hbar} \int_{x}^{a} d \xi p(\xi)+\frac{\pi}{4}\right), \quad x&amp;lt;a, \\
&amp;amp; \psi(x) \simeq \frac{1}{2} c \frac{1}{[2 m(U(x)-E)]^{1 / 4}} \exp \left(-\frac{1}{\hbar} \int_{a}^{x} d \xi \sqrt{2 m(U(x)-E)}\right), \\
&amp;amp; x&amp;gt;a,
\end{aligned}</formula>
    <formula uri="http://libmeta.ru/fme/formula/main/116_9_ASIMPTOTIChESKIJ">\frac{1}{\hbar} \int_{a}^{b} d x p(x)+\frac{\pi}{2}=(n+1) \pi,</formula>
  </formulas_main>
  <formulas_aux>
    <formula uri="http://libmeta.ru/fme/formula/aux/116_1_ASIMPTOTIChESKIJ">\partial y</formula>
    <formula uri="http://libmeta.ru/fme/formula/aux/116_2_ASIMPTOTIChESKIJ">\hbar</formula>
    <formula uri="http://libmeta.ru/fme/formula/aux/116_3_ASIMPTOTIChESKIJ">\varphi_{S}(x)</formula>
    <formula uri="http://libmeta.ru/fme/formula/aux/116_4_ASIMPTOTIChESKIJ">p(x)=\sqrt{2 m(E-U(x))}</formula>
    <formula uri="http://libmeta.ru/fme/formula/aux/116_5_ASIMPTOTIChESKIJ">E</formula>
    <formula uri="http://libmeta.ru/fme/formula/aux/116_6_ASIMPTOTIChESKIJ">U(x)</formula>
    <formula uri="http://libmeta.ru/fme/formula/aux/116_7_ASIMPTOTIChESKIJ">E&amp;gt;U(x)</formula>
    <formula uri="http://libmeta.ru/fme/formula/aux/116_8_ASIMPTOTIChESKIJ">U(x)=E</formula>
    <formula uri="http://libmeta.ru/fme/formula/aux/116_9_ASIMPTOTIChESKIJ">\lambda(x)=2 \pi \hbar / p(x)</formula>
    <formula uri="http://libmeta.ru/fme/formula/aux/116_10_ASIMPTOTIChESKIJ">x=a</formula>
    <formula uri="http://libmeta.ru/fme/formula/aux/116_11_ASIMPTOTIChESKIJ">U(x)&amp;gt;E</formula>
    <formula uri="http://libmeta.ru/fme/formula/aux/116_12_ASIMPTOTIChESKIJ">x&amp;gt;a</formula>
    <formula uri="http://libmeta.ru/fme/formula/aux/116_13_ASIMPTOTIChESKIJ">c</formula>
    <formula uri="http://libmeta.ru/fme/formula/aux/116_14_ASIMPTOTIChESKIJ">a&amp;lt;x&amp;lt;b</formula>
    <formula uri="http://libmeta.ru/fme/formula/aux/116_15_ASIMPTOTIChESKIJ">n=0,1,2, \ldots</formula>
    <formula uri="http://libmeta.ru/fme/formula/aux/116_16_ASIMPTOTIChESKIJ">1965 . \quad</formula>
  </formulas_aux>
  <relations/>
  <text> - ряд, возникающий при решении уравнения Шредингера с помощью теории возмущений в тех случаях, когда нулевое значение малого параметра изменяет характер особых точек этого уравнения или его порядок (см. [1]). Типичный и широко используемый пример А. p.- решение уравнения Шредингера в квазиклассич. приближении или по методу Вентцеля - Крамерса - Бриллюэна (BKБ-мето$URI[[http://libmeta.ru/fme/formula/aux/116_1_ASIMPTOTIChESKIJ]]/URI$, см. [2]-[4]).

Пусть в одномерном стационарном уравнении Шрединrepa

\[
URI[[http://libmeta.ru/fme/formula/main/116_1_ASIMPTOTIChESKIJ]]/URI
\]

малый параметр - постоянная Планка $URI[[http://libmeta.ru/fme/formula/aux/116_2_ASIMPTOTIChESKIJ]]/URI$. Подстановкой

\[
URI[[http://libmeta.ru/fme/formula/main/116_2_ASIMPTOTIChESKIJ]]/URI
\]

уравнение (1) сводится к уравнению Риккати

\[
URI[[http://libmeta.ru/fme/formula/main/116_3_ASIMPTOTIChESKIJ]]/URI
\]

формальное решение к-рого ищется в виде ряда

\[
URI[[http://libmeta.ru/fme/formula/main/116_4_ASIMPTOTIChESKIJ]]/URI
\]

Для функций $URI[[http://libmeta.ru/fme/formula/aux/116_3_ASIMPTOTIChESKIJ]]/URI$ получаются рекуррентные соотношения

\[
URI[[http://libmeta.ru/fme/formula/main/116_5_ASIMPTOTIChESKIJ]]/URI
\]

С физич. точки зрения $URI[[http://libmeta.ru/fme/formula/aux/116_4_ASIMPTOTIChESKIJ]]/URI$ представляет собой импульс классич. частицы с энергией $URI[[http://libmeta.ru/fme/formula/aux/116_5_ASIMPTOTIChESKIJ]]/URI$, движушейся в потенциальном поле $URI[[http://libmeta.ru/fme/formula/aux/116_6_ASIMPTOTIChESKIJ]]/URI$. «Классически доступными» областями пространства являются области, в К-рых $URI[[http://libmeta.ru/fme/formula/aux/116_7_ASIMPTOTIChESKIJ]]/URI$. Точки, являюшиеся решениями уравнения $URI[[http://libmeta.ru/fme/formula/aux/116_8_ASIMPTOTIChESKIJ]]/URI$, называются точкам и поворота. В физич. приложениях из ряда (4) обычно сохраняют два первых члена, что приводит к так наз. квазиклассич. волновой функции

\[
URI[[http://libmeta.ru/fme/formula/main/116_6_ASIMPTOTIChESKIJ]]/URI
\]

в классически доступных областях пространства. При этом условие применимости приближения (6) есть

\[
URI[[http://libmeta.ru/fme/formula/main/116_7_ASIMPTOTIChESKIJ]]/URI
\]

то есть длина волны де Бройля $URI[[http://libmeta.ru/fme/formula/aux/116_9_ASIMPTOTIChESKIJ]]/URI$ должна мало меняться на расстоянии порядка ее самой. Это условие нарушается вблизи точек поворота. Если имеется только одна точка поворота $URI[[http://libmeta.ru/fme/formula/aux/116_10_ASIMPTOTIChESKIJ]]/URI$ и $URI[[http://libmeta.ru/fme/formula/aux/116_11_ASIMPTOTIChESKIJ]]/URI$ при $URI[[http://libmeta.ru/fme/formula/aux/116_12_ASIMPTOTIChESKIJ]]/URI$, то исследование (см. [5]) решения уравнения (1), представленного в виде (2) и (4), приводит к следующему приближенному выражению для волновой функции во всем пространстве за исключением областей, близких к точке поворота.

\[
URI[[http://libmeta.ru/fme/formula/main/116_8_ASIMPTOTIChESKIJ]]/URI
\]

где $URI[[http://libmeta.ru/fme/formula/aux/116_13_ASIMPTOTIChESKIJ]]/URI$ - нормировочная постоянная. Из (8) можно получить квазиклассич. оценку квантовых уровней энергии. Если классически доступная область пространства ограничена двумя точками поворота $URI[[http://libmeta.ru/fme/formula/aux/116_14_ASIMPTOTIChESKIJ]]/URI$, то

\[
URI[[http://libmeta.ru/fme/formula/main/116_9_ASIMPTOTIChESKIJ]]/URI
\]

где $URI[[http://libmeta.ru/fme/formula/aux/116_15_ASIMPTOTIChESKIJ]]/URI$ Условие (9) называется условием квантования Бора - Зоммерфельда.

A. p., получающиеся вышеописанным образом, можно строить и для многомерного уравнения Шредингера. Они находят применение во многих физич. задачах (напр. при рассмотрении высоковозбужденных состояний атомных и молекулярных систем, в теории излучения, в описании многоэлектронных систем и т. п.).

Лит.: [1] Камке Э., Справочник по обыкновенным дифференциальным уравнениям, пер. с нем., M., 1971; [2] B rillo u in L., &amp;quot;C. r. Acad. sci. Paris&amp;quot;, 1926, t. 183, p. 24; [3] Kramers H.A &amp;quot;Z. Phys.», 1926, Bd 39, S. 828; [4] We ntzel G., *Z. Phys.», 1926, Bd 38, S. 518; [5] Хе д и н г Дж., Введение в метод фазовых интегралов (метод ВКБ), пер. с англ., М., $URI[[http://libmeta.ru/fme/formula/aux/116_16_ASIMPTOTIChESKIJ]]/URI$ Л. К. Комаров.
</text>
  <text_orig> - ряд, возникающий при решении уравнения Шредингера с помощью теории возмущений в тех случаях, когда нулевое значение малого параметра изменяет характер особых точек этого уравнения или его порядок (см. [1]). Типичный и широко используемый пример А. p.- решение уравнения Шредингера в квазиклассич. приближении или по методу Вентцеля - Крамерса - Бриллюэна (BKБ-мето$\partial y$, см. [2]-[4]).

Пусть в одномерном стационарном уравнении Шрединrepa

\[
\frac{d \psi(x)}{d x^{2}}+\frac{2 m}{\hbar^{2}}(E-U(x)) \Psi(x)=0
\]

малый параметр - постоянная Планка $\hbar$. Подстановкой

\[
\psi(x)=\exp \left(\frac{1}{\hbar} \int d x \varphi(x)\right)
\]

уравнение (1) сводится к уравнению Риккати

\[
\frac{1}{\hbar} \frac{d \varphi(x)}{d x}+\frac{1}{\hbar^{2}} \varphi^{2}(x)+\frac{2 m}{\hbar^{2}}(E-U(x))=0,
\]

формальное решение к-рого ищется в виде ряда

\[
\varphi(x)=\sum_{s=0}^{\infty} \varphi_{s}(x) \hbar^{s} .
\]

Для функций $\varphi_{S}(x)$ получаются рекуррентные соотношения

\[
\left.\begin{array}{l}
\varphi_{0}(x)= \pm i \sqrt{2 m(E-U(x))}, \\
\varphi_{1}(x)=-\frac{1}{2 \varphi_{0}(x)} \frac{d \varphi_{0}(x)}{d x}, \\
\varphi_{s+1}(x)=-\frac{1}{2 \varphi_{0}(x)}\left[\frac{d \varphi_{s}(x)}{d x}+\sum_{t=1}^{s} \varphi_{t}(x) \varphi_{s+1-t}(x)\right], \\
s=1,2, \ldots
\end{array}\right\}
\]

С физич. точки зрения $p(x)=\sqrt{2 m(E-U(x))}$ представляет собой импульс классич. частицы с энергией $E$, движушейся в потенциальном поле $U(x)$. «Классически доступными» областями пространства являются области, в К-рых $E&amp;gt;U(x)$. Точки, являюшиеся решениями уравнения $U(x)=E$, называются точкам и поворота. В физич. приложениях из ряда (4) обычно сохраняют два первых члена, что приводит к так наз. квазиклассич. волновой функции

\[
\psi(x) \simeq \frac{c_{1}}{\sqrt{p(x)}} e^{\frac{i}{\hbar} \int^{x} d \xi p(\xi)}+\frac{c_{2}}{\sqrt{p(x)}} e^{-\frac{i}{\hbar} \int^{x} d \xi p(\xi)}
\]

в классически доступных областях пространства. При этом условие применимости приближения (6) есть

\[
\frac{d}{d x}\left(\frac{\hbar}{p(x)}\right) \ll 1
\]

то есть длина волны де Бройля $\lambda(x)=2 \pi \hbar / p(x)$ должна мало меняться на расстоянии порядка ее самой. Это условие нарушается вблизи точек поворота. Если имеется только одна точка поворота $x=a$ и $U(x)&amp;gt;E$ при $x&amp;gt;a$, то исследование (см. [5]) решения уравнения (1), представленного в виде (2) и (4), приводит к следующему приближенному выражению для волновой функции во всем пространстве за исключением областей, близких к точке поворота.

\[
\begin{aligned}
&amp;amp; \psi(x) \simeq \frac{c}{\sqrt{p(x)}} \sin \left(\frac{1}{\hbar} \int_{x}^{a} d \xi p(\xi)+\frac{\pi}{4}\right), \quad x&amp;lt;a, \\
&amp;amp; \psi(x) \simeq \frac{1}{2} c \frac{1}{[2 m(U(x)-E)]^{1 / 4}} \exp \left(-\frac{1}{\hbar} \int_{a}^{x} d \xi \sqrt{2 m(U(x)-E)}\right), \\
&amp;amp; x&amp;gt;a,
\end{aligned}
\]

где $c$ - нормировочная постоянная. Из (8) можно получить квазиклассич. оценку квантовых уровней энергии. Если классически доступная область пространства ограничена двумя точками поворота $a&amp;lt;x&amp;lt;b$, то

\[
\frac{1}{\hbar} \int_{a}^{b} d x p(x)+\frac{\pi}{2}=(n+1) \pi,
\]

где $n=0,1,2, \ldots$ Условие (9) называется условием квантования Бора - Зоммерфельда.

A. p., получающиеся вышеописанным образом, можно строить и для многомерного уравнения Шредингера. Они находят применение во многих физич. задачах (напр. при рассмотрении высоковозбужденных состояний атомных и молекулярных систем, в теории излучения, в описании многоэлектронных систем и т. п.).

Лит.: [1] Камке Э., Справочник по обыкновенным дифференциальным уравнениям, пер. с нем., M., 1971; [2] B rillo u in L., &amp;quot;C. r. Acad. sci. Paris&amp;quot;, 1926, t. 183, p. 24; [3] Kramers H.A &amp;quot;Z. Phys.», 1926, Bd 39, S. 828; [4] We ntzel G., *Z. Phys.», 1926, Bd 38, S. 518; [5] Хе д и н г Дж., Введение в метод фазовых интегралов (метод ВКБ), пер. с англ., М., $1965 . \quad$ Л. К. Комаров.
</text_orig>
</article>
