<?xml version="1.0" ?>
<article uri="http://libmeta.ru/fme/article/1171_KVANTOVAJa" alphabetic_pos="1173">
  <title>КВАНТОВАЯ МАРКОВСКАЯ СИСТЕМА, КВАНТОВЫЙ МАРКОВСКИЙ ПРОЦЕСС</title>
  <authors>
    <author>В. П. Белавкин</author>
  </authors>
  <title_short/>
  <pages>
    <start>245</start>
    <end>245</end>
  </pages>
  <literature>
    <literature_orig>Лum.: [1] Бе ла в к и н В. П., «теоретич. и математич. физика», 1985, т. 62, № 3, c. 409-31; [2] A ccardi L., Frigerio A., Lew is J. T., &quot;publ. Rims Kyoto Univ.», 1982, v. 18, № 1, p. 97-133.</literature_orig>
    <unit>
      <author>Белавкин В. П.</author>
      <title>«теоретич. и математич. физика»</title>
      <publication/>
      <year>1985</year>
      <other>т. 62, № 3, c. 409-31</other>
    </unit>
    <unit>
      <author>Accardi L.</author>
      <author>Frigerio A.</author>
      <author>Lewis J. T.</author>
      <title>&quot;publ. Rims Kyoto Univ.»</title>
      <publication/>
      <year>1982</year>
      <other>v. 18, № 1, p. 97-133.</other>
    </unit>
  </literature>
  <formulas_main>
    <formula uri="http://libmeta.ru/fme/formula/main/1171_1_KVANTOVAJa">\Theta_{t}^{s}=\pi_{t}^{-1} x_{t}^{s}, x_{t}^{s}(a)=E_{t} \pi_{s}(a) E_{t}</formula>
  </formulas_main>
  <formulas_aux>
    <formula uri="http://libmeta.ru/fme/formula/aux/1171_1_KVANTOVAJa">\left\{\mathfrak{a}_{t}\right\}, \mathfrak{\Re}_{t}=\pi_{t}(\mathfrak{X})</formula>
    <formula uri="http://libmeta.ru/fme/formula/aux/1171_2_KVANTOVAJa">h</formula>
    <formula uri="http://libmeta.ru/fme/formula/aux/1171_3_KVANTOVAJa">e_{t} \mathfrak{A}_{s} E_{t} \subseteq \mathfrak{A}_{t} E_{t}</formula>
    <formula uri="http://libmeta.ru/fme/formula/aux/1171_4_KVANTOVAJa">t \leqslant s</formula>
    <formula uri="http://libmeta.ru/fme/formula/aux/1171_5_KVANTOVAJa">\left\{e_{t}\right\}</formula>
    <formula uri="http://libmeta.ru/fme/formula/aux/1171_6_KVANTOVAJa">e_{t} \leqslant E_{s}, t \leqslant s</formula>
    <formula uri="http://libmeta.ru/fme/formula/aux/1171_7_KVANTOVAJa">\mathfrak{a}_{t}</formula>
    <formula uri="http://libmeta.ru/fme/formula/aux/1171_8_KVANTOVAJa">\mathscr{e}_{t}=e_{t} H=\mathfrak{A}_{t} \mathscr{E}_{t}</formula>
    <formula uri="http://libmeta.ru/fme/formula/aux/1171_9_KVANTOVAJa">\left\{\mathfrak{\mathcal { A }}_{t}\right\}</formula>
    <formula uri="http://libmeta.ru/fme/formula/aux/1171_10_KVANTOVAJa">\xi \in H</formula>
    <formula uri="http://libmeta.ru/fme/formula/aux/1171_11_KVANTOVAJa">\left\{\mathfrak{a}_{t}, \mathscr{E}_{t} \xi^{\prime}\right.</formula>
    <formula uri="http://libmeta.ru/fme/formula/aux/1171_12_KVANTOVAJa">\left\{\boldsymbol{e}_{t} \xi^{\xi_{1}}\right.</formula>
    <formula uri="http://libmeta.ru/fme/formula/aux/1171_13_KVANTOVAJa">\pi_{t_{n}}\left(a_{n}\right) \ldots \pi_{t_{1}}\left(a_{1}\right) \xi</formula>
    <formula uri="http://libmeta.ru/fme/formula/aux/1171_14_KVANTOVAJa">t_{1}&lt;\ldots&lt;t_{n} \leqslant t</formula>
    <formula uri="http://libmeta.ru/fme/formula/aux/1171_15_KVANTOVAJa">\xi</formula>
    <formula uri="http://libmeta.ru/fme/formula/aux/1171_16_KVANTOVAJa">\left\{e_{t}\right\}</formula>
    <formula uri="http://libmeta.ru/fme/formula/aux/1171_17_KVANTOVAJa">\left\{e_{t}^{2}\right\}, E_{t}^{1} \leqslant E_{t}</formula>
    <formula uri="http://libmeta.ru/fme/formula/aux/1171_18_KVANTOVAJa">\left\{e_{t}^{\xi}\right\}, \xi \in \cap \mathscr{E}_{t}</formula>
    <formula uri="http://libmeta.ru/fme/formula/aux/1171_19_KVANTOVAJa">\pi_{t}^{\xi}: a \rightarrow \pi_{t}(a) E_{t}^{\xi}</formula>
    <formula uri="http://libmeta.ru/fme/formula/aux/1171_20_KVANTOVAJa">\left\{\mathscr{e}_{t}\right\}</formula>
    <formula uri="http://libmeta.ru/fme/formula/aux/1171_21_KVANTOVAJa">\mathscr{e}_{t}=\mathscr{e}_{t} \mathscr{E}_{s}</formula>
    <formula uri="http://libmeta.ru/fme/formula/aux/1171_22_KVANTOVAJa">t \leqslant s</formula>
    <formula uri="http://libmeta.ru/fme/formula/aux/1171_23_KVANTOVAJa">\mathscr{e}_{t}\left(\mathfrak{a}_{s}\right) \leqslant \mathfrak{A}_{t}</formula>
    <formula uri="http://libmeta.ru/fme/formula/aux/1171_24_KVANTOVAJa">t \leqslant s</formula>
  </formulas_aux>
  <relations/>
  <text>квантовая стохастическая система (процесс) $URI[[http://libmeta.ru/fme/formula/aux/1171_1_KVANTOVAJa]]/URI$, на гильбертовом пространстве $URI[[http://libmeta.ru/fme/formula/aux/1171_2_KVANTOVAJa]]/URI$, обладающая свойством динамичности $URI[[http://libmeta.ru/fme/formula/aux/1171_3_KVANTOVAJa]]/URI$, $URI[[http://libmeta.ru/fme/formula/aux/1171_4_KVANTOVAJa]]/URI$, относительно заданного неубывающего семейства $URI[[http://libmeta.ru/fme/formula/aux/1171_5_KVANTOVAJa]]/URI$ ортопроекторов $URI[[http://libmeta.ru/fme/formula/aux/1171_6_KVANTOVAJa]]/URI$, на $URI[[http://libmeta.ru/fme/formula/aux/1171_7_KVANTOVAJa]]/URI$-инвариантные подпространства $URI[[http://libmeta.ru/fme/formula/aux/1171_8_KVANTOVAJa]]/URI$. Состояние открытой квантовой системы $URI[[http://libmeta.ru/fme/formula/aux/1171_9_KVANTOVAJa]]/URI$, описываемое нормированным вектором $URI[[http://libmeta.ru/fme/formula/aux/1171_10_KVANTOVAJa]]/URI$, называется ма рковским, если стохастич. система $URI[[http://libmeta.ru/fme/formula/aux/1171_11_KVANTOVAJa]]/URI$ является марковской относительно фильтрации $URI[[http://libmeta.ru/fme/formula/aux/1171_12_KVANTOVAJa]]/URI$, определяемой подпространствами, порождаемыми хронологически упорядоченным действием $URI[[http://libmeta.ru/fme/formula/aux/1171_13_KVANTOVAJa]]/URI$, $URI[[http://libmeta.ru/fme/formula/aux/1171_14_KVANTOVAJa]]/URI$, на вектор состояния $URI[[http://libmeta.ru/fme/formula/aux/1171_15_KVANTOVAJa]]/URI$. Всякая марковская относительно $URI[[http://libmeta.ru/fme/formula/aux/1171_16_KVANTOVAJa]]/URI$ квантовая система (процесс) является марковской относительно любой более сильной фильтрации $URI[[http://libmeta.ru/fme/formula/aux/1171_17_KVANTOVAJa]]/URI$, и, в частности, относительно максимальной фильтрации $URI[[http://libmeta.ru/fme/formula/aux/1171_18_KVANTOVAJa]]/URI$, определяюшей одну и ту же квантовую динамич. (в широком смысле) систему

\[
URI[[http://libmeta.ru/fme/formula/main/1171_1_KVANTOVAJa]]/URI
\]

в случае обратимости $URI[[http://libmeta.ru/fme/formula/aux/1171_19_KVANTOVAJa]]/URI$.

В узком смысле К. м. с. определяется (см. [2]) с помощью согласованной системы $URI[[http://libmeta.ru/fme/formula/aux/1171_20_KVANTOVAJa]]/URI$ условных ожиданий $URI[[http://libmeta.ru/fme/formula/aux/1171_21_KVANTOVAJa]]/URI$, $URI[[http://libmeta.ru/fme/formula/aux/1171_22_KVANTOVAJa]]/URI$, условием $URI[[http://libmeta.ru/fme/formula/aux/1171_23_KVANTOVAJa]]/URI$ для всех $URI[[http://libmeta.ru/fme/formula/aux/1171_24_KVANTOVAJa]]/URI$.</text>
  <text_orig>квантовая стохастическая система (процесс) $\left\{\mathfrak{A}_{t}\right\}, \mathfrak{\Re}_{t}=\pi_{t}(\mathfrak{X})$, на гильбертовом пространстве $H$, обладающая свойством динамичности $E_{t} \mathfrak{A}_{s} E_{t} \subseteq \mathfrak{A}_{t} E_{t}$, $t \leqslant s$, относительно заданного неубывающего семейства $\left\{E_{t}\right\}$ ортопроекторов $E_{t} \leqslant E_{s}, t \leqslant s$, на $\mathfrak{A}_{t}$-инвариантные подпространства $\mathscr{E}_{t}=E_{t} H=\mathfrak{A}_{t} \mathscr{E}_{t}$. Состояние открытой квантовой системы $\left\{\mathfrak{\mathcal { A }}_{t}\right\}$, описываемое нормированным вектором $\xi \in H$, называется ма рковским, если стохастич. система $\left\{\mathfrak{A}_{t}, \mathscr{E}_{t} \xi^{\prime}\right.$ является марковской относительно фильтрации $\left\{\boldsymbol{E}_{t} \xi^{\xi_{1}}\right.$, определяемой подпространствами, порождаемыми хронологически упорядоченным действием $\pi_{t_{n}}\left(a_{n}\right) \ldots \pi_{t_{1}}\left(a_{1}\right) \xi$, $t_{1}&lt;\ldots&lt;t_{n} \leqslant t$, на вектор состояния $\xi$. Всякая марковская относительно $\left\{E_{t}\right\}$ квантовая система (процесс) является марковской относительно любой более сильной фильтрации $\left\{E_{t}^{2}\right\}, E_{t}^{1} \leqslant E_{t}$, и, в частности, относительно максимальной фильтрации $\left\{E_{t}^{\xi}\right\}, \xi \in \cap \mathscr{E}_{t}$, определяюшей одну и ту же квантовую динамич. (в широком смысле) систему

\[
\Theta_{t}^{s}=\pi_{t}^{-1} x_{t}^{s}, x_{t}^{s}(a)=E_{t} \pi_{s}(a) E_{t}
\]

в случае обратимости $\pi_{t}^{\xi}: a \rightarrow \pi_{t}(a) E_{t}^{\xi}$.

В узком смысле К. м. с. определяется (см. [2]) с помощью согласованной системы $\left\{\mathscr{E}_{t}\right\}$ условных ожиданий $\mathscr{E}_{t}=\mathscr{E}_{t} \mathscr{E}_{s}$, $t \leqslant s$, условием $\mathscr{E}_{t}\left(\mathfrak{A}_{s}\right) \leqslant \mathfrak{A}_{t}$ для всех $t \leqslant s$.

Лum.: [1] Бе ла в к и н В. П., «Теоретич. и математич. физика», 1985, т. 62, № 3, c. 409-31; [2] A ccardi L., Frigerio A., Lew is J. T., &quot;Publ. RIMS Kyoto Univ.», 1982, v. 18, № 1, p. 97-133.

В. П. Белавкин.</text_orig>
</article>
