<?xml version="1.0" ?>
<article uri="http://libmeta.ru/fme/article/1172_KVANTOVAJa" alphabetic_pos="1174">
  <title>КВАНТОВАЯ ОТКРЫТАЯ СИСТЕМА</title>
  <authors>
    <author>В. П. Белавкин</author>
  </authors>
  <pages>
    <start>245</start>
    <end>245</end>
  </pages>
  <literature>
    <literature_orig>Jum.: [1] A c c ardi L., Frigerio A., Lew is J. I., &quot;publ. Rims Kyoto Univ.», 1982, v. 18, № 1, p. 97-133; [2] Бе ла в к и н В. П., «успехи математич. наук», 1984, т. 39, в. 2, с. 137-38; [3] D avies E. B., Quantum theory of open systems, L.- [a.o.], 1976; [4] B e la vk in V. P., in: Information complexity and control in quantum phisics, Cism, № 294, Wien - N. Y., 1987, p. 311-29.</literature_orig>
    <unit>
      <author>Accardi L.</author>
      <author>Frigerio A.</author>
      <author>Lewis J. I.</author>
      <title>&quot;publ. Rims Kyoto Univ.»</title>
      <publication/>
      <year>1982</year>
      <other>v. 18, № 1, p. 97-133</other>
    </unit>
    <unit>
      <author>Белавкин В. П.</author>
      <title>«успехи математич. наук»</title>
      <publication/>
      <year>1984</year>
      <other>т. 39, в. 2, с. 137-38</other>
    </unit>
    <unit>
      <author>Davies E. B.</author>
      <title>Quantum theory of open systems, L.- [a.o.]</title>
      <publication/>
      <year>1976</year>
      <other/>
    </unit>
    <unit>
      <author>Belavkin V. P.</author>
      <title>in: Information complexity and control in quantum phisics, Cism, № 294, Wien - N. Y.</title>
      <publication/>
      <year>1987</year>
      <other>p. 311-29.</other>
    </unit>
  </literature>
  <formulas_main>
    <formula uri="http://libmeta.ru/fme/formula/main/1172_1_KVANTOVAJa">\pi_{t}: \mathfrak{U} \rightarrow B(H), U_{t} \pi_{t}(a)=\pi_{0}(a) U_{t}</formula>
  </formulas_main>
  <formulas_aux>
    <formula uri="http://libmeta.ru/fme/formula/aux/1172_1_KVANTOVAJa">t</formula>
    <formula uri="http://libmeta.ru/fme/formula/aux/1172_2_KVANTOVAJa">\left\{\mathfrak{\mathscr { A }}_{t}\right\} C^{*}</formula>
    <formula uri="http://libmeta.ru/fme/formula/aux/1172_3_KVANTOVAJa">\mathfrak{\mathscr { A }} \subseteq B(H)</formula>
    <formula uri="http://libmeta.ru/fme/formula/aux/1172_4_KVANTOVAJa">h</formula>
    <formula uri="http://libmeta.ru/fme/formula/aux/1172_5_KVANTOVAJa">\mathfrak{a}_{t}</formula>
    <formula uri="http://libmeta.ru/fme/formula/aux/1172_6_KVANTOVAJa">i \in \mathfrak{A}_{t}</formula>
    <formula uri="http://libmeta.ru/fme/formula/aux/1172_7_KVANTOVAJa">c^{*}</formula>
    <formula uri="http://libmeta.ru/fme/formula/aux/1172_8_KVANTOVAJa">\mathfrak{a}=\mathfrak{a}_{0}, \pi_{0}(a)=a</formula>
    <formula uri="http://libmeta.ru/fme/formula/aux/1172_9_KVANTOVAJa">\{\mathfrak{\{}\}</formula>
    <formula uri="http://libmeta.ru/fme/formula/aux/1172_10_KVANTOVAJa">u_{t}^{*}=u_{t}^{-1}</formula>
    <formula uri="http://libmeta.ru/fme/formula/aux/1172_11_KVANTOVAJa">u_{t}^{*} U_{t}=I</formula>
    <formula uri="http://libmeta.ru/fme/formula/aux/1172_12_KVANTOVAJa">u_{t}</formula>
    <formula uri="http://libmeta.ru/fme/formula/aux/1172_13_KVANTOVAJa">\mathfrak{a}_{t}=\pi_{t}(\mathfrak{a})</formula>
    <formula uri="http://libmeta.ru/fme/formula/aux/1172_14_KVANTOVAJa">\left\{\pi_{t}\right\}</formula>
    <formula uri="http://libmeta.ru/fme/formula/aux/1172_15_KVANTOVAJa">e_{t}=\pi_{t}(1) \leqslant E_{s}, t \leqslant s</formula>
  </formulas_aux>
  <relations n="9">
    <relation uri="http://libmeta.ru/fme/relation/1172_1_KVANTOVAJa">
      <rel_text>каналы</rel_text>
      <target>http://libmeta.ru/fme/article/2333_POROG</target>
    </relation>
    <relation uri="http://libmeta.ru/fme/relation/1172_2_KVANTOVAJa">
      <rel_text>динамич</rel_text>
      <target>http://libmeta.ru/fme/article/816_DINAMIK</target>
    </relation>
    <relation uri="http://libmeta.ru/fme/relation/1172_3_KVANTOVAJa">
      <rel_text>широком</rel_text>
      <target>http://libmeta.ru/fme/article/3454_ShIROT</target>
    </relation>
    <relation uri="http://libmeta.ru/fme/relation/1172_4_KVANTOVAJa">
      <rel_text>квантовыми динамическими в</rel_text>
      <target>http://libmeta.ru/fme/article/1168_KVANTOVAJa</target>
    </relation>
    <relation uri="http://libmeta.ru/fme/relation/1172_5_KVANTOVAJa">
      <rel_text>случайного процесса</rel_text>
      <target>http://libmeta.ru/fme/article/2823_SLUChAJNYJ</target>
    </relation>
    <relation uri="http://libmeta.ru/fme/relation/1172_6_KVANTOVAJa">
      <rel_text>алгебры</rel_text>
      <target>http://libmeta.ru/fme/article/47_ALGEBR</target>
    </relation>
    <relation uri="http://libmeta.ru/fme/relation/1172_7_KVANTOVAJa">
      <rel_text>гильбертовом пространстве</rel_text>
      <target>http://libmeta.ru/fme/article/623_GIL'BERTOVO</target>
    </relation>
    <relation uri="http://libmeta.ru/fme/relation/1172_8_KVANTOVAJa">
      <rel_text>алгебры</rel_text>
      <target>http://libmeta.ru/fme/article/47_ALGEBR</target>
    </relation>
    <relation uri="http://libmeta.ru/fme/relation/1172_9_KVANTOVAJa">
      <rel_text>наблюдаемых</rel_text>
      <target>http://libmeta.ru/fme/article/1853_NABLJuDAEMA</target>
    </relation>
  </relations>
  <text>совокупность URI[[http://libmeta.ru/fme/relation/1172_9_KVANTOVAJa]]/URI в картине Гейзенберга, описывающая некоторый квантовый объект, эволюционирующий в большой системе. К. о. с. алгебраически отвечает параметризованное временем $URI[[http://libmeta.ru/fme/formula/aux/1172_1_KVANTOVAJa]]/URI$ семейство $URI[[http://libmeta.ru/fme/formula/aux/1172_2_KVANTOVAJa]]/URI$-подалгебр $URI[[http://libmeta.ru/fme/formula/aux/1172_3_KVANTOVAJa]]/URI$ URI[[http://libmeta.ru/fme/relation/1172_8_KVANTOVAJa]]/URI ограниченных операторов в нек-ром URI[[http://libmeta.ru/fme/relation/1172_7_KVANTOVAJa]]/URI $URI[[http://libmeta.ru/fme/formula/aux/1172_4_KVANTOVAJa]]/URI$. Обычно такие URI[[http://libmeta.ru/fme/relation/1172_6_KVANTOVAJa]]/URI $URI[[http://libmeta.ru/fme/formula/aux/1172_5_KVANTOVAJa]]/URI$ содержат единицу $URI[[http://libmeta.ru/fme/formula/aux/1172_6_KVANTOVAJa]]/URI$ и определяются унитарно эквивалентными представлениями

\[
URI[[http://libmeta.ru/fme/formula/main/1172_1_KVANTOVAJa]]/URI
\]

начальной $URI[[http://libmeta.ru/fme/formula/aux/1172_7_KVANTOVAJa]]/URI$-алгебры $URI[[http://libmeta.ru/fme/formula/aux/1172_8_KVANTOVAJa]]/URI$.

Рассматривают и более общие семейства $URI[[http://libmeta.ru/fme/formula/aux/1172_9_KVANTOVAJa]]/URI$, требуя, напр., вместо унитарности $URI[[http://libmeta.ru/fme/formula/aux/1172_10_KVANTOVAJa]]/URI$ изометричность $URI[[http://libmeta.ru/fme/formula/aux/1172_11_KVANTOVAJa]]/URI$ пропагаторов $URI[[http://libmeta.ru/fme/formula/aux/1172_12_KVANTOVAJa]]/URI$ или предполагая, что $URI[[http://libmeta.ru/fme/formula/aux/1172_13_KVANTOVAJa]]/URI$ определяются представлениями $URI[[http://libmeta.ru/fme/formula/aux/1172_14_KVANTOVAJa]]/URI$ квантового URI[[http://libmeta.ru/fme/relation/1172_5_KVANTOVAJa]]/URI (см. [1], [2]) с единицей $URI[[http://libmeta.ru/fme/formula/aux/1172_15_KVANTOVAJa]]/URI$.

Первоначально К. о. с. отождествлялись с URI[[http://libmeta.ru/fme/relation/1172_4_KVANTOVAJa]]/URI URI[[http://libmeta.ru/fme/relation/1172_3_KVANTOVAJa]]/URI смысле системами, определяющими слабое описание квантовых марковских процессов (см. [3]). К понятию К. о. с. приводит не только рассмотрение «малой» квантовой системы, взаимодействующей с «термостатом», но также и исследование процессов измерения и управления (см. [4]) в квантовых URI[[http://libmeta.ru/fme/relation/1172_2_KVANTOVAJa]]/URI. системах, включающее в рассмотрение наряду с объектом взаимодействующие с ним квантовые URI[[http://libmeta.ru/fme/relation/1172_1_KVANTOVAJa]]/URI.</text>
  <text_orig>совокуПность наблюдаемых в картине Гейзенберга, описывающая некоторый квантовый объект, эволюционирующий в большой системе. К. о. с. алгебраически отвечает параметризованное временем $t$ семейство $\left\{\mathfrak{\mathscr { A }}_{t}\right\} C^{*}$-подалгебр $\mathfrak{\mathscr { A }} \subseteq B(H)$ алгебры ограниченных операторов в нек-ром гильбертовом пространстве $H$. Обычно такие алгебры $\mathfrak{A}_{t}$ содержат единицу $I \in \mathfrak{A}_{t}$ и определяются унитарно эквивалентными представлениями

\[
\pi_{t}: \mathfrak{U} \rightarrow B(H), U_{t} \pi_{t}(a)=\pi_{0}(a) U_{t}
\]

начальной $C^{*}$-алгебры $\mathfrak{A}=\mathfrak{A}_{0}, \pi_{0}(a)=a$.

Рассматривают и более общие семейства $\{\mathfrak{\{}\}$, требуя, напр., вместо унитарности $U_{t}^{*}=U_{t}^{-1}$ изометричность $U_{t}^{*} U_{t}=I$ пропагаторов $U_{t}$ или предполагая, что $\mathfrak{A}_{t}=\pi_{t}(\mathfrak{A})$ определяются представлениями $\left\{\pi_{t}\right\}$ квантового случайного процесса (см. [1], [2]) с единицей $E_{t}=\pi_{t}(1) \leqslant E_{s}, t \leqslant s$.

Первоначально К. о. с. отождествлялись с квантовыми динамическими в широком смысле системами, определяющими слабое описание квантовых марковских процессов (см. [3]). К понятию К. о. с. приводит не только рассмотрение «малой» квантовой системы, взаимодействующей с «термостатом», но также и исследование процессов измерения и управления (см. [4]) в квантовых динамич. системах, включающее в рассмотрение наряду с объектом взаимодействующие с ним квантовые каналы.

Jum.: [1] A c c ardi L., Frigerio A., Lew is J. I., &quot;Publ. RIMS Kyoto Univ.», 1982, v. 18, № 1, p. 97-133; [2] Бе ла в к и н В. П., «Успехи математич. наук», 1984, т. 39, в. 2, с. 137-38; [3] D avies E. B., Quantum theory of open systems, L.- [a.o.], 1976; [4] B e la vk in V. P., in: Information complexity and control in quantum phisics, CISM, № 294, Wien - N. Y., 1987, p. 311-29. В. П. Белавкин.</text_orig>
</article>
