<?xml version="1.0" ?>
<article uri="http://libmeta.ru/fme/article/1172_KVANTOVAJa">
  <title>КВАНТОВАЯ СТОХАСТИЧЕСКАЯ СИСТЕМА</title>
  <authors/>
  <title_short/>
  <pages>
    <start>246</start>
    <end>246</end>
  </pages>
  <literature>
    <literature_orig/>
  </literature>
  <formulas_main>
    <formula uri="http://libmeta.ru/fme/formula/main/1172_1_KVANTOVAJa">\xi_{a_{1} \ldots a_{n}}^{t_{1} \ldots t_{n}}=\pi_{t_{n}}\left(a_{n}\right) \ldots \pi_{t_{1}}\left(a_{1}\right) \xi</formula>
    <formula uri="http://libmeta.ru/fme/formula/main/1172_2_KVANTOVAJa">x_{a_{1} \ldots a_{n}}^{t_{1} \ldots t_{n}}=\left\|\xi_{a_{1} \ldots a_{n}}^{t_{1} \ldots t_{n}}\right\|</formula>
  </formulas_main>
  <formulas_aux>
    <formula uri="http://libmeta.ru/fme/formula/aux/1172_1_KVANTOVAJa">\left\{\mathfrak{A}_{t}\right\}</formula>
    <formula uri="http://libmeta.ru/fme/formula/aux/1172_2_KVANTOVAJa">H</formula>
    <formula uri="http://libmeta.ru/fme/formula/aux/1172_3_KVANTOVAJa">\left\{E_{t}\right\}, E_{t} \subseteq E_{s}, t \leqslant s, \mathfrak{X}_{t}</formula>
    <formula uri="http://libmeta.ru/fme/formula/aux/1172_4_KVANTOVAJa">E_{t} \subseteq H</formula>
    <formula uri="http://libmeta.ru/fme/formula/aux/1172_5_KVANTOVAJa">\pi_{t}: \mathscr{U} \rightarrow \mathscr{B}(H)</formula>
    <formula uri="http://libmeta.ru/fme/formula/aux/1172_6_KVANTOVAJa">\left\{\pi_{t}\right\}</formula>
    <formula uri="http://libmeta.ru/fme/formula/aux/1172_7_KVANTOVAJa">C^{*}</formula>
    <formula uri="http://libmeta.ru/fme/formula/aux/1172_8_KVANTOVAJa">\mathfrak{A}</formula>
    <formula uri="http://libmeta.ru/fme/formula/aux/1172_9_KVANTOVAJa">1 \in \mathfrak{A}</formula>
    <formula uri="http://libmeta.ru/fme/formula/aux/1172_10_KVANTOVAJa">\xi_{\in} E_{t}</formula>
    <formula uri="http://libmeta.ru/fme/formula/aux/1172_11_KVANTOVAJa">\mathfrak{A}_{t}</formula>
    <formula uri="http://libmeta.ru/fme/formula/aux/1172_12_KVANTOVAJa">\mathfrak{A}_{t} E_{t}=E_{t}</formula>
    <formula uri="http://libmeta.ru/fme/formula/aux/1172_13_KVANTOVAJa">\mathfrak{A}_{t}=\pi_{t}(\mathfrak{A})</formula>
    <formula uri="http://libmeta.ru/fme/formula/aux/1172_14_KVANTOVAJa">t_{1}&lt;\ldots&lt;t_{n} \leqslant t_{n}</formula>
    <formula uri="http://libmeta.ru/fme/formula/aux/1172_15_KVANTOVAJa">E_{t}</formula>
    <formula uri="http://libmeta.ru/fme/formula/aux/1172_16_KVANTOVAJa">a_{i} \in \mathfrak{M}</formula>
    <formula uri="http://libmeta.ru/fme/formula/aux/1172_17_KVANTOVAJa">\mathfrak{A}_{t}</formula>
    <formula uri="http://libmeta.ru/fme/formula/aux/1172_18_KVANTOVAJa">E_{t}^{\xi}=V\left\{\xi_{a_{1} \ldots a_{n}}^{t_{1} \ldots t_{n}}\right\}</formula>
    <formula uri="http://libmeta.ru/fme/formula/aux/1172_19_KVANTOVAJa">\left\{\pi_{t}\right\}</formula>
    <formula uri="http://libmeta.ru/fme/formula/aux/1172_20_KVANTOVAJa">\mathfrak{A}</formula>
    <formula uri="http://libmeta.ru/fme/formula/aux/1172_21_KVANTOVAJa">E_{t}^{\xi}=\pi_{t}</formula>
    <formula uri="http://libmeta.ru/fme/formula/aux/1172_22_KVANTOVAJa">E_{t}^{\xi}</formula>
    <formula uri="http://libmeta.ru/fme/formula/aux/1172_23_KVANTOVAJa">\xi</formula>
  </formulas_aux>
  <relations/>
  <text>КВаНТОвая открытая система $URI[[http://libmeta.ru/fme/formula/aux/1172_1_KVANTOVAJa]]/URI$ на гильбертовом пространстве $URI[[http://libmeta.ru/fme/formula/aux/1172_2_KVANTOVAJa]]/URI$ с заданной фильтрацией $URI[[http://libmeta.ru/fme/formula/aux/1172_3_KVANTOVAJa]]/URI$-инвариантных подпространств $URI[[http://libmeta.ru/fme/formula/aux/1172_4_KVANTOVAJa]]/URI$, определяемая обычно (см. [1]) представлениями $URI[[http://libmeta.ru/fme/formula/aux/1172_5_KVANTOVAJa]]/URI$ квантового случайного процесса $URI[[http://libmeta.ru/fme/formula/aux/1172_6_KVANTOVAJa]]/URI$ над $URI[[http://libmeta.ru/fme/formula/aux/1172_7_KVANTOVAJa]]/URI$-алгеброй $URI[[http://libmeta.ru/fme/formula/aux/1172_8_KVANTOVAJa]]/URI$ с единицей $URI[[http://libmeta.ru/fme/formula/aux/1172_9_KVANTOVAJa]]/URI$ и вектором состояния $URI[[http://libmeta.ru/fme/formula/aux/1172_10_KVANTOVAJa]]/URI$. В силу $URI[[http://libmeta.ru/fme/formula/aux/1172_11_KVANTOVAJa]]/URI$-инвариантности $URI[[http://libmeta.ru/fme/formula/aux/1172_12_KVANTOVAJa]]/URI$ относительно $URI[[http://libmeta.ru/fme/formula/aux/1172_13_KVANTOVAJa]]/URI$ векторы

\[
URI[[http://libmeta.ru/fme/formula/main/1172_1_KVANTOVAJa]]/URI
\]

при $URI[[http://libmeta.ru/fme/formula/aux/1172_14_KVANTOVAJa]]/URI$ принадлежат $URI[[http://libmeta.ru/fme/formula/aux/1172_15_KVANTOVAJa]]/URI$ для любых $URI[[http://libmeta.ru/fme/formula/aux/1172_16_KVANTOVAJa]]/URI$ и порождают минимальные $URI[[http://libmeta.ru/fme/formula/aux/1172_17_KVANTOVAJa]]/URI$-инвариантные подпространства $URI[[http://libmeta.ru/fme/formula/aux/1172_18_KVANTOVAJa]]/URI$ представления квантового случайного процесса $URI[[http://libmeta.ru/fme/formula/aux/1172_19_KVANTOVAJa]]/URI$. Теорема реконструкции (см. [1]) позволяет восстановить с точностью до унитарной эквивалентности минимальное представление К. с. с. над $URI[[http://libmeta.ru/fme/formula/aux/1172_20_KVANTOVAJa]]/URI$, нормированное на ортопроекторы $URI[[http://libmeta.ru/fme/formula/aux/1172_21_KVANTOVAJa]]/URI$, соответствуюшие $URI[[http://libmeta.ru/fme/formula/aux/1172_22_KVANTOVAJa]]/URI$, по хронологически упорядоченным корреляционным формам

\[
URI[[http://libmeta.ru/fme/formula/main/1172_2_KVANTOVAJa]]/URI
\]

дающим широкое (слабое) описание этой системы в терминах вероятностей последовательных измерений, всевозможных квантовых эффектов в состоянии $URI[[http://libmeta.ru/fme/formula/aux/1172_23_KVANTOVAJa]]/URI$.

Лит.: [1] Бела вкин В. П., &quot;Теоретич. и математич. физика», 1985, т. 62, № 3, c. 409-31; [2] Lind bl a d G., «Comm. Math. Phys.», 1979, v. 65, № 3, p. 281-94.</text>
  <text_orig>КВаНТОвая открытая система $\left\{\mathfrak{A}_{t}\right\}$ на гильбертовом пространстве $H$ с заданной фильтрацией $\left\{E_{t}\right\}, E_{t} \subseteq E_{s}, t \leqslant s, \mathfrak{X}_{t}$-инвариантных подпространств $E_{t} \subseteq H$, определяемая обычно (см. [1]) представлениями $\pi_{t}: \mathscr{U} \rightarrow \mathscr{B}(H)$ квантового случайного процесса $\left\{\pi_{t}\right\}$ над $C^{*}$-алгеброй $\mathfrak{A}$ с единицей $1 \in \mathfrak{A}$ и вектором состояния $\xi_{\in} E_{t}$. В силу $\mathfrak{A}_{t}$-инвариантности $\mathfrak{A}_{t} E_{t}=E_{t}$ относительно $\mathfrak{A}_{t}=\pi_{t}(\mathfrak{A})$ векторы

\[
\xi_{a_{1} \ldots a_{n}}^{t_{1} \ldots t_{n}}=\pi_{t_{n}}\left(a_{n}\right) \ldots \pi_{t_{1}}\left(a_{1}\right) \xi
\]

при $t_{1}&lt;\ldots&lt;t_{n} \leqslant t_{n}$ принадлежат $E_{t}$ для любых $a_{i} \in \mathfrak{M}$ и порождают минимальные $\mathfrak{A}_{t}$-инвариантные подпространства $E_{t}^{\xi}=V\left\{\xi_{a_{1} \ldots a_{n}}^{t_{1} \ldots t_{n}}\right\}$ представления квантового случайного процесса $\left\{\pi_{t}\right\}$. Теорема реконструкции (см. [1]) позволяет восстановить с точностью до унитарной эквивалентности минимальное представление К. с. с. над $\mathfrak{A}$, нормированное на ортопроекторы $E_{t}^{\xi}=\pi_{t}$, соответствуюшие $E_{t}^{\xi}$, по хронологически упорядоченным корреляционным формам

\[
x_{a_{1} \ldots a_{n}}^{t_{1} \ldots t_{n}}=\left\|\xi_{a_{1} \ldots a_{n}}^{t_{1} \ldots t_{n}}\right\|
\]

дающим широкое (слабое) описание этой системы в терминах вероятностей последовательных измерений, всевозможных квантовых эффектов в состоянии $\xi$.

Лит.: [1] Бела вкин В. П., &quot;Теоретич. и математич. физика», 1985, т. 62, № 3, c. 409-31; [2] Lind bl a d G., «Comm. Math. Phys.», 1979, v. 65, № 3, p. 281-94.</text_orig>
</article>
