<?xml version="1.0" ?>
<article uri="http://libmeta.ru/fme/article/1175_KVANTOVAJa" alphabetic_pos="1177">
  <title>КВАНТОВАЯ СТОХАСТИЧЕСКАЯ СИСТЕМА</title>
  <authors/>
  <title_short/>
  <pages>
    <start>246</start>
    <end>246</end>
  </pages>
  <literature>
    <literature_orig>Лит.: [1] Бела вкин В. П., &quot;теоретич. и математич. физика», 1985, т. 62, № 3, c. 409-31; [2] Lind bl a d G., «comm. Math. Phys.», 1979, v. 65, № 3, p. 281-94.</literature_orig>
    <unit>
      <author>Белавкин В. П.</author>
      <title>&quot;теоретич. и математич. физика»</title>
      <publication/>
      <year>1985</year>
      <other>т. 62, № 3, c. 409-31</other>
    </unit>
    <unit>
      <author>Lindblad G.</author>
      <title>«comm. Math. Phys.»</title>
      <publication/>
      <year>1979</year>
      <other>v. 65, № 3, p. 281-94.</other>
    </unit>
  </literature>
  <formulas_main>
    <formula uri="http://libmeta.ru/fme/formula/main/1175_1_KVANTOVAJa">\xi_{a_{1} \ldots a_{n}}^{t_{1} \ldots t_{n}}=\pi_{t_{n}}\left(a_{n}\right) \ldots \pi_{t_{1}}\left(a_{1}\right) \xi</formula>
    <formula uri="http://libmeta.ru/fme/formula/main/1175_2_KVANTOVAJa">x_{a_{1} \ldots a_{n}}^{t_{1} \ldots t_{n}}=\left\|\xi_{a_{1} \ldots a_{n}}^{t_{1} \ldots t_{n}}\right\|</formula>
  </formulas_main>
  <formulas_aux>
    <formula uri="http://libmeta.ru/fme/formula/aux/1175_1_KVANTOVAJa">\left\{\mathfrak{a}_{t}\right\}</formula>
    <formula uri="http://libmeta.ru/fme/formula/aux/1175_2_KVANTOVAJa">h</formula>
    <formula uri="http://libmeta.ru/fme/formula/aux/1175_3_KVANTOVAJa">\left\{e_{t}\right\}, E_{t} \subseteq E_{s}, t \leqslant s, \mathfrak{X}_{t}</formula>
    <formula uri="http://libmeta.ru/fme/formula/aux/1175_4_KVANTOVAJa">e_{t} \subseteq H</formula>
    <formula uri="http://libmeta.ru/fme/formula/aux/1175_5_KVANTOVAJa">\pi_{t}: \mathscr{U} \rightarrow \mathscr{B}(H)</formula>
    <formula uri="http://libmeta.ru/fme/formula/aux/1175_6_KVANTOVAJa">\left\{\pi_{t}\right\}</formula>
    <formula uri="http://libmeta.ru/fme/formula/aux/1175_7_KVANTOVAJa">c^{*}</formula>
    <formula uri="http://libmeta.ru/fme/formula/aux/1175_8_KVANTOVAJa">\mathfrak{a}</formula>
    <formula uri="http://libmeta.ru/fme/formula/aux/1175_9_KVANTOVAJa">1 \in \mathfrak{A}</formula>
    <formula uri="http://libmeta.ru/fme/formula/aux/1175_10_KVANTOVAJa">\xi_{\in} E_{t}</formula>
    <formula uri="http://libmeta.ru/fme/formula/aux/1175_11_KVANTOVAJa">\mathfrak{a}_{t}</formula>
    <formula uri="http://libmeta.ru/fme/formula/aux/1175_12_KVANTOVAJa">\mathfrak{a}_{t} E_{t}=E_{t}</formula>
    <formula uri="http://libmeta.ru/fme/formula/aux/1175_13_KVANTOVAJa">\mathfrak{a}_{t}=\pi_{t}(\mathfrak{a})</formula>
    <formula uri="http://libmeta.ru/fme/formula/aux/1175_14_KVANTOVAJa">t_{1}&lt;\ldots&lt;t_{n} \leqslant t_{n}</formula>
    <formula uri="http://libmeta.ru/fme/formula/aux/1175_15_KVANTOVAJa">e_{t}</formula>
    <formula uri="http://libmeta.ru/fme/formula/aux/1175_16_KVANTOVAJa">a_{i} \in \mathfrak{M}</formula>
    <formula uri="http://libmeta.ru/fme/formula/aux/1175_17_KVANTOVAJa">\mathfrak{a}_{t}</formula>
    <formula uri="http://libmeta.ru/fme/formula/aux/1175_18_KVANTOVAJa">e_{t}^{\xi}=v\left\{\xi_{a_{1} \ldots a_{n}}^{t_{1} \ldots t_{n}}\right\}</formula>
    <formula uri="http://libmeta.ru/fme/formula/aux/1175_19_KVANTOVAJa">\left\{\pi_{t}\right\}</formula>
    <formula uri="http://libmeta.ru/fme/formula/aux/1175_20_KVANTOVAJa">\mathfrak{a}</formula>
    <formula uri="http://libmeta.ru/fme/formula/aux/1175_21_KVANTOVAJa">e_{t}^{\xi}=\pi_{t}</formula>
    <formula uri="http://libmeta.ru/fme/formula/aux/1175_22_KVANTOVAJa">e_{t}^{\xi}</formula>
    <formula uri="http://libmeta.ru/fme/formula/aux/1175_23_KVANTOVAJa">\xi</formula>
  </formulas_aux>
  <relations>
    <relation uri="http://libmeta.ru/fme/relation/1175_1_KVANTOVAJa">
      <rel_text>состоянии</rel_text>
      <target>http://libmeta.ru/fme/article/2867_SOSTOJaNI</target>
    </relation>
    <relation uri="http://libmeta.ru/fme/relation/1175_2_KVANTOVAJa">
      <rel_text>широкое</rel_text>
      <target>http://libmeta.ru/fme/article/3454_ShIROT</target>
    </relation>
    <relation uri="http://libmeta.ru/fme/relation/1175_3_KVANTOVAJa">
      <rel_text>ортопроекторы</rel_text>
      <target>http://libmeta.ru/fme/article/2110_ORTOPROEKTO</target>
    </relation>
    <relation uri="http://libmeta.ru/fme/relation/1175_4_KVANTOVAJa">
      <rel_text>Теорема реконструкции</rel_text>
      <target>http://libmeta.ru/fme/article/2599_REKONSTRUKTsII</target>
    </relation>
    <relation uri="http://libmeta.ru/fme/relation/1175_5_KVANTOVAJa">
      <rel_text>случайного процесса</rel_text>
      <target>http://libmeta.ru/fme/article/2823_SLUChAJNYJ</target>
    </relation>
    <relation uri="http://libmeta.ru/fme/relation/1175_6_KVANTOVAJa">
      <rel_text>подпространства</rel_text>
      <target>http://libmeta.ru/fme/article/2279_PODPREDSTAVLENI</target>
    </relation>
    <relation uri="http://libmeta.ru/fme/relation/1175_7_KVANTOVAJa">
      <rel_text>векторы</rel_text>
      <target>http://libmeta.ru/fme/article/342_VEKTO</target>
    </relation>
    <relation uri="http://libmeta.ru/fme/relation/1175_8_KVANTOVAJa">
      <rel_text>состояния</rel_text>
      <target>http://libmeta.ru/fme/article/2867_SOSTOJaNI</target>
    </relation>
    <relation uri="http://libmeta.ru/fme/relation/1175_9_KVANTOVAJa">
      <rel_text>случайного процесса</rel_text>
      <target>http://libmeta.ru/fme/article/2823_SLUChAJNYJ</target>
    </relation>
    <relation uri="http://libmeta.ru/fme/relation/1175_10_KVANTOVAJa">
      <rel_text>подпространств</rel_text>
      <target>http://libmeta.ru/fme/article/2280_PODPROSTRANSTV</target>
    </relation>
    <relation uri="http://libmeta.ru/fme/relation/1175_11_KVANTOVAJa">
      <rel_text>гильбертовом пространстве</rel_text>
      <target>http://libmeta.ru/fme/article/623_GIL'BERTOVO</target>
    </relation>
    <relation uri="http://libmeta.ru/fme/relation/1175_12_KVANTOVAJa">
      <rel_text>Квантовая открытая система</rel_text>
      <target>http://libmeta.ru/fme/article/1172_KVANTOVAJa</target>
    </relation>
  </relations>
  <text>URI[[http://libmeta.ru/fme/relation/1175_12_KVANTOVAJa]]/URI $URI[[http://libmeta.ru/fme/formula/aux/1175_1_KVANTOVAJa]]/URI$ на URI[[http://libmeta.ru/fme/relation/1175_11_KVANTOVAJa]]/URI $URI[[http://libmeta.ru/fme/formula/aux/1175_2_KVANTOVAJa]]/URI$ с заданной фильтрацией $URI[[http://libmeta.ru/fme/formula/aux/1175_3_KVANTOVAJa]]/URI$-инвариантных URI[[http://libmeta.ru/fme/relation/1175_10_KVANTOVAJa]]/URI $URI[[http://libmeta.ru/fme/formula/aux/1175_4_KVANTOVAJa]]/URI$, определяемая обычно (см. [1]) представлениями $URI[[http://libmeta.ru/fme/formula/aux/1175_5_KVANTOVAJa]]/URI$ квантового URI[[http://libmeta.ru/fme/relation/1175_9_KVANTOVAJa]]/URI $URI[[http://libmeta.ru/fme/formula/aux/1175_6_KVANTOVAJa]]/URI$ над $URI[[http://libmeta.ru/fme/formula/aux/1175_7_KVANTOVAJa]]/URI$-алгеброй $URI[[http://libmeta.ru/fme/formula/aux/1175_8_KVANTOVAJa]]/URI$ с единицей $URI[[http://libmeta.ru/fme/formula/aux/1175_9_KVANTOVAJa]]/URI$ и вектором URI[[http://libmeta.ru/fme/relation/1175_8_KVANTOVAJa]]/URI $URI[[http://libmeta.ru/fme/formula/aux/1175_10_KVANTOVAJa]]/URI$. В силу $URI[[http://libmeta.ru/fme/formula/aux/1175_11_KVANTOVAJa]]/URI$-инвариантности $URI[[http://libmeta.ru/fme/formula/aux/1175_12_KVANTOVAJa]]/URI$ относительно $URI[[http://libmeta.ru/fme/formula/aux/1175_13_KVANTOVAJa]]/URI$ URI[[http://libmeta.ru/fme/relation/1175_7_KVANTOVAJa]]/URI

\[
URI[[http://libmeta.ru/fme/formula/main/1175_1_KVANTOVAJa]]/URI
\]

при $URI[[http://libmeta.ru/fme/formula/aux/1175_14_KVANTOVAJa]]/URI$ принадлежат $URI[[http://libmeta.ru/fme/formula/aux/1175_15_KVANTOVAJa]]/URI$ для любых $URI[[http://libmeta.ru/fme/formula/aux/1175_16_KVANTOVAJa]]/URI$ и порождают минимальные $URI[[http://libmeta.ru/fme/formula/aux/1175_17_KVANTOVAJa]]/URI$-инвариантные URI[[http://libmeta.ru/fme/relation/1175_6_KVANTOVAJa]]/URI $URI[[http://libmeta.ru/fme/formula/aux/1175_18_KVANTOVAJa]]/URI$ представления квантового URI[[http://libmeta.ru/fme/relation/1175_5_KVANTOVAJa]]/URI $URI[[http://libmeta.ru/fme/formula/aux/1175_19_KVANTOVAJa]]/URI$. URI[[http://libmeta.ru/fme/relation/1175_4_KVANTOVAJa]]/URI (см. [1]) позволяет восстановить с точностью до унитарной эквивалентности минимальное представление К. с. с. над $URI[[http://libmeta.ru/fme/formula/aux/1175_20_KVANTOVAJa]]/URI$, нормированное на URI[[http://libmeta.ru/fme/relation/1175_3_KVANTOVAJa]]/URI $URI[[http://libmeta.ru/fme/formula/aux/1175_21_KVANTOVAJa]]/URI$, соответствуюшие $URI[[http://libmeta.ru/fme/formula/aux/1175_22_KVANTOVAJa]]/URI$, по хронологически упорядоченным корреляционным формам

\[
URI[[http://libmeta.ru/fme/formula/main/1175_2_KVANTOVAJa]]/URI
\]

дающим URI[[http://libmeta.ru/fme/relation/1175_2_KVANTOVAJa]]/URI (слабое) описание этой системы в терминах вероятностей последовательных измерений, всевозможных квантовых эффектов в URI[[http://libmeta.ru/fme/relation/1175_1_KVANTOVAJa]]/URI $URI[[http://libmeta.ru/fme/formula/aux/1175_23_KVANTOVAJa]]/URI$.</text>
  <text_orig>КВаНТОвая открытая система $\left\{\mathfrak{A}_{t}\right\}$ на гильбертовом пространстве $H$ с заданной фильтрацией $\left\{E_{t}\right\}, E_{t} \subseteq E_{s}, t \leqslant s, \mathfrak{X}_{t}$-инвариантных подпространств $E_{t} \subseteq H$, определяемая обычно (см. [1]) представлениями $\pi_{t}: \mathscr{U} \rightarrow \mathscr{B}(H)$ квантового случайного процесса $\left\{\pi_{t}\right\}$ над $C^{*}$-алгеброй $\mathfrak{A}$ с единицей $1 \in \mathfrak{A}$ и вектором состояния $\xi_{\in} E_{t}$. В силу $\mathfrak{A}_{t}$-инвариантности $\mathfrak{A}_{t} E_{t}=E_{t}$ относительно $\mathfrak{A}_{t}=\pi_{t}(\mathfrak{A})$ векторы

\[
\xi_{a_{1} \ldots a_{n}}^{t_{1} \ldots t_{n}}=\pi_{t_{n}}\left(a_{n}\right) \ldots \pi_{t_{1}}\left(a_{1}\right) \xi
\]

при $t_{1}&lt;\ldots&lt;t_{n} \leqslant t_{n}$ принадлежат $E_{t}$ для любых $a_{i} \in \mathfrak{M}$ и порождают минимальные $\mathfrak{A}_{t}$-инвариантные подпространства $E_{t}^{\xi}=V\left\{\xi_{a_{1} \ldots a_{n}}^{t_{1} \ldots t_{n}}\right\}$ представления квантового случайного процесса $\left\{\pi_{t}\right\}$. Теорема реконструкции (см. [1]) позволяет восстановить с точностью до унитарной эквивалентности минимальное представление К. с. с. над $\mathfrak{A}$, нормированное на ортопроекторы $E_{t}^{\xi}=\pi_{t}$, соответствуюшие $E_{t}^{\xi}$, по хронологически упорядоченным корреляционным формам

\[
x_{a_{1} \ldots a_{n}}^{t_{1} \ldots t_{n}}=\left\|\xi_{a_{1} \ldots a_{n}}^{t_{1} \ldots t_{n}}\right\|
\]

дающим широкое (слабое) описание этой системы в терминах вероятностей последовательных измерений, всевозможных квантовых эффектов в состоянии $\xi$.

Лит.: [1] Бела вкин В. П., &quot;Теоретич. и математич. физика», 1985, т. 62, № 3, c. 409-31; [2] Lind bl a d G., «Comm. Math. Phys.», 1979, v. 65, № 3, p. 281-94.</text_orig>
</article>
