<?xml version="1.0" ?>
<article uri="http://libmeta.ru/fme/article/1177_KVANTOVAJa">
  <title>КВАНТОВАЯ ХРОМОДИНАМИКА</title>
  <authors>
    <author>К. Г. Четыркин</author>
  </authors>
  <title_short/>
  <pages>
    <start>251</start>
    <end>253</end>
  </pages>
  <literature>
    <literature_orig/>
  </literature>
  <formulas_main>
    <formula uri="http://libmeta.ru/fme/formula/main/1177_1_KVANTOVAJa">Q_{u}=Q_{c}=Q_{t}=2 / 3, Q_{d}=Q_{s}=Q_{b}=-1 / 3 .</formula>
    <formula uri="http://libmeta.ru/fme/formula/main/1177_2_KVANTOVAJa">q_{i}(x) \rightarrow q_{i}(x)+i\left(\frac{\Lambda_{a}}{2}\right)_{i, j} \omega^{a} q_{j}(x)</formula>
    <formula uri="http://libmeta.ru/fme/formula/main/1177_3_KVANTOVAJa">\mathscr{L}_{\mathrm{K} . \mathrm{x} .}^{c}=-\frac{1}{4} G_{\mu v}^{a} G_{\mu v}^{a}+i \sum_{q=u, d, \ldots} \bar{q}\left(i \gamma_{\mu} D_{\mu}^{i j}-m_{q}\right) q_{j},</formula>
    <formula uri="http://libmeta.ru/fme/formula/main/1177_4_KVANTOVAJa">\begin{gathered}
G_{\mu \nu}^{a}=\partial_{\mu} A_{v}^{q}-\partial_{v} A_{\mu}^{q}+i g f^{a b c} A_{\mu}^{b} A_{v}^{c}, \\
D_{\mu}=\delta^{i j_{\partial}}-i g A_{\mu}^{a}\left(\Lambda^{a}\right)_{i j}
\end{gathered}</formula>
    <formula uri="http://libmeta.ru/fme/formula/main/1177_5_KVANTOVAJa">A_{\mu}^{a}(x) \rightarrow A_{\mu}^{a}(x)+f^{a b c} \omega^{b}(x) A_{\mu}^{c}(x)+\partial_{\mu} \omega^{q}(x) .</formula>
    <formula uri="http://libmeta.ru/fme/formula/main/1177_6_KVANTOVAJa">\mathscr{L}_{\mathrm{K} . \mathrm{x} .}^{\mathrm{eff}}=\mathscr{L}_{\mathrm{K} . \mathrm{x} .}^{c}-\frac{1}{2 \alpha}\left(\partial_{\mu} A_{\mu}^{a}\right)^{2}+\partial_{\mu} \bar{\eta}^{\alpha}\left(\partial_{\mu} \delta^{a c}-f^{a b c} A_{\mu}^{b}\right) \eta^{c} .</formula>
    <formula uri="http://libmeta.ru/fme/formula/main/1177_7_KVANTOVAJa">\mathscr{L}_{\mathrm{K} . \mathrm{x} .}=\mathscr{L}_{\mathrm{K} . \mathrm{x} .}^{\mathrm{eff}}+i \theta G_{\mu \nu}^{a} G_{\alpha \beta}^{a} \varepsilon_{\mu \nu \alpha \beta},</formula>
  </formulas_main>
  <formulas_aux>
    <formula uri="http://libmeta.ru/fme/formula/aux/1177_1_KVANTOVAJa">u_{-}, d-, s_{-}, c_{-}, b-, t</formula>
    <formula uri="http://libmeta.ru/fme/formula/aux/1177_2_KVANTOVAJa">1 / 2</formula>
    <formula uri="http://libmeta.ru/fme/formula/aux/1177_3_KVANTOVAJa">t</formula>
    <formula uri="http://libmeta.ru/fme/formula/aux/1177_4_KVANTOVAJa">u</formula>
    <formula uri="http://libmeta.ru/fme/formula/aux/1177_5_KVANTOVAJa">u_{1}, u_{2}, u_{3}</formula>
    <formula uri="http://libmeta.ru/fme/formula/aux/1177_6_KVANTOVAJa">d</formula>
    <formula uri="http://libmeta.ru/fme/formula/aux/1177_7_KVANTOVAJa">d_{1}, d_{2}, d_{3}</formula>
    <formula uri="http://libmeta.ru/fme/formula/aux/1177_8_KVANTOVAJa">S U_{c}(3)</formula>
    <formula uri="http://libmeta.ru/fme/formula/aux/1177_9_KVANTOVAJa">q_{i}, i=1,2,3</formula>
    <formula uri="http://libmeta.ru/fme/formula/aux/1177_10_KVANTOVAJa">a=1, \ldots, 8, \Lambda_{a}</formula>
    <formula uri="http://libmeta.ru/fme/formula/aux/1177_11_KVANTOVAJa">S U(3)</formula>
    <formula uri="http://libmeta.ru/fme/formula/aux/1177_12_KVANTOVAJa">\omega^{a}-</formula>
    <formula uri="http://libmeta.ru/fme/formula/aux/1177_13_KVANTOVAJa">\left.\omega^{a} \ll 1\right)</formula>
    <formula uri="http://libmeta.ru/fme/formula/aux/1177_14_KVANTOVAJa">\pi</formula>
    <formula uri="http://libmeta.ru/fme/formula/aux/1177_15_KVANTOVAJa">\omega^{a}(x)</formula>
    <formula uri="http://libmeta.ru/fme/formula/aux/1177_16_KVANTOVAJa">x</formula>
    <formula uri="http://libmeta.ru/fme/formula/aux/1177_17_KVANTOVAJa">A_{\mu}^{a}(x), a=1,2, \ldots, 8</formula>
    <formula uri="http://libmeta.ru/fme/formula/aux/1177_18_KVANTOVAJa">S U_{c}(3)</formula>
    <formula uri="http://libmeta.ru/fme/formula/aux/1177_19_KVANTOVAJa">f^{a b c}-</formula>
    <formula uri="http://libmeta.ru/fme/formula/aux/1177_20_KVANTOVAJa">S U_{c}(3), m_{q}</formula>
    <formula uri="http://libmeta.ru/fme/formula/aux/1177_21_KVANTOVAJa">q</formula>
    <formula uri="http://libmeta.ru/fme/formula/aux/1177_22_KVANTOVAJa">\alpha</formula>
    <formula uri="http://libmeta.ru/fme/formula/aux/1177_23_KVANTOVAJa">\bar{\eta}^{a}</formula>
    <formula uri="http://libmeta.ru/fme/formula/aux/1177_24_KVANTOVAJa">\eta^{a}</formula>
    <formula uri="http://libmeta.ru/fme/formula/aux/1177_25_KVANTOVAJa">\sim\left(\frac{\Delta}{Q}\right)^{n}</formula>
    <formula uri="http://libmeta.ru/fme/formula/aux/1177_26_KVANTOVAJa">\alpha_{s}</formula>
    <formula uri="http://libmeta.ru/fme/formula/aux/1177_27_KVANTOVAJa">1 / N_{c}</formula>
    <formula uri="http://libmeta.ru/fme/formula/aux/1177_28_KVANTOVAJa">\langle\vec{q}, q\rangle</formula>
    <formula uri="http://libmeta.ru/fme/formula/aux/1177_29_KVANTOVAJa">\left\langle G_{\mu \nu}^{a}, G_{\mu \nu}^{a}\right\rangle</formula>
    <formula uri="http://libmeta.ru/fme/formula/aux/1177_30_KVANTOVAJa">Q</formula>
    <formula uri="http://libmeta.ru/fme/formula/aux/1177_31_KVANTOVAJa">U(1)</formula>
    <formula uri="http://libmeta.ru/fme/formula/aux/1177_32_KVANTOVAJa">\eta^{\prime}</formula>
    <formula uri="http://libmeta.ru/fme/formula/aux/1177_33_KVANTOVAJa">\pi</formula>
    <formula uri="http://libmeta.ru/fme/formula/aux/1177_34_KVANTOVAJa">\omega^{a}(x)</formula>
    <formula uri="http://libmeta.ru/fme/formula/aux/1177_35_KVANTOVAJa">\sim e^{-4 \pi / \alpha_{s}}</formula>
    <formula uri="http://libmeta.ru/fme/formula/aux/1177_36_KVANTOVAJa">e^{i \theta}</formula>
    <formula uri="http://libmeta.ru/fme/formula/aux/1177_37_KVANTOVAJa">\theta</formula>
    <formula uri="http://libmeta.ru/fme/formula/aux/1177_38_KVANTOVAJa">\varepsilon_{\mu v \alpha \beta}-</formula>
    <formula uri="http://libmeta.ru/fme/formula/aux/1177_39_KVANTOVAJa">\varepsilon_{0123}=-1</formula>
    <formula uri="http://libmeta.ru/fme/formula/aux/1177_40_KVANTOVAJa">\theta \neq 0</formula>
    <formula uri="http://libmeta.ru/fme/formula/aux/1177_41_KVANTOVAJa">|\theta| \leqslant 10^{-9}</formula>
    <formula uri="http://libmeta.ru/fme/formula/aux/1177_42_KVANTOVAJa">\theta</formula>
    <formula uri="http://libmeta.ru/fme/formula/aux/1177_43_KVANTOVAJa">C P</formula>
    <formula uri="http://libmeta.ru/fme/formula/aux/1177_44_KVANTOVAJa">1 / N_{c}</formula>
    <formula uri="http://libmeta.ru/fme/formula/aux/1177_45_KVANTOVAJa">1 / N_{c}</formula>
    <formula uri="http://libmeta.ru/fme/formula/aux/1177_46_KVANTOVAJa">N_{c}</formula>
    <formula uri="http://libmeta.ru/fme/formula/aux/1177_47_KVANTOVAJa">N_{c}=3</formula>
    <formula uri="http://libmeta.ru/fme/formula/aux/1177_48_KVANTOVAJa">N_{c} \rightarrow \infty</formula>
  </formulas_aux>
  <relations/>
  <text> - Калибровочная теория сильных взаимодействий, описывающая взаимодействие цветных кварков и глюонов; возникла как результат развития кварковой модели адронов. В 1964 М. Гелл-Ман (M. Gell-Mann) и Г. Цвейг (G. Zweig) предположили, что адроны могут быть построены из гипотетич. фундаментальных частиц - кварков, причем мезоны (адроны с целым спином) являются системами кварков и антикварков, а барионы (адроны с полуцелым спином) - трех кварков или трех антикварков (см. [1]). По современным представлениям, основанным на изучении адронной спектроскопии и анализе экспериментальных данных в рамках объединенной Глэшоу - Вайнберга - Салама модели, должны существовать по меньшей мере шесть различных типов кварков: $URI[[http://libmeta.ru/fme/formula/aux/1177_1_KVANTOVAJa]]/URI$-кварки. Они обладают спином, равным $URI[[http://libmeta.ru/fme/formula/aux/1177_2_KVANTOVAJa]]/URI$, и дробными электрич. зарядами

\[
URI[[http://libmeta.ru/fme/formula/main/1177_1_KVANTOVAJa]]/URI
\]

В настоящее время имеются косвенные экспериментальные свидетельства существования первых пяти типов кварков (то есть наблюдались адроны, содержащие эти кварки). Адроны, включающие в себя $URI[[http://libmeta.ru/fme/formula/aux/1177_3_KVANTOVAJa]]/URI$-кварк, пока не открыты.

Важнейшим ингредиентом кварковой модели и К. х. является понятие ивета, при определении к-рого постулировано существование у кварков дополнительного квантового числа, принимающего для каждого типа кварков три значе- ния. Другими словами, существуют три $URI[[http://libmeta.ru/fme/formula/aux/1177_4_KVANTOVAJa]]/URI$-кварка $URI[[http://libmeta.ru/fme/formula/aux/1177_5_KVANTOVAJa]]/URI$, три $URI[[http://libmeta.ru/fme/formula/aux/1177_6_KVANTOVAJa]]/URI$-кварка $URI[[http://libmeta.ru/fme/formula/aux/1177_7_KVANTOVAJa]]/URI$ и т. Д. Постулируется, что сильные взаимодействия инвариантны относительно группы цветовой симметрии $URI[[http://libmeta.ru/fme/formula/aux/1177_8_KVANTOVAJa]]/URI$, причем каждый триплет кварков по цвету реализует фундаментальное представление этой группы. Для цветового триплета кварковых полей $URI[[http://libmeta.ru/fme/formula/aux/1177_9_KVANTOVAJa]]/URI$, соответствующее преобразование записывается в виде

\[
URI[[http://libmeta.ru/fme/formula/main/1177_2_KVANTOVAJa]]/URI
\]

где $URI[[http://libmeta.ru/fme/formula/aux/1177_10_KVANTOVAJa]]/URI$ - матрицы Гелл-Мана (генераторы группы $URI[[http://libmeta.ru/fme/formula/aux/1177_11_KVANTOVAJa]]/URI$ ), а $URI[[http://libmeta.ru/fme/formula/aux/1177_12_KVANTOVAJa]]/URI$ групповые параметры (для простоты ограничиваются малыми преобразованиями с параметрами $URI[[http://libmeta.ru/fme/formula/aux/1177_13_KVANTOVAJa]]/URI$. Введение цвета позволило, во-первых, рассматривать кварки как подчиняющиеся статистике Ферми - Дирака в соответствии с фундаментальной теоремой квантовой теории поля о связи спина и статистики и, во-вторых, привести в соответствие с экспериментальными данными предсказания кварковой модели для процессов распада $URI[[http://libmeta.ru/fme/formula/aux/1177_14_KVANTOVAJa]]/URI$-мезона на два фотона и электрон-позитронной аннигиляции в адроны.

К. Х. возникает, если предположить, что цветовая симметрия имеет локальный характер, то есть что сильное взаимодействие инвариантно относительно преобразований (1) с параметрами $URI[[http://libmeta.ru/fme/formula/aux/1177_15_KVANTOVAJa]]/URI$, зависящими от пространственно-временной точки $URI[[http://libmeta.ru/fme/formula/aux/1177_16_KVANTOVAJa]]/URI$. Это требует введения в дополнение к кварковым полям октета калибровочных Янга - Миллса полей $URI[[http://libmeta.ru/fme/formula/aux/1177_17_KVANTOVAJa]]/URI$, число к-рых равно рангу калибровочной группы, в рассматриваемом случае группы $URI[[http://libmeta.ru/fme/formula/aux/1177_18_KVANTOVAJa]]/URI$. Безмассовые векторные частицы (кванты этих полей) называются гл юо на м и. Инвариантность по отношению к локальным преобразованиям цветовой группы вместе с требованиями перенормируемости однозначно фиксирует вид классич. лагранжиана К. х.:

\[
URI[[http://libmeta.ru/fme/formula/main/1177_3_KVANTOVAJa]]/URI
\]

где

\[
URI[[http://libmeta.ru/fme/formula/main/1177_4_KVANTOVAJa]]/URI
\]

- тензор напряженностей глюонного поля, $URI[[http://libmeta.ru/fme/formula/aux/1177_19_KVANTOVAJa]]/URI$ структурные константы группы $URI[[http://libmeta.ru/fme/formula/aux/1177_20_KVANTOVAJa]]/URI$ - масса кварка типа $URI[[http://libmeta.ru/fme/formula/aux/1177_21_KVANTOVAJa]]/URI$. Лагранжиан (2) по построению инвариантен относительно локальных калибровочных преобразований кварковых полей (1) и глюоных полей вида:

\[
URI[[http://libmeta.ru/fme/formula/main/1177_5_KVANTOVAJa]]/URI
\]

Последовательная процедура квантования локально калибровочно инвариантных лагранжианов построена в 1967 Л. Д. Фаддеевым и В. Н. Поповым, а также, независимо, Б. де Виттом. В классе ковариантных $URI[[http://libmeta.ru/fme/formula/aux/1177_22_KVANTOVAJa]]/URI$-калибровок применение этой процедуры к (1) приводит к эффективному лагранжиану вида:

\[
URI[[http://libmeta.ru/fme/formula/main/1177_6_KVANTOVAJa]]/URI
\]

По сравнению с квантовой электродинамикой новым элементом здесь являются «ду́хи» - скалярные поля $URI[[http://libmeta.ru/fme/formula/aux/1177_23_KVANTOVAJa]]/URI$ и $URI[[http://libmeta.ru/fme/formula/aux/1177_24_KVANTOVAJa]]/URI$, подчиняющиеся статистике Ферми-Дирака. Эти поля необходимы для соблюдения условия унитарности в физич. секторе теории. Исходя из эффективного лагранжиана, стандартным образом могут быть введены правила Фейнмана для вычисления соответствующих функций Грина по теории возмущений. Теория, описываемая лагранжианом (4), является перенормируемой (количество независимых перенормировочных констант конечно). Существенную роль в доказательстве этого утверждения играют так наз. ние сушествование эффектов высших порядков и так наз. эффектов высших твистов, то есть членов $URI[[http://libmeta.ru/fme/formula/aux/1177_25_KVANTOVAJa]]/URI$, подавленных степенным образом по сравнению с ведущими.

Важную роль в теоретич. изучении К. х. и ее экспериментальных следствий играют непертурбативные (то есть выходящие за рамки обычной теории возмущений по константе кварк-глюонной связи $URI[[http://libmeta.ru/fme/formula/aux/1177_26_KVANTOVAJa]]/URI$ ) методы, такие как правила сумм квантовой хромодинамики, $URI[[http://libmeta.ru/fme/formula/aux/1177_27_KVANTOVAJa]]/URI$-разложение, решеточный и квазиклассич. подходы.

Правила сумм К. х. основаны на использовании кваркадронной дуальности дисперсионных соотношений и операторного разложения на малых расстояниях. В рамках этого подхода статич. параметры низколежащих адронов могут быть приближенно выражены через так наз. в а ку у м ны е ко нд е н с а ты - вакуумные средние калибровочно инвариантных локальных операторов, составленных из кварковых и глюонных полей. Численные значения вакуумных конденсатов рассматриваются как феноменологич. параметры, связанные со сложной структурой физич. вакуума К. х. В обычном подходе, опираюшемся на теорию возмущений, эти средние равны нулю. В результате применения правил сумм К. х. оказывается, что массы, электромагнитные и слабые ширины основных мезонных и барионных резонансов могут быть найдены с точностью порядка 20-30\%, исходя всего из двух вакуумных конденсатов кваркового $URI[[http://libmeta.ru/fme/formula/aux/1177_28_KVANTOVAJa]]/URI$ и глюонного $URI[[http://libmeta.ru/fme/formula/aux/1177_29_KVANTOVAJa]]/URI$. Более того, метод правил сумм К. х. в последнее время с успехом используется для изучения электромагнитных формфакторов адронов при малых и умеренных импульсных передачах, то есть при $URI[[http://libmeta.ru/fme/formula/aux/1177_30_KVANTOVAJa]]/URI$ порядка нескольких ГэВ/с.

Исследование К. х. в рамках квазиклассич. подхода привело к открытию инстантонов - решений уравнений Янга-Миллса, рассматриваемых в евклидовом пространстве-времени. Учет инстантонов позволяет найти на качественном уровне решение так наз. $URI[[http://libmeta.ru/fme/formula/aux/1177_31_KVANTOVAJa]]/URI$-проблемы (существенно большая масса $URI[[http://libmeta.ru/fme/formula/aux/1177_32_KVANTOVAJa]]/URI$-мезона по сравнению с массой $URI[[http://libmeta.ru/fme/formula/aux/1177_33_KVANTOVAJa]]/URI$-мезона) и естественно объясняет существование глюонного конденсата. Инстантонные решения непосредственно связаны со сложной структурой физич. вакуума в К. х. Дело в том, что функционал потенциальной энергии полей Янга-Миллса имеет бесконечное количество минимумов, получающихся друг из друга калибровочным преобразованием с параметрами $URI[[http://libmeta.ru/fme/formula/aux/1177_34_KVANTOVAJa]]/URI$, неубывающими на пространственной бесконечности, и разделенных потенциальным барьером. Инстантонные решения описывают тунелирование через этот барьер, вероятность к-рого имеет порядок $URI[[http://libmeta.ru/fme/formula/aux/1177_35_KVANTOVAJa]]/URI$. Вакуум К.х. оказывается инвариантным относительно рассматриваемого калибровочного преобразования с точностью до фазового множителя $URI[[http://libmeta.ru/fme/formula/aux/1177_36_KVANTOVAJa]]/URI$. Отличие от нуля параметра $URI[[http://libmeta.ru/fme/formula/aux/1177_37_KVANTOVAJa]]/URI$ можно эффективно учесть с помощью добавления к лагранжиану (4) нового члена, имеющего вид полной дивергенции:

\[
URI[[http://libmeta.ru/fme/formula/main/1177_7_KVANTOVAJa]]/URI
\]

где $URI[[http://libmeta.ru/fme/formula/aux/1177_38_KVANTOVAJa]]/URI$ полностью антисимметричный тензор четвертого ранга с $URI[[http://libmeta.ru/fme/formula/aux/1177_39_KVANTOVAJa]]/URI$. При $URI[[http://libmeta.ru/fme/formula/aux/1177_40_KVANTOVAJa]]/URI$ лагранжиан (7) является CP-инвариантным. Из ограничения на величину электрич. дипольного момента нейтрона следует, что $URI[[http://libmeta.ru/fme/formula/aux/1177_41_KVANTOVAJa]]/URI$. До сих пор нет окончательного ответа на вопрос о причинах такой малости параметра $URI[[http://libmeta.ru/fme/formula/aux/1177_42_KVANTOVAJa]]/URI$ (проблема $URI[[http://libmeta.ru/fme/formula/aux/1177_43_KVANTOVAJa]]/URI$-сохранения в K. х.).

В рамках решеточного приближения к К. х. основные величины представляются в виде континуальных интегралов, к-рые аппроксимируются повторными интегралами высокой кратности. Последние, в свою очередь, приближенно вычисляются с использованием метода Монте-Карло. Несмотря на нек-рые проблемы, связанные с быстродействием и объемом памяти современных ЭВМ, и ряд технич. трудностей (корректный учет фермионных степе- ней свободы), к настояшему времени в рамках решеточного подхода получены важные физич. результаты. В частности, с 30\%-й точностью рассчитаны значения масс нек-рых адронов, их констант распада, а также величины кварковых и глюонных конденсатов.

Суть метода $URI[[http://libmeta.ru/fme/formula/aux/1177_44_KVANTOVAJa]]/URI$-разложения состоит в построении новой теории возмущений, использующей величину $URI[[http://libmeta.ru/fme/formula/aux/1177_45_KVANTOVAJa]]/URI$, где $URI[[http://libmeta.ru/fme/formula/aux/1177_46_KVANTOVAJa]]/URI$ - число цветов (в реальном случае $URI[[http://libmeta.ru/fme/formula/aux/1177_47_KVANTOVAJa]]/URI$ ), в качестве малого параметра. Ведущее приближение соответствует формальному переходу $URI[[http://libmeta.ru/fme/formula/aux/1177_48_KVANTOVAJa]]/URI$ в К. х. В этом приближении оказывается возможным при определенных предположениях вывести из К. х. эффективный низкоэнергетичный нелинейный лагранжиан, к-рый совпадает с феноменологич. мезонным лагранжианом, предлагавшимся ранее для описания адронных явлений в области низких энергий. Более того, этот лагранжиан допускает топологически нетривиальные решения - солитоны, причем свойства этих решений позволяют отождествить их с барионами.

Суммируя вышесказанное, можно с большой долей уверенности утверждать, что, несмотря на ряд еще не до конца решенных принципиальных вопросов, все адронные процессы могут быть описаны на основе единого лагранжиана (4) и, следовательно, К. х. является адекватной теорией сильных взаимодействий.

В настоящее время К. х. рассматривается как часть единой теории слабых, электромагнитных и сильных взаимодействий (см. Великое объединение взаимодействий).

Jum.: [1] Ge11 - Mann M., «Phys. Lett.», 1964, v. 8, p. 214-15; [2] Боголюбов Н. Н., Струминский Б. В., Тавхелидз е А. Н., К вопросу о составных моделях в теории элементарных частиц, Дубна, 1965; [3] Богол юбов Н. Н. [и др.], Релятивистски-инвариантные уравнения для составных частиц и формфакторы, Дубна, 1965; [4] H a n M., N a mbu Y., «Phys. Rev.», 1965, v. 139, p. 1006-10; [5] Stueckelberg E., Petermann A., &quot;Helv. phys. acta», 1953, v. 26, p. 499-520; [6] Боголюбов Н. Н., Ши рко в Д. В., “Доклады АН СССР», 1955, т. 103, с. 391-94; [7] Matveev V., Muradyan R., Tavkhelidze A., «Lett. Nuovo Cim.», 1973, v. 7, p. 719-23.</text>
  <text_orig> - Калибровочная теория сильных взаимодействий, описывающая взаимодействие цветных кварков и глюонов; возникла как результат развития кварковой модели адронов. В 1964 М. Гелл-Ман (M. Gell-Mann) и Г. Цвейг (G. Zweig) предположили, что адроны могут быть построены из гипотетич. фундаментальных частиц - кварков, причем мезоны (адроны с целым спином) являются системами кварков и антикварков, а барионы (адроны с полуцелым спином) - трех кварков или трех антикварков (см. [1]). По современным представлениям, основанным на изучении адронной спектроскопии и анализе экспериментальных данных в рамках объединенной Глэшоу - Вайнберга - Салама модели, должны существовать по меньшей мере шесть различных типов кварков: $u_{-}, d-, s_{-}, c_{-}, b-, t$-кварки. Они обладают спином, равным $1 / 2$, и дробными электрич. зарядами

\[
Q_{u}=Q_{c}=Q_{t}=2 / 3, Q_{d}=Q_{s}=Q_{b}=-1 / 3 .
\]

В настоящее время имеются косвенные экспериментальные свидетельства существования первых пяти типов кварков (то есть наблюдались адроны, содержащие эти кварки). Адроны, включающие в себя $t$-кварк, пока не открыты.

Важнейшим ингредиентом кварковой модели и К. х. является понятие ивета, при определении к-рого постулировано существование у кварков дополнительного квантового числа, принимающего для каждого типа кварков три значе- ния. Другими словами, существуют три $u$-кварка $u_{1}, u_{2}, u_{3}$, три $d$-кварка $d_{1}, d_{2}, d_{3}$ и т. Д. Постулируется, что сильные взаимодействия инвариантны относительно группы цветовой симметрии $S U_{c}(3)$, причем каждый триплет кварков по цвету реализует фундаментальное представление этой группы. Для цветового триплета кварковых полей $q_{i}, i=1,2,3$, соответствующее преобразование записывается в виде

\[
q_{i}(x) \rightarrow q_{i}(x)+i\left(\frac{\Lambda_{a}}{2}\right)_{i, j} \omega^{a} q_{j}(x)
\]

где $a=1, \ldots, 8, \Lambda_{a}$ - матрицы Гелл-Мана (генераторы группы $S U(3)$ ), а $\omega^{a}-$ групповые параметры (для простоты ограничиваются малыми преобразованиями с параметрами $\left.\omega^{a} \ll 1\right)$. Введение цвета позволило, во-первых, рассматривать кварки как подчиняющиеся статистике Ферми - Дирака в соответствии с фундаментальной теоремой квантовой теории поля о связи спина и статистики и, во-вторых, привести в соответствие с экспериментальными данными предсказания кварковой модели для процессов распада $\pi$-мезона на два фотона и электрон-позитронной аннигиляции в адроны.

К. Х. возникает, если предположить, что цветовая симметрия имеет локальный характер, то есть что сильное взаимодействие инвариантно относительно преобразований (1) с параметрами $\omega^{a}(x)$, зависящими от пространственно-временной точки $x$. Это требует введения в дополнение к кварковым полям октета калибровочных Янга - Миллса полей $A_{\mu}^{a}(x), a=1,2, \ldots, 8$, число к-рых равно рангу калибровочной группы, в рассматриваемом случае группы $S U_{c}(3)$. Безмассовые векторные частицы (кванты этих полей) называются гл юо на м и. Инвариантность по отношению к локальным преобразованиям цветовой группы вместе с требованиями перенормируемости однозначно фиксирует вид классич. лагранжиана К. х.:

\[
\mathscr{L}_{\mathrm{K} . \mathrm{x} .}^{c}=-\frac{1}{4} G_{\mu v}^{a} G_{\mu v}^{a}+i \sum_{q=u, d, \ldots} \bar{q}\left(i \gamma_{\mu} D_{\mu}^{i j}-m_{q}\right) q_{j},
\]

где

\[
\begin{gathered}
G_{\mu \nu}^{a}=\partial_{\mu} A_{v}^{q}-\partial_{v} A_{\mu}^{q}+i g f^{a b c} A_{\mu}^{b} A_{v}^{c}, \\
D_{\mu}=\delta^{i j_{\partial}}-i g A_{\mu}^{a}\left(\Lambda^{a}\right)_{i j}
\end{gathered}
\]

- тензор напряженностей глюонного поля, $f^{a b c}-$ структурные константы группы $S U_{c}(3), m_{q}$ - масса кварка типа $q$. Лагранжиан (2) по построению инвариантен относительно локальных калибровочных преобразований кварковых полей (1) и глюоных полей вида:

\[
A_{\mu}^{a}(x) \rightarrow A_{\mu}^{a}(x)+f^{a b c} \omega^{b}(x) A_{\mu}^{c}(x)+\partial_{\mu} \omega^{q}(x) .
\]

Последовательная процедура квантования локально калибровочно инвариантных лагранжианов построена в 1967 Л. Д. Фаддеевым и В. Н. Поповым, а также, независимо, Б. де Виттом. В классе ковариантных $\alpha$-калибровок применение этой процедуры к (1) приводит к эффективному лагранжиану вида:

\[
\mathscr{L}_{\mathrm{K} . \mathrm{x} .}^{\mathrm{eff}}=\mathscr{L}_{\mathrm{K} . \mathrm{x} .}^{c}-\frac{1}{2 \alpha}\left(\partial_{\mu} A_{\mu}^{a}\right)^{2}+\partial_{\mu} \bar{\eta}^{\alpha}\left(\partial_{\mu} \delta^{a c}-f^{a b c} A_{\mu}^{b}\right) \eta^{c} .
\]

По сравнению с квантовой электродинамикой новым элементом здесь являются «ду́хи» - скалярные поля $\bar{\eta}^{a}$ и $\eta^{a}$, подчиняющиеся статистике Ферми-Дирака. Эти поля необходимы для соблюдения условия унитарности в физич. секторе теории. Исходя из эффективного лагранжиана, стандартным образом могут быть введены правила Фейнмана для вычисления соответствующих функций Грина по теории возмущений. Теория, описываемая лагранжианом (4), является перенормируемой (количество независимых перенормировочных констант конечно). Существенную роль в доказательстве этого утверждения играют так наз. ние сушествование эффектов высших порядков и так наз. эффектов высших твистов, то есть членов $\sim\left(\frac{\Delta}{Q}\right)^{n}$, подавленных степенным образом по сравнению с ведущими.

Важную роль в теоретич. изучении К. х. и ее экспериментальных следствий играют непертурбативные (то есть выходящие за рамки обычной теории возмущений по константе кварк-глюонной связи $\alpha_{s}$ ) методы, такие как правила сумм квантовой хромодинамики, $1 / N_{c}$-разложение, решеточный и квазиклассич. подходы.

Правила сумм К. х. основаны на использовании кваркадронной дуальности дисперсионных соотношений и операторного разложения на малых расстояниях. В рамках этого подхода статич. параметры низколежащих адронов могут быть приближенно выражены через так наз. в а ку у м ны е ко нд е н с а ты - вакуумные средние калибровочно инвариантных локальных операторов, составленных из кварковых и глюонных полей. Численные значения вакуумных конденсатов рассматриваются как феноменологич. параметры, связанные со сложной структурой физич. вакуума К. х. В обычном подходе, опираюшемся на теорию возмущений, эти средние равны нулю. В результате применения правил сумм К. х. оказывается, что массы, электромагнитные и слабые ширины основных мезонных и барионных резонансов могут быть найдены с точностью порядка 20-30\%, исходя всего из двух вакуумных конденсатов кваркового $\langle\vec{q}, q\rangle$ и глюонного $\left\langle G_{\mu \nu}^{a}, G_{\mu \nu}^{a}\right\rangle$. Более того, метод правил сумм К. х. в последнее время с успехом используется для изучения электромагнитных формфакторов адронов при малых и умеренных импульсных передачах, то есть при $Q$ порядка нескольких ГэВ/с.

Исследование К. х. в рамках квазиклассич. подхода привело к открытию инстантонов - решений уравнений Янга-Миллса, рассматриваемых в евклидовом пространстве-времени. Учет инстантонов позволяет найти на качественном уровне решение так наз. $U(1)$-проблемы (существенно большая масса $\eta^{\prime}$-мезона по сравнению с массой $\pi$-мезона) и естественно объясняет существование глюонного конденсата. Инстантонные решения непосредственно связаны со сложной структурой физич. вакуума в К. х. Дело в том, что функционал потенциальной энергии полей Янга-Миллса имеет бесконечное количество минимумов, получающихся друг из друга калибровочным преобразованием с параметрами $\omega^{a}(x)$, неубывающими на пространственной бесконечности, и разделенных потенциальным барьером. Инстантонные решения описывают тунелирование через этот барьер, вероятность к-рого имеет порядок $\sim e^{-4 \pi / \alpha_{s}}$. Вакуум К.х. оказывается инвариантным относительно рассматриваемого калибровочного преобразования с точностью до фазового множителя $e^{i \theta}$. Отличие от нуля параметра $\theta$ можно эффективно учесть с помощью добавления к лагранжиану (4) нового члена, имеющего вид полной дивергенции:

\[
\mathscr{L}_{\mathrm{K} . \mathrm{x} .}=\mathscr{L}_{\mathrm{K} . \mathrm{x} .}^{\mathrm{eff}}+i \theta G_{\mu \nu}^{a} G_{\alpha \beta}^{a} \varepsilon_{\mu \nu \alpha \beta},
\]

где $\varepsilon_{\mu v \alpha \beta}-$ полностью антисимметричный тензор четвертого ранга с $\varepsilon_{0123}=-1$. При $\theta \neq 0$ лагранжиан (7) является CP-инвариантным. Из ограничения на величину электрич. дипольного момента нейтрона следует, что $|\theta| \leqslant 10^{-9}$. До сих пор нет окончательного ответа на вопрос о причинах такой малости параметра $\theta$ (проблема $C P$-сохранения в K. х.).

В рамках решеточного приближения к К. х. основные величины представляются в виде континуальных интегралов, к-рые аппроксимируются повторными интегралами высокой кратности. Последние, в свою очередь, приближенно вычисляются с использованием метода Монте-Карло. Несмотря на нек-рые проблемы, связанные с быстродействием и объемом памяти современных ЭВМ, и ряд технич. трудностей (корректный учет фермионных степе- ней свободы), к настояшему времени в рамках решеточного подхода получены важные физич. результаты. В частности, с 30\%-й точностью рассчитаны значения масс нек-рых адронов, их констант распада, а также величины кварковых и глюонных конденсатов.

Суть метода $1 / N_{c}$-разложения состоит в построении новой теории возмущений, использующей величину $1 / N_{c}$, где $N_{c}$ - число цветов (в реальном случае $N_{c}=3$ ), в качестве малого параметра. Ведущее приближение соответствует формальному переходу $N_{c} \rightarrow \infty$ в К. х. В этом приближении оказывается возможным при определенных предположениях вывести из К. х. эффективный низкоэнергетичный нелинейный лагранжиан, к-рый совпадает с феноменологич. мезонным лагранжианом, предлагавшимся ранее для описания адронных явлений в области низких энергий. Более того, этот лагранжиан допускает топологически нетривиальные решения - солитоны, причем свойства этих решений позволяют отождествить их с барионами.

Суммируя вышесказанное, можно с большой долей уверенности утверждать, что, несмотря на ряд еще не до конца решенных принципиальных вопросов, все адронные процессы могут быть описаны на основе единого лагранжиана (4) и, следовательно, К. х. является адекватной теорией сильных взаимодействий.

В настоящее время К. х. рассматривается как часть единой теории слабых, электромагнитных и сильных взаимодействий (см. Великое объединение взаимодействий).

Jum.: [1] Ge11 - Mann M., «Phys. Lett.», 1964, v. 8, p. 214-15; [2] Боголюбов Н. Н., Струминский Б. В., Тавхелидз е А. Н., К вопросу о составных моделях в теории элементарных частиц, Дубна, 1965; [3] Богол юбов Н. Н. [и др.], Релятивистски-инвариантные уравнения для составных частиц и формфакторы, Дубна, 1965; [4] H a n M., N a mbu Y., «Phys. Rev.», 1965, v. 139, p. 1006-10; [5] Stueckelberg E., Petermann A., &quot;Helv. phys. acta», 1953, v. 26, p. 499-520; [6] Боголюбов Н. Н., Ши рко в Д. В., “Доклады АН СССР», 1955, т. 103, с. 391-94; [7] Matveev V., Muradyan R., Tavkhelidze A., «Lett. Nuovo Cim.», 1973, v. 7, p. 719-23. К. Г. Четыркин.
</text_orig>
</article>
