<?xml version="1.0" ?>
<article uri="http://libmeta.ru/fme/article/1180_KVANTOVAJa">
  <title>КВАНТОВАЯ ЭВОЛЮЦИЯ</title>
  <authors/>
  <title_short/>
  <pages>
    <start>254</start>
    <end>254</end>
  </pages>
  <literature>
    <literature_orig/>
  </literature>
  <formulas_main/>
  <formulas_aux>
    <formula uri="http://libmeta.ru/fme/formula/aux/1180_1_KVANTOVAJa">\sigma_{t}</formula>
    <formula uri="http://libmeta.ru/fme/formula/aux/1180_2_KVANTOVAJa">C^{*}</formula>
    <formula uri="http://libmeta.ru/fme/formula/aux/1180_3_KVANTOVAJa">\mathfrak{A}</formula>
    <formula uri="http://libmeta.ru/fme/formula/aux/1180_4_KVANTOVAJa">\sigma_{t}(a)=</formula>
    <formula uri="http://libmeta.ru/fme/formula/aux/1180_5_KVANTOVAJa">=\left\langle\xi \mid \pi_{t}(a) \xi\right\rangle</formula>
    <formula uri="http://libmeta.ru/fme/formula/aux/1180_6_KVANTOVAJa">\pi_{t}(a)=U_{t}^{*} a U_{t}</formula>
    <formula uri="http://libmeta.ru/fme/formula/aux/1180_7_KVANTOVAJa">\mathfrak{A}=\mathscr{B}(\boldsymbol{H})</formula>
    <formula uri="http://libmeta.ru/fme/formula/aux/1180_8_KVANTOVAJa">U_{t}</formula>
    <formula uri="http://libmeta.ru/fme/formula/aux/1180_9_KVANTOVAJa">\pi_{0}: \mathfrak{\mathscr { A }} \rightarrow \mathscr{B}(H)</formula>
    <formula uri="http://libmeta.ru/fme/formula/aux/1180_10_KVANTOVAJa">\mathscr{\mathscr { X }}</formula>
    <formula uri="http://libmeta.ru/fme/formula/aux/1180_11_KVANTOVAJa">C^{*}</formula>
    <formula uri="http://libmeta.ru/fme/formula/aux/1180_12_KVANTOVAJa">\mathscr{B}(H)</formula>
    <formula uri="http://libmeta.ru/fme/formula/aux/1180_13_KVANTOVAJa">U_{t}=V_{0}^{t}</formula>
    <formula uri="http://libmeta.ru/fme/formula/aux/1180_14_KVANTOVAJa">V_{t}^{s} V_{r}^{t}=V_{r}^{s}, r \leqslant t \leqslant s</formula>
    <formula uri="http://libmeta.ru/fme/formula/aux/1180_15_KVANTOVAJa">\left\{\Theta_{t}^{s} \mid s \geqslant t\right\}</formula>
    <formula uri="http://libmeta.ru/fme/formula/aux/1180_16_KVANTOVAJa">\sigma_{t} \mapsto \sigma_{t} \circ \Theta_{t}^{s}</formula>
    <formula uri="http://libmeta.ru/fme/formula/aux/1180_17_KVANTOVAJa">\Theta_{t}^{s}: \mathfrak{A} \rightarrow \mathfrak{A}</formula>
    <formula uri="http://libmeta.ru/fme/formula/aux/1180_18_KVANTOVAJa">\Theta_{r}^{t} \Theta_{t}^{S}=\Theta_{r}^{s}</formula>
    <formula uri="http://libmeta.ru/fme/formula/aux/1180_19_KVANTOVAJa">\begin{array}{ll}\text { p. 119-30. } &amp;amp;amp; \text { В. П. Белавкин. }\end{array}</formula>
  </formulas_aux>
  <relations/>
  <text> - описание изменения во времени квантового состояния, определяющего временную зависимость функционала $URI[[http://libmeta.ru/fme/formula/aux/1180_1_KVANTOVAJa]]/URI$ математического ожидания на $URI[[http://libmeta.ru/fme/formula/aux/1180_2_KVANTOVAJa]]/URI$-алгебре квантовой системы $URI[[http://libmeta.ru/fme/formula/aux/1180_3_KVANTOVAJa]]/URI$, имеющего вид $URI[[http://libmeta.ru/fme/formula/aux/1180_4_KVANTOVAJa]]/URI$ $URI[[http://libmeta.ru/fme/formula/aux/1180_5_KVANTOVAJa]]/URI$. Консервативная эволюция замкнутой квантовой системы определяется представлениями Гейзенберга $URI[[http://libmeta.ru/fme/formula/aux/1180_6_KVANTOVAJa]]/URI$ алгебры $URI[[http://libmeta.ru/fme/formula/aux/1180_7_KVANTOVAJa]]/URI$, описываемыми изометрич. (унитарными) пропагаторами $URI[[http://libmeta.ru/fme/formula/aux/1180_8_KVANTOVAJa]]/URI$ на гильбертовом пространстве H. Стохастич. эволюция квантовой открытой системы определяется пропагаторами в пространстве на- чального представления $URI[[http://libmeta.ru/fme/formula/aux/1180_9_KVANTOVAJa]]/URI$ алгебры $URI[[http://libmeta.ru/fme/formula/aux/1180_10_KVANTOVAJa]]/URI$ в $URI[[http://libmeta.ru/fme/formula/aux/1180_11_KVANTOVAJa]]/URI$ алгебре «болышой системы» $URI[[http://libmeta.ru/fme/formula/aux/1180_12_KVANTOVAJa]]/URI$. Пропагаторы $URI[[http://libmeta.ru/fme/formula/aux/1180_13_KVANTOVAJa]]/URI$ квантовых динамич. систем удовлетворяют квантовому эволюционному уравнению $URI[[http://libmeta.ru/fme/formula/aux/1180_14_KVANTOVAJa]]/URI$, дифференциальная форма к-рого называется уравне нием Шре д и н г е р а. Марковская К. э. описывается двухпараметрич. семейством $URI[[http://libmeta.ru/fme/formula/aux/1180_15_KVANTOVAJa]]/URI$ переходных отображений $URI[[http://libmeta.ru/fme/formula/aux/1180_16_KVANTOVAJa]]/URI$, определяемых как сопряженные к линейным вполне положительным нормированным отображениям $URI[[http://libmeta.ru/fme/formula/aux/1180_17_KVANTOVAJa]]/URI$, определяющим квантовую регрессию квантового марковского процесса. Установлена дифференциальная форма обобщенного эволюционного уравнения Колмогорова-Чепмена $URI[[http://libmeta.ru/fme/formula/aux/1180_18_KVANTOVAJa]]/URI$ (см. [1]).

Jum.: [1] Lindblad G., &amp;amp;quot;Comm. Math. Phys.», 1976, v. 48, № 1, $URI[[http://libmeta.ru/fme/formula/aux/1180_19_KVANTOVAJa]]/URI$</text>
  <text_orig> - описание изменения во времени квантового состояния, определяющего временную зависимость функционала $\sigma_{t}$ математического ожидания на $C^{*}$-алгебре квантовой системы $\mathfrak{A}$, имеющего вид $\sigma_{t}(a)=$ $=\left\langle\xi \mid \pi_{t}(a) \xi\right\rangle$. Консервативная эволюция замкнутой квантовой системы определяется представлениями Гейзенберга $\pi_{t}(a)=U_{t}^{*} a U_{t}$ алгебры $\mathfrak{A}=\mathscr{B}(\boldsymbol{H})$, описываемыми изометрич. (унитарными) пропагаторами $U_{t}$ на гильбертовом пространстве H. Стохастич. эволюция квантовой открытой системы определяется пропагаторами в пространстве на- чального представления $\pi_{0}: \mathfrak{\mathscr { A }} \rightarrow \mathscr{B}(H)$ алгебры $\mathscr{\mathscr { X }}$ в $C^{*}$ алгебре «болышой системы» $\mathscr{B}(H)$. Пропагаторы $U_{t}=V_{0}^{t}$ квантовых динамич. систем удовлетворяют квантовому эволюционному уравнению $V_{t}^{s} V_{r}^{t}=V_{r}^{s}, r \leqslant t \leqslant s$, дифференциальная форма к-рого называется уравне нием Шре д и н г е р а. Марковская К. э. описывается двухпараметрич. семейством $\left\{\Theta_{t}^{s} \mid s \geqslant t\right\}$ переходных отображений $\sigma_{t} \mapsto \sigma_{t} \circ \Theta_{t}^{s}$, определяемых как сопряженные к линейным вполне положительным нормированным отображениям $\Theta_{t}^{s}: \mathfrak{A} \rightarrow \mathfrak{A}$, определяющим квантовую регрессию квантового марковского процесса. Установлена дифференциальная форма обобщенного эволюционного уравнения Колмогорова-Чепмена $\Theta_{r}^{t} \Theta_{t}^{S}=\Theta_{r}^{s}$ (см. [1]).

Jum.: [1] Lindblad G., &amp;amp;quot;Comm. Math. Phys.», 1976, v. 48, № 1, $\begin{array}{ll}\text { p. 119-30. } &amp;amp;amp; \text { В. П. Белавкин. }\end{array}$</text_orig>
</article>
