<?xml version="1.0" ?>
<article uri="http://libmeta.ru/fme/article/1182_KVANTOVAJa" alphabetic_pos="1184">
  <title>КВАНТОВАЯ ЭВОЛЮЦИЯ</title>
  <authors/>
  <pages>
    <start>254</start>
    <end>254</end>
  </pages>
  <literature>
    <literature_orig>Jum.: [1] Lindblad G., &quot;comm. Math. Phys.», 1976, v. 48, № 1, $\begin{array}{ll}\text { p. 119-30. } &amp; \text { В. П. Белавкин. }\end{array}$</literature_orig>
    <unit>
      <author>Lindblad G.</author>
      <title>&quot;comm. Math. Phys.»</title>
      <publication/>
      <year>1976</year>
      <other>v. 48, № 1, $\begin{array}{ll}\text { p. 119-30. } &amp; \text { В. П. Белавкин. }\end{array}$</other>
    </unit>
  </literature>
  <formulas_main/>
  <formulas_aux>
    <formula uri="http://libmeta.ru/fme/formula/aux/1182_1_KVANTOVAJa">\sigma_{t}</formula>
    <formula uri="http://libmeta.ru/fme/formula/aux/1182_2_KVANTOVAJa">c^{*}</formula>
    <formula uri="http://libmeta.ru/fme/formula/aux/1182_3_KVANTOVAJa">\mathfrak{a}</formula>
    <formula uri="http://libmeta.ru/fme/formula/aux/1182_4_KVANTOVAJa">\sigma_{t}(a)=</formula>
    <formula uri="http://libmeta.ru/fme/formula/aux/1182_5_KVANTOVAJa">=\left\langle\xi \mid \pi_{t}(a) \xi\right\rangle</formula>
    <formula uri="http://libmeta.ru/fme/formula/aux/1182_6_KVANTOVAJa">\pi_{t}(a)=u_{t}^{*} a U_{t}</formula>
    <formula uri="http://libmeta.ru/fme/formula/aux/1182_7_KVANTOVAJa">\mathfrak{a}=\mathscr{b}(\boldsymbol{h})</formula>
    <formula uri="http://libmeta.ru/fme/formula/aux/1182_8_KVANTOVAJa">u_{t}</formula>
    <formula uri="http://libmeta.ru/fme/formula/aux/1182_9_KVANTOVAJa">\pi_{0}: \mathfrak{\mathscr { A }} \rightarrow \mathscr{B}(H)</formula>
    <formula uri="http://libmeta.ru/fme/formula/aux/1182_10_KVANTOVAJa">\mathscr{\mathscr { X }}</formula>
    <formula uri="http://libmeta.ru/fme/formula/aux/1182_11_KVANTOVAJa">c^{*}</formula>
    <formula uri="http://libmeta.ru/fme/formula/aux/1182_12_KVANTOVAJa">\mathscr{b}(h)</formula>
    <formula uri="http://libmeta.ru/fme/formula/aux/1182_13_KVANTOVAJa">u_{t}=v_{0}^{t}</formula>
    <formula uri="http://libmeta.ru/fme/formula/aux/1182_14_KVANTOVAJa">v_{t}^{s} V_{r}^{t}=V_{r}^{s}, r \leqslant t \leqslant s</formula>
    <formula uri="http://libmeta.ru/fme/formula/aux/1182_15_KVANTOVAJa">\left\{\theta_{t}^{s} \mid s \geqslant t\right\}</formula>
    <formula uri="http://libmeta.ru/fme/formula/aux/1182_16_KVANTOVAJa">\sigma_{t} \mapsto \sigma_{t} \circ \Theta_{t}^{s}</formula>
    <formula uri="http://libmeta.ru/fme/formula/aux/1182_17_KVANTOVAJa">\theta_{t}^{s}: \mathfrak{A} \rightarrow \mathfrak{A}</formula>
    <formula uri="http://libmeta.ru/fme/formula/aux/1182_18_KVANTOVAJa">\theta_{r}^{t} \Theta_{t}^{S}=\Theta_{r}^{s}</formula>
  </formulas_aux>
  <relations n="16">
    <relation uri="http://libmeta.ru/fme/relation/1182_1_KVANTOVAJa">
      <rel_text>уравнения Колмогорова-Чепмена</rel_text>
      <target>http://libmeta.ru/fme/article/1302_KOLMOGOROVA-ChEPMENA</target>
    </relation>
    <relation uri="http://libmeta.ru/fme/relation/1182_2_KVANTOVAJa">
      <rel_text>дифференциальная форма</rel_text>
      <target>http://libmeta.ru/fme/article/870_DIFFERENTsIAL'NAJa</target>
    </relation>
    <relation uri="http://libmeta.ru/fme/relation/1182_3_KVANTOVAJa">
      <rel_text>квантового марковского процесса</rel_text>
      <target>http://libmeta.ru/fme/article/1204_KVANTOVYJ</target>
    </relation>
    <relation uri="http://libmeta.ru/fme/relation/1182_4_KVANTOVAJa">
      <rel_text>квантовую регрессию</rel_text>
      <target>http://libmeta.ru/fme/article/1174_KVANTOVAJa</target>
    </relation>
    <relation uri="http://libmeta.ru/fme/relation/1182_5_KVANTOVAJa">
      <rel_text>вполне положительным</rel_text>
      <target>http://libmeta.ru/fme/article/455_VPOLNE</target>
    </relation>
    <relation uri="http://libmeta.ru/fme/relation/1182_6_KVANTOVAJa">
      <rel_text>переходных отображений</rel_text>
      <target>http://libmeta.ru/fme/article/2217_PEREHODNOE</target>
    </relation>
    <relation uri="http://libmeta.ru/fme/relation/1182_7_KVANTOVAJa">
      <rel_text>дифференциальная форма</rel_text>
      <target>http://libmeta.ru/fme/article/870_DIFFERENTsIAL'NAJa</target>
    </relation>
    <relation uri="http://libmeta.ru/fme/relation/1182_8_KVANTOVAJa">
      <rel_text>динамич</rel_text>
      <target>http://libmeta.ru/fme/article/816_DINAMIK</target>
    </relation>
    <relation uri="http://libmeta.ru/fme/relation/1182_9_KVANTOVAJa">
      <rel_text>алгебре</rel_text>
      <target>http://libmeta.ru/fme/article/47_ALGEBR</target>
    </relation>
    <relation uri="http://libmeta.ru/fme/relation/1182_10_KVANTOVAJa">
      <rel_text>алгебры</rel_text>
      <target>http://libmeta.ru/fme/article/47_ALGEBR</target>
    </relation>
    <relation uri="http://libmeta.ru/fme/relation/1182_11_KVANTOVAJa">
      <rel_text>квантовой открытой системы</rel_text>
      <target>http://libmeta.ru/fme/article/1172_KVANTOVAJa</target>
    </relation>
    <relation uri="http://libmeta.ru/fme/relation/1182_12_KVANTOVAJa">
      <rel_text>гильбертовом пространстве</rel_text>
      <target>http://libmeta.ru/fme/article/623_GIL'BERTOVO</target>
    </relation>
    <relation uri="http://libmeta.ru/fme/relation/1182_13_KVANTOVAJa">
      <rel_text>изометрич</rel_text>
      <target>http://libmeta.ru/fme/article/978_IZOMORFIZ</target>
    </relation>
    <relation uri="http://libmeta.ru/fme/relation/1182_14_KVANTOVAJa">
      <rel_text>алгебры</rel_text>
      <target>http://libmeta.ru/fme/article/47_ALGEBR</target>
    </relation>
    <relation uri="http://libmeta.ru/fme/relation/1182_15_KVANTOVAJa">
      <rel_text>функционала</rel_text>
      <target>http://libmeta.ru/fme/article/3318_FUNKTsIONA</target>
    </relation>
    <relation uri="http://libmeta.ru/fme/relation/1182_16_KVANTOVAJa">
      <rel_text>состояния</rel_text>
      <target>http://libmeta.ru/fme/article/2867_SOSTOJaNI</target>
    </relation>
  </relations>
  <text>описание изменения во времени квантового URI[[http://libmeta.ru/fme/relation/1182_16_KVANTOVAJa]]/URI, определяющего временную зависимость URI[[http://libmeta.ru/fme/relation/1182_15_KVANTOVAJa]]/URI $URI[[http://libmeta.ru/fme/formula/aux/1182_1_KVANTOVAJa]]/URI$ математического ожидания на $URI[[http://libmeta.ru/fme/formula/aux/1182_2_KVANTOVAJa]]/URI$-алгебре квантовой системы $URI[[http://libmeta.ru/fme/formula/aux/1182_3_KVANTOVAJa]]/URI$, имеющего вид $URI[[http://libmeta.ru/fme/formula/aux/1182_4_KVANTOVAJa]]/URI$ $URI[[http://libmeta.ru/fme/formula/aux/1182_5_KVANTOVAJa]]/URI$. Консервативная эволюция замкнутой квантовой системы определяется представлениями Гейзенберга $URI[[http://libmeta.ru/fme/formula/aux/1182_6_KVANTOVAJa]]/URI$ URI[[http://libmeta.ru/fme/relation/1182_14_KVANTOVAJa]]/URI $URI[[http://libmeta.ru/fme/formula/aux/1182_7_KVANTOVAJa]]/URI$, описываемыми URI[[http://libmeta.ru/fme/relation/1182_13_KVANTOVAJa]]/URI. (унитарными) пропагаторами $URI[[http://libmeta.ru/fme/formula/aux/1182_8_KVANTOVAJa]]/URI$ на URI[[http://libmeta.ru/fme/relation/1182_12_KVANTOVAJa]]/URI H. Стохастич. эволюция URI[[http://libmeta.ru/fme/relation/1182_11_KVANTOVAJa]]/URI определяется пропагаторами в пространстве на- чального представления $URI[[http://libmeta.ru/fme/formula/aux/1182_9_KVANTOVAJa]]/URI$ URI[[http://libmeta.ru/fme/relation/1182_10_KVANTOVAJa]]/URI $URI[[http://libmeta.ru/fme/formula/aux/1182_10_KVANTOVAJa]]/URI$ в $URI[[http://libmeta.ru/fme/formula/aux/1182_11_KVANTOVAJa]]/URI$ URI[[http://libmeta.ru/fme/relation/1182_9_KVANTOVAJa]]/URI «большой системы» $URI[[http://libmeta.ru/fme/formula/aux/1182_12_KVANTOVAJa]]/URI$. Пропагаторы $URI[[http://libmeta.ru/fme/formula/aux/1182_13_KVANTOVAJa]]/URI$ квантовых URI[[http://libmeta.ru/fme/relation/1182_8_KVANTOVAJa]]/URI. систем удовлетворяют квантовому эволюционному уравнению $URI[[http://libmeta.ru/fme/formula/aux/1182_14_KVANTOVAJa]]/URI$, URI[[http://libmeta.ru/fme/relation/1182_7_KVANTOVAJa]]/URI к-рого называется уравне нием Шре д и н г е р а. Марковская К. э. описывается двухпараметрич. семейством $URI[[http://libmeta.ru/fme/formula/aux/1182_15_KVANTOVAJa]]/URI$ URI[[http://libmeta.ru/fme/relation/1182_6_KVANTOVAJa]]/URI $URI[[http://libmeta.ru/fme/formula/aux/1182_16_KVANTOVAJa]]/URI$, определяемых как сопряженные к линейным URI[[http://libmeta.ru/fme/relation/1182_5_KVANTOVAJa]]/URI нормированным отображениям $URI[[http://libmeta.ru/fme/formula/aux/1182_17_KVANTOVAJa]]/URI$, определяющим URI[[http://libmeta.ru/fme/relation/1182_4_KVANTOVAJa]]/URI URI[[http://libmeta.ru/fme/relation/1182_3_KVANTOVAJa]]/URI. Установлена URI[[http://libmeta.ru/fme/relation/1182_2_KVANTOVAJa]]/URI обобщенного эволюционного URI[[http://libmeta.ru/fme/relation/1182_1_KVANTOVAJa]]/URI $URI[[http://libmeta.ru/fme/formula/aux/1182_18_KVANTOVAJa]]/URI$ (см. [1]).</text>
  <text_orig>описание изменения во времени квантового состояния, определяющего временную зависимость функционала $\sigma_{t}$ математического ожидания на $C^{*}$-алгебре квантовой системы $\mathfrak{A}$, имеющего вид $\sigma_{t}(a)=$ $=\left\langle\xi \mid \pi_{t}(a) \xi\right\rangle$. Консервативная эволюция замкнутой квантовой системы определяется представлениями Гейзенберга $\pi_{t}(a)=U_{t}^{*} a U_{t}$ алгебры $\mathfrak{A}=\mathscr{B}(\boldsymbol{H})$, описываемыми изометрич. (унитарными) пропагаторами $U_{t}$ на гильбертовом пространстве H. Стохастич. эволюция квантовой открытой системы определяется пропагаторами в пространстве на- чального представления $\pi_{0}: \mathfrak{\mathscr { A }} \rightarrow \mathscr{B}(H)$ алгебры $\mathscr{\mathscr { X }}$ в $C^{*}$ алгебре «болышой системы» $\mathscr{B}(H)$. Пропагаторы $U_{t}=V_{0}^{t}$ квантовых динамич. систем удовлетворяют квантовому эволюционному уравнению $V_{t}^{s} V_{r}^{t}=V_{r}^{s}, r \leqslant t \leqslant s$, дифференциальная форма к-рого называется уравне нием Шре д и н г е р а. Марковская К. э. описывается двухпараметрич. семейством $\left\{\Theta_{t}^{s} \mid s \geqslant t\right\}$ переходных отображений $\sigma_{t} \mapsto \sigma_{t} \circ \Theta_{t}^{s}$, определяемых как сопряженные к линейным вполне положительным нормированным отображениям $\Theta_{t}^{s}: \mathfrak{A} \rightarrow \mathfrak{A}$, определяющим квантовую регрессию квантового марковского процесса. Установлена дифференциальная форма обобщенного эволюционного уравнения Колмогорова-Чепмена $\Theta_{r}^{t} \Theta_{t}^{S}=\Theta_{r}^{s}$ (см. [1]).

Jum.: [1] Lindblad G., &quot;Comm. Math. Phys.», 1976, v. 48, № 1, $\begin{array}{ll}\text { p. 119-30. } &amp; \text { В. П. Белавкин. }\end{array}$</text_orig>
</article>
