<?xml version="1.0" ?>
<article uri="http://libmeta.ru/fme/article/1183_KVANTOVAJa" alphabetic_pos="1185">
  <title>КВАНТОВАЯ ЭЛЕКТРОДИНАМИКА</title>
  <authors>
    <author>Д. И. Казаков</author>
    <author>Д. В. Ширков</author>
  </authors>
  <title_short/>
  <pages>
    <start>254</start>
    <end>256</end>
  </pages>
  <literature>
    <literature_orig>Лит.: [1] А хи ез е р А.И., Бе р с тецки й В.Б., Квантовая электродинамика, 4 изд., М., 1981; [2] Бе рестецкий В. Б., Л и фш и ц Е. М., П и т а в ск и й Л. П., Релятивистская квантовая электродинамика, 2 изд., М., 1980; [3] Бо го л ю бо в Н. Н., Ш и р к о в Д. В., Введение в теорию квантованных полей, 4 изд., М., 1984; [4] Ф е й н м а н Р., Квантовая электродинамика, пер. с англ., М., 1964.</literature_orig>
    <unit>
      <author>Ахиезер А. И.</author>
      <author>Берстецкий В. Б.</author>
      <title>Квантовая электродинамика</title>
      <publication>4 изд., М.</publication>
      <year>1981</year>
      <other/>
    </unit>
    <unit>
      <author>Берестецкий В. Б.</author>
      <author>Лифшиц Е. М.</author>
      <author>Питавский Л. П.</author>
      <title>Релятивистская квантовая электродинамика</title>
      <publication>2 изд., М.</publication>
      <year>1980</year>
      <other/>
    </unit>
    <unit>
      <author>Боголюбов Н. Н.</author>
      <author>Ширков Д. В.</author>
      <title>Введение в теорию квантованных полей</title>
      <publication>4 изд., М.</publication>
      <year>1984</year>
      <other/>
    </unit>
    <unit>
      <author>Фейнман Р.</author>
      <title>Квантовая электродинамика</title>
      <publication>пер. с англ., М.</publication>
      <year>1964</year>
      <other/>
    </unit>
  </literature>
  <formulas_main>
    <formula uri="http://libmeta.ru/fme/formula/main/1183_1_KVANTOVAJa">E_{i}=F_{0 i}, B_{i}=\varepsilon_{i j k} F_{j k}, i, j, k=1,2,3 \text {, }</formula>
    <formula uri="http://libmeta.ru/fme/formula/main/1183_2_KVANTOVAJa">\begin{aligned}L(x)= &amp; -1 / 4 F_{\mu v}(x) F^{\mu \nu}(x)+\bar{\psi}(x) \gamma^{\mu}\left(i \partial_{\mu}+\right. \\&amp; \left.+e A_{\mu}(x)\right) \psi(x)-m \bar{\psi}(x) \psi(x),\end{aligned}</formula>
    <formula uri="http://libmeta.ru/fme/formula/main/1183_3_KVANTOVAJa">\left.\begin{array}{c}\psi(x) \rightarrow e^{i e \lambda(x)} \psi(x), \bar{\psi}(x) \rightarrow \bar{\psi}(x) e^{-i e \lambda(x)}, \\A_{\mu}(x) \rightarrow A_{\mu}(x)+\partial_{\mu} \lambda(x),\end{array}\right\}</formula>
    <formula uri="http://libmeta.ru/fme/formula/main/1183_4_KVANTOVAJa">\left.\begin{array}{c}\partial_{\mu} F^{\mu \nu}(x)=e j^{\vee}(x) \\\left(i \gamma^{\mu} \partial_{\mu}-m\right) \psi(x)=e \gamma^{\mu} A_{\mu}(x) \psi(x)\end{array}\right\}</formula>
    <formula uri="http://libmeta.ru/fme/formula/main/1183_5_KVANTOVAJa">\alpha_{\mathrm{T}}=1,15965246(15) \cdot 10^{-3} \text {, }</formula>
    <formula uri="http://libmeta.ru/fme/formula/main/1183_6_KVANTOVAJa">\alpha_{э}=1,15965220(4) \cdot 10^{-3}</formula>
  </formulas_main>
  <formulas_aux>
    <formula uri="http://libmeta.ru/fme/formula/aux/1183_1_KVANTOVAJa">a_{\mu}(x), \mu=0,1,2,3 ; x-</formula>
    <formula uri="http://libmeta.ru/fme/formula/aux/1183_2_KVANTOVAJa">a_{\mu}(x)</formula>
    <formula uri="http://libmeta.ru/fme/formula/aux/1183_3_KVANTOVAJa">f_{\mu v}(x)=\partial_{\mu} A_{v}-\partial_{v} A_{\mu}</formula>
    <formula uri="http://libmeta.ru/fme/formula/aux/1183_4_KVANTOVAJa">\partial_{\mu}=\partial / \partial x_{\mu}</formula>
    <formula uri="http://libmeta.ru/fme/formula/aux/1183_5_KVANTOVAJa">\varepsilon_{i j k}-</formula>
    <formula uri="http://libmeta.ru/fme/formula/aux/1183_6_KVANTOVAJa">\psi_{\alpha}(x), \bar{\psi}_{\beta}(x), \alpha, \beta=1,2,3,4</formula>
    <formula uri="http://libmeta.ru/fme/formula/aux/1183_7_KVANTOVAJa">\gamma^{\mu}</formula>
    <formula uri="http://libmeta.ru/fme/formula/aux/1183_8_KVANTOVAJa">e</formula>
    <formula uri="http://libmeta.ru/fme/formula/aux/1183_9_KVANTOVAJa">m-</formula>
    <formula uri="http://libmeta.ru/fme/formula/aux/1183_10_KVANTOVAJa">\lambda(x)-</formula>
    <formula uri="http://libmeta.ru/fme/formula/aux/1183_11_KVANTOVAJa">a_{\mu}</formula>
    <formula uri="http://libmeta.ru/fme/formula/aux/1183_12_KVANTOVAJa">a_{\mu}, \psi</formula>
    <formula uri="http://libmeta.ru/fme/formula/aux/1183_13_KVANTOVAJa">\bar{\psi}</formula>
    <formula uri="http://libmeta.ru/fme/formula/aux/1183_14_KVANTOVAJa">j^{v}(x)=\bar{\psi}(x) \gamma^{v} \psi(x)</formula>
    <formula uri="http://libmeta.ru/fme/formula/aux/1183_15_KVANTOVAJa">a, \psi, \bar{\psi}</formula>
    <formula uri="http://libmeta.ru/fme/formula/aux/1183_16_KVANTOVAJa">a</formula>
    <formula uri="http://libmeta.ru/fme/formula/aux/1183_17_KVANTOVAJa">\psi</formula>
    <formula uri="http://libmeta.ru/fme/formula/aux/1183_18_KVANTOVAJa">a, \psi, \bar{\psi}</formula>
    <formula uri="http://libmeta.ru/fme/formula/aux/1183_19_KVANTOVAJa">a_{\mu}</formula>
    <formula uri="http://libmeta.ru/fme/formula/aux/1183_20_KVANTOVAJa">a_{\mu}</formula>
    <formula uri="http://libmeta.ru/fme/formula/aux/1183_21_KVANTOVAJa">a_{\mu}</formula>
    <formula uri="http://libmeta.ru/fme/formula/aux/1183_22_KVANTOVAJa">\partial^{\mu} A_{\mu}=0</formula>
    <formula uri="http://libmeta.ru/fme/formula/aux/1183_23_KVANTOVAJa">a_{\mu}</formula>
    <formula uri="http://libmeta.ru/fme/formula/aux/1183_24_KVANTOVAJa">\alpha=e^{2} / \hbar c \approx 1 / 137</formula>
    <formula uri="http://libmeta.ru/fme/formula/aux/1183_25_KVANTOVAJa">m</formula>
    <formula uri="http://libmeta.ru/fme/formula/aux/1183_26_KVANTOVAJa">\alpha</formula>
    <formula uri="http://libmeta.ru/fme/formula/aux/1183_27_KVANTOVAJa">m \alpha \alpha</formula>
    <formula uri="http://libmeta.ru/fme/formula/aux/1183_28_KVANTOVAJa">\alpha</formula>
    <formula uri="http://libmeta.ru/fme/formula/aux/1183_29_KVANTOVAJa">40-\mathrm{x}</formula>
    <formula uri="http://libmeta.ru/fme/formula/aux/1183_30_KVANTOVAJa">e</formula>
    <formula uri="http://libmeta.ru/fme/formula/aux/1183_31_KVANTOVAJa">m</formula>
    <formula uri="http://libmeta.ru/fme/formula/aux/1183_32_KVANTOVAJa">e_{0}</formula>
    <formula uri="http://libmeta.ru/fme/formula/aux/1183_33_KVANTOVAJa">m_{0}</formula>
    <formula uri="http://libmeta.ru/fme/formula/aux/1183_34_KVANTOVAJa">\alpha</formula>
    <formula uri="http://libmeta.ru/fme/formula/aux/1183_35_KVANTOVAJa">10^{-10}</formula>
    <formula uri="http://libmeta.ru/fme/formula/aux/1183_36_KVANTOVAJa">10^{-11}</formula>
    <formula uri="http://libmeta.ru/fme/formula/aux/1183_37_KVANTOVAJa">\alpha</formula>
  </formulas_aux>
  <relations>
    <relation uri="http://libmeta.ru/fme/relation/1183_1_KVANTOVAJa">
      <rel_text>Фейнмана диаграммы</rel_text>
      <target>http://libmeta.ru/fme/article/3257_FEJNMANA</target>
    </relation>
    <relation uri="http://libmeta.ru/fme/relation/1183_2_KVANTOVAJa">
      <rel_text>Ультрафиолетовая расходимость</rel_text>
      <target>http://libmeta.ru/fme/article/3170_UL'TRAFIOLETOVAJa</target>
    </relation>
    <relation uri="http://libmeta.ru/fme/relation/1183_3_KVANTOVAJa">
      <rel_text>Перестановочные соотношения</rel_text>
      <target>http://libmeta.ru/fme/article/2211_PERESTANOVOChNYE</target>
    </relation>
    <relation uri="http://libmeta.ru/fme/relation/1183_1_KVANTOVAJa">
      <rel_text>эксперименту</rel_text>
      <target>http://libmeta.ru/fme/article/1315_KOMMUTATsII</target>
    </relation>
    <relation uri="http://libmeta.ru/fme/relation/1183_2_KVANTOVAJa">
      <rel_text>области</rel_text>
      <target>http://libmeta.ru/fme/article/2006_OBLAST</target>
    </relation>
    <relation uri="http://libmeta.ru/fme/relation/1183_3_KVANTOVAJa">
      <rel_text>динамич</rel_text>
      <target>http://libmeta.ru/fme/article/816_DINAMIK</target>
    </relation>
    <relation uri="http://libmeta.ru/fme/relation/1183_4_KVANTOVAJa">
      <rel_text>квантовой теории поля</rel_text>
      <target>http://libmeta.ru/fme/article/1178_KVANTOVAJa</target>
    </relation>
    <relation uri="http://libmeta.ru/fme/relation/1183_5_KVANTOVAJa">
      <rel_text>квантовой теории поля</rel_text>
      <target>http://libmeta.ru/fme/article/1178_KVANTOVAJa</target>
    </relation>
    <relation uri="http://libmeta.ru/fme/relation/1183_6_KVANTOVAJa">
      <rel_text>экспериментом</rel_text>
      <target>http://libmeta.ru/fme/article/3496_EKSPANSIVNOST</target>
    </relation>
    <relation uri="http://libmeta.ru/fme/relation/1183_7_KVANTOVAJa">
      <rel_text>рассеяния</rel_text>
      <target>http://libmeta.ru/fme/article/2558_RASSTROJK</target>
    </relation>
    <relation uri="http://libmeta.ru/fme/relation/1183_8_KVANTOVAJa">
      <rel_text>погрешность</rel_text>
      <target>http://libmeta.ru/fme/article/2269_POGREShNOST</target>
    </relation>
  </relations>
  <text>раздел квантовой теории поля, в котором описывается взаимодействие электромагнитного поля и вещества. В более узком значении квантовая теория взаимодействия электромагнитного поля Максвелла и электрон-позитронного поля Дирака (называемая также сп и но рно й эл е кт ро д и на м и кой). Именно в этом, более узком, смысле термин «к. э.» употребляется ниже. К. э. входит составной частью в стандартную электрослабую теорию, объединяющую слабые и электромагнитные взаимодействия элементарных частиц.

Исторически К.э. была первым четко сформулированным разделом квантовой теории поля. Она сложилась в конце 20-х гг. на базе квантовой теории излучения и квантовой теории спинорного поля Дирака.

В основе современной формулировки К. э. лежит модель, содержащая два взаимодействующих между собой релятивистских квантовых поля. Электромагнитное поле характеризуется действительным 4-мерным векторным потенциалом $URI[[http://libmeta.ru/fme/formula/aux/1183_1_KVANTOVAJa]]/URI$ пространственно-временная точка. Векторы напряженностей электрич. и магнитного полей выражаются через потенциал $URI[[http://libmeta.ru/fme/formula/aux/1183_2_KVANTOVAJa]]/URI$ :

\[
URI[[http://libmeta.ru/fme/formula/main/1183_1_KVANTOVAJa]]/URI
\]

где тензор напряженности равен $URI[[http://libmeta.ru/fme/formula/aux/1183_3_KVANTOVAJa]]/URI$, $URI[[http://libmeta.ru/fme/formula/aux/1183_4_KVANTOVAJa]]/URI$, а $URI[[http://libmeta.ru/fme/formula/aux/1183_5_KVANTOVAJa]]/URI$ антисимметричный тензор Леви-Чивита. Поле Дирака описывается комплексным лоренцевым спинором $URI[[http://libmeta.ru/fme/formula/aux/1183_6_KVANTOVAJa]]/URI$.

Лагранжиан К. э. имеет вид

\[
URI[[http://libmeta.ru/fme/formula/main/1183_2_KVANTOVAJa]]/URI
\]

где $URI[[http://libmeta.ru/fme/formula/aux/1183_7_KVANTOVAJa]]/URI$ - Дирака матрицы, $URI[[http://libmeta.ru/fme/formula/aux/1183_8_KVANTOVAJa]]/URI$ - заряд электрона, $URI[[http://libmeta.ru/fme/formula/aux/1183_9_KVANTOVAJa]]/URI$ его масса. Лагранжиан К. э. инвариантен относительно абелевых калибровочных (градиентных) преобразований

\[
URI[[http://libmeta.ru/fme/formula/main/1183_3_KVANTOVAJa]]/URI
\]

где $URI[[http://libmeta.ru/fme/formula/aux/1183_10_KVANTOVAJa]]/URI$ произвольная действительная функция. Поле $URI[[http://libmeta.ru/fme/formula/aux/1183_11_KVANTOVAJa]]/URI$ является простейшим (абелевым) калибровочным полем и служит переносчиком взаимодействия между полями материи.

Поля $URI[[http://libmeta.ru/fme/formula/aux/1183_12_KVANTOVAJa]]/URI$ и $URI[[http://libmeta.ru/fme/formula/aux/1183_13_KVANTOVAJa]]/URI$ удовлетворяют уравнениям движения, к-рые являются уравнениями Эйлера-Лагранжа для лагранжиана (2) и представляют собой соответственно уравнения Максвелла и Дирака:

\[
URI[[http://libmeta.ru/fme/formula/main/1183_4_KVANTOVAJa]]/URI
\]

где $URI[[http://libmeta.ru/fme/formula/aux/1183_14_KVANTOVAJa]]/URI$ есть 4-вектор электромагнитного тока.

Квантование системы полей $URI[[http://libmeta.ru/fme/formula/aux/1183_15_KVANTOVAJa]]/URI$, взаимодействующих в соответствии с лагранжианом (2), приводит к К. э. При этом поле Максвелла $URI[[http://libmeta.ru/fme/formula/aux/1183_16_KVANTOVAJa]]/URI$ квантуется по Бозе-Эйнштейну, а поле Дирака $URI[[http://libmeta.ru/fme/formula/aux/1183_17_KVANTOVAJa]]/URI$ - по Ферми-Дираку (см. URI[[http://libmeta.ru/fme/relation/1183_3_KVANTOVAJa]]/URI). Согласно общим положениям квантовой теории поля, поля $URI[[http://libmeta.ru/fme/formula/aux/1183_18_KVANTOVAJa]]/URI$ после квантования становятся операторами, удовлетворяющими определенным перестановочным соотношениям и действующими на вектор состояния системы. Эти операторы удовлетворяют также уравнениям движения, образующим связанную систему дифференциальных уравнений.

Специфика К. э. как калибровочной теории состоит в том, что электромагнитное поле описывается не векторами напряженности (1), средние значения к-рых являются наблюдаемыми величинами, а потенциалом $URI[[http://libmeta.ru/fme/formula/aux/1183_19_KVANTOVAJa]]/URI$. Инвариантность лагранжиана относительно локальных преобразований (3) приводит к линейной зависимости уравнений движения для компонент потенциала, в результате чего поле $URI[[http://libmeta.ru/fme/formula/aux/1183_20_KVANTOVAJa]]/URI$ содержит избыточные - продольные и временные - степени свободы. Для их исключения при классич. рассмотрении обычно накладывают на $URI[[http://libmeta.ru/fme/formula/aux/1183_21_KVANTOVAJa]]/URI$ те или иные дополнительные условия (напр., условие Лоренца $URI[[http://libmeta.ru/fme/formula/aux/1183_22_KVANTOVAJa]]/URI$ ). Это приводит к определенным трудностям при квантовании, вызывая необходимость выделять истинно динамич. переменные. Выбор в качестве динамич. переменных четырех компонент потенциала приводит к представлению электромагнитного поля в виде системы со связями. Для квантования таких систем может быть использован разработанный П. Дираком (p. Dirac, 1965) формализм - так наз. о бо бще н ная га м и л ь то н о в а д и на м и ка. В К. э. наряду с ней употребляют также специальную процедуру - так наз. фор ма ли им Гупта-Бле йл ера.

В этом случае условие Лоренца накладывается не на оператор $URI[[http://libmeta.ru/fme/formula/aux/1183_23_KVANTOVAJa]]/URI$, а выполняется для средних значений. Релятивистская инвариантность при этом требует введения индефинитной метрики, что приводит в дальнейшем к взаимной компенсации вкладов нефизич. фотонов в наблюдаемые состояния. Альтернативным способом квантования систем со связями является метод, использующий формализм континуального интеграла.

Поскольку система уравнений К. э. не допускает точного решения, ее решают приближенно методом теории возмущений по имеющемуся малому безразмерному параметру $URI[[http://libmeta.ru/fme/formula/aux/1183_24_KVANTOVAJa]]/URI$, характеризующему интенсивность процессов электромагнитного взаимодействия и называемому постоянной тонкой структуры. Как правило, вычисляют амплитуды вероятностей перехода систем, состоящих из электронов, позитронов, фотонов (и нек-рых других заряженных частиц, напр. мюонов, кварков) из одного (начального) состояния в другое (конечное). Такие амплитуды представляются матричными элементами $URI[[http://libmeta.ru/fme/formula/aux/1183_25_KVANTOVAJa]]/URI$ матрицы рассеяния и вычисляются в виде разложений по степеням $URI[[http://libmeta.ru/fme/formula/aux/1183_26_KVANTOVAJa]]/URI$.

Приложение К. э. к реальным процессам (напр., к комптоновскому рассеянию фотонов на электронах или меллеровскому рассеянию электронов) в наинизшем приближении для матричного элемента $URI[[http://libmeta.ru/fme/formula/aux/1183_27_KVANTOVAJa]]/URI$ приводит к выражениям, находящимся в хорошем количественном согласии с опытом. Относительная погрешность составляет величину порядка $URI[[http://libmeta.ru/fme/formula/aux/1183_28_KVANTOVAJa]]/URI$, поэтому возникает необходимость учета высших членов ряда теории возмущений. Эти члены (так наз. радиационные поправки) соответствуют вкладам от процессов, содержащих в промежуточных состояниях дополнительные виртуальные частицы - виртуальные фотоны, электроны, позитроны и т. п. Соответствующие матричные элементы, представляемые интегралами по 4-импульсам виртуальных частиц, как правило, расходятся в ультрафиолетовой области (см. URI[[http://libmeta.ru/fme/relation/1183_2_KVANTOVAJa]]/URI). Проблема ультрафиолетовых расходимостей в течение многих лет препятствовала вычислению радиационных поправок в К.э. и развитию квантовой теории поля в целом.

Проблема была решена во второй половине $URI[[http://libmeta.ru/fme/formula/aux/1183_29_KVANTOVAJa]]/URI$ гг. в рамках созданной ковариантной формулировки квантовой теории возмушений на основе физич. идеи о перенормировках. В основе метода перенормировок лежит тот факт, что в К. э. все ультрафиолетовые бесконечности могут быть представлены в виде факторов нормировки параметров электрона (его заряда $URI[[http://libmeta.ru/fme/formula/aux/1183_30_KVANTOVAJa]]/URI$ и массы $URI[[http://libmeta.ru/fme/formula/aux/1183_31_KVANTOVAJa]]/URI$ ) и могут быть устранены перенормировкой этих параметров. Бесконечный характер таких перенормировок не приводит к физич. противоречиям вследствие ненаблюдаемости неперенормированных, «голых» значений $URI[[http://libmeta.ru/fme/formula/aux/1183_32_KVANTOVAJa]]/URI$ и $URI[[http://libmeta.ru/fme/formula/aux/1183_33_KVANTOVAJa]]/URI$.

Исторически первой успешной демонстрацией плодотворности идеи об устранении ультрафиолетовых расходимостей с помошью бесконечных перенормировок была работа X. Бете (x. Bethe, 1947) по нерелятивистскому расчету лэмбовского сдвига уровней в атоме водорода. Ковариантная теория возмущений (1946-49) С. Томонаги (s. Tomonaga), P. Фейнмана (r. Feynman) и Ю. Швингера (j. Schwinger) позволила создать регулярный метод устранения расходимостей в К. э. и вычислить низшие радиационные поправки к основным эффектам, напр. к магнитному моменту электрона. В 1-й половине 50-х гг. Н. Н. Боголюбовым, Ф. Дайсоном (f. Dyson), А. Саламом (a. Salam) и другими была разработана общая теория перенормировок и для класса перенормируемых взаимодействий построена перенормированная теория возмущений.

Основой практич. вычислений в К. э. являются так наз. п р а в ила Фейн ма на (см. URI[[http://libmeta.ru/fme/relation/1183_1_KVANTOVAJa]]/URI). Согласно этим правилам, для вычисления матричного элемента какого-либо процесса в фиксированном порядке теории возмушений следует составить полный набор диаграмм Фейнмана этого порядка и затем каждой из диаграмм по нек-рым правилам соответствия сопоставить определенное математич. выражение. Сумма этих выражений и образует вклад данного порядка в матричный элемент. Общая теория перенормировок позволяет избавиться ото всех ультрафиолетовых расходимостей в матричных элементах и получить конечные однозначные результаты в произвольном порядке теории возмущений по степеням $URI[[http://libmeta.ru/fme/formula/aux/1183_34_KVANTOVAJa]]/URI$. Конечные вклады высоких порядков можно представить в виде несингулярных кратных интегралов по нек-рым числовым параметрам. Эти параметрич. интегралы в простейших случаях вычисляются аналитически, а в более сложных - численно.

Кроме ультрафиолетовых расходимостей радиационные поправки к процессам с участием заряженных частиц обладают также инфракрасными расходимостями, то есть расходимостями при малых значениях импульсов виртуальных частиц, связанными с дальнодействующим характером электромагнитного взаимодействия. Однако эти расходимости отсутствуют в сечении инклюзивных процессов, в к-рых произведено суммирование вероятностей переходов в состояния с произвольным числом «мягких», то есть низкоэнергетич. фотонов (экспериментально такие процессы нельзя отличить от исходного из-за конечной разрешающей способности регистрирующих приборов).

Предсказательная сила К. э. может быть проиллюстрирована на примере вычисления радиационных поправок к аномальному магнитному моменту электрона. Современное теоретич. значение, вычисленное с точностью $URI[[http://libmeta.ru/fme/formula/aux/1183_35_KVANTOVAJa]]/URI$, равное

\[
URI[[http://libmeta.ru/fme/formula/main/1183_5_KVANTOVAJa]]/URI
\]

находится в согласии с экспериментальным значением

\[
URI[[http://libmeta.ru/fme/formula/main/1183_6_KVANTOVAJa]]/URI
\]

определенным, как видно, с точностью $URI[[http://libmeta.ru/fme/formula/aux/1183_36_KVANTOVAJa]]/URI$. При такой точности становится важной URI[[http://libmeta.ru/fme/relation/1183_8_KVANTOVAJa]]/URI экспериментального измерения значеңия постоянной тонкой структуры $URI[[http://libmeta.ru/fme/formula/aux/1183_37_KVANTOVAJa]]/URI$, проводимого на основе эффекта Джозефсона. Достигнутый уровень соответствия между расчетным и экспериментальным значениями является рекордным в физике.

Для других эффектов К. э.- аннигиляции электрон-позитронной пары, дельбрюковского URI[[http://libmeta.ru/fme/relation/1183_7_KVANTOVAJa]]/URI фотонов электромагнитным полем ядра и др.- также характерно отличное согласие теории с URI[[http://libmeta.ru/fme/relation/1183_6_KVANTOVAJa]]/URI. Однако по сравнению с аномальным магнитным моментом в них уро- вень соответствия не столь высок либо из-за менышей точности эксперимента, либо вследствие существенного влияния эффектов, выходящих за рамки чистой К. э.

Вообще опытные данные по всем без исключения эффектам К.э. находятся в прекрасном согласии с теоретич. значениями в тех случаях, когда влияние других видов взаимодействий оказывается несушественным либо поддается учету. Этот факт имеет принципиальное значение как для К.э., так и для URI[[http://libmeta.ru/fme/relation/1183_5_KVANTOVAJa]]/URI в целом. Он свидетельствует о том, что основные положения современной локальной (калибровочной) URI[[http://libmeta.ru/fme/relation/1183_4_KVANTOVAJa]]/URI, а также URI[[http://libmeta.ru/fme/relation/1183_3_KVANTOVAJa]]/URI. основа К. э., соответствующая калибровочному лагранжиану взаимодействия, справедливы во всей URI[[http://libmeta.ru/fme/relation/1183_2_KVANTOVAJa]]/URI, доступной современному URI[[http://libmeta.ru/fme/relation/1183_1_KVANTOVAJa]]/URI.</text>
  <text_orig>раздел квантовой теории поля, в котором описывается взаимодействие электромагнитного поля и вещества. В более узком значении квантовая теория взаимодействия электромагнитного поля Максвелла и электрон-позитронного поля Дирака (называемая также сп и но рно й эл е кт ро д и на м и кой). Именно в этом, более узком, смысле термин «К. э.» употребляется ниже. К. э. входит составной частью в стандартную электрослабую теорию, объединяющую слабые и электромагнитные взаимодействия элементарных частиц.

Исторически К.э. была первым четко сформулированным разделом квантовой теории поля. Она сложилась в конце 20-х гг. на базе квантовой теории излучения и квантовой теории спинорного поля Дирака.

В основе современной формулировки К. э. лежит модель, содержащая два взаимодействующих между собой релятивистских квантовых поля. Электромагнитное поле характеризуется действительным 4-мерным векторным потенциалом $A_{\mu}(x), \mu=0,1,2,3 ; x-$ пространственно-временная точка. Векторы напряженностей электрич. и магнитного полей выражаются через потенциал $A_{\mu}(x)$ :

\[
E_{i}=F_{0 i}, B_{i}=\varepsilon_{i j k} F_{j k}, i, j, k=1,2,3 \text {, }
\]

где тензор напряженности равен $F_{\mu v}(x)=\partial_{\mu} A_{v}-\partial_{v} A_{\mu}$, $\partial_{\mu}=\partial / \partial x_{\mu}$, а $\varepsilon_{i j k}-$ антисимметричный тензор Леви-Чивита. Поле Дирака описывается комплексным лоренцевым спинором $\psi_{\alpha}(x), \bar{\psi}_{\beta}(x), \alpha, \beta=1,2,3,4$.

Лагранжиан К. э. имеет вид

\[
\begin{aligned}
L(x)= &amp; -1 / 4 F_{\mu v}(x) F^{\mu \nu}(x)+\bar{\psi}(x) \gamma^{\mu}\left(i \partial_{\mu}+\right. \\
&amp; \left.+e A_{\mu}(x)\right) \psi(x)-m \bar{\psi}(x) \psi(x),
\end{aligned}
\]

где $\gamma^{\mu}$ - Дирака матрицы, $e$ - заряд электрона, $m-$ его масса. Лагранжиан К. э. инвариантен относительно абелевых калибровочных (градиентных) преобразований

\[
\left.\begin{array}{c}
\psi(x) \rightarrow e^{i e \lambda(x)} \psi(x), \bar{\psi}(x) \rightarrow \bar{\psi}(x) e^{-i e \lambda(x)}, \\
A_{\mu}(x) \rightarrow A_{\mu}(x)+\partial_{\mu} \lambda(x),
\end{array}\right\}
\]

где $\lambda(x)-$ произвольная действительная функция. Поле $A_{\mu}$ является простейшим (абелевым) калибровочным полем и служит переносчиком взаимодействия между полями материи.

Поля $A_{\mu}, \psi$ и $\bar{\psi}$ удовлетворяют уравнениям движения, к-рые являются уравнениями Эйлера-Лагранжа для лагранжиана (2) и представляют собой соответственно уравнения Максвелла и Дирака:

\[
\left.\begin{array}{c}
\partial_{\mu} F^{\mu \nu}(x)=e j^{\vee}(x) \\
\left(i \gamma^{\mu} \partial_{\mu}-m\right) \psi(x)=e \gamma^{\mu} A_{\mu}(x) \psi(x)
\end{array}\right\}
\]

где $j^{v}(x)=\bar{\psi}(x) \gamma^{v} \psi(x)$ есть 4-вектор электромагнитного тока.

Квантование системы полей $A, \psi, \bar{\psi}$, взаимодействующих в соответствии с лагранжианом (2), приводит к К. э. При этом поле Максвелла $A$ квантуется по Бозе-Эйнштейну, а поле Дирака $\psi$ - по Ферми-Дираку (см. Перестановочные соотношения). Согласно общим положениям квантовой теории поля, поля $A, \psi, \bar{\psi}$ после квантования становятся операторами, удовлетворяющими определенным перестановочным соотношениям и действующими на вектор состояния системы. Эти операторы удовлетворяют также уравнениям движения, образующим связанную систему дифференциальных уравнений.

Специфика К. э. как калибровочной теории состоит в том, что электромагнитное поле описывается не векторами напряженности (1), средние значения к-рых являются наблюдаемыми величинами, а потенциалом $A_{\mu}$. Инвариантность лагранжиана относительно локальных преобразований (3) приводит к линейной зависимости уравнений движения для компонент потенциала, в результате чего поле $A_{\mu}$ содержит избыточные - продольные и временные - степени свободы. Для их исключения при классич. рассмотрении обычно накладывают на $A_{\mu}$ те или иные дополнительные условия (напр., условие Лоренца $\partial^{\mu} A_{\mu}=0$ ). Это приводит к определенным трудностям при квантовании, вызывая необходимость выделять истинно динамич. переменные. Выбор в качестве динамич. переменных четырех компонент потенциала приводит к представлению электромагнитного поля в виде системы со связями. Для квантования таких систем может быть использован разработанный П. Дираком (P. Dirac, 1965) формализм - так наз. о бо бще н ная га м и л ь то н о в а д и на м и ка. В К. э. наряду с ней употребляют также специальную процедуру - так наз. фор ма ли им Гупта-Бле йл ера.

В этом случае условие Лоренца накладывается не на оператор $A_{\mu}$, а выполняется для средних значений. Релятивистская инвариантность при этом требует введения индефинитной метрики, что приводит в дальнейшем к взаимной компенсации вкладов нефизич. фотонов в наблюдаемые состояния. Альтернативным способом квантования систем со связями является метод, использующий формализм континуального интеграла.

Поскольку система уравнений К. э. не допускает точного решения, ее решают приближенно методом теории возмущений по имеющемуся малому безразмерному параметру $\alpha=e^{2} / \hbar c \approx 1 / 137$, характеризующему интенсивность процессов электромагнитного взаимодействия и называемому постоянной тонкой структуры. Как правило, вычисляют амплитуды вероятностей перехода систем, состоящих из электронов, позитронов, фотонов (и нек-рых других заряженных частиц, напр. мюонов, кварков) из одного (начального) состояния в другое (конечное). Такие амплитуды представляются матричными элементами $M$ матрицы рассеяния и вычисляются в виде разложений по степеням $\alpha$.

Приложение К. э. к реальным процессам (напр., к комптоновскому рассеянию фотонов на электронах или меллеровскому рассеянию электронов) в наинизшем приближении для матричного элемента $M \alpha \alpha$ приводит к выражениям, находящимся в хорошем количественном согласии с опытом. Относительная погрешность составляет величину порядка $\alpha$, поэтому возникает необходимость учета высших членов ряда теории возмущений. Эти члены (так наз. радиационные поправки) соответствуют вкладам от процессов, содержащих в промежуточных состояниях дополнительные виртуальные частицы - виртуальные фотоны, электроны, позитроны и т. п. Соответствующие матричные элементы, представляемые интегралами по 4-импульсам виртуальных частиц, как правило, расходятся в ультрафиолетовой области (см. Ультрафиолетовая расходимость). Проблема ультрафиолетовых расходимостей в течение многих лет препятствовала вычислению радиационных поправок в К.э. и развитию квантовой теории поля в целом.

Проблема была решена во второй половине $40-\mathrm{x}$ гг. в рамках созданной ковариантной формулировки квантовой теории возмушений на основе физич. идеи о перенормировках. В основе метода перенормировок лежит тот факт, что в К. э. все ультрафиолетовые бесконечности могут быть представлены в виде факторов нормировки параметров электрона (его заряда $e$ и массы $m$ ) и могут быть устранены перенормировкой этих параметров. Бесконечный характер таких перенормировок не приводит к физич. противоречиям вследствие ненаблюдаемости неперенормированных, «голых» значений $e_{0}$ и $m_{0}$.

Исторически первой успешной демонстрацией плодотворности идеи об устранении ультрафиолетовых расходимостей с помошью бесконечных перенормировок была работа X. Бете (X. Bethe, 1947) по нерелятивистскому расчету лэмбовского сдвига уровней в атоме водорода. Ковариантная теория возмущений (1946-49) С. Томонаги (S. Tomonaga), P. Фейнмана (R. Feynman) и Ю. Швингера (J. Schwinger) позволила создать регулярный метод устранения расходимостей в К. э. и вычислить низшие радиационные поправки к основным эффектам, напр. к магнитному моменту электрона. В 1-й половине 50-х гг. Н. Н. Боголюбовым, Ф. Дайсоном (F. Dyson), А. Саламом (A. Salam) и другими была разработана общая теория перенормировок и для класса перенормируемых взаимодействий построена перенормированная теория возмущений.

Основой практич. вычислений в К. э. являются так наз. п р а в ила Фейн ма на (см. Фейнмана диаграммы). Согласно этим правилам, для вычисления матричного элемента какого-либо процесса в фиксированном порядке теории возмушений следует составить полный набор диаграмм Фейнмана этого порядка и затем каждой из диаграмм по нек-рым правилам соответствия сопоставить определенное математич. выражение. Сумма этих выражений и образует вклад данного порядка в матричный элемент. Общая теория перенормировок позволяет избавиться ото всех ультрафиолетовых расходимостей в матричных элементах и получить конечные однозначные результаты в произвольном порядке теории возмущений по степеням $\alpha$. Конечные вклады высоких порядков можно представить в виде несингулярных кратных интегралов по нек-рым числовым параметрам. Эти параметрич. интегралы в простейших случаях вычисляются аналитически, а в более сложных - численно.

Кроме ультрафиолетовых расходимостей радиационные поправки к процессам с участием заряженных частиц обладают также инфракрасными расходимостями, то есть расходимостями при малых значениях импульсов виртуальных частиц, связанными с дальнодействующим характером электромагнитного взаимодействия. Однако эти расходимости отсутствуют в сечении инклюзивных процессов, в к-рых произведено суммирование вероятностей переходов в состояния с произвольным числом «Мягких», то есть низкоэнергетич. фотонов (экспериментально такие процессы нельзя отличить от исходного из-за конечной разрешающей способности регистрирующих приборов).

Предсказательная сила К. э. может быть проиллюстрирована на примере вычисления радиационных поправок к аномальному магнитному моменту электрона. Современное теоретич. значение, вычисленное с точностью $10^{-10}$, равное

\[
\alpha_{\mathrm{T}}=1,15965246(15) \cdot 10^{-3} \text {, }
\]

находится в согласии с экспериментальным значением

\[
\alpha_{э}=1,15965220(4) \cdot 10^{-3}
\]

определенным, как видно, с точностью $10^{-11}$. При такой точности становится важной погрешность экспериментального измерения значеңия постоянной тонкой структуры $\alpha$, проводимого на основе эффекта Джозефсона. Достигнутый уровень соответствия между расчетным и экспериментальным значениями является рекордным в физике.

Для других эффектов К. э.- аннигиляции электрон-позитронной пары, дельбрюковского рассеяния фотонов электромагнитным полем ядра и др.- также характерно отличное согласие теории с экспериментом. Однако по сравнению с аномальным магнитным моментом в них уро- вень соответствия не столь высок либо из-за менышей точности эксперимента, либо вследствие существенного влияния эффектов, выходящих за рамки чистой К. э.

Вообще опытные данные по всем без исключения эффектам К.э. находятся в прекрасном согласии с теоретич. значениями в тех случаях, когда влияние других видов взаимодействий оказывается несушественным либо поддается учету. Этот факт имеет принципиальное значение как для К.э., так и для квантовой теории поля в целом. Он свидетельствует о том, что основные положения современной локальной (калибровочной) квантовой теории поля, а также динамич. основа К. э., соответствующая калибровочному лагранжиану взаимодействия, справедливы во всей области, доступной современному эксперименту.

Лит.: [1] А хи ез е р А.И., Бе р с тецки й В.Б., Квантовая электродинамика, 4 изд., М., 1981; [2] Бе рестецкий В. Б., Л и фш и ц Е. М., П и т а в ск и й Л. П., Релятивистская квантовая электродинамика, 2 изд., М., 1980; [3] Бо го л ю бо в Н. Н., Ш и р к о в Д. В., Введение в теорию квантованных полей, 4 изд., М., 1984; [4] Ф е й н м а н Р., Квантовая электродинамика, пер. с англ., М., 1964. Д. И. Казаков, Д. В. Ширков.</text_orig>
</article>
