<?xml version="1.0" ?>
<article uri="http://libmeta.ru/fme/article/1185_KVANTOVOE">
  <title>КВАНТОВОЕ БРОУНОВСКОЕ ДВИЖЕНИЕ</title>
  <authors/>
  <title_short/>
  <pages>
    <start>256</start>
    <end>256</end>
  </pages>
  <literature>
    <literature_orig/>
  </literature>
  <formulas_main/>
  <formulas_aux/>
  <relations/>
  <text>см. Квантовое стохастическое исчисление.</text>
  <text_orig>см. Квантовое стохастическое исчисление.</text_orig>
</article>
