<?xml version="1.0" ?>
<article uri="http://libmeta.ru/fme/article/1186_KVANTOVOE">
  <title>КВАНТОВОЕ ИЗМЕРЕНИЕ</title>
  <author/>
  <title_short/>
  <pages>
    <start>256</start>
    <end>258</end>
  </pages>
  <literature>
    <literature_orig/>
  </literature>
  <formulas_main>
    <formula uri="http://libmeta.ru/fme/formula/main/1186_1_KVANTOVOE">\mu_{\rho}(B)=\operatorname{Tr} \rho \mathscr{\mu}(B), B \in \mathscr{B}(X),</formula>
    <formula uri="http://libmeta.ru/fme/formula/main/1186_2_KVANTOVOE">(x, v) \rightarrow V_{x, v}=\exp \left[\frac{i}{\hbar}(m v Q-x P)\right]</formula>
    <formula uri="http://libmeta.ru/fme/formula/main/1186_3_KVANTOVOE">\mu(B)=\frac{m}{2 \pi \hbar} \iint_{B} V_{x, v} M_{0} V_{x, v}^{*} d x d v ; \quad B \in \mathscr{B}\left(\mathbb{R}^{2}\right),</formula>
    <formula uri="http://libmeta.ru/fme/formula/main/1186_4_KVANTOVOE">\begin{gathered}
\mu_{\rho}\left(B_{1}, \ldots, B_{n}\right)=\operatorname{Tr} \mu_{n}\left(B_{n}\right)\left[\Phi_{n-1}\left[\ldots \Phi_{1}\left[\mu_{1}\left(B_{1}\right)[\rho]\right] \ldots\right]\right], \\
B_{j} \in \mathscr{B}\left(X_{j}\right),
\end{gathered}</formula>
    <formula uri="http://libmeta.ru/fme/formula/main/1186_5_KVANTOVOE">\begin{gathered}
\mathscr{M}_{b, c}(F)\left[\mathscr{M}_{a, b}(E)[\rho]\right]=\mathscr{M}_{a, c}(E \cap F)[\rho] ; \\
E \in \mathscr{B}_{a, b}(Y), F \in \mathscr{B}_{b, c}(Y)
\end{gathered}</formula>
  </formulas_main>
  <formulas_aux>
    <formula uri="http://libmeta.ru/fme/formula/aux/1186_1_KVANTOVOE">H</formula>
    <formula uri="http://libmeta.ru/fme/formula/aux/1186_2_KVANTOVOE">X-</formula>
    <formula uri="http://libmeta.ru/fme/formula/aux/1186_3_KVANTOVOE">X</formula>
    <formula uri="http://libmeta.ru/fme/formula/aux/1186_4_KVANTOVOE">\sigma</formula>
    <formula uri="http://libmeta.ru/fme/formula/aux/1186_5_KVANTOVOE">B(X)</formula>
    <formula uri="http://libmeta.ru/fme/formula/aux/1186_6_KVANTOVOE">H</formula>
    <formula uri="http://libmeta.ru/fme/formula/aux/1186_7_KVANTOVOE">\rho</formula>
    <formula uri="http://libmeta.ru/fme/formula/aux/1186_8_KVANTOVOE">\mu_{\rho}(B) ; B \in \mathscr{B}(X)</formula>
    <formula uri="http://libmeta.ru/fme/formula/aux/1186_9_KVANTOVOE">\left(\mu_{\rho}(B)\right.</formula>
    <formula uri="http://libmeta.ru/fme/formula/aux/1186_10_KVANTOVOE">x</formula>
    <formula uri="http://libmeta.ru/fme/formula/aux/1186_11_KVANTOVOE">B \subset X</formula>
    <formula uri="http://libmeta.ru/fme/formula/aux/1186_12_KVANTOVOE">\rho \rightarrow \mu_{\rho}</formula>
    <formula uri="http://libmeta.ru/fme/formula/aux/1186_13_KVANTOVOE">\sum_{j} p_{j} \rho_{j}</formula>
    <formula uri="http://libmeta.ru/fme/formula/aux/1186_14_KVANTOVOE">\sum_{j} p_{j} \mu_{\rho_{j}}</formula>
    <formula uri="http://libmeta.ru/fme/formula/aux/1186_15_KVANTOVOE">\mathscr{\mu}(\cdot)</formula>
    <formula uri="http://libmeta.ru/fme/formula/aux/1186_16_KVANTOVOE">H</formula>
    <formula uri="http://libmeta.ru/fme/formula/aux/1186_17_KVANTOVOE">\rho \rightarrow \mu_{\rho}</formula>
    <formula uri="http://libmeta.ru/fme/formula/aux/1186_18_KVANTOVOE">X</formula>
    <formula uri="http://libmeta.ru/fme/formula/aux/1186_19_KVANTOVOE">X-</formula>
    <formula uri="http://libmeta.ru/fme/formula/aux/1186_20_KVANTOVOE">E(B)</formula>
    <formula uri="http://libmeta.ru/fme/formula/aux/1186_21_KVANTOVOE">B \in \mathscr{B}(\mathbb{R}),-</formula>
    <formula uri="http://libmeta.ru/fme/formula/aux/1186_22_KVANTOVOE">\mathbb{R}</formula>
    <formula uri="http://libmeta.ru/fme/formula/aux/1186_23_KVANTOVOE">\mu(B) \equiv E(B)</formula>
    <formula uri="http://libmeta.ru/fme/formula/aux/1186_24_KVANTOVOE">X</formula>
    <formula uri="http://libmeta.ru/fme/formula/aux/1186_25_KVANTOVOE">\rho</formula>
    <formula uri="http://libmeta.ru/fme/formula/aux/1186_26_KVANTOVOE">|x, v\rangle</formula>
    <formula uri="http://libmeta.ru/fme/formula/aux/1186_27_KVANTOVOE">m</formula>
    <formula uri="http://libmeta.ru/fme/formula/aux/1186_28_KVANTOVOE">\boldsymbol{G}=X=\mathbb{R}^{2}</formula>
    <formula uri="http://libmeta.ru/fme/formula/aux/1186_29_KVANTOVOE">g=(x, v)</formula>
    <formula uri="http://libmeta.ru/fme/formula/aux/1186_30_KVANTOVOE">m</formula>
    <formula uri="http://libmeta.ru/fme/formula/aux/1186_31_KVANTOVOE">\mu_{0}-</formula>
    <formula uri="http://libmeta.ru/fme/formula/aux/1186_32_KVANTOVOE">\mu_{0}-</formula>
    <formula uri="http://libmeta.ru/fme/formula/aux/1186_33_KVANTOVOE">\mathscr{M}_{1}(\cdot), \ldots, \mathscr{M}_{n}(\cdot):</formula>
    <formula uri="http://libmeta.ru/fme/formula/aux/1186_34_KVANTOVOE">\rho</formula>
    <formula uri="http://libmeta.ru/fme/formula/aux/1186_35_KVANTOVOE">\Phi_{j}-</formula>
    <formula uri="http://libmeta.ru/fme/formula/aux/1186_36_KVANTOVOE">j</formula>
    <formula uri="http://libmeta.ru/fme/formula/aux/1186_37_KVANTOVOE">(j+1)</formula>
    <formula uri="http://libmeta.ru/fme/formula/aux/1186_38_KVANTOVOE">X_{j}-</formula>
    <formula uri="http://libmeta.ru/fme/formula/aux/1186_39_KVANTOVOE">j</formula>
    <formula uri="http://libmeta.ru/fme/formula/aux/1186_40_KVANTOVOE">n \rightarrow \infty</formula>
    <formula uri="http://libmeta.ru/fme/formula/aux/1186_41_KVANTOVOE">\left\{\mu_{a, b}(\cdot) ; a, b \in \mathbb{R}, a&amp;lt;b\right\}</formula>
    <formula uri="http://libmeta.ru/fme/formula/aux/1186_42_KVANTOVOE">\boldsymbol{\mu}_{a, b}</formula>
    <formula uri="http://libmeta.ru/fme/formula/aux/1186_43_KVANTOVOE">\sigma</formula>
    <formula uri="http://libmeta.ru/fme/formula/aux/1186_44_KVANTOVOE">\mathscr{B}_{a, b}(Y)</formula>
    <formula uri="http://libmeta.ru/fme/formula/aux/1186_45_KVANTOVOE">Y</formula>
    <formula uri="http://libmeta.ru/fme/formula/aux/1186_46_KVANTOVOE">\mathbb{R}</formula>
    <formula uri="http://libmeta.ru/fme/formula/aux/1186_47_KVANTOVOE">[a, b]</formula>
    <formula uri="http://libmeta.ru/fme/formula/aux/1186_48_KVANTOVOE">a&amp;lt;b&amp;lt;c</formula>
    <formula uri="http://libmeta.ru/fme/formula/aux/1186_49_KVANTOVOE">\rho</formula>
    <formula uri="http://libmeta.ru/fme/formula/aux/1186_50_KVANTOVOE">X</formula>
  </formulas_aux>
  <relations/>
  <text> - процесс получения данных, несущих информацию о состоянии квантовой системы, в основе которого лежит физическое взаимодействие системы с измерительным прибором. Характерная черта К. и. состоит в принципиальной неустранимости воздействия измерительного прибора на наблюдаемую систему, в результате чего ее состояние изменяется в ходе измерения.

Начала теории К. и. были заложены в монографии [1] Дж. Неймана (1932). В 1960-70-е гг. появление таких дисциплин, как квантовая оптика, оптич. связь, квантовая электроника, а также внутренние потребности квантовой теории вызвали новый интерес к вопросам измерений и привели к созданию последовательной статистич. теории К. и., являющейся логич. развитием вероятностной интерпретации квантовой механики и свободной от нек-рых трудностей и противоречий старого подхода (см. [4], [5], [7]).

Математическое описание квантовых измерений. Пусть $URI[[http://libmeta.ru/fme/formula/aux/1186_1_KVANTOVOE]]/URI$ - гильбертово пространство квантовой системы, $URI[[http://libmeta.ru/fme/formula/aux/1186_2_KVANTOVOE]]/URI$ множество возможных исходов данного К. и. («шкала» измерительного прибора). Как правило, можно считать, что $URI[[http://libmeta.ru/fme/formula/aux/1186_3_KVANTOVOE]]/URI$ - стандартное измеримое пространство с $URI[[http://libmeta.ru/fme/formula/aux/1186_4_KVANTOVOE]]/URI$-алгеброй измеримых подмножеств $URI[[http://libmeta.ru/fme/formula/aux/1186_5_KVANTOVOE]]/URI$. Описание К. и. сушественно зависит от уровня подробности задания процесса измерения. Имеется три основных уровня, каждому из к-рых отвечает определенный математич. объект в гильбертовом пространстве $URI[[http://libmeta.ru/fme/formula/aux/1186_6_KVANTOVOE]]/URI$.

1) Задана только статистика исходов измерения. Это означает, что для любого состояния системы, описываемого плотности оператором $URI[[http://libmeta.ru/fme/formula/aux/1186_7_KVANTOVOE]]/URI$, задано распределение вероятностей $URI[[http://libmeta.ru/fme/formula/aux/1186_8_KVANTOVOE]]/URI$, исходов данного измерения над системой, приготовленной в этом состоянии $URI[[http://libmeta.ru/fme/formula/aux/1186_9_KVANTOVOE]]/URI$ есть вероятность того, что исход измерения $URI[[http://libmeta.ru/fme/formula/aux/1186_10_KVANTOVOE]]/URI$ попадает в подмножество $URI[[http://libmeta.ru/fme/formula/aux/1186_11_KVANTOVOE]]/URI$ ). Естественно считать, что отображение $URI[[http://libmeta.ru/fme/formula/aux/1186_12_KVANTOVOE]]/URI$ обладает свойством аффинности: смесь операторов плотности $URI[[http://libmeta.ru/fme/formula/aux/1186_13_KVANTOVOE]]/URI$ переходит в такую же смесь $URI[[http://libmeta.ru/fme/formula/aux/1186_14_KVANTOVOE]]/URI$ соответствующих распределений. При этом условии имеет место формула

\[
URI[[http://libmeta.ru/fme/formula/main/1186_1_KVANTOVOE]]/URI
\]

где $URI[[http://libmeta.ru/fme/formula/aux/1186_15_KVANTOVOE]]/URI$ есть нек-рое разложение единицы в $URI[[http://libmeta.ru/fme/formula/aux/1186_16_KVANTOVOE]]/URI$. Обратно, всякое разложение единицы определяет по формуле (1) аффинное отображение $URI[[http://libmeta.ru/fme/formula/aux/1186_17_KVANTOVOE]]/URI$ множества операторов плотности в множество распределений вероятностей на $URI[[http://libmeta.ru/fme/formula/aux/1186_18_KVANTOVOE]]/URI$. Разложение единицы дает наиболее общее описание статистики исходов измерения, совместимое с вероятностной интерпретацией квантовой механики.

П р име ры. a) Пусть $URI[[http://libmeta.ru/fme/formula/aux/1186_19_KVANTOVOE]]/URI$ наблюдаемая, а $URI[[http://libmeta.ru/fme/formula/aux/1186_20_KVANTOVOE]]/URI$, $URI[[http://libmeta.ru/fme/formula/aux/1186_21_KVANTOVOE]]/URI$ ее спектральная мера на вещественной прямой $URI[[http://libmeta.ru/fme/formula/aux/1186_22_KVANTOVOE]]/URI$. Формула (1) при $URI[[http://libmeta.ru/fme/formula/aux/1186_23_KVANTOVOE]]/URI$ дает распределение вероятностей исходов точного измерения наблюдаемой $URI[[http://libmeta.ru/fme/formula/aux/1186_24_KVANTOVOE]]/URI$ в состоянии $URI[[http://libmeta.ru/fme/formula/aux/1186_25_KVANTOVOE]]/URI$.

б) Пусть $URI[[http://libmeta.ru/fme/formula/aux/1186_26_KVANTOVOE]]/URI$ есть вектор состояния наименьшей неопределенности (см. Волновой пакет) для нерелятивистской квантовой частицы массы $URI[[http://libmeta.ru/fme/formula/aux/1186_27_KVANTOVOE]]/URI$ со средними значениями коор- точек выпуклого множества всех ковариантных разложений етинищЫ.

П ри ме р. Совместные измерения координаты и скорости в нерелятивистской квантовой механике. В этом случае $URI[[http://libmeta.ru/fme/formula/aux/1186_28_KVANTOVOE]]/URI$, причем преобразование $URI[[http://libmeta.ru/fme/formula/aux/1186_29_KVANTOVOE]]/URI$ описывает переход к другой инерциальной системе отсчета, а неприводимое представление

\[
URI[[http://libmeta.ru/fme/formula/main/1186_2_KVANTOVOE]]/URI
\]

- соответствующее преобразование векторов состояний частицы массы $URI[[http://libmeta.ru/fme/formula/aux/1186_30_KVANTOVOE]]/URI$. Ковариантные разложения единицы описываются формулой

\[
URI[[http://libmeta.ru/fme/formula/main/1186_3_KVANTOVOE]]/URI
\]

где $URI[[http://libmeta.ru/fme/formula/aux/1186_31_KVANTOVOE]]/URI$ произвольный оператор плотности. Среди них нет ортогональных разложений единицы. Крайние точки получаются, когда $URI[[http://libmeta.ru/fme/formula/aux/1186_32_KVANTOVOE]]/URI$ одномерный проектор. При соответствующем выборе квадратичного функционала неопределенности экстремально точным является разложение единицы (2).

2) Квантовая теория статистических решений фундаментальные пределы точнос т и и 3 м е р е н и й. В 40-50-е гг. было выдвинуто положение, что квантово-механич. природа канала связи должна налагать фундаментальные ограничения на скорость передачи и точность воспроизведения информации. Этот вопрос приобрел актуальность в 60-е гг. с появлением квантовых каналов связи - систем передачи информации, основанных на свойствах когерентного лазерного излучения. В 70-е гт. была создана последовательная квантовая теория статистич. решений, к-рая дает принципиальную основу для рассмотрения вопросов, касающихся предельной точности и информативности физич. измерений (см. [3], [4]). В этой теории решающие процедуры - измерения описываются разложениями единицы в гильбертовом пространстве системы и задача состоит в отыскании экстремума нек-рого функционала (неопределенности, шенноновской информации) в классе решающих процедур, обычно подчиненных нек-рым дополнительным ограничениям (ковариантности, несмещенности и т. Д.). На этом пути было обнаружено следующее важное свойство квантово-механич. систем: измерение над расширением исходной системы, включающим вспомогательную независимую систему (в частности, косвенное измерение), может дать больше информации о состоянии исходной системы, нежели любое прямое измерение (описываемое спектральной мерой). Геометрич. природа этого факта состоит в том, что крайние точки выпуклого множества разложений единицы, среди к-рых находится оптимальная решающая процедура, не исчерпывается ортогональными разложениями единицы.

Получены квантовые аналоги неравенств Рао-Крамера в математич. статистике, уточняющие соотношения неопределенностей и дающие достижимые пределы точности измерений. Значительное внимание было уделено бозонным гауссовским каналам связи, для к-рых дано явное описание оптимальных решающих процедур. В 80-е гг. фундаментальные пределы точности измерений привлекли новое внимание в связи с проблемой обнаружения гравитационного излучения (см. [10]). Специфичным для этого круга вопросов является рассмотрение процедур измерения, протекающих во времени - последовательно или непрерывно, - что предполагает привлечение методов теории квантовых случайных процессов.

3) Повторны е и непрерывны е измерения. Проекционный постулат (4) приводит к следующим трудностям, не находящим решения в рамках стандартной квантовой механики. Во-первых, он фактически исключает возможность описания повторных измерений величин с непрерывным спектром (см. Воспроизводимости гипотеза). Далее, основывающаяся на проекционном постулате попытка рас- смотрения измерений, протекающих непрерывно во времени, приводит к парадоксальным выводам, напр., непрерывное слежение за состоянием нестабильной частицы «вынуждает» ее не распадаться (квантовый парадокс Зенона). Понятие инструмента, позволяющее включить в рассмотрение неточные измерения, позволяет снять эти затруднения. Имеет место следующее обобщение Вигнера формулы для распределения вероятностных исходов последовательности измерений, задаваемых произвольными инструментами $URI[[http://libmeta.ru/fme/formula/aux/1186_33_KVANTOVOE]]/URI$

\[
URI[[http://libmeta.ru/fme/formula/main/1186_4_KVANTOVOE]]/URI
\]

где $URI[[http://libmeta.ru/fme/formula/aux/1186_34_KVANTOVOE]]/URI$ - оператор плотности состояния системы перед измерениями, $URI[[http://libmeta.ru/fme/formula/aux/1186_35_KVANTOVOE]]/URI$ операция, описывающая изменение состояния в результате эволюции между $URI[[http://libmeta.ru/fme/formula/aux/1186_36_KVANTOVOE]]/URI$-м и $URI[[http://libmeta.ru/fme/formula/aux/1186_37_KVANTOVOE]]/URI$-м измерениями, $URI[[http://libmeta.ru/fme/formula/aux/1186_38_KVANTOVOE]]/URI$ множество исходов $URI[[http://libmeta.ru/fme/formula/aux/1186_39_KVANTOVOE]]/URI$-го измерения (см. [5]). Надлежащий предельный переход при $URI[[http://libmeta.ru/fme/formula/aux/1186_40_KVANTOVOE]]/URI$ позволяет дать описание измерения, длящегося непрерывно во времени (см. [2]). Для получения нетривиального предела точность измерений должна убывать пропорционально числу членов последовательности.

Предельный процесс непрерывного измерения описывается семейством вполне положительных инструментов $URI[[http://libmeta.ru/fme/formula/aux/1186_41_KVANTOVOE]]/URI$, где инструмент $URI[[http://libmeta.ru/fme/formula/aux/1186_42_KVANTOVOE]]/URI$ определен на $URI[[http://libmeta.ru/fme/formula/aux/1186_43_KVANTOVOE]]/URI$-алгебре $URI[[http://libmeta.ru/fme/formula/aux/1186_44_KVANTOVOE]]/URI$ подмножеств пространства $URI[[http://libmeta.ru/fme/formula/aux/1186_45_KVANTOVOE]]/URI$ всевозможных траекторий на $URI[[http://libmeta.ru/fme/formula/aux/1186_46_KVANTOVOE]]/URI$, порожденной приращениями траекторий на отрезке $URI[[http://libmeta.ru/fme/formula/aux/1186_47_KVANTOVOE]]/URI$, причем

\[
URI[[http://libmeta.ru/fme/formula/main/1186_5_KVANTOVOE]]/URI
\]

для всех $URI[[http://libmeta.ru/fme/formula/aux/1186_48_KVANTOVOE]]/URI$, и всевозможных операторов плотности $URI[[http://libmeta.ru/fme/formula/aux/1186_49_KVANTOVOE]]/URI$. Имеется параллель между процессами непрерывного измерения и процессами с независимыми приращениями в теории вероятностей, позволяющая дать полную классификацию первых в терминах некоммутативного обобщения формулы Леви-Хинчина (см. [7]). Важными примерами являются аналог винеровского процесса - непрерывное неточное измерение наблюдаемой $URI[[http://libmeta.ru/fme/formula/aux/1186_50_KVANTOVOE]]/URI$ и аналог пуассоновского процесса - считающий процесс (см. [2], [5]). Всякий процесс непрерывного измерения может быть представлен как косвенное измерение, при к-ром над «пробной системой» производится непрерывное неразрушающее измерение нек-рого семейства совместимых наблюдаемых.

Лит.: [1] Нейман Дж., Математические основы квантовой механики, пер. с нем., М., 1964; [2] Проспери Дж., в сб.: Квантовые случайные процессы и открытые системы, пер. с англ., М., 1988; [3] Хе л с т ро м К., Квантовая теория проверки гипотез и оценивания, пер. с англ., М., 1979; [4] Хол е в о А. С., Вероятностные и статистические аспекты квантовой теории, М., 1980; [5] Davies E. B., Quantum theory of open sistems, L.- N.Y., 1976; [6] d'Espagnat B., Conceptual foundation of quantum mechanics, 2 ed., L., 1976; [7] Hol e vo A. S., &amp;quot;Pros. Int. Congress of Math.», Berkeley, 1986, p. 1011-20; [8] Ludwig G., Foundations of quantum mechanics, v. 1, N. Y., 1983; [9] O za wa M., «J. Math. Phys.», 1984, v. 25, № 1, p. 79-87; [10] Quantum optics, experimental gravity and measurement theory, N. Y., 1983.

А. С. Холево.
</text>
  <text_orig> - процесс получения данных, несущих информацию о состоянии квантовой системы, в основе которого лежит физическое взаимодействие системы с измерительным прибором. Характерная черта К. и. состоит в принципиальной неустранимости воздействия измерительного прибора на наблюдаемую систему, в результате чего ее состояние изменяется в ходе измерения.

Начала теории К. и. были заложены в монографии [1] Дж. Неймана (1932). В 1960-70-е гг. появление таких дисциплин, как квантовая оптика, оптич. связь, квантовая электроника, а также внутренние потребности квантовой теории вызвали новый интерес к вопросам измерений и привели к созданию последовательной статистич. теории К. и., являющейся логич. развитием вероятностной интерпретации квантовой механики и свободной от нек-рых трудностей и противоречий старого подхода (см. [4], [5], [7]).

Математическое описание квантовых измерений. Пусть $H$ - гильбертово пространство квантовой системы, $X-$ множество возможных исходов данного К. и. («шкала» измерительного прибора). Как правило, можно считать, что $X$ - стандартное измеримое пространство с $\sigma$-алгеброй измеримых подмножеств $B(X)$. Описание К. и. сушественно зависит от уровня подробности задания процесса измерения. Имеется три основных уровня, каждому из к-рых отвечает определенный математич. объект в гильбертовом пространстве $H$.

1) Задана только статистика исходов измерения. Это означает, что для любого состояния системы, описываемого плотности оператором $\rho$, задано распределение вероятностей $\mu_{\rho}(B) ; B \in \mathscr{B}(X)$, исходов данного измерения над системой, приготовленной в этом состоянии $\left(\mu_{\rho}(B)\right.$ есть вероятность того, что исход измерения $x$ попадает в подмножество $B \subset X$ ). Естественно считать, что отображение $\rho \rightarrow \mu_{\rho}$ обладает свойством аффинности: смесь операторов плотности $\sum_{j} p_{j} \rho_{j}$ переходит в такую же смесь $\sum_{j} p_{j} \mu_{\rho_{j}}$ соответствующих распределений. При этом условии имеет место формула

\[
\mu_{\rho}(B)=\operatorname{Tr} \rho \mathscr{\mu}(B), B \in \mathscr{B}(X),
\]

где $\mathscr{\mu}(\cdot)$ есть нек-рое разложение единицы в $H$. Обратно, всякое разложение единицы определяет по формуле (1) аффинное отображение $\rho \rightarrow \mu_{\rho}$ множества операторов плотности в множество распределений вероятностей на $X$. Разложение единицы дает наиболее общее описание статистики исходов измерения, совместимое с вероятностной интерпретацией квантовой механики.

П р име ры. a) Пусть $X-$ наблюдаемая, а $E(B)$, $B \in \mathscr{B}(\mathbb{R}),-$ ее спектральная мера на вещественной прямой $\mathbb{R}$. Формула (1) при $\mu(B) \equiv E(B)$ дает распределение вероятностей исходов точного измерения наблюдаемой $X$ в состоянии $\rho$.

б) Пусть $|x, v\rangle$ есть вектор состояния наименьшей неопределенности (см. Волновой пакет) для нерелятивистской квантовой частицы массы $m$ со средними значениями коор- точек выпуклого множества всех ковариантных разложений етинищЫ.

П ри ме р. Совместные измерения координаты и скорости в нерелятивистской квантовой механике. В этом случае $\boldsymbol{G}=X=\mathbb{R}^{2}$, причем преобразование $g=(x, v)$ описывает переход к другой инерциальной системе отсчета, а неприводимое представление

\[
(x, v) \rightarrow V_{x, v}=\exp \left[\frac{i}{\hbar}(m v Q-x P)\right]
\]

- соответствующее преобразование векторов состояний частицы массы $m$. Ковариантные разложения единицы описываются формулой

\[
\mu(B)=\frac{m}{2 \pi \hbar} \iint_{B} V_{x, v} M_{0} V_{x, v}^{*} d x d v ; \quad B \in \mathscr{B}\left(\mathbb{R}^{2}\right),
\]

где $\mu_{0}-$ произвольный оператор плотности. Среди них нет ортогональных разложений единицы. Крайние точки получаются, когда $\mu_{0}-$ одномерный проектор. При соответствующем выборе квадратичного функционала неопределенности экстремально точным является разложение единицы (2).

2) Квантовая теория статистических решений фундаментальные пределы точнос т и и 3 м е р е н и й. В 40-50-е гг. было выдвинуто положение, что квантово-механич. природа канала связи должна налагать фундаментальные ограничения на скорость передачи и точность воспроизведения информации. Этот вопрос приобрел актуальность в 60-е гг. с появлением квантовых каналов связи - систем передачи информации, основанных на свойствах когерентного лазерного излучения. В 70-е гт. была создана последовательная квантовая теория статистич. решений, к-рая дает принципиальную основу для рассмотрения вопросов, касающихся предельной точности и информативности физич. измерений (см. [3], [4]). В этой теории решающие процедуры - измерения описываются разложениями единицы в гильбертовом пространстве системы и задача состоит в отыскании экстремума нек-рого функционала (неопределенности, шенноновской информации) в классе решающих процедур, обычно подчиненных нек-рым дополнительным ограничениям (ковариантности, несмещенности и т. Д.). На этом пути было обнаружено следующее важное свойство квантово-механич. систем: измерение над расширением исходной системы, включающим вспомогательную независимую систему (в частности, косвенное измерение), может дать больше информации о состоянии исходной системы, нежели любое прямое измерение (описываемое спектральной мерой). Геометрич. природа этого факта состоит в том, что крайние точки выпуклого множества разложений единицы, среди к-рых находится оптимальная решающая процедура, не исчерпывается ортогональными разложениями единицы.

Получены квантовые аналоги неравенств Рао-Крамера в математич. статистике, уточняющие соотношения неопределенностей и дающие достижимые пределы точности измерений. Значительное внимание было уделено бозонным гауссовским каналам связи, для к-рых дано явное описание оптимальных решающих процедур. В 80-е гг. фундаментальные пределы точности измерений привлекли новое внимание в связи с проблемой обнаружения гравитационного излучения (см. [10]). Специфичным для этого круга вопросов является рассмотрение процедур измерения, протекающих во времени - последовательно или непрерывно, - что предполагает привлечение методов теории квантовых случайных процессов.

3) Повторны е и непрерывны е измерения. Проекционный постулат (4) приводит к следующим трудностям, не находящим решения в рамках стандартной квантовой механики. Во-первых, он фактически исключает возможность описания повторных измерений величин с непрерывным спектром (см. Воспроизводимости гипотеза). Далее, основывающаяся на проекционном постулате попытка рас- смотрения измерений, протекающих непрерывно во времени, приводит к парадоксальным выводам, напр., непрерывное слежение за состоянием нестабильной частицы «вынуждает» ее не распадаться (квантовый парадокс Зенона). Понятие инструмента, позволяющее включить в рассмотрение неточные измерения, позволяет снять эти затруднения. Имеет место следующее обобщение Вигнера формулы для распределения вероятностных исходов последовательности измерений, задаваемых произвольными инструментами $\mathscr{M}_{1}(\cdot), \ldots, \mathscr{M}_{n}(\cdot):$

\[
\begin{gathered}
\mu_{\rho}\left(B_{1}, \ldots, B_{n}\right)=\operatorname{Tr} \mu_{n}\left(B_{n}\right)\left[\Phi_{n-1}\left[\ldots \Phi_{1}\left[\mu_{1}\left(B_{1}\right)[\rho]\right] \ldots\right]\right], \\
B_{j} \in \mathscr{B}\left(X_{j}\right),
\end{gathered}
\]

где $\rho$ - оператор плотности состояния системы перед измерениями, $\Phi_{j}-$ операция, описывающая изменение состояния в результате эволюции между $j$-м и $(j+1)$-м измерениями, $X_{j}-$ множество исходов $j$-го измерения (см. [5]). Надлежащий предельный переход при $n \rightarrow \infty$ позволяет дать описание измерения, длящегося непрерывно во времени (см. [2]). Для получения нетривиального предела точность измерений должна убывать пропорционально числу членов последовательности.

Предельный процесс непрерывного измерения описывается семейством вполне положительных инструментов $\left\{\mu_{a, b}(\cdot) ; a, b \in \mathbb{R}, a&amp;lt;b\right\}$, где инструмент $\boldsymbol{\mu}_{a, b}$ определен на $\sigma$-алгебре $\mathscr{B}_{a, b}(Y)$ подмножеств пространства $Y$ всевозможных траекторий на $\mathbb{R}$, порожденной приращениями траекторий на отрезке $[a, b]$, причем

\[
\begin{gathered}
\mathscr{M}_{b, c}(F)\left[\mathscr{M}_{a, b}(E)[\rho]\right]=\mathscr{M}_{a, c}(E \cap F)[\rho] ; \\
E \in \mathscr{B}_{a, b}(Y), F \in \mathscr{B}_{b, c}(Y)
\end{gathered}
\]

для всех $a&amp;lt;b&amp;lt;c$, и всевозможных операторов плотности $\rho$. Имеется параллель между процессами непрерывного измерения и процессами с независимыми приращениями в теории вероятностей, позволяющая дать полную классификацию первых в терминах некоммутативного обобщения формулы Леви-Хинчина (см. [7]). Важными примерами являются аналог винеровского процесса - непрерывное неточное измерение наблюдаемой $X$ и аналог пуассоновского процесса - считающий процесс (см. [2], [5]). Всякий процесс непрерывного измерения может быть представлен как косвенное измерение, при к-ром над «пробной системой» производится непрерывное неразрушающее измерение нек-рого семейства совместимых наблюдаемых.

Лит.: [1] Нейман Дж., Математические основы квантовой механики, пер. с нем., М., 1964; [2] Проспери Дж., в сб.: Квантовые случайные процессы и открытые системы, пер. с англ., М., 1988; [3] Хе л с т ро м К., Квантовая теория проверки гипотез и оценивания, пер. с англ., М., 1979; [4] Хол е в о А. С., Вероятностные и статистические аспекты квантовой теории, М., 1980; [5] Davies E. B., Quantum theory of open sistems, L.- N.Y., 1976; [6] d'Espagnat B., Conceptual foundation of quantum mechanics, 2 ed., L., 1976; [7] Hol e vo A. S., &amp;quot;Pros. Int. Congress of Math.», Berkeley, 1986, p. 1011-20; [8] Ludwig G., Foundations of quantum mechanics, v. 1, N. Y., 1983; [9] O za wa M., «J. Math. Phys.», 1984, v. 25, № 1, p. 79-87; [10] Quantum optics, experimental gravity and measurement theory, N. Y., 1983.

А. С. Холево.
</text_orig>
</article>
