<?xml version="1.0" ?>
<article uri="http://libmeta.ru/fme/article/1189_KVANTOVOE">
  <title>КВАНТОВОЕ СУПЕРСИММЕТРИЧНОЕ УРАВНЕНИЕ ЛИУВИЛЛЯ</title>
  <authors>
    <author>М. В. Савельев</author>
  </authors>
  <title_short/>
  <pages>
    <start>260</start>
    <end>260</end>
  </pages>
  <literature>
    <literature_orig/>
  </literature>
  <formulas_main>
    <formula uri="http://libmeta.ru/fme/formula/main/1189_1_KVANTOVOE">\begin{gathered}
\frac{\partial^{2} x}{\partial z_{+} \partial z_{-}}=\lambda\left(\exp 2 x+\omega^{+} \omega^{-} \exp x\right), \\
\frac{\partial \omega^{+}}{\partial z_{-}}=\omega^{-} \exp x, \quad \frac{\partial \omega^{-}}{\partial z_{+}}=\omega^{+} \exp x,
\end{gathered}</formula>
  </formulas_main>
  <formulas_aux>
    <formula uri="http://libmeta.ru/fme/formula/aux/1189_1_KVANTOVOE">x</formula>
    <formula uri="http://libmeta.ru/fme/formula/aux/1189_2_KVANTOVOE">\omega</formula>
    <formula uri="http://libmeta.ru/fme/formula/aux/1189_3_KVANTOVOE">\lambda=1</formula>
    <formula uri="http://libmeta.ru/fme/formula/aux/1189_4_KVANTOVOE">\exp (-x)</formula>
    <formula uri="http://libmeta.ru/fme/formula/aux/1189_5_KVANTOVOE">\lambda</formula>
    <formula uri="http://libmeta.ru/fme/formula/aux/1189_6_KVANTOVOE">\lambda=\hbar \operatorname{ctg} \hbar</formula>
    <formula uri="http://libmeta.ru/fme/formula/aux/1189_7_KVANTOVOE">\hbar-</formula>
  </formulas_aux>
  <relations/>
  <text>уравнение движения взаимодействующих квантовых скалярного $URI[[http://libmeta.ru/fme/formula/aux/1189_1_KVANTOVOE]]/URI$ и спинорного $URI[[http://libmeta.ru/fme/formula/aux/1189_2_KVANTOVOE]]/URI$ полей

\[
URI[[http://libmeta.ru/fme/formula/main/1189_1_KVANTOVOE]]/URI
\]

переходящее в соответствующее классическое суперсимметричное уравнение Лиувиля в компонентном виде при $URI[[http://libmeta.ru/fme/formula/aux/1189_3_KVANTOVOE]]/URI$. Их общее решение построено в [1] и представимо, как и в классич. пределе, для динамич. переменной $URI[[http://libmeta.ru/fme/formula/aux/1189_4_KVANTOVOE]]/URI$ конечным многочленом по $URI[[http://libmeta.ru/fme/formula/aux/1189_5_KVANTOVOE]]/URI$, если $URI[[http://libmeta.ru/fme/formula/aux/1189_6_KVANTOVOE]]/URI$, где $URI[[http://libmeta.ru/fme/formula/aux/1189_7_KVANTOVOE]]/URI$ постоянная Планка.

Лит.: [1] Лез н о в А. Н., Х у ше в В. В., «Ядерная физика», 1983, т. 38 , в. 2 (8), с. 537-40.</text>
  <text_orig>уравнение движения взаимодействующих квантовых скалярного $x$ и спинорного $\omega$ полей

\[
\begin{gathered}
\frac{\partial^{2} x}{\partial z_{+} \partial z_{-}}=\lambda\left(\exp 2 x+\omega^{+} \omega^{-} \exp x\right), \\
\frac{\partial \omega^{+}}{\partial z_{-}}=\omega^{-} \exp x, \quad \frac{\partial \omega^{-}}{\partial z_{+}}=\omega^{+} \exp x,
\end{gathered}
\]

переходящее в соответствующее классическое суперсимметричное уравнение Лиувиля в компонентном виде при $\lambda=1$. Их общее решение построено в [1] и представимо, как и в классич. пределе, для динамич. переменной $\exp (-x)$ конечным многочленом по $\lambda$, если $\lambda=\hbar \operatorname{ctg} \hbar$, где $\hbar-$ постоянная Планка.

Лит.: [1] Лез н о в А. Н., Х у ше в В. В., «Ядерная физика», 1983, т. 38 , в. 2 (8), с. 537-40. М. В. Савельев.</text_orig>
</article>
