<?xml version="1.0" ?>
<article uri="http://libmeta.ru/fme/article/1197_KVANTOVYE" alphabetic_pos="1199">
  <title>КВАНТОВЫЕ ПОПРАВКИ СИММЕТРИЙ</title>
  <authors>
    <author>Ю. М. Воробьев</author>
  </authors>
  <pages>
    <start>260</start>
    <end>260</end>
  </pages>
  <literature>
    <literature_orig>Jum.: [1] V e y J., &quot;comm. math. helv.», 1975, v. 50, № 4, p. 421-54; [2] Bayen F. [a.o], «ann. Phys.», 1978, v. 111, № 1, p. 61-151; [3] В оробье в Ю. М., Карасев М.В., «доклады Ан СССР», 1987, т. 297, № 6, с. 1294-98.</literature_orig>
    <unit>
      <author>Vey J.</author>
      <title>&quot;comm. math. helv.»</title>
      <publication/>
      <year>1975</year>
      <other>v. 50, № 4, p. 421-54</other>
    </unit>
    <unit>
      <title>Bayen F. [a.o], «ann. Phys.»</title>
      <publication/>
      <year>1978</year>
      <other>v. 111, № 1, p. 61-151</other>
    </unit>
    <unit>
      <author>Воробьев Ю. М.</author>
      <author>Карасев М. В.</author>
      <title>«доклады Ан СССР»</title>
      <publication/>
      <year>1987</year>
      <other>т. 297, № 6, с. 1294-98.</other>
    </unit>
  </literature>
  <formulas_main>
    <formula uri="http://libmeta.ru/fme/formula/main/1197_1_KVANTOVYE">A=A^{(0)}+\hbar A^{(1)}+\hbar A^{(2)}+\ldots</formula>
  </formulas_main>
  <formulas_aux>
    <formula uri="http://libmeta.ru/fme/formula/aux/1197_1_KVANTOVYE">a^{(1)}, A^{(2)}, \ldots</formula>
    <formula uri="http://libmeta.ru/fme/formula/aux/1197_2_KVANTOVYE">a^{(0)}</formula>
    <formula uri="http://libmeta.ru/fme/formula/aux/1197_3_KVANTOVYE">a</formula>
    <formula uri="http://libmeta.ru/fme/formula/aux/1197_4_KVANTOVYE">a_{j}^{(0)} \rightarrow \hat{A}_{j}</formula>
    <formula uri="http://libmeta.ru/fme/formula/aux/1197_5_KVANTOVYE">\bmod O\left(\hbar^{\infty}\right)</formula>
    <formula uri="http://libmeta.ru/fme/formula/aux/1197_6_KVANTOVYE">a^{(1)}, A^{(2)}, \ldots</formula>
  </formulas_aux>
  <relations n="8">
    <relation uri="http://libmeta.ru/fme/relation/1197_1_KVANTOVYE">
      <rel_text>поправок</rel_text>
      <target>http://libmeta.ru/fme/article/2332_POPRAVK</target>
    </relation>
    <relation uri="http://libmeta.ru/fme/relation/1197_2_KVANTOVYE">
      <rel_text>алгебры</rel_text>
      <target>http://libmeta.ru/fme/article/47_ALGEBR</target>
    </relation>
    <relation uri="http://libmeta.ru/fme/relation/1197_3_KVANTOVYE">
      <rel_text>Деформация</rel_text>
      <target>http://libmeta.ru/fme/article/803_DEFORMATsI</target>
    </relation>
    <relation uri="http://libmeta.ru/fme/relation/1197_4_KVANTOVYE">
      <rel_text>фазовом пространстве</rel_text>
      <target>http://libmeta.ru/fme/article/3242_FAZOVOE</target>
    </relation>
    <relation uri="http://libmeta.ru/fme/relation/1197_5_KVANTOVYE">
      <rel_text>группы</rel_text>
      <target>http://libmeta.ru/fme/article/737_GRUPP</target>
    </relation>
    <relation uri="http://libmeta.ru/fme/relation/1197_6_KVANTOVYE">
      <rel_text>действия</rel_text>
      <target>http://libmeta.ru/fme/article/785_DEJSTVI</target>
    </relation>
    <relation uri="http://libmeta.ru/fme/relation/1197_7_KVANTOVYE">
      <rel_text>отображения момента</rel_text>
      <target>http://libmeta.ru/fme/article/1820_MOMENTA</target>
    </relation>
    <relation uri="http://libmeta.ru/fme/relation/1197_8_KVANTOVYE">
      <rel_text>классического</rel_text>
      <target>http://libmeta.ru/fme/article/1253_KLASTERIZATsI</target>
    </relation>
  </relations>
  <text>Коэффициенты $URI[[http://libmeta.ru/fme/formula/aux/1197_1_KVANTOVYE]]/URI$, деформации

\[
URI[[http://libmeta.ru/fme/formula/main/1197_1_KVANTOVYE]]/URI
\]

URI[[http://libmeta.ru/fme/relation/1197_8_KVANTOVYE]]/URI URI[[http://libmeta.ru/fme/relation/1197_7_KVANTOVYE]]/URI $URI[[http://libmeta.ru/fme/formula/aux/1197_2_KVANTOVYE]]/URI$ URI[[http://libmeta.ru/fme/relation/1197_6_KVANTOVYE]]/URI некоторой URI[[http://libmeta.ru/fme/relation/1197_5_KVANTOVYE]]/URI Ли на URI[[http://libmeta.ru/fme/relation/1197_4_KVANTOVYE]]/URI. URI[[http://libmeta.ru/fme/relation/1197_3_KVANTOVYE]]/URI $URI[[http://libmeta.ru/fme/formula/aux/1197_3_KVANTOVYE]]/URI$ подчинена следующему требованию: квантование $URI[[http://libmeta.ru/fme/formula/aux/1197_4_KVANTOVYE]]/URI$ является гомоморфизмом URI[[http://libmeta.ru/fme/relation/1197_2_KVANTOVYE]]/URI Ли симметрий по $URI[[http://libmeta.ru/fme/formula/aux/1197_5_KVANTOVYE]]/URI$ (см. [1], [2]). Возможны препятствия к существованию URI[[http://libmeta.ru/fme/relation/1197_1_KVANTOVYE]]/URI $URI[[http://libmeta.ru/fme/formula/aux/1197_6_KVANTOVYE]]/URI$ (см. [3]).</text>
  <text_orig>Коэффициенты $A^{(1)}, A^{(2)}, \ldots$, деформации

\[
A=A^{(0)}+\hbar A^{(1)}+\hbar A^{(2)}+\ldots
\]

классического отображения момента $A^{(0)}$ действия некоторой группы Ли на фазовом пространстве. Деформация $A$ подчинена следующему требованию: квантование $A_{j}^{(0)} \rightarrow \hat{A}_{j}$ является гомоморфизмом алгебры Ли симметрий по $\bmod O\left(\hbar^{\infty}\right)$ (см. [1], [2]). Возможны препятствия к существованию поправок $A^{(1)}, A^{(2)}, \ldots$ (см. [3]).

Jum.: [1] V e y J., &quot;Comm. math. helv.», 1975, v. 50, № 4, p. 421-54; [2] Bayen F. [a.o], «Ann. Phys.», 1978, v. 111, № 1, p. 61-151; [3] В оробье в Ю. М., Карасев М.В., «Доклады АН СССР», 1987, т. 297, № 6, с. 1294-98. Ю. М. Воробьев.</text_orig>
</article>
