<?xml version="1.0" ?>
<article uri="http://libmeta.ru/fme/article/1199_KVANTOVYE" alphabetic_pos="1201">
  <title>КВАНТОВЫЕ ЧИСЛА</title>
  <authors>
    <author>Д. В. Гальцов</author>
  </authors>
  <pages>
    <start>260</start>
    <end>261</end>
  </pages>
  <literature>
    <literature_orig/>
  </literature>
  <formulas_main/>
  <formulas_aux>
    <formula uri="http://libmeta.ru/fme/formula/aux/1199_1_KVANTOVYE">(n=1,2, \ldots)</formula>
    <formula uri="http://libmeta.ru/fme/formula/aux/1199_2_KVANTOVYE">(l=0,1, \ldots, n-1)</formula>
    <formula uri="http://libmeta.ru/fme/formula/aux/1199_3_KVANTOVYE">\left.m_{l},\left|m_{l}\right| \leqslant l\right)</formula>
    <formula uri="http://libmeta.ru/fme/formula/aux/1199_4_KVANTOVYE">\left(m_{s}= \pm 1 / 2\right)</formula>
    <formula uri="http://libmeta.ru/fme/formula/aux/1199_5_KVANTOVYE">m_{l}</formula>
    <formula uri="http://libmeta.ru/fme/formula/aux/1199_6_KVANTOVYE">m_{s}</formula>
    <formula uri="http://libmeta.ru/fme/formula/aux/1199_7_KVANTOVYE">(j=l \pm 1 / 2)</formula>
    <formula uri="http://libmeta.ru/fme/formula/aux/1199_8_KVANTOVYE">\left(m_{j},\left|m_{j}\right| \leqslant j\right)</formula>
    <formula uri="http://libmeta.ru/fme/formula/aux/1199_9_KVANTOVYE">(p)</formula>
    <formula uri="http://libmeta.ru/fme/formula/aux/1199_10_KVANTOVYE">(\boldsymbol{r} \rightarrow-\boldsymbol{r})</formula>
    <formula uri="http://libmeta.ru/fme/formula/aux/1199_11_KVANTOVYE">p=(-1)^{l}</formula>
    <formula uri="http://libmeta.ru/fme/formula/aux/1199_12_KVANTOVYE">l</formula>
    <formula uri="http://libmeta.ru/fme/formula/aux/1199_13_KVANTOVYE">m_{l}</formula>
    <formula uri="http://libmeta.ru/fme/formula/aux/1199_14_KVANTOVYE">\mathbf{k}</formula>
    <formula uri="http://libmeta.ru/fme/formula/aux/1199_15_KVANTOVYE">q</formula>
    <formula uri="http://libmeta.ru/fme/formula/aux/1199_16_KVANTOVYE">i</formula>
    <formula uri="http://libmeta.ru/fme/formula/aux/1199_17_KVANTOVYE">s</formula>
  </formulas_aux>
  <relations n="45">
    <relation uri="http://libmeta.ru/fme/relation/1199_1_KVANTOVYE">
      <rel_text>локальное преобразование</rel_text>
      <target>http://libmeta.ru/fme/article/1651_LOKAL'NOE</target>
    </relation>
    <relation uri="http://libmeta.ru/fme/relation/1199_2_KVANTOVYE">
      <rel_text>квантовая электродинамика</rel_text>
      <target>http://libmeta.ru/fme/article/1183_KVANTOVAJa</target>
    </relation>
    <relation uri="http://libmeta.ru/fme/relation/1199_3_KVANTOVYE">
      <rel_text>внутренние симметрии</rel_text>
      <target>http://libmeta.ru/fme/article/437_VNUTRENNJaJa</target>
    </relation>
    <relation uri="http://libmeta.ru/fme/relation/1199_4_KVANTOVYE">
      <rel_text>теориях сильного взаимодействия</rel_text>
      <target>http://libmeta.ru/fme/article/907_DUAL'NOST'</target>
    </relation>
    <relation uri="http://libmeta.ru/fme/relation/1199_5_KVANTOVYE">
      <rel_text>слабом взаимодействии</rel_text>
      <target>http://libmeta.ru/fme/article/2805_SLABOE</target>
    </relation>
    <relation uri="http://libmeta.ru/fme/relation/1199_6_KVANTOVYE">
      <rel_text>сильного взаимодействия</rel_text>
      <target>http://libmeta.ru/fme/article/2735_SIL'NOE</target>
    </relation>
    <relation uri="http://libmeta.ru/fme/relation/1199_7_KVANTOVYE">
      <rel_text>спин</rel_text>
      <target>http://libmeta.ru/fme/article/2893_SPI</target>
    </relation>
    <relation uri="http://libmeta.ru/fme/relation/1199_8_KVANTOVYE">
      <rel_text>заряд</rel_text>
      <target>http://libmeta.ru/fme/article/953_ZARJa</target>
    </relation>
    <relation uri="http://libmeta.ru/fme/relation/1199_9_KVANTOVYE">
      <rel_text>частиц</rel_text>
      <target>http://libmeta.ru/fme/article/3412_ChASTOT</target>
    </relation>
    <relation uri="http://libmeta.ru/fme/relation/1199_10_KVANTOVYE">
      <rel_text>частицы</rel_text>
      <target>http://libmeta.ru/fme/article/3412_ChASTOT</target>
    </relation>
    <relation uri="http://libmeta.ru/fme/relation/1199_11_KVANTOVYE">
      <rel_text>частиц</rel_text>
      <target>http://libmeta.ru/fme/article/3412_ChASTOT</target>
    </relation>
    <relation uri="http://libmeta.ru/fme/relation/1199_12_KVANTOVYE">
      <rel_text>правилам отбора</rel_text>
      <target>http://libmeta.ru/fme/article/2136_OTBORA</target>
    </relation>
    <relation uri="http://libmeta.ru/fme/relation/1199_13_KVANTOVYE">
      <rel_text>перечисленных</rel_text>
      <target>http://libmeta.ru/fme/article/2200_PEREMEShIVANI</target>
    </relation>
    <relation uri="http://libmeta.ru/fme/relation/1199_14_KVANTOVYE">
      <rel_text>обладает</rel_text>
      <target>http://libmeta.ru/fme/article/2006_OBLAST</target>
    </relation>
    <relation uri="http://libmeta.ru/fme/relation/1199_15_KVANTOVYE">
      <rel_text>проекций</rel_text>
      <target>http://libmeta.ru/fme/article/2394_PROEKTO</target>
    </relation>
    <relation uri="http://libmeta.ru/fme/relation/1199_16_KVANTOVYE">
      <rel_text>импульса</rel_text>
      <target>http://libmeta.ru/fme/article/996_IMPUL'</target>
    </relation>
    <relation uri="http://libmeta.ru/fme/relation/1199_17_KVANTOVYE">
      <rel_text>импульса</rel_text>
      <target>http://libmeta.ru/fme/article/996_IMPUL'</target>
    </relation>
    <relation uri="http://libmeta.ru/fme/relation/1199_18_KVANTOVYE">
      <rel_text>системы координатных</rel_text>
      <target>http://libmeta.ru/fme/article/704_GRADIENT</target>
    </relation>
    <relation uri="http://libmeta.ru/fme/relation/1199_19_KVANTOVYE">
      <rel_text>частицы</rel_text>
      <target>http://libmeta.ru/fme/article/3412_ChASTOT</target>
    </relation>
    <relation uri="http://libmeta.ru/fme/relation/1199_20_KVANTOVYE">
      <rel_text>состояния</rel_text>
      <target>http://libmeta.ru/fme/article/2867_SOSTOJaNI</target>
    </relation>
    <relation uri="http://libmeta.ru/fme/relation/1199_21_KVANTOVYE">
      <rel_text>состояний</rel_text>
      <target>http://libmeta.ru/fme/article/2867_SOSTOJaNI</target>
    </relation>
    <relation uri="http://libmeta.ru/fme/relation/1199_22_KVANTOVYE">
      <rel_text>описания состояний</rel_text>
      <target>http://libmeta.ru/fme/article/2853_SOKRASchENNOE</target>
    </relation>
    <relation uri="http://libmeta.ru/fme/relation/1199_23_KVANTOVYE">
      <rel_text>проекции</rel_text>
      <target>http://libmeta.ru/fme/article/2394_PROEKTO</target>
    </relation>
    <relation uri="http://libmeta.ru/fme/relation/1199_24_KVANTOVYE">
      <rel_text>получается</rel_text>
      <target>http://libmeta.ru/fme/article/2305_POLUGRUPP</target>
    </relation>
    <relation uri="http://libmeta.ru/fme/relation/1199_25_KVANTOVYE">
      <rel_text>уровней энергии</rel_text>
      <target>http://libmeta.ru/fme/article/3191_UROVEN'</target>
    </relation>
    <relation uri="http://libmeta.ru/fme/relation/1199_26_KVANTOVYE">
      <rel_text>проекции</rel_text>
      <target>http://libmeta.ru/fme/article/2394_PROEKTO</target>
    </relation>
    <relation uri="http://libmeta.ru/fme/relation/1199_27_KVANTOVYE">
      <rel_text>орбитального момента</rel_text>
      <target>http://libmeta.ru/fme/article/2088_ORBITAL'NYJ</target>
    </relation>
    <relation uri="http://libmeta.ru/fme/relation/1199_28_KVANTOVYE">
      <rel_text>проекция</rel_text>
      <target>http://libmeta.ru/fme/article/2394_PROEKTO</target>
    </relation>
    <relation uri="http://libmeta.ru/fme/relation/1199_29_KVANTOVYE">
      <rel_text>спином</rel_text>
      <target>http://libmeta.ru/fme/article/2898_SPINO</target>
    </relation>
    <relation uri="http://libmeta.ru/fme/relation/1199_30_KVANTOVYE">
      <rel_text>степеням свободы</rel_text>
      <target>http://libmeta.ru/fme/article/2955_STEPENI</target>
    </relation>
    <relation uri="http://libmeta.ru/fme/relation/1199_31_KVANTOVYE">
      <rel_text>состояния</rel_text>
      <target>http://libmeta.ru/fme/article/2867_SOSTOJaNI</target>
    </relation>
    <relation uri="http://libmeta.ru/fme/relation/1199_32_KVANTOVYE">
      <rel_text>состояний</rel_text>
      <target>http://libmeta.ru/fme/article/2867_SOSTOJaNI</target>
    </relation>
    <relation uri="http://libmeta.ru/fme/relation/1199_33_KVANTOVYE">
      <rel_text>состояний</rel_text>
      <target>http://libmeta.ru/fme/article/2867_SOSTOJaNI</target>
    </relation>
    <relation uri="http://libmeta.ru/fme/relation/1199_34_KVANTOVYE">
      <rel_text>состояние</rel_text>
      <target>http://libmeta.ru/fme/article/2867_SOSTOJaNI</target>
    </relation>
    <relation uri="http://libmeta.ru/fme/relation/1199_35_KVANTOVYE">
      <rel_text>частицы</rel_text>
      <target>http://libmeta.ru/fme/article/3412_ChASTOT</target>
    </relation>
    <relation uri="http://libmeta.ru/fme/relation/1199_36_KVANTOVYE">
      <rel_text>частицы</rel_text>
      <target>http://libmeta.ru/fme/article/3412_ChASTOT</target>
    </relation>
    <relation uri="http://libmeta.ru/fme/relation/1199_37_KVANTOVYE">
      <rel_text>энергию</rel_text>
      <target>http://libmeta.ru/fme/article/3530_ENERGI</target>
    </relation>
    <relation uri="http://libmeta.ru/fme/relation/1199_38_KVANTOVYE">
      <rel_text>импульс</rel_text>
      <target>http://libmeta.ru/fme/article/996_IMPUL'</target>
    </relation>
    <relation uri="http://libmeta.ru/fme/relation/1199_39_KVANTOVYE">
      <rel_text>дискретному спектру</rel_text>
      <target>http://libmeta.ru/fme/article/852_DISKRETNYJ</target>
    </relation>
    <relation uri="http://libmeta.ru/fme/relation/1199_40_KVANTOVYE">
      <rel_text>гильбертовом пространстве</rel_text>
      <target>http://libmeta.ru/fme/article/623_GIL'BERTOVO</target>
    </relation>
    <relation uri="http://libmeta.ru/fme/relation/1199_41_KVANTOVYE">
      <rel_text>операторы</rel_text>
      <target>http://libmeta.ru/fme/article/2078_OPERATsI</target>
    </relation>
    <relation uri="http://libmeta.ru/fme/relation/1199_42_KVANTOVYE">
      <rel_text>самосопряженные</rel_text>
      <target>http://libmeta.ru/fme/article/2679_SAMOUSREDNENI</target>
    </relation>
    <relation uri="http://libmeta.ru/fme/relation/1199_43_KVANTOVYE">
      <rel_text>пространстве состояний</rel_text>
      <target>http://libmeta.ru/fme/article/2869_SOSTOJaNIJ</target>
    </relation>
    <relation uri="http://libmeta.ru/fme/relation/1199_44_KVANTOVYE">
      <rel_text>механике</rel_text>
      <target>http://libmeta.ru/fme/article/1777_MEHANIK</target>
    </relation>
    <relation uri="http://libmeta.ru/fme/relation/1199_45_KVANTOVYE">
      <rel_text>механикой</rel_text>
      <target>http://libmeta.ru/fme/article/1777_MEHANIK</target>
    </relation>
  </relations>
  <text>целые или дробные числа, которые определяют возможные значения физических величин, характеризующих квантовые системы (атом, ядро, молекулу и др.), а также отдельные элементарные частицы, кварки, глюоны.

К. ч. были впервые введены в физику для описания найденных эмпирически закономерностей атомных спектров, однако смысл К.ч. и связанной с ними дискретности нек-рых физич. величин, характеризующих поведение микрочастиц, был раскрыт лишь квантовой URI[[http://libmeta.ru/fme/relation/1199_45_KVANTOVYE]]/URI. Согласно квантовой URI[[http://libmeta.ru/fme/relation/1199_44_KVANTOVYE]]/URI, возможные значения физич. величин определяются собственными значениями соответствующих операторов, действующих в URI[[http://libmeta.ru/fme/relation/1199_43_KVANTOVYE]]/URI физич. системы. С математич. точки зрения это линейные URI[[http://libmeta.ru/fme/relation/1199_42_KVANTOVYE]]/URI URI[[http://libmeta.ru/fme/relation/1199_41_KVANTOVYE]]/URI в URI[[http://libmeta.ru/fme/relation/1199_40_KVANTOVYE]]/URI, собственные значения к-рых могут быть непрерывными или дискретными; в последнем случае и возникают нек-рые К. ч. В несколько более общем смысле К. ч. называют величины, сохраняющиеся в процессе движения, но не обязательно принадлежащие URI[[http://libmeta.ru/fme/relation/1199_39_KVANTOVYE]]/URI, напр. URI[[http://libmeta.ru/fme/relation/1199_38_KVANTOVYE]]/URI или URI[[http://libmeta.ru/fme/relation/1199_37_KVANTOVYE]]/URI свободно движущейся URI[[http://libmeta.ru/fme/relation/1199_36_KVANTOVYE]]/URI, массу покоя URI[[http://libmeta.ru/fme/relation/1199_35_KVANTOVYE]]/URI.

Набор К. ч., исчерпывающе определяющий URI[[http://libmeta.ru/fme/relation/1199_34_KVANTOVYE]]/URI квантовой системы, называют полным. Совокупность URI[[http://libmeta.ru/fme/relation/1199_33_KVANTOVYE]]/URI, отвечающая всем возможным значениям К. Ч. из полного набора, образует полную систему URI[[http://libmeta.ru/fme/relation/1199_32_KVANTOVYE]]/URI. Так, URI[[http://libmeta.ru/fme/relation/1199_31_KVANTOVYE]]/URI электрона в атоме определяются четырьмя К. ч. соответственно четырем URI[[http://libmeta.ru/fme/relation/1199_30_KVANTOVYE]]/URI, связанным с тремя пространственными координатами и URI[[http://libmeta.ru/fme/relation/1199_29_KVANTOVYE]]/URI. Для атома водорода и водородоподобных атомов это: главное К. ч. $URI[[http://libmeta.ru/fme/formula/aux/1199_1_KVANTOVYE]]/URI$, орбитальное К. ч. $URI[[http://libmeta.ru/fme/formula/aux/1199_2_KVANTOVYE]]/URI$, магнитное К. ч. ( $URI[[http://libmeta.ru/fme/formula/aux/1199_3_KVANTOVYE]]/URI$ - URI[[http://libmeta.ru/fme/relation/1199_28_KVANTOVYE]]/URI URI[[http://libmeta.ru/fme/relation/1199_27_KVANTOVYE]]/URI на нек-рое направление и К.ч. URI[[http://libmeta.ru/fme/relation/1199_26_KVANTOVYE]]/URI спина $URI[[http://libmeta.ru/fme/formula/aux/1199_4_KVANTOVYE]]/URI$. Другой набор К. ч., более пригодный для описания атомных спектров при учете спин-орбитального взаимодействия (определяющего тонкую структуру URI[[http://libmeta.ru/fme/relation/1199_25_KVANTOVYE]]/URI), URI[[http://libmeta.ru/fme/relation/1199_24_KVANTOVYE]]/URI при использовании вместо $URI[[http://libmeta.ru/fme/formula/aux/1199_5_KVANTOVYE]]/URI$ и $URI[[http://libmeta.ru/fme/formula/aux/1199_6_KVANTOVYE]]/URI$ К. ч. полного момента количества движения $URI[[http://libmeta.ru/fme/formula/aux/1199_7_KVANTOVYE]]/URI$ и К. ч. URI[[http://libmeta.ru/fme/relation/1199_23_KVANTOVYE]]/URI полного момента $URI[[http://libmeta.ru/fme/formula/aux/1199_8_KVANTOVYE]]/URI$. Те же К. ч. используются для приближенного URI[[http://libmeta.ru/fme/relation/1199_22_KVANTOVYE]]/URI отдельных электронов в сложных (многоэлектронных) атомах, URI[[http://libmeta.ru/fme/relation/1199_21_KVANTOVYE]]/URI нуклонов в ядрах и т. д.

Приведенные выше К. ч. связаны с пространственными симметриями квантовых систем относительно нек-рых непрерывных преобразований. Другие К. ч. отвечают дискретным симметриям, напр. четность URI[[http://libmeta.ru/fme/relation/1199_20_KVANTOVYE]]/URI $URI[[http://libmeta.ru/fme/formula/aux/1199_9_KVANTOVYE]]/URI$, к-рая принимает значения +1 и -1 в зависимости от того, сохраняет волновая функция знак при инверсии координат $URI[[http://libmeta.ru/fme/formula/aux/1199_10_KVANTOVYE]]/URI$ или меняет его на обратный. Для атома водорода $URI[[http://libmeta.ru/fme/formula/aux/1199_11_KVANTOVYE]]/URI$.

Существование сохраняющихся (неизменных во времени в среднем) физич. величин тесно связано со свойствами симметрии гамильтониана данной системы. Напр., гамильтониан URI[[http://libmeta.ru/fme/relation/1199_19_KVANTOVYE]]/URI, движущейся в центральносимметричном поле, не меняет своего вида при произвольных поворотах URI[[http://libmeta.ru/fme/relation/1199_18_KVANTOVYE]]/URI осей; этой симметрии отвечает сохранение момента URI[[http://libmeta.ru/fme/relation/1199_17_KVANTOVYE]]/URI (более точно, в таком поле сохраняющимися величинами, к-рые могут одновременно иметь определенные значения, являются квадрат момента URI[[http://libmeta.ru/fme/relation/1199_16_KVANTOVYE]]/URI и одна из URI[[http://libmeta.ru/fme/relation/1199_15_KVANTOVYE]]/URI момента, задаваемые К. ч. $URI[[http://libmeta.ru/fme/formula/aux/1199_12_KVANTOVYE]]/URI$ и $URI[[http://libmeta.ru/fme/formula/aux/1199_13_KVANTOVYE]]/URI$ ). Если на систему, имеющую нек-рую симметрию, накладывается дополнительное взаимодействие, к-рое такой симметрией не URI[[http://libmeta.ru/fme/relation/1199_14_KVANTOVYE]]/URI, то соответствующие К.ч. будут изменяться в процессе эволюции системы. Так, взаимодействие атома с электромагнитной волной приводит $URI[[http://libmeta.ru/fme/formula/aux/1199_14_KVANTOVYE]]/URI$ изменению URI[[http://libmeta.ru/fme/relation/1199_13_KVANTOVYE]]/URI выше К. ч., согласно URI[[http://libmeta.ru/fme/relation/1199_12_KVANTOVYE]]/URI.

Помимо К. ч., ассоциируемых с пространственно-временными симметриями гамильтониана, важную роль играют так наз. в нут р е н и е К. ч. элементарных URI[[http://libmeta.ru/fme/relation/1199_11_KVANTOVYE]]/URI, к-рые не сказываются на поведении изолированной URI[[http://libmeta.ru/fme/relation/1199_10_KVANTOVYE]]/URI, однако проявляются во взаимодействиях URI[[http://libmeta.ru/fme/relation/1199_9_KVANTOVYE]]/URI. Различные типы взаимодействий характеризуются разными свойствами симметрии, вследствие чего К. ч., сохраняющиеся в одних взаимодействиях, могут изменяться в других. Так, строго сохраняющимся К. ч. является электрич. URI[[http://libmeta.ru/fme/relation/1199_8_KVANTOVYE]]/URI $URI[[http://libmeta.ru/fme/formula/aux/1199_15_KVANTOVYE]]/URI$, в то время как изотопич. URI[[http://libmeta.ru/fme/relation/1199_7_KVANTOVYE]]/URI $URI[[http://libmeta.ru/fme/formula/aux/1199_16_KVANTOVYE]]/URI$ сохраняется в процессах URI[[http://libmeta.ru/fme/relation/1199_6_KVANTOVYE]]/URI и нарушается электромагнитным и слабым взаимодействиями, а странность $URI[[http://libmeta.ru/fme/formula/aux/1199_17_KVANTOVYE]]/URI$ не сохраняется в URI[[http://libmeta.ru/fme/relation/1199_5_KVANTOVYE]]/URI. В современных URI[[http://libmeta.ru/fme/relation/1199_4_KVANTOVYE]]/URI и электрослабого взаимодействия считается, что URI[[http://libmeta.ru/fme/relation/1199_3_KVANTOVYE]]/URI являются ло кальны м и, то есть соответствующие преобразования могут выполняться независимо в каждой точке пространства-времени. Исходя из этого принципа, определяется и сам характер взаимодействия (вид лагранжиана системы взаимодействующих квантованных полей). Так, URI[[http://libmeta.ru/fme/relation/1199_2_KVANTOVYE]]/URI основана на существовании сохраняющегося К. ч. электрич. заряда и соответствующее URI[[http://libmeta.ru/fme/relation/1199_1_KVANTOVYE]]/URI симметрии однозначно определяет взаимодействие электронов с фотонами.</text>
  <text_orig>целые или дробные числа, которые определяют возможные значения физических величин, характеризующих квантовые системы (атом, ядро, молекулу и др.), а также отдельные элементарные частицы, кварки, глюоны.

К. ч. были впервые введены в физику для описания найденных эмпирически закономерностей атомных спектров, однако смысл К.ч. и связанной с ними дискретности нек-рых физич. величин, характеризующих поведение микрочастиц, был раскрыт лишь квантовой механикой. Согласно квантовой механике, возможные значения физич. величин определяются собственными значениями соответствующих операторов, действующих в пространстве состояний физич. системы. С математич. точки зрения это линейные самосопряженные операторы в гильбертовом пространстве, собственные значения к-рых могут быть непрерывными или дискретными; в последнем случае и возникают нек-рые К. ч. В несколько более общем смысле К. ч. называют величины, сохраняюшиеся в процессе движения, но не обязательно принадлежащие дискретному спектру, напр. импульс или энергию свободно движущейся частицы, массу покоя частицы.

Набор К. ч., исчерпывающе определяющий состояние квантовой системы, называют полным. Совокупность состояний, отвечающая всем возможным значениям К. Ч. из полного набора, образует полную систему состояний. Так, состояния электрона в атоме определяются четырьмя К. ч. соответственно четырем степеням свободы, связанным с тремя пространственными координатами и спином. Для атома водорода и водородоподобных атомов это: главное К. ч. $(n=1,2, \ldots)$, орбитальное К. ч. $(l=0,1, \ldots, n-1)$, магнитное К. ч. ( $\left.m_{l},\left|m_{l}\right| \leqslant l\right)$ - проекция орбитального момента на нек-рое направление и К.ч. проекции спина $\left(m_{s}= \pm 1 / 2\right)$. Другой набор К. ч., более пригодный для описания атомных спектров при учете спин-орбитального взаимодействия (определяюшего тонкую структуру уровней энергии), получается при использовании вместо $m_{l}$ и $m_{s}$ К. ч. полного момента количества движения $(j=l \pm 1 / 2)$ и К. ч. проекции полного момента $\left(m_{j},\left|m_{j}\right| \leqslant j\right)$. Те же К. ч. используются для приближенного описания состояний отдельных электронов в сложных (многоэлектронных) атомах, состояний нуклонов в ядрах и т. д.

Приведенные выше К. ч. связаны с пространственными симметриями квантовых систем относительно нек-рых непрерывных преобразований. Другие К. ч. отвечают дискретным симметриям, напр. четность состояния $(P)$, к-рая принимает значения +1 и -1 в зависимости от того, сохраняет волновая функция знак при инверсии координат $(\boldsymbol{r} \rightarrow-\boldsymbol{r})$ или меняет его на обратный. Для атома водорода $P=(-1)^{l}$.

Сушествование сохраняюшихся (неизменных во времени в среднем) физич. величин тесно связано со свойствами симметрии гамильтониана данной системы. Напр., гамильтониан частицы, движущейся в центральносимметричном поле, не меняет своего вида при произвольных поворотах системы координатных осей; этой симметрии отвечает сохранение момента импульса (более точно, в таком поле сохраняющимися величинами, к-рые могут одновременно иметь определенные значения, являются квадрат момента импульса и одна из проекций момента, задаваемые К. ч. $l$ и $m_{l}$ ). Если на систему, имеющую нек-рую симметрию, накладывается дополнительное взаимодействие, к-рое такой симметрией не обладает, то соответствуюшие К.ч. будут изменяться в процессе эволюции системы. Так, взаимодействие атома с электромагнитной волной приводит $\mathbf{K}$ изменению перечисленных выше К. ч., согласно правилам отбора.

Помимо К. ч., ассоциируемых с пространственно-временными симметриями гамильтониана, важную роль играют так наз. в нут р е н и е К. ч. элементарных частиц, к-рые не сказываются на поведении изолированной частицы, однако проявляются во взаимодействиях частиц. Различные типы взаимодействий характеризуются разными свойствами симметрии, вследствие чего К. ч., сохраняющиеся в одних взаимодействиях, могут изменяться в других. Так, строго сохраняющимся К. ч. является электрич. заряд $Q$, в то время как изотопич. спин $I$ сохраняется в процессах сильного взаимодействия и нарушается электромагнитным и слабым взаимодействиями, а странность $S$ не сохраняется в слабом взаимодействии. В современных теориях сильного взаимодействия и электрослабого взаимодействия считается, что внутренние симметрии являются ло кальны м и, то есть соответствующие преобразования могут выполняться независимо в каждой точке пространства-времени. Исходя из этого принципа, определяется и сам характер взаимодействия (вид лагранжиана системы взаимодействуюших квантованных полей). Так, квантовая электродинамика основана на существовании сохраняющегося К. ч. электрич. заряда и соответствующее локальное преобразование симметрии однозначно определяет взаимодействие электронов с фотонами.

Д. В. Гальцов.</text_orig>
</article>
