<?xml version="1.0" ?>
<article uri="http://libmeta.ru/fme/article/1199_KVANTOVYJ">
  <title>КВАНТОВЫЙ ИНТЕГРАЛ ДВИЖЕНИЯ</title>
  <authors/>
  <title_short/>
  <pages>
    <start>261</start>
    <end>261</end>
  </pages>
  <literature>
    <literature_orig/>
  </literature>
  <formulas_main/>
  <formulas_aux/>
  <relations/>
  <text>см. Гейзенберга представление.</text>
  <text_orig>см. Гейзенберга представление.</text_orig>
</article>
