<?xml version="1.0" ?>
<article uri="http://libmeta.ru/fme/article/1200_KVANTOVYJ">
  <title>КВАНТОВЫЙ АНСАМБЛЬ ГИББСА</title>
  <authors/>
  <title_short/>
  <pages>
    <start>261</start>
    <end>261</end>
  </pages>
  <literature>
    <literature_orig/>
  </literature>
  <formulas_main/>
  <formulas_aux/>
  <relations>
    <relation uri="http://libmeta.ru/fme/relation/1200_80_KVANTOVYJ">
      <rel_text>Статистический ансамбль</rel_text>
      <target>http://libmeta.ru/fme/article/2930_STATISTIChESKIJ</target>
    </relation>
  </relations>
  <text>см. URI[[http://libmeta.ru/fme/relation/1200_80_KVANTOVYJ]]/URI.</text>
  <text_orig>см. Статистический ансамбль.</text_orig>
</article>
