<?xml version="1.0" ?>
<article uri="http://libmeta.ru/fme/article/1201_KVANTOVYJ">
  <title>КВАНТОВЫЙ ВЕКТОР РАСПРЕДЕЛЕНИЯ</title>
  <authors/>
  <title_short/>
  <pages>
    <start>261</start>
    <end>261</end>
  </pages>
  <literature>
    <literature_orig/>
  </literature>
  <formulas_main/>
  <formulas_aux/>
  <relations>
    <relation uri="http://libmeta.ru/fme/relation/1201_81_KVANTOVYJ">
      <rel_text>Рacпределения вектор квантовый</rel_text>
      <target>http://libmeta.ru/fme/article/2534_RASPREDELENIJa</target>
    </relation>
  </relations>
  <text>см. URI[[http://libmeta.ru/fme/relation/1201_81_KVANTOVYJ]]/URI.</text>
  <text_orig>см. Рacпределения вектор квантовый.</text_orig>
</article>
