<?xml version="1.0" ?>
<article uri="http://libmeta.ru/fme/article/1202_KVANTOVYJ">
  <title>КВАНТОВЫЙ ИНТЕГРАЛ ДВИЖЕНИЯ</title>
  <authors/>
  <title_short/>
  <pages>
    <start>261</start>
    <end>261</end>
  </pages>
  <literature>
    <literature_orig/>
  </literature>
  <formulas_main/>
  <formulas_aux/>
  <relations>
    <relation uri="http://libmeta.ru/fme/relation/1202_65_KVANTOVYJ">
      <rel_text>Гейзенберга представление</rel_text>
      <self present="true">http://libmeta.ru/fme/article/558_GEJZENBERGA</self>
    </relation>
  </relations>
  <text>см. URI[[http://libmeta.ru/fme/relation/1202_65_KVANTOVYJ]]/URI.</text>
  <text_orig>см. Гейзенберга представление.</text_orig>
</article>
