<?xml version="1.0" ?>
<article uri="http://libmeta.ru/fme/article/1203_KVANTOVYJ">
  <title>КВАНТОВЫЙ ОПЕРАТОР ЛИУВИЛЛЯ</title>
  <author/>
  <title_short/>
  <pages>
    <start>261</start>
    <end>261</end>
  </pages>
  <literature>
    <literature_orig/>
  </literature>
  <formulas_main/>
  <formulas_aux/>
  <relations/>
  <text> - см. Лиувиля квантовый оператор.
</text>
  <text_orig> - см. Лиувиля квантовый оператор.
</text_orig>
</article>
