<?xml version="1.0" ?>
<article uri="http://libmeta.ru/fme/article/1203_KVANTOVYJ" alphabetic_pos="1205">
  <title>КВАНТОВЫЙ КАНАЛ</title>
  <authors/>
  <title_short/>
  <pages>
    <start>261</start>
    <end>261</end>
  </pages>
  <literature>
    <literature_orig>Лит.: [1] Х оле в о А. С., «проблемы передачи информации», 1972, т. 8, № 1, c. 62-71; [2] Stinespring W. F., «proc. Amer. Math. Soc.», 1955, v. 6, № 2, p. 211-16; [3] Бе л а в к и н В. П., «автоматика и телемеханика», 1983, № 2, с. 50-63.</literature_orig>
    <unit>
      <author>Холево А. С.</author>
      <title>«проблемы передачи информации»</title>
      <publication/>
      <year>1972</year>
      <other>т. 8, № 1, c. 62-71</other>
    </unit>
    <unit>
      <author>Stinespring W. F.</author>
      <title>«proc. Amer. Math. Soc.»</title>
      <publication/>
      <year>1955</year>
      <other>v. 6, № 2, p. 211-16</other>
    </unit>
    <unit>
      <author>Белавкин В. П.</author>
      <title>«автоматика и телемеханика»</title>
      <publication/>
      <year>1983</year>
      <other>№ 2, с. 50-63.</other>
    </unit>
  </literature>
  <formulas_main/>
  <formulas_aux>
    <formula uri="http://libmeta.ru/fme/formula/aux/1203_1_KVANTOVYJ">x: \mathfrak{B} \rightarrow \mathfrak{A} C^{*}</formula>
    <formula uri="http://libmeta.ru/fme/formula/aux/1203_2_KVANTOVYJ">\mathfrak{b}</formula>
    <formula uri="http://libmeta.ru/fme/formula/aux/1203_3_KVANTOVYJ">c^{*}</formula>
    <formula uri="http://libmeta.ru/fme/formula/aux/1203_4_KVANTOVYJ">\mathfrak{a}</formula>
    <formula uri="http://libmeta.ru/fme/formula/aux/1203_5_KVANTOVYJ">\rho=\sigma \circ x</formula>
    <formula uri="http://libmeta.ru/fme/formula/aux/1203_6_KVANTOVYJ">\mathfrak{b}</formula>
    <formula uri="http://libmeta.ru/fme/formula/aux/1203_7_KVANTOVYJ">\sigma</formula>
    <formula uri="http://libmeta.ru/fme/formula/aux/1203_8_KVANTOVYJ">\mathfrak{u}</formula>
    <formula uri="http://libmeta.ru/fme/formula/aux/1203_9_KVANTOVYJ">x</formula>
    <formula uri="http://libmeta.ru/fme/formula/aux/1203_10_KVANTOVYJ">\varepsilon \circ \pi</formula>
    <formula uri="http://libmeta.ru/fme/formula/aux/1203_11_KVANTOVYJ">\pi: \mathfrak{B} \rightarrow \Re(H)</formula>
    <formula uri="http://libmeta.ru/fme/formula/aux/1203_12_KVANTOVYJ">\varepsilon: \mathfrak{B}(H) \rightarrow \mathfrak{A}</formula>
    <formula uri="http://libmeta.ru/fme/formula/aux/1203_13_KVANTOVYJ">\imath: \mathfrak{A} \rightarrow \mathcal{B}(H)</formula>
    <formula uri="http://libmeta.ru/fme/formula/aux/1203_14_KVANTOVYJ">\mathfrak{a}</formula>
    <formula uri="http://libmeta.ru/fme/formula/aux/1203_15_KVANTOVYJ">\mathfrak{b}</formula>
    <formula uri="http://libmeta.ru/fme/formula/aux/1203_16_KVANTOVYJ">x\left(\mathfrak{b}^{t}\right) \subseteq \mathfrak{\mathcal { A }}^{t}</formula>
    <formula uri="http://libmeta.ru/fme/formula/aux/1203_17_KVANTOVYJ">\left\{\mathfrak{a}^{t}\right\}, \quad\left\{\mathfrak{B}^{t}\right\}, C^{*}</formula>
    <formula uri="http://libmeta.ru/fme/formula/aux/1203_18_KVANTOVYJ">\mathfrak{a}^{t} \subset \mathfrak{A}, \mathfrak{B}^{t} \subset \mathfrak{B}</formula>
  </formulas_aux>
  <relations>
    <relation uri="http://libmeta.ru/fme/relation/1203_1_KVANTOVYJ">
      <rel_text>условиям согласованности</rel_text>
      <target>http://libmeta.ru/fme/article/2852_SOGLASOVANNOSTI</target>
    </relation>
    <relation uri="http://libmeta.ru/fme/relation/1203_2_KVANTOVYJ">
      <rel_text>динамич</rel_text>
      <target>http://libmeta.ru/fme/article/816_DINAMIK</target>
    </relation>
    <relation uri="http://libmeta.ru/fme/relation/1203_3_KVANTOVYJ">
      <rel_text>алгеброй</rel_text>
      <target>http://libmeta.ru/fme/article/47_ALGEBR</target>
    </relation>
    <relation uri="http://libmeta.ru/fme/relation/1203_4_KVANTOVYJ">
      <rel_text>алгебра</rel_text>
      <target>http://libmeta.ru/fme/article/47_ALGEBR</target>
    </relation>
    <relation uri="http://libmeta.ru/fme/relation/1203_5_KVANTOVYJ">
      <rel_text>состояния</rel_text>
      <target>http://libmeta.ru/fme/article/2867_SOSTOJaNI</target>
    </relation>
    <relation uri="http://libmeta.ru/fme/relation/1203_6_KVANTOVYJ">
      <rel_text>квантового состояния на</rel_text>
      <target>http://libmeta.ru/fme/article/1173_KVANTOVAJa</target>
    </relation>
    <relation uri="http://libmeta.ru/fme/relation/1203_7_KVANTOVYJ">
      <rel_text>вполне положительным</rel_text>
      <target>http://libmeta.ru/fme/article/455_VPOLNE</target>
    </relation>
    <relation uri="http://libmeta.ru/fme/relation/1203_8_KVANTOVYJ">
      <rel_text>электромагнитное поле</rel_text>
      <target>http://libmeta.ru/fme/article/3507_ELEKTROMAGNITNOE</target>
    </relation>
  </relations>
  <text>система передачи информации в физических системах, описываемая с учетом квантовой природы материальных носителей этой информации таких, как URI[[http://libmeta.ru/fme/relation/1203_8_KVANTOVYJ]]/URI оптического диапазона. В наиболее общем виде К. к. статистически описывается линейным URI[[http://libmeta.ru/fme/relation/1203_7_KVANTOVYJ]]/URI нормированным отображением $URI[[http://libmeta.ru/fme/formula/aux/1203_1_KVANTOVYJ]]/URI$-алгебры $URI[[http://libmeta.ru/fme/formula/aux/1203_2_KVANTOVYJ]]/URI$ выхода К. к. в $URI[[http://libmeta.ru/fme/formula/aux/1203_3_KVANTOVYJ]]/URI$-алгебру $URI[[http://libmeta.ru/fme/formula/aux/1203_4_KVANTOVYJ]]/URI$ ее входа, определяющим зависимость $URI[[http://libmeta.ru/fme/formula/aux/1203_5_KVANTOVYJ]]/URI$ URI[[http://libmeta.ru/fme/relation/1203_6_KVANTOVYJ]]/URI выходе $URI[[http://libmeta.ru/fme/formula/aux/1203_6_KVANTOVYJ]]/URI$ от URI[[http://libmeta.ru/fme/relation/1203_5_KVANTOVYJ]]/URI $URI[[http://libmeta.ru/fme/formula/aux/1203_7_KVANTOVYJ]]/URI$ на входе $URI[[http://libmeta.ru/fme/formula/aux/1203_8_KVANTOVYJ]]/URI$ (см. [1]). Те о рем а Стай н с п ри нга (см. [2]) позволяет представить всякий канал $URI[[http://libmeta.ru/fme/formula/aux/1203_9_KVANTOVYJ]]/URI$ как композицию $URI[[http://libmeta.ru/fme/formula/aux/1203_10_KVANTOVYJ]]/URI$ гомоморфизма $URI[[http://libmeta.ru/fme/formula/aux/1203_11_KVANTOVYJ]]/URI$ и условного ожидания $URI[[http://libmeta.ru/fme/formula/aux/1203_12_KVANTOVYJ]]/URI$ относительно нек-рого представления $URI[[http://libmeta.ru/fme/formula/aux/1203_13_KVANTOVYJ]]/URI$. К. к. называется у п ра вл я ю ш м если $URI[[http://libmeta.ru/fme/formula/aux/1203_14_KVANTOVYJ]]/URI$ - абелева URI[[http://libmeta.ru/fme/relation/1203_4_KVANTOVYJ]]/URI, и называется и зм е р я юш и м, если абелевой URI[[http://libmeta.ru/fme/relation/1203_3_KVANTOVYJ]]/URI является $URI[[http://libmeta.ru/fme/formula/aux/1203_15_KVANTOVYJ]]/URI$.

Введены URI[[http://libmeta.ru/fme/relation/1203_2_KVANTOVYJ]]/URI. К. к. измерения и управления, удовлетворяющие URI[[http://libmeta.ru/fme/relation/1203_1_KVANTOVYJ]]/URI $URI[[http://libmeta.ru/fme/formula/aux/1203_16_KVANTOVYJ]]/URI$ относительно неубывающих семейств $URI[[http://libmeta.ru/fme/formula/aux/1203_17_KVANTOVYJ]]/URI$-подалгебр $URI[[http://libmeta.ru/fme/formula/aux/1203_18_KVANTOVYJ]]/URI$, описывающих прошлое и настоящее на входе и выходе К. К. (см. [3]).</text>
  <text_orig>система передачи информации в физических системах, описываемая с учетом квантовой природы материальных носителей этой информации таких, как электромагнитное поле оптического диапазона. В наиболее общем виде К. к. статистически описывается линейным вполне положительным нормированным отображением $x: \mathfrak{B} \rightarrow \mathfrak{A} C^{*}$-алгебры $\mathfrak{B}$ выхода К. к. в $C^{*}$-алгебру $\mathfrak{A}$ ее входа, определяющим зависимость $\rho=\sigma \circ x$ квантового состояния на выходе $\mathfrak{B}$ от состояния $\sigma$ на входе $\mathfrak{U}$ (см. [1]). Те о рем а Стай н с п ри нга (см. [2]) позволяет представить всякий канал $x$ как композицию $\varepsilon \circ \pi$ гомоморфизма $\pi: \mathfrak{B} \rightarrow \Re(H)$ и условного ожидания $\varepsilon: \mathfrak{B}(H) \rightarrow \mathfrak{A}$ относительно нек-рого представления $\imath: \mathfrak{A} \rightarrow \mathcal{B}(H)$. К. к. называется у п ра вл я ю ш м если $\mathfrak{A}$ - абелева алгебра, и называется и зм е р я юш и м, если абелевой алгеброй является $\mathfrak{B}$.

Введены динамич. К. к. измерения и управления, удовлетворяющие условиям согласованности $x\left(\mathfrak{B}^{t}\right) \subseteq \mathfrak{\mathcal { A }}^{t}$ относительно неубывающих семейств $\left\{\mathfrak{A}^{t}\right\}, \quad\left\{\mathfrak{B}^{t}\right\}, C^{*}$-подалгебр $\mathfrak{A}^{t} \subset \mathfrak{A}, \mathfrak{B}^{t} \subset \mathfrak{B}$, описываюших прошлое и настояшее на входе и выходе К. К. (см. [3]).

Лит.: [1] Х оле в о А. С., «Проблемы передачи информации», 1972, т. 8, № 1, c. 62-71; [2] Stinespring W. F., «Proc. Amer. Math. Soc.», 1955, v. 6, № 2, p. 211-16; [3] Бе л а в к и н В. П., «Автоматика и телемеханика», 1983, № 2, с. 50-63.</text_orig>
</article>
