<?xml version="1.0" ?>
<article uri="http://libmeta.ru/fme/article/1207_KVANTOVYJ" alphabetic_pos="1209">
  <title>КВАНТОВЫЙ ПЕРЕХОД</title>
  <authors>
    <author>М. А. Ельяиевич</author>
  </authors>
  <title_short/>
  <pages>
    <start>261</start>
    <end>262</end>
  </pages>
  <literature>
    <literature_orig/>
  </literature>
  <formulas_main/>
  <formulas_aux>
    <formula uri="http://libmeta.ru/fme/formula/aux/1207_1_KVANTOVYJ">\mathscr{e}_{k} \rightarrow \mathscr{E}_{i}</formula>
    <formula uri="http://libmeta.ru/fme/formula/aux/1207_2_KVANTOVYJ">h v \equiv \hbar \omega=\mathscr{E}_{i}-\mathscr{E}_{k}</formula>
    <formula uri="http://libmeta.ru/fme/formula/aux/1207_3_KVANTOVYJ">v</formula>
    <formula uri="http://libmeta.ru/fme/formula/aux/1207_4_KVANTOVYJ">\omega-</formula>
    <formula uri="http://libmeta.ru/fme/formula/aux/1207_5_KVANTOVYJ">\mathscr{e}_{i}-\mathscr{E}_{k}</formula>
    <formula uri="http://libmeta.ru/fme/formula/aux/1207_6_KVANTOVYJ">v=\left(\mathscr{e}_{i}-\mathscr{E}_{k}\right) / h</formula>
  </formulas_aux>
  <relations>
    <relation uri="http://libmeta.ru/fme/relation/1207_1_KVANTOVYJ">
      <rel_text>Рассеяния</rel_text>
      <target>http://libmeta.ru/fme/article/2558_RASSTROJK</target>
    </relation>
    <relation uri="http://libmeta.ru/fme/relation/1207_1_KVANTOVYJ">
      <rel_text>энергии</rel_text>
      <target>http://libmeta.ru/fme/article/3530_ENERGI</target>
    </relation>
    <relation uri="http://libmeta.ru/fme/relation/1207_2_KVANTOVYJ">
      <rel_text>энергия</rel_text>
      <target>http://libmeta.ru/fme/article/3530_ENERGI</target>
    </relation>
    <relation uri="http://libmeta.ru/fme/relation/1207_3_KVANTOVYJ">
      <rel_text>энергии</rel_text>
      <target>http://libmeta.ru/fme/article/3530_ENERGI</target>
    </relation>
    <relation uri="http://libmeta.ru/fme/relation/1207_4_KVANTOVYJ">
      <rel_text>энергии</rel_text>
      <target>http://libmeta.ru/fme/article/3530_ENERGI</target>
    </relation>
    <relation uri="http://libmeta.ru/fme/relation/1207_5_KVANTOVYJ">
      <rel_text>жидкости</rel_text>
      <target>http://libmeta.ru/fme/article/939_ZhIDKOST</target>
    </relation>
    <relation uri="http://libmeta.ru/fme/relation/1207_6_KVANTOVYJ">
      <rel_text>частицы</rel_text>
      <target>http://libmeta.ru/fme/article/3412_ChASTOT</target>
    </relation>
    <relation uri="http://libmeta.ru/fme/relation/1207_7_KVANTOVYJ">
      <rel_text>энергии</rel_text>
      <target>http://libmeta.ru/fme/article/3530_ENERGI</target>
    </relation>
    <relation uri="http://libmeta.ru/fme/relation/1207_8_KVANTOVYJ">
      <rel_text>механики</rel_text>
      <target>http://libmeta.ru/fme/article/1777_MEHANIK</target>
    </relation>
    <relation uri="http://libmeta.ru/fme/relation/1207_9_KVANTOVYJ">
      <rel_text>квантовой электродинамики</rel_text>
      <target>http://libmeta.ru/fme/article/1183_KVANTOVAJa</target>
    </relation>
    <relation uri="http://libmeta.ru/fme/relation/1207_10_KVANTOVYJ">
      <rel_text>рассчитаны</rel_text>
      <target>http://libmeta.ru/fme/article/2558_RASSTROJK</target>
    </relation>
    <relation uri="http://libmeta.ru/fme/relation/1207_11_KVANTOVYJ">
      <rel_text>частоты</rel_text>
      <target>http://libmeta.ru/fme/article/3412_ChASTOT</target>
    </relation>
    <relation uri="http://libmeta.ru/fme/relation/1207_12_KVANTOVYJ">
      <rel_text>резонансной</rel_text>
      <target>http://libmeta.ru/fme/article/2587_REZOL'VENT</target>
    </relation>
    <relation uri="http://libmeta.ru/fme/relation/1207_13_KVANTOVYJ">
      <rel_text>действием</rel_text>
      <target>http://libmeta.ru/fme/article/785_DEJSTVI</target>
    </relation>
    <relation uri="http://libmeta.ru/fme/relation/1207_14_KVANTOVYJ">
      <rel_text>спонтанное испускание</rel_text>
      <target>http://libmeta.ru/fme/article/2911_SPONTANNOE</target>
    </relation>
    <relation uri="http://libmeta.ru/fme/relation/1207_15_KVANTOVYJ">
      <rel_text>энергию</rel_text>
      <target>http://libmeta.ru/fme/article/3530_ENERGI</target>
    </relation>
    <relation uri="http://libmeta.ru/fme/relation/1207_16_KVANTOVYJ">
      <rel_text>получает</rel_text>
      <target>http://libmeta.ru/fme/article/2312_POLUTEN</target>
    </relation>
    <relation uri="http://libmeta.ru/fme/relation/1207_17_KVANTOVYJ">
      <rel_text>энергии</rel_text>
      <target>http://libmeta.ru/fme/article/3530_ENERGI</target>
    </relation>
    <relation uri="http://libmeta.ru/fme/relation/1207_18_KVANTOVYJ">
      <rel_text>частота</rel_text>
      <target>http://libmeta.ru/fme/article/3412_ChASTOT</target>
    </relation>
    <relation uri="http://libmeta.ru/fme/relation/1207_19_KVANTOVYJ">
      <rel_text>энергии</rel_text>
      <target>http://libmeta.ru/fme/article/3530_ENERGI</target>
    </relation>
    <relation uri="http://libmeta.ru/fme/relation/1207_20_KVANTOVYJ">
      <rel_text>энергии</rel_text>
      <target>http://libmeta.ru/fme/article/3530_ENERGI</target>
    </relation>
    <relation uri="http://libmeta.ru/fme/relation/1207_21_KVANTOVYJ">
      <rel_text>энергии</rel_text>
      <target>http://libmeta.ru/fme/article/3530_ENERGI</target>
    </relation>
    <relation uri="http://libmeta.ru/fme/relation/1207_22_KVANTOVYJ">
      <rel_text>частицы</rel_text>
      <target>http://libmeta.ru/fme/article/3412_ChASTOT</target>
    </relation>
    <relation uri="http://libmeta.ru/fme/relation/1207_23_KVANTOVYJ">
      <rel_text>слабому взаимодействию</rel_text>
      <target>http://libmeta.ru/fme/article/2805_SLABOE</target>
    </relation>
    <relation uri="http://libmeta.ru/fme/relation/1207_24_KVANTOVYJ">
      <rel_text>законы сохранения</rel_text>
      <target>http://libmeta.ru/fme/article/2877_SOHRANENIJa</target>
    </relation>
    <relation uri="http://libmeta.ru/fme/relation/1207_25_KVANTOVYJ">
      <rel_text>сильного взаимодействий</rel_text>
      <target>http://libmeta.ru/fme/article/2735_SIL'NOE</target>
    </relation>
    <relation uri="http://libmeta.ru/fme/relation/1207_26_KVANTOVYJ">
      <rel_text>импульса</rel_text>
      <target>http://libmeta.ru/fme/article/996_IMPUL'</target>
    </relation>
    <relation uri="http://libmeta.ru/fme/relation/1207_27_KVANTOVYJ">
      <rel_text>импульса</rel_text>
      <target>http://libmeta.ru/fme/article/996_IMPUL'</target>
    </relation>
    <relation uri="http://libmeta.ru/fme/relation/1207_28_KVANTOVYJ">
      <rel_text>энергии</rel_text>
      <target>http://libmeta.ru/fme/article/3530_ENERGI</target>
    </relation>
    <relation uri="http://libmeta.ru/fme/relation/1207_29_KVANTOVYJ">
      <rel_text>законы сохранения</rel_text>
      <target>http://libmeta.ru/fme/article/2877_SOHRANENIJa</target>
    </relation>
  </relations>
  <text>характерный для Квантовой системы (атома, молекулы, кристалла, атомного ядра, элементарной частицы) скачкообразный переход из одного состояния в другое, происходящий под влиянием какого-либо взаимодействия, присушего частицам данной системы. Наиболее важен случай К. П. между стационарными состояниями, соответствующими определенным значениям энергии системы [представление о К. П. Для этого случая было введено Н. Бором (n. Bohr, 1913)]. К. П. между нестационарными состояниями могут быть описаны с помошью принципа суперпозиции состояний.

В общем случае К. П. характеризуется амплитудой перехода (см. URI[[http://libmeta.ru/fme/relation/1207_1_KVANTOVYJ]]/URI матрица); квадрат ее модуля определяет вероятность перехода. При любых К. П. выполняются точные URI[[http://libmeta.ru/fme/relation/1207_29_KVANTOVYJ]]/URI URI[[http://libmeta.ru/fme/relation/1207_28_KVANTOVYJ]]/URI, URI[[http://libmeta.ru/fme/relation/1207_27_KVANTOVYJ]]/URI, момента URI[[http://libmeta.ru/fme/relation/1207_26_KVANTOVYJ]]/URI, электрич. заряда и др. В К. п., происходяших за счет электромагнитного и URI[[http://libmeta.ru/fme/relation/1207_25_KVANTOVYJ]]/URI, выполняются URI[[http://libmeta.ru/fme/relation/1207_24_KVANTOVYJ]]/URI пространственной четности, зарядовой четности, странности и др., к-рые могут нарушаться в переходах, происходяших благодаря URI[[http://libmeta.ru/fme/relation/1207_23_KVANTOVYJ]]/URI. К. П. между различными стационарными состояниями, сопровождающиеся испусканием или поглошением какой-либо URI[[http://libmeta.ru/fme/relation/1207_22_KVANTOVYJ]]/URI (напр., фотона в случае излучательных переходов), на схемах уровней URI[[http://libmeta.ru/fme/relation/1207_21_KVANTOVYJ]]/URI принято изображать вертикальными или наклонными линиями, соединяющими соответствующие уровни URI[[http://libmeta.ru/fme/relation/1207_20_KVANTOVYJ]]/URI системы, изображаемые горизонтальными линиями.

Ниже рассматриваются К. П. в атомах и молекулах. Такие К. П. могут быть излучательными и безизлучательными. При излучательном К. П. система испускает (переход ![](https://cdn.mathpix.com/cropped/2023_07_08_49824a252a4ab5959e5fg-1.jpg?height=37&amp;width=804&amp;top_left_y=58&amp;top_left_x=87)
ний, между к-рыми происходит К. п.) или поглошает (переход $URI[[http://libmeta.ru/fme/formula/aux/1207_1_KVANTOVYJ]]/URI$ ) квант электромагнитного излучения - фотон URI[[http://libmeta.ru/fme/relation/1207_19_KVANTOVYJ]]/URI $URI[[http://libmeta.ru/fme/formula/aux/1207_2_KVANTOVYJ]]/URI$ ( $URI[[http://libmeta.ru/fme/formula/aux/1207_3_KVANTOVYJ]]/URI$ или $URI[[http://libmeta.ru/fme/formula/aux/1207_4_KVANTOVYJ]]/URI$ обычная или круговая URI[[http://libmeta.ru/fme/relation/1207_18_KVANTOVYJ]]/URI излучения). В зависимости от величины $URI[[http://libmeta.ru/fme/formula/aux/1207_5_KVANTOVYJ]]/URI$ испускается или поглошается излучение в различных частотных диапазонах шкалы электромагнитных волн. Совокупность излучательных К. п. с верхних уровней URI[[http://libmeta.ru/fme/relation/1207_17_KVANTOVYJ]]/URI на нижние образует спектр испускания данной квантовой системы, а с нижних уровней на верхние - ее спектр поглощения. При безизлучательном К. п. система отдает или URI[[http://libmeta.ru/fme/relation/1207_16_KVANTOVYJ]]/URI URI[[http://libmeta.ru/fme/relation/1207_15_KVANTOVYJ]]/URI при взаимодействии с другими системами. Вероятности К. п. в атомах и молекулах принято характеризовать средним числом переходов данного типа за единицу времени (1 c).

Излучательные К. п. могут быть спонтанными («самопроизвольными»), не зависяшими от внешних воздействий на квантовую систему и обусловленными ее взаимодействием с физич. вакуумом (URI[[http://libmeta.ru/fme/relation/1207_14_KVANTOVYJ]]/URI фотона), и вынужденными (индуцированными), происходящими под URI[[http://libmeta.ru/fme/relation/1207_13_KVANTOVYJ]]/URI внешнего электромагнитного излучения URI[[http://libmeta.ru/fme/relation/1207_12_KVANTOVYJ]]/URI URI[[http://libmeta.ru/fme/relation/1207_11_KVANTOVYJ]]/URI $URI[[http://libmeta.ru/fme/formula/aux/1207_6_KVANTOVYJ]]/URI$ (поглошение и вынужденное испускание фотона). Вероятности излучательных К. П. определяются коэффициентами Эйнштейна и могут быть URI[[http://libmeta.ru/fme/relation/1207_10_KVANTOVYJ]]/URI методами URI[[http://libmeta.ru/fme/relation/1207_9_KVANTOVYJ]]/URI и квантовой URI[[http://libmeta.ru/fme/relation/1207_8_KVANTOVYJ]]/URI.

Как отмечалось, изменение URI[[http://libmeta.ru/fme/relation/1207_7_KVANTOVYJ]]/URI квантовой системы при безизлучательных К. п. происходит вследствие ее взаимодействия с другими квантовыми системами, напр. для молекулы газа при ее столкновении с другими молекулами, а для URI[[http://libmeta.ru/fme/relation/1207_6_KVANTOVYJ]]/URI в URI[[http://libmeta.ru/fme/relation/1207_5_KVANTOVYJ]]/URI или в кристалле - при взаимодействии с ближайшим окружением. Помимо вынужденных безизлучательных К. п., сопровождающихся изменением URI[[http://libmeta.ru/fme/relation/1207_4_KVANTOVYJ]]/URI системы, возможны спонтанные безизлучательные К. П., при к-рых при заданной URI[[http://libmeta.ru/fme/relation/1207_3_KVANTOVYJ]]/URI происходит распад системы на части. Такие процессы возможны, если URI[[http://libmeta.ru/fme/relation/1207_2_KVANTOVYJ]]/URI системы больше URI[[http://libmeta.ru/fme/relation/1207_1_KVANTOVYJ]]/URI, необходимой для ее распада.</text>
  <text_orig>характерныЙ для Квантовой системы (атома, молекулы, кристалла, атомного ядра, элементарной частицы) скачкообразный переход из одного состояния в другое, происходящий под влиянием какого-либо взаимодействия, присушего частицам данной системы. Наиболее важен случай К. П. между стационарными состояниями, соответствующими определенным значениям энергии системы [представление о К. П. Для этого случая было введено Н. Бором (N. Bohr, 1913)]. К. П. между нестационарными состояниями могут быть описаны с помошью принципа суперпозиции состояний.

В общем случае К. П. характеризуется амплитудой перехода (см. Рассеяния матрица); квадрат ее модуля определяет вероятность перехода. При любых К. П. выполняются точные законы сохранения энергии, импульса, момента импульса, электрич. заряда и др. В К. п., происходяших за счет электромагнитного и сильного взаимодействий, выполняются законы сохранения пространственной четности, зарядовой четности, странности и др., к-рые могут нарушаться в переходах, происходяших благодаря слабому взаимодействию. К. П. между различными стационарными состояниями, сопровождающиеся испусканием или поглошением какой-либо частицы (напр., фотона в случае излучательных переходов), на схемах уровней энергии принято изображать вертикальными или наклонными линиями, соединяющими соответствующие уровни энергии системы, изображаемые горизонтальными линиями.

Ниже рассматриваются К. П. в атомах и молекулах. Такие К. П. могут быть излучательными и безизлучательными. При излучательном К. П. система испускает (переход ![](https://cdn.mathpix.com/cropped/2023_07_08_49824a252a4ab5959e5fg-1.jpg?height=37&amp;width=804&amp;top_left_y=58&amp;top_left_x=87)
ний, между к-рыми происходит К. п.) или поглошает (переход $\mathscr{E}_{k} \rightarrow \mathscr{E}_{i}$ ) квант электромагнитного излучения - фотон энергии $h v \equiv \hbar \omega=\mathscr{E}_{i}-\mathscr{E}_{k}$ ( $v$ или $\omega-$ обычная или круговая частота излучения). В зависимости от величины $\mathscr{E}_{i}-\mathscr{E}_{k}$ испускается или поглошается излучение в различных частотных диапазонах шкалы электромагнитных волн. Совокупность излучательных К. п. с верхних уровней энергии на нижние образует спектр испускания данной квантовой системы, а с нижних уровней на верхние - ее спектр поглощения. При безизлучательном К. п. система отдает или получает энергию при взаимодействии с другими системами. Вероятности К. п. в атомах и молекулах принято характеризовать средним числом переходов данного типа за единицу времени (1 c).

Излучательные К. п. могут быть спонтанными («самопроизвольными»), не зависяшими от внешних воздействий на квантовую систему и обусловленными ее взаимодействием с физич. вакуумом (спонтанное испускание фотона), и вынужденными (индуцированными), происходящими под действием внешнего электромагнитного излучения резонансной частоты $v=\left(\mathscr{E}_{i}-\mathscr{E}_{k}\right) / h$ (поглошение и вынужденное испускание фотона). Вероятности излучательных К. П. определяются коэффициентами Эйнштейна и могут быть рассчитаны методами квантовой электродинамики и квантовой механики.

Как отмечалось, изменение энергии квантовой системы при безизлучательных К. п. происходит вследствие ее взаимодействия с другими квантовыми системами, напр. для молекулы газа при ее столкновении с другими молекулами, а для частицы в жидкости или в кристалле - при взаимодействии с ближайшим окружением. Помимо вынужденных безизлучательных К. п., сопровождающихся изменением энергии системы, возможны спонтанные безизлучательные К. П., при к-рых при заданной энергии происходит распад системы на части. Такие процессы возможны, если энергия системы больше энергии, необходимой для ее распада. М. А. Ельяиевич.</text_orig>
</article>
