<?xml version="1.0" ?>
<article uri="http://libmeta.ru/fme/article/1209_KVANTOVYJ">
  <title>КВАНТОВЫЙ ШУМ</title>
  <author/>
  <title_short/>
  <pages>
    <start>263</start>
    <end>263</end>
  </pages>
  <literature>
    <literature_orig/>
  </literature>
  <formulas_main/>
  <formulas_aux/>
  <relations/>
  <text> - см. Квантовое стохастическое исчисление.
</text>
  <text_orig> - см. Квантовое стохастическое исчисление.
</text_orig>
</article>
