<?xml version="1.0" ?>
<article uri="http://libmeta.ru/fme/article/1209_KVANTOVYJ">
  <title>КВАНТОВЫЙ СЛУЧАЙНЫЙ ПРОЦЕСС В УЗКОМ СМЫСЛЕ</title>
  <authors/>
  <title_short/>
  <pages>
    <start>262</start>
    <end>263</end>
  </pages>
  <literature>
    <literature_orig>Лит.: [1] Бела вкин В. П., «Теоретич. и математич. физика», 1985, т. 62, № 3, c. 409-31; [2] Accardi L., Frigerio A., Lewis J. T., «Publ. RTMS Kyoto Univ.», 1982, v. 18, № 1, p. 97-133; [3] Lindblad G., «Comm. Math. Phys.», 1979, v. 65, № 3, p. 281-94.</literature_orig>
    <unit>
      <author>Белавкин В. П.</author>
      <title>«Теоретич. и математич. физика»</title>
      <publication/>
      <year>1985</year>
      <other>т. 62, № 3, c. 409-31</other>
    </unit>
    <unit>
      <author>Accardi L.</author>
      <author>Frigerio A.</author>
      <author>Lewis J. T.</author>
      <title>«Publ. RTMS Kyoto Univ.»</title>
      <publication/>
      <year>1982</year>
      <other>v. 18, № 1, p. 97-133</other>
    </unit>
    <unit>
      <author>Lindblad G.</author>
      <title>«Comm. Math. Phys.»</title>
      <publication/>
      <year>1979</year>
      <other>v. 65, № 3, p. 281-94.</other>
    </unit>
  </literature>
  <formulas_main>
    <formula uri="http://libmeta.ru/fme/formula/main/1209_1_KVANTOVYJ">x_{a_{1} \ldots a_{n}}^{t_{1} t_{n}}=\left\|\pi_{t_{n}}\left(a_{n}\right) \ldots \pi_{t_{1}}\left(a_{1}\right) \xi\right\|^{2}, \quad t_{1}&lt;\ldots&lt;t_{n},</formula>
    <formula uri="http://libmeta.ru/fme/formula/main/1209_2_KVANTOVYJ">\xi_{a_{1} \ldots a_{n}}^{t_{1} \ldots t_{n}}=\pi_{t_{n}}\left(a_{n}\right) \ldots \pi_{t_{1}}\left(a_{1}\right) \xi</formula>
  </formulas_main>
  <formulas_aux>
    <formula uri="http://libmeta.ru/fme/formula/aux/1209_1_KVANTOVYJ">\left\{X_{t}\right\}</formula>
    <formula uri="http://libmeta.ru/fme/formula/aux/1209_2_KVANTOVYJ">X_{t}</formula>
    <formula uri="http://libmeta.ru/fme/formula/aux/1209_3_KVANTOVYJ">H</formula>
    <formula uri="http://libmeta.ru/fme/formula/aux/1209_4_KVANTOVYJ">t \in \mathbb{R}</formula>
    <formula uri="http://libmeta.ru/fme/formula/aux/1209_5_KVANTOVYJ">\xi \in H,\|\xi\|=1</formula>
    <formula uri="http://libmeta.ru/fme/formula/aux/1209_6_KVANTOVYJ">\left\{X_{t}\right\}</formula>
    <formula uri="http://libmeta.ru/fme/formula/aux/1209_7_KVANTOVYJ">(\Omega, \mathscr{F}, \mathrm{P})</formula>
    <formula uri="http://libmeta.ru/fme/formula/aux/1209_8_KVANTOVYJ">x_{t}: \Omega \rightarrow \mathbb{R}</formula>
    <formula uri="http://libmeta.ru/fme/formula/aux/1209_9_KVANTOVYJ">H=\mathscr{L}^{2}(\Omega, \mathscr{F}, \mathrm{P})</formula>
    <formula uri="http://libmeta.ru/fme/formula/aux/1209_10_KVANTOVYJ">x_{t}</formula>
    <formula uri="http://libmeta.ru/fme/formula/aux/1209_11_KVANTOVYJ">X_{t}</formula>
    <formula uri="http://libmeta.ru/fme/formula/aux/1209_12_KVANTOVYJ">\pi_{t}(d x)=d E_{t}(x)</formula>
    <formula uri="http://libmeta.ru/fme/formula/aux/1209_13_KVANTOVYJ">X_{t}=\int X d E(x)</formula>
    <formula uri="http://libmeta.ru/fme/formula/aux/1209_14_KVANTOVYJ">\left\{\pi_{t}\right\}</formula>
    <formula uri="http://libmeta.ru/fme/formula/aux/1209_15_KVANTOVYJ">\pi_{t}: \mathfrak{B} \rightarrow P(H) \sigma</formula>
    <formula uri="http://libmeta.ru/fme/formula/aux/1209_16_KVANTOVYJ">\mathfrak{B}</formula>
    <formula uri="http://libmeta.ru/fme/formula/aux/1209_17_KVANTOVYJ">\mathscr{P}(H)</formula>
    <formula uri="http://libmeta.ru/fme/formula/aux/1209_18_KVANTOVYJ">\mu(E)=\langle\xi \mid E \xi\rangle</formula>
    <formula uri="http://libmeta.ru/fme/formula/aux/1209_19_KVANTOVYJ">\mathscr{P}(H)</formula>
    <formula uri="http://libmeta.ru/fme/formula/aux/1209_20_KVANTOVYJ">\sigma</formula>
    <formula uri="http://libmeta.ru/fme/formula/aux/1209_21_KVANTOVYJ">\mathfrak{B}</formula>
    <formula uri="http://libmeta.ru/fme/formula/aux/1209_22_KVANTOVYJ">\pi_{t}</formula>
    <formula uri="http://libmeta.ru/fme/formula/aux/1209_23_KVANTOVYJ">\pi_{t}: \mathfrak{A} \rightarrow</formula>
    <formula uri="http://libmeta.ru/fme/formula/aux/1209_24_KVANTOVYJ">\rightarrow \mathscr{B}(H)</formula>
    <formula uri="http://libmeta.ru/fme/formula/aux/1209_25_KVANTOVYJ">C^{*}</formula>
    <formula uri="http://libmeta.ru/fme/formula/aux/1209_26_KVANTOVYJ">\mathfrak{A}</formula>
    <formula uri="http://libmeta.ru/fme/formula/aux/1209_27_KVANTOVYJ">\mathfrak{B}</formula>
    <formula uri="http://libmeta.ru/fme/formula/aux/1209_28_KVANTOVYJ">C^{*}</formula>
    <formula uri="http://libmeta.ru/fme/formula/aux/1209_29_KVANTOVYJ">\mathfrak{B}</formula>
    <formula uri="http://libmeta.ru/fme/formula/aux/1209_30_KVANTOVYJ">\mathbb{1} \in \mathfrak{A}</formula>
    <formula uri="http://libmeta.ru/fme/formula/aux/1209_31_KVANTOVYJ">\left\{\pi_{t}\right\}, \pi_{t}(1)=I</formula>
    <formula uri="http://libmeta.ru/fme/formula/aux/1209_32_KVANTOVYJ">\xi \in H</formula>
    <formula uri="http://libmeta.ru/fme/formula/aux/1209_33_KVANTOVYJ">\mathscr{A}</formula>
    <formula uri="http://libmeta.ru/fme/formula/aux/1209_34_KVANTOVYJ">\left\{x_{a_{1} \ldots a_{n}}^{t_{1} \ldots t_{n}}\right\}</formula>
    <formula uri="http://libmeta.ru/fme/formula/aux/1209_35_KVANTOVYJ">a_{i} \in \mathfrak{A},\left\|a_{i}\right\| \leqslant 1</formula>
    <formula uri="http://libmeta.ru/fme/formula/aux/1209_36_KVANTOVYJ">a^{*}=a=a^{2}</formula>
    <formula uri="http://libmeta.ru/fme/formula/aux/1209_37_KVANTOVYJ">\mathfrak{A}_{t}=\pi_{t}(\mathfrak{A})</formula>
    <formula uri="http://libmeta.ru/fme/formula/aux/1209_38_KVANTOVYJ">\pi_{t}: \mathfrak{A} \rightarrow \mathscr{B}(H)</formula>
    <formula uri="http://libmeta.ru/fme/formula/aux/1209_39_KVANTOVYJ">x</formula>
    <formula uri="http://libmeta.ru/fme/formula/aux/1209_40_KVANTOVYJ">\left\{\pi_{t}\right\}</formula>
    <formula uri="http://libmeta.ru/fme/formula/aux/1209_41_KVANTOVYJ">\pi_{t}(1) E_{t}=E_{t}</formula>
    <formula uri="http://libmeta.ru/fme/formula/aux/1209_42_KVANTOVYJ">\left\{E_{t}\right\}</formula>
    <formula uri="http://libmeta.ru/fme/formula/aux/1209_43_KVANTOVYJ">E_{t}^{*}=E_{t}=E_{t}^{2}</formula>
    <formula uri="http://libmeta.ru/fme/formula/aux/1209_44_KVANTOVYJ">\mathfrak{X}</formula>
    <formula uri="http://libmeta.ru/fme/formula/aux/1209_45_KVANTOVYJ">\mathscr{\&amp;}_{t} \subseteq H</formula>
    <formula uri="http://libmeta.ru/fme/formula/aux/1209_46_KVANTOVYJ">\xi \in \mathscr{E}_{t}</formula>
    <formula uri="http://libmeta.ru/fme/formula/aux/1209_47_KVANTOVYJ">\mathscr{E}_{t} \subseteq \mathscr{E}_{s}, t \leqslant s</formula>
    <formula uri="http://libmeta.ru/fme/formula/aux/1209_48_KVANTOVYJ">H</formula>
    <formula uri="http://libmeta.ru/fme/formula/aux/1209_49_KVANTOVYJ">x</formula>
    <formula uri="http://libmeta.ru/fme/formula/aux/1209_50_KVANTOVYJ">t_{1}&lt;\ldots&lt;t_{n}</formula>
    <formula uri="http://libmeta.ru/fme/formula/aux/1209_51_KVANTOVYJ">a_{i} \in \mathfrak{A}</formula>
    <formula uri="http://libmeta.ru/fme/formula/aux/1209_52_KVANTOVYJ">t_{\mathrm{i}} \leqslant t</formula>
    <formula uri="http://libmeta.ru/fme/formula/aux/1209_53_KVANTOVYJ">H</formula>
    <formula uri="http://libmeta.ru/fme/formula/aux/1209_54_KVANTOVYJ">\left\{E_{t}\right\}</formula>
    <formula uri="http://libmeta.ru/fme/formula/aux/1209_55_KVANTOVYJ">t</formula>
    <formula uri="http://libmeta.ru/fme/formula/aux/1209_56_KVANTOVYJ">E_{t}^{\xi}=\xi</formula>
    <formula uri="http://libmeta.ru/fme/formula/aux/1209_57_KVANTOVYJ">t</formula>
    <formula uri="http://libmeta.ru/fme/formula/aux/1209_58_KVANTOVYJ">\inf \left(\xi \mid E_{t} \xi\right)=1</formula>
    <formula uri="http://libmeta.ru/fme/formula/aux/1209_59_KVANTOVYJ">\left\{\pi_{t}\right\} C^{*}</formula>
    <formula uri="http://libmeta.ru/fme/formula/aux/1209_60_KVANTOVYJ">\mathfrak{A}</formula>
    <formula uri="http://libmeta.ru/fme/formula/aux/1209_61_KVANTOVYJ">H</formula>
    <formula uri="http://libmeta.ru/fme/formula/aux/1209_62_KVANTOVYJ">\xi \in H</formula>
    <formula uri="http://libmeta.ru/fme/formula/aux/1209_63_KVANTOVYJ">\mathfrak{A}</formula>
    <formula uri="http://libmeta.ru/fme/formula/aux/1209_64_KVANTOVYJ">\left\{E_{t}\right\}</formula>
    <formula uri="http://libmeta.ru/fme/formula/aux/1209_65_KVANTOVYJ">\left(H\right.</formula>
    <formula uri="http://libmeta.ru/fme/formula/aux/1209_66_KVANTOVYJ">\left.\left\{E_{t}\right\}\right)</formula>
    <formula uri="http://libmeta.ru/fme/formula/aux/1209_67_KVANTOVYJ">\pi_{t}(1)=E_{t}</formula>
    <formula uri="http://libmeta.ru/fme/formula/aux/1209_68_KVANTOVYJ">t</formula>
    <formula uri="http://libmeta.ru/fme/formula/aux/1209_69_KVANTOVYJ">H</formula>
    <formula uri="http://libmeta.ru/fme/formula/aux/1209_70_KVANTOVYJ">\vee E_{t}=I</formula>
    <formula uri="http://libmeta.ru/fme/formula/aux/1209_71_KVANTOVYJ">H</formula>
    <formula uri="http://libmeta.ru/fme/formula/aux/1209_72_KVANTOVYJ">\wedge E_{t}=P</formula>
    <formula uri="http://libmeta.ru/fme/formula/aux/1209_73_KVANTOVYJ">P</formula>
    <formula uri="http://libmeta.ru/fme/formula/aux/1209_74_KVANTOVYJ">\xi</formula>
    <formula uri="http://libmeta.ru/fme/formula/aux/1209_75_KVANTOVYJ">H</formula>
    <formula uri="http://libmeta.ru/fme/formula/aux/1209_76_KVANTOVYJ">\left\{\pi_{t}\right\}</formula>
    <formula uri="http://libmeta.ru/fme/formula/aux/1209_77_KVANTOVYJ">\left\{\pi_{t}^{1}\right\}</formula>
    <formula uri="http://libmeta.ru/fme/formula/aux/1209_78_KVANTOVYJ">H^{1}</formula>
    <formula uri="http://libmeta.ru/fme/formula/aux/1209_79_KVANTOVYJ">\left\{E_{t}^{1}\right\}</formula>
    <formula uri="http://libmeta.ru/fme/formula/aux/1209_80_KVANTOVYJ">\xi \in H^{1}</formula>
    <formula uri="http://libmeta.ru/fme/formula/aux/1209_81_KVANTOVYJ">U: H^{1} \rightarrow H, U^{*} U=I^{1}, U \xi=\xi</formula>
    <formula uri="http://libmeta.ru/fme/formula/aux/1209_82_KVANTOVYJ">\pi_{t}^{1}: U \pi_{t}^{1}(a)=</formula>
    <formula uri="http://libmeta.ru/fme/formula/aux/1209_83_KVANTOVYJ">=\pi_{t}(a) U E_{t}^{1}</formula>
    <formula uri="http://libmeta.ru/fme/formula/aux/1209_84_KVANTOVYJ">a \in \mathscr{Y}</formula>
    <formula uri="http://libmeta.ru/fme/formula/aux/1209_85_KVANTOVYJ">H</formula>
    <formula uri="http://libmeta.ru/fme/formula/aux/1209_86_KVANTOVYJ">\left\{\pi_{t}\right\}</formula>
    <formula uri="http://libmeta.ru/fme/formula/aux/1209_87_KVANTOVYJ">\pi_{t}^{1}(a)=\pi_{t}(a) E_{t}^{1}</formula>
    <formula uri="http://libmeta.ru/fme/formula/aux/1209_88_KVANTOVYJ">H^{1} \subset H, \xi^{1}=\xi</formula>
    <formula uri="http://libmeta.ru/fme/formula/aux/1209_89_KVANTOVYJ">E_{t}^{1} \leqslant E_{t}</formula>
    <formula uri="http://libmeta.ru/fme/formula/aux/1209_90_KVANTOVYJ">H</formula>
    <formula uri="http://libmeta.ru/fme/formula/aux/1209_91_KVANTOVYJ">\left\{x_{a_{1} \ldots a_{n}}^{t_{1} \ldots t_{n}}\right\}</formula>
    <formula uri="http://libmeta.ru/fme/formula/aux/1209_92_KVANTOVYJ">H</formula>
    <formula uri="http://libmeta.ru/fme/formula/aux/1209_93_KVANTOVYJ">\left\{\pi_{t}\right\}</formula>
  </formulas_aux>
  <relations/>
  <text>это, вообше говоря, некоммутативное семейство $URI[[http://libmeta.ru/fme/formula/aux/1209_1_KVANTOVYJ]]/URI$ самосопряженных операторов $URI[[http://libmeta.ru/fme/formula/aux/1209_2_KVANTOVYJ]]/URI$ в гильбертовом пространстве $URI[[http://libmeta.ru/fme/formula/aux/1209_3_KVANTOVYJ]]/URI$, индексированное временем $URI[[http://libmeta.ru/fme/formula/aux/1209_4_KVANTOVYJ]]/URI$, с фиксированным вектором состояния $URI[[http://libmeta.ru/fme/formula/aux/1209_5_KVANTOVYJ]]/URI$. При этом коммутативным семействам $URI[[http://libmeta.ru/fme/formula/aux/1209_6_KVANTOVYJ]]/URI$ отвечают классич. случайные процессы, описываемые на вероятностном пространстве $URI[[http://libmeta.ru/fme/formula/aux/1209_7_KVANTOVYJ]]/URI$ действительными случайными величинами $URI[[http://libmeta.ru/fme/formula/aux/1209_8_KVANTOVYJ]]/URI$, к-рые могут быть представлены в $URI[[http://libmeta.ru/fme/formula/aux/1209_9_KVANTOVYJ]]/URI$ коммутирующими операторами умножения на $URI[[http://libmeta.ru/fme/formula/aux/1209_10_KVANTOVYJ]]/URI$. Сопоставив каждому $URI[[http://libmeta.ru/fme/formula/aux/1209_11_KVANTOVYJ]]/URI$ проекторнозначную меру $URI[[http://libmeta.ru/fme/formula/aux/1209_12_KVANTOVYJ]]/URI$ спектрального разложения $URI[[http://libmeta.ru/fme/formula/aux/1209_13_KVANTOVYJ]]/URI$, можно дать (см. [1]) эквивалентное определение К. с. П. как семейства $URI[[http://libmeta.ru/fme/formula/aux/1209_14_KVANTOVYJ]]/URI$ борелевских гомоморфизмов $URI[[http://libmeta.ru/fme/formula/aux/1209_15_KVANTOVYJ]]/URI$-алгебры $URI[[http://libmeta.ru/fme/formula/aux/1209_16_KVANTOVYJ]]/URI$ действительных чисел в квантовую логику ортопроекторов $URI[[http://libmeta.ru/fme/formula/aux/1209_17_KVANTOVYJ]]/URI$ с заданной вероятностной мерой $URI[[http://libmeta.ru/fme/formula/aux/1209_18_KVANTOVYJ]]/URI$ на $URI[[http://libmeta.ru/fme/formula/aux/1209_19_KVANTOVYJ]]/URI$.

Такое определение естественно обобщается (см. [1]) на случай произвольной $URI[[http://libmeta.ru/fme/formula/aux/1209_20_KVANTOVYJ]]/URI$-алгебры $URI[[http://libmeta.ru/fme/formula/aux/1209_21_KVANTOVYJ]]/URI$, причем гомоморфизмы $URI[[http://libmeta.ru/fme/formula/aux/1209_22_KVANTOVYJ]]/URI$ однозначно продолжаются до представлений $URI[[http://libmeta.ru/fme/formula/aux/1209_23_KVANTOVYJ]]/URI$ $URI[[http://libmeta.ru/fme/formula/aux/1209_24_KVANTOVYJ]]/URI$ соответствуюшей абелевой $URI[[http://libmeta.ru/fme/formula/aux/1209_25_KVANTOVYJ]]/URI$-алгебры $URI[[http://libmeta.ru/fme/formula/aux/1209_26_KVANTOVYJ]]/URI$, порождаемой коммутативным множеством самосопряженных идемпотентов, отождествляемым с $URI[[http://libmeta.ru/fme/formula/aux/1209_27_KVANTOVYJ]]/URI$.

К. с. п. над нек-рой $URI[[http://libmeta.ru/fme/formula/aux/1209_28_KVANTOVYJ]]/URI$-алгеброй $URI[[http://libmeta.ru/fme/formula/aux/1209_29_KVANTOVYJ]]/URI$ с единицей $URI[[http://libmeta.ru/fme/formula/aux/1209_30_KVANTOVYJ]]/URI$ в с ильном смысле называется семейство ее нормированных представлений $URI[[http://libmeta.ru/fme/formula/aux/1209_31_KVANTOVYJ]]/URI$, на гильбертовом пространстве с нормированным вектором $URI[[http://libmeta.ru/fme/formula/aux/1209_32_KVANTOVYJ]]/URI$ (см. [2]). В слабом (ши роком ) с м ыс ле К.с. п. над $URI[[http://libmeta.ru/fme/formula/aux/1209_33_KVANTOVYJ]]/URI$ описывается (см. [3]) семейством $URI[[http://libmeta.ru/fme/formula/aux/1209_34_KVANTOVYJ]]/URI$ хронологически упорядоченных корреляционных форм

\[
URI[[http://libmeta.ru/fme/formula/main/1209_1_KVANTOVYJ]]/URI
\]

дающих вероятности последовательного измерения всевозможных эффектов $URI[[http://libmeta.ru/fme/formula/aux/1209_35_KVANTOVYJ]]/URI$ (событий при $URI[[http://libmeta.ru/fme/formula/aux/1209_36_KVANTOVYJ]]/URI$ ), в открытой квантовой системе $URI[[http://libmeta.ru/fme/formula/aux/1209_37_KVANTOVYJ]]/URI$, определяемой семейством представлений $URI[[http://libmeta.ru/fme/formula/aux/1209_38_KVANTOVYJ]]/URI$. Указанная статистич. интерпретация форм $URI[[http://libmeta.ru/fme/formula/aux/1209_39_KVANTOVYJ]]/URI$ также сохраняется, если представления $URI[[http://libmeta.ru/fme/formula/aux/1209_40_KVANTOVYJ]]/URI$ не сохраняют единицу, а удовлетворяют ослабленному условию нормировки $URI[[http://libmeta.ru/fme/formula/aux/1209_41_KVANTOVYJ]]/URI$ относительно нек-рого семейства $URI[[http://libmeta.ru/fme/formula/aux/1209_42_KVANTOVYJ]]/URI$ ортопроекторов $URI[[http://libmeta.ru/fme/formula/aux/1209_43_KVANTOVYJ]]/URI$ на $URI[[http://libmeta.ru/fme/formula/aux/1209_44_KVANTOVYJ]]/URI$-инвариантные подпространства $URI[[http://libmeta.ru/fme/formula/aux/1209_45_KVANTOVYJ]]/URI$, содержащие $URI[[http://libmeta.ru/fme/formula/aux/1209_46_KVANTOVYJ]]/URI$ и образующие фильтрацию $URI[[http://libmeta.ru/fme/formula/aux/1209_47_KVANTOVYJ]]/URI$, в $URI[[http://libmeta.ru/fme/formula/aux/1209_48_KVANTOVYJ]]/URI$. Реконструкции теорема позволяет восстановить такие представления по полному набору форм $URI[[http://libmeta.ru/fme/formula/aux/1209_49_KVANTOVYJ]]/URI$ однозначно (с точностью до унитарной эквивалентности) на минимальных подпространствах, порождаемых векторами

\[
URI[[http://libmeta.ru/fme/formula/main/1209_2_KVANTOVYJ]]/URI
\]

при $URI[[http://libmeta.ru/fme/formula/aux/1209_50_KVANTOVYJ]]/URI$ для всех $URI[[http://libmeta.ru/fme/formula/aux/1209_51_KVANTOVYJ]]/URI$ и $URI[[http://libmeta.ru/fme/formula/aux/1209_52_KVANTOVYJ]]/URI$.

Двузначный случайный процесс, описываемый на гильбертовом пространстве $URI[[http://libmeta.ru/fme/formula/aux/1209_53_KVANTOVYJ]]/URI$ неубываюшим семейством $URI[[http://libmeta.ru/fme/formula/aux/1209_54_KVANTOVYJ]]/URI$ ортопроекторов, отвечающих за происхождение какого-либо события до момента $URI[[http://libmeta.ru/fme/formula/aux/1209_55_KVANTOVYJ]]/URI$, называется нач а льным моме н том, если $URI[[http://libmeta.ru/fme/formula/aux/1209_56_KVANTOVYJ]]/URI$ для всех $URI[[http://libmeta.ru/fme/formula/aux/1209_57_KVANTOVYJ]]/URI$, то есть если это событие происходит вначале с вероятностью $URI[[http://libmeta.ru/fme/formula/aux/1209_58_KVANTOVYJ]]/URI$.

Семейство представлений $URI[[http://libmeta.ru/fme/formula/aux/1209_59_KVANTOVYJ]]/URI$-алгебры $URI[[http://libmeta.ru/fme/formula/aux/1209_60_KVANTOVYJ]]/URI$ на гильбертовом пространстве $URI[[http://libmeta.ru/fme/formula/aux/1209_61_KVANTOVYJ]]/URI$ с вектором состояния $URI[[http://libmeta.ru/fme/formula/aux/1209_62_KVANTOVYJ]]/URI$ называется К.с.п. над $URI[[http://libmeta.ru/fme/formula/aux/1209_63_KVANTOVYJ]]/URI$ с начальным моментом $URI[[http://libmeta.ru/fme/formula/aux/1209_64_KVANTOVYJ]]/URI$ $URI[[http://libmeta.ru/fme/formula/aux/1209_65_KVANTOVYJ]]/URI$-п роцессом относительно $URI[[http://libmeta.ru/fme/formula/aux/1209_66_KVANTOVYJ]]/URI$, если $URI[[http://libmeta.ru/fme/formula/aux/1209_67_KVANTOVYJ]]/URI$ для всех $URI[[http://libmeta.ru/fme/formula/aux/1209_68_KVANTOVYJ]]/URI$, и называется каноническим $URI[[http://libmeta.ru/fme/formula/aux/1209_69_KVANTOVYJ]]/URI$-процессом, если $URI[[http://libmeta.ru/fme/formula/aux/1209_70_KVANTOVYJ]]/URI$, и регулярным $URI[[http://libmeta.ru/fme/formula/aux/1209_71_KVANTOVYJ]]/URI$-процессом, если $URI[[http://libmeta.ru/fme/formula/aux/1209_72_KVANTOVYJ]]/URI$, где $URI[[http://libmeta.ru/fme/formula/aux/1209_73_KVANTOVYJ]]/URI$ - ортопроектор на $URI[[http://libmeta.ru/fme/formula/aux/1209_74_KVANTOVYJ]]/URI$.

Моделью $URI[[http://libmeta.ru/fme/formula/aux/1209_75_KVANTOVYJ]]/URI$-процесса $URI[[http://libmeta.ru/fme/formula/aux/1209_76_KVANTOVYJ]]/URI$ называется (см. [1]) К. с. п. $URI[[http://libmeta.ru/fme/formula/aux/1209_77_KVANTOVYJ]]/URI$ на гильбертовом пространстве $URI[[http://libmeta.ru/fme/formula/aux/1209_78_KVANTOVYJ]]/URI$ с начальным моментом $URI[[http://libmeta.ru/fme/formula/aux/1209_79_KVANTOVYJ]]/URI$ и вектором состояния $URI[[http://libmeta.ru/fme/formula/aux/1209_80_KVANTOVYJ]]/URI$, для к-рого существует изометрия $URI[[http://libmeta.ru/fme/formula/aux/1209_81_KVANTOVYJ]]/URI$, сплетающая представление с подпредставлением $URI[[http://libmeta.ru/fme/formula/aux/1209_82_KVANTOVYJ]]/URI$ $URI[[http://libmeta.ru/fme/formula/aux/1209_83_KVANTOVYJ]]/URI$, и $URI[[http://libmeta.ru/fme/formula/aux/1209_84_KVANTOVYJ]]/URI$. Подпроцессом $URI[[http://libmeta.ru/fme/formula/aux/1209_85_KVANTOVYJ]]/URI$-процесса $URI[[http://libmeta.ru/fme/formula/aux/1209_86_KVANTOVYJ]]/URI$ называется всякая его модель, определяемая подпредставлениями $URI[[http://libmeta.ru/fme/formula/aux/1209_87_KVANTOVYJ]]/URI$ на подпространстве $URI[[http://libmeta.ru/fme/formula/aux/1209_88_KVANTOVYJ]]/URI$ с меньшими ортопроекторами $URI[[http://libmeta.ru/fme/formula/aux/1209_89_KVANTOVYJ]]/URI$. $URI[[http://libmeta.ru/fme/formula/aux/1209_90_KVANTOVYJ]]/URI$-процесс называется м и н и м а л ь н ы м, если он совпадает со всяким своим подпроцессом.

Физич. эКвивалентности К. с. П., согласно к-рой процессы не различаются, если они приводят к одинаковой статистике последовательных измерений, отвечает понятие слабой (широкой) эквивалентности, отождествляющей процессы с совпадающими семействами $URI[[http://libmeta.ru/fme/formula/aux/1209_91_KVANTOVYJ]]/URI$ хронологически упорядоченных форм. Всякая модель $URI[[http://libmeta.ru/fme/formula/aux/1209_92_KVANTOVYJ]]/URI$-процесса $URI[[http://libmeta.ru/fme/formula/aux/1209_93_KVANTOVYJ]]/URI$ и, в частности, всякий унитарно эквивалентный процесс или подпроцесс слабо эквивалентны данному процессу. Минимальный подпроцесс является моделью любого другого слабо эквивалентного процесса и унитарно эквивалентен этому процессу, если последний является минимальным (см. [1]).</text>
  <text_orig>это, вообше говоря, некоммутативное семейство $\left\{X_{t}\right\}$ самосопряженных операторов $X_{t}$ в гильбертовом пространстве $H$, индексированное временем $t \in \mathbb{R}$, с фиксированным вектором состояния $\xi \in H,\|\xi\|=1$. При этом коммутативным семействам $\left\{X_{t}\right\}$ отвечают классич. случайные процессы, описываемые на вероятностном пространстве $(\Omega, \mathscr{F}, \mathrm{P})$ действительными случайными величинами $x_{t}: \Omega \rightarrow \mathbb{R}$, к-рые могут быть представлены в $H=\mathscr{L}^{2}(\Omega, \mathscr{F}, \mathrm{P})$ коммутирующими операторами умножения на $x_{t}$. Сопоставив каждому $X_{t}$ проекторнозначную меру $\pi_{t}(d x)=d E_{t}(x)$ спектрального разложения $X_{t}=\int X d E(x)$, можно дать (см. [1]) эквивалентное определение К. с. П. как семейства $\left\{\pi_{t}\right\}$ борелевских гомоморфизмов $\pi_{t}: \mathfrak{B} \rightarrow P(H) \sigma$-алгебры $\mathfrak{B}$ действительных чисел в квантовую логику ортопроекторов $\mathscr{P}(H)$ с заданной вероятностной мерой $\mu(E)=\langle\xi \mid E \xi\rangle$ на $\mathscr{P}(H)$.

Такое определение естественно обобщается (см. [1]) на случай произвольной $\sigma$-алгебры $\mathfrak{B}$, причем гомоморфизмы $\pi_{t}$ однозначно продолжаются до представлений $\pi_{t}: \mathfrak{A} \rightarrow$ $\rightarrow \mathscr{B}(H)$ соответствуюшей абелевой $C^{*}$-алгебры $\mathfrak{A}$, порождаемой коммутативным множеством самосопряженных идемпотентов, отождествляемым с $\mathfrak{B}$.

К. с. п. над нек-рой $C^{*}$-алгеброй $\mathfrak{B}$ с единицей $\mathbb{1} \in \mathfrak{A}$ в с ильном смысле называется семейство ее нормированных представлений $\left\{\pi_{t}\right\}, \pi_{t}(1)=I$, на гильбертовом пространстве с нормированным вектором $\xi \in H$ (см. [2]). В слабом (ши роком ) с м ыс ле К.с. п. над $\mathscr{A}$ описывается (см. [3]) семейством $\left\{x_{a_{1} \ldots a_{n}}^{t_{1} \ldots t_{n}}\right\}$ хронологически упорядоченных корреляционных форм

\[
x_{a_{1} \ldots a_{n}}^{t_{1} t_{n}}=\left\|\pi_{t_{n}}\left(a_{n}\right) \ldots \pi_{t_{1}}\left(a_{1}\right) \xi\right\|^{2}, \quad t_{1}&lt;\ldots&lt;t_{n},
\]

дающих вероятности последовательного измерения всевозможных эффектов $a_{i} \in \mathfrak{A},\left\|a_{i}\right\| \leqslant 1$ (событий при $a^{*}=a=a^{2}$ ), в открытой квантовой системе $\mathfrak{A}_{t}=\pi_{t}(\mathfrak{A})$, определяемой семейством представлений $\pi_{t}: \mathfrak{A} \rightarrow \mathscr{B}(H)$. Указанная статистич. интерпретация форм $x$ также сохраняется, если представления $\left\{\pi_{t}\right\}$ не сохраняют единицу, а удовлетворяют ослабленному условию нормировки $\pi_{t}(1) E_{t}=E_{t}$ относительно нек-рого семейства $\left\{E_{t}\right\}$ ортопроекторов $E_{t}^{*}=E_{t}=E_{t}^{2}$ на $\mathfrak{X}$-инвариантные подпространства $\mathscr{\&amp;}_{t} \subseteq H$, содержащие $\xi \in \mathscr{E}_{t}$ и образующие фильтрацию $\mathscr{E}_{t} \subseteq \mathscr{E}_{s}, t \leqslant s$, в $H$. Реконструкции теорема позволяет восстановить такие представления по полному набору форм $x$ однозначно (с точностью до унитарной эквивалентности) на минимальных подпространствах, порождаемых векторами

\[
\xi_{a_{1} \ldots a_{n}}^{t_{1} \ldots t_{n}}=\pi_{t_{n}}\left(a_{n}\right) \ldots \pi_{t_{1}}\left(a_{1}\right) \xi
\]

при $t_{1}&lt;\ldots&lt;t_{n}$ для всех $a_{i} \in \mathfrak{A}$ и $t_{\mathrm{i}} \leqslant t$.

Двузначный случайный процесс, описываемый на гильбертовом пространстве $H$ неубываюшим семейством $\left\{E_{t}\right\}$ ортопроекторов, отвечающих за происхождение какого-либо события до момента $t$, называется нач а льным моме н том, если $E_{t}^{\xi}=\xi$ для всех $t$, то есть если это событие происходит вначале с вероятностью $\inf \left(\xi \mid E_{t} \xi\right)=1$.

Семейство представлений $\left\{\pi_{t}\right\} C^{*}$-алгебры $\mathfrak{A}$ на гильбертовом пространстве $H$ с вектором состояния $\xi \in H$ называется К.с.п. над $\mathfrak{A}$ с начальным моментом $\left\{E_{t}\right\}$ $\left(H\right.$-п роцессом относительно $\left.\left\{E_{t}\right\}\right)$, если $\pi_{t}(1)=E_{t}$ для всех $t$, и называется каноническим $H$-процессом, если $\vee E_{t}=I$, и регулярным $H$-процессом, если $\wedge E_{t}=P$, где $P$ - ортопроектор на $\xi$.

Моделью $H$-процесса $\left\{\pi_{t}\right\}$ называется (см. [1]) К. с. п. $\left\{\pi_{t}^{1}\right\}$ на гильбертовом пространстве $H^{1}$ с начальным моментом $\left\{E_{t}^{1}\right\}$ и вектором состояния $\xi \in H^{1}$, для к-рого существует изометрия $U: H^{1} \rightarrow H, U^{*} U=I^{1}, U \xi=\xi$, сплетающая представление с подпредставлением $\pi_{t}^{1}: U \pi_{t}^{1}(a)=$ $=\pi_{t}(a) U E_{t}^{1}$, и $a \in \mathscr{Y}$. Подпроцессом $H$-процесса $\left\{\pi_{t}\right\}$ называется всякая его модель, определяемая подпредставлениями $\pi_{t}^{1}(a)=\pi_{t}(a) E_{t}^{1}$ на подпространстве $H^{1} \subset H, \xi^{1}=\xi$ с меньшими ортопроекторами $E_{t}^{1} \leqslant E_{t}$. $H$-процесс называется м и н и м а л ь н ы м, если он совпадает со всяким своим подпроцессом.

Физич. эКвивалентности К. с. П., согласно к-рой процессы не различаются, если они приводят к одинаковой статистике последовательных измерений, отвечает понятие слабой (широкой) эквивалентности, отождествляющей процессы с совпадающими семействами $\left\{x_{a_{1} \ldots a_{n}}^{t_{1} \ldots t_{n}}\right\}$ хронологически упорядоченных форм. Всякая модель $H$-процесса $\left\{\pi_{t}\right\}$ и, в частности, всякий унитарно эквивалентный процесс или подпроцесс слабо эквивалентны данному процессу. Минимальный подпроцесс является моделью любого другого слабо эквивалентного процесса и унитарно эквивалентен этому процессу, если последний является минимальным (см. [1]).

Лит.: [1] Бела вкин В. П., «Теоретич. и математич. физика», 1985, т. 62, № 3, c. 409-31; [2] Accardi L., Frigerio A., Lewis J. T., «Publ. RTMS Kyoto Univ.», 1982, v. 18, № 1, p. 97-133; [3] Lindblad G., «Comm. Math. Phys.», 1979, v. 65, № 3, p. 281-94.</text_orig>
</article>
