<?xml version="1.0" ?>
<article uri="http://libmeta.ru/fme/article/120_ACIMPTOTI4ESKOE">
  <title>АCИМПТОТИ4ЕСКОЕ СОCТОЯНИЕ</title>
  <authors/>
  <title_short/>
  <pages>
    <start>36</start>
    <end>36</end>
  </pages>
  <literature>
    <literature_orig/>
  </literature>
  <formulas_main/>
  <formulas_aux/>
  <relations/>
  <text>см. Аксиоматическая квантовая теория поля.</text>
  <text_orig>см. Аксиоматическая квантовая теория поля.</text_orig>
</article>
