<?xml version="1.0" ?>
<article uri="http://libmeta.ru/fme/article/1212_KVARKOVYJ">
  <title>КВАРКОВЫЙ МЕШОК</title>
  <authors/>
  <title_short/>
  <pages>
    <start>264</start>
    <end>264</end>
  </pages>
  <literature>
    <literature_orig/>
  </literature>
  <formulas_main/>
  <formulas_aux>
    <formula uri="http://libmeta.ru/fme/formula/aux/1212_1_KVARKOVYJ">a \partial-</formula>
    <formula uri="http://libmeta.ru/fme/formula/aux/1212_2_KVARKOVYJ">R</formula>
    <formula uri="http://libmeta.ru/fme/formula/aux/1212_3_KVARKOVYJ">R</formula>
    <formula uri="http://libmeta.ru/fme/formula/aux/1212_4_KVARKOVYJ">S U(2) \otimes S U(2)</formula>
  </formulas_aux>
  <relations/>
  <text> - феноменологическая модель $URI[[http://libmeta.ru/fme/formula/aux/1212_1_KVARKOVYJ]]/URI$ ронов, позволяющая успешно рассчитывать их низкоэнергетические характеристики: спектр масс адронов, магнитные моменты, вершины нуклон-нуклонного и пион-нуклонного взаимодействий и т. д. В простейшем варианте (см. [1]) К. м. - это система эффективно свободных безмассовых фермионных полей с квантовыми числами валентных кварков, локализованных в конечной области пространства (напр., сферы радиуса $URI[[http://libmeta.ru/fme/formula/aux/1212_2_KVARKOVYJ]]/URI$ ) и удовлетворяющих определенным граничным условиям.

Размер К. м. $URI[[http://libmeta.ru/fme/formula/aux/1212_3_KVARKOVYJ]]/URI$ - внешний параметр, через к-рый выражаются все размерные характеристики адронов. В более сложных моделях К. м. [2], [3] предполагается существование отрицательной плотности энергии вакуума внутри мешка, что делает К. м. энергетически стабильным, по крайней мере для простейших адронных состояний. Удовлетворительно описывающим наблюдаемую $URI[[http://libmeta.ru/fme/formula/aux/1212_4_KVARKOVYJ]]/URI$-киральную симметрию ядерных сил является киральный К. м., в к-ром вводятся дополнительно безмассовые (в киральном пределе) пионные поля (см. [3]). Граничные условия на границе кирального К. м. связывают кварковые и пионные поля так, чтобы аксиальный ток, соответствующий киральной симметрии, сохранялся.

Jum.: [1] Bogolioubov N. N., &amp;amp;quot;Ann. Inst. H. Poincaré», 1968, t. 8, p. 163-90; [2] Chodos A., Thorn G., «Phys. Lett.», 1974, v. B 53, p. 359-61; [3] B rown G., Rho M., там же, 1979, v. B82,

![](https://cdn.mathpix.com/cropped/2023_07_08_8bac2044815b1cb06ec9g-1.jpg?height=35&amp;amp;amp;width=804&amp;amp;amp;top_left_y=282&amp;amp;amp;top_left_x=929)</text>
  <text_orig> - феноменологическая модель $a \partial-$ ронов, позволяющая успешно рассчитывать их низкоэнергетические характеристики: спектр масс адронов, магнитные моменты, вершины нуклон-нуклонного и пион-нуклонного взаимодействий и т. д. В простейшем варианте (см. [1]) К. м. - это система эффективно свободных безмассовых фермионных полей с квантовыми числами валентных кварков, локализованных в конечной области пространства (напр., сферы радиуса $R$ ) и удовлетворяющих определенным граничным условиям.

Размер К. м. $R$ - внешний параметр, через к-рый выражаются все размерные характеристики адронов. В более сложных моделях К. м. [2], [3] предполагается существование отрицательной плотности энергии вакуума внутри мешка, что делает К. м. энергетически стабильным, по крайней мере для простейших адронных состояний. Удовлетворительно описывающим наблюдаемую $S U(2) \otimes S U(2)$-киральную симметрию ядерных сил является киральный К. м., в к-ром вводятся дополнительно безмассовые (в киральном пределе) пионные поля (см. [3]). Граничные условия на границе кирального К. м. связывают кварковые и пионные поля так, чтобы аксиальный ток, соответствующий киральной симметрии, сохранялся.

Jum.: [1] Bogolioubov N. N., &amp;amp;quot;Ann. Inst. H. Poincaré», 1968, t. 8, p. 163-90; [2] Chodos A., Thorn G., «Phys. Lett.», 1974, v. B 53, p. 359-61; [3] B rown G., Rho M., там же, 1979, v. B82,

![](https://cdn.mathpix.com/cropped/2023_07_08_8bac2044815b1cb06ec9g-1.jpg?height=35&amp;amp;amp;width=804&amp;amp;amp;top_left_y=282&amp;amp;amp;top_left_x=929)
</text_orig>
</article>
