<?xml version="1.0" ?>
<article uri="http://libmeta.ru/fme/article/1214_KVARKOVYJ" alphabetic_pos="1216">
  <title>КВАРКОВЫЙ МЕШОК</title>
  <authors/>
  <pages>
    <start>264</start>
    <end>264</end>
  </pages>
  <literature>
    <literature_orig>Jum.: [1] Bogolyubov N. N., &quot;ann. Inst. H. Poincaré», 1968, t. 8, p. 163-90; [2] Chodos A., Thorn G., «phys. Lett.», 1974, v. B 53, p. 359-61; [3] B rown G., Rho M., там же, 1979, v. B82,![](https://cdn.mathpix.com/cropped/2023_07_08_8bac2044815b1cb06ec9g-1.jpg?height=35&amp;width=804&amp;top_left_y=282&amp;top_left_x=929)</literature_orig>
    <unit>
      <author>Bogolyubov N. N.</author>
      <title>&quot;ann. Inst. H. Poincaré»</title>
      <publication/>
      <year>1968</year>
      <other>t. 8, p. 163-90</other>
    </unit>
    <unit>
      <author>Chodos A.</author>
      <author>Thorn G.</author>
      <title>«phys. Lett.»</title>
      <publication/>
      <year>1974</year>
      <other>v. B 53, p. 359-61</other>
    </unit>
    <unit>
      <author>Brown G.</author>
      <author>Rho M.</author>
      <title>там же</title>
      <publication/>
      <year>1979</year>
      <other>v. B82, ![](https://cdn.mathpix.com/cropped/2023_07_08_8bac2044815b1cb06ec9g-1.jpg?height=35&amp;width=804&amp;top_left_y=282&amp;top_left_x=929)</other>
    </unit>
  </literature>
  <formulas_main/>
  <formulas_aux>
    <formula uri="http://libmeta.ru/fme/formula/aux/1214_1_KVARKOVYJ">a \partial-</formula>
    <formula uri="http://libmeta.ru/fme/formula/aux/1214_2_KVARKOVYJ">r</formula>
    <formula uri="http://libmeta.ru/fme/formula/aux/1214_3_KVARKOVYJ">r</formula>
    <formula uri="http://libmeta.ru/fme/formula/aux/1214_4_KVARKOVYJ">s U(2) \otimes S U(2)</formula>
  </formulas_aux>
  <relations n="7">
    <relation uri="http://libmeta.ru/fme/relation/1214_1_KVARKOVYJ">
      <rel_text>аксиальный ток</rel_text>
      <target>http://libmeta.ru/fme/article/43_AKSIAL'NYJ</target>
    </relation>
    <relation uri="http://libmeta.ru/fme/relation/1214_2_KVARKOVYJ">
      <rel_text>Граничные условия</rel_text>
      <target>http://libmeta.ru/fme/article/713_GRANIChNOE</target>
    </relation>
    <relation uri="http://libmeta.ru/fme/relation/1214_3_KVARKOVYJ">
      <rel_text>наблюдаемую</rel_text>
      <target>http://libmeta.ru/fme/article/1853_NABLJuDAEMA</target>
    </relation>
    <relation uri="http://libmeta.ru/fme/relation/1214_4_KVARKOVYJ">
      <rel_text>состояний</rel_text>
      <target>http://libmeta.ru/fme/article/2867_SOSTOJaNI</target>
    </relation>
    <relation uri="http://libmeta.ru/fme/relation/1214_5_KVARKOVYJ">
      <rel_text>энергии</rel_text>
      <target>http://libmeta.ru/fme/article/3530_ENERGI</target>
    </relation>
    <relation uri="http://libmeta.ru/fme/relation/1214_6_KVARKOVYJ">
      <rel_text>плотности</rel_text>
      <target>http://libmeta.ru/fme/article/2253_PLOTNOST</target>
    </relation>
    <relation uri="http://libmeta.ru/fme/relation/1214_7_KVARKOVYJ">
      <rel_text>граничным условиям</rel_text>
      <target>http://libmeta.ru/fme/article/713_GRANIChNOE</target>
    </relation>
  </relations>
  <text>феноменологическая модель $URI[[http://libmeta.ru/fme/formula/aux/1214_1_KVARKOVYJ]]/URI$ ронов, позволяющая успешно рассчитывать их низкоэнергетические характеристики: спектр масс адронов, магнитные моменты, вершины нуклон-нуклонного и пион-нуклонного взаимодействий и т. д. В простейшем варианте (см. [1]) К. м. - это система эффективно свободных безмассовых фермионных полей с квантовыми числами валентных кварков, локализованных в конечной области пространства (напр., сферы радиуса $URI[[http://libmeta.ru/fme/formula/aux/1214_2_KVARKOVYJ]]/URI$ ) и удовлетворяющих определенным URI[[http://libmeta.ru/fme/relation/1214_7_KVARKOVYJ]]/URI.

Размер К. м. $URI[[http://libmeta.ru/fme/formula/aux/1214_3_KVARKOVYJ]]/URI$ - внешний параметр, через к-рый выражаются все размерные характеристики адронов. В более сложных моделях К. м. [2], [3] предполагается существование отрицательной URI[[http://libmeta.ru/fme/relation/1214_6_KVARKOVYJ]]/URI URI[[http://libmeta.ru/fme/relation/1214_5_KVARKOVYJ]]/URI вакуума внутри мешка, что делает К. м. энергетически стабильным, по крайней мере для простейших адронных URI[[http://libmeta.ru/fme/relation/1214_4_KVARKOVYJ]]/URI. Удовлетворительно описывающим URI[[http://libmeta.ru/fme/relation/1214_3_KVARKOVYJ]]/URI $URI[[http://libmeta.ru/fme/formula/aux/1214_4_KVARKOVYJ]]/URI$-киральную симметрию ядерных сил является киральный К. м., в к-ром вводятся дополнительно безмассовые (в киральном пределе) пионные поля (см. [3]). URI[[http://libmeta.ru/fme/relation/1214_2_KVARKOVYJ]]/URI на границе кирального К. м. связывают кварковые и пионные поля так, чтобы URI[[http://libmeta.ru/fme/relation/1214_1_KVARKOVYJ]]/URI, соответствующий киральной симметрии, сохранялся.</text>
  <text_orig>феноменологическая модель $a \partial-$ ронов, позволяющая успешно рассчитывать их низкоэнергетические характеристики: спектр масс адронов, магнитные моменты, вершины нуклон-нуклонного и пион-нуклонного взаимодействий и т. д. В простейшем варианте (см. [1]) К. м. - это система эффективно свободных безмассовых фермионных полей с квантовыми числами валентных кварков, локализованных в конечной области пространства (напр., сферы радиуса $R$ ) и удовлетворяющих определенным граничным условиям.

Размер К. м. $R$ - внешний параметр, через к-рый выражаются все размерные характеристики адронов. В более сложных моделях К. м. [2], [3] предполагается существование отрицательной плотности энергии вакуума внутри мешка, что делает К. м. энергетически стабильным, по крайней мере для простейших адронных состояний. Удовлетворительно описывающим наблюдаемую $S U(2) \otimes S U(2)$-киральную симметрию ядерных сил является киральный К. м., в к-ром вводятся дополнительно безмассовые (в киральном пределе) пионные поля (см. [3]). Граничные условия на границе кирального К. м. связывают кварковые и пионные поля так, чтобы аксиальный ток, соответствующий киральной симметрии, сохранялся.

Jum.: [1] Bogolioubov N. N., &quot;Ann. Inst. H. Poincaré», 1968, t. 8, p. 163-90; [2] Chodos A., Thorn G., «Phys. Lett.», 1974, v. B 53, p. 359-61; [3] B rown G., Rho M., там же, 1979, v. B82,

![](https://cdn.mathpix.com/cropped/2023_07_08_8bac2044815b1cb06ec9g-1.jpg?height=35&amp;width=804&amp;top_left_y=282&amp;top_left_x=929)</text_orig>
</article>
