<?xml version="1.0" ?>
<article uri="http://libmeta.ru/fme/article/1218_KEMPBELLA" alphabetic_pos="1220">
  <title>КЕМПБЕЛЛА ФОРМУЛА</title>
  <authors/>
  <pages>
    <start>265</start>
    <end>265</end>
  </pages>
  <literature>
    <literature_orig/>
  </literature>
  <formulas_main/>
  <formulas_aux/>
  <relations n="1">
    <relation uri="http://libmeta.ru/fme/relation/1218_1_KEMPBELLA">
      <rel_text>Пуассоновский процесс</rel_text>
      <target>http://libmeta.ru/fme/article/2482_PUASSONOVSKIJ</target>
    </relation>
  </relations>
  <text>см. URI[[http://libmeta.ru/fme/relation/1218_1_KEMPBELLA]]/URI.</text>
  <text_orig>см. Пуассоновский процесс.</text_orig>
</article>
