<?xml version="1.0" ?>
<article uri="http://libmeta.ru/fme/article/1219_KERRA" alphabetic_pos="1221">
  <title>КЕРРА ЧЕРНАЯ ДЫРА</title>
  <authors/>
  <title_short/>
  <pages>
    <start>265</start>
    <end>265</end>
  </pages>
  <literature>
    <literature_orig/>
  </literature>
  <formulas_main/>
  <formulas_aux/>
  <relations>
    <relation uri="http://libmeta.ru/fme/relation/1219_1_KERRA">
      <rel_text>черная дыра</rel_text>
      <target>http://libmeta.ru/fme/article/3419_ChERNAJa</target>
    </relation>
  </relations>
  <text>см. Керра - Ньюмена URI[[http://libmeta.ru/fme/relation/1219_1_KERRA]]/URI.</text>
  <text_orig>см. Керра - Ньюмена черная дыра.</text_orig>
</article>
