<?xml version="1.0" ?>
<article uri="http://libmeta.ru/fme/article/121_ASIMPTOTIChESKOJ">
  <title>АСИМПТОТИЧЕСКОЙ КОММУТАТИВНОСТИ УСЛОВИЕ</title>
  <author/>
  <title_short/>
  <pages>
    <start>36</start>
    <end>36</end>
  </pages>
  <literature>
    <literature_orig/>
  </literature>
  <formulas_main>
    <formula uri="http://libmeta.ru/fme/formula/main/121_1_ASIMPTOTIChESKOJ">\lim _{\left|\boldsymbol{r}_{1}-\boldsymbol{r}_{2}\right| \rightarrow \infty}\left\langle\left[\hat{\varphi}\left(t_{1}, \boldsymbol{r}_{1} ; \sigma_{1}\right), \hat{\varphi}\left(t_{2}, \boldsymbol{r}_{2} ; \sigma_{2}\right)\right]\right\rangle=0,</formula>
  </formulas_main>
  <formulas_aux>
    <formula uri="http://libmeta.ru/fme/formula/aux/121_1_ASIMPTOTIChESKOJ">\hat{\varphi}(t, \boldsymbol{r} ; 1)=\hat{\psi}^{+}(t, \boldsymbol{r}), \hat{\varphi}(t, \boldsymbol{r},-1)=\hat{\psi}(t, \boldsymbol{r}) ; \hat{\psi}^{+}, \hat{\psi}</formula>
    <formula uri="http://libmeta.ru/fme/formula/aux/121_2_ASIMPTOTIChESKOJ">t_{1}</formula>
    <formula uri="http://libmeta.ru/fme/formula/aux/121_3_ASIMPTOTIChESKOJ">t_{2}-</formula>
    <formula uri="http://libmeta.ru/fme/formula/aux/121_4_ASIMPTOTIChESKOJ">[\ldots</formula>
    <formula uri="http://libmeta.ru/fme/formula/aux/121_5_ASIMPTOTIChESKOJ">R-1451</formula>
  </formulas_aux>
  <relations/>
  <text> - условие

\[
URI[[http://libmeta.ru/fme/formula/main/121_1_ASIMPTOTIChESKOJ]]/URI
\]

где $URI[[http://libmeta.ru/fme/formula/aux/121_1_ASIMPTOTIChESKOJ]]/URI$ - полевые операторы в гейзенберговом представлении, $URI[[http://libmeta.ru/fme/formula/aux/121_2_ASIMPTOTIChESKOJ]]/URI$ и $URI[[http://libmeta.ru/fme/formula/aux/121_3_ASIMPTOTIChESKOJ]]/URI$ фиксированные моменты времени, 〈... - гиббсовское среднее в бесконечном объеме, $URI[[http://libmeta.ru/fme/formula/aux/121_4_ASIMPTOTIChESKOJ]]/URI$, ...] - коммутатор. А. к. у. постулируется в статистич. механике и тесно связано с принциіом ослабления корреляций.

Лит.: [1] Б о го л юб о в Н. Н., Квазисредние в задачах статистической механики, Препринт, $URI[[http://libmeta.ru/fme/formula/aux/121_5_ASIMPTOTIChESKOJ]]/URI$, ОИЯИ, Дубна, 1963.

Д. П. Санкович.
</text>
  <text_orig> - условие

\[
\lim _{\left|\boldsymbol{r}_{1}-\boldsymbol{r}_{2}\right| \rightarrow \infty}\left\langle\left[\hat{\varphi}\left(t_{1}, \boldsymbol{r}_{1} ; \sigma_{1}\right), \hat{\varphi}\left(t_{2}, \boldsymbol{r}_{2} ; \sigma_{2}\right)\right]\right\rangle=0,
\]

где $\hat{\varphi}(t, \boldsymbol{r} ; 1)=\hat{\psi}^{+}(t, \boldsymbol{r}), \hat{\varphi}(t, \boldsymbol{r},-1)=\hat{\psi}(t, \boldsymbol{r}) ; \hat{\psi}^{+}, \hat{\psi}$ - полевые операторы в гейзенберговом представлении, $t_{1}$ и $t_{2}-$ фиксированные моменты времени, 〈... - гиббсовское среднее в бесконечном объеме, $[\ldots$, ...] - коммутатор. А. к. у. постулируется в статистич. механике и тесно связано с принциіом ослабления корреляций.

Лит.: [1] Б о го л юб о в Н. Н., Квазисредние в задачах статистической механики, Препринт, $R-1451$, ОИЯИ, Дубна, 1963.

Д. П. Санкович.
</text_orig>
</article>
