<?xml version="1.0" ?>
<article uri="http://libmeta.ru/fme/article/1220_KERRA-N'JuMENA">
  <title>КЕРРА-НЬЮМЕНА ЧЕРНАЯ ДЫРА</title>
  <authors>
    <author>А. Т. Ильичев</author>
  </authors>
  <title_short/>
  <pages>
    <start>265</start>
    <end>265</end>
  </pages>
  <literature>
    <literature_orig>Jum.: [1] New man E. [a. o.], «J. Math. Phys.», 1965, v. 6, № 6, p. 918-19; [2] Penrose R., «Riv. Nuovo Cim.», 1969, v. 1 (spec.), p. 252-76; [3] Латт ман А. [и др.], Сборник задач по теории относительности и гравитации, пер. с англ., М., 1979; [4] С arte r B., «Phys. Rev.», 1968, v. 174, № 5, p. 1559-71; [5] М и знер Ч., Т о рн К., У и ле р Дж., Гравитация, пер. с англ., т. 3, М., 1977.</literature_orig>
    <unit>
      <title>New man E. [a. o.], «J. Math. Phys.»</title>
      <publication/>
      <year>1965</year>
      <other>v. 6, № 6, p. 918-19</other>
    </unit>
    <unit>
      <author>Penrose R.</author>
      <title>«Riv. Nuovo Cim.»</title>
      <publication/>
      <year>1969</year>
      <other>v. 1 (spec.), p. 252-76</other>
    </unit>
    <unit>
      <title>Латт ман А. [и др.], Сборник задач по теории относительности и гравитации</title>
      <publication>пер. с англ., М.</publication>
      <year>1979</year>
      <other/>
    </unit>
    <unit>
      <author>Сarter B.</author>
      <title>«Phys. Rev.»</title>
      <publication/>
      <year>1968</year>
      <other>v. 174, № 5, p. 1559-71</other>
    </unit>
    <unit>
      <author>Мизнер Ч.</author>
      <author>Торн К.</author>
      <title>У и ле р Дж., Гравитация</title>
      <publication>пер. с англ., т. 3, М.</publication>
      <year>1977</year>
      <other/>
    </unit>
  </literature>
  <formulas_main>
    <formula uri="http://libmeta.ru/fme/formula/main/1220_1_KERRA-N'JuMENA">\begin{aligned}
&amp; d s^{2}=-\frac{\left(1-2 m r-Q^{2}\right)}{\Sigma} d t^{2}-\frac{\left(2 m r-Q^{2}\right) 2 a \sin ^{2} \theta}{\Sigma} d t d \varphi+ \\
&amp; +\Sigma / \Delta d r^{2}+\Sigma d \theta^{2}+\left[\left(r^{2}+a^{2}\right)^{2}+\Delta a^{2} \sin ^{2} \theta\right] d \varphi^{2} / \Sigma,
\end{aligned}</formula>
    <formula uri="http://libmeta.ru/fme/formula/main/1220_2_KERRA-N'JuMENA">\Delta=r^{2}-2 m r+a^{2}+Q^{2}, \Sigma=r^{2}+a^{2} \cos ^{2} \theta .</formula>
    <formula uri="http://libmeta.ru/fme/formula/main/1220_3_KERRA-N'JuMENA">r=r_{+}=m+\left(m^{2}-Q^{2}-a^{2}\right)^{1 / 2} .</formula>
    <formula uri="http://libmeta.ru/fme/formula/main/1220_4_KERRA-N'JuMENA">d V=d t+\left(r^{2}+a^{2}\right) d r / \Delta, d \widetilde{\varphi}=d \varphi+a d r / \Delta .</formula>
    <formula uri="http://libmeta.ru/fme/formula/main/1220_5_KERRA-N'JuMENA">\xi_{(t)}=\frac{\partial}{\partial t}=\frac{\partial}{\partial V}, \quad \xi_{(\varphi)}=\frac{\partial}{\partial \varphi}=\frac{\partial}{\partial \tilde{\varphi}},</formula>
    <formula uri="http://libmeta.ru/fme/formula/main/1220_6_KERRA-N'JuMENA">\xi_{(t)} \xi_{(t)}=g_{t t}, \xi_{(t)} \xi_{(\varphi)}=g_{t \varphi}, \xi_{(\varphi)} \xi_{(\varphi)}=g_{\varphi \varphi}</formula>
    <formula uri="http://libmeta.ru/fme/formula/main/1220_7_KERRA-N'JuMENA">r_{0}=m+\left(m^{2}-Q^{2}-a^{2} \cos ^{2} \theta\right)^{1 / 2}</formula>
  </formulas_main>
  <formulas_aux>
    <formula uri="http://libmeta.ru/fme/formula/aux/1220_1_KERRA-N'JuMENA">\left(m^{2} \geqslant a^{2}+Q^{2}\right)</formula>
    <formula uri="http://libmeta.ru/fme/formula/aux/1220_2_KERRA-N'JuMENA">m</formula>
    <formula uri="http://libmeta.ru/fme/formula/aux/1220_3_KERRA-N'JuMENA">a</formula>
    <formula uri="http://libmeta.ru/fme/formula/aux/1220_4_KERRA-N'JuMENA">Q</formula>
    <formula uri="http://libmeta.ru/fme/formula/aux/1220_5_KERRA-N'JuMENA">Q=0</formula>
    <formula uri="http://libmeta.ru/fme/formula/aux/1220_6_KERRA-N'JuMENA">a=0</formula>
    <formula uri="http://libmeta.ru/fme/formula/aux/1220_7_KERRA-N'JuMENA">a=Q, Q=0</formula>
    <formula uri="http://libmeta.ru/fme/formula/aux/1220_8_KERRA-N'JuMENA">\xi_{(t)}</formula>
    <formula uri="http://libmeta.ru/fme/formula/aux/1220_9_KERRA-N'JuMENA">\xi_{(t)}</formula>
    <formula uri="http://libmeta.ru/fme/formula/aux/1220_10_KERRA-N'JuMENA">\theta=0</formula>
    <formula uri="http://libmeta.ru/fme/formula/aux/1220_11_KERRA-N'JuMENA">\theta=\pi</formula>
    <formula uri="http://libmeta.ru/fme/formula/aux/1220_12_KERRA-N'JuMENA">a</formula>
    <formula uri="http://libmeta.ru/fme/formula/aux/1220_13_KERRA-N'JuMENA">r_{+}</formula>
    <formula uri="http://libmeta.ru/fme/formula/aux/1220_14_KERRA-N'JuMENA">r_{-}=m-\left(m^{2}-Q^{2}-\right.</formula>
    <formula uri="http://libmeta.ru/fme/formula/aux/1220_15_KERRA-N'JuMENA">\left.-a^{2}\right)^{1 / 2}</formula>
  </formulas_aux>
  <relations/>
  <text>стационарное осесимметричное решение уравнений Эйнштейна-Максвелла. Метрика пространства-времени К.-Н. ч. д. в координатах Бойера-Линдквиста имеет вид:

\[
URI[[http://libmeta.ru/fme/formula/main/1220_1_KERRA-N'JuMENA]]/URI
\]

где

\[
URI[[http://libmeta.ru/fme/formula/main/1220_2_KERRA-N'JuMENA]]/URI
\]

К.-Н. ч. д. $URI[[http://libmeta.ru/fme/formula/aux/1220_1_KERRA-N'JuMENA]]/URI$ характеризуется тремя параметрами: массой $URI[[http://libmeta.ru/fme/formula/aux/1220_2_KERRA-N'JuMENA]]/URI$, моментом импульса $URI[[http://libmeta.ru/fme/formula/aux/1220_3_KERRA-N'JuMENA]]/URI$, отнесенным к массе, и зарядом $URI[[http://libmeta.ru/fme/formula/aux/1220_4_KERRA-N'JuMENA]]/URI$ и представляет собой наиболее общее стационарное решение уравнений Эйнштейна-Максвелла, описывающее черную дыру (см. Черная дыра; теоремы единственности). В предельных случаях значения параметров метрика (*) описывает геометрию следующих черных дыр:

a) $URI[[http://libmeta.ru/fme/formula/aux/1220_5_KERRA-N'JuMENA]]/URI$ - стационарную геометрию чер ной ды ры Ke p pa;

б) $URI[[http://libmeta.ru/fme/formula/aux/1220_6_KERRA-N'JuMENA]]/URI$ - статич. геометрию черной ды ры Рейссне ра - Нордст рема;

в) $URI[[http://libmeta.ru/fme/formula/aux/1220_7_KERRA-N'JuMENA]]/URI$ - статич. геометрию черной дыры Ш в а рцши ль ьа.

В координатах Бойера - Линдквиста метрика (*) становится особенной на горизонте событий

\[
URI[[http://libmeta.ru/fme/formula/main/1220_3_KERRA-N'JuMENA]]/URI
\]

Устранить особенность можно переходом к координатам Keppa:

\[
URI[[http://libmeta.ru/fme/formula/main/1220_4_KERRA-N'JuMENA]]/URI
\]

Векторы Киллинга

\[
URI[[http://libmeta.ru/fme/formula/main/1220_5_KERRA-N'JuMENA]]/URI
\]

генерирующие стационарность и осевую симметрию порождают абелеву группу изометрий. Координаты Бойера Линдквиста выделены условием, что скалярные произведения векторов Киллинга равны соответствующим компонентам метрики:

\[
URI[[http://libmeta.ru/fme/formula/main/1220_6_KERRA-N'JuMENA]]/URI
\]

Времениподобный вектор $URI[[http://libmeta.ru/fme/formula/aux/1220_8_KERRA-N'JuMENA]]/URI$ становится изотропным на гиперповерхности

\[
URI[[http://libmeta.ru/fme/formula/main/1220_7_KERRA-N'JuMENA]]/URI
\]

называемой пределом статичности. Это название оправдано тем, что внутри этой гиперповерхности вектор $URI[[http://libmeta.ru/fme/formula/aux/1220_9_KERRA-N'JuMENA]]/URI$ пространственноподобен, и любой наблюдатель неминуемо вовлекается в орбитальное движение вокруг черной дыры. Область между пределом статичности и горизонтом называется э р го с фе р о й. Предел статичности и горизонт касаются в точках $URI[[http://libmeta.ru/fme/formula/aux/1220_10_KERRA-N'JuMENA]]/URI$ и $URI[[http://libmeta.ru/fme/formula/aux/1220_11_KERRA-N'JuMENA]]/URI$. При $URI[[http://libmeta.ru/fme/formula/aux/1220_12_KERRA-N'JuMENA]]/URI$, стремящемся к нулю, они сливаются. При пересечении горизонта наблюдатель не может оставаться на орбите с постоянным радиусом, а увлекается внутрь черной дыры. Р. Пенроуз [2] описал механизм, при помощи к-рого возможно извлечение энергии из черной дыры. Незаряженная частица, находящаяся внутри эргосферы, распадается на пару частиц, энергия одной из к-рых отрицательна (что возможно внутри эргосферы). Составляющая с отрицательной энергией поглощается черной дырой, а другая вылетает из эргосферы во внешнюю часть пространства-времени с энергией большей, чем энергия падающей частицы. Горизонт событий представляет собой изотропную гиперповерхность, образованную закручивающимися нулевыми геодезическими, принадлежащими главной нулевой конгруэнции. Важной характеристикой геометрии К.-Н. ч. Д. являются орбиты пробных частиц (см. [3]). Максимальное аналитич. продолжение метрики Керра - Ньюмена через горизонты $URI[[http://libmeta.ru/fme/formula/aux/1220_13_KERRA-N'JuMENA]]/URI$и $URI[[http://libmeta.ru/fme/formula/aux/1220_14_KERRA-N'JuMENA]]/URI$ $URI[[http://libmeta.ru/fme/formula/aux/1220_15_KERRA-N'JuMENA]]/URI$ представляет собой бесконечное число асимптотически плоских областей, содержащих кольцевую сингулярность (см. [4]).</text>
  <text_orig>стационарное осесимметричное решение уравнений Эйнштейна-Максвелла. Метрика пространства-времени К.-Н. ч. д. в координатах Бойера-Линдквиста имеет вид:

\[
\begin{aligned}
&amp; d s^{2}=-\frac{\left(1-2 m r-Q^{2}\right)}{\Sigma} d t^{2}-\frac{\left(2 m r-Q^{2}\right) 2 a \sin ^{2} \theta}{\Sigma} d t d \varphi+ \\
&amp; +\Sigma / \Delta d r^{2}+\Sigma d \theta^{2}+\left[\left(r^{2}+a^{2}\right)^{2}+\Delta a^{2} \sin ^{2} \theta\right] d \varphi^{2} / \Sigma,
\end{aligned}
\]

где

\[
\Delta=r^{2}-2 m r+a^{2}+Q^{2}, \Sigma=r^{2}+a^{2} \cos ^{2} \theta .
\]

К.-Н. ч. д. $\left(m^{2} \geqslant a^{2}+Q^{2}\right)$ характеризуется тремя параметрами: массой $m$, моментом импульса $a$, отнесенным к массе, и зарядом $Q$ и представляет собой наиболее общее стационарное решение уравнений Эйнштейна-Максвелла, описывающее черную дыру (см. Черная дыра; теоремы единственности). В предельных случаях значения параметров метрика (*) описывает геометрию следующих черных дыр:

a) $Q=0$ - стационарную геометрию чер ной ды ры Ke p pa;

б) $a=0$ - статич. геометрию черной ды ры Рейссне ра - Нордст рема;

в) $a=Q, Q=0$ - статич. геометрию черной дыры Ш в а рцши ль ьа.

В координатах Бойера - Линдквиста метрика (*) становится особенной на горизонте событий

\[
r=r_{+}=m+\left(m^{2}-Q^{2}-a^{2}\right)^{1 / 2} .
\]

Устранить особенность можно переходом к координатам Keppa:

\[
d V=d t+\left(r^{2}+a^{2}\right) d r / \Delta, d \widetilde{\varphi}=d \varphi+a d r / \Delta .
\]

Векторы Киллинга

\[
\xi_{(t)}=\frac{\partial}{\partial t}=\frac{\partial}{\partial V}, \quad \xi_{(\varphi)}=\frac{\partial}{\partial \varphi}=\frac{\partial}{\partial \tilde{\varphi}},
\]

генерирующие стационарность и осевую симметрию порождают абелеву группу изометрий. Координаты Бойера Линдквиста выделены условием, что скалярные произведения векторов Киллинга равны соответствующим компонентам метрики:

\[
\xi_{(t)} \xi_{(t)}=g_{t t}, \xi_{(t)} \xi_{(\varphi)}=g_{t \varphi}, \xi_{(\varphi)} \xi_{(\varphi)}=g_{\varphi \varphi}
\]

Времениподобный вектор $\xi_{(t)}$ становится изотропным на гиперповерхности

\[
r_{0}=m+\left(m^{2}-Q^{2}-a^{2} \cos ^{2} \theta\right)^{1 / 2}
\]

называемой пределом статичности. Это название оправдано тем, что внутри этой гиперповерхности вектор $\xi_{(t)}$ пространственноподобен, и любой наблюдатель неминуемо вовлекается в орбитальное движение вокруг черной дыры. Область между пределом статичности и горизонтом называется э р го с фе р о й. Предел статичности и горизонт касаются в точках $\theta=0$ и $\theta=\pi$. При $a$, стремящемся к нулю, они сливаются. При пересечении горизонта наблюдатель не может оставаться на орбите с постоянным радиусом, а увлекается внутрь черной дыры. Р. Пенроуз [2] описал механизм, при помощи к-рого возможно извлечение энергии из черной дыры. Незаряженная частица, находящаяся внутри эргосферы, распадается на пару частиц, энергия одной из к-рых отрицательна (что возможно внутри эргосферы). Составляющая с отрицательной энергией поглощается черной дырой, а другая вылетает из эргосферы во внешнюю часть пространства-времени с энергией большей, чем энергия падающей частицы. Горизонт событий представляет собой изотропную гиперповерхность, образованную закручивающимися нулевыми геодезическими, принадлежащими главной нулевой конгруэнции. Важной характеристикой геометрии К.-Н. ч. Д. являются орбиты пробных частиц (см. [3]). Максимальное аналитич. продолжение метрики Керра - Ньюмена через горизонты $r_{+}$и $r_{-}=m-\left(m^{2}-Q^{2}-\right.$ $\left.-a^{2}\right)^{1 / 2}$ представляет собой бесконечное число асимптотически плоских областей, содержащих кольцевую сингулярность (см. [4]).

Jum.: [1] New man E. [a. o.], «J. Math. Phys.», 1965, v. 6, № 6, p. 918-19; [2] Penrose R., «Riv. Nuovo Cim.», 1969, v. 1 (spec.), p. 252-76; [3] Латт ман А. [и др.], Сборник задач по теории относительности и гравитации, пер. с англ., М., 1979; [4] С arte r B., «Phys. Rev.», 1968, v. 174, № 5, p. 1559-71; [5] М и знер Ч., Т о рн К., У и ле р Дж., Гравитация, пер. с англ., т. 3, М., 1977.

А. Т. Ильичев.</text_orig>
</article>
