<?xml version="1.0" ?>
<article uri="http://libmeta.ru/fme/article/1221_KINEMATIChESKAJa">
  <title>КИНЕМАТИЧЕСКАЯ ИНТЕРПРЕТАЦИЯ СИСТЕМЫ ДИФФЕРЕНЦИАЛЬНЫХ УРАВНЕНИЙ</title>
  <authors/>
  <title_short/>
  <pages>
    <start>266</start>
    <end>266</end>
  </pages>
  <literature>
    <literature_orig/>
  </literature>
  <formulas_main/>
  <formulas_aux/>
  <relations/>
  <text> - см. Динамическая система.</text>
  <text_orig> - см. Динамическая система.
</text_orig>
</article>
