<?xml version="1.0" ?>
<article uri="http://libmeta.ru/fme/article/1223_KINEMATIChESKAJa">
  <title>КИНЕМАТИЧЕСКАЯ СВЯЗЬ, ДИФФЕРЕНЦИАЛЬНАЯ СВЯЗЬ, НЕ ГОЛОНОМНАЯ СВЯЗЬ</title>
  <authors/>
  <title_short/>
  <pages>
    <start>266</start>
    <end>266</end>
  </pages>
  <literature>
    <literature_orig/>
  </literature>
  <formulas_main/>
  <formulas_aux/>
  <relations/>
  <text> - связь неголономной системы. СМ. также Связи механические.</text>
  <text_orig> - связь неголономной системы. СМ. также Связи механические.
</text_orig>
</article>
