<?xml version="1.0" ?>
<article uri="http://libmeta.ru/fme/article/1224_KINEMATIChESKIE">
  <title>КИНЕМАТИЧЕСКИЕ УРАВНЕНИЯ ЭЙЛЕРА</title>
  <authors/>
  <title_short/>
  <pages>
    <start>266</start>
    <end>266</end>
  </pages>
  <literature>
    <literature_orig/>
  </literature>
  <formulas_main/>
  <formulas_aux/>
  <relations/>
  <text> - см. Эйлера уравнения в механике твердого тела.</text>
  <text_orig> - см. Эйлера уравнения в механике твердого тела.
</text_orig>
</article>
