<?xml version="1.0" ?>
<article uri="http://libmeta.ru/fme/article/1226_KINEMATIChESKIE">
  <title>КИНЕМАТИЧЕСКИЕ УРАВНЕНИЯ ЭЙЛЕРА</title>
  <authors/>
  <title_short/>
  <pages>
    <start>266</start>
    <end>266</end>
  </pages>
  <literature>
    <literature_orig/>
  </literature>
  <formulas_main/>
  <formulas_aux/>
  <relations>
    <relation uri="http://libmeta.ru/fme/relation/1226_71_KINEMATIChESKIE">
      <rel_text>Эйлера уравнения в механике твердого тела</rel_text>
      <self present="true">http://libmeta.ru/fme/article/3474_EJLERA</self>
    </relation>
  </relations>
  <text>см. URI[[http://libmeta.ru/fme/relation/1226_71_KINEMATIChESKIE]]/URI.</text>
  <text_orig>см. Эйлера уравнения в механике твердого тела.</text_orig>
</article>
