<?xml version="1.0" ?>
<article uri="http://libmeta.ru/fme/article/1228_KINETIChESKIJ">
  <title>КИНЕТИЧЕСКИЙ МОМЕНТ</title>
  <authors/>
  <title_short/>
  <pages>
    <start>267</start>
    <end>267</end>
  </pages>
  <literature>
    <literature_orig/>
  </literature>
  <formulas_main/>
  <formulas_aux/>
  <relations>
    <relation uri="http://libmeta.ru/fme/relation/1228_91_KINETIChESKIJ">
      <rel_text>Момент количества</rel_text>
      <target>http://libmeta.ru/fme/article/1818_MOMENT</target>
    </relation>
  </relations>
  <text>см. URI[[http://libmeta.ru/fme/relation/1228_91_KINETIChESKIJ]]/URI движения.</text>
  <text_orig>см. Момент количества движения.</text_orig>
</article>
