<?xml version="1.0" ?>
<article uri="http://libmeta.ru/fme/article/1233_KIRAL'NAJa" alphabetic_pos="1235">
  <title>КИРАЛЬНАЯ СИММЕТРИЯ В КВАНТОВОЙ ТЕОРИИ ПОЛЯ</title>
  <authors>
    <author>М. К. Волков</author>
  </authors>
  <pages>
    <start>267</start>
    <end>268</end>
  </pages>
  <literature>
    <literature_orig>Лum.: [1] Токи в физике адронов, сб., пер. с англ., М., 1976; [2] Волко в М. К., Пе рвушин В. Н., Существенно нелинейные квантовые теории, динамические симметрии и физика мезонов, М., 1978; [3] Х уан г К., Кварки, лептоны и калибровочные поля, пер. с англ., М., 1985; [4] Р а м о н П., Теория поля, пер. с англ., М., 1984.</literature_orig>
    <unit>
      <title>Токи в физике адронов, сб.</title>
      <publication>пер. с англ., М.</publication>
      <year>1976</year>
      <other/>
    </unit>
    <unit>
      <author>Волков М. К.</author>
      <author>Первушин В. Н.</author>
      <title>Существенно нелинейные квантовые теории, динамические симметрии и физика мезонов</title>
      <publication>М.</publication>
      <year>1978</year>
      <other/>
    </unit>
    <unit>
      <author>Хуанг К.</author>
      <title>Кварки, лептоны и калибровочные поля</title>
      <publication>пер. с англ., М.</publication>
      <year>1985</year>
      <other/>
    </unit>
    <unit>
      <author>Рамон П.</author>
      <title>Теория поля</title>
      <publication>пер. с англ., М.</publication>
      <year>1984</year>
      <other/>
    </unit>
  </literature>
  <formulas_main/>
  <formulas_aux>
    <formula uri="http://libmeta.ru/fme/formula/aux/1233_1_KIRAL'NAJa">(v)</formula>
    <formula uri="http://libmeta.ru/fme/formula/aux/1233_2_KIRAL'NAJa">(a)</formula>
    <formula uri="http://libmeta.ru/fme/formula/aux/1233_3_KIRAL'NAJa">v-A</formula>
    <formula uri="http://libmeta.ru/fme/formula/aux/1233_4_KIRAL'NAJa">v+a</formula>
    <formula uri="http://libmeta.ru/fme/formula/aux/1233_5_KIRAL'NAJa">v-A</formula>
    <formula uri="http://libmeta.ru/fme/formula/aux/1233_6_KIRAL'NAJa">v+a</formula>
    <formula uri="http://libmeta.ru/fme/formula/aux/1233_7_KIRAL'NAJa">v-A</formula>
    <formula uri="http://libmeta.ru/fme/formula/aux/1233_8_KIRAL'NAJa">v+a</formula>
  </formulas_aux>
  <relations n="4">
    <relation uri="http://libmeta.ru/fme/relation/1233_1_KIRAL'NAJa">
      <rel_text>Ток в квантовой теории поля</rel_text>
      <target>http://libmeta.ru/fme/article/3080_TOK</target>
    </relation>
    <relation uri="http://libmeta.ru/fme/relation/1233_2_KIRAL'NAJa">
      <rel_text>частично</rel_text>
      <target>http://libmeta.ru/fme/article/3412_ChASTOT</target>
    </relation>
    <relation uri="http://libmeta.ru/fme/relation/1233_3_KIRAL'NAJa">
      <rel_text>масса</rel_text>
      <target>http://libmeta.ru/fme/article/1728_MASS</target>
    </relation>
    <relation uri="http://libmeta.ru/fme/relation/1233_4_KIRAL'NAJa">
      <rel_text>масса</rel_text>
      <target>http://libmeta.ru/fme/article/1728_MASS</target>
    </relation>
  </relations>
  <text>симметрия уравнений движения, которая комбинируется из двух различных симметрий: симметрии взаимодействия адронов относительно обычных преобразований в изотопическом пространстве без изменения внутренней четности и той же симметрии, но с изменением внутренней четности. Таким образом, преобразования К. с., кроме перемешивания состояний частиц с различными электрич. зарядами, перемешивают и состояния с разной внутренней четностью. К. с. является глобальной, то есть не зависящей от точек пространства-времени. Такая инвариантность в случае частиц ненулевой массы не может быть связана ни с каким законом сохранения для фиксированной системы частиц, а определяет лишь форму их взаимодействия, напр. форму взаимодействия нуклонов с псевдоскалярными пионами, испускание каждого из к-рых изменяет четность системы. В этом смысле К. с. является динамической симметрией. К. с.- один из примеров симметрии, приводящей к существенно нелинейной квантовой теории поля.

Инвариантность относительно вращений в изотопич. пространстве без изменения четности связана с законом сохранения векторных токов $URI[[http://libmeta.ru/fme/formula/aux/1233_1_KIRAL'NAJa]]/URI$, а с изменением четности - с законом сохранения аксиальных токов $URI[[http://libmeta.ru/fme/formula/aux/1233_2_KIRAL'NAJa]]/URI$ (см. URI[[http://libmeta.ru/fme/relation/1233_1_KIRAL'NAJa]]/URI). Сохранение векторного тока можно связать с сохранением полного электрич. заряда системы взаимодействующих частиц. В случае безмассовых спинорных (со спином 1/2) частиц, напр. нейтрино, сохранение аксиального тока можно связать с определенным законом сохранения - законом сохранения спиральности. Действительно, в случае безмассового спинорного поля, распространяющегося со скоростью света, спин квантов поля направлен либо против движения, либо в сторону движения. Соответственно различают левую и правую спиральность; первому случаю соответствует комбинация $URI[[http://libmeta.ru/fme/formula/aux/1233_3_KIRAL'NAJa]]/URI$ токов частиц, второму - комбинация $URI[[http://libmeta.ru/fme/formula/aux/1233_4_KIRAL'NAJa]]/URI$, и эти комбинации должны сохраняться в отсутствие взаимодействия нейтрино с другими частицами. Однако если спинорная частица имеет ненулевую массу покоя, то ее спин не обязательно должен быть ориентирован по оси движения. Но во взаимодействиях с другими частицами это качество спиральности опять проявляется. Так, в слабом взаимодействии участвуют только лептоны с левыми спиральностями, а в сильном могут участвовать как левые (с левой спиральностью частиц) токи адронов $URI[[http://libmeta.ru/fme/formula/aux/1233_5_KIRAL'NAJa]]/URI$, так и правые $URI[[http://libmeta.ru/fme/formula/aux/1233_6_KIRAL'NAJa]]/URI$.

Наряду с теорией поля, использующей лагранжев формализм с лагранжианами, удовлетворяющими требованиям K. с., для нахождения связей между вероятностями процессов с различным числом -взаимодействующих адронов используется так наз. алгебра токов - соотношения, связывающие коммутатор двух токов с самими токами. Она состоит из двух независимых алгебр: алгебры левых токов адронов $URI[[http://libmeta.ru/fme/formula/aux/1233_7_KIRAL'NAJa]]/URI$ и алгебры правых токов адронов $URI[[http://libmeta.ru/fme/formula/aux/1233_8_KIRAL'NAJa]]/URI$.

Киральная квантовая теория поля описывает многочисленные процессы рассеяния и распада адронов при низких энергиях в хорошем согласии с экспериментальными данными. Она имеет место и при описании процессов при очень высоких энергиях (напр., в модели партонов).

К. с. - приближенная; она была бы точной, если бы URI[[http://libmeta.ru/fme/relation/1233_4_KIRAL'NAJa]]/URI псевдоскалярных пионов равнялась нулю. Поскольку же их URI[[http://libmeta.ru/fme/relation/1233_3_KIRAL'NAJa]]/URI отлична от нуля (хотя и существенно меньше массы барионов), аксиальные токи сохраняются лишь URI[[http://libmeta.ru/fme/relation/1233_2_KIRAL'NAJa]]/URI (степень несохранения пропорциональна массе мезона).</text>
  <text_orig>симметрия уравнений движения, которая комбинируется из двух различных симметрий: симметрии взаимодействия адронов относительно обычных преобразований в изотопическом пространстве без изменения внутренней четности и той же симметрии, но с изменением внутренней четности. Таким образом, преобразования К. с., кроме перемешивания состояний частиц с различными электрич. зарядами, перемешивают и состояния с разной внутренней четностью. К. с. является глобальной, то есть не зависяшей от точек пространства-времени. Такая инвариантность в случае частиц ненулевой массы не может быть связана ни с каким законом сохранения для фиксированной системы частиц, а определяет лишь форму их взаимодействия, напр. форму взаимодействия нуклонов с псевдоскалярными пионами, испускание каждого из к-рых изменяет четность системы. В этом смысле К. с. является динамической симметрией. К. с.- один из примеров симметрии, приводящей к существенно нелинейной квантовой теории поля.

Инвариантность относительно вращений в изотопич. пространстве без изменения четности связана с законом сохранения векторных токов $(V)$, а с изменением четности - с законом сохранения аксиальных токов $(A)$ (см. Ток в квантовой теории поля). Сохранение векторного тока можно связать с сохранением полного электрич. заряда системы взаимодействующих частиц. В случае безмассовых спинорных (со спином 1/2) частиц, напр. нейтрино, сохранение аксиального тока можно связать с определенным законом сохранения - законом сохранения спиральности. Действительно, в случае безмассового спинорного поля, распространяющегося со скоростью света, спин квантов поля направлен либо против движения, либо в сторону движения. Соответственно различают левую и правую спиральность; первому случаю соответствует комбинация $V-A$ токов частиц, второму - комбинация $V+A$, и эти комбинации должны сохраняться в отсутствие взаимодействия нейтрино с другими частицами. Однако если спинорная частица имеет ненулевую массу покоя, то ее спин не обязательно должен быть ориентирован по оси движения. Но во взаимодействиях с другими частицами это качество спиральности опять проявляется. Так, в слабом взаимодействии участвуют только лептоны с левыми спиральностями, а в сильном могут участвовать как левые (с левой спиральностью частиц) токи адронов $V-A$, так и правые $V+A$.

Наряду с теорией поля, использующей лагранжев формализм с лагранжианами, удовлетворяюшими требованиям K. с., для нахождения связей между вероятностями процессов с различным числом -взаимодействуюших адронов используется так наз. алгебра токов - соотношения, связывающие коммутатор двух токов с самими токами. Она состоит из двух независимых алгебр: алгебры левых токов адронов $V-A$ и алгебры правых токов адронов $V+A$.

Киральная квантовая теория поля описывает многочисленные процессы рассеяния и распада адронов при низких энергиях в хорошем согласии с экспериментальными данными. Она имеет место и при описании процессов при очень высоких энергиях (напр., в модели партонов).

К. с. - приближенная; она была бы точной, если бы масса псевдоскалярных пионов равнялась нулю. Поскольку же их масса отлична от нуля (хотя и существенно меньше массы барионов), аксиальные токи сохраняются лишь частично (степень несохранения пропорциональна массе мезона).

Лum.: [1] Токи в физике адронов, сб., пер. с англ., М., 1976; [2] Волко в М. К., Пе рвушин В. Н., Существенно нелинейные квантовые теории, динамические симметрии и физика мезонов, М., 1978; [3] Х уан г К., Кварки, лептоны и калибровочные поля, пер. с англ., М., 1985; [4] Р а м о н П., Теория поля, пер. с англ., М., 1984. М.К. Волков.</text_orig>
</article>
