<?xml version="1.0" ?>
<article uri="http://libmeta.ru/fme/article/1237_KIRAL'NOE" alphabetic_pos="1239">
  <title>КИРАЛЬНОЕ СУПЕРПРОСТРАНСТВО</title>
  <authors/>
  <pages>
    <start>268</start>
    <end>268</end>
  </pages>
  <literature>
    <literature_orig/>
  </literature>
  <formulas_main/>
  <formulas_aux/>
  <relations n="1">
    <relation uri="http://libmeta.ru/fme/relation/1237_1_KIRAL'NOE">
      <rel_text>Суnерпространство</rel_text>
      <target>http://libmeta.ru/fme/article/2996_SUPERDETERMINAN</target>
    </relation>
  </relations>
  <text>см. URI[[http://libmeta.ru/fme/relation/1237_1_KIRAL'NOE]]/URI.</text>
  <text_orig>см. Суnерпространство.</text_orig>
</article>
