<?xml version="1.0" ?>
<article uri="http://libmeta.ru/fme/article/1239_KIRKVUDA-MONRO" alphabetic_pos="1241">
  <title>КИРКВУДА-МОНРО УРАВНЕНИЕ</title>
  <authors/>
  <pages>
    <start>269</start>
    <end>269</end>
  </pages>
  <literature>
    <literature_orig/>
  </literature>
  <formulas_main/>
  <formulas_aux/>
  <relations n="2">
    <relation uri="http://libmeta.ru/fme/relation/1239_1_KIRKVUDA-MONRO">
      <rel_text>кинетический предел</rel_text>
      <target>http://libmeta.ru/fme/article/2490_RAVNOVESNYE</target>
    </relation>
    <relation uri="http://libmeta.ru/fme/relation/1239_2_KIRKVUDA-MONRO">
      <rel_text>состояния</rel_text>
      <target>http://libmeta.ru/fme/article/2867_SOSTOJaNI</target>
    </relation>
  </relations>
  <text>см. Равновесные URI[[http://libmeta.ru/fme/relation/1239_2_KIRKVUDA-MONRO]]/URI; URI[[http://libmeta.ru/fme/relation/1239_1_KIRKVUDA-MONRO]]/URI.</text>
  <text_orig>сМ. РавНовеснЫе состояния; кинетический предел.</text_orig>
</article>
