<?xml version="1.0" ?>
<article uri="http://libmeta.ru/fme/article/1240_KIRHGOFA">
  <title>КИРХГОФА ФОРМУЛА</title>
  <authors>
    <author>С. В. Молодиов</author>
  </authors>
  <title_short/>
  <pages>
    <start>269</start>
    <end>269</end>
  </pages>
  <literature>
    <literature_orig/>
  </literature>
  <formulas_main>
    <formula uri="http://libmeta.ru/fme/formula/main/1240_1_KIRHGOFA">\Delta u-c^{-2} u_{t t}=f(x, t)</formula>
    <formula uri="http://libmeta.ru/fme/formula/main/1240_2_KIRHGOFA">\begin{gathered}
u(x, t)=v(\boldsymbol{x}, t)+\left(4 \pi c^{2} t\right)^{-1} \int_{S} \rho(y) d S_{y}+ \\
+\left(4 \pi c^{2}\right)^{-1}(\partial / \partial t) t^{-1} \int_{S} \varphi(\boldsymbol{y}) d S_{y},
\end{gathered}</formula>
    <formula uri="http://libmeta.ru/fme/formula/main/1240_3_KIRHGOFA">c t=|\boldsymbol{x}-\boldsymbol{y}|=\left[\left(x_{1}-y_{1}\right)^{2}+\left(x_{2}-y_{2}\right)^{2}+\left(x_{3}-y_{3}\right)^{2}\right]^{1 / 2}</formula>
    <formula uri="http://libmeta.ru/fme/formula/main/1240_4_KIRHGOFA">v(\boldsymbol{x}, t)=-\int_{r \leqslant c t}(4 \pi r)^{-1} f(\boldsymbol{y}, t-r / c) d y,</formula>
    <formula uri="http://libmeta.ru/fme/formula/main/1240_5_KIRHGOFA">\begin{gathered}
u(x, t)=-\int_{\Omega}(4 \pi r)^{-1} f(\boldsymbol{y}, t-r / c) d \Omega_{y}+ \\
+\int_{\sigma}\left[r^{-1} \partial u / \partial n-u \partial r^{-1} / \partial n+(r c)^{-1}(\partial u / \partial \tau) \partial r / \partial n\right] d \sigma / 4 \pi, \\
\tau=t-r / c
\end{gathered}</formula>
  </formulas_main>
  <formulas_aux>
    <formula uri="http://libmeta.ru/fme/formula/aux/1240_1_KIRHGOFA">u(\boldsymbol{x}, t)</formula>
    <formula uri="http://libmeta.ru/fme/formula/aux/1240_2_KIRHGOFA">u(x, 0)=\varphi(x)</formula>
    <formula uri="http://libmeta.ru/fme/formula/aux/1240_3_KIRHGOFA">u_{t}(\boldsymbol{x}, 0)=\rho(\boldsymbol{x})</formula>
    <formula uri="http://libmeta.ru/fme/formula/aux/1240_4_KIRHGOFA">v(\boldsymbol{x}, t)</formula>
    <formula uri="http://libmeta.ru/fme/formula/aux/1240_5_KIRHGOFA">f(\boldsymbol{y}, t)</formula>
    <formula uri="http://libmeta.ru/fme/formula/aux/1240_6_KIRHGOFA">\rho(x), \varphi(x)-</formula>
    <formula uri="http://libmeta.ru/fme/formula/aux/1240_7_KIRHGOFA">S</formula>
    <formula uri="http://libmeta.ru/fme/formula/aux/1240_8_KIRHGOFA">\boldsymbol{x}=\left(x_{1}, x_{2}, x_{3}\right), \boldsymbol{y}=\left(y_{1}, y_{2}, y_{3}\right)</formula>
    <formula uri="http://libmeta.ru/fme/formula/aux/1240_9_KIRHGOFA">r=|x-y|</formula>
    <formula uri="http://libmeta.ru/fme/formula/aux/1240_10_KIRHGOFA">f(x, t)</formula>
    <formula uri="http://libmeta.ru/fme/formula/aux/1240_11_KIRHGOFA">f(\boldsymbol{x}, t)=0</formula>
    <formula uri="http://libmeta.ru/fme/formula/aux/1240_12_KIRHGOFA">u(\boldsymbol{x}, t)</formula>
    <formula uri="http://libmeta.ru/fme/formula/aux/1240_13_KIRHGOFA">\varphi(\boldsymbol{x}), \partial \varphi / \partial \boldsymbol{n}, \rho(\boldsymbol{x})</formula>
    <formula uri="http://libmeta.ru/fme/formula/aux/1240_14_KIRHGOFA">S</formula>
    <formula uri="http://libmeta.ru/fme/formula/aux/1240_15_KIRHGOFA">\boldsymbol{n}</formula>
    <formula uri="http://libmeta.ru/fme/formula/aux/1240_16_KIRHGOFA">S</formula>
    <formula uri="http://libmeta.ru/fme/formula/aux/1240_17_KIRHGOFA">u(y, t)</formula>
    <formula uri="http://libmeta.ru/fme/formula/aux/1240_18_KIRHGOFA">\sigma</formula>
    <formula uri="http://libmeta.ru/fme/formula/aux/1240_19_KIRHGOFA">\Omega</formula>
    <formula uri="http://libmeta.ru/fme/formula/aux/1240_20_KIRHGOFA">\tau=t-r / c</formula>
    <formula uri="http://libmeta.ru/fme/formula/aux/1240_21_KIRHGOFA">\Omega-</formula>
    <formula uri="http://libmeta.ru/fme/formula/aux/1240_22_KIRHGOFA">\boldsymbol{n}-</formula>
    <formula uri="http://libmeta.ru/fme/formula/aux/1240_23_KIRHGOFA">\sigma</formula>
    <formula uri="http://libmeta.ru/fme/formula/aux/1240_24_KIRHGOFA">\boldsymbol{r}=|\boldsymbol{x}-\boldsymbol{y}|-</formula>
    <formula uri="http://libmeta.ru/fme/formula/aux/1240_25_KIRHGOFA">\boldsymbol{x}</formula>
    <formula uri="http://libmeta.ru/fme/formula/aux/1240_26_KIRHGOFA">\boldsymbol{y}</formula>
  </formulas_aux>
  <relations/>
  <text> - формула, выражаюшая регулярное решение $URI[[http://libmeta.ru/fme/formula/aux/1240_1_KIRHGOFA]]/URI$ неоднородного волнового уравнения в трехмерном пространстве

\[
URI[[http://libmeta.ru/fme/formula/main/1240_1_KIRHGOFA]]/URI
\]

через начальные данные задачи Коши $URI[[http://libmeta.ru/fme/formula/aux/1240_2_KIRHGOFA]]/URI$, $URI[[http://libmeta.ru/fme/formula/aux/1240_3_KIRHGOFA]]/URI$ и объемный запаздывающий потенциал $URI[[http://libmeta.ru/fme/formula/aux/1240_4_KIRHGOFA]]/URI$ с плотностью $URI[[http://libmeta.ru/fme/formula/aux/1240_5_KIRHGOFA]]/URI$ :

\[
URI[[http://libmeta.ru/fme/formula/main/1240_2_KIRHGOFA]]/URI
\]

где $URI[[http://libmeta.ru/fme/formula/aux/1240_6_KIRHGOFA]]/URI$ соответственно дважды и трижды непрерывно дифференцируемые функции, $URI[[http://libmeta.ru/fme/formula/aux/1240_7_KIRHGOFA]]/URI$ - сфера радиуса

\[
URI[[http://libmeta.ru/fme/formula/main/1240_3_KIRHGOFA]]/URI
\]

с центром в точке $URI[[http://libmeta.ru/fme/formula/aux/1240_8_KIRHGOFA]]/URI$,

\[
URI[[http://libmeta.ru/fme/formula/main/1240_4_KIRHGOFA]]/URI
\]

$URI[[http://libmeta.ru/fme/formula/aux/1240_9_KIRHGOFA]]/URI$, а $URI[[http://libmeta.ru/fme/formula/aux/1240_10_KIRHGOFA]]/URI$ - дважды дифференцируемая функция. При $URI[[http://libmeta.ru/fme/formula/aux/1240_11_KIRHGOFA]]/URI$ функция $URI[[http://libmeta.ru/fme/formula/aux/1240_12_KIRHGOFA]]/URI$ определяется значениями $URI[[http://libmeta.ru/fme/formula/aux/1240_13_KIRHGOFA]]/URI$, взятыми на сфере $URI[[http://libmeta.ru/fme/formula/aux/1240_14_KIRHGOFA]]/URI$, где $URI[[http://libmeta.ru/fme/formula/aux/1240_15_KIRHGOFA]]/URI$ - внешняя нормаль к $URI[[http://libmeta.ru/fme/formula/aux/1240_16_KIRHGOFA]]/URI$. Это свойство решений волнового уравнения (1) называется принципом Гюйгенса - Фре неля.

Из К. Ф. можно получить Пуассона формулу и Д'Аламбера формулу, дающие решение задачи Коши в двумерном и одномерном пространстве. К. ф. (2) обобщена на случай произвольных целых размерностей пространства.

К. ф. называют также и нте грал Ки рхгофа:

\[
URI[[http://libmeta.ru/fme/formula/main/1240_5_KIRHGOFA]]/URI
\]

выражающий решение волнового уравнения (1) через запаздывающий объемный потенциал и через значения функции $URI[[http://libmeta.ru/fme/formula/aux/1240_17_KIRHGOFA]]/URI$ и ее производных на границе $URI[[http://libmeta.ru/fme/formula/aux/1240_18_KIRHGOFA]]/URI$ области $URI[[http://libmeta.ru/fme/formula/aux/1240_19_KIRHGOFA]]/URI$ в момент времени $URI[[http://libmeta.ru/fme/formula/aux/1240_20_KIRHGOFA]]/URI$, где $URI[[http://libmeta.ru/fme/formula/aux/1240_21_KIRHGOFA]]/URI$ ограниченная область трехмерного пространства, $URI[[http://libmeta.ru/fme/formula/aux/1240_22_KIRHGOFA]]/URI$ внешняя нормаль к $URI[[http://libmeta.ru/fme/formula/aux/1240_23_KIRHGOFA]]/URI$; $URI[[http://libmeta.ru/fme/formula/aux/1240_24_KIRHGOFA]]/URI$ расстояние между точками $URI[[http://libmeta.ru/fme/formula/aux/1240_25_KIRHGOFA]]/URI$ и $URI[[http://libmeta.ru/fme/formula/aux/1240_26_KIRHGOFA]]/URI$. К. Ф. получена впервые Г. Кирхгофом (G. Kirchhoff, 1882).

Лит.: [1] Влад и м и ров В. С., Уравнения математической физики, 5 изд., М., 1988; [2] Б и ца д зе А. В., Уравнения математической физики, 2 изд., М., 1982.</text>
  <text_orig> - формула, выражаюшая регулярное решение $u(\boldsymbol{x}, t)$ неоднородного волнового уравнения в трехмерном пространстве

\[
\Delta u-c^{-2} u_{t t}=f(x, t)
\]

через начальные данные задачи Коши $u(x, 0)=\varphi(x)$, $u_{t}(\boldsymbol{x}, 0)=\rho(\boldsymbol{x})$ и объемный запаздывающий потенциал $v(\boldsymbol{x}, t)$ с плотностью $f(\boldsymbol{y}, t)$ :

\[
\begin{gathered}
u(x, t)=v(\boldsymbol{x}, t)+\left(4 \pi c^{2} t\right)^{-1} \int_{S} \rho(y) d S_{y}+ \\
+\left(4 \pi c^{2}\right)^{-1}(\partial / \partial t) t^{-1} \int_{S} \varphi(\boldsymbol{y}) d S_{y},
\end{gathered}
\]

где $\rho(x), \varphi(x)-$ соответственно дважды и трижды непрерывно дифференцируемые функции, $S$ - сфера радиуса

\[
c t=|\boldsymbol{x}-\boldsymbol{y}|=\left[\left(x_{1}-y_{1}\right)^{2}+\left(x_{2}-y_{2}\right)^{2}+\left(x_{3}-y_{3}\right)^{2}\right]^{1 / 2}
\]

с центром в точке $\boldsymbol{x}=\left(x_{1}, x_{2}, x_{3}\right), \boldsymbol{y}=\left(y_{1}, y_{2}, y_{3}\right)$,

\[
v(\boldsymbol{x}, t)=-\int_{r \leqslant c t}(4 \pi r)^{-1} f(\boldsymbol{y}, t-r / c) d y,
\]

$r=|x-y|$, а $f(x, t)$ - дважды дифференцируемая функция. При $f(\boldsymbol{x}, t)=0$ функция $u(\boldsymbol{x}, t)$ определяется значениями $\varphi(\boldsymbol{x}), \partial \varphi / \partial \boldsymbol{n}, \rho(\boldsymbol{x})$, взятыми на сфере $S$, где $\boldsymbol{n}$ - внешняя нормаль к $S$. Это свойство решений волнового уравнения (1) называется принципом Гюйгенса - Фре неля.

Из К. Ф. можно получить Пуассона формулу и Д'Аламбера формулу, дающие решение задачи Коши в двумерном и одномерном пространстве. К. ф. (2) обобщена на случай произвольных целых размерностей пространства.

К. ф. называют также и нте грал Ки рхгофа:

\[
\begin{gathered}
u(x, t)=-\int_{\Omega}(4 \pi r)^{-1} f(\boldsymbol{y}, t-r / c) d \Omega_{y}+ \\
+\int_{\sigma}\left[r^{-1} \partial u / \partial n-u \partial r^{-1} / \partial n+(r c)^{-1}(\partial u / \partial \tau) \partial r / \partial n\right] d \sigma / 4 \pi, \\
\tau=t-r / c
\end{gathered}
\]

выражающий решение волнового уравнения (1) через запаздывающий объемный потенциал и через значения функции $u(y, t)$ и ее производных на границе $\sigma$ области $\Omega$ в момент времени $\tau=t-r / c$, где $\Omega-$ ограниченная область трехмерного пространства, $\boldsymbol{n}-$ внешняя нормаль к $\sigma$; $\boldsymbol{r}=|\boldsymbol{x}-\boldsymbol{y}|-$ расстояние между точками $\boldsymbol{x}$ и $\boldsymbol{y}$. К. Ф. получена впервые Г. Кирхгофом (G. Kirchhoff, 1882).

Лит.: [1] Влад и м и ров В. С., Уравнения математической физики, 5 изд., М., 1988; [2] Б и ца д зе А. В., Уравнения математической физики, 2 изд., М., 1982.

С. В. Молодиов.
</text_orig>
</article>
