<?xml version="1.0" ?>
<article uri="http://libmeta.ru/fme/article/1242_KIRHGOFA">
  <title>КИРХГОФА УРАВНЕНИЕ</title>
  <authors/>
  <title_short/>
  <pages>
    <start>269</start>
    <end>269</end>
  </pages>
  <literature>
    <literature_orig/>
  </literature>
  <formulas_main/>
  <formulas_aux/>
  <relations>
    <relation uri="http://libmeta.ru/fme/relation/1242_76_KIRHGOFA">
      <rel_text>Твердое тело</rel_text>
      <self present="true">http://libmeta.ru/fme/article/3029_TVERDOE</self>
    </relation>
  </relations>
  <text>см. URI[[http://libmeta.ru/fme/relation/1242_76_KIRHGOFA]]/URI; ДвИжение в идеальной жидкости.</text>
  <text_orig>см. Твердое тело; ДвИжение в идеальной жидкости.</text_orig>
</article>
