<?xml version="1.0" ?>
<article uri="http://libmeta.ru/fme/article/1244_KLASSIChESKAJa">
  <title>КЛАССИЧЕСКАЯ РЕЛЯТИВИСТСКАЯ МЕХАНИКА</title>
  <authors/>
  <title_short/>
  <pages>
    <start>269</start>
    <end>269</end>
  </pages>
  <literature>
    <literature_orig/>
  </literature>
  <formulas_main/>
  <formulas_aux/>
  <relations/>
  <text> см. Релятивистская механика.</text>
  <text_orig> см. Релятивистская механика.</text_orig>
</article>
