<?xml version="1.0" ?>
<article uri="http://libmeta.ru/fme/article/1248_KLASSIChESKIE">
  <title>КЛАССИЧЕСКИЕ ОРТОГОНАЛЬНЫЕ МНОГОЧЛЕНЫ</title>
  <authors/>
  <title_short/>
  <pages>
    <start>270</start>
    <end>270</end>
  </pages>
  <literature>
    <literature_orig/>
  </literature>
  <formulas_main/>
  <formulas_aux/>
  <relations/>
  <text>см. Ортогональные многочлены.</text>
  <text_orig>см. Ортогональные многочлены.</text_orig>
</article>
