<?xml version="1.0" ?>
<article uri="http://libmeta.ru/fme/article/1249_KLASSIChESKIJ">
  <title>КЛАССИЧЕСКИЙ ОПЕРАТОР ЛИУВИЛЛЯ</title>
  <author/>
  <title_short/>
  <pages>
    <start>270</start>
    <end>270</end>
  </pages>
  <literature>
    <literature_orig/>
  </literature>
  <formulas_main/>
  <formulas_aux/>
  <relations/>
  <text> - см. Лиyвилля классический оператор.
</text>
  <text_orig> - см. Лиyвилля классический оператор.
</text_orig>
</article>
