<?xml version="1.0" ?>
<article uri="http://libmeta.ru/fme/article/1249_KLASSIChESKOE">
  <title>КЛАССИЧЕСКОЕ СУПЕРСИММЕТРИЧНОЕ УРАВНЕНИЕ ЛИУВИЛЛЯ</title>
  <authors/>
  <title_short/>
  <pages>
    <start>270</start>
    <end>270</end>
  </pages>
  <literature>
    <literature_orig/>
  </literature>
  <formulas_main>
    <formula uri="http://libmeta.ru/fme/formula/main/1249_1_KLASSIChESKOE">D_{+} D_{-} \Phi=\exp \Phi</formula>
  </formulas_main>
  <formulas_aux>
    <formula uri="http://libmeta.ru/fme/formula/aux/1249_1_KLASSIChESKOE">\Phi</formula>
    <formula uri="http://libmeta.ru/fme/formula/aux/1249_2_KLASSIChESKOE">D_{ \pm}</formula>
    <formula uri="http://libmeta.ru/fme/formula/aux/1249_3_KLASSIChESKOE">(1 \mid 2)</formula>
  </formulas_aux>
  <relations/>
  <text> - уравнение движения

\[
URI[[http://libmeta.ru/fme/formula/main/1249_1_KLASSIChESKOE]]/URI
\]

для суперскалярного поля $URI[[http://libmeta.ru/fme/formula/aux/1249_1_KLASSIChESKOE]]/URI$ в 2/2-мерном суперпространстве с операторами супердифференцирования $URI[[http://libmeta.ru/fme/formula/aux/1249_2_KLASSIChESKOE]]/URI$в переменных светового конуса. Оно является частным случаем Тоды суперсимметричной цепочки, ассоциируемым с супералгеброй osp $URI[[http://libmeta.ru/fme/formula/aux/1249_3_KLASSIChESKOE]]/URI$.

Jum.: [1] Chaichian M., Kulish P.P., &quot;Phys. Lett.», 1978, v. 78B, p. 413-16; [2] Leznov A. N., Saveliev M.V., Leites D. А., там же, 1980, v. 96B, p. 97-99.</text>
  <text_orig> - уравнение движения

\[
D_{+} D_{-} \Phi=\exp \Phi
\]

для суперскалярного поля $\Phi$ в 2/2-мерном суперпространстве с операторами супердифференцирования $D_{ \pm}$в переменных светового конуса. Оно является частным случаем Тоды суперсимметричной цепочки, ассоциируемым с супералгеброй osp $(1 \mid 2)$.

Jum.: [1] Chaichian M., Kulish P.P., &quot;Phys. Lett.», 1978, v. 78B, p. 413-16; [2] Leznov A. N., Saveliev M.V., Leites D. А., там же, 1980, v. 96B, p. 97-99.</text_orig>
</article>
