<?xml version="1.0" ?>
<article uri="http://libmeta.ru/fme/article/124_ATLAS" alphabetic_pos="124">
  <title>АТЛАС МНОГООБРАЗИЯ</title>
  <authors/>
  <pages>
    <start>36</start>
    <end>36</end>
  </pages>
  <literature>
    <literature_orig/>
  </literature>
  <formulas_main/>
  <formulas_aux/>
  <relations n="1">
    <relation uri="http://libmeta.ru/fme/relation/124_1_ATLAS">
      <rel_text>Многообразие</rel_text>
      <target>http://libmeta.ru/fme/article/1803_MNOGOOBRAZI</target>
    </relation>
  </relations>
  <text>см. URI[[http://libmeta.ru/fme/relation/124_1_ATLAS]]/URI.</text>
  <text_orig>см. Многообразие.</text_orig>
</article>
