<?xml version="1.0" ?>
<article uri="http://libmeta.ru/fme/article/1250_KLASSIChESKIJ">
  <title>КЛАССИЧЕСКИЙ ВЕКТОР РАСПРЕДЕЛЕНИЯ</title>
  <authors/>
  <title_short/>
  <pages>
    <start>270</start>
    <end>270</end>
  </pages>
  <literature>
    <literature_orig/>
  </literature>
  <formulas_main/>
  <formulas_aux/>
  <relations>
    <relation uri="http://libmeta.ru/fme/relation/1250_79_KLASSIChESKIJ">
      <rel_text>Распределения вектор классический</rel_text>
      <self present="true">http://libmeta.ru/fme/article/2535_RASPREDELENIJa</self>
    </relation>
  </relations>
  <text>см. URI[[http://libmeta.ru/fme/relation/1250_79_KLASSIChESKIJ]]/URI.</text>
  <text_orig>см. Распределения вектор классический.</text_orig>
</article>
