<?xml version="1.0" ?>
<article uri="http://libmeta.ru/fme/article/1252_KLASSIChESKOE">
  <title>КЛАССИЧЕСКОЕ СУПЕРСИММЕТРИЧНОЕ УРАВНЕНИЕ ЛИУВИЛЛЯ</title>
  <authors/>
  <title_short/>
  <pages>
    <start>270</start>
    <end>270</end>
  </pages>
  <literature>
    <literature_orig>Jum.: [1] Chaichian M., Kulish P.P., &quot;Phys. Lett.», 1978, v. 78B, p. 413-16; [2] Leznov A. N., Saveliev M.V., Leites D. А., там же, 1980, v. 96B, p. 97-99.</literature_orig>
    <unit>
      <author>Chaichian M.</author>
      <author>Kulish P. P.</author>
      <title>&quot;Phys. Lett.»</title>
      <publication/>
      <year>1978</year>
      <other>v. 78B, p. 413-16</other>
    </unit>
    <unit>
      <author>Leznov A. N.</author>
      <author>Saveliev M. V.</author>
      <author>Leites D. А.</author>
      <title>там же</title>
      <publication/>
      <year>1980</year>
      <other>v. 96B, p. 97-99.</other>
    </unit>
  </literature>
  <formulas_main>
    <formula uri="http://libmeta.ru/fme/formula/main/1252_1_KLASSIChESKOE">D_{+} D_{-} \Phi=\exp \Phi</formula>
  </formulas_main>
  <formulas_aux>
    <formula uri="http://libmeta.ru/fme/formula/aux/1252_1_KLASSIChESKOE">\Phi</formula>
    <formula uri="http://libmeta.ru/fme/formula/aux/1252_2_KLASSIChESKOE">D_{ \pm}</formula>
    <formula uri="http://libmeta.ru/fme/formula/aux/1252_3_KLASSIChESKOE">(1 \mid 2)</formula>
  </formulas_aux>
  <relations/>
  <text>уравнение движения

\[
URI[[http://libmeta.ru/fme/formula/main/1252_1_KLASSIChESKOE]]/URI
\]

для суперскалярного поля $URI[[http://libmeta.ru/fme/formula/aux/1252_1_KLASSIChESKOE]]/URI$ в 2/2-мерном суперпространстве с операторами супердифференцирования $URI[[http://libmeta.ru/fme/formula/aux/1252_2_KLASSIChESKOE]]/URI$в переменных светового конуса. Оно является частным случаем Тоды суперсимметричной цепочки, ассоциируемым с супералгеброй osp $URI[[http://libmeta.ru/fme/formula/aux/1252_3_KLASSIChESKOE]]/URI$.</text>
  <text_orig>уравнение движения

\[
D_{+} D_{-} \Phi=\exp \Phi
\]

для суперскалярного поля $\Phi$ в 2/2-мерном суперпространстве с операторами супердифференцирования $D_{ \pm}$в переменных светового конуса. Оно является частным случаем Тоды суперсимметричной цепочки, ассоциируемым с супералгеброй osp $(1 \mid 2)$.

Jum.: [1] Chaichian M., Kulish P.P., &quot;Phys. Lett.», 1978, v. 78B, p. 413-16; [2] Leznov A. N., Saveliev M.V., Leites D. А., там же, 1980, v. 96B, p. 97-99.</text_orig>
</article>
