<?xml version="1.0" ?>
<article uri="http://libmeta.ru/fme/article/1252_KLASTERNOE">
  <title>КЛАСТЕРНОЕ РАЗБИЕНИЕ</title>
  <author/>
  <title_short/>
  <pages>
    <start>270</start>
    <end>270</end>
  </pages>
  <literature>
    <literature_orig/>
  </literature>
  <formulas_main>
    <formula uri="http://libmeta.ru/fme/formula/main/1252_1_KLASTERNOE">H_{\omega_{s}}=-\sum_{k \in \omega_{s}} \frac{1}{2 m_{k}} \Delta r_{k}+\sum_{i, j \in \omega_{s}} v_{i j}\left(r_{i}-r_{j}\right),</formula>
    <formula uri="http://libmeta.ru/fme/formula/main/1252_2_KLASTERNOE">\left\{\psi_{j_{1}}\right\}_{1}^{N_{1}}, \quad\left\{\psi_{j_{2}}\right\}_{1}^{N_{2}}, \ldots,\left\{\psi_{j_{l}}\right\}_{1}^{N_{l}}</formula>
  </formulas_main>
  <formulas_aux>
    <formula uri="http://libmeta.ru/fme/formula/aux/1252_1_KLASTERNOE">\boldsymbol{N}</formula>
    <formula uri="http://libmeta.ru/fme/formula/aux/1252_2_KLASTERNOE">l</formula>
    <formula uri="http://libmeta.ru/fme/formula/aux/1252_3_KLASTERNOE">\omega_{1}, \omega_{2}, \ldots, \omega_{l}</formula>
    <formula uri="http://libmeta.ru/fme/formula/aux/1252_4_KLASTERNOE">H_{\omega_{s}}</formula>
    <formula uri="http://libmeta.ru/fme/formula/aux/1252_5_KLASTERNOE">\omega_{1}, \omega_{2}, \ldots, \omega_{l}</formula>
    <formula uri="http://libmeta.ru/fme/formula/aux/1252_6_KLASTERNOE">N_{i}</formula>
    <formula uri="http://libmeta.ru/fme/formula/aux/1252_7_KLASTERNOE">H_{\omega_{i}}</formula>
    <formula uri="http://libmeta.ru/fme/formula/aux/1252_8_KLASTERNOE">\omega_{k}</formula>
    <formula uri="http://libmeta.ru/fme/formula/aux/1252_9_KLASTERNOE">\psi_{j_{k}}</formula>
  </formulas_aux>
  <relations/>
  <text> - разбиение системЫ $URI[[http://libmeta.ru/fme/formula/aux/1252_1_KLASTERNOE]]/URI$ частиц на $URI[[http://libmeta.ru/fme/formula/aux/1252_2_KLASTERNOE]]/URI$ подсистем $URI[[http://libmeta.ru/fme/formula/aux/1252_3_KLASTERNOE]]/URI$ такое, что эти подсистемы имеют связанные состояния. Это означает, что операторы энергии подсистем $URI[[http://libmeta.ru/fme/formula/aux/1252_4_KLASTERNOE]]/URI$ :

\[
URI[[http://libmeta.ru/fme/formula/main/1252_1_KLASTERNOE]]/URI
\]

рассматриваемые в центра масс системе, имеют дискретный спектр. К. р. тем самым характеризуется набором подси- стем $URI[[http://libmeta.ru/fme/formula/aux/1252_5_KLASTERNOE]]/URI$ и набором собственных функций

\[
URI[[http://libmeta.ru/fme/formula/main/1252_2_KLASTERNOE]]/URI
\]

где $URI[[http://libmeta.ru/fme/formula/aux/1252_6_KLASTERNOE]]/URI$ - число собственных функций дискретного спектра операторов $URI[[http://libmeta.ru/fme/formula/aux/1252_7_KLASTERNOE]]/URI$ В том случае, когда подсистема $URI[[http://libmeta.ru/fme/formula/aux/1252_8_KLASTERNOE]]/URI$ состоит лишь из одной частицы, соответствующая собственная функция $URI[[http://libmeta.ru/fme/formula/aux/1252_9_KLASTERNOE]]/URI$ считается равной 1 .

Лит.: [1] Р ид М., С аймон Б., Методы современной математической физики, т. 3. Теория рассеяния, пер. с англ., М., 1982; [2] Меркурье в С. П., Фадде в Л.Д., Квантовая теория рассеяния для систем нескольких частиц, М., 1985.

С.П. Меркурьев, С.Л. Яковлев.
</text>
  <text_orig> - разбиение системЫ $\boldsymbol{N}$ частиц на $l$ подсистем $\omega_{1}, \omega_{2}, \ldots, \omega_{l}$ такое, что эти подсистемы имеют связанные состояния. Это означает, что операторы энергии подсистем $H_{\omega_{s}}$ :

\[
H_{\omega_{s}}=-\sum_{k \in \omega_{s}} \frac{1}{2 m_{k}} \Delta r_{k}+\sum_{i, j \in \omega_{s}} v_{i j}\left(r_{i}-r_{j}\right),
\]

рассматриваемые в центра масс системе, имеют дискретный спектр. К. р. тем самым характеризуется набором подси- стем $\omega_{1}, \omega_{2}, \ldots, \omega_{l}$ и набором собственных функций

\[
\left\{\psi_{j_{1}}\right\}_{1}^{N_{1}}, \quad\left\{\psi_{j_{2}}\right\}_{1}^{N_{2}}, \ldots,\left\{\psi_{j_{l}}\right\}_{1}^{N_{l}}
\]

где $N_{i}$ - число собственных функций дискретного спектра операторов $H_{\omega_{i}}$ В том случае, когда подсистема $\omega_{k}$ состоит лишь из одной частицы, соответствующая собственная функция $\psi_{j_{k}}$ считается равной 1 .

Лит.: [1] Р ид М., С аймон Б., Методы современной математической физики, т. 3. Теория рассеяния, пер. с англ., М., 1982; [2] Меркурье в С. П., Фадде в Л.Д., Квантовая теория рассеяния для систем нескольких частиц, М., 1985.

С.П. Меркурьев, С.Л. Яковлев.
</text_orig>
</article>
