<?xml version="1.0" ?>
<article uri="http://libmeta.ru/fme/article/1253_KLASTERNOE">
  <title>КЛАСТЕРНОЕ СВОЙСТВО, ПРИНЦИП ОСЛАБЛЕНИЯ КОРРЕЛЯЦИЙ, ГРУППОВОЕ СВОЙСТВО</title>
  <authors>
    <author>В. И. Скрипник</author>
  </authors>
  <title_short/>
  <pages>
    <start>271</start>
    <end>271</end>
  </pages>
  <literature>
    <literature_orig/>
  </literature>
  <formulas_main>
    <formula uri="http://libmeta.ru/fme/formula/main/1253_1_KLASTERNOE">\lim _{a \rightarrow \infty} \rho\left(X_{1}+a, X_{2}\right)=\rho\left(X_{1}\right) \rho\left(X_{2}\right),</formula>
    <formula uri="http://libmeta.ru/fme/formula/main/1253_2_KLASTERNOE">\begin{aligned}
&amp; X_{1}=\left(x_{1}, \ldots, x_{m}\right), X_{2}=\left(x_{m+1}, \ldots, x_{n}\right), \\
&amp; X_{1}+a=\left(x_{1}+a, \ldots, x_{m}+a\right) .
\end{aligned}</formula>
  </formulas_main>
  <formulas_aux>
    <formula uri="http://libmeta.ru/fme/formula/aux/1253_1_KLASTERNOE">d</formula>
  </formulas_aux>
  <relations/>
  <text> свойство, которым обладают трансляционно-инвариантные корреляционные функции $URI[[http://libmeta.ru/fme/formula/aux/1253_1_KLASTERNOE]]/URI$-мерной равновесной непрерывной системы, если

\[
URI[[http://libmeta.ru/fme/formula/main/1253_1_KLASTERNOE]]/URI
\]

где

\[
URI[[http://libmeta.ru/fme/formula/main/1253_2_KLASTERNOE]]/URI
\]

Корреляционные функции обладают этим свойством тогда и только тогда, когда усеченные корреляционные функции по разностным переменным стремятся к нулю на бесконечности.</text>
  <text_orig> свойство, которым обладают трансляционно-инвариантные корреляционные функции $d$-мерной равновесной непрерывной системы, если

\[
\lim _{a \rightarrow \infty} \rho\left(X_{1}+a, X_{2}\right)=\rho\left(X_{1}\right) \rho\left(X_{2}\right),
\]

где

\[
\begin{aligned}
&amp; X_{1}=\left(x_{1}, \ldots, x_{m}\right), X_{2}=\left(x_{m+1}, \ldots, x_{n}\right), \\
&amp; X_{1}+a=\left(x_{1}+a, \ldots, x_{m}+a\right) .
\end{aligned}
\]

Корреляционные функции обладают этим свойством тогда и только тогда, когда усеченные корреляционные функции по разностным переменным стремятся к нулю на бесконечности.

В. И. Скрипник.
</text_orig>
</article>
