<?xml version="1.0" ?>
<article uri="http://libmeta.ru/fme/article/1254_KLASTERNOE" alphabetic_pos="1256">
  <title>КЛАСТЕРНОЕ РАЗБИЕНИЕ</title>
  <authors>
    <author>С. П. Меркурьев</author>
    <author>С. Л. Яковлев</author>
  </authors>
  <pages>
    <start>270</start>
    <end>270</end>
  </pages>
  <literature>
    <literature_orig>Лит.: [1] Р ид М., С аймон Б., Методы современной математической физики, т. 3. Теория рассеяния, пер. с англ., М., 1982; [2] Меркурье в С. П., Фадде в Л.Д., Квантовая теория рассеяния для систем нескольких частиц, М., 1985.</literature_orig>
    <unit>
      <author>Рид М.</author>
      <author>Саймон Б.</author>
      <title>Методы современной математической физики</title>
      <publication>пер. с англ., М.</publication>
      <year>1982</year>
      <other>т. 3. Теория рассеяния</other>
    </unit>
    <unit>
      <author>Меркурьев С. П.</author>
      <author>Фаддев Л. Д.</author>
      <title>Квантовая теория рассеяния для систем нескольких частиц</title>
      <publication>М.</publication>
      <year>1985</year>
      <other/>
    </unit>
  </literature>
  <formulas_main>
    <formula uri="http://libmeta.ru/fme/formula/main/1254_1_KLASTERNOE">H_{\omega_{s}}=-\sum_{k \in \omega_{s}} \frac{1}{2 m_{k}} \Delta r_{k}+\sum_{i, j \in \omega_{s}} v_{i j}\left(r_{i}-r_{j}\right),</formula>
    <formula uri="http://libmeta.ru/fme/formula/main/1254_2_KLASTERNOE">\left\{\psi_{j_{1}}\right\}_{1}^{N_{1}}, \quad\left\{\psi_{j_{2}}\right\}_{1}^{N_{2}}, \ldots,\left\{\psi_{j_{l}}\right\}_{1}^{N_{l}}</formula>
  </formulas_main>
  <formulas_aux>
    <formula uri="http://libmeta.ru/fme/formula/aux/1254_1_KLASTERNOE">\boldsymbol{n}</formula>
    <formula uri="http://libmeta.ru/fme/formula/aux/1254_2_KLASTERNOE">l</formula>
    <formula uri="http://libmeta.ru/fme/formula/aux/1254_3_KLASTERNOE">\omega_{1}, \omega_{2}, \ldots, \omega_{l}</formula>
    <formula uri="http://libmeta.ru/fme/formula/aux/1254_4_KLASTERNOE">h_{\omega_{s}}</formula>
    <formula uri="http://libmeta.ru/fme/formula/aux/1254_5_KLASTERNOE">\omega_{1}, \omega_{2}, \ldots, \omega_{l}</formula>
    <formula uri="http://libmeta.ru/fme/formula/aux/1254_6_KLASTERNOE">n_{i}</formula>
    <formula uri="http://libmeta.ru/fme/formula/aux/1254_7_KLASTERNOE">h_{\omega_{i}}</formula>
    <formula uri="http://libmeta.ru/fme/formula/aux/1254_8_KLASTERNOE">\omega_{k}</formula>
    <formula uri="http://libmeta.ru/fme/formula/aux/1254_9_KLASTERNOE">\psi_{j_{k}}</formula>
  </formulas_aux>
  <relations n="8">
    <relation uri="http://libmeta.ru/fme/relation/1254_1_KLASTERNOE">
      <rel_text>частицы</rel_text>
      <target>http://libmeta.ru/fme/article/3412_ChASTOT</target>
    </relation>
    <relation uri="http://libmeta.ru/fme/relation/1254_2_KLASTERNOE">
      <rel_text>функций дискретного</rel_text>
      <target>http://libmeta.ru/fme/article/853_DISKRIMINANT</target>
    </relation>
    <relation uri="http://libmeta.ru/fme/relation/1254_3_KLASTERNOE">
      <rel_text>дискретный спектр</rel_text>
      <target>http://libmeta.ru/fme/article/852_DISKRETNYJ</target>
    </relation>
    <relation uri="http://libmeta.ru/fme/relation/1254_4_KLASTERNOE">
      <rel_text>центра масс системе</rel_text>
      <target>http://libmeta.ru/fme/article/3387_TsENTRA</target>
    </relation>
    <relation uri="http://libmeta.ru/fme/relation/1254_5_KLASTERNOE">
      <rel_text>энергии</rel_text>
      <target>http://libmeta.ru/fme/article/3530_ENERGI</target>
    </relation>
    <relation uri="http://libmeta.ru/fme/relation/1254_6_KLASTERNOE">
      <rel_text>операторы</rel_text>
      <target>http://libmeta.ru/fme/article/2078_OPERATsI</target>
    </relation>
    <relation uri="http://libmeta.ru/fme/relation/1254_7_KLASTERNOE">
      <rel_text>связанные состояния</rel_text>
      <target>http://libmeta.ru/fme/article/2702_SVJaZANNOE</target>
    </relation>
    <relation uri="http://libmeta.ru/fme/relation/1254_8_KLASTERNOE">
      <rel_text>частиц</rel_text>
      <target>http://libmeta.ru/fme/article/3412_ChASTOT</target>
    </relation>
  </relations>
  <text>разбиение системы $URI[[http://libmeta.ru/fme/formula/aux/1254_1_KLASTERNOE]]/URI$ URI[[http://libmeta.ru/fme/relation/1254_8_KLASTERNOE]]/URI на $URI[[http://libmeta.ru/fme/formula/aux/1254_2_KLASTERNOE]]/URI$ подсистем $URI[[http://libmeta.ru/fme/formula/aux/1254_3_KLASTERNOE]]/URI$ такое, что эти подсистемы имеют URI[[http://libmeta.ru/fme/relation/1254_7_KLASTERNOE]]/URI. Это означает, что URI[[http://libmeta.ru/fme/relation/1254_6_KLASTERNOE]]/URI URI[[http://libmeta.ru/fme/relation/1254_5_KLASTERNOE]]/URI подсистем $URI[[http://libmeta.ru/fme/formula/aux/1254_4_KLASTERNOE]]/URI$ :

\[
URI[[http://libmeta.ru/fme/formula/main/1254_1_KLASTERNOE]]/URI
\]

рассматриваемые в URI[[http://libmeta.ru/fme/relation/1254_4_KLASTERNOE]]/URI, имеют URI[[http://libmeta.ru/fme/relation/1254_3_KLASTERNOE]]/URI. К. р. тем самым характеризуется набором подси- стем $URI[[http://libmeta.ru/fme/formula/aux/1254_5_KLASTERNOE]]/URI$ и набором собственных функций

\[
URI[[http://libmeta.ru/fme/formula/main/1254_2_KLASTERNOE]]/URI
\]

где $URI[[http://libmeta.ru/fme/formula/aux/1254_6_KLASTERNOE]]/URI$ - число собственных URI[[http://libmeta.ru/fme/relation/1254_2_KLASTERNOE]]/URI спектра операторов $URI[[http://libmeta.ru/fme/formula/aux/1254_7_KLASTERNOE]]/URI$ В том случае, когда подсистема $URI[[http://libmeta.ru/fme/formula/aux/1254_8_KLASTERNOE]]/URI$ состоит лишь из одной URI[[http://libmeta.ru/fme/relation/1254_1_KLASTERNOE]]/URI, соответствующая собственная функция $URI[[http://libmeta.ru/fme/formula/aux/1254_9_KLASTERNOE]]/URI$ считается равной 1 .</text>
  <text_orig>разбиение системЫ $\boldsymbol{N}$ частиц на $l$ подсистем $\omega_{1}, \omega_{2}, \ldots, \omega_{l}$ такое, что эти подсистемы имеют связанные состояния. Это означает, что операторы энергии подсистем $H_{\omega_{s}}$ :

\[
H_{\omega_{s}}=-\sum_{k \in \omega_{s}} \frac{1}{2 m_{k}} \Delta r_{k}+\sum_{i, j \in \omega_{s}} v_{i j}\left(r_{i}-r_{j}\right),
\]

рассматриваемые в центра масс системе, имеют дискретный спектр. К. р. тем самым характеризуется набором подси- стем $\omega_{1}, \omega_{2}, \ldots, \omega_{l}$ и набором собственных функций

\[
\left\{\psi_{j_{1}}\right\}_{1}^{N_{1}}, \quad\left\{\psi_{j_{2}}\right\}_{1}^{N_{2}}, \ldots,\left\{\psi_{j_{l}}\right\}_{1}^{N_{l}}
\]

где $N_{i}$ - число собственных функций дискретного спектра операторов $H_{\omega_{i}}$ В том случае, когда подсистема $\omega_{k}$ состоит лишь из одной частицы, соответствующая собственная функция $\psi_{j_{k}}$ считается равной 1 .

Лит.: [1] Р ид М., С аймон Б., Методы современной математической физики, т. 3. Теория рассеяния, пер. с англ., М., 1982; [2] Меркурье в С. П., Фадде в Л.Д., Квантовая теория рассеяния для систем нескольких частиц, М., 1985.

С.П. Меркурьев, С.Л. Яковлев.</text_orig>
</article>
