<?xml version="1.0" ?>
<article uri="http://libmeta.ru/fme/article/1255_KLASTERNOE">
  <title>КЛАСТЕРНОЕ РАЗЛОЖЕНИЕ В КВАНТОВОЙ ТЕОРИИ ПОЛЯ И СТАТИСТИЧЕСКОЙ МЕХАНИКЕ</title>
  <authors>
    <author>А. Л. Ребенко</author>
  </authors>
  <title_short/>
  <pages>
    <start>270</start>
    <end>271</end>
  </pages>
  <literature>
    <literature_orig>Лит.: [1] Конструктивная квантовая теория поля, пер. с англ., М., 1977; [2] B rydge s D., Fe de rb us h P., «comm. Math. Phys.», 1980, v. 73, p. 197; [3] Glimm J., Jaffe A., Spencer T., &quot;ann. Math.», 1974, v. 100, p. 585; [4] М а лыш е в В. А., «успехи математич. наук», 1980, т. 35, в. 2, с. 3-53; [5] Р е бе н к о А. Л., в кн.: Сборник физики элементарных частиц и атомного ядра, 1985, т. 16, в. 3, с. 551-83.</literature_orig>
    <unit>
      <title>Конструктивная квантовая теория поля</title>
      <publication>пер. с англ., М.</publication>
      <year>1977</year>
      <other/>
    </unit>
    <unit>
      <author>Brydges D.</author>
      <author>Federbush P.</author>
      <title>«comm. Math. Phys.»</title>
      <publication/>
      <year>1980</year>
      <other>v. 73, p. 197</other>
    </unit>
    <unit>
      <author>Glimm J.</author>
      <author>Jaffe A.</author>
      <author>Spencer T.</author>
      <title>&quot;ann. Math.»</title>
      <publication/>
      <year>1974</year>
      <other>v. 100, p. 585</other>
    </unit>
    <unit>
      <author>Малышев В. А.</author>
      <title>«успехи математич. наук»</title>
      <publication/>
      <year>1980</year>
      <other>т. 35, в. 2, с. 3-53</other>
    </unit>
    <unit>
      <author>Ребенко А. Л.</author>
      <title>в кн.: Сборник физики элементарных частиц и атомного ядра</title>
      <publication/>
      <year>1985</year>
      <other>т. 16, в. 3, с. 551-83.</other>
    </unit>
  </literature>
  <formulas_main>
    <formula uri="http://libmeta.ru/fme/formula/main/1255_1_KLASTERNOE">\left\langle F_{X_{0}}\right\rangle_{\Lambda}=\int F_{X_{0}} d \mu_{\Lambda}</formula>
    <formula uri="http://libmeta.ru/fme/formula/main/1255_2_KLASTERNOE">\left\langle F_{X_{0}}\right\rangle_{\Lambda}=\sum_{X \subset \Lambda} \mathscr{K}(X) b_{\Lambda}(X)</formula>
    <formula uri="http://libmeta.ru/fme/formula/main/1255_3_KLASTERNOE">\sum_{X \subset \mathbb{R}^{d}}|\mathcal{K}(X)| \tilde{b}(X)</formula>
    <formula uri="http://libmeta.ru/fme/formula/main/1255_4_KLASTERNOE">\left\langle F_{X_{0}}\right\rangle=\lim _{\Lambda \rightarrow \mathbb{R}^{d}}\left\langle F_{X_{0}}\right\rangle_{\Lambda}=\sum_{X \subset \mathbb{R}^{d}} \mathscr{K}(X) b(X)</formula>
    <formula uri="http://libmeta.ru/fme/formula/main/1255_5_KLASTERNOE">Z_{\Lambda}^{-1} e^{-U_{\Lambda}(\Phi)} d q_{C}(\Phi), \quad Z_{\Lambda}=\int e^{-U_{\Lambda}(\Phi)} d q_{C}(\Phi),</formula>
    <formula uri="http://libmeta.ru/fme/formula/main/1255_6_KLASTERNOE">\left\langle F_{X_{0}}\right\rangle_{\Lambda}=Z_{\Lambda}^{-1} \int F_{X_{0}}(\Phi) e^{-U_{\Lambda}(\Phi)} d q_{C}(\Phi)</formula>
    <formula uri="http://libmeta.ru/fme/formula/main/1255_7_KLASTERNOE">U_{\Lambda}(\Phi)=U_{X}(\Phi)+U_{\Lambda \backslash X}(\Phi) .</formula>
    <formula uri="http://libmeta.ru/fme/formula/main/1255_8_KLASTERNOE">\begin{aligned}
&amp; C_{\Lambda}\left(x, y ; s_{1}\right)=\left[\chi_{X}(x) \chi_{X}(y)+\chi_{\Lambda \backslash X}(x) \chi_{\Lambda} \backslash X(y)+\right. \\
&amp; \left.+s_{1} \chi_{X}(x) \chi_{\Lambda \backslash X}(y)+s_{1} \chi_{\Lambda \backslash X}(x) \chi_{X}(y)\right] C_{\Lambda}(x, y),
\end{aligned}</formula>
    <formula uri="http://libmeta.ru/fme/formula/main/1255_9_KLASTERNOE">d q_{C}=d q_{0}+\int_{0}^{1} d s_{1} \frac{d}{d s_{1}} d q_{s_{1}}</formula>
    <formula uri="http://libmeta.ru/fme/formula/main/1255_10_KLASTERNOE">U_{\Lambda}\left(\Phi ; s_{1}\right)=U_{Y_{1}}(\Phi)+U_{\Lambda \backslash Y_{1}}(\Phi)+s_{1} U_{\Lambda, Y_{1}}(\Phi)</formula>
  </formulas_main>
  <formulas_aux>
    <formula uri="http://libmeta.ru/fme/formula/aux/1255_1_KLASTERNOE">d \mu</formula>
    <formula uri="http://libmeta.ru/fme/formula/aux/1255_2_KLASTERNOE">\mathbb{r}^{d}</formula>
    <formula uri="http://libmeta.ru/fme/formula/aux/1255_3_KLASTERNOE">\mathbb{z}^{d}</formula>
    <formula uri="http://libmeta.ru/fme/formula/aux/1255_4_KLASTERNOE">\lambda \subset \mathbb{R}^{d}\left(\mathbb{Z}^{d}\right)</formula>
    <formula uri="http://libmeta.ru/fme/formula/aux/1255_5_KLASTERNOE">\mu_{\lambda}</formula>
    <formula uri="http://libmeta.ru/fme/formula/aux/1255_6_KLASTERNOE">\omega_{\lambda}</formula>
    <formula uri="http://libmeta.ru/fme/formula/aux/1255_7_KLASTERNOE">\omega_{\lambda}-</formula>
    <formula uri="http://libmeta.ru/fme/formula/aux/1255_8_KLASTERNOE">\left(\omega_{\mathbb{r}^{d}} \equiv \Omega\right)</formula>
    <formula uri="http://libmeta.ru/fme/formula/aux/1255_9_KLASTERNOE">\sigma</formula>
    <formula uri="http://libmeta.ru/fme/formula/aux/1255_10_KLASTERNOE">\sigma</formula>
    <formula uri="http://libmeta.ru/fme/formula/aux/1255_11_KLASTERNOE">\omega</formula>
    <formula uri="http://libmeta.ru/fme/formula/aux/1255_12_KLASTERNOE">\sigma_{x_{0}}-</formula>
    <formula uri="http://libmeta.ru/fme/formula/aux/1255_13_KLASTERNOE">\sigma</formula>
    <formula uri="http://libmeta.ru/fme/formula/aux/1255_14_KLASTERNOE">x \in X_{0} \subset \Lambda</formula>
    <formula uri="http://libmeta.ru/fme/formula/aux/1255_15_KLASTERNOE">f_{x_{0}}-</formula>
    <formula uri="http://libmeta.ru/fme/formula/aux/1255_16_KLASTERNOE">\sigma_{x_{0}}</formula>
    <formula uri="http://libmeta.ru/fme/formula/aux/1255_17_KLASTERNOE">f_{x_{0}}</formula>
    <formula uri="http://libmeta.ru/fme/formula/aux/1255_18_KLASTERNOE">\lambda</formula>
    <formula uri="http://libmeta.ru/fme/formula/aux/1255_19_KLASTERNOE">\mathscr{k}(x)=\mathscr{k}\left(x ; F_{X_{0}}\right)</formula>
    <formula uri="http://libmeta.ru/fme/formula/aux/1255_20_KLASTERNOE">x_{0} \subset X</formula>
    <formula uri="http://libmeta.ru/fme/formula/aux/1255_21_KLASTERNOE">b_{\lambda}(x)</formula>
    <formula uri="http://libmeta.ru/fme/formula/aux/1255_22_KLASTERNOE">b(x)</formula>
    <formula uri="http://libmeta.ru/fme/formula/aux/1255_23_KLASTERNOE">\lambda \nearrow \mathbb{R}^{d}</formula>
    <formula uri="http://libmeta.ru/fme/formula/aux/1255_24_KLASTERNOE">\left|b_{\lambda}(x)\right| \leqslant \tilde{b}(X)</formula>
    <formula uri="http://libmeta.ru/fme/formula/aux/1255_25_KLASTERNOE">\mu</formula>
    <formula uri="http://libmeta.ru/fme/formula/aux/1255_26_KLASTERNOE">x</formula>
    <formula uri="http://libmeta.ru/fme/formula/aux/1255_27_KLASTERNOE">\lambda</formula>
    <formula uri="http://libmeta.ru/fme/formula/aux/1255_28_KLASTERNOE">\mathbb{r}^{d}</formula>
    <formula uri="http://libmeta.ru/fme/formula/aux/1255_29_KLASTERNOE">x</formula>
    <formula uri="http://libmeta.ru/fme/formula/aux/1255_30_KLASTERNOE">d q_{C}(\Phi)</formula>
    <formula uri="http://libmeta.ru/fme/formula/aux/1255_31_KLASTERNOE">c=c_{\lambda}(x, y)</formula>
    <formula uri="http://libmeta.ru/fme/formula/aux/1255_32_KLASTERNOE">u_{\lambda}(\phi)</formula>
    <formula uri="http://libmeta.ru/fme/formula/aux/1255_33_KLASTERNOE">\phi(x)</formula>
    <formula uri="http://libmeta.ru/fme/formula/aux/1255_34_KLASTERNOE">\lambda</formula>
    <formula uri="http://libmeta.ru/fme/formula/aux/1255_35_KLASTERNOE">y_{1}, \ldots</formula>
    <formula uri="http://libmeta.ru/fme/formula/aux/1255_36_KLASTERNOE">y_{n}, \bigcup_{i=1}^{N} Y_{i}=\Lambda</formula>
    <formula uri="http://libmeta.ru/fme/formula/aux/1255_37_KLASTERNOE">x_{0} \subset Y_{1}</formula>
    <formula uri="http://libmeta.ru/fme/formula/aux/1255_38_KLASTERNOE">c_{\lambda}(x, y)</formula>
    <formula uri="http://libmeta.ru/fme/formula/aux/1255_39_KLASTERNOE">\lambda</formula>
    <formula uri="http://libmeta.ru/fme/formula/aux/1255_40_KLASTERNOE">x=y_{1}</formula>
    <formula uri="http://libmeta.ru/fme/formula/aux/1255_41_KLASTERNOE">\lambda \backslash X</formula>
    <formula uri="http://libmeta.ru/fme/formula/aux/1255_42_KLASTERNOE">s_{1}=1</formula>
    <formula uri="http://libmeta.ru/fme/formula/aux/1255_43_KLASTERNOE">x</formula>
    <formula uri="http://libmeta.ru/fme/formula/aux/1255_44_KLASTERNOE">\lambda \backslash X</formula>
    <formula uri="http://libmeta.ru/fme/formula/aux/1255_45_KLASTERNOE">s_{1}, 0 \leqslant s_{1} \leqslant 1</formula>
    <formula uri="http://libmeta.ru/fme/formula/aux/1255_46_KLASTERNOE">c_{\lambda}\left(x, y ; s_{1}\right)</formula>
    <formula uri="http://libmeta.ru/fme/formula/aux/1255_47_KLASTERNOE">d q_{s_{1}}</formula>
    <formula uri="http://libmeta.ru/fme/formula/aux/1255_48_KLASTERNOE">s_{1}=0</formula>
    <formula uri="http://libmeta.ru/fme/formula/aux/1255_49_KLASTERNOE">\partial X</formula>
    <formula uri="http://libmeta.ru/fme/formula/aux/1255_50_KLASTERNOE">d q_{0}</formula>
    <formula uri="http://libmeta.ru/fme/formula/aux/1255_51_KLASTERNOE">\mathscr{k}(x)=\int F_{X_{0}}(\Phi) \exp \left\{-U_{X}(\Phi)\right\} d q_{0}(\Phi) \quad</formula>
    <formula uri="http://libmeta.ru/fme/formula/aux/1255_52_KLASTERNOE">\quad b_{\Lambda}(X)=Z_{\Lambda \backslash X} / Z_{\Lambda}</formula>
    <formula uri="http://libmeta.ru/fme/formula/aux/1255_53_KLASTERNOE">x=y_{1} \cup Y_{2}</formula>
    <formula uri="http://libmeta.ru/fme/formula/aux/1255_54_KLASTERNOE">\lambda</formula>
    <formula uri="http://libmeta.ru/fme/formula/aux/1255_55_KLASTERNOE">u_{\lambda}(\phi)</formula>
    <formula uri="http://libmeta.ru/fme/formula/aux/1255_56_KLASTERNOE">s</formula>
    <formula uri="http://libmeta.ru/fme/formula/aux/1255_57_KLASTERNOE">u_{\lambda}(\phi)</formula>
    <formula uri="http://libmeta.ru/fme/formula/aux/1255_58_KLASTERNOE">\mathcal{k}(x)</formula>
    <formula uri="http://libmeta.ru/fme/formula/aux/1255_59_KLASTERNOE">n</formula>
  </formulas_aux>
  <relations/>
  <text>разложение, определяемое сходящимся рядом для средних по некоторой вероятностной мере $URI[[http://libmeta.ru/fme/formula/aux/1255_1_KLASTERNOE]]/URI$. Определим в пространстве $URI[[http://libmeta.ru/fme/formula/aux/1255_2_KLASTERNOE]]/URI$ (для решетчатых систем $URI[[http://libmeta.ru/fme/formula/aux/1255_3_KLASTERNOE]]/URI$ ) последовательность расширяющихся объемов $URI[[http://libmeta.ru/fme/formula/aux/1255_4_KLASTERNOE]]/URI$ и связанную с ней последовательность мер $URI[[http://libmeta.ru/fme/formula/aux/1255_5_KLASTERNOE]]/URI$ на $URI[[http://libmeta.ru/fme/formula/aux/1255_6_KLASTERNOE]]/URI$, где $URI[[http://libmeta.ru/fme/formula/aux/1255_7_KLASTERNOE]]/URI$ измеримое множество значений соответствуюшего случайного поля $URI[[http://libmeta.ru/fme/formula/aux/1255_8_KLASTERNOE]]/URI$. Пусть, далее, $URI[[http://libmeta.ru/fme/formula/aux/1255_9_KLASTERNOE]]/URI$ - стандартная $URI[[http://libmeta.ru/fme/formula/aux/1255_10_KLASTERNOE]]/URI$-алгебра на $URI[[http://libmeta.ru/fme/formula/aux/1255_11_KLASTERNOE]]/URI$, а $URI[[http://libmeta.ru/fme/formula/aux/1255_12_KLASTERNOE]]/URI$ ее $URI[[http://libmeta.ru/fme/formula/aux/1255_13_KLASTERNOE]]/URI$-подалгебра, зависящая от точек $URI[[http://libmeta.ru/fme/formula/aux/1255_14_KLASTERNOE]]/URI$. Обозначим через $URI[[http://libmeta.ru/fme/formula/aux/1255_15_KLASTERNOE]]/URI$ функцию, измеримую относительно $URI[[http://libmeta.ru/fme/formula/aux/1255_16_KLASTERNOE]]/URI$, и введем среднее

\[
URI[[http://libmeta.ru/fme/formula/main/1255_1_KLASTERNOE]]/URI
\]

Определение. Пусть для нек-рой ограниченной функции $URI[[http://libmeta.ru/fme/formula/aux/1255_17_KLASTERNOE]]/URI$ и любого $URI[[http://libmeta.ru/fme/formula/aux/1255_18_KLASTERNOE]]/URI$ имеет место разложение

\[
URI[[http://libmeta.ru/fme/formula/main/1255_2_KLASTERNOE]]/URI
\]

$URI[[http://libmeta.ru/fme/formula/aux/1255_19_KLASTERNOE]]/URI$ для $URI[[http://libmeta.ru/fme/formula/aux/1255_20_KLASTERNOE]]/URI$, а $URI[[http://libmeta.ru/fme/formula/aux/1255_21_KLASTERNOE]]/URI$ сходятся к нек-рым $URI[[http://libmeta.ru/fme/formula/aux/1255_22_KLASTERNOE]]/URI$ при $URI[[http://libmeta.ru/fme/formula/aux/1255_23_KLASTERNOE]]/URI$. Кроме того $URI[[http://libmeta.ru/fme/formula/aux/1255_24_KLASTERNOE]]/URI$, причем ряд

\[
URI[[http://libmeta.ru/fme/formula/main/1255_3_KLASTERNOE]]/URI
\]

сходится. Тогда предельный ряд

\[
URI[[http://libmeta.ru/fme/formula/main/1255_4_KLASTERNOE]]/URI
\]

является кластерным разложен и ем для предельной меры $URI[[http://libmeta.ru/fme/formula/aux/1255_25_KLASTERNOE]]/URI$. Сумма по $URI[[http://libmeta.ru/fme/formula/aux/1255_26_KLASTERNOE]]/URI$ исчерпывает все $URI[[http://libmeta.ru/fme/formula/aux/1255_27_KLASTERNOE]]/URI$ (или $URI[[http://libmeta.ru/fme/formula/aux/1255_28_KLASTERNOE]]/URI$ ). Выбор множеств $URI[[http://libmeta.ru/fme/formula/aux/1255_29_KLASTERNOE]]/URI$ зависит от рассматриваемой задачи.

Примером К. р. может служить Майера разложение. Идеи, лежашие в основе построения майеровских разложений, позволили Дж. Глимму, А. Джаффе и Т. Спенсеру [3] развить технику К. р. для мер вида:

\[
URI[[http://libmeta.ru/fme/formula/main/1255_5_KLASTERNOE]]/URI
\]

где $URI[[http://libmeta.ru/fme/formula/aux/1255_30_KLASTERNOE]]/URI$ - гауссова мера с ковариацией $URI[[http://libmeta.ru/fme/formula/aux/1255_31_KLASTERNOE]]/URI$, $URI[[http://libmeta.ru/fme/formula/aux/1255_32_KLASTERNOE]]/URI$ - функционал от случайного гауссового поля $URI[[http://libmeta.ru/fme/formula/aux/1255_33_KLASTERNOE]]/URI$, связанный с энергией взаимодействия. Поясним идею возникновения К. р. на примере среднего

\[
URI[[http://libmeta.ru/fme/formula/main/1255_6_KLASTERNOE]]/URI
\]

Разобьем область $URI[[http://libmeta.ru/fme/formula/aux/1255_34_KLASTERNOE]]/URI$ на непересекающиеся множества $URI[[http://libmeta.ru/fme/formula/aux/1255_35_KLASTERNOE]]/URI$, $URI[[http://libmeta.ru/fme/formula/aux/1255_36_KLASTERNOE]]/URI$. Пусть, для определенности, $URI[[http://libmeta.ru/fme/formula/aux/1255_37_KLASTERNOE]]/URI$ и

\[
URI[[http://libmeta.ru/fme/formula/main/1255_7_KLASTERNOE]]/URI
\]

Так как ковариация $URI[[http://libmeta.ru/fme/formula/aux/1255_38_KLASTERNOE]]/URI$ фактически определяет корреляцию (взаимодействие) различных точек области $URI[[http://libmeta.ru/fme/formula/aux/1255_39_KLASTERNOE]]/URI$, будем условно считать, что это взаимодействие осуществляется с интенсивностью 1. К. р. определяют как индуктивный процесс следующим образом. На первом шаге определяют ковариацию

\[
URI[[http://libmeta.ru/fme/formula/main/1255_8_KLASTERNOE]]/URI
\] к-рая определяет взаимодействие внутри $URI[[http://libmeta.ru/fme/formula/aux/1255_40_KLASTERNOE]]/URI$ и $URI[[http://libmeta.ru/fme/formula/aux/1255_41_KLASTERNOE]]/URI$ с интенсивностью $URI[[http://libmeta.ru/fme/formula/aux/1255_42_KLASTERNOE]]/URI$, а взаимодействие точек области $URI[[http://libmeta.ru/fme/formula/aux/1255_43_KLASTERNOE]]/URI$ с точками области $URI[[http://libmeta.ru/fme/formula/aux/1255_44_KLASTERNOE]]/URI$ с интенсивностью $URI[[http://libmeta.ru/fme/formula/aux/1255_45_KLASTERNOE]]/URI$. Гауссову меру, соответствующую $URI[[http://libmeta.ru/fme/formula/aux/1255_46_KLASTERNOE]]/URI$, обозначим $URI[[http://libmeta.ru/fme/formula/aux/1255_47_KLASTERNOE]]/URI$. Тогда первый шаг К. р. есть применение формулы Ньютона - Лейбница:

\[
URI[[http://libmeta.ru/fme/formula/main/1255_9_KLASTERNOE]]/URI
\]

Так как при $URI[[http://libmeta.ru/fme/formula/aux/1255_48_KLASTERNOE]]/URI$ точки, разделенные контуром $URI[[http://libmeta.ru/fme/formula/aux/1255_49_KLASTERNOE]]/URI$, не взаимодействуют, мера $URI[[http://libmeta.ru/fme/formula/aux/1255_50_KLASTERNOE]]/URI$ факторизуется и после первого шага получают первый член в разложении (1) с

$URI[[http://libmeta.ru/fme/formula/aux/1255_51_KLASTERNOE]]/URI$ и $URI[[http://libmeta.ru/fme/formula/aux/1255_52_KLASTERNOE]]/URI$.

Второй член после несложных преобразований подвергается следующему шагу разложения с $URI[[http://libmeta.ru/fme/formula/aux/1255_53_KLASTERNOE]]/URI$ и т. д., пока не исчерпана вся область $URI[[http://libmeta.ru/fme/formula/aux/1255_54_KLASTERNOE]]/URI$.

В статистич. механике с сингулярным потенциалом взаимодействия условие (2) для $URI[[http://libmeta.ru/fme/formula/aux/1255_55_KLASTERNOE]]/URI$ не выполняется. В этом случае параметр $URI[[http://libmeta.ru/fme/formula/aux/1255_56_KLASTERNOE]]/URI$ вводится также в $URI[[http://libmeta.ru/fme/formula/aux/1255_57_KLASTERNOE]]/URI$ (см. [2]), то есть на первом шаге определяется

\[
URI[[http://libmeta.ru/fme/formula/main/1255_10_KLASTERNOE]]/URI
\]

и применяется формула Ньютона - Лейбница. В этом случае выражения для $URI[[http://libmeta.ru/fme/formula/aux/1255_58_KLASTERNOE]]/URI$ имеют более сложную структуру. Описанные выше К. р. иногда называют ваку у м ны и, или п е р в и ч н ы м и, К. р. С их помощью можно доказать существование термодинамич. предела, исследовать фазовые переходы и т. д. В работе [3] были также введены $URI[[http://libmeta.ru/fme/formula/aux/1255_59_KLASTERNOE]]/URI$-частичные K. p. C их помощью можно получить подробную информацию о свойствах спектра трансфер-матрицы, другие важные следствия модельных систем квантовой теории поля.</text>
  <text_orig>разложение, определяемое сходящимся рядом для средних по некоторой вероятностной мере $d \mu$. Определим в пространстве $\mathbb{R}^{d}$ (для решетчатых систем $\mathbb{Z}^{d}$ ) последовательность расширяющихся объемов $\Lambda \subset \mathbb{R}^{d}\left(\mathbb{Z}^{d}\right)$ и связанную с ней последовательность мер $\mu_{\Lambda}$ на $\Omega_{\Lambda}$, где $\Omega_{\Lambda}-$ измеримое множество значений соответствуюшего случайного поля $\left(\Omega_{\mathbb{R}^{d}} \equiv \Omega\right)$. Пусть, далее, $\Sigma$ - стандартная $\sigma$-алгебра на $\Omega$, а $\Sigma_{X_{0}}-$ ее $\sigma$-подалгебра, зависящая от точек $x \in X_{0} \subset \Lambda$. Обозначим через $F_{X_{0}}-$ функцию, измеримую относительно $\Sigma_{X_{0}}$, и введем среднее

\[
\left\langle F_{X_{0}}\right\rangle_{\Lambda}=\int F_{X_{0}} d \mu_{\Lambda}
\]

Определение. Пусть для нек-рой ограниченной функции $F_{X_{0}}$ и любого $\Lambda$ имеет место разложение

\[
\left\langle F_{X_{0}}\right\rangle_{\Lambda}=\sum_{X \subset \Lambda} \mathscr{K}(X) b_{\Lambda}(X)
\]

$\mathscr{K}(X)=\mathscr{K}\left(X ; F_{X_{0}}\right)$ для $X_{0} \subset X$, а $b_{\Lambda}(X)$ сходятся к нек-рым $b(X)$ при $\Lambda \nearrow \mathbb{R}^{d}$. Кроме того $\left|b_{\Lambda}(X)\right| \leqslant \tilde{b}(X)$, причем ряд

\[
\sum_{X \subset \mathbb{R}^{d}}|\mathcal{K}(X)| \tilde{b}(X)
\]

сходится. Тогда предельный ряд

\[
\left\langle F_{X_{0}}\right\rangle=\lim _{\Lambda \rightarrow \mathbb{R}^{d}}\left\langle F_{X_{0}}\right\rangle_{\Lambda}=\sum_{X \subset \mathbb{R}^{d}} \mathscr{K}(X) b(X)
\]

является кластерным разложен и ем для предельной меры $\mu$. Сумма по $X$ исчерпывает все $\Lambda$ (или $\mathbb{R}^{d}$ ). Выбор множеств $X$ зависит от рассматриваемой задачи.

Примером К. р. может служить Майера разложение. Идеи, лежашие в основе построения майеровских разложений, позволили Дж. Глимму, А. Джаффе и Т. Спенсеру [3] развить технику К. р. для мер вида:

\[
Z_{\Lambda}^{-1} e^{-U_{\Lambda}(\Phi)} d q_{C}(\Phi), \quad Z_{\Lambda}=\int e^{-U_{\Lambda}(\Phi)} d q_{C}(\Phi),
\]

где $d q_{C}(\Phi)$ - гауссова мера с ковариацией $C=C_{\Lambda}(x, y)$, $U_{\Lambda}(\Phi)$ - функционал от случайного гауссового поля $\Phi(x)$, связанный с энергией взаимодействия. Поясним идею возникновения К. р. на примере среднего

\[
\left\langle F_{X_{0}}\right\rangle_{\Lambda}=Z_{\Lambda}^{-1} \int F_{X_{0}}(\Phi) e^{-U_{\Lambda}(\Phi)} d q_{C}(\Phi)
\]

Разобьем область $\Lambda$ на непересекающиеся множества $Y_{1}, \ldots$, $Y_{N}, \bigcup_{i=1}^{N} Y_{i}=\Lambda$. Пусть, для определенности, $X_{0} \subset Y_{1}$ и

\[
U_{\Lambda}(\Phi)=U_{X}(\Phi)+U_{\Lambda \backslash X}(\Phi) .
\]

Так как ковариация $C_{\Lambda}(x, y)$ фактически определяет корреляцию (взаимодействие) различных точек области $\Lambda$, будем условно считать, что это взаимодействие осуществляется с интенсивностью 1. К. р. определяют как индуктивный процесс следующим образом. На первом шаге определяют ковариацию

\[
\begin{aligned}
&amp; C_{\Lambda}\left(x, y ; s_{1}\right)=\left[\chi_{X}(x) \chi_{X}(y)+\chi_{\Lambda \backslash X}(x) \chi_{\Lambda} \backslash X(y)+\right. \\
&amp; \left.+s_{1} \chi_{X}(x) \chi_{\Lambda \backslash X}(y)+s_{1} \chi_{\Lambda \backslash X}(x) \chi_{X}(y)\right] C_{\Lambda}(x, y),
\end{aligned}
\] к-рая определяет взаимодействие внутри $X=Y_{1}$ и $\Lambda \backslash X$ с интенсивностью $s_{1}=1$, а взаимодействие точек области $X$ с точками области $\Lambda \backslash X$ с интенсивностью $s_{1}, 0 \leqslant s_{1} \leqslant 1$. Гауссову меру, соответствующую $C_{\Lambda}\left(x, y ; s_{1}\right)$, обозначим $d q_{s_{1}}$. Тогда первый шаг К. р. есть применение формулы Ньютона - Лейбница:

\[
d q_{C}=d q_{0}+\int_{0}^{1} d s_{1} \frac{d}{d s_{1}} d q_{s_{1}}
\]

Так как при $s_{1}=0$ точки, разделенные контуром $\partial X$, не взаимодействуют, мера $d q_{0}$ факторизуется и после первого шага получают первый член в разложении (1) с

$\mathscr{K}(X)=\int F_{X_{0}}(\Phi) \exp \left\{-U_{X}(\Phi)\right\} d q_{0}(\Phi) \quad$ и $\quad b_{\Lambda}(X)=Z_{\Lambda \backslash X} / Z_{\Lambda}$.

Второй член после несложных преобразований подвергается следующему шагу разложения с $X=Y_{1} \cup Y_{2}$ и т. д., пока не исчерпана вся область $\Lambda$.

В статистич. механике с сингулярным потенциалом взаимодействия условие (2) для $U_{\Lambda}(\Phi)$ не выполняется. В этом случае параметр $s$ вводится также в $U_{\Lambda}(\Phi)$ (см. [2]), то есть на первом шаге определяется

\[
U_{\Lambda}\left(\Phi ; s_{1}\right)=U_{Y_{1}}(\Phi)+U_{\Lambda \backslash Y_{1}}(\Phi)+s_{1} U_{\Lambda, Y_{1}}(\Phi)
\]

и применяется формула Ньютона - Лейбница. В этом случае выражения для $\mathcal{K}(X)$ имеют более сложную структуру. Описанные выше К. р. иногда называют ваку у м ны и, или п е р в и ч н ы м и, К. р. С их помощью можно доказать существование термодинамич. предела, исследовать фазовые переходы и т. д. В работе [3] были также введены $N$-частичные K. p. C их помощью можно получить подробную информацию о свойствах спектра трансфер-матрицы, другие важные следствия модельных систем квантовой теории поля.

Лит.: [1] Конструктивная квантовая теория поля, пер. с англ., М., 1977; [2] B rydge s D., Fe de rb us h P., «Comm. Math. Phys.», 1980, v. 73, p. 197; [3] Glimm J., Jaffe A., Spencer T., &quot;Ann. Math.», 1974, v. 100, p. 585; [4] М а лыш е в В. А., «Успехи математич. наук», 1980, т. 35, в. 2, с. 3-53; [5] Р е бе н к о А. Л., в кн.: Сборник физики элементарных частиц и атомного ядра, 1985, т. 16, в. 3, с. 551-83.

А.Л. Ребенко.</text_orig>
</article>
