<?xml version="1.0" ?>
<article uri="http://libmeta.ru/fme/article/1255_KLASTERY">
  <title>КЛАСТЕРЫ СОБСТВЕННЫХ ЗНАЧЕНИЙ</title>
  <authors/>
  <title_short/>
  <pages>
    <start>271</start>
    <end>271</end>
  </pages>
  <literature>
    <literature_orig/>
  </literature>
  <formulas_main>
    <formula uri="http://libmeta.ru/fme/formula/main/1255_1_KLASTERY">\max _{i, j}\left|\lambda_{k, i}-\lambda_{k, j}\right| / \min _{i, j, l \neq k} \mid \lambda_{k, i}-\lambda_{l, j} \rightarrow 0</formula>
  </formulas_main>
  <formulas_aux>
    <formula uri="http://libmeta.ru/fme/formula/aux/1255_1_KLASTERY">\left\{\lambda_{k, j}, 1 \leqslant j \leqslant \mu_{k}\right\}, k=1,2, \ldots</formula>
    <formula uri="http://libmeta.ru/fme/formula/aux/1255_2_KLASTERY">\mu_{k} \rightarrow \infty</formula>
    <formula uri="http://libmeta.ru/fme/formula/aux/1255_3_KLASTERY">k \rightarrow \infty</formula>
  </formulas_aux>
  <relations/>
  <text>гРУППЫ $URI[[http://libmeta.ru/fme/formula/aux/1255_1_KLASTERY]]/URI$, собственных значений, лежа- щих в интервале, не содержащем других точек спектра, причем $URI[[http://libmeta.ru/fme/formula/aux/1255_2_KLASTERY]]/URI$ и

\[
URI[[http://libmeta.ru/fme/formula/main/1255_1_KLASTERY]]/URI
\]

при $URI[[http://libmeta.ru/fme/formula/aux/1255_3_KLASTERY]]/URI$. Наиболее изучены К. с. з. у эллиптич. операторов на компактных замкнутых многообразиях с периодич. гамильтоновым потоком главного символа и нек-рым условием на субглавный символ. Изучено асимптотич. распределение собственных значений внутри кластеров.

Лum.: [1] Хё р м а н де р Л., Анализ линейных дифференциальных операторов с частными производными, пер. с англ., т. 4, М., 1988.</text>
  <text_orig>гРУППЫ $\left\{\lambda_{k, j}, 1 \leqslant j \leqslant \mu_{k}\right\}, k=1,2, \ldots$, собственных значений, лежа- щих в интервале, не содержащем других точек спектра, причем $\mu_{k} \rightarrow \infty$ и

\[
\max _{i, j}\left|\lambda_{k, i}-\lambda_{k, j}\right| / \min _{i, j, l \neq k} \mid \lambda_{k, i}-\lambda_{l, j} \rightarrow 0
\]

при $k \rightarrow \infty$. Наиболее изучены К. с. з. у эллиптич. операторов на компактных замкнутых многообразиях с периодич. гамильтоновым потоком главного символа и нек-рым условием на субглавный символ. Изучено асимптотич. распределение собственных значений внутри кластеров.

Лum.: [1] Хё р м а н де р Л., Анализ линейных дифференциальных операторов с частными производными, пер. с англ., т. 4, М., 1988.</text_orig>
</article>
