<?xml version="1.0" ?>
<article uri="http://libmeta.ru/fme/article/1257_KLASTERNYE">
  <title>КЛАСТЕРНЫЕ ОЦЕНКИ</title>
  <authors>
    <author>А. Л. Ребенко</author>
  </authors>
  <title_short/>
  <pages>
    <start>271</start>
    <end>271</end>
  </pages>
  <literature>
    <literature_orig/>
  </literature>
  <formulas_main/>
  <formulas_aux>
    <formula uri="http://libmeta.ru/fme/formula/aux/1257_1_KLASTERNYE">\lambda</formula>
    <formula uri="http://libmeta.ru/fme/formula/aux/1257_2_KLASTERNYE">\lambda \nearrow \mathbb{R}^{d}\left(\mathbb{Z}^{d}\right)</formula>
    <formula uri="http://libmeta.ru/fme/formula/aux/1257_3_KLASTERNYE">x</formula>
    <formula uri="http://libmeta.ru/fme/formula/aux/1257_4_KLASTERNYE">\mathcal{k}(x)</formula>
    <formula uri="http://libmeta.ru/fme/formula/aux/1257_5_KLASTERNYE">\mathscr{k}(x)</formula>
    <formula uri="http://libmeta.ru/fme/formula/aux/1257_6_KLASTERNYE">b_{\lambda}(x)</formula>
    <formula uri="http://libmeta.ru/fme/formula/aux/1257_7_KLASTERNYE">\lambda / m_{0}^{2}</formula>
    <formula uri="http://libmeta.ru/fme/formula/aux/1257_8_KLASTERNYE">\beta=1 / k T, k-</formula>
  </formulas_aux>
  <relations/>
  <text>равномерные по объему $URI[[http://libmeta.ru/fme/formula/aux/1257_1_KLASTERNYE]]/URI$ оценки членов кластерного разложения, обеспечивающие его сходимость в пределе $URI[[http://libmeta.ru/fme/formula/aux/1257_2_KLASTERNYE]]/URI$. Как правило, К. о. можно условно разбить на три типа: комбинаторные оценки, то есть оценки сумм по $URI[[http://libmeta.ru/fme/formula/aux/1257_3_KLASTERNYE]]/URI$ и сумм, входящих в определение $URI[[http://libmeta.ru/fme/formula/aux/1257_4_KLASTERNYE]]/URI$ (см. Кластерное разложение); оценки ковариаций и их производных; оценки континуальных интегралов, входяших в определение $URI[[http://libmeta.ru/fme/formula/aux/1257_5_KLASTERNYE]]/URI$ и $URI[[http://libmeta.ru/fme/formula/aux/1257_6_KLASTERNYE]]/URI$ К. о. должны содержать малый параметр, обеспечивающий сходимость кластерного разложения. В квантовой теории поля это обычно отношение константы взаимодействия к массе частицы $URI[[http://libmeta.ru/fme/formula/aux/1257_7_KLASTERNYE]]/URI$, а в статистич. механике роль малого параметра играет обратная температура $URI[[http://libmeta.ru/fme/formula/aux/1257_8_KLASTERNYE]]/URI$ постоянная Больцмана.</text>
  <text_orig>равномерНЫе по объемУ $\Lambda$ оценки членов кластерного разложения, обеспечивающие его сходимость в пределе $\Lambda \nearrow \mathbb{R}^{d}\left(\mathbb{Z}^{d}\right)$. Как правило, К. о. можно условно разбить на три типа: комбинаторные оценки, то есть оценки сумм по $X$ и сумм, входящих в определение $\mathcal{K}(X)$ (см. Кластерное разложение); оценки ковариаций и их производных; оценки континуальных интегралов, входяших в определение $\mathscr{K}(X)$ и $b_{\Lambda}(X)$ К. о. должны содержать малый параметр, обеспечивающий сходимость кластерного разложения. В квантовой теории поля это обычно отношение константы взаимодействия к массе частицы $\lambda / m_{0}^{2}$, а в статистич. механике роль малого параметра играет обратная температура $\beta=1 / k T, k-$ постоянная Больцмана.

А. Л. Ребенко.</text_orig>
</article>
