<?xml version="1.0" ?>
<article uri="http://libmeta.ru/fme/article/125_ATTRAKTO" alphabetic_pos="125">
  <title>АТТРАКТОР</title>
  <authors>
    <author>В. С. Афраймович</author>
  </authors>
  <title_short/>
  <pages>
    <start>36</start>
    <end>37</end>
  </pages>
  <literature>
    <literature_orig>Лит.: [1] Странные аттракторы. Сб. переводов с англ., под ред. Я. Г. Синая, Л. П. Шильникова, М., 1980; [2] Арнольд В. И., Илья шен ко Ю. С., Обыкновенные дифференциальные уравнения, в сб.: Итоги науки и техники. Современные проблемы математики. Фундаментальные направления, М., 1985, с. 11-150.</literature_orig>
    <unit>
      <title>Странные аттракторы. Сб. переводов с англ., под ред. Я. Г. Синая, Л. П. Шильникова</title>
      <publication>М.</publication>
      <year>1980</year>
      <other/>
    </unit>
    <unit>
      <author>Арнольд В. И.</author>
      <author>Ильяшенко Ю. С.</author>
      <title>Обыкновенные дифференциальные уравнения, в сб.: Итоги науки и техники. Современные проблемы математики. Фундаментальные направления</title>
      <publication>М.</publication>
      <year>1985</year>
      <other>с. 11-150.</other>
    </unit>
  </literature>
  <formulas_main>
    <formula uri="http://libmeta.ru/fme/formula/main/125_1_ATTRAKTO">A=\bigcap_{t \geqslant 0} f^{t} U</formula>
  </formulas_main>
  <formulas_aux>
    <formula uri="http://libmeta.ru/fme/formula/aux/125_1_ATTRAKTO">t \rightarrow+\infty</formula>
    <formula uri="http://libmeta.ru/fme/formula/aux/125_2_ATTRAKTO">n</formula>
    <formula uri="http://libmeta.ru/fme/formula/aux/125_3_ATTRAKTO">n</formula>
    <formula uri="http://libmeta.ru/fme/formula/aux/125_4_ATTRAKTO">m</formula>
    <formula uri="http://libmeta.ru/fme/formula/aux/125_5_ATTRAKTO">t \rightarrow+\infty</formula>
    <formula uri="http://libmeta.ru/fme/formula/aux/125_6_ATTRAKTO">u \subset M</formula>
    <formula uri="http://libmeta.ru/fme/formula/aux/125_7_ATTRAKTO">f^{t} \bar{U} \subset U</formula>
    <formula uri="http://libmeta.ru/fme/formula/aux/125_8_ATTRAKTO">t&gt;0</formula>
    <formula uri="http://libmeta.ru/fme/formula/aux/125_9_ATTRAKTO">f^{t}</formula>
    <formula uri="http://libmeta.ru/fme/formula/aux/125_10_ATTRAKTO">t</formula>
    <formula uri="http://libmeta.ru/fme/formula/aux/125_11_ATTRAKTO">\bar{u}</formula>
    <formula uri="http://libmeta.ru/fme/formula/aux/125_12_ATTRAKTO">u</formula>
    <formula uri="http://libmeta.ru/fme/formula/aux/125_13_ATTRAKTO">u</formula>
    <formula uri="http://libmeta.ru/fme/formula/aux/125_14_ATTRAKTO">m</formula>
    <formula uri="http://libmeta.ru/fme/formula/aux/125_15_ATTRAKTO">a</formula>
    <formula uri="http://libmeta.ru/fme/formula/aux/125_16_ATTRAKTO">a</formula>
  </formulas_aux>
  <relations>
    <relation uri="http://libmeta.ru/fme/relation/125_1_ATTRAKTO">
      <rel_text>аттрактора</rel_text>
      <target>http://libmeta.ru/fme/article/125_ATTRAKTO</target>
    </relation>
    <relation uri="http://libmeta.ru/fme/relation/125_2_ATTRAKTO">
      <rel_text>областью</rel_text>
      <target>http://libmeta.ru/fme/article/2006_OBLAST</target>
    </relation>
    <relation uri="http://libmeta.ru/fme/relation/125_3_ATTRAKTO">
      <rel_text>траектория</rel_text>
      <target>http://libmeta.ru/fme/article/3109_TRAEKTORI</target>
    </relation>
    <relation uri="http://libmeta.ru/fme/relation/125_4_ATTRAKTO">
      <rel_text>поглощающей области</rel_text>
      <target>http://libmeta.ru/fme/article/2266_POGLOSchAJuSchAJa</target>
    </relation>
    <relation uri="http://libmeta.ru/fme/relation/125_5_ATTRAKTO">
      <rel_text>Аттрактор</rel_text>
      <target>http://libmeta.ru/fme/article/125_ATTRAKTO</target>
    </relation>
    <relation uri="http://libmeta.ru/fme/relation/125_6_ATTRAKTO">
      <rel_text>динамич</rel_text>
      <target>http://libmeta.ru/fme/article/816_DINAMIK</target>
    </relation>
    <relation uri="http://libmeta.ru/fme/relation/125_7_ATTRAKTO">
      <rel_text>траекториям</rel_text>
      <target>http://libmeta.ru/fme/article/3109_TRAEKTORI</target>
    </relation>
    <relation uri="http://libmeta.ru/fme/relation/125_8_ATTRAKTO">
      <rel_text>отображение сдвига</rel_text>
      <target>http://libmeta.ru/fme/article/2712_SDVIGA</target>
    </relation>
    <relation uri="http://libmeta.ru/fme/relation/125_9_ATTRAKTO">
      <rel_text>Область</rel_text>
      <target>http://libmeta.ru/fme/article/2006_OBLAST</target>
    </relation>
    <relation uri="http://libmeta.ru/fme/relation/125_10_ATTRAKTO">
      <rel_text>траектории</rel_text>
      <target>http://libmeta.ru/fme/article/3109_TRAEKTORI</target>
    </relation>
    <relation uri="http://libmeta.ru/fme/relation/125_11_ATTRAKTO">
      <rel_text>точки окрестности</rel_text>
      <target>http://libmeta.ru/fme/article/2064_OKRESTNOST'</target>
    </relation>
    <relation uri="http://libmeta.ru/fme/relation/125_12_ATTRAKTO">
      <rel_text>траекторий</rel_text>
      <target>http://libmeta.ru/fme/article/3109_TRAEKTORI</target>
    </relation>
    <relation uri="http://libmeta.ru/fme/relation/125_13_ATTRAKTO">
      <rel_text>фазового пространства</rel_text>
      <target>http://libmeta.ru/fme/article/3242_FAZOVOE</target>
    </relation>
    <relation uri="http://libmeta.ru/fme/relation/125_14_ATTRAKTO">
      <rel_text>странный аттрактор</rel_text>
      <target>http://libmeta.ru/fme/article/2973_STRANNYJ</target>
    </relation>
    <relation uri="http://libmeta.ru/fme/relation/125_15_ATTRAKTO">
      <rel_text>устойчивый предельный цикл</rel_text>
      <target>http://libmeta.ru/fme/article/3225_USTOJChIVYJ</target>
    </relation>
    <relation uri="http://libmeta.ru/fme/relation/125_16_ATTRAKTO">
      <rel_text>квазипериодическому</rel_text>
      <target>http://libmeta.ru/fme/article/1158_KVAZIEKVIVALENTNOST</target>
    </relation>
    <relation uri="http://libmeta.ru/fme/relation/125_17_ATTRAKTO">
      <rel_text>траектории</rel_text>
      <target>http://libmeta.ru/fme/article/3109_TRAEKTORI</target>
    </relation>
    <relation uri="http://libmeta.ru/fme/relation/125_18_ATTRAKTO">
      <rel_text>динамич</rel_text>
      <target>http://libmeta.ru/fme/article/816_DINAMIK</target>
    </relation>
    <relation uri="http://libmeta.ru/fme/relation/125_19_ATTRAKTO">
      <rel_text>энергии</rel_text>
      <target>http://libmeta.ru/fme/article/3530_ENERGI</target>
    </relation>
    <relation uri="http://libmeta.ru/fme/relation/125_20_ATTRAKTO">
      <rel_text>Траектории</rel_text>
      <target>http://libmeta.ru/fme/article/3109_TRAEKTORI</target>
    </relation>
    <relation uri="http://libmeta.ru/fme/relation/125_21_ATTRAKTO">
      <rel_text>динамической системы</rel_text>
      <target>http://libmeta.ru/fme/article/826_DINAMIChESKAJa</target>
    </relation>
    <relation uri="http://libmeta.ru/fme/relation/125_22_ATTRAKTO">
      <rel_text>фазовом пространстве</rel_text>
      <target>http://libmeta.ru/fme/article/3242_FAZOVOE</target>
    </relation>
    <relation uri="http://libmeta.ru/fme/relation/125_23_ATTRAKTO">
      <rel_text>траекторий</rel_text>
      <target>http://libmeta.ru/fme/article/3109_TRAEKTORI</target>
    </relation>
  </relations>
  <text>инвариантное притягивающее множество URI[[http://libmeta.ru/fme/relation/125_23_ATTRAKTO]]/URI в URI[[http://libmeta.ru/fme/relation/125_22_ATTRAKTO]]/URI URI[[http://libmeta.ru/fme/relation/125_21_ATTRAKTO]]/URI. URI[[http://libmeta.ru/fme/relation/125_20_ATTRAKTO]]/URI, лежащие в А., отвечают установившимся движениям физич. (химич. и пр.) системы с диссипацией и накачкой URI[[http://libmeta.ru/fme/relation/125_19_ATTRAKTO]]/URI, математич. моделью к-рой служит URI[[http://libmeta.ru/fme/relation/125_18_ATTRAKTO]]/URI. система; URI[[http://libmeta.ru/fme/relation/125_17_ATTRAKTO]]/URI, не принадлежащие А. и стремящиеся к нему при $URI[[http://libmeta.ru/fme/formula/aux/125_1_ATTRAKTO]]/URI$, отвечают переходным процессам. Статическому, периодическому, $URI[[http://libmeta.ru/fme/formula/aux/125_2_ATTRAKTO]]/URI$-частотному URI[[http://libmeta.ru/fme/relation/125_16_ATTRAKTO]]/URI установившимся режимам отвечают устойчивое положение равновесия, URI[[http://libmeta.ru/fme/relation/125_15_ATTRAKTO]]/URI, притягивающий $URI[[http://libmeta.ru/fme/formula/aux/125_3_ATTRAKTO]]/URI$-мерный тор соответственно. Непериодическим, нерегулярным установившимся колебаниям отвечает URI[[http://libmeta.ru/fme/relation/125_14_ATTRAKTO]]/URI - подмножество URI[[http://libmeta.ru/fme/relation/125_13_ATTRAKTO]]/URI $URI[[http://libmeta.ru/fme/formula/aux/125_4_ATTRAKTO]]/URI$, не представляющееся в виде конечного объединения гладких подмногообразий.

Существуют различные определения А., в зависимости от требований к «количеству» URI[[http://libmeta.ru/fme/relation/125_12_ATTRAKTO]]/URI, обязанных к нему притягиваться. Требование, чтобы через все URI[[http://libmeta.ru/fme/relation/125_11_ATTRAKTO]]/URI А. проходили URI[[http://libmeta.ru/fme/relation/125_10_ATTRAKTO]]/URI, стремящиеся к нему при $URI[[http://libmeta.ru/fme/formula/aux/125_5_ATTRAKTO]]/URI$, приводит к следующему, наиболее обиходному, определению. URI[[http://libmeta.ru/fme/relation/125_9_ATTRAKTO]]/URI $URI[[http://libmeta.ru/fme/formula/aux/125_6_ATTRAKTO]]/URI$ называется поглощаю щ е й, если $URI[[http://libmeta.ru/fme/formula/aux/125_7_ATTRAKTO]]/URI$ для любого $URI[[http://libmeta.ru/fme/formula/aux/125_8_ATTRAKTO]]/URI$; здесь $URI[[http://libmeta.ru/fme/formula/aux/125_9_ATTRAKTO]]/URI$ - URI[[http://libmeta.ru/fme/relation/125_8_ATTRAKTO]]/URI по URI[[http://libmeta.ru/fme/relation/125_7_ATTRAKTO]]/URI URI[[http://libmeta.ru/fme/relation/125_6_ATTRAKTO]]/URI. системы на время $URI[[http://libmeta.ru/fme/formula/aux/125_10_ATTRAKTO]]/URI$, $URI[[http://libmeta.ru/fme/formula/aux/125_11_ATTRAKTO]]/URI$ - замыкание $URI[[http://libmeta.ru/fme/formula/aux/125_12_ATTRAKTO]]/URI$. URI[[http://libmeta.ru/fme/relation/125_5_ATTRAKTO]]/URI - пересечение всех сдвигов URI[[http://libmeta.ru/fme/relation/125_4_ATTRAKTO]]/URI $URI[[http://libmeta.ru/fme/formula/aux/125_13_ATTRAKTO]]/URI$ :

\[
URI[[http://libmeta.ru/fme/formula/main/125_1_ATTRAKTO]]/URI
\]

Множество всех точек $URI[[http://libmeta.ru/fme/formula/aux/125_14_ATTRAKTO]]/URI$, через каждую из к-рых проходит стремящаяся к $URI[[http://libmeta.ru/fme/formula/aux/125_15_ATTRAKTO]]/URI$ URI[[http://libmeta.ru/fme/relation/125_3_ATTRAKTO]]/URI, называется URI[[http://libmeta.ru/fme/relation/125_2_ATTRAKTO]]/URI притяжения URI[[http://libmeta.ru/fme/relation/125_1_ATTRAKTO]]/URI $URI[[http://libmeta.ru/fme/formula/aux/125_16_ATTRAKTO]]/URI$.</text>
  <text_orig>инвариантное притягивающее множество траекторий в фазовом пространстве динамической системы. Траектории, лежашие в А., отвечают установившимся движениям физич. (химич. и пр.) системы с диссипацией и накачкой энергии, математич. моделью к-рой служит динамич. система; траектории, не принадлежащие А. и стремяшиеся к нему при $t \rightarrow+\infty$, отвечают переходным процессам. Статическому, периодическому, $n$-частотному квазипериодическому установившимся режимам отвечают устойчивое положение равновесия, устойчивый предельный цикл, притягивающий $n$-мерный тор соответственно. Непериодическим, нерегулярным установившимся колебаниям отвечает странный аттрактор - подмножество фазового пространства $M$, не представляющееся в виде конечного объединения гладких подмногообразий.

Существуют различные определения А., в зависимости от требований к «количеству» траекторий, обязанных к нему притягиваться. Требование, чтобы через все точки окрестности А. проходили траектории, стремяшиеся к нему при $t \rightarrow+\infty$, приводит к следующему, наиболее обиходному, определению. Область $U \subset M$ называется поглошаю щ е й, если $f^{t} \bar{U} \subset U$ для любого $t&gt;0$; здесь $f^{t}$ - отображение сдвига по траекториям динамич. системы на время $t$, $\bar{U}$ - замыкание $U$. Аттрактор - пересечение всех сдвигов поглощающей области $U$ :

\[
A=\bigcap_{t \geqslant 0} f^{t} U
\]

Множество всех точек $M$, через каждую из к-рых проходит стремящаяся к $A$ траектория, называется областью притяжения аттрактора $A$.

Лит.: [1] Странные аттракторы. Сб. переводов с англ., под ред. Я. Г. Синая, Л. П. Шильникова, М., 1980; [2] Арнольд В. И., Илья шен ко Ю. С., Обыкновенные дифференциальные уравнения, в сб.: Итоги науки и техники. Современные проблемы математики. Фундаментальные направления, М., 1985, с. 11-150.

В. С. Афраймович.</text_orig>
</article>
