<?xml version="1.0" ?>
<article uri="http://libmeta.ru/fme/article/1260_KLAUZISA">
  <title>КЛАУЗИСА РАВЕНСТВО</title>
  <authors/>
  <title_short/>
  <pages>
    <start>271</start>
    <end>271</end>
  </pages>
  <literature>
    <literature_orig/>
  </literature>
  <formulas_main/>
  <formulas_aux/>
  <relations>
    <relation uri="http://libmeta.ru/fme/relation/1260_82_KLAUZISA">
      <rel_text>Энтропия</rel_text>
      <self present="true">http://libmeta.ru/fme/article/3540_ENTROPI</self>
    </relation>
  </relations>
  <text>см. URI[[http://libmeta.ru/fme/relation/1260_82_KLAUZISA]]/URI.</text>
  <text_orig>см. Энтропия.</text_orig>
</article>
