<?xml version="1.0" ?>
<article uri="http://libmeta.ru/fme/article/1262_KLEBShA">
  <title>КЛЕБША СЛУЧАЙ</title>
  <authors/>
  <title_short/>
  <pages>
    <start>271</start>
    <end>271</end>
  </pages>
  <literature>
    <literature_orig/>
  </literature>
  <formulas_main/>
  <formulas_aux/>
  <relations>
    <relation uri="http://libmeta.ru/fme/relation/1262_109_KLEBShA">
      <rel_text>Твердое тело</rel_text>
      <target>http://libmeta.ru/fme/article/3029_TVERDOE</target>
    </relation>
  </relations>
  <text>см. URI[[http://libmeta.ru/fme/relation/1262_109_KLEBShA]]/URI; движение в идеальной Жидкости.</text>
  <text_orig>см. Твердое тело; движение в идеальной ЖИДКости.</text_orig>
</article>
