<?xml version="1.0" ?>
<article uri="http://libmeta.ru/fme/article/1263_KLEBShA-GORDANA">
  <title>КЛЕБША-ГОРДАНА КОЗФФИЧИЕНТЫ</title>
  <authors>
    <author>B. С. Попов</author>
  </authors>
  <title_short/>
  <pages>
    <start>271</start>
    <end>271</end>
  </pages>
  <literature>
    <literature_orig>Лum.: [1] В и гн е р Е., Теория групп и ее приложения к квантовомеханической теории атомных спектров, пер. с англ., М., 1961; [2] Л а н да у Л. Д., Л и фш и ц Е. М., Квантовая механика. Нерелятивистская теория, 3 изд., М., 1974; [3] В а рш а ло в и ч Д. А., М о скалев А. Н., Херсонский В.К., Квантовая теория углового момента, Л., 1975; [4] Б и ден х а рн Л., Л а ук Дж., Угловой момент в квантовой физике, пер. с англ., т. 1-2, М., 1984; [5] С м ор о д и н с к и й Я. А., Ш е л е п и н Л. А., Коэффициенты Клебша Гордана с разных сторон, «успехи физических наук», 1972, т. 106, c. 3.</literature_orig>
    <unit>
      <author>Вигнер Е.</author>
      <title>Теория групп и ее приложения к квантовомеханической теории атомных спектров</title>
      <publication>пер. с англ., М.</publication>
      <year>1961</year>
      <other/>
    </unit>
    <unit>
      <author>Ландау Л. Д.</author>
      <author>Лифшиц Е. М.</author>
      <title>Квантовая механика. Нерелятивистская теория</title>
      <publication>3 изд., М.</publication>
      <year>1974</year>
      <other/>
    </unit>
    <unit>
      <author>Варшалович Д. А.</author>
      <author>Москалев А. Н.</author>
      <author>Херсонский В. К.</author>
      <title>Квантовая теория углового момента</title>
      <publication>Л.</publication>
      <year>1975</year>
      <other/>
    </unit>
    <unit>
      <author>Биденхарн Л.</author>
      <title>Л а ук Дж., Угловой момент в квантовой физике</title>
      <publication>пер. с англ., т. 1-2, М.</publication>
      <year>1984</year>
      <other/>
    </unit>
    <unit>
      <author>Смородинский Я. А.</author>
      <author>Шелепин Л. А.</author>
      <title>Коэффициенты Клебша Гордана с разных сторон, «успехи физических наук»</title>
      <publication/>
      <year>1972</year>
      <other>т. 106, c. 3.</other>
    </unit>
  </literature>
  <formulas_main>
    <formula uri="http://libmeta.ru/fme/formula/main/1263_1_KLEBShA-GORDANA">\psi_{j m}=\sum_{m_{1}+m_{2}=m} C_{j_{1} m_{1} ; j_{2} m_{2}}^{j m} \Psi_{j_{1} m_{1}} \Psi_{j_{2} m_{2}} \text {. }</formula>
    <formula uri="http://libmeta.ru/fme/formula/main/1263_2_KLEBShA-GORDANA">j=j_{1}+j_{2}, j_{1}+j_{2}-1, \ldots,\left|j_{1}-j_{2}\right|,-j \leqslant m \leqslant j</formula>
  </formulas_main>
  <formulas_aux>
    <formula uri="http://libmeta.ru/fme/formula/aux/1263_1_KLEBShA-GORDANA">s U(2)</formula>
    <formula uri="http://libmeta.ru/fme/formula/aux/1263_2_KLEBShA-GORDANA">s O(3)</formula>
    <formula uri="http://libmeta.ru/fme/formula/aux/1263_3_KLEBShA-GORDANA">\psi_{j m}</formula>
    <formula uri="http://libmeta.ru/fme/formula/aux/1263_4_KLEBShA-GORDANA">\hat{j}^{2}</formula>
    <formula uri="http://libmeta.ru/fme/formula/aux/1263_5_KLEBShA-GORDANA">\hat{j}_{z}</formula>
    <formula uri="http://libmeta.ru/fme/formula/aux/1263_6_KLEBShA-GORDANA">j=j_{1}+j_{2}-</formula>
    <formula uri="http://libmeta.ru/fme/formula/aux/1263_7_KLEBShA-GORDANA">\psi_{j_{1} m_{1}}, \psi_{j_{2} m_{2}}</formula>
    <formula uri="http://libmeta.ru/fme/formula/aux/1263_8_KLEBShA-GORDANA">c_{j_{1} m_{1}}^{j m} ; j_{2} m_{2}-</formula>
    <formula uri="http://libmeta.ru/fme/formula/aux/1263_9_KLEBShA-GORDANA">j^{2}=\hbar^{2} j(j+1), j_{z}=\hbar m</formula>
    <formula uri="http://libmeta.ru/fme/formula/aux/1263_10_KLEBShA-GORDANA">j</formula>
    <formula uri="http://libmeta.ru/fme/formula/aux/1263_11_KLEBShA-GORDANA">m</formula>
    <formula uri="http://libmeta.ru/fme/formula/aux/1263_12_KLEBShA-GORDANA">\left(j_{1}, m_{1} ; j_{2}, m_{2}-\right.</formula>
    <formula uri="http://libmeta.ru/fme/formula/aux/1263_13_KLEBShA-GORDANA">j_{1}, j_{2}</formula>
    <formula uri="http://libmeta.ru/fme/formula/aux/1263_14_KLEBShA-GORDANA">j</formula>
    <formula uri="http://libmeta.ru/fme/formula/aux/1263_15_KLEBShA-GORDANA">-Г</formula>
    <formula uri="http://libmeta.ru/fme/formula/aux/1263_16_KLEBShA-GORDANA">j_{1}, j_{2}</formula>
    <formula uri="http://libmeta.ru/fme/formula/aux/1263_17_KLEBShA-GORDANA">j</formula>
  </formulas_aux>
  <relations>
    <relation uri="http://libmeta.ru/fme/relation/1263_110_KLEBShA-GORDANA">
      <rel_text>Квантовое сложение</rel_text>
      <target>http://libmeta.ru/fme/article/1190_KVANTOVOE</target>
    </relation>
  </relations>
  <text>числа, возникаюшие в квантовой механике при решении задачи сложения моментов (орбитальных, спиновых или полных) независимых частиц (или систем), а также при сложении изотопических спинов и вообще любых аналогичных величин, связанных с группами $URI[[http://libmeta.ru/fme/formula/aux/1263_1_KLEBShA-GORDANA]]/URI$ и $URI[[http://libmeta.ru/fme/formula/aux/1263_2_KLEBShA-GORDANA]]/URI$. Названы по имени А. Клебша (a. Klebsch) и П. Гордана (p. Gordan). В литературе встречаются также названия: к о эффици е н ты векторного сложения, коэффициенты В и г не ра. К. -Г. к. используются в атомной и молекулярной физике, теории твердого тела, физике ядра и элементарных частиц и в других приложениях квантовой механики.

Задача сложения двух моментов состоит в нахождении собственных функщий $URI[[http://libmeta.ru/fme/formula/aux/1263_3_KLEBShA-GORDANA]]/URI$ и собственных значений операторов $URI[[http://libmeta.ru/fme/formula/aux/1263_4_KLEBShA-GORDANA]]/URI$ и $URI[[http://libmeta.ru/fme/formula/aux/1263_5_KLEBShA-GORDANA]]/URI$ (где $URI[[http://libmeta.ru/fme/formula/aux/1263_6_KLEBShA-GORDANA]]/URI$ суммарный момент системы), выраженных через собственные функции $URI[[http://libmeta.ru/fme/formula/aux/1263_7_KLEBShA-GORDANA]]/URI$ операторов двух складываемых моментов и их проекций [1], [2]:

\[
URI[[http://libmeta.ru/fme/formula/main/1263_1_KLEBShA-GORDANA]]/URI
\]

Здесь $URI[[http://libmeta.ru/fme/formula/aux/1263_8_KLEBShA-GORDANA]]/URI$ К.-Г.к., $URI[[http://libmeta.ru/fme/formula/aux/1263_9_KLEBShA-GORDANA]]/URI$, причем $URI[[http://libmeta.ru/fme/formula/aux/1263_10_KLEBShA-GORDANA]]/URI$ и $URI[[http://libmeta.ru/fme/formula/aux/1263_11_KLEBShA-GORDANA]]/URI$ могут принимать значения:

\[
URI[[http://libmeta.ru/fme/formula/main/1263_2_KLEBShA-GORDANA]]/URI
\]

$URI[[http://libmeta.ru/fme/formula/aux/1263_12_KLEBShA-GORDANA]]/URI$ квантовые числа моментов и их проекций отдельных частиц; см. URI[[http://libmeta.ru/fme/relation/1263_110_KLEBShA-GORDANA]]/URI моментов).

Используется много различных обозначений для К.-Г. К. [кроме обозначения в формуле (1)] и связанных с ними коэффициентов.

Общие формулы для К.-Г. к. при произвольных $URI[[http://libmeta.ru/fme/formula/aux/1263_13_KLEBShA-GORDANA]]/URI$ и $URI[[http://libmeta.ru/fme/formula/aux/1263_14_KLEBShA-GORDANA]]/URI$ были получены Ю. Вигнером (е. Wigner) и Г. Рака (h. Raka) с помощью методов теории групп, однако они слишком громоздки для большинства физич. приложений. В практич. расчетах пользуются либо алгебраич. формулами в случае, когда один из моментов мал, либо числовыми таблицами К. $URI[[http://libmeta.ru/fme/formula/aux/1263_15_KLEBShA-GORDANA]]/URI$. к. для конкретных значений $URI[[http://libmeta.ru/fme/formula/aux/1263_16_KLEBShA-GORDANA]]/URI$ и $URI[[http://libmeta.ru/fme/formula/aux/1263_17_KLEBShA-GORDANA]]/URI$ (см., напр., [3]). Различные свойства К.-Г. к. наиболее полно изложены в [3]-[5].</text>
  <text_orig>числа, возникаюшие в квантовой механике при решении задачи сложения моментов (орбитальных, спиновых или полных) независимых частиц (или систем), а также при сложении изотопических спинов и вообще любых аналогичных величин, связанных с группами $S U(2)$ и $S O(3)$. Названы по имени А. Клебша (A. Klebsch) и П. Гордана (P. Gordan). В литературе встречаются также названия: к о эффици е н ты векторного сложения, коэффициенты В и г не ра. К. -Г. к. используются в атомной и молекулярной физике, теории твердого тела, физике ядра и элементарных частиц и в других приложениях квантовой механики.

Задача сложения двух моментов состоит в нахождении собственных функщий $\psi_{j m}$ и собственных значений операторов $\hat{j}^{2}$ и $\hat{j}_{z}$ (где $j=j_{1}+j_{2}-$ суммарный момент системы), выраженных через собственные функции $\psi_{j_{1} m_{1}}, \psi_{j_{2} m_{2}}$ операторов двух складываемых моментов и их проекций [1], [2]:

\[
\psi_{j m}=\sum_{m_{1}+m_{2}=m} C_{j_{1} m_{1} ; j_{2} m_{2}}^{j m} \Psi_{j_{1} m_{1}} \Psi_{j_{2} m_{2}} \text {. }
\]

Здесь $C_{j_{1} m_{1}}^{j m} ; j_{2} m_{2}-$ К.-Г.к., $j^{2}=\hbar^{2} j(j+1), j_{z}=\hbar m$, причем $j$ и $m$ могут принимать значения:

\[
j=j_{1}+j_{2}, j_{1}+j_{2}-1, \ldots,\left|j_{1}-j_{2}\right|,-j \leqslant m \leqslant j
\]

$\left(j_{1}, m_{1} ; j_{2}, m_{2}-\right.$ квантовые числа моментов и их проекций отдельных частиц; см. Квантовое сложение моментов).

Используется много различных обозначений для К.-Г. К. [кроме обозначения в формуле (1)] и связанных с ними коэффициентов.

Общие формулы для К.-Г. к. при произвольных $j_{1}, j_{2}$ и $j$ были получены Ю. Вигнером (Е. Wigner) и Г. Рака (H. Raka) с помощью методов теории групп, однако они слишком громоздки для большинства физич. приложений. В практич. расчетах пользуются либо алгебраич. формулами в случае, когда один из моментов мал, либо числовыми таблицами К. $-Г$. к. для конкретных значений $j_{1}, j_{2}$ и $j$ (см., напр., [3]). Различные свойства К.-Г. к. наиболее полно изложены в [3]-[5].

Лum.: [1] В и гн е р Е., Теория групп и ее приложения к квантовомеханической теории атомных спектров, пер. с англ., М., 1961; [2] Л а н да у Л. Д., Л и фш и ц Е. М., Квантовая механика. Нерелятивистская теория, 3 изд., М., 1974; [3] В а рш а ло в и ч Д. А., М о скалев А. Н., Херсонский В.К., Квантовая теория углового момента, Л., 1975; [4] Б и ден х а рн Л., Л а ук Дж., Угловой момент в квантовой физике, пер. с англ., т. 1-2, М., 1984; [5] С м ор о д и н с к и й Я. А., Ш е л е п и н Л. А., Коэффициенты Клебша Гордана с разных сторон, «Успехи физических наук», 1972, т. 106, c. 3. B. С. Попов.</text_orig>
</article>
