<?xml version="1.0" ?>
<article uri="http://libmeta.ru/fme/article/1264_KLEJNOVA">
  <title>КЛЕЙНОВА ПОВЕРХНОСТЬ</title>
  <authors/>
  <title_short/>
  <pages>
    <start>272</start>
    <end>272</end>
  </pages>
  <literature>
    <literature_orig/>
  </literature>
  <formulas_main>
    <formula uri="http://libmeta.ru/fme/formula/main/1264_1_KLEJNOVA">f(z)=\sum_{n=0}^{\infty} \alpha_{n} z^{n}</formula>
  </formulas_main>
  <formulas_aux>
    <formula uri="http://libmeta.ru/fme/formula/aux/1264_1_KLEJNOVA">U_{i}</formula>
    <formula uri="http://libmeta.ru/fme/formula/aux/1264_2_KLEJNOVA">U_{i}</formula>
    <formula uri="http://libmeta.ru/fme/formula/aux/1264_3_KLEJNOVA">z_{i}</formula>
    <formula uri="http://libmeta.ru/fme/formula/aux/1264_4_KLEJNOVA">U_{i}</formula>
    <formula uri="http://libmeta.ru/fme/formula/aux/1264_5_KLEJNOVA">\{z \in \mathbb{C}|| z \mid&amp;amp;lt;1\}</formula>
    <formula uri="http://libmeta.ru/fme/formula/aux/1264_6_KLEJNOVA">\{z \in \mathbb{C}|| z \mid&amp;amp;lt;1, \operatorname{Im} z&amp;amp;gt;0\}</formula>
    <formula uri="http://libmeta.ru/fme/formula/aux/1264_7_KLEJNOVA">z_{i j}=z_{i} z_{j}^{-1}</formula>
    <formula uri="http://libmeta.ru/fme/formula/aux/1264_8_KLEJNOVA">\partial z_{i j} / \partial \bar{z}=0</formula>
    <formula uri="http://libmeta.ru/fme/formula/aux/1264_9_KLEJNOVA">\partial z_{i j} / \partial z=0</formula>
    <formula uri="http://libmeta.ru/fme/formula/aux/1264_10_KLEJNOVA">\left(U_{i}, z_{i}\right)</formula>
    <formula uri="http://libmeta.ru/fme/formula/aux/1264_11_KLEJNOVA">\varphi</formula>
    <formula uri="http://libmeta.ru/fme/formula/aux/1264_12_KLEJNOVA">A</formula>
    <formula uri="http://libmeta.ru/fme/formula/aux/1264_13_KLEJNOVA">\tilde{A}</formula>
    <formula uri="http://libmeta.ru/fme/formula/aux/1264_14_KLEJNOVA">\left\{U_{i}, z_{i}\right\},\left\{\widetilde{U}_{i}, \tilde{z}_{i}\right\}</formula>
    <formula uri="http://libmeta.ru/fme/formula/aux/1264_15_KLEJNOVA">\varphi_{i j}=\widetilde{z}_{i} \varphi z_{j}^{-1}</formula>
    <formula uri="http://libmeta.ru/fme/formula/aux/1264_16_KLEJNOVA">A=A_{+} /\langle\tau\rangle</formula>
    <formula uri="http://libmeta.ru/fme/formula/aux/1264_17_KLEJNOVA">A_{+}</formula>
    <formula uri="http://libmeta.ru/fme/formula/aux/1264_18_KLEJNOVA">\tau: A_{+} \rightarrow A_{+}</formula>
    <formula uri="http://libmeta.ru/fme/formula/aux/1264_19_KLEJNOVA">\tau^{2}=1</formula>
    <formula uri="http://libmeta.ru/fme/formula/aux/1264_20_KLEJNOVA">\frac{\partial}{\partial z}\left(z_{i} \tau z_{j}^{-1}\right)=0</formula>
    <formula uri="http://libmeta.ru/fme/formula/aux/1264_21_KLEJNOVA">\left(U_{i}, z_{j}\right),\left(U_{j}, z_{j}\right)</formula>
    <formula uri="http://libmeta.ru/fme/formula/aux/1264_22_KLEJNOVA">A_{+}</formula>
    <formula uri="http://libmeta.ru/fme/formula/aux/1264_23_KLEJNOVA">\tau</formula>
    <formula uri="http://libmeta.ru/fme/formula/aux/1264_24_KLEJNOVA">A_{+}</formula>
    <formula uri="http://libmeta.ru/fme/formula/aux/1264_25_KLEJNOVA">A_{+} /\langle\tau\rangle</formula>
    <formula uri="http://libmeta.ru/fme/formula/aux/1264_26_KLEJNOVA">(a, \tau a)</formula>
    <formula uri="http://libmeta.ru/fme/formula/aux/1264_27_KLEJNOVA">a \in A_{+}</formula>
    <formula uri="http://libmeta.ru/fme/formula/aux/1264_28_KLEJNOVA">a \mapsto(a, \tau a)</formula>
    <formula uri="http://libmeta.ru/fme/formula/aux/1264_29_KLEJNOVA">\boldsymbol{A}</formula>
    <formula uri="http://libmeta.ru/fme/formula/aux/1264_30_KLEJNOVA">A=A_{+} /\langle\tau\rangle-</formula>
    <formula uri="http://libmeta.ru/fme/formula/aux/1264_31_KLEJNOVA">A_{+}</formula>
    <formula uri="http://libmeta.ru/fme/formula/aux/1264_32_KLEJNOVA">A_{f}</formula>
    <formula uri="http://libmeta.ru/fme/formula/aux/1264_33_KLEJNOVA">z \rightarrow \bar{z}</formula>
    <formula uri="http://libmeta.ru/fme/formula/aux/1264_34_KLEJNOVA">\tau_{f}</formula>
    <formula uri="http://libmeta.ru/fme/formula/aux/1264_35_KLEJNOVA">A_{f} \rightarrow A_{f}</formula>
    <formula uri="http://libmeta.ru/fme/formula/aux/1264_36_KLEJNOVA">\varphi_{f}</formula>
    <formula uri="http://libmeta.ru/fme/formula/aux/1264_37_KLEJNOVA">\varphi^{\prime}</formula>
    <formula uri="http://libmeta.ru/fme/formula/aux/1264_38_KLEJNOVA">A_{f} /\left\langle\tau_{f}\right\rangle</formula>
    <formula uri="http://libmeta.ru/fme/formula/aux/1264_39_KLEJNOVA">F(x, y)=0</formula>
    <formula uri="http://libmeta.ru/fme/formula/aux/1264_40_KLEJNOVA">F(x, y)</formula>
    <formula uri="http://libmeta.ru/fme/formula/aux/1264_41_KLEJNOVA">A=A_{+} /\langle\tau\rangle</formula>
    <formula uri="http://libmeta.ru/fme/formula/aux/1264_42_KLEJNOVA">\tau</formula>
    <formula uri="http://libmeta.ru/fme/formula/aux/1264_43_KLEJNOVA">F(x, y)=0</formula>
    <formula uri="http://libmeta.ru/fme/formula/aux/1264_44_KLEJNOVA">F(x, y)=0</formula>
    <formula uri="http://libmeta.ru/fme/formula/aux/1264_45_KLEJNOVA">\tilde{F}(\tilde{x}, \tilde{y})=0</formula>
    <formula uri="http://libmeta.ru/fme/formula/aux/1264_46_KLEJNOVA">x \rightarrow \tilde{x}(x, y), y \rightarrow \tilde{y}(x, y)</formula>
    <formula uri="http://libmeta.ru/fme/formula/aux/1264_47_KLEJNOVA">A_{+}</formula>
    <formula uri="http://libmeta.ru/fme/formula/aux/1264_48_KLEJNOVA">A=A_{+} /\langle\tau\rangle</formula>
    <formula uri="http://libmeta.ru/fme/formula/aux/1264_49_KLEJNOVA">A</formula>
    <formula uri="http://libmeta.ru/fme/formula/aux/1264_50_KLEJNOVA">A_{+}</formula>
    <formula uri="http://libmeta.ru/fme/formula/aux/1264_51_KLEJNOVA">A</formula>
    <formula uri="http://libmeta.ru/fme/formula/aux/1264_52_KLEJNOVA">g</formula>
    <formula uri="http://libmeta.ru/fme/formula/aux/1264_53_KLEJNOVA">g=1</formula>
    <formula uri="http://libmeta.ru/fme/formula/aux/1264_54_KLEJNOVA">12(g-1)</formula>
    <formula uri="http://libmeta.ru/fme/formula/aux/1264_55_KLEJNOVA">g&amp;amp;gt;1</formula>
    <formula uri="http://libmeta.ru/fme/formula/aux/1264_56_KLEJNOVA">k</formula>
    <formula uri="http://libmeta.ru/fme/formula/aux/1264_57_KLEJNOVA">g+1</formula>
    <formula uri="http://libmeta.ru/fme/formula/aux/1264_58_KLEJNOVA">g+1</formula>
    <formula uri="http://libmeta.ru/fme/formula/aux/1264_59_KLEJNOVA">g</formula>
    <formula uri="http://libmeta.ru/fme/formula/aux/1264_60_KLEJNOVA">M</formula>
    <formula uri="http://libmeta.ru/fme/formula/aux/1264_61_KLEJNOVA">(M-1)</formula>
    <formula uri="http://libmeta.ru/fme/formula/aux/1264_62_KLEJNOVA">M</formula>
    <formula uri="http://libmeta.ru/fme/formula/aux/1264_63_KLEJNOVA">(M-1)</formula>
    <formula uri="http://libmeta.ru/fme/formula/aux/1264_64_KLEJNOVA">g \mathrm{c} k</formula>
    <formula uri="http://libmeta.ru/fme/formula/aux/1264_65_KLEJNOVA">(g, k, \varepsilon)</formula>
    <formula uri="http://libmeta.ru/fme/formula/aux/1264_66_KLEJNOVA">\varepsilon=0</formula>
    <formula uri="http://libmeta.ru/fme/formula/aux/1264_67_KLEJNOVA">\varepsilon=1</formula>
    <formula uri="http://libmeta.ru/fme/formula/aux/1264_68_KLEJNOVA">M(g, k, \varepsilon)</formula>
    <formula uri="http://libmeta.ru/fme/formula/aux/1264_69_KLEJNOVA">(g, k, \varepsilon)</formula>
    <formula uri="http://libmeta.ru/fme/formula/aux/1264_70_KLEJNOVA">\varepsilon=0,0 \leqslant k \leqslant g</formula>
    <formula uri="http://libmeta.ru/fme/formula/aux/1264_71_KLEJNOVA">\varepsilon=1, \quad 1 \leqslant k \leqslant g+1</formula>
    <formula uri="http://libmeta.ru/fme/formula/aux/1264_72_KLEJNOVA">k \equiv g+1(\bmod 2)</formula>
    <formula uri="http://libmeta.ru/fme/formula/aux/1264_73_KLEJNOVA">M(g, k, \varepsilon)</formula>
    <formula uri="http://libmeta.ru/fme/formula/aux/1264_74_KLEJNOVA">\overline{\mathbb{C}} /\langle\tau\rangle</formula>
    <formula uri="http://libmeta.ru/fme/formula/aux/1264_75_KLEJNOVA">\overline{\mathbb{C}}-</formula>
    <formula uri="http://libmeta.ru/fme/formula/aux/1264_76_KLEJNOVA">\tau(z)=\bar{z}</formula>
    <formula uri="http://libmeta.ru/fme/formula/aux/1264_77_KLEJNOVA">\tau(z)=-\frac{1}{z}</formula>
    <formula uri="http://libmeta.ru/fme/formula/aux/1264_78_KLEJNOVA">g</formula>
    <formula uri="http://libmeta.ru/fme/formula/aux/1264_79_KLEJNOVA">M(1,0,0)</formula>
    <formula uri="http://libmeta.ru/fme/formula/aux/1264_80_KLEJNOVA">M(1,1,0), M(1,2,1)</formula>
    <formula uri="http://libmeta.ru/fme/formula/aux/1264_81_KLEJNOVA">\mathbb{R}</formula>
    <formula uri="http://libmeta.ru/fme/formula/aux/1264_82_KLEJNOVA">M(g, k, \varepsilon)</formula>
    <formula uri="http://libmeta.ru/fme/formula/aux/1264_83_KLEJNOVA">\mathbb{R}^{3 g^{-3}} / \operatorname{Mod}(g, k, \varepsilon)</formula>
    <formula uri="http://libmeta.ru/fme/formula/aux/1264_84_KLEJNOVA">\operatorname{Mod}(g, k, \varepsilon)</formula>
  </formulas_aux>
  <relations/>
  <text> - неориентируемая поверХность или поверхность, имеющая край, покрытая подмножествами $URI[[http://libmeta.ru/fme/formula/aux/1264_1_KLEJNOVA]]/URI$, параметризованными комплексными числами. К таким поверхностям приводит метод алгебро-геометрич. интегрирования уравнений математич. физики и нек-рые модели конформной теории поля. Параметризация подмножеств $URI[[http://libmeta.ru/fme/formula/aux/1264_2_KLEJNOVA]]/URI$ задается с помощью непрерывных обратимых отображений $URI[[http://libmeta.ru/fme/formula/aux/1264_3_KLEJNOVA]]/URI$ множеств $URI[[http://libmeta.ru/fme/formula/aux/1264_4_KLEJNOVA]]/URI$ на единичный круг $URI[[http://libmeta.ru/fme/formula/aux/1264_5_KLEJNOVA]]/URI$ или полукруг $URI[[http://libmeta.ru/fme/formula/aux/1264_6_KLEJNOVA]]/URI$ комплексной плоскости. При этом отображения выбираются таким образом, чтобы каждая функция $URI[[http://libmeta.ru/fme/formula/aux/1264_7_KLEJNOVA]]/URI$ была голоморфна $URI[[http://libmeta.ru/fme/formula/aux/1264_8_KLEJNOVA]]/URI$ или антиголоморфна $URI[[http://libmeta.ru/fme/formula/aux/1264_9_KLEJNOVA]]/URI$. Пары $URI[[http://libmeta.ru/fme/formula/aux/1264_10_KLEJNOVA]]/URI$ называются ди аналитическими картами, а их совокупность - дианалитическим атласом.

Обратимое отображение $URI[[http://libmeta.ru/fme/formula/aux/1264_11_KLEJNOVA]]/URI$ К. П. $URI[[http://libmeta.ru/fme/formula/aux/1264_12_KLEJNOVA]]/URI$ в К. П. $URI[[http://libmeta.ru/fme/formula/aux/1264_13_KLEJNOVA]]/URI$ называется и зом ор ф и змом, если описывающие ее в дианалитич. атласах $URI[[http://libmeta.ru/fme/formula/aux/1264_14_KLEJNOVA]]/URI$ функции $URI[[http://libmeta.ru/fme/formula/aux/1264_15_KLEJNOVA]]/URI$ голоморфны или антиголоморфны. Всякая К. п. изоморфна $URI[[http://libmeta.ru/fme/formula/aux/1264_16_KLEJNOVA]]/URI$, где $URI[[http://libmeta.ru/fme/formula/aux/1264_17_KLEJNOVA]]/URI$- риманова поверхность и $URI[[http://libmeta.ru/fme/formula/aux/1264_18_KLEJNOVA]]/URI$- антиголоморфная инволюция, то есть $URI[[http://libmeta.ru/fme/formula/aux/1264_19_KLEJNOVA]]/URI$ и $URI[[http://libmeta.ru/fme/formula/aux/1264_20_KLEJNOVA]]/URI$ для любой пары карт $URI[[http://libmeta.ru/fme/formula/aux/1264_21_KLEJNOVA]]/URI$ голоморфного атласа римановой поверхности $URI[[http://libmeta.ru/fme/formula/aux/1264_22_KLEJNOVA]]/URI$. Для антиголоморфной инволюции $URI[[http://libmeta.ru/fme/formula/aux/1264_23_KLEJNOVA]]/URI$ римановой поверхности $URI[[http://libmeta.ru/fme/formula/aux/1264_24_KLEJNOVA]]/URI$факторповерхность $URI[[http://libmeta.ru/fme/formula/aux/1264_25_KLEJNOVA]]/URI$ является множеством неупорядоченных пар $URI[[http://libmeta.ru/fme/formula/aux/1264_26_KLEJNOVA]]/URI$, где $URI[[http://libmeta.ru/fme/formula/aux/1264_27_KLEJNOVA]]/URI$. Проекция $URI[[http://libmeta.ru/fme/formula/aux/1264_28_KLEJNOVA]]/URI$ переводит голоморфный атлас римановой поверхности в дианалитич. атлас на $URI[[http://libmeta.ru/fme/formula/aux/1264_29_KLEJNOVA]]/URI$. Если $URI[[http://libmeta.ru/fme/formula/aux/1264_30_KLEJNOVA]]/URI$ ориентируемая К. п. (с границей), то риманова поверхность $URI[[http://libmeta.ru/fme/formula/aux/1264_31_KLEJNOVA]]/URI$называется ком плексным д у б л е м.

В е е с т в н ной аналитической функцией называется аналитич. функция, заданная рядом

\[
URI[[http://libmeta.ru/fme/formula/main/1264_1_KLEJNOVA]]/URI
\]

с вещественными коэффициентами. Как и любой аналитич. функции, ей отвечает риманова поверхность $URI[[http://libmeta.ru/fme/formula/aux/1264_32_KLEJNOVA]]/URI$ и пара меро-

![](https://cdn.mathpix.com/cropped/2023_07_08_1b87669a8f9c8ade08a8g-1.jpg?height=54&amp;amp;amp;width=817&amp;amp;amp;top_left_y=378&amp;amp;amp;top_left_x=933)
ция $URI[[http://libmeta.ru/fme/formula/aux/1264_33_KLEJNOVA]]/URI$ индуцирует антиголоморфную инволюцию $URI[[http://libmeta.ru/fme/formula/aux/1264_34_KLEJNOVA]]/URI$ : $URI[[http://libmeta.ru/fme/formula/aux/1264_35_KLEJNOVA]]/URI$. В ее неподвижных точках функции $URI[[http://libmeta.ru/fme/formula/aux/1264_36_KLEJNOVA]]/URI$ и $URI[[http://libmeta.ru/fme/formula/aux/1264_37_KLEJNOVA]]/URI$ вещественны. К. П. $URI[[http://libmeta.ru/fme/formula/aux/1264_38_KLEJNOVA]]/URI$ называется К. П. вешественной аналитич. функции. Она компактна, если и только если аналитич. функция определяется уравнением $URI[[http://libmeta.ru/fme/formula/aux/1264_39_KLEJNOVA]]/URI$, где $URI[[http://libmeta.ru/fme/formula/aux/1264_40_KLEJNOVA]]/URI$ многочлен с вещественными коэффициентами.

Компактная К. П. $URI[[http://libmeta.ru/fme/formula/aux/1264_41_KLEJNOVA]]/URI$ называется в е е с т в е н ной алге б ра ическо й кри вой. Неподвижные точки инволюции $URI[[http://libmeta.ru/fme/formula/aux/1264_42_KLEJNOVA]]/URI$ называются в е ще с т ве н ны м и точка м и к р и в о й. Им отвечают вещественные решения уравнения $URI[[http://libmeta.ru/fme/formula/aux/1264_43_KLEJNOVA]]/URI$, определяющего кривую. Вещественные кривые изоморфны, если и только если отвечающие им уравнения $URI[[http://libmeta.ru/fme/formula/aux/1264_44_KLEJNOVA]]/URI$ и $URI[[http://libmeta.ru/fme/formula/aux/1264_45_KLEJNOVA]]/URI$ можно перевести друг в друга бирациональной заменой вида $URI[[http://libmeta.ru/fme/formula/aux/1264_46_KLEJNOVA]]/URI$ с вещественными коэффициентами.

Риманова поверхность $URI[[http://libmeta.ru/fme/formula/aux/1264_47_KLEJNOVA]]/URI$, связанная с вешественной алгебраич. кривой $URI[[http://libmeta.ru/fme/formula/aux/1264_48_KLEJNOVA]]/URI$, называется ком пле кси фикацией кри вой $URI[[http://libmeta.ru/fme/formula/aux/1264_49_KLEJNOVA]]/URI$. Род поверхности $URI[[http://libmeta.ru/fme/formula/aux/1264_50_KLEJNOVA]]/URI$называется р од о м к р и в о й $URI[[http://libmeta.ru/fme/formula/aux/1264_51_KLEJNOVA]]/URI$. Группа автоморфизмов вещественной кривой рода $URI[[http://libmeta.ru/fme/formula/aux/1264_52_KLEJNOVA]]/URI$ бесконечна при $URI[[http://libmeta.ru/fme/formula/aux/1264_53_KLEJNOVA]]/URI$ и конечна порядка, не превосходящего $URI[[http://libmeta.ru/fme/formula/aux/1264_54_KLEJNOVA]]/URI$, если $URI[[http://libmeta.ru/fme/formula/aux/1264_55_KLEJNOVA]]/URI$ и кривая имеет вещественные точки. Вещественные точки кривой распадаются на простые замкнутые контуры, называемые о валам и. Согласно теореме Гарнака, их число $URI[[http://libmeta.ru/fme/formula/aux/1264_56_KLEJNOVA]]/URI$ не превосходит $URI[[http://libmeta.ru/fme/formula/aux/1264_57_KLEJNOVA]]/URI$. Кривые с $URI[[http://libmeta.ru/fme/formula/aux/1264_58_KLEJNOVA]]/URI$ (соответственно с $URI[[http://libmeta.ru/fme/formula/aux/1264_59_KLEJNOVA]]/URI$ ) овалами называются $URI[[http://libmeta.ru/fme/formula/aux/1264_60_KLEJNOVA]]/URI$-кривыми (соответственно $URI[[http://libmeta.ru/fme/formula/aux/1264_61_KLEJNOVA]]/URI$-кривыми). Вещественная кривая считается гиперэллиптической, если ее комплексификация - гиперэллиптич. комплексная кривая. Негиперэллиптич. $URI[[http://libmeta.ru/fme/formula/aux/1264_62_KLEJNOVA]]/URI$ - или $URI[[http://libmeta.ru/fme/formula/aux/1264_63_KLEJNOVA]]/URI$-кривые изоморфны, если изоморфны их комплексификации.

Т и пом вещественной алгебраич. кривой рода $URI[[http://libmeta.ru/fme/formula/aux/1264_64_KLEJNOVA]]/URI$ овалами называется набор $URI[[http://libmeta.ru/fme/formula/aux/1264_65_KLEJNOVA]]/URI$, где $URI[[http://libmeta.ru/fme/formula/aux/1264_66_KLEJNOVA]]/URI$, если К. П. неориентируема и $URI[[http://libmeta.ru/fme/formula/aux/1264_67_KLEJNOVA]]/URI$, если ориентируема. Множество $URI[[http://libmeta.ru/fme/formula/aux/1264_68_KLEJNOVA]]/URI$ классов изоморфности вещественных алгебраич. кривых типа $URI[[http://libmeta.ru/fme/formula/aux/1264_69_KLEJNOVA]]/URI$ называется пространством модуле й веше с твенных кривых. Оно не пусто, если и только если $URI[[http://libmeta.ru/fme/formula/aux/1264_70_KLEJNOVA]]/URI$, или $URI[[http://libmeta.ru/fme/formula/aux/1264_71_KLEJNOVA]]/URI$, $URI[[http://libmeta.ru/fme/formula/aux/1264_72_KLEJNOVA]]/URI$. В этих случаях пространство $URI[[http://libmeta.ru/fme/formula/aux/1264_73_KLEJNOVA]]/URI$ связно. Кривые рода нуль изоморфны К. п. $URI[[http://libmeta.ru/fme/formula/aux/1264_74_KLEJNOVA]]/URI$, где $URI[[http://libmeta.ru/fme/formula/aux/1264_75_KLEJNOVA]]/URI$ сфера Римана и $URI[[http://libmeta.ru/fme/formula/aux/1264_76_KLEJNOVA]]/URI$ или $URI[[http://libmeta.ru/fme/formula/aux/1264_77_KLEJNOVA]]/URI$. Множество кривых рода $URI[[http://libmeta.ru/fme/formula/aux/1264_78_KLEJNOVA]]/URI$ распадается на три компоненты связности $URI[[http://libmeta.ru/fme/formula/aux/1264_79_KLEJNOVA]]/URI$, $URI[[http://libmeta.ru/fme/formula/aux/1264_80_KLEJNOVA]]/URI$, каждая из к-рых гомеоморфна $URI[[http://libmeta.ru/fme/formula/aux/1264_81_KLEJNOVA]]/URI$. Все остальные пространства $URI[[http://libmeta.ru/fme/formula/aux/1264_82_KLEJNOVA]]/URI$ представляются в виде $URI[[http://libmeta.ru/fme/formula/aux/1264_83_KLEJNOVA]]/URI$, где группа $URI[[http://libmeta.ru/fme/formula/aux/1264_84_KLEJNOVA]]/URI$ действует дискретно. Аналогичное описание пространств модулей имеется и для супераналогов К. п. (клейновых суперповерхностей).

Jum.: [1] Alling N., Green le af N., Foundations of the theory of Klein surfaces, B.- Hdlb., 1971; [2] Натанзон С. М., «Успехи математич. наук», 1990, т. 45 , в. 6, с. 47-90.</text>
  <text_orig> - неориентируемая поверХность или поверхность, имеющая край, покрытая подмножествами $U_{i}$, параметризованными комплексными числами. К таким поверхностям приводит метод алгебро-геометрич. интегрирования уравнений математич. физики и нек-рые модели конформной теории поля. Параметризация подмножеств $U_{i}$ задается с помощью непрерывных обратимых отображений $z_{i}$ множеств $U_{i}$ на единичный круг $\{z \in \mathbb{C}|| z \mid&amp;amp;lt;1\}$ или полукруг $\{z \in \mathbb{C}|| z \mid&amp;amp;lt;1, \operatorname{Im} z&amp;amp;gt;0\}$ комплексной плоскости. При этом отображения выбираются таким образом, чтобы каждая функция $z_{i j}=z_{i} z_{j}^{-1}$ была голоморфна $\partial z_{i j} / \partial \bar{z}=0$ или антиголоморфна $\partial z_{i j} / \partial z=0$. Пары $\left(U_{i}, z_{i}\right)$ называются ди аналитическими картами, а их совокупность - дианалитическим атласом.

Обратимое отображение $\varphi$ К. П. $A$ в К. П. $\tilde{A}$ называется и зом ор ф и змом, если описывающие ее в дианалитич. атласах $\left\{U_{i}, z_{i}\right\},\left\{\widetilde{U}_{i}, \tilde{z}_{i}\right\}$ функции $\varphi_{i j}=\widetilde{z}_{i} \varphi z_{j}^{-1}$ голоморфны или антиголоморфны. Всякая К. п. изоморфна $A=A_{+} /\langle\tau\rangle$, где $A_{+}$- риманова поверхность и $\tau: A_{+} \rightarrow A_{+}$- антиголоморфная инволюция, то есть $\tau^{2}=1$ и $\frac{\partial}{\partial z}\left(z_{i} \tau z_{j}^{-1}\right)=0$ для любой пары карт $\left(U_{i}, z_{j}\right),\left(U_{j}, z_{j}\right)$ голоморфного атласа римановой поверхности $A_{+}$. Для антиголоморфной инволюции $\tau$ римановой поверхности $A_{+}$факторповерхность $A_{+} /\langle\tau\rangle$ является множеством неупорядоченных пар $(a, \tau a)$, где $a \in A_{+}$. Проекция $a \mapsto(a, \tau a)$ переводит голоморфный атлас римановой поверхности в дианалитич. атлас на $\boldsymbol{A}$. Если $A=A_{+} /\langle\tau\rangle-$ ориентируемая К. п. (с границей), то риманова поверхность $A_{+}$называется ком плексным д у б л е м.

В е е с т в н ной аналитической функцией называется аналитич. функция, заданная рядом

\[
f(z)=\sum_{n=0}^{\infty} \alpha_{n} z^{n}
\]

с вещественными коэффициентами. Как и любой аналитич. функции, ей отвечает риманова поверхность $A_{f}$ и пара меро-

![](https://cdn.mathpix.com/cropped/2023_07_08_1b87669a8f9c8ade08a8g-1.jpg?height=54&amp;amp;amp;width=817&amp;amp;amp;top_left_y=378&amp;amp;amp;top_left_x=933)
ция $z \rightarrow \bar{z}$ индуцирует антиголоморфную инволюцию $\tau_{f}$ : $A_{f} \rightarrow A_{f}$. В ее неподвижных точках функции $\varphi_{f}$ и $\varphi^{\prime}$ вещественны. К. П. $A_{f} /\left\langle\tau_{f}\right\rangle$ называется К. П. вешественной аналитич. функции. Она компактна, если и только если аналитич. функция определяется уравнением $F(x, y)=0$, где $F(x, y)$ многочлен с вещественными коэффициентами.

Компактная К. П. $A=A_{+} /\langle\tau\rangle$ называется в е е с т в е н ной алге б ра ическо й кри вой. Неподвижные точки инволюции $\tau$ называются в е ще с т ве н ны м и точка м и к р и в о й. Им отвечают вещественные решения уравнения $F(x, y)=0$, определяющего кривую. Вещественные кривые изоморфны, если и только если отвечающие им уравнения $F(x, y)=0$ и $\tilde{F}(\tilde{x}, \tilde{y})=0$ можно перевести друг в друга бирациональной заменой вида $x \rightarrow \tilde{x}(x, y), y \rightarrow \tilde{y}(x, y)$ с вещественными коэффициентами.

Риманова поверхность $A_{+}$, связанная с вешественной алгебраич. кривой $A=A_{+} /\langle\tau\rangle$, называется ком пле кси фикацией кри вой $A$. Род поверхности $A_{+}$называется р од о м к р и в о й $A$. Группа автоморфизмов вещественной кривой рода $g$ бесконечна при $g=1$ и конечна порядка, не превосходящего $12(g-1)$, если $g&amp;amp;gt;1$ и кривая имеет вещественные точки. Вещественные точки кривой распадаются на простые замкнутые контуры, называемые о валам и. Согласно теореме Гарнака, их число $k$ не превосходит $g+1$. Кривые с $g+1$ (соответственно с $g$ ) овалами называются $M$-кривыми (соответственно $(M-1)$-кривыми). Вещественная кривая считается гиперэллиптической, если ее комплексификация - гиперэллиптич. комплексная кривая. Негиперэллиптич. $M$ - или $(M-1)$-кривые изоморфны, если изоморфны их комплексификации.

Т и пом вещественной алгебраич. кривой рода $g \mathrm{c} k$ овалами называется набор $(g, k, \varepsilon)$, где $\varepsilon=0$, если К. П. неориентируема и $\varepsilon=1$, если ориентируема. Множество $M(g, k, \varepsilon)$ классов изоморфности вещественных алгебраич. кривых типа $(g, k, \varepsilon)$ называется пространством модуле й веше с твенных кривых. Оно не пусто, если и только если $\varepsilon=0,0 \leqslant k \leqslant g$, или $\varepsilon=1, \quad 1 \leqslant k \leqslant g+1$, $k \equiv g+1(\bmod 2)$. В этих случаях пространство $M(g, k, \varepsilon)$ связно. Кривые рода нуль изоморфны К. п. $\overline{\mathbb{C}} /\langle\tau\rangle$, где $\overline{\mathbb{C}}-$ сфера Римана и $\tau(z)=\bar{z}$ или $\tau(z)=-\frac{1}{z}$. Множество кривых рода $g$ распадается на три компоненты связности $M(1,0,0)$, $M(1,1,0), M(1,2,1)$, каждая из к-рых гомеоморфна $\mathbb{R}$. Все остальные пространства $M(g, k, \varepsilon)$ представляются в виде $\mathbb{R}^{3 g^{-3}} / \operatorname{Mod}(g, k, \varepsilon)$, где группа $\operatorname{Mod}(g, k, \varepsilon)$ действует дискретно. Аналогичное описание пространств модулей имеется и для супераналогов К. п. (клейновых суперповерхностей).

Jum.: [1] Alling N., Green le af N., Foundations of the theory of Klein surfaces, B.- Hdlb., 1971; [2] Натанзон С. М., «Успехи математич. наук», 1990, т. 45 , в. 6, с. 47-90.
</text_orig>
</article>
