<?xml version="1.0" ?>
<article uri="http://libmeta.ru/fme/article/1265_KLEJNA-GORDONA" alphabetic_pos="1267">
  <title>КЛЕЙНА-ГОРДОНА УРАВНЕНИЕ, КЛЕЙНА-ГОРДОНА-ФОКА УРАВНЕНИЕ</title>
  <authors/>
  <pages>
    <start>271</start>
    <end>272</end>
  </pages>
  <literature>
    <literature_orig>Лит.: [1] Б о гол ю бо в Н. Н., Ш и рков Д. В., Квантовые поля, $\begin{array}{ll}\text { М., 1980. } &amp; \text { В. П. Павлов. }\end{array}$</literature_orig>
    <unit>
      <author>Боголюбов Н. Н.</author>
      <author>Ширков Д. В.</author>
      <title>Квантовые поля, $\begin{array}{ll}\text { М.</title>
      <publication/>
      <year>1980</year>
      <other/>
    </unit>
  </literature>
  <formulas_main>
    <formula uri="http://libmeta.ru/fme/formula/main/1265_1_KLEJNA-GORDONA">\left(\square+m^{2}\right) \varphi(x)=0,</formula>
    <formula uri="http://libmeta.ru/fme/formula/main/1265_2_KLEJNA-GORDONA">\begin{gathered}\varphi(x)=(2 \pi)^{-3 / 2} \int d p\left(2 p^{0}\right)^{-1 / 2}\left\{e^{i p x} a^{+}(p)+e^{-i p x} a^{-}(p)\right\}, \\p^{0}=\left(p^{2}+m^{2}\right)^{1 / 2},\end{gathered}</formula>
    <formula uri="http://libmeta.ru/fme/formula/main/1265_3_KLEJNA-GORDONA">H=\int d \boldsymbol{p} p^{0}(\boldsymbol{p}) a^{+}(\boldsymbol{p}) a^{-}(\boldsymbol{p}) .</formula>
    <formula uri="http://libmeta.ru/fme/formula/main/1265_4_KLEJNA-GORDONA">(-g)^{-1 / 2} \frac{\partial}{\partial x^{\mu}}\left[(-g)^{1 / 2} g^{\mu \nu} \frac{\partial}{\partial x^{v}} \varphi\right]+m^{2} \varphi=0,</formula>
  </formulas_main>
  <formulas_aux>
    <formula uri="http://libmeta.ru/fme/formula/aux/1265_1_KLEJNA-GORDONA">\square</formula>
    <formula uri="http://libmeta.ru/fme/formula/aux/1265_2_KLEJNA-GORDONA">m</formula>
    <formula uri="http://libmeta.ru/fme/formula/aux/1265_3_KLEJNA-GORDONA">\varphi</formula>
    <formula uri="http://libmeta.ru/fme/formula/aux/1265_4_KLEJNA-GORDONA">\left(x=\left(x^{0}, \boldsymbol{x}\right)\right.</formula>
    <formula uri="http://libmeta.ru/fme/formula/aux/1265_5_KLEJNA-GORDONA">\hbar=c=1</formula>
    <formula uri="http://libmeta.ru/fme/formula/aux/1265_6_KLEJNA-GORDONA">p=\left(p^{0}, \boldsymbol{p}\right)-4</formula>
    <formula uri="http://libmeta.ru/fme/formula/aux/1265_7_KLEJNA-GORDONA">p x=p^{0} x^{0}-p x, a^{+}(p)</formula>
    <formula uri="http://libmeta.ru/fme/formula/aux/1265_8_KLEJNA-GORDONA">a^{-}(p)-</formula>
    <formula uri="http://libmeta.ru/fme/formula/aux/1265_9_KLEJNA-GORDONA">a^{+}</formula>
    <formula uri="http://libmeta.ru/fme/formula/aux/1265_10_KLEJNA-GORDONA">a^{-}</formula>
    <formula uri="http://libmeta.ru/fme/formula/aux/1265_11_KLEJNA-GORDONA">\boldsymbol{p}</formula>
    <formula uri="http://libmeta.ru/fme/formula/aux/1265_12_KLEJNA-GORDONA">p^{0}</formula>
    <formula uri="http://libmeta.ru/fme/formula/aux/1265_13_KLEJNA-GORDONA">r^{\mu \nu}</formula>
    <formula uri="http://libmeta.ru/fme/formula/aux/1265_14_KLEJNA-GORDONA">g</formula>
    <formula uri="http://libmeta.ru/fme/formula/aux/1265_15_KLEJNA-GORDONA">\left\|g^{\mu \nu}\right\|, \mu, v=0,1,2, \dot{3}</formula>
  </formulas_aux>
  <relations n="3">
    <relation uri="http://libmeta.ru/fme/relation/1265_1_KLEJNA-GORDONA">
      <rel_text>метрикой</rel_text>
      <target>http://libmeta.ru/fme/article/1767_METRIK</target>
    </relation>
    <relation uri="http://libmeta.ru/fme/relation/1265_2_KLEJNA-GORDONA">
      <rel_text>метрикой</rel_text>
      <target>http://libmeta.ru/fme/article/1767_METRIK</target>
    </relation>
    <relation uri="http://libmeta.ru/fme/relation/1265_3_KLEJNA-GORDONA">
      <rel_text>римановом пространстве</rel_text>
      <target>http://libmeta.ru/fme/article/2642_RIMANOVO</target>
    </relation>
  </relations>
  <text>простейшее релятивистски- инвариантное уравнение, описывающее свободное скалярное (или псевдоскалярное) физическое поле. Впервые получено в 1926 Э. Шредингером (е. Schrödinger) (как релятивистское обобщение Шредингера уравнения) и независимо О. Клейном (o. Klein), В.А. Фоком и В. Гордоном (w. Gordon). В квантовой теории поля применяется для описания частиц со спином 0. В Минковского пространстве-времени К.-Г.У.- линейное однородное дифференциальное уравнение 2-го порядка:

\[
URI[[http://libmeta.ru/fme/formula/main/1265_1_KLEJNA-GORDONA]]/URI
\]

где $URI[[http://libmeta.ru/fme/formula/aux/1265_1_KLEJNA-GORDONA]]/URI$ - оператор Д'аламбера, $URI[[http://libmeta.ru/fme/formula/aux/1265_2_KLEJNA-GORDONA]]/URI$ - масса частицы, $URI[[http://libmeta.ru/fme/formula/aux/1265_3_KLEJNA-GORDONA]]/URI$ полевая функция или ее компоненты в пространстве внутренней симметрии $URI[[http://libmeta.ru/fme/formula/aux/1265_4_KLEJNA-GORDONA]]/URI$ - точка пространства-времени; используется система единиц, в к-рой $URI[[http://libmeta.ru/fme/formula/aux/1265_5_KLEJNA-GORDONA]]/URI$ ). Решение К.-Г.у. записывают в виде разложения по плоским волнам:

\[
URI[[http://libmeta.ru/fme/formula/main/1265_2_KLEJNA-GORDONA]]/URI
\]

где $URI[[http://libmeta.ru/fme/formula/aux/1265_6_KLEJNA-GORDONA]]/URI$-импульс, $URI[[http://libmeta.ru/fme/formula/aux/1265_7_KLEJNA-GORDONA]]/URI$ и $URI[[http://libmeta.ru/fme/formula/aux/1265_8_KLEJNA-GORDONA]]/URI$ положительно- и отрицательно-частотные компоненты Фурье. При каноническом квантовании $URI[[http://libmeta.ru/fme/formula/aux/1265_9_KLEJNA-GORDONA]]/URI$и $URI[[http://libmeta.ru/fme/formula/aux/1265_10_KLEJNA-GORDONA]]/URI$интерпретируются как операторы рождения и уничтожения частицы с импульсом $URI[[http://libmeta.ru/fme/formula/aux/1265_11_KLEJNA-GORDONA]]/URI$ и энергией $URI[[http://libmeta.ru/fme/formula/aux/1265_12_KLEJNA-GORDONA]]/URI$. В их терминах гамильтониан свободного поля имеет вид:

\[
URI[[http://libmeta.ru/fme/formula/main/1265_3_KLEJNA-GORDONA]]/URI
\]

К. -Г. у. удовлетворяют компоненты любого свободного поля (спинорного, векторного и др.). В URI[[http://libmeta.ru/fme/relation/1265_3_KLEJNA-GORDONA]]/URI с URI[[http://libmeta.ru/fme/relation/1265_2_KLEJNA-GORDONA]]/URI $URI[[http://libmeta.ru/fme/formula/aux/1265_13_KLEJNA-GORDONA]]/URI$ (напр., в присутствии гравитационного поля с такой URI[[http://libmeta.ru/fme/relation/1265_1_KLEJNA-GORDONA]]/URI) К.-Г. у. имеет вид:

\[
URI[[http://libmeta.ru/fme/formula/main/1265_4_KLEJNA-GORDONA]]/URI
\]

где $URI[[http://libmeta.ru/fme/formula/aux/1265_14_KLEJNA-GORDONA]]/URI$ - определитель матрицы $URI[[http://libmeta.ru/fme/formula/aux/1265_15_KLEJNA-GORDONA]]/URI$.

Изучены К.-Г.у. с различными видами нелинейности (напр., синус-Гордона уравнение).</text>
  <text_orig>простейшее релятивистски- инвариантное уравнение, описывающее свободное скалярное (или псевдоскалярное) физическое поле. Впервые получено в 1926 Э. Шредингером (Е. Schrödinger) (как релятивистское обобшение Шредингера уравнения) и независимо О. Клейном (O. Klein), В.А. Фоком и В. Гордоном (W. Gordon). В квантовой теории поля применяется для описания частиц со спином 0. В Минковского пространстве-времени К.-Г.У.- линейное однородное дифференциальное уравнение 2-го порядка:

\[
\left(\square+m^{2}\right) \varphi(x)=0,
\]

где $\square$ - оператор Д'Аламбера, $m$ - масса частицы, $\varphi$ полевая функция или ее компоненты в пространстве внутренней симметрии $\left(x=\left(x^{0}, \boldsymbol{x}\right)\right.$ - точка пространства-времени; используется система единиц, в к-рой $\hbar=c=1$ ). Решение К.-Г.у. записывают в виде разложения по плоским волнам:

\[
\begin{gathered}
\varphi(x)=(2 \pi)^{-3 / 2} \int d p\left(2 p^{0}\right)^{-1 / 2}\left\{e^{i p x} a^{+}(p)+e^{-i p x} a^{-}(p)\right\}, \\
p^{0}=\left(p^{2}+m^{2}\right)^{1 / 2},
\end{gathered}
\]

где $p=\left(p^{0}, \boldsymbol{p}\right)-4$-импульс, $p x=p^{0} x^{0}-p x, a^{+}(p)$ и $a^{-}(p)-$ положительно- и отрицательно-частотные компоненты Фурье. При каноническом квантовании $a^{+}$и $a^{-}$интерпретируются как операторы рождения и уничтожения частицы с импульсом $\boldsymbol{p}$ и энергией $p^{0}$. В их терминах гамильтониан свободного поля имеет вид:

\[
H=\int d \boldsymbol{p} p^{0}(\boldsymbol{p}) a^{+}(\boldsymbol{p}) a^{-}(\boldsymbol{p}) .
\]

К. -Г. у. удовлетворяют компоненты любого свободного поля (спинорного, векторного и др.). В римановом пространстве с метрикой $R^{\mu \nu}$ (напр., в присутствии гравитационного поля с такой метрикой) К.-Г. у. имеет вид:

\[
(-g)^{-1 / 2} \frac{\partial}{\partial x^{\mu}}\left[(-g)^{1 / 2} g^{\mu \nu} \frac{\partial}{\partial x^{v}} \varphi\right]+m^{2} \varphi=0,
\]

где $g$ - определитель матрицы $\left\|g^{\mu \nu}\right\|, \mu, v=0,1,2, \dot{3}$.

Изучены К.-Г.у. с различными видами нелинейности (напр., синус-Гордона уравнение).

Лит.: [1] Б о гол ю бо в Н. Н., Ш и рков Д. В., Квантовые поля, $\begin{array}{ll}\text { М., 1980. } &amp; \text { В. П. Павлов. }\end{array}$</text_orig>
</article>
