<?xml version="1.0" ?>
<article uri="http://libmeta.ru/fme/article/1266_KMSh-SOSTOJaNIE,">
  <title>КМШ-СОСТОЯНИЕ, КУБО-МАРТИНА-ШВИНГЕРА СОСТОЯНИЕ</title>
  <authors>
    <author>В. Н. Нескоромный</author>
  </authors>
  <title_short/>
  <pages>
    <start>273</start>
    <end>273</end>
  </pages>
  <literature>
    <literature_orig/>
  </literature>
  <formulas_main/>
  <formulas_aux>
    <formula uri="http://libmeta.ru/fme/formula/aux/1266_1_KMSh-SOSTOJaNIE,">\omega</formula>
    <formula uri="http://libmeta.ru/fme/formula/aux/1266_2_KMSh-SOSTOJaNIE,">C^{*}</formula>
    <formula uri="http://libmeta.ru/fme/formula/aux/1266_3_KMSh-SOSTOJaNIE,">\mathscr{A}</formula>
    <formula uri="http://libmeta.ru/fme/formula/aux/1266_4_KMSh-SOSTOJaNIE,">{ }^{*}</formula>
    <formula uri="http://libmeta.ru/fme/formula/aux/1266_5_KMSh-SOSTOJaNIE,">\alpha_{t}</formula>
    <formula uri="http://libmeta.ru/fme/formula/aux/1266_6_KMSh-SOSTOJaNIE,">\mathrm{K}</formula>
    <formula uri="http://libmeta.ru/fme/formula/aux/1266_7_KMSh-SOSTOJaNIE,">\mathfrak{B}^{(1)}</formula>
  </formulas_aux>
  <relations/>
  <text> состояние $URI[[http://libmeta.ru/fme/formula/aux/1266_1_KMSh-SOSTOJaNIE,]]/URI$ на $URI[[http://libmeta.ru/fme/formula/aux/1266_2_KMSh-SOSTOJaNIE,]]/URI$-алгебре $URI[[http://libmeta.ru/fme/formula/aux/1266_3_KMSh-SOSTOJaNIE,]]/URI$, в которой действует сильно непрерывная группа $URI[[http://libmeta.ru/fme/formula/aux/1266_4_KMSh-SOSTOJaNIE,]]/URI$-автоморфизмов $URI[[http://libmeta.ru/fme/formula/aux/1266_5_KMSh-SOSTOJaNIE,]]/URI$ и для него выполняется КМШ-условие. КМШ-с. являются формальным обобщением гиббсовских состояний, и существует ряд доказательств наличия у них требуемых от равновесных состояний свойств.

Локально устойчивые (по отношению к возмущению динамики малой добавкой $URI[[http://libmeta.ru/fme/formula/aux/1266_6_KMSh-SOSTOJaNIE,]]/URI$ гамильтониану) стационарные состояния квантовых систем с дополнительным предположением о кластеризации корреляционных функщий (или $URI[[http://libmeta.ru/fme/formula/aux/1266_7_KMSh-SOSTOJaNIE,]]/URI$-асимптотич. абелевостью) являются КМШ-с. (см. [1]). Аналогичный результат справедлив и для классич. систем (см. [2]). Ф. Араки доказал, что любое КМШ-с. одномерных квантовых решетчатых систем есть предел гиббсовских состояний (см. [3]). Эквивалентность КМШ- и термодинамически-пассивных состояний доказана в [4].

Jum.: [1] Haag R., Trych-Pohlmeyer E., &quot;Comm. Math. Phys.», 1977, v. 56, p. 213; [2] Aizenmann M., Galavotti G., Goldste in S., Lebowitz J. L., там же, 1976, v. 48, p. 1; [3] A paк и Ф., в сб.: Гиббсовские состояния в статистической физике, пер. с англ., М., 1978, с. 131; [4] Pusz W., W o ronowitz S. L., «Comm. Math. Phys.», 1978, v. 58, p. 273.</text>
  <text_orig> состояние $\omega$ на $C^{*}$-алгебре $\mathscr{A}$, в которой действует сильно непрерывная группа ${ }^{*}$-автоморфизмов $\alpha_{t}$ и для него выполняется КМШ-условие. КМШ-с. являются формальным обобщением гиббсовских состояний, и существует ряд доказательств наличия у них требуемых от равновесных состояний свойств.

Локально устойчивые (по отношению к возмущению динамики малой добавкой $\mathrm{K}$ гамильтониану) стационарные состояния квантовых систем с дополнительным предположением о кластеризации корреляционных функщий (или $\mathfrak{B}^{(1)}$-асимптотич. абелевостью) являются КМШ-с. (см. [1]). Аналогичный результат справедлив и для классич. систем (см. [2]). Ф. Араки доказал, что любое КМШ-с. одномерных квантовых решетчатых систем есть предел гиббсовских состояний (см. [3]). Эквивалентность КМШ- и термодинамически-пассивных состояний доказана в [4].

Jum.: [1] Haag R., Trych-Pohlmeyer E., &quot;Comm. Math. Phys.», 1977, v. 56, p. 213; [2] Aizenmann M., Galavotti G., Goldste in S., Lebowitz J. L., там же, 1976, v. 48, p. 1; [3] A paк и Ф., в сб.: Гиббсовские состояния в статистической физике, пер. с англ., М., 1978, с. 131; [4] Pusz W., W o ronowitz S. L., «Comm. Math. Phys.», 1978, v. 58, p. 273.

B. Н. Нескоромный.
</text_orig>
</article>
