<?xml version="1.0" ?>
<article uri="http://libmeta.ru/fme/article/1266_KLIFFORDA">
  <title>КЛИФФОРДА АЛГЕБРА, СПИНОРНАЯ АЛГЕБРА</title>
  <authors>
    <author>М. И. Монастырский</author>
  </authors>
  <title_short/>
  <pages>
    <start>272</start>
    <end>273</end>
  </pages>
  <literature>
    <literature_orig/>
  </literature>
  <formulas_main>
    <formula uri="http://libmeta.ru/fme/formula/main/1266_1_KLIFFORDA">k_{i} k_{j}+k_{j} k_{i}=\left\{k_{i}, k_{j}\right\}=0 \text { при } i \neq j, k_{i}^{2}=1 .</formula>
    <formula uri="http://libmeta.ru/fme/formula/main/1266_2_KLIFFORDA">H=\sum x_{i}^{2}</formula>
    <formula uri="http://libmeta.ru/fme/formula/main/1266_3_KLIFFORDA">P(x)=\sum k_{i} x_{i},</formula>
  </formulas_main>
  <formulas_aux>
    <formula uri="http://libmeta.ru/fme/formula/aux/1266_1_KLIFFORDA">K_{n} \mathrm{c} n</formula>
    <formula uri="http://libmeta.ru/fme/formula/aux/1266_2_KLIFFORDA">k_{1}, \ldots, k_{n}</formula>
    <formula uri="http://libmeta.ru/fme/formula/aux/1266_3_KLIFFORDA">k_{i}</formula>
    <formula uri="http://libmeta.ru/fme/formula/aux/1266_4_KLIFFORDA">K_{3}</formula>
    <formula uri="http://libmeta.ru/fme/formula/aux/1266_5_KLIFFORDA">K_{4}</formula>
    <formula uri="http://libmeta.ru/fme/formula/aux/1266_6_KLIFFORDA">K_{n}</formula>
    <formula uri="http://libmeta.ru/fme/formula/aux/1266_7_KLIFFORDA">2^{n}</formula>
    <formula uri="http://libmeta.ru/fme/formula/aux/1266_8_KLIFFORDA">\operatorname{Spin}(n)-</formula>
    <formula uri="http://libmeta.ru/fme/formula/aux/1266_9_KLIFFORDA">S O(n)</formula>
    <formula uri="http://libmeta.ru/fme/formula/aux/1266_10_KLIFFORDA">\operatorname{Spin}(n)</formula>
    <formula uri="http://libmeta.ru/fme/formula/aux/1266_11_KLIFFORDA">K_{n}</formula>
    <formula uri="http://libmeta.ru/fme/formula/aux/1266_12_KLIFFORDA">2^{v}</formula>
    <formula uri="http://libmeta.ru/fme/formula/aux/1266_13_KLIFFORDA">v=n / 2</formula>
    <formula uri="http://libmeta.ru/fme/formula/aux/1266_14_KLIFFORDA">n=3</formula>
    <formula uri="http://libmeta.ru/fme/formula/aux/1266_15_KLIFFORDA">1 / 2</formula>
    <formula uri="http://libmeta.ru/fme/formula/aux/1266_16_KLIFFORDA">H</formula>
    <formula uri="http://libmeta.ru/fme/formula/aux/1266_17_KLIFFORDA">k_{i}</formula>
    <formula uri="http://libmeta.ru/fme/formula/aux/1266_18_KLIFFORDA">\hat{x}_{i}</formula>
    <formula uri="http://libmeta.ru/fme/formula/aux/1266_19_KLIFFORDA">\partial / \partial \hat{x}_{i}</formula>
    <formula uri="http://libmeta.ru/fme/formula/aux/1266_20_KLIFFORDA">1979 . \quad</formula>
  </formulas_aux>
  <relations/>
  <text>,ассоциативная алгебра $URI[[http://libmeta.ru/fme/formula/aux/1266_1_KLIFFORDA]]/URI$ образуюшими $URI[[http://libmeta.ru/fme/formula/aux/1266_2_KLIFFORDA]]/URI$, то есть совокупность линейных комбинаций из произведений $URI[[http://libmeta.ru/fme/formula/aux/1266_3_KLIFFORDA]]/URI$, причем выполняются соотношения:

\[
URI[[http://libmeta.ru/fme/formula/main/1266_1_KLIFFORDA]]/URI
\]

K. а. названа по имени У. Клиффорда (W. Clifford, 1876). К. а. $URI[[http://libmeta.ru/fme/formula/aux/1266_4_KLIFFORDA]]/URI$ содержит в виде подалгебры алгебру кватернионов; К. а. $URI[[http://libmeta.ru/fme/formula/aux/1266_5_KLIFFORDA]]/URI$ изоморфна алгебре четырехрядных Дирака матриц. Алгебра $URI[[http://libmeta.ru/fme/formula/aux/1266_6_KLIFFORDA]]/URI$ имеет конечную размерность $URI[[http://libmeta.ru/fme/formula/aux/1266_7_KLIFFORDA]]/URI$ и связана с представлением спинорной группы $URI[[http://libmeta.ru/fme/formula/aux/1266_8_KLIFFORDA]]/URI$ двулистной накрывающей ортогональной группы $URI[[http://libmeta.ru/fme/formula/aux/1266_9_KLIFFORDA]]/URI$. Представление группы $URI[[http://libmeta.ru/fme/formula/aux/1266_10_KLIFFORDA]]/URI$ в алгебре $URI[[http://libmeta.ru/fme/formula/aux/1266_11_KLIFFORDA]]/URI$ степени $URI[[http://libmeta.ru/fme/formula/aux/1266_12_KLIFFORDA]]/URI$, где $URI[[http://libmeta.ru/fme/formula/aux/1266_13_KLIFFORDA]]/URI$, называется спин орным представлением. При $URI[[http://libmeta.ru/fme/formula/aux/1266_14_KLIFFORDA]]/URI$ получаем двумерное спинорное представление частицы со спином $URI[[http://libmeta.ru/fme/formula/aux/1266_15_KLIFFORDA]]/URI$.

В физике K. а. появились в работах П. Дирака (P. Dirac) в 1927. При выводе релятивистски инвариантного уравнения для частиц с полуцелым спином (Дирака уравнения) возникает проблема извлечения квадратного корня из гамильтониана $URI[[http://libmeta.ru/fme/formula/aux/1266_16_KLIFFORDA]]/URI$. Если представить квадратичную форму

\[
URI[[http://libmeta.ru/fme/formula/main/1266_2_KLIFFORDA]]/URI
\]

в виде квадрата линейной функщии

\[
URI[[http://libmeta.ru/fme/formula/main/1266_3_KLIFFORDA]]/URI
\]

то коэффициенты $URI[[http://libmeta.ru/fme/formula/aux/1266_17_KLIFFORDA]]/URI$ должны удовлетворять соотношениям (*), то есть образовывать К. а.

К. а. тесно связана с Грассмана алzеброй. По каждой алгебре Грассмана можно построить К. а. с удвоенным числом образующих с помощью умножения на образующую Грассмана $URI[[http://libmeta.ru/fme/formula/aux/1266_18_KLIFFORDA]]/URI$ и оператора дифференцирования $URI[[http://libmeta.ru/fme/formula/aux/1266_19_KLIFFORDA]]/URI$.

Лит.: [1] Бе р з и н Ф. А., Метод вторичного квантования, 2 изд., М., 1986; [2] Желобен ко Д. П., Компактные группы Ли и их представления, М., 1970; [3] Каза но в а Г., Векторная алгебра, пер. с франц., М., $URI[[http://libmeta.ru/fme/formula/aux/1266_20_KLIFFORDA]]/URI$</text>
  <text_orig>,ассоциативная алгебра $K_{n} \mathrm{c} n$ образуюшими $k_{1}, \ldots, k_{n}$, то есть совокупность линейных комбинаций из произведений $k_{i}$, причем выполняются соотношения:

\[
k_{i} k_{j}+k_{j} k_{i}=\left\{k_{i}, k_{j}\right\}=0 \text { при } i \neq j, k_{i}^{2}=1 .
\]

K. а. названа по имени У. Клиффорда (W. Clifford, 1876). К. а. $K_{3}$ содержит в виде подалгебры алгебру кватернионов; К. а. $K_{4}$ изоморфна алгебре четырехрядных Дирака матриц. Алгебра $K_{n}$ имеет конечную размерность $2^{n}$ и связана с представлением спинорной группы $\operatorname{Spin}(n)-$ двулистной накрывающей ортогональной группы $S O(n)$. Представление группы $\operatorname{Spin}(n)$ в алгебре $K_{n}$ степени $2^{v}$, где $v=n / 2$, называется спин орным представлением. При $n=3$ получаем двумерное спинорное представление частицы со спином $1 / 2$.

В физике K. а. появились в работах П. Дирака (P. Dirac) в 1927. При выводе релятивистски инвариантного уравнения для частиц с полуцелым спином (Дирака уравнения) возникает проблема извлечения квадратного корня из гамильтониана $H$. Если представить квадратичную форму

\[
H=\sum x_{i}^{2}
\]

в виде квадрата линейной функщии

\[
P(x)=\sum k_{i} x_{i},
\]

то коэффициенты $k_{i}$ должны удовлетворять соотношениям (*), то есть образовывать К. а.

К. а. тесно связана с Грассмана алzеброй. По каждой алгебре Грассмана можно построить К. а. с удвоенным числом образующих с помощью умножения на образующую Грассмана $\hat{x}_{i}$ и оператора дифференцирования $\partial / \partial \hat{x}_{i}$.

Лит.: [1] Бе р з и н Ф. А., Метод вторичного квантования, 2 изд., М., 1986; [2] Желобен ко Д. П., Компактные группы Ли и их представления, М., 1970; [3] Каза но в а Г., Векторная алгебра, пер. с франц., М., $1979 . \quad$ М. И. Монастырский.
</text_orig>
</article>
