<?xml version="1.0" ?>
<article uri="http://libmeta.ru/fme/article/1269_KMSh-SOSTOJaNIE," alphabetic_pos="1271">
  <title>КМШ-СОСТОЯНИЕ, КУБО-МАРТИНА-ШВИНГЕРА СОСТОЯНИЕ</title>
  <authors>
    <author>B. Н. Нескоромный</author>
  </authors>
  <title_short/>
  <pages>
    <start>273</start>
    <end>273</end>
  </pages>
  <literature>
    <literature_orig>Jum.: [1] Haag R., Trych-Pohlmeyer E., &quot;comm. Math. Phys.», 1977, v. 56, p. 213; [2] Aizenmann M., Galavotti G., Goldste in S., Lebowitz J. L., там же, 1976, v. 48, p. 1; [3] A paк и Ф., в сб.: Гиббсовские состояния в статистической физике, пер. с англ., М., 1978, с. 131; [4] Pusz W., W o ronowitz S. L., «comm. Math. Phys.», 1978, v. 58, p. 273.</literature_orig>
    <unit>
      <author>Haag R.</author>
      <author>Trych-Pohlmeyer E.</author>
      <title>&quot;comm. Math. Phys.»</title>
      <publication/>
      <year>1977</year>
      <other>v. 56, p. 213</other>
    </unit>
    <unit>
      <author>Aizenmann M.</author>
      <author>Galavotti G.</author>
      <author>Goldstein S.</author>
      <author>Lebowitz J. L.</author>
      <title>там же</title>
      <publication/>
      <year>1976</year>
      <other>v. 48, p. 1</other>
    </unit>
    <unit>
      <author>Apaки Ф.</author>
      <title>в сб.: Гиббсовские состояния в статистической физике</title>
      <publication>пер. с англ., М.</publication>
      <year>1978</year>
      <other>с. 131</other>
    </unit>
    <unit>
      <author>Pusz W.</author>
      <author>Woronowitz S. L.</author>
      <title>«comm. Math. Phys.»</title>
      <publication/>
      <year>1978</year>
      <other>v. 58, p. 273.</other>
    </unit>
  </literature>
  <formulas_main/>
  <formulas_aux>
    <formula uri="http://libmeta.ru/fme/formula/aux/1269_1_KMSh-SOSTOJaNIE,">\omega</formula>
    <formula uri="http://libmeta.ru/fme/formula/aux/1269_2_KMSh-SOSTOJaNIE,">c^{*}</formula>
    <formula uri="http://libmeta.ru/fme/formula/aux/1269_3_KMSh-SOSTOJaNIE,">\mathscr{a}</formula>
    <formula uri="http://libmeta.ru/fme/formula/aux/1269_4_KMSh-SOSTOJaNIE,">{ }^{*}</formula>
    <formula uri="http://libmeta.ru/fme/formula/aux/1269_5_KMSh-SOSTOJaNIE,">\alpha_{t}</formula>
    <formula uri="http://libmeta.ru/fme/formula/aux/1269_6_KMSh-SOSTOJaNIE,">\mathrm{k}</formula>
    <formula uri="http://libmeta.ru/fme/formula/aux/1269_7_KMSh-SOSTOJaNIE,">\mathfrak{b}^{(1)}</formula>
  </formulas_aux>
  <relations>
    <relation uri="http://libmeta.ru/fme/relation/1269_1_KMSh-SOSTOJaNIE,">
      <rel_text>состояний</rel_text>
      <target>http://libmeta.ru/fme/article/2867_SOSTOJaNI</target>
    </relation>
    <relation uri="http://libmeta.ru/fme/relation/1269_2_KMSh-SOSTOJaNIE,">
      <rel_text>гиббсовских состояний</rel_text>
      <target>http://libmeta.ru/fme/article/614_GIBBSOVSKOE</target>
    </relation>
    <relation uri="http://libmeta.ru/fme/relation/1269_3_KMSh-SOSTOJaNIE,">
      <rel_text>квантовых решетчатых</rel_text>
      <target>http://libmeta.ru/fme/article/919_EVKLIDOVO</target>
    </relation>
    <relation uri="http://libmeta.ru/fme/relation/1269_4_KMSh-SOSTOJaNIE,">
      <rel_text>корреляционных функций</rel_text>
      <target>http://libmeta.ru/fme/article/1409_KORRELJaTsIONNAJa</target>
    </relation>
    <relation uri="http://libmeta.ru/fme/relation/1269_5_KMSh-SOSTOJaNIE,">
      <rel_text>кластеризации</rel_text>
      <target>http://libmeta.ru/fme/article/1253_KLASTERIZATsI</target>
    </relation>
    <relation uri="http://libmeta.ru/fme/relation/1269_6_KMSh-SOSTOJaNIE,">
      <rel_text>стационарные состояния</rel_text>
      <target>http://libmeta.ru/fme/article/2947_STATsIONARNOE</target>
    </relation>
    <relation uri="http://libmeta.ru/fme/relation/1269_7_KMSh-SOSTOJaNIE,">
      <rel_text>динамики</rel_text>
      <target>http://libmeta.ru/fme/article/816_DINAMIK</target>
    </relation>
    <relation uri="http://libmeta.ru/fme/relation/1269_8_KMSh-SOSTOJaNIE,">
      <rel_text>состояний</rel_text>
      <target>http://libmeta.ru/fme/article/2867_SOSTOJaNI</target>
    </relation>
    <relation uri="http://libmeta.ru/fme/relation/1269_9_KMSh-SOSTOJaNIE,">
      <rel_text>гиббсовских состояний</rel_text>
      <target>http://libmeta.ru/fme/article/614_GIBBSOVSKOE</target>
    </relation>
    <relation uri="http://libmeta.ru/fme/relation/1269_10_KMSh-SOSTOJaNIE,">
      <rel_text>группа</rel_text>
      <target>http://libmeta.ru/fme/article/737_GRUPP</target>
    </relation>
    <relation uri="http://libmeta.ru/fme/relation/1269_11_KMSh-SOSTOJaNIE,">
      <rel_text>действует</rel_text>
      <target>http://libmeta.ru/fme/article/785_DEJSTVI</target>
    </relation>
    <relation uri="http://libmeta.ru/fme/relation/1269_12_KMSh-SOSTOJaNIE,">
      <rel_text>состояние</rel_text>
      <target>http://libmeta.ru/fme/article/2867_SOSTOJaNI</target>
    </relation>
  </relations>
  <text>URI[[http://libmeta.ru/fme/relation/1269_12_KMSh-SOSTOJaNIE,]]/URI $URI[[http://libmeta.ru/fme/formula/aux/1269_1_KMSh-SOSTOJaNIE,]]/URI$ на $URI[[http://libmeta.ru/fme/formula/aux/1269_2_KMSh-SOSTOJaNIE,]]/URI$-алгебре $URI[[http://libmeta.ru/fme/formula/aux/1269_3_KMSh-SOSTOJaNIE,]]/URI$, в которой URI[[http://libmeta.ru/fme/relation/1269_11_KMSh-SOSTOJaNIE,]]/URI сильно непрерывная URI[[http://libmeta.ru/fme/relation/1269_10_KMSh-SOSTOJaNIE,]]/URI $URI[[http://libmeta.ru/fme/formula/aux/1269_4_KMSh-SOSTOJaNIE,]]/URI$-автоморфизмов $URI[[http://libmeta.ru/fme/formula/aux/1269_5_KMSh-SOSTOJaNIE,]]/URI$ и для него выполняется Кмш-условие. Кмш-с. являются формальным обобщением URI[[http://libmeta.ru/fme/relation/1269_9_KMSh-SOSTOJaNIE,]]/URI, и существует ряд доказательств наличия у них требуемых от равновесных URI[[http://libmeta.ru/fme/relation/1269_8_KMSh-SOSTOJaNIE,]]/URI свойств.

Локально устойчивые (по отношению к возмущению URI[[http://libmeta.ru/fme/relation/1269_7_KMSh-SOSTOJaNIE,]]/URI малой добавкой $URI[[http://libmeta.ru/fme/formula/aux/1269_6_KMSh-SOSTOJaNIE,]]/URI$ гамильтониану) URI[[http://libmeta.ru/fme/relation/1269_6_KMSh-SOSTOJaNIE,]]/URI квантовых систем с дополнительным предположением о URI[[http://libmeta.ru/fme/relation/1269_5_KMSh-SOSTOJaNIE,]]/URI URI[[http://libmeta.ru/fme/relation/1269_4_KMSh-SOSTOJaNIE,]]/URI (или $URI[[http://libmeta.ru/fme/formula/aux/1269_7_KMSh-SOSTOJaNIE,]]/URI$-асимптотич. абелевостью) являются Кмш-с. (см. [1]). Аналогичный результат справедлив и для классич. систем (см. [2]). Ф. Араки доказал, что любое Кмш-с. одномерных URI[[http://libmeta.ru/fme/relation/1269_3_KMSh-SOSTOJaNIE,]]/URI систем есть предел URI[[http://libmeta.ru/fme/relation/1269_2_KMSh-SOSTOJaNIE,]]/URI (см. [3]). Эквивалентность Кмш- и термодинамически-пассивных URI[[http://libmeta.ru/fme/relation/1269_1_KMSh-SOSTOJaNIE,]]/URI доказана в [4].</text>
  <text_orig>состояние $\omega$ на $C^{*}$-алгебре $\mathscr{A}$, в которой действует сильно непрерывная группа ${ }^{*}$-автоморфизмов $\alpha_{t}$ и для него выполняется КМШ-условие. КМШ-с. являются формальным обобщением гиббсовских состояний, и существует ряд доказательств наличия у них требуемых от равновесных состояний свойств.

Локально устойчивые (по отношению к возмущению динамики малой добавкой $\mathrm{K}$ гамильтониану) стационарные состояния квантовых систем с дополнительным предположением о кластеризации корреляционных функщий (или $\mathfrak{B}^{(1)}$-асимптотич. абелевостью) являются КМШ-с. (см. [1]). Аналогичный результат справедлив и для классич. систем (см. [2]). Ф. Араки доказал, что любое КМШ-с. одномерных квантовых решетчатых систем есть предел гиббсовских состояний (см. [3]). Эквивалентность КМШ- и термодинамически-пассивных состояний доказана в [4].

Jum.: [1] Haag R., Trych-Pohlmeyer E., &quot;Comm. Math. Phys.», 1977, v. 56, p. 213; [2] Aizenmann M., Galavotti G., Goldste in S., Lebowitz J. L., там же, 1976, v. 48, p. 1; [3] A paк и Ф., в сб.: Гиббсовские состояния в статистической физике, пер. с англ., М., 1978, с. 131; [4] Pusz W., W o ronowitz S. L., «Comm. Math. Phys.», 1978, v. 58, p. 273.

B. Н. Нескоромный.</text_orig>
</article>
