<?xml version="1.0" ?>
<article uri="http://libmeta.ru/fme/article/126_ATTRAKTORA">
  <title>АТТРАКТОРА КРИЗИС</title>
  <authors/>
  <title_short/>
  <pages>
    <start>37</start>
    <end>37</end>
  </pages>
  <literature>
    <literature_orig/>
  </literature>
  <formulas_main/>
  <formulas_aux>
    <formula uri="http://libmeta.ru/fme/formula/aux/126_1_ATTRAKTORA">p a</formula>
    <formula uri="http://libmeta.ru/fme/formula/aux/126_2_ATTRAKTORA">\left\{f_{\varepsilon}^{t}, M\right\}-</formula>
    <formula uri="http://libmeta.ru/fme/formula/aux/126_3_ATTRAKTORA">\varepsilon \in\left[\varepsilon_{1}, \varepsilon_{2}\right]</formula>
    <formula uri="http://libmeta.ru/fme/formula/aux/126_4_ATTRAKTORA">f_{\varepsilon}^{t}-</formula>
    <formula uri="http://libmeta.ru/fme/formula/aux/126_5_ATTRAKTORA">t</formula>
    <formula uri="http://libmeta.ru/fme/formula/aux/126_6_ATTRAKTORA">\varepsilon, M-</formula>
    <formula uri="http://libmeta.ru/fme/formula/aux/126_7_ATTRAKTORA">U_{\varepsilon}</formula>
    <formula uri="http://libmeta.ru/fme/formula/aux/126_8_ATTRAKTORA">f_{\mathcal{E}}^{t}, \varepsilon \in\left[\varepsilon_{1}, \varepsilon^{*}\right)</formula>
    <formula uri="http://libmeta.ru/fme/formula/aux/126_9_ATTRAKTORA">U_{\varepsilon}</formula>
    <formula uri="http://libmeta.ru/fme/formula/aux/126_10_ATTRAKTORA">\varepsilon ;\left\{A_{\varepsilon} \subset U_{\varepsilon}\right\}-</formula>
    <formula uri="http://libmeta.ru/fme/formula/aux/126_11_ATTRAKTORA">\varepsilon^{*}-</formula>
    <formula uri="http://libmeta.ru/fme/formula/aux/126_12_ATTRAKTORA">\varepsilon^{*}</formula>
    <formula uri="http://libmeta.ru/fme/formula/aux/126_13_ATTRAKTORA">A_{\varepsilon}</formula>
    <formula uri="http://libmeta.ru/fme/formula/aux/126_14_ATTRAKTORA">\left\{f_{\mathcal{E}^{*}}^{t}, \boldsymbol{M}\right\}</formula>
    <formula uri="http://libmeta.ru/fme/formula/aux/126_15_ATTRAKTORA">\boldsymbol{B}</formula>
    <formula uri="http://libmeta.ru/fme/formula/aux/126_16_ATTRAKTORA">\varepsilon</formula>
    <formula uri="http://libmeta.ru/fme/formula/aux/126_17_ATTRAKTORA">\begin{array}{ll}\text { ции, М., 1987, с. 189-213. } &amp; \text { В. С. Афраймович. }\end{array}</formula>
  </formulas_aux>
  <relations/>
  <text> - бифуркация гибети аттракто$URI[[http://libmeta.ru/fme/formula/aux/126_1_ATTRAKTORA]]/URI$, не сопровождаемая рождением нового аттрактора в малой окрестности исчезнувшего. Пусть $URI[[http://libmeta.ru/fme/formula/aux/126_2_ATTRAKTORA]]/URI$ семей- ство гладких динамич. систем, зависящих от параметра $URI[[http://libmeta.ru/fme/formula/aux/126_3_ATTRAKTORA]]/URI$ ( $URI[[http://libmeta.ru/fme/formula/aux/126_4_ATTRAKTORA]]/URI$ отображение сдвига на время $URI[[http://libmeta.ru/fme/formula/aux/126_5_ATTRAKTORA]]/URI$ по траекториям динамич. системы, непрерывно зависящее от $URI[[http://libmeta.ru/fme/formula/aux/126_6_ATTRAKTORA]]/URI$ фазовое пространство динамич. системы); $URI[[http://libmeta.ru/fme/formula/aux/126_7_ATTRAKTORA]]/URI$ - поглощающая область для $URI[[http://libmeta.ru/fme/formula/aux/126_8_ATTRAKTORA]]/URI$, причем граница $URI[[http://libmeta.ru/fme/formula/aux/126_9_ATTRAKTORA]]/URI$ непрерывно зависит от $URI[[http://libmeta.ru/fme/formula/aux/126_10_ATTRAKTORA]]/URI$ соответствующее семейство аттракторов; $URI[[http://libmeta.ru/fme/formula/aux/126_11_ATTRAKTORA]]/URI$ бифуркационное значение параметра. Тогда $URI[[http://libmeta.ru/fme/formula/aux/126_12_ATTRAKTORA]]/URI$ отвечает А. К., если в сколь угодно малой окрестности множества

![](https://cdn.mathpix.com/cropped/2023_07_08_9bd4afc497db0b41ea3bg-1.jpg?height=76&amp;width=152&amp;top_left_y=379&amp;top_left_x=1263)

предельных точек семейства $URI[[http://libmeta.ru/fme/formula/aux/126_13_ATTRAKTORA]]/URI$ найдется точка траектории динамич. системы $URI[[http://libmeta.ru/fme/formula/aux/126_14_ATTRAKTORA]]/URI$, уходящей на конечное, не зависяшее от размеров этой окрестности, расстояние от $URI[[http://libmeta.ru/fme/formula/aux/126_15_ATTRAKTORA]]/URI$. Иначе говоря, А. к. (точнее, кризис в семействе аттракторов) реализуется, когда аттрактор при изменении $URI[[http://libmeta.ru/fme/formula/aux/126_16_ATTRAKTORA]]/URI$ пересекает границу своей области притяжения.

Лит.: [1] Афрай мович В. С., в кн.: Внутренние бифуркации и кризисы аттракторов. Нелинейные волны. Структуры и бифурка$URI[[http://libmeta.ru/fme/formula/aux/126_17_ATTRAKTORA]]/URI$</text>
  <text_orig> - бифуркация гибети аттракто$p a$, не сопровождаемая рождением нового аттрактора в малой окрестности исчезнувшего. Пусть $\left\{f_{\varepsilon}^{t}, M\right\}-$ семей- ство гладких динамич. систем, зависящих от параметра $\varepsilon \in\left[\varepsilon_{1}, \varepsilon_{2}\right]$ ( $f_{\varepsilon}^{t}-$ отображение сдвига на время $t$ по траекториям динамич. системы, непрерывно зависящее от $\varepsilon, M-$ фазовое пространство динамич. системы); $U_{\varepsilon}$ - поглощающая область для $f_{\mathcal{E}}^{t}, \varepsilon \in\left[\varepsilon_{1}, \varepsilon^{*}\right)$, причем граница $U_{\varepsilon}$ непрерывно зависит от $\varepsilon ;\left\{A_{\varepsilon} \subset U_{\varepsilon}\right\}-$ соответствующее семейство аттракторов; $\varepsilon^{*}-$ бифуркационное значение параметра. Тогда $\varepsilon^{*}$ отвечает А. К., если в сколь угодно малой окрестности множества

![](https://cdn.mathpix.com/cropped/2023_07_08_9bd4afc497db0b41ea3bg-1.jpg?height=76&amp;width=152&amp;top_left_y=379&amp;top_left_x=1263)

предельных точек семейства $A_{\varepsilon}$ найдется точка траектории динамич. системы $\left\{f_{\mathcal{E}^{*}}^{t}, \boldsymbol{M}\right\}$, уходящей на конечное, не зависяшее от размеров этой окрестности, расстояние от $\boldsymbol{B}$. Иначе говоря, А. к. (точнее, кризис в семействе аттракторов) реализуется, когда аттрактор при изменении $\varepsilon$ пересекает границу своей области притяжения.

Лит.: [1] Афрай мович В. С., в кн.: Внутренние бифуркации и кризисы аттракторов. Нелинейные волны. Структуры и бифурка$\begin{array}{ll}\text { ции, М., 1987, с. 189-213. } &amp; \text { В. С. Афраймович. }\end{array}$
</text_orig>
</article>
