<?xml version="1.0" ?>
<article uri="http://libmeta.ru/fme/article/1270_KMSh-USLOVIE," alphabetic_pos="1272">
  <title>КМШ-УСЛОВИЕ, КУБО-МАРТИНА-ШВИНГЕРА УСЛОВИЕ</title>
  <authors>
    <author>B. Н. Нескоромный</author>
  </authors>
  <title_short/>
  <pages>
    <start>273</start>
    <end>273</end>
  </pages>
  <literature>
    <literature_orig>Jum.: [1] Kubo R., «j. Phys. Soc. Jap.», 1957, v. 12, p. 570; [2] Mart in P. C., S c hwinger J., &quot;phys. Rev.», 1959, v. 115, p. 1342; [3] Haag R., Huge nholtz N., Winnink M., &quot;comm. Math. Phys.», 1967, v. 5, p. 215; [4] Galavotti G., Verbore n E., &quot;nuovo Cimento B», 1975, В 28, p. $274 . \quad$</literature_orig>
    <unit>
      <author>Kubo R.</author>
      <title>«j. Phys. Soc. Jap.»</title>
      <publication/>
      <year>1957</year>
      <other>v. 12, p. 570</other>
    </unit>
    <unit>
      <author>Martin P. C.</author>
      <author>Schwinger J.</author>
      <title>&quot;phys. Rev.»</title>
      <publication/>
      <year>1959</year>
      <other>v. 115, p. 1342</other>
    </unit>
    <unit>
      <author>Haag R.</author>
      <author>Hugenholtz N.</author>
      <author>Winnink M.</author>
      <title>&quot;comm. Math. Phys.»</title>
      <publication/>
      <year>1967</year>
      <other>v. 5, p. 215</other>
    </unit>
    <unit>
      <author>Galavotti G.</author>
      <author>Verboren E.</author>
      <title>&quot;nuovo Cimento B»</title>
      <publication/>
      <year>1975</year>
      <other>В 28, p. $274 . \quad$</other>
    </unit>
  </literature>
  <formulas_main>
    <formula uri="http://libmeta.ru/fme/formula/main/1270_1_KMSh-USLOVIE,">\omega_{\Lambda}(A) \equiv \operatorname{Tr}_{\Lambda} A e^{-\beta H_{\Lambda}} / \operatorname{Tr}_{\Lambda} e^{-\beta H_{\Lambda}}</formula>
    <formula uri="http://libmeta.ru/fme/formula/main/1270_2_KMSh-USLOVIE,">A_{t}^{\Lambda}=U_{\Lambda}(t) A U_{\Lambda}^{-1}(t), \quad U_{\Lambda}(t)=e^{i t H_{\Lambda}}</formula>
    <formula uri="http://libmeta.ru/fme/formula/main/1270_3_KMSh-USLOVIE,">\omega\left(A_{t} B\right)=\omega\left(B A_{t+i \beta}\right)</formula>
    <formula uri="http://libmeta.ru/fme/formula/main/1270_4_KMSh-USLOVIE,">\omega(\{f, g\})=\beta \omega(g\{f, g\}),</formula>
  </formulas_main>
  <formulas_aux>
    <formula uri="http://libmeta.ru/fme/formula/aux/1270_1_KMSh-USLOVIE,">|\lambda| \rightarrow \infty</formula>
    <formula uri="http://libmeta.ru/fme/formula/aux/1270_2_KMSh-USLOVIE,">h_{\lambda}</formula>
    <formula uri="http://libmeta.ru/fme/formula/aux/1270_3_KMSh-USLOVIE,">k M Ш-</formula>
    <formula uri="http://libmeta.ru/fme/formula/aux/1270_4_KMSh-USLOVIE,">\{\cdot, \cdot\}</formula>
  </formulas_aux>
  <relations>
    <relation uri="http://libmeta.ru/fme/relation/1270_1_KMSh-USLOVIE,">
      <rel_text>скобка Пуассона</rel_text>
      <target>http://libmeta.ru/fme/article/2471_PUASSONA</target>
    </relation>
    <relation uri="http://libmeta.ru/fme/relation/1270_2_KMSh-USLOVIE,">
      <rel_text>бесконечных систем</rel_text>
      <target>http://libmeta.ru/fme/article/168_BESKONEChNYE</target>
    </relation>
    <relation uri="http://libmeta.ru/fme/relation/1270_3_KMSh-USLOVIE,">
      <rel_text>состояний</rel_text>
      <target>http://libmeta.ru/fme/article/2867_SOSTOJaNI</target>
    </relation>
  </relations>
  <text>условие, которому удовлетворяют предельные гиббсовские состояния, определяемые как предел $URI[[http://libmeta.ru/fme/formula/aux/1270_1_KMSh-USLOVIE,]]/URI$ состояний в конечном объеме

\[
URI[[http://libmeta.ru/fme/formula/main/1270_1_KMSh-USLOVIE,]]/URI
\]

с динамикой, порождаемой гамильтонианом $URI[[http://libmeta.ru/fme/formula/aux/1270_2_KMSh-USLOVIE,]]/URI$ :

\[
URI[[http://libmeta.ru/fme/formula/main/1270_2_KMSh-USLOVIE,]]/URI
\]

(см. [1], [2]). В алгебраич. форме Кмш-у. сформулировано B [3]:

\[
URI[[http://libmeta.ru/fme/formula/main/1270_3_KMSh-USLOVIE,]]/URI
\]

и служит для выделения класса $URI[[http://libmeta.ru/fme/formula/aux/1270_3_KMSh-USLOVIE,]]/URI$ URI[[http://libmeta.ru/fme/relation/1270_3_KMSh-USLOVIE,]]/URI URI[[http://libmeta.ru/fme/relation/1270_2_KMSh-USLOVIE,]]/URI без предварительного рассмотрения конечных систем и предельных процедур. Обобщение Кмш-у. для классич. систем (см. [4]):

\[
URI[[http://libmeta.ru/fme/formula/main/1270_4_KMSh-USLOVIE,]]/URI
\]

где $URI[[http://libmeta.ru/fme/formula/aux/1270_4_KMSh-USLOVIE,]]/URI$ - URI[[http://libmeta.ru/fme/relation/1270_1_KMSh-USLOVIE,]]/URI.

18 Математическая физика</text>
  <text_orig>условие, которому удовлетворяют предельные гиббсовские состояния, определяемые как предел $|\Lambda| \rightarrow \infty$ состояний в конечном объеме

\[
\omega_{\Lambda}(A) \equiv \operatorname{Tr}_{\Lambda} A e^{-\beta H_{\Lambda}} / \operatorname{Tr}_{\Lambda} e^{-\beta H_{\Lambda}}
\]

с динамикой, порождаемой гамильтонианом $H_{\Lambda}$ :

\[
A_{t}^{\Lambda}=U_{\Lambda}(t) A U_{\Lambda}^{-1}(t), \quad U_{\Lambda}(t)=e^{i t H_{\Lambda}}
\]

(см. [1], [2]). В алгебраич. форме КМШ-у. сформулировано B [3]:

\[
\omega\left(A_{t} B\right)=\omega\left(B A_{t+i \beta}\right)
\]

и служит для выделения класса $K M Ш-$ состояний бесконечных систем без предварительного рассмотрения конечных систем и предельных процедур. Обобщение КМШ-у. для классич. систем (см. [4]):

\[
\omega(\{f, g\})=\beta \omega(g\{f, g\}),
\]

где $\{\cdot, \cdot\}$ - скобка Пуассона.

18 Математическая физика Jum.: [1] Kubo R., «J. Phys. Soc. Jap.», 1957, v. 12, p. 570; [2] Mart in P. C., S c hwinger J., &quot;Phys. Rev.», 1959, v. 115, p. 1342; [3] Haag R., Huge nholtz N., Winnink M., &quot;Comm. Math. Phys.», 1967, v. 5, p. 215; [4] Galavotti G., Verbore n E., &quot;Nuovo Cimento B», 1975, В 28, p. $274 . \quad$ B. Н. Нескоромный.</text_orig>
</article>
