<?xml version="1.0" ?>
<article uri="http://libmeta.ru/fme/article/1271_KNOIDAL'NAJa">
  <title>КНОИДАЛЬНАЯ ВОЛНА</title>
  <authors/>
  <title_short/>
  <pages>
    <start>273</start>
    <end>273</end>
  </pages>
  <literature>
    <literature_orig/>
  </literature>
  <formulas_main/>
  <formulas_aux/>
  <relations/>
  <text>см. Кортевега - де Фриса уравнение.</text>
  <text_orig>см. Кортевега - де Фриса уравнение.</text_orig>
</article>
