<?xml version="1.0" ?>
<article uri="http://libmeta.ru/fme/article/1272_KOVARIANTNOST">
  <title>КОВАРИАНТНОСТЬ</title>
  <author/>
  <title_short/>
  <pages>
    <start>273</start>
    <end>274</end>
  </pages>
  <literature>
    <literature_orig/>
  </literature>
  <formulas_main/>
  <formulas_aux>
    <formula uri="http://libmeta.ru/fme/formula/aux/1272_1_KOVARIANTNOST">\begin{array}{ll}\text { же Инвариантность. } &amp;amp; \text { В. П. Павлов. }\end{array}</formula>
  </formulas_aux>
  <relations/>
  <text> - свойство физических величин, описывающих данное явление или круг явлений, преобра- зовываться по представлениям группы инвариантности, установленной или предполагаемой для этого круга. См. так$URI[[http://libmeta.ru/fme/formula/aux/1272_1_KOVARIANTNOST]]/URI$</text>
  <text_orig> - свойство физических величин, описывающих данное явление или круг явлений, преобра- зовываться по представлениям группы инвариантности, установленной или предполагаемой для этого круга. См. так$\begin{array}{ll}\text { же Инвариантность. } &amp;amp; \text { В. П. Павлов. }\end{array}$</text_orig>
</article>
