<?xml version="1.0" ?>
<article uri="http://libmeta.ru/fme/article/1272_KOVALEVSKOJ">
  <title>КОВАЛЕВСКОЙ СЛУЧАЙ</title>
  <authors/>
  <title_short/>
  <pages>
    <start>273</start>
    <end>273</end>
  </pages>
  <literature>
    <literature_orig>Лum.: [1] Ковалевская С. В., &quot;Acta math.», 1889, t. 12; 1890, t. 14; см. также Ков алевская С. В., Научные работы, М.- Л., 1948, с. 153-234; [2] Голуб в в В. В., Лекции по интегрированию уравнений движения тяжелого твердого тела около неподвижной точки, М., 1953; [3] М а ни н Ю. И., Калибровочные поля и комплексная геометрия, М., 1984; [4] Итоги науки и техники. Современные проблемы математики. Фундаментальные направления, 1985 , $\begin{array}{ll}\text { т. 8, с. 191-266; 1986, т. 9, с. 247-84. } &amp; \text { М. И. Войцеховский. }\end{array}$</literature_orig>
    <unit>
      <author>Ковалевская С. В.</author>
      <title>&quot;Acta math.»</title>
      <publication/>
      <year>1889</year>
      <other>t. 12; 1890, t. 14; см. также Ков алевская С. В., Научные работы, М.- Л., 1948, с. 153-234</other>
    </unit>
    <unit>
      <author>Голубвв В. В.</author>
      <title>Лекции по интегрированию уравнений движения тяжелого твердого тела около неподвижной точки</title>
      <publication>М.</publication>
      <year>1953</year>
      <other/>
    </unit>
    <unit>
      <author>Манин Ю. И.</author>
      <title>Калибровочные поля и комплексная геометрия</title>
      <publication>М.</publication>
      <year>1984</year>
      <other/>
    </unit>
    <unit>
      <title>Итоги науки и техники. Современные проблемы математики. Фундаментальные направления</title>
      <publication/>
      <year>1985</year>
      <other>$\begin{array}{ll}\text { т. 8, с. 191-266; 1986, т. 9, с. 247-84. } &amp; \text { М. И. Войцеховский. }\end{array}$</other>
    </unit>
  </literature>
  <formulas_main>
    <formula uri="http://libmeta.ru/fme/formula/main/1272_1_KOVALEVSKOJ">\left(p^{2}+q^{2}+c \gamma\right)^{2}+\left(2 p q+c \gamma^{\prime}\right)^{2}=\text { const, } c=\frac{M g x_{0}}{C}</formula>
  </formulas_main>
  <formulas_aux>
    <formula uri="http://libmeta.ru/fme/formula/aux/1272_1_KOVALEVSKOJ">O z</formula>
    <formula uri="http://libmeta.ru/fme/formula/aux/1272_2_KOVALEVSKOJ">A=B=2 C</formula>
    <formula uri="http://libmeta.ru/fme/formula/aux/1272_3_KOVALEVSKOJ">z_{0}&lt;0</formula>
    <formula uri="http://libmeta.ru/fme/formula/aux/1272_4_KOVALEVSKOJ">O z</formula>
    <formula uri="http://libmeta.ru/fme/formula/aux/1272_5_KOVALEVSKOJ">y_{0}=0</formula>
    <formula uri="http://libmeta.ru/fme/formula/aux/1272_6_KOVALEVSKOJ">\int \frac{d s}{\sqrt{P(s)}}</formula>
    <formula uri="http://libmeta.ru/fme/formula/aux/1272_7_KOVALEVSKOJ">P(s)-</formula>
  </formulas_aux>
  <relations/>
  <text>третиЙ (и последниЙ) из трех классических случаев интегрируемости уравнений движения тяжелого твердого тела около неподвижной точки (первые два - Эйлера-Пуансо случай, Лагранжа-Пуассона случай). Он характеризуется тем, что эллипсоид инерции симметричный эллипсоид, вытянутый вдоль оси $URI[[http://libmeta.ru/fme/formula/aux/1272_1_KOVALEVSKOJ]]/URI$ так, что $URI[[http://libmeta.ru/fme/formula/aux/1272_2_KOVALEVSKOJ]]/URI$, а центр тяжести лежит в экваториальной плоскости $URI[[http://libmeta.ru/fme/formula/aux/1272_3_KOVALEVSKOJ]]/URI$, перпендикулярной оси $URI[[http://libmeta.ru/fme/formula/aux/1272_4_KOVALEVSKOJ]]/URI$, и $URI[[http://libmeta.ru/fme/formula/aux/1272_5_KOVALEVSKOJ]]/URI$ (см. Твердое тело; движение около неподвижной точки). Уравнения Эйлера-Пуассона (I-III) в этом случае обладают следующим четвертым (дополнительным) первым интегралом:

\[
URI[[http://libmeta.ru/fme/formula/main/1272_1_KOVALEVSKOJ]]/URI
\]

(открыт С. В. Ковалевской [1]). Интегрирование уравнений движения в этом случае представляет собой задачу, гораздо более сложную, чем первый и второй случаи, поскольку задача приводится к обращению так наз. ультраэллиптич. интегралов, то есть интегралов вида $URI[[http://libmeta.ru/fme/formula/aux/1272_6_KOVALEVSKOJ]]/URI$, где $URI[[http://libmeta.ru/fme/formula/aux/1272_7_KOVALEVSKOJ]]/URI$ многочлен 5-й степени.

Здесь, по-видимому впервые, к решению механич. задачи были привлечены идеи теории функций комплексного переменного. Дело в том, что во всех исследованиях до работ С. В. Ковалевской время рассматривалось как переменное, принимающее только действительные значения; она же впервые рассматривала время как переменное, принимающее любые значения в комплексной плоскости, представив тем самым замечательное расширение механич. задачи (с точки зрения математики) (см. об этом в [2]). Но неменьшее значение имеют идеи С. В. Ковалевской с точки зрения современной физики (не только механики), как предвестника использования методов современной теории функций комплексного переменного и комплексной геометрии в квантовой теории поля (евклидов подход в квантовой теории поля, твисторы, суперсимметрия, калибровочные поля и т. п.) (см. [3], [4]).</text>
  <text_orig>третиЙ (и последниЙ) из трех классических случаев интегрируемости уравнений движения тяжелого твердого тела около неподвижной точки (первые два - Эйлера-Пуансо случай, Лагранжа-Пуассона случай). Он характеризуется тем, что эллипсоид инерции симметричный эллипсоид, вытянутый вдоль оси $O z$ так, что $A=B=2 C$, а центр тяжести лежит в экваториальной плоскости $z_{0}&lt;0$, перпендикулярной оси $O z$, и $y_{0}=0$ (см. Твердое тело; движение около неподвижной точки). Уравнения Эйлера-Пуассона (I-III) в этом случае обладают следующим четвертым (дополнительным) первым интегралом:

\[
\left(p^{2}+q^{2}+c \gamma\right)^{2}+\left(2 p q+c \gamma^{\prime}\right)^{2}=\text { const, } c=\frac{M g x_{0}}{C}
\]

(открыт С. В. Ковалевской [1]). Интегрирование уравнений движения в этом случае представляет собой задачу, гораздо более сложную, чем первый и второй случаи, поскольку задача приводится к обращению так наз. ультраэллиптич. интегралов, то есть интегралов вида $\int \frac{d s}{\sqrt{P(s)}}$, где $P(s)-$ многочлен 5-й степени.

Здесь, по-видимому впервые, к решению механич. задачи были привлечены идеи теории функций комплексного переменного. Дело в том, что во всех исследованиях до работ С. В. Ковалевской время рассматривалось как переменное, принимающее только действительные значения; она же впервые рассматривала время как переменное, принимающее любые значения в комплексной плоскости, представив тем самым замечательное расширение механич. задачи (с точки зрения математики) (см. об этом в [2]). Но неменьшее значение имеют идеи С. В. Ковалевской с точки зрения современной физики (не только механики), как предвестника использования методов современной теории функций комплексного переменного и комплексной геометрии в квантовой теории поля (евклидов подход в квантовой теории поля, твисторы, суперсимметрия, калибровочные поля и т. п.) (см. [3], [4]).

Лum.: [1] Ковалевская С. В., &quot;Acta math.», 1889, t. 12; 1890, t. 14; см. также Ков алевская С. В., Научные работы, М.- Л., 1948, с. 153-234; [2] Голуб в в В. В., Лекции по интегрированию уравнений движения тяжелого твердого тела около неподвижной точки, М., 1953; [3] М а ни н Ю. И., Калибровочные поля и комплексная геометрия, М., 1984; [4] Итоги науки и техники. Современные проблемы математики. Фундаментальные направления, 1985 , $\begin{array}{ll}\text { т. 8, с. 191-266; 1986, т. 9, с. 247-84. } &amp; \text { М. И. Войцеховский. }\end{array}$</text_orig>
</article>
