<?xml version="1.0" ?>
<article uri="http://libmeta.ru/fme/article/1276_KOVARIANTNYJ">
  <title>КОВАРИАНТНЫЙ ВЕКТОР</title>
  <authors/>
  <title_short/>
  <pages>
    <start>274</start>
    <end>274</end>
  </pages>
  <literature>
    <literature_orig/>
  </literature>
  <formulas_main/>
  <formulas_aux/>
  <relations>
    <relation uri="http://libmeta.ru/fme/relation/1276_87_KOVARIANTNYJ">
      <rel_text>Тензор</rel_text>
      <self present="true">http://libmeta.ru/fme/article/3039_TENZO</self>
    </relation>
  </relations>
  <text>см. URI[[http://libmeta.ru/fme/relation/1276_87_KOVARIANTNYJ]]/URI.</text>
  <text_orig>см. Тензор.</text_orig>
</article>
