<?xml version="1.0" ?>
<article uri="http://libmeta.ru/fme/article/1277_KOVARIANTNYJ">
  <title>КОВАРИАНТНЫЙ ЧЕТЫРЕХМЕРНЫЙ ВЕКТОР</title>
  <authors/>
  <title_short/>
  <pages>
    <start>274</start>
    <end>274</end>
  </pages>
  <literature>
    <literature_orig/>
  </literature>
  <formulas_main/>
  <formulas_aux>
    <formula uri="http://libmeta.ru/fme/formula/aux/1277_1_KOVARIANTNYJ">\mathrm{CM}</formula>
  </formulas_aux>
  <relations/>
  <text> - $URI[[http://libmeta.ru/fme/formula/aux/1277_1_KOVARIANTNYJ]]/URI$. Четырехмерный вектор.</text>
  <text_orig> - $\mathrm{CM}$. Четырехмерный вектор.
</text_orig>
</article>
