<?xml version="1.0" ?>
<article uri="http://libmeta.ru/fme/article/1279_KOGERENTNAJa">
  <title>КОГЕРЕНТНАЯ СТРУКТУРА</title>
  <authors/>
  <title_short/>
  <pages>
    <start>274</start>
    <end>274</end>
  </pages>
  <literature>
    <literature_orig/>
  </literature>
  <formulas_main/>
  <formulas_aux/>
  <relations/>
  <text> - см. Локально-изотропная турбулентность.</text>
  <text_orig> - см. Локально-изотропная турбулентность.
</text_orig>
</article>
