<?xml version="1.0" ?>
<article uri="http://libmeta.ru/fme/article/1281_KOGERENTNAJa" alphabetic_pos="1283">
  <title>КОГЕРЕНТНАЯ СТРУКТУРА</title>
  <authors/>
  <title_short/>
  <pages>
    <start>274</start>
    <end>274</end>
  </pages>
  <literature>
    <literature_orig/>
  </literature>
  <formulas_main/>
  <formulas_aux/>
  <relations>
    <relation uri="http://libmeta.ru/fme/relation/1281_1_KOGERENTNAJa">
      <rel_text>турбулентность</rel_text>
      <target>http://libmeta.ru/fme/article/3139_TURBULENTNOST</target>
    </relation>
  </relations>
  <text>см. Локально-изотропная URI[[http://libmeta.ru/fme/relation/1281_1_KOGERENTNAJa]]/URI.</text>
  <text_orig>см. Локально-изотропная турбулентность.</text_orig>
</article>
