<?xml version="1.0" ?>
<article uri="http://libmeta.ru/fme/article/1282_KOIZOTROPNOE">
  <title>КОИЗОТРОПНОЕ МНОГООБРАЗИЕ</title>
  <authors>
    <author>М. Э. Казарян</author>
  </authors>
  <title_short/>
  <pages>
    <start>275</start>
    <end>275</end>
  </pages>
  <literature>
    <literature_orig/>
  </literature>
  <formulas_main/>
  <formulas_aux>
    <formula uri="http://libmeta.ru/fme/formula/aux/1282_1_KOIZOTROPNOE">X</formula>
    <formula uri="http://libmeta.ru/fme/formula/aux/1282_2_KOIZOTROPNOE">\left(M^{2 n}, \omega\right)</formula>
    <formula uri="http://libmeta.ru/fme/formula/aux/1282_3_KOIZOTROPNOE">\omega</formula>
    <formula uri="http://libmeta.ru/fme/formula/aux/1282_4_KOIZOTROPNOE">T_{x} X \subset T_{x} M</formula>
    <formula uri="http://libmeta.ru/fme/formula/aux/1282_5_KOIZOTROPNOE">X</formula>
    <formula uri="http://libmeta.ru/fme/formula/aux/1282_6_KOIZOTROPNOE">x \in X</formula>
    <formula uri="http://libmeta.ru/fme/formula/aux/1282_7_KOIZOTROPNOE">n</formula>
  </formulas_aux>
  <relations/>
  <text> - подмногообразие $URI[[http://libmeta.ru/fme/formula/aux/1282_1_KOIZOTROPNOE]]/URI$ симплектического многообразия $URI[[http://libmeta.ru/fme/formula/aux/1282_2_KOIZOTROPNOE]]/URI$, на котором ограничение симплектической структуры $URI[[http://libmeta.ru/fme/formula/aux/1282_3_KOIZOTROPNOE]]/URI$ максимально вырождено в следующем смысле: касательное пространство $URI[[http://libmeta.ru/fme/formula/aux/1282_4_KOIZOTROPNOE]]/URI$ многообразия $URI[[http://libmeta.ru/fme/formula/aux/1282_5_KOIZOTROPNOE]]/URI$ в каждой точке $URI[[http://libmeta.ru/fme/formula/aux/1282_6_KOIZOTROPNOE]]/URI$ содержит свое косоортогональное дополнение. Любая гиперповерхность коизотропна. К. м. минимальной возможной размерности $URI[[http://libmeta.ru/fme/formula/aux/1282_7_KOIZOTROPNOE]]/URI$ являются лагранжевыми многообразиями. Все коизотропные ростки одной размерности симплектически эквивалентны.</text>
  <text_orig> - подмногообразие $X$ симплектического многообразия $\left(M^{2 n}, \omega\right)$, на котором ограничение симплектической структуры $\omega$ максимально вырождено в следующем смысле: касательное пространство $T_{x} X \subset T_{x} M$ многообразия $X$ в каждой точке $x \in X$ содержит свое косоортогональное дополнение. Любая гиперповерхность коизотропна. К. м. минимальной возможной размерности $n$ являются лагранжевыми многообразиями. Все коизотропные ростки одной размерности симплектически эквивалентны. М. Э. Казарян.
</text_orig>
</article>
