<?xml version="1.0" ?>
<article uri="http://libmeta.ru/fme/article/1283_KOGERENTNOSTI" alphabetic_pos="1285">
  <title>КОГЕРЕНТНОСТИ УСЛОВИЕ</title>
  <authors/>
  <pages>
    <start>275</start>
    <end>275</end>
  </pages>
  <literature>
    <literature_orig/>
  </literature>
  <formulas_main/>
  <formulas_aux/>
  <relations n="1">
    <relation uri="http://libmeta.ru/fme/relation/1283_1_KOGERENTNOSTI">
      <rel_text>Дирака уравнение</rel_text>
      <target>http://libmeta.ru/fme/article/843_DIRAKA</target>
    </relation>
  </relations>
  <text>см. URI[[http://libmeta.ru/fme/relation/1283_1_KOGERENTNOSTI]]/URI; асимптотические решения.</text>
  <text_orig>см. Дирака уравнение; асимптотические решения.</text_orig>
</article>
