<?xml version="1.0" ?>
<article uri="http://libmeta.ru/fme/article/1284_KOGERENTNYJ" alphabetic_pos="1286">
  <title>КОГЕРЕНТНЫЙ СУПЕРОТБОРНЫЙ СЕКТОР</title>
  <authors/>
  <pages>
    <start>275</start>
    <end>275</end>
  </pages>
  <literature>
    <literature_orig/>
  </literature>
  <formulas_main/>
  <formulas_aux>
    <formula uri="http://libmeta.ru/fme/formula/aux/1284_1_KOGERENTNYJ">a \imath</formula>
  </formulas_aux>
  <relations n="1">
    <relation uri="http://libmeta.ru/fme/relation/1284_1_KOGERENTNYJ">
      <rel_text>Алгебраический подход в квантовой теории поля</rel_text>
      <target>http://libmeta.ru/fme/article/55_ALGEBRAIChESKIJ</target>
    </relation>
  </relations>
  <text>cm. $URI[[http://libmeta.ru/fme/formula/aux/1284_1_KOGERENTNYJ]]/URI$ URI[[http://libmeta.ru/fme/relation/1284_1_KOGERENTNYJ]]/URI.</text>
  <text_orig>cM. $A \imath$ гебраический подход в квантовой теории поля.</text_orig>
</article>
