<?xml version="1.0" ?>
<article uri="http://libmeta.ru/fme/article/1286_KOKASATEL'NOE">
  <title>КОКАСАТЕЛЬНОЕ РАССЛОЕНИЕ</title>
  <authors/>
  <title_short/>
  <pages>
    <start>275</start>
    <end>276</end>
  </pages>
  <literature>
    <literature_orig/>
  </literature>
  <formulas_main/>
  <formulas_aux>
    <formula uri="http://libmeta.ru/fme/formula/aux/1286_1_KOKASATEL'NOE">T^{*} M \rightarrow M</formula>
    <formula uri="http://libmeta.ru/fme/formula/aux/1286_2_KOKASATEL'NOE">M-</formula>
    <formula uri="http://libmeta.ru/fme/formula/aux/1286_3_KOKASATEL'NOE">n</formula>
    <formula uri="http://libmeta.ru/fme/formula/aux/1286_4_KOKASATEL'NOE">T^{*} M</formula>
    <formula uri="http://libmeta.ru/fme/formula/aux/1286_5_KOKASATEL'NOE">M</formula>
    <formula uri="http://libmeta.ru/fme/formula/aux/1286_6_KOKASATEL'NOE">\bigcup_{x \in M} T^{*} M_{x}</formula>
    <formula uri="http://libmeta.ru/fme/formula/aux/1286_7_KOKASATEL'NOE">2 n</formula>
  </formulas_aux>
  <relations/>
  <text>естественная проекция $URI[[http://libmeta.ru/fme/formula/aux/1286_1_KOKASATEL'NOE]]/URI$, где $URI[[http://libmeta.ru/fme/formula/aux/1286_2_KOKASATEL'NOE]]/URI$ гладкое $URI[[http://libmeta.ru/fme/formula/aux/1286_3_KOKASATEL'NOE]]/URI$-мерное многообразие, а $URI[[http://libmeta.ru/fme/formula/aux/1286_4_KOKASATEL'NOE]]/URI$ - объединение пространств, двойственных касатель- ным к многообразию $URI[[http://libmeta.ru/fme/formula/aux/1286_5_KOKASATEL'NOE]]/URI$ в разных точках $URI[[http://libmeta.ru/fme/formula/aux/1286_6_KOKASATEL'NOE]]/URI$, снабженное естественной структурой гладкого $URI[[http://libmeta.ru/fme/formula/aux/1286_7_KOKASATEL'NOE]]/URI$-мерного многообразия.</text>
  <text_orig>естественная проекция $T^{*} M \rightarrow M$, где $M-$ гладкое $n$-мерное многообразие, а $T^{*} M$ - объединение пространств, двойственных касатель- ным к многообразию $M$ в разных точках $\bigcup_{x \in M} T^{*} M_{x}$, снабженное естественной структурой гладкого $2 n$-мерного многообразия.</text_orig>
</article>
