<?xml version="1.0" ?>
<article uri="http://libmeta.ru/fme/article/1289_KOLMOGOROVA">
  <title>КОЛМОГОРОВА ГИПОТЕЗА ПОДОБИЯ</title>
  <authors/>
  <title_short/>
  <pages>
    <start>277</start>
    <end>277</end>
  </pages>
  <literature>
    <literature_orig/>
  </literature>
  <formulas_main/>
  <formulas_aux/>
  <relations/>
  <text> - см. Колмогорова закон двух третей, Колмогоровская автомодельность.</text>
  <text_orig> - см. Колмогорова закон двух третей, Колмогоровская автомодельность.
</text_orig>
</article>
