<?xml version="1.0" ?>
<article uri="http://libmeta.ru/fme/article/1290_KOLMOGOROVA">
  <title>КОЛМОГОРОВА ЗАКОН ДВУХ ТРЕТЕЙ</title>
  <authors>
    <author>М. М. Любимцев</author>
  </authors>
  <title_short/>
  <pages>
    <start>277</start>
    <end>277</end>
  </pages>
  <literature>
    <literature_orig/>
  </literature>
  <formulas_main>
    <formula uri="http://libmeta.ru/fme/formula/main/1290_1_KOLMOGOROVA">D(r)=\left\langle[u(x+r, t)-u(x, t)]^{2}\right\rangle=C(\varepsilon r)^{2 / 3}</formula>
  </formulas_main>
  <formulas_aux>
    <formula uri="http://libmeta.ru/fme/formula/aux/1290_1_KOLMOGOROVA">r</formula>
    <formula uri="http://libmeta.ru/fme/formula/aux/1290_2_KOLMOGOROVA">\left(v^{3} / \varepsilon\right)^{1 / 4}</formula>
    <formula uri="http://libmeta.ru/fme/formula/aux/1290_3_KOLMOGOROVA">\varepsilon-</formula>
    <formula uri="http://libmeta.ru/fme/formula/aux/1290_4_KOLMOGOROVA">\varepsilon</formula>
    <formula uri="http://libmeta.ru/fme/formula/aux/1290_5_KOLMOGOROVA">C-</formula>
  </formulas_aux>
  <relations/>
  <text>соотношение, являющееся следствием гипотезы подобия К о л м о го р о в а, согласно которой статистическая структура развитой турбулентности в инерционном интервале масштабов $URI[[http://libmeta.ru/fme/formula/aux/1290_1_KOLMOGOROVA]]/URI$ (много меньшем масштаба течения в целом, но много большем внутреннего масштаба $URI[[http://libmeta.ru/fme/formula/aux/1290_2_KOLMOGOROVA]]/URI$, где $URI[[http://libmeta.ru/fme/formula/aux/1290_3_KOLMOGOROVA]]/URI$ средняя скорость вязкой диссипации турбулентной энергии, v - кинематический коэффициент вязкости) определяется одним параметром $URI[[http://libmeta.ru/fme/formula/aux/1290_4_KOLMOGOROVA]]/URI$. В частности,

\[
URI[[http://libmeta.ru/fme/formula/main/1290_1_KOLMOGOROVA]]/URI
\]

где $URI[[http://libmeta.ru/fme/formula/aux/1290_5_KOLMOGOROVA]]/URI$ числовая константа. Многократные эмпирич. проверки К. з. Д. т. показали хорошее согласие теории с экспериментом. Закон установлен А. Н. Колмогоровым [1].

Лum.: [1] К о л м о г о р о в А. Н., “Доклады АН СССР», 1941, т. 30, № 4, с. 299-303; т. 31, № 2, с. 99-101 (Избранные труды. Математика и механика, М., 1985, с. 281-87, Теория вероятностей и математическая статистика, М., 1986, с. 264-67).</text>
  <text_orig>соотношение, являющееся следствием гипотезы подобия К о л м о го р о в а, согласно которой статистическая структура развитой турбулентности в инерционном интервале масштабов $r$ (много меньшем масштаба течения в целом, но много большем внутреннего масштаба $\left(v^{3} / \varepsilon\right)^{1 / 4}$, где $\varepsilon-$ средняя скорость вязкой диссипации турбулентной энергии, v - кинематический коэффициент вязкости) определяется одним параметром $\varepsilon$. В частности,

\[
D(r)=\left\langle[u(x+r, t)-u(x, t)]^{2}\right\rangle=C(\varepsilon r)^{2 / 3}
\]

где $C-$ числовая константа. Многократные эмпирич. проверки К. з. Д. т. показали хорошее согласие теории с экспериментом. Закон установлен А. Н. Колмогоровым [1].

Лum.: [1] К о л м о г о р о в А. Н., “Доклады АН СССР», 1941, т. 30, № 4, с. 299-303; т. 31, № 2, с. 99-101 (Избранные труды. Математика и механика, М., 1985, с. 281-87, Теория вероятностей и математическая статистика, М., 1986, с. 264-67). М. М. Любимцев.</text_orig>
</article>
