<?xml version="1.0" ?>
<article uri="http://libmeta.ru/fme/article/1290_KOLIChESTVO" alphabetic_pos="1292">
  <title>КОЛИЧЕСТВО ТЕПЛА</title>
  <authors/>
  <pages>
    <start>276</start>
    <end>277</end>
  </pages>
  <literature>
    <literature_orig/>
  </literature>
  <formulas_main>
    <formula uri="http://libmeta.ru/fme/formula/main/1290_1_KOLIChESTVO">\delta Q=C d T</formula>
  </formulas_main>
  <formulas_aux>
    <formula uri="http://libmeta.ru/fme/formula/aux/1290_1_KOLIChESTVO">c</formula>
    <formula uri="http://libmeta.ru/fme/formula/aux/1290_2_KOLIChESTVO">d T-</formula>
    <formula uri="http://libmeta.ru/fme/formula/aux/1290_3_KOLIChESTVO">\quad \begin{array}{ll}\text { в. Солдатов. }\end{array}</formula>
  </formulas_aux>
  <relations n="10">
    <relation uri="http://libmeta.ru/fme/relation/1290_1_KOLIChESTVO">
      <rel_text>температуры</rel_text>
      <target>http://libmeta.ru/fme/article/3038_TEMPERATUR</target>
    </relation>
    <relation uri="http://libmeta.ru/fme/relation/1290_2_KOLIChESTVO">
      <rel_text>теплоотдачи</rel_text>
      <target>http://libmeta.ru/fme/article/3052_TEPLOEMKOST</target>
    </relation>
    <relation uri="http://libmeta.ru/fme/relation/1290_3_KOLIChESTVO">
      <rel_text>теплоемкость</rel_text>
      <target>http://libmeta.ru/fme/article/3052_TEPLOEMKOST</target>
    </relation>
    <relation uri="http://libmeta.ru/fme/relation/1290_4_KOLIChESTVO">
      <rel_text>Состоянию</rel_text>
      <target>http://libmeta.ru/fme/article/2867_SOSTOJaNI</target>
    </relation>
    <relation uri="http://libmeta.ru/fme/relation/1290_5_KOLIChESTVO">
      <rel_text>теплоотдачи</rel_text>
      <target>http://libmeta.ru/fme/article/3052_TEPLOEMKOST</target>
    </relation>
    <relation uri="http://libmeta.ru/fme/relation/1290_6_KOLIChESTVO">
      <rel_text>состояний</rel_text>
      <target>http://libmeta.ru/fme/article/2867_SOSTOJaNI</target>
    </relation>
    <relation uri="http://libmeta.ru/fme/relation/1290_7_KOLIChESTVO">
      <rel_text>параметров</rel_text>
      <target>http://libmeta.ru/fme/article/2166_PARAMETRIK</target>
    </relation>
    <relation uri="http://libmeta.ru/fme/relation/1290_8_KOLIChESTVO">
      <rel_text>переданной системе</rel_text>
      <target>http://libmeta.ru/fme/article/294_BYSTRO-MEDLENNYE</target>
    </relation>
    <relation uri="http://libmeta.ru/fme/relation/1290_9_KOLIChESTVO">
      <rel_text>энергии</rel_text>
      <target>http://libmeta.ru/fme/article/3530_ENERGI</target>
    </relation>
    <relation uri="http://libmeta.ru/fme/relation/1290_10_KOLIChESTVO">
      <rel_text>теплообмена</rel_text>
      <target>http://libmeta.ru/fme/article/3052_TEPLOEMKOST</target>
    </relation>
  </relations>
  <text>величина, количественно характеризующая процесс URI[[http://libmeta.ru/fme/relation/1290_10_KOLIChESTVO]]/URI. К. т. равно количеству URI[[http://libmeta.ru/fme/relation/1290_9_KOLIChESTVO]]/URI, URI[[http://libmeta.ru/fme/relation/1290_8_KOLIChESTVO]]/URI без изменения ее внешних URI[[http://libmeta.ru/fme/relation/1290_7_KOLIChESTVO]]/URI. К. т. зависит не только от начального и конечного URI[[http://libmeta.ru/fme/relation/1290_6_KOLIChESTVO]]/URI системы, но и от процесса, к-рый система испытывает при переходе между ними. К. т. отлично от нуля только при наличии процесса URI[[http://libmeta.ru/fme/relation/1290_5_KOLIChESTVO]]/URI. URI[[http://libmeta.ru/fme/relation/1290_4_KOLIChESTVO]]/URI системы не соответствует какое-либо значение К. т. Элементарное K. т.:

\[
URI[[http://libmeta.ru/fme/formula/main/1290_1_KOLIChESTVO]]/URI
\]

где $URI[[http://libmeta.ru/fme/formula/aux/1290_1_KOLIChESTVO]]/URI$ - URI[[http://libmeta.ru/fme/relation/1290_3_KOLIChESTVO]]/URI системы, соответствующая опреде- ленному процессу URI[[http://libmeta.ru/fme/relation/1290_2_KOLIChESTVO]]/URI, $URI[[http://libmeta.ru/fme/formula/aux/1290_2_KOLIChESTVO]]/URI$ бесконечно малое изменение URI[[http://libmeta.ru/fme/relation/1290_1_KOLIChESTVO]]/URI системы. $URI[[http://libmeta.ru/fme/formula/aux/1290_3_KOLIChESTVO]]/URI$</text>
  <text_orig>величина, количественно характеризующая процесс теплообмена. К. т. равно количеству энергии, переданной системе без изменения ее внешних параметров. К. т. зависит не только от начального и конечного состояний системы, но и от процесса, к-рый система испытывает при переходе между ними. К. т. отлично от нуля только при наличии процесса теплоотдачи. Состоянию системы не соответствует какое-либо значение К. т. Элементарное K. т.:

\[
\delta Q=C d T
\]

где $C$ - теплоемкость системы, соответствующая опреде- ленному процессу теплоотдачи, $d T-$ бесконечно малое изменение температуры системы. $\quad \begin{array}{ll}\text { в. Солдатов. }\end{array}$</text_orig>
</article>
