<?xml version="1.0" ?>
<article uri="http://libmeta.ru/fme/article/1291_KOLMOGOROVA">
  <title>КОЛМОГОРОВА ОБРАТНОЕ УРАВНЕНИЕ</title>
  <authors/>
  <title_short/>
  <pages>
    <start>277</start>
    <end>277</end>
  </pages>
  <literature>
    <literature_orig/>
  </literature>
  <formulas_main/>
  <formulas_aux/>
  <relations/>
  <text>см. КолМогорова теорема, Статистическая гидромеханика.</text>
  <text_orig>см. КолМогорова теорема, Статистическая гидромеханика.</text_orig>
</article>
