<?xml version="1.0" ?>
<article uri="http://libmeta.ru/fme/article/1295_KOLMOGOROVA" alphabetic_pos="1297">
  <title>КОЛМОГОРОВА ОСНОВНАЯ ТЕОРЕМА КАМ-ТЕОРИИ</title>
  <authors/>
  <pages>
    <start>277</start>
    <end>277</end>
  </pages>
  <literature>
    <literature_orig/>
  </literature>
  <formulas_main/>
  <formulas_aux/>
  <relations n="1">
    <relation uri="http://libmeta.ru/fme/relation/1295_1_KOLMOGOROVA">
      <rel_text>Кам-теория</rel_text>
      <target>http://libmeta.ru/fme/article/1088_KAM-TEORI</target>
    </relation>
  </relations>
  <text>см. URI[[http://libmeta.ru/fme/relation/1295_1_KOLMOGOROVA]]/URI.</text>
  <text_orig>см. КАМ-теория.</text_orig>
</article>
