<?xml version="1.0" ?>
<article uri="http://libmeta.ru/fme/article/1297_KOLMOGOROVA">
  <title>КОЛМОГОРОВА УРАВНЕНИЕ ДЛЯ ВТОРЫХ МОМЕНТОВ</title>
  <authors>
    <author>А. С. Монин</author>
  </authors>
  <title_short/>
  <pages>
    <start>278</start>
    <end>278</end>
  </pages>
  <literature>
    <literature_orig/>
  </literature>
  <formulas_main>
    <formula uri="http://libmeta.ru/fme/formula/main/1297_1_KOLMOGOROVA">\left\langle\left[u_{L}(x+\boldsymbol{r}, t)-u_{L}(\boldsymbol{x}, t)\right]^{n}\right\rangle</formula>
    <formula uri="http://libmeta.ru/fme/formula/main/1297_2_KOLMOGOROVA">D_{L L L}(r)-\sigma v \partial D_{L L}(r) / \partial r=-\frac{4}{5} \varepsilon r .</formula>
  </formulas_main>
  <formulas_aux>
    <formula uri="http://libmeta.ru/fme/formula/aux/1297_1_KOLMOGOROVA">\boldsymbol{r}</formula>
    <formula uri="http://libmeta.ru/fme/formula/aux/1297_2_KOLMOGOROVA">n=2</formula>
    <formula uri="http://libmeta.ru/fme/formula/aux/1297_3_KOLMOGOROVA">\varepsilon-</formula>
    <formula uri="http://libmeta.ru/fme/formula/aux/1297_4_KOLMOGOROVA">v</formula>
  </formulas_aux>
  <relations/>
  <text> - уравнение, связывающее продольные (относительно $URI[[http://libmeta.ru/fme/formula/aux/1297_1_KOLMOGOROVA]]/URI$ ) структурные функции

\[
URI[[http://libmeta.ru/fme/formula/main/1297_1_KOLMOGOROVA]]/URI
\]

поля скорости локально изотропной турбулентности при $URI[[http://libmeta.ru/fme/formula/aux/1297_2_KOLMOGOROVA]]/URI$ и 3

\[
URI[[http://libmeta.ru/fme/formula/main/1297_2_KOLMOGOROVA]]/URI
\]

Здесь $URI[[http://libmeta.ru/fme/formula/aux/1297_3_KOLMOGOROVA]]/URI$ скорость диссипации турбулентной энергии, $URI[[http://libmeta.ru/fme/formula/aux/1297_4_KOLMOGOROVA]]/URI$ вязкость (А. Н. Колмогоров, 1941, см. [1]). Без допущения изотропности это утверждение доказано А. С. Мониным [2].

Лum.: [1] Ко л м о г о р о в А. Н., «Доклады АН СССР», 1941, т. 32, № 1, с. 19-21 (Избранные труды. Математика и механика, М., 1985); [2] М о и н А. С., «Доклады АН СССР», 1959, т. 125, № 3, c. 515-18.</text>
  <text_orig> - уравнение, связывающее продольные (относительно $\boldsymbol{r}$ ) структурные функции

\[
\left\langle\left[u_{L}(x+\boldsymbol{r}, t)-u_{L}(\boldsymbol{x}, t)\right]^{n}\right\rangle
\]

поля скорости локально изотропной турбулентности при $n=2$ и 3

\[
D_{L L L}(r)-\sigma v \partial D_{L L}(r) / \partial r=-\frac{4}{5} \varepsilon r .
\]

Здесь $\varepsilon-$ скорость диссипации турбулентной энергии, $v$ вязкость (А. Н. Колмогоров, 1941, см. [1]). Без допущения изотропности это утверждение доказано А. С. Мониным [2].

Лum.: [1] Ко л м о г о р о в А. Н., «Доклады АН СССР», 1941, т. 32, № 1, с. 19-21 (Избранные труды. Математика и механика, М., 1985); [2] М о и н А. С., «Доклады АН СССР», 1959, т. 125, № 3, c. 515-18.
А. С. Монин.</text_orig>
</article>
