<?xml version="1.0" ?>
<article uri="http://libmeta.ru/fme/article/129_AFFINNAJa">
  <title>АФФИННАЯ СВЯЗНОСТЬ</title>
  <authors/>
  <title_short/>
  <pages>
    <start>37</start>
    <end>37</end>
  </pages>
  <literature>
    <literature_orig/>
  </literature>
  <formulas_main/>
  <formulas_aux/>
  <relations/>
  <text>см. Связность.

![](https://cdn.mathpix.com/cropped/2023_07_08_9bd4afc497db0b41ea3bg-1.jpg?height=228&amp;width=142&amp;top_left_y=981&amp;top_left_x=851)</text>
  <text_orig>см. Связность.

![](https://cdn.mathpix.com/cropped/2023_07_08_9bd4afc497db0b41ea3bg-1.jpg?height=228&amp;width=142&amp;top_left_y=981&amp;top_left_x=851)</text_orig>
</article>
