<?xml version="1.0" ?>
<article uri="http://libmeta.ru/fme/article/1300_KOLMOGOROVA" alphabetic_pos="1302">
  <title>КОЛМОГОРОВА УРАВНЕНИЯ</title>
  <authors/>
  <title_short/>
  <pages>
    <start>278</start>
    <end>278</end>
  </pages>
  <literature>
    <literature_orig/>
  </literature>
  <formulas_main/>
  <formulas_aux/>
  <relations>
    <relation uri="http://libmeta.ru/fme/relation/1300_1_KOLMOGOROVA">
      <rel_text>Маркова цепь</rel_text>
      <target>http://libmeta.ru/fme/article/1712_MARKOVA</target>
    </relation>
  </relations>
  <text>см. URI[[http://libmeta.ru/fme/relation/1300_1_KOLMOGOROVA]]/URI с непрерывным временем.</text>
  <text_orig>см. Маркова цепь с непрерывным временем.</text_orig>
</article>
