<?xml version="1.0" ?>
<article uri="http://libmeta.ru/fme/article/1301_KOLMOGOROVA-OBUHOVA" alphabetic_pos="1303">
  <title>КОЛМОГОРОВА-ОБУХОВА ЗАКОН ПЯТИ ТРЕТЕЙ</title>
  <authors>
    <author>A. С. Монин</author>
  </authors>
  <title_short/>
  <pages>
    <start>278</start>
    <end>278</end>
  </pages>
  <literature>
    <literature_orig/>
  </literature>
  <formulas_main>
    <formula uri="http://libmeta.ru/fme/formula/main/1301_1_KOLMOGOROVA-OBUHOVA">E(k) \sim \varepsilon^{2 / 3} k^{-5 / 3} ; E_{\theta}(k) \sim \varepsilon_{\theta} \varepsilon^{-1 / 3} k^{-5 / 3},</formula>
  </formulas_main>
  <formulas_aux>
    <formula uri="http://libmeta.ru/fme/formula/aux/1301_1_KOLMOGOROVA-OBUHOVA">e</formula>
    <formula uri="http://libmeta.ru/fme/formula/aux/1301_2_KOLMOGOROVA-OBUHOVA">e_{\theta}</formula>
    <formula uri="http://libmeta.ru/fme/formula/aux/1301_3_KOLMOGOROVA-OBUHOVA">\varepsilon</formula>
    <formula uri="http://libmeta.ru/fme/formula/aux/1301_4_KOLMOGOROVA-OBUHOVA">\varepsilon_{\theta}-</formula>
    <formula uri="http://libmeta.ru/fme/formula/aux/1301_5_KOLMOGOROVA-OBUHOVA">\quad</formula>
  </formulas_aux>
  <relations>
    <relation uri="http://libmeta.ru/fme/relation/1301_1_KOLMOGOROVA-OBUHOVA">
      <rel_text>энергии</rel_text>
      <target>http://libmeta.ru/fme/article/3530_ENERGI</target>
    </relation>
    <relation uri="http://libmeta.ru/fme/relation/1301_2_KOLMOGOROVA-OBUHOVA">
      <rel_text>скорости</rel_text>
      <target>http://libmeta.ru/fme/article/2800_SKOROST</target>
    </relation>
    <relation uri="http://libmeta.ru/fme/relation/1301_3_KOLMOGOROVA-OBUHOVA">
      <rel_text>турбулентности</rel_text>
      <target>http://libmeta.ru/fme/article/3139_TURBULENTNOST</target>
    </relation>
    <relation uri="http://libmeta.ru/fme/relation/1301_4_KOLMOGOROVA-OBUHOVA">
      <rel_text>локально изотропной</rel_text>
      <target>http://libmeta.ru/fme/article/1645_LOKAL'NO</target>
    </relation>
    <relation uri="http://libmeta.ru/fme/relation/1301_5_KOLMOGOROVA-OBUHOVA">
      <rel_text>энергии</rel_text>
      <target>http://libmeta.ru/fme/article/3530_ENERGI</target>
    </relation>
    <relation uri="http://libmeta.ru/fme/relation/1301_6_KOLMOGOROVA-OBUHOVA">
      <rel_text>плотностей</rel_text>
      <target>http://libmeta.ru/fme/article/2253_PLOTNOST</target>
    </relation>
  </relations>
  <text>зависимости от волнового числа спектральных URI[[http://libmeta.ru/fme/relation/1301_6_KOLMOGOROVA-OBUHOVA]]/URI кинетической URI[[http://libmeta.ru/fme/relation/1301_5_KOLMOGOROVA-OBUHOVA]]/URI $URI[[http://libmeta.ru/fme/formula/aux/1301_1_KOLMOGOROVA-OBUHOVA]]/URI$ и концентрации пассивной примеси $URI[[http://libmeta.ru/fme/formula/aux/1301_2_KOLMOGOROVA-OBUHOVA]]/URI$ в так называемом инерционно-конвективном интервале спектра мелкомасштабных компонент трехмерной URI[[http://libmeta.ru/fme/relation/1301_4_KOLMOGOROVA-OBUHOVA]]/URI URI[[http://libmeta.ru/fme/relation/1301_3_KOLMOGOROVA-OBUHOVA]]/URI, выражаемые формулами

\[
URI[[http://libmeta.ru/fme/formula/main/1301_1_KOLMOGOROVA-OBUHOVA]]/URI
\]

где $URI[[http://libmeta.ru/fme/formula/aux/1301_3_KOLMOGOROVA-OBUHOVA]]/URI$ и $URI[[http://libmeta.ru/fme/formula/aux/1301_4_KOLMOGOROVA-OBUHOVA]]/URI$ URI[[http://libmeta.ru/fme/relation/1301_2_KOLMOGOROVA-OBUHOVA]]/URI спектрального переноса кинетической URI[[http://libmeta.ru/fme/relation/1301_1_KOLMOGOROVA-OBUHOVA]]/URI и квадратичной меры неоднородностей поля концентрации. $URI[[http://libmeta.ru/fme/formula/aux/1301_5_KOLMOGOROVA-OBUHOVA]]/URI$</text>
  <text_orig>зависимости от волнового числа спектральных плотностей кинетической энергии $E$ и концентрации пассивной примеси $E_{\theta}$ в так называемом инерционно-конвективном интервале спектра мелкомасштабных компонент трехмерной локально изотропной турбулентности, выражаемые формулами

\[
E(k) \sim \varepsilon^{2 / 3} k^{-5 / 3} ; E_{\theta}(k) \sim \varepsilon_{\theta} \varepsilon^{-1 / 3} k^{-5 / 3},
\]

где $\varepsilon$ и $\varepsilon_{\theta}-$ скорости спектрального переноса кинетической энергии и квадратичной меры неоднородностей поля концентрации. $\quad$ A. С. Монин.</text_orig>
</article>
