<?xml version="1.0" ?>
<article uri="http://libmeta.ru/fme/article/1301_KOLMOGOROVSKAJa">
  <title>КОЛМОГОРОВСКАЯ АВТОМОДЕЛЬНОСТЬ ТУРБУЛЕНТНОСТИ</title>
  <authors>
    <author>А. С. Монин</author>
  </authors>
  <title_short/>
  <pages>
    <start>278</start>
    <end>280</end>
  </pages>
  <literature>
    <literature_orig/>
  </literature>
  <formulas_main>
    <formula uri="http://libmeta.ru/fme/formula/main/1301_1_KOLMOGOROVSKAJa">\operatorname{Re}=v^{-1} L \delta U&amp;amp;gt;\operatorname{Re}_{\text {кр }} \sim 3000</formula>
    <formula uri="http://libmeta.ru/fme/formula/main/1301_2_KOLMOGOROVSKAJa">\begin{gathered}
\boldsymbol{v}\left(M_{k}\right)=\boldsymbol{u}\left(M_{k}\right)-\boldsymbol{u}\left(M_{0}\right), k=1,2, \ldots, N ; \\
M_{k}=\left(\boldsymbol{r}_{k}, \tau_{k}\right) ; \tau_{k}=t_{k}-t_{0} ; \boldsymbol{r}_{k}=\boldsymbol{x}_{k}-\boldsymbol{x}_{0}-\boldsymbol{u}_{0} \tau_{k},
\end{gathered}</formula>
    <formula uri="http://libmeta.ru/fme/formula/main/1301_3_KOLMOGOROVSKAJa">\left\langle(\delta u)^{2}\right\rangle=(\varepsilon r)^{2 / 3} \varphi(r / \lambda) .</formula>
    <formula uri="http://libmeta.ru/fme/formula/main/1301_4_KOLMOGOROVSKAJa">\left\langle(\delta u)^{2}\right\rangle=C(\varepsilon r)^{2 / 3}</formula>
    <formula uri="http://libmeta.ru/fme/formula/main/1301_5_KOLMOGOROVSKAJa">\langle\varepsilon\rangle=K(\delta U / L)^{2}</formula>
    <formula uri="http://libmeta.ru/fme/formula/main/1301_6_KOLMOGOROVSKAJa">K \sim \varepsilon^{1 / 3} L^{4 / 3}</formula>
    <formula uri="http://libmeta.ru/fme/formula/main/1301_7_KOLMOGOROVSKAJa">N=n L^{3} \sim\left(\operatorname{Re} / \operatorname{Re}_{\mathrm{Kp}}\right)^{9 / 4}</formula>
    <formula uri="http://libmeta.ru/fme/formula/main/1301_8_KOLMOGOROVSKAJa">E(k)=\varepsilon^{2 / 3} k^{-5 / 3} \varphi_{1}(\lambda k),</formula>
    <formula uri="http://libmeta.ru/fme/formula/main/1301_9_KOLMOGOROVSKAJa">E(k)=C_{1} \varepsilon^{2 / 3} k^{-5 / 3}</formula>
    <formula uri="http://libmeta.ru/fme/formula/main/1301_10_KOLMOGOROVSKAJa">C_{1}=(55 / 27) \Gamma^{-1}(1 / 3) C .</formula>
    <formula uri="http://libmeta.ru/fme/formula/main/1301_11_KOLMOGOROVSKAJa">C_{1}\left(L_{*} k\right) \sim\left(L_{*} k\right)^{-8 / 15} \text { и } C_{1 T}\left(L_{*} k\right) \sim\left(L_{*} k\right)^{4 / 15},</formula>
    <formula uri="http://libmeta.ru/fme/formula/main/1301_12_KOLMOGOROVSKAJa">\begin{aligned}
&amp;amp;amp; E(k) \sim \varepsilon_{T}^{2 / 5}(\alpha g)^{4 / 5} k^{-11 / 5} \\
&amp;amp;amp; E_{T}(k) \sim \varepsilon_{T}^{4 / 5}(\alpha g)^{-2 / 5} k^{-7 / 5}
\end{aligned}</formula>
    <formula uri="http://libmeta.ru/fme/formula/main/1301_13_KOLMOGOROVSKAJa">E(k) \sim\left\langle\varepsilon_{r}^{2 / 3}\right\rangle k^{-5 / 3}</formula>
  </formulas_main>
  <formulas_aux>
    <formula uri="http://libmeta.ru/fme/formula/aux/1301_1_KOLMOGOROVSKAJa">v-</formula>
    <formula uri="http://libmeta.ru/fme/formula/aux/1301_2_KOLMOGOROVSKAJa">L</formula>
    <formula uri="http://libmeta.ru/fme/formula/aux/1301_3_KOLMOGOROVSKAJa">\delta U-</formula>
    <formula uri="http://libmeta.ru/fme/formula/aux/1301_4_KOLMOGOROVSKAJa">L, \delta U</formula>
    <formula uri="http://libmeta.ru/fme/formula/aux/1301_5_KOLMOGOROVSKAJa">\operatorname{Re})</formula>
    <formula uri="http://libmeta.ru/fme/formula/aux/1301_6_KOLMOGOROVSKAJa">\boldsymbol{u}(M)</formula>
    <formula uri="http://libmeta.ru/fme/formula/aux/1301_7_KOLMOGOROVSKAJa">\boldsymbol{u}_{0}=\boldsymbol{u}\left(M_{0}\right)</formula>
    <formula uri="http://libmeta.ru/fme/formula/aux/1301_8_KOLMOGOROVSKAJa">\left|x_{k}-x_{0}\right|(\ll L)</formula>
    <formula uri="http://libmeta.ru/fme/formula/aux/1301_9_KOLMOGOROVSKAJa">\left|t_{k}-t_{0}\right|</formula>
    <formula uri="http://libmeta.ru/fme/formula/aux/1301_10_KOLMOGOROVSKAJa">(\boldsymbol{x}, t)</formula>
    <formula uri="http://libmeta.ru/fme/formula/aux/1301_11_KOLMOGOROVSKAJa">\boldsymbol{r}</formula>
    <formula uri="http://libmeta.ru/fme/formula/aux/1301_12_KOLMOGOROVSKAJa">\varepsilon</formula>
    <formula uri="http://libmeta.ru/fme/formula/aux/1301_13_KOLMOGOROVSKAJa">v</formula>
    <formula uri="http://libmeta.ru/fme/formula/aux/1301_14_KOLMOGOROVSKAJa">\varepsilon</formula>
    <formula uri="http://libmeta.ru/fme/formula/aux/1301_15_KOLMOGOROVSKAJa">\operatorname{Re}-</formula>
    <formula uri="http://libmeta.ru/fme/formula/aux/1301_16_KOLMOGOROVSKAJa">\lambda=\left(v^{3} / \varepsilon\right)^{1 / 4}</formula>
    <formula uri="http://libmeta.ru/fme/formula/aux/1301_17_KOLMOGOROVSKAJa">\delta u</formula>
    <formula uri="http://libmeta.ru/fme/formula/aux/1301_18_KOLMOGOROVSKAJa">u</formula>
    <formula uri="http://libmeta.ru/fme/formula/aux/1301_19_KOLMOGOROVSKAJa">\boldsymbol{x}</formula>
    <formula uri="http://libmeta.ru/fme/formula/aux/1301_20_KOLMOGOROVSKAJa">\boldsymbol{x}+\boldsymbol{r}(</formula>
    <formula uri="http://libmeta.ru/fme/formula/aux/1301_21_KOLMOGOROVSKAJa">\boldsymbol{L} \ll \boldsymbol{L})</formula>
    <formula uri="http://libmeta.ru/fme/formula/aux/1301_22_KOLMOGOROVSKAJa">\varphi(\xi)</formula>
    <formula uri="http://libmeta.ru/fme/formula/aux/1301_23_KOLMOGOROVSKAJa">\xi \rightarrow \infty</formula>
    <formula uri="http://libmeta.ru/fme/formula/aux/1301_24_KOLMOGOROVSKAJa">\operatorname{Re}</formula>
    <formula uri="http://libmeta.ru/fme/formula/aux/1301_25_KOLMOGOROVSKAJa">L \gg r \gg \lambda</formula>
    <formula uri="http://libmeta.ru/fme/formula/aux/1301_26_KOLMOGOROVSKAJa">C-</formula>
    <formula uri="http://libmeta.ru/fme/formula/aux/1301_27_KOLMOGOROVSKAJa">\langle\varepsilon\rangle</formula>
    <formula uri="http://libmeta.ru/fme/formula/aux/1301_28_KOLMOGOROVSKAJa">\lambda</formula>
    <formula uri="http://libmeta.ru/fme/formula/aux/1301_29_KOLMOGOROVSKAJa">\langle\varepsilon\rangle</formula>
    <formula uri="http://libmeta.ru/fme/formula/aux/1301_30_KOLMOGOROVSKAJa">K \sim L \delta U-</formula>
    <formula uri="http://libmeta.ru/fme/formula/aux/1301_31_KOLMOGOROVSKAJa">K / v \sim \operatorname{Re} / \operatorname{Re}_{\text {кр }}</formula>
    <formula uri="http://libmeta.ru/fme/formula/aux/1301_32_KOLMOGOROVSKAJa">K</formula>
    <formula uri="http://libmeta.ru/fme/formula/aux/1301_33_KOLMOGOROVSKAJa">v</formula>
    <formula uri="http://libmeta.ru/fme/formula/aux/1301_34_KOLMOGOROVSKAJa">\left.\operatorname{Re}=\operatorname{Re}_{\text {кр }}\right) \quad</formula>
    <formula uri="http://libmeta.ru/fme/formula/aux/1301_35_KOLMOGOROVSKAJa">\lambda / L \sim\left(\operatorname{Re} / \operatorname{Re}_{\mathrm{kp}}\right)^{-3 / 4}</formula>
    <formula uri="http://libmeta.ru/fme/formula/aux/1301_36_KOLMOGOROVSKAJa">n \sim \lambda^{-3}</formula>
    <formula uri="http://libmeta.ru/fme/formula/aux/1301_37_KOLMOGOROVSKAJa">L^{3}</formula>
    <formula uri="http://libmeta.ru/fme/formula/aux/1301_38_KOLMOGOROVSKAJa">E(k)</formula>
    <formula uri="http://libmeta.ru/fme/formula/aux/1301_39_KOLMOGOROVSKAJa">k-</formula>
    <formula uri="http://libmeta.ru/fme/formula/aux/1301_40_KOLMOGOROVSKAJa">\varphi_{1}(x)</formula>
    <formula uri="http://libmeta.ru/fme/formula/aux/1301_41_KOLMOGOROVSKAJa">x \rightarrow \infty)</formula>
    <formula uri="http://libmeta.ru/fme/formula/aux/1301_42_KOLMOGOROVSKAJa">L^{-1} \ll k \ll \lambda^{-1}</formula>
    <formula uri="http://libmeta.ru/fme/formula/aux/1301_43_KOLMOGOROVSKAJa">v</formula>
    <formula uri="http://libmeta.ru/fme/formula/aux/1301_44_KOLMOGOROVSKAJa">C_{1}</formula>
    <formula uri="http://libmeta.ru/fme/formula/aux/1301_45_KOLMOGOROVSKAJa">L=\infty, \lambda=0</formula>
    <formula uri="http://libmeta.ru/fme/formula/aux/1301_46_KOLMOGOROVSKAJa">C \approx 1,9</formula>
    <formula uri="http://libmeta.ru/fme/formula/aux/1301_47_KOLMOGOROVSKAJa">C_{1} \approx 1,4</formula>
    <formula uri="http://libmeta.ru/fme/formula/aux/1301_48_KOLMOGOROVSKAJa">\varepsilon</formula>
    <formula uri="http://libmeta.ru/fme/formula/aux/1301_49_KOLMOGOROVSKAJa">L_{*} k</formula>
    <formula uri="http://libmeta.ru/fme/formula/aux/1301_50_KOLMOGOROVSKAJa">L_{*} k</formula>
    <formula uri="http://libmeta.ru/fme/formula/aux/1301_51_KOLMOGOROVSKAJa">\theta</formula>
    <formula uri="http://libmeta.ru/fme/formula/aux/1301_52_KOLMOGOROVSKAJa">\varepsilon_{T}^{4 / 5}</formula>
    <formula uri="http://libmeta.ru/fme/formula/aux/1301_53_KOLMOGOROVSKAJa">\varepsilon_{\theta} \varepsilon_{T}^{-1 / 5}</formula>
    <formula uri="http://libmeta.ru/fme/formula/aux/1301_54_KOLMOGOROVSKAJa">L_{*} k \sim 1</formula>
    <formula uri="http://libmeta.ru/fme/formula/aux/1301_55_KOLMOGOROVSKAJa">1944)</formula>
    <formula uri="http://libmeta.ru/fme/formula/aux/1301_56_KOLMOGOROVSKAJa">\varepsilon(x, t)</formula>
    <formula uri="http://libmeta.ru/fme/formula/aux/1301_57_KOLMOGOROVSKAJa">\varepsilon</formula>
    <formula uri="http://libmeta.ru/fme/formula/aux/1301_58_KOLMOGOROVSKAJa">v\left(M_{k}\right)</formula>
    <formula uri="http://libmeta.ru/fme/formula/aux/1301_59_KOLMOGOROVSKAJa">\varepsilon_{r}</formula>
    <formula uri="http://libmeta.ru/fme/formula/aux/1301_60_KOLMOGOROVSKAJa">r</formula>
    <formula uri="http://libmeta.ru/fme/formula/aux/1301_61_KOLMOGOROVSKAJa">M_{k}</formula>
    <formula uri="http://libmeta.ru/fme/formula/aux/1301_62_KOLMOGOROVSKAJa">\varepsilon_{r}</formula>
    <formula uri="http://libmeta.ru/fme/formula/aux/1301_63_KOLMOGOROVSKAJa">\left(r \varepsilon_{r}\right)^{-1 / 3} v\left(M_{k}\right)</formula>
    <formula uri="http://libmeta.ru/fme/formula/aux/1301_64_KOLMOGOROVSKAJa">\operatorname{Re}_{r}=v^{-1} \varepsilon_{r}^{1 / 3} r^{4 / 3}</formula>
    <formula uri="http://libmeta.ru/fme/formula/aux/1301_65_KOLMOGOROVSKAJa">\operatorname{Re}_{r}</formula>
    <formula uri="http://libmeta.ru/fme/formula/aux/1301_66_KOLMOGOROVSKAJa">\varepsilon_{r}</formula>
    <formula uri="http://libmeta.ru/fme/formula/aux/1301_67_KOLMOGOROVSKAJa">\mu \ln (L / r)</formula>
    <formula uri="http://libmeta.ru/fme/formula/aux/1301_68_KOLMOGOROVSKAJa">(L k)^{-\mu / 9}</formula>
    <formula uri="http://libmeta.ru/fme/formula/aux/1301_69_KOLMOGOROVSKAJa">\mu \approx 0,4</formula>
  </formulas_aux>
  <relations/>
  <text> - независимость статистических характеристик мелкомасштабных компонент развитой (то есть имеющей достаточно большое число Рейнольдса

\[
URI[[http://libmeta.ru/fme/formula/main/1301_1_KOLMOGOROVSKAJa]]/URI
\]

где $URI[[http://libmeta.ru/fme/formula/aux/1301_1_KOLMOGOROVSKAJa]]/URI$ кинематическая вязкость, а $URI[[http://libmeta.ru/fme/formula/aux/1301_2_KOLMOGOROVSKAJa]]/URI$ и $URI[[http://libmeta.ru/fme/formula/aux/1301_3_KOLMOGOROVSKAJa]]/URI$ масштабы длины и перепадов скорости течения в целом) локально изотропной трехмерной турбулентности от особенностей крупномасштабного течения (в том числе от $URI[[http://libmeta.ru/fme/formula/aux/1301_4_KOLMOGOROVSKAJa]]/URI$ и $URI[[http://libmeta.ru/fme/formula/aux/1301_5_KOLMOGOROVSKAJa]]/URI$.

Развитая турбулентность, вообще говоря, должна быть (см. [1]) локально стационарной, локально однородной и локально изотропной, то есть все конечномерные распределения вероятности для разностей

\[
URI[[http://libmeta.ru/fme/formula/main/1301_2_KOLMOGOROVSKAJa]]/URI
\]

значений поля скорости $URI[[http://libmeta.ru/fme/formula/aux/1301_6_KOLMOGOROVSKAJa]]/URI$, при фиксированных $URI[[http://libmeta.ru/fme/formula/aux/1301_7_KOLMOGOROVSKAJa]]/URI$ и не слишком больших $URI[[http://libmeta.ru/fme/formula/aux/1301_8_KOLMOGOROVSKAJa]]/URI$ и $URI[[http://libmeta.ru/fme/formula/aux/1301_9_KOLMOGOROVSKAJa]]/URI$

![](https://cdn.mathpix.com/cropped/2023_07_08_101f64d7b809f2d078deg-1.jpg?height=37&amp;amp;amp;width=813&amp;amp;amp;top_left_y=1677&amp;amp;amp;top_left_x=78)
ми относительно любых сдвигов в пространстве-времени $URI[[http://libmeta.ru/fme/formula/aux/1301_10_KOLMOGOROVSKAJa]]/URI$ и любых вращений и отражений в пространстве $URI[[http://libmeta.ru/fme/formula/aux/1301_11_KOLMOGOROVSKAJa]]/URI$. Однако в нек-рых специальных, но важных случаях локальная изотропность не имеет места и эти утверждения усложняются. Так, напр., в стратифицированных жидкостях, типичных для геофизич. течений, вертикальное направление оказывается выделенным во всех сколь угодно малых масштабах, так что изотропность заменяется осесимметричностью относительно вертикали, то есть инвариантностью относительно вращений лишь вокруг вертикальной оси и отражений лишь от плоскостей, содержащих эту ось, а в случае гидромагнитной турбулентности изотропность заменяется псевдоизотропностью, то есть инвариантностью относительно вращений, но не относительно отражений.

Основой для статистич. описания мелкомасштабных компонент развитой трехмерной локально изотропной тур- булентности стали гипотезы подобия А. Н. Колмогорова, согласно к-рым, во-первых, при фиксированном значении $URI[[http://libmeta.ru/fme/formula/aux/1301_12_KOLMOGOROVSKAJa]]/URI$ скорости переноса удельной кинетич. энергии по спектру масштабов от больших масштабов к малым (равной удельной скорости вязкой диссипации кинетич. энергии) вышеуказанные конечномерные распределения вероятности полностью определяются двумя размерными параметрами $URI[[http://libmeta.ru/fme/formula/aux/1301_13_KOLMOGOROVSKAJa]]/URI$ и $URI[[http://libmeta.ru/fme/formula/aux/1301_14_KOLMOGOROVSKAJa]]/URI$ (и не зависят от характеристик крупномасштабного течения, в частности, от $URI[[http://libmeta.ru/fme/formula/aux/1301_15_KOLMOGOROVSKAJa]]/URI$ а в томоде ль ность по Re). При этом возникает колмогоровский внутренний масштаб длины $URI[[http://libmeta.ru/fme/formula/aux/1301_16_KOLMOGOROVSKAJa]]/URI$, и, напр., пространственная структурная функция, то есть средний квадрат разности скоростей $URI[[http://libmeta.ru/fme/formula/aux/1301_17_KOLMOGOROVSKAJa]]/URI$ ( $URI[[http://libmeta.ru/fme/formula/aux/1301_18_KOLMOGOROVSKAJa]]/URI$ - любая из декартовых компонент скорости) в точках $URI[[http://libmeta.ru/fme/formula/aux/1301_19_KOLMOGOROVSKAJa]]/URI$ и $URI[[http://libmeta.ru/fme/formula/aux/1301_20_KOLMOGOROVSKAJa]]/URI$ где $URI[[http://libmeta.ru/fme/formula/aux/1301_21_KOLMOGOROVSKAJa]]/URI$ оказывается равной

\[
URI[[http://libmeta.ru/fme/formula/main/1301_3_KOLMOGOROVSKAJa]]/URI
\]

Здесь $URI[[http://libmeta.ru/fme/formula/aux/1301_22_KOLMOGOROVSKAJa]]/URI$ - нек-рая универсальная функция (быстро затухающая при $URI[[http://libmeta.ru/fme/formula/aux/1301_23_KOLMOGOROVSKAJa]]/URI$ ).

Во-вторых, при очень больших $URI[[http://libmeta.ru/fme/formula/aux/1301_24_KOLMOGOROVSKAJa]]/URI$ появляется так наз. инерционный интервал масштабов $URI[[http://libmeta.ru/fme/formula/aux/1301_25_KOLMOGOROVSKAJa]]/URI$, в к-ром силы вязкости очень малы по сравнению с силами инерции, так что структурные функции (и другие статистич. характеристики компонент турбулентности с масштабами из инерционных интервалов длин и времен) перестают

![](https://cdn.mathpix.com/cropped/2023_07_08_101f64d7b809f2d078deg-1.jpg?height=37&amp;amp;amp;width=804&amp;amp;amp;top_left_y=783&amp;amp;amp;top_left_x=944)
напр., в этом интервале

\[
URI[[http://libmeta.ru/fme/formula/main/1301_4_KOLMOGOROVSKAJa]]/URI
\]

где $URI[[http://libmeta.ru/fme/formula/aux/1301_26_KOLMOGOROVSKAJa]]/URI$ универсальная числовая постоянная. Этот за кон д вух третей Колмогорова оказался важным законом природы с весьма широкими применениями. К. а. означает, что статистич. режим мелкомасштабных компонент турбулентности может зависеть от особенностей осредненного течения только через среднюю величину $URI[[http://libmeta.ru/fme/formula/aux/1301_27_KOLMOGOROVSKAJa]]/URI$ спектрального потока удельной кинетич. энергии, передаваемой от осредненного течения по спектру масштабов и в минимальных масштабах порядка $URI[[http://libmeta.ru/fme/formula/aux/1301_28_KOLMOGOROVSKAJa]]/URI$ диссипируемой в теплоту. При этом $URI[[http://libmeta.ru/fme/formula/aux/1301_29_KOLMOGOROVSKAJa]]/URI$ определяется характеристиками осредненного течения следующим образом:

\[
URI[[http://libmeta.ru/fme/formula/main/1301_5_KOLMOGOROVSKAJa]]/URI
\]

где $URI[[http://libmeta.ru/fme/formula/aux/1301_30_KOLMOGOROVSKAJa]]/URI$ эффективный коэффициент турбулентной вязкости. Отсюда получается закон четы ре х третей Рич а р д с о н а (1926)

\[
URI[[http://libmeta.ru/fme/formula/main/1301_6_KOLMOGOROVSKAJa]]/URI
\]

а также соотношения $URI[[http://libmeta.ru/fme/formula/aux/1301_31_KOLMOGOROVSKAJa]]/URI$ (где учтено, что значения $URI[[http://libmeta.ru/fme/formula/aux/1301_32_KOLMOGOROVSKAJa]]/URI$ и $URI[[http://libmeta.ru/fme/formula/aux/1301_33_KOLMOGOROVSKAJa]]/URI$ должны сравниваться при $URI[[http://libmeta.ru/fme/formula/aux/1301_34_KOLMOGOROVSKAJa]]/URI$ и $URI[[http://libmeta.ru/fme/formula/aux/1301_35_KOLMOGOROVSKAJa]]/URI$. Используя число степеней свободы на единицу объема жидкости $URI[[http://libmeta.ru/fme/formula/aux/1301_36_KOLMOGOROVSKAJa]]/URI$, для полного числа степеней свободы турбулентности в объеме $URI[[http://libmeta.ru/fme/formula/aux/1301_37_KOLMOGOROVSKAJa]]/URI$ получается

\[
URI[[http://libmeta.ru/fme/formula/main/1301_7_KOLMOGOROVSKAJa]]/URI
\]

(Л. Д. Ландау, Е. М. Лифшиц, 1953). Для спектральной плотности кинетич. энергии в единицы массы $URI[[http://libmeta.ru/fme/formula/aux/1301_38_KOLMOGOROVSKAJa]]/URI$, где $URI[[http://libmeta.ru/fme/formula/aux/1301_39_KOLMOGOROVSKAJa]]/URI$ волновое число, пе рвая гипотеза подобия Колм о г о р о в а записывается в виде

\[
URI[[http://libmeta.ru/fme/formula/main/1301_8_KOLMOGOROVSKAJa]]/URI
\]

где $URI[[http://libmeta.ru/fme/formula/aux/1301_40_KOLMOGOROVSKAJa]]/URI$ - новая универсальная функция (быстро затухающая при $URI[[http://libmeta.ru/fme/formula/aux/1301_41_KOLMOGOROVSKAJa]]/URI$. По в торой гипотезе подобия Колмогорова в инерционном интервале спектра $URI[[http://libmeta.ru/fme/formula/aux/1301_42_KOLMOGOROVSKAJa]]/URI$ спектральная плотность энергии перестает зависеть от $URI[[http://libmeta.ru/fme/formula/aux/1301_43_KOLMOGOROVSKAJa]]/URI$, и получается

\[
URI[[http://libmeta.ru/fme/formula/main/1301_9_KOLMOGOROVSKAJa]]/URI
\]

где $URI[[http://libmeta.ru/fme/formula/aux/1301_44_KOLMOGOROVSKAJa]]/URI$ - новая универсальная числовая постоянная. Связав в идеализированном случае $URI[[http://libmeta.ru/fme/formula/aux/1301_45_KOLMOGOROVSKAJa]]/URI$, структурные и спектральные функции преобразованием Фурье, получаем

\[
URI[[http://libmeta.ru/fme/formula/main/1301_10_KOLMOGOROVSKAJa]]/URI
\]

По эмпирич. данным, $URI[[http://libmeta.ru/fme/formula/aux/1301_46_KOLMOGOROVSKAJa]]/URI$ и $URI[[http://libmeta.ru/fme/formula/aux/1301_47_KOLMOGOROVSKAJa]]/URI$. Это - закон пяти третей Колмогорова-Обухова (А. М. Обу- неболышая ее доля доходит до малых масштабов и диссипируется в теплоту. При этом скорость вязкой диссипации энергии $URI[[http://libmeta.ru/fme/formula/aux/1301_48_KOLMOGOROVSKAJa]]/URI$ оказывается очень малой и, по гипотезе Болджиано, перестает быть определяющим параметром, а потому асимптотически при убывании $URI[[http://libmeta.ru/fme/formula/aux/1301_49_KOLMOGOROVSKAJa]]/URI$ должна выпадать из формул теории подобия. Для этого в инерционно-конвективном интервале спектра при малых $URI[[http://libmeta.ru/fme/formula/aux/1301_50_KOLMOGOROVSKAJa]]/URI$ должно быть

\[
URI[[http://libmeta.ru/fme/formula/main/1301_11_KOLMOGOROVSKAJa]]/URI
\]

откуда получаются асимптотики для спектров

\[
URI[[http://libmeta.ru/fme/formula/main/1301_12_KOLMOGOROVSKAJa]]/URI
\]

(для пассивной примеси $URI[[http://libmeta.ru/fme/formula/aux/1301_51_KOLMOGOROVSKAJa]]/URI$ во второй из этих формул $URI[[http://libmeta.ru/fme/formula/aux/1301_52_KOLMOGOROVSKAJa]]/URI$ заменяется на $URI[[http://libmeta.ru/fme/formula/aux/1301_53_KOLMOGOROVSKAJa]]/URI$ ). Более полный расчет спектров турбулентности в инерционно-конвективном интервале и интервале плавучести при помощи динамич. уравнений с использованием нек-рых полуэмпирич. формул выполнен А. С. Мониным [4]; в частности, оказалось, что при неустойчивой стратификации спектры имеют максимум в области $URI[[http://libmeta.ru/fme/formula/aux/1301_54_KOLMOGOROVSKAJa]]/URI$.

K. a. турбулентности по Re статистич. характеристик мелкомасштабных компонент развитой турбулентности, строго говоря, является неполной (Л. Д. Ландау, Е. М. Лифшиц, $URI[[http://libmeta.ru/fme/formula/aux/1301_55_KOLMOGOROVSKAJa]]/URI$; флуктуации случайного поля $URI[[http://libmeta.ru/fme/formula/aux/1301_56_KOLMOGOROVSKAJa]]/URI$ скорости диссипации турбулентности энергии могут зависеть сами от свойств крупномасштабного движения, в том числе от Re, и создавать соответствующую зависимость и всего статистич. режима мелкомасштабных компонент турбулентности. Гипотезы подобия Колмогорова, строго говоря, относятся к условным распределениям вероятности для статистич. характеристик мелкомасштабных компонент при фиксированном $URI[[http://libmeta.ru/fme/formula/aux/1301_57_KOLMOGOROVSKAJa]]/URI$, напр. для разностей скоростей $URI[[http://libmeta.ru/fme/formula/aux/1301_58_KOLMOGOROVSKAJa]]/URI$ при фиксированном среднем значении $URI[[http://libmeta.ru/fme/formula/aux/1301_59_KOLMOGOROVSKAJa]]/URI$ поля скорости диссипации в области малого размера $URI[[http://libmeta.ru/fme/formula/aux/1301_60_KOLMOGOROVSKAJa]]/URI$, содержащей все точки $URI[[http://libmeta.ru/fme/formula/aux/1301_61_KOLMOGOROVSKAJa]]/URI$ (см. [4]). Безусловные же характеристики получаются осреднением условных по распределению вероятностей для $URI[[http://libmeta.ru/fme/formula/aux/1301_62_KOLMOGOROVSKAJa]]/URI$.

А. Н. Колмогоров в 1962 сформулировал уточненные г и по те 3 ы подоб и я следуюшим образом: условные распределения вероятностей для безразмерных относительных скоростей $URI[[http://libmeta.ru/fme/formula/aux/1301_63_KOLMOGOROVSKAJa]]/URI$ при фиксированном значении $URI[[http://libmeta.ru/fme/formula/aux/1301_64_KOLMOGOROVSKAJa]]/URI$ полностью определяются этим значением $URI[[http://libmeta.ru/fme/formula/aux/1301_65_KOLMOGOROVSKAJa]]/URI$; если же оно очень велико, то зависимость от него пропадает. В этом последнем случае, напр., безусловный спектр энергии получается в виде

\[
URI[[http://libmeta.ru/fme/formula/main/1301_13_KOLMOGOROVSKAJa]]/URI
\]

Для $URI[[http://libmeta.ru/fme/formula/aux/1301_66_KOLMOGOROVSKAJa]]/URI$ можно в первом приближении принять логарифмически нормальное распределение с дисперсией $URI[[http://libmeta.ru/fme/formula/aux/1301_67_KOLMOGOROVSKAJa]]/URI$, тогда старый закон пяти третей приобретает типичный для неполной автомодельности степенной множитель $URI[[http://libmeta.ru/fme/formula/aux/1301_68_KOLMOGOROVSKAJa]]/URI$. По данным ряда специальных измерений, $URI[[http://libmeta.ru/fme/formula/aux/1301_69_KOLMOGOROVSKAJa]]/URI$, так что неавтомодельная поправка к показателю степени в законе пяти третей весьма невелика.

Лит.: [1] К о л м о г о р о в А. Н., «Доклады АН СССР», 1941, т. 30, № 4, c. 299-303; [2] Обухо в А. М., там же, 1941, т. 32, № 1, с. 22-24; [3] е го же, «Изв. АН СССР. Сер. геогр., геофиз.», 1949, т. 13, № 1, с. 58-73; [4] М о н и н А. С., там же, Сер. геофиз., 1962, № 3, с. 397-407; [5] Мон и н А. С., Я гло м А. М., Статистическая гидромеханика. Механика турбулентности, ч. 2, М., 1967.</text>
  <text_orig> - независимость статистических характеристик мелкомасштабных компонент развитой (то есть имеющей достаточно большое число Рейнольдса

\[
\operatorname{Re}=v^{-1} L \delta U&amp;amp;gt;\operatorname{Re}_{\text {кр }} \sim 3000
\]

где $v-$ кинематическая вязкость, а $L$ и $\delta U-$ масштабы длины и перепадов скорости течения в целом) локально изотропной трехмерной турбулентности от особенностей крупномасштабного течения (в том числе от $L, \delta U$ и $\operatorname{Re})$.

Развитая турбулентность, вообще говоря, должна быть (см. [1]) локально стационарной, локально однородной и локально изотропной, то есть все конечномерные распределения вероятности для разностей

\[
\begin{gathered}
\boldsymbol{v}\left(M_{k}\right)=\boldsymbol{u}\left(M_{k}\right)-\boldsymbol{u}\left(M_{0}\right), k=1,2, \ldots, N ; \\
M_{k}=\left(\boldsymbol{r}_{k}, \tau_{k}\right) ; \tau_{k}=t_{k}-t_{0} ; \boldsymbol{r}_{k}=\boldsymbol{x}_{k}-\boldsymbol{x}_{0}-\boldsymbol{u}_{0} \tau_{k},
\end{gathered}
\]

значений поля скорости $\boldsymbol{u}(M)$, при фиксированных $\boldsymbol{u}_{0}=\boldsymbol{u}\left(M_{0}\right)$ и не слишком больших $\left|x_{k}-x_{0}\right|(\ll L)$ и $\left|t_{k}-t_{0}\right|$

![](https://cdn.mathpix.com/cropped/2023_07_08_101f64d7b809f2d078deg-1.jpg?height=37&amp;amp;amp;width=813&amp;amp;amp;top_left_y=1677&amp;amp;amp;top_left_x=78)
ми относительно любых сдвигов в пространстве-времени $(\boldsymbol{x}, t)$ и любых вращений и отражений в пространстве $\boldsymbol{r}$. Однако в нек-рых специальных, но важных случаях локальная изотропность не имеет места и эти утверждения усложняются. Так, напр., в стратифицированных жидкостях, типичных для геофизич. течений, вертикальное направление оказывается выделенным во всех сколь угодно малых масштабах, так что изотропность заменяется осесимметричностью относительно вертикали, то есть инвариантностью относительно вращений лишь вокруг вертикальной оси и отражений лишь от плоскостей, содержащих эту ось, а в случае гидромагнитной турбулентности изотропность заменяется псевдоизотропностью, то есть инвариантностью относительно вращений, но не относительно отражений.

Основой для статистич. описания мелкомасштабных компонент развитой трехмерной локально изотропной тур- булентности стали гипотезы подобия А. Н. Колмогорова, согласно к-рым, во-первых, при фиксированном значении $\varepsilon$ скорости переноса удельной кинетич. энергии по спектру масштабов от больших масштабов к малым (равной удельной скорости вязкой диссипации кинетич. энергии) вышеуказанные конечномерные распределения вероятности полностью определяются двумя размерными параметрами $v$ и $\varepsilon$ (и не зависят от характеристик крупномасштабного течения, в частности, от $\operatorname{Re}-$ а в томоде ль ность по Re). При этом возникает колмогоровский внутренний масштаб длины $\lambda=\left(v^{3} / \varepsilon\right)^{1 / 4}$, и, напр., пространственная структурная функция, то есть средний квадрат разности скоростей $\delta u$ ( $u$ - любая из декартовых компонент скорости) в точках $\boldsymbol{x}$ и $\boldsymbol{x}+\boldsymbol{r}($ где $\boldsymbol{L} \ll \boldsymbol{L})$ оказывается равной

\[
\left\langle(\delta u)^{2}\right\rangle=(\varepsilon r)^{2 / 3} \varphi(r / \lambda) .
\]

Здесь $\varphi(\xi)$ - нек-рая универсальная функция (быстро затухающая при $\xi \rightarrow \infty$ ).

Во-вторых, при очень больших $\operatorname{Re}$ появляется так наз. инерционный интервал масштабов $L \gg r \gg \lambda$, в к-ром силы вязкости очень малы по сравнению с силами инерции, так что структурные функции (и другие статистич. характеристики компонент турбулентности с масштабами из инерционных интервалов длин и времен) перестают

![](https://cdn.mathpix.com/cropped/2023_07_08_101f64d7b809f2d078deg-1.jpg?height=37&amp;amp;amp;width=804&amp;amp;amp;top_left_y=783&amp;amp;amp;top_left_x=944)
напр., в этом интервале

\[
\left\langle(\delta u)^{2}\right\rangle=C(\varepsilon r)^{2 / 3}
\]

где $C-$ универсальная числовая постоянная. Этот за кон д вух третей Колмогорова оказался важным законом природы с весьма широкими применениями. К. а. означает, что статистич. режим мелкомасштабных компонент турбулентности может зависеть от особенностей осредненного течения только через среднюю величину $\langle\varepsilon\rangle$ спектрального потока удельной кинетич. энергии, передаваемой от осредненного течения по спектру масштабов и в минимальных масштабах порядка $\lambda$ диссипируемой в теплоту. При этом $\langle\varepsilon\rangle$ определяется характеристиками осредненного течения следующим образом:

\[
\langle\varepsilon\rangle=K(\delta U / L)^{2}
\]

где $K \sim L \delta U-$ эффективный коэффициент турбулентной вязкости. Отсюда получается закон четы ре х третей Рич а р д с о н а (1926)

\[
K \sim \varepsilon^{1 / 3} L^{4 / 3}
\]

а также соотношения $K / v \sim \operatorname{Re} / \operatorname{Re}_{\text {кр }}$ (где учтено, что значения $K$ и $v$ должны сравниваться при $\left.\operatorname{Re}=\operatorname{Re}_{\text {кр }}\right) \quad$ и $\lambda / L \sim\left(\operatorname{Re} / \operatorname{Re}_{\mathrm{kp}}\right)^{-3 / 4}$. Используя число степеней свободы на единицу объема жидкости $n \sim \lambda^{-3}$, для полного числа степеней свободы турбулентности в объеме $L^{3}$ получается

\[
N=n L^{3} \sim\left(\operatorname{Re} / \operatorname{Re}_{\mathrm{Kp}}\right)^{9 / 4}
\]

(Л. Д. Ландау, Е. М. Лифшиц, 1953). Для спектральной плотности кинетич. энергии в единицы массы $E(k)$, где $k-$ волновое число, пе рвая гипотеза подобия Колм о г о р о в а записывается в виде

\[
E(k)=\varepsilon^{2 / 3} k^{-5 / 3} \varphi_{1}(\lambda k),
\]

где $\varphi_{1}(x)$ - новая универсальная функция (быстро затухающая при $x \rightarrow \infty)$. По в торой гипотезе подобия Колмогорова в инерционном интервале спектра $L^{-1} \ll k \ll \lambda^{-1}$ спектральная плотность энергии перестает зависеть от $v$, и получается

\[
E(k)=C_{1} \varepsilon^{2 / 3} k^{-5 / 3}
\]

где $C_{1}$ - новая универсальная числовая постоянная. Связав в идеализированном случае $L=\infty, \lambda=0$, структурные и спектральные функции преобразованием Фурье, получаем

\[
C_{1}=(55 / 27) \Gamma^{-1}(1 / 3) C .
\]

По эмпирич. данным, $C \approx 1,9$ и $C_{1} \approx 1,4$. Это - закон пяти третей Колмогорова-Обухова (А. М. Обу- неболышая ее доля доходит до малых масштабов и диссипируется в теплоту. При этом скорость вязкой диссипации энергии $\varepsilon$ оказывается очень малой и, по гипотезе Болджиано, перестает быть определяющим параметром, а потому асимптотически при убывании $L_{*} k$ должна выпадать из формул теории подобия. Для этого в инерционно-конвективном интервале спектра при малых $L_{*} k$ должно быть

\[
C_{1}\left(L_{*} k\right) \sim\left(L_{*} k\right)^{-8 / 15} \text { и } C_{1 T}\left(L_{*} k\right) \sim\left(L_{*} k\right)^{4 / 15},
\]

откуда получаются асимптотики для спектров

\[
\begin{aligned}
&amp;amp;amp; E(k) \sim \varepsilon_{T}^{2 / 5}(\alpha g)^{4 / 5} k^{-11 / 5} \\
&amp;amp;amp; E_{T}(k) \sim \varepsilon_{T}^{4 / 5}(\alpha g)^{-2 / 5} k^{-7 / 5}
\end{aligned}
\]

(для пассивной примеси $\theta$ во второй из этих формул $\varepsilon_{T}^{4 / 5}$ заменяется на $\varepsilon_{\theta} \varepsilon_{T}^{-1 / 5}$ ). Более полный расчет спектров турбулентности в инерционно-конвективном интервале и интервале плавучести при помощи динамич. уравнений с использованием нек-рых полуэмпирич. формул выполнен А. С. Мониным [4]; в частности, оказалось, что при неустойчивой стратификации спектры имеют максимум в области $L_{*} k \sim 1$.

K. a. турбулентности по Re статистич. характеристик мелкомасштабных компонент развитой турбулентности, строго говоря, является неполной (Л. Д. Ландау, Е. М. Лифшиц, $1944)$; флуктуации случайного поля $\varepsilon(x, t)$ скорости диссипации турбулентности энергии могут зависеть сами от свойств крупномасштабного движения, в том числе от Re, и создавать соответствующую зависимость и всего статистич. режима мелкомасштабных компонент турбулентности. Гипотезы подобия Колмогорова, строго говоря, относятся к условным распределениям вероятности для статистич. характеристик мелкомасштабных компонент при фиксированном $\varepsilon$, напр. для разностей скоростей $v\left(M_{k}\right)$ при фиксированном среднем значении $\varepsilon_{r}$ поля скорости диссипации в области малого размера $r$, содержащей все точки $M_{k}$ (см. [4]). Безусловные же характеристики получаются осреднением условных по распределению вероятностей для $\varepsilon_{r}$.

А. Н. Колмогоров в 1962 сформулировал уточненные г и по те 3 ы подоб и я следуюшим образом: условные распределения вероятностей для безразмерных относительных скоростей $\left(r \varepsilon_{r}\right)^{-1 / 3} v\left(M_{k}\right)$ при фиксированном значении $\operatorname{Re}_{r}=v^{-1} \varepsilon_{r}^{1 / 3} r^{4 / 3}$ полностью определяются этим значением $\operatorname{Re}_{r}$; если же оно очень велико, то зависимость от него пропадает. В этом последнем случае, напр., безусловный спектр энергии получается в виде

\[
E(k) \sim\left\langle\varepsilon_{r}^{2 / 3}\right\rangle k^{-5 / 3}
\]

Для $\varepsilon_{r}$ можно в первом приближении принять логарифмически нормальное распределение с дисперсией $\mu \ln (L / r)$, тогда старый закон пяти третей приобретает типичный для неполной автомодельности степенной множитель $(L k)^{-\mu / 9}$. По данным ряда специальных измерений, $\mu \approx 0,4$, так что неавтомодельная поправка к показателю степени в законе пяти третей весьма невелика.

Лит.: [1] К о л м о г о р о в А. Н., «Доклады АН СССР», 1941, т. 30, № 4, c. 299-303; [2] Обухо в А. М., там же, 1941, т. 32, № 1, с. 22-24; [3] е го же, «Изв. АН СССР. Сер. геогр., геофиз.», 1949, т. 13, № 1, с. 58-73; [4] М о н и н А. С., там же, Сер. геофиз., 1962, № 3, с. 397-407; [5] Мон и н А. С., Я гло м А. М., Статистическая гидромеханика. Механика турбулентности, ч. 2, М., 1967.

А. С. Монин.
</text_orig>
</article>
