<?xml version="1.0" ?>
<article uri="http://libmeta.ru/fme/article/1302_KOLMOGOROVSKIE">
  <title>КОЛМОГОРОВСКИЕ СПЕКТРЫ</title>
  <author/>
  <title_short/>
  <pages>
    <start>280</start>
    <end>280</end>
  </pages>
  <literature>
    <literature_orig/>
  </literature>
  <formulas_main>
    <formula uri="http://libmeta.ru/fme/formula/main/1302_1_KOLMOGOROVSKIE">E(k) \sim \varepsilon^{2 / 3} k^{-5 / 3},</formula>
  </formulas_main>
  <formulas_aux>
    <formula uri="http://libmeta.ru/fme/formula/aux/1302_1_KOLMOGOROVSKIE">\varepsilon-</formula>
    <formula uri="http://libmeta.ru/fme/formula/aux/1302_2_KOLMOGOROVSKIE">k-</formula>
    <formula uri="http://libmeta.ru/fme/formula/aux/1302_3_KOLMOGOROVSKIE">\begin{array}{ll}\text { гидродинамики, Л., } 1988 . &amp;amp; \text { А. С. Монин. }\end{array}</formula>
  </formulas_aux>
  <relations/>
  <text> - степенные спектры случайных процессов или полей в интервалах масштабов, в которых происходит перенос по спектру адиабатически инвариантной квадратичной характеристики процесса или поля (кинетической энергии, меры неоднородностей, волно- вого действия и т. П.) с постоянной, то есть не зависящей от масштаба, скоростью. Обычно по этой скорости переноса инвариантной величины и по волновому числу или частоте спектральная плотность определяется (с точностью до числового множителя) с помощью соображений размерности. Примером является К. с. энергии турбулентности

\[
URI[[http://libmeta.ru/fme/formula/main/1302_1_KOLMOGOROVSKIE]]/URI
\]

где $URI[[http://libmeta.ru/fme/formula/aux/1302_1_KOLMOGOROVSKIE]]/URI$ скорость спектрального переноса энергии, а $URI[[http://libmeta.ru/fme/formula/aux/1302_2_KOLMOGOROVSKIE]]/URI$ волновое число. В гамильтоновых системах, в к-рых для спектра может быть выведено кинетич. уравнение с «интегралом столкновений», К. с. получается из уравнения, являющегося приравненным нулю подинтегральным выражением в «интеграле столкновений».

Лum.: [1] М о н и н А. С., Теоретические основы геофизической $URI[[http://libmeta.ru/fme/formula/aux/1302_3_KOLMOGOROVSKIE]]/URI$</text>
  <text_orig> - степенные спектры случайных процессов или полей в интервалах масштабов, в которых происходит перенос по спектру адиабатически инвариантной квадратичной характеристики процесса или поля (кинетической энергии, меры неоднородностей, волно- вого действия и т. П.) с постоянной, то есть не зависящей от масштаба, скоростью. Обычно по этой скорости переноса инвариантной величины и по волновому числу или частоте спектральная плотность определяется (с точностью до числового множителя) с помощью соображений размерности. Примером является К. с. энергии турбулентности

\[
E(k) \sim \varepsilon^{2 / 3} k^{-5 / 3},
\]

где $\varepsilon-$ скорость спектрального переноса энергии, а $k-$ волновое число. В гамильтоновых системах, в к-рых для спектра может быть выведено кинетич. уравнение с «интегралом столкновений», К. с. получается из уравнения, являющегося приравненным нулю подинтегральным выражением в «интеграле столкновений».

Лum.: [1] М о н и н А. С., Теоретические основы геофизической $\begin{array}{ll}\text { гидродинамики, Л., } 1988 . &amp;amp; \text { А. С. Монин. }\end{array}$</text_orig>
</article>
