<?xml version="1.0" ?>
<article uri="http://libmeta.ru/fme/article/1304_KOLMOGOROVSKIE" alphabetic_pos="1306">
  <title>КОЛМОГОРОВСКИЕ СПЕКТРЫ</title>
  <authors/>
  <pages>
    <start>280</start>
    <end>280</end>
  </pages>
  <literature>
    <literature_orig>Лum.: [1] М о н и н А. С., Теоретические основы геофизической $\begin{array}{ll}\text { гидродинамики, Л., } 1988 . &amp; \text { А. С. Монин. }\end{array}$</literature_orig>
    <unit>
      <author>Монин А. С.</author>
      <title>Теоретические основы геофизической $\begin{array}{ll}\text { гидродинамики</title>
      <publication>Л.</publication>
      <year>1988</year>
      <other/>
    </unit>
  </literature>
  <formulas_main>
    <formula uri="http://libmeta.ru/fme/formula/main/1304_1_KOLMOGOROVSKIE">E(k) \sim \varepsilon^{2 / 3} k^{-5 / 3},</formula>
  </formulas_main>
  <formulas_aux>
    <formula uri="http://libmeta.ru/fme/formula/aux/1304_1_KOLMOGOROVSKIE">\varepsilon-</formula>
    <formula uri="http://libmeta.ru/fme/formula/aux/1304_2_KOLMOGOROVSKIE">k-</formula>
  </formulas_aux>
  <relations n="15">
    <relation uri="http://libmeta.ru/fme/relation/1304_1_KOLMOGOROVSKIE">
      <rel_text>столкновений»</rel_text>
      <target>http://libmeta.ru/fme/article/1531_LANDAU</target>
    </relation>
    <relation uri="http://libmeta.ru/fme/relation/1304_2_KOLMOGOROVSKIE">
      <rel_text>получается</rel_text>
      <target>http://libmeta.ru/fme/article/2305_POLUGRUPP</target>
    </relation>
    <relation uri="http://libmeta.ru/fme/relation/1304_3_KOLMOGOROVSKIE">
      <rel_text>гамильтоновых системах</rel_text>
      <target>http://libmeta.ru/fme/article/517_GAMIL'TONOVA</target>
    </relation>
    <relation uri="http://libmeta.ru/fme/relation/1304_4_KOLMOGOROVSKIE">
      <rel_text>волновое число</rel_text>
      <target>http://libmeta.ru/fme/article/448_VOLNOVOE</target>
    </relation>
    <relation uri="http://libmeta.ru/fme/relation/1304_5_KOLMOGOROVSKIE">
      <rel_text>энергии</rel_text>
      <target>http://libmeta.ru/fme/article/3530_ENERGI</target>
    </relation>
    <relation uri="http://libmeta.ru/fme/relation/1304_6_KOLMOGOROVSKIE">
      <rel_text>скорость</rel_text>
      <target>http://libmeta.ru/fme/article/2800_SKOROST</target>
    </relation>
    <relation uri="http://libmeta.ru/fme/relation/1304_7_KOLMOGOROVSKIE">
      <rel_text>турбулентности</rel_text>
      <target>http://libmeta.ru/fme/article/3139_TURBULENTNOST</target>
    </relation>
    <relation uri="http://libmeta.ru/fme/relation/1304_8_KOLMOGOROVSKIE">
      <rel_text>энергии</rel_text>
      <target>http://libmeta.ru/fme/article/3530_ENERGI</target>
    </relation>
    <relation uri="http://libmeta.ru/fme/relation/1304_9_KOLMOGOROVSKIE">
      <rel_text>плотность</rel_text>
      <target>http://libmeta.ru/fme/article/2253_PLOTNOST</target>
    </relation>
    <relation uri="http://libmeta.ru/fme/relation/1304_10_KOLMOGOROVSKIE">
      <rel_text>частоте</rel_text>
      <target>http://libmeta.ru/fme/article/3412_ChASTOT</target>
    </relation>
    <relation uri="http://libmeta.ru/fme/relation/1304_11_KOLMOGOROVSKIE">
      <rel_text>скорости</rel_text>
      <target>http://libmeta.ru/fme/article/2800_SKOROST</target>
    </relation>
    <relation uri="http://libmeta.ru/fme/relation/1304_12_KOLMOGOROVSKIE">
      <rel_text>скоростью</rel_text>
      <target>http://libmeta.ru/fme/article/2800_SKOROST</target>
    </relation>
    <relation uri="http://libmeta.ru/fme/relation/1304_13_KOLMOGOROVSKIE">
      <rel_text>действия</rel_text>
      <target>http://libmeta.ru/fme/article/785_DEJSTVI</target>
    </relation>
    <relation uri="http://libmeta.ru/fme/relation/1304_14_KOLMOGOROVSKIE">
      <rel_text>кинетической энергии</rel_text>
      <target>http://libmeta.ru/fme/article/1227_KINETIChESKAJa</target>
    </relation>
    <relation uri="http://libmeta.ru/fme/relation/1304_15_KOLMOGOROVSKIE">
      <rel_text>случайных процессов или</rel_text>
      <target>http://libmeta.ru/fme/article/2979_STRUKTURNAJa</target>
    </relation>
  </relations>
  <text>степенные спектры URI[[http://libmeta.ru/fme/relation/1304_15_KOLMOGOROVSKIE]]/URI полей в интервалах масштабов, в которых происходит перенос по спектру адиабатически инвариантной квадратичной характеристики процесса или поля (URI[[http://libmeta.ru/fme/relation/1304_14_KOLMOGOROVSKIE]]/URI, меры неоднородностей, волно- вого URI[[http://libmeta.ru/fme/relation/1304_13_KOLMOGOROVSKIE]]/URI и т. П.) с постоянной, то есть не зависящей от масштаба, URI[[http://libmeta.ru/fme/relation/1304_12_KOLMOGOROVSKIE]]/URI. Обычно по этой URI[[http://libmeta.ru/fme/relation/1304_11_KOLMOGOROVSKIE]]/URI переноса инвариантной величины и по волновому числу или URI[[http://libmeta.ru/fme/relation/1304_10_KOLMOGOROVSKIE]]/URI спектральная URI[[http://libmeta.ru/fme/relation/1304_9_KOLMOGOROVSKIE]]/URI определяется (с точностью до числового множителя) с помощью соображений размерности. Примером является К. с. URI[[http://libmeta.ru/fme/relation/1304_8_KOLMOGOROVSKIE]]/URI URI[[http://libmeta.ru/fme/relation/1304_7_KOLMOGOROVSKIE]]/URI

\[
URI[[http://libmeta.ru/fme/formula/main/1304_1_KOLMOGOROVSKIE]]/URI
\]

где $URI[[http://libmeta.ru/fme/formula/aux/1304_1_KOLMOGOROVSKIE]]/URI$ URI[[http://libmeta.ru/fme/relation/1304_6_KOLMOGOROVSKIE]]/URI спектрального переноса URI[[http://libmeta.ru/fme/relation/1304_5_KOLMOGOROVSKIE]]/URI, а $URI[[http://libmeta.ru/fme/formula/aux/1304_2_KOLMOGOROVSKIE]]/URI$ URI[[http://libmeta.ru/fme/relation/1304_4_KOLMOGOROVSKIE]]/URI. В URI[[http://libmeta.ru/fme/relation/1304_3_KOLMOGOROVSKIE]]/URI, в к-рых для спектра может быть выведено кинетич. уравнение с «интегралом столкновений», К. с. URI[[http://libmeta.ru/fme/relation/1304_2_KOLMOGOROVSKIE]]/URI из уравнения, являющегося приравненным нулю подинтегральным выражением в «интеграле URI[[http://libmeta.ru/fme/relation/1304_1_KOLMOGOROVSKIE]]/URI.</text>
  <text_orig>степенные спектры случайных процессов или полей в интервалах масштабов, в которых происходит перенос по спектру адиабатически инвариантной квадратичной характеристики процесса или поля (кинетической энергии, меры неоднородностей, волно- вого действия и т. П.) с постоянной, то есть не зависящей от масштаба, скоростью. Обычно по этой скорости переноса инвариантной величины и по волновому числу или частоте спектральная плотность определяется (с точностью до числового множителя) с помощью соображений размерности. Примером является К. с. энергии турбулентности

\[
E(k) \sim \varepsilon^{2 / 3} k^{-5 / 3},
\]

где $\varepsilon-$ скорость спектрального переноса энергии, а $k-$ волновое число. В гамильтоновых системах, в к-рых для спектра может быть выведено кинетич. уравнение с «интегралом столкновений», К. с. получается из уравнения, являющегося приравненным нулю подинтегральным выражением в «интеграле столкновений».

Лum.: [1] М о н и н А. С., Теоретические основы геофизической $\begin{array}{ll}\text { гидродинамики, Л., } 1988 . &amp; \text { А. С. Монин. }\end{array}$</text_orig>
</article>
