<?xml version="1.0" ?>
<article uri="http://libmeta.ru/fme/article/1305_KOLMOGOROVSKIJ" alphabetic_pos="1307">
  <title>КОЛМОГОРОВСКИЙ ТОР</title>
  <authors/>
  <pages>
    <start>280</start>
    <end>280</end>
  </pages>
  <literature>
    <literature_orig/>
  </literature>
  <formulas_main/>
  <formulas_aux>
    <formula uri="http://libmeta.ru/fme/formula/aux/1305_1_KOLMOGOROVSKIJ">n</formula>
    <formula uri="http://libmeta.ru/fme/formula/aux/1305_2_KOLMOGOROVSKIJ">n</formula>
    <formula uri="http://libmeta.ru/fme/formula/aux/1305_3_KOLMOGOROVSKIJ">2 n</formula>
  </formulas_aux>
  <relations n="5">
    <relation uri="http://libmeta.ru/fme/relation/1305_1_KOLMOGOROVSKIJ">
      <rel_text>Гамильтоновы системы</rel_text>
      <target>http://libmeta.ru/fme/article/517_GAMIL'TONOVA</target>
    </relation>
    <relation uri="http://libmeta.ru/fme/relation/1305_2_KOLMOGOROVSKIJ">
      <rel_text>гамильтоновых систем</rel_text>
      <target>http://libmeta.ru/fme/article/517_GAMIL'TONOVA</target>
    </relation>
    <relation uri="http://libmeta.ru/fme/relation/1305_3_KOLMOGOROVSKIJ">
      <rel_text>фазовым пространством</rel_text>
      <target>http://libmeta.ru/fme/article/3242_FAZOVOE</target>
    </relation>
    <relation uri="http://libmeta.ru/fme/relation/1305_4_KOLMOGOROVSKIJ">
      <rel_text>обратимой системы</rel_text>
      <target>http://libmeta.ru/fme/article/2032_OBRATIMAJa</target>
    </relation>
    <relation uri="http://libmeta.ru/fme/relation/1305_5_KOLMOGOROVSKIJ">
      <rel_text>гамильтоновой системы</rel_text>
      <target>http://libmeta.ru/fme/article/517_GAMIL'TONOVA</target>
    </relation>
  </relations>
  <text>инвариантный $URI[[http://libmeta.ru/fme/formula/aux/1305_1_KOLMOGOROVSKIJ]]/URI$-мерный тор URI[[http://libmeta.ru/fme/relation/1305_5_KOLMOGOROVSKIJ]]/URI с $URI[[http://libmeta.ru/fme/formula/aux/1305_2_KOLMOGOROVSKIJ]]/URI$ степенями свободы (или URI[[http://libmeta.ru/fme/relation/1305_4_KOLMOGOROVSKIJ]]/URI с URI[[http://libmeta.ru/fme/relation/1305_3_KOLMOGOROVSKIJ]]/URI размерности $URI[[http://libmeta.ru/fme/formula/aux/1305_3_KOLMOGOROVSKIJ]]/URI$ ), движение на котором условно-периодично с сильно несоизмеримыми частотами. А. Н. Колмогоров впервые доказал существование большого числа таких торов у малых возмущений невырожденных интегрируемых URI[[http://libmeta.ru/fme/relation/1305_2_KOLMOGOROVSKIJ]]/URI. URI[[http://libmeta.ru/fme/relation/1305_1_KOLMOGOROVSKIJ]]/URI в окрестности невырожденного эллиптич. положения равновесия также имеют много К. т.

См. также Kam-теория.</text>
  <text_orig>инвариантный $n$-мерный тор гамильтоновой системы с $n$ степенями свободы (или обратимой системы с фазовым пространством размерности $2 n$ ), движение на котором условно-периодично с сильно несоизмеримыми частотами. А. Н. Колмогоров впервые доказал сушествование болышого числа таких торов у малых возмущений невырожденных интегрируемых гамильтоновых систем. Гамильтоновы системы в окрестности невырожденного эллиптич. положения равновесия также имеют много К. т.

См. также KAM-теория.</text_orig>
</article>
