<?xml version="1.0" ?>
<article uri="http://libmeta.ru/fme/article/1308_KOL'TsEVAJa" alphabetic_pos="1310">
  <title>КОЛЬЦЕВАЯ ГРУППА</title>
  <authors/>
  <pages>
    <start>280</start>
    <end>280</end>
  </pages>
  <literature>
    <literature_orig>Лит.: [1] В а й н е р м ан Л. И., Ка ц Г. И., «математич. сб.», 1974, т. 94, с. 194-225; [2] К а ц Г. И., &quot;докл. Ан СССР», 1961, т. 138, № 2, c. 275-78; [3] E nock M., Sc hwartz J.-M., «bull. Soc. Math. France, mem.», 1975, № 44; [4] W o ro n ow ic z S. L., «comm. Math. $\begin{array}{ll}\text { Phys.», 1987, v. 111, № 4, p. 613-66. } &amp; \text { В. Г. Дринфельd. }\end{array}$</literature_orig>
    <unit>
      <author>Вайнерман Л. И.</author>
      <author>Кац Г. И.</author>
      <title>«математич. сб.»</title>
      <publication/>
      <year>1974</year>
      <other>т. 94, с. 194-225</other>
    </unit>
    <unit>
      <author>Кац Г. И.</author>
      <title>&quot;докл. Ан СССР»</title>
      <publication/>
      <year>1961</year>
      <other>т. 138, № 2, c. 275-78</other>
    </unit>
    <unit>
      <author>Enock M.</author>
      <author>Schwartz J.- M.</author>
      <title>«bull. Soc. Math. France</title>
      <publication/>
      <year>1975</year>
      <other>mem.», № 44</other>
    </unit>
    <unit>
      <author>Woronowicz S. L.</author>
      <title>«comm. Math. $\begin{array}{ll}\text { Phys.»</title>
      <publication/>
      <year>1987</year>
      <other>v. 111, № 4, p. 613-66. } &amp; \text { В. Г. Дринфельd. }\end{array}$</other>
    </unit>
  </literature>
  <formulas_main/>
  <formulas_aux>
    <formula uri="http://libmeta.ru/fme/formula/aux/1308_1_KOL'TsEVAJa">a</formula>
    <formula uri="http://libmeta.ru/fme/formula/aux/1308_2_KOL'TsEVAJa">g</formula>
    <formula uri="http://libmeta.ru/fme/formula/aux/1308_3_KOL'TsEVAJa">a=l^{\infty}(g)</formula>
    <formula uri="http://libmeta.ru/fme/formula/aux/1308_4_KOL'TsEVAJa">s U(2)</formula>
  </formulas_aux>
  <relations n="11">
    <relation uri="http://libmeta.ru/fme/relation/1308_1_KOL'TsEVAJa">
      <rel_text>группы</rel_text>
      <target>http://libmeta.ru/fme/article/737_GRUPP</target>
    </relation>
    <relation uri="http://libmeta.ru/fme/relation/1308_2_KOL'TsEVAJa">
      <rel_text>алгебре</rel_text>
      <target>http://libmeta.ru/fme/article/47_ALGEBR</target>
    </relation>
    <relation uri="http://libmeta.ru/fme/relation/1308_3_KOL'TsEVAJa">
      <rel_text>псевдогруппы</rel_text>
      <target>http://libmeta.ru/fme/article/2440_PSEVDOVEKTO</target>
    </relation>
    <relation uri="http://libmeta.ru/fme/relation/1308_4_KOL'TsEVAJa">
      <rel_text>эквивалентно</rel_text>
      <target>http://libmeta.ru/fme/article/3492_EKVIDISTANT</target>
    </relation>
    <relation uri="http://libmeta.ru/fme/relation/1308_5_KOL'TsEVAJa">
      <rel_text>алгебры</rel_text>
      <target>http://libmeta.ru/fme/article/47_ALGEBR</target>
    </relation>
    <relation uri="http://libmeta.ru/fme/relation/1308_6_KOL'TsEVAJa">
      <rel_text>группой</rel_text>
      <target>http://libmeta.ru/fme/article/737_GRUPP</target>
    </relation>
    <relation uri="http://libmeta.ru/fme/relation/1308_7_KOL'TsEVAJa">
      <rel_text>группе</rel_text>
      <target>http://libmeta.ru/fme/article/737_GRUPP</target>
    </relation>
    <relation uri="http://libmeta.ru/fme/relation/1308_8_KOL'TsEVAJa">
      <rel_text>локально компактной группой</rel_text>
      <target>http://libmeta.ru/fme/article/1646_LOKAL'NO</target>
    </relation>
    <relation uri="http://libmeta.ru/fme/relation/1308_9_KOL'TsEVAJa">
      <rel_text>алгебра</rel_text>
      <target>http://libmeta.ru/fme/article/47_ALGEBR</target>
    </relation>
    <relation uri="http://libmeta.ru/fme/relation/1308_10_KOL'TsEVAJa">
      <rel_text>алгебры</rel_text>
      <target>http://libmeta.ru/fme/article/47_ALGEBR</target>
    </relation>
    <relation uri="http://libmeta.ru/fme/relation/1308_11_KOL'TsEVAJa">
      <rel_text>квантовая группа</rel_text>
      <target>http://libmeta.ru/fme/article/1166_KVANTOVAJa</target>
    </relation>
  </relations>
  <text>URI[[http://libmeta.ru/fme/relation/1308_11_KOL'TsEVAJa]]/URI специального вида. Специфика К. г. состоит в том, что соответствующие им URI[[http://libmeta.ru/fme/relation/1308_10_KOL'TsEVAJa]]/URI Хопфа являются Неймана алгебрами. Если URI[[http://libmeta.ru/fme/relation/1308_9_KOL'TsEVAJa]]/URI Хопфа $URI[[http://libmeta.ru/fme/formula/aux/1308_1_KOL'TsEVAJa]]/URI$ коммутативна, то ее К. г. является обычной URI[[http://libmeta.ru/fme/relation/1308_8_KOL'TsEVAJa]]/URI $URI[[http://libmeta.ru/fme/formula/aux/1308_2_KOL'TsEVAJa]]/URI$ и $URI[[http://libmeta.ru/fme/formula/aux/1308_3_KOL'TsEVAJa]]/URI$. Теория двойственности для К. г. обобщает двойственность Понтрягина для абелевых групп. К. г., двойственная неабелевой обычной URI[[http://libmeta.ru/fme/relation/1308_7_KOL'TsEVAJa]]/URI, не является обычной URI[[http://libmeta.ru/fme/relation/1308_6_KOL'TsEVAJa]]/URI. Понятие URI[[http://libmeta.ru/fme/relation/1308_5_KOL'TsEVAJa]]/URI Каца (см. [3]) URI[[http://libmeta.ru/fme/relation/1308_4_KOL'TsEVAJa]]/URI понятию К. г. Компактные URI[[http://libmeta.ru/fme/relation/1308_3_KOL'TsEVAJa]]/URI (см. [4]) - важный класс квантовых групп являются К. г., только если имеющиеся в их URI[[http://libmeta.ru/fme/relation/1308_2_KOL'TsEVAJa]]/URI Хопфа инволюции * и \# коммутируют. Для квантованной URI[[http://libmeta.ru/fme/relation/1308_1_KOL'TsEVAJa]]/URI $URI[[http://libmeta.ru/fme/formula/aux/1308_4_KOL'TsEVAJa]]/URI$ это не так. В связи с этим понятие К. г. нуждается в обобщении.</text>
  <text_orig>квантовая группа специального вида. Специфика К. г. состоит в том, что соответствуюшие им алгебры Хопфа являются Неймана алгебрами. Если алгебра Хопфа $A$ коммутативна, то ее К. г. является обычной локально компактной группой $G$ и $A=L^{\infty}(G)$. Теория двойственности для К. г. обобщает двойственность Понтрягина для абелевых групп. К. г., двойственная неабелевой обычной группе, не является обычной группой. Понятие алгебры Каца (см. [3]) эквивалентно понятию К. г. Компактные псевдогруппы (см. [4]) - важный класс квантовых групп являются К. г., только если имеюшиеся в их алгебре Хопфа инволюции * и \# коммутируют. Для квантованной группы $S U(2)$ это не так. В связи с этим понятие К. г. нуждается в обобщении.

Лит.: [1] В а й н е р м ан Л. И., Ка ц Г. И., «Математич. сб.», 1974, т. 94, с. 194-225; [2] К а ц Г. И., &quot;Докл. АН СССР», 1961, т. 138, № 2, c. 275-78; [3] E nock M., Sc hwartz J.-M., «Bull. Soc. Math. France, mem.», 1975, № 44; [4] W o ro n ow ic z S. L., «Comm. Math. $\begin{array}{ll}\text { Phys.», 1987, v. 111, № 4, p. 613-66. } &amp; \text { В. Г. Дринфельd. }\end{array}$</text_orig>
</article>
