<?xml version="1.0" ?>
<article uri="http://libmeta.ru/fme/article/1308_KOL'TsEVAJa">
  <title>КОЛЬЦЕВАЯ ГРУППА</title>
  <authors/>
  <title_short/>
  <pages>
    <start>280</start>
    <end>280</end>
  </pages>
  <literature>
    <literature_orig>Лит.: [1] В а й н е р м ан Л. И., Ка ц Г. И., «Математич. сб.», 1974, т. 94, с. 194-225; [2] К а ц Г. И., &quot;Докл. АН СССР», 1961, т. 138, № 2, c. 275-78; [3] E nock M., Sc hwartz J.-M., «Bull. Soc. Math. France, mem.», 1975, № 44; [4] W o ro n ow ic z S. L., «Comm. Math. $\begin{array}{ll}\text { Phys.», 1987, v. 111, № 4, p. 613-66. } &amp; \text { В. Г. Дринфельd. }\end{array}$</literature_orig>
    <unit>
      <author>Вайнерман Л. И.</author>
      <author>Кац Г. И.</author>
      <title>«Математич. сб.»</title>
      <publication/>
      <year>1974</year>
      <other>т. 94, с. 194-225</other>
    </unit>
    <unit>
      <author>Кац Г. И.</author>
      <title>&quot;Докл. АН СССР»</title>
      <publication/>
      <year>1961</year>
      <other>т. 138, № 2, c. 275-78</other>
    </unit>
    <unit>
      <author>Enock M.</author>
      <author>Schwartz J.- M.</author>
      <title>«Bull. Soc. Math. France</title>
      <publication/>
      <year>1975</year>
      <other>mem.», № 44</other>
    </unit>
    <unit>
      <author>Woronowicz S. L.</author>
      <title>«Comm. Math. $\begin{array}{ll}\text { Phys.»</title>
      <publication/>
      <year>1987</year>
      <other>v. 111, № 4, p. 613-66. } &amp; \text { В. Г. Дринфельd. }\end{array}$</other>
    </unit>
  </literature>
  <formulas_main/>
  <formulas_aux>
    <formula uri="http://libmeta.ru/fme/formula/aux/1308_1_KOL'TsEVAJa">A</formula>
    <formula uri="http://libmeta.ru/fme/formula/aux/1308_2_KOL'TsEVAJa">G</formula>
    <formula uri="http://libmeta.ru/fme/formula/aux/1308_3_KOL'TsEVAJa">A=L^{\infty}(G)</formula>
    <formula uri="http://libmeta.ru/fme/formula/aux/1308_4_KOL'TsEVAJa">S U(2)</formula>
  </formulas_aux>
  <relations/>
  <text>квантовая группа специального вида. Специфика К. г. состоит в том, что соответствуюшие им алгебры Хопфа являются Неймана алгебрами. Если алгебра Хопфа $URI[[http://libmeta.ru/fme/formula/aux/1308_1_KOL'TsEVAJa]]/URI$ коммутативна, то ее К. г. является обычной локально компактной группой $URI[[http://libmeta.ru/fme/formula/aux/1308_2_KOL'TsEVAJa]]/URI$ и $URI[[http://libmeta.ru/fme/formula/aux/1308_3_KOL'TsEVAJa]]/URI$. Теория двойственности для К. г. обобщает двойственность Понтрягина для абелевых групп. К. г., двойственная неабелевой обычной группе, не является обычной группой. Понятие алгебры Каца (см. [3]) эквивалентно понятию К. г. Компактные псевдогруппы (см. [4]) - важный класс квантовых групп являются К. г., только если имеюшиеся в их алгебре Хопфа инволюции * и \# коммутируют. Для квантованной группы $URI[[http://libmeta.ru/fme/formula/aux/1308_4_KOL'TsEVAJa]]/URI$ это не так. В связи с этим понятие К. г. нуждается в обобщении.</text>
  <text_orig>квантовая группа специального вида. Специфика К. г. состоит в том, что соответствуюшие им алгебры Хопфа являются Неймана алгебрами. Если алгебра Хопфа $A$ коммутативна, то ее К. г. является обычной локально компактной группой $G$ и $A=L^{\infty}(G)$. Теория двойственности для К. г. обобщает двойственность Понтрягина для абелевых групп. К. г., двойственная неабелевой обычной группе, не является обычной группой. Понятие алгебры Каца (см. [3]) эквивалентно понятию К. г. Компактные псевдогруппы (см. [4]) - важный класс квантовых групп являются К. г., только если имеюшиеся в их алгебре Хопфа инволюции * и \# коммутируют. Для квантованной группы $S U(2)$ это не так. В связи с этим понятие К. г. нуждается в обобщении.

Лит.: [1] В а й н е р м ан Л. И., Ка ц Г. И., «Математич. сб.», 1974, т. 94, с. 194-225; [2] К а ц Г. И., &quot;Докл. АН СССР», 1961, т. 138, № 2, c. 275-78; [3] E nock M., Sc hwartz J.-M., «Bull. Soc. Math. France, mem.», 1975, № 44; [4] W o ro n ow ic z S. L., «Comm. Math. $\begin{array}{ll}\text { Phys.», 1987, v. 111, № 4, p. 613-66. } &amp; \text { В. Г. Дринфельd. }\end{array}$</text_orig>
</article>
