<?xml version="1.0" ?>
<article uri="http://libmeta.ru/fme/article/1309_KOMMUTATIVNAJa">
  <title>КОММУТАТИВНАЯ БАНАХОВА АЛГЕБРА</title>
  <author/>
  <title_short/>
  <pages>
    <start>280</start>
    <end>280</end>
  </pages>
  <literature>
    <literature_orig/>
  </literature>
  <formulas_main/>
  <formulas_aux/>
  <relations/>
  <text> - см. Банахова алгебра.
</text>
  <text_orig> - см. Банахова алгебра.
</text_orig>
</article>
