<?xml version="1.0" ?>
<article uri="http://libmeta.ru/fme/article/130_BABA-RAMAKRIShNANA">
  <title>БАБА-РАМАКРИШНАНА УРАВНЕНИЯ</title>
  <authors>
    <author>Ю. П. Вириенко</author>
  </authors>
  <title_short/>
  <pages>
    <start>37</start>
    <end>38</end>
  </pages>
  <literature>
    <literature_orig>Jum.: [1] B h a b há H., «proc. Roy. Soc., ser. A», 1950, v. 202, № 2, p. 995-1005; [2] Ramakrishnan A., «proc. Camb. Phil. Soc.», 1950, v. 46, № 3, p. 596-602; [3] Бару ч а - Р ид А. Т., Элементы теории марковских процессов и их приложения, пер. с англ., М., 1969.</literature_orig>
    <unit>
      <author>Bhabhá H.</author>
      <title>«proc. Roy. Soc., ser. A»</title>
      <publication/>
      <year>1950</year>
      <other>v. 202, № 2, p. 995-1005</other>
    </unit>
    <unit>
      <author>Ramakrishnan A.</author>
      <title>«proc. Camb. Phil. Soc.»</title>
      <publication/>
      <year>1950</year>
      <other>v. 46, № 3, p. 596-602</other>
    </unit>
    <unit>
      <author>Баруча-Рид А. Т.</author>
      <title>Элементы теории марковских процессов и их приложения</title>
      <publication>пер. с англ., М.</publication>
      <year>1969</year>
      <other/>
    </unit>
  </literature>
  <formulas_main>
    <formula uri="http://libmeta.ru/fme/formula/main/130_1_BABA-RAMAKRIShNANA">f_{n}\left(\varepsilon_{1}, \varepsilon_{2}, \ldots, \varepsilon_{n} ; t\right)=\frac{\partial^{n}}{\partial \varepsilon_{1} \partial \varepsilon_{2} \ldots \partial \varepsilon_{n}} \mathrm{E}\left[\xi\left(t, \varepsilon_{1}\right) \ldots \xi\left(t, \varepsilon_{n}\right)\right] .</formula>
    <formula uri="http://libmeta.ru/fme/formula/main/130_2_BABA-RAMAKRIShNANA">\begin{gathered}
\varphi(s)=\operatorname{Eexp}[i s \xi(t, \varepsilon)]= \\
=\sum_{l=0}^{\infty} \frac{(i s)^{l}}{l !} \int_{0}^{\varepsilon} f_{l}\left(\varepsilon_{1}, \varepsilon_{2}, \ldots, \varepsilon_{l} ; t\right) d \varepsilon_{1} d \varepsilon_{2} \ldots d \varepsilon_{l} .
\end{gathered}</formula>
    <formula uri="http://libmeta.ru/fme/formula/main/130_3_BABA-RAMAKRIShNANA">f_{i_{1} \ldots i_{n}}\left(\varepsilon_{1}, \ldots, \varepsilon_{n} ; t\right)=\frac{\partial^{n}}{\partial \varepsilon_{1} \ldots \partial \varepsilon_{n}} \mathrm{E}\left[\xi_{i_{1}}\left(\varepsilon_{1}, t\right) \ldots \xi_{i_{n}}\left(\varepsilon_{n}, t\right)\right],</formula>
    <formula uri="http://libmeta.ru/fme/formula/main/130_4_BABA-RAMAKRIShNANA">\left.\begin{array}{l}
\frac{\partial}{\partial t} f_{1}(\varepsilon ; t)=\int_{\varepsilon}^{\infty} d \varepsilon^{\prime}\left(w_{1}+w_{3}\right)\left(\varepsilon^{\prime}, \varepsilon\right) f_{1}\left(\varepsilon^{\prime} ; t\right)- \\
-f_{1}(\varepsilon ; t) \int_{0}^{\varepsilon} d \varepsilon^{\prime}\left(w_{1}+w_{3}\right)\left(\varepsilon, \varepsilon^{\prime}\right)+2 \int_{\varepsilon}^{\infty} d \varepsilon^{\prime} f_{2}\left(\varepsilon^{\prime} ; t\right) w_{2}\left(\varepsilon^{\prime}, \varepsilon\right), \\
\frac{\partial}{\partial t} f_{2}(\varepsilon ; t)=\int_{\varepsilon}^{\infty} d \varepsilon^{\prime} f_{1}\left(\varepsilon^{\prime}, t\right) w_{1}\left(\varepsilon^{\prime}, \varepsilon^{\prime}-\varepsilon\right)- \\
-f_{2}(\varepsilon ; t) \int_{0}^{\varepsilon} d \varepsilon^{\prime} w_{2}\left(\varepsilon^{\prime}, \varepsilon\right) .
\end{array}\right\}</formula>
  </formulas_main>
  <formulas_aux>
    <formula uri="http://libmeta.ru/fme/formula/aux/130_1_BABA-RAMAKRIShNANA">\{\xi(t, \varepsilon), t \geqslant 0, \varepsilon \geqslant 0\}</formula>
    <formula uri="http://libmeta.ru/fme/formula/aux/130_2_BABA-RAMAKRIShNANA">\xi(t, \varepsilon)</formula>
    <formula uri="http://libmeta.ru/fme/formula/aux/130_3_BABA-RAMAKRIShNANA">\varepsilon</formula>
    <formula uri="http://libmeta.ru/fme/formula/aux/130_4_BABA-RAMAKRIShNANA">t</formula>
    <formula uri="http://libmeta.ru/fme/formula/aux/130_5_BABA-RAMAKRIShNANA">\varepsilon</formula>
    <formula uri="http://libmeta.ru/fme/formula/aux/130_6_BABA-RAMAKRIShNANA">n</formula>
    <formula uri="http://libmeta.ru/fme/formula/aux/130_7_BABA-RAMAKRIShNANA">f_{n}</formula>
    <formula uri="http://libmeta.ru/fme/formula/aux/130_8_BABA-RAMAKRIShNANA">\mathrm{p}\{\xi(t, \varepsilon)=n\}</formula>
    <formula uri="http://libmeta.ru/fme/formula/aux/130_9_BABA-RAMAKRIShNANA">\varphi(s)</formula>
    <formula uri="http://libmeta.ru/fme/formula/aux/130_10_BABA-RAMAKRIShNANA">k</formula>
    <formula uri="http://libmeta.ru/fme/formula/aux/130_11_BABA-RAMAKRIShNANA">n</formula>
    <formula uri="http://libmeta.ru/fme/formula/aux/130_12_BABA-RAMAKRIShNANA">i_{1}, \ldots, i_{n}=1, \ldots, k</formula>
    <formula uri="http://libmeta.ru/fme/formula/aux/130_13_BABA-RAMAKRIShNANA">\xi_{i}(t, \varepsilon)</formula>
    <formula uri="http://libmeta.ru/fme/formula/aux/130_14_BABA-RAMAKRIShNANA">\left\{\xi_{j}\left(t, \varepsilon_{j}\right), j=1, \ldots, k\right\}</formula>
    <formula uri="http://libmeta.ru/fme/formula/aux/130_15_BABA-RAMAKRIShNANA">i</formula>
    <formula uri="http://libmeta.ru/fme/formula/aux/130_16_BABA-RAMAKRIShNANA">\varepsilon</formula>
    <formula uri="http://libmeta.ru/fme/formula/aux/130_17_BABA-RAMAKRIShNANA">t</formula>
    <formula uri="http://libmeta.ru/fme/formula/aux/130_18_BABA-RAMAKRIShNANA">(i=1)</formula>
    <formula uri="http://libmeta.ru/fme/formula/aux/130_19_BABA-RAMAKRIShNANA">(i=2)</formula>
    <formula uri="http://libmeta.ru/fme/formula/aux/130_20_BABA-RAMAKRIShNANA">w_{i}\left(\varepsilon, \varepsilon^{\prime}\right), i=1,2,3,-</formula>
    <formula uri="http://libmeta.ru/fme/formula/aux/130_21_BABA-RAMAKRIShNANA">\varepsilon ; i=1</formula>
    <formula uri="http://libmeta.ru/fme/formula/aux/130_22_BABA-RAMAKRIShNANA">\left(\varepsilon-\varepsilon^{\prime}\right) ; i=2-</formula>
    <formula uri="http://libmeta.ru/fme/formula/aux/130_23_BABA-RAMAKRIShNANA">\varepsilon^{\prime}</formula>
    <formula uri="http://libmeta.ru/fme/formula/aux/130_24_BABA-RAMAKRIShNANA">i=3</formula>
    <formula uri="http://libmeta.ru/fme/formula/aux/130_25_BABA-RAMAKRIShNANA">\left(\varepsilon-\varepsilon^{\prime}\right)</formula>
    <formula uri="http://libmeta.ru/fme/formula/aux/130_26_BABA-RAMAKRIShNANA">w_{i}</formula>
  </formulas_aux>
  <relations/>
  <text>уравнения, описывающие ветвящийся процесс $URI[[http://libmeta.ru/fme/formula/aux/130_1_BABA-RAMAKRIShNANA]]/URI$, состоящий из последовательности реакций элементарных частиц, взаимодействующих с веществом-поглотителем (каскадов частиц). Случайные реализации $URI[[http://libmeta.ru/fme/formula/aux/130_2_BABA-RAMAKRIShNANA]]/URI$ интерпретируются как число частиц с энергией меньшей $URI[[http://libmeta.ru/fme/formula/aux/130_3_BABA-RAMAKRIShNANA]]/URI$, проникающих на глубину $URI[[http://libmeta.ru/fme/formula/aux/130_4_BABA-RAMAKRIShNANA]]/URI$, то есть фазовое пространство процесса состоит из разрывных монотонно неубывающих функций от $URI[[http://libmeta.ru/fme/formula/aux/130_5_BABA-RAMAKRIShNANA]]/URI$, принимающих целые неотрицательные значения. Б.-Р. у. составляются для плотностей $URI[[http://libmeta.ru/fme/formula/aux/130_6_BABA-RAMAKRIShNANA]]/URI$-го порядка:

\[
URI[[http://libmeta.ru/fme/formula/main/130_1_BABA-RAMAKRIShNANA]]/URI
\]

Определение всех плотностей $URI[[http://libmeta.ru/fme/formula/aux/130_7_BABA-RAMAKRIShNANA]]/URI$ позволяет восстановить распределение вероятностей $URI[[http://libmeta.ru/fme/formula/aux/130_8_BABA-RAMAKRIShNANA]]/URI$ одномерного сечения случайного процесса, так как характеристич. функция $URI[[http://libmeta.ru/fme/formula/aux/130_9_BABA-RAMAKRIShNANA]]/URI$ этого распределения равна

\[
URI[[http://libmeta.ru/fme/formula/main/130_2_BABA-RAMAKRIShNANA]]/URI
\]

Если в каскаде присутствуют $URI[[http://libmeta.ru/fme/formula/aux/130_10_BABA-RAMAKRIShNANA]]/URI$ типов частиц, то Б.-Р.у. составляются для многокомпонентных плотностей $URI[[http://libmeta.ru/fme/formula/aux/130_11_BABA-RAMAKRIShNANA]]/URI$-го порядка

\[
URI[[http://libmeta.ru/fme/formula/main/130_3_BABA-RAMAKRIShNANA]]/URI
\]

где $URI[[http://libmeta.ru/fme/formula/aux/130_12_BABA-RAMAKRIShNANA]]/URI$, и случайная реализация $URI[[http://libmeta.ru/fme/formula/aux/130_13_BABA-RAMAKRIShNANA]]/URI$ многомерного процесса $URI[[http://libmeta.ru/fme/formula/aux/130_14_BABA-RAMAKRIShNANA]]/URI$ является числом частиц $URI[[http://libmeta.ru/fme/formula/aux/130_15_BABA-RAMAKRIShNANA]]/URI$-го типа с энергией меньшей $URI[[http://libmeta.ru/fme/formula/aux/130_16_BABA-RAMAKRIShNANA]]/URI$ на глубине $URI[[http://libmeta.ru/fme/formula/aux/130_17_BABA-RAMAKRIShNANA]]/URI$. В частности, для электронно-фотонного каскада имеются только два типа частиц: электроны $URI[[http://libmeta.ru/fme/formula/aux/130_18_BABA-RAMAKRIShNANA]]/URI$ и фотоны $URI[[http://libmeta.ru/fme/formula/aux/130_19_BABA-RAMAKRIShNANA]]/URI$ (здесь позитроны не отличаются от электронов). Б.-Р.у. для плотностей 1-го порядка этого каскада имеют вид

\[
URI[[http://libmeta.ru/fme/formula/main/130_4_BABA-RAMAKRIShNANA]]/URI
\]

Здесь $URI[[http://libmeta.ru/fme/formula/aux/130_20_BABA-RAMAKRIShNANA]]/URI$ интенсивности в единицу времени следующих реакций с начальной частицей при энергии $URI[[http://libmeta.ru/fme/formula/aux/130_21_BABA-RAMAKRIShNANA]]/URI$ - электрон излучает фотон с энергией $URI[[http://libmeta.ru/fme/formula/aux/130_22_BABA-RAMAKRIShNANA]]/URI$ фотон рождает электрон-позитронную пару с энергией $URI[[http://libmeta.ru/fme/formula/aux/130_23_BABA-RAMAKRIShNANA]]/URI$ для электрона и позитрона; $URI[[http://libmeta.ru/fme/formula/aux/130_24_BABA-RAMAKRIShNANA]]/URI$ - электрон в результате столкновения с частицей вещества-поглотителя теряет энергию $URI[[http://libmeta.ru/fme/formula/aux/130_25_BABA-RAMAKRIShNANA]]/URI$. При подстановке явных выражений для $URI[[http://libmeta.ru/fme/formula/aux/130_26_BABA-RAMAKRIShNANA]]/URI$ уравнения (2) переходят в Ландау-Румера уравнения.</text>
  <text_orig>уравнения, описывающие ветвящийся процесс $\{\xi(t, \varepsilon), t \geqslant 0, \varepsilon \geqslant 0\}$, состоящий из последовательности реакций элементарных частиц, взаимодействующих с веществом-поглотителем (каскадов частиц). Случайные реализации $\xi(t, \varepsilon)$ интерпретируются как число частиц с энергией меньшей $\varepsilon$, проникающих на глубину $t$, то есть фазовое пространство процесса состоит из разрывных монотонно неубывающих функций от $\varepsilon$, принимающих целые неотрицательные значения. Б.-Р. у. составляются для плотностей $n$-го порядка:

\[
f_{n}\left(\varepsilon_{1}, \varepsilon_{2}, \ldots, \varepsilon_{n} ; t\right)=\frac{\partial^{n}}{\partial \varepsilon_{1} \partial \varepsilon_{2} \ldots \partial \varepsilon_{n}} \mathrm{E}\left[\xi\left(t, \varepsilon_{1}\right) \ldots \xi\left(t, \varepsilon_{n}\right)\right] .
\]

Определение всех плотностей $f_{n}$ позволяет восстановить распределение вероятностей $\mathrm{P}\{\xi(t, \varepsilon)=n\}$ одномерного сечения случайного процесса, так как характеристич. функция $\varphi(s)$ этого распределения равна

\[
\begin{gathered}
\varphi(s)=\operatorname{Eexp}[i s \xi(t, \varepsilon)]= \\
=\sum_{l=0}^{\infty} \frac{(i s)^{l}}{l !} \int_{0}^{\varepsilon} f_{l}\left(\varepsilon_{1}, \varepsilon_{2}, \ldots, \varepsilon_{l} ; t\right) d \varepsilon_{1} d \varepsilon_{2} \ldots d \varepsilon_{l} .
\end{gathered}
\]

Если в каскаде присутствуют $k$ типов частиц, то Б.-Р.у. составляются для многокомпонентных плотностей $n$-го порядка

\[
f_{i_{1} \ldots i_{n}}\left(\varepsilon_{1}, \ldots, \varepsilon_{n} ; t\right)=\frac{\partial^{n}}{\partial \varepsilon_{1} \ldots \partial \varepsilon_{n}} \mathrm{E}\left[\xi_{i_{1}}\left(\varepsilon_{1}, t\right) \ldots \xi_{i_{n}}\left(\varepsilon_{n}, t\right)\right],
\]

где $i_{1}, \ldots, i_{n}=1, \ldots, k$, и случайная реализация $\xi_{i}(t, \varepsilon)$ многомерного процесса $\left\{\xi_{j}\left(t, \varepsilon_{j}\right), j=1, \ldots, k\right\}$ является числом частиц $i$-го типа с энергией меньшей $\varepsilon$ на глубине $t$. В частности, для электронно-фотонного каскада имеются только два типа частиц: электроны $(i=1)$ и фотоны $(i=2)$ (здесь позитроны не отличаются от электронов). Б.-Р.у. для плотностей 1-го порядка этого каскада имеют вид

\[
\left.\begin{array}{l}
\frac{\partial}{\partial t} f_{1}(\varepsilon ; t)=\int_{\varepsilon}^{\infty} d \varepsilon^{\prime}\left(w_{1}+w_{3}\right)\left(\varepsilon^{\prime}, \varepsilon\right) f_{1}\left(\varepsilon^{\prime} ; t\right)- \\
-f_{1}(\varepsilon ; t) \int_{0}^{\varepsilon} d \varepsilon^{\prime}\left(w_{1}+w_{3}\right)\left(\varepsilon, \varepsilon^{\prime}\right)+2 \int_{\varepsilon}^{\infty} d \varepsilon^{\prime} f_{2}\left(\varepsilon^{\prime} ; t\right) w_{2}\left(\varepsilon^{\prime}, \varepsilon\right), \\
\frac{\partial}{\partial t} f_{2}(\varepsilon ; t)=\int_{\varepsilon}^{\infty} d \varepsilon^{\prime} f_{1}\left(\varepsilon^{\prime}, t\right) w_{1}\left(\varepsilon^{\prime}, \varepsilon^{\prime}-\varepsilon\right)- \\
-f_{2}(\varepsilon ; t) \int_{0}^{\varepsilon} d \varepsilon^{\prime} w_{2}\left(\varepsilon^{\prime}, \varepsilon\right) .
\end{array}\right\}
\]

Здесь $w_{i}\left(\varepsilon, \varepsilon^{\prime}\right), i=1,2,3,-$ интенсивности в единицу времени следующих реакций с начальной частицей при энергии $\varepsilon ; i=1$ - электрон излучает фотон с энергией $\left(\varepsilon-\varepsilon^{\prime}\right) ; i=2-$ фотон рождает электрон-позитронную пару с энергией $\varepsilon^{\prime}$ для электрона и позитрона; $i=3$ - электрон в результате столкновения с частицей вещества-поглотителя теряет энергию $\left(\varepsilon-\varepsilon^{\prime}\right)$. При подстановке явных выражений для $w_{i}$ уравнения (2) переходят в Ландау-Румера уравнения.

Jum.: [1] B h a b há H., «Proc. Roy. Soc., ser. A», 1950, v. 202, № 2, p. 995-1005; [2] Ramakrishnan A., «Proc. Camb. Phil. Soc.», 1950, v. 46, № 3, p. 596-602; [3] Бару ч а - Р ид А. Т., Элементы теории марковских процессов и их приложения, пер. с англ., М., 1969.

Ю. П. Вириенко.</text_orig>
</article>
