<?xml version="1.0" ?>
<article uri="http://libmeta.ru/fme/article/1310_KOMMUTATIVNAJa">
  <title>КОММУТАТИВНАЯ ГРУППА, АБЕЛЕВА ГРУППА</title>
  <authors/>
  <title_short/>
  <pages>
    <start>280</start>
    <end>280</end>
  </pages>
  <literature>
    <literature_orig/>
  </literature>
  <formulas_main/>
  <formulas_aux/>
  <relations/>
  <text>,групnа, операция в которой коммутативна (перестановочна).</text>
  <text_orig>,групnа, операция в которой коммутативна (перестановочна).
</text_orig>
</article>
