<?xml version="1.0" ?>
<article uri="http://libmeta.ru/fme/article/1311_KOMMUTATIVNAJa" alphabetic_pos="1313">
  <title>КОММУТАТИВНАЯ БАНАХОВА АЛГЕБРА</title>
  <authors/>
  <pages>
    <start>280</start>
    <end>280</end>
  </pages>
  <literature>
    <literature_orig/>
  </literature>
  <formulas_main/>
  <formulas_aux/>
  <relations n="1">
    <relation uri="http://libmeta.ru/fme/relation/1311_1_KOMMUTATIVNAJa">
      <rel_text>Банахова алгебра</rel_text>
      <target>http://libmeta.ru/fme/article/134_BANAHOVA</target>
    </relation>
  </relations>
  <text>см. URI[[http://libmeta.ru/fme/relation/1311_1_KOMMUTATIVNAJa]]/URI.</text>
  <text_orig>см. Банахова алгебра.</text_orig>
</article>
