<?xml version="1.0" ?>
<article uri="http://libmeta.ru/fme/article/1311_KOMMUTATIVNAJa">
  <title>КОММУТАТИВНАЯ БАНАХОВА АЛГЕБРА</title>
  <authors/>
  <title_short/>
  <pages>
    <start>280</start>
    <end>280</end>
  </pages>
  <literature>
    <literature_orig/>
  </literature>
  <formulas_main/>
  <formulas_aux/>
  <relations>
    <relation uri="http://libmeta.ru/fme/relation/1311_109_KOMMUTATIVNAJa">
      <rel_text>Банахова алгебра</rel_text>
      <self present="true">http://libmeta.ru/fme/article/134_BANAHOVA</self>
    </relation>
  </relations>
  <text>см. URI[[http://libmeta.ru/fme/relation/1311_109_KOMMUTATIVNAJa]]/URI.</text>
  <text_orig>см. Банахова алгебра.</text_orig>
</article>
