<?xml version="1.0" ?>
<article uri="http://libmeta.ru/fme/article/1312_KOMMUTATsII">
  <title>КОММУТАЦИИ С ЭКСПОНЕНТОЙ ФОРМУЛА</title>
  <authors>
    <author>М. В. Федорюк</author>
  </authors>
  <title_short/>
  <pages>
    <start>281</start>
    <end>281</end>
  </pages>
  <literature>
    <literature_orig/>
  </literature>
  <formulas_main>
    <formula uri="http://libmeta.ru/fme/formula/main/1312_1_KOMMUTATsII">L(\varphi(x) \exp \{i \lambda S(x)\})=\exp \{i \lambda S(x)\} \sum_{j=0}^{m}(i \lambda)^{-j}\left(R_{j} \varphi\right)(x),</formula>
    <formula uri="http://libmeta.ru/fme/formula/main/1312_2_KOMMUTATsII">\begin{gathered}
L(\varphi \exp \{i \lambda S\})=\exp \{i \lambda S\} \sum_{j=0}^{\infty}(i \lambda)^{-j}\left(R_{j} \varphi\right)(x), \\
R_{0} \varphi=L^{0} \varphi, \quad R_{1} \varphi=\left(\frac{\partial L^{0}}{\partial \xi}, \frac{\partial \varphi}{\partial x}\right)+\frac{1}{2} \operatorname{Sp}\left(\frac{\partial^{2} L^{0}}{\partial \xi^{2}}, \frac{\partial^{2} S}{\partial x^{2}}\right) \varphi,
\end{gathered}</formula>
  </formulas_main>
  <formulas_aux>
    <formula uri="http://libmeta.ru/fme/formula/aux/1312_1_KOMMUTATsII">x \in \mathbb{R}^{n}, L=\sum_{|\alpha|=0}^{m} a_{\alpha}(x) \mathscr{D}^{\alpha}-</formula>
    <formula uri="http://libmeta.ru/fme/formula/aux/1312_2_KOMMUTATsII">\alpha=\left(\alpha_{1}, \ldots, \alpha_{n}\right),|\alpha|=\alpha_{1}+\ldots+\alpha_{n}, \alpha_{j} \geqslant 0-</formula>
    <formula uri="http://libmeta.ru/fme/formula/aux/1312_3_KOMMUTATsII">\mathscr{D}^{\alpha}=\mathscr{D}_{1}^{\alpha_{1}} \ldots \mathscr{D}_{n}^{\alpha_{n}}, \mathscr{D}_{j}=\frac{1}{i} \frac{\partial}{\partial x_{j}}</formula>
    <formula uri="http://libmeta.ru/fme/formula/aux/1312_4_KOMMUTATsII">\varphi, S, a_{\alpha}</formula>
    <formula uri="http://libmeta.ru/fme/formula/aux/1312_5_KOMMUTATsII">\boldsymbol{R}_{\boldsymbol{j}}</formula>
    <formula uri="http://libmeta.ru/fme/formula/aux/1312_6_KOMMUTATsII">S</formula>
    <formula uri="http://libmeta.ru/fme/formula/aux/1312_7_KOMMUTATsII">L</formula>
    <formula uri="http://libmeta.ru/fme/formula/aux/1312_8_KOMMUTATsII">m, \varphi \in C_{0}^{\infty}\left(\mathbb{R}^{n}\right), S \in C^{\infty}\left(\mathbb{R}^{n}\right)</formula>
    <formula uri="http://libmeta.ru/fme/formula/aux/1312_9_KOMMUTATsII">\nabla S \neq 0</formula>
    <formula uri="http://libmeta.ru/fme/formula/aux/1312_10_KOMMUTATsII">\operatorname{supp} \varphi</formula>
    <formula uri="http://libmeta.ru/fme/formula/aux/1312_11_KOMMUTATsII">\lambda \rightarrow+\infty</formula>
    <formula uri="http://libmeta.ru/fme/formula/aux/1312_12_KOMMUTATsII">\sum_{-\infty}^{m}</formula>
    <formula uri="http://libmeta.ru/fme/formula/aux/1312_13_KOMMUTATsII">L</formula>
    <formula uri="http://libmeta.ru/fme/formula/aux/1312_14_KOMMUTATsII">\lambda^{-1}</formula>
    <formula uri="http://libmeta.ru/fme/formula/aux/1312_15_KOMMUTATsII">L\left(x, \lambda^{-1} \xi\right)</formula>
    <formula uri="http://libmeta.ru/fme/formula/aux/1312_16_KOMMUTATsII">\varphi, S</formula>
    <formula uri="http://libmeta.ru/fme/formula/aux/1312_17_KOMMUTATsII">\nabla S \neq 0</formula>
    <formula uri="http://libmeta.ru/fme/formula/aux/1312_18_KOMMUTATsII">\lambda \rightarrow+\infty</formula>
    <formula uri="http://libmeta.ru/fme/formula/aux/1312_19_KOMMUTATsII">L^{0}=L(x, \nabla S(x))</formula>
    <formula uri="http://libmeta.ru/fme/formula/aux/1312_20_KOMMUTATsII">L^{0}</formula>
    <formula uri="http://libmeta.ru/fme/formula/aux/1312_21_KOMMUTATsII">1976 . \quad</formula>
  </formulas_aux>
  <relations/>
  <text> - фОрмула

\[
URI[[http://libmeta.ru/fme/formula/main/1312_1_KOMMUTATsII]]/URI
\]

где $URI[[http://libmeta.ru/fme/formula/aux/1312_1_KOMMUTATsII]]/URI$ линейный дифференциальный оператор, $URI[[http://libmeta.ru/fme/formula/aux/1312_2_KOMMUTATsII]]/URI$ целые, $URI[[http://libmeta.ru/fme/formula/aux/1312_3_KOMMUTATsII]]/URI$, функции $URI[[http://libmeta.ru/fme/formula/aux/1312_4_KOMMUTATsII]]/URI$ достаточно гладкие и $URI[[http://libmeta.ru/fme/formula/aux/1312_5_KOMMUTATsII]]/URI$ - линейные дифференциальные операторы, коэффициенты которых зависят от $URI[[http://libmeta.ru/fme/formula/aux/1312_6_KOMMUTATsII]]/URI$. Пусть $URI[[http://libmeta.ru/fme/formula/aux/1312_7_KOMMUTATsII]]/URI$ есть псевдодифференциальный оператор с достаточно гладким символом (см. [1]) порядка $URI[[http://libmeta.ru/fme/formula/aux/1312_8_KOMMUTATsII]]/URI$ вещественнозначна и $URI[[http://libmeta.ru/fme/formula/aux/1312_9_KOMMUTATsII]]/URI$ на $URI[[http://libmeta.ru/fme/formula/aux/1312_10_KOMMUTATsII]]/URI$. Тогда при $URI[[http://libmeta.ru/fme/formula/aux/1312_11_KOMMUTATsII]]/URI$ справедливо асимптотич. разложение вида (1): в правой части стоит асимптотич. ряд $URI[[http://libmeta.ru/fme/formula/aux/1312_12_KOMMUTATsII]]/URI$. Пусть $URI[[http://libmeta.ru/fme/formula/aux/1312_13_KOMMUTATsII]]/URI$ есть $URI[[http://libmeta.ru/fme/formula/aux/1312_14_KOMMUTATsII]]/URI$-псевдодифференциальный оператор с символом $URI[[http://libmeta.ru/fme/formula/aux/1312_15_KOMMUTATsII]]/URI$ (см. [2], [3]) и $URI[[http://libmeta.ru/fme/formula/aux/1312_16_KOMMUTATsII]]/URI$ такие же, как и выше (условие $URI[[http://libmeta.ru/fme/formula/aux/1312_17_KOMMUTATsII]]/URI$ излишне). Тогда при $URI[[http://libmeta.ru/fme/formula/aux/1312_18_KOMMUTATsII]]/URI$ справедливо асимптотич. разложение

\[
URI[[http://libmeta.ru/fme/formula/main/1312_2_KOMMUTATsII]]/URI
\]

где $URI[[http://libmeta.ru/fme/formula/aux/1312_19_KOMMUTATsII]]/URI$ и, аналогично, для производных $URI[[http://libmeta.ru/fme/formula/aux/1312_20_KOMMUTATsII]]/URI$. К. с э. Ф. имеется для канонич. оператора Маслова (см. [2], [3]).

Лит.: [1] Хё р м ан д е р Л., в сб.: Псевдодифференциальные операторы, пер. с англ., М., 1967, с. 63-87, 166-367; [2] М а с ло в В. П., Теория возмущений и асимптотические методы, М., 1965; [3] М ас лов В. П., Фе дорюк М. В., Квазиклассическое приближение для уравнений квантовой механики, М., $URI[[http://libmeta.ru/fme/formula/aux/1312_21_KOMMUTATsII]]/URI$</text>
  <text_orig> - фОрмула

\[
L(\varphi(x) \exp \{i \lambda S(x)\})=\exp \{i \lambda S(x)\} \sum_{j=0}^{m}(i \lambda)^{-j}\left(R_{j} \varphi\right)(x),
\]

где $x \in \mathbb{R}^{n}, L=\sum_{|\alpha|=0}^{m} a_{\alpha}(x) \mathscr{D}^{\alpha}-$ линейный дифференциальный оператор, $\alpha=\left(\alpha_{1}, \ldots, \alpha_{n}\right),|\alpha|=\alpha_{1}+\ldots+\alpha_{n}, \alpha_{j} \geqslant 0-$ целые, $\mathscr{D}^{\alpha}=\mathscr{D}_{1}^{\alpha_{1}} \ldots \mathscr{D}_{n}^{\alpha_{n}}, \mathscr{D}_{j}=\frac{1}{i} \frac{\partial}{\partial x_{j}}$, функции $\varphi, S, a_{\alpha}$ достаточно гладкие и $\boldsymbol{R}_{\boldsymbol{j}}$ - линейные дифференциальные операторы, коэффициенты которых зависят от $S$. Пусть $L$ есть псевдодифференциальный оператор с достаточно гладким символом (см. [1]) порядка $m, \varphi \in C_{0}^{\infty}\left(\mathbb{R}^{n}\right), S \in C^{\infty}\left(\mathbb{R}^{n}\right)$ вещественнозначна и $\nabla S \neq 0$ на $\operatorname{supp} \varphi$. Тогда при $\lambda \rightarrow+\infty$ справедливо асимптотич. разложение вида (1): в правой части стоит асимптотич. ряд $\sum_{-\infty}^{m}$. Пусть $L$ есть $\lambda^{-1}$-псевдодифференциальный оператор с символом $L\left(x, \lambda^{-1} \xi\right)$ (см. [2], [3]) и $\varphi, S$ такие же, как и выше (условие $\nabla S \neq 0$ излишне). Тогда при $\lambda \rightarrow+\infty$ справедливо асимптотич. разложение

\[
\begin{gathered}
L(\varphi \exp \{i \lambda S\})=\exp \{i \lambda S\} \sum_{j=0}^{\infty}(i \lambda)^{-j}\left(R_{j} \varphi\right)(x), \\
R_{0} \varphi=L^{0} \varphi, \quad R_{1} \varphi=\left(\frac{\partial L^{0}}{\partial \xi}, \frac{\partial \varphi}{\partial x}\right)+\frac{1}{2} \operatorname{Sp}\left(\frac{\partial^{2} L^{0}}{\partial \xi^{2}}, \frac{\partial^{2} S}{\partial x^{2}}\right) \varphi,
\end{gathered}
\]

где $L^{0}=L(x, \nabla S(x))$ и, аналогично, для производных $L^{0}$. К. с э. Ф. имеется для канонич. оператора Маслова (см. [2], [3]).

Лит.: [1] Хё р м ан д е р Л., в сб.: Псевдодифференциальные операторы, пер. с англ., М., 1967, с. 63-87, 166-367; [2] М а с ло в В. П., Теория возмущений и асимптотические методы, М., 1965; [3] М ас лов В. П., Фе дорюк М. В., Квазиклассическое приближение для уравнений квантовой механики, М., $1976 . \quad$ М. В. Федорюк.
</text_orig>
</article>
