<?xml version="1.0" ?>
<article uri="http://libmeta.ru/fme/article/1313_KOMMUTATOR">
  <title>КОММУТАТОР АЛГЕБРЫ ЛИ</title>
  <authors/>
  <title_short/>
  <pages>
    <start>280</start>
    <end>280</end>
  </pages>
  <literature>
    <literature_orig/>
  </literature>
  <formulas_main/>
  <formulas_aux/>
  <relations>
    <relation uri="http://libmeta.ru/fme/relation/1313_110_KOMMUTATOR">
      <rel_text>Ли алгебра</rel_text>
      <self present="true">http://libmeta.ru/fme/article/1583_LI</self>
    </relation>
  </relations>
  <text>см. URI[[http://libmeta.ru/fme/relation/1313_110_KOMMUTATOR]]/URI.</text>
  <text_orig>см. Ли алгебра.</text_orig>
</article>
