<?xml version="1.0" ?>
<article uri="http://libmeta.ru/fme/article/1317_KOMPAKTIFIKATsI">
  <title>КОМПАКТИФИКАЦИЯ</title>
  <authors/>
  <title_short/>
  <pages>
    <start>281</start>
    <end>281</end>
  </pages>
  <literature>
    <literature_orig/>
  </literature>
  <formulas_main/>
  <formulas_aux/>
  <relations>
    <relation uri="http://libmeta.ru/fme/relation/1317_112_KOMPAKTIFIKATsI">
      <rel_text>Поколения фермионов</rel_text>
      <self present="true">http://libmeta.ru/fme/article/2284_POKOLENIJa</self>
    </relation>
  </relations>
  <text>см. URI[[http://libmeta.ru/fme/relation/1317_112_KOMPAKTIFIKATsI]]/URI.</text>
  <text_orig>см. Поколения фермионов.</text_orig>
</article>
