<?xml version="1.0" ?>
<article uri="http://libmeta.ru/fme/article/1317_KOMPAKTNOTO">
  <title>КОМПАКТНОТО ТИПА ПРОСТРАНСТВО</title>
  <author/>
  <title_short/>
  <pages>
    <start>281</start>
    <end>281</end>
  </pages>
  <literature>
    <literature_orig/>
  </literature>
  <formulas_main/>
  <formulas_aux/>
  <relations/>
  <text> - см. СUмметрическое пространство.
</text>
  <text_orig> - см. СUмметрическое пространство.
</text_orig>
</article>
