<?xml version="1.0" ?>
<article uri="http://libmeta.ru/fme/article/1320_KOMPLEKSNAJa">
  <title>КОМПЛЕКСНАЯ ИЗОТРОПНАЯ ТЕТРАДА</title>
  <authors/>
  <title_short/>
  <pages>
    <start>281</start>
    <end>281</end>
  </pages>
  <literature>
    <literature_orig/>
  </literature>
  <formulas_main/>
  <formulas_aux/>
  <relations/>
  <text>СМ. НЬЮмена - Пенроуза формализм.</text>
  <text_orig>СМ. НЬЮмена - Пенроуза формализм.</text_orig>
</article>
