<?xml version="1.0" ?>
<article uri="http://libmeta.ru/fme/article/1320_KOMPAKTNYJ" alphabetic_pos="1322">
  <title>КОМПАКТНЫЙ ОПЕРАТОР</title>
  <authors/>
  <title_short/>
  <pages>
    <start>281</start>
    <end>281</end>
  </pages>
  <literature>
    <literature_orig/>
  </literature>
  <formulas_main/>
  <formulas_aux/>
  <relations/>
  <text>см. Собственное значение.</text>
  <text_orig>см. Собственное значение.</text_orig>
</article>
