<?xml version="1.0" ?>
<article uri="http://libmeta.ru/fme/article/1321_KOMPLEKSIFIKATsIJa">
  <title>КОМПЛЕКСИФИКАЦИЯ КРИВОЙ</title>
  <authors/>
  <title_short/>
  <pages>
    <start>281</start>
    <end>281</end>
  </pages>
  <literature>
    <literature_orig/>
  </literature>
  <formulas_main/>
  <formulas_aux/>
  <relations/>
  <text>см. Клейнова поверхность.</text>
  <text_orig>см. Клейнова поверхность.</text_orig>
</article>
