<?xml version="1.0" ?>
<article uri="http://libmeta.ru/fme/article/1322_KOMPLEKSNAJa" alphabetic_pos="1324">
  <title>КОМПЛЕКСНАЯ АЛГЕБРА ЛИ</title>
  <authors/>
  <title_short/>
  <pages>
    <start>281</start>
    <end>281</end>
  </pages>
  <literature>
    <literature_orig/>
  </literature>
  <formulas_main/>
  <formulas_aux/>
  <relations>
    <relation uri="http://libmeta.ru/fme/relation/1322_1_KOMPLEKSNAJa">
      <rel_text>Ли алгебра</rel_text>
      <target>http://libmeta.ru/fme/article/1583_LI</target>
    </relation>
  </relations>
  <text>см. URI[[http://libmeta.ru/fme/relation/1322_1_KOMPLEKSNAJa]]/URI.</text>
  <text_orig>см. Ли алгебра.</text_orig>
</article>
