<?xml version="1.0" ?>
<article uri="http://libmeta.ru/fme/article/1325_KOMPLEKSNAJa">
  <title>КОМПЛЕКСНАЯ СТРУКТУРА</title>
  <authors/>
  <title_short/>
  <pages>
    <start>281</start>
    <end>281</end>
  </pages>
  <literature>
    <literature_orig/>
  </literature>
  <formulas_main/>
  <formulas_aux/>
  <relations>
    <relation uri="http://libmeta.ru/fme/relation/1325_116_KOMPLEKSNAJa">
      <rel_text>Комплексное многообразие</rel_text>
      <self present="true">http://libmeta.ru/fme/article/1328_KOMPLEKSNOE</self>
    </relation>
  </relations>
  <text>сМ. URI[[http://libmeta.ru/fme/relation/1325_116_KOMPLEKSNAJa]]/URI.</text>
  <text_orig>сМ. Комплексное многообразие.</text_orig>
</article>
