<?xml version="1.0" ?>
<article uri="http://libmeta.ru/fme/article/1327_KOMPLEKSNOGO" alphabetic_pos="1329">
  <title>КОМПЛЕКСНОГО СОПРЯЖЕНИЯ ОПЕРАТОРЫ</title>
  <authors/>
  <title_short/>
  <pages>
    <start>281</start>
    <end>281</end>
  </pages>
  <literature>
    <literature_orig/>
  </literature>
  <formulas_main/>
  <formulas_aux/>
  <relations>
    <relation uri="http://libmeta.ru/fme/relation/1327_1_KOMPLEKSNOGO">
      <rel_text>Onераторы</rel_text>
      <target>http://libmeta.ru/fme/article/2078_OPERATsI</target>
    </relation>
  </relations>
  <text>См. URI[[http://libmeta.ru/fme/relation/1327_1_KOMPLEKSNOGO]]/URI.</text>
  <text_orig>СМ. Onераторы.</text_orig>
</article>
