<?xml version="1.0" ?>
<article uri="http://libmeta.ru/fme/article/1328_KOMPLEKSNOE" alphabetic_pos="1330">
  <title>КОМПЛЕКСНОЕ МНОГООБРАЗИЕ</title>
  <authors>
    <author>П. П. Гриневич</author>
  </authors>
  <title_short/>
  <pages>
    <start>281</start>
    <end>281</end>
  </pages>
  <literature>
    <literature_orig>Лит.: [1] У элл с Р., Дифференциальное исчисление на комплексных многообразиях, пер. с англ., М., 1976; [2] Дубро в и н Б. А., Н ов и ков С. П., Фоменко А.Т., Современная геометрия, М., 1986; [3] Гриффитс Ф., Харрис Дж., Принципы алгебраической геометрии, пер. с англ., М., 1982.</literature_orig>
    <unit>
      <author>Уэллс Р.</author>
      <title>Дифференциальное исчисление на комплексных многообразиях</title>
      <publication>пер. с англ., М.</publication>
      <year>1976</year>
      <other/>
    </unit>
    <unit>
      <author>Дубровин Б. А.</author>
      <author>Новиков С. П.</author>
      <author>Фоменко А. Т.</author>
      <title>Современная геометрия</title>
      <publication>М.</publication>
      <year>1986</year>
      <other/>
    </unit>
    <unit>
      <author>Гриффитс Ф.</author>
      <title>Харрис Дж., Принципы алгебраической геометрии</title>
      <publication>пер. с англ., М.</publication>
      <year>1982</year>
      <other/>
    </unit>
  </literature>
  <formulas_main/>
  <formulas_aux>
    <formula uri="http://libmeta.ru/fme/formula/aux/1328_1_KOMPLEKSNOE">m</formula>
    <formula uri="http://libmeta.ru/fme/formula/aux/1328_2_KOMPLEKSNOE">2 n</formula>
    <formula uri="http://libmeta.ru/fme/formula/aux/1328_3_KOMPLEKSNOE">v_{i}</formula>
    <formula uri="http://libmeta.ru/fme/formula/aux/1328_4_KOMPLEKSNOE">\left.\varphi_{i}: V_{i} \rightarrow \mathbb{C}^{n}\right)</formula>
    <formula uri="http://libmeta.ru/fme/formula/aux/1328_5_KOMPLEKSNOE">\varphi_{i} \varphi_{j}^{-1}</formula>
    <formula uri="http://libmeta.ru/fme/formula/aux/1328_6_KOMPLEKSNOE">n</formula>
    <formula uri="http://libmeta.ru/fme/formula/aux/1328_7_KOMPLEKSNOE">m</formula>
    <formula uri="http://libmeta.ru/fme/formula/aux/1328_8_KOMPLEKSNOE">\varphi_{i}-</formula>
    <formula uri="http://libmeta.ru/fme/formula/aux/1328_9_KOMPLEKSNOE">\mathbb{c}^{n}, \mathbb{C} P^{n}-n</formula>
    <formula uri="http://libmeta.ru/fme/formula/aux/1328_10_KOMPLEKSNOE">g_{n, k}(\mathbb{C})</formula>
    <formula uri="http://libmeta.ru/fme/formula/aux/1328_11_KOMPLEKSNOE">\mathbb{c} P^{n}</formula>
  </formulas_aux>
  <relations>
    <relation uri="http://libmeta.ru/fme/relation/1328_1_KOMPLEKSNOE">
      <rel_text>комплексной структурой</rel_text>
      <target>http://libmeta.ru/fme/article/1325_KOMPLEKSNAJa</target>
    </relation>
    <relation uri="http://libmeta.ru/fme/relation/1328_2_KOMPLEKSNOE">
      <rel_text>обладает</rel_text>
      <target>http://libmeta.ru/fme/article/2006_OBLAST</target>
    </relation>
    <relation uri="http://libmeta.ru/fme/relation/1328_3_KOMPLEKSNOE">
      <rel_text>группа</rel_text>
      <target>http://libmeta.ru/fme/article/737_GRUPP</target>
    </relation>
    <relation uri="http://libmeta.ru/fme/relation/1328_4_KOMPLEKSNOE">
      <rel_text>действия</rel_text>
      <target>http://libmeta.ru/fme/article/785_DEJSTVI</target>
    </relation>
    <relation uri="http://libmeta.ru/fme/relation/1328_5_KOMPLEKSNOE">
      <rel_text>орбиты</rel_text>
      <target>http://libmeta.ru/fme/article/2083_ORBIT</target>
    </relation>
    <relation uri="http://libmeta.ru/fme/relation/1328_6_KOMPLEKSNOE">
      <rel_text>многообразия</rel_text>
      <target>http://libmeta.ru/fme/article/1803_MNOGOOBRAZI</target>
    </relation>
    <relation uri="http://libmeta.ru/fme/relation/1328_7_KOMPLEKSNOE">
      <rel_text>римановы поверхности</rel_text>
      <target>http://libmeta.ru/fme/article/2640_RIMANOVA</target>
    </relation>
    <relation uri="http://libmeta.ru/fme/relation/1328_8_KOMPLEKSNOE">
      <rel_text>комплексное многообразие</rel_text>
      <target>http://libmeta.ru/fme/article/1328_KOMPLEKSNOE</target>
    </relation>
    <relation uri="http://libmeta.ru/fme/relation/1328_9_KOMPLEKSNOE">
      <rel_text>комплексная структура</rel_text>
      <target>http://libmeta.ru/fme/article/1325_KOMPLEKSNAJa</target>
    </relation>
    <relation uri="http://libmeta.ru/fme/relation/1328_10_KOMPLEKSNOE">
      <rel_text>многообразия</rel_text>
      <target>http://libmeta.ru/fme/article/1803_MNOGOOBRAZI</target>
    </relation>
    <relation uri="http://libmeta.ru/fme/relation/1328_11_KOMPLEKSNOE">
      <rel_text>размерностью многообразия</rel_text>
      <target>http://libmeta.ru/fme/article/2515_RAZMERNOST'</target>
    </relation>
    <relation uri="http://libmeta.ru/fme/relation/1328_12_KOMPLEKSNOE">
      <rel_text>голоморфны</rel_text>
      <target>http://libmeta.ru/fme/article/672_GOLOVASTI</target>
    </relation>
    <relation uri="http://libmeta.ru/fme/relation/1328_13_KOMPLEKSNOE">
      <rel_text>открытых множеств</rel_text>
      <target>http://libmeta.ru/fme/article/2139_OTKRYTOE</target>
    </relation>
    <relation uri="http://libmeta.ru/fme/relation/1328_14_KOMPLEKSNOE">
      <rel_text>многообразие</rel_text>
      <target>http://libmeta.ru/fme/article/1803_MNOGOOBRAZI</target>
    </relation>
  </relations>
  <text>вещественное URI[[http://libmeta.ru/fme/relation/1328_14_KOMPLEKSNOE]]/URI $URI[[http://libmeta.ru/fme/formula/aux/1328_1_KOMPLEKSNOE]]/URI$ четной размерности $URI[[http://libmeta.ru/fme/formula/aux/1328_2_KOMPLEKSNOE]]/URI$, снабженное дополнительной структурой: оно покрыто системой URI[[http://libmeta.ru/fme/relation/1328_13_KOMPLEKSNOE]]/URI $URI[[http://libmeta.ru/fme/formula/aux/1328_3_KOMPLEKSNOE]]/URI$, на каждом из которых задана система комплексных координат (то есть задано отображение $URI[[http://libmeta.ru/fme/formula/aux/1328_4_KOMPLEKSNOE]]/URI$, причем все функции $URI[[http://libmeta.ru/fme/formula/aux/1328_5_KOMPLEKSNOE]]/URI$, называемые функциям и пе реклейки, URI[[http://libmeta.ru/fme/relation/1328_12_KOMPLEKSNOE]]/URI. Число $URI[[http://libmeta.ru/fme/formula/aux/1328_6_KOMPLEKSNOE]]/URI$ называется URI[[http://libmeta.ru/fme/relation/1328_11_KOMPLEKSNOE]]/URI $URI[[http://libmeta.ru/fme/formula/aux/1328_7_KOMPLEKSNOE]]/URI$ (к о мпл е кс н о й), набор функций $URI[[http://libmeta.ru/fme/formula/aux/1328_8_KOMPLEKSNOE]]/URI$ ко мпл е к с н о й с т р у к т у р о й. Для заданного четномерного вещественного URI[[http://libmeta.ru/fme/relation/1328_10_KOMPLEKSNOE]]/URI URI[[http://libmeta.ru/fme/relation/1328_9_KOMPLEKSNOE]]/URI не обязательно существует или единственна с точностью до эквивалентности.

Важные примеры К. м.: $URI[[http://libmeta.ru/fme/formula/aux/1328_9_KOMPLEKSNOE]]/URI$-мерное проективное пространство, $URI[[http://libmeta.ru/fme/formula/aux/1328_10_KOMPLEKSNOE]]/URI$ - URI[[http://libmeta.ru/fme/relation/1328_8_KOMPLEKSNOE]]/URI Грассмана, алгебраич. подмногообразия $URI[[http://libmeta.ru/fme/formula/aux/1328_11_KOMPLEKSNOE]]/URI$, URI[[http://libmeta.ru/fme/relation/1328_7_KOMPLEKSNOE]]/URI, кэлеровы URI[[http://libmeta.ru/fme/relation/1328_6_KOMPLEKSNOE]]/URI, URI[[http://libmeta.ru/fme/relation/1328_5_KOMPLEKSNOE]]/URI приведенного URI[[http://libmeta.ru/fme/relation/1328_4_KOMPLEKSNOE]]/URI компактных групп Ли. Последний пример интересен тем, что исходная URI[[http://libmeta.ru/fme/relation/1328_3_KOMPLEKSNOE]]/URI не URI[[http://libmeta.ru/fme/relation/1328_2_KOMPLEKSNOE]]/URI URI[[http://libmeta.ru/fme/relation/1328_1_KOMPLEKSNOE]]/URI.</text>
  <text_orig>вещественное многообразие $M$ четной размерности $2 n$, снабженное дополнительной структурой: оно покрыто системой открытых множеств $V_{i}$, на каждом из которых задана система комплексных координат (то есть задано отображение $\left.\varphi_{i}: V_{i} \rightarrow \mathbb{C}^{n}\right)$, причем все функции $\varphi_{i} \varphi_{j}^{-1}$, называемые функциям и пе реклейки, голоморфны. Число $n$ называется размерностью многообразия $M$ (к о мпл е кс н о й), набор функций $\varphi_{i}-$ ко мпл е к с н о й с т р у к т у р о й. Для заданного четномерного вещественного многообразия комплексная структура не обязательно существует или единственна с точностью до эквивалентности.

Важные примеры К. м.: $\mathbb{C}^{n}, \mathbb{C} P^{n}-n$-мерное проективное пространство, $G_{n, k}(\mathbb{C})$ - комплексное многообразие Грассмана, алгебраич. подмногообразия $\mathbb{C} P^{n}$, римановы поверхности, кэлеровы многообразия, орбиты приведенного действия компактных групп Ли. Последний пример интересен тем, что исходная группа не обладает комплексной структурой.

Лит.: [1] У элл с Р., Дифференциальное исчисление на комплексных многообразиях, пер. с англ., М., 1976; [2] Дубро в и н Б. А., Н ов и ков С. П., Фоменко А.Т., Современная геометрия, М., 1986; [3] Гриффитс Ф., Харрис Дж., Принципы алгебраической геометрии, пер. с англ., М., 1982. П. П. Гриневич.</text_orig>
</article>
