<?xml version="1.0" ?>
<article uri="http://libmeta.ru/fme/article/1331_KOMPLEKSNYJ">
  <title>КОМПЛЕКСНЫЙ ОСЦИЛЛИРУЮЩИЙ ИНТЕГРАЛ</title>
  <authors/>
  <title_short/>
  <pages>
    <start>282</start>
    <end>282</end>
  </pages>
  <literature>
    <literature_orig/>
  </literature>
  <formulas_main/>
  <formulas_aux/>
  <relations>
    <relation uri="http://libmeta.ru/fme/relation/1331_120_KOMPLEKSNYJ">
      <rel_text>Перевала метод</rel_text>
      <self present="true">http://libmeta.ru/fme/article/2194_PEREVALA</self>
    </relation>
  </relations>
  <text>см. URI[[http://libmeta.ru/fme/relation/1331_120_KOMPLEKSNYJ]]/URI.</text>
  <text_orig>см. Перевала метод.</text_orig>
</article>
