<?xml version="1.0" ?>
<article uri="http://libmeta.ru/fme/article/1332_KOMPLEKSNYJ">
  <title>КОМПЛЕКСНЫЙ ПОТЕНЦИАЛ</title>
  <authors>
    <author>Ю. Е. Хохлов</author>
  </authors>
  <title_short/>
  <pages>
    <start>282</start>
    <end>282</end>
  </pages>
  <literature>
    <literature_orig/>
  </literature>
  <formulas_main>
    <formula uri="http://libmeta.ru/fme/formula/main/1332_1_KOMPLEKSNYJ">f(z)=\varphi(x, y)+i \psi(x, y),</formula>
    <formula uri="http://libmeta.ru/fme/formula/main/1332_2_KOMPLEKSNYJ">\boldsymbol{v}=\operatorname{grad} \varphi=(\partial \varphi / \partial x, \partial \varphi / \partial y)</formula>
    <formula uri="http://libmeta.ru/fme/formula/main/1332_3_KOMPLEKSNYJ">\operatorname{div}(\rho v)=q,</formula>
    <formula uri="http://libmeta.ru/fme/formula/main/1332_4_KOMPLEKSNYJ">d \psi=-v^{2} d x+v^{1} d y</formula>
    <formula uri="http://libmeta.ru/fme/formula/main/1332_5_KOMPLEKSNYJ">\boldsymbol{v}=f^{\prime}(z)</formula>
    <formula uri="http://libmeta.ru/fme/formula/main/1332_6_KOMPLEKSNYJ">\psi(x, y)=\operatorname{Im} f(z)=\text { const }</formula>
    <formula uri="http://libmeta.ru/fme/formula/main/1332_7_KOMPLEKSNYJ">\varphi(x, y)=\operatorname{Re} f(z)=\text { const, }</formula>
    <formula uri="http://libmeta.ru/fme/formula/main/1332_8_KOMPLEKSNYJ">N=\operatorname{Im} \int_{\partial D} f^{\prime}(z) d z</formula>
    <formula uri="http://libmeta.ru/fme/formula/main/1332_9_KOMPLEKSNYJ">\Gamma=\operatorname{Re} \int_{\partial D} f^{\prime}(z) d z</formula>
  </formulas_main>
  <formulas_aux>
    <formula uri="http://libmeta.ru/fme/formula/aux/1332_1_KOMPLEKSNYJ">z=x+i y</formula>
    <formula uri="http://libmeta.ru/fme/formula/aux/1332_2_KOMPLEKSNYJ">\varphi</formula>
    <formula uri="http://libmeta.ru/fme/formula/aux/1332_3_KOMPLEKSNYJ">\psi</formula>
    <formula uri="http://libmeta.ru/fme/formula/aux/1332_4_KOMPLEKSNYJ">\boldsymbol{v}=\left(\boldsymbol{v}^{1}, v^{2}\right)</formula>
    <formula uri="http://libmeta.ru/fme/formula/aux/1332_5_KOMPLEKSNYJ">\boldsymbol{v}</formula>
    <formula uri="http://libmeta.ru/fme/formula/aux/1332_6_KOMPLEKSNYJ">q</formula>
    <formula uri="http://libmeta.ru/fme/formula/aux/1332_7_KOMPLEKSNYJ">(q=0)</formula>
    <formula uri="http://libmeta.ru/fme/formula/aux/1332_8_KOMPLEKSNYJ">\operatorname{div}(v)=0</formula>
    <formula uri="http://libmeta.ru/fme/formula/aux/1332_9_KOMPLEKSNYJ">\boldsymbol{v}</formula>
    <formula uri="http://libmeta.ru/fme/formula/aux/1332_10_KOMPLEKSNYJ">\psi</formula>
    <formula uri="http://libmeta.ru/fme/formula/aux/1332_11_KOMPLEKSNYJ">D \subset \mathbb{C}</formula>
    <formula uri="http://libmeta.ru/fme/formula/aux/1332_12_KOMPLEKSNYJ">\boldsymbol{v}</formula>
    <formula uri="http://libmeta.ru/fme/formula/aux/1332_13_KOMPLEKSNYJ">\varphi</formula>
    <formula uri="http://libmeta.ru/fme/formula/aux/1332_14_KOMPLEKSNYJ">\psi</formula>
    <formula uri="http://libmeta.ru/fme/formula/aux/1332_15_KOMPLEKSNYJ">\partial \varphi / \partial x=\partial \psi / \partial y</formula>
    <formula uri="http://libmeta.ru/fme/formula/aux/1332_16_KOMPLEKSNYJ">\partial \varphi / \partial y=-\partial \psi / \partial x</formula>
    <formula uri="http://libmeta.ru/fme/formula/aux/1332_17_KOMPLEKSNYJ">D_{1}</formula>
    <formula uri="http://libmeta.ru/fme/formula/aux/1332_18_KOMPLEKSNYJ">D</formula>
    <formula uri="http://libmeta.ru/fme/formula/aux/1332_19_KOMPLEKSNYJ">\varphi: D_{1} \rightarrow D</formula>
    <formula uri="http://libmeta.ru/fme/formula/aux/1332_20_KOMPLEKSNYJ">w=\varphi^{*} f=f \circ \varphi</formula>
    <formula uri="http://libmeta.ru/fme/formula/aux/1332_21_KOMPLEKSNYJ">v=N / 2 \pi \bar{z}</formula>
    <formula uri="http://libmeta.ru/fme/formula/aux/1332_22_KOMPLEKSNYJ">N</formula>
    <formula uri="http://libmeta.ru/fme/formula/aux/1332_23_KOMPLEKSNYJ">f(z)=(N / 2 \pi) \log z</formula>
    <formula uri="http://libmeta.ru/fme/formula/aux/1332_24_KOMPLEKSNYJ">v=\Gamma i / 2 \pi \bar{z}</formula>
    <formula uri="http://libmeta.ru/fme/formula/aux/1332_25_KOMPLEKSNYJ">\Gamma</formula>
    <formula uri="http://libmeta.ru/fme/formula/aux/1332_26_KOMPLEKSNYJ">f(z)=(\Gamma i / 2 \pi) \log z</formula>
    <formula uri="http://libmeta.ru/fme/formula/aux/1332_27_KOMPLEKSNYJ">M</formula>
    <formula uri="http://libmeta.ru/fme/formula/aux/1332_28_KOMPLEKSNYJ">f(z)=M / 2 \pi z^{p}</formula>
  </formulas_aux>
  <relations/>
  <text>аналитическая функция комплексного переменного $URI[[http://libmeta.ru/fme/formula/aux/1332_1_KOMPLEKSNYJ]]/URI$ вида

\[
URI[[http://libmeta.ru/fme/formula/main/1332_1_KOMPLEKSNYJ]]/URI
\]

где гармоническая функшия $URI[[http://libmeta.ru/fme/formula/aux/1332_2_KOMPLEKSNYJ]]/URI$ является потенциалом, а сопряженная к ней функция $URI[[http://libmeta.ru/fme/formula/aux/1332_3_KOMPLEKSNYJ]]/URI$ представляет собой функцию тока (или силовую функцию) плоского векторного поля $URI[[http://libmeta.ru/fme/formula/aux/1332_4_KOMPLEKSNYJ]]/URI$.

В математич. физике широко используются эмпирически подкрепленные линейные законы движения, выражаемые (с точностью до числового коэффициента пропорциональности) в виде

\[
URI[[http://libmeta.ru/fme/formula/main/1332_2_KOMPLEKSNYJ]]/URI
\]

что указывает на потенциальность векторного поля $URI[[http://libmeta.ru/fme/formula/aux/1332_5_KOMPLEKSNYJ]]/URI$. Таковы, напр., закон Фурье в теории теплопроводности, закон Ома в электростатике, закон Дарси в теории фильтрации, описывающие связь между тепловым потоком и температурой, плотностью тока и электрич. потенциалом, скоростью фильтрации и давлением.

Наряду с законом движения (2) одним из фундаментальных законов ньютоновской механики является закон сохранения массы

\[
URI[[http://libmeta.ru/fme/formula/main/1332_3_KOMPLEKSNYJ]]/URI
\]

к-рый характеризуется в дифференциальной форме посредством оператора div и функции источников $URI[[http://libmeta.ru/fme/formula/aux/1332_6_KOMPLEKSNYJ]]/URI$ из правой части соотношения (3), называемого также у р а в н е н и м м не р а з ры в н о с т и. Поле без источников и стоков $URI[[http://libmeta.ru/fme/formula/aux/1332_7_KOMPLEKSNYJ]]/URI$, то есть $URI[[http://libmeta.ru/fme/formula/aux/1332_8_KOMPLEKSNYJ]]/URI$, является соленоидальным. Условие соленоидальности поля $URI[[http://libmeta.ru/fme/formula/aux/1332_9_KOMPLEKSNYJ]]/URI$ в односвязной области гарантирует существование функции тока $URI[[http://libmeta.ru/fme/formula/aux/1332_10_KOMPLEKSNYJ]]/URI$ такой, что

\[
URI[[http://libmeta.ru/fme/formula/main/1332_4_KOMPLEKSNYJ]]/URI
\]

Если в области $URI[[http://libmeta.ru/fme/formula/aux/1332_11_KOMPLEKSNYJ]]/URI$ задано потенциальное и соленоидальное векторное поле $URI[[http://libmeta.ru/fme/formula/aux/1332_12_KOMPLEKSNYJ]]/URI$, то для функций $URI[[http://libmeta.ru/fme/formula/aux/1332_13_KOMPLEKSNYJ]]/URI$ и $URI[[http://libmeta.ru/fme/formula/aux/1332_14_KOMPLEKSNYJ]]/URI$ выполнены соотношения $URI[[http://libmeta.ru/fme/formula/aux/1332_15_KOMPLEKSNYJ]]/URI$ и $URI[[http://libmeta.ru/fme/formula/aux/1332_16_KOMPLEKSNYJ]]/URI$, являющиеся Коши - Римана условиями для К. п. (1), представляющего собой (вообще говоря, многозначную) аналитич. функцию в области D. C другой стороны, произвольную аналитич. функцию можно интерпретировать как К. П. нек-рого двумерного потенциального и соленоидального векторного поля. При этом изолированные особые точки моделируют причины, порождающие физич. процесс (источник тепла, сток жидкости, точечный диполь и т.д.). Отмеченная взаимосвязь позволяет в полной мере использовать мошный аппарат комплексного анализа для решения плоских задач математич. физики.

По К. П. нетрудно определить все характеристики векторного поля, а именно: п о л е

\[
URI[[http://libmeta.ru/fme/formula/main/1332_5_KOMPLEKSNYJ]]/URI
\]

лин и и тока

\[
URI[[http://libmeta.ru/fme/formula/main/1332_6_KOMPLEKSNYJ]]/URI
\]

Э К в и по те н ци а лы

\[
URI[[http://libmeta.ru/fme/formula/main/1332_7_KOMPLEKSNYJ]]/URI
\]

п о т о к через кривую

\[
URI[[http://libmeta.ru/fme/formula/main/1332_8_KOMPLEKSNYJ]]/URI
\]

ц и р ку л я ц и ю вдоль кривой

\[
URI[[http://libmeta.ru/fme/formula/main/1332_9_KOMPLEKSNYJ]]/URI
\]

Поскольку суперпозиция аналитич. функций является аналитич. функцией, построение К. п. для области $URI[[http://libmeta.ru/fme/formula/aux/1332_17_KOMPLEKSNYJ]]/URI$ можно осуществить, если известны потенциал для области $URI[[http://libmeta.ru/fme/formula/aux/1332_18_KOMPLEKSNYJ]]/URI$ и однолистная функция $URI[[http://libmeta.ru/fme/formula/aux/1332_19_KOMPLEKSNYJ]]/URI$, задавая $URI[[http://libmeta.ru/fme/formula/aux/1332_20_KOMPLEKSNYJ]]/URI$.

П р и м е ры. 1) Векторное поле $URI[[http://libmeta.ru/fme/formula/aux/1332_21_KOMPLEKSNYJ]]/URI$ с источником мощности $URI[[http://libmeta.ru/fme/formula/aux/1332_22_KOMPLEKSNYJ]]/URI$ в нуле характеризуется комплексным потенциалом $URI[[http://libmeta.ru/fme/formula/aux/1332_23_KOMPLEKSNYJ]]/URI$.

2) Векторное поле $URI[[http://libmeta.ru/fme/formula/aux/1332_24_KOMPLEKSNYJ]]/URI$ с вихрем интенсивности $URI[[http://libmeta.ru/fme/formula/aux/1332_25_KOMPLEKSNYJ]]/URI$ в начале координат описывается комплексным потенциалом $URI[[http://libmeta.ru/fme/formula/aux/1332_26_KOMPLEKSNYJ]]/URI$

3) Векторное поле, порождаемое точечным мультиполем мощности $URI[[http://libmeta.ru/fme/formula/aux/1332_27_KOMPLEKSNYJ]]/URI$ в начале координат, задается комплексным потенциалом $URI[[http://libmeta.ru/fme/formula/aux/1332_28_KOMPLEKSNYJ]]/URI$.</text>
  <text_orig>аналитическая функция комплексного переменного $z=x+i y$ вида

\[
f(z)=\varphi(x, y)+i \psi(x, y),
\]

где гармоническая функшия $\varphi$ является потенциалом, а сопряженная к ней функция $\psi$ представляет собой функцию тока (или силовую функцию) плоского векторного поля $\boldsymbol{v}=\left(\boldsymbol{v}^{1}, v^{2}\right)$.

В математич. физике широко используются эмпирически подкрепленные линейные законы движения, выражаемые (с точностью до числового коэффициента пропорциональности) в виде

\[
\boldsymbol{v}=\operatorname{grad} \varphi=(\partial \varphi / \partial x, \partial \varphi / \partial y)
\]

что указывает на потенциальность векторного поля $\boldsymbol{v}$. Таковы, напр., закон Фурье в теории теплопроводности, закон Ома в электростатике, закон Дарси в теории фильтрации, описывающие связь между тепловым потоком и температурой, плотностью тока и электрич. потенциалом, скоростью фильтрации и давлением.

Наряду с законом движения (2) одним из фундаментальных законов ньютоновской механики является закон сохранения массы

\[
\operatorname{div}(\rho v)=q,
\]

к-рый характеризуется в дифференциальной форме посредством оператора div и функции источников $q$ из правой части соотношения (3), называемого также у р а в н е н и м м не р а з ры в н о с т и. Поле без источников и стоков $(q=0)$, то есть $\operatorname{div}(v)=0$, является соленоидальным. Условие соленоидальности поля $\boldsymbol{v}$ в односвязной области гарантирует существование функции тока $\psi$ такой, что

\[
d \psi=-v^{2} d x+v^{1} d y
\]

Если в области $D \subset \mathbb{C}$ задано потенциальное и соленоидальное векторное поле $\boldsymbol{v}$, то для функций $\varphi$ и $\psi$ выполнены соотношения $\partial \varphi / \partial x=\partial \psi / \partial y$ и $\partial \varphi / \partial y=-\partial \psi / \partial x$, являющиеся Коши - Римана условиями для К. п. (1), представляющего собой (вообще говоря, многозначную) аналитич. функцию в области D. C другой стороны, произвольную аналитич. функцию можно интерпретировать как К. П. нек-рого двумерного потенциального и соленоидального векторного поля. При этом изолированные особые точки моделируют причины, порождающие физич. процесс (источник тепла, сток жидкости, точечный диполь и т.д.). Отмеченная взаимосвязь позволяет в полной мере использовать мошный аппарат комплексного анализа для решения плоских задач математич. физики.

По К. П. нетрудно определить все характеристики векторного поля, а именно: п о л е

\[
\boldsymbol{v}=f^{\prime}(z)
\]

лин и и тока

\[
\psi(x, y)=\operatorname{Im} f(z)=\text { const }
\]

Э К в и по те н ци а лы

\[
\varphi(x, y)=\operatorname{Re} f(z)=\text { const, }
\]

п о т о к через кривую

\[
N=\operatorname{Im} \int_{\partial D} f^{\prime}(z) d z
\]

ц и р ку л я ц и ю вдоль кривой

\[
\Gamma=\operatorname{Re} \int_{\partial D} f^{\prime}(z) d z
\]

Поскольку суперпозиция аналитич. функций является аналитич. функцией, построение К. п. для области $D_{1}$ можно осуществить, если известны потенциал для области $D$ и однолистная функция $\varphi: D_{1} \rightarrow D$, задавая $w=\varphi^{*} f=f \circ \varphi$.

П р и м е ры. 1) Векторное поле $v=N / 2 \pi \bar{z}$ с источником мощности $N$ в нуле характеризуется комплексным потенциалом $f(z)=(N / 2 \pi) \log z$.

2) Векторное поле $v=\Gamma i / 2 \pi \bar{z}$ с вихрем интенсивности $\Gamma$ в начале координат описывается комплексным потенциалом $f(z)=(\Gamma i / 2 \pi) \log z$

3) Векторное поле, порождаемое точечным мультиполем мощности $M$ в начале координат, задается комплексным потенциалом $f(z)=M / 2 \pi z^{p}$.

Ю. Е. Хохлов.</text_orig>
</article>
