<?xml version="1.0" ?>
<article uri="http://libmeta.ru/fme/article/1334_KONEChNOZONNOE">
  <title>КОНЕЧНОЗОННОЕ ИНТЕТРИРОВАНИЕ</title>
  <authors/>
  <title_short/>
  <pages>
    <start>282</start>
    <end>282</end>
  </pages>
  <literature>
    <literature_orig/>
  </literature>
  <formulas_main/>
  <formulas_aux/>
  <relations/>
  <text> - сОВОКУПность методов построения точных решений нелинейных уравнений, допускающих коммутационные представления (уравнения типа Лакса, их двумеризация, уравнения нулевой кривизны). В основе К. и. лежит использование аппарата классич. алгебраич. геометрии, поэтому К. и. часто называют алгебро-геометрическим интегрир о в а н и е м уравнений математич. физики. Термин «К. и.» связан с работой С. П. Новикова [1], впервые рассмотревшего ограничение уравнения Кортевега - де Фриса на подмногообразие периодич. функций таких, что спектр соответствующего оператора Штурма - Лиувилля состоит из конечного числа зон.

Лит: [1] Н о в и ко в С. П «Функшиональный анализ и его приложения&amp;amp;quot;, 1974, т. 8, № 3, с. 54-66.</text>
  <text_orig> - сОВОКУПность методов построения точных решений нелинейных уравнений, допускающих коммутационные представления (уравнения типа Лакса, их двумеризация, уравнения нулевой кривизны). В основе К. и. лежит использование аппарата классич. алгебраич. геометрии, поэтому К. и. часто называют алгебро-геометрическим интегрир о в а н и е м уравнений математич. физики. Термин «К. и.» связан с работой С. П. Новикова [1], впервые рассмотревшего ограничение уравнения Кортевега - де Фриса на подмногообразие периодич. функций таких, что спектр соответствующего оператора Штурма - Лиувилля состоит из конечного числа зон.

Лит: [1] Н о в и ко в С. П «Функшиональный анализ и его приложения&amp;amp;quot;, 1974, т. 8, № 3, с. 54-66.</text_orig>
</article>
