<?xml version="1.0" ?>
<article uri="http://libmeta.ru/fme/article/1335_KONEChNOZONNOE">
  <title>КОНЕЧНОЗОННОЕ РЕШЕНИЕ</title>
  <authors/>
  <title_short/>
  <pages>
    <start>282</start>
    <end>282</end>
  </pages>
  <literature>
    <literature_orig/>
  </literature>
  <formulas_main/>
  <formulas_aux/>
  <relations/>
  <text> - см. Нелинейное уравнение Шредингера.</text>
  <text_orig> - см. Нелинейное уравнение Шредингера.
</text_orig>
</article>
