<?xml version="1.0" ?>
<article uri="http://libmeta.ru/fme/article/1338_KONEChNOZONNYJ" alphabetic_pos="1340">
  <title>КОНЕЧНОЗОННЫЙ ОПЕРАТОР ШРЕДИНГЕРА</title>
  <authors/>
  <title_short/>
  <pages>
    <start>282</start>
    <end>282</end>
  </pages>
  <literature>
    <literature_orig/>
  </literature>
  <formulas_main/>
  <formulas_aux/>
  <relations>
    <relation uri="http://libmeta.ru/fme/relation/1338_1_KONEChNOZONNYJ">
      <rel_text>дисперсии</rel_text>
      <target>http://libmeta.ru/fme/article/857_DISPERSI</target>
    </relation>
  </relations>
  <text>см. Блоха закон URI[[http://libmeta.ru/fme/relation/1338_1_KONEChNOZONNYJ]]/URI.</text>
  <text_orig>см. Блоха закон дисперсии.</text_orig>
</article>
