<?xml version="1.0" ?>
<article uri="http://libmeta.ru/fme/article/1339_KONEChNOMERNOE">
  <title>КОНЕЧНОМЕРНОЕ ВЕКТОРНОЕ ПРОСТРАНСТВО, $n$-МЕРНОЕ ВЕКТОРНОЕ ПРОСТРАНСТВО</title>
  <authors/>
  <title_short/>
  <pages>
    <start>282</start>
    <end>282</end>
  </pages>
  <literature>
    <literature_orig/>
  </literature>
  <formulas_main/>
  <formulas_aux>
    <formula uri="http://libmeta.ru/fme/formula/aux/1339_1_KONEChNOMERNOE">(n)</formula>
  </formulas_aux>
  <relations/>
  <text>векторное пространство, базис которого состоит из конечного $URI[[http://libmeta.ru/fme/formula/aux/1339_1_KONEChNOMERNOE]]/URI$ числа элементов.</text>
  <text_orig>векторное пространство, базис которого состоит из конечного $(n)$ числа элементов.</text_orig>
</article>
