<?xml version="1.0" ?>
<article uri="http://libmeta.ru/fme/article/1340_KONEChNOMERNOE">
  <title>КОНЕЧНОМЕРНОЕ ПРЕДСТАВЛЕНИЕ АЛГЕБРЫ ЛИ</title>
  <authors/>
  <title_short/>
  <pages>
    <start>282</start>
    <end>282</end>
  </pages>
  <literature>
    <literature_orig/>
  </literature>
  <formulas_main/>
  <formulas_aux/>
  <relations>
    <relation uri="http://libmeta.ru/fme/relation/1340_159_KONEChNOMERNOE">
      <rel_text>Представление алгебры Ли</rel_text>
      <target>http://libmeta.ru/fme/article/2358_PREDSTAVLENIE</target>
    </relation>
  </relations>
  <text>см. URI[[http://libmeta.ru/fme/relation/1340_159_KONEChNOMERNOE]]/URI.</text>
  <text_orig>см. Представление алгебры Ли.</text_orig>
</article>
