<?xml version="1.0" ?>
<article uri="http://libmeta.ru/fme/article/1340_KONEChNOMERNYH">
  <title>КОНЕЧНОМЕРНЫХ РАСПРЕДЕЛЕНИЙ УРАВНЕНИЯ</title>
  <author/>
  <title_short/>
  <pages>
    <start>282</start>
    <end>282</end>
  </pages>
  <literature>
    <literature_orig/>
  </literature>
  <formulas_main>
    <formula uri="http://libmeta.ru/fme/formula/main/1340_1_KONEChNOMERNYH">\frac{\partial f_{n}}{\partial t_{k}}=-\left(\frac{\partial u_{k \alpha} f_{n}}{\partial x_{k \alpha}}+\frac{\partial w_{k \alpha} f_{n}}{\partial u_{k \alpha}}\right),</formula>
  </formulas_main>
  <formulas_aux>
    <formula uri="http://libmeta.ru/fme/formula/aux/1340_1_KONEChNOMERNYH">n</formula>
    <formula uri="http://libmeta.ru/fme/formula/aux/1340_2_KONEChNOMERNYH">f_{n}=p_{M_{1} \ldots M_{n}}\left(\boldsymbol{u}_{1}, \ldots, \boldsymbol{u}_{n}\right)</formula>
    <formula uri="http://libmeta.ru/fme/formula/aux/1340_3_KONEChNOMERNYH">\boldsymbol{u}(M), M=(\boldsymbol{x}, t)</formula>
    <formula uri="http://libmeta.ru/fme/formula/aux/1340_4_KONEChNOMERNYH">w_{k}-</formula>
    <formula uri="http://libmeta.ru/fme/formula/aux/1340_5_KONEChNOMERNYH">\boldsymbol{x}_{k}</formula>
    <formula uri="http://libmeta.ru/fme/formula/aux/1340_6_KONEChNOMERNYH">\left(x, t_{k}\right)</formula>
    <formula uri="http://libmeta.ru/fme/formula/aux/1340_7_KONEChNOMERNYH">\boldsymbol{u}\left(M_{1}\right), \ldots, \boldsymbol{u}\left(M_{n}\right)</formula>
    <formula uri="http://libmeta.ru/fme/formula/aux/1340_8_KONEChNOMERNYH">f_{n+1}</formula>
    <formula uri="http://libmeta.ru/fme/formula/aux/1340_9_KONEChNOMERNYH">1036-38</formula>
  </formulas_aux>
  <relations/>
  <text> - уравнения, связывающие $URI[[http://libmeta.ru/fme/formula/aux/1340_1_KONEChNOMERNYH]]/URI$-точечные плотности вероятности $URI[[http://libmeta.ru/fme/formula/aux/1340_2_KONEChNOMERNYH]]/URI$ значений $URI[[http://libmeta.ru/fme/formula/aux/1340_3_KONEChNOMERNYH]]/URI$ поля скорости турбулентного течения:

\[
URI[[http://libmeta.ru/fme/formula/main/1340_1_KONEChNOMERNYH]]/URI
\]

где $URI[[http://libmeta.ru/fme/formula/aux/1340_4_KONEChNOMERNYH]]/URI$ перенесенное в $URI[[http://libmeta.ru/fme/formula/aux/1340_5_KONEChNOMERNYH]]/URI$ условное математическое ожидание гидродинамического ускорения в точке $URI[[http://libmeta.ru/fme/formula/aux/1340_6_KONEChNOMERNYH]]/URI$ при условии, что $URI[[http://libmeta.ru/fme/formula/aux/1340_7_KONEChNOMERNYH]]/URI$ фиксированы и потому выражаюшиеся через $URI[[http://libmeta.ru/fme/formula/aux/1340_8_KONEChNOMERNYH]]/URI$ (см. [1]).

Лит.: [1] Мо н и н А. С., «Доклады АН СССР», 1967, т. 177, № 5, c. $URI[[http://libmeta.ru/fme/formula/aux/1340_9_KONEChNOMERNYH]]/URI$.

А. С. Монин.
</text>
  <text_orig> - уравнения, связывающие $n$-точечные плотности вероятности $f_{n}=p_{M_{1} \ldots M_{n}}\left(\boldsymbol{u}_{1}, \ldots, \boldsymbol{u}_{n}\right)$ значений $\boldsymbol{u}(M), M=(\boldsymbol{x}, t)$ поля скорости турбулентного течения:

\[
\frac{\partial f_{n}}{\partial t_{k}}=-\left(\frac{\partial u_{k \alpha} f_{n}}{\partial x_{k \alpha}}+\frac{\partial w_{k \alpha} f_{n}}{\partial u_{k \alpha}}\right),
\]

где $w_{k}-$ перенесенное в $\boldsymbol{x}_{k}$ условное математическое ожидание гидродинамического ускорения в точке $\left(x, t_{k}\right)$ при условии, что $\boldsymbol{u}\left(M_{1}\right), \ldots, \boldsymbol{u}\left(M_{n}\right)$ фиксированы и потому выражаюшиеся через $f_{n+1}$ (см. [1]).

Лит.: [1] Мо н и н А. С., «Доклады АН СССР», 1967, т. 177, № 5, c. $1036-38$.

А. С. Монин.
</text_orig>
</article>
