<?xml version="1.0" ?>
<article uri="http://libmeta.ru/fme/article/1342_KONEChNOMERNYH" alphabetic_pos="1344">
  <title>КОНЕЧНОМЕРНЫХ РАСПРЕДЕЛЕНИЙ УРАВНЕНИЯ</title>
  <authors>
    <author>А. С. Монин</author>
  </authors>
  <pages>
    <start>282</start>
    <end>282</end>
  </pages>
  <literature>
    <literature_orig>Лит.: [1] Мо н и н А. С., «доклады Ан СССР», 1967, т. 177, № 5, c. $1036-38$.</literature_orig>
    <unit>
      <author>Монин А. С.</author>
      <title>«доклады Ан СССР»</title>
      <publication/>
      <year>1967</year>
      <other>т. 177, № 5, c. $1036-38$.</other>
    </unit>
  </literature>
  <formulas_main>
    <formula uri="http://libmeta.ru/fme/formula/main/1342_1_KONEChNOMERNYH">\frac{\partial f_{n}}{\partial t_{k}}=-\left(\frac{\partial u_{k \alpha} f_{n}}{\partial x_{k \alpha}}+\frac{\partial w_{k \alpha} f_{n}}{\partial u_{k \alpha}}\right),</formula>
  </formulas_main>
  <formulas_aux>
    <formula uri="http://libmeta.ru/fme/formula/aux/1342_1_KONEChNOMERNYH">n</formula>
    <formula uri="http://libmeta.ru/fme/formula/aux/1342_2_KONEChNOMERNYH">f_{n}=p_{m_{1} \ldots M_{n}}\left(\boldsymbol{u}_{1}, \ldots, \boldsymbol{u}_{n}\right)</formula>
    <formula uri="http://libmeta.ru/fme/formula/aux/1342_3_KONEChNOMERNYH">\boldsymbol{u}(m), M=(\boldsymbol{x}, t)</formula>
    <formula uri="http://libmeta.ru/fme/formula/aux/1342_4_KONEChNOMERNYH">w_{k}-</formula>
    <formula uri="http://libmeta.ru/fme/formula/aux/1342_5_KONEChNOMERNYH">\boldsymbol{x}_{k}</formula>
    <formula uri="http://libmeta.ru/fme/formula/aux/1342_6_KONEChNOMERNYH">\left(x, t_{k}\right)</formula>
    <formula uri="http://libmeta.ru/fme/formula/aux/1342_7_KONEChNOMERNYH">\boldsymbol{u}\left(m_{1}\right), \ldots, \boldsymbol{u}\left(M_{n}\right)</formula>
    <formula uri="http://libmeta.ru/fme/formula/aux/1342_8_KONEChNOMERNYH">f_{n+1}</formula>
  </formulas_aux>
  <relations n="6">
    <relation uri="http://libmeta.ru/fme/relation/1342_1_KONEChNOMERNYH">
      <rel_text>ускорения</rel_text>
      <target>http://libmeta.ru/fme/article/3196_USKORENI</target>
    </relation>
    <relation uri="http://libmeta.ru/fme/relation/1342_2_KONEChNOMERNYH">
      <rel_text>условное математическое ожидание</rel_text>
      <target>http://libmeta.ru/fme/article/3199_USLOVNOE</target>
    </relation>
    <relation uri="http://libmeta.ru/fme/relation/1342_3_KONEChNOMERNYH">
      <rel_text>перенесенное</rel_text>
      <target>http://libmeta.ru/fme/article/2200_PEREMEShIVANI</target>
    </relation>
    <relation uri="http://libmeta.ru/fme/relation/1342_4_KONEChNOMERNYH">
      <rel_text>турбулентного</rel_text>
      <target>http://libmeta.ru/fme/article/3139_TURBULENTNOST</target>
    </relation>
    <relation uri="http://libmeta.ru/fme/relation/1342_5_KONEChNOMERNYH">
      <rel_text>скорости</rel_text>
      <target>http://libmeta.ru/fme/article/2800_SKOROST</target>
    </relation>
    <relation uri="http://libmeta.ru/fme/relation/1342_6_KONEChNOMERNYH">
      <rel_text>плотности</rel_text>
      <target>http://libmeta.ru/fme/article/2253_PLOTNOST</target>
    </relation>
  </relations>
  <text>уравнения, связывающие $URI[[http://libmeta.ru/fme/formula/aux/1342_1_KONEChNOMERNYH]]/URI$-точечные URI[[http://libmeta.ru/fme/relation/1342_6_KONEChNOMERNYH]]/URI вероятности $URI[[http://libmeta.ru/fme/formula/aux/1342_2_KONEChNOMERNYH]]/URI$ значений $URI[[http://libmeta.ru/fme/formula/aux/1342_3_KONEChNOMERNYH]]/URI$ поля URI[[http://libmeta.ru/fme/relation/1342_5_KONEChNOMERNYH]]/URI URI[[http://libmeta.ru/fme/relation/1342_4_KONEChNOMERNYH]]/URI течения:

\[
URI[[http://libmeta.ru/fme/formula/main/1342_1_KONEChNOMERNYH]]/URI
\]

где $URI[[http://libmeta.ru/fme/formula/aux/1342_4_KONEChNOMERNYH]]/URI$ URI[[http://libmeta.ru/fme/relation/1342_3_KONEChNOMERNYH]]/URI в $URI[[http://libmeta.ru/fme/formula/aux/1342_5_KONEChNOMERNYH]]/URI$ URI[[http://libmeta.ru/fme/relation/1342_2_KONEChNOMERNYH]]/URI гидродинамического URI[[http://libmeta.ru/fme/relation/1342_1_KONEChNOMERNYH]]/URI в точке $URI[[http://libmeta.ru/fme/formula/aux/1342_6_KONEChNOMERNYH]]/URI$ при условии, что $URI[[http://libmeta.ru/fme/formula/aux/1342_7_KONEChNOMERNYH]]/URI$ фиксированы и потому выражающиеся через $URI[[http://libmeta.ru/fme/formula/aux/1342_8_KONEChNOMERNYH]]/URI$ (см. [1]).</text>
  <text_orig>уравнения, связывающие $n$-точечные плотности вероятности $f_{n}=p_{M_{1} \ldots M_{n}}\left(\boldsymbol{u}_{1}, \ldots, \boldsymbol{u}_{n}\right)$ значений $\boldsymbol{u}(M), M=(\boldsymbol{x}, t)$ поля скорости турбулентного течения:

\[
\frac{\partial f_{n}}{\partial t_{k}}=-\left(\frac{\partial u_{k \alpha} f_{n}}{\partial x_{k \alpha}}+\frac{\partial w_{k \alpha} f_{n}}{\partial u_{k \alpha}}\right),
\]

где $w_{k}-$ перенесенное в $\boldsymbol{x}_{k}$ условное математическое ожидание гидродинамического ускорения в точке $\left(x, t_{k}\right)$ при условии, что $\boldsymbol{u}\left(M_{1}\right), \ldots, \boldsymbol{u}\left(M_{n}\right)$ фиксированы и потому выражаюшиеся через $f_{n+1}$ (см. [1]).

Лит.: [1] Мо н и н А. С., «Доклады АН СССР», 1967, т. 177, № 5, c. $1036-38$.

А. С. Монин.</text_orig>
</article>
