<?xml version="1.0" ?>
<article uri="http://libmeta.ru/fme/article/1342_KONCERVATIVNAJa">
  <title>КОНCЕРВАТИВНАЯ CИCТЕМА</title>
  <author/>
  <title_short/>
  <pages>
    <start>283</start>
    <end>283</end>
  </pages>
  <literature>
    <literature_orig/>
  </literature>
  <formulas_main/>
  <formulas_aux>
    <formula uri="http://libmeta.ru/fme/formula/aux/1342_1_KONCERVATIVNAJa">T</formula>
    <formula uri="http://libmeta.ru/fme/formula/aux/1342_2_KONCERVATIVNAJa">U</formula>
    <formula uri="http://libmeta.ru/fme/formula/aux/1342_3_KONCERVATIVNAJa">T+U=\mathrm{const}</formula>
  </formulas_aux>
  <relations/>
  <text> - механическая система, для которой имеет место закон сохранения механической энергии, то есть сумма кинетической энергии $URI[[http://libmeta.ru/fme/formula/aux/1342_1_KONCERVATIVNAJa]]/URI$ и потенциальной энергии $URI[[http://libmeta.ru/fme/formula/aux/1342_2_KONCERVATIVNAJa]]/URI$ системы постоянна: $URI[[http://libmeta.ru/fme/formula/aux/1342_3_KONCERVATIVNAJa]]/URI$. Другие законы сохранения, напр. количества движения, могут при этом не соблюдаться. Пример К. с.- Солнечная система. В земных условиях, где неизбежно наличие сил сопротивления (трения, сопротивления среды и др.), вызывающих убывание механич. энергии и переход ее в другие формы энергии, напр. в тепло, К. с. осуществляется лишь грубо приближенно.
</text>
  <text_orig> - механическая система, для которой имеет место закон сохранения механической энергии, то есть сумма кинетической энергии $T$ и потенциальной энергии $U$ системы постоянна: $T+U=\mathrm{const}$. Другие законы сохранения, напр. количества движения, могут при этом не соблюдаться. Пример К. с.- Солнечная система. В земных условиях, где неизбежно наличие сил сопротивления (трения, сопротивления среды и др.), вызывающих убывание механич. энергии и переход ее в другие формы энергии, напр. в тепло, К. с. осуществляется лишь грубо приближенно.
</text_orig>
</article>
