<?xml version="1.0" ?>
<article uri="http://libmeta.ru/fme/article/1343_KONCERVATIVNOE">
  <title>КОНCЕРВАТИВНОЕ УРАВНЕНИЕ НЬЮТОНА</title>
  <author/>
  <title_short/>
  <pages>
    <start>283</start>
    <end>283</end>
  </pages>
  <literature>
    <literature_orig/>
  </literature>
  <formulas_main/>
  <formulas_aux/>
  <relations/>
  <text> - см. Ньютона уравнение.
</text>
  <text_orig> - см. Ньютона уравнение.
</text_orig>
</article>
