<?xml version="1.0" ?>
<article uri="http://libmeta.ru/fme/article/1344_KONTAKTIZATsI">
  <title>КОНТАКТИЗАЦИЯ</title>
  <authors/>
  <title_short/>
  <pages>
    <start>284</start>
    <end>284</end>
  </pages>
  <literature>
    <literature_orig/>
  </literature>
  <formulas_main/>
  <formulas_aux/>
  <relations/>
  <text> - см. Контактная геометрия, Симплектическая геометрия.</text>
  <text_orig> - см. Контактная геометрия, Симплектическая геометрия.
</text_orig>
</article>
