<?xml version="1.0" ?>
<article uri="http://libmeta.ru/fme/article/1344_KONSERVATIVNAJa" alphabetic_pos="1346">
  <title>КОНСЕРВАТИВНАЯ СИСТЕМА</title>
  <authors/>
  <title_short/>
  <pages>
    <start>283</start>
    <end>283</end>
  </pages>
  <literature>
    <literature_orig/>
  </literature>
  <formulas_main/>
  <formulas_aux>
    <formula uri="http://libmeta.ru/fme/formula/aux/1344_1_KONSERVATIVNAJa">t</formula>
    <formula uri="http://libmeta.ru/fme/formula/aux/1344_2_KONSERVATIVNAJa">u</formula>
    <formula uri="http://libmeta.ru/fme/formula/aux/1344_3_KONSERVATIVNAJa">t+u=\mathrm{const}</formula>
  </formulas_aux>
  <relations>
    <relation uri="http://libmeta.ru/fme/relation/1344_1_KONSERVATIVNAJa">
      <rel_text>энергии</rel_text>
      <target>http://libmeta.ru/fme/article/3530_ENERGI</target>
    </relation>
    <relation uri="http://libmeta.ru/fme/relation/1344_2_KONSERVATIVNAJa">
      <rel_text>энергии</rel_text>
      <target>http://libmeta.ru/fme/article/3530_ENERGI</target>
    </relation>
    <relation uri="http://libmeta.ru/fme/relation/1344_3_KONSERVATIVNAJa">
      <rel_text>механич</rel_text>
      <target>http://libmeta.ru/fme/article/1777_MEHANIK</target>
    </relation>
    <relation uri="http://libmeta.ru/fme/relation/1344_4_KONSERVATIVNAJa">
      <rel_text>законы сохранения</rel_text>
      <target>http://libmeta.ru/fme/article/2877_SOHRANENIJa</target>
    </relation>
    <relation uri="http://libmeta.ru/fme/relation/1344_5_KONSERVATIVNAJa">
      <rel_text>потенциальной энергии</rel_text>
      <target>http://libmeta.ru/fme/article/2340_POTENTsIAL'NAJa</target>
    </relation>
    <relation uri="http://libmeta.ru/fme/relation/1344_6_KONSERVATIVNAJa">
      <rel_text>кинетической энергии</rel_text>
      <target>http://libmeta.ru/fme/article/1227_KINETIChESKAJa</target>
    </relation>
    <relation uri="http://libmeta.ru/fme/relation/1344_7_KONSERVATIVNAJa">
      <rel_text>энергии</rel_text>
      <target>http://libmeta.ru/fme/article/3530_ENERGI</target>
    </relation>
  </relations>
  <text>механическая система, для которой имеет место закон сохранения механической URI[[http://libmeta.ru/fme/relation/1344_7_KONSERVATIVNAJa]]/URI, то есть сумма URI[[http://libmeta.ru/fme/relation/1344_6_KONSERVATIVNAJa]]/URI $URI[[http://libmeta.ru/fme/formula/aux/1344_1_KONSERVATIVNAJa]]/URI$ и URI[[http://libmeta.ru/fme/relation/1344_5_KONSERVATIVNAJa]]/URI $URI[[http://libmeta.ru/fme/formula/aux/1344_2_KONSERVATIVNAJa]]/URI$ системы постоянна: $URI[[http://libmeta.ru/fme/formula/aux/1344_3_KONSERVATIVNAJa]]/URI$. Другие URI[[http://libmeta.ru/fme/relation/1344_4_KONSERVATIVNAJa]]/URI, напр. количества движения, могут при этом не соблюдаться. Пример К. с.- Солнечная система. В земных условиях, где неизбежно наличие сил сопротивления (трения, сопротивления среды и др.), вызывающих убывание URI[[http://libmeta.ru/fme/relation/1344_3_KONSERVATIVNAJa]]/URI. URI[[http://libmeta.ru/fme/relation/1344_2_KONSERVATIVNAJa]]/URI и переход ее в другие формы URI[[http://libmeta.ru/fme/relation/1344_1_KONSERVATIVNAJa]]/URI, напр. в тепло, К. с. осуществляется лишь грубо приближенно.</text>
  <text_orig>механическая система, для которой имеет место закон сохранения механической энергии, то есть сумма кинетической энергии $T$ и потенциальной энергии $U$ системы постоянна: $T+U=\mathrm{const}$. Другие законы сохранения, напр. количества движения, могут при этом не соблюдаться. Пример К. с.- Солнечная система. В земных условиях, где неизбежно наличие сил сопротивления (трения, сопротивления среды и др.), вызывающих убывание механич. энергии и переход ее в другие формы энергии, напр. в тепло, К. с. осуществляется лишь грубо приближенно.</text_orig>
</article>
