<?xml version="1.0" ?>
<article uri="http://libmeta.ru/fme/article/1344_KONSTRUKTIVNAJa">
  <title>КОНСТРУКТИВНАЯ КВАНТОВАЯ ТЕОРИЯ ПОЛЯ</title>
  <authors>
    <author>Г. В. Ефимов</author>
  </authors>
  <title_short/>
  <pages>
    <start>283</start>
    <end>284</end>
  </pages>
  <literature>
    <literature_orig/>
  </literature>
  <formulas_main>
    <formula uri="http://libmeta.ru/fme/formula/main/1344_1_KONSTRUKTIVNAJa">W_{n}\left(x_{1}, \ldots, x_{n}\right)=\left\langle 0\left|\varphi\left(x_{1}\right) \ldots \varphi\left(x_{n}\right)\right| 0\right\rangle,</formula>
    <formula uri="http://libmeta.ru/fme/formula/main/1344_2_KONSTRUKTIVNAJa">\varphi(x)=\varphi(t, \boldsymbol{x})=\exp \{i H t\} \varphi(\boldsymbol{x}) \exp \{-i H t\} .</formula>
    <formula uri="http://libmeta.ru/fme/formula/main/1344_3_KONSTRUKTIVNAJa">H=H[\varphi]=H_{0}[\varphi]+g H_{I}[\varphi]</formula>
    <formula uri="http://libmeta.ru/fme/formula/main/1344_4_KONSTRUKTIVNAJa">\lim _{\sigma \rightarrow \infty} \lim _{\Lambda \rightarrow \infty} W_{n}(\cdot \mid \Lambda, \sigma)=W_{n}(\cdot)</formula>
    <formula uri="http://libmeta.ru/fme/formula/main/1344_5_KONSTRUKTIVNAJa">S_{n}\left(\tau_{1}, \boldsymbol{x}_{1} ; \ldots ; \tau_{n}, \boldsymbol{x}_{n}\right)=F_{n}\left(i \tau_{1}, \boldsymbol{x}_{1} ; \ldots ; i \tau_{n}, \boldsymbol{x}_{n}\right)</formula>
    <formula uri="http://libmeta.ru/fme/formula/main/1344_6_KONSTRUKTIVNAJa">S_{n}\left(\tau_{1}, x_{1} ; \ldots ; \tau_{n}, x_{n}\right)=E\left[\Phi\left(\tau_{1}, x_{1}\right) \ldots \Phi\left(\tau_{n}, x_{n}\right)\right]</formula>
  </formulas_main>
  <formulas_aux>
    <formula uri="http://libmeta.ru/fme/formula/aux/1344_1_KONSTRUKTIVNAJa">2-ю</formula>
    <formula uri="http://libmeta.ru/fme/formula/aux/1344_2_KONSTRUKTIVNAJa">60-x-</formula>
    <formula uri="http://libmeta.ru/fme/formula/aux/1344_3_KONSTRUKTIVNAJa">d=2</formula>
    <formula uri="http://libmeta.ru/fme/formula/aux/1344_4_KONSTRUKTIVNAJa">d=2</formula>
    <formula uri="http://libmeta.ru/fme/formula/aux/1344_5_KONSTRUKTIVNAJa">d=3</formula>
    <formula uri="http://libmeta.ru/fme/formula/aux/1344_6_KONSTRUKTIVNAJa">(d=4)</formula>
    <formula uri="http://libmeta.ru/fme/formula/aux/1344_7_KONSTRUKTIVNAJa">\left\{W_{n}\left(x_{1}, \ldots\right.\right.</formula>
    <formula uri="http://libmeta.ru/fme/formula/aux/1344_8_KONSTRUKTIVNAJa">\left.\left.x_{n}\right)\right\}</formula>
    <formula uri="http://libmeta.ru/fme/formula/aux/1344_9_KONSTRUKTIVNAJa">x_{1}, \ldots, x_{n}, n=1,2,3, \ldots</formula>
    <formula uri="http://libmeta.ru/fme/formula/aux/1344_10_KONSTRUKTIVNAJa">t_{i}, \boldsymbol{x}_{i}</formula>
    <formula uri="http://libmeta.ru/fme/formula/aux/1344_11_KONSTRUKTIVNAJa">\hbar=c=1</formula>
    <formula uri="http://libmeta.ru/fme/formula/aux/1344_12_KONSTRUKTIVNAJa">\varphi(x)</formula>
    <formula uri="http://libmeta.ru/fme/formula/aux/1344_13_KONSTRUKTIVNAJa">\varphi(x)</formula>
    <formula uri="http://libmeta.ru/fme/formula/aux/1344_14_KONSTRUKTIVNAJa">\varphi(x)</formula>
    <formula uri="http://libmeta.ru/fme/formula/aux/1344_15_KONSTRUKTIVNAJa">\varphi(t, \boldsymbol{x})</formula>
    <formula uri="http://libmeta.ru/fme/formula/aux/1344_16_KONSTRUKTIVNAJa">\boldsymbol{x}</formula>
    <formula uri="http://libmeta.ru/fme/formula/aux/1344_17_KONSTRUKTIVNAJa">t=0</formula>
    <formula uri="http://libmeta.ru/fme/formula/aux/1344_18_KONSTRUKTIVNAJa">H_{0}</formula>
    <formula uri="http://libmeta.ru/fme/formula/aux/1344_19_KONSTRUKTIVNAJa">g H_{I}</formula>
    <formula uri="http://libmeta.ru/fme/formula/aux/1344_20_KONSTRUKTIVNAJa">g-</formula>
    <formula uri="http://libmeta.ru/fme/formula/aux/1344_21_KONSTRUKTIVNAJa">\varphi(x))</formula>
    <formula uri="http://libmeta.ru/fme/formula/aux/1344_22_KONSTRUKTIVNAJa">(\Lambda)</formula>
    <formula uri="http://libmeta.ru/fme/formula/aux/1344_23_KONSTRUKTIVNAJa">(\sigma)</formula>
    <formula uri="http://libmeta.ru/fme/formula/aux/1344_24_KONSTRUKTIVNAJa">H_{\Lambda \sigma}[\varphi]</formula>
    <formula uri="http://libmeta.ru/fme/formula/aux/1344_25_KONSTRUKTIVNAJa">\left\{W_{n}(\cdot \mid \Lambda, \sigma)\right\}</formula>
    <formula uri="http://libmeta.ru/fme/formula/aux/1344_26_KONSTRUKTIVNAJa">\left\{W_{n}(\cdot)\right\}</formula>
    <formula uri="http://libmeta.ru/fme/formula/aux/1344_27_KONSTRUKTIVNAJa">\varphi_{2}^{4}</formula>
    <formula uri="http://libmeta.ru/fme/formula/aux/1344_28_KONSTRUKTIVNAJa">P^{n}(\varphi)_{2}, \bar{\psi} \psi \varphi_{2}</formula>
    <formula uri="http://libmeta.ru/fme/formula/aux/1344_29_KONSTRUKTIVNAJa">d=2</formula>
    <formula uri="http://libmeta.ru/fme/formula/aux/1344_30_KONSTRUKTIVNAJa">P^{n}-</formula>
    <formula uri="http://libmeta.ru/fme/formula/aux/1344_31_KONSTRUKTIVNAJa">n, \psi</formula>
    <formula uri="http://libmeta.ru/fme/formula/aux/1344_32_KONSTRUKTIVNAJa">\psi</formula>
    <formula uri="http://libmeta.ru/fme/formula/aux/1344_33_KONSTRUKTIVNAJa">W_{n}\left(t_{1}, \boldsymbol{x}_{1} ; \ldots ; t_{n}, \boldsymbol{x}_{n}\right)</formula>
    <formula uri="http://libmeta.ru/fme/formula/aux/1344_34_KONSTRUKTIVNAJa">F_{n}\left(z_{1}^{0}, z_{1} ; \ldots ; z_{n}^{0}, z_{n}\right)</formula>
    <formula uri="http://libmeta.ru/fme/formula/aux/1344_35_KONSTRUKTIVNAJa">z_{k}</formula>
    <formula uri="http://libmeta.ru/fme/formula/aux/1344_36_KONSTRUKTIVNAJa">z_{k}^{0}=i \tau_{k}, z_{k}=x_{k}</formula>
    <formula uri="http://libmeta.ru/fme/formula/aux/1344_37_KONSTRUKTIVNAJa">\tau_{k}</formula>
    <formula uri="http://libmeta.ru/fme/formula/aux/1344_38_KONSTRUKTIVNAJa">F_{n}\left(z_{1}, \ldots, z_{n}\right)</formula>
    <formula uri="http://libmeta.ru/fme/formula/aux/1344_39_KONSTRUKTIVNAJa">W_{n}</formula>
    <formula uri="http://libmeta.ru/fme/formula/aux/1344_40_KONSTRUKTIVNAJa">S_{n}</formula>
    <formula uri="http://libmeta.ru/fme/formula/aux/1344_41_KONSTRUKTIVNAJa">E[\Phi]-</formula>
    <formula uri="http://libmeta.ru/fme/formula/aux/1344_42_KONSTRUKTIVNAJa">\Phi</formula>
    <formula uri="http://libmeta.ru/fme/formula/aux/1344_43_KONSTRUKTIVNAJa">S_{n}(\cdot \mid \Lambda, \sigma)</formula>
    <formula uri="http://libmeta.ru/fme/formula/aux/1344_44_KONSTRUKTIVNAJa">P^{n}(\varphi)_{2}</formula>
    <formula uri="http://libmeta.ru/fme/formula/aux/1344_45_KONSTRUKTIVNAJa">\varphi_{3}^{4}</formula>
    <formula uri="http://libmeta.ru/fme/formula/aux/1344_46_KONSTRUKTIVNAJa">P(\varphi)_{2}</formula>
    <formula uri="http://libmeta.ru/fme/formula/aux/1344_47_KONSTRUKTIVNAJa">1984 . \quad</formula>
  </formulas_aux>
  <relations/>
  <text> направление квантовой теории поля, основная задача которого состоит в строгом математическом обосновании результатов, получаемых в квантовой теории поля. В отличие от аксиоматической квантовой теории поля, К. К. Т. П. призвана ответить на вопрос, существуют ли в математич. смысле нетривиальные квантованные поля для обычно рассматриваемых взаимодействий и удовлетворяют ли они основным аксиомам квантовой теории поля и аксиоматич. квантовой теории поля. В задачу К. К. т. П. входит реальное построение таких полей, изучение математич. свойств и различных квантовополевых объектов, связанных с этими полями, и выяснение физич. содержания рассматриваемой конкретной модели квантовой теории поля.

К. к. т. П. как самостоятельный раздел квантовой теории поля возникла в начале 60-х гг. и связана с именем А. Вайтмана (A. Wightman), к-рый сформулировал ее основную задачу. Вторым этапом развития К. К. Т. П. можно считать $URI[[http://libmeta.ru/fme/formula/aux/1344_1_KONSTRUKTIVNAJa]]/URI$ половину $URI[[http://libmeta.ru/fme/formula/aux/1344_2_KONSTRUKTIVNAJa]]/URI$ начало 70-х гг. [Дж. Глимм (J. Glimm), А. Джаффе (А. Jaffe) и др.], когда было доказано сушествование квантованных полей в простейших суперперенормируемых взаимодействиях (см. Перенормировка) в пространстве размерности $URI[[http://libmeta.ru/fme/formula/aux/1344_3_KONSTRUKTIVNAJa]]/URI$. Третий этап начался в 70-х гг. и связан с применением методов евклидовой теории поля (см. Евклидова квантовая теория поля). Основные теоремы евклидовой квантовой теории поля были доказаны К. Остервальдером (К. Osterwalder) и Р. Шрадером (R. Schrader). В начале 80-х гг. направление К. К. т. П. испытывает кризис, поскольку методы, развитые в пространстве $URI[[http://libmeta.ru/fme/formula/aux/1344_4_KONSTRUKTIVNAJa]]/URI$, с большим трудом переносятся в пространство $URI[[http://libmeta.ru/fme/formula/aux/1344_5_KONSTRUKTIVNAJa]]/URI$ и не ясно, что можно сделать в 4-мерном пространстве-времени $URI[[http://libmeta.ru/fme/formula/aux/1344_6_KONSTRUKTIVNAJa]]/URI$.

На первом этапе основным объектом изучения К. К. т. П. являлся бесконечный набор Вайтмана функций $URI[[http://libmeta.ru/fme/formula/aux/1344_7_KONSTRUKTIVNAJa]]/URI$, $URI[[http://libmeta.ru/fme/formula/aux/1344_8_KONSTRUKTIVNAJa]]/URI$, где $URI[[http://libmeta.ru/fme/formula/aux/1344_9_KONSTRUKTIVNAJa]]/URI$, - точки пространства-времени $URI[[http://libmeta.ru/fme/formula/aux/1344_10_KONSTRUKTIVNAJa]]/URI$ (используется система единиц, в к-рой $URI[[http://libmeta.ru/fme/formula/aux/1344_11_KONSTRUKTIVNAJa]]/URI$ ). Задание этих функций эквивалентно знанию квантованных полей в смысле аксиоматич. квантовой теории поля (так наз. теорема реконструкции Вайтмана). Функции Вайтмана, вообще говоря, можно было бы вычислить как вакуумные средние от произведения полей. Напр., в простейшем случае однокомпонентного скалярного поля $URI[[http://libmeta.ru/fme/formula/aux/1344_12_KONSTRUKTIVNAJa]]/URI$

\[
URI[[http://libmeta.ru/fme/formula/main/1344_1_KONSTRUKTIVNAJa]]/URI
\]

где гейзенбергово поле $URI[[http://libmeta.ru/fme/formula/aux/1344_13_KONSTRUKTIVNAJa]]/URI$ (см. Гейзенберга представление) определяется соотношением

\[
URI[[http://libmeta.ru/fme/formula/main/1344_2_KONSTRUKTIVNAJa]]/URI
\]

Здесь $URI[[http://libmeta.ru/fme/formula/aux/1344_14_KONSTRUKTIVNAJa]]/URI$ - «начальное» поле, то есть значение поля $URI[[http://libmeta.ru/fme/formula/aux/1344_15_KONSTRUKTIVNAJa]]/URI$ в точке пространства $URI[[http://libmeta.ru/fme/formula/aux/1344_16_KONSTRUKTIVNAJa]]/URI$ в момент времени $URI[[http://libmeta.ru/fme/formula/aux/1344_17_KONSTRUKTIVNAJa]]/URI$, а

\[
URI[[http://libmeta.ru/fme/formula/main/1344_3_KONSTRUKTIVNAJa]]/URI
\]

- гамильтониан системы, представленный в виде суммы гамильтониана $URI[[http://libmeta.ru/fme/formula/aux/1344_18_KONSTRUKTIVNAJa]]/URI$, описывающего невзаимодействуюшую систему, и гамильтониана взаимодействия $URI[[http://libmeta.ru/fme/formula/aux/1344_19_KONSTRUKTIVNAJa]]/URI$, где $URI[[http://libmeta.ru/fme/formula/aux/1344_20_KONSTRUKTIVNAJa]]/URI$ кон- станта связи (квадратные скобки означают функциональную зависимость от поля $URI[[http://libmeta.ru/fme/formula/aux/1344_21_KONSTRUKTIVNAJa]]/URI$.

Однако наличие расходимостей - объемных, ультрафиолетовых и, возможно, других - делает прямое вычисление по формуле (1) невозможным. Поэтому доказательство сушествования функций Вайтмана (1) строится следуюшим образом. В гамильтониан взаимодействия (3) вводятся объемное $URI[[http://libmeta.ru/fme/formula/aux/1344_22_KONSTRUKTIVNAJa]]/URI$ и ультрафиолетовые $URI[[http://libmeta.ru/fme/formula/aux/1344_23_KONSTRUKTIVNAJa]]/URI$ «обрезания», так что регуляризованный гамильтониан $URI[[http://libmeta.ru/fme/formula/aux/1344_24_KONSTRUKTIVNAJa]]/URI$ становится хорошо определенным эрмитовым оператором, а для него сушествует регуляризованный набор функций Вайтмана $URI[[http://libmeta.ru/fme/formula/aux/1344_25_KONSTRUKTIVNAJa]]/URI$, где точка обозначает набор пространственно-временных переменных. Далее к регуляризованному гамильтониану добавляются так наз. контрчлены, структура к-рых предсказывается теорией возмущений и к-рые призваны сократить возникающие расходимости в пределе снятия обрезания. Задачей К. к. т. П. является, во-первых, доказательство сушествования конечного предела

\[
URI[[http://libmeta.ru/fme/formula/main/1344_4_KONSTRUKTIVNAJa]]/URI
\]

при определенном выборе контрчленов и, во-вторых, доказательство того, что полученные предельные функции $URI[[http://libmeta.ru/fme/formula/aux/1344_26_KONSTRUKTIVNAJa]]/URI$ удовлетворяют всем требованиям аксиоматич. квантовой теории поля.

Математич. трудности при непосредственной реализации этой программы определяются сложностью операторной структуры вводимых контрчленов, что, в свою очередь, диктуется конкретным видом рассматриваемой квантовополевой модели. Наиболее простые контрчлены возникают в так наз. суперперенормируемых теориях, то есть в теориях, где число расходящихся Фейнмана диаграмм конечно. Именно по этой причине первые нетривиальные примеры построения релятивистских локальных квантованных полей были получены в суперперенормируемых моделях, характеризуемых плотностями гамильтониана взаимодействия $URI[[http://libmeta.ru/fme/formula/aux/1344_27_KONSTRUKTIVNAJa]]/URI$, $URI[[http://libmeta.ru/fme/formula/aux/1344_28_KONSTRUKTIVNAJa]]/URI$, где верхний индекс - степень взаимодействия, а нижний - размерность пространства-времени $URI[[http://libmeta.ru/fme/formula/aux/1344_29_KONSTRUKTIVNAJa]]/URI$, $URI[[http://libmeta.ru/fme/formula/aux/1344_30_KONSTRUKTIVNAJa]]/URI$ многочлен степени $URI[[http://libmeta.ru/fme/formula/aux/1344_31_KONSTRUKTIVNAJa]]/URI$ - спинорное Дирака поле (черта над $URI[[http://libmeta.ru/fme/formula/aux/1344_32_KONSTRUKTIVNAJa]]/URI$ означает дираковское сопряжение). Проведение сформулированной выше программы даже в этих простейших случаях потребовало создания математич. техники операторных оценок специально для изучаемых моделей.

Дальнейшее развитие К. к. т. П. связано с переходом к евклидову пространству и применением методов евклидовой теории поля. В аксиоматич. квантовой теории поля было доказано, что функции Вайтмана $URI[[http://libmeta.ru/fme/formula/aux/1344_33_KONSTRUKTIVNAJa]]/URI$ являются граничными значениями аналитич. функций $URI[[http://libmeta.ru/fme/formula/aux/1344_34_KONSTRUKTIVNAJa]]/URI$, в область аналитичности к-рых попадают также евклидовы 4-точки $URI[[http://libmeta.ru/fme/formula/aux/1344_35_KONSTRUKTIVNAJa]]/URI$ такие, что $URI[[http://libmeta.ru/fme/formula/aux/1344_36_KONSTRUKTIVNAJa]]/URI$, где $URI[[http://libmeta.ru/fme/formula/aux/1344_37_KONSTRUKTIVNAJa]]/URI$ - «мнимое время». Значения функций $URI[[http://libmeta.ru/fme/formula/aux/1344_38_KONSTRUKTIVNAJa]]/URI$ на множестве евклидовых точек называются функция м и Ш в и нге р а [введены Ю. Швингером (J. Schwinger) B 1951]:

\[
URI[[http://libmeta.ru/fme/formula/main/1344_5_KONSTRUKTIVNAJa]]/URI
\]

К. Остервальдер и Р. Шрадер (1975) нашли необходимые и достаточные условия, при выполнении к-рых была доказана эквивалентность теорий, построенных на функциях $URI[[http://libmeta.ru/fme/formula/aux/1344_39_KONSTRUKTIVNAJa]]/URI$ и $URI[[http://libmeta.ru/fme/formula/aux/1344_40_KONSTRUKTIVNAJa]]/URI$.

Изучение функций Швингера более удобно по следуюшим причинам. Во-первых, к решению проблем теории поля привлекаются хорошо разработанные теоретико-вероятностные методы, поскольку функции Швингера можно отождествить со средними от произведения случайных процессов (евклидовых полей):

\[
URI[[http://libmeta.ru/fme/formula/main/1344_6_KONSTRUKTIVNAJa]]/URI
\] Здесь $URI[[http://libmeta.ru/fme/formula/aux/1344_41_KONSTRUKTIVNAJa]]/URI$ среднее от нек-рой случайной величины $URI[[http://libmeta.ru/fme/formula/aux/1344_42_KONSTRUKTIVNAJa]]/URI$, заданной на нек-ром вероятностном пространстве. Было выяснено, что величина Ф(.) должна быть евклидово-ковариантным марковским случайным полем (см. Марковский процесс), удовлетворяющим определенным дополнительным требованиям, и доказано, что эти требования эквивалентны условиям Остервальдера-Шрадера. Во-вторых, переход к евклидовым вероятностным мерам позволил при исследовании проблем, связанных со снятием обрезаний, использовать корректные интегральные представления для регуляризованных функщий Швингера $URI[[http://libmeta.ru/fme/formula/aux/1344_43_KONSTRUKTIVNAJa]]/URI$ и многочисленные методы статистич. физики. Тем самым оказалось, что многие вопросы евклидовой теории эквивалентны проблемам статистич. физики. На этом пути были упрощены доказательства существования функций Вайтмана в модели $URI[[http://libmeta.ru/fme/formula/aux/1344_44_KONSTRUKTIVNAJa]]/URI$ и доказано их сушествование в модели $URI[[http://libmeta.ru/fme/formula/aux/1344_45_KONSTRUKTIVNAJa]]/URI$.

Математически развитые методы К. К. Т. П. привели пока к доказательству существования квантованных гейзенберговых полей только в суперперенормируемых моделях квантовой теории поля. Переход к изучению перенормируемых моделей требует привлечения новых идей и методов.

Лит.: [1] С а й м о н Б., Модель $URI[[http://libmeta.ru/fme/formula/aux/1344_46_KONSTRUKTIVNAJa]]/URI$ евклидовой квантовой теории поля, пер. с англ., М., 1976; [2] Конструктивная теория поля, пер. с англ., М., 1977; [3] Евклидова квантовая теория поля. Марковский подход, М., 1978; [4 ] Гли м м Д., Джаффе А., Математические методы квантовой физики. Подход с использованием функциональных интегралов, пер. с англ., М., $URI[[http://libmeta.ru/fme/formula/aux/1344_47_KONSTRUKTIVNAJa]]/URI$</text>
  <text_orig> направление квантовой теории поля, основная задача которого состоит в строгом математическом обосновании результатов, получаемых в квантовой теории поля. В отличие от аксиоматической квантовой теории поля, К. К. Т. П. призвана ответить на вопрос, существуют ли в математич. смысле нетривиальные квантованные поля для обычно рассматриваемых взаимодействий и удовлетворяют ли они основным аксиомам квантовой теории поля и аксиоматич. квантовой теории поля. В задачу К. К. т. П. входит реальное построение таких полей, изучение математич. свойств и различных квантовополевых объектов, связанных с этими полями, и выяснение физич. содержания рассматриваемой конкретной модели квантовой теории поля.

К. к. т. П. как самостоятельный раздел квантовой теории поля возникла в начале 60-х гг. и связана с именем А. Вайтмана (A. Wightman), к-рый сформулировал ее основную задачу. Вторым этапом развития К. К. Т. П. можно считать $2-ю$ половину $60-x-$ начало 70-х гг. [Дж. Глимм (J. Glimm), А. Джаффе (А. Jaffe) и др.], когда было доказано сушествование квантованных полей в простейших суперперенормируемых взаимодействиях (см. Перенормировка) в пространстве размерности $d=2$. Третий этап начался в 70-х гг. и связан с применением методов евклидовой теории поля (см. Евклидова квантовая теория поля). Основные теоремы евклидовой квантовой теории поля были доказаны К. Остервальдером (К. Osterwalder) и Р. Шрадером (R. Schrader). В начале 80-х гг. направление К. К. т. П. испытывает кризис, поскольку методы, развитые в пространстве $d=2$, с большим трудом переносятся в пространство $d=3$ и не ясно, что можно сделать в 4-мерном пространстве-времени $(d=4)$.

На первом этапе основным объектом изучения К. К. т. П. являлся бесконечный набор Вайтмана функций $\left\{W_{n}\left(x_{1}, \ldots\right.\right.$, $\left.\left.x_{n}\right)\right\}$, где $x_{1}, \ldots, x_{n}, n=1,2,3, \ldots$, - точки пространства-времени $t_{i}, \boldsymbol{x}_{i}$ (используется система единиц, в к-рой $\hbar=c=1$ ). Задание этих функций эквивалентно знанию квантованных полей в смысле аксиоматич. квантовой теории поля (так наз. теорема реконструкции Вайтмана). Функции Вайтмана, вообще говоря, можно было бы вычислить как вакуумные средние от произведения полей. Напр., в простейшем случае однокомпонентного скалярного поля $\varphi(x)$

\[
W_{n}\left(x_{1}, \ldots, x_{n}\right)=\left\langle 0\left|\varphi\left(x_{1}\right) \ldots \varphi\left(x_{n}\right)\right| 0\right\rangle,
\]

где гейзенбергово поле $\varphi(x)$ (см. Гейзенберга представление) определяется соотношением

\[
\varphi(x)=\varphi(t, \boldsymbol{x})=\exp \{i H t\} \varphi(\boldsymbol{x}) \exp \{-i H t\} .
\]

Здесь $\varphi(x)$ - «начальное» поле, то есть значение поля $\varphi(t, \boldsymbol{x})$ в точке пространства $\boldsymbol{x}$ в момент времени $t=0$, а

\[
H=H[\varphi]=H_{0}[\varphi]+g H_{I}[\varphi]
\]

- гамильтониан системы, представленный в виде суммы гамильтониана $H_{0}$, описывающего невзаимодействуюшую систему, и гамильтониана взаимодействия $g H_{I}$, где $g-$ кон- станта связи (квадратные скобки означают функциональную зависимость от поля $\varphi(x))$.

Однако наличие расходимостей - объемных, ультрафиолетовых и, возможно, других - делает прямое вычисление по формуле (1) невозможным. Поэтому доказательство сушествования функций Вайтмана (1) строится следуюшим образом. В гамильтониан взаимодействия (3) вводятся объемное $(\Lambda)$ и ультрафиолетовые $(\sigma)$ «обрезания», так что регуляризованный гамильтониан $H_{\Lambda \sigma}[\varphi]$ становится хорошо определенным эрмитовым оператором, а для него сушествует регуляризованный набор функций Вайтмана $\left\{W_{n}(\cdot \mid \Lambda, \sigma)\right\}$, где точка обозначает набор пространственно-временных переменных. Далее к регуляризованному гамильтониану добавляются так наз. контрчлены, структура к-рых предсказывается теорией возмущений и к-рые призваны сократить возникающие расходимости в пределе снятия обрезания. Задачей К. к. т. П. является, во-первых, доказательство сушествования конечного предела

\[
\lim _{\sigma \rightarrow \infty} \lim _{\Lambda \rightarrow \infty} W_{n}(\cdot \mid \Lambda, \sigma)=W_{n}(\cdot)
\]

при определенном выборе контрчленов и, во-вторых, доказательство того, что полученные предельные функции $\left\{W_{n}(\cdot)\right\}$ удовлетворяют всем требованиям аксиоматич. квантовой теории поля.

Математич. трудности при непосредственной реализации этой программы определяются сложностью операторной структуры вводимых контрчленов, что, в свою очередь, диктуется конкретным видом рассматриваемой квантовополевой модели. Наиболее простые контрчлены возникают в так наз. суперперенормируемых теориях, то есть в теориях, где число расходящихся Фейнмана диаграмм конечно. Именно по этой причине первые нетривиальные примеры построения релятивистских локальных квантованных полей были получены в суперперенормируемых моделях, характеризуемых плотностями гамильтониана взаимодействия $\varphi_{2}^{4}$, $P^{n}(\varphi)_{2}, \bar{\psi} \psi \varphi_{2}$, где верхний индекс - степень взаимодействия, а нижний - размерность пространства-времени $d=2$, $P^{n}-$ многочлен степени $n, \psi$ - спинорное Дирака поле (черта над $\psi$ означает дираковское сопряжение). Проведение сформулированной выше программы даже в этих простейших случаях потребовало создания математич. техники операторных оценок специально для изучаемых моделей.

Дальнейшее развитие К. к. т. П. связано с переходом к евклидову пространству и применением методов евклидовой теории поля. В аксиоматич. квантовой теории поля было доказано, что функции Вайтмана $W_{n}\left(t_{1}, \boldsymbol{x}_{1} ; \ldots ; t_{n}, \boldsymbol{x}_{n}\right)$ являются граничными значениями аналитич. функций $F_{n}\left(z_{1}^{0}, z_{1} ; \ldots ; z_{n}^{0}, z_{n}\right)$, в область аналитичности к-рых попадают также евклидовы 4-точки $z_{k}$ такие, что $z_{k}^{0}=i \tau_{k}, z_{k}=x_{k}$, где $\tau_{k}$ - «мнимое время». Значения функций $F_{n}\left(z_{1}, \ldots, z_{n}\right)$ на множестве евклидовых точек называются функция м и Ш в и нге р а [введены Ю. Швингером (J. Schwinger) B 1951]:

\[
S_{n}\left(\tau_{1}, \boldsymbol{x}_{1} ; \ldots ; \tau_{n}, \boldsymbol{x}_{n}\right)=F_{n}\left(i \tau_{1}, \boldsymbol{x}_{1} ; \ldots ; i \tau_{n}, \boldsymbol{x}_{n}\right)
\]

К. Остервальдер и Р. Шрадер (1975) нашли необходимые и достаточные условия, при выполнении к-рых была доказана эквивалентность теорий, построенных на функциях $W_{n}$ и $S_{n}$.

Изучение функций Швингера более удобно по следуюшим причинам. Во-первых, к решению проблем теории поля привлекаются хорошо разработанные теоретико-вероятностные методы, поскольку функции Швингера можно отождествить со средними от произведения случайных процессов (евклидовых полей):

\[
S_{n}\left(\tau_{1}, x_{1} ; \ldots ; \tau_{n}, x_{n}\right)=E\left[\Phi\left(\tau_{1}, x_{1}\right) \ldots \Phi\left(\tau_{n}, x_{n}\right)\right]
\] Здесь $E[\Phi]-$ среднее от нек-рой случайной величины $\Phi$, заданной на нек-ром вероятностном пространстве. Было выяснено, что величина Ф(.) должна быть евклидово-ковариантным марковским случайным полем (см. Марковский процесс), удовлетворяющим определенным дополнительным требованиям, и доказано, что эти требования эквивалентны условиям Остервальдера-Шрадера. Во-вторых, переход к евклидовым вероятностным мерам позволил при исследовании проблем, связанных со снятием обрезаний, использовать корректные интегральные представления для регуляризованных функщий Швингера $S_{n}(\cdot \mid \Lambda, \sigma)$ и многочисленные методы статистич. физики. Тем самым оказалось, что многие вопросы евклидовой теории эквивалентны проблемам статистич. физики. На этом пути были упрощены доказательства существования функций Вайтмана в модели $P^{n}(\varphi)_{2}$ и доказано их сушествование в модели $\varphi_{3}^{4}$.

Математически развитые методы К. К. Т. П. привели пока к доказательству существования квантованных гейзенберговых полей только в суперперенормируемых моделях квантовой теории поля. Переход к изучению перенормируемых моделей требует привлечения новых идей и методов.

Лит.: [1] С а й м о н Б., Модель $P(\varphi)_{2}$ евклидовой квантовой теории поля, пер. с англ., М., 1976; [2] Конструктивная теория поля, пер. с англ., М., 1977; [3] Евклидова квантовая теория поля. Марковский подход, М., 1978; [4 ] Гли м м Д., Джаффе А., Математические методы квантовой физики. Подход с использованием функциональных интегралов, пер. с англ., М., $1984 . \quad$ Г. В. Ефимов.</text_orig>
</article>
