<?xml version="1.0" ?>
<article uri="http://libmeta.ru/fme/article/1346_KONTAKTNAJa">
  <title>КОНТАКТНАЯ ГИПЕРПЛОСКОСТЬ</title>
  <authors/>
  <title_short/>
  <pages>
    <start>286</start>
    <end>286</end>
  </pages>
  <literature>
    <literature_orig/>
  </literature>
  <formulas_main/>
  <formulas_aux/>
  <relations/>
  <text>гиПерПлОсКостЬ контактной структуры.</text>
  <text_orig>гиПерПлОсКостЬ контактной структуры.</text_orig>
</article>
