<?xml version="1.0" ?>
<article uri="http://libmeta.ru/fme/article/1348_KONTAKTNAJa">
  <title>КОНТАКТНАЯ ГЕОМЕТРИЯ</title>
  <authors>
    <author>C. A. Табачников</author>
  </authors>
  <title_short/>
  <pages>
    <start>284</start>
    <end>286</end>
  </pages>
  <literature>
    <literature_orig>Лum.: [1] А р н о л ьд В. И., Математические методы классической механики, 2 изд., М., 1979; [2] Ар н ол ьд В. И., Ги в е т аль А. Б., в кн.: Итоги науки и техники. Современные проблемы математики. Фундаментальные направления. Динамические системы, т. 4, М., 1985; [3] А р н ольд В. И., «успехи математич. наук», 1986, т. 41, в. 6, c. 3-18; [4] Bennequi n D., &quot;astérisque», 1983, v. 107-108, p. $87-161$.</literature_orig>
    <unit>
      <author>Арнольд В. И.</author>
      <title>Математические методы классической механики</title>
      <publication>2 изд., М.</publication>
      <year>1979</year>
      <other/>
    </unit>
    <unit>
      <author>Арнольд В. И.</author>
      <author>Гиветаль А. Б.</author>
      <title>в кн.: Итоги науки и техники. Современные проблемы математики. Фундаментальные направления. Динамические системы</title>
      <publication>М.</publication>
      <year>1985</year>
      <other>т. 4</other>
    </unit>
    <unit>
      <author>Арнольд В. И.</author>
      <title>«успехи математич. наук»</title>
      <publication/>
      <year>1986</year>
      <other>т. 41, в. 6, c. 3-18</other>
    </unit>
    <unit>
      <author>Bennequin D.</author>
      <title>&quot;astérisque»</title>
      <publication/>
      <year>1983</year>
      <other>v. 107-108, p. $87-161$.</other>
    </unit>
  </literature>
  <formulas_main>
    <formula uri="http://libmeta.ru/fme/formula/main/1348_1_KONTAKTNAJa">\lambda=\sum x_{i} d y_{i}+d z</formula>
    <formula uri="http://libmeta.ru/fme/formula/main/1348_2_KONTAKTNAJa">(x, f(x), d f(x)), x \in M .</formula>
    <formula uri="http://libmeta.ru/fme/formula/main/1348_3_KONTAKTNAJa">\lambda=d z-\sum x_{i} d y_{i}</formula>
    <formula uri="http://libmeta.ru/fme/formula/main/1348_4_KONTAKTNAJa">\begin{gathered}
v=\left(f-\sum x_{i} \partial f / \partial x_{i}\right) \partial / \partial z+ \\
+\sum\left(\partial f / \partial y_{i}+x_{i} \partial f / \partial z\right) \partial / \partial x_{i}-\sum \partial f / \partial x_{i} \partial / \partial y_{i}
\end{gathered}</formula>
    <formula uri="http://libmeta.ru/fme/formula/main/1348_5_KONTAKTNAJa">\begin{gathered}
{[f, g]=f \partial g / \partial z-\partial f / \partial z g-} \\
-\sum x_{i}\left(\partial f / \partial x_{i} \partial g / \partial z-\partial f / \partial z \partial g / \partial x_{i}\right)- \\
-\sum \partial f / \partial x_{i} \partial g / \partial y_{i}+\sum \partial f / \partial y_{i} \partial g / \partial x_{i} .
\end{gathered}</formula>
  </formulas_main>
  <formulas_aux>
    <formula uri="http://libmeta.ru/fme/formula/aux/1348_1_KONTAKTNAJa">m^{2 n+1}</formula>
    <formula uri="http://libmeta.ru/fme/formula/aux/1348_2_KONTAKTNAJa">2 n</formula>
    <formula uri="http://libmeta.ru/fme/formula/aux/1348_3_KONTAKTNAJa">\lambda</formula>
    <formula uri="http://libmeta.ru/fme/formula/aux/1348_4_KONTAKTNAJa">\lambda \wedge(d \lambda)^{n} \neq 0</formula>
    <formula uri="http://libmeta.ru/fme/formula/aux/1348_5_KONTAKTNAJa">\lambda-</formula>
    <formula uri="http://libmeta.ru/fme/formula/aux/1348_6_KONTAKTNAJa">d \lambda</formula>
    <formula uri="http://libmeta.ru/fme/formula/aux/1348_7_KONTAKTNAJa">2 n</formula>
    <formula uri="http://libmeta.ru/fme/formula/aux/1348_8_KONTAKTNAJa">\lambda</formula>
    <formula uri="http://libmeta.ru/fme/formula/aux/1348_9_KONTAKTNAJa">\mathbb{r}^{3}</formula>
    <formula uri="http://libmeta.ru/fme/formula/aux/1348_10_KONTAKTNAJa">\lambda=x d y+d z(x, y</formula>
    <formula uri="http://libmeta.ru/fme/formula/aux/1348_11_KONTAKTNAJa">z-</formula>
    <formula uri="http://libmeta.ru/fme/formula/aux/1348_12_KONTAKTNAJa">\mathbb{r}^{2 n+1}</formula>
    <formula uri="http://libmeta.ru/fme/formula/aux/1348_13_KONTAKTNAJa">x_{1}, \ldots, x_{n}, y_{1}, \ldots, y_{n}, z</formula>
    <formula uri="http://libmeta.ru/fme/formula/aux/1348_14_KONTAKTNAJa">(2 n+1)</formula>
    <formula uri="http://libmeta.ru/fme/formula/aux/1348_15_KONTAKTNAJa">s^{3}</formula>
    <formula uri="http://libmeta.ru/fme/formula/aux/1348_16_KONTAKTNAJa">\mathbb{c}^{1}</formula>
    <formula uri="http://libmeta.ru/fme/formula/aux/1348_17_KONTAKTNAJa">s^{3}</formula>
    <formula uri="http://libmeta.ru/fme/formula/aux/1348_18_KONTAKTNAJa">\mathbb{c}^{2}</formula>
    <formula uri="http://libmeta.ru/fme/formula/aux/1348_19_KONTAKTNAJa">u(1)</formula>
    <formula uri="http://libmeta.ru/fme/formula/aux/1348_20_KONTAKTNAJa">s^{3} \subset \mathbb{C}^{2}</formula>
    <formula uri="http://libmeta.ru/fme/formula/aux/1348_21_KONTAKTNAJa">j M</formula>
    <formula uri="http://libmeta.ru/fme/formula/aux/1348_22_KONTAKTNAJa">m^{n}</formula>
    <formula uri="http://libmeta.ru/fme/formula/aux/1348_23_KONTAKTNAJa">j^{1} M=\mathbb{R} \times T^{*} M</formula>
    <formula uri="http://libmeta.ru/fme/formula/aux/1348_24_KONTAKTNAJa">\lambda=d z-\alpha</formula>
    <formula uri="http://libmeta.ru/fme/formula/aux/1348_25_KONTAKTNAJa">z-</formula>
    <formula uri="http://libmeta.ru/fme/formula/aux/1348_26_KONTAKTNAJa">\mathbb{r}</formula>
    <formula uri="http://libmeta.ru/fme/formula/aux/1348_27_KONTAKTNAJa">\alpha=\sum p_{i} d q_{i}-</formula>
    <formula uri="http://libmeta.ru/fme/formula/aux/1348_28_KONTAKTNAJa">t^{*} M</formula>
    <formula uri="http://libmeta.ru/fme/formula/aux/1348_29_KONTAKTNAJa">m^{n}</formula>
    <formula uri="http://libmeta.ru/fme/formula/aux/1348_30_KONTAKTNAJa">m</formula>
    <formula uri="http://libmeta.ru/fme/formula/aux/1348_31_KONTAKTNAJa">p\left(t^{*} M\right)</formula>
    <formula uri="http://libmeta.ru/fme/formula/aux/1348_32_KONTAKTNAJa">\xi</formula>
    <formula uri="http://libmeta.ru/fme/formula/aux/1348_33_KONTAKTNAJa">\xi-</formula>
    <formula uri="http://libmeta.ru/fme/formula/aux/1348_34_KONTAKTNAJa">\xi</formula>
    <formula uri="http://libmeta.ru/fme/formula/aux/1348_35_KONTAKTNAJa">m-</formula>
    <formula uri="http://libmeta.ru/fme/formula/aux/1348_36_KONTAKTNAJa">m</formula>
    <formula uri="http://libmeta.ru/fme/formula/aux/1348_37_KONTAKTNAJa">x \in M</formula>
    <formula uri="http://libmeta.ru/fme/formula/aux/1348_38_KONTAKTNAJa">t_{x} M</formula>
    <formula uri="http://libmeta.ru/fme/formula/aux/1348_39_KONTAKTNAJa">n</formula>
    <formula uri="http://libmeta.ru/fme/formula/aux/1348_40_KONTAKTNAJa">\alpha</formula>
    <formula uri="http://libmeta.ru/fme/formula/aux/1348_41_KONTAKTNAJa">\boldsymbol{v} \in T M</formula>
    <formula uri="http://libmeta.ru/fme/formula/aux/1348_42_KONTAKTNAJa">\xi \in N</formula>
    <formula uri="http://libmeta.ru/fme/formula/aux/1348_43_KONTAKTNAJa">\xi</formula>
    <formula uri="http://libmeta.ru/fme/formula/aux/1348_44_KONTAKTNAJa">v</formula>
    <formula uri="http://libmeta.ru/fme/formula/aux/1348_45_KONTAKTNAJa">t M</formula>
    <formula uri="http://libmeta.ru/fme/formula/aux/1348_46_KONTAKTNAJa">d \alpha</formula>
    <formula uri="http://libmeta.ru/fme/formula/aux/1348_47_KONTAKTNAJa">n</formula>
    <formula uri="http://libmeta.ru/fme/formula/aux/1348_48_KONTAKTNAJa">n</formula>
    <formula uri="http://libmeta.ru/fme/formula/aux/1348_49_KONTAKTNAJa">m</formula>
    <formula uri="http://libmeta.ru/fme/formula/aux/1348_50_KONTAKTNAJa">m</formula>
    <formula uri="http://libmeta.ru/fme/formula/aux/1348_51_KONTAKTNAJa">p T^{*} X</formula>
    <formula uri="http://libmeta.ru/fme/formula/aux/1348_52_KONTAKTNAJa">n</formula>
    <formula uri="http://libmeta.ru/fme/formula/aux/1348_53_KONTAKTNAJa">t^{*} X-X-</formula>
    <formula uri="http://libmeta.ru/fme/formula/aux/1348_54_KONTAKTNAJa">n</formula>
    <formula uri="http://libmeta.ru/fme/formula/aux/1348_55_KONTAKTNAJa">\mathbb{r}^{x}</formula>
    <formula uri="http://libmeta.ru/fme/formula/aux/1348_56_KONTAKTNAJa">d \alpha</formula>
    <formula uri="http://libmeta.ru/fme/formula/aux/1348_57_KONTAKTNAJa">n</formula>
    <formula uri="http://libmeta.ru/fme/formula/aux/1348_58_KONTAKTNAJa">m</formula>
    <formula uri="http://libmeta.ru/fme/formula/aux/1348_59_KONTAKTNAJa">n</formula>
    <formula uri="http://libmeta.ru/fme/formula/aux/1348_60_KONTAKTNAJa">\mathbb{r}^{x}</formula>
    <formula uri="http://libmeta.ru/fme/formula/aux/1348_61_KONTAKTNAJa">n</formula>
    <formula uri="http://libmeta.ru/fme/formula/aux/1348_62_KONTAKTNAJa">k=n \times \mathbb{R}</formula>
    <formula uri="http://libmeta.ru/fme/formula/aux/1348_63_KONTAKTNAJa">\alpha-d z</formula>
    <formula uri="http://libmeta.ru/fme/formula/aux/1348_64_KONTAKTNAJa">z-</formula>
    <formula uri="http://libmeta.ru/fme/formula/aux/1348_65_KONTAKTNAJa">\mathbb{r}</formula>
    <formula uri="http://libmeta.ru/fme/formula/aux/1348_66_KONTAKTNAJa">n</formula>
    <formula uri="http://libmeta.ru/fme/formula/aux/1348_67_KONTAKTNAJa">t^{*} M</formula>
    <formula uri="http://libmeta.ru/fme/formula/aux/1348_68_KONTAKTNAJa">\alpha</formula>
    <formula uri="http://libmeta.ru/fme/formula/aux/1348_69_KONTAKTNAJa">\omega=d \alpha</formula>
    <formula uri="http://libmeta.ru/fme/formula/aux/1348_70_KONTAKTNAJa">m</formula>
    <formula uri="http://libmeta.ru/fme/formula/aux/1348_71_KONTAKTNAJa">\lambda</formula>
    <formula uri="http://libmeta.ru/fme/formula/aux/1348_72_KONTAKTNAJa">\boldsymbol{v}</formula>
    <formula uri="http://libmeta.ru/fme/formula/aux/1348_73_KONTAKTNAJa">\mathbb{r}^{x}</formula>
    <formula uri="http://libmeta.ru/fme/formula/aux/1348_74_KONTAKTNAJa">\boldsymbol{v}</formula>
    <formula uri="http://libmeta.ru/fme/formula/aux/1348_75_KONTAKTNAJa">n</formula>
    <formula uri="http://libmeta.ru/fme/formula/aux/1348_76_KONTAKTNAJa">\lambda</formula>
    <formula uri="http://libmeta.ru/fme/formula/aux/1348_77_KONTAKTNAJa">m \subset N</formula>
    <formula uri="http://libmeta.ru/fme/formula/aux/1348_78_KONTAKTNAJa">m</formula>
    <formula uri="http://libmeta.ru/fme/formula/aux/1348_79_KONTAKTNAJa">\boldsymbol{v}</formula>
    <formula uri="http://libmeta.ru/fme/formula/aux/1348_80_KONTAKTNAJa">\boldsymbol{v}</formula>
    <formula uri="http://libmeta.ru/fme/formula/aux/1348_81_KONTAKTNAJa">\left(x_{1}, \ldots, x_{n}, y_{1}, \ldots, y_{n}, z-\right.</formula>
    <formula uri="http://libmeta.ru/fme/formula/aux/1348_82_KONTAKTNAJa">)</formula>
    <formula uri="http://libmeta.ru/fme/formula/aux/1348_83_KONTAKTNAJa">f</formula>
    <formula uri="http://libmeta.ru/fme/formula/aux/1348_84_KONTAKTNAJa">\lambda(v)=f</formula>
    <formula uri="http://libmeta.ru/fme/formula/aux/1348_85_KONTAKTNAJa">f \mapsto v</formula>
    <formula uri="http://libmeta.ru/fme/formula/aux/1348_86_KONTAKTNAJa">n</formula>
    <formula uri="http://libmeta.ru/fme/formula/aux/1348_87_KONTAKTNAJa">(2 n+1)</formula>
    <formula uri="http://libmeta.ru/fme/formula/aux/1348_88_KONTAKTNAJa">d \lambda</formula>
    <formula uri="http://libmeta.ru/fme/formula/aux/1348_89_KONTAKTNAJa">\lambda</formula>
    <formula uri="http://libmeta.ru/fme/formula/aux/1348_90_KONTAKTNAJa">p\left(t^{*} M\right)</formula>
    <formula uri="http://libmeta.ru/fme/formula/aux/1348_91_KONTAKTNAJa">m</formula>
    <formula uri="http://libmeta.ru/fme/formula/aux/1348_92_KONTAKTNAJa">p \subset M</formula>
    <formula uri="http://libmeta.ru/fme/formula/aux/1348_93_KONTAKTNAJa">p-</formula>
    <formula uri="http://libmeta.ru/fme/formula/aux/1348_94_KONTAKTNAJa">p T^{*} M \rightarrow M</formula>
    <formula uri="http://libmeta.ru/fme/formula/aux/1348_95_KONTAKTNAJa">p</formula>
    <formula uri="http://libmeta.ru/fme/formula/aux/1348_96_KONTAKTNAJa">t</formula>
    <formula uri="http://libmeta.ru/fme/formula/aux/1348_97_KONTAKTNAJa">f</formula>
    <formula uri="http://libmeta.ru/fme/formula/aux/1348_98_KONTAKTNAJa">j^{1} M</formula>
    <formula uri="http://libmeta.ru/fme/formula/aux/1348_99_KONTAKTNAJa">1-</formula>
    <formula uri="http://libmeta.ru/fme/formula/aux/1348_100_KONTAKTNAJa">f</formula>
    <formula uri="http://libmeta.ru/fme/formula/aux/1348_101_KONTAKTNAJa">m</formula>
    <formula uri="http://libmeta.ru/fme/formula/aux/1348_102_KONTAKTNAJa">\lambda</formula>
    <formula uri="http://libmeta.ru/fme/formula/aux/1348_103_KONTAKTNAJa">d \lambda</formula>
    <formula uri="http://libmeta.ru/fme/formula/aux/1348_104_KONTAKTNAJa">d \lambda</formula>
    <formula uri="http://libmeta.ru/fme/formula/aux/1348_105_KONTAKTNAJa">s^{3}</formula>
    <formula uri="http://libmeta.ru/fme/formula/aux/1348_106_KONTAKTNAJa">s^{3} \rightarrow S^{2}</formula>
    <formula uri="http://libmeta.ru/fme/formula/aux/1348_107_KONTAKTNAJa">s^{3}</formula>
    <formula uri="http://libmeta.ru/fme/formula/aux/1348_108_KONTAKTNAJa">s^{1}</formula>
    <formula uri="http://libmeta.ru/fme/formula/aux/1348_109_KONTAKTNAJa">s^{2}</formula>
    <formula uri="http://libmeta.ru/fme/formula/aux/1348_110_KONTAKTNAJa">\boldsymbol{v}</formula>
    <formula uri="http://libmeta.ru/fme/formula/aux/1348_111_KONTAKTNAJa">i_{v} d \lambda=0</formula>
    <formula uri="http://libmeta.ru/fme/formula/aux/1348_112_KONTAKTNAJa">i_{\boldsymbol{v}} \lambda=1</formula>
    <formula uri="http://libmeta.ru/fme/formula/aux/1348_113_KONTAKTNAJa">\lambda</formula>
    <formula uri="http://libmeta.ru/fme/formula/aux/1348_114_KONTAKTNAJa">m^{2 n+1}</formula>
    <formula uri="http://libmeta.ru/fme/formula/aux/1348_115_KONTAKTNAJa">u(n)</formula>
    <formula uri="http://libmeta.ru/fme/formula/aux/1348_116_KONTAKTNAJa">m</formula>
    <formula uri="http://libmeta.ru/fme/formula/aux/1348_117_KONTAKTNAJa">\rho \sin \rho d \varphi+\cos \rho d z</formula>
    <formula uri="http://libmeta.ru/fme/formula/aux/1348_118_KONTAKTNAJa">\mathbb{r}^{3}</formula>
    <formula uri="http://libmeta.ru/fme/formula/aux/1348_119_KONTAKTNAJa">\gamma</formula>
    <formula uri="http://libmeta.ru/fme/formula/aux/1348_120_KONTAKTNAJa">\mathbb{r}^{3}</formula>
    <formula uri="http://libmeta.ru/fme/formula/aux/1348_121_KONTAKTNAJa">\boldsymbol{v}-</formula>
    <formula uri="http://libmeta.ru/fme/formula/aux/1348_122_KONTAKTNAJa">\mathbb{r}^{3}</formula>
    <formula uri="http://libmeta.ru/fme/formula/aux/1348_123_KONTAKTNAJa">\gamma</formula>
    <formula uri="http://libmeta.ru/fme/formula/aux/1348_124_KONTAKTNAJa">\boldsymbol{v}</formula>
    <formula uri="http://libmeta.ru/fme/formula/aux/1348_125_KONTAKTNAJa">\gamma^{\prime}</formula>
    <formula uri="http://libmeta.ru/fme/formula/aux/1348_126_KONTAKTNAJa">\gamma</formula>
    <formula uri="http://libmeta.ru/fme/formula/aux/1348_127_KONTAKTNAJa">\gamma</formula>
    <formula uri="http://libmeta.ru/fme/formula/aux/1348_128_KONTAKTNAJa">\gamma^{\prime}</formula>
    <formula uri="http://libmeta.ru/fme/formula/aux/1348_129_KONTAKTNAJa">\gamma</formula>
    <formula uri="http://libmeta.ru/fme/formula/aux/1348_130_KONTAKTNAJa">\boldsymbol{v}</formula>
    <formula uri="http://libmeta.ru/fme/formula/aux/1348_131_KONTAKTNAJa">\gamma</formula>
    <formula uri="http://libmeta.ru/fme/formula/aux/1348_132_KONTAKTNAJa">\mathbb{r}^{3}</formula>
    <formula uri="http://libmeta.ru/fme/formula/aux/1348_133_KONTAKTNAJa">\mathbb{r}^{3}</formula>
    <formula uri="http://libmeta.ru/fme/formula/aux/1348_134_KONTAKTNAJa">m^{2}</formula>
    <formula uri="http://libmeta.ru/fme/formula/aux/1348_135_KONTAKTNAJa">\gamma</formula>
    <formula uri="http://libmeta.ru/fme/formula/aux/1348_136_KONTAKTNAJa">-\chi(M)</formula>
    <formula uri="http://libmeta.ru/fme/formula/aux/1348_137_KONTAKTNAJa">\chi(m)</formula>
    <formula uri="http://libmeta.ru/fme/formula/aux/1348_138_KONTAKTNAJa">\gamma</formula>
    <formula uri="http://libmeta.ru/fme/formula/aux/1348_139_KONTAKTNAJa">\mathbb{r}^{3}</formula>
    <formula uri="http://libmeta.ru/fme/formula/aux/1348_140_KONTAKTNAJa">\mathbb{r}^{3}</formula>
  </formulas_aux>
  <relations/>
  <text>нечетномерный аналог симплектической геометрии. Взаимоотношения между ними аналогичны взаимоотношениям между геометрией проективного и векторного пространства.

Основные определения. К о н т а К т н о й с т р у к т у р о й в нечетномерном многообразии $URI[[http://libmeta.ru/fme/formula/aux/1348_1_KONTAKTNAJa]]/URI$ называется невырожденное $URI[[http://libmeta.ru/fme/formula/aux/1348_2_KONTAKTNAJa]]/URI$-мерное распределение, то есть такое распределение, к-рое локально можно задать как ядро 1-формы $URI[[http://libmeta.ru/fme/formula/aux/1348_3_KONTAKTNAJa]]/URI$, удовлетворяющей условию невырожденности: $URI[[http://libmeta.ru/fme/formula/aux/1348_4_KONTAKTNAJa]]/URI$ (ни в одной точке).

Если на многообразии задана контактная структура, то многообразие называется контактным многообра 3 и е м; 1-форма, задающая контактную структуру, называется контакт ной фор м ой (такая всюду определенная форма существует не для всякой контактной структуры). Контактные формы, задающие одну и ту же контактную структуру, отличаются умножением на функцию, нигде не обращающуюся в нуль. Если $URI[[http://libmeta.ru/fme/formula/aux/1348_5_KONTAKTNAJa]]/URI$ контактная форма, то 2 -форма $URI[[http://libmeta.ru/fme/formula/aux/1348_6_KONTAKTNAJa]]/URI$ определяет на $URI[[http://libmeta.ru/fme/formula/aux/1348_7_KONTAKTNAJa]]/URI$-мерной контактной гиперплоскости невырожденную 2-форму, то есть задает структуру симплектич. пространства. Это условие в свою очередь эквивалентно тому, что распределение, заданное 1-формой $URI[[http://libmeta.ru/fme/formula/aux/1348_8_KONTAKTNAJa]]/URI$, невырожденно, то есть является контактной структурой.

Основные примеры. Первый пример контактной структуры - это двумерное распределение в $URI[[http://libmeta.ru/fme/formula/aux/1348_9_KONTAKTNAJa]]/URI$, заданное контактной формой $URI[[http://libmeta.ru/fme/formula/aux/1348_10_KONTAKTNAJa]]/URI$ и $URI[[http://libmeta.ru/fme/formula/aux/1348_11_KONTAKTNAJa]]/URI$ декартовы координаты). Подобная структура существует и в $URI[[http://libmeta.ru/fme/formula/aux/1348_12_KONTAKTNAJa]]/URI$ :

\[
URI[[http://libmeta.ru/fme/formula/main/1348_1_KONTAKTNAJa]]/URI
\]

где $URI[[http://libmeta.ru/fme/formula/aux/1348_13_KONTAKTNAJa]]/URI$ - декартовы координаты. Локально все контактные структуры в $URI[[http://libmeta.ru/fme/formula/aux/1348_14_KONTAKTNAJa]]/URI$-мерном многообразии диффеоморфны этой (контактная теорема Дарбу).

Стандартная контактная структура в трехмерной сфере $URI[[http://libmeta.ru/fme/formula/aux/1348_15_KONTAKTNAJa]]/URI$ задается, как распределение комплексных прямых $URI[[http://libmeta.ru/fme/formula/aux/1348_16_KONTAKTNAJa]]/URI$, касательных к сфере $URI[[http://libmeta.ru/fme/formula/aux/1348_17_KONTAKTNAJa]]/URI$, вложенной в $URI[[http://libmeta.ru/fme/formula/aux/1348_18_KONTAKTNAJa]]/URI$ в качестве единичной сферы. Эквивалентное описание: контактное распределение состоит из плоскостей, перпендикулярных слоям расслоения Хопфа (то есть окружностям, являюшимся орбитами действия группы $URI[[http://libmeta.ru/fme/formula/aux/1348_19_KONTAKTNAJa]]/URI$ на $URI[[http://libmeta.ru/fme/formula/aux/1348_20_KONTAKTNAJa]]/URI$ ).

284 Конструктивная Аналогично строится стандартная контактная структура в любой нечетномерной сфере.

Важным примером контактного многообразия служит многообразие 1-струй функций $URI[[http://libmeta.ru/fme/formula/aux/1348_21_KONTAKTNAJa]]/URI$ многообразия $URI[[http://libmeta.ru/fme/formula/aux/1348_22_KONTAKTNAJa]]/URI$, состоящее из 1-струй

\[
URI[[http://libmeta.ru/fme/formula/main/1348_2_KONTAKTNAJa]]/URI
\]

Многообразие $URI[[http://libmeta.ru/fme/formula/aux/1348_23_KONTAKTNAJa]]/URI$ имеет контактную форму $URI[[http://libmeta.ru/fme/formula/aux/1348_24_KONTAKTNAJa]]/URI$, где $URI[[http://libmeta.ru/fme/formula/aux/1348_25_KONTAKTNAJa]]/URI$ координата на оси $URI[[http://libmeta.ru/fme/formula/aux/1348_26_KONTAKTNAJa]]/URI$ значений функций, а $URI[[http://libmeta.ru/fme/formula/aux/1348_27_KONTAKTNAJa]]/URI$ форма действия в $URI[[http://libmeta.ru/fme/formula/aux/1348_28_KONTAKTNAJa]]/URI$.

Само название «контактная структура» обязано существованием другому примеру - многообразию контактных элементов. Контактным элеме нтом на многообразии $URI[[http://libmeta.ru/fme/formula/aux/1348_29_KONTAKTNAJa]]/URI$ называется гиперплоскость в касательном пространстве к $URI[[http://libmeta.ru/fme/formula/aux/1348_30_KONTAKTNAJa]]/URI$ в нек-рой точке, называемой точ о й к о н т а к т а. Различают многообразие всех контактных элементов, являющееся проективизацией кокасательного расслоения: $URI[[http://libmeta.ru/fme/formula/aux/1348_31_KONTAKTNAJa]]/URI$, и двулистно накрывающее его многообразие ориентированных контактных элементов, являющееся сферизацией кокасательного расслоения.

Многообразие контактных элементов несет контактную структуру. Именно, касательный вектор к этому многообразию в точке $URI[[http://libmeta.ru/fme/formula/aux/1348_32_KONTAKTNAJa]]/URI$, где $URI[[http://libmeta.ru/fme/formula/aux/1348_33_KONTAKTNAJa]]/URI$ контактный элемент, лежит в контактной гиперплоскости, если его проекция в Tm лежит в гиперплоскости $URI[[http://libmeta.ru/fme/formula/aux/1348_34_KONTAKTNAJa]]/URI$. Более наглядно: перемещение контактного элемента касается контактной гиперплоскости, если скорость точки контакта принадлежит этому контактному элементу.

Симллектизация и контактизация. Связь между контактной и симплектич. геометрией устанавливается двумя конструкциями: симплектизацией и контактизацией.

Если $URI[[http://libmeta.ru/fme/formula/aux/1348_35_KONTAKTNAJa]]/URI$ контактное многообразие, то над $URI[[http://libmeta.ru/fme/formula/aux/1348_36_KONTAKTNAJa]]/URI$ существует одномерное расслоение, слой к-рого над точкой $URI[[http://libmeta.ru/fme/formula/aux/1348_37_KONTAKTNAJa]]/URI$ состоит из ненулевых функционалов на $URI[[http://libmeta.ru/fme/formula/aux/1348_38_KONTAKTNAJa]]/URI$, равных нулю на контактной гиперплоскости. На пространстве $URI[[http://libmeta.ru/fme/formula/aux/1348_39_KONTAKTNAJa]]/URI$ этого расслоения определена 1-форма $URI[[http://libmeta.ru/fme/formula/aux/1348_40_KONTAKTNAJa]]/URI$; еe значение на векторе $URI[[http://libmeta.ru/fme/formula/aux/1348_41_KONTAKTNAJa]]/URI$ в точке $URI[[http://libmeta.ru/fme/formula/aux/1348_42_KONTAKTNAJa]]/URI$ равно значению функционала $URI[[http://libmeta.ru/fme/formula/aux/1348_43_KONTAKTNAJa]]/URI$ на проекции $URI[[http://libmeta.ru/fme/formula/aux/1348_44_KONTAKTNAJa]]/URI$ в $URI[[http://libmeta.ru/fme/formula/aux/1348_45_KONTAKTNAJa]]/URI$. 2-форма $URI[[http://libmeta.ru/fme/formula/aux/1348_46_KONTAKTNAJa]]/URI$ определяет в $URI[[http://libmeta.ru/fme/formula/aux/1348_47_KONTAKTNAJa]]/URI$ симплектич. структуру; многообразие $URI[[http://libmeta.ru/fme/formula/aux/1348_48_KONTAKTNAJa]]/URI$ называется с и мпл е к т изац и е й контактного многообразия $URI[[http://libmeta.ru/fme/formula/aux/1348_49_KONTAKTNAJa]]/URI$.

Пример симплектизации: если в качестве $URI[[http://libmeta.ru/fme/formula/aux/1348_50_KONTAKTNAJa]]/URI$ взять многообразие контактных элементов $URI[[http://libmeta.ru/fme/formula/aux/1348_51_KONTAKTNAJa]]/URI$, то симплектизацией $URI[[http://libmeta.ru/fme/formula/aux/1348_52_KONTAKTNAJa]]/URI$ будет $URI[[http://libmeta.ru/fme/formula/aux/1348_53_KONTAKTNAJa]]/URI$ кокасательное расслоение без нулевого сечения. На многообразии $URI[[http://libmeta.ru/fme/formula/aux/1348_54_KONTAKTNAJa]]/URI$ действует мультипликативная группа $URI[[http://libmeta.ru/fme/formula/aux/1348_55_KONTAKTNAJa]]/URI$ ненулевых действительных чисел умножением функционалов на скаляры. Симплектич. структура $URI[[http://libmeta.ru/fme/formula/aux/1348_56_KONTAKTNAJa]]/URI$ в $URI[[http://libmeta.ru/fme/formula/aux/1348_57_KONTAKTNAJa]]/URI$ однородна степени 1 относительно этого действия.

Симплектизация позволяет сводить вопросы, относящиеся к К. г., к аналогичным вопросам симплектич. геометрии. Напр., контактоморфизмы многообразия $URI[[http://libmeta.ru/fme/formula/aux/1348_58_KONTAKTNAJa]]/URI$ (то есть диффеоморфизмы, сохраняющие контактную структуру) взаимно однозначно соответствуют симплектоморфизмам многообразия $URI[[http://libmeta.ru/fme/formula/aux/1348_59_KONTAKTNAJa]]/URI$, коммутируюшим с действием группы $URI[[http://libmeta.ru/fme/formula/aux/1348_60_KONTAKTNAJa]]/URI$.

Контактизация сопоставляет точному симплектич. многообразию $URI[[http://libmeta.ru/fme/formula/aux/1348_61_KONTAKTNAJa]]/URI$ (то есть многообразию, на к-ром симплек-

![](https://cdn.mathpix.com/cropped/2023_07_08_94edad980172c6403d7fg-1.jpg?height=35&amp;width=805&amp;top_left_y=1785&amp;top_left_x=932)
контактное многообразие $URI[[http://libmeta.ru/fme/formula/aux/1348_62_KONTAKTNAJa]]/URI$ с контактной формой $URI[[http://libmeta.ru/fme/formula/aux/1348_63_KONTAKTNAJa]]/URI$, где $URI[[http://libmeta.ru/fme/formula/aux/1348_64_KONTAKTNAJa]]/URI$ координата в $URI[[http://libmeta.ru/fme/formula/aux/1348_65_KONTAKTNAJa]]/URI$.

Напр., если $URI[[http://libmeta.ru/fme/formula/aux/1348_66_KONTAKTNAJa]]/URI$ является кокасательным расслоением $URI[[http://libmeta.ru/fme/formula/aux/1348_67_KONTAKTNAJa]]/URI$,

![](https://cdn.mathpix.com/cropped/2023_07_08_94edad980172c6403d7fg-1.jpg?height=44&amp;width=805&amp;top_left_y=1902&amp;top_left_x=932)
Контактизация определена не однозначно - она зависит от выбора 1-формы $URI[[http://libmeta.ru/fme/formula/aux/1348_68_KONTAKTNAJa]]/URI$ в равенстве $URI[[http://libmeta.ru/fme/formula/aux/1348_69_KONTAKTNAJa]]/URI$.

Контактные векторные поля. К о н т а т н о е вект о р но е поле - это такое векторное поле на контактном многообразии, локальный поток к-рого сохраняет контактную структуру, то есть является контактоморфизмом. Контактные векторные поля образуют алгебру Ли.

Пример такого поля - геодезич. поток. Это векторное поле определено в многообразии контактных элементов риманова многообразия. Его поток параллельно переносит контактные элементы вдоль геодезических, выходящих из точек контакта в перпендикулярном контактному элементу направлении.

Подобно тому как сохраняющие симплектич. структуру векторные поля на симплектич. многообразии задаются гамильтонианом, контактные векторные поля на контактном многообразии $URI[[http://libmeta.ru/fme/formula/aux/1348_70_KONTAKTNAJa]]/URI$ с контактной формой $URI[[http://libmeta.ru/fme/formula/aux/1348_71_KONTAKTNAJa]]/URI$ задаются своими контактными гамильтонианами. Их построение использует конструкцию симплектизации: контактное поле $URI[[http://libmeta.ru/fme/formula/aux/1348_72_KONTAKTNAJa]]/URI$ определяет однородное $URI[[http://libmeta.ru/fme/formula/aux/1348_73_KONTAKTNAJa]]/URI$-инвариантное гамильтоново поле $URI[[http://libmeta.ru/fme/formula/aux/1348_74_KONTAKTNAJa]]/URI$ на симплектизации $URI[[http://libmeta.ru/fme/formula/aux/1348_75_KONTAKTNAJa]]/URI$; 1-форма $URI[[http://libmeta.ru/fme/formula/aux/1348_76_KONTAKTNAJa]]/URI$ задает вложение $URI[[http://libmeta.ru/fme/formula/aux/1348_77_KONTAKTNAJa]]/URI$; ограничение на $URI[[http://libmeta.ru/fme/formula/aux/1348_78_KONTAKTNAJa]]/URI$ однородного гамильтониана поля $URI[[http://libmeta.ru/fme/formula/aux/1348_79_KONTAKTNAJa]]/URI$ и называется контактным гамильтонианом поля $URI[[http://libmeta.ru/fme/formula/aux/1348_80_KONTAKTNAJa]]/URI$.

Формулы для вычисления: если

\[
URI[[http://libmeta.ru/fme/formula/main/1348_3_KONTAKTNAJa]]/URI
\]

$URI[[http://libmeta.ru/fme/formula/aux/1348_81_KONTAKTNAJa]]/URI$ координаты $URI[[http://libmeta.ru/fme/formula/aux/1348_82_KONTAKTNAJa]]/URI$, то функции $URI[[http://libmeta.ru/fme/formula/aux/1348_83_KONTAKTNAJa]]/URI$ отвечает контактное поле:

\[
URI[[http://libmeta.ru/fme/formula/main/1348_4_KONTAKTNAJa]]/URI
\]

В частности, $URI[[http://libmeta.ru/fme/formula/aux/1348_84_KONTAKTNAJa]]/URI$. Это равенство уже не зависит от выбора координат. Соответствие $URI[[http://libmeta.ru/fme/formula/aux/1348_85_KONTAKTNAJa]]/URI$ взаимно однозначное. Поэтому в пространстве гладких функций на контактном многообразии возникает структура алгебры Ли. Она называется с кобко й Л а гра н жа. В прежних координатах она записывается так:

\[
URI[[http://libmeta.ru/fme/formula/main/1348_5_KONTAKTNAJa]]/URI
\]

Лежандровы многообразия. Лежандровы многообразия это интегральные подмногообразия наибольшей размерности $URI[[http://libmeta.ru/fme/formula/aux/1348_86_KONTAKTNAJa]]/URI$ в контактном $URI[[http://libmeta.ru/fme/formula/aux/1348_87_KONTAKTNAJa]]/URI$-мерном многообразии. Касательное пространство лежандрова многообразия в каждой точке лежит в контактной гиперплоскости и является в ней лагранжевым подпространством относительно симплектич. структуры $URI[[http://libmeta.ru/fme/formula/aux/1348_88_KONTAKTNAJa]]/URI$, где $URI[[http://libmeta.ru/fme/formula/aux/1348_89_KONTAKTNAJa]]/URI$ - локальная контактная форма.

Примером лежандрова подмногообразия контактных элементов $URI[[http://libmeta.ru/fme/formula/aux/1348_90_KONTAKTNAJa]]/URI$ многообразия $URI[[http://libmeta.ru/fme/formula/aux/1348_91_KONTAKTNAJa]]/URI$ служит множество всех контактных элементов, касающихся нек-рого фиксированного подмногообразия $URI[[http://libmeta.ru/fme/formula/aux/1348_92_KONTAKTNAJa]]/URI$. В частности, если $URI[[http://libmeta.ru/fme/formula/aux/1348_93_KONTAKTNAJa]]/URI$ точка, то в качестве лежандрова многообразия выступает проективное пространство - слой расслоения $URI[[http://libmeta.ru/fme/formula/aux/1348_94_KONTAKTNAJa]]/URI$.

В качестве $URI[[http://libmeta.ru/fme/formula/aux/1348_95_KONTAKTNAJa]]/URI$ можно взять подмногообразие коразмерности 1 риманова многообразия - волновой фронт - и подвергнуть соответствующее лежандрово многообразие действию геодезич. потока. После сдвига за время $URI[[http://libmeta.ru/fme/formula/aux/1348_96_KONTAKTNAJa]]/URI$ новое лежандрово многообразие уже может не быть множеством контактных элементов, касающихся какого-либо гладкого многообразия, так как на волновом фронте могут возникать особенности. Их характер изучает теория лежандровых особенностей.

Другой пример лежандрова многообразия - 1-график фиксированной функции $URI[[http://libmeta.ru/fme/formula/aux/1348_97_KONTAKTNAJa]]/URI$, то есть подмногообразие многообразия 1-струй $URI[[http://libmeta.ru/fme/formula/aux/1348_98_KONTAKTNAJa]]/URI$, состоящее из $URI[[http://libmeta.ru/fme/formula/aux/1348_99_KONTAKTNAJa]]/URI$ струй функции $URI[[http://libmeta.ru/fme/formula/aux/1348_100_KONTAKTNAJa]]/URI$ во всех точках $URI[[http://libmeta.ru/fme/formula/aux/1348_101_KONTAKTNAJa]]/URI$.

Характеристики. Х а ракте ристиками в контактном многообразии с контактной формой $URI[[http://libmeta.ru/fme/formula/aux/1348_102_KONTAKTNAJa]]/URI$ называются кривые, касательные прямые к-рых в каждой точке являются ядрами 2-формы $URI[[http://libmeta.ru/fme/formula/aux/1348_103_KONTAKTNAJa]]/URI$. Характеристики трансверсальны контактному распределению и локально расслаивают контактное многообразие, причем база этого расслоения-симплектич. многообразие, симплектич. структура к-рого задана 2-формой $URI[[http://libmeta.ru/fme/formula/aux/1348_104_KONTAKTNAJa]]/URI$.

Примером является трехмерная сфера $URI[[http://libmeta.ru/fme/formula/aux/1348_105_KONTAKTNAJa]]/URI$ со стандартной контактной структурой. При надлежащем выборе контактной формы окружности слои расслоения Хопфа $URI[[http://libmeta.ru/fme/formula/aux/1348_106_KONTAKTNAJa]]/URI$ будут характеристиками. Тем самым контактное многооб- разие $URI[[http://libmeta.ru/fme/formula/aux/1348_107_KONTAKTNAJa]]/URI$ расслоено на характеристики $URI[[http://libmeta.ru/fme/formula/aux/1348_108_KONTAKTNAJa]]/URI$, а базой является симплектич. многообразие $URI[[http://libmeta.ru/fme/formula/aux/1348_109_KONTAKTNAJa]]/URI$.

Характеристическим векторным полем ( полем Риба) называется такое поле $URI[[http://libmeta.ru/fme/formula/aux/1348_110_KONTAKTNAJa]]/URI$, что $URI[[http://libmeta.ru/fme/formula/aux/1348_111_KONTAKTNAJa]]/URI$, $URI[[http://libmeta.ru/fme/formula/aux/1348_112_KONTAKTNAJa]]/URI$. Траектории характеристич. поля - характеристики. Характеристич. поле сохраняет контактную структуру и даже контактную форму $URI[[http://libmeta.ru/fme/formula/aux/1348_113_KONTAKTNAJa]]/URI$. Пример характеристич. поля геодезич. поток в многообразии контактных элементов риманова многообразия.

Важная задача К. г.- задача о замкнутых характеристиках. Она состоит в том, чтобы определить, для каких контактных форм сушествуют замкнутые характеристич. кривые (и сколько их). К этой задаче сводится задача о замкнутых геодезических на римановых многообразиях и о движении заряженной частицы в магнитном поле. Эта еще полностью не решенная проблема тесно связана с задачей о неподвижных точках симплектоморфизмов.

Гомотопические вопросы. Важное место в К. г. занимают вопросы существования и эквивалентности контактных структур.

Если многообразие $URI[[http://libmeta.ru/fme/formula/aux/1348_114_KONTAKTNAJa]]/URI$ контактное, то структурная группа его касательного расслоения редуцируется к $URI[[http://libmeta.ru/fme/formula/aux/1348_115_KONTAKTNAJa]]/URI$. Поэтому все характеристич. числа $URI[[http://libmeta.ru/fme/formula/aux/1348_116_KONTAKTNAJa]]/URI$ равны нулю и многообразие бордантно нулю (то есть является границей). Это необходимое условие суцествования контактной структуры.

Каждое трехмерное многообразие несет контактную структуру, причем контактная структура существует в каждом гомотопич. классе двумерных распределений.

Если две контактные структуры на компактном многообразии гомотопны в классе контактных структур, то они диффеоморфны. (то есть существует диффеоморфизм, дифференциал к-рого переводит контактные гиперплоскости первой структуры в гиперплоскости второй.) На открытых многообразиях подобное не верно.

Нестандартные контактные структуры. Стандартная контактная структура в трехмерном пространстве в цилиндрич.

![](https://cdn.mathpix.com/cropped/2023_07_08_cb50f9f8204b262a07b6g-1.jpg?height=46&amp;width=817&amp;top_left_y=1195&amp;top_left_x=933)
$URI[[http://libmeta.ru/fme/formula/aux/1348_117_KONTAKTNAJa]]/URI$ задает в $URI[[http://libmeta.ru/fme/formula/aux/1348_118_KONTAKTNAJa]]/URI$ другую контактную структуру, K-рая не диффеоморфна стандартной. Аналогично явными формулами задаются не диффеоморфные стандартной контактные структуры в трехмерной сфере.

Различать стандартные и нестандартные структуры позволяет Беннекена инвариант. Если $URI[[http://libmeta.ru/fme/formula/aux/1348_119_KONTAKTNAJa]]/URI$ - замкнутая кривая в $URI[[http://libmeta.ru/fme/formula/aux/1348_120_KONTAKTNAJa]]/URI$, трансверсальная контактной структуре, а $URI[[http://libmeta.ru/fme/formula/aux/1348_121_KONTAKTNAJa]]/URI$ невырожденное векторное поле в $URI[[http://libmeta.ru/fme/formula/aux/1348_122_KONTAKTNAJa]]/URI$, касающееся контактной структуры, то малый сдвиг $URI[[http://libmeta.ru/fme/formula/aux/1348_123_KONTAKTNAJa]]/URI$ вдоль поля $URI[[http://libmeta.ru/fme/formula/aux/1348_124_KONTAKTNAJa]]/URI$ даст новую кривую $URI[[http://libmeta.ru/fme/formula/aux/1348_125_KONTAKTNAJa]]/URI$, не пересекающуюся с $URI[[http://libmeta.ru/fme/formula/aux/1348_126_KONTAKTNAJa]]/URI$. Коэффициент зацепления $URI[[http://libmeta.ru/fme/formula/aux/1348_127_KONTAKTNAJa]]/URI$ и $URI[[http://libmeta.ru/fme/formula/aux/1348_128_KONTAKTNAJa]]/URI$ называется инвариантом Бен некен а кривой $URI[[http://libmeta.ru/fme/formula/aux/1348_129_KONTAKTNAJa]]/URI$. Он не зависит от поля $URI[[http://libmeta.ru/fme/formula/aux/1348_130_KONTAKTNAJa]]/URI$ и не меняется при изотопии кривой $URI[[http://libmeta.ru/fme/formula/aux/1348_131_KONTAKTNAJa]]/URI$ и гомотопии контактной структуры, сохраняющих их трансверсальность.

Согласно - т е о ем е Беннекена, для стандартной контактной структуры в $URI[[http://libmeta.ru/fme/formula/aux/1348_132_KONTAKTNAJa]]/URI$ и вложенной в $URI[[http://libmeta.ru/fme/formula/aux/1348_133_KONTAKTNAJa]]/URI$ связной поверхности $URI[[http://libmeta.ru/fme/formula/aux/1348_134_KONTAKTNAJa]]/URI$, краем к-рой является $URI[[http://libmeta.ru/fme/formula/aux/1348_135_KONTAKTNAJa]]/URI$, инвариант Беннекена не больше $URI[[http://libmeta.ru/fme/formula/aux/1348_136_KONTAKTNAJa]]/URI$, где $URI[[http://libmeta.ru/fme/formula/aux/1348_137_KONTAKTNAJa]]/URI$ - эйлерова характеристика. В частности, если $URI[[http://libmeta.ru/fme/formula/aux/1348_138_KONTAKTNAJa]]/URI$ - незаузленная кривая, трансверсальная стандартной контактной структуре в $URI[[http://libmeta.ru/fme/formula/aux/1348_139_KONTAKTNAJa]]/URI$, то ее инвариант Беннекена отрицателен. Это свойство не выполнено для нек-рых трансверсальных кривых в $URI[[http://libmeta.ru/fme/formula/aux/1348_140_KONTAKTNAJa]]/URI$ с нестандартной контактной структурой.</text>
  <text_orig>нечетномерный аналог симплектической геометрии. Взаимоотношения между ними аналогичны взаимоотношениям между геометрией проективного и векторного пространства.

Основные определения. К о н т а К т н о й с т р у к т у р о й в нечетномерном многообразии $M^{2 n+1}$ называется невырожденное $2 n$-мерное распределение, то есть такое распределение, к-рое локально можно задать как ядро 1-формы $\lambda$, удовлетворяющей условию невырожденности: $\lambda \wedge(d \lambda)^{n} \neq 0$ (ни в одной точке).

Если на многообразии задана контактная структура, то многообразие называется контактным многообра 3 и е м; 1-форма, задающая контактную структуру, называется контакт ной фор м ой (такая всюду определенная форма существует не для всякой контактной структуры). Контактные формы, задающие одну и ту же контактную структуру, отличаются умножением на функцию, нигде не обращающуюся в нуль. Если $\lambda-$ контактная форма, то 2 -форма $d \lambda$ определяет на $2 n$-мерной контактной гиперплоскости невырожденную 2-форму, то есть задает структуру симплектич. пространства. Это условие в свою очередь эквивалентно тому, что распределение, заданное 1-формой $\lambda$, невырожденно, то есть является контактной структурой.

Основные примеры. Первый пример контактной структуры - это двумерное распределение в $\mathbb{R}^{3}$, заданное контактной формой $\lambda=x d y+d z(x, y$ и $z-$ декартовы координаты). Подобная структура существует и в $\mathbb{R}^{2 n+1}$ :

\[
\lambda=\sum x_{i} d y_{i}+d z
\]

где $x_{1}, \ldots, x_{n}, y_{1}, \ldots, y_{n}, z$ - декартовы координаты. Локально все контактные структуры в $(2 n+1)$-мерном многообразии диффеоморфны этой (контактная теорема Дарбу).

Стандартная контактная структура в трехмерной сфере $S^{3}$ задается, как распределение комплексных прямых $\mathbb{C}^{1}$, касательных к сфере $S^{3}$, вложенной в $\mathbb{C}^{2}$ в качестве единичной сферы. Эквивалентное описание: контактное распределение состоит из плоскостей, перпендикулярных слоям расслоения Хопфа (то есть окружностям, являюшимся орбитами действия группы $U(1)$ на $S^{3} \subset \mathbb{C}^{2}$ ).

284 КОНСТРУКТИВНАЯ Аналогично строится стандартная контактная структура в любой нечетномерной сфере.

Важным примером контактного многообразия служит многообразие 1-струй функций $J M$ многообразия $M^{n}$, состоящее из 1-струй

\[
(x, f(x), d f(x)), x \in M .
\]

Многообразие $J^{1} M=\mathbb{R} \times T^{*} M$ имеет контактную форму $\lambda=d z-\alpha$, где $z-$ координата на оси $\mathbb{R}$ значений функций, а $\alpha=\sum p_{i} d q_{i}-$ форма действия в $T^{*} M$.

Само название «контактная структура» обязано существованием другому примеру - многообразию контактных элементов. Контактным элеме нтом на многообразии $M^{n}$ называется гиперплоскость в касательном пространстве к $M$ в нек-рой точке, называемой точ о й к о н т а к т а. Различают многообразие всех контактных элементов, являющееся проективизацией кокасательного расслоения: $P\left(T^{*} M\right)$, и двулистно накрывающее его многообразие ориентированных контактных элементов, являющееся сферизацией кокасательного расслоения.

Многообразие контактных элементов несет контактную структуру. Именно, касательный вектор к этому многообразию в точке $\xi$, где $\xi-$ контактный элемент, лежит в контактной гиперплоскости, если его проекция в TM лежит в гиперплоскости $\xi$. Более наглядно: перемещение контактного элемента касается контактной гиперплоскости, если скорость точки контакта принадлежит этому контактному элементу.

Симллектизация и контактизация. Связь между контактной и симплектич. геометрией устанавливается двумя конструкциями: симплектизацией и контактизацией.

Если $M-$ контактное многообразие, то над $M$ существует одномерное расслоение, слой к-рого над точкой $x \in M$ состоит из ненулевых функционалов на $T_{x} M$, равных нулю на контактной гиперплоскости. На пространстве $N$ этого расслоения определена 1-форма $\alpha$; еe значение на векторе $\boldsymbol{v} \in T M$ в точке $\xi \in N$ равно значению функционала $\xi$ на проекции $v$ в $T M$. 2-форма $d \alpha$ определяет в $N$ симплектич. структуру; многообразие $N$ называется с и мпл е к т изац и е й контактного многообразия $M$.

Пример симплектизации: если в качестве $M$ взять многообразие контактных элементов $P T^{*} X$, то симплектизацией $N$ будет $T^{*} X-X-$ кокасательное расслоение без нулевого сечения. На многообразии $N$ действует мультипликативная группа $\mathbb{R}^{x}$ ненулевых действительных чисел умножением функционалов на скаляры. Симплектич. структура $d \alpha$ в $N$ однородна степени 1 относительно этого действия.

Симплектизация позволяет сводить вопросы, относящиеся к К. г., к аналогичным вопросам симплектич. геометрии. Напр., контактоморфизмы многообразия $M$ (то есть диффеоморфизмы, сохраняющие контактную структуру) взаимно однозначно соответствуют симплектоморфизмам многообразия $N$, коммутируюшим с действием группы $\mathbb{R}^{x}$.

Контактизация сопоставляет точному симплектич. многообразию $N$ (то есть многообразию, на к-ром симплек-

![](https://cdn.mathpix.com/cropped/2023_07_08_94edad980172c6403d7fg-1.jpg?height=35&amp;width=805&amp;top_left_y=1785&amp;top_left_x=932)
контактное многообразие $K=N \times \mathbb{R}$ с контактной формой $\alpha-d z$, где $z-$ координата в $\mathbb{R}$.

Напр., если $N$ является кокасательным расслоением $T^{*} M$,

![](https://cdn.mathpix.com/cropped/2023_07_08_94edad980172c6403d7fg-1.jpg?height=44&amp;width=805&amp;top_left_y=1902&amp;top_left_x=932)
Контактизация определена не однозначно - она зависит от выбора 1-формы $\alpha$ в равенстве $\omega=d \alpha$.

Контактные векторные поля. К о н т а т н о е вект о р но е поле - это такое векторное поле на контактном многообразии, локальный поток к-рого сохраняет контактную структуру, то есть является контактоморфизмом. Контактные векторные поля образуют алгебру Ли.

Пример такого поля - геодезич. поток. Это векторное поле определено в многообразии контактных элементов риманова многообразия. Его поток параллельно переносит контактные элементы вдоль геодезических, выходящих из точек контакта в перпендикулярном контактному элементу направлении.

Подобно тому как сохраняющие симплектич. структуру векторные поля на симплектич. многообразии задаются гамильтонианом, контактные векторные поля на контактном многообразии $M$ с контактной формой $\lambda$ задаются своими контактными гамильтонианами. Их построение использует конструкцию симплектизации: контактное поле $\boldsymbol{v}$ определяет однородное $\mathbb{R}^{X}$-инвариантное гамильтоново поле $\boldsymbol{v}$ на симплектизации $N$; 1-форма $\lambda$ задает вложение $M \subset N$; ограничение на $M$ однородного гамильтониана поля $\boldsymbol{v}$ и называется контактным гамильтонианом поля $\boldsymbol{v}$.

Формулы для вычисления: если

\[
\lambda=d z-\sum x_{i} d y_{i}
\]

$\left(x_{1}, \ldots, x_{n}, y_{1}, \ldots, y_{n}, z-\right.$ координаты $)$, то функции $f$ отвечает контактное поле:

\[
\begin{gathered}
v=\left(f-\sum x_{i} \partial f / \partial x_{i}\right) \partial / \partial z+ \\
+\sum\left(\partial f / \partial y_{i}+x_{i} \partial f / \partial z\right) \partial / \partial x_{i}-\sum \partial f / \partial x_{i} \partial / \partial y_{i}
\end{gathered}
\]

В частности, $\lambda(v)=f$. Это равенство уже не зависит от выбора координат. Соответствие $f \mapsto v$ взаимно однозначное. Поэтому в пространстве гладких функций на контактном многообразии возникает структура алгебры Ли. Она называется с кобко й Л а гра н жа. В прежних координатах она записывается так:

\[
\begin{gathered}
{[f, g]=f \partial g / \partial z-\partial f / \partial z g-} \\
-\sum x_{i}\left(\partial f / \partial x_{i} \partial g / \partial z-\partial f / \partial z \partial g / \partial x_{i}\right)- \\
-\sum \partial f / \partial x_{i} \partial g / \partial y_{i}+\sum \partial f / \partial y_{i} \partial g / \partial x_{i} .
\end{gathered}
\]

Лежандровы многообразия. Лежандровы многообразия это интегральные подмногообразия наибольшей размерности $n$ в контактном $(2 n+1)$-мерном многообразии. Касательное пространство лежандрова многообразия в каждой точке лежит в контактной гиперплоскости и является в ней лагранжевым подпространством относительно симплектич. структуры $d \lambda$, где $\lambda$ - локальная контактная форма.

Примером лежандрова подмногообразия контактных элементов $P\left(T^{*} M\right)$ многообразия $M$ служит множество всех контактных элементов, касающихся нек-рого фиксированного подмногообразия $P \subset M$. В частности, если $P-$ точка, то в качестве лежандрова многообразия выступает проективное пространство - слой расслоения $P T^{*} M \rightarrow M$.

В качестве $P$ можно взять подмногообразие коразмерности 1 риманова многообразия - волновой фронт - и подвергнуть соответствующее лежандрово многообразие действию геодезич. потока. После сдвига за время $t$ новое лежандрово многообразие уже может не быть множеством контактных элементов, касающихся какого-либо гладкого многообразия, так как на волновом фронте могут возникать особенности. Их характер изучает теория лежандровых особенностей.

Другой пример лежандрова многообразия - 1-график фиксированной функции $f$, то есть подмногообразие многообразия 1-струй $J^{1} M$, состоящее из $1-$ струй функции $f$ во всех точках $M$.

Характеристики. Х а ракте ристиками в контактном многообразии с контактной формой $\lambda$ называются кривые, касательные прямые к-рых в каждой точке являются ядрами 2-формы $d \lambda$. Характеристики трансверсальны контактному распределению и локально расслаивают контактное многообразие, причем база этого расслоения-симплектич. многообразие, симплектич. структура к-рого задана 2-формой $d \lambda$.

Примером является трехмерная сфера $S^{3}$ со стандартной контактной структурой. При надлежащем выборе контактной формы окружности слои расслоения Хопфа $S^{3} \rightarrow S^{2}$ будут характеристиками. Тем самым контактное многооб- разие $S^{3}$ расслоено на характеристики $S^{1}$, а базой является симплектич. многообразие $S^{2}$.

Характеристическим векторным полем ( полем Риба) называется такое поле $\boldsymbol{v}$, что $i_{v} d \lambda=0$, $i_{\boldsymbol{v}} \lambda=1$. Траектории характеристич. поля - характеристики. Характеристич. поле сохраняет контактную структуру и даже контактную форму $\lambda$. Пример характеристич. поля геодезич. поток в многообразии контактных элементов риманова многообразия.

Важная задача К. г.- задача о замкнутых характеристиках. Она состоит в том, чтобы определить, для каких контактных форм сушествуют замкнутые характеристич. кривые (и сколько их). К этой задаче сводится задача о замкнутых геодезических на римановых многообразиях и о движении заряженной частицы в магнитном поле. Эта еще полностью не решенная проблема тесно связана с задачей о неподвижных точках симплектоморфизмов.

Гомотопические вопросы. Важное место в К. г. занимают вопросы существования и эквивалентности контактных структур.

Если многообразие $M^{2 n+1}$ контактное, то структурная группа его касательного расслоения редуцируется к $U(n)$. Поэтому все характеристич. числа $M$ равны нулю и многообразие бордантно нулю (то есть является границей). Это необходимое условие суцествования контактной структуры.

Каждое трехмерное многообразие несет контактную структуру, причем контактная структура существует в каждом гомотопич. классе двумерных распределений.

Если две контактные структуры на компактном многообразии гомотопны в классе контактных структур, то они диффеоморфны. (То есть существует диффеоморфизм, дифференциал к-рого переводит контактные гиперплоскости первой структуры в гиперплоскости второй.) На открытых многообразиях подобное не верно.

Нестандартные контактные структуры. Стандартная контактная структура в трехмерном пространстве в цилиндрич.

![](https://cdn.mathpix.com/cropped/2023_07_08_cb50f9f8204b262a07b6g-1.jpg?height=46&amp;width=817&amp;top_left_y=1195&amp;top_left_x=933)
$\rho \sin \rho d \varphi+\cos \rho d z$ задает в $\mathbb{R}^{3}$ другую контактную структуру, K-рая не диффеоморфна стандартной. Аналогично явными формулами задаются не диффеоморфные стандартной контактные структуры в трехмерной сфере.

Различать стандартные и нестандартные структуры позволяет Беннекена инвариант. Если $\gamma$ - замкнутая кривая в $\mathbb{R}^{3}$, трансверсальная контактной структуре, а $\boldsymbol{v}-$ невырожденное векторное поле в $\mathbb{R}^{3}$, касающееся контактной структуры, то малый сдвиг $\gamma$ вдоль поля $\boldsymbol{v}$ даст новую кривую $\gamma^{\prime}$, не пересекающуюся с $\gamma$. Коэффициент зацепления $\gamma$ и $\gamma^{\prime}$ называется инвариантом Бен некен а кривой $\gamma$. Он не зависит от поля $\boldsymbol{v}$ и не меняется при изотопии кривой $\gamma$ и гомотопии контактной структуры, сохраняющих их трансверсальность.

Согласно - т е о ем е Беннекена, для стандартной контактной структуры в $\mathbb{R}^{3}$ и вложенной в $\mathbb{R}^{3}$ связной поверхности $M^{2}$, краем к-рой является $\gamma$, инвариант Беннекена не больше $-\chi(M)$, где $\chi(M)$ - эйлерова характеристика. В частности, если $\gamma$ - незаузленная кривая, трансверсальная стандартной контактной структуре в $\mathbb{R}^{3}$, то ее инвариант Беннекена отрицателен. Это свойство не выполнено для нек-рых трансверсальных кривых в $\mathbb{R}^{3}$ с нестандартной контактной структурой.

Лum.: [1] А р н о л ьд В. И., Математические методы классической механики, 2 изд., М., 1979; [2] Ар н ол ьд В. И., Ги в е т аль А. Б., в кн.: Итоги науки и техники. Современные проблемы математики. Фундаментальные направления. Динамические системы, т. 4, М., 1985; [3] А р н ольд В. И., «Успехи математич. наук», 1986, т. 41, в. 6, c. 3-18; [4] Bennequi n D., &quot;Astérisque», 1983, v. 107-108, p. $87-161$.

C. A. Табачников.</text_orig>
</article>
