<?xml version="1.0" ?>
<article uri="http://libmeta.ru/fme/article/1352_KONTAKTNOE">
  <title>КОНТАКТНОЕ ВЕКТОРНОЕ ПОЛЕ</title>
  <authors/>
  <title_short/>
  <pages>
    <start>286</start>
    <end>286</end>
  </pages>
  <literature>
    <literature_orig/>
  </literature>
  <formulas_main/>
  <formulas_aux/>
  <relations>
    <relation uri="http://libmeta.ru/fme/relation/1352_133_KONTAKTNOE">
      <rel_text>Контактная геометрия</rel_text>
      <self present="true">http://libmeta.ru/fme/article/1348_KONTAKTNAJa</self>
    </relation>
  </relations>
  <text>см. URI[[http://libmeta.ru/fme/relation/1352_133_KONTAKTNOE]]/URI.</text>
  <text_orig>см. Контактная геометрия.</text_orig>
</article>
