<?xml version="1.0" ?>
<article uri="http://libmeta.ru/fme/article/1354_KONTAKTNYJ">
  <title>КОНТАКТНЫЙ КОБОРДИЗМ</title>
  <authors>
    <author>С. А. Табачников</author>
  </authors>
  <title_short/>
  <pages>
    <start>286</start>
    <end>286</end>
  </pages>
  <literature>
    <literature_orig/>
  </literature>
  <formulas_main/>
  <formulas_aux>
    <formula uri="http://libmeta.ru/fme/formula/aux/1354_1_KONTAKTNYJ">M_{1}^{2 n+1}</formula>
    <formula uri="http://libmeta.ru/fme/formula/aux/1354_2_KONTAKTNYJ">M_{2}^{2 n+1}</formula>
    <formula uri="http://libmeta.ru/fme/formula/aux/1354_3_KONTAKTNYJ">N</formula>
    <formula uri="http://libmeta.ru/fme/formula/aux/1354_4_KONTAKTNYJ">\xi</formula>
    <formula uri="http://libmeta.ru/fme/formula/aux/1354_5_KONTAKTNYJ">M_{1}</formula>
    <formula uri="http://libmeta.ru/fme/formula/aux/1354_6_KONTAKTNYJ">M_{2}</formula>
    <formula uri="http://libmeta.ru/fme/formula/aux/1354_7_KONTAKTNYJ">\xi</formula>
    <formula uri="http://libmeta.ru/fme/formula/aux/1354_8_KONTAKTNYJ">M_{1}</formula>
    <formula uri="http://libmeta.ru/fme/formula/aux/1354_9_KONTAKTNYJ">M_{2}</formula>
    <formula uri="http://libmeta.ru/fme/formula/aux/1354_10_KONTAKTNYJ">\xi</formula>
    <formula uri="http://libmeta.ru/fme/formula/aux/1354_11_KONTAKTNYJ">\lambda</formula>
    <formula uri="http://libmeta.ru/fme/formula/aux/1354_12_KONTAKTNYJ">\lambda \wedge(d \lambda)^{n} \neq 0</formula>
  </formulas_aux>
  <relations/>
  <text> - отношение эквивалентности между контактными структурами на многообразиях. Контактные многообразия $URI[[http://libmeta.ru/fme/formula/aux/1354_1_KONTAKTNYJ]]/URI$ и $URI[[http://libmeta.ru/fme/formula/aux/1354_2_KONTAKTNYJ]]/URI$ связаны К. к., если сушествует многообразие $URI[[http://libmeta.ru/fme/formula/aux/1354_3_KONTAKTNYJ]]/URI$ с распределением $URI[[http://libmeta.ru/fme/formula/aux/1354_4_KONTAKTNYJ]]/URI$ коразмерности 1 , край к-рого - объединение $URI[[http://libmeta.ru/fme/formula/aux/1354_5_KONTAKTNYJ]]/URI$ и $URI[[http://libmeta.ru/fme/formula/aux/1354_6_KONTAKTNYJ]]/URI$; $URI[[http://libmeta.ru/fme/formula/aux/1354_7_KONTAKTNYJ]]/URI$ трансверсально краю и высекает из $URI[[http://libmeta.ru/fme/formula/aux/1354_8_KONTAKTNYJ]]/URI$ и $URI[[http://libmeta.ru/fme/formula/aux/1354_9_KONTAKTNYJ]]/URI$ заданные на них контактные структуры. При этом распределение $URI[[http://libmeta.ru/fme/formula/aux/1354_10_KONTAKTNYJ]]/URI$ должно быть максимально неинтегрируемым, то есть если задать его 1-формой $URI[[http://libmeta.ru/fme/formula/aux/1354_11_KONTAKTNYJ]]/URI$, то $URI[[http://libmeta.ru/fme/formula/aux/1354_12_KONTAKTNYJ]]/URI$.</text>
  <text_orig> - отношение эквивалентности между контактными структурами на многообразиях. Контактные многообразия $M_{1}^{2 n+1}$ и $M_{2}^{2 n+1}$ связаны К. к., если сушествует многообразие $N$ с распределением $\xi$ коразмерности 1 , край к-рого - объединение $M_{1}$ и $M_{2}$; $\xi$ трансверсально краю и высекает из $M_{1}$ и $M_{2}$ заданные на них контактные структуры. При этом распределение $\xi$ должно быть максимально неинтегрируемым, то есть если задать его 1-формой $\lambda$, то $\lambda \wedge(d \lambda)^{n} \neq 0$.

С. А. Табачников.
</text_orig>
</article>
