<?xml version="1.0" ?>
<article uri="http://libmeta.ru/fme/article/1356_KONTAKTOMORFIZ">
  <title>КОНТАКТОМОРФИЗМ</title>
  <authors/>
  <title_short/>
  <pages>
    <start>286</start>
    <end>286</end>
  </pages>
  <literature>
    <literature_orig/>
  </literature>
  <formulas_main/>
  <formulas_aux>
    <formula uri="http://libmeta.ru/fme/formula/aux/1356_1_KONTAKTOMORFIZ">ф и з м</formula>
  </formulas_aux>
  <relations/>
  <text>см. Контактный диффеомор$URI[[http://libmeta.ru/fme/formula/aux/1356_1_KONTAKTOMORFIZ]]/URI$.</text>
  <text_orig>см. Контактный диффеомор$ф и з м$.</text_orig>
</article>
