<?xml version="1.0" ?>
<article uri="http://libmeta.ru/fme/article/1357_KONTAKTNYJ">
  <title>КОНТАКТНЫЙ РАЗРЫВ</title>
  <authors/>
  <title_short/>
  <pages>
    <start>286</start>
    <end>286</end>
  </pages>
  <literature>
    <literature_orig/>
  </literature>
  <formulas_main/>
  <formulas_aux/>
  <relations>
    <relation uri="http://libmeta.ru/fme/relation/1357_171_KONTAKTNYJ">
      <rel_text>Ударные волны</rel_text>
      <target>http://libmeta.ru/fme/article/3151_UDARNYE</target>
    </relation>
  </relations>
  <text>см. URI[[http://libmeta.ru/fme/relation/1357_171_KONTAKTNYJ]]/URI.

286 Kohtakthaя</text>
  <text_orig>см. УдарнЫе волны.

286 KOHTAKTHAЯ</text_orig>
</article>
