<?xml version="1.0" ?>
<article uri="http://libmeta.ru/fme/article/1359_KONTRAVARIANTNOST">
  <title>КОНТРАВАРИАНТНОСТЬ</title>
  <author/>
  <title_short/>
  <pages>
    <start>286</start>
    <end>286</end>
  </pages>
  <literature>
    <literature_orig/>
  </literature>
  <formulas_main/>
  <formulas_aux/>
  <relations/>
  <text> - см. Ковариантность и контравариантность.
</text>
  <text_orig> - см. Ковариантность и контравариантность.
</text_orig>
</article>
