<?xml version="1.0" ?>
<article uri="http://libmeta.ru/fme/article/135_BANAHOVO">
  <title>БАНАХОВО ПРОСТРАНСТВО</title>
  <authors/>
  <title_short/>
  <pages>
    <start>38</start>
    <end>38</end>
  </pages>
  <literature>
    <literature_orig/>
  </literature>
  <formulas_main/>
  <formulas_aux/>
  <relations>
    <relation uri="http://libmeta.ru/fme/relation/135_172_BANAHOVO">
      <rel_text>Банахова алгебра</rel_text>
      <target>http://libmeta.ru/fme/article/134_BANAHOVA</target>
    </relation>
  </relations>
  <text>см. URI[[http://libmeta.ru/fme/relation/135_172_BANAHOVO]]/URI.</text>
  <text_orig>см. Банахова алгебра.</text_orig>
</article>
