<?xml version="1.0" ?>
<article uri="http://libmeta.ru/fme/article/1360_KONTINUAL'NYJ">
  <title>КОНТИНУАЛЬНЫЙ ИНТЕТРАЛ</title>
  <authors/>
  <title_short/>
  <pages>
    <start>286</start>
    <end>286</end>
  </pages>
  <literature>
    <literature_orig/>
  </literature>
  <formulas_main/>
  <formulas_aux/>
  <relations/>
  <text>то Же, что функциональный интеграл, или интеграл по траекториям.</text>
  <text_orig>то Же, что функциональный интеграл, или интеграл по траекториям.</text_orig>
</article>
