<?xml version="1.0" ?>
<article uri="http://libmeta.ru/fme/article/1362_KONTRAVARIANTNYJ">
  <title>КОНТРАВАРИАНТНЫЙ ВЕКТОР</title>
  <authors/>
  <title_short/>
  <pages>
    <start>286</start>
    <end>286</end>
  </pages>
  <literature>
    <literature_orig/>
  </literature>
  <formulas_main/>
  <formulas_aux/>
  <relations>
    <relation uri="http://libmeta.ru/fme/relation/1362_174_KONTRAVARIANTNYJ">
      <rel_text>Тензор</rel_text>
      <target>http://libmeta.ru/fme/article/3039_TENZO</target>
    </relation>
  </relations>
  <text>см. URI[[http://libmeta.ru/fme/relation/1362_174_KONTRAVARIANTNYJ]]/URI.</text>
  <text_orig>см. ТенЗор.</text_orig>
</article>
