<?xml version="1.0" ?>
<article uri="http://libmeta.ru/fme/article/1363_KONTRChLENY">
  <title>КОНТРЧЛЕНЫ В КВАНТОВОЙ ТЕОРИИ ПОЛЯ</title>
  <authors/>
  <title_short/>
  <pages>
    <start>286</start>
    <end>286</end>
  </pages>
  <literature>
    <literature_orig/>
  </literature>
  <formulas_main/>
  <formulas_aux/>
  <relations/>
  <text> - операторные выражения, обычно с бесконечными численными коэффициентами, которые по форме зависимости от операторных полевых функций и их производных совпадают с отдельными слагаемыми полного лагранжиана рассматриваемой квантовополевой модели и вводятся для устранения ультрафиолетовых расходимостей с помощью процедуры перенормировки. Таким образом, К. компенсируют бесконечные слагаемые, содержащие ультрафиолетовые расходимости. В так наз. перенормируемых моделях квантовой теории поля с помощью небольшого числа К. удается скомпенсировать эти расходимости в радиационных поправках любого, сколь угодно высокого порядка. Формально введение в лагранжиан подобных бесконечных К. эквивалентно изменению масс частиц и констант связи. Однако возникающие при этом связи между исходными, затравочными, и конечными, перенормированными, массами и зарядами оказываются сингулярными.</text>
  <text_orig> - операторные выражения, обычно с бесконечными численными коэффициентами, которые по форме зависимости от операторных полевых функций и их производных совпадают с отдельными слагаемыми полного лагранжиана рассматриваемой квантовополевой модели и вводятся для устранения ультрафиолетовых расходимостей с помощью процедуры перенормировки. Таким образом, К. компенсируют бесконечные слагаемые, содержащие ультрафиолетовые расходимости. В так наз. перенормируемых моделях квантовой теории поля с помощью небольшого числа К. удается скомпенсировать эти расходимости в радиационных поправках любого, сколь угодно высокого порядка. Формально введение в лагранжиан подобных бесконечных К. эквивалентно изменению масс частиц и констант связи. Однако возникающие при этом связи между исходными, затравочными, и конечными, перенормированными, массами и зарядами оказываются сингулярными.
</text_orig>
</article>
