<?xml version="1.0" ?>
<article uri="http://libmeta.ru/fme/article/1364_KONFAJNMENT,">
  <title>КОНФАЙНМЕНТ, УДЕРЖАНИЕ, КВАРКОВ</title>
  <authors>
    <author>С. Ю. Хлебников</author>
  </authors>
  <title_short/>
  <pages>
    <start>286</start>
    <end>287</end>
  </pages>
  <literature>
    <literature_orig/>
  </literature>
  <formulas_main/>
  <formulas_aux>
    <formula uri="http://libmeta.ru/fme/formula/aux/1364_1_KONFAJNMENT,">V(r)=\alpha r</formula>
    <formula uri="http://libmeta.ru/fme/formula/aux/1364_2_KONFAJNMENT,">r-</formula>
    <formula uri="http://libmeta.ru/fme/formula/aux/1364_3_KONFAJNMENT,">\alpha=0,2</formula>
    <formula uri="http://libmeta.ru/fme/formula/aux/1364_4_KONFAJNMENT,">\mathrm{B}^{2} / \hbar c</formula>
    <formula uri="http://libmeta.ru/fme/formula/aux/1364_5_KONFAJNMENT,">m a)</formula>
    <formula uri="http://libmeta.ru/fme/formula/aux/1364_6_KONFAJNMENT,">\left.T \approx 100 \mathrm{MэB} \approx 10^{6} \mathrm{~K}\right)</formula>
    <formula uri="http://libmeta.ru/fme/formula/aux/1364_7_KONFAJNMENT,">\left(\sim 10^{39}\right.</formula>
    <formula uri="http://libmeta.ru/fme/formula/aux/1364_8_KONFAJNMENT,">\left.{ }^{3}\right)</formula>
  </formulas_aux>
  <relations/>
  <text>гипотеза, согласно которой фундаментальные составляющие материи - кварки и глюоны - удерживаются внутри адронов и не наблюдаются в свободном состоянии. В первоначальных вариантах кварковой модели отсутствие свободных кварков в эксперименте объяснялось тем, что они имеют большие массы, лежащие выше порога энергий, доступных имевшимся ускорителям. После открытия нового квантового числа - цвета кварков (см. [1]) удержание стало ассоциироваться с бесцветностью (нейтральностью по новому квантовому числу) наблюдаемых адронных состояний. Вместе с новыми экспериментальными результатами это привело к представлению о принципиальной невозможности развести кварки на макроскопич. расстояния (см. [2]). В потенциальной модели абсолютный К. кварков соответствует выбору растущего с расстоянием потенциала притяжения, напр. линейного $URI[[http://libmeta.ru/fme/formula/aux/1364_1_KONFAJNMENT,]]/URI$, где $URI[[http://libmeta.ru/fme/formula/aux/1364_2_KONFAJNMENT,]]/URI$ расстояние между кварками, из феноменологии $URI[[http://libmeta.ru/fme/formula/aux/1364_3_KONFAJNMENT,]]/URI$ Гэ $URI[[http://libmeta.ru/fme/formula/aux/1364_4_KONFAJNMENT,]]/URI$.

Неабелева калибровочная теория цвета - квантовая хромодинамика - качественно объясняет усиление взаимодействия между цветными объектами на больших расстояниях (режим сильной связи). Надежды на количественное описание этого режима связаны в основном с решеточной формулировкой квантовой хромодинамики, позволяющей проводить вычисления без использования теории возмущений при помощи ЭВМ (см. Вильсона критерий конфайнмен$URI[[http://libmeta.ru/fme/formula/aux/1364_5_KONFAJNMENT,]]/URI$. В целом, гипотеза К. кварков еще не получила полного обоснования. В принципе не исключено, что свободные кварки и глюоны могут рождаться в столкновениях частиц сверхвысоких энергий (неполный К. кварков). При высоких температурах ( $URI[[http://libmeta.ru/fme/formula/aux/1364_6_KONFAJNMENT,]]/URI$ и(или) плотностях $URI[[http://libmeta.ru/fme/formula/aux/1364_7_KONFAJNMENT,]]/URI$.нуклон/см $URI[[http://libmeta.ru/fme/formula/aux/1364_8_KONFAJNMENT,]]/URI$ в адронной среде происходит де кон ф а й н м е н т (см. [3]) - фазовый переход в новое состояние материи - кварк-глюонную плазму, к-рая представляет собой газ относительно слабо взаимодействующих между собой кварков и глюонов. По всей видимости, кварк-глюонная плазма сушествовала на ранних стадиях эволюции Вселенной. В настоящее время ведутся эксперименты по поиску кварк-глюонной плазмы в столкновениях тяжелых ионов.

Лит.: [1] Боголюбов Н.Н., Струминский Б. В., Тавхе лидзе А.Н., ОИЯИ, Д-1968, Дубна, 1965; [2] Боголюбов Н.Н. [и др.], ОИЯИ, Р-2141, Дубна, 1965; [3] Арбузов Б. А., Логун о в А. А., «Успехи физич. наук», 1977, т. 123, с. 505-29; [4] Н а мбу Й., там же, 1978, т. 124, с. 147-69; [5] Polya kov A. M., «Phys. Lett.», 1978, v. 72 B, p. 477-80; [6] S usskind L., «Phys. rev.», 1979, v. D 20, p. 2610-18.</text>
  <text_orig>гипотеза, согласно которой фундаментальные составляющие материи - кварки и глюоны - удерживаются внутри адронов и не наблюдаются в свободном состоянии. В первоначальных вариантах кварковой модели отсутствие свободных кварков в эксперименте объяснялось тем, что они имеют большие массы, лежащие выше порога энергий, доступных имевшимся ускорителям. После открытия нового квантового числа - цвета кварков (см. [1]) удержание стало ассоциироваться с бесцветностью (нейтральностью по новому квантовому числу) наблюдаемых адронных состояний. Вместе с новыми экспериментальными результатами это привело к представлению о принципиальной невозможности развести кварки на макроскопич. расстояния (см. [2]). В потенциальной модели абсолютный К. кварков соответствует выбору растущего с расстоянием потенциала притяжения, напр. линейного $V(r)=\alpha r$, где $r-$ расстояние между кварками, из феноменологии $\alpha=0,2$ Гэ $\mathrm{B}^{2} / \hbar c$.

Неабелева калибровочная теория цвета - квантовая хромодинамика - качественно объясняет усиление взаимодействия между цветными объектами на больших расстояниях (режим сильной связи). Надежды на количественное описание этого режима связаны в основном с решеточной формулировкой квантовой хромодинамики, позволяющей проводить вычисления без использования теории возмущений при помощи ЭВМ (см. Вильсона критерий конфайнмен$m a)$. В целом, гипотеза К. кварков еще не получила полного обоснования. В принципе не исключено, что свободные кварки и глюоны могут рождаться в столкновениях частиц сверхвысоких энергий (неполный К. кварков). При высоких температурах ( $\left.T \approx 100 \mathrm{MэB} \approx 10^{6} \mathrm{~K}\right)$ и(или) плотностях $\left(\sim 10^{39}\right.$.нуклон/см $\left.{ }^{3}\right)$ в адронной среде происходит де кон ф а й н м е н т (см. [3]) - фазовый переход в новое состояние материи - кварк-глюонную плазму, к-рая представляет собой газ относительно слабо взаимодействующих между собой кварков и глюонов. По всей видимости, кварк-глюонная плазма сушествовала на ранних стадиях эволюции Вселенной. В настоящее время ведутся эксперименты по поиску кварк-глюонной плазмы в столкновениях тяжелых ионов.

Лит.: [1] Боголюбов Н.Н., Струминский Б. В., Тавхе лидзе А.Н., ОИЯИ, Д-1968, Дубна, 1965; [2] Боголюбов Н.Н. [и др.], ОИЯИ, Р-2141, Дубна, 1965; [3] Арбузов Б. А., Логун о в А. А., «Успехи физич. наук», 1977, т. 123, с. 505-29; [4] Н а мбу Й., там же, 1978, т. 124, с. 147-69; [5] Polya kov A. M., «Phys. Lett.», 1978, v. 72 B, p. 477-80; [6] S usskind L., «Phys. rev.», 1979, v. D 20, p. 2610-18. С. Ю. Хлебников.</text_orig>
</article>
