<?xml version="1.0" ?>
<article uri="http://libmeta.ru/fme/article/1365_KONTRAVARIANTNYJ" alphabetic_pos="1367">
  <title>КОНТРАВАРИАНТНЫЙ ЧЕТЫРЕХМЕРНЫЙ ВЕКТОР</title>
  <authors/>
  <pages>
    <start>286</start>
    <end>286</end>
  </pages>
  <literature>
    <literature_orig/>
  </literature>
  <formulas_main/>
  <formulas_aux/>
  <relations n="1">
    <relation uri="http://libmeta.ru/fme/relation/1365_1_KONTRAVARIANTNYJ">
      <rel_text>вектор</rel_text>
      <target>http://libmeta.ru/fme/article/342_VEKTO</target>
    </relation>
  </relations>
  <text>см. Четырехмерный URI[[http://libmeta.ru/fme/relation/1365_1_KONTRAVARIANTNYJ]]/URI.</text>
  <text_orig>см. Четырехмерный вектор.</text_orig>
</article>
