<?xml version="1.0" ?>
<article uri="http://libmeta.ru/fme/article/1366_KONTRChLENY" alphabetic_pos="1368">
  <title>КОНТРЧЛЕНЫ В КВАНТОВОЙ ТЕОРИИ ПОЛЯ</title>
  <authors/>
  <pages>
    <start>286</start>
    <end>286</end>
  </pages>
  <literature>
    <literature_orig/>
  </literature>
  <formulas_main/>
  <formulas_aux/>
  <relations n="10">
    <relation uri="http://libmeta.ru/fme/relation/1366_1_KONTRChLENY">
      <rel_text>перенормированными</rel_text>
      <target>http://libmeta.ru/fme/article/2205_PERENORMIRUEMOST</target>
    </relation>
    <relation uri="http://libmeta.ru/fme/relation/1366_2_KONTRChLENY">
      <rel_text>частиц</rel_text>
      <target>http://libmeta.ru/fme/article/3412_ChASTOT</target>
    </relation>
    <relation uri="http://libmeta.ru/fme/relation/1366_3_KONTRChLENY">
      <rel_text>эквивалентно</rel_text>
      <target>http://libmeta.ru/fme/article/3492_EKVIDISTANT</target>
    </relation>
    <relation uri="http://libmeta.ru/fme/relation/1366_4_KONTRChLENY">
      <rel_text>подобных</rel_text>
      <target>http://libmeta.ru/fme/article/2277_PODOBI</target>
    </relation>
    <relation uri="http://libmeta.ru/fme/relation/1366_5_KONTRChLENY">
      <rel_text>поправках</rel_text>
      <target>http://libmeta.ru/fme/article/2332_POPRAVK</target>
    </relation>
    <relation uri="http://libmeta.ru/fme/relation/1366_6_KONTRChLENY">
      <rel_text>радиационных</rel_text>
      <target>http://libmeta.ru/fme/article/2504_RADIUS-VEKTO</target>
    </relation>
    <relation uri="http://libmeta.ru/fme/relation/1366_7_KONTRChLENY">
      <rel_text>квантовой теории поля</rel_text>
      <target>http://libmeta.ru/fme/article/1178_KVANTOVAJa</target>
    </relation>
    <relation uri="http://libmeta.ru/fme/relation/1366_8_KONTRChLENY">
      <rel_text>ультрафиолетовые расходимости</rel_text>
      <target>http://libmeta.ru/fme/article/3170_UL'TRAFIOLETOVAJa</target>
    </relation>
    <relation uri="http://libmeta.ru/fme/relation/1366_9_KONTRChLENY">
      <rel_text>перенормировки</rel_text>
      <target>http://libmeta.ru/fme/article/2200_PEREMEShIVANI</target>
    </relation>
    <relation uri="http://libmeta.ru/fme/relation/1366_10_KONTRChLENY">
      <rel_text>ультрафиолетовых расходимостей</rel_text>
      <target>http://libmeta.ru/fme/article/3170_UL'TRAFIOLETOVAJa</target>
    </relation>
  </relations>
  <text>операторные выражения, обычно с бесконечными численными коэффициентами, которые по форме зависимости от операторных полевых функций и их производных совпадают с отдельными слагаемыми полного лагранжиана рассматриваемой квантовополевой модели и вводятся для устранения URI[[http://libmeta.ru/fme/relation/1366_10_KONTRChLENY]]/URI с помощью процедуры URI[[http://libmeta.ru/fme/relation/1366_9_KONTRChLENY]]/URI. Таким образом, К. компенсируют бесконечные слагаемые, содержащие URI[[http://libmeta.ru/fme/relation/1366_8_KONTRChLENY]]/URI. В так наз. перенормируемых моделях URI[[http://libmeta.ru/fme/relation/1366_7_KONTRChLENY]]/URI с помощью небольшого числа К. удается скомпенсировать эти расходимости в URI[[http://libmeta.ru/fme/relation/1366_6_KONTRChLENY]]/URI URI[[http://libmeta.ru/fme/relation/1366_5_KONTRChLENY]]/URI любого, сколь угодно высокого порядка. Формально введение в лагранжиан URI[[http://libmeta.ru/fme/relation/1366_4_KONTRChLENY]]/URI бесконечных К. URI[[http://libmeta.ru/fme/relation/1366_3_KONTRChLENY]]/URI изменению масс URI[[http://libmeta.ru/fme/relation/1366_2_KONTRChLENY]]/URI и констант связи. Однако возникающие при этом связи между исходными, затравочными, и конечными, URI[[http://libmeta.ru/fme/relation/1366_1_KONTRChLENY]]/URI, массами и зарядами оказываются сингулярными.</text>
  <text_orig>операторные выражения, обычно с бесконечными численными коэффициентами, которые по форме зависимости от операторных полевых функций и их производных совпадают с отдельными слагаемыми полного лагранжиана рассматриваемой квантовополевой модели и вводятся для устранения ультрафиолетовых расходимостей с помощью процедуры перенормировки. Таким образом, К. компенсируют бесконечные слагаемые, содержащие ультрафиолетовые расходимости. В так наз. перенормируемых моделях квантовой теории поля с помощью небольшого числа К. удается скомпенсировать эти расходимости в радиационных поправках любого, сколь угодно высокого порядка. Формально введение в лагранжиан подобных бесконечных К. эквивалентно изменению масс частиц и констант связи. Однако возникающие при этом связи между исходными, затравочными, и конечными, перенормированными, массами и зарядами оказываются сингулярными.</text_orig>
</article>
