<?xml version="1.0" ?>
<article uri="http://libmeta.ru/fme/article/136_BARGMANA-MIShELJa-TELEGDI">
  <title>БАРГМАНА-МИШЕЛЯ-ТЕЛЕГДИ УРАВНЕНИЕ</title>
  <authors/>
  <title_short/>
  <pages>
    <start>38</start>
    <end>38</end>
  </pages>
  <literature>
    <literature_orig>Jum.: [1] Bargman V., Michel L., Telegdi V. L., «Phys. Rev. Lett.», 1959, v. 2, № 10, p. 435-36; [2] Ф рен не л ь Я. И., Собрание избранных трудов, т. 2, М.- Л., 1958, с. 460-76; [3] Те р н о в И. М., Бо р д о в цын В. А., «Успехи физических наук», 1980, т. 132, в. 2, c. 345-52; [4] Fradkin D. M., Good R. H., «Rev. Mod. Phys.», 1961 , v. 33, № 2, p. 343-52; [5] Бай е р В. Н., К а тков В. М., Ф а д и н В. С., Излучение релятивистских электронов, М., 1973; [6] Б е л о в В. В., Масл о в В. П., «Доклады АН СССР», 1989, т. 305, № 3, $\begin{array}{ll}\text { c. 574-80. } &amp; \text { В. В. Белов. }\end{array}$</literature_orig>
    <unit>
      <author>Bargman V.</author>
      <author>Michel L.</author>
      <author>Telegdi V. L.</author>
      <title>«Phys. Rev. Lett.»</title>
      <publication/>
      <year>1959</year>
      <other>v. 2, № 10, p. 435-36</other>
    </unit>
    <unit>
      <author>Френнель Я. И.</author>
      <title>Собрание избранных трудов</title>
      <publication>М.- Л.</publication>
      <year>1958</year>
      <other>т. 2, с. 460-76</other>
    </unit>
    <unit>
      <author>Тернов И. М.</author>
      <author>Бордовцын В. А.</author>
      <title>«Успехи физических наук»</title>
      <publication/>
      <year>1980</year>
      <other>т. 132, в. 2, c. 345-52</other>
    </unit>
    <unit>
      <author>Fradkin D. M.</author>
      <author>Good R. H.</author>
      <title>«Rev. Mod. Phys.»</title>
      <publication/>
      <year>1961</year>
      <other>v. 33, № 2, p. 343-52</other>
    </unit>
    <unit>
      <author>Байер В. Н.</author>
      <author>Катков В. М.</author>
      <author>Фадин В. С.</author>
      <title>Излучение релятивистских электронов</title>
      <publication>М.</publication>
      <year>1973</year>
      <other/>
    </unit>
    <unit>
      <author>Белов В. В.</author>
      <author>Маслов В. П.</author>
      <title>«Доклады АН СССР»</title>
      <publication/>
      <year>1989</year>
      <other>т. 305, № 3, $\begin{array}{ll}\text { c. 574-80. } &amp; \text { В. В. Белов. }\end{array}$</other>
    </unit>
  </literature>
  <formulas_main>
    <formula uri="http://libmeta.ru/fme/formula/main/136_1_BARGMANA-MIShELJa-TELEGDI">\begin{gathered}
\frac{d a^{\mu}}{d \tau}=\frac{g e}{2 m c} F^{\mu v} a_{v}-\frac{e}{m c}\left(\frac{g}{2}-1\right) u^{\mu} F^{v \lambda} u_{v} a_{\lambda}, \\
\mu, v, \lambda=0,1,2,3,
\end{gathered}</formula>
  </formulas_main>
  <formulas_aux>
    <formula uri="http://libmeta.ru/fme/formula/aux/136_1_BARGMANA-MIShELJa-TELEGDI">F^{\mu \nu}-</formula>
    <formula uri="http://libmeta.ru/fme/formula/aux/136_2_BARGMANA-MIShELJa-TELEGDI">u^{\mu}(\tau)-4</formula>
    <formula uri="http://libmeta.ru/fme/formula/aux/136_3_BARGMANA-MIShELJa-TELEGDI">a^{\mu}-</formula>
    <formula uri="http://libmeta.ru/fme/formula/aux/136_4_BARGMANA-MIShELJa-TELEGDI">m</formula>
    <formula uri="http://libmeta.ru/fme/formula/aux/136_5_BARGMANA-MIShELJa-TELEGDI">\boldsymbol{e}-</formula>
    <formula uri="http://libmeta.ru/fme/formula/aux/136_6_BARGMANA-MIShELJa-TELEGDI">g</formula>
    <formula uri="http://libmeta.ru/fme/formula/aux/136_7_BARGMANA-MIShELJa-TELEGDI">g=2</formula>
    <formula uri="http://libmeta.ru/fme/formula/aux/136_8_BARGMANA-MIShELJa-TELEGDI">h \rightarrow 0-</formula>
  </formulas_aux>
  <relations/>
  <text>классическое уравнение движения спина заряженной частицы во внешнем поле (см.[1]):

\[
URI[[http://libmeta.ru/fme/formula/main/136_1_BARGMANA-MIShELJa-TELEGDI]]/URI
\]

где $URI[[http://libmeta.ru/fme/formula/aux/136_1_BARGMANA-MIShELJa-TELEGDI]]/URI$ тензор электромагнитного поля, $URI[[http://libmeta.ru/fme/formula/aux/136_2_BARGMANA-MIShELJa-TELEGDI]]/URI$-скорость, $URI[[http://libmeta.ru/fme/formula/aux/136_3_BARGMANA-MIShELJa-TELEGDI]]/URI$ псевдовектор поляризации частицы, $URI[[http://libmeta.ru/fme/formula/aux/136_4_BARGMANA-MIShELJa-TELEGDI]]/URI$ - масса, $URI[[http://libmeta.ru/fme/formula/aux/136_5_BARGMANA-MIShELJa-TELEGDI]]/URI$ заряд, $URI[[http://libmeta.ru/fme/formula/aux/136_6_BARGMANA-MIShELJa-TELEGDI]]/URI$ - приведенное гиромагнитное отношение (для электрона $URI[[http://libmeta.ru/fme/formula/aux/136_7_BARGMANA-MIShELJa-TELEGDI]]/URI$ ). В другом виде подобное уравнение было впервые найдено Я.И. Френкелем (см. [2], подробнее в [3]).

В рамках квантовой теории строгий вывод уравнения (1) основан на квазиклассич. приближении в уравнении Дирака с аномальным взаимодействием Паули. Для произвольного (необязательно однородного, см. [4]) медленно меняюшегося внешнего поля, напряженности к-рого малы по сравнению с величиной критич. поля (см. [5]), уравнение (1) возникает в классич. пределе при $URI[[http://libmeta.ru/fme/formula/aux/136_8_BARGMANA-MIShELJa-TELEGDI]]/URI$ при усреднении гейзенберговских уравнений движения для спинового оператора - псевдовектора поляризации Баргмана по квазиклассич. траекторно-когерентным состояниям (см. [6]).</text>
  <text_orig>классическое уравнение движения спина заряженной частицы во внешнем поле (см.[1]):

\[
\begin{gathered}
\frac{d a^{\mu}}{d \tau}=\frac{g e}{2 m c} F^{\mu v} a_{v}-\frac{e}{m c}\left(\frac{g}{2}-1\right) u^{\mu} F^{v \lambda} u_{v} a_{\lambda}, \\
\mu, v, \lambda=0,1,2,3,
\end{gathered}
\]

где $F^{\mu \nu}-$ тензор электромагнитного поля, $u^{\mu}(\tau)-4$-скорость, $a^{\mu}-$ псевдовектор поляризации частицы, $m$ - масса, $\boldsymbol{e}-$ заряд, $g$ - приведенное гиромагнитное отношение (для электрона $g=2$ ). В другом виде подобное уравнение было впервые найдено Я.И. Френкелем (см. [2], подробнее в [3]).

В рамках квантовой теории строгий вывод уравнения (1) основан на квазиклассич. приближении в уравнении Дирака с аномальным взаимодействием Паули. Для произвольного (необязательно однородного, см. [4]) медленно меняюшегося внешнего поля, напряженности к-рого малы по сравнению с величиной критич. поля (см. [5]), уравнение (1) возникает в классич. пределе при $h \rightarrow 0-$ при усреднении гейзенберговских уравнений движения для спинового оператора - псевдовектора поляризации Баргмана по квазиклассич. траекторно-когерентным состояниям (см. [6]).

Jum.: [1] Bargman V., Michel L., Telegdi V. L., «Phys. Rev. Lett.», 1959, v. 2, № 10, p. 435-36; [2] Ф рен не л ь Я. И., Собрание избранных трудов, т. 2, М.- Л., 1958, с. 460-76; [3] Те р н о в И. М., Бо р д о в цын В. А., «Успехи физических наук», 1980, т. 132, в. 2, c. 345-52; [4] Fradkin D. M., Good R. H., «Rev. Mod. Phys.», 1961 , v. 33, № 2, p. 343-52; [5] Бай е р В. Н., К а тков В. М., Ф а д и н В. С., Излучение релятивистских электронов, М., 1973; [6] Б е л о в В. В., Масл о в В. П., «Доклады АН СССР», 1989, т. 305, № 3, $\begin{array}{ll}\text { c. 574-80. } &amp; \text { В. В. Белов. }\end{array}$</text_orig>
</article>
