<?xml version="1.0" ?>
<article uri="http://libmeta.ru/fme/article/1370_KONFIGURATsIONNYJ">
  <title>КОНФИГУРАЦИОННЫЙ ИНТЕГРАЛ</title>
  <author/>
  <title_short/>
  <pages>
    <start>287</start>
    <end>287</end>
  </pages>
  <literature>
    <literature_orig/>
  </literature>
  <formulas_main>
    <formula uri="http://libmeta.ru/fme/formula/main/1370_1_KONFIGURATsIONNYJ">H_{0}=\sum_{j=1}^{N} \frac{P_{j}^{2}}{2 m}, \quad H_{1}=\sum_{j&amp;lt;n} v\left(\left|\vec{q}_{j}-\vec{q}_{n}\right|\right)</formula>
    <formula uri="http://libmeta.ru/fme/formula/main/1370_2_KONFIGURATsIONNYJ">Q_{N}=V^{-N} \int d \overrightarrow{q_{j}} \ldots d \overrightarrow{q_{n}} e^{-\beta \lambda H_{1}}</formula>
  </formulas_main>
  <formulas_aux>
    <formula uri="http://libmeta.ru/fme/formula/aux/1370_1_KONFIGURATsIONNYJ">N</formula>
    <formula uri="http://libmeta.ru/fme/formula/aux/1370_2_KONFIGURATsIONNYJ">N</formula>
    <formula uri="http://libmeta.ru/fme/formula/aux/1370_3_KONFIGURATsIONNYJ">V</formula>
    <formula uri="http://libmeta.ru/fme/formula/aux/1370_4_KONFIGURATsIONNYJ">H=H_{0}+\lambda H_{1}</formula>
    <formula uri="http://libmeta.ru/fme/formula/aux/1370_5_KONFIGURATsIONNYJ">\lambda-6</formula>
    <formula uri="http://libmeta.ru/fme/formula/aux/1370_6_KONFIGURATsIONNYJ">v(r)-</formula>
    <formula uri="http://libmeta.ru/fme/formula/aux/1370_7_KONFIGURATsIONNYJ">Z_{N}=Z_{N}^{\text {иД }} Q_{N}</formula>
    <formula uri="http://libmeta.ru/fme/formula/aux/1370_8_KONFIGURATsIONNYJ">Z_{N}^{\text {ид }}</formula>
    <formula uri="http://libmeta.ru/fme/formula/aux/1370_9_KONFIGURATsIONNYJ">\lambda</formula>
  </formulas_aux>
  <relations/>
  <text> - Часть ПОЛНОЙ статистической суммы классической системы $URI[[http://libmeta.ru/fme/formula/aux/1370_1_KONFIGURATsIONNYJ]]/URI$ взаимодействующих частиц, отвечающая энергии взаимодействия, зависящей только от координат частиц системы. Для системы из $URI[[http://libmeta.ru/fme/formula/aux/1370_2_KONFIGURATsIONNYJ]]/URI$ частиц в объеме $URI[[http://libmeta.ru/fme/formula/aux/1370_3_KONFIGURATsIONNYJ]]/URI$ с гамильтонианом $URI[[http://libmeta.ru/fme/formula/aux/1370_4_KONFIGURATsIONNYJ]]/URI$, где

\[
URI[[http://libmeta.ru/fme/formula/main/1370_1_KONFIGURATsIONNYJ]]/URI
\]

$URI[[http://libmeta.ru/fme/formula/aux/1370_5_KONFIGURATsIONNYJ]]/URI$ бразмерный параметр взаимодействия, $URI[[http://libmeta.ru/fme/formula/aux/1370_6_KONFIGURATsIONNYJ]]/URI$ потенциал парного взаимодействия, выражение для статистич. суммы имеет вид $URI[[http://libmeta.ru/fme/formula/aux/1370_7_KONFIGURATsIONNYJ]]/URI$, где $URI[[http://libmeta.ru/fme/formula/aux/1370_8_KONFIGURATsIONNYJ]]/URI$ - статистич. сумма идеального газа Больцмана, а K. и.

\[
URI[[http://libmeta.ru/fme/formula/main/1370_2_KONFIGURATsIONNYJ]]/URI
\]

Вычисление К. и. является центральной проблемой равновесной статистич. механики классич. систем. В настоящее время для вычисления К. и. используются те или иные схемы теории возмущений (так наз. $URI[[http://libmeta.ru/fme/formula/aux/1370_9_KONFIGURATsIONNYJ]]/URI$-разложение).

См. также Статистический интеграл.

Лит.: [1] Б а ле с ку Р., Равновесная и неравновесная статистическая механика, пер. с англ., т. 1, М., 1978.</text>
  <text_orig> - Часть ПОЛНОЙ статистической суммы классической системы $N$ взаимодействующих частиц, отвечающая энергии взаимодействия, зависящей только от координат частиц системы. Для системы из $N$ частиц в объеме $V$ с гамильтонианом $H=H_{0}+\lambda H_{1}$, где

\[
H_{0}=\sum_{j=1}^{N} \frac{P_{j}^{2}}{2 m}, \quad H_{1}=\sum_{j&amp;lt;n} v\left(\left|\vec{q}_{j}-\vec{q}_{n}\right|\right)
\]

$\lambda-6$ бразмерный параметр взаимодействия, $v(r)-$ потенциал парного взаимодействия, выражение для статистич. суммы имеет вид $Z_{N}=Z_{N}^{\text {иД }} Q_{N}$, где $Z_{N}^{\text {ид }}$ - статистич. сумма идеального газа Больцмана, а K. и.

\[
Q_{N}=V^{-N} \int d \overrightarrow{q_{j}} \ldots d \overrightarrow{q_{n}} e^{-\beta \lambda H_{1}}
\]

Вычисление К. и. является центральной проблемой равновесной статистич. механики классич. систем. В настоящее время для вычисления К. и. используются те или иные схемы теории возмущений (так наз. $\lambda$-разложение).

См. также Статистический интеграл.

Лит.: [1] Б а ле с ку Р., Равновесная и неравновесная статистическая механика, пер. с англ., т. 1, М., 1978.</text_orig>
</article>
