<?xml version="1.0" ?>
<article uri="http://libmeta.ru/fme/article/1371_KONFORMNAJa">
  <title>КОНФОРМНАЯ БЕСКОНЕЧНОСТЬ АСИМПТОТИЧЕСКИ ПЛОСКОГО ПРОСТРАНСТВА-ВРЕМЕНИ</title>
  <authors/>
  <title_short/>
  <pages>
    <start>287</start>
    <end>287</end>
  </pages>
  <literature>
    <literature_orig/>
  </literature>
  <formulas_main/>
  <formulas_aux>
    <formula uri="http://libmeta.ru/fme/formula/aux/1371_1_KONFORMNAJa">\mathscr{P}</formula>
    <formula uri="http://libmeta.ru/fme/formula/aux/1371_2_KONFORMNAJa">M</formula>
    <formula uri="http://libmeta.ru/fme/formula/aux/1371_3_KONFORMNAJa">\widetilde{g}_{a b}=\Omega^{-2} g_{a b}, \Omega=0</formula>
    <formula uri="http://libmeta.ru/fme/formula/aux/1371_4_KONFORMNAJa">\mathscr{P}</formula>
    <formula uri="http://libmeta.ru/fme/formula/aux/1371_5_KONFORMNAJa">M \cup \mathscr{P}</formula>
    <formula uri="http://libmeta.ru/fme/formula/aux/1371_6_KONFORMNAJa">\mathscr{P}</formula>
    <formula uri="http://libmeta.ru/fme/formula/aux/1371_7_KONFORMNAJa">\mathscr{P}^{+}</formula>
    <formula uri="http://libmeta.ru/fme/formula/aux/1371_8_KONFORMNAJa">\overline{\mathcal{P}}</formula>
    <formula uri="http://libmeta.ru/fme/formula/aux/1371_9_KONFORMNAJa">\Omega-</formula>
    <formula uri="http://libmeta.ru/fme/formula/aux/1371_10_KONFORMNAJa">\widetilde{g}_{a b}</formula>
    <formula uri="http://libmeta.ru/fme/formula/aux/1371_11_KONFORMNAJa">S^{2} \times \mathbb{R}</formula>
    <formula uri="http://libmeta.ru/fme/formula/aux/1371_12_KONFORMNAJa">\mathscr{P}</formula>
    <formula uri="http://libmeta.ru/fme/formula/aux/1371_13_KONFORMNAJa">g_{a b}</formula>
    <formula uri="http://libmeta.ru/fme/formula/aux/1371_14_KONFORMNAJa">\mathscr{P}^{+}</formula>
  </formulas_aux>
  <relations/>
  <text> граница $URI[[http://libmeta.ru/fme/formula/aux/1371_1_KONFORMNAJa]]/URI$, присоединенная к многообразию $URI[[http://libmeta.ru/fme/formula/aux/1371_2_KONFORMNAJa]]/URI$ асимптотически плоского пространства-времени. Введение конформной метрики $URI[[http://libmeta.ru/fme/formula/aux/1371_3_KONFORMNAJa]]/URI$ на $URI[[http://libmeta.ru/fme/formula/aux/1371_4_KONFORMNAJa]]/URI$, на полученном расширенном многообразии $URI[[http://libmeta.ru/fme/formula/aux/1371_5_KONFORMNAJa]]/URI$ позволяет перенести бесконечно удаленные точки в конечную область и рассматривать свойства бесконечности как свойства точек конечной границы. Граница $URI[[http://libmeta.ru/fme/formula/aux/1371_6_KONFORMNAJa]]/URI$ состоит из двух частей - границы будущего $URI[[http://libmeta.ru/fme/formula/aux/1371_7_KONFORMNAJa]]/URI$и границы прошлого $URI[[http://libmeta.ru/fme/formula/aux/1371_8_KONFORMNAJa]]/URI$, то есть достигается направленными в будущее и прошлое нулевыми геодезическими. Каждая из границ является изотропной гиперповерхностью (градиент $URI[[http://libmeta.ru/fme/formula/aux/1371_9_KONFORMNAJa]]/URI$ нулевой вектор в метрике $URI[[http://libmeta.ru/fme/formula/aux/1371_10_KONFORMNAJa]]/URI$ ) и имеет топологию $URI[[http://libmeta.ru/fme/formula/aux/1371_11_KONFORMNAJa]]/URI$, то есть К. б. устроена так же, как и изотропная бесконечность пространства Минковского. В асимптотически плоском пространстве-времени в окрестности $URI[[http://libmeta.ru/fme/formula/aux/1371_12_KONFORMNAJa]]/URI$ метрика $URI[[http://libmeta.ru/fme/formula/aux/1371_13_KONFORMNAJa]]/URI$ Удовлетворяет Эйнштейна уравнениям с нулевым или достаточно быстро убываюшим тензором энергии-импульса. В соответствии с одной из версий принципа космич. цензуры наблюдатели, находящиеся вблизи $URI[[http://libmeta.ru/fme/formula/aux/1371_14_KONFORMNAJa]]/URI$(в асимптотич. областях), не могут зафиксировать наличие сингулярности пространства-времени.

Лит.: [1] Пе н р о у з Р., Структура пространства-времени, пер. с англ., М., 1972; [2] Хокинг С., Эл л и с Дж., Крупномасштабная структура пространства-времени, пер. с англ., М., 1977.

А.Т. Ильичев.</text>
  <text_orig> граница $\mathscr{P}$, присоединенная к многообразию $M$ асимптотически плоского пространства-времени. Введение конформной метрики $\widetilde{g}_{a b}=\Omega^{-2} g_{a b}, \Omega=0$ на $\mathscr{P}$, на полученном расширенном многообразии $M \cup \mathscr{P}$ позволяет перенести бесконечно удаленные точки в конечную область и рассматривать свойства бесконечности как свойства точек конечной границы. Граница $\mathscr{P}$ состоит из двух частей - границы будущего $\mathscr{P}^{+}$и границы прошлого $\overline{\mathcal{P}}$, то есть достигается направленными в будущее и прошлое нулевыми геодезическими. Каждая из границ является изотропной гиперповерхностью (градиент $\Omega-$ нулевой вектор в метрике $\widetilde{g}_{a b}$ ) и имеет топологию $S^{2} \times \mathbb{R}$, то есть К. б. устроена так же, как и изотропная бесконечность пространства Минковского. В асимптотически плоском пространстве-времени в окрестности $\mathscr{P}$ метрика $g_{a b}$ Удовлетворяет Эйнштейна уравнениям с нулевым или достаточно быстро убываюшим тензором энергии-импульса. В соответствии с одной из версий принципа космич. цензуры наблюдатели, находящиеся вблизи $\mathscr{P}^{+}$(в асимптотич. областях), не могут зафиксировать наличие сингулярности пространства-времени.

Лит.: [1] Пе н р о у з Р., Структура пространства-времени, пер. с англ., М., 1972; [2] Хокинг С., Эл л и с Дж., Крупномасштабная структура пространства-времени, пер. с англ., М., 1977.

А.Т. Ильичев.
</text_orig>
</article>
