<?xml version="1.0" ?>
<article uri="http://libmeta.ru/fme/article/1373_KONFORMNAJa" alphabetic_pos="1375">
  <title>КОНФОРМНАЯ БЕСКОНЕЧНОСТЬ АСИМПТОТИЧЕСКИ ПЛОСКОГО ПРОСТРАНСТВА-ВРЕМЕНИ</title>
  <authors>
    <author>А. Т. Ильичев</author>
  </authors>
  <title_short/>
  <pages>
    <start>287</start>
    <end>287</end>
  </pages>
  <literature>
    <literature_orig>Лит.: [1] Пе н р о у з Р., Структура пространства-времени, пер. с англ., М., 1972; [2] Хокинг С., Эл л и с Дж., Крупномасштабная структура пространства-времени, пер. с англ., М., 1977.</literature_orig>
    <unit>
      <author>Пенроуз Р.</author>
      <title>Структура пространства-времени</title>
      <publication>пер. с англ., М.</publication>
      <year>1972</year>
      <other/>
    </unit>
    <unit>
      <author>Хокинг С.</author>
      <title>Эл л и с Дж., Крупномасштабная структура пространства-времени</title>
      <publication>пер. с англ., М.</publication>
      <year>1977</year>
      <other/>
    </unit>
  </literature>
  <formulas_main/>
  <formulas_aux>
    <formula uri="http://libmeta.ru/fme/formula/aux/1373_1_KONFORMNAJa">\mathscr{p}</formula>
    <formula uri="http://libmeta.ru/fme/formula/aux/1373_2_KONFORMNAJa">m</formula>
    <formula uri="http://libmeta.ru/fme/formula/aux/1373_3_KONFORMNAJa">\widetilde{g}_{a b}=\Omega^{-2} g_{a b}, \Omega=0</formula>
    <formula uri="http://libmeta.ru/fme/formula/aux/1373_4_KONFORMNAJa">\mathscr{p}</formula>
    <formula uri="http://libmeta.ru/fme/formula/aux/1373_5_KONFORMNAJa">m \cup \mathscr{P}</formula>
    <formula uri="http://libmeta.ru/fme/formula/aux/1373_6_KONFORMNAJa">\mathscr{p}</formula>
    <formula uri="http://libmeta.ru/fme/formula/aux/1373_7_KONFORMNAJa">\mathscr{p}^{+}</formula>
    <formula uri="http://libmeta.ru/fme/formula/aux/1373_8_KONFORMNAJa">\overline{\mathcal{p}}</formula>
    <formula uri="http://libmeta.ru/fme/formula/aux/1373_9_KONFORMNAJa">\omega-</formula>
    <formula uri="http://libmeta.ru/fme/formula/aux/1373_10_KONFORMNAJa">\widetilde{g}_{a b}</formula>
    <formula uri="http://libmeta.ru/fme/formula/aux/1373_11_KONFORMNAJa">s^{2} \times \mathbb{R}</formula>
    <formula uri="http://libmeta.ru/fme/formula/aux/1373_12_KONFORMNAJa">\mathscr{p}</formula>
    <formula uri="http://libmeta.ru/fme/formula/aux/1373_13_KONFORMNAJa">g_{a b}</formula>
    <formula uri="http://libmeta.ru/fme/formula/aux/1373_14_KONFORMNAJa">\mathscr{p}^{+}</formula>
  </formulas_aux>
  <relations>
    <relation uri="http://libmeta.ru/fme/relation/1373_1_KONFORMNAJa">
      <rel_text>сингулярности пространства-времени</rel_text>
      <target>http://libmeta.ru/fme/article/2775_SINGULJaRNOSTI</target>
    </relation>
    <relation uri="http://libmeta.ru/fme/relation/1373_2_KONFORMNAJa">
      <rel_text>областях</rel_text>
      <target>http://libmeta.ru/fme/article/2006_OBLAST</target>
    </relation>
    <relation uri="http://libmeta.ru/fme/relation/1373_3_KONFORMNAJa">
      <rel_text>наблюдатели</rel_text>
      <target>http://libmeta.ru/fme/article/1853_NABLJuDAEMA</target>
    </relation>
    <relation uri="http://libmeta.ru/fme/relation/1373_4_KONFORMNAJa">
      <rel_text>быстро убывающим</rel_text>
      <target>http://libmeta.ru/fme/article/290_BYSTRO</target>
    </relation>
    <relation uri="http://libmeta.ru/fme/relation/1373_5_KONFORMNAJa">
      <rel_text>Эйнштейна уравнениям</rel_text>
      <target>http://libmeta.ru/fme/article/3483_EJNShTEJNA</target>
    </relation>
    <relation uri="http://libmeta.ru/fme/relation/1373_6_KONFORMNAJa">
      <rel_text>метрика</rel_text>
      <target>http://libmeta.ru/fme/article/1767_METRIK</target>
    </relation>
    <relation uri="http://libmeta.ru/fme/relation/1373_7_KONFORMNAJa">
      <rel_text>асимптотически плоском пространстве-времени</rel_text>
      <target>http://libmeta.ru/fme/article/1373_KONFORMNAJa</target>
    </relation>
  </relations>
  <text>граница $URI[[http://libmeta.ru/fme/formula/aux/1373_1_KONFORMNAJa]]/URI$, присоединенная к многообразию $URI[[http://libmeta.ru/fme/formula/aux/1373_2_KONFORMNAJa]]/URI$ асимптотически плоского пространства-времени. Введение конформной метрики $URI[[http://libmeta.ru/fme/formula/aux/1373_3_KONFORMNAJa]]/URI$ на $URI[[http://libmeta.ru/fme/formula/aux/1373_4_KONFORMNAJa]]/URI$, на полученном расширенном многообразии $URI[[http://libmeta.ru/fme/formula/aux/1373_5_KONFORMNAJa]]/URI$ позволяет перенести бесконечно удаленные точки в конечную область и рассматривать свойства бесконечности как свойства точек конечной границы. Граница $URI[[http://libmeta.ru/fme/formula/aux/1373_6_KONFORMNAJa]]/URI$ состоит из двух частей - границы будущего $URI[[http://libmeta.ru/fme/formula/aux/1373_7_KONFORMNAJa]]/URI$и границы прошлого $URI[[http://libmeta.ru/fme/formula/aux/1373_8_KONFORMNAJa]]/URI$, то есть достигается направленными в будущее и прошлое нулевыми геодезическими. Каждая из границ является изотропной гиперповерхностью (градиент $URI[[http://libmeta.ru/fme/formula/aux/1373_9_KONFORMNAJa]]/URI$ нулевой вектор в метрике $URI[[http://libmeta.ru/fme/formula/aux/1373_10_KONFORMNAJa]]/URI$ ) и имеет топологию $URI[[http://libmeta.ru/fme/formula/aux/1373_11_KONFORMNAJa]]/URI$, то есть К. б. устроена так же, как и изотропная бесконечность пространства Минковского. В URI[[http://libmeta.ru/fme/relation/1373_7_KONFORMNAJa]]/URI в окрестности $URI[[http://libmeta.ru/fme/formula/aux/1373_12_KONFORMNAJa]]/URI$ URI[[http://libmeta.ru/fme/relation/1373_6_KONFORMNAJa]]/URI $URI[[http://libmeta.ru/fme/formula/aux/1373_13_KONFORMNAJa]]/URI$ Удовлетворяет URI[[http://libmeta.ru/fme/relation/1373_5_KONFORMNAJa]]/URI с нулевым или достаточно URI[[http://libmeta.ru/fme/relation/1373_4_KONFORMNAJa]]/URI тензором энергии-импульса. В соответствии с одной из версий принципа космич. цензуры URI[[http://libmeta.ru/fme/relation/1373_3_KONFORMNAJa]]/URI, находящиеся вблизи $URI[[http://libmeta.ru/fme/formula/aux/1373_14_KONFORMNAJa]]/URI$(в асимптотич. URI[[http://libmeta.ru/fme/relation/1373_2_KONFORMNAJa]]/URI), не могут зафиксировать наличие URI[[http://libmeta.ru/fme/relation/1373_1_KONFORMNAJa]]/URI.</text>
  <text_orig>граница $\mathscr{P}$, присоединенная к многообразию $M$ асимптотически плоского пространства-времени. Введение конформной метрики $\widetilde{g}_{a b}=\Omega^{-2} g_{a b}, \Omega=0$ на $\mathscr{P}$, на полученном расширенном многообразии $M \cup \mathscr{P}$ позволяет перенести бесконечно удаленные точки в конечную область и рассматривать свойства бесконечности как свойства точек конечной границы. Граница $\mathscr{P}$ состоит из двух частей - границы будущего $\mathscr{P}^{+}$и границы прошлого $\overline{\mathcal{P}}$, то есть достигается направленными в будущее и прошлое нулевыми геодезическими. Каждая из границ является изотропной гиперповерхностью (градиент $\Omega-$ нулевой вектор в метрике $\widetilde{g}_{a b}$ ) и имеет топологию $S^{2} \times \mathbb{R}$, то есть К. б. устроена так же, как и изотропная бесконечность пространства Минковского. В асимптотически плоском пространстве-времени в окрестности $\mathscr{P}$ метрика $g_{a b}$ Удовлетворяет Эйнштейна уравнениям с нулевым или достаточно быстро убываюшим тензором энергии-импульса. В соответствии с одной из версий принципа космич. цензуры наблюдатели, находящиеся вблизи $\mathscr{P}^{+}$(в асимптотич. областях), не могут зафиксировать наличие сингулярности пространства-времени.

Лит.: [1] Пе н р о у з Р., Структура пространства-времени, пер. с англ., М., 1972; [2] Хокинг С., Эл л и с Дж., Крупномасштабная структура пространства-времени, пер. с англ., М., 1977.

А.Т. Ильичев.</text_orig>
</article>
