<?xml version="1.0" ?>
<article uri="http://libmeta.ru/fme/article/1382_KOORDINATNOE" alphabetic_pos="1384">
  <title>КООРДИНАТНОЕ ПРЕДСТАВЛЕНИЕ ШРЕДИНГЕРА</title>
  <authors/>
  <title_short/>
  <pages>
    <start>288</start>
    <end>288</end>
  </pages>
  <literature>
    <literature_orig/>
  </literature>
  <formulas_main/>
  <formulas_aux/>
  <relations>
    <relation uri="http://libmeta.ru/fme/relation/1382_1_KOORDINATNOE">
      <rel_text>Шредингера представление</rel_text>
      <target>http://libmeta.ru/fme/article/3459_ShREDINGERA</target>
    </relation>
  </relations>
  <text>см. URI[[http://libmeta.ru/fme/relation/1382_1_KOORDINATNOE]]/URI.</text>
  <text_orig>см. Шредингера представление.</text_orig>
</article>
