<?xml version="1.0" ?>
<article uri="http://libmeta.ru/fme/article/1385_KOORDINATY">
  <title>КООРДИНАТЫ ТОЧКИ</title>
  <author/>
  <title_short/>
  <pages>
    <start>288</start>
    <end>291</end>
  </pages>
  <literature>
    <literature_orig/>
  </literature>
  <formulas_main>
    <formula uri="http://libmeta.ru/fme/formula/main/1385_1_KOORDINATY">x=\text { const и } y=\text { const. }</formula>
    <formula uri="http://libmeta.ru/fme/formula/main/1385_2_KOORDINATY">u=\text { const } \text { и } v=\text { const, }</formula>
    <formula uri="http://libmeta.ru/fme/formula/main/1385_3_KOORDINATY">u=u(x, y), v=v(x, y),</formula>
    <formula uri="http://libmeta.ru/fme/formula/main/1385_4_KOORDINATY">l_{u}=\sqrt{\left(\frac{\partial x}{\partial u}\right)^{2}+\left(\frac{\partial y}{\partial u}\right)^{2}}, \quad l_{v}=\sqrt{\left(\frac{\partial x}{\partial v}\right)^{2}+\left(\frac{\partial y}{\partial v}\right)^{2}}</formula>
    <formula uri="http://libmeta.ru/fme/formula/main/1385_5_KOORDINATY">d l=\sqrt{l_{u}^{2} d u^{2}+l_{v}^{2} d v^{2}}</formula>
    <formula uri="http://libmeta.ru/fme/formula/main/1385_6_KOORDINATY">d S=l_{u} l_{v} d u d v</formula>
    <formula uri="http://libmeta.ru/fme/formula/main/1385_7_KOORDINATY">\operatorname{ad}_{x}^{*} \xi=\xi([\cdot, x]), x \in \mathbb{S}, \xi \in \mathbb{S}^{*} .</formula>
    <formula uri="http://libmeta.ru/fme/formula/main/1385_8_KOORDINATY">w_{\text {кор }}=2 \omega_{\text {пер }} v_{\text {от }} \sin \alpha ;</formula>
    <formula uri="http://libmeta.ru/fme/formula/main/1385_9_KOORDINATY">\boldsymbol{w}_{\text {кор }}=2\left[\omega_{\text {пер }} v_{\text {от }}\right] \text {, }</formula>
    <formula uri="http://libmeta.ru/fme/formula/main/1385_10_KOORDINATY">L=\min _{i, k, j, l}\left(c_{i k j l}\left|\operatorname{grad} c_{i k j l}\right|^{-1}\right) ; \quad L=\min _{i, k}\left(\varepsilon_{i k}\left|\operatorname{grad} \varepsilon_{i k}\right|^{-1}\right) .</formula>
    <formula uri="http://libmeta.ru/fme/formula/main/1385_11_KOORDINATY">\begin{aligned}
\boldsymbol{U} &amp;amp; =\boldsymbol{A}(\boldsymbol{M}, \omega) \exp [i \omega(\tau(\boldsymbol{M})-\boldsymbol{t})], \\
A(M, \omega) &amp;amp; =\sum_{n=0}^{\infty} \boldsymbol{A}^{(n)}(M)(-i \omega)^{-n}, \quad A^{(0)} \neq 0 .
\end{aligned}</formula>
    <formula uri="http://libmeta.ru/fme/formula/main/1385_12_KOORDINATY">\boldsymbol{v}_{r}^{\Phi}=\omega \sqrt{\lambda_{r}\left(n_{l}\right)} \boldsymbol{n}</formula>
    <formula uri="http://libmeta.ru/fme/formula/main/1385_13_KOORDINATY">\boldsymbol{n}=\operatorname{grad} \tau /|\operatorname{grad} \tau|</formula>
    <formula uri="http://libmeta.ru/fme/formula/main/1385_14_KOORDINATY">\boldsymbol{v}_{r}^{\mathrm{rp}}=\partial v_{r}^{\Phi} / \partial \boldsymbol{n} .</formula>
  </formulas_main>
  <formulas_aux>
    <formula uri="http://libmeta.ru/fme/formula/aux/1385_1_KOORDINATY">\mathrm{K}</formula>
    <formula uri="http://libmeta.ru/fme/formula/aux/1385_2_KOORDINATY">u</formula>
    <formula uri="http://libmeta.ru/fme/formula/aux/1385_3_KOORDINATY">v</formula>
    <formula uri="http://libmeta.ru/fme/formula/aux/1385_4_KOORDINATY">x</formula>
    <formula uri="http://libmeta.ru/fme/formula/aux/1385_5_KOORDINATY">y</formula>
    <formula uri="http://libmeta.ru/fme/formula/aux/1385_6_KOORDINATY">G</formula>
    <formula uri="http://libmeta.ru/fme/formula/aux/1385_7_KOORDINATY">G</formula>
    <formula uri="http://libmeta.ru/fme/formula/aux/1385_8_KOORDINATY">\mathbb{S}=T_{e} G</formula>
    <formula uri="http://libmeta.ru/fme/formula/aux/1385_9_KOORDINATY">G</formula>
    <formula uri="http://libmeta.ru/fme/formula/aux/1385_10_KOORDINATY">e \in G</formula>
    <formula uri="http://libmeta.ru/fme/formula/aux/1385_11_KOORDINATY">\mathrm{ad}^{*}: G \rightarrow G L\left(\right.</formula>
    <formula uri="http://libmeta.ru/fme/formula/aux/1385_12_KOORDINATY">\left.^{*}\right)</formula>
    <formula uri="http://libmeta.ru/fme/formula/aux/1385_13_KOORDINATY">) </formula>
    <formula uri="http://libmeta.ru/fme/formula/aux/1385_14_KOORDINATY"> End ((ङ) </formula>
    <formula uri="http://libmeta.ru/fme/formula/aux/1385_15_KOORDINATY"> в явном виде задается формулой

\[
URI[[http://libmeta.ru/fme/formula/main/1385_7_KOORDINATY]]/URI
\]

Коалгебра Ли (s </formula>
    <formula uri="http://libmeta.ru/fme/formula/aux/1385_16_KOORDINATY"> имеет естественную пуассонову структуру, инвариантную относительно действия группы </formula>
    <formula uri="http://libmeta.ru/fme/formula/aux/1385_17_KOORDINATY"> : скобка Ли на элементах \&amp;amp; - линейных функциях на (\</formula>
    <formula uri="http://libmeta.ru/fme/formula/aux/1385_18_KOORDINATY">m</formula>
    <formula uri="http://libmeta.ru/fme/formula/aux/1385_19_KOORDINATY">Y^{m}</formula>
    <formula uri="http://libmeta.ru/fme/formula/aux/1385_20_KOORDINATY">n</formula>
    <formula uri="http://libmeta.ru/fme/formula/aux/1385_21_KOORDINATY">X^{n}-</formula>
    <formula uri="http://libmeta.ru/fme/formula/aux/1385_22_KOORDINATY">n-m</formula>
    <formula uri="http://libmeta.ru/fme/formula/aux/1385_23_KOORDINATY">v_{\text {от }}</formula>
    <formula uri="http://libmeta.ru/fme/formula/aux/1385_24_KOORDINATY">\omega_{\text {пер }}-</formula>
    <formula uri="http://libmeta.ru/fme/formula/aux/1385_25_KOORDINATY">\alpha-</formula>
    <formula uri="http://libmeta.ru/fme/formula/aux/1385_26_KOORDINATY">v_{\text {от }}</formula>
    <formula uri="http://libmeta.ru/fme/formula/aux/1385_27_KOORDINATY">\omega_{\text {пер. }}</formula>
    <formula uri="http://libmeta.ru/fme/formula/aux/1385_28_KOORDINATY">90^{\circ}</formula>
    <formula uri="http://libmeta.ru/fme/formula/aux/1385_29_KOORDINATY">\left(\omega_{\text {пер }}=0\right)</formula>
    <formula uri="http://libmeta.ru/fme/formula/aux/1385_30_KOORDINATY">\alpha=0</formula>
    <formula uri="http://libmeta.ru/fme/formula/aux/1385_31_KOORDINATY">\lambda \ll L</formula>
    <formula uri="http://libmeta.ru/fme/formula/aux/1385_32_KOORDINATY">L-</formula>
    <formula uri="http://libmeta.ru/fme/formula/aux/1385_33_KOORDINATY">c_{i k j l}(M)-</formula>
    <formula uri="http://libmeta.ru/fme/formula/aux/1385_34_KOORDINATY">\varepsilon_{i k}(M)</formula>
    <formula uri="http://libmeta.ru/fme/formula/aux/1385_35_KOORDINATY">M\left(x_{1}, x_{2}, x_{3}\right)</formula>
    <formula uri="http://libmeta.ru/fme/formula/aux/1385_36_KOORDINATY">M</formula>
    <formula uri="http://libmeta.ru/fme/formula/aux/1385_37_KOORDINATY">\omega</formula>
    <formula uri="http://libmeta.ru/fme/formula/aux/1385_38_KOORDINATY">U-</formula>
    <formula uri="http://libmeta.ru/fme/formula/aux/1385_39_KOORDINATY">\boldsymbol{U}=(\boldsymbol{E}, \boldsymbol{H})</formula>
    <formula uri="http://libmeta.ru/fme/formula/aux/1385_40_KOORDINATY">t</formula>
    <formula uri="http://libmeta.ru/fme/formula/aux/1385_41_KOORDINATY">\tau(M)</formula>
    <formula uri="http://libmeta.ru/fme/formula/aux/1385_42_KOORDINATY">A^{(n)}(M)-</formula>
    <formula uri="http://libmeta.ru/fme/formula/aux/1385_43_KOORDINATY">\boldsymbol{A}(M, \omega)</formula>
    <formula uri="http://libmeta.ru/fme/formula/aux/1385_44_KOORDINATY">x=(\lambda / L)_{0}</formula>
    <formula uri="http://libmeta.ru/fme/formula/aux/1385_45_KOORDINATY">(\lambda / L)_{0}-</formula>
    <formula uri="http://libmeta.ru/fme/formula/aux/1385_46_KOORDINATY">\lambda / L</formula>
    <formula uri="http://libmeta.ru/fme/formula/aux/1385_47_KOORDINATY">M_{0}</formula>
    <formula uri="http://libmeta.ru/fme/formula/aux/1385_48_KOORDINATY">U</formula>
    <formula uri="http://libmeta.ru/fme/formula/aux/1385_49_KOORDINATY">1 /(-i \omega)</formula>
    <formula uri="http://libmeta.ru/fme/formula/aux/1385_50_KOORDINATY">\boldsymbol{A}^{(0)}</formula>
    <formula uri="http://libmeta.ru/fme/formula/aux/1385_51_KOORDINATY">\boldsymbol{A}^{(n)}, n \geqslant 1</formula>
    <formula uri="http://libmeta.ru/fme/formula/aux/1385_52_KOORDINATY">\boldsymbol{A}^{(0)}</formula>
    <formula uri="http://libmeta.ru/fme/formula/aux/1385_53_KOORDINATY">\operatorname{det}\left(C_{i j}-\delta_{i j}\right)=0</formula>
    <formula uri="http://libmeta.ru/fme/formula/aux/1385_54_KOORDINATY">C_{i j}=\rho^{-1} c_{i k j l} \tau_{l} \tau_{k}, \tau_{l}=\partial \tau / \partial x_{l}, \rho-</formula>
    <formula uri="http://libmeta.ru/fme/formula/aux/1385_55_KOORDINATY">C_{i j}</formula>
    <formula uri="http://libmeta.ru/fme/formula/aux/1385_56_KOORDINATY">\lambda_{r}\left(\tau_{l}\right)&amp;gt;0, r=1,2,3</formula>
    <formula uri="http://libmeta.ru/fme/formula/aux/1385_57_KOORDINATY">\tau_{l}-</formula>
    <formula uri="http://libmeta.ru/fme/formula/aux/1385_58_KOORDINATY">\tau_{l}</formula>
    <formula uri="http://libmeta.ru/fme/formula/aux/1385_59_KOORDINATY">\lambda_{1}&amp;gt;\lambda_{2} \geqslant \lambda_{3}</formula>
    <formula uri="http://libmeta.ru/fme/formula/aux/1385_60_KOORDINATY">\lambda_{r}\left(\tau_{l}\right)=1</formula>
    <formula uri="http://libmeta.ru/fme/formula/aux/1385_61_KOORDINATY">r</formula>
    <formula uri="http://libmeta.ru/fme/formula/aux/1385_62_KOORDINATY">\lambda_{r}\left(\tau_{l}\right)=1-</formula>
    <formula uri="http://libmeta.ru/fme/formula/aux/1385_63_KOORDINATY">\tau(M)</formula>
    <formula uri="http://libmeta.ru/fme/formula/aux/1385_64_KOORDINATY">(r=1)</formula>
    <formula uri="http://libmeta.ru/fme/formula/aux/1385_65_KOORDINATY">(r=2,3)</formula>
    <formula uri="http://libmeta.ru/fme/formula/aux/1385_66_KOORDINATY">r</formula>
  </formulas_aux>
  <relations/>
  <text> - числа, определяющие ее положение на плоскости, поверхности, в пространстве.

Важнейшими системами K. на плоскости являются декарто вы (прямоугольные и косоугольные) коорд и н а т Ы.

В декартовой системе К Л. линиями, для К-рых одна из $URI[[http://libmeta.ru/fme/formula/aux/1385_1_KOORDINATY]]/URI$. остается постоянной (координатными линиями), являются прямые, параллельные осям К.:

\[
URI[[http://libmeta.ru/fme/formula/main/1385_1_KOORDINATY]]/URI
\]

Если на плоскости заданы два семейства линий (не обязательно прямых), зависящих каждое от одного параметра:

\[
URI[[http://libmeta.ru/fme/formula/main/1385_2_KOORDINATY]]/URI
\]

и таких, что через каждую точку плоскости проходит по одной линии каждого семейства, то приходят к понятию криволинейных К.

Криволинейные координаты точки - значения параметров, соответствующих линиям (координатным), проходящим через эту точку. В случае, когда всякие две координатные линии из различных семейств пересекаются под прямым углом, система криволинейных К. называется ортогональной. Криволинейные К. $URI[[http://libmeta.ru/fme/formula/aux/1385_2_KOORDINATY]]/URI$ и $URI[[http://libmeta.ru/fme/formula/aux/1385_3_KOORDINATY]]/URI$ на плоскости обычно задаются уравнениями

\[
URI[[http://libmeta.ru/fme/formula/main/1385_3_KOORDINATY]]/URI
\]

связывающими их с декартовыми К. $URI[[http://libmeta.ru/fme/formula/aux/1385_4_KOORDINATY]]/URI$ и $URI[[http://libmeta.ru/fme/formula/aux/1385_5_KOORDINATY]]/URI$. Через Ламе коэффициенты

\[
URI[[http://libmeta.ru/fme/formula/main/1385_4_KOORDINATY]]/URI
\]

в системе ортогональных криволинейных К. определяются элемент длины

\[
URI[[http://libmeta.ru/fme/formula/main/1385_5_KOORDINATY]]/URI
\]

и элемент плошади

\[
URI[[http://libmeta.ru/fme/formula/main/1385_6_KOORDINATY]]/URI
\]

Важнейшими системами криволинейных К. на плоскости являются следующие. КООРДИНАЦИОННОЕ УПОРЯДОЧЕНИЕ - сМ. ДальНиЙ и ближний порядок.

КОПРИСОЕДИНЕННОЕ ПРЕДСТАВЛЕНИЕ - представление группы Ли $URI[[http://libmeta.ru/fme/formula/aux/1385_6_KOORDINATY]]/URI$, контрагредиентное к присоединенному представлению ad этой группы.

Пусть $URI[[http://libmeta.ru/fme/formula/aux/1385_7_KOORDINATY]]/URI$ - группа Ли, $URI[[http://libmeta.ru/fme/formula/aux/1385_8_KOORDINATY]]/URI$ - ее алгебра Ли. Группа Ли $URI[[http://libmeta.ru/fme/formula/aux/1385_9_KOORDINATY]]/URI$ действует на себя сопряжением. Дифференциал этого действия в единице $URI[[http://libmeta.ru/fme/formula/aux/1385_10_KOORDINATY]]/URI$ определяет присоединенное дей-

![](https://cdn.mathpix.com/cropped/2023_07_08_44290df9b3a193afefb0g-1.jpg?height=37&amp;amp;width=817&amp;amp;top_left_y=298&amp;amp;top_left_x=76)
женное действие $URI[[http://libmeta.ru/fme/formula/aux/1385_11_KOORDINATY]]/URI$ (ङ) $URI[[http://libmeta.ru/fme/formula/aux/1385_12_KOORDINATY]]/URI$ и называется к о п р и с о единенным п ред ставлен ием. Соответствующее K. п. алгебры Ли ad*: (\$URI[[http://libmeta.ru/fme/formula/aux/1385_13_KOORDINATY]]/URI$\rightarrow$URI[[http://libmeta.ru/fme/formula/aux/1385_14_KOORDINATY]]/URI$)$URI[[http://libmeta.ru/fme/formula/aux/1385_15_KOORDINATY]]/URI${ }^{*}$URI[[http://libmeta.ru/fme/formula/aux/1385_16_KOORDINATY]]/URI$G$URI[[http://libmeta.ru/fme/formula/aux/1385_17_KOORDINATY]]/URI$) по правилу Лейбница продолжается до скобки Пуассона на всех функциях на (s**. Симплектич. слои этой пуассоновой структуры суть орбиты коприсоединенного действия. Соответствующая симплектич. структура на орбитах задается Ли-Березина-Костанта-Кириллова формой. М. Э. Казарян.

КОРАБЕЛЬНЫЕ УГЛЫ - см. Ориентации уалы.

KOPАЗМЕРНОСТЬ векторного пространствасм. Векторное пространство.

KOPAЗMEPHОСТЬ $URI[[http://libmeta.ru/fme/formula/aux/1385_18_KOORDINATY]]/URI$-мерного подмногообраз и я $URI[[http://libmeta.ru/fme/formula/aux/1385_19_KOORDINATY]]/URI$ в $URI[[http://libmeta.ru/fme/formula/aux/1385_20_KOORDINATY]]/URI$-мерном многообразии $URI[[http://libmeta.ru/fme/formula/aux/1385_21_KOORDINATY]]/URI$ разность $URI[[http://libmeta.ru/fme/formula/aux/1385_22_KOORDINATY]]/URI$.

КОРАЗМЕРНОСТЬ с ло е н и я - см. Слоение.

КОРИОЛИСА СИЛА - одна из сил инерции; вводится для учета влияния вращения подвижной системы отсчета на относительное движение материальной точки; названа по имени Г. Кориолиса (G. Coriolis). K. c. равна произведению массы точки на ее Кориолиса ускорение и направлена противоположно этому ускорению. Эффект, учитываемый К. с., состоит в том, что во вращающейся системе отсчета материальная точка, движущаяся непараллельно оси этого вращения, отклоняется по направлению, перпендикулярному к ее относительной скорости, или оказывает давление на тело, препятствующее такому отклонению. На Земле этот эффект, обусловленный ее суточным вращением, заключается в том, что свободно падающие тела отклоняются от вертикали к востоку (в первом приближении), а тела, движущиеся вдоль земной поверхности, отклоняются в Северном полушарии вправо, а в Южном - влево от направления их движения. Вследствие медленного вращения Земли эти отклонения весьма малы и заметно сказываются или при очень больших скоростях движения (напр., у ракет и у артиллерийских снарядов с большими дальностями полета), или когда движение длится очень долго, напр. подмыв соответствующих берегов рек (так наз. закон Бэра), возникновение нек-рых воздушных и морских течений и др. В технике К. с. учитывается в теории гироскопов, турбин и многих других вращающихся систем.

C.M. Tape.

KОРИОЛИСА УСКОРЕНИЕ, поворотно е ускоре н и е, - составляющая полного ускорения точки, которая появляется при так наз. сло жном д в и жени и, когда переносное движение, то есть движение подвижной системы отсчета, не является поступательным. К. у. возникает вследствие изменения относительной скорости точки $URI[[http://libmeta.ru/fme/formula/aux/1385_23_KOORDINATY]]/URI$ при переносном движении и переносной скорости при относительном движении точки. Численно К. у. равно:

\[
URI[[http://libmeta.ru/fme/formula/main/1385_8_KOORDINATY]]/URI
\]

как вектор К. у. определяется формулой

\[
URI[[http://libmeta.ru/fme/formula/main/1385_9_KOORDINATY]]/URI
\]

где $URI[[http://libmeta.ru/fme/formula/aux/1385_24_KOORDINATY]]/URI$ угловая скорость поворота подвижной системы отсчета относительно неподвижной, $URI[[http://libmeta.ru/fme/formula/aux/1385_25_KOORDINATY]]/URI$ угол между $URI[[http://libmeta.ru/fme/formula/aux/1385_26_KOORDINATY]]/URI$ и $URI[[http://libmeta.ru/fme/formula/aux/1385_27_KOORDINATY]]/URI$ Направление К.у. можно получить, спроектировав

![](https://cdn.mathpix.com/cropped/2023_07_08_44290df9b3a193afefb0g-1.jpg?height=54&amp;amp;width=808&amp;amp;top_left_y=36&amp;amp;top_left_x=942)
вернув эту проекцию на $URI[[http://libmeta.ru/fme/formula/aux/1385_28_KOORDINATY]]/URI$ в сторону переносного вращения. Таким образом, К. у.- это часть ускорения точки по отношению к основной, а не к подвижной системе отсчета. Напр., при движении вдоль поверхности Земли вследствие ее вращения точка будет иметь К. у. по отношению к звездам, а не к Земле. К.у. равно нулю при поступательном переносном движении $URI[[http://libmeta.ru/fme/formula/aux/1385_29_KOORDINATY]]/URI$ или когда $URI[[http://libmeta.ru/fme/formula/aux/1385_30_KOORDINATY]]/URI$. С. М. Тарг. KОРНЕВОЕ ПОДПРОСТРАНСТВО - см. Вec.

КОРОТКИЕ ВОЛНЫ в анизотропных средахволны с длиной волны $URI[[http://libmeta.ru/fme/formula/aux/1385_31_KOORDINATY]]/URI$, где $URI[[http://libmeta.ru/fme/formula/aux/1385_32_KOORDINATY]]/URI$ масштаб неоднородности анизотропной среды. В физике наиболее часто встречаются упругие, диэлектрические и магнитоактивные плазменные анизотропные среды. Если $URI[[http://libmeta.ru/fme/formula/aux/1385_33_KOORDINATY]]/URI$ тензор упругих постоянных, $URI[[http://libmeta.ru/fme/formula/aux/1385_34_KOORDINATY]]/URI$ - тензор диэлектрич. проницаемости, $URI[[http://libmeta.ru/fme/formula/aux/1385_35_KOORDINATY]]/URI$ - точка пространства, то обычно полагают

\[
URI[[http://libmeta.ru/fme/formula/main/1385_10_KOORDINATY]]/URI
\]

К. в. в анизотропных средах локально в окрестности каждой фиксированной точки $URI[[http://libmeta.ru/fme/formula/aux/1385_36_KOORDINATY]]/URI$ представляют собою плоские волны и могут быть представлены разложениями по обратным степеням частоты $URI[[http://libmeta.ru/fme/formula/aux/1385_37_KOORDINATY]]/URI$ :

\[
URI[[http://libmeta.ru/fme/formula/main/1385_11_KOORDINATY]]/URI
\]

Здесь $URI[[http://libmeta.ru/fme/formula/aux/1385_38_KOORDINATY]]/URI$ вектор смешений частиц анизотропной среды или шестимерный вектор $URI[[http://libmeta.ru/fme/formula/aux/1385_39_KOORDINATY]]/URI$ напряженности электромагнитного поля, $URI[[http://libmeta.ru/fme/formula/aux/1385_40_KOORDINATY]]/URI$ - время, $URI[[http://libmeta.ru/fme/formula/aux/1385_41_KOORDINATY]]/URI$ - эйконал и $URI[[http://libmeta.ru/fme/formula/aux/1385_42_KOORDINATY]]/URI$ коэффициент разложения амплитуды $URI[[http://libmeta.ru/fme/formula/aux/1385_43_KOORDINATY]]/URI$. В должным образом введенных безразмерных переменных разложение (1) - разложение по малому безразмерному параметру $URI[[http://libmeta.ru/fme/formula/aux/1385_44_KOORDINATY]]/URI$, где $URI[[http://libmeta.ru/fme/formula/aux/1385_45_KOORDINATY]]/URI$ значение отношения $URI[[http://libmeta.ru/fme/formula/aux/1385_46_KOORDINATY]]/URI$ в нек-рой фиксированной точке $URI[[http://libmeta.ru/fme/formula/aux/1385_47_KOORDINATY]]/URI$.

Подстановка $URI[[http://libmeta.ru/fme/formula/aux/1385_48_KOORDINATY]]/URI$ в однородные уравнения движения анизотропной среды и приравнивание нулю коэффициентов при различных степенях $URI[[http://libmeta.ru/fme/formula/aux/1385_49_KOORDINATY]]/URI$ дает для составляющих $URI[[http://libmeta.ru/fme/formula/aux/1385_50_KOORDINATY]]/URI$ однородную и для $URI[[http://libmeta.ru/fme/formula/aux/1385_51_KOORDINATY]]/URI$, неоднородную рекуррентную систему уравнений. Однородная система для $URI[[http://libmeta.ru/fme/formula/aux/1385_52_KOORDINATY]]/URI$ имеет отличные от нуля решения, если ее определитель равен нулю. Напр., в случае упругой анизотропной среды $URI[[http://libmeta.ru/fme/formula/aux/1385_53_KOORDINATY]]/URI$, где $URI[[http://libmeta.ru/fme/formula/aux/1385_54_KOORDINATY]]/URI$ плотность. Матрица $URI[[http://libmeta.ru/fme/formula/aux/1385_55_KOORDINATY]]/URI$ является положительно определенной, еe собственные числа $URI[[http://libmeta.ru/fme/formula/aux/1385_56_KOORDINATY]]/URI$,- однородные второй степени функции $URI[[http://libmeta.ru/fme/formula/aux/1385_57_KOORDINATY]]/URI$ при любых $URI[[http://libmeta.ru/fme/formula/aux/1385_58_KOORDINATY]]/URI$ удовлетворяют неравенствам $URI[[http://libmeta.ru/fme/formula/aux/1385_59_KOORDINATY]]/URI$. Определитель будет равен нулю, только если $URI[[http://libmeta.ru/fme/formula/aux/1385_60_KOORDINATY]]/URI$ при каком-либо $URI[[http://libmeta.ru/fme/formula/aux/1385_61_KOORDINATY]]/URI$. Уравнение $URI[[http://libmeta.ru/fme/formula/aux/1385_62_KOORDINATY]]/URI$ уравнение эйконала для функции $URI[[http://libmeta.ru/fme/formula/aux/1385_63_KOORDINATY]]/URI$. В неоднородной анизотропной среде могут распространяться три типа коротких волн: квазипродольная волна $URI[[http://libmeta.ru/fme/formula/aux/1385_64_KOORDINATY]]/URI$ и две квазипоперечные $URI[[http://libmeta.ru/fme/formula/aux/1385_65_KOORDINATY]]/URI$. Фронт волны типа $URI[[http://libmeta.ru/fme/formula/aux/1385_66_KOORDINATY]]/URI$ распространяется с фазовой скоростью

\[
URI[[http://libmeta.ru/fme/formula/main/1385_12_KOORDINATY]]/URI
\]

в направлении нормали к фронту

\[
URI[[http://libmeta.ru/fme/formula/main/1385_13_KOORDINATY]]/URI
\]

Лучам и в анизотропных средах называются векторные линии поля векторов групповой скорости

\[
URI[[http://libmeta.ru/fme/formula/main/1385_14_KOORDINATY]]/URI
\]

Энергия волны в нулевом (геометро-оптическом) приближении распространяется по лучевым трубкам с групповой скоростью. В анизотропных средах в отличие от изотропных лучи неортогональны волновым фронтам</text>
  <text_orig> - числа, определяющие ее положение на плоскости, поверхности, в пространстве.

Важнейшими системами K. на плоскости являются декарто вы (прямоугольные и косоугольные) коорд и н а т Ы.

В декартовой системе К Л. линиями, для К-рых одна из $\mathrm{K}$. остается постоянной (координатными линиями), являются прямые, параллельные осям К.:

\[
x=\text { const и } y=\text { const. }
\]

Если на плоскости заданы два семейства линий (не обязательно прямых), зависящих каждое от одного параметра:

\[
u=\text { const } \text { и } v=\text { const, }
\]

и таких, что через каждую точку плоскости проходит по одной линии каждого семейства, то приходят к понятию криволинейных К.

Криволинейные координаты точки - значения параметров, соответствующих линиям (координатным), проходящим через эту точку. В случае, когда всякие две координатные линии из различных семейств пересекаются под прямым углом, система криволинейных К. называется ортогональной. Криволинейные К. $u$ и $v$ на плоскости обычно задаются уравнениями

\[
u=u(x, y), v=v(x, y),
\]

связывающими их с декартовыми К. $x$ и $y$. Через Ламе коэффициенты

\[
l_{u}=\sqrt{\left(\frac{\partial x}{\partial u}\right)^{2}+\left(\frac{\partial y}{\partial u}\right)^{2}}, \quad l_{v}=\sqrt{\left(\frac{\partial x}{\partial v}\right)^{2}+\left(\frac{\partial y}{\partial v}\right)^{2}}
\]

в системе ортогональных криволинейных К. определяются элемент длины

\[
d l=\sqrt{l_{u}^{2} d u^{2}+l_{v}^{2} d v^{2}}
\]

и элемент плошади

\[
d S=l_{u} l_{v} d u d v
\]

Важнейшими системами криволинейных К. на плоскости являются следующие. КООРДИНАЦИОННОЕ УПОРЯДОЧЕНИЕ - сМ. ДальНиЙ и ближний порядок.

КОПРИСОЕДИНЕННОЕ ПРЕДСТАВЛЕНИЕ - представление группы Ли $G$, контрагредиентное к присоединенному представлению ad этой группы.

Пусть $G$ - группа Ли, $\mathbb{S}=T_{e} G$ - ее алгебра Ли. Группа Ли $G$ действует на себя сопряжением. Дифференциал этого действия в единице $e \in G$ определяет присоединенное дей-

![](https://cdn.mathpix.com/cropped/2023_07_08_44290df9b3a193afefb0g-1.jpg?height=37&amp;amp;width=817&amp;amp;top_left_y=298&amp;amp;top_left_x=76)
женное действие $\mathrm{ad}^{*}: G \rightarrow G L\left(\right.$ (ङ) $\left.^{*}\right)$ и называется к о п р и с о единенным п ред ставлен ием. Соответствующее K. п. алгебры Ли ad*: (\$) $\rightarrow$ End ((ङ) $)$ в явном виде задается формулой

\[
\operatorname{ad}_{x}^{*} \xi=\xi([\cdot, x]), x \in \mathbb{S}, \xi \in \mathbb{S}^{*} .
\]

Коалгебра Ли (s ${ }^{*}$ имеет естественную пуассонову структуру, инвариантную относительно действия группы $G$ : скобка Ли на элементах \&amp;amp; - линейных функциях на (\$) по правилу Лейбница продолжается до скобки Пуассона на всех функциях на (s**. Симплектич. слои этой пуассоновой структуры суть орбиты коприсоединенного действия. Соответствующая симплектич. структура на орбитах задается Ли-Березина-Костанта-Кириллова формой. М. Э. Казарян.

КОРАБЕЛЬНЫЕ УГЛЫ - см. Ориентации уалы.

KOPАЗМЕРНОСТЬ векторного пространствасм. Векторное пространство.

KOPAЗMEPHОСТЬ $m$-мерного подмногообраз и я $Y^{m}$ в $n$-мерном многообразии $X^{n}-$ разность $n-m$.

КОРАЗМЕРНОСТЬ с ло е н и я - см. Слоение.

КОРИОЛИСА СИЛА - одна из сил инерции; вводится для учета влияния вращения подвижной системы отсчета на относительное движение материальной точки; названа по имени Г. Кориолиса (G. Coriolis). K. c. равна произведению массы точки на ее Кориолиса ускорение и направлена противоположно этому ускорению. Эффект, учитываемый К. с., состоит в том, что во вращающейся системе отсчета материальная точка, движущаяся непараллельно оси этого вращения, отклоняется по направлению, перпендикулярному к ее относительной скорости, или оказывает давление на тело, препятствующее такому отклонению. На Земле этот эффект, обусловленный ее суточным вращением, заключается в том, что свободно падающие тела отклоняются от вертикали к востоку (в первом приближении), а тела, движущиеся вдоль земной поверхности, отклоняются в Северном полушарии вправо, а в Южном - влево от направления их движения. Вследствие медленного вращения Земли эти отклонения весьма малы и заметно сказываются или при очень больших скоростях движения (напр., у ракет и у артиллерийских снарядов с большими дальностями полета), или когда движение длится очень долго, напр. подмыв соответствующих берегов рек (так наз. закон Бэра), возникновение нек-рых воздушных и морских течений и др. В технике К. с. учитывается в теории гироскопов, турбин и многих других вращающихся систем.

C.M. Tape.

KОРИОЛИСА УСКОРЕНИЕ, поворотно е ускоре н и е, - составляющая полного ускорения точки, которая появляется при так наз. сло жном д в и жени и, когда переносное движение, то есть движение подвижной системы отсчета, не является поступательным. К. у. возникает вследствие изменения относительной скорости точки $v_{\text {от }}$ при переносном движении и переносной скорости при относительном движении точки. Численно К. у. равно:

\[
w_{\text {кор }}=2 \omega_{\text {пер }} v_{\text {от }} \sin \alpha ;
\]

как вектор К. у. определяется формулой

\[
\boldsymbol{w}_{\text {кор }}=2\left[\omega_{\text {пер }} v_{\text {от }}\right] \text {, }
\]

где $\omega_{\text {пер }}-$ угловая скорость поворота подвижной системы отсчета относительно неподвижной, $\alpha-$ угол между $v_{\text {от }}$ и $\omega_{\text {пер. }}$ Направление К.у. можно получить, спроектировав

![](https://cdn.mathpix.com/cropped/2023_07_08_44290df9b3a193afefb0g-1.jpg?height=54&amp;amp;width=808&amp;amp;top_left_y=36&amp;amp;top_left_x=942)
вернув эту проекцию на $90^{\circ}$ в сторону переносного вращения. Таким образом, К. у.- это часть ускорения точки по отношению к основной, а не к подвижной системе отсчета. Напр., при движении вдоль поверхности Земли вследствие ее вращения точка будет иметь К. у. по отношению к звездам, а не к Земле. К.у. равно нулю при поступательном переносном движении $\left(\omega_{\text {пер }}=0\right)$ или когда $\alpha=0$. С. М. Тарг. KОРНЕВОЕ ПОДПРОСТРАНСТВО - см. Вec.

КОРОТКИЕ ВОЛНЫ в анизотропных средахволны с длиной волны $\lambda \ll L$, где $L-$ масштаб неоднородности анизотропной среды. В физике наиболее часто встречаются упругие, диэлектрические и магнитоактивные плазменные анизотропные среды. Если $c_{i k j l}(M)-$ тензор упругих постоянных, $\varepsilon_{i k}(M)$ - тензор диэлектрич. проницаемости, $M\left(x_{1}, x_{2}, x_{3}\right)$ - точка пространства, то обычно полагают

\[
L=\min _{i, k, j, l}\left(c_{i k j l}\left|\operatorname{grad} c_{i k j l}\right|^{-1}\right) ; \quad L=\min _{i, k}\left(\varepsilon_{i k}\left|\operatorname{grad} \varepsilon_{i k}\right|^{-1}\right) .
\]

К. в. в анизотропных средах локально в окрестности каждой фиксированной точки $M$ представляют собою плоские волны и могут быть представлены разложениями по обратным степеням частоты $\omega$ :

\[
\begin{aligned}
\boldsymbol{U} &amp;amp; =\boldsymbol{A}(\boldsymbol{M}, \omega) \exp [i \omega(\tau(\boldsymbol{M})-\boldsymbol{t})], \\
A(M, \omega) &amp;amp; =\sum_{n=0}^{\infty} \boldsymbol{A}^{(n)}(M)(-i \omega)^{-n}, \quad A^{(0)} \neq 0 .
\end{aligned}
\]

Здесь $U-$ вектор смешений частиц анизотропной среды или шестимерный вектор $\boldsymbol{U}=(\boldsymbol{E}, \boldsymbol{H})$ напряженности электромагнитного поля, $t$ - время, $\tau(M)$ - эйконал и $A^{(n)}(M)-$ коэффициент разложения амплитуды $\boldsymbol{A}(M, \omega)$. В должным образом введенных безразмерных переменных разложение (1) - разложение по малому безразмерному параметру $x=(\lambda / L)_{0}$, где $(\lambda / L)_{0}-$ значение отношения $\lambda / L$ в нек-рой фиксированной точке $M_{0}$.

Подстановка $U$ в однородные уравнения движения анизотропной среды и приравнивание нулю коэффициентов при различных степенях $1 /(-i \omega)$ дает для составляющих $\boldsymbol{A}^{(0)}$ однородную и для $\boldsymbol{A}^{(n)}, n \geqslant 1$, неоднородную рекуррентную систему уравнений. Однородная система для $\boldsymbol{A}^{(0)}$ имеет отличные от нуля решения, если ее определитель равен нулю. Напр., в случае упругой анизотропной среды $\operatorname{det}\left(C_{i j}-\delta_{i j}\right)=0$, где $C_{i j}=\rho^{-1} c_{i k j l} \tau_{l} \tau_{k}, \tau_{l}=\partial \tau / \partial x_{l}, \rho-$ плотность. Матрица $C_{i j}$ является положительно определенной, еe собственные числа $\lambda_{r}\left(\tau_{l}\right)&amp;gt;0, r=1,2,3$,- однородные второй степени функции $\tau_{l}-$ при любых $\tau_{l}$ удовлетворяют неравенствам $\lambda_{1}&amp;gt;\lambda_{2} \geqslant \lambda_{3}$. Определитель будет равен нулю, только если $\lambda_{r}\left(\tau_{l}\right)=1$ при каком-либо $r$. Уравнение $\lambda_{r}\left(\tau_{l}\right)=1-$ уравнение эйконала для функции $\tau(M)$. В неоднородной анизотропной среде могут распространяться три типа коротких волн: квазипродольная волна $(r=1)$ и две квазипоперечные $(r=2,3)$. Фронт волны типа $r$ распространяется с фазовой скоростью

\[
\boldsymbol{v}_{r}^{\Phi}=\omega \sqrt{\lambda_{r}\left(n_{l}\right)} \boldsymbol{n}
\]

в направлении нормали к фронту

\[
\boldsymbol{n}=\operatorname{grad} \tau /|\operatorname{grad} \tau|
\]

Лучам и в анизотропных средах называются векторные линии поля векторов групповой скорости

\[
\boldsymbol{v}_{r}^{\mathrm{rp}}=\partial v_{r}^{\Phi} / \partial \boldsymbol{n} .
\]

Энергия волны в нулевом (геометро-оптическом) приближении распространяется по лучевым трубкам с групповой скоростью. В анизотропных средах в отличие от изотропных лучи неортогональны волновым фронтам</text_orig>
</article>
