<?xml version="1.0" ?>
<article uri="http://libmeta.ru/fme/article/1387_KOPRISOEDINENNOE">
  <title>КОПРИСОЕДИНЕННОЕ ПРЕДСТАВЛЕНИЕ</title>
  <authors>
    <author>М. Э. Казарян</author>
  </authors>
  <title_short/>
  <pages>
    <start>291</start>
    <end>291</end>
  </pages>
  <literature>
    <literature_orig/>
  </literature>
  <formulas_main>
    <formula uri="http://libmeta.ru/fme/formula/main/1387_1_KOPRISOEDINENNOE">\operatorname{ad}_{x}^{*} \xi=\xi([\cdot, x]), x \in \mathbb{S}, \xi \in \mathbb{S}^{*} .</formula>
  </formulas_main>
  <formulas_aux>
    <formula uri="http://libmeta.ru/fme/formula/aux/1387_1_KOPRISOEDINENNOE">G</formula>
    <formula uri="http://libmeta.ru/fme/formula/aux/1387_2_KOPRISOEDINENNOE">G</formula>
    <formula uri="http://libmeta.ru/fme/formula/aux/1387_3_KOPRISOEDINENNOE">\mathbb{S}=T_{e} G</formula>
    <formula uri="http://libmeta.ru/fme/formula/aux/1387_4_KOPRISOEDINENNOE">G</formula>
    <formula uri="http://libmeta.ru/fme/formula/aux/1387_5_KOPRISOEDINENNOE">e \in G</formula>
    <formula uri="http://libmeta.ru/fme/formula/aux/1387_6_KOPRISOEDINENNOE">\mathrm{ad}^{*}: G \rightarrow G L\left(\right.</formula>
    <formula uri="http://libmeta.ru/fme/formula/aux/1387_7_KOPRISOEDINENNOE">\left.^{*}\right)</formula>
    <formula uri="http://libmeta.ru/fme/formula/aux/1387_8_KOPRISOEDINENNOE">) </formula>
    <formula uri="http://libmeta.ru/fme/formula/aux/1387_9_KOPRISOEDINENNOE"> End ((ङ) </formula>
    <formula uri="http://libmeta.ru/fme/formula/aux/1387_10_KOPRISOEDINENNOE"> в явном виде задается формулой

\[
URI[[http://libmeta.ru/fme/formula/main/1387_1_KOPRISOEDINENNOE]]/URI
\]

Коалгебра Ли (s </formula>
    <formula uri="http://libmeta.ru/fme/formula/aux/1387_11_KOPRISOEDINENNOE"> имеет естественную пуассонову структуру, инвариантную относительно действия группы </formula>
    <formula uri="http://libmeta.ru/fme/formula/aux/1387_12_KOPRISOEDINENNOE"> : скобка Ли на элементах \&amp;amp;amp; - линейных функциях на (\</formula>
  </formulas_aux>
  <relations/>
  <text> - представление группы Ли $URI[[http://libmeta.ru/fme/formula/aux/1387_1_KOPRISOEDINENNOE]]/URI$, контрагредиентное к присоединенному представлению ad этой группы.

Пусть $URI[[http://libmeta.ru/fme/formula/aux/1387_2_KOPRISOEDINENNOE]]/URI$ - группа Ли, $URI[[http://libmeta.ru/fme/formula/aux/1387_3_KOPRISOEDINENNOE]]/URI$ - ее алгебра Ли. Группа Ли $URI[[http://libmeta.ru/fme/formula/aux/1387_4_KOPRISOEDINENNOE]]/URI$ действует на себя сопряжением. Дифференциал этого действия в единице $URI[[http://libmeta.ru/fme/formula/aux/1387_5_KOPRISOEDINENNOE]]/URI$ определяет присоединенное дей-

![](https://cdn.mathpix.com/cropped/2023_07_08_44290df9b3a193afefb0g-1.jpg?height=37&amp;amp;amp;width=817&amp;amp;amp;top_left_y=298&amp;amp;amp;top_left_x=76)
женное действие $URI[[http://libmeta.ru/fme/formula/aux/1387_6_KOPRISOEDINENNOE]]/URI$ (ङ) $URI[[http://libmeta.ru/fme/formula/aux/1387_7_KOPRISOEDINENNOE]]/URI$ и называется к о п р и с о единенным п ред ставлен ием. Соответствующее K. п. алгебры Ли ad*: (\$URI[[http://libmeta.ru/fme/formula/aux/1387_8_KOPRISOEDINENNOE]]/URI$\rightarrow$URI[[http://libmeta.ru/fme/formula/aux/1387_9_KOPRISOEDINENNOE]]/URI$)$URI[[http://libmeta.ru/fme/formula/aux/1387_10_KOPRISOEDINENNOE]]/URI${ }^{*}$URI[[http://libmeta.ru/fme/formula/aux/1387_11_KOPRISOEDINENNOE]]/URI$G$URI[[http://libmeta.ru/fme/formula/aux/1387_12_KOPRISOEDINENNOE]]/URI$) по правилу Лейбница продолжается до скобки Пуассона на всех функциях на (s**. Симплектич. слои этой пуассоновой структуры суть орбиты коприсоединенного действия. Соответствующая симплектич. структура на орбитах задается Ли-Березина-Костанта-Кириллова формой.</text>
  <text_orig> - представление группы Ли $G$, контрагредиентное к присоединенному представлению ad этой группы.

Пусть $G$ - группа Ли, $\mathbb{S}=T_{e} G$ - ее алгебра Ли. Группа Ли $G$ действует на себя сопряжением. Дифференциал этого действия в единице $e \in G$ определяет присоединенное дей-

![](https://cdn.mathpix.com/cropped/2023_07_08_44290df9b3a193afefb0g-1.jpg?height=37&amp;amp;amp;width=817&amp;amp;amp;top_left_y=298&amp;amp;amp;top_left_x=76)
женное действие $\mathrm{ad}^{*}: G \rightarrow G L\left(\right.$ (ङ) $\left.^{*}\right)$ и называется к о п р и с о единенным п ред ставлен ием. Соответствующее K. п. алгебры Ли ad*: (\$) $\rightarrow$ End ((ङ) $)$ в явном виде задается формулой

\[
\operatorname{ad}_{x}^{*} \xi=\xi([\cdot, x]), x \in \mathbb{S}, \xi \in \mathbb{S}^{*} .
\]

Коалгебра Ли (s ${ }^{*}$ имеет естественную пуассонову структуру, инвариантную относительно действия группы $G$ : скобка Ли на элементах \&amp;amp;amp; - линейных функциях на (\$) по правилу Лейбница продолжается до скобки Пуассона на всех функциях на (s**. Симплектич. слои этой пуассоновой структуры суть орбиты коприсоединенного действия. Соответствующая симплектич. структура на орбитах задается Ли-Березина-Костанта-Кириллова формой. М. Э. Казарян.
</text_orig>
</article>
