<?xml version="1.0" ?>
<article uri="http://libmeta.ru/fme/article/1389_KOPRISOEDINENNOE" alphabetic_pos="1391">
  <title>КОПРИСОЕДИНЕННОЕ ПРЕДСТАВЛЕНИЕ</title>
  <authors>
    <author>М. Э. Казарян</author>
  </authors>
  <pages>
    <start>291</start>
    <end>291</end>
  </pages>
  <literature>
    <literature_orig/>
  </literature>
  <formulas_main>
    <formula uri="http://libmeta.ru/fme/formula/main/1389_1_KOPRISOEDINENNOE">\operatorname{ad}_{x}^{*} \xi=\xi([\cdot, x]), x \in \mathbb{S}, \xi \in \mathbb{S}^{*} .</formula>
  </formulas_main>
  <formulas_aux>
    <formula uri="http://libmeta.ru/fme/formula/aux/1389_1_KOPRISOEDINENNOE">g</formula>
    <formula uri="http://libmeta.ru/fme/formula/aux/1389_2_KOPRISOEDINENNOE">g</formula>
    <formula uri="http://libmeta.ru/fme/formula/aux/1389_3_KOPRISOEDINENNOE">\mathbb{s}=t_{e} G</formula>
    <formula uri="http://libmeta.ru/fme/formula/aux/1389_4_KOPRISOEDINENNOE">g</formula>
    <formula uri="http://libmeta.ru/fme/formula/aux/1389_5_KOPRISOEDINENNOE">e \in G</formula>
    <formula uri="http://libmeta.ru/fme/formula/aux/1389_6_KOPRISOEDINENNOE">\mathrm{ad}^{*}: G \rightarrow G L\left(\right.</formula>
    <formula uri="http://libmeta.ru/fme/formula/aux/1389_7_KOPRISOEDINENNOE">\left.^{*}\right)</formula>
    <formula uri="http://libmeta.ru/fme/formula/aux/1389_8_KOPRISOEDINENNOE">) </formula>
    <formula uri="http://libmeta.ru/fme/formula/aux/1389_9_KOPRISOEDINENNOE"> End ((ङ) </formula>
    <formula uri="http://libmeta.ru/fme/formula/aux/1389_10_KOPRISOEDINENNOE"> в явном виде задается формулой\[URI[[http://libmeta.ru/fme/formula/main/1389_1_KOPRISOEDINENNOE]]/URI\]Коалгебра Ли (s </formula>
    <formula uri="http://libmeta.ru/fme/formula/aux/1389_11_KOPRISOEDINENNOE"> имеет естественную пуассонову структуру, инвариантную относительно действия группы </formula>
    <formula uri="http://libmeta.ru/fme/formula/aux/1389_12_KOPRISOEDINENNOE"> : скобка Ли на элементах \&amp; - линейных функциях на (\</formula>
  </formulas_aux>
  <relations n="15">
    <relation uri="http://libmeta.ru/fme/relation/1389_1_KOPRISOEDINENNOE">
      <rel_text>орбитах</rel_text>
      <target>http://libmeta.ru/fme/article/2083_ORBIT</target>
    </relation>
    <relation uri="http://libmeta.ru/fme/relation/1389_2_KOPRISOEDINENNOE">
      <rel_text>действия</rel_text>
      <target>http://libmeta.ru/fme/article/785_DEJSTVI</target>
    </relation>
    <relation uri="http://libmeta.ru/fme/relation/1389_3_KOPRISOEDINENNOE">
      <rel_text>орбиты</rel_text>
      <target>http://libmeta.ru/fme/article/2083_ORBIT</target>
    </relation>
    <relation uri="http://libmeta.ru/fme/relation/1389_4_KOPRISOEDINENNOE">
      <rel_text>пуассоновой структуры</rel_text>
      <target>http://libmeta.ru/fme/article/2479_PUASSONOVA</target>
    </relation>
    <relation uri="http://libmeta.ru/fme/relation/1389_5_KOPRISOEDINENNOE">
      <rel_text>скобки Пуассона</rel_text>
      <target>http://libmeta.ru/fme/article/2471_PUASSONA</target>
    </relation>
    <relation uri="http://libmeta.ru/fme/relation/1389_6_KOPRISOEDINENNOE">
      <rel_text>алгебры</rel_text>
      <target>http://libmeta.ru/fme/article/47_ALGEBR</target>
    </relation>
    <relation uri="http://libmeta.ru/fme/relation/1389_7_KOPRISOEDINENNOE">
      <rel_text>действие</rel_text>
      <target>http://libmeta.ru/fme/article/785_DEJSTVI</target>
    </relation>
    <relation uri="http://libmeta.ru/fme/relation/1389_8_KOPRISOEDINENNOE">
      <rel_text>действия</rel_text>
      <target>http://libmeta.ru/fme/article/785_DEJSTVI</target>
    </relation>
    <relation uri="http://libmeta.ru/fme/relation/1389_9_KOPRISOEDINENNOE">
      <rel_text>действует</rel_text>
      <target>http://libmeta.ru/fme/article/785_DEJSTVI</target>
    </relation>
    <relation uri="http://libmeta.ru/fme/relation/1389_10_KOPRISOEDINENNOE">
      <rel_text>Группа</rel_text>
      <target>http://libmeta.ru/fme/article/737_GRUPP</target>
    </relation>
    <relation uri="http://libmeta.ru/fme/relation/1389_11_KOPRISOEDINENNOE">
      <rel_text>алгебра</rel_text>
      <target>http://libmeta.ru/fme/article/47_ALGEBR</target>
    </relation>
    <relation uri="http://libmeta.ru/fme/relation/1389_12_KOPRISOEDINENNOE">
      <rel_text>группа</rel_text>
      <target>http://libmeta.ru/fme/article/737_GRUPP</target>
    </relation>
    <relation uri="http://libmeta.ru/fme/relation/1389_13_KOPRISOEDINENNOE">
      <rel_text>группы</rel_text>
      <target>http://libmeta.ru/fme/article/737_GRUPP</target>
    </relation>
    <relation uri="http://libmeta.ru/fme/relation/1389_14_KOPRISOEDINENNOE">
      <rel_text>контрагредиентное</rel_text>
      <target>http://libmeta.ru/fme/article/1361_KONTRAVARIANTNOST</target>
    </relation>
    <relation uri="http://libmeta.ru/fme/relation/1389_15_KOPRISOEDINENNOE">
      <rel_text>представление группы</rel_text>
      <target>http://libmeta.ru/fme/article/2359_PREDSTAVLENIE</target>
    </relation>
  </relations>
  <text>URI[[http://libmeta.ru/fme/relation/1389_15_KOPRISOEDINENNOE]]/URI Ли $URI[[http://libmeta.ru/fme/formula/aux/1389_1_KOPRISOEDINENNOE]]/URI$, URI[[http://libmeta.ru/fme/relation/1389_14_KOPRISOEDINENNOE]]/URI к присоединенному представлению ad этой URI[[http://libmeta.ru/fme/relation/1389_13_KOPRISOEDINENNOE]]/URI.

Пусть $URI[[http://libmeta.ru/fme/formula/aux/1389_2_KOPRISOEDINENNOE]]/URI$ - URI[[http://libmeta.ru/fme/relation/1389_12_KOPRISOEDINENNOE]]/URI Ли, $URI[[http://libmeta.ru/fme/formula/aux/1389_3_KOPRISOEDINENNOE]]/URI$ - ее URI[[http://libmeta.ru/fme/relation/1389_11_KOPRISOEDINENNOE]]/URI Ли. URI[[http://libmeta.ru/fme/relation/1389_10_KOPRISOEDINENNOE]]/URI Ли $URI[[http://libmeta.ru/fme/formula/aux/1389_4_KOPRISOEDINENNOE]]/URI$ URI[[http://libmeta.ru/fme/relation/1389_9_KOPRISOEDINENNOE]]/URI на себя сопряжением. Дифференциал этого URI[[http://libmeta.ru/fme/relation/1389_8_KOPRISOEDINENNOE]]/URI в единице $URI[[http://libmeta.ru/fme/formula/aux/1389_5_KOPRISOEDINENNOE]]/URI$ определяет присоединенное дей-

![](https://cdn.mathpix.com/cropped/2023_07_08_44290df9b3a193afefb0g-1.jpg?height=37&amp;width=817&amp;top_left_y=298&amp;top_left_x=76)
женное URI[[http://libmeta.ru/fme/relation/1389_7_KOPRISOEDINENNOE]]/URI $URI[[http://libmeta.ru/fme/formula/aux/1389_6_KOPRISOEDINENNOE]]/URI$ (ङ) $URI[[http://libmeta.ru/fme/formula/aux/1389_7_KOPRISOEDINENNOE]]/URI$ и называется к о п р и с о единенным п ред ставлен ием. Соответствующее K. п. URI[[http://libmeta.ru/fme/relation/1389_6_KOPRISOEDINENNOE]]/URI Ли ad*: (\$URI[[http://libmeta.ru/fme/formula/aux/1389_8_KOPRISOEDINENNOE]]/URI$\rightarrow$URI[[http://libmeta.ru/fme/formula/aux/1389_9_KOPRISOEDINENNOE]]/URI$)$URI[[http://libmeta.ru/fme/formula/aux/1389_10_KOPRISOEDINENNOE]]/URI${ }^{*}$URI[[http://libmeta.ru/fme/formula/aux/1389_11_KOPRISOEDINENNOE]]/URI$G$URI[[http://libmeta.ru/fme/formula/aux/1389_12_KOPRISOEDINENNOE]]/URI$) по правилу Лейбница продолжается до URI[[http://libmeta.ru/fme/relation/1389_5_KOPRISOEDINENNOE]]/URI на всех функциях на (s**. Симплектич. слои этой URI[[http://libmeta.ru/fme/relation/1389_4_KOPRISOEDINENNOE]]/URI суть URI[[http://libmeta.ru/fme/relation/1389_3_KOPRISOEDINENNOE]]/URI коприсоединенного URI[[http://libmeta.ru/fme/relation/1389_2_KOPRISOEDINENNOE]]/URI. Соответствующая симплектич. структура на URI[[http://libmeta.ru/fme/relation/1389_1_KOPRISOEDINENNOE]]/URI задается Ли-Березина-Костанта-Кириллова формой.</text>
  <text_orig>представление группы Ли $G$, контрагредиентное к присоединенному представлению ad этой группы.

Пусть $G$ - группа Ли, $\mathbb{S}=T_{e} G$ - ее алгебра Ли. Группа Ли $G$ действует на себя сопряжением. Дифференциал этого действия в единице $e \in G$ определяет присоединенное дей-

![](https://cdn.mathpix.com/cropped/2023_07_08_44290df9b3a193afefb0g-1.jpg?height=37&amp;width=817&amp;top_left_y=298&amp;top_left_x=76)
женное действие $\mathrm{ad}^{*}: G \rightarrow G L\left(\right.$ (ङ) $\left.^{*}\right)$ и называется к о п р и с о единенным п ред ставлен ием. Соответствующее K. п. алгебры Ли ad*: (\$) $\rightarrow$ End ((ङ) $)$ в явном виде задается формулой

\[
\operatorname{ad}_{x}^{*} \xi=\xi([\cdot, x]), x \in \mathbb{S}, \xi \in \mathbb{S}^{*} .
\]

Коалгебра Ли (s ${ }^{*}$ имеет естественную пуассонову структуру, инвариантную относительно действия группы $G$ : скобка Ли на элементах \&amp; - линейных функциях на (\$) по правилу Лейбница продолжается до скобки Пуассона на всех функциях на (s**. Симплектич. слои этой пуассоновой структуры суть орбиты коприсоединенного действия. Соответствующая симплектич. структура на орбитах задается Ли-Березина-Костанта-Кириллова формой. М. Э. Казарян.</text_orig>
</article>
