<?xml version="1.0" ?>
<article uri="http://libmeta.ru/fme/article/1389_KORAZMERNOST'">
  <title>КОРАЗМЕРНОСТЬ $m$-МЕРНОГО ПОДМНОГООБРАЗИЯ $Y^{m}$</title>
  <authors/>
  <title_short/>
  <pages>
    <start>291</start>
    <end>291</end>
  </pages>
  <literature>
    <literature_orig/>
  </literature>
  <formulas_main/>
  <formulas_aux>
    <formula uri="http://libmeta.ru/fme/formula/aux/1389_1_KORAZMERNOST'">n</formula>
    <formula uri="http://libmeta.ru/fme/formula/aux/1389_2_KORAZMERNOST'">X^{n}-</formula>
    <formula uri="http://libmeta.ru/fme/formula/aux/1389_3_KORAZMERNOST'">n-m</formula>
  </formulas_aux>
  <relations/>
  <text>в $URI[[http://libmeta.ru/fme/formula/aux/1389_1_KORAZMERNOST']]/URI$-мерном многообразии $URI[[http://libmeta.ru/fme/formula/aux/1389_2_KORAZMERNOST']]/URI$ разность $URI[[http://libmeta.ru/fme/formula/aux/1389_3_KORAZMERNOST']]/URI$.</text>
  <text_orig>в $n$-мерном многообразии $X^{n}-$ разность $n-m$.</text_orig>
</article>
