<?xml version="1.0" ?>
<article uri="http://libmeta.ru/fme/article/1394_KORIOLISA" alphabetic_pos="1396">
  <title>КОРИОЛИСА СИЛА</title>
  <authors>
    <author>C. M. Tape</author>
  </authors>
  <pages>
    <start>291</start>
    <end>291</end>
  </pages>
  <literature>
    <literature_orig/>
  </literature>
  <formulas_main/>
  <formulas_aux/>
  <relations n="11">
    <relation uri="http://libmeta.ru/fme/relation/1394_1_KORIOLISA">
      <rel_text>вращающихся систем</rel_text>
      <target>http://libmeta.ru/fme/article/2786_SISTEMA</target>
    </relation>
    <relation uri="http://libmeta.ru/fme/relation/1394_2_KORIOLISA">
      <rel_text>скоростях</rel_text>
      <target>http://libmeta.ru/fme/article/2800_SKOROST</target>
    </relation>
    <relation uri="http://libmeta.ru/fme/relation/1394_3_KORIOLISA">
      <rel_text>полушарии</rel_text>
      <target>http://libmeta.ru/fme/article/2305_POLUGRUPP</target>
    </relation>
    <relation uri="http://libmeta.ru/fme/relation/1394_4_KORIOLISA">
      <rel_text>первом</rel_text>
      <target>http://libmeta.ru/fme/article/2219_PERIO</target>
    </relation>
    <relation uri="http://libmeta.ru/fme/relation/1394_5_KORIOLISA">
      <rel_text>давление</rel_text>
      <target>http://libmeta.ru/fme/article/750_DAVLENI</target>
    </relation>
    <relation uri="http://libmeta.ru/fme/relation/1394_6_KORIOLISA">
      <rel_text>скорости</rel_text>
      <target>http://libmeta.ru/fme/article/2800_SKOROST</target>
    </relation>
    <relation uri="http://libmeta.ru/fme/relation/1394_7_KORIOLISA">
      <rel_text>материальная точка</rel_text>
      <target>http://libmeta.ru/fme/article/1744_MATERIAL'NAJa</target>
    </relation>
    <relation uri="http://libmeta.ru/fme/relation/1394_8_KORIOLISA">
      <rel_text>вращающейся системе</rel_text>
      <target>http://libmeta.ru/fme/article/2786_SISTEMA</target>
    </relation>
    <relation uri="http://libmeta.ru/fme/relation/1394_9_KORIOLISA">
      <rel_text>ускорению</rel_text>
      <target>http://libmeta.ru/fme/article/3196_USKORENI</target>
    </relation>
    <relation uri="http://libmeta.ru/fme/relation/1394_10_KORIOLISA">
      <rel_text>Кориолиса ускорение</rel_text>
      <target>http://libmeta.ru/fme/article/1395_KORIOLISA</target>
    </relation>
    <relation uri="http://libmeta.ru/fme/relation/1394_11_KORIOLISA">
      <rel_text>подвижной системы отсчета</rel_text>
      <target>http://libmeta.ru/fme/article/2272_PODVIZhNAJa</target>
    </relation>
  </relations>
  <text>одна из сил инерции; вводится для учета влияния вращения URI[[http://libmeta.ru/fme/relation/1394_11_KORIOLISA]]/URI на относительное движение материальной точки; названа по имени Г. Кориолиса (g. Coriolis). K. c. равна произведению массы точки на ее URI[[http://libmeta.ru/fme/relation/1394_10_KORIOLISA]]/URI и направлена противоположно этому URI[[http://libmeta.ru/fme/relation/1394_9_KORIOLISA]]/URI. Эффект, учитываемый К. с., состоит в том, что во URI[[http://libmeta.ru/fme/relation/1394_8_KORIOLISA]]/URI отсчета URI[[http://libmeta.ru/fme/relation/1394_7_KORIOLISA]]/URI, движущаяся непараллельно оси этого вращения, отклоняется по направлению, перпендикулярному к ее относительной URI[[http://libmeta.ru/fme/relation/1394_6_KORIOLISA]]/URI, или оказывает URI[[http://libmeta.ru/fme/relation/1394_5_KORIOLISA]]/URI на тело, препятствующее такому отклонению. На Земле этот эффект, обусловленный ее суточным вращением, заключается в том, что свободно падающие тела отклоняются от вертикали к востоку (в URI[[http://libmeta.ru/fme/relation/1394_4_KORIOLISA]]/URI приближении), а тела, движущиеся вдоль земной поверхности, отклоняются в Северном URI[[http://libmeta.ru/fme/relation/1394_3_KORIOLISA]]/URI вправо, а в Южном - влево от направления их движения. Вследствие медленного вращения Земли эти отклонения весьма малы и заметно сказываются или при очень больших URI[[http://libmeta.ru/fme/relation/1394_2_KORIOLISA]]/URI движения (напр., у ракет и у артиллерийских снарядов с большими дальностями полета), или когда движение длится очень долго, напр. подмыв соответствующих берегов рек (так наз. закон Бэра), возникновение нек-рых воздушных и морских течений и др. В технике К. с. учитывается в теории гироскопов, турбин и многих других URI[[http://libmeta.ru/fme/relation/1394_1_KORIOLISA]]/URI.</text>
  <text_orig>одна из сил инерции; вводится для учета влияния вращения подвижной системы отсчета на относительное движение материальной точки; названа по имени Г. Кориолиса (G. Coriolis). K. c. равна произведению массы точки на ее Кориолиса ускорение и направлена противоположно этому ускорению. Эффект, учитываемый К. с., состоит в том, что во вращающейся системе отсчета материальная точка, движущаяся непараллельно оси этого вращения, отклоняется по направлению, перпендикулярному к ее относительной скорости, или оказывает давление на тело, препятствующее такому отклонению. На Земле этот эффект, обусловленный ее суточным вращением, заключается в том, что свободно падающие тела отклоняются от вертикали к востоку (в первом приближении), а тела, движущиеся вдоль земной поверхности, отклоняются в Северном полушарии вправо, а в Южном - влево от направления их движения. Вследствие медленного вращения Земли эти отклонения весьма малы и заметно сказываются или при очень больших скоростях движения (напр., у ракет и у артиллерийских снарядов с большими дальностями полета), или когда движение длится очень долго, напр. подмыв соответствующих берегов рек (так наз. закон Бэра), возникновение нек-рых воздушных и морских течений и др. В технике К. с. учитывается в теории гироскопов, турбин и многих других вращающихся систем.

C.M. Tape.</text_orig>
</article>
