<?xml version="1.0" ?>
<article uri="http://libmeta.ru/fme/article/1395_KORIOLISA" alphabetic_pos="1397">
  <title>КОРИОЛИСА УСКОРЕНИЕ, ПОВОРОТНОЕ УСКОРЕНИЕ</title>
  <authors>
    <author>С. М. Тарг</author>
  </authors>
  <title_short/>
  <pages>
    <start>291</start>
    <end>291</end>
  </pages>
  <literature>
    <literature_orig/>
  </literature>
  <formulas_main>
    <formula uri="http://libmeta.ru/fme/formula/main/1395_1_KORIOLISA">w_{\text {кор }}=2 \omega_{\text {пер }} v_{\text {от }} \sin \alpha ;</formula>
    <formula uri="http://libmeta.ru/fme/formula/main/1395_2_KORIOLISA">\boldsymbol{w}_{\text {кор }}=2\left[\omega_{\text {пер }} v_{\text {от }}\right] \text {, }</formula>
  </formulas_main>
  <formulas_aux>
    <formula uri="http://libmeta.ru/fme/formula/aux/1395_1_KORIOLISA">v_{\text {от }}</formula>
    <formula uri="http://libmeta.ru/fme/formula/aux/1395_2_KORIOLISA">\omega_{\text {пер }}-</formula>
    <formula uri="http://libmeta.ru/fme/formula/aux/1395_3_KORIOLISA">\alpha-</formula>
    <formula uri="http://libmeta.ru/fme/formula/aux/1395_4_KORIOLISA">v_{\text {от }}</formula>
    <formula uri="http://libmeta.ru/fme/formula/aux/1395_5_KORIOLISA">\omega_{\text {пер. }}</formula>
    <formula uri="http://libmeta.ru/fme/formula/aux/1395_6_KORIOLISA">90^{\circ}</formula>
    <formula uri="http://libmeta.ru/fme/formula/aux/1395_7_KORIOLISA">\left(\omega_{\text {пер }}=0\right)</formula>
    <formula uri="http://libmeta.ru/fme/formula/aux/1395_8_KORIOLISA">\alpha=0</formula>
  </formulas_aux>
  <relations>
    <relation uri="http://libmeta.ru/fme/relation/1395_1_KORIOLISA">
      <rel_text>системе отсчета</rel_text>
      <target>http://libmeta.ru/fme/article/2785_SISTEMA</target>
    </relation>
    <relation uri="http://libmeta.ru/fme/relation/1395_2_KORIOLISA">
      <rel_text>ускорения</rel_text>
      <target>http://libmeta.ru/fme/article/3196_USKORENI</target>
    </relation>
    <relation uri="http://libmeta.ru/fme/relation/1395_3_KORIOLISA">
      <rel_text>проекцию</rel_text>
      <target>http://libmeta.ru/fme/article/2394_PROEKTO</target>
    </relation>
    <relation uri="http://libmeta.ru/fme/relation/1395_4_KORIOLISA">
      <rel_text>получить</rel_text>
      <target>http://libmeta.ru/fme/article/2312_POLUTEN</target>
    </relation>
    <relation uri="http://libmeta.ru/fme/relation/1395_5_KORIOLISA">
      <rel_text>системы отсчета</rel_text>
      <target>http://libmeta.ru/fme/article/2785_SISTEMA</target>
    </relation>
    <relation uri="http://libmeta.ru/fme/relation/1395_6_KORIOLISA">
      <rel_text>скорость</rel_text>
      <target>http://libmeta.ru/fme/article/2800_SKOROST</target>
    </relation>
    <relation uri="http://libmeta.ru/fme/relation/1395_7_KORIOLISA">
      <rel_text>вектор</rel_text>
      <target>http://libmeta.ru/fme/article/342_VEKTO</target>
    </relation>
    <relation uri="http://libmeta.ru/fme/relation/1395_8_KORIOLISA">
      <rel_text>скорости</rel_text>
      <target>http://libmeta.ru/fme/article/2800_SKOROST</target>
    </relation>
    <relation uri="http://libmeta.ru/fme/relation/1395_9_KORIOLISA">
      <rel_text>скорости</rel_text>
      <target>http://libmeta.ru/fme/article/2800_SKOROST</target>
    </relation>
    <relation uri="http://libmeta.ru/fme/relation/1395_10_KORIOLISA">
      <rel_text>системы отсчета</rel_text>
      <target>http://libmeta.ru/fme/article/2785_SISTEMA</target>
    </relation>
    <relation uri="http://libmeta.ru/fme/relation/1395_11_KORIOLISA">
      <rel_text>движение подвижной</rel_text>
      <target>http://libmeta.ru/fme/article/3031_TVERDOE</target>
    </relation>
    <relation uri="http://libmeta.ru/fme/relation/1395_12_KORIOLISA">
      <rel_text>ускорения</rel_text>
      <target>http://libmeta.ru/fme/article/3196_USKORENI</target>
    </relation>
  </relations>
  <text>составляющая полного URI[[http://libmeta.ru/fme/relation/1395_12_KORIOLISA]]/URI точки, которая появляется при так наз. сло жном д в и жени и, когда переносное движение, то есть URI[[http://libmeta.ru/fme/relation/1395_11_KORIOLISA]]/URI URI[[http://libmeta.ru/fme/relation/1395_10_KORIOLISA]]/URI, не является поступательным. К. у. возникает вследствие изменения относительной URI[[http://libmeta.ru/fme/relation/1395_9_KORIOLISA]]/URI точки $URI[[http://libmeta.ru/fme/formula/aux/1395_1_KORIOLISA]]/URI$ при переносном движении и переносной URI[[http://libmeta.ru/fme/relation/1395_8_KORIOLISA]]/URI при относительном движении точки. Численно К. у. равно:

\[
URI[[http://libmeta.ru/fme/formula/main/1395_1_KORIOLISA]]/URI
\]

как URI[[http://libmeta.ru/fme/relation/1395_7_KORIOLISA]]/URI К. у. определяется формулой

\[
URI[[http://libmeta.ru/fme/formula/main/1395_2_KORIOLISA]]/URI
\]

где $URI[[http://libmeta.ru/fme/formula/aux/1395_2_KORIOLISA]]/URI$ угловая URI[[http://libmeta.ru/fme/relation/1395_6_KORIOLISA]]/URI поворота подвижной URI[[http://libmeta.ru/fme/relation/1395_5_KORIOLISA]]/URI относительно неподвижной, $URI[[http://libmeta.ru/fme/formula/aux/1395_3_KORIOLISA]]/URI$ угол между $URI[[http://libmeta.ru/fme/formula/aux/1395_4_KORIOLISA]]/URI$ и $URI[[http://libmeta.ru/fme/formula/aux/1395_5_KORIOLISA]]/URI$ Направление К.у. можно URI[[http://libmeta.ru/fme/relation/1395_4_KORIOLISA]]/URI, спроектировав

![](https://cdn.mathpix.com/cropped/2023_07_08_44290df9b3a193afefb0g-1.jpg?height=54&amp;width=808&amp;top_left_y=36&amp;top_left_x=942)
вернув эту URI[[http://libmeta.ru/fme/relation/1395_3_KORIOLISA]]/URI на $URI[[http://libmeta.ru/fme/formula/aux/1395_6_KORIOLISA]]/URI$ в сторону переносного вращения. Таким образом, К. у.- это часть URI[[http://libmeta.ru/fme/relation/1395_2_KORIOLISA]]/URI точки по отношению к основной, а не к подвижной URI[[http://libmeta.ru/fme/relation/1395_1_KORIOLISA]]/URI. Напр., при движении вдоль поверхности Земли вследствие ее вращения точка будет иметь К. у. по отношению к звездам, а не к Земле. К.у. равно нулю при поступательном переносном движении $URI[[http://libmeta.ru/fme/formula/aux/1395_7_KORIOLISA]]/URI$ или когда $URI[[http://libmeta.ru/fme/formula/aux/1395_8_KORIOLISA]]/URI$.</text>
  <text_orig>составляющая полного ускорения точки, которая появляется при так наз. сло жном д в и жени и, когда переносное движение, то есть движение подвижной системы отсчета, не является поступательным. К. у. возникает вследствие изменения относительной скорости точки $v_{\text {от }}$ при переносном движении и переносной скорости при относительном движении точки. Численно К. у. равно:

\[
w_{\text {кор }}=2 \omega_{\text {пер }} v_{\text {от }} \sin \alpha ;
\]

как вектор К. у. определяется формулой

\[
\boldsymbol{w}_{\text {кор }}=2\left[\omega_{\text {пер }} v_{\text {от }}\right] \text {, }
\]

где $\omega_{\text {пер }}-$ угловая скорость поворота подвижной системы отсчета относительно неподвижной, $\alpha-$ угол между $v_{\text {от }}$ и $\omega_{\text {пер. }}$ Направление К.у. можно получить, спроектировав

![](https://cdn.mathpix.com/cropped/2023_07_08_44290df9b3a193afefb0g-1.jpg?height=54&amp;width=808&amp;top_left_y=36&amp;top_left_x=942)
вернув эту проекцию на $90^{\circ}$ в сторону переносного вращения. Таким образом, К. у.- это часть ускорения точки по отношению к основной, а не к подвижной системе отсчета. Напр., при движении вдоль поверхности Земли вследствие ее вращения точка будет иметь К. у. по отношению к звездам, а не к Земле. К.у. равно нулю при поступательном переносном движении $\left(\omega_{\text {пер }}=0\right)$ или когда $\alpha=0$. С. М. Тарг.</text_orig>
</article>
