<?xml version="1.0" ?>
<article uri="http://libmeta.ru/fme/article/1396_KOROTKIE">
  <title>КОРОТКИЕ ВОЛНЫ В БЫСТРОМЕНЯЮЩИХСЯ СРЕДА</title>
  <author/>
  <title_short/>
  <pages>
    <start>292</start>
    <end>292</end>
  </pages>
  <literature>
    <literature_orig/>
  </literature>
  <formulas_main>
    <formula uri="http://libmeta.ru/fme/formula/main/1396_1_KOROTKIE">L\left(\frac{\Phi(x)}{h^{\alpha}}, x,-i h \nabla_{x}, x\right) u=0 .</formula>
    <formula uri="http://libmeta.ru/fme/formula/main/1396_2_KOROTKIE">\begin{gathered}
\tilde{L}\left(x,-i h \nabla_{x}, h\right) u=0, \\
\tilde{L}(x, p, h)=\int_{0}^{2 \pi} \cdots \int_{0}^{2 \pi} L(y, x, p, h) d y^{l} .
\end{gathered}</formula>
    <formula uri="http://libmeta.ru/fme/formula/main/1396_3_KOROTKIE">u=v\left(\frac{\Phi}{h}, x, h\right),</formula>
    <formula uri="http://libmeta.ru/fme/formula/main/1396_4_KOROTKIE">L\left(y, x,-i h \nabla_{x}-i h^{1-\alpha} \nabla_{x} \Phi \cdot \nabla_{y}, h\right) v=0,</formula>
  </formulas_main>
  <formulas_aux>
    <formula uri="http://libmeta.ru/fme/formula/aux/1396_1_KOROTKIE">x \in \mathbb{R}^{n}</formula>
    <formula uri="http://libmeta.ru/fme/formula/aux/1396_2_KOROTKIE">h</formula>
    <formula uri="http://libmeta.ru/fme/formula/aux/1396_3_KOROTKIE">\Phi(x)</formula>
    <formula uri="http://libmeta.ru/fme/formula/aux/1396_4_KOROTKIE">\Phi=x), L(y, p, x, h)</formula>
    <formula uri="http://libmeta.ru/fme/formula/aux/1396_5_KOROTKIE">(L-</formula>
    <formula uri="http://libmeta.ru/fme/formula/aux/1396_6_KOROTKIE">p</formula>
    <formula uri="http://libmeta.ru/fme/formula/aux/1396_7_KOROTKIE">y=\left(y_{1}, \ldots, y_{l}\right)</formula>
    <formula uri="http://libmeta.ru/fme/formula/aux/1396_8_KOROTKIE">2 \pi</formula>
    <formula uri="http://libmeta.ru/fme/formula/aux/1396_9_KOROTKIE">y_{j}</formula>
    <formula uri="http://libmeta.ru/fme/formula/aux/1396_10_KOROTKIE">\alpha&amp;gt;0</formula>
    <formula uri="http://libmeta.ru/fme/formula/aux/1396_11_KOROTKIE">\alpha&amp;lt;1</formula>
    <formula uri="http://libmeta.ru/fme/formula/aux/1396_12_KOROTKIE">h \rightarrow 0</formula>
    <formula uri="http://libmeta.ru/fme/formula/aux/1396_13_KOROTKIE">1 \leqslant \alpha&amp;lt;0</formula>
    <formula uri="http://libmeta.ru/fme/formula/aux/1396_14_KOROTKIE">v(y, x, h)-2 \pi</formula>
    <formula uri="http://libmeta.ru/fme/formula/aux/1396_15_KOROTKIE">y_{1}, \ldots, y_{l}</formula>
    <formula uri="http://libmeta.ru/fme/formula/aux/1396_16_KOROTKIE">\mathbf{k}</formula>
    <formula uri="http://libmeta.ru/fme/formula/aux/1396_17_KOROTKIE">1&amp;lt;\alpha&amp;lt;0</formula>
    <formula uri="http://libmeta.ru/fme/formula/aux/1396_18_KOROTKIE">(l=1)</formula>
    <formula uri="http://libmeta.ru/fme/formula/aux/1396_19_KOROTKIE">l \geqslant 2</formula>
  </formulas_aux>
  <relations/>
  <text> - волны, описывающиеся уравнениями с коэффициентами, меняющимися значительно на расстояниях, сравнимых с длинами волн. В линейной теории для моделирования такой ситуации часто используются уравнения вида (в безразмерных координатах $URI[[http://libmeta.ru/fme/formula/aux/1396_1_KOROTKIE]]/URI$ ):

\[
URI[[http://libmeta.ru/fme/formula/main/1396_1_KOROTKIE]]/URI
\]

Здесь $URI[[http://libmeta.ru/fme/formula/aux/1396_2_KOROTKIE]]/URI$ - малый параметр, $URI[[http://libmeta.ru/fme/formula/aux/1396_3_KOROTKIE]]/URI$ может быть как скалярной, так и векторной функцией (напр., $URI[[http://libmeta.ru/fme/formula/aux/1396_4_KOROTKIE]]/URI$ гладкая функция всех своих аргументов $URI[[http://libmeta.ru/fme/formula/aux/1396_5_KOROTKIE]]/URI$ многочлен от $URI[[http://libmeta.ru/fme/formula/aux/1396_6_KOROTKIE]]/URI$, если (1) - дифференциальное уравнение); по переменным $URI[[http://libmeta.ru/fme/formula/aux/1396_7_KOROTKIE]]/URI$, как правило, предполагается: a) $URI[[http://libmeta.ru/fme/formula/aux/1396_8_KOROTKIE]]/URI$-периодичность по каждому $URI[[http://libmeta.ru/fme/formula/aux/1396_9_KOROTKIE]]/URI$, или б) быстрое убывание; $URI[[http://libmeta.ru/fme/formula/aux/1396_10_KOROTKIE]]/URI$ - параметр. Если $URI[[http://libmeta.ru/fme/formula/aux/1396_11_KOROTKIE]]/URI$, то строятся асимптотические при $URI[[http://libmeta.ru/fme/formula/aux/1396_12_KOROTKIE]]/URI$ решения и в главном члене по существу определяются из «осредненного» уравнения

\[
URI[[http://libmeta.ru/fme/formula/main/1396_2_KOROTKIE]]/URI
\]

При $URI[[http://libmeta.ru/fme/formula/aux/1396_13_KOROTKIE]]/URI$ уравнение (1) подстановкой

\[
URI[[http://libmeta.ru/fme/formula/main/1396_3_KOROTKIE]]/URI
\]

$URI[[http://libmeta.ru/fme/formula/aux/1396_14_KOROTKIE]]/URI$-периодичными по $URI[[http://libmeta.ru/fme/formula/aux/1396_15_KOROTKIE]]/URI$, редуцируется (см. [3], [5]) к уравнению с операторнозначным символом

\[
URI[[http://libmeta.ru/fme/formula/main/1396_4_KOROTKIE]]/URI
\]

для решения $URI[[http://libmeta.ru/fme/formula/aux/1396_16_KOROTKIE]]/URI$-рого применяется адиабатич. приближение. При этом если $URI[[http://libmeta.ru/fme/formula/aux/1396_17_KOROTKIE]]/URI$, то термы в адиабатич. приближении можно находить также с помощью асимптотич. методов (см. [6]). В спектральных задачах наличие быстрых осцилляций в коэффициентах вносит вклад в условия квантования в виде поправки, определяемой нек-рой дифференциальной формой (см. [4]). Имеющиеся результаты (см. [2][4], [6]) в основном относятся к однофазовому $URI[[http://libmeta.ru/fme/formula/aux/1396_18_KOROTKIE]]/URI$ случаю, поскольку при $URI[[http://libmeta.ru/fme/formula/aux/1396_19_KOROTKIE]]/URI$ становится нетривиальной задача исследования спектра соответствующего операторнозначного символа и он может быть устроен весьма сложным образом. Напр., каждый терм может быть точкой накопления (см. [5]). В случае б) у соответствующего уравнению (2) опіераторнозначного символа может появиться существенно непрерывная компонента и в усреднении на непрерывном спектре роль термов играют границы непрерывной компоненты.

Jum.: [1] Бах в ал о в Н. С., П а н а с е н ко Г. П., Осреднение процессов в периодических средах, М., 1984; [2] B e nsoussan A., Lions J. L., Papanic ola ou G., Asymptotic analysis for periodic, Amst., 1978; [3] М а с л о в В. П., &amp;quot;Успехи математич. наук», 1983, т. 38 , в. 6, с. 3-36; [4] Бу с ла е в В. С., там же, 1987 , т. 42, в. 6, с. 77-98; [5] П я т ни цк и й А. Л., «Математич. сб.», 1981, т. 115, № 3, с. 478-92; [6] Д о б р о х о т о в С. Ю., «Математич. заметки», 1988, т. 44, № 3, с. 319-40; [7] Бе рлянд Л. В., Доб рохот о в С. Ю., «Доклады АН СССР», 1987, т. 296, № 1, с. 80-84.

С. Ю. Доброхотов.
</text>
  <text_orig> - волны, описывающиеся уравнениями с коэффициентами, меняющимися значительно на расстояниях, сравнимых с длинами волн. В линейной теории для моделирования такой ситуации часто используются уравнения вида (в безразмерных координатах $x \in \mathbb{R}^{n}$ ):

\[
L\left(\frac{\Phi(x)}{h^{\alpha}}, x,-i h \nabla_{x}, x\right) u=0 .
\]

Здесь $h$ - малый параметр, $\Phi(x)$ может быть как скалярной, так и векторной функцией (напр., $\Phi=x), L(y, p, x, h)$ гладкая функция всех своих аргументов $(L-$ многочлен от $p$, если (1) - дифференциальное уравнение); по переменным $y=\left(y_{1}, \ldots, y_{l}\right)$, как правило, предполагается: a) $2 \pi$-периодичность по каждому $y_{j}$, или б) быстрое убывание; $\alpha&amp;gt;0$ - параметр. Если $\alpha&amp;lt;1$, то строятся асимптотические при $h \rightarrow 0$ решения и в главном члене по существу определяются из «осредненного» уравнения

\[
\begin{gathered}
\tilde{L}\left(x,-i h \nabla_{x}, h\right) u=0, \\
\tilde{L}(x, p, h)=\int_{0}^{2 \pi} \cdots \int_{0}^{2 \pi} L(y, x, p, h) d y^{l} .
\end{gathered}
\]

При $1 \leqslant \alpha&amp;lt;0$ уравнение (1) подстановкой

\[
u=v\left(\frac{\Phi}{h}, x, h\right),
\]

$v(y, x, h)-2 \pi$-периодичными по $y_{1}, \ldots, y_{l}$, редуцируется (см. [3], [5]) к уравнению с операторнозначным символом

\[
L\left(y, x,-i h \nabla_{x}-i h^{1-\alpha} \nabla_{x} \Phi \cdot \nabla_{y}, h\right) v=0,
\]

для решения $\mathbf{k}$-рого применяется адиабатич. приближение. При этом если $1&amp;lt;\alpha&amp;lt;0$, то термы в адиабатич. приближении можно находить также с помощью асимптотич. методов (см. [6]). В спектральных задачах наличие быстрых осцилляций в коэффициентах вносит вклад в условия квантования в виде поправки, определяемой нек-рой дифференциальной формой (см. [4]). Имеющиеся результаты (см. [2][4], [6]) в основном относятся к однофазовому $(l=1)$ случаю, поскольку при $l \geqslant 2$ становится нетривиальной задача исследования спектра соответствующего операторнозначного символа и он может быть устроен весьма сложным образом. Напр., каждый терм может быть точкой накопления (см. [5]). В случае б) у соответствующего уравнению (2) опіераторнозначного символа может появиться существенно непрерывная компонента и в усреднении на непрерывном спектре роль термов играют границы непрерывной компоненты.

Jum.: [1] Бах в ал о в Н. С., П а н а с е н ко Г. П., Осреднение процессов в периодических средах, М., 1984; [2] B e nsoussan A., Lions J. L., Papanic ola ou G., Asymptotic analysis for periodic, Amst., 1978; [3] М а с л о в В. П., &amp;quot;Успехи математич. наук», 1983, т. 38 , в. 6, с. 3-36; [4] Бу с ла е в В. С., там же, 1987 , т. 42, в. 6, с. 77-98; [5] П я т ни цк и й А. Л., «Математич. сб.», 1981, т. 115, № 3, с. 478-92; [6] Д о б р о х о т о в С. Ю., «Математич. заметки», 1988, т. 44, № 3, с. 319-40; [7] Бе рлянд Л. В., Доб рохот о в С. Ю., «Доклады АН СССР», 1987, т. 296, № 1, с. 80-84.

С. Ю. Доброхотов.
</text_orig>
</article>
