<?xml version="1.0" ?>
<article uri="http://libmeta.ru/fme/article/1399_KOROTKOVOLNOVOE">
  <title>КОРОТКОВОЛНОВОЕ ПРИБЛИХЕНИЕ</title>
  <author/>
  <title_short/>
  <pages>
    <start>293</start>
    <end>293</end>
  </pages>
  <literature>
    <literature_orig/>
  </literature>
  <formulas_main/>
  <formulas_aux/>
  <relations/>
  <text> - см. Вентцеля-Крамерса-Бриллюэна метод.
</text>
  <text_orig> - см. Вентцеля-Крамерса-Бриллюэна метод.
</text_orig>
</article>
