<?xml version="1.0" ?>
<article uri="http://libmeta.ru/fme/article/1400_KOROTKODEJSTVUOSchIJ">
  <title>КОРОТКОДЕЙСТВУОЩИЙ ПОТЕНЦИАЛ</title>
  <authors>
    <author>С. П. Меркурьев</author>
    <author>С. Л. Яковлев</author>
  </authors>
  <title_short/>
  <pages>
    <start>293</start>
    <end>293</end>
  </pages>
  <literature>
    <literature_orig/>
  </literature>
  <formulas_main>
    <formula uri="http://libmeta.ru/fme/formula/main/1400_1_KOROTKODEJSTVUOSchIJ">|v(x)| \leqslant \text { const }(1+|x|)^{-1-\varepsilon}, \varepsilon&gt;0 .</formula>
    <formula uri="http://libmeta.ru/fme/formula/main/1400_2_KOROTKODEJSTVUOSchIJ">H=-\Delta_{x}+v(x)</formula>
    <formula uri="http://libmeta.ru/fme/formula/main/1400_3_KOROTKODEJSTVUOSchIJ">W_{ \pm}=\operatorname{s.} \lim _{t \rightarrow \mp \infty} \exp \{i t H\} \exp \left\{-i t H_{0}\right\}, \quad H_{0}=-\Delta_{x},</formula>
    <formula uri="http://libmeta.ru/fme/formula/main/1400_4_KOROTKODEJSTVUOSchIJ">W_{ \pm}\left(k, k^{\prime}\right)=\delta\left(k-k^{\prime}\right)-\frac{T\left(k, k^{\prime}, k^{2} \pm i \cdot 0\right)}{k^{2}-k^{\prime 2} \mp i \cdot 0} .</formula>
  </formulas_main>
  <formulas_aux>
    <formula uri="http://libmeta.ru/fme/formula/aux/1400_1_KOROTKODEJSTVUOSchIJ">v(x), x \in \mathbb{R}^{3}</formula>
    <formula uri="http://libmeta.ru/fme/formula/aux/1400_2_KOROTKODEJSTVUOSchIJ">|x|&gt;R(R-</formula>
    <formula uri="http://libmeta.ru/fme/formula/aux/1400_3_KOROTKODEJSTVUOSchIJ">T\left(k, k^{\prime}, z\right)</formula>
    <formula uri="http://libmeta.ru/fme/formula/aux/1400_4_KOROTKODEJSTVUOSchIJ">\varepsilon&gt;2</formula>
    <formula uri="http://libmeta.ru/fme/formula/aux/1400_5_KOROTKODEJSTVUOSchIJ">T\left(k, k^{\prime}, z\right)</formula>
    <formula uri="http://libmeta.ru/fme/formula/aux/1400_6_KOROTKODEJSTVUOSchIJ">k</formula>
    <formula uri="http://libmeta.ru/fme/formula/aux/1400_7_KOROTKODEJSTVUOSchIJ">k^{\prime}</formula>
    <formula uri="http://libmeta.ru/fme/formula/aux/1400_8_KOROTKODEJSTVUOSchIJ">0&lt;\varepsilon&lt;2</formula>
    <formula uri="http://libmeta.ru/fme/formula/aux/1400_9_KOROTKODEJSTVUOSchIJ">T\left(k, k^{\prime}, z\right)</formula>
    <formula uri="http://libmeta.ru/fme/formula/aux/1400_10_KOROTKODEJSTVUOSchIJ">k</formula>
    <formula uri="http://libmeta.ru/fme/formula/aux/1400_11_KOROTKODEJSTVUOSchIJ">k^{\prime}</formula>
    <formula uri="http://libmeta.ru/fme/formula/aux/1400_12_KOROTKODEJSTVUOSchIJ">k /|k|=k^{\prime} /\left|k^{\prime}\right|</formula>
    <formula uri="http://libmeta.ru/fme/formula/aux/1400_13_KOROTKODEJSTVUOSchIJ">1982 . \quad</formula>
  </formulas_aux>
  <relations/>
  <text>фУНКцИЯ $URI[[http://libmeta.ru/fme/formula/aux/1400_1_KOROTKODEJSTVUOSchIJ]]/URI$, удовлетворяющая при $URI[[http://libmeta.ru/fme/formula/aux/1400_2_KOROTKODEJSTVUOSchIJ]]/URI$ некоторое число) оценке

\[
URI[[http://libmeta.ru/fme/formula/main/1400_1_KOROTKODEJSTVUOSchIJ]]/URI
\]

Для оператора Шредингера с К. П.

\[
URI[[http://libmeta.ru/fme/formula/main/1400_2_KOROTKODEJSTVUOSchIJ]]/URI
\]

существуют волновые операторы

\[
URI[[http://libmeta.ru/fme/formula/main/1400_3_KOROTKODEJSTVUOSchIJ]]/URI
\]

определяющие решения задачи рассеяния. Ядра этих операторов после преобразования Фурье выражаются через Т-матрицу формулой

\[
URI[[http://libmeta.ru/fme/formula/main/1400_4_KOROTKODEJSTVUOSchIJ]]/URI
\]

Скорость убывания К. П. определяет свойства гладкости ядра $URI[[http://libmeta.ru/fme/formula/aux/1400_3_KOROTKODEJSTVUOSchIJ]]/URI$ в представлении (1). При $URI[[http://libmeta.ru/fme/formula/aux/1400_4_KOROTKODEJSTVUOSchIJ]]/URI$ ядро $URI[[http://libmeta.ru/fme/formula/aux/1400_5_KOROTKODEJSTVUOSchIJ]]/URI$ является гладкой функцией переменных $URI[[http://libmeta.ru/fme/formula/aux/1400_6_KOROTKODEJSTVUOSchIJ]]/URI$ и $URI[[http://libmeta.ru/fme/formula/aux/1400_7_KOROTKODEJSTVUOSchIJ]]/URI$, при $URI[[http://libmeta.ru/fme/formula/aux/1400_8_KOROTKODEJSTVUOSchIJ]]/URI$ функция $URI[[http://libmeta.ru/fme/formula/aux/1400_9_KOROTKODEJSTVUOSchIJ]]/URI$ приобретает ряд сингулярностей по переменным $URI[[http://libmeta.ru/fme/formula/aux/1400_10_KOROTKODEJSTVUOSchIJ]]/URI$ и $URI[[http://libmeta.ru/fme/formula/aux/1400_11_KOROTKODEJSTVUOSchIJ]]/URI$ в областях, где $URI[[http://libmeta.ru/fme/formula/aux/1400_12_KOROTKODEJSTVUOSchIJ]]/URI$.

Лum.: [1] По в зне р А. Я., “Математич. сб.», 1953, т. 32, c. 109-56; [2] Буслае в В. С., Скриганов М., &quot;Теоретич. и математич. физика», 1974, т. 19, с. 217-32; [3] Р ид М., С ай м о н Б., Методы современной математической физики, т. 3, Теория рассеяния, пер. с англ., М., $URI[[http://libmeta.ru/fme/formula/aux/1400_13_KOROTKODEJSTVUOSchIJ]]/URI$</text>
  <text_orig>фУНКцИЯ $v(x), x \in \mathbb{R}^{3}$, удовлетворяющая при $|x|&gt;R(R-$ некоторое число) оценке

\[
|v(x)| \leqslant \text { const }(1+|x|)^{-1-\varepsilon}, \varepsilon&gt;0 .
\]

Для оператора Шредингера с К. П.

\[
H=-\Delta_{x}+v(x)
\]

существуют волновые операторы

\[
W_{ \pm}=\operatorname{s.} \lim _{t \rightarrow \mp \infty} \exp \{i t H\} \exp \left\{-i t H_{0}\right\}, \quad H_{0}=-\Delta_{x},
\]

определяющие решения задачи рассеяния. Ядра этих операторов после преобразования Фурье выражаются через Т-матрицу формулой

\[
W_{ \pm}\left(k, k^{\prime}\right)=\delta\left(k-k^{\prime}\right)-\frac{T\left(k, k^{\prime}, k^{2} \pm i \cdot 0\right)}{k^{2}-k^{\prime 2} \mp i \cdot 0} .
\]

Скорость убывания К. П. определяет свойства гладкости ядра $T\left(k, k^{\prime}, z\right)$ в представлении (1). При $\varepsilon&gt;2$ ядро $T\left(k, k^{\prime}, z\right)$ является гладкой функцией переменных $k$ и $k^{\prime}$, при $0&lt;\varepsilon&lt;2$ функция $T\left(k, k^{\prime}, z\right)$ приобретает ряд сингулярностей по переменным $k$ и $k^{\prime}$ в областях, где $k /|k|=k^{\prime} /\left|k^{\prime}\right|$.

Лum.: [1] По в зне р А. Я., “Математич. сб.», 1953, т. 32, c. 109-56; [2] Буслае в В. С., Скриганов М., &quot;Теоретич. и математич. физика», 1974, т. 19, с. 217-32; [3] Р ид М., С ай м о н Б., Методы современной математической физики, т. 3, Теория рассеяния, пер. с англ., М., $1982 . \quad$ С.П. Меркурьев, С.Л. Яковлев.</text_orig>
</article>
