<?xml version="1.0" ?>
<article uri="http://libmeta.ru/fme/article/1402_KORRELJaTsII">
  <title>КОРРЕЛЯЦИИ ДЛИНА</title>
  <authors/>
  <title_short/>
  <pages>
    <start>294</start>
    <end>295</end>
  </pages>
  <literature>
    <literature_orig/>
  </literature>
  <formulas_main>
    <formula uri="http://libmeta.ru/fme/formula/main/1402_1_KORRELJaTsII">\xi^{-2}=R^{-2}\left[1-n \widetilde{C}_{0}(\theta)\right],</formula>
    <formula uri="http://libmeta.ru/fme/formula/main/1402_2_KORRELJaTsII">\begin{gathered}
\xi \sim \theta_{0}^{-v}, \theta_{0} \rightarrow 0^{+} ; \\
\xi \sim\left(-\theta_{0}\right)^{-v^{\prime}}, \theta_{0} \rightarrow 0^{-} ; \\
v_{2}\left(r, \theta_{c}\right) \sim r^{-(d-2+\eta)}, r \rightarrow \infty,
\end{gathered}</formula>
  </formulas_main>
  <formulas_aux>
    <formula uri="http://libmeta.ru/fme/formula/aux/1402_1_KORRELJaTsII">\boldsymbol{\xi}</formula>
    <formula uri="http://libmeta.ru/fme/formula/aux/1402_2_KORRELJaTsII">r \rightarrow \infty</formula>
    <formula uri="http://libmeta.ru/fme/formula/aux/1402_3_KORRELJaTsII">\mathrm{v}_{2}(r)</formula>
    <formula uri="http://libmeta.ru/fme/formula/aux/1402_4_KORRELJaTsII">\boldsymbol{R}</formula>
    <formula uri="http://libmeta.ru/fme/formula/aux/1402_5_KORRELJaTsII">\theta</formula>
    <formula uri="http://libmeta.ru/fme/formula/aux/1402_6_KORRELJaTsII">n-</formula>
    <formula uri="http://libmeta.ru/fme/formula/aux/1402_7_KORRELJaTsII">\widetilde{C}_{0}(\theta)</formula>
    <formula uri="http://libmeta.ru/fme/formula/aux/1402_8_KORRELJaTsII">\xi^{-1}=0</formula>
    <formula uri="http://libmeta.ru/fme/formula/aux/1402_9_KORRELJaTsII">\int d r v_{2}(r)</formula>
    <formula uri="http://libmeta.ru/fme/formula/aux/1402_10_KORRELJaTsII">v, v^{\prime}, \eta</formula>
    <formula uri="http://libmeta.ru/fme/formula/aux/1402_11_KORRELJaTsII">\theta_{0}=\frac{\theta-\theta_{c}}{\theta_{c}}, d-</formula>
  </formulas_aux>
  <relations/>
  <text> - действительное число $URI[[http://libmeta.ru/fme/formula/aux/1402_1_KORRELJaTsII]]/URI$, характеризующее асимптотическое по $URI[[http://libmeta.ru/fme/formula/aux/1402_2_KORRELJaTsII]]/URI$ поведение парной корреляционной функции $URI[[http://libmeta.ru/fme/formula/aux/1402_3_KORRELJaTsII]]/URI$. К. Д. определяется соотношением

\[
URI[[http://libmeta.ru/fme/formula/main/1402_1_KORRELJaTsII]]/URI
\]

где феноменологич. параметр $URI[[http://libmeta.ru/fme/formula/aux/1402_4_KORRELJaTsII]]/URI$ - дебаевская длина затухания (зависит от температуры $URI[[http://libmeta.ru/fme/formula/aux/1402_5_KORRELJaTsII]]/URI$ ), $URI[[http://libmeta.ru/fme/formula/aux/1402_6_KORRELJaTsII]]/URI$ плотность числа частиц в системе, $URI[[http://libmeta.ru/fme/formula/aux/1402_7_KORRELJaTsII]]/URI$ - фурье-образ прямой корреляционной фун-

![](https://cdn.mathpix.com/cropped/2023_07_08_ae1797ee0b7ed9730c8ag-1.jpg?height=42&amp;width=815&amp;top_left_y=2096&amp;top_left_x=932)
$URI[[http://libmeta.ru/fme/formula/aux/1402_8_KORRELJaTsII]]/URI$ и интеграл $URI[[http://libmeta.ru/fme/formula/aux/1402_9_KORRELJaTsII]]/URI$ расходится. В этом случае говорят, что система характеризуется корреляциями с бесконечным радиусом. Физически это означает, что в системе возникает дальний порядок, когда каждая молекула испытывает влияние большого числа других молекул. Поведение К. д. вблизи критич. точки характеризуется критич. показателями $URI[[http://libmeta.ru/fme/formula/aux/1402_10_KORRELJaTsII]]/URI$ :

\[
URI[[http://libmeta.ru/fme/formula/main/1402_2_KORRELJaTsII]]/URI
\]

где $URI[[http://libmeta.ru/fme/formula/aux/1402_11_KORRELJaTsII]]/URI$ пространственная размерность системы.

Лит.: [1] Б ал е с к у Р., Равновесная и неравновесная статистическая механика, пер. с англ., т. 1, М., 1978.</text>
  <text_orig> - действительное число $\boldsymbol{\xi}$, характеризующее асимптотическое по $r \rightarrow \infty$ поведение парной корреляционной функции $\mathrm{v}_{2}(r)$. К. Д. определяется соотношением

\[
\xi^{-2}=R^{-2}\left[1-n \widetilde{C}_{0}(\theta)\right],
\]

где феноменологич. параметр $\boldsymbol{R}$ - дебаевская длина затухания (зависит от температуры $\theta$ ), $n-$ плотность числа частиц в системе, $\widetilde{C}_{0}(\theta)$ - фурье-образ прямой корреляционной фун-

![](https://cdn.mathpix.com/cropped/2023_07_08_ae1797ee0b7ed9730c8ag-1.jpg?height=42&amp;width=815&amp;top_left_y=2096&amp;top_left_x=932)
$\xi^{-1}=0$ и интеграл $\int d r v_{2}(r)$ расходится. В этом случае говорят, что система характеризуется корреляциями с бесконечным радиусом. Физически это означает, что в системе возникает дальний порядок, когда каждая молекула испытывает влияние большого числа других молекул. Поведение К. д. вблизи критич. точки характеризуется критич. показателями $v, v^{\prime}, \eta$ :

\[
\begin{gathered}
\xi \sim \theta_{0}^{-v}, \theta_{0} \rightarrow 0^{+} ; \\
\xi \sim\left(-\theta_{0}\right)^{-v^{\prime}}, \theta_{0} \rightarrow 0^{-} ; \\
v_{2}\left(r, \theta_{c}\right) \sim r^{-(d-2+\eta)}, r \rightarrow \infty,
\end{gathered}
\]

где $\theta_{0}=\frac{\theta-\theta_{c}}{\theta_{c}}, d-$ пространственная размерность системы.

Лит.: [1] Б ал е с к у Р., Равновесная и неравновесная статистическая механика, пер. с англ., т. 1, М., 1978.</text_orig>
</article>
