<?xml version="1.0" ?>
<article uri="http://libmeta.ru/fme/article/1405_KORRELJaTsIONNAJa">
  <title>КОРРЕЛЯЦИОННАЯ МАТРИЦА</title>
  <authors/>
  <title_short/>
  <pages>
    <start>295</start>
    <end>295</end>
  </pages>
  <literature>
    <literature_orig/>
  </literature>
  <formulas_main/>
  <formulas_aux/>
  <relations/>
  <text>см. Корреляционная функция.</text>
  <text_orig>см. Корреляционная функция.</text_orig>
</article>
