<?xml version="1.0" ?>
<article uri="http://libmeta.ru/fme/article/1406_KORRELJaTsII" alphabetic_pos="1408">
  <title>КОРРЕЛЯЦИИ КОЭФФИЦИЕНТ</title>
  <authors/>
  <title_short/>
  <pages>
    <start>295</start>
    <end>295</end>
  </pages>
  <literature>
    <literature_orig/>
  </literature>
  <formulas_main>
    <formula uri="http://libmeta.ru/fme/formula/main/1406_1_KORRELJaTsII">a_{i}=\mathrm{E} X_{i}</formula>
    <formula uri="http://libmeta.ru/fme/formula/main/1406_2_KORRELJaTsII">\mathrm{D} X_{i}=\sigma_{i}^{2}=\mathrm{E}\left(x_{i}-a_{i}\right)^{2}</formula>
    <formula uri="http://libmeta.ru/fme/formula/main/1406_3_KORRELJaTsII">\rho=\rho\left(X_{1}, X_{2}\right)=\mathrm{E} \frac{X_{1}-a_{1}}{\sigma_{1}} \frac{X_{2}-a_{2}}{\sigma_{2}} .</formula>
    <formula uri="http://libmeta.ru/fme/formula/main/1406_4_KORRELJaTsII">X_{2}=\hat{X}_{2} \equiv a_{2}+\rho \sigma_{2} \sigma_{1}^{-1}\left(X_{1}-a_{1}\right) .</formula>
    <formula uri="http://libmeta.ru/fme/formula/main/1406_5_KORRELJaTsII">\mathrm{E}\left(X_{2}-\hat{X}_{2}\right)^{2}=\min _{a, b} \mathrm{E}\left(X_{2}-a X_{1}-b\right)^{2} .</formula>
  </formulas_main>
  <formulas_aux>
    <formula uri="http://libmeta.ru/fme/formula/aux/1406_1_KORRELJaTsII">x_{1}</formula>
    <formula uri="http://libmeta.ru/fme/formula/aux/1406_2_KORRELJaTsII">x_{2}</formula>
    <formula uri="http://libmeta.ru/fme/formula/aux/1406_3_KORRELJaTsII">x_{1}</formula>
    <formula uri="http://libmeta.ru/fme/formula/aux/1406_4_KORRELJaTsII">x_{2}</formula>
    <formula uri="http://libmeta.ru/fme/formula/aux/1406_5_KORRELJaTsII">\rho=0</formula>
    <formula uri="http://libmeta.ru/fme/formula/aux/1406_6_KORRELJaTsII">x_{1}</formula>
    <formula uri="http://libmeta.ru/fme/formula/aux/1406_7_KORRELJaTsII">x_{2}</formula>
    <formula uri="http://libmeta.ru/fme/formula/aux/1406_8_KORRELJaTsII">\rho=0</formula>
    <formula uri="http://libmeta.ru/fme/formula/aux/1406_9_KORRELJaTsII">x_{i}</formula>
    <formula uri="http://libmeta.ru/fme/formula/aux/1406_10_KORRELJaTsII">\rho&gt;0</formula>
    <formula uri="http://libmeta.ru/fme/formula/aux/1406_11_KORRELJaTsII">(\rho&lt;0)</formula>
    <formula uri="http://libmeta.ru/fme/formula/aux/1406_12_KORRELJaTsII">|\rho|&lt;1</formula>
    <formula uri="http://libmeta.ru/fme/formula/aux/1406_13_KORRELJaTsII">|\rho|=1</formula>
    <formula uri="http://libmeta.ru/fme/formula/aux/1406_14_KORRELJaTsII">x_{i}</formula>
    <formula uri="http://libmeta.ru/fme/formula/aux/1406_15_KORRELJaTsII">\hat{x}_{2}</formula>
    <formula uri="http://libmeta.ru/fme/formula/aux/1406_16_KORRELJaTsII">x_{2}</formula>
    <formula uri="http://libmeta.ru/fme/formula/aux/1406_17_KORRELJaTsII">x_{1}</formula>
  </formulas_aux>
  <relations>
    <relation uri="http://libmeta.ru/fme/relation/1406_1_KORRELJaTsII">
      <rel_text>случайных величин</rel_text>
      <target>http://libmeta.ru/fme/article/2813_SLUChAJNAJa</target>
    </relation>
  </relations>
  <text>числовая характеристика зависимости двух случайных величин. Для случайных величин $URI[[http://libmeta.ru/fme/formula/aux/1406_1_KORRELJaTsII]]/URI$ и $URI[[http://libmeta.ru/fme/formula/aux/1406_2_KORRELJaTsII]]/URI$ с математическими ожиданиями

\[
URI[[http://libmeta.ru/fme/formula/main/1406_1_KORRELJaTsII]]/URI
\]

и ненулевыми дисперсиями

\[
URI[[http://libmeta.ru/fme/formula/main/1406_2_KORRELJaTsII]]/URI
\]

K. К. определяется равенством

\[
URI[[http://libmeta.ru/fme/formula/main/1406_3_KORRELJaTsII]]/URI
\]

Если $URI[[http://libmeta.ru/fme/formula/aux/1406_3_KORRELJaTsII]]/URI$ и $URI[[http://libmeta.ru/fme/formula/aux/1406_4_KORRELJaTsII]]/URI$ независимы, то $URI[[http://libmeta.ru/fme/formula/aux/1406_5_KORRELJaTsII]]/URI$ (если $URI[[http://libmeta.ru/fme/formula/aux/1406_6_KORRELJaTsII]]/URI$ и $URI[[http://libmeta.ru/fme/formula/aux/1406_7_KORRELJaTsII]]/URI$ имеют совместное Гаусса распределение, то верно и обратное; в общем случае это неверно); при $URI[[http://libmeta.ru/fme/formula/aux/1406_8_KORRELJaTsII]]/URI$ случайные величины $URI[[http://libmeta.ru/fme/formula/aux/1406_9_KORRELJaTsII]]/URI$ называются некоррелированными, при $URI[[http://libmeta.ru/fme/formula/aux/1406_10_KORRELJaTsII]]/URI$ $URI[[http://libmeta.ru/fme/formula/aux/1406_11_KORRELJaTsII]]/URI$ положительно (отрицательно)коррелиров ан ным и; $URI[[http://libmeta.ru/fme/formula/aux/1406_12_KORRELJaTsII]]/URI$, причем $URI[[http://libmeta.ru/fme/formula/aux/1406_13_KORRELJaTsII]]/URI$, если и только если $URI[[http://libmeta.ru/fme/formula/aux/1406_14_KORRELJaTsII]]/URI$ связаны линейной зависимостью

\[
URI[[http://libmeta.ru/fme/formula/main/1406_4_KORRELJaTsII]]/URI
\]

В общем случае $URI[[http://libmeta.ru/fme/formula/aux/1406_15_KORRELJaTsII]]/URI$ есть наилучшее представление $URI[[http://libmeta.ru/fme/formula/aux/1406_16_KORRELJaTsII]]/URI$ линейной функцией от $URI[[http://libmeta.ru/fme/formula/aux/1406_17_KORRELJaTsII]]/URI$, так как

\[
URI[[http://libmeta.ru/fme/formula/main/1406_5_KORRELJaTsII]]/URI
\]

К. к. не дает полного описания функциональной зависимости URI[[http://libmeta.ru/fme/relation/1406_1_KORRELJaTsII]]/URI; по существу он является лишь мерой их линейной связи.</text>
  <text_orig>числовая характеристика зависимости двух случайных величин. Для случайных величин $X_{1}$ и $X_{2}$ с математическими ожиданиями

\[
a_{i}=\mathrm{E} X_{i}
\]

и ненулевыми дисперсиями

\[
\mathrm{D} X_{i}=\sigma_{i}^{2}=\mathrm{E}\left(x_{i}-a_{i}\right)^{2}
\]

K. К. определяется равенством

\[
\rho=\rho\left(X_{1}, X_{2}\right)=\mathrm{E} \frac{X_{1}-a_{1}}{\sigma_{1}} \frac{X_{2}-a_{2}}{\sigma_{2}} .
\]

Если $X_{1}$ и $X_{2}$ независимы, то $\rho=0$ (если $X_{1}$ и $X_{2}$ имеют совместное Гаусса распределение, то верно и обратное; в общем случае это неверно); при $\rho=0$ случайные величины $X_{i}$ называются некоррелированными, при $\rho&gt;0$ $(\rho&lt;0)$ положительно (отрицательно)коррелиров ан ным и; $|\rho|&lt;1$, причем $|\rho|=1$, если и только если $X_{i}$ связаны линейной зависимостью

\[
X_{2}=\hat{X}_{2} \equiv a_{2}+\rho \sigma_{2} \sigma_{1}^{-1}\left(X_{1}-a_{1}\right) .
\]

В общем случае $\hat{X}_{2}$ есть наилучшее представление $X_{2}$ линейной функцией от $X_{1}$, так как

\[
\mathrm{E}\left(X_{2}-\hat{X}_{2}\right)^{2}=\min _{a, b} \mathrm{E}\left(X_{2}-a X_{1}-b\right)^{2} .
\]

К. к. не дает полного описания функциональной зависимости случайных величин; по сушеству он является лишь мерой их линейной связи.</text_orig>
</article>
