<?xml version="1.0" ?>
<article uri="http://libmeta.ru/fme/article/1407_KORRELJaTsIONNAJa">
  <title>КОРРЕЛЯЦИОННАЯ ФУНКЦИЯ</title>
  <author/>
  <title_short/>
  <pages>
    <start>295</start>
    <end>295</end>
  </pages>
  <literature>
    <literature_orig/>
  </literature>
  <formulas_main>
    <formula uri="http://libmeta.ru/fme/formula/main/1407_1_KORRELJaTsIONNAJa">\rho_{\Lambda}(x)_{m}=\rho_{\Lambda}\left(x_{1}, x_{2}, \ldots, x_{m}\right)</formula>
    <formula uri="http://libmeta.ru/fme/formula/main/1407_2_KORRELJaTsIONNAJa">\Xi(\Lambda, z, \beta) \sum_{n=0}^{\infty} \frac{z^{n}}{n !} \int d x_{1} \ldots d x_{n} e^{-\beta U(x)_{n}} .</formula>
  </formulas_main>
  <formulas_aux>
    <formula uri="http://libmeta.ru/fme/formula/aux/1407_1_KORRELJaTsIONNAJa">m</formula>
    <formula uri="http://libmeta.ru/fme/formula/aux/1407_2_KORRELJaTsIONNAJa">x_{1}, x_{2}, \ldots, x_{m}</formula>
    <formula uri="http://libmeta.ru/fme/formula/aux/1407_3_KORRELJaTsIONNAJa">\Lambda</formula>
    <formula uri="http://libmeta.ru/fme/formula/aux/1407_4_KORRELJaTsIONNAJa">\beta^{-1}</formula>
    <formula uri="http://libmeta.ru/fme/formula/aux/1407_5_KORRELJaTsIONNAJa">z</formula>
    <formula uri="http://libmeta.ru/fme/formula/aux/1407_6_KORRELJaTsIONNAJa">\Lambda \subset \mathbb{R}^{d}</formula>
    <formula uri="http://libmeta.ru/fme/formula/aux/1407_7_KORRELJaTsIONNAJa">n</formula>
    <formula uri="http://libmeta.ru/fme/formula/aux/1407_8_KORRELJaTsIONNAJa">U(x)_{n}</formula>
    <formula uri="http://libmeta.ru/fme/formula/aux/1407_9_KORRELJaTsIONNAJa">n=0</formula>
    <formula uri="http://libmeta.ru/fme/formula/aux/1407_10_KORRELJaTsIONNAJa">U=0</formula>
    <formula uri="http://libmeta.ru/fme/formula/aux/1407_11_KORRELJaTsIONNAJa">\rho_{\Lambda}(x)_{m}=\Xi^{-1}(\Lambda, z, \beta) \sum_{n=0}^{\infty} \frac{z^{n+m}}{n !} \int_{\Lambda^{n}} d x_{m+1} \ldots d x_{m+n} e^{-\beta U(x)_{m+n}}</formula>
    <formula uri="http://libmeta.ru/fme/formula/aux/1407_12_KORRELJaTsIONNAJa">\left(\Lambda-\mathbb{R}^{d}\right)</formula>
    <formula uri="http://libmeta.ru/fme/formula/aux/1407_13_KORRELJaTsIONNAJa">1971 . \quad</formula>
  </formulas_aux>
  <relations/>
  <text> - плотность вероятности (по мере Лебега) нахождения $URI[[http://libmeta.ru/fme/formula/aux/1407_1_KORRELJaTsIONNAJa]]/URI$ различных классических частиц в точках $URI[[http://libmeta.ru/fme/formula/aux/1407_2_KORRELJaTsIONNAJa]]/URI$ сосуда $URI[[http://libmeta.ru/fme/formula/aux/1407_3_KORRELJaTsIONNAJa]]/URI$. Рассмотрим большой канонич. ансамбль классич. системы тождественных частиц, находящихся в состоянии статистич. равновесия с температурой $URI[[http://libmeta.ru/fme/formula/aux/1407_4_KORRELJaTsIONNAJa]]/URI$ и активностью $URI[[http://libmeta.ru/fme/formula/aux/1407_5_KORRELJaTsIONNAJa]]/URI$ в сосуде $URI[[http://libmeta.ru/fme/formula/aux/1407_6_KORRELJaTsIONNAJa]]/URI$. Пусть потенциальная энергия $URI[[http://libmeta.ru/fme/formula/aux/1407_7_KORRELJaTsIONNAJa]]/URI$ частиц равна $URI[[http://libmeta.ru/fme/formula/aux/1407_8_KORRELJaTsIONNAJa]]/URI$. При $URI[[http://libmeta.ru/fme/formula/aux/1407_9_KORRELJaTsIONNAJa]]/URI$ полагают $URI[[http://libmeta.ru/fme/formula/aux/1407_10_KORRELJaTsIONNAJa]]/URI$. Тогда К. ф.

\[
URI[[http://libmeta.ru/fme/formula/main/1407_1_KORRELJaTsIONNAJa]]/URI
\]

есть

$URI[[http://libmeta.ru/fme/formula/aux/1407_11_KORRELJaTsIONNAJa]]/URI$, где большая статистич. сумма

\[
URI[[http://libmeta.ru/fme/formula/main/1407_2_KORRELJaTsIONNAJa]]/URI
\]

К. Ф. является удобным объектом исследования предельных $URI[[http://libmeta.ru/fme/formula/aux/1407_12_KORRELJaTsIONNAJa]]/URI$ свойств статистич. равновесных систем. К. Ф. удовлетворяют системе линейных интегральных уравнений (см. Кирквуда-Зальцбурга уравнения).

Лит.: [1] Рюэль Д., Статистическая механика. Строгие результаты, пер. с англ., М., $URI[[http://libmeta.ru/fme/formula/aux/1407_13_KORRELJaTsIONNAJa]]/URI$ Д. П. Санкович.
</text>
  <text_orig> - плотность вероятности (по мере Лебега) нахождения $m$ различных классических частиц в точках $x_{1}, x_{2}, \ldots, x_{m}$ сосуда $\Lambda$. Рассмотрим большой канонич. ансамбль классич. системы тождественных частиц, находящихся в состоянии статистич. равновесия с температурой $\beta^{-1}$ и активностью $z$ в сосуде $\Lambda \subset \mathbb{R}^{d}$. Пусть потенциальная энергия $n$ частиц равна $U(x)_{n}$. При $n=0$ полагают $U=0$. Тогда К. ф.

\[
\rho_{\Lambda}(x)_{m}=\rho_{\Lambda}\left(x_{1}, x_{2}, \ldots, x_{m}\right)
\]

есть

$\rho_{\Lambda}(x)_{m}=\Xi^{-1}(\Lambda, z, \beta) \sum_{n=0}^{\infty} \frac{z^{n+m}}{n !} \int_{\Lambda^{n}} d x_{m+1} \ldots d x_{m+n} e^{-\beta U(x)_{m+n}}$, где большая статистич. сумма

\[
\Xi(\Lambda, z, \beta) \sum_{n=0}^{\infty} \frac{z^{n}}{n !} \int d x_{1} \ldots d x_{n} e^{-\beta U(x)_{n}} .
\]

К. Ф. является удобным объектом исследования предельных $\left(\Lambda-\mathbb{R}^{d}\right)$ свойств статистич. равновесных систем. К. Ф. удовлетворяют системе линейных интегральных уравнений (см. Кирквуда-Зальцбурга уравнения).

Лит.: [1] Рюэль Д., Статистическая механика. Строгие результаты, пер. с англ., М., $1971 . \quad$ Д. П. Санкович.
</text_orig>
</article>
