<?xml version="1.0" ?>
<article uri="http://libmeta.ru/fme/article/1409_KORRELJaTsIONNAJa">
  <title>КОРРЕЛЯЦИОННАЯ ФУНКЦИЯ В СТАТИСИЧЕСКОЙ ФИЗИКЕ</title>
  <authors/>
  <title_short/>
  <pages>
    <start>296</start>
    <end>297</end>
  </pages>
  <literature>
    <literature_orig/>
  </literature>
  <formulas_main>
    <formula uri="http://libmeta.ru/fme/formula/main/1409_1_KORRELJaTsIONNAJa">V^{-s} F_{s}\left(q_{1}, \ldots, q_{s}\right) d q_{1} \ldots d q_{s}</formula>
    <formula uri="http://libmeta.ru/fme/formula/main/1409_2_KORRELJaTsIONNAJa">V^{-1} \int F_{s}\left(q_{1}, \ldots, q_{s}\right) d q_{s}=F_{s-1}\left(q_{1}, \ldots, q_{s-1}\right) .</formula>
    <formula uri="http://libmeta.ru/fme/formula/main/1409_3_KORRELJaTsIONNAJa">F_{S}\left(q_{1}, \ldots, q_{S}\right)=V^{s} \int_{V} \int D_{N}\left(q_{1}, \ldots, q_{N}\right) d q_{S+1} \ldots d q_{N},</formula>
    <formula uri="http://libmeta.ru/fme/formula/main/1409_4_KORRELJaTsIONNAJa">\begin{gathered}
D_{N}\left(q_{1}, \ldots, q_{N}\right)=Q_{N}^{-1} \exp \left(-U_{N} / k T\right), \\
Q_{N}=\int \ldots . \int \exp \left(-U_{N} / k T\right) d q_{1} \ldots d q_{N},
\end{gathered}</formula>
    <formula uri="http://libmeta.ru/fme/formula/main/1409_5_KORRELJaTsIONNAJa">U_{N}=\sum_{1 \leqslant i \leqslant j \leqslant N} \Phi\left(\left|q_{i}-q_{j}\right|\right)</formula>
    <formula uri="http://libmeta.ru/fme/formula/main/1409_6_KORRELJaTsIONNAJa">F_{2}\left(q_{1}, q_{2}\right)=F_{2}\left(\left|q_{1}-q_{2}\right|\right)</formula>
    <formula uri="http://libmeta.ru/fme/formula/main/1409_7_KORRELJaTsIONNAJa">\begin{gathered}
P V=N k T-\left(6 v^{2}\right)^{-1} \iint\left|q_{1}-q_{2}\right| \Phi\left(\left|q_{1}-q_{2}\right|\right) \times \\
\times F_{2}\left(q_{1}, q_{2}\right) d q_{1} d q_{2}, \\
E=3 N k T / 2-\left(2 v^{2}\right)^{-1} \iint \Phi\left(\left|q_{1}-q_{2}\right|\right) \times \\
\times F_{2}\left(q_{1}, q_{2}\right) d q_{1} d q_{2},
\end{gathered}</formula>
    <formula uri="http://libmeta.ru/fme/formula/main/1409_8_KORRELJaTsIONNAJa">\frac{I(s)}{I_{0}}=1+\frac{4 \pi}{v} \int_{0}^{\infty}\left[F_{2}(r)-1\right] \frac{\sin (r s)}{s} r d r</formula>
    <formula uri="http://libmeta.ru/fme/formula/main/1409_9_KORRELJaTsIONNAJa">F_{s}\left(q_{1}, \ldots, q_{s}\right)-\prod_{1 \leqslant i \leqslant s} F_{i}\left(q_{i}\right) \rightarrow 0</formula>
    <formula uri="http://libmeta.ru/fme/formula/main/1409_10_KORRELJaTsIONNAJa">F_{s}\left(q_{1}, \ldots, q_{s} ; q_{1}^{\prime}, \ldots, q_{s}^{\prime}\right)=V^{s} \operatorname{Sp} \rho\left(q_{1}, \ldots, q_{N} ; q_{1}^{\prime}, \ldots, q_{N}^{\prime}\right),</formula>
    <formula uri="http://libmeta.ru/fme/formula/main/1409_11_KORRELJaTsIONNAJa">\rho(q-\xi / 2, q+\xi / 2)</formula>
    <formula uri="http://libmeta.ru/fme/formula/main/1409_12_KORRELJaTsIONNAJa">F_{s}\left(q_{1}, \ldots, q_{s} ; p_{1}, \ldots, p_{s}\right),</formula>
    <formula uri="http://libmeta.ru/fme/formula/main/1409_13_KORRELJaTsIONNAJa">\left.\left(\hbar^{2} / 2 m\right) \nabla_{q}^{2} F_{1}\left(q, q^{\prime}\right)\right|_{q=q^{\prime}}</formula>
    <formula uri="http://libmeta.ru/fme/formula/main/1409_14_KORRELJaTsIONNAJa">\left\langle\psi^{+}(x, t) \psi\left(x^{\prime}, t^{\prime}\right)\right\rangle</formula>
    <formula uri="http://libmeta.ru/fme/formula/main/1409_15_KORRELJaTsIONNAJa">\left\langle\psi^{+}\left(x_{1}, t_{1}\right) \psi\left(x_{1}, t_{1}\right) \psi^{+}\left(x_{2}, t_{2}\right) \psi\left(x_{2}, t_{2}\right)\right\rangle .</formula>
  </formulas_main>
  <formulas_aux>
    <formula uri="http://libmeta.ru/fme/formula/aux/1409_1_KORRELJaTsIONNAJa">s</formula>
    <formula uri="http://libmeta.ru/fme/formula/aux/1409_2_KORRELJaTsIONNAJa">s=2</formula>
    <formula uri="http://libmeta.ru/fme/formula/aux/1409_3_KORRELJaTsIONNAJa">s</formula>
    <formula uri="http://libmeta.ru/fme/formula/aux/1409_4_KORRELJaTsIONNAJa">F_{s}\left(q_{1}, \ldots, q_{s}\right)</formula>
    <formula uri="http://libmeta.ru/fme/formula/aux/1409_5_KORRELJaTsIONNAJa">s</formula>
    <formula uri="http://libmeta.ru/fme/formula/aux/1409_6_KORRELJaTsIONNAJa">d q_{1}, \ldots, d q_{s}</formula>
    <formula uri="http://libmeta.ru/fme/formula/aux/1409_7_KORRELJaTsIONNAJa">q_{1}, \ldots, q_{s}</formula>
    <formula uri="http://libmeta.ru/fme/formula/aux/1409_8_KORRELJaTsIONNAJa">q_{i}=\left(x_{i}, y_{i}, z_{i}\right), V-</formula>
    <formula uri="http://libmeta.ru/fme/formula/aux/1409_9_KORRELJaTsIONNAJa">s</formula>
    <formula uri="http://libmeta.ru/fme/formula/aux/1409_10_KORRELJaTsIONNAJa">(s-1)</formula>
    <formula uri="http://libmeta.ru/fme/formula/aux/1409_11_KORRELJaTsIONNAJa">N-s</formula>
    <formula uri="http://libmeta.ru/fme/formula/aux/1409_12_KORRELJaTsIONNAJa">U_{N}-</formula>
    <formula uri="http://libmeta.ru/fme/formula/aux/1409_13_KORRELJaTsIONNAJa">Q_{N}-</formula>
    <formula uri="http://libmeta.ru/fme/formula/aux/1409_14_KORRELJaTsIONNAJa">T</formula>
    <formula uri="http://libmeta.ru/fme/formula/aux/1409_15_KORRELJaTsIONNAJa">N</formula>
    <formula uri="http://libmeta.ru/fme/formula/aux/1409_16_KORRELJaTsIONNAJa">\Phi(r)</formula>
    <formula uri="http://libmeta.ru/fme/formula/aux/1409_17_KORRELJaTsIONNAJa">F_{2}</formula>
    <formula uri="http://libmeta.ru/fme/formula/aux/1409_18_KORRELJaTsIONNAJa">v=V / N-</formula>
    <formula uri="http://libmeta.ru/fme/formula/aux/1409_19_KORRELJaTsIONNAJa">I(s)</formula>
    <formula uri="http://libmeta.ru/fme/formula/aux/1409_20_KORRELJaTsIONNAJa">\lambda</formula>
    <formula uri="http://libmeta.ru/fme/formula/aux/1409_21_KORRELJaTsIONNAJa">\theta</formula>
    <formula uri="http://libmeta.ru/fme/formula/aux/1409_22_KORRELJaTsIONNAJa">I_{0}</formula>
    <formula uri="http://libmeta.ru/fme/formula/aux/1409_23_KORRELJaTsIONNAJa">s=(4 \pi / \lambda) \sin (\theta / 2)</formula>
    <formula uri="http://libmeta.ru/fme/formula/aux/1409_24_KORRELJaTsIONNAJa">F_{2}</formula>
    <formula uri="http://libmeta.ru/fme/formula/aux/1409_25_KORRELJaTsIONNAJa">r</formula>
    <formula uri="http://libmeta.ru/fme/formula/aux/1409_26_KORRELJaTsIONNAJa">r</formula>
    <formula uri="http://libmeta.ru/fme/formula/aux/1409_27_KORRELJaTsIONNAJa">F_{2}(r)</formula>
    <formula uri="http://libmeta.ru/fme/formula/aux/1409_28_KORRELJaTsIONNAJa">F_{1}, \ldots, F_{S}</formula>
    <formula uri="http://libmeta.ru/fme/formula/aux/1409_29_KORRELJaTsIONNAJa">\left|q_{i}-q_{j}\right| \rightarrow \infty</formula>
    <formula uri="http://libmeta.ru/fme/formula/aux/1409_30_KORRELJaTsIONNAJa">F_{1}(q)=0</formula>
    <formula uri="http://libmeta.ru/fme/formula/aux/1409_31_KORRELJaTsIONNAJa">F_{S}</formula>
    <formula uri="http://libmeta.ru/fme/formula/aux/1409_32_KORRELJaTsIONNAJa">v^{-1}</formula>
    <formula uri="http://libmeta.ru/fme/formula/aux/1409_33_KORRELJaTsIONNAJa">v / r_{d}^{3}</formula>
    <formula uri="http://libmeta.ru/fme/formula/aux/1409_34_KORRELJaTsIONNAJa">r_{d}</formula>
    <formula uri="http://libmeta.ru/fme/formula/aux/1409_35_KORRELJaTsIONNAJa">\rho\left(q_{1}, \ldots, q_{N} ; q_{1}^{\prime}, \ldots, q_{N}^{\prime}\right)</formula>
    <formula uri="http://libmeta.ru/fme/formula/aux/1409_36_KORRELJaTsIONNAJa">s</formula>
    <formula uri="http://libmeta.ru/fme/formula/aux/1409_37_KORRELJaTsIONNAJa">\mathrm{Sp}</formula>
    <formula uri="http://libmeta.ru/fme/formula/aux/1409_38_KORRELJaTsIONNAJa">s+1, \ldots, N</formula>
    <formula uri="http://libmeta.ru/fme/formula/aux/1409_39_KORRELJaTsIONNAJa">F_{s}\left(q_{1}, \ldots, q_{s} ; q_{1}^{\prime}, \ldots, q_{s}^{\prime}\right)</formula>
    <formula uri="http://libmeta.ru/fme/formula/aux/1409_40_KORRELJaTsIONNAJa">q</formula>
    <formula uri="http://libmeta.ru/fme/formula/aux/1409_41_KORRELJaTsIONNAJa">q^{\prime}</formula>
    <formula uri="http://libmeta.ru/fme/formula/aux/1409_42_KORRELJaTsIONNAJa">s</formula>
    <formula uri="http://libmeta.ru/fme/formula/aux/1409_43_KORRELJaTsIONNAJa">q</formula>
    <formula uri="http://libmeta.ru/fme/formula/aux/1409_44_KORRELJaTsIONNAJa">p</formula>
    <formula uri="http://libmeta.ru/fme/formula/aux/1409_45_KORRELJaTsIONNAJa">\rho(q, p)</formula>
    <formula uri="http://libmeta.ru/fme/formula/aux/1409_46_KORRELJaTsIONNAJa">\xi</formula>
    <formula uri="http://libmeta.ru/fme/formula/aux/1409_47_KORRELJaTsIONNAJa">s</formula>
    <formula uri="http://libmeta.ru/fme/formula/aux/1409_48_KORRELJaTsIONNAJa">s</formula>
    <formula uri="http://libmeta.ru/fme/formula/aux/1409_49_KORRELJaTsIONNAJa">\psi(q), \psi^{+}\left(q^{\prime}\right)</formula>
    <formula uri="http://libmeta.ru/fme/formula/aux/1409_50_KORRELJaTsIONNAJa">F_{s}\left(q_{1}, \ldots, q_{s} ; q_{1}^{\prime}, \ldots, q_{s}^{\prime}\right)=v^{s}\left\langle\psi^{+}\left(q_{1}\right) \ldots \psi^{+}\left(q_{s}\right) \psi\left(q_{1}^{\prime}\right) \ldots \psi\left(q_{s}^{\prime}\right)\right\rangle</formula>
    <formula uri="http://libmeta.ru/fme/formula/aux/1409_51_KORRELJaTsIONNAJa">\langle\ldots\rangle</formula>
    <formula uri="http://libmeta.ru/fme/formula/aux/1409_52_KORRELJaTsIONNAJa">\psi(q), \psi^{+}\left(q^{\prime}\right)</formula>
    <formula uri="http://libmeta.ru/fme/formula/aux/1409_53_KORRELJaTsIONNAJa">F_{2}</formula>
    <formula uri="http://libmeta.ru/fme/formula/aux/1409_54_KORRELJaTsIONNAJa">F_{1}\left(q, q^{\prime}\right)</formula>
  </formulas_aux>
  <relations/>
  <text>функция, определяющая вероятность относительного расположения комплекса из $URI[[http://libmeta.ru/fme/formula/aux/1409_1_KORRELJaTsIONNAJa]]/URI$ любых молекул жидкости или газа; при $URI[[http://libmeta.ru/fme/formula/aux/1409_2_KORRELJaTsIONNAJa]]/URI$ К.ф. называется п а р н о й, или б и н а р н о й. Появление корреляций в расположении молекул среды связано с тем, что в ближайшем окружении любой из них вследствие взаимодействия возникает упорядочение в расположении окружающих ее молекул. При этом средняя плотность молекул окружения какой-либо выделенной молекулы отличается от средней плотности среды, приближаясь к ней с увеличением расстояния. Это происходит монотонно или с затухающими осцилляциями (появление ближнего порядка).

В классич. статистич. физике $URI[[http://libmeta.ru/fme/formula/aux/1409_3_KORRELJaTsIONNAJa]]/URI$-частичную К.ф. $URI[[http://libmeta.ru/fme/formula/aux/1409_4_KORRELJaTsIONNAJa]]/URI$ определяют так, что

\[
URI[[http://libmeta.ru/fme/formula/main/1409_1_KORRELJaTsIONNAJa]]/URI
\]

есть вероятность того, что координаты 1-й, .., $URI[[http://libmeta.ru/fme/formula/aux/1409_5_KORRELJaTsIONNAJa]]/URI$-й молекул попадают в бесконечно малые элементы объемов $URI[[http://libmeta.ru/fme/formula/aux/1409_6_KORRELJaTsIONNAJa]]/URI$, расположенные около точек $URI[[http://libmeta.ru/fme/formula/aux/1409_7_KORRELJaTsIONNAJa]]/URI$, где $URI[[http://libmeta.ru/fme/formula/aux/1409_8_KORRELJaTsIONNAJa]]/URI$ объем. Следовательно, $URI[[http://libmeta.ru/fme/formula/aux/1409_9_KORRELJaTsIONNAJa]]/URI$-частичная К.ф. связана с $URI[[http://libmeta.ru/fme/formula/aux/1409_10_KORRELJaTsIONNAJa]]/URI$-частичной К. Ф. соотношением

\[
URI[[http://libmeta.ru/fme/formula/main/1409_2_KORRELJaTsIONNAJa]]/URI
\]

Равновесные К. ф. связаны с канонич. Гиббса распределением и могут быть получены из него интегрированием по координатам $URI[[http://libmeta.ru/fme/formula/aux/1409_11_KORRELJaTsIONNAJa]]/URI$ молекул:

\[
URI[[http://libmeta.ru/fme/formula/main/1409_3_KORRELJaTsIONNAJa]]/URI
\]

\section{6 КОРРЕЛЯЦИОННАЯ}

где

\[
URI[[http://libmeta.ru/fme/formula/main/1409_4_KORRELJaTsIONNAJa]]/URI
\]

$URI[[http://libmeta.ru/fme/formula/aux/1409_12_KORRELJaTsIONNAJa]]/URI$ потенциальная энергия взаимодействия молекул системы, $URI[[http://libmeta.ru/fme/formula/aux/1409_13_KORRELJaTsIONNAJa]]/URI$ конфигурационный интеграл, $URI[[http://libmeta.ru/fme/formula/aux/1409_14_KORRELJaTsIONNAJa]]/URI$ - температура. $URI[[http://libmeta.ru/fme/formula/aux/1409_15_KORRELJaTsIONNAJa]]/URI$ - полное число частиц. В случае парного взаимодействия молекул с потенциалом $URI[[http://libmeta.ru/fme/formula/aux/1409_16_KORRELJaTsIONNAJa]]/URI$, зависящим только от расстояния, энергия взаимодействия равна

\[
URI[[http://libmeta.ru/fme/formula/main/1409_5_KORRELJaTsIONNAJa]]/URI
\]

тогда $URI[[http://libmeta.ru/fme/formula/aux/1409_17_KORRELJaTsIONNAJa]]/URI$ зависит только от расстояния между молекулами

\[
URI[[http://libmeta.ru/fme/formula/main/1409_6_KORRELJaTsIONNAJa]]/URI
\]

(радиальная функция распределения).

Парная функция распределения особенно важна, так как позволяет получить состояния уравнение и среднюю энергию системы с ћ̈арным взаимодействием между частицами:

\[
URI[[http://libmeta.ru/fme/formula/main/1409_7_KORRELJaTsIONNAJa]]/URI
\]

где $URI[[http://libmeta.ru/fme/formula/aux/1409_18_KORRELJaTsIONNAJa]]/URI$ удельный объем.

Зависимость радиальной функции распределения от расстояния можно определить экспериментально по угловой зависимости когерентного рассеяния рентгеновских лучей. Интенсивность $URI[[http://libmeta.ru/fme/formula/aux/1409_19_KORRELJaTsIONNAJa]]/URI$ рентгеновских лучей с длиной волны $URI[[http://libmeta.ru/fme/formula/aux/1409_20_KORRELJaTsIONNAJa]]/URI$, рассеянных под углом $URI[[http://libmeta.ru/fme/formula/aux/1409_21_KORRELJaTsIONNAJa]]/URI$ к первичному пучку интенсивности $URI[[http://libmeta.ru/fme/formula/aux/1409_22_KORRELJaTsIONNAJa]]/URI$, определяется выражением

\[
URI[[http://libmeta.ru/fme/formula/main/1409_8_KORRELJaTsIONNAJa]]/URI
\]

где $URI[[http://libmeta.ru/fme/formula/aux/1409_23_KORRELJaTsIONNAJa]]/URI$.

Обращая это соотношение, можно найти зависимость $URI[[http://libmeta.ru/fme/formula/aux/1409_24_KORRELJaTsIONNAJa]]/URI$ от расстояния $URI[[http://libmeta.ru/fme/formula/aux/1409_25_KORRELJaTsIONNAJa]]/URI$. При достаточно малых $URI[[http://libmeta.ru/fme/formula/aux/1409_26_KORRELJaTsIONNAJa]]/URI$ (порядка нескольких газокинетич. радиусов молекул) $URI[[http://libmeta.ru/fme/formula/aux/1409_27_KORRELJaTsIONNAJa]]/URI$ может иметь ряд максимумов, соответствующих ближнему порядку, а затем она стремится к 1 .

Функции распределения $URI[[http://libmeta.ru/fme/formula/aux/1409_28_KORRELJaTsIONNAJa]]/URI$ удовлетворяют цепочке уравнений (см. Боголюбова уравнения), к-рые можно решить с граничным условием ослабления корреляции молекул при увеличении расстояния между ними:

\[
URI[[http://libmeta.ru/fme/formula/main/1409_9_KORRELJaTsIONNAJa]]/URI
\]

при $URI[[http://libmeta.ru/fme/formula/aux/1409_29_KORRELJaTsIONNAJa]]/URI$. Для пространственно однородных систем $URI[[http://libmeta.ru/fme/formula/aux/1409_30_KORRELJaTsIONNAJa]]/URI$. При решении цепочки уравнений для $URI[[http://libmeta.ru/fme/formula/aux/1409_31_KORRELJaTsIONNAJa]]/URI$ в виде разложения по степеням плотности $URI[[http://libmeta.ru/fme/formula/aux/1409_32_KORRELJaTsIONNAJa]]/URI$ получим вириальные разложения для уравнения состояния и К.ф., а в случае кулоновского взаимодействия между частицами при решении цепочки уравнений в виде разложения по степеням плазменного параметра $URI[[http://libmeta.ru/fme/formula/aux/1409_33_KORRELJaTsIONNAJa]]/URI$, где $URI[[http://libmeta.ru/fme/formula/aux/1409_34_KORRELJaTsIONNAJa]]/URI$ - дебаевский радиус экранирования, получим результаты теории электролитов Дебая - Хюккеля.

В квантовой статистич. механике К. ф. определяют при помощи статистич. оператора (плотности матрицы) всей системы $URI[[http://libmeta.ru/fme/formula/aux/1409_35_KORRELJaTsIONNAJa]]/URI$ как статистич. операторы комплексов из $URI[[http://libmeta.ru/fme/formula/aux/1409_36_KORRELJaTsIONNAJa]]/URI$ молекул:

\[
URI[[http://libmeta.ru/fme/formula/main/1409_10_KORRELJaTsIONNAJa]]/URI
\]

где операция $URI[[http://libmeta.ru/fme/formula/aux/1409_37_KORRELJaTsIONNAJa]]/URI$ взятия следа выполняется по переменным $URI[[http://libmeta.ru/fme/formula/aux/1409_38_KORRELJaTsIONNAJa]]/URI$ частиц. Функции $URI[[http://libmeta.ru/fme/formula/aux/1409_39_KORRELJaTsIONNAJa]]/URI$ симметричны или антисимметричны относительно перестановок $URI[[http://libmeta.ru/fme/formula/aux/1409_40_KORRELJaTsIONNAJa]]/URI$ или $URI[[http://libmeta.ru/fme/formula/aux/1409_41_KORRELJaTsIONNAJa]]/URI$ в зависимости от того, какой статистике подчиняются частицы (симметричны в случае Бозе - Эйнштейна статистики и антисимметричны в случае Ферми- Дирака статистики). Диагональные элементы квантовой К. ф. имеют смысл плотности распределения комплекса из $URI[[http://libmeta.ru/fme/formula/aux/1409_42_KORRELJaTsIONNAJa]]/URI$ частиц. Смысл недиагональных элементов становится ясен, если перейти к вигнера функции распределения, к-рая зависит от $URI[[http://libmeta.ru/fme/formula/aux/1409_43_KORRELJaTsIONNAJa]]/URI$ и импульсов $URI[[http://libmeta.ru/fme/formula/aux/1409_44_KORRELJaTsIONNAJa]]/URI$ всех частиц $URI[[http://libmeta.ru/fme/formula/aux/1409_45_KORRELJaTsIONNAJa]]/URI$ и является фурье-образом статистич. оператора

\[
URI[[http://libmeta.ru/fme/formula/main/1409_11_KORRELJaTsIONNAJa]]/URI
\]

по переменным $URI[[http://libmeta.ru/fme/formula/aux/1409_46_KORRELJaTsIONNAJa]]/URI$, что соответствует п р е о 6 р а з о в а н и ю В ей л я. В результате получаются квантовые $URI[[http://libmeta.ru/fme/formula/aux/1409_47_KORRELJaTsIONNAJa]]/URI$-частичные операторы

\[
URI[[http://libmeta.ru/fme/formula/main/1409_12_KORRELJaTsIONNAJa]]/URI
\]

к-рые являются квазивероятностями, то есть их интегрирование по импульсам дает распределение по координатам, а интегрирование по координатам - распределение по импульсам, однако они не имеют смысла обычных вероятностей, так как могут быть отрицательными.

Квантовые $URI[[http://libmeta.ru/fme/formula/aux/1409_48_KORRELJaTsIONNAJa]]/URI$-частичные К. Ф. можно выразить через волновые функции в представлении вторичного квантования $URI[[http://libmeta.ru/fme/formula/aux/1409_49_KORRELJaTsIONNAJa]]/URI$

$URI[[http://libmeta.ru/fme/formula/aux/1409_50_KORRELJaTsIONNAJa]]/URI$ где $URI[[http://libmeta.ru/fme/formula/aux/1409_51_KORRELJaTsIONNAJa]]/URI$ означает усреднение с полным статистич. оператором, а $URI[[http://libmeta.ru/fme/formula/aux/1409_52_KORRELJaTsIONNAJa]]/URI$ удовлетворяют перестановочным соотношениям статистики Ферми - Дирака или статистики Бозе - Эйнштейна. Через квантовые одно- и двухчастичные операторы можно вычислить средние значения давления и энергии. В отличие от классич. случая, для этого нужно знать не только диагональные элементы $URI[[http://libmeta.ru/fme/formula/aux/1409_53_KORRELJaTsIONNAJa]]/URI$, но и недиагональные элементы $URI[[http://libmeta.ru/fme/formula/aux/1409_54_KORRELJaTsIONNAJa]]/URI$, так как плотность кинетич. энергии определяется величиной

\[
URI[[http://libmeta.ru/fme/formula/main/1409_13_KORRELJaTsIONNAJa]]/URI
\]

В статистич. механике квантовых и классич. систем используют также пространственно-временные К. Ф., к-рые определяют как статистич. средние от произведения операторов (или динамич. переменных), взятых для различных моментов времени и точек пространства. Напр., в квантовом случае используют К. ф.

\[
URI[[http://libmeta.ru/fme/formula/main/1409_14_KORRELJaTsIONNAJa]]/URI
\]

и

\[
URI[[http://libmeta.ru/fme/formula/main/1409_15_KORRELJaTsIONNAJa]]/URI
\]

Пространственно-временные К. Ф. применяют в теории неравновесных процессов, так как через них выражается реакция системы на внешние возмущения и, следовательно, восприимчивости. При помощи пространственно-временных К. Ф. потоков энергии, импульса или числа частиц можно вычислить кинетич. коэффициенты. Пространственно-временные К. Ф. позволяют выразить когерентные и некогерентные составляющие дифференциального эффективного сечения рассеяния нейтронов в среде, что является важным методом экспериментального исследования К. Ф.

Лит.: [1] Физика простыХ жидкостей, пер. с англ., [ч. 2], М., 1973, гл. 2; [2] И с и ха р а А., Статистическая физика, пер. с англ., М., 1973; [3] Балеску Р., Равновесная и неравновесная статистическая механика, пер. с англ., т. 1, М., 1978, гл. 8; [4] Боголюбо в Н.Н., Избранные труды по статистической физике, М., 1979; [5] Л и фш иц Е. М., П и та е в ск и й Л. П., Физическая кинетика, М., 1979; [6] К л и м о н то в и ч Ю. Л., Статистическая физика, М.,

![](https://cdn.mathpix.com/cropped/2023_07_08_495a10e92697380e7b1eg-1.jpg?height=35&amp;width=813&amp;top_left_y=1790&amp;top_left_x=78)</text>
  <text_orig>функция, определяющая вероятность относительного расположения комплекса из $s$ любых молекул жидкости или газа; при $s=2$ К.ф. называется п а р н о й, или б и н а р н о й. Появление корреляций в расположении молекул среды связано с тем, что в ближайшем окружении любой из них вследствие взаимодействия возникает упорядочение в расположении окружающих ее молекул. При этом средняя плотность молекул окружения какой-либо выделенной молекулы отличается от средней плотности среды, приближаясь к ней с увеличением расстояния. Это происходит монотонно или с затухающими осцилляциями (появление ближнего порядка).

В классич. статистич. физике $s$-частичную К.ф. $F_{s}\left(q_{1}, \ldots, q_{s}\right)$ определяют так, что

\[
V^{-s} F_{s}\left(q_{1}, \ldots, q_{s}\right) d q_{1} \ldots d q_{s}
\]

есть вероятность того, что координаты 1-й, .., $s$-й молекул попадают в бесконечно малые элементы объемов $d q_{1}, \ldots, d q_{s}$, расположенные около точек $q_{1}, \ldots, q_{s}$, где $q_{i}=\left(x_{i}, y_{i}, z_{i}\right), V-$ объем. Следовательно, $s$-частичная К.ф. связана с $(s-1)$-частичной К. Ф. соотношением

\[
V^{-1} \int F_{s}\left(q_{1}, \ldots, q_{s}\right) d q_{s}=F_{s-1}\left(q_{1}, \ldots, q_{s-1}\right) .
\]

Равновесные К. ф. связаны с канонич. Гиббса распределением и могут быть получены из него интегрированием по координатам $N-s$ молекул:

\[
F_{S}\left(q_{1}, \ldots, q_{S}\right)=V^{s} \int_{V} \int D_{N}\left(q_{1}, \ldots, q_{N}\right) d q_{S+1} \ldots d q_{N},
\]

\section{6 КОРРЕЛЯЦИОННАЯ}

где

\[
\begin{gathered}
D_{N}\left(q_{1}, \ldots, q_{N}\right)=Q_{N}^{-1} \exp \left(-U_{N} / k T\right), \\
Q_{N}=\int \ldots . \int \exp \left(-U_{N} / k T\right) d q_{1} \ldots d q_{N},
\end{gathered}
\]

$U_{N}-$ потенциальная энергия взаимодействия молекул системы, $Q_{N}-$ конфигурационный интеграл, $T$ - температура. $N$ - полное число частиц. В случае парного взаимодействия молекул с потенциалом $\Phi(r)$, зависящим только от расстояния, энергия взаимодействия равна

\[
U_{N}=\sum_{1 \leqslant i \leqslant j \leqslant N} \Phi\left(\left|q_{i}-q_{j}\right|\right)
\]

тогда $F_{2}$ зависит только от расстояния между молекулами

\[
F_{2}\left(q_{1}, q_{2}\right)=F_{2}\left(\left|q_{1}-q_{2}\right|\right)
\]

(радиальная функция распределения).

Парная функция распределения особенно важна, так как позволяет получить состояния уравнение и среднюю энергию системы с ћ̈арным взаимодействием между частицами:

\[
\begin{gathered}
P V=N k T-\left(6 v^{2}\right)^{-1} \iint\left|q_{1}-q_{2}\right| \Phi\left(\left|q_{1}-q_{2}\right|\right) \times \\
\times F_{2}\left(q_{1}, q_{2}\right) d q_{1} d q_{2}, \\
E=3 N k T / 2-\left(2 v^{2}\right)^{-1} \iint \Phi\left(\left|q_{1}-q_{2}\right|\right) \times \\
\times F_{2}\left(q_{1}, q_{2}\right) d q_{1} d q_{2},
\end{gathered}
\]

где $v=V / N-$ удельный объем.

Зависимость радиальной функции распределения от расстояния можно определить экспериментально по угловой зависимости когерентного рассеяния рентгеновских лучей. Интенсивность $I(s)$ рентгеновских лучей с длиной волны $\lambda$, рассеянных под углом $\theta$ к первичному пучку интенсивности $I_{0}$, определяется выражением

\[
\frac{I(s)}{I_{0}}=1+\frac{4 \pi}{v} \int_{0}^{\infty}\left[F_{2}(r)-1\right] \frac{\sin (r s)}{s} r d r
\]

где $s=(4 \pi / \lambda) \sin (\theta / 2)$.

Обращая это соотношение, можно найти зависимость $F_{2}$ от расстояния $r$. При достаточно малых $r$ (порядка нескольких газокинетич. радиусов молекул) $F_{2}(r)$ может иметь ряд максимумов, соответствующих ближнему порядку, а затем она стремится к 1 .

Функции распределения $F_{1}, \ldots, F_{S}$ удовлетворяют цепочке уравнений (см. Боголюбова уравнения), к-рые можно решить с граничным условием ослабления корреляции молекул при увеличении расстояния между ними:

\[
F_{s}\left(q_{1}, \ldots, q_{s}\right)-\prod_{1 \leqslant i \leqslant s} F_{i}\left(q_{i}\right) \rightarrow 0
\]

при $\left|q_{i}-q_{j}\right| \rightarrow \infty$. Для пространственно однородных систем $F_{1}(q)=0$. При решении цепочки уравнений для $F_{S}$ в виде разложения по степеням плотности $v^{-1}$ получим вириальные разложения для уравнения состояния и К.ф., а в случае кулоновского взаимодействия между частицами при решении цепочки уравнений в виде разложения по степеням плазменного параметра $v / r_{d}^{3}$, где $r_{d}$ - дебаевский радиус экранирования, получим результаты теории электролитов Дебая - Хюккеля.

В квантовой статистич. механике К. ф. определяют при помощи статистич. оператора (плотности матрицы) всей системы $\rho\left(q_{1}, \ldots, q_{N} ; q_{1}^{\prime}, \ldots, q_{N}^{\prime}\right)$ как статистич. операторы комплексов из $s$ молекул:

\[
F_{s}\left(q_{1}, \ldots, q_{s} ; q_{1}^{\prime}, \ldots, q_{s}^{\prime}\right)=V^{s} \operatorname{Sp} \rho\left(q_{1}, \ldots, q_{N} ; q_{1}^{\prime}, \ldots, q_{N}^{\prime}\right),
\]

где операция $\mathrm{Sp}$ взятия следа выполняется по переменным $s+1, \ldots, N$ частиц. Функции $F_{s}\left(q_{1}, \ldots, q_{s} ; q_{1}^{\prime}, \ldots, q_{s}^{\prime}\right)$ симметричны или антисимметричны относительно перестановок $q$ или $q^{\prime}$ в зависимости от того, какой статистике подчиняются частицы (симметричны в случае Бозе - Эйнштейна статистики и антисимметричны в случае Ферми- Дирака статистики). Диагональные элементы квантовой К. ф. имеют смысл плотности распределения комплекса из $s$ частиц. Смысл недиагональных элементов становится ясен, если перейти к вигнера функции распределения, к-рая зависит от $q$ и импульсов $p$ всех частиц $\rho(q, p)$ и является фурье-образом статистич. оператора

\[
\rho(q-\xi / 2, q+\xi / 2)
\]

по переменным $\xi$, что соответствует п р е о 6 р а з о в а н и ю В ей л я. В результате получаются квантовые $s$-частичные операторы

\[
F_{s}\left(q_{1}, \ldots, q_{s} ; p_{1}, \ldots, p_{s}\right),
\]

к-рые являются квазивероятностями, то есть их интегрирование по импульсам дает распределение по координатам, а интегрирование по координатам - распределение по импульсам, однако они не имеют смысла обычных вероятностей, так как могут быть отрицательными.

Квантовые $s$-частичные К. Ф. можно выразить через волновые функции в представлении вторичного квантования $\psi(q), \psi^{+}\left(q^{\prime}\right)$

$F_{s}\left(q_{1}, \ldots, q_{s} ; q_{1}^{\prime}, \ldots, q_{s}^{\prime}\right)=v^{s}\left\langle\psi^{+}\left(q_{1}\right) \ldots \psi^{+}\left(q_{s}\right) \psi\left(q_{1}^{\prime}\right) \ldots \psi\left(q_{s}^{\prime}\right)\right\rangle$ где $\langle\ldots\rangle$ означает усреднение с полным статистич. оператором, а $\psi(q), \psi^{+}\left(q^{\prime}\right)$ удовлетворяют перестановочным соотношениям статистики Ферми - Дирака или статистики Бозе - Эйнштейна. Через квантовые одно- и двухчастичные операторы можно вычислить средние значения давления и энергии. В отличие от классич. случая, для этого нужно знать не только диагональные элементы $F_{2}$, но и недиагональные элементы $F_{1}\left(q, q^{\prime}\right)$, так как плотность кинетич. энергии определяется величиной

\[
\left.\left(\hbar^{2} / 2 m\right) \nabla_{q}^{2} F_{1}\left(q, q^{\prime}\right)\right|_{q=q^{\prime}}
\]

В статистич. механике квантовых и классич. систем используют также пространственно-временные К. Ф., к-рые определяют как статистич. средние от произведения операторов (или динамич. переменных), взятых для различных моментов времени и точек пространства. Напр., в квантовом случае используют К. ф.

\[
\left\langle\psi^{+}(x, t) \psi\left(x^{\prime}, t^{\prime}\right)\right\rangle
\]

и

\[
\left\langle\psi^{+}\left(x_{1}, t_{1}\right) \psi\left(x_{1}, t_{1}\right) \psi^{+}\left(x_{2}, t_{2}\right) \psi\left(x_{2}, t_{2}\right)\right\rangle .
\]

Пространственно-временные К. Ф. применяют в теории неравновесных процессов, так как через них выражается реакция системы на внешние возмущения и, следовательно, восприимчивости. При помощи пространственно-временных К. Ф. потоков энергии, импульса или числа частиц можно вычислить кинетич. коэффициенты. Пространственно-временные К. Ф. позволяют выразить когерентные и некогерентные составляющие дифференциального эффективного сечения рассеяния нейтронов в среде, что является важным методом экспериментального исследования К. Ф.

Лит.: [1] Физика простыХ жидкостей, пер. с англ., [ч. 2], М., 1973, гл. 2; [2] И с и ха р а А., Статистическая физика, пер. с англ., М., 1973; [3] Балеску Р., Равновесная и неравновесная статистическая механика, пер. с англ., т. 1, М., 1978, гл. 8; [4] Боголюбо в Н.Н., Избранные труды по статистической физике, М., 1979; [5] Л и фш иц Е. М., П и та е в ск и й Л. П., Физическая кинетика, М., 1979; [6] К л и м о н то в и ч Ю. Л., Статистическая физика, М.,

![](https://cdn.mathpix.com/cropped/2023_07_08_495a10e92697380e7b1eg-1.jpg?height=35&amp;width=813&amp;top_left_y=1790&amp;top_left_x=78)</text_orig>
</article>
