<?xml version="1.0" ?>
<article uri="http://libmeta.ru/fme/article/140_BAROKLINNOST'" alphabetic_pos="140">
  <title>БАРОКЛИННОСТЬ СРЕДЫ</title>
  <authors/>
  <pages>
    <start>38</start>
    <end>38</end>
  </pages>
  <literature>
    <literature_orig/>
  </literature>
  <formulas_main/>
  <formulas_aux/>
  <relations n="4">
    <relation uri="http://libmeta.ru/fme/relation/140_1_BAROKLINNOST'">
      <rel_text>Геофизическая турбулентность</rel_text>
      <target>http://libmeta.ru/fme/article/590_GEOFIZIChESKAJa</target>
    </relation>
    <relation uri="http://libmeta.ru/fme/relation/140_2_BAROKLINNOST'">
      <rel_text>параметров</rel_text>
      <target>http://libmeta.ru/fme/article/2166_PARAMETRIK</target>
    </relation>
    <relation uri="http://libmeta.ru/fme/relation/140_3_BAROKLINNOST'">
      <rel_text>давления</rel_text>
      <target>http://libmeta.ru/fme/article/750_DAVLENI</target>
    </relation>
    <relation uri="http://libmeta.ru/fme/relation/140_4_BAROKLINNOST'">
      <rel_text>плотности</rel_text>
      <target>http://libmeta.ru/fme/article/2253_PLOTNOST</target>
    </relation>
  </relations>
  <text>зависимость URI[[http://libmeta.ru/fme/relation/140_4_BAROKLINNOST']]/URI среды не только от URI[[http://libmeta.ru/fme/relation/140_3_BAROKLINNOST']]/URI, но и от других геофизических URI[[http://libmeta.ru/fme/relation/140_2_BAROKLINNOST']]/URI. См. URI[[http://libmeta.ru/fme/relation/140_1_BAROKLINNOST']]/URI.</text>
  <text_orig>зависимость плотности среды не только от давления, но и от других геофизических параметров. См. Геофизическая турбулентность.</text_orig>
</article>
