<?xml version="1.0" ?>
<article uri="http://libmeta.ru/fme/article/140_BAROKLINNOST'">
  <title>БАРОКЛИННОСТЬ СРЕДЫ</title>
  <authors/>
  <title_short/>
  <pages>
    <start>38</start>
    <end>38</end>
  </pages>
  <literature>
    <literature_orig/>
  </literature>
  <formulas_main/>
  <formulas_aux/>
  <relations>
    <relation uri="http://libmeta.ru/fme/relation/140_192_BAROKLINNOST'">
      <rel_text>Геофизическая турбулентность</rel_text>
      <target>http://libmeta.ru/fme/article/590_GEOFIZIChESKAJa</target>
    </relation>
  </relations>
  <text>зависимость плотности среды не только от давления, но и от других геофизических параметров. См. URI[[http://libmeta.ru/fme/relation/140_192_BAROKLINNOST']]/URI.</text>
  <text_orig>зависимость плотности среды не только от давления, но и от других геофизических параметров. См. Геофизическая турбулентность.</text_orig>
</article>
