<?xml version="1.0" ?>
<article uri="http://libmeta.ru/fme/article/1410_KORRELJaTsIONNAJa" alphabetic_pos="1412">
  <title>КОРРЕЛЯЦИОННАЯ ФУНКЦИЯ; АЛГЕБРАИЧЕСКИЙ МЕТОД</title>
  <authors/>
  <title_short/>
  <pages>
    <start>295</start>
    <end>296</end>
  </pages>
  <literature>
    <literature_orig>Лит.: [1] Р юэль ь., Статистическая механика. Строгие результаты, пер. с англ., М., 1971.</literature_orig>
    <unit>
      <title>Р юэль ь., Статистическая механика. Строгие результаты</title>
      <publication>пер. с англ., М.</publication>
      <year>1971</year>
      <other/>
    </unit>
  </literature>
  <formulas_main>
    <formula uri="http://libmeta.ru/fme/formula/main/1410_1_KORRELJaTsIONNAJa">\rho_{\Lambda}\left(X_{m}\right)=\Xi_{\Lambda}^{-1} \sum_{n \geqslant 0} \frac{z^{n+m}}{n !} \int_{\Lambda^{n}} e^{-\beta U\left(X_{m}, X_{n}^{\prime}\right)} d X_{n}^{\prime},</formula>
    <formula uri="http://libmeta.ru/fme/formula/main/1410_2_KORRELJaTsIONNAJa">\rho_{\Lambda}\left(X_{m}\right)=\sum_{n \geqslant 0} \frac{z^{n+m}}{n !} \int_{\Lambda^{n}} \varphi_{X_{m}}\left(X_{n}^{\prime}\right) d X_{n}^{\prime}</formula>
    <formula uri="http://libmeta.ru/fme/formula/main/1410_3_KORRELJaTsIONNAJa">\begin{gathered}\varphi_{X_{m}}\left(X_{n}^{\prime}\right)=\left(\psi^{-1} * D_{X_{m}} \psi\right)\left(X_{n}^{\prime}\right), \\\psi\left(X_{n}\right)=e^{-\beta U\left(X_{n}\right)},\end{gathered}</formula>
    <formula uri="http://libmeta.ru/fme/formula/main/1410_4_KORRELJaTsIONNAJa">\begin{gathered}\left(\tilde{\psi}_{1} * \tilde{\psi}_{2}\right)\left(X_{n}\right)=\sum_{\{s\} \in(1, \ldots, n)} \tilde{\psi}_{1}\left(X_{\{s\}}\right) \tilde{\psi}_{2}\left(X_{\{n \backslash s\}}\right), \\X_{\{s\}}=\left(x_{s_{1}}, \ldots, x_{s_{k}}\right), \quad\{s\}=\left(s_{1}, \ldots, s_{k}\right), \\\{n \backslash s\}=(1, \ldots, n) \backslash\{s\}, \quad\left(D_{X_{m}} \tilde{\psi}\right)\left(X_{n}^{\prime}\right)=\tilde{\psi}\left(X_{m}, X_{n}^{\prime}\right),\end{gathered}</formula>
    <formula uri="http://libmeta.ru/fme/formula/main/1410_5_KORRELJaTsIONNAJa">\begin{gathered}\Psi^{-1}=\sum_{n \geqslant 0}(-1)^{n}(\psi-1) \underbrace{\ldots * *}_{n}(\psi-\mathbb{1}), \\(\mathbb{1})\left(X_{n}\right)=0, \quad \mathbb{1}_{0}=1 .\end{gathered}</formula>
    <formula uri="http://libmeta.ru/fme/formula/main/1410_6_KORRELJaTsIONNAJa">\langle\tilde{\psi}\rangle(z, \chi)=\sum_{n \geqslant 0} \frac{z^{n}}{n !} \int_{\mathbb{R}^{d n}} \tilde{\psi}\left(X_{n}\right) \prod_{j=1}^{n} \chi\left(x_{j}\right) d X_{n} .</formula>
    <formula uri="http://libmeta.ru/fme/formula/main/1410_7_KORRELJaTsIONNAJa">\begin{gathered}\left\langle\tilde{\Psi}_{1} * \tilde{\psi}_{2}\right\rangle(z, \chi)=\left\langle\tilde{\psi}_{1}\right\rangle(z, \chi)\left\langle\tilde{\psi}_{2}\right\rangle(z, \chi), \\\rho_{\Lambda}\left(X_{m}\right)=\Xi_{\Lambda}^{-1}\left\langle\psi * \psi^{-1} * D_{X_{m}} \psi\right\rangle\left(z, \chi_{\Lambda}\right), \\\chi_{\Lambda}(x)=0, x \notin \Lambda ; \chi_{\Lambda}(x)=1, x \in \Lambda .\end{gathered}</formula>
    <formula uri="http://libmeta.ru/fme/formula/main/1410_8_KORRELJaTsIONNAJa">\rho\left(X_{m}\right)=\sum_{n \geqslant 0} \frac{z^{n+m}}{n !} \int_{\mathbb{R}^{d n}} \varphi_{X_{m}}\left(Y_{n}\right) d Y_{n} .</formula>
    <formula uri="http://libmeta.ru/fme/formula/main/1410_9_KORRELJaTsIONNAJa">\varphi_{X_{m}}\left(Y_{n}\right)=\exp \left\{-\beta \sum_{i=1, i \neq j}^{m} \Phi\left(x_{j}-x_{i}\right)\right\}\left\{\varphi_{X_{m(j)}}\left(Y_{n}\right)+\right.</formula>
    <formula uri="http://libmeta.ru/fme/formula/main/1410_10_KORRELJaTsIONNAJa">\varphi\left(X_{n}\right)=\varphi_{x_{1}}\left(X_{n(1)}\right), m(j)=(1, \ldots, m) \backslash j .</formula>
    <formula uri="http://libmeta.ru/fme/formula/main/1410_11_KORRELJaTsIONNAJa">\begin{gathered}\sup _{X_{m} \in \mathbb{R}^{d m}} \int_{\mathbb{R}^{d m}}\left|\varphi_{X_{m}}\left(Y_{n}\right)\right| d Y_{n} \leqslant \\\leqslant n ! \xi^{m-1}\left\{e^{2 \beta B \xi^{-1}} \exp [C(\beta) \xi]\right\}^{m+n-1} \\C(\beta)=\int_{\mathbb{R}^{d}}\left|e^{-\beta \Phi(x)}-1\right| d x\end{gathered}</formula>
    <formula uri="http://libmeta.ru/fme/formula/main/1410_12_KORRELJaTsIONNAJa">\sum_{1 \leqslant i&lt;j \leqslant n} \Phi\left(x_{i}-x_{j}\right) \geqslant-B n .</formula>
    <formula uri="http://libmeta.ru/fme/formula/main/1410_13_KORRELJaTsIONNAJa">\rho^{T}\left(X_{m}\right)=\sum_{n \geqslant 0} \frac{z^{n+m}}{n !} \int_{\mathbb{R}^{d n}} \varphi\left(X_{m}, Y_{n}\right) d Y_{n}</formula>
  </formulas_main>
  <formulas_aux>
    <formula uri="http://libmeta.ru/fme/formula/aux/1410_1_KORRELJaTsIONNAJa">z</formula>
    <formula uri="http://libmeta.ru/fme/formula/aux/1410_2_KORRELJaTsIONNAJa">\rho_{\lambda}\left(x_{n}\right), X_{n}=\left(x_{1}, \ldots, x_{n}\right) \in \mathbb{R}^{d n},-</formula>
    <formula uri="http://libmeta.ru/fme/formula/aux/1410_3_KORRELJaTsIONNAJa">\lambda \in \mathbb{R}^{d}</formula>
    <formula uri="http://libmeta.ru/fme/formula/aux/1410_4_KORRELJaTsIONNAJa">\beta</formula>
    <formula uri="http://libmeta.ru/fme/formula/aux/1410_5_KORRELJaTsIONNAJa">u\left(x_{n}\right)</formula>
    <formula uri="http://libmeta.ru/fme/formula/aux/1410_6_KORRELJaTsIONNAJa">n</formula>
    <formula uri="http://libmeta.ru/fme/formula/aux/1410_7_KORRELJaTsIONNAJa">\xi_{\lambda}</formula>
    <formula uri="http://libmeta.ru/fme/formula/aux/1410_8_KORRELJaTsIONNAJa">\left\{\tilde{\psi}\left(x_{n}\right)\right\}_{n \geqslant 0}</formula>
    <formula uri="http://libmeta.ru/fme/formula/aux/1410_9_KORRELJaTsIONNAJa">\psi_{0}=\psi(\varnothing)=1</formula>
    <formula uri="http://libmeta.ru/fme/formula/aux/1410_10_KORRELJaTsIONNAJa">\psi^{-1}</formula>
    <formula uri="http://libmeta.ru/fme/formula/aux/1410_11_KORRELJaTsIONNAJa">\psi</formula>
    <formula uri="http://libmeta.ru/fme/formula/aux/1410_12_KORRELJaTsIONNAJa">\left(\chi \in \dot{L}^{1}\left(\mathbb{R}^{d}\right)\right)</formula>
    <formula uri="http://libmeta.ru/fme/formula/aux/1410_13_KORRELJaTsIONNAJa">\rho\left(x_{m}\right), X_{m}=\left(x_{1}, \ldots, x_{m}\right) \in \mathbb{R}^{d n}</formula>
    <formula uri="http://libmeta.ru/fme/formula/aux/1410_14_KORRELJaTsIONNAJa">d</formula>
    <formula uri="http://libmeta.ru/fme/formula/aux/1410_15_KORRELJaTsIONNAJa">\varphi_{x_{m}}\left(y_{n}\right)</formula>
    <formula uri="http://libmeta.ru/fme/formula/aux/1410_16_KORRELJaTsIONNAJa">\varphi\left(x_{n}\right)</formula>
    <formula uri="http://libmeta.ru/fme/formula/aux/1410_17_KORRELJaTsIONNAJa">\phi</formula>
  </formulas_aux>
  <relations>
    <relation uri="http://libmeta.ru/fme/relation/1410_1_KORRELJaTsIONNAJa">
      <rel_text>кластерное свойство</rel_text>
      <target>http://libmeta.ru/fme/article/1256_KLASTERNOE</target>
    </relation>
    <relation uri="http://libmeta.ru/fme/relation/1410_2_KORRELJaTsIONNAJa">
      <rel_text>потенциал взаимодействия</rel_text>
      <target>http://libmeta.ru/fme/article/387_VZAIMODEJSTVIJa</target>
    </relation>
  </relations>
  <text>метод построения ряда для корреляционных фун-

![](https://cdn.mathpix.com/cropped/2023_07_08_5234dc45f31147a592e5g-1.jpg?height=38&amp;width=815&amp;top_left_y=2175&amp;top_left_x=75)
степеням активности $URI[[http://libmeta.ru/fme/formula/aux/1410_1_KORRELJaTsIONNAJa]]/URI$ и доказательства сходимости этого ряда. Пусть $URI[[http://libmeta.ru/fme/formula/aux/1410_2_KORRELJaTsIONNAJa]]/URI$ корреляционные функции большого канонич. ансамбля системы частиц, заключенной в компактной области $URI[[http://libmeta.ru/fme/formula/aux/1410_3_KORRELJaTsIONNAJa]]/URI$, со свободными граничными условиями

\[
URI[[http://libmeta.ru/fme/formula/main/1410_1_KORRELJaTsIONNAJa]]/URI
\]

где $URI[[http://libmeta.ru/fme/formula/aux/1410_4_KORRELJaTsIONNAJa]]/URI$ - обратная температура, $URI[[http://libmeta.ru/fme/formula/aux/1410_5_KORRELJaTsIONNAJa]]/URI$ - потенциальная энергия системы $URI[[http://libmeta.ru/fme/formula/aux/1410_6_KORRELJaTsIONNAJa]]/URI$ частиц, $URI[[http://libmeta.ru/fme/formula/aux/1410_7_KORRELJaTsIONNAJa]]/URI$ - большая статистич. сумма.

При помощи алгебраич. метода устанавливается равенство

\[
URI[[http://libmeta.ru/fme/formula/main/1410_2_KORRELJaTsIONNAJa]]/URI
\]

где

\[
URI[[http://libmeta.ru/fme/formula/main/1410_3_KORRELJaTsIONNAJa]]/URI
\]

* есть операция умножения, заданная на пространстве последовательностей симметрич. функций $URI[[http://libmeta.ru/fme/formula/aux/1410_8_KORRELJaTsIONNAJa]]/URI$ с условием $URI[[http://libmeta.ru/fme/formula/aux/1410_9_KORRELJaTsIONNAJa]]/URI$ :

\[
URI[[http://libmeta.ru/fme/formula/main/1410_4_KORRELJaTsIONNAJa]]/URI
\]

$URI[[http://libmeta.ru/fme/formula/aux/1410_10_KORRELJaTsIONNAJa]]/URI$ - обратный к $URI[[http://libmeta.ru/fme/formula/aux/1410_11_KORRELJaTsIONNAJa]]/URI$ элемент в алгебре, порождаемой умножением *:

\[
URI[[http://libmeta.ru/fme/formula/main/1410_5_KORRELJaTsIONNAJa]]/URI
\]

Обозначим

\[
URI[[http://libmeta.ru/fme/formula/main/1410_6_KORRELJaTsIONNAJa]]/URI
\]

Тогда новое представление для К.ф. следует из равенств $URI[[http://libmeta.ru/fme/formula/aux/1410_12_KORRELJaTsIONNAJa]]/URI$

\[
URI[[http://libmeta.ru/fme/formula/main/1410_7_KORRELJaTsIONNAJa]]/URI
\]

В термодинамич. пределе К. Ф. $URI[[http://libmeta.ru/fme/formula/aux/1410_13_KORRELJaTsIONNAJa]]/URI$ большого канонич. ансамбля классич. непрерывной $URI[[http://libmeta.ru/fme/formula/aux/1410_14_KORRELJaTsIONNAJa]]/URI$-мерной системы с парным потенциалом Ф представляются в виде

\[
URI[[http://libmeta.ru/fme/formula/main/1410_8_KORRELJaTsIONNAJa]]/URI
\]

Установлено, что функции $URI[[http://libmeta.ru/fme/formula/aux/1410_15_KORRELJaTsIONNAJa]]/URI$ удовлетворяют Кирквуда - Зальцбурга уравнению в неинтегральной форме:

\[
URI[[http://libmeta.ru/fme/formula/main/1410_9_KORRELJaTsIONNAJa]]/URI
\]

![](https://cdn.mathpix.com/cropped/2023_07_08_5234dc45f31147a592e5g-1.jpg?height=74&amp;width=805&amp;top_left_y=1747&amp;top_left_x=932)

Урселла функции $URI[[http://libmeta.ru/fme/formula/aux/1410_16_KORRELJaTsIONNAJa]]/URI$ равны

\[
URI[[http://libmeta.ru/fme/formula/main/1410_10_KORRELJaTsIONNAJa]]/URI
\]

С помощью вышеуказанного уравнения по индукшии получается следующая оценка:

\[
URI[[http://libmeta.ru/fme/formula/main/1410_11_KORRELJaTsIONNAJa]]/URI
\] при условии, что URI[[http://libmeta.ru/fme/relation/1410_2_KORRELJaTsIONNAJa]]/URI $URI[[http://libmeta.ru/fme/formula/aux/1410_17_KORRELJaTsIONNAJa]]/URI$ удовлетворяет условию устойчивости

\[
URI[[http://libmeta.ru/fme/formula/main/1410_12_KORRELJaTsIONNAJa]]/URI
\]

Из этой оценки следует, что усеченные К.ф.

\[
URI[[http://libmeta.ru/fme/formula/main/1410_13_KORRELJaTsIONNAJa]]/URI
\]

интегрируемы по разностным переменным, то есть имеет место URI[[http://libmeta.ru/fme/relation/1410_1_KORRELJaTsIONNAJa]]/URI.</text>
  <text_orig>метод построения ряда для корреляционных фун-

![](https://cdn.mathpix.com/cropped/2023_07_08_5234dc45f31147a592e5g-1.jpg?height=38&amp;width=815&amp;top_left_y=2175&amp;top_left_x=75)
степеням активности $z$ и доказательства сходимости этого ряда. Пусть $\rho_{\Lambda}\left(X_{n}\right), X_{n}=\left(x_{1}, \ldots, x_{n}\right) \in \mathbb{R}^{d n},-$ корреляционные функции большого канонич. ансамбля системы частиц, заключенной в компактной области $\Lambda \in \mathbb{R}^{d}$, со свободными граничными условиями

\[
\rho_{\Lambda}\left(X_{m}\right)=\Xi_{\Lambda}^{-1} \sum_{n \geqslant 0} \frac{z^{n+m}}{n !} \int_{\Lambda^{n}} e^{-\beta U\left(X_{m}, X_{n}^{\prime}\right)} d X_{n}^{\prime},
\]

где $\beta$ - обратная температура, $U\left(X_{n}\right)$ - потенциальная энергия системы $n$ частиц, $\Xi_{\Lambda}$ - большая статистич. сумма.

При помощи алгебраич. метода устанавливается равенство

\[
\rho_{\Lambda}\left(X_{m}\right)=\sum_{n \geqslant 0} \frac{z^{n+m}}{n !} \int_{\Lambda^{n}} \varphi_{X_{m}}\left(X_{n}^{\prime}\right) d X_{n}^{\prime}
\]

где

\[
\begin{gathered}
\varphi_{X_{m}}\left(X_{n}^{\prime}\right)=\left(\psi^{-1} * D_{X_{m}} \psi\right)\left(X_{n}^{\prime}\right), \\
\psi\left(X_{n}\right)=e^{-\beta U\left(X_{n}\right)},
\end{gathered}
\]

* есть операция умножения, заданная на пространстве последовательностей симметрич. функций $\left\{\tilde{\psi}\left(X_{n}\right)\right\}_{n \geqslant 0}$ с условием $\psi_{0}=\psi(\varnothing)=1$ :

\[
\begin{gathered}
\left(\tilde{\psi}_{1} * \tilde{\psi}_{2}\right)\left(X_{n}\right)=\sum_{\{s\} \in(1, \ldots, n)} \tilde{\psi}_{1}\left(X_{\{s\}}\right) \tilde{\psi}_{2}\left(X_{\{n \backslash s\}}\right), \\
X_{\{s\}}=\left(x_{s_{1}}, \ldots, x_{s_{k}}\right), \quad\{s\}=\left(s_{1}, \ldots, s_{k}\right), \\
\{n \backslash s\}=(1, \ldots, n) \backslash\{s\}, \quad\left(D_{X_{m}} \tilde{\psi}\right)\left(X_{n}^{\prime}\right)=\tilde{\psi}\left(X_{m}, X_{n}^{\prime}\right),
\end{gathered}
\]

$\psi^{-1}$ - обратный к $\psi$ элемент в алгебре, порождаемой умножением *:

\[
\begin{gathered}
\Psi^{-1}=\sum_{n \geqslant 0}(-1)^{n}(\psi-1) \underbrace{\ldots * *}_{n}(\psi-\mathbb{1}), \\
(\mathbb{1})\left(X_{n}\right)=0, \quad \mathbb{1}_{0}=1 .
\end{gathered}
\]

Обозначим

\[
\langle\tilde{\psi}\rangle(z, \chi)=\sum_{n \geqslant 0} \frac{z^{n}}{n !} \int_{\mathbb{R}^{d n}} \tilde{\psi}\left(X_{n}\right) \prod_{j=1}^{n} \chi\left(x_{j}\right) d X_{n} .
\]

Тогда новое представление для К.ф. следует из равенств $\left(\chi \in \dot{L}^{1}\left(\mathbb{R}^{d}\right)\right)$

\[
\begin{gathered}
\left\langle\tilde{\Psi}_{1} * \tilde{\psi}_{2}\right\rangle(z, \chi)=\left\langle\tilde{\psi}_{1}\right\rangle(z, \chi)\left\langle\tilde{\psi}_{2}\right\rangle(z, \chi), \\
\rho_{\Lambda}\left(X_{m}\right)=\Xi_{\Lambda}^{-1}\left\langle\psi * \psi^{-1} * D_{X_{m}} \psi\right\rangle\left(z, \chi_{\Lambda}\right), \\
\chi_{\Lambda}(x)=0, x \notin \Lambda ; \chi_{\Lambda}(x)=1, x \in \Lambda .
\end{gathered}
\]

В термодинамич. пределе К. Ф. $\rho\left(X_{m}\right), X_{m}=\left(x_{1}, \ldots, x_{m}\right) \in \mathbb{R}^{d n}$ большого канонич. ансамбля классич. непрерывной $d$-мерной системы с парным потенциалом Ф представляются в виде

\[
\rho\left(X_{m}\right)=\sum_{n \geqslant 0} \frac{z^{n+m}}{n !} \int_{\mathbb{R}^{d n}} \varphi_{X_{m}}\left(Y_{n}\right) d Y_{n} .
\]

Установлено, что функции $\varphi_{X_{m}}\left(Y_{n}\right)$ удовлетворяют Кирквуда - Зальцбурга уравнению в неинтегральной форме:

\[
\varphi_{X_{m}}\left(Y_{n}\right)=\exp \left\{-\beta \sum_{i=1, i \neq j}^{m} \Phi\left(x_{j}-x_{i}\right)\right\}\left\{\varphi_{X_{m(j)}}\left(Y_{n}\right)+\right.
\]

![](https://cdn.mathpix.com/cropped/2023_07_08_5234dc45f31147a592e5g-1.jpg?height=74&amp;width=805&amp;top_left_y=1747&amp;top_left_x=932)

Урселла функции $\varphi\left(X_{n}\right)$ равны

\[
\varphi\left(X_{n}\right)=\varphi_{x_{1}}\left(X_{n(1)}\right), m(j)=(1, \ldots, m) \backslash j .
\]

С помощью вышеуказанного уравнения по индукшии получается следующая оценка:

\[
\begin{gathered}
\sup _{X_{m} \in \mathbb{R}^{d m}} \int_{\mathbb{R}^{d m}}\left|\varphi_{X_{m}}\left(Y_{n}\right)\right| d Y_{n} \leqslant \\
\leqslant n ! \xi^{m-1}\left\{e^{2 \beta B \xi^{-1}} \exp [C(\beta) \xi]\right\}^{m+n-1} \\
C(\beta)=\int_{\mathbb{R}^{d}}\left|e^{-\beta \Phi(x)}-1\right| d x
\end{gathered}
\] при условии, что потенциал взаимодействия $\Phi$ удовлетворяет условию устойчивости

\[
\sum_{1 \leqslant i&lt;j \leqslant n} \Phi\left(x_{i}-x_{j}\right) \geqslant-B n .
\]

Из этой оценки следует, что усеченные К.ф.

\[
\rho^{T}\left(X_{m}\right)=\sum_{n \geqslant 0} \frac{z^{n+m}}{n !} \int_{\mathbb{R}^{d n}} \varphi\left(X_{m}, Y_{n}\right) d Y_{n}
\]

интегрируемы по разностным переменным, то есть имеет место кластерное свойство.

Лит.: [1] Р юэль ь., Статистическая механика. Строгие результаты, пер. с англ., М., 1971.</text_orig>
</article>
