<?xml version="1.0" ?>
<article uri="http://libmeta.ru/fme/article/1415_KOSINUS-PREOBRAZOVANI">
  <title>КОСИНУС-ПРЕОБРАЗОВАНИЕ</title>
  <authors/>
  <title_short/>
  <pages>
    <start>298</start>
    <end>298</end>
  </pages>
  <literature>
    <literature_orig/>
  </literature>
  <formulas_main/>
  <formulas_aux/>
  <relations/>
  <text> - см. Фурье преобразование.</text>
  <text_orig> - см. Фурье преобразование.
</text_orig>
</article>
