<?xml version="1.0" ?>
<article uri="http://libmeta.ru/fme/article/1417_KOSINUS-PREOBRAZOVANI">
  <title>КОСИНУС-ПРЕОБРАЗОВАНИЕ</title>
  <authors/>
  <title_short/>
  <pages>
    <start>298</start>
    <end>298</end>
  </pages>
  <literature>
    <literature_orig/>
  </literature>
  <formulas_main/>
  <formulas_aux/>
  <relations>
    <relation uri="http://libmeta.ru/fme/relation/1417_194_KOSINUS-PREOBRAZOVANI">
      <rel_text>Фурье преобразование</rel_text>
      <target>http://libmeta.ru/fme/article/3326_FUR'E</target>
    </relation>
  </relations>
  <text>см. URI[[http://libmeta.ru/fme/relation/1417_194_KOSINUS-PREOBRAZOVANI]]/URI.</text>
  <text_orig>см. Фурье преобразование.</text_orig>
</article>
