<?xml version="1.0" ?>
<article uri="http://libmeta.ru/fme/article/1418_KOSMOFIZIChESKAJa">
  <title>КОСМОФИЗИЧЕСКАЯ ТУРБУЛЕНТНОСТЬ</title>
  <authors/>
  <title_short/>
  <pages>
    <start>300</start>
    <end>300</end>
  </pages>
  <literature>
    <literature_orig/>
  </literature>
  <formulas_main/>
  <formulas_aux/>
  <relations/>
  <text> - см. Геофизическая турбулентность.</text>
  <text_orig> - см. Геофизическая турбулентность.
</text_orig>
</article>
