<?xml version="1.0" ?>
<article uri="http://libmeta.ru/fme/article/1419_KOSMOLOGIChESKAJa">
  <title>КОСМОЛОГИЧЕСКАЯ ПОСТОЯННАЯ</title>
  <authors>
    <author>И. Д. Новиков</author>
  </authors>
  <title_short/>
  <pages>
    <start>298</start>
    <end>299</end>
  </pages>
  <literature>
    <literature_orig/>
  </literature>
  <formulas_main>
    <formula uri="http://libmeta.ru/fme/formula/main/1419_1_KOSMOLOGIChESKAJa">R_{\mu v}-\frac{1}{2} R g_{\mu v}=\frac{8 \pi G}{c^{4}} T_{\mu v}-\Lambda g_{\mu v},</formula>
    <formula uri="http://libmeta.ru/fme/formula/main/1419_2_KOSMOLOGIChESKAJa">\varepsilon_{\Lambda}=-p_{\Lambda}=c^{4} \Lambda / 8 \pi G</formula>
  </formulas_main>
  <formulas_aux>
    <formula uri="http://libmeta.ru/fme/formula/aux/1419_1_KOSMOLOGIChESKAJa">\Lambda</formula>
    <formula uri="http://libmeta.ru/fme/formula/aux/1419_2_KOSMOLOGIChESKAJa">g_{\mu \nu}</formula>
    <formula uri="http://libmeta.ru/fme/formula/aux/1419_3_KOSMOLOGIChESKAJa">R_{\mu \nu}-</formula>
    <formula uri="http://libmeta.ru/fme/formula/aux/1419_4_KOSMOLOGIChESKAJa">T_{\mu \nu}</formula>
    <formula uri="http://libmeta.ru/fme/formula/aux/1419_5_KOSMOLOGIChESKAJa">G</formula>
    <formula uri="http://libmeta.ru/fme/formula/aux/1419_6_KOSMOLOGIChESKAJa">c</formula>
    <formula uri="http://libmeta.ru/fme/formula/aux/1419_7_KOSMOLOGIChESKAJa">\Lambda&lt;0</formula>
    <formula uri="http://libmeta.ru/fme/formula/aux/1419_8_KOSMOLOGIChESKAJa">\Lambda&gt;0</formula>
    <formula uri="http://libmeta.ru/fme/formula/aux/1419_9_KOSMOLOGIChESKAJa">\left.T_{\mu \nu}\right)</formula>
    <formula uri="http://libmeta.ru/fme/formula/aux/1419_10_KOSMOLOGIChESKAJa">(\Lambda&gt;0)</formula>
    <formula uri="http://libmeta.ru/fme/formula/aux/1419_11_KOSMOLOGIChESKAJa">\Lambda \neq 0</formula>
    <formula uri="http://libmeta.ru/fme/formula/aux/1419_12_KOSMOLOGIChESKAJa">|\Lambda|&lt;10^{-55} \mathrm{~cm}^{-2}</formula>
    <formula uri="http://libmeta.ru/fme/formula/aux/1419_13_KOSMOLOGIChESKAJa">\varepsilon_{\Lambda}</formula>
    <formula uri="http://libmeta.ru/fme/formula/aux/1419_14_KOSMOLOGIChESKAJa">p_{\Lambda}</formula>
    <formula uri="http://libmeta.ru/fme/formula/aux/1419_15_KOSMOLOGIChESKAJa">p_{\Lambda} \approx \varepsilon_{\Lambda} / c^{2} \approx</formula>
    <formula uri="http://libmeta.ru/fme/formula/aux/1419_16_KOSMOLOGIChESKAJa">\approx 10^{74} \mathrm{r} / \mathrm{cm}^{3}</formula>
    <formula uri="http://libmeta.ru/fme/formula/aux/1419_17_KOSMOLOGIChESKAJa">\Lambda \geqslant</formula>
    <formula uri="http://libmeta.ru/fme/formula/aux/1419_18_KOSMOLOGIChESKAJa">\geqslant 10^{47} \mathrm{~cm}^{-2}</formula>
  </formulas_aux>
  <relations/>
  <text>ПостоянНая $URI[[http://libmeta.ru/fme/formula/aux/1419_1_KOSMOLOGIChESKAJa]]/URI$ в уравнениях гравитационного взаимодействия (тяготения) A. Эйнштейна (A. Einstein, 1915):

\[
URI[[http://libmeta.ru/fme/formula/main/1419_1_KOSMOLOGIChESKAJa]]/URI
\]

где $URI[[http://libmeta.ru/fme/formula/aux/1419_2_KOSMOLOGIChESKAJa]]/URI$ и $URI[[http://libmeta.ru/fme/formula/aux/1419_3_KOSMOLOGIChESKAJa]]/URI$ соответственно метрический тензор и тензор кривизны пространства-времени Риччи, $URI[[http://libmeta.ru/fme/formula/aux/1419_4_KOSMOLOGIChESKAJa]]/URI$ - тензор энергии-импульса материи, $URI[[http://libmeta.ru/fme/formula/aux/1419_5_KOSMOLOGIChESKAJa]]/URI$ - постоянная тяготения Ньютона, $URI[[http://libmeta.ru/fme/formula/aux/1419_6_KOSMOLOGIChESKAJa]]/URI$ - фундаментальная скорость. Член с К. п. (космологич. член) описывает гравитационные силы притяжения (если $URI[[http://libmeta.ru/fme/formula/aux/1419_7_KOSMOLOGIChESKAJa]]/URI$ ) или отталкивания (если $URI[[http://libmeta.ru/fme/formula/aux/1419_8_KOSMOLOGIChESKAJa]]/URI$ ), являющиеся дополнительными по отношению к гравитационным силам притяжения, создаваемым обычной материей (тензором $URI[[http://libmeta.ru/fme/formula/aux/1419_9_KOSMOLOGIChESKAJa]]/URI$. Эти дополнительные силы пропорциональны расстоянию между точками, и их часто называют гр а в и т а ц и е й в ак у ума.

Космологич. член был введен А. Эйнштейном в уравнения тяготения для того, чтобы построить стационарную модель Вселенной (см. Космологические модели). В этой модели силы притяжения обычной материи уравновешены силами гравитационного отталкивания вакуума $URI[[http://libmeta.ru/fme/formula/aux/1419_10_KOSMOLOGIChESKAJa]]/URI$.

После открытия расширения Вселенной аргументы А. Эйнштейна о необходимости условия $URI[[http://libmeta.ru/fme/formula/aux/1419_11_KOSMOLOGIChESKAJa]]/URI$ отпали и А. Эйнштейн отказался от этой гипотезы. Однако многие специалисты считали, что следует писать уравнения Эйнштейна (1) с К. п., а ее знак и конкретное значение должны определить будущая физич. теория и астрономич. наблюдения. Сравнение темпа расширения Вселенной с возрастом небесных тел показывает, что в сегодняшней Вселенной $URI[[http://libmeta.ru/fme/formula/aux/1419_12_KOSMOLOGIChESKAJa]]/URI$.

Формально космологич. член в уравнениях (1) эквивалентен дополнительному члену в тензоре энергии-импульса. Этот член дает следующие значения для плотности энергии $URI[[http://libmeta.ru/fme/formula/aux/1419_13_KOSMOLOGIChESKAJa]]/URI$ и давления $URI[[http://libmeta.ru/fme/formula/aux/1419_14_KOSMOLOGIChESKAJa]]/URI$ :

\[
URI[[http://libmeta.ru/fme/formula/main/1419_2_KOSMOLOGIChESKAJa]]/URI
\]

Согласно современным представлениям, в самом начале космологич. расширения во Вселенной могло существовать такое состояние особого скалярного поля (или полей), при к-ром осуществлялось уравнение состояния (2). Это так наз. состояние «ложного вакуума» (или, в более общем случае, «вакуумоподобное состояние»). При этом плотность «ложного вакуума» могла быть огромной: $URI[[http://libmeta.ru/fme/formula/aux/1419_15_KOSMOLOGIChESKAJa]]/URI$ $URI[[http://libmeta.ru/fme/formula/aux/1419_16_KOSMOLOGIChESKAJa]]/URI$ или больше, и соответствующее значение $URI[[http://libmeta.ru/fme/formula/aux/1419_17_KOSMOLOGIChESKAJa]]/URI$ $URI[[http://libmeta.ru/fme/formula/aux/1419_18_KOSMOLOGIChESKAJa]]/URI$. Именно гравитация «ложного вакуума» определяла тогда динамику расширения Вселенной. В дальнейшем энергия «ложного вакуума» перешла в энергию обычных частиц и космологич. член стал чрезвычайно малым или даже равным нулю (см. Космология).</text>
  <text_orig>ПостоянНая $\Lambda$ в уравнениях гравитационного взаимодействия (тяготения) A. Эйнштейна (A. Einstein, 1915):

\[
R_{\mu v}-\frac{1}{2} R g_{\mu v}=\frac{8 \pi G}{c^{4}} T_{\mu v}-\Lambda g_{\mu v},
\]

где $g_{\mu \nu}$ и $R_{\mu \nu}-$ соответственно метрический тензор и тензор кривизны пространства-времени Риччи, $T_{\mu \nu}$ - тензор энергии-импульса материи, $G$ - постоянная тяготения Ньютона, $c$ - фундаментальная скорость. Член с К. п. (космологич. член) описывает гравитационные силы притяжения (если $\Lambda&lt;0$ ) или отталкивания (если $\Lambda&gt;0$ ), являющиеся дополнительными по отношению к гравитационным силам притяжения, создаваемым обычной материей (тензором $\left.T_{\mu \nu}\right)$. Эти дополнительные силы пропорциональны расстоянию между точками, и их часто называют гр а в и т а ц и е й в ак у ума.

Космологич. член был введен А. Эйнштейном в уравнения тяготения для того, чтобы построить стационарную модель Вселенной (см. Космологические модели). В этой модели силы притяжения обычной материи уравновешены силами гравитационного отталкивания вакуума $(\Lambda&gt;0)$.

После открытия расширения Вселенной аргументы А. Эйнштейна о необходимости условия $\Lambda \neq 0$ отпали и А. Эйнштейн отказался от этой гипотезы. Однако многие специалисты считали, что следует писать уравнения Эйнштейна (1) с К. п., а ее знак и конкретное значение должны определить будущая физич. теория и астрономич. наблюдения. Сравнение темпа расширения Вселенной с возрастом небесных тел показывает, что в сегодняшней Вселенной $|\Lambda|&lt;10^{-55} \mathrm{~cm}^{-2}$.

Формально космологич. член в уравнениях (1) эквивалентен дополнительному члену в тензоре энергии-импульса. Этот член дает следующие значения для плотности энергии $\varepsilon_{\Lambda}$ и давления $p_{\Lambda}$ :

\[
\varepsilon_{\Lambda}=-p_{\Lambda}=c^{4} \Lambda / 8 \pi G
\]

Согласно современным представлениям, в самом начале космологич. расширения во Вселенной могло существовать такое состояние особого скалярного поля (или полей), при к-ром осуществлялось уравнение состояния (2). Это так наз. состояние «ложного вакуума» (или, в более общем случае, «вакуумоподобное состояние»). При этом плотность «ложного вакуума» могла быть огромной: $p_{\Lambda} \approx \varepsilon_{\Lambda} / c^{2} \approx$ $\approx 10^{74} \mathrm{r} / \mathrm{cm}^{3}$ или больше, и соответствующее значение $\Lambda \geqslant$ $\geqslant 10^{47} \mathrm{~cm}^{-2}$. Именно гравитация «ложного вакуума» определяла тогда динамику расширения Вселенной. В дальнейшем энергия «ложного вакуума» перешла в энергию обычных частиц и космологич. член стал чрезвычайно малым или даже равным нулю (см. Космология).

И. Д. Новиков.</text_orig>
</article>
