<?xml version="1.0" ?>
<article uri="http://libmeta.ru/fme/article/1420_KOSOJ">
  <title>КОСОЙ ПРОИЗВОДНОЙ ЗАДАЧА</title>
  <authors/>
  <title_short/>
  <pages>
    <start>300</start>
    <end>300</end>
  </pages>
  <literature>
    <literature_orig/>
  </literature>
  <formulas_main/>
  <formulas_aux/>
  <relations/>
  <text> - см. Краевая задача теории потенциала.

КОсой удар - см. Удар.</text>
  <text_orig> - см. Краевая задача теории потенциала.

КОсой удар - см. Удар.
</text_orig>
</article>
