<?xml version="1.0" ?>
<article uri="http://libmeta.ru/fme/article/1420_KOSMOLOGIChESKIE" alphabetic_pos="1422">
  <title>КОСМОЛОГИЧЕСКИЕ МОДЕЛИ</title>
  <authors>
    <author>И. Д. Новиков</author>
  </authors>
  <title_short/>
  <pages>
    <start>299</start>
    <end>300</end>
  </pages>
  <literature>
    <literature_orig>Лит.: [1] Физическая энциклопедия, т. 2, М., 1990, с. 476-80; [2] 3 ельдовичя. Б., Новикови.Д., Строение и эволюция Вселенной, М., 1975; [3] В ай н б е р г С., Гравитация и космология, пер. с англ., М., 1975; [4] П ибл с Ф., Структура Вселенной в больших масштабах, пер. с англ., М., 1983.</literature_orig>
    <unit>
      <title>Физическая энциклопедия</title>
      <publication>М.</publication>
      <year>1990</year>
      <other>т. 2, с. 476-80</other>
    </unit>
    <unit>
      <author>3ельдовичя. Б.</author>
      <author>Новикови. Д.</author>
      <title>Строение и эволюция Вселенной</title>
      <publication>М.</publication>
      <year>1975</year>
      <other/>
    </unit>
    <unit>
      <author>Вайнберг С.</author>
      <title>Гравитация и космология</title>
      <publication>пер. с англ., М.</publication>
      <year>1975</year>
      <other/>
    </unit>
    <unit>
      <author>Пиблс Ф.</author>
      <title>Структура Вселенной в больших масштабах</title>
      <publication>пер. с англ., М.</publication>
      <year>1983</year>
      <other/>
    </unit>
  </literature>
  <formulas_main/>
  <formulas_aux>
    <formula uri="http://libmeta.ru/fme/formula/aux/1420_1_KOSMOLOGIChESKIE">\rho</formula>
    <formula uri="http://libmeta.ru/fme/formula/aux/1420_2_KOSMOLOGIChESKIE">p</formula>
    <formula uri="http://libmeta.ru/fme/formula/aux/1420_3_KOSMOLOGIChESKIE">k / R_{\mathrm{кp}}^{2}</formula>
    <formula uri="http://libmeta.ru/fme/formula/aux/1420_4_KOSMOLOGIChESKIE">k=0, \pm 1, R_{\text {кр }}</formula>
    <formula uri="http://libmeta.ru/fme/formula/aux/1420_5_KOSMOLOGIChESKIE">r_{\text {кр }}</formula>
    <formula uri="http://libmeta.ru/fme/formula/aux/1420_6_KOSMOLOGIChESKIE">k&gt;0</formula>
    <formula uri="http://libmeta.ru/fme/formula/aux/1420_7_KOSMOLOGIChESKIE">k&lt;0</formula>
    <formula uri="http://libmeta.ru/fme/formula/aux/1420_8_KOSMOLOGIChESKIE">k=0</formula>
    <formula uri="http://libmeta.ru/fme/formula/aux/1420_9_KOSMOLOGIChESKIE">r_{\text {кр }}</formula>
    <formula uri="http://libmeta.ru/fme/formula/aux/1420_10_KOSMOLOGIChESKIE">\lambda</formula>
    <formula uri="http://libmeta.ru/fme/formula/aux/1420_11_KOSMOLOGIChESKIE">k=0, \Lambda=0</formula>
    <formula uri="http://libmeta.ru/fme/formula/aux/1420_12_KOSMOLOGIChESKIE">r</formula>
    <formula uri="http://libmeta.ru/fme/formula/aux/1420_13_KOSMOLOGIChESKIE">\lambda</formula>
    <formula uri="http://libmeta.ru/fme/formula/aux/1420_14_KOSMOLOGIChESKIE">k</formula>
    <formula uri="http://libmeta.ru/fme/formula/aux/1420_15_KOSMOLOGIChESKIE">0 \leqslant 3 p / c^{2} \leqslant \rho, d p / d R \leqslant 0</formula>
    <formula uri="http://libmeta.ru/fme/formula/aux/1420_16_KOSMOLOGIChESKIE">(\rho \equiv 0)</formula>
    <formula uri="http://libmeta.ru/fme/formula/aux/1420_17_KOSMOLOGIChESKIE">\left(t \leqslant 10^{-34} \mathrm{c}\right)</formula>
    <formula uri="http://libmeta.ru/fme/formula/aux/1420_18_KOSMOLOGIChESKIE">\varepsilon=-p&gt;0</formula>
    <formula uri="http://libmeta.ru/fme/formula/aux/1420_19_KOSMOLOGIChESKIE">\varepsilon-</formula>
    <formula uri="http://libmeta.ru/fme/formula/aux/1420_20_KOSMOLOGIChESKIE">p-</formula>
    <formula uri="http://libmeta.ru/fme/formula/aux/1420_21_KOSMOLOGIChESKIE">{ }^{\prime}</formula>
  </formulas_aux>
  <relations>
    <relation uri="http://libmeta.ru/fme/relation/1420_1_KOSMOLOGIChESKIE">
      <rel_text>статус</rel_text>
      <target>http://libmeta.ru/fme/article/2923_STATIK</target>
    </relation>
    <relation uri="http://libmeta.ru/fme/relation/1420_2_KOSMOLOGIChESKIE">
      <rel_text>наблюдениями</rel_text>
      <target>http://libmeta.ru/fme/article/1853_NABLJuDAEMA</target>
    </relation>
    <relation uri="http://libmeta.ru/fme/relation/1420_3_KOSMOLOGIChESKIE">
      <rel_text>наблюдений</rel_text>
      <target>http://libmeta.ru/fme/article/1853_NABLJuDAEMA</target>
    </relation>
    <relation uri="http://libmeta.ru/fme/relation/1420_4_KOSMOLOGIChESKIE">
      <rel_text>энергиях</rel_text>
      <target>http://libmeta.ru/fme/article/3530_ENERGI</target>
    </relation>
    <relation uri="http://libmeta.ru/fme/relation/1420_5_KOSMOLOGIChESKIE">
      <rel_text>взаимодействия элементарных частиц</rel_text>
      <target>http://libmeta.ru/fme/article/359_VELIKOE</target>
    </relation>
    <relation uri="http://libmeta.ru/fme/relation/1420_6_KOSMOLOGIChESKIE">
      <rel_text>частиц</rel_text>
      <target>http://libmeta.ru/fme/article/3412_ChASTOT</target>
    </relation>
    <relation uri="http://libmeta.ru/fme/relation/1420_7_KOSMOLOGIChESKIE">
      <rel_text>энергии</rel_text>
      <target>http://libmeta.ru/fme/article/3530_ENERGI</target>
    </relation>
    <relation uri="http://libmeta.ru/fme/relation/1420_8_KOSMOLOGIChESKIE">
      <rel_text>плотности</rel_text>
      <target>http://libmeta.ru/fme/article/2253_PLOTNOST</target>
    </relation>
    <relation uri="http://libmeta.ru/fme/relation/1420_9_KOSMOLOGIChESKIE">
      <rel_text>температуру</rel_text>
      <target>http://libmeta.ru/fme/article/3038_TEMPERATUR</target>
    </relation>
  </relations>
  <text>физико-математические модели, описывающие строение и эволюцию Вселенной (или отдельные этапы этой эволюции). В современной космологии, развившейся после создания А. Эйнштейном (a. Einstein) релятивистской теории тяготения, первые модели были призваны описать механич. свойства движения вещества и его распределение в больших масштабах, а также геометрич. свойства трехмерного пространства. Эти модели являются решением уравнений теории тяготения Эйнштейна в применении ко Вселенной в целом. В К. м. принимают, что распределение вещества в больших масштабах может характеризоваться плотностью $URI[[http://libmeta.ru/fme/formula/aux/1420_1_KOSMOLOGIChESKIE]]/URI$ (усредненной по этим масштабам) и давлением $URI[[http://libmeta.ru/fme/formula/aux/1420_2_KOSMOLOGIChESKIE]]/URI$. При этом используют обычно так наз. сопутствующие системы отсчета, аналогичные лагранжевым системам отсчета ньютоновской механики. В сопутствующих системах вещество покоится, а сама система деформируется с течением времени вместе с веществом. Деформация системы и описывает движение вешества. Наибольшее значение в космологии имеют модели однородной изотропной Вселенной, в к-рых все точки трехмерного пространства эквивалентны и все направления равноправны. Эти модели правильно отражают основные свойства распределения и движения вещества в больших масштабах в наблюдаемой части Вселенной.

В однородных изотропных моделях трехмерное пространство сопутствующей системы, вообще говоря, неевклидово. Его искривленность характеризуется кривизной $URI[[http://libmeta.ru/fme/formula/aux/1420_3_KOSMOLOGIChESKIE]]/URI$, где $URI[[http://libmeta.ru/fme/formula/aux/1420_4_KOSMOLOGIChESKIE]]/URI$ - радиус кривизны. Изменение $URI[[http://libmeta.ru/fme/formula/aux/1420_5_KOSMOLOGIChESKIE]]/URI$ с течением времени описывает деформацию с течением времени системы отсчета, а значит, и вещества. При $URI[[http://libmeta.ru/fme/formula/aux/1420_6_KOSMOLOGIChESKIE]]/URI$ кривизна положительна, трехмерное пространство замкнуто, его объем конечен (так наз. модель замкнутой В селен н о й). При $URI[[http://libmeta.ru/fme/formula/aux/1420_7_KOSMOLOGIChESKIE]]/URI$ кривизна отрицательна, объем пространства бесконечен (в рамках простейшей топологии); это модель о ткры той В с елен ной. При $URI[[http://libmeta.ru/fme/formula/aux/1420_8_KOSMOLOGIChESKIE]]/URI$ пространство евклидово, в этом случае параметр $URI[[http://libmeta.ru/fme/formula/aux/1420_9_KOSMOLOGIChESKIE]]/URI$ описывает только деформацию системы и определяется с точностью до произвольного постоянного множителя.

Движение вещества в однородных изотропных моделях происходит под действием сил тяготения и так наз. сил гравитации вакуума, описываемых космологической постоянной $URI[[http://libmeta.ru/fme/formula/aux/1420_10_KOSMOLOGIChESKIE]]/URI$ в уравнениях Эйнштейна.

В зависимости от соотношения между этими силами и от значения кинетич. энергии движения вещества возможна качественно разная эволюция модели с течением времени: неограниченное расширение, расширение с последующим сжатием и т. д. (см. рис.).

Какая из моделей лучше всего описывает эволюцию Вселенной (или отдельный ее этап), определяется их сравнением с данными наблюдениями и выводами физич. теорий.

Модели однородной изотропной нестационарной Вселенной носят имя А. А. Фридмана, нашедшего в 1922-24 основные решения соответствующих уравнений Эйнштейна.

Отдельные частные случаи моделей часто называют по именам ученых, внесших большой вклад в их изучение (напр., модель Эйнштейна - де Ситтера, $URI[[http://libmeta.ru/fme/formula/aux/1420_11_KOSMOLOGIChESKIE]]/URI$ на рис.). Открытие Э. Хабблом (е. Hubble) в 1929 расширения Вселенной и все последующие исследования показали, что модель Фридмана хорошо описывает эволюцию видимой части Вселенной от самых ранних этапов начала расширения до наших дней, хотя конкретные значения параметров модели подлежат дальнейшему уточнению. В теоретич. космологии рассматривают также и другие модели, напр. модели однородной анизотропной Вселенной, модели сферически-симметричной Вселенной и др.

С середины 20 в. понятие К. м. значительно расширилось. Теперь в К. м. рассматриваются не только механич. свойства движения вещества, но и физич. процессы, обусловливающие эволюцию Вселенной. Примером может служить модель горячей Вселенной, в к-рой предполагается, что в начале расширения вещество было не только очень плотным, но и имело высокую температуру (г. Гамов, G. Gamov, 40-е гг. 20 в.). Наблюдения подтвердили спра-

![](https://cdn.mathpix.com/cropped/2023_07_08_7b8618ea78735c8dad56g-1.jpg?height=669&amp;width=711&amp;top_left_y=52&amp;top_left_x=986)

Изменение во времени относительного расстояния между телами (галактиками, их скоплениями) во Вселенной (так наз. масштабного фактора $URI[[http://libmeta.ru/fme/formula/aux/1420_12_KOSMOLOGIChESKIE]]/URI$ ) в зависимости от разных значений $URI[[http://libmeta.ru/fme/formula/aux/1420_13_KOSMOLOGIChESKIE]]/URI$ и $URI[[http://libmeta.ru/fme/formula/aux/1420_14_KOSMOLOGIChESKIE]]/URI$. Везде считается, что $URI[[http://libmeta.ru/fme/formula/aux/1420_15_KOSMOLOGIChESKIE]]/URI$. Штриховой линией показаны графики для так наз. «пустых» моделей $URI[[http://libmeta.ru/fme/formula/aux/1420_16_KOSMOLOGIChESKIE]]/URI$.

ведливость этой модели. Другим примером является модель

![](https://cdn.mathpix.com/cropped/2023_07_08_7b8618ea78735c8dad56g-1.jpg?height=33&amp;width=803&amp;top_left_y=922&amp;top_left_x=940)
полагается, что в первые мгновения расширения Вселенной $URI[[http://libmeta.ru/fme/formula/aux/1420_17_KOSMOLOGIChESKIE]]/URI$ был период, когда в плотность энергии основной вклад давало скалярное поле с уравнением состояния $URI[[http://libmeta.ru/fme/formula/aux/1420_18_KOSMOLOGIChESKIE]]/URI$ (где $URI[[http://libmeta.ru/fme/formula/aux/1420_19_KOSMOLOGIChESKIE]]/URI$ плотность энергии, $URI[[http://libmeta.ru/fme/formula/aux/1420_20_KOSMOLOGIChESKIE]]/URI$ давление), и Вселенная в этот короткий период расширялась экспоненциально быстро («раздувалась»). Наблюдения свидетельствуют в пользу справедливости этой модели.

Лum.: [1] 3 е л ь д о в и ч Я. Б., Но в и ко в И. Д., Строение и эволюция Вселенной, М., 1975; [2] Физика космоса. Маленькая энциклопедия, 2 изд., М., 1986, с. 407; [3] Л и н д е А. Д., «успехи физич. наук», 1984, т. 144, с. 177.

космология - раздел астрономии, изучающий Вселенную как целое и включающий в себя учение о строении и эволюции всей охваченной астрономическими наблюдениями части Вселенной. Эмпирич. основой космологич. теорий являются данные астрономич. наблюдений и данные экспериментальной физики. Теоретич. базис К. составляют основные физич. теории, описывающие законы движения материи. К. использует также достижения математики и других наук. Космологич. выводы и обобщения имеют большое мировоззренческое значение.

Представления о строении всего окружающего мира были важным элементом человеческой культуры на протяжении всей ее истории. Эти представления отражали уровень знания и опыт изучения природы в соответствующие эпохи развития человеческого общества. По мере того как расширялись пространственные (и временные) масштабы познанной человеком части Вселенной, менялись и космологич. представления. Первой космологич. моделью, имеющей математич. обоснование, можно считать геоцентрич. систему мира Птолемея (ptolemaios, 2 в.). Она господствовала в науке ок. 1,5 тыс. лет. Затем ее сменила гелиоцентрич. система мира Н. Коперника (n. Copernicus, 16 в.). В дальнейшем необычайное расширение масштабов исследованного мира благодаря изобретению и совершенствованию телескопов привело к представлению о звездной Вселенной (галактике). Наконец, в начале 20 в. возникло представление о Вселенной как о мире галактик (метагалактике). Из рассмотрения этой историч. цепочки смен космологич. представлений с непреложностью следует, что каждая «система мира» по существу была моделью наибольшей системы небесных тел, достаточно хорошо изученной к тому времени. Так, модель Птолемея правильно отражала строение системы Земля - Луна, система Н. Коперника была моделью Солнечной системы, идеи модели звездного мира У. Гершеля (w. Herschel, конец 18 в.) и других отражали нек-рые черты строения Галактики. Но каждая из этих моделей претендовала в свое время на описание строения «всей Вселенной». Эта же тенденция на новом уровне прослеживается и в развитии К. в 20 в.

Еще в 19 в. выяснилось, что попытки применения теории $URI[[http://libmeta.ru/fme/formula/aux/1420_21_KOSMOLOGIChESKIE]]/URI$ тяготения Ньютона и классич. физики к бесконечному распределению материи в пространстве ведет к ряду серьезных трудностей. Современная К. возникла в начале 20 в. после создания А. Эйнштейном (а. Einstein) релятивистской теории тяготения (общей теории относительности). Первая модель Вселенной, основанная на новой теории тяготения, так наз. релятивистская космологич. модель, была построена А. Эйнштейном в 1917. Однако она описывала статич. Вселенную и, как показали астрофизич. наблюдения, оказалась неверной.

В 1922-24 А. А. Фридманом были получены общие решения уравнений для вещества, в среднем равномерно заполняющего все пространство, в к-ром, к тому же, все направления равноправны. Эти решения в общем случае нестационарны, они описывают расширение или сжатие всего вещества, всей Вселенной. В 1929 Э. Хаббл (е. Hubble) в итоге многолетних астрофизич. наблюдений открыл расширение окружающего нас мира галактик, открыл расширение Вселенной, подтверждающее правильность выводов А. А. Фридмана. Фридмановские модели являются основой всего последующего развития К. Эти модели описывали механич. картину движения тяготеющих масс во Вселенной и ее глобальную структуру. Если прежние космологич. построения призваны были описывать главным образом наблюдаемую структуру Вселенной, кажущуюся стационарной, то модели Фридмана по своей сути были эволюционными, связывали сегодняшнее состояние Вселенной с ее предыдущей историей. С конца 40-х гг. 20 в. все большее внимание К. обращает на физику процессов, протекавших на разных этапах космологич. расширения. В 1946-48 появилась теория горячей Вселенной Г. Гамова (g. Gamow), согласно к-рой в начале расширения вещество характеризовалось огромной температурой. В то же время были разработаны принципиально новые астрономич. методы наблюдений. Возникла радиоастрономия, а затем, после начала космич. эры, развились рентгеновская астрономия, гамма-астрономия, Ик-астрономия. Новые возможности появились и у оптич. астрономии.

В 1965 А. Пензиас (а. Penzias) и Р. Вильсон (r. Wilson) открыли микроволновое фоновое излучение (реликтовое излучение) - проэволюционировавшее (охладившееся) электромагнитное излучение, к-рое имело в начале расширения Вселенной очень высокую URI[[http://libmeta.ru/fme/relation/1420_9_KOSMOLOGIChESKIE]]/URI. Это открытие доказало справедливость теории Гамова.

Современный этап в развитии К. характеризуется интенсивным исследованием проблемы начала космологич. расширения, когда URI[[http://libmeta.ru/fme/relation/1420_8_KOSMOLOGIChESKIE]]/URI материи и URI[[http://libmeta.ru/fme/relation/1420_7_KOSMOLOGIChESKIE]]/URI URI[[http://libmeta.ru/fme/relation/1420_6_KOSMOLOGIChESKIE]]/URI были огромными. Руководящими идеями здесь являются новые теоретич. открытия в физике URI[[http://libmeta.ru/fme/relation/1420_5_KOSMOLOGIChESKIE]]/URI при очень больших URI[[http://libmeta.ru/fme/relation/1420_4_KOSMOLOGIChESKIE]]/URI. Другая важная проблема К. - объяснение возникновения крупномасштабной структуры Вселенной - скоплений галактик, самих галактик и т. д. из первоначально почти однородного расширяющегося вещества.

Следует подчеркнуть определяющую роль астрофизич. URI[[http://libmeta.ru/fme/relation/1420_3_KOSMOLOGIChESKIE]]/URI в развитии современной К. Ее выводы и заключения проверяются прямыми или косвенными URI[[http://libmeta.ru/fme/relation/1420_2_KOSMOLOGIChESKIE]]/URI, и в этом смысле К. имеет такой же астрофизич. URI[[http://libmeta.ru/fme/relation/1420_1_KOSMOLOGIChESKIE]]/URI, как, напр., теория строения и эволюции звезд.</text>
  <text_orig>физико-математические модели, описывающие строение и эволюцию Вселенной (или отдельные этапы этой эволюции). В современной космологии, развившейся после создания А. Эйнштейном (A. Einstein) релятивистской теории тяготения, первые модели были призваны описать механич. свойства движения вещества и его распределение в больших масштабах, а также геометрич. свойства трехмерного пространства. Эти модели являются решением уравнений теории тяготения Эйнштейна в применении ко Вселенной в целом. В К. м. принимают, что распределение вещества в больших масштабах может характеризоваться плотностью $\rho$ (усредненной по этим масштабам) и давлением $p$. При этом используют обычно так наз. сопутствующие системы отсчета, аналогичные лагранжевым системам отсчета ньютоновской механики. В сопутствующих системах вещество покоится, а сама система деформируется с течением времени вместе с веществом. Деформация системы и описывает движение вешества. Наибольшее значение в космологии имеют модели однородной изотропной Вселенной, в к-рыХ все точки трехмерного пространства эквивалентны и все направления равноправны. Эти модели правильно отражают основные свойства распределения и движения вещества в больших масштабах в наблюдаемой части Вселенной.

В однородных изотропных моделях трехмерное пространство сопутствующей системы, вообще говоря, неевклидово. Его искривленность характеризуется кривизной $k / R_{\mathrm{кp}}^{2}$, где $k=0, \pm 1, R_{\text {кр }}$ - радиус кривизны. Изменение $R_{\text {кр }}$ с течением времени описывает деформацию с течением времени системы отсчета, а значит, и вещества. При $k&gt;0$ кривизна положительна, трехмерное пространство замкнуто, его объем конечен (так наз. модель замкнутой В селен н о й). При $k&lt;0$ кривизна отрицательна, объем пространства бесконечен (в рамках простейшей топологии); это модель о ткры той В с елен ной. При $k=0$ пространство евклидово, в этом случае параметр $R_{\text {кр }}$ описывает только деформацию системы и определяется с точностью до произвольного постоянного множителя.

Движение вещества в однородных изотропных моделях происходит под действием сил тяготения и так наз. сил гравитации вакуума, описываемых космологической постоянной $\Lambda$ в уравнениях Эйнштейна.

В зависимости от соотношения между этими силами и от значения кинетич. энергии движения вещества возможна качественно разная эволюция модели с течением времени: неограниченное расширение, расширение с последующим сжатием и т. д. (см. рис.).

Какая из моделей лучше всего описывает эволюцию Вселенной (или отдельный ее этап), определяется их сравнением с данными наблюдениями и выводами физич. теорий.

Модели однородной изотропной нестационарной Вселенной носят имя А. А. Фридмана, нашедшего в 1922-24 основные решения соответствующих уравнений Эйнштейна.

Отдельные частные случаи моделей часто называют по именам ученых, внесших большой вклад в их изучение (напр., модель Эйнштейна - де Ситтера, $k=0, \Lambda=0$ на рис.). Открытие Э. Хабблом (Е. Hubble) в 1929 расширения Вселенной и все последующие исследования показали, что модель Фридмана хорошо описывает эволюцию видимой части Вселенной от самых ранних этапов начала расширения до наших дней, хотя конкретные значения параметров модели подлежат дальнейшему уточнению. В теоретич. космологии рассматривают также и другие модели, напр. модели однородной анизотропной Вселенной, модели сферически-симметричной Вселенной и др.

С середины 20 в. понятие К. м. значительно расширилось. Теперь в К. м. рассматриваются не только механич. свойства движения вешества, но и физич. процессы, обусловливающие эволюцию Вселенной. Примером может служить модель горячей Вселенной, в к-рой предполагается, что в начале расширения вещество было не только очень плотным, но и имело высокую температуру (Г. Гамов, G. Gamov, 40-е гг. 20 в.). Наблюдения подтвердили спра-

![](https://cdn.mathpix.com/cropped/2023_07_08_7b8618ea78735c8dad56g-1.jpg?height=669&amp;width=711&amp;top_left_y=52&amp;top_left_x=986)

Изменение во времени относительного расстояния между телами (галактиками, их скоплениями) во Вселенной (так наз. масштабного фактора $R$ ) в зависимости от разных значений $\Lambda$ и $k$. Везде считается, что $0 \leqslant 3 p / c^{2} \leqslant \rho, d p / d R \leqslant 0$. Штриховой линией показаны графики для так наз. «пустых» моделей $(\rho \equiv 0)$.

ведливость этой модели. Другим примером является модель

![](https://cdn.mathpix.com/cropped/2023_07_08_7b8618ea78735c8dad56g-1.jpg?height=33&amp;width=803&amp;top_left_y=922&amp;top_left_x=940)
полагается, что в первые мгновения расширения Вселенной $\left(t \leqslant 10^{-34} \mathrm{c}\right)$ был период, когда в плотность энергии основной вклад давало скалярное поле с уравнением состояния $\varepsilon=-p&gt;0$ (где $\varepsilon-$ плотность энергии, $p-$ давление), и Вселенная в этот короткий период расширялась экспоненциально быстро («раздувалась»). Наблюдения свидетельствуют в пользу справедливости этой модели.

Лum.: [1] 3 е л ь д о в и ч Я. Б., Но в и ко в И. Д., Строение и эволюция Вселенной, М., 1975; [2] Физика космоса. Маленькая энциклопедия, 2 изд., М., 1986, с. 407; [3] Л и н д е А. Д., «Успехи физич. наук», 1984, т. 144, с. 177.

космология - раздел астрономии, изучающий Вселенную как целое и включающий в себя учение о строении и эволюции всей охваченной астрономическими наблюдениями части Вселенной. Эмпирич. основой космологич. теорий являются данные астрономич. наблюдений и данные экспериментальной физики. Теоретич. базис К. составляют основные физич. теории, описывающие законы движения материи. К. использует также достижения математики и других наук. Космологич. выводы и обобщения имеют большое мировоззренческое значение.

Представления о строении всего окружающего мира были важным элементом человеческой культуры на протяжении всей ее истории. Эти представления отражали уровень знания и опыт изучения природы в соответствующие эпохи развития человеческого общества. По мере того как расширялись пространственные (и временные) масштабы познанной человеком части Вселенной, менялись и космологич. представления. Первой космологич. моделью, имеющей математич. обоснование, можно считать геоцентрич. систему мира Птолемея (Ptolemaios, 2 в.). Она господствовала в науке ок. 1,5 тыс. лет. Затем ее сменила гелиоцентрич. система мира Н. Коперника (N. Copernicus, 16 в.). В дальнейшем необычайное расширение масштабов исследованного мира благодаря изобретению и совершенствованию телескопов привело к представлению о звездной Вселенной (Галактике). Наконец, в начале 20 в. возникло представление о Вселенной как о мире галактик (Метагалактике). Из рассмотрения этой историч. цепочки смен космологич. представлений с непреложностью следует, что каждая «система мира» по существу была моделью наибольшей системы небесных тел, достаточно хорошо изученной к тому времени. Так, модель Птолемея правильно отражала строение системы Земля - Луна, система Н. Коперника была моделью Солнечной системы, идеи модели звездного мира У. Гершеля (W. Herschel, конец 18 в.) и других отражали нек-рые черты строения Галактики. Но каждая из этих моделей претендовала в свое время на описание строения «всей Вселенной». Эта же тенденция на новом уровне прослеживается и в развитии К. в 20 в.

Еще в 19 в. выяснилось, что попытки применения теории ${ }^{\prime}$ тяготения Ньютона и классич. физики к бесконечному распределению материи в пространстве ведет к ряду серьезных трудностей. Современная К. возникла в начале 20 в. после создания А. Эйнштейном (А. Einstein) релятивистской теории тяготения (общей теории относительности). Первая модель Вселенной, основанная на новой теории тяготения, так наз. релятивистская космологич. модель, была построена А. Эйнштейном в 1917. Однако она описывала статич. Вселенную и, как показали астрофизич. наблюдения, оказалась неверной.

В 1922-24 А. А. Фридманом были получены общие решения уравнений для вещества, в среднем равномерно заполняющего все пространство, в к-ром, к тому же, все направления равноправны. Эти решения в общем случае нестационарны, они описывают расширение или сжатие всего вещества, всей Вселенной. В 1929 Э. Хаббл (Е. Hubble) в итоге многолетних астрофизич. наблюдений открыл расширение окружающего нас мира галактик, открыл расширение Вселенной, подтверждающее правильность выводов А. А. Фридмана. Фридмановские модели являются основой всего последующего развития К. Эти модели описывали механич. картину движения тяготеюших масс во Вселенной и ее глобальную структуру. Если прежние космологич. построения призваны были описывать главным образом наблюдаемую структуру Вселенной, кажущуюся стационарной, то модели Фридмана по своей сути были эволюционными, связывали сегодняшнее состояние Вселенной с ее предыдушей историей. С конца 40-х гг. 20 в. все большее внимание К. обращает на физику процессов, протекавших на разных этапах космологич. расширения. В 1946-48 появилась теория горячей Вселенной Г. Гамова (G. Gamow), согласно к-рой в начале расширения вешество характеризовалось огромной температурой. В то же время были разработаны принципиально новые астрономич. методы наблюдений. Возникла радиоастрономия, а затем, после начала космич. эры, развились рентгеновская астрономия, гамма-астрономия, ИК-астрономия. Новые возможности появились и у оптич. астрономии.

В 1965 А. Пензиас (А. Penzias) и Р. Вильсон (R. Wilson) открыли микроволновое фоновое излучение (реликтовое излучение) - проэволюционировавшее (охладившееся) электромагнитное излучение, к-рое имело в начале расширения Вселенной очень высокую температуру. Это открытие доказало справедливость теории Гамова.

Современный этап в развитии К. характеризуется интенсивным исследованием проблемы начала космологич. расширения, когда плотности материи и энергии частиц были огромными. Руководящими идеями здесь являются новые теоретич. открытия в физике взаимодействия элементарных частиц при очень больших энергиях. Другая важная проблема К. - объяснение возникновения крупномасштабной структуры Вселенной - скоплений галактик, самих галактик и т. д. из первоначально почти однородного расширяющегося вещества.

Следует подчеркнуть определяющую роль астрофизич. наблюдений в развитии современной К. Ее выводы и заключения проверяются прямыми или косвенными наблюдениями, и в этом смысле К. имеет такой же астрофизич. статус, как, напр., теория строения и эволюции звезд.

Лит.: [1] Физическая энциклопедия, т. 2, М., 1990, с. 476-80; [2] 3 ельдовичЯ. Б., НовиковИ.Д., Строение и эволюция Вселенной, М., 1975; [3] В ай н б е р г С., Гравитация и космология, пер. с англ., М., 1975; [4] П ибл с Ф., Структура Вселенной в больших масштабах, пер. с англ., М., 1983. И. Д. Новиков.</text_orig>
</article>
