<?xml version="1.0" ?>
<article uri="http://libmeta.ru/fme/article/1421_KOSMOFIZIChESKAJa">
  <title>КОСМОФИЗИЧЕСКАЯ ТУРБУЛЕНТНОСТЬ</title>
  <authors/>
  <title_short/>
  <pages>
    <start>300</start>
    <end>300</end>
  </pages>
  <literature>
    <literature_orig/>
  </literature>
  <formulas_main/>
  <formulas_aux/>
  <relations>
    <relation uri="http://libmeta.ru/fme/relation/1421_154_KOSMOFIZIChESKAJa">
      <rel_text>Геофизическая турбулентность</rel_text>
      <self present="true">http://libmeta.ru/fme/article/590_GEOFIZIChESKAJa</self>
    </relation>
  </relations>
  <text>см. URI[[http://libmeta.ru/fme/relation/1421_154_KOSMOFIZIChESKAJa]]/URI.</text>
  <text_orig>см. Геофизическая турбулентность.</text_orig>
</article>
