<?xml version="1.0" ?>
<article uri="http://libmeta.ru/fme/article/1422_KOSOJ">
  <title>КОСОЙ ПРОИЗВОДНОЙ ЗАДАЧА</title>
  <authors/>
  <title_short/>
  <pages>
    <start>300</start>
    <end>300</end>
  </pages>
  <literature>
    <literature_orig/>
  </literature>
  <formulas_main/>
  <formulas_aux/>
  <relations>
    <relation uri="http://libmeta.ru/fme/relation/1422_198_KOSOJ">
      <rel_text>Удар</rel_text>
      <target>http://libmeta.ru/fme/article/3149_UDAR</target>
    </relation>
    <relation uri="http://libmeta.ru/fme/relation/1422_199_KOSOJ">
      <rel_text>Краевая задача</rel_text>
      <target>http://libmeta.ru/fme/article/1444_KRAEVAJa</target>
    </relation>
  </relations>
  <text>см. URI[[http://libmeta.ru/fme/relation/1422_199_KOSOJ]]/URI теории потенциала.

Косой удар - см. URI[[http://libmeta.ru/fme/relation/1422_198_KOSOJ]]/URI.</text>
  <text_orig>см. Краевая задача теории потенциала.

КОсой удар - см. Удар.</text_orig>
</article>
