<?xml version="1.0" ?>
<article uri="http://libmeta.ru/fme/article/1423_KOSOSKALJaRNOE">
  <title>КОСОСКАЛЯРНОЕ ПРОИЗВЕДЕНИЕ</title>
  <authors/>
  <title_short/>
  <pages>
    <start>300</start>
    <end>300</end>
  </pages>
  <literature>
    <literature_orig/>
  </literature>
  <formulas_main/>
  <formulas_aux/>
  <relations/>
  <text> - см. СИиплектическая группа.</text>
  <text_orig> - см. СИиплектическая группа.
</text_orig>
</article>
