<?xml version="1.0" ?>
<article uri="http://libmeta.ru/fme/article/1425_KOSOSKALJaRNOE" alphabetic_pos="1427">
  <title>КОСОСКАЛЯРНОЕ ПРОИЗВЕДЕНИЕ</title>
  <authors/>
  <pages>
    <start>300</start>
    <end>300</end>
  </pages>
  <literature>
    <literature_orig/>
  </literature>
  <formulas_main/>
  <formulas_aux/>
  <relations n="2">
    <relation uri="http://libmeta.ru/fme/relation/1425_1_KOSOSKALJaRNOE">
      <rel_text>Симплектическая</rel_text>
      <target>http://libmeta.ru/fme/article/2754_SIMPLEKTIZATsI</target>
    </relation>
    <relation uri="http://libmeta.ru/fme/relation/1425_2_KOSOSKALJaRNOE">
      <rel_text>группа</rel_text>
      <target>http://libmeta.ru/fme/article/737_GRUPP</target>
    </relation>
  </relations>
  <text>см. URI[[http://libmeta.ru/fme/relation/1425_1_KOSOSKALJaRNOE]]/URI URI[[http://libmeta.ru/fme/relation/1425_2_KOSOSKALJaRNOE]]/URI.</text>
  <text_orig>см. СИиплектическая группа.</text_orig>
</article>
