<?xml version="1.0" ?>
<article uri="http://libmeta.ru/fme/article/1426_KOShI">
  <title>КОШИ ГОРИЗОНТ БУДУЩЕГО</title>
  <authors>
    <author>А. Т. Ильичев</author>
  </authors>
  <title_short/>
  <pages>
    <start>300</start>
    <end>300</end>
  </pages>
  <literature>
    <literature_orig/>
  </literature>
  <formulas_main/>
  <formulas_aux>
    <formula uri="http://libmeta.ru/fme/formula/aux/1426_1_KOShI">D^{+}(S)</formula>
    <formula uri="http://libmeta.ru/fme/formula/aux/1426_2_KOShI">S</formula>
    <formula uri="http://libmeta.ru/fme/formula/aux/1426_3_KOShI">D^{+}(S)</formula>
    <formula uri="http://libmeta.ru/fme/formula/aux/1426_4_KOShI">D^{+}(S)</formula>
    <formula uri="http://libmeta.ru/fme/formula/aux/1426_5_KOShI">t=-\left(x^{2}+y^{2}+z^{2}+1\right)^{1 / 2}</formula>
    <formula uri="http://libmeta.ru/fme/formula/aux/1426_6_KOShI">1977 . \quad</formula>
  </formulas_aux>
  <relations/>
  <text> - граница будущего $URI[[http://libmeta.ru/fme/formula/aux/1426_1_KOShI]]/URI$ гиперповерхности $URI[[http://libmeta.ru/fme/formula/aux/1426_2_KOShI]]/URI$ (см. Пространство-время теории относительности). К. г. будущего принадлежит области $URI[[http://libmeta.ru/fme/formula/aux/1426_3_KOShI]]/URI$ и состоит из точек, ни одна из к-рых не предшествует точкам из $URI[[http://libmeta.ru/fme/formula/aux/1426_4_KOShI]]/URI$. В пространстве Минковского, напр., К. г. будушего нижней половины гиперболоида $URI[[http://libmeta.ru/fme/formula/aux/1426_5_KOShI]]/URI$ является нижняя половина светового конуса (световой конус прошлого начала координат). К. г. будущего представляет собой изотропную гиперповерхность: его образующими являются нулевые геодезические, и через каждую точку К. г. будущего проходит направленная в прошлое нулевая геодезическая. Наличие К. г. будущего указывает на отсутствие глобальной гиперповерхности Коши, то есть пространственноподобной гиперповерхности, результатом эволюции к-рой является все пространство-время.

Лит.: [1] Пе н р о у з Р., Структура пространства-времени, пер. с англ., М., 1972; [2] Х о и н г С., Крупномасштабная структура пространства-времени, пер. с англ., М., $URI[[http://libmeta.ru/fme/formula/aux/1426_6_KOShI]]/URI$</text>
  <text_orig> - граница будущего $D^{+}(S)$ гиперповерхности $S$ (см. Пространство-время теории относительности). К. г. будущего принадлежит области $D^{+}(S)$ и состоит из точек, ни одна из к-рых не предшествует точкам из $D^{+}(S)$. В пространстве Минковского, напр., К. г. будушего нижней половины гиперболоида $t=-\left(x^{2}+y^{2}+z^{2}+1\right)^{1 / 2}$ является нижняя половина светового конуса (световой конус прошлого начала координат). К. г. будущего представляет собой изотропную гиперповерхность: его образующими являются нулевые геодезические, и через каждую точку К. г. будущего проходит направленная в прошлое нулевая геодезическая. Наличие К. г. будущего указывает на отсутствие глобальной гиперповерхности Коши, то есть пространственноподобной гиперповерхности, результатом эволюции к-рой является все пространство-время.

Лит.: [1] Пе н р о у з Р., Структура пространства-времени, пер. с англ., М., 1972; [2] Х о и н г С., Крупномасштабная структура пространства-времени, пер. с англ., М., $1977 . \quad$ А. Т. Ильичев.
</text_orig>
</article>
