<?xml version="1.0" ?>
<article uri="http://libmeta.ru/fme/article/1426_KOShI">
  <title>КОШИ ГОРИЗОНТ ПРОШЛОГО</title>
  <authors/>
  <title_short/>
  <pages>
    <start>300</start>
    <end>300</end>
  </pages>
  <literature>
    <literature_orig/>
  </literature>
  <formulas_main/>
  <formulas_aux>
    <formula uri="http://libmeta.ru/fme/formula/aux/1426_1_KOShI">D^{-}(S)</formula>
    <formula uri="http://libmeta.ru/fme/formula/aux/1426_2_KOShI">S</formula>
    <formula uri="http://libmeta.ru/fme/formula/aux/1426_3_KOShI">D^{-}(S)</formula>
    <formula uri="http://libmeta.ru/fme/formula/aux/1426_4_KOShI">D^{-}(S)</formula>
    <formula uri="http://libmeta.ru/fme/formula/aux/1426_5_KOShI">t=\left(x^{2}+y^{2}+z^{2}+1\right)^{1 / 2}</formula>
    <formula uri="http://libmeta.ru/fme/formula/aux/1426_6_KOShI">\begin{array}{ll}\text { англ., М., } 1972 . &amp; \text { А. Т. Ильичев. }\end{array}</formula>
  </formulas_aux>
  <relations/>
  <text> - граница прошлого $URI[[http://libmeta.ru/fme/formula/aux/1426_1_KOShI]]/URI$ гиперповерхности $URI[[http://libmeta.ru/fme/formula/aux/1426_2_KOShI]]/URI$ (см. Пространство-время теории относительности). К. г. прошлого принадлежит области $URI[[http://libmeta.ru/fme/formula/aux/1426_3_KOShI]]/URI$ и состоит из таких точек, к-рым не предшествует ни одна точка из $URI[[http://libmeta.ru/fme/formula/aux/1426_4_KOShI]]/URI$. В пространстве Минковского, напр., К. г. прошлого верхней половины гиперболоида $URI[[http://libmeta.ru/fme/formula/aux/1426_5_KOShI]]/URI$ является верхняя половина светового конуса (световой конус будущего начала координат). К. г. прошлого представляет собой изотропную гиперповерхность: его образующими являются нулевые геодезические, и через каждую точку К. г. прошлого проходит направленная в будущее нулевая геодезическая, целиком лежащая на К. г. прошлого. Наличие К. г. прошлого указывает на отсутствие глобальной гиперповерхности Коши, то есть пространственноподобной гиперповерхности, результатом эволюции к-рой является все пространство-время.

Лит.: [1] Пе н ро уз Р., Структура пространства-времени, пер. с $URI[[http://libmeta.ru/fme/formula/aux/1426_6_KOShI]]/URI$</text>
  <text_orig> - граница прошлого $D^{-}(S)$ гиперповерхности $S$ (см. Пространство-время теории относительности). К. г. прошлого принадлежит области $D^{-}(S)$ и состоит из таких точек, к-рым не предшествует ни одна точка из $D^{-}(S)$. В пространстве Минковского, напр., К. г. прошлого верхней половины гиперболоида $t=\left(x^{2}+y^{2}+z^{2}+1\right)^{1 / 2}$ является верхняя половина светового конуса (световой конус будущего начала координат). К. г. прошлого представляет собой изотропную гиперповерхность: его образующими являются нулевые геодезические, и через каждую точку К. г. прошлого проходит направленная в будущее нулевая геодезическая, целиком лежащая на К. г. прошлого. Наличие К. г. прошлого указывает на отсутствие глобальной гиперповерхности Коши, то есть пространственноподобной гиперповерхности, результатом эволюции к-рой является все пространство-время.

Лит.: [1] Пе н ро уз Р., Структура пространства-времени, пер. с $\begin{array}{ll}\text { англ., М., } 1972 . &amp; \text { А. Т. Ильичев. }\end{array}$</text_orig>
</article>
