<?xml version="1.0" ?>
<article uri="http://libmeta.ru/fme/article/1428_KOShI">
  <title>КОШИ ЗАДАЧА</title>
  <author/>
  <title_short/>
  <pages>
    <start>300</start>
    <end>300</end>
  </pages>
  <literature>
    <literature_orig/>
  </literature>
  <formulas_main>
    <formula uri="http://libmeta.ru/fme/formula/main/1428_1_KOShI">d y / d x=f(x, y), y\left(x_{0}\right)=y_{0},</formula>
  </formulas_main>
  <formulas_aux>
    <formula uri="http://libmeta.ru/fme/formula/aux/1428_1_KOShI">f(x, y)</formula>
    <formula uri="http://libmeta.ru/fme/formula/aux/1428_2_KOShI">f(x, y)</formula>
    <formula uri="http://libmeta.ru/fme/formula/aux/1428_3_KOShI">y(x)</formula>
    <formula uri="http://libmeta.ru/fme/formula/aux/1428_4_KOShI">f(x, y)</formula>
    <formula uri="http://libmeta.ru/fme/formula/aux/1428_5_KOShI">n</formula>
  </formulas_aux>
  <relations/>
  <text> - задача о нахождении решения дифференциального уравнения (обыкновенного или с частными производными), удовлетворяющего начальным условиям. Рассмотрена О. Коши (А. Cauchy, 1823-24).

Примером К. з. может служить основная задача механики, когда по известным начальным положениям и скоростям частиц требуется при известном законе взаимодействия между ними определить движение частиц во времени.

Поскольку уравнения математич. физики, для к-рых ставится К. з., описывают реальные процессы, то естественно потребовать сушествования решения в определенном класce функций, его единственности, непрерывной зависимости решения от начальных данных. Даже в случае простейшей К. 3.

\[
URI[[http://libmeta.ru/fme/formula/main/1428_1_KOShI]]/URI
\]

где $URI[[http://libmeta.ru/fme/formula/aux/1428_1_KOShI]]/URI$ - заданная функция, выполнение этих требований накладывает ограничения на вид функции $URI[[http://libmeta.ru/fme/formula/aux/1428_2_KOShI]]/URI$.

Аналогично ставится К. з. для систем обыкновенных дифференциальных уравнений; при этом $URI[[http://libmeta.ru/fme/formula/aux/1428_3_KOShI]]/URI$ и $URI[[http://libmeta.ru/fme/formula/aux/1428_4_KOShI]]/URI$ вектор-функции в каком-либо векторном пространстве. Поскольку обыкновенное дифференциальное уравнение порядка $URI[[http://libmeta.ru/fme/formula/aux/1428_5_KOShI]]/URI$ сводится к системе уравнений первого порядка,</text>
  <text_orig> - задача о нахождении решения дифференциального уравнения (обыкновенного или с частными производными), удовлетворяющего начальным условиям. Рассмотрена О. Коши (А. Cauchy, 1823-24).

Примером К. з. может служить основная задача механики, когда по известным начальным положениям и скоростям частиц требуется при известном законе взаимодействия между ними определить движение частиц во времени.

Поскольку уравнения математич. физики, для к-рых ставится К. з., описывают реальные процессы, то естественно потребовать сушествования решения в определенном класce функций, его единственности, непрерывной зависимости решения от начальных данных. Даже в случае простейшей К. 3.

\[
d y / d x=f(x, y), y\left(x_{0}\right)=y_{0},
\]

где $f(x, y)$ - заданная функция, выполнение этих требований накладывает ограничения на вид функции $f(x, y)$.

Аналогично ставится К. з. для систем обыкновенных дифференциальных уравнений; при этом $y(x)$ и $f(x, y)$ вектор-функции в каком-либо векторном пространстве. Поскольку обыкновенное дифференциальное уравнение порядка $n$ сводится к системе уравнений первого порядка,</text_orig>
</article>
