<?xml version="1.0" ?>
<article uri="http://libmeta.ru/fme/article/142_BBGKI-URAVNENI">
  <title>ББГКИ-УРАВНЕНИЯ</title>
  <authors/>
  <title_short/>
  <pages>
    <start>38</start>
    <end>38</end>
  </pages>
  <literature>
    <literature_orig/>
  </literature>
  <formulas_main/>
  <formulas_aux/>
  <relations/>
  <text> - см. Боголюбова цепочка уравнений.</text>
  <text_orig> - см. Боголюбова цепочка уравнений.</text_orig>
</article>
