<?xml version="1.0" ?>
<article uri="http://libmeta.ru/fme/article/1438_KOShI-ADAMARA" alphabetic_pos="1440">
  <title>КОШИ-АДАМАРА ФОРМУЛА</title>
  <authors/>
  <title_short/>
  <pages>
    <start>302</start>
    <end>302</end>
  </pages>
  <literature>
    <literature_orig/>
  </literature>
  <formulas_main/>
  <formulas_aux/>
  <relations>
    <relation uri="http://libmeta.ru/fme/relation/1438_1_KOShI-ADAMARA">
      <rel_text>Степенной ряд</rel_text>
      <target>http://libmeta.ru/fme/article/2956_STEPENNOJ</target>
    </relation>
  </relations>
  <text>см. URI[[http://libmeta.ru/fme/relation/1438_1_KOShI-ADAMARA]]/URI.</text>
  <text_orig>сМ. Степенной ряд.</text_orig>
</article>
