<?xml version="1.0" ?>
<article uri="http://libmeta.ru/fme/article/143_BEJKERA-AHIEZERA">
  <title>БЕЙКЕРА-АХИЕЗЕРА ФУНКЦИЯ</title>
  <authors/>
  <title_short/>
  <pages>
    <start>38</start>
    <end>38</end>
  </pages>
  <literature>
    <literature_orig/>
  </literature>
  <formulas_main/>
  <formulas_aux/>
  <relations/>
  <text>см. Алгебро-геометрические методы в теории поля.

38 БАЗИС</text>
  <text_orig>см. Алгебро-геометрические методы в теории поля.

38 БАЗИС</text_orig>
</article>
