<?xml version="1.0" ?>
<article uri="http://libmeta.ru/fme/article/1441_KOShI-RIMANA" alphabetic_pos="1443">
  <title>КОШИ-РИМАНА УСЛОВИЯ, Д'АЛАМБЕРА-ЭЙЛЕРА УСЛОВИЯ</title>
  <authors/>
  <title_short/>
  <pages>
    <start>302</start>
    <end>302</end>
  </pages>
  <literature>
    <literature_orig>Лит.: [1] М а р к у ш е в и ч А. И., Теория аналитических функций, 2 изд., т. 1, М., 1967, гл. 1; [2] Ш а б а т Б. В., Введение в комплексный анализ, 2 изд., М., 1976, ч. 1, гл. 1, ч. 2, гл. 1.Е. Д. Соломенцев.</literature_orig>
    <unit>
      <author>Маркушевич А. И.</author>
      <title>Теория аналитических функций</title>
      <publication>2 изд., т. 1, М.</publication>
      <year>1967</year>
      <other>гл. 1</other>
    </unit>
    <unit>
      <author>Шабат Б. В.</author>
      <title>Введение в комплексный анализ</title>
      <publication>2 изд., М.</publication>
      <year>1976</year>
      <other>ч. 1, гл. 1, ч. 2, гл. 1.Е. Д. Соломенцев.</other>
    </unit>
  </literature>
  <formulas_main>
    <formula uri="http://libmeta.ru/fme/formula/main/1441_1_KOShI-RIMANA">w=f(z)=u+i v, z=x+i y,</formula>
    <formula uri="http://libmeta.ru/fme/formula/main/1441_2_KOShI-RIMANA">\frac{\partial u}{\partial x}=\frac{\partial v}{\partial y}, \quad \frac{\partial u}{\partial y}=-\frac{\partial v}{\partial x} .</formula>
    <formula uri="http://libmeta.ru/fme/formula/main/1441_3_KOShI-RIMANA">f^{\prime}(z)=\frac{\partial u}{\partial x}+i \frac{\partial v}{\partial x}=\frac{\partial v}{\partial y}-i \frac{\partial u}{\partial y}=\frac{\partial u}{\partial x}-i \frac{\partial u}{\partial y}=\frac{\partial v}{\partial y}+i \frac{\partial v}{\partial x} .</formula>
    <formula uri="http://libmeta.ru/fme/formula/main/1441_4_KOShI-RIMANA">\frac{\partial u}{\partial s}=\frac{\partial v}{\partial n}, \quad \frac{\partial u}{\partial n}=-\frac{\partial v}{\partial s}</formula>
    <formula uri="http://libmeta.ru/fme/formula/main/1441_5_KOShI-RIMANA">\frac{\partial u}{\partial r}=\frac{1}{r} \frac{\partial v}{\partial \varphi}, \quad \frac{1}{r} \frac{\partial u}{\partial \varphi}=-\frac{\partial v}{\partial r} .</formula>
    <formula uri="http://libmeta.ru/fme/formula/main/1441_6_KOShI-RIMANA">\frac{\partial}{\partial z}=\frac{1}{2}\left(\frac{\partial}{\partial x}-i \frac{\partial}{\partial y}\right), \frac{\partial}{\partial \bar{z}}=\frac{1}{2}\left(\frac{\partial}{\partial x}+i \frac{\partial}{\partial y}\right),</formula>
    <formula uri="http://libmeta.ru/fme/formula/main/1441_7_KOShI-RIMANA">\frac{\partial f}{\partial \bar{z}}=0</formula>
    <formula uri="http://libmeta.ru/fme/formula/main/1441_8_KOShI-RIMANA">z=\left(z_{1}, z_{2}, \ldots, z_{n}\right), z_{k}=x_{k}+i y_{k}, k=1,2, \ldots, n,</formula>
    <formula uri="http://libmeta.ru/fme/formula/main/1441_9_KOShI-RIMANA">\begin{aligned}&amp; u=\operatorname{Re} f(z)=u\left(x_{1}, x_{2}, \ldots, x_{n} ; y_{1}, y_{2}, \ldots, y_{n}\right), \\&amp; v=\operatorname{Im} f(z)=v\left(x_{1}, x_{2}, \ldots, x_{n} ; y_{1}, y_{2}, \ldots, y_{n}\right): \\&amp; \frac{\partial u}{\partial x_{k}}=\frac{\partial v}{\partial y_{k}}, \quad \frac{\partial u}{\partial y_{k}}=-\frac{\partial v}{\partial x_{k}}, \quad k=1,2, \ldots, n,\end{aligned}</formula>
    <formula uri="http://libmeta.ru/fme/formula/main/1441_10_KOShI-RIMANA">\frac{\partial f}{\partial \bar{z}_{k}}=0, \quad k=1,2, \ldots, n .</formula>
  </formulas_main>
  <formulas_aux>
    <formula uri="http://libmeta.ru/fme/formula/aux/1441_1_KOShI-RIMANA">u=u(x, y)</formula>
    <formula uri="http://libmeta.ru/fme/formula/aux/1441_2_KOShI-RIMANA">v=v(x, y)</formula>
    <formula uri="http://libmeta.ru/fme/formula/aux/1441_3_KOShI-RIMANA">f(z)</formula>
    <formula uri="http://libmeta.ru/fme/formula/aux/1441_4_KOShI-RIMANA">w=f(z)</formula>
    <formula uri="http://libmeta.ru/fme/formula/aux/1441_5_KOShI-RIMANA">d</formula>
    <formula uri="http://libmeta.ru/fme/formula/aux/1441_6_KOShI-RIMANA">z</formula>
    <formula uri="http://libmeta.ru/fme/formula/aux/1441_7_KOShI-RIMANA">z_{0}=x_{0}+i y_{0}</formula>
    <formula uri="http://libmeta.ru/fme/formula/aux/1441_8_KOShI-RIMANA">z_{0}</formula>
    <formula uri="http://libmeta.ru/fme/formula/aux/1441_9_KOShI-RIMANA">z</formula>
    <formula uri="http://libmeta.ru/fme/formula/aux/1441_10_KOShI-RIMANA">\boldsymbol{u}</formula>
    <formula uri="http://libmeta.ru/fme/formula/aux/1441_11_KOShI-RIMANA">\boldsymbol{v}</formula>
    <formula uri="http://libmeta.ru/fme/formula/aux/1441_12_KOShI-RIMANA">\left(x_{0}, y_{0}\right)</formula>
    <formula uri="http://libmeta.ru/fme/formula/aux/1441_13_KOShI-RIMANA">x</formula>
    <formula uri="http://libmeta.ru/fme/formula/aux/1441_14_KOShI-RIMANA">y</formula>
    <formula uri="http://libmeta.ru/fme/formula/aux/1441_15_KOShI-RIMANA">f^{\prime}(z)</formula>
    <formula uri="http://libmeta.ru/fme/formula/aux/1441_16_KOShI-RIMANA">d</formula>
    <formula uri="http://libmeta.ru/fme/formula/aux/1441_17_KOShI-RIMANA">f(z)</formula>
    <formula uri="http://libmeta.ru/fme/formula/aux/1441_18_KOShI-RIMANA">d</formula>
    <formula uri="http://libmeta.ru/fme/formula/aux/1441_19_KOShI-RIMANA">d</formula>
    <formula uri="http://libmeta.ru/fme/formula/aux/1441_20_KOShI-RIMANA">u</formula>
    <formula uri="http://libmeta.ru/fme/formula/aux/1441_21_KOShI-RIMANA">v</formula>
    <formula uri="http://libmeta.ru/fme/formula/aux/1441_22_KOShI-RIMANA">c^{2}(d)</formula>
    <formula uri="http://libmeta.ru/fme/formula/aux/1441_23_KOShI-RIMANA">x</formula>
    <formula uri="http://libmeta.ru/fme/formula/aux/1441_24_KOShI-RIMANA">\boldsymbol{y}</formula>
    <formula uri="http://libmeta.ru/fme/formula/aux/1441_25_KOShI-RIMANA">s</formula>
    <formula uri="http://libmeta.ru/fme/formula/aux/1441_26_KOShI-RIMANA">n</formula>
    <formula uri="http://libmeta.ru/fme/formula/aux/1441_27_KOShI-RIMANA">о \boldsymbol{x}</formula>
    <formula uri="http://libmeta.ru/fme/formula/aux/1441_28_KOShI-RIMANA">о y</formula>
    <formula uri="http://libmeta.ru/fme/formula/aux/1441_29_KOShI-RIMANA">(r, \varphi)</formula>
    <formula uri="http://libmeta.ru/fme/formula/aux/1441_30_KOShI-RIMANA">r \neq 0</formula>
    <formula uri="http://libmeta.ru/fme/formula/aux/1441_31_KOShI-RIMANA">f(z, \bar{z})</formula>
    <formula uri="http://libmeta.ru/fme/formula/aux/1441_32_KOShI-RIMANA">z</formula>
    <formula uri="http://libmeta.ru/fme/formula/aux/1441_33_KOShI-RIMANA">\bar{z}</formula>
    <formula uri="http://libmeta.ru/fme/formula/aux/1441_34_KOShI-RIMANA">z</formula>
    <formula uri="http://libmeta.ru/fme/formula/aux/1441_35_KOShI-RIMANA">\partial f / \partial \bar{z}=0</formula>
    <formula uri="http://libmeta.ru/fme/formula/aux/1441_36_KOShI-RIMANA">n&gt;1</formula>
    <formula uri="http://libmeta.ru/fme/formula/aux/1441_37_KOShI-RIMANA">u</formula>
    <formula uri="http://libmeta.ru/fme/formula/aux/1441_38_KOShI-RIMANA">v</formula>
    <formula uri="http://libmeta.ru/fme/formula/aux/1441_39_KOShI-RIMANA">\mathbb{c}^{2}</formula>
    <formula uri="http://libmeta.ru/fme/formula/aux/1441_40_KOShI-RIMANA">n \geqslant 1</formula>
    <formula uri="http://libmeta.ru/fme/formula/aux/1441_41_KOShI-RIMANA">x_{k}</formula>
    <formula uri="http://libmeta.ru/fme/formula/aux/1441_42_KOShI-RIMANA">y_{k}</formula>
    <formula uri="http://libmeta.ru/fme/formula/aux/1441_43_KOShI-RIMANA">n&gt;1</formula>
    <formula uri="http://libmeta.ru/fme/formula/aux/1441_44_KOShI-RIMANA">u</formula>
    <formula uri="http://libmeta.ru/fme/formula/aux/1441_45_KOShI-RIMANA">v</formula>
  </formulas_aux>
  <relations>
    <relation uri="http://libmeta.ru/fme/relation/1441_1_KOShI-RIMANA">
      <rel_text>гармонич</rel_text>
      <target>http://libmeta.ru/fme/article/522_GARMONIK</target>
    </relation>
    <relation uri="http://libmeta.ru/fme/relation/1441_2_KOShI-RIMANA">
      <rel_text>составляют</rel_text>
      <target>http://libmeta.ru/fme/article/2867_SOSTOJaNI</target>
    </relation>
    <relation uri="http://libmeta.ru/fme/relation/1441_3_KOShI-RIMANA">
      <rel_text>функциями</rel_text>
      <target>http://libmeta.ru/fme/article/3318_FUNKTsIONA</target>
    </relation>
    <relation uri="http://libmeta.ru/fme/relation/1441_4_KOShI-RIMANA">
      <rel_text>дифференцирования</rel_text>
      <target>http://libmeta.ru/fme/article/879_DIFFERENTsIRUEMOST</target>
    </relation>
    <relation uri="http://libmeta.ru/fme/relation/1441_5_KOShI-RIMANA">
      <rel_text>операторов комплексного</rel_text>
      <target>http://libmeta.ru/fme/article/1327_KOMPLEKSNOGO</target>
    </relation>
  </relations>
  <text>условия на действительную $URI[[http://libmeta.ru/fme/formula/aux/1441_1_KOShI-RIMANA]]/URI$ и мнимую $URI[[http://libmeta.ru/fme/formula/aux/1441_2_KOShI-RIMANA]]/URI$ части функции комплексного переменного

\[
URI[[http://libmeta.ru/fme/formula/main/1441_1_KOShI-RIMANA]]/URI
\]

обеспечивающие моногенность и аналитичность $URI[[http://libmeta.ru/fme/formula/aux/1441_3_KOShI-RIMANA]]/URI$ как функции комплексного переменного.

Для того чтобы функция $URI[[http://libmeta.ru/fme/formula/aux/1441_4_KOShI-RIMANA]]/URI$, определенная в нек-рой области $URI[[http://libmeta.ru/fme/formula/aux/1441_5_KOShI-RIMANA]]/URI$ комплексной плоскости $URI[[http://libmeta.ru/fme/formula/aux/1441_6_KOShI-RIMANA]]/URI$, была м о н о ге н н о й в точке $URI[[http://libmeta.ru/fme/formula/aux/1441_7_KOShI-RIMANA]]/URI$, то есть имела производную в точке $URI[[http://libmeta.ru/fme/formula/aux/1441_8_KOShI-RIMANA]]/URI$ как функция комплексного переменного $URI[[http://libmeta.ru/fme/formula/aux/1441_9_KOShI-RIMANA]]/URI$, необходимо и достаточно, чтобы ее действительная и мнимая части $URI[[http://libmeta.ru/fme/formula/aux/1441_10_KOShI-RIMANA]]/URI$ и $URI[[http://libmeta.ru/fme/formula/aux/1441_11_KOShI-RIMANA]]/URI$ были дифференцируемы в точке $URI[[http://libmeta.ru/fme/formula/aux/1441_12_KOShI-RIMANA]]/URI$ как функции действительных переменных $URI[[http://libmeta.ru/fme/formula/aux/1441_13_KOShI-RIMANA]]/URI$ и $URI[[http://libmeta.ru/fme/formula/aux/1441_14_KOShI-RIMANA]]/URI$ и чтобы, кроме того, в этой точке выполнялись условия Коши-Римана:

\[
URI[[http://libmeta.ru/fme/formula/main/1441_2_KOShI-RIMANA]]/URI
\]

Если К.-Р. у. выполнены, то производная $URI[[http://libmeta.ru/fme/formula/aux/1441_15_KOShI-RIMANA]]/URI$ представима в любой из следующих форм:

\[
URI[[http://libmeta.ru/fme/formula/main/1441_3_KOShI-RIMANA]]/URI
\]

Для того чтобы однозначная в области $URI[[http://libmeta.ru/fme/formula/aux/1441_16_KOShI-RIMANA]]/URI$ функция $URI[[http://libmeta.ru/fme/formula/aux/1441_17_KOShI-RIMANA]]/URI$ была аналитической в $URI[[http://libmeta.ru/fme/formula/aux/1441_18_KOShI-RIMANA]]/URI$, необходимо и достаточно, чтобы ее действительная и мнимая части были дифференцируемыми функциями, удовлетворяющими К.-Р.у. всюду в $URI[[http://libmeta.ru/fme/formula/aux/1441_19_KOShI-RIMANA]]/URI$. Функции $URI[[http://libmeta.ru/fme/formula/aux/1441_20_KOShI-RIMANA]]/URI$ и $URI[[http://libmeta.ru/fme/formula/aux/1441_21_KOShI-RIMANA]]/URI$ класса $URI[[http://libmeta.ru/fme/formula/aux/1441_22_KOShI-RIMANA]]/URI$, удовлетворяющие К.-Р. у. (1), являются, каждая по отдельности, гармоническими функциями от $URI[[http://libmeta.ru/fme/formula/aux/1441_23_KOShI-RIMANA]]/URI$ и $URI[[http://libmeta.ru/fme/formula/aux/1441_24_KOShI-RIMANA]]/URI$; условия (1) суть усло в ия с опря жен ност и этих двух гармонич. функций: зная одну из них, вторую можно найти интегрированием. Условия (1) справедливы для любых двух ортогональных направлений $URI[[http://libmeta.ru/fme/formula/aux/1441_25_KOShI-RIMANA]]/URI$ и $URI[[http://libmeta.ru/fme/formula/aux/1441_26_KOShI-RIMANA]]/URI$, ориентированных взаимно так же, как оси $URI[[http://libmeta.ru/fme/formula/aux/1441_27_KOShI-RIMANA]]/URI$ и $URI[[http://libmeta.ru/fme/formula/aux/1441_28_KOShI-RIMANA]]/URI$ в виде:

\[
URI[[http://libmeta.ru/fme/formula/main/1441_4_KOShI-RIMANA]]/URI
\]

Напр., в полярных координатах $URI[[http://libmeta.ru/fme/formula/aux/1441_29_KOShI-RIMANA]]/URI$ при $URI[[http://libmeta.ru/fme/formula/aux/1441_30_KOShI-RIMANA]]/URI$ :

\[
URI[[http://libmeta.ru/fme/formula/main/1441_5_KOShI-RIMANA]]/URI
\]

Введя операторы комплексного дифферен цирования

\[
URI[[http://libmeta.ru/fme/formula/main/1441_6_KOShI-RIMANA]]/URI
\]

К.-Р. у. (1) можно записать в виде

\[
URI[[http://libmeta.ru/fme/formula/main/1441_7_KOShI-RIMANA]]/URI
\]

Таким образом, дифференцируемая функция $URI[[http://libmeta.ru/fme/formula/aux/1441_31_KOShI-RIMANA]]/URI$ переменных $URI[[http://libmeta.ru/fme/formula/aux/1441_32_KOShI-RIMANA]]/URI$ и $URI[[http://libmeta.ru/fme/formula/aux/1441_33_KOShI-RIMANA]]/URI$ является аналитич. функцией от $URI[[http://libmeta.ru/fme/formula/aux/1441_34_KOShI-RIMANA]]/URI$ тогда и только тогда, когда $URI[[http://libmeta.ru/fme/formula/aux/1441_35_KOShI-RIMANA]]/URI$.

Для аналитич. функций многих комплексных переменных

\[
URI[[http://libmeta.ru/fme/formula/main/1441_8_KOShI-RIMANA]]/URI
\]

К.-Р.у. записываются в виде переопределенной при $URI[[http://libmeta.ru/fme/formula/aux/1441_36_KOShI-RIMANA]]/URI$ системы уравнений с частными производными для функций

\[
URI[[http://libmeta.ru/fme/formula/main/1441_9_KOShI-RIMANA]]/URI
\]

или, при помощи URI[[http://libmeta.ru/fme/relation/1441_5_KOShI-RIMANA]]/URI URI[[http://libmeta.ru/fme/relation/1441_4_KOShI-RIMANA]]/URI, в виде:

\[
URI[[http://libmeta.ru/fme/formula/main/1441_10_KOShI-RIMANA]]/URI
\]

Функции $URI[[http://libmeta.ru/fme/formula/aux/1441_37_KOShI-RIMANA]]/URI$ и $URI[[http://libmeta.ru/fme/formula/aux/1441_38_KOShI-RIMANA]]/URI$ класса $URI[[http://libmeta.ru/fme/formula/aux/1441_39_KOShI-RIMANA]]/URI$, удовлетворяющие условиям (2), являются при $URI[[http://libmeta.ru/fme/formula/aux/1441_40_KOShI-RIMANA]]/URI$, каждая по отдельности, плюригармоническими URI[[http://libmeta.ru/fme/relation/1441_3_KOShI-RIMANA]]/URI от переменных $URI[[http://libmeta.ru/fme/formula/aux/1441_41_KOShI-RIMANA]]/URI$ и $URI[[http://libmeta.ru/fme/formula/aux/1441_42_KOShI-RIMANA]]/URI$. Плюригармонич. функции при $URI[[http://libmeta.ru/fme/formula/aux/1441_43_KOShI-RIMANA]]/URI$ URI[[http://libmeta.ru/fme/relation/1441_2_KOShI-RIMANA]]/URI собственный подкласс класса URI[[http://libmeta.ru/fme/relation/1441_1_KOShI-RIMANA]]/URI. функций. Условия (2) суть усло в и я соп р я же н н ос т и двух плюригармонич. функций $URI[[http://libmeta.ru/fme/formula/aux/1441_44_KOShI-RIMANA]]/URI$ и $URI[[http://libmeta.ru/fme/formula/aux/1441_45_KOShI-RIMANA]]/URI$ : зная одну из них, другую можно найти интегрированием.</text>
  <text_orig>условия на действительную $u=u(x, y)$ и мнимую $v=v(x, y)$ части функции комплексного переменного

\[
w=f(z)=u+i v, z=x+i y,
\]

обеспечивающие моногенность и аналитичность $f(z)$ как функции комплексного переменного.

Для того чтобы функция $w=f(z)$, определенная в нек-рой области $D$ комплексной плоскости $z$, была м о н о ге н н о й в точке $z_{0}=x_{0}+i y_{0}$, то есть имела производную в точке $z_{0}$ как функция комплексного переменного $z$, необходимо и достаточно, чтобы ее действительная и мнимая части $\boldsymbol{u}$ и $\boldsymbol{v}$ были дифференцируемы в точке $\left(x_{0}, y_{0}\right)$ как функции действительных переменных $x$ и $y$ и чтобы, кроме того, в этой точке выполнялись условия Коши-Римана:

\[
\frac{\partial u}{\partial x}=\frac{\partial v}{\partial y}, \quad \frac{\partial u}{\partial y}=-\frac{\partial v}{\partial x} .
\]

Если К.-Р. у. выполнены, то производная $f^{\prime}(z)$ представима в любой из следующих форм:

\[
f^{\prime}(z)=\frac{\partial u}{\partial x}+i \frac{\partial v}{\partial x}=\frac{\partial v}{\partial y}-i \frac{\partial u}{\partial y}=\frac{\partial u}{\partial x}-i \frac{\partial u}{\partial y}=\frac{\partial v}{\partial y}+i \frac{\partial v}{\partial x} .
\]

Для того чтобы однозначная в области $D$ функция $f(z)$ была аналитической в $D$, необходимо и достаточно, чтобы ее действительная и мнимая части были дифференцируемыми функциями, удовлетворяющими К.-Р.у. всюду в $D$. Функции $u$ и $v$ класса $C^{2}(D)$, удовлетворяющие К.-Р. у. (1), являются, каждая по отдельности, гармоническими функциями от $x$ и $\boldsymbol{y}$; условия (1) суть усло в ия с опря жен ност и этих двух гармонич. функций: зная одну из них, вторую можно найти интегрированием. Условия (1) справедливы для любых двух ортогональных направлений $s$ и $n$, ориентированных взаимно так же, как оси $О \boldsymbol{x}$ и $О y$ в виде:

\[
\frac{\partial u}{\partial s}=\frac{\partial v}{\partial n}, \quad \frac{\partial u}{\partial n}=-\frac{\partial v}{\partial s}
\]

Напр., в полярных координатах $(r, \varphi)$ при $r \neq 0$ :

\[
\frac{\partial u}{\partial r}=\frac{1}{r} \frac{\partial v}{\partial \varphi}, \quad \frac{1}{r} \frac{\partial u}{\partial \varphi}=-\frac{\partial v}{\partial r} .
\]

Введя операторы комплексного дифферен цирования

\[
\frac{\partial}{\partial z}=\frac{1}{2}\left(\frac{\partial}{\partial x}-i \frac{\partial}{\partial y}\right), \frac{\partial}{\partial \bar{z}}=\frac{1}{2}\left(\frac{\partial}{\partial x}+i \frac{\partial}{\partial y}\right),
\]

К.-Р. у. (1) можно записать в виде

\[
\frac{\partial f}{\partial \bar{z}}=0
\]

Таким образом, дифференцируемая функция $f(z, \bar{z})$ переменных $z$ и $\bar{z}$ является аналитич. функцией от $z$ тогда и только тогда, когда $\partial f / \partial \bar{z}=0$.

Для аналитич. функций многих комплексных переменных

\[
z=\left(z_{1}, z_{2}, \ldots, z_{n}\right), z_{k}=x_{k}+i y_{k}, k=1,2, \ldots, n,
\]

К.-Р.у. записываются в виде переопределенной при $n&gt;1$ системы уравнений с частными производными для функций

\[
\begin{aligned}
&amp; u=\operatorname{Re} f(z)=u\left(x_{1}, x_{2}, \ldots, x_{n} ; y_{1}, y_{2}, \ldots, y_{n}\right), \\
&amp; v=\operatorname{Im} f(z)=v\left(x_{1}, x_{2}, \ldots, x_{n} ; y_{1}, y_{2}, \ldots, y_{n}\right): \\
&amp; \frac{\partial u}{\partial x_{k}}=\frac{\partial v}{\partial y_{k}}, \quad \frac{\partial u}{\partial y_{k}}=-\frac{\partial v}{\partial x_{k}}, \quad k=1,2, \ldots, n,
\end{aligned}
\]

или, при помощи операторов комплексного дифференцирования, в виде:

\[
\frac{\partial f}{\partial \bar{z}_{k}}=0, \quad k=1,2, \ldots, n .
\]

Функщии $u$ и $v$ класса $\mathbb{C}^{2}$, удовлетворяющие условиям (2), являются при $n \geqslant 1$, каждая по отдельности, плюригармоническими функциями от переменных $x_{k}$ и $y_{k}$. Плюригармонич. функции при $n&gt;1$ составляют собственный подкласс класса гармонич. функций. Условия (2) суть усло в и я соп р я же н н ос т и двух плюригармонич. функций $u$ и $v$ : зная одну из них, другую можно найти интегрированием.

Лит.: [1] М а р к у ш е в и ч А. И., Теория аналитических функций, 2 изд., т. 1, М., 1967, гл. 1; [2] Ш а б а т Б. В., Введение в комплексный анализ, 2 изд., М., 1976, ч. 1, гл. 1, ч. 2, гл. 1.Е. Д. Соломенцев.</text_orig>
</article>
