<?xml version="1.0" ?>
<article uri="http://libmeta.ru/fme/article/1443_KOEFFITsIENTNAJa" alphabetic_pos="1445">
  <title>КОЭФФИЦИЕНТНАЯ ФУНКЦИЯ</title>
  <authors/>
  <title_short/>
  <pages>
    <start>302</start>
    <end>302</end>
  </pages>
  <literature>
    <literature_orig/>
  </literature>
  <formulas_main/>
  <formulas_aux/>
  <relations>
    <relation uri="http://libmeta.ru/fme/relation/1443_1_KOEFFITsIENTNAJa">
      <rel_text>Производящий функционал</rel_text>
      <target>http://libmeta.ru/fme/article/2403_PROIZVODJaSchIJ</target>
    </relation>
  </relations>
  <text>см. URI[[http://libmeta.ru/fme/relation/1443_1_KOEFFITsIENTNAJa]]/URI.</text>
  <text_orig>см. Произвоящий функционал.</text_orig>
</article>
