<?xml version="1.0" ?>
<article uri="http://libmeta.ru/fme/article/1447_KRAEVYE">
  <title>КРАЕВЫЕ УСЛОВИЯ</title>
  <authors/>
  <title_short/>
  <pages>
    <start>304</start>
    <end>304</end>
  </pages>
  <literature>
    <literature_orig/>
  </literature>
  <formulas_main/>
  <formulas_aux/>
  <relations>
    <relation uri="http://libmeta.ru/fme/relation/1447_209_KRAEVYE">
      <rel_text>Краевая задача</rel_text>
      <target>http://libmeta.ru/fme/article/1444_KRAEVAJa</target>
    </relation>
  </relations>
  <text>см. URI[[http://libmeta.ru/fme/relation/1447_209_KRAEVYE]]/URI.</text>
  <text_orig>см. Краевая задача.</text_orig>
</article>
