<?xml version="1.0" ?>
<article uri="http://libmeta.ru/fme/article/1448_KRATNOE">
  <title>КРАТНОЕ ТЕРЕМЕШИВАНИЕ, ПЕРЕМЕШИВАНИЕ КРАТНОСТИ $r$</title>
  <authors>
    <author>Б. М. Гуревич</author>
  </authors>
  <title_short/>
  <pages>
    <start>305</start>
    <end>305</end>
  </pages>
  <literature>
    <literature_orig/>
  </literature>
  <formulas_main>
    <formula uri="http://libmeta.ru/fme/formula/main/1448_1_KRATNOE">\lim _{n \rightarrow \infty}\left[\mathrm{P}\left(\bigcap_{i=0}^{r} T^{-k_{i}(n)} A_{i}\right)-\prod_{i=0}^{r} \mathrm{P}\left(A_{i}\right)\right]=0</formula>
    <formula uri="http://libmeta.ru/fme/formula/main/1448_2_KRATNOE">\lim _{n \rightarrow \infty} \min _{0 \leqslant i&lt;j \leqslant r}\left|k_{i}(n)-k_{j}(n)\right|=0 .</formula>
  </formulas_main>
  <formulas_aux>
    <formula uri="http://libmeta.ru/fme/formula/aux/1448_1_KRATNOE">T</formula>
    <formula uri="http://libmeta.ru/fme/formula/aux/1448_2_KRATNOE">(\Omega, \mathscr{F}, \mathrm{P})</formula>
    <formula uri="http://libmeta.ru/fme/formula/aux/1448_3_KRATNOE">A_{0}, \ldots, A_{r}</formula>
    <formula uri="http://libmeta.ru/fme/formula/aux/1448_4_KRATNOE">\mathscr{F}</formula>
    <formula uri="http://libmeta.ru/fme/formula/aux/1448_5_KRATNOE">\left\{k_{i}(n), n=1,2, \ldots\right\}</formula>
    <formula uri="http://libmeta.ru/fme/formula/aux/1448_6_KRATNOE">i=0,1, \ldots, r,-</formula>
    <formula uri="http://libmeta.ru/fme/formula/aux/1448_7_KRATNOE">r \geqslant 2</formula>
    <formula uri="http://libmeta.ru/fme/formula/aux/1448_8_KRATNOE">r</formula>
    <formula uri="http://libmeta.ru/fme/formula/aux/1448_9_KRATNOE">(r+1)</formula>
    <formula uri="http://libmeta.ru/fme/formula/aux/1448_10_KRATNOE">r</formula>
    <formula uri="http://libmeta.ru/fme/formula/aux/1448_11_KRATNOE">1980 . \quad</formula>
  </formulas_aux>
  <relations/>
  <text> свойство динамической системы, выражаемое в случае эндоморфизма $URI[[http://libmeta.ru/fme/formula/aux/1448_1_KRATNOE]]/URI$ вероятностного пространства $URI[[http://libmeta.ru/fme/formula/aux/1448_2_KRATNOE]]/URI$ равенством

\[
URI[[http://libmeta.ru/fme/formula/main/1448_1_KRATNOE]]/URI
\]

где $URI[[http://libmeta.ru/fme/formula/aux/1448_3_KRATNOE]]/URI$ - любые множества из $URI[[http://libmeta.ru/fme/formula/aux/1448_4_KRATNOE]]/URI$ и $URI[[http://libmeta.ru/fme/formula/aux/1448_5_KRATNOE]]/URI$, $URI[[http://libmeta.ru/fme/formula/aux/1448_6_KRATNOE]]/URI$ любые последовательности натуральных чисел, для к-рых

\[
URI[[http://libmeta.ru/fme/formula/main/1448_2_KRATNOE]]/URI
\]

Для динамич. системы с непрерывным временем К. п. определяется аналогично. Перемешивание кратности 1 есть просто перемешивание; термин «К. п.» обычно употребляется по отношению к перемешиванию кратности $URI[[http://libmeta.ru/fme/formula/aux/1448_7_KRATNOE]]/URI$. Вопрос о совпадении или несовпадении классов $URI[[http://libmeta.ru/fme/formula/aux/1448_8_KRATNOE]]/URI$-кратно и $URI[[http://libmeta.ru/fme/formula/aux/1448_9_KRATNOE]]/URI$-кратно перемешивающих динамич. систем не решен ни, при одном $URI[[http://libmeta.ru/fme/formula/aux/1448_10_KRATNOE]]/URI$ (очевидно, первый из этих классов содержит второй). Лит.: [1] Рохлин В. А., «Известия АН СССР. Сер. матем.», 1949, т. 13, № 4, с. 329-40; [2] Корнфельд И. П., Синай Я. Г., Фо м и н С. В., Эргодическая теория, М., $URI[[http://libmeta.ru/fme/formula/aux/1448_11_KRATNOE]]/URI$</text>
  <text_orig> свойство динамической системы, выражаемое в случае эндоморфизма $T$ вероятностного пространства $(\Omega, \mathscr{F}, \mathrm{P})$ равенством

\[
\lim _{n \rightarrow \infty}\left[\mathrm{P}\left(\bigcap_{i=0}^{r} T^{-k_{i}(n)} A_{i}\right)-\prod_{i=0}^{r} \mathrm{P}\left(A_{i}\right)\right]=0
\]

где $A_{0}, \ldots, A_{r}$ - любые множества из $\mathscr{F}$ и $\left\{k_{i}(n), n=1,2, \ldots\right\}$, $i=0,1, \ldots, r,-$ любые последовательности натуральных чисел, для к-рых

\[
\lim _{n \rightarrow \infty} \min _{0 \leqslant i&lt;j \leqslant r}\left|k_{i}(n)-k_{j}(n)\right|=0 .
\]

Для динамич. системы с непрерывным временем К. п. определяется аналогично. Перемешивание кратности 1 есть просто перемешивание; термин «К. п.» обычно употребляется по отношению к перемешиванию кратности $r \geqslant 2$. Вопрос о совпадении или несовпадении классов $r$-кратно и $(r+1)$-кратно перемешивающих динамич. систем не решен ни, при одном $r$ (очевидно, первый из этих классов содержит второй). Лит.: [1] Рохлин В. А., «Известия АН СССР. Сер. матем.», 1949, т. 13, № 4, с. 329-40; [2] Корнфельд И. П., Синай Я. Г., Фо м и н С. В., Эргодическая теория, М., $1980 . \quad$ Б. М. Гуревич.</text_orig>
</article>
