<?xml version="1.0" ?>
<article uri="http://libmeta.ru/fme/article/1448_KRAMERSA-KRONIGA" alphabetic_pos="1450">
  <title>КРАМЕРСА-КРОНИГА СООТНОШЕНИЯ</title>
  <authors/>
  <pages>
    <start>304</start>
    <end>305</end>
  </pages>
  <literature>
    <literature_orig>Лum.: [1] Агр а нов и ч В. М., Ги н збург В. Л., Кристаллооптика с учетом пространственной дисперсии и теория экситонов, М., 1979; [2] Ки ржниц Д. А., «успехи физич. наук», 1987, т. 152, $\begin{array}{ll}\text { с. } 399 . &amp; \text { Д. А. Киржниц. } \\ \end{array}$</literature_orig>
    <unit>
      <author>Агранович В. М.</author>
      <author>Гинзбург В. Л.</author>
      <title>Кристаллооптика с учетом пространственной дисперсии и теория экситонов</title>
      <publication>М.</publication>
      <year>1979</year>
      <other/>
    </unit>
    <unit>
      <author>Киржниц Д. А.</author>
      <title>«успехи физич. наук»</title>
      <publication/>
      <year>1987</year>
      <other>т. 152, $\begin{array}{ll}\text { с. } 399 . &amp; \text { Д. А. Киржниц. } \\ \end{array}$</other>
    </unit>
  </literature>
  <formulas_main>
    <formula uri="http://libmeta.ru/fme/formula/main/1448_1_KRAMERSA-KRONIGA">\tilde{n}(\omega)=n(\omega)-i x(\omega)</formula>
    <formula uri="http://libmeta.ru/fme/formula/main/1448_2_KRAMERSA-KRONIGA">n(\omega)=1+\frac{1}{\pi} \int_{0}^{\infty} \frac{d x^{2} x(x)}{x^{2}-\omega^{2}}=n(0)+\frac{\omega^{2}}{\pi} \int_{0}^{\infty} \frac{d x^{2} x(x)}{x^{2}\left(x^{2}-\omega^{2}\right)}</formula>
    <formula uri="http://libmeta.ru/fme/formula/main/1448_3_KRAMERSA-KRONIGA">x(\omega)=-\frac{2 \omega}{\pi} \int_{0}^{\infty} \frac{d x n(x)}{x^{2}-\omega^{2}}</formula>
    <formula uri="http://libmeta.ru/fme/formula/main/1448_4_KRAMERSA-KRONIGA">\tilde{n}(\omega)=1+\frac{2 \pi e^{2} N}{m} \sum_{k} \frac{f_{0 k}}{\omega_{0 k}^{2}-\omega^{2}-i \gamma}</formula>
    <formula uri="http://libmeta.ru/fme/formula/main/1448_5_KRAMERSA-KRONIGA">\begin{gathered}\tilde{n}(\omega)=\left[\varepsilon_{t}(\omega, q)\right]^{1 / 2}=[\varepsilon(\omega, q) \mu(\omega, q)]^{1 / 2}, \\\cdots \quad q^{2}=\tilde{n}^{2} \omega^{2} / c^{2},\end{gathered}</formula>
    <formula uri="http://libmeta.ru/fme/formula/main/1448_6_KRAMERSA-KRONIGA">1 / \varepsilon(\omega, q), \varepsilon(\omega, 0) \equiv \varepsilon(\omega), 1 /\left[\omega^{2} \varepsilon_{t}(\omega, q)-q^{2} c^{2}\right]</formula>
    <formula uri="http://libmeta.ru/fme/formula/main/1448_7_KRAMERSA-KRONIGA">\varepsilon_{t}(\omega, q) \text { и } 1 / \varepsilon_{t}(\omega, q) .</formula>
    <formula uri="http://libmeta.ru/fme/formula/main/1448_8_KRAMERSA-KRONIGA">\mu(\omega, 0) \equiv \mu(\omega) \text { и } 1 / \mu(\omega)</formula>
  </formulas_main>
  <formulas_aux>
    <formula uri="http://libmeta.ru/fme/formula/aux/1448_1_KRAMERSA-KRONIGA">n(\omega)</formula>
    <formula uri="http://libmeta.ru/fme/formula/aux/1448_2_KRAMERSA-KRONIGA">x(\omega)(\omega-</formula>
    <formula uri="http://libmeta.ru/fme/formula/aux/1448_3_KRAMERSA-KRONIGA">\widetilde{n}(\omega)</formula>
    <formula uri="http://libmeta.ru/fme/formula/aux/1448_4_KRAMERSA-KRONIGA">\omega</formula>
    <formula uri="http://libmeta.ru/fme/formula/aux/1448_5_KRAMERSA-KRONIGA">n</formula>
    <formula uri="http://libmeta.ru/fme/formula/aux/1448_6_KRAMERSA-KRONIGA">\omega</formula>
    <formula uri="http://libmeta.ru/fme/formula/aux/1448_7_KRAMERSA-KRONIGA">\left(n-\right.</formula>
    <formula uri="http://libmeta.ru/fme/formula/aux/1448_8_KRAMERSA-KRONIGA">\omega_{0 k}</formula>
    <formula uri="http://libmeta.ru/fme/formula/aux/1448_9_KRAMERSA-KRONIGA">f_{0 k}-</formula>
    <formula uri="http://libmeta.ru/fme/formula/aux/1448_10_KRAMERSA-KRONIGA">k</formula>
    <formula uri="http://libmeta.ru/fme/formula/aux/1448_11_KRAMERSA-KRONIGA">\boldsymbol{e}</formula>
    <formula uri="http://libmeta.ru/fme/formula/aux/1448_12_KRAMERSA-KRONIGA">m-</formula>
    <formula uri="http://libmeta.ru/fme/formula/aux/1448_13_KRAMERSA-KRONIGA">\gamma</formula>
    <formula uri="http://libmeta.ru/fme/formula/aux/1448_14_KRAMERSA-KRONIGA">\widetilde{n}</formula>
    <formula uri="http://libmeta.ru/fme/formula/aux/1448_15_KRAMERSA-KRONIGA">\widetilde{n}(\omega)</formula>
    <formula uri="http://libmeta.ru/fme/formula/aux/1448_16_KRAMERSA-KRONIGA">\widetilde{n}(\omega)</formula>
    <formula uri="http://libmeta.ru/fme/formula/aux/1448_17_KRAMERSA-KRONIGA">\varepsilon-</formula>
    <formula uri="http://libmeta.ru/fme/formula/aux/1448_18_KRAMERSA-KRONIGA">\varepsilon_{t}=\varepsilon-q^{2} c^{2}(1 / \mu-1) / \omega^{2}-</formula>
    <formula uri="http://libmeta.ru/fme/formula/aux/1448_19_KRAMERSA-KRONIGA">\mu-</formula>
    <formula uri="http://libmeta.ru/fme/formula/aux/1448_20_KRAMERSA-KRONIGA">q-</formula>
    <formula uri="http://libmeta.ru/fme/formula/aux/1448_21_KRAMERSA-KRONIGA">\varepsilon_{t}(\omega, q)</formula>
    <formula uri="http://libmeta.ru/fme/formula/aux/1448_22_KRAMERSA-KRONIGA">\omega</formula>
    <formula uri="http://libmeta.ru/fme/formula/aux/1448_23_KRAMERSA-KRONIGA">\widetilde{n}(\omega)</formula>
    <formula uri="http://libmeta.ru/fme/formula/aux/1448_24_KRAMERSA-KRONIGA">(*)]</formula>
    <formula uri="http://libmeta.ru/fme/formula/aux/1448_25_KRAMERSA-KRONIGA">\varepsilon_{t}</formula>
    <formula uri="http://libmeta.ru/fme/formula/aux/1448_26_KRAMERSA-KRONIGA">q</formula>
    <formula uri="http://libmeta.ru/fme/formula/aux/1448_27_KRAMERSA-KRONIGA">\tilde{n}(\omega)</formula>
    <formula uri="http://libmeta.ru/fme/formula/aux/1448_28_KRAMERSA-KRONIGA">(\mu=1)</formula>
    <formula uri="http://libmeta.ru/fme/formula/aux/1448_29_KRAMERSA-KRONIGA">(q l \sim \omega l / c \ll 1, l-</formula>
    <formula uri="http://libmeta.ru/fme/formula/aux/1448_30_KRAMERSA-KRONIGA">\varepsilon_{t}(\omega, q) \approx \varepsilon(\omega), \tilde{n}(\omega)=\sqrt{\varepsilon(\omega)}</formula>
    <formula uri="http://libmeta.ru/fme/formula/aux/1448_31_KRAMERSA-KRONIGA">\varepsilon(\omega)</formula>
    <formula uri="http://libmeta.ru/fme/formula/aux/1448_32_KRAMERSA-KRONIGA">\omega</formula>
    <formula uri="http://libmeta.ru/fme/formula/aux/1448_33_KRAMERSA-KRONIGA">\operatorname{im} \varepsilon \geqslant 0</formula>
    <formula uri="http://libmeta.ru/fme/formula/aux/1448_34_KRAMERSA-KRONIGA">\varepsilon(\omega, q)</formula>
    <formula uri="http://libmeta.ru/fme/formula/aux/1448_35_KRAMERSA-KRONIGA">1 / \mu(\omega, q)</formula>
    <formula uri="http://libmeta.ru/fme/formula/aux/1448_36_KRAMERSA-KRONIGA">\varepsilon(0, q) \leqslant 0</formula>
    <formula uri="http://libmeta.ru/fme/formula/aux/1448_37_KRAMERSA-KRONIGA">\omega</formula>
    <formula uri="http://libmeta.ru/fme/formula/aux/1448_38_KRAMERSA-KRONIGA">\mu(\omega, q)</formula>
    <formula uri="http://libmeta.ru/fme/formula/aux/1448_39_KRAMERSA-KRONIGA">n(\omega)</formula>
    <formula uri="http://libmeta.ru/fme/formula/aux/1448_40_KRAMERSA-KRONIGA">x(\omega)</formula>
  </formulas_aux>
  <relations n="5">
    <relation uri="http://libmeta.ru/fme/relation/1448_1_KRAMERSA-KRONIGA">
      <rel_text>частных</rel_text>
      <target>http://libmeta.ru/fme/article/3412_ChASTOT</target>
    </relation>
    <relation uri="http://libmeta.ru/fme/relation/1448_2_KRAMERSA-KRONIGA">
      <rel_text>перечисленных</rel_text>
      <target>http://libmeta.ru/fme/article/2200_PEREMEShIVANI</target>
    </relation>
    <relation uri="http://libmeta.ru/fme/relation/1448_3_KRAMERSA-KRONIGA">
      <rel_text>дисперсионные соотношения</rel_text>
      <target>http://libmeta.ru/fme/article/855_DISPERSIONNYE</target>
    </relation>
    <relation uri="http://libmeta.ru/fme/relation/1448_4_KRAMERSA-KRONIGA">
      <rel_text>полуплоскости</rel_text>
      <target>http://libmeta.ru/fme/article/2306_POLUINVARIAN</target>
    </relation>
    <relation uri="http://libmeta.ru/fme/relation/1448_5_KRAMERSA-KRONIGA">
      <rel_text>полюс</rel_text>
      <target>http://libmeta.ru/fme/article/2317_POLJu</target>
    </relation>
  </relations>
  <text>дисперсионные соотношения для комплексного показателя преломления

\[
URI[[http://libmeta.ru/fme/formula/main/1448_1_KRAMERSA-KRONIGA]]/URI
\]

среды с частотной дисперсией, связывающие ее показатель преломления $URI[[http://libmeta.ru/fme/formula/aux/1448_1_KRAMERSA-KRONIGA]]/URI$ и коэффициент поглощения $URI[[http://libmeta.ru/fme/formula/aux/1448_2_KRAMERSA-KRONIGA]]/URI$ частота электромагнитной волны):

\[
URI[[http://libmeta.ru/fme/formula/main/1448_2_KRAMERSA-KRONIGA]]/URI
\]

(пря мое К.-К.с.);

\[
URI[[http://libmeta.ru/fme/formula/main/1448_3_KRAMERSA-KRONIGA]]/URI
\]

(обратное К.-К.с.). Установлены Х. Крамерсом (h. Kramers) и Р. Кронигом (r. Kronig) в 1927. К.-К. с. отражают аналитичность функции $URI[[http://libmeta.ru/fme/formula/aux/1448_3_KRAMERSA-KRONIGA]]/URI$ в верхней полуплоскости частоты $URI[[http://libmeta.ru/fme/formula/aux/1448_4_KRAMERSA-KRONIGA]]/URI$, рассматриваемой как комплексная переменная.

Физически К.-К. с. выражают существование жесткой связи дисперсии световой волны (зависимости показателя преломления $URI[[http://libmeta.ru/fme/formula/aux/1448_5_KRAMERSA-KRONIGA]]/URI$ от $URI[[http://libmeta.ru/fme/formula/aux/1448_6_KRAMERSA-KRONIGA]]/URI$ ) и ее поглощения. Уже для простейшей среды - идеального атомарного газа с

\[
URI[[http://libmeta.ru/fme/formula/main/1448_4_KRAMERSA-KRONIGA]]/URI
\]

$URI[[http://libmeta.ru/fme/formula/aux/1448_7_KRAMERSA-KRONIGA]]/URI$ концентрация атомов, $URI[[http://libmeta.ru/fme/formula/aux/1448_8_KRAMERSA-KRONIGA]]/URI$ и $URI[[http://libmeta.ru/fme/formula/aux/1448_9_KRAMERSA-KRONIGA]]/URI$ частота перехода и сила осцилляторов для $URI[[http://libmeta.ru/fme/formula/aux/1448_10_KRAMERSA-KRONIGA]]/URI$-го атомного уровня, $URI[[http://libmeta.ru/fme/formula/aux/1448_11_KRAMERSA-KRONIGA]]/URI$ и $URI[[http://libmeta.ru/fme/formula/aux/1448_12_KRAMERSA-KRONIGA]]/URI$ заряд и масса электрона, $URI[[http://libmeta.ru/fme/formula/aux/1448_13_KRAMERSA-KRONIGA]]/URI$ - слабое затухание) вблизи каждой линии перехода обнаруживаются связанные друг с другом дисперсия и поглощение света. К.-К. с. показывают, что такая связь существует для любой среды безотносительно к конкретным механизмам дисперсии и поглощения. В частности, у непоглощающей (прозрачной) во всей области частот среды не было бы и дисперсии.

Будучи частным (и исторически первым) примером дисперсионных соотношений, К.-К. с. имеют универсальную форму, не зависящую от структуры и динамики среды. Они выводятся из общего принципа причинности, примененного к электродинамич. функциям отклика. Однако поскольку связь комплексного показателя преломления $URI[[http://libmeta.ru/fme/formula/aux/1448_14_KRAMERSA-KRONIGA]]/URI$ с этими функциями в общем случае сложна, вывод об аналитичности функции $URI[[http://libmeta.ru/fme/formula/aux/1448_15_KRAMERSA-KRONIGA]]/URI$ можно сделать не всегда и соответственно К.-К. с. оказываются справедливыми далеко не для всех типов сред. Так, в случае однородной изотропной среды с пространственной дисперсией $URI[[http://libmeta.ru/fme/formula/aux/1448_16_KRAMERSA-KRONIGA]]/URI$ определяется (неявно) уравнением

\[
URI[[http://libmeta.ru/fme/formula/main/1448_5_KRAMERSA-KRONIGA]]/URI
\]

где $URI[[http://libmeta.ru/fme/formula/aux/1448_17_KRAMERSA-KRONIGA]]/URI$ обычная (продольная), $URI[[http://libmeta.ru/fme/formula/aux/1448_18_KRAMERSA-KRONIGA]]/URI$ поперечная диэлектрич. проницаемости, $URI[[http://libmeta.ru/fme/formula/aux/1448_19_KRAMERSA-KRONIGA]]/URI$ магнитная проницаемость, $URI[[http://libmeta.ru/fme/formula/aux/1448_20_KRAMERSA-KRONIGA]]/URI$ волновой вектор. Хотя функция $URI[[http://libmeta.ru/fme/formula/aux/1448_21_KRAMERSA-KRONIGA]]/URI$ аналитична в верхней полуплоскости $URI[[http://libmeta.ru/fme/formula/aux/1448_22_KRAMERSA-KRONIGA]]/URI$ и не имеет в этой области нулей [они превратились бы в точки ветвления функции $URI[[http://libmeta.ru/fme/formula/aux/1448_23_KRAMERSA-KRONIGA]]/URI$ из-за наличия корня в $URI[[http://libmeta.ru/fme/formula/aux/1448_24_KRAMERSA-KRONIGA]]/URI$, зависимость $URI[[http://libmeta.ru/fme/formula/aux/1448_25_KRAMERSA-KRONIGA]]/URI$ от $URI[[http://libmeta.ru/fme/formula/aux/1448_26_KRAMERSA-KRONIGA]]/URI$ усложняет вид функции $URI[[http://libmeta.ru/fme/formula/aux/1448_27_KRAMERSA-KRONIGA]]/URI$ и в общем случае лишает нас информации об ее аналитич. свойствах. К.-К. с. во всяком случае справедливы для любого равновесного немагнитного $URI[[http://libmeta.ru/fme/formula/aux/1448_28_KRAMERSA-KRONIGA]]/URI$ вещества со слабой пространственной дисперсией $URI[[http://libmeta.ru/fme/formula/aux/1448_29_KRAMERSA-KRONIGA]]/URI$ характерный внутренний параметр среды размерности длины). В этом случае $URI[[http://libmeta.ru/fme/formula/aux/1448_30_KRAMERSA-KRONIGA]]/URI$, где $URI[[http://libmeta.ru/fme/formula/aux/1448_31_KRAMERSA-KRONIGA]]/URI$ аналитична в верхней полуплоскости $URI[[http://libmeta.ru/fme/formula/aux/1448_32_KRAMERSA-KRONIGA]]/URI$ и не имеет в этой области нулей благодаря условию $URI[[http://libmeta.ru/fme/formula/aux/1448_33_KRAMERSA-KRONIGA]]/URI$.

Под К.-К. с. в широком смысле часто понимаются дисперсионные соотношения для электродинамич. функций отклика и связанных с ними величин. Сюда относятся функции

\[
URI[[http://libmeta.ru/fme/formula/main/1448_6_KRAMERSA-KRONIGA]]/URI
\]

а также

\[
URI[[http://libmeta.ru/fme/formula/main/1448_7_KRAMERSA-KRONIGA]]/URI
\] У функций $URI[[http://libmeta.ru/fme/formula/aux/1448_34_KRAMERSA-KRONIGA]]/URI$ и $URI[[http://libmeta.ru/fme/formula/aux/1448_35_KRAMERSA-KRONIGA]]/URI$ при достаточной силе взаимодействия между частицами среды [когда $URI[[http://libmeta.ru/fme/formula/aux/1448_36_KRAMERSA-KRONIGA]]/URI$ ] возникает URI[[http://libmeta.ru/fme/relation/1448_5_KRAMERSA-KRONIGA]]/URI в верхней URI[[http://libmeta.ru/fme/relation/1448_4_KRAMERSA-KRONIGA]]/URI $URI[[http://libmeta.ru/fme/formula/aux/1448_37_KRAMERSA-KRONIGA]]/URI$, нарушающий URI[[http://libmeta.ru/fme/relation/1448_3_KRAMERSA-KRONIGA]]/URI. Не существует также К.-К.с. и для $URI[[http://libmeta.ru/fme/formula/aux/1448_38_KRAMERSA-KRONIGA]]/URI$, а об аналитич. свойствах функций

\[
URI[[http://libmeta.ru/fme/formula/main/1448_8_KRAMERSA-KRONIGA]]/URI
\]

вообще нет информации. Отсутствие К.-К. с. для URI[[http://libmeta.ru/fme/relation/1448_2_KRAMERSA-KRONIGA]]/URI величин понимается как невозможность их общего и строгого вывода, что не исключает справедливости этих соотношений в отдельных URI[[http://libmeta.ru/fme/relation/1448_1_KRAMERSA-KRONIGA]]/URI случаях.

К.-К. с. используются при теоретич. описании свойств среды и особенностей распространения в ней световой волны. В практич. плане они дают возможность определить показатель преломления $URI[[http://libmeta.ru/fme/formula/aux/1448_39_KRAMERSA-KRONIGA]]/URI$ по приближенному (эмпирическому) виду коэффициента поглощения $URI[[http://libmeta.ru/fme/formula/aux/1448_40_KRAMERSA-KRONIGA]]/URI$.</text>
  <text_orig>дисперсионные соотношения для комплексного показателя преломления

\[
\tilde{n}(\omega)=n(\omega)-i x(\omega)
\]

среды с частотной дисперсией, связываюшие ее показатель преломления $n(\omega)$ и коэффициент поглощения $x(\omega)(\omega-$ частота электромагнитной волны):

\[
n(\omega)=1+\frac{1}{\pi} \int_{0}^{\infty} \frac{d x^{2} x(x)}{x^{2}-\omega^{2}}=n(0)+\frac{\omega^{2}}{\pi} \int_{0}^{\infty} \frac{d x^{2} x(x)}{x^{2}\left(x^{2}-\omega^{2}\right)}
\]

(пря мое К.-К.с.);

\[
x(\omega)=-\frac{2 \omega}{\pi} \int_{0}^{\infty} \frac{d x n(x)}{x^{2}-\omega^{2}}
\]

(обратное К.-К.с.). Установлены Х. Крамерсом (H. Kramers) и Р. Кронигом (R. Kronig) в 1927. К.-К. с. отражают аналитичность функции $\widetilde{n}(\omega)$ в верхней полуплоскости частоты $\omega$, рассматриваемой как комплексная переменная.

Физически К.-К. с. выражают существование жесткой связи дисперсии световой волны (зависимости показателя преломления $n$ от $\omega$ ) и ее поглощения. Уже для простейшей среды - идеального атомарного газа с

\[
\tilde{n}(\omega)=1+\frac{2 \pi e^{2} N}{m} \sum_{k} \frac{f_{0 k}}{\omega_{0 k}^{2}-\omega^{2}-i \gamma}
\]

$\left(N-\right.$ концентрация атомов, $\omega_{0 k}$ и $f_{0 k}-$ частота перехода и сила осцилляторов для $k$-го атомного уровня, $\boldsymbol{e}$ и $m-$ заряд и масса электрона, $\gamma$ - слабое затухание) вблизи каждой линии перехода обнаруживаются связанные друг с другом дисперсия и поглощение света. К.-К. с. показывают, что такая связь существует для любой среды безотносительно к конкретным механизмам дисперсии и поглощения. В частности, у непоглощающей (прозрачной) во всей области частот среды не было бы и дисперсии.

Будучи частным (и исторически первым) примером дисперсионных соотношений, К.-К. с. имеют универсальную форму, не зависяшую от структуры и динамики среды. Они выводятся из общего принципа причинности, примененного к электродинамич. функциям отклика. Однако поскольку связь комплексного показателя преломления $\widetilde{n}$ с этими функциями в общем случае сложна, вывод об аналитичности функции $\widetilde{n}(\omega)$ можно сделать не всегда и соответственно К.-К. с. оказываются справедливыми далеко не для всех типов сред. Так, в случае однородной изотропной среды с пространственной дисперсией $\widetilde{n}(\omega)$ определяется (неявно) уравнением

\[
\begin{gathered}
\tilde{n}(\omega)=\left[\varepsilon_{t}(\omega, q)\right]^{1 / 2}=[\varepsilon(\omega, q) \mu(\omega, q)]^{1 / 2}, \\
\cdots \quad q^{2}=\tilde{n}^{2} \omega^{2} / c^{2},
\end{gathered}
\]

где $\varepsilon-$ обычная (продольная), $\varepsilon_{t}=\varepsilon-q^{2} c^{2}(1 / \mu-1) / \omega^{2}-$ поперечная диэлектрич. проницаемости, $\mu-$ магнитная проницаемость, $q-$ волновой вектор. Хотя функция $\varepsilon_{t}(\omega, q)$ аналитична в верхней полуплоскости $\omega$ и не имеет в этой области нулей [они превратились бы в точки ветвления функции $\widetilde{n}(\omega)$ из-за наличия корня в $(*)]$, зависимость $\varepsilon_{t}$ от $q$ усложняет вид функции $\tilde{n}(\omega)$ и в общем случае лишает нас информации об ее аналитич. свойствах. К.-К. с. во всяком случае справедливы для любого равновесного немагнитного $(\mu=1)$ вещества со слабой пространственной дисперсией $(q l \sim \omega l / c \ll 1, l-$ характерный внутренний параметр среды размерности длины). В этом случае $\varepsilon_{t}(\omega, q) \approx \varepsilon(\omega), \tilde{n}(\omega)=\sqrt{\varepsilon(\omega)}$, где $\varepsilon(\omega)$ аналитична в верхней полуплоскости $\omega$ и не имеет в этой области нулей благодаря условию $\operatorname{Im} \varepsilon \geqslant 0$.

Под К.-К. с. в широком смысле часто понимаются дисперсионные соотношения для электродинамич. функций отклика и связанных с ними величин. Сюда относятся функции

\[
1 / \varepsilon(\omega, q), \varepsilon(\omega, 0) \equiv \varepsilon(\omega), 1 /\left[\omega^{2} \varepsilon_{t}(\omega, q)-q^{2} c^{2}\right]
\]

а также

\[
\varepsilon_{t}(\omega, q) \text { и } 1 / \varepsilon_{t}(\omega, q) .
\] У функций $\varepsilon(\omega, q)$ и $1 / \mu(\omega, q)$ при достаточной силе взаимодействия между частицами среды [когда $\varepsilon(0, q) \leqslant 0$ ] возникает полюс в верхней полуплоскости $\omega$, нарушающий дисперсионные соотношения. Не сушествует также К.-К.с. и для $\mu(\omega, q)$, а об аналитич. свойствах функций

\[
\mu(\omega, 0) \equiv \mu(\omega) \text { и } 1 / \mu(\omega)
\]

вообще нет информации. Отсутствие К.-К. с. для перечисленных величин понимается как невозможность их общего и строгого вывода, что не исключает справедливости этих соотношений в отдельных частных случаях.

К.-К. с. используются при теоретич. описании свойств среды и особенностей распространения в ней световой волны. В практич. плане они дают возможность определить показатель преломления $n(\omega)$ по приближенному (эмпирическому) виду коэффициента поглощения $x(\omega)$.

Лum.: [1] Агр а нов и ч В. М., Ги н збург В. Л., Кристаллооптика с учетом пространственной дисперсии и теория экситонов, М., 1979; [2] Ки ржниц Д. А., «Успехи физич. наук», 1987, т. 152, $\begin{array}{ll}\text { с. } 399 . &amp; \text { Д. А. Киржниц. } \\ \end{array}$</text_orig>
</article>
