<?xml version="1.0" ?>
<article uri="http://libmeta.ru/fme/article/149_BEL'TRAMI">
  <title>БЕЛЬТРАМИ УРАВНЕНИЕ</title>
  <author/>
  <title_short/>
  <pages>
    <start>39</start>
    <end>39</end>
  </pages>
  <literature>
    <literature_orig/>
  </literature>
  <formulas_main/>
  <formulas_aux/>
  <relations/>
  <text> - см. Лапласа - Бельтрами уравнение.
</text>
  <text_orig> - см. Лапласа - Бельтрами уравнение.
</text_orig>
</article>
