<?xml version="1.0" ?>
<article uri="http://libmeta.ru/fme/article/153_BEREZINA">
  <title>БЕРЕЗИНА ИНТЕГРАТ</title>
  <author/>
  <title_short/>
  <pages>
    <start>39</start>
    <end>39</end>
  </pages>
  <literature>
    <literature_orig/>
  </literature>
  <formulas_main/>
  <formulas_aux/>
  <relations/>
  <text> - см. Квантовое евклидово поле; решетчатые модели.
</text>
  <text_orig> - см. Квантовое евклидово поле; решетчатые модели.
</text_orig>
</article>
