<?xml version="1.0" ?>
<article uri="http://libmeta.ru/fme/article/154_BEREZINIA">
  <title>БЕРЕЗИНИАН</title>
  <author/>
  <title_short/>
  <pages>
    <start>39</start>
    <end>39</end>
  </pages>
  <literature>
    <literature_orig/>
  </literature>
  <formulas_main>
    <formula uri="http://libmeta.ru/fme/formula/main/154_1_BEREZINIA">\operatorname{Ber}(M)=\operatorname{det}\left(A-B D^{-1} C\right) \operatorname{det} D^{-1} .</formula>
  </formulas_main>
  <formulas_aux>
    <formula uri="http://libmeta.ru/fme/formula/aux/154_1_BEREZINIA">M=\left\|\begin{array}{ll}A &amp;amp; B \\ C &amp;amp; D\end{array}\right\|</formula>
    <formula uri="http://libmeta.ru/fme/formula/aux/154_2_BEREZINIA">A</formula>
    <formula uri="http://libmeta.ru/fme/formula/aux/154_3_BEREZINIA">D-</formula>
    <formula uri="http://libmeta.ru/fme/formula/aux/154_4_BEREZINIA">\operatorname{Ber}(M)</formula>
    <formula uri="http://libmeta.ru/fme/formula/aux/154_5_BEREZINIA">\mathrm{S} \operatorname{det}(M)</formula>
    <formula uri="http://libmeta.ru/fme/formula/aux/154_6_BEREZINIA">M</formula>
    <formula uri="http://libmeta.ru/fme/formula/aux/154_7_BEREZINIA">A</formula>
    <formula uri="http://libmeta.ru/fme/formula/aux/154_8_BEREZINIA">D-</formula>
    <formula uri="http://libmeta.ru/fme/formula/aux/154_9_BEREZINIA">B</formula>
    <formula uri="http://libmeta.ru/fme/formula/aux/154_10_BEREZINIA">C-</formula>
    <formula uri="http://libmeta.ru/fme/formula/aux/154_11_BEREZINIA">\begin{array}{ll}\text { с. 169-98. } &amp;amp; \text { С. А. Федотов. }\end{array}</formula>
  </formulas_aux>
  <relations/>
  <text> с упе р де те рминант, - характеристика блочной матрицы $URI[[http://libmeta.ru/fme/formula/aux/154_1_BEREZINIA]]/URI$ (где $URI[[http://libmeta.ru/fme/formula/aux/154_2_BEREZINIA]]/URI$ и $URI[[http://libmeta.ru/fme/formula/aux/154_3_BEREZINIA]]/URI$ невырожденные матрицы); обозначается $URI[[http://libmeta.ru/fme/formula/aux/154_4_BEREZINIA]]/URI$ или $URI[[http://libmeta.ru/fme/formula/aux/154_5_BEREZINIA]]/URI$. Вычисляется по формуле

\[
URI[[http://libmeta.ru/fme/formula/main/154_1_BEREZINIA]]/URI
\]

Б. служит аналогом якобиана при замене переменных в интеграле по коммутирующим и антикоммутируюшим переменным (см. [2], [3]). При этом элементы матрицы $URI[[http://libmeta.ru/fme/formula/aux/154_6_BEREZINIA]]/URI$ являются функциями от грассмановых переменных, причем элементы матриц $URI[[http://libmeta.ru/fme/formula/aux/154_7_BEREZINIA]]/URI$ и $URI[[http://libmeta.ru/fme/formula/aux/154_8_BEREZINIA]]/URI$ четные, а матриц $URI[[http://libmeta.ru/fme/formula/aux/154_9_BEREZINIA]]/URI$ и $URI[[http://libmeta.ru/fme/formula/aux/154_10_BEREZINIA]]/URI$ нечетные элементы грассмановой алгебры.

Б. - важное понятие теории функций от антикоммутируюших переменных - супе рматем а т ики, развитой в работах Ф. А. Березина (см. [1], [2]).

Лит.: [1] Бе р е и и Ф. А., Введение в алгебру и анализ с антикоммутируюшими переменными, М., 1983; [2] е го же, Метод вторичного квантования, 2 изд., М., 1986; [3] В ла д и м и ро в В. С., В оло вич И. В., &amp;quot;Теор. и матем. физика», 1984, т. 60, № 2, $URI[[http://libmeta.ru/fme/formula/aux/154_11_BEREZINIA]]/URI$
</text>
  <text_orig> с упе р де те рминант, - характеристика блочной матрицы $M=\left\|\begin{array}{ll}A &amp;amp; B \\ C &amp;amp; D\end{array}\right\|$ (где $A$ и $D-$ невырожденные матрицы); обозначается $\operatorname{Ber}(M)$ или $\mathrm{S} \operatorname{det}(M)$. Вычисляется по формуле

\[
\operatorname{Ber}(M)=\operatorname{det}\left(A-B D^{-1} C\right) \operatorname{det} D^{-1} .
\]

Б. служит аналогом якобиана при замене переменных в интеграле по коммутирующим и антикоммутируюшим переменным (см. [2], [3]). При этом элементы матрицы $M$ являются функциями от грассмановых переменных, причем элементы матриц $A$ и $D-$ четные, а матриц $B$ и $C-$ нечетные элементы грассмановой алгебры.

Б. - важное понятие теории функций от антикоммутируюших переменных - супе рматем а т ики, развитой в работах Ф. А. Березина (см. [1], [2]).

Лит.: [1] Бе р е и и Ф. А., Введение в алгебру и анализ с антикоммутируюшими переменными, М., 1983; [2] е го же, Метод вторичного квантования, 2 изд., М., 1986; [3] В ла д и м и ро в В. С., В оло вич И. В., &amp;quot;Теор. и матем. физика», 1984, т. 60, № 2, $\begin{array}{ll}\text { с. 169-98. } &amp;amp; \text { С. А. Федотов. }\end{array}$
</text_orig>
</article>
