<?xml version="1.0" ?>
<article uri="http://libmeta.ru/fme/article/15_AVTOKORRELJaTsIONNAJa">
  <title>АВТОКОРРЕЛЯЦИОННАЯ ФУНКЦИЯ</title>
  <authors/>
  <title_short/>
  <pages>
    <start>7</start>
    <end>8</end>
  </pages>
  <literature>
    <literature_orig/>
  </literature>
  <formulas_main>
    <formula uri="http://libmeta.ru/fme/formula/main/15_1_AVTOKORRELJaTsIONNAJa">k\left(t, t^{\prime}\right)=\mathrm{E}[\xi(t)-\mathrm{E} \xi(t)]\left[\xi\left(t^{\prime}\right)-\mathrm{E} \xi\left(t^{\prime}\right)\right],</formula>
    <formula uri="http://libmeta.ru/fme/formula/main/15_2_AVTOKORRELJaTsIONNAJa">k\left(t, t^{\prime}\right)=\mathrm{E}[\xi(t)-\mathrm{E} \xi(t)]\left[\xi\left(t^{\prime}\right)-\mathrm{E} \xi\left(t^{\prime}\right)\right]^{*} .</formula>
    <formula uri="http://libmeta.ru/fme/formula/main/15_3_AVTOKORRELJaTsIONNAJa">k\left(t, t^{\prime}\right)=\left\|k_{i j}\left(t, t^{\prime}\right)\right\|_{i, j=1}^{n}=\mathrm{E}[\xi(t)-\mathrm{E} \xi(t)] \otimes\left[\xi\left(t^{\prime}\right)-\mathrm{E} \xi\left(t^{\prime}\right)\right],</formula>
    <formula uri="http://libmeta.ru/fme/formula/main/15_4_AVTOKORRELJaTsIONNAJa">k\left(t, t^{\prime}\right)=k\left(t^{\prime}, t\right)</formula>
    <formula uri="http://libmeta.ru/fme/formula/main/15_5_AVTOKORRELJaTsIONNAJa">\sum_{i, j=1}^{n} k\left(t_{i}, t_{j}\right) z_{i} z_{j}^{*} \geqslant 0</formula>
    <formula uri="http://libmeta.ru/fme/formula/main/15_6_AVTOKORRELJaTsIONNAJa">\begin{gathered}
k\left(t, t^{\prime}\right)=k^{*}\left(t^{\prime}, t\right), \\
\sum_{i, j=1}^{n}\left(k\left(t_{i}, t_{j}\right) a_{i}, a_{j}\right) \geqslant 0,
\end{gathered}</formula>
    <formula uri="http://libmeta.ru/fme/formula/main/15_7_AVTOKORRELJaTsIONNAJa">k\left(t, t^{\prime}\right)=k\left|t-t^{\prime}\right|</formula>
  </formulas_main>
  <formulas_aux>
    <formula uri="http://libmeta.ru/fme/formula/aux/15_1_AVTOKORRELJaTsIONNAJa">\{\xi(t) ; t \in T\},-</formula>
    <formula uri="http://libmeta.ru/fme/formula/aux/15_2_AVTOKORRELJaTsIONNAJa">t, t^{\prime} \in T</formula>
    <formula uri="http://libmeta.ru/fme/formula/aux/15_3_AVTOKORRELJaTsIONNAJa">\{\xi(t)\}</formula>
    <formula uri="http://libmeta.ru/fme/formula/aux/15_4_AVTOKORRELJaTsIONNAJa">T-</formula>
    <formula uri="http://libmeta.ru/fme/formula/aux/15_5_AVTOKORRELJaTsIONNAJa">t</formula>
    <formula uri="http://libmeta.ru/fme/formula/aux/15_6_AVTOKORRELJaTsIONNAJa">k\left(t, t^{\prime}\right)-A</formula>
    <formula uri="http://libmeta.ru/fme/formula/aux/15_7_AVTOKORRELJaTsIONNAJa">T</formula>
    <formula uri="http://libmeta.ru/fme/formula/aux/15_8_AVTOKORRELJaTsIONNAJa">\{\xi(t)\}</formula>
    <formula uri="http://libmeta.ru/fme/formula/aux/15_9_AVTOKORRELJaTsIONNAJa">t \in T</formula>
    <formula uri="http://libmeta.ru/fme/formula/aux/15_10_AVTOKORRELJaTsIONNAJa">\mathrm{E} \xi^{2}(t)&amp;amp;lt;\infty</formula>
    <formula uri="http://libmeta.ru/fme/formula/aux/15_11_AVTOKORRELJaTsIONNAJa">\{\xi(t)\}</formula>
    <formula uri="http://libmeta.ru/fme/formula/aux/15_12_AVTOKORRELJaTsIONNAJa">\xi(t)=\zeta(t)+\dot{\eta}(t)</formula>
    <formula uri="http://libmeta.ru/fme/formula/aux/15_13_AVTOKORRELJaTsIONNAJa">\{\zeta(t)\},\{\eta(t)\}-</formula>
    <formula uri="http://libmeta.ru/fme/formula/aux/15_14_AVTOKORRELJaTsIONNAJa">\xi(t)=\left(\xi_{1}(t), \ldots, \xi_{n}(t)\right)-</formula>
    <formula uri="http://libmeta.ru/fme/formula/aux/15_15_AVTOKORRELJaTsIONNAJa">i=1, \ldots, n</formula>
    <formula uri="http://libmeta.ru/fme/formula/aux/15_16_AVTOKORRELJaTsIONNAJa">\left\{\xi_{i}(t)\right\}</formula>
    <formula uri="http://libmeta.ru/fme/formula/aux/15_17_AVTOKORRELJaTsIONNAJa">i \neq j</formula>
    <formula uri="http://libmeta.ru/fme/formula/aux/15_18_AVTOKORRELJaTsIONNAJa">\left\{\xi_{i}(t)\right\}</formula>
    <formula uri="http://libmeta.ru/fme/formula/aux/15_19_AVTOKORRELJaTsIONNAJa">\left\{\xi_{j}(t)\right\}</formula>
    <formula uri="http://libmeta.ru/fme/formula/aux/15_20_AVTOKORRELJaTsIONNAJa">n</formula>
    <formula uri="http://libmeta.ru/fme/formula/aux/15_21_AVTOKORRELJaTsIONNAJa">z_{1}, \ldots, z_{n}</formula>
    <formula uri="http://libmeta.ru/fme/formula/aux/15_22_AVTOKORRELJaTsIONNAJa">t_{1}, \ldots</formula>
    <formula uri="http://libmeta.ru/fme/formula/aux/15_23_AVTOKORRELJaTsIONNAJa">t_{n} \in T</formula>
    <formula uri="http://libmeta.ru/fme/formula/aux/15_24_AVTOKORRELJaTsIONNAJa">a_{i}, i=1, \ldots, n</formula>
    <formula uri="http://libmeta.ru/fme/formula/aux/15_25_AVTOKORRELJaTsIONNAJa">\mathbb{C}^{n}</formula>
    <formula uri="http://libmeta.ru/fme/formula/aux/15_26_AVTOKORRELJaTsIONNAJa">\{\xi(t)\}</formula>
    <formula uri="http://libmeta.ru/fme/formula/aux/15_27_AVTOKORRELJaTsIONNAJa">\left|t-t^{\prime}\right| \rightarrow \infty</formula>
    <formula uri="http://libmeta.ru/fme/formula/aux/15_28_AVTOKORRELJaTsIONNAJa">k(t) \rightarrow 0</formula>
    <formula uri="http://libmeta.ru/fme/formula/aux/15_29_AVTOKORRELJaTsIONNAJa">|t| \rightarrow \infty</formula>
    <formula uri="http://libmeta.ru/fme/formula/aux/15_30_AVTOKORRELJaTsIONNAJa">\{\xi(t)\}</formula>
  </formulas_aux>
  <relations/>
  <text> корреляционная функция д е й с т в и т л в но го случайн о го п ро це с с а $URI[[http://libmeta.ru/fme/formula/aux/15_1_AVTOKORRELJaTsIONNAJa]]/URI$ функция аргументов $URI[[http://libmeta.ru/fme/formula/aux/15_2_AVTOKORRELJaTsIONNAJa]]/URI$, определяемая равенством

\[
URI[[http://libmeta.ru/fme/formula/main/15_1_AVTOKORRELJaTsIONNAJa]]/URI
\]

где E - математическое ожидание по распределению вероятностей процесса $URI[[http://libmeta.ru/fme/formula/aux/15_3_AVTOKORRELJaTsIONNAJa]]/URI$. Если $URI[[http://libmeta.ru/fme/formula/aux/15_4_AVTOKORRELJaTsIONNAJa]]/URI$ подмножество действительной прямой, то часто в математич. физике параметр $URI[[http://libmeta.ru/fme/formula/aux/15_5_AVTOKORRELJaTsIONNAJa]]/URI$ интерпретируется как время. Аналогично А. ф. определяется для действительной случайной функции на множествах любой природы, в частности, если $URI[[http://libmeta.ru/fme/formula/aux/15_6_AVTOKORRELJaTsIONNAJa]]/URI$. ф. случайного поля, то $URI[[http://libmeta.ru/fme/formula/aux/15_7_AVTOKORRELJaTsIONNAJa]]/URI$ - подмножество конечномерного пространства либо периодического графа.

Для того чтобы А. ф. была определена, необходимо, чтобы процесс $URI[[http://libmeta.ru/fme/formula/aux/15_8_AVTOKORRELJaTsIONNAJa]]/URI$ при всех $URI[[http://libmeta.ru/fme/formula/aux/15_9_AVTOKORRELJaTsIONNAJa]]/URI$ имел конечный второй момент $URI[[http://libmeta.ru/fme/formula/aux/15_10_AVTOKORRELJaTsIONNAJa]]/URI$.

Если $URI[[http://libmeta.ru/fme/formula/aux/15_11_AVTOKORRELJaTsIONNAJa]]/URI$ - комплексный случайный процесс (что имеет место в задачах квантовой оптики, см., напр., Фотоотсчетов статистика), то есть $URI[[http://libmeta.ru/fme/formula/aux/15_12_AVTOKORRELJaTsIONNAJa]]/URI$, где $URI[[http://libmeta.ru/fme/formula/aux/15_13_AVTOKORRELJaTsIONNAJa]]/URI$ два экземпляра статистически независимых и статистически эквивалентных случайных процессов, то А. ф. определяется формулой

\[
URI[[http://libmeta.ru/fme/formula/main/15_2_AVTOKORRELJaTsIONNAJa]]/URI
\]

В случае же, если $URI[[http://libmeta.ru/fme/formula/aux/15_14_AVTOKORRELJaTsIONNAJa]]/URI$ многомерный действительный случайный процесс, то для его характеристики вводится корреляционная матричнозначная функция

\[
URI[[http://libmeta.ru/fme/formula/main/15_3_AVTOKORRELJaTsIONNAJa]]/URI
\]

диагональные элементы к-рой при $URI[[http://libmeta.ru/fme/formula/aux/15_15_AVTOKORRELJaTsIONNAJa]]/URI$ собственно и являются А. Ф. соответственно для процессов $URI[[http://libmeta.ru/fme/formula/aux/15_16_AVTOKORRELJaTsIONNAJa]]/URI$, а недиагональные элементы при $URI[[http://libmeta.ru/fme/formula/aux/15_17_AVTOKORRELJaTsIONNAJa]]/URI$ носят название в заим нокор е ляционных функций процессов $URI[[http://libmeta.ru/fme/formula/aux/15_18_AVTOKORRELJaTsIONNAJa]]/URI$ и $URI[[http://libmeta.ru/fme/formula/aux/15_19_AVTOKORRELJaTsIONNAJa]]/URI$.

Характеристич. свойствами А. Ф. являются симметрия

\[
URI[[http://libmeta.ru/fme/formula/main/15_4_AVTOKORRELJaTsIONNAJa]]/URI
\]

и положительная определенность

\[
URI[[http://libmeta.ru/fme/formula/main/15_5_AVTOKORRELJaTsIONNAJa]]/URI
\]

для любого $URI[[http://libmeta.ru/fme/formula/aux/15_20_AVTOKORRELJaTsIONNAJa]]/URI$, любых комплексных $URI[[http://libmeta.ru/fme/formula/aux/15_21_AVTOKORRELJaTsIONNAJa]]/URI$ и любых $URI[[http://libmeta.ru/fme/formula/aux/15_22_AVTOKORRELJaTsIONNAJa]]/URI$, $URI[[http://libmeta.ru/fme/formula/aux/15_23_AVTOKORRELJaTsIONNAJa]]/URI$, что непосредственно следует из определения. Для многомерного случайного процесса эти свойства А. Ф. соответственно записываются в виде

\[
URI[[http://libmeta.ru/fme/formula/main/15_6_AVTOKORRELJaTsIONNAJa]]/URI
\]

где $URI[[http://libmeta.ru/fme/formula/aux/15_24_AVTOKORRELJaTsIONNAJa]]/URI$,- любые векторы из $URI[[http://libmeta.ru/fme/formula/aux/15_25_AVTOKORRELJaTsIONNAJa]]/URI$. В случае стационарного процесса $URI[[http://libmeta.ru/fme/formula/aux/15_26_AVTOKORRELJaTsIONNAJa]]/URI$

\[
URI[[http://libmeta.ru/fme/formula/main/15_7_AVTOKORRELJaTsIONNAJa]]/URI
\] А. ф. является важной статистич. характеристикой случайного процесса, хотя и не определяет его полностью. Скорость убывания корреляций при $URI[[http://libmeta.ru/fme/formula/aux/15_27_AVTOKORRELJaTsIONNAJa]]/URI$ дает представление об эргодич. свойствах процесса. В частности, для стационарного процесса условие $URI[[http://libmeta.ru/fme/formula/aux/15_28_AVTOKORRELJaTsIONNAJa]]/URI$ при $URI[[http://libmeta.ru/fme/formula/aux/15_29_AVTOKORRELJaTsIONNAJa]]/URI$ влечет за собой свойство определяемости процесса $URI[[http://libmeta.ru/fme/formula/aux/15_30_AVTOKORRELJaTsIONNAJa]]/URI$ с вероятностью 1 одной реализацией.

Лит.: [1] Ги хман И. И., Скороход А. В., Введение в теорию случайных процессов, М., 1977; [2] Пугачев В. С., Синиц ы н И. Н., Стохастические дифференциальные системы, М., 1985. Ю. ІІ. Вирченко.</text>
  <text_orig> корреляционная функция д е й с т в и т л в но го случайн о го п ро це с с а $\{\xi(t) ; t \in T\},-$ функция аргументов $t, t^{\prime} \in T$, определяемая равенством

\[
k\left(t, t^{\prime}\right)=\mathrm{E}[\xi(t)-\mathrm{E} \xi(t)]\left[\xi\left(t^{\prime}\right)-\mathrm{E} \xi\left(t^{\prime}\right)\right],
\]

где E - математическое ожидание по распределению вероятностей процесса $\{\xi(t)\}$. Если $T-$ подмножество действительной прямой, то часто в математич. физике параметр $t$ интерпретируется как время. Аналогично А. ф. определяется для действительной случайной функции на множествах любой природы, в частности, если $k\left(t, t^{\prime}\right)-A$. ф. случайного поля, то $T$ - подмножество конечномерного пространства либо периодического графа.

Для того чтобы А. ф. была определена, необходимо, чтобы процесс $\{\xi(t)\}$ при всех $t \in T$ имел конечный второй момент $\mathrm{E} \xi^{2}(t)&amp;amp;lt;\infty$.

Если $\{\xi(t)\}$ - комплексный случайный процесс (что имеет место в задачах квантовой оптики, см., напр., Фотоотсчетов статистика), то есть $\xi(t)=\zeta(t)+\dot{\eta}(t)$, где $\{\zeta(t)\},\{\eta(t)\}-$ два экземпляра статистически независимых и статистически эквивалентных случайных процессов, то А. ф. определяется формулой

\[
k\left(t, t^{\prime}\right)=\mathrm{E}[\xi(t)-\mathrm{E} \xi(t)]\left[\xi\left(t^{\prime}\right)-\mathrm{E} \xi\left(t^{\prime}\right)\right]^{*} .
\]

В случае же, если $\xi(t)=\left(\xi_{1}(t), \ldots, \xi_{n}(t)\right)-$ многомерный действительный случайный процесс, то для его характеристики вводится корреляционная матричнозначная функция

\[
k\left(t, t^{\prime}\right)=\left\|k_{i j}\left(t, t^{\prime}\right)\right\|_{i, j=1}^{n}=\mathrm{E}[\xi(t)-\mathrm{E} \xi(t)] \otimes\left[\xi\left(t^{\prime}\right)-\mathrm{E} \xi\left(t^{\prime}\right)\right],
\]

диагональные элементы к-рой при $i=1, \ldots, n$ собственно и являются А. Ф. соответственно для процессов $\left\{\xi_{i}(t)\right\}$, а недиагональные элементы при $i \neq j$ носят название в заим нокор е ляционных функций процессов $\left\{\xi_{i}(t)\right\}$ и $\left\{\xi_{j}(t)\right\}$.

Характеристич. свойствами А. Ф. являются симметрия

\[
k\left(t, t^{\prime}\right)=k\left(t^{\prime}, t\right)
\]

и положительная определенность

\[
\sum_{i, j=1}^{n} k\left(t_{i}, t_{j}\right) z_{i} z_{j}^{*} \geqslant 0
\]

для любого $n$, любых комплексных $z_{1}, \ldots, z_{n}$ и любых $t_{1}, \ldots$, $t_{n} \in T$, что непосредственно следует из определения. Для многомерного случайного процесса эти свойства А. Ф. соответственно записываются в виде

\[
\begin{gathered}
k\left(t, t^{\prime}\right)=k^{*}\left(t^{\prime}, t\right), \\
\sum_{i, j=1}^{n}\left(k\left(t_{i}, t_{j}\right) a_{i}, a_{j}\right) \geqslant 0,
\end{gathered}
\]

где $a_{i}, i=1, \ldots, n$,- любые векторы из $\mathbb{C}^{n}$. В случае стационарного процесса $\{\xi(t)\}$

\[
k\left(t, t^{\prime}\right)=k\left|t-t^{\prime}\right|
\] А. ф. является важной статистич. характеристикой случайного процесса, хотя и не определяет его полностью. Скорость убывания корреляций при $\left|t-t^{\prime}\right| \rightarrow \infty$ дает представление об эргодич. свойствах процесса. В частности, для стационарного процесса условие $k(t) \rightarrow 0$ при $|t| \rightarrow \infty$ влечет за собой свойство определяемости процесса $\{\xi(t)\}$ с вероятностью 1 одной реализацией.

Лит.: [1] Ги хман И. И., Скороход А. В., Введение в теорию случайных процессов, М., 1977; [2] Пугачев В. С., Синиц ы н И. Н., Стохастические дифференциальные системы, М., 1985. Ю. ІІ. Вирченко.
</text_orig>
</article>
