<?xml version="1.0" ?>
<article uri="http://libmeta.ru/fme/article/163_BERNULLI">
  <title>БЕРНУЛЛИ УРАВНЕНИЕ</title>
  <authors>
    <author>С. Л. Вишневеикий</author>
  </authors>
  <title_short/>
  <pages>
    <start>40</start>
    <end>40</end>
  </pages>
  <literature>
    <literature_orig/>
  </literature>
  <formulas_main>
    <formula uri="http://libmeta.ru/fme/formula/main/163_1_BERNULLI">p=p(\rho),</formula>
    <formula uri="http://libmeta.ru/fme/formula/main/163_2_BERNULLI">U+\int \frac{d p}{\rho}+\frac{v^{2}}{2}=C,</formula>
    <formula uri="http://libmeta.ru/fme/formula/main/163_3_BERNULLI">g h+\frac{p}{\rho}+\frac{v^{2}}{2}=C</formula>
    <formula uri="http://libmeta.ru/fme/formula/main/163_4_BERNULLI">\frac{v}{v-1} \frac{p}{\rho}+\frac{v^{2}}{2}=\text { const }</formula>
    <formula uri="http://libmeta.ru/fme/formula/main/163_5_BERNULLI">\frac{v}{v-1} \frac{p}{\rho}=c_{p} T=H</formula>
    <formula uri="http://libmeta.ru/fme/formula/main/163_6_BERNULLI">H+v^{2} / 2=H_{0} \text {. }</formula>
  </formulas_main>
  <formulas_aux>
    <formula uri="http://libmeta.ru/fme/formula/aux/163_1_BERNULLI">\rho</formula>
    <formula uri="http://libmeta.ru/fme/formula/aux/163_2_BERNULLI">p</formula>
    <formula uri="http://libmeta.ru/fme/formula/aux/163_3_BERNULLI">U</formula>
    <formula uri="http://libmeta.ru/fme/formula/aux/163_4_BERNULLI">v-</formula>
    <formula uri="http://libmeta.ru/fme/formula/aux/163_5_BERNULLI">C</formula>
    <formula uri="http://libmeta.ru/fme/formula/aux/163_6_BERNULLI">U</formula>
    <formula uri="http://libmeta.ru/fme/formula/aux/163_7_BERNULLI">p(\rho)</formula>
    <formula uri="http://libmeta.ru/fme/formula/aux/163_8_BERNULLI">U=g h(h-</formula>
    <formula uri="http://libmeta.ru/fme/formula/aux/163_9_BERNULLI">g</formula>
    <formula uri="http://libmeta.ru/fme/formula/aux/163_10_BERNULLI">\rho</formula>
    <formula uri="http://libmeta.ru/fme/formula/aux/163_11_BERNULLI">\rho=</formula>
    <formula uri="http://libmeta.ru/fme/formula/aux/163_12_BERNULLI">\rho v^{2} / 2</formula>
    <formula uri="http://libmeta.ru/fme/formula/aux/163_13_BERNULLI">c_{p} / c_{v}=\gamma</formula>
    <formula uri="http://libmeta.ru/fme/formula/aux/163_14_BERNULLI">p / \rho^{\gamma}=</formula>
    <formula uri="http://libmeta.ru/fme/formula/aux/163_15_BERNULLI">T</formula>
    <formula uri="http://libmeta.ru/fme/formula/aux/163_16_BERNULLI">H</formula>
    <formula uri="http://libmeta.ru/fme/formula/aux/163_17_BERNULLI">\boldsymbol{H}_{0}, T_{0}=H_{0} / c_{p}, p_{0}, \rho_{0}</formula>
    <formula uri="http://libmeta.ru/fme/formula/aux/163_18_BERNULLI">v=0</formula>
  </formulas_aux>
  <relations/>
  <text> интеграл Бернулли, в гидроаэромеханике - результат интегрирования дифференциальных уравнений установившегося движения идеальной (невязкой и нетеплопроводной) баротропной жидкости, записанных в переменных Эйлера (см. Эйлера уравнение). В баротропной жидкости плотность $URI[[http://libmeta.ru/fme/formula/aux/163_1_BERNULLI]]/URI$ зависит только от давления $URI[[http://libmeta.ru/fme/formula/aux/163_2_BERNULLI]]/URI$, то есть

\[
URI[[http://libmeta.ru/fme/formula/main/163_1_BERNULLI]]/URI
\]

и Б. у. имеет вид

\[
URI[[http://libmeta.ru/fme/formula/main/163_2_BERNULLI]]/URI
\]

где $URI[[http://libmeta.ru/fme/formula/aux/163_3_BERNULLI]]/URI$ - потенциал поля объемных (массовых) сил, действующих на жидкость, $URI[[http://libmeta.ru/fme/formula/aux/163_4_BERNULLI]]/URI$ скорость течения, $URI[[http://libmeta.ru/fme/formula/aux/163_5_BERNULLI]]/URI$ - величина, постоянная на каждой линии тока или вихревой линии, но в общем случае изменяющая свое значение при переходе от одной линии к другой.

Если потенциал $URI[[http://libmeta.ru/fme/formula/aux/163_6_BERNULLI]]/URI$ и вид функции $URI[[http://libmeta.ru/fme/formula/aux/163_7_BERNULLI]]/URI$ известны, Б. у. выражается алгебраич. соотношением. В простейшем случае несжимаемой тяжелой жидкости, когда $URI[[http://libmeta.ru/fme/formula/aux/163_8_BERNULLI]]/URI$ высота жидкой частицы над нек-рой горизонтальной плоскостью, $URI[[http://libmeta.ru/fme/formula/aux/163_9_BERNULLI]]/URI$ - ускорение свободного падения), а $URI[[http://libmeta.ru/fme/formula/aux/163_10_BERNULLI]]/URI$ = const, имеем

\[
URI[[http://libmeta.ru/fme/formula/main/163_3_BERNULLI]]/URI
\]

Для этого случая уравнение было выведено Д. Бернулли (D. Bernoulli, 1738).

Умножив уравнение (2) на $URI[[http://libmeta.ru/fme/formula/aux/163_11_BERNULLI]]/URI$ const, получим, что сумма первых двух членов равна потенциальной энергии жидкости, а 3-й член $URI[[http://libmeta.ru/fme/formula/aux/163_12_BERNULLI]]/URI$, называемый с к ор ос т ны м на пором, или динамическим да влением, равен кинетич. энергии движущейся жидкости. Таким образом, Б. у. в виде (2) выражает закон сохранения энергии и устанавливает связь между давлением и скоростью движущейся жидкости: если вдоль линии тока скорость увеличивается, давление падает, и наоборот. Когда в нек-рых точках потока жидкости давление вследствие роста скорости должно стать ниже нек-рой малой положительной величины, близкой к давлению насыщенного пара этой жидкости, возникает так наз. к а в и т а ц и я - образование в капельной среде полостей, заполненных газом, паром или их смесью.

В случае обратимых адиабатных течений совершенного газа с отношением удельных теплоемкостей $URI[[http://libmeta.ru/fme/formula/aux/163_13_BERNULLI]]/URI$ имеем $URI[[http://libmeta.ru/fme/formula/aux/163_14_BERNULLI]]/URI$ const и из уравнения (1), пренебрегая влиянием силы тяжести, получим:

\[
URI[[http://libmeta.ru/fme/formula/main/163_4_BERNULLI]]/URI
\]

или, в силу термодинамич. соотношения

\[
URI[[http://libmeta.ru/fme/formula/main/163_5_BERNULLI]]/URI
\]

где $URI[[http://libmeta.ru/fme/formula/aux/163_15_BERNULLI]]/URI$ - абсолютная температура, $URI[[http://libmeta.ru/fme/formula/aux/163_16_BERNULLI]]/URI$ - энтальпия:

\[
URI[[http://libmeta.ru/fme/formula/main/163_6_BERNULLI]]/URI
\]

Б. у. для газов в форме (3) и (4) определяет параметры изоэнтропийного торможения: $URI[[http://libmeta.ru/fme/formula/aux/163_17_BERNULLI]]/URI$ на каждой линии тока, к-рых газ достигает при $URI[[http://libmeta.ru/fme/formula/aux/163_18_BERNULLI]]/URI$. Они называются соответственно полной энтальпией, температурой торможения, полным давлением или давлением торможения и плотностью торможения. Б.у. в форме (4) также выражает закон сохранения энергии для газов.

В технич. приложениях для осредненных по поперечному сечению параметров потока применяют так наз. обобщенное Б. у.: сохраняя форму уравнений (2)-(4), в левую часть включают работу сил трения (гидравлич. потери) и механич. работу (работу компрессора или турбины) с соответствующим знаком. Обобщенным Б. у. пользуются в гидравлике при расчете течений жидкостей и газов в трубопроводах и в машиностроении при расчете компрессоров, турбин, насосов и других гидравлич. и газовых машин.

Лит.: [1] Л ой ця нск и й Л. Г., Механика жидкости и газа, 5 изд., М., 1978; [2] Аб ра м о в и ч Г. Н., Прикладная газовая динамика, 4 изд., М., 1976; [3] Се д о в Л. И., Механика сплошной среды, 4 изд., т. 2, М., 1984.</text>
  <text_orig> интеграл Бернулли, в гидроаэромеханике - результат интегрирования дифференциальных уравнений установившегося движения идеальной (невязкой и нетеплопроводной) баротропной жидкости, записанных в переменных Эйлера (см. Эйлера уравнение). В баротропной жидкости плотность $\rho$ зависит только от давления $p$, то есть

\[
p=p(\rho),
\]

и Б. у. имеет вид

\[
U+\int \frac{d p}{\rho}+\frac{v^{2}}{2}=C,
\]

где $U$ - потенциал поля объемных (массовых) сил, действующих на жидкость, $v-$ скорость течения, $C$ - величина, постоянная на каждой линии тока или вихревой линии, но в общем случае изменяющая свое значение при переходе от одной линии к другой.

Если потенциал $U$ и вид функции $p(\rho)$ известны, Б. у. выражается алгебраич. соотношением. В простейшем случае несжимаемой тяжелой жидкости, когда $U=g h(h-$ высота жидкой частицы над нек-рой горизонтальной плоскостью, $g$ - ускорение свободного падения), а $\rho$ = const, имеем

\[
g h+\frac{p}{\rho}+\frac{v^{2}}{2}=C
\]

Для этого случая уравнение было выведено Д. Бернулли (D. Bernoulli, 1738).

Умножив уравнение (2) на $\rho=$ const, получим, что сумма первых двух членов равна потенциальной энергии жидкости, а 3-й член $\rho v^{2} / 2$, называемый с к ор ос т ны м на пором, или динамическим да влением, равен кинетич. энергии движущейся жидкости. Таким образом, Б. у. в виде (2) выражает закон сохранения энергии и устанавливает связь между давлением и скоростью движущейся жидкости: если вдоль линии тока скорость увеличивается, давление падает, и наоборот. Когда в нек-рых точках потока жидкости давление вследствие роста скорости должно стать ниже нек-рой малой положительной величины, близкой к давлению насыщенного пара этой жидкости, возникает так наз. к а в и т а ц и я - образование в капельной среде полостей, заполненных газом, паром или их смесью.

В случае обратимых адиабатных течений совершенного газа с отношением удельных теплоемкостей $c_{p} / c_{v}=\gamma$ имеем $p / \rho^{\gamma}=$ const и из уравнения (1), пренебрегая влиянием силы тяжести, получим:

\[
\frac{v}{v-1} \frac{p}{\rho}+\frac{v^{2}}{2}=\text { const }
\]

или, в силу термодинамич. соотношения

\[
\frac{v}{v-1} \frac{p}{\rho}=c_{p} T=H
\]

где $T$ - абсолютная температура, $H$ - энтальпия:

\[
H+v^{2} / 2=H_{0} \text {. }
\]

Б. у. для газов в форме (3) и (4) определяет параметры изоэнтропийного торможения: $\boldsymbol{H}_{0}, T_{0}=H_{0} / c_{p}, p_{0}, \rho_{0}$ на каждой линии тока, к-рых газ достигает при $v=0$. Они называются соответственно полной энтальпией, температурой торможения, полным давлением или давлением торможения и плотностью торможения. Б.у. в форме (4) также выражает закон сохранения энергии для газов.

В технич. приложениях для осредненных по поперечному сечению параметров потока применяют так наз. обобщенное Б. у.: сохраняя форму уравнений (2)-(4), в левую часть включают работу сил трения (гидравлич. потери) и механич. работу (работу компрессора или турбины) с соответствующим знаком. Обобщенным Б. у. пользуются в гидравлике при расчете течений жидкостей и газов в трубопроводах и в машиностроении при расчете компрессоров, турбин, насосов и других гидравлич. и газовых машин.

Лит.: [1] Л ой ця нск и й Л. Г., Механика жидкости и газа, 5 изд., М., 1978; [2] Аб ра м о в и ч Г. Н., Прикладная газовая динамика, 4 изд., М., 1976; [3] Се д о в Л. И., Механика сплошной среды, 4 изд., т. 2, М., 1984. С. Л. Вишневеикий.</text_orig>
</article>
