<?xml version="1.0" ?>
<article uri="http://libmeta.ru/fme/article/164_BERNShTEJNA">
  <title>БЕРНШТЕЙНА МНОГОЧЛЕН</title>
  <authors>
    <author>С. В. Чмутов</author>
  </authors>
  <title_short/>
  <pages>
    <start>40</start>
    <end>40</end>
  </pages>
  <literature>
    <literature_orig/>
  </literature>
  <formulas_main>
    <formula uri="http://libmeta.ru/fme/formula/main/164_1_BERNShTEJNA">P(x, \lambda, \partial / \partial x) f^{\lambda}=B(\lambda) f^{\lambda-1} \text {. }</formula>
  </formulas_main>
  <formulas_aux>
    <formula uri="http://libmeta.ru/fme/formula/aux/164_1_BERNShTEJNA">f</formula>
    <formula uri="http://libmeta.ru/fme/formula/aux/164_2_BERNShTEJNA">B(\lambda)</formula>
    <formula uri="http://libmeta.ru/fme/formula/aux/164_3_BERNShTEJNA">P(x, \lambda, \partial / \partial x)</formula>
    <formula uri="http://libmeta.ru/fme/formula/aux/164_4_BERNShTEJNA">P</formula>
    <formula uri="http://libmeta.ru/fme/formula/aux/164_5_BERNShTEJNA">x</formula>
    <formula uri="http://libmeta.ru/fme/formula/aux/164_6_BERNShTEJNA">\lambda</formula>
  </formulas_aux>
  <relations/>
  <text> р остка $URI[[http://libmeta.ru/fme/formula/aux/164_1_BERNShTEJNA]]/URI$ голомор фн о й функ ц и и - унитарная образующая идеала, состоящего из таких многочленов $URI[[http://libmeta.ru/fme/formula/aux/164_2_BERNShTEJNA]]/URI$, для которых существует дифференциальный оператор $URI[[http://libmeta.ru/fme/formula/aux/164_3_BERNShTEJNA]]/URI$ со свойством

\[
URI[[http://libmeta.ru/fme/formula/main/164_1_BERNShTEJNA]]/URI
\]

Коэффициенты $URI[[http://libmeta.ru/fme/formula/aux/164_4_BERNShTEJNA]]/URI$ должны быть голоморфны по $URI[[http://libmeta.ru/fme/formula/aux/164_5_BERNShTEJNA]]/URI$ и полиномиальны по $URI[[http://libmeta.ru/fme/formula/aux/164_6_BERNShTEJNA]]/URI$.</text>
  <text_orig> р остка $f$ голомор фн о й функ ц и и - унитарная образующая идеала, состоящего из таких многочленов $B(\lambda)$, для которых существует дифференциальный оператор $P(x, \lambda, \partial / \partial x)$ со свойством

\[
P(x, \lambda, \partial / \partial x) f^{\lambda}=B(\lambda) f^{\lambda-1} \text {. }
\]

Коэффициенты $P$ должны быть голоморфны по $x$ и полиномиальны по $\lambda$.

С. В. Чмутов.
</text_orig>
</article>
