<?xml version="1.0" encoding="UTF-8"?>
<description xmlns="http://openoffice.org/extensions/description/2006" xmlns:d="http://openoffice.org/extensions/description/2006"  xmlns:xlink="http://www.w3.org/1999/xlink">
    <version value="2020.02.14" />
    <identifier value="org.openoffice.af.hunspell.dictionaries" />
    <display-name>
        <name lang="en-US">Afrikaans spelling dictionary, and hyphenation rules</name>
        <name lang="af">Afrikaanse speltoetser en woordafbreekreëls</name>
        <name lang="am">Afrikaans spelling dictionary, and hyphenation rules</name>
        <name lang="ar">قاموس التدقيق الإملائي للُّغة الأفريكانية وقواعد الواصلة</name>
        <name lang="as">আফ্ৰিকান্চ বানান শব্দকোষ, আৰু হাইফেনেষণ নিয়মসমূহ</name>
        <name lang="ast">Diccionariu ortográficu y regles de separtación silábica pal afrikaans</name>
        <name lang="be">Афрыканс, правапісны слоўнік і правілы пераносаў</name>
        <name lang="bg">Правописен речник и правила за сричкопренасяне за африкаанс</name>
        <name lang="bn">Afrikaans spelling dictionary, and hyphenation rules</name>
        <name lang="bn-IN">আফ্রিকান্স বানান পরীক্ষণের অভিধান এবং হাইফেন প্রয়োগের নিয়ম</name>
        <name lang="bo">Afrikaans spelling dictionary, and hyphenation rules</name>
        <name lang="br">Geriadur ar reizhskrivañ ha reolennoù an troc'hañ-gerioù evit an afrikaaneg</name>
        <name lang="brx">Afrikaans spelling dictionary, and hyphenation rules</name>
        <name lang="bs">Rječnik pravopisa i pravila rastavljanja riječi na kraju reda za jezik afrikaans</name>
        <name lang="ca">Afrikaans: corrector ortogràfic i partició de mots</name>
        <name lang="ca-valencia">Afrikaans: corrector ortogràfic i partició de mots</name>
        <name lang="ckb">فەرهەنگی ڕێنووسی عەرەبی، یاساکانی ڕێزمانی</name>
        <name lang="cs">Slovník kontroly pravopisu a dělení slov pro afrikánštinu</name>
        <name lang="cy">Affrikans - geiriadur sillafu, a rheolau cysylltnodi</name>
        <name lang="da">Afrikaans stavekontrol, ordbog og orddelingsregler</name>
        <name lang="de">Afrikaanses Wörterbuch für Rechtschreibprüfung und Silbentrennung</name>
        <name lang="dgo">अफ़्रीकी शब्द-जोड़ शब्दकोश ते जोड़-चिʼन्नीकरण नियम</name>
        <name lang="dsb">Afrikaanski pšawopisny słownik a pšawidła źělenja złožkow</name>
        <name lang="dz">Afrikaans spelling dictionary, and hyphenation rules</name>
        <name lang="el">Λεξικό ορθογραφίας αφρικάανς και κανόνες συλλαβισμού</name>
        <name lang="en-GB">Afrikaans spelling dictionary, and hyphenation rules</name>
        <name lang="en-ZA">Afrikaans spelling dictionary, and hyphenation rules</name>
        <name lang="eo">Afrikansa ortografia vortaro, kaj vortdividaj reguloj</name>
        <name lang="es">Afrikáans: corrector ortográfico y reglas de corte de palabras</name>
        <name lang="et">Afrikaani keele õigekirjakontrolli sõnastik ja poolitusreeglid</name>
        <name lang="eu">Afrikaansaren ortografia-egiaztatzailea eta hitzak zatitzeko arauak</name>
        <name lang="fa">واژه‌نامه املایی و قوانین خط‌فاصله‌گذاری زبان آفریقایی</name>
        <name lang="fi">Afrikaansin oikolukusanasto ja tavutussäännöt</name>
        <name lang="fr">Dictionnaire orthographique et règles de coupure des mots afrikaans</name>
        <name lang="fur">Dizionari ortografic afrikaans e regulis di silabazion</name>
        <name lang="fy">Afrikaansk wurdboek foar stavering en wurdôfbrekkingsregels</name>
        <name lang="ga">Foclóir litrithe agus fleiscínithe don Afracáinis</name>
        <name lang="gd">Faclair litreachadh is riaghailtean tàthanachadh na h-Afraganais</name>
        <name lang="gl">Dicionario ortográfico e regras de guionización para africáner</name>
        <name lang="gu">આફ્રિકન જોડણી ચકાસણી શબ્દકોષ, અને હાઇફનેશન નિયમો</name>
        <name lang="gug">Afrikáans: corrector ortográfico ha división ñe'ẽgui</name>
        <name lang="he">רשימת מילים לבודק איות וכללי מיקוף באפריקאנס</name>
        <name lang="hi">अफ्रीकांस वर्तनी शब्दकोश और समासन नियम</name>
        <name lang="hr">Provjera pravopisa i rastavljanje riječi afrikaans jezika</name>
        <name lang="hsb">Afrikaanski prawopisny słownik a prawidła dźělenja złóžkow</name>
        <name lang="hu">Afrikaans helyesírási szótár és elválasztási szabályok</name>
        <name lang="id">Kamus ejaan dan aturan pemutusan suku kata bahasa Afrikaan</name>
        <name lang="is">Stafsetningarorðasafn, orðskiptireglur, og samheitaorðasafn fyrir Afrikaans</name>
        <name lang="it">Dizionario ortografico afrikaans e regole di sillabazione</name>
        <name lang="ja">アフリカーンス語スペル辞書とハイフネーション規則</name>
        <name lang="ka">Afrikaans spelling dictionary, and hyphenation rules</name>
        <name lang="kab">Amawal n teɣdira d ilugan n unegzum n wawalen n tefrikant</name>
        <name lang="kk">Африкаанс емле сөздігі және тасымалдау ережелері</name>
        <name lang="km">វចនានុក្រម​អក្ខរាវិរុទ្ធ​ភាសា​អាហ្វ្រីកាអាន និង​គោលការណ៍​ដាក់​សហសញ្ញា</name>
        <name lang="kmr-Latn">Afrikaans spelling dictionary, and hyphenation rules</name>
        <name lang="kn">ಆಫ್ರಿಕಾನ್ಸ್‍ ಕಾಗುಣಿತ ಶಬ್ಧಕೋಶ, ಹೈಫನೇಶನ್ ನಿಯಮಗಳು</name>
        <name lang="ko">아프리칸스어 맞춤법 사전, 하이픈 규칙</name>
        <name lang="kok">आफ्रिकान्स वर्णरचमा शब्दकोश,आनी संयोगचिन्नाचे नेमAfrikagaranchi OkxorRochona Xobdkox, ani Xobdkox, somyog chinna Niyom</name>
        <name lang="ks">Afrikaans spelling dictionary, and hyphenation rules</name>
        <name lang="lb">Spellchecker, Silbentrennung an Thesaurus fir Afrikaans</name>
        <name lang="lo">ພົດຈະນານຸກົມສະກົດຄຳພາສາ Afrikaans ແລະ ກົດການເຊື່ອມໂຍ່ງ</name>
        <name lang="lt">Afrikanų kalbos rašybos tikrinimo ir žodžių kėlybos žodynai</name>
        <name lang="lv">Afrikandu pareizrakstības vārdnīca un zilbjdales kārtulas</name>
        <name lang="mai">Afrikaans spelling dictionary, and hyphenation rules</name>
        <name lang="mk">Afrikaans spelling dictionary, and hyphenation rules</name>
        <name lang="ml">ആഫ്രിക്കാന്‍സിനുള്ള സ്പെല്ലിങ് നിഘണ്ടുവും ഹൈഫനേഷന്‍ നിയമങ്ങളും.</name>
        <name lang="mn">Африк хэлний зөв бичгийн ба үеэр таслах дүрмийн толь бичиг</name>
        <name lang="mni">আফ্রিকানসগী বানানগী দিক্সনারি, অমসুং হাইফেনেসনগী রুলশিং</name>
        <name lang="mr">आफ्रिकांस् शुध्दलेखन शब्दकोश, व हायफनेशन रूल्स्</name>
        <name lang="my">Afrikaans spelling dictionary, and hyphenation rules</name>
        <name lang="nb">Afrikaans stavekontroll og orddeling</name>
        <name lang="ne">अफ्रीकी हिज्जे शब्दकोश, र योजकचिन्ह राख्ने कार्य नियमहरू</name>
        <name lang="nl">Woordenboek met Afrikaanse spelling en woordafbrekingsregels</name>
        <name lang="nn">Afrikaans stavekontroll og orddeling</name>
        <name lang="nr">Afrikaans spelling dictionary, and hyphenation rules</name>
        <name lang="nso">Afrikaans spelling dictionary, and hyphenation rules</name>
        <name lang="oc">Diccionari ortografic e règlas de copadura dels mots afrikaans</name>
        <name lang="om">Sirna lugaa afaan Afrikaa</name>
        <name lang="or">ଆଫ୍ରିକାନ ବନାନ ଅବିଧାନ, ଏବଂ ସମାସ ଚିହ୍ନ ନିୟମାବଳୀ</name>
        <name lang="pa-IN">ਅਫਰੀਕੀ ਸਪੈਲਿੰਗ ਡਿਕਸ਼ਨਰੀ, ਅਤੇ ਹਾਈਫਨੇਸ਼ਨ ਰੂਲ</name>
        <name lang="pl">Afrykanerski słownik ortograficzny i reguły dzielenia wyrazów</name>
        <name lang="pt">Dicionário ortográfico e regras de hifenização em africânder</name>
        <name lang="pt-BR">Dicionário ortográfico e regras de hifenização em africâner</name>
        <name lang="ro">Dicționar ortografic și reguli de despărțire în silabe pentru afrikaans</name>
        <name lang="ru">Африкаанс орфографический словарь и правила переноса</name>
        <name lang="rw">Afrikaans spelling dictionary, and hyphenation rules</name>
        <name lang="sa-IN">अफ्रिकन्स् वर्णविन्यासकोशः, तथा च समासकरणनियमाः</name>
        <name lang="sat">आफ्रिकान्स बानानसाबाद गादेल, आर फारका गार नियोम को</name>
        <name lang="sd">آفريڪانس هجي ڊڪشنري، ۽ ننڍي ليڪ (-) ڏيڻ جا قاعدا</name>
        <name lang="si">Afrikaans spelling dictionary, and hyphenation rules</name>
        <name lang="sid">Afirikaanete fidalishshi qaallate fichaanchonna haawiiccisha wodho</name>
        <name lang="sk">Afrikánske slovníky na kontrolu pravopisu a pravidlá delenia slov</name>
        <name lang="sl">Afrikanski jezik – slovar za preverjanje črkovanja in vzorci za deljenje besed</name>
        <name lang="sq">Fjalori i drejtshkrimit afrikaans, dhe rregullat e rrokjezimit</name>
        <name lang="sr">Африканс: провера писања и прелом речи</name>
        <name lang="sr-Latn">Afrikans: provera pisanja i prelom reči</name>
        <name lang="ss">Afrikaans spelling dictionary, and hyphenation rules</name>
        <name lang="st">Afrikaans spelling dictionary, and hyphenation rules</name>
        <name lang="sv">Stavningsordlista och avstavningsregler för afrikaans</name>
        <name lang="sw-TZ">Afrikaans spelling dictionary, and hyphenation rules</name>
        <name lang="szl">Słownik ôrtograficzny i prawidła dzielynio słōw Afrikaans</name>
        <name lang="ta">ஆப்பிரிக்கான் எழுத்துக்கூட்டு அகராதியும் நடுக்கோடு விதிகளும்</name>
        <name lang="te">ఆఫ్రికాన్స్ వుచ్ఛారణా నిఘంటువు, మరియు హైఫనేషన్ నియమాలు</name>
        <name lang="tg">Afrikaans spelling dictionary, and hyphenation rules</name>
        <name lang="th">พจนานุกรมสะกดคำและกฎการแทรกยัติภังค์ภาษาแอฟริกัน</name>
        <name lang="tn">Afrikaans spelling dictionary, and hyphenation rules</name>
        <name lang="tr">Afrika dili imla sözlüğü ve heceleme kuralları</name>
        <name lang="ts">Afrikaans spelling dictionary, and hyphenation rules</name>
        <name lang="tt">Африкаанс теленең орфография сүзлеге һәм күчерү кагыйдәләре</name>
        <name lang="ug">ئافرىكانچە ئىملا لۇغىتى ۋە ھەرپ ئۇلاش قائىدىسى</name>
        <name lang="uk">Африкаанс орфографічний словник та правила переносу</name>
        <name lang="uz">Afrika imlo lug‘ati va bo‘g‘in ko‘chirish qoidalari</name>
        <name lang="ve">Afrikaans spelling dictionary, and hyphenation rules</name>
        <name lang="vec">Disionaro ortogràfego Afrikaans e règołe de siłabasion</name>
        <name lang="vi">Từ điển chính tả tiếng Nam Phi và luật hyphenation</name>
        <name lang="xh">Afrikaans spelling dictionary, and hyphenation rules</name>
        <name lang="zh-CN">阿非利卡语拼写词典与断词规则</name>
        <name lang="zh-TW">南非荷蘭文拼寫詞典、斷字與禁忌規則</name>
        <name lang="zu">Afrikaans spelling dictionary, and hyphenation rules</name>
    </display-name>
    <platform value="all" />
    <dependencies>
        <OpenOffice.org-minimal-version value="3.0" d:name="OpenOffice.org 3.0" />
    </dependencies>
</description>

