<?xml version="1.0" encoding="UTF-8"?>
<description xmlns="http://openoffice.org/extensions/description/2006" xmlns:d="http://openoffice.org/extensions/description/2006" xmlns:xlink="http://www.w3.org/1999/xlink">
  <version value="2.2"/>
  <identifier value="org.no.openoffice.dictionary.no-NO"/>
  <display-name>
    <name lang="en-US">Norwegian (Nynorsk and Bokmål) spelling dictionary, hyphenation rules, and thesaurus</name>
        <name lang="af">Noorweegs (Nynorsk en Bokmål) spelling woordeboek, koppelteken reëls, en thesaurus</name>
        <name lang="am">Norwegian (Nynorsk and Bokmål) spelling dictionary, hyphenation rules, and thesaurus</name>
        <name lang="ar">قاموس التدقيق الإملائي للُّغة النرويجية (الحديثة والقديمة)، قواعد الواصلة والمترادفات</name>
        <name lang="as">নৰৱেৱিয়ান (নিনৰক্স আৰু বকমল) বানান শব্দকোষ, হাইফেনেষণ নিয়মসমূহ, আৰু সমাৰ্থশব্দকোষ</name>
        <name lang="ast">Diccionariu ortográficu y regles de separación silábica y sinónimos pal noruegu (Nynorsk y Bokmål)</name>
        <name lang="be">Нарвежскія (нюнорск і букмал) правапісныя слоўнікі, правілы пераносаў і тэзаўрусы</name>
        <name lang="bg">Норвежки речници за правопис, сричкопренасяне и синоними (ниношк и букмол)</name>
        <name lang="bn">Norwegian (Nynorsk and Bokmål) spelling dictionary, hyphenation rules, and thesaurus</name>
        <name lang="bn-IN">নরওয়েজিয়ান (নিনোর্স্ক ও বোকমাল) বানান পরীক্ষক অভিধান, হাইফেন প্রয়োগ নিয়ম এবং শব্দকোষ</name>
        <name lang="bo">Norwegian (Nynorsk and Bokmål) spelling dictionary, hyphenation rules, and thesaurus</name>
        <name lang="br">Geriadur ar reizhskrivañ, reolennoù an troc'hañ-gerioù ha geriadur an heñvelsterioù evit an norvegeg (Ninorsk ha Bokmal)</name>
        <name lang="brx">Norwegian (Nynorsk and Bokmål) spelling dictionary, hyphenation rules, and thesaurus</name>
        <name lang="bs">Rječnik pravopisa i sinonima, te pravila rastavljanja riječi na kraju reda za norveški jezik (Bukmol i Ninorsk)</name>
        <name lang="ca">Noruec (Nynorsk i Bokmål): corrector ortogràfic, partició de mots i tesaurus (sinònims i termes relacionats)</name>
        <name lang="ca-valencia">Noruec (Nynorsk i Bokmål): corrector ortogràfic, partició de mots i tesaurus (sinònims i termes relacionats)</name>
        <name lang="ckb">فەرهەنگی ڕێنووسی نەرویجی (کۆن و نوێ)، یاساکانی ڕێزمانی لەگەڵ بەرمابەرەکان</name>
        <name lang="cs">Slovník kontroly pravopisu, dělení slov a slovník synonym pro norštinu (nynorsk a bokmål)</name>
        <name lang="cy">Norwyeg (Nynorsk a Bokmål) - geiriadur sillafu a rheolau cyplysnodi a thesawrws</name>
        <name lang="da">Norsk (Nynorsk og Bokmål) stavekontrol, orddelingsregler og synonymordbøger</name>
        <name lang="de">Norwegisches Wörterbuch (Nynorsk und Bokmål) für Rechtschreibprüfung, Silbentrennung und Thesaurus</name>
        <name lang="dgo">Norwegian (Nynorsk and Bokmål) spelling dictionary, hyphenation rules, and thesaurus</name>
        <name lang="dsb">Norwegski (Nynorsk a Bokmål) pšawopisny słownik, pšawidła źělenja złožkow a tezawrus</name>
        <name lang="dz">Norwegian (Nynorsk and Bokmål) spelling dictionary, hyphenation rules, and thesaurus</name>
        <name lang="el">Νορβηγικό (Nynorsk και Bokmål) ορθογραφικό λεξικό, συλλαβισμός και θησαυρός</name>
        <name lang="en-GB">Norwegian (Nynorsk and Bokmål) spelling dictionary, hyphenation rules, and thesaurus</name>
        <name lang="en-ZA">Norwegian (Nynorsk and Bokmål) spelling dictionary, hyphenation rules, and thesaurus</name>
        <name lang="eo">Norvega (Nynorsk and Bokmål) ortografia vortaro, vortdividaj reguloj, kaj tezaŭro</name>
        <name lang="es">Noruego (nynorsk y bokmål): corrector ortográfico, sinónimos y reglas de corte de palabras</name>
        <name lang="et">Norra keele (nynorski ja bokmåli) õigekirjakontrolli sõnastik, poolitusreeglid ja tesaurus</name>
        <name lang="eu">Norvegieraren (Nynorsk eta Bokmål) ortografia-egiaztatzailea, hitzak zatitzeko arauak eta thesaurusa</name>
        <name lang="fa">واژه‌نامه، قواعد فاصله‌گذاری و اصطلاح‌نامه زبان نروژی</name>
        <name lang="fi">Norjan (nynorsk ja bokmål) oikolukusanasto, tavutussäännöt ja synonyymisanasto</name>
        <name lang="fr">Dictionnaires orthographique, des synonymes et règles de coupure des mots norvégiens (Nynorsk and Bokmål)</name>
        <name lang="fur">Dizionari ortografic norvegjês (Nynorsk e Bokmål), regulis di silabazion e dizionari dai sinonims</name>
        <name lang="fy">Noarsk (Nynorks en Bokmål) wurdboek foar stavering, wurdôfbrekkingsregels, en synonimenlist</name>
        <name lang="ga">Foclóir litrithe, rialacha fleiscínithe, agus teasáras don Ioruais (Nynorsk agus Bokmål)</name>
        <name lang="gd">Faclair litreachadh, riaghailtean tàthanachadh ⁊ co-fhaclair na Nirribhise (Nynorsk ⁊ Bokmål)</name>
        <name lang="gl">Dicionario ortográfico, sinónimos e guionizador do noruego (Nynorsk e Bokmål)</name>
        <name lang="gu">નૉર્વેજિયન (નાયનૉર્સ્ક અને નોર્વેજીયન) જોડણી ચકાસણી શબ્દકોષ, હાઇફનેશન નિયમો, અને માહિતી ભંડાર</name>
        <name lang="gug">Norwegian (Nynorsk and Bokmål) spelling dictionary, hyphenation rules, and thesaurus</name>
        <name lang="he">רשימת מילים לבודק איות, כללי מיקוף ואגרון בנורווגית (נינורשק ובוקמול)</name>
        <name lang="hi">नॉर्वेजियाई (न्योनर्स्क और बोक्माल) वर्तनी शब्दकोश, समासन नियम और थिसारस</name>
        <name lang="hr">Pravopisni rječnik, pravila rastavljanja riječi i rječnik sinonima norveškog (nynorsk i bkmål) jezika</name>
        <name lang="hsb">Norwegski (Nynorsk a Bokmål) prawopisny słownik, prawidła dźělenja złóžkow a tezawrus</name>
        <name lang="hu">Norvég (nynorsk és bokmål) helyesírási szótár, elválasztási szabályok és szinonimaszótár</name>
        <name lang="id">Kamus ejaan, aturan pemutusan suku kata, dan tesaurus bahasa Norwegia (Nynorsk dan Bokmål)</name>
        <name lang="is">Norska (nýnorska og bókmál) stafsetningarorðasafn, orðskiptireglur og samheitaorðasafn</name>
        <name lang="it">Dizionario ortografico norvegese (Nynorsk e Bokmål), regole di sillabazione e dizionario di sinonimi</name>
        <name lang="ja">ノルウェー語（ニーノシュクとブークモール）スペル辞書、ハイフネーション規則と類義語辞典</name>
        <name lang="ka">Norwegian (Nynorsk and Bokmål) spelling dictionary, hyphenation rules, and thesaurus</name>
        <name lang="kab">Amawal n teɣdira, ilugan n tira akked ugdawal n tnuṛvijit (Nynorsk and Bokmål)</name>
        <name lang="kk">Норвег (нюнорск және букмол) емле сөздігі, тасымалдау ережелері және тезаурус</name>
        <name lang="km">វចនានុក្រម​អក្ខរាវិរុទ្ធ​ភាសា​ន័រវែស (នីណស់ និង​ប៊ុកម៉ាល់) គោលការណ៍​ដាក់​សហសញ្ញា និង​កម្រង​វេវចនសព្ទ</name>
        <name lang="kmr-Latn">Norwegian (Nynorsk and Bokmål) spelling dictionary, hyphenation rules, and thesaurus</name>
        <name lang="kn">ನಾರ್ವೇಜಿಯನ್ (ನ್ಯುನಾರ್ಕ್ ಮತ್ತು ಬೋಕ್ಮಲ್) ಕಾಗುಣಿತ ಪರೀಕ್ಷಕ ಶಬ್ಧಕೋಶ, ಹೈಫನೇಶನ್ ನಿಯಮಗಳು, ಹಾಗು ಸಮಾನಾರ್ಥಕ ಪದಕೋಶ</name>
        <name lang="ko">노르웨이어 (Nynorsk 및 Bokmål) 맞춤법 사전, 하이픈 규칙, 동의어 사전</name>
        <name lang="kok">Norwegian (Nynorsk and Bokmål) spelling dictionary, hyphenation rules, and thesaurus</name>
        <name lang="ks">Norwegian (Nynorsk and Bokmål) spelling dictionary, hyphenation rules, and thesaurus</name>
        <name lang="lb">Norwegian (Nynorsk and Bokmål) spelling dictionary, hyphenation rules, and thesaurus</name>
        <name lang="lo">ພົດຈະນານຸກົມສະກົດຄຳພາສາ Norwegian (Nynorsk and Bokmål), ແລະ ກົດລບຽບການເຊື່ອມໂຍງ</name>
        <name lang="lt">Norvegų (Nynorsk ir Bokmål) kalbos rašybos tikrinimo, žodžių kėlybos ir tezauro žodynai</name>
        <name lang="lv">Norvēģu (Jaunnorvēģu un Norvēģu bukmola) pareizrakstības vārdnīca, zilbjdales kārtulas un tēzaurs</name>
        <name lang="mai">Norwegian (Nynorsk and Bokmål) spelling dictionary, hyphenation rules, and thesaurus</name>
        <name lang="mk">Norwegian (Nynorsk and Bokmål) spelling dictionary, hyphenation rules, and thesaurus</name>
        <name lang="ml">നോര്‍വേജിയന്‍ സ്പെല്ലിങ് നിഘണ്ടുവും ഹൈഫനേഷന്‍ നിയമങ്ങളും തെസോറസും</name>
        <name lang="mn">Норвеги хэлний зөв бичгийн ба үеэр таслах дүрмийн болон нэвтэрхий толь бичиг</name>
        <name lang="mni">Norwegian (Nynorsk and Bokmål) spelling dictionary, hyphenation rules, and thesaurus</name>
        <name lang="mr">नॉर्वेजियन (न्यिनोर्स्क व बोकमल) शुध्दलेखन शब्दकोश, हायफेनेशन नियम, व थिसॉरस्</name>
        <name lang="my">Norwegian (Nynorsk and Bokmål) spelling dictionary, hyphenation rules, and thesaurus</name>
        <name lang="nb">Norsk (nynorsk og bokmål) stavekontroll, orddeling og synonymordbok</name>
        <name lang="ne">नॉर्वेजियाई (नायनॉर्स्क और बोकमाल) हिज्जे शब्दकोश, योजकचिन्ह राख्ने कार्य नियमहरू, र पर्यायकोश</name>
        <name lang="nl">Noors (Nynorsk en Bokmål) spelling woordenboek, woordafbrekingsregels en thesaurus</name>
        <name lang="nn">Norsk (nynorsk og bokmål) stavekontroll, orddeling og synonymordbok</name>
        <name lang="nr">Norwegian (Nynorsk and Bokmål) spelling dictionary, hyphenation rules, and thesaurus</name>
        <name lang="nso">Norwegian (Nynorsk and Bokmål) spelling dictionary, hyphenation rules, and thesaurus</name>
        <name lang="oc">Diccionaris ortografic, dels sinonims e règlas de copadura de mots norvegians (Nynorsk e Bokmmål)</name>
        <name lang="om">Norwegian (Nynorsk and Bokmål) spelling dictionary, hyphenation rules, and thesaurus</name>
        <name lang="or">ନରୱେୟାନ (ନିନୋର୍ସ୍କ ଏବଂ ବକମାଲ) ବନାନ ଅବିଧାନ, ସମାସ ଚିହ୍ନ ନିୟମାବଳୀ, ଏବଂ ଶବ୍ଦାକୋଷ</name>
        <name lang="pa-IN">ਨਾਰਵੇਜੀਅਨ (ਨਾਈਨੋਰਸਕ ਅਤੇ ਬੋਕਮਾਲ) ਸਪੈਲਿੰਗ ਡਿਕਸ਼ਨਰੀ, ਅਤੇ ਹਾਈਫਨੇਸ਼ਨ ਰੂਲ, ਅਤੇ ਕੋਸ਼</name>
        <name lang="pl">Norweski (nynorsk i bokmål) słownik ortograficzny, reguły dzielenia wyrazów i słownik wyrazów bliskoznacznych</name>
        <name lang="pt">Dicionário ortográfico, sinónimos e regras de hifenização em norueguês (Nynorsk e Bokmål)</name>
        <name lang="pt-BR">Dicionário ortográfico, sinônimos e regras de hifenização em norueguês (Nynorsk e Bokmål)</name>
        <name lang="ro">Dicționar ortografic, de sinonime și reguli de despărțire în silabe pentru norvegiană (Nynorsk și Bokmål)</name>
        <name lang="ru">Норвежский (нюнорск и букмол) орфографический словарь, правила переноса и тезаурус</name>
        <name lang="rw">Norwegian (Nynorsk and Bokmål) spelling dictionary, hyphenation rules, and thesaurus</name>
        <name lang="sa-IN">Norwegian (Nynorsk and Bokmål) spelling dictionary, hyphenation rules, and thesaurus</name>
        <name lang="sat">Norwegian (Nynorsk and Bokmål) spelling dictionary, hyphenation rules, and thesaurus</name>
        <name lang="sd">Norwegian (Nynorsk and Bokmål) spelling dictionary, hyphenation rules, and thesaurus</name>
        <name lang="si">Norwegian (Nynorsk and Bokmål) spelling dictionary, hyphenation rules, and thesaurus</name>
        <name lang="sid">Norwete (Nynorskinna Bokmål) fidalishshsi qaallate fichaancho, haawiiccisha wodhonna xaadigurchu qaallate fichaancho</name>
        <name lang="sk">Nórsky (Nynorsk a Bokmål) slovník na kontrolu pravopisu, delenie slov a tezaurus</name>
        <name lang="sl">Norveški jezik (ninorsk in bokmal) – slovar za preverjanje črkovanja, vzorci za deljenje besed in slovar sopomenk</name>
        <name lang="sq">Fjalor drejtshkrimi Norvegjez (Norvegjishten e re dhe Bokål), rregulla fonetike, dhe enciklopedi</name>
        <name lang="sr">Норвешки (ниношк и књижевни): провера писања, прелом речи и речник синонима</name>
        <name lang="sr-Latn">Norveški (ninošk i književni): provera pisanja, prelom reči i rečnik sinonima</name>
        <name lang="ss">Norwegian (Nynorsk and Bokmål) spelling dictionary, hyphenation rules, and thesaurus</name>
        <name lang="st">Norwegian (Nynorsk and Bokmål) spelling dictionary, hyphenation rules, and thesaurus</name>
        <name lang="sv">Stavningsordlista, avstavningsregler och synonymlexikon för Norska (Nynorsk och Bokmål)</name>
        <name lang="sw-TZ">Norwegian (Nynorsk and Bokmål) spelling dictionary, hyphenation rules, and thesaurus</name>
        <name lang="szl">Norweski (Nynorsk i Bokmål) słownik ôrtograficzny, prawidła dzielynio słōw i słownik synōnimōw</name>
        <name lang="ta">நார்வேஜிய(நைனார்ஸ்க் மற்றும் போக்மால்) எழுத்துக்கூட்டு அகராதி, நடுக்கோடு விதிகள் மற்றும் நிகண்டு</name>
        <name lang="te">నార్వేజియన్ (నైనోర్‌స్క్ మరియు బోక్‌మల్)  వుచ్ఛారణా నిఘంటువు, హైఫనేషన్ నియమాలు, మరియు పదకోశాలు</name>
        <name lang="tg">Norwegian (Nynorsk and Bokmål) spelling dictionary, hyphenation rules, and thesaurus</name>
        <name lang="th">พจนานุกรมสะกดคำ, กฎการแทรกยัติภังค์, และอรรถาภิธานภาษานอร์เวย์ (นีนอร์สก์ และบุคมอล)</name>
        <name lang="tn">Norwegian (Nynorsk and Bokmål) spelling dictionary, hyphenation rules, and thesaurus</name>
        <name lang="tr">Norveççe (Nynorsk ve Bokmål) imla sözlüğü, heceleme kuralları ve eş anlamlılar</name>
        <name lang="ts">Norwegian (Nynorsk and Bokmål) spelling dictionary, hyphenation rules, and thesaurus</name>
        <name lang="tt">Норвегия (Нюнорск һәм Букмол) теленең орфография сүзлеге, күчерү кагыдәләре һәм тезаурус</name>
        <name lang="ug">نورۋېگچە (يېڭى نورۋېگچە ۋە بوكمالچە) ئىملا لۇغىتى، ھەرپ ئۇلىنىش قائىدىسى ۋە مەنىداش سۆزلەر لۇغىتى</name>
        <name lang="uk">Норвезький (нюношк та букмол) орфографічний словник, правила переносу і тезаурус</name>
        <name lang="uz">Norwegian (Nynorsk and Bokmål) spelling dictionary, hyphenation rules, and thesaurus</name>
        <name lang="ve">Norwegian (Nynorsk and Bokmål) spelling dictionary, hyphenation rules, and thesaurus</name>
        <name lang="vec">Disionaro ortogràfego Norvejeze (Nynorsk e Bokmål), règołe de siłabasion e disionaro de i sinònemi</name>
        <name lang="vi">Từ điển chính tả, luật ngạch ngang, từ điển đồng nghĩa tiếng Na Uy (Nynorsk và Bokmal)</name>
        <name lang="xh">Norwegian (Nynorsk and Bokmål) spelling dictionary, hyphenation rules, and thesaurus</name>
        <name lang="zh-CN">挪威语（博克莫尔、尼诺斯克）拼写词典、断词规则与同义词库</name>
        <name lang="zh-TW">挪威文 (新挪威文與書面挪威文) 拼寫詞典、斷字與禁忌規則、同義詞庫</name>
        <name lang="zu">Norwegian (Nynorsk and Bokmål) spelling dictionary, hyphenation rules, and thesaurus</name>
  </display-name>
  <platform value="all"/>
  <dependencies>
    <OpenOffice.org-minimal-version value="3.0" d:name="OpenOffice.org 3.0"/>
  </dependencies>
  <publisher>
    <name xlink:href="http://no.speling.org">no.speling.org</name>
  </publisher>
</description>
