<?xml version="1.0" encoding="UTF-8"?>
<description xmlns="http://openoffice.org/extensions/description/2006" xmlns:d="http://openoffice.org/extensions/description/2006" xmlns:xlink="http://www.w3.org/1999/xlink">
    <version value="0.1"/>
    <identifier value="org.sil.ckb.spell_oxt"/>
    <display-name>
        <name lang="en-US">Central Kurdish (Sorani) spelling dictionary</name>
        <name lang="af">Sentraal Kurdies (Sorani) spelling woordeboek</name>
        <name lang="am">Central Kurdish (Sorani) spelling dictionary</name>
        <name lang="ar">قاموس إملاء الكردية المركزية (سوراني)</name>
        <name lang="as">Central Kurdish (Sorani) spelling dictionary</name>
        <name lang="ast">Kurdu central (soraní): correutor ortográficu</name>
        <name lang="be">Central Kurdish (Sorani) spelling dictionary</name>
        <name lang="bg">Правописен речник за централен кюрдски (сорани)</name>
        <name lang="bn">Central Kurdish (Sorani) spelling dictionary</name>
        <name lang="bn-IN">Central Kurdish (Sorani) spelling dictionary</name>
        <name lang="bo">Central Kurdish (Sorani) spelling dictionary</name>
        <name lang="br">Central Kurdish (Sorani) spelling dictionary</name>
        <name lang="brx">Central Kurdish (Sorani) spelling dictionary</name>
        <name lang="bs">Central Kurdish (Sorani) spelling dictionary</name>
        <name lang="ca">Kurd central (sorani): corrector ortogràfic</name>
        <name lang="ca-valencia">Kurd central (sorani): corrector ortogràfic</name>
        <name lang="ckb">فەرهەنگی هەڵەچنی کوردی ناوەندی (سۆرانی)</name>
        <name lang="cs">Slovník kontroly pravopisu pro centrální kurdštinu (sorání)</name>
        <name lang="cy">Cwrdeg Canolog (Sorani) - geiriadur sillafu</name>
        <name lang="da">Centralkurdisk (Sorani) ordliste til  stavekontrol</name>
        <name lang="de">Zentralkurdisches (Sorani) Wörterbuch für Rechtschreibprüfung</name>
        <name lang="dgo">Central Kurdish (Sorani) spelling dictionary</name>
        <name lang="dsb">Centralna kurdišćina (Sorani) pšawopisny słownik</name>
        <name lang="dz">Central Kurdish (Sorani) spelling dictionary</name>
        <name lang="el">Ορθογραφικό λεξικό Κεντρικών Κουρδικών (Σοράνι)</name>
        <name lang="en-GB">Central Kurdish (Sorani) spelling dictionary</name>
        <name lang="en-ZA">Central Kurdish (Sorani) spelling dictionary</name>
        <name lang="eo">Centra kurda (sorana) ortografia vortaro</name>
        <name lang="es">Kurdo central (soraní): corrector ortográfico</name>
        <name lang="et">Sorani ehk keskkurdi keele õigekirjakontrolli sõnastik</name>
        <name lang="eu">Kurdueraren (soraneraren) ortografia-egiaztatzailea</name>
        <name lang="fa">واژه‌نامهٔ املایی کردی مرکزی (سورانی)</name>
        <name lang="fi">Soranîn oikolukusanasto</name>
        <name lang="fr">Dictionnaire orthographique sorani</name>
        <name lang="fur">Central Kurdish (Sorani) spelling dictionary</name>
        <name lang="fy">Sintraal Koerdyske (Sorani) stavering wurdboek</name>
        <name lang="ga">Central Kurdish (Sorani) spelling dictionary</name>
        <name lang="gd">Faclair na Meadhan-Chùrdaise (Sorani) airson dearbhadh-litreachaidh</name>
        <name lang="gl">Dicionario ortográfico para curdo central (Sorani)</name>
        <name lang="gu">Central Kurdish (Sorani) spelling dictionary</name>
        <name lang="gug">Central Kurdish (Sorani) spelling dictionary</name>
        <name lang="he">מילון איות לכורדית אמצעית (סוראני)</name>
        <name lang="hi">Central Kurdish (Sorani) spelling dictionary</name>
        <name lang="hr">Centralni Kurdski (Sorani) rječnik za provjeru pravopisa</name>
        <name lang="hsb">Centralna kurdišćina (Sorani) prawopisny słownik</name>
        <name lang="hu">Közép-ázsiai kurd (szoráni) helyesírási szótár</name>
        <name lang="id">Kamus ejaan Bahasa Kurdi Tengah (Sorani)</name>
        <name lang="is">Mið-kúrdískt (Soraní) stafsetningarorðasafn</name>
        <name lang="it">Correttore ortografico curdo centrale (Sorani)</name>
        <name lang="ja">中央クルド語（ソラニー）スペル辞書</name>
        <name lang="ka">Central Kurdish (Sorani) spelling dictionary</name>
        <name lang="kab">Imseɣti n tira n tkurdit talemmast (Sorani)</name>
        <name lang="kk">Орталық Курд (Сорани) емле сөздігі</name>
        <name lang="km">Central Kurdish (Sorani) spelling dictionary</name>
        <name lang="kmr-Latn">Central Kurdish (Sorani) spelling dictionary</name>
        <name lang="kn">Central Kurdish (Sorani) spelling dictionary</name>
        <name lang="ko">Central Kurdish (Sorani) spelling dictionary</name>
        <name lang="kok">मध्य कुर्दिश (सोरानी) अक्षरशः शब्दकोश</name>
        <name lang="ks">Central Kurdish (Sorani) spelling dictionary</name>
        <name lang="lb">Central Kurdish (Sorani) spelling dictionary</name>
        <name lang="lo">Central Kurdish (Sorani) spelling dictionary</name>
        <name lang="lt">Centrinės kurdų (soranių) kalbos rašybos tikrinimo žodynas</name>
        <name lang="lv">Central Kurdish (Sorani) spelling dictionary</name>
        <name lang="mai">Central Kurdish (Sorani) spelling dictionary</name>
        <name lang="mk">Central Kurdish (Sorani) spelling dictionary</name>
        <name lang="ml">Central Kurdish (Sorani) spelling dictionary</name>
        <name lang="mn">Үг үсгийн алдаа шалгах төв курд (Сорани) толь бичиг</name>
        <name lang="mni">Central Kurdish (Sorani) spelling dictionary</name>
        <name lang="mr">Central Kurdish (Sorani) spelling dictionary</name>
        <name lang="my">Central Kurdish (Sorani) spelling dictionary</name>
        <name lang="nb">Sentralkurdisk (Sorani) ordbok</name>
        <name lang="ne">केन्द्रिय कुर्दी (सोरानी) हिज्जे शब्दकोश</name>
        <name lang="nl">Centraal Koerdisch (Sorani) spellingwoordenboek</name>
        <name lang="nn">Sentralkurdisk (Sorani) stavekontroll</name>
        <name lang="nr">Central Kurdish (Sorani) spelling dictionary</name>
        <name lang="nso">Central Kurdish (Sorani) spelling dictionary</name>
        <name lang="oc">Diccionari ortografic pel curd central(sorani)</name>
        <name lang="om">Central Kurdish (Sorani) spelling dictionary</name>
        <name lang="or">Central Kurdish (Sorani) spelling dictionary</name>
        <name lang="pa-IN">Central Kurdish (Sorani) spelling dictionary</name>
        <name lang="pl">Środkowokurdyjski (sorani) słownik ortograficzny</name>
        <name lang="pt">Dicionário ortográfico curdo central (Sorani)</name>
        <name lang="pt-BR">Dicionário ortográfico curdo central (Sorani)</name>
        <name lang="ro">Dicționar ortografic pentru kurdă centrală (Sorani)</name>
        <name lang="ru">Центральнокурдский (сорани) орфографический словарь</name>
        <name lang="rw">Central Kurdish (Sorani) spelling dictionary</name>
        <name lang="sa-IN">Central Kurdish (Sorani) spelling dictionary</name>
        <name lang="sat">Central Kurdish (Sorani) spelling dictionary</name>
        <name lang="sd">Central Kurdish (Sorani) spelling dictionary</name>
        <name lang="si">Central Kurdish (Sorani) spelling dictionary</name>
        <name lang="sid">Central Kurdish (Sorani) spelling dictionary</name>
        <name lang="sk">Slovník kontroly pravopisu pre centrálnu kurdčinu (sorání)</name>
        <name lang="sl">Centralni kurdski jezik – slovar za preverjanje črkovanja</name>
        <name lang="sq">Central Kurdish (Sorani) spelling dictionary</name>
        <name lang="sr">Речник правописа за централни курдски (сорани)</name>
        <name lang="sr-Latn">Central Kurdish (Sorani) spelling dictionary</name>
        <name lang="ss">Central Kurdish (Sorani) spelling dictionary</name>
        <name lang="st">Central Kurdish (Sorani) spelling dictionary</name>
        <name lang="sv">Stavningsordlista på centralkurdiska (Sorani)</name>
        <name lang="sw-TZ">Central Kurdish (Sorani) spelling dictionary</name>
        <name lang="szl">Central Kurdish (Sorani) spelling dictionary</name>
        <name lang="ta">Central Kurdish (Sorani) spelling dictionary</name>
        <name lang="te">Central Kurdish (Sorani) spelling dictionary</name>
        <name lang="tg">Central Kurdish (Sorani) spelling dictionary</name>
        <name lang="th">Central Kurdish (Sorani) spelling dictionary</name>
        <name lang="tn">Central Kurdish (Sorani) spelling dictionary</name>
        <name lang="tr">Merkezi Kürtçe (Sorani) imla sözlüğü</name>
        <name lang="ts">Central Kurdish (Sorani) spelling dictionary</name>
        <name lang="tt">Central Kurdish (Sorani) spelling dictionary</name>
        <name lang="ug">مەركىزى كۇردچە (سورانى) ئىملا لۇغىتى</name>
        <name lang="uk">Центральнокурдський (сорані) орфографічний словник</name>
        <name lang="uz">Central Kurdish (Sorani) spelling dictionary</name>
        <name lang="ve">Central Kurdish (Sorani) spelling dictionary</name>
        <name lang="vec">Coretor ortogràfego Curdo sentrałe (Sorani)</name>
        <name lang="vi">Từ điển chính tả Tiếng Trung Kurd (Sorani)</name>
        <name lang="xh">Central Kurdish (Sorani) spelling dictionary</name>
        <name lang="zh-CN">中部库尔德语（又称索拉尼语）拼写词典</name>
        <name lang="zh-TW">中庫德語（索拉尼語）拼寫詞典</name>
        <name lang="zu">Central Kurdish (Sorani) spelling dictionary</name>
    </display-name>
    <platform value="all"/>
    <dependencies>
        <OpenOffice.org-minimal-version value="3.0" d:name="OpenOffice.org 3.0"/>
    </dependencies>
    <publisher>
        <name xlink:href="https://github.com/sinaahmadi/KurdishHunspell" lang="en">Sina Ahmadi (ahmadi.sina@outlook.com)</name>
    </publisher>
</description>
