<?xml version="1.0" encoding="UTF-8"?>
<description xmlns="http://openoffice.org/extensions/description/2006" xmlns:d="http://openoffice.org/extensions/description/2006"  xmlns:xlink="http://www.w3.org/1999/xlink">
    <version value="0.9" />
    <identifier value="org.openoffice.el.dictionaries.el" />
    <display-name>
        <name lang="en-US">Greek spelling dictionary, and hyphenation rules</name>
        <name lang="af">Grieks spelling woordeboek, en koppelteken reëls</name>
        <name lang="am">Greek spelling dictionary, and hyphenation rules</name>
        <name lang="ar">قاموس التدقيق الإملائي للُّغة اليونانية وقواعد الواصلة</name>
        <name lang="as">গ্ৰীক বানান শব্দকোষ, আৰু হাইফেনেষণ নিয়মসমূহ</name>
        <name lang="ast">Diccionariu ortográficu griegu, y regles de dixebra silábica</name>
        <name lang="be">Грэчаскі правапісны слоўнік і правілы пераносаў</name>
        <name lang="bg">Гръцки правописен речник и правила за сричкопренасяне</name>
        <name lang="bn">Greek spelling dictionary, and hyphenation rules</name>
        <name lang="bn-IN">গ্রিক বানান পরীক্ষণের অভিধান এবং হাইফেন প্রয়োগের নিয়ম</name>
        <name lang="bo">Greek spelling dictionary, and hyphenation rules</name>
        <name lang="br">Geriadur evit ar reizhskrivañ ha reolennoù an troc'hañ gerioù e gresianeg</name>
        <name lang="brx">Greek spelling dictionary, and hyphenation rules</name>
        <name lang="bs">Rječnik pravopisa i pravila rastavljanja riječi na kraju reda za grčki jezik</name>
        <name lang="ca">Grec: corrector ortogràfic i partició de mots</name>
        <name lang="ca-valencia">Grec: corrector ortogràfic i partició de mots</name>
        <name lang="ckb">فەرهەنگی ڕێنووسی یۆنانی، یاساکانی ڕێزمانی</name>
        <name lang="cs">Slovník kontroly pravopisu a dělení slov pro řečtinu</name>
        <name lang="cy">Groeg - geiriadur sillafu a rheolau cyplysnodi</name>
        <name lang="da">Græsk stavekontrol og orddelingsregler</name>
        <name lang="de">Griechisches Wörterbuch für Rechtschreibprüfung und Silbentrennung</name>
        <name lang="dgo">Greek spelling dictionary, and hyphenation rules</name>
        <name lang="dsb">Grichiski pšawopisny słownik a pšawidła źělenja złožkow</name>
        <name lang="dz">Greek spelling dictionary, and hyphenation rules</name>
        <name lang="el">Ελληνικό λεξικό ορθογραφίας και συλλαβισμός</name>
        <name lang="en-GB">Greek spelling dictionary, and hyphenation rules</name>
        <name lang="en-ZA">Greek spelling dictionary, and hyphenation rules</name>
        <name lang="eo">Greka ortografia vortaro, kaj vortdividaj reguloj</name>
        <name lang="es">Griego: corrector ortográfico y reglas de corte de palabras</name>
        <name lang="et">Kreeka keele õigekirjakontrolli sõnastik ja poolitusreeglid</name>
        <name lang="eu">Grezieraren ortografia-egiaztatzailea eta hitzak zatitzeko arauak</name>
        <name lang="fa">واژه‌نامه املایی، و قواعد خط‌فاصله‌گذاری یونانی</name>
        <name lang="fi">Kreikan oikolukusanasto ja tavutussäännöt</name>
        <name lang="fr">Dictionnaires orthographique et de coupure des mots grec</name>
        <name lang="fur">Dizionari ortografic grêc e regulis di silabazion</name>
        <name lang="fy">Grykse wurdboek foar stavering, en wurdôfbrekkingsregels</name>
        <name lang="ga">Foclóir litrithe agus rialacha fleiscínithe don Ghréigis</name>
        <name lang="gd">Faclair litreachadh ⁊ riaghailtean tàthanachadh na Greugaise</name>
        <name lang="gl">Dicionario ortográfico do grego, e regras de guionización</name>
        <name lang="gu">ગ્રીક જોડણી ચકાસણી શબ્દકોષ, અને હાઇફનેશન નિયમો</name>
        <name lang="gug">Griego: corrector ortográfico ha división ñe'ẽgui</name>
        <name lang="he">מילון איות וכללי מיקוף ביוונית</name>
        <name lang="hi">ग्रीक वर्तनी शब्दकोश और समासन नियम</name>
        <name lang="hr">Pravopisni rječnik i rastavljanje riječi grčkog jezika</name>
        <name lang="hsb">Grjekski prawopisny słownik a prawidła dźělenja złóžkow</name>
        <name lang="hu">Görög helyesírási szótár és elválasztási szabályok</name>
        <name lang="id">Kamus ejaan dan aturan pemutusan suku kata bahasa Yunani</name>
        <name lang="is">Grískt stafsetningarorðasafn og orðskiptireglur</name>
        <name lang="it">Dizionario ortografico greco e regole di sillabazione</name>
        <name lang="ja">ギリシャ語スペル辞書とハイフネーション規則</name>
        <name lang="ka">Greek spelling dictionary, and hyphenation rules</name>
        <name lang="kab">Amawal n teɣdira d inegzumen n wawalen tagrigit</name>
        <name lang="kk">Грек емле сөздігі және тасымалдау ережелері</name>
        <name lang="km">វចនានុក្រម​អក្ខរាវិរុទ្ធ​ភាសា​ក្រិក និង​គោលការណ៍​ដាក់​សហសញ្ញា</name>
        <name lang="kmr-Latn">Greek spelling dictionary, and hyphenation rules</name>
        <name lang="kn">ಗ್ರೀಕ್ ಕಾಗುಣಿತ ಶಬ್ಧಕೋಶ, ಹೈಫನೇಶನ್ ನಿಯಮಗಳು</name>
        <name lang="ko">그리스어 맞춤법 사전 및 하이픈 규칙</name>
        <name lang="kok">Greek spelling dictionary, and hyphenation rules</name>
        <name lang="ks">Greek spelling dictionary, and hyphenation rules</name>
        <name lang="lb">Greek spelling dictionary, and hyphenation rules</name>
        <name lang="lo">ພົດຈະນານຸກົມສະກົດຄຳພາສາ Greek, ແລະ ກົດລະບຽບການເຊື່ອມໂຍງ</name>
        <name lang="lt">Graikų kalbos rašybos tikrinimo ir žodžių kėlybos žodynai</name>
        <name lang="lv">Grieķu pareizrakstības vārdnīca un zilbjdales kārtulas</name>
        <name lang="mai">Greek spelling dictionary, and hyphenation rules</name>
        <name lang="mk">Greek spelling dictionary, and hyphenation rules</name>
        <name lang="ml">ഗ്രീക്കിനുള്ള സ്പെല്ലിങ് നിഘണ്ടുവും ഹൈഫനേഷന്‍ നിയമങ്ങളും.</name>
        <name lang="mn">Грек хэлний зөв бичгийн ба үеэр таслах дүрмийн болон нэвтэрхий толь бичиг</name>
        <name lang="mni">Greek spelling dictionary, and hyphenation rules</name>
        <name lang="mr">ग्रीक शुध्दलेखन शब्दकोश, व हायफेनेशन नियम</name>
        <name lang="my">Greek spelling dictionary, and hyphenation rules</name>
        <name lang="nb">Gresk stavekontroll og orddeling</name>
        <name lang="ne">युनानी हिज्जे शब्दकोश, र योजकचिन्ह राख्ने कार्य नियमहरू</name>
        <name lang="nl">Grieks spelling woordenboek en woordafbrekingsregels</name>
        <name lang="nn">Gresk stavekontroll og orddeling</name>
        <name lang="nr">Greek spelling dictionary, and hyphenation rules</name>
        <name lang="nso">Greek spelling dictionary, and hyphenation rules</name>
        <name lang="oc">Diccionari ortografic e règlas de copadura dels mots grècs</name>
        <name lang="om">Dikshinaari qubeessa afaan Giriki</name>
        <name lang="or">ଗ୍ରୀକ ବନାନ ଅବିଧାନ, ଏବଂ ସମାସ ଚିହ୍ନ ନିୟମାବଳୀ</name>
        <name lang="pa-IN">ਗਰੀਕ ਸਪੈਲਿੰਗ ਡਿਕਸ਼ਨਰੀ, ਹਾਈਫਨੇਸ਼ਨ ਰੂਲ</name>
        <name lang="pl">Grecki słownik ortograficzny i reguł dzielenia wyrazów</name>
        <name lang="pt">Dicionário ortográfico e regras de hifenização em grego</name>
        <name lang="pt-BR">Dicionário ortográfico e regras de hifenização gregos</name>
        <name lang="ro">Dicționar ortografic și reguli de despărțire în silabe pentru greacă</name>
        <name lang="ru">Греческий орфографический словарь и правила переноса</name>
        <name lang="rw">Greek spelling dictionary, and hyphenation rules</name>
        <name lang="sa-IN">Greek spelling dictionary, and hyphenation rules</name>
        <name lang="sat">Greek spelling dictionary, and hyphenation rules</name>
        <name lang="sd">Greek spelling dictionary, and hyphenation rules</name>
        <name lang="si">Greek spelling dictionary, and hyphenation rules</name>
        <name lang="sid">Giriikete fidalishshsi qaallate fichaancho, haawiiccisha wodho</name>
        <name lang="sk">Grécky slovník na kontrolu pravopisu a pravidlá na delenie slov</name>
        <name lang="sl">Grški jezik – slovar za preverjanje črkovanja in vzorci za deljenje besed</name>
        <name lang="sq">Fjalor drejtshkrimi grek, dhe rregullat e rrokjezimit</name>
        <name lang="sr">Грчки: провера писања и прелом речи</name>
        <name lang="sr-Latn">Grčki: provera pisanja i prelom reči</name>
        <name lang="ss">Greek spelling dictionary, and hyphenation rules</name>
        <name lang="st">Greek spelling dictionary, and hyphenation rules</name>
        <name lang="sv">Stavningsordlista och böjningsregler på Grekiska</name>
        <name lang="sw-TZ">Greek spelling dictionary, and hyphenation rules</name>
        <name lang="szl">Grecki słownik ôrtograficzny i prawidła dzielynio słōw</name>
        <name lang="ta">ஜெர்மன் (ஆஸ்திரியா, ஜெர்மனி, சுவிட்சர்லாந்து) எழுத்துக்கூட்டு அகராதிகள், நடுக்கோடு விதிகளும் நிகண்டும்</name>
        <name lang="te">గ్రీకు వుచ్ఛారణా నిఘంటువు, మరియు హైఫనేషన్ నియమాలు</name>
        <name lang="tg">Greek spelling dictionary, and hyphenation rules</name>
        <name lang="th">พจนานุกรมสะกดคำ และกฎการแทรกยัติภังค์ภาษากรีก</name>
        <name lang="tn">Greek spelling dictionary, and hyphenation rules</name>
        <name lang="tr">Yunanca imla sözlüğü ve heceleme kuralları</name>
        <name lang="ts">Greek spelling dictionary, and hyphenation rules</name>
        <name lang="tt">Грек теленең орфография сүзлеге һәм күчерү кагыйдәләре</name>
        <name lang="ug">گرېكچە ئىملا لۇغىتى، ھەرپ ئۇلىنىش قائىدىسى</name>
        <name lang="uk">Грецькі орфографічний словник та правила переносу</name>
        <name lang="uz">Grek imlo lug‘ati va bo‘g‘in ko‘chirish qoidalari</name>
        <name lang="ve">Greek spelling dictionary, and hyphenation rules</name>
        <name lang="vec">Disionaro ortogràfego Grego e règołe de siłabasion</name>
        <name lang="vi">Từ điển chính tả và luật dấu nối tiếng Hy Lạp</name>
        <name lang="xh">Greek spelling dictionary, and hyphenation rules</name>
        <name lang="zh-CN">希腊语拼写词典与断词规则</name>
        <name lang="zh-TW">希臘文拼寫詞典、斷字與禁忌規則</name>
        <name lang="zu">Greek spelling dictionary, and hyphenation rules</name>
    </display-name>
    <platform value="all" />
    <dependencies>
        <OpenOffice.org-minimal-version value="3.0" d:name="OpenOffice.org 3.0" />
    </dependencies>
</description>
