<?xml version="1.0" encoding="UTF-8"?>
<description xmlns="http://openoffice.org/extensions/description/2006" xmlns:d="http://openoffice.org/extensions/description/2006"  xmlns:xlink="http://www.w3.org/1999/xlink">
    <version value="3.5" />
    <identifier value="org.openoffice.ar.hunspell.dictionaries" />
    <display-name>
        <name lang="en-US">Arabic spelling dictionary, and thesaurus</name>
        <name lang="af">Arabies spelling woordeboek, en thesaurus</name>
        <name lang="am">Arabic spelling dictionary, and thesaurus</name>
        <name lang="ar">قاموس التدقيق الإملائي للُّغة العربية و المترادفات</name>
        <name lang="as">আৰবী বানান শব্দকোষ আৰু সমাৰ্থশব্দকোষ</name>
        <name lang="ast">Diccionariu ortográficu y regles de separtación silábica pal árabe</name>
        <name lang="be">Арабскі правапісны слоўнік і тэзаўрус</name>
        <name lang="bg">Арабски речници за правопис и синоними</name>
        <name lang="bn">Arabic spelling dictionary, and thesaurus</name>
        <name lang="bn-IN">আরবী বানান অভিধান এবং শব্দকোষ</name>
        <name lang="bo">Arabic spelling dictionary, and thesaurus</name>
        <name lang="br">Geriadur ar reizhskrivañ ha geriadur an heñvelsterioù evit an arabeg</name>
        <name lang="brx">Arabic spelling dictionary, and thesaurus</name>
        <name lang="bs">Rječnik pravopisa i sinonima za arapski jezik</name>
        <name lang="ca">Àrab: corrector ortogràfic i tesaurus (sinònims i termes relacionats)</name>
        <name lang="ca-valencia">Àrab: corrector ortogràfic i tesaurus (sinònims i termes relacionats)</name>
        <name lang="ckb">فەرهەنگی ڕێنووسی بۆ زمانی عەرەبی لەگەڵ بەرامبەرەکانیان</name>
        <name lang="cs">Slovník kontroly pravopisu a slovník synonym pro arabštinu</name>
        <name lang="cy">Arabeg - geiriadur sillafu a thesawrws</name>
        <name lang="da">Arabisk ordbog for stavekontrol og synonymer</name>
        <name lang="de">Arabisches Wörterbuch für Rechtschreibprüfung und Thesaurus</name>
        <name lang="dgo">अरबी शब्द-जोड़ शब्दकोश, ते पर्यायकोश</name>
        <name lang="dsb">Arabiski pšawopisny słownik a tezawrus</name>
        <name lang="dz">Arabic spelling dictionary, and thesaurus</name>
        <name lang="el">Αραβικό λεξικό ορθογραφίας και θησαυρός</name>
        <name lang="en-GB">Arabic spelling dictionary, and thesaurus</name>
        <name lang="en-ZA">Arabic spelling dictionary, and thesaurus</name>
        <name lang="eo">Araba ortografia vortaro, kaj tezaŭro</name>
        <name lang="es">Árabe: corrector ortográfico y sinónimos</name>
        <name lang="et">Araabia keele õigekirjakontrolli sõnastik ja tesaurus</name>
        <name lang="eu">Arabieraren ortografia-egiaztatzailea eta thesaurusa</name>
        <name lang="fa">واژه‌نامه املایی، و اصطلاح‌نامه عربی</name>
        <name lang="fi">Arabian oikoluku- ja synonyymisanasto</name>
        <name lang="fr">Dictionnaires orthographique et des synonymes arabes</name>
        <name lang="fur">Dizionari ortografic arap e dizionari dai sinonims</name>
        <name lang="fy">Arabyske stavering wurdboek en synonimenlist</name>
        <name lang="ga">Foclóir litrithe agus teasáras don Araibis</name>
        <name lang="gd">Faclair litreachadh ⁊ co-fhaclair na h-Arabaise</name>
        <name lang="gl">Dicionario ortográfico e de sinónimos para árabe</name>
        <name lang="gu">અરેબીક જોડણી ચકાસણી શબ્દકોષ, અને માહિતી ભંડાર</name>
        <name lang="gug">Árabe: myatyrõ ortográfico</name>
        <name lang="he">רשימת מילים לבודק איות ואגרון בערבית</name>
        <name lang="hi">अरबी वर्तनी शब्दकोश और थिसारस</name>
        <name lang="hr">Provjera pravopisa i rječnik sinonima arapskog jezika</name>
        <name lang="hsb">Arabski prawopisny słownik a tezawrus</name>
        <name lang="hu">Arab helyesírási szótár és szinonimaszótár</name>
        <name lang="id">Kamus ejaan dan tesaurus bahasa Arab</name>
        <name lang="is">Arabískt stafsetningarorðasafn og samheitaorðasafn</name>
        <name lang="it">Dizionario ortografico arabo e dizionario di sinonimi</name>
        <name lang="ja">アラビア語スペル辞書と類義語辞典</name>
        <name lang="ka">Arabic spelling dictionary, and thesaurus</name>
        <name lang="kab">Amawal n teɣdira n igdawalen n taɛṛabt</name>
        <name lang="kk">Арабша емле сөздігі және тезаурус</name>
        <name lang="km">វចនានុក្រម​អក្ខរាវិរុទ្ធ​ភាសា​អារ៉ាប់ និង​កម្រង​វេវចនសព្ទ</name>
        <name lang="kmr-Latn">Arabic spelling dictionary, and thesaurus</name>
        <name lang="kn">ಅರೇಬಿಕ್ ಕಾಗುಣಿತ ಶಬ್ಧಕೋಶ ಹಾಗು ಸಮಾನಾರ್ಥಕ ಪದಕೋಶ</name>
        <name lang="ko">아랍어 맞춤법 사전, 유의어</name>
        <name lang="kok">आरबी वर्णरचना शब्दकोश,आनी थेसोरसArabic OkxorRochona Xobdkox, Xobdkox, somyog chinna Niyom ani MahetiKox</name>
        <name lang="ks">Arabic spelling dictionary, and thesaurus</name>
        <name lang="lb">Arabic spelling dictionary, and thesaurus</name>
        <name lang="lo">ພົດຈະນານຸກົມສະກົດຄຳພາສາ Arabic ແລະ ພາສາ thesaurus</name>
        <name lang="lt">Arabų kalbos rašybos tikrinimo ir tezauro žodynai</name>
        <name lang="lv">Arābu pareizrakstības vārdnīca un tēzaurs</name>
        <name lang="mai">Arabic spelling dictionary, and thesaurus</name>
        <name lang="mk">Arabic spelling dictionary, and thesaurus</name>
        <name lang="ml">അറബിക്കിനുള്ള സ്പെല്ലിങ് നിഘണ്ടുവും തെസോറസും</name>
        <name lang="mn">Араб хэлний зөв бичгийн ба үеэр таслах дүрмийн толь бичиг</name>
        <name lang="mni">আরাবিক বানানগী দিক্সনারি, অমসুং থেসোরস</name>
        <name lang="mr">अरेबिक शुद्धलेखन शब्दकोश, व थिसॉरस</name>
        <name lang="my">နီပေါ စာလုံးပေါင်းအဘိဓာန်နှင့်  ဝေါဟာရပဒေသာကျမ်း</name>
        <name lang="nb">Arabisk stavekontroll og synonymordbok</name>
        <name lang="ne">अरबी हिज्जे शब्दकोश, र पर्यायकोश</name>
        <name lang="nl">Arabisch spelling woordenboek en thesaurus</name>
        <name lang="nn">Arabisk stavekontroll og synonymordbok</name>
        <name lang="nr">Arabic spelling dictionary, and thesaurus</name>
        <name lang="nso">Arabic spelling dictionary, and thesaurus</name>
        <name lang="oc">Diccionaris ortografic e dels sinonims arabis</name>
        <name lang="om">Dikshinaari qubeessa Arabaa</name>
        <name lang="or">ଆରବିକ ବନାନ ଅବିଧାନ, ଏବଂ ଶବ୍ଦକୋଷ</name>
        <name lang="pa-IN">ਅਰਬੀ ਸਪੈਲਿੰਗ ਡਿਕਸ਼ਨਰੀ, ਅਤੇ ਕੋਸ਼</name>
        <name lang="pl">Arabski słownik ortograficzny i słownik wyrazów bliskoznacznych</name>
        <name lang="pt">Dicionário ortográfico e sinónimos em árabe</name>
        <name lang="pt-BR">Dicionário ortográfico e sinônimos em árabe</name>
        <name lang="ro">Dicționar ortografic și de sinonime pentru arabă</name>
        <name lang="ru">Арабский орфографический словарь и тезаурус</name>
        <name lang="rw">Arabic spelling dictionary, and thesaurus</name>
        <name lang="sa-IN">अरबिक् वर्णविन्यासकोशः तथा च कोशः</name>
        <name lang="sat">अराबिक बानान ञेल साबाद गादेल, आर मित् लेकान मानेयानाक् साबाद गादेल बाबोत </name>
        <name lang="sd">عربي هجي ڊڪشنري، ۽ پريايواچي ڪوش</name>
        <name lang="si">Arabic spelling dictionary, and thesaurus</name>
        <name lang="sid">Arabete fidalishshinna xaadigurchu qaallate fichaancho</name>
        <name lang="sk">Arabský slovník na kontrolu pravopisu a tezaurus</name>
        <name lang="sl">Arabski jezik – slovar za preverjanje črkovanja in slovar sopomenk</name>
        <name lang="sq">Fjalor drejtshkrimi arab, dhe enciklopedi</name>
        <name lang="sr">Арапски: провера писања и речник синонима</name>
        <name lang="sr-Latn">Arapski: provera pisanja i rečnik sinonima</name>
        <name lang="ss">Arabic spelling dictionary, and thesaurus</name>
        <name lang="st">Arabic spelling dictionary, and thesaurus</name>
        <name lang="sv">Stavningsordlista och synonymordbok på Arabiska</name>
        <name lang="sw-TZ">Arabic spelling dictionary, and thesaurus</name>
        <name lang="szl">Arabski słownik ôrtograficzny i słownik synōnimōw</name>
        <name lang="ta">அரபு எழுத்துக்கூட்டு அகராதியும் நிகண்டும்</name>
        <name lang="te">అరబిక్ వుచ్ఛారణా నిఘంటువు, మరియు పదకోశాలు</name>
        <name lang="tg">Arabic spelling dictionary, and thesaurus</name>
        <name lang="th">พจนานุกรมสะกดคำและอรรถาภิธานภาษาอารบิก</name>
        <name lang="tn">Arabic spelling dictionary, and thesaurus</name>
        <name lang="tr">Arapça imla sözlüğü ve eş anlamlılar</name>
        <name lang="ts">Arabic spelling dictionary, and thesaurus</name>
        <name lang="tt">Гарәп теленең орфография сүзлеге һәм тезаурусы</name>
        <name lang="ug">ئەرەبچە ئىملا ۋە مەنىداش سۆزلەر لۇغىتى</name>
        <name lang="uk">Арабський орфографічний словник і тезаурус</name>
        <name lang="uz">Arab imlo lug‘ati va tezarusi</name>
        <name lang="ve">Arabic spelling dictionary, and thesaurus</name>
        <name lang="vec">Disionaro ortogràfego de Àrabo e disionaro de i sinònemi</name>
        <name lang="vi">Từ điển chính tả và đồng nghĩa tiếng Ả rập</name>
        <name lang="xh">Arabic spelling dictionary, and thesaurus</name>
        <name lang="zh-CN">阿拉伯语拼写词典与同义词库</name>
        <name lang="zh-TW">阿拉伯文拼寫詞典、同義詞庫</name>
        <name lang="zu">Arabic spelling dictionary, and thesaurus</name>
    </display-name>
    <platform value="all" />
    <publisher>
        <name lang="en-US" xlink:href="http://ayaspell.sourceforge.net/">Ayaspell</name>
        <name lang="ar" xlink:href="http://ayaspell.sourceforge.net/">آيةسبل</name>
    </publisher>
    <dependencies>
        <OpenOffice.org-minimal-version value="3.0" d:name="OpenOffice.org 3.0" />
    </dependencies>
</description>

