<?xml version="1.0" encoding="UTF-8"?>
<description xmlns="http://openoffice.org/extensions/description/2006" xmlns:d="http://openoffice.org/extensions/description/2006"  xmlns:xlink="http://www.w3.org/1999/xlink">
    <version value="1.4.0" />
    <identifier value="org.openoffice.lv.hunspell.dictionaries" />
    <display-name>
        <name lang="en-US">Latvian spelling dictionary, and hyphenation rules</name>
        <name lang="af">Latvies spelling woordeboek, en koppelteken reëls</name>
        <name lang="am">Latvian spelling dictionary, and hyphenation rules</name>
        <name lang="ar">قاموس التدقيق الإملائي للُّغة اللاتفية وقواعد الواصلة</name>
        <name lang="as">লাটভিয়ান বানান শব্দকোষ, আৰু হাইফেনেষণ বিন্যাসসমূহ</name>
        <name lang="ast">Diccionariu ortográficu y regles de separación silábica pal letón</name>
        <name lang="be">Латвійскі правапісны слоўнік і правілы пераносаў</name>
        <name lang="bg">Латвийски речници за правопис и сричкопренасяне</name>
        <name lang="bn">Latvian spelling dictionary, and hyphenation rules</name>
        <name lang="bn-IN">লাটভিয়ান বানান পরীক্ষণের অভিধান এবং হাইফেন প্রয়োগের নিয়ম</name>
        <name lang="bo">Latvian spelling dictionary, and hyphenation rules</name>
        <name lang="br">Geriadur ar reizhskrivañ ha reolennoù an troc'hañ-gerioù evit al latveg</name>
        <name lang="brx">Latvian spelling dictionary, and hyphenation rules</name>
        <name lang="bs">Rječnik pravopisa i pravila rastavljanja riječi na kraju reda za letonski jezik</name>
        <name lang="ca">Letó: corrector ortogràfic i partició de mots</name>
        <name lang="ca-valencia">Letó: corrector ortogràfic i partició de mots</name>
        <name lang="ckb">فەرهەنگی ڕێنووسی زمانی لاتیڤی، یاساکانی ڕێزمانی</name>
        <name lang="cs">Slovník kontroly pravopisu a dělení slov pro lotyštinu</name>
        <name lang="cy">Latvieg - geiriadur sillafu a rheolau cyplysnodi</name>
        <name lang="da">Lettisk stavekontrol og orddelingsregler</name>
        <name lang="de">Lettisches Wörterbuch für Rechtschreibprüfung und Silbentrennung</name>
        <name lang="dgo">लत्वियन शब्द-जोड़ शब्दकोश ते जोड़-चिʼन्नीकरण नियम</name>
        <name lang="dsb">Letiski pšawopisny słownik a pšawidła źělenja złožkow</name>
        <name lang="dz">Latvian spelling dictionary, and hyphenation rules</name>
        <name lang="el">Λετονικό ορθογραφικό λεξικό και συλλαβισμός</name>
        <name lang="en-GB">Latvian spelling dictionary, and hyphenation rules</name>
        <name lang="en-ZA">Latvian spelling dictionary, and hyphenation rules</name>
        <name lang="eo">Latva ortografia vortaro, vortdividaj reguloj</name>
        <name lang="es">Letón: corrector ortográfico y reglas de corte de palabras</name>
        <name lang="et">Läti keele õigekirjakontrolli sõnastik ja poolitusreeglid</name>
        <name lang="eu">Letonieraren ortografia-egiaztatzailea eta hitzak zatitzeko arauak</name>
        <name lang="fa">واژه‌نامه املایی، و قواعد خط‌فاصله‌گذاری لاتویایی</name>
        <name lang="fi">Latvian oikolukusanasto ja tavutussäännöt</name>
        <name lang="fr">Dictionnaire orthographique et règles de coupure des mots lettons</name>
        <name lang="fur">Dizionari ortografic leton e regulis di silabazion</name>
        <name lang="fy">Letsk wurdboek foar stavering, en wurdôfbrekkingsregels</name>
        <name lang="ga">Foclóir litrithe agus fleiscínithe don Laitvis</name>
        <name lang="gd">Faclair litreachadh ⁊ riaghailtean tàthanachadh na Laitbheise</name>
        <name lang="gl">Dicionario ortográfico e guionizador do letón</name>
        <name lang="gu">લેટવિયન જોડણી ચકાસણી શબ્દકોષ, અને હાઇફનેશન નિયમો</name>
        <name lang="gug">Letón: corrector ortográfico ha división ñe'ẽgui</name>
        <name lang="he">רשימת מילים לבודק איות וכללי מיקוף בלטבית</name>
        <name lang="hi">लातिवियाई वर्तनी शब्दकोश और समासन नियम</name>
        <name lang="hr">Pravopisni rječnik i pravila rastavljanja riječi letonskog jezika</name>
        <name lang="hsb">Letiski prawopisny słownik a prawidła dźělenja złóžkow</name>
        <name lang="hu">Lett helyesírási szótár és elválasztási szabályok</name>
        <name lang="id">Kamus ejaan dan aturan pemutusan suku kata bahasa Latvia</name>
        <name lang="is">Lettneskt stafsetningarorðasafn og orðskiptireglur</name>
        <name lang="it">Dizionario ortografico lettone e regole di sillabazione</name>
        <name lang="ja">ラトヴィア語スペル辞書とハイフネーション規則</name>
        <name lang="ka">Latvian spelling dictionary, and hyphenation rules</name>
        <name lang="kab">Amawal n teɣdira d ilugan n unegzum n wawalen n tliṭunit</name>
        <name lang="kk">Латвия емле сөздігі және тасымалдау ережелері</name>
        <name lang="km">វចនានុក្រម​អក្ខរាវិរុទ្ធ​ភាសា​ឡាតវីយ៉ា និង​គោលការណ៍​ដាក់​សហសញ្ញា</name>
        <name lang="kmr-Latn">Latvian spelling dictionary, and hyphenation rules</name>
        <name lang="kn">ಲಾಟ್ವಿಯನ್ ಕಾಗುಣಿತ ಶಬ್ಧಕೋಶ, ಹೈಫನೇಶನ್ ನಿಯಮಗಳು</name>
        <name lang="ko">라트비아어 맞춤법 사전 및 하이픈 규칙</name>
        <name lang="kok">लॅट्विन वर्णरचना शब्दकोश आनी संयोगचिन्नाचे नेमLatviachem OkxorRochona Xobdkox, Xobdkox, somyog chinna Niyom ani MahetiKox</name>
        <name lang="ks">Latvian spelling dictionary, and hyphenation rules</name>
        <name lang="lb">Latvian spelling dictionary, and hyphenation rules</name>
        <name lang="lo">ພົດຈະນານຸກົມສະກົດຄຳພາສາ Latvian, ແລະ ກົດລະບຽບການເຊື່ອມໂຍງ</name>
        <name lang="lt">Latvių kalbos rašybos tikrinimo ir žodžių kėlybos žodynai</name>
        <name lang="lv">Latviešu pareizrakstības vārdnīca un zilbjdales kārtulas</name>
        <name lang="mai">Latvian spelling dictionary, and hyphenation rules</name>
        <name lang="mk">Latvian spelling dictionary, and hyphenation rules</name>
        <name lang="ml">ലാറ്റ്‌വിയന്‍ സ്പെല്ലിങ് നിഘണ്ടുവും ഹൈഫനേഷന്‍ നിയമങ്ങളും</name>
        <name lang="mn">Латви хэлний зөв бичгийн ба үеэр таслах дүрмийн толь бичиг</name>
        <name lang="mni">লেতভিযান বানানগী দিক্সনারি, অমসুং হাইফেনেসনগী রুলশিং</name>
        <name lang="mr">लॅटवियन शुध्दलेखन शब्दकोश, व हायफेनेशन नियम</name>
        <name lang="my">Latvian spelling dictionary, and hyphenation rules</name>
        <name lang="nb">Latvisk stavekontroll, orddeling og synonymordbok</name>
        <name lang="ne">लातवियाई हिज्जे शब्दकोश, र योजकचिन्ह राख्ने कार्य नियमहरू</name>
        <name lang="nl">Lets spelling woordenboek en woordafbrekingsregels</name>
        <name lang="nn">Latvisk stavekontroll, orddeling og synonymordbok</name>
        <name lang="nr">Latvian spelling dictionary, and hyphenation rules</name>
        <name lang="nso">Latvian spelling dictionary, and hyphenation rules</name>
        <name lang="oc">Diccionari ortografic e règlas de copadura dels mots letons</name>
        <name lang="om">Latvian spelling dictionary, and hyphenation rules</name>
        <name lang="or">ଲାଟଭିଆନ ବନାନ ଅବିଧାନ, ଏବଂ ସମାସ ଚିହ୍ନ ନିୟମାବଳୀ</name>
        <name lang="pa-IN">ਲਾਟਵੀਅਨ ਸਪੈਲਿੰਗ ਡਿਕਸ਼ਨਰੀ, ਅਤੇ ਹਾਈਫਨੇਸ਼ਨ ਰੂਲ</name>
        <name lang="pl">Łotewski słownik ortograficzny i reguły dzielenia wyrazów</name>
        <name lang="pt">Dicionário ortográfico e regras de hifenização em letão</name>
        <name lang="pt-BR">Dicionário ortográfico e regras de hifenização em letão</name>
        <name lang="ro">Dicționar ortografic și reguli de despărțire în silabe pentru letonă</name>
        <name lang="ru">Латвийский орфографический словарь и правила переноса</name>
        <name lang="rw">Latvian spelling dictionary, and hyphenation rules</name>
        <name lang="sa-IN">लट्वियन् वर्णविन्यासकोशः तथा च समासकरणनियमाः</name>
        <name lang="sat">लेटभियान बानान ञेल साबाद गादेल, फारका गार नियोम को</name>
        <name lang="sd">ليٽوئن هجي ڊڪشنري، ۽ ننڍي ليڪ (-) ڏيڻ جا قاعدا</name>
        <name lang="si">Latvian spelling dictionary, and hyphenation rules</name>
        <name lang="sid">Laativaanete fidalishshsi qaallate fichaanchonna haawiiccisha wodho</name>
        <name lang="sk">Lotyšský slovník na kontrolu pravopisu a pravidlá na delenie slov</name>
        <name lang="sl">Latvijski jezik – slovar za preverjanje črkovanja in vzorci za deljenje besed</name>
        <name lang="sq">Fjalor drejtshkrimi Letonez, dhe rregulla fonetike</name>
        <name lang="sr">Летонски: провера писања и прелом речи</name>
        <name lang="sr-Latn">Letonski: provera pisanja i prelom reči</name>
        <name lang="ss">Latvian spelling dictionary, and hyphenation rules</name>
        <name lang="st">Latvian spelling dictionary, and hyphenation rules</name>
        <name lang="sv">Stavningsordlista och avstavningsregler för lettiska</name>
        <name lang="sw-TZ">Latvian spelling dictionary, and hyphenation rules</name>
        <name lang="szl">Łotewski słownik ôrtograficzny i prawidła dzielynio słōw</name>
        <name lang="ta">லாத்விய எழுத்துக்கூட்டு அகராதி மற்றும் நடுக்கோடு தொடர்பான விதிகள்</name>
        <name lang="te">లాట్విన్  వుచ్ఛారణా నిఘంటువు, హైఫనేషన్ నియమాలు</name>
        <name lang="tg">Latvian spelling dictionary, and hyphenation rules</name>
        <name lang="th">พจนานุกรมสะกดคำ และกฎการแทรกยัติภังค์ภาษาลัตเวีย</name>
        <name lang="tn">Latvian spelling dictionary, and hyphenation rules</name>
        <name lang="tr">Letonca imla sözlüğü ve heceleme kuralları</name>
        <name lang="ts">Latvian spelling dictionary, and hyphenation rules</name>
        <name lang="tt">Латвия теленең орфография сүзлеге һәм күчерү кагыйдәләре</name>
        <name lang="ug">لاتۋىيەچە ئىملا لۇغىتى ۋە ھەرپ ئۇلاش قائىدىسى</name>
        <name lang="uk">Латвійський орфографічний словник та правила переносу</name>
        <name lang="uz">Latvian spelling dictionary, and hyphenation rules</name>
        <name lang="ve">Latvian spelling dictionary, and hyphenation rules</name>
        <name lang="vec">Disionaro ortogràfego Łètone e règołe de siłabasion</name>
        <name lang="vi">Từ điển chính tả, luật nghạch ngang tiếng Latvia</name>
        <name lang="xh">Latvian spelling dictionary, and hyphenation rules</name>
        <name lang="zh-CN">拉脱维亚语拼写词典与断词规则</name>
        <name lang="zh-TW">拉脫維亞文拼寫詞典、斷字與禁忌規則</name>
        <name lang="zu">Latvian spelling dictionary, and hyphenation rules</name>
    </display-name>
    <platform value="all" />
    <dependencies>
        <OpenOffice.org-minimal-version value="2.4" d:name="OpenOffice.org 2.4" />
    </dependencies>
    <publisher>
        <name xlink:href="http://dict.dv.lv" lang="en-US">Dicollecte-LV</name>
    </publisher>
</description>
