﻿<?xml version="1.0" encoding="UTF-8"?>
<description xmlns="http://openoffice.org/extensions/description/2006" xmlns:d="http://openoffice.org/extensions/description/2006"  xmlns:xlink="http://www.w3.org/1999/xlink">
    <version value="2017.05.14" />
    <identifier value="org.openoffice.pl.hunspell.dictionaries" />
    <display-name>
        <name lang="en-US">Polish spelling dictionary, hyphenation rules, and thesaurus</name>
        <name lang="af">Poolse woordelys, koppelteken reëls, and thesaurus</name>
        <name lang="am">Polish spelling dictionary, hyphenation rules, and thesaurus</name>
        <name lang="ar">قاموس التدقيق الإملائي للُّغة البولندية، قواعد الواصلة والمترادفات</name>
        <name lang="as">পলিচ বানান শব্দকোষ, হাইফেনেষণ নিয়মসমূহ, আৰু সমাৰ্থশব্দকোষ</name>
        <name lang="ast">Diccionariu ortográficu, regles de separtación silábica y sinónimos pal polacu</name>
        <name lang="be">Польскі правапісны слоўнік, правілы пераносаў і тэзаўрус</name>
        <name lang="bg">Полски речници за правопис, сричкопренасяне и синоними</name>
        <name lang="bn">Polish spelling dictionary, hyphenation rules, and thesaurus</name>
        <name lang="bn-IN">পোলিশ বানান পরীক্ষক অভিধান, হাইফেন প্রয়োগ নিয়ম এবং শব্দকোষ</name>
        <name lang="bo">Polish spelling dictionary, hyphenation rules, and thesaurus</name>
        <name lang="br">Geriadur ar reizhskrivañ, reolennoù an troc'hañ-gerioù ha geriadur an heñvelsterioù evit ar poloneg</name>
        <name lang="brx">Polish spelling dictionary, hyphenation rules, and thesaurus</name>
        <name lang="bs">Rječnik pravopisa i sinonima, te pravila rastavljanja riječi na kraju reda za poljski jezik</name>
        <name lang="ca">Polonès: corrector ortogràfic, partició de mots i tesaurus (sinònims i termes relacionats)</name>
        <name lang="ca-valencia">Polonés: corrector ortogràfic, partició de mots i tesaurus (sinònims i termes relacionats)</name>
        <name lang="ckb">فەرهەنگی ڕێنووسی پۆڵەندی، یاساکانی ڕێزمانی لەگەڵ بەرامبەرەکان</name>
        <name lang="cs">Slovník kontroly pravopisu, dělení slov a slovník synonym pro polštinu</name>
        <name lang="cy">Pwyleg - geiriadur sillafu, rheolau cyplysnodi a thesawrws</name>
        <name lang="da">Polsk stavekontrol, orddelingsregler og synonymordbog</name>
        <name lang="de">Polnisches Wörterbuch für Rechtschreibprüfung, Silbentrennung und Thesaurus</name>
        <name lang="dgo">पोलिश शब्द-जोड़ शब्दकोश, जोड़-चिʼन्नीकरण नियम ते पर्यायकोश</name>
        <name lang="dsb">Pólski pšawopisny słownik, pšawidła źělenja złožkow a tezawrus</name>
        <name lang="dz">Polish spelling dictionary, hyphenation rules, and thesaurus</name>
        <name lang="el">Πολωνικό ορθογραφικό λεξικό, συλλαβισμός και θησαυρός</name>
        <name lang="en-GB">Polish spelling dictionary, hyphenation rules, and thesaurus</name>
        <name lang="en-ZA">Polish spelling dictionary, hyphenation rules, and thesaurus</name>
        <name lang="eo">Pola ortografia vortaro, vortdividaj reguloj, kaj tezaŭro</name>
        <name lang="es">Polaco: corrector ortográfico, sinónimos y reglas de corte de palabras</name>
        <name lang="et">Poola keele õigekirjakontrolli sõnastik, poolitusreeglid ja tesaurus</name>
        <name lang="eu">Polonieraren ortografia-egiaztatzailea, hitzak zatitzeko arauak eta thesaurusa</name>
        <name lang="fa">واژه‌نامه املایی، قواعد خط‌فاصله‌گذاری و اصطلاح‌نامه لهستانی</name>
        <name lang="fi">Puolan oikolukusanasto, tavutussäännöt ja synonyymisanasto</name>
        <name lang="fr">Dictionnaires orthographique, des synonymes et règles de coupure des mots polonais</name>
        <name lang="fur">Dizionari ortografic polac, regulis di silabazion e dizionari dai sinonims</name>
        <name lang="fy">Poalsk wurdboek foar stavering, wurdôfbrekkingsregels en synonimenlist</name>
        <name lang="ga">Foclóir litrithe, rialacha fleiscínithe agus teasáras don Pholainnis</name>
        <name lang="gd">Faclair litreachadh, riaghailtean tàthanachadh ⁊ co-fhaclair na Pòlainnise</name>
        <name lang="gl">Dicionario ortográfico, sinónimos e guionizador do polaco</name>
        <name lang="gu">પોલિશ જોડણી ચકાસણી શબ્દકોષ, હાઇફનેશન નિયમો, અને માહિતી ભંડાર</name>
        <name lang="gug">Polaco: corrector ortográfico ha división ñe'ẽgui</name>
        <name lang="he">רשימת מילים לבודק איות, כללי מיקוף ואגרון בפולנית</name>
        <name lang="hi">पोलिश वर्तनी शब्दकोश, समासन नियम और थिसारस</name>
        <name lang="hr">Pravopisni rječnik, rastavljanje riječi i rječnik sinonima poljskog jezika</name>
        <name lang="hsb">Polski prawopisny słownik, prawidła dźělenja złóžkow a tezawrus</name>
        <name lang="hu">Lengyel helyesírási szótár, elválasztási szabályok és szinonimaszótár</name>
        <name lang="id">Kamus ejaan, aturan pemutusan suku kata, dan tesaurus bahasa Polandia</name>
        <name lang="is">Pólskt stafsetningarorðasafn, orðskiptireglur og samheitaorðasafn</name>
        <name lang="it">Dizionario ortografico polacco, regole di sillabazione e dizionario di sinonimi</name>
        <name lang="ja">ポーランド語スペル辞書、ハイフネーション規則と類義語辞典</name>
        <name lang="ka">Polish spelling dictionary, hyphenation rules, and thesaurus</name>
        <name lang="kab">Amawal n teɣdira, igdawalen d ilugan n unegzum n wawalen n pulandit</name>
        <name lang="kk">Поляк емле сөздігі, тасымалдау ережелері және тезаурус</name>
        <name lang="km">វចនានុក្រម​អក្ខរាវិរុទ្ធ​ភាសា​ប៉ូឡូញ គោលការណ៍​ដាក់​សហសញ្ញា និង​កម្រង​វេវចនសព្ទ</name>
        <name lang="kmr-Latn">Polish spelling dictionary, hyphenation rules, and thesaurus</name>
        <name lang="kn">ಪೋಲಿಶ್ ಕಾಗುಣಿತ ಪರೀಕ್ಷಕ ಶಬ್ಧಕೋಶ, ಹೈಫನೇಶನ್ ನಿಯಮಗಳು, ಹಾಗು ಸಮಾನಾರ್ಥಕ ಪದಕೋಶ</name>
        <name lang="ko">폴란드어 맞춤법 사전, 하이픈 규칙, 동의어 사전</name>
        <name lang="kok">पोली वर्णरचना शब्दकोश संयोगचिन्नाचे नेम आनी थेसोरसPolish OkxorRochona Xobdkox, Xobdkox, somyog chinna Niyom ani MahetiKox</name>
        <name lang="ks">Polish spelling dictionary, hyphenation rules, and thesaurus</name>
        <name lang="lb">Polish spelling dictionary, hyphenation rules, and thesaurus</name>
        <name lang="lo">ພົດຈະນານຸກົມສະກົດຄຳພາສາ Polish, ກົດລະບຽບການເຊື່ອມໂຍງ, ແລະ ພົດຈະນານຸກົມ</name>
        <name lang="lt">Lenkų kalbos rašybos tikrinimo, žodžių kėlybos ir tezauro žodynai</name>
        <name lang="lv">Poļu pareizrakstības vārdnīca, zilbjdales kārtulas un tēzaurs</name>
        <name lang="mai">Polish spelling dictionary, hyphenation rules, and thesaurus</name>
        <name lang="mk">Polish spelling dictionary, hyphenation rules, and thesaurus</name>
        <name lang="ml">പോളിഷ് സ്പെല്ലിങ് നിഘണ്ടുവും ഹൈഫനേഷന്‍ നിയമങ്ങളും തെസോറസും</name>
        <name lang="mn">Польш хэлний зөв бичгийн ба үеэр таслах дүрмийн болон нэвтэрхий толь бичиг</name>
        <name lang="mni">পোলিশ বানানগী দিক্সনারি, অমসুং হাইফেনেসনগী রুলশিং, অমসুং থেসোরস</name>
        <name lang="mr">पोलिश शुध्दलेखन शब्दकोष, हायफेनेशन नियम, व थिसॉरस्</name>
        <name lang="my">ပိုလန် စာလုံးပေါင်းစစ်အဘိဓာန်၊ စကားလုံးခွဲမျဉ်းတို စည်းမျဉ်းများနှင့်  ဝေါဟာရပဒေသာကျမ်း</name>
        <name lang="nb">Polsk stavekontroll, orddeling og synonymordbok</name>
        <name lang="ne">पोलिश हिज्जे शब्दकोश, योजकचिन्ह राख्ने कार्य नियमहरू, र पर्यायकोश</name>
        <name lang="nl">Spellingwoordenboek, woordafbrekingsregels en thesaurus voor Pools</name>
        <name lang="nn">Polsk stavekontroll, orddeling og synonymordbok</name>
        <name lang="nr">Polish spelling dictionary, hyphenation rules, and thesaurus</name>
        <name lang="nso">Polish spelling dictionary, hyphenation rules, and thesaurus</name>
        <name lang="oc">Diccionaris ortografic, dels sinonims e règlas de copadura de mots poloneses</name>
        <name lang="om">Polish spelling dictionary, hyphenation rules, and thesaurus</name>
        <name lang="or">ପୋଲିସ ବନାନ ଅବିଧାନ, ସମାସ ଚିହ୍ନ ନିୟମାବଳୀ, ଏବଂ ଶବ୍ଦାକୋଷ</name>
        <name lang="pa-IN">ਪੌਲਿਸ਼ ਸਪੈਲਿੰਗ ਡਿਕਸ਼ਨਰੀ, ਅਤੇ ਹਾਈਫਨੇਸ਼ਨ ਰੂਲ, ਅਤੇ ਕੋਸ਼</name>
        <name lang="pl">Polski słownik ortograficzny, reguły dzielenia wyrazów i słownik wyrazów bliskoznacznych</name>
        <name lang="pt">Dicionário ortográfico, sinónimos e regras de hifenização em polaco</name>
        <name lang="pt-BR">Dicionário ortográfico, sinônimos e regras de hifenização em polonês</name>
        <name lang="ro">Dicționar ortografic, de sinonime și reguli de despărțire în silabe pentru poloneză</name>
        <name lang="ru">Польский орфографический словарь, правила переноса и тезаурус</name>
        <name lang="rw">Polish spelling dictionary, hyphenation rules, and thesaurus</name>
        <name lang="sa-IN">पोलिश् वर्णविन्यासकोशः , समासकरणनियमाः तथा च कोशः</name>
        <name lang="sat">पोलिस बानान ञेल साबाद गादेल, फारका गार नियोम को, आर मित् लेकान मानेयानाक् साबाद गादेल बाबोत </name>
        <name lang="sd">پولش هجي ڊڪشنري، ننڍي ليڪ (-) ڏيڻ جا قاعدا، ۽ پريايواچي ڪوش</name>
        <name lang="si">Polish spelling dictionary, hyphenation rules, and thesaurus</name>
        <name lang="sid">Poolaandete fidalishshsi qaallate fichaancho, haawiiccisha wodhonna xaadigurchu qaallate fichaancho</name>
        <name lang="sk">Poľský slovník na kontrolu pravopisu, delenie slov a tezaurus</name>
        <name lang="sl">Poljski jezik – slovar za preverjanje črkovanja, vzorci za deljenje besed in slovar sopomenk</name>
        <name lang="sq">Fjalor drejtshkrimi polak, rregullat e rrokjezimit, dhe sinonimet</name>
        <name lang="sr">Пољски: провера писања, прелом речи и речник синонима</name>
        <name lang="sr-Latn">Poljski: provera pisanja, prelom reči i rečnik sinonima</name>
        <name lang="ss">Polish spelling dictionary, hyphenation rules, and thesaurus</name>
        <name lang="st">Polish spelling dictionary, hyphenation rules, and thesaurus</name>
        <name lang="sv">Stavningsordlista, avstavningsregler och synonymordlista för polska</name>
        <name lang="sw-TZ">Polish spelling dictionary, hyphenation rules, and thesaurus</name>
        <name lang="szl">Polski słownik ôrtograficzny, prawidła dzielynio słōw i słownik synōnimōw</name>
        <name lang="ta">பொலிஷ் எழுத்துக்கூட்டு அகராதி, நடுக்கோடு விதிகள் மற்றும் நிகண்டு</name>
        <name lang="te">పోలిష్  వుచ్ఛారణా నిఘంటువు, హైఫనేషన్ నియమాలు, మరియు పదకోశాలు</name>
        <name lang="tg">Polish spelling dictionary, hyphenation rules, and thesaurus</name>
        <name lang="th">พจนานุกรมสะกดคำ, กฎการแทรกยัติภังค์, และอรรถาภิธานภาษาโปแลนด์</name>
        <name lang="tn">Polish spelling dictionary, hyphenation rules, and thesaurus</name>
        <name lang="tr">Polonyaca imla sözlüğü, heceleme kuralları ve eş anlamlılar</name>
        <name lang="ts">Polish spelling dictionary, hyphenation rules, and thesaurus</name>
        <name lang="tt">Польша теленең орфография сүзлеге, күчерү кагыдәләре һәм тезаурус</name>
        <name lang="ug">پولەكچە ئىملا لۇغىتى، ھەرپ ئۇلاش قائىدىسى ۋە مەنىداش سۆزلەر لۇغىتى</name>
        <name lang="uk">Польський орфографічний словник, правила переносу та тезаурус</name>
        <name lang="uz">Polish spelling dictionary, hyphenation rules, and thesaurus</name>
        <name lang="ve">Polish spelling dictionary, hyphenation rules, and thesaurus</name>
        <name lang="vec">Disionaro ortogràfego Połaco, règołe de siłabasion e disionaro de i sinònemi</name>
        <name lang="vi">Từ điển chính tả, luật gạch ngang, từ điển đồng nghĩa tiếng Ba Lan</name>
        <name lang="xh">Polish spelling dictionary, hyphenation rules, and thesaurus</name>
        <name lang="zh-CN">波兰语拼写词典、断词规则与同义词库</name>
        <name lang="zh-TW">波蘭文拼寫詞典、斷字與禁忌規則、同義詞庫</name>
        <name lang="zu">Polish spelling dictionary, hyphenation rules, and thesaurus</name>
    </display-name>
    <platform value="all" />
    <dependencies>
        <OpenOffice.org-minimal-version value="3.0" d:name="OpenOffice.org 3.0" />
    </dependencies>
</description>
