<?xml version="1.0" encoding="UTF-8"?>
<description xmlns="http://openoffice.org/extensions/description/2006" xmlns:d="http://openoffice.org/extensions/description/2006"  xmlns:xlink="http://www.w3.org/1999/xlink">
    <!-- http://wiki.services.openoffice.org/wiki/Extension_Dictionaries -->
    <version value="0.16" />
    <identifier value="breton-dictionary.from.Drouizig" />
    <display-name>
        <name lang="en-US">Breton spelling dictionary</name>
        <name lang="af">Bretonsiese woordeboek vir speltoetsing</name>
        <name lang="am">Breton spelling dictionary</name>
        <name lang="ar">قاموس التدقيق الإملائي للُّغة البريتونية</name>
        <name lang="as">ব্ৰিটন বানান শব্দকোষ</name>
        <name lang="ast">Diccionariu ortográficu pal bretón</name>
        <name lang="be">Брэтонскі правапісны слоўнік</name>
        <name lang="bg">Бретонски правописен речник</name>
        <name lang="bn">Breton spelling dictionary</name>
        <name lang="bn-IN">ব্রেটন বানান অভিধান</name>
        <name lang="bo">Breton spelling dictionary</name>
        <name lang="br">Geriadur ar reizhskrivañ evit ar brezhoneg</name>
        <name lang="brx">Breton spelling dictionary</name>
        <name lang="bs">Rječnik pravopisa za bretonski jezik</name>
        <name lang="ca">Bretó: corrector ortogràfic</name>
        <name lang="ca-valencia">Bretó: corrector ortogràfic</name>
        <name lang="ckb">فەرهەنگی هەڵەی ڕێنووسی زمانی بریتۆنی</name>
        <name lang="cs">Slovník kontroly pravopisu pro bretonštinu</name>
        <name lang="cy">Llydaweg - geiriadur sillafu</name>
        <name lang="da">Bretonsk ordbog for stavekontrol</name>
        <name lang="de">Bretonisches Wörterbuch für Rechtschreibprüfung</name>
        <name lang="dgo">ब्रिटन शब्द-जोड़ शब्दकोश</name>
        <name lang="dsb">Bretoniski pšawopisny słownik</name>
        <name lang="dz">Breton spelling dictionary</name>
        <name lang="el">Λεξικό ορθογραφίας μπρετόν</name>
        <name lang="en-GB">Breton spelling dictionary</name>
        <name lang="en-ZA">Breton spelling dictionary</name>
        <name lang="eo">Bretona ortografia vortaro</name>
        <name lang="es">Bretón: corrector ortográfico</name>
        <name lang="et">Bretooni keele õigekirjakontrolli sõnastik</name>
        <name lang="eu">Bretoieraren ortografia-egiaztatzailea</name>
        <name lang="fa">واژه‌نامه املایی برتون</name>
        <name lang="fi">Bretonin oikolukusanasto</name>
        <name lang="fr">Dictionnaire orthographique breton</name>
        <name lang="fur">Dizionari ortografic breton</name>
        <name lang="fy">Bretonske stavering wurdboek</name>
        <name lang="ga">Foclóir litrithe na Briotáinise</name>
        <name lang="gd">Faclair litreachadh na Breatnaise</name>
        <name lang="gl">Dicionario ortográfico para bretón</name>
        <name lang="gu">બ્રેટન જોડણી ચકાસણી શબ્દકોષ</name>
        <name lang="gug">Ñe'ẽryru ortográfico Bretón</name>
        <name lang="he">רשימת מילים לבודק איות בברטונית</name>
        <name lang="hi">ब्रेटन वर्तनी शब्दकोश</name>
        <name lang="hr">Rječnik za provjeru pravopisa za bretonskog jezik</name>
        <name lang="hsb">Bretonski prawopisny słownik</name>
        <name lang="hu">Breton helyesírási szótár</name>
        <name lang="id">Kamus ejaan bahasa Breton</name>
        <name lang="is">Bretónskt stafsetningarorðasafn</name>
        <name lang="it">Dizionario ortografico bretone</name>
        <name lang="ja">ブルターニュ語スペル辞書</name>
        <name lang="ka">Breton spelling dictionary</name>
        <name lang="kab">Amawal n teɣdira tabṛuṭunt</name>
        <name lang="kk">Бретон емле сөздігі</name>
        <name lang="km">វចនានុក្រម​អក្ខរាវិរុទ្ធ​ភាសា​ប្រេតុង</name>
        <name lang="kmr-Latn">Breton spelling dictionary</name>
        <name lang="kn">ಬ್ರೆಟನ್ ಕಾಗುಣಿತ ಶಬ್ಧಕೋಶ</name>
        <name lang="ko">브르통어 맞춤법용 사전</name>
        <name lang="kok">ब्रेटॉन वर्णरचना शब्दकोशBreton OkxorRochona Xobdkox, ani Xobdkox, somyog chinna Niyom</name>
        <name lang="ks">Breton spelling dictionary</name>
        <name lang="lb">Breton spelling dictionary</name>
        <name lang="lo">ພົດຈະນານຸກົມສະກົດຄຳພາສາ Breton</name>
        <name lang="lt">Bretonų kalbos rašybos tikrinimo žodynas</name>
        <name lang="lv">Bretoņu pareizrakstības vārdnīca</name>
        <name lang="mai">Breton spelling dictionary</name>
        <name lang="mk">Breton spelling dictionary</name>
        <name lang="ml">ബ്രെട്ടോണ്‍ സ്പെല്ലിങ് നിഘണ്ടു</name>
        <name lang="mn">Бретон хэлний зөв бичгийн дүрмийн толь бичиг</name>
        <name lang="mni">ব্রিতোন বানানগী দিক্সনারি</name>
        <name lang="mr">ब्रेटॉन शुध्दलेखन शब्दकोश</name>
        <name lang="my">ထိုင်းစာလုံးပေါင်းအဘိဓာန်</name>
        <name lang="nb">Bretonsk stavekontroll</name>
        <name lang="ne">ब्रेटन हिज्जे शब्दकोश</name>
        <name lang="nl">Bretons spelling woordenboek</name>
        <name lang="nn">Bretonsk stavekontroll</name>
        <name lang="nr">Breton spelling dictionary</name>
        <name lang="nso">Breton spelling dictionary</name>
        <name lang="oc">Diccionari ortografic pel breton</name>
        <name lang="om">Dikshinaari qubeessa afaan Bireton</name>
        <name lang="or">ବ୍ରେଟନ ବନାନ ଅବିଧାନ</name>
        <name lang="pa-IN">ਬਰੀਟੋਨ ਸਪੈਲਿੰਗ ਡਿਕਸ਼ਨਰੀ</name>
        <name lang="pl">Bretoński słownik ortograficzny</name>
        <name lang="pt">Dicionário ortográfico em bretão</name>
        <name lang="pt-BR">Dicionário ortográfico em bretão</name>
        <name lang="ro">Dicționar ortografic pentru bretonă</name>
        <name lang="ru">Бретонский орфографический словарь</name>
        <name lang="rw">Breton spelling dictionary</name>
        <name lang="sa-IN">ब्रिटन् वर्णविन्यासकोशः</name>
        <name lang="sat">ब्रेटोन बानान ञेल साबाद गादेल</name>
        <name lang="sd">بريٽن هجي ڊڪشنري</name>
        <name lang="si">Breton spelling dictionary</name>
        <name lang="sid">Breetoonete fidalishshi qaallate fichaancho</name>
        <name lang="sk">Bretónsky slovník na kontrolu pravopisu</name>
        <name lang="sl">Bretonski jezik – slovar za preverjanje črkovanja</name>
        <name lang="sq">Fjalor drejtshkrimi Breton</name>
        <name lang="sr">Бретонски: провера писања</name>
        <name lang="sr-Latn">Bretonski: provera pisanja</name>
        <name lang="ss">Breton spelling dictionary</name>
        <name lang="st">Breton spelling dictionary</name>
        <name lang="sv">Stavningsordlista på Bretonska</name>
        <name lang="sw-TZ">Breton spelling dictionary</name>
        <name lang="szl">Bretōński słownik ôrtograficzny</name>
        <name lang="ta">ப்ரெட்டோன் எழுத்துக்கூட்டு அகராதி</name>
        <name lang="te">బ్రెటాన్ వుచ్ఛారణా నిఘంటువు</name>
        <name lang="tg">Breton spelling dictionary</name>
        <name lang="th">พจนานุกรมสะกดคำภาษาเบรตัน</name>
        <name lang="tn">Breton spelling dictionary</name>
        <name lang="tr">Breton dili imla sözlüğü</name>
        <name lang="ts">Breton spelling dictionary</name>
        <name lang="tt">Бретон теленең орфография сүзлеге</name>
        <name lang="ug">بىرېتونچە ئىملا لۇغىتى</name>
        <name lang="uk">Бретонський орфографічний словник</name>
        <name lang="uz">Breton imlo lug‘ati</name>
        <name lang="ve">Breton spelling dictionary</name>
        <name lang="vec">Disionaro ortogràfego Brètone</name>
        <name lang="vi">Từ điển chính tả tiếng Breton</name>
        <name lang="xh">Breton spelling dictionary</name>
        <name lang="zh-CN">布列塔尼语拼写词典</name>
        <name lang="zh-TW">布列塔尼文拼寫詞典</name>
        <name lang="zu">Breton spelling dictionary</name>
    </display-name>
    <platform value="all" />
    <dependencies>
        <OpenOffice.org-minimal-version value="3.0" d:name="OpenOffice.org 3.0" />
    </dependencies>
    <publisher>
        <name xlink:href="http://www.drouizig.org/" lang="fr">Korvigelloù an Drouizig</name>
    </publisher>
</description>
