<?xml version="1.0" encoding="UTF-8"?>
<description xmlns="http://openoffice.org/extensions/description/2006" xmlns:d="http://openoffice.org/extensions/description/2006"  xmlns:xlink="http://www.w3.org/1999/xlink">
    <version value="2021.05.03" />
    <identifier value="org.libreoffice.lo.hunspell.dictionaries" />
    <display-name>
        <name lang="en-US">Lao spelling dictionary</name>
        <name lang="af">Laotiaanse woordeboek vir speltoetsing</name>
        <name lang="am">Lao spelling dictionary</name>
        <name lang="ar">قاموس التدقيق الإملائي للغة اللاوية</name>
        <name lang="as">লাও বানান শব্দকোষ</name>
        <name lang="ast">Diccionariu ortográficu pal lao</name>
        <name lang="be">Лаоскі правапісны слоўнік</name>
        <name lang="bg">Лаоски правописен речник</name>
        <name lang="bn">Lao spelling dictionary</name>
        <name lang="bn-IN">লাও বানান অভিধান</name>
        <name lang="bo">Lao spelling dictionary</name>
        <name lang="br">Geriadur ar reizhskrivañ evit al laoeg</name>
        <name lang="brx">Lao spelling dictionary</name>
        <name lang="bs">Lao rječnik pravopisa</name>
        <name lang="ca">Laosià: corrector ortogràfic</name>
        <name lang="ca-valencia">Laosià: corrector ortogràfic</name>
        <name lang="ckb">فەرهەنگی هەڵەی ڕێنووسی زمانی لاوی</name>
        <name lang="cs">Slovník kontroly pravopisu pro laoštinu</name>
        <name lang="cy">Geiriadur sillafu Lao</name>
        <name lang="da">Lao stavekontrol</name>
        <name lang="de">Laotisches Wörterbuch für Rechtschreibprüfung</name>
        <name lang="dgo">Lao spelling dictionary</name>
        <name lang="dsb">Laoski pšawopisny słownik</name>
        <name lang="dz">Lao spelling dictionary</name>
        <name lang="el">Ορθογραφικό λεξικό λάο</name>
        <name lang="en-GB">Lao spelling dictionary</name>
        <name lang="en-ZA">Lao spelling dictionary</name>
        <name lang="eo">Laŭa ortografia vortaro</name>
        <name lang="es">Laosiano: corrector ortográfico</name>
        <name lang="et">Lao keele õigekirjakontrolli sõnastik</name>
        <name lang="eu">Laoserazko ortografia-egiaztatzailea</name>
        <name lang="fa">واژه‌نامه املایی لائو</name>
        <name lang="fi">Laon oikolukusanasto</name>
        <name lang="fr">Dictionnaire orthographique Lao</name>
        <name lang="fur">Dizionari ortografic laossian</name>
        <name lang="fy">Laotyske stavering wurdboek</name>
        <name lang="ga">Foclóir litrithe na Laoisise</name>
        <name lang="gd">Faclair litreachadh na Làtho</name>
        <name lang="gl">Dicionario ortográfico de lao</name>
        <name lang="gu">લાઓ જોડણી શબ્દકોષ</name>
        <name lang="gug">Ñe'ẽryru ortográfico Lao</name>
        <name lang="he">מילון איות בלאית</name>
        <name lang="hi">Lao spelling dictionary</name>
        <name lang="hr">Pravopisni rječnik lao jezika</name>
        <name lang="hsb">Laoski prawopisny słownik</name>
        <name lang="hu">Lao helyesírási szótár</name>
        <name lang="id">Kamus ejaan Laos</name>
        <name lang="is">Laóskt stafsetningarorðasafn</name>
        <name lang="it">Dizionario ortografico laotiano</name>
        <name lang="ja">ラーオ語スペル辞書</name>
        <name lang="ka">Lao spelling dictionary</name>
        <name lang="kab">Amawal n teɣdira n law</name>
        <name lang="kk">Лао емле сөздігі</name>
        <name lang="km">វចនានុក្រម​ពិនិត្យ​អក្ខរាវិរុទ្ធ​ឡាវ</name>
        <name lang="kmr-Latn">Lao spelling dictionary</name>
        <name lang="kn">ಲಾವೊ ಕಾಗುಣಿತ ಶಬ್ಧಕೋಶ</name>
        <name lang="ko">라오어 맞춤법 검사 사전</name>
        <name lang="kok">Lao spelling dictionary</name>
        <name lang="ks">Lao spelling dictionary</name>
        <name lang="lb">Lao spelling dictionary</name>
        <name lang="lo">ພົດຈະນານຸກົມສະກົດຄຳພາສາ Lao</name>
        <name lang="lt">Laosiečių kalbos rašybos tikrinimo žodynas</name>
        <name lang="lv">Laosiešu pareizrakstības vārdnīca</name>
        <name lang="mai">Lao spelling dictionary</name>
        <name lang="mk">Lao spelling dictionary</name>
        <name lang="ml">ലാവോ നിഘണ്ടു</name>
        <name lang="mn">Лаос хэлний зөв бичгийн дүрмийн толь бичиг</name>
        <name lang="mni">Lao spelling dictionary</name>
        <name lang="mr">Lao spelling dictionary</name>
        <name lang="my">Lao spelling dictionary</name>
        <name lang="nb">Laotisk stavekontroll</name>
        <name lang="ne">लाओ हिज्जे शब्दकोश</name>
        <name lang="nl">Laotiaans woordenboek</name>
        <name lang="nn">Laotisk stavekontroll</name>
        <name lang="nr">Lao spelling dictionary</name>
        <name lang="nso">Lao spelling dictionary</name>
        <name lang="oc">Diccionari ortografic Lao</name>
        <name lang="om">Lao spelling dictionary</name>
        <name lang="or">ଲାଓ ବନାନ ଅଭିଧାନ</name>
        <name lang="pa-IN">ਲਾਓ ਸਪੈਲਿੰਗ ਸ਼ਬਦ-ਕੋਸ਼</name>
        <name lang="pl">Laotański słownik ortograficzny</name>
        <name lang="pt">Dicionário ortográfico para laosiano</name>
        <name lang="pt-BR">Dicionário ortográfico para laosiano</name>
        <name lang="ro">Dicționar ortografic pentru lao</name>
        <name lang="ru">Лаосский орфографический словарь</name>
        <name lang="rw">Lao spelling dictionary</name>
        <name lang="sa-IN">Lao spelling dictionary</name>
        <name lang="sat">Lao spelling dictionary</name>
        <name lang="sd">Lao spelling dictionary</name>
        <name lang="si">Lao spelling dictionary</name>
        <name lang="sid">Lao spelling dictionary</name>
        <name lang="sk">Laoský slovník na kontrolu pravopisu</name>
        <name lang="sl">Laoški jezik – slovar za preverjanje črkovanja</name>
        <name lang="sq">Fjalor ortografik Lao</name>
        <name lang="sr">Лаоски речник провере писања</name>
        <name lang="sr-Latn">Lao spelling dictionary</name>
        <name lang="ss">Lao spelling dictionary</name>
        <name lang="st">Lao spelling dictionary</name>
        <name lang="sv">Laotiska stavningskontroll</name>
        <name lang="sw-TZ">Lao spelling dictionary</name>
        <name lang="szl">Laotański słownik ôrtograficzny</name>
        <name lang="ta">லாவோ பிழைத்திருத்தும் அகராதி</name>
        <name lang="te">Lao spelling dictionary</name>
        <name lang="tg">Lao spelling dictionary</name>
        <name lang="th">พจนานุกรมสะกดคำภาษาลาว</name>
        <name lang="tn">Lao spelling dictionary</name>
        <name lang="tr">Lao imla sözlüğü</name>
        <name lang="ts">Lao spelling dictionary</name>
        <name lang="tt">Lao spelling dictionary</name>
        <name lang="ug">لائوسچە ئىملا لۇغىتى</name>
        <name lang="uk">Лаоський орфографічний словник</name>
        <name lang="uz">Lao spelling dictionary</name>
        <name lang="ve">Lao spelling dictionary</name>
        <name lang="vec">Disionaro ortogràfego Lao</name>
        <name lang="vi">Từ điển chính tả tiếng Lào</name>
        <name lang="xh">Lao spelling dictionary</name>
        <name lang="zh-CN">老挝语拼写词典</name>
        <name lang="zh-TW">寮文拼寫詞典</name>
        <name lang="zu">Lao spelling dictionary</name>
    </display-name>
    <platform value="all" />
    <dependencies>
        <OpenOffice.org-minimal-version value="3.0" d:name="OpenOffice.org 3.0" />
    </dependencies>
</description>

