<?xml version="1.0" encoding="UTF-8"?>
<description xmlns="http://openoffice.org/extensions/description/2006" xmlns:d="http://openoffice.org/extensions/description/2006"  xmlns:xlink="http://www.w3.org/1999/xlink">
            <version value="2008.02.01" />
    <identifier value="org.openoffice.gu.dictionaries.gu" />
    <display-name>
        <name lang="en-US">Gujarati spelling dictionary</name>
        <name lang="af">Gujaratiaanse woordeboek vir speltoetsing</name>
        <name lang="am">Gujarati spelling dictionary</name>
        <name lang="ar">قاموس التدقيق الإملائي للُّغة الغوجاراتية</name>
        <name lang="as">গুজৰাটি বানান শব্দকোষ</name>
        <name lang="ast">Diccionariu ortográficu pal gujarati</name>
        <name lang="be">Гуджараці, правапісны слоўнік</name>
        <name lang="bg">Правописен речник за гуджарати</name>
        <name lang="bn">Gujarati spelling dictionary</name>
        <name lang="bn-IN">গুজরাতি বানান অভিধান</name>
        <name lang="bo">Gujarati spelling dictionary</name>
        <name lang="br">Geriadur ar reizhskrivañ evit ar gujaratieg</name>
        <name lang="brx">Gujarati spelling dictionary</name>
        <name lang="bs">Rječnik pravopisa za jezik Gudžarati</name>
        <name lang="ca">Gujarati: corrector ortogràfic</name>
        <name lang="ca-valencia">Gujarati: corrector ortogràfic</name>
        <name lang="ckb">فەرهەنگی هەڵەڕێنووسی زمانی گوجاراتی</name>
        <name lang="cs">Slovník kontroly pravopisu pro gudžarátštinu</name>
        <name lang="cy">Gujarati - geiriadur sillafu</name>
        <name lang="da">Gujarati stavekontrol</name>
        <name lang="de">Gujaratisches Wörterbuch für Rechtschreibprüfung</name>
        <name lang="dgo">गुजराती शब्द-जोड़ शब्दकोश</name>
        <name lang="dsb">Guźaratiski pšawopisny słownik</name>
        <name lang="dz">Gujarati spelling dictionary</name>
        <name lang="el">Ορθογραφικό λεξικό γκουζαράτι</name>
        <name lang="en-GB">Gujarati spelling dictionary</name>
        <name lang="en-ZA">Gujarati spelling dictionary</name>
        <name lang="eo">Guĝarata ortografia vortaro</name>
        <name lang="es">Guyaratí: corrector ortográfico</name>
        <name lang="et">Gudžarati keele õigekirjakontrolli sõnastik</name>
        <name lang="eu">Gujarateraren ortografia-egiaztatzailea</name>
        <name lang="fa">فرهنگ لغت املاء گجراتی</name>
        <name lang="fi">Gudžaratin oikolukusanasto</name>
        <name lang="fr">Dictionnaire orthographique gujararati</name>
        <name lang="fur">Dizionari ortografic gujarati</name>
        <name lang="fy">Gujaratysk stavering wurdboek</name>
        <name lang="ga">Foclóir litrithe na Gúisearáitis</name>
        <name lang="gd">Faclair litreachadh na Gujarati</name>
        <name lang="gl">Dicionario ortográfico do guxaratí</name>
        <name lang="gu">ગુજરાતી જોડણી ચકાસણી શબ્દકોષ</name>
        <name lang="gug">Ñe'ẽryru ortográfico Guyaratí</name>
        <name lang="he">רשימת מילים לבודק איות בגוג׳ראטית</name>
        <name lang="hi">गुजराती वर्तनी शब्दकोश</name>
        <name lang="hr">Pravopisni rječnik za gudžaratski jezik</name>
        <name lang="hsb">Gudźaratiski prawopisny słownik</name>
        <name lang="hu">Gudzsaráti helyesírási szótár</name>
        <name lang="id">Kamus ejaan bahasa Gujarat</name>
        <name lang="is">Gujaratískt stafsetningarorðasafn</name>
        <name lang="it">Dizionario ortografico gujarati</name>
        <name lang="ja">グジャラート語スペル辞書</name>
        <name lang="ka">Gujarati spelling dictionary</name>
        <name lang="kab">Amawal n teɣdira n tgujaratit</name>
        <name lang="kk">Гуджарати емле сөздігі</name>
        <name lang="km">វចនានុក្រម​អក្ខរាវិរុទ្ធ​ភាសា​ហ្កុយ៉ារាទី</name>
        <name lang="kmr-Latn">Gujarati spelling dictionary</name>
        <name lang="kn">ಗುಜರಾತಿ ಕಾಗುಣಿತ ಪರೀಕ್ಷಕ ಶಬ್ಧಕೋಶ</name>
        <name lang="ko">구자라트어 맞춤법 사전</name>
        <name lang="kok">गुजराती वर्णरचना शब्दकोशGujarati OkxorRochona Xobdkox</name>
        <name lang="ks">Gujarati spelling dictionary</name>
        <name lang="lb">Gujarati spelling dictionary</name>
        <name lang="lo">ພົດຈະນານຸກົມສະກົດຄຳພາສາ Gujarati</name>
        <name lang="lt">Gudžaratų kalbos rašybos tikrinimo žodynas</name>
        <name lang="lv">Gudžaratu pareizrakstības vārdnīca</name>
        <name lang="mai">Gujarati spelling dictionary</name>
        <name lang="mk">Gujarati spelling dictionary</name>
        <name lang="ml">ഗുജറാത്തി സ്പെല്ലിങ് നിഘണ്ടു</name>
        <name lang="mn">Гужарати хэлний зөв бичгийн дүрмийн толь бичиг</name>
        <name lang="mni">গুজরাতি বানানগী দিক্সনারি</name>
        <name lang="mr">गुजराती शुध्दलेखन शब्दकोश</name>
        <name lang="my">ထိုင်းစာလုံးပေါင်းအဘိဓာန်</name>
        <name lang="nb">Stavekontroll for gujarati</name>
        <name lang="ne">गुजराती हिज्जे शब्दकोश</name>
        <name lang="nl">Gujarati spelling woordenboek</name>
        <name lang="nn">Gujarati stavekontroll</name>
        <name lang="nr">Gujarati spelling dictionary</name>
        <name lang="nso">Gujarati spelling dictionary</name>
        <name lang="oc">Diccionari ortografic pel gujararati</name>
        <name lang="om">Gujarati spelling dictionary</name>
        <name lang="or">ଗୁଜୁରାତି ବନାନ ଅବିଧାନ</name>
        <name lang="pa-IN">ਗੁਜਰਾਤੀ ਸਪੈਲਿੰਗ ਡਿਕਸ਼ਨਰੀ</name>
        <name lang="pl">Gudżaracki słownik ortograficzny</name>
        <name lang="pt">Dicionário ortográfico em guajarati</name>
        <name lang="pt-BR">Dicionário ortográfico em guzerate</name>
        <name lang="ro">Dicționar ortografic pentru guajarti</name>
        <name lang="ru">Гуджарати орфографический словарь</name>
        <name lang="rw">Gujarati spelling dictionary</name>
        <name lang="sa-IN">गुजरातीवर्णविन्यासकोशः</name>
        <name lang="sat">गुजराती बानान ञेल साबाद गादेल</name>
        <name lang="sd">گجراتي هجي ڊڪشنري</name>
        <name lang="si">Gujarati spelling dictionary</name>
        <name lang="sid">Gujaaraatete fidalishshi qaallate fichaancho</name>
        <name lang="sk">Gudžarátsky slovník na kontrolu pravopisu</name>
        <name lang="sl">Gudžaratski jezik – slovar za preverjanje črkovanja</name>
        <name lang="sq">Fjalor drejtshkrimi Gujarati</name>
        <name lang="sr">Гуџарати: провера писања</name>
        <name lang="sr-Latn">Gudžarati: provera pisanja</name>
        <name lang="ss">Gujarati spelling dictionary</name>
        <name lang="st">Gujarati spelling dictionary</name>
        <name lang="sv">Stavningsordlista på Gujarati</name>
        <name lang="sw-TZ">Gujarati spelling dictionary</name>
        <name lang="szl">Gudżaracki słownik ôrtograficzny</name>
        <name lang="ta">குஜராத்தி எழுத்துக்கூட்டு அகராதி</name>
        <name lang="te">గుజరాతీ వుచ్ఛారణా నిఘంటువు</name>
        <name lang="tg">Gujarati spelling dictionary</name>
        <name lang="th">พจนานุกรมสะกดคำภาษาคุชราตี</name>
        <name lang="tn">Gujarati spelling dictionary</name>
        <name lang="tr">Gujarati imla sözlüğü</name>
        <name lang="ts">Gujarati spelling dictionary</name>
        <name lang="tt">Гуҗәтәри теленең орфография сүзлеге</name>
        <name lang="ug">گۇجاراتچە ئىملا لۇغىتى</name>
        <name lang="uk">Гуджараті орфографічний словник</name>
        <name lang="uz">Gujarati spelling dictionary</name>
        <name lang="ve">Gujarati spelling dictionary</name>
        <name lang="vec">Disionaro ortogràfego Gujarati</name>
        <name lang="vi">Từ điển chính tả Gujarati</name>
        <name lang="xh">Gujarati spelling dictionary</name>
        <name lang="zh-CN">古吉拉特语拼写词典</name>
        <name lang="zh-TW">古吉拉特文拼寫詞典</name>
        <name lang="zu">Gujarati spelling dictionary</name>
    </display-name>
    <platform value="all" />
    <dependencies>
        <OpenOffice.org-minimal-version value="3.0" d:name="OpenOffice.org 3.0" />
    </dependencies>
</description>

