<?xml version="1.0" encoding="UTF-8"?>
<description xmlns="http://openoffice.org/extensions/description/2006" xmlns:d="http://openoffice.org/extensions/description/2006"  xmlns:xlink="http://www.w3.org/1999/xlink">
    <version value="2017.01.12" />
    <identifier value="German.frami2006.dictionary.from.org.openoffice.de.by.Karl.Zeiler" />
    <display-name>
        <name lang="en-US">German (Austria, Germany, Switzerland) spelling dictionaries, hyphenation rules, and thesaurus</name>
        <name lang="af">Duitse speltoetser, woordafbreekreëls en tesourus vir Duitsland, Oostenryk en Switserland.</name>
        <name lang="am">German (Austria, Germany, Switzerland) spelling dictionaries, hyphenation rules, and thesaurus</name>
        <name lang="ar">قاموس التدقيق الإملائي للُّغة الألمانية (النمسا، ألمانيا، سويسرا)، قواعد الواصلة والمترادفات</name>
        <name lang="as">জাৰ্মান (অষ্ট্ৰিয়া, জাৰ্মানী, চুইজাৰলেণ্ড) বানান শব্দকোষসমূহ, হাইফেনেষণ নিয়মসমূহ, আৰু সমাৰ্থশব্দকোষ</name>
        <name lang="ast">Diccionariu ortográficu, regles de separtación silábica y sinónimos alemanes (Austria, Alemaña, Suiza)</name>
        <name lang="be">Нямецкія (Аўстрыя, Германія, Швейцарыя) правапісныя слоўнікі, правілы пераносаў і тэзаўрус</name>
        <name lang="bg">Немски речници за правопис, сричкопренасяне и синоними (Австрия, Германия и Швейцария)</name>
        <name lang="bn">German (Austria, Germany, Switzerland) spelling dictionaries, hyphenation rules, and thesaurus</name>
        <name lang="bn-IN">জার্মান (অস্ট্রিয়া, জার্মানি, সুইজারল্যান্ড) বানান পরীক্ষণের অভিধান, হাইফেন প্রয়োগের নিয়ম এবং শব্দকোষ</name>
        <name lang="bo">German (Austria, Germany, Switzerland) spelling dictionaries, hyphenation rules, and thesaurus</name>
        <name lang="br">Geriadur reizhskrivadurel, reolennoù an troc'h gerioù ha geriadur an heñvelsterioù evit an alamaneg (Aotria, Bro Alamagn, Bro Suis)</name>
        <name lang="brx">German (Austria, Germany, Switzerland) spelling dictionaries, hyphenation rules, and thesaurus</name>
        <name lang="bs">Rječnik pravopisa i sinonima, te pravila rastavljanja riječi na kraju reda za njemački jezik (Austrija, Njemačka, Švicarska)</name>
        <name lang="ca">Alemany (Alemanya, Àustria, Suïssa): corrector ortogràfic, partició de mots i tesaurus (sinònims i termes relacionats)</name>
        <name lang="ca-valencia">Alemany (Alemanya, Àustria, Suïssa): corrector ortogràfic, partició de mots i tesaurus (sinònims i termes relacionats)</name>
        <name lang="ckb">فەرهەنگی ڕێنووسی زمانی ئەڵمانی (نەمسا، ئەڵمانیا، سویسرا)، یاساکانی ڕێزمانی لەگەڵ بەرامبەرەکان</name>
        <name lang="cs">Slovník kontroly pravopisu, dělení slov a slovník synonym pro němčinu (Rakousko, Německo, Švýcarsko)</name>
        <name lang="cy">Almaeneg (Awstria, Yr Almaen,Y Swistir) geiriaduron sillafu, rheolau cyplysnodi a thesawrws</name>
        <name lang="da">Tysk (Østrig, Tyskland, Schweiz) stavekontrol, orddelingsregler og synonymordbog</name>
        <name lang="de">Deutschsprachiges Wörterbuch (Deutschland, Österreich, Schweiz) für Rechtschreibprüfung, Silbentrennung und Thesaurus</name>
        <name lang="dgo">German (Austria, Germany, Switzerland) spelling dictionaries, hyphenation rules, and thesaurus</name>
        <name lang="dsb">Nimske (Awstriska, Nimska, Šwicarska) pšawopisne słowniki, pšawidła źělenja złožkow a tezawrus</name>
        <name lang="dz">German (Austria, Germany, Switzerland) spelling dictionaries, hyphenation rules, and thesaurus</name>
        <name lang="el">Γερμανικά (Αυστρία, Γερμανία, Ελβετία) ορθογραφικά λεξικά, κανόνες συλλαβισμού και θησαυρός</name>
        <name lang="en-GB">German (Austria, Germany, Switzerland) spelling dictionaries, hyphenation rules, and thesaurus</name>
        <name lang="en-ZA">German (Austria, Germany, Switzerland) spelling dictionaries, hyphenation rules, and thesaurus</name>
        <name lang="eo">Germana (Aŭstrio, Germanio, Svislando) literumaj vortaroj, vortdividaj reguloj, kaj tezaŭro</name>
        <name lang="es">Alemán (Alemania, Austria, Suiza): corrector ortográfico, sinónimos y reglas de corte de palabras</name>
        <name lang="et">Saksamaa, Austria ja Šveitsi saksa keele õigekirjakontrolli sõnastikud, poolitusreeglid ja tesaurus</name>
        <name lang="eu">Alemanaren (Austria, Alemania, Suitza) ortografia-egiaztatzaileak, hitzak zatitzeko arauak eta thesaurusa</name>
        <name lang="fa">واژه‌نامه املایی، قواعد خط‌فاصله‌گذاری و اصطلاح‌نامه دستور زبان آلمانی (اتریش، آلمان، سوئیس)</name>
        <name lang="fi">Saksan (Itävalta, Saksa ja Sveitsi) oikolukusanastot, tavutussäännöt ja synonyymisanasto</name>
        <name lang="fr">Correcteur orthographique allemand (Autriche, Allemagne, Suisse), règle de coupure des mots et dictionnaire des synonymes</name>
        <name lang="fur">Coretôrs ortografics todescs (Austrie, Gjermanie, Svuizare), regulis di silabazion e dizionari dai sinonims</name>
        <name lang="fy">Dútsk (Eastenryk, Dútslân, Switserlân) wurdboek foar stavering, wurdôfbrekkingsregels en synonimenlist</name>
        <name lang="ga">Foclóirí litrithe, rialacha fleiscínithe agus teasárais don Ghearmáinis (An Ostair, An Ghearmáin, An Eilvéis)</name>
        <name lang="gd">Faclairean litreachadh, riaghailtean tàthanachadh ⁊ co-fhaclair na Gearmailtise (An Eilbheis, An Ostair, A’ Ghearmailt)</name>
        <name lang="gl">Corrección ortográfica, guionización e sinónimos para alemán (Austria, A Alemaña, Suíza)</name>
        <name lang="gu">જર્મન (ઑસ્ટ્રિયા, જર્મની, સ્વિટ્ઝર્લૅન્ડ) જોડણી ચકાસણી શબ્દકોષ, હાઇફનેશન નિયમો, અને માહિતી ભંડાર</name>
        <name lang="gug">German (Austria, Germany, Switzerland) spelling dictionaries, hyphenation rules, and thesaurus</name>
        <name lang="he">רשימת מילים לבודק איות, כללי פיסוק ואגרון בגרמנית (אוסטריה, גרמניה, שווייץ)</name>
        <name lang="hi">जर्मन (ऑस्ट्रिया, जर्मनी, स्विट्जरलैंड) वर्तनी शब्दकोश, समासन नियम, और थिसारस</name>
        <name lang="hr">Pravopisni rječnik, rastavljanje riječi i rječnik sinonima njemačkih (austrijskog, njemačkog i švicarskog) jezika</name>
        <name lang="hsb">Němske (Awstriska, Němska, Šwicarska) prawopisne słowniki, prawidła dźělenja złóžkow a tezawrus</name>
        <name lang="hu">Német (Ausztria, Németország, Svájc) helyesírási szótárak, elválasztási szabályok és szinonimaszótár</name>
        <name lang="id">Kamus ejaan, aturan pemutusan kata, dan tesaurus bahasa Jerman (Austria, Jerman, Swiss)</name>
        <name lang="is">Stafsetningarorðabækur, orðskiptireglur, og samheitaorðasöfn fyrir þýsku (Þýskaland, Austurríki, Sviss)</name>
        <name lang="it">Correttori ortografici tedeschi (Austria, Germania, Svizzera), regole di sillabazione e dizionario dei sinonimi</name>
        <name lang="ja">ドイツ語（オーストリア、ドイツ、スイス）スペル辞書、ハイフネーション規則と類義語辞典</name>
        <name lang="ka">German (Austria, Germany, Switzerland) spelling dictionaries, hyphenation rules, and thesaurus</name>
        <name lang="kab">Amseɣtay n teɣdira talmanit (Uṭric,Alman,Swis), ilugan n unegzum n wawalen d imawalen igdawalen</name>
        <name lang="kk">Неміс (Австрия, Германия және Швейцария) емле сөздігі, тасымалдау ережелері және тезаурус</name>
        <name lang="km">អាល្លឺម៉ង់ (អូទ្រីស អាល្លឺម៉ង់ ស្វ៊ីស) វចនានុក្រម​ពិនិត្យ​អក្ខរាវិរុទ្ធ ក្បួន​សហសញ្ញា និង​វេវចនសព្ទ</name>
        <name lang="kmr-Latn">German (Austria, Germany, Switzerland) spelling dictionaries, hyphenation rules, and thesaurus</name>
        <name lang="kn">ಜರ್ಮನ್ (ಆಸ್ಟ್ರಿಯ, ಜರ್ಮನಿ, ಸ್ವಿಟ್ಜರ್ಲ್ಯಾಂಡ್) ಕಾಗುಣಿತ ಶಬ್ಧಕೋಶಗಳು, ಹೈಫನೇಶನ್ ನಿಯಮಗಳು ಮತ್ತು ಸಮಾನಾರ್ಥಕ ಪದಕೋಶ</name>
        <name lang="ko">독일어 (오스트리아, 독일, 스위스) 맞춤법 사전, 하이픈 규칙 및 동의어 사전</name>
        <name lang="kok">German (Austria, Germany, Switzerland) spelling dictionaries, hyphenation rules, and thesaurus</name>
        <name lang="ks">German (Austria, Germany, Switzerland) spelling dictionaries, hyphenation rules, and thesaurus</name>
        <name lang="lb">German (Austria, Germany, Switzerland) spelling dictionaries, hyphenation rules, and thesaurus</name>
        <name lang="lo">ພົດຈະນານຸກົມສະກົດຄຳພາສາ German (Austria, Germany, Switzerland), ກົດລະບຽບການເຊື່ອມໂຍງ, ແລະ ພົດຈະນານຸກົມ</name>
        <name lang="lt">Vokiečių kalbos (Austrija, Šveicarija, Vokietija) rašybos tikrinimo, žodžių kėlybos ir tezauro žodynai</name>
        <name lang="lv">Vācu (Austrija, Šveice, Vācija) pareizrakstības vārdnīcas, zilbjdales kārtulas un tēzaurs</name>
        <name lang="mai">German (Austria, Germany, Switzerland) spelling dictionaries, hyphenation rules, and thesaurus</name>
        <name lang="mk">German (Austria, Germany, Switzerland) spelling dictionaries, hyphenation rules, and thesaurus</name>
        <name lang="ml">ജര്‍മന്‍ (ഓസ്ട്രിയാ, ജര്‍മനി, സ്വിറ്റ്സര്‍ലാന്‍ഡ്) സ്പെല്ലിങ് നിഘണ്ടുവും ഹൈഫനേഷന്‍ നിയമങ്ങളും തെസോറസും</name>
        <name lang="mn">Герман хэлний (Австри, Герман, Швецарь) зөв бичгийн ба үеэр таслах дүрмийн болон нэвтэрхий толь бичиг</name>
        <name lang="mni">German (Austria, Germany, Switzerland) spelling dictionaries, hyphenation rules, and thesaurus</name>
        <name lang="mr">जर्मन (ऑस्ट्रिया, जर्मनी, स्विझरलँड) शुध्दलेखन शब्दकोष, हायफेनेशन नियम, व थिसॉरि</name>
        <name lang="my">German (Austria, Germany, Switzerland) spelling dictionaries, hyphenation rules, and thesaurus</name>
        <name lang="nb">Tysk (Østerrike, Tyskland, Sveits) stavekontroll, orddeling og synonymordbok</name>
        <name lang="ne">जर्मन (अस्ट्रिया, जर्मनी, स्विट्जरल्यान्ड) हिज्जे शब्दकोश, योजक चिन्ह नियम, र थेजारस</name>
        <name lang="nl">Duitstalige woordenboeken (Duitsland, Oostenrijk, Zwitserland), regels voor het afbreken van woorden en synoniemen woordenboek</name>
        <name lang="nn">Tysk (Austerrike, Tyskland, Sveits) stavekontroll, orddeling og synonymordbok</name>
        <name lang="nr">German (Austria, Germany, Switzerland) spelling dictionaries, hyphenation rules, and thesaurus</name>
        <name lang="nso">German (Austria, Germany, Switzerland) spelling dictionaries, hyphenation rules, and thesaurus</name>
        <name lang="oc">Corrector ortografic alemand (Àustria, Alemanha, Soïssa), règla de copadura dels mots e diccionari dels sinonims</name>
        <name lang="om">Dikshinaari qubeessa afaan Jarman</name>
        <name lang="or">ଜର୍ମାନ (ଅଷ୍ଟ୍ରିଆ, ଜର୍ମାନି, ସ୍ୱିଜରଲ୍ୟାଣ୍ଡ) ବନାନ ଅଭିଧାନ, ସମାସ ଚିହ୍ନ ନିୟମ ଏବଂ ଶବ୍ଦକୋଷଗୁଡ଼ିକ</name>
        <name lang="pa-IN">ਜਰਮਨ (ਆਸਟਰੀਆਂ, ਜਰਮਨੀ, ਸਵਿਟਜ਼ਰਲੈਂਡ) )ਸਪੈਲਿੰਗ ਡਿਕਸ਼ਨਰੀ, ਹਾਈਫਨੇਸ਼ਨ ਰੂਲ, ਅਤੇ ਕੋਸ਼</name>
        <name lang="pl">Niemieckie (Austria, Niemcy, Szwajcaria) słowniki ortograficzne, reguły dzielenia wyrazów i słownik wyrazów bliskoznacznych</name>
        <name lang="pt">Dicionário ortográfico, sinónimos e regras de hifenização em Alemão (Áustria, Alemanha e Suíça)</name>
        <name lang="pt-BR">Dicionário ortográfico, regras de hifenização e sinônimos alemães (Áustria, Alemanha, Suíça)</name>
        <name lang="ro">Dicționar ortografic, de sinonime și reguli de despărțire în silabe pentru germană (Austria, Germania, Elveția)</name>
        <name lang="ru">Немецкий (Австрия, Германия, Швейцария) орфографический словарь, правила переноса и тезаурус</name>
        <name lang="rw">German (Austria, Germany, Switzerland) spelling dictionaries, hyphenation rules, and thesaurus</name>
        <name lang="sa-IN">German (Austria, Germany, Switzerland) spelling dictionaries, hyphenation rules, and thesaurus</name>
        <name lang="sat">German (Austria, Germany, Switzerland) spelling dictionaries, hyphenation rules, and thesaurus</name>
        <name lang="sd">German (Austria, Germany, Switzerland) spelling dictionaries, hyphenation rules, and thesaurus</name>
        <name lang="si">German (Austria, Germany, Switzerland) spelling dictionaries, hyphenation rules, and thesaurus</name>
        <name lang="sid">Jarmanete ( Ostra,Jarmane,Swiizerlaande)te fidalishshsi qaallate fichaancho, haawiiccisha wodhonna xaadigurchu qaallate fichaancho</name>
        <name lang="sk">Nemecký (Rakúsko, Nemecko, Švajčiarsko) slovník na kontrolu pravopisu, delenie slov a slovník synoným</name>
        <name lang="sl">Nemški jezik (Avstrija, Nemčija, Švica) – slovarji za preverjanje črkovanja, vzorci za deljenje besed in slovar sopomenk</name>
        <name lang="sq">Fjalor drejtshkrimi Gjerman (Austri, Gjermani, Zvicër), rregullat fonetike, dhe enciklopedi</name>
        <name lang="sr">Немачки (Аустрија, Немачка и Швајцарска): провера писања, прелом речи и речник синонима</name>
        <name lang="sr-Latn">Nemački (Austrija, Nemačka i Švajcarska): provera pisanja, prelom reči i rečnik sinonima</name>
        <name lang="ss">German (Austria, Germany, Switzerland) spelling dictionaries, hyphenation rules, and thesaurus</name>
        <name lang="st">German (Austria, Germany, Switzerland) spelling dictionaries, hyphenation rules, and thesaurus</name>
        <name lang="sv">Stavningsordlista, böjningsregler och synonymordbok på Tyska (Österrike, Tyskland, Schweiz)</name>
        <name lang="sw-TZ">German (Austria, Germany, Switzerland) spelling dictionaries, hyphenation rules, and thesaurus</name>
        <name lang="szl">Niymiecki (Austryjo, Niymcy, Szwajcaryjo) słownik ôrtograficzny, prawidła dzielynio słōw i słownik synōnimōw</name>
        <name lang="ta">ஜெர்மன் (ஆஸ்திரியா, ஜெர்மனி, சுவிட்சர்லாந்து) எழுத்துக்கூட்டு அகராதிகள், நடுக்கோடு விதிகள் மற்றும் நிகண்டு</name>
        <name lang="te">జర్మన్ (ఆస్ట్రియా, జర్మని, స్విట్జర్లాండ్) స్పెల్లింగ్ నిఘంటువులు, హైఫనేషన్ నియమాలు, మరియు పదకోశాలు</name>
        <name lang="tg">German (Austria, Germany, Switzerland) spelling dictionaries, hyphenation rules, and thesaurus</name>
        <name lang="th">พจนานุกรมสะกดคำ, กฎการแทรกยัติภังค์, และอรรถาภิธานภาษาเยอรมัน (ออสเตรีย, เยอรมนี, สวิตเซอร์แลนด์)</name>
        <name lang="tn">German (Austria, Germany, Switzerland) spelling dictionaries, hyphenation rules, and thesaurus</name>
        <name lang="tr">Almanca(Avusturya, Almanya, İsviçre) imla sözlükleri, heceleme kuralları ve eş anlamlılar sözlüğü</name>
        <name lang="ts">German (Austria, Germany, Switzerland) spelling dictionaries, hyphenation rules, and thesaurus</name>
        <name lang="tt">Алман (Австрия, Алмания, Швейцария) теленең орфография сүзлеге, күчерү кагыйдәләре һәм тезаурусы</name>
        <name lang="ug">گېرمانچە (ئاۋسترالىيە، گېرمانىيە، شىۋېتسىيە) ئىملا لۇغىتى، ئۇلاش قائىدىسى ۋە مەنىداش سۆزلەر لۇغىتى</name>
        <name lang="uk">Німецькі (Австрія, Німеччина, Швейцарія) орфографічний словник, правила переносу та тезаурус</name>
        <name lang="uz">Nemis (Avstria, Germaniya, Shveytsariya) imlo lug‘ati, bo‘g‘in ko‘chirish qoidalari va tezarusi</name>
        <name lang="ve">German (Austria, Germany, Switzerland) spelling dictionaries, hyphenation rules, and thesaurus</name>
        <name lang="vec">Disionaro ortogràfego todesco (Austria, Zarmania, Zvìsera), règołe de siłabasion e disionaro de i sinònemi</name>
        <name lang="vi">Từ điển, luật gạch ngang Đức (Áo, Đức, Thụy Sĩ)</name>
        <name lang="xh">German (Austria, Germany, Switzerland) spelling dictionaries, hyphenation rules, and thesaurus</name>
        <name lang="zh-CN">德语（奥地利、德国、瑞士）拼写词典、断词规则与同义词库</name>
        <name lang="zh-TW">德文 (奧地利、德國、瑞士) 拼寫詞典、斷字與禁忌規則、同義詞庫</name>
        <name lang="zu">German (Austria, Germany, Switzerland) spelling dictionaries, hyphenation rules, and thesaurus</name>
    </display-name>
    <platform value="all" />
    <dependencies>
        <OpenOffice.org-minimal-version value="3.0" d:name="OpenOffice.org 3.0" />
    </dependencies>
</description>
