<?xml version="1.0" ?>
<article uri="http://libmeta.ru/me/article/1001_GEODEZIChESKOE" alphabetic_pos="1001">
  <title>ГЕОДЕЗИЧЕСКОЕ ОТОБРАҢЕНИЕ</title>
  <authors/>
  <pages>
    <start>467</start>
    <end>467</end>
  </pages>
  <literature>
    <literature_orig/>
  </literature>
  <formulas_main/>
  <formulas_aux/>
  <relations n="0"/>
  <text>П р о е к т и вн о е о т о б р а ж е н и е,- отображение $f$, переводящее геодезические линии пространства $u$ в геодезические линии пространства $v . \Gamma$. о. $f: U \rightarrow V$, где $u$ и $v$ - пространства, в к-рых определены геодезические, локально гомеоморфно (диффеоморфно, если $u, V-$ гладкие многообразия).

Пространство, локально допускающее $г$. о. на евклидово пространство, наз. I р о е к т і в н о п л о ск и м. Г. о. одного риманова пространства на другое существует в исключительных случаях. Из римановых пространств проективно плоски только пространства постоянной кривизны (см. [1]). Описание всех неримановых проективно плоскіх метрических пространств составляет четвертую проблему Гильберта (см. [2]).

В теории пространств аффинной связності вместо Г. о. говорят о геодезич. преобразовании связности, имея в виду переход к другой связности на том же многообразии с сохранением геодезических. Переход от связности $\bar{\gamma}_{j k}^{i}$ к связности $\bar{\gamma}_{j k}^{i}$ есть $\gamma$. о. при условии $\bar{\gamma}_{j k}^{i}=\Gamma_{j k}^{i}+\delta_{k}^{i} \psi_{j}+\delta_{j}^{i} \psi_{k}$, где $\psi_{l}-$ поле ковектора. Чтобы пространство с аффинной связностью было проективно плоским, необходимо и достаточно обращение в нуль тензора Вейля.

Лuт.: [1] С х о у т е н И. А., С т р ой к Д. Д ж., Введение в новые методы диффференциальной геометрии, пер. с нем., т. 2, M., 1948; [2] П о г о р е л о в А. В., Четвертая проблема

![](https://cdn.mathpix.com/cropped/2023_07_08_d09baa961af1c6e0b236g-1.jpg?height=48&amp;width=821&amp;top_left_y=1772&amp;top_left_x=130)
шей геодезической линии, соединяющей две точки (или два множества). В вариационном исчислении Г. р.значение исследуемого функционала на экстремали, соединяющей две рассматриваемые точки.</text>
  <text_orig>П р о е к т и вн о е о т о б р а ж е н и е,- отображение $f$, переводящее геодезические линии пространства $U$ в геодезические линии пространства $V . \Gamma$. о. $f: U \rightarrow V$, где $U$ и $V$ - пространства, в к-рых определены геодезические, локально гомеоморфно (диффеоморфно, если $U, V-$ гладкие многообразия).

Пространство, локально допускающее $Г$. о. на евклидово пространство, наз. I р о е к т і в н о п л о ск и м. Г. о. одного риманова пространства на другое существует в исключительных случаях. Из римановых пространств проективно плоски только пространства постоянной кривизны (см. [1]). Описание всех неримановых проективно плоскіх метрических пространств составляет четвертую проблему Гильберта (см. [2]).

В теории пространств аффинной связності вместо Г. о. говорят о геодезич. преобразовании связности, имея в виду переход к другой связности на том же многообразии с сохранением геодезических. Переход от связности $\bar{\Gamma}_{j k}^{i}$ к связности $\bar{\Gamma}_{j k}^{i}$ есть $\Gamma$. о. при условии $\bar{\Gamma}_{j k}^{i}=\Gamma_{j k}^{i}+\delta_{k}^{i} \psi_{j}+\delta_{j}^{i} \psi_{k}$, где $\psi_{l}-$ поле ковектора. Чтобы пространство с аффинной связностью было проективно плоским, необходимо и достаточно обращение в нуль тензора Вейля.

Лuт.: [1] С х о у т е н И. А., С т р ой к Д. Д ж., Введение в новые методы диффференциальной геометрии, пер. с нем., т. 2, M., 1948; [2] П о г о р е л о в А. В., Четвертая проблема

![](https://cdn.mathpix.com/cropped/2023_07_08_d09baa961af1c6e0b236g-1.jpg?height=48&amp;width=821&amp;top_left_y=1772&amp;top_left_x=130)
шей геодезической линии, соединяющей две точки (или два множества). В вариационном исчислении Г. р.значение исследуемого функционала на экстремали, соединяющей две рассматриваемые точки.</text_orig>
</article>
