<?xml version="1.0" ?>
<article uri="http://libmeta.ru/me/article/1002_GEOKRIOLOGII" alphabetic_pos="1002">
  <title>ГЕОКРИОЛОГИИ МАТЕМАТИЧЕСКИЕ ЗАДАЧИ</title>
  <authors/>
  <pages>
    <start>467</start>
    <end>467</end>
  </pages>
  <literature>
    <literature_orig/>
  </literature>
  <formulas_main/>
  <formulas_aux/>
  <relations n="0"/>
  <text>математич. задачи, возникающие при изучении процессов и явлений, происходящих в мерзлых почвах и горных породах, географич. распространения и условий формирования сезонномерзлых и многолетнемерзлых горных пород (вечной мерзлоты). Интересные Г. м. з. возникают при изучении проблемы взаимодействия температурных и влажностных полей в зонах с подвижными границами раздела фаз. Характерной особенностью Г. м. з. является то, что процессы тепло- и массообмена, происходящие при промерзании и оттаивании пород, тесно связаны между собой. Задача сводится к системе квазилинейных уравнений параболич. типа, поскольку тепло- и влагообменные характеристики среды существенно зависят от искомых функций. Типичными примерами подобных задач являются исследование промерзания влагонасыщенных тонкодисперсных пород, к-рое сопровождается миграцией влаги к фронту промерзания і пучением, а также исследование оттаивания грубодисперсных пород, сопряженное с инфильтрацией и фильтрацией влаги. Особое значение для инженерной геологии имеет решение многомерной $c$ тебана задачи, для областей со сложной конфигурацией, в частности о чаше протаивания при тражданском и промышленном строительстве. Решение вопросов псторич. геокриологии приводит к необходимости исследования многофронтовой задачii Стефана с учетом образования зон Ii вырождения их в точку. Важное значение при этом имеет увязка процессов промерзания іл оттаивания в верхніх слоях литосферы с радиационно-тепловым балансом.</text>
  <text_orig>математич. задачи, возникающие при изучении процессов и явлений, происходящих в мерзлых почвах и горных породах, географич. распространения и условий формирования сезонномерзлых и многолетнемерзлых горных пород (вечной мерзлоты). Интересные Г. м. з. возникают при изучении проблемы взаимодействия температурных и влажностных полей в зонах с подвижными границами раздела фаз. Характерной особенностью Г. м. з. является то, что процессы тепло- и массообмена, происходящие при промерзании и оттаивании пород, тесно связаны между собой. Задача сводится к системе квазилинейных уравнений параболич. типа, поскольку тепло- и влагообменные характеристики среды существенно зависят от искомых функций. Типичными примерами подобных задач являются исследование промерзания влагонасыщенных тонкодисперсных пород, к-рое сопровождается миграцией влаги к фронту промерзания і пучением, а также исследование оттаивания грубодисперсных пород, сопряженное с инфильтрацией и фильтрацией влаги. Особое значение для инженерной геологии имеет решение многомерной $C$ тебана задачи, для областей со сложной конфигурацией, в частности о чаше протаивания при тражданском и промышленном строительстве. Решение вопросов псторич. геокриологии приводит к необходимости исследования многофронтовой задачII Стефана с учетом образования зон II вырождения их в точку. Важное значение при этом имеет увязка процессов промерзания іл оттаивания в верхніх слоях литосферы с радиационно-тепловым балансом.</text_orig>
</article>
