<?xml version="1.0" ?>
<article uri="http://libmeta.ru/me/article/1002_RATsIONAL'NOE" alphabetic_pos="1002">
  <title>РАЦИОНАЛЬНОЕ П ПРЕДСТАВЛЕНИЕ</title>
  <authors/>
  <pages>
    <start>461</start>
    <end>462</end>
  </pages>
  <literature>
    <literature_orig/>
  </literature>
  <formulas_main/>
  <formulas_aux/>
  <relations n="0"/>
  <text>р а и ч е с к о й $\gamma$ р у п п ы $g$ - линейное представление алгебраич. группы $g$ над алгебраически замкнутым полем $k$ в конечномерном векторном пространстве $v$ над $k$, являющееся рациональным (и тем самым регулярным) гомоморфизмом группы $g$ в $g L(V)$. Говорят также, что $v-\mathrm{p}$ а ц и на л ьны й $g-\mathbf{м}$ д у ль. Прямая сумма и тензорное произведение конечного числа Р. п. группы $g$ являются Р. п.; подпредставление и факторпредставление нек-рого Р. п. являются Р. п.; симметрическая или внешняя степень любого Р. П. является Р. п.; представление, контрагредиентное к Р. П., является Р. П.

Если $g$ конечна, то всякое ее линейное представление будет Р. П. и теория Р. п. сливается с теорией представлений конечных групп. В наибольшей степени специфич. методы теории линейных алгебраич. групп используются при исследовании Р. п. в том случае, когда рассматриваемая группа связна, причем наиболее глубоко развита теория Р. п. связыых полупростых алгебраич. групп. Далее $g-$ такая группа. Пусть $t$ - ее максимальный тор, Х $(t)$ - его группа рациональных характеров (записываемая аддитивно), $\sigma$ система корней группы $g$ относительно $t, W-$ ее группа Вейля. И пусть $\varphi: G \rightarrow G L(V)$ есть Р. п. Ограничение представления $\varphi$ на $t$ разлагается в прямую сумму одномерных представлений, точнее

\[
V=\bigoplus_{\chi \in P_{\varphi}} V(\chi)
\]

где $p_{\varphi} \subset \mathrm{X}(T)$ - нек-рое множество характеров тора $t$, называемых в е а м и представления, а

\[
V(\chi)=\{v \in V \mid \varphi(t) v=\chi(t) v \quad \forall t \in T\} \neq 0
\]

Множество весов $p_{\varphi}$ инвариантно относительно $w$.

Если char $k=0$, то всякое Р. п. группы $g$ вполне приводимо, но если char $k&gt;0$, то это уже не так (см. Мамфорда зипотеза). Однако при любой характеристике поля $k$ имеется полное описание неприводимых Р. п. Пусть $b$ - борелевская подгруппа в $g$, содержащая $t$, и $\delta-$ определяемая ею система простых корней в $\sigma$. Група $\mathrm{x}(b)$ рациональных характеров группы $b$ отождествляется с $\mathrm{x}(t)$. В пространстве $v$ любого неприводимого Р. п. $\varphi: G \rightarrow G L(V)$ существует единственное одномерное весовое подпространство $v\left(\delta_{\varphi}\right)$, $\delta_{\varphi} \in P_{\varphi}$, инвариантное относительно группы $b$. Характер $\delta_{\varphi}$ наз. с т а $p$ ши м в е с о м не п р и в од и м ого Р. п. $\varphi$; он доминантен, т. е. скалярное произведение $\left(\delta_{\varphi}, \alpha\right) \geqslant 0$ для любого $\alpha \in \Delta$, а всякий другой вес $\chi \in P_{\varphi}$ имеет вид

\[
\chi=\delta_{\varphi}-\sum_{\alpha \in \Delta} m_{\alpha} \alpha, \quad m_{\alpha} \in \mathbb{Z}, \quad m_{\alpha} \geqslant 0 .
\]

Отображение $\varphi \mapsto \delta_{\varphi}$ определяет биекцию между классами эквивалентных неприводимых Р. п. и доминантными элементами из $\mathrm{x}(t)$. Явная конструкция всех неприводимых Р. п. может быть получена следующим образом. Пусть $k[g]$ - алгебра регулярных функций на $g$. Для любого $\chi \in \mathrm{X}(T)=\mathrm{X}(B)$ рассматривается подпространство

\[
k[G]_{\chi}=\{f \in k[G] \mid f(g b)=\chi(b) f(g) \forall b \in B, g \in G\} .
\]

Оно конечномерно и является рациональным $g$-модулем относительно действия группы $g$ левыми сдвигами. Геометрич. смысл этого пространства таков: оно канонически отождествляется с пространством регулярных сечений одномерного однородного векторного расслоения над $g / B$, определенного характером $-\chi$. Пусть $w_{0} \in W$ - элемент, переводящий положительные корни в отрицательные. Тогда если $k[g]_{-w_{0}(\chi)} \neq 0$, то $\chi-$ доминантный характер и минимальный ненулевой $g$-подмодуль в $k[g]_{-w_{0}(\chi)}$ является неприводимым рациональным $g$-модулем со старшим весом $\chi$. Всякий неприводимый рациональный $g$-модуль получается при помощи такой конструкции. Если char $k=0$, то уже сам $g$-модуль $k[g]_{-w_{0}(\mathrm{x})}$ шеприводим.

Для получения неприводимых Р. п. часто используются упомянутые выше операции над Р. п. Напр., если $\varphi_{i}$ - неприводимое Р. п. со старшим весом $\chi_{i}, i=1$, $\ldots, \quad d, \quad$ то нек-рое факторпредставление $\varphi_{1} \otimes \cdots \otimes \varphi_{d}$ является неприводимым Р. п. со старшим весом $\chi_{1}+$ $+\ldots+\chi_{d}$ (оно наз. к а $\mathrm{p}$ т а н о в с к о й к о м по о3 и ц и е й Р. п. $\left.\varphi_{1}, \ldots, \varphi_{d}\right)$. Если $\varphi$ - неприводимое Р. п. со старшим весом $\chi$, то нек-рое факторпредставление $s_{\varphi}^{d}$ является шеприводимым Р. п. со старшим весом $d \chi$, а $\varphi^{*}-$ неприводимо и его старшим весом является $-w_{0}(\chi)$.

Пусть $\mathfrak{g}$ - алгебра Ли группы $g$. Если $\varphi: G \rightarrow G L(V)$ есть Р. п., то его дифференциал $d \varphi$ является представлением алгебры Ли g. Р. п. $\varphi$ наз. и н ф и н и т е 3 им аль н о н е пі р и в о д и мым, если $d \varphi-$ неприводимое представление алгебры $\mathfrak{g}$. Инфинитезимально неприводимое P. п. неприводимо, а в случае char $k=0$ верно и обратное (что в значительной степени сводит теорию Р. п. группы к теории представлений ее алгебры Ли), однако в случае char $k&gt;0$ это уже не так. Инфинитезимально неприводимые Р. п. в этом случае это в точности неприводимые Р. п. со старшими весами $\chi$, для к-рых

\[
0 \leqslant \frac{2(\chi, \alpha)}{(\alpha, \alpha)}&lt;p \text { при любом } \alpha \in \Delta .
\]

Более того, все неприводимые Р. п. могут быть построены при помощи инфинитезимально неприводимых. Точнее, если $g$ односвязна, т. е. если $x(t)$ совпадает с решеткой весов корневой системы $\sigma$, то всякое неприводимое Р. п. однозначно разлагается в тензорное про- изведение вида

\[
\varphi_{0} \otimes \varphi_{1}^{\mathrm{Fr}} \otimes \ldots \otimes \varphi_{d}^{\mathrm{Fr}^{\mathrm{r}}}
\]

где $\varphi_{0}, \varphi_{1}, \ldots, \varphi_{d}$ инфинитезимально неприводимы, a $\varphi_{i}^{\mathrm{fr}^{i}}-$ представление, полученное применением к матричным элементам представления $\varphi_{i}$ автоморфизма Фробениуса $a \mapsto a^{P^{i}}(a \in k), P=\operatorname{char} k$.

Лит.: [1] Б о р е ль ь А., Линейные алгебраические группы, пер. с англ., M., 1972; [2] е г о ж е, в кн.: Algebraic geometry, Providence, 1975, p. $421-40$ (proc. Symposia in pure math., v. 29, Arkata, 1974); [3] X а м ф р и Д ж., Линейные алгебраи-
ческие группы, пер. с англ., М., 1980 ; [4] Семинар по алгебраическим группам, пер. с англ., М., 1973; [5] С т е й н 6 е p r P., Лекции о группах Шевалле, пер. с англ., М., 1975; [6] е г о ж е, &quot;nagoya math. J.&quot;, 1963 , v. 22, p. $33-56 ;$ [7] H o c h s c h i l d G., The structure of Lie groups, S. F., 1965; [8] H u m p hre y s J. E., Introduction to Lie algebras and representation
theory, N. Y. [a. o.], 1972.</text>
  <text_orig>р а и ч е с к о й $\Gamma$ р у п п ы $G$ - линейное представление алгебраич. группы $G$ над алгебраически замкнутым полем $k$ в конечномерном векторном пространстве $V$ над $k$, являющееся рациональным (и тем самым регулярным) гомоморфизмом группы $G$ в $G L(V)$. Говорят также, что $V-\mathrm{p}$ а ц и на л ьны й $G-\mathbf{м}$ д у ль. Прямая сумма и тензорное произведение конечного числа Р. п. группы $G$ являются Р. п.; подпредставление и факторпредставление нек-рого Р. п. являются Р. п.; симметрическая или внешняя степень любого Р. П. является Р. п.; представление, контрагредиентное к Р. П., является Р. П.

Если $G$ конечна, то всякое ее линейное представление будет Р. П. и теория Р. п. сливается с теорией представлений конечных групп. В наибольшей степени специфич. методы теории линейных алгебраич. групп используются при исследовании Р. п. в том случае, когда рассматриваемая группа связна, причем наиболее глубоко развита теория Р. п. связыых полупростых алгебраич. групп. Далее $G-$ такая группа. Пусть $T$ - ее максимальный тор, Х $(T)$ - его группа рациональных характеров (записываемая аддитивно), $\Sigma$ система корней группы $G$ относительно $T, W-$ ее группа Вейля. И пусть $\varphi: G \rightarrow G L(V)$ есть Р. п. Ограничение представления $\varphi$ на $T$ разлагается в прямую сумму одномерных представлений, точнее

\[
V=\bigoplus_{\chi \in P_{\varphi}} V(\chi)
\]

где $P_{\varphi} \subset \mathrm{X}(T)$ - нек-рое множество характеров тора $T$, называемых в е а м и представления, а

\[
V(\chi)=\{v \in V \mid \varphi(t) v=\chi(t) v \quad \forall t \in T\} \neq 0
\]

Множество весов $P_{\varphi}$ инвариантно относительно $W$.

Если char $k=0$, то всякое Р. п. группы $G$ вполне приводимо, но если char $k&gt;0$, то это уже не так (см. Мамфорда зипотеза). Однако при любой характеристике поля $k$ имеется полное описание неприводимых Р. п. Пусть $B$ - борелевская подгруппа в $G$, содержащая $T$, и $\Delta-$ определяемая ею система простых корней в $\Sigma$. Група $\mathrm{X}(B)$ рациональных характеров группы $B$ отождествляется с $\mathrm{X}(T)$. В пространстве $V$ любого неприводимого Р. п. $\varphi: G \rightarrow G L(V)$ существует единственное одномерное весовое подпространство $V\left(\delta_{\varphi}\right)$, $\delta_{\varphi} \in P_{\varphi}$, инвариантное относительно группы $B$. Характер $\delta_{\varphi}$ наз. с т а $p$ ши м в е с о м не п р и в од и м ого Р. п. $\varphi$; он доминантен, т. е. скалярное произведение $\left(\delta_{\varphi}, \alpha\right) \geqslant 0$ для любого $\alpha \in \Delta$, а всякий другой вес $\chi \in P_{\varphi}$ имеет вид

\[
\chi=\delta_{\varphi}-\sum_{\alpha \in \Delta} m_{\alpha} \alpha, \quad m_{\alpha} \in \mathbb{Z}, \quad m_{\alpha} \geqslant 0 .
\]

Отображение $\varphi \mapsto \delta_{\varphi}$ определяет биекцию между классами эквивалентных неприводимых Р. п. и доминантными элементами из $\mathrm{X}(T)$. Явная конструкция всех неприводимых Р. п. может быть получена следующим образом. Пусть $k[G]$ - алгебра регулярных функций на $G$. Для любого $\chi \in \mathrm{X}(T)=\mathrm{X}(B)$ рассматривается подпространство

\[
k[G]_{\chi}=\{f \in k[G] \mid f(g b)=\chi(b) f(g) \forall b \in B, g \in G\} .
\]

Оно конечномерно и является рациональным $G$-модулем относительно действия группы $G$ левыми сдвигами. Геометрич. смысл этого пространства таков: оно канонически отождествляется с пространством регулярных сечений одномерного однородного векторного расслоения над $G / B$, определенного характером $-\chi$. Пусть $w_{0} \in W$ - элемент, переводящий положительные корни в отрицательные. Тогда если $k[G]_{-w_{0}(\chi)} \neq 0$, то $\chi-$ доминантный характер и минимальный ненулевой $G$-подмодуль в $k[G]_{-w_{0}(\chi)}$ является неприводимым рациональным $G$-модулем со старшим весом $\chi$. Всякий неприводимый рациональный $G$-модуль получается при помощи такой конструкции. Если char $k=0$, то уже сам $G$-модуль $k[G]_{-w_{0}(\mathrm{x})}$ шеприводим.

Для получения неприводимых Р. п. часто используются упомянутые выше операции над Р. п. Напр., если $\varphi_{i}$ - неприводимое Р. п. со старшим весом $\chi_{i}, i=1$, $\ldots, \quad d, \quad$ то нек-рое факторпредставление $\varphi_{1} \otimes \cdots \otimes \varphi_{d}$ является неприводимым Р. п. со старшим весом $\chi_{1}+$ $+\ldots+\chi_{d}$ (оно наз. к а $\mathrm{p}$ т а н о в с к о й к о м по о3 и ц и е й Р. п. $\left.\varphi_{1}, \ldots, \varphi_{d}\right)$. Если $\varphi$ - неприводимое Р. п. со старшим весом $\chi$, то нек-рое факторпредставление $S_{\varphi}^{d}$ является шеприводимым Р. п. со старшим весом $d \chi$, а $\varphi^{*}-$ неприводимо и его старшим весом является $-w_{0}(\chi)$.

Пусть $\mathfrak{g}$ - алгебра Ли группы $G$. Если $\varphi: G \rightarrow G L(V)$ есть Р. п., то его дифференциал $d \varphi$ является представлением алгебры Ли g. Р. п. $\varphi$ наз. и н ф и н и т е 3 им аль н о н е пі р и в о д и мым, если $d \varphi-$ неприводимое представление алгебры $\mathfrak{g}$. Инфинитезимально неприводимое P. п. неприводимо, а в случае char $k=0$ верно и обратное (что в значительной степени сводит теорию Р. п. группы к теории представлений ее алгебры Ли), однако в случае char $k&gt;0$ это уже не так. Инфинитезимально неприводимые Р. п. в этом случае это в точности неприводимые Р. п. со старшими весами $\chi$, для к-рых

\[
0 \leqslant \frac{2(\chi, \alpha)}{(\alpha, \alpha)}&lt;p \text { при любом } \alpha \in \Delta .
\]

Более того, все неприводимые Р. п. могут быть построены при помощи инфинитезимально неприводимых. Точнее, если $G$ односвязна, т. е. если $X(T)$ совпадает с решеткой весов корневой системы $\Sigma$, то всякое неприводимое Р. п. однозначно разлагается в тензорное про- изведение вида

\[
\varphi_{0} \otimes \varphi_{1}^{\mathrm{Fr}} \otimes \ldots \otimes \varphi_{d}^{\mathrm{Fr}^{\mathrm{r}}}
\]

где $\varphi_{0}, \varphi_{1}, \ldots, \varphi_{d}$ инфинитезимально неприводимы, a $\varphi_{i}^{\mathrm{Fr}^{i}}-$ представление, полученное применением к матричным элементам представления $\varphi_{i}$ автоморфизма Фробениуса $a \mapsto a^{P^{i}}(a \in k), P=\operatorname{char} k$.

Лит.: [1] Б о р е ль ь А., Линейные алгебраические группы, пер. с англ., M., 1972; [2] е г о ж е, в кн.: Algebraic geometry, Providence, 1975, p. $421-40$ (Proc. Symposia in pure math., v. 29, Arkata, 1974); [3] X а м ф р и Д ж., Линейные алгебраи-
ческие группы, пер. с англ., М., 1980 ; [4] Семинар по алгебраическим группам, пер. с англ., М., 1973; [5] С т е й н 6 е p r P., Лекции о группах Шевалле, пер. с англ., М., 1975; [6] е г о ж е, &quot;Nagoya math. J.&quot;, 1963 , v. 22, p. $33-56 ;$ [7] H o c h s c h i l d G., The structure of Lie groups, S. F., 1965; [8] H u m p hre y s J. E., Introduction to Lie algebras and representation
theory, N. Y. [a. o.], 1972.</text_orig>
</article>
