<?xml version="1.0" ?>
<article uri="http://libmeta.ru/me/article/1002_ChZhOU" alphabetic_pos="1002">
  <title>ЧЖОУ ТЕОРЕМА</title>
  <authors/>
  <pages>
    <start>433</start>
    <end>433</end>
  </pages>
  <literature>
    <literature_orig/>
  </literature>
  <formulas_main/>
  <formulas_aux/>
  <relations n="0"/>
  <text>любое аналитич. подмножество комплексного проективного пространства является алігебраическим многообразием. Теорема доказана В. Чжо [1].

Лum.: [1] C h o w W.-L., &quot;amer. J. Math.&quot;, 1949, v. 71, p. $893-914 ;$ [2] Г р и фофи т с Ф., Х а р р и с Д к., Принципы

![](https://cdn.mathpix.com/cropped/2023_07_09_5608f5b3596dbefdce07g-1.jpg?height=76&amp;width=822&amp;top_left_y=176&amp;top_left_x=982)</text>
  <text_orig>любое аналитич. подмножество комплексного проективного пространства является алігебраическим многообразием. Теорема доказана В. Чжо [1].

Лum.: [1] C h o w W.-L., &quot;Amer. J. Math.&quot;, 1949, v. 71, p. $893-914 ;$ [2] Г р и фофи т с Ф., Х а р р и с Д к., Принципы

![](https://cdn.mathpix.com/cropped/2023_07_09_5608f5b3596dbefdce07g-1.jpg?height=76&amp;width=822&amp;top_left_y=176&amp;top_left_x=982)</text_orig>
</article>
