<?xml version="1.0" ?>
<article uri="http://libmeta.ru/me/article/1002_KOMPAKTNOE" alphabetic_pos="1002">
  <title>КОМПАКТНОЕ ПРОСТРАНСТВО</title>
  <authors/>
  <pages>
    <start>498</start>
    <end>498</end>
  </pages>
  <literature>
    <literature_orig/>
  </literature>
  <formulas_main/>
  <formulas_aux/>
  <relations n="0"/>
  <text>топологич. пространство, обладающее свойством компактности. Метризуемое К. П. Является компактом. Иногда под К. П. понимается бикомпактное пространство, причем требуется его отделимость; пространство без этого условия наз. к в а $з$ и к о м П а т н Ы м. Пространство, представимо в виде счетного объединения $r$. П., наз. б-к о м П а К т н Ы м. М. И. Войчеховский.</text>
  <text_orig>топологич. пространство, обладающее свойством компактности. Метризуемое К. П. Является компактом. Иногда под К. П. понимается бикомпактное пространство, причем требуется его отделимость; пространство без этого условия наз. к в а $з$ и к о м П а т н Ы м. Пространство, представимо в виде счетного объединения $R$. П., наз. б-к о м П а К т н Ы м. М. И. Войчеховский.</text_orig>
</article>
