<?xml version="1.0" ?>
<article uri="http://libmeta.ru/me/article/1004_KOMPAKTNOSTI" alphabetic_pos="1004">
  <title>КОМПАКТНОСТИ ПРИНЦИП</title>
  <authors/>
  <pages>
    <start>498</start>
    <end>498</end>
  </pages>
  <literature>
    <literature_orig/>
  </literature>
  <formulas_main/>
  <formulas_aux/>
  <relations n="0"/>
  <text>в т е о ии функций комплексного пе р емен но го-условие гомпактности семейств аналитических функций. Бесконечное семейство $\phi=\{f(z)\}$ голоморфных функций в области $d$ комплексной плоскости z называется к о м п а к т ны м, если из любой последовательности $\left\{f_{k}(z)\right\} \subset \Phi$ можно выделить подпоследовательность, сходящуюся к аналитической функции в $d$ или, что то же самое, равномерно сходящуюся внутри $d$, т. е. равномерно сходящуюся на любом компакте $k \subset D$. К. п. был дан П. Монтелем (p. Montel, 1927, см. [1]): для того чтобы семейство Ф было компактным, необходимо и достаточно, чтобы оно было равномерно ограниченным внутри $d$, т. е. равномерно ограниченным на любом компакте $k \subset D$.

Пусть $h_{d}-$ комплексное векторное пространство голоморфных функций в области $d$ пространства $\mathbb{c}^{n}$, $n \geqslant 1$, с топологией равномерной сходимости на компактах $k \subset D$. К. П. можно сформулировать и в более абстрактной форме: замкнутое множество $\phi_{\subset} \subset H_{D}$ компактно в $h_{d}$ тогда и только тогда, когда оно ограничено в $h_{d}$. Понятіе компактных семейств аналитич. функций тесно связано с нормальными семействами. См. также Витали теорема.

Лum.: [1] М о н т е ль П., Нормальные семейства аналитических функций, пер. с франц., М.- J., 1936; [2] М а л ьг р а ж Ж.Б., Јекции по теории функций нескольких комплексных переменных, пер. с англ., М., $1969 . \quad$ Е. Д. Соломенцев.</text>
  <text_orig>в т е о ии функций комплексного пе р емен но го-условие гомпактности семейств аналитических функций. Бесконечное семейство $\Phi=\{f(z)\}$ голоморфных функций в области $D$ комплексной плоскости z называется к о м п а к т ны м, если из любой последовательности $\left\{f_{k}(z)\right\} \subset \Phi$ можно выделить подпоследовательность, сходящуюся к аналитической функции в $D$ или, что то же самое, равномерно сходящуюся внутри $D$, т. е. равномерно сходящуюся на любом компакте $K \subset D$. К. п. был дан П. Монтелем (P. Montel, 1927, см. [1]): для того чтобы семейство Ф было компактным, необходимо и достаточно, чтобы оно было равномерно ограниченным внутри $D$, т. е. равномерно ограниченным на любом компакте $K \subset D$.

Пусть $H_{D}-$ комплексное векторное пространство голоморфных функций в области $D$ пространства $\mathbb{C}^{n}$, $n \geqslant 1$, с топологией равномерной сходимости на компактах $K \subset D$. К. П. можно сформулировать и в более абстрактной форме: замкнутое множество $\Phi_{\subset} \subset H_{D}$ компактно в $H_{D}$ тогда и только тогда, когда оно ограничено в $H_{D}$. Понятіе компактных семейств аналитич. функций тесно связано с нормальными семействами. См. также Витали теорема.

Лum.: [1] М о н т е ль П., Нормальные семейства аналитических функций, пер. с франц., М.- J., 1936; [2] М а л ьг р а ж Ж.Б., Јекции по теории функций нескольких комплексных переменных, пер. с англ., М., $1969 . \quad$ Е. Д. Соломенцев.</text_orig>
</article>
