<?xml version="1.0" ?>
<article uri="http://libmeta.ru/me/article/1004_GEOMETRIChESKIE" alphabetic_pos="1004">
  <title>ГЕОМЕТРИЧЕСКИЕ ВЕРОЯТНОСТИ</title>
  <authors/>
  <pages>
    <start>467</start>
    <end>468</end>
  </pages>
  <literature>
    <literature_orig/>
  </literature>
  <formulas_main/>
  <formulas_aux/>
  <relations n="0"/>
  <text>вероятностіи событий, связанных со взаимным расположением геометрич. фигур, случайно размещенных на плоскости или в пространстве. Простейший пример: в область $a$ на плоскости наудачу бросается точка. Какова вероятность того, что она попадет в область $b$, лежащую внутри $a$ ? Принимая, что искомая вероятность зависит лишь от «формы» области, но не от ее «положения» внутри $a$, приходят к выводу, что она единственным образом определяется как отношение площади $b$ к площади $a$

Сделанное допущение об инвариантности рассматриваемых вероятностей относительно группы преобразованıй евклидова пространства, включающей сдвиги, вращения и отражения, типично для большинства задач о Г. в. Ответ обычно получается в форме отношения инвариантной меры множества «благоприятных случаев» к инвариантной мере множества «всех возможных случаев» (см. Интегральная геометрия); аналогия с классич. определением вероятности здесь очевидна. Можно отметить, что в связанном с Г. в. Бертрана парадоксе только один ответ удовлетворяет условию инвариантности. Первым примером подсчета Г. в. была Бюфбоона задача, положившая начало идее случайности в геометрии. 200-летняя история развития этой идеи слагается из периодов энтузиазма и интенсивной разработки, сменяемых периодами недооценки и падения интереса предмету. Наблюдающийся во 2-й пол. 20 в. подъем в этой области привел к значительному расширению круга рассматриваемых моделей (напр., к изучению случайных множеств, полей прямых, т. н. полей волокон и т. П.), и теория $г$. в. стала частью нового раздела теории вероятностей - стохастической геометрии.

Jitm.: [1] К е н д а л л М., М о р а н П., Геометрические вероятности, пер. с англ., M., 1972; [2] Stochastic Geometry,

ed. E. E. Harding, D.G. Kendall, L. 1974 Ю. В. Прохоров. нек-рых геометрич. задач при помощи различных инструментов (линейки, циркуля и др.), к-рые предполагаются абсолютно точными. В зависимости от выбора инструментов определяется цикл задач, к-рые могут быть разрешены этими средствами. Основным набором инструментов для $\gamma$. П. являются циркуль и линейка. Задача на построение разрешима при помощи циркуля и линейки, если координаты искомой точки могут быть записаны в виде выражений, содержащих конечное число операций сложения, умножения, деления и извлечения квадратного корня, примененных к координатам заданных точек (см., напр., Деления круга многочлен). Если таких выражений не существует, то задача не может быть решена при помощи циркуля и линейки. К этим задачам относятся, напр., удвоение куба, трисекция угла, квадратура круга. Любая задача на построение, разрешимая при помощи циркуля и линейки, может быть решена при помощи и других наборов пнструментов: одним циркулем - так наз. М о р а - M а с к е р о ни пост р о ени я (g. Molır, 1672; L. Mascheroni, 1797); линейкой с двумя параллельными краями, к-рая может быть заменена угольником (a. Ádler, 1890); линейкой и окружностью, заданной в плоскости чертежа с отмеченным центром, - П о н с е л е - Ii т е йне р а п о с т р о ени я (v. Poncelet, 1822; J. Steiner, 1833).

Лum.: [1] А д л е p А., Теория геометрических построений, пер. с нем., 3 изд., Л., 1940; [2] Г и ль б б р т Д., Основания геометрии, пер. с нем., М.- Л., 1948; [3] Энциклопедия элементарной математики, кн. 4, Геометрия, М., 1963.</text>
  <text_orig>вероятностіи событий, связанных со взаимным расположением геометрич. фигур, случайно размещенных на плоскости или в пространстве. Простейший пример: в область $A$ на плоскости наудачу бросается точка. Какова вероятность того, что она попадет в область $B$, лежащую внутри $A$ ? Принимая, что искомая вероятность зависит лишь от «формы» области, но не от ее «положения» внутри $A$, приходят к выводу, что она единственным образом определяется как отношение площади $B$ к площади $A$

Сделанное допущение об инвариантности рассматриваемых вероятностей относительно группы преобразованıй евклидова пространства, включающей сдвиги, вращения и отражения, типично для большинства задач о Г. в. Ответ обычно получается в форме отношения инвариантной меры множества «благоприятных случаев» к инвариантной мере множества «всех возможных случаев» (см. Интегральная геометрия); аналогия с классич. определением вероятности здесь очевидна. Можно отметить, что в связанном с Г. в. Бертрана парадоксе только один ответ удовлетворяет условию инвариантности. Первым примером подсчета Г. в. была Бюфбоона задача, положившая начало идее случайности в геометрии. 200-летняя история развития этой идеи слагается из периодов энтузиазма и интенсивной разработки, сменяемых периодами недооценки и падения интереса предмету. Наблюдающийся во 2-й пол. 20 в. подъем в этой области привел к значительному расширению круга рассматриваемых моделей (напр., к изучению случайных множеств, полей прямых, т. н. полей волокон и т. П.), и теория $Г$. в. стала частью нового раздела теории вероятностей - стохастической геометрии.

Jitm.: [1] К е н д а л л М., М о р а н П., Геометрические вероятности, пер. с англ., M., 1972; [2] Stochastic Geometry,

ed. E. E. Harding, D.G. Kendall, L. 1974 Ю. В. Прохоров. нек-рых геометрич. задач при помощи различных инструментов (линейки, циркуля и др.), к-рые предполагаются абсолютно точными. В зависимости от выбора инструментов определяется цикл задач, к-рые могут быть разрешены этими средствами. Основным набором инструментов для $\Gamma$. П. являются циркуль и линейка. Задача на построение разрешима при помощи циркуля и линейки, если координаты искомой точки могут быть записаны в виде выражений, содержащих конечное число операций сложения, умножения, деления и извлечения квадратного корня, примененных к координатам заданных точек (см., напр., Деления круга многочлен). Если таких выражений не существует, то задача не может быть решена при помощи циркуля и линейки. К этим задачам относятся, напр., удвоение куба, трисекция угла, квадратура круга. Любая задача на построение, разрешимая при помощи циркуля и линейки, может быть решена при помощи и других наборов пнструментов: одним циркулем - так наз. М о р а - M а с к е р о ни пост р о ени я (G. Molır, 1672; L. Mascheroni, 1797); линейкой с двумя параллельными краями, к-рая может быть заменена угольником (A. Ádler, 1890); линейкой и окружностью, заданной в плоскости чертежа с отмеченным центром, - П о н с е л е - II т е йне р а п о с т р о ени я (V. Poncelet, 1822; J. Steiner, 1833).

Лum.: [1] А д л е p А., Теория геометрических построений, пер. с нем., 3 изд., Л., 1940; [2] Г и ль б б р т Д., Основания геометрии, пер. с нем., М.- Л., 1948; [3] Энциклопедия элементарной математики, кн. 4, Геометрия, М., 1963.</text_orig>
</article>
