<?xml version="1.0" ?>
<article uri="http://libmeta.ru/me/article/1005_NETEROVO" alphabetic_pos="1005">
  <title>НЁТЕРОВО ИНТЕГРАЛЬНОЕ УРАВНЕНИЕ</title>
  <authors/>
  <pages>
    <start>514</start>
    <end>515</end>
  </pages>
  <literature>
    <literature_orig/>
  </literature>
  <formulas_main/>
  <formulas_aux/>
  <relations n="0"/>
  <text>интегральное уравнение, для к-рого справедливы теоремы
Нётера (см. ниже). Пусть $x$ - банахово пространство, $a$ - линейный ограниченный оператор (отображение), отображающий $x$ в себя: $a: X \rightarrow X, A *-$ сопряженный с $a$ оператор,

\[
A x=y
\]

- линейное уравнение, где $x$ - искомый, а $y$ - заданный элементы пространства $x$. Пусть, далее, $r(a)-$ совокупность всех $y \in X$, для к-рых уравнение (1) разрепимо (о б л а с т в 3 н а ч е н и ї о п е р а т ор а $a$ ), и $n(a)$ - совокупность всех решений соответствующего однородного уравнения

\[
A x=0
\]

(н у ль-п ро с т р а н с т в о, Iли я д ро о п е р ат о р а $a$ ). Отображение $a$ (уравнение (1)) наз. нётеровым оператором (нё т е р о в ы м у р а в н е н ие м), если выполняются следующие условия.

1) Определенный на всем банаховом пространстве оператор $a$ (уравнение (1)) является н о р м а л ь н о р а з р е ши и м ы м, т. е. уравнение (1) разрешимо тогда и только тогда, когда правая часть $y$ ортогональна всем решениям сопряженного однородного уравнения

\[
A^{*} \varphi=0, \varphi \in X^{*},
\]

т. е. $(\varphi, y)=0$ для любого $\varphi \in N(A *)$.

2) Однородные уравнения (2) пा (3) могут иметь лишь конечное число линейно незавпсимых решений; число

\[
x_{A}=k-k^{*}
\] где $k=\operatorname{dim} N(A), k^{*}=\operatorname{dim} N\left(A^{*}\right)$, наз. и н д е к с о м

![](https://cdn.mathpix.com/cropped/2023_07_08_2f2b6d34838d22cda852g-1.jpg?height=40&amp;width=836&amp;top_left_y=213&amp;top_left_x=123)
(1)).

Нётеров оператор с нулевым индексом наз. ф р е дго л ь м о в м о п е р а то р о м (абстрактным), a соответствующее уравнение (1) - ф р е д г о л ь м овы м у р а в н е н и е м. Напр., если $v$ - вшолне непрерывный оператор $v: X \rightarrow X$, то уравнение

\[
x-V x=y
\]

будет фредгольмовым. Его наз. к а н о ни ч е с к и м ур а вн е н и м Ф р е д гольм а. Если в уравнении (4) вполне непрерывное отображение в нек-ром функциональном пространстве является интегральным оператором

\[
(V x)(s)=\int K(s, t) x(t) d t
\]

то уравнение наз. и н т е г р а л ь н ы м у р а в ен и е м Ф р е д г л ь м а. Аналогично, если в уравненип Нётера (1) линейное отображение задается с помощью интегральных операторов, то его наз. н ё т еровым ин тетральвым ур а вне нием. Ф. Нётер [1] рассмотрел интегральные уравнения с Гильберта ядром

\[
\begin{aligned}
(A \varphi)(s)= &amp; a(s) \varphi(s)+\frac{b(s)}{\pi} \int_{-\pi}^{\pi} \operatorname{ctg} \frac{t-s}{2} \varphi(t) d t+ \\
&amp; +\int_{-\pi}^{\pi} K(s, t) \varphi(t) d t=f(t),
\end{aligned}
\]

где несобственный интеграл понимается в смысле главного значения. Для уравнения (5) он установил справедливость трех теорем, называемых ныне т е о р е м aм и Н ё т е р а (предполагается, тто заданные и искомая функции действительны, непрерывны в смысле Гёльдера и $\left.a^{2}(s)+b^{2}(s) \neq 0\right)$ :

1) уравнение нормально разрешимо;

2) уравнение имеет конечный индекс;

3) индекс вычисляется по формуле:

\[
x_{A}=\frac{1}{\pi}[\arg (a-i b)]_{-\pi}^{\pi}
\]

где []$_{-\pi}^{\pi}$ обозначает приращение функции, заключенной в скобки.

Теорема 3) впервые указала на существование такпх линейных сопряженных интегральных уравнений, к-рые могут иметь различное тисло линейно независимых решений. Кроме того, из этой теоремы вытекает, что индекс уравнения (5) не зависит от его вполне непрерывной части.

Оператор Нётера иногда наз. ф р е д г о л ь м овым, обобше нн о фуре д голь мовым, $\phi$ - о п е р а т о р ом, $\quad$ т - о п е р а т о р ом.

![](https://cdn.mathpix.com/cropped/2023_07_08_2f2b6d34838d22cda852g-1.jpg?height=52&amp;width=814&amp;top_left_y=1763&amp;top_left_x=136)

![](https://cdn.mathpix.com/cropped/2023_07_08_2f2b6d34838d22cda852g-1.jpg?height=44&amp;width=831&amp;top_left_y=1794&amp;top_left_x=119)

![](https://cdn.mathpix.com/cropped/2023_07_08_2f2b6d34838d22cda852g-1.jpg?height=50&amp;width=836&amp;top_left_y=1828&amp;top_left_x=118)
Јинейные уравнения в банаховом пространстве, М., 1971; Итоги науки. Математический анализ. 1968 , М., 1969, с. 39-71; [6] Д а н и л ю к И. И., Нерегулярные граничные задачи на плоскости, М., 1975; [7] П р ё с д о р ф 3., Некоторые классы сингулярных уравнений, пер. с нем., М., 1979. Б. В. Хведелидзе.</text>
  <text_orig>интегральное уравнение, для к-рого справедливы теоремы
Нётера (см. ниже). Пусть $X$ - банахово пространство, $A$ - линейный ограниченный оператор (отображение), отображающий $X$ в себя: $A: X \rightarrow X, A *-$ сопряженный с $A$ оператор,

\[
A x=y
\]

- линейное уравнение, где $x$ - искомый, а $y$ - заданный элементы пространства $X$. Пусть, далее, $R(A)-$ совокупность всех $y \in X$, для к-рых уравнение (1) разрепимо (о б л а с т в 3 н а ч е н и ї о п е р а т ор а $A$ ), и $N(A)$ - совокупность всех решений соответствующего однородного уравнения

\[
A x=0
\]

(н у ль-п ро с т р а н с т в о, Iли я д ро о п е р ат о р а $A$ ). Отображение $A$ (уравнение (1)) наз. нётеровым оператором (нё т е р о в ы м у р а в н е н ие м), если выполняются следующие условия.

1) Определенный на всем банаховом пространстве оператор $A$ (уравнение (1)) является н о р м а л ь н о р а з р е ши и м ы м, т. е. уравнение (1) разрешимо тогда и только тогда, когда правая часть $y$ ортогональна всем решениям сопряженного однородного уравнения

\[
A^{*} \varphi=0, \varphi \in X^{*},
\]

т. е. $(\varphi, y)=0$ для любого $\varphi \in N(A *)$.

2) Однородные уравнения (2) пा (3) могут иметь лишь конечное число линейно незавпсимых решений; число

\[
x_{A}=k-k^{*}
\] где $k=\operatorname{dim} N(A), k^{*}=\operatorname{dim} N\left(A^{*}\right)$, наз. и н д е к с о м

![](https://cdn.mathpix.com/cropped/2023_07_08_2f2b6d34838d22cda852g-1.jpg?height=40&amp;width=836&amp;top_left_y=213&amp;top_left_x=123)
(1)).

Нётеров оператор с нулевым индексом наз. ф р е дго л ь м о в м о п е р а то р о м (абстрактным), a соответствующее уравнение (1) - ф р е д г о л ь м овы м у р а в н е н и е м. Напр., если $V$ - вшолне непрерывный оператор $V: X \rightarrow X$, то уравнение

\[
x-V x=y
\]

будет фредгольмовым. Его наз. к а н о ни ч е с к и м ур а вн е н и м Ф р е д гольм а. Если в уравнении (4) вполне непрерывное отображение в нек-ром функциональном пространстве является интегральным оператором

\[
(V x)(s)=\int K(s, t) x(t) d t
\]

то уравнение наз. и н т е г р а л ь н ы м у р а в ен и е м Ф р е д г л ь м а. Аналогично, если в уравненип Нётера (1) линейное отображение задается с помощью интегральных операторов, то его наз. н ё т еровым ин тетральвым ур а вне нием. Ф. Нётер [1] рассмотрел интегральные уравнения с Гильберта ядром

\[
\begin{aligned}
(A \varphi)(s)= &amp; a(s) \varphi(s)+\frac{b(s)}{\pi} \int_{-\pi}^{\pi} \operatorname{ctg} \frac{t-s}{2} \varphi(t) d t+ \\
&amp; +\int_{-\pi}^{\pi} K(s, t) \varphi(t) d t=f(t),
\end{aligned}
\]

где несобственный интеграл понимается в смысле главного значения. Для уравнения (5) он установил справедливость трех теорем, называемых ныне т е о р е м aм и Н ё т е р а (предполагается, тто заданные и искомая функции действительны, непрерывны в смысле Гёльдера и $\left.a^{2}(s)+b^{2}(s) \neq 0\right)$ :

1) уравнение нормально разрешимо;

2) уравнение имеет конечный индекс;

3) индекс вычисляется по формуле:

\[
x_{A}=\frac{1}{\pi}[\arg (a-i b)]_{-\pi}^{\pi}
\]

где []$_{-\pi}^{\pi}$ обозначает приращение функции, заключенной в скобки.

Теорема 3) впервые указала на существование такпх линейных сопряженных интегральных уравнений, к-рые могут иметь различное тисло линейно независимых решений. Кроме того, из этой теоремы вытекает, что индекс уравнения (5) не зависит от его вполне непрерывной части.

Оператор Нётера иногда наз. ф р е д г о л ь м овым, обобше нн о фуре д голь мовым, $\Phi$ - о п е р а т о р ом, $\quad$ т - о п е р а т о р ом.

![](https://cdn.mathpix.com/cropped/2023_07_08_2f2b6d34838d22cda852g-1.jpg?height=52&amp;width=814&amp;top_left_y=1763&amp;top_left_x=136)

![](https://cdn.mathpix.com/cropped/2023_07_08_2f2b6d34838d22cda852g-1.jpg?height=44&amp;width=831&amp;top_left_y=1794&amp;top_left_x=119)

![](https://cdn.mathpix.com/cropped/2023_07_08_2f2b6d34838d22cda852g-1.jpg?height=50&amp;width=836&amp;top_left_y=1828&amp;top_left_x=118)
Јинейные уравнения в банаховом пространстве, М., 1971; Итоги науки. Математический анализ. 1968 , М., 1969, с. 39-71; [6] Д а н и л ю к И. И., Нерегулярные граничные задачи на плоскости, М., 1975; [7] П р ё с д о р ф 3., Некоторые классы сингулярных уравнений, пер. с нем., М., 1979. Б. В. Хведелидзе.</text_orig>
</article>
