<?xml version="1.0" ?>
<article uri="http://libmeta.ru/me/article/1005_REALIZUEMOST" alphabetic_pos="1005">
  <title>РЕАЛИЗУЕМОСТЬ</title>
  <authors/>
  <pages>
    <start>463</start>
    <end>464</end>
  </pages>
  <literature>
    <literature_orig/>
  </literature>
  <formulas_main/>
  <formulas_aux/>
  <relations n="0"/>
  <text>один из видов неклассич. интерпретаиий логических и логико математических языков. Различные интерпретации типа Р. определяются по следующей схеме. Для формул логико-математич. языка определяется отношение «объект $e$ реализует замкнутую формулу $f_{»}$, к-рое сокращенно записывается «erf». Определение носит индуктивный характер: сначала отнотение $e r F$ определяется для элементарных формул $f$, а затем для сложных формул в предположении, что для составляюццх их более простых формул это отношение уже определено Замкнутая формула $f$ наз. р е а л и з у е м о й, или истинной при данной интерпретации, если существует такой объект $e$, что $e r F$. Формула $f$, содержащая свободные переменные $x_{1}, \ldots, x_{n}$, считается реализуемой, если реализуема замкнутая формула $\forall x_{1} \ldots \forall x_{n} F$.

Впервые интерпретация такого вида, известная как рекурсивная реализуемость, была предложена С. Клини (см. [1], [2]) с целью уточнения интуиционистской (конструктивной) семантики языка формальной арифметики в терминах рекурсивных бункций. Другие понятия $\mathrm{p}$. являются модификациями рекурсивной $\mathrm{p}$.

Интуитивный смысл отношения erf такой: объект $e$ кодирует информацию об истинности формулы $f$. Напр., в рекурсивной Р. натуральное число 0 реализует элементарную формулу вида $s=t$ тогда и только тогда, когда эта формула верна (т. е. значения термов $s$ и $t$ совпадают); если число $e$ реализует дизъюнкцию $a \vee B$, то по нему можно выяснить, какой ее член реализуем, и найти число, его реализующее; по числу, реализующему формулу $\forall x A(x)$, можно построить алгоритм, к-рый по любому натуральному числу $n$ строит реализацию формулы $a(n)$. В качестве реализаций, т. е. объектов, реализующих формулы, чаще всего выступают натуральные числа. Однако при интуиционистской интерпретации языка математич. анализа в качестве реализаций могут использоваться и другие объекты, напр. одноместные теоретико-числовые функции (см , напр., [3]).

Для формул логич. языков, напр. для пропозициональных или предикатных формул, Р. определяется обычно через понятие Р. для того или иного логико-математич. языка $\omega$. Логич. формула $\mathfrak{a}$ считается реализуемой, если реализуема всякая формула языка $\omega$, получающаяся подстановкой в $\mathfrak{a}$ формул языка $\omega$ вместо предикатных переменных.

Интерпретации типа $p$. нашли широкое применение в исследовании неклассических, прежде всего интуиционистских и конструктивных, логических и логикоматематич. теорий. Имеется описание различных понятий $\mathrm{p}$. и их применений в теории доказательств для исследования интуиционистских теорий (см. [3], [4]). Jum.: [1] K l e e n e S. C., «j. Symbolic Logic», 1945, v. 10, пер. с англ., М., 1957; [3] К л и н и С., В е с л и Р , Основания интуиционистской математики..., пер. с англ., $\mathbf{m}, 1978 ;$ [4] Д р а г а ли н А. Г., Математический интуиционизм. Введение
в теорию доказательств, М., 1979.
В. Е. Плиско.</text>
  <text_orig>один из видов неклассич. интерпретаиий логических и логико математических языков. Различные интерпретации типа Р. определяются по следующей схеме. Для формул логико-математич. языка определяется отношение «объект $e$ реализует замкнутую формулу $F_{»}$, к-рое сокращенно записывается «erF». Определение носит индуктивный характер: сначала отнотение $e r F$ определяется для элементарных формул $F$, а затем для сложных формул в предположении, что для составляюццх их более простых формул это отношение уже определено Замкнутая формула $F$ наз. р е а л и з у е м о й, или истинной при данной интерпретации, если существует такой объект $e$, что $e r F$. Формула $F$, содержащая свободные переменные $x_{1}, \ldots, x_{n}$, считается реализуемой, если реализуема замкнутая формула $\forall x_{1} \ldots \forall x_{n} F$.

Впервые интерпретация такого вида, известная как рекурсивная реализуемость, была предложена С. Клини (см. [1], [2]) с целью уточнения интуиционистской (конструктивной) семантики языка формальной арифметики в терминах рекурсивных бункций. Другие понятия $\mathrm{P}$. являются модификациями рекурсивной $\mathrm{P}$.

Интуитивный смысл отношения erF такой: объект $e$ кодирует информацию об истинности формулы $F$. Напр., в рекурсивной Р. натуральное число 0 реализует элементарную формулу вида $s=t$ тогда и только тогда, когда эта формула верна (т. е. значения термов $s$ и $t$ совпадают); если число $e$ реализует дизъюнкцию $A \vee B$, то по нему можно выяснить, какой ее член реализуем, и найти число, его реализующее; по числу, реализующему формулу $\forall x A(x)$, можно построить алгоритм, к-рый по любому натуральному числу $n$ строит реализацию формулы $A(n)$. В качестве реализаций, т. е. объектов, реализующих формулы, чаще всего выступают натуральные числа. Однако при интуиционистской интерпретации языка математич. анализа в качестве реализаций могут использоваться и другие объекты, напр. одноместные теоретико-числовые функции (см , напр., [3]).

Для формул логич. языков, напр. для пропозициональных или предикатных формул, Р. определяется обычно через понятие Р. для того или иного логико-математич. языка $\Omega$. Логич. формула $\mathfrak{A}$ считается реализуемой, если реализуема всякая формула языка $\Omega$, получающаяся подстановкой в $\mathfrak{A}$ формул языка $\Omega$ вместо предикатных переменных.

Интерпретации типа $P$. нашли широкое применение в исследовании неклассических, прежде всего интуиционистских и конструктивных, логических и логикоматематич. теорий. Имеется описание различных понятий $\mathrm{P}$. и их применений в теории доказательств для исследования интуиционистских теорий (см. [3], [4]). Jum.: [1] K l e e n e S. C., «J. Symbolic Logic», 1945, v. 10, пер. с англ., М., 1957; [3] К л и н и С., В е с л и Р , Основания интуиционистской математики..., пер. с англ., $\mathbf{M}, 1978 ;$ [4] Д р а г а ли н А. Г., Математический интуиционизм. Введение
в теорию доказательств, М., 1979.
В. Е. Плиско.</text_orig>
</article>
