<?xml version="1.0" ?>
<article uri="http://libmeta.ru/me/article/1006_KOMPAKTNYJ" alphabetic_pos="1006">
  <title>КОМПАКТНЫЙ ОПЕРАТОР</title>
  <authors/>
  <pages>
    <start>498</start>
    <end>498</end>
  </pages>
  <literature>
    <literature_orig/>
  </literature>
  <formulas_main/>
  <formulas_aux/>
  <relations n="0"/>
  <text>оператор A, определенный на множестве $m$ топологич. векторного пространства $x$, со значениями в топологич. векторном пространстве $y$ такой, что всякое ограниченное подмножество множества $m$ он отображает в предкомшактное множество пространства $y$. Если, кроме того, оператор $a$ непрерывен на $m$, то он наз. в п о л н е н еп р е р ы в ы м на этом множестве. В случае, когда $x$ и $y$ банаховы или, более общо, борнологические пространства, а оператор $a: X \rightarrow Y$ линеен, то понятия компактного и вполне непрерывного оператора совпадают. Если $a$ - компактный, а $b$ - непрерывный операторы, то $a \circ B$ и $b \circ A-$ К. о., так что множество К. о. есть двусторонний идеал в кольце всех непрерывных операторов. В частности, К. о. не имеет непрерывного обратного. Свойство компактности играет существенную роль в теории неподвижных точек оператора и при изучении его спектра, к-рый в әтом случае обладает рядом «хороших» свойств.

П р и м е р а ми К. о. являются интеаральные операторы Фредгольма

\[
A x=\int_{a}^{b} K(t, s) x(s) d s,
\]

Гаммерштейна

\[
A x=\int_{a}^{b} K(t, s) g(s, x(s)) d s
\]

и Урысона

\[
A x=\int_{a}^{b} K(t, s, x(s)) d s
\]

в нек-рых функциональных пространствах при соответствующих ограничениях на функции $k(t, s), g(t, u)$ и $k(t, s, u)$

Лит.: [1] Л ю с т е р н и к Л. А., С о б о л е в В. И., Элементы функционального анализа, 2 изд., М., 1965 ; [2] Ио о с ид а к., Функциональный анализ, пер. с англ., М., 1967; [3] [4] К р а с но с е л ь с к и й М. А. и др., Интегральные операторы в пространствах суммируемых функций, М., 1966.</text>
  <text_orig>оператор A, определенный на множестве $M$ топологич. векторного пространства $X$, со значениями в топологич. векторном пространстве $Y$ такой, что всякое ограниченное подмножество множества $M$ он отображает в предкомшактное множество пространства $Y$. Если, кроме того, оператор $A$ непрерывен на $M$, то он наз. в п о л н е н еп р е р ы в ы м на этом множестве. В случае, когда $X$ и $Y$ банаховы или, более общо, борнологические пространства, а оператор $A: X \rightarrow Y$ линеен, то понятия компактного и вполне непрерывного оператора совпадают. Если $A$ - компактный, а $B$ - непрерывный операторы, то $A \circ B$ и $B \circ A-$ К. о., так что множество К. о. есть двусторонний идеал в кольце всех непрерывных операторов. В частности, К. о. не имеет непрерывного обратного. Свойство компактности играет существенную роль в теории неподвижных точек оператора и при изучении его спектра, к-рый в әтом случае обладает рядом «хороших» свойств.

П р и м е р а ми К. о. являются интеаральные операторы Фредгольма

\[
A x=\int_{a}^{b} K(t, s) x(s) d s,
\]

Гаммерштейна

\[
A x=\int_{a}^{b} K(t, s) g(s, x(s)) d s
\]

и Урысона

\[
A x=\int_{a}^{b} K(t, s, x(s)) d s
\]

в нек-рых функциональных пространствах при соответствующих ограничениях на функции $K(t, s), g(t, u)$ и $K(t, s, u)$

Лит.: [1] Л ю с т е р н и к Л. А., С о б о л е в В. И., Элементы функционального анализа, 2 изд., М., 1965 ; [2] Ио о с ид а к., Функциональный анализ, пер. с англ., М., 1967; [3] [4] К р а с но с е л ь с к и й М. А. и др., Интегральные операторы в пространствах суммируемых функций, М., 1966.</text_orig>
</article>
