<?xml version="1.0" ?>
<article uri="http://libmeta.ru/me/article/1008_ChISLITEL" alphabetic_pos="1008">
  <title>ЧИСЛИТЕЛЬ</title>
  <authors/>
  <pages>
    <start>438</start>
    <end>438</end>
  </pages>
  <literature>
    <literature_orig/>
  </literature>
  <formulas_main/>
  <formulas_aux/>
  <relations n="0"/>
  <text>а риф м е тиче с кой д роби $\frac{a}{b}$ целое число $a$, показывающее ия скольких долей $\frac{1}{b}$ составлена дробь. Числителем алгеб р а и чес ко й д роб и $\frac{a}{b}$ наз. выражение $a$ (см. Дробь).

C. А. Степанов.</text>
  <text_orig>а риф м е тиче с кой д роби $\frac{a}{b}$ целое число $a$, показывающее ия скольких долей $\frac{1}{b}$ составлена дробь. Числителем алгеб р а и чес ко й д роб и $\frac{A}{B}$ наз. выражение $A$ (см. Дробь).

C. А. Степанов.</text_orig>
</article>
