<?xml version="1.0" ?>
<article uri="http://libmeta.ru/me/article/1008_NEFORMAL'NYI" alphabetic_pos="1008">
  <title>НЕФОРМАЛЬНЫИ АКСИОМАТИЧЕСКИИ МЕТОД</title>
  <authors/>
  <pages>
    <start>515</start>
    <end>516</end>
  </pages>
  <literature>
    <literature_orig/>
  </literature>
  <formulas_main/>
  <formulas_aux/>
  <relations n="0"/>
  <text>аксиоматический метод, не фиксирующий жестко применяемого языка и тем самым не фиксируюший границы содержательного понимания предмета, но требующий аксиоматич. определения всех специальных для данного предмета исследования понятий. Этот термин не имеет общепринятого толкования.

История развития аксиоматич. метода характеризуется все возрастающей стененью формализапии. Н. а. м. определенная ступень в этом процессе. Первоначальное, данное Евклидом, аксиоматич. построение геометрии отличалось дедуктивным характером изложения, при к-ром в основу клались определения (пояснения) и аксиомы (очевидные утверждения). Из них, опираясь на здравый смысл и очевидность, выводились следствия. При этом в выводе неявно иногда исшользовались не зафиксированные в аксиомах предположения геометрич. характера, особенно относящиеся к движению в пространстве и взаимному расположению прямых и точек. Впоследствии были выявлены геометрич. понятия и регламентируюпце их употребление аксиомы, неявно используемые Евклидом и его последователями. При атом возникал вопрос: действительно ли выявлены все аксиомы. Руководящий принцип для решения этого вопроса сформулировал Д. Гильберт (d. Hilbert): «следует добигься того, чтобы с равным успехом можно было говорить вместо точек, прямых и плоскостей о столах, стульях и пивных кружках». Если доказательство не теряет доказательной силы после такой замены, то действительно все используемые в этом доказательстве специальные шредположения зафиксированы в аксиомах. Достигаемая при таком подходе степень формализации представляет собой уровень формализации, характерный для Н. а. м. Эталоном здесь может служить классич. труд Д. Гильберта «основания геометрии&quot; [1].

Н. а. м. применяется не только для придания определенной завершенности аксиоматически излагаемой конкретной теории. Он прецставляет собой действенное орудие математич. исследования. Поскольку шри изучении системы объектов по этому методу не используется их специфика, или &quot;природа&quot;, то доказанные утверждения переносятся на любую сис'ему объектов, удовлетворяющую рассматриваемым аксиомам. Согласно Н. а. м., аксиомы - это неявные определения первоначальных понятий (а не очевидные истины). Что представляют собой изучаемые объекты - неважно. Все, что нужно о них знать, сформулировано в аксиомах. Предметом изучения аксиоматич. теории служит любая ее интерпретация.

Н. а. м., кроме непременного аксиоматич. ошределения всех специальных понятий, имеет и другую характерную особенность. Это свободное, неконтролируемое аксиомами, основанное на содержательном понимании использование идей и понятий, к-рые можно применить к любой мыслимой интерпретации, независимо от ее содержания. В частности, широко используются теоретико-множественные и логич. понятия и принципы, а также понятия, связанные с идеей счета, и др. Проникновение в аксиоматич. метод рассуждений, основанных на содержательном понимании и здравом смысле, а не на аксиомах, объясняется нефиксированностью языка, на к-ром формулируются и доказываются свойства аксиоматически заданной системы объектов. Фиксирование языка ведет к понятию формальной аксиоматич. системы (см. Аксиоматический метод) и создает материальную основу для выявления и четкого описания допустимых логич. принципов, для контролируемого употребления теоретико-множественных и других общих или не специальных для исследуемой области понятий. Если в языке нет средств (слов) для передачи теоретико-множественных понятий, то этим отсеиваются все доказательства, основанные на использовании таких средств. Если в языке есть средства для выражения нек-рых теоретико-множественных понятий, то их применение в доказательствах можно ограничить определенными правилами или аксиомами.

Фиксируя различным образом язык, получают различные теории основного объекта рассмотрения. Напр., рассматривая язык узкого исчисления предикатов для теории групп, получают әлементарную теорию групп, в к-рой нельзя сформулировать какого-либо утвержде- ния о подтруппах. Если перейти к языку исчисления предикатов второй ступени, то появляется возможность рассматривать свойства, в к-рых фигурирует понятие подгруппы. Формализацией Н. а. м. в теории групп служит переход к языку системы Цермело - Френкеля с ее аксиоматикой.

Лит.: [1] $\gamma$ и ль б е р т Д., Основания геометрии, пер. с нем., М. - Л., 1948; [2] $\gamma$ и ль б е р т Д., Б е р н а й с П., Основания математики. Логические исчисления и формализация</text>
  <text_orig>аксиоматический метод, не фиксирующий жестко применяемого языка и тем самым не фиксируюший границы содержательного понимания предмета, но требующий аксиоматич. определения всех специальных для данного предмета исследования понятий. Этот термин не имеет общепринятого толкования.

История развития аксиоматич. метода характеризуется все возрастающей стененью формализапии. Н. а. м. определенная ступень в этом процессе. Первоначальное, данное Евклидом, аксиоматич. построение геометрии отличалось дедуктивным характером изложения, при к-ром в основу клались определения (пояснения) и аксиомы (очевидные утверждения). Из них, опираясь на здравый смысл и очевидность, выводились следствия. При этом в выводе неявно иногда исшользовались не зафиксированные в аксиомах предположения геометрич. характера, особенно относящиеся к движению в пространстве и взаимному расположению прямых и точек. Впоследствии были выявлены геометрич. понятия и регламентируюпце их употребление аксиомы, неявно используемые Евклидом и его последователями. При атом возникал вопрос: действительно ли выявлены все аксиомы. Руководящий принцип для решения этого вопроса сформулировал Д. Гильберт (D. Hilbert): «Следует добигься того, чтобы с равным успехом можно было говорить вместо точек, прямых и плоскостей о столах, стульях и пивных кружках». Если доказательство не теряет доказательной силы после такой замены, то действительно все используемые в этом доказательстве специальные шредположения зафиксированы в аксиомах. Достигаемая при таком подходе степень формализации представляет собой уровень формализации, характерный для Н. а. м. Эталоном здесь может служить классич. труд Д. Гильберта «Основания геометрии&quot; [1].

Н. а. м. применяется не только для придания определенной завершенности аксиоматически излагаемой конкретной теории. Он прецставляет собой действенное орудие математич. исследования. Поскольку шри изучении системы объектов по этому методу не используется их специфика, или &quot;природа&quot;, то доказанные утверждения переносятся на любую сис'ему объектов, удовлетворяющую рассматриваемым аксиомам. Согласно Н. а. м., аксиомы - это неявные определения первоначальных понятий (а не очевидные истины). Что представляют собой изучаемые объекты - неважно. Все, что нужно о них знать, сформулировано в аксиомах. Предметом изучения аксиоматич. теории служит любая ее интерпретация.

Н. а. м., кроме непременного аксиоматич. ошределения всех специальных понятий, имеет и другую характерную особенность. Это свободное, неконтролируемое аксиомами, основанное на содержательном понимании использование идей и понятий, к-рые можно применить к любой мыслимой интерпретации, независимо от ее содержания. В частности, широко используются теоретико-множественные и логич. понятия и принципы, а также понятия, связанные с идеей счета, и др. Проникновение в аксиоматич. метод рассуждений, основанных на содержательном понимании и здравом смысле, а не на аксиомах, объясняется нефиксированностью языка, на к-ром формулируются и доказываются свойства аксиоматически заданной системы объектов. Фиксирование языка ведет к понятию формальной аксиоматич. системы (см. Аксиоматический метод) и создает материальную основу для выявления и четкого описания допустимых логич. принципов, для контролируемого употребления теоретико-множественных и других общих или не специальных для исследуемой области понятий. Если в языке нет средств (слов) для передачи теоретико-множественных понятий, то этим отсеиваются все доказательства, основанные на использовании таких средств. Если в языке есть средства для выражения нек-рых теоретико-множественных понятий, то их применение в доказательствах можно ограничить определенными правилами или аксиомами.

Фиксируя различным образом язык, получают различные теории основного объекта рассмотрения. Напр., рассматривая язык узкого исчисления предикатов для теории групп, получают әлементарную теорию групп, в к-рой нельзя сформулировать какого-либо утвержде- ния о подтруппах. Если перейти к языку исчисления предикатов второй ступени, то появляется возможность рассматривать свойства, в к-рых фигурирует понятие подгруппы. Формализацией Н. а. м. в теории групп служит переход к языку системы Цермело - Френкеля с ее аксиоматикой.

Лит.: [1] $\Gamma$ и ль б е р т Д., Основания геометрии, пер. с нем., М. - Л., 1948; [2] $\Gamma$ и ль б е р т Д., Б е р н а й с П., Основания математики. Логические исчисления и формализация</text_orig>
</article>
