<?xml version="1.0" ?>
<article uri="http://libmeta.ru/me/article/1008_GEOMETRIChESKOE" alphabetic_pos="1008">
  <title>ГЕОМЕТРИЧЕСКОЕ МЕСТО ТОЧЕК</title>
  <authors/>
  <pages>
    <start>471</start>
    <end>471</end>
  </pages>
  <literature>
    <literature_orig/>
  </literature>
  <formulas_main/>
  <formulas_aux/>
  <relations n="0"/>
  <text>Поняти,, иногда используемое в геометрии. Обычно под Г. м. т. понимают множество точек (образующих кривую или поверхность), выделяемых из всех точек пространства к.-л. геометрич. требованием. Напр., эллипс может быть определен как Г. м. т. плоскости, для к-рых сумма расстояний до двух данных точек есть величина постоянная. А. Б. Иванов.</text>
  <text_orig>ПонятИ,, иногда используемое в геометрии. Обычно под Г. м. т. понимают множество точек (образующих кривую или поверхность), выделяемых из всех точек пространства к.-л. геометрич. требованием. Напр., эллипс может быть определен как Г. м. т. плоскости, для к-рых сумма расстояний до двух данных точек есть величина постоянная. А. Б. Иванов.</text_orig>
</article>
