<?xml version="1.0" ?>
<article uri="http://libmeta.ru/me/article/1009_NEFREDGOL'MOVO" alphabetic_pos="1009">
  <title>НЕФРЕДГОЛЬМОВО ИНТЕГРАЛЬНОЕ УРАВНЕНИЕ</title>
  <authors/>
  <pages>
    <start>516</start>
    <end>516</end>
  </pages>
  <literature>
    <literature_orig/>
  </literature>
  <formulas_main/>
  <formulas_aux/>
  <relations n="0"/>
  <text>интегральное уравнение, для к-рого неверны те или иные Фредгольла теоремы. Иногда Н. И. у. наз. особым интегральным ур а в не нием.

Так, напр., ин те г р л ль н е ур а вне ие Ф у р в e

\[
\varphi(x)-\sqrt{\frac{2}{\pi}} \int_{0}^{\infty} \sin (x s) \varphi(s) d s=0
\]

имеет решение

\[
\varphi_{a}(x)=\sqrt{\frac{\pi}{2}} e^{-a x}+\frac{x}{a^{2}+x^{2}},
\]

где $a$ - произвольное положительное число; собственному значению $\sqrt{2 / \pi}$ уравнения (1) соответствует бесконечное множество линейно независимых решений, т. е. для уравнения (1) перестает быть справедливой теорема Фредгольма о том, что однородное уравнение имеет конечное число линейно независимых решений.

В случае инте г р ль ного ура вне ни я Л а леско- П ик а р а

\[
\varphi(x)-\lambda \int_{-\infty}^{\infty} e^{-|x-s|} \varphi(s) d s=0
\]

любое $\lambda \in(0,+\infty)$ является собствешным значением, а именно, любому положительному числу $\lambda_{v}$ соответствуют два линейно независимых решения:

\[
\varphi \lambda^{(1)}(x)=e^{\sqrt{1-2 \lambda} x}, \varphi \lambda^{(2)}(x)=e^{-\sqrt{1-2 \lambda} x} .
\]

Следовательно, для уравнения (2) перестает быть справедливой теорема Фредгольма о том, что множество собственных знатений уравнения не более чем счетно.

Подробно разработаны теории двух классов Н. и. у.: уравнений, в к-рых искомая б্রункци содерэится под знаком несобственного интеграла в смысле главного значения (сингулярные интегральные уравнения); уравнения, в г-рых искомая функция солержится под знаком интегрального преобразования свертки (интегральнье уравнения типа сөертки). Для таких уравнений, вообще говоря, нарушается равенство чисел линейно независимых решений однородных союзных (сопряженных) уравнений, а также альтернатива Фрепгольма.

Лит.: [1] П р и в а ло в И. И., Интегральные уравнения, 2 изд., М.- Ј., 1937; [2] П е т р о в с к и й. И. Г., Лекций также лит. при статьях Интегральное уравнение типа свертки $\begin{array}{ll}\text { и Сингулярные интегральные уравнения. } &amp; \text { Б. В. Хведелидзе. }\end{array}$</text>
  <text_orig>интегральное уравнение, для к-рого неверны те или иные Фредгольла теоремы. Иногда Н. И. у. наз. особым интегральным ур а в не нием.

Так, напр., ин те г р л ль н е ур а вне ие Ф у р в e

\[
\varphi(x)-\sqrt{\frac{2}{\pi}} \int_{0}^{\infty} \sin (x s) \varphi(s) d s=0
\]

имеет решение

\[
\varphi_{a}(x)=\sqrt{\frac{\pi}{2}} e^{-a x}+\frac{x}{a^{2}+x^{2}},
\]

где $a$ - произвольное положительное число; собственному значению $\sqrt{2 / \pi}$ уравнения (1) соответствует бесконечное множество линейно независимых решений, т. е. для уравнения (1) перестает быть справедливой теорема Фредгольма о том, что однородное уравнение имеет конечное число линейно независимых решений.

В случае инте г р ль ного ура вне ни я Л а леско- П ик а р а

\[
\varphi(x)-\lambda \int_{-\infty}^{\infty} e^{-|x-s|} \varphi(s) d s=0
\]

любое $\lambda \in(0,+\infty)$ является собствешным значением, а именно, любому положительному числу $\lambda_{v}$ соответствуют два линейно независимых решения:

\[
\varphi \lambda^{(1)}(x)=e^{\sqrt{1-2 \lambda} x}, \varphi \lambda^{(2)}(x)=e^{-\sqrt{1-2 \lambda} x} .
\]

Следовательно, для уравнения (2) перестает быть справедливой теорема Фредгольма о том, что множество собственных знатений уравнения не более чем счетно.

Подробно разработаны теории двух классов Н. и. у.: уравнений, в к-рых искомая б্রункци содерэится под знаком несобственного интеграла в смысле главного значения (сингулярные интегральные уравнения); уравнения, в г-рых искомая функция солержится под знаком интегрального преобразования свертки (интегральнье уравнения типа сөертки). Для таких уравнений, вообще говоря, нарушается равенство чисел линейно независимых решений однородных союзных (сопряженных) уравнений, а также альтернатива Фрепгольма.

Лит.: [1] П р и в а ло в И. И., Интегральные уравнения, 2 изд., М.- Ј., 1937; [2] П е т р о в с к и й. И. Г., Лекций также лит. при статьях Интегральное уравнение типа свертки $\begin{array}{ll}\text { и Сингулярные интегральные уравнения. } &amp; \text { Б. В. Хведелидзе. }\end{array}$</text_orig>
</article>
