<?xml version="1.0" ?>
<article uri="http://libmeta.ru/me/article/1009_REGRESSII" alphabetic_pos="1009">
  <title>РЕГРЕССИИ ПОВЕРХНОСТЬ</title>
  <authors/>
  <pages>
    <start>464</start>
    <end>464</end>
  </pages>
  <literature>
    <literature_orig/>
  </literature>
  <formulas_main/>
  <formulas_aux/>
  <relations n="0"/>
  <text>(гиперповерхность) обтее геометрич. представление уравнения регрессии. Если заданы случайные величины $x_{1}, X_{2}, \ldots, X_{n}$ и

\[
f\left(x_{2}, \ldots, x_{n}\right)=\mathrm{E}\left(X_{1} \mid X_{2}=x_{2}, \ldots, X_{n}=x_{n}\right)
\]

- регрессия $x_{1}$ по $x_{2}, \ldots, X_{n}$, то уравнение $y=$ $=f\left(x_{2}, \ldots, x_{n}\right)$ задает в $n$-мерном пространстве соответствующую Р. П. При $n=2$ Р. П. обычно наз. к р ив о й $\mathrm{p}$ е г p е с с и и. Иногда эти термины используются для того, чтобы подчеркнуть, что соответствующие уравнения регрессии не являются линейными. В линейном случае $\mathrm{p}$. Ii. наз. соответственно п л о с к ос т ь р е г е есси и и прямой рег рессии. См. Регрессия.

A. В. Прохоров.</text>
  <text_orig>(гиперповерхность) обтее геометрич. представление уравнения регрессии. Если заданы случайные величины $X_{1}, X_{2}, \ldots, X_{n}$ и

\[
f\left(x_{2}, \ldots, x_{n}\right)=\mathrm{E}\left(X_{1} \mid X_{2}=x_{2}, \ldots, X_{n}=x_{n}\right)
\]

- регрессия $X_{1}$ по $X_{2}, \ldots, X_{n}$, то уравнение $y=$ $=f\left(x_{2}, \ldots, x_{n}\right)$ задает в $n$-мерном пространстве соответствующую Р. П. При $n=2$ Р. П. обычно наз. к р ив о й $\mathrm{p}$ е г p е с с и и. Иногда эти термины используются для того, чтобы подчеркнуть, что соответствующие уравнения регрессии не являются линейными. В линейном случае $\mathrm{P}$. II. наз. соответственно п л о с к ос т ь р е г е есси и и прямой рег рессии. См. Регрессия.

A. В. Прохоров.</text_orig>
</article>
