<?xml version="1.0" ?>
<article uri="http://libmeta.ru/me/article/100_OSTROGRADSKOGO" alphabetic_pos="100">
  <title>ОСТРОГРАДСКОГО МЕТОД</title>
  <authors/>
  <pages>
    <start>69</start>
    <end>69</end>
  </pages>
  <literature>
    <literature_orig/>
  </literature>
  <formulas_main/>
  <formulas_aux/>
  <relations n="0"/>
  <text>метод выделеншя алгеб́рагч. части у неопределенных интегралов от раццональных функций. Iiусть $p(x)$ и $q(x)$ - многочлены с действительными коэффициентами, причем степень $\boldsymbol{p}(x)$ меньше степени $q(x)$ и, следовательно, $\frac{p(x)}{q(x)}-$ правильная дробь,

\[
\begin{gathered}
Q(x)=\left(x-a_{1}\right)^{\alpha_{1}} \ldots\left(x-a_{r}\right)^{\alpha_{r}}\left(x^{2}+p_{1} x+q_{1}\right)^{\beta_{1}} \ldots \\
\ldots\left(x^{2}+p_{s} x+q_{s}\right)^{\beta_{s}}
\end{gathered}
\]

$a_{i}, p_{j}, q_{j}$ - действительные числа, $p_{j}^{\mathbf{2}} / 4-q_{j}&lt;0, \alpha_{i}$ и $\beta_{i}$ - натуральные числа, $i=1,2, \ldots, r, j=1,2, \ldots, s$,

![](https://cdn.mathpix.com/cropped/2023_07_08_28027b0601d80f94d4f3g-1.jpg?height=240&amp;width=712&amp;top_left_y=482&amp;top_left_x=1012)

Тогда существуют такие действительные многочлены $p_{1}(x)$ и $p_{2}(x)$, степени к-рых меньіпе соответственно чем степени $n_{1}$ и $n_{2}=r+2 s$ многочленов $q_{1}(x)$ и $q_{2}(x)$, что

\[
\int \frac{P(x)}{Q(x)} d x=\frac{P_{1}(x)}{Q_{1}(x)}+\int \frac{P_{2}(x)}{Q_{2}(x)} d x .
\]

Важным является то обстоятельство, что многочлены $q_{1}(x)$ и $q_{2}(x)$ можно найти без знания разложения (1) многочлена $q(x)$ на неприводимые множители: многочлен $q_{1}(x)$ является наибольшим общим делителем многочлена $q(x)$ и его производной $q^{\prime}(x)$ и может быть получен с помощью алгоритма Евклида, а $q_{2}(x)=q(x) / Q_{1}(x)$. Коәффициенты многочленов $p_{1}(x)$ и $p_{2}(x)$ можно вычислить с помощью неопределенных коэбфициентов метода. О. м. сводит, в частности, задачу интегрирования правильной рациональной дробй к задаче интегрирования правильной рациональной дроби, знаменатель к-ройі имеет простые корни; интеграл от такой функции выражается через трансцендентные функции: логарифмы и арктангенсы. Следовательно, рациональная дробь $\frac{p_{1}(x)}{q_{1}(x)}$ в формуле (3) является алгебраич. частью неоіределенного интеграла $\int \frac{P(x)}{Q(x)} d x$.

О. м. впервые опубликован М. В. Остроградским в 1845 (cm. [1]).

Лum.: [1] О с т р о г р а д с к и й М. B., &quot;bull. scient. Acad. Sci. St.-Pitersbourg», 1845, t. 4, Nㅡㄴ 10-11, p. 145-67; Nㅡㄴ 18-19,
p. 286-300.</text>
  <text_orig>метод выделеншя алгеб́рагч. части у неопределенных интегралов от раццональных функций. IIусть $P(x)$ и $Q(x)$ - многочлены с действительными коэффициентами, причем степень $\boldsymbol{P}(x)$ меньше степени $Q(x)$ и, следовательно, $\frac{P(x)}{Q(x)}-$ правильная дробь,

\[
\begin{gathered}
Q(x)=\left(x-a_{1}\right)^{\alpha_{1}} \ldots\left(x-a_{r}\right)^{\alpha_{r}}\left(x^{2}+p_{1} x+q_{1}\right)^{\beta_{1}} \ldots \\
\ldots\left(x^{2}+p_{s} x+q_{s}\right)^{\beta_{s}}
\end{gathered}
\]

$a_{i}, p_{j}, q_{j}$ - действительные числа, $p_{j}^{\mathbf{2}} / 4-q_{j}&lt;0, \alpha_{i}$ и $\beta_{i}$ - натуральные числа, $i=1,2, \ldots, r, j=1,2, \ldots, s$,

![](https://cdn.mathpix.com/cropped/2023_07_08_28027b0601d80f94d4f3g-1.jpg?height=240&amp;width=712&amp;top_left_y=482&amp;top_left_x=1012)

Тогда существуют такие действительные многочлены $P_{1}(x)$ и $P_{2}(x)$, степени к-рых меньіпе соответственно чем степени $n_{1}$ и $n_{2}=r+2 s$ многочленов $Q_{1}(x)$ и $Q_{2}(x)$, что

\[
\int \frac{P(x)}{Q(x)} d x=\frac{P_{1}(x)}{Q_{1}(x)}+\int \frac{P_{2}(x)}{Q_{2}(x)} d x .
\]

Важным является то обстоятельство, что многочлены $Q_{1}(x)$ и $Q_{2}(x)$ можно найти без знания разложения (1) многочлена $Q(x)$ на неприводимые множители: многочлен $Q_{1}(x)$ является наибольшим общим делителем многочлена $Q(x)$ и его производной $Q^{\prime}(x)$ и может быть получен с помощью алгоритма Евклида, а $Q_{2}(x)=Q(x) / Q_{1}(x)$. Коәффициенты многочленов $P_{1}(x)$ и $P_{2}(x)$ можно вычислить с помощью неопределенных коэбфициентов метода. О. м. сводит, в частности, задачу интегрирования правильной рациональной дробй к задаче интегрирования правильной рациональной дроби, знаменатель к-ройі имеет простые корни; интеграл от такой функции выражается через трансцендентные функции: логарифмы и арктангенсы. Следовательно, рациональная дробь $\frac{P_{1}(x)}{Q_{1}(x)}$ в формуле (3) является алгебраич. частью неоіределенного интеграла $\int \frac{P(x)}{Q(x)} d x$.

О. м. впервые опубликован М. В. Остроградским в 1845 (cm. [1]).

Лum.: [1] О с т р о г р а д с к и й М. B., &quot;Bull. scient. Acad. Sci. St.-Pitersbourg», 1845, t. 4, Nㅡㄴ 10-11, p. 145-67; Nㅡㄴ 18-19,
p. 286-300.</text_orig>
</article>
