<?xml version="1.0" ?>
<article uri="http://libmeta.ru/me/article/1010_KOMPLEK" alphabetic_pos="1010">
  <title>КОМПЛЕКС</title>
  <authors/>
  <pages>
    <start>502</start>
    <end>503</end>
  </pages>
  <literature>
    <literature_orig/>
  </literature>
  <formulas_main/>
  <formulas_aux/>
  <relations n="0"/>
  <text>одно из основных понятий гомологической алгебры. Пусть $a-$ абелева категория. $\gamma$ р а д уи ро в аным объектом наз. последовательность $k=\left(k_{n}\right)_{n \in \mathbb{Z}}$ объектов $k_{n}$ из $a$. Последовательность $a=\left(a_{n}\right)$ морфизмов $a_{n}: K_{n}^{\prime} \rightarrow K_{n}$ наз. м о р ф и з м о м $a: K^{\prime} \rightarrow K \quad$ г р а д у и р о в а ны х о б ь е к т о в. Полагая $k(h)_{n}=k_{n+h}$, можно определить объект $k(h)$. Морфизм градуированных объектов $k^{\prime} \rightarrow K(h)$ наз. морфизмом степени $h$ из $k^{\prime}$ в $k$. Градуированный объект наз. п о л о ж и е л ь н ы м, если $k_{n}=0$ для $n&lt;0$, о г р а ни че н ны м с н и з у, если $k(h)$ положителен для нек-рого $h$, и ко неч ны м, если $k_{n}=0$ для всех, кроме конечного множества, чисел $n$. Це п н о й к о м п л е к с в категории $a$ состоит из градуированного объекта $k$ и морфизма $d: K \rightarrow K$ степени - 1 такого, что $d^{2}=0$. Подробнее: $d=\left(d_{n}\right)$, где $d_{n}: K_{n} \rightarrow K_{n-1}$ и $d_{n-1} d_{n}=0$ для любого n. М о рфи з м це п ных ком п ле к с ов

\[
\left(K^{\prime}, d^{\prime}\right) \longrightarrow(K, d)
\]

это морфизм $a: K^{\prime} \rightarrow K$ градуированных объектов такой, что $a d^{\prime}=d a$. Двойственным образом (как градуированный объект с морфизмом $d$ степени +1) определяется к о ц е п н о й к о м п л к с.

Наиболее часто рассматриваются $k$. в категориях абелевых групп, модулей, пучков абелевых групп на топологич. пространстве. Так, К. абелевых групп есть градуированная дифференциальная группа, дифференциал в к-рой имеет степень - 1 или +1 .

С каждым цепным К. $k$ связаны три градуированные объекта:

$b=b(k): B_{n}=\operatorname{Im}\left(K_{n+1} \stackrel{d_{n+1}}{\longrightarrow} K_{n}\right)-$ границы;

$z=z(k): Z_{n}=\operatorname{Ker}\left(K_{n} \stackrel{d_{n}}{\longrightarrow} K_{n-1}\right)$-циклы;

$h=h(k): H_{n}=Z_{n} / B_{n}-n$-мерные гомологии (см. Гомологии комплекса).

Для коцепного К. аналогичные объекты наз. к оr р а ицами, коциклами и когомолог и я м и.

Если $\boldsymbol{h}(k)=0$, то говорят, что К. $k-\mathbf{a}$ ци лич $\mathbf{e} \mathbf{~ H . ~}$

Морфизм $a: K^{\prime} \rightarrow K$ комплексов индуцирует морфизмы

\[
Z\left(K^{\prime}\right) \longrightarrow Z(K), \quad B\left(K^{\prime}\right) \longrightarrow B(K)
\]

и, следовательно, морфизм гомологий или когомологий

\[
H(a): H\left(K^{\prime}\right) \longrightarrow H(K)
\]

Два морфизма $a, b: K^{\prime} \rightarrow K$ наз. г о м о т о п ны ми (что обозначается $a \simeq b$ ), если существует такой морфизм $s: K^{\prime} \rightarrow K(1)$ (или $s: K^{\prime} \rightarrow K(-1)$ для коцепных К.) градуированных объектов (называемый го м от о п и е й), что

\[
a-b=d s+s d^{\prime}
\]

(откуда следует, что $\boldsymbol{h}(a)=h(b)$ ). Комплекс $k$ наз. с т я ги в а е мым, если $1_{k} \simeq 0$ (в этом случае К. $k$ ацикличен).

Если $0 \rightarrow K^{\prime} \rightarrow K \rightarrow K^{\prime \prime} \rightarrow 0-$ точная последовательность К., то существует с в я зы в а ю щи й мо р фи 3 м $\partial: H\left(K^{\prime \prime}\right) \rightarrow H(K)$ степени $-1(+1)$, естественный относительно морфизмов точных последовательностей и такой, что ассоциированная с ним д ли н н а я г омологи ческая после довательность (т. е. последовательность

\[
\begin{aligned}
&amp; \cdots \longrightarrow H_{n}\left(K^{\prime}\right) \longrightarrow H_{n}(K) \longrightarrow H_{n}\left(K^{\prime \prime}\right) \stackrel{\partial}{\longrightarrow} \\
&amp; \stackrel{\partial}{\longrightarrow} H_{n-1}\left(K^{\prime}\right) \longrightarrow H_{n-1}(K) \longrightarrow \ldots
\end{aligned}
\]

для цепного К. и последовательность

\[
\begin{gathered}
\ldots \stackrel{\longrightarrow}{\longrightarrow} H_{n}\left(K^{\prime}\right) \longrightarrow H_{n}(K) \longrightarrow H_{n}\left(K^{\prime \prime}\right) \stackrel{\partial}{\longrightarrow} \\
\stackrel{\partial}{\longrightarrow} H_{n+1}\left(K^{\prime}\right) \longrightarrow H_{n+1}(K) \longrightarrow \ldots
\end{gathered}
\]

для коцепного К.) является точной.

К о н у с мо р физма це пных ком пле кс о в $a: K^{\prime} \rightarrow K$ есть К. $m C(a)$, определенный следующим образом:

\[
M K(a)_{n}=K_{n} \oplus K_{n-1}^{\prime}
\]

\[
d(a)_{n+1}=\left(\begin{array}{cc}
d_{n+1}, &amp; a_{n} \\
0, &amp; -d_{n}^{\prime}
\end{array}\right): K_{n+1} \oplus K_{n-1}^{\prime} \longrightarrow K_{n} \oplus K_{n-1}^{\prime} .
\]

Разложение $\mathrm{k}$. $m K(a)$ в прямую сумму приводит к точной последовательности $\nprec$.

\[
0 \rightarrow K \rightarrow M K(a) \rightarrow K^{\prime}(-1) \rightarrow 0,
\]

для к-рой ассоциированная длинная гомологич. последовательность изоморфна последовательности

\[
\begin{aligned}
\ldots . &amp; H_{n}(K) \rightarrow H_{n}(M K(a)) \rightarrow H_{n-1}\left(K^{\prime}\right) \stackrel{H_{n-1}^{(a)}}{\longrightarrow} \\
&amp; \stackrel{H_{n-1}(a)}{\longrightarrow} H_{n-1}(K) \longrightarrow H_{n-1}(M K(a)) \longrightarrow \ldots
\end{aligned}
\]

Следовательно, цепной К. $m K(a)$ ацикличен тогда и только тогда, когда $h(a)$ - изоморфизм. Аналогичные понятия и факты имеют место для коцепных $\mathcal{k}$.

Лит.: [1] Б а с с Х., Алгебраическая К-теория, пер. с англ., М., 1973. в трехмерном пространстве (проективном, аффинном, евклидовом), зависящее от трех параметров. Iiрямая $l \in K$ наз. лучом $\mathrm{k}$. Через каждую точку $m$ пространства проходит однопараметрическая совокупность лучей К.- конус $k_{m}$. К. определяет соответствие между точками луча К. и плоскостями, проходящими через этот луч: каждой точке $m$ луча $l$ соответствует плоскость $\pi$, касательная к конусу $k_{m}$ в точке $m$. Такое соответствие наз. н о р м а л ь н о й к о р рел я ц и е й. В каждой плоскости пространства располагается однопараметрическое семейство лучей $\mathrm{h}$. огибающих плоскую кривую $s$. И н ф ле к ц и о н ны м ц е н т р о м луча $l \in K$ наз. точка $m \in l$, в к-рой кривая $s$ плоскости $\pi$, соответствующей точке $m$ в нормальной корреляции, имеет возврат. На каждом луче К. имеется в общем случае четыре инфлекционных центра. Т о ч к о й п р и к о с н о в е н и я линейчатой шоверхности K. наз. такая точка $m$ на ее образующей, в к рой касательная плоскость поверхности совпадает с Плоскостью П, соответствующей точке $m$ в нормальной корреляции. На каждой образующей линейчатой поверхности К. имеется в общем случае две и только две точки прикосновения. Линии, описанные этими точками, наз. л и ни я м п п р и кос но ве ни я линейчатой поверхности. $г$ л а в н ы и п о в е р хн о с т я м и К. наз. линейчатые поверхности, у к-рых линии прикосновения суть их асимптотич. линии. Проективную классификацию К. можно осуществлять по кратности инфлекционных центров их лучей.

В евклидовом пространстве на каждом луче $l$ определяется инвариантная точка $c$ (це н т р л уч а), в к-рой вектор нормали к плоскости $\pi$, соответствующей в нормальной корреляции точке $c$, ортогонален нормали к плоскости П, соответствующей несобственной точке луча $l$. П р и м е р Ы К.: специальный К.множество всех касательных к данной поверхности; линейный К., задаваемый линейным однородным уравнением относительно грассмановых координат луча К.; специальный линейный К.- множество прямых трехмерного пространства, пересекающих данную прямую.

Наряду с К. прямых рассматривают К. (трехпараметрич. семейства) плоскостей, коник, квадрик и других фигур (см. Фигур многообразие).

Jum.: [1] Ф и н и к о в С. П., Теория конгруэнций, М. - Ј., 1950 ; [2] К о в а н ц о в Н. И., Теория комплексов, К., 1963.</text>
  <text_orig>одно из основных понятий гомологической алгебры. Пусть $A-$ абелева категория. $\Gamma$ р а д уи ро в аным объектом наз. последовательность $K=\left(K_{n}\right)_{n \in \mathbb{Z}}$ объектов $K_{n}$ из $A$. Последовательность $a=\left(a_{n}\right)$ морфизмов $a_{n}: K_{n}^{\prime} \rightarrow K_{n}$ наз. м о р ф и з м о м $a: K^{\prime} \rightarrow K \quad$ г р а д у и р о в а ны х о б ь е к т о в. Полагая $K(h)_{n}=K_{n+h}$, можно определить объект $K(h)$. Морфизм градуированных объектов $K^{\prime} \rightarrow K(h)$ наз. морфизмом степени $h$ из $K^{\prime}$ в $K$. Градуированный объект наз. п о л о ж и е л ь н ы м, если $K_{n}=0$ для $n&lt;0$, о г р а ни че н ны м с н и з у, если $K(h)$ положителен для нек-рого $h$, и ко неч ны м, если $K_{n}=0$ для всех, кроме конечного множества, чисел $n$. Це п н о й к о м п л е к с в категории $A$ состоит из градуированного объекта $K$ и морфизма $d: K \rightarrow K$ степени - 1 такого, что $d^{2}=0$. Подробнее: $d=\left(d_{n}\right)$, где $d_{n}: K_{n} \rightarrow K_{n-1}$ и $d_{n-1} d_{n}=0$ для любого n. М о рфи з м це п ных ком п ле к с ов

\[
\left(K^{\prime}, d^{\prime}\right) \longrightarrow(K, d)
\]

это морфизм $a: K^{\prime} \rightarrow K$ градуированных объектов такой, что $a d^{\prime}=d a$. Двойственным образом (как градуированный объект с морфизмом $d$ степени +1) определяется к о ц е п н о й к о м п л к с.

Наиболее часто рассматриваются $K$. в категориях абелевых групп, модулей, пучков абелевых групп на топологич. пространстве. Так, К. абелевых групп есть градуированная дифференциальная группа, дифференциал в к-рой имеет степень - 1 или +1 .

С каждым цепным К. $K$ связаны три градуированные объекта:

$B=B(K): B_{n}=\operatorname{Im}\left(K_{n+1} \stackrel{d_{n+1}}{\longrightarrow} K_{n}\right)-$ границы;

$Z=Z(K): Z_{n}=\operatorname{Ker}\left(K_{n} \stackrel{d_{n}}{\longrightarrow} K_{n-1}\right)$-циклы;

$H=H(K): H_{n}=Z_{n} / B_{n}-n$-мерные гомологии (см. Гомологии комплекса).

Для коцепного К. аналогичные объекты наз. к оr р а ицами, коциклами и когомолог и я м и.

Если $\boldsymbol{H}(K)=0$, то говорят, что К. $K-\mathbf{a}$ ци лич $\mathbf{e} \mathbf{~ H . ~}$

Морфизм $a: K^{\prime} \rightarrow K$ комплексов индуцирует морфизмы

\[
Z\left(K^{\prime}\right) \longrightarrow Z(K), \quad B\left(K^{\prime}\right) \longrightarrow B(K)
\]

и, следовательно, морфизм гомологий или когомологий

\[
H(a): H\left(K^{\prime}\right) \longrightarrow H(K)
\]

Два морфизма $a, b: K^{\prime} \rightarrow K$ наз. г о м о т о п ны ми (что обозначается $a \simeq b$ ), если существует такой морфизм $s: K^{\prime} \rightarrow K(1)$ (или $s: K^{\prime} \rightarrow K(-1)$ для коцепных К.) градуированных объектов (называемый го м от о п и е й), что

\[
a-b=d s+s d^{\prime}
\]

(откуда следует, что $\boldsymbol{H}(a)=H(b)$ ). Комплекс $K$ наз. с т я ги в а е мым, если $1_{K} \simeq 0$ (в этом случае К. $K$ ацикличен).

Если $0 \rightarrow K^{\prime} \rightarrow K \rightarrow K^{\prime \prime} \rightarrow 0-$ точная последовательность К., то существует с в я зы в а ю щи й мо р фи 3 м $\partial: H\left(K^{\prime \prime}\right) \rightarrow H(K)$ степени $-1(+1)$, естественный относительно морфизмов точных последовательностей и такой, что ассоциированная с ним д ли н н а я г омологи ческая после довательность (т. е. последовательность

\[
\begin{aligned}
&amp; \cdots \longrightarrow H_{n}\left(K^{\prime}\right) \longrightarrow H_{n}(K) \longrightarrow H_{n}\left(K^{\prime \prime}\right) \stackrel{\partial}{\longrightarrow} \\
&amp; \stackrel{\partial}{\longrightarrow} H_{n-1}\left(K^{\prime}\right) \longrightarrow H_{n-1}(K) \longrightarrow \ldots
\end{aligned}
\]

для цепного К. и последовательность

\[
\begin{gathered}
\ldots \stackrel{\longrightarrow}{\longrightarrow} H_{n}\left(K^{\prime}\right) \longrightarrow H_{n}(K) \longrightarrow H_{n}\left(K^{\prime \prime}\right) \stackrel{\partial}{\longrightarrow} \\
\stackrel{\partial}{\longrightarrow} H_{n+1}\left(K^{\prime}\right) \longrightarrow H_{n+1}(K) \longrightarrow \ldots
\end{gathered}
\]

для коцепного К.) является точной.

К о н у с мо р физма це пных ком пле кс о в $a: K^{\prime} \rightarrow K$ есть К. $M C(a)$, определенный следующим образом:

\[
M K(a)_{n}=K_{n} \oplus K_{n-1}^{\prime}
\]

\[
d(a)_{n+1}=\left(\begin{array}{cc}
d_{n+1}, &amp; a_{n} \\
0, &amp; -d_{n}^{\prime}
\end{array}\right): K_{n+1} \oplus K_{n-1}^{\prime} \longrightarrow K_{n} \oplus K_{n-1}^{\prime} .
\]

Разложение $\mathrm{K}$. $M K(a)$ в прямую сумму приводит к точной последовательности $\nprec$.

\[
0 \rightarrow K \rightarrow M K(a) \rightarrow K^{\prime}(-1) \rightarrow 0,
\]

для к-рой ассоциированная длинная гомологич. последовательность изоморфна последовательности

\[
\begin{aligned}
\ldots . &amp; H_{n}(K) \rightarrow H_{n}(M K(a)) \rightarrow H_{n-1}\left(K^{\prime}\right) \stackrel{H_{n-1}^{(a)}}{\longrightarrow} \\
&amp; \stackrel{H_{n-1}(a)}{\longrightarrow} H_{n-1}(K) \longrightarrow H_{n-1}(M K(a)) \longrightarrow \ldots
\end{aligned}
\]

Следовательно, цепной К. $M K(a)$ ацикличен тогда и только тогда, когда $H(a)$ - изоморфизм. Аналогичные понятия и факты имеют место для коцепных $\mathcal{K}$.

Лит.: [1] Б а с с Х., Алгебраическая К-теория, пер. с англ., М., 1973. в трехмерном пространстве (проективном, аффинном, евклидовом), зависящее от трех параметров. IIрямая $l \in K$ наз. лучом $\mathrm{K}$. Через каждую точку $M$ пространства проходит однопараметрическая совокупность лучей К.- конус $K_{M}$. К. определяет соответствие между точками луча К. и плоскостями, проходящими через этот луч: каждой точке $M$ луча $l$ соответствует плоскость $\Pi$, касательная к конусу $K_{M}$ в точке $M$. Такое соответствие наз. н о р м а л ь н о й к о р рел я ц и е й. В каждой плоскости пространства располагается однопараметрическое семейство лучей $\mathrm{h}$. огибающих плоскую кривую $s$. И н ф ле к ц и о н ны м ц е н т р о м луча $l \in K$ наз. точка $M \in l$, в к-рой кривая $s$ плоскости $\Pi$, соответствующей точке $M$ в нормальной корреляции, имеет возврат. На каждом луче К. имеется в общем случае четыре инфлекционных центра. Т о ч к о й п р и к о с н о в е н и я линейчатой шоверхности K. наз. такая точка $M$ на ее образующей, в к рой касательная плоскость поверхности совпадает с Плоскостью П, соответствующей точке $M$ в нормальной корреляции. На каждой образующей линейчатой поверхности К. имеется в общем случае две и только две точки прикосновения. Линии, описанные этими точками, наз. л и ни я м п п р и кос но ве ни я линейчатой поверхности. $Г$ л а в н ы и п о в е р хн о с т я м и К. наз. линейчатые поверхности, у к-рых линии прикосновения суть их асимптотич. линии. Проективную классификацию К. можно осуществлять по кратности инфлекционных центров их лучей.

В евклидовом пространстве на каждом луче $l$ определяется инвариантная точка $C$ (це н т р л уч а), в к-рой вектор нормали к плоскости $\Pi$, соответствующей в нормальной корреляции точке $C$, ортогонален нормали к плоскости П, соответствующей несобственной точке луча $l$. П р и м е р Ы К.: специальный К.множество всех касательных к данной поверхности; линейный К., задаваемый линейным однородным уравнением относительно грассмановых координат луча К.; специальный линейный К.- множество прямых трехмерного пространства, пересекающих данную прямую.

Наряду с К. прямых рассматривают К. (трехпараметрич. семейства) плоскостей, коник, квадрик и других фигур (см. Фигур многообразие).

Jum.: [1] Ф и н и к о в С. П., Теория конгруэнций, М. - Ј., 1950 ; [2] К о в а н ц о в Н. И., Теория комплексов, К., 1963.</text_orig>
</article>
