<?xml version="1.0" ?>
<article uri="http://libmeta.ru/me/article/1012_RANSTV" alphabetic_pos="1012">
  <title>РАНСТВА</title>
  <authors/>
  <pages>
    <start>503</start>
    <end>503</end>
  </pages>
  <literature>
    <literature_orig/>
  </literature>
  <formulas_main/>
  <formulas_aux/>
  <relations n="0"/>
  <text>комплексное векторное пространство $v^{\mathbb{c}}$, полученное из вещественного векторного пространства $v$ путем распирения поля скаляров. Пространство $v^{\mathbb{c}}$ определяется как тензорное произведение $v \otimes \mathbb{C}$. Его можно определить также как множество формальных выражений $x+i y$, где $x, y \in V$, с естественно заданными операциями сложения и умножения на комплексные числа. Пространство $v$ вкладывается в $v^{\mathbb{c}}$ в качестве вещественного подпространства и наз. в е щ е с т в е н о й фо рм о й пространства $v^{\mathbb{c}}$. Всякий базис пространства $v$ будет базисом пространства $v^{\mathbb{c}}($ над $\mathbb{c}) . \quad$ В частности, $\operatorname{dim}_{\mathbb{c}} V^{\mathbb{C}}=\operatorname{dim}_{\mathbb{R}} V$. Операция $v \longmapsto V^{\mathbb{C}}$ является функтором из категории векторных пространств над $\mathbb{r}$ в категорию векторных пространств над $\mathbb{c}$. A. Л. Онищик.</text>
  <text_orig>комплексное векторное пространство $V^{\mathbb{C}}$, полученное из вещественного векторного пространства $V$ путем распирения поля скаляров. Пространство $V^{\mathbb{C}}$ определяется как тензорное произведение $V \otimes \mathbb{C}$. Его можно определить также как множество формальных выражений $x+i y$, где $x, y \in V$, с естественно заданными операциями сложения и умножения на комплексные числа. Пространство $V$ вкладывается в $V^{\mathbb{C}}$ в качестве вещественного подпространства и наз. в е щ е с т в е н о й фо рм о й пространства $V^{\mathbb{C}}$. Всякий базис пространства $V$ будет базисом пространства $V^{\mathbb{C}}($ над $\mathbb{C}) . \quad$ В частности, $\operatorname{dim}_{\mathbb{C}} V^{\mathbb{C}}=\operatorname{dim}_{\mathbb{R}} V$. Операция $V \longmapsto V^{\mathbb{C}}$ является функтором из категории векторных пространств над $\mathbb{R}$ в категорию векторных пространств над $\mathbb{C}$. A. Л. Онищик.</text_orig>
</article>
