<?xml version="1.0" ?>
<article uri="http://libmeta.ru/me/article/1012_ChISTYJ" alphabetic_pos="1012">
  <title>ЧИСТЫЙ ПОДМОДУЛЬ</title>
  <authors/>
  <pages>
    <start>441</start>
    <end>442</end>
  </pages>
  <literature>
    <literature_orig/>
  </literature>
  <formulas_main/>
  <formulas_aux/>
  <relations n="0"/>
  <text>в с м ы с л $\mathrm{e}$ К о н а такой подмодуль $a$ правого $r$-модуля $b$, что для любого левого $r$-модуля $c$ естественный гомоморфизм абелевых групп

\[
A \otimes_{R} C \rightarrow B \otimes_{R} C
\]

инъективен. Это эквивалентно следующему условию: если система уравнений

\[
\sum_{i=1}^{n} x_{i} \lambda_{i j}=a_{j} \text {, где } 1 \leqslant j \leqslant m, \lambda_{i j} \in R, a_{j} \in A,
\]

имеет решение в $b$, то она имеет решение и в $a$ (ср. Плоский модуль). Ч. п. является любое прямое слагаемое. Любой подмопуль любого правого $r$-модуля чист тогда и только тогда, когда $r$ - регулярное кольцо .

В случае абелевых групп (т. е. при $r=\mathbb{z}$ ) әквивалентны следующие утверждения: (1) $a-$ ч и с т а я (или с е р в а н т н а я) подгруппа в $b$; (2) $n A=A \cap n B$ для любого натурального $n$; (3) $a / n A-$ прямое слагаемое в $b / n A$ для любого натурального $n ;(4)$ если $c \subseteq A$ и $a / C$ - конечно порожденная группа, то $a / C-$ прямое слагаемое в $b / C ;(5)$ каждый смежный класс факторгрупшы $b / A$ содержит әлемент того же порядка, что и порядок этого смежного класса; (6) если $a \subseteq C \subseteq B$ и $c / A$ конечно порождена, то $a-$ прямое слагаемое в $c$. Если выполнение свойства (2) требуется лишь для простых $n$, то $a$ наз. с л а б о с е р в а н т н о ї по дг р у П п о й.

Аксиоматич. подход к понятию чистоты базируется на рассмотрении класса мономорфизмов Ћ' ного следующим требованиям (здесь $a \subseteq \omega B$ означает, что $a$ - подмодуль в $b$ и естественное вложение принадлежит $\left.\mathscr{\Re}_{\omega}\right):\left(Ч 0^{\prime}\right)$ если $a$-прямое слагаемое в $b$, то $a \subseteq \omega B$; (ч1 $\left.{ }^{\prime}\right)$ если $a \subseteq{ }_{\omega} B$ и $b \subseteq{ }_{\omega} C$, то $a \subseteq{ }_{\omega} C$; (ч2') если $a \subseteq B \subseteq C$ и $a \subseteq \omega C$, то $a \subseteq \omega B$; (чз $3^{\prime}$ ) если $a \sqsubseteq{ }_{\omega} B$ и $k \sqsubseteq A$, то $a / K \sqsubseteq{ }_{\omega} B / K$; (ㄴ') ес ли $k \sqsubseteq A \subseteq B$, $k \sqsubseteq{ }_{\omega} B$ и $a / K \sqsubseteq{ }_{\omega} B / K$, то $a \subseteq а . B$. Рассмотрение класса Л̆ к относительной гомологич. алгебре. Напр., модуль $q$ наз. $\omega$-и н ъ е к т и в н м м, если из $a \subseteq \omega B$ вытекает, что всякий гомоморфизм из $a$ в $q$ может быть продолжен до гомоморфизма из $b$ в $q$ (cp. Инъективный модуль). Сервантно инъективная абелева группа наз. а л г е б ра и ч е с к и ко м п а к тной. Эквивалентны следующие свойства абелевой группы $q:$ (1) $q$ алгебраически компактна; (2) $q$ выделяется прямым слагаемым из любой группы, содержащей ее в качестве сервантной подгруппы; (3) $q$ является прямым слагаемым группы, допускающей компактную топологию; (4) система уравнений над $q$ разрешима, если разрепима каждая пз ее конечных подсистем.

Лum.: [1] М и ши и а А. П., С кор н я ко в Л. А., Абелевы группы и модули, М., $1969 ;$ [2] С к л я р е н к о Е. Г, &quot;успехи матем. наук&quot;, 1978, т. 33 , в. 3 , с. 85-120;
Ф е й с К., Алгебра: кольца, модули и категории, пер. с англ., Т. $1-2$, М., $1977-79 ;[4]$, $ф$ у к с Ј., Бесконечные абелевы грушпы, пер. с англ., т. 1-2, М., $1974-77$.

Л. А. Скорняков. \title{
Iii
}</text>
  <text_orig>в с м ы с л $\mathrm{e}$ К о н а такой подмодуль $A$ правого $R$-модуля $B$, что для любого левого $R$-модуля $C$ естественный гомоморфизм абелевых групп

\[
A \otimes_{R} C \rightarrow B \otimes_{R} C
\]

инъективен. Это эквивалентно следующему условию: если система уравнений

\[
\sum_{i=1}^{n} x_{i} \lambda_{i j}=a_{j} \text {, где } 1 \leqslant j \leqslant m, \lambda_{i j} \in R, a_{j} \in A,
\]

имеет решение в $B$, то она имеет решение и в $A$ (ср. Плоский модуль). Ч. п. является любое прямое слагаемое. Любой подмопуль любого правого $R$-модуля чист тогда и только тогда, когда $R$ - регулярное кольцо .

В случае абелевых групп (т. е. при $R=\mathbb{Z}$ ) әквивалентны следующие утверждения: (1) $A-$ ч и с т а я (или с е р в а н т н а я) подгруппа в $B$; (2) $n A=A \cap n B$ для любого натурального $n$; (3) $A / n A-$ прямое слагаемое в $B / n A$ для любого натурального $n ;(4)$ если $C \subseteq A$ и $A / C$ - конечно порожденная группа, то $A / C-$ прямое слагаемое в $B / C ;(5)$ каждый смежный класс факторгрупшы $B / A$ содержит әлемент того же порядка, что и порядок этого смежного класса; (6) если $A \subseteq C \subseteq B$ и $C / A$ конечно порождена, то $A-$ прямое слагаемое в $C$. Если выполнение свойства (2) требуется лишь для простых $n$, то $A$ наз. с л а б о с е р в а н т н о ї по дг р у П п о й.

Аксиоматич. подход к понятию чистоты базируется на рассмотрении класса мономорфизмов Ћ' ного следующим требованиям (здесь $A \subseteq \omega B$ означает, что $A$ - подмодуль в $B$ и естественное вложение принадлежит $\left.\mathscr{\Re}_{\omega}\right):\left(Ч 0^{\prime}\right)$ если $A$-прямое слагаемое в $B$, то $A \subseteq \omega B$; (Ч1 $\left.{ }^{\prime}\right)$ если $A \subseteq{ }_{\omega} B$ и $B \subseteq{ }_{\omega} C$, то $A \subseteq{ }_{\omega} C$; (ч2') если $A \subseteq B \subseteq C$ и $A \subseteq \omega C$, то $A \subseteq \omega B$; (ЧЗ $3^{\prime}$ ) если $A \sqsubseteq{ }_{\omega} B$ и $K \sqsubseteq A$, то $A / K \sqsubseteq{ }_{\omega} B / K$; (ㄴ') ес ли $K \sqsubseteq A \subseteq B$, $K \sqsubseteq{ }_{\omega} B$ и $A / K \sqsubseteq{ }_{\omega} B / K$, то $A \subseteq а . B$. Рассмотрение класса Л̆ к относительной гомологич. алгебре. Напр., модуль $Q$ наз. $\omega$-и н ъ е к т и в н м м, если из $A \subseteq \omega B$ вытекает, что всякий гомоморфизм из $A$ в $Q$ может быть продолжен до гомоморфизма из $B$ в $Q$ (cp. Инъективный модуль). Сервантно инъективная абелева группа наз. а л г е б ра и ч е с к и ко м п а к тной. Эквивалентны следующие свойства абелевой группы $Q:$ (1) $Q$ алгебраически компактна; (2) $Q$ выделяется прямым слагаемым из любой группы, содержащей ее в качестве сервантной подгруппы; (3) $Q$ является прямым слагаемым группы, допускающей компактную топологию; (4) система уравнений над $Q$ разрешима, если разрепима каждая пз ее конечных подсистем.

Лum.: [1] М и ши и а А. П., С кор н я ко в Л. А., Абелевы группы и модули, М., $1969 ;$ [2] С к л я р е н к о Е. Г, &quot;Успехи матем. наук&quot;, 1978, т. 33 , в. 3 , с. 85-120;
Ф е й с К., Алгебра: кольца, модули и категории, пер. с англ., Т. $1-2$, М., $1977-79 ;[4]$, $Ф$ у к с Ј., Бесконечные абелевы грушпы, пер. с англ., т. 1-2, М., $1974-77$.

Л. А. Скорняков. \title{
III
}</text_orig>
</article>
