<?xml version="1.0" ?>
<article uri="http://libmeta.ru/me/article/1013_GEOMETRIJa" alphabetic_pos="1013">
  <title>ГЕОМЕТРИЯ В ЩЕЛОМ</title>
  <authors/>
  <pages>
    <start>473</start>
    <end>477</end>
  </pages>
  <literature>
    <literature_orig/>
  </literature>
  <formulas_main/>
  <formulas_aux/>
  <relations n="0"/>
  <text>геометрич. теории, предметом изучения к-рых является полный геометрич. образ (вся кривая, вся поверхность, все пространство, аналогично - все поле вектора, все поле тензора или другого геометрич. объекта, аналогично - все отображение одного геометрич. образа или всего поля геометрич. объекта на другое). Термин «г. в ц.» (geometrie im Grossen) возник в немецкой математич. литературе в нач. 20 в. в связи с противопоставлением Г. в ц. геометрии в малом - теориям, в к-рых геометрич. образ (аналогично - поле, отображение) изучается только в достаточно малых областях, как это имело место в

![](https://cdn.mathpix.com/cropped/2023_07_08_f545356e8ddddec85cf7g-1.jpg?height=41&amp;width=831&amp;top_left_y=215&amp;top_left_x=991)
к-рой были недостаточны для нужд Г. в ц. При отсутствии указанного противопоставления, когда рассматривают только объекты в целом (в элементарной геометрии, в топологии многообразий), термин «г. в ц.» не употребляется.

Качественное отличие свойств в целом от свойств в малом проявилось прежде всего в вопросах жесткости, изгибаемости, изометричных погружений поверхностей (напр., малый кусок выпуклой поверхности изгибаем с сохранением выпуклости, а вся поверхность выпуклого тела уже так не изгибаема); в поведении геодезич. линий (напр., в малой области две точки гладкой поверхности соединимы единственной геодезической, а на всей замкнутой поверхности - бесконечным числом геодезических); в возможности задавать метрику с определенными свойствами на различных многообразиях (напр., метрику везде положительной кривизны можно задать на полной поверхности только гомеоморфной сфере, плоскості или проективной плоскости). Такие проблемы шородили самостоятельные теории, см., напр., вариационное исчисление в целом. Развитие более ириспособленных для Г. в ц. методов современной дифференциальной геометрии открыло возможность получения многих качественных результатов и количественных соотношений в целом для регулярных геометрических структур на многомерных Јишенных особенностей многообразиях.

Особенности часто неминуемо возникают при продолжении гладких погруженных многообразий или полей на них. Кроме того, решение многих әкстремальных задач достигается именно на нерегулярных объектах. Поэтому многие вопросы $г$. в ц. более естественно ставятся в классах, включающци нерегулярные объекты. Это требует создания методов, отличных от дифференциально-геометрических. Такие подходы, объединяющие исследование в целом с исследованием особенностей, развиты для двумерных поверхностей геометрич. школой А. Д. Александрова, Н. В. Ефимова, А. В. Погорелова, в к-рой получены наиболее законченные результаты в теории поверхностей.

Лит.: [1] К о н - Ф о с с е н С. Э., Некоторые вопросы дифференциальной геометрии в целом, М., 1959; [2] А л е к с а нмр о в А. Д., Внутренпял геометрия выпуклых поверхностей, в кн.: Математика в Ссср за 40 лет. 19 17-1957, т. 1, М., 1959 ; [4] П о гор е ло в А. В., Внешняя геометрия выпуклых поверхностей, М., 1969; [5і Г р о м ол Д., К ли н ге н б е р г В., М е й е р В., Риманова геометрия в целом, пер. с нем., М., 1971,

Геометрия чиса. Д. Александров, В. А. Залгаллер. р и я ч и с е л, - раздел теории чисел, изучающий теоретико-числовые проблемы с применением геометрич. методов. Г. ч. в собственном смысле сформировалась с выходом основополагающей монографии Г. Минковского [1] в 1896. Исходным пунктом направления, развившегося в самостоятельный раздел теории чисел, явилось то обстоятельство (подмеченное Г. Минковским), что нек-рые предложения, почти очевидные при рассмотрении фигур в $n$-мерном евклидовом ігространстве, имеют глубокие следствия в теории чисел.

Основной п типичной задачей $г$. ч. является задача об арифметич. минимуме $m(f)$ нек-рой действительной функции

\[
F(x)=F\left(x_{1}, \ldots, x_{n}\right)
\]

при әтом под $m(f)$ понимается точная нижняя граница значений функции $f(x)$, когда $x$ пробегает все целые точки (т. е. точки с целочисленными координатами), удовлетворяющие нек-рому дополнительному условию (напр., условию $x \neq 0$ ). В важнейших частных случаях эта задача решается т е о р е м о й $\mathrm{m}$ и н к о в с к о г о о в ы п у л о м т л ле, к-рая может быть сформули- рована так: пусть $f(x)&lt;1$ есть $n$-мерное выпуклое тело объема $v_{f}$, причем $f(-x)=F(x)$; тогда

\[
m(F) \leqslant 2 V_{F}^{-1 / n} \text {. }
\]

Значение $m(f)$ позволяет судить об условиях существования решений диофантова неравенства (см. Диофантовы приближения)

\[
|F(x)| \leqslant c ;
\]

к этому вопросу сводятся многие задачи теории чисел. Особым разделом Г. ч. является геометрия квадратич$\boldsymbol{\mu}$ bl

В Г. ч. различают два общих типа проблем, наз. о дн о родно й ине однородной пробл ем а м и.

О д н о р о д н а я п р о б л е м а, исследования по к-рой составляют большую часть Г. ч., посвящена изучению однородных минимумов $m(f, \Lambda)$ лучевой бункции $f$ в точечной решетке $\lambda$. Понятие точечной решетки является основным понятием $\gamma$. ч. Пусть $a_{1}, \ldots, a_{n}$ линейно независимые векторы $n$-мерного евклидова пространства. Множество точек

\[
\left\{g_{1} a_{1}+\ldots+g_{n} a_{n}\right\}
\]

когда $g_{1}, \ldots, g_{n}$ пробегают независимо друг от друга все целые числа, наз. (т о ч е ч о о й) р е ш е т к о й $\lambda$ с базисом $a_{1}, \ldots, a_{n}$ и определителем

\[
d(\Lambda)=\left|\operatorname{det}\left(a_{1}, \ldots, a_{n}\right)\right| \text {. }
\]

Пусть в $\mathbb{r}^{n}$ заданы лучевая функция $f=f(x)$ и решетка $\lambda$ определителя $d(\lambda)$. Точная нижняя граница

\[
m(F, \Lambda)=\inf _{a \in \Lambda, a \neq 0} F(a)
\]

значений функции $f$ в точках $a \neq 0$ решетки $\lambda$ наз.

![](https://cdn.mathpix.com/cropped/2023_07_08_ba55d485f31d08e7826eg-1.jpg?height=42&amp;width=834&amp;top_left_y=1170&amp;top_left_x=119)
(точнее, одн о р о ды ы м а р и ф м т и ческим м и н и м у м о м). Точная нижняя граница $m(f, \Lambda)$, к-рая может и не достигаться, заведомо достигается для ограниченного звездного тела, определяемого неравенством

\[
F(x)&lt;1
\]

Для оценки $m(f, \Lambda)$ сверху важно уметь выпислять или оценивать п о с т о я н у ю $э$ р мит а $\gamma(f)$ лучевой функции $f$, определяемую равенством

\[
\gamma(F)=\sup _{\Lambda} m(F, \Lambda) /\{d(\Lambda)\}^{1 / n},
\]

где точная верхняя граница берется по множеству $\mathbb{z}_{n}$ всех $n$-мерных решеток $\lambda$.

Центральным пунктом Г. ч. является установление связи между $\gamma(f)$, критич. определителем (см. ниже) $\delta\left(\varsigma_{f}\right)$ множества $\varsigma_{f}=\{x \mid F(x)&lt;1\}$ и (если $f-$ симметричная выпуклая лучевая функция) плотностью

![](https://cdn.mathpix.com/cropped/2023_07_08_ba55d485f31d08e7826eg-1.jpg?height=40&amp;width=754&amp;top_left_y=1719&amp;top_left_x=122)

Пусть в $n$-мерном евклидовом пространстве $\mathbb{r}^{n}$ заданы множество $\mathfrak{m}$ и решетка $\lambda$ определителя $d(\lambda)$. Решетка $\lambda$ наз. д о п у с т и м о й для $\mathfrak{m}$ или $\mathfrak{d} 2-д$ oп у с т и м о й, если $\mathfrak{m}$ не содержит точек из $\lambda$, отличных от 0 . Множество $\mathfrak{m}$, имеющее хотя бы одну допустимую решетку, наз. м н о ж е с т в о м к о н е чн о г о т и п а; в противном случае $\mathfrak{m}$ наз. мн оже с твом бе ск оне чн о го т ипа. Пусть $\mathfrak{m}-$ множество конечного типа; точная нижняя граница

\[
\Delta(\mathfrak{M})=\inf d(\Lambda)
\]

множества определителей $d(\lambda)$ всех $\mathfrak{m}$-допустимых решеток $\lambda$ наз. к р и т и ч е ск и м опр е де ли тел е м $\delta(\mathfrak{d}\})$ множества $\mathfrak{m}$. Всякая $\mathfrak{m}$-допустимая решетка $\lambda$ с условием

\[
d(\Lambda)=\Delta(\mathfrak{M})
\]

![](https://cdn.mathpix.com/cropped/2023_07_08_ba55d485f31d08e7826eg-1.jpg?height=42&amp;width=833&amp;top_left_y=2223&amp;top_left_x=122)
Для множества $\mathfrak{m}$ бесконечного типа, по определению, $\delta(\mathfrak{m})=+\infty$. Вычисление постоянной Эрмита $\gamma(f)$ лучевой функции $f$ сводится к вычислению критич. определителя $\delta\left(\varsigma_{f}\right)$ звездного тела $\varsigma_{f}$, определяемого условием $f(x)&lt;1$ :

\[
\gamma(F)=\left\{\Delta\left(\varsigma_{F}\right)\right\}^{-1 / n}
\]

Связь между критич. определителем и плотностью плотнейшей решетчатой упаковки устанавливается следующей т е о р е м о й Б л і х ф л в д т а. Пусть $\mathfrak{r}$ - произвольное множество, $d \mathfrak{R}$ - соответствующее ему разностное множество (т. е. совокупность точек $\xi-\eta$, где $\xi \in \mathfrak{R}, \eta \in \mathfrak{R})$ и пусть $\lambda-$ решетка. Для того чтобы р а споло же ни е $\{\mathfrak{r}, \Lambda\}$, т. е. семейство множеств $\{\re+a\}$, где $a \in \Lambda$, было упаковкой, необходимо и достаточно, чтобы решетка $\lambda$ была $d \mathfrak{R}$ допустимой.

Плотность $\theta(\re)$ плотнейшей решетчатой упаковки ограниченного измеримого по Лебегу множества $\mathfrak{n}$ меры $v(\re)$ выражается равенством

\[
\theta(\mathfrak{R})=V(\mathfrak{R}) / \Delta(D \Re) .
\]

Для произвольного множества $\mathfrak{m}$ и измеримого по Лебегу множества $\re$ меры $v(\mathfrak{r})$, удовлетворяющего условию $d \Re \subset \mathbb{M}, \quad$ справедливо неравенство (другая формулировка теоремы Блихфельдта):

\[
\Delta(\mathfrak{M}) \geqslant V(\mathfrak{R}) \text {. }
\]

Если $\mathscr{r}-$ выпуклое тело, спмметрічное относительно точки $o$, то

\[
\Delta(\hat{\Re})=V(\hat{\Re}) / 2^{n} \theta(\hat{\Re}),
\]

где $\theta(f i)$ - плотность плотнейшей решетчатой упакокки тела Я. Так что в случае симметричной выпуклой лучевой функціи $f(x)$ вычисление $\gamma(f)$ сводитсяя к вычислению плотнейшей решетчатой упаковки тела $\overleftarrow{e}_{f}$, определяемого условием $f(x)&lt;1$.

Важнейшим предложением Г.ч. является т е о р е м а М инковс к о го о в ы П к ло м те ле. Пусть $\re$ - выпуклое тело, симметричное относительно на-

![](https://cdn.mathpix.com/cropped/2023_07_08_ba55d485f31d08e7826eg-1.jpg?height=40&amp;width=692&amp;top_left_y=1322&amp;top_left_x=994)

\[
\Delta\left(. \mathrm{fi}^{\mathrm{U}}\right) \geqslant 2-n \mathrm{~V}\left(\mathrm{Ji}^{\mathrm{I}}\right) \text {. }
\]

Иными словами, решетка $\lambda$, для к-рой

\[
V(\mathfrak{R})&gt;2^{n} d(\Lambda)
\]

имеет в $\re$ точку, отличную от 0 .

Неравенство (1) наз. н е р а в е н с т в о м М и нк о в с к о г о; оно дает оценку снизу для критич. определителя $\delta(\re)$ выпуклого тела Ћ, симметричного относительно 0. Эта оценка, вообще говоря, неулучшзема. Для достижения равенства необходимо и достаточно, чтобы $\theta(\mathscr{\re})=1$. Dыпуклые тела щие условию $\theta(\mathfrak{b})=1$, наз. п а р а л л е л о э д р а ми. Они играют важную роль в Г. ч. и кристаллографии иаmeматической.

Все приложения теоремы Минковского о выпуклом теле основаны на том, что для выпуклой симметричной лучевой функции $f(x)$ и произвольной решетки $\lambda$ определителя $d(\lambda)$ справедливо неравенство

\[
m(F, \Lambda) \leqslant 2\left\{d(\Lambda) / V\left(\varsigma_{F}\right)\right\}^{1 / n},
\]

где

\[
\varsigma_{F}=\{x \mid F(x)&lt;1\} \text {. }
\]

В частности, для решетки $\lambda_{0}$ целых точек и лучевой функции

\[
F(x)=\max _{1 \leqslant i \leqslant n}\left\{\frac{1}{\beta_{i}}\left|\sum_{j=1}^{n} \alpha_{i j} x_{j}\right|\right\}
\]

справедтива т е о р е м а $\mathrm{m}$ и н к о в с к о г о о лин е й ны $\mathbf{x}$ одн $о$ р о дны $\mathrm{x}$ фо р ма х. Пусть $\alpha_{i j}$, $\beta_{i}-$ действительные числа, $i, j=1, \ldots, n ; \beta_{i}&gt;0$, $\left|\operatorname{det}\left(\alpha_{i \ell}\right)\right|=\Delta&gt;0$. Если

\[
\beta_{1} \beta_{2} \ldots \beta_{n}&gt;\Delta,
\] то найдутся целые числа $x_{1}, \ldots, x_{n}$, не равные одновременно нулю и удовлетворяющие системе линейных неравенств

\[
\left|\sum_{j=1}^{n} \alpha_{i j} x_{j}\right|&lt;\beta_{i}, \quad i=1, \ldots, n .
\]

В Г. ч. изучаются последовательные минимумы лучевой функции в решетке. Пусть $f(x)$ - лучевая функция, $\lambda$ - решетка и пусть зафиксирован индекс $i$, $1 \leqslant i \leqslant n ; i-\mathbf{м}$ п о с ле д о в а т е л ьны м мин им ум о м $m_{i}=m_{i}(f, \Lambda)$ функции $f$ в решетке $\lambda$ наз. точная нижняя граница чисел $\mu$, для к-рых множество $f(x)&lt;\mu$ содержит не менее $i$ линейно независимых точек решеткі $\lambda$. При этом

$m_{1}(f, \Lambda)=m(F, \Lambda) ; \quad 0 \leqslant m_{1} \leqslant m_{2} \leqslant \ldots \leqslant m_{n}&lt;+\infty$. Справедлива оценка

\[
\left\{m_{1}(F, \Lambda)\right\}^{n} \Delta\left(5_{F}\right) / d(\Lambda) \leqslant 1
\]

Труднее оценить сверху величину

\[
\delta(F, \Lambda)=\frac{\Delta\left({ }_{(5)} F\right) \prod_{i=1}^{n} m_{i}(F, \Lambda)}{d(\Lambda)} .
\]

Для этого надо уметь вычислять илі оценивать сверху величину

\[
\alpha(F)=\sup _{\Lambda} \delta(F, \Lambda)
\]

где точная верхняя граница берется по всем $n$-мерным решеткам $\lambda$. Величина $\alpha(f)$ наз. а н о м а л пи е й лу ч е в о ї ф ункци и $f$, или анома ли е й м н о ж е с т в а $\left(5_{f}\right.$. Имеет место неравенство $\alpha(f) \geqslant 1$. Оценку $\alpha(f)$ сверху дает (см. [4], с. 254-57) следующая теорема. Пусть $f$ есть $n$-мерная лучевая функция с аномалиеї $\alpha(f)$; тогда

\[
\alpha(F) \leqslant 2^{(n-1) / 2} .
\]

Построены примеры, показывающие, что эта оценка, вообще говоря, не улучшаема.

Если $f$ - выпуклая симметричная лучевая функция, то предполагается (г и по те з а о б ан о мали и вып укл о го те ла), что

\[
\alpha(F)=1 \text {. }
\]

Справедлива в т о р а я т е о р е м а М ин к о в с к ог о о выпуклом теле, уточняющая первую теорему. Если $f(x)$ - симметричная выпуклая лучевая функция Ii $\lambda$ - решетка, то

\[
V\left(\varsigma_{F}\right) \prod_{i=1}^{n} m_{i}(F, \Lambda) \leqslant 2^{n} d(\Lambda)
\]

где выпуклое тело $\overleftarrow{s}_{f}$ определяется условием $f(x)&lt;1$.

Понятие последовательных минимумов и основные относящиеся к ним результаты (исключая последнюю теорему) обобщаются со звездных тел (尺) на произвольные множества $\mathfrak{m}$ (см. [9], с. 44-46).

Следующее предложение оценивает критич. определитель данного множества сверху: для любого измерімого по Лебегу множества $\mathfrak{m}$ меры $v(\mathfrak{m})$ )

\[
\Delta(\mathfrak{M}) \leqslant V(\mathfrak{M})
\]

прі этом, если $\mathfrak{n}$ - симметричное относительно 0 звездное тело, то

\[
\begin{aligned}
\Delta(\mathfrak{M}) &amp; \leqslant\{2 \zeta(n)\}^{-1} V(\mathfrak{M}), \\
\zeta(n) &amp; =1+\frac{1}{2^{n}}+\ldots .
\end{aligned}
\]

Все доказательства этой теоремы включают в себя то или пное усреднение нек-рой функции, заданной на пространстве решеток. Наиболее естественный вывод дает (см., напр., [12]) следующая т е о р е м а 3 и геля 0 с р е д н е м. Пусть $f(x)$ - интегрируемая по Лебегу функция, заданная на $n$-мерном евклидовом пространстве $r^{n}$, а $\mu-$ инвариантная мера, заданная на пространстве решеток $\lambda$ с определителем $=1$; F фундаментальная область этого пространства. Тогда

\[
\frac{1}{\mu(\mathcal{F})} \int_{F}\left\{\sum_{\substack{a \neq \Lambda \\ a \neq 0}} f(a)\right\} d \mu(\Lambda)=\int_{\mathbb{R}^{n}} f(x) d x
\]

В отлігіе от оценки снизу (1), оценки (2) и (3) не являются окончательными (уточнение см. [13]).

Оценки критич. определителя $\delta(\mathfrak{m})$ данного множества $\mathfrak{m}$ снизу и сверху приводят к оценкам $\gamma(f)$ сверху и снизу, т. е. к решению (в известном смысле) однородной задачи Г. ч. Однако часто бывает важно знать и точное значение $\gamma(f)$ или точное значение критич. определітеля $\delta(\mathfrak{m})$ для заданного множества $\mathfrak{m}$ (скажем, для норменного тела данного алгебраического числового поля). Если (5 - заданное ограниченное звездное тело, то, в принципе, можно указать алгоритм, позволяющий свести задачу отыскания всех критич. решеток тела (5) (а следовательно, и $\delta(5)$ ) к конечному числу обычных задач на экстремум нек-рых функций нескольких переменных. Однако әтот алгоритм осуществим (при современном состоянии исследований) лишь для выпуклых тел (5) при числе измерений $n \leqslant 4$ (см. [4], с. 185-86, 199-202).

Для неограниченных звездных тел (5. нахождение $\delta(5)$, вообще говоря, значительно сложнее; это показывает я в ле н и е из о л я ц и и однородных аріфметич. минимумов, состоящее в следующем. Пусть $f$ лучевая функция в $\mathbb{r}^{n}$ и пусть на множестве $\mathscr{l}$ всех решеток $\lambda$ задана величина

\[
\mu(\Lambda)=\mu(F, \Lambda)=m(F, \Lambda) /\{d(\Lambda)\}^{1 / n} .
\]

Множество $m(f)$ возможных значений $\mu(\lambda)$ для всех $\lambda \in \mathscr{L}_{\text {наз. с п е к т р о м М а р к о в а лучевой функ- }}$ ции $f$. Говорят, что для $f$ имеет место я в ле н і е и з о л я ц и и, если множество $m(f)$ имеет изолированные точкі. Множество $m(f)$ лежит на промежутке $(0, \gamma(F)]$. Если звездное тело $5_{f}, F(x)&lt;1$, огрангчено, тo

\[
M(F)=(0, \gamma(F)]
\]

Поэтому явленіе изоляции возможно лішь для неограниченных звездных тел (см. [4], гл. 10). Напболее исследован случай $n=2$

\[
F_{0}(x)=\left|x_{1} x_{2}\right|^{1 / 2}
\]

То, что здесь возникает явление пзоляции, впервые заметили (см. [14]) А. Н. Коркин и Е. И. Золотарев (и это был вообще первый пример явления изоляціи). А. А. Марковым (1879, см. [14]) доказано, что часть спектра $m\left(f_{0}\right)$, лежащая правее $\sqrt[4]{4 / 9}$, дискретна; она имеет вид

\[
\left\{\left(\frac{9}{4}-\frac{1}{Q_{k}}\right)^{-1 / 4}, k=1,2, \ldots\right\},
\]

где $q_{k}-$ возрастающая последовательность целых положительных чисел, обладающих тем свойством, что найдутся целые числа $r_{k}, S_{k}$, удовлетворяющие условию

\[
Q_{k}^{2}+R_{k}^{2}+S_{k}^{2}=3 Q_{k} R_{k} S_{k}
\]

каждой точке спектра (5) («спектр Маркова» в узком смысле) отвечает единственная, с точностью до автоморфизмов (4), решетка $\lambda_{k}$. Неопределенная форма $\varphi_{k}=$

![](https://cdn.mathpix.com/cropped/2023_07_08_f17e9a6c4d3f139616afg-1.jpg?height=45&amp;width=831&amp;top_left_y=2012&amp;top_left_x=989)
а последовательность $\varphi_{1}, \varphi_{2}, \ldots$ наз. ц е по ч к о й М а р к о в а. Известно также, что левее нек-рого числа $\mu_{0}=\mu_{0}\left(f_{0}\right)$ спектр $m\left(f_{0}\right)$ совпадает с отрезком $\left[0, \mu_{0}\right]$. Явление изоляции можно описать в терминах допустимых решеток (см. [9], с. 50), что несколько обобщает это понятие.

Н е о дн о родн а я п р о б е м а охватывает неоднородные диофантовы задачи, играющие большую роль в теории чисел, она составляет важный раздел Г. ч. Пусть $f$ - лучевая функция в $\mathbb{r}^{n}, \Lambda$ - решетка определителя $d(\lambda)$ в $\mathbb{r}^{n}$ и $x_{0}-$ действительная точка в $\mathbb{r}^{n}$. Рассматриваотся величины

\[
\begin{gathered}
l\left(x_{0}\right)=l\left(F, \Lambda ; x_{0}\right)=\inf _{x \equiv x_{0}(\Lambda)} F(x), \\
l=l(F, \Lambda)=\sup _{x_{0} \in \mathbb{R}^{n}} l\left(F, \Lambda ; x_{0}\right),
\end{gathered}
\]

где точная нижняя граница берется по всем точкам вида $x+a, a \in \Lambda$, а точная верхняя граница берется по всем точкам $x_{0} \in \mathbb{R}^{n}$. Величина $l(f, \Lambda)$ наз. н е о дно родным а р и фметичес ким миним у м о м функциіг $f$ в решетке $\lambda$; при этом «минимум» может и не достигаться. $l(f, \Lambda)$ есть точная нижняя граница действительных чисел $\lambda&gt;0$, обладающих следующим свойством: расположение $\left\{\lambda \varsigma_{F}, \Lambda\right\}$ множества $\lambda \varsigma_{F}$, где $\varsigma_{f}$ удовлетворяет условию $f(x)&lt;1$, по решетке $\lambda$ является покрытием, т. е.

\[
\bigcup_{a \in \Lambda}\left(\lambda \omega_{F}+a\right)=\mathbb{R}^{n} .
\]

Для лучевой функции $f$ рассматриваются аналоги постоянной Эрмита:

\[
\begin{aligned}
&amp; \sigma(F)=\inf _{\Lambda} l(F, \Lambda) /\{d(\Lambda)\}^{1 / n}, \\
&amp; \Sigma(F)=\sup _{\Lambda} l(F, \Lambda) /\{d(\Lambda)\}^{1 / n},
\end{aligned}
\]

где точная нижняя (верхняя) граница берется по всем $n$-мерным решеткам $\lambda$. Величина $\sigma(f)$ обычно тривиальна (см. [4], с. $369-70)$ : если множество ( $f_{f}, F(x)&lt;1$, имеет конечный объем, то

\[
\Sigma(F)=-\infty
\]

Однако в одном, представляющем интерес, частном случае функции $f$, с величиной $\sigma(f)$ связана н е о дно родная проблема Минковского.

$\gamma$ и по т е з а $\mathbf{m}$ и н к о в с к о г о о произведении неоднородных линейных форм. Пусть

Тогда

\[
F_{n}(x)=\left|x_{1} x_{2} \ldots x_{n}\right|^{1 / n} \text {. }
\]

\[
\Sigma\left(F_{n}\right)=\frac{1}{2} .
\]

Исследования по этой гипотезе и ее аналогам составляют более половины всех исследований по неоднородной проблеме Г. ч. (см. Минковского гипотеза).

В общем случае величина $\sigma(f)$ носит характер более содержательный, чем $\sigma(f)$. Она тесно связана со значением плотности $\tau\left(\left(_{f}\right)\right.$ экономнейшего решетчатого покрытия телом $\complement_{f}$ (см. [7], [10]). Именно, если $f-$ лучевая функция и множество $\s_{f}$ ограничено, то

\[
\tau\left(\varsigma_{F}\right)=\{\sigma(F)\}^{n} V\left(\varsigma_{F}\right) \text {. }
\]

Важный раздел неоднородной проблематики $\gamma$. ч. составляют так наз. т е о р е м п е р е н о с а для данной лучевой функции $f$, под к-рыми понимаются неравенства, связывающие неоднородный минимум $l(f, \Lambda)$ с последовательными однородными минимумами $m_{i}(f, \Lambda)$ (или минимумами взаимной функции $f^{*}$ относительно взаимной решетки $\lambda^{*}$, и т. п.) (см. [4], с. 380-90).

П р и м е р: пусть $f$ - симметричная выпуклая лучевая функция и пусть $f(x)&gt;0$ для $x \neq 0$; тогда для любой решетки $\lambda$

\[
\frac{1}{2} m_{n}(F, \Lambda) \leqslant l(F, \Lambda) \leqslant \frac{1}{2} \sum_{k=1}^{n} m_{k}(F, \Lambda) .
\]

Имеются обобщения $\gamma$. ч. на пространства, более общие, чем $\mathbb{r}^{n}$, а также на дискретные множества, более общие, чем $\lambda$ (см. [15], [10]).

Jum.: [1] M i n k o w s k i H., Geometrie der Zahlen, Lpz.B., 1953; [2] e $\gamma_{0}$ \% e, Diophantische Approximationen, Lpz.,
$1907 ;$ [3] H a n c o c k H., Development of the Minkowski geo$1907 ;$ [3] H a n c o c k H., Development of the Minkowski geo-
metry of numbers, N. Y., $1939 ;[4] \mathrm{K}$ a c c e л c Д Ж. B. C., Bвeдение в геометрию чисел, пер. с англ., М., $1965 ;$ [5] L e k- k e r k e r k e r C. G., Geometry of numbers, Groningen, 1969; [6] т о т л. Ф., Расположения на плоскости, на сфере и

![](https://cdn.mathpix.com/cropped/2023_07_08_47e6954250953bbe476cg-1.jpg?height=39&amp;width=826&amp;top_left_y=246&amp;top_left_x=986)
Geometrie der Zahlen, Lpz., 1954; [ [9] H l a w k a E., «jahresber. Dtsch. Math.- Ver.&quot;, 1954, Bd 57, Abt. 1, S. 37-55; [10] $\mathbf{5}$ a p aн о в с к и й Е. П., в кн.: Итоги науки. Алгебра. Топология. Геометрия. 1967, M., 1969, c. 189-225; [11] K o ksm a J. F., Diophantische Approximationen, B., 1936 ; [12] M a c b e a th A. M., 2, p. 139-51; [13] S c h m i d t W .&quot; &quot;ill. J. Math.&quot;, 1963, v. 7, матем. наук», 1948, т. 3, в. 5, c. 7-51; [15] R o g e r s K., Sw in e r t on-D y er H. P. F., &quot;trans. Amer. Math. Soc.»,

![](https://cdn.mathpix.com/cropped/2023_07_08_47e6954250953bbe476cg-1.jpg?height=48&amp;width=831&amp;top_left_y=502&amp;top_left_x=994)
поля, последовательно сводяıций все физич. объекты к геометрическим. Построение Г. осуществляется в несколько этапов.

На первом этапе строится единая теория гравитации и әлектромагнетизма на основе общей теории относительности. Основная задача $г$. на этом этапе в упрощенной постановке состоит в следующем. Пусть задана метрика $g_{i j}$ пространства-времени, к-рая является решением уравнений Эйнштейна

\[
R_{i k}-\frac{1}{2} g_{i k} R=T_{i k}\left(f_{\mu \sigma}, g\right) \text {, }
\]

где $r_{i k}-$ тензор кривизны, $t_{i k}$-тензор энергииимпульса электромагнитного поля в вакууме, $f_{\mu \sigma}-$ тензор электромагнитного поля в вакууме, удовлетворяющий уравнениям Максвелла. Требуется выразить $f_{\mu \sigma}$ через $g_{i k}$. В такой упрощенной постановке задача принципиально решена [1], однако полное ее решение встречает непреодоленные трудности (напр., при учете неэлектромагнитных полей).

На втором этапе строится теория элементарных частиц. Моделью пары взаимодействуюних частиц считается так наз. &quot;ручка&quot;, простейшим видом к-рой является одна из топологич. интерпретаций (см. [2]) максимального аналитич. продолжения Iii варцщильда поля. Характеристиками элементарной частицы (напр., заряда) в этом случае являются нек-рые интегральные инварианты «ручки». Пространство-время Г.- многосвязное, а первое Бетти число - порядка числа частиц. Вводится понятие $\mathrm{r} \mathrm{e} о \mathrm{H}$ a - сгустка того или иного излучения концентрации достаточной, чтобы соответствующее искривление пространства сделало этот сгусток метастабильным (т. е. существующим долгое время). В Г. предсказываются электромагнитные, нейтринные и гравитационные геоны. Понятие геона является классическим. Считается, что квантовый аналог понятия Г. представляет собой геометродинамич. описание массы элементарных частиц (экспериментально геоны не наблюдались.)

На третьем этапе строится теория сплошных сред, приводящая в общих чертах к тем же результатам, что и в обычной общей теории относительности.

Предполагается, что в Г. должен нарушаться закон сохранения барионного заряда. В качестве конкретного механизма этого нарушения можно рассматривать процесс гравитационного коллапса и последующего испарения черных дыр.

На четвертом этапе делаются попытки построить последовательную квантовую Г. Рассматриваются квантовые фллуктуации метрики, причем указывается, что на расстоянии порядка $\left(\hbar x / c^{3}\right)^{1 / 2} \approx 10^{-33} \mathrm{~cm}(\hbar-$ постоянная Планка, $x-$ постоянная тяготения Эйнштейна, $c$ - скорость света) флуктуации могут существенно изменять топологию пространства и должны соответствовать квантовым әлементарным частицам.

В настоящее время (70-е гг. 20 в.) Г. не является еще последовательно развитой теорией. Особенно затруднительно толкование спинорных полей (а не тензорных): в qастности, нейтринных полей. Многие части Г. не имеют достаточного математич. обоснования. Одной из попыток дать такое обоснование является теория суперпространства [4].

Jum.: [1] R a i n i c h G., &quot;trans. Amer. Math. Soc.&quot;, 1925, จ. 27, 수 106; [2] у и л е $\mathrm{p}$ Д ж., Гравитация, нейтрино и Вселенная, пер. с англ., М., 1962; [3] у и л е р Д ж., ции и гравитационных коллапс, пер. с англ., М., 1967; [4] 3 е л ьции и гравитационных коллапс, пер. с англ., М., 1967; [4] З е л ьвселенной, М., 1975.

Д. Д. Соколов.</text>
  <text_orig>геометрич. теории, предметом изучения к-рых является полный геометрич. образ (вся кривая, вся поверхность, все пространство, аналогично - все поле вектора, все поле тензора или другого геометрич. объекта, аналогично - все отображение одного геометрич. образа или всего поля геометрич. объекта на другое). Термин «Г. в ц.» (Geometrie im Grossen) возник в немецкой математич. литературе в нач. 20 в. в связи с противопоставлением Г. в ц. геометрии в малом - теориям, в к-рых геометрич. образ (аналогично - поле, отображение) изучается только в достаточно малых областях, как это имело место в

![](https://cdn.mathpix.com/cropped/2023_07_08_f545356e8ddddec85cf7g-1.jpg?height=41&amp;width=831&amp;top_left_y=215&amp;top_left_x=991)
к-рой были недостаточны для нужд Г. в ц. При отсутствии указанного противопоставления, когда рассматривают только объекты в целом (в элементарной геометрии, в топологии многообразий), термин «Г. в ц.» не употребляется.

Качественное отличие свойств в целом от свойств в малом проявилось прежде всего в вопросах жесткости, изгибаемости, изометричных погружений поверхностей (напр., малый кусок выпуклой поверхности изгибаем с сохранением выпуклости, а вся поверхность выпуклого тела уже так не изгибаема); в поведении геодезич. линий (напр., в малой области две точки гладкой поверхности соединимы единственной геодезической, а на всей замкнутой поверхности - бесконечным числом геодезических); в возможности задавать метрику с определенными свойствами на различных многообразиях (напр., метрику везде положительной кривизны можно задать на полной поверхности только гомеоморфной сфере, плоскості или проективной плоскости). Такие проблемы шородили самостоятельные теории, см., напр., вариационное исчисление в целом. Развитие более ириспособленных для Г. в ц. методов современной дифференциальной геометрии открыло возможность получения многих качественных результатов и количественных соотношений в целом для регулярных геометрических структур на многомерных Јишенных особенностей многообразиях.

Особенности часто неминуемо возникают при продолжении гладких погруженных многообразий или полей на них. Кроме того, решение многих әкстремальных задач достигается именно на нерегулярных объектах. Поэтому многие вопросы $Г$. в ц. более естественно ставятся в классах, включающци нерегулярные объекты. Это требует создания методов, отличных от дифференциально-геометрических. Такие подходы, объединяющие исследование в целом с исследованием особенностей, развиты для двумерных поверхностей геометрич. школой А. Д. Александрова, Н. В. Ефимова, А. В. Погорелова, в к-рой получены наиболее законченные результаты в теории поверхностей.

Лит.: [1] К о н - Ф о с с е н С. Э., Некоторые вопросы дифференциальной геометрии в целом, М., 1959; [2] А л е к с а нМр о в А. Д., Внутренпял геометрия выпуклых поверхностей, в кн.: Математика в СССР за 40 лет. 19 17-1957, т. 1, М., 1959 ; [4] П о гор е ло в А. В., Внешняя геометрия выпуклых поверхностей, М., 1969; [5і Г р о м ол Д., К ли н ге н б е р г В., М е й е р В., Риманова геометрия в целом, пер. с нем., М., 1971,

Геометрия чисА. Д. Александров, В. А. Залгаллер. р и я ч и с е л, - раздел теории чисел, изучающий теоретико-числовые проблемы с применением геометрич. методов. Г. ч. в собственном смысле сформировалась с выходом основополагающей монографии Г. Минковского [1] в 1896. Исходным пунктом направления, развившегося в самостоятельный раздел теории чисел, явилось то обстоятельство (подмеченное Г. Минковским), что нек-рые предложения, почти очевидные при рассмотрении фигур в $n$-мерном евклидовом ігространстве, имеют глубокие следствия в теории чисел.

Основной п типичной задачей $Г$. ч. является задача об арифметич. минимуме $m(F)$ нек-рой действительной функции

\[
F(x)=F\left(x_{1}, \ldots, x_{n}\right)
\]

при әтом под $m(F)$ понимается точная нижняя граница значений функции $F(x)$, когда $x$ пробегает все целые точки (т. е. точки с целочисленными координатами), удовлетворяющие нек-рому дополнительному условию (напр., условию $x \neq 0$ ). В важнейших частных случаях эта задача решается т е о р е м о й $\mathrm{M}$ и н к о в с к о г о о в ы п у л о м т л ле, к-рая может быть сформули- рована так: пусть $F(x)&lt;1$ есть $n$-мерное выпуклое тело объема $V_{F}$, причем $F(-x)=F(x)$; тогда

\[
m(F) \leqslant 2 V_{F}^{-1 / n} \text {. }
\]

Значение $m(F)$ позволяет судить об условиях существования решений диофантова неравенства (см. Диофантовы приближения)

\[
|F(x)| \leqslant c ;
\]

к этому вопросу сводятся многие задачи теории чисел. Особым разделом Г. ч. является геометрия квадратич$\boldsymbol{\mu}$ bl

В Г. ч. различают два общих типа проблем, наз. о дн о родно й ине однородной пробл ем а м и.

О д н о р о д н а я п р о б л е м а, исследования по к-рой составляют большую часть Г. ч., посвящена изучению однородных минимумов $m(F, \Lambda)$ лучевой бункции $F$ в точечной решетке $\Lambda$. Понятие точечной решетки является основным понятием $\Gamma$. ч. Пусть $a_{1}, \ldots, a_{n}$ линейно независимые векторы $n$-мерного евклидова пространства. Множество точек

\[
\left\{g_{1} a_{1}+\ldots+g_{n} a_{n}\right\}
\]

когда $g_{1}, \ldots, g_{n}$ пробегают независимо друг от друга все целые числа, наз. (т о ч е ч о о й) р е ш е т к о й $\Lambda$ с базисом $a_{1}, \ldots, a_{n}$ и определителем

\[
d(\Lambda)=\left|\operatorname{det}\left(a_{1}, \ldots, a_{n}\right)\right| \text {. }
\]

Пусть в $\mathbb{R}^{n}$ заданы лучевая функция $F=F(x)$ и решетка $\Lambda$ определителя $d(\Lambda)$. Точная нижняя граница

\[
m(F, \Lambda)=\inf _{a \in \Lambda, a \neq 0} F(a)
\]

значений функции $F$ в точках $a \neq 0$ решетки $\Lambda$ наз.

![](https://cdn.mathpix.com/cropped/2023_07_08_ba55d485f31d08e7826eg-1.jpg?height=42&amp;width=834&amp;top_left_y=1170&amp;top_left_x=119)
(точнее, одн о р о ды ы м а р и ф м т и ческим м и н и м у м о м). Точная нижняя граница $m(F, \Lambda)$, к-рая может и не достигаться, заведомо достигается для ограниченного звездного тела, определяемого неравенством

\[
F(x)&lt;1
\]

Для оценки $m(F, \Lambda)$ сверху важно уметь выпислять или оценивать п о с т о я н у ю $Э$ р мит а $\gamma(F)$ лучевой функции $F$, определяемую равенством

\[
\gamma(F)=\sup _{\Lambda} m(F, \Lambda) /\{d(\Lambda)\}^{1 / n},
\]

где точная верхняя граница берется по множеству $\mathbb{Z}_{n}$ всех $n$-мерных решеток $\Lambda$.

Центральным пунктом Г. ч. является установление связи между $\gamma(F)$, критич. определителем (см. ниже) $\Delta\left(\varsigma_{F}\right)$ множества $\varsigma_{F}=\{x \mid F(x)&lt;1\}$ и (если $F-$ симметричная выпуклая лучевая функция) плотностью

![](https://cdn.mathpix.com/cropped/2023_07_08_ba55d485f31d08e7826eg-1.jpg?height=40&amp;width=754&amp;top_left_y=1719&amp;top_left_x=122)

Пусть в $n$-мерном евклидовом пространстве $\mathbb{R}^{n}$ заданы множество $\mathfrak{M}$ и решетка $\Lambda$ определителя $d(\Lambda)$. Решетка $\Lambda$ наз. д о п у с т и м о й для $\mathfrak{M}$ или $\mathfrak{D} 2-д$ oп у с т и м о й, если $\mathfrak{M}$ не содержит точек из $\Lambda$, отличных от 0 . Множество $\mathfrak{M}$, имеющее хотя бы одну допустимую решетку, наз. м н о ж е с т в о м к о н е чн о г о т и п а; в противном случае $\mathfrak{M}$ наз. мн оже с твом бе ск оне чн о го т ипа. Пусть $\mathfrak{M}-$ множество конечного типа; точная нижняя граница

\[
\Delta(\mathfrak{M})=\inf d(\Lambda)
\]

множества определителей $d(\Lambda)$ всех $\mathfrak{M}$-допустимых решеток $\Lambda$ наз. к р и т и ч е ск и м опр е де ли тел е м $\Delta(\mathfrak{D}\})$ множества $\mathfrak{M}$. Всякая $\mathfrak{M}$-допустимая решетка $\Lambda$ с условием

\[
d(\Lambda)=\Delta(\mathfrak{M})
\]

![](https://cdn.mathpix.com/cropped/2023_07_08_ba55d485f31d08e7826eg-1.jpg?height=42&amp;width=833&amp;top_left_y=2223&amp;top_left_x=122)
Для множества $\mathfrak{M}$ бесконечного типа, по определению, $\Delta(\mathfrak{M})=+\infty$. Вычисление постоянной Эрмита $\gamma(F)$ лучевой функции $F$ сводится к вычислению критич. определителя $\Delta\left(\varsigma_{F}\right)$ звездного тела $\varsigma_{F}$, определяемого условием $F(x)&lt;1$ :

\[
\gamma(F)=\left\{\Delta\left(\varsigma_{F}\right)\right\}^{-1 / n}
\]

Связь между критич. определителем и плотностью плотнейшей решетчатой упаковки устанавливается следующей т е о р е м о й Б л і х ф л в д т а. Пусть $\mathfrak{R}$ - произвольное множество, $D \mathfrak{R}$ - соответствующее ему разностное множество (т. е. совокупность точек $\xi-\eta$, где $\xi \in \mathfrak{R}, \eta \in \mathfrak{R})$ и пусть $\Lambda-$ решетка. Для того чтобы р а споло же ни е $\{\mathfrak{R}, \Lambda\}$, т. е. семейство множеств $\{\Re+a\}$, где $a \in \Lambda$, было упаковкой, необходимо и достаточно, чтобы решетка $\Lambda$ была $D \mathfrak{R}$ допустимой.

Плотность $\theta(\Re)$ плотнейшей решетчатой упаковки ограниченного измеримого по Лебегу множества $\mathfrak{N}$ меры $V(\Re)$ выражается равенством

\[
\theta(\mathfrak{R})=V(\mathfrak{R}) / \Delta(D \Re) .
\]

Для произвольного множества $\mathfrak{M}$ и измеримого по Лебегу множества $\Re$ меры $V(\mathfrak{R})$, удовлетворяющего условию $D \Re \subset \mathbb{M}, \quad$ справедливо неравенство (другая формулировка теоремы Блихфельдта):

\[
\Delta(\mathfrak{M}) \geqslant V(\mathfrak{R}) \text {. }
\]

Если $\mathscr{R}-$ выпуклое тело, спмметрічное относительно точки $O$, то

\[
\Delta(\hat{\Re})=V(\hat{\Re}) / 2^{n} \theta(\hat{\Re}),
\]

где $\theta(f i)$ - плотность плотнейшей решетчатой упакокки тела Я. Так что в случае симметричной выпуклой лучевой функціи $F(x)$ вычисление $\gamma(F)$ сводитсяя к вычислению плотнейшей решетчатой упаковки тела $\overleftarrow{E}_{F}$, определяемого условием $F(x)&lt;1$.

Важнейшим предложением Г.ч. является т е о р е м а М инковс к о го о в ы П к ло м те ле. Пусть $\Re$ - выпуклое тело, симметричное относительно на-

![](https://cdn.mathpix.com/cropped/2023_07_08_ba55d485f31d08e7826eg-1.jpg?height=40&amp;width=692&amp;top_left_y=1322&amp;top_left_x=994)

\[
\Delta\left(. \mathrm{fi}^{\mathrm{U}}\right) \geqslant 2-n \mathrm{~V}\left(\mathrm{Ji}^{\mathrm{I}}\right) \text {. }
\]

Иными словами, решетка $\Lambda$, для к-рой

\[
V(\mathfrak{R})&gt;2^{n} d(\Lambda)
\]

имеет в $\Re$ точку, отличную от 0 .

Неравенство (1) наз. н е р а в е н с т в о м М и нк о в с к о г о; оно дает оценку снизу для критич. определителя $\Delta(\Re)$ выпуклого тела Ћ, симметричного относительно 0. Эта оценка, вообще говоря, неулучшзема. Для достижения равенства необходимо и достаточно, чтобы $\theta(\mathscr{\Re})=1$. Dыпуклые тела щие условию $\theta(\mathfrak{B})=1$, наз. п а р а л л е л о э д р а ми. Они играют важную роль в Г. ч. и кристаллографии иаmeматической.

Все приложения теоремы Минковского о выпуклом теле основаны на том, что для выпуклой симметричной лучевой функции $F(x)$ и произвольной решетки $\Lambda$ определителя $d(\Lambda)$ справедливо неравенство

\[
m(F, \Lambda) \leqslant 2\left\{d(\Lambda) / V\left(\varsigma_{F}\right)\right\}^{1 / n},
\]

где

\[
\varsigma_{F}=\{x \mid F(x)&lt;1\} \text {. }
\]

В частности, для решетки $\Lambda_{0}$ целых точек и лучевой функции

\[
F(x)=\max _{1 \leqslant i \leqslant n}\left\{\frac{1}{\beta_{i}}\left|\sum_{j=1}^{n} \alpha_{i j} x_{j}\right|\right\}
\]

справедтива т е о р е м а $\mathrm{M}$ и н к о в с к о г о о лин е й ны $\mathbf{x}$ одн $о$ р о дны $\mathrm{x}$ фо р ма х. Пусть $\alpha_{i j}$, $\beta_{i}-$ действительные числа, $i, j=1, \ldots, n ; \beta_{i}&gt;0$, $\left|\operatorname{det}\left(\alpha_{i \ell}\right)\right|=\Delta&gt;0$. Если

\[
\beta_{1} \beta_{2} \ldots \beta_{n}&gt;\Delta,
\] то найдутся целые числа $x_{1}, \ldots, x_{n}$, не равные одновременно нулю и удовлетворяющие системе линейных неравенств

\[
\left|\sum_{j=1}^{n} \alpha_{i j} x_{j}\right|&lt;\beta_{i}, \quad i=1, \ldots, n .
\]

В Г. ч. изучаются последовательные минимумы лучевой функции в решетке. Пусть $F(x)$ - лучевая функция, $\Lambda$ - решетка и пусть зафиксирован индекс $i$, $1 \leqslant i \leqslant n ; i-\mathbf{м}$ п о с ле д о в а т е л ьны м мин им ум о м $m_{i}=m_{i}(F, \Lambda)$ функции $F$ в решетке $\Lambda$ наз. точная нижняя граница чисел $\mu$, для к-рых множество $F(x)&lt;\mu$ содержит не менее $i$ линейно независимых точек решеткі $\Lambda$. При этом

$m_{1}(F, \Lambda)=m(F, \Lambda) ; \quad 0 \leqslant m_{1} \leqslant m_{2} \leqslant \ldots \leqslant m_{n}&lt;+\infty$. Справедлива оценка

\[
\left\{m_{1}(F, \Lambda)\right\}^{n} \Delta\left(5_{F}\right) / d(\Lambda) \leqslant 1
\]

Труднее оценить сверху величину

\[
\delta(F, \Lambda)=\frac{\Delta\left({ }_{(5)} F\right) \prod_{i=1}^{n} m_{i}(F, \Lambda)}{d(\Lambda)} .
\]

Для этого надо уметь вычислять илі оценивать сверху величину

\[
\alpha(F)=\sup _{\Lambda} \delta(F, \Lambda)
\]

где точная верхняя граница берется по всем $n$-мерным решеткам $\Lambda$. Величина $\alpha(F)$ наз. а н о м а л пи е й лу ч е в о ї ф ункци и $F$, или анома ли е й м н о ж е с т в а $\left(5_{F}\right.$. Имеет место неравенство $\alpha(F) \geqslant 1$. Оценку $\alpha(F)$ сверху дает (см. [4], с. 254-57) следующая теорема. Пусть $F$ есть $n$-мерная лучевая функция с аномалиеї $\alpha(F)$; тогда

\[
\alpha(F) \leqslant 2^{(n-1) / 2} .
\]

Построены примеры, показывающие, что эта оценка, вообще говоря, не улучшаема.

Если $F$ - выпуклая симметричная лучевая функция, то предполагается (г и по те з а о б ан о мали и вып укл о го те ла), что

\[
\alpha(F)=1 \text {. }
\]

Справедлива в т о р а я т е о р е м а М ин к о в с к ог о о выпуклом теле, уточняющая первую теорему. Если $F(x)$ - симметричная выпуклая лучевая функция II $\Lambda$ - решетка, то

\[
V\left(\varsigma_{F}\right) \prod_{i=1}^{n} m_{i}(F, \Lambda) \leqslant 2^{n} d(\Lambda)
\]

где выпуклое тело $\overleftarrow{S}_{F}$ определяется условием $F(x)&lt;1$.

Понятие последовательных минимумов и основные относящиеся к ним результаты (исключая последнюю теорему) обобщаются со звездных тел (尺) на произвольные множества $\mathfrak{M}$ (см. [9], с. 44-46).

Следующее предложение оценивает критич. определитель данного множества сверху: для любого измерімого по Лебегу множества $\mathfrak{M}$ меры $V(\mathfrak{M})$ )

\[
\Delta(\mathfrak{M}) \leqslant V(\mathfrak{M})
\]

прі этом, если $\mathfrak{N}$ - симметричное относительно 0 звездное тело, то

\[
\begin{aligned}
\Delta(\mathfrak{M}) &amp; \leqslant\{2 \zeta(n)\}^{-1} V(\mathfrak{M}), \\
\zeta(n) &amp; =1+\frac{1}{2^{n}}+\ldots .
\end{aligned}
\]

Все доказательства этой теоремы включают в себя то или пное усреднение нек-рой функции, заданной на пространстве решеток. Наиболее естественный вывод дает (см., напр., [12]) следующая т е о р е м а 3 и геля 0 с р е д н е м. Пусть $f(x)$ - интегрируемая по Лебегу функция, заданная на $n$-мерном евклидовом пространстве $R^{n}$, а $\mu-$ инвариантная мера, заданная на пространстве решеток $\Lambda$ с определителем $=1$; F фундаментальная область этого пространства. Тогда

\[
\frac{1}{\mu(\mathcal{F})} \int_{F}\left\{\sum_{\substack{a \neq \Lambda \\ a \neq 0}} f(a)\right\} d \mu(\Lambda)=\int_{\mathbb{R}^{n}} f(x) d x
\]

В отлігіе от оценки снизу (1), оценки (2) и (3) не являются окончательными (уточнение см. [13]).

Оценки критич. определителя $\Delta(\mathfrak{M})$ данного множества $\mathfrak{M}$ снизу и сверху приводят к оценкам $\gamma(F)$ сверху и снизу, т. е. к решению (в известном смысле) однородной задачи Г. ч. Однако часто бывает важно знать и точное значение $\gamma(F)$ или точное значение критич. определітеля $\Delta(\mathfrak{M})$ для заданного множества $\mathfrak{M}$ (скажем, для норменного тела данного алгебраического числового поля). Если (5 - заданное ограниченное звездное тело, то, в принципе, можно указать алгоритм, позволяющий свести задачу отыскания всех критич. решеток тела (5) (а следовательно, и $\Delta(5)$ ) к конечному числу обычных задач на экстремум нек-рых функций нескольких переменных. Однако әтот алгоритм осуществим (при современном состоянии исследований) лишь для выпуклых тел (5) при числе измерений $n \leqslant 4$ (см. [4], с. 185-86, 199-202).

Для неограниченных звездных тел (5. нахождение $\Delta(5)$, вообще говоря, значительно сложнее; это показывает я в ле н и е из о л я ц и и однородных аріфметич. минимумов, состоящее в следующем. Пусть $F$ лучевая функция в $\mathbb{R}^{n}$ и пусть на множестве $\mathscr{L}$ всех решеток $\Lambda$ задана величина

\[
\mu(\Lambda)=\mu(F, \Lambda)=m(F, \Lambda) /\{d(\Lambda)\}^{1 / n} .
\]

Множество $M(F)$ возможных значений $\mu(\Lambda)$ для всех $\Lambda \in \mathscr{L}_{\text {наз. с п е к т р о м М а р к о в а лучевой функ- }}$ ции $F$. Говорят, что для $F$ имеет место я в ле н і е и з о л я ц и и, если множество $M(F)$ имеет изолированные точкі. Множество $M(F)$ лежит на промежутке $(0, \gamma(F)]$. Если звездное тело $5_{F}, F(x)&lt;1$, огрангчено, тo

\[
M(F)=(0, \gamma(F)]
\]

Поэтому явленіе изоляции возможно лішь для неограниченных звездных тел (см. [4], гл. 10). Напболее исследован случай $n=2$

\[
F_{0}(x)=\left|x_{1} x_{2}\right|^{1 / 2}
\]

То, что здесь возникает явление пзоляции, впервые заметили (см. [14]) А. Н. Коркин и Е. И. Золотарев (и это был вообще первый пример явления изоляціи). А. А. Марковым (1879, см. [14]) доказано, что часть спектра $M\left(F_{0}\right)$, лежащая правее $\sqrt[4]{4 / 9}$, дискретна; она имеет вид

\[
\left\{\left(\frac{9}{4}-\frac{1}{Q_{k}}\right)^{-1 / 4}, k=1,2, \ldots\right\},
\]

где $Q_{k}-$ возрастающая последовательность целых положительных чисел, обладающих тем свойством, что найдутся целые числа $R_{k}, S_{k}$, удовлетворяющие условию

\[
Q_{k}^{2}+R_{k}^{2}+S_{k}^{2}=3 Q_{k} R_{k} S_{k}
\]

каждой точке спектра (5) («спектр Маркова» в узком смысле) отвечает единственная, с точностью до автоморфизмов (4), решетка $\Lambda_{k}$. Неопределенная форма $\varphi_{k}=$

![](https://cdn.mathpix.com/cropped/2023_07_08_f17e9a6c4d3f139616afg-1.jpg?height=45&amp;width=831&amp;top_left_y=2012&amp;top_left_x=989)
а последовательность $\varphi_{1}, \varphi_{2}, \ldots$ наз. ц е по ч к о й М а р к о в а. Известно также, что левее нек-рого числа $\mu_{0}=\mu_{0}\left(F_{0}\right)$ спектр $M\left(F_{0}\right)$ совпадает с отрезком $\left[0, \mu_{0}\right]$. Явление изоляции можно описать в терминах допустимых решеток (см. [9], с. 50), что несколько обобщает это понятие.

Н е о дн о родн а я п р о б е м а охватывает неоднородные диофантовы задачи, играющие большую роль в теории чисел, она составляет важный раздел Г. ч. Пусть $F$ - лучевая функция в $\mathbb{R}^{n}, \Lambda$ - решетка определителя $d(\Lambda)$ в $\mathbb{R}^{n}$ и $x_{0}-$ действительная точка в $\mathbb{R}^{n}$. Рассматриваотся величины

\[
\begin{gathered}
l\left(x_{0}\right)=l\left(F, \Lambda ; x_{0}\right)=\inf _{x \equiv x_{0}(\Lambda)} F(x), \\
l=l(F, \Lambda)=\sup _{x_{0} \in \mathbb{R}^{n}} l\left(F, \Lambda ; x_{0}\right),
\end{gathered}
\]

где точная нижняя граница берется по всем точкам вида $x+a, a \in \Lambda$, а точная верхняя граница берется по всем точкам $x_{0} \in \mathbb{R}^{n}$. Величина $l(F, \Lambda)$ наз. н е о дно родным а р и фметичес ким миним у м о м функциіг $F$ в решетке $\Lambda$; при этом «минимум» может и не достигаться. $l(F, \Lambda)$ есть точная нижняя граница действительных чисел $\lambda&gt;0$, обладающих следующим свойством: расположение $\left\{\lambda \varsigma_{F}, \Lambda\right\}$ множества $\lambda \varsigma_{F}$, где $\varsigma_{F}$ удовлетворяет условию $F(x)&lt;1$, по решетке $\Lambda$ является покрытием, т. е.

\[
\bigcup_{a \in \Lambda}\left(\lambda \omega_{F}+a\right)=\mathbb{R}^{n} .
\]

Для лучевой функции $F$ рассматриваются аналоги постоянной Эрмита:

\[
\begin{aligned}
&amp; \sigma(F)=\inf _{\Lambda} l(F, \Lambda) /\{d(\Lambda)\}^{1 / n}, \\
&amp; \Sigma(F)=\sup _{\Lambda} l(F, \Lambda) /\{d(\Lambda)\}^{1 / n},
\end{aligned}
\]

где точная нижняя (верхняя) граница берется по всем $n$-мерным решеткам $\Lambda$. Величина $\Sigma(F)$ обычно тривиальна (см. [4], с. $369-70)$ : если множество ( $F_{F}, F(x)&lt;1$, имеет конечный объем, то

\[
\Sigma(F)=-\infty
\]

Однако в одном, представляющем интерес, частном случае функции $F$, с величиной $\Sigma(F)$ связана н е о дно родная проблема Минковского.

$\Gamma$ и по т е з а $\mathbf{M}$ и н к о в с к о г о о произведении неоднородных линейных форм. Пусть

Тогда

\[
F_{n}(x)=\left|x_{1} x_{2} \ldots x_{n}\right|^{1 / n} \text {. }
\]

\[
\Sigma\left(F_{n}\right)=\frac{1}{2} .
\]

Исследования по этой гипотезе и ее аналогам составляют более половины всех исследований по неоднородной проблеме Г. ч. (см. Минковского гипотеза).

В общем случае величина $\sigma(F)$ носит характер более содержательный, чем $\Sigma(F)$. Она тесно связана со значением плотности $\tau\left(\left(_{F}\right)\right.$ экономнейшего решетчатого покрытия телом $\complement_{F}$ (см. [7], [10]). Именно, если $F-$ лучевая функция и множество $\S_{F}$ ограничено, то

\[
\tau\left(\varsigma_{F}\right)=\{\sigma(F)\}^{n} V\left(\varsigma_{F}\right) \text {. }
\]

Важный раздел неоднородной проблематики $\Gamma$. ч. составляют так наз. т е о р е м п е р е н о с а для данной лучевой функции $F$, под к-рыми понимаются неравенства, связывающие неоднородный минимум $l(F, \Lambda)$ с последовательными однородными минимумами $m_{i}(F, \Lambda)$ (или минимумами взаимной функции $F^{*}$ относительно взаимной решетки $\Lambda^{*}$, и т. п.) (см. [4], с. 380-90).

П р и м е р: пусть $F$ - симметричная выпуклая лучевая функция и пусть $F(x)&gt;0$ для $x \neq 0$; тогда для любой решетки $\Lambda$

\[
\frac{1}{2} m_{n}(F, \Lambda) \leqslant l(F, \Lambda) \leqslant \frac{1}{2} \sum_{k=1}^{n} m_{k}(F, \Lambda) .
\]

Имеются обобщения $\Gamma$. ч. на пространства, более общие, чем $\mathbb{R}^{n}$, а также на дискретные множества, более общие, чем $\Lambda$ (см. [15], [10]).

Jum.: [1] M i n k o w s k i H., Geometrie der Zahlen, Lpz.B., 1953; [2] e $\Gamma_{0}$ \% e, Diophantische Approximationen, Lpz.,
$1907 ;$ [3] H a n c o c k H., Development of the Minkowski geo$1907 ;$ [3] H a n c o c k H., Development of the Minkowski geo-
metry of numbers, N. Y., $1939 ;[4] \mathrm{K}$ a c c e л c Д Ж. B. C., Bвeдение в геометрию чисел, пер. с англ., М., $1965 ;$ [5] L e k- k e r k e r k e r C. G., Geometry of numbers, Groningen, 1969; [6] т о т л. Ф., Расположения на плоскости, на сфере и

![](https://cdn.mathpix.com/cropped/2023_07_08_47e6954250953bbe476cg-1.jpg?height=39&amp;width=826&amp;top_left_y=246&amp;top_left_x=986)
Geometrie der Zahlen, Lpz., 1954; [ [9] H l a w k a E., «Jahresber. Dtsch. Math.- Ver.&quot;, 1954, Bd 57, Abt. 1, S. 37-55; [10] $\mathbf{5}$ a p aн о в с к и й Е. П., в кн.: Итоги науки. Алгебра. Топология. Геометрия. 1967, M., 1969, c. 189-225; [11] K o ksm a J. F., Diophantische Approximationen, B., 1936 ; [12] M a c b e a th A. M., 2, p. 139-51; [13] S c h m i d t W .&quot; &quot;Ill. J. Math.&quot;, 1963, v. 7, матем. наук», 1948, т. 3, в. 5, c. 7-51; [15] R o g e r s K., Sw in e r t on-D y er H. P. F., &quot;Trans. Amer. Math. Soc.»,

![](https://cdn.mathpix.com/cropped/2023_07_08_47e6954250953bbe476cg-1.jpg?height=48&amp;width=831&amp;top_left_y=502&amp;top_left_x=994)
поля, последовательно сводяıций все физич. объекты к геометрическим. Построение Г. осуществляется в несколько этапов.

На первом этапе строится единая теория гравитации и әлектромагнетизма на основе общей теории относительности. Основная задача $Г$. на этом этапе в упрощенной постановке состоит в следующем. Пусть задана метрика $g_{i j}$ пространства-времени, к-рая является решением уравнений Эйнштейна

\[
R_{i k}-\frac{1}{2} g_{i k} R=T_{i k}\left(f_{\mu \sigma}, g\right) \text {, }
\]

где $R_{i k}-$ тензор кривизны, $T_{i k}$-тензор энергииимпульса электромагнитного поля в вакууме, $f_{\mu \sigma}-$ тензор электромагнитного поля в вакууме, удовлетворяющий уравнениям Максвелла. Требуется выразить $f_{\mu \sigma}$ через $g_{i k}$. В такой упрощенной постановке задача принципиально решена [1], однако полное ее решение встречает непреодоленные трудности (напр., при учете неэлектромагнитных полей).

На втором этапе строится теория элементарных частиц. Моделью пары взаимодействуюних частиц считается так наз. &quot;ручка&quot;, простейшим видом к-рой является одна из топологич. интерпретаций (см. [2]) максимального аналитич. продолжения III варцщильда поля. Характеристиками элементарной частицы (напр., заряда) в этом случае являются нек-рые интегральные инварианты «ручки». Пространство-время Г.- многосвязное, а первое Бетти число - порядка числа частиц. Вводится понятие $\mathrm{r} \mathrm{e} о \mathrm{H}$ a - сгустка того или иного излучения концентрации достаточной, чтобы соответствующее искривление пространства сделало этот сгусток метастабильным (т. е. существующим долгое время). В Г. предсказываются электромагнитные, нейтринные и гравитационные геоны. Понятие геона является классическим. Считается, что квантовый аналог понятия Г. представляет собой геометродинамич. описание массы элементарных частиц (экспериментально геоны не наблюдались.)

На третьем этапе строится теория сплошных сред, приводящая в общих чертах к тем же результатам, что и в обычной общей теории относительности.

Предполагается, что в Г. должен нарушаться закон сохранения барионного заряда. В качестве конкретного механизма этого нарушения можно рассматривать процесс гравитационного коллапса и последующего испарения черных дыр.

На четвертом этапе делаются попытки построить последовательную квантовую Г. Рассматриваются квантовые фллуктуации метрики, причем указывается, что на расстоянии порядка $\left(\hbar x / c^{3}\right)^{1 / 2} \approx 10^{-33} \mathrm{~cm}(\hbar-$ постоянная Планка, $x-$ постоянная тяготения Эйнштейна, $c$ - скорость света) флуктуации могут существенно изменять топологию пространства и должны соответствовать квантовым әлементарным частицам.

В настоящее время (70-е гг. 20 в.) Г. не является еще последовательно развитой теорией. Особенно затруднительно толкование спинорных полей (а не тензорных): в qастности, нейтринных полей. Многие части Г. не имеют достаточного математич. обоснования. Одной из попыток дать такое обоснование является теория суперпространства [4].

Jum.: [1] R a i n i c h G., &quot;Trans. Amer. Math. Soc.&quot;, 1925, จ. 27, 수 106; [2] у и л е $\mathrm{p}$ Д ж., Гравитация, нейтрино и Вселенная, пер. с англ., М., 1962; [3] у и л е р Д ж., ции и гравитационных коллапс, пер. с англ., М., 1967; [4] 3 е л ьции и гравитационных коллапс, пер. с англ., М., 1967; [4] З е л ьВселенной, М., 1975.

Д. Д. Соколов.</text_orig>
</article>
