<?xml version="1.0" ?>
<article uri="http://libmeta.ru/me/article/1013_NEChETNOE" alphabetic_pos="1013">
  <title>НЕЧЕТНОЕ ЧИСЛО</title>
  <authors/>
  <pages>
    <start>517</start>
    <end>517</end>
  </pages>
  <literature>
    <literature_orig/>
  </literature>
  <formulas_main/>
  <formulas_aux/>
  <relations n="0"/>
  <text>целое число, не делящееся (без остатка) на 2.</text>
  <text_orig>целое число, не делящееся (без остатка) на 2.</text_orig>
</article>
