<?xml version="1.0" ?>
<article uri="http://libmeta.ru/me/article/1014_REGU" alphabetic_pos="1014">
  <title>РЕГУ ЛЯРИЗАЦИЯ</title>
  <authors/>
  <pages>
    <start>468</start>
    <end>468</end>
  </pages>
  <literature>
    <literature_orig/>
  </literature>
  <formulas_main/>
  <formulas_aux/>
  <relations n="0"/>
  <text>использование той или иной формы отбора допустимых решений при построении устойчивых $\kappa$ исходной информации приближенных решений некорректно поставленных задач (см. также Некорректиые задачи и Регуляризации метод).</text>
  <text_orig>использование той или иной формы отбора допустимых решений при построении устойчивых $\kappa$ исходной информации приближенных решений некорректно поставленных задач (см. также Некорректиые задачи и Регуляризации метод).</text_orig>
</article>
