<?xml version="1.0" ?>
<article uri="http://libmeta.ru/me/article/1015_GEOFIZIKI" alphabetic_pos="1015">
  <title>ГЕОФИЗИКИ МАТЕМАТИЧЕСКИЕ ЗАДАЧИ</title>
  <authors/>
  <pages>
    <start>477</start>
    <end>478</end>
  </pages>
  <literature>
    <literature_orig/>
  </literature>
  <formulas_main/>
  <formulas_aux/>
  <relations n="0"/>
  <text>Задачи, возникающие при анализе физич. явлений, изучаемых в связи с исследованиями строения Землиг. В зависимости от природы изучаемых физич. явлений различают следующие виды геофизич. исследований: гравиразведку, основанную на изучении гравитационного поля; магниторазведку, основанную на изучении постоянного магнитного поля; сейсморазведку, основанную на изучении распространения упругих колебаний; әлектроразведку, овнованную на изучении әлектрич. поля постоянного тока или переменного электромагнитного поля; радиометрию, основанную на измерении интенсивности излучения естественной или вызванной радиоактивности горных пород. Измерение полей может производиться на поверхности Земли (наземные методы), в воздухе (аэроразведка) и в скважинах (каротаж скважин) (см. [1]).

Математич. задачи, возникаюпце в гравиразведке и в магниторазведке, схожи. В обоих случаях прямая задача сводится к решению уравнения Пуассона:

\[
\Delta U=\rho(M),
\]

где $u(m)$ - гравитационный или магнитный потенциал, а $\rho(m)$ - избыточная плотность или фиктивные магнитные заряды, определяемые через намагниченность горных пород. Измеряемой величиной является grad $u(m)$, определяющий или изменение ускорения силы тяжести $\overline{\delta g}$, или изменение постоянного магнітного поля Земли. Измерения производятся в различных точках земной поверхности. По этим әкспериментальным данным необходимо определить распределение в Земле функции $\rho(m)$. Прямая задача проста и решение вылисывается в квадратурах. Основная трудность в решении обратной задачи. Здесь широко применяются методы теории гармонич. полей и аналитич. продолжения (см. [2]).

Несколько иной характер имеют задачи, возникающие в электроразведке на постоянном токе. Хотя поле в этом случае потенциально, т. е. электрич. поле $\bar{e}$ выражается через әлектрич. потенциал $u$, однако уравнение для потенциала имеет более сложный вид:

\[
\operatorname{div}[\sigma(M) \operatorname{grad} U]=-\operatorname{div} \bar{j}_{0},
\]

где $\overline{j_{0}}-$ плотность тока заданного источніка, а $\sigma(m)$ распределение удельной ироводимости в Земле. Прямая задача заключается в определении на поверхности Земли электрич. поля для различных моделей строения среды [распределения $\sigma(m)$ ]. В обратной задаче необходимо по измеренному электрич. полю в различных точках земной поверхности найти распределение удельной проводимости $\sigma(m)$.

Еще более сложные задачи возникают в теории электроразведки для методов, использующих переменные электромагнитные поля. В этих методах измеряемой величиной являются компоненты переменного электромагнитного поля, расчет к-рых связан с решением уравнений Максвелла для неоднородных сред, т. е. когда коәфффициенты уравнений являются кусочно непрерывными функциями. Обратная задача заключается в определении коэффициентов уравнений по пзвестному әлектромагнитному полю. Здесь возможно несколько различных вариантов измерений. Может измеряться нестационарное поле в одной точке в зависимости от времени (временное зондирование среды) или стационарное поле заданной частоты в зависимости от изменения частоты (частотное зондирование), а также в зависимости от положения точки наблюдения (геометрич. зондирование) (см. [3]).

В сейсморазведке полная постановка задачі заключается в решении уравнения распространения упругіх колебаний с кусочно непрерывными коәффициентами при условии возбуждения точечным взрывом. Решения этой задачи проведены только для простейших моделей строения среды. Однако в связи с тем, что основной измеряемой величиной в сейсморазведке является время прихода отраженных сигналов, в теории ограничиваются приближением геометрич. оптики и решают уравнение әйконала для определения траектории луча и последующим вычислением времени прихода сигнала. Время запаздывания сигнала измеряется в различных точках земной поверхности. Обратная задача заключается в опредетении отражающей границы по известной зависимости времени прихода сигнала от коордінаты точки наблюдения (см. [4]).

Основной целью всех геофізіч. псследований яв.тяется решение обратной задачи, т. е. определение строения среды по измеренным характеристікам поля. Параметры, определяющие строение среды, являются коэффициентами уравнения с частными производными иліг правыми частями этого уравнения, к-рому удовлетворяет поле. Задача отыскания коэффициентов уравнения Iiли правой части уравнения по решению, известному только в нек-рой части пространства, является некорректно поставленной задачей. Поэтому пріг решениі обратных задач геофизики необходімо применение метода регулярізации, развитого А. Н. Тігхоновым (см. [5]).

Основой регуляризациг решенія обратных задач геофізіки является выбор достаточно узкого класса решений, в к-ром задача становится корректной. Этот выбор достигается построением семейства математіч. моделей строения среды, к-рое с одной стороны достаточно полно описывает практич. ситуаціiі, с другой стороны определяется небольшим числом параметров моделіг. В построении таких семейств математич. моделей с учетом конкретных реализаций различных методов геофизич. псследований и в зависимости от целей, стоящіх перед этими исследованиями, а также в разработке эффективных алгоритмов решения прямых задач для этих моделей и заключается основная математіч. проблема пріг решеніи обратных задач геофизикі.

Есліг семейство математич. моделей построено и алгорітм решения прямой задачи известен, то общая формулировка обратной задачи будет следующей. Пусть $\boldsymbol{p}=\left\{p_{1}, p_{2}, \ldots, p_{n}\right\}-$ параметры модели, причем $\boldsymbol{p} \in P$, где $p$ - множество допустімых значений параметров модели. Измеряемая на практике характеристика поля $u(x, \boldsymbol{p})$ в зависимости от переменной $x$ и параметров моделі $\boldsymbol{p}$ может быть рассчитана с помощью известного алгоритма прямой задачіг:

\[
U(x, \boldsymbol{p})=A_{x}[\boldsymbol{p}]
\]

где $a_{x}-$ в общем случае нелинейный оператор, зависящий от переменной $x$ как от параметра. Если $u_{э}(x)$ - эксперіментально полученная характеристика поля, то решением обратной задачи будет $\boldsymbol{p}=\boldsymbol{p}_{\mathrm{min}}$, на от $u_{\ni}(x)$, т. $\mathrm{e}$.

\[
\min _{\boldsymbol{p} \in P}\left\|U(x, \boldsymbol{p})-\boldsymbol{U}_{\boldsymbol{3}}(x)\right\|_{\boldsymbol{U}}
\]

где $c^{*}$ пространство характеристик поля. Обычно берут среднеквадратич. норму (см. [6]).

В геофизич. исследованиях основными являются два типа моделей строения среды: полупространство c лока.тьными неоднородностями (используется при аналігзе результатов методов разведочной геофизикі, направленных на обнаружение неоднородностей в земной коре, напр. в рудной геофизике); слоистое полупространство, когда параметры среды изменяются только по глубине (используется при решении структурных задач геофизики).

Дальнейшее развитие математич. моделей в геофизике шло путем усложнения указанных двух типов с целью более полного описания практич. ситуаций. Напр., локальные неоднородности в слоистом полупространстве Iлii слоистая среда с переменной толщиной слоев и т. п. Решение даже прямых задач для таких сложных моделей строения среды стало возможным только с внедренгем Эвм. При әтом широко используются конечноразностные методы, метод интегральных уравнений и ироекциониые методы. Разработка эффективных алгоритмов решения прямых задач геофизики позволила проводить более точную количественную интерпретацию данных наблюдений. Проведен болышой цикл расчетов прямых задач для различных семейств математич. моделей. На этой основе изданы альбомы палеток характеристик полей, с помощью к-рых решаются обратные задачи методом подбора (см. [7]). Все большее развитие получают системы автоматизированной обработки и интерпретации экспериментальных данных с помощью Эвм.

Лum.: [1] Ф е д ы н с к и й В. В.. Разведочная геофизика, М., 1964; [2] М а ло в и ч к о А. К., Методы аналитического продолжения аномалий силы тяжести и их приложения к задачам гравиразведки, М., 1956; [3] Д м и т р и е в В. И., Электромагнитные поля в неоднородных средах, М., 1969; [4] Вопросы динамической теории распространения сейсмических волн, сб. 3, [j.], 1959; [5] Т и х о н о в А. Н., &quot;докл. Ан Ссср», 1963 , т. 153 , № 1 , с. $49-52$; [6] Л а в р е н т в е в М. М., О некоторых некорректных задачах математической физики, Новосиб̈., 1962; [7] Т и х он о в А. Н., &quot;докл. Ан Ссср», 1943 т. 39 , №5, с. 195-98; [8] Н о в и к о в П. С., там же, 1938, т. 18 c. $165-68 ;[9]$ т и х о н о в А. Н., там же, 1949, т. $69, \mathcal{N}$; 6 , 797-800: [10] е г о же , “ж. вычисл. матем. и матем. физики», 1965 , т. 5, № 3, с. 545-48.</text>
  <text_orig>Задачи, возникающие при анализе физич. явлений, изучаемых в связи с исследованиями строения Землиг. В зависимости от природы изучаемых физич. явлений различают следующие виды геофизич. исследований: гравиразведку, основанную на изучении гравитационного поля; магниторазведку, основанную на изучении постоянного магнитного поля; сейсморазведку, основанную на изучении распространения упругих колебаний; әлектроразведку, овнованную на изучении әлектрич. поля постоянного тока или переменного электромагнитного поля; радиометрию, основанную на измерении интенсивности излучения естественной или вызванной радиоактивности горных пород. Измерение полей может производиться на поверхности Земли (наземные методы), в воздухе (аэроразведка) и в скважинах (каротаж скважин) (см. [1]).

Математич. задачи, возникаюпце в гравиразведке и в магниторазведке, схожи. В обоих случаях прямая задача сводится к решению уравнения Пуассона:

\[
\Delta U=\rho(M),
\]

где $U(M)$ - гравитационный или магнитный потенциал, а $\rho(M)$ - избыточная плотность или фиктивные магнитные заряды, определяемые через намагниченность горных пород. Измеряемой величиной является grad $U(M)$, определяющий или изменение ускорения силы тяжести $\overline{\Delta g}$, или изменение постоянного магнітного поля Земли. Измерения производятся в различных точках земной поверхности. По этим әкспериментальным данным необходимо определить распределение в Земле функции $\rho(M)$. Прямая задача проста и решение вылисывается в квадратурах. Основная трудность в решении обратной задачи. Здесь широко применяются методы теории гармонич. полей и аналитич. продолжения (см. [2]).

Несколько иной характер имеют задачи, возникающие в электроразведке на постоянном токе. Хотя поле в этом случае потенциально, т. е. электрич. поле $\bar{E}$ выражается через әлектрич. потенциал $U$, однако уравнение для потенциала имеет более сложный вид:

\[
\operatorname{div}[\sigma(M) \operatorname{grad} U]=-\operatorname{div} \bar{j}_{0},
\]

где $\overline{j_{0}}-$ плотность тока заданного источніка, а $\sigma(M)$ распределение удельной ироводимости в Земле. Прямая задача заключается в определении на поверхности Земли электрич. поля для различных моделей строения среды [распределения $\sigma(M)$ ]. В обратной задаче необходимо по измеренному электрич. полю в различных точках земной поверхности найти распределение удельной проводимости $\sigma(M)$.

Еще более сложные задачи возникают в теории электроразведки для методов, использующих переменные электромагнитные поля. В этих методах измеряемой величиной являются компоненты переменного электромагнитного поля, расчет к-рых связан с решением уравнений Максвелла для неоднородных сред, т. е. когда коәфффициенты уравнений являются кусочно непрерывными функциями. Обратная задача заключается в определении коэффициентов уравнений по пзвестному әлектромагнитному полю. Здесь возможно несколько различных вариантов измерений. Может измеряться нестационарное поле в одной точке в зависимости от времени (временное зондирование среды) или стационарное поле заданной частоты в зависимости от изменения частоты (частотное зондирование), а также в зависимости от положения точки наблюдения (геометрич. зондирование) (см. [3]).

В сейсморазведке полная постановка задачі заключается в решении уравнения распространения упругіх колебаний с кусочно непрерывными коәффициентами при условии возбуждения точечным взрывом. Решения этой задачи проведены только для простейших моделей строения среды. Однако в связи с тем, что основной измеряемой величиной в сейсморазведке является время прихода отраженных сигналов, в теории ограничиваются приближением геометрич. оптики и решают уравнение әйконала для определения траектории луча и последующим вычислением времени прихода сигнала. Время запаздывания сигнала измеряется в различных точках земной поверхности. Обратная задача заключается в опредетении отражающей границы по известной зависимости времени прихода сигнала от коордінаты точки наблюдения (см. [4]).

Основной целью всех геофізіч. псследований яв.тяется решение обратной задачи, т. е. определение строения среды по измеренным характеристікам поля. Параметры, определяющие строение среды, являются коэффициентами уравнения с частными производными иліг правыми частями этого уравнения, к-рому удовлетворяет поле. Задача отыскания коэффициентов уравнения IIли правой части уравнения по решению, известному только в нек-рой части пространства, является некорректно поставленной задачей. Поэтому пріг решениі обратных задач геофизики необходімо применение метода регулярізации, развитого А. Н. Тігхоновым (см. [5]).

Основой регуляризациг решенія обратных задач геофізіки является выбор достаточно узкого класса решений, в к-ром задача становится корректной. Этот выбор достигается построением семейства математіч. моделей строения среды, к-рое с одной стороны достаточно полно описывает практич. ситуаціIі, с другой стороны определяется небольшим числом параметров моделіг. В построении таких семейств математич. моделей с учетом конкретных реализаций различных методов геофизич. псследований и в зависимости от целей, стоящіх перед этими исследованиями, а также в разработке эффективных алгоритмов решения прямых задач для этих моделей и заключается основная математіч. проблема пріг решеніи обратных задач геофизикі.

Есліг семейство математич. моделей построено и алгорітм решения прямой задачи известен, то общая формулировка обратной задачи будет следующей. Пусть $\boldsymbol{p}=\left\{p_{1}, p_{2}, \ldots, p_{n}\right\}-$ параметры модели, причем $\boldsymbol{p} \in P$, где $P$ - множество допустімых значений параметров модели. Измеряемая на практике характеристика поля $U(x, \boldsymbol{p})$ в зависимости от переменной $x$ и параметров моделі $\boldsymbol{p}$ может быть рассчитана с помощью известного алгоритма прямой задачіг:

\[
U(x, \boldsymbol{p})=A_{x}[\boldsymbol{p}]
\]

где $A_{x}-$ в общем случае нелинейный оператор, зависящий от переменной $x$ как от параметра. Если $U_{э}(x)$ - эксперіментально полученная характеристика поля, то решением обратной задачи будет $\boldsymbol{p}=\boldsymbol{p}_{\mathrm{min}}$, на от $U_{\ni}(x)$, т. $\mathrm{e}$.

\[
\min _{\boldsymbol{p} \in P}\left\|U(x, \boldsymbol{p})-\boldsymbol{U}_{\boldsymbol{3}}(x)\right\|_{\boldsymbol{U}}
\]

где $C^{*}$ пространство характеристик поля. Обычно берут среднеквадратич. норму (см. [6]).

В геофизич. исследованиях основными являются два типа моделей строения среды: полупространство c лока.тьными неоднородностями (используется при аналігзе результатов методов разведочной геофизикі, направленных на обнаружение неоднородностей в земной коре, напр. в рудной геофизике); слоистое полупространство, когда параметры среды изменяются только по глубине (используется при решении структурных задач геофизики).

Дальнейшее развитие математич. моделей в геофизике шло путем усложнения указанных двух типов с целью более полного описания практич. ситуаций. Напр., локальные неоднородности в слоистом полупространстве IлII слоистая среда с переменной толщиной слоев и т. п. Решение даже прямых задач для таких сложных моделей строения среды стало возможным только с внедренгем ЭВМ. При әтом широко используются конечноразностные методы, метод интегральных уравнений и ироекциониые методы. Разработка эффективных алгоритмов решения прямых задач геофизики позволила проводить более точную количественную интерпретацию данных наблюдений. Проведен болышой цикл расчетов прямых задач для различных семейств математич. моделей. На этой основе изданы альбомы палеток характеристик полей, с помощью к-рых решаются обратные задачи методом подбора (см. [7]). Все большее развитие получают системы автоматизированной обработки и интерпретации экспериментальных данных с помощью ЭВМ.

Лum.: [1] Ф е д ы н с к и й В. В.. Разведочная геофизика, М., 1964; [2] М а ло в и ч к о А. К., Методы аналитического продолжения аномалий силы тяжести и их приложения к задачам гравиразведки, М., 1956; [3] Д м и т р и е в В. И., Электромагнитные поля в неоднородных средах, М., 1969; [4] Вопросы динамической теории распространения сейсмических волн, сб. 3, [J.], 1959; [5] Т и х о н о в А. Н., &quot;Докл. АН СССР», 1963 , т. 153 , № 1 , с. $49-52$; [6] Л а в р е н т в е в М. М., О некоторых некорректных задачах математической физики, Новосиб̈., 1962; [7] Т и х он о в А. Н., &quot;Докл. АН СССР», 1943 т. 39 , №5, с. 195-98; [8] Н о в и к о в П. С., там же, 1938, т. 18 c. $165-68 ;[9]$ т и х о н о в А. Н., там же, 1949, т. $69, \mathcal{N}$; 6 , 797-800: [10] е г о же , “Ж. вычисл. матем. и матем. физики», 1965 , т. 5, № 3, с. 545-48.</text_orig>
</article>
