<?xml version="1.0" ?>
<article uri="http://libmeta.ru/me/article/1015_REGULJaRNAJa" alphabetic_pos="1015">
  <title>РЕГУЛЯРНАЯ ГРАНИЧНАЯ ТОЧКА</title>
  <authors/>
  <pages>
    <start>468</start>
    <end>468</end>
  </pages>
  <literature>
    <literature_orig/>
  </literature>
  <formulas_main/>
  <formulas_aux/>
  <relations n="0"/>
  <text>точка $y_{0}$ границы $\gamma$ области $d$ евклидова пространства $\mathbb{r}^{n}$, $n \geqslant 2$, в к-рой для любой непрерывной на $\gamma$ функции $f(y)$ обобщенное решение $u(x)$ Дирихле задачи в смысле Винера - Перрона (см. Перрона метод) принимает граничное значение $f\left(y_{0}\right)$, то есть

\[
\lim _{x \rightarrow y_{0}, x \in D} u(x)=f\left(y_{0}\right) .
\]

P. г. т. для области $d$ образуют множество $r$, в точках к-рого дополнение $c D=\mathbb{R} n \backslash D$ не является разреженным множеством; множество $\gamma \backslash R$ ирреәулярных араничных точек есть полярное множество типа $f_{\sigma}$. Если все точки $\gamma$ суть Р. г. т., то область $d$ наз. р ег у л я р н о й относительно задачи Дирихле.

Для того чтобы точка $y_{0} \in \Gamma$ была Р. Г. т., необходимо и достаточно, чтобы в пересечении $u_{0}=u \cap D$ области $d$ с нек-рой окрестностью $u$ точки $y_{0}$ существовал барьер, т. е. супергармонич. функция $\omega(x)&gt;0$ в $u_{0}$ та-

![](https://cdn.mathpix.com/cropped/2023_07_08_f59f2bd261b8fd8756c4g-1.jpg?height=40&amp;width=811&amp;top_left_y=1563&amp;top_left_x=140)
б е г а). А. Лебег (h. Lebesgue, 1912) впервые показал, что при $n \geqslant 3$ вершина достаточно острого входящего в $d$ острия может не быть P. г. т.

Пусть

\[
E_{k}=\left\{x \in C D: 2^{-k} \leqslant\left|x-y_{0}\right| \leqslant 2^{-k+1}\right\}
\]

$c_{k}=c\left(e_{k}\right)$ - емкость $e_{k}$. Для того чтобы точка $y_{0} \in \Gamma$ была Р.г.т., необходимо и достаточно, чтобы расходился ряд

\[
\sum_{k=1}^{\infty} 2^{k(n-2)} c_{k}, n \geqslant 3
\]

или при $n=2$ ряд

\[
\sum_{k=1}^{\infty} 2^{k} c_{k}
\]

причем здесь

\[
E_{k}=\left\{x \in C D: 2^{k} \leqslant \ln \frac{1}{\left|x-y_{0}\right|} \leqslant 2^{k+1}\right\}
\]

(к р и т е р и й В и не р а).

При $n=2$ точка $y_{0} \in \Gamma$ является Р. г. т., если существует непрерывный путь $x(t), 0 \leqslant t \leqslant 1$, такой, что $x(1)=y_{0}, x(t) \in C D$ при $0 \leqslant t&lt;1$. При $n \geqslant 3$ точка $y_{0} \in \Gamma$ является Р. г.т., если ее можно коснуться вершиной прямого кругового конуса, принадлежацего $c D$ в достаточно малой окрестности $y_{0}$. В случае области $d$ компактифицированного пространства $\overline{\mathbb{r}} n, n \geqslant 3$, бесконечно удаленная точка $\infty \in \Gamma$ всегда является Р. г. т.; при $n=2$ бесконечно удаленная точка $\infty \in \Gamma$ является P. г. т., если существует непрерывный путь $x(t), 0 \leqslant t&lt;1$, такой, что $x(t) \in C D$ при $0 \leqslant t&lt;1$ и $\lim _{t \rightarrow 1-0} x(t)=\infty$.

См. также Иррегулярная граничная точка.

Лит.: [1] К е Ј Д ы Ii М. В., &quot;успехи матем. наук&quot;, 1941, в. 8, с. 171-232; [2] Л а н Д к о Ф Н. С., Основы современной теории потенциала, М., 1966; [3] Х е и ма н У., К е н н ед и П., Субгармонические функции, пер. с англ., М. М., 1980.</text>
  <text_orig>точка $y_{0}$ границы $\Gamma$ области $D$ евклидова пространства $\mathbb{R}^{n}$, $n \geqslant 2$, в к-рой для любой непрерывной на $\Gamma$ функции $f(y)$ обобщенное решение $u(x)$ Дирихле задачи в смысле Винера - Перрона (см. Перрона метод) принимает граничное значение $f\left(y_{0}\right)$, то есть

\[
\lim _{x \rightarrow y_{0}, x \in D} u(x)=f\left(y_{0}\right) .
\]

P. г. т. для области $D$ образуют множество $R$, в точках к-рого дополнение $C D=\mathbb{R} n \backslash D$ не является разреженным множеством; множество $\Gamma \backslash R$ ирреәулярных араничных точек есть полярное множество типа $F_{\sigma}$. Если все точки $\Gamma$ суть Р. г. т., то область $D$ наз. р ег у л я р н о й относительно задачи Дирихле.

Для того чтобы точка $y_{0} \in \Gamma$ была Р. Г. т., необходимо и достаточно, чтобы в пересечении $U_{0}=U \cap D$ области $D$ с нек-рой окрестностью $U$ точки $y_{0}$ существовал барьер, т. е. супергармонич. функция $\omega(x)&gt;0$ в $U_{0}$ та-

![](https://cdn.mathpix.com/cropped/2023_07_08_f59f2bd261b8fd8756c4g-1.jpg?height=40&amp;width=811&amp;top_left_y=1563&amp;top_left_x=140)
б е г а). А. Лебег (H. Lebesgue, 1912) впервые показал, что при $n \geqslant 3$ вершина достаточно острого входящего в $D$ острия может не быть P. г. т.

Пусть

\[
E_{k}=\left\{x \in C D: 2^{-k} \leqslant\left|x-y_{0}\right| \leqslant 2^{-k+1}\right\}
\]

$c_{k}=C\left(E_{k}\right)$ - емкость $E_{k}$. Для того чтобы точка $y_{0} \in \Gamma$ была Р.г.т., необходимо и достаточно, чтобы расходился ряд

\[
\sum_{k=1}^{\infty} 2^{k(n-2)} c_{k}, n \geqslant 3
\]

или при $n=2$ ряд

\[
\sum_{k=1}^{\infty} 2^{k} c_{k}
\]

причем здесь

\[
E_{k}=\left\{x \in C D: 2^{k} \leqslant \ln \frac{1}{\left|x-y_{0}\right|} \leqslant 2^{k+1}\right\}
\]

(к р и т е р и й В и не р а).

При $n=2$ точка $y_{0} \in \Gamma$ является Р. г. т., если существует непрерывный путь $x(t), 0 \leqslant t \leqslant 1$, такой, что $x(1)=y_{0}, x(t) \in C D$ при $0 \leqslant t&lt;1$. При $n \geqslant 3$ точка $y_{0} \in \Gamma$ является Р. г.т., если ее можно коснуться вершиной прямого кругового конуса, принадлежацего $C D$ в достаточно малой окрестности $y_{0}$. В случае области $D$ компактифицированного пространства $\overline{\mathbb{R}} n, n \geqslant 3$, бесконечно удаленная точка $\infty \in \Gamma$ всегда является Р. г. т.; при $n=2$ бесконечно удаленная точка $\infty \in \Gamma$ является P. г. т., если существует непрерывный путь $x(t), 0 \leqslant t&lt;1$, такой, что $x(t) \in C D$ при $0 \leqslant t&lt;1$ и $\lim _{t \rightarrow 1-0} x(t)=\infty$.

См. также Иррегулярная граничная точка.

Лит.: [1] К е Ј Д ы II М. В., &quot;Успехи матем. наук&quot;, 1941, в. 8, с. 171-232; [2] Л а н Д к о Ф Н. С., Основы современной теории потенциала, М., 1966; [3] Х е и ма н У., К е н н ед и П., Субгармонические функции, пер. с англ., М. М., 1980.</text_orig>
</article>
