<?xml version="1.0" ?>
<article uri="http://libmeta.ru/me/article/1015_IIARL'E" alphabetic_pos="1015">
  <title>IIАРЛЬЕ РАСПРЕДЕЛЕНИЕ</title>
  <authors/>
  <pages>
    <start>442</start>
    <end>442</end>
  </pages>
  <literature>
    <literature_orig/>
  </literature>
  <formulas_main/>
  <formulas_aux/>
  <relations n="0"/>
  <text>малоупотребительное название распределения, плотность к-рого дается Грама - Uiарлье рлдом.</text>
  <text_orig>малоупотребительное название распределения, плотность к-рого дается Грама - UIарлье рлдом.</text_orig>
</article>
