<?xml version="1.0" ?>
<article uri="http://libmeta.ru/me/article/1016_GERGLOTTsA" alphabetic_pos="1016">
  <title>ГЕРГЛОТЦА ФОРМУЈА</title>
  <authors/>
  <pages>
    <start>478</start>
    <end>478</end>
  </pages>
  <literature>
    <literature_orig/>
  </literature>
  <formulas_main/>
  <formulas_aux/>
  <relations n="0"/>
  <text>интегральное соотношение, устанав лив ающее связь между двумя замкнутыми изометричными ориентируемыми регулярными поверхностями. Пусть на поверхностях $s_{1}$ и $s_{2}$ введены локальные координаты $u$ и $v$ так, что по их равенству устанавливается отображение изометрии. Пусть:

\[
d s^{2}=E d u^{2}+2 F d u d v+G d v^{2}
\]

- общая для $s_{\alpha}, \alpha=1,2$, первая квадратичная форма, $k$ - гауссова кривизна, $h_{\alpha}-$ средние кривизны и

\[
\sqrt{E G-F^{2}}\left(\lambda_{\alpha} d u^{2}+2 \mu_{\alpha} d u d v+v_{\alpha} d v^{2}\right)
\]

- вторые квадратичные формы поверхностей $s_{\alpha}$. Тогда Г. ф. имеет вид:

$\int_{s_{1}}\left|\begin{array}{ll}\lambda_{2}-\lambda_{1} &amp; \mu_{2}-\mu_{1} \\ \mu_{2}-\mu_{1} &amp; v_{2}-v_{1}\end{array}\right|(\boldsymbol{n}, x) d \tau=\int_{S_{2}} H_{2} d \tau-\int_{S_{1}} I_{1} d \tau$, где $\boldsymbol{x}=\boldsymbol{x}(u, v)-$ радиус-вектор поверхности $s_{1}, \boldsymbol{n}$ единичный вектор нормали к $s_{1}, d \tau-$ элемент площади. Получена Г. Герглотцем [1].

Лum.: [1] H e r g l o t z G., &quot;abh. math. Semin. Univ. Hamburg», 1943 , Bd 15, S. 127-29; [2] Е ф и м о в Н. В., &quot;успехи матем. наук&quot;, 1948, т. 3, в. 2(24), с. 47-158. Е. В. Шикин.</text>
  <text_orig>интегральное соотношение, устанав лив ающее связь между двумя замкнутыми изометричными ориентируемыми регулярными поверхностями. Пусть на поверхностях $S_{1}$ и $S_{2}$ введены локальные координаты $u$ и $v$ так, что по их равенству устанавливается отображение изометрии. Пусть:

\[
d s^{2}=E d u^{2}+2 F d u d v+G d v^{2}
\]

- общая для $S_{\alpha}, \alpha=1,2$, первая квадратичная форма, $K$ - гауссова кривизна, $H_{\alpha}-$ средние кривизны и

\[
\sqrt{E G-F^{2}}\left(\lambda_{\alpha} d u^{2}+2 \mu_{\alpha} d u d v+v_{\alpha} d v^{2}\right)
\]

- вторые квадратичные формы поверхностей $S_{\alpha}$. Тогда Г. ф. имеет вид:

$\int_{S_{1}}\left|\begin{array}{ll}\lambda_{2}-\lambda_{1} &amp; \mu_{2}-\mu_{1} \\ \mu_{2}-\mu_{1} &amp; v_{2}-v_{1}\end{array}\right|(\boldsymbol{n}, x) d \tau=\int_{S_{2}} H_{2} d \tau-\int_{S_{1}} I_{1} d \tau$, где $\boldsymbol{x}=\boldsymbol{x}(u, v)-$ радиус-вектор поверхности $S_{1}, \boldsymbol{n}$ единичный вектор нормали к $S_{1}, d \tau-$ элемент площади. Получена Г. Герглотцем [1].

Лum.: [1] H e r g l o t z G., &quot;Abh. math. Semin. Univ. Hamburg», 1943 , Bd 15, S. 127-29; [2] Е ф и м о в Н. В., &quot;Успехи матем. наук&quot;, 1948, т. 3, в. 2(24), с. 47-158. Е. В. Шикин.</text_orig>
</article>
