<?xml version="1.0" ?>
<article uri="http://libmeta.ru/me/article/1017_KOMPLEKSNOE" alphabetic_pos="1017">
  <title>КОМПЛЕКСНОЕ ПРОСТРАНСТВО</title>
  <authors/>
  <pages>
    <start>505</start>
    <end>505</end>
  </pages>
  <literature>
    <literature_orig/>
  </literature>
  <formulas_main/>
  <formulas_aux/>
  <relations n="0"/>
  <text>к о м п л е к-

![](https://cdn.mathpix.com/cropped/2023_07_08_1064c328688be59e8eb0g-1.jpg?height=37&amp;width=833&amp;top_left_y=892&amp;top_left_x=122)
в о, - аналитическое пространство над полем комплексных чисел. Наиболее простым и употребительным К. п. является числовое комплексное пространство $\mathbb{c}^{n}$, точками, или элементами, к-рого являются всевозможные $n$-строки $z=\left(z_{1}, \ldots, z_{n}\right), z^{\prime}=\left(z_{1}^{\prime}, \ldots, z_{n}^{\prime}\right), \ldots$, cocтавленные из произвольных комплексных чисел $z_{v}=$ $=x_{v}+i y_{v}, \quad z_{v}^{\prime}=x_{v}^{\prime}+i y_{v}^{\prime}, \quad v=1,2, \ldots, n$. К. п. $\mathbb{c}^{n}$ есть векторное пространство над полем комплексных чисел $\mathbb{c}$ с операциями сложения

\[
z+z^{\prime}=\left(z_{1}+z_{1}^{\prime}, \ldots, z_{n}+z_{n}^{\prime}\right)
\]

и умножения на число $\lambda \in \mathbb{C}$

\[
\lambda z=\left(\lambda z_{1}, \ldots, \lambda z_{n}\right)
\]

а также метрическое пространство с евклидовой метрикой

\[
\begin{gathered}
\rho\left(z, z^{\prime}\right)=\left|z-z^{\prime}\right|=\sqrt{\sum_{v=1}^{n}\left|z_{v}-z_{v}^{\prime}\right|^{2}}= \\
=\sqrt{\sum_{v=1}^{n}\left(x_{v}-x_{v}^{\prime}\right)^{2}+\left(y_{v}-y_{v}^{\prime}\right)^{2}} .
\end{gathered}
\]

Иначе говоря, К. П. $\mathbb{c}^{n}$ получается в результате комплексификации числового действительного пространства $\mathbb{r}^{2 n}$. К. П. $\mathbb{c}^{n}$ есть топологич. произведение $n$ комплексных плоскостей $\mathbb{c}^{1}=\mathbb{c}, \mathbb{C} n=\mathbb{C} \times \ldots \times \mathbb{C}$.

лит .: [1] Iii а б а т Б. В., Введение в комплексный анализ, 2 изд., М., 1976 ; [2] Б у р 6 а к и Н., Общая топология. Топологические группы. Числа и связанные с ними группы и пространства, пер. с франц., М., $1969 . \quad$ Е. Д. Соломенцев.</text>
  <text_orig>к о м п л е к-

![](https://cdn.mathpix.com/cropped/2023_07_08_1064c328688be59e8eb0g-1.jpg?height=37&amp;width=833&amp;top_left_y=892&amp;top_left_x=122)
в о, - аналитическое пространство над полем комплексных чисел. Наиболее простым и употребительным К. п. является числовое комплексное пространство $\mathbb{C}^{n}$, точками, или элементами, к-рого являются всевозможные $n$-строки $z=\left(z_{1}, \ldots, z_{n}\right), z^{\prime}=\left(z_{1}^{\prime}, \ldots, z_{n}^{\prime}\right), \ldots$, cocтавленные из произвольных комплексных чисел $z_{v}=$ $=x_{v}+i y_{v}, \quad z_{v}^{\prime}=x_{v}^{\prime}+i y_{v}^{\prime}, \quad v=1,2, \ldots, n$. К. п. $\mathbb{C}^{n}$ есть векторное пространство над полем комплексных чисел $\mathbb{C}$ с операциями сложения

\[
z+z^{\prime}=\left(z_{1}+z_{1}^{\prime}, \ldots, z_{n}+z_{n}^{\prime}\right)
\]

и умножения на число $\lambda \in \mathbb{C}$

\[
\lambda z=\left(\lambda z_{1}, \ldots, \lambda z_{n}\right)
\]

а также метрическое пространство с евклидовой метрикой

\[
\begin{gathered}
\rho\left(z, z^{\prime}\right)=\left|z-z^{\prime}\right|=\sqrt{\sum_{v=1}^{n}\left|z_{v}-z_{v}^{\prime}\right|^{2}}= \\
=\sqrt{\sum_{v=1}^{n}\left(x_{v}-x_{v}^{\prime}\right)^{2}+\left(y_{v}-y_{v}^{\prime}\right)^{2}} .
\end{gathered}
\]

Иначе говоря, К. П. $\mathbb{C}^{n}$ получается в результате комплексификации числового действительного пространства $\mathbb{R}^{2 n}$. К. П. $\mathbb{C}^{n}$ есть топологич. произведение $n$ комплексных плоскостей $\mathbb{C}^{1}=\mathbb{C}, \mathbb{C} n=\mathbb{C} \times \ldots \times \mathbb{C}$.

лит .: [1] III а б а т Б. В., Введение в комплексный анализ, 2 изд., М., 1976 ; [2] Б у р 6 а к и Н., Общая топология. Топологические группы. Числа и связанные с ними группы и пространства, пер. с франц., М., $1969 . \quad$ Е. Д. Соломенцев.</text_orig>
</article>
