<?xml version="1.0" ?>
<article uri="http://libmeta.ru/me/article/1018_KOMPLLKSNOE" alphabetic_pos="1018">
  <title>КОМПЛЛКСНОЕ ЧИСЛО</title>
  <authors/>
  <pages>
    <start>505</start>
    <end>507</end>
  </pages>
  <literature>
    <literature_orig/>
  </literature>
  <formulas_main/>
  <formulas_aux/>
  <relations n="0"/>
  <text>число вида $z=x+i y$, где $x$ и $y$-действительные числа, а $i=\sqrt{-1}$ - так наз. м н и м а я е д и н и а, т. е. число, квадрат к-рого равен -1 (в технической литературе применяется также обозначение $j=\sqrt{-1}) ; x$ наз. д е й с т в ит е л ь н о й, или в е щ е с т в е н н о й, частью К.ч. $z$, a $y$ - его м н и м о й ч а с т ь ю (обозначения $x=\operatorname{re} z, \quad y=\operatorname{Im} z)$. Действительные числа - частный случай К.ч. при $y=0 ;$ К. ч., не являющиеся действительными, т. е. такие, что $y \neq 0$, иногда наз. м н и м ы м и ч и с л а ми. В приведенных терминах, в основном традиционного происхождения, нашел свое отражение сложныи исторический процесс развития понятия $\mathbf{k}$. ч. Алгебраическая природа $k$. ч. состоит в том, что К. ч. есть элемент (алгебраического) расширения $\mathbb{c}$ поля действительных чисел $\mathbb{r}$, получаемого алгебраич. присоединением к полю $\mathbb{r}$ корня $i$ многочлена $x^{2}+1$. Получающееся таким путем поле $\mathbb{c}$ наз. п о л е м к о м п л е к с н ы х ч и с е л. Наиболее важное свойство поля $\mathbb{c}$ состоит в том, что оно алгебраически замкнуто, т. е. любой многочлен с коэффициентами из $\mathbb{c}$ разлагается на линейные множители. Иначе это свойство алгебраич. замкнутости выражается в том, что любой многочлен степени $n \geqslant 1$ с коэффициентами из $\mathbb{c}$ имеет в $\mathbb{c}$ по крайней мере один корень (т е о р е м а Д'а л а м б е р а $-\Gamma$ а у с с a).

Фактическое построение поля $\mathbb{c}$ осуществляется следующим образом. В качестве элементов $z=(x, y)$, $z^{\prime}=\left(x^{\prime}, y^{\prime}\right), \ldots$, или ко м п ле к с ны х ч и с е л, принимаются точки $(x, y),\left(x^{\prime}, y^{\prime}\right), \ldots$, плоскости $\mathbb{r}^{2}$ c декартовыми прямоугольными координатами $x$ и $y$, $x^{\prime}$ и $y^{\prime}, \ldots$, причем с у м м о й К. ч. $z=(x, y)$ и $z^{\prime}=$ $=\left(x^{\prime}, y^{\prime}\right)$ наз. К. ч. $\left(x+x^{\prime}, y+y^{\prime}\right)$, т. е.

\[
z+z^{\prime}=(x, y)+\left(x^{\prime}, y^{\prime}\right)=\left(x+x^{\prime}, y+y^{\prime}\right) \text {, }
\]

а п о и звед ением этих К.ч. наз. К.ч. $\left(x x^{\prime}-y y^{\prime}, x y^{\prime}+x^{\prime} y\right)$, т. е.

$z z^{\prime}=(x, y)\left(x^{\prime}, y^{\prime}\right)=\left(x x^{\prime}-y y^{\prime}, x y^{\prime}+x^{\prime} y\right)$.

Нулевой элемент $0=(0,0)$ совпадает с началом координат, К. ч. $(1,0)$ есть едіница поля $\mathbb{c}$.

Плоскость $\mathbb{r}^{2}$, точки к-рой отождествлены с элементами поля $\mathbb{c}$, наз. к о м п л е к с н о й п л о с к ос т ь ю. Действительные числа $x, x^{\prime}, \ldots$ отождествляются при этом с точками $(x, 0),\left(x^{\prime}, 0\right), \ldots$ оси абсцисс, к-рая применительно к плоскости $\mathbb{c}$ наз. д е й с т в ит е л ь н о й, и л и в е ще с т в е н н о й, о с ью. Точки $(0, y)=i y,\left(0, y^{\prime}\right)=i y^{\prime}, \ldots$ располагаются на оси ординат, называемой на комплексной плоскости $\mathbb{c}$ м н и м о й о с ь ю; числа вида $i y, i y^{\prime}, \ldots$ наз. ч и с т о м н и м ы м и. Это представление элементов $z, z^{\prime}, \ldots$ поля $\mathbb{c}$, пли $\mathfrak{k}$. ч., в виде точек комплексной плоскости с правилами действий (1) и (2) равносильно указанной выше наиболее употребительной форме записи К. ч.: $z=(x, y)=x+i y, z^{\prime}=\left(x^{\prime}, y^{\prime}\right)=x^{\prime}+i y^{\prime}, \ldots$

называемой также а л г е б р а и ч е с к о й, или д ек а р т о в о й, ф о р м о й записи К. ч. Применительно к алгебраич. форме правила (1) и (2) сводятся к простому условию, что все действия с $к$. ч. выполняются как с многочленами с учетом свойства мнимой единицы: $i \cdot i=i^{2}=-1$.

К. ч. $z=(x, y)=x+i y$ и $\bar{z}=(x,-y)=x-i y$ наз. с о п р яже н ны ми, на плоскости $\mathbb{c}$ они располагаются симметрично относительно действительной оси. Сумма и произведение сопряженных К. ч. суть действительные числа:

\[
z+\bar{z}=2 \operatorname{Re} z, \quad z \bar{z}=|z|^{2}
\]

где $|z|=r=\sqrt{x^{2}+y^{2}}$ наз. м о д у л е м, или а б с олютно й величин о й, К.ч. $z$.

Всегда

\[
|| z|-| z^{\prime}|| \leqslant\left|z+z^{\prime}\right| \leqslant|z|+\left|z^{\prime}\right| .
\]

К. ч. $z$ отлично от 0 тогда и только тогда, когда $|z|&gt;0$. Отображение $z \rightarrow \bar{z}$ есть автоморфизм комплексной плоскости порядка 2 (т. е. $\bar{z} \rightarrow \overline{\bar{z}}=z$ ), оставляющий на месте все точки действительной оси. При этом $\overline{z+z^{\prime}}=\bar{z}+\bar{z}^{\prime}$, $\overline{z z^{\prime}}=\bar{z} \bar{z}^{\prime}$

Операции сложения и умножения (1) и (2) коммутативны и ассоциативны, связаны соотнотением дистрибутивности и для них существуют обратные действия в Ы ч и т а н и я и д е л е н и я (кроме деления на нуль), записываемые в алгебраич. форме следующим образом:

\[
\begin{gathered}
z-z^{\prime}=(x+i y)-\left(x^{\prime}+i y^{\prime}\right)=\left(x-x^{\prime}\right)+i\left(y-y^{\prime}\right), \\
\frac{z^{\prime}}{z}=\frac{x^{\prime}+i y^{\prime}}{x+i y}=\frac{z^{\prime} \bar{z}}{|z|^{2}}=\frac{x x^{\prime}+y y^{\prime}}{x^{2}+y^{2}}+i \frac{y x^{\prime}-x y^{\prime}}{x^{2}+y^{2}}, z \neq 0 .
\end{gathered}
\] Деление К. ч. $z^{\prime}$ на К. ч. $z \neq 0$ сводится, таким образом, К умножению $z^{\prime}$ на К.ч.

\[
\frac{\bar{z}}{|z|^{2}}=\frac{x}{x^{2}+y^{2}}-i \frac{y}{x^{2}+y^{2}} \text {. }
\]

На важный вопрос о том, является ли построенное расширение $\mathbb{c}$ поля действительных чисел с указанными выше правилами действий единственно возможным или же мыслимы существенно иные варианты, дает ответ т е о ре м а е д и н с т в е н н о с т и: всякое (алгебраическое) расширение поля $\mathbb{r}$, получающееся из $\mathbb{r}$ присоединением корня $i$ уравнения $x^{2}+1=$ $=0$, изоморфно $\mathbb{c}$, т. е. с требованием алгебраич. присоединения корня $i$ совместимы только указанные выше правила действий с К. ч. Этому факту, однако, не противоречит наличие других интерпретаций К.ч., отличных от истолкования К. ч. как точек комплексной плоскости. Наиболее часто в приложения х используются следующие две интерпретации.

Век торная ин те р прет а ц ия. К. ч. $z=$ $=x+i y$ можно отождествить с вектором $(x, y)$ с координатами $x$ и $y$, приложенным в начале координат (см. рис.). При такой интерпретации сложение и вычитание К. ч. производится по правилам сложения и вычитания векторов. Однако умножение и деление К. ч., совершаемые необходимо по формулам (2) и (3), не имеют непосредственных аналогов в векторной алгебре (см. $[4],[5])$. Векторная интерпретация $к$. ч. непосредственно применяется, напр., в әлектротехнике для изображения переменных синусоидальных токов и напряжений.

М а т ричная ин те р прет ация. К. ч. $w=$ $=u+i v$ можно отождествить с матрицей второго порядка специального вида

\[
w=\left\|\begin{array}{rr}
u &amp; v \\
-v &amp; u
\end{array}\right\|
\]

причем действия сложения, вычитания и умножения выполняются по обычным правилам матричной алгебры.

Применяя полярные координаты на комплексной плоскости $\mathbb{c}$, т. е. радиус-вектор $r=|z|$ и поляр-

![](https://cdn.mathpix.com/cropped/2023_07_08_31a58213cba94d631b99g-1.jpg?height=327&amp;width=357&amp;top_left_y=1412&amp;top_left_x=119)
ный угол $\varphi=\operatorname{arg} z$, называемый здесь а р г у м е н т о м К. ч. $z$ (иногда также ф а30 й, или а м п ли т у д о й, К. ч. $z$, получают т р и г он о м е т р и ч е с к у ю, или п о л я р ную, фо р му К.ч.: $z=r(\cos \varphi+i \sin \varphi)$,

$r \cos \varphi=\operatorname{Re} z, r \sin \varphi=\operatorname{Im} z$

Аргумент $\varphi=\operatorname{arg} z$ является многозначной действительной функцией К.ч. $z \neq 0$, значения к-рой для данного $z$ отличаются одно от другого на целое кратное $2 \pi$; аргумент К. ч. $z=0$ не определен. Обычно используется г л а в о о зна ч е н и а р гуме н т а $\varphi=\arg z, \quad$ определяемое дополнительным условием $-\pi&lt;\arg z \leqslant \pi . \quad Э$ йлера форлулы $e^{ \pm i \varphi}=\cos \varphi \pm i \sin \varphi$ преобразуют тригонометрич. форму (4) в по к а 3 атель н у ю фо р м у К. ч.:

\[
z=r e^{i \varphi} \text {. }
\]

Формы (4) п (5) особенно удобны для выполнения умножения и деления К. ч.:

\[
z z^{\prime}=r r^{\prime}\left[\cos \left(\varphi+\varphi^{\prime}\right)+i \sin \left(\varphi+\varphi^{\prime}\right)\right]=r r^{\prime} e^{i\left(\varphi+\varphi^{\prime}\right)},
\]

$\frac{z^{\prime}}{z}=\frac{r^{\prime}}{r}\left[\cos \left(\varphi^{\prime}-\varphi\right)+i \sin \left(\varphi^{\prime}-\varphi\right)\right]=\frac{r^{\prime}}{r} e^{i\left(\varphi-\varphi^{\prime}\right)}, r&gt;0$.

При умножении (делении) К. ч. модули перемножаются (модуль делимого делится на модуль делителя) а ар- гументы складываются (из аргумента делимого вычитается аргумент делителя). Возведение в степень К. ч. и извлечение корня из К. ч. производятся по так наз. Ф о р м у л а м м у а в р а:

\[
\begin{gathered}
z^{n}=r^{n}(\cos n \varphi+i \sin n \varphi)=r^{n} e^{i n \varphi}, \\
\sqrt[n]{z}=\sqrt[n]{r}\left(\cos \frac{\varphi+2 k \pi}{n}+i \sin \frac{\varphi+2 k \pi}{n}\right)= \\
=\sqrt[n]{r} e^{i \frac{\varphi+2 k \pi}{n}}, k=0,1, \ldots, n-1,
\end{gathered}
\]

причем первая из них применшма и для целых отрицательных показателей n. Геометрически умножение К. ч. $z$ на К. ч. $z^{\prime}=r^{\prime} e^{i \varphi^{\prime}}$ сводится к повороту вектора $z$ на угол $\varphi^{\prime}$ (против часовой стрелки при $\varphi^{\prime}&gt;0$ ) и последующему изменению его длины в $\left|z^{\prime}\right|=r^{\prime}$ раз; в частности, умножение на К. ч. $z^{\prime}=e^{i \varphi^{\prime}}$, по модулю равное единице, есть не что иное как поворот на угол $\varphi^{\prime}$. Таким образом, К. ч. могут быть истолкованы и как операторы специального вида (аффиноры). В связи с этим иногда удобна смешанная векторно-матричная интерпретация умножения $\mathfrak{k}$. ч.:

\[
(x, y) \cdot\left\|\begin{array}{rr}
u &amp; v \\
-v &amp; u
\end{array}\right\|=(x u-y v, x v+y u)
\]

при к-рой множимое трактуется как матрица-вектор, а множитель - как матрица-оператор.

Биективное отображение $(x, y) \rightarrow x+i y$ переносит в поле $\mathfrak{k}$. ч. $\mathbb{c}$ топологию двумерного действительного числового пространства $\mathbb{r}^{2}$, эта топология согласуется со структурой поля $\mathbb{c}$ и, таким образом, $\mathbb{c}$ есть топологическое тело. Модуль $|z|$ есть евклидова норма К. ч. $z=(x, y)$, и поле $\mathbb{c}$, наделенное этой нормой, есть комплексное одномерное евклидово пространство, называемое также П ло с к о с т ь ю К о П Л е к с но г п е р е м е н н о го $\mathbb{c}$. Топологич. произведение $\mathbb{c}^{n}=$ $=\mathbb{c} \times \ldots \times \mathbb{C}(n$ раз, $n \geqslant 1)$ есть комплексное $n$-мерное евклидово пространство. Вследствие алгебраич. замкнутости поля $k$. ч. $\mathbb{c}$, изучение функций и математич. анализ вообще приобретают должную полноту и заковченность только при рассмотрении поведения функций в комплексной области. В частности, даже поведение таких элементарных функций, как $z^{n}, \cos z, \sin z, e^{z}$, может быть правильно понято только при условии их рассмотрения как функций комплексного переменного (см. Аналитическая бункчия).

Впервые, по-видимому, мнимые величины появились в известном труде «великое искусство, или об алгебраических правилах&quot; Дж. Кардано (g. Cardano, 1545), к-рый счел их бесполезными, непригодными к употреблению. Пользу мнимых величин, в частности при решении кубического уравнения в так наз. неприводимом случає (когда действительные корни выражаются через кубические корни из мнимых величин) впервые оценил P. Бомбелли (r. Bombelli, 1572). Он же дал нек-рые простейшие правила действий с К.. Вообще, выражения вида $a+b \sqrt{-1}, b \neq 0$, появляющиеся при решении квадратных и кубических уравнений, стали называть в 16-17 вв. «мнимыми». Однако даже для многих крупных ученых 17 в. алгебраич. и геометрич. сущность мнимых величин представлялась неясной и даже загадочной и мистической. Известно, напр., что И. Ньютон (i. Newton) не включал мнимые величины в понятие числа, а Г. Лейбницу (g. Leibniz) принадлежит фраза: «мнимые числа - это прекрасноө і чудесное убежище божественного духа, почти что амфибия бытия с небытием».

Задача о выражении корней степени $n$ из данного числа была в основном решена в работах А. Муавра (a. de Moivre, 1707, 1724) и P, Котеса (r. Cotes, 1722). Символ $i=\sqrt{-1}$ предложил Л. Эйлер (l. Euler, 1777, опубл. 1794). Он же высказал в 1751 мысль об алгебраич. замкнутости поля $\mathbb{c}$, к такому же выводу пришел Ж. Д'аламбер (j. D'alembert, 1747), но первое строгое доказательство этого факта принадлежит K. Гаусcy (c. Gauss, 1799). Он же ввел в употребление термин «к. ч.» в 1831. Полное геометрич. истолкование $\mathfrak{k}$. ч. и действий над ними появилось впервые в работе K. Весселя (c. Wessel, 1799). Геометрич. представление К. ч., иногда называемое &quot;диаграммой Аргана&quot;, вошло в обіход после опубликования в 1806 и 1814 работы Ж. Р. Аргана (j. R. Argand), повторявшей в основном независімо выводы K. Весселя.

Чисто арифметич. теория К. ч. как пар действительных чисел была построена У. Гамильтоном (w. Hamilton, 1837). Ему же принадлежит важное пространственное обобщение $к$. ч. - кватернионы, алгебра к-рых некоммутативна. Вообще, в конце 19 в. было доказано, что всякое расширение понятия числа за пределы појяя К. ч. возможно только при отказе от каких-либо обычных действий (прежде всего коммутативности). См. также Гиперкомплексное число, Двойные и дуальные числа, Кәли число.

Лит.: [1] К у р о ші А. Г., Курс высшей алгебры, 9 изд., М., 1968; [2] К о с т р и к и н А. И., Введение в алгебру, М., 1977; [3] м а р к у шi е в и ч А. И., Теория аналитических Функций, т. 1, 2 изд., М., 1967; [4] Iii а б а т Б. В., Введение в комплексный анализ, ч. 1, 2 изд., М., 1976; [5] Л а в р е н т ье в М. А., Ii а 6 а т Б. В., Проблемы гидродинамики и их математические модели, 2 изд., М., 1977; [6] Г у р в и ц. А.,

![](https://cdn.mathpix.com/cropped/2023_07_08_e87e7482a9d7e2f374a3g-1.jpg?height=38&amp;width=814&amp;top_left_y=982&amp;top_left_x=131)
1949 ; [8] б у р б а к и Н., Общая топология. Топологические

![](https://cdn.mathpix.com/cropped/2023_07_08_e87e7482a9d7e2f374a3g-1.jpg?height=45&amp;width=829&amp;top_left_y=1039&amp;top_left_x=129)</text>
  <text_orig>число вида $z=x+i y$, где $x$ и $y$-действительные числа, а $i=\sqrt{-1}$ - так наз. м н и м а я е д и н и а, т. е. число, квадрат к-рого равен -1 (в технической литературе применяется также обозначение $j=\sqrt{-1}) ; x$ наз. д е й с т в ит е л ь н о й, или в е щ е с т в е н н о й, частью К.ч. $z$, a $y$ - его м н и м о й ч а с т ь ю (обозначения $x=\operatorname{Re} z, \quad y=\operatorname{Im} z)$. Действительные числа - частный случай К.ч. при $y=0 ;$ К. ч., не являющиеся действительными, т. е. такие, что $y \neq 0$, иногда наз. м н и м ы м и ч и с л а ми. В приведенных терминах, в основном традиционного происхождения, нашел свое отражение сложныи исторический процесс развития понятия $\mathbf{K}$. ч. Алгебраическая природа $K$. ч. состоит в том, что К. ч. есть элемент (алгебраического) расширения $\mathbb{C}$ поля действительных чисел $\mathbb{R}$, получаемого алгебраич. присоединением к полю $\mathbb{R}$ корня $i$ многочлена $X^{2}+1$. Получающееся таким путем поле $\mathbb{C}$ наз. п о л е м к о м п л е к с н ы х ч и с е л. Наиболее важное свойство поля $\mathbb{C}$ состоит в том, что оно алгебраически замкнуто, т. е. любой многочлен с коэффициентами из $\mathbb{C}$ разлагается на линейные множители. Иначе это свойство алгебраич. замкнутости выражается в том, что любой многочлен степени $n \geqslant 1$ с коэффициентами из $\mathbb{C}$ имеет в $\mathbb{C}$ по крайней мере один корень (т е о р е м а Д'А л а м б е р а $-\Gamma$ а у с с a).

Фактическое построение поля $\mathbb{C}$ осуществляется следующим образом. В качестве элементов $z=(x, y)$, $z^{\prime}=\left(x^{\prime}, y^{\prime}\right), \ldots$, или ко м п ле к с ны х ч и с е л, принимаются точки $(x, y),\left(x^{\prime}, y^{\prime}\right), \ldots$, плоскости $\mathbb{R}^{2}$ c декартовыми прямоугольными координатами $x$ и $y$, $x^{\prime}$ и $y^{\prime}, \ldots$, причем с у м м о й К. ч. $z=(x, y)$ и $z^{\prime}=$ $=\left(x^{\prime}, y^{\prime}\right)$ наз. К. ч. $\left(x+x^{\prime}, y+y^{\prime}\right)$, т. е.

\[
z+z^{\prime}=(x, y)+\left(x^{\prime}, y^{\prime}\right)=\left(x+x^{\prime}, y+y^{\prime}\right) \text {, }
\]

а п о и звед ением этих К.ч. наз. К.ч. $\left(x x^{\prime}-y y^{\prime}, x y^{\prime}+x^{\prime} y\right)$, т. е.

$z z^{\prime}=(x, y)\left(x^{\prime}, y^{\prime}\right)=\left(x x^{\prime}-y y^{\prime}, x y^{\prime}+x^{\prime} y\right)$.

Нулевой элемент $0=(0,0)$ совпадает с началом координат, К. ч. $(1,0)$ есть едіница поля $\mathbb{C}$.

Плоскость $\mathbb{R}^{2}$, точки к-рой отождествлены с элементами поля $\mathbb{C}$, наз. к о м п л е к с н о й п л о с к ос т ь ю. Действительные числа $x, x^{\prime}, \ldots$ отождествляются при этом с точками $(x, 0),\left(x^{\prime}, 0\right), \ldots$ оси абсцисс, к-рая применительно к плоскости $\mathbb{C}$ наз. д е й с т в ит е л ь н о й, и л и в е ще с т в е н н о й, о с ью. Точки $(0, y)=i y,\left(0, y^{\prime}\right)=i y^{\prime}, \ldots$ располагаются на оси ординат, называемой на комплексной плоскости $\mathbb{C}$ м н и м о й о с ь ю; числа вида $i y, i y^{\prime}, \ldots$ наз. ч и с т о м н и м ы м и. Это представление элементов $z, z^{\prime}, \ldots$ поля $\mathbb{C}$, пли $\mathfrak{K}$. ч., в виде точек комплексной плоскости с правилами действий (1) и (2) равносильно указанной выше наиболее употребительной форме записи К. ч.: $z=(x, y)=x+i y, z^{\prime}=\left(x^{\prime}, y^{\prime}\right)=x^{\prime}+i y^{\prime}, \ldots$

называемой также а л г е б р а и ч е с к о й, или д ек а р т о в о й, ф о р м о й записи К. ч. Применительно к алгебраич. форме правила (1) и (2) сводятся к простому условию, что все действия с $К$. ч. выполняются как с многочленами с учетом свойства мнимой единицы: $i \cdot i=i^{2}=-1$.

К. ч. $z=(x, y)=x+i y$ и $\bar{z}=(x,-y)=x-i y$ наз. с о п р яже н ны ми, на плоскости $\mathbb{C}$ они располагаются симметрично относительно действительной оси. Сумма и произведение сопряженных К. ч. суть действительные числа:

\[
z+\bar{z}=2 \operatorname{Re} z, \quad z \bar{z}=|z|^{2}
\]

где $|z|=r=\sqrt{x^{2}+y^{2}}$ наз. м о д у л е м, или а б с олютно й величин о й, К.ч. $z$.

Всегда

\[
|| z|-| z^{\prime}|| \leqslant\left|z+z^{\prime}\right| \leqslant|z|+\left|z^{\prime}\right| .
\]

К. ч. $z$ отлично от 0 тогда и только тогда, когда $|z|&gt;0$. Отображение $z \rightarrow \bar{z}$ есть автоморфизм комплексной плоскости порядка 2 (т. е. $\bar{z} \rightarrow \overline{\bar{z}}=z$ ), оставляющий на месте все точки действительной оси. При этом $\overline{z+z^{\prime}}=\bar{z}+\bar{z}^{\prime}$, $\overline{z z^{\prime}}=\bar{z} \bar{z}^{\prime}$

Операции сложения и умножения (1) и (2) коммутативны и ассоциативны, связаны соотнотением дистрибутивности и для них существуют обратные действия в Ы ч и т а н и я и д е л е н и я (кроме деления на нуль), записываемые в алгебраич. форме следующим образом:

\[
\begin{gathered}
z-z^{\prime}=(x+i y)-\left(x^{\prime}+i y^{\prime}\right)=\left(x-x^{\prime}\right)+i\left(y-y^{\prime}\right), \\
\frac{z^{\prime}}{z}=\frac{x^{\prime}+i y^{\prime}}{x+i y}=\frac{z^{\prime} \bar{z}}{|z|^{2}}=\frac{x x^{\prime}+y y^{\prime}}{x^{2}+y^{2}}+i \frac{y x^{\prime}-x y^{\prime}}{x^{2}+y^{2}}, z \neq 0 .
\end{gathered}
\] Деление К. ч. $z^{\prime}$ на К. ч. $z \neq 0$ сводится, таким образом, К умножению $z^{\prime}$ на К.ч.

\[
\frac{\bar{z}}{|z|^{2}}=\frac{x}{x^{2}+y^{2}}-i \frac{y}{x^{2}+y^{2}} \text {. }
\]

На важный вопрос о том, является ли построенное расширение $\mathbb{C}$ поля действительных чисел с указанными выше правилами действий единственно возможным или же мыслимы существенно иные варианты, дает ответ т е о ре м а е д и н с т в е н н о с т и: всякое (алгебраическое) расширение поля $\mathbb{R}$, получающееся из $\mathbb{R}$ присоединением корня $i$ уравнения $X^{2}+1=$ $=0$, изоморфно $\mathbb{C}$, т. е. с требованием алгебраич. присоединения корня $i$ совместимы только указанные выше правила действий с К. ч. Этому факту, однако, не противоречит наличие других интерпретаций К.ч., отличных от истолкования К. ч. как точек комплексной плоскости. Наиболее часто в приложения х используются следующие две интерпретации.

Век торная ин те р прет а ц ия. К. ч. $z=$ $=x+i y$ можно отождествить с вектором $(x, y)$ с координатами $x$ и $y$, приложенным в начале координат (см. рис.). При такой интерпретации сложение и вычитание К. ч. производится по правилам сложения и вычитания векторов. Однако умножение и деление К. ч., совершаемые необходимо по формулам (2) и (3), не имеют непосредственных аналогов в векторной алгебре (см. $[4],[5])$. Векторная интерпретация $К$. ч. непосредственно применяется, напр., в әлектротехнике для изображения переменных синусоидальных токов и напряжений.

М а т ричная ин те р прет ация. К. ч. $w=$ $=u+i v$ можно отождествить с матрицей второго порядка специального вида

\[
w=\left\|\begin{array}{rr}
u &amp; v \\
-v &amp; u
\end{array}\right\|
\]

причем действия сложения, вычитания и умножения выполняются по обычным правилам матричной алгебры.

Применяя полярные координаты на комплексной плоскости $\mathbb{C}$, т. е. радиус-вектор $r=|z|$ и поляр-

![](https://cdn.mathpix.com/cropped/2023_07_08_31a58213cba94d631b99g-1.jpg?height=327&amp;width=357&amp;top_left_y=1412&amp;top_left_x=119)
ный угол $\varphi=\operatorname{Arg} z$, называемый здесь а р г у м е н т о м К. ч. $z$ (иногда также ф а30 й, или а м п ли т у д о й, К. ч. $z$, получают т р и г он о м е т р и ч е с к у ю, или п о л я р ную, фо р му К.ч.: $z=r(\cos \varphi+i \sin \varphi)$,

$r \cos \varphi=\operatorname{Re} z, r \sin \varphi=\operatorname{Im} z$

Аргумент $\varphi=\operatorname{Arg} z$ является многозначной действительной функцией К.ч. $z \neq 0$, значения к-рой для данного $z$ отличаются одно от другого на целое кратное $2 \pi$; аргумент К. ч. $z=0$ не определен. Обычно используется г л а в о о зна ч е н и а р гуме н т а $\varphi=\arg z, \quad$ определяемое дополнительным условием $-\pi&lt;\arg z \leqslant \pi . \quad Э$ йлера форлулы $e^{ \pm i \varphi}=\cos \varphi \pm i \sin \varphi$ преобразуют тригонометрич. форму (4) в по к а 3 атель н у ю фо р м у К. ч.:

\[
z=r e^{i \varphi} \text {. }
\]

Формы (4) п (5) особенно удобны для выполнения умножения и деления К. ч.:

\[
z z^{\prime}=r r^{\prime}\left[\cos \left(\varphi+\varphi^{\prime}\right)+i \sin \left(\varphi+\varphi^{\prime}\right)\right]=r r^{\prime} e^{i\left(\varphi+\varphi^{\prime}\right)},
\]

$\frac{z^{\prime}}{z}=\frac{r^{\prime}}{r}\left[\cos \left(\varphi^{\prime}-\varphi\right)+i \sin \left(\varphi^{\prime}-\varphi\right)\right]=\frac{r^{\prime}}{r} e^{i\left(\varphi-\varphi^{\prime}\right)}, r&gt;0$.

При умножении (делении) К. ч. модули перемножаются (модуль делимого делится на модуль делителя) а ар- гументы складываются (из аргумента делимого вычитается аргумент делителя). Возведение в степень К. ч. и извлечение корня из К. ч. производятся по так наз. Ф о р м у л а м м у а в р а:

\[
\begin{gathered}
z^{n}=r^{n}(\cos n \varphi+i \sin n \varphi)=r^{n} e^{i n \varphi}, \\
\sqrt[n]{z}=\sqrt[n]{r}\left(\cos \frac{\varphi+2 k \pi}{n}+i \sin \frac{\varphi+2 k \pi}{n}\right)= \\
=\sqrt[n]{r} e^{i \frac{\varphi+2 k \pi}{n}}, k=0,1, \ldots, n-1,
\end{gathered}
\]

причем первая из них применшма и для целых отрицательных показателей n. Геометрически умножение К. ч. $z$ на К. ч. $z^{\prime}=r^{\prime} e^{i \varphi^{\prime}}$ сводится к повороту вектора $z$ на угол $\varphi^{\prime}$ (против часовой стрелки при $\varphi^{\prime}&gt;0$ ) и последующему изменению его длины в $\left|z^{\prime}\right|=r^{\prime}$ раз; в частности, умножение на К. ч. $z^{\prime}=e^{i \varphi^{\prime}}$, по модулю равное единице, есть не что иное как поворот на угол $\varphi^{\prime}$. Таким образом, К. ч. могут быть истолкованы и как операторы специального вида (аффиноры). В связи с этим иногда удобна смешанная векторно-матричная интерпретация умножения $\mathfrak{K}$. ч.:

\[
(x, y) \cdot\left\|\begin{array}{rr}
u &amp; v \\
-v &amp; u
\end{array}\right\|=(x u-y v, x v+y u)
\]

при к-рой множимое трактуется как матрица-вектор, а множитель - как матрица-оператор.

Биективное отображение $(x, y) \rightarrow x+i y$ переносит в поле $\mathfrak{K}$. ч. $\mathbb{C}$ топологию двумерного действительного числового пространства $\mathbb{R}^{2}$, эта топология согласуется со структурой поля $\mathbb{C}$ и, таким образом, $\mathbb{C}$ есть топологическое тело. Модуль $|z|$ есть евклидова норма К. ч. $z=(x, y)$, и поле $\mathbb{C}$, наделенное этой нормой, есть комплексное одномерное евклидово пространство, называемое также П ло с к о с т ь ю К о П Л е к с но г п е р е м е н н о го $\mathbb{C}$. Топологич. произведение $\mathbb{C}^{n}=$ $=\mathbb{C} \times \ldots \times \mathbb{C}(n$ раз, $n \geqslant 1)$ есть комплексное $n$-мерное евклидово пространство. Вследствие алгебраич. замкнутости поля $K$. ч. $\mathbb{C}$, изучение функций и математич. анализ вообще приобретают должную полноту и заковченность только при рассмотрении поведения функций в комплексной области. В частности, даже поведение таких элементарных функций, как $z^{n}, \cos z, \sin z, e^{z}$, может быть правильно понято только при условии их рассмотрения как функций комплексного переменного (см. Аналитическая бункчия).

Впервые, по-видимому, мнимые величины появились в известном труде «Великое искусство, или об алгебраических правилах&quot; Дж. Кардано (G. Cardano, 1545), к-рый счел их бесполезными, непригодными к употреблению. Пользу мнимых величин, в частности при решении кубического уравнения в так наз. неприводимом случає (когда действительные корни выражаются через кубические корни из мнимых величин) впервые оценил P. Бомбелли (R. Bombelli, 1572). Он же дал нек-рые простейшие правила действий с К.. Вообще, выражения вида $a+b \sqrt{-1}, b \neq 0$, появляющиеся при решении квадратных и кубических уравнений, стали называть в 16-17 вв. «мнимыми». Однако даже для многих крупных ученых 17 в. алгебраич. и геометрич. сущность мнимых величин представлялась неясной и даже загадочной и мистической. Известно, напр., что И. Ньютон (I. Newton) не включал мнимые величины в понятие числа, а Г. Лейбницу (G. Leibniz) принадлежит фраза: «Мнимые числа - это прекрасноө і чудесное убежище божественного духа, почти что амфибия бытия с небытием».

Задача о выражении корней степени $n$ из данного числа была в основном решена в работах А. Муавра (A. de Moivre, 1707, 1724) и P, Котеса (R. Cotes, 1722). Символ $i=\sqrt{-1}$ предложил Л. Эйлер (L. Euler, 1777, опубл. 1794). Он же высказал в 1751 мысль об алгебраич. замкнутости поля $\mathbb{C}$, к такому же выводу пришел Ж. Д'Аламбер (J. D'Alembert, 1747), но первое строгое доказательство этого факта принадлежит K. Гаусcy (C. Gauss, 1799). Он же ввел в употребление термин «К. ч.» в 1831. Полное геометрич. истолкование $\mathfrak{K}$. ч. и действий над ними появилось впервые в работе K. Весселя (C. Wessel, 1799). Геометрич. представление К. ч., иногда называемое &quot;диаграммой Аргана&quot;, вошло в обіход после опубликования в 1806 и 1814 работы Ж. Р. Аргана (J. R. Argand), повторявшей в основном независімо выводы K. Весселя.

Чисто арифметич. теория К. ч. как пар действительных чисел была построена У. Гамильтоном (W. Hamilton, 1837). Ему же принадлежит важное пространственное обобщение $К$. ч. - кватернионы, алгебра к-рых некоммутативна. Вообще, в конце 19 в. было доказано, что всякое расширение понятия числа за пределы поЈяя К. ч. возможно только при отказе от каких-либо обычных действий (прежде всего коммутативности). См. также Гиперкомплексное число, Двойные и дуальные числа, Кәли число.

Лит.: [1] К у р о ші А. Г., Курс высшей алгебры, 9 изд., М., 1968; [2] К о с т р и к и н А. И., Введение в алгебру, М., 1977; [3] м а р к у шI е в и ч А. И., Теория аналитических Функций, т. 1, 2 изд., М., 1967; [4] III а б а т Б. В., Введение в комплексный анализ, ч. 1, 2 изд., М., 1976; [5] Л а в р е н т ье в М. А., II а 6 а т Б. В., Проблемы гидродинамики и их математические модели, 2 изд., М., 1977; [6] Г у р в и ц. А.,

![](https://cdn.mathpix.com/cropped/2023_07_08_e87e7482a9d7e2f374a3g-1.jpg?height=38&amp;width=814&amp;top_left_y=982&amp;top_left_x=131)
1949 ; [8] б у р б а к и Н., Общая топология. Топологические

![](https://cdn.mathpix.com/cropped/2023_07_08_e87e7482a9d7e2f374a3g-1.jpg?height=45&amp;width=829&amp;top_left_y=1039&amp;top_left_x=129)</text_orig>
</article>
