<?xml version="1.0" ?>
<article uri="http://libmeta.ru/me/article/1019_REGULJaRNAJa" alphabetic_pos="1019">
  <title>РЕГУЛЯРНАЯ ПОЛУ ГРУППА</title>
  <authors/>
  <pages>
    <start>469</start>
    <end>470</end>
  </pages>
  <literature>
    <literature_orig/>
  </literature>
  <formulas_main/>
  <formulas_aux/>
  <relations n="0"/>
  <text>полугруппа, каждый элемент к-рой регулярен.

Произвольная Р. п. $s$ содержит идемпотенты (см. Регулярный элемент), и строение $s$ в значительной степени определяется «строением» и &quot;расположением» в $s$ множества всех ее идемпотентов $e(s)$. Р. п. с единственным идемпотентом - это в точности группы. На $e(s)$ прежде всего можно смотреть как на частично упорядоченное множество относительно естественного частичного порядка (см. Идемпотент); известны структурные теоремы, описывающие Р. п. $s$ с нек-рыми естественными ограничениями на множество $e(s)$. Одно из таких ограничений (для полугрупп с нулем) состоит в том, что все ненулевые идемпотенты примитивны (см. Вполне простая полугруппа); полугруппа с этим свойством наз. п р и м и т и в н о й. Следующие условия для полугруппы $s$ әквивалентны: а) $s$ есть примитивная Р. п., б) $s$ есть Р. п., равная объединению своих 0-минимальных (см. Минимальный идеал) правых идеалов, в) $s$ есть 0 -прямое объединение вполне 0-простых полугрупп. Описано строение Р. п., у к-рых $e(s)$ есть цепь, упорядоченная по типу отрицательных целых чисел [2].

Более информативный взгляд на $e(s)$ состоит в рассмотрении на этом множестве частичной операции о, заданной следующим образом. Если для $e, f \in E(S)$ хотя бы одно из произведений $e f, f e$ равно одному из әлементов $e, f$, то $e f \in E(S)$; полагают тогда $e \circ f=e f$. Возникающая частичная алгебра может быть охарактеризована аксиомами, использующими два отношения квазипорядка $\omega^{r}$ и $\omega^{l}$, тесно связанные с заданной частичной операцией (реализация этих отношений в $e(s)$ такова: $e \omega^{r} f$ означает $f e=e, e \omega^{l} f$ означает $e f=e$; тогда $\omega^{r} \cap \omega^{l}$ есть отношение естественного частичного порядка на $e(s))$; такая частичная алгебра наз. б иу по р я до ч е нны м мно же с т во м (см. [5]). Произвольная Р. п. может быть определенным образом сконструирована из биупорядоченного множества и групп. Таким образом, в терминах биупорядоченных множеств можно проводить классификацию Р. п. Среди исследованных в этом направлении типов полугрупп - ком б и на то рны е Р. п. (см. [7]), т. е. имеющие лишь одноэлементные подгруппы.

Гомоморфный образ Р. п. будет Р. п. Всякий нормальный комплекс Р. п., являющийся подполугруппой, содержит идемпотент. Произвольная конгруэнция на Р. п. однозначно определяется своими классами, содержащими идемпотенты. Конгруэнция на Р. п. $s$ разделяет идемпотенты тогда и только тогда, когда она содержится в отношении $\mathscr{h}$ (см. Грина отношения эквивалентности); множество таких конгруәнций составляет модулярную подрешетку с нулем и единицей в решетке всех конгруәнций на $s$. Р. п. наз. ф у н д а м е нт а л ь н о й, если эта подрешетка состоит лишь из отношения равенства. Всякая комбинаторная Р. П. будет фундаментальной Фундаментальные Р. П. важны не только как один из более обозримых типов Р. п., но и в силу определенной «универсальности» их класса для Р. п. А именно, для любого биупорядоченного множества $e$ можно канонич. образом сконструировать фундаментальную Р. п. $t_{e}$, для к-рой $e$ будет биупорядоченным множеством всех идемпотентов, причем для любой Р. п. $s$ такой, что $e(s)=e$, существует разделяющий идемпотенты гомоморфизм $\varphi: S \rightarrow T_{E}$, для к-рого $\varphi(s)$ будет подполугруппой в $t_{e}$, содержащей $e$ (о различных конструкциях для $t_{e}$ см. [3], [5], [8], [10]). P. п. $s$ фундаментальна тогда и только тогда, когда гомоморфизм $\varphi$ инъективен.

Если $s-$ Р. п., то подполугруппа $\langle E(S)\rangle$, порожденная всеми ее идемпотентами, также будет Р. п. Подполугруппа $\langle E(S)\rangle$ оказывает существенное влияние на строение $s$. Р. П. идемпотентно порождена тогда и только тогда, когда таков каждый ее главный фактор [10]. В идемпотентно порожденной Р. п. $s$ для произвольного элемента $x$ существует представление $x=$ $=e_{1} e_{2} \ldots e_{n}$, где $e_{i} \in E(S)$ и $e_{i}(\mathscr{l} \bigcup \mathscr{R}) e_{i+1}$ при $i=$ $=1, . ., n-1$ (здесь $\mathscr{l}$ и $\mathscr{r}$ - отношения эквивалентности Грина) (см. [5]). Последовательность идемпотентов $e_{1}, e_{2}, \ldots, e_{n}$ с указанным свойством наз. $e$ - ц еп ь ю. В бипростой идемпотентно порожденной полугруппе любые два идемпотента связаны нек-рой $e$ цепью, и если они сравнимы в смысле естественного частичного порядка, то длина такой цепи $\geqslant 4$.

Если $\langle E(S)\rangle=E(S)$, т. е. произведение любых двух идемпотентов снова есть идемпотент, то Р. п. $s$ наз. о р т о д о к с а л в н о̆̈̈. Класс ортодоксальных полугрупп содержит, в частности, все инверсные полугруппы. Полугруппа ортодоксальна тогда и только тогда, когда каждый ее главный фактор ортодоксален. Имеются структурные теоремы об ортодоксальных полугруппах (см. [4], [9]).

Отношение естественного частичного порядка на $e(s)$ может быть продолжено на Р. п. $s$ следующим образом: $x \leqslant y$, если существуют идемпотенты $e$ и $f$ такие, что $x=e y=y f$. В случае, когда $s$ инверсна, отношение $\leqslant$ превращается в отношение естественного частичного порядка, для произвольной Р. п. оно также наз. отнонением е с т е с т в е н і о г о ч а с т и чв о г о по р я д к а. Отношение $\leqslant$ на Р. п. $s$ corласовано с умножением тогда и только тогда, когда для любого идемпотента $e$ подполугруппа $e S e$ инверсна [6]. Р. п., обладающие таким свойством, наз. п с е вд о и в в е р с ны ми. Более широкий класс составляют п с е в д о о р т о д о к с а ль н ы е полугруппы (для любого идемпотента $e$ подполугруппа $e S e$ ортодоксальна). Для указанных классов полугрупп использовались также термины «локально инверсная» и «локально ортодоксальная». Р. П. наз. е с т е с т в е нн о й, если множество всех ее групповых әлементов (см. Регулярный элемент) есть подполугруппа. Имеются структурные теоремы о псевдоинверсных, псевдоортодоксальных [11] и естественных [12] Р. п.

Многие структурные теоремы о различных типах Р.п. представляют собой (подчас весьма далекие) обобщения и модификации конструкции рисовской полугруппы матричного типа или суммы прямого спектра групп (см. Клифбордова полугруппа), либо оюираются на те или иные представления полугрупп и разложения их в подпрямые произведения (см. [1], [13]). См. также ст. Il олугруппа.

Лит.: [1] К л и ф фо р д А., П р е с т о н Г., Алгебраическая теория полугрупп, пер. с англ., т. 1-2, М., 1972; [2] M u n n W. D., &quot;glasgow Math. J.&quot;, 1968 , v. 9, pt. 1, p. 46-66; [3] C 1 i fж e, «j. pure and appl. algebra», 1976, v. 8, p. 23-50; [5] N a mb o o r i p a d K. S. S., &quot;mem. Amer. Math. Soc..&quot;, 1979, v ${ }^{22}$, v. 23, pt 3, p. 249-60; [7] &quot;n a m b o o r i p a d K. S. S. S., R a j a n A. R., &quot;quart. J. Math.&quot;, 1978, v. 29, № 116, p. 489-504; [8]

![](https://cdn.mathpix.com/cropped/2023_07_08_3792c89db3478732fd5fg-1.jpg?height=42&amp;width=804&amp;top_left_y=2266&amp;top_left_x=987)

![](https://cdn.mathpix.com/cropped/2023_07_08_3792c89db3478732fd5fg-1.jpg?height=47&amp;width=804&amp;top_left_y=2289&amp;top_left_x=987) ![](https://cdn.mathpix.com/cropped/2023_07_08_1db5517fcf5ba5cdd9d7g-1.jpg?height=55&amp;width=821&amp;top_left_y=181&amp;top_left_x=135)
ne R. J., B Kh.: Algebraic theory of semigroups, Amst., 1979, p. 685-720; [13] L a 11 e m e n t G., &quot;semigroup Forum», 1972, v. 4, p. 95-123. Ј. Н. Шеврин.</text>
  <text_orig>полугруппа, каждый элемент к-рой регулярен.

Произвольная Р. п. $S$ содержит идемпотенты (см. Регулярный элемент), и строение $S$ в значительной степени определяется «строением» и &quot;расположением» в $S$ множества всех ее идемпотентов $E(S)$. Р. п. с единственным идемпотентом - это в точности группы. На $E(S)$ прежде всего можно смотреть как на частично упорядоченное множество относительно естественного частичного порядка (см. Идемпотент); известны структурные теоремы, описывающие Р. п. $S$ с нек-рыми естественными ограничениями на множество $E(S)$. Одно из таких ограничений (для полугрупп с нулем) состоит в том, что все ненулевые идемпотенты примитивны (см. Вполне простая полугруппа); полугруппа с этим свойством наз. п р и м и т и в н о й. Следующие условия для полугруппы $S$ әквивалентны: а) $S$ есть примитивная Р. п., б) $S$ есть Р. п., равная объединению своих 0-минимальных (см. Минимальный идеал) правых идеалов, в) $S$ есть 0 -прямое объединение вполне 0-простых полугрупп. Описано строение Р. п., у к-рых $E(S)$ есть цепь, упорядоченная по типу отрицательных целых чисел [2].

Более информативный взгляд на $E(S)$ состоит в рассмотрении на этом множестве частичной операции о, заданной следующим образом. Если для $e, f \in E(S)$ хотя бы одно из произведений $e f, f e$ равно одному из әлементов $e, f$, то $e f \in E(S)$; полагают тогда $e \circ f=e f$. Возникающая частичная алгебра может быть охарактеризована аксиомами, использующими два отношения квазипорядка $\omega^{r}$ и $\omega^{l}$, тесно связанные с заданной частичной операцией (реализация этих отношений в $E(S)$ такова: $e \omega^{r} f$ означает $f e=e, e \omega^{l} f$ означает $e f=e$; тогда $\omega^{r} \cap \omega^{l}$ есть отношение естественного частичного порядка на $E(S))$; такая частичная алгебра наз. б иу по р я до ч е нны м мно же с т во м (см. [5]). Произвольная Р. п. может быть определенным образом сконструирована из биупорядоченного множества и групп. Таким образом, в терминах биупорядоченных множеств можно проводить классификацию Р. п. Среди исследованных в этом направлении типов полугрупп - ком б и на то рны е Р. п. (см. [7]), т. е. имеющие лишь одноэлементные подгруппы.

Гомоморфный образ Р. п. будет Р. п. Всякий нормальный комплекс Р. п., являющийся подполугруппой, содержит идемпотент. Произвольная конгруэнция на Р. п. однозначно определяется своими классами, содержащими идемпотенты. Конгруэнция на Р. п. $S$ разделяет идемпотенты тогда и только тогда, когда она содержится в отношении $\mathscr{H}$ (см. Грина отношения эквивалентности); множество таких конгруәнций составляет модулярную подрешетку с нулем и единицей в решетке всех конгруәнций на $S$. Р. п. наз. ф у н д а м е нт а л ь н о й, если эта подрешетка состоит лишь из отношения равенства. Всякая комбинаторная Р. П. будет фундаментальной Фундаментальные Р. П. важны не только как один из более обозримых типов Р. п., но и в силу определенной «универсальности» их класса для Р. п. А именно, для любого биупорядоченного множества $E$ можно канонич. образом сконструировать фундаментальную Р. п. $T_{E}$, для к-рой $E$ будет биупорядоченным множеством всех идемпотентов, причем для любой Р. п. $S$ такой, что $E(S)=E$, существует разделяющий идемпотенты гомоморфизм $\varphi: S \rightarrow T_{E}$, для к-рого $\varphi(S)$ будет подполугруппой в $T_{E}$, содержащей $E$ (о различных конструкциях для $T_{E}$ см. [3], [5], [8], [10]). P. п. $S$ фундаментальна тогда и только тогда, когда гомоморфизм $\varphi$ инъективен.

Если $S-$ Р. п., то подполугруппа $\langle E(S)\rangle$, порожденная всеми ее идемпотентами, также будет Р. п. Подполугруппа $\langle E(S)\rangle$ оказывает существенное влияние на строение $S$. Р. П. идемпотентно порождена тогда и только тогда, когда таков каждый ее главный фактор [10]. В идемпотентно порожденной Р. п. $S$ для произвольного элемента $x$ существует представление $x=$ $=e_{1} e_{2} \ldots e_{n}$, где $e_{i} \in E(S)$ и $e_{i}(\mathscr{L} \bigcup \mathscr{R}) e_{i+1}$ при $i=$ $=1, . ., n-1$ (здесь $\mathscr{L}$ и $\mathscr{R}$ - отношения эквивалентности Грина) (см. [5]). Последовательность идемпотентов $e_{1}, e_{2}, \ldots, e_{n}$ с указанным свойством наз. $E$ - ц еп ь ю. В бипростой идемпотентно порожденной полугруппе любые два идемпотента связаны нек-рой $E$ цепью, и если они сравнимы в смысле естественного частичного порядка, то длина такой цепи $\geqslant 4$.

Если $\langle E(S)\rangle=E(S)$, т. е. произведение любых двух идемпотентов снова есть идемпотент, то Р. п. $S$ наз. о р т о д о к с а л в н о̆̈̈. Класс ортодоксальных полугрупп содержит, в частности, все инверсные полугруппы. Полугруппа ортодоксальна тогда и только тогда, когда каждый ее главный фактор ортодоксален. Имеются структурные теоремы об ортодоксальных полугруппах (см. [4], [9]).

Отношение естественного частичного порядка на $E(S)$ может быть продолжено на Р. п. $S$ следующим образом: $x \leqslant y$, если существуют идемпотенты $e$ и $f$ такие, что $x=e y=y f$. В случае, когда $S$ инверсна, отношение $\leqslant$ превращается в отношение естественного частичного порядка, для произвольной Р. п. оно также наз. отнонением е с т е с т в е н і о г о ч а с т и чв о г о по р я д к а. Отношение $\leqslant$ на Р. п. $S$ corласовано с умножением тогда и только тогда, когда для любого идемпотента $e$ подполугруппа $e S e$ инверсна [6]. Р. п., обладающие таким свойством, наз. п с е вд о и в в е р с ны ми. Более широкий класс составляют п с е в д о о р т о д о к с а ль н ы е полугруппы (для любого идемпотента $e$ подполугруппа $e S e$ ортодоксальна). Для указанных классов полугрупп использовались также термины «локально инверсная» и «локально ортодоксальная». Р. П. наз. е с т е с т в е нн о й, если множество всех ее групповых әлементов (см. Регулярный элемент) есть подполугруппа. Имеются структурные теоремы о псевдоинверсных, псевдоортодоксальных [11] и естественных [12] Р. п.

Многие структурные теоремы о различных типах Р.п. представляют собой (подчас весьма далекие) обобщения и модификации конструкции рисовской полугруппы матричного типа или суммы прямого спектра групп (см. Клифбордова полугруппа), либо оюираются на те или иные представления полугрупп и разложения их в подпрямые произведения (см. [1], [13]). См. также ст. Il олугруппа.

Лит.: [1] К л и ф фо р д А., П р е с т о н Г., Алгебраическая теория полугрупп, пер. с англ., т. 1-2, М., 1972; [2] M u n n W. D., &quot;Glasgow Math. J.&quot;, 1968 , v. 9, pt. 1, p. 46-66; [3] C 1 i fж e, «J. pure and appl. algebra», 1976, v. 8, p. 23-50; [5] N a mb o o r i p a d K. S. S., &quot;Mem. Amer. Math. Soc..&quot;, 1979, v ${ }^{22}$, v. 23, pt 3, p. 249-60; [7] &quot;N a m b o o r i p a d K. S. S. S., R a j a n A. R., &quot;Quart. J. Math.&quot;, 1978, v. 29, № 116, p. 489-504; [8]

![](https://cdn.mathpix.com/cropped/2023_07_08_3792c89db3478732fd5fg-1.jpg?height=42&amp;width=804&amp;top_left_y=2266&amp;top_left_x=987)

![](https://cdn.mathpix.com/cropped/2023_07_08_3792c89db3478732fd5fg-1.jpg?height=47&amp;width=804&amp;top_left_y=2289&amp;top_left_x=987) ![](https://cdn.mathpix.com/cropped/2023_07_08_1db5517fcf5ba5cdd9d7g-1.jpg?height=55&amp;width=821&amp;top_left_y=181&amp;top_left_x=135)
ne R. J., B KH.: Algebraic theory of semigroups, Amst., 1979, p. 685-720; [13] L a 11 e m e n t G., &quot;Semigroup Forum», 1972, v. 4, p. 95-123. Ј. Н. Шеврин.</text_orig>
</article>
