<?xml version="1.0" ?>
<article uri="http://libmeta.ru/me/article/1019_NIZhNIJ" alphabetic_pos="1019">
  <title>НИЖНИЙ ПРЕДЕЛ</title>
  <authors/>
  <pages>
    <start>519</start>
    <end>519</end>
  </pages>
  <literature>
    <literature_orig/>
  </literature>
  <formulas_main/>
  <formulas_aux/>
  <relations n="0"/>
  <text>п о с л е д о в а т е л $\mathrm{b}$ н о с т и м но ж е с т в $a_{1}, A_{2}, \ldots, 4_{n}, \ldots$ в т о по ло о ич ес к о м п р о с т р а н т в $\mathrm{e}^{n} X$ - совокупность точек $p \in X$, любая окрестность к-рых пересекается со всеми элементами последовательности, начиная с нек-рого $n$.

Н. П. ч и с л о в о й по с л е до в а т е ль н о с т и см. в ст. Верхний и нижний пределы. А. А. мальцев.</text>
  <text_orig>п о с л е д о в а т е л $\mathrm{b}$ н о с т и м но ж е с т в $A_{1}, A_{2}, \ldots, 4_{n}, \ldots$ в т о по ло о ич ес к о м п р о с т р а н т в $\mathrm{e}^{n} X$ - совокупность точек $p \in X$, любая окрестность к-рых пересекается со всеми элементами последовательности, начиная с нек-рого $N$.

Н. П. ч и с л о в о й по с л е до в а т е ль н о с т и см. в ст. Верхний и нижний пределы. А. А. мальцев.</text_orig>
</article>
