<?xml version="1.0" ?>
<article uri="http://libmeta.ru/me/article/1019_GERTsA" alphabetic_pos="1019">
  <title>ГЕРЦА ПРИНЦИП</title>
  <authors/>
  <pages>
    <start>478</start>
    <end>479</end>
  </pages>
  <literature>
    <literature_orig/>
  </literature>
  <formulas_main/>
  <formulas_aux/>
  <relations n="0"/>
  <text>п р я м е й ш е г 0 п у т и п р инци п, на іл ме ныше й к р ивизн п р и н ц и П,- дифференциальный вариационный принцип классической механики, постулированный Г. Герцем [1] в качестве основного закона разработанной им механики, в к-рой, в отличие от механики Ньютона, вместо понятия силы введены представления о скрытых связях и скрытых движениях. Согласно Г. П. «всякая свободная система пребывает в своем состоянии покоя или равномерного движения вдоль прямейшего пути». С в об о д но й с и с т е м о й Г. Герц наз. систему, не подверженную действию активных сил и стесненную связями, накладывающими ограничения лишь на взаимные расположения точек системы; под п р я м е йш и м п у т е м понимается траектория, каждый элемент к-рой имеет наименышую кривизну по сравнению с любым элементом, имеющим с рассматриваемым об- щие начальную точку и касательную в ней и удовлетворяющим уравнениям связей. Для систем, стесненных стационарными связями и не подверженных действию активных сил, Г. П. эквивалентен Гаусса принциny (см. [2]).

Jum..: [1] H e r tz H., Gesammelte Werke, [bd] 3 - Die Principien der Mechanik..., $\mathrm{lpz}_{\text {., }} 1894$ (в pyc. пер. - $\gamma$ е $\mathrm{p}$ ц $\gamma$., Принципы механики, изложенные в новой связи, м., 1959); [2] Р о з е Н. В., Лекции по аналитической механике, ч. I, Л., 1938

В. В. Румянч

\[
H(x)=\sum_{i=1}^{n} \sum_{j=1}^{n} a_{i j} x_{i} x_{j}
\]

или

\[
H(z)=\sum_{i=1}^{n} \sum_{j=1}^{n} a_{i j} z_{i} \bar{z}_{j}
\]

где $a_{i j}=\partial^{2} f(p) / \partial x_{i} \partial x_{j}$ (или $\left.\partial^{2} f(p) / \partial z_{i} \partial \overline{z_{j}}\right)$ и $f(p)$ задана на $n$-мерном действительном пространстве $\mathbb{r}^{n}$ (или комплексном пространстве $\left.\mathbb{C}^{n}\right)$ с координатами $x_{1}, \ldots, x_{n}$ (или $z_{1}, . . ., z_{n}$ ). Введен О. Гессе (о. Hesse, 1844). С помощью локальной системы координат әто определение переносится на функции, определенные на действительном многообразии класса $c^{2}$ (или на комплексном пространстве). В обоих случаях Г. - квадратичная форма, заданная на касательном пространстве, не зависяшая от выбора системы координат. В теории Морса через Г. определяются понятия (не) вырожденной критич. точки, формы Морса и формы Ботта. В комплексном анализе $\gamma$. участвует в определении псевдовыпуклой области и плюрисубгармонич. функции.

Лит.: [1] П о с т н и к о в М. М., Введение в теорию Морса, М., 1971; [2] $\gamma$ а н н и н $\gamma$ Р., Р о с с и Х., Аналитические функции многих комплексных переменных, пер. с англ., М., 1969.</text>
  <text_orig>п р я м е й ш е г 0 п у т и п р инци п, на іл ме ныше й к р ивизн п р и н ц и П,- дифференциальный вариационный принцип классической механики, постулированный Г. Герцем [1] в качестве основного закона разработанной им механики, в к-рой, в отличие от механики Ньютона, вместо понятия силы введены представления о скрытых связях и скрытых движениях. Согласно Г. П. «всякая свободная система пребывает в своем состоянии покоя или равномерного движения вдоль прямейшего пути». С в об о д но й с и с т е м о й Г. Герц наз. систему, не подверженную действию активных сил и стесненную связями, накладывающими ограничения лишь на взаимные расположения точек системы; под п р я м е йш и м п у т е м понимается траектория, каждый элемент к-рой имеет наименышую кривизну по сравнению с любым элементом, имеющим с рассматриваемым об- щие начальную точку и касательную в ней и удовлетворяющим уравнениям связей. Для систем, стесненных стационарными связями и не подверженных действию активных сил, Г. П. эквивалентен Гаусса принциny (см. [2]).

Jum..: [1] H e r tz H., Gesammelte Werke, [Bd] 3 - Die Principien der Mechanik..., $\mathrm{Lpz}_{\text {., }} 1894$ (в pyc. пер. - $\Gamma$ е $\mathrm{p}$ ц $\Gamma$., Принципы механики, изложенные в новой связи, м., 1959); [2] Р о з е Н. В., Лекции по аналитической механике, ч. I, Л., 1938

В. В. Румянч

\[
H(x)=\sum_{i=1}^{n} \sum_{j=1}^{n} a_{i j} x_{i} x_{j}
\]

или

\[
H(z)=\sum_{i=1}^{n} \sum_{j=1}^{n} a_{i j} z_{i} \bar{z}_{j}
\]

где $a_{i j}=\partial^{2} f(p) / \partial x_{i} \partial x_{j}$ (или $\left.\partial^{2} f(p) / \partial z_{i} \partial \overline{z_{j}}\right)$ и $f(p)$ задана на $n$-мерном действительном пространстве $\mathbb{R}^{n}$ (или комплексном пространстве $\left.\mathbb{C}^{n}\right)$ с координатами $x_{1}, \ldots, x_{n}$ (или $z_{1}, . . ., z_{n}$ ). Введен О. Гессе (О. Hesse, 1844). С помощью локальной системы координат әто определение переносится на функции, определенные на действительном многообразии класса $C^{2}$ (или на комплексном пространстве). В обоих случаях Г. - квадратичная форма, заданная на касательном пространстве, не зависяшая от выбора системы координат. В теории Морса через Г. определяются понятия (не) вырожденной критич. точки, формы Морса и формы Ботта. В комплексном анализе $\Gamma$. участвует в определении псевдовыпуклой области и плюрисубгармонич. функции.

Лит.: [1] П о с т н и к о в М. М., Введение в теорию Морса, М., 1971; [2] $\Gamma$ а н н и н $\Gamma$ Р., Р о с с и Х., Аналитические функции многих комплексных переменных, пер. с англ., М., 1969.</text_orig>
</article>
