<?xml version="1.0" ?>
<article uri="http://libmeta.ru/me/article/101_OSTROGRADSKOGO" alphabetic_pos="101">
  <title>ОСТРОГРАДСКОГО ФОРМУ ЛА -</title>
  <authors/>
  <pages>
    <start>69</start>
    <end>70</end>
  </pages>
  <literature>
    <literature_orig/>
  </literature>
  <formulas_main/>
  <formulas_aux/>
  <relations n="0"/>
  <text>формула интегрального исчисления функций многих переменных, устанавливающая связь между $n$-кратным интегралом по области и $(n-1)$-кратным интегралом по ее границе. Пусть функции $X_{i}=X_{i}\left(x_{1}, x_{2}, \ldots, x_{n}\right)$ вместе со своими частными производными $\partial X_{i} / \partial x_{i}, i=1,2, \ldots, n$, интегрируемы по Лебегу в ограниченной области $G \subset \mathbb{r} n$, граница $\partial G$ к-рой является объединением конечного множества кусочно гладких $(n-1)$-мерных гинерповерхностей, ориентированных с помощью внешней нормали v. Тогда О. ф. имеет вид

\[
\int \cdots \int_{G} \sum_{i=1}^{n} \frac{\partial X_{i}}{\partial x_{i}} d x_{1} \ldots d x_{n}=
\]\[
=\int \cdots \int_{\partial G} \sum_{i=1}^{n} X_{i} d x_{i+1} \ldots d x_{n} d x_{1} \ldots d x_{i-1} \text {. }
\]

Если $\cos \alpha_{i}, \quad i=1,2, \ldots, n,-$ направляіощие косинусы внешних нормалей $\boldsymbol{v}$ гиперповерхностей, составляющих границу $\partial G$ области $G$, то формула (1) может быть записана в виде

$\int \cdots \int_{g} \sum_{i=1}^{n} \frac{\partial X_{i}}{\partial x_{i}} d v=\int \cdots \int_{\partial G} \sum_{i=1}^{n} X_{i} \cos \alpha_{i} d \sigma$, где $d v=d x_{1} \ldots d x_{n}$ - элемент $n$-мерного объема в $R^{n}$, а $d \sigma$ - элемент $(n-1)$-мерного объема на $\partial G$.

В терминах векторного поля $\boldsymbol{a}=\left(X_{1}, \ldots, X_{n}\right)$ формулы (1) и (2) означают равенство интеграла от дивергенции этого поля по области $G$ его потоку (см. IIоток век то рно го поля) через границу области $G$ :

\[
\int \cdots \int_{G} \operatorname{div} a d v=\int \cdots \int_{\partial G} a v d \sigma
\]

Для гладких функций О. ф. была впервые получена в трехмерном случае М. В. Остроградским в 1828 (опубл. в 1831, см. [1]). На $n$-кратные интегралы в случае произвольного натурального $n$ O.ф. была обобщена им в 1834 (опубл. в 1838, см. [2]). С помощью этой формулы М. В. Остроградский нашел выражение производной по параметру от $n$-кратного интеграла с переменными пределами и получил формулу для вариации $n$-кратного интеграла; при $n=3$ для одного частного случая О.ф. была получена К. Гауссом (C. Gauss) в 1813 , поэтому иногда О. Ф. наз. также ф о р м у л о й О с т р о г р а д с к о г о- Г а у с с а. Обобщением О. ф. является Стокса бормула для многообразий с краем.

Jum.: [1] О с т р о г p а д с к и и М. B., “Mémoires de l'Académie des Sciences de St. Pétersbourg. Sér. 6 - Sciences mathématiques, physiques et naturelles», 1831, t. 1, p. $117-22 ;$ [2]
е г о ж е, там же, 1838 , t. 1, p. 35-58. $\begin{aligned} &amp; \text { е г о же, там же, } 1838, \text { t. } 1, \text { р. } 35-58 \text { Л. Д. Кудрявцев. } \\ &amp; \text {</text>
  <text_orig>формула интегрального исчисления функций многих переменных, устанавливающая связь между $n$-кратным интегралом по области и $(n-1)$-кратным интегралом по ее границе. Пусть функции $X_{i}=X_{i}\left(x_{1}, x_{2}, \ldots, x_{n}\right)$ вместе со своими частными производными $\partial X_{i} / \partial x_{i}, i=1,2, \ldots, n$, интегрируемы по Лебегу в ограниченной области $G \subset \mathbb{R} n$, граница $\partial G$ к-рой является объединением конечного множества кусочно гладких $(n-1)$-мерных гинерповерхностей, ориентированных с помощью внешней нормали v. Тогда О. ф. имеет вид

\[
\int \cdots \int_{G} \sum_{i=1}^{n} \frac{\partial X_{i}}{\partial x_{i}} d x_{1} \ldots d x_{n}=
\]\[
=\int \cdots \int_{\partial G} \sum_{i=1}^{n} X_{i} d x_{i+1} \ldots d x_{n} d x_{1} \ldots d x_{i-1} \text {. }
\]

Если $\cos \alpha_{i}, \quad i=1,2, \ldots, n,-$ направляіощие косинусы внешних нормалей $\boldsymbol{v}$ гиперповерхностей, составляющих границу $\partial G$ области $G$, то формула (1) может быть записана в виде

$\int \cdots \int_{G} \sum_{i=1}^{n} \frac{\partial X_{i}}{\partial x_{i}} d v=\int \cdots \int_{\partial G} \sum_{i=1}^{n} X_{i} \cos \alpha_{i} d \sigma$, где $d v=d x_{1} \ldots d x_{n}$ - элемент $n$-мерного объема в $R^{n}$, а $d \sigma$ - элемент $(n-1)$-мерного объема на $\partial G$.

В терминах векторного поля $\boldsymbol{a}=\left(X_{1}, \ldots, X_{n}\right)$ формулы (1) и (2) означают равенство интеграла от дивергенции этого поля по области $G$ его потоку (см. IIоток век то рно го поля) через границу области $G$ :

\[
\int \cdots \int_{G} \operatorname{div} a d v=\int \cdots \int_{\partial G} a v d \sigma
\]

Для гладких функций О. ф. была впервые получена в трехмерном случае М. В. Остроградским в 1828 (опубл. в 1831, см. [1]). На $n$-кратные интегралы в случае произвольного натурального $n$ O.ф. была обобщена им в 1834 (опубл. в 1838, см. [2]). С помощью этой формулы М. В. Остроградский нашел выражение производной по параметру от $n$-кратного интеграла с переменными пределами и получил формулу для вариации $n$-кратного интеграла; при $n=3$ для одного частного случая О.ф. была получена К. Гауссом (C. Gauss) в 1813 , поэтому иногда О. Ф. наз. также ф о р м у л о й О с т р о г р а д с к о г о- Г а у с с а. Обобщением О. ф. является Стокса бормула для многообразий с краем.

Jum.: [1] О с т р о г p а д с к и и М. B., “Mémoires de l'Académie des Sciences de St. Pétersbourg. Sér. 6 - Sciences mathématiques, physiques et naturelles», 1831, t. 1, p. $117-22 ;$ [2]
е г о ж е, там же, 1838 , t. 1, p. 35-58. $\begin{aligned} &amp; \text { е г о же, там же, } 1838, \text { t. } 1, \text { р. } 35-58 \text { Л. Д. Кудрявцев. } \\ &amp; \text {</text_orig>
</article>
