<?xml version="1.0" ?>
<article uri="http://libmeta.ru/me/article/101_SOHRANENIJa" alphabetic_pos="101">
  <title>СОХРАНЕНИЯ ОБЛАСТИ ПРИНЦИП</title>
  <authors/>
  <pages>
    <start>50</start>
    <end>50</end>
  </pages>
  <literature>
    <literature_orig/>
  </literature>
  <formulas_main/>
  <formulas_aux/>
  <relations n="0"/>
  <text>своӥство голоморфных функций в областях комплексной плоскости: множество значений всякой непостоянной голоморфной функции в области $d \subset \mathbb{C}$ также является областью, т. е. открыто и связно. Основным здесь является свойство открытости образа, к-рое следует из Руше теоремы или из аргумента принципа. С. о. П. можно рассматривать как обобщение максимума модуля принципа для голоморфных функций

С. о. п. справедлив для голоморфных функций на произвольном комплексном многообразии: множество значений любой непостоянной голоморфной функции на связном комплексном многообразии $x$ есть область на комплексной плоскости. Он выполняется также для голоморфых отображений комплексных многообразий в римановы поверхности. Однако голоморфные отображения $f: X \rightarrow Y$ в комплексные многообразия $y$ размерности больше 1 в общем не являются открытыми: если $f$ непостоянно, но, скажем, ранг $f$ всюду меньше $\operatorname{dim} Y$, то образ $f(x) \subset Y$ вообще не имеет внутренних точек. Открытость может нарушаться и в случае, когда $\operatorname{rank} f&lt;\operatorname{dim} Y$ на множествах малой размерности. Напр., при отображении

\[
\left(z_{1}, z_{2}\right) \longrightarrow\left(z_{1}, z_{1} z_{2}\right)
\]

пространства $\mathbb{c}^{2}$ в себя образом будет неоткрытое множество $\mathbb{c}^{2} \backslash\left\{w_{1}=0, w_{2} \neq 0\right\}$. С. о. П. для голоморфных отображений выполняется, если условие непостоян- ности $f$ заменять более сильными требованиями, одним из самых простых является условие нульмерности множества точек, в к-рых $\operatorname{rank} f&lt;\operatorname{dim} Y$.

Лит.: [1] П р и в а л о в И. И., Введение в теорию функций комплексного переменного, 12 изд., М., 1977; [2] Г а н н и н г Р., р о с с и X.. Аналитические функции многих комплексных переменных, пер. с англ., М., 1969.
р. М. Чирка.</text>
  <text_orig>своӤство голоморфных функций в областях комплексной плоскости: множество значений всякой непостоянной голоморфной функции в области $D \subset \mathbb{C}$ также является областью, т. е. открыто и связно. Основным здесь является свойство открытости образа, к-рое следует из Руше теоремы или из аргумента принципа. С. о. П. можно рассматривать как обобщение максимума модуля принципа для голоморфных функций

С. о. п. справедлив для голоморфных функций на произвольном комплексном многообразии: множество значений любой непостоянной голоморфной функции на связном комплексном многообразии $X$ есть область на комплексной плоскости. Он выполняется также для голоморфых отображений комплексных многообразий в римановы поверхности. Однако голоморфные отображения $f: X \rightarrow Y$ в комплексные многообразия $Y$ размерности больше 1 в общем не являются открытыми: если $f$ непостоянно, но, скажем, ранг $f$ всюду меньше $\operatorname{dim} Y$, то образ $f(X) \subset Y$ вообще не имеет внутренних точек. Открытость может нарушаться и в случае, когда $\operatorname{rank} f&lt;\operatorname{dim} Y$ на множествах малой размерности. Напр., при отображении

\[
\left(z_{1}, z_{2}\right) \longrightarrow\left(z_{1}, z_{1} z_{2}\right)
\]

пространства $\mathbb{C}^{2}$ в себя образом будет неоткрытое множество $\mathbb{C}^{2} \backslash\left\{w_{1}=0, w_{2} \neq 0\right\}$. С. о. П. для голоморфных отображений выполняется, если условие непостоян- ности $f$ заменять более сильными требованиями, одним из самых простых является условие нульмерности множества точек, в к-рых $\operatorname{rank} f&lt;\operatorname{dim} Y$.

Лит.: [1] П р и в а л о в И. И., Введение в теорию функций комплексного переменного, 12 изд., М., 1977; [2] Г а н н и н г Р., р о с с и X.. Аналитические функции многих комплексных переменных, пер. с англ., М., 1969.
р. М. Чирка.</text_orig>
</article>
