<?xml version="1.0" ?>
<article uri="http://libmeta.ru/me/article/101_KRISTOFFELJa" alphabetic_pos="101">
  <title>КРИСТОФФЕЛЯ СИМВОЛ</title>
  <authors/>
  <pages>
    <start>56</start>
    <end>56</end>
  </pages>
  <literature>
    <literature_orig/>
  </literature>
  <formulas_main/>
  <formulas_aux/>
  <relations n="0"/>
  <text>д и ф ф е р е н ц і а л ьно й к в а д р а т чин о й формы

\[
\sum_{r, s=1}^{n} g_{r s} d x^{r} d x^{s}
\]

- символ для сокращенного обозначения выражения

\[
\frac{1}{2}\left(\frac{\partial g_{i k}}{\partial x_{j}}+\frac{\partial g_{i k}}{\partial x_{i}}-\frac{\partial g_{i j}}{\partial x_{k}}\right) \equiv \Gamma_{k, i j}
\]

Символ $\gamma_{k, i j}$ наз. К. с. 1-го рода, в отличіс от К. с. 2-го рода $\gamma_{i j}^{k}$, определяемого соотношением

\[
\Gamma_{i j}^{k}=\sum_{t=1}^{n} g^{k t} \Gamma_{k, i j}
\]

где $g^{k t}$ определяется из равенств

\[
\sum_{k=1}^{n} g^{k t} g_{k s}=\left\{\begin{array}{l}
1, \text { если } t=s, \\
0, \text { если } t \neq s .
\end{array}\right.
\]

К. с. введен Э. Кристоффелем (е. Christoffel, 1869).</text>
  <text_orig>д и ф ф е р е н ц і а л ьно й к в а д р а т чин о й формы

\[
\sum_{r, s=1}^{n} g_{r s} d x^{r} d x^{s}
\]

- символ для сокращенного обозначения выражения

\[
\frac{1}{2}\left(\frac{\partial g_{i k}}{\partial x_{j}}+\frac{\partial g_{i k}}{\partial x_{i}}-\frac{\partial g_{i j}}{\partial x_{k}}\right) \equiv \Gamma_{k, i j}
\]

Символ $\Gamma_{k, i j}$ наз. К. с. 1-го рода, в отличіс от К. с. 2-го рода $\Gamma_{i j}^{k}$, определяемого соотношением

\[
\Gamma_{i j}^{k}=\sum_{t=1}^{n} g^{k t} \Gamma_{k, i j}
\]

где $g^{k t}$ определяется из равенств

\[
\sum_{k=1}^{n} g^{k t} g_{k s}=\left\{\begin{array}{l}
1, \text { если } t=s, \\
0, \text { если } t \neq s .
\end{array}\right.
\]

К. с. введен Э. Кристоффелем (Е. Christoffel, 1869).</text_orig>
</article>
