<?xml version="1.0" ?>
<article uri="http://libmeta.ru/me/article/1020_KOMPOZI" alphabetic_pos="1020">
  <title>КОМПОЗИТ</title>
  <authors/>
  <pages>
    <start>507</start>
    <end>507</end>
  </pages>
  <literature>
    <literature_orig/>
  </literature>
  <formulas_main/>
  <formulas_aux/>
  <relations n="0"/>
  <text>р а с ші и р е н и й п о л я-наименьшее подраспирение $a \cdot B$ расширения $\omega$ поля $k$, содержащее заданные два подрасширения $a \subset \Omega$ и $b \subset \Omega$; оно совпадает с образом гомоморфизма $\varphi: A \otimes_{K} B \rightarrow \Omega$, сопоставляющего тензорному произведению $a \otimes b$ произведение $a b \in \Omega$.</text>
  <text_orig>р а с ші и р е н и й п о л я-наименьшее подраспирение $A \cdot B$ расширения $\Omega$ поля $k$, содержащее заданные два подрасширения $A \subset \Omega$ и $B \subset \Omega$; оно совпадает с образом гомоморфизма $\varphi: A \otimes_{K} B \rightarrow \Omega$, сопоставляющего тензорному произведению $a \otimes b$ произведение $a b \in \Omega$.</text_orig>
</article>
