<?xml version="1.0" ?>
<article uri="http://libmeta.ru/me/article/1020_IIIVARTsA" alphabetic_pos="1020">
  <title>IIIВАРЦА ДИФФЕРЕНЦИАЛЬНЫЙ ПАРАМЕТР</title>
  <authors/>
  <pages>
    <start>444</start>
    <end>444</end>
  </pages>
  <literature>
    <literature_orig/>
  </literature>
  <formulas_main/>
  <formulas_aux/>
  <relations n="0"/>
  <text>п р о и з в о д на я Шi в а р ц а, ш в а р ц и а н, аналитич. функции $f(z)$ комплексного переменного $z-$ дифференциальное выражение

\[
\{f, z\}=\frac{f^{\prime \prime \prime}(z)}{f^{\prime}(z)}-\frac{3}{2}\left(\frac{f^{\prime \prime}(z)}{f^{\prime}(z)}\right)^{2}=\left(\frac{f^{\prime \prime}(z)}{f^{\prime}(z)}\right)^{\prime}-\frac{1}{2}\left(\frac{f^{\prime \prime}(z)}{f^{\prime}(z)}\right)^{2},
\]

ноявившееся при исследовании конформного отображения многоугольников на круг, в частности в работах Г. Шїарца [1]

Важнейшее свойство Ii. Д. П.- его инвариантность относительно дробно-линейного шреобразования функции $f(z)$, т. е. если

\[
g(z)=\frac{a f(z)+b}{c f(z)+d}
\]

то $\{f, z\}=\{g, z\}$. Применения Iii. Д. П. связаны прежде всего с вогросами однолистности аналитич. функций. Напр.. если $f(z)$ - однолистная аналитич. функция в круге $d=\{z:|z|&lt;1\}$, причем $f(0)=0, f^{\prime}(0)=1$, то

\[
|\{f, z\}| \leqslant \frac{6}{\left(1-|z|^{2}\right)^{2}},|z|&lt;1 .
\]

Обратно, если $f(z)$ регулярна в $d$ и

\[
|\{f, z\}| \leqslant \frac{2}{\left(1-|z|^{2}\right)^{2}},|z|&lt;1,
\]

то $f(z)$ - однолистная функция в $d$ и константу 2 здесь нельзя увеличить.

Лum.: [1] S c hwarz H., Ges. math. Abh., Bd 2, B., 1890; [2] Н е в а н л и н н а Р., Однозначные аналитические функции, пер. с нем., М.- I., 1941: [3] Г п л у з и н Г. М., Геометрическая теория функций комплексного переменного,</text>
  <text_orig>п р о и з в о д на я ШI в а р ц а, ш в а р ц и а н, аналитич. функции $f(z)$ комплексного переменного $z-$ дифференциальное выражение

\[
\{f, z\}=\frac{f^{\prime \prime \prime}(z)}{f^{\prime}(z)}-\frac{3}{2}\left(\frac{f^{\prime \prime}(z)}{f^{\prime}(z)}\right)^{2}=\left(\frac{f^{\prime \prime}(z)}{f^{\prime}(z)}\right)^{\prime}-\frac{1}{2}\left(\frac{f^{\prime \prime}(z)}{f^{\prime}(z)}\right)^{2},
\]

ноявившееся при исследовании конформного отображения многоугольников на круг, в частности в работах Г. Шїарца [1]

Важнейшее свойство II. Д. П.- его инвариантность относительно дробно-линейного шреобразования функции $f(z)$, т. е. если

\[
g(z)=\frac{a f(z)+b}{c f(z)+d}
\]

то $\{f, z\}=\{g, z\}$. Применения III. Д. П. связаны прежде всего с вогросами однолистности аналитич. функций. Напр.. если $f(z)$ - однолистная аналитич. функция в круге $D=\{z:|z|&lt;1\}$, причем $f(0)=0, f^{\prime}(0)=1$, то

\[
|\{f, z\}| \leqslant \frac{6}{\left(1-|z|^{2}\right)^{2}},|z|&lt;1 .
\]

Обратно, если $f(z)$ регулярна в $D$ и

\[
|\{f, z\}| \leqslant \frac{2}{\left(1-|z|^{2}\right)^{2}},|z|&lt;1,
\]

то $f(z)$ - однолистная функция в $D$ и константу 2 здесь нельзя увеличить.

Лum.: [1] S c hwarz H., Ges. math. Abh., Bd 2, B., 1890; [2] Н е в а н л и н н а Р., Однозначные аналитические функции, пер. с нем., М.- I., 1941: [3] Г п л у з и н Г. М., Геометрическая теория функций комплексного переменного,</text_orig>
</article>
