<?xml version="1.0" ?>
<article uri="http://libmeta.ru/me/article/1021_IIIVӒRTsA" alphabetic_pos="1021">
  <title>IIIВӒРЦА ИНТЕГРАЛ</title>
  <authors/>
  <pages>
    <start>444</start>
    <end>444</end>
  </pages>
  <literature>
    <literature_orig/>
  </literature>
  <formulas_main/>
  <formulas_aux/>
  <relations n="0"/>
  <text>зависящиї от параметра интеграл, дающий решение 3 а д а ч и Iii в а р ц а о выражении аналитич. функции $f(z)=u(z)+i v(z)$ в круге $d$ по граничным значениям ее действительной (или мнимой) части $u$ на граничной окружности $c$ (cm. [1]).

Пусть на единичной окружности $c=\left\{z: z=e^{i \varphi}\right.$, $0&lt;\varphi&lt;2 \pi\}$ дана непрерывная действительная функция $u(\varphi)$. Тогда и н т е г р а ль в ы е фо р м у лы Iii в а р ц а, выражающие аналитич. функцию $f(z)=$ $=u(z)+i v(z)$, граничные значения действительной части к-рой совпадают с $u(\varphi)$ (или граничные значения мнимой части совпадают с $v(\varphi))$, имеют вид

\[
\begin{aligned}
&amp; f(z)=S u(z)=\frac{1}{2 \pi i} \int_{C} u(t) \frac{t+z}{t-z} \frac{d t}{t}+i c= \\
&amp;=\frac{1}{2 \pi} \int_{0}^{2 \pi} \frac{e^{i \varphi}+r e^{i \theta}}{e^{i \varphi}-r e^{i \theta}} u(\varphi) d \varphi+i c, \\
&amp; f(z)=\frac{1}{2 \pi} \int_{C} v(t) \frac{t+z}{t-z} \cdot \frac{d t}{t}+c_{1}= \\
&amp;=\frac{i}{2 \pi} \int_{0}^{2 \pi} \frac{e^{i \varphi}+r e^{i \theta}}{e^{i \varphi}-r e^{i \theta}} v(\varphi) d \varphi+c_{1} .
\end{aligned}
\]

где $z=r e^{i \theta}, t=e^{i \varphi}, c$ и $c_{1}$ - произвольные действительные постоянные. Ш. и. (*) тесно связан с Ii уассона интегралол. Выражение

\[
\frac{1}{2 \pi} \cdot \frac{e^{i \varphi}+r e^{i \theta}}{e^{i \varphi}-r e^{i \theta}}
\]

часто наз. я д р о М Iii в а р ц а, а интегральный оператор $s$, фигурирующий в первой формуле (*), 一 о пе р а тором Iii в а ц ц. Эти понятия обобщаются и на области произвольного вида комнлексной плоскости (см. [3]). Ii. и. и его обобщения играют важную роль при решении граничных задач теориц аналитических функиий (см. также [3]) и исследовании граничных свойств аналитических функций (см. также [4]).

При применении интегральных формул (*) возникает важный и более трудный вопрос о существовании и выражении граничных значений мнимой части $v(z)$ и всей функции $f(z)$ по данным граничным значениям действительної части $u(\varphi)$ (или граничных значений деїствительности части $u(z)$ и всей функции $f(z)$ по данным граничным значениям мнимой части $v(\varphi))$. Если данные фуункции $u(\varphi)$ или $v(\varphi)$ удовлетворяют на $c$ Гёльдера условию, то соответствующие граничные значения $v(\varphi)$ или $u(\varphi)$ выражаются ф о р м у ла м и Гильб e p T a

\[
\begin{aligned}
&amp; v(\varphi)=-\frac{1}{2 \pi} \int_{0}^{2 \pi} u(\alpha) \operatorname{ctg} \frac{\alpha-\varphi}{2} d \alpha+c \\
&amp; u(\varphi)=\frac{1}{2 \pi} \int_{0}^{2 \pi} v(\alpha) \operatorname{ctg} \frac{\alpha-\varphi}{2} d \alpha+c_{1}
\end{aligned}
\]

причем входящие в эти формулы интегралы являются сингулярными и существуют в смысле главного значения по Кошии (см. [3]).

Jum.: [1] S c hw a r z H., Ges. math. Abh., Bd 2, B., 1890; [2] Б иц а д з е А. В., Основы теории аналитических функций комплексного переменного, 2 изд., М., 1972: [3] Г а х о в Ф. Д.,, Граничные свойства аналитических функций, 2 изд., М.-- Ji., 1950 .</text>
  <text_orig>зависящиї от параметра интеграл, дающий решение 3 а д а ч и III в а р ц а о выражении аналитич. функции $f(z)=u(z)+i v(z)$ в круге $D$ по граничным значениям ее действительной (или мнимой) части $u$ на граничной окружности $C$ (cM. [1]).

Пусть на единичной окружности $C=\left\{z: z=e^{i \varphi}\right.$, $0&lt;\varphi&lt;2 \pi\}$ дана непрерывная действительная функция $u(\varphi)$. Тогда и н т е г р а ль в ы е фо р м у лы III в а р ц а, выражающие аналитич. функцию $f(z)=$ $=u(z)+i v(z)$, граничные значения действительной части к-рой совпадают с $u(\varphi)$ (или граничные значения мнимой части совпадают с $v(\varphi))$, имеют вид

\[
\begin{aligned}
&amp; f(z)=S u(z)=\frac{1}{2 \pi i} \int_{C} u(t) \frac{t+z}{t-z} \frac{d t}{t}+i c= \\
&amp;=\frac{1}{2 \pi} \int_{0}^{2 \pi} \frac{e^{i \varphi}+r e^{i \theta}}{e^{i \varphi}-r e^{i \theta}} u(\varphi) d \varphi+i c, \\
&amp; f(z)=\frac{1}{2 \pi} \int_{C} v(t) \frac{t+z}{t-z} \cdot \frac{d t}{t}+c_{1}= \\
&amp;=\frac{i}{2 \pi} \int_{0}^{2 \pi} \frac{e^{i \varphi}+r e^{i \theta}}{e^{i \varphi}-r e^{i \theta}} v(\varphi) d \varphi+c_{1} .
\end{aligned}
\]

где $z=r e^{i \theta}, t=e^{i \varphi}, c$ и $c_{1}$ - произвольные действительные постоянные. Ш. и. (*) тесно связан с II уассона интегралол. Выражение

\[
\frac{1}{2 \pi} \cdot \frac{e^{i \varphi}+r e^{i \theta}}{e^{i \varphi}-r e^{i \theta}}
\]

часто наз. я д р о М III в а р ц а, а интегральный оператор $S$, фигурирующий в первой формуле (*), 一 о пе р а тором III в а ц ц. Эти понятия обобщаются и на области произвольного вида комнлексной плоскости (см. [3]). II. и. и его обобщения играют важную роль при решении граничных задач теориц аналитических функиий (см. также [3]) и исследовании граничных свойств аналитических функций (см. также [4]).

При применении интегральных формул (*) возникает важный и более трудный вопрос о существовании и выражении граничных значений мнимой части $v(z)$ и всей функции $f(z)$ по данным граничным значениям действительної части $u(\varphi)$ (или граничных значений деїствительности части $u(z)$ и всей функции $f(z)$ по данным граничным значениям мнимой части $v(\varphi))$. Если данные фуункции $u(\varphi)$ или $v(\varphi)$ удовлетворяют на $C$ Гёльдера условию, то соответствующие граничные значения $v(\varphi)$ или $u(\varphi)$ выражаются ф о р м у ла м и Гильб e p T a

\[
\begin{aligned}
&amp; v(\varphi)=-\frac{1}{2 \pi} \int_{0}^{2 \pi} u(\alpha) \operatorname{ctg} \frac{\alpha-\varphi}{2} d \alpha+c \\
&amp; u(\varphi)=\frac{1}{2 \pi} \int_{0}^{2 \pi} v(\alpha) \operatorname{ctg} \frac{\alpha-\varphi}{2} d \alpha+c_{1}
\end{aligned}
\]

причем входящие в эти формулы интегралы являются сингулярными и существуют в смысле главного значения по Кошии (см. [3]).

Jum.: [1] S c hw a r z H., Ges. math. Abh., Bd 2, B., 1890; [2] Б иц а д з е А. В., Основы теории аналитических функций комплексного переменного, 2 изд., М., 1972: [3] Г а х о в Ф. Д.,, Граничные свойства аналитических функций, 2 изд., М.-- JI., 1950 .</text_orig>
</article>
