<?xml version="1.0" ?>
<article uri="http://libmeta.ru/me/article/1021_KOMPOZITsIONNYJ" alphabetic_pos="1021">
  <title>КОМПОЗИЦИОННЫЙ РЯД</title>
  <authors/>
  <pages>
    <start>507</start>
    <end>508</end>
  </pages>
  <literature>
    <literature_orig/>
  </literature>
  <formulas_main/>
  <formulas_aux/>
  <relations n="0"/>
  <text>конечное подмножество $\left\{a_{0}, a_{1}, \ldots, a_{n}\right\}$ частично упорядоченного множества с наименьшим әлементом 0 и наибольпим элементом 1 такое, что

\[
0=a_{0}&lt;a_{1}&lt;\ldots&lt;a_{n}=1
\]

и все интервалы $\left[a_{i}, a_{i+1}\right]$ являются простылии интервалами. Можно говорить также о К. р. любого интервала $[a, b]$ частично упорядоченного множества. K. p. существует далеко не всегда.

Под К. р. универсальной алгебры понимается К. р. в репетке ее конгруэнций. Поскольку конгруэнции в группах определяются нормальными подгруппами, К. р. г р у п п ы может быть определен как ее нормальный ряд (см. Подгрупn ряды), не имеющий отличных от него самого уплотнений (без повторений). Ряд

\[
E=G_{0} \subset \ldots \subset G_{k-1} \subset G_{k}=G
\]

будет К. р. группы $g$ тогда и только тогда, когда всякая подгруппа $g_{i-1}, i=1,2, \ldots, k$, является максимальным истинным нормальным делителем подгруппы $g_{i}$.

Все факторы К. р. будут простыми группами. Всякий нормальный ряд, изоморфный с некоторым К. р., сам будет композиционным. Для К. р. групп имеет место Жордана - Гёльдера теорема. Аналогично определяются и аналогичными свойствами обладают $\boldsymbol{r} . \mathbf{p}$. колец и, вообще, $\omega$-грушп (см. [2]).

Лит.: [1] К о н П. М., Универсальная алгебра, пер. с англ., М., 1968; [2] К у р о шा А. Г., Лекции по общей алгебре, 2 изд., M., 1973. О. А. Иванова, Л. А. Скорняков,</text>
  <text_orig>конечное подмножество $\left\{a_{0}, a_{1}, \ldots, a_{n}\right\}$ частично упорядоченного множества с наименьшим әлементом 0 и наибольпим элементом 1 такое, что

\[
0=a_{0}&lt;a_{1}&lt;\ldots&lt;a_{n}=1
\]

и все интервалы $\left[a_{i}, a_{i+1}\right]$ являются простылии интервалами. Можно говорить также о К. р. любого интервала $[a, b]$ частично упорядоченного множества. K. p. существует далеко не всегда.

Под К. р. универсальной алгебры понимается К. р. в репетке ее конгруэнций. Поскольку конгруэнции в группах определяются нормальными подгруппами, К. р. г р у п п ы может быть определен как ее нормальный ряд (см. Подгрупn ряды), не имеющий отличных от него самого уплотнений (без повторений). Ряд

\[
E=G_{0} \subset \ldots \subset G_{k-1} \subset G_{k}=G
\]

будет К. р. группы $G$ тогда и только тогда, когда всякая подгруппа $G_{i-1}, i=1,2, \ldots, k$, является максимальным истинным нормальным делителем подгруппы $G_{i}$.

Все факторы К. р. будут простыми группами. Всякий нормальный ряд, изоморфный с некоторым К. р., сам будет композиционным. ДЛя К. р. групп имеет место Жордана - Гёльдера теорема. Аналогично определяются и аналогичными свойствами обладают $\boldsymbol{R} . \mathbf{p}$. колец и, вообще, $\Omega$-грушп (см. [2]).

Лит.: [1] К о н П. М., Универсальная алгебра, пер. с англ., М., 1968; [2] К у р о шा А. Г., Лекции по общей алгебре, 2 изд., M., 1973. О. А. Иванова, Л. А. Скорняков,</text_orig>
</article>
