<?xml version="1.0" ?>
<article uri="http://libmeta.ru/me/article/1021_NIZhNJaJa" alphabetic_pos="1021">
  <title>НИЖНЯЯ ГРАНЬ</title>
  <authors/>
  <pages>
    <start>519</start>
    <end>519</end>
  </pages>
  <literature>
    <literature_orig/>
  </literature>
  <formulas_main/>
  <formulas_aux/>
  <relations n="0"/>
  <text>с е м е й с т в а т о п о л о Г й й

![](https://cdn.mathpix.com/cropped/2023_07_08_cc75fb3b23f450f365f5g-1.jpg?height=45&amp;width=836&amp;top_left_y=1439&amp;top_left_x=985)
теоретико-мнокественное пересечение этого семейства топологий, т. е: $\cap F$. Обозначается $\wedge F$. Всегда $\wedge F-$ топология на $x$. Если топологии \&amp; и $\mathscr{\sigma}_{2}$ заданы на

![](https://cdn.mathpix.com/cropped/2023_07_08_cc75fb3b23f450f365f5g-1.jpg?height=40&amp;width=831&amp;top_left_y=1563&amp;top_left_x=989)
то пишут

Топология $\wedge F$ пбладает свойством: если $\mathscr{f}^{\prime}-$ то-

![](https://cdn.mathpix.com/cropped/2023_07_08_cc75fb3b23f450f365f5g-1.jpg?height=45&amp;width=831&amp;top_left_y=1652&amp;top_left_x=989)
Свободная сумма пространств, получающихся при наделении множества $x$ всеми отдельно взятыми топологиями из семейства $f$, канонически отображается на пространство $x, \wedge F$. Важным свойством этого отображения является его факторность. На әтой основе доказываются общие теоремы о сохранении ряда свойств при операцип пересечения топологий.

Jum.: [1] А р х анге ль с ки й А. В., П о но м а$\begin{array}{ll}\text { р е в } &amp; \text { В. И., Основы общей топологии в задачах и упражне- } \\ \text { ниях, М., } 1974 . &amp; \text { А. В. Архангелъский. }\end{array}$</text>
  <text_orig>с е м е й с т в а т о п о л о Г й й

![](https://cdn.mathpix.com/cropped/2023_07_08_cc75fb3b23f450f365f5g-1.jpg?height=45&amp;width=836&amp;top_left_y=1439&amp;top_left_x=985)
теоретико-мнокественное пересечение этого семейства топологий, т. е: $\cap F$. Обозначается $\wedge F$. Всегда $\wedge F-$ топология на $X$. Если топологии \&amp; и $\mathscr{\sigma}_{2}$ заданы на

![](https://cdn.mathpix.com/cropped/2023_07_08_cc75fb3b23f450f365f5g-1.jpg?height=40&amp;width=831&amp;top_left_y=1563&amp;top_left_x=989)
то пишут

Топология $\wedge F$ пбладает свойством: если $\mathscr{F}^{\prime}-$ то-

![](https://cdn.mathpix.com/cropped/2023_07_08_cc75fb3b23f450f365f5g-1.jpg?height=45&amp;width=831&amp;top_left_y=1652&amp;top_left_x=989)
Свободная сумма пространств, получающихся при наделении множества $X$ всеми отдельно взятыми топологиями из семейства $F$, канонически отображается на пространство $X, \wedge F$. Важным свойством этого отображения является его факторность. На әтой основе доказываются общие теоремы о сохранении ряда свойств при операцип пересечения топологий.

Jum.: [1] А р х анге ль с ки й А. В., П о но м а$\begin{array}{ll}\text { р е в } &amp; \text { В. И., Основы общей топологии в задачах и упражне- } \\ \text { ниях, М., } 1974 . &amp; \text { А. В. Архангелъский. }\end{array}$</text_orig>
</article>
