<?xml version="1.0" ?>
<article uri="http://libmeta.ru/me/article/1022_REGULJaRNAJa" alphabetic_pos="1022">
  <title>РЕГУЛЯРНАЯ ФУНКЦИЯ</title>
  <authors/>
  <pages>
    <start>470</start>
    <end>470</end>
  </pages>
  <literature>
    <literature_orig/>
  </literature>
  <formulas_main/>
  <formulas_aux/>
  <relations n="0"/>
  <text>п р а в и л ь н а я ф у н к ц и я, в области - функция $f(z)$ комплексного переменного $z$, однозначная в этой области и имеющая в каждой ее точке конечную производную (cм. Аналитическая функция). Р. ф. в т о ч к е $a$ - это Р. Ф. в нек-рой окрестности $a$. Ю. Д. Максимов.</text>
  <text_orig>п р а в и л ь н а я ф у н к ц и я, в области - функция $f(z)$ комплексного переменного $z$, однозначная в этой области и имеющая в каждой ее точке конечную производную (cм. Аналитическая функция). Р. ф. в т о ч к е $a$ - это Р. Ф. в нек-рой окрестности $a$. Ю. Д. Максимов.</text_orig>
</article>
