<?xml version="1.0" ?>
<article uri="http://libmeta.ru/me/article/1022_KOMPOZitsI" alphabetic_pos="1022">
  <title>КОМПОЗицИЯ</title>
  <authors/>
  <pages>
    <start>508</start>
    <end>508</end>
  </pages>
  <literature>
    <literature_orig/>
  </literature>
  <formulas_main/>
  <formulas_aux/>
  <relations n="0"/>
  <text>бинарная алеебраическая операция. Напр., К. (или суперпозицией) двух функций $f(x)$ и $g(x)$ наз. Функция $h(x)=f[g(x)]$. О К. в теории вероятностей см. Свертка.</text>
  <text_orig>бинарная алеебраическая операция. Напр., К. (или суперпозицией) двух функций $f(x)$ и $g(x)$ наз. Функция $h(x)=f[g(x)]$. О К. в теории вероятностей см. Свертка.</text_orig>
</article>
