<?xml version="1.0" ?>
<article uri="http://libmeta.ru/me/article/1023_REGULJaRNAJa" alphabetic_pos="1023">
  <title>РЕГУЛЯРНАЯ ФУНКЦИЯ МНОЖЕСТВА</title>
  <authors/>
  <pages>
    <start>470</start>
    <end>470</end>
  </pages>
  <literature>
    <literature_orig/>
  </literature>
  <formulas_main/>
  <formulas_aux/>
  <relations n="0"/>
  <text>аддитивная функция $\mu$, определенная на системе множеств топологич. пространства, полная вариация к-рой $|\mu|$ удовлетворяет условию

\[
|\mu|(E)=\inf |\mu|(G)=\sup |\mu|(F), \stackrel{\circ}{G} \supset E \supset \bar{F}
\]

где $\stackrel{\circ}{g}$ - внутренность множества $g, \bar{F}$ - замыкание множества $f(e, G, F-$ из области определения $\mu)$. Ограниченная аддитивная Р.ф. м., определенная на полукольце множеств бикомпактного топологич. про- странства, является счетно аддитивной функцией (т ео рем а А ле к с анд р о в а).

Свойство регулярности можно относить и к мере как частному случаю функции множества и говорить o p е г у л я р н о й м е p e, заданной на топологич. пространстве. Примером регулярной меры является Лебега мера.

Лит.: [1] Д а н ф о $\mathrm{p}$ Д Н., Шi в а $\mathrm{p}$ ц Д ж., Линейные опе-

![](https://cdn.mathpix.com/cropped/2023_07_08_1db5517fcf5ba5cdd9d7g-1.jpg?height=57&amp;width=806&amp;top_left_y=408&amp;top_left_x=986)</text>
  <text_orig>адДИтивная функция $\mu$, определенная на системе множеств топологич. пространства, полная вариация к-рой $|\mu|$ удовлетворяет условию

\[
|\mu|(E)=\inf |\mu|(G)=\sup |\mu|(F), \stackrel{\circ}{G} \supset E \supset \bar{F}
\]

где $\stackrel{\circ}{G}$ - внутренность множества $G, \bar{F}$ - замыкание множества $F(E, G, F-$ из области определения $\mu)$. Ограниченная аддитивная Р.ф. м., определенная на полукольце множеств бикомпактного топологич. про- странства, является счетно аддитивной функцией (т ео рем а А ле к с анд р о в а).

Свойство регулярности можно относить и к мере как частному случаю функции множества и говорить o p е г у л я р н о й м е p e, заданной на топологич. пространстве. Примером регулярной меры является Лебега мера.

Лит.: [1] Д а н ф о $\mathrm{p}$ Д Н., ШI в а $\mathrm{p}$ ц Д ж., Линейные опе-

![](https://cdn.mathpix.com/cropped/2023_07_08_1db5517fcf5ba5cdd9d7g-1.jpg?height=57&amp;width=806&amp;top_left_y=408&amp;top_left_x=986)</text_orig>
</article>
