<?xml version="1.0" ?>
<article uri="http://libmeta.ru/me/article/1023_GIBBSA" alphabetic_pos="1023">
  <title>ГИББСА СТАТИСТИЧЕСКИЙ АНСАМБЕЬ</title>
  <authors/>
  <pages>
    <start>480</start>
    <end>480</end>
  </pages>
  <literature>
    <literature_orig/>
  </literature>
  <formulas_main/>
  <formulas_aux/>
  <relations n="0"/>
  <text>совокупность большого числа одинаковых статістич. систем, к-рые характеризуются одними и теми же значениями термодинамич. параметров, но могут находіться в различных микроскопич. состояниях. Әто формальное построение позволяет интерпретировать функцию распределения по мікроскопич. состояниям статистич. системы как распределение числа систем ансамбля по этим состояниям. Напр., в статистич. механике классич. систем состояние ансамбля определяется плотностью точек в фазовом пространстве - 6n-мерном пространстве импульсов и координат системы из $n$ частиц, каждая из точек к-рого фиксірует микроскопич. состояние системы. В зависимости от способа фиксации макроскопич. состояния систем ансамбля различают: м и к р о к а н о ни ч е с ки й Г. с. а. ансамбль изолированных систем, еслиг задаются значения энергии системы, ее внешніх параметров (объем, внешние поля и т. Д.) и числа частиц в ней; к а н о н ич е с к и й Г. с. а. - ансамбль систем с фиксированным числом частиц I находящихся в термостате, если вместо энергиі задана температура системы; б о л ьш о й к ан о н и ч е с к й ї $\gamma$. с. а. - ансамбль систем в общем термостате, но числа частиц в ніх не фиксированы, если заданы температура, объем, внешние поля и химич. потенциал систем. Возможны и иные варианты. Распределение по микроскопич. состояниям в различных $\gamma$. с. а. определяется соответствующим Гиббса распределениеи.

Понятие Г. с. а. используется при обсуждении общих вопросов статистич. механикі, перехода от одного канонич. распределения к другому (см. Дарвина - Фаулера метод) и др.

И. А. Квасников.</text>
  <text_orig>совокупность большого числа одинаковых статістич. систем, к-рые характеризуются одними и теми же значениями термодинамич. параметров, но могут находіться в различных микроскопич. состояниях. Әто формальное построение позволяет интерпретировать функцию распределения по мікроскопич. состояниям статистич. системы как распределение числа систем ансамбля по этим состояниям. Напр., в статистич. механике классич. систем состояние ансамбля определяется плотностью точек в фазовом пространстве - 6n-мерном пространстве импульсов и координат системы из $n$ частиц, каждая из точек к-рого фиксірует микроскопич. состояние системы. В зависимости от способа фиксации макроскопич. состояния систем ансамбля различают: м и к р о к а н о ни ч е с ки й Г. с. а. ансамбль изолированных систем, еслиг задаются значения энергии системы, ее внешніх параметров (объем, внешние поля и т. Д.) и числа частиц в ней; к а н о н ич е с к и й Г. с. а. - ансамбль систем с фиксированным числом частиц I находящихся в термостате, если вместо энергиі задана температура системы; б о л ьш о й к ан о н и ч е с к й ї $\Gamma$. с. а. - ансамбль систем в общем термостате, но числа частиц в ніх не фиксированы, если заданы температура, объем, внешние поля и химич. потенциал систем. Возможны и иные варианты. Распределение по микроскопич. состояниям в различных $\Gamma$. с. а. определяется соответствующим Гиббса распределениеи.

Понятие Г. с. а. используется при обсуждении общих вопросов статистич. механикі, перехода от одного канонич. распределения к другому (см. Дарвина - Фаулера метод) и др.

И. А. Квасников.</text_orig>
</article>
