<?xml version="1.0" ?>
<article uri="http://libmeta.ru/me/article/1024_KOMPONENT" alphabetic_pos="1024">
  <title>КОМПОНЕНТА</title>
  <authors/>
  <pages>
    <start>508</start>
    <end>508</end>
  </pages>
  <literature>
    <literature_orig/>
  </literature>
  <formulas_main/>
  <formulas_aux/>
  <relations n="0"/>
  <text>п р о с т р а н с т в а - связное подмножество $c$ топологич. пространства $x$, обладающее следующим свойством: для любого связного множества $c_{1} \subset X$ из включения $c \subset C_{1}$ вытекает, что $c=c_{1}$. K. пространства являются непересекающимися множествами. Всякое непустое связное множество содержится в одной и только одной $\mathrm{k}$. Если $c-\mathrm{K}$. пространства $x$, и при этом $c \subset Y \subset X$, то $c$ есть $\mathrm{k}$. подпространства $y$. Если $f: X \rightarrow Y-$ монотонное непрерывное отображение на, то множество $c$ является компонентой $y$ тогда и только тогда, когда $f^{-1}(C)-$ R. $\boldsymbol{x}$.

Лит.. [1] К у р а т о в с к и й К., Топология, т. 2, пер. с
англ., М., 1969.</text>
  <text_orig>п р о с т р а н с т в а - связное подмножество $C$ топологич. пространства $X$, обладающее следующим свойством: для любого связного множества $C_{1} \subset X$ из включения $C \subset C_{1}$ вытекает, что $C=C_{1}$. K. пространства являются непересекающимися множествами. Всякое непустое связное множество содержится в одной и только одной $\mathrm{K}$. Если $C-\mathrm{K}$. пространства $X$, и при этом $C \subset Y \subset X$, то $C$ есть $\mathrm{K}$. подпространства $Y$. Если $f: X \rightarrow Y-$ монотонное непрерывное отображение на, то множество $C$ является компонентой $Y$ тогда и только тогда, когда $f^{-1}(C)-$ R. $\boldsymbol{X}$.

Лит.. [1] К у р а т о в с к и й К., Топология, т. 2, пер. с
англ., М., 1969.</text_orig>
</article>
