<?xml version="1.0" ?>
<article uri="http://libmeta.ru/me/article/1024_GIBBSA" alphabetic_pos="1024">
  <title>ГИББСА ЯВЛЕНИЕ</title>
  <authors/>
  <pages>
    <start>480</start>
    <end>481</end>
  </pages>
  <literature>
    <literature_orig/>
  </literature>
  <formulas_main/>
  <formulas_aux/>
  <relations n="0"/>
  <text>особенность поведения частных сумм (или их средних) рядов Фурье. Впервые об-

![](https://cdn.mathpix.com/cropped/2023_07_08_7f445f996fd73b3e11cdg-1.jpg?height=291&amp;width=689&amp;top_left_y=1849&amp;top_left_x=1062)

наружена Г. Уилбрейамом [1] и значительно повже переоткрыта Дж. Гиббсом [2]. Пусть частные суммы $s_{n}(x)$ ряда Фурье функции $f(x)$ сходятся $\mathbf{k} f(x)$ в нек-рой окрестности $\left\{x: 0&lt;\left|x-x_{0}\right|&lt;h\right\}$ точки $x_{0}$, в $a \equiv f\left(x_{0}-0\right) \leqslant f\left(x_{0}+0\right) \equiv b$. В точке $x_{0}$ имеет место Г. я. для $s_{n}(x)$, если $a&lt;a \leqslant b&lt;$ $&lt;b$, где

\[
\begin{gathered}
A=\varliminf_{\substack{n \rightarrow x_{0}^{\infty} \\
x \rightarrow 0}} s_{n}(x), \\
B=\varlimsup_{\substack{n \rightarrow \infty \\
x \rightarrow x_{0}+0}} s_{n}(x) .
\end{gathered}
\]

Геометрически это означает, что графики (рис.) частных сумм $s_{n}(x)$ при $x \rightarrow x_{0}$ и $n \rightarrow \infty$ приближаются не к «ожндаемому» отрезку $[a, b]$ по оси ординат, а к строго большему отрезку $[a, B]$. Аналогично определяется Г. я. для средних от частных сумм ряда Фурье при суммировании его тем или иным методом.

![](https://cdn.mathpix.com/cropped/2023_07_08_9e2ebf3f03d93a2e8cc1g-1.jpg?height=39&amp;width=796&amp;top_left_y=623&amp;top_left_x=158)
нием на $[-\pi, \pi]$ справедливы, напр., утверждения (cm. [3]).

1) В точках неустранимого разрыва (и только в них) имеет место Г. я. для $s_{n}(x)$. В частности, если $f(x)=(\pi-x) / 2$ при $0&lt;x&lt;2 \pi$, то для точки $x_{0}$ отрезок $[a, b]=[-\pi / 2, \pi / 2]$, а отрезок $[a, B]=[-l, l]$, где

\[
l=\int_{0}^{\pi} \frac{\sin t}{t} d t \approx 1,85 \ldots&gt;\frac{\pi}{2} .
\]

2) Существует такая абсолютная постоянная $\alpha_{0}$, $0&lt;\alpha_{0}&lt;1$, что средние Чезаро $\sigma_{n}^{\alpha}(x)$ при $\alpha \geqslant \alpha_{0}$ не имеют $\gamma$. я., а при $\alpha&lt;\alpha_{0}$ оно наблюдается в каждой точке неустранимого разрыва функции $f$.

Jum.: [1] W i l l b r a h a m H., &quot;cambridge and Dublin Math. J.&quot;, 1848, v. 3, p.198-201; [2] G i b b s J. W., &quot;nature», 1898, у. 59, р. $200 ;$ [3] 3 и г м ун д А., Тригонометрические
ряды, пер. с англ., т. 1, 2, М., 1965.</text>
  <text_orig>особенность поведения частных сумм (или их средних) рядов Фурье. Впервые об-

![](https://cdn.mathpix.com/cropped/2023_07_08_7f445f996fd73b3e11cdg-1.jpg?height=291&amp;width=689&amp;top_left_y=1849&amp;top_left_x=1062)

наружена Г. Уилбрейамом [1] и значительно повже переоткрыта Дж. Гиббсом [2]. Пусть частные суммы $s_{n}(x)$ ряда Фурье функции $f(x)$ сходятся $\mathbf{k} f(x)$ в нек-рой окрестности $\left\{x: 0&lt;\left|x-x_{0}\right|&lt;h\right\}$ точки $x_{0}$, в $a \equiv f\left(x_{0}-0\right) \leqslant f\left(x_{0}+0\right) \equiv b$. В точке $x_{0}$ имеет место Г. я. для $s_{n}(x)$, если $A&lt;a \leqslant b&lt;$ $&lt;B$, где

\[
\begin{gathered}
A=\varliminf_{\substack{n \rightarrow x_{0}^{\infty} \\
x \rightarrow 0}} s_{n}(x), \\
B=\varlimsup_{\substack{n \rightarrow \infty \\
x \rightarrow x_{0}+0}} s_{n}(x) .
\end{gathered}
\]

Геометрически это означает, что графики (рис.) частных сумм $s_{n}(x)$ при $x \rightarrow x_{0}$ и $n \rightarrow \infty$ приближаются не к «ожндаемому» отрезку $[a, b]$ по оси ординат, а к строго большему отрезку $[A, B]$. Аналогично определяется Г. я. для средних от частных сумм ряда Фурье при суммировании его тем или иным методом.

![](https://cdn.mathpix.com/cropped/2023_07_08_9e2ebf3f03d93a2e8cc1g-1.jpg?height=39&amp;width=796&amp;top_left_y=623&amp;top_left_x=158)
нием на $[-\pi, \pi]$ справедливы, напр., утверждения (cM. [3]).

1) В точках неустранимого разрыва (и только в них) имеет место Г. я. для $s_{n}(x)$. В частности, если $f(x)=(\pi-x) / 2$ при $0&lt;x&lt;2 \pi$, то для точки $x_{0}$ отрезок $[a, b]=[-\pi / 2, \pi / 2]$, а отрезок $[A, B]=[-l, l]$, где

\[
l=\int_{0}^{\pi} \frac{\sin t}{t} d t \approx 1,85 \ldots&gt;\frac{\pi}{2} .
\]

2) Существует такая абсолютная постоянная $\alpha_{0}$, $0&lt;\alpha_{0}&lt;1$, что средние Чезаро $\sigma_{n}^{\alpha}(x)$ при $\alpha \geqslant \alpha_{0}$ не имеют $\Gamma$. я., а при $\alpha&lt;\alpha_{0}$ оно наблюдается в каждой точке неустранимого разрыва функции $f$.

Jum.: [1] W i l l b r a h a m H., &quot;Cambridge and Dublin Math. J.&quot;, 1848, v. 3, p.198-201; [2] G i b b s J. W., &quot;Nature», 1898, у. 59, р. $200 ;$ [3] 3 и г м ун д А., Тригонометрические
ряды, пер. с англ., т. 1, 2, М., 1965.</text_orig>
</article>
