<?xml version="1.0" ?>
<article uri="http://libmeta.ru/me/article/1025_NILBGRUPP" alphabetic_pos="1025">
  <title>НИЛБГРУППА</title>
  <authors/>
  <pages>
    <start>521</start>
    <end>521</end>
  </pages>
  <literature>
    <literature_orig/>
  </literature>
  <formulas_main/>
  <formulas_aux/>
  <relations n="0"/>
  <text>группа, в к-рой любые два әлемента $x, y$ связаны соотношением

\[
[[\ldots[[x, y] y], \ldots] y]=1,
\]

где квадратные скобки обозначают коммутатор

\[
[a, b]=a^{-1} b^{-1} a b
\]

причем в определении число коммутирований $n$ зависит, вообще говоря, от пары $x, y$. В случае, если число $n$ ограничено для всех $x, y$ из данной группы, групша наз. э н г е л е в о й. Всякая локально нильпотентная әрупnа является Н. Обратное в общем случае неверно, во верно при нек-рых дополнительных предположениях, напр. при условии локальной разрешимости группы. Вопрос о локальной нильпотентности энгелевой группы открыт (1981).

Термин «н.» иногда употребляется в ином смысле. А именно, н и л ь г р у П п о й наз. группу, в к-рой всякая циклич. подгруппа субнормальна, т. е. включается в нек-рый субнормальный ряд группы (см. Нормальный ряд группы).

Лит.: [1] К у р о ші А. Г., Теория групп, 3 изд., М., 1967.

А. Л. Шаелъкин.</text>
  <text_orig>группа, в к-рой любые два әлемента $x, y$ связаны соотношением

\[
[[\ldots[[x, y] y], \ldots] y]=1,
\]

где квадратные скобки обозначают коммутатор

\[
[a, b]=a^{-1} b^{-1} a b
\]

причем в определении число коммутирований $n$ зависит, вообще говоря, от пары $x, y$. В случае, если число $n$ ограничено для всех $x, y$ из данной группы, групша наз. э н г е л е в о й. Всякая локально нильпотентная әрупnа является Н. Обратное в общем случае неверно, во верно при нек-рых дополнительных предположениях, напр. при условии локальной разрешимости группы. Вопрос о локальной нильпотентности энгелевой группы открыт (1981).

Термин «Н.» иногда употребляется в ином смысле. А именно, н и л ь г р у П п о й наз. группу, в к-рой всякая циклич. подгруппа субнормальна, т. е. включается в нек-рый субнормальный ряд группы (см. Нормальный ряд группы).

Лит.: [1] К у р о ші А. Г., Теория групп, 3 изд., М., 1967.

А. Л. Шаелъкин.</text_orig>
</article>
