<?xml version="1.0" ?>
<article uri="http://libmeta.ru/me/article/1026_GIDRODINAMIChESKOE" alphabetic_pos="1026">
  <title>ГИДРОДИНАМИЧЕСКОЕ ПРИБЛИЖЕНИЕ</title>
  <authors/>
  <pages>
    <start>483</start>
    <end>484</end>
  </pages>
  <literature>
    <literature_orig/>
  </literature>
  <formulas_main/>
  <formulas_aux/>
  <relations n="0"/>
  <text>М尺тод описания эволюціи системы і ее характерных свойств на основе макроскопич. уравнений гидродинамикі. Г. П. соответствует рассмотрению сістемы типа газа или жидкости как непрерывной среды, когда в уравнениях гидродинамики, ошисывающих систему, любые приращения времени $t$ (даже $d t$ ) всегда больше времени релаксации к локально равновесному распределению (для классич. спстемы - к локальному Максвелла распределению), т. е. всегда больше времени образования локальных термодинамич. характеристик, таких, как плотность, гидродінамич. скорость, температура и т. Д., а изменения последних в координатном пространстве настолько сглажены, что используемые в приближении приращения объемов $d \boldsymbol{r}$ не только содержат достаточное число частиц, но и образуют квазиоднородные статистические подсистемы.

С точки зрения статистич. механики, классич. уравнения гидродинамики могут быть получены из кинетич. уравнения в приближении медленных и сглаженных процессов в молекулярных масштабах (средний пробег) времени и длины. С этой целью на основе кинетич. уравнения составляются уравнения для локальной плотности (уравнения непрерывности), гидродинамич. скорости (уравнения движения) и локальной температуры (уравнения сохранения энергии), а затем в них подставляется решение для одночастичной функции распределения, соответствующее случаю малого отклонения ее от локального распределения Максвелла. В нулевом приближениі это приводит к уравнениям ıдеальной жидкости, в первом приближении - к Навье - Стокса уравнениям. Этот процесс составляет основу Чеплена - Энскога метода.

Более общий метод основан на цепочке уравнений для временных корреляционных функций (см. Боголюбова цепочка уравнений) и ее решении в виде разложения по параметру, характеризующему степень неоднородности системы. Получающиеся разложения для коэффициентов переноса идентичны результатам метода Чепмена - Энскога только в тех частях, к-рые включают учет парных столкновений (эффекты тройных столкновений дают соизмеримые им вклады).

Аналогичный метод получения гидродинамич. уравнений может быть использован и для квантовых жидкостей, когда необходимо исходить из цепочки уравненıй Боголюбова для квантовых корреляционных функций, или уравнений для квантовых Грина функций, или непосредственно из Ii рёдингера уравнения.

Tuт.: [1] Б о г олю б о в Н. Н., Избр. тр., т. 2, Киев, $1970 ;[2]$ у л е н б е к Д., Ф о р д Д ж., Јекции по статистической механике, пер. с англ., М., 1965. Н. А. Квасников.</text>
  <text_orig>М尺тод описания эволюціи системы і ее характерных свойств на основе макроскопич. уравнений гидродинамикі. Г. П. соответствует рассмотрению сістемы типа газа или жидкости как непрерывной среды, когда в уравнениях гидродинамики, ошисывающих систему, любые приращения времени $t$ (даже $d t$ ) всегда больше времени релаксации к локально равновесному распределению (для классич. спстемы - к локальному Максвелла распределению), т. е. всегда больше времени образования локальных термодинамич. характеристик, таких, как плотность, гидродінамич. скорость, температура и т. Д., а изменения последних в координатном пространстве настолько сглажены, что используемые в приближении приращения объемов $d \boldsymbol{r}$ не только содержат достаточное число частиц, но и образуют квазиоднородные статистические подсистемы.

С точки зрения статистич. механики, классич. уравнения гидродинамики могут быть получены из кинетич. уравнения в приближении медленных и сглаженных процессов в молекулярных масштабах (средний пробег) времени и длины. С этой целью на основе кинетич. уравнения составляются уравнения для локальной плотности (уравнения непрерывности), гидродинамич. скорости (уравнения движения) и локальной температуры (уравнения сохранения энергии), а затем в них подставляется решение для одночастичной функции распределения, соответствующее случаю малого отклонения ее от локального распределения Максвелла. В нулевом приближениі это приводит к уравнениям ıдеальной жидкости, в первом приближении - к Навье - Стокса уравнениям. Этот процесс составляет основу Чеплена - Энскога метода.

Более общий метод основан на цепочке уравнений для временных корреляционных функций (см. Боголюбова цепочка уравнений) и ее решении в виде разложения по параметру, характеризующему степень неоднородности системы. Получающиеся разложения для коэффициентов переноса идентичны результатам метода Чепмена - Энскога только в тех частях, к-рые включают учет парных столкновений (эффекты тройных столкновений дают соизмеримые им вклады).

Аналогичный метод получения гидродинамич. уравнений может быть использован и для квантовых жидкостей, когда необходимо исходить из цепочки уравненıй Боголюбова для квантовых корреляционных функций, или уравнений для квантовых Грина функций, или непосредственно из II рёдингера уравнения.

Tuт.: [1] Б о г олю б о в Н. Н., Избр. тр., т. 2, Киев, $1970 ;[2]$ у л е н б е к Д., Ф о р д Д ж., Јекции по статистической механике, пер. с англ., М., 1965. Н. А. Квасников.</text_orig>
</article>
