<?xml version="1.0" ?>
<article uri="http://libmeta.ru/me/article/1027_KONGRUӬNTs-PROBLEM" alphabetic_pos="1027">
  <title>КОНГРУӬНЦ-ПРОБЛЕМА</title>
  <authors/>
  <pages>
    <start>508</start>
    <end>508</end>
  </pages>
  <literature>
    <literature_orig/>
  </literature>
  <formulas_main/>
  <formulas_aux/>
  <relations n="0"/>
  <text>всякая ли подгруппа конечного индекса группы $g_{o}$, где $o-$ кольцо целых әлементов поля алгебраич. чисел $k$, а $g-$ связная линейная алгебраическая $k$-определенная группа, является конгруэнц-подгруппой? Это - классическая постановка К.-П. Современный вариант К.-П. основывается на понятии конгруэнц-ядра, выражающего меру отклонения от ее положительного решения. А именно, пусть $\hat{g}_{o}$ и $g_{o}-$ пополнения группы $o-$ точек $g_{o}$ в топологии, определяемой соответственно всеми подгруппами конечного индекса и конгруэнц-подгруппами группы $g_{o}$. Тогда существует сюръективный и непрерывный гомоморфизм $\pi: \widehat{G}_{O \rightarrow} \bar{G}_{O}$. Ядро Ker $\pi$ наз. конгруәнц-ядром и обозначается через $c(g)$. Положительное решение К.-п. в классической постановке эквивалентно $c(g)=1$. К.-п. в современной форме заключается в вычислении конгруэнц-ядра $c(g)$. Для $g_{o}=s L(\pi, \mathbb{Z})$, где $\mathbb{z}-$ кольцо целых чисел, еще в конце 19 в. было известно, что при $n=2$ К.-П. решается отрицательно. В 1965 было показано, что при $n&gt;2$ всякая подгруппа конечного индекса групіы $s L(n, \mathbb{Z})$ является конгруэнц-подгруппой (см. [1]). Вслед за этим было получено [1] решение К.-П. для $g_{o}=s L(n, O), n&gt;2$, или $s p(2 n, O), n&gt;1$, где $s p$ обозначает симплектическую группу. Для этих групп результат таков: $c(g) \neq 1$ только для вполне мнимого поля $k$, для к-рого конгруэнц-ядро $c(g)$ изоморфно циклической группе корней из единицы, содержащихся в $k$. Оказывается, точно такой же результат справедлив для всех односвязных групп Шевалле, кроме $s L(2)$ (см. [3]). Условие односвязности является существенным, ибо из теоремы о сильной аппроксимации следует, что для неодносвязной полупростой группы $g$ конгруэнц-ядро $c(g)$ бесконечно. Для неполупростой группы $g$ всегда $c(g)=c(s)$, где $s$ - максимальная полупростая подгруппа в $g$; в частности, для разрешимой $g$ всегда $c(g)=1$.

Более общая форма К.-П. получается заменой кольца $o$ на кольцо

\[
O_{V}=\{x \in k \mid v(x) \leqslant 1, \text { при всех } v \notin V\}
\]

где $v$ - произвольное конечное множество неэквивалентных нормирований поля $k$, содержащее все архимедовы нормирования. В этой ситуации конгруэнц-ядро, обозначаемое $c(g, V)$, существенно зависит от $v$ (см. [4], [5]).

![](https://cdn.mathpix.com/cropped/2023_07_08_6584a59bd7eb7d67d7aag-1.jpg?height=45&amp;width=786&amp;top_left_y=1042&amp;top_left_x=1026)
&quot;математика&quot;, $1970, \mathrm{~T} .14$, № 6, c. 64-128; 1971, т. 15 , № 1 , c. 44-60; [2] C e p p \%.-П., &quot;математика&quot;, 1971, т. 15, № 6, c. 1969, t. 2 , № 1 , p. $1-62$; [4] Итоги науки и техники. Алгебра топология. Геометрия, т. 11, M., 1974, с. 5-37; [5] R a g h un a th a n M., &quot;publ. Math. Ihes», 1976, № 46, p. 107-61.</text>
  <text_orig>всякая ли подгруппа конечного индекса группы $G_{O}$, где $O-$ кольцо целых әлементов поля алгебраич. чисел $k$, а $G-$ связная линейная алгебраическая $k$-определенная группа, является конгруэнц-подгруппой? Это - классическая постановка К.-П. Современный вариант К.-П. основывается на понятии конгруэнц-ядра, выражающего меру отклонения от ее положительного решения. А именно, пусть $\hat{G}_{O}$ и $G_{O}-$ пополнения группы $O-$ точек $G_{O}$ в топологии, определяемой соответственно всеми подгруппами конечного индекса и конгруэнц-подгруппами группы $G_{O}$. Тогда существует сюръективный и непрерывный гомоморфизм $\pi: \widehat{G}_{O \rightarrow} \bar{G}_{O}$. Ядро Ker $\pi$ наз. конгруәнц-ядром и обозначается через $c(G)$. Положительное решение К.-п. в классической постановке эквивалентно $c(G)=1$. К.-п. в современной форме заключается в вычислении конгруэнц-ядра $c(G)$. Для $G_{O}=S L(\pi, \mathbb{Z})$, где $\mathbb{Z}-$ кольцо целых чисел, еще в конце 19 в. было известно, что при $n=2$ К.-П. решается отрицательно. В 1965 было показано, что при $n&gt;2$ всякая подгруппа конечного индекса групіы $S L(n, \mathbb{Z})$ является конгруэнц-подгруппой (см. [1]). Вслед за этим было получено [1] решение К.-П. для $G_{O}=S L(n, O), n&gt;2$, или $S p(2 n, O), n&gt;1$, где $S p$ обозначает симплектическую группу. Для этих групп результат таков: $c(G) \neq 1$ только для вполне мнимого поля $k$, для к-рого конгруэнц-ядро $c(G)$ изоморфно циклической группе корней из единицы, содержащихся в $k$. Оказывается, точно такой же результат справедлив для всех односвязных групп Шевалле, кроме $S L(2)$ (см. [3]). Условие односвязности является существенным, ибо из теоремы о сильной аппроксимации следует, что для неодносвязной полупростой группы $G$ конгруэнц-ядро $c(G)$ бесконечно. Для неполупростой группы $G$ всегда $c(G)=c(S)$, где $S$ - максимальная полупростая подгруппа в $G$; в частности, для разрешимой $G$ всегда $c(G)=1$.

Более общая форма К.-П. получается заменой кольца $O$ на кольцо

\[
O_{V}=\{x \in k \mid v(x) \leqslant 1, \text { при всех } v \notin V\}
\]

где $V$ - произвольное конечное множество неэквивалентных нормирований поля $k$, содержащее все архимедовы нормирования. В этой ситуации конгруэнц-ядро, обозначаемое $c(G, V)$, существенно зависит от $V$ (см. [4], [5]).

![](https://cdn.mathpix.com/cropped/2023_07_08_6584a59bd7eb7d67d7aag-1.jpg?height=45&amp;width=786&amp;top_left_y=1042&amp;top_left_x=1026)
&quot;Математика&quot;, $1970, \mathrm{~T} .14$, № 6, c. 64-128; 1971, т. 15 , № 1 , c. 44-60; [2] C e p p \%.-П., &quot;Математика&quot;, 1971, т. 15, № 6, c. 1969, t. 2 , № 1 , p. $1-62$; [4] Итоги науки и техники. Алгебра топология. Геометрия, т. 11, M., 1974, с. 5-37; [5] R a g h un a th a n M., &quot;Publ. Math. IHES», 1976, № 46, p. 107-61.</text_orig>
</article>
