<?xml version="1.0" ?>
<article uri="http://libmeta.ru/me/article/1027_GIL'BERTA" alphabetic_pos="1027">
  <title>ГИЛЬБЕРТА ГЕОМЕТРИЯ</title>
  <authors/>
  <pages>
    <start>484</start>
    <end>484</end>
  </pages>
  <literature>
    <literature_orig/>
  </literature>
  <formulas_main/>
  <formulas_aux/>
  <relations n="0"/>
  <text>геометрия полного метрич. пространства $h$ с метрикой $h(x, y)$, к-рое вместе с любыми двумя различными точками $x$ и $y$ содержит точки $z$ и $t$ такие, что $h(x, z)+h(z, y)=h(x, y), h(x, y)+$ $+h(y, t)=h(x, t)$, и к-рое гомеоморфно выпуклому множеству $n$-мерного аффинного пространства $a^{n}$, причем геодезические $\gamma \in H$ отображаются в прямые $a^{n}$. Напр., пусть $k$ - выпуклое тело пространства $a^{n}$, граница к-рого $\partial K$ не содержит двух неколлинеарных отрезков, и пусть точки $x, y \in K$ расположены на прямой $l$, пересекающей в точках $a, b$ границу $\partial K, R(x, y, a, b)-$ двойное отношение точек $x, y, a, b$ (если $x=(1-\lambda) a+\lambda b$, $y=(1-\mu) a+\mu b, \quad$ то $\left.R(x, y, a, \quad b)=\frac{1-\lambda}{1-\mu} \cdot \frac{\mu}{\lambda}\right)$.

Тогда

\[
h(x, y)=\frac{1}{2}|\ln R(x, y, a, b)|
\]

- метрика Г. г. (ме т р и к а Ги л ь б е р т а). Если $k$ центрально симметрично, то $h(x, y)$ является метрикой Минковского (см. Минковского геометрия), если $k$ - эллипсоид, то $h(x, y)$ определяет геометрию Лобачевского.

Проблема определения всех метризаций $k$, при к-рых геодезическими являются прямые, составляет содержание 4-й проблемы Гильберта; решена полностью в [4].

Обобщением Г. г. является так наз. геометрия геодезических (см. Геодезических геометрия).

Г. г. впервые была упомянута Д. Гильбертом (d. Hilbert) в 1894 в письме к Ф. Клейну (f. Klein).

Лит.: [1] Г и л ь б е р т Д., Основания геометрии, М.-Л., пер. с нем., 1948; [2] Проблемы Гильберта, М., 1969; [3] Б у[4] П о г о ре л о в А. В., Четвертая проблема Гильберта, 1974 .

M. И. Войцеховский.</text>
  <text_orig>геометрия полного метрич. пространства $H$ с метрикой $h(x, y)$, к-рое вместе с любыми двумя различными точками $x$ и $y$ содержит точки $z$ и $t$ такие, что $h(x, z)+h(z, y)=h(x, y), h(x, y)+$ $+h(y, t)=h(x, t)$, и к-рое гомеоморфно выпуклому множеству $n$-мерного аффинного пространства $A^{n}$, причем геодезические $\gamma \in H$ отображаются в прямые $A^{n}$. Напр., пусть $K$ - выпуклое тело пространства $A^{n}$, граница к-рого $\partial K$ не содержит двух неколлинеарных отрезков, и пусть точки $x, y \in K$ расположены на прямой $l$, пересекающей в точках $a, b$ границу $\partial K, R(x, y, a, b)-$ двойное отношение точек $x, y, a, b$ (если $x=(1-\lambda) a+\lambda b$, $y=(1-\mu) a+\mu b, \quad$ то $\left.R(x, y, a, \quad b)=\frac{1-\lambda}{1-\mu} \cdot \frac{\mu}{\lambda}\right)$.

Тогда

\[
h(x, y)=\frac{1}{2}|\ln R(x, y, a, b)|
\]

- метрика Г. г. (ме т р и к а Ги л ь б е р т а). Если $K$ центрально симметрично, то $h(x, y)$ является метрикой Минковского (см. Минковского геометрия), если $K$ - эллипсоид, то $h(x, y)$ определяет геометрию Лобачевского.

Проблема определения всех метризаций $K$, при к-рых геодезическими являются прямые, составляет содержание 4-й проблемы Гильберта; решена полностью в [4].

Обобщением Г. г. является так наз. геометрия геодезических (см. Геодезических геометрия).

Г. г. впервые была упомянута Д. Гильбертом (D. Hilbert) в 1894 в письме к Ф. Клейну (F. Klein).

Лит.: [1] Г и л ь б е р т Д., Основания геометрии, М.-Л., пер. с нем., 1948; [2] Проблемы Гильберта, М., 1969; [3] Б у[4] П о г о ре л о в А. В., Четвертая проблема Гильберта, 1974 .

M. И. Войцеховский.</text_orig>
</article>
