<?xml version="1.0" ?>
<article uri="http://libmeta.ru/me/article/1028_REGU" alphabetic_pos="1028">
  <title>РЕГУ ЛЯ РНОЕ ПРОСТОЕ ЧИСЛО</title>
  <authors/>
  <pages>
    <start>472</start>
    <end>472</end>
  </pages>
  <literature>
    <literature_orig/>
  </literature>
  <formulas_main/>
  <formulas_aux/>
  <relations n="0"/>
  <text>простое нечетное число $p$, для к-рого число классов идеалов кругового поля $r\left(e^{2 \pi \imath / p}\right)$ не делится на $p$. Все остальные простые нечетные числа наз. и р р е г у л я р ны м и (см. Иррегулярное простое число). О. А. Иванова.</text>
  <text_orig>простое нечетное число $p$, для к-рого число классов идеалов кругового поля $R\left(e^{2 \pi \imath / p}\right)$ не делится на $p$. Все остальные простые нечетные числа наз. и р р е г у л я р ны м и (см. Иррегулярное простое число). О. А. Иванова.</text_orig>
</article>
