<?xml version="1.0" ?>
<article uri="http://libmeta.ru/me/article/1028_NIL'POTENTNAJa" alphabetic_pos="1028">
  <title>НИЛЬПОТЕНТНАЯ АЛГЕБРА</title>
  <authors/>
  <pages>
    <start>522</start>
    <end>522</end>
  </pages>
  <literature>
    <literature_orig/>
  </literature>
  <formulas_main/>
  <formulas_aux/>
  <relations n="0"/>
  <text>алгебра, для к-рой существует такое натуральное число $n$, что любое произведение $n$ элементов алгебры равно нулю. Если при этом существует произведение $n-1$ элементов, не равное нулю, то $n$ наз. ин д е к с о м н и ль по те н тн о с т иi H. a.

Примерами Н. а. являются: алгебры с нулевым умножением, алгебра строго верхнетреугольных матриц. прямые суммы Н. а., индексы нильпотентности к-рых огрангчены в совокупности, тензорное произведение двух алгебр, из к-рых одна нильпотентна.

Класс Н. а. замкнут относительно взятия гомоморфных образов и перехода к подалгебрам. В ассоциативной алгебре сумма конечного числа нильпотен'гных идеалов является нильпотентным идеалом, а сумма произвольного множества нільпотентных идеалов является, вообе говоря, локально нильпотентным идеалом. Конечномерная алгебра над полем нулевой характеристики, обладающая базисом, состоящим из нильпотентных элементов, нильпотентна. Если алгебра удовлетворяет полиномиальному тождеству степени $d$, то всякое ее нильпотентное подкольцо в степени [d/2] принадлежит сумме нильпотентных идеалов. Производная алгебра конечномерной алгебры Ли над полем нулевой характеристики нильпотентна. Нильпотентные подалгебры, совпадающие со своим нормализатором (п о да лг е б р Ы роль в классификации простых алгебр Ли конечной размерности. Н. а. Ли обладает внешним автоморфизмом. Алгебра Ли с регулярным автоморфизмом (т. е. автоморфизмом, не имеющим неподвижных элементов, кроме нулевого) простого периода нильпотентна.

Лит.: [1] Д же к о б с о н Н., Строение колец, пер. англ., м., 1961; [2] е г о ж е, Алгебры Ли, пер. с англ., М., 1964; [3] A 1 b e r t A. A., Structure of algebras, [3 ed.], Providence, [1968]; [4] J a c o b s o n N., &quot;proc. Amer. Math. Soc.&quot;,
1955 , v. 6, № 2, p. 281-83; [5] H i g m a n G., &quot;j. Lond. Math. Soc.», 1957, v. 32 , № 3, p. 321-34. В. Н. Латышев.</text>
  <text_orig>алгебра, для к-рой существует такое натуральное число $n$, что любое произведение $n$ элементов алгебры равно нулю. Если при этом существует произведение $n-1$ элементов, не равное нулю, то $n$ наз. ин д е к с о м н и ль по те н тн о с т иI H. a.

Примерами Н. а. являются: алгебры с нулевым умножением, алгебра строго верхнетреугольных матриц. прямые суммы Н. а., индексы нильпотентности к-рых огрангчены в совокупности, тензорное произведение двух алгебр, из к-рых одна нильпотентна.

Класс Н. а. замкнут относительно взятия гомоморфных образов и перехода к подалгебрам. В ассоциативной алгебре сумма конечного числа нильпотен'гных идеалов является нильпотентным идеалом, а сумма произвольного множества нільпотентных идеалов является, вообе говоря, локально нильпотентным идеалом. Конечномерная алгебра над полем нулевой характеристики, обладающая базисом, состоящим из нильпотентных элементов, нильпотентна. Если алгебра удовлетворяет полиномиальному тождеству степени $d$, то всякое ее нильпотентное подкольцо в степени [d/2] принадлежит сумме нильпотентных идеалов. Производная алгебра конечномерной алгебры Ли над полем нулевой характеристики нильпотентна. Нильпотентные подалгебры, совпадающие со своим нормализатором (п о да лг е б р Ы роль в классификации простых алгебр Ли конечной размерности. Н. а. Ли обладает внешним автоморфизмом. Алгебра Ли с регулярным автоморфизмом (т. е. автоморфизмом, не имеющим неподвижных элементов, кроме нулевого) простого периода нильпотентна.

Лит.: [1] Д же к о б с о н Н., Строение колец, пер. англ., м., 1961; [2] е г о ж е, Алгебры Ли, пер. с англ., М., 1964; [3] A 1 b e r t A. A., Structure of algebras, [3 ed.], Providence, [1968]; [4] J a c o b s o n N., &quot;Proc. Amer. Math. Soc.&quot;,
1955 , v. 6, № 2, p. 281-83; [5] H i g m a n G., &quot;J. Lond. Math. Soc.», 1957, v. 32 , № 3, p. 321-34. В. Н. Латышев.</text_orig>
</article>
