<?xml version="1.0" ?>
<article uri="http://libmeta.ru/me/article/1029_REGULJaRNOE" alphabetic_pos="1029">
  <title>РЕГУЛЯРНОЕ ПРОСТРАНСТВО</title>
  <authors/>
  <pages>
    <start>472</start>
    <end>472</end>
  </pages>
  <literature>
    <literature_orig/>
  </literature>
  <formulas_main/>
  <formulas_aux/>
  <relations n="0"/>
  <text>топологическое пространство, в к-ром для каждой точки $x$ и каждого не содержащего ее замкнутого множества $a$ найдутся непересекающиеся множества $u$ и $v$ такие, что $x \in U$ и $a \in V$. Регулярными являются все вполне регулярные пространства и, в частности, все метрические пространства.

Если в Р. п. все одноточечные подмножества замкнуты (а әто выполняется не всегда!), то оно наз. $t_{3}$-П р о с т р а в с т в о м. Не всякое Р. п. вполне регулярно: существует бесконечное $t_{3}$-пространство, на к-ром каждая непрерывная действительная функция постоянна Тем более, не каждое Р. п. является нормальным пространством. Однако если пространство регулярно и из каждого его открытого покрытия можно выделить счетное подпокрытие, то оно нормально. Пространство со счетной базой метризуемо в том и только в том случае, если оно является $t_{3}$-пространством. Регулярность наследуется любыми пространствами и мультипликативна.

Лит.: [1] $\mathrm{k}$ е л л и Д ж., Общая топология, пер. с англ., 2 изд., М., 1981; [2] А р х а н г е ль с к и й А В., П о н о м а p е в В. И., Основы общей топологии в задачах и упражнениях,</text>
  <text_orig>топологИческое пространство, в к-ром для каждой точки $x$ и каждого не содержащего ее замкнутого множества $A$ найдутся непересекающиеся множества $U$ и $V$ такие, что $x \in U$ и $A \in V$. Регулярными являются все вполне регулярные пространства и, в частности, все метрические пространства.

Если в Р. п. все одноточечные подмножества замкнуты (а әто выполняется не всегда!), то оно наз. $T_{3}$-П р о с т р а в с т в о м. Не всякое Р. п. вполне регулярно: существует бесконечное $T_{3}$-пространство, на к-ром каждая непрерывная действительная функция постоянна Тем более, не каждое Р. п. является нормальным пространством. Однако если пространство регулярно и из каждого его открытого покрытия можно выделить счетное подпокрытие, то оно нормально. Пространство со счетной базой метризуемо в том и только в том случае, если оно является $T_{3}$-пространством. Регулярность наследуется любыми пространствами и мультипликативна.

Лит.: [1] $\mathrm{K}$ е л л и Д ж., Общая топология, пер. с англ., 2 изд., М., 1981; [2] А р х а н г е ль с к и й А В., П о н о м а p е в В. И., Основы общей топологии в задачах и упражнениях,</text_orig>
</article>
