<?xml version="1.0" ?>
<article uri="http://libmeta.ru/me/article/1029_KOGGRUENTsI" alphabetic_pos="1029">
  <title>КОГГРУЭНЦИЯ</title>
  <authors/>
  <pages>
    <start>508</start>
    <end>509</end>
  </pages>
  <literature>
    <literature_orig/>
  </literature>
  <formulas_main/>
  <formulas_aux/>
  <relations n="0"/>
  <text>п р я м ы х множество $c$ прямых трехмерного пространства (проективного, аффинного, евклидова), зависящее от двух параметров. Прямая $l \in C$ наз. л уч о м К. Поря д ко м наз. число прямых $к$. , проходящих через произвольную точку пространства; к ла с с о м- число прямых К., лежащих в произвольной плоскости.

Лучи К. можно двумя способами разложить на однопараметрич. семейство торсов так, что через каждый луч $l \in C$ проходят два торса действительных различных ( л и п т и ч е с к и й л у ч) или действительных совпадающих (п a p a 6 о ли ч е с ки й л у ч). Точки касания луча $l \in C$ с ребрами возврата этих торсов наз. ф о к у с а м и луч а l. Поверхности, образованные фокусами лучей К., наз. ее фо к а л ь н ы м и п ов е р х н о с т я м и. Касательные плоскости к фокальным поверхностям, проходящие через луч $l$ K., наз. ф о к а л ь ны м и пл о ск о с т я м и луча $l$. Торсы К. высекают на каждой фокальной поверхности сеть линий, к-рая наз. ф о к а л ь н о й с е т ью Фокальная сеть линий на каждой фокальной поверхности сопряжена. В гиперболич. области К. представляет собой множество общих касательных двух фокальных поверхностей; в эллиптич. области К. образована действительными общими касательными двух сопряженных мнимых поверхностей; в параболич. области К. образована касательными к одному семейству асимптотич. линий единственной фокальной поверхности. Ц е н т р о м л у ч а К. наз. середина отрезка, определяемого фокусами луча. Поверхность, описанная центрами лучей, наз. с р е д н е й п о в е рх н о с т ь ю fi. Основания общих перпендикуляров двух смежных лучей $l(u, v)$ и $l^{\prime}(u+d u, v+d v)$ заполняют на луче $l$ отрезок, концы к-рого наз. г р а н и чны м и т о ч к а м лича. Плоскости, перпендикулярные к направлению общего перпендикуляра в граничных точках, наз. г л а в н ы и п ло с к о с т я ми; линейчатые поверхности, линии сжатия к-рых пересекают лучи в их граничных точках, наз. г л а в ны м и п о в е р х о о т я м и. Множество граничных точек луча наз. г П р и м е р ы К.: $w^{\prime}$-конгруэнция, у к-рой асимптотич. линиі на фокальных поверхностя $x$ соответствуют друг другу; линейная К.- множество прямых пространства, пересекающих две данные прямые, называемые д и р е к т р іл с а м и; нормальная К.- множество нормалей нек-рой поверхности; изотропная К.- К. с неопределенными главными поверхностями.

Наряду с К К. прямых рассматриваются $к$. (двупараметрич. семейства) плоскостей, коник, квадрик и других фигур (см. Фигур многообразие). К. пропзвольных линий в пространстве называются к р и в о ли н е йны ми и.

Лuт.: [1] Ф и н и к о в С. П., Теория конгруәнций, М.-
Л., 1950 .
В. С. Малаховский.</text>
  <text_orig>п р я м ы х множество $C$ прямых трехмерного пространства (проективного, аффинного, евклидова), зависящее от двух параметров. Прямая $l \in C$ наз. л уч о м К. Поря д ко м наз. число прямых $К$. , проходящих через произвольную точку пространства; к ла с с о м- число прямых К., лежащих в произвольной плоскости.

Лучи К. можно двумя способами разложить на однопараметрич. семейство торсов так, что через каждый луч $l \in C$ проходят два торса действительных различных ( л и п т и ч е с к и й л у ч) или действительных совпадающих (п a p a 6 о ли ч е с ки й л у ч). Точки касания луча $l \in C$ с ребрами возврата этих торсов наз. ф о к у с а м и луч а l. Поверхности, образованные фокусами лучей К., наз. ее фо к а л ь н ы м и п ов е р х н о с т я м и. Касательные плоскости к фокальным поверхностям, проходящие через луч $l$ K., наз. ф о к а л ь ны м и пл о ск о с т я м и луча $l$. Торсы К. высекают на каждой фокальной поверхности сеть линий, к-рая наз. ф о к а л ь н о й с е т ью Фокальная сеть линий на каждой фокальной поверхности сопряжена. В гиперболич. области К. представляет собой множество общих касательных двух фокальных поверхностей; в эллиптич. области К. образована действительными общими касательными двух сопряженных мнимых поверхностей; в параболич. области К. образована касательными к одному семейству асимптотич. линий единственной фокальной поверхности. Ц е н т р о м л у ч а К. наз. середина отрезка, определяемого фокусами луча. Поверхность, описанная центрами лучей, наз. с р е д н е й п о в е рх н о с т ь ю fi. Основания общих перпендикуляров двух смежных лучей $l(u, v)$ и $l^{\prime}(u+d u, v+d v)$ заполняют на луче $l$ отрезок, концы к-рого наз. г р а н и чны м и т о ч к а м лича. Плоскости, перпендикулярные к направлению общего перпендикуляра в граничных точках, наз. г л а в н ы и п ло с к о с т я ми; линейчатые поверхности, линии сжатия к-рых пересекают лучи в их граничных точках, наз. г л а в ны м и п о в е р х о о т я м и. Множество граничных точек луча наз. г П р и м е р ы К.: $W^{\prime}$-конгруэнция, у к-рой асимптотич. линиі на фокальных поверхностя $x$ соответствуют друг другу; линейная К.- множество прямых пространства, пересекающих две данные прямые, называемые д и р е к т р іл с а м и; нормальная К.- множество нормалей нек-рой поверхности; изотропная К.- К. с неопределенными главными поверхностями.

Наряду с К К. прямых рассматриваются $К$. (двупараметрич. семейства) плоскостей, коник, квадрик и других фигур (см. Фигур многообразие). К. пропзвольных линий в пространстве называются к р и в о ли н е йны ми и.

Лuт.: [1] Ф и н и к о в С. П., Теория конгруәнций, М.-
Л., 1950 .
В. С. Малаховский.</text_orig>
</article>
