<?xml version="1.0" ?>
<article uri="http://libmeta.ru/me/article/102_KRISTOFFELJa" alphabetic_pos="102">
  <title>КРИСТОФФЕЛЯ ЧИСЛА</title>
  <authors/>
  <pages>
    <start>56</start>
    <end>56</end>
  </pages>
  <literature>
    <literature_orig/>
  </literature>
  <formulas_main/>
  <formulas_aux/>
  <relations n="0"/>
  <text>К $p$ и с т о ф ф е л я к о э ф ф и ц и е н т ы, - коэффициенты $\lambda_{k}$ квадратурной формулы

\[
\int_{a}^{b} f(x) d \alpha(x) \approx \sum_{k=1}^{n} \lambda_{k} f\left(x_{k}\right)
\]

точной для алгебраич. многочленов степені $\leqslant 2 n-1$. Узлы $x_{k}$ такой квадратурной формулы являются нулями многочлена $p_{n}(x)$ степени $n$, ортогонального на $[a, b]$ относительно распределения $d \alpha(x)$ всем многочленам степени $n-1$; если $x_{1}&lt;x_{2}&lt;\ldots .&lt;x_{n}$, то $\mathcal{k}$. ч. определяiотся однозначно. К. ч. $\lambda_{k}&gt;0, \Sigma_{k=1}^{n} \lambda_{k}=\alpha(b)-\alpha(a)$ и

\[
\lambda_{k}=\int_{a}^{b}\left[\frac{p_{n}(x)}{p_{n}^{\prime}(x)\left(x-x_{k}\right)}\right]^{2} d \alpha(x), k=1,2, \ldots, n .
\]

Если многочлены $p_{n}(x)$ ортонормированны, то К. ч. представимы в виде

\[
\begin{gathered}
\lambda_{k}^{-1}=p_{0}\left(x_{k}\right)+p_{1}\left(x_{k}\right)+\ldots+p_{n}\left(x_{k}\right), \quad k=1,2, \ldots, n, \\
\lambda_{k}=-\frac{K_{n+1}}{K_{n}} \frac{1}{p_{n+1}\left(x_{k}\right) p_{n}^{\prime}\left(x_{k}\right)}= \\
=\frac{K_{n}}{K_{n-1}} \frac{1}{p_{n-1}\left(x_{k}\right) p_{n}^{\prime}\left(x_{k}\right)}, \quad k=1,2, \ldots, n,
\end{gathered}
\]

где $k_{n}$ - старший коэффициент многочлена $p_{n}(x)$. В случае $a=-1, b=1$ и $d \alpha(x)=d x p_{n}(x)$ являются жандра многочленами, а К.ч.

\[
\lambda_{k}=\frac{2}{\left(1-x_{k}^{2}\right)\left[p_{n}^{\prime}\left(x_{k}\right)\right]^{2}} .
\]

Эти выраженгя указаны Ә. Кристоффелем [1]. Для $n=1,2, \ldots, 7$ әти коэффициешты были вычислены К. Гауссом (c. Gauss). См. также Гаусса квадратурная боржула.

Jum.: [1] C h r is t of f e l E. B., &quot;j. reine und angew.

![](https://cdn.mathpix.com/cropped/2023_07_08_342574b895d5e42284b2g-1.jpg?height=52&amp;width=838&amp;top_left_y=2142&amp;top_left_x=985)
многочлены, пер. с англ., М., 1962; [3] Н а т а н с о н И. П.,
Конструктивная теория функций, М.- Л., 1949 .
Н. П. Корнейчук, В. П. Моторный.</text>
  <text_orig>К $p$ и с т о ф ф е л я к о э ф ф и ц и е н т ы, - коэффициенты $\lambda_{k}$ квадратурной формулы

\[
\int_{a}^{b} f(x) d \alpha(x) \approx \sum_{k=1}^{n} \lambda_{k} f\left(x_{k}\right)
\]

точной для алгебраич. многочленов степені $\leqslant 2 n-1$. Узлы $x_{k}$ такой квадратурной формулы являются нулями многочлена $p_{n}(x)$ степени $n$, ортогонального на $[a, b]$ относительно распределения $d \alpha(x)$ всем многочленам степени $n-1$; если $x_{1}&lt;x_{2}&lt;\ldots .&lt;x_{n}$, то $\mathcal{K}$. ч. определяIотся однозначно. К. ч. $\lambda_{k}&gt;0, \Sigma_{k=1}^{n} \lambda_{k}=\alpha(b)-\alpha(a)$ и

\[
\lambda_{k}=\int_{a}^{b}\left[\frac{p_{n}(x)}{p_{n}^{\prime}(x)\left(x-x_{k}\right)}\right]^{2} d \alpha(x), k=1,2, \ldots, n .
\]

Если многочлены $p_{n}(x)$ ортонормированны, то К. ч. представимы в виде

\[
\begin{gathered}
\lambda_{k}^{-1}=p_{0}\left(x_{k}\right)+p_{1}\left(x_{k}\right)+\ldots+p_{n}\left(x_{k}\right), \quad k=1,2, \ldots, n, \\
\lambda_{k}=-\frac{K_{n+1}}{K_{n}} \frac{1}{p_{n+1}\left(x_{k}\right) p_{n}^{\prime}\left(x_{k}\right)}= \\
=\frac{K_{n}}{K_{n-1}} \frac{1}{p_{n-1}\left(x_{k}\right) p_{n}^{\prime}\left(x_{k}\right)}, \quad k=1,2, \ldots, n,
\end{gathered}
\]

где $K_{n}$ - старший коэффициент многочлена $p_{n}(x)$. В случае $a=-1, b=1$ и $d \alpha(x)=d x p_{n}(x)$ являются жандра многочленами, а К.ч.

\[
\lambda_{k}=\frac{2}{\left(1-x_{k}^{2}\right)\left[p_{n}^{\prime}\left(x_{k}\right)\right]^{2}} .
\]

Эти выраженгя указаны Ә. Кристоффелем [1]. Для $n=1,2, \ldots, 7$ әти коэффициешты были вычислены К. Гауссом (C. Gauss). См. также Гаусса квадратурная боржула.

Jum.: [1] C h r is t of f e l E. B., &quot;J. reine und angew.

![](https://cdn.mathpix.com/cropped/2023_07_08_342574b895d5e42284b2g-1.jpg?height=52&amp;width=838&amp;top_left_y=2142&amp;top_left_x=985)
многочлены, пер. с англ., М., 1962; [3] Н а т а н с о н И. П.,
Конструктивная теория функций, М.- Л., 1949 .
Н. П. Корнейчук, В. П. Моторный.</text_orig>
</article>
