<?xml version="1.0" ?>
<article uri="http://libmeta.ru/me/article/102_DELITELEI" alphabetic_pos="102">
  <title>ДЕЛИТЕЛЕИ ПРОБЛЕМЫ</title>
  <authors/>
  <pages>
    <start>44</start>
    <end>45</end>
  </pages>
  <literature>
    <literature_orig/>
  </literature>
  <formulas_main/>
  <formulas_aux/>
  <relations n="0"/>
  <text>проблемы теории чисел, касающиеся асимптотич. поведения сумматорных функций

\[
D(x)=\sum_{n \leqslant x} \tau(n), D_{k}(x)=\sum_{n \leqslant x} \tau_{k}(n),
\]

(где $\tau(n)$ - число делителей $n$, а $\tau_{k}(n), k \geqslant 2,-$ число представлений $n$ в виде произведения $k$ натуральных чисел), а также модификаций этих функций.

П р о блем а д е лите ле й Дирихлепроблема наилучшей оценки остаточного члена $\delta(x)$ в асимптотич. формуле

\[
\sum_{n \leqslant x} \tau(n)=x \ln x+(2 C-1) x+\Delta x,
\]

где $c$ - Эйлера постоянная. Асимптотика суммы

\[
\sum_{n \leqslant x} \tau(n)=D(x)
\]

впервые рассмотрена П. Дирихле (p. Dirichlet) в 1849. Он исходил из того, что данная сумма равна числу точек $(u, v)$ с целыми положительными координатами под гиперболой $u v=x$, и доказал, что

\[
D(x)=x \ln x+(2 C-1) x+O(\sqrt{x}) .
\]

Эта формула наз. фо р м у ло й Ди р и хле чи сл а д е ли те л е й.

Д. П. явилась одной из тех моделей, на к-рых развивались методы оценок числа целых точек в разного рода распиряющихся областях. Пусть $\theta$ - нижняя грань чисел $\alpha$ в соотношении $\delta(x) \ll x^{\alpha}$. Согласно П. Дирихле, $\theta \leqslant 1 / 2 . \Gamma$. Ф. Вороной доказал, что $\theta \leqslant 1 / 3$. Далее последовательно были получены оценки

\[
\theta \leqslant \frac{33}{100}, \theta \leqslant \frac{27}{82}, \theta \leqslant \frac{15}{46}, \theta \leqslant \frac{13}{40} .
\]

Истинный порядок величины $\delta(x)$ (к 1978) неизвестен. Существует гипотеза, что

\[
\Delta(x) \ll x^{1 / 4} \ln ^{2} x .
\]

С другой стороны, Х. Харди (н. Нагdy) доказал, что $\theta \geqslant 1 / 4$, или, точнее,

\[
\begin{aligned}
&amp; \frac{\lim _{x \rightarrow 0}}{} \frac{\Delta(x)}{(x \ln x)^{1 / 4} \ln \ln x}&lt;0&lt; \\
&amp;&lt;\varlimsup_{x \rightarrow 0} \frac{\Delta(x)}{(x \ln x)^{1 / 4} \ln \ln x} .
\end{aligned}
\]

Кроме того, известна формула

\[
\int_{0}^{x} \Delta^{2}(y) d y=A x^{3 / 2}+O\left(x \ln ^{5} x\right)
\]

(a - постоянная), показывающая справедливость «в среднем» гипотезы о порядке $\delta(x)$.

Обобщенная проблема делител е й - проблема наилучшего асимптотич. выражения при $x \rightarrow \infty \quad$ суммы

\[
\sum_{n \leqslant x} \tau_{k}(n)=D_{k}(x)
\]

в частности, при $k=2$

\[
\tau_{2}(n)=\tau(n), \quad D_{2}(x)=D(x) .
\]

Обобщенная Д. П. тесно связана с поведением дзетабункции Римана $\zeta(s)$ в критич. полосе значений $s$. Именно, для нецелого $x&gt;0, c&gt;1$ имеет место форомула

\[
D_{k}(x)=\frac{1}{2 \pi i} \int_{c-i \infty}^{c+i \infty} \zeta^{k}(s) \frac{x^{s}}{s} d s .
\]

Здесь подинтегральная функция имеет в точке $s=1$ полюс порядка $k$ с вычетом вида $x P_{k}(\ln x)$, где $p_{k}-$ многочлен степени $k-1$.

Пусть

\[
D_{k}(x)=x P_{k}(\ln x)+\Delta_{k}(x)
\]

и пусть $\gamma_{k}&lt;\gamma&lt;1$, где $\gamma_{k}-$ нижняя грань чисел $\sigma$, для к-рых

\[
\int_{-\infty}^{\infty} \frac{|\xi(\sigma+i t)|^{2 k}}{|\sigma+i t|^{2}} d t&lt;\infty
\]

Тогда справедливы формула

\[
\Delta_{k}(x)=\frac{1}{2 \pi i} \lim _{T \rightarrow \infty} \int_{v-i T}^{v+i T} \zeta^{k}(s) \frac{x^{s}}{s} d s
\]

и обратная ф о рм у ла М л л ин а:

\[
\frac{\zeta^{k}(s)}{s}=\int_{0}^{\infty} \Delta_{k}(x) x^{-s-1} d x, \quad s=\sigma+i t,
\]

где интеграл существует в смысле среднего квадратичного для $\gamma_{k}&lt;\sigma&lt;1$. Оценки остаточного члена $\delta_{k}(x)$ в формуле $d_{k}(x)$ еще далеки (к 1978) от ожидаемых. Пусть $\alpha_{k}$ - наименьшее из чисел $\alpha$, для к-рых

\[
\Delta_{k}(x) \ll x^{\alpha+\varepsilon}
\]

прі любом $\varepsilon&gt;0$. Известны оценки:

\[
\begin{gathered}
\alpha_{k} \leqslant \frac{k-1}{k+1}, \\
\alpha_{k} \leqslant \frac{k-1}{k+2} \text { для } k \geqslant 4 .
\end{gathered}
\]

Имеются уточнения этих оценок для частных значеніиї $k$ :

\[
\alpha_{3} \leqslant \frac{37}{75}, \alpha_{7} \leqslant \frac{71}{107}, \alpha_{8} \leqslant \frac{41}{59}, \alpha_{9} \leqslant \frac{26}{35}, \alpha_{11} \leqslant \frac{19}{25} .
\]

Последний результат оценки сверху $\alpha_{k}$ получен в [3] на основе развития идей Bиноградова метода: доказано существование такой абсолютной постоянной $c&gt;0$, что

\[
\alpha_{k} \leqslant 1-\frac{c}{k^{2 / 3}}, k=2,3, \ldots
\]

Эта оценка есть следствие оценки $\zeta(s)$ в критич. полосе: для $1 / 2 \leqslant \sigma \leqslant 1,|t| \geqslant 2$ существует такая постоянная $a&gt;1, \quad$ что

\[
\zeta(\sigma+i t) \ll|t|^{a(1-\sigma)^{3 / 2}} \ln |t| .
\]

C другой стороны, Х. Харди (g. Нardy) доказал, что

\[
\alpha_{k} \geqslant \frac{k-1}{2 k} \text {. }
\]

Относительно величины $\delta_{k}(x)$ существует гипотеза:

\[
\alpha_{k}=\frac{k-1}{2 k}
\]

при всех $k \geqslant 2$. Однако для ее обоснования недостаточно даже решегін Линделё фа гипотезы:

\[
\zeta(\sigma+i t) \ll|t|^{\varepsilon}
\]

при любых $\varepsilon&gt;0, \quad \sigma&gt;1 / 2$.

Дальнейшее обобщение Д. п. [4]: равномерно относительно целых $k \geqslant 2, \quad m \geqslant 1$ при $x \geqslant 1$

\[
\frac{1}{x} \sum_{n \leqslant x} \tau_{k}^{m}(n)&lt;A_{k}^{(m)}\left(\ln x+k^{m}-1\right)^{k^{m}-1},
\]

где

\[
A_{k}^{(m)}=\frac{k^{m}}{(k !)^{\left(k^{m}-1\right) /(k-1)}} .
\]

Проблема делителей в а рифметич е с к и х п р о г р е с с и я х -проблема равномерных относительно $x, d, 0 \leqslant l \leqslant d,(l, d)=1$, оценок сумм

![](https://cdn.mathpix.com/cropped/2023_07_08_d6491b3a07e0ac8dbe30g-1.jpg?height=62&amp;width=633&amp;top_left_y=1758&amp;top_left_x=217)

Эти суммы изучались на основе аналитич. методов теории $l$-функций и важны для многих проблем теории чисел (см. [7]). В простейшем случае $(m=1)$ для них получены асимптотич. выражения:

при $k=2$ для $d \leqslant x^{2 / 3}$ (см. [5]), при $k=4$ для $d \leqslant x^{1 / 2}$ (см. [6]), при $k \geqslant 4$ для $d \leqslant x^{2 / k} / \ln ^{c} x$ [см. [8]).

Прi любом $m \geqslant 1$ и $k=2$ найден (см. [9]) истинный порядок роста (こ) для $d \leqslant x^{1-\alpha}, 0&lt;\alpha&lt;1 / 2$ :

\[
D_{2}^{(m)}(x ; d, l) \asymp \frac{x}{d}\left[\ln \frac{x}{d} \prod_{p l d}\left(1-\frac{1}{p}\right)^{2^{m}-1}\right] .
\]

В общем случае доказано [10], что

![](https://cdn.mathpix.com/cropped/2023_07_08_d6491b3a07e0ac8dbe30g-1.jpg?height=72&amp;width=819&amp;top_left_y=2246&amp;top_left_x=119)

где $a_{k}^{(m)}(x ; d)$ - ожидаемый главный член роста, $m$ - положительная сколь угодно большая постоянная, $\varepsilon&gt;0$ - любое число.

Последнее неравенство, в частности, показывает, что суммы $d_{k}^{(m)}(x ; d, l)$ при любых целых $k \geqslant 2, m \geqslant 1$ «в среднем» имеют один и тот же главный член роста для всех примитивных арифметич. прогрессий разности $d \leqslant x^{1 / 2}-\varepsilon$.

Лuт.: [1] Т и т ч м а р ші Е. К., Теория дзета-функции Римана, пер. с англ., 1953; [2] $\mathbf{x}$ у а Л о-г е н, Метод тригонометрических сумм и его применения в теории чисел, пер. с нем., M., 1964; [3] K а p а ц у б a A. A., &quot;tp. Матем. ин-та Ah Cccp&quot;, 1971, т. 112 с $241-55 ;[4]$ М а р п ж а н и ші в и л и К. К., &quot;proc. London Math. Soc.&quot;, ser. 3, 1957, v. 7, № 27, p. $396-413$;
[6] Ј и н н и к Ю. В., &quot;матем. сб.&quot;, 1961, т. 53, № 1, c. $3-38$; [7] е го ж е, Дисперсионный метод в бинарных аддитивных задачах, Л., 1961; [8] Л а в р и к А. Ф., &quot;изв. Ан Ссср. Сер. матем.», 1966, т. $30, \mathcal{N}$ 2, с. $433-48 ;[9]$ В и н о г p а д о в
А. И., Л и н н и к Ю. В., «успехи матем. наук», 1957, т. 12, в. 4, с. $277-80 ;$ [10] В и н о г р а д о в А. И., «изв. Ан Ссср. Сер. матем.&quot;, 1965 , т. 29 , № 4, c. $903-34$. A. Ф. Лаврик.</text>
  <text_orig>проблемЫ теориИ чИсел, касающиеся асимптотич. поведения сумматорных функций

\[
D(x)=\sum_{n \leqslant x} \tau(n), D_{k}(x)=\sum_{n \leqslant x} \tau_{k}(n),
\]

(где $\tau(n)$ - число делителей $n$, а $\tau_{k}(n), k \geqslant 2,-$ число представлений $n$ в виде произведения $k$ натуральных чисел), а также модификаций этих функций.

П р о блем а д е лите ле й Дирихлепроблема наилучшей оценки остаточного члена $\Delta(x)$ в асимптотич. формуле

\[
\sum_{n \leqslant x} \tau(n)=x \ln x+(2 C-1) x+\Delta x,
\]

где $C$ - Эйлера постоянная. Асимптотика суммы

\[
\sum_{n \leqslant x} \tau(n)=D(x)
\]

впервые рассмотрена П. Дирихле (P. Dirichlet) в 1849. Он исходил из того, что данная сумма равна числу точек $(u, v)$ с целыми положительными координатами под гиперболой $u v=x$, и доказал, что

\[
D(x)=x \ln x+(2 C-1) x+O(\sqrt{x}) .
\]

Эта формула наз. фо р м у ло й Ди р и хле чи сл а д е ли те л е й.

Д. П. явилась одной из тех моделей, на к-рых развивались методы оценок числа целых точек в разного рода распиряющихся областях. Пусть $\theta$ - нижняя грань чисел $\alpha$ в соотношении $\Delta(x) \ll x^{\alpha}$. Согласно П. Дирихле, $\theta \leqslant 1 / 2 . \Gamma$. Ф. Вороной доказал, что $\theta \leqslant 1 / 3$. Далее последовательно были получены оценки

\[
\theta \leqslant \frac{33}{100}, \theta \leqslant \frac{27}{82}, \theta \leqslant \frac{15}{46}, \theta \leqslant \frac{13}{40} .
\]

Истинный порядок величины $\Delta(x)$ (к 1978) неизвестен. Существует гипотеза, что

\[
\Delta(x) \ll x^{1 / 4} \ln ^{2} x .
\]

С другой стороны, Х. Харди (Н. Нагdy) доказал, что $\theta \geqslant 1 / 4$, или, точнее,

\[
\begin{aligned}
&amp; \frac{\lim _{x \rightarrow 0}}{} \frac{\Delta(x)}{(x \ln x)^{1 / 4} \ln \ln x}&lt;0&lt; \\
&amp;&lt;\varlimsup_{x \rightarrow 0} \frac{\Delta(x)}{(x \ln x)^{1 / 4} \ln \ln x} .
\end{aligned}
\]

Кроме того, известна формула

\[
\int_{0}^{x} \Delta^{2}(y) d y=A x^{3 / 2}+O\left(x \ln ^{5} x\right)
\]

(A - постоянная), показывающая справедливость «в среднем» гипотезы о порядке $\Delta(x)$.

Обобщенная проблема делител е й - проблема наилучшего асимптотич. выражения при $x \rightarrow \infty \quad$ суммы

\[
\sum_{n \leqslant x} \tau_{k}(n)=D_{k}(x)
\]

в частности, при $k=2$

\[
\tau_{2}(n)=\tau(n), \quad D_{2}(x)=D(x) .
\]

Обобщенная Д. П. тесно связана с поведением дзетабункции Римана $\zeta(s)$ в критич. полосе значений $s$. Именно, для нецелого $x&gt;0, c&gt;1$ имеет место форомула

\[
D_{k}(x)=\frac{1}{2 \pi i} \int_{c-i \infty}^{c+i \infty} \zeta^{k}(s) \frac{x^{s}}{s} d s .
\]

Здесь подинтегральная функция имеет в точке $s=1$ полюс порядка $k$ с вычетом вида $x P_{k}(\ln x)$, где $P_{k}-$ многочлен степени $k-1$.

Пусть

\[
D_{k}(x)=x P_{k}(\ln x)+\Delta_{k}(x)
\]

и пусть $\gamma_{k}&lt;\gamma&lt;1$, где $\gamma_{k}-$ нижняя грань чисел $\sigma$, для к-рых

\[
\int_{-\infty}^{\infty} \frac{|\xi(\sigma+i t)|^{2 k}}{|\sigma+i t|^{2}} d t&lt;\infty
\]

Тогда справедливы формула

\[
\Delta_{k}(x)=\frac{1}{2 \pi i} \lim _{T \rightarrow \infty} \int_{v-i T}^{v+i T} \zeta^{k}(s) \frac{x^{s}}{s} d s
\]

и обратная ф о рм у ла М л л ин а:

\[
\frac{\zeta^{k}(s)}{s}=\int_{0}^{\infty} \Delta_{k}(x) x^{-s-1} d x, \quad s=\sigma+i t,
\]

где интеграл существует в смысле среднего квадратичного для $\gamma_{k}&lt;\sigma&lt;1$. Оценки остаточного члена $\Delta_{k}(x)$ в формуле $D_{k}(x)$ еще далеки (к 1978) от ожидаемых. Пусть $\alpha_{k}$ - наименьшее из чисел $\alpha$, для к-рых

\[
\Delta_{k}(x) \ll x^{\alpha+\varepsilon}
\]

прі любом $\varepsilon&gt;0$. Известны оценки:

\[
\begin{gathered}
\alpha_{k} \leqslant \frac{k-1}{k+1}, \\
\alpha_{k} \leqslant \frac{k-1}{k+2} \text { для } k \geqslant 4 .
\end{gathered}
\]

Имеются уточнения этих оценок для частных значеніиї $k$ :

\[
\alpha_{3} \leqslant \frac{37}{75}, \alpha_{7} \leqslant \frac{71}{107}, \alpha_{8} \leqslant \frac{41}{59}, \alpha_{9} \leqslant \frac{26}{35}, \alpha_{11} \leqslant \frac{19}{25} .
\]

Последний результат оценки сверху $\alpha_{k}$ получен в [3] на основе развития идей Bиноградова метода: доказано существование такой абсолютной постоянной $c&gt;0$, что

\[
\alpha_{k} \leqslant 1-\frac{c}{k^{2 / 3}}, k=2,3, \ldots
\]

Эта оценка есть следствие оценки $\zeta(s)$ в критич. полосе: для $1 / 2 \leqslant \sigma \leqslant 1,|t| \geqslant 2$ существует такая постоянная $a&gt;1, \quad$ что

\[
\zeta(\sigma+i t) \ll|t|^{a(1-\sigma)^{3 / 2}} \ln |t| .
\]

C другой стороны, Х. Харди (G. Нardy) доказал, что

\[
\alpha_{k} \geqslant \frac{k-1}{2 k} \text {. }
\]

Относительно величины $\Delta_{k}(x)$ существует гипотеза:

\[
\alpha_{k}=\frac{k-1}{2 k}
\]

при всех $k \geqslant 2$. Однако для ее обоснования недостаточно даже решегін Линделё фа гипотезы:

\[
\zeta(\sigma+i t) \ll|t|^{\varepsilon}
\]

при любых $\varepsilon&gt;0, \quad \sigma&gt;1 / 2$.

Дальнейшее обобщение Д. п. [4]: равномерно относительно целых $k \geqslant 2, \quad m \geqslant 1$ при $x \geqslant 1$

\[
\frac{1}{x} \sum_{n \leqslant x} \tau_{k}^{m}(n)&lt;A_{k}^{(m)}\left(\ln x+k^{m}-1\right)^{k^{m}-1},
\]

где

\[
A_{k}^{(m)}=\frac{k^{m}}{(k !)^{\left(k^{m}-1\right) /(k-1)}} .
\]

Проблема делителей в а рифметич е с к и х п р о г р е с с и я х -проблема равномерных относительно $x, d, 0 \leqslant l \leqslant d,(l, d)=1$, оценок сумм

![](https://cdn.mathpix.com/cropped/2023_07_08_d6491b3a07e0ac8dbe30g-1.jpg?height=62&amp;width=633&amp;top_left_y=1758&amp;top_left_x=217)

Эти суммы изучались на основе аналитич. методов теории $L$-функций и важны для многих проблем теории чисел (см. [7]). В простейшем случае $(m=1)$ для них получены асимптотич. выражения:

при $k=2$ для $d \leqslant x^{2 / 3}$ (см. [5]), при $k=4$ для $d \leqslant x^{1 / 2}$ (см. [6]), при $k \geqslant 4$ для $d \leqslant x^{2 / k} / \ln ^{c} x$ [см. [8]).

ПрI любом $m \geqslant 1$ и $k=2$ найден (см. [9]) истинный порядок роста (こ) для $d \leqslant x^{1-\alpha}, 0&lt;\alpha&lt;1 / 2$ :

\[
D_{2}^{(m)}(x ; d, l) \asymp \frac{x}{d}\left[\ln \frac{x}{d} \prod_{p l d}\left(1-\frac{1}{p}\right)^{2^{m}-1}\right] .
\]

В общем случае доказано [10], что

![](https://cdn.mathpix.com/cropped/2023_07_08_d6491b3a07e0ac8dbe30g-1.jpg?height=72&amp;width=819&amp;top_left_y=2246&amp;top_left_x=119)

где $A_{k}^{(m)}(x ; d)$ - ожидаемый главный член роста, $M$ - положительная сколь угодно большая постоянная, $\varepsilon&gt;0$ - любое число.

Последнее неравенство, в частности, показывает, что суммы $D_{k}^{(m)}(x ; d, l)$ при любых целых $k \geqslant 2, m \geqslant 1$ «в среднем» имеют один и тот же главный член роста для всех примитивных арифметич. прогрессий разности $d \leqslant x^{1 / 2}-\varepsilon$.

Лuт.: [1] Т и т ч м а р ші Е. К., Теория дзета-функции Римана, пер. с англ., 1953; [2] $\mathbf{X}$ у а Л о-г е н, Метод тригонометрических сумм и его применения в теории чисел, пер. с нем., M., 1964; [3] K а p а ц у б a A. A., &quot;Tp. Матем. ин-та AH CCCP&quot;, 1971, т. 112 с $241-55 ;[4]$ М а р п ж а н и ші в и л и К. К., &quot;Proc. London Math. Soc.&quot;, ser. 3, 1957, v. 7, № 27, p. $396-413$;
[6] Ј и н н и к Ю. В., &quot;Матем. сб.&quot;, 1961, т. 53, № 1, c. $3-38$; [7] е го ж е, Дисперсионный метод в бинарных аддитивных задачах, Л., 1961; [8] Л а в р и к А. Ф., &quot;Изв. АН СССР. Сер. матем.», 1966, т. $30, \mathcal{N}$ 2, с. $433-48 ;[9]$ В и н о г p а д о в
А. И., Л и н н и к Ю. В., «Успехи матем. наук», 1957, т. 12, в. 4, с. $277-80 ;$ [10] В и н о г р а д о в А. И., «Изв. АН СССР. Сер. матем.&quot;, 1965 , т. 29 , № 4, c. $903-34$. A. Ф. Лаврик.</text_orig>
</article>
