<?xml version="1.0" ?>
<article uri="http://libmeta.ru/me/article/102_OSTROGRADSKOGO" alphabetic_pos="102">
  <title>ОСТРОГРАДСКОГО - ЛИУВИЛЛЯ ФОРМУЛА</title>
  <authors/>
  <pages>
    <start>70</start>
    <end>70</end>
  </pages>
  <literature>
    <literature_orig/>
  </literature>
  <formulas_main/>
  <formulas_aux/>
  <relations n="0"/>
  <text>}\end{aligned}$ см. Лиувилля - Остроградского бормула.</text>
  <text_orig>}\end{aligned}$ см. Лиувилля - Остроградского бормула.</text_orig>
</article>
