<?xml version="1.0" ?>
<article uri="http://libmeta.ru/me/article/1030_NIL'POTENTNAJa" alphabetic_pos="1030">
  <title>НИЛЬПОТЕНТНАЯ ПОЛУГРУППА</title>
  <authors/>
  <pages>
    <start>522</start>
    <end>523</end>
  </pages>
  <literature>
    <literature_orig/>
  </literature>
  <formulas_main/>
  <formulas_aux/>
  <relations n="0"/>
  <text>полугруппа $s$ с нулем, для к-рой существует такое $n$, что $s^{n}=0$; это әквивалентно выполнению в $s$ тождества

\[
x_{1} \ldots x_{n}=y_{1} \ldots y_{n} .
\]

Наименьшее для данной полугруппы число $n$ с указанным свойством наз. с т у п е н ь то (иногда к л а с с о м) ни л ь по т е т т но с т и Н. п. Если $s^{2}=0$, то $s$ наз. по л уг г у п п о й с ну ле вым умножен ие м. Следующие условия для полугруппы $s$ эквивалентны: 1) $s$ есть Н. п., 2) $s$ обладает конечным аннуляторным рядом (т. е. возрастающим аннуляторным рядом конечной длины, см. Нильполугруппа), 3) существует такое $k$, что любая подполугруппа из $s$ может быть включена в идеальный ряд длины $\leqslant k$ полугруппы $s$.

Более широким является понятие н и л ь п о т е н ' 'но й полугр уп пыв с мыс ле [2]. Так называется полугруюпа, удовлетворяющая для нек-рого $n$ тождеству

\[
X_{n}=Y_{n}
\]

где слова $x_{n}, Y_{n}$ определяются по индукции следующим образом: $x_{0}=x, Y_{0}=y, X_{n}=X_{n-1} u_{n} Y_{n-1}, \quad Y_{n}=$ $=y_{n-1} u_{n} X_{n-1}, x, y, u_{1}, \ldots, u_{n}$ - переменные. Группа будет Н. п. в смысле Мальцева тогда и только тогда, когда она нильпотентна в обычном теоретико-групповом смысле (см. Нильпотентнал группа), причем выполнение тождества $x_{n}=y_{n}$ аквивалентно тому, что ступень ее нильпотентности $\leqslant n$. Всякая полугруппа с законом сокращения, удовлетворяющая тождеству $x_{n}=y_{n}$, вложима в группу, удовлетворяющую тому же тождеству.

Лum.: [1] Л я п и н Е. С., Полугруппы, М., 1960; [2]

![](https://cdn.mathpix.com/cropped/2023_07_08_cad0e25fe535b9ff8cecg-1.jpg?height=47&amp;width=834&amp;top_left_y=2224&amp;top_left_x=990)
1953 , т. 4, с. 107-11; [3] Шi е в р и н Јi. Н., «матем. сб.»,

1961 , т. $53, ﹎{2} 3$, c. $367-86 ;[4]$ е г о же, там же, 1963, т. 61,
$\mathcal{n}_{2} 2$, с. $253-56$.</text>
  <text_orig>полугруппа $S$ с нулем, для к-рой существует такое $n$, что $S^{n}=0$; это әквивалентно выполнению в $S$ тождества

\[
x_{1} \ldots x_{n}=y_{1} \ldots y_{n} .
\]

Наименьшее для данной полугруппы число $n$ с указанным свойством наз. с т у п е н ь то (иногда к л а с с о м) ни л ь по т е т т но с т и Н. п. Если $S^{2}=0$, то $S$ наз. по л уг г у п п о й с ну ле вым умножен ие м. Следующие условия для полугруппы $S$ эквивалентны: 1) $S$ есть Н. п., 2) $S$ обладает конечным аннуляторным рядом (т. е. возрастающим аннуляторным рядом конечной длины, см. Нильполугруппа), 3) существует такое $k$, что любая подполугруппа из $S$ может быть включена в идеальный ряд длины $\leqslant k$ полугруппы $S$.

Более широким является понятие н и л ь п о т е н ' 'но й полугр уп пыв с мыс ле [2]. Так называется полугруюпа, удовлетворяющая для нек-рого $n$ тождеству

\[
X_{n}=Y_{n}
\]

где слова $X_{n}, Y_{n}$ определяются по индукции следующим образом: $X_{0}=x, Y_{0}=y, X_{n}=X_{n-1} u_{n} Y_{n-1}, \quad Y_{n}=$ $=Y_{n-1} u_{n} X_{n-1}, x, y, u_{1}, \ldots, u_{n}$ - переменные. Группа будет Н. п. в смысле Мальцева тогда и только тогда, когда она нильпотентна в обычном теоретико-групповом смысле (см. Нильпотентнал группа), причем выполнение тождества $X_{n}=Y_{n}$ аквивалентно тому, что ступень ее нильпотентности $\leqslant n$. Всякая полугруппа с законом сокращения, удовлетворяющая тождеству $X_{n}=Y_{n}$, вложима в группу, удовлетворяющую тому же тождеству.

Лum.: [1] Л я п и н Е. С., Полугруппы, М., 1960; [2]

![](https://cdn.mathpix.com/cropped/2023_07_08_cad0e25fe535b9ff8cecg-1.jpg?height=47&amp;width=834&amp;top_left_y=2224&amp;top_left_x=990)
1953 , т. 4, с. 107-11; [3] ШI е в р и н ЈI. Н., «Матем. сб.»,

1961 , т. $53, ﹎{2} 3$, c. $367-86 ;[4]$ е г о же, там же, 1963, т. 61,
$\mathcal{N}_{2} 2$, с. $253-56$.</text_orig>
</article>
