<?xml version="1.0" ?>
<article uri="http://libmeta.ru/me/article/1030_GLІBBERTA" alphabetic_pos="1030">
  <title>ГЛІББЕРТА НЕРАВЕНСТВО</title>
  <authors/>
  <pages>
    <start>485</start>
    <end>485</end>
  </pages>
  <literature>
    <literature_orig/>
  </literature>
  <formulas_main/>
  <formulas_aux/>
  <relations n="0"/>
  <text>теорема Гильберта о дойных рядах:

\[
\begin{gathered}
\sum_{m=1}^{\infty} \sum_{n=1}^{\infty} \frac{a_{n} b_{m}}{n+m}&lt; \\
&lt;\frac{\pi}{\sin (\pi / p)}\left(\sum_{n=1}^{\infty} a_{n}^{p}\right)^{1 / p}\left(\sum_{m=1}^{\infty} b_{m}^{p^{\prime}}\right)^{1 / p^{\prime}},
\end{gathered}
\]

где $\quad p&gt;1, p^{\prime}=\frac{p}{p-1}, \frac{1}{p}+\frac{1}{p^{\prime}}=1, a_{n} \geqslant 0, b_{m} \geqslant 0$, и ряды в правой части имеют конечные положительные суммы, причем константа $\frac{\pi}{\sin (\pi / p)}-$ точная, т. е. не может быть уменьшена. Д. Гильберт (d. Hilbert) доказал $(*)$ без точной константы в своих лекциях по интегральным уравнениям. Его доказательство было опубликовано Г. Вейлем [1]. Точная константа найдена И. Iiуром [2], а неравенство (*) с произвольным $p&gt;1$ впервые приводится в работах Г. Харди (g. Hardy) и M. Рисса (m. Riesz) в 1925. Имеются интегральные аналоги и обобщения неравенства (*), напр., неравенство

\[
\begin{gathered}
\int_{0}^{\infty} \int_{0}^{\infty} K^{\lambda}(x, y) f(x) g(y) d x d y \leqslant \\
\leqslant K^{\lambda}\left(\int_{0}^{\infty} f^{p}(x) d x\right)^{1 / p}\left(\int_{0}^{\infty} g^{q}(y) d y\right)^{1 / q},
\end{gathered}
\]

где $k(x, y)$ - неотрицательное ядро, однородное со степенью $-1, \quad p&gt;1, \quad q&gt;1, \quad \lambda=1 / p+1 / q \leqslant 1, \quad f(x) \leqslant 0$, $g(y) \geqslant 0 \quad$ и

\[
K=\int_{0}^{\infty} u^{-1 / \lambda p^{\prime}} K(1, u) d u
\]

п полученный ранее [4] частный случай этого неравенства с ядром $k(x, y)=1 /(x+y)$ (так наз. двупараметрическое $\gamma$. н.) и константой $k^{\lambda}=\left(\pi / \sin \lambda \mathrm{p}^{\prime}\right)^{\lambda}$. Точность этой константы доказана при $q^{\prime}=p$. Она является также асимптотически точной при $p \rightarrow 1$ и произвольном допустимом фиксированном $q$. Вопрос об асимптотике константы в $(*)$ для конечных сумм $(1 \leqslant n, m \leqslant N)$ не решен (1977); здесь известно только, что при $p=q=2$ константа равна

\[
\pi-\frac{\pi^{5}}{2}(\ln N)^{2}+O\left(\ln \ln \left\{N(\ln N)^{-3}\right\}\right) .
\]

Jum.: [1] W e y l H., Singuläre Integralgleichungen mit besonderer Berücksichtigung dès Fourielschen Integraltheorems, Inaugural Dissertation, Gött.: 1908; [2] S c h u r I., «j. für Math.&quot;, Bd 140, 1911, S. 1-28; [3] X а р д и Г. Г., Јi и т т л bв у Д. Д. Е., I о л и а Г., Неравенства, пер. с англ., М., 1948; [4] B o n s a l l F. F., &quot;quart. J. Math.&quot;, 1951, v. 2, p. 135-50; [6] D e B r u i j n N. G., W i i f H.'s., &quot;bull. Amer. Math. Soc.&quot;, 1962, V. 68, p.70-3; [7] W a l k e r P. L., &quot;proc. Edin-
burgh Math. Soc.&quot;, $1973, \mathrm{v} .18$, No 4 , p. $293-94$. E. K. Гoдyнoвa.</text>
  <text_orig>теорема Гильберта о дойных рядах:

\[
\begin{gathered}
\sum_{m=1}^{\infty} \sum_{n=1}^{\infty} \frac{a_{n} b_{m}}{n+m}&lt; \\
&lt;\frac{\pi}{\sin (\pi / p)}\left(\sum_{n=1}^{\infty} a_{n}^{p}\right)^{1 / p}\left(\sum_{m=1}^{\infty} b_{m}^{p^{\prime}}\right)^{1 / p^{\prime}},
\end{gathered}
\]

где $\quad p&gt;1, p^{\prime}=\frac{p}{p-1}, \frac{1}{p}+\frac{1}{p^{\prime}}=1, a_{n} \geqslant 0, b_{m} \geqslant 0$, и ряды в правой части имеют конечные положительные суммы, причем константа $\frac{\pi}{\sin (\pi / p)}-$ точная, т. е. не может быть уменьшена. Д. Гильберт (D. Hilbert) доказал $(*)$ без точной константы в своих лекциях по интегральным уравнениям. Его доказательство было опубликовано Г. Вейлем [1]. Точная константа найдена И. IIуром [2], а неравенство (*) с произвольным $p&gt;1$ впервые приводится в работах Г. Харди (G. Hardy) и M. Рисса (M. Riesz) в 1925. Имеются интегральные аналоги и обобщения неравенства (*), напр., неравенство

\[
\begin{gathered}
\int_{0}^{\infty} \int_{0}^{\infty} K^{\lambda}(x, y) f(x) g(y) d x d y \leqslant \\
\leqslant K^{\lambda}\left(\int_{0}^{\infty} f^{p}(x) d x\right)^{1 / p}\left(\int_{0}^{\infty} g^{q}(y) d y\right)^{1 / q},
\end{gathered}
\]

где $K(x, y)$ - неотрицательное ядро, однородное со степенью $-1, \quad p&gt;1, \quad q&gt;1, \quad \lambda=1 / p+1 / q \leqslant 1, \quad f(x) \leqslant 0$, $g(y) \geqslant 0 \quad$ и

\[
K=\int_{0}^{\infty} u^{-1 / \lambda p^{\prime}} K(1, u) d u
\]

п полученный ранее [4] частный случай этого неравенства с ядром $K(x, y)=1 /(x+y)$ (так наз. двупараметрическое $\Gamma$. н.) и константой $K^{\lambda}=\left(\pi / \sin \lambda \mathrm{p}^{\prime}\right)^{\lambda}$. Точность этой константы доказана при $q^{\prime}=p$. Она является также асимптотически точной при $p \rightarrow 1$ и произвольном допустимом фиксированном $q$. Вопрос об асимптотике константы в $(*)$ для конечных сумм $(1 \leqslant n, m \leqslant N)$ не решен (1977); здесь известно только, что при $p=q=2$ константа равна

\[
\pi-\frac{\pi^{5}}{2}(\ln N)^{2}+O\left(\ln \ln \left\{N(\ln N)^{-3}\right\}\right) .
\]

Jum.: [1] W e y l H., Singuläre Integralgleichungen mit besonderer Berücksichtigung dès Fourielschen Integraltheorems, Inaugural Dissertation, Gött.: 1908; [2] S c h u r I., «J. für Math.&quot;, Bd 140, 1911, S. 1-28; [3] X а р д и Г. Г., ЈI и т т л bв у Д. Д. Е., I о л и а Г., Неравенства, пер. с англ., М., 1948; [4] B o n s a l l F. F., &quot;Quart. J. Math.&quot;, 1951, v. 2, p. 135-50; [6] D e B r u i j n N. G., W i i f H.'S., &quot;Bull. Amer. Math. Soc.&quot;, 1962, V. 68, p.70-3; [7] W a l k e r P. L., &quot;Proc. Edin-
burgh Math. Soc.&quot;, $1973, \mathrm{v} .18$, No 4 , p. $293-94$. E. K. Гoдyнoвa.</text_orig>
</article>
