<?xml version="1.0" ?>
<article uri="http://libmeta.ru/me/article/1031_GIЈBBERTA" alphabetic_pos="1031">
  <title>ГИЈББЕРТА ПРЕОБРАЗОВАНИЕ</title>
  <authors/>
  <pages>
    <start>485</start>
    <end>486</end>
  </pages>
  <literature>
    <literature_orig/>
  </literature>
  <formulas_main/>
  <formulas_aux/>
  <relations n="0"/>
  <text>Ф У н К ц И И $f-$ несобственный интеграл

\[
g(x)=\frac{1}{\pi} \int_{0}^{\infty} \frac{f(x+t)-f(x-t)}{t} d t .
\]

Если $f \in L(-\infty, \infty)$, то функция $g$ существует почти для всех значений $x$. Если $f \in L_{p}(-\infty, \infty), p \in(1, \infty)$, тогда функция $g$ также принадлежит $l_{p}(-\infty, \infty)$ и почти всюду имеет место двойственная формула [обращение преобразования (1)]:

\[
f(x)=-\frac{1}{\pi} \int_{0}^{x} \frac{g(x+t)-g(x-t)}{t} d t,
\]

причем

\[
\int_{-\infty}^{\infty}|g(x)|^{2} d x \leqslant M_{p} \int_{-\infty}^{\infty}|f(x)|^{p} d x,
\]

где константа $m_{p}$ зависит только от $p$.

Формулы (1), (2) эквивалентны формулам

\[
\begin{aligned}
&amp; g(x)=\frac{1}{\pi} \int_{-\infty}^{\infty} \frac{f(t)}{t-x} d t, \\
&amp; f(x)=\frac{1}{\pi} \int_{-\infty}^{\infty} \frac{g(t)}{t-x} d t,
\end{aligned}
\]

в к-рых интегралы понимаются в смысле главного значения.

Г. П. Функции $f$ называется также рассмотренный в смысле главного значения интеграл

\[
g(x)=\frac{1}{2 \pi} \int_{0}^{2 \pi} f(t) \operatorname{ctg} \frac{t-x}{2} d t .
\]

Этот интеграл часто наз. Гильберта сингулярныл интегралом. В теории рядов Фурье функцию g, определяемую формулой (6), наз. с о п р я ж е н н о й с $f$.

Если $f \in L(0,2 \pi)$, то $g$ существует почти всюду, а если $f$ удовлетворяет условию Липшица с показателем $\alpha \in(0,1)$, то $g$ существует при любом $x$ и удовлетворяет тому же условию. Если $f \in L_{p}(0,2 \pi), p \in(1, \infty)$, то $g$ обладает тем же свойством и имеет место неравенство, аналогичное (3), в к-ром интегралы взяты на интервале $(0,2 \pi)$. Таким образом, интегральные операторы, порождаемые Г. п., являются ограниченными (линейными) операторами в соответствующих пространствах $l_{p}$. Когда $f$ удовлетворяет условию Липшица или $f \in L_{p}(0,2 \pi)$ и, кроме того,

\[
\int_{0}^{2 \pi} g(x) d x=0
\]

то имеет место двойственная формула

причем

\[
f(x)=-\frac{1}{2 \pi} \int_{0}^{2 \pi} g(t) \operatorname{ctg} \frac{t-x}{2} d t,
\]

\[
\int_{0}^{2 \pi} f(x) d x=0
\]

В классе функций, удовлетворяющих условию Липшица, равенство (7) справедливо всюду, а в классе функций, суммируемых с $p$-й степенью,- почти всюду. Каждую из выписанных выше двойственных формул [напр. (4), (5)] можно рассматривать как интегральное уравнение 1-го рода; тогда вторая формула даст решение этого уравнения.

Когда функции $\operatorname{ctg} \frac{t-x}{2}$ и $\frac{1}{t-x}$ рассматриваются как ядра интегральных операторов, то их часто наз. Гильберта ядром и Коши ядром. Между этими ядрами в случае единичной окружности существует простая связь:

\[
\frac{d \tau}{\tau-\xi}=\frac{1}{2}\left(\operatorname{ctg} \frac{t-x}{2}+i\right) d t
\]

где $\xi=e^{i x}, \tau=e^{i t}$.

Jum.: [1] H i l b e r t D., Grundzüge einer allgemeinen Theorie der linearen Integralgleichungen, Lpz.- B., 1912 (2 Aufl., 1924); [2] R i e s z M., &quot;math. Z.&quot;, 1927 , Bd 27, N 2, S. 218-44; [3] Т и т ч м a p Ii E., Введение в теорию интеграви л и Н. И., Сингу.лярные интегральные уравнения, 3 изд.,
М., $1968 ;$ [5] Б а 1 и Н. К., Тригонометрические ряды, М., 1961.</text>
  <text_orig>Ф У н К ц И И $f-$ несобственный интеграл

\[
g(x)=\frac{1}{\pi} \int_{0}^{\infty} \frac{f(x+t)-f(x-t)}{t} d t .
\]

Если $f \in L(-\infty, \infty)$, то функция $g$ существует почти для всех значений $x$. Если $f \in L_{p}(-\infty, \infty), p \in(1, \infty)$, тогда функция $g$ также принадлежит $L_{p}(-\infty, \infty)$ и почти всюду имеет место двойственная формула [обращение преобразования (1)]:

\[
f(x)=-\frac{1}{\pi} \int_{0}^{x} \frac{g(x+t)-g(x-t)}{t} d t,
\]

причем

\[
\int_{-\infty}^{\infty}|g(x)|^{2} d x \leqslant M_{p} \int_{-\infty}^{\infty}|f(x)|^{p} d x,
\]

где константа $M_{p}$ зависит только от $p$.

Формулы (1), (2) эквивалентны формулам

\[
\begin{aligned}
&amp; g(x)=\frac{1}{\pi} \int_{-\infty}^{\infty} \frac{f(t)}{t-x} d t, \\
&amp; f(x)=\frac{1}{\pi} \int_{-\infty}^{\infty} \frac{g(t)}{t-x} d t,
\end{aligned}
\]

в к-рых интегралы понимаются в смысле главного значения.

Г. П. Функции $f$ называется также рассмотренный в смысле главного значения интеграл

\[
g(x)=\frac{1}{2 \pi} \int_{0}^{2 \pi} f(t) \operatorname{ctg} \frac{t-x}{2} d t .
\]

Этот интеграл часто наз. Гильберта сингулярныл интегралом. В теории рядов Фурье функцию g, определяемую формулой (6), наз. с о п р я ж е н н о й с $f$.

Если $f \in L(0,2 \pi)$, то $g$ существует почти всюду, а если $f$ удовлетворяет условию Липшица с показателем $\alpha \in(0,1)$, то $g$ существует при любом $x$ и удовлетворяет тому же условию. Если $f \in L_{p}(0,2 \pi), p \in(1, \infty)$, то $g$ обладает тем же свойством и имеет место неравенство, аналогичное (3), в к-ром интегралы взяты на интервале $(0,2 \pi)$. Таким образом, интегральные операторы, порождаемые Г. п., являются ограниченными (линейными) операторами в соответствующих пространствах $L_{p}$. Когда $f$ удовлетворяет условию Липшица или $f \in L_{p}(0,2 \pi)$ и, кроме того,

\[
\int_{0}^{2 \pi} g(x) d x=0
\]

то имеет место двойственная формула

причем

\[
f(x)=-\frac{1}{2 \pi} \int_{0}^{2 \pi} g(t) \operatorname{ctg} \frac{t-x}{2} d t,
\]

\[
\int_{0}^{2 \pi} f(x) d x=0
\]

В классе функций, удовлетворяющих условию Липшица, равенство (7) справедливо всюду, а в классе функций, суммируемых с $p$-й степенью,- почти всюду. Каждую из выписанных выше двойственных формул [напр. (4), (5)] можно рассматривать как интегральное уравнение 1-го рода; тогда вторая формула даст решение этого уравнения.

Когда функции $\operatorname{ctg} \frac{t-x}{2}$ и $\frac{1}{t-x}$ рассматриваются как ядра интегральных операторов, то их часто наз. Гильберта ядром и Коши ядром. Между этими ядрами в случае единичной окружности существует простая связь:

\[
\frac{d \tau}{\tau-\xi}=\frac{1}{2}\left(\operatorname{ctg} \frac{t-x}{2}+i\right) d t
\]

где $\xi=e^{i x}, \tau=e^{i t}$.

Jum.: [1] H i l b e r t D., Grundzüge einer allgemeinen Theorie der linearen Integralgleichungen, Lpz.- B., 1912 (2 Aufl., 1924); [2] R i e s z M., &quot;Math. Z.&quot;, 1927 , Bd 27, N 2, S. 218-44; [3] Т и т ч м a p II E., Введение в теорию интеграви л и Н. И., Сингу.лярные интегральные уравнения, 3 изд.,
М., $1968 ;$ [5] Б а 1 и Н. К., Тригонометрические ряды, М., 1961.</text_orig>
</article>
