<?xml version="1.0" ?>
<article uri="http://libmeta.ru/me/article/1031_NIL'" alphabetic_pos="1031">
  <title>НИЛЬ ПОТЕНТНЫЙ ИДЕАЛ</title>
  <authors/>
  <pages>
    <start>523</start>
    <end>523</end>
  </pages>
  <literature>
    <literature_orig/>
  </literature>
  <formulas_main/>
  <formulas_aux/>
  <relations n="0"/>
  <text>односторонний или двусторонний идеал $m$ кольца или полугруппы с нулем $a$ такой, что для нек-рого наттурального $n$ выполняется $m^{n}=\{0\}$, т. е. проивведение любых $n$ элементов идеала $m$ равно нулю. Напр., в кольце $z / p^{n} Z$ вычетов по модулю $p^{n}$, где $p$ - нек-рое простое число, все плеалы, отличные от самого кольца, нильшотентны. В групповом кольце $f_{p}[g]$ конечной $p$-группы $g$ над полем из $p$ элементов идеал, порожденный әлементами вида $\sigma-1$, где $\sigma \in G$, нильпотентен. В кольце верхних треугольных матриц над нек-рым полем матрицы, у к-рых на главной диагонали стоят нули, образуют Н. и.

Любой элемент Н. I. нильпотентен. Любой Н. и. является одновременно нильидеалом и содержится в радикале Джекобсона кольца. В артивовых кольцах радикал Джекобсона нильпотентен, и понятия Н. и. и нильпдеала совпадают. Последнее свойство справедливо и для нётеровых колец. В нётеровом слева кольце любой левый (правый) нильидеал нильпотентен.

Все Н. и. коммутативного кольца содержатся в нильрадпкале, к-рый в общем случае может быть не нильпотентным, а лишь нильидеалом. Простой пример такой ситуации доставляет прямая сумма колец $z / p^{n} Z$ по всем натуральным $n$. В коммутативном кольце любой ни.иьпотентный әлемеит а содержится в нек-ром Н. и., напр. в гјавном идеале, порожденном $a$. В некоммутативном кольце могут существовать нильпотентные әлементы, к-рые не содержатся ни в одном Н. и. (и даже нильидеале). Напр., в полном кольце матриц над полем имеются нильпотентные әлементы, в частности нильпотентны упоминавшиеся выше матрицы, у к-рых ненулевые әлементы стоят только над главной диагональю, но это кольцо просто и, следовательно, не имеет ненулевых Н. и.

В конечномерной алгебре Ли $g$ существует максимальный Н. и,, состоящий из элементов $x \in G$, для к-рых әндоморфизм $y \rightarrow[x, y]$ для $y \in G$ нилыпо'тентен. [2] Лит.: [1] Л е н г С., Алгебра, пер. с англ., М., 1968; [2] Д ж е к о б с о н н., Строение колец, пер. с англ., М.,
1961 ; [3] Ф е й с К., Алгебра: кольца, модули и категории, пер. с англ., т. 1, М., 1977; [4] Х е р с т е й н и., Некоммутативные кольца, пер. с англ., М., 1972; [5] б у р б а к и Н., Группы и алгебры Ји. Алгебры Ли, свободные алгебры Ји и
группы Ли, пер. с франц., М., 1976.
Л. В. Кузилин.

![](https://cdn.mathpix.com/cropped/2023_07_08_096942cfb05483569499g-1.jpg?height=45&amp;width=814&amp;top_left_y=1419&amp;top_left_x=136)
т е н т, - элемент $a$ кольца или полугрушпы с нулем $a$, удовлетворяющий равенству $a^{n}=0$ для нек-рого натурального $n$. Минимальное значение $n$, для к-рого справедливо әто равенство, наз. и н д е к с о м ни ль п от е т т н о с т и әлемента a. Напр., в колыце вычетов по модулю $p^{n}$, где $p$ - нек-рое простое число, класс вычетов числа $p$ - нильпотент индекса $n$, матрица $\left\|\begin{array}{ll}0 &amp; 1 \\ 0 &amp; 0\end{array}\right\|$ является нильпотентом индекса 2 в кольце $(2 \times 2)$-матриц с коэффициентами в нек-ром поле $k$, в групповой алгебре $f_{p}[g]$, где $f_{p}-$ поле из $p$ әлементов, a $g$ - ıиклич. группа порядка $p$ с образуюшей б, әлемент 1-б является нильшотентом пндекса $p$.

Если $a$-- Н. ә. индекса $n$, то справедливо равегство

\[
1=(1-a)\left(1+a+a^{2}+\ldots+a^{n-1}\right) \text {, }
\]

т. е. әлемент $(1-a)$ обратим в кольце $a$ п обратный к нему әлемент зашисываелся в виде многочлена от $a$.

В коммутативном кольце $a$ элемент $\boldsymbol{a}$ нильпотентен тогда і только тогда, когда он содержится во всех простых идеалах кольца. Все Н. э. образуют идеал $j$, наз. н и л ь р а д и к а л о кольца і совпадающий с пересечением всех простых пдеалов кольца $a$. Кольцо $a / J$ уже не пмсет Н. э., отличных от нуля.

При интерпретации коммутативного кольца $a$ как кольца функций на пространстве $\operatorname{spec} A$ (спектре $a$ ) нильпотентам соответствуют функции, тождественно равные нулю. Тем не менее рассмотрение нильпотентов часто оказывается полезным в алгео́раич. геометрии, т. к. они позволяют получить чисто алгебраич. аналог ряда понятий, типичных для анализа и дифференциальной геометрии (бесконечно малые деформации и т. п.).

Лum.: [1] Л ен г г С., Алгебра, пер. с англ., М., 1968; [2] $\mathbf{x}$ е р с т е й н и., Некоммутативные кольца, пер. с англ.,
М., $1972 ;$ [3] ш а ф а р в и ч И. Р., Основы алгебраической геометрии, М., 1972.</text>
  <text_orig>односторонниЙ илИ двусторонний идеал $M$ кольца или полугруппы с нулем $A$ такой, что для нек-рого наттурального $n$ выполняется $M^{n}=\{0\}$, т. е. проивведение любых $n$ элементов идеала $M$ равно нулю. Напр., в кольце $Z / p^{n} Z$ вычетов по модулю $p^{n}$, где $p$ - нек-рое простое число, все плеалы, отличные от самого кольца, нильшотентны. В групповом кольце $F_{p}[G]$ конечной $p$-группы $G$ над полем из $p$ элементов идеал, порожденный әлементами вида $\sigma-1$, где $\sigma \in G$, нильпотентен. В кольце верхних треугольных матриц над нек-рым полем матрицы, у к-рых на главной диагонали стоят нули, образуют Н. и.

Любой элемент Н. I. нильпотентен. Любой Н. и. является одновременно нильидеалом и содержится в радикале Джекобсона кольца. В артивовых кольцах радикал Джекобсона нильпотентен, и понятия Н. и. и нильпдеала совпадают. Последнее свойство справедливо и для нётеровых колец. В нётеровом слева кольце любой левый (правый) нильидеал нильпотентен.

Все Н. и. коммутативного кольца содержатся в нильрадпкале, к-рый в общем случае может быть не нильпотентным, а лишь нильидеалом. Простой пример такой ситуации доставляет прямая сумма колец $Z / p^{n} Z$ по всем натуральным $n$. В коммутативном кольце любой ни.иьпотентный әлемеит а содержится в нек-ром Н. и., напр. в гјавном идеале, порожденном $a$. В некоммутативном кольце могут существовать нильпотентные әлементы, к-рые не содержатся ни в одном Н. и. (и даже нильидеале). Напр., в полном кольце матриц над полем имеются нильпотентные әлементы, в частности нильпотентны упоминавшиеся выше матрицы, у к-рых ненулевые әлементы стоят только над главной диагональю, но это кольцо просто и, следовательно, не имеет ненулевых Н. и.

В конечномерной алгебре Ли $G$ существует максимальный Н. и,, состоящий из элементов $x \in G$, для к-рых әндоморфизм $y \rightarrow[x, y]$ для $y \in G$ нилыпо'тентен. [2] Лит.: [1] Л е н г С., Алгебра, пер. с англ., М., 1968; [2] Д ж е к о б с о н н., Строение колец, пер. с англ., М.,
1961 ; [3] Ф е й с К., Алгебра: кольца, модули и категории, пер. с англ., т. 1, М., 1977; [4] Х е р с т е й н и., Некоммутативные кольца, пер. с англ., М., 1972; [5] б у р б а к и Н., Группы и алгебры Ји. Алгебры Ли, свободные алгебры Ји и
группы Ли, пер. с франц., М., 1976.
Л. В. Кузилин.

![](https://cdn.mathpix.com/cropped/2023_07_08_096942cfb05483569499g-1.jpg?height=45&amp;width=814&amp;top_left_y=1419&amp;top_left_x=136)
т е н т, - элемент $a$ кольца или полугрушпы с нулем $A$, удовлетворяющий равенству $a^{n}=0$ для нек-рого натурального $n$. Минимальное значение $n$, для к-рого справедливо әто равенство, наз. и н д е к с о м ни ль п от е т т н о с т и әлемента a. Напр., в колыце вычетов по модулю $p^{n}$, где $p$ - нек-рое простое число, класс вычетов числа $p$ - нильпотент индекса $n$, матрица $\left\|\begin{array}{ll}0 &amp; 1 \\ 0 &amp; 0\end{array}\right\|$ является нильпотентом индекса 2 в кольце $(2 \times 2)$-матриц с коэффициентами в нек-ром поле $K$, в групповой алгебре $F_{p}[G]$, где $F_{p}-$ поле из $p$ әлементов, a $G$ - ıиклич. группа порядка $p$ с образуюшей б, әлемент 1-б является нильшотентом пндекса $p$.

Если $a$-- Н. ә. индекса $n$, то справедливо равегство

\[
1=(1-a)\left(1+a+a^{2}+\ldots+a^{n-1}\right) \text {, }
\]

т. е. әлемент $(1-a)$ обратим в кольце $A$ п обратный к нему әлемент зашисываелся в виде многочлена от $a$.

В коммутативном кольце $A$ элемент $\boldsymbol{a}$ нильпотентен тогда і только тогда, когда он содержится во всех простых идеалах кольца. Все Н. э. образуют идеал $J$, наз. н и л ь р а д и к а л о кольца і совпадающий с пересечением всех простых пдеалов кольца $A$. Кольцо $A / J$ уже не пмсет Н. э., отличных от нуля.

При интерпретации коммутативного кольца $A$ как кольца функций на пространстве $\operatorname{Spec} A$ (спектре $A$ ) нильпотентам соответствуют функции, тождественно равные нулю. Тем не менее рассмотрение нильпотентов часто оказывается полезным в алгео́раич. геометрии, т. к. они позволяют получить чисто алгебраич. аналог ряда понятий, типичных для анализа и дифференциальной геометрии (бесконечно малые деформации и т. п.).

Лum.: [1] Л ен г г С., Алгебра, пер. с англ., М., 1968; [2] $\mathbf{X}$ е р с т е й н и., Некоммутативные кольца, пер. с англ.,
М., $1972 ;$ [3] ш а ф а р в и ч И. Р., Основы алгебраической геометрии, М., 1972.</text_orig>
</article>
