<?xml version="1.0" ?>
<article uri="http://libmeta.ru/me/article/1032_KONDUKTO" alphabetic_pos="1032">
  <title>КОНДУКТОР</title>
  <authors/>
  <pages>
    <start>509</start>
    <end>509</end>
  </pages>
  <literature>
    <literature_orig/>
  </literature>
  <formulas_main/>
  <formulas_aux/>
  <relations n="0"/>
  <text>й В. Долгачев. целостного коммутативного кольца $a$, являющийся аннулятором $a$-модуля $\bar{a} / A$, где $\bar{a}$ - целое замыкание кольца $a$ в его поле частных. Иногда $к$. рассматривается также как идеал кольца $\bar{a}$. Если $\bar{a}$ является $a$-модулем конечного типа (напр., когда $a$ - геометрич.

![](https://cdn.mathpix.com/cropped/2023_07_08_9998b5054a910fe7caf2g-1.jpg?height=38&amp;width=821&amp;top_left_y=554&amp;top_left_x=989)
тогда и только тогда, когда локализация $a_{\mathfrak{b}}$ не является целозамкнутым локальным кольцом. В геометрич. терминах это означает, что К. определяет замкнутую подсхему аффинной схемы $\operatorname{spec}(a)$, состоящую из точек, не являющихся нормальными точками.

Jum.: [1] Б у p б а к и H., Коммутативная алгебра, пер. с Франц., М., 1971; [2] 3 а р и с с к и й О., С а м юә л ь П.., Коммутативная алгебра, пер. с англ., т. 1, М., 1963.</text>
  <text_orig>й В. Долгачев. целостного коммутативного кольца $A$, являющийся аннулятором $A$-модуля $\bar{A} / A$, где $\bar{A}$ - целое замыкание кольца $A$ в его поле частных. Иногда $К$. рассматривается также как идеал кольца $\bar{A}$. Если $\bar{A}$ является $A$-модулем конечного типа (напр., когда $A$ - геометрич.

![](https://cdn.mathpix.com/cropped/2023_07_08_9998b5054a910fe7caf2g-1.jpg?height=38&amp;width=821&amp;top_left_y=554&amp;top_left_x=989)
тогда и только тогда, когда локализация $A_{\mathfrak{B}}$ не является целозамкнутым локальным кольцом. В геометрич. терминах это означает, что К. определяет замкнутую подсхему аффинной схемы $\operatorname{Spec}(A)$, состоящую из точек, не являющихся нормальными точками.

Jum.: [1] Б у p б а к и H., Коммутативная алгебра, пер. с Франц., М., 1971; [2] 3 а р и с с к и й О., С а м юә л ь П.., Коммутативная алгебра, пер. с англ., т. 1, М., 1963.</text_orig>
</article>
