<?xml version="1.0" ?>
<article uri="http://libmeta.ru/me/article/1033_GIL'BERTA" alphabetic_pos="1033">
  <title>ГИЛЬБЕРТА СИСТЕМА АКСИОМ</title>
  <authors/>
  <pages>
    <start>486</start>
    <end>487</end>
  </pages>
  <literature>
    <literature_orig/>
  </literature>
  <formulas_main/>
  <formulas_aux/>
  <relations n="0"/>
  <text>е в к л и д о в о й ге о м е т р и и - система аксиом, предложенная в 1899 Д. Гильбертом (см. [1]). Со времени первой публикации Г. с. а. Д. Гильберт внес в систему аксиом различные изменения іл уточнения.

Основными (неопределяемыми) понятиями в Г. с. а. являются объекты: точкі, прямые и плоскости и отношения между ними, выражаемые словами: «принадлежит&quot;, «между&quot;, &quot;конгруэнтен». Природа основных объектов и отношений между ними может быть какой угодно, лишь бы эти объекты и отношения удовлетворяли указанным аксиомам.

Г. с. а. содержит 20 аксиом, к-рые разбиты на пять групп.

I группа состоит из восьми аксиом принадлежности (соединения), к-рые описывают отношение «принадлежит». I $\mathbf{i}_{1}$ Для любых двух точек существует прямая, проходящая через каждую из этих двух точек. $\mathrm{i}_{2}$. Для двух различных точек существует не более одной прямой, проходящей через каждую из этих двух точек. $\mathrm{i}_{3}$. На каждой прямой лежат по крайней мере две точки. Существуют по крайней мере три точки, не лежащие на одной прямой. $\mathrm{i}_{4}$. Для любых трех точек, не лежащих на одной прямой, существует плоскость, проходящая через каждую из этих трех точек. На каждой плоскости лежит по крайней мере одна точка. $\mathrm{i}_{5}$. Для любых трех точек, не лежащих на одной прямой, существует не более одной плоскости, проходящей через каждую из этих трех точек. $\mathrm{i}_{6}$. Если две точки $a, B$ прямой $a$ лежат в плоскости $\alpha$, то всякая точка прямой $a$ лежит в плоскости $\alpha . \mathrm{I}_{7}$. Если две плоскости имеют общую точку, то они имеют еще по крайней мере одну общую точку. $\mathrm{i}_{8}$. Существуют по крайней мере четыре точки, не лежащие в одной плоскости.

Ii группа содержит четыре аксиомы порядка, описывающие отношение «между&quot;. Ii $\mathrm{i}_{1}$. Если точка $b$ лежит между точкой $a$ и точкой $c$, то $a, B, C-$ различные точки одной прямой и $b$ лежит также между $c$ и $a$. $\mathrm{ii}_{2}$. Для любых двух точек $a$ и $b$ на прямой $a B$ супествует по крайней мере одна точка $c$ такая, что точка $b$ лежит между $a$ и $c$. $\mathrm{ii}_{3}$. Среди любых трех точек прямой существует не более одной точки, лежащей между двумя другими. $\mathrm{ii}_{4}$ (а к с и о м а П а ша). Пусть $a, B, C-$ три точки, не лежащие на одной прямой, и $a$ - прямая в плоскости $a B C$, не проходящая ни через одну из точек $a, B, C$. Тогда, если прямая $a$ проходит через внутреннюю точку отрезка $a B$, то она проходит также через внутреннюю точку отрезка $a C$ или через внутреннюю точку отрезка $b C$.

Iii группа содержит пять аксиом конгруэнтности, к-рые описывают отношение «конгруэнтен» (это отношение Гильберт обозначает знаком $\equiv) . I_{1}$. Если даны отрезок $a B$ и луч $o X$, то на луче $o X$ существует точка $b^{\prime}$ такая, что отрезок $a B$ конгруәнтен отрезку $o B^{\prime}$, то есть $a B \equiv O B^{\prime}$. Iii г $_{2}$. Если $a^{\prime} B^{\prime} \equiv A B$ и $a^{\prime \prime} B^{\prime \prime} \equiv$

![](https://cdn.mathpix.com/cropped/2023_07_08_40c487ea58da86eb6f4eg-1.jpg?height=40&amp;width=826&amp;top_left_y=1042&amp;top_left_x=996)
ка на прямой, не имеющие общих внутренних точек, а $a^{\prime} B^{\prime}$ и $b^{\prime} C^{\prime}$ - два отрезка на той же или на другой прямой, тоже не имеющие обцих внутренних точек. Тогда, если $a B \equiv A^{\prime} B^{\prime}$ и $b C \equiv B^{\prime} C^{\prime}$, то $a C \equiv A^{\prime} C^{\prime}$. Iii ${ }_{4}$. Пусть даны угол $a O B$, луч $o^{\prime} A^{\prime}$ и полуплоскость $\pi^{\prime}$, ограниченная прямой $o^{\prime} A^{\prime}$. Тогда в полуплоскости $\pi^{\prime}$ существует один и только один луч $o^{\prime} B^{\prime}$ такой, что $\angle A O B \equiv \angle A^{\prime} O^{\prime} B^{\prime}$. Кроме того, каждый угол конгруэнтен самому себе. Iii $_{5}$. Если для двух треугольников $a B C$ и $a^{\prime} B^{\prime} C^{\prime}$ пмеем: $a B \equiv A^{\prime} B^{\prime}, A C \equiv A^{\prime} C^{\prime}$, $\angle B A C \equiv \angle B^{\prime} A^{\prime} C^{\prime}$, то $\angle A B C \equiv \angle A^{\prime} B^{\prime} C^{\prime}$.

Iv группа состоит из двух аксіом ненрерывности. $\mathrm{iv}_{1}$ (а к с и ом а А р х и ме д а). Пусть $a B$ и $c D-$ два каких-нибудь отрезка. Тогда на прямой $a B$ существует конечное множество точек $a_{1}, A_{2}, \ldots, A_{n}$ таких, что точка $a_{1}$ лежит между $a$ и $a_{2}$, точка $a_{2}$ лежит между $a_{1}$ и $a_{3}$ и т. д., причем отрезки $a A_{1}, A_{1} A_{2}$, . . ., $a_{n-1} A_{n}$ конгруэнтны отрезку $c D$ и $b$ лежит между $a$ и $a_{n}$. $\mathrm{iv}_{2}$ (а к с и о м а К а н т о р а). Пусть на какой-либо прямой $a$ дана бесконечная последовательность отрезков $a_{1} B_{1}, A_{2} B_{2}, . .$, удовлетворяющая двум условиям: a) каждый последующий отрезок есть часть предыдущего, б) для любого наперед заданного отрезка $c D$ найдется натуральное число $n$ такое, что $a_{n} B_{n}&lt;C D$. Тогда на прямой $a$ существует точка $m$, принадлежащая каждому из отрезков этой последовательности.

V группа содержит одну аксиому о параллельных. Пусть даны прямая $a$ и точка $a$, не лежащая на этой прямой. Тогда в плоскости, определяемой прямой $a$ и точкой, существует не более одной прямой, проходящей через точку $a$ и не пересекающей прямую $a$.

(у Д. Гильберта Iv группа - аксиома о параллельных, V группа - аксиомы непрерывности.)

Все остальные понятия евклидовой геометрии определяются с помощью основных понятий $г$. с. а., а все предложения о свойствах геометрич. фигур, не содержащиеся в Г. с. а., должны быть доказаны чісто логич. выводом из этих аксиом (или предложений, полученных таким же путем).

Г. с. а. обладает свойством полноты; она непротиворечива, если непротиворечива арифметика действительных чисел. Если в Г. с. а. заменить аксиому о параллельных ее отрицанием, то полученная новая система аксиом тоже непротиворечива (система аксиом геометрии Лобачевского), т. е. аксиома о параллельных не зависит от остальных аксиом Г. с. а. Можно установить независимость нек-рых других аксиом Г. с. а. от остальных аксиом этой системы.

Г. с. а. является первым достаточно строгим обоснованием евклидовой геометрии.

Лит.: [1] $\gamma$ и л ь б е р т Д., Основания геометрии, пер. с нем., М.- Ј., 1948; [2] Е ф и м о в Н. В., Высшая геометрия, 5 изд., М., 1971. В. Т. Базылев.</text>
  <text_orig>е в к л и д о в о й ге о м е т р и и - система аксиом, предложенная в 1899 Д. Гильбертом (см. [1]). Со времени первой публикации Г. с. а. Д. Гильберт внес в систему аксиом различные изменения іл уточнения.

Основными (неопределяемыми) понятиями в Г. с. а. являются объекты: точкі, прямые и плоскости и отношения между ними, выражаемые словами: «принадлежит&quot;, «между&quot;, &quot;конгруэнтен». Природа основных объектов и отношений между ними может быть какой угодно, лишь бы эти объекты и отношения удовлетворяли указанным аксиомам.

Г. с. а. содержит 20 аксиом, к-рые разбиты на пять групп.

I группа состоит из восьми аксиом принадлежности (соединения), к-рые описывают отношение «принадлежит». I $\mathbf{I}_{1}$ Для любых двух точек существует прямая, проходящая через каждую из этих двух точек. $\mathrm{I}_{2}$. Для двух различных точек существует не более одной прямой, проходящей через каждую из этих двух точек. $\mathrm{I}_{3}$. На каждой прямой лежат по крайней мере две точки. Существуют по крайней мере три точки, не лежащие на одной прямой. $\mathrm{I}_{4}$. Для любых трех точек, не лежащих на одной прямой, существует плоскость, проходящая через каждую из этих трех точек. На каждой плоскости лежит по крайней мере одна точка. $\mathrm{I}_{5}$. Для любых трех точек, не лежащих на одной прямой, существует не более одной плоскости, проходящей через каждую из этих трех точек. $\mathrm{I}_{6}$. Если две точки $A, B$ прямой $a$ лежат в плоскости $\alpha$, то всякая точка прямой $a$ лежит в плоскости $\alpha . \mathrm{I}_{7}$. Если две плоскости имеют общую точку, то они имеют еще по крайней мере одну общую точку. $\mathrm{I}_{8}$. Существуют по крайней мере четыре точки, не лежащие в одной плоскости.

II группа содержит четыре аксиомы порядка, описывающие отношение «между&quot;. II $\mathrm{I}_{1}$. Если точка $B$ лежит между точкой $A$ и точкой $C$, то $A, B, C-$ различные точки одной прямой и $B$ лежит также между $C$ и $A$. $\mathrm{II}_{2}$. Для любых двух точек $A$ и $B$ на прямой $A B$ супествует по крайней мере одна точка $C$ такая, что точка $B$ лежит между $A$ и $C$. $\mathrm{II}_{3}$. Среди любых трех точек прямой существует не более одной точки, лежащей между двумя другими. $\mathrm{II}_{4}$ (а к с и о м а П а ша). Пусть $A, B, C-$ три точки, не лежащие на одной прямой, и $a$ - прямая в плоскости $A B C$, не проходящая ни через одну из точек $A, B, C$. Тогда, если прямая $a$ проходит через внутреннюю точку отрезка $A B$, то она проходит также через внутреннюю точку отрезка $A C$ или через внутреннюю точку отрезка $B C$.

III группа содержит пять аксиом конгруэнтности, к-рые описывают отношение «конгруэнтен» (это отношение Гильберт обозначает знаком $\equiv) . I_{1}$. Если даны отрезок $A B$ и луч $O X$, то на луче $O X$ существует точка $B^{\prime}$ такая, что отрезок $A B$ конгруәнтен отрезку $O B^{\prime}$, то есть $A B \equiv O B^{\prime}$. III г $_{2}$. Если $A^{\prime} B^{\prime} \equiv A B$ и $A^{\prime \prime} B^{\prime \prime} \equiv$

![](https://cdn.mathpix.com/cropped/2023_07_08_40c487ea58da86eb6f4eg-1.jpg?height=40&amp;width=826&amp;top_left_y=1042&amp;top_left_x=996)
ка на прямой, не имеющие общих внутренних точек, а $A^{\prime} B^{\prime}$ и $B^{\prime} C^{\prime}$ - два отрезка на той же или на другой прямой, тоже не имеющие обцих внутренних точек. Тогда, если $A B \equiv A^{\prime} B^{\prime}$ и $B C \equiv B^{\prime} C^{\prime}$, то $A C \equiv A^{\prime} C^{\prime}$. III ${ }_{4}$. Пусть даны угол $A O B$, луч $O^{\prime} A^{\prime}$ и полуплоскость $\Pi^{\prime}$, ограниченная прямой $O^{\prime} A^{\prime}$. Тогда в полуплоскости $\Pi^{\prime}$ существует один и только один луч $O^{\prime} B^{\prime}$ такой, что $\angle A O B \equiv \angle A^{\prime} O^{\prime} B^{\prime}$. Кроме того, каждый угол конгруэнтен самому себе. III $_{5}$. Если для двух треугольников $A B C$ и $A^{\prime} B^{\prime} C^{\prime}$ пмеем: $A B \equiv A^{\prime} B^{\prime}, A C \equiv A^{\prime} C^{\prime}$, $\angle B A C \equiv \angle B^{\prime} A^{\prime} C^{\prime}$, то $\angle A B C \equiv \angle A^{\prime} B^{\prime} C^{\prime}$.

IV группа состоит из двух аксіом ненрерывности. $\mathrm{IV}_{1}$ (а к с и ом а А р х и ме д а). Пусть $A B$ и $C D-$ два каких-нибудь отрезка. Тогда на прямой $A B$ существует конечное множество точек $A_{1}, A_{2}, \ldots, A_{n}$ таких, что точка $A_{1}$ лежит между $A$ и $A_{2}$, точка $A_{2}$ лежит между $A_{1}$ и $A_{3}$ и т. д., причем отрезки $A A_{1}, A_{1} A_{2}$, . . ., $A_{n-1} A_{n}$ конгруэнтны отрезку $C D$ и $B$ лежит между $A$ и $A_{n}$. $\mathrm{IV}_{2}$ (а к с и о м а К а н т о р а). Пусть на какой-либо прямой $a$ дана бесконечная последовательность отрезков $A_{1} B_{1}, A_{2} B_{2}, . .$, удовлетворяющая двум условиям: a) каждый последующий отрезок есть часть предыдущего, б) для любого наперед заданного отрезка $C D$ найдется натуральное число $n$ такое, что $A_{n} B_{n}&lt;C D$. Тогда на прямой $a$ существует точка $M$, принадлежащая каждому из отрезков этой последовательности.

V группа содержит одну аксиому о параллельных. Пусть даны прямая $a$ и точка $A$, не лежащая на этой прямой. Тогда в плоскости, определяемой прямой $a$ и точкой, существует не более одной прямой, проходящей через точку $A$ и не пересекающей прямую $a$.

(У Д. Гильберта IV группа - аксиома о параллельных, V группа - аксиомы непрерывности.)

Все остальные понятия евклидовой геометрии определяются с помощью основных понятий $Г$. с. а., а все предложения о свойствах геометрич. фигур, не содержащиеся в Г. с. а., должны быть доказаны чісто логич. выводом из этих аксиом (или предложений, полученных таким же путем).

Г. с. а. обладает свойством полноты; она непротиворечива, если непротиворечива арифметика действительных чисел. Если в Г. с. а. заменить аксиому о параллельных ее отрицанием, то полученная новая система аксиом тоже непротиворечива (система аксиом геометрии Лобачевского), т. е. аксиома о параллельных не зависит от остальных аксиом Г. с. а. Можно установить независимость нек-рых других аксиом Г. с. а. от остальных аксиом этой системы.

Г. с. а. является первым достаточно строгим обоснованием евклидовой геометрии.

Лит.: [1] $\Gamma$ и л ь б е р т Д., Основания геометрии, пер. с нем., М.- Ј., 1948; [2] Е ф и м о в Н. В., Высшая геометрия, 5 изд., М., 1971. В. Т. Базылев.</text_orig>
</article>
