<?xml version="1.0" ?>
<article uri="http://libmeta.ru/me/article/1033_NOMOGRAFI" alphabetic_pos="1033">
  <title>НОМОГРАФИЯ</title>
  <authors/>
  <pages>
    <start>523</start>
    <end>526</end>
  </pages>
  <literature>
    <literature_orig/>
  </literature>
  <formulas_main/>
  <formulas_aux/>
  <relations n="0"/>
  <text>раздел математики, в к-ром изучаются способы графич. шредставления функциональных зависимостей. Получаюцциеся при әтом чертежи наз. н о м о г р а м м а м и. Каждая номограмма строится для определенной функцпональной зависимости в заданных пределах изменения переменных. На номограммах вычислительная работа заменяется выполнением простейших геометрич. операций, указанных в ключе пользования номограммой, и считыванием ответов.

Точность получения ответов по номограммам зависит от вида номографированной зависимости, пределов изменения переменных, размеров чертежа и выбранного типа номограммы. В среднем номограммы могут обеспечить получение ответов с $2-3$ верными значащими цифрами. Когда точность номограмм недостаточна, их мо\%но использовать для прикидочных расчетов, для нахождения нулевых приближений, для контроля вычислений с целью обнаружения грубых ошибок.

Номограммы можно применять и для исследования Функциональных зависимостей, положенных в их основу. Часто такое исследование выполняется на номограммах значительно проще и нагляднее, чем иными способами. С помощью номограмм можно псследовать влияние различных переменных на искомую шеременную, дать наглядную геометрич. интерпретацию какимлибо ранее известным свойствам данной зависимости, установить ранее неизвестные ее особенности. Номограқ̆ические методы исследования можно, напр., применять в задачах на подбор параметров эмнирич. формул по результатам наблюдений, на аппроксимацию одной функции другой, на нахождение әкстремальных значений функции.

Значения переменных изображаются на номограммах помеченными точками и помеченными линиями. Множкство помеченных точек, зависящее от одной переменной, наз. Ш к а л о й. Уравнения шкалы переменной $\alpha_{1}$ в прямоугольной системе коордінат $x O y$ записываются в віде

\[
x=f_{1}, \quad y=g_{1},
\]

где $f_{1}$ и $g_{1}$ - функции $f\left(\alpha_{1}\right)$ и $g\left(\alpha_{1}\right)$. Схема шкалы $\alpha_{1}$ приведена на рис. 1.

Множество помеченных точек, зависящее от двух ıеременных, наз. б и н а р н ы п п ле м. Бинарное цоле обычно оформляется в виде сетки, состоящей из двух семейств помеченных линий. Точка в бинарном поле определяется как точка пересечения линий с заданными пометками. В системе ирямоугольных координат $x O y$ бинарное поле переменных $\alpha_{1}$ и $\alpha_{2}$ задается уравнениями

\[
x=f_{12}, \quad y=g_{12},
\] ![](https://cdn.mathpix.com/cropped/2023_07_08_12b23d66023984cc8d29g-1.jpg?height=189&amp;width=181&amp;top_left_y=181&amp;top_left_x=138)

Рис. 1.

![](https://cdn.mathpix.com/cropped/2023_07_08_12b23d66023984cc8d29g-1.jpg?height=194&amp;width=203&amp;top_left_y=181&amp;top_left_x=335)

Pис. 2. где $f_{12}$ и $g_{12}$ - функции $f_{12}\left(\alpha_{1}, \alpha_{2}\right)$ и $g_{12}\left(\alpha_{1}, \alpha_{2}\right)$. Предполагается, что функции $f_{12}$ и $g_{12}$ таковы, что в заданной области изменения переменных каждой паре значений $\alpha_{1}$ и $\alpha_{2}$ отвечает только одна пара значений $x$ и $y$. Схема бинарного поля $\left(\alpha_{1}, \alpha_{2}\right)$ приведена на рис. 2 .

Шікалы, семейства помеченных линий и бинарные поля в номограммах оформляются так, чтобы было утобно находить точки и линии с заданными пометками и определять пометки ответных точек и линий.

Э ле ментарными номо граммами наз. номограммы, в к-рых ответ или ответы находятся в результате выполнения одной геометрич. операции (определение точки на шкале или в бинарном поле; проведение прямой через две точки; построение окружности по известному центру и рапиусу; деление отрезка в заданном отношении; проведение ггряой, параллельной данной; откладывание отрезка, длина к-рого равна длине данного отрезка; построение параллелограмма по трем его известным вершинам; наложение одной плоскости на другую).

К әлементарным номограммам относятся: график Функции; сдвоенная шкала; сетчатая; из выравненных точек; из равноудаленных точек; циркульная; c параллельным индексом; барицентрическая; ромбоидальная, с ориентированным транспарантом и с транспарантом общего вила.

![](https://cdn.mathpix.com/cropped/2023_07_08_12b23d66023984cc8d29g-1.jpg?height=302&amp;width=439&amp;top_left_y=1072&amp;top_left_x=118)

Pис. 3. На рис. 3 приведена әлементарная номограмма пз выравненных точек для определения величины $x$ из уравнения

\[
x^{a-1}=b \frac{\ln (c-x)}{c-x-1},
\]

применяющегося при термическом расчете вентиляторных противоточных градирен. Номограмма построена в пределах: $0,3 \leqslant a \leqslant 0.8 ; 0,1 \leqslant b \leqslant 20 ; 0,1 \leqslant c \leqslant 20 ; 0,001 \leqslant x \leqslant 0,5$. Переменные $a$ и $b$ представлены на номограмме шкаламп: переменные $c$ и $x$ - бинарным полем. На номограмме показано решение тислового примера (дано: $\boldsymbol{a}=0,75$; $b=7 ; c=10 ;$ ответ: $x=0,1)$.

Элементарные номограммы имеют простое геометрич. обоснование: номографич. интерпретация условия расположения трех точек на одной прямой приводит к номограмме из выравненных точек; формулы расстояния между двумя точками - к номограмме из равноудаленных точек и к циркульной; формул для координат точки, деляцций отрезок в заданном отношении, - к барицентрич. номограмме; условия параллельности двух прямых - к номограмме с параллельным индексом; формул, определяющих координаты четвертой вершины параллелограмма по трем его заданным вершинам, - к ромбоидальной номограмме; формул преобразования прямоугольных координат без поворота иi с поворотом осей - к номограммам на двух плоскостях (с ориентированным транспарантом и с транспарантом общего вида).

Каждому виду элементарной номограммы соответствует своя канонич. форма зависимости, к-рую можно изобразить номограммой. Нек-рые канонич. формы допускают построение әлементарных номограмм различного типа.

Напболее обццая канонич. форма, представимая әлементарной номограммой из выравненных точек, пмеет вид

\[
\frac{f_{34}-f_{12}}{g_{34}-g_{12}}=\frac{f_{58}-f_{12}}{g_{58}-g_{12}} .
\]

Соответттвующая номограмма состопт из трех бинарных полей $\left(\alpha_{1}, \alpha_{2}\right),\left(\alpha_{3}, \alpha_{4}\right)$ и $\left(\alpha_{5}, \alpha_{6}\right)$, связавных одним выравниванием.

Ниже приведены часто встречающиеся на практике канонич. формы для отдельных уравнений и систем уравнений, представимые номограммами того или иного типа.

Канонич. формы для отдельных ураввений: а) с тремя переменными:

$f_{1}=f_{23}, f_{1} f_{3}+f_{2} g_{3}+h_{3}=0, f_{1}+f_{2}=f_{3}, f_{1}=f_{2} f_{3} ;$

б) с четырьмя переменными:

\[
f_{12}=f_{34}, f_{1} f_{34}+f_{2} g_{34}+h_{34}=0, f_{12}=f_{3}+f_{4} ;
\]

в) с пятью переменными:

\[
f_{12}=f_{34}+f_{35}, f_{1}+f_{2}+f_{3}+f_{4}+f_{5}=0,
\]\[
f_{5}=F\left(f_{12}+f_{34}, g_{12}+g_{34}\right) \text {; }
\]

г) с шестью переменными:

\[
f_{12}+f_{13}=f_{45}+f_{46}, f_{1}+f_{2}+f_{3}+f_{4}+f_{5}+f_{6}=0
\]

д) с семью переменными:

\[
\begin{gathered}
f_{7}=F\left(f_{12}+f_{34}+f_{56}, g_{12}+g_{34}+g_{56}\right), \\
f_{1}+f_{2}+f_{3}+f_{4}+f_{5}+f_{6}+f_{7}=0 ;
\end{gathered}
\]

канонич. формы для систем уравнений:

\[
\left.\left.\left.\begin{array}{c}
f_{3}=f_{12}, \\
g_{4}=g_{12} ;
\end{array}\right\} \begin{array}{r}
f_{12}+f_{34}=f_{56}, \\
g_{12}+g_{34}=f_{56} ;
\end{array}\right\} \begin{array}{l}
f_{12}-f_{56}=f_{34}-f_{78}, \\
g_{12}-g_{56}=g_{34}-g_{78} ;
\end{array}\right\}
\]

С ост а в ны м и ном о г р а м м а м іл наз. номограммы, состоящие из элемен'гарных номограмм одного или разных типов. Введение составных номограмм значительно расширяет класс номографируемых зависимостей. Сводку канонич. форм, представимых әлементарнымиг и составными номограммами, см. в [3]. [4].

Всегда помографируемы зависимости с тремя переменными. Зависимости с четырьмя и бо́льшим числом переменных допускают построение номограмм лишь в частных случаях.

Для распирения круга номографируемых зависимостей применяют приближенное номографированге. Оно основано на замене с нек-рой допустимой погрешностью панной зависимости номографируемой.

На рис. 4 приведена приближенная номограмма из

![](https://cdn.mathpix.com/cropped/2023_07_08_12b23d66023984cc8d29g-1.jpg?height=348&amp;width=399&amp;top_left_y=1513&amp;top_left_x=1423)

Pис. 4. определения велпчин $\eta$ и $v$ (или $q$ п $v$ ) из системы уравнений:

\[
\left.\begin{array}{l}
Q=\left(76,9+17,72 \lg \frac{b \eta}{1+2 \eta}\right) \frac{b^{2,5} \eta^{1,5} i^{0,5}}{(1+2 \eta)^{0,5}}, \\
v=\left(76,9+17,72 \lg \frac{b \eta}{1+2 \eta}\right) \frac{b^{0,5} \eta^{0,5} i^{0,5}}{(1+2 \eta)^{0,5}},
\end{array}\right\}
\]

применяющейся при гидравлич. расчете прямоугольных лотков. Эта система для возможности номографирования была приближенно заменена системой:

\[
Q=\frac{76 b^{2,616} \eta^{1,616} i^{0,5}}{(1+2 \eta)^{0,616}}, \quad v=\frac{76 b^{0,616} \eta^{0,616} i^{0,5}}{(1+2 \eta)^{0,616}}
\] с относительной погрешностью в величинах $q$ и $v$, не превышающей $2,5 \%$. Штриховая окружность на номограмме соответствует решению числового примера (дано: $i=0,0005 ; b=2 \mathrm{~m} ; Q=2,2 \mathrm{~m}^{3} /$ сек; ответы: $\eta=\mathrm{c}, 5$ и $v=1,1 \mathrm{~m} /$ ceк).

В нек-рых случаях методы приближенного номографирования цают возможность представлять номограммами таблицы с несколькими входами.

Для номографирования данной зависимости ее приводят точно или приближенно к номографируемому виду и записывают уравненпя элементов номограммы в прямоугольной системе координат. Входяшие в эти уравнения параметры преобразования (а иногда и произвольные функции) попбирают так, чтобы придать номограмме удобный для пользования вид. Далее рассчитывают таблицы координат отдельных әлементов номограммы, а затем вычерчивают номограмму.

Получила развитие м а ш и н н а я н о м о г p aф и я (см. [4]): разработаны системы процедур и стандартных программ для автоматич. расчета и построения элементов номограмм с помощью Эвм и графопостроителя, а также стандартные программы для автоматич. конструирования, расчета и вычерчивания номограмм различных типов.

Основными проблемами теоретич. Н. являются проблемы представимости и единственности. Суть первой проблемы состонт в том, чтсбы выяснить, можно ли заданное уравнение или систему уравнений шривести к той или иной канонич. форме, и если возможно, то указать алгоритм такого приведения. Получены решения әтой проблемы для нек-рых канонич. форм. Они сложны и на практике не применяются. Суть второй проблемы заключается в том, чтобы выяснить, единственным ли способом приводится данная зависимость к канонич. форме, и если не единственным, то указать все возможные снособы и установить возможности преобразования номограмм в каждом из них.

Лuт.: [1] П е н т к о в с к и й М. В., Номография, М.-Л., $1949 ;$ [2] Н е в с к й й Б. А., Справочная книга по номографии, М.-Л., 1951; [3] Х о в а н с к и й Г. С., Основы номографии, М., 1976; [4] е г о ж е, Номография и ее возможно-
сти. М., 1977.

![](https://cdn.mathpix.com/cropped/2023_07_08_1b136daa1e98a3256d34g-1.jpg?height=45&amp;width=811&amp;top_left_y=1377&amp;top_left_x=140)
пространства $x$ над полем действптелыных или комплексных чисел в совокупность действителыных чисел, подчиненное условиям:

$\|x\| \geqslant 0$, причем $\|x\|=0$ только при $x=0$;

\[
\|\lambda x\|=|\lambda| \cdot\|x\| \text { для каждого скаляра } \lambda \text {; }
\]

$\|x+y\| \leqslant\|x\|+\|y\|$ для всех $x, \quad y \in X \quad$ ( а к с и о м а т р е у г о л ь н и к а). При этом число $\|x\|$ и наз. н о рмо й эл е м е н т а $x$.

Векторное пространство $x$ с отмеченной Н. наз. в о рм и р о в а н ны м пр о с т р а н с т в о м. Н. индуцирует на $x$ метрикy по формуле $\operatorname{dist}(x, y)=\|x-y\|$, a следовательно и топологию, совместимую с этой метрикой. Тем самым нормированное пространство наделяется естественной структурой топологчческого векторного пространства. Нормированное пространство, полное относительно указанной метрики, наз. б а н aх о в ы м п р о с т р н с т в о м. Iаждое нормированное пространство обладает банаховым пополнением.

Отделимое (хаусдорфово) топологическое векторное пространство наз. н о р м и р у е м ы м, если его гопология совместима с нек-рой Н. Нормируемость равносильна существованию выпуклой ограниченной окрестности нуля (т е о р е м а H. в нормированном векторном пространстве $x$ гогда и только тогда порождается скалярным произведением (т. е. пространство $x$ изометрически иаоморфно предгильбертову пространству), когда для всех $x, y \in X$

\[
\|x+y\|^{2}+\|x-y\|^{2}=2\left(\|x\|^{2}+\|y\|^{2}\right) .
\]

Две Н. $\|\cdot\|_{1}$ и $\|\cdot\|_{2}$, заданные на одном и том же векторном пространстве $x$, наз. ә к в и в а л е н т н ы и, если они индуцируют одну и ту же топологию. Әто равносильно существованию таких констант $c_{1}$ и $c_{2}$, что

\[
\|x\|_{1} \leqslant C_{1}\|x\|_{2},\|x\|_{2} \leqslant C_{2}\|x\|_{1} \text { для всех } x \in X .
\]

Если пространство $x$ полно относительно обеих Н., то их эквивалентность является следствием согласованности. При этом согласованность означает, что выполнение предельных соотношений

\[
\left\|x_{n}-a\right\|_{1} \rightarrow 0, \quad\left\|x_{n}-b\right\|_{2} \rightarrow 0
\]

влечет за собой равенство $a=b$.

Не на каждом топологическом векторном пространстве, даже в предположении локальной выпуклости, существует непрерывная Н. Напр., непрерывной Н. нет на бесконечном произведении прямых с топојогией покоординатной сходимости. Отсутствие непрерывной Н. может служить очовидным препятствием к непрерывному погружению одних топологич. иространств в другие.

Если $y$ - замкнутое подпространство в нормированном пространстве $\dot{x}$, то факторшространство $x ! Y$ классов смежности по $\boldsymbol{y}$ наделяется $\mathbf{h}$.

\[
\|\tilde{x}\|=\inf \{\|x\|: x \in \tilde{x}\} \text {, }
\]

относительно к-рой оно становится нормированным пространством. H. образа элемента $x$ относительно естественной проекции $x \rightarrow X / Y$ наз. Ф а к т о р н о рм о й э л м е н т а $x$ по подиространству $y$.

Совокупность $x^{*}$ непрерывных линейных функционалов $\psi$ на нормированном пространстве $x$ образует банахово пространство относительно $\mathrm{h}$.

\[
\|\psi\|=\sup \{|\psi(x)|:\|x\| \leqslant 1\} .
\]

H. всех функционалов достигаются в подходящих точках единичного шара исходного пространства тогда и только тогда, когда пространство рефлексивно.

Совокупность $l(x, Y)$ линейных непрерывных (ограниченных) операторов $a$ из нормированного пространства $x$ в пормированное пространство $y$ шревращается в нормированное пространство путем введения о п е р а т о р н о й но р мы:

\[
\|A\|=\sup \{\|A x\|:\|x\| \leqslant 1\} \text {. }
\]

Относительно этой Н. пространство $l(x, Y)$ полно, если полно $y$. При полном $x=y$ пространство $i,(x)=$ $=l(x, X)$ с умножением (сушерпозицией) операторов становится банаховой алгеброй, поскольку операторная Н. удовлетворяет условию

\[
\|A B\| \leqslant\|A\| \cdot\|B\|, \quad\|I\|=1,
\]

где $i$-. тождественный оператор (единица алгебры). Интересны и другие эквивалентные H. на $l(x)$, подчиненные тому же условию. Такие Н. наз. а л г е б р аи ч е с к и м и, или к о л ц е в м м. Алгебрапч. H. можно получить, эквивалентно перенормируя $x$ и беря соответствующую операторную Н., однако даже при $\operatorname{dim} X=2$ на этом пути получаются не все алгебраич. Н. на $l(x)$.

П р е пн о р м о й, или по лу но р м о й, на векторном пространстве $x$ наз. отображение $p$ со свойствами Н., кроме свойства невырожденности: равенство $p(x)=0$ не исключает $x \neq 0$. Если $\operatorname{dim} X&lt;\infty$, то ненулевая преднорма $p$ на $l(x)$, подчиненная условию $p(a B) \leqslant p(A) p(B)$, фактически оказывается Н. (т. к. в этом случае $l(x)$ не имеет нетривиалыных пвусторонних пдеалов). С другой стороны, для бесконсчномерных нормированных пространств это уже не так. Если $x$ - банахова алгебра над $\mathbb{c}$, то спектральный радіус

\[
|x|=\lim _{n \rightarrow \infty}\left\|x^{n}\right\|^{1 / n}
\] является полунормой тогда и только тогда, когда он равномерно непрерывен на $x$, и это условие равносильно коммутативности факторалгебры по радикалу.

Лum.: [1] К о л м о г ор о в А. Н., Ф о м и н С. В., Элементы теории функций и функционального анализа, 5 изд., М., 1981; [2] Л ю с т е р н и к Л. А., С о б о л е в в. И. Элементы функционального анализа, 2 изд., М., 1965 ; [3] шй и-
л о в Г. Е., Математический анализ. (специальный курс), л о в
2 изд., М., Е., Математический анализ. (слгциальный курс),
М. [4] К а н т о р о в и ч J.. В., А к и л о в Г. П., Функциональный анализ, 2 изд., м., $1977 ;$ [5] P у д и н у У., Функциональный анализ, пер. с англ., М., 1975; [6] д э й М. М.; [7] Г а з а И. М. Ј ю линейный анализ в задачах, M., $1969 ;$ [8] A up e t i t B., Pro-
priétés Spectrales des Algébres dé Banach, B. -Hdlb. -N. Y., 1979; [9] К и р и л л о в А. А., Г в и ші и а ни А. Д., Теоремы и задачи функционального анализа, М., 1979. 2) Н.-- то же, что абсолютное значение на теле или голыц (см. также Нерлирование).

3) Н. г р у п п ы- -овокупғость элементов группы, перестановочных со всемп подгрупшами, т. е. пересечение норлализаторов всех подгрупп. Н. сопержит центр группы и содержится во в'тором гиперцеитре $z_{2}$ Пля группы без центра Н. равна единичвой подгруппе $e$.

Лит.: [1] К у р о ї А. Г., Теория групп, 3 изд., М., 1967.</text>
  <text_orig>раздел математики, в к-ром изучаются способы графич. шредставления функциональных зависимостей. Получаюцциеся при әтом чертежи наз. н о м о г р а м м а м и. Каждая номограмма строится для определенной функцпональной зависимости в заданных пределах изменения переменных. На номограммах вычислительная работа заменяется выполнением простейших геометрич. операций, указанных в ключе пользования номограммой, и считыванием ответов.

Точность получения ответов по номограммам зависит от вида номографированной зависимости, пределов изменения переменных, размеров чертежа и выбранного типа номограммы. В среднем номограммы могут обеспечить получение ответов с $2-3$ верными значащими цифрами. Когда точность номограмм недостаточна, их мо\%но использовать для прикидочных расчетов, для нахождения нулевых приближений, для контроля вычислений с целью обнаружения грубых ошибок.

Номограммы можно применять и для исследования Функциональных зависимостей, положенных в их основу. Часто такое исследование выполняется на номограммах значительно проще и нагляднее, чем иными способами. С помощью номограмм можно псследовать влияние различных переменных на искомую шеременную, дать наглядную геометрич. интерпретацию какимлибо ранее известным свойствам данной зависимости, установить ранее неизвестные ее особенности. Номограқ̆ические методы исследования можно, напр., применять в задачах на подбор параметров эмнирич. формул по результатам наблюдений, на аппроксимацию одной функции другой, на нахождение әкстремальных значений функции.

Значения переменных изображаются на номограммах помеченными точками и помеченными линиями. Множкство помеченных точек, зависящее от одной переменной, наз. Ш к а л о й. Уравнения шкалы переменной $\alpha_{1}$ в прямоугольной системе коордінат $x O y$ записываются в віде

\[
x=f_{1}, \quad y=g_{1},
\]

где $f_{1}$ и $g_{1}$ - функции $f\left(\alpha_{1}\right)$ и $g\left(\alpha_{1}\right)$. Схема шкалы $\alpha_{1}$ приведена на рис. 1.

Множество помеченных точек, зависящее от двух ıеременных, наз. б и н а р н ы п п ле м. Бинарное цоле обычно оформляется в виде сетки, состоящей из двух семейств помеченных линий. Точка в бинарном поле определяется как точка пересечения линий с заданными пометками. В системе ирямоугольных координат $x O y$ бинарное поле переменных $\alpha_{1}$ и $\alpha_{2}$ задается уравнениями

\[
x=f_{12}, \quad y=g_{12},
\] ![](https://cdn.mathpix.com/cropped/2023_07_08_12b23d66023984cc8d29g-1.jpg?height=189&amp;width=181&amp;top_left_y=181&amp;top_left_x=138)

Рис. 1.

![](https://cdn.mathpix.com/cropped/2023_07_08_12b23d66023984cc8d29g-1.jpg?height=194&amp;width=203&amp;top_left_y=181&amp;top_left_x=335)

Pис. 2. где $f_{12}$ и $g_{12}$ - функции $f_{12}\left(\alpha_{1}, \alpha_{2}\right)$ и $g_{12}\left(\alpha_{1}, \alpha_{2}\right)$. Предполагается, что функции $f_{12}$ и $g_{12}$ таковы, что в заданной области изменения переменных каждой паре значений $\alpha_{1}$ и $\alpha_{2}$ отвечает только одна пара значений $x$ и $y$. Схема бинарного поля $\left(\alpha_{1}, \alpha_{2}\right)$ приведена на рис. 2 .

Шікалы, семейства помеченных линий и бинарные поля в номограммах оформляются так, чтобы было утобно находить точки и линии с заданными пометками и определять пометки ответных точек и линий.

Э ле ментарными номо граммами наз. номограммы, в к-рых ответ или ответы находятся в результате выполнения одной геометрич. операции (определение точки на шкале или в бинарном поле; проведение прямой через две точки; построение окружности по известному центру и рапиусу; деление отрезка в заданном отношении; проведение ггряой, параллельной данной; откладывание отрезка, длина к-рого равна длине данного отрезка; построение параллелограмма по трем его известным вершинам; наложение одной плоскости на другую).

К әлементарным номограммам относятся: график Функции; сдвоенная шкала; сетчатая; из выравненных точек; из равноудаленных точек; циркульная; c параллельным индексом; барицентрическая; ромбоидальная, с ориентированным транспарантом и с транспарантом общего вила.

![](https://cdn.mathpix.com/cropped/2023_07_08_12b23d66023984cc8d29g-1.jpg?height=302&amp;width=439&amp;top_left_y=1072&amp;top_left_x=118)

Pис. 3. На рис. 3 приведена әлементарная номограмма пз выравненных точек для определения величины $x$ из уравнения

\[
x^{a-1}=b \frac{\ln (c-x)}{c-x-1},
\]

применяющегося при термическом расчете вентиляторных противоточных градирен. Номограмма построена в пределах: $0,3 \leqslant a \leqslant 0.8 ; 0,1 \leqslant b \leqslant 20 ; 0,1 \leqslant c \leqslant 20 ; 0,001 \leqslant x \leqslant 0,5$. Переменные $a$ и $b$ представлены на номограмме шкаламп: переменные $c$ и $x$ - бинарным полем. На номограмме показано решение тислового примера (дано: $\boldsymbol{a}=0,75$; $b=7 ; c=10 ;$ ответ: $x=0,1)$.

Элементарные номограммы имеют простое геометрич. обоснование: номографич. интерпретация условия расположения трех точек на одной прямой приводит к номограмме из выравненных точек; формулы расстояния между двумя точками - к номограмме из равноудаленных точек и к циркульной; формул для координат точки, деляцций отрезок в заданном отношении, - к барицентрич. номограмме; условия параллельности двух прямых - к номограмме с параллельным индексом; формул, определяющих координаты четвертой вершины параллелограмма по трем его заданным вершинам, - к ромбоидальной номограмме; формул преобразования прямоугольных координат без поворота иI с поворотом осей - к номограммам на двух плоскостях (с ориентированным транспарантом и с транспарантом общего вида).

Каждому виду элементарной номограммы соответствует своя канонич. форма зависимости, к-рую можно изобразить номограммой. Нек-рые канонич. формы допускают построение әлементарных номограмм различного типа.

Напболее обццая канонич. форма, представимая әлементарной номограммой из выравненных точек, пмеет вид

\[
\frac{f_{34}-f_{12}}{g_{34}-g_{12}}=\frac{f_{58}-f_{12}}{g_{58}-g_{12}} .
\]

Соответттвующая номограмма состопт из трех бинарных полей $\left(\alpha_{1}, \alpha_{2}\right),\left(\alpha_{3}, \alpha_{4}\right)$ и $\left(\alpha_{5}, \alpha_{6}\right)$, связавных одним выравниванием.

Ниже приведены часто встречающиеся на практике канонич. формы для отдельных уравнений и систем уравнений, представимые номограммами того или иного типа.

Канонич. формы для отдельных ураввений: а) с тремя переменными:

$f_{1}=f_{23}, f_{1} f_{3}+f_{2} g_{3}+h_{3}=0, f_{1}+f_{2}=f_{3}, f_{1}=f_{2} f_{3} ;$

б) с четырьмя переменными:

\[
f_{12}=f_{34}, f_{1} f_{34}+f_{2} g_{34}+h_{34}=0, f_{12}=f_{3}+f_{4} ;
\]

в) с пятью переменными:

\[
f_{12}=f_{34}+f_{35}, f_{1}+f_{2}+f_{3}+f_{4}+f_{5}=0,
\]\[
f_{5}=F\left(f_{12}+f_{34}, g_{12}+g_{34}\right) \text {; }
\]

г) с шестью переменными:

\[
f_{12}+f_{13}=f_{45}+f_{46}, f_{1}+f_{2}+f_{3}+f_{4}+f_{5}+f_{6}=0
\]

д) с семью переменными:

\[
\begin{gathered}
f_{7}=F\left(f_{12}+f_{34}+f_{56}, g_{12}+g_{34}+g_{56}\right), \\
f_{1}+f_{2}+f_{3}+f_{4}+f_{5}+f_{6}+f_{7}=0 ;
\end{gathered}
\]

канонич. формы для систем уравнений:

\[
\left.\left.\left.\begin{array}{c}
f_{3}=f_{12}, \\
g_{4}=g_{12} ;
\end{array}\right\} \begin{array}{r}
f_{12}+f_{34}=f_{56}, \\
g_{12}+g_{34}=f_{56} ;
\end{array}\right\} \begin{array}{l}
f_{12}-f_{56}=f_{34}-f_{78}, \\
g_{12}-g_{56}=g_{34}-g_{78} ;
\end{array}\right\}
\]

С ост а в ны м и ном о г р а м м а м іл наз. номограммы, состоящие из элемен'гарных номограмм одного или разных типов. Введение составных номограмм значительно расширяет класс номографируемых зависимостей. Сводку канонич. форм, представимых әлементарнымиг и составными номограммами, см. в [3]. [4].

Всегда помографируемы зависимости с тремя переменными. Зависимости с четырьмя и бо́льшим числом переменных допускают построение номограмм лишь в частных случаях.

Для распирения круга номографируемых зависимостей применяют приближенное номографированге. Оно основано на замене с нек-рой допустимой погрешностью панной зависимости номографируемой.

На рис. 4 приведена приближенная номограмма из

![](https://cdn.mathpix.com/cropped/2023_07_08_12b23d66023984cc8d29g-1.jpg?height=348&amp;width=399&amp;top_left_y=1513&amp;top_left_x=1423)

Pис. 4. определения велпчин $\eta$ и $v$ (или $Q$ п $v$ ) из системы уравнений:

\[
\left.\begin{array}{l}
Q=\left(76,9+17,72 \lg \frac{b \eta}{1+2 \eta}\right) \frac{b^{2,5} \eta^{1,5} i^{0,5}}{(1+2 \eta)^{0,5}}, \\
v=\left(76,9+17,72 \lg \frac{b \eta}{1+2 \eta}\right) \frac{b^{0,5} \eta^{0,5} i^{0,5}}{(1+2 \eta)^{0,5}},
\end{array}\right\}
\]

применяющейся при гидравлич. расчете прямоугольных лотков. Эта система для возможности номографирования была приближенно заменена системой:

\[
Q=\frac{76 b^{2,616} \eta^{1,616} i^{0,5}}{(1+2 \eta)^{0,616}}, \quad v=\frac{76 b^{0,616} \eta^{0,616} i^{0,5}}{(1+2 \eta)^{0,616}}
\] с относительной погрешностью в величинах $Q$ и $v$, не превышающей $2,5 \%$. Штриховая окружность на номограмме соответствует решению числового примера (дано: $i=0,0005 ; b=2 \mathrm{~m} ; Q=2,2 \mathrm{~m}^{3} /$ сек; ответы: $\eta=\mathrm{C}, 5$ и $v=1,1 \mathrm{~m} /$ ceк).

В нек-рых случаях методы приближенного номографирования цают возможность представлять номограммами таблицы с несколькими входами.

Для номографирования данной зависимости ее приводят точно или приближенно к номографируемому виду и записывают уравненпя элементов номограммы в прямоугольной системе координат. Входяшие в эти уравнения параметры преобразования (а иногда и произвольные функции) попбирают так, чтобы придать номограмме удобный для пользования вид. Далее рассчитывают таблицы координат отдельных әлементов номограммы, а затем вычерчивают номограмму.

Получила развитие м а ш и н н а я н о м о г p aф и я (см. [4]): разработаны системы процедур и стандартных программ для автоматич. расчета и построения элементов номограмм с помощью ЭВМ и графопостроителя, а также стандартные программы для автоматич. конструирования, расчета и вычерчивания номограмм различных типов.

Основными проблемами теоретич. Н. являются проблемы представимости и единственности. Суть первой проблемы состонт в том, чтсбы выяснить, можно ли заданное уравнение или систему уравнений шривести к той или иной канонич. форме, и если возможно, то указать алгоритм такого приведения. Получены решения әтой проблемы для нек-рых канонич. форм. Они сложны и на практике не применяются. Суть второй проблемы заключается в том, чтобы выяснить, единственным ли способом приводится данная зависимость к канонич. форме, и если не единственным, то указать все возможные снособы и установить возможности преобразования номограмм в каждом из них.

Лuт.: [1] П е н т к о в с к и й М. В., Номография, М.-Л., $1949 ;$ [2] Н е в с к й й Б. А., Справочная книга по номографии, М.-Л., 1951; [3] Х о в а н с к и й Г. С., Основы номографии, М., 1976; [4] е г о ж е, Номография и ее возможно-
сти. М., 1977.

![](https://cdn.mathpix.com/cropped/2023_07_08_1b136daa1e98a3256d34g-1.jpg?height=45&amp;width=811&amp;top_left_y=1377&amp;top_left_x=140)
пространства $X$ над полем действптелыных или комплексных чисел в совокупность действителыных чисел, подчиненное условиям:

$\|x\| \geqslant 0$, причем $\|x\|=0$ только при $x=0$;

\[
\|\lambda x\|=|\lambda| \cdot\|x\| \text { для каждого скаляра } \lambda \text {; }
\]

$\|x+y\| \leqslant\|x\|+\|y\|$ для всех $x, \quad y \in X \quad$ ( а к с и о м а т р е у г о л ь н и к а). При этом число $\|x\|$ и наз. н о рмо й эл е м е н т а $x$.

Векторное пространство $X$ с отмеченной Н. наз. в о рм и р о в а н ны м пр о с т р а н с т в о м. Н. индуцирует на $X$ метрикy по формуле $\operatorname{dist}(x, y)=\|x-y\|$, a следовательно и топологию, совместимую с этой метрикой. Тем самым нормированное пространство наделяется естественной структурой топологчческого векторного пространства. Нормированное пространство, полное относительно указанной метрики, наз. б а н aх о в ы м п р о с т р н с т в о м. Iаждое нормированное пространство обладает банаховым пополнением.

Отделимое (хаусдорфово) топологическое векторное пространство наз. н о р м и р у е м ы м, если его гопология совместима с нек-рой Н. Нормируемость равносильна существованию выпуклой ограниченной окрестности нуля (т е о р е м а H. в нормированном векторном пространстве $X$ гогда и только тогда порождается скалярным произведением (т. е. пространство $X$ изометрически иаоморфно предгильбертову пространству), когда для всех $x, y \in X$

\[
\|x+y\|^{2}+\|x-y\|^{2}=2\left(\|x\|^{2}+\|y\|^{2}\right) .
\]

Две Н. $\|\cdot\|_{1}$ и $\|\cdot\|_{2}$, заданные на одном и том же векторном пространстве $X$, наз. ә к в и в а л е н т н ы и, если они индуцируют одну и ту же топологию. Әто равносильно существованию таких констант $C_{1}$ и $C_{2}$, что

\[
\|x\|_{1} \leqslant C_{1}\|x\|_{2},\|x\|_{2} \leqslant C_{2}\|x\|_{1} \text { для всех } x \in X .
\]

Если пространство $X$ полно относительно обеих Н., то их эквивалентность является следствием согласованности. При этом согласованность означает, что выполнение предельных соотношений

\[
\left\|x_{n}-a\right\|_{1} \rightarrow 0, \quad\left\|x_{n}-b\right\|_{2} \rightarrow 0
\]

влечет за собой равенство $a=b$.

Не на каждом топологическом векторном пространстве, даже в предположении локальной выпуклости, существует непрерывная Н. Напр., непрерывной Н. нет на бесконечном произведении прямых с топојогией покоординатной сходимости. Отсутствие непрерывной Н. может служить очовидным препятствием к непрерывному погружению одних топологич. иространств в другие.

Если $Y$ - замкнутое подпространство в нормированном пространстве $\dot{X}$, то факторшространство $X ! Y$ классов смежности по $\boldsymbol{Y}$ наделяется $\mathbf{H}$.

\[
\|\tilde{x}\|=\inf \{\|x\|: x \in \tilde{x}\} \text {, }
\]

относительно к-рой оно становится нормированным пространством. H. образа элемента $x$ относительно естественной проекции $X \rightarrow X / Y$ наз. Ф а к т о р н о рм о й э л м е н т а $x$ по подиространству $Y$.

Совокупность $X^{*}$ непрерывных линейных функционалов $\Psi$ на нормированном пространстве $X$ образует банахово пространство относительно $\mathrm{H}$.

\[
\|\psi\|=\sup \{|\psi(x)|:\|x\| \leqslant 1\} .
\]

H. всех функционалов достигаются в подходящих точках единичного шара исходного пространства тогда и только тогда, когда пространство рефлексивно.

Совокупность $L(X, Y)$ линейных непрерывных (ограниченных) операторов $A$ из нормированного пространства $X$ в пормированное пространство $Y$ шревращается в нормированное пространство путем введения о п е р а т о р н о й но р мы:

\[
\|A\|=\sup \{\|A x\|:\|x\| \leqslant 1\} \text {. }
\]

Относительно этой Н. пространство $L(X, Y)$ полно, если полно $Y$. При полном $X=Y$ пространство $I,(X)=$ $=L(X, X)$ с умножением (сушерпозицией) операторов становится банаховой алгеброй, поскольку операторная Н. удовлетворяет условию

\[
\|A B\| \leqslant\|A\| \cdot\|B\|, \quad\|I\|=1,
\]

где $I$-. тождественный оператор (единица алгебры). Интересны и другие эквивалентные H. на $L(X)$, подчиненные тому же условию. Такие Н. наз. а л г е б р аи ч е с к и м и, или к о л ц е в м м. Алгебрапч. H. можно получить, эквивалентно перенормируя $X$ и беря соответствующую операторную Н., однако даже при $\operatorname{dim} X=2$ на этом пути получаются не все алгебраич. Н. на $L(X)$.

П р е пн о р м о й, или по лу но р м о й, на векторном пространстве $X$ наз. отображение $p$ со свойствами Н., кроме свойства невырожденности: равенство $p(x)=0$ не исключает $x \neq 0$. Если $\operatorname{dim} X&lt;\infty$, то ненулевая преднорма $p$ на $L(X)$, подчиненная условию $p(A B) \leqslant p(A) p(B)$, фактически оказывается Н. (т. к. в этом случае $L(X)$ не имеет нетривиалыных пвусторонних пдеалов). С другой стороны, для бесконсчномерных нормированных пространств это уже не так. Если $X$ - банахова алгебра над $\mathbb{C}$, то спектральный радіус

\[
|x|=\lim _{n \rightarrow \infty}\left\|x^{n}\right\|^{1 / n}
\] является полунормой тогда и только тогда, когда он равномерно непрерывен на $X$, и это условие равносильно коммутативности факторалгебры по радикалу.

Лum.: [1] К о л м о г ор о в А. Н., Ф о м и н С. В., Элементы теории функций и функционального анализа, 5 изд., М., 1981; [2] Л ю с т е р н и к Л. А., С о б о л е в в. И. Элементы функционального анализа, 2 изд., М., 1965 ; [3] шй и-
л о в Г. Е., Математический анализ. (Специальный курс), л о в
2 изд., М., Е., Математический анализ. (Слгциальный курс),
М. [4] К а н т о р о в и ч J.. В., А к и л о в Г. П., Функциональный анализ, 2 изд., м., $1977 ;$ [5] P у д и н у У., Функциональный анализ, пер. с англ., М., 1975; [6] д э й М. М.; [7] Г а з а И. М. Ј ю линейный анализ в задачах, M., $1969 ;$ [8] A up e t i t B., Pro-
priétés Spectrales des Algébres dé Banach, B. -Hdlb. -N. Y., 1979; [9] К и р и л л о в А. А., Г в и ші и а ни А. Д., Теоремы и задачи функционального анализа, М., 1979. 2) Н.-- то же, что абсолютное значение на теле или голыц (см. также Нерлирование).

3) Н. г р у п п ы- -овокупғость элементов группы, перестановочных со всемп подгрупшами, т. е. пересечение норлализаторов всех подгрупп. Н. сопержит центр группы и содержится во в'тором гиперцеитре $Z_{2}$ Пля группы без центра Н. равна единичвой подгруппе $E$.

Лит.: [1] К у р о ї А. Г., Теория групп, 3 изд., М., 1967.</text_orig>
</article>
