<?xml version="1.0" ?>
<article uri="http://libmeta.ru/me/article/1034_GIL'BERTA" alphabetic_pos="1034">
  <title>ГИЛЬБЕРТА СХЕМА</title>
  <authors/>
  <pages>
    <start>487</start>
    <end>487</end>
  </pages>
  <literature>
    <literature_orig/>
  </literature>
  <formulas_main/>
  <formulas_aux/>
  <relations n="0"/>
  <text>конструкция в алгебрапч. геометрии, позволяющая снабжать множество замкнутых подмногообразий проективного пространства с заданным Гильберта многочленом структурой алгебраич. многообразия. Более точно, пусть $x-$ проективная схема над локально нётеровой схемой $s$ и Hilb функтор, сопоставляющий каждой $s$-схеме $s^{\prime}$ множество замкнутых подсхем схемы $x^{\prime}=x \times S^{\prime}$, плоских над $s^{\prime}$. Функтор $\mathrm{hilb}_{x / S}$ представим локально нётеровой схемой, к-рая наз. с х е м о й $\gamma$ и л ь б е р т а $s$-схемы $x$ и обозначается через Hilb $(x / S)$ (см. [4]). По определению представимых функторов в алгебраич. геометрии, для любой $s$-схемы $s^{\prime}$ имеет место биекция $\mathrm{hilb}_{x / S}\left(S^{\prime}\right)=$ $=\operatorname{hom}_{s}\left(s^{\prime}\right.$, Hilb $\left.(X / S)\right)$. В частности, если $s-$ спектр поля $k$, а $x=p_{k}^{n}-$ проективное пространство над $k$, то множество рациональных $k$-точек схемы Hilb $\left(p_{k}^{n} / k\right)$ находится во взаимно однозначном соответствии с множеством замкнутых подмногообразий в $p_{k}^{n}$.

Для любого полинома $p(z) \in Q[x]$ с рациональными коэфффицентами функтор $\mathrm{hilb} \mathrm{b}_{\mathrm{S}} \mathrm{S}$ содержит подфунктор Hilb $\boldsymbol{x}_{\mathbf{s}}^{p}$, выделяющий в множестве $\operatorname{hilb}_{x / S}\left(S^{\prime}\right)$ подмножество подсхем $z \subset X \times S^{\prime}$ таких, что для любой точки $s^{\prime} \in S^{\prime}$ слой $z_{s^{\prime}}$ проекций $z$ на $s^{\prime}$ имеет $p(z)$ в качестве своего многочлена Гильберта. Функтор Hilb ${ }_{X / S}^{p}$ представим схемой $\operatorname{hilb}^{p}(x / S)$, проективной над $s$. Схема Hilb $(x / S)$ является прямой суммой схем $\mathrm{h}_{1 \mathrm{~b}}{ }^{p}(X / S)$ по всем $p \in Q(z)$. Для любой связной базисной схемы $s$ схема $\operatorname{hilb}^{p}(x / S)$ также связна [2].

Лum.: [1] М а м ф о р д Д., Јекции о кривых на алгебраической поверхности, пер. с англ., М., 1968; [2] Д ь ё д о н н е Ж., К е р р о л Д ж., М а м фор д Д., Геометрическая теоe c k A., &quot;seminaire Bourbaki», ann. 13, N.Y.-Amst., 1966 p. 1-28; [4] H a r t s h o r n e R., &quot;publ. math. Ihes&quot;, 1966, t. 29, p. 261-304; [5] Итоги науки. Алгебра. Геометрия. Топо-</text>
  <text_orig>конструкция в алгебрапч. геометрии, позволяющая снабжать множество замкнутых подмногообразий проективного пространства с заданным Гильберта многочленом структурой алгебраич. многообразия. Более точно, пусть $X-$ проективная схема над локально нётеровой схемой $S$ и Hilb функтор, сопоставляющий каждой $S$-схеме $S^{\prime}$ множество замкнутых подсхем схемы $X^{\prime}=X \times S^{\prime}$, плоских над $S^{\prime}$. Функтор $\mathrm{Hilb}_{X / S}$ представим локально нётеровой схемой, к-рая наз. с х е м о й $\Gamma$ и л ь б е р т а $S$-схемы $X$ и обозначается через Hilb $(X / S)$ (см. [4]). По определению представимых функторов в алгебраич. геометрии, для любой $S$-схемы $S^{\prime}$ имеет место биекция $\mathrm{Hilb}_{X / S}\left(S^{\prime}\right)=$ $=\operatorname{Hom}_{S}\left(S^{\prime}\right.$, Hilb $\left.(X / S)\right)$. В частности, если $S-$ спектр поля $k$, а $X=P_{k}^{n}-$ проективное пространство над $k$, то множество рациональных $k$-точек схемы Hilb $\left(P_{k}^{n} / k\right)$ находится во взаимно однозначном соответствии с множеством замкнутых подмногообразий в $P_{k}^{n}$.

Для любого полинома $P(z) \in Q[x]$ с рациональными коэфффицентами функтор $\mathrm{Hilb} \mathrm{b}_{\mathrm{S}} \mathrm{S}$ содержит подфунктор Hilb $\boldsymbol{X}_{\mathbf{S}}^{p}$, выделяющий в множестве $\operatorname{Hilb}_{X / S}\left(S^{\prime}\right)$ подмножество подсхем $Z \subset X \times S^{\prime}$ таких, что для любой точки $s^{\prime} \in S^{\prime}$ слой $Z_{s^{\prime}}$ проекций $Z$ на $S^{\prime}$ имеет $P(z)$ в качестве своего многочлена Гильберта. Функтор Hilb ${ }_{X / S}^{p}$ представим схемой $\operatorname{Hilb}^{p}(X / S)$, проективной над $S$. Схема Hilb $(X / S)$ является прямой суммой схем $\mathrm{H}_{1 \mathrm{~b}}{ }^{p}(X / S)$ по всем $P \in Q(z)$. Для любой связной базисной схемы $S$ схема $\operatorname{Hilb}^{p}(X / S)$ также связна [2].

Лum.: [1] М а м ф о р д Д., Јекции о кривых на алгебраической поверхности, пер. с англ., М., 1968; [2] Д ь ё д о н н е Ж., К е р р о л Д ж., М а м фор д Д., Геометрическая теоe c k A., &quot;Seminaire Bourbaki», ann. 13, N.Y.-Amst., 1966 p. 1-28; [4] H a r t s h o r n e R., &quot;Publ. math. IHES&quot;, 1966, t. 29, p. 261-304; [5] Итоги науки. Алгебра. Геометрия. Топо-</text_orig>
</article>
