<?xml version="1.0" ?>
<article uri="http://libmeta.ru/me/article/1034_NORMALIZATO" alphabetic_pos="1034">
  <title>НОРМАЛИЗАТОР</title>
  <authors/>
  <pages>
    <start>526</start>
    <end>526</end>
  </pages>
  <literature>
    <literature_orig/>
  </literature>
  <formulas_main/>
  <formulas_aux/>
  <relations n="0"/>
  <text>п о д н о ж е с т в а $m$ группы $g$ в подгруппе $h$ той же группы $g-$ множество

\[
N_{H}(M)=\left\{h \mid h \in H, h^{-1} M h=M\right\},
\]

т. е. множество всех таких элементов $h$ подгруппы $h$, для к-рых при любом $m \in M$ әлемент $h^{-1} m h$ (сопряженный с $m$ посредством $h$ ) гакже принадлежит $m$. При любых $m$ и $h$ нормализатор $n_{h}(m)$ является шодгруппой в $h$. Чаще всего рассматриваются $н$. подгрупп группы $g$ во всей группе $g$. Подгруппа $a$ группы $g$ тогда и только тогда инвариантна в $g$, когда $n_{g}(a)=g$. H. множества, состоящего из одного элемента, совпадает с его централизатором. При любых $h$ и $m$ мощность класса подмножества, сопряженных с $m$ элементами из $h$ (т. е. подмножеств вида $h^{-1} M h, h \in H$ ), равна индексу $\left|h: N_{H}(M)\right|$.

Лum.: [1] К а р г а по о о в М. И., М е р з л я к о в Ю. И.,</text>
  <text_orig>п о д н о ж е с т в а $M$ группы $G$ в подгруппе $H$ той же группы $G-$ множество

\[
N_{H}(M)=\left\{h \mid h \in H, h^{-1} M h=M\right\},
\]

т. е. множество всех таких элементов $h$ подгруппы $H$, для к-рых при любом $m \in M$ әлемент $h^{-1} m h$ (сопряженный с $m$ посредством $h$ ) гакже принадлежит $M$. При любых $M$ и $H$ нормализатор $N_{H}(M)$ является шодгруппой в $H$. Чаще всего рассматриваются $Н$. подгрупп группы $G$ во всей группе $G$. Подгруппа $A$ группы $G$ тогда и только тогда инвариантна в $G$, когда $N_{G}(A)=G$. H. множества, состоящего из одного элемента, совпадает с его централизатором. При любых $H$ и $M$ мощность класса подмножества, сопряженных с $M$ элементами из $H$ (т. е. подмножеств вида $h^{-1} M h, h \in H$ ), равна индексу $\left|H: N_{H}(M)\right|$.

Лum.: [1] К а р г а по о о в М. И., М е р з л я к о в Ю. И.,</text_orig>
</article>
