<?xml version="1.0" ?>
<article uri="http://libmeta.ru/me/article/1034_III'GFLI" alphabetic_pos="1034">
  <title>III'ГФЛИ ИНТЕГРАЛ</title>
  <authors/>
  <pages>
    <start>448</start>
    <end>448</end>
  </pages>
  <literature>
    <literature_orig/>
  </literature>
  <formulas_main/>
  <formulas_aux/>
  <relations n="0"/>
  <text>1) Ш. и._ В. К. Плиско. представление Бесселя функции для любых значений $n$ :

\[
\begin{gathered}
J_{n}(z)=\frac{1}{\pi} \int_{0}^{\pi} \cos (n \theta-z \sin \theta) d \theta- \\
-\frac{\sin n \pi}{\pi} \int_{0}^{\infty} e^{-n \theta-z \operatorname{sh} \theta} d \theta,
\end{gathered}
\]

когда $\mathrm{re} z&gt;0$. Если $n-$ целое, то формула (*) приводится к виду

\[
J_{n}=\frac{z^{n}}{2^{n+1} \pi i} \int_{-\infty}^{(0+1} t^{-n-1} \exp \left(t-\frac{z^{2}}{4 t}\right) d t
\]

Впервые формула (*) приведена Ii. Пiлефли [1].

2) Iii. и. - интегральное представлөние Лежанд́ра многочлена

\[
P_{n}(z)=\frac{1}{2 \pi i} \int_{C} \frac{\left(t^{2}-1\right)^{n}}{2^{n}(t-z)^{n+1}} d t
\]

где $c$ - контур, обходящий вокруг точки $z$ один раз против часовой стрелки. Віервые представление дано Л. Iiлефли [2].

Jum.: [1] S c h l ä f l i L., &quot;matl.. Ann.», 1871, Bd 3, H. 1, S. 134-49; [2] e r o w e, Ueber die zwei Heine'schen Kugelс о н Ii ж.'н., Ғурс современного анализа, пер. с ангі., 2 изд.,

![](https://cdn.mathpix.com/cropped/2023_07_09_4efb9f51fe523ef08e44g-1.jpg?height=64&amp;width=816&amp;top_left_y=1714&amp;top_left_x=986)</text>
  <text_orig>1) Ш. и._ В. К. Плиско. представление Бесселя функции для любых значений $n$ :

\[
\begin{gathered}
J_{n}(z)=\frac{1}{\pi} \int_{0}^{\pi} \cos (n \theta-z \sin \theta) d \theta- \\
-\frac{\sin n \pi}{\pi} \int_{0}^{\infty} e^{-n \theta-z \operatorname{sh} \theta} d \theta,
\end{gathered}
\]

когда $\mathrm{Re} z&gt;0$. Если $n-$ целое, то формула (*) приводится к виду

\[
J_{n}=\frac{z^{n}}{2^{n+1} \pi i} \int_{-\infty}^{(0+1} t^{-n-1} \exp \left(t-\frac{z^{2}}{4 t}\right) d t
\]

Впервые формула (*) приведена II. ПIлефли [1].

2) III. и. - интегральное представлөние Лежанд́ра многочлена

\[
P_{n}(z)=\frac{1}{2 \pi i} \int_{C} \frac{\left(t^{2}-1\right)^{n}}{2^{n}(t-z)^{n+1}} d t
\]

где $C$ - контур, обходящий вокруг точки $z$ один раз против часовой стрелки. Віервые представление дано Л. IIлефли [2].

Jum.: [1] S c h l ä f l i L., &quot;Matl.. Ann.», 1871, Bd 3, H. 1, S. 134-49; [2] e r o w e, Ueber die zwei Heine'schen Kugelс о н II ж.'Н., Ғурс современного анализа, пер. с ангі., 2 изд.,

![](https://cdn.mathpix.com/cropped/2023_07_09_4efb9f51fe523ef08e44g-1.jpg?height=64&amp;width=816&amp;top_left_y=1714&amp;top_left_x=986)</text_orig>
</article>
