<?xml version="1.0" ?>
<article uri="http://libmeta.ru/me/article/1035_GIЈBBERTA" alphabetic_pos="1035">
  <title>ГИЈББЕРТА TEOPEMA</title>
  <authors/>
  <pages>
    <start>487</start>
    <end>488</end>
  </pages>
  <literature>
    <literature_orig/>
  </literature>
  <formulas_main/>
  <formulas_aux/>
  <relations n="0"/>
  <text>1) Г. т. о ба а и с е: если $a$ - коммутативное нётерово кольцо и $a\left[x_{1}\right.$, . , .., $\left.X_{n}\right]$ - кольцо многочленов от $x_{1}, \ldots, X_{n}$ с коэффиццентами в $a$, то ї $a\left[x_{1}, \ldots ., X_{n}\right]-$ нётерово кольцо. В частності, в кольце многочленов от конечного числа переменных над полем или над кольцом целых чисел любой идеал порождается конечным числом элементов (имеет конечный базис). Именно в такой форме теорема была доказана Д. Гильбертом [1] и играла вспомогательную роль в доказательстве основной Гильбер та теоремы об инвариантах. Впоследствии Г. т. о базисе получила широкое распространение в коммутативной алгебре.

![](https://cdn.mathpix.com/cropped/2023_07_08_b46b5526723b60c60b30g-1.jpg?height=49&amp;width=823&amp;top_left_y=1985&amp;top_left_x=127)
2) Г. т. о не п р и в о д и м о с ти: пусть $f\left(t_{1}, \ldots\right.$, ..., $\left.t_{k}, x_{1}, \ldots, x_{k}\right)$ - неприводимый многочлен над полем рациональных чисел $\mathbb{q}$; тогда существует бесконечное множество значений $t_{1}^{0}, \ldots, t_{k}^{0} \in \mathbb{Q}$ переменных $t_{1}, \ldots, t_{k}$, при к-рых многочлен $f\left(t_{1}^{0}, \ldots, t_{k}^{0}, x_{1}, \ldots, x_{n}\right)$ неприводим над $\mathbb{q}$. Так, многочлен $f(t, x)=t-x^{2}$ остается неприводимым для всех $t^{0}\left(t^{0} \neq a^{2}, a \in \mathbb{Q}\right)$ и только для них. Полученная Д. Гильбертом (d. Hilbert) в 1892, эта теорема обобщалась затем на случай многочленов над нек-рыми другими полями (напр., над полем конечного типа над своим простым подполем [2]).

Г. т. о неприводимости применяется в исследованиях, связанных с Галуа теории обратной задачей и алгебраических многообразий ариблетикой. Пусть над полем $k=k\left(t_{1}, \ldots, t_{n}\right)$ рациональных функций от $t_{1}, \ldots, t_{n}$ существует такое расширение $e / K$ с группой Галуа $g$, что поле $k$ алгебраически замкнуто в $e$ и к нему применима $г$. т. о неприводимости. Тогда можно так выбрать значения переменных $t_{1}, \ldots, t_{n}$ в поле $k$, что получающееся расширение поля $k$ будет иметь группой Галуа группу $g$. Используя это соображение, Д. Гильберт построил в [1] расширения поля $\mathbb{q}$ с симметрической и знакопеременной группами. При этом, в случае симметрич. группы за $e$ берется поле рациональных функции от $n$ переменных, а в качестве $k$ - подіоле поля симметрич. функций, к-рое само будет полем рациональных функций. Обобщая этот подход, Э. Нётер (e. Noether) рассмотрела произвольную подгруппу $g \subset S_{n}$ и расширение $e$ соответствующего поля инвариантов $e$ относительно группы $g$ (см. [3]). Г. т. о неприводимости дает возможность построить расширение поля $k$ с группой Галуа $g$, если только поле $e^{g}$ есть поле рациональных функций над $\mathbb{q}$. Вопрос о выполнимости последнего условия (п р о б ле м а Н ё т е р), тесно связан с Люрота проблемой. Лишь в 1969 Р. Суон (r. Swan) показал, что в общем случае ответ на него отрицательный (см. [4], [6]).

Г. т. о неприводимости применяется также при построении рациональных точек абелевых многообразий $a$ над полем рациональных чисел $\mathbb{q}$. В силу теоремы Морделла - Вейля группа рациональных точек $a$ является конечно порожденной, и возникает вопрос о значении ее ранга $r$. Используя Г. т. о неприводимостіi, А. Нерон (a. Neron) построил многообразия $a$ размерності $g$ и ранга больше или равного $3 g+6$ (см. [2]).

Лum.: [1] H i l b e r t D., &quot;j. reine und angew. Math.&quot;, 1892, Bd 110, S. 104 29 ; [2] L a n g S., Diophantine Geometry, N. Y , c. 18-32, 90-94; [4] M a r t i'n e t J., &quot;seminaıre Bourbakı&quot;, $1969 / 1970$, B., 1971; [5] S c h i n z e l A., в Kh: &quot;actes du Congrès International des Mathèmaticiens&quot;, t. 1, R., &quot;actes 1971; [6] В о с к р е с е н с к и й В. Е., &quot;тр. Матем. ин-та Ан Ссср&quot;, В о с к р е с е н с к и й В. Е., &quot;тр. Матем. ин-та Ан Ссср&quot;,
1973 , т. 82 , с. $151-61$. 3) Г. т. о нул я х (о к о р н я х): пусть $k$ - поле, $k\left[x_{1}, \ldots, X_{n}\right]-$ кольцо многочленов над $k, \bar{k}-$ алгебраич. замыкание поля $k$ и $f, F_{1}, \ldots, F_{m}-$ многочлены из $k\left[x_{1}, \ldots, X_{n}\right]$. К о р н е м многочлена $f\left(x_{1}, \ldots\right.$, $\left.\ldots, X_{n}\right)$ наз. последовательность $\left(c_{1}, \ldots, c_{n}\right)$ элементов из $\bar{k}$, удовлетворяющая условию $f\left(c_{1}, \ldots, c_{n}\right)=0$. Если каждый общий корень многочленов $f_{1}, \ldots, F_{m}$ является корнем многочлена $f$, то существует такое целое число $r$, зависящее только от $f_{1}, \ldots, F_{m}$, что $f_{r}$ принадлежит идеалу, порожденному $f_{1}, \ldots, F_{m}$, то есть $f r=A_{1} F_{1}+\ldots+A_{m} F_{m}$

где $a_{1}, \ldots, A_{m}-$ нек-рые многочлены. Получена Д. Гильбертом [1].

Г. т. эквивалентна утверждению, что для любого собственного идеала a кольца $k\left[x_{1}, \ldots, X_{n}\right]$ существует корень, общий для всех многочленов из $\mathfrak{a}$. Таким образом, Г. т. может рассматриваться как далеко идущее обобщение основной теоремы алгебры. На Г. т. можно смотреть и как на утверждение о том, что любой простой идеал кольца $k\left[x_{1}, \ldots, X_{n}\right]$ является пересечением максимальных идеалов, его содержащих; это приводит к понятию Джекобсона кольца.

При геометрич. интерпретации корни идеала $\mathfrak{a} \subset$ $\subset k\left[X_{1}, \ldots, X_{n}\right]$ соответствуют алгебраич. точкам аффинного многообразия, определяемого идеалом $\mathfrak{a}$. Из Г. т. следует, что на любом непустом афффином многообразии имеется алгебраич. точка. Таким образом, множество алгебраич. точек всюду плотно на многообразии, и потому однозначно его определяет - при- чина, по к-рой при изучении алгебраич. многообразий часто ограничиваются алгебраич. точками.

Jum.: [1] H i l b e r t D., &quot;math. Ann.&quot;, 1893, Bd 42, S. 31373; [2] В а н - д е р - В а р д е н Б. Л., Современная алгебра, пер. с нем., ч. 2, 2 изд., М.- Л., $1947 ;$ ' [3] 3 а р и с с к и й О., С. а ю ә Л Б П., Коммутативная алгебра, пер. с англ., Т. 2, Б у р б а к и Н., Коммутативная алгебра, пер. с франц., М., 4) Г. т. о пов е к р и в и з ы: в трехмерном евклидовом пространстве не существует полной регулярной поверхности постоянной отрицательной кривизны. Доказана Д. Гильбертом (d. Hilbert, 1901; см. [i]).

Лит.: [1] Г и ль б е р т Д., Основания геометрии, пер. с нем., М.- Л., 1948 .

5) Г. т. о с и 3 и г и я $\mathbf{x}-$ теорема о конечности цепи сизигий градуированного модуля над кольцом многочленов (в классич. формулировке см. [i]).

Пусть $a$ - нётерово кольцо, $m$ - нётеров $a$-модуль, и $x_{1}, \ldots, x_{n}$ - система образующих модуля $m$. М о д у л е м с и з и г и й (соотношений) $s(m)$ модуля $m$ наз. модуль соотношений для $x_{1}, \ldots, x_{n}$, т. е. $a$-модуль векторов $\left(a_{1}, \ldots, a_{n}\right), a_{i} \in A$, удовлетворяющих условию: $a_{1} x_{1}+\ldots+a_{n} x_{n}=0$. Индуктивно определяется $\boldsymbol{i}$-й м о д у л ь с и з и г и й $s_{i}(\boldsymbol{m})=s\left(s_{i-1}(M)\right)$ модуля $m\left(s_{1}(m)=s(m)\right)$.Иначе это можно описать с помощью точной последовательности, наз. ц е п ь ю с и $з$ и г и й:

$0 \longrightarrow S_{i}(M) \longrightarrow F_{i-1} \longrightarrow \ldots \longrightarrow F_{0} \longrightarrow M \longrightarrow 0$,

где $f_{0}, \ldots, F_{i-1}-$ свободные $a$-модули конечного типа. В современном изложении $\gamma$. т. о сизигиях допускает следующую формулировку : если $a$ - локальное регулярное кольцо размерности $m$, то $m$-й модуль сизигий любого нётерова $a$-модуля является свободным модулем. Это эквивалентно тому, что любой $a$-модуль имеет свободную резольвенту длины $m$, или что $a$ имеет глобальную проективную размерность $m$. Это свойство характеризует регулярные кольца [2].

Гло б а льны й в а р и ан т Г. т. о с и зиг I я х: над регулярным кольцом $a$ (напр., над кольцом многочленов) любой $a$-модуль конечного типа имеет проективную (но уже не обязательно свободную) резольвенту конечной длины.

Jum.: [1] H i l b e r t D., &quot;math. Ann.», 1890, Bd 36, S. 473534; [2] S e r r e J.-P., B Kh.: proceedings of the International - Symposium on Algebraic Number Theory, Tokyo, 1955 , p. $175-89$; [3] С е p p Ж. $-\Pi .$, Математика&quot;, 1963, т. 7, № 5, тивная алгебра, пер. с англ., т. 2, М., 1963. В. И. Данилов.

6) Г. т. о цик ли ч е с ких р а сши рения и (те о р е м а Гиль б е р т а 90): пусть $k$ - циклич. расширение с циклической группой Галуа $g(k / k)$ по-

![](https://cdn.mathpix.com/cropped/2023_07_08_19fb560c8302e5ac03aeg-1.jpg?height=35&amp;width=833&amp;top_left_y=1699&amp;top_left_x=122)
$n_{k / k}(\beta)$ элемента $\beta \in K$ равна единице в том и только в том случае, если существует ненулевой элемент $\alpha \in K$, удовлетворяющий условию $\beta=\alpha \cdot \sigma(\alpha)^{-1}$. Аналогично, след $\operatorname{tr}_{k / k}(\beta)$ равен нулю тогда и только тогда, когда $\beta$ может быть представлено в виде $\beta=\alpha-\sigma(\alpha), \alpha \in K$ (cm. [1], [2], [3]).

Г. т. может рассматриваться как следствие более общего утверждения о когомологиях групп Галуа (см. [4]). Именно: если $k$ - расширение Галуа группы $k$ с группой Галуа $g$, то мультипликативная группа $k^{*}$ поля $k$ превращается в $g$-модуль, и первая группа когомологий $h^{1}\left(g, K^{*}\right)$ равна нулю. Аналогично, $h^{q}(g$, $k)=0$ при $q \geqslant 1$ (см. Галуа когомологии).

Другим обобщением Г. т. является теория спуска Гротендика; одно из применений ее в этальной тоиолоей, также известное под назв. «т е о р е м а б е р т а $90 \%$, утверждает, что этальные когомологии $h^{1}\left(x_{\text {et }}, G_{m}\right)$ схемы $x$ со значениями в пучке мультипликативных групп $g_{m}$ изоморфны группе Пикара $\operatorname{pic}(x)$ классов обратимых пучков на $x[5]$. Jum.: [1] H i l b e r t D., «jahresbericht der D. M. V.», 1897, Bd 4, S. 175-546; [2] Л е н г С., Алгебра, пер. с англ., М., 1968; [3] Б у р б а к и Н., Алгебра. Многочлены и поля. Упорядоченные группы, пер. с франц., М., 1965 ; [4] С е p p
Ж..-П., Когомологии Галуа, пер. с франц., М., 1968; [5] A r t i n

![](https://cdn.mathpix.com/cropped/2023_07_08_19fb560c8302e5ac03aeg-1.jpg?height=64&amp;width=836&amp;top_left_y=288&amp;top_left_x=986)

7) Г. т. о с у щ с т в о в а пи и а б с о л ю т но го эк с т р м у м а: пусть

\[
I=\int F d t
\]

есть функционал вариационной задачи в параметрич. форме, где $f=f(x, y, \dot{x}, \dot{y})$ - положительно определенная функция 1 -й степени по $(\dot{x}, \dot{y})$, трижды непрерывно дифференцируемая по всем аргументам для всех $(x, y)$ из области $g$ и всех $(\dot{x}, \dot{y})$, удовлетворяющих условию $\dot{x}^{2}+\dot{y}^{2} \neq 0$. Кроме того, предполагается, что $f(x, y, \xi, \eta)&gt;0$ для всех $(x, y) \in G$ и $\xi^{2}+\eta^{2}=1$ (т. е. функционал $i$ положительно определен), а также, что множества $\phi(x, y)=\{(\xi, \eta): F(x, y, \xi, \eta) \leqslant 1\}$ строго выпуклы по $(\xi, \eta)$ для всех $(x, y)$ из выпуклой замкнутой подобласти $g_{0}$ (т. е. функционал $i$ регулярен, или эллиптичен).

При этих предположениях для любых двух точек $\left(x_{0}, y_{0}\right)$ и $\left(x_{1}, y_{1}\right)$ из $g_{0}$ найдется кривая, доставляющая функционалу I абсолютный минимум среди всех спрямляемых кривых.

Г. т. получена Д. Гильбертом (d. Hilbert, 1899). Лит.: [1] А х и е з е р Н. К., Лекции по вариационному исчислению, М., 1955. B. M. Tихомиров.

8) $г$. т. о б и н в а р и а н т а х - теорема, устанавливаюшая конечнопорожденность алгебры всех многочленов на комплексном векторном пространстве форм степени $d$ от $r$ переменных, инвариантных относительно действия полной линейной группы $g L(r, \mathbb{C})$, опрепеляемого линейными заменами этих переменных. Первое доказательство теоремы, использующее $\gamma и л ь-$ берта теорему о базисе и формальные процессы инвариантов теории, дано в [1]. Д. Гильберт [2] конструктивно доказал эту теорему и получил оценку сверху для степеней образующих указанной алгебры инвариантов (что, в принципе, дает возможность их выписать явно).

Г. т. является первой основной теоремой теории инвариантов для $d$-й симметрич. степени стандартного представления $g L(r, \mathbb{C})$. Доказательство $\gamma$. т. стимулировало постановку вопроса о конечнопорожденності алгебр инвариантов для подгрупп группы $c L(r, \mathbb{C})$, а также постановку 14-й проблемы Гильберта. Используя теорию интегрирования на группах, Г. Вейль (h. Weyl) доказал конечнопорожденность алгебры инвариантов для любых конечномерных представлений компактных групп Ли и комплексных полупростых групп Ли (см. [3]).

Г. т. принято называть также следующее ее обобщение: если $r$ - алгебра конечного типа над полем $k$, $g$ - геометрически редуктивная группа ее k-автоморфизмов и $r^{g}$ - подалгебра всех $g$-инвариантных элементов в $r$, то $r^{\dot{i}}$ также имеет конечный тип над $k$ (см. [4], [5]).

Jum.: [1] H i l b e r t D., &quot;math. Ann.&quot;, 1890, Bd 36, S. $473-534 ;$ [2] e r o жe, &quot;math. Ann.&quot;, 1893, Bd 42, S. 313-73; [3] В е й л ь Г., Класскческие группы, их инварианты и представления, пер. с англ., M., 1947; [4] M u m f o r d D., Geo-

![](https://cdn.mathpix.com/cropped/2023_07_08_19fb560c8302e5ac03aeg-1.jpg?height=38&amp;width=826&amp;top_left_y=2029&amp;top_left_x=995)</text>
  <text_orig>1) Г. т. о ба а и с е: если $A$ - коммутативное нётерово кольцо и $A\left[X_{1}\right.$, . , .., $\left.X_{n}\right]$ - кольцо многочленов от $X_{1}, \ldots, X_{n}$ с коэффиццентами в $A$, то ї $A\left[X_{1}, \ldots ., X_{n}\right]-$ нётерово кольцо. В частності, в кольце многочленов от конечного числа переменных над полем или над кольцом целых чисел любой идеал порождается конечным числом элементов (имеет конечный базис). Именно в такой форме теорема была доказана Д. Гильбертом [1] и играла вспомогательную роль в доказательстве основной Гильбер та теоремы об инвариантах. Впоследствии Г. т. о базисе получила широкое распространение в коммутативной алгебре.

![](https://cdn.mathpix.com/cropped/2023_07_08_b46b5526723b60c60b30g-1.jpg?height=49&amp;width=823&amp;top_left_y=1985&amp;top_left_x=127)
2) Г. т. о не п р и в о д и м о с ти: пусть $f\left(t_{1}, \ldots\right.$, ..., $\left.t_{k}, x_{1}, \ldots, x_{k}\right)$ - неприводимый многочлен над полем рациональных чисел $\mathbb{Q}$; тогда существует бесконечное множество значений $t_{1}^{0}, \ldots, t_{k}^{0} \in \mathbb{Q}$ переменных $t_{1}, \ldots, t_{k}$, при к-рых многочлен $f\left(t_{1}^{0}, \ldots, t_{k}^{0}, x_{1}, \ldots, x_{n}\right)$ неприводим над $\mathbb{Q}$. Так, многочлен $f(t, x)=t-x^{2}$ остается неприводимым для всех $t^{0}\left(t^{0} \neq a^{2}, a \in \mathbb{Q}\right)$ и только для них. Полученная Д. Гильбертом (D. Hilbert) в 1892, эта теорема обобщалась затем на случай многочленов над нек-рыми другими полями (напр., над полем конечного типа над своим простым подполем [2]).

Г. т. о неприводимости применяется в исследованиях, связанных с Галуа теории обратной задачей и алгебраических многообразий ариблетикой. Пусть над полем $K=k\left(t_{1}, \ldots, t_{n}\right)$ рациональных функций от $t_{1}, \ldots, t_{n}$ существует такое расширение $E / K$ с группой Галуа $G$, что поле $k$ алгебраически замкнуто в $E$ и к нему применима $Г$. т. о неприводимости. Тогда можно так выбрать значения переменных $t_{1}, \ldots, t_{n}$ в поле $k$, что получающееся расширение поля $k$ будет иметь группой Галуа группу $G$. Используя это соображение, Д. Гильберт построил в [1] расширения поля $\mathbb{Q}$ с симметрической и знакопеременной группами. При этом, в случае симметрич. группы за $E$ берется поле рациональных функции от $n$ переменных, а в качестве $K$ - подіоле поля симметрич. функций, к-рое само будет полем рациональных функций. Обобщая этот подход, Э. Нётер (E. Noether) рассмотрела произвольную подгруппу $G \subset S_{n}$ и расширение $E$ соответствующего поля инвариантов $E$ относительно группы $G$ (см. [3]). Г. т. о неприводимости дает возможность построить расширение поля $k$ с группой Галуа $G$, если только поле $E^{G}$ есть поле рациональных функций над $\mathbb{Q}$. Вопрос о выполнимости последнего условия (п р о б ле м а Н ё т е р), тесно связан с Люрота проблемой. Лишь в 1969 Р. Суон (R. Swan) показал, что в общем случае ответ на него отрицательный (см. [4], [6]).

Г. т. о неприводимости применяется также при построении рациональных точек абелевых многообразий $A$ над полем рациональных чисел $\mathbb{Q}$. В силу теоремы Морделла - Вейля группа рациональных точек $A$ является конечно порожденной, и возникает вопрос о значении ее ранга $r$. Используя Г. т. о неприводимостіI, А. Нерон (A. Neron) построил многообразия $A$ размерності $g$ и ранга больше или равного $3 g+6$ (см. [2]).

Лum.: [1] H i l b e r t D., &quot;J. reine und angew. Math.&quot;, 1892, Bd 110, S. 104 29 ; [2] L a n g S., Diophantine Geometry, N. Y , c. 18-32, 90-94; [4] M a r t i'n e t J., &quot;Seminaıre Bourbakı&quot;, $1969 / 1970$, B., 1971; [5] S c h i n z e l A., в KH: &quot;Actes du Congrès International des Mathèmaticiens&quot;, t. 1, R., &quot;Actes 1971; [6] В о с к р е с е н с к и й В. Е., &quot;Тр. Матем. ин-та АН СССР&quot;, В о с к р е с е н с к и й В. Е., &quot;Тр. Матем. ин-та АН СССР&quot;,
1973 , т. 82 , с. $151-61$. 3) Г. т. о нул я х (о к о р н я х): пусть $k$ - поле, $k\left[X_{1}, \ldots, X_{n}\right]-$ кольцо многочленов над $k, \bar{k}-$ алгебраич. замыкание поля $k$ и $F, F_{1}, \ldots, F_{m}-$ многочлены из $k\left[X_{1}, \ldots, X_{n}\right]$. К о р н е м многочлена $F\left(X_{1}, \ldots\right.$, $\left.\ldots, X_{n}\right)$ наз. последовательность $\left(c_{1}, \ldots, c_{n}\right)$ элементов из $\bar{k}$, удовлетворяющая условию $F\left(c_{1}, \ldots, c_{n}\right)=0$. Если каждый общий корень многочленов $F_{1}, \ldots, F_{m}$ является корнем многочлена $F$, то существует такое целое число $r$, зависящее только от $F_{1}, \ldots, F_{m}$, что $F_{r}$ принадлежит идеалу, порожденному $F_{1}, \ldots, F_{m}$, то есть $F r=A_{1} F_{1}+\ldots+A_{m} F_{m}$

где $A_{1}, \ldots, A_{m}-$ нек-рые многочлены. Получена Д. Гильбертом [1].

Г. т. эквивалентна утверждению, что для любого собственного идеала a кольца $k\left[X_{1}, \ldots, X_{n}\right]$ существует корень, общий для всех многочленов из $\mathfrak{a}$. Таким образом, Г. т. может рассматриваться как далеко идущее обобщение основной теоремы алгебры. На Г. т. можно смотреть и как на утверждение о том, что любой простой идеал кольца $k\left[X_{1}, \ldots, X_{n}\right]$ является пересечением максимальных идеалов, его содержащих; это приводит к понятию Джекобсона кольца.

При геометрич. интерпретации корни идеала $\mathfrak{a} \subset$ $\subset k\left[X_{1}, \ldots, X_{n}\right]$ соответствуют алгебраич. точкам аффинного многообразия, определяемого идеалом $\mathfrak{a}$. Из Г. т. следует, что на любом непустом афффином многообразии имеется алгебраич. точка. Таким образом, множество алгебраич. точек всюду плотно на многообразии, и потому однозначно его определяет - при- чина, по к-рой при изучении алгебраич. многообразий часто ограничиваются алгебраич. точками.

Jum.: [1] H i l b e r t D., &quot;Math. Ann.&quot;, 1893, Bd 42, S. 31373; [2] В а н - д е р - В а р д е н Б. Л., Современная алгебра, пер. с нем., ч. 2, 2 изд., М.- Л., $1947 ;$ ' [3] 3 а р и с с к и й О., С. а ю ә Л Б П., Коммутативная алгебра, пер. с англ., Т. 2, Б у р б а к и Н., Коммутативная алгебра, пер. с франц., М., 4) Г. т. о пов е к р и в и з ы: в трехмерном евклидовом пространстве не существует полной регулярной поверхности постоянной отрицательной кривизны. Доказана Д. Гильбертом (D. Hilbert, 1901; см. [I]).

Лит.: [1] Г и ль б е р т Д., Основания геометрии, пер. с нем., М.- Л., 1948 .

5) Г. т. о с и 3 и г и я $\mathbf{x}-$ теорема о конечности цепи сизигий градуированного модуля над кольцом многочленов (в классич. формулировке см. [I]).

Пусть $A$ - нётерово кольцо, $M$ - нётеров $A$-модуль, и $x_{1}, \ldots, x_{n}$ - система образующих модуля $M$. М о д у л е м с и з и г и й (соотношений) $S(M)$ модуля $M$ наз. модуль соотношений для $x_{1}, \ldots, x_{n}$, т. е. $A$-модуль векторов $\left(a_{1}, \ldots, a_{n}\right), a_{i} \in A$, удовлетворяющих условию: $a_{1} x_{1}+\ldots+a_{n} x_{n}=0$. Индуктивно определяется $\boldsymbol{i}$-й м о д у л ь с и з и г и й $S_{i}(\boldsymbol{M})=S\left(S_{i-1}(M)\right)$ модуля $M\left(S_{1}(M)=S(M)\right)$.Иначе это можно описать с помощью точной последовательности, наз. ц е п ь ю с и $з$ и г и й:

$0 \longrightarrow S_{i}(M) \longrightarrow F_{i-1} \longrightarrow \ldots \longrightarrow F_{0} \longrightarrow M \longrightarrow 0$,

где $F_{0}, \ldots, F_{i-1}-$ свободные $A$-модули конечного типа. В современном изложении $\Gamma$. т. о сизигиях допускает следующую формулировку : если $A$ - локальное регулярное кольцо размерности $m$, то $m$-й модуль сизигий любого нётерова $A$-модуля является свободным модулем. Это эквивалентно тому, что любой $A$-модуль имеет свободную резольвенту длины $m$, или что $A$ имеет глобальную проективную размерность $m$. Это свойство характеризует регулярные кольца [2].

Гло б а льны й в а р и ан т Г. т. о с и зиг I я х: над регулярным кольцом $A$ (напр., над кольцом многочленов) любой $A$-модуль конечного типа имеет проективную (но уже не обязательно свободную) резольвенту конечной длины.

Jum.: [1] H i l b e r t D., &quot;Math. Ann.», 1890, Bd 36, S. 473534; [2] S e r r e J.-P., B KH.: proceedings of the International - Symposium on Algebraic Number Theory, Tokyo, 1955 , p. $175-89$; [3] С е p p Ж. $-\Pi .$, Математика&quot;, 1963, т. 7, № 5, тивная алгебра, пер. с англ., т. 2, М., 1963. В. И. Данилов.

6) Г. т. о цик ли ч е с ких р а сши рения и (те о р е м а Гиль б е р т а 90): пусть $K$ - циклич. расширение с циклической группой Галуа $G(K / k)$ по-

![](https://cdn.mathpix.com/cropped/2023_07_08_19fb560c8302e5ac03aeg-1.jpg?height=35&amp;width=833&amp;top_left_y=1699&amp;top_left_x=122)
$N_{K / k}(\beta)$ элемента $\beta \in K$ равна единице в том и только в том случае, если существует ненулевой элемент $\alpha \in K$, удовлетворяющий условию $\beta=\alpha \cdot \sigma(\alpha)^{-1}$. Аналогично, след $\operatorname{Tr}_{k / k}(\beta)$ равен нулю тогда и только тогда, когда $\beta$ может быть представлено в виде $\beta=\alpha-\sigma(\alpha), \alpha \in K$ (cM. [1], [2], [3]).

Г. т. может рассматриваться как следствие более общего утверждения о когомологиях групп Галуа (см. [4]). Именно: если $K$ - расширение Галуа группы $k$ с группой Галуа $G$, то мультипликативная группа $K^{*}$ поля $K$ превращается в $G$-модуль, и первая группа когомологий $H^{1}\left(G, K^{*}\right)$ равна нулю. Аналогично, $H^{q}(G$, $K)=0$ при $q \geqslant 1$ (см. Галуа когомологии).

Другим обобщением Г. т. является теория спуска Гротендика; одно из применений ее в этальной тоиолоей, также известное под назв. «т е о р е м а б е р т а $90 \%$, утверждает, что этальные когомологии $H^{1}\left(X_{\text {et }}, G_{m}\right)$ схемы $X$ со значениями в пучке мультипликативных групп $G_{m}$ изоморфны группе Пикара $\operatorname{Pic}(X)$ классов обратимых пучков на $X[5]$. Jum.: [1] H i l b e r t D., «Jahresbericht der D. M. V.», 1897, Bd 4, S. 175-546; [2] Л е н г С., Алгебра, пер. с англ., М., 1968; [3] Б у р б а к и Н., Алгебра. Многочлены и поля. Упорядоченные группы, пер. с франц., М., 1965 ; [4] С е p p
Ж..-П., Когомологии Галуа, пер. с франц., М., 1968; [5] A r t i n

![](https://cdn.mathpix.com/cropped/2023_07_08_19fb560c8302e5ac03aeg-1.jpg?height=64&amp;width=836&amp;top_left_y=288&amp;top_left_x=986)

7) Г. т. о с у щ с т в о в а пи и а б с о л ю т но го эк с т р м у м а: пусть

\[
I=\int F d t
\]

есть функционал вариационной задачи в параметрич. форме, где $F=F(x, y, \dot{x}, \dot{y})$ - положительно определенная функция 1 -й степени по $(\dot{x}, \dot{y})$, трижды непрерывно дифференцируемая по всем аргументам для всех $(x, y)$ из области $G$ и всех $(\dot{x}, \dot{y})$, удовлетворяющих условию $\dot{x}^{2}+\dot{y}^{2} \neq 0$. Кроме того, предполагается, что $F(x, y, \xi, \eta)&gt;0$ для всех $(x, y) \in G$ и $\xi^{2}+\eta^{2}=1$ (т. е. функционал $I$ положительно определен), а также, что множества $\Phi(x, y)=\{(\xi, \eta): F(x, y, \xi, \eta) \leqslant 1\}$ строго выпуклы по $(\xi, \eta)$ для всех $(x, y)$ из выпуклой замкнутой подобласти $G_{0}$ (т. е. функционал $I$ регулярен, или эллиптичен).

При этих предположениях для любых двух точек $\left(x_{0}, y_{0}\right)$ и $\left(x_{1}, y_{1}\right)$ из $G_{0}$ найдется кривая, доставляющая функционалу I абсолютный минимум среди всех спрямляемых кривых.

Г. т. получена Д. Гильбертом (D. Hilbert, 1899). Лит.: [1] А х и е з е р Н. К., Лекции по вариационному исчислению, М., 1955. B. M. Tихомиров.

8) $Г$. т. о б и н в а р и а н т а х - теорема, устанавливаюшая конечнопорожденность алгебры всех многочленов на комплексном векторном пространстве форм степени $d$ от $r$ переменных, инвариантных относительно действия полной линейной группы $G L(r, \mathbb{C})$, опрепеляемого линейными заменами этих переменных. Первое доказательство теоремы, использующее $\Gamma и л ь-$ берта теорему о базисе и формальные процессы инвариантов теории, дано в [1]. Д. Гильберт [2] конструктивно доказал эту теорему и получил оценку сверху для степеней образующих указанной алгебры инвариантов (что, в принципе, дает возможность их выписать явно).

Г. т. является первой основной теоремой теории инвариантов для $d$-й симметрич. степени стандартного представления $G L(r, \mathbb{C})$. Доказательство $\Gamma$. т. стимулировало постановку вопроса о конечнопорожденності алгебр инвариантов для подгрупп группы $C L(r, \mathbb{C})$, а также постановку 14-й проблемы Гильберта. Используя теорию интегрирования на группах, Г. Вейль (H. Weyl) доказал конечнопорожденность алгебры инвариантов для любых конечномерных представлений компактных групп Ли и комплексных полупростых групп Ли (см. [3]).

Г. т. принято называть также следующее ее обобщение: если $R$ - алгебра конечного типа над полем $k$, $G$ - геометрически редуктивная группа ее k-автоморфизмов и $R^{G}$ - подалгебра всех $G$-инвариантных элементов в $R$, то $R^{\dot{i}}$ также имеет конечный тип над $k$ (см. [4], [5]).

Jum.: [1] H i l b e r t D., &quot;Math. Ann.&quot;, 1890, Bd 36, S. $473-534 ;$ [2] e r o жe, &quot;Math. Ann.&quot;, 1893, Bd 42, S. 313-73; [3] В е й л ь Г., Класскческие группы, их инварианты и представления, пер. с англ., M., 1947; [4] M u m f o r d D., Geo-

![](https://cdn.mathpix.com/cropped/2023_07_08_19fb560c8302e5ac03aeg-1.jpg?height=38&amp;width=826&amp;top_left_y=2029&amp;top_left_x=995)</text_orig>
</article>
