<?xml version="1.0" ?>
<article uri="http://libmeta.ru/me/article/1036_KONEChNAJa" alphabetic_pos="1036">
  <title>КОНЕЧНАЯ РАЗНОСТЬ</title>
  <authors/>
  <pages>
    <start>511</start>
    <end>511</end>
  </pages>
  <literature>
    <literature_orig/>
  </literature>
  <formulas_main/>
  <formulas_aux/>
  <relations n="0"/>
  <text>см. Конечных разностей исчисление.</text>
  <text_orig>см. Конечных разностей исчисление.</text_orig>
</article>
