<?xml version="1.0" ?>
<article uri="http://libmeta.ru/me/article/1037_IIIOKE" alphabetic_pos="1037">
  <title>IIIОКЕ СИМПЛЕКС</title>
  <authors/>
  <pages>
    <start>449</start>
    <end>449</end>
  </pages>
  <literature>
    <literature_orig/>
  </literature>
  <formulas_main/>
  <formulas_aux/>
  <relations n="0"/>
  <text>непустое компактное выпуклое множество $x$ в локально выпуклом пространстве $e$, обладаюцее следующим свойством: при вложении $e$ в качестве гиперплоскости $e \times 1$ в пространство $e \times \mathbb{R}$ проектирующий конус

\[
\tilde{X}=\{\alpha x \in E \times \mathbb{R} \mid x \in X\} \subset E \times 1, \alpha \geqslant 0\}
\]

множества $x$ превращает $e \times \mathbb{R}$ в частично упорядоченное пространство, для к-рого пространство разностей $\tilde{x}-\tilde{X}$ является решеткой. В случае конечномерного $e$ Iii. с. есть обычный симплекс с числом вершин $\operatorname{dim} E+1$. Существует ряд эквивалентных определений Ш. с. (см. [1]). Одно из них сводится к требованию, чтобы пересечение $\tilde{x}$ с любым транслятом $\tilde{x}$ снова было транслятом $\tilde{x}$.

Когда дополнительно к наложенным условиям $f$ сепарабельно, а $x$ метризуемо, то для того, чтобы $x$ было Iii. с.,н еобходимо и достаточно, чтобы каждая точка $x \in X$ была центром тяжести едивственной меры, сосредоточенной на крайних точках множества $x$. Понятие Ш. с. существенно при изучении единственности интегральных представлений функций (см. [1], [2|); оно введено Г. Шiоке (g. Choke).

Лит.: [1] Ф е л п с Р., Лекции о теоремах Шоке, гер. c ahrj., M., 1968; [2] A if s e n E., Compact convex sets and $\begin{array}{ll}\text { boundary integrals, B.- N. Y., 1971. } &amp; \text { B. A. Залаaалиep. }\end{array}$</text>
  <text_orig>непустое компактное выпуклое множество $X$ в локально выпуклом пространстве $E$, обладаюцее следующим свойством: при вложении $E$ в качестве гиперплоскости $E \times 1$ в пространство $E \times \mathbb{R}$ проектирующий конус

\[
\tilde{X}=\{\alpha x \in E \times \mathbb{R} \mid x \in X\} \subset E \times 1, \alpha \geqslant 0\}
\]

множества $X$ превращает $E \times \mathbb{R}$ в частично упорядоченное пространство, для к-рого пространство разностей $\tilde{X}-\tilde{X}$ является решеткой. В случае конечномерного $E$ III. с. есть обычный симплекс с числом вершин $\operatorname{dim} E+1$. Существует ряд эквивалентных определений Ш. с. (см. [1]). Одно из них сводится к требованию, чтобы пересечение $\tilde{X}$ с любым транслятом $\tilde{X}$ снова было транслятом $\tilde{X}$.

Когда дополнительно к наложенным условиям $F$ сепарабельно, а $X$ метризуемо, то для того, чтобы $X$ было III. с.,н еобходимо и достаточно, чтобы каждая точка $x \in X$ была центром тяжести едивственной меры, сосредоточенной на крайних точках множества $X$. Понятие Ш. с. существенно при изучении единственности интегральных представлений функций (см. [1], [2|); оно введено Г. ШIоке (G. Choke).

Лит.: [1] Ф е л п с Р., Лекции о теоремах Шоке, гер. c aHrJ., M., 1968; [2] A if s e n E., Compact convex sets and $\begin{array}{ll}\text { boundary integrals, B.- N. Y., 1971. } &amp; \text { B. A. Залаaалиep. }\end{array}$</text_orig>
</article>
