<?xml version="1.0" ?>
<article uri="http://libmeta.ru/me/article/1037_NORMAL" alphabetic_pos="1037">
  <title>НОРМАЛЬ</title>
  <authors/>
  <pages>
    <start>526</start>
    <end>526</end>
  </pages>
  <literature>
    <literature_orig/>
  </literature>
  <formulas_main/>
  <formulas_aux/>
  <relations n="0"/>
  <text>к к р и в о й ли н и и (по в е р х н ос т и) в данной ее точке - прямая, шроходящая через әту точку I перпендикулярная к касательной прямой (касательной плоскости) в этой точке кривой (поверхности). Плоская гладкая кривая имеет в каждой точке единственную Н., расположепную в плоскости кривой. Если кривая на плоскости в прямоугольных координатах определяется уравнением $y=f(x)$, то уравнение $\mathrm{h}$. к кривой в точке $\left(x_{0}, y_{0}\right)$ имеет вид:

\[
\left(x-x_{0}\right)+\left(y-y_{0}\right) f^{\prime}\left(x_{0}\right)=0 .
\]

П ространственная кривая имеет в каждой своей точке бесконечное множество Н., заполняющих нек-рую плоскость (нормальную плоскость). Н., лежащая в соприкасающейся плоскости, наз. главной нормалью; Н., перпендикулярная к соприкасающейся плоскости, наз. бинормалью. Н. к поверхности, заданной уравнением $z=f(x, y)$, в точке $\left(x_{0}, y_{0}, z_{0}\right)$ определяется уравнением

\[
\frac{x-x_{0}}{-\frac{\partial z}{\partial x}}=\frac{y-y_{0}}{-\frac{\partial z}{\partial y}}=\frac{z-z_{0}}{1} .
\]

Если уравнение поверхности имеет вид $\boldsymbol{r}=\boldsymbol{r}(u, v)$, то векторное уравнение Н.:

\[
\boldsymbol{R}=\boldsymbol{r}+\lambda\left[\boldsymbol{r}_{u}, \boldsymbol{r}_{v}\right]
\]

Бc习-3.</text>
  <text_orig>к к р и в о й ли н и и (по в е р х н ос т и) в данной ее точке - прямая, шроходящая через әту точку I перпендикулярная к касательной прямой (касательной плоскости) в этой точке кривой (поверхности). Плоская гладкая кривая имеет в каждой точке единственную Н., расположепную в плоскости кривой. Если кривая на плоскости в прямоугольных координатах определяется уравнением $y=f(x)$, то уравнение $\mathrm{H}$. к кривой в точке $\left(x_{0}, y_{0}\right)$ имеет вид:

\[
\left(x-x_{0}\right)+\left(y-y_{0}\right) f^{\prime}\left(x_{0}\right)=0 .
\]

П ространственная кривая имеет в каждой своей точке бесконечное множество Н., заполняющих нек-рую плоскость (нормальную плоскость). Н., лежащая в соприкасающейся плоскости, наз. главной нормалью; Н., перпендикулярная к соприкасающейся плоскости, наз. бинормалью. Н. к поверхности, заданной уравнением $z=f(x, y)$, в точке $\left(x_{0}, y_{0}, z_{0}\right)$ определяется уравнением

\[
\frac{x-x_{0}}{-\frac{\partial z}{\partial x}}=\frac{y-y_{0}}{-\frac{\partial z}{\partial y}}=\frac{z-z_{0}}{1} .
\]

Если уравнение поверхности имеет вид $\boldsymbol{r}=\boldsymbol{r}(u, v)$, то векторное уравнение Н.:

\[
\boldsymbol{R}=\boldsymbol{r}+\lambda\left[\boldsymbol{r}_{u}, \boldsymbol{r}_{v}\right]
\]

БC习-3.</text_orig>
</article>
