<?xml version="1.0" ?>
<article uri="http://libmeta.ru/me/article/1038_GIL'BERTA-KAMKE" alphabetic_pos="1038">
  <title>ГИЛЬБЕРТА-КАМКЕ ПРОБЛЕМА</title>
  <authors/>
  <pages>
    <start>489</start>
    <end>489</end>
  </pages>
  <literature>
    <literature_orig/>
  </literature>
  <formulas_main/>
  <formulas_aux/>
  <relations n="0"/>
  <text>задача о совместности системы диобантовых уравнений варингова типа:

\[
\left.\begin{array}{l}
x_{1}^{n}+x_{2}^{n}+\ldots+x_{s}^{n}=N_{n}, \\
x_{1}^{n-1}+x_{2}^{n-1}+\ldots+x_{s}^{n-1}=N_{n-1}, \\
\cdot \cdot \cdot \cdot \cdot \cdot \cdot \cdot \cdot \cdot \cdot \cdot \cdot \cdot \cdot \cdot \cdot \cdot \cdot x_{s}=N_{1},
\end{array}\right\}
\]

где переменные $x_{1}, \ldots, x_{3}$ принимают целые неотрицательные значения, на числа $n_{n}, N_{n-1}, \ldots, N_{1}$ наложены нек-рые дополнительные ограничения (см. [3]), $s$ - достаточно большое число, зависящее только от заданного натурального числа $n$.

Г. - К. П., поставленная. в 1900 Д. Гильбертом (см. [1]), решена Ә. Камке, к-рый доказал существование решений системы (\%). Асимптотич. формула для числа решений этой системы была получена К. К. Марджанишвили в 1937 с помощью Виноградова метода оценок тригонометрич. сумм.

Jum.: [1] H i l b e r t D., &quot;math. Ann.», 1909, Bd 67, S. $281-300 ;$ [2] В и н о г р а д о в И. М., Метод тригонометрических сумм в теории чисел, М., 1971; [3] М а р д ж а н и шा в и л и
К. К., «изв. Ан Ссср. Сер. матем.», 1937, с. $609-31$.

![](https://cdn.mathpix.com/cropped/2023_07_08_efc6ba2aaf763ceede00g-1.jpg?height=32&amp;width=797&amp;top_left_y=2000&amp;top_left_x=156)</text>
  <text_orig>задача о совместности системы диобантовых уравнений варингова типа:

\[
\left.\begin{array}{l}
x_{1}^{n}+x_{2}^{n}+\ldots+x_{s}^{n}=N_{n}, \\
x_{1}^{n-1}+x_{2}^{n-1}+\ldots+x_{s}^{n-1}=N_{n-1}, \\
\cdot \cdot \cdot \cdot \cdot \cdot \cdot \cdot \cdot \cdot \cdot \cdot \cdot \cdot \cdot \cdot \cdot \cdot \cdot x_{s}=N_{1},
\end{array}\right\}
\]

где переменные $x_{1}, \ldots, x_{3}$ принимают целые неотрицательные значения, на числа $N_{n}, N_{n-1}, \ldots, N_{1}$ наложены нек-рые дополнительные ограничения (см. [3]), $s$ - достаточно большое число, зависящее только от заданного натурального числа $n$.

Г. - К. П., поставленная. в 1900 Д. Гильбертом (см. [1]), решена Ә. Камке, к-рый доказал существование решений системы (\%). Асимптотич. формула для числа решений этой системы была получена К. К. Марджанишвили в 1937 с помощью Виноградова метода оценок тригонометрич. сумм.

Jum.: [1] H i l b e r t D., &quot;Math. Ann.», 1909, Bd 67, S. $281-300 ;$ [2] В и н о г р а д о в И. М., Метод тригонометрических сумм в теории чисел, М., 1971; [3] М а р д ж а н и шा в и л и
К. К., «Изв. АН СССР. Сер. матем.», 1937, с. $609-31$.

![](https://cdn.mathpix.com/cropped/2023_07_08_efc6ba2aaf763ceede00g-1.jpg?height=32&amp;width=797&amp;top_left_y=2000&amp;top_left_x=156)</text_orig>
</article>
