<?xml version="1.0" ?>
<article uri="http://libmeta.ru/me/article/1038_NORMAL'NAJa" alphabetic_pos="1038">
  <title>НОРМАЛЬНАЯ ДИНАМИЧЕСКАЯ СИСТЕМА</title>
  <authors/>
  <pages>
    <start>526</start>
    <end>526</end>
  </pages>
  <literature>
    <literature_orig/>
  </literature>
  <formulas_main/>
  <formulas_aux/>
  <relations n="0"/>
  <text>1) То же, что стационарный (в узком смысле) гауссовский прочесс, рассматриваемый как динамич. система.

2) В 40--50-х гг. 20 в. так иногда называли динамич. сис'емы (измеримые потоки и каскады) в Лебега npocmранстве (последнее в то время называли но р м а л ьным пространст вом с ме ро й).

Д. В. Аносов.</text>
  <text_orig>1) То же, что стационарный (в узком смысле) гауссовский прочесс, рассматриваемый как динамич. система.

2) В 40--50-х гг. 20 в. так иногда называли динамич. сис'емы (измеримые потоки и каскады) в Лебега npocmранстве (последнее в то время называли но р м а л ьным пространст вом с ме ро й).

Д. В. Аносов.</text_orig>
</article>
