<?xml version="1.0" ?>
<article uri="http://libmeta.ru/me/article/1039_NORMAL'NAJa" alphabetic_pos="1039">
  <title>НОРМАЛЬНАЯ КРИВИЗНА</title>
  <authors/>
  <pages>
    <start>526</start>
    <end>526</end>
  </pages>
  <literature>
    <literature_orig/>
  </literature>
  <formulas_main/>
  <formulas_aux/>
  <relations n="0"/>
  <text>р е г у л я р н о й п ов е р х н о с т и - величина, характеризующая отклонение поверхнос'и в направлении $l$ от своей касательной плоскости в точке $p$, совпадающая по абсолютной величине с кривизной соответствующего нормального сечения. Н. к. в направлении $l$ равна

\[
k_{\boldsymbol{l}}=(\boldsymbol{n}, \boldsymbol{N}) k,
\]

где $k$ - кривизна нормального сечения в направленйи $\boldsymbol{l}, \boldsymbol{n}$ - единичный вектор главной нормали нормального сечения, $\boldsymbol{n}$ - единичный вектор нормали поверхности. Н. к. поверхности в данном направлении совпадает с Н. к. соприкасающегося параболоида в том же направлении. Н. к. поверхности, параметризованной параметрами $u, v$, может быть выражена через значения первой и второй квадратичных форм поверхности, выqисленных для значений $(d u: d v)$, соответствующих направлению $l$ по формуле

\[
k_{l}=\frac{I I}{l}=\frac{L d u^{2}+2 M d u d v+N d v^{2}}{E d u^{2}+2 F d u d v+G d v^{2}} .
\]

Кривизна регулярной кривой, лежащей на поверхности, связана с Н. к. поверхности в нашравлении $l$, касательном к кривой, и с геодезич. кривизной $k_{g}$ этой кривой сиотношением

\[
k n=k_{g}[n, l]+k_{l} N
\]

(см. также Мёнье теорема). С помощью Н. к. конструируется Дюпена индикатриса, гауссова и средняя кривизны поверхности и многие другие понятия локальной геометрии поверхности. Д. Д. Соколов.</text>
  <text_orig>р е г у л я р н о й п ов е р х н о с т и - величина, характеризующая отклонение поверхнос'и в направлении $l$ от своей касательной плоскости в точке $P$, совпадающая по абсолютной величине с кривизной соответствующего нормального сечения. Н. к. в направлении $l$ равна

\[
k_{\boldsymbol{l}}=(\boldsymbol{n}, \boldsymbol{N}) k,
\]

где $k$ - кривизна нормального сечения в направленйи $\boldsymbol{l}, \boldsymbol{n}$ - единичный вектор главной нормали нормального сечения, $\boldsymbol{N}$ - единичный вектор нормали поверхности. Н. к. поверхности в данном направлении совпадает с Н. к. соприкасающегося параболоида в том же направлении. Н. к. поверхности, параметризованной параметрами $u, v$, может быть выражена через значения первой и второй квадратичных форм поверхности, выqисленных для значений $(d u: d v)$, соответствующих направлению $l$ по формуле

\[
k_{l}=\frac{I I}{l}=\frac{L d u^{2}+2 M d u d v+N d v^{2}}{E d u^{2}+2 F d u d v+G d v^{2}} .
\]

Кривизна регулярной кривой, лежащей на поверхности, связана с Н. к. поверхности в нашравлении $l$, касательном к кривой, и с геодезич. кривизной $k_{g}$ этой кривой сиотношением

\[
k n=k_{g}[n, l]+k_{l} N
\]

(см. также Мёнье теорема). С помощью Н. к. конструируется Дюпена индикатриса, гауссова и средняя кривизны поверхности и многие другие понятия локальной геометрии поверхности. Д. Д. Соколов.</text_orig>
</article>
