<?xml version="1.0" ?>
<article uri="http://libmeta.ru/me/article/1039_ShІPEKKEROVA" alphabetic_pos="1039">
  <title>ШІПЕККЕРОВА ПОСЛЕДОВАТЕЛЬНОСТЬ</title>
  <authors/>
  <pages>
    <start>449</start>
    <end>449</end>
  </pages>
  <literature>
    <literature_orig/>
  </literature>
  <formulas_main/>
  <formulas_aux/>
  <relations n="0"/>
  <text>алгорифммическая, монотонная, ограниченная последовательность рациональных чисел, не являющаяся конструктивно (алгорифмически) фундаментальной. Соответственно, числовой ряд с алгорифмически заданным неотрицательным рациональным общим членом и ограниченными в совокупности частичными суммами, не являющийся конструктивно сходящимся в себе, наз. Iii Ii е к к е р о в ы м р я д о м.

Первый пример такой последовательности (ряда) был указан Э. Шпеккером [1]. Более точно, для Ш. П. а невозможна общерекурсивная функция $\beta$ такая, что при любых $i, j, n$ таких, что $i, j \geqslant \beta(n)$, выполняется неравенство

\[
|\alpha(i)-\alpha(j)|&lt;2^{-n} .
\]

Существование Iii. п. является фактом принципиального значения как для конструктивной математикі, так и для традиционного математич. анализа. Поскольку Ш. п. не сходится ни к какому конструктивному (вычислимому) действительному числу и из нее нельзя выбрать подпоследовательности с этим свойством, то ее можно рассматривать в качестве контрпримера, опровергающего для наиболее естественноиї алгорифмич. концепции конструктивного континуума такие фундаментальные ıринципы, как теорема Вейергтрасса о существовании предела монотонной ограниченной последовательности, теорема Больцано - Bейерштрасса о выборе сходящейся подпоследовательности, теорема о существовании точных границ ограниченных числовых множеств. С точки зрения традиционной математики результат Э. Шпеккера показывает, что объекты, существование к-рых утверждается в уномянутых тео ремах, могут иметь довольно сложную природу даже при очень простых исходных ситуациях. Теорема Шпеккера может рассматриваться как первый существенныї шаг в исследовании вычислительної и дескриптивної сложности әтих объектов.

См. также Конструктивная матемапика, Консıпрктивный анализ.

Jum.: [1] S p e c k e r E., «j. Symbol. Log.», 1949, v. 14, .p 145-58; [2] К у ш н е р Б. А., Јекции по когструктивному математическому анализу, М., $1973 . \quad$ Б. A. Куинер.</text>
  <text_orig>алгорифммическая, монотонная, ограниченная последовательность рациональных чисел, не являющаяся конструктивно (алгорифмически) фундаментальной. Соответственно, числовой ряд с алгорифмически заданным неотрицательным рациональным общим членом и ограниченными в совокупности частичными суммами, не являющийся конструктивно сходящимся в себе, наз. III II е к к е р о в ы м р я д о м.

Первый пример такой последовательности (ряда) был указан Э. Шпеккером [1]. Более точно, для Ш. П. а невозможна общерекурсивная функция $\beta$ такая, что при любых $i, j, n$ таких, что $i, j \geqslant \beta(n)$, выполняется неравенство

\[
|\alpha(i)-\alpha(j)|&lt;2^{-n} .
\]

Существование III. п. является фактом принципиального значения как для конструктивной математикі, так и для традиционного математич. анализа. Поскольку Ш. п. не сходится ни к какому конструктивному (вычислимому) действительному числу и из нее нельзя выбрать подпоследовательности с этим свойством, то ее можно рассматривать в качестве контрпримера, опровергающего для наиболее естественноиї алгорифмич. концепции конструктивного континуума такие фундаментальные ıринципы, как теорема Вейергтрасса о существовании предела монотонной ограниченной последовательности, теорема Больцано - Bейерштрасса о выборе сходящейся подпоследовательности, теорема о существовании точных границ ограниченных числовых множеств. С точки зрения традиционной математики результат Э. Шпеккера показывает, что объекты, существование к-рых утверждается в уномянутых тео ремах, могут иметь довольно сложную природу даже при очень простых исходных ситуациях. Теорема Шпеккера может рассматриваться как первый существенныї шаг в исследовании вычислительної и дескриптивної сложности әтих объектов.

См. также Конструктивная матемапика, Консıпрктивный анализ.

Jum.: [1] S p e c k e r E., «J. Symbol. Log.», 1949, v. 14, .p 145-58; [2] К у ш н е р Б. А., Јекции по когструктивному математическому анализу, М., $1973 . \quad$ Б. A. Куинер.</text_orig>
</article>
