<?xml version="1.0" ?>
<article uri="http://libmeta.ru/me/article/103_ALGEBRAIChESKAJa" alphabetic_pos="103">
  <title>АЛГЕБРАИЧЕСКАЯ АЛГЕБРА</title>
  <authors/>
  <pages>
    <start>68</start>
    <end>68</end>
  </pages>
  <literature>
    <literature_orig/>
  </literature>
  <formulas_main/>
  <formulas_aux/>
  <relations n="0"/>
  <text>алгебра $a$ с ассоциативными степенями (в частности, ассоциативная) над полем $f$, все әлементы к-рой являются алгебраическими (элемент $a \in A$ наз. а л г е б р а и ч е с и и м, если порожденная им подалгебра $f[a]$ конечномерна, или, что равносильно, элемент $a$ обладает аннулирующим многочленом с коэффициентами из основного поля $f$ ). Алгебра $a$ наз. А. а. о г р а н и ч е н но й с т еп е н и, если она алгебраическая и степени минимальных аннулирующих многочленов ее элементов ограничены в совокупности. Подалгебра и гомоморфный образ А. а. (ограниченной степени) являются А. а. (ограниченной степени).

П р и м е р ы А. а.: локально конечные алгебры (в частности, конечномерные), нильалгебры, ассоциативные тела со счетным множеством образующих над несчетным полем.

Рассматриваемые ниже алгебры предполагаются ассоциативными. Джекобсона радикал А. а. является нильидеалом. Примитивная А. а. $a$ изоморфна плотной алгебре линейных преобразований векторного пространства над телом, если при этом $a$ ограниченной степени, то $a$ изоморфна кольцу матриц над телом. А. а. без ненулевых нильпотентых элементов (в частности, тело) над конечным полем коммутативна. Отсюда следует коммутативность конечных тел. А. а. ограниченной степени удовлетворяет полиномиальному тождеству (рi-алгебра). Алгебраическая Рi-алгебра локально конечна. Если основное поле несчетно, то алгебпа, полученная из А. а. расширением основного поля, а также тензорное произведение А. а., суть А. а.

Лит.: [1] Д ж е к о б с о н Н., Строение колец, пер. с англ., м., 1961; [2] X e p с т е й н й., Некоммутативные кольца, пер. с англ., М., 1972. В. Н. Латышев.</text>
  <text_orig>алгебра $A$ с ассоциативными степенями (в частности, ассоциативная) над полем $F$, все әлементы к-рой являются алгебраическими (элемент $a \in A$ наз. а л г е б р а и ч е с и и м, если порожденная им подалгебра $F[a]$ конечномерна, или, что равносильно, элемент $a$ обладает аннулирующим многочленом с коэффициентами из основного поля $F$ ). Алгебра $A$ наз. А. а. о г р а н и ч е н но й с т еп е н и, если она алгебраическая и степени минимальных аннулирующих многочленов ее элементов ограничены в совокупности. Подалгебра и гомоморфный образ А. а. (ограниченной степени) являются А. а. (ограниченной степени).

П р и м е р ы А. а.: локально конечные алгебры (в частности, конечномерные), нильалгебры, ассоциативные тела со счетным множеством образующих над несчетным полем.

Рассматриваемые ниже алгебры предполагаются ассоциативными. Джекобсона радикал А. а. является нильидеалом. Примитивная А. а. $A$ изоморфна плотной алгебре линейных преобразований векторного пространства над телом, если при этом $A$ ограниченной степени, то $A$ изоморфна кольцу матриц над телом. А. а. без ненулевых нильпотентых элементов (в частности, тело) над конечным полем коммутативна. Отсюда следует коммутативность конечных тел. А. а. ограниченной степени удовлетворяет полиномиальному тождеству (РI-алгебра). Алгебраическая РI-алгебра локально конечна. Если основное поле несчетно, то алгебпа, полученная из А. а. расширением основного поля, а также тензорное произведение А. а., суть А. а.

Лит.: [1] Д ж е к о б с о н Н., Строение колец, пер. с англ., м., 1961; [2] X e p с т е й н й., Некоммутативные кольца, пер. с англ., М., 1972. В. Н. Латышев.</text_orig>
</article>
