<?xml version="1.0" ?>
<article uri="http://libmeta.ru/me/article/1040_IIIIEPHERA" alphabetic_pos="1040">
  <title>IIIIEPHЕРА ЛЕММА:</title>
  <authors/>
  <pages>
    <start>449</start>
    <end>450</end>
  </pages>
  <literature>
    <literature_orig/>
  </literature>
  <formulas_main/>
  <formulas_aux/>
  <relations n="0"/>
  <text>если покрытис замкнутого $n$-мерного симплекса $t^{n}$ состоит из $n+1$ замкнутых множеств $a_{0}, A_{1}, \ldots, A_{n}$, поставленных в соответствие вершинам $a_{0}, a_{1}, \ldots, a_{n}$ симнлекса $t^{n}$ таким образом, что каждая грань, $t_{r}=\left(a_{i_{0}}, \ldots, a_{i_{r}}\right)$ этого симплекса покрыта множествами $a_{i_{0}}, \ldots, A_{i_{r}}$, соответствующими ее вершинам, то существует точка, принадлежащая всем множествам $a_{0}, A_{1}, \ldots, A_{n}$. Установлена Э. Шпернером (см. [1]). Из Шii. л. следует, что Лебега размерность пространстьа $\mathbb{r}^{n}$ есть $n$. Iii. л. используется также для доказательства Брауәра теореж о неподвижной точке и об инвариантности области.

Jum.: [1] S per n e r E., &quot;abh. Math. Sem. Hamb.», 1928, Bd 6, S. 265-7:; [2] А лг е к с а н д р о в П. С., П а с ы нғ о в Б. А., Введение в теорию размерности..., М., 1973.

й. Г. Кочиевникова.</text>
  <text_orig>если покрытис замкнутого $n$-мерного симплекса $T^{n}$ состоит из $n+1$ замкнутых множеств $A_{0}, A_{1}, \ldots, A_{n}$, поставленных в соответствие вершинам $a_{0}, a_{1}, \ldots, a_{n}$ симнлекса $T^{n}$ таким образом, что каждая грань, $T_{r}=\left(a_{i_{0}}, \ldots, a_{i_{r}}\right)$ этого симплекса покрыта множествами $A_{i_{0}}, \ldots, A_{i_{r}}$, соответствующими ее вершинам, то существует точка, принадлежащая всем множествам $A_{0}, A_{1}, \ldots, A_{n}$. Установлена Э. Шпернером (см. [1]). Из ШII. л. следует, что Лебега размерность пространстьа $\mathbb{R}^{n}$ есть $n$. III. л. используется также для доказательства Брауәра теореж о неподвижной точке и об инвариантности области.

Jum.: [1] S per n e r E., &quot;Abh. Math. Sem. Hamb.», 1928, Bd 6, S. 265-7:; [2] А лг е к с а н д р о в П. С., П а с ы нғ о в Б. А., Введение в теорию размерности..., М., 1973.

й. Г. Кочиевникова.</text_orig>
</article>
