<?xml version="1.0" ?>
<article uri="http://libmeta.ru/me/article/1041_REZNAJa" alphabetic_pos="1041">
  <title>РЕЗНАЯ ПОВЕРХНОСТЬ</title>
  <authors/>
  <pages>
    <start>476</start>
    <end>476</end>
  </pages>
  <literature>
    <literature_orig/>
  </literature>
  <formulas_main/>
  <formulas_aux/>
  <relations n="0"/>
  <text>поверхность, образованная из ортогональных траекторий однопараметрич. семейства плоскостей. Р. п. имеет одно семейство плоских линий кривизны, к-рые одновременно являются для Р. п. геодезическими. Если семейство плоскостей вырождается в пучок, то Р. п. будет поверхностью вращения. Сечения Р. п. плоскостями семейства наз. м ер и д и а н а м и, а ортогональные траектории - п ар а л л е л я м и Р. П. Все меридианы конгруэнтыы, так что Р. п. можно образовать движением плоской линии $l$ (меридиана), плоскость к-рой катится без скольжения по нек-рой развертывающейся поверхности, называемой н а п р а в л я ю щ е й поверхностью Р. п. и являющейся одной из полостей ее әволюты. Если $\rho(s)$ - радиус-вектор одной параллели, то радиус-вектор Р. П. есть

\[
r=\rho(s)+\eta(v) p(s)+\zeta(v) q(s),
\]

где $p=v \cos \theta+\beta \sin \theta, q=-v \sin \theta+\beta \cos \theta, v-$ главная нормаль, $\beta$-бинормаль, $x$ - кручение кривой $\gamma$, a $\theta=-\int x d s$. Ее линейный элемент:

\[
d s^{2}=[1+k(\zeta \sin \theta-\eta \cos \theta)]^{2} d s^{2}+\left(\eta^{\prime 2}+\zeta^{\prime 2}\right) d v^{2}
\]
где $\eta(v), \zeta(v)$ - уравнения $\gamma$, а $k$ - кривизна.</text>
  <text_orig>поверхность, образованная из ортогональных траекторий однопараметрич. семейства плоскостей. Р. п. имеет одно семейство плоских линий кривизны, к-рые одновременно являются для Р. п. геодезическими. Если семейство плоскостей вырождается в пучок, то Р. п. будет поверхностью вращения. Сечения Р. п. плоскостями семейства наз. м ер и д и а н а м и, а ортогональные траектории - п ар а л л е л я м и Р. П. Все меридианы конгруэнтыы, так что Р. п. можно образовать движением плоской линии $L$ (меридиана), плоскость к-рой катится без скольжения по нек-рой развертывающейся поверхности, называемой н а п р а в л я ю щ е й поверхностью Р. п. и являющейся одной из полостей ее әволюты. Если $\rho(s)$ - радиус-вектор одной параллели, то радиус-вектор Р. П. есть

\[
r=\rho(s)+\eta(v) p(s)+\zeta(v) q(s),
\]

где $p=v \cos \theta+\beta \sin \theta, q=-v \sin \theta+\beta \cos \theta, v-$ главная нормаль, $\beta$-бинормаль, $x$ - кручение кривой $\Gamma$, a $\theta=-\int x d s$. Ее линейный элемент:

\[
d s^{2}=[1+k(\zeta \sin \theta-\eta \cos \theta)]^{2} d s^{2}+\left(\eta^{\prime 2}+\zeta^{\prime 2}\right) d v^{2}
\]
где $\eta(v), \zeta(v)$ - уравнения $\Gamma$, а $k$ - кривизна.</text_orig>
</article>
