<?xml version="1.0" ?>
<article uri="http://libmeta.ru/me/article/1041_GIL'BERTA" alphabetic_pos="1041">
  <title>ГИЛЬБЕРТА - IIМИДА ОПЕРАТОР</title>
  <authors/>
  <pages>
    <start>490</start>
    <end>490</end>
  </pages>
  <literature>
    <literature_orig/>
  </literature>
  <formulas_main/>
  <formulas_aux/>
  <relations n="0"/>
  <text>оператор $a$, действующий в гильбертовом пространстве $h$ такой, что для любого ортонормированного базиса $\left\{x_{i}\right\}$ в $h$ выполнено условие:

\[
\|A\|^{2}=\sum_{i}\left\|A x_{i}\right\|^{2}&lt;\infty
\]

(достаточно, однако, справедливости этого для нек-рого базиса). Г. - Ш. о. является компактньцм оператором, для $s$-чисел к-рого $s_{i}(a)$ и для собственных чисел $\lambda_{i}(a)$ имеет место:

\[
\sum_{i}\left|\lambda_{i}(A)\right|^{2} \leqslant \sum_{i} s_{i}^{2}(A)=\|A\|^{2}=\operatorname{tr}\left(A^{*} A\right)
\]

при этом $a * A$ оказывается ядернылм оператором (здесь $a^{*}$ - оператор, сопряженный к $a$, a tr $c$ - след оператора $c$ ). Совокупность всех Г.- Iii. о. пространства $a$ образует гильбертово пространство со скалярным произведением

\[
&lt;A, B&gt;=\operatorname{tr}\left(A B^{*}\right) \text {. }
\]

Если $r_{\lambda}(a)=(a-\lambda E)^{-1}-$ резольвента $a$, а

\[
\operatorname{det}_{2}(E-z A)=\prod_{i}\left(1-z \lambda_{i}(A)\right) e^{z \lambda_{i}(A)}
\]

- ero р е гуля ризов анны й х а ракте р ис тич е с кий оп р е д е ли те ль, то выполнено не р а вен с т во К а р л е ман а

$\left\|\operatorname{det}_{2}\left(e-\frac{1}{\lambda} A\right) R_{\lambda}(A)\right\| \leqslant|\lambda| \exp \left[\frac{1}{2}\left(1+\frac{\|A\|^{2}}{|\lambda|^{2}}\right)\right]$.

Типичный представитель Г.- Iii. о.- Гильберта Iiiмидта интегральный оператор (откуда и название).</text>
  <text_orig>оператор $A$, действующий в гильбертовом пространстве $H$ такой, что для любого ортонормированного базиса $\left\{x_{i}\right\}$ в $H$ выполнено условие:

\[
\|A\|^{2}=\sum_{i}\left\|A x_{i}\right\|^{2}&lt;\infty
\]

(достаточно, однако, справедливости этого для нек-рого базиса). Г. - Ш. о. является компактньцм оператором, для $s$-чисел к-рого $s_{i}(A)$ и для собственных чисел $\lambda_{i}(A)$ имеет место:

\[
\sum_{i}\left|\lambda_{i}(A)\right|^{2} \leqslant \sum_{i} s_{i}^{2}(A)=\|A\|^{2}=\operatorname{tr}\left(A^{*} A\right)
\]

при этом $A * A$ оказывается ядернылм оператором (здесь $A^{*}$ - оператор, сопряженный к $A$, a tr $C$ - след оператора $C$ ). Совокупность всех Г.- III. о. пространства $A$ образует гильбертово пространство со скалярным произведением

\[
&lt;A, B&gt;=\operatorname{tr}\left(A B^{*}\right) \text {. }
\]

Если $R_{\lambda}(A)=(A-\lambda E)^{-1}-$ резольвента $A$, а

\[
\operatorname{det}_{2}(E-z A)=\prod_{i}\left(1-z \lambda_{i}(A)\right) e^{z \lambda_{i}(A)}
\]

- ero р е гуля ризов анны й х а ракте р ис тич е с кий оп р е д е ли те ль, то выполнено не р а вен с т во К а р л е ман а

$\left\|\operatorname{det}_{2}\left(E-\frac{1}{\lambda} A\right) R_{\lambda}(A)\right\| \leqslant|\lambda| \exp \left[\frac{1}{2}\left(1+\frac{\|A\|^{2}}{|\lambda|^{2}}\right)\right]$.

Типичный представитель Г.- III. о.- Гильберта IIIмидта интегральный оператор (откуда и название).</text_orig>
</article>
