<?xml version="1.0" ?>
<article uri="http://libmeta.ru/me/article/1041_ІІREDINGERA" alphabetic_pos="1041">
  <title>ІІРЁДИНГЕРА ПРЕДСТАВЛЕНИЕ</title>
  <authors/>
  <pages>
    <start>450</start>
    <end>450</end>
  </pages>
  <literature>
    <literature_orig/>
  </literature>
  <formulas_main/>
  <formulas_aux/>
  <relations n="0"/>
  <text>одно из основных возможных (наряду с Гейзенберга представлением и взаимодействия представлением) әквивалентных представлений зависимости от времени $t$ операторов $a$ и волновых функций $\psi$ в квантовой механике и квантовой теориіи поля. В Iii. п. операторы $a_{s}$, соответствующие физич. динамич. величинам, не зависят от времени $t$, поэтому решение Iii рёдингера уравнения

\[
i \hbar \frac{\partial \psi(t)}{\partial t}=H \psi(t)
\]

можно записать с помощью не зависящей от $t$ Галильтона функции $h$ формально в виде

\[
\psi(t) \equiv \psi_{s}(t)=e^{-i \frac{H}{\hbar} t} \psi(0),
\]

где $\psi(0)$ не зависит от времени, а волновая функция в Iii. п. зависит от $t$ и содержит всю информацию об изменении состояния системы с течением $t$. Среднее значение оператора $a_{s}$ в Iii. П.

\[
\begin{gathered}
\bar{A} \equiv \overline{A_{S}}=\psi_{S}^{*}(t) A_{S} \psi_{S}(t)= \\
=\psi^{*}(0) e^{+i \frac{H}{\hbar} t} A_{S} e^{-i \frac{H}{\hbar} t} \psi(0)
\end{gathered}
\]

зависит от $t$ вследствие зависимости от $t$ волновых функций $\psi_{s}(t)$. $\bar{a}$ можно также понимать как среднее значение отератора $a_{h}$, зависящего от $t$, по волновым функциям $\psi_{h}$, не зависящим от $t$ :

$a_{h}(l)=e^{+i \frac{H}{\hbar} t} A_{S} e^{-i \frac{H}{\hbar} t} ; \psi_{H}=\psi(0)=e^{i \frac{H}{\hbar} t} \psi_{S}(t)$, (4) т. е. как среднее значение оператора в представлении Гейзенберга. Свойство инвариантности средних знаqений, к-рые должны быть наблюдаемыми и иметь тем самым физич. смысл, относительно унитарных преобразований типа (4) означает әквивалентность Ii. п. и представлений Гейзенберга и взаимодействия.

Iii. п. названо по имени Э. Iii рёдингера (e. Schrödinger'), к-рый ввел его в 1926, формулируя в квантовой механике уравнение, получившее впоследствии названис уравнения Шрёдингера.

В. Д. Кукин.</text>
  <text_orig>одно из основных возможных (наряду с Гейзенберга представлением и взаимодействия представлением) әквивалентных представлений зависимости от времени $t$ операторов $A$ и волновых функций $\psi$ в квантовой механике и квантовой теориіи поля. В III. п. операторы $A_{S}$, соответствующие физич. динамич. величинам, не зависят от времени $t$, поэтому решение III рёдингера уравнения

\[
i \hbar \frac{\partial \psi(t)}{\partial t}=H \psi(t)
\]

можно записать с помощью не зависящей от $t$ Галильтона функции $H$ формально в виде

\[
\psi(t) \equiv \psi_{s}(t)=e^{-i \frac{H}{\hbar} t} \psi(0),
\]

где $\psi(0)$ не зависит от времени, а волновая функция в III. п. зависит от $t$ и содержит всю информацию об изменении состояния системы с течением $t$. Среднее значение оператора $A_{S}$ в III. П.

\[
\begin{gathered}
\bar{A} \equiv \overline{A_{S}}=\psi_{S}^{*}(t) A_{S} \psi_{S}(t)= \\
=\psi^{*}(0) e^{+i \frac{H}{\hbar} t} A_{S} e^{-i \frac{H}{\hbar} t} \psi(0)
\end{gathered}
\]

зависит от $t$ вследствие зависимости от $t$ волновых функций $\psi_{S}(t)$. $\bar{A}$ можно также понимать как среднее значение отератора $A_{H}$, зависящего от $t$, по волновым функциям $\psi_{H}$, не зависящим от $t$ :

$A_{H}(l)=e^{+i \frac{H}{\hbar} t} A_{S} e^{-i \frac{H}{\hbar} t} ; \psi_{H}=\psi(0)=e^{i \frac{H}{\hbar} t} \psi_{S}(t)$, (4) т. е. как среднее значение оператора в представлении Гейзенберга. Свойство инвариантности средних знаqений, к-рые должны быть наблюдаемыми и иметь тем самым физич. смысл, относительно унитарных преобразований типа (4) означает әквивалентность II. п. и представлений Гейзенберга и взаимодействия.

III. п. названо по имени Э. III рёдингера (E. Schrödinger'), к-рый ввел его в 1926, формулируя в квантовой механике уравнение, получившее впоследствии названис уравнения Шрёдингера.

В. Д. Кукин.</text_orig>
</article>
