<?xml version="1.0" ?>
<article uri="http://libmeta.ru/me/article/1041_NORMAL'NAJa" alphabetic_pos="1041">
  <title>НОРМАЛЬНАЯ ПЛОСКОСТЬ</title>
  <authors/>
  <pages>
    <start>526</start>
    <end>527</end>
  </pages>
  <literature>
    <literature_orig/>
  </literature>
  <formulas_main/>
  <formulas_aux/>
  <relations n="0"/>
  <text>п р о с т р а н с тв е но о й к и во й в данно й е е точке $m-$ плоскость, проходящая через $m$ перпендикулярно к касательной прямой в той же точке. Н. п. содержит все нормали к кривой, проходящие через данную точку. Если кривая задана в прямоугольных координатах уравнениями

\[
x=f(t), \quad y=g(t), \quad z=h(t),
\]

то уравнение Н. П. в точке $m\left(x_{0}, y_{1,}, z_{0}\right)$, соотвстствующей значению $t_{0}$ параметра $t$, может быть записано в виде

\[
\left(x-x_{0}\right) \frac{d f\left(t_{0}\right)}{d t}+\left(y-y_{0}\right) \frac{d g\left(t_{0}\right)}{d t}+\left(z-z_{0}\right) \frac{d h\left(t_{0}\right)}{d t}=0 .
\]

Если уравнение кривой имеет вид $\boldsymbol{r}=\boldsymbol{r}(t)$, то уравнение H. п.:

\[
(\boldsymbol{R}-\boldsymbol{r}) \frac{d \boldsymbol{r}}{d t}=0
\]</text>
  <text_orig>п р о с т р а н с тв е но о й к и во й в данно й е е точке $M-$ плоскость, проходящая через $M$ перпендикулярно к касательной прямой в той же точке. Н. п. содержит все нормали к кривой, проходящие через данную точку. Если кривая задана в прямоугольных координатах уравнениями

\[
x=f(t), \quad y=g(t), \quad z=h(t),
\]

то уравнение Н. П. в точке $M\left(x_{0}, y_{1,}, z_{0}\right)$, соотвстствующей значению $t_{0}$ параметра $t$, может быть записано в виде

\[
\left(x-x_{0}\right) \frac{d f\left(t_{0}\right)}{d t}+\left(y-y_{0}\right) \frac{d g\left(t_{0}\right)}{d t}+\left(z-z_{0}\right) \frac{d h\left(t_{0}\right)}{d t}=0 .
\]

Если уравнение кривой имеет вид $\boldsymbol{r}=\boldsymbol{r}(t)$, то уравнение H. п.:

\[
(\boldsymbol{R}-\boldsymbol{r}) \frac{d \boldsymbol{r}}{d t}=0
\]</text_orig>
</article>
