<?xml version="1.0" ?>
<article uri="http://libmeta.ru/me/article/1042_IIIREDINGERA" alphabetic_pos="1042">
  <title>IIIРЁДИНГЕРА УРАВНЕНИЕ</title>
  <authors/>
  <pages>
    <start>450</start>
    <end>450</end>
  </pages>
  <literature>
    <literature_orig/>
  </literature>
  <formulas_main/>
  <formulas_aux/>
  <relations n="0"/>
  <text>основное уравнение квантовой механики, определяющее вместе с соответствующими дополнительными условиями волновую функцию $\psi(t, q)$, характеризующую состояние и микроскошич. свойства квантовой системы. Для нерелятивистской системы частиц без слина сформулировано Э. Iiiёдингером (e. Schrödinger, 1926). Оно имеет вид

\[
i \hbar \frac{\partial}{\partial t} \psi(t, q)=\widehat{H} \psi(t, q),
\]

где $h=\hat{h}(\hat{p}, \hat{r})$-оператор Гамильтона, образованный ио общему правилу: в классич. Функции Гамильтона $h(p, r)$ импульсы частид $p$ и их координаты $r$ заменены на пшераторы, имеющие, в частности, в координатном $\left(q=\boldsymbol{r}_{1}, \ldots, \boldsymbol{r}_{N}\right)$ и импульсном $\left(q=\boldsymbol{p}_{1}\right.$, $\ldots, \boldsymbol{p}_{N}$ ) представлениях соответствующий вид

\[
\begin{aligned}
\hat{\boldsymbol{p}}_{i}=\frac{\hbar}{i} \frac{\partial}{\partial \boldsymbol{r}_{i}}, \hat{\boldsymbol{r}}_{i} &amp; =\hat{\boldsymbol{r}}_{i} ; \hat{\boldsymbol{p}}_{i}=\boldsymbol{p}_{i}, \hat{\boldsymbol{r}}_{i}=-\frac{\hbar}{i} \frac{\partial}{\partial \boldsymbol{p}_{i}} ; \\
i &amp; =1, \ldots, N .
\end{aligned}
\]

Для заряженных частиц в әлектромагнитном поле, характеризуемом векторным потенциалом $\boldsymbol{a}(t, \boldsymbol{r})$, величина $\boldsymbol{p}$ заменяется на $\boldsymbol{p}+\frac{e}{c} \boldsymbol{A}(t, \boldsymbol{r})$. В этих представлениях Iii. у. представляет собой дифференциальнос уравнение с частными производными, напр. для частицы в поле $u(\boldsymbol{r})$

\[
i \hbar \frac{\partial}{\partial t} \psi(t, \boldsymbol{r})=-\frac{\hbar^{2}}{2 m} \Delta \psi(t, \boldsymbol{r})+U(\boldsymbol{r}) \psi(t, \boldsymbol{r}) .
\]

Возможны дискретные представления, в к-рых $\psi$-функция многокомпонентна, а оператор $\hat{h}$ имеет вид матрицы. Если волновая функция определена в пространстве чисел заполнения, то оператор $\hat{h}$ выражается с помощью определенных комбинаций операторов рождения и уничтожения (представление вторичного квантования).

Обобщение Iii. у. на случай нерелятивистской частицы со спином (двухкомпонентная функция $\psi(t, r)$ ) наз. у р а в н ен и е м П а у ли (1927), на случай релятивистской частицы со спином $1 / 2$ (четырехкомпонентная ұ-функция) - у р а в в е в и е м Д и р а к а (1928), на случай релятивистской бесспиновой частицы у р а в-

![](https://cdn.mathpix.com/cropped/2023_07_09_c953fcf4ecc4a4d8431bg-1.jpg?height=35&amp;width=806&amp;top_left_y=553&amp;top_left_x=986)
спином 1 ( -функция - вектор) - у р а в н е н и е м Ii р о к а $(1936)$ и т. Д.

Решение Iii. у. определяется в классе функций, удовлетворяющих условию нормировки $\left(\psi^{*}, \psi\right)=1$ при всех значениях $t$, где скобки означают интегрирование или суммирование по всем значениям переменных $q$. Для нахождения решения необходимо сформулировать начальные и граничные условия, соответствующие характеру рассматриваемой задачи. Наиболее характерные типы таких задач:

1) Стационарное Iii. у. и определение допустимых значений энергии системы. Полагая $\psi(t, q)=$ $=\varphi(q) \exp (-i E t / \hbar)$ и требуя в соответствии с условием нормировки и условием отсутствия потоков на бесконечности обращения в нуль волновой функции и еe градиентов при $|\boldsymbol{r}| \rightarrow \infty$, приходят к уравнению на собственные значения $e_{n}$ и собственные функции $\varphi_{n}$ оператора Гамильтона:

\[
E_{n} \varphi_{n}(q)=\hat{H} \varphi_{n}(q)
\]

Характерные примеры точного решения этой проблемы: собственные функции и уровни энергии для гармонич. осциллятора, атома водорода и т. Д.

2) Квантовомеханич. задача рассеяния. Iii. у. решается с граничными условиями, соответствующими на большом расстоянии от центра рассеяния (описываемого потенциалом $u(\boldsymbol{r}))$ падающей на него плоской и расходящейся от него сферич. волнам. С учетом такого граничного условия Iii. у. можно записать в виде интегрального уравнения, первая итерация к-рого по члену, содержащему $u(\boldsymbol{r})$, соответствует т. н. борновскому приближению. Это уравнение можно представить в виде формального решения, к-рое называют также у ра вн ен и е м Л и П п м ан а - Iii в. инг e p a.

3) Случаї, когда гамильтониан системы зависит от времени, $\quad H=H_{0}(p, r)+U(t, p, r), \quad$ обычно рассматривается в рамках временной теории возмущений. Это - теория квантовых переходов, определение реакции системы на внешнее возмущение (динамич. восприимчивость) и характеристик релаксационных процессов.

Для решения Iii. у. обычно используют приближенные методы, регулярные (различного типа төории возмущениї), вариационные и т. д.

Лum.j [1] Д а в ы д о в А. С., Квантовая механика, М., $1973 ;[2]$ Л а н д а у Л. Д., Л иф т и ц Е. М., Квантовая мех о в И. М., Ћ у к о в с к й й В. Ч., Квантовая механика, Н., в И. М., Ж У к о в с к и й В. Ч., Квантовая
М., 1979.</text>
  <text_orig>основное уравнение квантовой механики, определяющее вместе с соответствующими дополнительными условиями волновую функцию $\psi(t, q)$, характеризующую состояние и микроскошич. свойства квантовой системы. Для нерелятивистской системы частиц без слина сформулировано Э. IIIёдингером (E. Schrödinger, 1926). Оно имеет вид

\[
i \hbar \frac{\partial}{\partial t} \psi(t, q)=\widehat{H} \psi(t, q),
\]

где $H=\hat{H}(\hat{p}, \hat{r})$-оператор Гамильтона, образованный ио общему правилу: в классич. Функции Гамильтона $H(p, r)$ импульсы частид $p$ и их координаты $r$ заменены на пшераторы, имеющие, в частности, в координатном $\left(q=\boldsymbol{r}_{1}, \ldots, \boldsymbol{r}_{N}\right)$ и импульсном $\left(q=\boldsymbol{p}_{1}\right.$, $\ldots, \boldsymbol{p}_{N}$ ) представлениях соответствующий вид

\[
\begin{aligned}
\hat{\boldsymbol{p}}_{i}=\frac{\hbar}{i} \frac{\partial}{\partial \boldsymbol{r}_{i}}, \hat{\boldsymbol{r}}_{i} &amp; =\hat{\boldsymbol{r}}_{i} ; \hat{\boldsymbol{p}}_{i}=\boldsymbol{p}_{i}, \hat{\boldsymbol{r}}_{i}=-\frac{\hbar}{i} \frac{\partial}{\partial \boldsymbol{p}_{i}} ; \\
i &amp; =1, \ldots, N .
\end{aligned}
\]

Для заряженных частиц в әлектромагнитном поле, характеризуемом векторным потенциалом $\boldsymbol{A}(t, \boldsymbol{r})$, величина $\boldsymbol{p}$ заменяется на $\boldsymbol{p}+\frac{e}{c} \boldsymbol{A}(t, \boldsymbol{r})$. В этих представлениях III. у. представляет собой дифференциальнос уравнение с частными производными, напр. для частицы в поле $U(\boldsymbol{r})$

\[
i \hbar \frac{\partial}{\partial t} \psi(t, \boldsymbol{r})=-\frac{\hbar^{2}}{2 m} \Delta \psi(t, \boldsymbol{r})+U(\boldsymbol{r}) \psi(t, \boldsymbol{r}) .
\]

Возможны дискретные представления, в к-рых $\psi$-функция многокомпонентна, а оператор $\hat{H}$ имеет вид матрицы. Если волновая функция определена в пространстве чисел заполнения, то оператор $\hat{H}$ выражается с помощью определенных комбинаций операторов рождения и уничтожения (представление вторичного квантования).

Обобщение III. у. на случай нерелятивистской частицы со спином (двухкомпонентная функция $\psi(t, r)$ ) наз. у р а в н ен и е м П а у ли (1927), на случай релятивистской частицы со спином $1 / 2$ (четырехкомпонентная ұ-функция) - у р а в в е в и е м Д и р а к а (1928), на случай релятивистской бесспиновой частицы у р а в-

![](https://cdn.mathpix.com/cropped/2023_07_09_c953fcf4ecc4a4d8431bg-1.jpg?height=35&amp;width=806&amp;top_left_y=553&amp;top_left_x=986)
спином 1 ( -функция - вектор) - у р а в н е н и е м II р о к а $(1936)$ и т. Д.

Решение III. у. определяется в классе функций, удовлетворяющих условию нормировки $\left(\psi^{*}, \psi\right)=1$ при всех значениях $t$, где скобки означают интегрирование или суммирование по всем значениям переменных $q$. Для нахождения решения необходимо сформулировать начальные и граничные условия, соответствующие характеру рассматриваемой задачи. Наиболее характерные типы таких задач:

1) Стационарное III. у. и определение допустимых значений энергии системы. Полагая $\psi(t, q)=$ $=\varphi(q) \exp (-i E t / \hbar)$ и требуя в соответствии с условием нормировки и условием отсутствия потоков на бесконечности обращения в нуль волновой функции и еe градиентов при $|\boldsymbol{r}| \rightarrow \infty$, приходят к уравнению на собственные значения $E_{n}$ и собственные функции $\varphi_{n}$ оператора Гамильтона:

\[
E_{n} \varphi_{n}(q)=\hat{H} \varphi_{n}(q)
\]

Характерные примеры точного решения этой проблемы: собственные функции и уровни энергии для гармонич. осциллятора, атома водорода и т. Д.

2) Квантовомеханич. задача рассеяния. III. у. решается с граничными условиями, соответствующими на большом расстоянии от центра рассеяния (описываемого потенциалом $U(\boldsymbol{r}))$ падающей на него плоской и расходящейся от него сферич. волнам. С учетом такого граничного условия III. у. можно записать в виде интегрального уравнения, первая итерация к-рого по члену, содержащему $U(\boldsymbol{r})$, соответствует т. н. борновскому приближению. Это уравнение можно представить в виде формального решения, к-рое называют также у ра вн ен и е м Л и П п м ан а - III в. инг e p a.

3) Случаї, когда гамильтониан системы зависит от времени, $\quad H=H_{0}(p, r)+U(t, p, r), \quad$ обычно рассматривается в рамках временной теории возмущений. Это - теория квантовых переходов, определение реакции системы на внешнее возмущение (динамич. восприимчивость) и характеристик релаксационных процессов.

Для решения III. у. обычно используют приближенные методы, регулярные (различного типа төории возмущениї), вариационные и т. д.

Лum.j [1] Д а в ы д о в А. С., Квантовая механика, М., $1973 ;[2]$ Л а н д а у Л. Д., Л иф т и ц Е. М., Квантовая мех о в И. М., Ћ у к о в с к й й В. Ч., Квантовая механика, Н., в И. М., Ж У к о в с к и й В. Ч., Квантовая
М., 1979.</text_orig>
</article>
