<?xml version="1.0" ?>
<article uri="http://libmeta.ru/me/article/1043_IIIREERA" alphabetic_pos="1043">
  <title>IIIРЁЕРА СИСТЕМА</title>
  <authors/>
  <pages>
    <start>450</start>
    <end>451</end>
  </pages>
  <literature>
    <literature_orig/>
  </literature>
  <formulas_main/>
  <formulas_aux/>
  <relations n="0"/>
  <text>непустое подмножество свободной групшы $f$ с множеством образующих $s$, удовлетворяющее такому условию. Пусть элемент $g \neq 1$, принадлежащий Ii. с., представлен в виде редуцированного слова от образующих группы:

\[
g=S_{1}^{n_{1}} \ldots S_{k}^{n_{k}}
\] и пусть

\[
g^{\prime}= \begin{cases}g S_{k}, &amp; n_{k}&lt;0 \\ g S_{k}^{-1}, &amp; n_{k}&gt;0\end{cases}
\]

Тогда требуется, чтобы әлемент $g$ также принадлежал этой системе (әлемент $g^{\prime}$ можно представлять себе как редуцированное слово, полученное из $\mathrm{g}$ зачеркиванием его последней буквы). Элемент 1 принадлежит каждой Iil. $\mathbf{c}$.

Введена О. Iil рейером (o. Schreier) в 20-х гг., см. [1].

Лит.: [1] М а с с и у., С т о л л и н г с Д ж., Алгебраическая топология. Введение, пер. с англ., М., 1977. полво е многообрази е, - паракомпактное комплексное аналитическое многообразие $m$, обладающее следующими свойствами:

1) для любого компакта $k \subset M$ множество

\[
\left\{x \in X \| f(x)\left|\leqslant \sup _{z \in K}\right| f(z) \mid(f \in G(M))\right\},
\]

где $\sigma(m)$ - алгебра голоморфных функций на $m$, компактно (го ло мо рфвая в ы пу к лость);

2) для любых двух различных точек $x, y \in M$ существует такая функция $f \in G(M)$, что $f(x) \neq f(y)$ (го ломорфвая отделимость);

3) в окрестности любой точки существует голоморфная карта, координатные функции к-рой принадлежат $\sigma(m)$.

Условие голоморфной выпуклости можно заменить следующим: для любой последовательности точек $\left\{x_{n} \mid n=1\right.$, $2, \ldots\} \subset M$, не имеюшей предельных точек, существует такая фуунция $f \in G(M)$, что $\sup \left|f\left(x_{n}\right)\right|=\infty$.

Класс Iii. м. был введен в рассмотрение К. Штейном [1], как естественное обобщение голоморфиости областей в $\mathbb{c}^{n}$. Всякое замкнутое аналитич. Iодмногообразие в $\mathbb{c}^{n}$ является Iii. м.; обратно, любое $n$-мерное Iii. м. допускает собственное голоморфиое вложевие в $\mathbb{c}^{2 n}$. Всякая некомпактная риманова поверхность является Ш. м. Непосредственным обобщением Ш. м. являются Iii тейна пространства.

Jum.: [1] S t e i n K., &quot;math. Ann.», 1951, Bd 123, S. 201-22. См. также лит. при статье Штейна пространство.</text>
  <text_orig>непустое подмножество свободной групшы $F$ с множеством образующих $S$, удовлетворяющее такому условию. Пусть элемент $g \neq 1$, принадлежащий II. с., представлен в виде редуцированного слова от образующих группы:

\[
g=S_{1}^{n_{1}} \ldots S_{k}^{n_{k}}
\] и пусть

\[
g^{\prime}= \begin{cases}g S_{k}, &amp; n_{k}&lt;0 \\ g S_{k}^{-1}, &amp; n_{k}&gt;0\end{cases}
\]

Тогда требуется, чтобы әлемент $g$ также принадлежал этой системе (әлемент $g^{\prime}$ можно представлять себе как редуцированное слово, полученное из $\mathrm{g}$ зачеркиванием его последней буквы). Элемент 1 принадлежит каждой IIl. $\mathbf{c}$.

Введена О. IIl рейером (O. Schreier) в 20-х гг., см. [1].

Лит.: [1] М а с с и у., С т о л л и н г с Д ж., Алгебраическая топология. Введение, пер. с англ., М., 1977. полво е многообрази е, - паракомпактное комплексное аналитическое многообразие $M$, обладающее следующими свойствами:

1) для любого компакта $K \subset M$ множество

\[
\left\{x \in X \| f(x)\left|\leqslant \sup _{z \in K}\right| f(z) \mid(f \in G(M))\right\},
\]

где $\sigma(M)$ - алгебра голоморфных функций на $M$, компактно (го ло мо рфвая в ы пу к лость);

2) для любых двух различных точек $x, y \in M$ существует такая функция $f \in G(M)$, что $f(x) \neq f(y)$ (го ломорфвая отделимость);

3) в окрестности любой точки существует голоморфная карта, координатные функции к-рой принадлежат $\sigma(M)$.

Условие голоморфной выпуклости можно заменить следующим: для любой последовательности точек $\left\{x_{n} \mid n=1\right.$, $2, \ldots\} \subset M$, не имеюшей предельных точек, существует такая фуунция $f \in G(M)$, что $\sup \left|f\left(x_{n}\right)\right|=\infty$.

Класс III. м. был введен в рассмотрение К. Штейном [1], как естественное обобщение голоморфиости областей в $\mathbb{C}^{n}$. Всякое замкнутое аналитич. Iодмногообразие в $\mathbb{C}^{n}$ является III. м.; обратно, любое $n$-мерное III. м. допускает собственное голоморфиое вложевие в $\mathbb{C}^{2 n}$. Всякая некомпактная риманова поверхность является Ш. м. Непосредственным обобщением Ш. м. являются III тейна пространства.

Jum.: [1] S t e i n K., &quot;Math. Ann.», 1951, Bd 123, S. 201-22. См. также лит. при статье Штейна пространство.</text_orig>
</article>
