<?xml version="1.0" ?>
<article uri="http://libmeta.ru/me/article/1043_GILBBERTA" alphabetic_pos="1043">
  <title>ГИЛББЕРТА - ЭЙЛЕРА ПРОБЛЕМА</title>
  <authors/>
  <pages>
    <start>490</start>
    <end>490</end>
  </pages>
  <literature>
    <literature_orig/>
  </literature>
  <formulas_main/>
  <formulas_aux/>
  <relations n="0"/>
  <text>обобщение проблемы Гольдбаха - Эйлера (см. Гольдбаха проблема) о представимости всякого натурального четного числа $&gt;2$ в виде суммы двух простых.

П р о б лм а Гиль бе р т а - Й л е р а сформулирована Д. Гильбертом (d. Hilbert, см. [1], с. 38) как часть проблемы простых чисел (восьмой проблемы Гильберта). Именно, Д. Гильберт высказал гипотезу, что решение проблемы распределения простых чисел позволит решить как проблему Гольдбаха - Эйлера, так и более общую проблему о разрешимости в простых числах линейного диофантова уравнения

\[
a x+b y+c=0
\]

с данными целыми попарно взаимно простыми коэфффициентами.

Частным случаем Г. - Э. п. является проблема близнецов. Во всех частных случаях, кроме тривиальных, Г. - Э. П. (к 1977) не решена. См. Аддитивнье проблемы.

Лит.: [1] Проблемы Гильберта, М., 1969. С. М. Воронин.</text>
  <text_orig>обобщение проблемы Гольдбаха - Эйлера (см. Гольдбаха проблема) о представимости всякого натурального четного числа $&gt;2$ в виде суммы двух простых.

П р о б лм а Гиль бе р т а - Й л е р а сформулирована Д. Гильбертом (D. Hilbert, см. [1], с. 38) как часть проблемы простых чисел (восьмой проблемы Гильберта). Именно, Д. Гильберт высказал гипотезу, что решение проблемы распределения простых чисел позволит решить как проблему Гольдбаха - Эйлера, так и более общую проблему о разрешимости в простых числах линейного диофантова уравнения

\[
a x+b y+c=0
\]

с данными целыми попарно взаимно простыми коэфффициентами.

Частным случаем Г. - Э. п. является проблема близнецов. Во всех частных случаях, кроме тривиальных, Г. - Э. П. (к 1977) не решена. См. Аддитивнье проблемы.

Лит.: [1] Проблемы Гильберта, М., 1969. С. М. Воронин.</text_orig>
</article>
