<?xml version="1.0" ?>
<article uri="http://libmeta.ru/me/article/1043_KONEChNOMERNAJa" alphabetic_pos="1043">
  <title>КОНЕЧНОМЕРНАЯ АССОЦИАТИВНАЯ А.ІГЕБPA</title>
  <authors/>
  <pages>
    <start>512</start>
    <end>512</end>
  </pages>
  <literature>
    <literature_orig/>
  </literature>
  <formulas_main/>
  <formulas_aux/>
  <relations n="0"/>
  <text>ассоцгативное кольцо $a$, являющееся одновременно конечномерным векторным пространством над полем $f$, в к-ром выполняется следующее условие

\[
\alpha(a b)=(\alpha a) b=a(\alpha b)
\]

для всех $a, b \in A$ и $\alpha \in F$. Размерность $n=\operatorname{dim}_{f} A$ пространства $a$ над полем $f$ наз. размерностью алгебры $a$ над $f$. Принято также говорить, что алгебра $a$ является $n$-мерной. Всякая $n$-мерная ассоциативная алгебра $a$ над полем $f$ имеет точное представление матрицами по- рядка $n+1$ над $f$, т. е. существует изоморфизм алгебры $a$ на нек-рую подалгебру алгебры всех квадратных матрпц порядка $(n+1) \times(n+1)$ над $f$. Если, кроме того, алгебра $a$ содержіт едіницу, то она имеет точное представленіе матрицами порядка $n$ над $f$.

Пусть $e_{1}, \ldots, e_{n}-$ некоторый базiс векторного пространства $a$ над $f$ (он наз. также б а 3 и с о м а л г е бр Ы $a$ ) Iі

\[
e_{i} e_{j}=\sum_{k=1}^{n} \gamma_{i j}^{k} e_{k}, \gamma_{i j}^{k} \in F
\]

Элементы $\gamma_{i j}^{k}$, поля $f$ наз. с т р у к т у р ны м и ко нс т а т т а м а л ге б р ы $a$ в данном базисе. Онік образуют тензор третьего ранга в пространстве $a$.

О с н о в н е те о р м м о К. а. а. Радикал Джекобсона K. a. а. нильпотентен и, если основное поле сепарабельно, отщепляется полупрямым слагаемым (см. Веддерберна - Мальцева теорема). Полупростая К. а. а. над полем разлагается в прямую сумму магричных алгебр над теламі. Если основное поле $f$ алгебраiчески замкнуто, то полупростая $\mathbf{k}$. а. а. распадается в прямую суму матричных алгебр над $f$. Простые конечномерные алгебры исчерпываются полными матричнымı алгебрамі над теламі (т е о р е м а В е д д е рб е р н а). В частностіi, К. а. а. без делителей нуля оказывается телом. Над полем действительных чисел К. а. а. с делением (т. е. тела) исчерпываются следующими примерами: поле действительных чисел, поле комплексных чисел, тело кватернионов (т е о р е м а Ф p o 6 e н Ii у c a).

Многие из упомянутых структурных свойств К. а. а. пмеют место и в более широкіх классах нётеровых и артиновых колец (см., напр., Веддерберна-Артина теорема)

Лит.: [1] В а н д е р В а р д е н Б. Л., Алгебра, пер. с нем., M., 1976; [2] A I b e r t A. A., Structure of algebras, N. Y.,</text>
  <text_orig>ассоцгативное кольцо $A$, являющееся одновременно конечномерным векторным пространством над полем $F$, в к-ром выполняется следующее условие

\[
\alpha(a b)=(\alpha a) b=a(\alpha b)
\]

для всех $a, b \in A$ и $\alpha \in F$. Размерность $n=\operatorname{dim}_{F} A$ пространства $A$ над полем $F$ наз. размерностью алгебры $A$ над $F$. Принято также говорить, что алгебра $A$ является $n$-мерной. Всякая $n$-мерная ассоциативная алгебра $A$ над полем $F$ имеет точное представление матрицами по- рядка $n+1$ над $F$, т. е. существует изоморфизм алгебры $A$ на нек-рую подалгебру алгебры всех квадратных матрпц порядка $(n+1) \times(n+1)$ над $F$. Если, кроме того, алгебра $A$ содержіт едіницу, то она имеет точное представленіе матрицами порядка $n$ над $F$.

Пусть $e_{1}, \ldots, e_{n}-$ некоторый базIс векторного пространства $A$ над $F$ (он наз. также б а 3 и с о м а л г е бр Ы $A$ ) Iі

\[
e_{i} e_{j}=\sum_{k=1}^{n} \gamma_{i j}^{k} e_{k}, \gamma_{i j}^{k} \in F
\]

Элементы $\gamma_{i j}^{k}$, поля $F$ наз. с т р у к т у р ны м и ко нс т а т т а м а л ге б р ы $A$ в данном базисе. Онік образуют тензор третьего ранга в пространстве $A$.

О с н о в н е те о р м м о К. а. а. Радикал Джекобсона K. a. а. нильпотентен и, если основное поле сепарабельно, отщепляется полупрямым слагаемым (см. Веддерберна - Мальцева теорема). Полупростая К. а. а. над полем разлагается в прямую сумму магричных алгебр над теламі. Если основное поле $F$ алгебраIчески замкнуто, то полупростая $\mathbf{K}$. а. а. распадается в прямую суму матричных алгебр над $F$. Простые конечномерные алгебры исчерпываются полными матричнымı алгебрамі над теламі (т е о р е м а В е д д е рб е р н а). В частностіI, К. а. а. без делителей нуля оказывается телом. Над полем действительных чисел К. а. а. с делением (т. е. тела) исчерпываются следующими примерами: поле действительных чисел, поле комплексных чисел, тело кватернионов (т е о р е м а Ф p o 6 e н II у c a).

Многие из упомянутых структурных свойств К. а. а. пмеют место и в более широкіх классах нётеровых и артиновых колец (см., напр., Веддерберна-Артина теорема)

Лит.: [1] В а н д е р В а р д е н Б. Л., Алгебра, пер. с нем., M., 1976; [2] A I b e r t A. A., Structure of algebras, N. Y.,</text_orig>
</article>
