<?xml version="1.0" ?>
<article uri="http://libmeta.ru/me/article/1044_KONEChNOMERNOE" alphabetic_pos="1044">
  <title>КОНЕЧНОМЕРНОЕ ПРЕДСТАВЛЕНИЕ</title>
  <authors/>
  <pages>
    <start>512</start>
    <end>513</end>
  </pages>
  <literature>
    <literature_orig/>
  </literature>
  <formulas_main/>
  <formulas_aux/>
  <relations n="0"/>
  <text>Линейное представление топологич. группы в конечномерном векторном пространстве. Теория К. П. является одним из наиболее разработанных и важных разделов общей теории представлений групп. Неприводимое К. П. вполне неприводимо (см. Iiура лемма), но операторно неприводімое . п. может быть приводимым. Измеримое К. п. локально компактної группы совпадает локально почті всюду с нек-рым непрерывным $\mathfrak{k}$. П. Ограніченное $\nprec$. п. локально компактной группы эквивалентно унитарному представлению. Локально компактная группа, имеющая точное Ii. п., является группой Ли [7].

Унітарное К. П. есть прямая сумма неприводімых унитарных К. П. Пересечение ядер непрерывных гомоморфизмов топологич. группы $g$ совпадает с пересечением ядер непрıводимых унітарных К. П. группы $g$; еслі это множество содержіт лишь единичный элемент группы $g$, то группа $g$ допускает непрерывный мономорфизм в нек-рую компактную группу и группа $g$ наз. в л о і м о й в коміактную группу, Iлі м а к с I-

![](https://cdn.mathpix.com/cropped/2023_07_08_7d44ee4524e6d5620629g-1.jpg?height=35&amp;width=829&amp;top_left_y=1868&amp;top_left_x=990)
группой). Еслі $g$ - Мпп-группа, то семейство матричных элементов непріводимых унитарных Ii. П. группы $g$ разделяет точки группы $g$. Коммутативные и компактные группы являются Мпп-группамп; связная локально компактная группа тогда I только тогда является Мпп-группої, когда она есть прямое прогзведение связной компактной группы Ii группы $\mathbb{r}^{n}$ (см. [5]). Мпп-группа может иметь бесконечномериые неприводімые унитарные представленія і даже быть группой не типа 1. Для того чтобы любое непрерывное неприводимое унитарное представление локально компактной группы $g$ было К. П., необходимо I достаточно [8], чтобы группа $g$ являлась проективным пределом конечных распширениї групп $h$ віда $(k \cdot D) \times V$, где $k, D, V-$ замкнутые подгруппы группы $h$, причем группа $v$ изоморфна $\mathbb{r}^{n}, K$ - компактная группа, $d$ - дискретная группа, центральная в $h$; достаточно, чтобы факторгруппа группы $g$ по ее центру была компактна. Кроме того, для многих локально компактных групп (в частности, для некомпактных простых групп Ли) единственным неприводимым унитарным К. П. является единичное представление.

Неунитарные К. П. топологич. групп расклассифицированы (с точностью до эквивалентности) лишь для нек-рых групп, в частностіп для групп $\mathbb{r}$ и $\mathbb{z}$, где задача описания $\mathrm{k}$. п. репается приведением матрицы к жордановой форме Ii - в случае группы $\mathbb{r}$ - связана c теорией обыкновенных дифференциальных уравнений с постоянными коэфффициентами, так как пространство решений такого уравнения является конечномерным инвариантным подпространством регулярного представления группы $\mathbb{r}$ в пространстве непрерывных функций на $\mathbb{r}$. Кроме того, известны К. П. связных полупростых групп Ли. А именно, К. п. таких групп являются прямыми суммами неприводимых К. П., к-рые описываются следующим образом. Если $g$ - полупростая комплексная группа Ји, $u-$ ее максимальная компактная подгруппа, то любое непрерывное неприводимое унитарное представление $\pi$ группы $u$ в пространстве $e$ может быть продолжено: 1) до неприводимого представления $\pi^{g}$ группы $g$ в $e$, матричные элементы к-рого являются аналитич. функциями на $g$; 2) до неприводимого представления группы $\vec{\pi} G$ группы $g$, матричные әлементы к-рого комплексно сопряжены аналитич. функциями на $g$; представления $\pi^{g}$ и $\bar{\pi}^{g}$ определяются представлением $\pi$ однозначно. Тензорное произведение $\pi_{1}^{g} \bigotimes \bar{\pi}_{2}^{G}$ является неприводимым К. п. группы $g$ для любых неприводимых унитарных К. п. $\pi_{1}, \pi_{2}$ группы $g$, и любое неприводимое К. п. группы $g$ эквивалентно одному из представлений вида $\pi_{1}^{g} \bar{\pi}_{2}^{G}$. Описание К. п. односвязной связной комплексной полупростой группы Ли может быть дано также в терминах әкспонент К. п. ее алгебры Ли, а также с помощью Гаусca разложения $g \supset Z-D Z+$ группы $g:$ пусть $\alpha-$ такая непрерывная функция на $g$, что $\alpha\left(z_{-} \delta z_{+}\right)=\alpha(\delta)$ для всех $z_{-} \in Z_{-}, \delta \in D, z_{+} \in Z_{+}$, и пусть линейная оболочка Ф $\phi_{\alpha}$ функций $g \rightarrow \alpha\left(g g_{0}\right), g_{0} \in G$ конечномерна; тогда формула $\left[t_{\alpha}\left(g_{0}\right) f\right](g)=f\left(g g_{0}\right), g, g_{0} \in G, f \in \Phi_{\alpha}$, определяет неприводимое $\kappa$. П. группы $g$, и все неприводимые K. п. группы $g$ могут быть получены таким образом. Если $g$ - действительная полупростая группа Ли, имеющая комплексную форму $g^{\mathbb{c}}$, то любое неприводимое К. п. группы $g$ является сужением на $g$ нек-рого однозначно определенного неприводимого К. П. группы $g^{\mathbb{c}}$, матричные элементы к-рого аналитичны на $g^{\mathbb{c}}$ (так что теория К. П. полупростых связных групп Ли по существу сводится к теории представлений компактных групп Ли). К. П. любой группы Ли является действительно аналитическим; если $g-$ односвязная группа Ли, то между $\kappa$. п. группы $g$ и ее алгебры Ли существует взаимно однозначное соответствие (сопоставляющее представлению группы Ли его дифференциал; обратное соответствие сопоставляет представлению алгебры Ли его экспоненту). Но классификация К. п. произвольных групп Ли далека (1978) от полного решения даже для частных случаев групп $\mathbb{r} n, n \geqslant 2$, как и для групп $\mathbb{z}^{n}, n \geqslant 2$ (см. [6]). С другой стороны, неприводимые К. П. $\pi$ связной группы Ли $g$ известны [2]: они имеют вид $\pi=\chi \otimes \pi_{0}$, где $\chi-$ одномерное представление группы $g$ (т. е. фактически - ее коммутативной факторгруппы по коммутанту), а $\pi_{0}-К$. П. полупростой факторгруппы группы $g$ по максимальному связному разрешимому нормальному делителю группы $g$ (см. Леви-Мальчева разложение). Лuт.: [1] К и р и л л о в А. А., Элементы теории представлений, М., 1972; [2] Ж е л о б е н к о Д. П., Компактные группы Ли и их представления, М., 1970; [3] Н а й м а р к М. А., Теория представлений групп, м., 1976; [4] Д и к с м в е Ж., В е й л ь А.; Интегрирование в топологических группах и его применения, пер. с франц.. М., 1950; [6] Г е л ьф а н д И. М., П о н о м а p ё в В. А., &quot;фуннциональный анализ и его приме-

![](https://cdn.mathpix.com/cropped/2023_07_08_2f2f756626b8f6be9e89g-1.jpg?height=42&amp;width=828&amp;top_left_y=370&amp;top_left_x=990)
А. И., &quot;матем сб.», 1973 , т. 90 , № 1, с. 86-95. А. И. Штерн.</text>
  <text_orig>ЛИНеЙНое представление топологич. группы в конечномерном векторном пространстве. Теория К. П. является одним из наиболее разработанных и важных разделов общей теории представлений групп. Неприводимое К. П. вполне неприводимо (см. IIура лемма), но операторно неприводімое . п. может быть приводимым. Измеримое К. п. локально компактної группы совпадает локально почті всюду с нек-рым непрерывным $\mathfrak{K}$. П. Ограніченное $\nprec$. п. локально компактной группы эквивалентно унитарному представлению. Локально компактная группа, имеющая точное Ii. п., является группой Ли [7].

Унітарное К. П. есть прямая сумма неприводімых унитарных К. П. Пересечение ядер непрерывных гомоморфизмов топологич. группы $G$ совпадает с пересечением ядер непрıводимых унітарных К. П. группы $G$; еслі это множество содержіт лишь единичный элемент группы $G$, то группа $G$ допускает непрерывный мономорфизм в нек-рую компактную группу и группа $G$ наз. в л о і м о й в коміактную группу, Iлі м а к с I-

![](https://cdn.mathpix.com/cropped/2023_07_08_7d44ee4524e6d5620629g-1.jpg?height=35&amp;width=829&amp;top_left_y=1868&amp;top_left_x=990)
группой). Еслі $G$ - МПП-группа, то семейство матричных элементов непріводимых унитарных Ii. П. группы $G$ разделяет точки группы $G$. Коммутативные и компактные группы являются МПП-группамп; связная локально компактная группа тогда I только тогда является МПП-группої, когда она есть прямое прогзведение связной компактной группы II группы $\mathbb{R}^{n}$ (см. [5]). МПП-группа может иметь бесконечномериые неприводімые унитарные представленія і даже быть группой не типа 1. Для того чтобы любое непрерывное неприводимое унитарное представление локально компактной группы $G$ было К. П., необходимо I достаточно [8], чтобы группа $G$ являлась проективным пределом конечных распширениї групп $H$ віда $(K \cdot D) \times V$, где $K, D, V-$ замкнутые подгруппы группы $H$, причем группа $V$ изоморфна $\mathbb{R}^{n}, K$ - компактная группа, $D$ - дискретная группа, центральная в $H$; достаточно, чтобы факторгруппа группы $G$ по ее центру была компактна. Кроме того, для многих локально компактных групп (в частности, для некомпактных простых групп Ли) единственным неприводимым унитарным К. П. является единичное представление.

Неунитарные К. П. топологич. групп расклассифицированы (с точностью до эквивалентности) лишь для нек-рых групп, в частностіп для групп $\mathbb{R}$ и $\mathbb{Z}$, где задача описания $\mathrm{K}$. п. репается приведением матрицы к жордановой форме II - в случае группы $\mathbb{R}$ - связана c теорией обыкновенных дифференциальных уравнений с постоянными коэфффициентами, так как пространство решений такого уравнения является конечномерным инвариантным подпространством регулярного представления группы $\mathbb{R}$ в пространстве непрерывных функций на $\mathbb{R}$. Кроме того, известны К. П. связных полупростых групп Ли. А именно, К. п. таких групп являются прямыми суммами неприводимых К. П., к-рые описываются следующим образом. Если $G$ - полупростая комплексная группа Ји, $U-$ ее максимальная компактная подгруппа, то любое непрерывное неприводимое унитарное представление $\pi$ группы $U$ в пространстве $E$ может быть продолжено: 1) до неприводимого представления $\pi^{G}$ группы $G$ в $E$, матричные элементы к-рого являются аналитич. функциями на $G$; 2) до неприводимого представления группы $\vec{\pi} G$ группы $G$, матричные әлементы к-рого комплексно сопряжены аналитич. функциями на $G$; представления $\pi^{G}$ и $\bar{\pi}^{G}$ определяются представлением $\pi$ однозначно. Тензорное произведение $\pi_{1}^{G} \bigotimes \bar{\pi}_{2}^{G}$ является неприводимым К. п. группы $G$ для любых неприводимых унитарных К. п. $\pi_{1}, \pi_{2}$ группы $G$, и любое неприводимое К. п. группы $G$ эквивалентно одному из представлений вида $\pi_{1}^{G} \bar{\pi}_{2}^{G}$. Описание К. п. односвязной связной комплексной полупростой группы Ли может быть дано также в терминах әкспонент К. п. ее алгебры Ли, а также с помощью Гаусca разложения $G \supset Z-D Z+$ группы $G:$ пусть $\alpha-$ такая непрерывная функция на $G$, что $\alpha\left(z_{-} \delta z_{+}\right)=\alpha(\delta)$ для всех $z_{-} \in Z_{-}, \delta \in D, z_{+} \in Z_{+}$, и пусть линейная оболочка Ф $\Phi_{\alpha}$ функций $g \rightarrow \alpha\left(g g_{0}\right), g_{0} \in G$ конечномерна; тогда формула $\left[T_{\alpha}\left(g_{0}\right) f\right](g)=f\left(g g_{0}\right), g, g_{0} \in G, f \in \Phi_{\alpha}$, определяет неприводимое $\kappa$. П. группы $G$, и все неприводимые K. п. группы $G$ могут быть получены таким образом. Если $G$ - действительная полупростая группа Ли, имеющая комплексную форму $G^{\mathbb{C}}$, то любое неприводимое К. п. группы $G$ является сужением на $G$ нек-рого однозначно определенного неприводимого К. П. группы $G^{\mathbb{C}}$, матричные элементы к-рого аналитичны на $G^{\mathbb{C}}$ (так что теория К. П. полупростых связных групп Ли по существу сводится к теории представлений компактных групп Ли). К. П. любой группы Ли является действительно аналитическим; если $G-$ односвязная группа Ли, то между $\kappa$. п. группы $G$ и ее алгебры Ли существует взаимно однозначное соответствие (сопоставляющее представлению группы Ли его дифференциал; обратное соответствие сопоставляет представлению алгебры Ли его экспоненту). Но классификация К. п. произвольных групп Ли далека (1978) от полного решения даже для частных случаев групп $\mathbb{R} n, n \geqslant 2$, как и для групп $\mathbb{Z}^{n}, n \geqslant 2$ (см. [6]). С другой стороны, неприводимые К. П. $\pi$ связной группы Ли $G$ известны [2]: они имеют вид $\pi=\chi \otimes \pi_{0}$, где $\chi-$ одномерное представление группы $G$ (т. е. фактически - ее коммутативной факторгруппы по коммутанту), а $\pi_{0}-К$. П. полупростой факторгруппы группы $G$ по максимальному связному разрешимому нормальному делителю группы $G$ (см. Леви-Мальчева разложение). Лuт.: [1] К и р и л л о в А. А., Элементы теории представлений, М., 1972; [2] Ж е л о б е н к о Д. П., Компактные группы Ли и их представления, М., 1970; [3] Н а й м а р к М. А., Теория представлений групп, м., 1976; [4] Д и к с м в е Ж., В е й л ь А.; Интегрирование в топологических группах и его применения, пер. с франц.. М., 1950; [6] Г е л ьф а н д И. М., П о н о м а p ё в В. А., &quot;Фуннциональный анализ и его приме-

![](https://cdn.mathpix.com/cropped/2023_07_08_2f2f756626b8f6be9e89g-1.jpg?height=42&amp;width=828&amp;top_left_y=370&amp;top_left_x=990)
А. И., &quot;Матем сб.», 1973 , т. 90 , № 1, с. 86-95. А. И. Штерн.</text_orig>
</article>
