<?xml version="1.0" ?>
<article uri="http://libmeta.ru/me/article/1044_RE3ONAN" alphabetic_pos="1044">
  <title>РЕ3ОНАНC</title>
  <authors/>
  <pages>
    <start>477</start>
    <end>477</end>
  </pages>
  <literature>
    <literature_orig/>
  </literature>
  <formulas_main/>
  <formulas_aux/>
  <relations n="0"/>
  <text>вынужденных колебаний при приближении частоты внешнего воздействия к одной из частот собственных колебаний динамич. системы. Явление Р. имеет наиболее простой характер в линейной динамич. системе. Дифференциальное уравнение движения линейной системы с одной степенью свободы в среде с вязким трением при гармонич. воздействии имеет вид

\[
a \ddot{q}+b \dot{q}+c q=H \sin (p t+\delta)
\]

где $q$ - обобщенная координата; $a, b, c$ - постоянные параметры, характеризующие систему; $h, p, \delta-$ соответственно амплитуда, частота, начальная фаза внешнего воздействия. Установившиеся вынужденные колебания происходят по гармонич. закону с частотой $p$ и амплитудой

\[
D=\frac{H}{a \sqrt{\left(k^{2}-p^{2}\right)^{2}+\frac{b^{2}}{a^{2}} p^{2}}},
\]

где $k=\sqrt{c / a}$-частота собственных колебаний при отсутствии рассеивания энергии $(b=0)$. Амплитуда $d$ имеет максимальное значение при $\frac{p}{k}=\sqrt{1-\frac{b^{2}}{2 a c}}$ и при малом рассеивании энергии близка к ее значению при $p=k$. Принято называть $\mathrm{p}$ е 3 о н а н с о м тот случай, когда $p=k$. Если $b=0$, то при $p=k$ амплитуда вынужденных колебаний возрастает пропорционально времени.

Если линейная система имеет $n$ степеней свободы, то Р. наступает при совпадении частоты внешней силы с одной из собственных частот системы. При негармонич. воздействии Р. может иметь место лишь при совпадении частот его гармонич. спектра с частотами собственных колебаний.

Лum.: [1] С т р е л к о в С. П., Введение в теорию</text>
  <text_orig>вынужденных колебаний при приближении частоты внешнего воздействия к одной из частот собственных колебаний динамич. системы. Явление Р. имеет наиболее простой характер в линейной динамич. системе. Дифференциальное уравнение движения линейной системы с одной степенью свободы в среде с вязким трением при гармонич. воздействии имеет вид

\[
a \ddot{q}+b \dot{q}+c q=H \sin (p t+\delta)
\]

где $q$ - обобщенная координата; $a, b, c$ - постоянные параметры, характеризующие систему; $H, p, \delta-$ соответственно амплитуда, частота, начальная фаза внешнего воздействия. Установившиеся вынужденные колебания происходят по гармонич. закону с частотой $p$ и амплитудой

\[
D=\frac{H}{a \sqrt{\left(k^{2}-p^{2}\right)^{2}+\frac{b^{2}}{a^{2}} p^{2}}},
\]

где $k=\sqrt{c / a}$-частота собственных колебаний при отсутствии рассеивания энергии $(b=0)$. Амплитуда $D$ имеет максимальное значение при $\frac{p}{k}=\sqrt{1-\frac{b^{2}}{2 a c}}$ и при малом рассеивании энергии близка к ее значению при $p=k$. Принято называть $\mathrm{p}$ е 3 о н а н с о м тот случай, когда $p=k$. Если $b=0$, то при $p=k$ амплитуда вынужденных колебаний возрастает пропорционально времени.

Если линейная система имеет $n$ степеней свободы, то Р. наступает при совпадении частоты внешней силы с одной из собственных частот системы. При негармонич. воздействии Р. может иметь место лишь при совпадении частот его гармонич. спектра с частотами собственных колебаний.

Лum.: [1] С т р е л к о в С. П., Введение в теорию</text_orig>
</article>
