<?xml version="1.0" ?>
<article uri="http://libmeta.ru/me/article/1045_GILBBERTOVA" alphabetic_pos="1045">
  <title>ГИЛББЕРТОВА АЛГЕБРА</title>
  <authors/>
  <pages>
    <start>490</start>
    <end>490</end>
  </pages>
  <literature>
    <literature_orig/>
  </literature>
  <formulas_main/>
  <formulas_aux/>
  <relations n="0"/>
  <text>алгебра $a$ с инволюцией над полем комплексных чисел, снабженная невырожденным скалярным произведением (|), причем выполняются следующие аксиомы: 1) $(x \mid y)=\left(y^{*} \mid x^{*}\right)$ для всех $x, y \in A ; 2)(x y \mid z)=\left(y \mid x^{*} z\right)$ для всех $x, y, z \in A$; 3) для всех $x \in A$ отображение $y \rightarrow x y$ пространства $a$ в $a$ непрерывно; 4) множество элементов вида $x y$, $x, y \in A$, всюду плотно в $a$. Примерами гильбертовых алгебр являются алгебры $l^{2}(g)$ (относительно свертки), где $g$ - компактная топологич. группа,и алгебра операторов Гильберта - Iмидта в данном гильбертовом пространстве.

Пусть $a-\Gamma$. а., $h$ - гильбертово пространство- пополнение $a, U_{x}$ и $v_{x}$ - элементы алгебры ограниченных линейных операторов в $h$, являющиеся продолжениями по непрерывности умножений слева и справа на $x$ в $a$. Отображение $x \rightarrow U_{x}$ (соответственно $x \rightarrow V_{x}$ ) есть невырожденное представление алгебры $a$ (соответственно алгебры с инволюцией, противоюоложной $a$ ) в гильбертовом пространстве $h$. Слабое замыкание семейства операторов $u_{x}$ (соответственно $v$ ) является а л г е б р о й $\mathrm{h}$ е й м а н а в $h$; она наз. левой (соответственно правой) алгеброй Неймана данной Г. а. $a$ и обозначается $u(a)$ (соответственно $v(a)) ; \quad U(A)$ и $v(a)$ являются коммутантами друг друга; это - полуконечные алгебры Неймана. Любая Г. а. однозначно определяет нек-рый точный нормальный полуконечный след на алгебре Неймана $u(a) ;$ обратно, если дана алгебра Неймана $\mathfrak{a}$ и точный нормальный полуконечный след на $\mathfrak{y}$, то можно построить $\gamma$. а. такую, что левая алгебра Неймана этой $\gamma$. а.

![](https://cdn.mathpix.com/cropped/2023_07_08_70fd4688a86eff876c39g-1.jpg?height=37&amp;width=829&amp;top_left_y=1465&amp;top_left_x=992)
падает с исходным (см. [1]). Таким образом, Г. а. является средством изучения полуконечных алгебр Неймана и следов на них; нек-рое обобщение понятия Г. а. позволяет изучать аналогичными средствами не обязательно полуконечные алгебры Неймана (см. [2]).

Jum.: [1] D i x m i e r J., Les algèbres d'opérateurs dans l'espace hilbertien, 2 ed., P., 1969 ; [2] T a k e s a k i M., Tomita's theory of modular Hilbert algebras and its applications, B.,
1970 .
A. Н. Шiерн.</text>
  <text_orig>алгебра $A$ с инволюцией над полем комплексных чисел, снабженная невырожденным скалярным произведением (|), причем выполняются следующие аксиомы: 1) $(x \mid y)=\left(y^{*} \mid x^{*}\right)$ для всех $x, y \in A ; 2)(x y \mid z)=\left(y \mid x^{*} z\right)$ для всех $x, y, z \in A$; 3) для всех $x \in A$ отображение $y \rightarrow x y$ пространства $A$ в $A$ непрерывно; 4) множество элементов вида $x y$, $x, y \in A$, всюду плотно в $A$. Примерами гильбертовых алгебр являются алгебры $L^{2}(G)$ (относительно свертки), где $G$ - компактная топологич. группа,и алгебра операторов Гильберта - Iмидта в данном гильбертовом пространстве.

Пусть $A-\Gamma$. а., $H$ - гильбертово пространство- пополнение $A, U_{x}$ и $V_{x}$ - элементы алгебры ограниченных линейных операторов в $H$, являющиеся продолжениями по непрерывности умножений слева и справа на $x$ в $A$. Отображение $x \rightarrow U_{x}$ (соответственно $x \rightarrow V_{x}$ ) есть невырожденное представление алгебры $A$ (соответственно алгебры с инволюцией, противоюоложной $A$ ) в гильбертовом пространстве $H$. Слабое замыкание семейства операторов $U_{x}$ (соответственно $V$ ) является а л г е б р о й $\mathrm{H}$ е й м а н а в $H$; она наз. левой (соответственно правой) алгеброй Неймана данной Г. а. $A$ и обозначается $U(A)$ (соответственно $V(A)) ; \quad U(A)$ и $V(A)$ являются коммутантами друг друга; это - полуконечные алгебры Неймана. Любая Г. а. однозначно определяет нек-рый точный нормальный полуконечный след на алгебре Неймана $U(A) ;$ обратно, если дана алгебра Неймана $\mathfrak{A}$ и точный нормальный полуконечный след на $\mathfrak{Y}$, то можно построить $\Gamma$. а. такую, что левая алгебра Неймана этой $\Gamma$. а.

![](https://cdn.mathpix.com/cropped/2023_07_08_70fd4688a86eff876c39g-1.jpg?height=37&amp;width=829&amp;top_left_y=1465&amp;top_left_x=992)
падает с исходным (см. [1]). Таким образом, Г. а. является средством изучения полуконечных алгебр Неймана и следов на них; нек-рое обобщение понятия Г. а. позволяет изучать аналогичными средствами не обязательно полуконечные алгебры Неймана (см. [2]).

Jum.: [1] D i x m i e r J., Les algèbres d'opérateurs dans l'espace hilbertien, 2 ed., P., 1969 ; [2] T a k e s a k i M., Tomita's theory of modular Hilbert algebras and its applications, B.,
1970 .
A. Н. ШIерн.</text_orig>
</article>
