<?xml version="1.0" ?>
<article uri="http://libmeta.ru/me/article/1045_IITEJNERA" alphabetic_pos="1045">
  <title>IIТЕЙНЕРА КРИВАЯ</title>
  <authors/>
  <pages>
    <start>451</start>
    <end>452</end>
  </pages>
  <literature>
    <literature_orig/>
  </literature>
  <formulas_main/>
  <formulas_aux/>
  <relations n="0"/>
  <text>плоская алгебраич. кривая 4-го порядка, к-рая описывается точкой окружности радиуса $r$, катящейся по окружности радиуса $r=3 r$ I имеющей $c$ ней внутреннсе касание; гипоциклоида $\mathrm{c}$

![](https://cdn.mathpix.com/cropped/2023_07_09_5887137c9a908cc885e0g-1.jpg?height=403&amp;width=394&amp;top_left_y=250&amp;top_left_x=133)
модулем $m=3$. У равнение Iii. к. в декартовых прямоугольных координатах: $\left(x^{2}+y^{2}\right)^{2}+8 r x\left(3 y^{2}-x^{2}\right)+$ $+18 r^{2}\left(x^{2}+y^{2}\right)-27 r^{4}=0$.

Имеются три точки возврата (см. рис.). Длина дуги от точки $a$ :

\[
l=\frac{16}{3} r \sin ^{2} \frac{t}{4} .
\]

Длина всей кривої $16 r$. Радиус кривизны $r_{k}=8 r \sin \frac{t}{2}$. Iiлощадь, ограниченная кривой, $s=2 \pi r^{2}$.

Кривая исследовалась Я. Штеӥнером (j. Sleiner).</text>
  <text_orig>плоская алгебраич. кривая 4-го порядка, к-рая описывается точкой окружности радиуса $r$, катящейся по окружности радиуса $R=3 r$ I имеющей $c$ ней внутреннсе касание; гипоциклоида $\mathrm{c}$

![](https://cdn.mathpix.com/cropped/2023_07_09_5887137c9a908cc885e0g-1.jpg?height=403&amp;width=394&amp;top_left_y=250&amp;top_left_x=133)
модулем $m=3$. У равнение III. к. в декартовых прямоугольных координатах: $\left(x^{2}+y^{2}\right)^{2}+8 r x\left(3 y^{2}-x^{2}\right)+$ $+18 r^{2}\left(x^{2}+y^{2}\right)-27 r^{4}=0$.

Имеются три точки возврата (см. рис.). Длина дуги от точки $A$ :

\[
l=\frac{16}{3} r \sin ^{2} \frac{t}{4} .
\]

Длина всей кривої $16 r$. Радиус кривизны $r_{k}=8 r \sin \frac{t}{2}$. IIлощадь, ограниченная кривой, $S=2 \pi r^{2}$.

Кривая исследовалась Я. Штеӥнером (J. Sleiner).</text_orig>
</article>
