<?xml version="1.0" ?>
<article uri="http://libmeta.ru/me/article/1046_IIITEJNRA" alphabetic_pos="1046">
  <title>IIITEЙНРА СИСТЕМА</title>
  <authors/>
  <pages>
    <start>452</start>
    <end>452</end>
  </pages>
  <literature>
    <literature_orig/>
  </literature>
  <formulas_main/>
  <formulas_aux/>
  <relations n="0"/>
  <text>пара $(v, B)$, гце $v-$ конечное множество из $v$ әлементов, а $b$ - совокупность $k$-подмножеств множества $v$ (называемых 6 л ок а м и) такая, что каждое $t$-подмножество множества $v$ содержится точно в оцном блоке множества $b(t&lt;k)$. Число $v$ наз. по р я д к о м Iii. с. $s(t, k, v)$. Iii. с. является частным слутаем блок-схемы, а также тан- $^{-}$ тической конбигурации. Iii. с. с $t=2$ является уравновешенной неполной блок-схемой (вiв-схемоӥ), а при $v=s^{2}+s+1, \quad k=s+1-$ конечної проективної плоскостью. Необходимым условием существования Ші. с. $s(t, k, v)$ пвляется условие того, что число

\[
\left(\begin{array}{l}
v-s \\
t-s
\end{array}\right) /\left(\begin{array}{l}
k-s \\
t-s
\end{array}\right)
\]

должно быть целым при всех таких $s$, что $0 \leqslant s&lt;t$. Доказана достаточность этого условия ири $(k, t)=(3,2)$, $(4,2),(5,2),(4,3)(\mathrm{cm} .[3],[4])$.

В 1844 У. Вулхаус (w. Woolhouse) поставил проблему существования Iii. с., а П. Киркман (р. Kirkman) в 1847 решил ее для $k=3$ (с и с т е м ы т р о е к Iii т е й н е р a). В 1853 ศ. Штейнер (j. Stciner, [1]) рассмотрел $s(t, t-\{-1, v)$.

Для Iii. с. обычно рассматриваются задачи: 1) определения максимального тисла погарно неидоморфных Iii. с. данного порядка $v$; 2) существования Iii. с. с заданной групшой автоморфихизов; 3) вложения частитных Iii. с. (не содержащих нек-рых $t$-подмножеств $v)$ в конечнуіо Iii. с.; 4) существования разрепимых Iii. с. (с $b$, представимой как объединение разбиениї $v$ ); 5) максимальної упаковки (минимального покрытия) полного множества $k$-подмножкеств $v$ погарно не пересекающимися $s(t, k, v)$ (с помощью Iii. с.).

Большинство результатов по Iii. с. относятся к небольшим значениям $k$ и $t$ (см. [2] - [4]).

Jum.: [1] S t e in e r J., «j. reine und angew. Math.», 1853, Bd 45, S. 181-82; [2] X о лі М М., Комбитаторика, пер. с англ., M., $1970 ;$ [3] L i n d e r C. C., R o s a A., «discrete Math,&quot;, \begin{tabular}{l} 
p. $255-369$. \\
\hline Б. Т. Румов
\end{tabular}</text>
  <text_orig>пара $(V, B)$, гце $V-$ конечное множество из $v$ әлементов, а $B$ - совокупность $k$-подмножеств множества $V$ (называемых 6 л ок а м и) такая, что каждое $t$-подмножество множества $V$ содержится точно в оцном блоке множества $B(t&lt;k)$. Число $v$ наз. по р я д к о м III. с. $S(t, k, v)$. III. с. является частным слутаем блок-схемы, а также тан- $^{-}$ тической конбигурации. III. с. с $t=2$ является уравновешенной неполной блок-схемой (ВIВ-схемоӥ), а при $v=s^{2}+s+1, \quad k=s+1-$ конечної проективної плоскостью. Необходимым условием существования Ші. с. $S(t, k, v)$ пвляется условие того, что число

\[
\left(\begin{array}{l}
v-s \\
t-s
\end{array}\right) /\left(\begin{array}{l}
k-s \\
t-s
\end{array}\right)
\]

должно быть целым при всех таких $s$, что $0 \leqslant s&lt;t$. Доказана достаточность этого условия ири $(k, t)=(3,2)$, $(4,2),(5,2),(4,3)(\mathrm{cm} .[3],[4])$.

В 1844 У. Вулхаус (W. Woolhouse) поставил проблему существования III. с., а П. Киркман (Р. Kirkman) в 1847 решил ее для $k=3$ (с и с т е м ы т р о е к III т е й н е р a). В 1853 ศ. Штейнер (J. Stciner, [1]) рассмотрел $S(t, t-\{-1, v)$.

Для III. с. обычно рассматриваются задачи: 1) определения максимального тисла погарно неидоморфных III. с. данного порядка $v$; 2) существования III. с. с заданной групшой автоморфихизов; 3) вложения частитных III. с. (не содержащих нек-рых $t$-подмножеств $V)$ в конечнуіо III. с.; 4) существования разрепимых III. с. (с $B$, представимой как объединение разбиениї $V$ ); 5) максимальної упаковки (минимального покрытия) полного множества $k$-подмножкеств $V$ погарно не пересекающимися $S(t, k, v)$ (с помощью III. с.).

Большинство результатов по III. с. относятся к небольшим значениям $k$ и $t$ (см. [2] - [4]).

Jum.: [1] S t e in e r J., «J. reine und angew. Math.», 1853, Bd 45, S. 181-82; [2] X о лі М М., Комбитаторика, пер. с англ., M., $1970 ;$ [3] L i n d e r C. C., R o s a A., «Discrete Math,&quot;, \begin{tabular}{l} 
p. $255-369$. \\
\hline Б. Т. Румов
\end{tabular}</text_orig>
</article>
