<?xml version="1.0" ?>
<article uri="http://libmeta.ru/me/article/1046_KONEChNOSTROChNYI" alphabetic_pos="1046">
  <title>КОНЕЧНОСТРОЧНЫИ МЕТОД СУММИРОВАНИЯ</title>
  <authors/>
  <pages>
    <start>514</start>
    <end>514</end>
  </pages>
  <literature>
    <literature_orig/>
  </literature>
  <formulas_main/>
  <formulas_aux/>
  <relations n="0"/>
  <text>матричный метод суммирования, определенный конечнострочной матрıцей - матрıцей, каждая строка к-рой содержит только конечное число отличных от нуля элементов. Важным частным случаем Ir. м. с. являются треугольные методы су.ммирования.

Для любого регулярного матрічного метода суммирования последовательностей можно построить К. м. с. равносільныї и совместныї̈ (см. Включение методов суммирования іi Совместность методов суммирования) с нгм на множестве огрангченных последовательностей (см. [3]). Однако существуют регулярыы матричные методы суммированія, для к-рых нет равносильных ફ.. м. с. на множестве всех последовательностей (пример см. [4]).

лит.: [1] $\mathbf{x}$ а $\mathbf{p}$ д и Г., Расходящиеся ряды, пер. с англ., м., 1951 ; [2] К у к P., Бесконечные матрицы и пространства последовательностей, пер. с англ., М., 1960; [3] Б р у д н о А. Л., &quot; i a n G., &quot;proc. Amer. Math. Soc.&quot;, 1950, v. 1, p. 397-401.</text>
  <text_orig>матричный метод суммирования, определенный конечнострочной матрıцей - матрıцей, каждая строка к-рой содержит только конечное число отличных от нуля элементов. Важным частным случаем IR. м. с. являются треугольные методы су.ммирования.

Для любого регулярного матрічного метода суммирования последовательностей можно построить К. м. с. равносільныї и совместныї̈ (см. Включение методов суммирования іI Совместность методов суммирования) с нгм на множестве огрангченных последовательностей (см. [3]). Однако существуют регулярыы матричные методы суммированія, для к-рых нет равносильных ફ.. м. с. на множестве всех последовательностей (пример см. [4]).

лит.: [1] $\mathbf{x}$ а $\mathbf{p}$ д и Г., Расходящиеся ряды, пер. с англ., м., 1951 ; [2] К у к P., Бесконечные матрицы и пространства последовательностей, пер. с англ., М., 1960; [3] Б р у д н о А. Л., &quot; i a n G., &quot;Proc. Amer. Math. Soc.&quot;, 1950, v. 1, p. 397-401.</text_orig>
</article>
