<?xml version="1.0" ?>
<article uri="http://libmeta.ru/me/article/1047_NORMAL'NAJa" alphabetic_pos="1047">
  <title>НОРМАЛЬНАЯ СХЕМА</title>
  <authors/>
  <pages>
    <start>527</start>
    <end>527</end>
  </pages>
  <literature>
    <literature_orig/>
  </literature>
  <formulas_main/>
  <formulas_aux/>
  <relations n="0"/>
  <text>схема, все локалыные кольца к-рой являются н о р м а л Б Н м и к о л ьц а м I (т. е. приведенными и целозамкнутыми в полном кольце частных). Н. с. локалыно неприводима; для такой схемы понятпя связной и неприводимой компоненты совпадают. Мшожество особых точек нётеровой Н. с. имеет коразмерность, бо́льшую 1. Имеется следующй̈ к р и т е р й й $о$ р м а л ь н о с т и [1]: нётерова схема $x$ нормальна тогда и только тогда, когда выполняются два условия: 1) для любой точки $x \in X$ коразмерности $\leqslant 1$ локальное кольцо $o_{x}, x$ регулярно; 2) для любой точки $x \in X$ коразмерности $&gt;1$ глубина кольпа $o_{x, x}$ больше 1. Для любой приведенной схемы $x$ существует канонически свлзанная с ней H. с. $x^{h}$ (н о р м а л и з а и я). $x$-схема $x$ является целой, хотя и не всегда конечной над $x$. Однако если схема $\boldsymbol{x}$ превосходная (см. Піревосходное кольцо), напр. если $x$ схема конечного типа над полем, то $x$ Н является конечной над $\boldsymbol{x}$.

![](https://cdn.mathpix.com/cropped/2023_07_08_b696bbc6b7a835bcc8fag-1.jpg?height=47&amp;width=836&amp;top_left_y=1455&amp;top_left_x=118)
с. Н-93.</text>
  <text_orig>схема, все локалыные кольца к-рой являются н о р м а л Б Н м и к о л ьц а м I (т. е. приведенными и целозамкнутыми в полном кольце частных). Н. с. локалыно неприводима; для такой схемы понятпя связной и неприводимой компоненты совпадают. Мшожество особых точек нётеровой Н. с. имеет коразмерность, бо́льшую 1. Имеется следующй̈ к р и т е р й й $о$ р м а л ь н о с т и [1]: нётерова схема $X$ нормальна тогда и только тогда, когда выполняются два условия: 1) для любой точки $x \in X$ коразмерности $\leqslant 1$ локальное кольцо $O_{X}, x$ регулярно; 2) для любой точки $x \in X$ коразмерности $&gt;1$ глубина кольпа $O_{X, x}$ больше 1. Для любой приведенной схемы $X$ существует канонически свлзанная с ней H. с. $X^{H}$ (н о р м а л и з а и я). $X$-схема $X$ является целой, хотя и не всегда конечной над $X$. Однако если схема $\boldsymbol{X}$ превосходная (см. Піревосходное кольцо), напр. если $X$ схема конечного типа над полем, то $X$ Н является конечной над $\boldsymbol{X}$.

![](https://cdn.mathpix.com/cropped/2023_07_08_b696bbc6b7a835bcc8fag-1.jpg?height=47&amp;width=836&amp;top_left_y=1455&amp;top_left_x=118)
с. Н-93.</text_orig>
</article>
