<?xml version="1.0" ?>
<article uri="http://libmeta.ru/me/article/1047_KONEChNYH" alphabetic_pos="1047">
  <title>КОНЕЧНЫХ ПРИРАЩЕНИЙ ФОРМУЛА</title>
  <authors/>
  <pages>
    <start>514</start>
    <end>514</end>
  </pages>
  <literature>
    <literature_orig/>
  </literature>
  <formulas_main/>
  <formulas_aux/>
  <relations n="0"/>
  <text>Ф 0 рм у ла к о н е ч ны ж а,- формула, выражающая пргращение функции через значение пропзводной в промежуточной точке. Еслiг функция $f$ непрерывна на отрезке $[a, b]$ числовой оси I диффференцируема в его внутренних точках, тогда

\[
f(b)-f(a)=f^{\prime}(\xi)(b-a), \quad a&lt;\xi&lt;b .
\]

F. п. ф. записывают также в виде

\[
f(x+\Delta x)-f(x)=f^{\prime}(x+\theta \Delta x) \Delta x, \quad a&lt;\theta&lt;1 .
\]

Геометрич. смысл К. П. ф.: для хорды графика функциi $f$ с концамі в точках $(a, f(a)),(b, f(b))$ существует такая точка $\xi, a&lt;\xi&lt;b$, что касательная к графику функциi в точке $(\xi, f(\xi))$ параллельна указанной хорде (см. pic.).

K. п. ф. обобщается на функцігі многих переменных: если функция $f$ діфференцируема в каждой точке вы-

![](https://cdn.mathpix.com/cropped/2023_07_08_43a9da4d46c1d7c8440bg-1.jpg?height=486&amp;width=541&amp;top_left_y=496&amp;top_left_x=1131)

пуклої областіг $g$-мерного евклидова пространства, то для каждой пары точек $x=\left(x_{1}, \ldots, x_{n}\right) \in G, x+\Delta x=$ $=\left(x_{1}+\delta x_{1}, \ldots, x_{n}+\Delta x_{n}\right) \in G$ существует такая точка $\xi=\left(\xi_{1}, \ldots, \xi_{n}\right)$, лежащая на отрезке с концами в точках $x$ Ii $x+\delta x$, что

\[
f(x+\Delta x)-f(x)=\sum_{i=1}^{n} \frac{\partial f(\xi)}{\partial x_{i}} \Delta x_{i}
\]

Л. Д. Кудрявчев.</text>
  <text_orig>Ф 0 рм у ла к о н е ч ны ж а,- формула, выражающая пргращение функции через значение пропзводной в промежуточной точке. ЕслIг функция $f$ непрерывна на отрезке $[a, b]$ числовой оси I диффференцируема в его внутренних точках, тогда

\[
f(b)-f(a)=f^{\prime}(\xi)(b-a), \quad a&lt;\xi&lt;b .
\]

F. п. ф. записывают также в виде

\[
f(x+\Delta x)-f(x)=f^{\prime}(x+\theta \Delta x) \Delta x, \quad a&lt;\theta&lt;1 .
\]

Геометрич. смысл К. П. ф.: для хорды графика функциI $f$ с концамі в точках $(a, f(a)),(b, f(b))$ существует такая точка $\xi, a&lt;\xi&lt;b$, что касательная к графику функциI в точке $(\xi, f(\xi))$ параллельна указанной хорде (см. pic.).

K. п. ф. обобщается на функцігі многих переменных: если функция $f$ діфференцируема в каждой точке вы-

![](https://cdn.mathpix.com/cropped/2023_07_08_43a9da4d46c1d7c8440bg-1.jpg?height=486&amp;width=541&amp;top_left_y=496&amp;top_left_x=1131)

пуклої областіг $G$-мерного евклидова пространства, то для каждой пары точек $x=\left(x_{1}, \ldots, x_{n}\right) \in G, x+\Delta x=$ $=\left(x_{1}+\Delta x_{1}, \ldots, x_{n}+\Delta x_{n}\right) \in G$ существует такая точка $\xi=\left(\xi_{1}, \ldots, \xi_{n}\right)$, лежащая на отрезке с концами в точках $x$ II $x+\Delta x$, что

\[
f(x+\Delta x)-f(x)=\sum_{i=1}^{n} \frac{\partial f(\xi)}{\partial x_{i}} \Delta x_{i}
\]

Л. Д. Кудрявчев.</text_orig>
</article>
