<?xml version="1.0" ?>
<article uri="http://libmeta.ru/me/article/1047_NOJ" alphabetic_pos="1047">
  <title>НОЙ МЕТРИКОЙ</title>
  <authors/>
  <pages>
    <start>494</start>
    <end>495</end>
  </pages>
  <literature>
    <literature_orig/>
  </literature>
  <formulas_main/>
  <formulas_aux/>
  <relations n="0"/>
  <text>аильбертово пространство $e$ над полем комплексных чисел, снабженное непрерывной билинейной (точнее полуторалинейной) формой $g$, к-рая, вообще говоря, не является положительно определенной. Форму $g$ часто наз. $g-\mathrm{м}$ е т р и к о й. Наиболее важным частным случаем Г. п. с и. м. является так наз. $j$-п р о с т р а н с т в о: $\gamma$. П. с и. м., в к-ром форма $g$ определяется нек-рой әрмитовой инволюцией $j$ в $e$ по формуле $g(x, y)=(J x, y)$. В этом случае форма $g$ обозначается также буквой $j$ и наз. $j$-м е т р и- к о й. Инволюция $j$ допускает представление в виде $\boldsymbol{j}=\boldsymbol{p}_{+}-\boldsymbol{P}_{-}$, где $\boldsymbol{p}_{+}, \boldsymbol{P}_{-}-$ортогональные проекторы в $e$, й $p_{+}+p_{-}=I$; число $x=\min \left(\operatorname{dim} P_{+}, \operatorname{dim} P_{-}\right)$ наз. р а нго м инд е фин и т н о с т и $j$-метрики или $j$-пространства. Если $x&lt;+\infty$, то $г$. П. с и. м. $(e, J)$ наз. Понтрясина пространством $\pi_{x}$; см. также Пространство с индефјинитной метрикой.

Два $\gamma$. П. с и. м. $(e, G)$ и $\left(e_{1}, G_{1}\right)$ наз. м е т р ич е ски эк в и в а лнтным и, если существует линейный гомеоморфизм $u$ гильбертова пространства $e$ на пространство $e_{1}$, переводящий форму $g$ в форму $g_{1}$. $g$-метрика, порождаемая обратимым әрмитовым оператором $g$ по формуле $g(x, y)=(G x, y)$, наз. р е г ул я р н о й; после введения нового скалярного произведения, метрически әквивалентного старому, регулярная $g$-метрика становится $j$-метрикой. Каждое $\gamma$. П. с и. м. с эрмитовой формой $g$ может быть $g$-изометрически (т. е. с сохранением формы $g$ ) погружено в нек-рое $j$-пространство [2], [3].

Главные направления в теории Г. П. с и. м. - те же, что и в общих пространствах с индефинитной метрикой, но со значительным уклоном в спектральную теорию. Геометрия Г. П. с и. м. существенно богаче, чем у общих пространств с индефинитной метрикой. Так, в случае $j$-пространств имеется әффективное описание максимальных подпространств $l$ среди всех неотрицательных (неположительных, нейтральных): это те $l$, для к-рых $p_{+} L=P_{+} E$ (соответственно $p_{-} L=$ $=p_{-} E$; выполнено хотя бы одно из этих равенств). Отсгода - аналог закона инерциі квадратичных форм: если $e=l_{+}+l_{-}-$канонич. разложение $j$-пространства в сумму семидефинитных подпространств, то $\operatorname{dim} L_{ \pm}=\operatorname{dim} P_{ \pm} E$. Подпространство $l$ является максимальным неотрицательным тогда іи только тогда, когда $l$ имеет угловой оператор $k$ относительно $e_{+}$, т. е. $l=$ $=\left\{x+k x: x \in E_{+}\right\}$, и $\|k\| \leqslant 1$.

B $j$-пространствах развита теория базисов, к-рая помогает изучать геометрию Г. П. с и. м., а также операторы в них $j-о р$ т о о ор м и р о в а н ны й б аз и с $j$-пространства $(e, J)$ есть базис в гильбертовом пространстве $e$, удовлетворяющий условиям $\left(j e_{k}\right.$, $\left.e_{n}\right)= \pm \delta_{k n} ; \kappa, n=1,2, \ldots$ Для того чтобы $j$-ортонормированная последовательность пространства $e$, необходимо и достаточно, чтобы $e=$ $=m_{+}+m_{-}$, где $m_{ \pm}-$замкнутая линейная оболочка векторов $\left\{e_{k}:\left(j e_{k}, e_{k}\right)= \pm 1\right\}$. Если £-J-ортонормированный базис в $e$, то разложение $e=m_{+}+m_{-}$есть канонич. разложение $j$-пространства $e$. Большую группу геометрич. задач в Г. п. с і. м., возникающих в теории операторов в этих пространствах, состав.пяют вопросы, связанные со структурой и свойствами так наз. д у а льны $\gamma$. п. с и. м. $(e, J)$, т. е. таких пар $n, P$ подпространств в $e$, что $n$ и $\boldsymbol{p}$ взаимно $j$-ортогональны, причем $n$-неположительное, а $p$ - неотрицательное подпространства. Дуальная пара наз. м а к с и м а л ьн о й, если $n$ и $p$ - максимальные семидефинитные подпространства.

Теория операторов в Г. п. с и. м. Метрика $g$ сцитается эрмитовой и невырожденной, а встречающиеся операторы - плотно заданными. Пусть для оператора $t$ с областью определения $d_{t}$ определен $g$-сопряженный оператор $t^{c}$ равенством

\[
G(T x, y)=G\left(x, T{ }^{c} y\right), \quad x \in D_{T}, \quad y \in D_{T^{c \bullet}}
\]

При этом $t^{c}=g^{-1} T^{*} G$ и

\[
D_{T^{c}}=G^{-1}\left\{G E \cap T^{*-1}(T E \cap G E)\right\} .
\]

Оператор $t^{t}$ наз. $g$-с а м о с о пр я ж е н ны м, если $t=t c$, и $g$-с и м м е т р и ч ны м, если $g(t x, y)=$ $=g(x, T y) ; \quad x, \quad y \in D_{T}$ Корневые подпространства (линеалы) $l_{\lambda}(t)$ и $l_{\mu}(t), \lambda \neq \bar{\mu}, G$-симметричного оператора $t$-ортогональны; в частности, если $\lambda \neq \bar{\lambda}$, то $l_{\lambda}(t)$ - нейтральное подпространство (линеал).

Если $g-$ регулярная метрика, то спектр $\sigma(t)$ $g$-самосопряженного оператора $t$ симметричен относительно действительной оси; если - не регулярная, то это, вообще говоря, не так. $j$-самосопряженность оператора $t$ равносильна самосопряженности $j T$. Если $\zeta, \bar{\zeta} \in \sigma(T)$, то Кәли преобразование $u=(t-\overline{\zeta I}) \times$ $\times(t-\zeta I)^{-1}$ есть $j-$ уни т а р н ый о п е р а т о р, т. е. такой, что $u J U^{*}=U^{*} J U=J$. Спектр $u$ симметричен относительно окружности $\dot{s}=\{\lambda \in \mathbb{C}:|\lambda|=1\}$.

Начиная с работы Ј. С. Понтрягина [1], основным вопросом теории является вопрос о существовании семидефинитных инвариантных подпространств. Пусть $t$ - ограниченный оператор в $j$-пространстве $e$ и $(j T x, T x) \geqslant 0$ при $(j x, x) \geqslant 0, x \in E$ (так наз. п л ю со п е р а т о р); если $p_{+} T P_{-}-$вполне непрерывный оператор, то существует максимальное неотрицательное $t$-инвариантное подпространство $l$. Этот результат приложим, в частности, к $j$-унитарным операторам $u$ в пространствах $\pi_{\varkappa}$, где он служит основой так наз. ме то д а д е фин и з а ц и и - построения операторного полинсма $p(u)$, переводящего $e$ в семидефинитное подпространство. Этот прием позволяет получать, напр., аналоги обычного спектрального разложения для $j$-унитарных и $j$-самосопряженных операторов в пространствах $\pi_{\varkappa}$.

Теория операторов в Г. п. с и. м. существенно используется в теории канонич. систем обыкновенных дифференциальных уравнений; напр., критерий устойчивости для таких уравнений следующим образом записывается в терминах оператора монодромии $u$ : для этого необходимо и достаточно, чтобы существовала максимальная $u$-инвариантная дуальная пара подпространств. Другой основной потребитель описанной теории - спектральная теория квадратичных операторных пучков, важная во многих задачах математич. физики.

О теории представлений в Г. п. с и. м. см. [4].

Лum.: [1] П о н т р я г и н Л. С., «изв. Ан Ссср. Сер. матем.&quot;, 1944, т. 8 , с. $243-80 ;$ [2] Гин з б у р г Ю. П., И о х-

![](https://cdn.mathpix.com/cropped/2023_07_08_c9dfc2a4896ae4fdb21eg-1.jpg?height=39&amp;width=831&amp;top_left_y=1479&amp;top_left_x=120)
1971 , т. 26 , в. 4 , с. $43-92 ;$; [ ] н а й м а р к М. А., Й с а гил о в Р. С., Итоги науки. Математический анализ. 1968, М., 1969 , с. $73-105 ;$ [5] Функциональный анал

![](https://cdn.mathpix.com/cropped/2023_07_08_c9dfc2a4896ae4fdb21eg-1.jpg?height=35&amp;width=816&amp;top_left_y=1595&amp;top_left_x=133)</text>
  <text_orig>аильбертово пространство $E$ над полем комплексных чисел, снабженное непрерывной билинейной (точнее полуторалинейной) формой $G$, к-рая, вообще говоря, не является положительно определенной. Форму $G$ часто наз. $G-\mathrm{м}$ е т р и к о й. Наиболее важным частным случаем Г. п. с и. м. является так наз. $J$-п р о с т р а н с т в о: $\Gamma$. П. с и. м., в к-ром форма $G$ определяется нек-рой әрмитовой инволюцией $J$ в $E$ по формуле $G(x, y)=(J x, y)$. В этом случае форма $G$ обозначается также буквой $J$ и наз. $J$-м е т р и- к о й. Инволюция $J$ допускает представление в виде $\boldsymbol{J}=\boldsymbol{P}_{+}-\boldsymbol{P}_{-}$, где $\boldsymbol{P}_{+}, \boldsymbol{P}_{-}-$ортогональные проекторы в $E$, й $P_{+}+P_{-}=I$; число $x=\min \left(\operatorname{dim} P_{+}, \operatorname{dim} P_{-}\right)$ наз. р а нго м инд е фин и т н о с т и $J$-метрики или $J$-пространства. Если $x&lt;+\infty$, то $Г$. П. с и. м. $(E, J)$ наз. Понтрясина пространством $\Pi_{x}$; см. также Пространство с индефјинитной метрикой.

Два $\Gamma$. П. с и. м. $(E, G)$ и $\left(E_{1}, G_{1}\right)$ наз. м е т р ич е ски эк в и в а лнтным и, если существует линейный гомеоморфизм $U$ гильбертова пространства $E$ на пространство $E_{1}$, переводящий форму $G$ в форму $G_{1}$. $G$-метрика, порождаемая обратимым әрмитовым оператором $G$ по формуле $G(x, y)=(G x, y)$, наз. р е г ул я р н о й; после введения нового скалярного произведения, метрически әквивалентного старому, регулярная $G$-метрика становится $J$-метрикой. Каждое $\Gamma$. П. с и. м. с эрмитовой формой $G$ может быть $G$-изометрически (т. е. с сохранением формы $G$ ) погружено в нек-рое $J$-пространство [2], [3].

Главные направления в теории Г. П. с и. м. - те же, что и в общих пространствах с индефинитной метрикой, но со значительным уклоном в спектральную теорию. Геометрия Г. П. с и. м. существенно богаче, чем у общих пространств с индефинитной метрикой. Так, в случае $J$-пространств имеется әффективное описание максимальных подпространств $L$ среди всех неотрицательных (неположительных, нейтральных): это те $L$, для к-рых $P_{+} L=P_{+} E$ (соответственно $P_{-} L=$ $=P_{-} E$; выполнено хотя бы одно из этих равенств). Отсгода - аналог закона инерциі квадратичных форм: если $E=L_{+}+L_{-}-$канонич. разложение $J$-пространства в сумму семидефинитных подпространств, то $\operatorname{dim} L_{ \pm}=\operatorname{dim} P_{ \pm} E$. Подпространство $L$ является максимальным неотрицательным тогда іи только тогда, когда $L$ имеет угловой оператор $K$ относительно $E_{+}$, т. е. $L=$ $=\left\{x+K x: x \in E_{+}\right\}$, и $\|K\| \leqslant 1$.

B $J$-пространствах развита теория базисов, к-рая помогает изучать геометрию Г. П. с и. м., а также операторы в них $J-о р$ т о о ор м и р о в а н ны й б аз и с $J$-пространства $(E, J)$ есть базис в гильбертовом пространстве $E$, удовлетворяющий условиям $\left(J e_{k}\right.$, $\left.e_{n}\right)= \pm \delta_{k n} ; \kappa, n=1,2, \ldots$ Для того чтобы $J$-ортонормированная последовательность пространства $E$, необходимо и достаточно, чтобы $E=$ $=M_{+}+M_{-}$, где $M_{ \pm}-$замкнутая линейная оболочка векторов $\left\{e_{k}:\left(J e_{k}, e_{k}\right)= \pm 1\right\}$. Если £-J-ортонормированный базис в $E$, то разложение $E=M_{+}+M_{-}$есть канонич. разложение $J$-пространства $E$. Большую группу геометрич. задач в Г. п. с і. м., возникающих в теории операторов в этих пространствах, состав.пяют вопросы, связанные со структурой и свойствами так наз. д у а льны $\Gamma$. п. с и. м. $(E, J)$, т. е. таких пар $N, P$ подпространств в $E$, что $N$ и $\boldsymbol{P}$ взаимно $J$-ортогональны, причем $N$-неположительное, а $P$ - неотрицательное подпространства. Дуальная пара наз. м а к с и м а л ьн о й, если $N$ и $P$ - максимальные семидефинитные подпространства.

Теория операторов в Г. п. с и. м. Метрика $G$ сцитается эрмитовой и невырожденной, а встречающиеся операторы - плотно заданными. Пусть для оператора $T$ с областью определения $D_{T}$ определен $G$-сопряженный оператор $T^{c}$ равенством

\[
G(T x, y)=G\left(x, T{ }^{c} y\right), \quad x \in D_{T}, \quad y \in D_{T^{c \bullet}}
\]

При этом $T^{c}=G^{-1} T^{*} G$ и

\[
D_{T^{c}}=G^{-1}\left\{G E \cap T^{*-1}(T E \cap G E)\right\} .
\]

Оператор $T^{T}$ наз. $G$-с а м о с о пр я ж е н ны м, если $T=T c$, и $G$-с и м м е т р и ч ны м, если $G(T x, y)=$ $=G(x, T y) ; \quad x, \quad y \in D_{T}$ Корневые подпространства (линеалы) $L_{\lambda}(T)$ и $L_{\mu}(T), \lambda \neq \bar{\mu}, G$-симметричного оператора $T$-ортогональны; в частности, если $\lambda \neq \bar{\lambda}$, то $L_{\lambda}(T)$ - нейтральное подпространство (линеал).

Если $G-$ регулярная метрика, то спектр $\sigma(T)$ $G$-самосопряженного оператора $T$ симметричен относительно действительной оси; если - не регулярная, то это, вообще говоря, не так. $J$-самосопряженность оператора $T$ равносильна самосопряженности $J T$. Если $\zeta, \bar{\zeta} \in \sigma(T)$, то Кәли преобразование $U=(T-\overline{\zeta I}) \times$ $\times(T-\zeta I)^{-1}$ есть $J-$ уни т а р н ый о п е р а т о р, т. е. такой, что $U J U^{*}=U^{*} J U=J$. Спектр $U$ симметричен относительно окружности $\dot{S}=\{\lambda \in \mathbb{C}:|\lambda|=1\}$.

Начиная с работы Ј. С. Понтрягина [1], основным вопросом теории является вопрос о существовании семидефинитных инвариантных подпространств. Пусть $T$ - ограниченный оператор в $J$-пространстве $E$ и $(J T x, T x) \geqslant 0$ при $(J x, x) \geqslant 0, x \in E$ (так наз. п л ю со п е р а т о р); если $P_{+} T P_{-}-$вполне непрерывный оператор, то существует максимальное неотрицательное $T$-инвариантное подпространство $L$. Этот результат приложим, в частности, к $J$-унитарным операторам $U$ в пространствах $\Pi_{\varkappa}$, где он служит основой так наз. ме то д а д е фин и з а ц и и - построения операторного полинсма $p(U)$, переводящего $E$ в семидефинитное подпространство. Этот прием позволяет получать, напр., аналоги обычного спектрального разложения для $J$-унитарных и $J$-самосопряженных операторов в пространствах $\Pi_{\varkappa}$.

Теория операторов в Г. п. с и. м. существенно используется в теории канонич. систем обыкновенных дифференциальных уравнений; напр., критерий устойчивости для таких уравнений следующим образом записывается в терминах оператора монодромии $U$ : для этого необходимо и достаточно, чтобы существовала максимальная $U$-инвариантная дуальная пара подпространств. Другой основной потребитель описанной теории - спектральная теория квадратичных операторных пучков, важная во многих задачах математич. физики.

О теории представлений в Г. п. с и. м. см. [4].

Лum.: [1] П о н т р я г и н Л. С., «Изв. АН СССР. Сер. матем.&quot;, 1944, т. 8 , с. $243-80 ;$ [2] Гин з б у р г Ю. П., И о х-

![](https://cdn.mathpix.com/cropped/2023_07_08_c9dfc2a4896ae4fdb21eg-1.jpg?height=39&amp;width=831&amp;top_left_y=1479&amp;top_left_x=120)
1971 , т. 26 , в. 4 , с. $43-92 ;$; [ ] н а й м а р к М. А., Й с а гил о в Р. С., Итоги науки. Математический анализ. 1968, М., 1969 , с. $73-105 ;$ [5] Функциональный анал

![](https://cdn.mathpix.com/cropped/2023_07_08_c9dfc2a4896ae4fdb21eg-1.jpg?height=35&amp;width=816&amp;top_left_y=1595&amp;top_left_x=133)</text_orig>
</article>
