<?xml version="1.0" ?>
<article uri="http://libmeta.ru/me/article/1048_KONEChNYH" alphabetic_pos="1048">
  <title>КОНЕЧНЫХ РАЗНОСТЕИ ИСЧИСЛЕНИЕ</title>
  <authors/>
  <pages>
    <start>514</start>
    <end>517</end>
  </pages>
  <literature>
    <literature_orig/>
  </literature>
  <formulas_main/>
  <formulas_aux/>
  <relations n="0"/>
  <text>раздел математикі, в к-ром изучаются функции при дігскретном изменении аргумента, в отличие от діюфференциального и интегрального исчислений, где аргумент изменяется непрерывно. Пусть функция $y=f(x)$ задана в точках $x_{k}=x_{0}+k h(h-$ постоянная, $k-$ целое). Torдa

\[
\Delta y_{k}=\Delta f_{k}=f\left(x_{k+1}\right)-f\left(x_{k}\right)
\]

- (коне чны е) р а 3 ност пи первого по рядк $\mathbf{a}$,

$\delta^{2} y_{k}=\Delta^{2} f_{k}=\Delta f_{k+1}-\Delta f_{k}=f\left(x_{k+2}\right)-2 f\left(x_{k+1}\right) \div f\left(x_{k}\right)$

- разност ї второго порядка, ...,

\[
\Delta^{n} y_{k}=\Delta^{n} f_{k}=\Delta^{n-1} f_{k+1}-\Delta^{n-1} f_{k}
\]

- р а з о с т и $n-\mathrm{r} о$ по р я д к а. Разностіг удобно располагать в таблицу:

\begin{tabular}{c|c|c|c|c|c}
\hline$x$ &amp; $y$ &amp; $\delta y$ &amp; $\delta^{2} y$ &amp; $\delta^{3} y$ &amp; $\cdots$ \\
\hline$x_{0}$ &amp; $y_{0}$ &amp; $\delta y_{0}$ &amp; &amp; &amp; \\
$x_{1}$ &amp; $y_{1}$ &amp; $\delta y_{1}$ &amp; $\delta^{2} y_{0}$ &amp; &amp; \\
$x_{2}$ &amp; $y_{2}$ &amp; $\delta y_{2}$ &amp; $\delta^{2} y_{1}$ &amp; $\delta^{3} y_{0}$ &amp; \\
$x_{3}$ &amp; $y_{3}$ &amp; $\delta y_{3}$ &amp; $\delta^{2} y_{2}$ &amp; $\delta^{3} y_{1}$ &amp; \\
$x_{4}$ &amp; $y_{4}$ &amp; &amp; &amp; &amp; \\
$\cdots$ &amp; &amp; &amp; &amp; &amp; \\
\hline
\end{tabular}

Разность $n$-го порядка через величины $y_{0}, y_{1}, \ldots$ выражается формулой:

$\delta^{n} y_{n}=y_{k+n}-C_{n}^{1} y_{k+n-1}+C_{n}^{2} y_{k+n-2}-\ldots+(-1)^{n} y_{k}$.

Наряду с р а зоостя м и п п ре д $\delta y_{k}$ употребляются р а 3 н о с т и на $\mathbf{3}$ а д:

$\nabla y_{k}=f\left(x_{k}\right)-f\left(x_{k-1}\right)$.

А33 Математическая әнц., т. 2 В ряде вопросов (в частности, при построении интерполяціонных формул) используют це н т р а л ь ны е р а з н о с т и:

\[
\delta^{2 m-1} y_{i+\frac{1}{2}}, \delta^{2 m} y_{i}
\]

к-рые определяются следующим образом:

\[
\begin{gathered}
\delta y_{i+\frac{1}{2}}=y_{i+1}-y_{i}, \\
\delta^{2} y_{i}=\delta y_{i+\frac{1}{2}}-\delta y_{i-\frac{1}{2}}, \\
\delta^{2 m-1} y_{i+\frac{1}{2}}=\delta^{2 m-2} y_{i+1}-\delta^{2 m-2} y_{i}, \\
\delta^{2 m} y_{i}=\delta^{2 m-1} y_{i+\frac{1}{2}}-\delta^{2 m-1} y_{i-\frac{1}{2}}
\end{gathered}
\]

Между центральными $\delta^{n} y_{l}$ и обычнымі разностями $\delta^{\prime \prime} y_{k}$ имеется связь

\[
\delta^{2 m} y_{i}=\Delta^{2 m} y_{i-m}, \delta^{2 m+1} y_{i+\frac{1}{2}}=\Delta^{2 m+1} y_{i-m} .
\]

В случае, когда промежутки $x_{k+1}-x_{k}$ не постоянны, рассматривают так наз. р а 3 д е ле н ны е р а 3 н ос т и:

\[
\begin{gathered}
{\left[x_{0} ; x_{1}\right]=\frac{y_{0}-y_{1}}{x_{0}-x_{1}},} \\
{\left[x_{0} ; x_{1} ; x_{2}\right]=\frac{\left[x_{0} ; x_{1}\right]-\left[x_{1} ; x_{2}\right]}{x_{0}-x_{2}},} \\
\left.\cdot \cdot \cdot \cdot \cdot \cdot \cdot \cdot \cdot \cdot \cdot \cdot \cdot \cdot \cdot \cdot \cdot \cdot \cdot \cdot \cdot \cdot \cdot \cdot x_{n} \cdot \cdot x_{n} ; x_{1} ; \ldots ; x_{n}\right]=\frac{\left[x_{0} ; x_{1} ; \ldots ; x_{n-1}\right]-\left[x_{2} ; \ldots ; x_{n}\right]}{x_{0}-x_{n}}
\end{gathered}
\]

Имеет место формула

\[
\left\ulcorner x_{0} ; x_{1} ; \ldots ; x_{n}\right]=\sum_{j=0}^{n} \overline{\prod_{i \neq j}\left(x_{j}-x_{i}\right)}
\]

Иногда вместо $\left[x_{0} ; x_{1} ; \ldots ; x_{n}\right]$ употребляется обозначение $f\left(x_{0} ; x_{1} ; \ldots ; x_{n}\right)$. Если $x_{n}=x_{0}+n h, n=0,1,2, \ldots$, To

\[
\left[x_{0} ; x_{1} ; \ldots ; x_{n}\right]=\frac{\Delta^{n} y_{0}}{n ! h^{n}} .
\]

Если функция $f(x)$ в интервале $x_{k}&lt;x&lt;x_{k+n}$ имеет $n$-ю производную $f^{n}(x)$, то

\[
\Delta^{n} y_{k}=h^{n} f^{(n)}(\xi), x_{k}&lt;\xi&lt;x_{k+n} .
\]

К. р. и. тесно связано с общей теорией пріглижения функций, используется в приближенном дифференцировании I интегрировании, в приближенном решении дифференциальных уравнений и других вопросах. Пусть поставлена задача (интерполяционная задача) о восстановлении функций $f(x)$, если известны значения $f(x)$ в точках $x_{0}, x_{1}, \ldots, x_{n}$. Строгтся многочлен $p(x)$ степени $n$, к-рый в указанных точках принимает те же значения, что и $f(x)$. Его можно записать в различных формах - в форме Лагранжа, в форме Ньютона и т. Д. В форме Ньютона Iнтерполяционный многочлен имеет вид:

\[
\begin{gathered}
P_{n}(x)=f\left(x_{0}\right)+\left[x_{0} ; x_{1}\right]\left(x-x_{0}\right)+ \\
+\left[x_{0} ; x_{1} ; x_{2}\right]\left(x-x_{0}\right)\left(x-x_{1}\right)+\ldots \\
\ldots+\left[x_{0} ; x_{1} ; \ldots ; x_{n}\right]\left(x-x_{0}\right) \ldots\left(x-x_{n-1}\right),
\end{gathered}
\]

а в случае равноотстоящих значений независимого переменного:

\[
P_{n}(x)=f\left(x_{0}\right)+\sum_{k=1}^{n} \frac{\Delta^{k} f\left(x_{0}\right)}{k ! h^{k}}\left(x-x_{0}\right) \ldots\left(x-x_{k-1}\right) .
\]

Функцию $f(x)$ принимают приближенно равной $p_{n}(x)$. Если $f(x)$ имеет $n+1$ производную, то ошибка от замены $f(x)$ на $p_{n}(x)$ оценивается соотношением

\[
f(x)=P_{n}(x)+\frac{f^{(n+1)}(\xi)}{(n+1) !}\left(x-x_{0}\right) \ldots\left(x-x_{n}\right),
\]

где $\xi$ лежит в интервале, в к-ром находятся точки $x$, $x_{0}, \ldots, x_{n}$. В случае, если $f(x)$ - многочлен степени $\leqslant n$, то $f(x)=p_{n}(x)$.

Прі неограниченном увеличении числа узлов пнтерполяции многочлен $p_{n}(x)$ становится в пределе многочленом $p(x)$ «бесконечной» степени и естественно возникает вопрос: когда $f(x)=p(x)$, т. е. когда будет выполняться равенство

\[
f(x)=f\left(x_{0}\right)+\sum_{k=1}^{\infty} \frac{\Delta^{k} f\left(x_{0}\right)}{k ! h^{k}}\left(x-x_{0}\right) \ldots\left(x-x_{k-1}\right)
\]

(для простоты рассматривается случай равноотстоящих узлов). Пусть $x_{0}=0, h=1$, так что $x_{n}=n(n \geqslant 0)$. Есліi ряд (1) сходится в точке $\alpha$, отлічной от узлов (ряд (1) всегда сходится в узлах $\left.x_{0}, x_{1}, \ldots\right)$, то-он сходится в полуплоскости $\operatorname{re} x&gt;\alpha$ и представляет собой в этой полуплоскости аналитич. функцію, к-рая в полуплоскости $\operatorname{re} x \geqslant \beta&gt;\alpha$ удовлетворяет условию $(\varepsilon&gt;0)$ :

\[
\begin{gathered}
\left|f\left(r e^{i \varphi}\right)\right|&lt;c e^{r h(\varphi)} r^{\alpha+\frac{1}{2}+\varepsilon}, \\
h(\varphi)=\cos \varphi \ln (2 \cos \varphi)+\varphi \sin \varphi .
\end{gathered}
\]

Обратно, если $f(x)$ аналитична в нек-рой полуплоскости и имеет оценку роста, подобную указанной (несколько лучше ее), то она представляется рядом (1). Таким образом, в ряд (1) (так наз. р я д Н ь ю т о н а) разлагаются функции из весьма узкого класса (только аналігтич. функции с определенным ростом). Изучаются ряды Ньютона, когда узлы - вообще комплексные числа. Такие ряды нашли большое применение в теории трансцендентных чисел. Пусть теперь узлы интерполяциі образуют треугольную матрицу

\[
\begin{aligned}
&amp; x_{0,0} \\
&amp; x_{1,0} \quad x_{1,1} \\
&amp; \text { • • • • • . } \\
&amp; x_{n, 0} \quad x_{n, 1} \ldots x_{n, n}
\end{aligned}
\]

и интерполяционный многочлен $p_{n}(x)$ строится по узлам, расположөнным в $(n+1)$-й строчке. Класе функций, для к-рых $p_{n}(x)$ стремится к $f(x)$ при $n \rightarrow \infty$, Завісит от матрицы узлов. Напр., в случае, когда

\[
x_{n, k}=\cos \frac{2 k+1}{2 n} \pi, k=0,1, \ldots, n,
\]

$\left(x_{n, k}\right.$ - корні Чебышева многочлена), для сходімости интерполяционного процесса на отрезке $[-1,1]$ достаточно выполнения условия

\[
\lim _{n \rightarrow \infty} \omega(1 / n) \ln n=0,
\]

где $\omega(\delta)$ - непрерывности модуль $f(x)$ на $[-1,1]$.

Другая важная задача К. р. и.- задача суммирования функций. Пусть дана нек-рая функция $f(x)$. Требуется найти в конечном виде, точно плi приближенго, сумму

\[
S_{n}=f\left(x_{0}\right)+f\left(x_{0}+h\right)+\ldots+f\left(x_{0}+n i h\right),
\]

при фиксированных $x_{0}$ и $h$ и большом $n$, если известны нек-рые аналитич. свойства $f(x)$. Иначе говоря, исслөдуется асимптотич. поведение $s_{n}$ при $n \rightarrow \infty$. Пусть $x_{0}=0, h=1$ (для простоты) и найдена функція $f(x)$ такая, что

\[
\Delta F(x)=F(x+1)-F(x)=f(x) .
\] Тогда

\[
S_{n}=F(n+1)-F(0) .
\]

Напр., пусть $f(x)=x^{2}$. Решение уравнения (2) ищется в виде многочлена третьей степени

\[
Q(x)=a x^{3}+b x^{2}+c x
\]

с неопределенными коэффициентами. При подстановке в уравнение (2) и приравнивании коэффициентов левой и правой частей при соответствующих степенях многочлен имеет вид:

Ii

\[
Q(x)=\frac{x^{3}}{3}-\frac{x^{2}}{2}+\frac{x}{6}=\frac{x(x-1)(2 x-1)}{6}
\]

\[
\frac{n(n+1)(2 n+1)}{6}=1^{2}+2^{2}+\ldots+n^{2} .
\]

Не всегда удается в конечном виде получить решение уравнения (2). Поэтому полезно иметь приближенные формулы для $s_{n}$. Такой формулой является Әйлера Маклорена борлула суммирования. В случае, если $f(x)$ имеет $k$ производных и $k$ - четное, формулу Эйлера Маклорена можно записать в виде

\[
\begin{gathered}
\sum_{x=0}^{n-1} f(x)=\int_{0}^{n} f(x) d x+ \\
+\sum_{v=1}^{k-1} \frac{B_{v}}{v !}\left\{f^{(v-1)}(n)-f^{(v-1)}(0)\right\}+ \\
+\frac{B_{k}}{k !} \sum_{x=0}^{n-1} f^{(k)}(x+\theta),
\end{gathered}
\]

где $0&lt;\theta&lt;1$ ( $\theta$ вообще зависит от $n), B_{v}-$ Бернулли числа. Если $f(x)$ - многочлен степени, меньшей $k$, то остаточный член равен нулю.

Имеется аналогия между задачами К. р. и. и диффференциальным и интегральным исчислениями. Операция разыскания разности соответствует нахождению производной; решение уравнения (2) как операция, обратная разысканию конечной разности, соответствует нахождению первообразной, т. е. неопределенному интегрированию. Формула (3) есть прямой аналог Ньютоналейбница формулы. Эта аналогия проявляется при рассмотрении уравнений в конечных разностях. Уравнением в конечных разностях наз. соотношение

\[
F\left(x, f(x), \Delta f(x), \ldots, \Delta^{n} f(x)\right)=0,
\]

где $f$ - заданная функция, а $f(x)$ - искомая. Если выразить все $\delta^{n} f(x)$ через $f(x), f(x+1), \ldots, f(x+n)$, то уравнение в конечных разностях запишется в виде

\[
\Phi(x, f(x), f(x+1), \ldots, f(x+n))=0 .
\]

Его решение относительно $f(x+n)$ :

\[
f(x+n)=\psi(x, f(x), \ldots, f(x+n-1)) .
\]

При задании начальных значений $f\left(x_{0}\right), f\left(x_{0}+1\right), \ldots$, $f\left(x_{0}+n-1\right)$ можно последовательно найти $f\left(x_{0}+n\right)$, $f\left(x_{0}+n+1\right)$ и т. Д. После решения уравнения (4) относительно $f(x)$ :

\[
f(x)=\varphi(x, f(x+1), \ldots, f(x+n)),
\]

можно, положив $x=x_{0}-1$, найти $f\left(x_{0}-1\right)$, затем найти $f\left(x_{0}-2\right)$ и т. Д. Таким образом, из уравнения через начальные данные могут быть найдены значения $f(x)$ во всех точках $x_{0}+k$, где $k-$ целое. Пусть рассматривается линейное уравнение

\[
\begin{gathered}
f(x+k)+P_{1}(x) f(x+k-1)+\ldots+P_{k}(x) f(x)= \\
=Q(x), x=0,1, \ldots,
\end{gathered}
\]

где $p_{1}(x), \ldots, P_{k}(x)$ и $q(x)$ - заданные функции на множестве $x=0,1,2 \ldots$. Общее решіение неоднородного уравнения (6) есть сумма частного решения неодно- родного уравнения и общего решения однородного уравнения

$f(x+k)+p_{1}(x) f(x+k-1)+\ldots+P_{k}(x) f(x)=0 .(7)$ Если $f_{1}(x), \ldots, f_{k}(x)$ - линейно независимые решения уравнения (7), то общее решение уравнения (7) выражается формулой

\[
f(x)=c_{1} f_{1}(x)+\ldots+c_{k} f_{k}(x),
\]

где $c_{1}, \ldots, c_{k}-$ произвольные постоянные. Постоянные $c_{1}, \ldots, c_{k}$ можно найти, задав начальные условия, значения $f(0), f(1), \ldots, f(k-1)$. Линейно независимые решения $f_{1}(x), \ldots, f_{k}(x)$ (фундаментальная система) легко находятся в случае уравнения с постоянными коэфффициентам

\[
f(x+k)+a_{1} f(x+k-1)+\ldots+a_{n} f(x)=0 .
\]

Решение уравнения (8) ищется в виде $f(x)=\lambda x$. Характеристическое уравнение для $\lambda$ :

\[
\lambda^{k}+a_{1} \lambda^{k-1}+\ldots+a_{k}=0 .
\]

Пусть $\lambda_{1}, \ldots, \lambda_{k}$ - его корни и все оніг различны. Тогда фундаментальная система решений уравнения (8) есть система $\lambda_{1}^{x}, \ldots, \lambda_{k}^{x}$ и общее решение уравнения (8) представляется формулой:

\[
f(x)=c_{1} \lambda_{1}^{x}+\ldots+c_{n} \lambda_{k}^{x}
\]

Если $\lambda_{1}$ есть $s$-кратный корень характерістіч. уравнения, то ему соответствуют частные решения $\lambda_{1}^{x}, x \lambda_{1}^{x}, \ldots$, $x^{s-1} \lambda_{1}^{x}$

Пусть, напр., рассматривается последовательность чисел, начинающаяся с нуля и едіницы, в к-рой каждый последующий член равен сумме двух непосредственно предшествующих ему: $0,1,1,2,3,5,8,15, \ldots$ (фибоначчи числа). Ищется выражение для общего члена последовательности. Пусть $f(x), x=0,1,2,3, \ldots,-$ общий член последовательности; условие

\[
f(x+2)=f(x+1)+f(x), \quad f(0)=0, \quad f(1)=1,
\]

является разностным уравнением с заданными начальными условиями. Характеристическое уравнение имеет вид: $\lambda^{2}-\lambda-1=0$, его корни $\lambda_{1}=\frac{1+\sqrt{5}}{2}, \lambda_{2}=\frac{1-\sqrt{5}}{2}$, поэтому

\[
f(x)=c_{1}\left(\frac{1+\sqrt{5}}{2}\right)^{x}+c_{2}\left(\frac{1-\sqrt{5}}{2}\right)^{x}
\]

$c_{1}=1 / \sqrt{5}$ и $c_{2}=-1 / \sqrt{5}$ находятся из начальных условий.

Уравнение (4) можно изучать не только тогда, когда $x$ изменяется дискретно, принимая значенія $0,1,2$, ... , но и тогда, когда $x$ изменяется непрерывно. Пусть $f(x)$ задана произвольно в полуинтервале $[0, n)$. Из $(5)$, положив $x=0$, получают $f(n)$. Если $f(x)$ задана непрерывной в $[0, n)$, то в замкнутом пнтервале $[0, n]$ функция $f(x)$ может оказаться разрывной. Желая пметь дело с непрерывными решениями, надо $f(x)$ так задать в $[0, n)$, чтобы, в силу $(5), f(x)$ оказалась непрерывной в $[0, n]$. Зная $f(x)$ в $[0, n]$, из (5) находят $f(x)$ для $x \in(n$, $n+1]$, затем для $x \in(n+1, n+2]$ и т. Д.

Более общим, чем уравнение (8), является уравнение

\[
\begin{gathered}
f\left(x+h_{k}\right)+a_{1} f\left(x+h_{k-1}\right)+\ldots+a_{k} f(x)=0 \\
0&lt;h_{1}&lt;h_{2}&lt;\ldots&lt;h_{k}
\end{gathered}
\]

Здесь $h_{1}, \ldots, h_{k}$ - необязательно целые і необязательно соизмеримы между собой. Уравнение (9) имеет частные решения

\[
f(x)=e^{\lambda x},
\]

где $\lambda$ - корень уравнения

\[
L(\lambda) \equiv e^{h_{k} \lambda}+a_{1} e^{h_{k-1} \lambda}+\ldots+a_{k}=0 .
\] Это уравнение имеет бесконечно много корней $\lambda_{1}, \lambda_{2}$, ... Следовательно, уравнение (9) имеет бесконечно много частных решений $e^{\lambda_{m} x}, m=1,2, \ldots$. Пусть все корни простые. Для выражения решения уравненія (9) через этіг элементарные частные решения уравненіе удобнее записать в віде:

\[
\int_{0}^{\alpha} f(x+t) d \sigma(t)=0, \alpha=h_{k},
\]

где $\sigma(t)$ - кусочно постоянная функция, имеющая скачкі в точках $0, h_{1}, \ldots, h_{k}$, равные соответственно 1 , $a_{1}, \ldots, a_{k} \cdot$ Пусть

\[
\psi_{v}(t)=\frac{1}{L^{\prime}\left(\lambda_{v}\right)} \int_{0}^{t} e^{\lambda_{v} \xi} d \sigma(\xi), v \geqslant 1 .
\]

Функции $\psi_{v}(t)$ обладают свойством:

\[
\int_{0}^{\alpha} e^{\lambda_{m} t} \downarrow v(t) d t=\delta_{m v}
\]

$\left(\delta_{m v}=1\right.$, если $m=v$, іг $\delta_{m v}=0$, еслін $\left.m \neq v\right)$, т. е. оніг образуют систему, біортогональную к системе $\left\{e^{\lambda_{n} t}\right\}$. На этом основании решенію $f(x)$ уравнения (10) пріводітся в соответствие ряд

\[
\begin{gathered}
f(x) \sim \sum_{v=1}^{\infty} a_{v} e^{\lambda_{v} x}, \\
a_{v}=\int_{0}^{\alpha} f(t) \psi_{v}(t) d t .
\end{gathered}
\]

В случае, когда уравненіе (9) имеет вид

\[
f(x+2 \pi)-f(x)=0
\]

(т. е. $f(x)$ - периодическая функция с періодом $2 \pi$ ); $l(\lambda)=e^{2 \pi \lambda-1 ;} \quad$ корні уравнения $l(\lambda)=0$ суть $m i ;$ $(m=0, \pm 1, \ldots)$ и ряд (11) есть ряд Фурье для функциіл $f(x)$, записанный в комплексной форме. Ряд (11) можно рассматрıвать как обобщение на случай разностного уравнения (9) обычного ряда Фурье, соответствующего простейшему разностному уравнению (12). При определенных условиях ряд (11) сходится к решенію $f(x)$. Если $f(x)$ - аналитическая функция, то уравненіе (9) представимо в виде бесконечного порядка уравнения

\[
\sum_{n=0}^{\infty} \alpha_{n} f^{(n)}(x)=0
\]

Аналогично разностям функций одного переменного вводятся разности функций многих переменных. Так, напр., пусть требуется решіть задачу численного решения уравненія Лапласа

\[
\frac{\partial^{2} u}{\partial x^{2}}+\frac{\partial^{2} u}{\partial y^{2}}=0
\]

в прямоугольнике $0 \leqslant x \leqslant a, 0 \leqslant y \leqslant b$, при заданных значения $u(x, y)$ на гранıце прямоугольника. Прямоугольник разбивается на мелкие прямоугольные ячейки со сторонами $\delta x=a / N, \Delta y=b / M$. В вершинах этіх ячеек ищутся значения решения. В вершинах, к-рые лежат на границе исходного прямоугольника, значения $u(x, y)$ известны. Принимая приближенно (в числителях стоят разності второго порядка)

\[
\begin{aligned}
&amp; \frac{\partial^{2} u}{\partial x^{2}} \approx \frac{u(x+\Delta x, y)-2 u(x, y)+u(x-\Delta x, y)}{\Delta x^{2}}, \\
&amp; \frac{\partial^{2} u}{\partial y^{2}} \approx \frac{u(x, y+\Delta y)-2 u(x, y)+u(x, y-\Delta y)}{\Delta y^{2}},
\end{aligned}
\]

вместо уравнения Лапласа получают систему уравнений

\[
\begin{gathered}
\frac{u(x+\Delta x, y)-2 u(x, y)+u(x-\Delta x, y)}{\Delta x^{2}}+ \\
+\frac{u(x, y+\Delta y)-2 u(x, y)+u(x, y-\Delta y)}{\Delta y^{2}}=0 .
\end{gathered}
\]

Точка $(x, y)$ пробегает те вершины ячеек, к-рые расположены внутри основного прямоугольника. Тем самым строгтся сістема $(n-1)(M-1)$ уравнений, содержащая то же число нешзвестных. Решая эту алгебрапч. систему уравнений, получают значенія $u(x, y)$ в вершшнах ячеек. Когда $\delta x$ I $\delta y$ малы, а решение задачи пмеет определенную гладкость, найденные значения близкі к точным значениям.

К. р. и. развивалось параллельно с развптнем основных разделов математич. анализа. Начала Ғ. р. I. содержатся в трудах П. Ферма (p. Fermat), И. Барроу (i. Barrow), Г. Јейбница (g. Leibniz). В 18 в. К. p. Iг. приобрело характер самостоятельной математич. дисциплины. Первое систематич. изложение К. р. I. было дано Б. Тейлором (b. Taylor) в 1715. Труды математıков 19 в. подготовили почву для современных глав К. p. и. Идеи и методы К. р. и. получили суцественное развитие в применении к аналитпч. функциям комплексного переменного и задачам вычислітельной математіки.

Лuт.: [1] М а р к о в А. А., Исчисление конечных разно-

![](https://cdn.mathpix.com/cropped/2023_07_08_eaf21636bc0139e4395bg-1.jpg?height=57&amp;width=834&amp;top_left_y=727&amp;top_left_x=987)
Ф. П., Методы вычислений, т. конечных разностей, 3 изд., м. $1967 ;$ [4] Б а х в а л о в Н. С., Численные методы, 2 изд., М., 1975: 4] Б а В А. Ф. Леонтъев.</text>
  <text_orig>раЗдел математикі, в к-ром изучаются функции при дігскретном изменении аргумента, в отличие от діюфференциального и интегрального исчислений, где аргумент изменяется непрерывно. Пусть функция $y=f(x)$ задана в точках $x_{k}=x_{0}+k h(h-$ постоянная, $k-$ целое). Torдa

\[
\Delta y_{k}=\Delta f_{k}=f\left(x_{k+1}\right)-f\left(x_{k}\right)
\]

- (коне чны е) р а 3 ност пи первого по рядк $\mathbf{a}$,

$\Delta^{2} y_{k}=\Delta^{2} f_{k}=\Delta f_{k+1}-\Delta f_{k}=f\left(x_{k+2}\right)-2 f\left(x_{k+1}\right) \div f\left(x_{k}\right)$

- разност ї второго порядка, ...,

\[
\Delta^{n} y_{k}=\Delta^{n} f_{k}=\Delta^{n-1} f_{k+1}-\Delta^{n-1} f_{k}
\]

- р а з о с т и $n-\mathrm{r} о$ по р я д к а. Разностіг удобно располагать в таблицу:

\begin{tabular}{c|c|c|c|c|c}
\hline$x$ &amp; $y$ &amp; $\Delta y$ &amp; $\Delta^{2} y$ &amp; $\Delta^{3} y$ &amp; $\cdots$ \\
\hline$x_{0}$ &amp; $y_{0}$ &amp; $\Delta y_{0}$ &amp; &amp; &amp; \\
$x_{1}$ &amp; $y_{1}$ &amp; $\Delta y_{1}$ &amp; $\Delta^{2} y_{0}$ &amp; &amp; \\
$x_{2}$ &amp; $y_{2}$ &amp; $\Delta y_{2}$ &amp; $\Delta^{2} y_{1}$ &amp; $\Delta^{3} y_{0}$ &amp; \\
$x_{3}$ &amp; $y_{3}$ &amp; $\Delta y_{3}$ &amp; $\Delta^{2} y_{2}$ &amp; $\Delta^{3} y_{1}$ &amp; \\
$x_{4}$ &amp; $y_{4}$ &amp; &amp; &amp; &amp; \\
$\cdots$ &amp; &amp; &amp; &amp; &amp; \\
\hline
\end{tabular}

Разность $n$-го порядка через величины $y_{0}, y_{1}, \ldots$ выражается формулой:

$\Delta^{n} y_{n}=y_{k+n}-C_{n}^{1} y_{k+n-1}+C_{n}^{2} y_{k+n-2}-\ldots+(-1)^{n} y_{k}$.

Наряду с р а зоостя м и п п ре д $\Delta y_{k}$ употребляются р а 3 н о с т и на $\mathbf{3}$ а д:

$\nabla y_{k}=f\left(x_{k}\right)-f\left(x_{k-1}\right)$.

А33 Математическая әнц., т. 2 В ряде вопросов (в частности, при построении интерполяціонных формул) используют це н т р а л ь ны е р а з н о с т и:

\[
\delta^{2 m-1} y_{i+\frac{1}{2}}, \delta^{2 m} y_{i}
\]

к-рые определяются следующим образом:

\[
\begin{gathered}
\delta y_{i+\frac{1}{2}}=y_{i+1}-y_{i}, \\
\delta^{2} y_{i}=\delta y_{i+\frac{1}{2}}-\delta y_{i-\frac{1}{2}}, \\
\delta^{2 m-1} y_{i+\frac{1}{2}}=\delta^{2 m-2} y_{i+1}-\delta^{2 m-2} y_{i}, \\
\delta^{2 m} y_{i}=\delta^{2 m-1} y_{i+\frac{1}{2}}-\delta^{2 m-1} y_{i-\frac{1}{2}}
\end{gathered}
\]

Между центральными $\delta^{n} y_{l}$ и обычнымі разностями $\Delta^{\prime \prime} y_{k}$ имеется связь

\[
\delta^{2 m} y_{i}=\Delta^{2 m} y_{i-m}, \delta^{2 m+1} y_{i+\frac{1}{2}}=\Delta^{2 m+1} y_{i-m} .
\]

В случае, когда промежутки $x_{k+1}-x_{k}$ не постоянны, рассматривают так наз. р а 3 д е ле н ны е р а 3 н ос т и:

\[
\begin{gathered}
{\left[x_{0} ; x_{1}\right]=\frac{y_{0}-y_{1}}{x_{0}-x_{1}},} \\
{\left[x_{0} ; x_{1} ; x_{2}\right]=\frac{\left[x_{0} ; x_{1}\right]-\left[x_{1} ; x_{2}\right]}{x_{0}-x_{2}},} \\
\left.\cdot \cdot \cdot \cdot \cdot \cdot \cdot \cdot \cdot \cdot \cdot \cdot \cdot \cdot \cdot \cdot \cdot \cdot \cdot \cdot \cdot \cdot \cdot \cdot x_{n} \cdot \cdot x_{n} ; x_{1} ; \ldots ; x_{n}\right]=\frac{\left[x_{0} ; x_{1} ; \ldots ; x_{n-1}\right]-\left[x_{2} ; \ldots ; x_{n}\right]}{x_{0}-x_{n}}
\end{gathered}
\]

Имеет место формула

\[
\left\ulcorner x_{0} ; x_{1} ; \ldots ; x_{n}\right]=\sum_{j=0}^{n} \overline{\prod_{i \neq j}\left(x_{j}-x_{i}\right)}
\]

Иногда вместо $\left[x_{0} ; x_{1} ; \ldots ; x_{n}\right]$ употребляется обозначение $f\left(x_{0} ; x_{1} ; \ldots ; x_{n}\right)$. Если $x_{n}=x_{0}+n h, n=0,1,2, \ldots$, To

\[
\left[x_{0} ; x_{1} ; \ldots ; x_{n}\right]=\frac{\Delta^{n} y_{0}}{n ! h^{n}} .
\]

Если функция $f(x)$ в интервале $x_{k}&lt;x&lt;x_{k+n}$ имеет $n$-ю производную $f^{n}(x)$, то

\[
\Delta^{n} y_{k}=h^{n} f^{(n)}(\xi), x_{k}&lt;\xi&lt;x_{k+n} .
\]

К. р. и. тесно связано с общей теорией пріглижения функций, используется в приближенном дифференцировании I интегрировании, в приближенном решении дифференциальных уравнений и других вопросах. Пусть поставлена задача (интерполяционная задача) о восстановлении функций $f(x)$, если известны значения $f(x)$ в точках $x_{0}, x_{1}, \ldots, x_{n}$. Строгтся многочлен $P(x)$ степени $n$, к-рый в указанных точках принимает те же значения, что и $f(x)$. Его можно записать в различных формах - в форме Лагранжа, в форме Ньютона и т. Д. В форме Ньютона Iнтерполяционный многочлен имеет вид:

\[
\begin{gathered}
P_{n}(x)=f\left(x_{0}\right)+\left[x_{0} ; x_{1}\right]\left(x-x_{0}\right)+ \\
+\left[x_{0} ; x_{1} ; x_{2}\right]\left(x-x_{0}\right)\left(x-x_{1}\right)+\ldots \\
\ldots+\left[x_{0} ; x_{1} ; \ldots ; x_{n}\right]\left(x-x_{0}\right) \ldots\left(x-x_{n-1}\right),
\end{gathered}
\]

а в случае равноотстоящих значений независимого переменного:

\[
P_{n}(x)=f\left(x_{0}\right)+\sum_{k=1}^{n} \frac{\Delta^{k} f\left(x_{0}\right)}{k ! h^{k}}\left(x-x_{0}\right) \ldots\left(x-x_{k-1}\right) .
\]

Функцию $f(x)$ принимают приближенно равной $P_{n}(x)$. Если $f(x)$ имеет $n+1$ производную, то ошибка от замены $f(x)$ на $P_{n}(x)$ оценивается соотношением

\[
f(x)=P_{n}(x)+\frac{f^{(n+1)}(\xi)}{(n+1) !}\left(x-x_{0}\right) \ldots\left(x-x_{n}\right),
\]

где $\xi$ лежит в интервале, в к-ром находятся точки $x$, $x_{0}, \ldots, x_{n}$. В случае, если $f(x)$ - многочлен степени $\leqslant n$, то $f(x)=P_{n}(x)$.

Прі неограниченном увеличении числа узлов пнтерполяции многочлен $P_{n}(x)$ становится в пределе многочленом $P(x)$ «бесконечной» степени и естественно возникает вопрос: когда $f(x)=P(x)$, т. е. когда будет выполняться равенство

\[
f(x)=f\left(x_{0}\right)+\sum_{k=1}^{\infty} \frac{\Delta^{k} f\left(x_{0}\right)}{k ! h^{k}}\left(x-x_{0}\right) \ldots\left(x-x_{k-1}\right)
\]

(для простоты рассматривается случай равноотстоящих узлов). Пусть $x_{0}=0, h=1$, так что $x_{n}=n(n \geqslant 0)$. ЕсліI ряд (1) сходится в точке $\alpha$, отлічной от узлов (ряд (1) всегда сходится в узлах $\left.x_{0}, x_{1}, \ldots\right)$, то-он сходится в полуплоскости $\operatorname{Re} x&gt;\alpha$ и представляет собой в этой полуплоскости аналитич. функцію, к-рая в полуплоскости $\operatorname{Re} x \geqslant \beta&gt;\alpha$ удовлетворяет условию $(\varepsilon&gt;0)$ :

\[
\begin{gathered}
\left|f\left(r e^{i \varphi}\right)\right|&lt;c e^{r h(\varphi)} r^{\alpha+\frac{1}{2}+\varepsilon}, \\
h(\varphi)=\cos \varphi \ln (2 \cos \varphi)+\varphi \sin \varphi .
\end{gathered}
\]

Обратно, если $f(x)$ аналитична в нек-рой полуплоскости и имеет оценку роста, подобную указанной (несколько лучше ее), то она представляется рядом (1). Таким образом, в ряд (1) (так наз. р я д Н ь ю т о н а) разлагаются функции из весьма узкого класса (только аналігтич. функции с определенным ростом). Изучаются ряды Ньютона, когда узлы - вообще комплексные числа. Такие ряды нашли большое применение в теории трансцендентных чисел. Пусть теперь узлы интерполяциі образуют треугольную матрицу

\[
\begin{aligned}
&amp; x_{0,0} \\
&amp; x_{1,0} \quad x_{1,1} \\
&amp; \text { • • • • • . } \\
&amp; x_{n, 0} \quad x_{n, 1} \ldots x_{n, n}
\end{aligned}
\]

и интерполяционный многочлен $P_{n}(x)$ строится по узлам, расположөнным в $(n+1)$-й строчке. Класе функций, для к-рых $P_{n}(x)$ стремится к $f(x)$ при $n \rightarrow \infty$, Завісит от матрицы узлов. Напр., в случае, когда

\[
x_{n, k}=\cos \frac{2 k+1}{2 n} \pi, k=0,1, \ldots, n,
\]

$\left(x_{n, k}\right.$ - корні Чебышева многочлена), для сходімости интерполяционного процесса на отрезке $[-1,1]$ достаточно выполнения условия

\[
\lim _{n \rightarrow \infty} \omega(1 / n) \ln n=0,
\]

где $\omega(\delta)$ - непрерывности модуль $f(x)$ на $[-1,1]$.

Другая важная задача К. р. и.- задача суммирования функций. Пусть дана нек-рая функция $f(x)$. Требуется найти в конечном виде, точно плI приближенго, сумму

\[
S_{n}=f\left(x_{0}\right)+f\left(x_{0}+h\right)+\ldots+f\left(x_{0}+n i h\right),
\]

при фиксированных $x_{0}$ и $h$ и большом $n$, если известны нек-рые аналитич. свойства $f(x)$. Иначе говоря, исслөдуется асимптотич. поведение $S_{n}$ при $n \rightarrow \infty$. Пусть $x_{0}=0, h=1$ (для простоты) и найдена функція $F(x)$ такая, что

\[
\Delta F(x)=F(x+1)-F(x)=f(x) .
\] Тогда

\[
S_{n}=F(n+1)-F(0) .
\]

Напр., пусть $f(x)=x^{2}$. Решение уравнения (2) ищется в виде многочлена третьей степени

\[
Q(x)=a x^{3}+b x^{2}+c x
\]

с неопределенными коэффициентами. При подстановке в уравнение (2) и приравнивании коэффициентов левой и правой частей при соответствующих степенях многочлен имеет вид:

II

\[
Q(x)=\frac{x^{3}}{3}-\frac{x^{2}}{2}+\frac{x}{6}=\frac{x(x-1)(2 x-1)}{6}
\]

\[
\frac{n(n+1)(2 n+1)}{6}=1^{2}+2^{2}+\ldots+n^{2} .
\]

Не всегда удается в конечном виде получить решение уравнения (2). Поэтому полезно иметь приближенные формулы для $S_{n}$. Такой формулой является Әйлера Маклорена борлула суммирования. В случае, если $f(x)$ имеет $k$ производных и $k$ - четное, формулу Эйлера Маклорена можно записать в виде

\[
\begin{gathered}
\sum_{x=0}^{n-1} f(x)=\int_{0}^{n} f(x) d x+ \\
+\sum_{v=1}^{k-1} \frac{B_{v}}{v !}\left\{f^{(v-1)}(n)-f^{(v-1)}(0)\right\}+ \\
+\frac{B_{k}}{k !} \sum_{x=0}^{n-1} f^{(k)}(x+\theta),
\end{gathered}
\]

где $0&lt;\theta&lt;1$ ( $\theta$ вообще зависит от $n), B_{v}-$ Бернулли числа. Если $f(x)$ - многочлен степени, меньшей $k$, то остаточный член равен нулю.

Имеется аналогия между задачами К. р. и. и диффференциальным и интегральным исчислениями. Операция разыскания разности соответствует нахождению производной; решение уравнения (2) как операция, обратная разысканию конечной разности, соответствует нахождению первообразной, т. е. неопределенному интегрированию. Формула (3) есть прямой аналог НьютонаЛейбница формулы. Эта аналогия проявляется при рассмотрении уравнений в конечных разностях. Уравнением в конечных разностях наз. соотношение

\[
F\left(x, f(x), \Delta f(x), \ldots, \Delta^{n} f(x)\right)=0,
\]

где $F$ - заданная функция, а $f(x)$ - искомая. Если выразить все $\Delta^{n} f(x)$ через $f(x), f(x+1), \ldots, f(x+n)$, то уравнение в конечных разностях запишется в виде

\[
\Phi(x, f(x), f(x+1), \ldots, f(x+n))=0 .
\]

Его решение относительно $f(x+n)$ :

\[
f(x+n)=\psi(x, f(x), \ldots, f(x+n-1)) .
\]

При задании начальных значений $f\left(x_{0}\right), f\left(x_{0}+1\right), \ldots$, $f\left(x_{0}+n-1\right)$ можно последовательно найти $f\left(x_{0}+n\right)$, $f\left(x_{0}+n+1\right)$ и т. Д. После решения уравнения (4) относительно $f(x)$ :

\[
f(x)=\varphi(x, f(x+1), \ldots, f(x+n)),
\]

можно, положив $x=x_{0}-1$, найти $f\left(x_{0}-1\right)$, затем найти $f\left(x_{0}-2\right)$ и т. Д. Таким образом, из уравнения через начальные данные могут быть найдены значения $f(x)$ во всех точках $x_{0}+k$, где $k-$ целое. Пусть рассматривается линейное уравнение

\[
\begin{gathered}
f(x+k)+P_{1}(x) f(x+k-1)+\ldots+P_{k}(x) f(x)= \\
=Q(x), x=0,1, \ldots,
\end{gathered}
\]

где $P_{1}(x), \ldots, P_{k}(x)$ и $Q(x)$ - заданные функции на множестве $x=0,1,2 \ldots$. Общее решіение неоднородного уравнения (6) есть сумма частного решения неодно- родного уравнения и общего решения однородного уравнения

$f(x+k)+P_{1}(x) f(x+k-1)+\ldots+P_{k}(x) f(x)=0 .(7)$ Если $f_{1}(x), \ldots, f_{k}(x)$ - линейно независимые решения уравнения (7), то общее решение уравнения (7) выражается формулой

\[
f(x)=c_{1} f_{1}(x)+\ldots+c_{k} f_{k}(x),
\]

где $c_{1}, \ldots, c_{k}-$ произвольные постоянные. Постоянные $c_{1}, \ldots, c_{k}$ можно найти, задав начальные условия, значения $f(0), f(1), \ldots, f(k-1)$. Линейно независимые решения $f_{1}(x), \ldots, f_{k}(x)$ (фундаментальная система) легко находятся в случае уравнения с постоянными коэфффициентам

\[
f(x+k)+a_{1} f(x+k-1)+\ldots+a_{n} f(x)=0 .
\]

Решение уравнения (8) ищется в виде $f(x)=\lambda x$. Характеристическое уравнение для $\lambda$ :

\[
\lambda^{k}+a_{1} \lambda^{k-1}+\ldots+a_{k}=0 .
\]

Пусть $\lambda_{1}, \ldots, \lambda_{k}$ - его корни и все оніг различны. Тогда фундаментальная система решений уравнения (8) есть система $\lambda_{1}^{x}, \ldots, \lambda_{k}^{x}$ и общее решение уравнения (8) представляется формулой:

\[
f(x)=c_{1} \lambda_{1}^{x}+\ldots+c_{n} \lambda_{k}^{x}
\]

Если $\lambda_{1}$ есть $s$-кратный корень характерістіч. уравнения, то ему соответствуют частные решения $\lambda_{1}^{x}, x \lambda_{1}^{x}, \ldots$, $x^{s-1} \lambda_{1}^{x}$

Пусть, напр., рассматривается последовательность чисел, начинающаяся с нуля и едіницы, в к-рой каждый последующий член равен сумме двух непосредственно предшествующих ему: $0,1,1,2,3,5,8,15, \ldots$ (Фибоначчи числа). Ищется выражение для общего члена последовательности. Пусть $f(x), x=0,1,2,3, \ldots,-$ общий член последовательности; условие

\[
f(x+2)=f(x+1)+f(x), \quad f(0)=0, \quad f(1)=1,
\]

является разностным уравнением с заданными начальными условиями. Характеристическое уравнение имеет вид: $\lambda^{2}-\lambda-1=0$, его корни $\lambda_{1}=\frac{1+\sqrt{5}}{2}, \lambda_{2}=\frac{1-\sqrt{5}}{2}$, поэтому

\[
f(x)=c_{1}\left(\frac{1+\sqrt{5}}{2}\right)^{x}+c_{2}\left(\frac{1-\sqrt{5}}{2}\right)^{x}
\]

$c_{1}=1 / \sqrt{5}$ и $c_{2}=-1 / \sqrt{5}$ находятся из начальных условий.

Уравнение (4) можно изучать не только тогда, когда $x$ изменяется дискретно, принимая значенія $0,1,2$, ... , но и тогда, когда $x$ изменяется непрерывно. Пусть $f(x)$ задана произвольно в полуинтервале $[0, n)$. Из $(5)$, положив $x=0$, получают $f(n)$. Если $f(x)$ задана непрерывной в $[0, n)$, то в замкнутом пнтервале $[0, n]$ функция $f(x)$ может оказаться разрывной. Желая пметь дело с непрерывными решениями, надо $f(x)$ так задать в $[0, n)$, чтобы, в силу $(5), f(x)$ оказалась непрерывной в $[0, n]$. Зная $f(x)$ в $[0, n]$, из (5) находят $f(x)$ для $x \in(n$, $n+1]$, затем для $x \in(n+1, n+2]$ и т. Д.

Более общим, чем уравнение (8), является уравнение

\[
\begin{gathered}
f\left(x+h_{k}\right)+a_{1} f\left(x+h_{k-1}\right)+\ldots+a_{k} f(x)=0 \\
0&lt;h_{1}&lt;h_{2}&lt;\ldots&lt;h_{k}
\end{gathered}
\]

Здесь $h_{1}, \ldots, h_{k}$ - необязательно целые і необязательно соизмеримы между собой. Уравнение (9) имеет частные решения

\[
f(x)=e^{\lambda x},
\]

где $\lambda$ - корень уравнения

\[
L(\lambda) \equiv e^{h_{k} \lambda}+a_{1} e^{h_{k-1} \lambda}+\ldots+a_{k}=0 .
\] Это уравнение имеет бесконечно много корней $\lambda_{1}, \lambda_{2}$, ... Следовательно, уравнение (9) имеет бесконечно много частных решений $e^{\lambda_{m} x}, m=1,2, \ldots$. Пусть все корни простые. Для выражения решения уравненія (9) через этіг элементарные частные решения уравненіе удобнее записать в віде:

\[
\int_{0}^{\alpha} f(x+t) d \sigma(t)=0, \alpha=h_{k},
\]

где $\sigma(t)$ - кусочно постоянная функция, имеющая скачкі в точках $0, h_{1}, \ldots, h_{k}$, равные соответственно 1 , $a_{1}, \ldots, a_{k} \cdot$ Пусть

\[
\psi_{v}(t)=\frac{1}{L^{\prime}\left(\lambda_{v}\right)} \int_{0}^{t} e^{\lambda_{v} \xi} d \sigma(\xi), v \geqslant 1 .
\]

Функции $\Psi_{v}(t)$ обладают свойством:

\[
\int_{0}^{\alpha} e^{\lambda_{m} t} \downarrow v(t) d t=\delta_{m v}
\]

$\left(\delta_{m v}=1\right.$, если $m=v$, іг $\delta_{m v}=0$, еслін $\left.m \neq v\right)$, т. е. оніг образуют систему, біортогональную к системе $\left\{e^{\lambda_{n} t}\right\}$. На этом основании решенію $f(x)$ уравнения (10) пріводітся в соответствие ряд

\[
\begin{gathered}
f(x) \sim \sum_{v=1}^{\infty} a_{v} e^{\lambda_{v} x}, \\
a_{v}=\int_{0}^{\alpha} f(t) \psi_{v}(t) d t .
\end{gathered}
\]

В случае, когда уравненіе (9) имеет вид

\[
f(x+2 \pi)-f(x)=0
\]

(т. е. $f(x)$ - периодическая функция с періодом $2 \pi$ ); $L(\lambda)=e^{2 \pi \lambda-1 ;} \quad$ корні уравнения $L(\lambda)=0$ суть $m i ;$ $(m=0, \pm 1, \ldots)$ и ряд (11) есть ряд Фурье для функциіл $f(x)$, записанный в комплексной форме. Ряд (11) можно рассматрıвать как обобщение на случай разностного уравнения (9) обычного ряда Фурье, соответствующего простейшему разностному уравнению (12). При определенных условиях ряд (11) сходится к решенію $f(x)$. Если $f(x)$ - аналитическая функция, то уравненіе (9) представимо в виде бесконечного порядка уравнения

\[
\sum_{n=0}^{\infty} \alpha_{n} f^{(n)}(x)=0
\]

Аналогично разностям функций одного переменного вводятся разности функций многих переменных. Так, напр., пусть требуется решіть задачу численного решения уравненія Лапласа

\[
\frac{\partial^{2} u}{\partial x^{2}}+\frac{\partial^{2} u}{\partial y^{2}}=0
\]

в прямоугольнике $0 \leqslant x \leqslant a, 0 \leqslant y \leqslant b$, при заданных значения $u(x, y)$ на гранıце прямоугольника. Прямоугольник разбивается на мелкие прямоугольные ячейки со сторонами $\Delta x=a / N, \Delta y=b / M$. В вершинах этіх ячеек ищутся значения решения. В вершинах, к-рые лежат на границе исходного прямоугольника, значения $u(x, y)$ известны. Принимая приближенно (в числителях стоят разності второго порядка)

\[
\begin{aligned}
&amp; \frac{\partial^{2} u}{\partial x^{2}} \approx \frac{u(x+\Delta x, y)-2 u(x, y)+u(x-\Delta x, y)}{\Delta x^{2}}, \\
&amp; \frac{\partial^{2} u}{\partial y^{2}} \approx \frac{u(x, y+\Delta y)-2 u(x, y)+u(x, y-\Delta y)}{\Delta y^{2}},
\end{aligned}
\]

вместо уравнения Лапласа получают систему уравнений

\[
\begin{gathered}
\frac{u(x+\Delta x, y)-2 u(x, y)+u(x-\Delta x, y)}{\Delta x^{2}}+ \\
+\frac{u(x, y+\Delta y)-2 u(x, y)+u(x, y-\Delta y)}{\Delta y^{2}}=0 .
\end{gathered}
\]

Точка $(x, y)$ пробегает те вершины ячеек, к-рые расположены внутри основного прямоугольника. Тем самым строгтся сістема $(N-1)(M-1)$ уравнений, содержащая то же число нешзвестных. Решая эту алгебрапч. систему уравнений, получают значенія $u(x, y)$ в вершшнах ячеек. Когда $\Delta x$ I $\Delta y$ малы, а решение задачи пмеет определенную гладкость, найденные значения близкі к точным значениям.

К. р. и. развивалось параллельно с развптнем основных разделов математич. анализа. Начала Ғ. р. I. содержатся в трудах П. Ферма (P. Fermat), И. Барроу (I. Barrow), Г. Јейбница (G. Leibniz). В 18 в. К. p. Iг. приобрело характер самостоятельной математич. дисциплины. Первое систематич. изложение К. р. I. было дано Б. Тейлором (B. Taylor) в 1715. Труды математıков 19 в. подготовили почву для современных глав К. p. и. Идеи и методы К. р. и. получили суцественное развитие в применении к аналитпч. функциям комплексного переменного и задачам вычислітельной математіки.

Лuт.: [1] М а р к о в А. А., Исчисление конечных разно-

![](https://cdn.mathpix.com/cropped/2023_07_08_eaf21636bc0139e4395bg-1.jpg?height=57&amp;width=834&amp;top_left_y=727&amp;top_left_x=987)
Ф. П., Методы вычислений, т. конечных разностей, 3 изд., м. $1967 ;$ [4] Б а х в а л о в Н. С., Численные методы, 2 изд., М., 1975: 4] Б а В А. Ф. Леонтъев.</text_orig>
</article>
