<?xml version="1.0" ?>
<article uri="http://libmeta.ru/me/article/1048_GIPERBOL" alphabetic_pos="1048">
  <title>ГИПЕРБОЛА</title>
  <authors/>
  <pages>
    <start>495</start>
    <end>495</end>
  </pages>
  <literature>
    <literature_orig/>
  </literature>
  <formulas_main/>
  <formulas_aux/>
  <relations n="0"/>
  <text>плоская кривая, получающаяся в пересечении кругового конуса с плоскостью, не проходяшей через вершину конуса и пересекающей обе его полости. $\gamma$. есть множество точек $m$ плоскости (см.

![](https://cdn.mathpix.com/cropped/2023_07_08_c9dfc2a4896ae4fdb21eg-1.jpg?height=410&amp;width=603&amp;top_left_y=1755&amp;top_left_x=234)

рис.), модуль разности расстояний к-рых до двух данных точек $f_{1}$ и $f_{2}$ (ф о к у с о в Г.) постоянен и равен $2 a&lt;F_{1} F_{2}$. Расстояние между фокусами Г. наз. фо ок у с ным р а с с т о ни ем его принято обозначать через $2 c$. Середина отрезка $f_{1} F_{2}$ наз. ц е н т р о м Г. Прямая, на к-рой лежат фокусы $г$., наз. д е й с тв и те льно й (или фо к а ль но й) ос ь юг. Прямая, проходящая через центр Г. перпендикулярно к действительной оси Г., наз. мн и м о й о с ь ю Г. Мнимая и действительная оси Г. являются ее осями симметрии. Число $e=c / a&lt;1$ наз. э к с ц е н т р и с и те т о м Г. Д и а м т р о м Г. наз. любая прямая, проходящая через центр Г. Середины параллельных хорд Г. лежат на диаметре. Д и р е к т р и с о й Г., соответствующей данному фокусу $f$, наз. прямая $d$, перпендикулярная к действительной оси $\gamma$, отстоящая от центра на расстояние $a / e$ и лежащая от центра по одну сторону с фокусом $f$. У $г$. - две директрисы. Г. имеет две асимптоты:

\[
y= \pm \frac{b}{a} x
\]

Г. есть центральная линия второго порядка. Ее канонич. уравнение имеет вид

\[
\frac{x^{2}}{a^{2}}-\frac{y^{2}}{b^{2}}=1
\]

где $a$ и $b=\sqrt{c^{2}-a^{2}}-$ полуоси $\gamma$, а $x, y-$ текущие координаты. Уравнение касательной к $\gamma$. в точке $\left(x_{0}\right.$, $\left.y_{0}\right)$ имеет вид

\[
\frac{x x_{0}}{a^{2}}-\frac{y y_{0}}{b^{2}}=1
\]

Ф о к а л ь н ы й п а р а м е т р Г. (половина длины хорды, проходящей через фокус перпендикулярно фокальной оси Г.) равен $b^{2} / a$. При помощи фокального параметра $p$ можно записать уравнение $\gamma$. в виде

\[
\rho=\frac{p}{1+e \cos \varphi}
\]

где $\rho, \varphi-$ полярные координаты, $\pi-\varphi_{0}&lt;\varphi&lt;\pi+\varphi_{0}$, $2 \varphi_{0}$ - угол между асимптотами.

При $a=b \Gamma$. наз. р а в но б о ч но й, или р а в нос т о р о н н е й, Г. Асимптоты равнобочной Г. взаимно перпендикулярны; если их принять за оси координат, то уравнение равнобочной $\gamma$. примет вид

\[
y=\frac{k}{x},
\]

т. е. равнобочная Г. представляет собой график обратно пропорциональной зависимости. А. Б. Нванов.</text>
  <text_orig>плоская кривая, получающаяся в пересечении кругового конуса с плоскостью, не проходяшей через вершину конуса и пересекающей обе его полости. $\Gamma$. есть множество точек $M$ плоскости (см.

![](https://cdn.mathpix.com/cropped/2023_07_08_c9dfc2a4896ae4fdb21eg-1.jpg?height=410&amp;width=603&amp;top_left_y=1755&amp;top_left_x=234)

рис.), модуль разности расстояний к-рых до двух данных точек $F_{1}$ и $F_{2}$ (ф о к у с о в Г.) постоянен и равен $2 a&lt;F_{1} F_{2}$. Расстояние между фокусами Г. наз. фо ок у с ным р а с с т о ни ем его принято обозначать через $2 c$. Середина отрезка $F_{1} F_{2}$ наз. ц е н т р о м Г. Прямая, на к-рой лежат фокусы $Г$., наз. д е й с тв и те льно й (или фо к а ль но й) ос ь юГ. Прямая, проходящая через центр Г. перпендикулярно к действительной оси Г., наз. мн и м о й о с ь ю Г. Мнимая и действительная оси Г. являются ее осями симметрии. Число $e=c / a&lt;1$ наз. э к с ц е н т р и с и те т о м Г. Д и а м т р о м Г. наз. любая прямая, проходящая через центр Г. Середины параллельных хорд Г. лежат на диаметре. Д и р е к т р и с о й Г., соответствующей данному фокусу $F$, наз. прямая $d$, перпендикулярная к действительной оси $\Gamma$, отстоящая от центра на расстояние $a / e$ и лежащая от центра по одну сторону с фокусом $F$. У $Г$. - две директрисы. Г. имеет две асимптОтЫ:

\[
y= \pm \frac{b}{a} x
\]

Г. есть центральная линия второго порядка. Ее канонич. уравнение имеет вид

\[
\frac{x^{2}}{a^{2}}-\frac{y^{2}}{b^{2}}=1
\]

где $a$ и $b=\sqrt{c^{2}-a^{2}}-$ полуоси $\Gamma$, а $x, y-$ текущие координаты. Уравнение касательной к $\Gamma$. в точке $\left(x_{0}\right.$, $\left.y_{0}\right)$ имеет вид

\[
\frac{x x_{0}}{a^{2}}-\frac{y y_{0}}{b^{2}}=1
\]

Ф о к а л ь н ы й п а р а м е т р Г. (Половина длины хорды, проходящей через фокус перпендикулярно фокальной оси Г.) равен $b^{2} / a$. При помощи фокального параметра $p$ можно записать уравнение $\Gamma$. в виде

\[
\rho=\frac{p}{1+e \cos \varphi}
\]

где $\rho, \varphi-$ полярные координаты, $\pi-\varphi_{0}&lt;\varphi&lt;\pi+\varphi_{0}$, $2 \varphi_{0}$ - угол между асимптотами.

При $a=b \Gamma$. наз. р а в но б о ч но й, или р а в нос т о р о н н е й, Г. Асимптоты равнобочной Г. взаимно перпендикулярны; если их принять за оси координат, то уравнение равнобочной $\Gamma$. примет вид

\[
y=\frac{k}{x},
\]

т. е. равнобочная Г. представляет собой график обратно пропорциональной зависимости. А. Б. Нванов.</text_orig>
</article>
