<?xml version="1.0" ?>
<article uri="http://libmeta.ru/me/article/1048_REKU" alphabetic_pos="1048">
  <title>РЕКУ РРЕНТНАЯ ТОЧКА</title>
  <authors/>
  <pages>
    <start>478</start>
    <end>478</end>
  </pages>
  <literature>
    <literature_orig/>
  </literature>
  <formulas_main/>
  <formulas_aux/>
  <relations n="0"/>
  <text>Д И н а м И ч е с К о Й с и с т е м - точка $x$ динамич. системы $f^{t}$ (или, в иных обозначениях $f(t, \cdot)$, см. [2]), заданной на метрич. пространстве $s$, удовлетворяющая условию: для всякого $\varepsilon&gt;0$ найдется $t&gt;0$ такое, что все точки траектории $f^{t} x$ содержатся в $\varepsilon$-окрестности всякой дуги временно́й длины $t$ этой траектории (иными словами,

![](https://cdn.mathpix.com/cropped/2023_07_08_bdc971b48298cca3e951g-1.jpg?height=42&amp;width=620&amp;top_left_y=1140&amp;top_left_x=990)

\[
\left\{f^{t} x\right\}, t \in[\tau, \tau+T]
\]

Говорят, что многочлен $f(y)$ получен путем исключения $x$ из многочленов $f(x, y)$ и $g(x, y)$. Если $x=\alpha, y=\beta-$ решение системы $(5)$, то $f(\beta)=0$, и обратно, если $f(\beta)=0$, то или многочлены $f(x, \beta), g(x, \beta)$ имеют общий корень (к-рый надо искать как корень их наибольшего общего делителя), или $a_{0}(\beta)=b_{0}(\beta)=0$. Тем самым решение системы (5) сводится к вычислению корней многочлена $f(y)$ и общих корней многочленов $f(x, \beta), g(x, \beta)$ с одним неизвестным.

Аналогично можно решать и системы уравнений с любым числом неизвестных, но эта задача приводит к весьма громоздким вычисл ниям (см. также Исключения теория).

Лum.: [1] К у р о ш А. Г., Курс высшей алгебры, 11 изд., Ј., 1949; [3] В а н д е р в а р п е н Б. J., Алггера, пер. с нем., 2 изд., М., 1979; [4] Х о д ж В., П и д о Д., Методы алi ебраической геометрии, пер. с англ., т. 1-3, М., 1954-55.</text>
  <text_orig>Д И н а м И ч е с К о Й с и с т е м - точка $x$ динамич. системы $f^{t}$ (или, в иных обозначениях $f(t, \cdot)$, см. [2]), заданной на метрич. пространстве $S$, удовлетворяющая условию: для всякого $\varepsilon&gt;0$ найдется $T&gt;0$ такое, что все точки траектории $f^{t} x$ содержатся в $\varepsilon$-окрестности всякой дуги временно́й длины $T$ этой траектории (иными словами,

![](https://cdn.mathpix.com/cropped/2023_07_08_bdc971b48298cca3e951g-1.jpg?height=42&amp;width=620&amp;top_left_y=1140&amp;top_left_x=990)

\[
\left\{f^{t} x\right\}, t \in[\tau, \tau+T]
\]

Говорят, что многочлен $F(y)$ получен путем исключения $x$ из многочленов $f(x, y)$ и $g(x, y)$. Если $x=\alpha, y=\beta-$ решение системы $(5)$, то $F(\beta)=0$, и обратно, если $F(\beta)=0$, то или многочлены $f(x, \beta), g(x, \beta)$ имеют общий корень (к-рый надо искать как корень их наибольшего общего делителя), или $a_{0}(\beta)=b_{0}(\beta)=0$. Тем самым решение системы (5) сводится к вычислению корней многочлена $F(y)$ и общих корней многочленов $f(x, \beta), g(x, \beta)$ с одним неизвестным.

Аналогично можно решать и системы уравнений с любым числом неизвестных, но эта задача приводит к весьма громоздким вычисл ниям (см. также Исключения теория).

Лum.: [1] К у р о ш А. Г., Курс высшей алгебры, 11 изд., Ј., 1949; [3] В а н д е р в а р п е н Б. J., Алггера, пер. с нем., 2 изд., М., 1979; [4] Х о д ж В., П и д о Д., Методы алI ебраической геометрии, пер. с англ., т. 1-3, М., 1954-55.</text_orig>
</article>
