<?xml version="1.0" ?>
<article uri="http://libmeta.ru/me/article/1049_NORMAL'NAJa" alphabetic_pos="1049">
  <title>НОРМАЛЬНАЯ ФОРМА</title>
  <authors/>
  <pages>
    <start>527</start>
    <end>532</end>
  </pages>
  <literature>
    <literature_orig/>
  </literature>
  <formulas_main/>
  <formulas_aux/>
  <relations n="0"/>
  <text>1) Н. Ф. м а т р иц ы $a$ - матрица $n$ заранее определенного специального вида, получаемая из $a$ с помощью преобразований определенного типа. В зависимости от рассматриваемого типа преобразований, от области $k$, к к-рой прпнадлежат коэффпциенты $a$, от вида $a$ и, наконец, от специфики решаемой задачи (напр., от желания распирять или не расширять $k$ при переходе от $a$ к $n$, от необходимости определить $n$ по $a$ однозвачно пли, наоборот, с нек-рым произволом) рассматриваются и различные Н. ф. Часто вместо термина «н. ф.» уготребляют термины «к а но н и ч еск а я фо о ма», «к а но н ич е с к и й в и д». К числу классических Н. ф. относятся следующие (ниже через $m_{m \times n}(K)$ обозначается множество всех матриц из $m$ строк и $n$ столбцов с коэффициентами из $k$ ).

Нормальная форма Смита. Пусть $k-$ либо кольцо $\mathbb{z}$ целых рациональных чисел, либо кольцо $f[\lambda]$ многочленов от $\lambda$ с коэффициентами из поля $f$. Матрица $b \in M_{m \times n}(K)$ наз. ; к в и в а л е в т н о й матрице $a \in M_{m \times n}(K)$, если найдутся такие обратимые матрицы $c \in M_{m \times m}(K)$ и $d \in M_{n \times n}(K)$, что $b=c A D$. Матрица $b$ әквивалентна $a$ тогда и только тогта, когда $b$ может быть получена из $a$ с помощью последовательности э лемен т а рных с т рочных йстол бцовых пр е об разов а ни й, т. е. преобразований следующих трех типов: а) перестановка строк (столбцов); б) прибавление к одной строке (столбцу) другой строки (столбца) с множителем из $k$; в) умножение строки (столбца) на обратимый элемент кольца $k$. Для преобразований этого типа справедливо следующее утверждение: всякая матрица $a \in M_{m \times n}(K)$ әквивалентна матрице $n \in M_{m \times n}(K)$ вида

![](https://cdn.mathpix.com/cropped/2023_07_08_b696bbc6b7a835bcc8fag-1.jpg?height=345&amp;width=382&amp;top_left_y=1614&amp;top_left_x=1228)

где $d_{i} \neq 0$ при всех $i, d_{i}$ делит $d_{i+1}$ при $i=1, \ldots, r-1$, и если $k=\mathbb{z}$, то все $d_{i}$ положптельны, а если $k=$ $=f\left[\lambda_{0}\right]$, то старшие коэффипиенты всех многочленов $d_{i}$ равны 1. Указанная матрица $n$ наз. н о р м а л ьн о й Формой Сми та м а т $d_{i}$ наз. ин в а р и антвы м и мно жите лями м а тр и цы $a$, а число $r-$ ее р а н г о м. Нормальная форма Смита определена по $a$ однозначно и может быть найдена следующим образом. Ранг $a$ равен порядку наименьшего ненулевого минора матрицы $a$. Пусть $i \leqslant j \leqslant r$; тогда среди всех мпноров порядка $j$ матрицы $a$ имеется хоть один ненулевой. Пусть $\delta_{j}$, $j=1, \ldots, r,-$ наибольший общий делитель всех ненулевых миноров порядка $j$ матрицы $a$ (нормированный условием, что $\delta_{j}&gt;0$ при $k=\mathbb{z}$ и что старший коэффициент многочлена $\delta_{j}$ равен 1 при $\left.K=F[\lambda]\right)$ и пусть $\delta_{0}=$ $=1$. Тогда $d_{j}=\delta_{j} / \Delta_{j-1}, j=1, \ldots, r$. Инвариантные множители являются полным набором инвариантов классов эквивалентных матриц: две матрпцы из $m_{m \times n}(K)$ эквивалентны тогда и только тогда, кокда у них совпадают ранги и инвариантные множители с равными номерами.

Инвариантные множители $d_{1}, \ldots, d_{r}$ раскладываотся (единственным способом с точностью до порядка сомшожителей) в произведение степевей чешриводимых в кольце $k$ элементов $e_{1}, \ldots, e_{s}$ (являющихся нег-рыми целыми положительными числами, большими 1 , если $k=\mathbb{z}$, и нек-рыми многочленами положительной степени со старшим коэффицциентом 1 , если $k=f[\lambda])$,

\[
d_{i}=e_{1}^{n_{i 1}} e_{2}^{n_{i 2}} \ldots e_{s}^{n_{i s}}, \quad i=1, \ldots, r,
\]

где $n_{i j}$ - целые неотрицательные числа. Каждый множитель $e_{j}^{n} i j$, для к-рого $n_{i j}&gt;0$, наз. ә л е м е н т а рны м д е л и т е л е м м а т р и ц $a$ (над $k$ ). Каждый элементарный делитель входит в совокупность $\mathcal{o}_{a}, K$ всех элементарных делителей матрицы $a$ столько раз, в разложении скольких инвариантных множителей он всгречается. Элементарные делители, в отличие от инвариантных множителей, зависят от того, над каким кольцом $k$ рассматривается $a$ : если $k=f[\lambda]$, а $\tilde{f}-$ нек-рое распирение поля $f$ Ii $\tilde{k}=\tilde{f}[\lambda]$, то матрица $a \in M_{m \times n}(K) \subset M_{m \times n}(\tilde{K})$ имеет, вообще говоря, различные элементарные делители (но одинаковые инвариантные множители) в зависимости от того, рассмагривается ли $a$ как әлемент $m_{m \times n}(K)$ или как элемент $m_{m \times n}(\tilde{K})$. Инвариантные множители восстанавливаются по полному набору әлементарных делителей и наоборот.

Практический способ нахождения нормальной формы Смита см., напр., в [1].

Укајанный основной результат о нормальной форме Смита получен для $k=\mathbb{z}$ (см. [7]), для $k=f[\lambda]$ (cм. [8]). Практически без изменений теория нормальных форм Смита переносится на случай, когла $k-$ любое кольцо главных ндеалов (см. [3], [6]). Нормальная форма Смита имеет важные приложкения, напр. на ней по существу оснсвывается структурная теория конечно порожденных модулей над кольцами главных идеалов (см. [3], [6]) и, в частности, теория конечно порожденных абелевых групп и теория жіордановой Н. ф. (см. ниже).

Естественная нормальная форма. Пусть $k$ - поле. Две квадратные матрицы $a$ и $b \in M_{n \times n}(K)$ наз. п од о б н ы м и над $k$, если найдется такая невырожденная матрица $c \in M_{n \times n}(K)$, что $b=c A C^{-1}$. Имеется тесная свлзь между подобием и әквивалентностью: матрицы $a$ и $b \in M_{n \times n}(K)$ подобны тогда и только тогда, когда матрицы $2 . E-A$ п $\lambda E-B$, где $e$ - единичная матрица, әквивалентны. Таким образом, для подобия $a$ и $\boldsymbol{b}$ необходимо и достаточно совпадения инвариантных множителей или, что то же,-- наборов элементарных делителей над $k[\lambda]$ у матрпц $\lambda E-A$ и $\lambda E-B$. Практический способ нахождепшя матрицы $c$ для подобных матриц $a$ и $b$ см. в [1], [4].

Матрица $\lambda E-A$ наз. х а $\mathrm{p}$ а г т е $\mathrm{p}$ и с т и п е с к о й м а т р и ц е й матрицы $a \in M_{n \times n}(K)$, а инварпаптные множители $\lambda E-A$ наз. и н в а р и а н т а м и п о д об и я матрицы $a$; их $n$ штук. Пусть $d_{1}, \ldots, d_{n}-$ инварианты подобия матрицы $a$. Многочлен $d_{n}$ равен определителю матрицы $\lambda E-A$ и наз. х а р а к т е р и с т ич е с к и м ногочл е ном матрицы $a$. Пусть $d_{1}=\ldots=d_{q}=1$, а степень $d_{j}$ при $j \geqslant q+1$ больше 1. Тогда справедливо утверждение: матрица $a$ подобна над $k$ блочнодиагональной матрице $n_{1} \in M_{n \times n}(K)$ вида

![](https://cdn.mathpix.com/cropped/2023_07_08_a885bf46aa4d498d6b5bg-1.jpg?height=201&amp;width=526&amp;top_left_y=242&amp;top_left_x=1144)

где через $l(f)$ для многочлена

\[
f=\lambda p+\alpha_{1} \lambda p-1+\ldots+\alpha_{p}
\]

обозначена т. н. с о п р о в о д а ющ а я м а т р иi $\mathbf{a}$ м но г о л л н a

\[
L(f)=\left\|\begin{array}{cccccc}
0 &amp; 1 &amp; 0 &amp; \cdots &amp; 0 &amp; 0 \\
0 &amp; 0 &amp; 1 &amp; \cdots &amp; 0 &amp; 0 \\
\cdots &amp; \cdots &amp; \cdots &amp; \cdots &amp; \cdots &amp; \cdots \\
0 &amp; 0 &amp; 0 &amp; \cdots &amp; 0 &amp; 1 \\
-\alpha_{p} &amp; -\alpha_{p-1} &amp; -\alpha_{p-2} &amp; \cdots &amp; -\alpha_{2} &amp; -\alpha_{1}
\end{array}\right\| .
\]

Матрица $n_{1}$ определена по $a$ однозначно и наз. п е рво ̆ е с т е с т в е н о й Н. ф. матрицы $a$ (см. [1], [2]).

Пусть теперь $\mathscr{o}_{a, K[\lambda]}$ - набор всех әлементарных делителей матрицы $\lambda E-A$. Тогда справедливо следующее основное утверждение: матрица $a$ подобна над $k$ блочнодиаі ональной матрице $n_{2}$, блоки к-рой - это сопровождающие матрицы всевозможных әлементарных делителей $e_{j}^{n} i j \in \mathscr{O}_{A, K[\lambda]}$ матрицы $\lambda E-A$ :

\[
N_{2}=\left\|\begin{array}{cc}
\cdot &amp; 0 \\
\cdot &amp; \\
&amp; L\left(e_{j}^{n_{i j}}\right) \\
0 &amp; \cdot
\end{array}\right\|
\]

Матрица $n_{2}$ определена по $a$ лишь с точностью до порядка следования клеток по главной диагонали; она наз. в т о р о й е с т е с т в е н н о й Н. ф. матрпцы $a$ (cм. [1], [2]), а также ее ф р о б е н и у с о в о й, р ац и о а льно й, к а но юичес к о й и к в а е с т е с т в е н н о й Н. ф. (см. [4]). В отличие от пгервой естественной Н. Ф., вторая естественная Н. Ф., вообще говоря, меняется при переходе от поля $k$ к его расширению.

Жорданова нормальная форма. Пусть $k$ - поле, $a \in M_{n_{\times n}}(K)$ и $\mathcal{o}_{a, K[\lambda]}=\left\{e_{i}^{n_{i}}\right\}-$ набор всех элементарных делителей матрицы $\lambda E-A$ над $k[\lambda]$. Пусть $k$ обладает тем свойством, что характеристич. многочлен $d_{n}$ матрицы $a$ раскладывается в $k[\lambda]$ на линейные множители (так будет, напр., если $k$ - поле комплексных чисел или, более общо, любюе алгебраически замкнутое поле). Тогда каждый из многочленов $e_{i}$ имеет вид $\lambda-a_{i}$ для нек-рого $a_{i} \in K$, а эліемештарный делитель $e_{i}^{n_{i j} \text { соот- }}$ ветственно имеет вид $\left(\lambda-a_{i}\right)^{n_{i j}}$. Матрица $j(f)$ из $m_{s \times s}(K)$ вида

\[
J(f)=\left\|\begin{array}{rrr}
a &amp; 1 &amp; 0 \\
\cdot &amp; \cdot &amp; \\
\cdot &amp; \cdot \\
0 &amp; \cdot &amp; 1 \\
&amp; a
\end{array}\right\|
\]

где $f=(\lambda-a)^{s}, a \in K$, наз. г и п е р с о п р о в о ж д а ю-

![](https://cdn.mathpix.com/cropped/2023_07_08_a885bf46aa4d498d6b5bg-1.jpg?height=42&amp;width=826&amp;top_left_y=2152&amp;top_left_x=996)
или жо р д ано в о й к л е т к о й $и$ й я д к а $s$ с с об с т в е н ы м и с ло м a. Справедливо следующее фундаментальное утверждение: матрица $a$ подобна над $k$ блочнодиагональной матрице $j \in M_{n \times n}(K)$, блоки к-рой - это гиперсопровождающие матрицы всевозможных әлементарных делителей матрицы $\hat{a} E-A$ :

\[
J=\left\|\begin{array}{ll}
\cdot &amp; 0 \\
\cdot &amp; \\
J\left(e_{i}^{n_{i j}}\right) &amp; \\
0 &amp; \ddots
\end{array}\right\| .
\]

Матрица $j$ опредетена лишь с точностью до порядка следования клетик на главной диагонали; она является жордановой матрицей и наз. ж о р д а н о в о й Н. ф. матрицы $a$. Если $k$ не обладает указанным выше свойством, то $a$ нельзя привести над $k$ к жордановой Н. ф. (но можно над нек-рым конечным расширением $k$ ). О так наз. обобщенной жордановой Н. Ф., приведение к к-рой возможно уже над любым полем $k$, см. [4].

Помимо различных теорий Н. ф. для произвольных матриц возможны соответствующие теории и для матриц какого-либо специального вида. Классическими примерами являются теории Н. ф. симметрич. и кососимметрич. матриц. А именно, пусть $k$ - поле. Две матрицы $a, B \in M_{n \times n}(K)$ наз. к о н г р у ә н т н ы м и (см. [1]), если найдется такая невырожденная матрица $c \in M_{n \times n}(K)$, что $b=c A C^{T}$. Н. ф. относительно отношения конгруәнтности наиболее исслегованы для классов симметрич. и кососимметрич. матриц. Пусть Char $k \neq 2$ и $a$ - кососимметрич. матрица, т. е. $a^{t}=-A$. Тогда $a$ конгруэнтна однозначно определенной матрице $h$ вида

![](https://cdn.mathpix.com/cropped/2023_07_08_e5dbcf137049af59e286g-1.jpg?height=459&amp;width=575&amp;top_left_y=1135&amp;top_left_x=256)

к-рая может рассматриваться как Н. ф. $a$ относительно отношения конгруэнтности. Если же $a$ - симметрич. матрица, т. е. $a^{t}=a$, то она конгруэнтна матрице $d$ вида

![](https://cdn.mathpix.com/cropped/2023_07_08_e5dbcf137049af59e286g-1.jpg?height=340&amp;width=362&amp;top_left_y=1723&amp;top_left_x=350)

где $\varepsilon_{i} \neq 0$ при всех $i$. Число $r$ равно рангу $a$ и определено однозначно, а дальнейшее уточнение выбора әлементов $\varepsilon_{i}$ зависит от свойств поля $k$. Так, если $k$ алгебраически замкнуто, то можно считать, что $\varepsilon_{1}=\ldots=$ $=\varepsilon_{r}=1$; если $k$ - поле пействительных чисел, то можно считать, что $\varepsilon_{1}=\ldots=\varepsilon_{p}=1$ и $\varepsilon_{p+1}=\ldots=\varepsilon_{r}=-1$ для нек-рого $p$. Этими свойствами $d$ уже определена однозначно и может рассматриваться как Н. Ф. $a$ относи- тельно отношения конгруәнтности. О Н. ф. симметрич. матриц для ряда других полей, а также об эрмитовых аналогах этой теории см. [6], [10] и ст. Квадратичная берма.

Объединяющим обстоятельством в рассмотренных (а также и других) теориях Н. ф. является то, что допустимые преобразования нат рассматриваемым множеством матриц опрецеляются действием нек-рой группы, так что классы матриц, переводимых друг в друга с помощью әтих преобразований, - орбиты этой группы, а указание Н. Ф. есть выделение в каждой орбите нек-рого канонич. представителя. Так, классы әквивалентных матриц - орбиты группы $g=\mathrm{gl}_{m}(k) \times \mathrm{GL}_{n}(K)$ (где $\mathrm{gl}_{s}(k)$ - группы обратимых квадратных матриц поряпка $s$ с коәффициентами из $k$ ), действующей на $m_{m \times n}(K)$ по правилу $a \rightarrow C A D^{-1}$, где $(c D) \in G$. Классы подобных матриц - это орбиты группы $\mathrm{gl}_{-n}(K)$ на $m_{m \times n}\left(K^{\prime}\right)$, действующей по правилу: $a \rightarrow C A C^{-1}$, где $c \in \mathrm{GL}_{n}(K)$. Классы конгруэнтых симметрич. или кососимметрич. матриц - әто орбиты группы $\mathrm{gl}_{n}(k)$ на множестве всех симметрич. или кососимметрич. матриц порядка $n$, действующей по правилу $a \rightarrow C A C^{T}$, где $c \in \mathrm{GL}_{n}(K)$. С этой точки зрения каждая теория Н. Ф. является конкретным примером решения части общей задачи орбитального разложения для действия нек-рой группы преобразований.

Лит.: [1] М а р к у с М., М и н К Х., Обзор по теории матриц и матричных неравенств, пер. с англ., М., 1972; [2] Ii а н к а с т е р П., Теория матриц, пер. с англ., M., 1978; ц е в А. и., Основы линейной алгебры, 4 изд., М., 1975; [5] б у р б а к и Н., Алгебра. Алгебраические структуры: Јинейная и полилинейная алгебра, пер. с франц., М., 1962; c франц., M., 1966; [7] s s i t $h$ H. J., The Collected Mathematical Paper, v. 1, Oxf., 1894, p. 367-409; [8] F r o b e n i u s G., &quot;j. reine und angew. Math.&quot;, 1879, Bd 86, S. $146-208$; [ 9 Г а н т м а х е р Ф. Р., Теория матриц, 2 изд., М., 1966 ; [10] С е р р Ж.-П., Курс арифметики, пер. с франц., М., 1972 .

2) Н. ф. о п е р а т о р а - представленше с точностью до изоморфизма самосопряженного оператора $a$, действуюшего в гильбертовом пространстве $\mathscr{h}$, в виде ортогональной суммы операторов умножения на независимую переменную.

Пусть, сначала, $a$ - ци к ли ч е с к пй о п е р ат о $\mathrm{p}$; это означает, чго существует элемент $h_{0} \in \mathscr{H}$ такой, что любой элемент $h \in \mathscr{H}$ однозначно представим в виде $f(a) h_{0}$, где $f(\xi)$ - нек-рая функция такая, что

\[
\int_{-\infty}^{+\infty}|F(\xi)|^{2} d\left(E_{\xi} h_{0}, h_{0}\right)&lt;\infty,
\]

здесь $e_{\xi},-\infty&lt;\xi&lt;\infty$,- спектральная функция сператора $a$. Пусть $\mathscr{l}_{\rho}^{2}-$ пространство функций, суммируемых с кватратом на $(-\infty,+\infty)$ с весом $\rho\left(\begin{array}{l}\varepsilon \\ \text { s) }\end{array}\right)=\left(E_{\xi} h_{0}, h_{0}\right)$, и $k_{\rho} F=\xi F\left(\frac{\xi}{3}\right)$ - отератор умножения на независимую переменную с областью определения

\[
D_{K_{\rho}}=\left\{F(\xi): \int_{-\infty}^{+\infty} \xi^{2}|F(\xi)|^{2} d \rho(\xi)&lt;\infty\right\} .
\]

Тогда операторы $a$ и $k_{\rho}$ изоморфны, $a \simeq K$, т. е. существует изоморфное и изометрич. отображение $u: \mathscr{H} \rightarrow$ $\rightarrow \mathscr{L}_{\rho}^{2}$ такое, тто $u D_{A}=D_{K_{\rho}}$ и $a=u^{-1} K_{\rho} U$.

Пусть, теперь, $a$ - произвольный самосопряженный оператор. Тогда $h$ можно разложить в ортогональную сумму инвариантных подпросгранств $h_{\alpha}$, на каждом из к-рых $a$ индуцирует циклич. операторы $a_{\alpha}$, так что $h=\sum \oplus H_{\alpha}, \quad A=\sum \oplus A_{\alpha}$ и $a_{\alpha} \simeq K_{\rho_{\alpha:}^{*}}$ Если на $\mathscr{l}^{2}=$ $=\sum \oplus \mathscr{L}_{\boldsymbol{\rho}_{\alpha}}^{2}$ задать оператор $k=\sum \oplus K_{\rho_{\alpha}}$, то $a \simeq K$.

Онератор $k$ наз. н о р м а ль н о й фо р м о й, или

![](https://cdn.mathpix.com/cropped/2023_07_08_e5dbcf137049af59e286g-1.jpg?height=37&amp;width=834&amp;top_left_y=2244&amp;top_left_x=987)
р а т о р а $a$. Теорема о канонич. представлении рас- пространяется на случай произвольных норлальных операторов.

Jum.: [1] П л е с н е p А. П., Спектральная теория линейных операторов, М., $1965 ;$ [2] А' х и е з е р Н. И., Г л а зм а н И. М., 2 Теория линейных операторов в гильбертовом
пространстве, 2 изд., М., 1966. 3) Н. ф. о п е р а т о р а - представление оператора $a$, действующего в Фока прострацстее, построенном над нек-рым пространством $l_{2}(m, \sigma)$, где $(m, \sigma)-$ пространство с мерой, в виде суммы

\[
\begin{gathered}
A=\sum_{m, n \geqslant 0} \int K_{n, m}\left(x_{1}, \ldots, x_{n} ; y_{1}, \ldots, y_{m}\right) \times \\
\times a^{*}\left(x_{1}\right) \ldots a^{*}\left(x_{n}\right) a\left(y_{1}\right) \ldots a\left(y_{m}\right) \prod_{i=1}^{n} d \sigma\left(x_{i}\right) \times \\
\times \prod_{j=1}^{m} d \sigma\left(y_{j}\right)
\end{gathered}
\]

где $\left\{a(x), a^{*}(x), x \in M\right\}$ - очераторнозначные обобщенные функции, порождающие семейства операторов уничтожения $\left\{a(f), f \in L_{2}(M, \sigma)\right\}$ и рождения $\{a *(f)$, $\left.f \in L_{2}(M, \sigma)\right\}:$

$a(f)=\int_{m} a(x) f(x) d \sigma(x), a^{*}(f)=\int_{M} a^{*}(x) \bar{f}(x) d \sigma(x)$.

В выражении (1) в каждом слагаемом множители $a\left(y_{j}\right)$, $j=1, \ldots, m$, стоят правее всех множителей $a_{*}^{*}\left(x_{i}\right), i=1$, $\ldots, n$, функции (возможно обобщенные) $k_{n, m}\left(x_{1}\right.$, $\left.\ldots, x_{n} ; y_{1}, \ldots, y_{m}\right)$ от двух наборов переменных $\left(x_{1}\right.$, $\left.\ldots, x_{n}\right) \in M^{n},\left(y_{1}, \ldots, y_{m}\right) \in M^{m}, n, m=0,1,2, \ldots$, в случае симметричного (бозонного) пространства Фока симметричны по переменным каждого из наборов в отдельности, а в случае антисимметричного (фермионного) пространства Фока - антисимметричны по этим переменным.

Для любого ограниченного оператора $a$ нормальная форма существует и единственна.

Представление (1) можно переписать в виде, непосредственно содержащем операторы уничтожения и рождения:

\[
A=\sum_{m, n} \sum_{\left\{i_{1}, \ldots, i_{n}\right\} ; i_{1}, \ldots, i_{m}, c_{i_{1} \ldots i_{n} j_{1} \ldots j_{m}} \times} \times
\]

где $\left\{f_{i}, \quad i=1,2, \ldots\right\}-$ нек-рый ортонормированный базис в $l_{2}(m, \sigma)$, и суммирование в (2) происходит по всем парам конечных наборов $\left\{f_{i_{1}}, \ldots, f_{i_{n}}\right\},\left\{f_{j_{1}}, \ldots\right.$, $\left.f_{j_{m}}\right\}$ элеменгов этого базиса.

В случае произеольного (сепарабельного) гильбертова пространства $h$ H. ф. оператора $a$. действующего в пространстве Фока $\gamma(h)$, построенном над $h$, определяется при фиксированном базисе $\left\{f_{i}, i=1,2, \ldots\right\}$ в $\boldsymbol{h}$ с помощью выражения (2), где $\boldsymbol{a}(f), \boldsymbol{a}^{*}(f), f \in \dot{H},-$ семейства операторов уничтожения и рождения, действующих в $\gamma(h)$.

Лum.: [1] Б е р е з и н Ф. А., Метод вторичного квантования, М., 1965. 4) Н. ф. р е к у р с и в н о й ф ун к ци и соб задания $n$-местной рекурсивной функции $\varphi$ в виде

\[
\varphi\left(x_{1}, \ldots, x_{n}\right)=g\left(\mu z\left(f\left(x_{1}, \ldots, x_{n}, z\right)=0\right)\right),
\]

где $f$ есть $(n+1)$-местная примитивно рекущсивная функпия, $g$ - одноместная примптивно рекурсивная функция, $\mu z\left(f\left(x_{1}, \ldots ., x_{n}, z\right)=0\right)$ - результат применения наименьшесо числа оператора к функции $f$. Т е ор е ма К л и и о Н. ф. утверждает: существует такая примитивно рекурсивная функция $g$, что каждая рекурсивная функщия $\varphi$ представима в виде (*) с подходящей функцией $f$, завислщей от $\varphi$, т. е.

( $\exists g)(\forall \varphi)(\exists f)\left(\forall x_{1}, \ldots, x_{n}\right)\left[\varphi\left(x_{1}, \ldots, x_{n}\right)=\right.$ $\left.=g\left(\mu z\left(f\left(x_{1}, \ldots, x_{n}, z\right)=0\right)\right)\right]$.

Теорема о Н. ф. являегся одной из важнейших теорем в теории рекурсивных фуннкций. А. А. Марков [2] получил характеристику тех функций $g$, к-рые могут использоваться в теореме о Н. Ф. в представлении (*). Функция $g$ тогда и только тогда может использоваться в качестве функции, существование к-рой утверждается в теореме о Н. Ф., когда уравнение $g(x)=n$ при любом $n$ имеет бесконечно много решений. Такие функции наз. ф у н к ц и я м и бо ль-

![](https://cdn.mathpix.com/cropped/2023_07_08_ff1720ea12331cf0d30fg-1.jpg?height=32&amp;width=337&amp;top_left_y=391&amp;top_left_x=995)

Лит.: [1] м а л ь Ч е в А. И., Алгоритмы и рекурсивные функции, М., 1965; [2] M а р к о в А. А., &quot;пзв. Ан Ссср.
Сер. матем.&quot;, 1949, т. 13, № 5, с. 417-24.
В. Е. Плиско.

5) Н. ф. с ис темы диффференци а лыных у р а в н е ни й

\[
\dot{x}_{i}=\varphi_{i}\left(x_{1}, \ldots, x_{n}\right), \quad i=1, \ldots, n,
\]

вблизи инвариантного многообразия $m$ - такая формальная система

\[
\dot{y}_{i}=\psi_{i}\left(y_{1}, \ldots, y_{n}\right), \quad i=1, \ldots, n,
\]

к-рая получается из (1) обратимой формальной заменой координат

\[
x_{i}=\xi_{i}\left(y_{1}, \ldots, y_{n}\right), \quad i=1, \ldots, n,
\]

и в к-рой ряды Тейлора - Фурье $\psi_{i}$ содержат только резонансные члены. Впервые Н. ф. для одного случая встречается в диссертации А. Пуанкаре (h. Poincaré, см. [1]). Посредством Н. ф. (2) нек-рые системы (1) интегрируются, многие исследуются на устойчивость и интегрируются приближенно, для систем (1) отыскиваются периодич. решения и семейства условно периодич. решений, изучаются их бифуркации.

Н. Ф. в окрестности неподвижной точки. Пусть $m-$ неподвижная точка $x \equiv\left(x_{1}, \ldots, x_{n}\right)=0$ системы (1) (т. е. $\varphi_{i}(0)=0$ ), функции $\varphi_{i}$ аналитичны в ней и $\lambda_{1}$, ..., $\lambda_{n}-$ собственные значения матрицы $\left\|\partial \varphi_{i} / \partial x_{j}\right\|$ при $x \stackrel{n}{=} 0$. Пусть $\lambda=\left(\lambda_{1}, \ldots, \lambda_{n}\right) \neq 0$. Тогда в полной окрестности точки $x=0$ система (1) имеет следующую Н. ф. (2): матрица $\left\|\partial \psi_{i} / \partial y_{j}\right\|$ при $\boldsymbol{y} \equiv\left(y_{1}, \ldots\right.$, $\left.y_{n}\right)=0$ имеет Н. ф. (напр., жорданову), а ряды Тейлора

\[
\psi_{i}=y_{i} \sum_{Q \in N_{i}} g_{i Q} Y Q, \quad i=1, \ldots, n,
\]

содержат только резонанскые члены, для к-рых

\[
(Q, \Lambda) \equiv q_{1} \lambda_{1}+\ldots+q_{n} \lambda_{n}=0 .
\]

Здесь $q=\left(q_{1}, \ldots, q_{n}\right), \quad Y Q=y_{1}^{q_{1}} \ldots y_{n}^{q_{n}}$,

\[
N_{i}=\left\{Q: \text { целые } q_{j} \geqslant 0, q_{i} \geqslant-1, q_{1}+\ldots+q_{n} \geqslant 0\right\} \text {. }
\]

Если уравнение (5) не имеет в $n=n_{1} \cup_{\ldots}$. U $n_{n}$ решений $q \neq 0$, то Н. ф. (2) являегся линейной:

\[
\dot{y}_{i}=\lambda_{i} y_{i}, \quad i=1, \ldots, n \text {. }
\]

Всякая система (1) с $\lambda \neq 0$ в окрестности неподвижной точки приводится к своей Н. Ф. (2) нек-рым формальным преобразованием (3), где $\xi_{i}$ - степенные ряды (возможно, расходящиеся), $\xi_{i}(0)=0$ и $\operatorname{det}\left\|\partial \xi_{i} / \partial y_{j}\right\| \neq 0$ при $y=0$.

Вообще говоря, нормализующее преобразование (3)и Н. ф. (2) (т. е. коэффициенты $g_{i Q}$ в (4)) неоднозначно определяются исходной системой (1). Н. ф. (2) $\operatorname{coxpa-~}$ няет мпогие свойства системы (1): вещественность, симметричность, гамильтоновость и др. (см. [2], [3]). Если в исходной системе имеются малые параметры, то их можно включить в число координат $x_{j}$, тогда $\dot{x}_{j}=0$. При нормализующем преобразовании такие координаты не меняются (см. [3]).

Если $k$ - число линейно независимых решекий $q \in N$ уравнения (5), то с помощью преобразования

\[
y_{i}=z_{1}^{\alpha_{i 1}} z_{2}^{\alpha} \ldots z_{n}^{\alpha_{i n}}, \quad i=1, \ldots, n,
\]

$\triangle 34$ Математическая энц., т. 3 где $\alpha_{i j}$ - целые и $\operatorname{det}\left\|\alpha_{i j}\right\|= \pm 1$, Н. ф. (2) переводится в спстему вида

\[
\dot{z}_{i}=z_{i} f_{i}\left(z_{1}, \ldots, z_{k}\right), \quad i=1, \ldots, n
\]

(см. [2], [3]). Решение этой системы сводится к решению подсистемы из первых $k$ уравнений и $\kappa$ рам. Подсистему надо псследовать в окрестности сложной особой точки $z_{1}=\ldots=z_{k}=0$, ибо $f_{1}, \ldots, f_{k}$ не содержат линейных членов. Это можно сделать с помощью локального метода (см. [3|).

Рассматривался вопрос (см. [2]): прі каких условиях на Н. ф. (2) сходится (аналитично) нормализуюцее преобразование аналитической системы (1)? Пусть

\[
\omega_{k}=\min |(Q, \Lambda)|
\]

по таким $q \in N$, для к-рых

\[
(Q, \Lambda) \neq 0, \quad q_{1}+\ldots+q_{n}&lt;2^{k}
\]

У с ло в и е $\omega: \sum_{k=1}^{\infty} 2^{-k} \ln \omega_{k}^{-1}&lt;\infty$.

У с л о в и е $\bar{\omega}:\left\lceil 2^{-k} \ln \omega_{k}^{-1}&lt;\infty\right.$ при $k \rightarrow \infty$.

Условие $\bar{\omega}$ слабее условия $\omega$. Оба они выполнены для почти всех $\lambda$ (по мере Лебега) и являются очень слабыми арифметич. ограничениями на $\lambda$.

У с л о в и е А в случӓе $\operatorname{re} \Lambda=0$ (общий случай см. в [2]): существует такой сгепенной ряд $a(y)$, что в (4) $\psi_{i}=\lambda_{i} y_{i} a, \quad i=1, \ldots, n$.

Если у аналитич. системы (1) $\lambda$ удовлетворяет условию $\omega$ и Н. ф. (2) удовлетворяет условию А, то существует аналитич. преобразование системы (1) к нек-рой Н. ф. Если Н. ф. (2) получается из нек-рой аналитич. системы и не удовлетворяет хотя бы одному из условий $\bar{\omega}$ и А, то существует такая аналитич. система (1), к-рая имеет (2) своей Н. ф. и всякое преобразование к-рой к Н. ф. расходится (не аналитично).

Таким образом, пос'авленный выше вопрос решен для всех Н. Ф., кроме тех, у к-рых $\lambda$ удовлетворяет условию $\omega$ и не удовлетворяет условию $\bar{\omega}$, а остальные коэффициенты Н. ф. удовлетворяют условию А. Условие А является очень жестким ограничением на коәффициенты Н. ф., и для больших $n$ оно выполнено, вообще говоря, только в вырожденных случаях. Т. е. основная причина расходимости преобразований к Н. Ф. это не малье знаменатели, а невырожденность Н. ф.

Но и в случаях расходимости нормализующего преобразования (3) по Н. Ф. (2) можно изучить свойства решений системы (1). Так, для вещественной системы (1) гладкое преобразование к Н. ф. (2) суцествует и в тех случаях, когда нет аналитического. Большинство результатов о гладкой нормализации получено при условии, тто все $\operatorname{re} \lambda_{j} \neq 0$. При этом условии с помощью замены $x \rightarrow V$ конечного класса гладкости систему (1) можно привести к у ко ро ч е н н о й Н. ф.

\[
\dot{v}_{i}=\tilde{\psi}_{i}(V), \quad i=1, \ldots ; n,
\]

где $\tilde{\psi}_{i}$ - многочлены степени $m$ (см. [4] - [6]). Если в нормализующем преобразовании (3) отбросить все члены степени выше $m$, то получится преобразование

\[
x_{i}=\tilde{\xi}_{i}(U), \quad i=1, \ldots, n
\]

![](https://cdn.mathpix.com/cropped/2023_07_08_e2c0a6f5a9fb199ab647g-1.jpg?height=50&amp;width=692&amp;top_left_y=2007&amp;top_left_x=120)

\[
\dot{u}_{i}=\tilde{\psi}_{i}(U)+\tilde{\varphi}_{i}(U), \quad i=1, \ldots, n,
\]

где $\tilde{\psi}_{i}$ - многочлены, содержащие только резонансные члены, $\tilde{\varphi}_{i}-$ сходящиеся степенные ряды, содержащие только члены степени выше $\mathrm{m}$. Решения укороченной Н. ф. (6) служат приближениями для решений системы (8) и после преобразования (7) дают приближения решений исходной системы (1). Во многих случаях для (6) удается построить такую Ляпунова функцию (или Четаева функцию) $f(v)$, что

\[
|f(V)| \leqslant c_{1}|V| \gamma \text { и }\left|\sum_{j=1}^{n} \frac{\partial f}{\partial v_{j}} \tilde{\varphi}_{j}\right|&gt;c_{2}|V| \gamma+m,
\]

где $c_{1}$ и $c_{2}$ - положительные постоянные. Тогда $f(u)$ будет функцией Ляпунова (четаева) для системы (8), т. е. точка $x=0$ будет устойчивой (неустойчивой). Напр., если все $\operatorname{re} \lambda_{i}&lt;0$, то можно взять $m=1$, $f=\sum_{i=1}^{n} v_{i}^{2}$ и получится теорема Ляпунова об устойчивости по линейному приближению (см. [7]; другие примеры см. в обзоре [8]).

По Н. ф. (2) можно находить инвариантные аналитические множества системы (1). В дальнейшем для простоты изложения предполагается, что $\operatorname{re} \Lambda=0$. По Н. ф. (2) выделяется формальное множество

\[
\mathcal{A}=\left\{Y: \psi_{i}=\lambda_{i} y_{i} a, \quad i=1, \ldots, n\right\},
\]

где $a-$ свободный параметр. На множестве $\mathcal{a}$ выполняется условие А. Пусть $k$ - объединение таких подпространств вида $\left\{y: y_{i}=0, \quad i=i_{1}, \ldots, i_{l}\right\}$, что соответствующие собственные значения $\lambda_{j}, i \neq i_{1}, \ldots$, $i_{l}, 1 \leqslant j \leqslant n$, попарно сопзмеримы. Формальное множество $\tilde{\mathcal{a}}=\mathcal{a} \cap K$ аналитічно в системе (1). Из $\mathcal{a}$ выделяется подмножество $\mathscr{b}$, к-рое аналитично в системе (1), если выполнено условие $\omega$ (см. [3]). На множествах $\tilde{\mathcal{a}}$ и $\mathscr{b}$ лежат периодич. решения и семейства условно периодич. репений системы (1). Рассматривая множества $\tilde{\mathscr{a}}$ и $\mathscr{b}$ в системах с малыми параметрами, можно изучить все аналитич. возмущения и бифуркации таких решений (см. [9]).

Обобщения. Если систему (1) приводить не к Н. Ф. (2), а к системе, правые части к-рой содержат нек-рые нерезонансные члешы, то упрощение получается менее значительным, зато можно улучшить качество преобравовавия. Т'ак, приведение к «полунормальной форме&quot; будет аналитическим при ослабленном условии А (см. [2]). Другой вариант - преобразование, нормализующее систему (1) лишь на нек-рых подмногообразиях (напр., на нек-рых координатных подпространсгвах; см. [2]). Комбинации этих подходов позволяют доказать для системы (1) существование инвариантных подмногообразий и решений определенного вида (см. [9]).

Пусть система (1) определена и аналитична в окрестности инвариантного многообразия $\boldsymbol{m}$ размерности $k+l$, к-рое расслаивается на $l$-мерные инвариантные торы. Тогда вблизи $m$ можно ввести такие локальные координаты

$s=\left(s_{1}, \ldots, s_{k}\right), \quad Y=\left(y_{1}, \ldots, y_{l}\right), \quad Z=\left(z_{1}, \ldots, z_{m}\right)$,

тто $z=0$ на $m, y_{j}$ имеют период $2 \pi, S$ пробегает нек-рую область $h$, и система (1) принимает вид

\[
\begin{aligned}
&amp; \dot{S}=\Phi^{(1)}(S, Y, Z), \\
&amp; \dot{Y}=\Omega(S, Y)+\Phi^{(2)}(S, Y, Z), \\
&amp; \dot{Z}=A(S, Y) Z+\Phi^{(3)}(S, Y, Z),
\end{aligned}
\]

где $\phi^{(j)}=o(|z|), j=1,2, \Phi^{(3)}=O\left(|Z|^{2}\right), A$ - матрица. Если $\omega=$ const и матрица $a$ треугольна с постоянной главной диагональю $\lambda=\left(\lambda_{1}, \ldots, \lambda_{n}\right)$, то (при слабом ограничении на малые знаменатели) существует формальное преобразование локальных координат $s, Y$, $z \rightarrow U, V, W$, к-рое приводит систему (9) к Н. $ф$. $\dot{u}=\sum \psi_{P Q}^{(1)}(U) W Q \exp i(P, V)$, $\left.\begin{array}{l}\dot{V}=\sum \psi_{P Q}^{(2)}(U) W^{Q} \exp i(P, V), \\ \dot{w}_{j}=w_{j} \sum g_{j P Q}(U) W^{Q} \exp (P, V), \quad j=1, \ldots, m,\end{array}\right\}$ где $p \in \mathbb{Z}^{l}, Q \in \mathbb{N}^{m}, U \in H$ и $i(p, \Omega)+(Q, \Lambda)=0$. Если среди координат $z$ есть малый параметр, то систему (9) можно осреднить Крылова - Боголюбова методом усреднения (см. [10]), и осредненная система будет Н. ф. Вообще, теорию возмущений можно рассматривать как частный случай теории Н. ф., когда одна из координат является малым параметром (см. [11]).

На системы (9) и (10) переносятся теоремы о сходимости нормализующей замены, теоремы о существовании аналитических инвариантных множеств и т. Д. Здесь наиболее изучен случай, когда $m$ - периодич. рептение, т. е. $k=0, l=1$. В атом случае теория Н. ф. во многом идентична случаю, когда $m$ - неподвижная точка. А. Пуанкаре предлоякил рассматривать точечное преобразование нормального сечения за период. В связи с этим возникла теория Н. ф. точечных отображений, к-рая параллельна соответствующей теории для систем (1). Другие обобщения Н. ф. см. в [3], [6], [12], [13].

Лum.: [1] П у а н к а p е А., Избр. труды, пер. с франц., т. 3, M., 1974; [2] Б p 0 н 0 A. Д., &quot;тр. Моск. Матем. об-ва&quot;, Јокальный метод нелинейного анализа дифференциальных уравнений, М., 1979; [4] X а р т м а н Ф., Обыкновенные дифференциальные уравнения, пер. с англ., М., 1970; [5] С а м оb 0 J B. С., &quot;докл. Aн Cccp&quot;, 1972, т. 206, N $\mathrm{n}$, c. 545-48; [6] Б е ли ц к и и г. Р., Нормальные формы, инварианты

![](https://cdn.mathpix.com/cropped/2023_07_08_5abf844d4c3a82a02238g-1.jpg?height=45&amp;width=834&amp;top_left_y=898&amp;top_left_x=119)
[8] К у н и ц ы н А. Јi., М а р к е е в А. П., Итоги науки [9] в i b ik ov J. N., Local theory of nonlinear analytic ordinary differential equations, B. [a. o.], 1979; [10] Б о г о л юбо в Н. Н., Мит р о по льс к и й Ю.'а., Асимптотические методы в теории нелинейных колебаний, 4 изд., М., 1974 ; I11] Б $\mathbf{0}$ о н o A. Д., «proc. Viii Intern. Conf. on Nonlinear

![](https://cdn.mathpix.com/cropped/2023_07_08_5abf844d4c3a82a02238g-1.jpg?height=40&amp;width=836&amp;top_left_y=1099&amp;top_left_x=118)
c. 982-85; [13] Z e h n d e r E. J., &quot;manus. math.&quot;, 1978, v. 23, р. $363-71$</text>
  <text_orig>1) Н. Ф. м а т р иц ы $A$ - матрица $N$ заранее определенного специального вида, получаемая из $A$ с помощью преобразований определенного типа. В зависимости от рассматриваемого типа преобразований, от области $K$, к к-рой прпнадлежат коэффпциенты $A$, от вида $A$ и, наконец, от специфики решаемой задачи (напр., от желания распирять или не расширять $K$ при переходе от $A$ к $N$, от необходимости определить $N$ по $A$ однозвачно пли, наоборот, с нек-рым произволом) рассматриваются и различные Н. ф. Часто вместо термина «Н. ф.» уготребляют термины «К а но н и ч еск а я фо о ма», «К а но н ич е с к и й в и д». К числу классических Н. ф. относятся следующие (ниже через $M_{m \times n}(K)$ обозначается множество всех матриц из $m$ строк и $n$ столбцов с коэффициентами из $K$ ).

Нормальная форма Смита. Пусть $K-$ либо кольцо $\mathbb{Z}$ целых рациональных чисел, либо кольцо $F[\lambda]$ многочленов от $\lambda$ с коэффициентами из поля $F$. Матрица $B \in M_{m \times n}(K)$ наз. ; к в и в а л е в т н о й матрице $A \in M_{m \times n}(K)$, если найдутся такие обратимые матрицы $C \in M_{m \times m}(K)$ и $D \in M_{n \times n}(K)$, что $B=C A D$. Матрица $B$ әквивалентна $A$ тогда и только тогта, когда $B$ может быть получена из $A$ с помощью последовательности э лемен т а рных с т рочных йстол бцовых пр е об разов а ни й, т. е. преобразований следующих трех типов: а) перестановка строк (столбцов); б) прибавление к одной строке (столбцу) другой строки (столбца) с множителем из $K$; в) умножение строки (столбца) на обратимый элемент кольца $K$. Для преобразований этого типа справедливо следующее утверждение: всякая матрица $A \in M_{m \times n}(K)$ әквивалентна матрице $N \in M_{m \times n}(K)$ вида

![](https://cdn.mathpix.com/cropped/2023_07_08_b696bbc6b7a835bcc8fag-1.jpg?height=345&amp;width=382&amp;top_left_y=1614&amp;top_left_x=1228)

где $d_{i} \neq 0$ при всех $i, d_{i}$ делит $d_{i+1}$ при $i=1, \ldots, r-1$, и если $K=\mathbb{Z}$, то все $d_{i}$ положптельны, а если $K=$ $=F\left[\lambda_{0}\right]$, то старшие коэффипиенты всех многочленов $d_{i}$ равны 1. Указанная матрица $N$ наз. н о р м а л ьн о й Формой Сми та м а т $d_{i}$ наз. ин в а р и антвы м и мно жите лями м а тр и цы $A$, а число $r-$ ее р а н г о м. Нормальная форма Смита определена по $A$ однозначно и может быть найдена следующим образом. Ранг $A$ равен порядку наименьшего ненулевого минора матрицы $A$. Пусть $i \leqslant j \leqslant r$; тогда среди всех мпноров порядка $j$ матрицы $A$ имеется хоть один ненулевой. Пусть $\Delta_{j}$, $j=1, \ldots, r,-$ наибольший общий делитель всех ненулевых миноров порядка $j$ матрицы $A$ (нормированный условием, что $\Delta_{j}&gt;0$ при $K=\mathbb{Z}$ и что старший коэффициент многочлена $\Delta_{j}$ равен 1 при $\left.K=F[\lambda]\right)$ и пусть $\Delta_{0}=$ $=1$. Тогда $d_{j}=\Delta_{j} / \Delta_{j-1}, j=1, \ldots, r$. Инвариантные множители являются полным набором инвариантов классов эквивалентных матриц: две матрпцы из $M_{m \times n}(K)$ эквивалентны тогда и только тогда, кокда у них совпадают ранги и инвариантные множители с равными номерами.

Инвариантные множители $d_{1}, \ldots, d_{r}$ раскладываотся (единственным способом с точностью до порядка сомшожителей) в произведение степевей чешриводимых в кольце $K$ элементов $e_{1}, \ldots, e_{s}$ (являющихся нег-рыми целыми положительными числами, большими 1 , если $K=\mathbb{Z}$, и нек-рыми многочленами положительной степени со старшим коэффицциентом 1 , если $K=F[\lambda])$,

\[
d_{i}=e_{1}^{n_{i 1}} e_{2}^{n_{i 2}} \ldots e_{s}^{n_{i s}}, \quad i=1, \ldots, r,
\]

где $n_{i j}$ - целые неотрицательные числа. Каждый множитель $e_{j}^{n} i j$, для к-рого $n_{i j}&gt;0$, наз. ә л е м е н т а рны м д е л и т е л е м м а т р и ц $A$ (над $K$ ). Каждый элементарный делитель входит в совокупность $\mathcal{O}_{A}, K$ всех элементарных делителей матрицы $A$ столько раз, в разложении скольких инвариантных множителей он всгречается. Элементарные делители, в отличие от инвариантных множителей, зависят от того, над каким кольцом $K$ рассматривается $A$ : если $K=F[\lambda]$, а $\tilde{F}-$ нек-рое распирение поля $F$ II $\tilde{K}=\tilde{F}[\lambda]$, то матрица $A \in M_{m \times n}(K) \subset M_{m \times n}(\tilde{K})$ имеет, вообще говоря, различные элементарные делители (но одинаковые инвариантные множители) в зависимости от того, рассмагривается ли $A$ как әлемент $M_{m \times n}(K)$ или как элемент $M_{m \times n}(\tilde{K})$. Инвариантные множители восстанавливаются по полному набору әлементарных делителей и наоборот.

Практический способ нахождения нормальной формы Смита см., напр., в [1].

Укајанный основной результат о нормальной форме Смита получен для $K=\mathbb{Z}$ (см. [7]), для $K=F[\lambda]$ (cм. [8]). Практически без изменений теория нормальных форм Смита переносится на случай, когла $K-$ любое кольцо главных ндеалов (см. [3], [6]). Нормальная форма Смита имеет важные приложкения, напр. на ней по существу оснсвывается структурная теория конечно порожденных модулей над кольцами главных идеалов (см. [3], [6]) и, в частности, теория конечно порожденных абелевых групп и теория жіордановой Н. ф. (см. ниже).

Естественная нормальная форма. Пусть $K$ - поле. Две квадратные матрицы $A$ и $B \in M_{n \times n}(K)$ наз. п од о б н ы м и над $K$, если найдется такая невырожденная матрица $C \in M_{n \times n}(K)$, что $B=C A C^{-1}$. Имеется тесная свлзь между подобием и әквивалентностью: матрицы $A$ и $B \in M_{n \times n}(K)$ подобны тогда и только тогда, когда матрицы $2 . E-A$ п $\lambda E-B$, где $E$ - единичная матрица, әквивалентны. Таким образом, для подобия $A$ и $\boldsymbol{B}$ необходимо и достаточно совпадения инвариантных множителей или, что то же,-- наборов элементарных делителей над $K[\lambda]$ у матрпц $\lambda E-A$ и $\lambda E-B$. Практический способ нахождепшя матрицы $C$ для подобных матриц $A$ и $B$ см. в [1], [4].

Матрица $\lambda E-A$ наз. х а $\mathrm{p}$ а г т е $\mathrm{p}$ и с т и п е с к о й м а т р и ц е й матрицы $A \in M_{n \times n}(K)$, а инварпаптные множители $\lambda E-A$ наз. и н в а р и а н т а м и п о д об и я матрицы $A$; их $n$ штук. Пусть $d_{1}, \ldots, d_{n}-$ инварианты подобия матрицы $A$. Многочлен $d_{n}$ равен определителю матрицы $\lambda E-A$ и наз. х а р а к т е р и с т ич е с к и м ногочл е ном матрицы $A$. Пусть $d_{1}=\ldots=d_{q}=1$, а степень $d_{j}$ при $j \geqslant q+1$ больше 1. Тогда справедливо утверждение: матрица $A$ подобна над $K$ блочнодиагональной матрице $N_{1} \in M_{n \times n}(K)$ вида

![](https://cdn.mathpix.com/cropped/2023_07_08_a885bf46aa4d498d6b5bg-1.jpg?height=201&amp;width=526&amp;top_left_y=242&amp;top_left_x=1144)

где через $L(f)$ для многочлена

\[
f=\lambda p+\alpha_{1} \lambda p-1+\ldots+\alpha_{p}
\]

обозначена т. н. с о п р о в о д а ющ а я м а т р иI $\mathbf{a}$ м но г о л л н a

\[
L(f)=\left\|\begin{array}{cccccc}
0 &amp; 1 &amp; 0 &amp; \cdots &amp; 0 &amp; 0 \\
0 &amp; 0 &amp; 1 &amp; \cdots &amp; 0 &amp; 0 \\
\cdots &amp; \cdots &amp; \cdots &amp; \cdots &amp; \cdots &amp; \cdots \\
0 &amp; 0 &amp; 0 &amp; \cdots &amp; 0 &amp; 1 \\
-\alpha_{p} &amp; -\alpha_{p-1} &amp; -\alpha_{p-2} &amp; \cdots &amp; -\alpha_{2} &amp; -\alpha_{1}
\end{array}\right\| .
\]

Матрица $N_{1}$ определена по $A$ однозначно и наз. п е рво ̆ е с т е с т в е н о й Н. ф. матрицы $A$ (см. [1], [2]).

Пусть теперь $\mathscr{O}_{A, K[\lambda]}$ - набор всех әлементарных делителей матрицы $\lambda E-A$. Тогда справедливо следующее основное утверждение: матрица $A$ подобна над $K$ блочнодиаі ональной матрице $N_{2}$, блоки к-рой - это сопровождающие матрицы всевозможных әлементарных делителей $e_{j}^{n} i j \in \mathscr{O}_{A, K[\lambda]}$ матрицы $\lambda E-A$ :

\[
N_{2}=\left\|\begin{array}{cc}
\cdot &amp; 0 \\
\cdot &amp; \\
&amp; L\left(e_{j}^{n_{i j}}\right) \\
0 &amp; \cdot
\end{array}\right\|
\]

Матрица $N_{2}$ определена по $A$ лишь с точностью до порядка следования клеток по главной диагонали; она наз. в т о р о й е с т е с т в е н н о й Н. ф. матрпцы $A$ (cм. [1], [2]), а также ее ф р о б е н и у с о в о й, р ац и о а льно й, к а но юичес к о й и к в а е с т е с т в е н н о й Н. ф. (см. [4]). В отличие от пгервой естественной Н. Ф., вторая естественная Н. Ф., вообще говоря, меняется при переходе от поля $K$ к его расширению.

Жорданова нормальная форма. Пусть $K$ - поле, $A \in M_{n_{\times n}}(K)$ и $\mathcal{O}_{A, K[\lambda]}=\left\{e_{i}^{n_{i}}\right\}-$ набор всех элементарных делителей матрицы $\lambda E-A$ над $K[\lambda]$. Пусть $K$ обладает тем свойством, что характеристич. многочлен $d_{n}$ матрицы $A$ раскладывается в $K[\lambda]$ на линейные множители (так будет, напр., если $K$ - поле комплексных чисел или, более общо, любюе алгебраически замкнутое поле). Тогда каждый из многочленов $e_{i}$ имеет вид $\lambda-a_{i}$ для нек-рого $a_{i} \in K$, а эліемештарный делитель $e_{i}^{n_{i j} \text { соот- }}$ ветственно имеет вид $\left(\lambda-a_{i}\right)^{n_{i j}}$. Матрица $J(f)$ из $M_{s \times s}(K)$ вида

\[
J(f)=\left\|\begin{array}{rrr}
a &amp; 1 &amp; 0 \\
\cdot &amp; \cdot &amp; \\
\cdot &amp; \cdot \\
0 &amp; \cdot &amp; 1 \\
&amp; a
\end{array}\right\|
\]

где $f=(\lambda-a)^{s}, a \in K$, наз. г и п е р с о п р о в о ж д а ю-

![](https://cdn.mathpix.com/cropped/2023_07_08_a885bf46aa4d498d6b5bg-1.jpg?height=42&amp;width=826&amp;top_left_y=2152&amp;top_left_x=996)
или жо р д ано в о й к л е т к о й $и$ й я д к а $s$ с с об с т в е н ы м и с ло м a. Справедливо следующее фундаментальное утверждение: матрица $A$ подобна над $K$ блочнодиагональной матрице $J \in M_{n \times n}(K)$, блоки к-рой - это гиперсопровождающие матрицы всевозможных әлементарных делителей матрицы $\hat{A} E-A$ :

\[
J=\left\|\begin{array}{ll}
\cdot &amp; 0 \\
\cdot &amp; \\
J\left(e_{i}^{n_{i j}}\right) &amp; \\
0 &amp; \ddots
\end{array}\right\| .
\]

Матрица $J$ опредетена лишь с точностью до порядка следования клетик на главной диагонали; она является жордановой матрицей и наз. ж о р д а н о в о й Н. ф. матрицы $A$. Если $K$ не обладает указанным выше свойством, то $A$ нельзя привести над $K$ к жордановой Н. ф. (но можно над нек-рым конечным расширением $K$ ). О так наз. обобщенной жордановой Н. Ф., приведение к к-рой возможно уже над любым полем $K$, см. [4].

Помимо различных теорий Н. ф. для произвольных матриц возможны соответствующие теории и для матриц какого-либо специального вида. Классическими примерами являются теории Н. ф. симметрич. и кососимметрич. матриц. А именно, пусть $K$ - поле. Две матрицы $A, B \in M_{n \times n}(K)$ наз. к о н г р у ә н т н ы м и (см. [1]), если найдется такая невырожденная матрица $C \in M_{n \times n}(K)$, что $B=C A C^{T}$. Н. ф. относительно отношения конгруәнтности наиболее исслегованы для классов симметрич. и кососимметрич. матриц. Пусть Char $K \neq 2$ и $A$ - кососимметрич. матрица, т. е. $A^{T}=-A$. Тогда $A$ конгруэнтна однозначно определенной матрице $H$ вида

![](https://cdn.mathpix.com/cropped/2023_07_08_e5dbcf137049af59e286g-1.jpg?height=459&amp;width=575&amp;top_left_y=1135&amp;top_left_x=256)

к-рая может рассматриваться как Н. ф. $A$ относительно отношения конгруэнтности. Если же $A$ - симметрич. матрица, т. е. $A^{T}=A$, то она конгруэнтна матрице $D$ вида

![](https://cdn.mathpix.com/cropped/2023_07_08_e5dbcf137049af59e286g-1.jpg?height=340&amp;width=362&amp;top_left_y=1723&amp;top_left_x=350)

где $\varepsilon_{i} \neq 0$ при всех $i$. Число $r$ равно рангу $A$ и определено однозначно, а дальнейшее уточнение выбора әлементов $\varepsilon_{i}$ зависит от свойств поля $K$. Так, если $K$ алгебраически замкнуто, то можно считать, что $\varepsilon_{1}=\ldots=$ $=\varepsilon_{r}=1$; если $K$ - поле пействительных чисел, то можно считать, что $\varepsilon_{1}=\ldots=\varepsilon_{p}=1$ и $\varepsilon_{p+1}=\ldots=\varepsilon_{r}=-1$ для нек-рого $p$. Этими свойствами $D$ уже определена однозначно и может рассматриваться как Н. Ф. $A$ относи- тельно отношения конгруәнтности. О Н. ф. симметрич. матриц для ряда других полей, а также об эрмитовых аналогах этой теории см. [6], [10] и ст. Квадратичная берма.

Объединяющим обстоятельством в рассмотренных (а также и других) теориях Н. ф. является то, что допустимые преобразования нат рассматриваемым множеством матриц опрецеляются действием нек-рой группы, так что классы матриц, переводимых друг в друга с помощью әтих преобразований, - орбиты этой группы, а указание Н. Ф. есть выделение в каждой орбите нек-рого канонич. представителя. Так, классы әквивалентных матриц - орбиты группы $G=\mathrm{GL}_{m}(K) \times \mathrm{GL}_{n}(K)$ (где $\mathrm{GL}_{s}(K)$ - группы обратимых квадратных матриц поряпка $s$ с коәффициентами из $K$ ), действующей на $M_{m \times n}(K)$ по правилу $A \rightarrow C A D^{-1}$, где $(C D) \in G$. Классы подобных матриц - это орбиты группы $\mathrm{GL}_{-n}(K)$ на $M_{m \times n}\left(K^{\prime}\right)$, действующей по правилу: $A \rightarrow C A C^{-1}$, где $C \in \mathrm{GL}_{n}(K)$. Классы конгруэнтых симметрич. или кососимметрич. матриц - әто орбиты группы $\mathrm{GL}_{n}(K)$ на множестве всех симметрич. или кососимметрич. матриц порядка $n$, действующей по правилу $A \rightarrow C A C^{T}$, где $C \in \mathrm{GL}_{n}(K)$. С этой точки зрения каждая теория Н. Ф. является конкретным примером решения части общей задачи орбитального разложения для действия нек-рой группы преобразований.

Лит.: [1] М а р к у с М., М и н К Х., Обзор по теории матриц и матричных неравенств, пер. с англ., М., 1972; [2] II а н к а с т е р П., Теория матриц, пер. с англ., M., 1978; ц е в А. и., Основы линейной алгебры, 4 изд., М., 1975; [5] б у р б а к и Н., Алгебра. Алгебраические структуры: Јинейная и полилинейная алгебра, пер. с франц., М., 1962; c франц., M., 1966; [7] s s i t $h$ H. J., The Collected Mathematical Paper, v. 1, Oxf., 1894, p. 367-409; [8] F r o b e n i u s G., &quot;J. reine und angew. Math.&quot;, 1879, Bd 86, S. $146-208$; [ 9 Г а н т м а х е р Ф. Р., Теория матриц, 2 изд., М., 1966 ; [10] С е р р Ж.-П., Курс арифметики, пер. с франц., М., 1972 .

2) Н. ф. о п е р а т о р а - представленше с точностью до изоморфизма самосопряженного оператора $A$, действуюшего в гильбертовом пространстве $\mathscr{H}$, в виде ортогональной суммы операторов умножения на независимую переменную.

Пусть, сначала, $A$ - ци к ли ч е с к пй о п е р ат о $\mathrm{p}$; это означает, чго существует элемент $h_{0} \in \mathscr{H}$ такой, что любой элемент $h \in \mathscr{H}$ однозначно представим в виде $F(A) h_{0}$, где $F(\xi)$ - нек-рая функция такая, что

\[
\int_{-\infty}^{+\infty}|F(\xi)|^{2} d\left(E_{\xi} h_{0}, h_{0}\right)&lt;\infty,
\]

здесь $E_{\xi},-\infty&lt;\xi&lt;\infty$,- спектральная функция сператора $A$. Пусть $\mathscr{L}_{\rho}^{2}-$ пространство функций, суммируемых с кватратом на $(-\infty,+\infty)$ с весом $\rho\left(\begin{array}{l}\varepsilon \\ \text { s) }\end{array}\right)=\left(E_{\xi} h_{0}, h_{0}\right)$, и $K_{\rho} F=\xi F\left(\frac{\xi}{3}\right)$ - отератор умножения на независимую переменную с областью определения

\[
D_{K_{\rho}}=\left\{F(\xi): \int_{-\infty}^{+\infty} \xi^{2}|F(\xi)|^{2} d \rho(\xi)&lt;\infty\right\} .
\]

Тогда операторы $A$ и $K_{\rho}$ изоморфны, $A \simeq K$, т. е. существует изоморфное и изометрич. отображение $U: \mathscr{H} \rightarrow$ $\rightarrow \mathscr{L}_{\rho}^{2}$ такое, тто $U D_{A}=D_{K_{\rho}}$ и $A=U^{-1} K_{\rho} U$.

Пусть, теперь, $A$ - произвольный самосопряженный оператор. Тогда $H$ можно разложить в ортогональную сумму инвариантных подпросгранств $H_{\alpha}$, на каждом из к-рых $A$ индуцирует циклич. операторы $A_{\alpha}$, так что $H=\sum \oplus H_{\alpha}, \quad A=\sum \oplus A_{\alpha}$ и $A_{\alpha} \simeq K_{\rho_{\alpha:}^{*}}$ Если на $\mathscr{L}^{2}=$ $=\sum \oplus \mathscr{L}_{\boldsymbol{\rho}_{\alpha}}^{2}$ задать оператор $K=\sum \oplus K_{\rho_{\alpha}}$, то $A \simeq K$.

Онератор $K$ наз. н о р м а ль н о й фо р м о й, или

![](https://cdn.mathpix.com/cropped/2023_07_08_e5dbcf137049af59e286g-1.jpg?height=37&amp;width=834&amp;top_left_y=2244&amp;top_left_x=987)
р а т о р а $A$. Теорема о канонич. представлении рас- пространяется на случай произвольных норлальных операторов.

Jum.: [1] П л е с н е p А. П., Спектральная теория линейных операторов, М., $1965 ;$ [2] А' х и е з е р Н. И., Г л а зм а н И. М., 2 Теория линейных операторов в гильбертовом
пространстве, 2 изд., М., 1966. 3) Н. ф. о п е р а т о р а - представление оператора $A$, действующего в Фока прострацстее, построенном над нек-рым пространством $L_{2}(M, \sigma)$, где $(M, \sigma)-$ пространство с мерой, в виде суммы

\[
\begin{gathered}
A=\sum_{m, n \geqslant 0} \int K_{n, m}\left(x_{1}, \ldots, x_{n} ; y_{1}, \ldots, y_{m}\right) \times \\
\times a^{*}\left(x_{1}\right) \ldots a^{*}\left(x_{n}\right) a\left(y_{1}\right) \ldots a\left(y_{m}\right) \prod_{i=1}^{n} d \sigma\left(x_{i}\right) \times \\
\times \prod_{j=1}^{m} d \sigma\left(y_{j}\right)
\end{gathered}
\]

где $\left\{a(x), a^{*}(x), x \in M\right\}$ - очераторнозначные обобщенные функции, порождающие семейства операторов уничтожения $\left\{a(f), f \in L_{2}(M, \sigma)\right\}$ и рождения $\{a *(f)$, $\left.f \in L_{2}(M, \sigma)\right\}:$

$a(f)=\int_{M} a(x) f(x) d \sigma(x), a^{*}(f)=\int_{M} a^{*}(x) \bar{f}(x) d \sigma(x)$.

В выражении (1) в каждом слагаемом множители $a\left(y_{j}\right)$, $j=1, \ldots, m$, стоят правее всех множителей $a_{*}^{*}\left(x_{i}\right), i=1$, $\ldots, n$, функции (возможно обобщенные) $K_{n, m}\left(x_{1}\right.$, $\left.\ldots, x_{n} ; y_{1}, \ldots, y_{m}\right)$ от двух наборов переменных $\left(x_{1}\right.$, $\left.\ldots, x_{n}\right) \in M^{n},\left(y_{1}, \ldots, y_{m}\right) \in M^{m}, n, m=0,1,2, \ldots$, в случае симметричного (бозонного) пространства Фока симметричны по переменным каждого из наборов в отдельности, а в случае антисимметричного (фермионного) пространства Фока - антисимметричны по этим переменным.

Для любого ограниченного оператора $A$ нормальная форма существует и единственна.

Представление (1) можно переписать в виде, непосредственно содержащем операторы уничтожения и рождения:

\[
A=\sum_{m, n} \sum_{\left\{i_{1}, \ldots, i_{n}\right\} ; i_{1}, \ldots, i_{m}, c_{i_{1} \ldots i_{n} j_{1} \ldots j_{m}} \times} \times
\]

где $\left\{f_{i}, \quad i=1,2, \ldots\right\}-$ нек-рый ортонормированный базис в $L_{2}(M, \sigma)$, и суммирование в (2) происходит по всем парам конечных наборов $\left\{f_{i_{1}}, \ldots, f_{i_{n}}\right\},\left\{f_{j_{1}}, \ldots\right.$, $\left.f_{j_{m}}\right\}$ элеменгов этого базиса.

В случае произеольного (сепарабельного) гильбертова пространства $H$ H. ф. оператора $A$. действующего в пространстве Фока $\Gamma(H)$, построенном над $H$, определяется при фиксированном базисе $\left\{f_{i}, i=1,2, \ldots\right\}$ в $\boldsymbol{H}$ с помощью выражения (2), где $\boldsymbol{a}(f), \boldsymbol{a}^{*}(f), f \in \dot{H},-$ семейства операторов уничтожения и рождения, действующих в $\Gamma(H)$.

Лum.: [1] Б е р е з и н Ф. А., Метод вторичного квантования, М., 1965. 4) Н. ф. р е к у р с и в н о й ф ун к ци и соб задания $n$-местной рекурсивной функции $\varphi$ в виде

\[
\varphi\left(x_{1}, \ldots, x_{n}\right)=g\left(\mu z\left(f\left(x_{1}, \ldots, x_{n}, z\right)=0\right)\right),
\]

где $f$ есть $(n+1)$-местная примитивно рекущсивная функпия, $g$ - одноместная примптивно рекурсивная функция, $\mu z\left(f\left(x_{1}, \ldots ., x_{n}, z\right)=0\right)$ - результат применения наименьшесо числа оператора к функции $f$. Т е ор е ма К л и и о Н. ф. утверждает: существует такая примитивно рекурсивная функция $g$, что каждая рекурсивная функщия $\varphi$ представима в виде (*) с подходящей функцией $f$, завислщей от $\varphi$, т. е.

( $\exists g)(\forall \varphi)(\exists f)\left(\forall x_{1}, \ldots, x_{n}\right)\left[\varphi\left(x_{1}, \ldots, x_{n}\right)=\right.$ $\left.=g\left(\mu z\left(f\left(x_{1}, \ldots, x_{n}, z\right)=0\right)\right)\right]$.

Теорема о Н. ф. являегся одной из важнейших теорем в теории рекурсивных фуннкций. А. А. Марков [2] получил характеристику тех функций $g$, к-рые могут использоваться в теореме о Н. Ф. в представлении (*). Функция $g$ тогда и только тогда может использоваться в качестве функции, существование к-рой утверждается в теореме о Н. Ф., когда уравнение $g(x)=n$ при любом $n$ имеет бесконечно много решений. Такие функции наз. ф у н к ц и я м и бо ль-

![](https://cdn.mathpix.com/cropped/2023_07_08_ff1720ea12331cf0d30fg-1.jpg?height=32&amp;width=337&amp;top_left_y=391&amp;top_left_x=995)

Лит.: [1] м а л ь Ч е в А. И., Алгоритмы и рекурсивные функции, М., 1965; [2] M а р к о в А. А., &quot;Пзв. АН СССР.
Сер. матем.&quot;, 1949, т. 13, № 5, с. 417-24.
В. Е. Плиско.

5) Н. ф. с ис темы диффференци а лыных у р а в н е ни й

\[
\dot{x}_{i}=\varphi_{i}\left(x_{1}, \ldots, x_{n}\right), \quad i=1, \ldots, n,
\]

вблизи инвариантного многообразия $M$ - такая формальная система

\[
\dot{y}_{i}=\psi_{i}\left(y_{1}, \ldots, y_{n}\right), \quad i=1, \ldots, n,
\]

к-рая получается из (1) обратимой формальной заменой координат

\[
x_{i}=\xi_{i}\left(y_{1}, \ldots, y_{n}\right), \quad i=1, \ldots, n,
\]

и в к-рой ряды Тейлора - Фурье $\psi_{i}$ содержат только резонансные члены. Впервые Н. ф. для одного случая встречается в диссертации А. Пуанкаре (H. Poincaré, см. [1]). Посредством Н. ф. (2) нек-рые системы (1) интегрируются, многие исследуются на устойчивость и интегрируются приближенно, для систем (1) отыскиваются периодич. решения и семейства условно периодич. решений, изучаются их бифуркации.

Н. Ф. в окрестности неподвижной точки. Пусть $M-$ неподвижная точка $X \equiv\left(x_{1}, \ldots, x_{n}\right)=0$ системы (1) (т. е. $\varphi_{i}(0)=0$ ), функции $\varphi_{i}$ аналитичны в ней и $\lambda_{1}$, ..., $\lambda_{n}-$ собственные значения матрицы $\left\|\partial \varphi_{i} / \partial x_{j}\right\|$ при $X \stackrel{n}{=} 0$. Пусть $\Lambda=\left(\lambda_{1}, \ldots, \lambda_{n}\right) \neq 0$. Тогда в полной окрестности точки $X=0$ система (1) имеет следующую Н. ф. (2): матрица $\left\|\partial \psi_{i} / \partial y_{j}\right\|$ при $\boldsymbol{Y} \equiv\left(y_{1}, \ldots\right.$, $\left.y_{n}\right)=0$ имеет Н. ф. (напр., жорданову), а ряды Тейлора

\[
\psi_{i}=y_{i} \sum_{Q \in N_{i}} g_{i Q} Y Q, \quad i=1, \ldots, n,
\]

содержат только резонанскые члены, для к-рых

\[
(Q, \Lambda) \equiv q_{1} \lambda_{1}+\ldots+q_{n} \lambda_{n}=0 .
\]

Здесь $Q=\left(q_{1}, \ldots, q_{n}\right), \quad Y Q=y_{1}^{q_{1}} \ldots y_{n}^{q_{n}}$,

\[
N_{i}=\left\{Q: \text { целые } q_{j} \geqslant 0, q_{i} \geqslant-1, q_{1}+\ldots+q_{n} \geqslant 0\right\} \text {. }
\]

Если уравнение (5) не имеет в $N=N_{1} \cup_{\ldots}$. U $N_{n}$ решений $Q \neq 0$, то Н. ф. (2) являегся линейной:

\[
\dot{y}_{i}=\lambda_{i} y_{i}, \quad i=1, \ldots, n \text {. }
\]

Всякая система (1) с $\Lambda \neq 0$ в окрестности неподвижной точки приводится к своей Н. Ф. (2) нек-рым формальным преобразованием (3), где $\xi_{i}$ - степенные ряды (возможно, расходящиеся), $\xi_{i}(0)=0$ и $\operatorname{det}\left\|\partial \xi_{i} / \partial y_{j}\right\| \neq 0$ при $Y=0$.

Вообще говоря, нормализующее преобразование (3)и Н. ф. (2) (т. е. коэффициенты $g_{i Q}$ в (4)) неоднозначно определяются исходной системой (1). Н. ф. (2) $\operatorname{coxpa-~}$ няет мпогие свойства системы (1): вещественность, симметричность, гамильтоновость и др. (см. [2], [3]). Если в исходной системе имеются малые параметры, то их можно включить в число координат $x_{j}$, тогда $\dot{x}_{j}=0$. При нормализующем преобразовании такие координаты не меняются (см. [3]).

Если $k$ - число линейно независимых решекий $Q \in N$ уравнения (5), то с помощью преобразования

\[
y_{i}=z_{1}^{\alpha_{i 1}} z_{2}^{\alpha} \ldots z_{n}^{\alpha_{i n}}, \quad i=1, \ldots, n,
\]

$\triangle 34$ Математическая энц., т. 3 где $\alpha_{i j}$ - целые и $\operatorname{det}\left\|\alpha_{i j}\right\|= \pm 1$, Н. ф. (2) переводится в спстему вида

\[
\dot{z}_{i}=z_{i} f_{i}\left(z_{1}, \ldots, z_{k}\right), \quad i=1, \ldots, n
\]

(см. [2], [3]). Решение этой системы сводится к решению подсистемы из первых $k$ уравнений и $\kappa$ рам. Подсистему надо псследовать в окрестности сложной особой точки $z_{1}=\ldots=z_{k}=0$, ибо $f_{1}, \ldots, f_{k}$ не содержат линейных членов. Это можно сделать с помощью локального метода (см. [3|).

Рассматривался вопрос (см. [2]): прі каких условиях на Н. ф. (2) сходится (аналитично) нормализуюцее преобразование аналитической системы (1)? Пусть

\[
\omega_{k}=\min |(Q, \Lambda)|
\]

по таким $Q \in N$, для к-рых

\[
(Q, \Lambda) \neq 0, \quad q_{1}+\ldots+q_{n}&lt;2^{k}
\]

У с ло в и е $\omega: \sum_{k=1}^{\infty} 2^{-k} \ln \omega_{k}^{-1}&lt;\infty$.

У с л о в и е $\bar{\omega}:\left\lceil 2^{-k} \ln \omega_{k}^{-1}&lt;\infty\right.$ при $k \rightarrow \infty$.

Условие $\bar{\omega}$ слабее условия $\omega$. Оба они выполнены для почти всех $\Lambda$ (по мере Лебега) и являются очень слабыми арифметич. ограничениями на $\Lambda$.

У с л о в и е А в случӓе $\operatorname{Re} \Lambda=0$ (общий случай см. в [2]): существует такой сгепенной ряд $a(Y)$, что в (4) $\psi_{i}=\lambda_{i} y_{i} a, \quad i=1, \ldots, n$.

Если у аналитич. системы (1) $\Lambda$ удовлетворяет условию $\omega$ и Н. ф. (2) удовлетворяет условию А, то существует аналитич. преобразование системы (1) к нек-рой Н. ф. Если Н. ф. (2) получается из нек-рой аналитич. системы и не удовлетворяет хотя бы одному из условий $\bar{\omega}$ и А, то существует такая аналитич. система (1), к-рая имеет (2) своей Н. ф. и всякое преобразование к-рой к Н. ф. расходится (не аналитично).

Таким образом, пос'авленный выше вопрос решен для всех Н. Ф., кроме тех, у к-рых $\Lambda$ удовлетворяет условию $\omega$ и не удовлетворяет условию $\bar{\omega}$, а остальные коэффициенты Н. ф. удовлетворяют условию А. Условие А является очень жестким ограничением на коәффициенты Н. ф., и для больших $n$ оно выполнено, вообще говоря, только в вырожденных случаях. Т. е. основная причина расходимости преобразований к Н. Ф. это не малье знаменатели, а невырожденность Н. ф.

Но и в случаях расходимости нормализующего преобразования (3) по Н. Ф. (2) можно изучить свойства решений системы (1). Так, для вещественной системы (1) гладкое преобразование к Н. ф. (2) суцествует и в тех случаях, когда нет аналитического. Большинство результатов о гладкой нормализации получено при условии, тто все $\operatorname{Re} \lambda_{j} \neq 0$. При этом условии с помощью замены $X \rightarrow V$ конечного класса гладкости систему (1) можно привести к у ко ро ч е н н о й Н. ф.

\[
\dot{v}_{i}=\tilde{\psi}_{i}(V), \quad i=1, \ldots ; n,
\]

где $\tilde{\psi}_{i}$ - многочлены степени $m$ (см. [4] - [6]). Если в нормализующем преобразовании (3) отбросить все члены степени выше $m$, то получится преобразование

\[
x_{i}=\tilde{\xi}_{i}(U), \quad i=1, \ldots, n
\]

![](https://cdn.mathpix.com/cropped/2023_07_08_e2c0a6f5a9fb199ab647g-1.jpg?height=50&amp;width=692&amp;top_left_y=2007&amp;top_left_x=120)

\[
\dot{u}_{i}=\tilde{\psi}_{i}(U)+\tilde{\varphi}_{i}(U), \quad i=1, \ldots, n,
\]

где $\tilde{\psi}_{i}$ - многочлены, содержащие только резонансные члены, $\tilde{\varphi}_{i}-$ сходящиеся степенные ряды, содержащие только члены степени выше $\mathrm{m}$. Решения укороченной Н. ф. (6) служат приближениями для решений системы (8) и после преобразования (7) дают приближения решений исходной системы (1). Во многих случаях для (6) удается построить такую Ляпунова функцию (или Четаева функцию) $f(V)$, что

\[
|f(V)| \leqslant c_{1}|V| \gamma \text { и }\left|\sum_{j=1}^{n} \frac{\partial f}{\partial v_{j}} \tilde{\varphi}_{j}\right|&gt;c_{2}|V| \gamma+m,
\]

где $c_{1}$ и $c_{2}$ - положительные постоянные. Тогда $f(U)$ будет функцией Ляпунова (Четаева) для системы (8), т. е. точка $X=0$ будет устойчивой (неустойчивой). Напр., если все $\operatorname{Re} \lambda_{i}&lt;0$, то можно взять $m=1$, $f=\sum_{i=1}^{n} v_{i}^{2}$ и получится теорема Ляпунова об устойчивости по линейному приближению (см. [7]; другие примеры см. в обзоре [8]).

По Н. ф. (2) можно находить инвариантные аналитические множества системы (1). В дальнейшем для простоты изложения предполагается, что $\operatorname{Re} \Lambda=0$. По Н. ф. (2) выделяется формальное множество

\[
\mathcal{A}=\left\{Y: \psi_{i}=\lambda_{i} y_{i} a, \quad i=1, \ldots, n\right\},
\]

где $a-$ свободный параметр. На множестве $\mathcal{A}$ выполняется условие А. Пусть $K$ - объединение таких подпространств вида $\left\{Y: y_{i}=0, \quad i=i_{1}, \ldots, i_{l}\right\}$, что соответствующие собственные значения $\lambda_{j}, i \neq i_{1}, \ldots$, $i_{l}, 1 \leqslant j \leqslant n$, попарно сопзмеримы. Формальное множество $\tilde{\mathcal{A}}=\mathcal{A} \cap K$ аналитічно в системе (1). Из $\mathcal{A}$ выделяется подмножество $\mathscr{B}$, к-рое аналитично в системе (1), если выполнено условие $\omega$ (см. [3]). На множествах $\tilde{\mathcal{A}}$ и $\mathscr{B}$ лежат периодич. решения и семейства условно периодич. репений системы (1). Рассматривая множества $\tilde{\mathscr{A}}$ и $\mathscr{B}$ в системах с малыми параметрами, можно изучить все аналитич. возмущения и бифуркации таких решений (см. [9]).

Обобщения. Если систему (1) приводить не к Н. Ф. (2), а к системе, правые части к-рой содержат нек-рые нерезонансные члешы, то упрощение получается менее значительным, зато можно улучшить качество преобравовавия. Т'ак, приведение к «полунормальной форме&quot; будет аналитическим при ослабленном условии А (см. [2]). Другой вариант - преобразование, нормализующее систему (1) лишь на нек-рых подмногообразиях (напр., на нек-рых координатных подпространсгвах; см. [2]). Комбинации этих подходов позволяют доказать для системы (1) существование инвариантных подмногообразий и решений определенного вида (см. [9]).

Пусть система (1) определена и аналитична в окрестности инвариантного многообразия $\boldsymbol{M}$ размерности $k+l$, к-рое расслаивается на $l$-мерные инвариантные торы. Тогда вблизи $M$ можно ввести такие локальные координаты

$S=\left(s_{1}, \ldots, s_{k}\right), \quad Y=\left(y_{1}, \ldots, y_{l}\right), \quad Z=\left(z_{1}, \ldots, z_{m}\right)$,

тто $Z=0$ на $M, y_{j}$ имеют период $2 \pi, S$ пробегает нек-рую область $H$, и система (1) принимает вид

\[
\begin{aligned}
&amp; \dot{S}=\Phi^{(1)}(S, Y, Z), \\
&amp; \dot{Y}=\Omega(S, Y)+\Phi^{(2)}(S, Y, Z), \\
&amp; \dot{Z}=A(S, Y) Z+\Phi^{(3)}(S, Y, Z),
\end{aligned}
\]

где $\Phi^{(j)}=O(|Z|), j=1,2, \Phi^{(3)}=O\left(|Z|^{2}\right), A$ - матрица. Если $\Omega=$ const и матрица $A$ треугольна с постоянной главной диагональю $\Lambda=\left(\lambda_{1}, \ldots, \lambda_{n}\right)$, то (при слабом ограничении на малые знаменатели) существует формальное преобразование локальных координат $S, Y$, $Z \rightarrow U, V, W$, к-рое приводит систему (9) к Н. $ф$. $\dot{U}=\sum \psi_{P Q}^{(1)}(U) W Q \exp i(P, V)$, $\left.\begin{array}{l}\dot{V}=\sum \psi_{P Q}^{(2)}(U) W^{Q} \exp i(P, V), \\ \dot{w}_{j}=w_{j} \sum g_{j P Q}(U) W^{Q} \exp (P, V), \quad j=1, \ldots, m,\end{array}\right\}$ где $P \in \mathbb{Z}^{l}, Q \in \mathbb{N}^{m}, U \in H$ и $i(P, \Omega)+(Q, \Lambda)=0$. Если среди координат $Z$ есть малый параметр, то систему (9) можно осреднить Крылова - Боголюбова методом усреднения (см. [10]), и осредненная система будет Н. ф. Вообще, теорию возмущений можно рассматривать как частный случай теории Н. ф., когда одна из координат является малым параметром (см. [11]).

На системы (9) и (10) переносятся теоремы о сходимости нормализующей замены, теоремы о существовании аналитических инвариантных множеств и т. Д. Здесь наиболее изучен случай, когда $M$ - периодич. рептение, т. е. $k=0, l=1$. В атом случае теория Н. ф. во многом идентична случаю, когда $M$ - неподвижная точка. А. Пуанкаре предлоякил рассматривать точечное преобразование нормального сечения за период. В связи с этим возникла теория Н. ф. точечных отображений, к-рая параллельна соответствующей теории для систем (1). Другие обобщения Н. ф. см. в [3], [6], [12], [13].

Лum.: [1] П у а н к а p е А., Избр. труды, пер. с франц., т. 3, M., 1974; [2] Б p 0 н 0 A. Д., &quot;Тр. Моск. Матем. об-ва&quot;, Јокальный метод нелинейного анализа дифференциальных уравнений, М., 1979; [4] X а р т м а н Ф., Обыкновенные дифференциальные уравнения, пер. с англ., М., 1970; [5] С а м оB 0 J B. С., &quot;Докл. AН CCCP&quot;, 1972, т. 206, N $\mathrm{N}$, c. 545-48; [6] Б е ли ц к и и г. Р., Нормальные формы, инварианты

![](https://cdn.mathpix.com/cropped/2023_07_08_5abf844d4c3a82a02238g-1.jpg?height=45&amp;width=834&amp;top_left_y=898&amp;top_left_x=119)
[8] К у н и ц ы н А. ЈI., М а р к е е в А. П., Итоги науки [9] в i b ik ov J. N., Local theory of nonlinear analytic ordinary differential equations, B. [a. o.], 1979; [10] Б о г о л юбо в Н. Н., Мит р о по льс к и й Ю.'А., Асимптотические методы в теории нелинейных колебаний, 4 изд., М., 1974 ; I11] Б $\mathbf{0}$ о н o A. Д., «Proc. VIII Intern. Conf. on Nonlinear

![](https://cdn.mathpix.com/cropped/2023_07_08_5abf844d4c3a82a02238g-1.jpg?height=40&amp;width=836&amp;top_left_y=1099&amp;top_left_x=118)
c. 982-85; [13] Z e h n d e r E. J., &quot;Manus. math.&quot;, 1978, v. 23, р. $363-71$</text_orig>
</article>
