<?xml version="1.0" ?>
<article uri="http://libmeta.ru/me/article/1049_REJDEMEJSTERA" alphabetic_pos="1049">
  <title>РЕЙДЕМЕЙСТЕРА КРУЧЕНИЕ</title>
  <authors/>
  <pages>
    <start>478</start>
    <end>478</end>
  </pages>
  <literature>
    <literature_orig/>
  </literature>
  <formulas_main/>
  <formulas_aux/>
  <relations n="0"/>
  <text>К. К Р уч е н И д е Р а м а, к р у ч е н и е Ф р а ц ц а,- инвариант, позволяющий различать многие структуры в дифференциальной топологии, напр. узлы, гладкие структуры на многообразиях, в частности на линзовых пространствах. Впервые Р. к. введено К. Рейдемейстером (см. [1]) при изучении трехмерных линз, обобщения для $n$-мерных линз были независимо получены в [2] и [3].

Пусть $c$ - свободный комплекс левых $a$-модулей, где $a$ - ассоциативное кольцо с единицей. Пусть, далее, $h$ - матричное представление кольца $a$, т. е. гомоморфизм кольца $a$ в кольцо $r n \times n$ всех действительных $(n \times n)$-матриц. И пусть в модулях $c_{k}$ комплекса $c$ отмечены базисы $c_{k}$, а комплекс $c^{\prime}=r^{n \times n} \otimes_{A} C R^{n \times n_{-}}$ модулей ацикличен; тогда определено Уайтxеда кручение $\tau\left(c^{\prime}\right) \in \bar{K}_{1} R^{n \times n}=\bar{K}_{1} R=R_{+}$, где $r_{+}-$мультипликативная группа поля действительных чисел. Число $\tau\left(c^{\prime}\right)$ наз. к р у че н и е м Р е й де ме й с те р а комплекса $c^{\prime}$, а также дей с т в и тельны м Р. к. содержит всю траекторию $\left.f^{t} x\right)$. В этом случае $f^{t} x$ наз. р ек у р р е т т н й т р а е к т о р и е й.

Те о ре м а Би рк г оф а: если пространство $s$ полное (напр., $s=\mathbb{r}^{n}$ ), то 1) для того чтобы точка была рекуррентной, необходимо и достаточно, чтобы замыкание ее траектории было минимальныл множеством; 2) для того чтобы существовала Р. т., достаточно, чтоустойчивость по Лагранжу).

Р. т. устойчива по Лагранжу и по Пуассону (см. Устойчивость по Пуассону). Почти периодическая (в частности, неподвижная или периодическая) точка динамич. системы рекуррентна. Вообще, всякая точка строго эргодической динамич. системы рекуррентна, но сужение динамич. системы на замыкание рекуррентной траектории (минимальное множество) может не быть строго эргодической динамич. системой (п р и ме р М а р к о в а, см. [2]).

Лит.: [1] Б и р к г о ф Д. Д., Динамические системы, пер. с англ., М., 1941; [2] Н е м ы ц к и й В. В., С т е п а но в В. В., Качественная теория дифференциальных уравнений, 2 изд.,
М.- Л., 1949.</text>
  <text_orig>К. К Р уч е н И д е Р а м а, к р у ч е н и е Ф р а ц ц а,- инвариант, позволяющий различать многие структуры в дифференциальной топологии, напр. узлы, гладкие структуры на многообразиях, в частности на линзовых пространствах. Впервые Р. к. введено К. Рейдемейстером (см. [1]) при изучении трехмерных линз, обобщения для $n$-мерных линз были независимо получены в [2] и [3].

Пусть $C$ - свободный комплекс левых $A$-модулей, где $A$ - ассоциативное кольцо с единицей. Пусть, далее, $h$ - матричное представление кольца $A$, т. е. гомоморфизм кольца $A$ в кольцо $R n \times n$ всех действительных $(n \times n)$-матриц. И пусть в модулях $C_{k}$ комплекса $C$ отмечены базисы $c_{k}$, а комплекс $C^{\prime}=R^{n \times n} \otimes_{A} C R^{n \times n_{-}}$ модулей ацикличен; тогда определено Уайтxеда кручение $\tau\left(C^{\prime}\right) \in \bar{K}_{1} R^{n \times n}=\bar{K}_{1} R=R_{+}$, где $R_{+}-$мультипликативная группа поля действительных чисел. Число $\tau\left(C^{\prime}\right)$ наз. к р у че н и е м Р е й де ме й с те р а комплекса $C^{\prime}$, а также дей с т в и тельны м Р. к. содержит всю траекторию $\left.f^{t} x\right)$. В этом случае $f^{t} x$ наз. р ек у р р е т т н й т р а е к т о р и е й.

Те о ре м а Би рк г оф а: если пространство $S$ полное (напр., $S=\mathbb{R}^{n}$ ), то 1) для того чтобы точка была рекуррентной, необходимо и достаточно, чтобы замыкание ее траектории было минимальныл множеством; 2) для того чтобы существовала Р. т., достаточно, чтоУстойчивость по Лагранжу).

Р. т. устойчива по Лагранжу и по Пуассону (см. Устойчивость по Пуассону). Почти периодическая (в частности, неподвижная или периодическая) точка динамич. системы рекуррентна. Вообще, всякая точка строго эргодической динамич. системы рекуррентна, но сужение динамич. системы на замыкание рекуррентной траектории (минимальное множество) может не быть строго эргодической динамич. системой (п р и ме р М а р к о в а, см. [2]).

Лит.: [1] Б и р к г о ф Д. Д., Динамические системы, пер. с англ., М., 1941; [2] Н е м ы ц к и й В. В., С т е п а но в В. В., Качественная теория дифференциальных уравнений, 2 изд.,
М.- Л., 1949.</text_orig>
</article>
