<?xml version="1.0" ?>
<article uri="http://libmeta.ru/me/article/104_ALGEBRAIChESKAJa" alphabetic_pos="104">
  <title>АЛГЕБРАИЧЕСКАЯ ГЕОМЕТРИЯ</title>
  <authors/>
  <pages>
    <start>68</start>
    <end>72</end>
  </pages>
  <literature>
    <literature_orig/>
  </literature>
  <formulas_main/>
  <formulas_aux/>
  <relations n="0"/>
  <text>раздел математики, изучающий геометрич. объекты, связанные с коммутативными кольцами: алгебраические многообразия п их различные обобщения (схемы, алгебраические пространства и др.).

В «наивной» формулировке предмет А. г. составляет изучение решений алгебраич. уравнений. Геометрич. интуиция появляется, когда все «множество решений» отождествляется с «множеством точек в нек-ром координатном пространстве». Если координаты - действительные числа и пространство имеет размерность два или три, наглядность ситуации несомненна; однако геометрич. язык используется и при более общих обстоятельствах. Этот язык подсказывает задачи, конструкции и типы рассуждений, едва ли естественные с точки зрения чистой алгебры. В свою очередь, алгебра доставляет аппарат гибкий и мощный, равно приспособленный и для превращения правдоподобных рассуждений в доказательства и для формулировки их в наиболее естественном и общем виде.

В А. г. над полем комплексных чисел всякое алгебраич. многообразие является в то же время комплексно-аналитическим, дифференцируемым і топологич. пространством в обычной хаусдорфовой топологии. Это обстоятельство позволяет ввести целый ряд классич. структур, доставляющих такие инварианты алгебраич. многообразий, к-рые лишь с большим трудом или вовсе не удается получить чисто алгебраич. средствами. Понятия и результаты А. г. интенсивно используются в теории чисел (диофантовы уравнения, оценки тригонометрич. сумм), диффференциальной топологии (осо- бенности и дифференцируемые структуры), теории групп (алгебраич. группы, простые конечные группы, связанные с группами Ли), теории дифференциальных уравнений ( $k$-теория и индекс әллиптич. операторов), теории комплексных пространств, теории категорий (топосы, абелевы категории), функциональном анализе (теория представлений). В свою очередь, А. г. использует идеи и методы названных дисциплин.

Возникновение А. г. относится к 17 в., когда в геометрию было введено понятие координат. Тем не менее только в сер. 19 в. А. г. начала оформляться в самостоятельную науку. Применение координат в проективной геометрии привело к тому, что алгебраич. методы стали соперничать с синтетич. методами. Однако достижения этой ветви А. г. относятся собственно к проективной геометрии, хотя и оставили в наследство А. Г. традицию рассмотрения проективных алгебраич. многообразий. Современная А. Г. возникла как теория алгебрачческих кривых. Исторически первый этап развития теории алгебраич. кривых состоял в выяснении основных понятий и идей этой теории на примере эллиптич. кривых. Комплекс понятий и результатов, к-рый наз. теперь теорией эллиптич. кривых, возник как часть анализа (а не геометрии) - теория интегралов от рациональных функций на әллиптической кривой. Именно эти интегралы и получили первоначально название эллиптических, а потом это название перешло на функции и на кривые (см. Эллиптический интеграл).

В самом конце 17 в. Я. и И. Бернулли (jakob Bernoulli, Johann Bernoulli) обнаружили новое интересное свойство әллиптич. интегралов. В их исследованиях рассматривались интегралы, выражающие длины дуг нек-рых кривых. Они нашли преобразования одной кривой в другую, сохраняющие длину дуги кривой, хотя соответствующие дуги не могут быть совмещены друг с другом. Аналитически это приводит к преобразованию одного интеграла в другой. В нек-рых случаях возникают преобразования интеграла в себя. В 1-й пол. 18 в. много примеров таких преобразований нашел Дж. Фаньяно (g. Faniano).

Л. Эйлер (l. Euler) исследовал произвольный многочлен 4-й степени $f(x)$ и поставил вопрос о соотношениях между $x$ и $y$, при к-рых

\[
\frac{d x}{\sqrt{f(x)}}=\frac{d y}{\sqrt{f(y)}}
\]

Это равенство он рассматривал как дифференциальное уравнение, связывающее $x$ и $y$. Искомое соотношение является общим интегралом данного уравнения. Причина существования интеграла уравнения (1) и всех его частных случаев, открытых Дж. Фаньяно и Бернулли,наличие группового закона на эллиптич. кривой $\mathrm{c}$ уравнением $s^{2}=f(t)$ и инвариантность всюду регулярной дифференциальной формы $s^{-1} d t$ относительно сдвигов на элементы группы. Найденные Л. Эйлером соотношения, к-рые связывают $x$ и $y$ в (1), могут быть записаны в виде

\[
(x, \sqrt{f(x)}) \oplus(c, \sqrt{f(c)})=(y, \sqrt{f(y)}),
\]

где $\oplus$ означает сложение точек на эллиптической кривой.

Таким образом, эти результаты содержат в себе сразу и групповой закон на эллиптич. кривой, и существование инвариантной диффференциальной формы на этой кривой (см. Эллиптическая кривая).

После Л. Эйлера теория эллиптич. интегралов развивалась в основном А. Лежандром (a. Legendre). Eго исследования, начавшиеся в 1786, собраны в трехтомном «трактате по теории эллиптич. функций и эйлеровых интегралов&quot;. Работы Н. Абеля (n. Abel) по теории эллиптич. функций появились в 1827-29. Н. Абель исходил из әллиптич. интеграла

\[
\theta=\int_{0}^{\lambda} \frac{d x}{\left(1-c^{2} x^{2}\right)\left(1-e^{2} x^{2}\right)}
\]

где $c$ и $e$ - комплексные числа, рассматривал его как функцию верхнего предела и ввел обратную функцию $\lambda(\theta)$ п функцию

\[
\Delta(\theta)=\sqrt{\left(1-c^{2} \lambda^{2}\right)\left(1-e^{2} \lambda^{2}\right)} .
\]

Обе эти функции имеют в комплексной области два периода $2 \omega$ и $2 \tilde{\omega}$ :

$\omega=2 \int_{0}^{1 / c} \frac{d x}{\left(1-c^{2} x^{2}\right)\left(1-e^{2} x^{2}\right)}, \quad \tilde{\omega}=2 \int_{0}^{1 / e} \frac{d x}{\sqrt{\left(1-c^{2} x^{2}\right)\left(1-e^{2} x^{2}\right)}}$ п тем самым отображение $x=\lambda(\theta), y=\Delta(\theta)$ определяет униформизацию әллиптич. кривой $y^{2}=\left(1-c^{2} x^{2}\right)\left(1-e^{2} x^{2}\right)$ әллиптич. функциями.

Немного позже $\mathrm{h}$. Абеля, но независимо от него, К. Якоби (с. Јасоbi) также рассмотрел функцию, обратную эллиптич. интегралу, доказал, что она имеет два независимых периода, и получил ряд результатов в проблеме преобразований. Преобразуя в форме рядов найденные Н. Абелем выражения эллиптич. функций в виде произведений, $к$. Якоби пришел к понятию $\theta$-функций и нашел им многочисленные применения не только в теории эллиптич. функций, но и в теории чисел и в механике.

Занимаясь проблемой преобразований эллиптич. функций, Н. Абель впервые исследовал группу гомоморфизмов одномерных абелевых многообразий.

Наконец, после опубликования наследия К. Гаусса (c. Gauss) и, особенно, его дневника стало ясно, что он задолго до работ Н. Абеля и К. Якоби в той или иной мере владел нек-рыми из этих идей. Переход к изучению произвольных алгебраич. кривых произошел все еще в рамках анализа: Н. Абель показал, как основные свойства эллиптич. интегралов могут быть обобщены на интегралы от произвольных алгебраич. функций. Такие интегралы стали впоследствии наз. абелевыми (см. Абелев интеграл).

В $1826 \mathrm{H}$. Абель написал работу, к-рая явилась началом общей теории алгебраич. кривых. Эта работа содержит понятие рода алгебраич. кривой, эквивалентности дивизоров и дает критерий эквивалентности в терминах интегралов. Она подводит к теории якобиевых многообразий алгебраич. кривых.

В диссертации, опубликованной в 1851, Б. Риман (b. Riemann) применил совершенно новый принцип исследования функций комплексного переменного. Он предполагал, что такая функция задана не на плоскости комплексного переменного, а на некоторой поверхности, которая «многолистно распростерта» над этой плоскостью.

Поверхности, введенные Б. Риманом (см. Риманова повер хность), близко соответствуют современному понятию одномерного комплексного аналитического многообразия; это - такие множества, на к-рых определены аналитич. функции. Б. Риман поставил и решил вопрос о связи этого понятия с понятием алгебраич. кривой; соответствующий результат наз. теперь теоремой существования Римана. Исследуя возможные расположения точек ветвления поверхностей, он доказал, что множество классов зависит при $p&gt;1$ от $3 p-3$ независимых параметров, к-рые назвал модулями (см. Модулей проблема).

С работы Б. Римана начинается изучение топологии алгебраич. кривых; в ней выясняется топологич. смысл размерности $p$ пространства $\omega^{\tau}[x]$ - это половина размерности одномерной группы гомологий пространства $x(c)$. Аналитич. путем получено неравенство $l(d) \geqslant \operatorname{deg} D-p+1$. Равенство Римана - Роха было доказано Э. Рохом (e. Rосhe), учеником Б. Римана (cм. Римана - Pоха теорема). Наконец, в этой работе впервые выступает поле $k(x)$ как первичный объект, связанный с кривой $x$, и появляется понятие бирационального изоморфизма. Еще Н. Абелем поставлен вопрос об обращении интегралов от произвольных алгебраич. функций. Другая часть работы Б. Римана об абелевых функциях посвящена связи между $\theta$-функциями и проблемой обращения в общем случае; в ней рассматривается ряд от $p$ переменных

\[
\theta(v)=\sum_{m} e^{F(m)+2(m, v)},
\]

где $m=\left(m_{1}, \ldots, m_{p}\right)$ пробегает все целочисленные $p$ мерные векторы,

\[
\begin{gathered}
v=\left(v_{1}, \ldots, v_{p}\right),(m, v)=\sum m_{i} v_{i}, \\
F(m)=\sum \alpha_{j k} m_{j} m_{k}, \quad \alpha_{j k}=\alpha_{k j} .
\end{gathered}
\]

Этот ряд сходится для всех значений $v$, если действительная часть квадратичной формы $f$ отрицательно определена. Основное свойство функции $\theta$ - это уравнение

\[
\theta(v+\pi i r)=\theta(r), \quad \theta\left(v+\alpha_{j}\right)=e^{L_{j}(v)} \theta(v),
\]

где $r$ - целочисленный вектор, $\alpha_{j}-$ столбец матрицы $\left(\alpha_{j k}\right)$, а $l_{j}(v)$ - линейная функция.

Б. Риман доказал, что можно выбрать разрезы $a_{1}, \ldots$, $a_{p}, b_{1}, \ldots, b_{p}$, превращающие введенную им поверхность в односвязную, и базис $u_{1}, \ldots, u_{p}$ всюду конечных интегралов на этой поверхности так, что интегралы $u_{j}$ по $\alpha_{k}$ равны 0 при $j \neq k$ и $\pi i$ при $j=k$, а интегралы $u_{j}$ по $b_{k}$ образуют симметрическую матрицу $\left(\alpha_{j k}\right)$, удовлетворяющую условиям, при к-рых сходится ряд (2). Он рассмотрел функцию $\theta$, соответствующую этим коэффициентам $\alpha_{j k}$. Периоды произвольной $2 n$-периодической функции от $n$ переменных удовлетворяют соотношениям, аналогичным тем, к-рые необходимы для сходимости рядов, определяющих ө-функции. Эти соотношения между периодами были явно выписаны Г. Фробениусом (g. Frobenius), к-рый доказал, что они необходимы и достаточны для существования нетривиальных функций, удовлетворяющих функциональному уравнению (3) (см. Тета-функция, Абелева функция). Эти соотношения необходимы и достаточны для существования мероморфной функции с заданными периодами, к-рая не может быть сведена линейной заменой переменных к функции менышего числа переменных. Эта теорема была сформулирована К. Вейерштрассом (k. Weierstrass) и доказана A. Пуанкаре (h. Poincaré). В 1921 C. Лефшец (s. Lefschetz) доказал, что при выполнении соотношений Фробениуса $\theta$-функции определяют вложение многообразия $c^{n / \Omega}$ в проективное пространство ( $\omega$ - решетка, соответствующая заданной матрице периодов; см. Комплексный тор).

Понятия и результаты, составляющие теперь основу теории алгебраич. кривых, создавались под влиянием и в рамках аналитич. теории алгебраич. Функций и их интегралов. Независимо от этого направления развивалась и чисто геометрич. теория алгебраич. кривых. Напр., в вышедшей в 1834 книге Ю. Плюккер (ј. Plüсker) нашел формулы, связывающие класс, степень кривой и число ее двойных точек. Там же он доказал существование девяти точек перегиба у плоской кривой 3-й степени. Но подобного рода исследования занимали второстепенное место в математике того времени, они не были связаны с ее наиболее глубокими идеями.

Только после работ Б. Римана, геометрия алгебраич. кривых заняла важное место в математике наряду с теорией абелевых интегралов и абелевых функций. Это изменение точки зрения связано гл. обр. с работами А. Клебша (a. Clebsch). В то время как у Б. Римана ос- новной являлась функция, А. Клебш считал основным объектом алгебраич. кривую. В книге А. Клебша и П. Гордана [10] выведена формула для числа $p$ линейно независимых интегралов 1-го рода (т. е. рода кривой $x)$, выражающая его через степень кривой и число особых точек. Там же доказано, что при $p=0$ кривая обладает рациональной параметризацией, а при $p=1$ преобразуется в плоскую кривую 3-й степени.

Для развития алгебро-геометрич. аспекта теории алгебраич. кривых полезной оказалась одна ошибка Б. Римана. При доказательстве своих теорем существования он считал очевидной разрешимость нек-рой вариационной задачи: «принципа Дирихле». Вскоре К. Вейерштрасс показал, что не любая вариационная задача имеет решение. Поэтому нек-рое время результаты Б. Римана оставались необоснованными. Один из выходов заключался в алгебраич. доказательстве этих теорем - формулировка их была, по существу, алгебраической. Эти исследования, предпринятые А. Клебшем, в значительной мере способствовали выяснению алгебро-геометрич. характера результатов Н. Абеля и Б. Римана, скрытого под аналитич. оболочкой.

Направление исследований, начатое А. Клебшем, достигло своего расцвета в работах его ученика - М. Нётера (m. Noether). Круг идей М. Нётера особенно ясно намечен в его совместной работе с А. Бриллем (a. Brill). В ней ставится задача развить геометрию на алгебраич. кривой, лежащей в проективной плоскости, как совокупность результатов, инвариантных относительно взаимно однозначных (т. е. бирациональных) преобразований (см. Бирациональная геометрия).

К началу 2-й пол. 19 в. было найдено много специальных свойств алгебраич. многообразий размерности большей, чем 1, в основном поверхностей. Напр., были детально исследованы поверхности 3-й степени, и, в частности, Дж. Сальмон (g. Salmon) и А. Кэли (а. Сауley) доказали в 1849 , что на любой кубич. поверхности без особых точек лежит 27 различных прямых. Однако эти результаты долго не объединялись к.-л. общими принципами и не были связаны с глубокими идеями, выработанными к тому времени в теории алгебраич. кривых.

Итальянская школа А. г. оказала большое влияние на развитие этой науки. Основателями итальянской геометрич. школы являются Л. Кремона (l. Cremona), К. Cerpe (c. Segre), Э. Бертини (e. Bertini). Ee самые значительные представители - $\gamma$. Кастельнуово (g. Castelnuovo), Ф. Энрикес (f. Enriques) и Ф. Севери (f. Severi). Одно из основных достижений итальянской школы - классификация алгебрацческих повер ностей. Первым результатом здесь можно считать работу Э. Бертини 1877 , в к-рой дана классификация инволютивных преобразований плоскости, т. е. (в современной терминологии) классифиюкация с тсчностью до сопряженности в группе бирациональных автоморфизмов плоскости всех элементов 2-го порядка этоӥ групыы. Классификация оказывается очень простой, и из нее, в частности, легко вывести, что факторплоскость по группе 2-го порядка является рациональной поверхностью. Иначе говоря, если поверхность $x$ унирациональна и морфизм $f: P^{2} \rightarrow X$ имеет степень 2 , то $x$ рациональна. Общий случай Люрота проблемы для алгебраич. поверхностей решил (положительно) Г. Кастельнуово в 1893. Он же поставил и решил вопрос о характеристике рациональных поверхностей численными инвариантами. Классификация поверхностей была получена Ф. Энрикесом в серии работ, завершившейся уже в 10-х гг. 20 в.

Основным средством итальянской школы было исследование семейств кривых на поверхности - линейных и алгебраических (последние называли непрерывными). Это привело к понятию линейной и алгебраич. эквивалентности. Связь этих понятий впервые исследовал Г. Кастельнуово. Важный вклад в дальнейшую разработку вопроса внес Ф. Севери. Хотя значительная часть понятий возникла в аналитич. форме, их алгебраич. сыысл был со временем выяснен. Существует тем не менее ряд понятий и результатов, к-рые, по существу (по крайней мере с современной точки зрения), связаны с анализом.

В самом начале 80-х гг. 19 в. появились работы Ф. Клейна (f. Klein) і А. Пуанкаре (h. Poincaré), посвященные проблеме унифор.иизации алгебрапч. кривых автоморфными функциями. Их цель заключалась в том, чтобы аналогично тому, как эллиптич. функции униформизируют кривые рода 1, униформизировать любые кривые функциями, к-рые теперь наз. автоморфными. Ф. Клейн исходил при этом из теории модулярных функций. Поле модулярных функций изоморфно полю рациональных функций, но можно рассматривать функции, инвариантные относительно различных подгрупп модулярной группы, и получать таким способом более сложные поля. В частности, Ф. Клейн рассмотрел функции, автоморфные относительно группы, состоящей из всех преобразований $z \rightarrow \frac{a z+b}{c z+d}$, в к-рых, $a, b, c$ и $d-$ целые числа, $a d-b c=1$ и

\[
\left(\begin{array}{ll}
a &amp; b \\
c &amp; d
\end{array}\right) \equiv\left(\begin{array}{ll}
1 &amp; 0 \\
0 &amp; 1
\end{array}\right)(\bmod 7)
\]

Он показал, что эти функции униформизируют крцвую рода 3 с уравнением $x_{0}^{3} x_{1}+x_{1}^{3} x_{2}+x_{2}^{3} x_{0}=0$. Можно деформировать фундаментальный многоугольник этой группы и получать таким путем новые группы, к-рые будут униформизировать кривые рода 3. Подобный ход мыслей лежал в основе работ Ф. Клейна и А. Пуанкаре, причем А. Пуанкаре пользовался для построения автоморфных функций рядами, к-рые носят ныне его имя. Оба они правильно угадали, что любая алгебраич. кривая допускает униформизацию соответствующей группой, и значительно продвинулись в направлении доказательства этого результата. Полное доказательство было получено только в 1907 А. Пуанкаре и независимо от него П. Кёбе (р. К оеbe). При этом большую роль сыграло то, что к тому времени в работах А. Пуанкаре было исследовано понятие фундаментальной группы и универсальной накрывающей.

Топология алгебраич. кривых очень проста и была полностью исследована Б. Риманом. Для изучения топологии алгебраич. поверхностей Э. Пикар (e. Picard) развил метод, основанный на изучении слоев морфиизма $f: X \rightarrow P^{1}$. Он исследовал, как меняется топология слоя $f^{-1}(a)$ при изменении точки $a \in P^{1}$, и, в частности, когда этот слой приобретает особую точку. Таким способом, напр., была доказана односвязность гладких поверхностей в $p^{3}$ (см. [11], т. 1). Важный вклад в топологию алгебраич. поверхностей внес также А. Пуанкаре.

В 1921 С. Лефшшец (s. Lefschetz) начал применять вовую науку - топологию - к изучению алгебраич. многообразий над полем комплексных чисел. Его первоначальной целью было упрощение результатов Ә. Пикара и А. Пуанкаре и өбобщение их на многомерный случай. Однако он сделал значительно больше и его работы открыли новую область исследований в A. Дальнейший вклад С. Лефшеца в А. г. относится к теории алгебраич. циклов на алгебраич. многообразиях. Он доказал, что двумерный цикл на алгебраич. поверхности гомологичен циклу, представляемому алгебраич. кривой, в том, и только том случае, когда регулярные двойные интегралы $\iint R(x, y, z) d x d y$ имеют нулевые периоды на нем.

Исследования С. Лефшеца заложили основу современной теории комплексных многообразий. Позднее были введены мощные средства для их изучения, среди к-рых - теория гармонич. интегралов [у. Ходж (w. Hodge), Ж. де Рам (g. de Rham)] и теория пучков [a. Картан (h. Cartan), Ж. Лере (j . Leray)]. Используя эту технику, удалось показать, что неособые алгебраич. многообразия составляют часть важного класса комплексных многообразий - кәлеровых многообразий.

Теория пучков и связанная с ней теория векторных расслоений на комплексных многообразиях позволили дать новую интерпретацию и значительно обобщить многіе классич. инварианты алгебраич. поверхностей (арифметич. И геометрич. род, канонич. системы). Одним из важнейших достижений этой теории было создание теории Чжәня классов и значительного обобщения классич. теоремы Римана - Роха (ф. Хирцебрух [7])

F cep. 20 в. А. г. подверглась значительной переработке на теоретико-множественной и аксиоматич. основе. Область применения А. г. необычайно расширилась в сторону комплексных многообразий и в сторону алгебраич. многообразий над произвольными полями. Интерес к А. г. над «неклассическими» полями возник сначала в связи с теорией сравнений, к-рые можно интерпретировать как уравнения над конечным полем. В своем докладе на Международном конгрессе математиков в 1908 А. Пуанкаре говорил, что к изучению сравнений от двух неизвестных можно применить методы теории алгебраич. кривых. Почва для систематич. построения А. г. была подготовлена общим развитием теории полей и колец в $10-20$-х гг. 20 в.

Попытка доказательства Р имана гипотезы (к-рую можно сформулировать для любой алгебраич. кривой над конечным полем) привела в 30-х гг. в работах X. Xacce (h. Hasse) и его учеников к построению теории алгебраич. кривых над произвольным полем. При этом сама гипотеза была доказана X. Хассе для эллиптич. кривых. С другой стороны, в серии статей, опубликованных в 1931-39, Б. Л. ван дер Варден (b. L. van der Waerden) продвинулся в построении А. г. над произвольным полем. В частности, им была построена теория пересечений на гладком проективном многообразии.

В 1940 A. Вейлю (a. Weil) удалось доказать гипотезу Римана для произвольной алгебраич. кривой над конечным полем. Он нашел два пути ее доказательства. Один из них основывается на теории соответствий кривой $x$ (т. е. дивизоров на поверхности $x \times X)$, а другой - на рассмотрении ее якобиева многообразия. Таким образом, в обоих случаях привлекаются многомерные многообразия. В связи с этим в книге А. Вейля [5] содержится построение А. г. над произвольным полем: теория дивизоров, циклов, пересечений. Здесь впервые определяются «абстрактные» (не обязательно квазипроективные) многообразия путем процесса склеивания аффинных кусков. Работами О. Зариского (о. Zariski), П. Самюэля (р. Samuel), К. Пiевалле (c. Chevalley) и Ж. П. Серpa (j . P. Serre) были введены в A. r. в нач. 50-x rr. 20 в. мощные методы коммутативной и, в частности, локальной алгебры.

Определение многообразий, основанное на понятии пучка, было дано Ж. П. Серром. Он же построил и теорию когерентных алгебрацческих пучков, причем прообразом ее служила незадолго до того созданная теория когерентных аналитических пучков.

В конце 50-х гг. 20 в. А. г. подвергается кардинальной перестройке, предпринятой А. Гротендиком (a. Grothendieck) на основе понятия схемы. Используя язык теории категорий, А. Гротендику удалось значительно обобщить и прояснить многие важные классич. конструкции в А. г., абстрактное определение к-рых было ранее мало геометрично. Им же было основано много новых важных разделов А. г. (см. Алгебраическая геометрия абстрактная). Язык теории схем прочно вошел в обиход современной А. г., органически слил ее с коммутативной алгеброй и принес в исследования арифметич. вопросов алгебраич. многообразий значительный прогресс (см. Алгебраических многообразий арифметика). Непосредственное влияние теория схем оказала на одно из важнейших достижений А. г. за последний период - решение проблемы существования неособой бирациональной моделі алгсбраич. многоои́разий, определенных над полем характеристики нуль (см. Разреисние особенностей).

Лum.: [1] Ш а ф а р е в и ч И. Р., Основы алгебраической геометрии, М., 1972: [2] Х о д ж В., П и д о Д., Методы алгебраической геометрии, пер. с англ., т. 1-3, М., 1954-55; [3]

![](https://cdn.mathpix.com/cropped/2023_07_08_9046a89db5838bc7d69dg-1.jpg?height=27&amp;width=802&amp;top_left_y=561&amp;top_left_x=141)
c англ., M., 1961; [4] D i e u d on n è J. &quot;amer. Math. Monthly&quot;

![](https://cdn.mathpix.com/cropped/2023_07_08_9046a89db5838bc7d69dg-1.jpg?height=38&amp;width=819&amp;top_left_y=605&amp;top_left_x=134)
gebraic geometry, N. Y., 1946; 6 d G r oth endie c k A., [a.o.], 1971; [7] H i r z e b r c ch F., Topological methods in Algebraic Geometry, B. - [a.o.], $1966 ;$ [8] E n r i q u e s F., Le superficie algebriche, Bologna, 1949, [9] Z a r s k i o.' Algebraic surfaces, 2 ed., B.- [a.o.], 1971; [10] C l e b s c h A. G or d a n P., Theorie der Abelschen Funktionen, Lpz., 1866; [11] de deux variables independantes, t. 1-2, P., 1897-1906. По материалам &quot;исторического очерка&quot; книги И. Р. Шафјаревича [1].</text>
  <text_orig>раздел математики, изучающий геометрич. объекты, связанные с коммутативными кольцами: алгебраические многообразия п их различные обобщения (схемы, алгебраические пространства и др.).

В «наивной» формулировке предмет А. г. составляет изучение решений алгебраич. уравнений. Геометрич. интуиция появляется, когда все «множество решений» отождествляется с «множеством точек в нек-ром координатном пространстве». Если координаты - действительные числа и пространство имеет размерность два или три, наглядность ситуации несомненна; однако геометрич. язык используется и при более общих обстоятельствах. Этот язык подсказывает задачи, конструкции и типы рассуждений, едва ли естественные с точки зрения чистой алгебры. В свою очередь, алгебра доставляет аппарат гибкий и мощный, равно приспособленный и для превращения правдоподобных рассуждений в доказательства и для формулировки их в наиболее естественном и общем виде.

В А. г. над полем комплексных чисел всякое алгебраич. многообразие является в то же время комплексно-аналитическим, дифференцируемым і топологич. пространством в обычной хаусдорфовой топологии. Это обстоятельство позволяет ввести целый ряд классич. структур, доставляющих такие инварианты алгебраич. многообразий, к-рые лишь с большим трудом или вовсе не удается получить чисто алгебраич. средствами. Понятия и результаты А. г. интенсивно используются в теории чисел (диофантовы уравнения, оценки тригонометрич. сумм), диффференциальной топологии (осо- бенности и дифференцируемые структуры), теории групп (алгебраич. группы, простые конечные группы, связанные с группами Ли), теории дифференциальных уравнений ( $K$-теория и индекс әллиптич. операторов), теории комплексных пространств, теории категорий (топосы, абелевы категории), функциональном анализе (теория представлений). В свою очередь, А. г. использует идеи и методы названных дисциплин.

Возникновение А. г. относится к 17 в., когда в геометрию было введено понятие координат. Тем не менее только в сер. 19 в. А. г. начала оформляться в самостоятельную науку. Применение координат в проективной геометрии привело к тому, что алгебраич. методы стали соперничать с синтетич. методами. Однако достижения этой ветви А. г. относятся собственно к проективной геометрии, хотя и оставили в наследство А. Г. традицию рассмотрения проективных алгебраич. многообразий. Современная А. Г. возникла как теория алгебрачческих кривых. Исторически первый этап развития теории алгебраич. кривых состоял в выяснении основных понятий и идей этой теории на примере эллиптич. кривых. Комплекс понятий и результатов, к-рый наз. теперь теорией эллиптич. кривых, возник как часть анализа (а не геометрии) - теория интегралов от рациональных функций на әллиптической кривой. Именно эти интегралы и получили первоначально название эллиптических, а потом это название перешло на функции и на кривые (см. Эллиптический интеграл).

В самом конце 17 в. Я. и И. Бернулли (Jakob Bernoulli, Johann Bernoulli) обнаружили новое интересное свойство әллиптич. интегралов. В их исследованиях рассматривались интегралы, выражающие длины дуг нек-рых кривых. Они нашли преобразования одной кривой в другую, сохраняющие длину дуги кривой, хотя соответствующие дуги не могут быть совмещены друг с другом. Аналитически это приводит к преобразованию одного интеграла в другой. В нек-рых случаях возникают преобразования интеграла в себя. В 1-й пол. 18 в. много примеров таких преобразований нашел Дж. Фаньяно (G. Faniano).

Л. Эйлер (L. Euler) исследовал произвольный многочлен 4-й степени $f(x)$ и поставил вопрос о соотношениях между $x$ и $y$, при к-рых

\[
\frac{d x}{\sqrt{f(x)}}=\frac{d y}{\sqrt{f(y)}}
\]

Это равенство он рассматривал как дифференциальное уравнение, связывающее $x$ и $y$. Искомое соотношение является общим интегралом данного уравнения. Причина существования интеграла уравнения (1) и всех его частных случаев, открытых Дж. Фаньяно и Бернулли,наличие группового закона на эллиптич. кривой $\mathrm{c}$ уравнением $s^{2}=f(t)$ и инвариантность всюду регулярной дифференциальной формы $s^{-1} d t$ относительно сдвигов на элементы группы. Найденные Л. Эйлером соотношения, к-рые связывают $x$ и $y$ в (1), могут быть записаны в виде

\[
(x, \sqrt{f(x)}) \oplus(c, \sqrt{f(c)})=(y, \sqrt{f(y)}),
\]

где $\oplus$ означает сложение точек на эллиптической кривой.

Таким образом, эти результаты содержат в себе сразу и групповой закон на эллиптич. кривой, и существование инвариантной диффференциальной формы на этой кривой (см. Эллиптическая кривая).

После Л. Эйлера теория эллиптич. интегралов развивалась в основном А. Лежандром (A. Legendre). Eго исследования, начавшиеся в 1786, собраны в трехтомном «Трактате по теории эллиптич. функций и эйлеровых интегралов&quot;. Работы Н. Абеля (N. Abel) по теории эллиптич. функций появились в 1827-29. Н. Абель исходил из әллиптич. интеграла

\[
\theta=\int_{0}^{\lambda} \frac{d x}{\left(1-c^{2} x^{2}\right)\left(1-e^{2} x^{2}\right)}
\]

где $c$ и $e$ - комплексные числа, рассматривал его как функцию верхнего предела и ввел обратную функцию $\lambda(\theta)$ п функцию

\[
\Delta(\theta)=\sqrt{\left(1-c^{2} \lambda^{2}\right)\left(1-e^{2} \lambda^{2}\right)} .
\]

Обе эти функции имеют в комплексной области два периода $2 \omega$ и $2 \tilde{\omega}$ :

$\omega=2 \int_{0}^{1 / c} \frac{d x}{\left(1-c^{2} x^{2}\right)\left(1-e^{2} x^{2}\right)}, \quad \tilde{\omega}=2 \int_{0}^{1 / e} \frac{d x}{\sqrt{\left(1-c^{2} x^{2}\right)\left(1-e^{2} x^{2}\right)}}$ п тем самым отображение $x=\lambda(\theta), y=\Delta(\theta)$ определяет униформизацию әллиптич. кривой $y^{2}=\left(1-c^{2} x^{2}\right)\left(1-e^{2} x^{2}\right)$ әллиптич. функциями.

Немного позже $\mathrm{H}$. Абеля, но независимо от него, К. Якоби (С. Јасоbi) также рассмотрел функцию, обратную эллиптич. интегралу, доказал, что она имеет два независимых периода, и получил ряд результатов в проблеме преобразований. Преобразуя в форме рядов найденные Н. Абелем выражения эллиптич. функций в виде произведений, $К$. Якоби пришел к понятию $\theta$-функций и нашел им многочисленные применения не только в теории эллиптич. функций, но и в теории чисел и в механике.

Занимаясь проблемой преобразований эллиптич. функций, Н. Абель впервые исследовал группу гомоморфизмов одномерных абелевых многообразий.

Наконец, после опубликования наследия К. Гаусса (C. Gauss) и, особенно, его дневника стало ясно, что он задолго до работ Н. Абеля и К. Якоби в той или иной мере владел нек-рыми из этих идей. Переход к изучению произвольных алгебраич. кривых произошел все еще в рамках анализа: Н. Абель показал, как основные свойства эллиптич. интегралов могут быть обобщены на интегралы от произвольных алгебраич. функций. Такие интегралы стали впоследствии наз. абелевыми (см. Абелев интеграл).

В $1826 \mathrm{H}$. Абель написал работу, к-рая явилась началом общей теории алгебраич. кривых. Эта работа содержит понятие рода алгебраич. кривой, эквивалентности дивизоров и дает критерий эквивалентности в терминах интегралов. Она подводит к теории якобиевых многообразий алгебраич. кривых.

В диссертации, опубликованной в 1851, Б. Риман (B. Riemann) применил совершенно новый принцип исследования функций комплексного переменного. Он предполагал, что такая функция задана не на плоскости комплексного переменного, а на некоторой поверхности, которая «многолистно распростерта» над этой плоскостью.

Поверхности, введенные Б. Риманом (см. Риманова повер хность), близко соответствуют современному понятию одномерного комплексного аналитического многообразия; это - такие множества, на к-рых определены аналитич. функции. Б. Риман поставил и решил вопрос о связи этого понятия с понятием алгебраич. кривой; соответствующий результат наз. теперь теоремой существования Римана. Исследуя возможные расположения точек ветвления поверхностей, он доказал, что множество классов зависит при $p&gt;1$ от $3 p-3$ независимых параметров, к-рые назвал модулями (см. Модулей проблема).

С работы Б. Римана начинается изучение топологии алгебраич. кривых; в ней выясняется топологич. смысл размерности $p$ пространства $\Omega^{\tau}[X]$ - это половина размерности одномерной группы гомологий пространства $X(C)$. Аналитич. путем получено неравенство $l(D) \geqslant \operatorname{deg} D-p+1$. Равенство Римана - Роха было доказано Э. Рохом (E. Rосhe), учеником Б. Римана (cм. Римана - Pоха теорема). Наконец, в этой работе впервые выступает поле $k(X)$ как первичный объект, связанный с кривой $X$, и появляется понятие бирационального изоморфизма. Еще Н. Абелем поставлен вопрос об обращении интегралов от произвольных алгебраич. функций. Другая часть работы Б. Римана об абелевых функциях посвящена связи между $\theta$-функциями и проблемой обращения в общем случае; в ней рассматривается ряд от $p$ переменных

\[
\theta(v)=\sum_{m} e^{F(m)+2(m, v)},
\]

где $m=\left(m_{1}, \ldots, m_{p}\right)$ пробегает все целочисленные $p$ мерные векторы,

\[
\begin{gathered}
v=\left(v_{1}, \ldots, v_{p}\right),(m, v)=\sum m_{i} v_{i}, \\
F(m)=\sum \alpha_{j k} m_{j} m_{k}, \quad \alpha_{j k}=\alpha_{k j} .
\end{gathered}
\]

Этот ряд сходится для всех значений $v$, если действительная часть квадратичной формы $F$ отрицательно определена. Основное свойство функции $\theta$ - это уравнение

\[
\theta(v+\pi i r)=\theta(r), \quad \theta\left(v+\alpha_{j}\right)=e^{L_{j}(v)} \theta(v),
\]

где $r$ - целочисленный вектор, $\alpha_{j}-$ столбец матрицы $\left(\alpha_{j k}\right)$, а $L_{j}(v)$ - линейная функция.

Б. Риман доказал, что можно выбрать разрезы $a_{1}, \ldots$, $a_{p}, b_{1}, \ldots, b_{p}$, превращающие введенную им поверхность в односвязную, и базис $u_{1}, \ldots, u_{p}$ всюду конечных интегралов на этой поверхности так, что интегралы $u_{j}$ по $\alpha_{k}$ равны 0 при $j \neq k$ и $\pi i$ при $j=k$, а интегралы $u_{j}$ по $b_{k}$ образуют симметрическую матрицу $\left(\alpha_{j k}\right)$, удовлетворяющую условиям, при к-рых сходится ряд (2). Он рассмотрел функцию $\theta$, соответствующую этим коэффициентам $\alpha_{j k}$. Периоды произвольной $2 n$-периодической функции от $n$ переменных удовлетворяют соотношениям, аналогичным тем, к-рые необходимы для сходимости рядов, определяющих ө-функции. Эти соотношения между периодами были явно выписаны Г. Фробениусом (G. Frobenius), к-рый доказал, что они необходимы и достаточны для существования нетривиальных функций, удовлетворяющих функциональному уравнению (3) (см. Тета-функция, Абелева функция). Эти соотношения необходимы и достаточны для существования мероморфной функции с заданными периодами, к-рая не может быть сведена линейной заменой переменных к функции менышего числа переменных. Эта теорема была сформулирована К. Вейерштрассом (K. Weierstrass) и доказана A. Пуанкаре (H. Poincaré). В 1921 C. Лефшец (S. Lefschetz) доказал, что при выполнении соотношений Фробениуса $\theta$-функции определяют вложение многообразия $C^{n / \Omega}$ в проективное пространство ( $\Omega$ - решетка, соответствующая заданной матрице периодов; см. Комплексный тор).

Понятия и результаты, составляющие теперь основу теории алгебраич. кривых, создавались под влиянием и в рамках аналитич. теории алгебраич. Функций и их интегралов. Независимо от этого направления развивалась и чисто геометрич. теория алгебраич. кривых. Напр., в вышедшей в 1834 книге Ю. Плюккер (Ј. Plüсker) нашел формулы, связывающие класс, степень кривой и число ее двойных точек. Там же он доказал существование девяти точек перегиба у плоской кривой 3-й степени. Но подобного рода исследования занимали второстепенное место в математике того времени, они не были связаны с ее наиболее глубокими идеями.

Только после работ Б. Римана, геометрия алгебраич. кривых заняла важное место в математике наряду с теорией абелевых интегралов и абелевых функций. Это изменение точки зрения связано гл. обр. с работами А. Клебша (A. Clebsch). В то время как у Б. Римана ос- новной являлась функция, А. Клебш считал основным объектом алгебраич. кривую. В книге А. Клебша и П. Гордана [10] выведена формула для числа $p$ линейно независимых интегралов 1-го рода (т. е. рода кривой $X)$, выражающая его через степень кривой и число особых точек. Там же доказано, что при $p=0$ кривая обладает рациональной параметризацией, а при $p=1$ преобразуется в плоскую кривую 3-й степени.

Для развития алгебро-геометрич. аспекта теории алгебраич. кривых полезной оказалась одна ошибка Б. Римана. При доказательстве своих теорем существования он считал очевидной разрешимость нек-рой вариационной задачи: «принципа Дирихле». Вскоре К. Вейерштрасс показал, что не любая вариационная задача имеет решение. Поэтому нек-рое время результаты Б. Римана оставались необоснованными. Один из выходов заключался в алгебраич. доказательстве этих теорем - формулировка их была, по существу, алгебраической. Эти исследования, предпринятые А. Клебшем, в значительной мере способствовали выяснению алгебро-геометрич. характера результатов Н. Абеля и Б. Римана, скрытого под аналитич. оболочкой.

Направление исследований, начатое А. Клебшем, достигло своего расцвета в работах его ученика - М. Нётера (M. Noether). Круг идей М. Нётера особенно ясно намечен в его совместной работе с А. Бриллем (A. Brill). В ней ставится задача развить геометрию на алгебраич. кривой, лежащей в проективной плоскости, как совокупность результатов, инвариантных относительно взаимно однозначных (т. е. бирациональных) преобразований (см. Бирациональная геометрия).

К началу 2-й пол. 19 в. было найдено много специальных свойств алгебраич. многообразий размерности большей, чем 1, в основном поверхностей. Напр., были детально исследованы поверхности 3-й степени, и, в частности, Дж. Сальмон (G. Salmon) и А. Кэли (А. Сауley) доказали в 1849 , что на любой кубич. поверхности без особых точек лежит 27 различных прямых. Однако эти результаты долго не объединялись к.-л. общими принципами и не были связаны с глубокими идеями, выработанными к тому времени в теории алгебраич. кривых.

Итальянская школа А. г. оказала большое влияние на развитие этой науки. Основателями итальянской геометрич. школы являются Л. Кремона (L. Cremona), К. Cerpe (C. Segre), Э. Бертини (E. Bertini). Ee самые значительные представители - $\Gamma$. Кастельнуово (G. Castelnuovo), Ф. Энрикес (F. Enriques) и Ф. Севери (F. Severi). Одно из основных достижений итальянской школы - классификация алгебрацческих повер ностей. Первым результатом здесь можно считать работу Э. Бертини 1877 , в к-рой дана классификация инволютивных преобразований плоскости, т. е. (в современной терминологии) классифиюкация с тсчностью до сопряженности в группе бирациональных автоморфизмов плоскости всех элементов 2-го порядка этоӥ групыы. Классификация оказывается очень простой, и из нее, в частности, легко вывести, что факторплоскость по группе 2-го порядка является рациональной поверхностью. Иначе говоря, если поверхность $X$ унирациональна и морфизм $f: P^{2} \rightarrow X$ имеет степень 2 , то $X$ рациональна. Общий случай Люрота проблемы для алгебраич. поверхностей решил (положительно) Г. Кастельнуово в 1893. Он же поставил и решил вопрос о характеристике рациональных поверхностей численными инвариантами. Классификация поверхностей была получена Ф. Энрикесом в серии работ, завершившейся уже в 10-х гг. 20 в.

Основным средством итальянской школы было исследование семейств кривых на поверхности - линейных и алгебраических (последние называли непрерывными). Это привело к понятию линейной и алгебраич. эквивалентности. Связь этих понятий впервые исследовал Г. Кастельнуово. Важный вклад в дальнейшую разработку вопроса внес Ф. Севери. Хотя значительная часть понятий возникла в аналитич. форме, их алгебраич. сыысл был со временем выяснен. Существует тем не менее ряд понятий и результатов, к-рые, по существу (по крайней мере с современной точки зрения), связаны с анализом.

В самом начале 80-х гг. 19 в. появились работы Ф. Клейна (F. Klein) і А. Пуанкаре (H. Poincaré), посвященные проблеме унифор.иизации алгебрапч. кривых автоморфными функциями. Их цель заключалась в том, чтобы аналогично тому, как эллиптич. функции униформизируют кривые рода 1, униформизировать любые кривые функциями, к-рые теперь наз. автоморфными. Ф. Клейн исходил при этом из теории модулярных функций. Поле модулярных функций изоморфно полю рациональных функций, но можно рассматривать функции, инвариантные относительно различных подгрупп модулярной группы, и получать таким способом более сложные поля. В частности, Ф. Клейн рассмотрел функции, автоморфные относительно группы, состоящей из всех преобразований $z \rightarrow \frac{a z+b}{c z+d}$, в к-рых, $a, b, c$ и $d-$ целые числа, $a d-b c=1$ и

\[
\left(\begin{array}{ll}
a &amp; b \\
c &amp; d
\end{array}\right) \equiv\left(\begin{array}{ll}
1 &amp; 0 \\
0 &amp; 1
\end{array}\right)(\bmod 7)
\]

Он показал, что эти функции униформизируют крцвую рода 3 с уравнением $x_{0}^{3} x_{1}+x_{1}^{3} x_{2}+x_{2}^{3} x_{0}=0$. Можно деформировать фундаментальный многоугольник этой группы и получать таким путем новые группы, к-рые будут униформизировать кривые рода 3. Подобный ход мыслей лежал в основе работ Ф. Клейна и А. Пуанкаре, причем А. Пуанкаре пользовался для построения автоморфных функций рядами, к-рые носят ныне его имя. Оба они правильно угадали, что любая алгебраич. кривая допускает униформизацию соответствующей группой, и значительно продвинулись в направлении доказательства этого результата. Полное доказательство было получено только в 1907 А. Пуанкаре и независимо от него П. Кёбе (Р. К оеbe). При этом большую роль сыграло то, что к тому времени в работах А. Пуанкаре было исследовано понятие фундаментальной группы и универсальной накрывающей.

Топология алгебраич. кривых очень проста и была полностью исследована Б. Риманом. Для изучения топологии алгебраич. поверхностей Э. Пикар (E. Picard) развил метод, основанный на изучении слоев морфиизма $f: X \rightarrow P^{1}$. Он исследовал, как меняется топология слоя $f^{-1}(a)$ при изменении точки $a \in P^{1}$, и, в частности, когда этот слой приобретает особую точку. Таким способом, напр., была доказана односвязность гладких поверхностей в $P^{3}$ (см. [11], т. 1). Важный вклад в топологию алгебраич. поверхностей внес также А. Пуанкаре.

В 1921 С. Лефшшец (S. Lefschetz) начал применять вовую науку - топологию - к изучению алгебраич. многообразий над полем комплексных чисел. Его первоначальной целью было упрощение результатов Ә. Пикара и А. Пуанкаре и өбобщение их на многомерный случай. Однако он сделал значительно больше и его работы открыли новую область исследований в A. Дальнейший вклад С. Лефшеца в А. г. относится к теории алгебраич. циклов на алгебраич. многообразиях. Он доказал, что двумерный цикл на алгебраич. поверхности гомологичен циклу, представляемому алгебраич. кривой, в том, и только том случае, когда регулярные двойные интегралы $\iint R(x, y, z) d x d y$ имеют нулевые периоды на нем.

Исследования С. Лефшеца заложили основу современной теории комплексных многообразий. Позднее были введены мощные средства для их изучения, среди к-рых - теория гармонич. интегралов [У. Ходж (W. Hodge), Ж. де Рам (G. de Rham)] и теория пучков [A. Картан (H. Cartan), Ж. Лере (J . Leray)]. Используя эту технику, удалось показать, что неособые алгебраич. многообразия составляют часть важного класса комплексных многообразий - кәлеровых многообразий.

Теория пучков и связанная с ней теория векторных расслоений на комплексных многообразиях позволили дать новую интерпретацию и значительно обобщить многіе классич. инварианты алгебраич. поверхностей (арифметич. И геометрич. род, канонич. системы). Одним из важнейших достижений этой теории было создание теории Чжәня классов и значительного обобщения классич. теоремы Римана - Роха (Ф. Хирцебрух [7])

F cep. 20 в. А. г. подверглась значительной переработке на теоретико-множественной и аксиоматич. основе. Область применения А. г. необычайно расширилась в сторону комплексных многообразий и в сторону алгебраич. многообразий над произвольными полями. Интерес к А. г. над «неклассическими» полями возник сначала в связи с теорией сравнений, к-рые можно интерпретировать как уравнения над конечным полем. В своем докладе на Международном конгрессе математиков в 1908 А. Пуанкаре говорил, что к изучению сравнений от двух неизвестных можно применить методы теории алгебраич. кривых. Почва для систематич. построения А. г. была подготовлена общим развитием теории полей и колец в $10-20$-х гг. 20 в.

Попытка доказательства Р имана гипотезы (к-рую можно сформулировать для любой алгебраич. кривой над конечным полем) привела в 30-х гг. в работах X. Xacce (H. Hasse) и его учеников к построению теории алгебраич. кривых над произвольным полем. При этом сама гипотеза была доказана X. Хассе для эллиптич. кривых. С другой стороны, в серии статей, опубликованных в 1931-39, Б. Л. ван дер Варден (B. L. van der Waerden) продвинулся в построении А. г. над произвольным полем. В частности, им была построена теория пересечений на гладком проективном многообразии.

В 1940 A. Вейлю (A. Weil) удалось доказать гипотезу Римана для произвольной алгебраич. кривой над конечным полем. Он нашел два пути ее доказательства. Один из них основывается на теории соответствий кривой $X$ (т. е. дивизоров на поверхности $X \times X)$, а другой - на рассмотрении ее якобиева многообразия. Таким образом, в обоих случаях привлекаются многомерные многообразия. В связи с этим в книге А. Вейля [5] содержится построение А. г. над произвольным полем: теория дивизоров, циклов, пересечений. Здесь впервые определяются «абстрактные» (не обязательно квазипроективные) многообразия путем процесса склеивания аффинных кусков. Работами О. Зариского (О. Zariski), П. Самюэля (Р. Samuel), К. ПIевалле (C. Chevalley) и Ж. П. Серpa (J . P. Serre) были введены в A. r. в нач. 50-x rr. 20 в. мощные методы коммутативной и, в частности, локальной алгебры.

Определение многообразий, основанное на понятии пучка, было дано Ж. П. Серром. Он же построил и теорию когерентных алгебрацческих пучков, причем прообразом ее служила незадолго до того созданная теория когерентных аналитических пучков.

В конце 50-х гг. 20 в. А. г. подвергается кардинальной перестройке, предпринятой А. Гротендиком (A. Grothendieck) на основе понятия схемы. Используя язык теории категорий, А. Гротендику удалось значительно обобщить и прояснить многие важные классич. конструкции в А. г., абстрактное определение к-рых было ранее мало геометрично. Им же было основано много новых важных разделов А. г. (см. Алгебраическая геометрия абстрактная). Язык теории схем прочно вошел в обиход современной А. г., органически слил ее с коммутативной алгеброй и принес в исследования арифметич. вопросов алгебраич. многообразий значительный прогресс (см. Алгебраических многообразий арифметика). Непосредственное влияние теория схем оказала на одно из важнейших достижений А. г. за последний период - решение проблемы существования неособой бирациональной моделі алгсбраич. многоои́разий, определенных над полем характеристики нуль (см. Разреисние особенностей).

Лum.: [1] Ш а ф а р е в и ч И. Р., Основы алгебраической геометрии, М., 1972: [2] Х о д ж В., П и д о Д., Методы алгебраической геометрии, пер. с англ., т. 1-3, М., 1954-55; [3]

![](https://cdn.mathpix.com/cropped/2023_07_08_9046a89db5838bc7d69dg-1.jpg?height=27&amp;width=802&amp;top_left_y=561&amp;top_left_x=141)
c англ., M., 1961; [4] D i e u d on n è J. &quot;Amer. Math. Monthly&quot;

![](https://cdn.mathpix.com/cropped/2023_07_08_9046a89db5838bc7d69dg-1.jpg?height=38&amp;width=819&amp;top_left_y=605&amp;top_left_x=134)
gebraic geometry, N. Y., 1946; 6 d G r oth endie c k A., [a.o.], 1971; [7] H i r z e b r c ch F., Topological methods in Algebraic Geometry, B. - [a.o.], $1966 ;$ [8] E n r i q u e s F., Le superficie algebriche, Bologna, 1949, [9] Z a r s k i o.' Algebraic surfaces, 2 ed., B.- [a.o.], 1971; [10] C l e b s c h A. G or d a n P., Theorie der Abelschen Funktionen, Lpz., 1866; [11] de deux variables independantes, t. 1-2, P., 1897-1906. По материалам &quot;Исторического очерка&quot; книги И. Р. Шафјаревича [1].</text_orig>
</article>
