<?xml version="1.0" ?>
<article uri="http://libmeta.ru/me/article/104_SIEKT" alphabetic_pos="104">
  <title>СIEKTP</title>
  <authors/>
  <pages>
    <start>50</start>
    <end>51</end>
  </pages>
  <literature>
    <literature_orig/>
  </literature>
  <formulas_main/>
  <formulas_aux/>
  <relations n="0"/>
  <text>о е р а т о р а - совокупность $\sigma(a)$ чй. сел $\lambda \in \mathbb{C}$, для к-рых оператор $a-\lambda I$ не имеет всюду определенного ограниченного обратного. Здесь $a$ линейный оператор в комплексном банаховом пространстве $x, I$ - тождественный оператор в $x$. Если $a$ не замкнут в $x$, то $\sigma(a)=\mathbb{c}$, поэтому обычно рассматривают С. замкнутых операторов (для операторов, допускающих замыкание, иногда их С. наз. с п е к т p з а мы к а ния).

Если $a-\lambda I$ не инъективен или не сюръективен, то $\lambda \in \sigma(A)$. В первом случае $\lambda$ наз. с о б с т в е н ны м з н а ч е ни е м оператора $a ;$ совокупность $\sigma_{p}(a)$ собственных значений наз. т о ч е ч ны м с п е к тр о м. Во втором случае $\lambda$ наз. точкой н е I р е р ы в-

![](https://cdn.mathpix.com/cropped/2023_07_09_6e3e351def558b30ebbdg-1.jpg?height=37&amp;width=794&amp;top_left_y=2165&amp;top_left_x=995)
с п е к т р а $\sigma_{r}(a)$ в зависимости от того, плотно или не плотно в $x$ подпространство $(a-\lambda I) X$.

Существуют и другие классификации точек С., напр. $\sigma(a)=\sigma_{a}(a) \bigcup \sigma_{d}(A)$, где $\sigma_{a}(a)$ состоит из аппрокси- мативных собственных значений $\left(\lambda \in \sigma_{a}(A)\right.$, если существуют $\left\{x_{n}\right\} \subset X,\left\|x_{n}\right\|-1$,

\[
\begin{gathered}
\left.\left\|(A-\lambda) x_{n}\right\| \rightarrow 0\right), \\
\sigma_{d}(A)=\{\lambda \in \mathbb{C}: \operatorname{Ker}(A-\lambda I)=0, \\
\overline{(A-\lambda I) X}=(A-\lambda I) X \neq X\} .
\end{gathered}
\]

$\pi_{\mathrm{pi}}$ этом $\sigma_{d}(a) \subset \sigma_{r}(A)$ и,, значит, $\sigma_{p}(a) \bigcup \sigma_{c}(A) \subset$ $\subset \sigma_{a}(A)$. В теории возмущениї рассматривается пі $\mathrm{p}$ еде ль н ы й с п е к т р $\sigma_{1 i m}(A)$, состоящий из предельных точек $\sigma(a)$ и изолированных собственных значенй̈ бесконечної кратности, в е й л е в с к и Ĭ с п е к т р, равный пересечению С. всех компактных возмущений, и др.

Если оператор $a$ ограничен, то $\sigma(a)$ компактен и не пуст (в этом случае $\sigma(a)$ совпадает со спектром э л е м е н т а $a$ банаховой алгебры $b(x))$; в общем случае можно утверждать липь, что $\sigma(a)$ замкнут в $\mathbb{c}$. На множестве $\rho(a)=\mathbb{c} \backslash \sigma(A)$ определена аналитическая $b(x)$-значная функция $r_{a}(\lambda)=(a-\lambda I)^{-1}$, наз. ре 3 оль в вентой $\boldsymbol{a}(\rho(a)$ наз. ре н ы м м в о ж с с т о м). С помощью резольвевты строится функциональное исчисление от огератора $a$ ва функциях, авалитических в окрестности $\sigma(a)$ :

\[
f(A)=\frac{1}{2 \pi i} \int_{\Gamma} f(\lambda) R_{A}(\lambda) d \lambda
\]

где $\gamma$ - контур, охватывающий $\sigma(a)$ (неограниченность $a$ накладывает на выбор Г нек-рые ограничения); дополнительные условия на геометрию С. и асимптотику резольвенть поовволяют расширить это функциональное ис числение.

C. функциї̈ от оператора определяются формулой $\sigma(f(a))=\{f(\lambda): \lambda \in \sigma(A)\}$

(те о рема о б отоб р а жени и с пе к т р a); C. $\sigma\left(a^{*}\right)$ сопряженного огератора совпадает с $\sigma(a)$, если $a$ ограничен, а в обџем случае $\sigma\left(a^{*}\right) \subset \sigma(A)$.

Если $\operatorname{dim} X&lt;\infty$, то $\sigma(a)=\sigma_{p}(a)$ и $x$ раскладывается в прямуіо сумму инварнантных относительно $a$ подпространств, в каждом из к-рых $a$ индуцирует оператор с одноточечным С.; поисками бесконечномерных аналогов такого разложения занимается спектральная теория олераторов. См. также Спектральный анализ, Спектральный синтез, Спектральный оператор, Спектральное разложение.

Лum.: [1] Д а и ф о р д Н., Ш в а р ц Д ж., Јинейные операторы. Обцая теория, пер. с англ., т. 1, М., 1962; [2] K а т о Т., Теория возмущений линейных ошераторов, пер. с англ., М., 1972.

В. С. Шульман.</text>
  <text_orig>о е р а т о р а - совокупность $\sigma(A)$ чй. сел $\lambda \in \mathbb{C}$, для к-рых оператор $A-\lambda I$ не имеет всюду определенного ограниченного обратного. Здесь $A$ линейный оператор в комплексном банаховом пространстве $X, I$ - тождественный оператор в $X$. Если $A$ не замкнут в $X$, то $\sigma(A)=\mathbb{C}$, поэтому обычно рассматривают С. замкнутых операторов (для операторов, допускающих замыкание, иногда их С. наз. с п е к т p з а мы к а ния).

Если $A-\lambda I$ не инъективен или не сюръективен, то $\lambda \in \sigma(A)$. В первом случае $\lambda$ наз. с о б с т в е н ны м з н а ч е ни е м оператора $A ;$ совокупность $\sigma_{p}(A)$ собственных значений наз. т о ч е ч ны м с п е к тр о м. Во втором случае $\lambda$ наз. точкой н е I р е р ы в-

![](https://cdn.mathpix.com/cropped/2023_07_09_6e3e351def558b30ebbdg-1.jpg?height=37&amp;width=794&amp;top_left_y=2165&amp;top_left_x=995)
с п е к т р а $\sigma_{r}(A)$ в зависимости от того, плотно или не плотно в $X$ подпространство $(A-\lambda I) X$.

Существуют и другие классификации точек С., напр. $\sigma(A)=\sigma_{a}(A) \bigcup \sigma_{d}(A)$, где $\sigma_{a}(A)$ состоит из аппрокси- мативных собственных значений $\left(\lambda \in \sigma_{a}(A)\right.$, если существуют $\left\{x_{n}\right\} \subset X,\left\|x_{n}\right\|-1$,

\[
\begin{gathered}
\left.\left\|(A-\lambda) x_{n}\right\| \rightarrow 0\right), \\
\sigma_{d}(A)=\{\lambda \in \mathbb{C}: \operatorname{Ker}(A-\lambda I)=0, \\
\overline{(A-\lambda I) X}=(A-\lambda I) X \neq X\} .
\end{gathered}
\]

$\Pi_{\mathrm{pI}}$ этом $\sigma_{d}(A) \subset \sigma_{r}(A)$ и,, значит, $\sigma_{p}(A) \bigcup \sigma_{c}(A) \subset$ $\subset \sigma_{a}(A)$. В теории возмущениї рассматривается пі $\mathrm{p}$ еде ль н ы й с п е к т р $\sigma_{1 i m}(A)$, состоящий из предельных точек $\sigma(A)$ и изолированных собственных значенй̈ бесконечної кратности, в е й л е в с к и Ĭ с п е к т р, равный пересечению С. всех компактных возмущений, и др.

Если оператор $A$ ограничен, то $\sigma(A)$ компактен и не пуст (в этом случае $\sigma(A)$ совпадает со спектром э л е м е н т а $A$ банаховой алгебры $B(X))$; в общем случае можно утверждать липь, что $\sigma(A)$ замкнут в $\mathbb{C}$. На множестве $\rho(A)=\mathbb{C} \backslash \sigma(A)$ определена аналитическая $B(X)$-значная функция $R_{A}(\lambda)=(A-\lambda I)^{-1}$, наз. ре 3 оль в вентой $\boldsymbol{A}(\rho(A)$ наз. ре н ы м м в о ж с с т о м). С помощью резольвевты строится функциональное исчисление от огератора $A$ ва функциях, авалитических в окрестности $\sigma(A)$ :

\[
f(A)=\frac{1}{2 \pi i} \int_{\Gamma} f(\lambda) R_{A}(\lambda) d \lambda
\]

где $\Gamma$ - контур, охватывающий $\sigma(A)$ (неограниченность $A$ накладывает на выбор Г нек-рые ограничения); дополнительные условия на геометрию С. и асимптотику резольвенть поовволяют расширить это функциональное ис числение.

C. функциї̈ от оператора определяются формулой $\sigma(f(A))=\{f(\lambda): \lambda \in \sigma(A)\}$

(те о рема о б отоб р а жени и с пе к т р a); C. $\sigma\left(A^{*}\right)$ сопряженного огератора совпадает с $\sigma(A)$, если $A$ ограничен, а в обџем случае $\sigma\left(A^{*}\right) \subset \sigma(A)$.

Если $\operatorname{dim} X&lt;\infty$, то $\sigma(A)=\sigma_{p}(A)$ и $X$ раскладывается в прямуіо сумму инварнантных относительно $A$ подпространств, в каждом из к-рых $A$ индуцирует оператор с одноточечным С.; поисками бесконечномерных аналогов такого разложения занимается спектральная теория олераторов. См. также Спектральный анализ, Спектральный синтез, Спектральный оператор, Спектральное разложение.

Лum.: [1] Д а и ф о р д Н., Ш в а р ц Д ж., Јинейные операторы. Обцая теория, пер. с англ., т. 1, М., 1962; [2] K а т о Т., Теория возмущений линейных ошераторов, пер. с англ., М., 1972.

В. С. Шульман.</text_orig>
</article>
