<?xml version="1.0" ?>
<article uri="http://libmeta.ru/me/article/1050_ShІTIELJa" alphabetic_pos="1050">
  <title>ШІТИЕЛЯ МНОГООБРАЗИЕ</title>
  <authors/>
  <pages>
    <start>453</start>
    <end>453</end>
  </pages>
  <literature>
    <literature_orig/>
  </literature>
  <formulas_main/>
  <formulas_aux/>
  <relations n="0"/>
  <text>(вещественное) - многообразие $v_{n, k}$ ортонормированных $k$-реперов в $n$-мерном евклидовом пространстве. Аналогично оиределяются комплексное Iii. м. $w_{n, k}$ и кватернионное Шi. м. $x_{n, k}$. Iii. м. являются компактными вещественно-аналіттич. многообразиями, а также однородными пространствами классич. компактных групп $o(n), U(n)$ и $\mathrm{sp}(n)$ соответственно. В частности, $v_{n, 1}=S^{n-1}, W_{n, 1}=S^{2 n-1}, X_{n, 1}=S^{4 n-1}$ являютея сферами, Шш. м. $v_{n, 2}$ есть многообразие единiiчных касательных векторов к $s^{n-1}$, Iii. м. $v_{n, n}$, $w_{n, n}, X_{n, n}$ отождествляются с группамі $o(n), U(n)$, $\operatorname{sp}(n)$, a $v_{n, n-1}-\mathrm{c}$ группой $s O(n)$. Рассматриваотся также некомпактные Ii. м., состоящие из всевозможных $k$-реперов в $\mathbb{r}^{n}, \mathbb{C}^{n}$ или $\mathbb{h}^{n}$.

Эти многообразия были введены Э. Штифелем [1] в связи с изучением систем линейно независимых векторных полей на гладких многообразиях. Начатое в [1] изучение топологии Iii. м. привело затем к полному вычислению их когомологиіі (см. [2], [3]). В частности,

\[
H^{*}\left(W_{n, k}, \mathbb{Z}\right)=\Lambda_{\mathbb{Z}}\left(x_{2 n-1}, x_{2 n-3}, \ldots, x_{2(n-k)+1}\right),
\]\[
H^{*}\left(X_{n, k}, \mathbb{Z}\right)=\Lambda_{\mathbb{Z}}\left(x_{4 n-1}, x_{4 n-5}, \ldots, x_{4(n-k)+3}\right),
\]

$h^{*}\left(v_{n, k}, \mathbb{Z}_{2}\right)$ есть коммутативная алгебра с образующими $x_{n-k}, x_{n-k+1}, \ldots, x_{n-1}$ и соотношениями

\[
x_{i} x_{j}= \begin{cases}x_{i+j}, &amp; \text { еслиг } i+j \leqslant n-1, \\ 0, &amp; \text { если } i+j&gt;n-1\end{cases}
\]

(через $x_{l}$ всюду обозначен элемент степени $l$ ). Вещественные, комплексные и кватернионные Iii. м. асферичны в размерностях не более $n-k-1,2(n-k)$ и $4(n-k)+2$ соответственно, причем

\[
\begin{gathered}
\pi_{n-k}\left(V_{n}, k\right) \cong\left\{\begin{array}{l}
\mathbb{Z}, \text { если } k=1 \text { пли } n-k \text { четно, } \\
\mathbb{Z}_{2}, \text { если } k&gt;1 \text { или } n-k \text { нечетно; }
\end{array}\right. \\
\pi_{2(n-k)+1}\left(W_{n, k}\right) \cong \pi_{4}(n-k)+3\left(X_{n, k}\right) \cong \mathbb{Z} .
\end{gathered}
\]

По поводу вычисления цругих гомотопич. групп Iii. M. Cm. [5].

Jum.: [i] S i i e f e l E., &quot;comm. math. helv.&quot;, 1935-36, v. 8, N $4,1,305-53 ;$ [2] Б ор е л ь А., в сб.: Расслоенные про[3] С т и н р о д Н., Эп с т е й н Д.., Когомологические операции, пер. с анг., М., 1983; [4] Р о х ли и н В. А., Ф у к с Д. Б., Начальный курс топологии. Геометрические главы, М., 1977; [5] Итоги науки. Алгебра. Топология. Гсометрия, М., 1971,
с. $71-122$.
А. Оницик.</text>
  <text_orig>(вещественное) - многообразие $V_{n, k}$ ортонормированных $k$-реперов в $n$-мерном евклидовом пространстве. Аналогично оиределяются комплексное III. м. $W_{n, k}$ и кватернионное ШI. м. $X_{n, k}$. III. м. являются компактными вещественно-аналіттич. многообразиями, а также однородными пространствами классич. компактных групп $O(n), U(n)$ и $\mathrm{Sp}(n)$ соответственно. В частности, $V_{n, 1}=S^{n-1}, W_{n, 1}=S^{2 n-1}, X_{n, 1}=S^{4 n-1}$ являютея сферами, ШШ. м. $V_{n, 2}$ есть многообразие единIIчных касательных векторов к $S^{n-1}$, III. м. $V_{n, n}$, $W_{n, n}, X_{n, n}$ отождествляются с группамі $O(n), U(n)$, $\operatorname{Sp}(n)$, a $V_{n, n-1}-\mathrm{c}$ группой $S O(n)$. Рассматриваотся также некомпактные II. м., состоящие из всевозможных $k$-реперов в $\mathbb{R}^{n}, \mathbb{C}^{n}$ или $\mathbb{H}^{n}$.

Эти многообразия были введены Э. Штифелем [1] в связи с изучением систем линейно независимых векторных полей на гладких многообразиях. Начатое в [1] изучение топологии III. м. привело затем к полному вычислению их когомологиіі (см. [2], [3]). В частности,

\[
H^{*}\left(W_{n, k}, \mathbb{Z}\right)=\Lambda_{\mathbb{Z}}\left(x_{2 n-1}, x_{2 n-3}, \ldots, x_{2(n-k)+1}\right),
\]\[
H^{*}\left(X_{n, k}, \mathbb{Z}\right)=\Lambda_{\mathbb{Z}}\left(x_{4 n-1}, x_{4 n-5}, \ldots, x_{4(n-k)+3}\right),
\]

$H^{*}\left(V_{n, k}, \mathbb{Z}_{2}\right)$ есть коммутативная алгебра с образующими $x_{n-k}, x_{n-k+1}, \ldots, x_{n-1}$ и соотношениями

\[
x_{i} x_{j}= \begin{cases}x_{i+j}, &amp; \text { еслиг } i+j \leqslant n-1, \\ 0, &amp; \text { если } i+j&gt;n-1\end{cases}
\]

(через $x_{l}$ всюду обозначен элемент степени $l$ ). Вещественные, комплексные и кватернионные III. м. асферичны в размерностях не более $n-k-1,2(n-k)$ и $4(n-k)+2$ соответственно, причем

\[
\begin{gathered}
\pi_{n-k}\left(V_{n}, k\right) \cong\left\{\begin{array}{l}
\mathbb{Z}, \text { если } k=1 \text { пли } n-k \text { четно, } \\
\mathbb{Z}_{2}, \text { если } k&gt;1 \text { или } n-k \text { нечетно; }
\end{array}\right. \\
\pi_{2(n-k)+1}\left(W_{n, k}\right) \cong \pi_{4}(n-k)+3\left(X_{n, k}\right) \cong \mathbb{Z} .
\end{gathered}
\]

По поводу вычисления цругих гомотопич. групп III. M. CM. [5].

Jum.: [i] S i i e f e l E., &quot;Comm. math. helv.&quot;, 1935-36, v. 8, N $4,1,305-53 ;$ [2] Б ор е л ь А., в сб.: Расслоенные про[3] С т и н р о д Н., Эп с т е й н Д.., Когомологические операции, пер. с анг., М., 1983; [4] Р о х ли и н В. А., Ф у к с Д. Б., Начальный курс топологии. Геометрические главы, М., 1977; [5] Итоги науки. Алгебра. Топология. Гсометрия, М., 1971,
с. $71-122$.
А. Оницик.</text_orig>
</article>
