<?xml version="1.0" ?>
<article uri="http://libmeta.ru/me/article/1050_KONIChESKAJa" alphabetic_pos="1050">
  <title>КОНИЧЕСКАЯ КОНСТРУ КЦИЯ</title>
  <authors/>
  <pages>
    <start>518</start>
    <end>518</end>
  </pages>
  <literature>
    <literature_orig/>
  </literature>
  <formulas_main/>
  <formulas_aux/>
  <relations n="0"/>
  <text>соноставление с каждым непрерывным отображением топологич. пространств $f: X \rightarrow Y$ топологіч. пространства $c_{f} \supset Y$, к-рое получается из топологич. суммы (несвязного) объедінения $c X \oplus Y$ (здесь $c X=(X \times[0,1]) /(X \times\{0\})-$ конус над $x$ ) отождествленшем $x \times\{1\}=f(x), x \in X$. Пространство $c_{f}$ наз. к о ну с о м о тоб ра же н ї я $f$. Если пространства $x, Y$ пунктірованы отмеченными точкамі $x \in X, y \in Y$, то дополнітельно стягівается в точку образуюицая $x \times[0,1]$ конуса $c X$, іг само $c_{f}$ наз. с т янутым конусом о тоб ра же ния $f$. Для любого нунктірованного топологич. пространства $k$ последовательность $x \stackrel{i}{\rightarrow} Y \subset C_{f}$ индуцирует точную последовательность

\[
\left[X, K^{-}\right] \leftarrow\left[\mathrm{I}^{*}, \mathrm{~K}\right] \leftarrow\left[C_{f}, K\right]
\]

пунктированных множеств. Отображение $f$ гомотопно постоянному отображеншю в отмеченную точку тогда и только тогда, когда $y$ является ретрактом пространства $c_{f}$

Лит.: [1] С п е и ь е р Э., Алгебраическая топология, пер. c ангт., М., 1971; [2] м ош е p Р. Э., Т а н г о р а М. К., Когомологические операциі и их приложения в теории гомо-
топий, пер. с англ., М., 1970.</text>
  <text_orig>соноставление с каждым непрерывным отображением топологич. пространств $f: X \rightarrow Y$ топологіч. пространства $C_{f} \supset Y$, к-рое получается из топологич. суммы (несвязного) объедінения $C X \oplus Y$ (здесь $C X=(X \times[0,1]) /(X \times\{0\})-$ конус над $X$ ) отождествленшем $x \times\{1\}=f(x), x \in X$. Пространство $C_{f}$ наз. к о ну с о м о тоб ра же н ї я $f$. Если пространства $X, Y$ пунктірованы отмеченными точкамі $x \in X, y \in Y$, то дополнітельно стягівается в точку образуюицая $x \times[0,1]$ конуса $C X$, іг само $C_{f}$ наз. с т янутым конусом о тоб ра же ния $f$. Для любого нунктірованного топологич. пространства $K$ последовательность $X \stackrel{i}{\rightarrow} Y \subset C_{f}$ индуцирует точную последовательность

\[
\left[X, K^{-}\right] \leftarrow\left[\mathrm{I}^{*}, \mathrm{~K}\right] \leftarrow\left[C_{f}, K\right]
\]

пунктированных множеств. Отображение $f$ гомотопно постоянному отображеншю в отмеченную точку тогда и только тогда, когда $Y$ является ретрактом пространства $C_{f}$

Лит.: [1] С п е и ь е р Э., Алгебраическая топология, пер. c ангт., М., 1971; [2] м ош е p Р. Э., Т а н г о р а М. К., Когомологические операциі и их приложения в теории гомо-
топий, пер. с англ., М., 1970.</text_orig>
</article>
