<?xml version="1.0" ?>
<article uri="http://libmeta.ru/me/article/1051_REKU" alphabetic_pos="1051">
  <title>РЕКУ РРЕНТНАЯ ФУНКЦИЯ</title>
  <authors/>
  <pages>
    <start>478</start>
    <end>479</end>
  </pages>
  <literature>
    <literature_orig/>
  </literature>
  <formulas_main/>
  <formulas_aux/>
  <relations n="0"/>
  <text>Функция, являющаяся рекуррентной точкой сдвигов динамич. системы. Эквивалентное определение: функция $\varphi: \mathbb{R} \rightarrow S$, где $s-$ метрич. пространство, наз. рекуррентной, если она имеет предкомпактное множество значений, равномерно непрерывна и для всякой последовательности чисел $t_{k} \in \mathbb{R}$ такой, что существует предел

\[
\tilde{\varphi}(t)=\lim _{k \rightarrow \infty} \varphi\left(t_{k}+t\right)
\]

(пред е л в ком пактн о о ткры той то пол о г и и, т. е. равномерный на каждом отрезке), найбы существовала точка, устойчивая по Лагранжу (см. рентное соотношение. дется последовательность чисел $\tau_{k} \in \mathbb{R}$ такая, что

\[
\varphi(t)=\lim _{k \rightarrow \infty} \tilde{\varphi}\left(\tau_{k}+t\right)
\]

в компактно открытой топологии.

Если $\varphi \cdot \mathbb{R} \rightarrow \mathbb{R} n-$ ограниченная равномерно непрерывная функция, то найдутся $t_{k} \in \mathbb{R}$ такие, что предел

\[
\tilde{\varphi}(t)=\lim _{k \rightarrow \infty} \varphi\left(t_{k}+t\right)
\]

(в компактно открытої топологии) существует и является $\mathrm{p}$ ф. Всякая почти периодич. функция и, в частности, всякая периодич. Функция являются $\mathrm{p}$. ф. Лит.: [1] Итоги науки и техники. Математический анализ,
т. 12, М., 1974, с. $71-146$.
В. М. Миллионциков.</text>
  <text_orig>Функция, являющаяся рекуррентной точкой сдвигов динамич. системы. Эквивалентное определение: функция $\varphi: \mathbb{R} \rightarrow S$, где $S-$ метрич. пространство, наз. рекуррентной, если она имеет предкомпактное множество значений, равномерно непрерывна и для всякой последовательности чисел $t_{k} \in \mathbb{R}$ такой, что существует предел

\[
\tilde{\varphi}(t)=\lim _{k \rightarrow \infty} \varphi\left(t_{k}+t\right)
\]

(пред е л в ком пактн о о ткры той то пол о г и и, т. е. равномерный на каждом отрезке), найбы существовала точка, устойчивая по Лагранжу (см. рентное соотношение. дется последовательность чисел $\tau_{k} \in \mathbb{R}$ такая, что

\[
\varphi(t)=\lim _{k \rightarrow \infty} \tilde{\varphi}\left(\tau_{k}+t\right)
\]

в компактно открытой топологии.

Если $\varphi \cdot \mathbb{R} \rightarrow \mathbb{R} n-$ ограниченная равномерно непрерывная функция, то найдутся $t_{k} \in \mathbb{R}$ такие, что предел

\[
\tilde{\varphi}(t)=\lim _{k \rightarrow \infty} \varphi\left(t_{k}+t\right)
\]

(в компактно открытої топологии) существует и является $\mathrm{P}$ ф. Всякая почти периодич. функция и, в частности, всякая периодич. Функция являются $\mathrm{P}$. ф. Лит.: [1] Итоги науки и техники. Математический анализ,
т. 12, М., 1974, с. $71-146$.
В. М. Миллионциков.</text_orig>
</article>
