<?xml version="1.0" ?>
<article uri="http://libmeta.ru/me/article/1051_NORMAL'NO" alphabetic_pos="1051">
  <title>НОРМАЛЬНО РАЗРЕПІИМЫИ ОПЕРАТОР</title>
  <authors/>
  <pages>
    <start>532</start>
    <end>532</end>
  </pages>
  <literature>
    <literature_orig/>
  </literature>
  <formulas_main/>
  <formulas_aux/>
  <relations n="0"/>
  <text>Линейный оператор с замкнутой областью значений. Пусть $a$ - линейный оператор с плотной в банаховом пространстве $x$ областью определения и с областью значений $r(a)$ в банаховом пространстве $y$. Тогда $a-$ Н. р. о., если $\overline{r(a)}=r(a)$, т. е. если $r(a)$ является замкнутым подпространством в $y$. Пусть $a$ * - опера- тор, сопряженный к $a$. Для того чтобы $a$ был Н. р. о., необходимо и достаточно, чтобы $r(a)=\perp N(A *)$, т. е. ттобы область значений $a$ являлась ортогональным дополнением к подпространству нулей онератора $a *$. Пусть дано уравнение с. Н. p. о.

\[
A x=y
\]

(нор м а льно ра з р е пи мо е ура внение). Если $n\left(a^{*}\right)=\{0\}$, т. е. однородное сопряженное уравнение $a * \psi=0$ имеет только тривиальное решение, то $r(a)=y$. Если же $n(a *) \neq\{0\}$, то для разрешимости $(*)$ необходимо и достаточно, чтобы $\langle y, \psi\rangle=0$ для всех решений уравнения $a * \psi=0$.

Пусть ниже $a$ - замкнутый оператор. Н. р. о. $a$ наз. $n$-н о р м а л ь н ы м, если его подпространство нулей $n(a) \quad$ конечномерно $(n(a)=\operatorname{dim} N(A)&lt;+\infty)$. H. р. о. $a$ наз. $d-$ н о р м а л ь н ы м, если его дефектное подпространство конечномерно $(d(a)=$ $\left.=\operatorname{dim} \perp^{\perp} R(A)&lt;+\infty\right)$. $n$-нормальные и $d$-нормальные операторы наз. иногда п о л у ф р е д г о ль м о в ы м и. Для того чтобы оператор $a$ был $n$-нормальным, необходимо и достаточно, чтобы прообраз каждого компактного множества из $r(a)$ был локально компактным.

Пусть $x$ компактно вложено в банахово пространство $x_{6}$. Для $n$-нормальности $a$ необходимо и достаточно наличие априорной оценки

\[
\|x\|_{X} \leqslant a\|x\|_{X_{0}}+b\|A x\|_{Y}, x \in D(A) \text {. }
\]

Оказывается, огератор $a$-нормален тогда и только тогда, когда $a$ * $n$-нормален. При этом $n(a)=d\left(a^{*}\right)$. Следовательно, если $x^{*}$ компактно вложено в банахово пространство $z$, то для $d$-нормальности $a$ необходимо и достаточно наличие априорной оценки

\[
\|f\|_{Y^{*}} \leqslant a\|f\|_{Z}+b\left\|A^{*} f\right\|_{X^{*}}, \quad f \in D\left(A^{*}\right) .
\]

Пара чисел $(n(a), d(A))$ наз. $d$-х а р а к т е р и с т и к о й оператора $a$. Если Н. р. о. $a$ п-нормален или $d$-нормален, то число

\[
\chi(A)=n(A)-d(A)
\]

наз. и н д е к с о о о п е р а т о р а $a$. Свойства $n$ нормальности и $d$-нормальности устойчивы: еслін $a-$ $n$-нормален ( $d$-нормален), а $\boldsymbol{b}$ - линейный оператор малой нормы или вполне непрерывный, то $a+b{ }^{n}$ нормален ( $d$-нормален).

Лит.: [1] X а у с д о p ф Ф., Теория множеств, пер. с нем.,

![](https://cdn.mathpix.com/cropped/2023_07_08_5abf844d4c3a82a02238g-1.jpg?height=47&amp;width=831&amp;top_left_y=1574&amp;top_left_x=989)
1951, т. 28, № 1 , с. 3-14; [3] K p e и н С. Г., Јинейные диф-
ференциальные уравнения в банаховом пространстве, М., 1971.</text>
  <text_orig>Линейный оператор с замкнутой областью значений. Пусть $A$ - линейный оператор с плотной в банаховом пространстве $X$ областью определения и с областью значений $R(A)$ в банаховом пространстве $Y$. Тогда $A-$ Н. р. о., если $\overline{R(A)}=R(A)$, т. е. если $R(A)$ является замкнутым подпространством в $Y$. Пусть $A$ * - опера- тор, сопряженный к $A$. Для того чтобы $A$ был Н. р. о., необходимо и достаточно, чтобы $R(A)=\perp N(A *)$, т. е. ттобы область значений $A$ являлась ортогональным дополнением к подпространству нулей онератора $A *$. Пусть дано уравнение с. Н. p. о.

\[
A x=y
\]

(нор м а льно ра з р е пи мо е ура внение). Если $N\left(A^{*}\right)=\{0\}$, т. е. однородное сопряженное уравнение $A * \psi=0$ имеет только тривиальное решение, то $R(A)=Y$. Если же $N(A *) \neq\{0\}$, то для разрешимости $(*)$ необходимо и достаточно, чтобы $\langle y, \psi\rangle=0$ для всех решений уравнения $A * \psi=0$.

Пусть ниже $A$ - замкнутый оператор. Н. р. о. $A$ наз. $n$-н о р м а л ь н ы м, если его подпространство нулей $N(A) \quad$ конечномерно $(n(A)=\operatorname{dim} N(A)&lt;+\infty)$. H. р. о. $A$ наз. $d-$ н о р м а л ь н ы м, если его дефектное подпространство конечномерно $(d(A)=$ $\left.=\operatorname{dim} \perp^{\perp} R(A)&lt;+\infty\right)$. $n$-нормальные и $d$-нормальные операторы наз. иногда п о л у ф р е д г о ль м о в ы м и. Для того чтобы оператор $A$ был $n$-нормальным, необходимо и достаточно, чтобы прообраз каждого компактного множества из $R(A)$ был локально компактным.

Пусть $X$ компактно вложено в банахово пространство $X_{6}$. Для $n$-нормальности $A$ необходимо и достаточно наличие априорной оценки

\[
\|x\|_{X} \leqslant a\|x\|_{X_{0}}+b\|A x\|_{Y}, x \in D(A) \text {. }
\]

Оказывается, огератор $A$-нормален тогда и только тогда, когда $A$ * $n$-нормален. При этом $n(A)=d\left(A^{*}\right)$. Следовательно, если $X^{*}$ компактно вложено в банахово пространство $Z$, то для $d$-нормальности $A$ необходимо и достаточно наличие априорной оценки

\[
\|f\|_{Y^{*}} \leqslant a\|f\|_{Z}+b\left\|A^{*} f\right\|_{X^{*}}, \quad f \in D\left(A^{*}\right) .
\]

Пара чисел $(n(A), d(A))$ наз. $d$-х а р а к т е р и с т и к о й оператора $A$. Если Н. р. о. $A$ п-нормален или $d$-нормален, то число

\[
\chi(A)=n(A)-d(A)
\]

наз. и н д е к с о о о п е р а т о р а $A$. Свойства $n$ нормальности и $d$-нормальности устойчивы: еслін $A-$ $n$-нормален ( $d$-нормален), а $\boldsymbol{B}$ - линейный оператор малой нормы или вполне непрерывный, то $A+B{ }^{n}$ нормален ( $d$-нормален).

Лит.: [1] X а у с д о p ф Ф., Теория множеств, пер. с нем.,

![](https://cdn.mathpix.com/cropped/2023_07_08_5abf844d4c3a82a02238g-1.jpg?height=47&amp;width=831&amp;top_left_y=1574&amp;top_left_x=989)
1951, т. 28, № 1 , с. 3-14; [3] K p e и н С. Г., Јинейные диф-
ференциальные уравнения в банаховом пространстве, М., 1971.</text_orig>
</article>
