<?xml version="1.0" ?>
<article uri="http://libmeta.ru/me/article/1051_KONIChESKAJa" alphabetic_pos="1051">
  <title>КОНИЧЕСКАЯ ПОВЕРХНОСТЬ</title>
  <authors/>
  <pages>
    <start>518</start>
    <end>518</end>
  </pages>
  <literature>
    <literature_orig/>
  </literature>
  <formulas_main/>
  <formulas_aux/>
  <relations n="0"/>
  <text>К о н у с, - Iioверхность, образуемая движением прямой (о б р а з у юш е й), проходящеї через данную точку (в е р ш и н у К. п.) Ii пересекающцёі данную лінию (н а п р а в л я ющ у ю). К. Ii. Iмеет две полості, расположенные сімметрічно относіте.іьно вершіны.

Кон ическая по в е р хность 2 н го пор я д к а - одін пзз вндов поверхностей второго порядка. Каноническое уравнение д е й с т в іл т е л ь н о ї̈ К. п. 2-го порядка:

\[
\frac{x^{2}}{a^{2}}+\frac{y^{2}}{b^{2}}-\frac{z^{2}}{c^{2}}=0
\]

есліi $a=b$, то Ii. п. наз. к р у г л о ї (к р у г о в о ї) К. п., шли К. П. в р а ш е н й я; каноніческое уравненıе м н и мо ї li. п. 2-го порядка:

\[
\frac{x^{2}}{a^{2}}+\frac{y^{2}}{b^{2}}+\frac{z^{2}}{c^{2}}=0
\]

едінственная дейіствительная точка мнимой К. П.точка $(0,0,0)$.

К о н и те с к о ї П о в е р х нос т ью $n-\Gamma о$ п ор я д к а наз. алгебрапч. поверхность, задаваемая в афффпноӥ системе коордінат $x, y, z$ уравненіем:

\[
f(x, y, z)=0 \text {, }
\]

где $f(x, y, z)$ есть однородный многочлен (форма $n$-й степени от переменных $x, y, z)$. Если точка $m\left(x_{0}, y_{0}, z_{0}\right)$ лежит на $\mathrm{k}$. п., то пи вся прямая $o M$ лежит на Iі́. п. (точка $u$ - начало координат). Справедливо іг обратное утверждение: всякая алгебрашч. поверхность, к-рая состоит из прямых, проходящцх через одну точку, есть K. П. А. Б. Иванов.</text>
  <text_orig>К о н у с, - IIOверхность, образуемая движением прямой (о б р а з у юш е й), проходящеї через данную точку (в е р ш и н у К. п.) II пересекающцёі данную лінию (н а п р а в л я ющ у ю). К. II. Iмеет две полості, расположенные сімметрічно относіте.іьно вершіны.

Кон ическая по в е р хность 2 н го пор я д к а - одін пзЗ вндов поверхностей второго порядка. Каноническое уравнение д е й с т в іл т е л ь н о ї̈ К. п. 2-го порядка:

\[
\frac{x^{2}}{a^{2}}+\frac{y^{2}}{b^{2}}-\frac{z^{2}}{c^{2}}=0
\]

есліI $a=b$, то Ii. п. наз. к р у г л о ї (к р у г о в о ї) К. п., шли К. П. в р а ш е н й я; каноніческое уравненıе м н и мо ї li. п. 2-го порядка:

\[
\frac{x^{2}}{a^{2}}+\frac{y^{2}}{b^{2}}+\frac{z^{2}}{c^{2}}=0
\]

едінственная дейіствительная точка мнимой К. П.точка $(0,0,0)$.

К о н и те с к о ї П о в е р х нос т ью $n-\Gamma о$ п ор я д к а наз. алгебрапч. поверхность, задаваемая в афффпноӥ системе коордінат $x, y, z$ уравненіем:

\[
f(x, y, z)=0 \text {, }
\]

где $f(x, y, z)$ есть однородный многочлен (форма $n$-й степени от переменных $x, y, z)$. Если точка $M\left(x_{0}, y_{0}, z_{0}\right)$ лежит на $\mathrm{K}$. п., то пи вся прямая $O M$ лежит на Iі́. п. (точка $U$ - начало координат). Справедливо іг обратное утверждение: всякая алгебрашч. поверхность, к-рая состоит из прямых, проходящцх через одну точку, есть K. П. А. Б. Иванов.</text_orig>
</article>
