<?xml version="1.0" ?>
<article uri="http://libmeta.ru/me/article/1052_NORMAL'NO" alphabetic_pos="1052">
  <title>НОРМАЛЬНО РАСПОЛОЖЕННОЕ</title>
  <authors/>
  <pages>
    <start>532</start>
    <end>532</end>
  </pages>
  <literature>
    <literature_orig/>
  </literature>
  <formulas_main/>
  <formulas_aux/>
  <relations n="0"/>
  <text>В. А. Треногич. Ранство - такое подпространство $a$ в пространстве $x$, что для каждой его открытой окрестности $u$ в $x$ существует множество $h$, являющееся объединением счетного семейства замкнутых в $x$ множеств и удовлетворяющее условию $a \subset H \subset U$. Если $a$ нормально расположено в пространстве $x$, а пространство $x$ является H. р. п. в прост ранстве $y$, то $a$ нормально расположено в $y$. Н. р. П. в порлальном пространстве само является нормальным пространством в индуцированной топологии - әтим и объясняется название. Финальная компактность иространства равносильна его нормальной расположенности в каком-нибудь (а тогда и в любом) бикомпактном расширении этого пространства. Вообще, Н. р. п. в финально компактном пространстве само финально компактно.

Лum.: [1] С м и р н о в Ю. М., «матем. сб.», 1951, т. 29,
с. $173-76$.</text>
  <text_orig>В. А. Треногич. РАНСТВО - такое подпространство $A$ в пространстве $X$, что для каждой его открытой окрестности $U$ в $X$ существует множество $H$, являющееся объединением счетного семейства замкнутых в $X$ множеств и удовлетворяющее условию $A \subset H \subset U$. Если $A$ нормально расположено в пространстве $X$, а пространство $X$ является H. р. п. в прост ранстве $Y$, то $A$ нормально расположено в $Y$. Н. р. П. в порлальном пространстве само является нормальным пространством в индуцированной топологии - әтим и объясняется название. Финальная компактность иространства равносильна его нормальной расположенности в каком-нибудь (а тогда и в любом) бикомпактном расширении этого пространства. Вообще, Н. р. п. в финально компактном пространстве само финально компактно.

Лum.: [1] С м и р н о в Ю. М., «Матем. сб.», 1951, т. 29,
с. $173-76$.</text_orig>
</article>
