<?xml version="1.0" ?>
<article uri="http://libmeta.ru/me/article/1052_REKU" alphabetic_pos="1052">
  <title>РЕКУ РРЕНТНОЕ СОOTHOIIIEНИЕ,</title>
  <authors/>
  <pages>
    <start>479</start>
    <end>479</end>
  </pages>
  <literature>
    <literature_orig/>
  </literature>
  <formulas_main/>
  <formulas_aux/>
  <relations n="0"/>
  <text>$\mathrm{p}$ е к у $\mathrm{p}$ p е н тн а я ф о р м л а,- соотношение вида

\[
a_{n+p}=F\left(n, a_{n}, a_{n+1}, \ldots, a_{n+p-1}\right),
\]

к-рое позволяет вычислять все члены последовательности $a_{1}, a_{2}, a_{3}, \ldots$, если заданы ее первые $p$ членов. Примеры Р. с.: 1) $a_{n+1}=q \cdot a_{n}(q \neq 0)$ - геометрич. прогрессия, 2) $a_{n+1}=a_{n}+d-$ арифметич. прогрессия, 3) $a_{n+2}=$ $=a_{n+1}+a_{n}$-последовательность чисел Фибоначчи.

В случае, когда Р. с. линейно (см. Возвралная последовательность), задача описания множества всех последовательностей, удовлетворяющих данному Р. с., имеет аналогии с решением обыкновенного однородного линейного дифференциального уравнения с постоянными коэффициентами.

Лит.: [1] М а р к у пi е в и ч А. И., Возвратные последовательности, 2 изд., М., 1975. С. Н. Артемов.</text>
  <text_orig>$\mathrm{p}$ е к у $\mathrm{p}$ p е н тн а я ф о р м л а,- соотношение вида

\[
a_{n+p}=F\left(n, a_{n}, a_{n+1}, \ldots, a_{n+p-1}\right),
\]

к-рое позволяет вычислять все члены последовательности $a_{1}, a_{2}, a_{3}, \ldots$, если заданы ее первые $p$ членов. Примеры Р. с.: 1) $a_{n+1}=q \cdot a_{n}(q \neq 0)$ - геометрич. прогрессия, 2) $a_{n+1}=a_{n}+d-$ арифметич. прогрессия, 3) $a_{n+2}=$ $=a_{n+1}+a_{n}$-последовательность чисел Фибоначчи.

В случае, когда Р. с. линейно (см. Возвралная последовательность), задача описания множества всех последовательностей, удовлетворяющих данному Р. с., имеет аналогии с решением обыкновенного однородного линейного дифференциального уравнения с постоянными коэффициентами.

Лит.: [1] М а р к у пI е в и ч А. И., Возвратные последовательности, 2 изд., М., 1975. С. Н. Артемов.</text_orig>
</article>
