<?xml version="1.0" ?>
<article uri="http://libmeta.ru/me/article/1052_KONІChESKAJa" alphabetic_pos="1052">
  <title>КОНІЧЕСКАЯ СЕТЬ</title>
  <authors/>
  <pages>
    <start>518</start>
    <end>518</end>
  </pages>
  <literature>
    <literature_orig/>
  </literature>
  <formulas_main/>
  <formulas_aux/>
  <relations n="0"/>
  <text>сопряженная сеть на поверхності трехмерного пространства, образованная коническiми лініямі, т. е. линіяміг касанii конусов, описанных около поверхностіг. Поверхностіг, несущше K. с., наз. Iiетерсона поверхностями. Iiереноса сеть можно рассматрıвать как частныї случай $\mathrm{k}$. с. Вершины конусов К. с. расположены на двух кривых. К. с. зависят самое болыпее от четырех параметров. Только невырожденные поверхностіг 2-го порядка несут 4-параметріческое семейство К. с. Поверхностіi, несуцие 2-параметрическое семейіство Fi. с.,- линеӥчатые, прінадлежацие линейной конгруэнции (т. е. конгруэнциіi, оо́разованної общимі секущими двух прямых).

Лum.: [1] Б ла ан к Я. П., &quot;тр. геометр. семинара. Ин-т науч. информ. Ан Ссср», 1971 , т. 3, с. $5-27$. В. Т. Базылев.</text>
  <text_orig>сопряженная сеть на поверхності трехмерного пространства, образованная коническIми лініямі, т. е. линіяміг касанII конусов, описанных около поверхностіг. Поверхностіг, несущше K. с., наз. IIетерсона поверхностями. IIереноса сеть можно рассматрıвать как частныї случай $\mathrm{K}$. с. Вершины конусов К. с. расположены на двух кривых. К. с. зависят самое болыпее от четырех параметров. Только невырожденные поверхностіг 2-го порядка несут 4-параметріческое семейство К. с. ПоверхностіI, несуцие 2-параметрическое семейіство Fi. с.,- линеӥчатые, прінадлежацие линейной конгруэнции (т. е. конгруэнциіI, оо́разованної общимі секущими двух прямых).

Лum.: [1] Б ла ан к Я. П., &quot;Тр. геометр. семинара. Ин-т науч. информ. АН СССР», 1971 , т. 3, с. $5-27$. В. Т. Базылев.</text_orig>
</article>
