<?xml version="1.0" ?>
<article uri="http://libmeta.ru/me/article/1052_IIITIFELJa" alphabetic_pos="1052">
  <title>IIITИФЕЛЯ - УИТНI</title>
  <authors/>
  <pages>
    <start>454</start>
    <end>454</end>
  </pages>
  <literature>
    <literature_orig/>
  </literature>
  <formulas_main/>
  <formulas_aux/>
  <relations n="0"/>
  <text>действительных векторных расслоений. Iii.- У. к. обозначаются через $w_{i}, i&gt;0$, и для действительного векторного расслоения $\xi$ над топологич. пространством $b$ класс $w_{i}(\xi)$ лежит в $h^{i}\left(b ; \mathbb{Z}_{2}\right)$; введены Э. Штифелем [1] и X. Уитни [2]; они обла ают следующими свойствами. 1) Для двух действительных векторных расслоений $\xi, \eta$ над общей базой

\[
w_{k}(\xi \bigoplus \eta)=\sum w_{i}(\xi) w_{k-i}(\eta), w_{0}=1
\]

другими словами, $w(\xi \oplus \eta)=w(\xi) w(\eta)$, где $w=1+w_{1}+$ $+w_{2}$-полный Iii.-У. к. 2) Для одномерного универсального расслоения $\zeta_{1}$ над $\mathbb{r} P^{\infty}$ имеет место равенство $w\left(\zeta_{1}\right)=1+y, \quad$ где $y$ - ненулевой элемент группы $h^{\mathrm{l}}\left(\mathbb{k} P^{\infty} ; \mathbb{Z}_{2}\right)=\mathbb{Z}_{2}$. Этими двумя свойствами определяются однозначно. Шi.-У. к. стабильны, т. е. $w(\xi \oplus \theta)=w(\xi)$, где $\theta$ - тривиальное расслоение и $w_{i}(\xi)=$ $=0$ при $i&gt;\operatorname{dim} \xi$. Для ориентированного векторного расслоения $\xi$ размерности $n$ над базой $b$ класс $w_{n}(\xi) \in$ $\in H^{n}\left(B ; \mathbb{Z}_{2}\right)$ совпадает с приведением по модулю 2 эйлерова класса.

Для векторного расслоения $\xi$ над $b$ пусть $b^{\xi}-T о м а$ пространство этого расслоения. Далее, пусть Ф: $: H^{*}\left(B ; \mathbb{Z}_{2}\right) \longrightarrow \tilde{H}^{*+n}\left(B^{\xi} ; \mathbb{Z}_{2}\right)-T$ ома изоморфизм. Тогда полный Iil. - У. к. $w(\xi)$ совпадает с

\[
\Phi^{-1} S q \Phi(1) \in H^{*}\left(B ; \mathbb{Z}_{2}\right),
\]

где $s q=1+S q^{1}+S q^{2}+\ldots$ полный $c$ пинрода квадpam. Это свойство Iii.- У. к. можно использовать в качестве их определения. Iii.- У. к. гомотопически инвариантны в том смысле, что они совпадают для послойно-гомотопически әквивалентных расслоений над общей базой.

Любой характеристич. класс со значениями в $h^{*}\left(; \mathbb{Z}_{2}\right)$, определенныї для действительных векторных расслоений, выражается через Iii.-У.к.: кольца $h^{* *}\left(B O_{n} ; \mathbb{Z}_{2}\right)$ и $h^{* *}\left(B O ; \mathbb{Z}_{2}\right)$ являются кольцами формальных стешенных рядов от Iii.- У.к.:

\[
\begin{gathered}
H^{* *}\left(B O_{n} ; \mathbb{Z}_{2}\right)=\mathbb{Z}_{2}\left[\left[w_{1}, \ldots, w_{n}\right]\right], \\
H^{* *}\left(B O ; \mathbb{Z}_{2}\right)=\mathbb{Z}_{2}\left[\left[w_{1}, \ldots,\right]\right] .
\end{gathered}
\]

Лum.: [1] S t i e f e l E., &quot;comm. math. helv.», 1935-36, v. 8, № 4, 1. 305-53; [2] W h i t h e y H., &quot;bull. Amer. Math. Soc.», 1959, v. 43, p. 785-805, [3 м и л н о $\mathrm{p}$ д ж., «математика&quot;, Заметки по теории кобордизмов, пер. с англ., М., 1973; [5] С т и н р о д Н., Топология косых произведений, пер. с англ. М., 1953.</text>
  <text_orig>действительных векторных расслоений. III.- У. к. обозначаются через $w_{i}, i&gt;0$, и для действительного векторного расслоения $\xi$ над топологич. пространством $B$ класс $w_{i}(\xi)$ лежит в $H^{i}\left(B ; \mathbb{Z}_{2}\right)$; введены Э. Штифелем [1] и X. Уитни [2]; они обла ают следующими свойствами. 1) Для двух действительных векторных расслоений $\xi, \eta$ над общей базой

\[
w_{k}(\xi \bigoplus \eta)=\sum w_{i}(\xi) w_{k-i}(\eta), w_{0}=1
\]

другими словами, $w(\xi \oplus \eta)=w(\xi) w(\eta)$, где $w=1+w_{1}+$ $+w_{2}$-полный III.-У. к. 2) Для одномерного универсального расслоения $\zeta_{1}$ над $\mathbb{R} P^{\infty}$ имеет место равенство $w\left(\zeta_{1}\right)=1+y, \quad$ где $y$ - ненулевой элемент группы $H^{\mathrm{l}}\left(\mathbb{K} P^{\infty} ; \mathbb{Z}_{2}\right)=\mathbb{Z}_{2}$. Этими двумя свойствами определяются однозначно. ШI.-У. к. стабильны, т. е. $w(\xi \oplus \theta)=w(\xi)$, где $\theta$ - тривиальное расслоение и $w_{i}(\xi)=$ $=0$ при $i&gt;\operatorname{dim} \xi$. Для ориентированного векторного расслоения $\xi$ размерности $n$ над базой $B$ класс $w_{n}(\xi) \in$ $\in H^{n}\left(B ; \mathbb{Z}_{2}\right)$ совпадает с приведением по модулю 2 эйлерова класса.

Для векторного расслоения $\xi$ над $B$ пусть $B^{\xi}-T о м а$ пространство этого расслоения. Далее, пусть Ф: $: H^{*}\left(B ; \mathbb{Z}_{2}\right) \longrightarrow \tilde{H}^{*+n}\left(B^{\xi} ; \mathbb{Z}_{2}\right)-T$ ома изоморфизм. Тогда полный IIl. - У. к. $w(\xi)$ совпадает с

\[
\Phi^{-1} S q \Phi(1) \in H^{*}\left(B ; \mathbb{Z}_{2}\right),
\]

где $S q=1+S q^{1}+S q^{2}+\ldots$ полный $C$ пинрода квадpam. Это свойство III.- У. к. можно использовать в качестве их определения. III.- У. к. гомотопически инвариантны в том смысле, что они совпадают для послойно-гомотопически әквивалентных расслоений над общей базой.

Любой характеристич. класс со значениями в $H^{*}\left(; \mathbb{Z}_{2}\right)$, определенныї для действительных векторных расслоений, выражается через III.-У.к.: кольца $H^{* *}\left(B O_{n} ; \mathbb{Z}_{2}\right)$ и $H^{* *}\left(B O ; \mathbb{Z}_{2}\right)$ являются кольцами формальных стешенных рядов от III.- У.к.:

\[
\begin{gathered}
H^{* *}\left(B O_{n} ; \mathbb{Z}_{2}\right)=\mathbb{Z}_{2}\left[\left[w_{1}, \ldots, w_{n}\right]\right], \\
H^{* *}\left(B O ; \mathbb{Z}_{2}\right)=\mathbb{Z}_{2}\left[\left[w_{1}, \ldots,\right]\right] .
\end{gathered}
\]

Лum.: [1] S t i e f e l E., &quot;Comm. math. helv.», 1935-36, v. 8, № 4, 1. 305-53; [2] W h i t h e y H., &quot;Bull. Amer. Math. Soc.», 1959, v. 43, p. 785-805, [3 м и л н о $\mathrm{p}$ д ж., «Математика&quot;, Заметки по теории кобордизмов, пер. с англ., М., 1973; [5] С т и н р о д Н., Топология косых произведений, пер. с англ. М., 1953.</text_orig>
</article>
