<?xml version="1.0" ?>
<article uri="http://libmeta.ru/me/article/1054_KONNEK" alphabetic_pos="1054">
  <title>КОННЕКС</title>
  <authors/>
  <pages>
    <start>519</start>
    <end>519</end>
  </pages>
  <literature>
    <literature_orig/>
  </literature>
  <formulas_main/>
  <formulas_aux/>
  <relations n="0"/>
  <text>к о н е к с К л е б ші а и прямых на плоскости, выражаемая уравненшем

\[
f\left(x^{1}, x^{2}, x^{3}, u_{1}, u_{2}, u_{3}\right)=0,
\]

где $x^{i}$ и $u_{i}$ - однородные координаты соответственно точки и прямой. Напр., уравнение

\[
u_{1} x^{1}+u_{2} x^{2}+u_{3} x^{3}=0
\]

задает так наз. г л а в н ы й к о н н е к с, выражающий инцидентность точкі $x$ й прямой $u$. То, что два Ii. пмеют общее, наз. к о н ц іл д е н ц й е й. Понятіе $\mathrm{k}$. введено А. Клебшем (а. Clebsch) в 1871 для однородной формулировкіг диффференциальных уравнений.

Так, уравнение

\[
F\left(x, y, \frac{d y}{d x}\right)=0
\]

![](https://cdn.mathpix.com/cropped/2023_07_08_06aa7c002ac720643169g-1.jpg?height=39&amp;width=828&amp;top_left_y=1784&amp;top_left_x=122)
грирования (3) заключается в том, чтобы Iiз $x$ определенных такім образом соответствующих точек иг прямых $u$ составить кривые, для к-рых $x$ іг $u$ являются соответствующими точками пнтегральной крівої иг касательными к ней. Введение такой проектной точки зрения (равноправности коордінат $x$ Ii $u$ ) дает также нек-рый принцип классификацип диффференциальных уравнениї.

Аналогичные построения могут быть проведены для уравнений с частными прошзводными, причем не обязательно первого порядка.

М. Лит.: [1] К К е й н Ф., Высшая геометрия, пер. с нем.,

М.-Л., нейные образующие к-рой пересекают фиксированную прямую - о с ь К. Напр., гіперболич. параболоид есть К. с двумя осями. Радігс-вектор К.

\[
r=\{u \cos v+\alpha f(v), \quad u \sin v+\beta f(v), \quad \gamma f(v)\},
\]

где $\{\alpha, \beta, \gamma\}$ - единичный вектор, имеющий направление осп $\mathcal{k}_{.,} f(v)$ - некоторая функция. Для прямого $\mathbf{k}$. $\alpha=\beta=0, \gamma=1$, и тогда его ось является стрикционной линией. Прямой К. с $f(v)=a v$ есть геликоид.

И. Х. Сабитов.</text>
  <text_orig>к о н е к с К л е б ші а и прямых на плоскости, выражаемая уравненшем

\[
f\left(x^{1}, x^{2}, x^{3}, u_{1}, u_{2}, u_{3}\right)=0,
\]

где $x^{i}$ и $u_{i}$ - однородные координаты соответственно точки и прямой. Напр., уравнение

\[
u_{1} x^{1}+u_{2} x^{2}+u_{3} x^{3}=0
\]

задает так наз. г л а в н ы й к о н н е к с, выражающий инцидентность точкі $x$ й прямой $u$. То, что два Ii. пмеют общее, наз. к о н ц іл д е н ц й е й. Понятіе $\mathrm{K}$. введено А. Клебшем (А. Clebsch) в 1871 для однородной формулировкіг диффференциальных уравнений.

Так, уравнение

\[
F\left(x, y, \frac{d y}{d x}\right)=0
\]

![](https://cdn.mathpix.com/cropped/2023_07_08_06aa7c002ac720643169g-1.jpg?height=39&amp;width=828&amp;top_left_y=1784&amp;top_left_x=122)
грирования (3) заключается в том, чтобы IIз $x$ определенных такім образом соответствующих точек иг прямых $u$ составить кривые, для к-рых $x$ іг $u$ являются соответствующими точками пнтегральной крівої иг касательными к ней. Введение такой проектной точки зрения (равноправности коордінат $x$ II $u$ ) дает также нек-рый принцип классификацип диффференциальных уравнениї.

Аналогичные построения могут быть проведены для уравнений с частными прошзводными, причем не обязательно первого порядка.

М. Лит.: [1] К К е й н Ф., Высшая геометрия, пер. с нем.,

М.-Л., нейные образующие к-рой пересекают фиксированную прямую - о с ь К. Напр., гіперболич. параболоид есть К. с двумя осями. Радігс-вектор К.

\[
r=\{u \cos v+\alpha f(v), \quad u \sin v+\beta f(v), \quad \gamma f(v)\},
\]

где $\{\alpha, \beta, \gamma\}$ - единичный вектор, имеющий направление осп $\mathcal{K}_{.,} f(v)$ - некоторая функция. Для прямого $\mathbf{K}$. $\alpha=\beta=0, \gamma=1$, и тогда его ось является стрикционной линией. Прямой К. с $f(v)=a v$ есть геликоид.

И. Х. Сабитов.</text_orig>
</article>
