<?xml version="1.0" ?>
<article uri="http://libmeta.ru/me/article/1054_GIPERBOLIChESKIE" alphabetic_pos="1054">
  <title>ГИПЕРБОЛИЧЕСКИЕ ФУНКЦИИ</title>
  <authors/>
  <pages>
    <start>497</start>
    <end>497</end>
  </pages>
  <literature>
    <literature_orig/>
  </literature>
  <formulas_main/>
  <formulas_aux/>
  <relations n="0"/>
  <text>функции, определяемые формулами:

$\operatorname{sh} x=\frac{e^{x}-e^{-x}}{2}-$ г пи п е р б о ли и е с к и й с пи у с, $\operatorname{ch} x=\frac{e^{x}+e^{-x}}{2}-$ г пп е р боли иче с ки й кос инус.

Иногда рассматривается также г и п е р б о ли ч ес к и й т а нген с:

\[
\operatorname{th} x=\frac{\operatorname{sh} x}{\operatorname{ch} x} .
\]

Другие обозначения: $\sinh x, \operatorname{Sh} x, \cosh x$, Ch $x, \operatorname{tgh} x$, $\tanh x$, Th $x$. Графики см. на рис. 1 .

Основные соотношения:

![](https://cdn.mathpix.com/cropped/2023_07_08_594c6c569f7d5adebca4g-1.jpg?height=583&amp;width=382&amp;top_left_y=669&amp;top_left_x=114)

Рис. 1.

![](https://cdn.mathpix.com/cropped/2023_07_08_594c6c569f7d5adebca4g-1.jpg?height=629&amp;width=472&amp;top_left_y=658&amp;top_left_x=474)

Рис. 2. Во всей плоскости комплексного переменного z Г. ф. sh z и ch z могут быть определены рядами:

\[
\begin{aligned}
&amp; \operatorname{sh} z=z+\frac{z^{3}}{3 !}+\frac{z^{5}}{5 !}+\ldots, \\
&amp; \operatorname{ch} x=1+\frac{z^{2}}{2 !}+\frac{z^{4}}{4 !}+\ldots
\end{aligned}
\]

таким образом,

\[
\operatorname{ch} z=\cos (i z), i \operatorname{sh} z=\sin (i z) .
\]

Имеются обширные таблицы для Г. ф. Значения Г. ф. можно получить также из таблиц для $e^{x}$ и $e^{-x}$.

Jum.: [1] Я н к е Е., Э м д е Ф., Л е ш Ф., Специальные функции. Формулы, графики, таблицы, 2 изд., пер. с нем.,
М., 1968; [2] Таблицы круговых и гиперболических синусов и косинусов в радианной мере угла, М., 1958; [3] Таблицы $e^{x}$ и $e^{-x}$, М., 1955.</text>
  <text_orig>функциИ, определяемые формулами:

$\operatorname{sh} x=\frac{e^{x}-e^{-x}}{2}-$ г пи п е р б о ли и е с к и й с пи у с, $\operatorname{ch} x=\frac{e^{x}+e^{-x}}{2}-$ г пп е р боли иче с ки й кос инус.

Иногда рассматривается также г и п е р б о ли ч ес к и й т а нген с:

\[
\operatorname{th} x=\frac{\operatorname{sh} x}{\operatorname{ch} x} .
\]

Другие обозначения: $\sinh x, \operatorname{Sh} x, \cosh x$, Ch $x, \operatorname{tgh} x$, $\tanh x$, Th $x$. Графики см. на рис. 1 .

Основные соотношения:

![](https://cdn.mathpix.com/cropped/2023_07_08_594c6c569f7d5adebca4g-1.jpg?height=583&amp;width=382&amp;top_left_y=669&amp;top_left_x=114)

Рис. 1.

![](https://cdn.mathpix.com/cropped/2023_07_08_594c6c569f7d5adebca4g-1.jpg?height=629&amp;width=472&amp;top_left_y=658&amp;top_left_x=474)

Рис. 2. Во всей плоскости комплексного переменного z Г. ф. sh z и ch z могут быть определены рядами:

\[
\begin{aligned}
&amp; \operatorname{sh} z=z+\frac{z^{3}}{3 !}+\frac{z^{5}}{5 !}+\ldots, \\
&amp; \operatorname{ch} x=1+\frac{z^{2}}{2 !}+\frac{z^{4}}{4 !}+\ldots
\end{aligned}
\]

таким образом,

\[
\operatorname{ch} z=\cos (i z), i \operatorname{sh} z=\sin (i z) .
\]

Имеются обширные таблицы для Г. ф. Значения Г. ф. можно получить также из таблиц для $e^{x}$ и $e^{-x}$.

Jum.: [1] Я н к е Е., Э м д е Ф., Л е ш Ф., Специальные функции. Формулы, графики, таблицы, 2 изд., пер. с нем.,
М., 1968; [2] Таблицы круговых и гиперболических синусов и косинусов в радианной мере угла, М., 1958; [3] Таблицы $e^{x}$ и $e^{-x}$, М., 1955.</text_orig>
</article>
