<?xml version="1.0" ?>
<article uri="http://libmeta.ru/me/article/1054_REKURSIVNAJa" alphabetic_pos="1054">
  <title>РЕКУРСИВНАЯ ИГРА</title>
  <authors/>
  <pages>
    <start>479</start>
    <end>479</end>
  </pages>
  <literature>
    <literature_orig/>
  </literature>
  <formulas_main/>
  <formulas_aux/>
  <relations n="0"/>
  <text>с терминальным выигрышем (см. также Динамическая игра). Ввиду того, что Р. и. может никогда не закончиться, необходимо определять выигрыши игроков в случае бесконечных партий. Анализ любой игры Iiепли может быть сведен к анализу нек-рой $\mathrm{p}$ и, но из-за возможности бесконечных партиі̆ исследование $\mathrm{p}$. и. в общем случае сложнее, чем исследование стохастич. игр. Јюбая антагонистическая конечная Р. и. обладает значением, и оба игрока имеют стационарные є-оптимальные стратегии. Х. Эверетт [1] указал метод нахождения как значениї игры, так и оптимальных стратегий.

Jum.: [1] E v e r e t t H., B кh.: Contributions to the theory of games, v. 3, Princeton, 1957 , p. 47-78. B. К. Доманский.</text>
  <text_orig>с терминальным выигрышем (см. также Динамическая игра). Ввиду того, что Р. и. может никогда не закончиться, необходимо определять выигрыши игроков в случае бесконечных партий. Анализ любой игры IIепли может быть сведен к анализу нек-рой $\mathrm{P}$ и, но из-за возможности бесконечных партиі̆ исследование $\mathrm{P}$. и. в общем случае сложнее, чем исследование стохастич. игр. Јюбая антагонистическая конечная Р. и. обладает значением, и оба игрока имеют стационарные є-оптимальные стратегии. Х. Эверетт [1] указал метод нахождения как значениї игры, так и оптимальных стратегий.

Jum.: [1] E v e r e t t H., B кH.: Contributions to the theory of games, v. 3, Princeton, 1957 , p. 47-78. B. К. Доманский.</text_orig>
</article>
