<?xml version="1.0" ?>
<article uri="http://libmeta.ru/me/article/1054_NORMAL'NOE" alphabetic_pos="1054">
  <title>НОРМАЛЬНОЕ АНАЛИТИЧЕСКОЕ IРОСТРАНСТВО</title>
  <authors/>
  <pages>
    <start>533</start>
    <end>533</end>
  </pages>
  <literature>
    <literature_orig/>
  </literature>
  <formulas_main/>
  <formulas_aux/>
  <relations n="0"/>
  <text>аналитическое пространство, локальные кольца всех точек к-рого нормальны, т. е. являются целозамкнутыми областями целостности. Точка $x$ аналитич. Iосостранства $x$ наз. н о р м а ль н о й (говорят также, что $x$ н о р м а л ь н о в т о п к е $x$ ), если локатьное кольцо $\widehat{o}_{x, x}$ нормально. В окресгности такой точки пространство обладает приведенной и непривопимой локальной моделью. Любая гростая (неособая) точка является нормальной. Простейший пример Н. а. П. - аналитическое многообразие.

В дальнейшем основное (полное недискретно нормироваєное) толе $k$ предполагается алгебраически замкнутым. В этом слутае получены наиболее полные результаты о Н. а. п. (см. [1]) и построена теория нормализации [2], к-рая естественным образом связывает с прогзвольным приведенным аналитическим пространством некоторое Н. а. П. Пусть $n(x)-$ множество точек аналитич. пространства $x$, не являющихся нормальными, а $s(x)-$ множество особых точек в $x$. Тогда:

1) $n(\boldsymbol{x})$ и $s(x)$ - замкнутые аналитич. подмножества в $x$, причем $n(x) \subset S(X)$;

2) для $x \in X \backslash N(X)$ выполняется неравенство

\[
\operatorname{dim}_{x} S(X) \leqslant \operatorname{dim}_{x} X-2
\]

(т. е. Н. а. п. гладко в коразмерности 1):

3) если $x$ является полным пересечением в точке $x$ и выполнено предыдущее неравенство, то $x$ нормально в этой точке.

Н о р м а л и з а ц е й приведенного аналитич. пространства $x$ наз. пара $(\tilde{x}, v)$, где $\tilde{x}-$ H. а. п., а $v: \tilde{X} \rightarrow X-$ конечное сюръективное аналитич. отображение, индуцирующее изоморфизм открытых множеств

\[
\tilde{X} \backslash v^{-1}(N(X)) \rightleftarrows X \backslash N(X) .
\]

Нормализация отределена од- $\tilde{x}$ нозначно с точностью до изо- $\tilde{x}_{1}$ морфизма, т. е. если $\left(\tilde{x}_{1}, v_{1}\right)$
и $\left(\tilde{x}_{2}, v_{2}\right)$ - две нормализации, то существует единственный аналитич. изоморфизм $\varphi: \tilde{X}_{1} \rightarrow \tilde{X}_{2}$ такой, что диаграмма

![](https://cdn.mathpix.com/cropped/2023_07_08_c8915fbe76b65acde10eg-1.jpg?height=233&amp;width=358&amp;top_left_y=1630&amp;top_left_x=595)
коммутативна. Нормализация существует и обладает следуюпцми свойствами. Для каждой точки $x \in X$ множество неприводимых комшонент пространства $x$ в точке $x$ находится во взаимно однозначном соответствии с $v^{-1}(x)$. Слой прямого образа $v_{*}\left(\sigma_{\tilde{x}}\right)$ струкгурпого пучка $\widehat{g}_{\tilde{x}}$ в точке $x \in X$ естественно изоморфен целому замыканию кольца $\mathcal{g}_{x, x}$ в его полном кольце
тастпых.

Повятие Н. а. п. над $\mathbb{c}$ может быть введено в терминах аналитич. продолжения голоморфных функций [3]. Именно, приведенное комплексное пространство нормально тогда и только тогда, когда діля него справедлива п е р в а я т е о р е м а Р и ма на об устранении особенностей: если $u \subset X-$ открытое подмножество, а $a \subset U$ - замкнутое аналитич. подмножество, не содержащее неприводимых компонент множества $u$, то любая функция, голоморфная на $u \backslash A$ и локально ограниченная на $u$, допускает епинственное аналитич. продолжение до голоморфіной функции на $u$. Для нормальных комшлексных іространств верна также и в т о р а я т е о р е м Р и м а н а об устранении особенностей: если $\operatorname{codim}_{x} A \geqslant 2$ в каждой точке $x \in A$, то упомянутое аналитич. продолжение возможно без требования ограниченности функции. Приведенное комплексное пространство $x$ нормально тогда и только тогда, когда для любого открытого множества $l^{\top} \subset X$ отображение ограничения голоморфных функций

\[
\Gamma\left(U, \sigma_{X}\right) \rightarrow \Gamma\left(U \backslash S(X), \sigma_{X}\right)
\]

биективно. Свойство нормальности можно сформулировать также на языке локальных когомологий - оно равносильно равенству $\mathscr{h}_{s(x)}^{1} \sigma_{X}=0$ (см. [б]). Для любого приведенного комплексного пространства $x$ можно определить пучок колец $\tilde{\hat{o}} x$ ростков с л а 6 о г оло м о рфны х ф ун к ц и й, т. е. функций, удовлегворяющих условиям первой теоремы Римана. Ока-

![](https://cdn.mathpix.com/cropped/2023_07_08_c8915fbe76b65acde10eg-1.jpg?height=42&amp;width=834&amp;top_left_y=865&amp;top_left_x=987)
равно целому замыканию кольца $\tilde{\hat{\sigma}} X, x$ в его полном кольце частных. Иными словами, $\tilde{\sigma}_{x}=v_{*}\left(\sigma_{\tilde{x}}\right)$, где $v: \tilde{X} \rightarrow X-$ отображевие нормализации.

Нормальное комплексное пространство можно охарактеризовать также следующцм образом: комплексное пространство нормально тогда и только тогда, когда каждая его точка обладает окрестнпстью, допускаюıцй аналитич. наложение на область пространства $\mathbb{c}^{n}$ (cm. [3], [8]).

Приведенное комплексное пространство $x$ является Iiiтейна пространством тогда и только тогда, когда әтим свойством обладает его нормализашия $\tilde{x}$ (см. [4]). На нормальные комплексные пространства может быть распространено понятие метрики Ходжа (см. Кәлера метрика). На компактные нормальные пространства с такой метрикой переносится теорема Кодаиры о проективном вложении [6].

В алгебраич. геометрии рассматриваются аналоги Н. а. п. - нормальные алгебраич. многообразия (см. Нормальная схема). Для алгебраич. многообразий над полным недискретным нормированным полем оба понятия совпадаю'г 'см. [7], [1]).

N. Yum.: [1] A b h y a n k a r S. S., Local analytic geometry, 13 année. $1960 / 61$, t. 2, P., 1963, exp. 18-21; [3] G r a u e r t H., R e m m e r t R., &quot;math. Ann.&quot;, 1958, Bd 136, S. 245-318: [4] N a r a s i m h&quot; a n R., &quot;ann. Scuola Norm. Sup. Pisa&quot;, 1962, v. 16, p. 327-33; [5] S i n Y. T., T r a u t m a n n G., Gapsheaves and extension of coherent analytic subsheaves, B.- Нdlb.-
N. Y., 1971; [6] Г p a у ә p т Г., в кн.: Комплексные простран-

![](https://cdn.mathpix.com/cropped/2023_07_08_c8915fbe76b65acde10eg-1.jpg?height=53&amp;width=826&amp;top_left_y=1755&amp;top_left_x=986)
С а м ю э л ь П., Коммутативная алгебра, пер. с англ., т. 2, ских функций многих комплексных переменных, М., ч. 1, 1962.</text>
  <text_orig>аналитическое пространство, локальные кольца всех точек к-рого нормальны, т. е. являются целозамкнутыми областями целостности. Точка $x$ аналитич. Iосостранства $X$ наз. н о р м а ль н о й (говорят также, что $X$ н о р м а л ь н о в т о п к е $x$ ), если локатьное кольцо $\widehat{O}_{X, x}$ нормально. В окресгности такой точки пространство обладает приведенной и непривопимой локальной моделью. Любая гростая (неособая) точка является нормальной. Простейший пример Н. а. П. - аналитическое многообразие.

В дальнейшем основное (полное недискретно нормироваєное) толе $k$ предполагается алгебраически замкнутым. В этом слутае получены наиболее полные результаты о Н. а. п. (см. [1]) и построена теория нормализации [2], к-рая естественным образом связывает с прогзвольным приведенным аналитическим пространством некоторое Н. а. П. Пусть $N(X)-$ множество точек аналитич. пространства $X$, не являющихся нормальными, а $S(X)-$ множество особых точек в $X$. Тогда:

1) $N(\boldsymbol{X})$ и $S(X)$ - замкнутые аналитич. подмножества в $X$, причем $N(X) \subset S(X)$;

2) для $x \in X \backslash N(X)$ выполняется неравенство

\[
\operatorname{dim}_{x} S(X) \leqslant \operatorname{dim}_{x} X-2
\]

(т. е. Н. а. п. гладко в коразмерности 1):

3) если $X$ является полным пересечением в точке $x$ и выполнено предыдущее неравенство, то $X$ нормально в этой точке.

Н о р м а л и з а ц е й приведенного аналитич. пространства $X$ наз. пара $(\tilde{X}, v)$, где $\tilde{X}-$ H. а. п., а $v: \tilde{X} \rightarrow X-$ конечное сюръективное аналитич. отображение, индуцирующее изоморфизм открытых множеств

\[
\tilde{X} \backslash v^{-1}(N(X)) \rightleftarrows X \backslash N(X) .
\]

Нормализация отределена од- $\tilde{x}$ нозначно с точностью до изо- $\tilde{X}_{1}$ морфизма, т. е. если $\left(\tilde{X}_{1}, v_{1}\right)$
и $\left(\tilde{X}_{2}, v_{2}\right)$ - две нормализации, то существует единственный аналитич. изоморфизм $\varphi: \tilde{X}_{1} \rightarrow \tilde{X}_{2}$ такой, что диаграмма

![](https://cdn.mathpix.com/cropped/2023_07_08_c8915fbe76b65acde10eg-1.jpg?height=233&amp;width=358&amp;top_left_y=1630&amp;top_left_x=595)
коммутативна. Нормализация существует и обладает следуюпцми свойствами. Для каждой точки $x \in X$ множество неприводимых комшонент пространства $X$ в точке $x$ находится во взаимно однозначном соответствии с $v^{-1}(x)$. Слой прямого образа $v_{*}\left(\sigma_{\tilde{X}}\right)$ струкгурпого пучка $\widehat{G}_{\tilde{X}}$ в точке $x \in X$ естественно изоморфен целому замыканию кольца $\mathcal{G}_{X, x}$ в его полном кольце
тастпых.

Повятие Н. а. п. над $\mathbb{C}$ может быть введено в терминах аналитич. продолжения голоморфных функций [3]. Именно, приведенное комплексное пространство нормально тогда и только тогда, когда діля него справедлива п е р в а я т е о р е м а Р и ма на об устранении особенностей: если $U \subset X-$ открытое подмножество, а $A \subset U$ - замкнутое аналитич. подмножество, не содержащее неприводимых компонент множества $U$, то любая функция, голоморфная на $U \backslash A$ и локально ограниченная на $U$, допускает епинственное аналитич. продолжение до голоморфіной функции на $U$. Для нормальных комшлексных іространств верна также и в т о р а я т е о р е м Р и м а н а об устранении особенностей: если $\operatorname{codim}_{x} A \geqslant 2$ в каждой точке $x \in A$, то упомянутое аналитич. продолжение возможно без требования ограниченности функции. Приведенное комплексное пространство $X$ нормально тогда и только тогда, когда для любого открытого множества $L^{\top} \subset X$ отображение ограничения голоморфных функций

\[
\Gamma\left(U, \sigma_{X}\right) \rightarrow \Gamma\left(U \backslash S(X), \sigma_{X}\right)
\]

биективно. Свойство нормальности можно сформулировать также на языке локальных когомологий - оно равносильно равенству $\mathscr{H}_{S(X)}^{1} \sigma_{X}=0$ (см. [б]). Для любого приведенного комплексного пространства $X$ можно определить пучок колец $\tilde{\hat{O}} x$ ростков с л а 6 о г оло м о рфны х ф ун к ц и й, т. е. функций, удовлегворяющих условиям первой теоремы Римана. Ока-

![](https://cdn.mathpix.com/cropped/2023_07_08_c8915fbe76b65acde10eg-1.jpg?height=42&amp;width=834&amp;top_left_y=865&amp;top_left_x=987)
равно целому замыканию кольца $\tilde{\hat{\sigma}} X, x$ в его полном кольце частных. Иными словами, $\tilde{\sigma}_{x}=v_{*}\left(\sigma_{\tilde{X}}\right)$, где $v: \tilde{X} \rightarrow X-$ отображевие нормализации.

Нормальное комплексное пространство можно охарактеризовать также следующцм образом: комплексное пространство нормально тогда и только тогда, когда каждая его точка обладает окрестнпстью, допускаюıцй аналитич. наложение на область пространства $\mathbb{C}^{n}$ (cM. [3], [8]).

Приведенное комплексное пространство $X$ является IIIтейна пространством тогда и только тогда, когда әтим свойством обладает его нормализашия $\tilde{X}$ (см. [4]). На нормальные комплексные пространства может быть распространено понятие метрики Ходжа (см. Кәлера метрика). На компактные нормальные пространства с такой метрикой переносится теорема Кодаиры о проективном вложении [6].

В алгебраич. геометрии рассматриваются аналоги Н. а. п. - нормальные алгебраич. многообразия (см. Нормальная схема). Для алгебраич. многообразий над полным недискретным нормированным полем оба понятия совпадаю'г 'см. [7], [1]).

N. Yum.: [1] A b h y a n k a r S. S., Local analytic geometry, 13 année. $1960 / 61$, t. 2, P., 1963, exp. 18-21; [3] G r a u e r t H., R e m m e r t R., &quot;Math. Ann.&quot;, 1958, Bd 136, S. 245-318: [4] N a r a s i m h&quot; a n R., &quot;Ann. Scuola Norm. Sup. Pisa&quot;, 1962, v. 16, p. 327-33; [5] S i n Y. T., T r a u t m a n n G., Gapsheaves and extension of coherent analytic subsheaves, B.- Нdlb.-
N. Y., 1971; [6] Г p a у ә p т Г., в кн.: Комплексные простран-

![](https://cdn.mathpix.com/cropped/2023_07_08_c8915fbe76b65acde10eg-1.jpg?height=53&amp;width=826&amp;top_left_y=1755&amp;top_left_x=986)
С а м ю э л ь П., Коммутативная алгебра, пер. с англ., т. 2, ских функций многих комплексных переменных, М., ч. 1, 1962.</text_orig>
</article>
