<?xml version="1.0" ?>
<article uri="http://libmeta.ru/me/article/1055_KONORMAL" alphabetic_pos="1055">
  <title>КОНОРМАЛЬ</title>
  <authors/>
  <pages>
    <start>519</start>
    <end>519</end>
  </pages>
  <literature>
    <literature_orig/>
  </literature>
  <formulas_main/>
  <formulas_aux/>
  <relations n="0"/>
  <text>термин, употребляемый в теории

![](https://cdn.mathpix.com/cropped/2023_07_08_06aa7c002ac720643169g-1.jpg?height=40&amp;width=831&amp;top_left_y=471&amp;top_left_x=989)
ными прогзводными. Пусть $\boldsymbol{v}=\left(v_{1}, \ldots, v_{n}\right)$ - внешняя нормаль в точке $x$ к гладкой поверхности $s$, расположенной в евклидовом пространстве $e^{n}$ с координатами $x^{1}, \ldots, x^{n}, g^{i j}$ - контраваршантный невырожденный тензор, обычно представляющий коэффигциенты нек-рого дифференциального оператора второго порядка $d=$ $=g^{i j} \frac{\partial}{\partial x^{i}} \frac{\partial}{\partial x^{j}}$. Тогда к о н о р м а л ь ю (относітельно $d$ ) наз. вектор

\[
n=\left(\boldsymbol{v}^{1}, \ldots, \boldsymbol{v}^{n}\right),
\]

где $v^{i}=g^{i k} v_{k}$. Другими словамі, К.- контравариантная запись (в пространстве с метрикой, определяемої тензором, обратным $g^{i j}$ ) нормального к $s$ коварігантного (в пространстве с евклидовой метрікой) вектора $v$.

Лuт.: [1] Б и џ а д 3 е А. В., Уравнения математической физики, М., 1976; [2] М и р а н д а К̈., Уравнения с частными производными әллиптического типа, пер. с итал., М., 1957.</text>
  <text_orig>термин, употребляемый в теории

![](https://cdn.mathpix.com/cropped/2023_07_08_06aa7c002ac720643169g-1.jpg?height=40&amp;width=831&amp;top_left_y=471&amp;top_left_x=989)
ными прогзводными. Пусть $\boldsymbol{v}=\left(v_{1}, \ldots, v_{n}\right)$ - внешняя нормаль в точке $x$ к гладкой поверхности $S$, расположенной в евклидовом пространстве $E^{n}$ с координатами $x^{1}, \ldots, x^{n}, g^{i j}$ - контраваршантный невырожденный тензор, обычно представляющий коэффигциенты нек-рого дифференциального оператора второго порядка $D=$ $=g^{i j} \frac{\partial}{\partial x^{i}} \frac{\partial}{\partial x^{j}}$. Тогда к о н о р м а л ь ю (относітельно $D$ ) наз. вектор

\[
n=\left(\boldsymbol{v}^{1}, \ldots, \boldsymbol{v}^{n}\right),
\]

где $v^{i}=g^{i k} v_{k}$. Другими словамі, К.- контравариантная запись (в пространстве с метрикой, определяемої тензором, обратным $g^{i j}$ ) нормального к $S$ коварігантного (в пространстве с евклидовой метрікой) вектора $v$.

Лuт.: [1] Б и џ а д 3 е А. В., Уравнения математической физики, М., 1976; [2] М и р а н д а К̈., Уравнения с частными производными әллиптического типа, пер. с итал., М., 1957.</text_orig>
</article>
