<?xml version="1.0" ?>
<article uri="http://libmeta.ru/me/article/1056_GIPERBOLIChESKIJ" alphabetic_pos="1056">
  <title>ГИПЕРБОЛИЧЕСКИЙ ЦИЛИНДР</title>
  <authors/>
  <pages>
    <start>497</start>
    <end>497</end>
  </pages>
  <literature>
    <literature_orig/>
  </literature>
  <formulas_main/>
  <formulas_aux/>
  <relations n="0"/>
  <text>цилиндрическая поверхность второго порядка, для к-рой направляющей служит гипербола. Канонич. уравнение Г. Ц. имеет вид:

\[
\frac{x^{2}}{a^{2}}-\frac{y^{2}}{b^{2}}=1 .
\]

А. Б. Иванов.</text>
  <text_orig>цИЛИндрическая поверхность второго порядка, для к-рой направляющей служит гипербола. Канонич. уравнение Г. Ц. имеет вид:

\[
\frac{x^{2}}{a^{2}}-\frac{y^{2}}{b^{2}}=1 .
\]

А. Б. Иванов.</text_orig>
</article>
