<?xml version="1.0" ?>
<article uri="http://libmeta.ru/me/article/1057_IITURMA" alphabetic_pos="1057">
  <title>IITУРМА - ЛУУВИЛ Г̈ ОГРАТНА</title>
  <authors/>
  <pages>
    <start>457</start>
    <end>459</end>
  </pages>
  <literature>
    <literature_orig/>
  </literature>
  <formulas_main/>
  <formulas_aux/>
  <relations n="0"/>
  <text>Б М. Левитан. задача, в к-рой требуется восстановить функцию (потенциал) $q(x)$ по тем или иным спектральным характеристикам оператора $a$, порождённого диффференциальшым выражением $l[y]=-y^{\prime \prime}+q(x) y$ и нек-рыми граничными условиями в гильбертовом шространстве $l_{2}(a, b)$, где $(a, b)$ - конечный или бесконечный интервал изменения переменной $x$. При этом следует восстановить также вид граничных условий, соответствующих оператору $a$.

При исследовании обратных задач естественно возникают следующие вопросы: 1) выяснить, какие спектралыные характеристики однозначно определяют оператор $a$; 2) дать метод восстановления оператора $a$ по әтим спектральным характеристикам; 3) найти характеристич. свойства рассматриваемых спектралыных характеристик. В зависимости от выбора спектралыных характеристик возможны многие различные постановки обратных задач (часто возникавіпих из приложениӥ).

Первый резулытат по обратным задаqам (cм. [10]), к-рый полонкил начало развитию всей теории: шусть $\lambda_{0}, \lambda_{1}, \ldots-$ собственные значения задачи

\[
\left.\begin{array}{l}
-y^{\prime \prime}+q(x) y=\lambda ! \prime, \quad 0 \leqslant x \leqslant \pi, \\
y^{\prime}(0)=y^{\prime}(\pi)-0,
\end{array}\right\}
\]

причем $q(x)$ - действительная непрерывная на сегменте $[0, \pi]$ функция. Если $\lambda_{n}=n^{2}, n=0,1, \ldots$, то $q(x) \equiv 0$.

Углубленное исследование обратных задач началось в 40-х гг. 20 в. (см. [11], [12]). Пусть $\lambda_{0}, \lambda_{1}$, ..- собственные значения уравнения (1) при граничных условия $\mathbf{x}$

\[
y^{\prime}(0)-h y(0)=0, \quad y^{\prime}(\pi)+H y(\pi)=0
\]

( $h$ I $h$ - действительные qисла), а $\mu_{0}, \mu_{1}, \ldots-$ собственные значения уравнения (1) при граничных условиях

\[
y^{\prime}(0)-h_{1} y(0)=0, y^{\prime}(\pi)+H y(\pi)=0, h_{1} \neq h .
\]

Тогда последовательности $\left\{\lambda_{n}\right\}$ и $\left\{\mu_{n}\right\}, n=0,1, \ldots$ однозначно определяют функцию $q(x)$ и числа $h, h_{1}$ и $h$. Причем если хотя бы одно собственное значение этих задач неопределенно, то все оставшиеся не определяют уравнения (1) однозначно. В частности, один спектр, вообще говоря, не определяет уравнение однозначно (упомянутый выше результат является исключением из общего правила).

Если уравнение (1) изучается на полуоси $(0, \infty)$ и на потенциальную функцию $q(x)$ наложено условие

\[
\int_{0}^{\infty} x|q(x)| d x&lt;\infty
\]

то решение $\varphi(x, \lambda)$ задачи $-y^{\prime \prime}+q(x) y=\lambda^{2} y, \quad y(0)=0$ допускает при $x \rightarrow \infty$ асимптотич. представление

\[
\varphi(x, \lambda)=M(\lambda) \sin [\lambda x+\delta(\lambda)]+o(1) .
\]

Функция $\delta(\lambda)$ наз. ф а з о й р а с с е я н и я. Основной результат состоит в том, что если задача (рассматриваемая в иространстве $l_{2}(0, \infty)$ ) не имеет дискретных собственных значений, то фаза рассеяния однозначно ошределяет потенциальную функцию $q(x)$.

При дальнейшем развитии теории обратных задач решающцм оказалось то обстоятельство, что был применен ашцарат так наз. операторов преобразования (см. Iii туряа - Лиувилля уравнение), к-рый естественно возник в рамках теории операторов обобщённого сдвига (см. [4]).

Применение операторов преобразования к обратным задачам (см. [13]) позволило обобщить вышеприведенные теоремы, а именно, оказалось, что наиболее общей обратної задачеї является задача восстановления уравнения (1) по его спектральной функции (см. Iii mypма - Лиувилля задача). Выяснилось, что спектральная функция определяет это уравнение однозначно. При этом безразлично, рассматривается случай конечного цли бесконечного интервала.

В шринциıе все обратные задачи могут быть сведены к обратной задаче восстановления оператора по его спектральної функции. Однако такоӥ путь не всегда является самым простым; кроме того, на этом пути часто трудно бывает найти необходимые и достаточные условия, к-рым должны удовлетворять рассматриваемые спектральные характеристики, по к-рым восстанавливается оператор.

Значешие обратных задач возросло после открытия возможности их использования для решения нек-рых не ли и е ї ных н и ї м а т е м а т и ч. й 3 и к и. В частности, была установлена связь (см. [25]) между обратными задачами для нек-рых ошераторов Штурма - Лиувилля с конечвым числом лакун в спектре и шробдемой. обращения Якоби абелевых интегралов. Развитие этих идей в последнее время позволило получить явныс формулы для конечнозонных шотенциалов, выражающие их через $\theta$-функции Римана (см. [1], [5]).

Ниже рассматриваются два варианта постановки
решения обратных задач. 1. По известной спектральной функции $\rho(\lambda)$ требуется найти дифференциальное выражение вида

\[
l[y]=-y^{\prime \prime}+q(x) y
\]

с действительным локально суммируемым потенциалом $q(x), 0 \leqslant x&lt;\infty$ и число $h$ из граничного условия

\[
y^{\prime}(0)-h y(0)=0 \text {. }
\]

Для решения этой задачи полагают

\[
\begin{gathered}
\Phi(x)=\int_{-\infty}^{+\infty} \frac{1-\cos V \bar{\lambda} x}{\lambda} d \rho(\lambda), 0&lt;x&lt;\infty, \\
f(x, y)=\frac{1}{2}\left\{\Phi^{\prime \prime}(x+y)+\Phi^{\prime \prime}(|x-y|)\right\} .
\end{gathered}
\]

Оказывается, что интегральное уравнение

\[
\begin{gathered}
f(x, y)+K(x, y)+\int_{0}^{x} K(x, t) f(t, y) d t=0, \\
0 \leqslant y \leqslant x,
\end{gathered}
\]

при каждом фиксированном $x$ имеет единственное решение $k(x, y)$. Потенциал $q(x)$ определяется по формуле

\[
q(x)=2 \frac{d K(x, x)}{d x}
\]

а число $h$, участвующее в $(3),-$ по формуле $h=k(0,0)$ (см. [14]). Решение $\varphi(x, \lambda)$ уравнения $l[y]=\lambda y$, удовлетворяющее граничным условиям $\varphi(0, \lambda)=1$ и $\varphi^{\prime}(0, \lambda)=$ $=h$, можно найти по формуле

\[
\varphi(x, \lambda)=\cos \sqrt{\bar{\lambda}} x+\int_{0}^{x} K(x, t) \cos \sqrt{\bar{\lambda}} t d t .
\]

Далее, неубывающая функция $\rho(\lambda),-\infty&lt;\lambda&lt;\infty$, тогда и только тогда является спектральной функцией для нек-рой задачи вида $-y^{\prime \prime}+q(x) y=\lambda y, 0 \leqslant x&lt;\infty$, $y^{\prime}(0)-h y(0)=0$ с действительной функцией $q(x)$, имеющей $m$ локально суммируемых производных, и действительным числом $h$, когда функция $\phi(x)$, построенная по $\rho(\lambda)$ формулой (4), имеет $m+3$ локально суммируемых производных и $\phi^{\prime \prime}(+0)=-h$ (см. [14], [17], [9]). В ряде частных случаев функции $\rho(\lambda)$ можно әффективно найти $q(x)$ и $h$. Напр., пусть

\[
\rho(\lambda)=\left\{\begin{array}{l}
\frac{2}{\pi} V \bar{\lambda}+\alpha \chi\left(\lambda-\lambda_{0}\right) \text { для } \lambda&gt;0, \\
\alpha \chi\left(\lambda-\lambda_{0}\right) \text { для } \lambda&lt;0,
\end{array}\right.
\]

где $\chi(\lambda)=0$, если $\lambda&lt;0$, и $\chi(\lambda)=1$, если $\lambda&gt;0, \alpha-$ поло жительное число. В этом случае интегральное уравнение (5) будет уравнением с вырожденным ядром $f(x, y)=\alpha \cos \sqrt{\lambda_{0}} x \cos \sqrt{\lambda_{0}} y$ и его решение

\[
K(x, y)=-\frac{\alpha \cos V \overline{\lambda_{0}} x \cos V \overline{\lambda_{0}} y}{1+\alpha \int_{0}^{x} \cos ^{2} V \overline{\lambda_{0}} t d t} .
\]

Теперь функция $q(x)$ и число $h$ определяются формулами

\[
\begin{aligned}
q(x)=2 \frac{d K(x, x)}{d x} &amp; =-2 \frac{d}{d x}\left(\frac{\alpha \cos ^{2} \sqrt{\lambda_{0}} x}{1+\alpha \int_{0}^{x} \cos ^{2} \sqrt{\lambda_{0}} t d t}\right), \\
h &amp; =K(0,0)=-\alpha .
\end{aligned}
\]

2. Пусть действительная функция $q(x)$ удовлетворяет неравенству

\[
\int_{0}^{\infty} x|q(x)| d x&lt;\infty
\]

Тогда граничная задача

\[
\begin{gathered}
-y^{\prime \prime}+q(x) y=\lambda^{2} y, \quad 0&lt;x&lt;\infty, \\
y(0)=0,
\end{gathered}
\]

имеет ограниченные решения при $\lambda^{2}&gt;0$ и $\lambda=i \lambda_{k}, \lambda_{k}&gt;0$, $k=1, \ldots, n$, причем эти решения удовлетворяют при $x \rightarrow \infty$ асимптотич. формулам

$y(x, \lambda)=e^{-i \lambda x}-S(\lambda) e^{i \lambda x}+o(1), \quad 0&lt;\lambda^{2}&lt;\infty$, $y\left(x, i \lambda_{k}\right)=m_{k} e^{-\lambda_{k} x}[1+o(1)], \quad m_{k}&gt;0, \quad k=1, \ldots, n$. Набор величин $\left\{s(\lambda),-\infty&lt;\lambda&lt;\infty, \lambda_{k}, m_{k}, \quad k=1\right.$, $\ldots, n\}$ наз. да н ны ми р а с с еяни я граничної задачи (7), (7'). Требуется восстановить потенциал $q(x)$ по данным рассеяния.

Для решения этой задачи строят функцию $f(x)$ по формуле

\[
F(x)=\sum_{k=1}^{n} m_{k}^{2} e^{-\lambda_{k} x}+\frac{1}{2 \pi} \int_{-\infty}^{\infty}[1-S(\lambda)] e^{i \lambda x} d \lambda
\]

и рассматривают уравнение

\[
F(x+y)+K(x, y)+\int_{x}^{\infty} K(x, t) F(t+y) d t=0 .
\]

Это уравнение имеет единственное решение $k(x, y)$ при каждом $x \geqslant 0$. Решив его, определяют потенциал $q(x)$ по формуле

\[
q(x)=-2 \frac{d K(x, x)}{d x} .
\]

Для того чтобы набор величин $\{s(\lambda),-\infty&lt;\lambda&lt;\infty$; $\left.\lambda_{k}, \quad m_{k}, \quad \lambda_{k}&gt;0, \quad m_{k}&gt;0, \quad k=1, \ldots, n\right\}$ был данными рассеяния нек-рой граничной задачи вида (7), (7') с действительным потенциалом $q(x)$, удовлетворяющим условию (6), необходимо и достаточно выполнение следуютих условий (см. [1]):

a) фунгция $s(\lambda)$ непрерывна на всей оси, $\overline{s(\lambda)}=$ $=s(-\lambda)=[S(\lambda)]^{-1}, 1-S(\lambda)$ стремится $\mathbf{\kappa}$ нулю при $|\lambda| \rightarrow \infty$ и является преобразованием Фурье функций

\[
F_{S}(x)=\frac{1}{2 \pi} \int_{-\infty}^{\infty}[1-S(\lambda)] e^{i \lambda x} d \lambda,
\]

представимой в виде суммы двух функций, из к-рых одна принадлежит $l_{1}(-\infty, \infty)$, а другая огравичена и принадлежит $l_{2}(-\infty, \infty)$. На полуоси $0&lt;x&lt;\infty$ функция $f_{s}(x)$ имеет производную $f_{s}^{\prime}(x)$, удовлетворяющую условию $\int_{0}^{\infty} x\left|F_{S}^{\prime}(x)\right| d x&lt;\infty$;

б) приращение аргумента функции $s(\lambda)$ связаво с тислом $n$ отрицательных собственных значений (т. е. чұселi $\left.-\lambda_{1}^{2}, \ldots,-\lambda_{n}^{2}\right)$ граничной задачи (7), (7') формулой

\[
n=\frac{\ln S(+0)-\ln S(+\infty)}{2 \pi i}-\frac{1-S(0)}{4} .
\]

Интегральное уравнение (8) для $k(x, y)$ допускает явное решение в случае, когда $s(\lambda)$ - рациональная функция. Реппения уравнения (7) и потенциал $q(x)$ получаются в этом случае в виде рациональных функций от тригонометрич. и гиперболич. функций. Напр., если

\[
S(\lambda)=\frac{(\lambda+i)(\lambda+2 i)}{(\lambda-i)(\lambda-2 i)}, \quad \lambda_{1}=1, m_{1}=\sqrt{\overline{6}},
\]

то соответствующий потенциал имеет вид

\[
q(x)=-\frac{2 / 4}{(2 \operatorname{ch} 2 x-\operatorname{sh} 2 x)^{2}} .
\]

Jum.: [1] М а р ч е I $\mathrm{k}$ о B. А., Операторы Iiтурмалиувипля и их приложения, К., 1977: [2] А г р а н о в и ч З. С., ков, 1960; [3] Iii а д а н $k .$. C а 6 а т в е I]. обратные задачи в Јввантовой теории рассеяния, пер. с англ., М., 1980; [4] Л е в Ит a H b. M., Теория операторов обобщегного сдвига, M. 1973 ; [5] Теория солитонов: метод обратной задачи, М., 1980; [6] Б е-
р е з а с с к и й Ю. М., Разложение по собственным фуунциям самосопряженных огератторов, К., 1965; [7] Ф а д д е е в Л. Д., &quot;успехи матем. наук&quot;, 1959, т. 14, в. 4, с. $57-119$; [8] е г о же, $\begin{array}{llll}\text { в кн.: Итоги науки и техники. Совр. проблемы математики, т. } 3 \text {, } \\ \text { М. } 1974, &amp; \text { с. } 93-180 ; &amp; \text { [9] Л е в и т а н Б. М., Г а с }\end{array}$ м о в М. Г.. &quot;успехи матем. наук», 1964, т. 19, в. 2, с. 3-63; [10] A m b a r z u m i a n V., &quot;z. Phys.&quot;, 1929 , Bd 53, S. 690-

![](https://cdn.mathpix.com/cropped/2023_07_09_544318dc53ae9cd791c5g-1.jpg?height=44&amp;width=809&amp;top_left_y=2248&amp;top_left_x=987)
L e v in s on N., &quot;danske Vid. Selsk. Mat.-Fys. Medd.&quot;, 1949,
v. 25, № 9, p. 29; [13] M a p ч е н к о В. А., Долл. Аh Cccp&quot;, 1950, т. 72, № 3, с. 457-60; [14] Г е ль ф а н д И. М., Л е-
в и т а н Б. М., «изв. Ан Ссср. Сер. матем.», 1951, т. 15, № 4 , c. $309-60 ;$ [15] К р е й н M. Г., &quot;докј. Ан Ссср&quot;, 1951 Т. 76 , № 1, c. $21 \frac{1}{24 ;} 1952$, т. 82 , № 5 , c. $669-72 ; 1953$, т. 88, № 3, c. $405-08$; [16] M a p ч e н к o B. А., там же, 1955, т. 104 , № 5, с. 695-98; [17] Л е в и н Б. Я., там же, 1956, т. 106, № 2, c. $187-90 ;[18]$ N e w t o n R.; J o s t R., &quot;nuovo Cimento», 1955 , v. 1, № 4, p. $590-622 ;[19]$ Г а с ы м о в М. Г., Ј е-
в и т а н Б. М., &quot;докл. Ан Ссср&quot;, 1966, т. 167, № 6, с. $1219-$ $1222 ;[20]$ Г а с ы м о в M. Г., «тр. Моск. матем. об-ва», 1968, т. 19 , с. $41-112$; [21] Р о ф е-Б е н е т о в Ф. С., &quot;теория функций, функц. анализ и их прилож.», Харьков, 1967, в. 4, с. 189197; [22] Л е в и т а н Б. М., в кн.: Задачи механики и математической физики (посвящ. памяти И, Г. Петровского) М. 1976 . c. 166-207: [23] А х и е зе p H. И., &quot;докл. Ан Ссср», 1961 т. 141 , № 2, с. $263-66 ;$ [24] Г у с е й н о в Г. Шi, там же, 1976, T. 231, № 5 , c. $1045-48$.

Iitурма Г. Шi. Гусейнов, Б. М. Левиталь пряженный оператор, порожденный диффференциальным выражением

\[
l[f]=-\left(p(x) f^{\prime}\right)^{\prime}+q(x) f, \quad x \in(a, b)
\]

и подходящими граничными условиями в гильбертовом пространстве $l_{2}(a, b)$, где $(a, b)$ - конечный или бесконечный интервал, $p^{\prime}, p, q$ - непрерывные действительные функции и $p(x)&gt;0$ при всех $x \in(a, b)$ (иногда так называют любой оператор, порожденный квазидифференциальным выражением вида $l$ ). Натиная с 1830 Iii. Штурм (ch. Sturm) и Ж. Лиувилль (j. Liouville) опубликовали ряд фундаментальных исследований по теории Iii турма - Јiиувилля задачи на конечном интервале.

Точка $a$ наз. р е г у л я р ны м к о н цо м, если $a$ конечно, $p(a) \neq 0$ и $p^{\prime}, p, q \in C(a, b)$. В противном случае эта точка наз. с и н г у л я р ы м ко н цо м. Выражение $l$ наз. р е г у л я р ны м или с и н г ул я р н ы в зависимости от того, являются ли оба конца интервала $(a, b)$ регулярными или нет.

Пусть $d_{1}$ - множество функций $f \in L_{2}(a, b)$ таких, что $f^{\prime}$ - абсолютно непрерывна и $l[f] \in L_{2}(a, b), D_{0}$ - подмножество $d_{1}$, состоящее из финитных функций. Пусть, далее, $l_{1}: f \rightarrow l[f], f \in D_{1}$ и $l_{0}$ - замыкание оператора $l_{0}^{\prime}: f \rightarrow l[f], f \in D_{0}$, оператор $l_{0}$ является симметрич. оператором и $l_{0}=l_{1}$. Iii.- Л. о. является расширением (сужением) оператора $l_{0}\left(l_{1}\right)$.

I. Пусть $l$ регулярен, векторы $\left(\alpha_{i}, \alpha_{i}^{\prime}, \beta_{i}, \beta_{i}^{\prime}\right)$ линейно независимы и

$p(b)\left(\bar{\beta}_{i}^{\prime} \beta_{j}-\bar{\beta}_{i} \beta_{j}^{\prime}\right)-p(a)\left(\bar{\alpha}_{i}^{\prime} \alpha_{i}-\bar{\alpha}_{i} \alpha_{j}^{\prime}\right)=0, i, j=1,2$. (1) Тогда множество всех функций $f \in D_{1}$, удовлетворяющих условиям

\[
p(b)\left(\beta_{i}^{\prime} f^{\prime}(b)-\beta_{i} f(b)\right)-p(a)\left(\alpha_{i}^{\prime} f^{\prime}(a)-\alpha_{i} f(a)\right)=0,
\]

$i=1,2$, есть область определения нек-рого Iii. - Л. о. Обратно, область определения всякого Iii.- Л. о. можно найти әтим способом.

Среди граничных условий важное кіесто занимают разделенные граничные условия (или г р а н и ч н ы е условия ти па Iii т у р м а):

\[
\begin{array}{ll}
f(a) \cos \varphi-f^{\prime}(a) \sin \varphi=0, &amp; \varphi \in[0, \pi], \\
f(b) \cos \theta-f^{\prime}(b) \sin \theta=0, &amp; \theta \in[0, \pi],
\end{array}
\]

и смешанные граничные условия:

\[
f(a)=v f(b), \quad f^{\prime}(a)=\delta f^{\prime}(b),
\]

где $v \bar{\delta}=p(b) / p(a)$. В частности, если $p(a)=p(b)$, то в случае $v=\delta=1$ условия (5) наз. пе р и о д и q ес к и ми, а в случае $v=\delta=-1-a$ т и пе е ри о д ич е с ки и или полу пе риодичес кими).

Ii. Пусть $l$ сингулярен. Случай, когда оба конца $(a$, b) сингулярны, приводится к случаю с одним сингулярным конщом методом расщепления.

$\mathrm{ii}_{1}$. Пусть конец $a$ регулярен, а $b$ сингулярен и пусть число независимых решений уравнения $l[f]=i f$, при- надлөжащих $l_{2}(a, b)$, равно 1. Тогда говорят, что выражение $l$ принадлежит случаю п $\mathrm{p}$ е д е л ь в о й т о ч к и В е й Ј я в точке $b$. Область определения Iii.- Л. о. задается граничным условием (3).

$\mathrm{ii}_{2}$. Если число линейно независимых решений уравнения $l[f]=i f$, принадлежащих $l_{2}(a, b)$, равно 2 , то говорят, что выражение $l$ принадлежит случаю п р ед е л ь н о г о к р у г а Вейля в точке $b$. Оператор $l_{0}$ в этом случае имеет индексы дефекта $(2,2)$. Область определения Iii.- Л. о. описывается аналогично I, заменяя условия (2) следующим образом: $p(b)$ следует заменить на $p(a), f(b)$ и $f^{\prime}(b)$ соответственно на $(s f)_{1}(b)$ и $(s f)_{2}(b)$, гпе

$(s f)_{1}(b)=\lim _{x \rightarrow b} p(x)\left[f u_{2}\right](x), \quad(S f)_{2}(b)=\lim _{x \rightarrow b} p(x)\left[u_{1} f\right](x) ;$ здесь $[\varphi \psi](x)$ - вронскиан фуннкциї $\varphi$ и $\psi$ в точке $x$, $u_{i}, i=1,2$, - решения уравнения $l[f]=0$ с начальными условиями $u_{i}^{(j-1)}(0)=\delta_{i j}, i, j=1,2, \delta_{i j}$ - символ If poнекера.

Ядром резольвенты Ш.- Л. о. является Карлемана ядро, причем в случаях I и $\mathrm{ii}_{2}$ резольвента является Гильберта - Iiiмидта интегральным оператором, а в случае $\mathrm{ii}_{1}$ таковым может быть или не быть.

Спектральное разложение Ii.- Л. о. в случае дискретности спектра (напр., в случаях I и $\mathrm{i}_{2}$ ) аналогично разложению в ряд Фурье по собственным функциям задачи Штурма - Лиувилля, а в остальных случаях содержит собственные функции, не принадлежащие $l_{2}(a, b)$.

Большой интерес представляют задачи отыскания условий на коэффициенты $p$ и $q$, при к-рых спектр Iii.Л. о. дискретен, заполняет всю ось, выражение $l$ принадлежит случаю предельной точки или предельного круга. Достаточно общие необходимые и достаточные условия на $p$ и $q$, обеспечивающие принадлежность $l$ к случаю предельного круга или предельной точки $(b=$ $=+\infty)$, неизвестны (1984). Лuт.: [1] Н а й м а $\mathrm{p}$ к М. А., Линейные дифференциаль-
ные операторы, 2 изд., М., 1969; [2] А х и е з е р Н. И., Г л а 3ные операторы, 2 изд., М., 1969; [2] А х и е з е р Н. И., Г л а 3м а н И. М., Теория линейных операторов в гильбертовом прос а р г с я н И.. С., Введение в спектральную теорию, М., $1970 ;$ [4] М а р ч е н к о В. А., Операторы Штурма - Лиувилля и их приложения, К., 1977; [5] К о о д и н г т о н Э. А.. Л е в и н с о н Н., Теория обыкновенных дифференциальных уравнений, пер с англ., М., 1958: [6] Г ла 3 м а н И. М. Прямые методы качественного спектрального анализа сингулярных дифференциальных операторов, М., 1963; [7] H u t s o n V., P y m J., Applications of tunctional analysis and operators theory, L - N. Y., 1980: [8] T и т ч м а p ш Э. Ч., Разложения по собственным функциям, связанные с дифференциальными уравнениями второго порядка, пер. с англ., т. 1, М., 1960: [9] М и р3 о е в Г. А., “матем. заметки», 1981, т. 29, № 2, с. 225-33; [10] м о лі ч а н о в A. М., &quot;тр. Моск. матем. об-ва», 1953, т. 2 c. 169-99: [11] L e v in s on N., &quot;math.fyz. časop.&quot;, 1949, 1962 , т. 142 , №, 6, c. $1239-42$; [13] П о в 1962, т. 142, № 6, c. $1239-42 ;[13]$ П О в в н e p A. A., &quot;матем. co.&quot;), 1948 , T. 23 , No 1 , (proc. Internat. Conf.), Uppsala, ${ }_{1977}$ р. 62-81.</text>
  <text_orig>Б М. Левитан. задача, в к-рой требуется восстановить функцию (потенциал) $q(x)$ по тем или иным спектральным характеристикам оператора $A$, порождённого диффференциальшым выражением $l[y]=-y^{\prime \prime}+q(x) y$ и нек-рыми граничными условиями в гильбертовом шространстве $L_{2}(a, b)$, где $(a, b)$ - конечный или бесконечный интервал изменения переменной $x$. При этом следует восстановить также вид граничных условий, соответствующих оператору $A$.

При исследовании обратных задач естественно возникают следующие вопросы: 1) выяснить, какие спектралыные характеристики однозначно определяют оператор $A$; 2) дать метод восстановления оператора $A$ по әтим спектральным характеристикам; 3) найти характеристич. свойства рассматриваемых спектралыных характеристик. В зависимости от выбора спектралыных характеристик возможны многие различные постановки обратных задач (часто возникавіпих из приложениӥ).

Первый резулытат по обратным задаqам (cм. [10]), к-рый полонкил начало развитию всей теории: шусть $\lambda_{0}, \lambda_{1}, \ldots-$ собственные значения задачи

\[
\left.\begin{array}{l}
-y^{\prime \prime}+q(x) y=\lambda ! \prime, \quad 0 \leqslant x \leqslant \pi, \\
y^{\prime}(0)=y^{\prime}(\pi)-0,
\end{array}\right\}
\]

причем $q(x)$ - действительная непрерывная на сегменте $[0, \pi]$ функция. Если $\lambda_{n}=n^{2}, n=0,1, \ldots$, то $q(x) \equiv 0$.

Углубленное исследование обратных задач началось в 40-х гг. 20 в. (см. [11], [12]). Пусть $\lambda_{0}, \lambda_{1}$, ..- собственные значения уравнения (1) при граничных условия $\mathbf{x}$

\[
y^{\prime}(0)-h y(0)=0, \quad y^{\prime}(\pi)+H y(\pi)=0
\]

( $h$ I $H$ - действительные qисла), а $\mu_{0}, \mu_{1}, \ldots-$ собственные значения уравнения (1) при граничных условиях

\[
y^{\prime}(0)-h_{1} y(0)=0, y^{\prime}(\pi)+H y(\pi)=0, h_{1} \neq h .
\]

Тогда последовательности $\left\{\lambda_{n}\right\}$ и $\left\{\mu_{n}\right\}, n=0,1, \ldots$ однозначно определяют функцию $q(x)$ и числа $h, h_{1}$ и $H$. Причем если хотя бы одно собственное значение этих задач неопределенно, то все оставшиеся не определяют уравнения (1) однозначно. В частности, один спектр, вообще говоря, не определяет уравнение однозначно (упомянутый выше результат является исключением из общего правила).

Если уравнение (1) изучается на полуоси $(0, \infty)$ и на потенциальную функцию $q(x)$ наложено условие

\[
\int_{0}^{\infty} x|q(x)| d x&lt;\infty
\]

то решение $\varphi(x, \lambda)$ задачи $-y^{\prime \prime}+q(x) y=\lambda^{2} y, \quad y(0)=0$ допускает при $x \rightarrow \infty$ асимптотич. представление

\[
\varphi(x, \lambda)=M(\lambda) \sin [\lambda x+\delta(\lambda)]+o(1) .
\]

Функция $\delta(\lambda)$ наз. ф а з о й р а с с е я н и я. Основной результат состоит в том, что если задача (рассматриваемая в иространстве $L_{2}(0, \infty)$ ) не имеет дискретных собственных значений, то фаза рассеяния однозначно ошределяет потенциальную функцию $q(x)$.

При дальнейшем развитии теории обратных задач решающцм оказалось то обстоятельство, что был применен ашцарат так наз. операторов преобразования (см. III туряа - Лиувилля уравнение), к-рый естественно возник в рамках теории операторов обобщённого сдвига (см. [4]).

Применение операторов преобразования к обратным задачам (см. [13]) позволило обобщить вышеприведенные теоремы, а именно, оказалось, что наиболее общей обратної задачеї является задача восстановления уравнения (1) по его спектральной функции (см. III mypма - Лиувилля задача). Выяснилось, что спектральная функция определяет это уравнение однозначно. При этом безразлично, рассматривается случай конечного цли бесконечного интервала.

В шринциıе все обратные задачи могут быть сведены к обратной задаче восстановления оператора по его спектральної функции. Однако такоӥ путь не всегда является самым простым; кроме того, на этом пути часто трудно бывает найти необходимые и достаточные условия, к-рым должны удовлетворять рассматриваемые спектральные характеристики, по к-рым восстанавливается оператор.

Значешие обратных задач возросло после открытия возможности их использования для решения нек-рых не ли и е ї ных н и ї м а т е м а т и ч. й 3 и к и. В частности, была установлена связь (см. [25]) между обратными задачами для нек-рых ошераторов Штурма - Лиувилля с конечвым числом лакун в спектре и шробдемой. обращения Якоби абелевых интегралов. Развитие этих идей в последнее время позволило получить явныс формулы для конечнозонных шотенциалов, выражающие их через $\theta$-функции Римана (см. [1], [5]).

Ниже рассматриваются два варианта постановки
решения обратных задач. 1. По известной спектральной функции $\rho(\lambda)$ требуется найти дифференциальное выражение вида

\[
l[y]=-y^{\prime \prime}+q(x) y
\]

с действительным локально суммируемым потенциалом $q(x), 0 \leqslant x&lt;\infty$ и число $h$ из граничного условия

\[
y^{\prime}(0)-h y(0)=0 \text {. }
\]

Для решения этой задачи полагают

\[
\begin{gathered}
\Phi(x)=\int_{-\infty}^{+\infty} \frac{1-\cos V \bar{\lambda} x}{\lambda} d \rho(\lambda), 0&lt;x&lt;\infty, \\
f(x, y)=\frac{1}{2}\left\{\Phi^{\prime \prime}(x+y)+\Phi^{\prime \prime}(|x-y|)\right\} .
\end{gathered}
\]

Оказывается, что интегральное уравнение

\[
\begin{gathered}
f(x, y)+K(x, y)+\int_{0}^{x} K(x, t) f(t, y) d t=0, \\
0 \leqslant y \leqslant x,
\end{gathered}
\]

при каждом фиксированном $x$ имеет единственное решение $K(x, y)$. Потенциал $q(x)$ определяется по формуле

\[
q(x)=2 \frac{d K(x, x)}{d x}
\]

а число $h$, участвующее в $(3),-$ по формуле $h=K(0,0)$ (см. [14]). Решение $\varphi(x, \lambda)$ уравнения $l[y]=\lambda y$, удовлетворяющее граничным условиям $\varphi(0, \lambda)=1$ и $\varphi^{\prime}(0, \lambda)=$ $=h$, можно найти по формуле

\[
\varphi(x, \lambda)=\cos \sqrt{\bar{\lambda}} x+\int_{0}^{x} K(x, t) \cos \sqrt{\bar{\lambda}} t d t .
\]

Далее, неубывающая функция $\rho(\lambda),-\infty&lt;\lambda&lt;\infty$, тогда и только тогда является спектральной функцией для нек-рой задачи вида $-y^{\prime \prime}+q(x) y=\lambda y, 0 \leqslant x&lt;\infty$, $y^{\prime}(0)-h y(0)=0$ с действительной функцией $q(x)$, имеющей $m$ локально суммируемых производных, и действительным числом $h$, когда функция $\Phi(x)$, построенная по $\rho(\lambda)$ формулой (4), имеет $m+3$ локально суммируемых производных и $\Phi^{\prime \prime}(+0)=-h$ (см. [14], [17], [9]). В ряде частных случаев функции $\rho(\lambda)$ можно әффективно найти $q(x)$ и $h$. Напр., пусть

\[
\rho(\lambda)=\left\{\begin{array}{l}
\frac{2}{\pi} V \bar{\lambda}+\alpha \chi\left(\lambda-\lambda_{0}\right) \text { для } \lambda&gt;0, \\
\alpha \chi\left(\lambda-\lambda_{0}\right) \text { для } \lambda&lt;0,
\end{array}\right.
\]

где $\chi(\lambda)=0$, если $\lambda&lt;0$, и $\chi(\lambda)=1$, если $\lambda&gt;0, \alpha-$ поло жительное число. В этом случае интегральное уравнение (5) будет уравнением с вырожденным ядром $f(x, y)=\alpha \cos \sqrt{\lambda_{0}} x \cos \sqrt{\lambda_{0}} y$ и его решение

\[
K(x, y)=-\frac{\alpha \cos V \overline{\lambda_{0}} x \cos V \overline{\lambda_{0}} y}{1+\alpha \int_{0}^{x} \cos ^{2} V \overline{\lambda_{0}} t d t} .
\]

Теперь функция $q(x)$ и число $h$ определяются формулами

\[
\begin{aligned}
q(x)=2 \frac{d K(x, x)}{d x} &amp; =-2 \frac{d}{d x}\left(\frac{\alpha \cos ^{2} \sqrt{\lambda_{0}} x}{1+\alpha \int_{0}^{x} \cos ^{2} \sqrt{\lambda_{0}} t d t}\right), \\
h &amp; =K(0,0)=-\alpha .
\end{aligned}
\]

2. Пусть действительная функция $q(x)$ удовлетворяет неравенству

\[
\int_{0}^{\infty} x|q(x)| d x&lt;\infty
\]

Тогда граничная задача

\[
\begin{gathered}
-y^{\prime \prime}+q(x) y=\lambda^{2} y, \quad 0&lt;x&lt;\infty, \\
y(0)=0,
\end{gathered}
\]

имеет ограниченные решения при $\lambda^{2}&gt;0$ и $\lambda=i \lambda_{k}, \lambda_{k}&gt;0$, $k=1, \ldots, n$, причем эти решения удовлетворяют при $x \rightarrow \infty$ асимптотич. формулам

$y(x, \lambda)=e^{-i \lambda x}-S(\lambda) e^{i \lambda x}+o(1), \quad 0&lt;\lambda^{2}&lt;\infty$, $y\left(x, i \lambda_{k}\right)=m_{k} e^{-\lambda_{k} x}[1+o(1)], \quad m_{k}&gt;0, \quad k=1, \ldots, n$. Набор величин $\left\{S(\lambda),-\infty&lt;\lambda&lt;\infty, \lambda_{k}, m_{k}, \quad k=1\right.$, $\ldots, n\}$ наз. да н ны ми р а с с еяни я граничної задачи (7), (7'). Требуется восстановить потенциал $q(x)$ по данным рассеяния.

Для решения этой задачи строят функцию $F(x)$ по формуле

\[
F(x)=\sum_{k=1}^{n} m_{k}^{2} e^{-\lambda_{k} x}+\frac{1}{2 \pi} \int_{-\infty}^{\infty}[1-S(\lambda)] e^{i \lambda x} d \lambda
\]

и рассматривают уравнение

\[
F(x+y)+K(x, y)+\int_{x}^{\infty} K(x, t) F(t+y) d t=0 .
\]

Это уравнение имеет единственное решение $K(x, y)$ при каждом $x \geqslant 0$. Решив его, определяют потенциал $q(x)$ по формуле

\[
q(x)=-2 \frac{d K(x, x)}{d x} .
\]

Для того чтобы набор величин $\{S(\lambda),-\infty&lt;\lambda&lt;\infty$; $\left.\lambda_{k}, \quad m_{k}, \quad \lambda_{k}&gt;0, \quad m_{k}&gt;0, \quad k=1, \ldots, n\right\}$ был данными рассеяния нек-рой граничной задачи вида (7), (7') с действительным потенциалом $q(x)$, удовлетворяющим условию (6), необходимо и достаточно выполнение следуютих условий (см. [1]):

a) фунгция $S(\lambda)$ непрерывна на всей оси, $\overline{S(\lambda)}=$ $=S(-\lambda)=[S(\lambda)]^{-1}, 1-S(\lambda)$ стремится $\mathbf{\kappa}$ нулю при $|\lambda| \rightarrow \infty$ и является преобразованием Фурье функций

\[
F_{S}(x)=\frac{1}{2 \pi} \int_{-\infty}^{\infty}[1-S(\lambda)] e^{i \lambda x} d \lambda,
\]

представимой в виде суммы двух функций, из к-рых одна принадлежит $L_{1}(-\infty, \infty)$, а другая огравичена и принадлежит $L_{2}(-\infty, \infty)$. На полуоси $0&lt;x&lt;\infty$ функция $F_{S}(x)$ имеет производную $F_{S}^{\prime}(x)$, удовлетворяющую условию $\int_{0}^{\infty} x\left|F_{S}^{\prime}(x)\right| d x&lt;\infty$;

б) приращение аргумента функции $S(\lambda)$ связаво с тислом $n$ отрицательных собственных значений (т. е. чұселI $\left.-\lambda_{1}^{2}, \ldots,-\lambda_{n}^{2}\right)$ граничной задачи (7), (7') формулой

\[
n=\frac{\ln S(+0)-\ln S(+\infty)}{2 \pi i}-\frac{1-S(0)}{4} .
\]

Интегральное уравнение (8) для $K(x, y)$ допускает явное решение в случае, когда $S(\lambda)$ - рациональная функция. Реппения уравнения (7) и потенциал $q(x)$ получаются в этом случае в виде рациональных функций от тригонометрич. и гиперболич. функций. Напр., если

\[
S(\lambda)=\frac{(\lambda+i)(\lambda+2 i)}{(\lambda-i)(\lambda-2 i)}, \quad \lambda_{1}=1, m_{1}=\sqrt{\overline{6}},
\]

то соответствующий потенциал имеет вид

\[
q(x)=-\frac{2 / 4}{(2 \operatorname{ch} 2 x-\operatorname{sh} 2 x)^{2}} .
\]

Jum.: [1] М а р ч е I $\mathrm{k}$ о B. А., Операторы IIтурмаЛиувипля и их приложения, К., 1977: [2] А г р а н о в и ч З. С., ков, 1960; [3] III а д а н $K .$. C а 6 а т в е I]. обратные задачи в Јввантовой теории рассеяния, пер. с англ., М., 1980; [4] Л е в Ит a H b. M., Теория операторов обобщегного сдвига, M. 1973 ; [5] Теория солитонов: метод обратной задачи, М., 1980; [6] Б е-
р е з а с с к и й Ю. М., Разложение по собственным фуунциям самосопряженных огератторов, К., 1965; [7] Ф а д д е е в Л. Д., &quot;Успехи матем. наук&quot;, 1959, т. 14, в. 4, с. $57-119$; [8] е г о же, $\begin{array}{llll}\text { в кн.: Итоги науки и техники. Совр. проблемы математики, т. } 3 \text {, } \\ \text { М. } 1974, &amp; \text { с. } 93-180 ; &amp; \text { [9] Л е в и т а н Б. М., Г а с }\end{array}$ м о в М. Г.. &quot;Успехи матем. наук», 1964, т. 19, в. 2, с. 3-63; [10] A m b a r z u m i a n V., &quot;Z. Phys.&quot;, 1929 , Bd 53, S. 690-

![](https://cdn.mathpix.com/cropped/2023_07_09_544318dc53ae9cd791c5g-1.jpg?height=44&amp;width=809&amp;top_left_y=2248&amp;top_left_x=987)
L e v in s on N., &quot;Danske Vid. Selsk. Mat.-Fys. Medd.&quot;, 1949,
v. 25, № 9, p. 29; [13] M a p ч е н к о В. А., Долл. АH CCCP&quot;, 1950, т. 72, № 3, с. 457-60; [14] Г е ль ф а н д И. М., Л е-
в и т а н Б. М., «Изв. АН СССР. Сер. матем.», 1951, т. 15, № 4 , c. $309-60 ;$ [15] К р е й н M. Г., &quot;ДокЈ. АН СССР&quot;, 1951 Т. 76 , № 1, c. $21 \frac{1}{24 ;} 1952$, т. 82 , № 5 , c. $669-72 ; 1953$, т. 88, № 3, c. $405-08$; [16] M a p ч e н к o B. А., там же, 1955, т. 104 , № 5, с. 695-98; [17] Л е в и н Б. Я., там же, 1956, т. 106, № 2, c. $187-90 ;[18]$ N e w t o n R.; J o s t R., &quot;Nuovo Cimento», 1955 , v. 1, № 4, p. $590-622 ;[19]$ Г а с ы м о в М. Г., Ј е-
в и т а н Б. М., &quot;Докл. АН СССР&quot;, 1966, т. 167, № 6, с. $1219-$ $1222 ;[20]$ Г а с ы м о в M. Г., «Тр. Моск. матем. об-ва», 1968, т. 19 , с. $41-112$; [21] Р о ф е-Б е н е т о в Ф. С., &quot;Теория функций, функц. анализ и их прилож.», Харьков, 1967, в. 4, с. 189197; [22] Л е в и т а н Б. М., в кн.: Задачи механики и математической физики (Посвящ. памяти И, Г. Петровского) М. 1976 . c. 166-207: [23] А х и е зе p H. И., &quot;Докл. АН СССР», 1961 т. 141 , № 2, с. $263-66 ;$ [24] Г у с е й н о в Г. ШI, там же, 1976, T. 231, № 5 , c. $1045-48$.

IITУРМА Г. ШI. Гусейнов, Б. М. Левиталь пряженный оператор, порожденный диффференциальным выражением

\[
l[f]=-\left(p(x) f^{\prime}\right)^{\prime}+q(x) f, \quad x \in(a, b)
\]

и подходящими граничными условиями в гильбертовом пространстве $L_{2}(a, b)$, где $(a, b)$ - конечный или бесконечный интервал, $p^{\prime}, p, q$ - непрерывные действительные функции и $p(x)&gt;0$ при всех $x \in(a, b)$ (иногда так называют любой оператор, порожденный квазидифференциальным выражением вида $l$ ). Натиная с 1830 III. Штурм (Ch. Sturm) и Ж. Лиувилль (J. Liouville) опубликовали ряд фундаментальных исследований по теории III турма - ЈIиувилля задачи на конечном интервале.

Точка $a$ наз. р е г у л я р ны м к о н цо м, если $a$ конечно, $p(a) \neq 0$ и $p^{\prime}, p, q \in C(a, b)$. В противном случае эта точка наз. с и н г у л я р ы м ко н цо м. Выражение $l$ наз. р е г у л я р ны м или с и н г ул я р н ы в зависимости от того, являются ли оба конца интервала $(a, b)$ регулярными или нет.

Пусть $D_{1}$ - множество функций $f \in L_{2}(a, b)$ таких, что $f^{\prime}$ - абсолютно непрерывна и $l[f] \in L_{2}(a, b), D_{0}$ - подмножество $D_{1}$, состоящее из финитных функций. Пусть, далее, $L_{1}: f \rightarrow l[f], f \in D_{1}$ и $L_{0}$ - замыкание оператора $L_{0}^{\prime}: f \rightarrow l[f], f \in D_{0}$, оператор $L_{0}$ является симметрич. оператором и $L_{0}=L_{1}$. III.- Л. о. является расширением (сужением) оператора $L_{0}\left(L_{1}\right)$.

I. Пусть $l$ регулярен, векторы $\left(\alpha_{i}, \alpha_{i}^{\prime}, \beta_{i}, \beta_{i}^{\prime}\right)$ линейно независимы и

$p(b)\left(\bar{\beta}_{i}^{\prime} \beta_{j}-\bar{\beta}_{i} \beta_{j}^{\prime}\right)-p(a)\left(\bar{\alpha}_{i}^{\prime} \alpha_{i}-\bar{\alpha}_{i} \alpha_{j}^{\prime}\right)=0, i, j=1,2$. (1) Тогда множество всех функций $f \in D_{1}$, удовлетворяющих условиям

\[
p(b)\left(\beta_{i}^{\prime} f^{\prime}(b)-\beta_{i} f(b)\right)-p(a)\left(\alpha_{i}^{\prime} f^{\prime}(a)-\alpha_{i} f(a)\right)=0,
\]

$i=1,2$, есть область определения нек-рого III. - Л. о. Обратно, область определения всякого III.- Л. о. можно найти әтим способом.

Среди граничных условий важное кіесто занимают разделенные граничные условия (или г р а н и ч н ы е условия ти па III т у р м а):

\[
\begin{array}{ll}
f(a) \cos \varphi-f^{\prime}(a) \sin \varphi=0, &amp; \varphi \in[0, \pi], \\
f(b) \cos \theta-f^{\prime}(b) \sin \theta=0, &amp; \theta \in[0, \pi],
\end{array}
\]

и смешанные граничные условия:

\[
f(a)=v f(b), \quad f^{\prime}(a)=\delta f^{\prime}(b),
\]

где $v \bar{\delta}=p(b) / p(a)$. В частности, если $p(a)=p(b)$, то в случае $v=\delta=1$ условия (5) наз. пе р и о д и q ес к и ми, а в случае $v=\delta=-1-a$ т и пе е ри о д ич е с ки и или полу пе риодичес кими).

II. Пусть $l$ сингулярен. Случай, когда оба конца $(a$, b) сингулярны, приводится к случаю с одним сингулярным конщом методом расщепления.

$\mathrm{II}_{1}$. Пусть конец $a$ регулярен, а $b$ сингулярен и пусть число независимых решений уравнения $l[f]=i f$, при- надлөжащих $L_{2}(a, b)$, равно 1. Тогда говорят, что выражение $l$ принадлежит случаю п $\mathrm{p}$ е д е л ь в о й т о ч к и В е й Ј я в точке $b$. Область определения III.- Л. о. задается граничным условием (3).

$\mathrm{II}_{2}$. Если число линейно независимых решений уравнения $l[f]=i f$, принадлежащих $L_{2}(a, b)$, равно 2 , то говорят, что выражение $l$ принадлежит случаю п р ед е л ь н о г о к р у г а Вейля в точке $b$. Оператор $L_{0}$ в этом случае имеет индексы дефекта $(2,2)$. Область определения III.- Л. о. описывается аналогично I, заменяя условия (2) следующим образом: $p(b)$ следует заменить на $p(a), f(b)$ и $f^{\prime}(b)$ соответственно на $(S f)_{1}(b)$ и $(S f)_{2}(b)$, гпе

$(S f)_{1}(b)=\lim _{x \rightarrow b} p(x)\left[f u_{2}\right](x), \quad(S f)_{2}(b)=\lim _{x \rightarrow b} p(x)\left[u_{1} f\right](x) ;$ здесь $[\varphi \psi](x)$ - вронскиан фуннкциї $\varphi$ и $\psi$ в точке $x$, $u_{i}, i=1,2$, - решения уравнения $l[f]=0$ с начальными условиями $u_{i}^{(j-1)}(0)=\delta_{i j}, i, j=1,2, \delta_{i j}$ - символ If poнекера.

Ядром резольвенты Ш.- Л. о. является Карлемана ядро, причем в случаях I и $\mathrm{II}_{2}$ резольвента является Гильберта - IIIмидта интегральным оператором, а в случае $\mathrm{II}_{1}$ таковым может быть или не быть.

Спектральное разложение II.- Л. о. в случае дискретности спектра (напр., в случаях I и $\mathrm{I}_{2}$ ) аналогично разложению в ряд Фурье по собственным функциям задачи Штурма - Лиувилля, а в остальных случаях содержит собственные функции, не принадлежащие $L_{2}(a, b)$.

Большой интерес представляют задачи отыскания условий на коэффициенты $p$ и $q$, при к-рых спектр III.Л. о. дискретен, заполняет всю ось, выражение $l$ принадлежит случаю предельной точки или предельного круга. Достаточно общие необходимые и достаточные условия на $p$ и $q$, обеспечивающие принадлежность $l$ к случаю предельного круга или предельной точки $(b=$ $=+\infty)$, неизвестны (1984). Лuт.: [1] Н а й м а $\mathrm{p}$ к М. А., Линейные дифференциаль-
ные операторы, 2 изд., М., 1969; [2] А х и е з е р Н. И., Г л а 3ные операторы, 2 изд., М., 1969; [2] А х и е з е р Н. И., Г л а 3м а н И. М., Теория линейных операторов в гильбертовом проС а р г с я н И.. С., Введение в спектральную теорию, М., $1970 ;$ [4] М а р ч е н к о В. А., Операторы Штурма - Лиувилля и их приложения, К., 1977; [5] К о о д и н г т о н Э. А.. Л е в и н с о н Н., Теория обыкновенных дифференциальных уравнений, пер с англ., М., 1958: [6] Г ла 3 м а н И. М. Прямые методы качественного спектрального анализа сингулярных дифференциальных операторов, М., 1963; [7] H u t s o n V., P y m J., Applications of tunctional analysis and operators theory, L - N. Y., 1980: [8] T и т ч м а p ш Э. Ч., Разложения по собственным функциям, связанные с дифференциальными уравнениями второго порядка, пер. с англ., т. 1, М., 1960: [9] М и р3 о е в Г. А., “Матем. заметки», 1981, т. 29, № 2, с. 225-33; [10] м о лі ч а н о в A. М., &quot;Тр. Моск. матем. об-ва», 1953, т. 2 c. 169-99: [11] L e v in s on N., &quot;Math.fyz. časop.&quot;, 1949, 1962 , т. 142 , №, 6, c. $1239-42$; [13] П о в 1962, т. 142, № 6, c. $1239-42 ;[13]$ П О в в н e p A. A., &quot;Матем. co.&quot;), 1948 , T. 23 , No 1 , (Proc. Internat. Conf.), Uppsala, ${ }_{1977}$ р. 62-81.</text_orig>
</article>
