<?xml version="1.0" ?>
<article uri="http://libmeta.ru/me/article/1057_REKU" alphabetic_pos="1057">
  <title>РЕКУ РСИВНАЯ ФУНКЦИЯ</title>
  <authors/>
  <pages>
    <start>481</start>
    <end>482</end>
  </pages>
  <literature>
    <literature_orig/>
  </literature>
  <formulas_main/>
  <formulas_aux/>
  <relations n="0"/>
  <text>ч а с т И ч н о р ек у р с и в н я ф унк ци я,- одно из математич. уточнений интуитивного понятия вычислимой функции, определяемое следующим образом. Рассматриваются функции, заданные на натуральных числах и с натуральными значениями. Функции предполагаются ч ас т и ч н ы м и, т. е. определенными, вообще говоря, не для всех значений аргументов. Следующие функций наз. п р о с т е й ш и ми: $s(x)=x+1, \quad o(x)=0$, $i_{m}^{n}\left(x_{1}, \ldots, x_{n}\right)=x_{m}(1 \leqslant m \leqslant n)$. Будем говорить, что $n$-местная функция $\psi$ получена из $m$-местной функции $\varphi$ и $n$-местных функций $f_{1}, \ldots, f_{m}$ с помощью о п е р а т ор а с у п е р по о и ци и, если для всех $x_{1}, . ., x_{n}$ имеет место равенство

$\psi\left(x_{1}, \ldots, x_{n}\right)=\varphi\left(f_{1}\left(x_{1}, \ldots, x_{n}\right), \ldots, f_{m}\left(x_{1}, \ldots, x_{n}\right)\right)$.

Скажем, что $(n+1)$-местная функция $f$ получается из $n$-местной функции $\varphi$ и $(n+2)$-местной функции $\psi$ с помощью о пе р а тор а п р им и ти в но й р eк у р с и и , если при любых значениях $x_{1}, \ldots, x_{n}, y$ выполняются равенства

\[
f\left(x_{1}, \ldots, x_{n}, 0\right)=\varphi\left(x_{1}, \ldots, x_{n}\right),
\]

$f\left(x_{1}, \ldots, x_{n}, y+1\right)=\psi\left(x_{1}, \ldots, x_{n}, y, f\left(x_{1}, \ldots, x_{n}, y\right)\right)$.

Будем говорить, что $n$-местная функция $f$ получается из $(n+1)$-местной функции $\varphi$ с помощью о п е $\mathrm{p}$ а т ор а ми ни ми з а ци и, или наименьшего числа оператора, если для любых $x_{1}, \ldots, x_{n}, y$ выполнено условие $f\left(x_{1}, \ldots, x_{n}\right)=y$ тогда и только тогда, когда значения $\varphi\left(x_{1}, \ldots, x_{n}, 0\right), \ldots, \varphi\left(x_{1}, \ldots, x_{n}, y-1\right)$ определены и не равны 0 , а $\varphi\left(x_{1}, \ldots, x_{n}, y\right)=0$. Частичная функция $f$ наз. р е к у р с и в н о й, если она может быть получена из простейших функций с помощью конечного числа применений операторов суперпозиции, примитивной рекурсии и минимизации.

Иными словами, $f$ является Р. Ф., если существует такая конечная последовательность частичных функций $g_{1}, \ldots, g_{k}$, что $g_{k}=f$ и каждая функция этой последовательности либо является простейшей, либо получается из предыдущих с помощью операторов суперпозиции, примитивной рекурсии или минимизации. С помощью метода арифметизации можно получить пересчет всех таких описаний P. ф., а именно, можно указать алгоритм, к-рый каждому натуральному числу $x$ сопоставляет нек-рое описание Р. Ф. Задаваемую әтим описанием Р. ф. обычно обозначают $\varphi_{x}$, а $x$ наз. ее $\mathrm{r}$ ёд е ле в ы м но о е р о м.

Всюду определенные Р. ф. наз. о б щ е р е к у рс и в в ы м и. Существуют P. Ф., к-рые не могут быть продолжены до общерекурсивных.

Для любой Р.ф. можно указать алгоритм вычисления ее значений, т. е. все Р. ф. суть вычислимые функции. Распространенная гипотеза, известная под названием т е 3 и с а Ч ё р ч а, состоит в том, что всякая вычислимая функция является Р. ф. Эта гипотеза подтверждается рядом фактов. Так, все рассматривавшиеся в математике конкретные функции, признаваемые вычислимыми в интуитивном смысле этого слова, оказывались рекурсивными. Понятие Р. Ф. оказывается совпадающим по объему с другими математич. уточнениями понятия вычислимой функции (напр., с понятиями функции, вычислимой на машине Тьюринга, вычислимой с помощью нормального алгорифма Маркова и др.).

Возможны различные определения класса всех Р. ф. через исходные функции и порождающие операции. В частности, всякая Р.ф. может быть получена из функций

И

\[
a(x, y)=x+y, m(x, y)=x \cdot y, I_{m}^{n}
\]

\[
k(x, y)=\left\{\begin{array}{l}
0, \text { если } x&lt;y, \\
1, \text { если } x \geqslant y,
\end{array}\right.
\]

с помощью конечного числа применений операторов суперпозиции и минимизации.

Лum.: [1] М а льц е в А. И., Алгоритмы и рекурсивные функции, М., 1965; [2] Р о д ж е р с X., Теория рекурсивных функций' и әффективная вычислимость, пер. с англ., М., 1972. няемый в математике способ задания функций, при к-ром значение искомой функции в данной точке определяется через ее значения в предшествуюгцих точках (при подходящем отношении предшествования). Р. о. теоретико-числовых функций являются объектами изучения в теории алгоритмов (см. Рекурсия). В теории множеств постоянно используется для определения функций на ординалах трансфинитная рекурсия. В более общем плане Р. о. рассматриваются в теории допустимых множеств, в основе к-рой лежит некий синтез идей теории множеств и теории алгоритмов (см. [2]).

Лum.: [1] Р о д ж е $\mathbf{p}$ с X., Теория рекурсивных функций и әффективная вычислимость, пер. с англ., M., $1972 ;$; [2] B a r-
w i s e J., Admisıble sets and structures, B., 1975 .

Н. В. Белякин. $r \subseteq \mathbb{N}^{n}$, где $\mathbb{n}$ - множество натуральных чисел, что функция $f$, определенная на $\mathbb{n} n$ условием

\[
f\left(x_{1}, \ldots, x_{n}\right)=\left\{\begin{array}{l}
1, \text { если }\left\langle x_{1}, \ldots, x_{n}\right\rangle \in R, \\
0, \text { если }\left\langle x_{1}, \ldots, x_{n}\right\rangle \notin R,
\end{array}\right.
\]

является рекурсивной функцией. В частности, при любом $n$ универсальное отношение $\mathbb{n}^{n}$ и нуль-отношение $\varnothing$ являются Р. о. Если $r$ и $s$ суть $n$-местные Р. о., то отношения $r \cup S, R \cap S, R^{\prime}=\mathbb{N}^{n} \backslash R, R \backslash S$ также будут Р. о. Относительно операций $u, \cap,^{\prime}$ система всех n-местных Р. о. образует булеву алгебру. B. E. Плиско.</text>
  <text_orig>ч а с т И ч н о р ек у р с и в н я ф унк ци я,- одно из математич. уточнений интуитивного понятия вычислимой функции, определяемое следующим образом. Рассматриваются функции, заданные на натуральных числах и с натуральными значениями. Функции предполагаются ч ас т и ч н ы м и, т. е. определенными, вообще говоря, не для всех значений аргументов. Следующие функций наз. п р о с т е й ш и ми: $S(x)=x+1, \quad o(x)=0$, $I_{m}^{n}\left(x_{1}, \ldots, x_{n}\right)=x_{m}(1 \leqslant m \leqslant n)$. Будем говорить, что $n$-местная функция $\psi$ получена из $m$-местной функции $\varphi$ и $n$-местных функций $f_{1}, \ldots, f_{m}$ с помощью о п е р а т ор а с у п е р по о и ци и, если для всех $x_{1}, . ., x_{n}$ имеет место равенство

$\psi\left(x_{1}, \ldots, x_{n}\right)=\varphi\left(f_{1}\left(x_{1}, \ldots, x_{n}\right), \ldots, f_{m}\left(x_{1}, \ldots, x_{n}\right)\right)$.

Скажем, что $(n+1)$-местная функция $f$ получается из $n$-местной функции $\varphi$ и $(n+2)$-местной функции $\psi$ с помощью о пе р а тор а п р им и ти в но й р eк у р с и и , если при любых значениях $x_{1}, \ldots, x_{n}, y$ выполняются равенства

\[
f\left(x_{1}, \ldots, x_{n}, 0\right)=\varphi\left(x_{1}, \ldots, x_{n}\right),
\]

$f\left(x_{1}, \ldots, x_{n}, y+1\right)=\psi\left(x_{1}, \ldots, x_{n}, y, f\left(x_{1}, \ldots, x_{n}, y\right)\right)$.

Будем говорить, что $n$-местная функция $f$ получается из $(n+1)$-местной функции $\varphi$ с помощью о п е $\mathrm{p}$ а т ор а ми ни ми з а ци и, или наименьшего числа оператора, если для любых $x_{1}, \ldots, x_{n}, y$ выполнено условие $f\left(x_{1}, \ldots, x_{n}\right)=y$ тогда и только тогда, когда значения $\varphi\left(x_{1}, \ldots, x_{n}, 0\right), \ldots, \varphi\left(x_{1}, \ldots, x_{n}, y-1\right)$ определены и не равны 0 , а $\varphi\left(x_{1}, \ldots, x_{n}, y\right)=0$. Частичная функция $f$ наз. р е к у р с и в н о й, если она может быть получена из простейших функций с помощью конечного числа применений операторов суперпозиции, примитивной рекурсии и минимизации.

Иными словами, $f$ является Р. Ф., если существует такая конечная последовательность частичных функций $g_{1}, \ldots, g_{k}$, что $g_{k}=f$ и каждая функция этой последовательности либо является простейшей, либо получается из предыдущих с помощью операторов суперпозиции, примитивной рекурсии или минимизации. С помощью метода арифметизации можно получить пересчет всех таких описаний P. ф., а именно, можно указать алгоритм, к-рый каждому натуральному числу $x$ сопоставляет нек-рое описание Р. Ф. Задаваемую әтим описанием Р. ф. обычно обозначают $\varphi_{x}$, а $x$ наз. ее $\mathrm{r}$ ёд е ле в ы м но о е р о м.

Всюду определенные Р. ф. наз. о б щ е р е к у рс и в в ы м и. Существуют P. Ф., к-рые не могут быть продолжены до общерекурсивных.

Для любой Р.ф. можно указать алгоритм вычисления ее значений, т. е. все Р. ф. суть вычислимые функции. Распространенная гипотеза, известная под названием т е 3 и с а Ч ё р ч а, состоит в том, что всякая вычислимая функция является Р. ф. Эта гипотеза подтверждается рядом фактов. Так, все рассматривавшиеся в математике конкретные функции, признаваемые вычислимыми в интуитивном смысле этого слова, оказывались рекурсивными. Понятие Р. Ф. оказывается совпадающим по объему с другими математич. уточнениями понятия вычислимой функции (напр., с понятиями функции, вычислимой на машине Тьюринга, вычислимой с помощью нормального алгорифма Маркова и др.).

Возможны различные определения класса всех Р. ф. через исходные функции и порождающие операции. В частности, всякая Р.ф. может быть получена из функций

И

\[
a(x, y)=x+y, m(x, y)=x \cdot y, I_{m}^{n}
\]

\[
k(x, y)=\left\{\begin{array}{l}
0, \text { если } x&lt;y, \\
1, \text { если } x \geqslant y,
\end{array}\right.
\]

с помощью конечного числа применений операторов суперпозиции и минимизации.

Лum.: [1] М а льц е в А. И., Алгоритмы и рекурсивные функции, М., 1965; [2] Р о д ж е р с X., Теория рекурсивных функций' и әффективная вычислимость, пер. с англ., М., 1972. няемый в математике способ задания функций, при к-ром значение искомой функции в данной точке определяется через ее значения в предшествуюгцих точках (при подходящем отношении предшествования). Р. о. теоретико-числовых функций являются объектами изучения в теории алгоритмов (см. Рекурсия). В теории множеств постоянно используется для определения функций на ординалах трансфинитная рекурсия. В более общем плане Р. о. рассматриваются в теории допустимых множеств, в основе к-рой лежит некий синтез идей теории множеств и теории алгоритмов (см. [2]).

Лum.: [1] Р о д ж е $\mathbf{p}$ с X., Теория рекурсивных функций и әффективная вычислимость, пер. с англ., M., $1972 ;$; [2] B a r-
w i s e J., Admisıble sets and structures, B., 1975 .

Н. В. Белякин. $R \subseteq \mathbb{N}^{n}$, где $\mathbb{N}$ - множество натуральных чисел, что функция $f$, определенная на $\mathbb{N} n$ условием

\[
f\left(x_{1}, \ldots, x_{n}\right)=\left\{\begin{array}{l}
1, \text { если }\left\langle x_{1}, \ldots, x_{n}\right\rangle \in R, \\
0, \text { если }\left\langle x_{1}, \ldots, x_{n}\right\rangle \notin R,
\end{array}\right.
\]

является рекурсивной функцией. В частности, при любом $n$ универсальное отношение $\mathbb{N}^{n}$ и нуль-отношение $\varnothing$ являются Р. о. Если $R$ и $S$ суть $n$-местные Р. о., то отношения $R \cup S, R \cap S, R^{\prime}=\mathbb{N}^{n} \backslash R, R \backslash S$ также будут Р. о. Относительно операций $U, \cap,^{\prime}$ система всех n-местных Р. о. образует булеву алгебру. B. E. Плиско.</text_orig>
</article>
