<?xml version="1.0" ?>
<article uri="http://libmeta.ru/me/article/1059_KONSTRUKTIVNAJa" alphabetic_pos="1059">
  <title>КОНСТРУКТИВНАЯ ЛОГИКА</title>
  <authors/>
  <pages>
    <start>521</start>
    <end>522</end>
  </pages>
  <literature>
    <literature_orig/>
  </literature>
  <formulas_main/>
  <formulas_aux/>
  <relations n="0"/>
  <text>раздел математической логики, изучающий рассуждения о конструктивных объектаx и конструкциях. При таком понимании К. л. шире, чем логика конструктивной математики. Самое заметное отличие от традиционной (классиче- ской) логікі состопт в отсутствиi исключенного третьего закона $a \vee 7 A$ Ii двойного отрицания закона $\rceil 7 A \rightarrow A$.

Прп обозначении систем чистой логики (исчисление высказываний, предикатов) термины «конструктивное», «интуиционістское», «гейтинговское» часто считаются синонимамп (см. Гейтинга борла.ıьная система). Под к о н с т р у к т й в н о й а p Ii ф ме т Iі к о й Iногда понимают гейтшнговскую арпфметику, а лногда - ее расширение, получаемое добавлением принципа Маркова (см. Конструктивного подбора принцип) и схемы $a \leftrightarrow \exists e(e r A)$, выражающей эквивалентность формулы й утверждения о ее реализуемості (см. Конструктивная семантика). Эта расширенная система, достаточная для доказательства основных результатов конструктівного математıч. анализа, не является, в отличие от геӥтинговских систем, подсистемоӥ классич. арифметıкі: в ней опровергастся закон исключенного третьего $\forall x(A(x) \vee \neg A(x))$.

Иногда к К. Л. относят системы интуиционистсной лоәики, содержацие средства описаншя специфически интуиционистских понятий. Общая черта подавляющего большинтва систем К. л., отражающая специфпку конструктивного понимания связкіг $\vee$ Ii квантора $\exists,-$ явная реализация этих связок: выводимость $a \vee B$ (coответственно $\exists x A(x))$ влечет выводимость одноӥ из формул $a, B$ (соответственно $a(t)$ для нек-рого терма $t$ ). Прі этом в случае прикладных сістем (арифметіка, анализ) требуется замкнутость рассматриваемых формул. Болышинтво систем К. л. (включая все гейтінговские системы) корректны относітельно различных понятий реализуемости, включая реализуемость по іллини и Гёделя интерпретацию: все выводимые формулы реализуемы, в частности истинны, в конструктівной семантике. С другой стороны, формальные слстемы К. л. обычно неполны относительно естественной конструктивной семантики. Для систем, содержащіх арифметику, это следует из Гёделя теореиы о неполноте.

Множество реализуемых предикатных формул неперечислимо, поэтому конструктівное исчисление предикатов неполно относительно реализуемості, а из его полноты относительно «нашвной» конструктивної семантіки следовала бы интупционистская истинность принципа конструктивного подбора. Конструктивное исчисление высказываний также неполно относительно реализуемости, но полно при нек-рой пнтерпретациі в терминах систем Поста. А р ї ф м е т й ч е с К а я п ол у ф о р м а ль н я с и с т е ма, полная относітельно конструктивной семантики Маркова - Iiанина, получается, если добавить к формальной конструктивной арпфометике со схемой $a \leftrightarrow \exists e(e r A)$ ıi принципом конструктивного подбора әф ф е к т Iі в н о е $\omega-\Pi$ р ав Ii л о: ізз $a(0), A(1), \ldots$ вывестіг $\forall x A(x)$. Для гейгинговских систем установлены теоремы полноты относительно теоретико-модельных семантік Крипке I Бета, использующих «возможные миры» (эти семантіки связаны с теоретико-множественным вынужденшем), а также относительно алгебрапческих і топологіческіх моделей.

Класспческие формальные системы обычно погружаются в соответствующие спстемы K. л. (с coхранением отнопения выводимості из гипотез) с помощью н е г а т пі в но го п е р е в о д а, т. е. приписыванія двойного отрицания 77 перед всеми подформулами. Поэтому системы арифметикл, анализа и muпoв теории, основанные на классич. логике, изоморфно вкладываются в соответствующие системы, основанные на К. л. Имеются системы теории множеств, основанные на К. л., в к-рые погружаются классич. системы. Гейтинговские системы погружаются в модельные расширения классических с помощью $d$ - п е р е в о д а, т. е. приписывания знака необходимости $d$ перед всеми подформулами. Пріг этом $d$ можно читать «доказуемо». В нек-рых системах К. л. справедливы суждения, ложные при классическом истолковании, напр. отрицание закона исключенного третьего или специфически интуиционистские утверждения о последовательностях. Такие системы $s$ сводятся к классическим системам $s^{\circ}$ с помощью подходящего понятия реализуемости $\rho$. Доказывают, что $s \vdash A$ влечет существование $t$ такого, что $s^{\circ}$ - $(t \rho A)$, причем еслі $a$ - числовое равенство, то $s^{\circ} \vdash(A \leftrightarrow t \rho A)$. Отсюда следует непротивореqивость $s$ относітельно $s^{\circ}$.

К. л. исследует истинность суждений также в нетрадиціонных языках, отличных от языков логики предикатов арифметики, анализа и т. д. Наряду с традиционным отрицанием 7, основанным на приведении к протпворечию, изучается с Ii л ь о о е о т р и ц а н и е , предусматривающее построеніе контрпримера. Для справедливы многіе ігз законов классіч. логикіг, напр.

\[
\sim(p \&amp; q) \leftrightarrow \neg p \vee 7 q, \sim \sim p \leftrightarrow p
\]

но тсорема об эквивалентной замене верна лишь в впде

\[
((p \leftrightarrow q) \&amp;(\sim p \leftrightarrow \sim q)) \supset(A(p) \leftrightarrow A(q)) .
\]

К системе сıльного отрицания близки системы, основанные на симметрічной трактовке пстинності іл ложностіг. Семантика для ніх предусматривает указанше не только вида конструкций, обосновывающих Iiтинность, но и вида конструкцій, обосновывающих ложность рассматриваемого суждения.

Безотрицательная л о г п к а $\gamma$ р и с с а - Н е льс о н а стремится избежать использования отрицания Ii ограничить класс свойств, о к-рых делаются утвержденія, такими, для к-рых уже построены объекты, удовлетворяющие этим своӥствам. Язык такой логшкиг содержіт с в я з к у $\underset{x}{\rightarrow}$ причем $a \underset{x}{\rightarrow} B$ понимается прiблизительно как

\[
\forall x(A \supset B) \&amp; \exists x A .
\]

В т е о р и и к о н с т р у кци й исследуются сами правила построения и доказательства, лежащие в основе конструктивной математики. Конструкции строятся из Iгсходных с помощью фиксированного набора комбинаторов и операции применения функции к аргументу. Формулы строятся из равенства с помощью связок логшки высказываний Ii предпката доказуемости $\pi$, причем $\pi(a, x \cdot \alpha(x))$ читается « $a$ есть доказательство того, что $\alpha(x)$ верно для всех $x »$. В качестве аксиом берутся, в частности, все классические тавтологиш (включая закон Iісключенного третьего), т. е. отношение «быть доказательством» предполагается разрешимым. Имеется корректная и точная пнтерпретация гейтинговскпх систем в теории конструкций.

Рассмотрение в К. Л. бескванторных систем вызвано стремлением получить финитные (в том или ином смысле) доказательства рассматриваемых суждений илі их мажорант (см. Конструктивная семантика). Многие традиционные системы $s$ К. л. погружаются в бескванторные системы $s$ - таким образом, что выводимость в $s$ суждения $\forall x \exists y \boldsymbol{R}(x, y)$ с бескванторной формулой $\boldsymbol{r}$ влечет выводимость в $s$ - формулы $\boldsymbol{r}(x, \varphi(x))$ для подходящего $\varphi$. Если $s$ - арифометика без индукции, то $s$ - примитивно рекурспвная арифметика; если $s-$ гейтинговская арифметіка, то $s^{-}$- система гёделевских примитивно рекурсівных функционалов.

Для формальных систем К. л. доказаны т е о р е м ы н о р ма л и з а ц и и: любой вывод может быть конечным числом стандартных преобразований (редукций) приведен к нормальной форме, не содержащей «лишних» участков (см. Генцена формальная система). Нормальные выводы обладают (в полной мере или, в случае арпфометики и более широких систем, частично) свойством подформульности. Имеются связи между К. л. и теорıей категорий. Так, понятию «декартовой замкнутой категории» соответствует гейтинговское исчісление высказываний.

Иногда к К. л. относят все логические рассмотрения, в к-рых требуется, чтобы все изучаемые объекты были конструктивными, независимо от применяемой логики. С әтой тенденцией связано название конструктивных по Гёделю множеств.

Лит.: [1] К л и н и С. К., Введение в метаматематику, пер. c англ,, M., 1957; [2] Tro els tra A. S.: в кh.: Metamathematical investigation of intuitionistic arithmetic and analysis В.- Нdlb.- N. Y., 1973; [3] Н о в и к о в П. С., Конструктив-
ная математическая логика с точки зрения классической, M., 1977; [4] K r e i s e l G., Mathematical logic, в кh.: Lectures on modern mathematics, v. 3, N. Y., 1965, p. 95-195. Г. Е. Минч.</text>
  <text_orig>раздел математической логики, изучающий рассуждения о конструктивных объектаx и конструкциях. При таком понимании К. л. шире, чем логика конструктивной математики. Самое заметное отличие от традиционной (классиче- ской) логікі состопт в отсутствиI исключенного третьего закона $A \vee 7 A$ II двойного отрицания закона $\rceil 7 A \rightarrow A$.

Прп обозначении систем чистой логики (исчисление высказываний, предикатов) термины «конструктивное», «интуиционістское», «гейтинговское» часто считаются синонимамп (см. Гейтинга борла.ıьная система). Под к о н с т р у к т й в н о й а p II ф ме т Iі к о й Iногда понимают гейтшнговскую арпфметику, а лногда - ее расширение, получаемое добавлением принципа Маркова (см. Конструктивного подбора принцип) и схемы $A \leftrightarrow \exists e(e r A)$, выражающей эквивалентность формулы й утверждения о ее реализуемості (см. Конструктивная семантика). Эта расширенная система, достаточная для доказательства основных результатов конструктівного математıч. анализа, не является, в отличие от геӥтинговских систем, подсистемоӥ классич. арифметıкі: в ней опровергастся закон исключенного третьего $\forall x(A(x) \vee \neg A(x))$.

Иногда к К. Л. относят системы интуиционистсной лоәики, содержацие средства описаншя специфически интуиционистских понятий. Общая черта подавляющего большинтва систем К. л., отражающая специфпку конструктивного понимания связкіг $\vee$ II квантора $\exists,-$ явная реализация этих связок: выводимость $A \vee B$ (coответственно $\exists x A(x))$ влечет выводимость одноӥ из формул $A, B$ (соответственно $A(t)$ для нек-рого терма $t$ ). Прі этом в случае прикладных сістем (арифметіка, анализ) требуется замкнутость рассматриваемых формул. Болышинтво систем К. л. (включая все гейтінговские системы) корректны относітельно различных понятий реализуемости, включая реализуемость по іллини и Гёделя интерпретацию: все выводимые формулы реализуемы, в частности истинны, в конструктівной семантике. С другой стороны, формальные слстемы К. л. обычно неполны относительно естественной конструктивной семантики. Для систем, содержащіх арифметику, это следует из Гёделя теореиы о неполноте.

Множество реализуемых предикатных формул неперечислимо, поэтому конструктівное исчисление предикатов неполно относительно реализуемості, а из его полноты относительно «нашвной» конструктивної семантіки следовала бы интупционистская истинность принципа конструктивного подбора. Конструктивное исчисление высказываний также неполно относительно реализуемости, но полно при нек-рой пнтерпретациі в терминах систем Поста. А р ї ф м е т й ч е с К а я п ол у ф о р м а ль н я с и с т е ма, полная относітельно конструктивной семантики Маркова - IIанина, получается, если добавить к формальной конструктивной арпфометике со схемой $A \leftrightarrow \exists e(e r A)$ ıI принципом конструктивного подбора әф ф е к т Iі в н о е $\omega-\Pi$ р ав II л о: ізз $A(0), A(1), \ldots$ вывестіг $\forall x A(x)$. Для гейгинговских систем установлены теоремы полноты относительно теоретико-модельных семантік Крипке I Бета, использующих «возможные миры» (эти семантіки связаны с теоретико-множественным вынужденшем), а также относительно алгебрапческих і топологіческіх моделей.

Класспческие формальные системы обычно погружаются в соответствующие спстемы K. л. (с coхранением отнопения выводимості из гипотез) с помощью н е г а т пі в но го п е р е в о д а, т. е. приписыванія двойного отрицания 77 перед всеми подформулами. Поэтому системы арифметикл, анализа и muпoв теории, основанные на классич. логике, изоморфно вкладываются в соответствующие системы, основанные на К. л. Имеются системы теории множеств, основанные на К. л., в к-рые погружаются классич. системы. Гейтинговские системы погружаются в модельные расширения классических с помощью $d$ - п е р е в о д а, т. е. приписывания знака необходимости $D$ перед всеми подформулами. Пріг этом $D$ можно читать «доказуемо». В нек-рых системах К. л. справедливы суждения, ложные при классическом истолковании, напр. отрицание закона исключенного третьего или специфически интуиционистские утверждения о последовательностях. Такие системы $S$ сводятся к классическим системам $S^{\circ}$ с помощью подходящего понятия реализуемости $\rho$. Доказывают, что $S \vdash A$ влечет существование $t$ такого, что $S^{\circ}$ - $(t \rho A)$, причем еслі $A$ - числовое равенство, то $S^{\circ} \vdash(A \leftrightarrow t \rho A)$. Отсюда следует непротивореqивость $S$ относітельно $S^{\circ}$.

К. л. исследует истинность суждений также в нетрадиціонных языках, отличных от языков логики предикатов арифметики, анализа и т. д. Наряду с традиционным отрицанием 7, основанным на приведении к протпворечию, изучается с II л ь о о е о т р и ц а н и е , предусматривающее построеніе контрпримера. Для справедливы многіе ігз законов классіч. логикіг, напр.

\[
\sim(p \&amp; q) \leftrightarrow \neg p \vee 7 q, \sim \sim p \leftrightarrow p
\]

но тсорема об эквивалентной замене верна лишь в впде

\[
((p \leftrightarrow q) \&amp;(\sim p \leftrightarrow \sim q)) \supset(A(p) \leftrightarrow A(q)) .
\]

К системе сıльного отрицания близки системы, основанные на симметрічной трактовке пстинності іл ложностіг. Семантика для ніх предусматривает указанше не только вида конструкций, обосновывающих IIтинность, но и вида конструкцій, обосновывающих ложность рассматриваемого суждения.

Безотрицательная л о г п к а $\Gamma$ р и с с а - Н е льс о н а стремится избежать использования отрицания II ограничить класс свойств, о к-рых делаются утвержденія, такими, для к-рых уже построены объекты, удовлетворяющие этим своӥствам. Язык такой логшкиг содержіт с в я з к у $\underset{x}{\rightarrow}$ причем $A \underset{x}{\rightarrow} B$ понимается прIблизительно как

\[
\forall x(A \supset B) \&amp; \exists x A .
\]

В т е о р и и к о н с т р у кци й исследуются сами правила построения и доказательства, лежащие в основе конструктивной математики. Конструкции строятся из Iгсходных с помощью фиксированного набора комбинаторов и операции применения функции к аргументу. Формулы строятся из равенства с помощью связок логшки высказываний II предпката доказуемости $\pi$, причем $\pi(a, x \cdot \alpha(x))$ читается « $a$ есть доказательство того, что $\alpha(x)$ верно для всех $x »$. В качестве аксиом берутся, в частности, все классические тавтологиш (включая закон Iісключенного третьего), т. е. отношение «быть доказательством» предполагается разрешимым. Имеется корректная и точная пнтерпретация гейтинговскпх систем в теории конструкций.

Рассмотрение в К. Л. бескванторных систем вызвано стремлением получить финитные (в том или ином смысле) доказательства рассматриваемых суждений илі их мажорант (см. Конструктивная семантика). Многие традиционные системы $S$ К. л. погружаются в бескванторные системы $S$ - таким образом, что выводимость в $S$ суждения $\forall x \exists y \boldsymbol{R}(x, y)$ с бескванторной формулой $\boldsymbol{R}$ влечет выводимость в $S$ - формулы $\boldsymbol{R}(x, \varphi(x))$ для подходящего $\varphi$. Если $S$ - арифометика без индукции, то $S$ - примитивно рекурспвная арифметика; если $S-$ гейтинговская арифметіка, то $S^{-}$- система гёделевских примитивно рекурсівных функционалов.

Для формальных систем К. л. доказаны т е о р е м ы н о р ма л и з а ц и и: любой вывод может быть конечным числом стандартных преобразований (редукций) приведен к нормальной форме, не содержащей «лишних» участков (см. Генцена формальная система). Нормальные выводы обладают (в полной мере или, в случае арпфометики и более широких систем, частично) свойством подформульности. Имеются связи между К. л. и теорıей категорий. Так, понятию «декартовой замкнутой категории» соответствует гейтинговское исчісление высказываний.

Иногда к К. л. относят все логические рассмотрения, в к-рых требуется, чтобы все изучаемые объекты были конструктивными, независимо от применяемой логики. С әтой тенденцией связано название конструктивных по Гёделю множеств.

Лит.: [1] К л и н и С. К., Введение в метаматематику, пер. c англ,, M., 1957; [2] Tro els tra A. S.: в кH.: Metamathematical investigation of intuitionistic arithmetic and analysis В.- Нdlb.- N. Y., 1973; [3] Н о в и к о в П. С., Конструктив-
ная математическая логика с точки зрения классической, M., 1977; [4] K r e i s e l G., Mathematical logic, в кH.: Lectures on modern mathematics, v. 3, N. Y., 1965, p. 95-195. Г. Е. Минч.</text_orig>
</article>
