<?xml version="1.0" ?>
<article uri="http://libmeta.ru/me/article/1059_GIPERBOLII" alphabetic_pos="1059">
  <title>ГИПЕРБОЛИИ ЕСКОЙ МЕТРИКИ ПРИНЦИП</title>
  <authors/>
  <pages>
    <start>501</start>
    <end>501</end>
  </pages>
  <literature>
    <literature_orig/>
  </literature>
  <formulas_main/>
  <formulas_aux/>
  <relations n="0"/>
  <text>Пусть области $d$ и $g$ лежат соответственно в плоскостях $z$ и $w$ и имеют каждая не менее чем по три граничные точки, пусть $w=f(z)$ - функция, регулярная в $d$ и принимающая значения в $g$, и пусть $d \sigma_{z}$ и $d \sigma_{w}-$ линейные элементы в гиперболич. метрике областей $d$ и $g$ в точках соответственно z и $w=f(z)$; тогда справедливо неравенctbo

\[
d \sigma_{w} \leqslant d \sigma_{z} .
\]

Равенство в какой-либо точке $z_{0} \in D$ имеет место только в том случае, если $f(z) \equiv w[\zeta(z)]$ в $d$, где функция $\zeta=\zeta(z)$ конформно отображает область $d$ на круг $e:|\zeta|&lt;1$, а функция $w=w(\zeta)$ конформно отображает круг $e$ на область $g$. Г.м. П. обобщает Ïварца лемму на многосвязные области, в к-рых может быть определена гиперболич. метрика.

В формулировке Г. м. п. предположение регулярности функции $f(z)$ в $d$ может быть заменено более общим предположением: $f(z)$ - аналитич. функция, определенная в $d$ каким-либо своим элементом и продолжимая в $d$ по любому пути.

Этот же принцип можно сформулировать также относительно поведения гиперболич. длины кривых, гиперболич. расстояния или гиперболич. площади при указанном отображении. Именно, если $l-$ спрямляемая кривая в $d$, то (в обозначениях статьи Гиперболическая метрика)

\[
\mu_{G}(f(L)) \leqslant \mu_{D}(L) .
\]

Если $z_{1}$ и $z_{2}$ - две точки области $d$, то

$r_{g}\left(f\left(z_{1}\right), f\left(z_{2}\right)\right) \ll r_{D}\left(z_{1}, z_{2}\right)$.

Если $b$ - область в $d$, то

\[
\Delta_{G}(f(B)) \leqslant \Delta_{D}(B) .
\]

В каждом из этих неравенств равенство достигается только в указанном выше случае.

Приведенный выше результат относительно гиперболич. расстояния показывает, что при отображении $w=f(z)$ образ гиперболич. круга с центром в точке $z_{0} \in D$ содержится в гиперболич. круге с центром в точке $w_{0}=f\left(z_{0}\right)$ того же гиперболич. радиуса.

Этот результат распространяет на случай многосвязных областей следующий факт теории конформного отображения (и н в а р и а н т н а я фо р м а л е мм ы Iii в а р ц а): при отображении круга $e:|z|&lt;1$ регулярной в нем функцией

\[
w=f(z),|f(z)|&lt;1
\]

в $e$, гиперболич. расстояние между образами точек $z_{1}$ и $z_{2}$ круга $e$ не превосходит гіперболич. расстояния между самими точками $z_{1}$ и $z_{2}$ и равно этому расстоянию только в случае дробно-линейного преобразования круга $e$ на себя.

Г. м. П. следующим образом связан с Линделёбба принципом. Если области $d$ и $g$ обладают функциями Грина и односвязны, то оба принципа совпадают. Если же $d$ односвязна, а $g$ многосвязна, то $\gamma$. м. П. дает более точную оценку области, в к-рой содержится образ гиперболич. круга в $d$, определяемого неравенством $g_{d}\left(z, z_{0}\right)&gt;\lambda$ при отображении $w=f(z)$ (где через $g_{d}\left(z, z_{0}\right)$ обозначена функция Грина области $d$ с логарифмич. полюсом в точке $\left.z_{0} \in D\right)$. Кроме того, Г. м. п. применим и тогда, когда нельзя говорить о принципе Јинделёфа, напр., в случае области, обладающей по крайней мере тремя граничными точками, но не имеющей функции Грина.</text>
  <text_orig>Пусть области $D$ и $G$ лежат соответственно в плоскостях $z$ и $w$ и имеют каждая не менее чем по три граничные точки, пусть $w=f(z)$ - функция, регулярная в $D$ и принимающая значения в $G$, и пусть $d \sigma_{z}$ и $d \sigma_{w}-$ линейные элементы в гиперболич. метрике областей $D$ и $G$ в точках соответственно z и $w=f(z)$; тогда справедливо неравенCTBO

\[
d \sigma_{w} \leqslant d \sigma_{z} .
\]

Равенство в какой-либо точке $z_{0} \in D$ имеет место только в том случае, если $f(z) \equiv w[\zeta(z)]$ в $D$, где функция $\zeta=\zeta(z)$ конформно отображает область $D$ на круг $E:|\zeta|&lt;1$, а функция $w=w(\zeta)$ конформно отображает круг $E$ на область $G$. Г.м. П. обобщает Ïварца лемму на многосвязные области, в к-рых может быть определена гиперболич. метрика.

В формулировке Г. м. п. предположение регулярности функции $f(z)$ в $D$ может быть заменено более общим предположением: $f(z)$ - аналитич. функция, определенная в $D$ каким-либо своим элементом и продолжимая в $D$ по любому пути.

Этот же принцип можно сформулировать также относительно поведения гиперболич. длины кривых, гиперболич. расстояния или гиперболич. площади при указанном отображении. Именно, если $L-$ спрямляемая кривая в $D$, то (в обозначениях статьи Гиперболическая метрика)

\[
\mu_{G}(f(L)) \leqslant \mu_{D}(L) .
\]

Если $z_{1}$ и $z_{2}$ - две точки области $D$, то

$r_{G}\left(f\left(z_{1}\right), f\left(z_{2}\right)\right) \ll r_{D}\left(z_{1}, z_{2}\right)$.

Если $B$ - область в $D$, то

\[
\Delta_{G}(f(B)) \leqslant \Delta_{D}(B) .
\]

В каждом из этих неравенств равенство достигается только в указанном выше случае.

Приведенный выше результат относительно гиперболич. расстояния показывает, что при отображении $w=f(z)$ образ гиперболич. круга с центром в точке $z_{0} \in D$ содержится в гиперболич. круге с центром в точке $w_{0}=f\left(z_{0}\right)$ того же гиперболич. радиуса.

Этот результат распространяет на случай многосвязных областей следующий факт теории конформного отображения (и н в а р и а н т н а я фо р м а л е мм ы III в а р ц а): при отображении круга $E:|z|&lt;1$ регулярной в нем функцией

\[
w=f(z),|f(z)|&lt;1
\]

в $E$, гиперболич. расстояние между образами точек $z_{1}$ и $z_{2}$ круга $E$ не превосходит гіперболич. расстояния между самими точками $z_{1}$ и $z_{2}$ и равно этому расстоянию только в случае дробно-линейного преобразования круга $E$ на себя.

Г. м. П. следующим образом связан с Линделёбба принципом. Если области $D$ и $G$ обладают функциями Грина и односвязны, то оба принципа совпадают. Если же $D$ односвязна, а $G$ многосвязна, то $\Gamma$. м. П. дает более точную оценку области, в к-рой содержится образ гиперболич. круга в $D$, определяемого неравенством $g_{D}\left(z, z_{0}\right)&gt;\lambda$ при отображении $w=f(z)$ (где через $g_{D}\left(z, z_{0}\right)$ обозначена функция Грина области $D$ с логарифмич. полюсом в точке $\left.z_{0} \in D\right)$. Кроме того, Г. м. п. применим и тогда, когда нельзя говорить о принципе Јинделёфа, напр., в случае области, обладающей по крайней мере тремя граничными точками, но не имеющей функции Грина.</text_orig>
</article>
