<?xml version="1.0" ?>
<article uri="http://libmeta.ru/me/article/1059_NORMAL'NOE" alphabetic_pos="1059">
  <title>НОРМАЛЬНОЕ РАССЛОЕНИЕ</title>
  <authors/>
  <pages>
    <start>535</start>
    <end>535</end>
  </pages>
  <literature>
    <literature_orig/>
  </literature>
  <formulas_main/>
  <formulas_aux/>
  <relations n="0"/>
  <text>П О П В $о$ Г $о 0 \%-$ р а зи я -- расслоение, состоящее из касательных век- торов к объемлющему многообразию, нормальных к подмногообразию. Если $x$ - риманово многообразие, $y$ - его (погруженное) подмпогообразие, $t_{x}$ и $t_{y}-$ касательные расслоения над $x$ и $y$, то H. p. $n_{y, X}$ подміогообразия $y$ есть подрасслоение в $t_{x} \mid Y$, cocтавленное векторами $u \in T_{X, y}, y \in Y$, ортогональными к $t_{y, y}$.

С помощью Н. р. строятся, напр., трубчатые окрестности подмногообразий. Н. р. над $y$, рассматриваемое с точностью до эквивалентности, не зависит от выбора римановой метрики на $x$, поскольку может быть определено без помощи метрики как факторрасслоение $t_{x} \mid Y / T_{Y}$. Несколько более общей является конс грукция Н. р. произвольного погружения $f: Y \rightarrow X$ диффференцируемых многообразий:

\[
N_{Y / X}=f^{*} T_{X} / T_{Y}
\]

Аналогично определяе'ся ${ }^{X}$ H. p. $n_{y I X}$ неособого алгебраич. подмногообразия $y$ в неособом алгебраич. многообразии $\bar{x}$ или Н. р. аналитич. подмногообразия $y$ в аналитпч. многообразии $x$; оно является алгебрапческим (соответственно аналитическим) векторным расслоением над $y$, paнr к-рого есть codim $y$. Если, в частности, codim $y=1$, то расслоение $n_{y / X}$ изоморфно ограничению на $y$ расслоения над $x$, определяемого дивизором $\boldsymbol{y}$.

В случае, когда $\boldsymbol{y}$ - аналитич. подпространство аналитич. пространства $\left(x, O_{X}\right)$, H. p. подпространства $y$ иногда называют аналитич. семейство векторных пространств $n_{y / X} \rightarrow Y$, двойственное к конормальному пучку $n_{y / X}^{*}$ (см. Норма.ıьный пучок). О прпложениях H. p. к вопросу о стягиваемости подмногообразий см. Исключительное аналитическое множество, Исключительное подмногообразие.

Лит.: [1] Итоги науки и техники. Алгебра. Топология. Геометрия, т. 15, М., 1977, с. 132-56; [2] М и л н о р Д ж., С т aiii е Ф Д Ж., Характеристические классы, пер. с англ., М.,
1979 ; [3] Р о л и н В. А., Ф у с д Д. Б., Начальный курс $1979 ;$ [3] Р о х л и н В. А., Ф у к с Д. Б., Начальный курс
топологии. Геометрические главы, М., 1977 ; [4] х и р ші М., топологии. Геометрические главы, М., 1977; [4] Х и р Ii 1 М., ф a p е в и ч И. Р., Основы алгебраической геометрии, м.,
1972 .
А. Онищик.</text>
  <text_orig>П О П В $о$ Г $о 0 \%-$ р а зи я -- расслоение, состоящее из касательных век- торов к объемлющему многообразию, нормальных к подмногообразию. Если $X$ - риманово многообразие, $Y$ - его (погруженное) подмпогообразие, $T_{X}$ и $T_{Y}-$ касательные расслоения над $X$ и $Y$, то H. p. $N_{Y, X}$ подміогообразия $Y$ есть подрасслоение в $T_{X} \mid Y$, cocтавленное векторами $u \in T_{X, y}, y \in Y$, ортогональными к $T_{Y, y}$.

С помощью Н. р. строятся, напр., трубчатые окрестности подмногообразий. Н. р. над $Y$, рассматриваемое с точностью до эквивалентности, не зависит от выбора римановой метрики на $X$, поскольку может быть определено без помощи метрики как факторрасслоение $T_{X} \mid Y / T_{Y}$. Несколько более общей является конс грукция Н. р. произвольного погружения $f: Y \rightarrow X$ диффференцируемых многообразий:

\[
N_{Y / X}=f^{*} T_{X} / T_{Y}
\]

Аналогично определяе'ся ${ }^{X}$ H. p. $N_{Y I X}$ неособого алгебраич. подмногообразия $Y$ в неособом алгебраич. многообразии $\bar{X}$ или Н. р. аналитич. подмногообразия $Y$ в аналитпч. многообразии $X$; оно является алгебрапческим (соответственно аналитическим) векторным расслоением над $Y$, paнr к-рого есть codim $Y$. Если, в частности, codim $Y=1$, то расслоение $N_{Y / X}$ изоморфно ограничению на $Y$ расслоения над $X$, определяемого дивизором $\boldsymbol{Y}$.

В случае, когда $\boldsymbol{Y}$ - аналитич. подпространство аналитич. пространства $\left(X, O_{X}\right)$, H. p. подпространства $Y$ иногда называют аналитич. семейство векторных пространств $N_{Y / X} \rightarrow Y$, двойственное к конормальному пучку $N_{Y / X}^{*}$ (см. Норма.ıьный пучок). О прпложениях H. p. к вопросу о стягиваемости подмногообразий см. Исключительное аналитическое множество, Исключительное подмногообразие.

Лит.: [1] Итоги науки и техники. Алгебра. Топология. Геометрия, т. 15, М., 1977, с. 132-56; [2] М и л н о р Д ж., С т aIII е Ф Д Ж., Характеристические классы, пер. с англ., М.,
1979 ; [3] Р о л и н В. А., Ф у с д Д. Б., Начальный курс $1979 ;$ [3] Р о х л и н В. А., Ф у к с Д. Б., Начальный курс
топологии. Геометрические главы, М., 1977 ; [4] х и р ші М., топологии. Геометрические главы, М., 1977; [4] Х и р II 1 М., ф a p е в и ч И. Р., Основы алгебраической геометрии, м.,
1972 .
А. Онищик.</text_orig>
</article>
