<?xml version="1.0" ?>
<article uri="http://libmeta.ru/me/article/105_SPEKT" alphabetic_pos="105">
  <title>СПЕКТР</title>
  <authors/>
  <pages>
    <start>51</start>
    <end>51</end>
  </pages>
  <literature>
    <literature_orig/>
  </literature>
  <formulas_main/>
  <formulas_aux/>
  <relations n="0"/>
  <text>прямой и обратный спектр в к а т е г ор и и $\mathscr{c}$. П р я мы м с ие к т р о м $\left\{y^{\alpha}, f_{\alpha}^{\beta}\right\}$ в категории $\mathscr{c}$ наз. семейство объектов $\{y \alpha\}$ с индексами из направленного множества $\lambda=\{\alpha\}$ и семейство морфизмов $\left\{f_{\alpha}^{\beta}: Y^{\alpha} \rightarrow Y^{\beta}\right\}$ из $\mathscr{c}$ (определенных при $\alpha \leqslant \beta$ ), для к-рых :

1) $f_{\alpha}^{\alpha}=1_{y \alpha}: Y_{\alpha} \rightarrow Y^{\alpha}, \alpha \in \Lambda$;

2) $f_{\alpha}^{\gamma}=f_{\beta}^{\gamma \circ} f_{\alpha}^{\beta}: Y^{\alpha} \rightarrow Y^{\gamma}, \alpha \leqslant \beta \leqslant \gamma, \alpha, \beta, \gamma \in \Lambda$.

Можно оиределить категорию $\operatorname{dir}\left\{y^{\alpha}, f_{\alpha}^{\beta}\right\}$, объектами к-рой служат семейства морфизмов $\left\{g_{\alpha}: Y^{\alpha} \rightarrow Z\right\}_{\alpha \in \Lambda}$ таких, что $g_{\alpha}=g_{\beta} \circ f_{\alpha}^{\beta}$, если $\alpha \leqslant \beta, \alpha, \beta \in \Lambda$. В этой категории морфизмом объекта $\left\{g_{\alpha}: Y^{\alpha} \rightarrow Z\right\}$ в объект $\left\{g_{\alpha}^{\prime}: Y^{\alpha} \rightarrow Z^{\prime}\right\}$ наз. такої морфизм $h: Z \rightarrow Z^{\prime}$ категории $\mathscr{c}$, что $h g_{\alpha}=g_{\alpha}^{\prime}, \alpha \in \Lambda$. Инициальный (вачальный) объект категории $\operatorname{dir}\left\{y^{\alpha}, f_{\alpha}^{\beta}\right\}$ наз. п р е д е л о м п р я м о го с пе к т р a $\left\{y^{\alpha}, f_{\alpha}^{\beta}\right\}$. Пределы прямых спектров (прямой спектр) множеств, топологич. пространств, $r$-модулей являются примерами прямых спектров в соответствующих категориях. Двойственным образом, об ра твым с пе к т ром $\left\{y_{\alpha}, f_{\alpha}^{\beta}\right\}$ в категории $\mathscr{c}$ наз. семейство объектов $\left\{y_{\alpha}\right\}$ с индексами из направленного множества $\lambda=\{\alpha\}$ и семейство морфизмов $\left\{f_{\alpha}^{\beta}: Y_{\beta} \rightarrow Y_{\alpha}\right\}$ категории $\mathscr{c}$ (определенных, если $\alpha \leqslant \beta$ ), для к-рых:

1) $f_{\alpha}^{\alpha}=1_{y \alpha}: Y_{\alpha} \rightarrow Y_{\alpha}, \alpha \in \Lambda$;

2) $f_{\alpha}^{\gamma}=f_{\alpha}^{\beta} \circ f_{\beta}^{\gamma}: Y_{\gamma} \rightarrow Y_{\alpha}, \alpha \leqslant \beta \leqslant \gamma, \alpha, \beta, \gamma \in \Lambda$.

Можно огределить категорию inv $\left\{y_{\alpha}, f_{\alpha}^{\beta}\right\}$, объектами к-рой являются занумерованные семейства таких морфизмов $\left\{g_{\alpha}: X \rightarrow Y_{\alpha}\right\}_{\alpha \in \lambda}$, что $g_{\alpha}=f_{\alpha}^{\beta} \circ g_{\beta}$, если $\alpha \leqslant \beta$, $\alpha, \beta \in \Lambda$, а морфизмом объекта $\left\{g_{\alpha}: X \rightarrow Y_{\alpha}\right\}$ в объект $\left\{g_{\alpha}^{\prime}: X^{\prime} \rightarrow Y_{\alpha}\right\}$ является морфизм $h: X \rightarrow X^{\prime}$ категории $\mathscr{c}$ такой, что $g_{\alpha}^{\prime} h=g_{\alpha}$ при $\alpha \in \Lambda$. Терминальный (интегральный) объъект категории inv $\left\{y_{\alpha}, f_{\alpha}^{\beta}\right\}$ наз. п ред е лом об ра тного с пе к т р а $\left\{y_{\alpha}, f_{\alpha}^{\beta}\right\}$. Пределы обратных спектров (обратный спектр) множеств, групп, $r$-модулей являются пределами обратных спектров в соответствуюгих категориях.

Понятие обратного спектра - натегорное обобщение топологич. Iонятия проекционного спектра.

Лит: : [1] С п е н в е р, Алгебраическая топо.тогия, пер. с
М. И. Войчеховский. англ., М., 1971.</text>
  <text_orig>прямой и обратный спектр в к а т е г ор и и $\mathscr{C}$. П р я мы м с ие к т р о м $\left\{Y^{\alpha}, f_{\alpha}^{\beta}\right\}$ в категории $\mathscr{C}$ наз. семейство объектов $\{Y \alpha\}$ с индексами из направленного множества $\Lambda=\{\alpha\}$ и семейство морфизмов $\left\{f_{\alpha}^{\beta}: Y^{\alpha} \rightarrow Y^{\beta}\right\}$ из $\mathscr{C}$ (определенных при $\alpha \leqslant \beta$ ), для к-рых :

1) $f_{\alpha}^{\alpha}=1_{Y \alpha}: Y_{\alpha} \rightarrow Y^{\alpha}, \alpha \in \Lambda$;

2) $f_{\alpha}^{\gamma}=f_{\beta}^{\gamma \circ} f_{\alpha}^{\beta}: Y^{\alpha} \rightarrow Y^{\gamma}, \alpha \leqslant \beta \leqslant \gamma, \alpha, \beta, \gamma \in \Lambda$.

Можно оиределить категорию $\operatorname{dir}\left\{Y^{\alpha}, f_{\alpha}^{\beta}\right\}$, объектами к-рой служат семейства морфизмов $\left\{g_{\alpha}: Y^{\alpha} \rightarrow Z\right\}_{\alpha \in \Lambda}$ таких, что $g_{\alpha}=g_{\beta} \circ f_{\alpha}^{\beta}$, если $\alpha \leqslant \beta, \alpha, \beta \in \Lambda$. В этой категории морфизмом объекта $\left\{g_{\alpha}: Y^{\alpha} \rightarrow Z\right\}$ в объект $\left\{g_{\alpha}^{\prime}: Y^{\alpha} \rightarrow Z^{\prime}\right\}$ наз. такої морфизм $h: Z \rightarrow Z^{\prime}$ категории $\mathscr{C}$, что $h g_{\alpha}=g_{\alpha}^{\prime}, \alpha \in \Lambda$. Инициальный (вачальный) объект категории $\operatorname{dir}\left\{Y^{\alpha}, f_{\alpha}^{\beta}\right\}$ наз. п р е д е л о м п р я м о го с пе к т р a $\left\{Y^{\alpha}, f_{\alpha}^{\beta}\right\}$. Пределы прямых спектров (прямой спектр) множеств, топологич. пространств, $R$-модулей являются примерами прямых спектров в соответствующих категориях. Двойственным образом, об ра твым с пе к т ром $\left\{Y_{\alpha}, f_{\alpha}^{\beta}\right\}$ в категории $\mathscr{C}$ наз. семейство объектов $\left\{Y_{\alpha}\right\}$ с индексами из направленного множества $\Lambda=\{\alpha\}$ и семейство морфизмов $\left\{f_{\alpha}^{\beta}: Y_{\beta} \rightarrow Y_{\alpha}\right\}$ категории $\mathscr{C}$ (определенных, если $\alpha \leqslant \beta$ ), для к-рых:

1) $f_{\alpha}^{\alpha}=1_{Y \alpha}: Y_{\alpha} \rightarrow Y_{\alpha}, \alpha \in \Lambda$;

2) $f_{\alpha}^{\gamma}=f_{\alpha}^{\beta} \circ f_{\beta}^{\gamma}: Y_{\gamma} \rightarrow Y_{\alpha}, \alpha \leqslant \beta \leqslant \gamma, \alpha, \beta, \gamma \in \Lambda$.

Можно огределить категорию inv $\left\{Y_{\alpha}, f_{\alpha}^{\beta}\right\}$, объектами к-рой являются занумерованные семейства таких морфизмов $\left\{g_{\alpha}: X \rightarrow Y_{\alpha}\right\}_{\alpha \in \lambda}$, что $g_{\alpha}=f_{\alpha}^{\beta} \circ g_{\beta}$, если $\alpha \leqslant \beta$, $\alpha, \beta \in \Lambda$, а морфизмом объекта $\left\{g_{\alpha}: X \rightarrow Y_{\alpha}\right\}$ в объект $\left\{g_{\alpha}^{\prime}: X^{\prime} \rightarrow Y_{\alpha}\right\}$ является морфизм $h: X \rightarrow X^{\prime}$ категории $\mathscr{C}$ такой, что $g_{\alpha}^{\prime} h=g_{\alpha}$ при $\alpha \in \Lambda$. Терминальный (интегральный) объъект категории inv $\left\{Y_{\alpha}, f_{\alpha}^{\beta}\right\}$ наз. п ред е лом об ра тного с пе к т р а $\left\{Y_{\alpha}, f_{\alpha}^{\beta}\right\}$. Пределы обратных спектров (обратный спектр) множеств, групп, $R$-модулей являются пределами обратных спектров в соответствуюгих категориях.

Понятие обратного спектра - натегорное обобщение топологич. Iонятия проекционного спектра.

Лит: : [1] С п е н в е р, Алгебраическая топо.тогия, пер. с
М. И. Войчеховский. англ., М., 1971.</text_orig>
</article>
