<?xml version="1.0" ?>
<article uri="http://libmeta.ru/me/article/105_DELITEL'" alphabetic_pos="105">
  <title>ДЕЛИТЕЛЬ ЕДИНИЦЫ</title>
  <authors/>
  <pages>
    <start>45</start>
    <end>45</end>
  </pages>
  <literature>
    <literature_orig/>
  </literature>
  <formulas_main/>
  <formulas_aux/>
  <relations n="0"/>
  <text>элемент $a$ кольца (коммутативного с единицей 1), для к-рого существует о бр а т н ый, т. е. такой элемент $b$, что $a b=1$. В теории алгебраических чисел и алгебраических функций Д. е. наз. также е д и н и ц а м и.</text>
  <text_orig>элемент $a$ кольца (коммутативного с единицей 1), для к-рого существует о бр а т н ый, т. е. такой элемент $b$, что $a b=1$. В теории алгебраических чисел и алгебраических функций Д. е. наз. также е д и н и ц а м и.</text_orig>
</article>
