<?xml version="1.0" ?>
<article uri="http://libmeta.ru/me/article/1060_REKU" alphabetic_pos="1060">
  <title>РЕКУ РСИВНЫИ ПРЕДИКАТ</title>
  <authors/>
  <pages>
    <start>482</start>
    <end>482</end>
  </pages>
  <literature>
    <literature_orig/>
  </literature>
  <formulas_main/>
  <formulas_aux/>
  <relations n="0"/>
  <text>предикат $p\left(x_{1}\right.$, . .., $\left.x_{n}\right)$, определенный на натуральных числах и такой, что функция $f$, заданная на натуральных числах условием

\[
f\left(x_{1}, \ldots, x_{n}\right)=\left\{\begin{array}{l}
1, \text { если } P\left(x_{1}, \ldots, x_{n}\right) \text { истинно, } \\
0, \text { если } P\left(x_{1}, \ldots, x_{n}\right) \text { ложно, }
\end{array}\right.
\]

является рекурсивной функцией.

B. Е. Плиско.</text>
  <text_orig>предикат $P\left(x_{1}\right.$, . .., $\left.x_{n}\right)$, определенный на натуральных числах и такой, что функция $f$, заданная на натуральных числах условием

\[
f\left(x_{1}, \ldots, x_{n}\right)=\left\{\begin{array}{l}
1, \text { если } P\left(x_{1}, \ldots, x_{n}\right) \text { истинно, } \\
0, \text { если } P\left(x_{1}, \ldots, x_{n}\right) \text { ложно, }
\end{array}\right.
\]

является рекурсивной функцией.

B. Е. Плиско.</text_orig>
</article>
