<?xml version="1.0" ?>
<article uri="http://libmeta.ru/me/article/1060_IIIUM" alphabetic_pos="1060">
  <title>IIIУМ А ЛИТИВНБIИ-помеха</title>
  <authors/>
  <pages>
    <start>460</start>
    <end>461</end>
  </pages>
  <literature>
    <literature_orig/>
  </literature>
  <formulas_main/>
  <formulas_aux/>
  <relations n="0"/>
  <text>прибавляемая К сигналу при передаче его по каналу связи. Точнее, го- ворят, что задан канал связи с Iii. а., если переходная функция $q(y, \cdot)$ канала задается илотностью

![](https://cdn.mathpix.com/cropped/2023_07_09_6980d4258a18643b4286g-1.jpg?height=42&amp;width=816&amp;top_left_y=232&amp;top_left_x=138)
чений сигналов на входе и выходе канала соответственно), зависящей лишь от разности $\tilde{y}-y, \quad$ т. е. $q(y, \tilde{y})=$ $=q(\tilde{y}-y)$. В этом случае сигнал на выходе канала $\tilde{\eta}$ можно представить в виде суммы сигнала на входе $\eta$ и не зависящей от него случайной величины ваемой Iii. а., так что $\tilde{\eta}=\eta+\zeta$.

В случае когда рассматриваются каналы с дискретным или непрерывным временем на конечных или бесконечных интервалах, понятие канала с Iii. а. вводят с помощью соотношения $\tilde{\eta}(t)=\eta(t)+\zeta(t)$, где $t$ изменяется в рассматриваемом интервале, а $\eta(t), \tilde{\eta}(t)$ и $\zeta(t)$ - случайные процессы, являющиеся соответственно сигналами на входе и выходе канала с Ш. а., причем процесс $\zeta(t)$ не зависит от процесса $\eta(t)$. В частности, если $\zeta(t)$ - гауссовский случайный пгроцесс, рассматриваемый канал является каналом гауссовскил.

Пuт.: [1] Г а л л а $\mathrm{r}$ e p Р., Теория информации и надежная связь, пер. с англ., М., $1974 ;[2] \mathbf{X}$ а $\mathrm{p}$ к в и ч А. А., Борьба с помехами, 2 изд., М., 1965.</text>
  <text_orig>прибавляемая К сигналу при передаче его по каналу связи. Точнее, го- ворят, что задан канал связи с III. а., если переходная функция $Q(y, \cdot)$ канала задается илотностью

![](https://cdn.mathpix.com/cropped/2023_07_09_6980d4258a18643b4286g-1.jpg?height=42&amp;width=816&amp;top_left_y=232&amp;top_left_x=138)
чений сигналов на входе и выходе канала соответственно), зависящей лишь от разности $\tilde{y}-y, \quad$ т. е. $q(y, \tilde{y})=$ $=q(\tilde{y}-y)$. В этом случае сигнал на выходе канала $\tilde{\eta}$ можно представить в виде суммы сигнала на входе $\eta$ и не зависящей от него случайной величины ваемой III. а., так что $\tilde{\eta}=\eta+\zeta$.

В случае когда рассматриваются каналы с дискретным или непрерывным временем на конечных или бесконечных интервалах, понятие канала с III. а. вводят с помощью соотношения $\tilde{\eta}(t)=\eta(t)+\zeta(t)$, где $t$ изменяется в рассматриваемом интервале, а $\eta(t), \tilde{\eta}(t)$ и $\zeta(t)$ - случайные процессы, являющиеся соответственно сигналами на входе и выходе канала с Ш. а., причем процесс $\zeta(t)$ не зависит от процесса $\eta(t)$. В частности, если $\zeta(t)$ - гауссовский случайный пгроцесс, рассматриваемый канал является каналом гауссовскил.

Пuт.: [1] Г а л л а $\mathrm{r}$ e p Р., Теория информации и надежная связь, пер. с англ., М., $1974 ;[2] \mathbf{X}$ а $\mathrm{p}$ к в и ч А. А., Борьба с помехами, 2 изд., М., 1965.</text_orig>
</article>
