<?xml version="1.0" ?>
<article uri="http://libmeta.ru/me/article/1061_NORMAL'NOE" alphabetic_pos="1061">
  <title>НОРМАЛЬНОЕ СЕМЕЙСТВО</title>
  <authors/>
  <pages>
    <start>535</start>
    <end>536</end>
  </pages>
  <literature>
    <literature_orig/>
  </literature>
  <formulas_main/>
  <formulas_aux/>
  <relations n="0"/>
  <text>а н а Л и т и ч $е$ с к и ф ун к ц й в о бл а с ти-такое семейство $s$ од- нозначных аналитич. Функций $f(z)$ комплексных переменных $z=\left(z_{1}, \ldots, z_{n}\right)$ в области $d$ пространства $\mathbb{c}^{n}$, $n \geqslant 1$, что из любой последовательности функций из $s$ можно выделить подпоследовательность $\left\{f_{v}(z)\right\}$, равномерно сходящуюся внутри $d$ к аналитич. функции или к бесконечности. При этом, по определению, подпоследовательность $\left\{f_{v}(z)\right\}$ равномерно внутри $d$ сходится к бесконечности, если для любых компакта $k \subset D$ и тисла $m&gt;0$ можно указать такой номер $n==n(k, M)$, что $\left|f_{v}(z)\right|&gt;m$ для всех $v&gt;m, z \in K$.

Семейство $s$ наз. но р м а лы ны м с е ме й с тв о м в точке $z^{0} \in D$, если $s$ нормально в нек-ром шаре с центром $z^{0}$. Семейство $s$ нормально в области $d$ тогда и только тогда, когда оно нормально в каждой точке $z^{0} \in D$. Всякое компактное семейство голоморфыых функций является Н. с.; обратное заключение неверно (см. Компактности принцип). Если семейство $s$ голоморфных функций в области $d \subset \mathbb{C}^{n}$ таково, что ни одна из функций $f(z) \in S$ не принимает двух определенных значений, то $s$ есть Н. с. в $d$ (т е о р е м а М о н т е л я). Этот признак Н. с. значительно упрощает исследование аналитич. функций в окрестности $c y$ ицественно особой точки (см. также Пикара теорема).

Норма льное с ем е й с т во ме р омор фны х ф у н к и й в области $d \subset \mathbb{C}=\mathbb{C}^{1}$ определяется аналогично: $s$ есть Н. с. мероморфных функций в $d$, если из любой последовательности функций из $s$ можно выделить подпоследовательность $\left\{f_{v}(z)\right\}$, равномерно внутри $d$ сходящуюся к мероморфной функции $f(z)$ или к бесконечности. При этом, по определению, $\left\{f_{v}(z)\right\}$ равномерно внутри $d$ сходигся к $f(z)$ (случай $f(z) \equiv \infty$ включается), если для любых компакта $k \subset D$ и числа $\varepsilon&gt;0$ существуют номер $n=n(\varepsilon, K)$ и круг $b=b\left(z^{0}, r\right)$ радиуса $r=r(\varepsilon, K)$ с центром в јюбой точке $z^{0} \in K$ такие, что при $v&gt;n$ выполняется

\[
\left|f_{v}(z)-f(z)\right|&lt;\varepsilon, \quad z \in B
\]

гогда $f\left(z^{0}\right) \neq \infty$, или

\[
\left|\frac{1}{f_{v}(z)}-\frac{1}{f(z)}\right|&lt;\varepsilon, z \in B
\]

когда $f\left(z^{0}\right)=\infty$. Если семейство $s$ мероморфыных функций в области $d \subset \mathbb{C}$ таково, чэо ни одна из функций $f(z) \in S$ не принимает трех определенных значений, то $s$ есть Н. с. (т е о р е м а М о н т л л). Семейство $s$ мероморфыных функций есть H. с. в области $d \subset \mathbb{C}$ тогда и только тогда, когда

\[
\sup \{\rho(f(z)): f(z) \in S\}&lt;\infty
\]

на каждом компакте $k \subset D$, где

\[
\rho(f(z))=\frac{\left|f^{\prime}(z)\right|}{1+|f(z)|^{2}}
\]

- т. с. фе рическая производн а я ф ун к ц и и $f(\boldsymbol{z})$.

Начпная с 30-х гг. 20 в. Н. с. приобрели большое значение в исследованиях граничных свойств аналитических бункций (см. также Пгредельное множестєо, [3], [4]). Мероморфная функция $f(z)$ в односвязной области $d \subset \mathbb{C}$ наз. но $\mathbf{~ м ~ а ~ л ь н ~ о ~ и ̆ ~ ф ~ у н к ~ ц ~ и ~ е ~ и ̆ ~ в ~}$ о б л а с т і $d$, если семейство $\{f(\gamma(z))\}$ есть Н. с. в $d$; здесь $\vartheta(z)$ пробегает семейство всех конформных автоморфизмов области $d$. Функция $f(z)$ наз. н о р м а л ь-

![](https://cdn.mathpix.com/cropped/2023_07_08_133b8faa7b3b748ea589g-1.jpg?height=37&amp;width=836&amp;top_left_y=2026&amp;top_left_x=118)
она нормальна на универсальной накрываюпей поверхности $d$. Если мероморфная в $d$ функция $f(z)$ опускает три значения, то $f(z)$ - нормальная функция. Для того чтобы $f(z), f(z) \neq$ const, была нормальной в единичном круге $g=\{z \in \mathbb{C}:|z|&lt;1\}$, необходимо и достаточно, ттобы выполнялось условие

\[
\frac{\left|f^{\prime}(z)\right|}{1+|f(z)|^{2}}&lt;\frac{c}{1-|z|^{2}}, z \in G, c=c(f)=\text { const. }
\]

Для нормальной мероморффой функции $f(z)$ в единичном круге $g$ из существования асимптотического значения $\alpha$ в граничной точке $\zeta \in \Gamma=\{\zeta \in \mathbb{C}:|\zeta|=1\}$ следует, что $\alpha-$ угловое граничное значение $f(z)$ в $\xi$. Однако мероморфная нормальная функция в круге $g$ может и не иметь вовсе асимптотич. значений. Напротив, если $f(z)$ - голоморфоная нормальная функция в $g$, то даже угловые граничные значения существуют на множестве точек единичной окружности $г$, плотном на $\gamma$.

Лum.: [1] М о н т е л ь П., Нормальные семейства аналитических функций, пер. с франц., М.- Л., 1936; [2] М а р к ушї е в и ч А. И., Теория аналитических функций, 2 изд., т. 1 -2, М., 1967-68; [3] К о лл ли н г в у д Э., Л о в а т е p А., т е p A., в кн.: Итоги науки и техники. Математический анали, т. 10, М., 1973, с. 99-259.</text>
  <text_orig>а н а Л и т и ч $е$ с к и ф ун к ц й в о бл а с ти-такое семейство $S$ од- нозначных аналитич. Функций $f(z)$ комплексных переменных $z=\left(z_{1}, \ldots, z_{n}\right)$ в области $D$ пространства $\mathbb{C}^{n}$, $n \geqslant 1$, что из любой последовательности функций из $S$ можно выделить подпоследовательность $\left\{f_{v}(z)\right\}$, равномерно сходящуюся внутри $D$ к аналитич. функции или к бесконечности. При этом, по определению, подпоследовательность $\left\{f_{v}(z)\right\}$ равномерно внутри $D$ сходится к бесконечности, если для любых компакта $K \subset D$ и тисла $M&gt;0$ можно указать такой номер $N==N(K, M)$, что $\left|f_{v}(z)\right|&gt;M$ для всех $v&gt;M, z \in K$.

Семейство $S$ наз. но р м а лы ны м с е ме й с тв о м в точке $z^{0} \in D$, если $S$ нормально в нек-ром шаре с центром $z^{0}$. Семейство $S$ нормально в области $D$ тогда и только тогда, когда оно нормально в каждой точке $z^{0} \in D$. Всякое компактное семейство голоморфыых функций является Н. с.; обратное заключение неверно (см. Компактности принцип). Если семейство $S$ голоморфных функций в области $D \subset \mathbb{C}^{n}$ таково, что ни одна из функций $f(z) \in S$ не принимает двух определенных значений, то $S$ есть Н. с. в $D$ (т е о р е м а М о н т е л я). Этот признак Н. с. значительно упрощает исследование аналитич. функций в окрестности $c y$ ицественно особой точки (см. также Пикара теорема).

Норма льное с ем е й с т во ме р омор фны х ф у н к и й в области $D \subset \mathbb{C}=\mathbb{C}^{1}$ определяется аналогично: $S$ есть Н. с. мероморфных функций в $D$, если из любой последовательности функций из $S$ можно выделить подпоследовательность $\left\{f_{v}(z)\right\}$, равномерно внутри $D$ сходящуюся к мероморфной функции $f(z)$ или к бесконечности. При этом, по определению, $\left\{f_{v}(z)\right\}$ равномерно внутри $D$ сходигся к $f(z)$ (случай $f(z) \equiv \infty$ включается), если для любых компакта $K \subset D$ и числа $\varepsilon&gt;0$ существуют номер $N=N(\varepsilon, K)$ и круг $B=B\left(z^{0}, r\right)$ радиуса $r=r(\varepsilon, K)$ с центром в јюбой точке $z^{0} \in K$ такие, что при $v&gt;N$ выполняется

\[
\left|f_{v}(z)-f(z)\right|&lt;\varepsilon, \quad z \in B
\]

гогда $f\left(z^{0}\right) \neq \infty$, или

\[
\left|\frac{1}{f_{v}(z)}-\frac{1}{f(z)}\right|&lt;\varepsilon, z \in B
\]

когда $f\left(z^{0}\right)=\infty$. Если семейство $S$ мероморфыных функций в области $D \subset \mathbb{C}$ таково, чэо ни одна из функций $f(z) \in S$ не принимает трех определенных значений, то $S$ есть Н. с. (т е о р е м а М о н т л л). Семейство $S$ мероморфыных функций есть H. с. в области $D \subset \mathbb{C}$ тогда и только тогда, когда

\[
\sup \{\rho(f(z)): f(z) \in S\}&lt;\infty
\]

на каждом компакте $K \subset D$, где

\[
\rho(f(z))=\frac{\left|f^{\prime}(z)\right|}{1+|f(z)|^{2}}
\]

- т. с. фе рическая производн а я ф ун к ц и и $f(\boldsymbol{z})$.

Начпная с 30-х гг. 20 в. Н. с. приобрели большое значение в исследованиях граничных свойств аналитических бункций (см. также ПГредельное множестєо, [3], [4]). Мероморфная функция $f(z)$ в односвязной области $D \subset \mathbb{C}$ наз. но $\mathbf{~ м ~ а ~ л ь н ~ о ~ и ̆ ~ ф ~ у н к ~ ц ~ и ~ е ~ и ̆ ~ в ~}$ о б л а с т і $D$, если семейство $\{f(\gamma(z))\}$ есть Н. с. в $D$; здесь $\vartheta(z)$ пробегает семейство всех конформных автоморфизмов области $D$. Функция $f(z)$ наз. н о р м а л ь-

![](https://cdn.mathpix.com/cropped/2023_07_08_133b8faa7b3b748ea589g-1.jpg?height=37&amp;width=836&amp;top_left_y=2026&amp;top_left_x=118)
она нормальна на универсальной накрываюпей поверхности $D$. Если мероморфная в $D$ функция $f(z)$ опускает три значения, то $f(z)$ - нормальная функция. Для того чтобы $f(z), f(z) \neq$ const, была нормальной в единичном круге $G=\{z \in \mathbb{C}:|z|&lt;1\}$, необходимо и достаточно, ттобы выполнялось условие

\[
\frac{\left|f^{\prime}(z)\right|}{1+|f(z)|^{2}}&lt;\frac{c}{1-|z|^{2}}, z \in G, c=c(f)=\text { const. }
\]

Для нормальной мероморффой функции $f(z)$ в единичном круге $G$ из существования асимптотического значения $\alpha$ в граничной точке $\zeta \in \Gamma=\{\zeta \in \mathbb{C}:|\zeta|=1\}$ следует, что $\alpha-$ угловое граничное значение $f(z)$ в $\xi$. Однако мероморфная нормальная функция в круге $G$ может и не иметь вовсе асимптотич. значений. Напротив, если $f(z)$ - голоморфоная нормальная функция в $G$, то даже угловые граничные значения существуют на множестве точек единичной окружности $Г$, плотном на $\Gamma$.

Лum.: [1] М о н т е л ь П., Нормальные семейства аналитических функций, пер. с франц., М.- Л., 1936; [2] М а р к ушї е в и ч А. И., Теория аналитических функций, 2 изд., т. 1 -2, М., 1967-68; [3] К о лл ли н г в у д Э., Л о в а т е p А., т е p A., в кн.: Итоги науки и техники. Математический анали, т. 10, М., 1973, с. 99-259.</text_orig>
</article>
