<?xml version="1.0" ?>
<article uri="http://libmeta.ru/me/article/1061_GIІERGEOMETRIChESKAJa" alphabetic_pos="1061">
  <title>ГИІЕРГЕОМЕТРИЧЕСКАЯ ФУНТЕИЯ</title>
  <authors/>
  <pages>
    <start>502</start>
    <end>503</end>
  </pages>
  <literature>
    <literature_orig/>
  </literature>
  <formulas_main/>
  <formulas_aux/>
  <relations n="0"/>
  <text>А. Б. Иванов. гипергеометрического уравнения

\[
z(1-z) w^{\prime \prime}+[\gamma-(\alpha+\beta+1) z] w^{\prime}-\alpha \beta w=0 .
\]

Г. ф. может быть определена с помощью так наз. р яд а $\gamma$ а у с с а:

$f(\alpha, \beta ; \gamma ; z)={ }_{2} F_{1}(\alpha, \beta ; \gamma ; z)=F(\beta, \alpha ; \gamma ; z)=$

\[
\begin{gathered}
=\sum_{n=0}^{\infty} \frac{(\alpha)_{n}(\beta)_{n}}{(\gamma)_{n}} \frac{z^{n}}{n !}= \\
=\frac{\Gamma(\gamma)}{\Gamma(\alpha) \Gamma(\beta)} \sum_{n=0}^{\infty} \frac{\Gamma(\alpha+n) \Gamma(\beta+n)}{\Gamma(\gamma+n)} \frac{z^{n}}{n !},
\end{gathered}
\]

где $\alpha, \beta, \gamma$ - параметры, принимающие любые действительные или комплексные значения, кроме $\gamma=0$, $-1,-2, \ldots, z-$ комплексное переменное, $(x)_{n} \equiv x(x+$ $+1) \ldots(x+n-1)$. Функция $f(\alpha, \beta ; \gamma ; z)$ наз. г и п е рге оме т р ической фу ункцией 1 - го рода. Второе линейно независимое решение гипергеометрич. уравнения (1)

\[
\Phi(\alpha, \beta ; \gamma ; z)=
\]

$=\frac{\gamma(\alpha-\gamma+1) \Gamma(\beta-\gamma+1)}{\Gamma(\alpha) \Gamma(\beta) \Gamma(1-\gamma)} z^{1-\gamma} F(\alpha-\gamma+1, \beta-\gamma+1 ; 2-\gamma ; z)$ наз. ги пе р ге омет рической функци ей 2 - г о р о д а.

Ряд (2) сходится абсолютно и равномерно при $|z|&lt;1$; сходимость распространяется и на единичную окружность, если $\operatorname{re}(\alpha+\beta-\gamma)&lt;0 ;$ при $0 \leqslant \operatorname{Re}(\alpha+\beta-\gamma)&lt;1$ сходится во всех точках единичной окружности, кроме $z=1$. Однако существует аналитич. продолжение $\gamma$. ф. (2) во внешность единичной окружности $|z|&gt;1$ с разрезом $(1, \infty)$ (см. [1]). Функция $f(\alpha, \beta ; \gamma ; z)$ - однозначная аналитическая в комплексной плоскости $z$ с разрезом $(1, \infty)$. Если $\alpha$ или $\beta-$ нуль или целое отрицательное число, то ряд (2) обрывается на конечном числе членов и Г. Ф. представляет собой полином относительно $z$.

При $\gamma=-n, n=0,1,2, \ldots, \Gamma$. Ф. не определена, однако

\[
\begin{gathered}
\lim _{\gamma \rightarrow-n} \frac{F(\alpha, \beta ; \gamma ; z)}{F(\gamma)}= \\
=\frac{(\alpha)_{n+1}(\beta)_{n+1}}{(n+1) !} z^{n+1} F(\alpha+n+1, \beta+n+1 ; n+2 ; z) .
\end{gathered}
\]

Элементарны е с о отношения. Шесть функций

$f(\alpha \pm 1 ; \beta ; \gamma ; z), \quad F(\alpha, \beta \pm 1 ; \gamma ; z) \quad F(\alpha, \beta ; \gamma \pm 1 ; z)$ наз. смежными с $\gamma$. ф. $f(\alpha, \beta ; \gamma ; z)$. Между функцией $f(\alpha, \beta ; \gamma ; z)$ и любыми двумя смежными с ней существует линейная зависимость. Напр.,

\[
\begin{aligned}
\gamma F(\alpha, \beta-1 ; &amp; \gamma ; z)+(\alpha-\beta) z F(\alpha, \beta ; \gamma+1 ; z)= \\
&amp; =\gamma F(\alpha-1, \beta ; \gamma ; z) .
\end{aligned}
\]

15 формул такого тіпа впервые были найдены К. Гауссом (c. Gauss, см. [2], [3]). А с с оц и и р о в а нны е ф у нк ци и $f(\alpha+m, \beta+n ; \gamma+l ; z)$, где $m, n, l-$ целые числа, могут быть получены повторными применениями соотношений Гаусса. Имеют место формулы дифференцирования

\[
\frac{d^{n}}{d z^{n}} F(\alpha, \beta ; \gamma ; z)=\frac{(\alpha)_{n}(\beta)_{n}}{(\gamma)_{n}} F(\alpha+n, \beta+n ; \gamma+n ; z) .
\]

Уравнение (1) имеет 24 решения вида

\[
z^{\rho}(1-z)^{\sigma} F\left(\alpha^{\prime}, \beta^{\prime} ; \gamma^{\prime} ; z^{\prime}\right),
\]

где $\rho, \sigma, \alpha^{\prime}, \beta^{\prime}$ и $\gamma^{\prime}$ - линейные функции $\alpha, \beta$ I $\gamma$, $z$ и $z^{\prime}$ связаны дробно-линейным преобразованием. Любые три решения линейно зависимы (см. [2]). Существуют квадратичные, кубичные и более высокого порядка преобразования (см. [2] - [5]).

Основны е инте г р а льные пред с т а вле ни я. Если $\operatorname{re} \gamma&gt;\operatorname{Re} \beta&gt;0$ и $|\arg (1-z)|&lt;\pi$, то имеет место формула Эйлера:

\[
F(\alpha, \beta ; \gamma ; z)=
\]

\[
=\frac{\Gamma(\nu)}{\Gamma(\beta) \Gamma(\gamma-\beta)} \int_{0}^{1} t^{\beta-1}(1-t)^{\gamma-\beta-1}(1-t z)^{-\alpha} d t .
\]

Разлагая $(1-t z)^{-\alpha}$ в биномиальный ряд и применяя контурные интегралы для бета-функции, можно получить другие интегральные представления (см. [2]). Интеграл (3) и другие аналогичные формулы, определяющие аналитич. функцию от $z$, однозначную во всей плоскости $z$, также могут служить для аналитич. продолжения функции $f(\alpha, \beta ; \gamma ; z)$ в область $|\arg (-z)|&lt;\pi$. Существуют и другие аналитич. продолжения (см. $[1],[2])$.

А симптотическое пове дение при больших значениях $|z|$ полностью описывается с помощью формул, дающих аналитич. продолжение в окрестность точки $z=\infty$ (см. [1] - [3]). Если $\alpha, \beta, z-$ фиксированные числа и $|\gamma|$ достаточно велико, $|\arg \gamma|&lt;$ $&lt;\pi-\varepsilon, \varepsilon&gt;0$, то при $|z|&lt;1$ :

\[
F(\alpha, \beta ; \gamma ; z)=\sum_{k=0}^{n} \frac{(\alpha)_{k}(\beta)_{k}}{(\gamma)_{k}} \frac{z^{k}}{k !}+O\left(|\gamma|^{-n+1}\right) .
\]

При $|z|&gt;1$ имеется аналогичное выражение.

Для фиксированных $\alpha, \gamma$ и $z, \gamma \neq 0,-1,-2, \ldots$, $0&lt;|z|&lt;1$, и $\beta \rightarrow \infty,-\frac{3 \pi}{2}&lt;\arg \beta z&lt;\frac{\pi}{2}$,

\[
\begin{aligned}
&amp; F(\alpha, \beta ; \gamma ; z)=F\left(\alpha, \beta ; \gamma ; \frac{\beta z}{\beta}\right)= \\
&amp; =\left[\sum_{n=0}^{\infty} \frac{(\alpha)_{n}(\beta z)_{n}}{(\gamma)_{n} n !}\right]\left[1+O\left(|\beta|^{-1}\right)\right] .
\end{aligned}
\]

См. также [2], [5], [6].

П р е д с т а л ения фу ункций че ре $з$ ц. ф. Элементарные функции:

\[
\begin{gathered}
(1+z)^{n}=F(-n, 1 ; 1,-z), \\
\ln \frac{1+z}{1-z}=2 z F\left(\frac{1}{2}, 1 ; \frac{3}{2} ; z^{2}\right), \\
\ln (1+z)=z F(1,1 ; 2 ;-z), \\
e^{z}=\lim _{b \rightarrow \infty} F\left(1, b ; 1 ; \frac{z}{b}\right), \\
\arcsin z=z F\left(\frac{1}{2}, \frac{1}{2} ; \frac{3}{2} ; z^{2}\right), \\
\operatorname{arctg} z=z F\left(\frac{1}{2}, 1 ; \frac{3}{2} ;-z^{2}\right), \\
\sin n z=n \sin z F\left(\frac{1+n}{2}, \frac{1-n}{2} ; \frac{3}{2} ; \sin ^{2} z\right) ; \\
\cos n z=F\left(\frac{1}{2} n,-\frac{1}{2} n ; \frac{1}{2} ; \sin ^{2} z\right) ;
\end{gathered}
\]

полные эллиптич. интегралы 1-го и 2-го рода:

\[
\begin{aligned}
&amp; K(z)=\frac{\pi}{2} F\left(\frac{1}{2} ; \frac{1}{2} ; 1 ; z^{2}\right), \\
&amp; E(z)=\frac{\pi}{2} F\left(-\frac{1}{2}, \frac{1}{2} ; 1 ; z^{2}\right) ;
\end{aligned}
\]

присоединенные функции Лежандра:

\[
P_{n}^{m}(z)=\frac{(z+1)^{m / 2}}{(z-1)^{m / 2}} \frac{1}{\Gamma(1-m)} F\left(-n, n+1 ; 1-m ; \frac{1-z}{2}\right) ;
\] многочлены Чебышева:

\[
T_{n}(z)=F\left(-n, n ; \frac{1}{2} ; \frac{1-z}{2}\right) ;
\]

многочлены Лежандра:

\[
P_{n}(z)=F\left(-n, n+1 ; 1 ; \frac{1-z}{2}\right) ;
\]

ультрасферические многочлены:

\[
\frac{n !}{(2 a)_{n}} C_{n}^{(a)}(z)=F\left(-n, n+2 a ; a+\frac{1}{2} ; \frac{1-z}{2}\right) ;
\]

многочлены Якоби:

$\frac{n^{\prime}}{(a+1)_{n}} P_{n}^{(a, b)}(z)=F\left(-n, a+1+b+n ; a+1 ; \frac{1-z}{2}\right)$.

О б о б щ е ни я $г$. ф. Обобщенной $г$. ф.

\[
{ }_{p} F_{q}\left(\alpha_{1}, \alpha_{2}, \ldots, \alpha_{p} ; \gamma_{1}, \gamma_{2}, \ldots, \gamma_{q} ; z\right)=
\]\[
=\sum_{n=0}^{\infty} \frac{1}{n !} \frac{\left(\alpha_{1}\right)_{n}\left(\alpha_{2}\right)_{n} \cdots\left(\alpha_{p}\right)_{n}}{\left(\gamma_{1}\right)_{n}\left(\gamma_{2}\right)_{n} \cdots\left(\gamma_{q}\right)_{n}} z^{n}
\]

наз. решение гипергеометрич. уравнения $(q+1)$-го порядка (см. [2]). Имеются и другие обобщения Г. ф., напр., на случай многих переменных (см. [2]).

Jum.: [1] Л е б е д е в Н. Н., Специальные функции и их приложения, 2 изд., М.-Ј., $1963 ;[2]$ Б е й т м е н Г., Э р д е й и А., Высшие трансцендентные функции, [т. 1], пер. с И. М., Таблицы интегралов, сумм, рядов и произведений, 5 изд., M., 1971; [4] K u m m e r E. E., «j. reine und angew. Math.&quot;, 1835 , Bd 15 , S. $39-83,127-72$; [̇'5] Handbook of mathematical functions with formulas, graphs and mathematical tables, N. Y., functions with formulas, graphs and mathematical tables, N. Y., временного анализа, ч. 2 , Трансцендентные функции, пер. с англ., 2 изд., М., 1963; [7] Л е б е д е в А. В., Ф е д оро в а P. М., Справочник по математическим таблицам, М., $1956 ;$ [8] Б у р у н о в а H. М., Справочник по математическим таблицам, М., 1959, доп. 1; [9] An index of mathematical tables, 2 ed., v. 1, 2, Oxford, 1962 .</text>
  <text_orig>А. Б. Иванов. гипергеометрического уравнения

\[
z(1-z) w^{\prime \prime}+[\gamma-(\alpha+\beta+1) z] w^{\prime}-\alpha \beta w=0 .
\]

Г. ф. может быть определена с помощью так наз. р яд а $\Gamma$ а у с с а:

$F(\alpha, \beta ; \gamma ; z)={ }_{2} F_{1}(\alpha, \beta ; \gamma ; z)=F(\beta, \alpha ; \gamma ; z)=$

\[
\begin{gathered}
=\sum_{n=0}^{\infty} \frac{(\alpha)_{n}(\beta)_{n}}{(\gamma)_{n}} \frac{z^{n}}{n !}= \\
=\frac{\Gamma(\gamma)}{\Gamma(\alpha) \Gamma(\beta)} \sum_{n=0}^{\infty} \frac{\Gamma(\alpha+n) \Gamma(\beta+n)}{\Gamma(\gamma+n)} \frac{z^{n}}{n !},
\end{gathered}
\]

где $\alpha, \beta, \gamma$ - параметры, принимающие любые действительные или комплексные значения, кроме $\gamma=0$, $-1,-2, \ldots, z-$ комплексное переменное, $(x)_{n} \equiv x(x+$ $+1) \ldots(x+n-1)$. Функция $F(\alpha, \beta ; \gamma ; z)$ наз. г и п е рге оме т р ической фу ункцией 1 - го рода. Второе линейно независимое решение гипергеометрич. уравнения (1)

\[
\Phi(\alpha, \beta ; \gamma ; z)=
\]

$=\frac{\Gamma(\alpha-\gamma+1) \Gamma(\beta-\gamma+1)}{\Gamma(\alpha) \Gamma(\beta) \Gamma(1-\gamma)} z^{1-\gamma} F(\alpha-\gamma+1, \beta-\gamma+1 ; 2-\gamma ; z)$ наз. ги пе р ге омет рической функци ей 2 - г о р о д а.

Ряд (2) сходится абсолютно и равномерно при $|z|&lt;1$; сходимость распространяется и на единичную окружность, если $\operatorname{Re}(\alpha+\beta-\gamma)&lt;0 ;$ при $0 \leqslant \operatorname{Re}(\alpha+\beta-\gamma)&lt;1$ сходится во всех точках единичной окружности, кроме $z=1$. Однако существует аналитич. продолжение $\Gamma$. ф. (2) во внешность единичной окружности $|z|&gt;1$ с разрезом $(1, \infty)$ (см. [1]). Функция $F(\alpha, \beta ; \gamma ; z)$ - однозначная аналитическая в комплексной плоскости $z$ с разрезом $(1, \infty)$. Если $\alpha$ или $\beta-$ нуль или целое отрицательное число, то ряд (2) обрывается на конечном числе членов и Г. Ф. представляет собой полином относительно $z$.

При $\gamma=-n, n=0,1,2, \ldots, \Gamma$. Ф. не определена, однако

\[
\begin{gathered}
\lim _{\gamma \rightarrow-n} \frac{F(\alpha, \beta ; \gamma ; z)}{F(\gamma)}= \\
=\frac{(\alpha)_{n+1}(\beta)_{n+1}}{(n+1) !} z^{n+1} F(\alpha+n+1, \beta+n+1 ; n+2 ; z) .
\end{gathered}
\]

Элементарны е с о отношения. Шесть функций

$F(\alpha \pm 1 ; \beta ; \gamma ; z), \quad F(\alpha, \beta \pm 1 ; \gamma ; z) \quad F(\alpha, \beta ; \gamma \pm 1 ; z)$ наз. смежными с $\Gamma$. ф. $F(\alpha, \beta ; \gamma ; z)$. Между функцией $F(\alpha, \beta ; \gamma ; z)$ и любыми двумя смежными с ней существует линейная зависимость. Напр.,

\[
\begin{aligned}
\gamma F(\alpha, \beta-1 ; &amp; \gamma ; z)+(\alpha-\beta) z F(\alpha, \beta ; \gamma+1 ; z)= \\
&amp; =\gamma F(\alpha-1, \beta ; \gamma ; z) .
\end{aligned}
\]

15 формул такого тіпа впервые были найдены К. Гауссом (C. Gauss, см. [2], [3]). А с с оц и и р о в а нны е ф у нк ци и $F(\alpha+m, \beta+n ; \gamma+l ; z)$, где $m, n, l-$ целые числа, могут быть получены повторными применениями соотношений Гаусса. Имеют место формулы дифференцирования

\[
\frac{d^{n}}{d z^{n}} F(\alpha, \beta ; \gamma ; z)=\frac{(\alpha)_{n}(\beta)_{n}}{(\gamma)_{n}} F(\alpha+n, \beta+n ; \gamma+n ; z) .
\]

Уравнение (1) имеет 24 решения вида

\[
z^{\rho}(1-z)^{\sigma} F\left(\alpha^{\prime}, \beta^{\prime} ; \gamma^{\prime} ; z^{\prime}\right),
\]

где $\rho, \sigma, \alpha^{\prime}, \beta^{\prime}$ и $\gamma^{\prime}$ - линейные функции $\alpha, \beta$ I $\gamma$, $z$ и $z^{\prime}$ связаны дробно-линейным преобразованием. Любые три решения линейно зависимы (см. [2]). Существуют квадратичные, кубичные и более высокого порядка преобразования (см. [2] - [5]).

Основны е инте г р а льные пред с т а вле ни я. Если $\operatorname{Re} \gamma&gt;\operatorname{Re} \beta&gt;0$ и $|\arg (1-z)|&lt;\pi$, то имеет место формула Эйлера:

\[
F(\alpha, \beta ; \gamma ; z)=
\]

\[
=\frac{\Gamma(\nu)}{\Gamma(\beta) \Gamma(\gamma-\beta)} \int_{0}^{1} t^{\beta-1}(1-t)^{\gamma-\beta-1}(1-t z)^{-\alpha} d t .
\]

Разлагая $(1-t z)^{-\alpha}$ в биномиальный ряд и применяя контурные интегралы для бета-функции, можно получить другие интегральные представления (см. [2]). Интеграл (3) и другие аналогичные формулы, определяющие аналитич. функцию от $z$, однозначную во всей плоскости $z$, также могут служить для аналитич. продолжения функции $F(\alpha, \beta ; \gamma ; z)$ в область $|\arg (-z)|&lt;\pi$. Существуют и другие аналитич. продолжения (см. $[1],[2])$.

А симптотическое пове дение при больших значениях $|z|$ полностью описывается с помощью формул, дающих аналитич. продолжение в окрестность точки $z=\infty$ (см. [1] - [3]). Если $\alpha, \beta, z-$ фиксированные числа и $|\gamma|$ достаточно велико, $|\arg \gamma|&lt;$ $&lt;\pi-\varepsilon, \varepsilon&gt;0$, то при $|z|&lt;1$ :

\[
F(\alpha, \beta ; \gamma ; z)=\sum_{k=0}^{n} \frac{(\alpha)_{k}(\beta)_{k}}{(\gamma)_{k}} \frac{z^{k}}{k !}+O\left(|\gamma|^{-n+1}\right) .
\]

При $|z|&gt;1$ имеется аналогичное выражение.

Для фиксированных $\alpha, \gamma$ и $z, \gamma \neq 0,-1,-2, \ldots$, $0&lt;|z|&lt;1$, и $\beta \rightarrow \infty,-\frac{3 \pi}{2}&lt;\arg \beta z&lt;\frac{\pi}{2}$,

\[
\begin{aligned}
&amp; F(\alpha, \beta ; \gamma ; z)=F\left(\alpha, \beta ; \gamma ; \frac{\beta z}{\beta}\right)= \\
&amp; =\left[\sum_{n=0}^{\infty} \frac{(\alpha)_{n}(\beta z)_{n}}{(\gamma)_{n} n !}\right]\left[1+O\left(|\beta|^{-1}\right)\right] .
\end{aligned}
\]

См. также [2], [5], [6].

П р е д с т а л ения фу ункций че ре $з$ ц. ф. Элементарные функции:

\[
\begin{gathered}
(1+z)^{n}=F(-n, 1 ; 1,-z), \\
\ln \frac{1+z}{1-z}=2 z F\left(\frac{1}{2}, 1 ; \frac{3}{2} ; z^{2}\right), \\
\ln (1+z)=z F(1,1 ; 2 ;-z), \\
e^{z}=\lim _{b \rightarrow \infty} F\left(1, b ; 1 ; \frac{z}{b}\right), \\
\arcsin z=z F\left(\frac{1}{2}, \frac{1}{2} ; \frac{3}{2} ; z^{2}\right), \\
\operatorname{arctg} z=z F\left(\frac{1}{2}, 1 ; \frac{3}{2} ;-z^{2}\right), \\
\sin n z=n \sin z F\left(\frac{1+n}{2}, \frac{1-n}{2} ; \frac{3}{2} ; \sin ^{2} z\right) ; \\
\cos n z=F\left(\frac{1}{2} n,-\frac{1}{2} n ; \frac{1}{2} ; \sin ^{2} z\right) ;
\end{gathered}
\]

полные эллиптич. интегралы 1-го и 2-го рода:

\[
\begin{aligned}
&amp; K(z)=\frac{\pi}{2} F\left(\frac{1}{2} ; \frac{1}{2} ; 1 ; z^{2}\right), \\
&amp; E(z)=\frac{\pi}{2} F\left(-\frac{1}{2}, \frac{1}{2} ; 1 ; z^{2}\right) ;
\end{aligned}
\]

присоединенные функции Лежандра:

\[
P_{n}^{m}(z)=\frac{(z+1)^{m / 2}}{(z-1)^{m / 2}} \frac{1}{\Gamma(1-m)} F\left(-n, n+1 ; 1-m ; \frac{1-z}{2}\right) ;
\] многочлены Чебышева:

\[
T_{n}(z)=F\left(-n, n ; \frac{1}{2} ; \frac{1-z}{2}\right) ;
\]

многочлены Лежандра:

\[
P_{n}(z)=F\left(-n, n+1 ; 1 ; \frac{1-z}{2}\right) ;
\]

ультрасферические многочлены:

\[
\frac{n !}{(2 a)_{n}} C_{n}^{(a)}(z)=F\left(-n, n+2 a ; a+\frac{1}{2} ; \frac{1-z}{2}\right) ;
\]

многочлены Якоби:

$\frac{n^{\prime}}{(a+1)_{n}} P_{n}^{(a, b)}(z)=F\left(-n, a+1+b+n ; a+1 ; \frac{1-z}{2}\right)$.

О б о б щ е ни я $Г$. ф. Обобщенной $Г$. ф.

\[
{ }_{p} F_{q}\left(\alpha_{1}, \alpha_{2}, \ldots, \alpha_{p} ; \gamma_{1}, \gamma_{2}, \ldots, \gamma_{q} ; z\right)=
\]\[
=\sum_{n=0}^{\infty} \frac{1}{n !} \frac{\left(\alpha_{1}\right)_{n}\left(\alpha_{2}\right)_{n} \cdots\left(\alpha_{p}\right)_{n}}{\left(\gamma_{1}\right)_{n}\left(\gamma_{2}\right)_{n} \cdots\left(\gamma_{q}\right)_{n}} z^{n}
\]

наз. решение гипергеометрич. уравнения $(q+1)$-го порядка (см. [2]). Имеются и другие обобщения Г. ф., напр., на случай многих переменных (см. [2]).

Jum.: [1] Л е б е д е в Н. Н., Специальные функции и их приложения, 2 изд., М.-Ј., $1963 ;[2]$ Б е й т м е н Г., Э р д е й и А., Высшие трансцендентные функции, [т. 1], пер. с И. М., Таблицы интегралов, сумм, рядов и произведений, 5 изд., M., 1971; [4] K u m m e r E. E., «J. reine und angew. Math.&quot;, 1835 , Bd 15 , S. $39-83,127-72$; [̇'5] Handbook of mathematical functions with formulas, graphs and mathematical tables, N. Y., functions with formulas, graphs and mathematical tables, N. Y., временного анализа, ч. 2 , Трансцендентные функции, пер. с англ., 2 изд., М., 1963; [7] Л е б е д е в А. В., Ф е д оро в а P. М., Справочник по математическим таблицам, М., $1956 ;$ [8] Б у р у н о в а H. М., Справочник по математическим таблицам, М., 1959, доп. 1; [9] An index of mathematical tables, 2 ed., v. 1, 2, Oxford, 1962 .</text_orig>
</article>
