<?xml version="1.0" ?>
<article uri="http://libmeta.ru/me/article/1062_GIІERGEOMETRIChESKIJ" alphabetic_pos="1062">
  <title>ГИІЕРГЕОМЕТРИЧЕСКИЙ РЯД</title>
  <authors/>
  <pages>
    <start>503</start>
    <end>503</end>
  </pages>
  <literature>
    <literature_orig/>
  </literature>
  <formulas_main/>
  <formulas_aux/>
  <relations n="0"/>
  <text>р я д $\gamma$ а у с с а,ряд вида

\[
F(\alpha, \beta ; \gamma ; z)=
\]

$=1+\sum_{n=1}^{\infty} \frac{\alpha(\alpha+1) \ldots(\alpha+n-1) \beta(\beta+1) \ldots(\beta+n-1)}{n ! \gamma(\gamma+1) \ldots(\gamma+n-1)} z^{n} \cdot(*)$

Г. р. имеет смысл, если $\gamma$ не равно нулю или целому отрицательному числу; он сходится при $|z|&lt;1$. Если, кроме того, $\operatorname{re}(\gamma-\alpha-\beta)&gt;0$, то $\gamma$. р. сходится и при $z=1$. В этом случае справедлива ф о р м у л а $\gamma$ а у с с а

\[
F(\alpha, \beta ; \gamma ; 1)=\frac{\Gamma(\gamma) \Gamma(\gamma-\alpha-\beta)}{\Gamma(\gamma-\alpha) \Gamma(\gamma-\beta)}
\]

где $\gamma(z)$ - гамма-функция. Аналитич. функция, определяемая с помощью Г. р., наз. гипергеометрической функцией.

Обобшенным г и пе р ге оме т ри ч е ск и м р я д о наз. ряд вида

\[
\begin{gathered}
p^{F_{q}}\left(\alpha_{1}, \alpha_{2}, \ldots, \alpha_{p} ; \gamma_{1}, \gamma_{2}, \ldots, \gamma_{q} ; z\right)= \\
=\sum_{n=0}^{\infty} \frac{1}{n !} \frac{\left(\alpha_{1}\right)_{n}\left(\alpha_{2}\right)_{n} \ldots\left(\alpha_{p}\right)_{n}}{\left(\gamma_{1}\right)_{n}\left(\gamma_{2}\right)_{n} \cdots\left(\gamma_{q}\right)_{n}} z^{n},
\end{gathered}
\]

где $(x)_{n} \equiv x(x+1) \ldots(x+n-1)$. В этих обозначения ряд (:) записывается как ${ }_{2} F_{1}(\alpha, \beta ; \gamma ; z)$. Э. А. Чистова.</text>
  <text_orig>р я д $\Gamma$ а у с с а,ряд вида

\[
F(\alpha, \beta ; \gamma ; z)=
\]

$=1+\sum_{n=1}^{\infty} \frac{\alpha(\alpha+1) \ldots(\alpha+n-1) \beta(\beta+1) \ldots(\beta+n-1)}{n ! \gamma(\gamma+1) \ldots(\gamma+n-1)} z^{n} \cdot(*)$

Г. р. имеет смысл, если $\gamma$ не равно нулю или целому отрицательному числу; он сходится при $|z|&lt;1$. Если, кроме того, $\operatorname{Re}(\gamma-\alpha-\beta)&gt;0$, то $\Gamma$. р. сходится и при $z=1$. В этом случае справедлива ф о р м у л а $\Gamma$ а у с с а

\[
F(\alpha, \beta ; \gamma ; 1)=\frac{\Gamma(\gamma) \Gamma(\gamma-\alpha-\beta)}{\Gamma(\gamma-\alpha) \Gamma(\gamma-\beta)}
\]

где $\Gamma(z)$ - гамма-функция. Аналитич. функция, определяемая с помощью Г. р., наз. гипергеометрической функцией.

Обобшенным г и пе р ге оме т ри ч е ск и м р я д о наз. ряд вида

\[
\begin{gathered}
p^{F_{q}}\left(\alpha_{1}, \alpha_{2}, \ldots, \alpha_{p} ; \gamma_{1}, \gamma_{2}, \ldots, \gamma_{q} ; z\right)= \\
=\sum_{n=0}^{\infty} \frac{1}{n !} \frac{\left(\alpha_{1}\right)_{n}\left(\alpha_{2}\right)_{n} \ldots\left(\alpha_{p}\right)_{n}}{\left(\gamma_{1}\right)_{n}\left(\gamma_{2}\right)_{n} \cdots\left(\gamma_{q}\right)_{n}} z^{n},
\end{gathered}
\]

где $(x)_{n} \equiv x(x+1) \ldots(x+n-1)$. В этих обозначения ряд (:) записывается как ${ }_{2} F_{1}(\alpha, \beta ; \gamma ; z)$. Э. А. Чистова.</text_orig>
</article>
