<?xml version="1.0" ?>
<article uri="http://libmeta.ru/me/article/1062_REKURSI" alphabetic_pos="1062">
  <title>РЕКУРСИЯ</title>
  <authors/>
  <pages>
    <start>482</start>
    <end>484</end>
  </pages>
  <literature>
    <literature_orig/>
  </literature>
  <formulas_main/>
  <formulas_aux/>
  <relations n="0"/>
  <text>способ определения функций, являющийся объектом изучения в теории алгоритмов и других разделах математич. логики. Этот способ давно применяется в арифметике для определения числовых последовательностей (прогрессии, чисел Фибоначчи и пр.). Существенную роль играет Р. в вычислительной математике (рекуррөнтные методы). Наконец, в теории множеств часто используется трансфинитная $\mathrm{p}$.

Долгое время термин «р.» употреблялся математиками, не будучи точно определенным. Его приблизительный интуитивный смысл можно описать следующим образом. Значение искомой функции $f$ в произвольной точке $\bar{x}$ (под точкой подразумевается набор значений аргументов) определяется, вообще говоря, через значения этой же функции в других точках $\bar{y}$, к-рые в каком-то смысле «предшествуют» $\bar{x}$. (само слово &quot;рекурсия&quot; означает «возвращение».) Конечно, в нек-рых «исходных» точках значения $f$ должны задаваться непосредственно. Иногда при помощи Р. определяются однов ременно несколько функций; тогда вышеприведенные разъяснения нуждаются в соответствующей мо- дификации. Примеры разнообразных Р. будут даны ниже. Отношение $« \bar{x}_{1}$ предшествует $\bar{x}_{2} »$ (где $\bar{x}_{1}, \overline{x_{2}}$ принадлежат области определения искомой функции) в разных видах Р. («рекурсивных схемах») может иметь разный смысл, однако оно должно быть «фундированным» (т. е. не должно существовать бесконечноі̆ последовательности точек $\bar{x}_{n}, n=0,1,2,$. ., такой, что $\bar{x}_{n+1}$ предшествует $\left.\bar{x}_{n}\right)$. К Һроме того, неявно подразумевается, что оно является &quot;достаточно естественным&quot; (напр., желатөльно, чтобы әто отношение усматривалось из самого описания рекурсивной схемы, а не из процесса ее применения). Последнее условие имеет чисто эвристич. значение (напр., для определения какихнибудь специальных, сравнительно простых видов Р.). Уточнение этого условия по существу неотделимо от уточнения самого понятия P., а для әтого необходимо установить, какого рода формальные выражения могут быть признаны в качестве рекурсивных определений.

В тех случаях, когда речь идет о рекурсивных описаниях числовых функций (т. е. Функций от натуральных аргументов и с натуральными значениями), обычно подразумевается, что такие описания задают способ вычисления определяемых функций. Ниже всгоду (кроме заключительных замечаний) термин «р.» будет пониматься именно в таком смысле. Простейшей и наиболсе употребительной рекурсивной схемой является п р ими т и вна я P.:

\[
f\left(0, x_{1}, \ldots, x_{n}\right)=g\left(x_{1}, \ldots, x_{n}\right),
\]

$f\left(y+1, x_{1}, \ldots, x_{n}\right)=h\left(y, f\left(y, x_{1}, \ldots, x_{n}\right), x_{1}, \ldots, x_{n}\right)$, где функции $g, h$ предполагаются известными, $f-$ определяемая функция, $y$ - переменная, по к-рой ведется Р., $x_{1}, \ldots, x_{n}$ - гараметры, не участвующие в Р. Ближайшим обобщением әтой схемы является т. н. в о з в р а т н я Р., охватывающая такие виды рекурсивных определений, у к-рых, подобно примитивной Р., только одна переменная участвует в $\mathrm{p}_{.}$, а соответствующее отношение предшествования совпадает с обычным упорядочением натуральных чисел (иногда, впрочем, әтот термин употребляется и в более широком смысле). Наиболее типичная разновидность в 03 в р а тн о й Р. такова:

\[
\begin{gathered}
f\left(0, x_{1}, \ldots, x_{n}\right)=g\left(x_{1}, \ldots, x_{n}\right), \\
f\left(y+1, x_{1}, \ldots, x_{n}\right)=
\end{gathered}
\]\[
=h\left(y, f\left(\alpha_{1}(y), x_{1}, \ldots, x_{n}\right), \ldots, f\left(\alpha_{k}(y), x_{1}, \ldots, x_{n}\right)\right. \text {, }
\]\[
\left.x_{1}, \ldots, x_{n}\right) \text {, }
\]

где $\alpha_{i}(y) \leqslant y, \quad i=1, \ldots ., k$. Представляет интерес тот факт, что возвратную Р. можно заменить конечным тислом примитивных Р. и подстановок. Другой пример рекурсивной схемы, сводящейся к примитивної $\mathrm{p}$., дает о д н о в р е м е н н а я Р. вида

$f_{i}\left(0, x_{1}, \ldots, x_{n}\right)=g_{i}\left(x_{1}, \ldots, x_{n}\right)$,

$f_{i}\left(y+1, x_{1}, \ldots, x_{n}\right)=$

$=h_{i}\left(y, f_{1}\left(y, x_{1}, \ldots, x_{n}\right), \ldots, f_{k}\left(y, x_{1}, \ldots, x_{n}\right)\right.$,

$\left.x_{1}, \ldots, x_{n}\right)$,

где $i=1, \ldots, k$. Математич. логика часто имеет дело с п р и м и т ивно ре к у р с ивны ми фу нкция м и, т. е. с такими, к-рые можно получить за конечное число шагов при помощи подстановок и примитивных Р., исходя из нек-рого фиксированного запаса совсем простых функций (вапр., $f(x)=x+1, f(x, y)=y$ и т. п.).

Последовательность функциональных равенств, описывающая такое построение, наз. п р и м и т и в н о р е к у р с и в ны м о п и с а н и е м соответствующей функции. Эти описания суть синтаксич. объекты (т. е. цешочки символов), обладающие определенной эфффективно распознаваемой структурой. Практически все тисловые функции, употребляемыс в математике по какому-либо конкретному поводу, оказываются примитивно рекурсивными. Этим в значительной мере объясняется интерес к данному классу функций.

Более слояныые виды рекурсивных определений полутаются, когда Р. идет сразу по нескольким персменным. Такие определения, вообще говоря, выводят из класса примитивно рекурсивных функций, хотя соответствующее отношение предшествования может выглядеть как вполне естественное. Напр., в определении $f(x, y)$ могут участвовать значения $f(u, v)$, где $u&lt;x$ или $u=x$, $v&lt;y$, как это имеет место в следующей схеме д в ук р а т н о й P.:

\[
\begin{gathered}
f(x, y)=g(x, y), \text { если } x=0 \text { или } y=0, \\
\quad f(x+1, y+1)= \\
=h(x, y, f(x, \alpha(x, y, f(x+1, y))), f(x+1, y)) .
\end{gathered}
\]

Эта схема уже не сводится к примитивной $\mathrm{p}$. С другой стороны, к ней сводимы многие более сложные рекурсивные определения (см. [1]).

Перечисленные частные виды Р. имеют тотные математич. определения - в отличие от расплывчатых «около математических&quot; представлений о &quot;рекурсии вообще». Уточнение этих представлений естественно мыслить как отыскание подходящего алгоритмич. языка (т. е. формального языка для описания вычислительных процедур), включающего все вообразимые виды Р., но и не слишком широкого. Правомерно ожидать, что выработка такого уточнения может потребовать дополнительных соглашений, вносящих нечто новое в интуитивное понимание Р. В этой связи небезинтересно отметить, что все рассмотренные выше рекурсивные схемы ориентированы на порождение тотальных (всюду определенных) функций. Так, если в схеме примитивной рекурсии $g, h$ тотальны, то такова же и $f$. И вообще, рекурсивные определения, задающие частичные функции, с интуитивной точки зрения выглядят несколько искусственно. Однако есть причины привлечь такие Р. к рассмотрению. Это связано с т. н. Д и а $\mathbf{r}$ oна л ь ны м ме т о д о м. Именно, пусть дан алгоритмич. язык $l$, в к-ром определимы лишь тотальные функции, и пусть синтаксич. конструкции $l$ не выводят за пределы интуитивно понимаемой рекурсивности. Конечно подразумевается, что выражения языка $l$ (являющиеся описаниями функций) алгоритмически распознаваемы и что имеется единообразный способ вычисления функций, представимых в $l$, по их описаниям. Если рассматривать выражения в $l$ просто как цепочки символов, то каждую такую цепочку можно считать изображением натурального числа в подходящей системе счисления, являющегося «кодом» данного выражения. Пусть теперь функция $g(m, x)$ определена так. Если $m$ есть код описания (в языке $l$ ) нек-рой одноместной функции $f_{m}$, то $g(m, x)=f_{m}(x)$. В противном случае $g(m, x)=\varphi(x)$, где $\varphi$ - какаянибудь фиксированная функция, представимая в $l$. Ясно, что $g(m, x)$ вычислима и тотальна и такова же функция $f(x)=g(x, x)+1$. Но $f$ невыразима в $l$, ибо ни при каком $m$ невозможно равенство $f(m)=f_{m}(m)$. (в этом рассуждении существенно использована тотальность $f$.) Возникает вопрос: является ли данное описание $f$ рекурсивным? Если в качестве $l$ взять язык примитивно рекурсивных описаний, то оно окавывается сводимым к двукратной Р. В общем случае ситуация неясна из-за расплывчатости интуитивных представлений о Р., так что положительный ответ на поставленный вопрос представляет собой дополнительное соглашение. Если принять его (как это неявно делает современная логика), то язык $l$, описывающий в точности все виды «тотальной» Р., оказывается невозможным. Между тем, если в $l$ выразимы также частичные функции (и іх описания признаются рекурсивными), то диагонализация не обязательно выводит әа пределы $l$, так что такой язык в принципе может быть пригодным для адекватного уточнения рекурсивности. Правда, это связано с нек-рым переосмыслением самого понятия Р., и современное строгое определение этого понятия не вполне согласовано с имевшимися ранее интуитивными представлениями. В новом уточненном смысле Р. есть нек-рая синтаксич. операция (с фиксированной интерпретацией), употребляемая для построения выражений̈ в различных алгоритмич. языках. Если $l$-один из таких языков, то естественно предполагать, что в нем есть и другие синтаксич. операции, от к-рых зависит конкретный вид рекурсивных описаний в $l$. Вообще говоря, выражения языка $l$ не обязательно описывают только числовые функции. Нек-рые из них могут задавать функциональные операторы и другие объекты. Это нужно, в частности, для определения Р. Рекурсивные описания в $l$ - это системы функциональных уравнений вида $f_{i}=t_{i}\left(f_{1}, \ldots, f_{n}\right), i=1, \ldots, n$, где $f_{i}$ - определяемые функции, а $t_{i}$ - выражения в $l$, задающие в совокупности нек-рый оператор. Но все выразимые в $l$ операторы должны быть эффективными (поскольку $l$ - алгоритмич. язык) и потому монотонными (т. е. они сохраняют отношение $\varphi \prec \psi$, означающее, что $\psi$ доопределяет $\varphi)$. В силу этого всякая система указанного вида обладает минимальным (в смысле от亡்шения 孔) решением и, по определению, является рекурсивным описанием функций, составляющих әто решение. Исходя из данного описания, искомое минимальное решение можно получить посредством следующего процесса. Для $i=1, \ldots, n$ пусть $f_{i}^{0}$ - нигде не определенная функция и $f_{i}^{k+1}=t_{i}\left(f_{1}^{k}, \ldots, f_{n}^{k}\right)$, так что $f_{i}^{k}$ З $f_{i}^{k+1}$. Нетрудно убедиться, что искомые функции $f_{i}$ получаются «объединением» $f_{i}^{k}(k=0,1,2, \ldots)$. Тем самым задан способ совместного вычисления $f_{i}$. Этот же процесс задает более или менее естественное отношение предіпествования на аргументах, к-рое и оправдывает (в удовлетворительной мере) употребление термина «р.» в данної̈ связи.

Для того чтобы приведенные ранее рекурсивные схемы подходили под такое определение, необходимо, чтобы язык $l$ был не слишком беден. Так, уже в случае примитивной Р. нужны подстановка и «кусочное» определение (т.е. задание функции несколькими равенствами). Вместе с тем этих двух синтаксич. операций, в сочетании с только что определенной Р., уже достаточно для получения всех вычислимых функций (исходя из простейших). При соответствующих предположениях об $l$ можно также достаточно уверенно утверждать, что данное определение Р. охватывает все интуитивно мыслимые рекурсивные описания. В то же время введенное общее определение обладает характерными чертами неформально понимаемой рекурсивности, к-рые признаются существенными в современной математике.

Плодотворность данного определения Р. заключается не только в его значении для теории алгоритмов, но и в том, что оно позволяет взглянуть с «алгоритмической» (в обобщенном смысле) точки зрения также и на нек-рые конструкции абстрактной математики, имеющие определенное сходство с «числовыми» Р. (трансфинитная Р., индуктивные определения, рекурсивные иерархии И Т. П.).

Лит.: [1] П е т е р Р., Рекурсивные функции, пер. с нем., М., 1954; [2] М а льц е в А. И., Алгоритмы и рекурсивные функции, М., 1965; [3] У с п е н с ки й В. А., Јекции о вычислимых функциях, М., 1960; [4] К л и н и С. К., Введение в метаматематику, пер. с англ., M., 1957; [5] M о s c h o v a k i s Y. N;, Elementary induction on abstract structures, Amst.,- [a. o ], 1974.

H. B, Белякин.</text>
  <text_orig>способ определения функций, являющийся объектом изучения в теории алгоритмов и других разделах математич. логики. Этот способ давно применяется в арифметике для определения числовых последовательностей (прогрессии, чисел Фибоначчи и пр.). Существенную роль играет Р. в вычислительной математике (рекуррөнтные методы). Наконец, в теории множеств часто используется трансфинитная $\mathrm{P}$.

Долгое время термин «Р.» употреблялся математиками, не будучи точно определенным. Его приблизительный интуитивный смысл можно описать следующим образом. Значение искомой функции $f$ в произвольной точке $\bar{x}$ (под точкой подразумевается набор значений аргументов) определяется, вообще говоря, через значения этой же функции в других точках $\bar{y}$, к-рые в каком-то смысле «предшествуют» $\bar{x}$. (Само слово &quot;рекурсия&quot; означает «возвращение».) Конечно, в нек-рых «Исходных» точках значения $f$ должны задаваться непосредственно. Иногда при помощи Р. определяются однов ременно несколько функций; тогда вышеприведенные разъяснения нуждаются в соответствующей мо- дификации. Примеры разнообразных Р. будут даны ниже. Отношение $« \bar{x}_{1}$ предшествует $\bar{x}_{2} »$ (где $\bar{x}_{1}, \overline{x_{2}}$ принадлежат области определения искомой функции) в разных видах Р. («рекурсивных схемах») может иметь разный смысл, однако оно должно быть «фундированным» (т. е. не должно существовать бесконечноі̆ последовательности точек $\bar{x}_{n}, n=0,1,2,$. ., такой, что $\bar{x}_{n+1}$ предшествует $\left.\bar{x}_{n}\right)$. К Һроме того, неявно подразумевается, что оно является &quot;достаточно естественным&quot; (напр., желатөльно, чтобы әто отношение усматривалось из самого описания рекурсивной схемы, а не из процесса ее применения). Последнее условие имеет чисто эвристич. значение (напр., для определения какихнибудь специальных, сравнительно простых видов Р.). Уточнение этого условия по существу неотделимо от уточнения самого понятия P., а для әтого необходимо установить, какого рода формальные выражения могут быть признаны в качестве рекурсивных определений.

В тех случаях, когда речь идет о рекурсивных описаниях числовых функций (т. е. Функций от натуральных аргументов и с натуральными значениями), обычно подразумевается, что такие описания задают способ вычисления определяемых функций. Ниже всгоду (кроме заключительных замечаний) термин «Р.» будет пониматься именно в таком смысле. Простейшей и наиболсе употребительной рекурсивной схемой является п р ими т и вна я P.:

\[
f\left(0, x_{1}, \ldots, x_{n}\right)=g\left(x_{1}, \ldots, x_{n}\right),
\]

$f\left(y+1, x_{1}, \ldots, x_{n}\right)=h\left(y, f\left(y, x_{1}, \ldots, x_{n}\right), x_{1}, \ldots, x_{n}\right)$, где функции $g, h$ предполагаются известными, $f-$ определяемая функция, $y$ - переменная, по к-рой ведется Р., $x_{1}, \ldots, x_{n}$ - гараметры, не участвующие в Р. Ближайшим обобщением әтой схемы является т. н. в о з в р а т н я Р., охватывающая такие виды рекурсивных определений, у к-рых, подобно примитивной Р., только одна переменная участвует в $\mathrm{P}_{.}$, а соответствующее отношение предшествования совпадает с обычным упорядочением натуральных чисел (иногда, впрочем, әтот термин употребляется и в более широком смысле). Наиболее типичная разновидность в 03 в р а тн о й Р. такова:

\[
\begin{gathered}
f\left(0, x_{1}, \ldots, x_{n}\right)=g\left(x_{1}, \ldots, x_{n}\right), \\
f\left(y+1, x_{1}, \ldots, x_{n}\right)=
\end{gathered}
\]\[
=h\left(y, f\left(\alpha_{1}(y), x_{1}, \ldots, x_{n}\right), \ldots, f\left(\alpha_{k}(y), x_{1}, \ldots, x_{n}\right)\right. \text {, }
\]\[
\left.x_{1}, \ldots, x_{n}\right) \text {, }
\]

где $\alpha_{i}(y) \leqslant y, \quad i=1, \ldots ., k$. Представляет интерес тот факт, что возвратную Р. можно заменить конечным тислом примитивных Р. и подстановок. Другой пример рекурсивной схемы, сводящейся к примитивної $\mathrm{P}$., дает о д н о в р е м е н н а я Р. вида

$f_{i}\left(0, x_{1}, \ldots, x_{n}\right)=g_{i}\left(x_{1}, \ldots, x_{n}\right)$,

$f_{i}\left(y+1, x_{1}, \ldots, x_{n}\right)=$

$=h_{i}\left(y, f_{1}\left(y, x_{1}, \ldots, x_{n}\right), \ldots, f_{k}\left(y, x_{1}, \ldots, x_{n}\right)\right.$,

$\left.x_{1}, \ldots, x_{n}\right)$,

где $i=1, \ldots, k$. Математич. логика часто имеет дело с п р и м и т ивно ре к у р с ивны ми фу нкция м и, т. е. с такими, к-рые можно получить за конечное число шагов при помощи подстановок и примитивных Р., исходя из нек-рого фиксированного запаса совсем простых функций (вапр., $f(x)=x+1, f(x, y)=y$ и т. п.).

Последовательность функциональных равенств, описывающая такое построение, наз. п р и м и т и в н о р е к у р с и в ны м о п и с а н и е м соответствующей функции. Эти описания суть синтаксич. объекты (т. е. цешочки символов), обладающие определенной эфффективно распознаваемой структурой. Практически все тисловые функции, употребляемыс в математике по какому-либо конкретному поводу, оказываются примитивно рекурсивными. Этим в значительной мере объясняется интерес к данному классу функций.

Более слояныые виды рекурсивных определений полутаются, когда Р. идет сразу по нескольким персменным. Такие определения, вообще говоря, выводят из класса примитивно рекурсивных функций, хотя соответствующее отношение предшествования может выглядеть как вполне естественное. Напр., в определении $f(x, y)$ могут участвовать значения $f(u, v)$, где $u&lt;x$ или $u=x$, $v&lt;y$, как это имеет место в следующей схеме д в ук р а т н о й P.:

\[
\begin{gathered}
f(x, y)=g(x, y), \text { если } x=0 \text { или } y=0, \\
\quad f(x+1, y+1)= \\
=h(x, y, f(x, \alpha(x, y, f(x+1, y))), f(x+1, y)) .
\end{gathered}
\]

Эта схема уже не сводится к примитивной $\mathrm{P}$. С другой стороны, к ней сводимы многие более сложные рекурсивные определения (см. [1]).

Перечисленные частные виды Р. имеют тотные математич. определения - в отличие от расплывчатых «около математических&quot; представлений о &quot;рекурсии вообще». Уточнение этих представлений естественно мыслить как отыскание подходящего алгоритмич. языка (т. е. формального языка для описания вычислительных процедур), включающего все вообразимые виды Р., но и не слишком широкого. Правомерно ожидать, что выработка такого уточнения может потребовать дополнительных соглашений, вносящих нечто новое в интуитивное понимание Р. В этой связи небезинтересно отметить, что все рассмотренные выше рекурсивные схемы ориентированы на порождение тотальных (всюду определенных) функций. Так, если в схеме примитивной рекурсии $g, h$ тотальны, то такова же и $f$. И вообще, рекурсивные определения, задающие частичные функции, с интуитивной точки зрения выглядят несколько искусственно. Однако есть причины привлечь такие Р. к рассмотрению. Это связано с т. н. Д и а $\mathbf{r}$ oна л ь ны м ме т о д о м. Именно, пусть дан алгоритмич. язык $L$, в к-ром определимы лишь тотальные функции, и пусть синтаксич. конструкции $L$ не выводят за пределы интуитивно понимаемой рекурсивности. Конечно подразумевается, что выражения языка $L$ (являющиеся описаниями функций) алгоритмически распознаваемы и что имеется единообразный способ вычисления функций, представимых в $L$, по их описаниям. Если рассматривать выражения в $L$ просто как цепочки символов, то каждую такую цепочку можно считать изображением натурального числа в подходящей системе счисления, являющегося «кодом» данного выражения. Пусть теперь функция $G(m, x)$ определена так. Если $m$ есть код описания (в языке $L$ ) нек-рой одноместной функции $f_{m}$, то $G(m, x)=f_{m}(x)$. В противном случае $G(m, x)=\varphi(x)$, где $\varphi$ - какаянибудь фиксированная функция, представимая в $L$. Ясно, что $G(m, x)$ вычислима и тотальна и такова же функция $F(x)=G(x, x)+1$. Но $F$ невыразима в $L$, ибо ни при каком $m$ невозможно равенство $F(m)=f_{m}(m)$. (В этом рассуждении существенно использована тотальность $F$.) Возникает вопрос: является ли данное описание $F$ рекурсивным? Если в качестве $L$ взять язык примитивно рекурсивных описаний, то оно окавывается сводимым к двукратной Р. В общем случае ситуация неясна из-за расплывчатости интуитивных представлений о Р., так что положительный ответ на поставленный вопрос представляет собой дополнительное соглашение. Если принять его (как это неявно делает современная логика), то язык $L$, описывающий в точности все виды «тотальной» Р., оказывается невозможным. Между тем, если в $L$ выразимы также частичные функции (и іх описания признаются рекурсивными), то диагонализация не обязательно выводит әа пределы $L$, так что такой язык в принципе может быть пригодным для адекватного уточнения рекурсивности. Правда, это связано с нек-рым переосмыслением самого понятия Р., и современное строгое определение этого понятия не вполне согласовано с имевшимися ранее интуитивными представлениями. В новом уточненном смысле Р. есть нек-рая синтаксич. операция (с фиксированной интерпретацией), употребляемая для построения выражений̈ в различных алгоритмич. языках. Если $L$-один из таких языков, то естественно предполагать, что в нем есть и другие синтаксич. операции, от к-рых зависит конкретный вид рекурсивных описаний в $L$. Вообще говоря, выражения языка $L$ не обязательно описывают только числовые функции. Нек-рые из них могут задавать функциональные операторы и другие объекты. Это нужно, в частности, для определения Р. Рекурсивные описания в $L$ - это системы функциональных уравнений вида $f_{i}=T_{i}\left(f_{1}, \ldots, f_{n}\right), i=1, \ldots, n$, где $f_{i}$ - определяемые функции, а $T_{i}$ - выражения в $L$, задающие в совокупности нек-рый оператор. Но все выразимые в $L$ операторы должны быть эффективными (поскольку $L$ - алгоритмич. язык) и потому монотонными (т. е. они сохраняют отношение $\varphi \prec \psi$, означающее, что $\psi$ доопределяет $\varphi)$. В силу этого всякая система указанного вида обладает минимальным (в смысле от亡்шения 孔) решением и, по определению, является рекурсивным описанием функций, составляющих әто решение. Исходя из данного описания, искомое минимальное решение можно получить посредством следующего процесса. Для $i=1, \ldots, n$ пусть $f_{i}^{0}$ - нигде не определенная функция и $f_{i}^{k+1}=T_{i}\left(f_{1}^{k}, \ldots, f_{n}^{k}\right)$, так что $f_{i}^{k}$ З $f_{i}^{k+1}$. Нетрудно убедиться, что искомые функции $f_{i}$ получаются «объединением» $f_{i}^{k}(k=0,1,2, \ldots)$. Тем самым задан способ совместного вычисления $f_{i}$. Этот же процесс задает более или менее естественное отношение предіпествования на аргументах, к-рое и оправдывает (в удовлетворительной мере) употребление термина «Р.» в данної̈ связи.

Для того чтобы приведенные ранее рекурсивные схемы подходили под такое определение, необходимо, чтобы язык $L$ был не слишком беден. Так, уже в случае примитивной Р. нужны подстановка и «кусочное» определение (т.е. задание функции несколькими равенствами). Вместе с тем этих двух синтаксич. операций, в сочетании с только что определенной Р., уже достаточно для получения всех вычислимых функций (исходя из простейших). При соответствующих предположениях об $L$ можно также достаточно уверенно утверждать, что данное определение Р. охватывает все интуитивно мыслимые рекурсивные описания. В то же время введенное общее определение обладает характерными чертами неформально понимаемой рекурсивности, к-рые признаются существенными в современной математике.

Плодотворность данного определения Р. заключается не только в его значении для теории алгоритмов, но и в том, что оно позволяет взГлянуть с «алгоритмической» (в обобщенном смысле) точки зрения также и на нек-рые конструкции абстрактной математики, имеющие определенное сходство с «числовыми» Р. (трансфинитная Р., индуктивные определения, рекурсивные иерархии И Т. П.).

Лит.: [1] П е т е р Р., Рекурсивные функции, пер. с нем., М., 1954; [2] М а льц е в А. И., Алгоритмы и рекурсивные функции, М., 1965; [3] У с п е н с ки й В. А., Јекции о вычислимых функциях, М., 1960; [4] К л и н и С. К., Введение в метаматематику, пер. с англ., M., 1957; [5] M о s c h o v a k i s Y. N;, Elementary induction on abstract structures, Amst.,- [a. o ], 1974.

H. B, Белякин.</text_orig>
</article>
