<?xml version="1.0" ?>
<article uri="http://libmeta.ru/me/article/1063_NORMAL'NOE" alphabetic_pos="1063">
  <title>НОРМАЛЬНОЕ УРАВНЕНИЕ</title>
  <authors/>
  <pages>
    <start>536</start>
    <end>536</end>
  </pages>
  <literature>
    <literature_orig/>
  </literature>
  <formulas_main/>
  <formulas_aux/>
  <relations n="0"/>
  <text>н о р м и р о в а нн о е у р а в н е и е, прямой на плоскости - уравнение вида

\[
x \cos \alpha+y \sin \alpha-p=0,
\]

где $x, y$ - декартовы прямоугольные координаты плоскости; $\cos \alpha$ и $\sin \alpha-$ координаты единичного вектора $\{\cos \alpha, \sin \alpha\}$, перпендикулярного к прямой; $p&gt;0$ - расстояние от начала координат до прямой. К Н. У. уравнение прямой вида

\[
A x+B y+C=0
\]

приводится умножением на н о р м и $\mathbf{p}$ ю щ и й м нож и т е л ь $\lambda$, модуль к-рого есть $1 / \sqrt{A^{2}+B^{2}}$, а знак противоположен знаку $c$ (при $c=0$ знак $\lambda$ можно выбирать произвольно).

Аналогично случаю прямой, уравнение плоскости

\[
A x+B y+C z+D=-0
\]

приводится к Н. у.

\[
x \cos \alpha+y \cos \beta+z \cos \gamma-p=0,
\]

где $\cos \alpha, \cos \beta, \cos \gamma-$ направляющие косинусы вектора, перпендикулярного к плоскости, умножением на нормирующий множитель $\lambda$, модуль к-рого есть $1 / \sqrt{A^{2}+B^{2}+C^{2}}$, а знак $\lambda$ противоположен знаку $d$.</text>
  <text_orig>н о р м и р о в а нн о е у р а в н е и е, прямой на плоскости - уравнение вида

\[
x \cos \alpha+y \sin \alpha-p=0,
\]

где $x, y$ - декартовы прямоугольные координаты плоскости; $\cos \alpha$ и $\sin \alpha-$ координаты единичного вектора $\{\cos \alpha, \sin \alpha\}$, перпендикулярного к прямой; $p&gt;0$ - расстояние от начала координат до прямой. К Н. У. уравнение прямой вида

\[
A x+B y+C=0
\]

приводится умножением на н о р м и $\mathbf{p}$ ю щ и й м нож и т е л ь $\lambda$, модуль к-рого есть $1 / \sqrt{A^{2}+B^{2}}$, а знак противоположен знаку $C$ (при $C=0$ знак $\lambda$ можно выбирать произвольно).

Аналогично случаю прямой, уравнение плоскости

\[
A x+B y+C z+D=-0
\]

приводится к Н. у.

\[
x \cos \alpha+y \cos \beta+z \cos \gamma-p=0,
\]

где $\cos \alpha, \cos \beta, \cos \gamma-$ направляющие косинусы вектора, перпендикулярного к плоскости, умножением на нормирующий множитель $\lambda$, модуль к-рого есть $1 / \sqrt{A^{2}+B^{2}+C^{2}}$, а знак $\lambda$ противоположен знаку $D$.</text_orig>
</article>
