<?xml version="1.0" ?>
<article uri="http://libmeta.ru/me/article/1063_GIІERGEOMETRIChESKOE" alphabetic_pos="1063">
  <title>ГИІЕРГЕОМЕТРИЧЕСКОЕ РАСПРЕДЕЛЕНИЕ</title>
  <authors/>
  <pages>
    <start>503</start>
    <end>503</end>
  </pages>
  <literature>
    <literature_orig/>
  </literature>
  <formulas_main/>
  <formulas_aux/>
  <relations n="0"/>
  <text>распределение вероятностей, заданное формулой

\[
p_{m}=\frac{C_{M}^{m} C_{N-M}^{n-m}}{C_{N}^{n}}, \quad m=0,1 \ldots,
\]

где $m, N$ и $n$ - целые неотрицательные числа и $m \leqslant$ $\leqslant N, \quad n \leqslant N \quad$ (здесь $c_{a}^{b}-$ биномиальный коэффициент). Г. р. обычно связано с выбором без возвращения, а именно: формула (:) указывает вероятность получения ровно $m$ «отмеченных» әлементов в случайной выборке объема $n$ из генеральной совокупности, содержащей $n$ әлементов, среди к-рых $m$ «отмеченных» и $n-M$ «неотмеченных» элементов. При этом вероятность (*) определена липь для

\[
\max (0, M+n-N) \leqslant m \leqslant \min (n, M) .
\]

Однако определение (*) можно использовать при всех $m \geqslant 0$, т. к. можно считать, что $c_{a}^{b}=0$ при $b&gt;a$, поэтому равенство $p_{m}=0$ нужно понимать как нсвозможность получить в выборке $m$ «отмеченных» элементов. Сумма значений $p_{m}$, распространенная на все выборочное пространство, равна 1. Если обозначить $m / N=p$, то (:) можно переписать в иной форме:

где

\[
p_{m}=C_{n}^{m} \frac{A_{N p}^{m} A_{N q}^{n-m}}{A_{N}^{n}},
\]

\[
A_{a}^{b}=C_{a}^{b} b ! \text { и } p+q=1 .
\]

Если $p$ постоянна и $n \rightarrow \infty$, то имеет место биномиальное приближение

\[
p_{m} \sim C_{n}^{m} p^{m} q^{n-m}
\]

Среднее значение $\gamma$. р. не зависит от $n$ и совпадает со средним $n p$. соответствующего биномиального распределения Дисперсия Г. р.

\[
\sigma^{2}=n p q \frac{N-n}{N-1}
\]

не превосходит дисперсии биномиального закона $\sigma^{2}=$ $=n p q$. При $n \rightarrow \infty$ моменты любого порядка $\gamma$. р. стремятся к соответствующим значениям моментов биномиального распределения. Производящая функция Г. р. имеет вид:

\[
P(x)=\frac{A_{N-M}^{n}}{A_{N}^{n}} \sum_{j=0}^{n} \frac{A_{M}^{j} A_{n}^{j}}{A_{N-M-n+j}^{j}} \frac{x^{j}}{j !} .
\]

Ряд в правой части представляет собой гипергеометрическую бункцию $f(\alpha, \beta, \gamma, x)$, где $\alpha=-n, \beta=-M$, $\gamma=n-M-n+1$ (этому обстоятельству распределение обязано своим названием). Вероятность (*) и соответствующая функция распределения табулированы в широких пределах.

![](https://cdn.mathpix.com/cropped/2023_07_08_5a8eccea5254213ef035g-1.jpg?height=47&amp;width=816&amp;top_left_y=1430&amp;top_left_x=1006)
of the Hypergeometric Probability Distribution, Stanford, 1961; [2] О у ә н Д. Б., Сборник статистических таблиц. Обработка но в Н. В., Таблицы математической статистики, 2 изд., М., 1968. В., Таблицы математической статистики, 2 изд.,
А.</text>
  <text_orig>распределение вероятностей, заданное формулой

\[
p_{m}=\frac{C_{M}^{m} C_{N-M}^{n-m}}{C_{N}^{n}}, \quad m=0,1 \ldots,
\]

где $M, N$ и $n$ - целые неотрицательные числа и $M \leqslant$ $\leqslant N, \quad n \leqslant N \quad$ (здесь $C_{a}^{b}-$ биномиальный коэффициент). Г. р. обычно связано с выбором без возвращения, а именно: формула (:) указывает вероятность получения ровно $m$ «отмеченных» әлементов в случайной выборке объема $n$ из генеральной совокупности, содержащей $N$ әлементов, среди к-рых $M$ «отмеченных» и $N-M$ «неотмеченных» элементов. При этом вероятность (*) определена липь для

\[
\max (0, M+n-N) \leqslant m \leqslant \min (n, M) .
\]

Однако определение (*) можно использовать при всех $m \geqslant 0$, т. к. можно считать, что $C_{a}^{b}=0$ при $b&gt;a$, поэтому равенство $P_{m}=0$ нужно понимать как нсвозможность получить в выборке $m$ «отмеченных» элементов. Сумма значений $p_{m}$, распространенная на все выборочное пространство, равна 1. Если обозначить $M / N=p$, то (:) можно переписать в иной форме:

где

\[
p_{m}=C_{n}^{m} \frac{A_{N p}^{m} A_{N q}^{n-m}}{A_{N}^{n}},
\]

\[
A_{a}^{b}=C_{a}^{b} b ! \text { и } p+q=1 .
\]

Если $p$ постоянна и $N \rightarrow \infty$, то имеет место биномиальное приближение

\[
p_{m} \sim C_{n}^{m} p^{m} q^{n-m}
\]

Среднее значение $\Gamma$. р. не зависит от $N$ и совпадает со средним $n p$. соответствующего биномиального распределения Дисперсия Г. р.

\[
\sigma^{2}=n p q \frac{N-n}{N-1}
\]

не превосходит дисперсии биномиального закона $\sigma^{2}=$ $=n p q$. При $N \rightarrow \infty$ моменты любого порядка $\Gamma$. р. стремятся к соответствующим значениям моментов биномиального распределения. Производящая функция Г. р. имеет вид:

\[
P(x)=\frac{A_{N-M}^{n}}{A_{N}^{n}} \sum_{j=0}^{n} \frac{A_{M}^{j} A_{n}^{j}}{A_{N-M-n+j}^{j}} \frac{x^{j}}{j !} .
\]

Ряд в правой части представляет собой гипергеометрическую бункцию $F(\alpha, \beta, \gamma, x)$, где $\alpha=-n, \beta=-M$, $\gamma=N-M-n+1$ (этому обстоятельству распределение обязано своим названием). Вероятность (*) и соответствующая функция распределения табулированы в широких пределах.

![](https://cdn.mathpix.com/cropped/2023_07_08_5a8eccea5254213ef035g-1.jpg?height=47&amp;width=816&amp;top_left_y=1430&amp;top_left_x=1006)
of the Hypergeometric Probability Distribution, Stanford, 1961; [2] О у ә н Д. Б., Сборник статистических таблиц. Обработка но в Н. В., Таблицы математической статистики, 2 изд., М., 1968. В., Таблицы математической статистики, 2 изд.,
А.</text_orig>
</article>
