<?xml version="1.0" ?>
<article uri="http://libmeta.ru/me/article/1064_RELAKSATsIONNOE" alphabetic_pos="1064">
  <title>РЕЛАКСАЦИОННОЕ КОЛЕБАНИЕ</title>
  <authors/>
  <pages>
    <start>484</start>
    <end>485</end>
  </pages>
  <literature>
    <literature_orig/>
  </literature>
  <formulas_main/>
  <formulas_aux/>
  <relations n="0"/>
  <text>периодический процесс, при к-ром медленное, плавное изменение состояния объекта в течение конечного промежутка времени чередуется с быстрым, скачкообразным изменением его состояния за бесконечно малое время. Такие колебательные процессы наблюдаются во многих реальных механических, радиотехнических, биологических и др. объектах (см., напр., [1]-[3]).

Математич. моделью, описывающей Р. к., являются автономные системы обынновенных дифференциальных уравнений с малым параметром при части производных:

\[
\varepsilon \dot{x}=f(x, y), \quad \dot{y}=g(x, y), \quad \cdot=d / d t,
\]\[
x \in \mathbb{R}^{k}, \quad y \in \mathbb{R}^{m}, \quad 0&lt;\varepsilon \leqslant 1
\] Периодическое по времени $t$ решение такой системы и наз. рел а к с а и он ным коле б а ни е м. Классич. примером системы с одной степенью свободы, имеющей Р.к., служит Ван дер Поля уравнение

\[
\frac{d^{2} x}{d \tau^{2}}-\lambda\left(1-x^{2}\right) \frac{d x}{d \tau}+x=0
\]

при больших положительных значениях параметра $\lambda$ (с этой точки зрения уже значение $\lambda=10$ можно считать большим). Если положить

\[
y=\int_{0}^{x}\left(x^{2}-1\right) d x+\frac{1}{\lambda} \frac{d x}{d \tau}, \quad t=\frac{\tau}{\lambda}, \quad \varepsilon=\frac{1}{\lambda^{2}},
\]

то уравнение (2) приводится к системе типа (1):

\[
\varepsilon \dot{x}=y-\frac{x^{3}}{3}+x, \quad \dot{y}=-x .
\]

Вопрос о существовании и числе Р. к. системы (1) решается в терминах вы р ожд е нн о й с и с те мы

\[
f(x, y)=0, \dot{y}=g(x, y),
\]

являющейся гибридной системой уравнений. Траектории системы (3) в фазовом пространстве $\mathbb{r}^{k} \times \mathbb{R}^{m}$ естественно трактовать как пределы фазовых траекторий не в ы ро жд е н ной с и с те мы (1) при $\varepsilon \rightarrow 0$. В частности, траектория $\mathrm{p}$. к. системы (1) при $\varepsilon \rightarrow 0$ стремится к замкнутой траектории системы (3), состоящей из чередующихся участков двух типов: участков, проходимых фазовой точкой системы (3) за конечнов время (каждый из них лежит на поверхности $f(x, y)=$ $=0)$, и участков, проходимых фазовой точкой системы (3) мгновенно (каждый из них начинается в т о чк е с р ы в а, т. е. в точке, где

\[
f(x, y)=0, \quad \operatorname{det}\|\partial f / \partial x\|=0,
\]

лежит в плоскости, параллельной $\mathbb{r} k$, и кончается на поверхности $f(x, y)=0)$. Решение системы $(3)$, соответствующее такой замкнутой траектории, наз. р а з р ы вным пе риодич е ским ре ше ни е м, а потому Р. к. системы (1) часто наз. п е р и о д и ч е с к и м ре шением, близким к раз ры вном у, или даже просто ра (система (3) может иметь замкнутую траекторию, целиком лежащую на поверхности $f(x, y)=0$ и не проходящую через точки срыва. В таком случае система (1) имеет близкую к ней замкнутую траекторию, однако соответствующее ей периодич. решение системы (1) не будет Р.к.; см. [6].)

Важной задачей является асимптотич. (при $\varepsilon \rightarrow 0$ ) вычисление фазовой траектории Р.к. системы (1), а также получение асимптотич. формул для характеристик этого колебания - его периода, амплитуды и т. д. Вычисление траектории Р.к. уравнения Ван дер Поля (2) проводил А. А. Дородницын [7], построивший асимптотич. приближения при $\lambda \rightarrow \infty$ для амплитуды

\[
a=2+0,77937 \lambda^{-4 / 3}-\frac{16}{27} \frac{\ln \lambda}{\lambda^{2}}-0,8762 \lambda^{-2}+O\left(\lambda^{-8 / 3}\right)
\]

и для периода (см. также [8])

\[
\begin{gathered}
T=1,613706 \lambda+7,01432 \lambda^{-1 / 3}-\frac{2}{3} \frac{\ln \lambda}{\lambda}-1,3233 \lambda-1+ \\
+O\left(\lambda^{-5 / 3}\right) .
\end{gathered}
\]

В случае системы (1) 2-го порядка (т. е. при $k=m=1$ ) с точками срыва общего положения проблема асимптотич. вычисления Р.к. решена полностью [9]. В частности, выяснена структура асимптотич. разложения при $\varepsilon \rightarrow 0$ периода Р. к.:

\[
T=T_{0}+\sum_{n=2}^{\infty} \varepsilon^{n / 3} \sum_{v=0}^{\chi(n-2)} K_{n, v} \ln v \frac{1}{\varepsilon},
\]

где

\[
\chi(n)=\frac{n}{3}+\frac{2 \sqrt{3}}{9} \operatorname{tg} \frac{\pi n}{3}, \quad n \in \mathbb{Z} ;
\]

a $k_{n, v}$ - коэффициенты, эффективно вычисляемые непосредственно по функциям $f(x, y)$ и $g(x, y)$ (см. [10]). Для общей системы (1) произвольного порядка остается (1983) не перекрытым результат Л. С. Понтрягина и Е. Ф. Мищенко, вычисливших асимптотику Р. к. с точностью до $o(\varepsilon)$ (см. [11], [12], [9]).

Изучался также вопрос о периодич. решениях типа Р. к. неавтономных систем обыкновенных дифференциальных уравнений (см., напр., [13]).

Лum.: [1] А н д р о н о в A. A., B и т т A. A., Х а йк и н С. Э., Теория колебаний, 2 изд., М., 1959; [2] Ј а нсвободы, М., 1980; [3] Р о м а н о в с к и й Ю. М., С т е п ан о в а Н. В., Ч е р н а в с к и й Д. С., Математическое моделирование в биофизике, M., 1975; [4] V a n d e r P o l B., &quot;phil.

![](https://cdn.mathpix.com/cropped/2023_07_08_5388a8badf1745f9987ag-1.jpg?height=40&amp;width=806&amp;top_left_y=583&amp;top_left_x=986)
ц о в Н. А., Р о д ы г и н Л. В., “докл. Ан Ссср&quot;, 1951, т. 81, № 3, c. 391-94; [6] А н о с о в Д. В., &quot;матем. сб.&quot;, 1960, т. 50, № 3, с. 299-334; [7] Д о р о д н и ц ы н А. А., “прикл, матем. и механ.&quot;, 1947, т. 11, 스 3, с. 313-28; [8] Ж а р о в М. И., М иш е н к о Е. Ф., Р о 3 о в Н. Х., &quot;докл. Ан Ссcр&quot;, 1981, т. 261, № 6, с. 1292-96; [9] М и щ е н к о Е. Ф., Р о з о в Н. Х., Дифференциальные уравнения с малым параметром и релаксационные 1962 , т. 145, Nㅜ 1, с. 38-40; [11] П о н т р я г и н Л. С., «изв. Ah Cccp. Сep. матем.», 1957, т. 21, № 5, c. 605-26; [12] M и山mer. Math. Soc.&quot;, 1981, v. 32, Nㅡㄴ 244 .</text>
  <text_orig>периодический процесс, при к-ром медленное, плавное изменение состояния объекта в течение конечного промежутка времени чередуется с быстрым, скачкообразным изменением его состояния за бесконечно малое время. Такие колебательные процессы наблюдаются во многих реальных механических, радиотехнических, биологических и др. объектах (см., напр., [1]-[3]).

Математич. моделью, описывающей Р. к., являются автономные системы обынновенных дифференциальных уравнений с малым параметром при части производных:

\[
\varepsilon \dot{x}=f(x, y), \quad \dot{y}=g(x, y), \quad \cdot=d / d t,
\]\[
x \in \mathbb{R}^{k}, \quad y \in \mathbb{R}^{m}, \quad 0&lt;\varepsilon \leqslant 1
\] Периодическое по времени $t$ решение такой системы и наз. рел а к с а и он ным коле б а ни е м. Классич. примером системы с одной степенью свободы, имеющей Р.к., служит Ван дер Поля уравнение

\[
\frac{d^{2} x}{d \tau^{2}}-\lambda\left(1-x^{2}\right) \frac{d x}{d \tau}+x=0
\]

при больших положительных значениях параметра $\lambda$ (с этой точки зрения уже значение $\lambda=10$ можно считать большим). Если положить

\[
y=\int_{0}^{x}\left(x^{2}-1\right) d x+\frac{1}{\lambda} \frac{d x}{d \tau}, \quad t=\frac{\tau}{\lambda}, \quad \varepsilon=\frac{1}{\lambda^{2}},
\]

то уравнение (2) приводится к системе типа (1):

\[
\varepsilon \dot{x}=y-\frac{x^{3}}{3}+x, \quad \dot{y}=-x .
\]

Вопрос о существовании и числе Р. к. системы (1) решается в терминах вы р ожд е нн о й с и с те мы

\[
f(x, y)=0, \dot{y}=g(x, y),
\]

являющейся гибридной системой уравнений. Траектории системы (3) в фазовом пространстве $\mathbb{R}^{k} \times \mathbb{R}^{m}$ естественно трактовать как пределы фазовых траекторий не в ы ро жд е н ной с и с те мы (1) при $\varepsilon \rightarrow 0$. В частности, траектория $\mathrm{P}$. к. системы (1) при $\varepsilon \rightarrow 0$ стремится к замкнутой траектории системы (3), состоящей из чередующихся участков двух типов: участков, проходимых фазовой точкой системы (3) за конечнов время (каждый из них лежит на поверхности $f(x, y)=$ $=0)$, и участков, проходимых фазовой точкой системы (3) мгновенно (каждый из них начинается в т о чк е с р ы в а, т. е. в точке, где

\[
f(x, y)=0, \quad \operatorname{det}\|\partial f / \partial x\|=0,
\]

лежит в плоскости, параллельной $\mathbb{R} k$, и кончается на поверхности $f(x, y)=0)$. Решение системы $(3)$, соответствующее такой замкнутой траектории, наз. р а з р ы вным пе риодич е ским ре ше ни е м, а потому Р. к. системы (1) часто наз. п е р и о д и ч е с к и м ре шением, близким к раз ры вном у, или даже просто ра (Система (3) может иметь замкнутую траекторию, целиком лежащую на поверхности $f(x, y)=0$ и не проходящую через точки срыва. В таком случае система (1) имеет близкую к ней замкнутую траекторию, однако соответствующее ей периодич. решение системы (1) не будет Р.к.; см. [6].)

Важной задачей является асимптотич. (при $\varepsilon \rightarrow 0$ ) вычисление фазовой траектории Р.к. системы (1), а также получение асимптотич. формул для характеристик этого колебания - его периода, амплитуды и т. д. Вычисление траектории Р.к. уравнения Ван дер Поля (2) проводил А. А. Дородницын [7], построивший асимптотич. приближения при $\lambda \rightarrow \infty$ для амплитуды

\[
a=2+0,77937 \lambda^{-4 / 3}-\frac{16}{27} \frac{\ln \lambda}{\lambda^{2}}-0,8762 \lambda^{-2}+O\left(\lambda^{-8 / 3}\right)
\]

и для периода (см. также [8])

\[
\begin{gathered}
T=1,613706 \lambda+7,01432 \lambda^{-1 / 3}-\frac{2}{3} \frac{\ln \lambda}{\lambda}-1,3233 \lambda-1+ \\
+O\left(\lambda^{-5 / 3}\right) .
\end{gathered}
\]

В случае системы (1) 2-го порядка (т. е. при $k=m=1$ ) с точками срыва общего положения проблема асимптотич. вычисления Р.к. решена полностью [9]. В частности, выяснена структура асимптотич. разложения при $\varepsilon \rightarrow 0$ периода Р. к.:

\[
T=T_{0}+\sum_{n=2}^{\infty} \varepsilon^{n / 3} \sum_{v=0}^{\chi(n-2)} K_{n, v} \ln v \frac{1}{\varepsilon},
\]

где

\[
\chi(n)=\frac{n}{3}+\frac{2 \sqrt{3}}{9} \operatorname{tg} \frac{\pi n}{3}, \quad n \in \mathbb{Z} ;
\]

a $K_{n, v}$ - коэффициенты, эффективно вычисляемые непосредственно по функциям $f(x, y)$ и $g(x, y)$ (см. [10]). Для общей системы (1) произвольного порядка остается (1983) не перекрытым результат Л. С. Понтрягина и Е. Ф. Мищенко, вычисливших асимптотику Р. к. с точностью до $O(\varepsilon)$ (см. [11], [12], [9]).

Изучался также вопрос о периодич. решениях типа Р. к. неавтономных систем обыкновенных дифференциальных уравнений (см., напр., [13]).

Лum.: [1] А н д р о н о в A. A., B и т т A. A., Х а йк и н С. Э., Теория колебаний, 2 изд., М., 1959; [2] Ј а нсвободы, М., 1980; [3] Р о м а н о в с к и й Ю. М., С т е п ан о в а Н. В., Ч е р н а в с к и й Д. С., Математическое моделирование в биофизике, M., 1975; [4] V a n d e r P o l B., &quot;Phil.

![](https://cdn.mathpix.com/cropped/2023_07_08_5388a8badf1745f9987ag-1.jpg?height=40&amp;width=806&amp;top_left_y=583&amp;top_left_x=986)
ц о в Н. А., Р о д ы г и н Л. В., “Докл. АН СССР&quot;, 1951, т. 81, № 3, c. 391-94; [6] А н о с о в Д. В., &quot;Матем. сб.&quot;, 1960, т. 50, № 3, с. 299-334; [7] Д о р о д н и ц ы н А. А., “Прикл, матем. и механ.&quot;, 1947, т. 11, 스 3, с. 313-28; [8] Ж а р о в М. И., М иш е н к о Е. Ф., Р о 3 о в Н. Х., &quot;Докл. АН ССCР&quot;, 1981, т. 261, № 6, с. 1292-96; [9] М и щ е н к о Е. Ф., Р о з о в Н. Х., Дифференциальные уравнения с малым параметром и релаксационные 1962 , т. 145, Nㅜ 1, с. 38-40; [11] П о н т р я г и н Л. С., «Изв. AH CCCP. Сep. матем.», 1957, т. 21, № 5, c. 605-26; [12] M и山mer. Math. Soc.&quot;, 1981, v. 32, Nㅡㄴ 244 .</text_orig>
</article>
