<?xml version="1.0" ?>
<article uri="http://libmeta.ru/me/article/1064_GIІERGEOMETRIChESKOE" alphabetic_pos="1064">
  <title>ГИІЕРГЕОМЕТРИЧЕСКОЕ УРАВНЕНИЕ</title>
  <authors/>
  <pages>
    <start>503</start>
    <end>504</end>
  </pages>
  <literature>
    <literature_orig/>
  </literature>
  <formulas_main/>
  <formulas_aux/>
  <relations n="0"/>
  <text>у $p$ а вн е н и е $\gamma$ а у с с а,- линейное обыкновенное дифференциальное уравнение 2-го порядка

\[
z(z-1) w^{\prime \prime}+[(\alpha+\beta+1) z-\gamma] w^{\prime}+\alpha \beta w=0
\]\[
\alpha, \beta, \gamma=\mathrm{const}
\]

или, в самосопряженной форме,

\[
\left[z^{\gamma}(z-1)^{\alpha+\beta+1-\gamma} w^{\prime}\right]^{\prime}+\alpha \beta z^{\gamma-1}(z-1)^{\alpha+\beta-\gamma} w=0 .
\]

Переменные $z, w$ п параметры $\alpha, \beta, \gamma$ в общем случае могут принимать любые комплексные значения. После подстановки

\[
w=z^{-\gamma / 2}(z-1)^{(\gamma-\alpha-\beta-1) / 2} u
\]

получается приведенная форма уравнения (1):

\[
u^{\prime \prime}+\left[\frac{1-\lambda^{2}}{4 z^{2}}+\frac{1-v^{2}}{4(z-1)^{2}}-\frac{1-\lambda^{2}+\mu^{2}-v^{2}}{4 z(z-1)}\right] u=0,
\]

где $\lambda=1-\gamma, \mu=\alpha-\beta, v=\gamma-\alpha-\beta$.

Уравнение (1) подробно изучал К. Гаусс [1] в связи с развитой им теорией гипергеометрических рядов, но еще раньше это уравнение (и его решение) рассматривал Л. Эйлер (l. Euler).

Решения уравнения (1) выражаются через гипергеометрическую бункцию $f(\alpha, \beta, \gamma ; z)$. Если $\gamma$ не равно целому числу, то общее решение уравнения (1) можно записать в виде

\[
\begin{gathered}
w=C_{1} F(\alpha, \beta, \gamma ; z)+ \\
+C_{2} z^{1-\gamma} F(\alpha-\gamma+1, \beta-\gamma+1,2-\gamma ; z),
\end{gathered}
\]

где $c_{1}, C_{2}-$ произвольные постоянные; представление (3) справедливо в комплексной плоскости z с разрезами $(-\infty, 0)$ и $(1, \infty)$. В частности, в действительном случае формула (3) дает общее решение уравнения (1) на интервале $0&lt;z&lt;1$. Для целых значений $\gamma$ общее решение имеет более сложный вид (возможно существование членов, содержащих логарифмы).

В качестве фундаментальной системы решений уравнения (1) можно выбирать и иные функции, отличные от указанных в (3). Напр., если $\alpha-\beta$ не равно целому числу, то

\[
\begin{aligned}
w= &amp; C_{1}(-z)^{-\alpha} F\left(\alpha, \alpha-\gamma+1, \alpha-\beta+1 ; z^{-1}\right)+ \\
&amp; +C_{2}(-z)^{-\beta} F\left(\beta-\gamma+1, \beta, \beta-\alpha+1 ; z^{-1}\right)
\end{aligned}
\]

есть общее решение уравнения (1) в комплексной плоскости $z$ с разрезом $(0, \infty)$ (см. [2], [3]).

Г. у. включает как частные случаи ряд дифференциальных уравнений, встречающихся в приложениях; многие линейные обыкновенные дифференциальные уравнения 2-го порядка преобразованием неизвестной функции и независимой переменной приводятся к уравнению (1) (см. [4]). Особенно большое значение имеет близкое уравнению (1) вырожденное гипергеометрическое уравнение. Отношение $s(z)$ двух линейно независимых решений уравнения (2) удовлетворяет Шварца уравнению, тесно связанному с задачей конформного отображения полуплоскости на треугольник, ограниченный тремя дугами окружностей. Изучение обратной функции $z(s)$ приводит к понятию автоморфной функции (см. [5]).

Имеются линейные уравнения высших порядков, свойства решений к-рых аналогичны свойствам гипергеометрич. функции: решение уравнения $(q+1)$-го порядка

\[
\begin{gathered}
{\left[z \frac{d}{d z} \prod_{j=1}^{q}\left(z \frac{d}{d z}+\gamma_{j}-1\right)-\right.} \\
\left.-z \prod_{i=1}^{p}\left(z \frac{d}{d z}+\alpha_{i}\right)\right] w=0
\end{gathered}
\]

есть обобщенная гипергеометрическая функция ${ }_{p} F_{q}\left(\alpha_{i}, \gamma_{j}, z\right)$, содержащая $p+q$ параметров. В частности, обобщенное Г. у. 3-го порядка, имеющее решение ${ }_{3} F_{2}\left(\alpha_{1}, \alpha_{2}, \alpha_{3}, \gamma_{1}, \gamma_{2} ; z\right)$, можно представить в форме

$z^{2}(1-z) w^{\prime \prime \prime}+\left[1+\gamma_{1}+\gamma_{2}-\left(3+\alpha_{1}+\alpha_{2}+\alpha_{3}\right) z\right] z w^{\prime \prime}+$

$+\left[\gamma_{1} \gamma_{2}-\left(1+\alpha_{1}+\alpha_{2}+\alpha_{3}+\alpha_{1} \alpha_{2}+\alpha_{2} \alpha_{3}+\alpha_{3} \alpha_{1}\right) z\right] w^{\prime}-$ $-\alpha_{1} \alpha_{2} \alpha_{3} w=0$.

Jum.: [1] G a u s s C., &quot;comm. recentiores Soc. Göttingen», $1812, \mathrm{Bd} 2 ;[2]$ K p a т ц е $\mathrm{p}$ A., $\mathbf{\phi} \mathrm{p}$ а н ц В., Трансцендентные функции, пер. с нем., М., $1963 ;$ [3] Б е й т м е н Г., Э pд е й и А., Высшие трансцендентные функции. Гипергеометри$1973 ;$ [4] К а м к е Ә., Справочник по обыкновенным дифференциальным уравнениям, пер. с нем., 5 изд., М., 1976; [5] Го л у б е в В. В., Јiекции по аналитической теории диффе-
ренциальных уравнений, 2 изд., М.-Ј., 1950. Н. Х. Розов.</text>
  <text_orig>у $p$ а вн е н и е $\Gamma$ а у с с а,- линейное обыкновенное дифференциальное уравнение 2-го порядка

\[
z(z-1) w^{\prime \prime}+[(\alpha+\beta+1) z-\gamma] w^{\prime}+\alpha \beta w=0
\]\[
\alpha, \beta, \gamma=\mathrm{const}
\]

или, в самосопряженной форме,

\[
\left[z^{\gamma}(z-1)^{\alpha+\beta+1-\gamma} w^{\prime}\right]^{\prime}+\alpha \beta z^{\gamma-1}(z-1)^{\alpha+\beta-\gamma} w=0 .
\]

Переменные $z, w$ п параметры $\alpha, \beta, \gamma$ в общем случае могут принимать любые комплексные значения. После подстановки

\[
w=z^{-\gamma / 2}(z-1)^{(\gamma-\alpha-\beta-1) / 2} u
\]

получается приведенная форма уравнения (1):

\[
u^{\prime \prime}+\left[\frac{1-\lambda^{2}}{4 z^{2}}+\frac{1-v^{2}}{4(z-1)^{2}}-\frac{1-\lambda^{2}+\mu^{2}-v^{2}}{4 z(z-1)}\right] u=0,
\]

где $\lambda=1-\gamma, \mu=\alpha-\beta, v=\gamma-\alpha-\beta$.

Уравнение (1) подробно изучал К. Гаусс [1] в связи с развитой им теорией гипергеометрических рядов, но еще раньше это уравнение (и его решение) рассматривал Л. Эйлер (L. Euler).

Решения уравнения (1) выражаются через гипергеометрическую бункцию $F(\alpha, \beta, \gamma ; z)$. Если $\gamma$ не равно целому числу, то общее решение уравнения (1) можно записать в виде

\[
\begin{gathered}
w=C_{1} F(\alpha, \beta, \gamma ; z)+ \\
+C_{2} z^{1-\gamma} F(\alpha-\gamma+1, \beta-\gamma+1,2-\gamma ; z),
\end{gathered}
\]

где $C_{1}, C_{2}-$ произвольные постоянные; представление (3) справедливо в комплексной плоскости z с разрезами $(-\infty, 0)$ и $(1, \infty)$. В частности, в действительном случае формула (3) дает общее решение уравнения (1) на интервале $0&lt;z&lt;1$. Для целых значений $\gamma$ общее решение имеет более сложный вид (возможно существование членов, содержащих логарифмы).

В качестве фундаментальной системы решений уравнения (1) можно выбирать и иные функции, отличные от указанных в (3). Напр., если $\alpha-\beta$ не равно целому числу, то

\[
\begin{aligned}
w= &amp; C_{1}(-z)^{-\alpha} F\left(\alpha, \alpha-\gamma+1, \alpha-\beta+1 ; z^{-1}\right)+ \\
&amp; +C_{2}(-z)^{-\beta} F\left(\beta-\gamma+1, \beta, \beta-\alpha+1 ; z^{-1}\right)
\end{aligned}
\]

есть общее решение уравнения (1) в комплексной плоскости $z$ с разрезом $(0, \infty)$ (см. [2], [3]).

Г. у. включает как частные случаи ряд дифференциальных уравнений, встречающихся в приложениях; многие линейные обыкновенные дифференциальные уравнения 2-го порядка преобразованием неизвестной функции и независимой переменной приводятся к уравнению (1) (см. [4]). Особенно большое значение имеет близкое уравнению (1) вырожденное гипергеометрическое уравнение. Отношение $s(z)$ двух линейно независимых решений уравнения (2) удовлетворяет Шварца уравнению, тесно связанному с задачей конформного отображения полуплоскости на треугольник, ограниченный тремя дугами окружностей. Изучение обратной функции $z(s)$ приводит к понятию автоморфной функции (см. [5]).

Имеются линейные уравнения высших порядков, свойства решений к-рых аналогичны свойствам гипергеометрич. функции: решение уравнения $(q+1)$-го порядка

\[
\begin{gathered}
{\left[z \frac{d}{d z} \prod_{j=1}^{q}\left(z \frac{d}{d z}+\gamma_{j}-1\right)-\right.} \\
\left.-z \prod_{i=1}^{p}\left(z \frac{d}{d z}+\alpha_{i}\right)\right] w=0
\end{gathered}
\]

есть обобщенная гипергеометрическая функция ${ }_{p} F_{q}\left(\alpha_{i}, \gamma_{j}, z\right)$, содержащая $p+q$ параметров. В частности, обобщенное Г. у. 3-го порядка, имеющее решение ${ }_{3} F_{2}\left(\alpha_{1}, \alpha_{2}, \alpha_{3}, \gamma_{1}, \gamma_{2} ; z\right)$, можно представить в форме

$z^{2}(1-z) w^{\prime \prime \prime}+\left[1+\gamma_{1}+\gamma_{2}-\left(3+\alpha_{1}+\alpha_{2}+\alpha_{3}\right) z\right] z w^{\prime \prime}+$

$+\left[\gamma_{1} \gamma_{2}-\left(1+\alpha_{1}+\alpha_{2}+\alpha_{3}+\alpha_{1} \alpha_{2}+\alpha_{2} \alpha_{3}+\alpha_{3} \alpha_{1}\right) z\right] w^{\prime}-$ $-\alpha_{1} \alpha_{2} \alpha_{3} w=0$.

Jum.: [1] G a u s s C., &quot;Comm. recentiores Soc. Göttingen», $1812, \mathrm{Bd} 2 ;[2]$ K p a т ц е $\mathrm{p}$ A., $\mathbf{\Phi} \mathrm{p}$ а н ц В., Трансцендентные функции, пер. с нем., М., $1963 ;$ [3] Б е й т м е н Г., Э pд е й и А., Высшие трансцендентные функции. Гипергеометри$1973 ;$ [4] К а м к е Ә., Справочник по обыкновенным дифференциальным уравнениям, пер. с нем., 5 изд., М., 1976; [5] Го л у б е в В. В., ЈIекции по аналитической теории диффе-
ренциальных уравнений, 2 изд., М.-Ј., 1950. Н. Х. Розов.</text_orig>
</article>
