<?xml version="1.0" ?>
<article uri="http://libmeta.ru/me/article/1065_KONSTRUKTIVNOE" alphabetic_pos="1065">
  <title>КОНСТРУКТИВНОЕ ИСЧИСЛЕНИЕ ВЫСКАЗЫВАНИЙ</title>
  <authors/>
  <pages>
    <start>527</start>
    <end>527</end>
  </pages>
  <literature>
    <literature_orig/>
  </literature>
  <formulas_main/>
  <formulas_aux/>
  <relations n="0"/>
  <text>логическое исчисление, оптсывающее способы вывода высказываний, нстинных с точки зренія конструктивной математики. Обычно этот термпн рассматривается как синоншм термина интуиционистское исчисление высказываний. Однако, при нек-рых спеціалыных Iнтерпретация х конструктивизма интуиционистское псчисление высказываний оказывается неполным. Напр., известная ф о р м у л а $\mathrm{p}$ о у 3 a:

$((\neg 7 A \supset A) \supset(\neg 7 A \vee 7 A)) \supset(\neg \neg A \vee \neg A)$ где $\boldsymbol{a}$ - формула $7 p \vee 7 q$, а $p, q$ - пропозициональные переменные, не выводится в интуиционистском псчислениі высказываний и в то же время тождественно Iістінна в интерпретации рекурсивной реализуемости Кілiни, по крайней мере, если признавать конструктивиого подбора принцип. Актуальной задачей является исследование полноты К. и. в. для различных варіантов семантікi конструктивнойі математікі.

Лит.: [1] К л и н и С. К., Введение в метаматематику, пеp. c aнгл., M., 1957; [2] R o s e G. F., &quot;trans. Amer. Math.</text>
  <text_orig>логическое исчисление, оптсывающее способы вывода высказываний, нстинных с точки зренія конструктивной математики. Обычно этот термпн рассматривается как синоншм термина интуиционистское исчисление высказываний. Однако, при нек-рых спеціалыных Iнтерпретация х конструктивизма интуиционистское псчисление высказываний оказывается неполным. Напр., известная ф о р м у л а $\mathrm{P}$ о у 3 a:

$((\neg 7 A \supset A) \supset(\neg 7 A \vee 7 A)) \supset(\neg \neg A \vee \neg A)$ где $\boldsymbol{A}$ - формула $7 p \vee 7 q$, а $p, q$ - пропозициональные переменные, не выводится в интуиционистском псчислениі высказываний и в то же время тождественно Iістінна в интерпретации рекурсивной реализуемости КілIни, по крайней мере, если признавать конструктивиого подбора принцип. Актуальной задачей является исследование полноты К. и. в. для различных варіантов семантікI конструктивнойі математікі.

Лит.: [1] К л и н и С. К., Введение в метаматематику, пеp. c aнгл., M., 1957; [2] R o s e G. F., &quot;Trans. Amer. Math.</text_orig>
</article>
