<?xml version="1.0" ?>
<article uri="http://libmeta.ru/me/article/1065_NORMAL'NOI" alphabetic_pos="1065">
  <title>НОРМАЛЬНОИ КРИВИЗНЫ ЭЛЛИПС</title>
  <authors/>
  <pages>
    <start>537</start>
    <end>537</end>
  </pages>
  <literature>
    <literature_orig/>
  </literature>
  <formulas_main/>
  <formulas_aux/>
  <relations n="0"/>
  <text>геометрическая конструкция, к-рая характеризует распределение кривизн в нек-рой точке регулярной поверхности $m^{2}$ в $n$-мерном евклидовом пространстве $e^{n}$. Пусть $p$ - гочка поверхности $m^{2}$ и $n_{l}$ есть, $(n-1)$-мерное подпространство, содержащее нормальное дополнение $n$ и $m^{2}$ в $p$ и касательное к $m^{2}$ в точке $p$ направление $l$. Ceчение $m^{2}$ годпространством $n_{l}$ наз. н о р м а л ь н ы м с е ч е н и е м $\gamma_{l}$ в точке $p$. Вектор $\frac{d^{2} v_{l}}{d s^{2}}$, лежащий в $n$, где $s$ - натуральный параметр на сечении $\gamma_{l}$, наз. вектором норма льно й кр инизны $m^{2}$ в направлении $l$. Концы векторов нормальной кривизны образуют э лг и п с н о р а ль но й к р пв й 3 н Ы.

Для того чтобы двумерная поверхность $m^{2}$ с ненулевой гауссовой кривизной в $e^{n}$ лежала в нек-ром трехмерном подпространстве $e^{3}$, необходимо и достаточно, чтобы ее Н. к. э. во всех точках $p$ вырождался в отрезок, проходящий через $p$ (см. [2]).

Аналогично определяется индикатриса кривизны для подмногообразия $m^{m}$ произвольной размерности $m$. Она является $(m-1)$-мерной алгебрраич. поверхностью степени $2^{m-1}$. Векторы нормальной кривизны образуют конус, к-рый вместе с касательным пространством к $m^{m}$ определяет подпространство $e^{m_{1}}$, наз. о б л ас т Б ю к р и в и з н ы $m^{2}$ в точке $p$. Размерность $m_{1}$ удовлетворяет условиям

\[
m_{1} \leqslant \frac{m(m+3)}{2}, m_{1} \leqslant n .
\]

Точки, для к-рых $m_{1}=m+1$, наз. а к с и а ль ны ми т о ч к а м и, $m_{1}=m+2-\Pi$ л а н а р ным и точкам и, $m_{1}=m+-3-$ с п ац и а льным и точ кам и. Иногда для подмногообразий с большой коразмерностью рассматривают Дюпена индикатрису, построение к-рой вполне аналогично построению индикатрисы Дюпена Для поверхности в трехмерном пространстве.
Лит.: [1] С х у т е н И. А., С т о й к Д. Д ж., Ввелum.: [1] С х о у т е н И. А., С т р о й к Д. Д ж., Вве-
дение в новые методы пифференшиальной геометрии, пер. с нем., т. 2, М. - J., 1948; [2] А м и н о в Ю. А., «укр, геометр. сб.»,</text>
  <text_orig>геометрическая конструкция, к-рая характеризует распределение кривизн в нек-рой точке регулярной поверхности $M^{2}$ в $n$-мерном евклидовом пространстве $E^{n}$. Пусть $P$ - гочка поверхности $M^{2}$ и $N_{l}$ есть, $(n-1)$-мерное подпространство, содержащее нормальное дополнение $N$ и $M^{2}$ в $P$ и касательное к $M^{2}$ в точке $P$ направление $l$. Ceчение $M^{2}$ годпространством $N_{l}$ наз. н о р м а л ь н ы м с е ч е н и е м $\gamma_{l}$ в точке $P$. Вектор $\frac{d^{2} v_{l}}{d s^{2}}$, лежащий в $N$, где $s$ - натуральный параметр на сечении $\gamma_{l}$, наз. вектором норма льно й кр инизны $M^{2}$ в направлении $l$. Концы векторов нормальной кривизны образуют э лг и п с н о р а ль но й к р пВ й 3 н Ы.

Для того чтобы двумерная поверхность $M^{2}$ с ненулевой гауссовой кривизной в $E^{n}$ лежала в нек-ром трехмерном подпространстве $E^{3}$, необходимо и достаточно, чтобы ее Н. к. э. во всех точках $P$ вырождался в отрезок, проходящий через $P$ (см. [2]).

Аналогично определяется индикатриса кривизны для подмногообразия $M^{m}$ произвольной размерности $m$. Она является $(m-1)$-мерной алгебрраич. поверхностью степени $2^{m-1}$. Векторы нормальной кривизны образуют конус, к-рый вместе с касательным пространством к $M^{m}$ определяет подпространство $E^{m_{1}}$, наз. о б л ас т Б ю к р и в и з н ы $M^{2}$ в точке $P$. Размерность $m_{1}$ удовлетворяет условиям

\[
m_{1} \leqslant \frac{m(m+3)}{2}, m_{1} \leqslant n .
\]

Точки, для к-рых $m_{1}=m+1$, наз. а к с и а ль ны ми т о ч к а м и, $m_{1}=m+2-\Pi$ л а н а р ным и точкам и, $m_{1}=m+-3-$ с п ац и а льным и точ кам и. Иногда для подмногообразий с большой коразмерностью рассматривают Дюпена индикатрису, построение к-рой вполне аналогично построению индикатрисы Дюпена Для поверхности в трехмерном пространстве.
Лит.: [1] С х у т е н И. А., С т о й к Д. Д ж., ВвеЛum.: [1] С х о у т е н И. А., С т р о й к Д. Д ж., Вве-
дение в новые методы пифференшиальной геометрии, пер. с нем., т. 2, М. - J., 1948; [2] А м и н о в Ю. А., «Укр, геометр. сб.»,</text_orig>
</article>
