<?xml version="1.0" ?>
<article uri="http://libmeta.ru/me/article/1065_RELEJNO-KONTAKTNAJa" alphabetic_pos="1065">
  <title>РЕЛЕЙНО-КОНТАКТНАЯ СХЕМА -</title>
  <authors/>
  <pages>
    <start>485</start>
    <end>486</end>
  </pages>
  <literature>
    <literature_orig/>
  </literature>
  <formulas_main/>
  <formulas_aux/>
  <relations n="0"/>
  <text>математическая модель электротехнич. устройств, состоящих из контактов и промежуточных реле, функционирующих в дискретные моменты времени. Р.-к. с.- один из первых классов управляющих систем, рассмотренных с математич. точки зрения, а также один из первых вариантов понятия автомата конечного. Первые описания Р.-к. с. появились в $1938-44$ (см. [1]-[3]).

Математически Р.-к. с. представляет собой конечный граф, всем ребрам и нек-рым выделенным вершинам к-рого приписаны символы из алфавитов

\[
\begin{gathered}
x=\left\{x_{1}, \bar{x}_{1}, \ldots, x_{n}, \bar{x}_{n}\right\}, Y=\left\{Y_{1}, \ldots, Y_{m}\right\}, \\
y=\left\{y_{1}, \bar{y}_{1}, \ldots, y_{m}, \bar{y}_{m}\right\}, a=\left\{a_{+}, a_{-}, a_{1}, \ldots, a_{s}\right\}
\end{gathered}
\]

следующим образом. Каждой выделенной вершине графа (эти вершины наз. п о л ю с а м и) приписан символ из алфавита $a$ так, что различным полюсам приписаны различные символы. Множество ребер графа разбито на три непересекающиеся подмножества: $r, K_{1}, K_{2}$. Ребрам каждого из этих подмножеств приписаны символы из $y, x, y$ следующим образом. Каждому ребру из $r$ приписан символ из $y$, всем ребрам из $r$ приписаны различные символы, и все символы из $y$ приписаны ребрам из $r$. Каждому ребру множества $k_{1}$ (соответственно $k_{2}$ ) приписаны символы из $x$ (соответственно $y$ ) так, что каждый символ может быть приписан нескольким ребрам, нек-рые символы могут быть не приписаны никаким ребрам. Если множество $y$ пусто, то пусто и множество $k_{2}$. В таком случае (если непусто только $k_{1}$ ) Р.-к. с. является контактной схемой. Две Р.-к. с. наз. изоморфымы, если изоморфны их графы и соответствующим ребрам и полюсам приписаны одинаковые символы.

Полюс $a_{+}$наз. в х о д н ы м, полюсы $a_{1}, \ldots, a_{s}$ наз. в ы х о д ны м и, полюс $a_{-}$может иногда также быть выходным. Ребра, к-рым принисаны символы из $x$, наз. ко н т а к т а м и о сн о в ны $\mathbf{x}$ ре ле (или о с но в ны м и ко н т а к т а м и); множество всех ребер, помеченных символами $y_{i}, y_{i}, \bar{y}_{i}$, наз. $i$-м п р ом е ж у т о чным р е ле, $i=1, \ldots, m$; ребра, помеченные символами из $y$, наз. к о н т а к т а м и п р ом е ж у то ч ны х р е л е; ребра, помеченные символами из $y$, наз. о б м о т к а м и. Последовательность контактов и обмоток между нек-рыми вершинами Р.к. с., соответствующая простої цепи графа, наз. це п б ю. Функционирование Р.-к. с. происходит в дискретные моменты времени $1,2, \ldots, t, \ldots$ и рассматривается в терминах проводимостей, к-рые в каждый момент представляют собой (в рассматриваемой модели) функции алгебры логики. Проводимость контактов $x_{j}, \bar{x}_{j}, j=1$, $\ldots, n$, в любой момент $t$ равна значению соответствующей переменной $\left(x_{j}\right.$ или $\left.\bar{x}_{j}\right)$. П р о в о д и м о с т ь к о н т а к т а $y_{i}, i=1, \ldots, m$, промежуточного реле в момент 1 равна нулю, проводимость контакта $\bar{y}_{i}$ в момент 1 равна единице; п р о в о д и м о с т ь о б м о тк и всегда равна единице. Всякая обмотка в момент $t$ может находиться в различных состояниях. Состояние обмотки в момент $t$ (в рассматриваемой двузначной модели - 1 и 0 - «возбуждена» и «не возбуждена») может определяться по-разному. Напр., обмотка $y_{i}$ находится в состоянии 1 в момент времени $t$ тогда и только тогда, когда либо а) существует цепь $\sigma$ между полюсами $a_{+}$и $a_{-}$, проходящая через $y_{i}$ и имеющая в момент $t$ проводимость 1; либо б) выполнено условие а) и не существует цепи, состоящей только из контактов, имеющей в момент $t$ проводимость 1 и соединяющей некоторые вершины цепи $\sigma$, расположенные по разные стороны от $y_{i}$.

Проводимость промежуточного контакта $y_{i}\left(\overline{y_{i}}\right)$ в момент $t$ зависит от состояния обмотки $y_{i}$ в момент $t-1$, а именно: проводимость $y_{i}$ с ним совпадает, проводимость $\bar{y}_{i}$ - противоположна. Проводимость цепи Р.к. с. между двумя вершинами в момент $t$ равна конъюнкции проводимостей в момент $t$ образующих ее контактов и обмоток. Состояния обмоток, таким образом, в момент $t$, вообще говоря, зависят от последовательности наборов значений переменных $x_{1}, \ldots, x_{n}$ в предыдущие моменты времени. При подаче в последовательные моменты времени на переменные $x_{1}, \ldots, x_{n}$ последовательности наборов значений между парой полюсов $a_{+}$ и $a_{k}, k=1, \ldots, s$, а в частном случае и между $a_{+}$и $a_{-}$, реализуется ограниченно-детерлинированная бункция. Изоморфные Р.-к. с. реализуют одну и ту же ограниченно-детерминированную функцию. Если Р.-к. с. такова, что при подаче на переменные $x_{1}, \ldots, x_{n}$ одного и того же набора значений $\left(\sigma_{1}, \ldots, \sigma_{n}\right)$, начиная с нек-рого момента $t$, обмотки промежуточных реле не меняют своих состояний (и так для каждого набора значений переменных $x_{1}, \ldots, x_{n}$ ), то говорят об «установившихся&quot; состояниях обмоток, и посредством Р.-к. с. реализуются функции алгебры логики. Если стабилизация обмоток с момента $t$ наступает сразу для всех наборов значений переменных $x_{1}, \ldots, x_{n}$, то Р.-к. с. наз. о д в о т а к тн о й; если стабилизация наступает в момент $t+\tau$, то Р.-к. с. наз. $\tau-т$ а к т н о й.

С л о ж н о с т ь Р.-к. с. определяется как сумма весов (или индексов сложности) всех основных контактов, промежуточных контактов и обмоток Р.-к. с. Асимптотич. выражение для сложности самой простой Р.-к. с., реализующей самую сложно реализуемую функцию алгебры логики, имеет вид $\rho 2^{n / n}$, где $\rho$ - константа, зависящая от выбранного способа функционирования, топологии схем и сложности контактов и обмоток реле

Лum.: [1] Iii е н н о н К., Работы по теории информации и кибернетике, пер. с англ., М., 1963 , с. $9-45 ;[2] \Gamma$ а в р ил о в М. А., Теория релейно-контактных схем, 2 изд., Минск, 1950; [3] Ші е с т а к о в В. И., “уч. зап. Мгу. Математика», 1944 , в. 73 , кн. 5 , с. $45-48 ;$ [4] Л у п а н о в О. Б., «проблемы кибернетики&quot;, 1964 , в. 11, с. $25-47$. Н. А. Карпова.</text>
  <text_orig>математическая модель электротехнич. устройств, состоящих из контактов и промежуточных реле, функционирующих в дискретные моменты времени. Р.-к. с.- один из первых классов управляющих систем, рассмотренных с математич. точки зрения, а также один из первых вариантов понятия автомата конечного. Первые описания Р.-к. с. появились в $1938-44$ (см. [1]-[3]).

Математически Р.-к. с. представляет собой конечный граф, всем ребрам и нек-рым выделенным вершинам к-рого приписаны символы из алфавитов

\[
\begin{gathered}
x=\left\{x_{1}, \bar{x}_{1}, \ldots, x_{n}, \bar{x}_{n}\right\}, Y=\left\{Y_{1}, \ldots, Y_{m}\right\}, \\
y=\left\{y_{1}, \bar{y}_{1}, \ldots, y_{m}, \bar{y}_{m}\right\}, a=\left\{a_{+}, a_{-}, a_{1}, \ldots, a_{s}\right\}
\end{gathered}
\]

следующим образом. Каждой выделенной вершине графа (эти вершины наз. п о л ю с а м и) приписан символ из алфавита $a$ так, что различным полюсам приписаны различные символы. Множество ребер графа разбито на три непересекающиеся подмножества: $R, K_{1}, K_{2}$. Ребрам каждого из этих подмножеств приписаны символы из $Y, x, y$ следующим образом. Каждому ребру из $R$ приписан символ из $Y$, всем ребрам из $R$ приписаны различные символы, и все символы из $Y$ приписаны ребрам из $R$. Каждому ребру множества $K_{1}$ (соответственно $K_{2}$ ) приписаны символы из $x$ (соответственно $y$ ) так, что каждый символ может быть приписан нескольким ребрам, нек-рые символы могут быть не приписаны никаким ребрам. Если множество $Y$ пусто, то пусто и множество $K_{2}$. В таком случае (если непусто только $K_{1}$ ) Р.-к. с. является контактной схемой. Две Р.-к. с. наз. изоморфымы, если изоморфны их графы и соответствующим ребрам и полюсам приписаны одинаковые символы.

Полюс $a_{+}$наз. в х о д н ы м, полюсы $a_{1}, \ldots, a_{s}$ наз. в ы х о д ны м и, полюс $a_{-}$может иногда также быть выходным. Ребра, к-рым принисаны символы из $x$, наз. ко н т а к т а м и о сн о в ны $\mathbf{x}$ ре ле (или о с но в ны м и ко н т а к т а м и); множество всех ребер, помеченных символами $Y_{i}, y_{i}, \bar{y}_{i}$, наз. $i$-м п р ом е ж у т о чным р е ле, $i=1, \ldots, m$; ребра, помеченные символами из $y$, наз. к о н т а к т а м и п р ом е ж у то ч ны х р е л е; ребра, помеченные символами из $Y$, наз. о б м о т к а м и. Последовательность контактов и обмоток между нек-рыми вершинами Р.к. с., соответствующая простої цепи графа, наз. це п б ю. Функционирование Р.-к. с. происходит в дискретные моменты времени $1,2, \ldots, t, \ldots$ и рассматривается в терминах проводимостей, к-рые в каждый момент представляют собой (в рассматриваемой модели) функции алгебры логики. Проводимость контактов $x_{j}, \bar{x}_{j}, j=1$, $\ldots, n$, в любой момент $t$ равна значению соответствующей переменной $\left(x_{j}\right.$ или $\left.\bar{x}_{j}\right)$. П р о в о д и м о с т ь к о н т а к т а $y_{i}, i=1, \ldots, m$, промежуточного реле в момент 1 равна нулю, проводимость контакта $\bar{y}_{i}$ в момент 1 равна единице; п р о в о д и м о с т ь о б м о тк и всегда равна единице. Всякая обмотка в момент $t$ может находиться в различных состояниях. Состояние обмотки в момент $t$ (в рассматриваемой двузначной модели - 1 и 0 - «возбуждена» и «не возбуждена») может определяться по-разному. Напр., обмотка $Y_{i}$ находится в состоянии 1 в момент времени $t$ тогда и только тогда, когда либо а) существует цепь $\sigma$ между полюсами $a_{+}$и $a_{-}$, проходящая через $Y_{i}$ и имеющая в момент $t$ проводимость 1; либо б) выполнено условие а) и не существует цепи, состоящей только из контактов, имеющей в момент $t$ проводимость 1 и соединяющей некоторые вершины цепи $\sigma$, расположенные по разные стороны от $Y_{i}$.

Проводимость промежуточного контакта $y_{i}\left(\overline{y_{i}}\right)$ в момент $t$ зависит от состояния обмотки $Y_{i}$ в момент $t-1$, а именно: проводимость $y_{i}$ с ним совпадает, проводимость $\bar{y}_{i}$ - противоположна. Проводимость цепи Р.к. с. между двумя вершинами в момент $t$ равна конъюнкции проводимостей в момент $t$ образующих ее контактов и обмоток. Состояния обмоток, таким образом, в момент $t$, вообще говоря, зависят от последовательности наборов значений переменных $x_{1}, \ldots, x_{n}$ в предыдущие моменты времени. При подаче в последовательные моменты времени на переменные $x_{1}, \ldots, x_{n}$ последовательности наборов значений между парой полюсов $a_{+}$ и $a_{k}, k=1, \ldots, s$, а в частном случае и между $a_{+}$и $a_{-}$, реализуется ограниченно-детерлинированная бункция. Изоморфные Р.-к. с. реализуют одну и ту же ограниченно-детерминированную функцию. Если Р.-к. с. такова, что при подаче на переменные $x_{1}, \ldots, x_{n}$ одного и того же набора значений $\left(\sigma_{1}, \ldots, \sigma_{n}\right)$, начиная с нек-рого момента $t$, обмотки промежуточных реле не меняют своих состояний (и так для каждого набора значений переменных $x_{1}, \ldots, x_{n}$ ), то говорят об «установившихся&quot; состояниях обмоток, и посредством Р.-к. с. реализуются функции алгебры логики. Если стабилизация обмоток с момента $t$ наступает сразу для всех наборов значений переменных $x_{1}, \ldots, x_{n}$, то Р.-к. с. наз. о д в о т а к тн о й; если стабилизация наступает в момент $t+\tau$, то Р.-к. с. наз. $\tau-т$ а к т н о й.

С л о ж н о с т ь Р.-к. с. определяется как сумма весов (или индексов сложности) всех основных контактов, промежуточных контактов и обмоток Р.-к. с. Асимптотич. выражение для сложности самой простой Р.-к. с., реализующей самую сложно реализуемую функцию алгебры логики, имеет вид $\rho 2^{n / n}$, где $\rho$ - константа, зависящая от выбранного способа функционирования, топологии схем и сложности контактов и обмоток реле

Лum.: [1] III е н н о н К., Работы по теории информации и кибернетике, пер. с англ., М., 1963 , с. $9-45 ;[2] \Gamma$ а в р ил о в М. А., Теория релейно-контактных схем, 2 изд., Минск, 1950; [3] Ші е с т а к о в В. И., “Уч. зап. МГУ. Математика», 1944 , в. 73 , кн. 5 , с. $45-48 ;$ [4] Л у п а н о в О. Б., «Проблемы кибернетики&quot;, 1964 , в. 11, с. $25-47$. Н. А. Карпова.</text_orig>
</article>
