<?xml version="1.0" ?>
<article uri="http://libmeta.ru/me/article/1065_GIPERGOMOLOGIJ" alphabetic_pos="1065">
  <title>ГИПЕРГОМОЛОГИЙ ФУНКТОР</title>
  <authors/>
  <pages>
    <start>504</start>
    <end>504</end>
  </pages>
  <literature>
    <literature_orig/>
  </literature>
  <formulas_main/>
  <formulas_aux/>
  <relations n="0"/>
  <text>набор функторов $\mathbb{z}_{n} F$ на категории комплексов, связанный с нек-рым функтором $f$. Именно, пусть $f: A \rightarrow B-$ ковариантный аддитивный функтор из абелевой категории $a$ с достаточным числом проективных объектов в абелеву категорию $b$. Пусть далее $k$. - цепной комплекс со значениями в $\boldsymbol{a}$ и $l_{\ldots}$ - резольвента Картана - Эйленберга комплекса $k$., состоящая из проективных объектов. Тогда бикомплекс $f(l \ldots)$ определяет гомологии $h_{n}(f(l \ldots))=\mathbb{Z}_{n} F(K$.$) и две сходящиеся к ним спект-$ ральные последовательности с начальными членамі

\[
' E_{p, q}^{2}=H_{p}\left(L_{q} F(K .)\right) \quad \text { и } \quad &quot; E_{p, q}^{2}=L_{p} F\left(H_{q}(K .)\right) .
\]

Эти гомологии и спектральные последовательности функториально зависят от $k$. и наз. соответственно фу нг тор ам и гипе ргомологи й для $f$ И с пе к т р альными функтор ами гипергом о ло г и й для $f . \Gamma$. ф. $\mathbb{z} . F$ является гомологич. функтором на категории комплексов в следующих важных случаях: когда $f$ перестановочен с индуктивнымі пределами; когда объекты категории $a$ имеют проективные резольвенты длины $\leqslant n ;$ если рассматривать его на категории комілексов с положительными степенями.

Двойственным образом определяются ф у н к т о р ы г И П е р ко г о м о л о г I й.

Лит.: [1] К а ческая алгебра, пер. с англ., М., 1960; [2] $\gamma$ р о т е н д и к А., О некоторых вопросах гомологической алгебры, пер. с ф франц.,
М., 1961. Данилов.</text>
  <text_orig>набор функторов $\mathbb{Z}_{n} F$ на категории комплексов, связанный с нек-рым функтором $F$. Именно, пусть $F: A \rightarrow B-$ ковариантный аддитивный функтор из абелевой категории $A$ с достаточным числом проективных объектов в абелеву категорию $B$. Пусть далее $K$. - цепной комплекс со значениями в $\boldsymbol{A}$ и $L_{\ldots}$ - резольвента Картана - Эйленберга комплекса $K$., состоящая из проективных объектов. Тогда бикомплекс $F(L \ldots)$ определяет гомологии $H_{n}(F(L \ldots))=\mathbb{Z}_{n} F(K$.$) и две сходящиеся к ним спект-$ ральные последовательности с начальными членамі

\[
' E_{p, q}^{2}=H_{p}\left(L_{q} F(K .)\right) \quad \text { и } \quad &quot; E_{p, q}^{2}=L_{p} F\left(H_{q}(K .)\right) .
\]

Эти гомологии и спектральные последовательности функториально зависят от $K$. и наз. соответственно фу нг тор ам и гипе ргомологи й для $F$ И с пе к т р альными функтор ами гипергом о ло г и й для $F . \Gamma$. ф. $\mathbb{Z} . F$ является гомологич. функтором на категории комплексов в следующих важных случаях: когда $F$ перестановочен с индуктивнымі пределами; когда объекты категории $A$ имеют проективные резольвенты длины $\leqslant n ;$ если рассматривать его на категории комілексов с положительными степенями.

Двойственным образом определяются ф у н к т о р ы г И П е р ко г о м о л о г I й.

Лит.: [1] К а ческая алгебра, пер. с англ., М., 1960; [2] $\Gamma$ р о т е н д и к А., О некоторых вопросах гомологической алгебры, пер. с ф франц.,
М., 1961. Данилов.</text_orig>
</article>
