<?xml version="1.0" ?>
<article uri="http://libmeta.ru/me/article/1066_EVOLJuT" alphabetic_pos="1066">
  <title>ЭВОЛЮТА</title>
  <authors/>
  <pages>
    <start>462</start>
    <end>462</end>
  </pages>
  <literature>
    <literature_orig/>
  </literature>
  <formulas_main/>
  <formulas_aux/>
  <relations n="0"/>
  <text>п ло с к о й к р и в о й $ү$ множество $\tilde{\gamma}$ точек центров кривизны кривой $\boldsymbol{\gamma}$. Если $\boldsymbol{r}=\boldsymbol{r}(s)$ (где $s$ - натуральный параметр) - уравнение кривой $\gamma$, то
![](https://cdn.mathpix.com/cropped/2023_07_09_1c2f273a37901c13316cg-1.jpg?height=712&amp;width=800&amp;top_left_y=1104&amp;top_left_x=985)

уравнение ее Ә. имеет вид:

\[
\tilde{r}=\boldsymbol{r}+\frac{1}{k} \boldsymbol{v}
\]

где $k$ - кривизна, $\boldsymbol{v}-$ нормаль кривой $\gamma$. На рис. показано строение Э. в трех характерных случаях:

а) вдоль всей кривой производная $k^{\prime}$ знакоопределена, $k$ не обращается в нуль;

б) вдоль всей кривой производная $k^{\prime}$ знакоопределена, $k$ обращается в нуль при $s=s_{0}$;

в) для $s&lt;s_{0} \quad k^{\prime}&gt;0$, для $s&gt;s_{0} k^{\prime}(s)&lt;0, k^{\prime}\left(s_{0}\right)=0, k$ нө обращается в нуль (точка Э., соответствующая $s=s_{0}$, является точкой возврата). Длина отрезка А., соответствуюцего отрезку $s_{1} \leqslant s \leqslant s_{2}$ кривой $\gamma$, равна

\[
\tilde{s}\left(s_{1}, s_{2}\right)=\left|\frac{1}{k\left(s_{2}\right)}-\frac{1}{k\left(s_{1}\right)}\right| \text {. }
\]

Э. является огибающей нормалей кривой $\gamma$. Кривая $ү$ по отношению к своей Ә. наз. эвольвентой. Д. Д. Соколов.</text>
  <text_orig>п ло с к о й к р и в о й $ү$ множество $\tilde{\gamma}$ точек центров кривизны кривой $\boldsymbol{\gamma}$. Если $\boldsymbol{r}=\boldsymbol{r}(s)$ (где $s$ - натуральный параметр) - уравнение кривой $\gamma$, то
![](https://cdn.mathpix.com/cropped/2023_07_09_1c2f273a37901c13316cg-1.jpg?height=712&amp;width=800&amp;top_left_y=1104&amp;top_left_x=985)

уравнение ее Ә. имеет вид:

\[
\tilde{r}=\boldsymbol{r}+\frac{1}{k} \boldsymbol{v}
\]

где $k$ - кривизна, $\boldsymbol{v}-$ нормаль кривой $\gamma$. На рис. показано строение Э. в трех характерных случаях:

а) вдоль всей кривой производная $k^{\prime}$ знакоопределена, $k$ не обращается в нуль;

б) вдоль всей кривой производная $k^{\prime}$ знакоопределена, $k$ обращается в нуль при $s=s_{0}$;

в) для $s&lt;s_{0} \quad k^{\prime}&gt;0$, для $s&gt;s_{0} k^{\prime}(s)&lt;0, k^{\prime}\left(s_{0}\right)=0, k$ нө обращается в нуль (точка Э., соответствующая $s=s_{0}$, является точкой возврата). Длина отрезка А., соответствуюцего отрезку $s_{1} \leqslant s \leqslant s_{2}$ кривой $\gamma$, равна

\[
\tilde{s}\left(s_{1}, s_{2}\right)=\left|\frac{1}{k\left(s_{2}\right)}-\frac{1}{k\left(s_{1}\right)}\right| \text {. }
\]

Э. является огибающей нормалей кривой $\gamma$. Кривая $ү$ по отношению к своей Ә. наз. эвольвентой. Д. Д. Соколов.</text_orig>
</article>
