<?xml version="1.0" ?>
<article uri="http://libmeta.ru/me/article/1066_REL'EF" alphabetic_pos="1066">
  <title>РЕЛЬЕФ АНАЛИТИЧЕСКОИ ФУНКЦИИ</title>
  <authors/>
  <pages>
    <start>486</start>
    <end>486</end>
  </pages>
  <literature>
    <literature_orig/>
  </literature>
  <formulas_main/>
  <formulas_aux/>
  <relations n="0"/>
  <text>то же, что аналитический ландиабт.</text>
  <text_orig>то же, что аналитический ландиабт.</text_orig>
</article>
