<?xml version="1.0" ?>
<article uri="http://libmeta.ru/me/article/1067_RELJaTIVISTSKAJa" alphabetic_pos="1067">
  <title>РЕЛЯТИВИСТСКАЯ ДИНАМИКА</title>
  <authors/>
  <pages>
    <start>486</start>
    <end>486</end>
  </pages>
  <literature>
    <literature_orig/>
  </literature>
  <formulas_main/>
  <formulas_aux/>
  <relations n="0"/>
  <text>раздел частной теории относительности, посвященный изучению движения материальных тел под действием приложенных к ним сил. В теории относительности свободные, т. е. не подверженные действию сил, материальные точки имеют в качестве своих мировых линий времениподобные или изотропные геодезические. Этот факт является выражением закона инерции в теории относительности.

Если на частицу действуют силы, то ее мировая линия не совпадает с геодезической. Для описания движения частицы вводятся понятия четырехмерного вектора энергии-импульса $p^{i}$ и вектора четырехмерной силы $g^{i}$. Именно,

\[
p^{i}=(\boldsymbol{E} / c ; \boldsymbol{p})
\]

где $e$ - энергия частицы, $m$ - масса покоя, $\boldsymbol{p}$ - трехмерный импульс частицы. Вектор $g^{i}$ определяется соотношением

\[
g^{i}=\left(\frac{\boldsymbol{F V}}{c^{2} \sqrt{1-V^{2} / c^{2}}} ; \frac{\boldsymbol{F}}{c \sqrt{1-V^{2} / c^{2}}}\right)
\]

где $\boldsymbol{f}$-трехмерная сила, $v$-скорость. С использованием этих векторов основные уравнения Р. Д. могут быть записаны в виде, аналогичном виду уравнений второго закона Ньютона:

\[
g i=\frac{d p^{i}}{d s}=m c \frac{d u^{i}}{d s} .
\]

Конкретный вид силы $g^{i}$ устанавливается в тех разделах теории относительности, к-рые изучают конкретные свойства различных взаимодействий. Напр., сила, действующая на частицу в электромагнитном поле с и ла Л о р е н ц а, имеет вид

\[
g i=\frac{e}{c} F i k_{k}
\]

где $e$ - заряд частицы, $f^{i k}$ - тензор әлектромагнитного поля, $u_{k}$ - четырехмерная скорость.

Лит.: [1] Л а н д а у Ј. Д., Л и ф ш и ц Е. М., Теория поля, 6 изд., М., 1973. ство физич. законов сохранять свой вид при преобразованиях Лоренца, описывающих переход от одной инерциальной системы отсчета к другой. Это свойство физич. законов наз. л о р е н ц - и н в а р и а н т но с т ь ю. В тех случаях, когда необходимо подчеркнуть, что Р. и. включает и инвариантность при параллельных переносах во времени и пространстве, говорят о п у а н к ар е - и н в а р и а н т н о с т и. Лоренц-инвариантность означает равноправие всех инерциальных систем и однородность пространства-времени.

В общей теории относительности инвариантность физич. законов при переходе от одной ло к а л ь н о й инерциальной системы отсчета к другой наз. л о к а л ьн о й л о р е н ц- и н в а р и а н т нос т ь ю. В нек-рых случаях в общей теории относительности рассматривают также величины, к-рые определены при задании конгруэнции линий времени (т. е. задании системы отсчета) и инвариантны относительно выбора пространственных сечений. Эти величины наз. х р о н о м е т р ич е с ки ми ин в а р и а нт а ми.

Лит.: [1] Ф о к В. А., Теория Эйнштейна и физическая относительность, М.,</text>
  <text_orig>раздел частной теории относительности, посвященный изучению движения материальных тел под действием приложенных к ним сил. В теории относительности свободные, т. е. не подверженные действию сил, материальные точки имеют в качестве своих мировых линий времениподобные или изотропные геодезические. Этот факт является выражением закона инерции в теории относительности.

Если на частицу действуют силы, то ее мировая линия не совпадает с геодезической. Для описания движения частицы вводятся понятия четырехмерного вектора энергии-импульса $p^{i}$ и вектора четырехмерной силы $g^{i}$. Именно,

\[
p^{i}=(\boldsymbol{E} / c ; \boldsymbol{p})
\]

где $E$ - энергия частицы, $m$ - масса покоя, $\boldsymbol{p}$ - трехмерный импульс частицы. Вектор $g^{i}$ определяется соотношением

\[
g^{i}=\left(\frac{\boldsymbol{F V}}{c^{2} \sqrt{1-V^{2} / c^{2}}} ; \frac{\boldsymbol{F}}{c \sqrt{1-V^{2} / c^{2}}}\right)
\]

где $\boldsymbol{F}$-трехмерная сила, $V$-скорость. С использованием этих векторов основные уравнения Р. Д. могут быть записаны в виде, аналогичном виду уравнений второго закона Ньютона:

\[
g i=\frac{d p^{i}}{d s}=m c \frac{d u^{i}}{d s} .
\]

Конкретный вид силы $g^{i}$ устанавливается в тех разделах теории относительности, к-рые изучают конкретные свойства различных взаимодействий. Напр., сила, действующая на частицу в электромагнитном поле с и ла Л о р е н ц а, имеет вид

\[
g i=\frac{e}{c} F i k_{k}
\]

где $e$ - заряд частицы, $F^{i k}$ - тензор әлектромагнитного поля, $u_{k}$ - четырехмерная скорость.

Лит.: [1] Л а н д а у Ј. Д., Л и ф ш и ц Е. М., Теория поля, 6 изд., М., 1973. ство физич. законов сохранять свой вид при преобразованиях Лоренца, описывающих переход от одной инерциальной системы отсчета к другой. Это свойство физич. законов наз. л о р е н ц - и н в а р и а н т но с т ь ю. В тех случаях, когда необходимо подчеркнуть, что Р. и. включает и инвариантность при параллельных переносах во времени и пространстве, говорят о п у а н к ар е - и н в а р и а н т н о с т и. Лоренц-инвариантность означает равноправие всех инерциальных систем и однородность пространства-времени.

В общей теории относительности инвариантность физич. законов при переходе от одной ло к а л ь н о й инерциальной системы отсчета к другой наз. л о к а л ьн о й л о р е н ц- и н в а р и а н т нос т ь ю. В нек-рых случаях в общей теории относительности рассматривают также величины, к-рые определены при задании конгруэнции линий времени (т. е. задании системы отсчета) и инвариантны относительно выбора пространственных сечений. Эти величины наз. х р о н о м е т р ич е с ки ми ин в а р и а нт а ми.

Лит.: [1] Ф о к В. А., Теория Эйнштейна и физическая относительность, М.,</text_orig>
</article>
