<?xml version="1.0" ?>
<article uri="http://libmeta.ru/me/article/1067_EVOLJuT" alphabetic_pos="1067">
  <title>ЭВОЛЮТА</title>
  <authors/>
  <pages>
    <start>462</start>
    <end>463</end>
  </pages>
  <literature>
    <literature_orig/>
  </literature>
  <formulas_main/>
  <formulas_aux/>
  <relations n="0"/>
  <text>ә в о л ю т н а я п о в е р х н о с т ь, множество ребер возврата развертывающихся поверхностей, образованных нормалями к поверхности $f$ вдоль одного семейства линий кривизны $f$. Э. состоит из двух полостей $f_{u}$ и $f_{u}$, каждая из к-рых является множеством центров нормальных кривизн соответствующего семейства $u, v$ линий кривизны. Поверхность по отношению к своей Э. наз. э в о л ь в е н т о й (э в о л ь в е в тн о й Ii о в $е \mathrm{p} \mathbf{x}$ н о с т ь ю). Напр., Э. тора есть ось вращения его и окружность, описываемая пентром вращающейся окружности.

Радиус-векторы $r_{u}$ и $r_{0}$ соответствующих полостей Э. $f_{u}$ и $f_{v}$ суть:

\[
R_{u}=r+\rho_{u} n, \quad R_{v}=r+\rho_{v} n,
\]

где $\rho_{u}, \rho_{v}-$ радиусы нормальных кривизн линий кривизны $(u, v), r$ - радиус-вектор поверхности $f, n-$ нормаль к $f$. Ортогональные траектории ребер возврата $f_{v}$ полости $э: F_{v}$ совпадают с линиями уровня фуннкции $\rho_{v}$ и являются геодезическими параллелями.

$\mathrm{c} \mathrm{p}$ едне й эв олют о й (с $\mathrm{p}$ едне й оги-

![](https://cdn.mathpix.com/cropped/2023_07_09_98d3f8762fd3bea86ffbg-1.jpg?height=45&amp;width=811&amp;top_left_y=645&amp;top_left_x=138)
поверхности $f$ наз. огибающая плоскостей, параллельных касательным плоскостям $f$ и проходящих через середину отрезка между центрами нормальных кривизн линий кривизны; ее радиус-вектор $r_{c}=r+\frac{h}{k} n$, где $h$ и $k$ - соответственно средняя и гауссова кривизны $f$, так что $f$ и $\phi$ - параллельные поверхности. При әтом, если $\delta^{\prime}$ - второй дифференциальный параметр, соответствующий Iii квадратичной форме $f$ и $w=(r n)$, то $\delta^{\prime} w=-2\left(w+\frac{H}{K}\right)$. Если $w=-\frac{H}{K}$, т. е. средняя Э. вырождается в плоскость, то получается п о в е р хнос т ь Б о нв е, если же $w+\frac{h}{k}=c w$, то поверхность $f$ гомотетична $\phi$ п наз. п о в е р х н о с т ь ю $\gamma$ у р с а, в частности при $c=1$ получается минимальная поверхность.</text>
  <text_orig>ә в о л ю т н а я п о в е р х н о с т ь, множество ребер возврата развертывающихся поверхностей, образованных нормалями к поверхности $F$ вдоль одного семейства линий кривизны $F$. Э. состоит из двух полостей $F_{u}$ и $F_{u}$, каждая из к-рых является множеством центров нормальных кривизн соответствующего семейства $u, v$ линий кривизны. Поверхность по отношению к своей Э. наз. э в о л ь в е н т о й (э в о л ь в е в тн о й II о в $е \mathrm{p} \mathbf{x}$ н о с т ь ю). Напр., Э. тора есть ось вращения его и окружность, описываемая пентром вращающейся окружности.

Радиус-векторы $R_{u}$ и $R_{0}$ соответствующих полостей Э. $F_{u}$ и $F_{v}$ суть:

\[
R_{u}=r+\rho_{u} n, \quad R_{v}=r+\rho_{v} n,
\]

где $\rho_{u}, \rho_{v}-$ радиусы нормальных кривизн линий кривизны $(u, v), r$ - радиус-вектор поверхности $F, n-$ нормаль к $F$. Ортогональные траектории ребер возврата $F_{v}$ полости $Э: F_{v}$ совпадают с линиями уровня фуннкции $\rho_{v}$ и являются геодезическими параллелями.

$\mathrm{C} \mathrm{p}$ едне й эв олют о й (с $\mathrm{p}$ едне й оги-

![](https://cdn.mathpix.com/cropped/2023_07_09_98d3f8762fd3bea86ffbg-1.jpg?height=45&amp;width=811&amp;top_left_y=645&amp;top_left_x=138)
поверхности $F$ наз. огибающая плоскостей, параллельных касательным плоскостям $F$ и проходящих через середину отрезка между центрами нормальных кривизн линий кривизны; ее радиус-вектор $R_{c}=r+\frac{H}{K} n$, где $H$ и $K$ - соответственно средняя и гауссова кривизны $F$, так что $F$ и $\Phi$ - параллельные поверхности. При әтом, если $\Delta^{\prime}$ - второй дифференциальный параметр, соответствующий III квадратичной форме $F$ и $w=(r n)$, то $\Delta^{\prime} w=-2\left(w+\frac{H}{K}\right)$. Если $w=-\frac{H}{K}$, т. е. средняя Э. вырождается в плоскость, то получается п о в е р хнос т ь Б о нв е, если же $w+\frac{H}{K}=c w$, то поверхность $F$ гомотетична $\Phi$ п наз. п о в е р х н о с т ь ю $\Gamma$ у р с а, в частности при $c=1$ получается минимальная поверхность.</text_orig>
</article>
