<?xml version="1.0" ?>
<article uri="http://libmeta.ru/me/article/1067_JuІІERKOMPЈEKSNOGO" alphabetic_pos="1067">
  <title>ЮІІЁРКОМПЈЕКСНОГО ПЕРЕМЕННОГО ФУНКЦИЯ</title>
  <authors/>
  <pages>
    <start>505</start>
    <end>505</end>
  </pages>
  <literature>
    <literature_orig/>
  </literature>
  <formulas_main/>
  <formulas_aux/>
  <relations n="0"/>
  <text>функция $w(z)$ гиперкомплексного переменного $z$ (см. Гиперкомплексное число) над полем действительных чисел, т. е. функция на конечномерной ассоциативной алгебре $\mathfrak{a}$. В более узком смысле под Г. п. ф. понимается функция $w(z)$ со значениями в той же алгебре $\mathfrak{y}$, т. е. функция $w(z)$ может быть представлена в виде

\[
w(z)=\sum_{k=0}^{n-1} e_{k} u_{k}
\]

где $e_{k}, k=0,1, \ldots, n-1,-$ базис алгебры $\mathfrak{a}$, а $u_{k}=$ $=u_{k}\left(x_{0}, x_{1}, \ldots, x_{n-1}\right), k=0,1, \ldots, n-1,-$ система $n$ действительных функций от $n$ действительных переменных. Теория Г. П. ф. наиболее развита в случае, когда $\mathfrak{h}$ есть алгебра кватернионов.

Ана литиче ские (ре г уля рны е) Г. п. ф. представляют собой обобщения в различных направлениях аналитич. функций одного комплексного переменного. При этом, в силу неэквивалентности различных определений аналитичности в случае произвольной алгебры, существуют различные понятия аналитической Г. П. ф.

В современных исследованиях наибольшее внимание привлекают регулярные Г. П. Ф. в с м ы с л е Ф ю тера, или $f$-а на ли тич е с ки е Г.п. ф. (см. [1]). Г. п. ф. $w(z)$ наз. п р а в о р е г у л я р н о й Г. п. ф. в точке $z_{0}$, если в этой точке справедливо дифференциальное уравнение (у с л о в и е Ф ю т е р a)

\[
\sum_{k=0}^{n-1} w^{(k)} e_{k}=0
\]

rд0

\[
w^{(k)}=\sum_{h=0}^{n-1} \frac{\partial u_{h}}{\partial x_{k}} e_{h}
\]

- частная производная функции $w$ по $x_{k}$, причем все производные предполагаются непрерывными. Функция $w(z)$ наз. л е в о р е г у л я р но й Г. П. ф., если

\[
\sum_{k=0}^{n-1} e_{k} w^{(k)}=0 .
\]

В случае некоммутативной алгебры $\mathfrak{a}$ эти понятия не равносильны. Сумма и разность праворегулярных Г. П. Ф. праворегулярны, но для произведения и частного это неверно. Степени переменного $z$ не праворегулярны. Имеются ряды Тейлора и Лорана по специально построенным аналогам степеней. Условие Фютера равносильно обращению в нуль дифференциала $\delta \omega=0$ гиперкомплексной диффференциальной формы $\omega=w d z$ (для леворегулярных $\gamma$. п. ф.- формы $\omega=d z w$ ); отсюда получается специфическая интегральная теорема.

А н а лит и ч е с к ой по Iii е ф ф е р с у Г. п. ф. [2] в точке $z_{0}$ для случая коммутативной алгебры $\mathfrak{a}$ наз. Г. п. ф., у к-рой диффференциал в этой точке может быть записан в виде

\[
d w=\varphi(z) d z
\]

где производная $\varphi(z)=d w / d z$ не зависит от $d z$. Это условие для коммутативной алгебры $\mathfrak{a}$ равносильно тому, что $d \omega=0$, и интеграл $\int w d z$ не зависит от пути; Г. п. ф., аналитические по Iiефферсу, $f$-регулярны тогда и только тогда, когда

\[
\sum_{k=0}^{n-1} e_{k}^{2}=0
\]

Г. п. ф. $w(z)$ наз. а н а ли т и ч е с к о й п о Х а у сд о р ф у [3] в точке $z_{0}$, если ее дифференциал $d w$ есть линейная функция от $d z$, то есть

\[
d w=\sum_{i, k=0}^{n-1} \varphi_{i k} e_{i} d z e_{k},
\]

где $\varphi_{i k}$ - действительные функции от $x_{0}, x_{1}, \ldots, x_{n-1}$. Аналог степенных рядов здесь строится проще, но интеграл зависит от пути. Для коммутативной алгебры $\mathfrak{y}$ определения Хаусдорфа и Шефферса эквивалентны.

Jum.: [1] F u e t e r K. R., &quot;elem. Math.&quot;, 1948, Bd 3, Akad Wiss Leipzig Math -phys $\mathrm{kl}, 1893$ Bd $45, \mathrm{~S} .828$ 48; [3] H a u s d or f f F., там же, 1900 , Bd $52, \mathrm{~S} .43-61 ;[4]$ К р и с т а л и н с к и й Р. Х., «уч. зап. Смоленского пед. ин-та&quot;, 1965, вып. 14, с. 91-95.</text>
  <text_orig>функция $w(z)$ гиперкомплексного переменного $z$ (см. Гиперкомплексное число) над полем действительных чисел, т. е. функция на конечномерной ассоциативной алгебре $\mathfrak{A}$. В более узком смысле под Г. п. ф. понимается функция $w(z)$ со значениями в той же алгебре $\mathfrak{Y}$, т. е. функция $w(z)$ может быть представлена в виде

\[
w(z)=\sum_{k=0}^{n-1} e_{k} u_{k}
\]

где $e_{k}, k=0,1, \ldots, n-1,-$ базис алгебры $\mathfrak{A}$, а $u_{k}=$ $=u_{k}\left(x_{0}, x_{1}, \ldots, x_{n-1}\right), k=0,1, \ldots, n-1,-$ система $n$ действительных функций от $n$ действительных переменных. Теория Г. П. ф. наиболее развита в случае, когда $\mathfrak{H}$ есть алгебра кватернионов.

Ана литиче ские (ре г уля рны е) Г. п. ф. представляют собой обобщения в различных направлениях аналитич. функций одного комплексного переменного. При этом, в силу неэквивалентности различных определений аналитичности в случае произвольной алгебры, существуют различные понятия аналитической Г. П. ф.

В современных исследованиях наибольшее внимание привлекают регулярные Г. П. Ф. в с м ы с л е Ф ю тера, или $F$-а на ли тич е с ки е Г.п. ф. (см. [1]). Г. п. ф. $w(z)$ наз. п р а в о р е г у л я р н о й Г. п. ф. в точке $z_{0}$, если в этой точке справедливо дифференциальное уравнение (у с л о в и е Ф ю т е р a)

\[
\sum_{k=0}^{n-1} w^{(k)} e_{k}=0
\]

rд0

\[
w^{(k)}=\sum_{h=0}^{n-1} \frac{\partial u_{h}}{\partial x_{k}} e_{h}
\]

- частная производная функции $w$ по $x_{k}$, причем все производные предполагаются непрерывными. Функция $w(z)$ наз. л е в о р е г у л я р но й Г. П. ф., если

\[
\sum_{k=0}^{n-1} e_{k} w^{(k)}=0 .
\]

В случае некоммутативной алгебры $\mathfrak{A}$ эти понятия не равносильны. Сумма и разность праворегулярных Г. П. Ф. праворегулярны, но для произведения и частного это неверно. Степени переменного $z$ не праворегулярны. Имеются ряды Тейлора и Лорана по специально построенным аналогам степеней. Условие Фютера равносильно обращению в нуль дифференциала $\delta \omega=0$ гиперкомплексной диффференциальной формы $\omega=w d z$ (для леворегулярных $\Gamma$. п. ф.- формы $\omega=d z w$ ); отсюда получается специфическая интегральная теорема.

А н а лит и ч е с к ой по III е ф ф е р с у Г. п. ф. [2] в точке $z_{0}$ для случая коммутативной алгебры $\mathfrak{A}$ наз. Г. п. ф., у к-рой диффференциал в этой точке может быть записан в виде

\[
d w=\varphi(z) d z
\]

где производная $\varphi(z)=d w / d z$ не зависит от $d z$. Это условие для коммутативной алгебры $\mathfrak{A}$ равносильно тому, что $d \omega=0$, и интеграл $\int w d z$ не зависит от пути; Г. п. ф., аналитические по IIефферсу, $F$-регулярны тогда и только тогда, когда

\[
\sum_{k=0}^{n-1} e_{k}^{2}=0
\]

Г. п. ф. $w(z)$ наз. а н а ли т и ч е с к о й п о Х а у сд о р ф у [3] в точке $z_{0}$, если ее дифференциал $d w$ есть линейная функция от $d z$, то есть

\[
d w=\sum_{i, k=0}^{n-1} \varphi_{i k} e_{i} d z e_{k},
\]

где $\varphi_{i k}$ - действительные функции от $x_{0}, x_{1}, \ldots, x_{n-1}$. Аналог степенных рядов здесь строится проще, но интеграл зависит от пути. Для коммутативной алгебры $\mathfrak{Y}$ определения Хаусдорфа и Шефферса эквивалентны.

Jum.: [1] F u e t e r K. R., &quot;Elem. Math.&quot;, 1948, Bd 3, Akad Wiss Leipzig Math -phys $\mathrm{Kl}, 1893$ Bd $45, \mathrm{~S} .828$ 48; [3] H a u s d or f f F., там же, 1900 , Bd $52, \mathrm{~S} .43-61 ;[4]$ К р и с т а л и н с к и й Р. Х., «Уч. зап. Смоленского пед. ин-та&quot;, 1965, вып. 14, с. 91-95.</text_orig>
</article>
