<?xml version="1.0" ?>
<article uri="http://libmeta.ru/me/article/1068_EVOLJutsIONNOE" alphabetic_pos="1068">
  <title>ЭВОЛЮцИОННОЕ УРАВНЕНИЕ</title>
  <authors/>
  <pages>
    <start>463</start>
    <end>463</end>
  </pages>
  <literature>
    <literature_orig/>
  </literature>
  <formulas_main/>
  <formulas_aux/>
  <relations n="0"/>
  <text>уравнение, допускающее истолкование как запись дифференциального закона развития (эволюции) во времени нек-рого процесса. Термин не имеет точного определения, и его применимость может зависеть не только от самого уравнения, но и от постановки задачи для него. Для Э. у. характерна возможность построения решения при заданном начальном условии, к-рое трактуется как запись начального состояния процесса. К Э. у. относятся, прежде всего, обыкновенные дифференциальные уравнения и их системы общего вида

\[
u^{\prime}=f(t, u), \quad u^{\prime \prime}=f\left(t, u, u^{\prime}\right)
\]

и т. п. в случае, когда $u(t)$ естественно рассматривать как решение задачи Коши; эти уравнения ошисывают әволюцию систем с конечным числом степеней свободы. Учет последействия приводит $\kappa$ интегро-дифференциальным уравнениям типа Вольтерра или к дифференциальным уравнениям с запаздывающим аргументом. Описание процессов, пропсходящих в сплошных средах, приводит к дифференциальным уравнениям с частными производными гиперболического, параболического и родственных типов; здесь, наряду с задачөй Коши, ставится смешанная (начально-граничная) задача. Если решение $u(x, t)$ таких уравнений трактовать как зависящий от параметра $t$ элемент какого-либо пространства функций от $x$, то приходят к абстрактным диффференциальным уравнениям вида (*). Все эти уравнения, а также соответствующие им разностные уравнения и относят обычно к Э. у.

Аналогии с реальными процессами приводят к постановкам естественных задач для Ә. у. (напр., задача об устойqивости решений) и порой дают методы их изучения (напр., привлечение математич. аналогов законов сохранения или диссипации полвой энергии). Эволюционный характер уравневия благоприятен для его численного решения, так как звачения $u\left(t_{k}\right)\left(t_{0}&lt;t_{1}&lt;\right.$ &lt;. . .) при достаточно малом шаге $\delta t_{k}$ можко получать с помощью постепенного перестрапвания, отправляясь от начального условия. Это привело к тому, что многие задачи о стационарном состоянии среды при их численном решении трактуются как предельные при $t \rightarrow+\infty$ для әволюционных задач. (напр., решение уравнения Лапласа $\delta u=0$ при заданных граничных условиях служит пределом решений уравнения $\partial u / \partial t=\Delta u$ при тех же граничных условиях и любых начальных условиях; в подобных случаях говорят об установлении решений Э. у.) А. Д. Мышкис.</text>
  <text_orig>уравнение, допускающее истолкование как запись дифференциального закона развития (эволюции) во времени нек-рого процесса. Термин не имеет точного определения, и его применимость может зависеть не только от самого уравнения, но и от постановки задачи для него. Для Э. у. характерна возможность построения решения при заданном начальном условии, к-рое трактуется как запись начального состояния процесса. К Э. у. относятся, прежде всего, обыкновенные дифференциальные уравнения и их системы общего вида

\[
u^{\prime}=f(t, u), \quad u^{\prime \prime}=f\left(t, u, u^{\prime}\right)
\]

и т. п. в случае, когда $u(t)$ естественно рассматривать как решение задачи Коши; эти уравнения ошисывают әволюцию систем с конечным числом степеней свободы. Учет последействия приводит $\kappa$ интегро-дифференциальным уравнениям типа Вольтерра или к дифференциальным уравнениям с запаздывающим аргументом. Описание процессов, пропсходящих в сплошных средах, приводит к дифференциальным уравнениям с частными производными гиперболического, параболического и родственных типов; здесь, наряду с задачөй Коши, ставится смешанная (начально-граничная) задача. Если решение $u(x, t)$ таких уравнений трактовать как зависящий от параметра $t$ элемент какого-либо пространства функций от $x$, то приходят к абстрактным диффференциальным уравнениям вида (*). Все эти уравнения, а также соответствующие им разностные уравнения и относят обычно к Э. у.

Аналогии с реальными процессами приводят к постановкам естественных задач для Ә. у. (напр., задача об устойqивости решений) и порой дают методы их изучения (напр., привлечение математич. аналогов законов сохранения или диссипации полвой энергии). Эволюционный характер уравневия благоприятен для его численного решения, так как звачения $u\left(t_{k}\right)\left(t_{0}&lt;t_{1}&lt;\right.$ &lt;. . .) при достаточно малом шаге $\Delta t_{k}$ можко получать с помощью постепенного перестрапвания, отправляясь от начального условия. Это привело к тому, что многие задачи о стационарном состоянии среды при их численном решении трактуются как предельные при $t \rightarrow+\infty$ для әволюционных задач. (Напр., решение уравнения Лапласа $\Delta u=0$ при заданных граничных условиях служит пределом решений уравнения $\partial u / \partial t=\Delta u$ при тех же граничных условиях и любых начальных условиях; в подобных случаях говорят об установлении решений Э. у.) А. Д. Мышкис.</text_orig>
</article>
