<?xml version="1.0" ?>
<article uri="http://libmeta.ru/me/article/1068_GIІERKOMPLEKSNOE" alphabetic_pos="1068">
  <title>ГИІЕРКОМПЛЕКСНОЕ ЧИСЛО</title>
  <authors/>
  <pages>
    <start>505</start>
    <end>505</end>
  </pages>
  <literature>
    <literature_orig/>
  </literature>
  <formulas_main/>
  <formulas_aux/>
  <relations n="0"/>
  <text>элемент конечномерной алгебры с единицей над полем действительных чисел $\mathbb{r}$ (ранее называвшейся $\mathrm{r}$ и п е р к о мпл е к с но й с и с т е м о й). Исторически Г. ч. возникли как обобщение комплексных чисел. Действия над комплексными числами соответствуют простейшим геометрич. преобразованиям плоскости (сдвигу, вращению, растяжению и их комбинациям). При попытках построить числа, к-рые играли бы для трехмерного пространства роль комплексных чисел для плоскости, выяснилось, что здесь не может быть полной аналогии; это привело к созданию и развитию теории систем Г. ч.

Гипе р ком пле к сная с и с те м а ранга $n$ получается введением умножения в $n$-мерном действительном пространстве $\mathbb{r}^{n}$, удовлетворяющего аксиомам алгебры над полем. Пусть 1 - единица гиперкомплексной системы и $1, i_{1}, i_{2}, \ldots, i_{n-1}-$ некоторый базис пространства $\mathbb{r}^{n}$. $\gamma$.ч.

\[
\bar{\alpha}=a_{0}-a_{1} i_{1}-\ldots-a_{n} i_{n}
\]

из гиперкомплексной системы $u$ наз. с о п р я ж нны м $\gamma$. ч.

\[
\alpha=a_{0}+a_{1} i_{1}+\ldots+a_{n} i_{n} .
\]

Пусть $u^{(2)}=\left\{u_{1}+u_{2} e\right\}$, где $u_{1}, u_{2} \in U$, а $e-$ некоторый новый символ. Множество $u^{(2)}$ можно превратить в гиперкомплексную систему, определяя сложение формулой

\[
\left(u_{1}+u_{2} e\right)+\left(v_{1}+v_{2} e\right)=\left(u_{1}+v_{1}\right)+\left(u_{2}+v_{2}\right) e
\]

и умножение формулой

\[
\left(u_{1}+u_{2} e\right)\left(v_{1}+v_{2} e\right)=\left(u_{1} v_{1}-\bar{v}_{2} u_{2}\right)+\left(v_{2} u_{1}+u_{2} \bar{v}_{1}\right) e .
\]

Гиперкомплексная система $u^{(2)}$ наз. у д в о е н и е м гиперкомплексной системы $u$.

Примеры гиперкомплексных систем: действительные числа, комплексные числа, кватернионы, Кәли числа (в этом перечне каждая следующая система получается из предыдущей удвоением). Другие примеры - системы двойных и дуальньх чисел, Г. ч. вида

\[
A=a_{0} \cdot 1+\sum_{\gamma=1}^{2^{n-1}} a_{\gamma} i_{\gamma}
\]

при $n=4$, наз. чи с л а ми К ли фф о р д а-Л и пш и ц а (эти Г. ч. являются элементами Клибфборда аләебр ранга $\left.2^{n}\right)$. Важным примером гиперкомплексных систем являются полные матричные алгебры над $\mathbb{r}$.

Иногда в определение системы Г. ч. включают требование ассоциативности умножения или отождествляют понятие алгебры и гиперкомплексной системы.

Лum.: [1] К а н т ор И. Л., С о Л о д о в нин о в А. С., $\begin{aligned} &amp; \text { Гиперкомплексные числа, } \\ &amp; \text { Введение в общую алгебру, м., 1973. } \text { н. Н. вильямс, }\end{aligned}$</text>
  <text_orig>элемент конечномерной алгебры с единицей над полем действительных чисел $\mathbb{R}$ (ранее называвшейся $\mathrm{r}$ и п е р к о мпл е к с но й с и с т е м о й). Исторически Г. ч. возникли как обобщение комплексных чисел. Действия над комплексными числами соответствуют простейшим геометрич. преобразованиям плоскости (сдвигу, вращению, растяжению и их комбинациям). При попытках построить числа, к-рые играли бы для трехмерного пространства роль комплексных чисел для плоскости, выяснилось, что здесь не может быть полной аналогии; это привело к созданию и развитию теории систем Г. ч.

Гипе р ком пле к сная с и с те м а ранга $n$ получается введением умножения в $n$-мерном действительном пространстве $\mathbb{R}^{n}$, удовлетворяющего аксиомам алгебры над полем. Пусть 1 - единица гиперкомплексной системы и $1, i_{1}, i_{2}, \ldots, i_{n-1}-$ некоторый базис пространства $\mathbb{R}^{n}$. $\Gamma$.ч.

\[
\bar{\alpha}=a_{0}-a_{1} i_{1}-\ldots-a_{n} i_{n}
\]

из гиперкомплексной системы $U$ наз. с о п р я ж нны м $\Gamma$. ч.

\[
\alpha=a_{0}+a_{1} i_{1}+\ldots+a_{n} i_{n} .
\]

Пусть $U^{(2)}=\left\{u_{1}+u_{2} e\right\}$, где $u_{1}, u_{2} \in U$, а $e-$ некоторый новый символ. Множество $U^{(2)}$ можно превратить в гиперкомплексную систему, определяя сложение формулой

\[
\left(u_{1}+u_{2} e\right)+\left(v_{1}+v_{2} e\right)=\left(u_{1}+v_{1}\right)+\left(u_{2}+v_{2}\right) e
\]

и умножение формулой

\[
\left(u_{1}+u_{2} e\right)\left(v_{1}+v_{2} e\right)=\left(u_{1} v_{1}-\bar{v}_{2} u_{2}\right)+\left(v_{2} u_{1}+u_{2} \bar{v}_{1}\right) e .
\]

Гиперкомплексная система $U^{(2)}$ наз. у д в о е н и е м гиперкомплексной системы $U$.

Примеры гиперкомплексных систем: действительные числа, комплексные числа, кватернионы, Кәли числа (в этом перечне каждая следующая система получается из предыдущей удвоением). Другие примеры - системы двойных и дуальньх чисел, Г. ч. вида

\[
A=a_{0} \cdot 1+\sum_{\gamma=1}^{2^{n-1}} a_{\gamma} i_{\gamma}
\]

при $n=4$, наз. чи с л а ми К ли фф о р д а-Л и пш и ц а (эти Г. ч. являются элементами Клибфборда аләебр ранга $\left.2^{n}\right)$. Важным примером гиперкомплексных систем являются полные матричные алгебры над $\mathbb{R}$.

Иногда в определение системы Г. ч. включают требование ассоциативности умножения или отождествляют понятие алгебры и гиперкомплексной системы.

Лum.: [1] К а н т ор И. Л., С о Л о д о в нин о в А. С., $\begin{aligned} &amp; \text { Гиперкомплексные числа, } \\ &amp; \text { Введение в общую алгебру, м., 1973. } \text { н. Н. вильямс, }\end{aligned}$</text_orig>
</article>
