<?xml version="1.0" ?>
<article uri="http://libmeta.ru/me/article/1069_EVOLJutsIONNYJ" alphabetic_pos="1069">
  <title>ЭВОЛЮцИОННЫЙ ОПЕРАТОР</title>
  <authors/>
  <pages>
    <start>463</start>
    <end>463</end>
  </pages>
  <literature>
    <literature_orig/>
  </literature>
  <formulas_main/>
  <formulas_aux/>
  <relations n="0"/>
  <text>линейная оператор-функция $u(t, s)$ двух переменных $t, s$, обладающая свойствами:

\[
\begin{gathered}
U(s, s)=I ; \\
U(t, \tau) U(\tau, s)=U(t, s) ; \\
U(t, \tau)=U^{-1}(\tau, t) .
\end{gathered}
\]

M. Ii. Bойцеховский.</text>
  <text_orig>линейная оператор-функция $U(t, s)$ двух переменных $t, s$, обладающая свойствами:

\[
\begin{gathered}
U(s, s)=I ; \\
U(t, \tau) U(\tau, s)=U(t, s) ; \\
U(t, \tau)=U^{-1}(\tau, t) .
\end{gathered}
\]

M. II. Bойцеховский.</text_orig>
</article>
