<?xml version="1.0" ?>
<article uri="http://libmeta.ru/me/article/106_KRITIChESKAJa" alphabetic_pos="106">
  <title>КРИТИЧЕСКАЯ ТОЧКА</title>
  <authors/>
  <pages>
    <start>57</start>
    <end>58</end>
  </pages>
  <literature>
    <literature_orig/>
  </literature>
  <formulas_main/>
  <formulas_aux/>
  <relations n="0"/>
  <text>1) К. т. порядка $m-$ такая точка $\boldsymbol{a}$ комплексной плоскости, в к-рой аналитич. функция $f(z)$ регулярна, а ее производная $f^{\prime}(z)$ имеет нуль порядка $m$, где $m$ - натуральное число. Иными словами, К. т. определяется условиями:

\[
\lim _{z \rightarrow a} \frac{f(z)-f(a)}{(z-a)^{m}}=0, \lim _{z \rightarrow a} \frac{f(z)-f(a)}{(z-a)^{m+1}} \neq 0 .
\]

Бесконечно удаленная К. т. $\boldsymbol{a}=\infty$ порядка $m$ для функции $f(z)$, регулярной в бесконечности, определяется условиями:

$\lim _{z \rightarrow \infty}[f(z)-f(\infty)] z^{m}=0, \quad \lim _{z \rightarrow \infty}[f(z)-f(\infty)] z^{m+1} \neq 0$.

При аналитическом отображении $w=f(z)$ угол между двумя кривыми, выходяшими из К. т. порядка $m$, увеличивается в $m+1$ раз. Если функция $f(z)$ рассматрівается как комплексный потенциал нек-рого плоского течения несжимаемой жидкости, то К. т. характерна тем, что через нее проходит не одна, а $m+1$ линий тока, причем скорость течения в К. т. обрацается в нуль. Для обратной функции $z=\psi(w)$ такой, что $f[\psi(w)] \equiv w$, К. т. $\boldsymbol{a}$ является алгебраич. точкой ветвления порядка $m+1$.

2.) Точка $a$ комплексного (n-m)-мерного неприводимого аналитического множества

\[
M=\left\{z \in V ; f_{1}(z)=f_{2}(z)=\ldots=f_{m}(z)=0\right\}
\]

заданного в окрестности $v$ точки $a$ комплексного пространства $\mathbb{c}^{n}$ условиями $f_{1}(z)=f_{2}(z)=\ldots .=f_{m}(z)=0$, где $f_{1}, f_{2}, \ldots, f_{m}-$ голоморфные на $v$ функции $n$ комплексных переменных, $z=\left(z_{1}, z_{2}, \ldots, z_{n}\right)$, наз. К. т., если ранг матрицы Якоби $\left\|\partial f_{j} / \partial z_{k}\right\|, j=1, \ldots ., m$;

![](https://cdn.mathpix.com/cropped/2023_07_08_5175c2d28b99324cac9fg-1.jpg?height=35&amp;width=824&amp;top_left_y=2183&amp;top_left_x=987)
п р а в и ль н ы м и. К. т. на $m$ сравнительно малоони образуют аналитическое множество комплексной размерности не выше $n-m-1$. В частності, шрі $m=1$, т. е. если $m=\left\{f_{1}(z)=0\right\}$ и размерность $m$ равна $n-1$, размерность множества К. т. не выше $n-2$.

![](https://cdn.mathpix.com/cropped/2023_07_08_fdc13624fff8f1db30bbg-1.jpg?height=48&amp;width=799&amp;top_left_y=244&amp;top_left_x=156)
комплексный анализ, 2 изд., М., 1976. Е. Д. Соломенцев.

3) К. т. г л а д кого (т. е. непрерывно дифференцируемого) о тоб а ж ени я $f k-\mathrm{м}$ е р но го диффере нци руемого много口б р а зия $m$ в $l$-мерное ди фф еренци руемое много об разие $n$-такая точка $x_{0} \in M$, что ранг $\mathrm{rk}_{x_{0}} f$ отображения $f$ в этой точке (т. е. размерность образа $d f\left(T_{x_{0}} \boldsymbol{M}\right)$ касательного пространства к $\boldsymbol{m}$ под действием дифференциала $\left.d f: T_{x_{0}} M \rightarrow T_{f\left(x_{0}\right)} N\right)$ меньше $l$. Совокупность всех К. т. наз. к р и т ич е с к и м м н о же с т в о м, образ $f\left(x_{0}\right)$ К. т. $x_{0}-$ к р и т и ч ес к и м зн а ч ен и е м, а точка $y \in N$, не являюшаяся образом никакой К. т., - ре гу Ј я р ной точкой, или регу ля рным значение м (хотя она может вообще не принадлежать образу $f(\boldsymbol{m})$ ); некритические точки из $m$ тоже наз. регулярными.

Согласно т е о р е м е С a p д а, если $f$ имеет класс гладкости $c^{m}, m&gt;\min (k-l, 0)$, то образ критического множества имеет первую категорию в $n$ (т. е. является объединением не более чем счетной системы нигде не плотных множеств) и имеет $l$-мерную меру нуль (см. [1], [2]). Условие на $m$ не может быть ослаблено [3]. Чаще всего бывает нужен случай $m=\infty$ (при этом доказательство упрощается, см. [4]). Эта теорема широко используется для приведения в общее положение посредством «малых шевелений»; напр., с ее помощью легко доказать, что если в $\mathbb{r}^{n}$ имеются два гладких подмногообразия, то сколь угодно малым сдвигом одного из них можно достичь, чтобы их пересечение тоже было подмногообразием (см. [2], [4], а также Трансверсальность отображений).

Согласно приведенному определению, при $k&lt;l$ каждую точку $x_{0} \in M$ надо считать критической. Но при этом существенно различаются свойства тех точек $x_{0}$, для к-рых $\mathbf{r} \mathbf{k}_{x_{0}} f=k$, и тех, для к-рых $\mathbf{r} \mathbf{k}_{x_{0}} f&lt;k$. В первом случае в нек-рой окрестности точки $x_{0}$ отображение $f$ выглядит приблизительно как стандартное вложение $\mathbb{r}^{\boldsymbol{k}}$ в $\mathbb{r}^{l}$; точнее, имеются такие локальные координаты $x_{1}, \ldots, x_{k}$ вблизи $x_{0}$ (на $m$ ) и $y_{1}, \ldots, y_{l}$ вблизи $f\left(x_{0}\right)$ (на $n$ ), что в этих координатах $f$ представляется в виде

\[
y_{i}=x_{i}, \quad i \leqslant k ; \quad y_{k+1}=\ldots=y_{l}=0 .
\]

Во втором случае образ окрестности точкй $x_{0}$ может не быть многообразием, а иметь различные особенности - заострения, самопересечения и т. д. Поэтому определение К. т. часто модифицируют, понимая под К. т. те точки $x_{0}$, для которых $\mathbf{r k}_{x_{0}} f&lt;\min (k, l)$; соответственно модифицируется и смысл других приведенных выше терминов [5].

Поведение отображений в окрестности К. т. изучается в теории особенностей дифференцируемых отображений (см. [5], [6]). При этом рассматриваются не произвольные К. т. (о к-рых мало что можно сказать), а К. т., удовлетворяющие условиям «не слишком сильной вырожденности» и «типичности». Так, рассматриваются К. т. достаточно гладких отображений или семейств отображений (достаточно гладко зависящих от конечного числа параметров), являющиеся «неустранимыми» в том смысле, что при малом (в смысле $c^{m}$ с подходящим $m$ ) возмущении исходного отображения или семейства у возмущенного отображения (семейства) в нек-рой окрестности исходной К. т. имеется К. т. того же типа. Для отображения $m \rightarrow \mathbb{R}$ (т. е. обычной скалярной функции; в этом случае К. т. часто наз. с т ац и о н а р ны м и т о ч к а м и) типичными в указанном смысле являются так наз. н е в ы р о ж д е н ны е К. т., в к-рых гессиан - невырожденная квадратичная форма. О типичных К. т. для семейства функций см. $[6],[7]$.

Jium.: [1] S a r d A., &quot;bull. Amer. Math. Soc.», 1942, v. 48, р. 883-90; [2] С т е р н б е p г С., Јкекции по дифференциаль-
ной геометрии, пер. с англ., М., 1970; L3] W h i t e у H., ной геометрии, пер. с англ., М., 1970; L3] W h i t n e у Н.,
&quot;duke Math. J.», 1935, v. 1, № 4, p. $514-17 ;$ [ 4$]$ и л н о p Д ж., Топология с дифференциальнои точки зрения, в кн.: Ми лн о р Д ж., у о л л е с А., Дифференциальная топология. Начальный курс, пер. с англ., М., 1972; [5] Г о л у б и ц к и й М.,
$\gamma$ и й е м и н В., Устойчивые отображения и их особенности,

![](https://cdn.mathpix.com/cropped/2023_07_08_fdc13624fff8f1db30bbg-1.jpg?height=47&amp;width=824&amp;top_left_y=407&amp;top_left_x=987)
ференцируемые ростки и катастрофы, пер. с англ., М., 1977;
[7] А р н о ь д В. И., «функцион. анализ и его прилож.»,

![](https://cdn.mathpix.com/cropped/2023_07_08_fdc13624fff8f1db30bbg-1.jpg?height=45&amp;width=824&amp;top_left_y=466&amp;top_left_x=985)</text>
  <text_orig>1) К. т. порядка $m-$ такая точка $\boldsymbol{a}$ комплексной плоскости, в к-рой аналитич. функция $f(z)$ регулярна, а ее производная $f^{\prime}(z)$ имеет нуль порядка $m$, где $m$ - натуральное число. Иными словами, К. т. определяется условиями:

\[
\lim _{z \rightarrow a} \frac{f(z)-f(a)}{(z-a)^{m}}=0, \lim _{z \rightarrow a} \frac{f(z)-f(a)}{(z-a)^{m+1}} \neq 0 .
\]

Бесконечно удаленная К. т. $\boldsymbol{a}=\infty$ порядка $m$ для функции $f(z)$, регулярной в бесконечности, определяется условиями:

$\lim _{z \rightarrow \infty}[f(z)-f(\infty)] z^{m}=0, \quad \lim _{z \rightarrow \infty}[f(z)-f(\infty)] z^{m+1} \neq 0$.

При аналитическом отображении $w=f(z)$ угол между двумя кривыми, выходяшими из К. т. порядка $m$, увеличивается в $m+1$ раз. Если функция $f(z)$ рассматрівается как комплексный потенциал нек-рого плоского течения несжимаемой жидкости, то К. т. характерна тем, что через нее проходит не одна, а $m+1$ линий тока, причем скорость течения в К. т. обрацается в нуль. Для обратной функции $z=\psi(w)$ такой, что $f[\psi(w)] \equiv w$, К. т. $\boldsymbol{a}$ является алгебраич. точкой ветвления порядка $m+1$.

2.) Точка $a$ комплексного (n-m)-мерного неприводимого аналитического множества

\[
M=\left\{z \in V ; f_{1}(z)=f_{2}(z)=\ldots=f_{m}(z)=0\right\}
\]

заданного в окрестности $V$ точки $a$ комплексного пространства $\mathbb{C}^{n}$ условиями $f_{1}(z)=f_{2}(z)=\ldots .=f_{m}(z)=0$, где $f_{1}, f_{2}, \ldots, f_{m}-$ голоморфные на $V$ функции $n$ комплексных переменных, $z=\left(z_{1}, z_{2}, \ldots, z_{n}\right)$, наз. К. т., если ранг матрицы Якоби $\left\|\partial f_{j} / \partial z_{k}\right\|, j=1, \ldots ., m$;

![](https://cdn.mathpix.com/cropped/2023_07_08_5175c2d28b99324cac9fg-1.jpg?height=35&amp;width=824&amp;top_left_y=2183&amp;top_left_x=987)
п р а в и ль н ы м и. К. т. на $M$ сравнительно малоони образуют аналитическое множество комплексной размерности не выше $n-m-1$. В частності, шрі $m=1$, т. е. если $M=\left\{f_{1}(z)=0\right\}$ и размерность $M$ равна $n-1$, размерность множества К. т. не выше $n-2$.

![](https://cdn.mathpix.com/cropped/2023_07_08_fdc13624fff8f1db30bbg-1.jpg?height=48&amp;width=799&amp;top_left_y=244&amp;top_left_x=156)
комплексный анализ, 2 изд., М., 1976. Е. Д. Соломенцев.

3) К. т. г л а д кого (т. е. непрерывно дифференцируемого) о тоб а ж ени я $f k-\mathrm{м}$ е р но го диффере нци руемого много口б р а зия $M$ в $l$-мерное ди фф еренци руемое много об разие $N$-такая точка $x_{0} \in M$, что ранг $\mathrm{Rk}_{x_{0}} f$ отображения $f$ в этой точке (т. е. размерность образа $d f\left(T_{x_{0}} \boldsymbol{M}\right)$ касательного пространства к $\boldsymbol{M}$ под действием дифференциала $\left.d f: T_{x_{0}} M \rightarrow T_{f\left(x_{0}\right)} N\right)$ меньше $l$. Совокупность всех К. т. наз. к р и т ич е с к и м м н о же с т в о м, образ $f\left(x_{0}\right)$ К. т. $x_{0}-$ к р и т и ч ес к и м зн а ч ен и е м, а точка $y \in N$, не являюшаяся образом никакой К. т., - ре гу Ј я р ной точкой, или регу ля рным значение м (хотя она может вообще не принадлежать образу $f(\boldsymbol{M})$ ); некритические точки из $M$ тоже наз. регулярными.

Согласно т е о р е м е С a p д а, если $f$ имеет класс гладкости $C^{m}, m&gt;\min (k-l, 0)$, то образ критического множества имеет первую категорию в $N$ (т. е. является объединением не более чем счетной системы нигде не плотных множеств) и имеет $l$-мерную меру нуль (см. [1], [2]). Условие на $m$ не может быть ослаблено [3]. Чаще всего бывает нужен случай $m=\infty$ (при этом доказательство упрощается, см. [4]). Эта теорема широко используется для приведения в общее положение посредством «малых шевелений»; напр., с ее помощью легко доказать, что если в $\mathbb{R}^{n}$ имеются два гладких подмногообразия, то сколь угодно малым сдвигом одного из них можно достичь, чтобы их пересечение тоже было подмногообразием (см. [2], [4], а также Трансверсальность отображений).

Согласно приведенному определению, при $k&lt;l$ каждую точку $x_{0} \in M$ надо считать критической. Но при этом существенно различаются свойства тех точек $x_{0}$, для к-рых $\mathbf{R} \mathbf{k}_{x_{0}} f=k$, и тех, для к-рых $\mathbf{R} \mathbf{k}_{x_{0}} f&lt;k$. В первом случае в нек-рой окрестности точки $x_{0}$ отображение $f$ выглядит приблизительно как стандартное вложение $\mathbb{R}^{\boldsymbol{k}}$ в $\mathbb{R}^{l}$; точнее, имеются такие локальные координаты $x_{1}, \ldots, x_{k}$ вблизи $x_{0}$ (на $M$ ) и $y_{1}, \ldots, y_{l}$ вблизи $f\left(x_{0}\right)$ (на $N$ ), что в этих координатах $f$ представляется в виде

\[
y_{i}=x_{i}, \quad i \leqslant k ; \quad y_{k+1}=\ldots=y_{l}=0 .
\]

Во втором случае образ окрестности точкй $x_{0}$ может не быть многообразием, а иметь различные особенности - заострения, самопересечения и т. д. Поэтому определение К. т. часто модифицируют, понимая под К. т. те точки $x_{0}$, для которых $\mathbf{R k}_{x_{0}} f&lt;\min (k, l)$; соответственно модифицируется и смысл других приведенных выше терминов [5].

Поведение отображений в окрестности К. т. изучается в теории особенностей дифференцируемых отображений (см. [5], [6]). При этом рассматриваются не произвольные К. т. (о к-рых мало что можно сказать), а К. т., удовлетворяющие условиям «не слишком сильной вырожденности» и «типичности». Так, рассматриваются К. т. достаточно гладких отображений или семейств отображений (достаточно гладко зависящих от конечного числа параметров), являющиеся «неустранимыми» в том смысле, что при малом (в смысле $C^{m}$ с подходящим $m$ ) возмущении исходного отображения или семейства у возмущенного отображения (семейства) в нек-рой окрестности исходной К. т. имеется К. т. того же типа. Для отображения $M \rightarrow \mathbb{R}$ (т. е. обычной скалярной функции; в этом случае К. т. часто наз. с т ац и о н а р ны м и т о ч к а м и) типичными в указанном смысле являются так наз. н е в ы р о ж д е н ны е К. т., в к-рых гессиан - невырожденная квадратичная форма. О типичных К. т. для семейства функций см. $[6],[7]$.

JIum.: [1] S a r d A., &quot;Bull. Amer. Math. Soc.», 1942, v. 48, р. 883-90; [2] С т е р н б е p г С., ЈКекции по дифференциаль-
ной геометрии, пер. с англ., М., 1970; L3] W h i t e у H., ной геометрии, пер. с англ., М., 1970; L3] W h i t n e у Н.,
&quot;Duke Math. J.», 1935, v. 1, № 4, p. $514-17 ;$ [ 4$]$ и л н о p Д ж., Топология с дифференциальнои точки зрения, в кн.: Ми лн о р Д ж., у о л л е с А., Дифференциальная топология. Начальный курс, пер. с англ., М., 1972; [5] Г о л у б и ц к и й М.,
$\Gamma$ и й е м и н В., Устойчивые отображения и их особенности,

![](https://cdn.mathpix.com/cropped/2023_07_08_fdc13624fff8f1db30bbg-1.jpg?height=47&amp;width=824&amp;top_left_y=407&amp;top_left_x=987)
ференцируемые ростки и катастрофы, пер. с англ., М., 1977;
[7] А р н о ь д В. И., «Функцион. анализ и его прилож.»,

![](https://cdn.mathpix.com/cropped/2023_07_08_fdc13624fff8f1db30bbg-1.jpg?height=45&amp;width=824&amp;top_left_y=466&amp;top_left_x=985)</text_orig>
</article>
