<?xml version="1.0" ?>
<article uri="http://libmeta.ru/me/article/106_URAVNENI" alphabetic_pos="106">
  <title>УРАВНЕНИЕ</title>
  <authors/>
  <pages>
    <start>70</start>
    <end>71</end>
  </pages>
  <literature>
    <literature_orig/>
  </literature>
  <formulas_main/>
  <formulas_aux/>
  <relations n="0"/>
  <text>обыкновенное дифференциальное уравнение, обладающее хотя бы одним осцилляционным (колеблющимся) решением. Имеются различные понятия осцилляционности решения. Наиболее распространены следующие: осцилляционность в точке (в качестве к-рой, как правпло, берется $+\infty)$ и осцилляционность в промежутке. Ненулевое решение уравнения

\[
u^{(n)}=f\left(t, u, u^{\prime}, \ldots, u^{(n-1)}\right), \quad n \geqslant 2,
\]

где $f(t, 0, \ldots, 0)=0$, наз. о с ц и л л я ц и о н ны м в т о ч к е $+\infty($ в п р о ме жу т к е I), если оно имеет последовательность нулей, сходящуюся к $+\infty$ (соответственно имеет в $i$ не менее $n$ нулей с учетом их кратности). Осцилляционность уравнения (1) в $+\infty$ или в промежутке $i$ понимается в соответствующем смысле. Среди осцилляционных в $+\infty$ уравнений выделяюา уравнения, обладающие т. н. свойствами $a$ или $b$, т. е. в определенном смысле сходные с одним из уравнений

\[
u^{(n)}=-u \text { или } u^{(n)}=u .
\]

При этом уравнение (1) о бл а д а е т с в о й с т в о м $a$, если каждое его решение, заданное в окрестности $+\infty$, при четном $n$ является осцилляционным, а при нечетном $n$ - либо осцілляционным, либо удовлетворяющим условию

\[
\lim _{t \rightarrow+\infty} u^{(i-1)}(t)=0, \quad i=1, \ldots, n .
\]

Если же каждое решение уравнения (1), заданное в окрестности $+\infty$, при четном $n$ является либо осцилляционным, либо удовлетворяющим условию (2) или

\[
\lim _{t \rightarrow+\infty}\left|u^{(i-1)}(t)\right|=+\infty, \quad i=1, \ldots, n,
\]

а при нечетном $n-$ либо осцилляционным, либо удовлетворяющим условио (3), то оно о б л а да е т с в о йс т в о м $b$.

Линейное уравнение

\[
u^{(n)}=a(t) u
\] с локально суммируемым коәффициентом $a:\left[t_{0},+\infty\right) \rightarrow$ $\rightarrow \mathbb{R}$ обладает свойством $a$ (свойством $b$ ), если

\[
\begin{gathered}
a(t) \leqslant 0[a(t) \geqslant 0] \text { при } t \geqslant t_{0}, \\
\int_{t_{0}}^{+\infty} t^{n-1-\varepsilon}|a(t)| d t=+\infty,
\end{gathered}
\]

H.Iii

\[
a(t) \leqslant \frac{\mu_{n}-\varepsilon}{t^{n}}\left[a(t) \geqslant \frac{v_{n}+\varepsilon}{t^{n}}\right]
\]

при $t \geqslant t_{0}$, где $\varepsilon&gt;0$, а $\mu_{n}$ - наименьший $\left(v_{n}-\right.$ наибольший) из локальных минимумов (максимумов) многочлена $x(x-1) \ldots(x-n+1)$ (см. [1] $-[5])$.

Уравненіе тіпа Эмдена - Фаулера

\[
u^{(n)}=a(t)|u|^{\lambda} \operatorname{sign} u(\lambda&gt;0, \lambda \neq 1)
\]

с локально суммируемым неположительным (неотрицательным) коэффициентом $a:\left[t_{0},+\infty\right) \rightarrow \mathbb{R}$ обладает свойством $a$ (свойством $b$ ) тогда и только тогда, когда

\[
\int_{t_{0}}^{+\infty} t^{\mu}|a(t)| d t=+\infty
\]

где $\mu=\min \{n-1,(n-1) \lambda\}$ (см. [4], [6], [7]).

В ряде случаев вопрос об осцилляционности уравнения (1) можно свести к аналогичному вопросу для әталонных уравнений вида (4) и (5) с помощью теорем сравнения (см. [11]).

При изученіи осцилляционных свойств уравнениї с отклоняющимся аргументом проявляются нек-рые специфич. особенности. Напр., осли $n$ нечетно, $\delta&gt;0$ и для большіх $t$ соблюдается неравенство

\[
a(t) \leqslant a_{0}&lt;-n ! \Delta^{-n},
\]

то все ненулевые решения уравнения

\[
u^{(n)}(t)=a(t) u(t-\Delta)
\]

являются осцилляционными в $+\infty$ (см. [10], [11]). В то же время при неположительном $a$ и нечетном $n$ уравнение без запаздывания (4) всегда имеет неосцилляционное решение.

Понятия осцилляционности и неосцилляционности в промежутке изучаются в основном для линейных однородны х уравнений. Они пмеют фундаментальное значение для теории краевых задач (см. [12]).

Jum.: [1] K n e s e r A., &quot;math. Ann.), 1893, Bd 42, s. 409435; [2] M i k u s i n s k i J. G., &quot;colloq. Math..), 1949, v. 2, p.

![](https://cdn.mathpix.com/cropped/2023_07_08_7e35c603cf2f511b2a98g-1.jpg?height=43&amp;width=804&amp;top_left_y=1560&amp;top_left_x=141)

![](https://cdn.mathpix.com/cropped/2023_07_08_7e35c603cf2f511b2a98g-1.jpg?height=34&amp;width=809&amp;top_left_y=1598&amp;top_left_x=141)

![](https://cdn.mathpix.com/cropped/2023_07_08_7e35c603cf2f511b2a98g-1.jpg?height=37&amp;width=806&amp;top_left_y=1614&amp;top_left_x=143)

![](https://cdn.mathpix.com/cropped/2023_07_08_7e35c603cf2f511b2a98g-1.jpg?height=45&amp;width=807&amp;top_left_y=1635&amp;top_left_x=140)
r у p a д з е И. T., &quot;arch. Math.», 1978, v. 14, № 1, p. $21-44$; [8] S w a n s o $\mathrm{n}$ C. A., Comparison and'oscillation theory of linear differential equations, N. Y.- L., 1968; [9] X a p Tм а н Ф., Обыкновенные дифференциальные уравнения, пер. с англ., М., 1970; [10] М ыш к и с А. Д., Линейные дифференциальные уравнения с запаздывающим аргументом, 2 изд., $\mathbf{m}$.,

![](https://cdn.mathpix.com/cropped/2023_07_08_7e35c603cf2f511b2a98g-1.jpg?height=39&amp;width=809&amp;top_left_y=1794&amp;top_left_x=141)
цилляционных свойствах дифференциальных уравнений с отклоняющимся аргументом, Тб., 1977; [12] Л е в и н А. Ю., «успехи матем. наук», 1969 , т. 24 , в. 2 , с. $43-96$. И. Т. Кигурадзе.</text>
  <text_orig>обыкновенное дифференциальное уравнение, обладающее хотя бы одним осцилляционным (колеблющимся) решением. Имеются различные понятия осцилляционности решения. Наиболее распространены следующие: осцилляционность в точке (в качестве к-рой, как правпло, берется $+\infty)$ и осцилляционность в промежутке. Ненулевое решение уравнения

\[
u^{(n)}=f\left(t, u, u^{\prime}, \ldots, u^{(n-1)}\right), \quad n \geqslant 2,
\]

где $f(t, 0, \ldots, 0)=0$, наз. о с ц и л л я ц и о н ны м в т о ч к е $+\infty($ в п р о ме жу т к е I), если оно имеет последовательность нулей, сходящуюся к $+\infty$ (соответственно имеет в $I$ не менее $n$ нулей с учетом их кратности). Осцилляционность уравнения (1) в $+\infty$ или в промежутке $I$ понимается в соответствующем смысле. Среди осцилляционных в $+\infty$ уравнений выделяюา уравнения, обладающие т. н. свойствами $A$ или $B$, т. е. в определенном смысле сходные с одним из уравнений

\[
u^{(n)}=-u \text { или } u^{(n)}=u .
\]

При этом уравнение (1) о бл а д а е т с в о й с т в о м $A$, если каждое его решение, заданное в окрестности $+\infty$, при четном $n$ является осцилляционным, а при нечетном $n$ - либо осцілляционным, либо удовлетворяющим условию

\[
\lim _{t \rightarrow+\infty} u^{(i-1)}(t)=0, \quad i=1, \ldots, n .
\]

Если же каждое решение уравнения (1), заданное в окрестности $+\infty$, при четном $n$ является либо осцилляционным, либо удовлетворяющим условию (2) или

\[
\lim _{t \rightarrow+\infty}\left|u^{(i-1)}(t)\right|=+\infty, \quad i=1, \ldots, n,
\]

а при нечетном $n-$ либо осцилляционным, либо удовлетворяющим условио (3), то оно о б л а да е т с в о йс т в о м $B$.

Линейное уравнение

\[
u^{(n)}=a(t) u
\] с локально суммируемым коәффициентом $a:\left[t_{0},+\infty\right) \rightarrow$ $\rightarrow \mathbb{R}$ обладает свойством $A$ (свойством $B$ ), если

\[
\begin{gathered}
a(t) \leqslant 0[a(t) \geqslant 0] \text { при } t \geqslant t_{0}, \\
\int_{t_{0}}^{+\infty} t^{n-1-\varepsilon}|a(t)| d t=+\infty,
\end{gathered}
\]

H.III

\[
a(t) \leqslant \frac{\mu_{n}-\varepsilon}{t^{n}}\left[a(t) \geqslant \frac{v_{n}+\varepsilon}{t^{n}}\right]
\]

при $t \geqslant t_{0}$, где $\varepsilon&gt;0$, а $\mu_{n}$ - наименьший $\left(v_{n}-\right.$ наибольший) из локальных минимумов (максимумов) многочлена $x(x-1) \ldots(x-n+1)$ (см. [1] $-[5])$.

Уравненіе тіпа Эмдена - Фаулера

\[
u^{(n)}=a(t)|u|^{\lambda} \operatorname{sign} u(\lambda&gt;0, \lambda \neq 1)
\]

с локально суммируемым неположительным (неотрицательным) коэффициентом $a:\left[t_{0},+\infty\right) \rightarrow \mathbb{R}$ обладает свойством $A$ (свойством $B$ ) тогда и только тогда, когда

\[
\int_{t_{0}}^{+\infty} t^{\mu}|a(t)| d t=+\infty
\]

где $\mu=\min \{n-1,(n-1) \lambda\}$ (см. [4], [6], [7]).

В ряде случаев вопрос об осцилляционности уравнения (1) можно свести к аналогичному вопросу для әталонных уравнений вида (4) и (5) с помощью теорем сравнения (см. [11]).

При изученіи осцилляционных свойств уравнениї с отклоняющимся аргументом проявляются нек-рые специфич. особенности. Напр., осли $n$ нечетно, $\Delta&gt;0$ и для большіх $t$ соблюдается неравенство

\[
a(t) \leqslant a_{0}&lt;-n ! \Delta^{-n},
\]

то все ненулевые решения уравнения

\[
u^{(n)}(t)=a(t) u(t-\Delta)
\]

являются осцилляционными в $+\infty$ (см. [10], [11]). В то же время при неположительном $a$ и нечетном $n$ уравнение без запаздывания (4) всегда имеет неосцилляционное решение.

Понятия осцилляционности и неосцилляционности в промежутке изучаются в основном для линейных однородны х уравнений. Они пмеют фундаментальное значение для теории краевых задач (см. [12]).

Jum.: [1] K n e s e r A., &quot;Math. Ann.), 1893, Bd 42, s. 409435; [2] M i k u s i n s k i J. G., &quot;Colloq. Math..), 1949, v. 2, p.

![](https://cdn.mathpix.com/cropped/2023_07_08_7e35c603cf2f511b2a98g-1.jpg?height=43&amp;width=804&amp;top_left_y=1560&amp;top_left_x=141)

![](https://cdn.mathpix.com/cropped/2023_07_08_7e35c603cf2f511b2a98g-1.jpg?height=34&amp;width=809&amp;top_left_y=1598&amp;top_left_x=141)

![](https://cdn.mathpix.com/cropped/2023_07_08_7e35c603cf2f511b2a98g-1.jpg?height=37&amp;width=806&amp;top_left_y=1614&amp;top_left_x=143)

![](https://cdn.mathpix.com/cropped/2023_07_08_7e35c603cf2f511b2a98g-1.jpg?height=45&amp;width=807&amp;top_left_y=1635&amp;top_left_x=140)
r у p a д з е И. T., &quot;Arch. Math.», 1978, v. 14, № 1, p. $21-44$; [8] S w a n s o $\mathrm{n}$ C. A., Comparison and'oscillation theory of linear differential equations, N. Y.- L., 1968; [9] X a p Tм а н Ф., Обыкновенные дифференциальные уравнения, пер. с англ., М., 1970; [10] М ыш к и с А. Д., Линейные дифференциальные уравнения с запаздывающим аргументом, 2 изд., $\mathbf{M}$.,

![](https://cdn.mathpix.com/cropped/2023_07_08_7e35c603cf2f511b2a98g-1.jpg?height=39&amp;width=809&amp;top_left_y=1794&amp;top_left_x=141)
цилляционных свойствах дифференциальных уравнений с отклоняющимся аргументом, Тб., 1977; [12] Л е в и н А. Ю., «Успехи матем. наук», 1969 , т. 24 , в. 2 , с. $43-96$. И. Т. Кигурадзе.</text_orig>
</article>
