<?xml version="1.0" ?>
<article uri="http://libmeta.ru/me/article/106_DELITEL'" alphabetic_pos="106">
  <title>ДЕЛИТЕЛЬ НУЛЯ</title>
  <authors/>
  <pages>
    <start>45</start>
    <end>45</end>
  </pages>
  <literature>
    <literature_orig/>
  </literature>
  <formulas_main/>
  <formulas_aux/>
  <relations n="0"/>
  <text>В К о ль це И Л И П о Л Уг р у п п е с н у л ө м - ненулевой элемент, произведение к-рого на некоторый ненулевой элемент равно нулю. Элемент $a$ наз. л е в ы м (соответственно п р ав ы м) Д. н., если $a b=0$ (соответственно $b a=0$ ) хотя бы для одного $b \neq 0$. O. А. Иванова.</text>
  <text_orig>В К о ль це И Л И П о Л Уг р у п п е с н у л ө м - ненулевой элемент, произведение к-рого на некоторый ненулевой элемент равно нулю. Элемент $a$ наз. л е в ы м (соответственно п р ав ы м) Д. н., если $a b=0$ (соответственно $b a=0$ ) хотя бы для одного $b \neq 0$. O. А. Иванова.</text_orig>
</article>
