<?xml version="1.0" ?>
<article uri="http://libmeta.ru/me/article/1070_RELJaTIVISTSKOJ" alphabetic_pos="1070">
  <title>РЕЛЯТИВИСТСКОЙ ГИДРОДИНАМИКИ МАТЕМАТИЧЕСКИЕ ЗАДАЧИ</title>
  <authors/>
  <pages>
    <start>487</start>
    <end>487</end>
  </pages>
  <literature>
    <literature_orig/>
  </literature>
  <formulas_main/>
  <formulas_aux/>
  <relations n="0"/>
  <text>задачи для системы уравнений, описывающей течения жидкости со скоростями, близкими к скорости света $c$, и ее взаимодействие с сильными гравитационными полями. В предельном случае малых скоростей $v \ll c$ и слабых гравитационных полей $\varphi \ll c^{2}$, где $\varphi$ - гравитационный потенциал, Р. г. М. сводятся к әидродинамики математическим задачам. Система уравнений релятивистской гидродинамики образуется путем приравнивания к нулю ковариантных дивергенций тензора әнергии-импульса и вектора плотности потока вещества:

\[
\begin{gathered}
T_{i k}=(\varepsilon+p) u_{i} u_{k}-p g_{i k}+\tau_{i k}, \\
n_{i}=n u_{i}+v_{i}, i, k=1,2,3,4,
\end{gathered}
\]

где $\varepsilon, p$ и $n$ - плотность әнергии, давление і плотность числа частиц в системе отсчета, покоящейся относительно рассматриваемого элемента жидкости, $g_{i k}-$ метрич. тензор, $u_{i}$ - четырехмерная скорость, $\tau_{i k}$ и $v_{i}$ - части тензора энергии-импульса и вектора потока вещества, описывающие эффекты, связанные с вязкостью (см. [1]).

Пример решений Р. г. м. з.: распространение звука в веществе с ультрарелятивистским уравнением состояния $p=\varepsilon / 3$, для возмущения давления или плотности энергии получается волновое уравнение со скоростью звука $u=c \sqrt{3}$. Р. г. м. З. возникают, напр., при рассмотрении физич. процессов, протекающих в окрестности звезд, обладающих сильными гравитационными полями (нейтронные звезды и т. н. &quot;черные дыры») и расширяющейся Вселенной, заполненной излучением и веществом. Лит.: [1] Л а н д а у Л. Д., Л и ф ш и ц Е. М., Механика сплошных сред, 2 изд., М., $1954 ;[2] 3$ е ль д о в и ч Я. Б., 1971; [3] и х ж е,' Строение и әволюция Вселенной, М., $1975 ;$ [4] М и з н е р Ч., Т о р н К., У и л е р Д ж., Гравитация, пер. с англ., т. 2, М., 1977. А. А. Рузмайкин.</text>
  <text_orig>задачи для системы уравнений, описывающей течения жидкости со скоростями, близкими к скорости света $c$, и ее взаимодействие с сильными гравитационными полями. В предельном случае малых скоростей $v \ll c$ и слабых гравитационных полей $\varphi \ll c^{2}$, где $\varphi$ - гравитационный потенциал, Р. г. М. сводятся к әидродинамики математическим задачам. Система уравнений релятивистской гидродинамики образуется путем приравнивания к нулю ковариантных дивергенций тензора әнергии-импульса и вектора плотности потока вещества:

\[
\begin{gathered}
T_{i k}=(\varepsilon+p) u_{i} u_{k}-p g_{i k}+\tau_{i k}, \\
n_{i}=n u_{i}+v_{i}, i, k=1,2,3,4,
\end{gathered}
\]

где $\varepsilon, p$ и $n$ - плотность әнергии, давление і плотность числа частиц в системе отсчета, покоящейся относительно рассматриваемого элемента жидкости, $g_{i k}-$ метрич. тензор, $u_{i}$ - четырехмерная скорость, $\tau_{i k}$ и $v_{i}$ - части тензора энергии-импульса и вектора потока вещества, описывающие эффекты, связанные с вязкостью (см. [1]).

Пример решений Р. г. м. з.: распространение звука в веществе с ультрарелятивистским уравнением состояния $p=\varepsilon / 3$, для возмущения давления или плотности энергии получается волновое уравнение со скоростью звука $u=c \sqrt{3}$. Р. г. м. З. возникают, напр., при рассмотрении физич. процессов, протекающих в окрестности звезд, обладающих сильными гравитационными полями (нейтронные звезды и т. н. &quot;черные дыры») и расширяющейся Вселенной, заполненной излучением и веществом. Лит.: [1] Л а н д а у Л. Д., Л и ф ш и ц Е. М., Механика сплошных сред, 2 изд., М., $1954 ;[2] 3$ е ль д о в и ч Я. Б., 1971; [3] и х ж е,' Строение и әволюция Вселенной, М., $1975 ;$ [4] М и з н е р Ч., Т о р н К., У и л е р Д ж., Гравитация, пер. с англ., т. 2, М., 1977. А. А. Рузмайкин.</text_orig>
</article>
