<?xml version="1.0" ?>
<article uri="http://libmeta.ru/me/article/1070_NORMAL'NYI" alphabetic_pos="1070">
  <title>НОРМАЛЬНЫИ НУЛЬМЕРНЫИ ЦИКЛ,</title>
  <authors/>
  <pages>
    <start>538</start>
    <end>538</end>
  </pages>
  <literature>
    <literature_orig/>
  </literature>
  <formulas_main/>
  <formulas_aux/>
  <relations n="0"/>
  <text>Цаленко. и н д е к с а н у л ь,- цикл $z=\sum_{i=1}^{n_{i}} a_{i} t_{i}^{0}$ такой, тто $\sum_{i=1}^{n} a_{i}=0$. Гомологичный нулю пцикл всегда нормален; факторгруппа группы нормальных циклов цо подгруппе ццклов, гомологичных нулю, наз. п р и в е д е н н о й н у льм е р н о й г р у П о й гомо лог й й. Для связного комплекса приведенная группа -- нулевая, что удобно во всякого рода определениях ацикличности. Истиниысй иикл $z^{0}=\left\{z_{1}^{0}, \ldots, z_{k}^{0}, \ldots\right\}$ наз. н о р м а л ьн ы м, если нормален каждый из циклов $z_{k}^{0}$.</text>
  <text_orig>Цаленко. и н д е к с а н у л ь,- цикл $z=\sum_{i=1}^{n_{i}} a_{i} t_{i}^{0}$ такой, тто $\sum_{i=1}^{n} a_{i}=0$. Гомологичный нулю пцикл всегда нормален; факторгруппа группы нормальных циклов цо подгруппе ццклов, гомологичных нулю, наз. п р и в е д е н н о й н у льм е р н о й г р у П о й гомо лог й й. Для связного комплекса приведенная группа -- нулевая, что удобно во всякого рода определениях ацикличности. Истиниысй иикл $z^{0}=\left\{z_{1}^{0}, \ldots, z_{k}^{0}, \ldots\right\}$ наз. н о р м а л ьн ы м, если нормален каждый из циклов $z_{k}^{0}$.</text_orig>
</article>
