<?xml version="1.0" ?>
<article uri="http://libmeta.ru/me/article/1070_GIPERPOVERHNOST" alphabetic_pos="1070">
  <title>ГИПЕРПОВЕРХНОСТЬ</title>
  <authors/>
  <pages>
    <start>506</start>
    <end>506</end>
  </pages>
  <literature>
    <literature_orig/>
  </literature>
  <formulas_main/>
  <formulas_aux/>
  <relations n="0"/>
  <text>1) Обобщение понятия обычной поверхности трехмерного пространства на случай $n$-мерного пространства. Размерность $г$. на единицу меныше размерности объемлющего пространства.

2) Если $m$ и $n$ - дифференцируемые многообразия, $\operatorname{dim} N-\operatorname{dim} M=1$ и определено погружение $f: M \rightarrow N$, то $f(m)-\Gamma$. в $n$. Здесь $f-$ дифференцируемое отображение, дифференциал к-рого $d f$ в любой точке $x \in M$ является пнъективным отображением пространства $m_{x}$, касательного к $m$ в точке $x$, в пространство $n_{f(x)}$, касательное к $n$ в точке $f(x)$.

B. Т. Базылев

3) $\gamma$. а л г е б р а и ч е с к а я - подмногообразие алгебраич. многообразия, локально задаваемое одним уравнением. Г. а. в афффинном пространстве $a_{k}^{n}$ над полем $k$ задается глобально одним уравнением

\[
f\left(x_{1}, \ldots, x_{n}\right)=0 .
\]

Г. а. $w$ в проективном пространстве $p_{k}^{n}$ задается уравненіем

\[
F\left(x_{0}, \ldots, x_{n}\right)=0,
\]

где $f$ - однородная форма от $n+1$ переменных. Степень $m$ этой формы наз. с т е п е н ь ю (п о р я д к о м) г и п е р п о в е р х н с ти. Замкнутая подсхема $w$ схемы $v$ наз. ги п е р п о в е р х н о с т ь ю, если соответствующий пучок идеалов $i_{w} \subset O_{V}$ является пучком главных идеалов. Для связных неособых алгебраич. многообразий это условие означает, что коразмерность $w$ в $v$ равна единице. Для каждой неособой $\gamma$. а. $w \subset P_{k}^{n}$ порядка $m$ (обозначаемой часто через $v_{n}^{m}$ ) имеют место следующие факты:

канонич. класс $k_{w}$ равен $(m-n-1) H_{W}$, где $h_{w}-$ класс гіперплоского сечения $w$;

группы когомологий $h^{i}\left(w, O_{W}\right)=0$ для $i \neq 0, n-1$, а $\operatorname{dim}_{k} H^{n-1}\left(W, O_{W}\right)=\frac{(m-1)(m-2) \ldots(m-n)}{n !} ;$

прі $n \geqslant 3$ фундаментальная группа (алгебраическая иліг топологическая, если $k=\mathbb{c}) \pi_{1}(W)=0$;

при $n \geqslant 4$ группа Пикара $\operatorname{pic}(w) \simeq Z$ и порождается классом гиперплоского сечения. И. В. Долгачев.

4) Г. ан а ли т и ч е с к а я (г. а.) - множество $s$ в комплексном евклидовом пространстве $\mathbb{c}^{n}$, к-рое в окрестности каждой своей точки $\zeta \in S$ задается уравнением $f_{\zeta}(z, t)=0$, где функция $f_{\zeta}(z, t)$ непрерывна по параметру $t \in(-\varepsilon, \varepsilon), \varepsilon&gt;0$, и при каждом фиксированном $t$ голоморфна по $z$ в независящей от $t$ окрестности $u_{\zeta} \ni \zeta$, прпчем $\sigma\left|\partial f / \partial z_{j}\right| \neq 0$ для всех $(z, t) \in U_{\zeta} \times(-\varepsilon, \varepsilon)$. Другими словами, $\gamma$. а. есть множество в $\mathbb{c}^{n}$, к-рое локально является объединением непрерывного однопараметрич. семейства комплексноаналитич. поверхностей комплексной коразмерности 1. Напр., если функция $f$ голоморфна в области $d \subset \mathbb{C}^{n}$ и grad $f \neq 0$ в $d$, то множества $|f|=1, \operatorname{Re} f=0$ и т. П. являются $\gamma$. а.

Дважды гладкая гиперповерхность $s \quad$ в $\mathbb{r}^{2 n}=\mathbb{C}^{n}$ является Г. а. тогда и только тогда, когда ее форма Леви тождественно на $s$ равна нулю или когда $s$ локально псевдовыпукла с обеıх сторон. E. М. Чирка.</text>
  <text_orig>1) Обобщение понятия обычной поверхности трехмерного пространства на случай $n$-мерного пространства. Размерность $Г$. на единицу меныше размерности объемлющего пространства.

2) Если $M$ и $N$ - дифференцируемые многообразия, $\operatorname{dim} N-\operatorname{dim} M=1$ и определено погружение $f: M \rightarrow N$, то $f(M)-\Gamma$. в $N$. Здесь $f-$ дифференцируемое отображение, дифференциал к-рого $d f$ в любой точке $x \in M$ является пнъективным отображением пространства $M_{x}$, касательного к $M$ в точке $x$, в пространство $N_{f(x)}$, касательное к $N$ в точке $f(x)$.

B. Т. Базылев

3) $\Gamma$. а л г е б р а и ч е с к а я - подмногообразие алгебраич. многообразия, локально задаваемое одним уравнением. Г. а. в афффинном пространстве $A_{k}^{n}$ над полем $k$ задается глобально одним уравнением

\[
f\left(x_{1}, \ldots, x_{n}\right)=0 .
\]

Г. а. $W$ в проективном пространстве $P_{k}^{n}$ задается уравненіем

\[
F\left(x_{0}, \ldots, x_{n}\right)=0,
\]

где $F$ - однородная форма от $n+1$ переменных. Степень $m$ этой формы наз. с т е п е н ь ю (п о р я д к о м) г и п е р п о в е р х н с ти. Замкнутая подсхема $W$ схемы $V$ наз. ги п е р п о в е р х н о с т ь ю, если соответствующий пучок идеалов $I_{W} \subset O_{V}$ является пучком главных идеалов. Для связных неособых алгебраич. многообразий это условие означает, что коразмерность $W$ в $V$ равна единице. Для каждой неособой $\Gamma$. а. $W \subset P_{k}^{n}$ порядка $m$ (обозначаемой часто через $V_{n}^{m}$ ) имеют место следующие факты:

канонич. класс $K_{W}$ равен $(m-n-1) H_{W}$, где $H_{W}-$ класс гіперплоского сечения $W$;

группы когомологий $H^{i}\left(W, O_{W}\right)=0$ для $i \neq 0, n-1$, а $\operatorname{dim}_{k} H^{n-1}\left(W, O_{W}\right)=\frac{(m-1)(m-2) \ldots(m-n)}{n !} ;$

прі $n \geqslant 3$ фундаментальная группа (алгебраическая иліг топологическая, если $k=\mathbb{C}) \pi_{1}(W)=0$;

при $n \geqslant 4$ группа Пикара $\operatorname{Pic}(W) \simeq Z$ и порождается классом гиперплоского сечения. И. В. Долгачев.

4) Г. ан а ли т и ч е с к а я (Г. а.) - множество $S$ в комплексном евклидовом пространстве $\mathbb{C}^{n}$, к-рое в окрестности каждой своей точки $\zeta \in S$ задается уравнением $f_{\zeta}(z, t)=0$, где функция $f_{\zeta}(z, t)$ непрерывна по параметру $t \in(-\varepsilon, \varepsilon), \varepsilon&gt;0$, и при каждом фиксированном $t$ голоморфна по $z$ в независящей от $t$ окрестности $U_{\zeta} \ni \zeta$, прпчем $\Sigma\left|\partial f / \partial z_{j}\right| \neq 0$ для всех $(z, t) \in U_{\zeta} \times(-\varepsilon, \varepsilon)$. Другими словами, $\Gamma$. а. есть множество в $\mathbb{C}^{n}$, к-рое локально является объединением непрерывного однопараметрич. семейства комплексноаналитич. поверхностей комплексной коразмерности 1. Напр., если функция $f$ голоморфна в области $D \subset \mathbb{C}^{n}$ и grad $f \neq 0$ в $D$, то множества $|f|=1, \operatorname{Re} f=0$ и т. П. являются $\Gamma$. а.

Дважды гладкая гиперповерхность $S \quad$ в $\mathbb{R}^{2 n}=\mathbb{C}^{n}$ является Г. а. тогда и только тогда, когда ее форма Леви тождественно на $S$ равна нулю или когда $S$ локально псевдовыпукла с обеıх сторон. E. М. Чирка.</text_orig>
</article>
