<?xml version="1.0" ?>
<article uri="http://libmeta.ru/me/article/1071_GIPERPROSTRANSTV" alphabetic_pos="1071">
  <title>ГИПЕРПРОСТРАНСТВО</title>
  <authors/>
  <pages>
    <start>506</start>
    <end>506</end>
  </pages>
  <literature>
    <literature_orig/>
  </literature>
  <formulas_main/>
  <formulas_aux/>
  <relations n="0"/>
  <text>н а д т 0 П 0 л 0 $\gamma$ И ч е cк и м П р о с т р а н с т в о м $x$ - пространство, точками к-рого являются элементы нек-рого семейства $\mathfrak{m}$ подмножеств пространства $x$ с той или иной топологией. Обычно $\mathfrak{m}$ - кольцо множеств, хотя априори это не предполагается.

П р и м е р. $p(x)$ - Г. всех подмножеств пространства $x$; базу топологии образуют множества $\{m, F \subset$ $\subset M \subset G\}$ при условии, что $f$ замкнуто в $x, G$ открыто в $x$ и $f \subset G$.

Наиболее распространенным является $\gamma .2^{X}$, состоящее из всех замкнутых подмножеств топологич. пространства $x$; предбазу экспоненциальной топологuи на $2^{x}$ образуют множества $\{f, F \subset G\}$ и $\{f, F \cap H \neq \varnothing\}$, где $g$ и $h$ открыты в $x$, а $f$ пробегает $2 X$. Аналогично определяется топология в следующих $\gamma .:$ во множестве $\asymp(x)$ всех бикомпактных подмножеств пространства $x$, во множестве $\operatorname{exp}_{\omega}(x)$ всех конечных подмножеств пространства $x$, во множестве $k(x)$ всех подконтинуумов (связных бикомпактов) континуума $x$ и т. П. Эти пространства могут рассматріваться как подпространства $\gamma$. $2^{x}$, взятого с экспоненциальной топологией. Если $x$ - равномерное пространство, то множество $2^{x}$ наделяется естественной равномерной структурой; получающееся при этом равномерное пространство обозначается через $h(x)$. Если $x-$ бикомпакт, то $\gamma .2^{X}, \subsetneq(X)$ и $h(x)$ гомеоморфны между собой и являются бикомпактами. Если $x$ - компактное метризуемое пространство, то таково же и $2^{x}$. Если $x$ - континуум, то $2^{x}$ и $k(x)$ - тоже континуумы.

Лит.: [1] К у р а т о в с к и й $\mathbf{k}$, Топология, пер. с англ.. т. 1-2, M., 1966-69; [2] $\mathbf{m}$ i c h a e l E., &quot;trans.

![](https://cdn.mathpix.com/cropped/2023_07_08_65ba42d79ed9478683b8g-1.jpg?height=46&amp;width=829&amp;top_left_y=1039&amp;top_left_x=992)
м а p e в В. И., “матем. сб.», 1959, т. 48(90), № 2, с.
$191-212$.</text>
  <text_orig>н а д т 0 П 0 л 0 $\Gamma$ И ч е cк и м П р о с т р а н с т в о м $X$ - пространство, точками к-рого являются элементы нек-рого семейства $\mathfrak{M}$ подмножеств пространства $X$ с той или иной топологией. Обычно $\mathfrak{M}$ - кольцо множеств, хотя априори это не предполагается.

П р и м е р. $P(X)$ - Г. всех подмножеств пространства $X$; базу топологии образуют множества $\{M, F \subset$ $\subset M \subset G\}$ при условии, что $F$ замкнуто в $X, G$ открыто в $X$ и $F \subset G$.

Наиболее распространенным является $\Gamma .2^{X}$, состоящее из всех замкнутых подмножеств топологич. пространства $X$; предбазу экспоненциальной топологuи на $2^{X}$ образуют множества $\{F, F \subset G\}$ и $\{F, F \cap H \neq \varnothing\}$, где $G$ и $H$ открыты в $X$, а $F$ пробегает $2 X$. Аналогично определяется топология в следующих $\Gamma .:$ во множестве $\asymp(X)$ всех бикомпактных подмножеств пространства $X$, во множестве $\operatorname{Exp}_{\omega}(X)$ всех конечных подмножеств пространства $X$, во множестве $K(X)$ всех подконтинуумов (связных бикомпактов) континуума $X$ и т. П. Эти пространства могут рассматріваться как подпространства $\Gamma$. $2^{X}$, взятого с экспоненциальной топологией. Если $X$ - равномерное пространство, то множество $2^{X}$ наделяется естественной равномерной структурой; получающееся при этом равномерное пространство обозначается через $H(X)$. Если $X-$ бикомпакт, то $\Gamma .2^{X}, \subsetneq(X)$ и $H(X)$ гомеоморфны между собой и являются бикомпактами. Если $X$ - компактное метризуемое пространство, то таково же и $2^{X}$. Если $X$ - континуум, то $2^{X}$ и $K(X)$ - тоже континуумы.

Лит.: [1] К у р а т о в с к и й $\mathbf{K}$, Топология, пер. с англ.. т. 1-2, M., 1966-69; [2] $\mathbf{M}$ i c h a e l E., &quot;Trans.

![](https://cdn.mathpix.com/cropped/2023_07_08_65ba42d79ed9478683b8g-1.jpg?height=46&amp;width=829&amp;top_left_y=1039&amp;top_left_x=992)
м а p e в В. И., “Матем. сб.», 1959, т. 48(90), № 2, с.
$191-212$.</text_orig>
</article>
