<?xml version="1.0" ?>
<article uri="http://libmeta.ru/me/article/1071_EJLENBERGA" alphabetic_pos="1071">
  <title>ЭЙЛЕНБЕРГА - МАКЛЕИНА ПРОСТРАНСТВО</title>
  <authors/>
  <pages>
    <start>464</start>
    <end>464</end>
  </pages>
  <literature>
    <literature_orig/>
  </literature>
  <formulas_main/>
  <formulas_aux/>
  <relations n="0"/>
  <text>простравство, обозначаемое через $k(\pi, n)$ и представляющее функтор $x \rightarrow H^{n}(X ; \pi)$, где $n-$ неотрицательное число и $\pi$ - нек-рая группа, коммутативная при $n&gt;1$, а $h^{n}(x ; \pi)$ есть $n$-мерная группа когомологий конечного клеточного пространства $x$ с коэффициентами в $\pi$. Существует при любых указанных $n$ и $\pi$.

Э.- М. п. $k(\pi, n)$ можно характеризовать также следующим условием: $\pi_{i}(k(\pi, n))=\pi$ при $i=n$ и $i=0$ при $i \neq n$, где $\pi_{i}$ есть $i$-я гомотопическая группа. Таким образом, пространство $k(\pi, n)$ определено однозначно с точностью до слабой гомотопич. эквивалентности. Любое топологич. пространство можно, с точностью до слабой гомотопич. әквивалентности, разложить в косое произведение Э.- М. п. (см. Постникова система). Когомологии пространства $k(\pi, 1)$ совпадают с когомологиями группы $\pi$. Введены С. Эйленбергом и С. Маклейном [1].

Jum.: [1] E i l e n b e r g S., M a c L a n e S. &quot;ann. Math.», 1945, v. 46, p. 480-509; 1950, v., 51, p. 514-33; [2] M o w e e p P., T a нг о р a M., Когомологические операции, пер. с англ., М.,

![](https://cdn.mathpix.com/cropped/2023_07_09_a88db2509f8178714c2fg-1.jpg?height=42&amp;width=804&amp;top_left_y=1672&amp;top_left_x=151)</text>
  <text_orig>простравство, обозначаемое через $K(\pi, n)$ и представляющее функтор $X \rightarrow H^{n}(X ; \pi)$, где $n-$ неотрицательное число и $\pi$ - нек-рая группа, коммутативная при $n&gt;1$, а $H^{n}(X ; \pi)$ есть $n$-мерная группа когомологий конечного клеточного пространства $X$ с коэффициентами в $\pi$. Существует при любых указанных $n$ и $\pi$.

Э.- М. п. $K(\pi, n)$ можно характеризовать также следующим условием: $\pi_{i}(K(\pi, n))=\pi$ при $i=n$ и $i=0$ при $i \neq n$, где $\pi_{i}$ есть $i$-я гомотопическая группа. Таким образом, пространство $K(\pi, n)$ определено однозначно с точностью до слабой гомотопич. эквивалентности. Любое топологич. пространство можно, с точностью до слабой гомотопич. әквивалентности, разложить в косое произведение Э.- М. п. (см. Постникова система). Когомологии пространства $K(\pi, 1)$ совпадают с когомологиями группы $\pi$. Введены С. Эйленбергом и С. Маклейном [1].

Jum.: [1] E i l e n b e r g S., M a c L a n e S. &quot;Ann. Math.», 1945, v. 46, p. 480-509; 1950, v., 51, p. 514-33; [2] M o w e e p P., T a нг о р a M., Когомологические операции, пер. с англ., М.,

![](https://cdn.mathpix.com/cropped/2023_07_09_a88db2509f8178714c2fg-1.jpg?height=42&amp;width=804&amp;top_left_y=1672&amp;top_left_x=151)</text_orig>
</article>
