<?xml version="1.0" ?>
<article uri="http://libmeta.ru/me/article/1071_RELJaTIVJSTSKOJ" alphabetic_pos="1071">
  <title>РЕЛЯТИВЙСТСКОЙ ТЕРМОДИНАМИКИ МАТЕМАТИЧЕСКИЕ ЗАДАЧИ</title>
  <authors/>
  <pages>
    <start>487</start>
    <end>488</end>
  </pages>
  <literature>
    <literature_orig/>
  </literature>
  <formulas_main/>
  <formulas_aux/>
  <relations n="0"/>
  <text>установление соотношений между величинами, характеризующими макроскопич. состояния тел (термодинамич. величинами), при наличии сильных гравитационных полей и скоростей, сравнимых со скоростью света.

Обычно рассматривается равновесная термодинамика идеальной жидкости с заданным химич. составом. Установленные в нерелятивистской термодинамике соотношения между термодинамич. величинами сохраняются как при релятивистском макроскопич. движении частиц, составляющих тело, так и релятивистском движении самого тела, а также в сильных гравитационных полях, если значения термодинамич. величин взяты в системе отсчета, покоящейся относительно рассматриваемого элемента объема жидкости или тела, и в энергию и химич. потенциал включены все формы энергии (в частности, энергия покоя).

Основные уравнения релятивистской термодинамики формулируются в следующем виде:

$\left(n u^{i}\right)_{, i}=0-$ закон сохранения барионов, $d \varepsilon=\mu d n+n T d \sigma-$ первый закон термодинамики, $\left(\sigma u^{i}\right),{ }_{i}=0$ - условие адиабатичности, где $u^{i}$ - четырехмерная скорость (величины $n-$ плотность барионов, $\varepsilon$ - плотность энергии, $t$ - температура, $\mu=\frac{\varepsilon+p}{n}$ - химич. потенциал, $p$ - давление, $\sigma-$ плотность энтропии относятся к системе отсчета, покоящейся относительно рассматриваемого элемента объема). При этом давление и плотность энергии связаны соотношением $p \leqslant \varepsilon / 3$. При переходе к движущейся относительно элемента объема системе отсчета или к локализованному наблюдателю (при наличии гравитационных полей) нек-рые величины (напр., плотность барионов $n$ или энтропия $s$ ) не изменяются, т. е. являются скалярами, другие преобразуются, напр.

\[
\tilde{T}=T u^{0}, \tilde{\mu}=\mu u^{0},
\]

где компонента четырехмерной скорости $u^{0}$ берется вдоль мировой линии, описываемой данной точкой тела. Следствием әтого является, напр., тот факт, что в постоянном гравитационном поле условие теплового равновесия требует постоянства вдоль тела не температуры, а величины $t \sqrt{g_{00}}=$ const, где $g_{00}$ - компонента метрич. тензора, $g_{00}=1-2 \varphi / c^{2}$ в слабом гравитационном поле ( $\varphi$ - гравитационный потенциал, $c$ - скорость света). А температура, измерепная наблюдателем, относительно к-рого тело движется со скоростью $v$, равна

\[
\tilde{T}=T /\left(1-v^{2} / c^{2}\right)^{1 / 2} .
\]

Релятивистская инвариантность әнтропии $s$ позволяет записать второй закон термодинамики в форме, принятой в нерелятивистской термодинамике:

\[
d S \geqslant \delta Q / T
\]

где изменение тепла $\delta Q$ и $t$ преобразуются по одинаковому закону. Равенство достигается для обратимых процессов.

Лит.: [1] Л а н д а у Л. Д., Л и Ф ш и ц Е. М., Статистическая физика, 2 изд., М., $1964 ;$ [ [2] М и з н е р ч., Т о р н K., у и л е $\mathrm{p}$ Д ж., Гравитация, пер. с англ., т. 2-3, М., 1977 [3] м ё л л е р К., Теория относительности, пер. с англ., 2 изд., М., $1975 . \quad$ A. А. Рузмайник.</text>
  <text_orig>установление соотношений между величинами, характеризующими макроскопич. состояния тел (термодинамич. величинами), при наличии сильных гравитационных полей и скоростей, сравнимых со скоростью света.

Обычно рассматривается равновесная термодинамика идеальной жидкости с заданным химич. составом. Установленные в нерелятивистской термодинамике соотношения между термодинамич. величинами сохраняются как при релятивистском макроскопич. движении частиц, составляющих тело, так и релятивистском движении самого тела, а также в сильных гравитационных полях, если значения термодинамич. величин взяты в системе отсчета, покоящейся относительно рассматриваемого элемента объема жидкости или тела, и в энергию и химич. потенциал включены все формы энергии (в частности, энергия покоя).

Основные уравнения релятивистской термодинамики формулируются в следующем виде:

$\left(n u^{i}\right)_{, i}=0-$ закон сохранения барионов, $d \varepsilon=\mu d n+n T d \sigma-$ первый закон термодинамики, $\left(\sigma u^{i}\right),{ }_{i}=0$ - условие адиабатичности, где $u^{i}$ - четырехмерная скорость (величины $n-$ плотность барионов, $\varepsilon$ - плотность энергии, $T$ - температура, $\mu=\frac{\varepsilon+p}{n}$ - химич. потенциал, $p$ - давление, $\sigma-$ плотность энтропии относятся к системе отсчета, покоящейся относительно рассматриваемого элемента объема). При этом давление и плотность энергии связаны соотношением $p \leqslant \varepsilon / 3$. При переходе к движущейся относительно элемента объема системе отсчета или к локализованному наблюдателю (при наличии гравитационных полей) нек-рые величины (напр., плотность барионов $n$ или энтропия $S$ ) не изменяются, т. е. являются скалярами, другие преобразуются, напр.

\[
\tilde{T}=T u^{0}, \tilde{\mu}=\mu u^{0},
\]

где компонента четырехмерной скорости $u^{0}$ берется вдоль мировой линии, описываемой данной точкой тела. Следствием әтого является, напр., тот факт, что в постоянном гравитационном поле условие теплового равновесия требует постоянства вдоль тела не температуры, а величины $T \sqrt{g_{00}}=$ const, где $g_{00}$ - компонента метрич. тензора, $g_{00}=1-2 \varphi / c^{2}$ в слабом гравитационном поле ( $\varphi$ - гравитационный потенциал, $c$ - скорость света). А температура, измерепная наблюдателем, относительно к-рого тело движется со скоростью $v$, равна

\[
\tilde{T}=T /\left(1-v^{2} / c^{2}\right)^{1 / 2} .
\]

Релятивистская инвариантность әнтропии $S$ позволяет записать второй закон термодинамики в форме, принятой в нерелятивистской термодинамике:

\[
d S \geqslant \delta Q / T
\]

где изменение тепла $\delta Q$ и $T$ преобразуются по одинаковому закону. Равенство достигается для обратимых процессов.

Лит.: [1] Л а н д а у Л. Д., Л и Ф ш и ц Е. М., Статистическая физика, 2 изд., М., $1964 ;$ [ [2] М и з н е р ч., Т о р н K., у и л е $\mathrm{p}$ Д ж., Гравитация, пер. с англ., т. 2-3, М., 1977 [3] м ё л л е р К., Теория относительности, пер. с англ., 2 изд., М., $1975 . \quad$ A. А. Рузмайник.</text_orig>
</article>
