<?xml version="1.0" ?>
<article uri="http://libmeta.ru/me/article/1072_NORMAL'NYJ" alphabetic_pos="1072">
  <title>НОРМАЛЬНЫЙ ПУЧОК</title>
  <authors/>
  <pages>
    <start>539</start>
    <end>539</end>
  </pages>
  <literature>
    <literature_orig/>
  </literature>
  <formulas_main/>
  <formulas_aux/>
  <relations n="0"/>
  <text>аналог нормального расслоения в теории пучков. Пусть

\[
(f, f \#):\left(Y, G_{Y}\right) \rightarrow\left(X, \widehat{G}_{X}\right)
\]

- морфизм окольцованных пространств такой, что гомоморфіизм $f \#: f^{*} \widehat{\sigma}_{X} \rightarrow \widehat{G}_{Y}$ сюръективен, и пусть $\mathfrak{i}=\operatorname{ker} f \#$. Тогда $\mathscr{i} / \mathscr{J}^{2}$ есть пучок идеалов в $f * \mathcal{O}_{x} / \mathfrak{J} \cong$

![](https://cdn.mathpix.com/cropped/2023_07_08_d05c94cc2251fc8c04adg-1.jpg?height=47&amp;width=834&amp;top_left_y=393&amp;top_left_x=119)
$=\mathfrak{j} / \mathfrak{J}^{20}$ наз. к о н о р м а ль ь ы м пуч ко м м о рф и з м а $f$, а двойственный $\widehat{\sigma}_{y}$ модуль $\mathcal{n}_{y / X}=$ $=\operatorname{hom}_{\sigma_{y}}\left(\mathcal{n}_{\boldsymbol{y} / X}^{*}, \hat{\sigma}_{Y}\right)-$ н о р м а л ь н ы м пу ч ко м м о р фи з м а $f$. Эги пучки обычно рассматриваются в следующих частных случаях.

1) $x, Y$ - дифференцируемые (напр., класса $c^{\infty}$ ) многообразия, $f: Y \rightarrow X$ - погружение. Имеется точная

![](https://cdn.mathpix.com/cropped/2023_07_08_d05c94cc2251fc8c04adg-1.jpg?height=40&amp;width=479&amp;top_left_y=660&amp;top_left_x=123)

\[
0 \rightarrow \mathcal{N}_{Y / X}^{*} \stackrel{\delta}{\rightarrow} f^{*} \Omega_{X}^{1} \rightarrow \Omega_{Y}^{1} \rightarrow 0
\]

где $\omega_{x}^{1}, \Omega_{Y}^{1}$ - пучки ростков гладких 1-форм на $x$ и $y$, а $\delta$ определяется дифференцированием функций. Двойственная точная последовательность

\[
0 \rightarrow \mathscr{V}_{Y} \rightarrow f^{*} \mathscr{\mho}_{X} \rightarrow \mathcal{N}_{Y, X} \rightarrow 0
\]

где $\mathscr{f}_{x}, \mathscr{V}_{Y}$ - касательные пучки на $x, Y$, показывает, что $\mathcal{n}_{y / X}$ изоморфен пучку ростков гладких сечений нормального расслоения погружения $f$. Если $\boldsymbol{y}$ - погруженное подмногообразие, то $\mathcal{n}_{y / X}$ и $\mathcal{n}_{y / X}^{*}$ наз. н о pма льным и конорма ль ным пуч а м и

![](https://cdn.mathpix.com/cropped/2023_07_08_d05c94cc2251fc8c04adg-1.jpg?height=39&amp;width=476&amp;top_left_y=1092&amp;top_left_x=122)

2) $\left(x, G_{X}\right)$ - неприводимая отделимая схема конетного типа над алгебраически замкнутым полем $k$, $\left(y, \hat{G}_{Y}\right)$ - ее замкнутая подсхема, $f: Y \rightarrow X-$ вложение. Тогда $\mathcal{n}_{\boldsymbol{y} / X}$ и $\mathcal{n}_{\boldsymbol{y} / X}^{*}$ наз. н о р м а л ь н ы м иконормальным пучкам и подсхемы $y$. Имеется также последовательность бү-модулей

\[
\mathcal{N}_{Y / X}^{*} \stackrel{\delta}{\rightarrow} \Omega_{X} \otimes \widehat{G} Y \rightarrow \Omega_{Y} \rightarrow 0,
\]

где $\omega_{x}, \Omega_{Y}-$ пучки диффференциалов на $x, Y$. Пучки $\mathcal{n}_{y / X}^{*}$ I $\mathcal{n}_{y / X}$ квазикогерентны, а если $x-$ нётерова схема, то они когерентнн. Если $x$ - неособое многообразие над $k$, то $y$ является неособым многообразием тогда и только тогда, когда пучок $\mathcal{n}_{\boldsymbol{y} / X}^{*}$ локально сеободен или когда в (*) гомоморфизм $\delta$ инъективен. В этом случае получается двойственная тичная последовательность

\[
0 \rightarrow \mathscr{V}_{Y} \rightarrow \mathscr{\mathscr { V }}_{X} \otimes \widehat{\sigma}_{Y} \rightarrow \mathcal{N}_{Y / X} \rightarrow 0
\]

так что H. п. $\mathcal{n}_{\boldsymbol{y} / X}$ - локально свободный пучок ранга $r=\operatorname{codim} Y$, отвечаюший нормальному расслоению над $y$. В частности, если $r=1$, то $\mathcal{n}_{y / X}$ - обратимый пучок, отвечающий дивизору $y$.

В терминах H. п. выражается самопересечение $\boldsymbol{y} \cdot \boldsymbol{Y}$ неособого подмногообразия $\boldsymbol{y} \subset X$. А именно, $\boldsymbol{y} \cdot \boldsymbol{Y}=$ $=f_{*} c_{r}\left(\mathcal{N}_{Y / X}\right)$, где $c_{r}$ есть $r$-й Чжәня класc, $f_{*}: A(Y) \rightarrow$ $\rightarrow A(X)$ - гомоморфизм Чжоу колеи, отвечающий вложкению $f: Y \rightarrow X$.

3) $\left(x, \hat{G}_{x}\right)$ - комплексное пространство, $\left(y, \widehat{G}_{Y}\right)-$ его замкнутое аналитич. подпространство, $f$ - вложение. Пучки $\mathcal{n}_{\boldsymbol{y} / X}$ и $\mathcal{n}_{\boldsymbol{y} / \boldsymbol{X}}^{*}$ наз. н о р м а л ь н ы м иконорма льны м пучкам и под простp а н с т в а $y$; они когерептны. Если $x$ - аналитич. многообразие, а $y$ - его аналитич. подмногообразие, то $\mathcal{n}_{y / X}$ есть пучок ростков голоморфных сечений нормального расслоения над $y$.

Лит.: [1] Iii а ф а р е в и ч И. Р., Основы алгебраической геометрии, M., 1972; [2] H a r t s h or n e R., Algebraic geometry, N. Y.-Hdlb.-B., 1977.</text>
  <text_orig>аналог нормального расслоения в теории пучков. Пусть

\[
(f, f \#):\left(Y, G_{Y}\right) \rightarrow\left(X, \widehat{G}_{X}\right)
\]

- морфизм окольцованных пространств такой, что гомоморфіизм $f \#: f^{*} \widehat{\sigma}_{X} \rightarrow \widehat{G}_{Y}$ сюръективен, и пусть $\mathfrak{I}=\operatorname{Ker} f \#$. Тогда $\mathscr{I} / \mathscr{J}^{2}$ есть пучок идеалов в $f * \mathcal{O}_{x} / \mathfrak{J} \cong$

![](https://cdn.mathpix.com/cropped/2023_07_08_d05c94cc2251fc8c04adg-1.jpg?height=47&amp;width=834&amp;top_left_y=393&amp;top_left_x=119)
$=\mathfrak{J} / \mathfrak{J}^{20}$ наз. к о н о р м а ль ь ы м пуч ко м м о рф и з м а $f$, а двойственный $\widehat{\sigma}_{Y}$ модуль $\mathcal{N}_{Y / X}=$ $=\operatorname{Hom}_{\sigma_{Y}}\left(\mathcal{N}_{\boldsymbol{Y} / X}^{*}, \hat{\sigma}_{Y}\right)-$ н о р м а л ь н ы м пу ч ко м м о р фи з м а $f$. Эги пучки обычно рассматриваются в следующих частных случаях.

1) $X, Y$ - дифференцируемые (напр., класса $C^{\infty}$ ) многообразия, $f: Y \rightarrow X$ - погружение. Имеется точная

![](https://cdn.mathpix.com/cropped/2023_07_08_d05c94cc2251fc8c04adg-1.jpg?height=40&amp;width=479&amp;top_left_y=660&amp;top_left_x=123)

\[
0 \rightarrow \mathcal{N}_{Y / X}^{*} \stackrel{\delta}{\rightarrow} f^{*} \Omega_{X}^{1} \rightarrow \Omega_{Y}^{1} \rightarrow 0
\]

где $\Omega_{X}^{1}, \Omega_{Y}^{1}$ - пучки ростков гладких 1-форм на $X$ и $Y$, а $\delta$ определяется дифференцированием функций. Двойственная точная последовательность

\[
0 \rightarrow \mathscr{V}_{Y} \rightarrow f^{*} \mathscr{\mho}_{X} \rightarrow \mathcal{N}_{Y, X} \rightarrow 0
\]

где $\mathscr{F}_{X}, \mathscr{V}_{Y}$ - касательные пучки на $X, Y$, показывает, что $\mathcal{N}_{Y / X}$ изоморфен пучку ростков гладких сечений нормального расслоения погружения $f$. Если $\boldsymbol{Y}$ - погруженное подмногообразие, то $\mathcal{N}_{Y / X}$ и $\mathcal{N}_{Y / X}^{*}$ наз. н о pма льным и конорма ль ным пуч а м и

![](https://cdn.mathpix.com/cropped/2023_07_08_d05c94cc2251fc8c04adg-1.jpg?height=39&amp;width=476&amp;top_left_y=1092&amp;top_left_x=122)

2) $\left(X, G_{X}\right)$ - неприводимая отделимая схема конетного типа над алгебраически замкнутым полем $k$, $\left(Y, \hat{G}_{Y}\right)$ - ее замкнутая подсхема, $f: Y \rightarrow X-$ вложение. Тогда $\mathcal{N}_{\boldsymbol{Y} / X}$ и $\mathcal{N}_{\boldsymbol{Y} / X}^{*}$ наз. н о р м а л ь н ы м иконормальным пучкам и подсхемы $Y$. Имеется также последовательность бү-модулей

\[
\mathcal{N}_{Y / X}^{*} \stackrel{\delta}{\rightarrow} \Omega_{X} \otimes \widehat{G} Y \rightarrow \Omega_{Y} \rightarrow 0,
\]

где $\Omega_{X}, \Omega_{Y}-$ пучки диффференциалов на $X, Y$. Пучки $\mathcal{N}_{Y / X}^{*}$ I $\mathcal{N}_{Y / X}$ квазикогерентны, а если $X-$ нётерова схема, то они когерентнн. Если $X$ - неособое многообразие над $k$, то $Y$ является неособым многообразием тогда и только тогда, когда пучок $\mathcal{N}_{\boldsymbol{Y} / X}^{*}$ локально сеободен или когда в (*) гомоморфизм $\delta$ инъективен. В этом случае получается двойственная тичная последовательность

\[
0 \rightarrow \mathscr{V}_{Y} \rightarrow \mathscr{\mathscr { V }}_{X} \otimes \widehat{\sigma}_{Y} \rightarrow \mathcal{N}_{Y / X} \rightarrow 0
\]

так что H. п. $\mathcal{N}_{\boldsymbol{Y} / X}$ - локально свободный пучок ранга $r=\operatorname{codim} Y$, отвечаюший нормальному расслоению над $Y$. В частности, если $r=1$, то $\mathcal{N}_{Y / X}$ - обратимый пучок, отвечающий дивизору $Y$.

В терминах H. п. выражается самопересечение $\boldsymbol{Y} \cdot \boldsymbol{Y}$ неособого подмногообразия $\boldsymbol{Y} \subset X$. А именно, $\boldsymbol{Y} \cdot \boldsymbol{Y}=$ $=f_{*} c_{r}\left(\mathcal{N}_{Y / X}\right)$, где $c_{r}$ есть $r$-й Чжәня класc, $f_{*}: A(Y) \rightarrow$ $\rightarrow A(X)$ - гомоморфизм Чжоу колеи, отвечающий вложкению $f: Y \rightarrow X$.

3) $\left(X, \hat{G}_{x}\right)$ - комплексное пространство, $\left(Y, \widehat{G}_{Y}\right)-$ его замкнутое аналитич. подпространство, $f$ - вложение. Пучки $\mathcal{N}_{\boldsymbol{Y} / X}$ и $\mathcal{N}_{\boldsymbol{Y} / \boldsymbol{X}}^{*}$ наз. н о р м а л ь н ы м иконорма льны м пучкам и под простp а н с т в а $Y$; они когерептны. Если $X$ - аналитич. многообразие, а $Y$ - его аналитич. подмногообразие, то $\mathcal{N}_{Y / X}$ есть пучок ростков голоморфных сечений нормального расслоения над $Y$.

Лит.: [1] III а ф а р е в и ч И. Р., Основы алгебраической геометрии, M., 1972; [2] H a r t s h or n e R., Algebraic geometry, N. Y.-Hdlb.-B., 1977.</text_orig>
</article>
