<?xml version="1.0" ?>
<article uri="http://libmeta.ru/me/article/1072_GIІERІENT" alphabetic_pos="1072">
  <title>ГИІЕРІЕНТР</title>
  <authors/>
  <pages>
    <start>506</start>
    <end>506</end>
  </pages>
  <literature>
    <literature_orig/>
  </literature>
  <formulas_main/>
  <formulas_aux/>
  <relations n="0"/>
  <text>член $z_{\alpha}$ верхнего центрального ряда группы $g$. Первый $\gamma$. $z_{1}$ есть центр аруппы; если определены все $z_{\beta}, \beta&lt;\alpha$, то $z_{\alpha}=u_{\beta&lt;\alpha} Z_{\beta}$, если $\alpha-$ предельное порядковое число; $z_{\alpha}$ есть полный прообраз центра факторгруппы $g / Z_{\alpha-1}$, если $\alpha$ непредельное. Г. группы локально нилыпотентны. В. М. Копытов.</text>
  <text_orig>член $Z_{\alpha}$ верхнего центрального ряда группы $G$. Первый $\Gamma$. $Z_{1}$ есть центр аруппы; если определены все $Z_{\beta}, \beta&lt;\alpha$, то $Z_{\alpha}=U_{\beta&lt;\alpha} Z_{\beta}$, если $\alpha-$ предельное порядковое число; $Z_{\alpha}$ есть полный прообраз центра факторгруппы $G / Z_{\alpha-1}$, если $\alpha$ непредельное. Г. группы локально нилыпотентны. В. М. Копытов.</text_orig>
</article>
