<?xml version="1.0" ?>
<article uri="http://libmeta.ru/me/article/1072_RELJaTIVNAJa" alphabetic_pos="1072">
  <title>РЕЛЯТИВНАЯ ГЕОМЕТРИЯ</title>
  <authors/>
  <pages>
    <start>488</start>
    <end>488</end>
  </pages>
  <literature>
    <literature_orig/>
  </literature>
  <formulas_main/>
  <formulas_aux/>
  <relations n="0"/>
  <text>геометрия конфигурации, состоящей из двух поверхностей $s_{0}: \boldsymbol{n}=\boldsymbol{n}\left(u^{\mathbf{1}}\right.$, $\left.u^{2}\right)$ и $s: \boldsymbol{r}=\boldsymbol{r}\left(u^{1}, u^{2}\right)$, находящихся в Петерсона соответствии. Аналогия между этим соответствием и сфереически.м отображением позволила ввести понятия релятивнойі площади, полної и средней кривизны и т. д., в частности релятивно минимальной поверхности (cm. [1]).

Рассмотрение деривационных уравнений для репера $\frac{\partial \boldsymbol{r}}{\partial u^{1}}, \frac{\partial \boldsymbol{r}}{\partial u^{2}}, \boldsymbol{n}$ привело к понятию внутренней Р. г. поверхности $s$ (см. [2]). Это есть геометрия аффинной связности (точнее эквиаффинной) без кручения. Было введено понятие геометрии 2-го рода, аналогичной геометрии сферич. отображения (см. [3]).

Р. г. позволяет включить в общую схему, кроме геометрии поверхностей евклидова и псевдоевклидова пространств, также и геометрию аффинной дифференциальной геометрии. Вектор $\boldsymbol{n}$ аффинной нормали характеризуется тем, что асимптотич. сеть поверхности $s$ - чебышевская (см. [3]).

Дальнейшим обобщением P.r. является теория но [4]). С каждой точкой поверхности $s$ проективного пространства связываются две прямые: нормаль 1-го рода, проходящая через точку поверхности $a$, но не имеющая с касательной плоскостью $\alpha$ других общих точек и нормаль 2-го рода, принадлежацая $\alpha$, но не проходящая через $a$. На поверхности $s$ определяются при әтом две внутренние геометрии, сопряженные относительно асимптотич. сети. Построения P. г. допускают многомерное обобщение (см. [4]).

Лum.: [1] M ü l l e r E., &quot;monatsh. Math. und Physik», 1921, Bd 31, S. 3-19; [2] N o r de n A. P. (h o p д е н A. П.), &quot;c. r. Acad. sci.&quot;, 1931, t. 192, p. $135-37 ;$ [3] е г о ж е, «изв. Вузов. Математика&quot;, $1958, \mathcal{N} 44$, с. $172-83 ;[4]$ е г о ж е, Простран-</text>
  <text_orig>геометрия конфигурации, состоящей из двух поверхностей $S_{0}: \boldsymbol{n}=\boldsymbol{n}\left(u^{\mathbf{1}}\right.$, $\left.u^{2}\right)$ и $S: \boldsymbol{r}=\boldsymbol{r}\left(u^{1}, u^{2}\right)$, находящихся в Петерсона соответствии. Аналогия между этим соответствием и сфереически.м отображением позволила ввести понятия релятивнойі площади, полної и средней кривизны и т. д., в частности релятивно минимальной поверхности (cM. [1]).

Рассмотрение деривационных уравнений для репера $\frac{\partial \boldsymbol{r}}{\partial u^{1}}, \frac{\partial \boldsymbol{r}}{\partial u^{2}}, \boldsymbol{n}$ привело к понятию внутренней Р. г. поверхности $S$ (см. [2]). Это есть геометрия аффинной связности (точнее эквиаффинной) без кручения. Было введено понятие геометрии 2-го рода, аналогичной геометрии сферич. отображения (см. [3]).

Р. г. позволяет включить в общую схему, кроме геометрии поверхностей евклидова и псевдоевклидова пространств, также и геометрию аффинной дифференциальной геометрии. Вектор $\boldsymbol{n}$ аффинной нормали характеризуется тем, что асимптотич. сеть поверхности $S$ - чебышевская (см. [3]).

Дальнейшим обобщением P.r. является теория но [4]). С каждой точкой поверхности $S$ проективного пространства связываются две прямые: нормаль 1-го рода, проходящая через точку поверхности $A$, но не имеющая с касательной плоскостью $\alpha$ других общих точек и нормаль 2-го рода, принадлежацая $\alpha$, но не проходящая через $A$. На поверхности $S$ определяются при әтом две внутренние геометрии, сопряженные относительно асимптотич. сети. Построения P. г. допускают многомерное обобщение (см. [4]).

Лum.: [1] M ü l l e r E., &quot;Monatsh. Math. und Physik», 1921, Bd 31, S. 3-19; [2] N o r de n A. P. (H o p д е н A. П.), &quot;C. r. Acad. sci.&quot;, 1931, t. 192, p. $135-37 ;$ [3] е г о ж е, «Изв. ВУЗов. Математика&quot;, $1958, \mathcal{N} 44$, с. $172-83 ;[4]$ е г о ж е, Простран-</text_orig>
</article>
