<?xml version="1.0" ?>
<article uri="http://libmeta.ru/me/article/1073_RENYI" alphabetic_pos="1073">
  <title>РЕНЫИ КРИТЕРЙ̆</title>
  <authors/>
  <pages>
    <start>488</start>
    <end>488</end>
  </pages>
  <literature>
    <literature_orig/>
  </literature>
  <formulas_main/>
  <formulas_aux/>
  <relations n="0"/>
  <text>статистический $\begin{aligned} &amp; \text { критерий, }\end{aligned}$ применяемый для проверки простой непараметрич. гипотезы $h_{0}$, согласно к-рой независимые одинаково распределенные случайные величины $x_{1}, \ldots, X_{n}$ имеют заданную непрерывную функцию распределения $f(x)$, против альтернатив следующего вида:

\[
\begin{gathered}
H_{1}^{+}: \sup _{|x|&lt;\infty} \Psi[F(x)]\left(E F_{n}(x)-F(x)\right)&gt;0, \\
H_{1}^{-}: \inf _{|x|&lt;\infty} \Psi[F(x)]\left(E F_{n}-(x) F(x)\right)&lt;0, \\
H_{1}: \sup _{|x|&lt;\infty} \psi[F(x)]\left|E F_{n}(x)-F(x)\right|&gt;0,
\end{gathered}
\]

где $f_{n}(x)$ - функция эмпирич. распределения, построенная по выборке $x_{1}, \ldots, X_{n}, \psi(F), \psi \geqslant 0,-$ весовая функция. В случае, если

\[
\psi[F(x)]=\left\{\begin{array}{cl}
1 / F(x) &amp; \text { при } F(x) \geqslant a, \\
0 &amp; \text { при } F(x)&lt;a,
\end{array}\right.
\]

где $a$ - любое фиксированное число из отрезка $[0,1]$, то Р.к., предназначенныӥ для проверки $h_{0}$ против указанных альтернатив $h_{1}^{+}, H_{1}^{-}, H_{1}$, основан на соответствующих им с т а т и т ик а х Р е ь и:

\[
\begin{aligned}
&amp; R_{n}^{+}(a, 1)=\sup _{F(x) \geqslant a} \frac{F_{n}(x)-F(x)}{F(x)}=\max _{F\left(X_{(m)}\right) \geqslant a} \frac{\frac{m}{n}-F\left(X_{(m)}\right)}{F\left(X_{(m)}\right)}, \\
&amp; R_{n}^{-}(a, 1)=-\inf _{F(x) \geqslant a} \frac{F_{n}(x)-F(x)}{F(x)}= \\
&amp; =\max _{F\left(X_{(m)}\right) \geqslant a} \frac{F\left(X_{(m)}\right)-\frac{m-1}{n}}{F\left(X_{(m)}\right)}, \\
&amp; R_{n}(a, 1)=\sup _{F(x) \geqslant a} \frac{\left|F_{n}(x)-F(x)\right|}{F(x)}= \\
&amp; =\max \left\{R_{n}^{+}(a, 1), R_{n}^{-}(a, 1)\right\}
\end{aligned}
\]

где $x_{(1)}, X_{(2)}, \ldots, X_{(n)}$ - члены вариационного ряда

\[
X_{(1)} \leqslant X_{(2)} \leqslant \cdots \leqslant X_{(n)}
\]

построенного по наблюдениям $x_{1}, \ldots, X_{(n)}$.

Статистики $r_{n}^{+}(a, 1)$ и $r_{n}^{-}(a, 1)$ подчиняются одному и тому же вероятностному закону, и если $0&lt;a \leqslant 1$, то\[
\lim _{n \rightarrow \infty} \mathrm{P}\left\{\sqrt{\frac{n a}{1-a}} R_{n}^{+}(a, 1)&lt;x\right\}=2 \Phi(x)-1, x&gt;0 \text {, }
\]

\[
\lim _{n \rightarrow \infty} \mathrm{P}\left\{\sqrt{\frac{n a}{1-a}} R_{n}(a, 1)&lt;x\right\}=L(x), x&gt;0,
\]

где $\phi(x)$ - функция распределения стандартного нормального закона, $l(x)-\varnothing$ у н к ц и я $\mathrm{p} \mathbf{a}$ с п р е д ел е н и я $\mathrm{p}$ е вь и, определяемая формулой:

\[
L(x)=\frac{4}{\pi} \sum_{k=0}^{\infty} \frac{(-1)^{k}}{2 k+1} \exp \left\{-\frac{(2 k+1)^{2} \pi^{2}}{8 x^{2}}\right\} .
\]

В случае, если $a=0$, то

\[
\mathrm{P}\left\{R_{n}^{+}(0,1) \geqslant x\right\}=1-\frac{x}{1+x}, x&gt;0 .
\]

Из (1) и (2) следует, что при больших значения $n$ для вычисления $q$-процентных критич. значений $(0 \%&lt;Q&lt;$ $&lt;50 \%)$ для статистик $r_{n}^{+}(a, 1)$ и $r_{n}(a, 1)$ можно воспользоваться следующими приближенными значениями:

\[
\sqrt{\frac{1-a}{n a}} \Phi^{-1}(1-0,005 Q) \text { и } \sqrt{\frac{1-a}{n a}} L^{-1}(1-0,01 Q)
\]

соответственно, где $\phi^{-1}(x)$ и $l^{-1}(x)$ функции, обратные $\phi(x)$ и $l(x)$ соответственно, при этом имеют в виду, что если $0 \%&lt;Q&lt;10 \%$, то $\phi^{-1}(1-0,005 Q) \approx L^{-1}(1-0,02 Q)$.

Кроме того, если $x&gt;2,99$, то при вычислении значений функции распределения Реньи $l(x)$ рекомендуется пользоваться приближенным равенством

\[
L(x) \approx 4 \Phi(x)-3,
\]

погрешность к-рого не превосходит $5 \cdot 10^{-7}$.

Кроме рассмотренных Р. к., существуют аналогичные критерии, отвечающие весовой функции

\[
\psi[F(x)]=\left\{\begin{array}{cl}
\frac{1}{1-F(x)}, &amp; \text { если } F(x) \leqslant a, \\
0, &amp; \text { если } F(x)&gt;a,
\end{array}\right.
\]

где $a$ - любое фиксированное число из отрезка $[0,1]$. Jum.: [1] R é n y i A., &quot;acta math. Acad. scient. hung.&quot;, говых критериев, пер. с англ., М., 1971; [3] Б о л в ш е в Ј. Н., С м и р н о в Н. В., Таблицы математической статистики, 2
изд., М., 1968.</text>
  <text_orig>статистический $\begin{aligned} &amp; \text { критерий, }\end{aligned}$ применяемый для проверки простой непараметрич. гипотезы $H_{0}$, согласно к-рой независимые одинаково распределенные случайные величины $X_{1}, \ldots, X_{n}$ имеют заданную непрерывную функцию распределения $F(x)$, против альтернатив следующего вида:

\[
\begin{gathered}
H_{1}^{+}: \sup _{|x|&lt;\infty} \Psi[F(x)]\left(E F_{n}(x)-F(x)\right)&gt;0, \\
H_{1}^{-}: \inf _{|x|&lt;\infty} \Psi[F(x)]\left(E F_{n}-(x) F(x)\right)&lt;0, \\
H_{1}: \sup _{|x|&lt;\infty} \psi[F(x)]\left|E F_{n}(x)-F(x)\right|&gt;0,
\end{gathered}
\]

где $F_{n}(x)$ - функция эмпирич. распределения, построенная по выборке $X_{1}, \ldots, X_{n}, \psi(F), \psi \geqslant 0,-$ весовая функция. В случае, если

\[
\psi[F(x)]=\left\{\begin{array}{cl}
1 / F(x) &amp; \text { при } F(x) \geqslant a, \\
0 &amp; \text { при } F(x)&lt;a,
\end{array}\right.
\]

где $a$ - любое фиксированное число из отрезка $[0,1]$, то Р.к., предназначенныӥ для проверки $H_{0}$ против указанных альтернатив $H_{1}^{+}, H_{1}^{-}, H_{1}$, основан на соответствующих им с т а т и т ик а х Р е ь и:

\[
\begin{aligned}
&amp; R_{n}^{+}(a, 1)=\sup _{F(x) \geqslant a} \frac{F_{n}(x)-F(x)}{F(x)}=\max _{F\left(X_{(m)}\right) \geqslant a} \frac{\frac{m}{n}-F\left(X_{(m)}\right)}{F\left(X_{(m)}\right)}, \\
&amp; R_{n}^{-}(a, 1)=-\inf _{F(x) \geqslant a} \frac{F_{n}(x)-F(x)}{F(x)}= \\
&amp; =\max _{F\left(X_{(m)}\right) \geqslant a} \frac{F\left(X_{(m)}\right)-\frac{m-1}{n}}{F\left(X_{(m)}\right)}, \\
&amp; R_{n}(a, 1)=\sup _{F(x) \geqslant a} \frac{\left|F_{n}(x)-F(x)\right|}{F(x)}= \\
&amp; =\max \left\{R_{n}^{+}(a, 1), R_{n}^{-}(a, 1)\right\}
\end{aligned}
\]

где $X_{(1)}, X_{(2)}, \ldots, X_{(n)}$ - члены вариационного ряда

\[
X_{(1)} \leqslant X_{(2)} \leqslant \cdots \leqslant X_{(n)}
\]

построенного по наблюдениям $X_{1}, \ldots, X_{(n)}$.

Статистики $R_{n}^{+}(a, 1)$ и $R_{n}^{-}(a, 1)$ подчиняются одному и тому же вероятностному закону, и если $0&lt;a \leqslant 1$, то\[
\lim _{n \rightarrow \infty} \mathrm{P}\left\{\sqrt{\frac{n a}{1-a}} R_{n}^{+}(a, 1)&lt;x\right\}=2 \Phi(x)-1, x&gt;0 \text {, }
\]

\[
\lim _{n \rightarrow \infty} \mathrm{P}\left\{\sqrt{\frac{n a}{1-a}} R_{n}(a, 1)&lt;x\right\}=L(x), x&gt;0,
\]

где $\Phi(x)$ - функция распределения стандартного нормального закона, $L(x)-\varnothing$ у н к ц и я $\mathrm{p} \mathbf{a}$ с п р е д ел е н и я $\mathrm{P}$ е вь и, определяемая формулой:

\[
L(x)=\frac{4}{\pi} \sum_{k=0}^{\infty} \frac{(-1)^{k}}{2 k+1} \exp \left\{-\frac{(2 k+1)^{2} \pi^{2}}{8 x^{2}}\right\} .
\]

В случае, если $a=0$, то

\[
\mathrm{P}\left\{R_{n}^{+}(0,1) \geqslant x\right\}=1-\frac{x}{1+x}, x&gt;0 .
\]

Из (1) и (2) следует, что при больших значения $n$ для вычисления $Q$-процентных критич. значений $(0 \%&lt;Q&lt;$ $&lt;50 \%)$ для статистик $R_{n}^{+}(a, 1)$ и $R_{n}(a, 1)$ можно воспользоваться следующими приближенными значениями:

\[
\sqrt{\frac{1-a}{n a}} \Phi^{-1}(1-0,005 Q) \text { и } \sqrt{\frac{1-a}{n a}} L^{-1}(1-0,01 Q)
\]

соответственно, где $\Phi^{-1}(x)$ и $L^{-1}(x)$ функции, обратные $\Phi(x)$ и $L(x)$ соответственно, при этом имеют в виду, что если $0 \%&lt;Q&lt;10 \%$, то $\Phi^{-1}(1-0,005 Q) \approx L^{-1}(1-0,02 Q)$.

Кроме того, если $x&gt;2,99$, то при вычислении значений функции распределения Реньи $L(x)$ рекомендуется пользоваться приближенным равенством

\[
L(x) \approx 4 \Phi(x)-3,
\]

погрешность к-рого не превосходит $5 \cdot 10^{-7}$.

Кроме рассмотренных Р. к., существуют аналогичные критерии, отвечающие весовой функции

\[
\psi[F(x)]=\left\{\begin{array}{cl}
\frac{1}{1-F(x)}, &amp; \text { если } F(x) \leqslant a, \\
0, &amp; \text { если } F(x)&gt;a,
\end{array}\right.
\]

где $a$ - любое фиксированное число из отрезка $[0,1]$. Jum.: [1] R é n y i A., &quot;Acta math. Acad. scient. hung.&quot;, говых критериев, пер. с англ., М., 1971; [3] Б о л в ш е в Ј. Н., С м и р н о в Н. В., Таблицы математической статистики, 2
изд., М., 1968.</text_orig>
</article>
