<?xml version="1.0" ?>
<article uri="http://libmeta.ru/me/article/1073_GIІERІIK" alphabetic_pos="1073">
  <title>ГИІЕРІИКЛ</title>
  <authors/>
  <pages>
    <start>506</start>
    <end>506</end>
  </pages>
  <literature>
    <literature_orig/>
  </literature>
  <formulas_main/>
  <formulas_aux/>
  <relations n="0"/>
  <text>в $\boldsymbol{r}$ е о м е т р и и Л о б а ч е в с к ого - то же, что эквидистанта.</text>
  <text_orig>в $\boldsymbol{r}$ е о м е т р и и Л о б а ч е в с к ого - то же, что эквидистанта.</text_orig>
</article>
