<?xml version="1.0" ?>
<article uri="http://libmeta.ru/me/article/1074_GIPERELLIІTIChESKAJa" alphabetic_pos="1074">
  <title>ГИПЕРЭЛЛИІТИЧЕСКАЯ КРИВАЯ</title>
  <authors/>
  <pages>
    <start>506</start>
    <end>506</end>
  </pages>
  <literature>
    <literature_orig/>
  </literature>
  <formulas_main/>
  <formulas_aux/>
  <relations n="0"/>
  <text>неособая проективная модель аффинной кривой $y^{2}=f(x)$, где $f(x)$ - многочлен без кратных корней, нечетной степени $n$ (случай четной степени $2 k$ сводится к случаю нечетной - $(2 k-1))$. Поле функций на $\gamma$. к. (поле гиперэллиптич. функций) есть квадратичное расширение поля рациональных функций; в этом смысле оно является простейшим полем алгебраич. функций после поля рациональных функций. Г. К. характеризуются условием существования одномерного линейного ряда $g_{2}^{\prime}$ дивизоров степени 2 , определяющего морфизм $г$. к. на проективную прямую степени 2. Род $\gamma$. к. равен $(n-1) / 2$, поэтому для различных нечетных $n$ Г. к. бирационально неэквивалентны между собой. При $n=1$ получается проективная прямая, при $n=3-$ эллиптич. кривая. По традиции кривые рода 0 или 1 к $\gamma$. к. не причисляются. На $\gamma$. к. рода $g&gt;1$ отношения регулярных дифференциальных форм порождают подполе рода 0 и это свойство вполне характеризует Г.к.

Лит.: [1] Ш е в а л л е К., Введение в теорию алгеораических функций от одной переменной, пер. с англ., М., 1959; [2] С п р и н г е р Д ж., Введение в теорию римановых поверх-
ностей, пер. с англ., М., $1960 ;$ [3] Ii аф а р е в и ч И. Р., Основы алгебраической геометрии, М., 1972.</text>
  <text_orig>неособая проективная модель аффинной кривой $y^{2}=f(x)$, где $f(x)$ - многочлен без кратных корней, нечетной степени $n$ (случай четной степени $2 k$ сводится к случаю нечетной - $(2 k-1))$. Поле функций на $\Gamma$. к. (поле гиперэллиптич. функций) есть квадратичное расширение поля рациональных функций; в этом смысле оно является простейшим полем алгебраич. функций после поля рациональных функций. Г. К. характеризуются условием существования одномерного линейного ряда $g_{2}^{\prime}$ дивизоров степени 2 , определяющего морфизм $Г$. к. на проективную прямую степени 2. Род $\Gamma$. к. равен $(n-1) / 2$, поэтому для различных нечетных $n$ Г. к. бирационально неэквивалентны между собой. При $n=1$ получается проективная прямая, при $n=3-$ эллиптич. кривая. По традиции кривые рода 0 или 1 к $\Gamma$. к. не причисляются. На $\Gamma$. к. рода $g&gt;1$ отношения регулярных дифференциальных форм порождают подполе рода 0 и это свойство вполне характеризует Г.к.

Лит.: [1] Ш е в а л л е К., Введение в теорию алгеораических функций от одной переменной, пер. с англ., М., 1959; [2] С п р и н г е р Д ж., Введение в теорию римановых поверх-
ностей, пер. с англ., М., $1960 ;$ [3] II аф а р е в и ч И. Р., Основы алгебраической геометрии, М., 1972.</text_orig>
</article>
