<?xml version="1.0" ?>
<article uri="http://libmeta.ru/me/article/1074_NORMAL'NYJ" alphabetic_pos="1074">
  <title>НОРМАЛЬНЫЙ ЭПИМОРФИЗМ</title>
  <authors/>
  <pages>
    <start>539</start>
    <end>539</end>
  </pages>
  <literature>
    <literature_orig/>
  </literature>
  <formulas_main/>
  <formulas_aux/>
  <relations n="0"/>
  <text>морфизм, обладающий характеристич. свойством естественного отображения группы на факторгруппу или кольца на факторкольцо. Пусть Я категория с нулевыми моффизмами. Морфизм $v: A \rightarrow V$ наз. н о р м а л ь н ы м э п и м о р龟 и $\mathbf{м}$ м м, если всякий морфизм $\varphi: A \rightarrow Y$, для к-рого из $\alpha v=0, \alpha: X \rightarrow A$, всегда следует $\alpha \varphi=0$, однөзначно представим в вите $\varphi=v \varphi^{\prime}$. Колдро любого морфизма является Н.ә. Обратное утверждение в общем случае неверно, однако при существовании в категории ядер морфизмов всякий Н. Э. оказывается коядром. В абeлевой категории всякий эпиморфизм нормален. Двойственным к понятию Н. ә. является понятие нормального мономор физма. М. Iii. Цаленко.</text>
  <text_orig>морфизм, обладающий характеристич. свойством естественного отображения группы на факторгруппу или кольца на факторкольцо. Пусть Я категория с нулевыми моффизмами. Морфизм $v: A \rightarrow V$ наз. н о р м а л ь н ы м э п и м о р龟 и $\mathbf{м}$ м м, если всякий морфизм $\varphi: A \rightarrow Y$, для к-рого из $\alpha v=0, \alpha: X \rightarrow A$, всегда следует $\alpha \varphi=0$, однөзначно представим в вите $\varphi=v \varphi^{\prime}$. Колдро любого морфизма является Н.ә. Обратное утверждение в общем случае неверно, однако при существовании в категории ядер морфизмов всякий Н. Э. оказывается коядром. В абeлевой категории всякий эпиморфизм нормален. Двойственным к понятию Н. ә. является понятие нормального мономор физма. М. III. Цаленко.</text_orig>
</article>
