<?xml version="1.0" ?>
<article uri="http://libmeta.ru/me/article/1074_KONTAKTNOE" alphabetic_pos="1074">
  <title>КОНТАКТНОЕ ПРЕОБРАЗОВАНИЕ</title>
  <authors/>
  <pages>
    <start>533</start>
    <end>533</end>
  </pages>
  <literature>
    <literature_orig/>
  </literature>
  <formulas_main/>
  <formulas_aux/>
  <relations n="0"/>
  <text>преобразование кривых на плоскості, при к-ром касающиеся кривые переходят в касающеся же крівые. Аналогично определяется К. П. Поверхностейі в пространстве. Простейший пршмер К. П.- Лежандра преобразование.

Более общо, к онт а к т но е п р е о б р а з о в ан и е - такой дифффеоморфізм $f$ ко н т а к т но г о м но го об р а з Iі я (т. е. многообразіья $m^{2 n+1}$, снабженного контактной структурой с формої $\eta$ ), что $f^{*} \eta=\sigma \eta$, где $\sigma-$ ненулевая функция на $m^{2 n+1}$. При $\sigma=1 f$ наз. с т р о го кон т а к т ным прео б ра3 о в а н і е м. Векторное поле $x$ на контактном многообразии наз. к о н т а к т ны м (с т р о г о к о нтактным) Iнфин ит тезималыным пр ео б р а з о в а н и е м, еслі $l_{x} \eta=\tilde{\sigma} \eta,\left(L_{X} \eta=0\right)$, где $l_{x}$ - Лu производная вдоль $x$. К. П. Iногда наз. П р еобра зованиясии прикосновения.

Лum.: [1] Р а ш е в с к и й П. К., Геометрическая теория уравнений с частными производными, М. - Ј., 1947; [2] Эั йз е н х а р т Л. П., Непрерывные группы преобразований, пер. с англ., М., 1947; [3] К о н-Ф о с с е н С. Э., Некоторые вопросы дифференциальной геометрии в целом, М., 1959; [4] Г о д 6 и й о н К., Дифференциальная геометрия и аналитическая механика, пер. с форанц., М., 1973; [5] Итоги науки. Алгебра. Топология.</text>
  <text_orig>преобразование кривых на плоскості, при к-ром касающиеся кривые переходят в касающеся же крівые. Аналогично определяется К. П. Поверхностейі в пространстве. Простейший пршмер К. П.- Лежандра преобразование.

Более общо, к онт а к т но е п р е о б р а з о в ан и е - такой дифффеоморфізм $f$ ко н т а к т но г о м но го об р а з Iі я (т. е. многообразіья $M^{2 n+1}$, снабженного контактной структурой с формої $\eta$ ), что $f^{*} \eta=\sigma \eta$, где $\sigma-$ ненулевая функция на $M^{2 n+1}$. При $\sigma=1 f$ наз. с т р о го кон т а к т ным прео б ра3 о в а н і е м. Векторное поле $X$ на контактном многообразии наз. к о н т а к т ны м (с т р о г о к о нтактным) Iнфин ит тезималыным пр ео б р а з о в а н и е м, еслі $L_{X} \eta=\tilde{\sigma} \eta,\left(L_{X} \eta=0\right)$, где $L_{X}$ - Лu производная вдоль $X$. К. П. Iногда наз. П р еобра зованиясии прикосновения.

Лum.: [1] Р а ш е в с к и й П. К., Геометрическая теория уравнений с частными производными, М. - Ј., 1947; [2] Эั йз е н х а р т Л. П., Непрерывные группы преобразований, пер. с англ., М., 1947; [3] К о н-Ф о с с е н С. Э., Некоторые вопросы дифференциальной геометрии в целом, М., 1959; [4] Г о д 6 и й о н К., Дифференциальная геометрия и аналитическая механика, пер. с форанц., М., 1973; [5] Итоги науки. Алгебра. Топология.</text_orig>
</article>
