<?xml version="1.0" ?>
<article uri="http://libmeta.ru/me/article/1075_KONTAKTNBEE'" alphabetic_pos="1075">
  <title>КОНТАКТНБЕЕ' ЗАДА ЧИ ТЕОРИИ ВОДНОСТИ</title>
  <authors/>
  <pages>
    <start>533</start>
    <end>533</end>
  </pages>
  <literature>
    <literature_orig/>
  </literature>
  <formulas_main/>
  <formulas_aux/>
  <relations n="0"/>
  <text>задачи распространенія тепла (стационарные и нестационарные для эллиптіч. I параболич. уравнений соответственно) в случае, когда вещество является термıчески неоднородным- состоит из нескольких частей с разлічнымi коәффициентами теплопроводности $k$, теплоемкості $c$ Iі плотності $\rho$. Входящие в дифференциальное уравнение коэффициенты $k, c, \rho$, имеют разрывы 1-го рода, что пріводит к задачам со слабыми разрывамı решений - непрерывноїі температурой $t$ Ii разрывнымı ее производнымг. Однако поток тепла $w$ задается непрерывным.

Пусть, напр., пмеется одномернос по $x, 0&lt;x&lt;l$, уравненіе теплопроводності

\[
c(x) \rho(x) \frac{\partial T}{\partial t}=\frac{\partial}{\partial x}\left(k(x) \frac{\partial T}{\partial x}\right)
\]

и пусть в точке $0&lt;x=x^{0}&lt;l$ функціпі $k(x), c(x), \rho(x)$ имеют разрыв 1-го рода

$[k] \equiv k\left(x^{0}+0\right)-k\left(x^{0}-0\right) \neq 0,[c \rho] \neq 0$.

Тогда в точке $x=x^{n}$ должны выполняться условия (см. [1], [2]) непрерывности температуры $t$ і потока $w=$ $=-k(x) \partial T / \partial x \quad$ (у с ло в I я $\quad$ с о п р я ж е н Ii я)

\[
[T]=0, \quad[w]=0, \quad t \geqslant 0 \text {. }
\]

В других точках отрезка температура $t(x, t)$ должна удовлетворять уравненію (1) пріl $t&gt;0$, начальным условиям прii $t=0$, а также грангчным условіям прiі $x=0$, $x=l, \quad t&gt;0$.

В многомерном случае для паработіч. уравненія $\cos (x, t) \rho(x, t) \frac{\partial T}{\partial t}=\sum_{\alpha, \beta=1}^{p} \frac{\partial}{\partial x_{\alpha}}\left(k_{\alpha \beta}(x, t) \frac{\partial T}{\partial x_{\beta}}\right)+$ $+\sum_{\alpha=1}^{p} b_{\alpha}(x, t) \frac{\partial T}{\partial x_{\alpha}}-q(x, t) T+f(x, t)$ $x=\left(x_{1}, x_{2}, \ldots, x_{p}\right)$

на поверхности $\gamma^{0}$ разрыва коэффиціентов также ставятся условия (2) непрерывності функціи $t$ Iі потока

\[
w=\sum_{\alpha, \beta=1}^{p} k_{\alpha \beta}(x, t) \frac{\partial^{\prime} T}{\partial x_{\beta}} \cos \left(\widehat{n^{0}, x_{\alpha}}\right)
\]

где $n^{0}$ - нормаль к поверхності $\gamma^{0}$ (см. [3], [4]).

![](https://cdn.mathpix.com/cropped/2023_07_08_f96a658c8a66dfecb095g-1.jpg?height=37&amp;width=789&amp;top_left_y=2085&amp;top_left_x=159)
разрыве сохраняются. Иногда ставятся более общие условия сопряженшя (см. [2], [4]). Так, в одномерном случае рассматрівагтся условія

$[t]=r(t),[a \partial T / \partial x]=h(t), x=x^{0}, t \geqslant 0$

K K. 3. т. т. относітся также задача о распределении тепла в средах, агрегатное состояние к-рых может меняться при определенном значениі температуры $t^{*}$ (температуры фазового перехода) с выделением или поглощением теплоты фазового перехода $\lambda$ (3 а д а ч а С т е ф а н а [5]). На искомой границе $x=x^{0}(t)$ раздела фаз в одномерном случае ставятся условия

\[
\begin{gathered}
T\left(x^{0}(t)+0, t\right)=T\left(x^{0}(t)-0, t\right)=T^{*}, \\
{\left[k \frac{\partial T}{\partial x}\right]=\lambda \frac{d x^{0}}{d t} .}
\end{gathered}
\]

Имеется большое число контактных задач для системы уравнений теплопроводности и газовой дінамики, магнитной гидродинамики.

Лum.: [1] С а м а р с к й й А. А., &quot;докл. Ан Сccp&quot;, 1958, т. 121 , № 2, с. 225-28; [2] К а м ы н и н Ј. И., «сиб. матем. ж.., 1963, т. 4, № 5, c. $1071-1105$; [3] О л е йн и к O. А., &quot;изв. Ан'ссср. Сер. матем.&quot;, 1961, т. 25, № 1, с. 3-20; [4] K ам ы н и н Л. И., “дифференциальные уравнения&quot;, 1967 , т. З, №6 6, с. 948-964; [5] T и х о н о в А. Н., С a M a p c к и й А. A. Уравнения математической физики, 4 изд., М., 1972;

![](https://cdn.mathpix.com/cropped/2023_07_08_f96a658c8a66dfecb095g-1.jpg?height=42&amp;width=819&amp;top_left_y=721&amp;top_left_x=990)
т. Н., Јинейные и квазилинейные уравнения параболического
ти. В. Фрязииов.
М., 1967 .</text>
  <text_orig>задачи распространенія тепла (стационарные и нестационарные для эллиптіч. I параболич. уравнений соответственно) в случае, когда вещество является термıчески неоднородным- состоит из нескольких частей с разлічнымI коәффициентами теплопроводности $k$, теплоемкості $c$ Iі плотності $\rho$. Входящие в дифференциальное уравнение коэффициенты $k, c, \rho$, имеют разрывы 1-го рода, что пріводит к задачам со слабыми разрывамı решений - непрерывноїі температурой $T$ II разрывнымı ее производнымг. Однако поток тепла $w$ задается непрерывным.

Пусть, напр., пмеется одномернос по $x, 0&lt;x&lt;l$, уравненіе теплопроводності

\[
c(x) \rho(x) \frac{\partial T}{\partial t}=\frac{\partial}{\partial x}\left(k(x) \frac{\partial T}{\partial x}\right)
\]

и пусть в точке $0&lt;x=x^{0}&lt;l$ функціпі $k(x), c(x), \rho(x)$ имеют разрыв 1-го рода

$[k] \equiv k\left(x^{0}+0\right)-k\left(x^{0}-0\right) \neq 0,[c \rho] \neq 0$.

Тогда в точке $x=x^{n}$ должны выполняться условия (см. [1], [2]) непрерывности температуры $T$ і потока $w=$ $=-k(x) \partial T / \partial x \quad$ (у с ло в I я $\quad$ с о п р я ж е н II я)

\[
[T]=0, \quad[w]=0, \quad t \geqslant 0 \text {. }
\]

В других точках отрезка температура $T(x, t)$ должна удовлетворять уравненію (1) пріl $t&gt;0$, начальным условиям прII $t=0$, а также грангчным условіям прIі $x=0$, $x=l, \quad t&gt;0$.

В многомерном случае для паработіч. уравненія $\cos (x, t) \rho(x, t) \frac{\partial T}{\partial t}=\sum_{\alpha, \beta=1}^{p} \frac{\partial}{\partial x_{\alpha}}\left(k_{\alpha \beta}(x, t) \frac{\partial T}{\partial x_{\beta}}\right)+$ $+\sum_{\alpha=1}^{p} b_{\alpha}(x, t) \frac{\partial T}{\partial x_{\alpha}}-q(x, t) T+f(x, t)$ $x=\left(x_{1}, x_{2}, \ldots, x_{p}\right)$

на поверхности $\Gamma^{0}$ разрыва коэффиціентов также ставятся условия (2) непрерывності функціи $T$ Iі потока

\[
w=\sum_{\alpha, \beta=1}^{p} k_{\alpha \beta}(x, t) \frac{\partial^{\prime} T}{\partial x_{\beta}} \cos \left(\widehat{n^{0}, x_{\alpha}}\right)
\]

где $n^{0}$ - нормаль к поверхності $\Gamma^{0}$ (см. [3], [4]).

![](https://cdn.mathpix.com/cropped/2023_07_08_f96a658c8a66dfecb095g-1.jpg?height=37&amp;width=789&amp;top_left_y=2085&amp;top_left_x=159)
разрыве сохраняются. Иногда ставятся более общие условия сопряженшя (см. [2], [4]). Так, в одномерном случае рассматрівагтся условія

$[T]=r(t),[a \partial T / \partial x]=h(t), x=x^{0}, t \geqslant 0$

K K. 3. т. т. относітся также задача о распределении тепла в средах, агрегатное состояние к-рых может меняться при определенном значениі температуры $T^{*}$ (температуры фазового перехода) с выделением или поглощением теплоты фазового перехода $\lambda$ (3 а д а ч а С т е ф а н а [5]). На искомой границе $x=x^{0}(t)$ раздела фаз в одномерном случае ставятся условия

\[
\begin{gathered}
T\left(x^{0}(t)+0, t\right)=T\left(x^{0}(t)-0, t\right)=T^{*}, \\
{\left[k \frac{\partial T}{\partial x}\right]=\lambda \frac{d x^{0}}{d t} .}
\end{gathered}
\]

Имеется большое число контактных задач для системы уравнений теплопроводности и газовой дінамики, магнитной гидродинамики.

Лum.: [1] С а м а р с к й й А. А., &quot;Докл. АН СCCP&quot;, 1958, т. 121 , № 2, с. 225-28; [2] К а м ы н и н Ј. И., «Сиб. матем. ж.., 1963, т. 4, № 5, c. $1071-1105$; [3] О л е йн и к O. А., &quot;Изв. АН'СССР. Сер. матем.&quot;, 1961, т. 25, № 1, с. 3-20; [4] K ам ы н и н Л. И., “дифференциальные уравнения&quot;, 1967 , т. З, №6 6, с. 948-964; [5] T и х о н о в А. Н., С a M a p c к и й А. A. Уравнения математической физики, 4 изд., М., 1972;

![](https://cdn.mathpix.com/cropped/2023_07_08_f96a658c8a66dfecb095g-1.jpg?height=42&amp;width=819&amp;top_left_y=721&amp;top_left_x=990)
т. Н., Јинейные и квазилинейные уравнения параболического
ти. В. Фрязииов.
М., 1967 .</text_orig>
</article>
