<?xml version="1.0" ?>
<article uri="http://libmeta.ru/me/article/1076_GIShOTENUZ" alphabetic_pos="1076">
  <title>ГИШОТЕНУЗА</title>
  <authors/>
  <pages>
    <start>507</start>
    <end>507</end>
  </pages>
  <literature>
    <literature_orig/>
  </literature>
  <formulas_main/>
  <formulas_aux/>
  <relations n="0"/>
  <text>сторона прямоугольного треугольника, лежащая против прямого угла.</text>
  <text_orig>сторона прямоугольного треугольника, лежащая против прямого угла.</text_orig>
</article>
