<?xml version="1.0" ?>
<article uri="http://libmeta.ru/me/article/1077_REPREZENTATIVNOE" alphabetic_pos="1077">
  <title>РЕПРЕЗЕНТАТИВНОЕ ПОДПРОСТРАНСТВО</title>
  <authors/>
  <pages>
    <start>489</start>
    <end>489</end>
  </pages>
  <literature>
    <literature_orig/>
  </literature>
  <formulas_main/>
  <formulas_aux/>
  <relations n="0"/>
  <text>подпространство $x$ топологич. пространотва $y$ такое, что включение $x \subset Y$ является слабой гомотопич. эквивалентностью.

А. Ф. Харииладзе.</text>
  <text_orig>подпространство $X$ топологич. пространотва $Y$ такое, что включение $X \subset Y$ является слабой гомотопич. эквивалентностью.

А. Ф. Харииладзе.</text_orig>
</article>
