<?xml version="1.0" ?>
<article uri="http://libmeta.ru/me/article/1077_EJLERA" alphabetic_pos="1077">
  <title>ЭЙЛЕРА ПОСТОЯННАЯ</title>
  <authors/>
  <pages>
    <start>465</start>
    <end>466</end>
  </pages>
  <literature>
    <literature_orig/>
  </literature>
  <formulas_main/>
  <formulas_aux/>
  <relations n="0"/>
  <text>число $а$. Д. Кудрявчев. равенством

$c=\lim _{n \rightarrow \infty}\left(1+\frac{1}{2}+\frac{1}{3}+\ldots+\frac{1}{n}-\ln n\right) \approx 0,57721566490 \ldots$, вание следует из монотонного возрастания и ограниченности сверху последовательности

\[
1+\frac{1}{2}+\ldots+\frac{1}{n}-\ln (n+1)
\]

Арифметич. природа Э. п. не изучена, неизвестно (1984) даже является ли она рациональным числом или нет.</text>
  <text_orig>число $а$. Д. Кудрявчев. равенством

$c=\lim _{n \rightarrow \infty}\left(1+\frac{1}{2}+\frac{1}{3}+\ldots+\frac{1}{n}-\ln n\right) \approx 0,57721566490 \ldots$, вание следует из монотонного возрастания и ограниченности сверху последовательности

\[
1+\frac{1}{2}+\ldots+\frac{1}{n}-\ln (n+1)
\]

Арифметич. природа Э. п. не изучена, неизвестно (1984) даже является ли она рациональным числом или нет.</text_orig>
</article>
