<?xml version="1.0" ?>
<article uri="http://libmeta.ru/me/article/1077_GIPotsIKLOID" alphabetic_pos="1077">
  <title>ГИПоцИКЛОИДА</title>
  <authors/>
  <pages>
    <start>507</start>
    <end>507</end>
  </pages>
  <literature>
    <literature_orig/>
  </literature>
  <formulas_main/>
  <formulas_aux/>
  <relations n="0"/>
  <text>плоская кривая, траектория точки окружности, катящеӥся по другой окружности и имеющей с ней внутреннее касание. Параметрич. уравнения:

\[
\begin{aligned}
&amp; x=(R-r) \cos \theta+r \cos \left[(R-r) \frac{\theta}{r}\right], \\
&amp; y=(R-r) \sin \theta-r \sin \left[(R-r) \frac{\theta}{r}\right],
\end{aligned}
\]

где $r$ - радиус катящейся окружности, $r-$ радиус неподвижной окружности, $\theta$ - угол, стягиваемый дугой между точками касания окружностей. В зависимости от величины м о д у л я $m=r / r$ получаются $\gamma$. различной формы. При $m$ целом кривая состоит из $m$ непересекающихся ветвей (см. рис. а). Точки возврата $a_{1}, \ldots, A_{m}$ имеют полярные координаты $\rho=r, \varphi=$ $=2 k \pi / m, k=0,1, \ldots, m-1$. При $m$ иррациональном число ветвей бесконечно, точка $m$ в исходное положение не возвращается; при $m$ рациональном Г. (см. рис., б) замкнутая алгебраич. кривая. Длина дуги от точки $\theta=0$

\[
l=\frac{8 R(m-1)}{m^{2}} \sin ^{2} \frac{\theta}{4} .
\]

Радиус кривизны:

\[
r_{k}=\frac{4 R(m-1)}{m^{2}(m-2)} \sin \frac{\theta}{2} .
\]

Есліг точка находится не на катящейся окружности, а лежит вне (внутри) ее, то кривая наз. уд л и не н но й (уко роче нно й) ги поци кло и до й или г и П о т р х оид о й (см. Трохоида). Пріг $m=2$
![](https://cdn.mathpix.com/cropped/2023_07_08_6517c8cc656c5314f819g-1.jpg?height=406&amp;width=838&amp;top_left_y=323&amp;top_left_x=984)

Г.- отрезок прямой, при $m=3$ - Iiтейнера кривая, при $m=4$ - астроида. Г. относится к так наз. циклоидальным кривым.

Лит.: [1] С а в е л о в А. А., Плоские кривые, М., 1960.</text>
  <text_orig>плоская кривая, траектория точки окружности, катящеӥся по другой окружности и имеющей с ней внутреннее касание. Параметрич. уравнения:

\[
\begin{aligned}
&amp; x=(R-r) \cos \theta+r \cos \left[(R-r) \frac{\theta}{r}\right], \\
&amp; y=(R-r) \sin \theta-r \sin \left[(R-r) \frac{\theta}{r}\right],
\end{aligned}
\]

где $r$ - радиус катящейся окружности, $R-$ радиус неподвижной окружности, $\theta$ - угол, стягиваемый дугой между точками касания окружностей. В зависимости от величины м о д у л я $m=R / r$ получаются $\Gamma$. различной формы. При $m$ целом кривая состоит из $m$ непересекающихся ветвей (см. рис. а). Точки возврата $A_{1}, \ldots, A_{m}$ имеют полярные координаты $\rho=R, \varphi=$ $=2 k \pi / m, k=0,1, \ldots, m-1$. При $m$ иррациональном число ветвей бесконечно, точка $M$ в исходное положение не возвращается; при $m$ рациональном Г. (см. рис., б) замкнутая алгебраич. кривая. Длина дуги от точки $\theta=0$

\[
l=\frac{8 R(m-1)}{m^{2}} \sin ^{2} \frac{\theta}{4} .
\]

Радиус кривизны:

\[
r_{k}=\frac{4 R(m-1)}{m^{2}(m-2)} \sin \frac{\theta}{2} .
\]

Есліг точка находится не на катящейся окружности, а лежит вне (внутри) ее, то кривая наз. уд л и не н но й (уко роче нно й) ги поци кло и до й или г и П о т р х оид о й (см. Трохоида). Пріг $m=2$
![](https://cdn.mathpix.com/cropped/2023_07_08_6517c8cc656c5314f819g-1.jpg?height=406&amp;width=838&amp;top_left_y=323&amp;top_left_x=984)

Г.- отрезок прямой, при $m=3$ - IIтейнера кривая, при $m=4$ - астроида. Г. относится к так наз. циклоидальным кривым.

Лит.: [1] С а в е л о в А. А., Плоские кривые, М., 1960.</text_orig>
</article>
