<?xml version="1.0" ?>
<article uri="http://libmeta.ru/me/article/1077_NORMIROVANI" alphabetic_pos="1077">
  <title>НОРМИРОВАНИЕ</title>
  <authors/>
  <pages>
    <start>540</start>
    <end>542</end>
  </pages>
  <literature>
    <literature_orig/>
  </literature>
  <formulas_main/>
  <formulas_aux/>
  <relations n="0"/>
  <text>л о г а р и ф и ч е ское н о р и и о в а н и е, оце н к а п о л я,- отображение $v: K \rightarrow \Gamma_{\infty}$ поля $k$ в $\gamma_{\infty}=\gamma \bigcup\{\infty\}$, где $\gamma-$ линейно упорядоченная абелева группа, а присоединяемый әлемент $\infty$ считается больше любого әлемента из группы $\gamma$ и $x+\infty=\infty+x=\infty$ для любого $x \in \Gamma$. При этом H. должно уговлетворять следующим условиям:

1) $v(0)=\infty, v(x)&lt;\infty$ при $x \neq 0$;

2) $v(a \cdot b)=v(a)+v(b)$

3) $v(a-b) \geqslant \min (v(a), v(b))$.

Образ $k^{*}=k--\{0\}$ при отображении $v$ является подгруппой группы Г п называется $\mathbf{r} \mathbf{p}$ у п п о й 3 н а ч eн и й н о р м и р о в а н и я $v$. Всюду в дальнейшем будет предполагаться, что $v\left(k^{*}\right)$ совпадает с $\gamma$.

Теми же аксиомами определяется лг о г а р иф м ич е ско е но рми р о в ан и е ко ле ц. Всякое кольцо с неархимедовым абсолютным значением может быть превращено в логарифмически нормированное кольцо, если в группоиде значений перейти от мультипликативной записи к аддитивной и заменить упорядо ${ }^{-}$ ченность на инверсную. Элемен' 0 при әтом естественно обозначить символом $\infty$. Обратный переход от кольца с логарифмическим Н. к кольцу с неархимедовым абсолютным значением также возможен. Если в кольце было задано неархимедово вецественное нормирование, то соответствующий переход можно получить, заменяя любое положительное пействительное число $\alpha$ числом - $\lg \alpha$. Получающееся при этом логарифмическое $\mathrm{h}$. также принято называть в е щ е с т в е н н ы м.

Нормирования $v_{1}: K \rightarrow \Gamma_{\infty}^{1}$ и $v_{2}: K \rightarrow \Gamma_{\infty}^{2}$ наз. э к в ив а л е н т н ы м и, если существует такой изоморфизм $\varphi: \Gamma^{1} \rightarrow \Gamma^{2}$ упорядоченных групп, что для всех ненулевых әлементов $x \in K$

\[
v_{2}(x)=\varphi\left(v_{1}(x)\right)
\]

Множество таких әлементов $x$ поля $k$, что $v(x) \geqslant 0$, является попкольцом $a$ поля $k$ п наз. ко льц о м н о р м и р о в а н и я $v$ в поле $k$. Кольцо Н. всегда является локальныл кольцом. Элементы поля $k$, для которых $v(x)&gt;0$, образуют максимальный идеал $m_{v}$ кольца $a$; он наз. и л е а ло м н о р м и р о в а н и я $v$. Факторколыцо $a / m$, являюпееся полем, наз. п ол е м в ы ч е т ов но р ми р о в а ния $v$.

Пусть в поле $k$ заданы Н. $v_{1}$ и $v_{2}$. Кольца этих Н., рассматрпваемые как подкольца поля $k$, тогда и толькс тогда совпадают, когда эти Н. эквивалентны. Таким образом, обозрение всех (с точностью до эквивалентности) Н. поля $k$ сводится к обозренио всех таких подколец, которые могут служить для этого поля кольцами Н. Описание таких подколец дает следующая теорема: подкольцо $a$ поля $k$ тогда и только тогда может служить для этого поля кольцом Н., когда для всякого ненулевого элемента $x \in K$, хотя бы один нз элементов $x, x^{-1}$ принадлежит к $a$. Кольцо Н., тагим образом, может быть абстрактно определено как це- лостное кольцо (об.ласть целостиости), удовлетворяющее условию сформулированной выше теоремы шо отношению к своему полю тастіых. Всякое такое кольцо служит кольцом т. н. к а н о н и ч е с к о го но р м ир о в а н и я для своего поля частных, группой знаqений канонического Н. является группа $k * / U$, где $u$-мультипликативная группа обратимых әлементов кольца $a$, упорядоченная отношением делимости.

Кольца Н. можно определить еще одним способом. Если $a \subset B \subseteq K$ - два локальных кольца с максимальными идеалами $m$ и $n$ соответственно, то говорят, что $b$ д о м и н и р уе т $a$, если $m \subset n$. Отношение доминирования является отношением частичного порядка на множестве нодколец поля $k$. Максимальные элементы этого множества и только они являются кольцами $\mathrm{h}$. поля $k$. Если $a$ - кольцо Н., а $b \supset A$ - кольцо с тем же полем частных, что и $a$, то $b$ также кольцо Н. и $b$ является локализацией кольца $a$ по нек-рому простому идеалу.

Примеры нормирований.

1) Нормирование поля, определяемое формулой:

\[
v(x)=\left\{\begin{array}{l}
0, \text { если } x \neq 0, \\
\infty, \text { если } x=0,
\end{array}\right.
\]

наз. не с о б с т в е н ным, или т р и в и л ь ным, Н. Таково любое Н. конечного поля. Ему соответствует точка id $\vdots K \rightarrow K$ (тождественное отображение $k$ ).

2) Пусть $k$ - нек-рое поле и $k=k((t))$ - поле формальных степенных рядов над $k$. Сопоставление ряду $a_{n} t^{n}+a_{n-1} t^{n+1}+\ldots$, где $a_{n} \neq 0$, его порядка $n$ (а нулевому ряду $-\infty$ ) продолюкается до Н. с группой значений $\mathbb{z}$ (аддитивная группа целых чисел) и кольцом H. $k[[t]]$. Ассоциированная точка сопоставляет ряду $a_{0}+a_{1} t+a_{\imath} t^{2}+\ldots$ из $\left.k[! t]\right]$ свободный член $a_{0}$.

H. со значениями в групше $\mathbb{z}$ наз. дискрєтным; о их кольцах Н. см. Дискретного нормирования кольцо. Описание всех Н. поля рациональных чисел см. в ['ㄴ]. Для любой линейно упорядоченной абелевой группы $\gamma$ существует $\mathrm{h}$. некоторого поля, группа значений к-рого изоморфін $\gamma$.

Идеалы колец нормирования. Множество идеалов кольца Н. линейно упорядочено относительно включения, любой идеал конечного типа- главный, 'т. е. кольцо Н. является Безу кольцом. Более нолно описание строения идеалов кольца Н. можно дать в терминах группы значеншй $\mathrm{h}$.

Подмножество $m$ линейно упорядоченного множества наз. мажорным (или м а ж о р о м), если из соотношений $x \in M$ и $y&gt;x$ следует, что $y \in M$. Пусть $a-$ кольцо Н. $v$ поля $k$ с группой значений $\gamma, \Gamma^{+}-$подіолугруппа положительных әлементов $\gamma$ и $m-$ мажорное множество в $\gamma^{+}$. Отображение $m \rightarrow \alpha(M)=\{x \mid x \in K$, $v(x) \in M \cup\{\infty\}\}$ является биективным (взаимно однозначным) отображением множества мажорных подмножеств из $\gamma^{+}$на множество идеалов кольца $a$. При этом главным идеалам соответствуют мажоры, обладающие минимальным әлементом. Простым идеалам тоже соответствуют мажоры специального вида, а именно: мажоры вида $m_{h}=\gamma^{+}-H^{+}$, где $h^{+}-$положительная часть нек-рой выпуклой подгруппы $h$ группы Г. Таким образом, устанавливается взаимно однозначное coот ветствие между простыми идеалами $a$ и выпуллыми подгруппами группы значений $\gamma$.

Пусть $p$ - простой идеал, соответствующий выпуклой подгруппе $h$, тогда композиция отображений $k \stackrel{v}{\rightarrow} \Gamma \rightarrow \Gamma / H$ будет Н. поля $k$ с кольцом Н. $a_{p}$ и идеалом Н. $p A_{p}$; кроме того, на поле $a_{p} / p A_{p}$ интуцируется Н. со зндчениями в группе $h$ и кольцом Н. $a / p$. Тем самым Н. распепляется на более простые. Пусть $a-$ кольцо Н., тогда простой спектр $a$ без нуля (spec $a-(0))$ является Јинейно упорядоченным множеством и его тип наз. в ы с о т о й, или р а н г о м, соответствующего Н. Если Spec $a$ конеqен, то высота Н. есть qисло алементов в $\operatorname{spec} A-(0)$, и әто число совпадает с числом выпуклых подгрупп групыы $\gamma$, отлитных от самой $\gamma$. Н. конечного ранга сводятся к Н. ранга 1. Последние характеризуются тем, что их группа значений - apхимедова әруппа, т. е. изоморфна нек-рой подгруппе аддитивной группы $\mathbb{r}$ действительных чисел. $b$ этом случае отображение $x \rightarrow \exp (-v(x))$ является ультраметрическим абсолютным значением поля $k$

Важное свойство колец Н. - целозамкнутость. Более того, для произвольного целостного кольца $a$ его целое замыкание равно пересечению всех колец Н., содержащих $a$. Кольцо Н. вполне целозамкнуто тогда и только тогда, когда его Н. вещественное, т. е. имеет ранг 1. Кольцо Н. нётерово тогда ঘ только тогда, когда Н. дискретно.

Связь нормирования и топологии. Пусть $v: K \rightarrow \Gamma_{\infty}$ Н. поля $k$ и $v_{v}=\{x \mid x \in K, v(x)&gt;\vartheta\}$, где $\vartheta \in \Gamma$. Совокушность всех $v_{\gamma}^{\prime}, \gamma \in \Gamma$, образует фундаментальную систему окрестностей нуля топологии $\tau_{v}$ поля $k$, называемой т о по л о г и ей, о п е дел я е мой но рм и р о в а н и е м $v$. Топология $\tau_{v}$ отделима и несвязна. Топология, индуцируемая $\tau_{v}$ на кольце $a$, как правило, отлична от топологии локального кольца. Для нетривиального Н. поля $k$ топология $\tau_{v}$ локально комтактна тогда и только тогда, когда Н. $v$ дискретно, кольцо $\mathrm{h}$. полное, а поле вычетов Н. $v$ конечно; кольцо $a$ при этом будет компактно. Пополнение $\hat{k}$ поля $k$ отвосгтельно топологии $\tau_{v}$ является полем; Н. $v$ продолжается по непрерывности до Н. $\hat{v}: K \rightarrow \Gamma_{\infty}$, и топология $\hat{k}$ совпадает с $\tau_{\hat{v}}$. Кольцо $\hat{a}$ нормирования $\hat{v}$ является пополнением кольца $a$ нормирования $v$.

Нормирования $v_{1}$ п $v_{2}$ поля $k$ наз. н е з а в и с им ы м и, если топологии $\tau_{v_{1}}$ и $\tau_{v_{2}}$ различны; это эквивалентно тому, что кольца нормирований $a_{v_{1}}$ и $a_{v_{2}}$ порождают поле $k$. Неэквивалентные нормирования высоты 1 всегда независимы. Имеет место т е о р е м а а пп р о к им ац и и для норм и р о в ни й: пусть $v_{i}: K \rightarrow \Gamma_{\infty}^{i}, 1 \leqslant i \leqslant n,-$ независимые нормирования, $a_{i} \in K, \alpha_{i} \in \Gamma i$, тогта найдется такой элемент $x$ поля $k$, что $v_{i}\left(x-a_{i}\right) \geqslant \alpha_{i}$ для всех $i$.

Продолжения нормирований. Если $v^{\prime}: L \rightarrow \Gamma_{\infty}^{\prime}-$ H. поля $l$, а $k$ - подполе $l$, то ограничение $v=v^{\prime} \mid K$ нормирования $v^{\prime}$ на поле $k$ является Н. поля $k$, а его группа значений $\gamma$ - подгруппой группы $\gamma^{\prime} ; v^{\prime}$ наз. при этом п р о д о л ж е н и е м Н. $v$. Обратно, если $v-$ Н., а $l$ расширение поля $k$, то всегда существует H. поля $l$, прополжающее $v$. Индекс [ $\left.\Gamma^{\prime}: \Gamma\right]$ подгруппы $\gamma$ в группе $\gamma^{\prime}$ наз. и ч д е к с о м в е т в л ен и я Н. $v^{\prime}$ относительно $v$ и обозначается $e\left(l^{\prime} / v\right)$. Поле вычетов $k_{v}$ нормпрования $v$ отождествляется с подголем поля вычетов $k_{v}$, степень расширения [ $\left.k_{v}: k_{v}\right]$ обозначается $f\left(v^{\prime / v}\right)$ и наз. с т е п е н ь ю в ы ч ет о в Н. $v^{\prime}$ относительно $v$. Продолжение $v^{\prime}$ нормирования $v$ наз. н $е$ п о с р д с т в е н н ы $e\left(v^{\prime} / v\right)=f\left(v^{\prime} / v\right)=1$

Пусть $l-$ расширение поля $k$, a $\left\{v_{i} \mid i \in I\right\}-$ множество всех продолжений Н. $v$ на $l$. Е.сли $l-$ конечное расширение поля $k$ стешени $n$, то множество всех продолжений $v$ конечно, и

\[
\sum_{i \in I} e\left(v_{i} / v\right) f\left(v_{i} / v\right) \leqslant n .
\]

В ряде случаев это неравенство можно заменить на равенство, напр. когда $v$ дискретно и либо $k$ полно, либо $l$ сепарабрльно над $k$. Если $l-$ нормальное расширение $k$, то продолжения $v$ на $l$ переводятся друг в друга $k$-автоморфиязмами $l$, в частности если $l$ - радигальное расширение $k$, то $v$ имеет единствен- ное продолжение. В случае шроизвольного бесконечного расширения $k \subset L$ или продолжения $v^{\prime}$ нормирования $v$ степень трансцендентности $l$ над $k$ больше или равна сумме

\[
S\left(v^{\prime} / v !+r\left(v^{\prime} ! v\right)\right.
\]

где $s\left(v^{\prime} / v\right)$ - степень трансцендентности расширения поля вычетов $v^{\prime}$ над полем вычетов $v$, a $r\left(v^{\prime} / v\right)$ - размерность пространства $\left(\gamma_{v} / \Gamma_{v}\right) \otimes \mathbb{Q}$.

Понятие «н.» ввел п изучил В. Крулль [1]. Это понятие пиироко используется также в алгебраич. геометрин. Так, в терминах «колец Н.» строится абстрактная ргманова поверхность поля (см. [3]).

Jum.: [1] K $\mathbf{~} \mathbf{u} l l \mathrm{l}$ W., &quot;j. reine und angew. Math.&quot;, 1932 Bd 167, S. 160-96; [2] Б ур б а к и Н., Коммутативная алгебра, пер. с франц., М., 1971; [3] 3 а р и с с к и й О., С а м ю9 ग П., Коммутативная алгебра, пер. с англ., т. 2, М., 1963;
[4.] К у р о Ii А. Г., Лекции по общей алгебре, 2 изд., М., 1973.</text>
  <text_orig>л о г а р и ф и ч е ское н о р и и о в а н и е, оце н к а п о л я,- отображение $v: K \rightarrow \Gamma_{\infty}$ поля $K$ в $\Gamma_{\infty}=\Gamma \bigcup\{\infty\}$, где $\Gamma-$ линейно упорядоченная абелева группа, а присоединяемый әлемент $\infty$ считается больше любого әлемента из группы $\Gamma$ и $x+\infty=\infty+x=\infty$ для любого $x \in \Gamma$. При этом H. должно уговлетворять следующим условиям:

1) $v(0)=\infty, v(x)&lt;\infty$ при $x \neq 0$;

2) $v(a \cdot b)=v(a)+v(b)$

3) $v(a-b) \geqslant \min (v(a), v(b))$.

Образ $K^{*}=K--\{0\}$ при отображении $v$ является подгруппой группы Г п называется $\mathbf{r} \mathbf{p}$ у п п о й 3 н а ч eн и й н о р м и р о в а н и я $v$. Всюду в дальнейшем будет предполагаться, что $v\left(K^{*}\right)$ совпадает с $\Gamma$.

Теми же аксиомами определяется лг о г а р иф м ич е ско е но рми р о в ан и е ко ле ц. Всякое кольцо с неархимедовым абсолютным значением может быть превращено в логарифмически нормированное кольцо, если в группоиде значений перейти от мультипликативной записи к аддитивной и заменить упорядо ${ }^{-}$ ченность на инверсную. Элемен' 0 при әтом естественно обозначить символом $\infty$. Обратный переход от кольца с логарифмическим Н. к кольцу с неархимедовым абсолютным значением также возможен. Если в кольце было задано неархимедово вецественное нормирование, то соответствующий переход можно получить, заменяя любое положительное пействительное число $\alpha$ числом - $\lg \alpha$. Получающееся при этом логарифмическое $\mathrm{H}$. также принято называть в е щ е с т в е н н ы м.

Нормирования $v_{1}: K \rightarrow \Gamma_{\infty}^{1}$ и $v_{2}: K \rightarrow \Gamma_{\infty}^{2}$ наз. э к в ив а л е н т н ы м и, если существует такой изоморфизм $\varphi: \Gamma^{1} \rightarrow \Gamma^{2}$ упорядоченных групп, что для всех ненулевых әлементов $x \in K$

\[
v_{2}(x)=\varphi\left(v_{1}(x)\right)
\]

Множество таких әлементов $x$ поля $K$, что $v(x) \geqslant 0$, является попкольцом $A$ поля $K$ п наз. ко льц о м н о р м и р о в а н и я $v$ в поле $K$. Кольцо Н. всегда является локальныл кольцом. Элементы поля $K$, для которых $v(x)&gt;0$, образуют максимальный идеал $m_{v}$ кольца $A$; он наз. и л е а ло м н о р м и р о в а н и я $v$. Факторколыцо $A / m$, являюпееся полем, наз. п ол е м в ы ч е т ов но р ми р о в а ния $v$.

Пусть в поле $K$ заданы Н. $v_{1}$ и $v_{2}$. Кольца этих Н., рассматрпваемые как подкольца поля $K$, тогда и толькс тогда совпадают, когда эти Н. эквивалентны. Таким образом, обозрение всех (с точностью до эквивалентности) Н. поля $K$ сводится к обозренио всех таких подколец, которые могут служить для этого поля кольцами Н. Описание таких подколец дает следующая теорема: подкольцо $A$ поля $K$ тогда и только тогда может служить для этого поля кольцом Н., когда для всякого ненулевого элемента $x \in K$, хотя бы один нз элементов $x, x^{-1}$ принадлежит к $A$. Кольцо Н., тагим образом, может быть абстрактно определено как це- лостное кольцо (об.ласть целостиости), удовлетворяющее условию сформулированной выше теоремы шо отношению к своему полю тастіых. Всякое такое кольцо служит кольцом т. н. к а н о н и ч е с к о го но р м ир о в а н и я для своего поля частных, группой знаqений канонического Н. является группа $K * / U$, где $U$-мультипликативная группа обратимых әлементов кольца $A$, упорядоченная отношением делимости.

Кольца Н. можно определить еще одним способом. Если $A \subset B \subseteq K$ - два локальных кольца с максимальными идеалами $m$ и $n$ соответственно, то говорят, что $B$ д о м и н и р уе т $A$, если $m \subset n$. Отношение доминирования является отношением частичного порядка на множестве нодколец поля $K$. Максимальные элементы этого множества и только они являются кольцами $\mathrm{H}$. поля $K$. Если $A$ - кольцо Н., а $B \supset A$ - кольцо с тем же полем частных, что и $A$, то $B$ также кольцо Н. и $B$ является локализацией кольца $A$ по нек-рому простому идеалу.

Примеры нормирований.

1) Нормирование поля, определяемое формулой:

\[
v(x)=\left\{\begin{array}{l}
0, \text { если } x \neq 0, \\
\infty, \text { если } x=0,
\end{array}\right.
\]

наз. не с о б с т в е н ным, или т р и в и л ь ным, Н. Таково любое Н. конечного поля. Ему соответствует точка id $\vdots K \rightarrow K$ (тождественное отображение $K$ ).

2) Пусть $k$ - нек-рое поле и $K=k((t))$ - поле формальных степенных рядов над $k$. Сопоставление ряду $a_{n} t^{n}+a_{n-1} t^{n+1}+\ldots$, где $a_{n} \neq 0$, его порядка $n$ (а нулевому ряду $-\infty$ ) продолюкается до Н. с группой значений $\mathbb{Z}$ (аддитивная группа целых чисел) и кольцом H. $k[[t]]$. Ассоциированная точка сопоставляет ряду $a_{0}+a_{1} t+a_{\imath} t^{2}+\ldots$ из $\left.k[! t]\right]$ свободный член $a_{0}$.

H. со значениями в групше $\mathbb{Z}$ наз. дискрєтным; о их кольцах Н. см. Дискретного нормирования кольцо. Описание всех Н. поля рациональных чисел см. в ['ㄴ]. Для любой линейно упорядоченной абелевой группы $\Gamma$ существует $\mathrm{H}$. некоторого поля, группа значений к-рого изоморфін $\Gamma$.

Идеалы колец нормирования. Множество идеалов кольца Н. линейно упорядочено относительно включения, любой идеал конечного типа- главный, 'т. е. кольцо Н. является Безу кольцом. Более нолно описание строения идеалов кольца Н. можно дать в терминах группы значеншй $\mathrm{H}$.

Подмножество $M$ линейно упорядоченного множества наз. мажорным (или м а ж о р о м), если из соотношений $x \in M$ и $y&gt;x$ следует, что $y \in M$. Пусть $A-$ кольцо Н. $v$ поля $K$ с группой значений $\Gamma, \Gamma^{+}-$подіолугруппа положительных әлементов $\Gamma$ и $M-$ мажорное множество в $\Gamma^{+}$. Отображение $M \rightarrow \alpha(M)=\{x \mid x \in K$, $v(x) \in M \cup\{\infty\}\}$ является биективным (взаимно однозначным) отображением множества мажорных подмножеств из $\Gamma^{+}$на множество идеалов кольца $A$. При этом главным идеалам соответствуют мажоры, обладающие минимальным әлементом. Простым идеалам тоже соответствуют мажоры специального вида, а именно: мажоры вида $M_{H}=\Gamma^{+}-H^{+}$, где $H^{+}-$положительная часть нек-рой выпуклой подгруппы $H$ группы Г. Таким образом, устанавливается взаимно однозначное coот ветствие между простыми идеалами $A$ и выпуллыми подгруппами группы значений $\Gamma$.

Пусть $p$ - простой идеал, соответствующий выпуклой подгруппе $H$, тогда композиция отображений $K \stackrel{v}{\rightarrow} \Gamma \rightarrow \Gamma / H$ будет Н. поля $K$ с кольцом Н. $A_{p}$ и идеалом Н. $p A_{p}$; кроме того, на поле $A_{p} / p A_{p}$ интуцируется Н. со зндчениями в группе $H$ и кольцом Н. $A / p$. Тем самым Н. распепляется на более простые. Пусть $A-$ кольцо Н., тогда простой спектр $A$ без нуля (Spec $A-(0))$ является Јинейно упорядоченным множеством и его тип наз. в ы с о т о й, или р а н г о м, соответствующего Н. Если Spec $A$ конеqен, то высота Н. есть qисло алементов в $\operatorname{Spec} A-(0)$, и әто число совпадает с числом выпуклых подгрупп групыы $\Gamma$, отлитных от самой $\Gamma$. Н. конечного ранга сводятся к Н. ранга 1. Последние характеризуются тем, что их группа значений - apхимедова әруппа, т. е. изоморфна нек-рой подгруппе аддитивной группы $\mathbb{R}$ действительных чисел. $B$ этом случае отображение $x \rightarrow \exp (-v(x))$ является ультраметрическим абсолютным значением поля $K$

Важное свойство колец Н. - целозамкнутость. Более того, для произвольного целостного кольца $A$ его целое замыкание равно пересечению всех колец Н., содержащих $A$. Кольцо Н. вполне целозамкнуто тогда и только тогда, когда его Н. вещественное, т. е. имеет ранг 1. Кольцо Н. нётерово тогда ঘ только тогда, когда Н. дискретно.

Связь нормирования и топологии. Пусть $v: K \rightarrow \Gamma_{\infty}$ Н. поля $K$ и $V_{v}=\{x \mid x \in K, v(x)&gt;\vartheta\}$, где $\vartheta \in \Gamma$. Совокушность всех $V_{\gamma}^{\prime}, \gamma \in \Gamma$, образует фундаментальную систему окрестностей нуля топологии $\tau_{v}$ поля $K$, называемой т о по л о г и ей, о п е дел я е мой но рм и р о в а н и е м $v$. Топология $\tau_{v}$ отделима и несвязна. Топология, индуцируемая $\tau_{v}$ на кольце $A$, как правило, отлична от топологии локального кольца. Для нетривиального Н. поля $K$ топология $\tau_{v}$ локально комтактна тогда и только тогда, когда Н. $v$ дискретно, кольцо $\mathrm{H}$. полное, а поле вычетов Н. $v$ конечно; кольцо $A$ при этом будет компактно. Пополнение $\hat{K}$ поля $K$ отвосгтельно топологии $\tau_{v}$ является полем; Н. $v$ продолжается по непрерывности до Н. $\hat{v}: K \rightarrow \Gamma_{\infty}$, и топология $\hat{K}$ совпадает с $\tau_{\hat{v}}$. Кольцо $\hat{A}$ нормирования $\hat{v}$ является пополнением кольца $A$ нормирования $v$.

Нормирования $v_{1}$ п $v_{2}$ поля $K$ наз. н е з а в и с им ы м и, если топологии $\tau_{v_{1}}$ и $\tau_{v_{2}}$ различны; это эквивалентно тому, что кольца нормирований $A_{v_{1}}$ и $A_{v_{2}}$ порождают поле $K$. Неэквивалентные нормирования высоты 1 всегда независимы. Имеет место т е о р е м а а пп р о к им ац и и для норм и р о в ни й: пусть $v_{i}: K \rightarrow \Gamma_{\infty}^{i}, 1 \leqslant i \leqslant n,-$ независимые нормирования, $a_{i} \in K, \alpha_{i} \in \Gamma i$, тогта найдется такой элемент $x$ поля $K$, что $v_{i}\left(x-a_{i}\right) \geqslant \alpha_{i}$ для всех $i$.

Продолжения нормирований. Если $v^{\prime}: L \rightarrow \Gamma_{\infty}^{\prime}-$ H. поля $L$, а $K$ - подполе $L$, то ограничение $v=v^{\prime} \mid K$ нормирования $v^{\prime}$ на поле $K$ является Н. поля $K$, а его группа значений $\Gamma$ - подгруппой группы $\Gamma^{\prime} ; v^{\prime}$ наз. при этом п р о д о л ж е н и е м Н. $v$. Обратно, если $v-$ Н., а $L$ расширение поля $K$, то всегда существует H. поля $L$, прополжающее $v$. Индекс [ $\left.\Gamma^{\prime}: \Gamma\right]$ подгруппы $\Gamma$ в группе $\Gamma^{\prime}$ наз. и ч д е к с о м в е т в л ен и я Н. $v^{\prime}$ относительно $v$ и обозначается $e\left(l^{\prime} / v\right)$. Поле вычетов $k_{v}$ нормпрования $v$ отождествляется с подголем поля вычетов $k_{v}$, степень расширения [ $\left.k_{v}: k_{v}\right]$ обозначается $f\left(v^{\prime / v}\right)$ и наз. с т е п е н ь ю в ы ч ет о в Н. $v^{\prime}$ относительно $v$. Продолжение $v^{\prime}$ нормирования $v$ наз. н $е$ п о с р д с т в е н н ы $e\left(v^{\prime} / v\right)=f\left(v^{\prime} / v\right)=1$

Пусть $L-$ расширение поля $K$, a $\left\{v_{i} \mid i \in I\right\}-$ множество всех продолжений Н. $v$ на $L$. Е.сли $L-$ конечное расширение поля $K$ стешени $n$, то множество всех продолжений $v$ конечно, и

\[
\sum_{i \in I} e\left(v_{i} / v\right) f\left(v_{i} / v\right) \leqslant n .
\]

В ряде случаев это неравенство можно заменить на равенство, напр. когда $v$ дискретно и либо $K$ полно, либо $L$ сепарабрльно над $K$. Если $L-$ нормальное расширение $K$, то продолжения $v$ на $L$ переводятся друг в друга $K$-автоморфиязмами $L$, в частности если $L$ - радигальное расширение $K$, то $v$ имеет единствен- ное продолжение. В случае шроизвольного бесконечного расширения $K \subset L$ или продолжения $v^{\prime}$ нормирования $v$ степень трансцендентности $L$ над $K$ больше или равна сумме

\[
S\left(v^{\prime} / v !+r\left(v^{\prime} ! v\right)\right.
\]

где $S\left(v^{\prime} / v\right)$ - степень трансцендентности расширения поля вычетов $v^{\prime}$ над полем вычетов $v$, a $r\left(v^{\prime} / v\right)$ - размерность пространства $\left(\Gamma_{v} / \Gamma_{v}\right) \otimes \mathbb{Q}$.

Понятие «Н.» ввел п изучил В. Крулль [1]. Это понятие пиироко используется также в алгебраич. геометрин. Так, в терминах «колец Н.» строится абстрактная ргманова поверхность поля (см. [3]).

Jum.: [1] K $\mathbf{~} \mathbf{u} l l \mathrm{l}$ W., &quot;J. reine und angew. Math.&quot;, 1932 Bd 167, S. 160-96; [2] Б ур б а к и Н., Коммутативная алгебра, пер. с франц., М., 1971; [3] 3 а р и с с к и й О., С а м ю9 ग П., Коммутативная алгебра, пер. с англ., т. 2, М., 1963;
[4.] К у р о II А. Г., Лекции по общей алгебре, 2 изд., М., 1973.</text_orig>
</article>
