<?xml version="1.0" ?>
<article uri="http://libmeta.ru/me/article/1078_KONTINUAL'NYJ" alphabetic_pos="1078">
  <title>КОНТИНУАЛЬНЫЙ ИНТЕГРАЛ</title>
  <authors/>
  <pages>
    <start>535</start>
    <end>535</end>
  </pages>
  <literature>
    <literature_orig/>
  </literature>
  <formulas_main/>
  <formulas_aux/>
  <relations n="0"/>
  <text>см. Интеграл по траекториям.</text>
  <text_orig>см. Интеграл по траекториям.</text_orig>
</article>
