<?xml version="1.0" ?>
<article uri="http://libmeta.ru/me/article/1079_KONTINUU" alphabetic_pos="1079">
  <title>КОНТИНУУМ</title>
  <authors/>
  <pages>
    <start>535</start>
    <end>535</end>
  </pages>
  <literature>
    <literature_orig/>
  </literature>
  <formulas_main/>
  <formulas_aux/>
  <relations n="0"/>
  <text>непустое связное хаусдорфово бикомпактное пространство. К. наз. в Ы р о ж д е н ны м, если он состоит из одной точки. Особо важным является класс метризуемых К. Примеры К.: замкнутый отрезок, окружность, выпуклый многогранник и т. Д. Компакт $(x, \rho)$ (т. е. метризуемыӥ бикомпакт с метрикой $\rho$ ) есть $к$. в том и только в том случае, если для каждой пары точек $a, b \in X$ и для любого $\varepsilon&gt;0$ найдется конечная $\varepsilon$-цепь, соединяющая эти точки, т. е. последовательность $\left\{x_{n}\right\}_{n=1}^{k}$ точек в $x$ такая, что $x_{1}=a$, $x_{k}=b$ и $\rho\left(x_{n}, x_{n+1}\right)&lt;\varepsilon$. Объединение двух К., имеющих общую точку, есть $\kappa$. Топологич. произведение $\mathcal{k}$. есть К., непрерывный образ К. есть К., компоненты бикомпакта суть К., пересечение убываюцеӥі последовательности К. есть К. Никакой К. нельзя разложить в объединение счетного семейства непересекающихся замкнутых множеств (т е о р е м а С е р п и н ь с К $о$ г о).

Каждый локально связныӥ метрич. К. является непрерывным образом замкнутого отрезка (т е о р е м а X a н a-M a 3 у p к е в и ч a). Невырожденный $k$. н е п р и в о д и м между двумя своими точками, если никакой его собственный подконтинуум не содержит этих двух точек К., неприводимый между некоторыми двумя своими точкамі, наз. н е іл р и в о д и м ы м к о н т и н у у м о м. Всякиӥ локально связный нешриводимый $\nprec$. есть простая дуга, т. с. гомеоморфен отрезку.

Невырожденный Ii. наз. н е р а з л о ж и м ы м, если его нельзя представить в виде суммы двух собственных подконтинуумов, и - н а с л е д с т в е н н о н е р а з л ж и мым, если неразложим он сам, і неразложимы все его подконтинуумы. К. неразложнм тогда и только тогда, когда в нем существуют три такие точки, что он неприводим между любыми двумя из них; все наследственно неразложшмые К. гомеоморфны между собой.

Лuт.: [1] K у р а т о в с к й й К., Топология, пер. с англ.,</text>
  <text_orig>непустое связное хаусдорфово бикомпактное пространство. К. наз. в Ы р о ж д е н ны м, если он состоит из одной точки. Особо важным является класс метризуемых К. Примеры К.: замкнутый отрезок, окружность, выпуклый многогранник и т. Д. Компакт $(X, \rho)$ (т. е. метризуемыӥ бикомпакт с метрикой $\rho$ ) есть $К$. в том и только в том случае, если для каждой пары точек $a, b \in X$ и для любого $\varepsilon&gt;0$ найдется конечная $\varepsilon$-цепь, соединяющая эти точки, т. е. последовательность $\left\{x_{n}\right\}_{n=1}^{k}$ точек в $X$ такая, что $x_{1}=a$, $x_{k}=b$ и $\rho\left(x_{n}, x_{n+1}\right)&lt;\varepsilon$. Объединение двух К., имеющих общую точку, есть $\kappa$. Топологич. произведение $\mathcal{K}$. есть К., непрерывный образ К. есть К., компоненты бикомпакта суть К., пересечение убываюцеӥі последовательности К. есть К. Никакой К. нельзя разложить в объединение счетного семейства непересекающихся замкнутых множеств (т е о р е м а С е р п и н ь с К $о$ г о).

Каждый локально связныӥ метрич. К. является непрерывным образом замкнутого отрезка (т е о р е м а X a н a-M a 3 у p к е в и ч a). Невырожденный $K$. н е п р и в о д и м между двумя своими точками, если никакой его собственный подконтинуум не содержит этих двух точек К., неприводимый между некоторыми двумя своими точкамі, наз. н е іл р и в о д и м ы м к о н т и н у у м о м. Всякиӥ локально связный нешриводимый $\nprec$. есть простая дуга, т. с. гомеоморфен отрезку.

Невырожденный Ii. наз. н е р а з л о ж и м ы м, если его нельзя представить в виде суммы двух собственных подконтинуумов, и - н а с л е д с т в е н н о н е р а з л ж и мым, если неразложим он сам, і неразложимы все его подконтинуумы. К. неразложнм тогда и только тогда, когда в нем существуют три такие точки, что он неприводим между любыми двумя из них; все наследственно неразложшмые К. гомеоморфны между собой.

Лuт.: [1] K у р а т о в с к й й К., Топология, пер. с англ.,</text_orig>
</article>
