<?xml version="1.0" ?>
<article uri="http://libmeta.ru/me/article/107_OSTsILLJaTsIONNOE" alphabetic_pos="107">
  <title>ОСЦИЛЛЯЦИОННОЕ ЯДРО</title>
  <authors/>
  <pages>
    <start>71</start>
    <end>71</end>
  </pages>
  <literature>
    <literature_orig/>
  </literature>
  <formulas_main/>
  <formulas_aux/>
  <relations n="0"/>
  <text>функция $k(x, s)$, $a \leqslant x, s \leqslant b$, такая, что для любых точек $x_{1}, . ., x_{n} \in$ $\in[a, b]$, среди к-рых (при $n=2$ ) имеется по крайней мере одна внутрөнняя, матрица $\left\|k\left(x_{i}, x_{k}\right)\right\|_{1}^{n}$ является осциллячионной матрицей.</text>
  <text_orig>функция $K(x, s)$, $a \leqslant x, s \leqslant b$, такая, что для любых точек $x_{1}, . ., x_{n} \in$ $\in[a, b]$, среди к-рых (при $n=2$ ) имеется по крайней мере одна внутрөнняя, матрица $\left\|K\left(x_{i}, x_{k}\right)\right\|_{1}^{n}$ является осциллячионной матрицей.</text_orig>
</article>
