<?xml version="1.0" ?>
<article uri="http://libmeta.ru/me/article/107_SPEKTR" alphabetic_pos="107">
  <title>СПЕКТР $C^{*}$-АЛГЕБРЫ</title>
  <authors/>
  <pages>
    <start>51</start>
    <end>52</end>
  </pages>
  <literature>
    <literature_orig/>
  </literature>
  <formulas_main/>
  <formulas_aux/>
  <relations n="0"/>
  <text>множество классов унїтарной эквивалентности неприводимых представлений $c^{*}$-алгебры. В спектр вводят топологию, считая замыканием любого подмножества совокупность всех (классов эквивалентности) представлений, ядра к-рых содержат пересечение ядер всех представлений этого множества. Для коммутативной $c^{*}$-алгебры спектр гак топологич. пространство совиадает с пространством характеров (гомеоморфен пространству максимальных идеалов). В общем случае спектр $c^{*}$-алгебры является базой разложения ее представлений в прямые интегралы неприводимых представлений.

Лит.: [1] Д и к с м ь е Ж., $c^{*}$-алгебры и их представления, пер. с франц., М., 1974.

B. С. шульман.</text>
  <text_orig>множество классов унїтарной эквивалентности неприводимых представлений $C^{*}$-алгебры. В спектр вводят топологию, считая замыканием любого подмножества совокупность всех (классов эквивалентности) представлений, ядра к-рых содержат пересечение ядер всех представлений этого множества. Для коммутативной $C^{*}$-алгебры спектр гак топологич. пространство совиадает с пространством характеров (гомеоморфен пространству максимальных идеалов). В общем случае спектр $C^{*}$-алгебры является базой разложения ее представлений в прямые интегралы неприводимых представлений.

Лит.: [1] Д и к с м ь е Ж., $C^{*}$-алгебры и их представления, пер. с франц., М., 1974.

B. С. шульман.</text_orig>
</article>
