<?xml version="1.0" ?>
<article uri="http://libmeta.ru/me/article/1080_GЈAVNAJa" alphabetic_pos="1080">
  <title>ГЈАВНАЯ КРИВИЗНА</title>
  <authors/>
  <pages>
    <start>507</start>
    <end>508</end>
  </pages>
  <literature>
    <literature_orig/>
  </literature>
  <formulas_main/>
  <formulas_aux/>
  <relations n="0"/>
  <text>нормальная кривизна поверхности в главном направлении, т. е. в направлении, где она достигает своего әкстремального значения. Г. к. $k_{1}$ и $k_{2}$ являются корнями квадратного уравнения

\[
\left|\begin{array}{lc}
L-k E &amp; M-k F \\
M-k F &amp; N-k G
\end{array}\right|=0
\]

где $e, F$ и $g$ - коэффициенты первой квадратичной бормы, а $l, M$ И $n$ - второй квадратичной формы поверхности, вычисленные в данной точке.

Полусумма Г. к. $k_{1}$ и $k_{2}$ поверхности равна средней кривизне, а произведение - гауссовой кривизне поверхности. Уравнение (*) может быть запцсано в виде

\[
k^{2}-2 H k+K=0,
\]

где $h-$ средняя, $k-$ полная кривизны поверхности в данной точке.

Г. к. $k_{1}$ и $k_{2}$ связаны с нормальной кривизной $\tilde{k}$ в произвольно выбранном направлении ф о р м у ло й Э й л е р а:

\[
\tilde{k}=k_{1} \cos ^{2} \varphi+k_{2} \sin ^{2} \varphi
\]

где $\varphi$ - угол, образуемый выбранным направлением с главным направлением для кривизны $k_{1}$. E. В. Шикин.</text>
  <text_orig>нормальная кривизна поверхности в главном направлении, т. е. в направлении, где она достигает своего әкстремального значения. Г. к. $k_{1}$ и $k_{2}$ являются корнями квадратного уравнения

\[
\left|\begin{array}{lc}
L-k E &amp; M-k F \\
M-k F &amp; N-k G
\end{array}\right|=0
\]

где $E, F$ и $G$ - коэффициенты первой квадратичной бормы, а $L, M$ И $N$ - второй квадратичной формы поверхности, вычисленные в данной точке.

Полусумма Г. к. $k_{1}$ и $k_{2}$ поверхности равна средней кривизне, а произведение - гауссовой кривизне поверхности. Уравнение (*) может быть запцсано в виде

\[
k^{2}-2 H k+K=0,
\]

где $H-$ средняя, $K-$ полная кривизны поверхности в данной точке.

Г. к. $k_{1}$ и $k_{2}$ связаны с нормальной кривизной $\tilde{k}$ в произвольно выбранном направлении ф о р м у ло й Э й л е р а:

\[
\tilde{k}=k_{1} \cos ^{2} \varphi+k_{2} \sin ^{2} \varphi
\]

где $\varphi$ - угол, образуемый выбранным направлением с главным направлением для кривизны $k_{1}$. E. В. Шикин.</text_orig>
</article>
