<?xml version="1.0" ?>
<article uri="http://libmeta.ru/me/article/1080_NORMIROVANNOE" alphabetic_pos="1080">
  <title>НОРМИРОВАННОЕ КОЛЬЦО</title>
  <authors/>
  <pages>
    <start>542</start>
    <end>542</end>
  </pages>
  <literature>
    <literature_orig/>
  </literature>
  <formulas_main/>
  <formulas_aux/>
  <relations n="0"/>
  <text>1) то же, что нормированндя или банахова алгєбра.

2) Кольцо с заданным на нем норжированиел.</text>
  <text_orig>1) то же, что нормированндя или банахова алгєбра.

2) Кольцо с заданным на нем норжированиел.</text_orig>
</article>
