<?xml version="1.0" ?>
<article uri="http://libmeta.ru/me/article/1081_ӘJLERA" alphabetic_pos="1081">
  <title>ӘЙЛЕРА ПРЯМАЯ</title>
  <authors/>
  <pages>
    <start>466</start>
    <end>467</end>
  </pages>
  <literature>
    <literature_orig/>
  </literature>
  <formulas_main/>
  <formulas_aux/>
  <relations n="0"/>
  <text>прямая, на к-рой лежат точка $h$ пересечения высот треугольника, точка $s$ пересечения медиан и точка $o$ - центр описанной окружности. Если Э. п. проходит через вершину треугольника, то треугольник либо равнобедренный, либо прямоугольный, либо прямоугольный равнобедренный. Для отрезков Э. п. выполняется соотношение:

\[
O H: S H=1: 2
\] Э. п. впервые была рассмотрена Л. Эйлером (l. Euler, 1765).</text>
  <text_orig>прямая, на к-рой лежат точка $H$ пересечения высот треугольника, точка $S$ пересечения медиан и точка $O$ - центр описанной окружности. Если Э. п. проходит через вершину треугольника, то треугольник либо равнобедренный, либо прямоугольный, либо прямоугольный равнобедренный. Для отрезков Э. п. выполняется соотношение:

\[
O H: S H=1: 2
\] Э. п. впервые была рассмотрена Л. Эйлером (L. Euler, 1765).</text_orig>
</article>
