<?xml version="1.0" ?>
<article uri="http://libmeta.ru/me/article/1081_REFA" alphabetic_pos="1081">
  <title>РЕФАЛ</title>
  <authors/>
  <pages>
    <start>489</start>
    <end>490</end>
  </pages>
  <literature>
    <literature_orig/>
  </literature>
  <formulas_main/>
  <formulas_aux/>
  <relations n="0"/>
  <text>а Јi г о р и т м Ii ч е с к Ii й я 3 Ы к у р с и в н ориентированный на задачи преобразования символьной информации; в первоначальном варианте назывался «метаалгоритмическим языком» (см. [1]). Р. был создан как универсальный метаязык для описания преобразований языковых объектов. Он используется для трансляции с одного алгоритмич. языка на другой, для машинного выполнения аналитич. выкладок, доказательства теорем, перевода с естественных языков и т. П.

Запись алгоритма на $\mathrm{p}$. представляет описание нек-рого числа рекурсивных функций на множестве в ыр а ж е и й (т. е. последовательностей символов и скобок), правильно построенных (в обычном смысле) относительно скобок. Значение функции $\varphi$ при аргументе £ изображается на Р. в виде $\boldsymbol{к} \varphi$ зн а к к о н к р е т и а ц и и, служащий для явного указания на необходимость вычисления значения функции, а символ - означает закрывающую скобку для $\boldsymbol{k}$. Описание функции распадается на несколько предложений (п р а в и л к о н к р е т и 3 а ц и и), относящихся к случаям, когда аргумент имеет тот или иной частный вид. Напр., функция сложения в рекурсивной арифометике описывается на Р. двумя предложениями:

1) $\boldsymbol{k}+(\boldsymbol{e} A)(0) \sqsubseteq \boldsymbol{E} A$,

2) $\boldsymbol{k}+(\boldsymbol{e A})(\boldsymbol{E B 1}) \sqsupseteq \boldsymbol{K}+(\boldsymbol{E} A)(\boldsymbol{E} B) \perp 1$.

Предложение состоит из левой и правой частей, разделяемых знаком д, и может включать свободные переменные (в примере әто - $\boldsymbol{e} A$ и $\boldsymbol{e} B$ ). Оно считается применимым для конкретизации выражения вида Кчб -, если это последнее может быть отождествлено с левой частью предложения при нек-рых значениях входящих в нее свободных переменных. Применение предложения состоит в замене конкретизируемого выражения на правую часть предложения, в к-рой свободные переменные замецены их значениями. Для вычисления значения функции предложения рассматриваются последовательно, и применяется первое из них, оказавшееся подходящим. Этот процесс повторяется, пока в объект работы входят знаки $\boldsymbol{k}$.

Для реализации программ на Р . разработаны әффективные трансляторы (см. [3], [4]; пример использования Р. для мапинного выполнения выкладок в теоретич. фиизике см. в [5]).

Лum.: [1] Т у р ч и н В. Ф., “кибернетика», 1968, № 4, с. $45-54 ;[2]$ Т у ч ч и н В. Ф., С е р д о б о л ь с к и й В.И.,
«кибернетика&quot;, 1969 , № 3 , с. $58-62 ;[3] \Phi$ л о р н ц е в С. Н., “кибернетика&quot;, 1969 , № 3 , с. $58-62 ;[3] \Phi$ л о р е н ц е в С. Н.,
О л ю н и н В. Ю., Т у р ч и н В. Ф., «тр. 1 Всесоюзн. конфео л ю н и н В. Ю., Т у р ч и н В. Ф., “тр. 1 Всесоюзн. конфе-
ренции по программированию&quot;, К., 1968 , с. $114-33 ;$ [4] P oренции по программированию&quot;, К., 1968, с. $114-33 ;$ [4] P о-
м а н е н к о С. А., Т у р ч и н В. Ф., «тр. $2-\bar{n}$ Всесоюзн. конференции по программированию&quot;, Новосиб., 1970, с. $31-42$; [5] Б у д н и к А. П. [и д р.], &quot;ядерная физика&quot;, 1971, т. 14, c. $304-13$ B. Ф. Турчин.
В.</text>
  <text_orig>а ЈI г о р и т м II ч е с к II й я 3 Ы к у р с и в н ориентированный на задачи преобразования символьной информации; в первоначальном варианте назывался «метаалгоритмическим языком» (см. [1]). Р. был создан как универсальный метаязык для описания преобразований языковых объектов. Он используется для трансляции с одного алгоритмич. языка на другой, для машинного выполнения аналитич. выкладок, доказательства теорем, перевода с естественных языков и т. П.

Запись алгоритма на $\mathrm{P}$. представляет описание нек-рого числа рекурсивных функций на множестве в ыр а ж е и й (т. е. последовательностей символов и скобок), правильно построенных (в обычном смысле) относительно скобок. Значение функции $\varphi$ при аргументе £ изображается на Р. в виде $\boldsymbol{К} \varphi$ зн а к к о н к р е т и а ц и и, служащий для явного указания на необходимость вычисления значения функции, а символ - означает закрывающую скобку для $\boldsymbol{K}$. Описание функции распадается на несколько предложений (п р а в и л к о н к р е т и 3 а ц и и), относящихся к случаям, когда аргумент имеет тот или иной частный вид. Напр., функция сложения в рекурсивной арифометике описывается на Р. двумя предложениями:

1) $\boldsymbol{K}+(\boldsymbol{E} A)(0) \sqsubseteq \boldsymbol{E} A$,

2) $\boldsymbol{K}+(\boldsymbol{E A})(\boldsymbol{E B 1}) \sqsupseteq \boldsymbol{K}+(\boldsymbol{E} A)(\boldsymbol{E} B) \perp 1$.

Предложение состоит из левой и правой частей, разделяемых знаком д, и может включать свободные переменные (в примере әто - $\boldsymbol{E} A$ и $\boldsymbol{E} B$ ). Оно считается применимым для конкретизации выражения вида Кчб -, если это последнее может быть отождествлено с левой частью предложения при нек-рых значениях входящих в нее свободных переменных. Применение предложения состоит в замене конкретизируемого выражения на правую часть предложения, в к-рой свободные переменные замецены их значениями. Для вычисления значения функции предложения рассматриваются последовательно, и применяется первое из них, оказавшееся подходящим. Этот процесс повторяется, пока в объект работы входят знаки $\boldsymbol{K}$.

Для реализации программ на Р . разработаны әффективные трансляторы (см. [3], [4]; пример использования Р. для мапинного выполнения выкладок в теоретич. фиизике см. в [5]).

Лum.: [1] Т у р ч и н В. Ф., “Кибернетика», 1968, № 4, с. $45-54 ;[2]$ Т у ч ч и н В. Ф., С е р д о б о л ь с к и й В.И.,
«Кибернетика&quot;, 1969 , № 3 , с. $58-62 ;[3] \Phi$ л о р н ц е в С. Н., “Кибернетика&quot;, 1969 , № 3 , с. $58-62 ;[3] \Phi$ л о р е н ц е в С. Н.,
О л ю н и н В. Ю., Т у р ч и н В. Ф., «Тр. 1 Всесоюзн. конфеО л ю н и н В. Ю., Т у р ч и н В. Ф., “Тр. 1 Всесоюзн. конфе-
ренции по программированию&quot;, К., 1968 , с. $114-33 ;$ [4] P oренции по программированию&quot;, К., 1968, с. $114-33 ;$ [4] P о-
м а н е н к о С. А., Т у р ч и н В. Ф., «Тр. $2-\bar{n}$ Всесоюзн. конференции по программированию&quot;, Новосиб., 1970, с. $31-42$; [5] Б у д н и к А. П. [и д р.], &quot;Ядерная физика&quot;, 1971, т. 14, c. $304-13$ B. Ф. Турчин.
В.</text_orig>
</article>
