<?xml version="1.0" ?>
<article uri="http://libmeta.ru/me/article/1082_REFLEKSIVNOE" alphabetic_pos="1082">
  <title>РЕФЛЕКСИВНОЕ ПРОСТРАНСТВО</title>
  <authors/>
  <pages>
    <start>490</start>
    <end>490</end>
  </pages>
  <literature>
    <literature_orig/>
  </literature>
  <formulas_main/>
  <formulas_aux/>
  <relations n="0"/>
  <text>банахово пространство $x$, совпадающее при каноническом вложении со своим вторым сопряженным $x^{* *}$. Подробнее, пусть $x^{*}$ - пространство, сопряженное с $x$, то есть совокупность всех непрерывных линейных функционалов, определенных на $x$. Если $\langle x, f\rangle$ - значение функционала $f \in X^{*}$ на әлементе $x \in X$, то при фиксированном $x$ и $f$, пробегающем $x^{*}$, выражение $\langle x, f\rangle=\mathscr{F}_{x}(f)$ будет линейным функционалом на $x^{*}$, то есть әлементом пространства $x^{* *}$. Пусть $\tilde{x} \subset X^{* *}-$ множество таких функционалов. Соответствие $x \rightarrow \mathscr{F}_{x}$ есть изоморфизм, не меняющий нормы $\|x\|=\left\|\mathcal{f}_{x}\right\|$. Если $\tilde{x}=x^{* *}$, то пространство $x$ наз. р е ф л е к с и в н ы м. Пространства $l_{p}$ и $l_{p}(a, b), p&gt;1$, рефлексивны, пространство $c[a, b]$ не рефлексивно.

Пространство $x$ рефлексивно тогда и только тогда, когда $x^{*}$ рефлексивно. Другим критерием рефлексивности банахова пространства $x$ является слабая компактность единичного шара этого пространства.

Р. п. слабо полно, и замкнутое подпространство Р . п. рефлекси вно. Понятие рефлексивности естественным образом распространяется на локально выпуклые пространства.

Лит.: [1] Д а н ф о р д Н., Ш в а р ц Д ж., Линейные операторы, ч. 1 - Общая теория, пер. с англ., М., 1962; [2] И ос и Да К., Функциональный анализ, пер. с англ., М., 1967 โ3] К а н т о р о в и ч Л. В., А к и л о в Г. П., Функциональ-
ный анализ, 2 изд., М., 1977.</text>
  <text_orig>банахово пространство $X$, совпадающее при каноническом вложении со своим вторым сопряженным $X^{* *}$. Подробнее, пусть $X^{*}$ - пространство, сопряженное с $X$, то есть совокупность всех непрерывных линейных функционалов, определенных на $X$. Если $\langle x, f\rangle$ - значение функционала $f \in X^{*}$ на әлементе $x \in X$, то при фиксированном $x$ и $f$, пробегающем $X^{*}$, выражение $\langle x, f\rangle=\mathscr{F}_{x}(f)$ будет линейным функционалом на $X^{*}$, то есть әлементом пространства $X^{* *}$. Пусть $\tilde{X} \subset X^{* *}-$ множество таких функционалов. Соответствие $x \rightarrow \mathscr{F}_{x}$ есть изоморфизм, не меняющий нормы $\|x\|=\left\|\mathcal{F}_{x}\right\|$. Если $\tilde{X}=X^{* *}$, то пространство $X$ наз. р е ф л е к с и в н ы м. Пространства $l_{p}$ и $L_{p}(a, b), p&gt;1$, рефлексивны, пространство $C[a, b]$ не рефлексивно.

Пространство $X$ рефлексивно тогда и только тогда, когда $X^{*}$ рефлексивно. Другим критерием рефлексивности банахова пространства $X$ является слабая компактность единичного шара этого пространства.

Р. п. слабо полно, и замкнутое подпространство Р . п. рефлекси вно. Понятие рефлексивности естественным образом распространяется на локально выпуклые пространства.

Лит.: [1] Д а н ф о р д Н., Ш в а р ц Д ж., Линейные операторы, ч. 1 - Общая теория, пер. с англ., М., 1962; [2] И ос и Да К., Функциональный анализ, пер. с англ., М., 1967 โ3] К а н т о р о в и ч Л. В., А к и л о в Г. П., Функциональ-
ный анализ, 2 изд., М., 1977.</text_orig>
</article>
