<?xml version="1.0" ?>
<article uri="http://libmeta.ru/me/article/1082_GЈAVNAJa" alphabetic_pos="1082">
  <title>ГЈАВНАЯ ТРАНСЛЯЦИЯ</title>
  <authors/>
  <pages>
    <start>508</start>
    <end>508</end>
  </pages>
  <literature>
    <literature_orig/>
  </literature>
  <formulas_main/>
  <formulas_aux/>
  <relations n="0"/>
  <text>отображение $\varphi$ aлгебраической системы $\boldsymbol{a}=\langle A, \Omega\rangle$ в себя, имеющее вид $\varphi: x \rightarrow F\left(a_{1}, \ldots, a_{k-1}, x, a_{k+1}, \ldots, a_{n}\right)$,

где $f$ - символ основной операции из $\omega$ и $a_{1}, \ldots, a_{n}-$ фиксированные элементы множества $a$. Д. М. Смирнов.</text>
  <text_orig>отображение $\varphi$ aлгебраической системы $\boldsymbol{A}=\langle A, \Omega\rangle$ в себя, имеющее вид $\varphi: x \rightarrow F\left(a_{1}, \ldots, a_{k-1}, x, a_{k+1}, \ldots, a_{n}\right)$,

где $F$ - символ основной операции из $\Omega$ и $a_{1}, \ldots, a_{n}-$ фиксированные элементы множества $A$. Д. М. Смирнов.</text_orig>
</article>
