<?xml version="1.0" ?>
<article uri="http://libmeta.ru/me/article/1082_KONTOROVIChA" alphabetic_pos="1082">
  <title>КОНТОРОВИЧА - ЛЕБЕДЕВА ПРЕОБРАЗОВАНИЕ</title>
  <authors/>
  <pages>
    <start>536</start>
    <end>536</end>
  </pages>
  <literature>
    <literature_orig/>
  </literature>
  <formulas_main/>
  <formulas_aux/>
  <relations n="0"/>
  <text>иiтегральное преобразование вида

\[
F(\tau)=\int_{0}^{\infty} K_{i \tau}(x) f(x) d x
\]

где $k_{v}(x)$ - Макдональда функция.

Если функция $f(x)$ имеет ограниченное пзменение в окрестності точкі $x=x_{0}&gt;0$ Ii

\[
f(x) \ln x \in L\left(0, \frac{1}{2}\right), f(x) \sqrt{x} \in L\left(\frac{1}{2}, \infty\right),
\]

то справедлива формула обращения

\[
\begin{gathered}
\frac{f\left(x_{0}+0\right)+f\left(x_{0}-0\right)}{2}= \\
=\frac{2}{\pi^{2} x_{0}} \int_{0}^{\infty} K_{i \tau}\left(x_{0}\right) \tau \operatorname{sh} \pi \tau F(\tau) d \tau .
\end{gathered}
\]

Пусть $f_{i}(x), \quad i=1,2,-$ действительные функции, прічем

\[
f_{i}(x) x^{-3 / 4} \in L(0, \infty), f_{i}(x) \in L_{2}(0, \infty) ;
\]

\[
F_{i}(\tau)=\int_{0}^{\infty} \frac{\sqrt{2 \tau \operatorname{sh} \pi \tau}}{\pi} \frac{K_{i \tau}(x)}{\sqrt{x}} f_{i}(x) d x .
\]

Тогда

\[
\int_{0}^{\infty} F_{1}(\tau) F_{2}(\tau) d \tau=\int_{0}^{\infty} f_{1}(x) f_{2}(x) d x
\]

(равенство Парсеваля). Конечное К.- Л. П. имеет вид

\[
\begin{gathered}
F(\tau)=\frac{2 \tau \operatorname{sh} \pi \tau}{\pi^{2}\left|I_{i \alpha}(\alpha)\right|^{2}} \times \\
\times \int_{0}^{\alpha}\left[K_{i \tau}(\alpha) I_{i \tau}(x)-I_{i \tau}(\alpha) K_{i \tau}(x)\right] f(x) \frac{d x}{x},
\end{gathered}
\]

$\tau&gt;0, \quad I_{v}(x)$ - модифицированная функция Бесселя (см. [3]).

Исследование таких преобразований было начато М. И. Конторовичем и Н. Н. Лебедевым (см. [1], [2]). Jum.: [1] К о н т о р о в и ч м. И., Л е б е де в H. Н.,

![](https://cdn.mathpix.com/cropped/2023_07_08_e13f26e113f59176e715g-1.jpg?height=42&amp;width=806&amp;top_left_y=548&amp;top_left_x=995)
с. 395-98; [3] у ф л я н д Я. С., Ю ш к о в а Е. А., там же,

![](https://cdn.mathpix.com/cropped/2023_07_08_e13f26e113f59176e715g-1.jpg?height=42&amp;width=819&amp;top_left_y=604&amp;top_left_x=992)
к о в А. П., Интегральные преобразования и операционное

счисление, 2 изд., М., 1974. Ю. А.Брычков, А. П. Прудников. элемента векторного пространства $e$ в ситуации, когда наряду с $e$ рассматривается сопряженное ему пространство $e^{*}$. Элементы пространства $e^{*}$ наз. тогда ковариантными векторами. М. И. Войчеховский.</text>
  <text_orig>иIтегральное преобразование вида

\[
F(\tau)=\int_{0}^{\infty} K_{i \tau}(x) f(x) d x
\]

где $K_{v}(x)$ - Макдональда функция.

Если функция $f(x)$ имеет ограниченное пзменение в окрестності точкі $x=x_{0}&gt;0$ II

\[
f(x) \ln x \in L\left(0, \frac{1}{2}\right), f(x) \sqrt{x} \in L\left(\frac{1}{2}, \infty\right),
\]

то справедлива формула обращения

\[
\begin{gathered}
\frac{f\left(x_{0}+0\right)+f\left(x_{0}-0\right)}{2}= \\
=\frac{2}{\pi^{2} x_{0}} \int_{0}^{\infty} K_{i \tau}\left(x_{0}\right) \tau \operatorname{sh} \pi \tau F(\tau) d \tau .
\end{gathered}
\]

Пусть $f_{i}(x), \quad i=1,2,-$ действительные функции, прічем

\[
f_{i}(x) x^{-3 / 4} \in L(0, \infty), f_{i}(x) \in L_{2}(0, \infty) ;
\]

\[
F_{i}(\tau)=\int_{0}^{\infty} \frac{\sqrt{2 \tau \operatorname{sh} \pi \tau}}{\pi} \frac{K_{i \tau}(x)}{\sqrt{x}} f_{i}(x) d x .
\]

Тогда

\[
\int_{0}^{\infty} F_{1}(\tau) F_{2}(\tau) d \tau=\int_{0}^{\infty} f_{1}(x) f_{2}(x) d x
\]

(равенство Парсеваля). Конечное К.- Л. П. имеет вид

\[
\begin{gathered}
F(\tau)=\frac{2 \tau \operatorname{sh} \pi \tau}{\pi^{2}\left|I_{i \alpha}(\alpha)\right|^{2}} \times \\
\times \int_{0}^{\alpha}\left[K_{i \tau}(\alpha) I_{i \tau}(x)-I_{i \tau}(\alpha) K_{i \tau}(x)\right] f(x) \frac{d x}{x},
\end{gathered}
\]

$\tau&gt;0, \quad I_{v}(x)$ - модифицированная функция Бесселя (см. [3]).

Исследование таких преобразований было начато М. И. Конторовичем и Н. Н. Лебедевым (см. [1], [2]). Jum.: [1] К о н т о р о в и ч м. И., Л е б е де в H. Н.,

![](https://cdn.mathpix.com/cropped/2023_07_08_e13f26e113f59176e715g-1.jpg?height=42&amp;width=806&amp;top_left_y=548&amp;top_left_x=995)
с. 395-98; [3] у ф л я н д Я. С., Ю ш к о в а Е. А., там же,

![](https://cdn.mathpix.com/cropped/2023_07_08_e13f26e113f59176e715g-1.jpg?height=42&amp;width=819&amp;top_left_y=604&amp;top_left_x=992)
к о в А. П., Интегральные преобразования и операционное

счисление, 2 изд., М., 1974. Ю. А.Брычков, А. П. Прудников. элемента векторного пространства $E$ в ситуации, когда наряду с $E$ рассматривается сопряженное ему пространство $E^{*}$. Элементы пространства $E^{*}$ наз. тогда ковариантными векторами. М. И. Войчеховский.</text_orig>
</article>
