<?xml version="1.0" ?>
<article uri="http://libmeta.ru/me/article/1083_KONTRAVARIANTNYJ" alphabetic_pos="1083">
  <title>КОНТРАВАРИАНТНЫЙ ТЕНЗОР</title>
  <authors/>
  <pages>
    <start>536</start>
    <end>536</end>
  </pages>
  <literature>
    <literature_orig/>
  </literature>
  <formulas_main/>
  <formulas_aux/>
  <relations n="0"/>
  <text>в а л е н т н ос т п $\quad r \geqslant 1$ - тензор типа $(r, 0)$, элемент тензорного произведения

\[
T^{r}(E)=E \otimes \ldots \otimes E
\]

$r$ экземпляров векторного пространства $e$ над полем $k$. Относительно операции сложения $k$. т. одной и той же валентности и умножения их на скаляр $\operatorname{tr}(e)$ является векторным пространством над $k$. Пусть $e$ - конечномерно и пусть $e_{1}, \ldots, e_{n}-$ базис в $e$. Тогда размерность $\operatorname{tr}^{r}(e)$ равна $n^{r}$; базис в $t^{r}(e)$ сөстоит из всевозможных $\kappa$. т. вида

\[
e_{i_{1}} \otimes \ldots \otimes e_{i_{r}}, \quad 1 \leqslant i_{1}, \ldots, i_{r} \leqslant n .
\]

Любой К. т. $t \in \operatorname{Tr}(E)$ представляется в виде

\[
t=t^{i_{1} \ldots i_{r}} e_{i_{1}} \otimes \ldots \otimes e_{i_{r}} .
\]

Числа $t^{i_{1} \ldots i_{r}}$ наз. к о о р д и на т а ми, или ко мп о н е н т а м и, К. т. $t$ относительно базиса $e_{1}, \ldots, e_{n}$ в $e$. При переходе в $e$ к новому базису по формулам

\[
e_{i^{\prime}}=a_{i}^{i}, e_{i}
\]

координаты К. т. $t$ пзменяются по так наз. контравариантному закону

\[
t^{i_{1}^{\prime} \ldots i_{r}^{\prime}}=b_{i_{1}}^{i_{1}^{\prime}} \ldots b_{i_{r}^{\prime}}^{i_{r}^{\prime}} t^{i_{1} \ldots i_{r}}, a_{i^{\prime}}^{i} b_{i}^{j^{\prime}}=\delta_{i^{\prime}}^{j^{\prime}}
\]

При валентности $r=1$ К. т. совпадает с вектором элементом пространства $e$; при $r \geqslant 2$ К. т. можно инвариантным образом связать с $r$-линейным отображением в $k$ прямого произведения

\[
E^{r^{*}}=E^{*} \times \ldots \times E^{*}
\]

$r$ экземпляров сопряженного к $e$ пространства $e^{*}$. Для этого достаточно принять за координаты If. т. $t$ значения $r$-линейного отображения $\tilde{t}$ на векторах $\left(e^{i_{1}}, \ldots, e^{i} r\right) \in E^{r *}\left(\right.$ где $e^{1}, \ldots, e^{n}-$ элементы базиса в $e^{*}$, сопряженного к $e_{1}, \ldots, e_{n}$, т. е. $\left.e^{i}\left(e_{j}\right)=\delta_{j}^{i}\right)$, и обратно; поэтому пногда $к$. т. сразу определяют как полилинейный функционал на $e^{r *}$ И. $x$. Сабитов,</text>
  <text_orig>в а л е н т н ос т п $\quad r \geqslant 1$ - тензор типа $(r, 0)$, элемент тензорного произведения

\[
T^{r}(E)=E \otimes \ldots \otimes E
\]

$r$ экземпляров векторного пространства $E$ над полем $K$. Относительно операции сложения $K$. т. одной и той же валентности и умножения их на скаляр $\operatorname{Tr}(E)$ является векторным пространством над $K$. Пусть $E$ - конечномерно и пусть $e_{1}, \ldots, e_{n}-$ базис в $E$. Тогда размерность $\operatorname{Tr}^{r}(E)$ равна $n^{r}$; базис в $T^{r}(E)$ сөстоит из всевозможных $\kappa$. т. вида

\[
e_{i_{1}} \otimes \ldots \otimes e_{i_{r}}, \quad 1 \leqslant i_{1}, \ldots, i_{r} \leqslant n .
\]

Любой К. т. $t \in \operatorname{Tr}(E)$ представляется в виде

\[
t=t^{i_{1} \ldots i_{r}} e_{i_{1}} \otimes \ldots \otimes e_{i_{r}} .
\]

Числа $t^{i_{1} \ldots i_{r}}$ наз. к о о р д и на т а ми, или ко мп о н е н т а м и, К. т. $t$ относительно базиса $e_{1}, \ldots, e_{n}$ в $E$. При переходе в $E$ к новому базису по формулам

\[
e_{i^{\prime}}=a_{i}^{i}, e_{i}
\]

координаты К. т. $t$ пзменяются по так наз. контравариантному закону

\[
t^{i_{1}^{\prime} \ldots i_{r}^{\prime}}=b_{i_{1}}^{i_{1}^{\prime}} \ldots b_{i_{r}^{\prime}}^{i_{r}^{\prime}} t^{i_{1} \ldots i_{r}}, a_{i^{\prime}}^{i} b_{i}^{j^{\prime}}=\delta_{i^{\prime}}^{j^{\prime}}
\]

При валентности $r=1$ К. т. совпадает с вектором элементом пространства $E$; при $r \geqslant 2$ К. т. можно инвариантным образом связать с $r$-линейным отображением в $K$ прямого произведения

\[
E^{r^{*}}=E^{*} \times \ldots \times E^{*}
\]

$r$ экземпляров сопряженного к $E$ пространства $E^{*}$. Для этого достаточно принять за координаты If. т. $t$ значения $r$-линейного отображения $\tilde{t}$ на векторах $\left(e^{i_{1}}, \ldots, e^{i} r\right) \in E^{r *}\left(\right.$ где $e^{1}, \ldots, e^{n}-$ элементы базиса в $E^{*}$, сопряженного к $e_{1}, \ldots, e_{n}$, т. е. $\left.e^{i}\left(e_{j}\right)=\delta_{j}^{i}\right)$, и обратно; поэтому пногда $К$. т. сразу определяют как полилинейный функционал на $E^{r *}$ И. $X$. Сабитов,</text_orig>
</article>
