<?xml version="1.0" ?>
<article uri="http://libmeta.ru/me/article/1084_KONTRAGREDIENTNOE" alphabetic_pos="1084">
  <title>КОНТРАГРЕДИЕНТНОЕ ПРЕДСТАВЛЕНИЕ</title>
  <authors/>
  <pages>
    <start>536</start>
    <end>537</end>
  </pages>
  <literature>
    <literature_orig/>
  </literature>
  <formulas_main/>
  <formulas_aux/>
  <relations n="0"/>
  <text>К п ред с т а в ле ни ю $\varphi$ г р у п пы $g$ в ли нейн о п п о с т р а с с т е $v$ - представление $\varphi^{*}$ этой же группы $g$ в двойственном к $v$ пространстве $v^{*}$, определяемое правилом:

\[
\varphi^{*}(g)=\varphi\left(g^{-1}\right)^{*}
\] для любого $g \in G$, где * означает переход к сопряженному оператору.

Более общо, если $w$ - линейное пространство над тем же полем $k$, что и пространство $v, \mathbf{a}()-$, невырожденная билинейная борма (спаривание) на $v \times \boldsymbol{W}$ со значениями в $k$, то представление $\psi$ группы $g$ в $w$ наз. К. п. к п р е д с т а в ле н и ю $ф$ о т н ос и т е льн о фо р мы $(,$,$) , если$

\[
(\varphi(g) x, y)=\left(x, \psi\left(g^{-1}\right) y\right)
\]

для любых $g \in G, x \in V, y \in W$.

Напр., если $g$ - полная линейная группа конечномерного пространства $v$, то естественное представление $g$ в пространстве ковариантных тензоров фиксированного ранга на $v$ является К. п. относительно канонического спаривания к естественному представлению $g$ в пространстве контравариантных тензоров того же ранга на $v$.

Пусть $v$ конечномерно над $k$ и $(e)$ - его базис, а $(f)$ - дуальный к $(e)$ базıс в $v^{*}$. Тогда для любого $g$ из $g$ матрица оператора $\varphi^{*}(g)$ в базисе $(f)$ получается із матрицы оператора $\varphi(g)$ в базисе $(e)$ транспонированием и переходом к обратной. Если $\varphi$ неприводимо, то и $\varphi^{*}$ неприводимо. Если $g$ - группа Ли с алгеброй Ли $g, \mathbf{a} d \varphi$ и $d \psi$ - представления алгебры $g$, индуцированные соответственно представлениями $\varphi$ и $\psi$ группы $g$ в пространствах $v$ и $w$, контрагредиентныміi относительно спариванія $($,$) , то$

\[
(d \varphi(X)(x), y)=-(x, d \psi(X) y)
\]

для всех $x \in \mathfrak{q}, \quad x \in V, y \in W$. Представления алгебры Лі я, удовлетворяющіе условию (*), также наз. К. п. относительно (, ).

Пусть далее $g$ - комплексная связная односвязная полупростая группа Ли іл $\varphi$ - ее неприводимое конечномерное представление в линейном пространстве $v$. Веса представления $\varphi^{*}$ противоположны весам представления $\varphi$ (см. Вec представления), младший вес представления $\varphi^{*}$ протівоположен старшему весу представления $\varphi$ (см. Картана теорема о старшем векторе). Представления $\varphi$ I $\varphi^{*}$ әквивалентны тогда и только тогда, когда на $v$ существует ненулевая инвариантная относительно $\varphi(g)$ билинейная форма. Если такая форма существ ует, то она невырождена и либо сімметрична, либо кососімметрична. Набор числовых отметок старшего веса представления $\varphi^{*}$ получается пз набора числовых отметок представления $\varphi$ примененіем подстановки, индуцированной следуюпцим автоморфіззоо $v$ схемы простых корней $\delta$ группы $g$ :

a) $v$ переводит каждую связную компоненту $\delta_{i}$, $i=1, \ldots, l$, схемы $\delta$ в себя;

б) если $\delta_{i}$ - схема типа $a_{r}, D_{2 r+1}$ или $e_{6}$, то сужение $v$ на $\delta_{i}$ однозначно определяется как единственный элемент второго порядка в группе автоморфизмов схемы $\delta_{i}$, в остальных случаях сужение $v$ на $\delta_{i}$ тождественно.

Лит.: [1] Н а й м а р к М. А., Теория представлений групп, М., $1976 ;$ [2] К и р и л л о в А. А., Элементы теории представлений, М., 1972; [3] Ж е ло 6 е н к о Д. П., Компактные группы Ли и их представления, М., 1970; [4] В и н б е р г Э. Б., О н и щ и к А. Л., Семинар по алгебраическим группам и</text>
  <text_orig>К п ред с т а в ле ни ю $\varphi$ г р у п пы $G$ в ли нейн о п п о с т р а с с т е $V$ - представление $\varphi^{*}$ этой же группы $G$ в двойственном к $V$ пространстве $V^{*}$, определяемое правилом:

\[
\varphi^{*}(g)=\varphi\left(g^{-1}\right)^{*}
\] для любого $g \in G$, где * означает переход к сопряженному оператору.

Более общо, если $W$ - линейное пространство над тем же полем $k$, что и пространство $V, \mathbf{a}()-$, невырожденная билинейная борма (спаривание) на $V \times \boldsymbol{W}$ со значениями в $k$, то представление $\psi$ группы $G$ в $W$ наз. К. п. к п р е д с т а в ле н и ю $ф$ о т н ос и т е льн о фо р мы $(,$,$) , если$

\[
(\varphi(g) x, y)=\left(x, \psi\left(g^{-1}\right) y\right)
\]

для любых $g \in G, x \in V, y \in W$.

Напр., если $G$ - полная линейная группа конечномерного пространства $V$, то естественное представление $G$ в пространстве ковариантных тензоров фиксированного ранга на $V$ является К. п. относительно канонического спаривания к естественному представлению $G$ в пространстве контравариантных тензоров того же ранга на $V$.

Пусть $V$ конечномерно над $k$ и $(e)$ - его базис, а $(f)$ - дуальный к $(e)$ базıс в $V^{*}$. Тогда для любого $g$ из $G$ матрица оператора $\varphi^{*}(g)$ в базисе $(f)$ получается із матрицы оператора $\varphi(g)$ в базисе $(e)$ транспонированием и переходом к обратной. Если $\varphi$ неприводимо, то и $\varphi^{*}$ неприводимо. Если $G$ - группа Ли с алгеброй Ли $g, \mathbf{a} d \varphi$ и $d \psi$ - представления алгебры $g$, индуцированные соответственно представлениями $\varphi$ и $\psi$ группы $G$ в пространствах $V$ и $W$, контрагредиентныміI относительно спариванія $($,$) , то$

\[
(d \varphi(X)(x), y)=-(x, d \psi(X) y)
\]

для всех $X \in \mathfrak{q}, \quad x \in V, y \in W$. Представления алгебры Лі я, удовлетворяющіе условию (*), также наз. К. п. относительно (, ).

Пусть далее $G$ - комплексная связная односвязная полупростая группа Ли іл $\varphi$ - ее неприводимое конечномерное представление в линейном пространстве $V$. Веса представления $\varphi^{*}$ противоположны весам представления $\varphi$ (см. Вec представления), младший вес представления $\varphi^{*}$ протівоположен старшему весу представления $\varphi$ (см. Картана теорема о старшем векторе). Представления $\varphi$ I $\varphi^{*}$ әквивалентны тогда и только тогда, когда на $V$ существует ненулевая инвариантная относительно $\varphi(G)$ билинейная форма. Если такая форма существ ует, то она невырождена и либо сімметрична, либо кососімметрична. Набор числовых отметок старшего веса представления $\varphi^{*}$ получается пз набора числовых отметок представления $\varphi$ примененіем подстановки, индуцированной следуюпцим автоморфіззоо $v$ схемы простых корней $\Delta$ группы $G$ :

a) $v$ переводит каждую связную компоненту $\Delta_{i}$, $i=1, \ldots, l$, схемы $\Delta$ в себя;

б) если $\Delta_{i}$ - схема типа $A_{r}, D_{2 r+1}$ или $E_{6}$, то сужение $v$ на $\Delta_{i}$ однозначно определяется как единственный элемент второго порядка в группе автоморфизмов схемы $\Delta_{i}$, в остальных случаях сужение $v$ на $\Delta_{i}$ тождественно.

Лит.: [1] Н а й м а р к М. А., Теория представлений групп, М., $1976 ;$ [2] К и р и л л о в А. А., Элементы теории представлений, М., 1972; [3] Ж е ло 6 е н к о Д. П., Компактные группы Ли и их представления, М., 1970; [4] В и н б е р г Э. Б., О н и щ и к А. Л., Семинар по алгебраическим группам и</text_orig>
</article>
