<?xml version="1.0" ?>
<article uri="http://libmeta.ru/me/article/1084_GLAVNOGO" alphabetic_pos="1084">
  <title>ГЛАВНОГО ТИІА ОПЕРАТОР С ЧАСТНЫМИ ІРОИЗВОДНЫМИ</title>
  <authors/>
  <pages>
    <start>508</start>
    <end>508</end>
  </pages>
  <literature>
    <literature_orig/>
  </literature>
  <formulas_main/>
  <formulas_aux/>
  <relations n="0"/>
  <text>И П о с т о я н ны м и к о әфф иц и е н т а м и - оператор $a(d)$, главная часть к-рого $p(d)$ (см. Главная часть дифференциального оператора) удовлетворяет условию:

\[
\sum_{j=1}^{n}\left|\frac{\partial P(x)}{\partial x_{j}}\right|^{2} \neq 0
\]

для любого вектора $\boldsymbol{x}=\left(x_{1}, \ldots, x_{n}\right) \in \mathbb{R}^{n}$. Другая формулировка условия: всякая действительная характеристическая относительно $p(d)$ плоскость должна быть простой характеристикой. Условие (*) является необходимым и достаточным для доминирования $a(d)$ по отношению к произвольному оператору менышего порядка. Операторы с совпадающей главной частью $p(d)$ имеют одинаковую силу тогда и только тогда, когда выполнено условие (*). В случае переменных коэфффициентов условие принадлежности $a(d)$ к главному типу формулируется обычно с помощью специальных неравенств, оценивающих производные функций с компактным носителем через значения оператора. Поточечное выполнение условия $(*)$ и дополнительное условие на порядок комлутатора $[p(x, D) \bar{P}(x, D)]$ достаточны для принадлежности $a(d)$ к главному типу.</text>
  <text_orig>И П о с т о я н ны м и к о әфф иц и е н т а м и - оператор $A(D)$, главная часть к-рого $P(D)$ (см. Главная часть дифференциального оператора) удовлетворяет условию:

\[
\sum_{j=1}^{n}\left|\frac{\partial P(x)}{\partial x_{j}}\right|^{2} \neq 0
\]

для любого вектора $\boldsymbol{x}=\left(x_{1}, \ldots, x_{n}\right) \in \mathbb{R}^{n}$. Другая формулировка условия: всякая действительная характеристическая относительно $P(D)$ плоскость должна быть простой характеристикой. Условие (*) является необходимым и достаточным для доминирования $A(D)$ по отношению к произвольному оператору менышего порядка. Операторы с совпадающей главной частью $P(D)$ имеют одинаковую силу тогда и только тогда, когда выполнено условие (*). В случае переменных коэфффициентов условие принадлежности $A(D)$ к главному типу формулируется обычно с помощью специальных неравенств, оценивающих производные функций с компактным носителем через значения оператора. Поточечное выполнение условия $(*)$ и дополнительное условие на порядок комлутатора $[P(x, D) \bar{P}(x, D)]$ достаточны для принадлежности $A(D)$ к главному типу.</text_orig>
</article>
