<?xml version="1.0" ?>
<article uri="http://libmeta.ru/me/article/1085_REFLEKTO" alphabetic_pos="1085">
  <title>РЕФЛЕКТОР</title>
  <authors/>
  <pages>
    <start>490</start>
    <end>491</end>
  </pages>
  <literature>
    <literature_orig/>
  </literature>
  <formulas_main/>
  <formulas_aux/>
  <relations n="0"/>
  <text>о б ъ е к т а к а т е г о р и и - понятие, описывающее «наибольшую» модель данного объекта в нек-ром классе объектов. А именно, пусть (5подкатегория категории $\mathfrak{\pi} ;$ объект $b \in(5$ наз. $\mathrm{p}$ е фле к т о ром о б в е к т а $a \in \mathbb{\Omega}$ в (5, или (5- р е ф- л е к т о р о м, өсли существует такой морфизм $\pi: A \rightarrow$ $\rightarrow B$, что для любого обътекта $x$ из (5 отображение

\[
H_{X}(\pi): H_{\mathfrak{\Theta}}(B, X) \longrightarrow H_{\Re}(A, X)
\]

биективно. Другими словами, для любого морфизма $\alpha: A \rightarrow X$ существует такой единственный морфизм $\alpha^{\prime}: B \rightarrow X \in \mathbb{E}$, что $\alpha=\pi \alpha^{\prime}$. (5-рефлектор объекта $a$ определен неоднозначно, но любые два (5-рефлектора объекта $a$ изоморфны. (5-рефлектор левого нуля (инициального объекта) категории $\re$ является левым нулем в (ᄃ.

П р и м е р ы. В категории групп факторгруппа $g / G^{\prime}$ произвольной группы $g$ по коммутанту является $p$. группы $g$ в подкатөгории абелевых групп, Для абөлевой группы $a$ еe факторгруппа $a / T(A)$ по периодич. подгруппе $t(a)$ является Р. группы $a$ в полной подкатегории абелевых групп без кручения. Пополнение (инъективная оболочка) $\tilde{a}$ группы $a / T(A)$ является Р. групп $a$ и $a / T(A)$ в подкатегории полных абелевых групп без кручения.

Обычно Р. рассматриваются в полных подкатегориях. Полная подкатегория (5) категории $\re$, в к-рой существуют Р. для любых объектов из $\mathfrak{\re}$, наз, р е фл е к т и вн о й. М. М. Цаленко.

![](https://cdn.mathpix.com/cropped/2023_07_08_7d7e54b698f964b09d3eg-1.jpg?height=42&amp;width=781&amp;top_left_y=887&amp;top_left_x=175)
це д ура, с татистиическов ре ша ю пе е Ii р а в и л о,- правило, согласно к-рому на основании полученных наблюдений делают статистич. выводы (принимают решения).

Пусть $x$ - случайная величина, принимающая значения в выборочном пространстве $\left(\mathfrak{x}, \mathscr{B}, P_{\theta}\right), \theta \in \Theta$, и пусть $d=\{d\}$ - множество всех возможных решений $d$, к-рыв можно вынести относительно параметра $\theta$ по редлизации случайной величины $x$. Согласно терминологии, принятой в математич. статистикө и теории игр, любое $\mathfrak{b}$-измеримо отображение $\delta: \mathfrak{X} \rightarrow D$ пространства реализаций $\mathfrak{x}$ случайной величины $x$ в множество возможных решений $d$ наз. Р. ф. Напр., в задаче статистич. оценивания параметра $\theta$ любая точечная оценка $\hat{\theta}=\hat{\theta}(x)$ является $\mathrm{p}$. ф. Основной задачей статистики при получении статистич. выводов является выбор такой Р. ф. $\delta(\cdot)$, к-рая минимизирует риск

\[
R(\theta, \delta)=E_{\theta}[L(\theta, \delta(X))]
\]

относительно используемой функции потерь $l(\cdot$, , ).

Понятие Р. Ф. является основным в теории статистических Р. ф., созданной А. Вальдом (a. Wald).

Лum.: [1] Ч е н ц о в Н. Н., Статистические решающие правила и оптимальные выводы, М., 1972; [2] В а л ь д А., Статистические решающие функции, в сб.: Позиционные игры, М., 1967,
с. $300-522$.
M. C. Никулин.</text>
  <text_orig>о б ъ е к т а к а т е г о р и и - понятие, описывающее «наибольшую» модель данного объекта в нек-ром классе объектов. А именно, пусть (5подкатегория категории $\mathfrak{\pi} ;$ объект $B \in(5$ наз. $\mathrm{p}$ е фле к т о ром о б в е к т а $A \in \mathbb{\Omega}$ в (5, или (5- р е ф- л е к т о р о м, өсли существует такой морфизм $\pi: A \rightarrow$ $\rightarrow B$, что для любого обътекта $X$ из (5 отображение

\[
H_{X}(\pi): H_{\mathfrak{\Theta}}(B, X) \longrightarrow H_{\Re}(A, X)
\]

биективно. Другими словами, для любого морфизма $\alpha: A \rightarrow X$ существует такой единственный морфизм $\alpha^{\prime}: B \rightarrow X \in \mathbb{E}$, что $\alpha=\pi \alpha^{\prime}$. (5-рефлектор объекта $A$ определен неоднозначно, но любые два (5-рефлектора объекта $A$ изоморфны. (5-рефлектор левого нуля (инициального объекта) категории $\Re$ является левым нулем в (ᄃ.

П р и м е р ы. В категории групп факторгруппа $G / G^{\prime}$ произвольной группы $G$ по коммутанту является $P$. группы $G$ в подкатөгории абелевых групп, Для абөлевой группы $A$ еe факторгруппа $A / T(A)$ по периодич. подгруппе $T(A)$ является Р. группы $A$ в полной подкатегории абелевых групп без кручения. Пополнение (инъективная оболочка) $\tilde{A}$ группы $A / T(A)$ является Р. групп $A$ и $A / T(A)$ в подкатегории полных абелевых групп без кручения.

Обычно Р. рассматриваются в полных подкатегориях. Полная подкатегория (5) категории $\Re$, в к-рой существуют Р. для любых объектов из $\mathfrak{\Re}$, наз, р е фл е к т и вн о й. М. М. Цаленко.

![](https://cdn.mathpix.com/cropped/2023_07_08_7d7e54b698f964b09d3eg-1.jpg?height=42&amp;width=781&amp;top_left_y=887&amp;top_left_x=175)
це д ура, с татистиическов ре ша ю пе е II р а в и л о,- правило, согласно к-рому на основании полученных наблюдений делают статистич. выводы (принимают решения).

Пусть $X$ - случайная величина, принимающая значения в выборочном пространстве $\left(\mathfrak{X}, \mathscr{B}, P_{\theta}\right), \theta \in \Theta$, и пусть $D=\{d\}$ - множество всех возможных решений $d$, к-рыв можно вынести относительно параметра $\theta$ по редлизации случайной величины $X$. Согласно терминологии, принятой в математич. статистикө и теории игр, любое $\mathfrak{B}$-измеримо отображение $\delta: \mathfrak{X} \rightarrow D$ пространства реализаций $\mathfrak{X}$ случайной величины $X$ в множество возможных решений $D$ наз. Р. ф. Напр., в задаче статистич. оценивания параметра $\theta$ любая точечная оценка $\hat{\theta}=\hat{\theta}(X)$ является $\mathrm{P}$. ф. Основной задачей статистики при получении статистич. выводов является выбор такой Р. ф. $\delta(\cdot)$, к-рая минимизирует риск

\[
R(\theta, \delta)=E_{\theta}[L(\theta, \delta(X))]
\]

относительно используемой функции потерь $L(\cdot$, , ).

Понятие Р. Ф. является основным в теории статистических Р. ф., созданной А. Вальдом (A. Wald).

Лum.: [1] Ч е н ц о в Н. Н., Статистические решающие правила и оптимальные выводы, М., 1972; [2] В а л ь д А., Статистические решающие функции, в сб.: Позиционные игры, М., 1967,
с. $300-522$.
M. C. Никулин.</text_orig>
</article>
