<?xml version="1.0" ?>
<article uri="http://libmeta.ru/me/article/1087_ӘJLERA" alphabetic_pos="1087">
  <title>ӘЙЛЕРА ФОРМУЛЫ</title>
  <authors/>
  <pages>
    <start>468</start>
    <end>468</end>
  </pages>
  <literature>
    <literature_orig/>
  </literature>
  <formulas_main/>
  <formulas_aux/>
  <relations n="0"/>
  <text>формулы, связывающие показательную и тригонометри ческие функции:

\[
\begin{gathered}
e^{i z}=\cos z+i \sin z \\
\cos z=\frac{e^{i z}+e^{-i z}}{2}, \quad \sin z=\frac{e^{i z}-e^{-i z}}{2 i},
\end{gathered}
\]

справедливые при всех значениях комплексного переменного z. В частности, при действительном $z=x$ Э. Ф. имеют вид:

\[
\begin{gathered}
e^{ \pm i x}=\cos x \pm i \sin x, \\
\cos x=\frac{e^{i x}+e^{-i x}}{2}, \quad \sin x=\frac{e^{i x}-e^{-i x}}{2 i} .
\end{gathered}
\]

Эти формулы и были опубликованы Л. Эйлером [1]. Jum.: [1] E u l e r L., &quot;miscellanea Berolinensia», 1743, v. 7, р. $193-242$; [2] Э й л е p Л., Введение в анализ бесконеч-
но малых, пер. с лат., т. 1, М.- Л., 1936; [3] M а р к у ш ев и ч А.'и., Краткий курс теории аналитических Функций, 4 изд., М., 1978. Е. Д. Соломенчев.</text>
  <text_orig>формулы, связывающие показательную и тригонометри ческие функции:

\[
\begin{gathered}
e^{i z}=\cos z+i \sin z \\
\cos z=\frac{e^{i z}+e^{-i z}}{2}, \quad \sin z=\frac{e^{i z}-e^{-i z}}{2 i},
\end{gathered}
\]

справедливые при всех значениях комплексного переменного z. В частности, при действительном $z=x$ Э. Ф. имеют вид:

\[
\begin{gathered}
e^{ \pm i x}=\cos x \pm i \sin x, \\
\cos x=\frac{e^{i x}+e^{-i x}}{2}, \quad \sin x=\frac{e^{i x}-e^{-i x}}{2 i} .
\end{gathered}
\]

Эти формулы и были опубликованы Л. Эйлером [1]. Jum.: [1] E u l e r L., &quot;Miscellanea Berolinensia», 1743, v. 7, р. $193-242$; [2] Э й л е p Л., Введение в анализ бесконеч-
но малых, пер. с лат., т. 1, М.- Л., 1936; [3] M а р к у ш ев и ч А.'И., Краткий курс теории аналитических Функций, 4 изд., М., 1978. Е. Д. Соломенчев.</text_orig>
</article>
