<?xml version="1.0" ?>
<article uri="http://libmeta.ru/me/article/1088_NU" alphabetic_pos="1088">
  <title>НУ ЛЬ - ЕДИНИЦА ЗАКОН</title>
  <authors/>
  <pages>
    <start>543</start>
    <end>543</end>
  </pages>
  <literature>
    <literature_orig/>
  </literature>
  <formulas_main/>
  <formulas_aux/>
  <relations n="0"/>
  <text>утверждение в теории вероятностей о том, что всякое событье (т. н. «остаточное событие»), ваступление к-рого определяется лишь сколь угодно удаленными элементами последовательности независимых случайных событий или случайных величин, имеет вероятность нуль или единица. Этот закон распространяется на системы случайных величин, зависящих от непрерывного параметра (см. ниже).

Для отдельных остаточных событий равенство их вероятностей нулю или единице было уставовлено в нач. 20 в. Так, если $a_{1}, A_{2}, \ldots, A_{n}, \ldots$ - нек-рая последовательность независимых событий, то для остаточного события $a$, состоящего в том, что наступает бесконечно много событий $a_{k}$ :

\[
A=\bigcap_{n=1}^{\infty} \cup_{k=n}^{\infty} A_{k},
\]

обязательность одного из равенств

\[
P(A)=0 \text { или } P(A)=1
\]

была отмечена Э. Борелем [1]. Простым подсчетом было показано, что

\[
P(A)=0, \text { если } \sum_{n=1}^{\infty} P\left(A_{n}\right)&lt;\infty
\]

и

\[
P(A)=1, \text { если } \sum_{n=1}^{\infty} P\left(A_{n}\right)=\infty
\]

(см. Бореля - Канте.ли лемма).

Далее, если $x_{1}, X_{2}, \ldots, X_{n}, \ldots$-последовательность независимых случайных величин, то вероятность сходимости ряда $\sum_{k=1}^{\infty} X_{k}$ может быть равна только нулю или единице; этот факт (одновременно с критерием, позволяющим различать эти два случая) был установлен А. Н. Колмогоровым (1928, см. [2], [5]).

Изучались и остаточные события, связанные с аналитич. свойствами сумм функциональных рядов, напр. степенных рядов со случайными членами. Так, расшлывчатому утверждению Ә. Бореля (1896) о том, что при «произвольных коэффициентах&quot; граница круга сходимости степенного ряда является естественной границей представляемой им аналитич. функции, была придана X. Iiтейнхаузом [3] следующая точная форма. Пусть $x_{1}, X_{2}, \ldots, X_{n}, \ldots-$ независимые равномерно распределенные на $(0,1)$ случайные величины, $a_{k}$ заданные числа и пусть ряд

\[
f\left(z ; X_{1}, X_{2}, \ldots, X_{n}, \ldots\right)=\sum_{k=1}^{\infty} a_{k} e^{2 \pi i X_{k}} z^{k-1}
\]

имеет радиус сходимости $r&gt;0$; тогда (остаточное) событие, состоящее в том, что функция $f$ не продолжима через границу круга $|z| \leqslant R$, имеет вероятность, равную единице. Б. Иессен [4] доказал, что любое остаточное событие, связанное с последовательностью независимых равномерно распределенных на $(0,1)$ случайных величин, имеет вероятность, равную нулю или единице.

Общая теорема о вероятностях, равных нулю или единице, была сформулирована А. Н. Колмогоровым (см. [5]) следующим образом. Пусть $x_{1}, X_{2}, \ldots$, $x_{n}, \ldots$ - какая-либо последовательность случайных величин, a $f\left(x_{1}, X_{2}, \ldots, X_{n}, \ldots\right)-$ бәровская функция переменных $x_{1}, X_{2}, \ldots, X_{n}, \ldots$ такая, что условная вероятность

$p\left\{f\left(x_{1}, X_{2}, \ldots, X_{n}, \ldots\right)=0 \mid X_{1}, X_{2}, \ldots, X_{n}\right\}$

соотношения

\[
f\left(X_{1}, X_{2}, \ldots, X_{n}, \ldots\right)=0
\]

при известных $n$ первых величинах $x_{1}, X_{2}, \ldots, X_{n}$ остается равной абсолютной (безусловной) вероятности

\[
\mathrm{P}\left\{f\left(X_{1}, X_{2}, \ldots, X_{n}, \ldots\right)=0\right\}
\]

для каждого $n$. При әтих условиях вероятность $(*)$ равна нулю или единице. Для независимых $x_{1}, X_{2}, \ldots$, $x_{n}, \ldots$ отсюда вытекает Н. - е. з., как он сформулирован в начале статьи.

Указанная теорема Колмогорова вытекает, как показал П. Леви (1937, см. [6]), из более общего свойства условных вероятностей, состоящего в том, что

$\lim \mathrm{P}\left\{f\left(X_{1}, X_{2}, \ldots, X_{n}, \ldots\right)=0 \mid X_{1}, X_{2}, \ldots, X_{n}\right\}$ почти наверное равен или единице или нулю (в соответствии с тем, будет ли $f\left(x_{1}, \boldsymbol{X}_{2}, \ldots, \boldsymbol{X}_{n}, \ldots\right)=0$ или нет). В свою очередь, это утверждение вытекает из теорем о мартингалах (см. [7] гл. Iii, § 1; гл. Vii, $\$ \s 4,5,7$ и комментарии к ним; в $\$ 11$ имеется аналог Н. - е. з. для случайных процессов с независимыми приращениями; из него вытекает, в частности, что выборочные функции сепарабельного гауссовского процесса с непрерывной корреляционной функцией с вероятностью 1 непрерывны в каждой точке либо с вероятностью 1 имеют разрыв второго рода в каждой точке, см. [8]).

Для специального случая последовательности $x_{1}, X_{2}, \ldots, X_{n}, \ldots$ независимых и одинаково распределенных случайных величин было показано (см. [9]), что вероятность не только любого остаточного, но и любого инвариантного относительно перестановок конечного числа членов последовательности события равна нулю или единице.

Jium.: [1] Bo re 1 E., &quot;rend. Circolo mat. Palermo», 1909, 1928 , Bd 99, S. 309-19; [3] S t e i n h a u s H., «math. Z.&quot;, 1929 , Bd 31, S. 408-16; [4] J e s s e n B., &quot;acta'math.&quot;, 1934, v. 63, p. $249-323$; [5]' К о л м о г о p о в А. Н., Основные понятия теории вероятностей, 2 изд., М., 1974; [6] L e v у P.;
Théorie de l'addition des variable aléatoires, 2 éd., P., 1954; Théorie de l'addition des variable aléatoires, 2 éd., P., 1954;
[7] Д у 6 Д ж., Вероятностные процессы, пер. с англ., М., $1956 ;$ [8] Д о б р у ш и н Р. Ј., &quot;теория вероятн. и ее примеl. J., &quot;trans. Amer. Math. Soc.&quot;, 1955, v. $80, \mathcal{N}_{2} 2$, p. $470-501$.</text>
  <text_orig>утверждение в теории вероятностей о том, что всякое событье (т. н. «остаточное событие»), ваступление к-рого определяется лишь сколь угодно удаленными элементами последовательности независимых случайных событий или случайных величин, имеет вероятность нуль или единица. Этот закон распространяется на системы случайных величин, зависящих от непрерывного параметра (см. ниже).

Для отдельных остаточных событий равенство их вероятностей нулю или единице было уставовлено в нач. 20 в. Так, если $A_{1}, A_{2}, \ldots, A_{n}, \ldots$ - нек-рая последовательность независимых событий, то для остаточного события $A$, состоящего в том, что наступает бесконечно много событий $A_{k}$ :

\[
A=\bigcap_{n=1}^{\infty} \cup_{k=n}^{\infty} A_{k},
\]

обязательность одного из равенств

\[
P(A)=0 \text { или } P(A)=1
\]

была отмечена Э. Борелем [1]. Простым подсчетом было показано, что

\[
P(A)=0, \text { если } \sum_{n=1}^{\infty} P\left(A_{n}\right)&lt;\infty
\]

и

\[
P(A)=1, \text { если } \sum_{n=1}^{\infty} P\left(A_{n}\right)=\infty
\]

(см. Бореля - Канте.ли лемма).

Далее, если $X_{1}, X_{2}, \ldots, X_{n}, \ldots$-последовательность независимых случайных величин, то вероятность сходимости ряда $\sum_{k=1}^{\infty} X_{k}$ может быть равна только нулю или единице; этот факт (одновременно с критерием, позволяющим различать эти два случая) был установлен А. Н. Колмогоровым (1928, см. [2], [5]).

Изучались и остаточные события, связанные с аналитич. свойствами сумм функциональных рядов, напр. степенных рядов со случайными членами. Так, расшлывчатому утверждению Ә. Бореля (1896) о том, что при «произвольных коэффициентах&quot; граница круга сходимости степенного ряда является естественной границей представляемой им аналитич. функции, была придана X. IIтейнхаузом [3] следующая точная форма. Пусть $X_{1}, X_{2}, \ldots, X_{n}, \ldots-$ независимые равномерно распределенные на $(0,1)$ случайные величины, $a_{k}$ заданные числа и пусть ряд

\[
f\left(z ; X_{1}, X_{2}, \ldots, X_{n}, \ldots\right)=\sum_{k=1}^{\infty} a_{k} e^{2 \pi i X_{k}} z^{k-1}
\]

имеет радиус сходимости $R&gt;0$; тогда (остаточное) событие, состоящее в том, что функция $f$ не продолжима через границу круга $|z| \leqslant R$, имеет вероятность, равную единице. Б. Иессен [4] доказал, что любое остаточное событие, связанное с последовательностью независимых равномерно распределенных на $(0,1)$ случайных величин, имеет вероятность, равную нулю или единице.

Общая теорема о вероятностях, равных нулю или единице, была сформулирована А. Н. Колмогоровым (см. [5]) следующим образом. Пусть $X_{1}, X_{2}, \ldots$, $X_{n}, \ldots$ - какая-либо последовательность случайных величин, a $f\left(X_{1}, X_{2}, \ldots, X_{n}, \ldots\right)-$ бәровская функция переменных $X_{1}, X_{2}, \ldots, X_{n}, \ldots$ такая, что условная вероятность

$P\left\{f\left(X_{1}, X_{2}, \ldots, X_{n}, \ldots\right)=0 \mid X_{1}, X_{2}, \ldots, X_{n}\right\}$

соотношения

\[
f\left(X_{1}, X_{2}, \ldots, X_{n}, \ldots\right)=0
\]

при известных $n$ первых величинах $X_{1}, X_{2}, \ldots, X_{n}$ остается равной абсолютной (безусловной) вероятности

\[
\mathrm{P}\left\{f\left(X_{1}, X_{2}, \ldots, X_{n}, \ldots\right)=0\right\}
\]

для каждого $n$. При әтих условиях вероятность $(*)$ равна нулю или единице. Для независимых $X_{1}, X_{2}, \ldots$, $X_{n}, \ldots$ отсюда вытекает Н. - е. з., как он сформулирован в начале статьи.

Указанная теорема Колмогорова вытекает, как показал П. Леви (1937, см. [6]), из более общего свойства условных вероятностей, состоящего в том, что

$\lim \mathrm{P}\left\{f\left(X_{1}, X_{2}, \ldots, X_{n}, \ldots\right)=0 \mid X_{1}, X_{2}, \ldots, X_{n}\right\}$ почти наверное равен или единице или нулю (в соответствии с тем, будет ли $f\left(X_{1}, \boldsymbol{X}_{2}, \ldots, \boldsymbol{X}_{n}, \ldots\right)=0$ или нет). В свою очередь, это утверждение вытекает из теорем о мартингалах (см. [7] гл. III, § 1; гл. VII, $\$ \S 4,5,7$ и комментарии к ним; в $\$ 11$ имеется аналог Н. - е. з. для случайных процессов с независимыми приращениями; из него вытекает, в частности, что выборочные функции сепарабельного гауссовского процесса с непрерывной корреляционной функцией с вероятностью 1 непрерывны в каждой точке либо с вероятностью 1 имеют разрыв второго рода в каждой точке, см. [8]).

Для специального случая последовательности $X_{1}, X_{2}, \ldots, X_{n}, \ldots$ независимых и одинаково распределенных случайных величин было показано (см. [9]), что вероятность не только любого остаточного, но и любого инвариантного относительно перестановок конечного числа членов последовательности события равна нулю или единице.

JIum.: [1] Bo re 1 E., &quot;Rend. Circolo mat. Palermo», 1909, 1928 , Bd 99, S. 309-19; [3] S t e i n h a u s H., «Math. Z.&quot;, 1929 , Bd 31, S. 408-16; [4] J e s s e n B., &quot;Acta'math.&quot;, 1934, v. 63, p. $249-323$; [5]' К о л м о г о p о в А. Н., Основные понятия теории вероятностей, 2 изд., М., 1974; [6] L e v у P.;
Théorie de l'addition des variable aléatoires, 2 éd., P., 1954; Théorie de l'addition des variable aléatoires, 2 éd., P., 1954;
[7] Д у 6 Д ж., Вероятностные процессы, пер. с англ., М., $1956 ;$ [8] Д о б р у ш и н Р. Ј., &quot;Теория вероятн. и ее примеL. J., &quot;Trans. Amer. Math. Soc.&quot;, 1955, v. $80, \mathcal{N}_{2} 2$, p. $470-501$.</text_orig>
</article>
