<?xml version="1.0" ?>
<article uri="http://libmeta.ru/me/article/1089_HU" alphabetic_pos="1089">
  <title>HУ ЛЬМЕРНОЕ ОТОБРАИТЕНИЕ</title>
  <authors/>
  <pages>
    <start>543</start>
    <end>543</end>
  </pages>
  <literature>
    <literature_orig/>
  </literature>
  <formulas_main/>
  <formulas_aux/>
  <relations n="0"/>
  <text>Ю.В. Прохоров. отображение $f: X \rightarrow Y(X, Y-$ топологич. пространства) такое, что $f^{-1}(y)-$ нульмерное множество (в смысле ind) для всякого $y \in Y$. Применение Н. о. и близких к нім позволяет свести исследование данного пространства к изучению другого, более простого. Так, многие размерностные свойства и другие кардиналынозначные инварианты переходят от $x$ к $y$ (или, чаще, от $\boldsymbol{k} \boldsymbol{X}$ ).

П рим е р 1. Всякое метрич. пространство $x$ с $\operatorname{dim} X \leqslant n$ допускает вполне H. о. в пространство $\boldsymbol{y}$ со счетной базой, причем $\operatorname{dim} Y \leqslant n($ т е о р е м а т о в а). При этом полная нульмерность означает, что для любого $\varepsilon&gt;0$ и любого $y \in f(X)$ существует окрестность $u_{y} \subset Y$, прообраз $f^{-1}\left(U_{y}\right)$ к-рой распадается в дискретную в $x$ систему открытых в $x$ множеств диаметра $&lt;\varepsilon$.

П рим е р 2. Если Н. о. $f: X \rightarrow Y$, где $x-$ нормальное локально связное пространство, является совершенным отображением, то вес $x$ совпадает с весом $\boldsymbol{y}$.

Лит.: [1] А ле к с а н д р о в П. С:, П а с ы н к о в Б. А.,
ведение в теорю размерности, М., 1973 . Hу М. Войцеховский.</text>
  <text_orig>Ю.В. Прохоров. отображение $f: X \rightarrow Y(X, Y-$ топологич. пространства) такое, что $f^{-1}(y)-$ нульмерное множество (в смысле ind) для всякого $y \in Y$. Применение Н. о. и близких к нім позволяет свести исследование данного пространства к изучению другого, более простого. Так, многие размерностные свойства и другие кардиналынозначные инварианты переходят от $X$ к $Y$ (или, чаще, от $\boldsymbol{K} \boldsymbol{X}$ ).

П рим е р 1. Всякое метрич. пространство $X$ с $\operatorname{dim} X \leqslant n$ допускает вполне H. о. в пространство $\boldsymbol{Y}$ со счетной базой, причем $\operatorname{dim} Y \leqslant n($ т е о р е м а т о в а). При этом полная нульмерность означает, что для любого $\varepsilon&gt;0$ и любого $y \in f(X)$ существует окрестность $U_{y} \subset Y$, прообраз $f^{-1}\left(U_{y}\right)$ к-рой распадается в дискретную в $X$ систему открытых в $X$ множеств диаметра $&lt;\varepsilon$.

П рим е р 2. Если Н. о. $f: X \rightarrow Y$, где $X-$ нормальное локально связное пространство, является совершенным отображением, то вес $X$ совпадает с весом $\boldsymbol{Y}$.

Лит.: [1] А ле к с а н д р о в П. С:, П а с ы н к о в Б. А.,
ведение в теорю размерности, М., 1973 . HУ М. Войцеховский.</text_orig>
</article>
