<?xml version="1.0" ?>
<article uri="http://libmeta.ru/me/article/1090_REShETKA" alphabetic_pos="1090">
  <title>РЕШЕТКА С ДОПОЛНЕНИЯМИ</title>
  <authors/>
  <pages>
    <start>493</start>
    <end>493</end>
  </pages>
  <literature>
    <literature_orig/>
  </literature>
  <formulas_main/>
  <formulas_aux/>
  <relations n="0"/>
  <text>решетка $l$ с нулем 0 и единицей 1 , в к-рой для любого әлемента $a$ существует такой әлемент $b$ (наз. д о п о л н е н и е м э л е м е н т а $a$ ), что $a \vee b=1$ и $a \wedge b=0$. Произвольную решетку можно вложить в решетку, каждый элемент к-рой обладает единственным дополнением. Если для любых $a, b \in L$ интервал $[a, b]$ является Р. с д., то $l$ наз.

![](https://cdn.mathpix.com/cropped/2023_07_08_27d1522cfab57f574b03g-1.jpg?height=33&amp;width=799&amp;top_left_y=2241&amp;top_left_x=156)
н е н и я м и. Каждая модулярная Р. с д. является решеткой с относительными дополнениями. Решетка $l$ с нулем 0 называется: a) р е ші е т к о й с ч а с т и чны ми д о по лн е н и я м и, если каждый ее интервал вида [0,a], $a \in L$, является Р. с д.; б) р е ш е т к о й с о с л а бы м и до по лне ния м и, если для любых $a, b \in L$ существует такой элемент $c \in L$, что $a \wedge c=0$ и $b \wedge c \neq 0$; в) р е ше т к о й с по лу у о по лн ения м и, если для любого $a \in L, a \neq 1$, существует такой әлемент $b \in L, b \neq 0$, что $a \wedge b=0 ; r)$ р е ше т к о й с п с е в д о д о по лн е н и я м и, если для любого $a \in L$ существует такой элемент $a^{*}$, что $a \wedge x=0$ тогда и только тогда, когда $x \leqslant a^{*}$; д) р е ше т к о й с к в а з ид о п о л н е н и я м и, если для любого $x \in L$ существует такой элемент $y \in L, \quad y \neq x$, что $x \vee y$ является плотным элементом. Большую роль играют также репетки с ортодополнениями (см. Ортомодулярная решет$\kappa a)$. О связи между различными типами дополнений в решетках см. [4].

Лит.: [1] Б и р к г о ф Г., Теория структур, пер. с англ., М., 1952; [2] С к о р н я к о в Л. А., Элементы теории структур, нениями и регулярные кольца, М., 1961; [4] G r і 11 е t $\mathrm{p}$. А. V a r l e t J. C., &quot;bull. Soc. roy. Sci. Liège», 1967, t. 36, № 11-12, p. 628-42. же, что структурно упорядоченная группа.</text>
  <text_orig>решетка $L$ с нулем 0 и единицей 1 , в к-рой для любого әлемента $a$ существует такой әлемент $b$ (наз. д о п о л н е н и е м э л е м е н т а $a$ ), что $a \vee b=1$ и $a \wedge b=0$. Произвольную решетку можно вложить в решетку, каждый элемент к-рой обладает единственным дополнением. Если для любых $a, b \in L$ интервал $[a, b]$ является Р. с д., то $L$ наз.

![](https://cdn.mathpix.com/cropped/2023_07_08_27d1522cfab57f574b03g-1.jpg?height=33&amp;width=799&amp;top_left_y=2241&amp;top_left_x=156)
н е н и я м и. Каждая модулярная Р. с д. является решеткой с относительными дополнениями. Решетка $L$ с нулем 0 называется: a) р е ші е т к о й с ч а с т и чны ми д о по лн е н и я м и, если каждый ее интервал вида [0,a], $a \in L$, является Р. с д.; б) р е ш е т к о й с о с л а бы м и до по лне ния м и, если для любых $a, b \in L$ существует такой элемент $c \in L$, что $a \wedge c=0$ и $b \wedge c \neq 0$; в) р е ше т к о й с по лу у о по лн ения м и, если для любого $a \in L, a \neq 1$, существует такой әлемент $b \in L, b \neq 0$, что $a \wedge b=0 ; r)$ р е ше т к о й с п с е в д о д о по лн е н и я м и, если для любого $a \in L$ существует такой элемент $a^{*}$, что $a \wedge x=0$ тогда и только тогда, когда $x \leqslant a^{*}$; д) р е ше т к о й с к в а з ид о п о л н е н и я м и, если для любого $x \in L$ существует такой элемент $y \in L, \quad y \neq x$, что $x \vee y$ является плотным элементом. Большую роль играют также репетки с ортодополнениями (см. Ортомодулярная решет$\kappa a)$. О связи между различными типами дополнений в решетках см. [4].

Лит.: [1] Б и р к г о ф Г., Теория структур, пер. с англ., М., 1952; [2] С к о р н я к о в Л. А., Элементы теории структур, нениями и регулярные кольца, М., 1961; [4] G r і 11 е t $\mathrm{P}$. А. V a r l e t J. C., &quot;Bull. Soc. roy. Sci. Liège», 1967, t. 36, № 11-12, p. 628-42. же, что структурно упорядоченная группа.</text_orig>
</article>
