<?xml version="1.0" ?>
<article uri="http://libmeta.ru/me/article/1090_GЈAVNYJ" alphabetic_pos="1090">
  <title>ГЈАВНЫЙ РЯД</title>
  <authors/>
  <pages>
    <start>510</start>
    <end>511</end>
  </pages>
  <literature>
    <literature_orig/>
  </literature>
  <formulas_main/>
  <formulas_aux/>
  <relations n="0"/>
  <text>д л и вы $m$ - такая конечная последовательность

\[
G=G_{0}&gt;G_{1}&gt;\ldots&gt;G_{m}=1
\]

вложенных друг в друга нормальных подгрупп группы $g$, что ее нельзя включить (без повторения членов) ни в какую другую последовательность с теми же свойствами, т. е. $g_{i+1}-$ максимальная нормальная подгруппа группы $g$, содержащаяся в $g_{i}$ в качестве собственной подгруппы, $i=0,1, \ldots, m-1$. Группа тогда и только тогда обладает хотя бы одним Г. р., когда в ней обрываются все убывающие по включению и все возрастающие по включению последовательности нормальных подгрупп. Если группа обладает Г. р., то любые два таких ряда изоморфны, т. е. имеют одинаковую длину іi между множеством факторов $g_{i} / G_{i+1}$ одного ряда и множеством факторов другого ряда существует взаимно однозначное соответствие, при к-ром соответственные факторы изоморфны. Ю.И. Мерзляков.</text>
  <text_orig>д л и вы $m$ - такая конечная последовательность

\[
G=G_{0}&gt;G_{1}&gt;\ldots&gt;G_{m}=1
\]

вложенных друг в друга нормальных подгрупп группы $G$, что ее нельзя включить (без повторения членов) ни в какую другую последовательность с теми же свойствами, т. е. $G_{i+1}-$ максимальная нормальная подгруппа группы $G$, содержащаяся в $G_{i}$ в качестве собственной подгруппы, $i=0,1, \ldots, m-1$. Группа тогда и только тогда обладает хотя бы одним Г. р., когда в ней обрываются все убывающие по включению и все возрастающие по включению последовательности нормальных подгрупп. Если группа обладает Г. р., то любые два таких ряда изоморфны, т. е. имеют одинаковую длину іI между множеством факторов $G_{i} / G_{i+1}$ одного ряда и множеством факторов другого ряда существует взаимно однозначное соответствие, при к-ром соответственные факторы изоморфны. Ю.И. Мерзляков.</text_orig>
</article>
