<?xml version="1.0" ?>
<article uri="http://libmeta.ru/me/article/1090_NUL'MERNOE" alphabetic_pos="1090">
  <title>НУЛЬМЕРНОЕ ПРОСТРАНСТВО</title>
  <authors/>
  <pages>
    <start>543</start>
    <end>544</end>
  </pages>
  <literature>
    <literature_orig/>
  </literature>
  <formulas_main/>
  <formulas_aux/>
  <relations n="0"/>
  <text>в с м С л е i n d - пространство, обладающее базой из множеств одновременно открытых и замкнутых в нем. Каждое дискретное пространство нульмерно, однако Н. п. может не иметь пзолированных точек (пример - пространство рациональных чисел $\mathbb{q})$. Все нулымерные пространства вполне регулярны. Нульмерность пространства наследуется его подпространствами и влечет сильную несвязность пространства: единственными связными множествами в Н. П. Являются одноточечное и пустое. Однако последнее свойство, наз. в п о л н е н е с в я з н о с т ю ю, не равносильно нульмерности. Существуют ненульмерные пространства, в к-рых каждая точка представима в виде пересечения нек-рого семейства открыто-замкнутых множеств, но среди таких пространств нет бикомпактов.

Иногда нульмерность шространства понимается более узко. Пространство наз. н у л в м е р н ы м в с м ы сл е dim, если во всякое его конечное открытое покрытие можно вписать открытое покрытие, әлементы к-рого не пересекаются. Пространство наз. н у л ь м е р н ы м в с м ы л е Ind, если любая окрестность любого его замкнутого подмножества содержит открыто-замкнутую окрестность этого подмножества. В классе $t_{1}$-пространств нульмерность в смысле ind вытекает как из нульмерности в смысле $\operatorname{dim}$, так и из нульмерности в смысле Ind. В классе метризуемых пространств со счетной базой, а также в классе бикомпактов указанные три определения нульмерности равносильны. Для всех метризуемых пространств нульмерность в смысле $\operatorname{dim}$ равносильна нульмерности в смысле Ind, однако известен пример нульмерного в смысле ind метризуемого пространства, к-рое не нульмерно в смысле Ind. Ни нульмерность в смысле $\operatorname{dim}$, ни нульмерность в смысле Ind не наследуется, вообще говоря, подпространствами. Среди $t_{1}$-пространств H. п. в смысле ind характерпзуются с точностью до гомеоморфизма как подпространства обобщенных канторовых дисконтинуумов $d^{\tau}-$ пропзведений двоеточий. Любые вполне регулярные пространства можно получить как образы Н. п. прі достаточно хороших отображениях, напр. при совершенных отображениях и при непрерывных открытых отображениях с бикомпактными прообразамі точек. Однако непрерывные отображения, открытые и замкнутые одновременно, сохраняют нульмерность в смысле ind и в смысле Ind. Неизвестно (1981), каждое ли вполне регулярное пространство содержит всюду плотное нульмерное подпространство.

Лum.: [1] А л е к с а нд р о в П. С., П а с ы н к о в Б. А., Введение в теорию размерности..., М., 1973.</text>
  <text_orig>в с м С л е i n d - пространство, обладающее базой из множеств одновременно открытых и замкнутых в нем. Каждое дискретное пространство нульмерно, однако Н. п. может не иметь пзолированных точек (пример - пространство рациональных чисел $\mathbb{Q})$. Все нулымерные пространства вполне регулярны. Нульмерность пространства наследуется его подпространствами и влечет сильную несвязность пространства: единственными связными множествами в Н. П. Являются одноточечное и пустое. Однако последнее свойство, наз. в п о л н е н е с в я з н о с т ю ю, не равносильно нульмерности. Существуют ненульмерные пространства, в к-рых каждая точка представима в виде пересечения нек-рого семейства открыто-замкнутых множеств, но среди таких пространств нет бикомпактов.

Иногда нульмерность шространства понимается более узко. Пространство наз. н у л в м е р н ы м в с м ы сл е dim, если во всякое его конечное открытое покрытие можно вписать открытое покрытие, әлементы к-рого не пересекаются. Пространство наз. н у л ь м е р н ы м в с м ы л е Ind, если любая окрестность любого его замкнутого подмножества содержит открыто-замкнутую окрестность этого подмножества. В классе $T_{1}$-пространств нульмерность в смысле ind вытекает как из нульмерности в смысле $\operatorname{dim}$, так и из нульмерности в смысле Ind. В классе метризуемых пространств со счетной базой, а также в классе бикомпактов указанные три определения нульмерности равносильны. Для всех метризуемых пространств нульмерность в смысле $\operatorname{dim}$ равносильна нульмерности в смысле Ind, однако известен пример нульмерного в смысле ind метризуемого пространства, к-рое не нульмерно в смысле Ind. Ни нульмерность в смысле $\operatorname{dim}$, ни нульмерность в смысле Ind не наследуется, вообще говоря, подпространствами. Среди $T_{1}$-пространств H. п. в смысле ind характерпзуются с точностью до гомеоморфизма как подпространства обобщенных канторовых дисконтинуумов $D^{\tau}-$ пропзведений двоеточий. Любые вполне регулярные пространства можно получить как образы Н. п. прі достаточно хороших отображениях, напр. при совершенных отображениях и при непрерывных открытых отображениях с бикомпактными прообразамі точек. Однако непрерывные отображения, открытые и замкнутые одновременно, сохраняют нульмерность в смысле ind и в смысле Ind. Неизвестно (1981), каждое ли вполне регулярное пространство содержит всюду плотное нульмерное подпространство.

Лum.: [1] А л е к с а нд р о в П. С., П а с ы н к о в Б. А., Введение в теорию размерности..., М., 1973.</text_orig>
</article>
