<?xml version="1.0" encoding="UTF-8"?>
<description xmlns="http://openoffice.org/extensions/description/2006" xmlns:d="http://openoffice.org/extensions/description/2006"  xmlns:xlink="http://www.w3.org/1999/xlink">

    <version value="20.08" />
    <identifier value="galician.gl.dicts.from.Proxecto.Trasno" />

    <display-name>
        <name lang="en-US">Galician spelling dictionary, hyphenation rules, and thesaurus</name>
        <name lang="af">Gallies spelling woordeboek, koppelteken reëls, en thesaurus</name>
        <name lang="am">Galician spelling dictionary, hyphenation rules, and thesaurus</name>
        <name lang="ar">قاموس التدقيق الإملائي للُّغة الجاليكية، قواعد الواصلة والمترادفات</name>
        <name lang="as">গালিচিয়ান বানান শব্দকোষ, হাইফেনেষণ নিয়মসমূহ, আৰু সমাৰ্থশব্দকোষ</name>
        <name lang="ast">Diccionariu ortográficu, regles de separación silábica y sinónimos pal gallegu</name>
        <name lang="be">Галісійскі слоўнік, правілы пераносаў і тэзаўрус</name>
        <name lang="bg">Галисийски речници за правопис, сричкопренасяне и синоними</name>
        <name lang="bn">Galician spelling dictionary, hyphenation rules, and thesaurus</name>
        <name lang="bn-IN">ইটালিয়ান বানান পরীক্ষক অভিধান, হাইফেন প্রয়োগ নিয়ম এবং শব্দকোষ</name>
        <name lang="bo">Galician spelling dictionary, hyphenation rules, and thesaurus</name>
        <name lang="br">Geriadur reizhskrivañ ha geriadur an heñvelsterioù, evit reolennoù an troc'hañ gerioù evit ar galisianeg</name>
        <name lang="brx">Galician spelling dictionary, hyphenation rules, and thesaurus</name>
        <name lang="bs">Rječnik pravopisa i sinonima, te pravila rastavljanja riječi na kraju reda za galeški jezik</name>
        <name lang="ca">Gallec: corrector ortogràfic, partició de mots i tesaurus (sinònims i termes relacionats)</name>
        <name lang="ca-valencia">Gallec: corrector ortogràfic, partició de mots i tesaurus (sinònims i termes relacionats)</name>
        <name lang="ckb">فەرهەنگی ڕینووسی جالیکی، یاساکانی ڕێزمانی لەگەڵ بەرامبەرەکان</name>
        <name lang="cs">Slovník kontroly pravopisu, dělení slov a slovník synonym pro galicijštinu</name>
        <name lang="cy">Galisieg - gwirydd sillafu, rheolau cysylltnodi a thesawrws</name>
        <name lang="da">Galisisk stavekontrol, orddeling og synonymordbøger</name>
        <name lang="de">Galicisches Wörterbuch für Rechtschreibprüfung, Silbentrennung und Thesaurus</name>
        <name lang="dgo">Galician spelling dictionary, hyphenation rules, and thesaurus</name>
        <name lang="dsb">Galiciski pšawopisny słownik, pšawidła źělenja złožkow a tezawrus</name>
        <name lang="dz">Galician spelling dictionary, hyphenation rules, and thesaurus</name>
        <name lang="el">Ορθογραφικό λεξικό Γαλικίας, κανόνες συλλαβισμού και θησαυρός</name>
        <name lang="en-GB">Galician spelling dictionary, hyphenation rules, and thesaurus</name>
        <name lang="en-ZA">Galician spelling dictionary, hyphenation rules, and thesaurus</name>
        <name lang="eo">Literumada kaj vortdivida vortaroj kaj tezaŭro por la galega</name>
        <name lang="es">Gallego: corrector ortográfico, sinónimos y reglas de corte de palabras</name>
        <name lang="et">Galeegi keele õigekirjakontrolli sõnastik, poolitusreeglid ja tesaurus</name>
        <name lang="eu">Galegoaren ortografia-egiaztatzailea, hitzak zatitzeko arauak eta thesaurusa</name>
        <name lang="fa">واژه‌نامه املایی، قواعد خط‌فاصله‌گذاری و اصطلاح‌نامه گالیسیایی</name>
        <name lang="fi">Galician oikolukusanasto, tavutussäännöt ja synonyymisanasto</name>
        <name lang="fr">Dictionnaires orthographique, des synonymes et règles de coupure des mots galiciens</name>
        <name lang="fur">Dizionari ortografic galizian, regulis di silabazion e dizionari dai sinonims</name>
        <name lang="fy">Gallaatsk wurdboek foar stavering, wurdôfbrekkingsregels, en synonimenlist</name>
        <name lang="ga">Foclóir litrithe, rialacha fleiscínithe, agus teasáras don Ghailísis</name>
        <name lang="gd">Faclair litreachadh, riaghailtean tàthanachadh ⁊ co-fhaclair na Gailìsise</name>
        <name lang="gl">Corrector ortográfico, de sinónimos e guionizador do galego</name>
        <name lang="gu">ગેલિસીયન જોડણી ચકાસણી શબ્દકોષ, હાઇફનેશન નિયમો, અને માહિતી ભંડાર</name>
        <name lang="gug">Galician spelling dictionary, hyphenation rules, and thesaurus</name>
        <name lang="he">מילון בדיקת איות, כללי מיקוף ואגרון מונחים בגליסית</name>
        <name lang="hi">गैलिसियाई वर्तनी शब्दकोश, समासन नियम और थिसारस</name>
        <name lang="hr">Provjera pravopisa, rastavljanje riječi i rječnik sinonima galicijskog jezika</name>
        <name lang="hsb">Galiciski prawopisny słownik, prawidła dźělenja złóžkow a tezawrus</name>
        <name lang="hu">Galíciai helyesírási szótár, elválasztási szabályok és szinonimaszótár</name>
        <name lang="id">Kamus ejaan, pola pemenggalan kata, dan tesaurus untuk bahasa Galisia</name>
        <name lang="is">Galisískt stafsetningarorðasafn, orðskiptireglur og samheitaorðasafn</name>
        <name lang="it">Dizionario ortografico galiziano, regole di sillabazione e dizionario di sinonimi</name>
        <name lang="ja">ガリシア語スペル辞書、ハイフネーション規則と類義語辞典</name>
        <name lang="ka">Galician spelling dictionary, hyphenation rules, and thesaurus</name>
        <name lang="kab">Amawal n teɣdira, igdawalen d ilugan n unegzum n wawalen n tgalisit</name>
        <name lang="kk">Галициялық емле сөздігі, тасымалдау ережелері және тезаурус</name>
        <name lang="km">វចនានុក្រម​អក្ខរាវិរុទ្ធ​ភាសា​ហ្គាលីសៀន ក្បួន​ដាក់​សហសញ្ញា និង​កម្រង​វេវចនសព្ទ</name>
        <name lang="kmr-Latn">Galician spelling dictionary, hyphenation rules, and thesaurus</name>
        <name lang="kn">ಇಟಾಲಿಯನ್ ಕಾಗುಣಿತ ಶಬ್ಧಕೋಶ, ಹೈಫನೇಶನ್ ನಿಯಮಗಳು, ಹಾಗು ಸಮಾನಾರ್ಥಕ ಪದಕೋಶ</name>
        <name lang="ko">러시아어 맞춤법 검사 사전, 하이픈 넣기 규칙, 동의어 사전</name>
        <name lang="kok">Galician spelling dictionary, hyphenation rules, and thesaurus</name>
        <name lang="ks">Galician spelling dictionary, hyphenation rules, and thesaurus</name>
        <name lang="lb">Galician spelling dictionary, hyphenation rules, and thesaurus</name>
        <name lang="lo">ພົດຈະນານຸກົມສະກົດຄຳພາສາ Galician, ກົດລະບຽບການເຊື່ອມໂຍງ, ແລະ ພົດຈະນານຸກົມ</name>
        <name lang="lt">Italų kalbos rašybos tikrinimo, žodžių kėlybos ir tezauro žodynai</name>
        <name lang="lv">Galisiešu pareizrakstības vārdnīca, zilbjdales kārtulas un tēzaurs</name>
        <name lang="mai">Galician spelling dictionary, hyphenation rules, and thesaurus</name>
        <name lang="mk">Galician spelling dictionary, hyphenation rules, and thesaurus</name>
        <name lang="ml">ഗലീഷ്യന്‍ സ്പെല്ലിങ് നിഘണ്ടു, ഹൈഫനേഷന്‍ ശൈലികള്‍, തെസോറസ്</name>
        <name lang="mn">Галиц хэлний зөв бичгийн ба үеэр таслах дүрмийн болон нэвтэрхий толь бичиг</name>
        <name lang="mni">Galician spelling dictionary, hyphenation rules, and thesaurus</name>
        <name lang="mr">गॅलिसिअन शुध्दलेखन शब्दकोश, हायफेनेशन नियम, व थिसॉरस</name>
        <name lang="my">Galician spelling dictionary, hyphenation rules, and thesaurus</name>
        <name lang="nb">Gælisk stavekontroll, orddeling og synonymordbok</name>
        <name lang="ne">इतालवी हिज्जे शब्दकोश, योजकचिन्ह राख्ने कार्य नियमहरू, र पर्यायकोश</name>
        <name lang="nl">Gallische woordenlijst voor spellingcontrole, regels voor afbrekingen en synoniemenlijst</name>
        <name lang="nn">Gælisk stavekontroll, orddeling, og synonymordbok</name>
        <name lang="nr">Galician spelling dictionary, hyphenation rules, and thesaurus</name>
        <name lang="nso">Galician spelling dictionary, hyphenation rules, and thesaurus</name>
        <name lang="oc">Diccionaris ortografic, dels sinonims e règlas de copadura de mots galècs</name>
        <name lang="om">Galician spelling dictionary, hyphenation rules, and thesaurus</name>
        <name lang="or">ଗେଲିସିଆନ ବନାନ ଅବିଧାନ, ସମାସ ଚିହ୍ନ ନିୟମାବଳୀ, ଏବଂ ଶବ୍ଦକୋଷଗୁଡ଼ିକ</name>
        <name lang="pa-IN">ਰੂਸੀ ਸਪੈਲਿੰਗ ਡਿਕਸ਼ਨਰੀ, ਹਾਈਫਿਨੇਸ਼ਨ ਨਿਯਮ ਅਤੇ ਸਮਾਰਥਕੋਸ਼</name>
        <name lang="pl">Galicyjski słownik ortograficzny, reguły dzielenia wyrazów i słownik wyrazów bliskoznacznych</name>
        <name lang="pt">Dicionário ortográfico, sinónimos e regras de hifenização em galego</name>
        <name lang="pt-BR">Dicionário ortográfico, sinônimos e regras de hifenização em galego</name>
        <name lang="ro">Dicționar ortografic, de sinonime și reguli de despărțire în silabe pentru galiciană</name>
        <name lang="ru">Галисийский орфографический словарь, правила переноса и тезаурус</name>
        <name lang="rw">Galician spelling dictionary, hyphenation rules, and thesaurus</name>
        <name lang="sa-IN">Galician spelling dictionary, hyphenation rules, and thesaurus</name>
        <name lang="sat">Galician spelling dictionary, hyphenation rules, and thesaurus</name>
        <name lang="sd">Galician spelling dictionary, hyphenation rules, and thesaurus</name>
        <name lang="si">Galician spelling dictionary, hyphenation rules, and thesaurus</name>
        <name lang="sid">Galikane fidale qaallate fichaancho, Haawiiccisha wodho, nna xaadigurchu qaallate fichaancho</name>
        <name lang="sk">Galícijský slovník na kontrolu pravopisu, pravidlá na delenie slov a tezaurus</name>
        <name lang="sl">Galicijski jezik – slovar za preverjanje črkovanja, vzorci za deljenje besed in slovar sopomenk</name>
        <name lang="sq">Fjalor drejtshkrimi galician, rregulla fonetike, dhe ekciklopedi</name>
        <name lang="sr">Галицијски: провера писања, прелом речи и речник синонима</name>
        <name lang="sr-Latn">Galicijski: provera pisanja, prelom reči i rečnik sinonima</name>
        <name lang="ss">Galician spelling dictionary, hyphenation rules, and thesaurus</name>
        <name lang="st">Galician spelling dictionary, hyphenation rules, and thesaurus</name>
        <name lang="sv">Stavningsordlista, avstavningsregler och synonymordlista på galiciska</name>
        <name lang="sw-TZ">Galician spelling dictionary, hyphenation rules, and thesaurus</name>
        <name lang="szl">Galicyjski słownik ôrtograficzny, prawidła dzielynio słōw i słownik synōnimōw</name>
        <name lang="ta">கேலிசிய எழுத்துக்கூட்டு அகராதி, நடுக்கோடு விதிகள், நிகண்டு ஆகியன</name>
        <name lang="te">గెలాసియన్ వుచ్ఛారణా నిఘంటువు, హైఫనేషన్ నియమాలు, మరియు పదకోశాలు</name>
        <name lang="tg">Galician spelling dictionary, hyphenation rules, and thesaurus</name>
        <name lang="th">พจนานุกรมสะกดคำ, กฎการใส่ยัติภังค์, และอรรถาภิธานภาษากาลิเซีย</name>
        <name lang="tn">Galician spelling dictionary, hyphenation rules, and thesaurus</name>
        <name lang="tr">Galiçyaca imla sözlüğü, heceleme kuralları ve eş anlamlılar</name>
        <name lang="ts">Galician spelling dictionary, hyphenation rules, and thesaurus</name>
        <name lang="tt">Galician spelling dictionary, hyphenation rules, and thesaurus</name>
        <name lang="ug">گالىسىيانچە ئىملا لۇغىتى، ھەرپ ئۇلاش قائىدىسى ۋە مەنىداش سۆزلەر لۇغىتى</name>
        <name lang="uk">Галісійський орфографічний словник, правила переносу та тезаурус</name>
        <name lang="uz">Galician spelling dictionary, hyphenation rules, and thesaurus</name>
        <name lang="ve">Galician spelling dictionary, hyphenation rules, and thesaurus</name>
        <name lang="vec">Disionaro ortogràfego Gałisian, règołe de siłabasion e disionaro de i sinònemi</name>
        <name lang="vi">Từ điển kiểm tra chính tả tiếng Galician, gạch nối và đồng nghĩa</name>
        <name lang="xh">Galician spelling dictionary, hyphenation rules, and thesaurus</name>
        <name lang="zh-CN">加利西亚语拼写词典、断词规则与同义词库</name>
        <name lang="zh-TW">加利西亞文拼寫詞典、斷字與禁忌規則、同義詞庫</name>
        <name lang="zu">Galician spelling dictionary, hyphenation rules, and thesaurus</name>
    </display-name>

    <platform value="all" />

    <dependencies>
        <OpenOffice.org-minimal-version value="3.0" d:name="OpenOffice.org 3.0" />
    </dependencies>

    <icon>
        <default xlink:href="ProxectoTrasno.png" />
    </icon>

    <publisher>
        <name xlink:href="https://gitlab.com/proxecto-trasno/hunspell-gl/-/issues" lang="en">Hunspell-gl</name>
    </publisher>

</description>
