﻿<?xml version="1.0" encoding="UTF-8"?>
<description xmlns="http://openoffice.org/extensions/description/2006" xmlns:d="http://openoffice.org/extensions/description/2006"  xmlns:xlink="http://www.w3.org/1999/xlink">
    <version value="0.2.0" />
    <identifier value="aragonese_spellchecker.from.Paricio.Martinez.ACAR" />
    <display-name>
        <name lang="en-US">Aragonese spelling dictionary</name>
        <name lang="af">Aragonesiese spelling woordeboek</name>
        <name lang="am">Aragonese spelling dictionary</name>
        <name lang="ar">قاموس التدقيق الإملائي للُّغة الأراغونية</name>
        <name lang="as">আৰাগনিচ বানান শব্দকোষ</name>
        <name lang="ast">Diccionariu ortográficu d'aragonés</name>
        <name lang="be">Арагонскі правапісны слоўнік</name>
        <name lang="bg">Арагонски правописен речник</name>
        <name lang="bn">Aragonese spelling dictionary</name>
        <name lang="bn-IN">অ্যারাগোনিস বানান অভিধান</name>
        <name lang="bo">Aragonese spelling dictionary</name>
        <name lang="br">Geriadur ar reizhskrivañ evit an aragoneg</name>
        <name lang="brx">Aragonese spelling dictionary</name>
        <name lang="bs">Rječnik pravopisa za jezik Aragonski</name>
        <name lang="ca">Aragonès: corrector ortogràfic</name>
        <name lang="ca-valencia">Aragonés: corrector ortogràfic</name>
        <name lang="ckb">فەرهەنگی هەڵەڕێنووسی زمانی ئەراگۆنێسی</name>
        <name lang="cs">Slovník kontroly pravopisu pro aragonštinu</name>
        <name lang="cy">Aragoneg - geiriadur sillafu</name>
        <name lang="da">Aragonese stavekontrol</name>
        <name lang="de">Aragonesisches Wörterbuch für Rechtschreibprüfung</name>
        <name lang="dgo">Aragonese spelling dictionary</name>
        <name lang="dsb">Aragonski pšawopisny słownik</name>
        <name lang="dz">Aragonese spelling dictionary</name>
        <name lang="el">Αραγωνέζικο λεξικό ορθογραφίας</name>
        <name lang="en-GB">Aragonese spelling dictionary</name>
        <name lang="en-ZA">Aragonese spelling dictionary</name>
        <name lang="eo">Aragona literumada vortaro</name>
        <name lang="es">Aragonés: corrector ortográfico</name>
        <name lang="et">Aragoni keele õigekirjakontrolli sõnastik</name>
        <name lang="eu">Aragoieraren ortografia-egiaztatzailea</name>
        <name lang="fa">فرهنگ لغت املاء آراگانی</name>
        <name lang="fi">Aragonian oikolukusanasto</name>
        <name lang="fr">Dictionnaire d'orthographe aragonais</name>
        <name lang="fur">Dizionari ortografic aragonês</name>
        <name lang="fy">Arogoneeske stavering wurdboek</name>
        <name lang="ga">Foclóir litrithe don Aragóinis</name>
        <name lang="gd">Faclair litreachadh na h-Aragonaise</name>
        <name lang="gl">Dicionario ortográfico de aragonés</name>
        <name lang="gu">અર્ગોનીઝ જોડણી ચકાસણી શબ્દકોષ</name>
        <name lang="gug">Ñe'ẽryru ortográfico Aragonés</name>
        <name lang="he">מילון איות באראגונית</name>
        <name lang="hi">अरोगैनीज वर्तनी शब्दकोश</name>
        <name lang="hr">Rječnik za provjeru pravopisa za aragonese jezik</name>
        <name lang="hsb">Aragonski prawopisny słownik</name>
        <name lang="hu">Aragóniai helyesírási szótár</name>
        <name lang="id">Kamus ejaan bahasa Aragon</name>
        <name lang="is">Aragónskt stafsetningarorðasafn</name>
        <name lang="it">Dizionario di ortografia aragonese</name>
        <name lang="ja">アラゴン語スペル辞書</name>
        <name lang="ka">Aragonese spelling dictionary</name>
        <name lang="kab">Amawal n teɣdira n teṛgunt</name>
        <name lang="kk">Арагондық емле сөздігі</name>
        <name lang="km">វចនានុក្រាម​ពិនិត្យ​អក្ខរាវិរុទ្ធ​ភាសា Aragonese</name>
        <name lang="kmr-Latn">Aragonese spelling dictionary</name>
        <name lang="kn">ಅರಗೋನೀಸ್ ಕಾಗುಣಿತ ಶಬ್ಧಕೋಶ</name>
        <name lang="ko">아라곤어 맞춤법 사전</name>
        <name lang="kok">Aragonese spelling dictionary</name>
        <name lang="ks">Aragonese spelling dictionary</name>
        <name lang="lb">Spellchecker fir Aragonesch</name>
        <name lang="lo">Aragonese ພົດຈະນານຸກົມສະກົດຄຳ</name>
        <name lang="lt">Aragonų kalbos rašybos tikrinimo žodynas</name>
        <name lang="lv">Aragoniešu pareizrakstības vārdnīca</name>
        <name lang="mai">Aragonese spelling dictionary</name>
        <name lang="mk">Aragonese spelling dictionary</name>
        <name lang="ml">ആരോഗനീസിനുള്ള സ്പെല്ലിങ് നിഘണ്ടു.</name>
        <name lang="mn">Арагонез хэлний зөв бичгийн дүрмийн толь бичиг</name>
        <name lang="mni">Aragonese spelling dictionary</name>
        <name lang="mr">आर्गोनिज् शुध्दलेखन शब्दकोश</name>
        <name lang="my">စပိန်စာလုံးပေါင်းအဘိဓာန်</name>
        <name lang="nb">Aragonsk stavekontroll</name>
        <name lang="ne">अरागोनिज हिज्जे शब्दकोश</name>
        <name lang="nl">Spellingwoordenboek voor Aragonees</name>
        <name lang="nn">Aragonsk stavekontroll</name>
        <name lang="nr">Aragonese spelling dictionary</name>
        <name lang="nso">Aragonese spelling dictionary</name>
        <name lang="oc">Diccionari ortografic per l'aragonés</name>
        <name lang="om">Sirna lugaa Aragonese</name>
        <name lang="or">ଆରାଗୋନିଜ ବନାନ ଅବିଧାନ</name>
        <name lang="pa-IN">ਅਰਾਗੋਨੀਸ ਸਪੈਲਿੰਗ ਡਿਕਸ਼ਨਰੀ</name>
        <name lang="pl">Aragoński słownik ortograficzny</name>
        <name lang="pt">Dicionário ortográfico em aragonês</name>
        <name lang="pt-BR">Dicionário ortográfico em aragonês</name>
        <name lang="ro">Dicționar ortografic pentru aragoneză</name>
        <name lang="ru">Арагонский орфографический словарь</name>
        <name lang="rw">Aragonese spelling dictionary</name>
        <name lang="sa-IN">Aragonese spelling dictionary</name>
        <name lang="sat">Aragonese spelling dictionary</name>
        <name lang="sd">Aragonese spelling dictionary</name>
        <name lang="si">Aragonese spelling dictionary</name>
        <name lang="sid">Aragonete fidalishshi qaallate fichaancho</name>
        <name lang="sk">Aragónsky slovník na kontrolu pravopisu</name>
        <name lang="sl">Aragonski jezik – slovar za preverjanje črkovanja</name>
        <name lang="sq">Fjalori drejtshkrimi aragones</name>
        <name lang="sr">Арагонски: провера писања</name>
        <name lang="sr-Latn">Aragonski: provera pisanja</name>
        <name lang="ss">Aragonese spelling dictionary</name>
        <name lang="st">Aragonese spelling dictionary</name>
        <name lang="sv">Stavningsordlista på Aragonska</name>
        <name lang="sw-TZ">Aragonese spelling dictionary</name>
        <name lang="szl">Aragōński słownik ôrtograficzny</name>
        <name lang="ta">அரோகனீஸ் எழுத்துக்கூட்டு அகராதி</name>
        <name lang="te">అరగొనీస్ వుచ్ఛారణా నిఘంటువు</name>
        <name lang="tg">Aragonese spelling dictionary</name>
        <name lang="th">พจนานุกรมสะกดคำภาษาอารากอน</name>
        <name lang="tn">Aragonese spelling dictionary</name>
        <name lang="tr">Aragonca imla sözlüğü</name>
        <name lang="ts">Aragonese spelling dictionary</name>
        <name lang="tt">Арагон теленең орфография сүзлеге</name>
        <name lang="ug">ئاراگونچە ئىملا لۇغىتى</name>
        <name lang="uk">Арагонський орфографічний словник</name>
        <name lang="uz">Aragon imlo lug‘ati</name>
        <name lang="ve">Aragonese spelling dictionary</name>
        <name lang="vec">Disionaro de ortografìa Aragoneze</name>
        <name lang="vi">Từ điển chính tả Aragon</name>
        <name lang="xh">Aragonese spelling dictionary</name>
        <name lang="zh-CN">阿拉贡语拼写词典</name>
        <name lang="zh-TW">阿拉貢文拼寫詞典</name>
        <name lang="zu">Aragonese spelling dictionary</name>
    </display-name>
    <platform value="all" />
    <dependencies>
        <OpenOffice.org-minimal-version value="3.0" d:name="OpenOffice.org 3.0" />
    </dependencies>
    <publisher>
        <name xlink:href="http://www.academiadelaragones.org/biblio/EDACAR7_2.pdf" lang="en-US">Aragonese</name>
    </publisher>
</description>
