<?xml version="1.0" ?>
<article uri="http://libmeta.ru/me/article/1000_KOL'Ts" alphabetic_pos="1000">
  <title>КОЛЬЦ0</title>
  <authors/>
  <pages>
    <start>432</start>
    <end>432</end>
  </pages>
  <literature>
    <literature_orig>Лит.: [1] X a р т с х орр н Р., Алгебраическая геометрия, пер. с англ., M., 1981; [2] Anneaux de Chow et applications. Seminaire Chevalley, P., 1958; [3] F u l t o n W., &quot;publ. Math.Ihes», 1975, № 45, p. 147-67.</literature_orig>
    <unit>
      <author>Xaртсхоррн Р.</author>
      <title>Алгебраическая геометрия</title>
      <publication>пер. с англ., M.</publication>
      <year>1981</year>
      <other/>
    </unit>
    <unit>
      <title>Anneaux de Chow et applications. Seminaire Chevalley, P.</title>
      <publication/>
      <year>1958</year>
      <other/>
    </unit>
    <unit>
      <author>Fulton W.</author>
      <title>&quot;publ. Math.Ihes»</title>
      <publication/>
      <year>1975</year>
      <other>№ 45, p. 147-67.</other>
    </unit>
  </literature>
  <formulas_main>
    <formula uri="http://libmeta.ru/me/formula/main/1000_1_KOL'Ts">f_{*}\left(f^{*} y \cdot x\right)=y \cdot f_{*}(x), x \in A(X), y \in A(Y) .</formula>
    <formula uri="http://libmeta.ru/me/formula/main/1000_2_KOL'Ts">\zeta^{r}-c_{1}(E) \zeta^{r-1}+\ldots+(-1)^{r} c_{r}(E) .</formula>
  </formulas_main>
  <formulas_aux>
    <formula uri="http://libmeta.ru/me/formula/aux/1000_1_KOL'Ts">a(x)=\bigoplus i \geqslant 0 A^{i}(X)</formula>
    <formula uri="http://libmeta.ru/me/formula/aux/1000_2_KOL'Ts">x</formula>
    <formula uri="http://libmeta.ru/me/formula/aux/1000_3_KOL'Ts">a^{i}(x)</formula>
    <formula uri="http://libmeta.ru/me/formula/aux/1000_4_KOL'Ts">i</formula>
    <formula uri="http://libmeta.ru/me/formula/aux/1000_5_KOL'Ts">f: X \longrightarrow Y</formula>
    <formula uri="http://libmeta.ru/me/formula/aux/1000_6_KOL'Ts">f^{*}: A(Y) \longrightarrow A(X)</formula>
    <formula uri="http://libmeta.ru/me/formula/aux/1000_7_KOL'Ts">f_{\text {: }}^{\text {: }}</formula>
    <formula uri="http://libmeta.ru/me/formula/aux/1000_8_KOL'Ts">a(x) \longrightarrow A(Y)</formula>
    <formula uri="http://libmeta.ru/me/formula/aux/1000_9_KOL'Ts">f</formula>
    <formula uri="http://libmeta.ru/me/formula/aux/1000_10_KOL'Ts">a(y)</formula>
    <formula uri="http://libmeta.ru/me/formula/aux/1000_11_KOL'Ts">e</formula>
    <formula uri="http://libmeta.ru/me/formula/aux/1000_12_KOL'Ts">r</formula>
    <formula uri="http://libmeta.ru/me/formula/aux/1000_13_KOL'Ts">x, P(E)</formula>
    <formula uri="http://libmeta.ru/me/formula/aux/1000_14_KOL'Ts">\pi: P(E) \longrightarrow X</formula>
    <formula uri="http://libmeta.ru/me/formula/aux/1000_15_KOL'Ts">\zeta \in A^{1}(P(E))</formula>
    <formula uri="http://libmeta.ru/me/formula/aux/1000_16_KOL'Ts">o_{p}(e)</formula>
    <formula uri="http://libmeta.ru/me/formula/aux/1000_17_KOL'Ts">\pi^{*}</formula>
    <formula uri="http://libmeta.ru/me/formula/aux/1000_18_KOL'Ts">a(p(e))</formula>
    <formula uri="http://libmeta.ru/me/formula/aux/1000_19_KOL'Ts">a(x)[\zeta]</formula>
    <formula uri="http://libmeta.ru/me/formula/aux/1000_20_KOL'Ts">c_{k}(e) \in A^{k}(X)</formula>
    <formula uri="http://libmeta.ru/me/formula/aux/1000_21_KOL'Ts">k</formula>
    <formula uri="http://libmeta.ru/me/formula/aux/1000_22_KOL'Ts">e</formula>
    <formula uri="http://libmeta.ru/me/formula/aux/1000_23_KOL'Ts">a(x) \rightarrow H(X, \mathbb{Z})</formula>
    <formula uri="http://libmeta.ru/me/formula/aux/1000_24_KOL'Ts">x</formula>
    <formula uri="http://libmeta.ru/me/formula/aux/1000_25_KOL'Ts">a(x)</formula>
    <formula uri="http://libmeta.ru/me/formula/aux/1000_26_KOL'Ts">a(x)=\lim A(Y)</formula>
    <formula uri="http://libmeta.ru/me/formula/aux/1000_27_KOL'Ts">f: X \longrightarrow Y</formula>
    <formula uri="http://libmeta.ru/me/formula/aux/1000_28_KOL'Ts">y</formula>
  </formulas_aux>
  <relations n="15">
    <relation uri="http://libmeta.ru/me/relation/1000_1_KOL'Ts">
      <rel_text>Пересечений</rel_text>
      <target>http://libmeta.ru/me/article/222_PEREGÓROD</target>
    </relation>
    <relation uri="http://libmeta.ru/me/relation/1000_2_KOL'Ts">
      <rel_text>проекций</rel_text>
      <target>http://libmeta.ru/me/article/707_PROEKTsI</target>
    </relation>
    <relation uri="http://libmeta.ru/me/relation/1000_3_KOL'Ts">
      <rel_text>формуле</rel_text>
      <target>http://libmeta.ru/me/article/741_FORMUL</target>
    </relation>
    <relation uri="http://libmeta.ru/me/relation/1000_4_KOL'Ts">
      <rel_text>категорию</rel_text>
      <target>http://libmeta.ru/me/article/787_KATEGORI</target>
    </relation>
    <relation uri="http://libmeta.ru/me/relation/1000_5_KOL'Ts">
      <rel_text>функтор</rel_text>
      <target>http://libmeta.ru/me/article/790_FUNKTO</target>
    </relation>
    <relation uri="http://libmeta.ru/me/relation/1000_6_KOL'Ts">
      <rel_text>Получается</rel_text>
      <target>http://libmeta.ru/me/article/457_POLUGRUPP</target>
    </relation>
    <relation uri="http://libmeta.ru/me/relation/1000_7_KOL'Ts">
      <rel_text>предел</rel_text>
      <target>http://libmeta.ru/me/article/585_PREDE</target>
    </relation>
    <relation uri="http://libmeta.ru/me/relation/1000_8_KOL'Ts">
      <rel_text>многообразие</rel_text>
      <target>http://libmeta.ru/me/article/438_MNOGOOBRAZI</target>
    </relation>
    <relation uri="http://libmeta.ru/me/relation/1000_9_KOL'Ts">
      <rel_text>квазипроективное</rel_text>
      <target>http://libmeta.ru/me/article/833_KVAZILINEARIZATsI</target>
    </relation>
    <relation uri="http://libmeta.ru/me/relation/1000_10_KOL'Ts">
      <rel_text>степени</rel_text>
      <target>http://libmeta.ru/me/article/213_STEPEN</target>
    </relation>
    <relation uri="http://libmeta.ru/me/relation/1000_11_KOL'Ts">
      <rel_text>когомологий</rel_text>
      <target>http://libmeta.ru/me/article/939_KOGOMolOGI</target>
    </relation>
    <relation uri="http://libmeta.ru/me/relation/1000_12_KOL'Ts">
      <rel_text>кольцо</rel_text>
      <target>http://libmeta.ru/me/article/1000_KOL'Ts</target>
    </relation>
    <relation uri="http://libmeta.ru/me/relation/1000_13_KOL'Ts">
      <rel_text>гомоморфизм</rel_text>
      <target>http://libmeta.ru/me/article/1135_GOMoMoRFIZ</target>
    </relation>
    <relation uri="http://libmeta.ru/me/relation/1000_14_KOL'Ts">
      <rel_text>комплексных</rel_text>
      <target>http://libmeta.ru/me/article/1005_KOMPAKTNOST</target>
    </relation>
    <relation uri="http://libmeta.ru/me/relation/1000_15_KOL'Ts">
      <rel_text>многообразий</rel_text>
      <target>http://libmeta.ru/me/article/438_MNOGOOBRAZI</target>
    </relation>
  </relations>
  <text>кольцо классов алгебраических циклов на неособом квазипроективном алгебраич. многообразии относительно рациональной әквивалентности. Умножение в әтом кольце определяется в терминах пересечения циклов (см. URI[[http://libmeta.ru/me/relation/1000_1_KOL'Ts]]/URI теория).

Ч. к. $URI[[http://libmeta.ru/me/formula/aux/1000_1_KOL'Ts]]/URI$ многообразия $URI[[http://libmeta.ru/me/formula/aux/1000_2_KOL'Ts]]/URI$ является градуированным коммутативным кольцом, если обозначить через $URI[[http://libmeta.ru/me/formula/aux/1000_3_KOL'Ts]]/URI$ группу классов циклов коразмерности $URI[[http://libmeta.ru/me/formula/aux/1000_4_KOL'Ts]]/URI$. При этом для морфизма $URI[[http://libmeta.ru/me/formula/aux/1000_5_KOL'Ts]]/URI$ гомоморфизм обратного образа $URI[[http://libmeta.ru/me/formula/aux/1000_6_KOL'Ts]]/URI$ является гомоморфизмом колец, а гомоморфизм прямого образа $URI[[http://libmeta.ru/me/formula/aux/1000_7_KOL'Ts]]/URI$ $URI[[http://libmeta.ru/me/formula/aux/1000_8_KOL'Ts]]/URI$ является (для собственных $URI[[http://libmeta.ru/me/formula/aux/1000_9_KOL'Ts]]/URI$ ) гомоморфизмом $URI[[http://libmeta.ru/me/formula/aux/1000_10_KOL'Ts]]/URI$-модулей. Последнее означает, что имеет место форм у ла про екций:

\[
URI[[http://libmeta.ru/me/formula/main/1000_1_KOL'Ts]]/URI
\]

Ч. к. является областью знатений для теории классов Чжәня алгебраич. расслоений (см. [1]), а именно, если $URI[[http://libmeta.ru/me/formula/aux/1000_11_KOL'Ts]]/URI$ - локально свободный пучок ранга $URI[[http://libmeta.ru/me/formula/aux/1000_12_KOL'Ts]]/URI$ на многообразии $URI[[http://libmeta.ru/me/formula/aux/1000_13_KOL'Ts]]/URI$-его проективизация, $URI[[http://libmeta.ru/me/formula/aux/1000_14_KOL'Ts]]/URI$-канонич. проекция, $URI[[http://libmeta.ru/me/formula/aux/1000_15_KOL'Ts]]/URI$-класс дивизоров, соответствующий обратимому пучку $URI[[http://libmeta.ru/me/formula/aux/1000_16_KOL'Ts]]/URI$ (1), то $URI[[http://libmeta.ru/me/formula/aux/1000_17_KOL'Ts]]/URI$ является вложением у Ч. к. $URI[[http://libmeta.ru/me/formula/aux/1000_18_KOL'Ts]]/URI$ отождествляется с ф্фактором кольца многочленов $URI[[http://libmeta.ru/me/formula/aux/1000_19_KOL'Ts]]/URI$ по идеалу, порожденному многочленом

\[
URI[[http://libmeta.ru/me/formula/main/1000_2_KOL'Ts]]/URI
\]

Коәфффициент $URI[[http://libmeta.ru/me/formula/aux/1000_20_KOL'Ts]]/URI$ наз. $URI[[http://libmeta.ru/me/formula/aux/1000_21_KOL'Ts]]/URI$-м к л а с с о м Ч ж ә н я пучка $URI[[http://libmeta.ru/me/formula/aux/1000_22_KOL'Ts]]/URI$.

В случае URI[[http://libmeta.ru/me/relation/1000_15_KOL'Ts]]/URI над полем URI[[http://libmeta.ru/me/relation/1000_14_KOL'Ts]]/URI чисел имеется URI[[http://libmeta.ru/me/relation/1000_13_KOL'Ts]]/URI $URI[[http://libmeta.ru/me/formula/aux/1000_23_KOL'Ts]]/URI$ в URI[[http://libmeta.ru/me/relation/1000_12_KOL'Ts]]/URI сингулярных URI[[http://libmeta.ru/me/relation/1000_11_KOL'Ts]]/URI, удваивающий URI[[http://libmeta.ru/me/relation/1000_10_KOL'Ts]]/URI и совместимый с гомоморфизмами прямого и обратного образов.

Если $URI[[http://libmeta.ru/me/formula/aux/1000_24_KOL'Ts]]/URI$-особое URI[[http://libmeta.ru/me/relation/1000_9_KOL'Ts]]/URI URI[[http://libmeta.ru/me/relation/1000_8_KOL'Ts]]/URI, то его к о л ь ц о Чжо у $URI[[http://libmeta.ru/me/formula/aux/1000_25_KOL'Ts]]/URI$ определяется как прямой URI[[http://libmeta.ru/me/relation/1000_7_KOL'Ts]]/URI колец: $URI[[http://libmeta.ru/me/formula/aux/1000_26_KOL'Ts]]/URI$ по всем морфизмам $URI[[http://libmeta.ru/me/formula/aux/1000_27_KOL'Ts]]/URI$, где $URI[[http://libmeta.ru/me/formula/aux/1000_28_KOL'Ts]]/URI$ неособо. URI[[http://libmeta.ru/me/relation/1000_6_KOL'Ts]]/URI контравариантный URI[[http://libmeta.ru/me/relation/1000_5_KOL'Ts]]/URI в URI[[http://libmeta.ru/me/relation/1000_4_KOL'Ts]]/URI градуированных колец, удовлетворяющий URI[[http://libmeta.ru/me/relation/1000_3_KOL'Ts]]/URI URI[[http://libmeta.ru/me/relation/1000_2_KOL'Ts]]/URI (см. [3]).</text>
  <text_orig>кольцо классов алгебраических циклов на неособом квазипроективном алгебраич. многообразии относительно рациональной әквивалентности. Умножение в әтом кольце определяется в терминах пересечения циклов (см. Пересечений теория).

Ч. к. $A(X)=\bigoplus i \geqslant 0 A^{i}(X)$ многообразия $X$ является градуированным коммутативным кольцом, если обозначить через $A^{i}(X)$ группу классов циклов коразмерности $i$. При этом для морфизма $f: X \longrightarrow Y$ гомоморфизм обратного образа $f^{*}: A(Y) \longrightarrow A(X)$ является гомоморфизмом колец, а гомоморфизм прямого образа $f_{\text {: }}^{\text {: }}$ $A(X) \longrightarrow A(Y)$ является (для собственных $f$ ) гомоморфизмом $A(Y)$-модулей. Последнее означает, что имеет место форм у ла про екций:

\[
f_{*}\left(f^{*} y \cdot x\right)=y \cdot f_{*}(x), x \in A(X), y \in A(Y) .
\]

Ч. к. является областью знатений для теории классов Чжәня алгебраич. расслоений (см. [1]), а именно, если $E$ - локально свободный пучок ранга $r$ на многообразии $X, P(E)$-его проективизация, $\pi: P(E) \longrightarrow X$-канонич. проекция, $\zeta \in A^{1}(P(E))$-класс дивизоров, соответствующий обратимому пучку $O_{P}(E)$ (1), то $\pi^{*}$ является вложением у Ч. к. $A(P(E))$ отождествляется с ф্фактором кольца многочленов $A(X)[\zeta]$ по идеалу, порожденному многочленом

\[
\zeta^{r}-c_{1}(E) \zeta^{r-1}+\ldots+(-1)^{r} c_{r}(E) .
\]

Коәфффициент $c_{k}(E) \in A^{k}(X)$ наз. $k$-м к л а с с о м Ч ж ә н я пучка $E$.

В случае многообразий над полем комплексных чисел имеется гомоморфизм $A(X) \rightarrow H(X, \mathbb{Z})$ в кольцо сингулярных когомологий, удваивающий степени и совместимый с гомоморфизмами прямого и обратного образов.

Если $X$-особое квазипроективное многообразие, то его к о л ь ц о Чжо у $A(X)$ определяется как прямой предел колец: $A(X)=\lim A(Y)$ по всем морфизмам $f: X \longrightarrow Y$, где $Y$ неособо. Получается контравариантный функтор в категорию градуированных колец, удовлетворяющий формуле проекций (см. [3]).

Лит.: [1] X a р т с х орр н Р., Алгебраическая геометрия, пер. с англ., M., 1981; [2] Anneaux de Chow et applications. Seminaire Chevalley, P., 1958; [3] F u l t o n W., &quot;Publ. Math.
IHES», 1975, № 45, p. 147-67.</text_orig>
</article>
