<?xml version="1.0" ?>
<article uri="http://libmeta.ru/me/article/1000_NETEPOB" alphabetic_pos="1000">
  <title>НЁTEPOB OПЕРАТОР</title>
  <authors/>
  <pages>
    <start>514</start>
    <end>514</end>
  </pages>
  <literature>
    <literature_orig>Jum.: [1] N o e th e r F., «math. Ann.», 1921, Bd 82 S. $42-63 ;[2] \mathbf{K} \mathbf{p}$ е й н C. $\boldsymbol{\gamma}$. , Јинейные уравнения в банаховом гространстве, М., $1971 ;$ [3] В а й н б е р $\mathbf{t}$ М. М., Т р е н огинний, А., Теория ветвления решений нелинейных уравне-М., 1969.</literature_orig>
    <unit>
      <author>Noether F.</author>
      <title>«math. Ann.»</title>
      <publication/>
      <year>1921</year>
      <other>Bd 82 S. $42-63</other>
    </unit>
    <unit>
      <title>\mathbf{K} \mathbf{p}$ е й н C. $\boldsymbol{\gamma}$., Јинейные уравнения в банаховом гространстве</title>
      <publication>М.</publication>
      <year>1971</year>
      <other/>
    </unit>
    <unit>
      <author>Вайнбер$\mathbf{t}$ М. М.</author>
      <title>Т р е н огинний, А., Теория ветвления решений нелинейных уравне-М.</title>
      <publication/>
      <year>1969</year>
      <other/>
    </unit>
  </literature>
  <formulas_main>
    <formula uri="http://libmeta.ru/me/formula/main/1000_1_NETEPOB">X=N(A)+\hat{X}, \quad Y=Z+R(A),</formula>
  </formulas_main>
  <formulas_aux>
    <formula uri="http://libmeta.ru/me/formula/aux/1000_1_NETEPOB">n</formula>
    <formula uri="http://libmeta.ru/me/formula/aux/1000_2_NETEPOB">d</formula>
    <formula uri="http://libmeta.ru/me/formula/aux/1000_3_NETEPOB">a</formula>
    <formula uri="http://libmeta.ru/me/formula/aux/1000_4_NETEPOB">d</formula>
    <formula uri="http://libmeta.ru/me/formula/aux/1000_5_NETEPOB">(n(a)&lt;+\infty, d(A)&lt;+\infty)</formula>
    <formula uri="http://libmeta.ru/me/formula/aux/1000_6_NETEPOB">\chi(a)</formula>
    <formula uri="http://libmeta.ru/me/formula/aux/1000_7_NETEPOB">a</formula>
    <formula uri="http://libmeta.ru/me/formula/aux/1000_8_NETEPOB">\mathbb{r}^{k}</formula>
    <formula uri="http://libmeta.ru/me/formula/aux/1000_9_NETEPOB">\mathbb{r}^{l}</formula>
    <formula uri="http://libmeta.ru/me/formula/aux/1000_10_NETEPOB">a x=0</formula>
    <formula uri="http://libmeta.ru/me/formula/aux/1000_11_NETEPOB">n</formula>
    <formula uri="http://libmeta.ru/me/formula/aux/1000_12_NETEPOB">a x=y</formula>
    <formula uri="http://libmeta.ru/me/formula/aux/1000_13_NETEPOB">y</formula>
    <formula uri="http://libmeta.ru/me/formula/aux/1000_14_NETEPOB">\left\langle y, \psi_{i}\right\rangle=0, i=1, \ldots, m</formula>
    <formula uri="http://libmeta.ru/me/formula/aux/1000_15_NETEPOB">\left\{\psi_{i}\right\}^{m}</formula>
    <formula uri="http://libmeta.ru/me/formula/aux/1000_16_NETEPOB">a</formula>
    <formula uri="http://libmeta.ru/me/formula/aux/1000_17_NETEPOB">a-</formula>
    <formula uri="http://libmeta.ru/me/formula/aux/1000_18_NETEPOB">b</formula>
    <formula uri="http://libmeta.ru/me/formula/aux/1000_19_NETEPOB">a+b</formula>
    <formula uri="http://libmeta.ru/me/formula/aux/1000_20_NETEPOB">\chi(a+b)=\chi(a)</formula>
    <formula uri="http://libmeta.ru/me/formula/aux/1000_21_NETEPOB">a \in L(X, Y)</formula>
    <formula uri="http://libmeta.ru/me/formula/aux/1000_22_NETEPOB">l(x, Y)</formula>
    <formula uri="http://libmeta.ru/me/formula/aux/1000_23_NETEPOB">\underset{x}{\boldsymbol{b}} \stackrel{Y}{\boldsymbol{Y}}</formula>
    <formula uri="http://libmeta.ru/me/formula/aux/1000_24_NETEPOB">n(a)</formula>
    <formula uri="http://libmeta.ru/me/formula/aux/1000_25_NETEPOB">a, R(A)</formula>
    <formula uri="http://libmeta.ru/me/formula/aux/1000_26_NETEPOB">a, \operatorname{dim} Z=d(A)</formula>
    <formula uri="http://libmeta.ru/me/formula/aux/1000_27_NETEPOB">a x=y, y \in R(A)</formula>
    <formula uri="http://libmeta.ru/me/formula/aux/1000_28_NETEPOB">x=\hat{a}^{-1} y+v</formula>
    <formula uri="http://libmeta.ru/me/formula/aux/1000_29_NETEPOB">\hat{a}=l(\hat{x}</formula>
    <formula uri="http://libmeta.ru/me/formula/aux/1000_30_NETEPOB">r(a)), \hat{A}=A</formula>
    <formula uri="http://libmeta.ru/me/formula/aux/1000_31_NETEPOB">\hat{x}</formula>
    <formula uri="http://libmeta.ru/me/formula/aux/1000_32_NETEPOB">a</formula>
    <formula uri="http://libmeta.ru/me/formula/aux/1000_33_NETEPOB">v \in N(A)-</formula>
    <formula uri="http://libmeta.ru/me/formula/aux/1000_34_NETEPOB">a</formula>
    <formula uri="http://libmeta.ru/me/formula/aux/1000_35_NETEPOB">d</formula>
    <formula uri="http://libmeta.ru/me/formula/aux/1000_36_NETEPOB">(n, m)</formula>
    <formula uri="http://libmeta.ru/me/formula/aux/1000_37_NETEPOB">a *</formula>
    <formula uri="http://libmeta.ru/me/formula/aux/1000_38_NETEPOB">d</formula>
    <formula uri="http://libmeta.ru/me/formula/aux/1000_39_NETEPOB">(m, n)</formula>
  </formulas_aux>
  <relations n="1">
    <relation uri="http://libmeta.ru/me/relation/1000_1_NETEPOB">
      <rel_text>произвольно</rel_text>
      <target>http://libmeta.ru/me/article/1045_PROIZVODNA</target>
    </relation>
  </relations>
  <text>линейный оператор, одновременно $URI[[http://libmeta.ru/me/formula/aux/1000_1_NETEPOB]]/URI$-нормальный и $URI[[http://libmeta.ru/me/formula/aux/1000_2_NETEPOB]]/URI$-нормальный (см. Hopмально разрешимый оператор). Иначе говоря, Н. о. $URI[[http://libmeta.ru/me/formula/aux/1000_3_NETEPOB]]/URI$ - это нормально разрешимый оператор с конечной $URI[[http://libmeta.ru/me/formula/aux/1000_4_NETEPOB]]/URI$-характеристикой $URI[[http://libmeta.ru/me/formula/aux/1000_5_NETEPOB]]/URI$. Индекс $URI[[http://libmeta.ru/me/formula/aux/1000_6_NETEPOB]]/URI$ Н. о. $URI[[http://libmeta.ru/me/formula/aux/1000_7_NETEPOB]]/URI$ также является конечным числом. Простейший пример Н. о. - линейный оператор действующий из $URI[[http://libmeta.ru/me/formula/aux/1000_8_NETEPOB]]/URI$ в $URI[[http://libmeta.ru/me/formula/aux/1000_9_NETEPOB]]/URI$. Название по имени Ф. Нётера [1], с работ к-рого теория Н. о. развивается параллельно теории сингулярных интегральных уравнений. Линейные операторы, порождаемые общими краевыми задачами для әллиптич. уравневий, часто являются H. o.

На практике обычно удается проверить справедливость следующих предложений (т е о р е м ы Н ё т еp a):

1) либо уравнение $URI[[http://libmeta.ru/me/formula/aux/1000_10_NETEPOB]]/URI$ не имеет нетривиальных решений, либо оно имеет конетное число $URI[[http://libmeta.ru/me/formula/aux/1000_11_NETEPOB]]/URI$ линейно независимых решений;

2) либо неолнородное уравнение $URI[[http://libmeta.ru/me/formula/aux/1000_12_NETEPOB]]/URI$ разрешимо при любой правой части $URI[[http://libmeta.ru/me/formula/aux/1000_13_NETEPOB]]/URI$, либо для его разрешимости необходимо и достаточно, чтобы $URI[[http://libmeta.ru/me/formula/aux/1000_14_NETEPOB]]/URI$, где $URI[[http://libmeta.ru/me/formula/aux/1000_15_NETEPOB]]/URI$ - полная система линейно независимых решений союзного однородного уравнения или формально сопряженной однородной задачи.

Из 1), 2) следует, что $URI[[http://libmeta.ru/me/formula/aux/1000_16_NETEPOB]]/URI$ - Н. о.

Свойство нётеровости устойчиво: если $URI[[http://libmeta.ru/me/formula/aux/1000_17_NETEPOB]]/URI$ Н. о., a $URI[[http://libmeta.ru/me/formula/aux/1000_18_NETEPOB]]/URI$ - линейный оператор достаточно малой нормы или вполне непрерывный, то $URI[[http://libmeta.ru/me/formula/aux/1000_19_NETEPOB]]/URI$ - также Н. о., при этом $URI[[http://libmeta.ru/me/formula/aux/1000_20_NETEPOB]]/URI$.

Пусть $URI[[http://libmeta.ru/me/formula/aux/1000_21_NETEPOB]]/URI$, где $URI[[http://libmeta.ru/me/formula/aux/1000_22_NETEPOB]]/URI$ - пространство линейных операторов из $URI[[http://libmeta.ru/me/formula/aux/1000_23_NETEPOB]]/URI$, и является Н. о. Тогда имеют место прямые разложения

\[
URI[[http://libmeta.ru/me/formula/main/1000_1_NETEPOB]]/URI
\]

где $URI[[http://libmeta.ru/me/formula/aux/1000_24_NETEPOB]]/URI$ - подпространство нулей $URI[[http://libmeta.ru/me/formula/aux/1000_25_NETEPOB]]/URI$ - область значений $URI[[http://libmeta.ru/me/formula/aux/1000_26_NETEPOB]]/URI$. Общее решение уравнения $URI[[http://libmeta.ru/me/formula/aux/1000_27_NETEPOB]]/URI$, имеет вид $URI[[http://libmeta.ru/me/formula/aux/1000_28_NETEPOB]]/URI$, где $URI[[http://libmeta.ru/me/formula/aux/1000_29_NETEPOB]]/URI$, $URI[[http://libmeta.ru/me/formula/aux/1000_30_NETEPOB]]/URI$ на $URI[[http://libmeta.ru/me/formula/aux/1000_31_NETEPOB]]/URI$ (сужение $URI[[http://libmeta.ru/me/formula/aux/1000_32_NETEPOB]]/URI$ ), а $URI[[http://libmeta.ru/me/formula/aux/1000_33_NETEPOB]]/URI$ URI[[http://libmeta.ru/me/relation/1000_1_NETEPOB]]/URI. Если $URI[[http://libmeta.ru/me/formula/aux/1000_34_NETEPOB]]/URI$ - Н. о. с $URI[[http://libmeta.ru/me/formula/aux/1000_35_NETEPOB]]/URI$-характеристикой $URI[[http://libmeta.ru/me/formula/aux/1000_36_NETEPOB]]/URI$, то $URI[[http://libmeta.ru/me/formula/aux/1000_37_NETEPOB]]/URI$ H. о. с $URI[[http://libmeta.ru/me/formula/aux/1000_38_NETEPOB]]/URI$-характерістикой $URI[[http://libmeta.ru/me/formula/aux/1000_39_NETEPOB]]/URI$.</text>
  <text_orig>линейный оператор, одновременно $n$-нормальный и $d$-нормальный (см. Hopмально разрешимый оператор). Иначе говоря, Н. о. $A$ - это нормально разрешимый оператор с конечной $d$-характеристикой $(n(A)&lt;+\infty, d(A)&lt;+\infty)$. Индекс $\chi(A)$ Н. о. $A$ также является конечным числом. Простейший пример Н. о. - линейный оператор действующий из $\mathbb{R}^{k}$ в $\mathbb{R}^{l}$. Название по имени Ф. Нётера [1], с работ к-рого теория Н. о. развивается параллельно теории сингулярных интегральных уравнений. Линейные операторы, порождаемые общими краевыми задачами для әллиптич. уравневий, часто являются H. o.

На практике обычно удается проверить справедливость следующих предложений (т е о р е м ы Н ё т еp a):

1) либо уравнение $A x=0$ не имеет нетривиальных решений, либо оно имеет конетное число $n$ линейно независимых решений;

2) либо неолнородное уравнение $A x=y$ разрешимо при любой правой части $y$, либо для его разрешимости необходимо и достаточно, чтобы $\left\langle y, \psi_{i}\right\rangle=0, i=1, \ldots, m$, где $\left\{\psi_{i}\right\}^{m}$ - полная система линейно независимых решений союзного однородного уравнения или формально сопряженной однородной задачи.

Из 1), 2) следует, что $A$ - Н. о.

Свойство нётеровости устойчиво: если $A-$ Н. о., a $B$ - линейный оператор достаточно малой нормы или вполне непрерывный, то $A+B$ - также Н. о., при этом $\chi(A+B)=\chi(A)$.

Пусть $A \in L(X, Y)$, где $L(X, Y)$ - пространство линейных операторов из $\underset{X}{\boldsymbol{B}} \stackrel{Y}{\boldsymbol{Y}}$, и является Н. о. Тогда имеют место прямые разложения

\[
X=N(A)+\hat{X}, \quad Y=Z+R(A),
\]

где $N(A)$ - подпространство нулей $A, R(A)$ - область значений $A, \operatorname{dim} Z=d(A)$. Общее решение уравнения $A x=y, y \in R(A)$, имеет вид $x=\hat{A}^{-1} y+v$, где $\hat{A}=L(\hat{X}$, $R(A)), \hat{A}=A$ на $\hat{X}$ (сужение $A$ ), а $v \in N(A)-$ произвольно. Если $A$ - Н. о. с $d$-характеристикой $(n, m)$, то $A *$ H. о. с $d$-характерістикой $(m, n)$.

Jum.: [1] N o e th e r F., «Math. Ann.», 1921, Bd 82 S. $42-63 ;[2] \mathbf{K} \mathbf{p}$ е й н C. $\boldsymbol{\Gamma}$. , Јинейные уравнения в банаховом гространстве, М., $1971 ;$ [3] В а й н б е р $\mathbf{T}$ М. М., Т р е н огин
ний, А., Теория ветвления решений нелинейных уравне-
М., 1969.</text_orig>
</article>
