<?xml version="1.0" ?>
<article uri="http://libmeta.ru/me/article/1000_GEODEZIChESKOE" alphabetic_pos="1000">
  <title>ГЕОДЕЗИЧЕСКОЕ МНОГООБРАЗИЕ</title>
  <authors/>
  <pages>
    <start>467</start>
    <end>467</end>
  </pages>
  <literature>
    <literature_orig/>
  </literature>
  <formulas_main/>
  <formulas_aux>
    <formula uri="http://libmeta.ru/me/formula/aux/1000_1_GEODEZIChESKOE">x</formula>
    <formula uri="http://libmeta.ru/me/formula/aux/1000_2_GEODEZIChESKOE">m^{k}</formula>
    <formula uri="http://libmeta.ru/me/formula/aux/1000_3_GEODEZIChESKOE">m^{n}</formula>
    <formula uri="http://libmeta.ru/me/formula/aux/1000_4_GEODEZIChESKOE">m^{n}</formula>
    <formula uri="http://libmeta.ru/me/formula/aux/1000_5_GEODEZIChESKOE">m^{k}</formula>
    <formula uri="http://libmeta.ru/me/formula/aux/1000_6_GEODEZIChESKOE">x</formula>
    <formula uri="http://libmeta.ru/me/formula/aux/1000_7_GEODEZIChESKOE">m^{k}</formula>
    <formula uri="http://libmeta.ru/me/formula/aux/1000_8_GEODEZIChESKOE">m^{k}</formula>
    <formula uri="http://libmeta.ru/me/formula/aux/1000_9_GEODEZIChESKOE">m^{n}</formula>
    <formula uri="http://libmeta.ru/me/formula/aux/1000_10_GEODEZIChESKOE">m^{k}</formula>
  </formulas_aux>
  <relations n="8">
    <relation uri="http://libmeta.ru/me/relation/1000_1_GEODEZIChESKOE">
      <rel_text>порядка</rel_text>
      <target>http://libmeta.ru/me/article/531_PORJaDO</target>
    </relation>
    <relation uri="http://libmeta.ru/me/relation/1000_2_GEODEZIChESKOE">
      <rel_text>касание</rel_text>
      <target>http://libmeta.ru/me/article/773_KASANI</target>
    </relation>
    <relation uri="http://libmeta.ru/me/relation/1000_3_GEODEZIChESKOE">
      <rel_text>касающиеся</rel_text>
      <target>http://libmeta.ru/me/article/774_KASATEL'NA</target>
    </relation>
    <relation uri="http://libmeta.ru/me/relation/1000_4_GEODEZIChESKOE">
      <rel_text>многообразия</rel_text>
      <target>http://libmeta.ru/me/article/438_MNOGOOBRAZI</target>
    </relation>
    <relation uri="http://libmeta.ru/me/relation/1000_5_GEODEZIChESKOE">
      <rel_text>связностью</rel_text>
      <target>http://libmeta.ru/me/article/1233_SvJaZNOSt</target>
    </relation>
    <relation uri="http://libmeta.ru/me/relation/1000_6_GEODEZIChESKOE">
      <rel_text>аффинной</rel_text>
      <target>http://libmeta.ru/me/article/319_AFFINITE</target>
    </relation>
    <relation uri="http://libmeta.ru/me/relation/1000_7_GEODEZIChESKOE">
      <rel_text>многообразия</rel_text>
      <target>http://libmeta.ru/me/article/438_MNOGOOBRAZI</target>
    </relation>
    <relation uri="http://libmeta.ru/me/relation/1000_8_GEODEZIChESKOE">
      <rel_text>подмногообразие</rel_text>
      <target>http://libmeta.ru/me/article/358_PODMNOGOOBRAZI</target>
    </relation>
  </relations>
  <text>в т о ч к е $URI[[http://libmeta.ru/me/formula/aux/1000_1_GEODEZIChESKOE]]/URI$ - URI[[http://libmeta.ru/me/relation/1000_8_GEODEZIChESKOE]]/URI $URI[[http://libmeta.ru/me/formula/aux/1000_2_GEODEZIChESKOE]]/URI$ гладкого URI[[http://libmeta.ru/me/relation/1000_7_GEODEZIChESKOE]]/URI $URI[[http://libmeta.ru/me/formula/aux/1000_3_GEODEZIChESKOE]]/URI$ (риманова или с URI[[http://libmeta.ru/me/relation/1000_6_GEODEZIChESKOE]]/URI URI[[http://libmeta.ru/me/relation/1000_5_GEODEZIChESKOE]]/URI) такое, что геодезические линии URI[[http://libmeta.ru/me/relation/1000_4_GEODEZIChESKOE]]/URI $URI[[http://libmeta.ru/me/formula/aux/1000_4_GEODEZIChESKOE]]/URI$, URI[[http://libmeta.ru/me/relation/1000_3_GEODEZIChESKOE]]/URI $URI[[http://libmeta.ru/me/formula/aux/1000_5_GEODEZIChESKOE]]/URI$ в точке $URI[[http://libmeta.ru/me/formula/aux/1000_6_GEODEZIChESKOE]]/URI$, имеют с $URI[[http://libmeta.ru/me/formula/aux/1000_7_GEODEZIChESKOE]]/URI$ URI[[http://libmeta.ru/me/relation/1000_2_GEODEZIChESKOE]]/URI не ниже 2-го URI[[http://libmeta.ru/me/relation/1000_1_GEODEZIChESKOE]]/URI. Это свойство выполнено во всех точках, если любая геодезическая в $URI[[http://libmeta.ru/me/formula/aux/1000_8_GEODEZIChESKOE]]/URI$ является и геодезіческой в $URI[[http://libmeta.ru/me/formula/aux/1000_9_GEODEZIChESKOE]]/URI$. Такие Г. м. $URI[[http://libmeta.ru/me/formula/aux/1000_10_GEODEZIChESKOE]]/URI$ наз. в п о л н е ге о дез и ч е с к и м и многооб ра зия ми.</text>
  <text_orig>в т о ч к е $x$ - подмногообразие $M^{k}$ гладкого многообразия $M^{n}$ (риманова или с аффинной связностью) такое, что геодезические линии многообразия $M^{n}$, касающиеся $M^{k}$ в точке $x$, имеют с $M^{k}$ касание не ниже 2-го порядка. Это свойство выполнено во всех точках, если любая геодезическая в $M^{k}$ является и геодезіческой в $M^{n}$. Такие Г. м. $M^{k}$ наз. в п о л н е ге о дез и ч е с к и м и многооб ра зия ми.</text_orig>
</article>
