<?xml version="1.0" ?>
<article uri="http://libmeta.ru/me/article/1000_RATsIONAL'NAJa" alphabetic_pos="1000">
  <title>РАЦИОНАЛЬНАЯ ФУНКЦИЯ</title>
  <authors>
    <author>Вик. С. Куликов</author>
  </authors>
  <pages>
    <start>460</start>
    <end>461</end>
  </pages>
  <literature>
    <literature_orig>Лит.: [1] Ш а ф а р е в и ч И. Р., Основы алгебраической геометрии, М., 1972 .</literature_orig>
    <unit>
      <author>Шафаревич И. Р.</author>
      <title>Основы алгебраической геометрии</title>
      <publication>М.</publication>
      <year>1972</year>
      <other/>
    </unit>
  </literature>
  <formulas_main>
    <formula uri="http://libmeta.ru/me/formula/main/1000_1_RATsIONAL'NAJa">R(z)=\frac{P(z)}{Q(z)},</formula>
    <formula uri="http://libmeta.ru/me/formula/main/1000_2_RATsIONAL'NAJa">N=\max \{m, n\} \text {. }</formula>
    <formula uri="http://libmeta.ru/me/formula/main/1000_3_RATsIONAL'NAJa">\frac{P}{Q}=P_{1}+\frac{P_{2}}{Q}</formula>
    <formula uri="http://libmeta.ru/me/formula/main/1000_4_RATsIONAL'NAJa">Q(z)=b\left(z-b_{1}\right)^{n} \ldots\left(z-b_{l}\right)^{n} l</formula>
    <formula uri="http://libmeta.ru/me/formula/main/1000_5_RATsIONAL'NAJa">R(z)=\sum_{i=1}^{l} \frac{c_{i_{1}}}{z-b_{i}}+\frac{c_{i_{2}}}{\left(z-b_{i}\right)^{2}}+\ldots+\frac{c_{i_{n}}}{\left(z-b_{i}\right)^{n}} .</formula>
    <formula uri="http://libmeta.ru/me/formula/main/1000_6_RATsIONAL'NAJa">\ldots\left(x^{2}+p_{s} x+q_{s}\right)^{t_{s}}</formula>
    <formula uri="http://libmeta.ru/me/formula/main/1000_7_RATsIONAL'NAJa">\begin{aligned}&amp; \frac{P(x)}{Q(x)}=\sum_{i=1}^{r}\left[\frac{c_{i_{1}}}{x-b_{i}}+\frac{c_{i_{2}}}{\left(x-b_{i}\right)^{2}}+\ldots+\frac{{ }^{c_{i}} l_{i}}{\left(x-b_{i}\right)^{l}}\right]+ \\&amp; +\sum_{j=1}^{s}\left[\frac{D_{j_{1}}{ }^{x+E} j_{1}}{x^{2}+p_{j}{ }^{x+q}}+\frac{D_{j}{ }_{j}{ }^{x+E_{j_{2}}}}{\left(x^{2}+p_{j}{ }^{x+q_{j}}\right)^{2}}+\ldots\right. \\&amp; \left.\cdots+\frac{D_{j t_{j}} x+E_{j_{t}}}{\left(x^{2}+p_{j} x+q_{j}\right)^{t_{j}}}\right]\end{aligned}</formula>
    <formula uri="http://libmeta.ru/me/formula/main/1000_8_RATsIONAL'NAJa">c_{i_{1}} \ln \left|x-b_{i}\right|, \quad M_{j} \ln \left(x^{2}+p_{j} x+q_{j}\right),</formula>
    <formula uri="http://libmeta.ru/me/formula/main/1000_9_RATsIONAL'NAJa">N_{j} \operatorname{arctg} \frac{2 x+p_{j}}{\sqrt{4 q_{j}-p_{j}^{2}}}, i=1, \ldots, r ; j=1, \ldots, s \text {, }</formula>
    <formula uri="http://libmeta.ru/me/formula/main/1000_10_RATsIONAL'NAJa">R=\frac{A_{1} \Phi_{1}+\ldots+A_{m} \Phi_{m}}{B_{1} \Phi_{1}+\ldots+B_{n} \Phi_{n}}</formula>
    <formula uri="http://libmeta.ru/me/formula/main/1000_11_RATsIONAL'NAJa">P_{n}=\operatorname{dim}_{k} H^{0}\left(X, O_{X}\left(n K_{X}\right)\right)=0 \text { при } n&gt;0,</formula>
    <formula uri="http://libmeta.ru/me/formula/main/1000_12_RATsIONAL'NAJa">p_{a}=\operatorname{dim}_{k} H^{0}\left(X, \Omega_{X}^{2}\right)-\operatorname{dim}_{k} H^{0}\left(X, \Omega_{X}^{1}\right)=0</formula>
  </formulas_main>
  <formulas_aux>
    <formula uri="http://libmeta.ru/me/formula/aux/1000_1_RATsIONAL'NAJa">w=r(z)</formula>
    <formula uri="http://libmeta.ru/me/formula/aux/1000_2_RATsIONAL'NAJa">r(z)</formula>
    <formula uri="http://libmeta.ru/me/formula/aux/1000_3_RATsIONAL'NAJa">z</formula>
    <formula uri="http://libmeta.ru/me/formula/aux/1000_4_RATsIONAL'NAJa">z</formula>
    <formula uri="http://libmeta.ru/me/formula/aux/1000_5_RATsIONAL'NAJa">p, Q</formula>
    <formula uri="http://libmeta.ru/me/formula/aux/1000_6_RATsIONAL'NAJa">q(z) \neq 0</formula>
    <formula uri="http://libmeta.ru/me/formula/aux/1000_7_RATsIONAL'NAJa">p / Q</formula>
    <formula uri="http://libmeta.ru/me/formula/aux/1000_8_RATsIONAL'NAJa">p, Q</formula>
    <formula uri="http://libmeta.ru/me/formula/aux/1000_9_RATsIONAL'NAJa">p, Q</formula>
    <formula uri="http://libmeta.ru/me/formula/aux/1000_10_RATsIONAL'NAJa">r(z)=p(z) / Q(z)</formula>
    <formula uri="http://libmeta.ru/me/formula/aux/1000_11_RATsIONAL'NAJa">p</formula>
    <formula uri="http://libmeta.ru/me/formula/aux/1000_12_RATsIONAL'NAJa">m</formula>
    <formula uri="http://libmeta.ru/me/formula/aux/1000_13_RATsIONAL'NAJa">q</formula>
    <formula uri="http://libmeta.ru/me/formula/aux/1000_14_RATsIONAL'NAJa">n</formula>
    <formula uri="http://libmeta.ru/me/formula/aux/1000_15_RATsIONAL'NAJa">r(z)</formula>
    <formula uri="http://libmeta.ru/me/formula/aux/1000_16_RATsIONAL'NAJa">(m, n)</formula>
    <formula uri="http://libmeta.ru/me/formula/aux/1000_17_RATsIONAL'NAJa">(m, n)</formula>
    <formula uri="http://libmeta.ru/me/formula/aux/1000_18_RATsIONAL'NAJa">n=0</formula>
    <formula uri="http://libmeta.ru/me/formula/aux/1000_19_RATsIONAL'NAJa">ф</formula>
    <formula uri="http://libmeta.ru/me/formula/aux/1000_20_RATsIONAL'NAJa">r(z) \equiv 0</formula>
    <formula uri="http://libmeta.ru/me/formula/aux/1000_21_RATsIONAL'NAJa">m&lt;n</formula>
    <formula uri="http://libmeta.ru/me/formula/aux/1000_22_RATsIONAL'NAJa">r</formula>
    <formula uri="http://libmeta.ru/me/formula/aux/1000_23_RATsIONAL'NAJa">m \geqslant n-</formula>
    <formula uri="http://libmeta.ru/me/formula/aux/1000_24_RATsIONAL'NAJa">p_{1}-</formula>
    <formula uri="http://libmeta.ru/me/formula/aux/1000_25_RATsIONAL'NAJa">p / Q</formula>
    <formula uri="http://libmeta.ru/me/formula/aux/1000_26_RATsIONAL'NAJa">p_{2} / Q</formula>
    <formula uri="http://libmeta.ru/me/formula/aux/1000_27_RATsIONAL'NAJa">r(z)=p(z) / Q(z)</formula>
    <formula uri="http://libmeta.ru/me/formula/aux/1000_28_RATsIONAL'NAJa">\boldsymbol{p}(x) / Q(x)</formula>
    <formula uri="http://libmeta.ru/me/formula/aux/1000_29_RATsIONAL'NAJa">q(x)=b_{0}\left(x-b_{1}\right)^{l_{1}} \ldots\left(x-b_{r}\right)^{l_{r}}\left(x^{2}+p_{1} x+q_{1}\right)^{t_{1}} \ldots</formula>
    <formula uri="http://libmeta.ru/me/formula/aux/1000_30_RATsIONAL'NAJa">b_{0}, b_{1}, \ldots, b_{r}, p_{1}, q_{1}, \ldots, p_{s}, q_{s}</formula>
    <formula uri="http://libmeta.ru/me/formula/aux/1000_31_RATsIONAL'NAJa">p_{j}^{2}-4 q_{j}&lt;0, j=1, \ldots, s</formula>
    <formula uri="http://libmeta.ru/me/formula/aux/1000_32_RATsIONAL'NAJa">p(x) / Q(x)</formula>
    <formula uri="http://libmeta.ru/me/formula/aux/1000_33_RATsIONAL'NAJa">c_{i_{j}}</formula>
    <formula uri="http://libmeta.ru/me/formula/aux/1000_34_RATsIONAL'NAJa">(m, n)</formula>
    <formula uri="http://libmeta.ru/me/formula/aux/1000_35_RATsIONAL'NAJa">z=\infty</formula>
    <formula uri="http://libmeta.ru/me/formula/aux/1000_36_RATsIONAL'NAJa">\infty</formula>
    <formula uri="http://libmeta.ru/me/formula/aux/1000_37_RATsIONAL'NAJa">r</formula>
    <formula uri="http://libmeta.ru/me/formula/aux/1000_38_RATsIONAL'NAJa">n</formula>
    <formula uri="http://libmeta.ru/me/formula/aux/1000_39_RATsIONAL'NAJa">r(z) \equiv 0</formula>
    <formula uri="http://libmeta.ru/me/formula/aux/1000_40_RATsIONAL'NAJa">r_{1}(z), R_{2}(z)</formula>
    <formula uri="http://libmeta.ru/me/formula/aux/1000_41_RATsIONAL'NAJa">r_{1}\left(r_{2}(z)\right)</formula>
    <formula uri="http://libmeta.ru/me/formula/aux/1000_42_RATsIONAL'NAJa">p</formula>
    <formula uri="http://libmeta.ru/me/formula/aux/1000_43_RATsIONAL'NAJa">n</formula>
    <formula uri="http://libmeta.ru/me/formula/aux/1000_44_RATsIONAL'NAJa">\mathrm{p}</formula>
    <formula uri="http://libmeta.ru/me/formula/aux/1000_45_RATsIONAL'NAJa">ф</formula>
    <formula uri="http://libmeta.ru/me/formula/aux/1000_46_RATsIONAL'NAJa">\leqslant(p+1) N</formula>
    <formula uri="http://libmeta.ru/me/formula/aux/1000_47_RATsIONAL'NAJa">c_{r} \ln \left(z-b_{r}\right)</formula>
    <formula uri="http://libmeta.ru/me/formula/aux/1000_48_RATsIONAL'NAJa">r(x)</formula>
    <formula uri="http://libmeta.ru/me/formula/aux/1000_49_RATsIONAL'NAJa">x</formula>
    <formula uri="http://libmeta.ru/me/formula/aux/1000_50_RATsIONAL'NAJa">\int R(x) d x</formula>
    <formula uri="http://libmeta.ru/me/formula/aux/1000_51_RATsIONAL'NAJa">r_{0}(x)</formula>
    <formula uri="http://libmeta.ru/me/formula/aux/1000_52_RATsIONAL'NAJa">c</formula>
    <formula uri="http://libmeta.ru/me/formula/aux/1000_53_RATsIONAL'NAJa">c_{i_{1}}, b_{i}</formula>
    <formula uri="http://libmeta.ru/me/formula/aux/1000_54_RATsIONAL'NAJa">p_{j}, q_{j}</formula>
    <formula uri="http://libmeta.ru/me/formula/aux/1000_55_RATsIONAL'NAJa">m_{j}, N_{j}</formula>
    <formula uri="http://libmeta.ru/me/formula/aux/1000_56_RATsIONAL'NAJa">r_{0}(x)</formula>
    <formula uri="http://libmeta.ru/me/formula/aux/1000_57_RATsIONAL'NAJa">r(x)</formula>
    <formula uri="http://libmeta.ru/me/formula/aux/1000_58_RATsIONAL'NAJa">r=p / Q</formula>
    <formula uri="http://libmeta.ru/me/formula/aux/1000_59_RATsIONAL'NAJa">p, Q</formula>
    <formula uri="http://libmeta.ru/me/formula/aux/1000_60_RATsIONAL'NAJa">(q \neq 0)</formula>
    <formula uri="http://libmeta.ru/me/formula/aux/1000_61_RATsIONAL'NAJa">\phi_{1}, \Phi_{2}, \ldots-</formula>
    <formula uri="http://libmeta.ru/me/formula/aux/1000_62_RATsIONAL'NAJa">x</formula>
    <formula uri="http://libmeta.ru/me/formula/aux/1000_63_RATsIONAL'NAJa">a_{1}, \ldots, A_{m}, \dot{B}_{1}, \ldots, B_{n}</formula>
    <formula uri="http://libmeta.ru/me/formula/aux/1000_64_RATsIONAL'NAJa">x</formula>
    <formula uri="http://libmeta.ru/me/formula/aux/1000_65_RATsIONAL'NAJa">(u, f)</formula>
    <formula uri="http://libmeta.ru/me/formula/aux/1000_66_RATsIONAL'NAJa">x</formula>
    <formula uri="http://libmeta.ru/me/formula/aux/1000_67_RATsIONAL'NAJa">x</formula>
    <formula uri="http://libmeta.ru/me/formula/aux/1000_68_RATsIONAL'NAJa">f</formula>
    <formula uri="http://libmeta.ru/me/formula/aux/1000_69_RATsIONAL'NAJa">u</formula>
    <formula uri="http://libmeta.ru/me/formula/aux/1000_70_RATsIONAL'NAJa">(u, f)</formula>
    <formula uri="http://libmeta.ru/me/formula/aux/1000_71_RATsIONAL'NAJa">(v, g)</formula>
    <formula uri="http://libmeta.ru/me/formula/aux/1000_72_RATsIONAL'NAJa">f=g</formula>
    <formula uri="http://libmeta.ru/me/formula/aux/1000_73_RATsIONAL'NAJa">u \cap V</formula>
    <formula uri="http://libmeta.ru/me/formula/aux/1000_74_RATsIONAL'NAJa">x</formula>
    <formula uri="http://libmeta.ru/me/formula/aux/1000_75_RATsIONAL'NAJa">k(x)</formula>
    <formula uri="http://libmeta.ru/me/formula/aux/1000_76_RATsIONAL'NAJa">x=\operatorname{spec} R</formula>
    <formula uri="http://libmeta.ru/me/formula/aux/1000_77_RATsIONAL'NAJa">p . \not</formula>
    <formula uri="http://libmeta.ru/me/formula/aux/1000_78_RATsIONAL'NAJa">x</formula>
    <formula uri="http://libmeta.ru/me/formula/aux/1000_79_RATsIONAL'NAJa">r</formula>
    <formula uri="http://libmeta.ru/me/formula/aux/1000_80_RATsIONAL'NAJa">k</formula>
    <formula uri="http://libmeta.ru/me/formula/aux/1000_81_RATsIONAL'NAJa">k(x)</formula>
    <formula uri="http://libmeta.ru/me/formula/aux/1000_82_RATsIONAL'NAJa">x</formula>
    <formula uri="http://libmeta.ru/me/formula/aux/1000_83_RATsIONAL'NAJa">x</formula>
    <formula uri="http://libmeta.ru/me/formula/aux/1000_84_RATsIONAL'NAJa">k</formula>
    <formula uri="http://libmeta.ru/me/formula/aux/1000_85_RATsIONAL'NAJa">k(x)</formula>
    <formula uri="http://libmeta.ru/me/formula/aux/1000_86_RATsIONAL'NAJa">k</formula>
    <formula uri="http://libmeta.ru/me/formula/aux/1000_87_RATsIONAL'NAJa">x</formula>
    <formula uri="http://libmeta.ru/me/formula/aux/1000_88_RATsIONAL'NAJa">\mathrm{p}^{n}</formula>
    <formula uri="http://libmeta.ru/me/formula/aux/1000_89_RATsIONAL'NAJa">x</formula>
    <formula uri="http://libmeta.ru/me/formula/aux/1000_90_RATsIONAL'NAJa">h^{0}\left(x, \Omega_{X}^{k}\right)</formula>
    <formula uri="http://libmeta.ru/me/formula/aux/1000_91_RATsIONAL'NAJa">k</formula>
    <formula uri="http://libmeta.ru/me/formula/aux/1000_92_RATsIONAL'NAJa">x</formula>
    <formula uri="http://libmeta.ru/me/formula/aux/1000_93_RATsIONAL'NAJa">k_{\boldsymbol{x}}</formula>
    <formula uri="http://libmeta.ru/me/formula/aux/1000_94_RATsIONAL'NAJa">x</formula>
    <formula uri="http://libmeta.ru/me/formula/aux/1000_95_RATsIONAL'NAJa">р</formula>
    <formula uri="http://libmeta.ru/me/formula/aux/1000_96_RATsIONAL'NAJa">x</formula>
    <formula uri="http://libmeta.ru/me/formula/aux/1000_97_RATsIONAL'NAJa">\operatorname{dim}_{k} X=1</formula>
    <formula uri="http://libmeta.ru/me/formula/aux/1000_98_RATsIONAL'NAJa">x</formula>
    <formula uri="http://libmeta.ru/me/formula/aux/1000_99_RATsIONAL'NAJa">x</formula>
    <formula uri="http://libmeta.ru/me/formula/aux/1000_100_RATsIONAL'NAJa">\operatorname{dim}_{k} X=2</formula>
    <formula uri="http://libmeta.ru/me/formula/aux/1000_101_RATsIONAL'NAJa">p_{2}=0</formula>
    <formula uri="http://libmeta.ru/me/formula/aux/1000_102_RATsIONAL'NAJa">x-</formula>
    <formula uri="http://libmeta.ru/me/formula/aux/1000_103_RATsIONAL'NAJa">\operatorname{dim}_{k} X \geqslant 3</formula>
  </formulas_aux>
  <relations n="3">
    <relation uri="http://libmeta.ru/me/relation/1000_1_RATsIONAL'NAJa">
      <rel_text>Люрота проблемы</rel_text>
      <target>http://libmeta.ru/me/article/497_LJuROTA</target>
    </relation>
    <relation uri="http://libmeta.ru/me/relation/1000_2_RATsIONAL'NAJa">
      <rel_text>рациональная поверхность</rel_text>
      <target>http://libmeta.ru/me/article/999_RATsIONAL'NAJa</target>
    </relation>
    <relation uri="http://libmeta.ru/me/relation/1000_3_RATsIONAL'NAJa">
      <rel_text>кратный</rel_text>
      <target>http://libmeta.ru/me/article/82_KRATNO</target>
    </relation>
  </relations>
  <text>1) Р. Ф.- Функция $URI[[http://libmeta.ru/me/formula/aux/1000_1_RATsIONAL'NAJa]]/URI$, где $URI[[http://libmeta.ru/me/formula/aux/1000_2_RATsIONAL'NAJa]]/URI$ - рациональное выражение от $URI[[http://libmeta.ru/me/formula/aux/1000_3_RATsIONAL'NAJa]]/URI$, т. е. выражение, полученное из независимого переменного $URI[[http://libmeta.ru/me/formula/aux/1000_4_RATsIONAL'NAJa]]/URI$ и нек-рого конечного набора чисел (действительных или комплексных) посредством конечного числа арифметич. действий. Р. Ф. можно записать (не единственным образом) в виде

\[
URI[[http://libmeta.ru/me/formula/main/1000_1_RATsIONAL'NAJa]]/URI
\]

где $URI[[http://libmeta.ru/me/formula/aux/1000_5_RATsIONAL'NAJa]]/URI$ - многочлены, $URI[[http://libmeta.ru/me/formula/aux/1000_6_RATsIONAL'NAJa]]/URI$. Коәффициенты этих многочленов наз. к о ә фи ц и е н т а м и Р. ф. Дробь $URI[[http://libmeta.ru/me/formula/aux/1000_7_RATsIONAL'NAJa]]/URI$ наз. несократимой, если $URI[[http://libmeta.ru/me/formula/aux/1000_8_RATsIONAL'NAJa]]/URI$ не имеют общих нулей (то есть $URI[[http://libmeta.ru/me/formula/aux/1000_9_RATsIONAL'NAJa]]/URI$ - взаимно простые многочлены). Всякую Р. ф. можно записать в виде несократимой дроби $URI[[http://libmeta.ru/me/formula/aux/1000_10_RATsIONAL'NAJa]]/URI$; если при әтом $URI[[http://libmeta.ru/me/formula/aux/1000_11_RATsIONAL'NAJa]]/URI$ имеет степень $URI[[http://libmeta.ru/me/formula/aux/1000_12_RATsIONAL'NAJa]]/URI$, а $URI[[http://libmeta.ru/me/formula/aux/1000_13_RATsIONAL'NAJa]]/URI$ - степень $URI[[http://libmeta.ru/me/formula/aux/1000_14_RATsIONAL'NAJa]]/URI$, то степенью Р. Ф. $URI[[http://libmeta.ru/me/formula/aux/1000_15_RATsIONAL'NAJa]]/URI$ наз. пару $URI[[http://libmeta.ru/me/formula/aux/1000_16_RATsIONAL'NAJa]]/URI$ или число

\[
URI[[http://libmeta.ru/me/formula/main/1000_2_RATsIONAL'NAJa]]/URI
\]

Р. ф. стенени $URI[[http://libmeta.ru/me/formula/aux/1000_17_RATsIONAL'NAJa]]/URI$ при $URI[[http://libmeta.ru/me/formula/aux/1000_18_RATsIONAL'NAJa]]/URI$, т. е. многочлен, наз. це ло й рационально й функцие ї, в противном случае - д р о бн о-рац и о н а л ь но й $URI[[http://libmeta.ru/me/formula/aux/1000_19_RATsIONAL'NAJa]]/URI$ у н к ц и е й. Р. ф. $URI[[http://libmeta.ru/me/formula/aux/1000_20_RATsIONAL'NAJa]]/URI$ не имеет стенени. При $URI[[http://libmeta.ru/me/formula/aux/1000_21_RATsIONAL'NAJa]]/URI$ дробь $URI[[http://libmeta.ru/me/formula/aux/1000_22_RATsIONAL'NAJa]]/URI$ наз. правильной, при $URI[[http://libmeta.ru/me/formula/aux/1000_23_RATsIONAL'NAJa]]/URI$ неправильної. Неправильную дробь можно единственным образом записать в виде

\[
URI[[http://libmeta.ru/me/formula/main/1000_3_RATsIONAL'NAJa]]/URI
\]

где $URI[[http://libmeta.ru/me/formula/aux/1000_24_RATsIONAL'NAJa]]/URI$ многочлен, наз. целой частью дроби $URI[[http://libmeta.ru/me/formula/aux/1000_25_RATsIONAL'NAJa]]/URI$, а $URI[[http://libmeta.ru/me/formula/aux/1000_26_RATsIONAL'NAJa]]/URI$ - правильная дробь. Правильная дробь с несократимой записью $URI[[http://libmeta.ru/me/formula/aux/1000_27_RATsIONAL'NAJa]]/URI$, где

\[
URI[[http://libmeta.ru/me/formula/main/1000_4_RATsIONAL'NAJa]]/URI
\]

может быть единственным образом разложена в сумму простейıих дробей:

\[
URI[[http://libmeta.ru/me/formula/main/1000_5_RATsIONAL'NAJa]]/URI
\]

Если $URI[[http://libmeta.ru/me/formula/aux/1000_28_RATsIONAL'NAJa]]/URI$ - правильная Р. Ф. с действительными коэффициентами и

$URI[[http://libmeta.ru/me/formula/aux/1000_29_RATsIONAL'NAJa]]/URI$

\[
URI[[http://libmeta.ru/me/formula/main/1000_6_RATsIONAL'NAJa]]/URI
\]

где $URI[[http://libmeta.ru/me/formula/aux/1000_30_RATsIONAL'NAJa]]/URI$ - действительные числа, $URI[[http://libmeta.ru/me/formula/aux/1000_31_RATsIONAL'NAJa]]/URI$, то $URI[[http://libmeta.ru/me/formula/aux/1000_32_RATsIONAL'NAJa]]/URI$ также единственным образом представляется в виде

\[
URI[[http://libmeta.ru/me/formula/main/1000_7_RATsIONAL'NAJa]]/URI
\]

где все коэффициенты действительны. Эти коэффициенты, как и $URI[[http://libmeta.ru/me/formula/aux/1000_33_RATsIONAL'NAJa]]/URI$ в (1), могут быть найдены неопределенных коәффициентов методом.

Р. ф. степени $URI[[http://libmeta.ru/me/formula/aux/1000_34_RATsIONAL'NAJa]]/URI$ в несократимой записи определена и аналитична в расширенной комплексной плоскости (т. е. плоскости, дополненной точкой $URI[[http://libmeta.ru/me/formula/aux/1000_35_RATsIONAL'NAJa]]/URI$ ) за исключением конечного числа особых точек- полюсов в нуля ке $URI[[http://libmeta.ru/me/formula/aux/1000_36_RATsIONAL'NAJa]]/URI$; при этом сумма кратностей полюсов функции $URI[[http://libmeta.ru/me/formula/aux/1000_37_RATsIONAL'NAJa]]/URI$ равна ее степени $URI[[http://libmeta.ru/me/formula/aux/1000_38_RATsIONAL'NAJa]]/URI$. Обратно, всякая аналитич функция, имеющая в расширенной комплексної плоскости в качестве особых точек только полюсы, является Р. ф.

В результате арифметич. действий над Р. Ф. получают также Р. ф. (деление на $URI[[http://libmeta.ru/me/formula/aux/1000_39_RATsIONAL'NAJa]]/URI$ исключается), так что все Р. ф. образуют поле; вообце, Р. ф. с коәфффициентами из нек-рого поля образуют поле. Если $URI[[http://libmeta.ru/me/formula/aux/1000_40_RATsIONAL'NAJa]]/URI$ суть Р. ф., то и $URI[[http://libmeta.ru/me/formula/aux/1000_41_RATsIONAL'NAJa]]/URI$ является Р. ф. Производная порядка $URI[[http://libmeta.ru/me/formula/aux/1000_42_RATsIONAL'NAJa]]/URI$ от Р. ф. степени $URI[[http://libmeta.ru/me/formula/aux/1000_43_RATsIONAL'NAJa]]/URI$ есть $URI[[http://libmeta.ru/me/formula/aux/1000_44_RATsIONAL'NAJa]]/URI$. $URI[[http://libmeta.ru/me/formula/aux/1000_45_RATsIONAL'NAJa]]/URI$. степени $URI[[http://libmeta.ru/me/formula/aux/1000_46_RATsIONAL'NAJa]]/URI$. Неопределенный интеграл (первообразная) от Р. Ф. представляет собой сумму нек-рой P. Ф. и выражений вида $URI[[http://libmeta.ru/me/formula/aux/1000_47_RATsIONAL'NAJa]]/URI$. Если P. ф. $URI[[http://libmeta.ru/me/formula/aux/1000_48_RATsIONAL'NAJa]]/URI$ действительна при действителіьном $URI[[http://libmeta.ru/me/formula/aux/1000_49_RATsIONAL'NAJa]]/URI$, то неопределенный интеграл $URI[[http://libmeta.ru/me/formula/aux/1000_50_RATsIONAL'NAJa]]/URI$ может быть записан в виде суммы нек-рой Р. ф. $URI[[http://libmeta.ru/me/formula/aux/1000_51_RATsIONAL'NAJa]]/URI$ с действительными коэффициентами, выражений вида

\[
URI[[http://libmeta.ru/me/formula/main/1000_8_RATsIONAL'NAJa]]/URI
\]\[
URI[[http://libmeta.ru/me/formula/main/1000_9_RATsIONAL'NAJa]]/URI
\]

и произвольной постоянной $URI[[http://libmeta.ru/me/formula/aux/1000_52_RATsIONAL'NAJa]]/URI$ (здесь числа $URI[[http://libmeta.ru/me/formula/aux/1000_53_RATsIONAL'NAJa]]/URI$, $URI[[http://libmeta.ru/me/formula/aux/1000_54_RATsIONAL'NAJa]]/URI$ - те же, что и в (2), $URI[[http://libmeta.ru/me/formula/aux/1000_55_RATsIONAL'NAJa]]/URI$ - нек-рые действительные числа). Функцию $URI[[http://libmeta.ru/me/formula/aux/1000_56_RATsIONAL'NAJa]]/URI$ по Остроградского методу можно найти, минуя разложение $URI[[http://libmeta.ru/me/formula/aux/1000_57_RATsIONAL'NAJa]]/URI$ на простейшие дроби (2).

Удобные для вычислениї, Р. Ф. используются для приближенного представления функций. Рассматриваются также Р. ф. от нескольких действительных или комплексных переменных $URI[[http://libmeta.ru/me/formula/aux/1000_58_RATsIONAL'NAJa]]/URI$, где $URI[[http://libmeta.ru/me/formula/aux/1000_59_RATsIONAL'NAJa]]/URI$ - многочлены от соответствующих переменных $URI[[http://libmeta.ru/me/formula/aux/1000_60_RATsIONAL'NAJa]]/URI$, а также абстрактные P. ф.

\[
URI[[http://libmeta.ru/me/formula/main/1000_10_RATsIONAL'NAJa]]/URI
\]

где $URI[[http://libmeta.ru/me/formula/aux/1000_61_RATsIONAL'NAJa]]/URI$ линейно независимая система непрерывных функций на нек-ром бикомпакте $URI[[http://libmeta.ru/me/formula/aux/1000_62_RATsIONAL'NAJa]]/URI$, a $URI[[http://libmeta.ru/me/formula/aux/1000_63_RATsIONAL'NAJa]]/URI$ - числа. См. также Дробно-линейная функция, Жуковского функция.

Лum.: [1] П р и в а л о в И. И., Введение в теорию функций комплексного переменного, 12 изд., М., 1977; [2] К у р о ш А. Г.,
Курс высшей алгебры, 11 изд., М., 1975. Е. П. Долженко.

2) Р. ф. на а лг е б р аи че с ко м много о бр а зи и - обобщение классич. понятия рациональной функции (см. п. 1). Р. ф.. на неприводимом алгебраич. многообразии $URI[[http://libmeta.ru/me/formula/aux/1000_64_RATsIONAL'NAJa]]/URI$ - это класс эквивалентности пар $URI[[http://libmeta.ru/me/formula/aux/1000_65_RATsIONAL'NAJa]]/URI$, где $URI[[http://libmeta.ru/me/formula/aux/1000_66_RATsIONAL'NAJa]]/URI$ - непустое открытое подмножество в $URI[[http://libmeta.ru/me/formula/aux/1000_67_RATsIONAL'NAJa]]/URI$, a $URI[[http://libmeta.ru/me/formula/aux/1000_68_RATsIONAL'NAJa]]/URI$ - регулярная функция на $URI[[http://libmeta.ru/me/formula/aux/1000_69_RATsIONAL'NAJa]]/URI$. Две пары $URI[[http://libmeta.ru/me/formula/aux/1000_70_RATsIONAL'NAJa]]/URI$ и $URI[[http://libmeta.ru/me/formula/aux/1000_71_RATsIONAL'NAJa]]/URI$ наз. әквивалентными, если $URI[[http://libmeta.ru/me/formula/aux/1000_72_RATsIONAL'NAJa]]/URI$ на $URI[[http://libmeta.ru/me/formula/aux/1000_73_RATsIONAL'NAJa]]/URI$. Р. ф. на $URI[[http://libmeta.ru/me/formula/aux/1000_74_RATsIONAL'NAJa]]/URI$ образуют поле, обозначаемое $URI[[http://libmeta.ru/me/formula/aux/1000_75_RATsIONAL'NAJa]]/URI$.

В случае, когда $URI[[http://libmeta.ru/me/formula/aux/1000_76_RATsIONAL'NAJa]]/URI$ - аффинное неприводимое многообразие, поле $URI[[http://libmeta.ru/me/formula/aux/1000_77_RATsIONAL'NAJa]]/URI$. на $URI[[http://libmeta.ru/me/formula/aux/1000_78_RATsIONAL'NAJa]]/URI$ совпадает с полем частных кольца $URI[[http://libmeta.ru/me/formula/aux/1000_79_RATsIONAL'NAJa]]/URI$. Степень трансцендентности над $URI[[http://libmeta.ru/me/formula/aux/1000_80_RATsIONAL'NAJa]]/URI$ поля $URI[[http://libmeta.ru/me/formula/aux/1000_81_RATsIONAL'NAJa]]/URI$ наз. р а з м е р н о с т ь ю мн о го обра зи я $URI[[http://libmeta.ru/me/formula/aux/1000_82_RATsIONAL'NAJa]]/URI$.

Лum.: [1] Шा а ф а р е в и ч И. Р., Основы алгебраической

![](https://cdn.mathpix.com/cropped/2023_07_08_dbe891fd20752c9d7fecg-1.jpg?height=47&amp;width=791&amp;top_left_y=721&amp;top_left_x=160)
ское многообразие $URI[[http://libmeta.ru/me/formula/aux/1000_83_RATsIONAL'NAJa]]/URI$ над алгебраически замкнутым полем $URI[[http://libmeta.ru/me/formula/aux/1000_84_RATsIONAL'NAJa]]/URI$, поле рациональных функций $URI[[http://libmeta.ru/me/formula/aux/1000_85_RATsIONAL'NAJa]]/URI$ к-рого изоморфно чисто трансцендентному расширению конечной степени поля $URI[[http://libmeta.ru/me/formula/aux/1000_86_RATsIONAL'NAJa]]/URI$. Другими словами, Р. м.- это алгебраич. многообразие $URI[[http://libmeta.ru/me/formula/aux/1000_87_RATsIONAL'NAJa]]/URI$, бирационально изоморфное проективному пространству $URI[[http://libmeta.ru/me/formula/aux/1000_88_RATsIONAL'NAJa]]/URI$.

Полное гладкое P. м. $URI[[http://libmeta.ru/me/formula/aux/1000_89_RATsIONAL'NAJa]]/URI$ обладает следующими бирациональными инвариантами. Размерности всех пространств $URI[[http://libmeta.ru/me/formula/aux/1000_90_RATsIONAL'NAJa]]/URI$ регулярных дифференциалыных $URI[[http://libmeta.ru/me/formula/aux/1000_91_RATsIONAL'NAJa]]/URI$-форм на $URI[[http://libmeta.ru/me/formula/aux/1000_92_RATsIONAL'NAJa]]/URI$ равны 0 . Кроме того, кратный род

\[
URI[[http://libmeta.ru/me/formula/main/1000_11_RATsIONAL'NAJa]]/URI
\]

где $URI[[http://libmeta.ru/me/formula/aux/1000_93_RATsIONAL'NAJa]]/URI$ - канонич. дивизор алгебраич. многообразия $URI[[http://libmeta.ru/me/formula/aux/1000_94_RATsIONAL'NAJa]]/URI$, т. е. кодаировская размерность $URI[[http://libmeta.ru/me/formula/aux/1000_95_RATsIONAL'NAJa]]/URI$. м. $URI[[http://libmeta.ru/me/formula/aux/1000_96_RATsIONAL'NAJa]]/URI$ равна 0.

В малых размерностях перечисленные выше инварианты однозначно выделяют класс Р. м. среди всех алгебраич. многообразий. Так, если $URI[[http://libmeta.ru/me/formula/aux/1000_97_RATsIONAL'NAJa]]/URI$ и род алгебраич. кривой $URI[[http://libmeta.ru/me/formula/aux/1000_98_RATsIONAL'NAJa]]/URI$ равен 0 , то $URI[[http://libmeta.ru/me/formula/aux/1000_99_RATsIONAL'NAJa]]/URI$ - рациональная кривая. Если $URI[[http://libmeta.ru/me/formula/aux/1000_100_RATsIONAL'NAJa]]/URI$, а ариф্ометич. род

\[
URI[[http://libmeta.ru/me/formula/main/1000_12_RATsIONAL'NAJa]]/URI
\]

и URI[[http://libmeta.ru/me/relation/1000_3_RATsIONAL'NAJa]]/URI род $URI[[http://libmeta.ru/me/formula/aux/1000_101_RATsIONAL'NAJa]]/URI$, то $URI[[http://libmeta.ru/me/formula/aux/1000_102_RATsIONAL'NAJa]]/URI$ URI[[http://libmeta.ru/me/relation/1000_2_RATsIONAL'NAJa]]/URI. Однако в случае $URI[[http://libmeta.ru/me/formula/aux/1000_103_RATsIONAL'NAJa]]/URI$ нет хорошего критерия рациональности из-за отрицательного ретіения URI[[http://libmeta.ru/me/relation/1000_1_RATsIONAL'NAJa]]/URI.</text>
  <text_orig>1) Р. Ф.- Функция $w=R(z)$, где $R(z)$ - рациональное выражение от $z$, т. е. выражение, полученное из независимого переменного $z$ и нек-рого конечного набора чисел (действительных или комплексных) посредством конечного числа арифметич. действий. Р. Ф. можно записать (не единственным образом) в виде

\[
R(z)=\frac{P(z)}{Q(z)},
\]

где $P, Q$ - многочлены, $Q(z) \neq 0$. Коәффициенты этих многочленов наз. к о ә фи ц и е н т а м и Р. ф. Дробь $P / Q$ наз. несократимой, если $P, Q$ не имеют общих нулей (то есть $P, Q$ - взаимно простые многочлены). Всякую Р. ф. можно записать в виде несократимой дроби $R(z)=P(z) / Q(z)$; если при әтом $P$ имеет степень $m$, а $Q$ - степень $n$, то степенью Р. Ф. $R(z)$ наз. пару $(m, n)$ или число

\[
N=\max \{m, n\} \text {. }
\]

Р. ф. стенени $(m, n)$ при $n=0$, т. е. многочлен, наз. це ло й рационально й функцие ї, в противном случае - д р о бн о-рац и о н а л ь но й $ф$ у н к ц и е й. Р. ф. $R(z) \equiv 0$ не имеет стенени. При $m&lt;n$ дробь $R$ наз. правильной, при $m \geqslant n-$ неправильної. Неправильную дробь можно единственным образом записать в виде

\[
\frac{P}{Q}=P_{1}+\frac{P_{2}}{Q}
\]

где $P_{1}-$ многочлен, наз. целой частью дроби $P / Q$, а $P_{2} / Q$ - правильная дробь. Правильная дробь с несократимой записью $R(z)=P(z) / Q(z)$, где

\[
Q(z)=b\left(z-b_{1}\right)^{n} \ldots\left(z-b_{l}\right)^{n} l
\]

может быть единственным образом разложена в сумму простейıих дробей:

\[
R(z)=\sum_{i=1}^{l} \frac{c_{i_{1}}}{z-b_{i}}+\frac{c_{i_{2}}}{\left(z-b_{i}\right)^{2}}+\ldots+\frac{c_{i_{n}}}{\left(z-b_{i}\right)^{n}} .
\]

Если $\boldsymbol{P}(x) / Q(x)$ - правильная Р. Ф. с действительными коэффициентами и

$Q(x)=b_{0}\left(x-b_{1}\right)^{l_{1}} \ldots\left(x-b_{r}\right)^{l_{r}}\left(x^{2}+p_{1} x+q_{1}\right)^{t_{1}} \ldots$

\[
\ldots\left(x^{2}+p_{s} x+q_{s}\right)^{t_{s}}
\]

где $b_{0}, b_{1}, \ldots, b_{r}, p_{1}, q_{1}, \ldots, p_{s}, q_{s}$ - действительные числа, $p_{j}^{2}-4 q_{j}&lt;0, j=1, \ldots, s$, то $P(x) / Q(x)$ также единственным образом представляется в виде

\[
\begin{aligned}
&amp; \frac{P(x)}{Q(x)}=\sum_{i=1}^{r}\left[\frac{c_{i_{1}}}{x-b_{i}}+\frac{c_{i_{2}}}{\left(x-b_{i}\right)^{2}}+\ldots+\frac{{ }^{c_{i}} l_{i}}{\left(x-b_{i}\right)^{l}}\right]+ \\
&amp; +\sum_{j=1}^{s}\left[\frac{D_{j_{1}}{ }^{x+E} j_{1}}{x^{2}+p_{j}{ }^{x+q}}+\frac{D_{j}{ }_{j}{ }^{x+E_{j_{2}}}}{\left(x^{2}+p_{j}{ }^{x+q_{j}}\right)^{2}}+\ldots\right. \\
&amp; \left.\cdots+\frac{D_{j t_{j}} x+E_{j_{t}}}{\left(x^{2}+p_{j} x+q_{j}\right)^{t_{j}}}\right]
\end{aligned}
\]

где все коэффициенты действительны. Эти коэффициенты, как и $c_{i_{j}}$ в (1), могут быть найдены неопределенных коәффициентов методом.

Р. ф. степени $(m, n)$ в несократимой записи определена и аналитична в расширенной комплексной плоскости (т. е. плоскости, дополненной точкой $z=\infty$ ) за исключением конечного числа особых точек- полюсов в нуля ке $\infty$; при этом сумма кратностей полюсов функции $R$ равна ее степени $N$. Обратно, всякая аналитич функция, имеющая в расширенной комплексної плоскости в качестве особых точек только полюсы, является Р. ф.

В результате арифметич. действий над Р. Ф. получают также Р. ф. (деление на $R(z) \equiv 0$ исключается), так что все Р. ф. образуют поле; вообце, Р. ф. с коәфффициентами из нек-рого поля образуют поле. Если $R_{1}(z), R_{2}(z)$ суть Р. ф., то и $R_{1}\left(R_{2}(z)\right)$ является Р. ф. Производная порядка $p$ от Р. ф. степени $N$ есть $\mathrm{P}$. $ф$. степени $\leqslant(p+1) N$. Неопределенный интеграл (первообразная) от Р. Ф. представляет собой сумму нек-рой P. Ф. и выражений вида $c_{r} \ln \left(z-b_{r}\right)$. Если P. ф. $R(x)$ действительна при действителіьном $x$, то неопределенный интеграл $\int R(x) d x$ может быть записан в виде суммы нек-рой Р. ф. $R_{0}(x)$ с действительными коэффициентами, выражений вида

\[
c_{i_{1}} \ln \left|x-b_{i}\right|, \quad M_{j} \ln \left(x^{2}+p_{j} x+q_{j}\right),
\]\[
N_{j} \operatorname{arctg} \frac{2 x+p_{j}}{\sqrt{4 q_{j}-p_{j}^{2}}}, i=1, \ldots, r ; j=1, \ldots, s \text {, }
\]

и произвольной постоянной $C$ (здесь числа $c_{i_{1}}, b_{i}$, $p_{j}, q_{j}$ - те же, что и в (2), $M_{j}, N_{j}$ - нек-рые действительные числа). Функцию $R_{0}(x)$ по Остроградского методу можно найти, минуя разложение $R(x)$ на простейшие дроби (2).

Удобные для вычислениї, Р. Ф. используются для приближенного представления функций. Рассматриваются также Р. ф. от нескольких действительных или комплексных переменных $R=P / Q$, где $P, Q$ - многочлены от соответствующих переменных $(Q \neq 0)$, а также абстрактные P. ф.

\[
R=\frac{A_{1} \Phi_{1}+\ldots+A_{m} \Phi_{m}}{B_{1} \Phi_{1}+\ldots+B_{n} \Phi_{n}}
\]

где $\Phi_{1}, \Phi_{2}, \ldots-$ линейно независимая система непрерывных функций на нек-ром бикомпакте $X$, a $A_{1}, \ldots, A_{m}, \dot{B}_{1}, \ldots, B_{n}$ - числа. См. также Дробно-линейная функция, Жуковского функция.

Лum.: [1] П р и в а л о в И. И., Введение в теорию функций комплексного переменного, 12 изд., М., 1977; [2] К у р о ш А. Г.,
Курс высшей алгебры, 11 изд., М., 1975. Е. П. Долженко.

2) Р. ф. на а лг е б р аи че с ко м много о бр а зи и - обобщение классич. понятия рациональной функции (см. п. 1). Р. ф.. на неприводимом алгебраич. многообразии $X$ - это класс эквивалентности пар $(U, f)$, где $X$ - непустое открытое подмножество в $X$, a $f$ - регулярная функция на $U$. Две пары $(U, f)$ и $(V, g)$ наз. әквивалентными, если $f=g$ на $U \cap V$. Р. ф. на $X$ образуют поле, обозначаемое $k(X)$.

В случае, когда $X=\operatorname{Spec} R$ - аффинное неприводимое многообразие, поле $P . \not$. на $X$ совпадает с полем частных кольца $R$. Степень трансцендентности над $k$ поля $k(X)$ наз. р а з м е р н о с т ь ю мн о го обра зи я $X$.

Лum.: [1] Шा а ф а р е в и ч И. Р., Основы алгебраической

![](https://cdn.mathpix.com/cropped/2023_07_08_dbe891fd20752c9d7fecg-1.jpg?height=47&amp;width=791&amp;top_left_y=721&amp;top_left_x=160)
ское многообразие $X$ над алгебраически замкнутым полем $k$, поле рациональных функций $k(X)$ к-рого изоморфно чисто трансцендентному расширению конечной степени поля $k$. Другими словами, Р. м.- это алгебраич. многообразие $X$, бирационально изоморфное проективному пространству $\mathrm{P}^{n}$.

Полное гладкое P. м. $X$ обладает следующими бирациональными инвариантами. Размерности всех пространств $H^{0}\left(X, \Omega_{X}^{k}\right)$ регулярных дифференциалыных $k$-форм на $X$ равны 0 . Кроме того, кратный род

\[
P_{n}=\operatorname{dim}_{k} H^{0}\left(X, O_{X}\left(n K_{X}\right)\right)=0 \text { при } n&gt;0,
\]

где $K_{\boldsymbol{X}}$ - канонич. дивизор алгебраич. многообразия $X$, т. е. кодаировская размерность $Р$. м. $X$ равна 0.

В малых размерностях перечисленные выше инварианты однозначно выделяют класс Р. м. среди всех алгебраич. многообразий. Так, если $\operatorname{dim}_{k} X=1$ и род алгебраич. кривой $X$ равен 0 , то $X$ - рациональная кривая. Если $\operatorname{dim}_{k} X=2$, а ариф্ометич. род

\[
p_{a}=\operatorname{dim}_{k} H^{0}\left(X, \Omega_{X}^{2}\right)-\operatorname{dim}_{k} H^{0}\left(X, \Omega_{X}^{1}\right)=0
\]

и кратный род $P_{2}=0$, то $X-$ рациональная поверхность. Однако в случае $\operatorname{dim}_{k} X \geqslant 3$ нет хорошего критерия рациональности из-за отрицательного ретіения Люрота проблемы.

Лит.: [1] Ш а ф а р е в и ч И. Р., Основы алгебраической геометрии, М., 1972 . Вик. С. Куликов.</text_orig>
</article>
