<?xml version="1.0" ?>
<article uri="http://libmeta.ru/me/article/1001_ChZhOU" alphabetic_pos="1001">
  <title>ЧЖОУ МНОГООБРАЗИЕ</title>
  <authors/>
  <pages>
    <start>432</start>
    <end>433</end>
  </pages>
  <literature>
    <literature_orig>Jum.: [1] V a n der W a e r d e n B. L. $\mathrm{c}$ h o w W.-L., &quot;math. Ann.», 1937, Bd 113, S. $692-704 ;$ [2] H a r r i s J.,M u m o r d D., &quot;invent. Math». 1982, v. 67, p. $23-86:$ [3] Х о д ж В., П и д о Д., Методы алгебраической геометрии, пер. с англ., т. 2, М., 1954; [4] Iш а ф а р е в ич И. Р., Основы алгеб-раической геометрии, М., 1972.Вал. С. Куликов. раической геометрии, М., 1972.</literature_orig>
    <unit>
      <author>Vander Waerden B.L.$\mathrm{c}$how W.- L.</author>
      <title>&quot;math. Ann.»</title>
      <publication/>
      <year>1937</year>
      <other>Bd 113, S. $692-704 ;$</other>
    </unit>
    <unit>
      <author>Harris J.</author>
      <author>Mumord D.</author>
      <title/>
      <publication/>
      <year/>
      <other>&quot;invent. Math». 1982, v. 67, p. $23-86:$</other>
    </unit>
    <unit>
      <author>Ходж В.</author>
      <author>Пидо Д.</author>
      <title>Методы алгебраической геометрии</title>
      <publication>пер. с англ., т. 2, М.</publication>
      <year>1954</year>
      <other/>
    </unit>
    <unit>
      <author>Iшафаревич И. Р.</author>
      <title>Основы алгеб-раической геометрии</title>
      <publication>М.</publication>
      <year>1972</year>
      <other>М., 1972.</other>
    </unit>
  </literature>
  <formulas_main>
    <formula uri="http://libmeta.ru/me/formula/main/1001_1_ChZhOU">\Gamma=\left\{x, u^{(0)}, \ldots, u^{(r)} \mid x \in u^{(i)} \text { при } i=0, \ldots, r\right\} .</formula>
  </formulas_main>
  <formulas_aux>
    <formula uri="http://libmeta.ru/me/formula/aux/1001_1_ChZhOU">x</formula>
    <formula uri="http://libmeta.ru/me/formula/aux/1001_2_ChZhOU">r</formula>
    <formula uri="http://libmeta.ru/me/formula/aux/1001_3_ChZhOU">d</formula>
    <formula uri="http://libmeta.ru/me/formula/aux/1001_4_ChZhOU">p^{n}</formula>
    <formula uri="http://libmeta.ru/me/formula/aux/1001_5_ChZhOU">x \times\left(\check{P}^{n}\right)^{\boldsymbol{r}+1}</formula>
    <formula uri="http://libmeta.ru/me/formula/aux/1001_6_ChZhOU">\check{\boldsymbol{p}}^{n}</formula>
    <formula uri="http://libmeta.ru/me/formula/aux/1001_7_ChZhOU">p^{n}</formula>
    <formula uri="http://libmeta.ru/me/formula/aux/1001_8_ChZhOU">u \subset P^{n}</formula>
    <formula uri="http://libmeta.ru/me/formula/aux/1001_9_ChZhOU">p_{2}(\gamma) \subset(\check{P} n)^{r+1}</formula>
    <formula uri="http://libmeta.ru/me/formula/aux/1001_10_ChZhOU">\left(\breve{\boldsymbol{p}}^{n}\right)^{r+1}</formula>
    <formula uri="http://libmeta.ru/me/formula/aux/1001_11_ChZhOU">f_{x}</formula>
    <formula uri="http://libmeta.ru/me/formula/aux/1001_12_ChZhOU">r+1</formula>
    <formula uri="http://libmeta.ru/me/formula/aux/1001_13_ChZhOU">n+1</formula>
    <formula uri="http://libmeta.ru/me/formula/aux/1001_14_ChZhOU">d</formula>
    <formula uri="http://libmeta.ru/me/formula/aux/1001_15_ChZhOU">f_{x}</formula>
    <formula uri="http://libmeta.ru/me/formula/aux/1001_16_ChZhOU">x</formula>
    <formula uri="http://libmeta.ru/me/formula/aux/1001_17_ChZhOU">x</formula>
    <formula uri="http://libmeta.ru/me/formula/aux/1001_18_ChZhOU">f_{x}</formula>
    <formula uri="http://libmeta.ru/me/formula/aux/1001_19_ChZhOU">x</formula>
    <formula uri="http://libmeta.ru/me/formula/aux/1001_20_ChZhOU">x</formula>
    <formula uri="http://libmeta.ru/me/formula/aux/1001_21_ChZhOU">c(x) \in P^{v}</formula>
    <formula uri="http://libmeta.ru/me/formula/aux/1001_22_ChZhOU">v</formula>
    <formula uri="http://libmeta.ru/me/formula/aux/1001_23_ChZhOU">n, r, d</formula>
    <formula uri="http://libmeta.ru/me/formula/aux/1001_24_ChZhOU">c(x) \in P^{v}</formula>
    <formula uri="http://libmeta.ru/me/formula/aux/1001_25_ChZhOU">x \subset P^{n}</formula>
    <formula uri="http://libmeta.ru/me/formula/aux/1001_26_ChZhOU">r</formula>
    <formula uri="http://libmeta.ru/me/formula/aux/1001_27_ChZhOU">d</formula>
    <formula uri="http://libmeta.ru/me/formula/aux/1001_28_ChZhOU">p^{v}</formula>
    <formula uri="http://libmeta.ru/me/formula/aux/1001_29_ChZhOU">c_{n, r, d}</formula>
    <formula uri="http://libmeta.ru/me/formula/aux/1001_30_ChZhOU">r</formula>
    <formula uri="http://libmeta.ru/me/formula/aux/1001_31_ChZhOU">d</formula>
    <formula uri="http://libmeta.ru/me/formula/aux/1001_32_ChZhOU">p^{n}</formula>
    <formula uri="http://libmeta.ru/me/formula/aux/1001_33_ChZhOU">\bar{c}_{n, r, d} \subset P^{v}</formula>
    <formula uri="http://libmeta.ru/me/formula/aux/1001_34_ChZhOU">\mathfrak{x} \stackrel{\pi}{\longrightarrow} \bar{C}_{n, r, d}</formula>
    <formula uri="http://libmeta.ru/me/formula/aux/1001_35_ChZhOU">\mathfrak{x} \subset \bar{C}_{n, r, d} \times P^{n}, \pi</formula>
    <formula uri="http://libmeta.ru/me/formula/aux/1001_36_ChZhOU">\pi^{-1}(c)</formula>
    <formula uri="http://libmeta.ru/me/formula/aux/1001_37_ChZhOU">c(x) \in \bar{C}_{n, r}^{\prime}, d</formula>
    <formula uri="http://libmeta.ru/me/formula/aux/1001_38_ChZhOU">x</formula>
    <formula uri="http://libmeta.ru/me/formula/aux/1001_39_ChZhOU">c_{3,1, d}</formula>
    <formula uri="http://libmeta.ru/me/formula/aux/1001_40_ChZhOU">d</formula>
    <formula uri="http://libmeta.ru/me/formula/aux/1001_41_ChZhOU">p^{3}</formula>
    <formula uri="http://libmeta.ru/me/formula/aux/1001_42_ChZhOU">c_{3,1,1}=\bar{c}_{3,1,1}</formula>
    <formula uri="http://libmeta.ru/me/formula/aux/1001_43_ChZhOU">p^{\bar{s}}</formula>
    <formula uri="http://libmeta.ru/me/formula/aux/1001_44_ChZhOU">\bar{c}_{3,1,2}=c^{(1)} \cup C^{(2)}</formula>
    <formula uri="http://libmeta.ru/me/formula/aux/1001_45_ChZhOU">c^{(1)}</formula>
    <formula uri="http://libmeta.ru/me/formula/aux/1001_46_ChZhOU">c^{(2)}</formula>
    <formula uri="http://libmeta.ru/me/formula/aux/1001_47_ChZhOU">\bar{c}_{3,1,3}</formula>
    <formula uri="http://libmeta.ru/me/formula/aux/1001_48_ChZhOU">c_{3,1, d}</formula>
    <formula uri="http://libmeta.ru/me/formula/aux/1001_49_ChZhOU">d</formula>
    <formula uri="http://libmeta.ru/me/formula/aux/1001_50_ChZhOU">c_{3,1, d}</formula>
    <formula uri="http://libmeta.ru/me/formula/aux/1001_51_ChZhOU">v \subset P^{n}</formula>
    <formula uri="http://libmeta.ru/me/formula/aux/1001_52_ChZhOU">z \subset P^{n}</formula>
    <formula uri="http://libmeta.ru/me/formula/aux/1001_53_ChZhOU">r</formula>
    <formula uri="http://libmeta.ru/me/formula/aux/1001_54_ChZhOU">d</formula>
    <formula uri="http://libmeta.ru/me/formula/aux/1001_55_ChZhOU">v</formula>
    <formula uri="http://libmeta.ru/me/formula/aux/1001_56_ChZhOU">\bar{c}_{r, d}(V) \subset \bar{C}_{n, r} d</formula>
    <formula uri="http://libmeta.ru/me/formula/aux/1001_57_ChZhOU">r</formula>
    <formula uri="http://libmeta.ru/me/formula/aux/1001_58_ChZhOU">z_{r}^{+}(v)=u_{d}&gt;{ }_{0} \bar{C}_{r, d}(V)</formula>
    <formula uri="http://libmeta.ru/me/formula/aux/1001_59_ChZhOU">v</formula>
  </formulas_aux>
  <relations n="3">
    <relation uri="http://libmeta.ru/me/relation/1001_1_ChZhOU">
      <rel_text>Модулей</rel_text>
      <target>http://libmeta.ru/me/article/747_MODUL</target>
    </relation>
    <relation uri="http://libmeta.ru/me/relation/1001_2_ChZhOU">
      <rel_text>Гильберта схема</rel_text>
      <target>http://libmeta.ru/me/article/1034_GIL'BERTA</target>
    </relation>
    <relation uri="http://libmeta.ru/me/relation/1001_3_ChZhOU">
      <rel_text>многообразий</rel_text>
      <target>http://libmeta.ru/me/article/438_MNOGOOBRAZI</target>
    </relation>
  </relations>
  <text>Ч о у с х е м а,- алгебраическое многообразие, точки к-рого параметризуют все алгебраич. подмногообразия $URI[[http://libmeta.ru/me/formula/aux/1001_1_ChZhOU]]/URI$ размерности $URI[[http://libmeta.ru/me/formula/aux/1001_2_ChZhOU]]/URI$ и степени $URI[[http://libmeta.ru/me/formula/aux/1001_3_ChZhOU]]/URI$ шроективного пространства $URI[[http://libmeta.ru/me/formula/aux/1001_4_ChZhOU]]/URI$.

В произведении $URI[[http://libmeta.ru/me/formula/aux/1001_5_ChZhOU]]/URI$, где $URI[[http://libmeta.ru/me/formula/aux/1001_6_ChZhOU]]/URI$-двойственное к $URI[[http://libmeta.ru/me/formula/aux/1001_7_ChZhOU]]/URI$ проективное пространство, параметризующее гиперплоскости $URI[[http://libmeta.ru/me/formula/aux/1001_8_ChZhOU]]/URI$, рассматривается подмногообразие

\[
URI[[http://libmeta.ru/me/formula/main/1001_1_ChZhOU]]/URI
\]

Его образ $URI[[http://libmeta.ru/me/formula/aux/1001_9_ChZhOU]]/URI$ при проекции на второй сомножитель есть гиперповерхность в $URI[[http://libmeta.ru/me/formula/aux/1001_10_ChZhOU]]/URI$, к-рая задается формой $URI[[http://libmeta.ru/me/formula/aux/1001_11_ChZhOU]]/URI$ от $URI[[http://libmeta.ru/me/formula/aux/1001_12_ChZhOU]]/URI$ системы и по $URI[[http://libmeta.ru/me/formula/aux/1001_13_ChZhOU]]/URI$ переменным, однородной степени $URI[[http://libmeta.ru/me/formula/aux/1001_14_ChZhOU]]/URI$ по каждой системе переменных. Форма $URI[[http://libmeta.ru/me/formula/aux/1001_15_ChZhOU]]/URI$ наз. а с с о ц и и р о в а в в о й фо р м о й (или форм о й К эли) многообразия $URI[[http://libmeta.ru/me/formula/aux/1001_16_ChZhOU]]/URI$; она полностью определяет подмногообразие $URI[[http://libmeta.ru/me/formula/aux/1001_17_ChZhOU]]/URI$. Эта форма была введена Б. Л. Ван дер Варденом и В. Чжоу [1]. Коэфффициенты формы $URI[[http://libmeta.ru/me/formula/aux/1001_18_ChZhOU]]/URI$ определены с точностью до постоянного множителя и наз. к о о р д и натам и Ч ж о у многообразия $URI[[http://libmeta.ru/me/formula/aux/1001_19_ChZhOU]]/URI$.

Координаты Чжоу многообразия $URI[[http://libmeta.ru/me/formula/aux/1001_20_ChZhOU]]/URI$ определяют точку $URI[[http://libmeta.ru/me/formula/aux/1001_21_ChZhOU]]/URI$, где $URI[[http://libmeta.ru/me/formula/aux/1001_22_ChZhOU]]/URI$-нек-рая функция от $URI[[http://libmeta.ru/me/formula/aux/1001_23_ChZhOU]]/URI$. Точки $URI[[http://libmeta.ru/me/formula/aux/1001_24_ChZhOU]]/URI$, соответствующие всем неприводимым подмногообразиям $URI[[http://libmeta.ru/me/formula/aux/1001_25_ChZhOU]]/URI$ размерности $URI[[http://libmeta.ru/me/formula/aux/1001_26_ChZhOU]]/URI$ и степени $URI[[http://libmeta.ru/me/formula/aux/1001_27_ChZhOU]]/URI$, заполняют в $URI[[http://libmeta.ru/me/formula/aux/1001_28_ChZhOU]]/URI$ квазипроективное подмногообразие $URI[[http://libmeta.ru/me/formula/aux/1001_29_ChZhOU]]/URI$, называемое м в о г о об р а з и м Ч жо у. Если рассматривать не только неприводимые подмногообразия, но и положительные алгебраич. циклы (т. е. формальные линейные комбинации многообразий с целыми положительными коэффициентами) размерности $URI[[http://libmeta.ru/me/formula/aux/1001_30_ChZhOU]]/URI$ и степени $URI[[http://libmeta.ru/me/formula/aux/1001_31_ChZhOU]]/URI$ в $URI[[http://libmeta.ru/me/formula/aux/1001_32_ChZhOU]]/URI$, то получается замкнутое подмногообразие $URI[[http://libmeta.ru/me/formula/aux/1001_33_ChZhOU]]/URI$, к-рое также наз. многообразием Чжоу. Ч. м. является базой универсального алгебраич. семейства $URI[[http://libmeta.ru/me/formula/aux/1001_34_ChZhOU]]/URI$, где $URI[[http://libmeta.ru/me/formula/aux/1001_35_ChZhOU]]/URI$ индуцировано проекцией и слой $URI[[http://libmeta.ru/me/formula/aux/1001_36_ChZhOU]]/URI$ в точке $URI[[http://libmeta.ru/me/formula/aux/1001_37_ChZhOU]]/URI$ совпадает с циклом $URI[[http://libmeta.ru/me/formula/aux/1001_38_ChZhOU]]/URI$. Простейшими примерами Ч. М. являются многообразия $URI[[http://libmeta.ru/me/formula/aux/1001_39_ChZhOU]]/URI$-кривых степени $URI[[http://libmeta.ru/me/formula/aux/1001_40_ChZhOU]]/URI$ в $URI[[http://libmeta.ru/me/formula/aux/1001_41_ChZhOU]]/URI$. Так, $URI[[http://libmeta.ru/me/formula/aux/1001_42_ChZhOU]]/URI$ - неприводимое многообразие размерности 4, изоморфное квадрике Плюккера в $URI[[http://libmeta.ru/me/formula/aux/1001_43_ChZhOU]]/URI$; $URI[[http://libmeta.ru/me/formula/aux/1001_44_ChZhOU]]/URI$ состоит из двух компонент размерности 8, где $URI[[http://libmeta.ru/me/formula/aux/1001_45_ChZhOU]]/URI$ соответствует плоским кривым 2-го порядка, a $URI[[http://libmeta.ru/me/formula/aux/1001_46_ChZhOU]]/URI$-парам прямых; $URI[[http://libmeta.ru/me/formula/aux/1001_47_ChZhOU]]/URI$ состоит из четырех компонент размерности 12 , к-рые соответствуют тройкам прямых, кривым, состоящим из прямой и плоской квадрики, плоским кубикам, неплоским кривым степени 3. Во всех этих случаях многообразия $URI[[http://libmeta.ru/me/formula/aux/1001_48_ChZhOU]]/URI$ рациональны. Однако из нерациональности схемы модулей кривых достаточно большого рода следует, что при достаточно больших $URI[[http://libmeta.ru/me/formula/aux/1001_49_ChZhOU]]/URI$ многообразия $URI[[http://libmeta.ru/me/formula/aux/1001_50_ChZhOU]]/URI$ нерациональны (см. [2]).

Если $URI[[http://libmeta.ru/me/formula/aux/1001_51_ChZhOU]]/URI$-алгебраич. подмногообразие, то циклы $URI[[http://libmeta.ru/me/formula/aux/1001_52_ChZhOU]]/URI$ размерности $URI[[http://libmeta.ru/me/formula/aux/1001_53_ChZhOU]]/URI$ и степени $URI[[http://libmeta.ru/me/formula/aux/1001_54_ChZhOU]]/URI$, лежащие в $URI[[http://libmeta.ru/me/formula/aux/1001_55_ChZhOU]]/URI$, образуют алгебраич. подмногообразие $URI[[http://libmeta.ru/me/formula/aux/1001_56_ChZhOU]]/URI$. Этот результат позволяет ввести нек-рую алгеброгеометрич. структуру на множестве положительных $URI[[http://libmeta.ru/me/formula/aux/1001_57_ChZhOU]]/URI$-мерных циклов $URI[[http://libmeta.ru/me/formula/aux/1001_58_ChZhOU]]/URI$ многообразня $URI[[http://libmeta.ru/me/formula/aux/1001_59_ChZhOU]]/URI$ (см. [1]).

О других подходах к проблеме классификации URI[[http://libmeta.ru/me/relation/1001_3_ChZhOU]]/URI см. URI[[http://libmeta.ru/me/relation/1001_2_ChZhOU]]/URI, URI[[http://libmeta.ru/me/relation/1001_1_ChZhOU]]/URI проблема.</text>
  <text_orig>Ч о у с х е м а,- алгебраическое многообразие, точки к-рого параметризуют все алгебраич. подмногообразия $X$ размерности $r$ и степени $d$ шроективного пространства $P^{n}$.

В произведении $X \times\left(\check{P}^{n}\right)^{\boldsymbol{r}+1}$, где $\check{\boldsymbol{P}}^{n}$-двойственное к $P^{n}$ проективное пространство, параметризующее гиперплоскости $u \subset P^{n}$, рассматривается подмногообразие

\[
\Gamma=\left\{x, u^{(0)}, \ldots, u^{(r)} \mid x \in u^{(i)} \text { при } i=0, \ldots, r\right\} .
\]

Его образ $p_{2}(\Gamma) \subset(\check{P} n)^{r+1}$ при проекции на второй сомножитель есть гиперповерхность в $\left(\breve{\boldsymbol{P}}^{n}\right)^{r+1}$, к-рая задается формой $F_{X}$ от $r+1$ системы и по $n+1$ переменным, однородной степени $d$ по каждой системе переменных. Форма $F_{X}$ наз. а с с о ц и и р о в а в в о й фо р м о й (или форм о й К эли) многообразия $X$; она полностью определяет подмногообразие $X$. Эта форма была введена Б. Л. Ван дер Варденом и В. Чжоу [1]. Коэфффициенты формы $F_{X}$ определены с точностью до постоянного множителя и наз. к о о р д и натам и Ч ж о у многообразия $X$.

Координаты Чжоу многообразия $X$ определяют точку $c(X) \in P^{v}$, где $v$-нек-рая функция от $n, r, d$. Точки $c(X) \in P^{v}$, соответствующие всем неприводимым подмногообразиям $X \subset P^{n}$ размерности $r$ и степени $d$, заполняют в $P^{v}$ квазипроективное подмногообразие $C_{n, r, d}$, называемое м в о г о об р а з и м Ч жо у. Если рассматривать не только неприводимые подмногообразия, но и положительные алгебраич. циклы (т. е. формальные линейные комбинации многообразий с целыми положительными коэффициентами) размерности $r$ и степени $d$ в $P^{n}$, то получается замкнутое подмногообразие $\bar{C}_{n, r, d} \subset P^{v}$, к-рое также наз. многообразием Чжоу. Ч. м. является базой универсального алгебраич. семейства $\mathfrak{X} \stackrel{\pi}{\longrightarrow} \bar{C}_{n, r, d}$, где $\mathfrak{X} \subset \bar{C}_{n, r, d} \times P^{n}, \pi$ индуцировано проекцией и слой $\pi^{-1}(c)$ в точке $c(X) \in \bar{C}_{n, r}^{\prime}, d$ совпадает с циклом $X$. Простейшими примерами Ч. М. являются многообразия $C_{3,1, d}$-кривых степени $d$ в $P^{3}$. Так, $C_{3,1,1}=\bar{C}_{3,1,1}$ - неприводимое многообразие размерности 4, изоморфное квадрике Плюккера в $P^{\bar{s}}$; $\bar{C}_{3,1,2}=C^{(1)} \cup C^{(2)}$ состоит из двух компонент размерности 8, где $C^{(1)}$ соответствует плоским кривым 2-го порядка, a $C^{(2)}$-парам прямых; $\bar{C}_{3,1,3}$ состоит из четырех компонент размерности 12 , к-рые соответствуют тройкам прямых, кривым, состоящим из прямой и плоской квадрики, плоским кубикам, неплоским кривым степени 3. Во всех этих случаях многообразия $C_{3,1, d}$ рациональны. Однако из нерациональности схемы модулей кривых достаточно большого рода следует, что при достаточно больших $d$ многообразия $C_{3,1, d}$ нерациональны (см. [2]).

Если $V \subset P^{n}$-алгебраич. подмногообразие, то циклы $Z \subset P^{n}$ размерности $r$ и степени $d$, лежащие в $V$, образуют алгебраич. подмногообразие $\bar{C}_{r, d}(V) \subset \bar{C}_{n, r} d$. Этот результат позволяет ввести нек-рую алгеброгеометрич. структуру на множестве положительных $r$-мерных циклов $Z_{r}^{+}(V)=U_{d}&gt;{ }_{0} \bar{C}_{r, d}(V)$ многообразня $V$ (см. [1]).

О других подходах к проблеме классификации многообразий см. Гильберта схема, Модулей проблема.

Jum.: [1] V a n der W a e r d e n B. L. $\mathrm{C}$ h o w W.-L., &quot;Math. Ann.», 1937, Bd 113, S. $692-704 ;$ [2] H a r r i s J.,
M u m o r d D., &quot;Invent. Math». 1982, v. 67, p. $23-86:$ [3] Х о д ж В., П и д о Д., Методы алгебраической геометрии, пер. с англ., т. 2, М., 1954; [4] IШ а ф а р е в ич И. Р., Основы алгеб-
раической геометрии, М., 1972.
Вал. С. Куликов. раической геометрии, М., 1972.</text_orig>
</article>
