<?xml version="1.0" ?>
<article uri="http://libmeta.ru/me/article/1001_NEEROVA" alphabetic_pos="1001">
  <title>НЁЕРОВА ГРУПIА</title>
  <authors>
    <author>В. Н. Ремесленникое</author>
  </authors>
  <pages>
    <start>514</start>
    <end>514</end>
  </pages>
  <literature>
    <literature_orig>Лum.: [1] О л ь шा а н с к и й А. Ю., «докл. Ан Ссср», 1979, т. 245, N․ 4, с. 785-87.</literature_orig>
    <unit>
      <author>Ольшाанский А. Ю.</author>
      <title>«докл. Ан Ссср»</title>
      <publication/>
      <year>1979</year>
      <other>т. 245, N․ 4, с. 785-87.</other>
    </unit>
  </literature>
  <formulas_main/>
  <formulas_aux/>
  <relations n="6">
    <relation uri="http://libmeta.ru/me/relation/1001_1_NEEROVA">
      <rel_text>факторгруппа</rel_text>
      <target>http://libmeta.ru/me/article/664_FAKTORIZATsI</target>
    </relation>
    <relation uri="http://libmeta.ru/me/relation/1001_2_NEEROVA">
      <rel_text>Подгруппа</rel_text>
      <target>http://libmeta.ru/me/article/353_PODGRUPP</target>
    </relation>
    <relation uri="http://libmeta.ru/me/relation/1001_3_NEEROVA">
      <rel_text>кольца</rel_text>
      <target>http://libmeta.ru/me/article/1000_KOL'Ts</target>
    </relation>
    <relation uri="http://libmeta.ru/me/relation/1001_4_NEEROVA">
      <rel_text>кольца</rel_text>
      <target>http://libmeta.ru/me/article/1000_KOL'Ts</target>
    </relation>
    <relation uri="http://libmeta.ru/me/relation/1001_5_NEEROVA">
      <rel_text>подгрупп</rel_text>
      <target>http://libmeta.ru/me/article/353_PODGRUPP</target>
    </relation>
    <relation uri="http://libmeta.ru/me/relation/1001_6_NEEROVA">
      <rel_text>группа</rel_text>
      <target>http://libmeta.ru/me/article/1207_GRUPІІ</target>
    </relation>
  </relations>
  <text>г р у п п а с у с л о в и е м

![](https://cdn.mathpix.com/cropped/2023_07_08_62bae0756977231ffe01g-1.jpg?height=42&amp;width=836&amp;top_left_y=2227&amp;top_left_x=133)
URI[[http://libmeta.ru/me/relation/1001_6_NEEROVA]]/URI, в к-рой любая строго возрастающая цепочка URI[[http://libmeta.ru/me/relation/1001_5_NEEROVA]]/URI обрывается на конечном номере. Названа в честь Э. Нётер (e. Noether), к-рая изучала URI[[http://libmeta.ru/me/relation/1001_4_NEEROVA]]/URI с условием максимальности для идеалов - нётеровы URI[[http://libmeta.ru/me/relation/1001_3_NEEROVA]]/URI. URI[[http://libmeta.ru/me/relation/1001_2_NEEROVA]]/URI и URI[[http://libmeta.ru/me/relation/1001_1_NEEROVA]]/URI Н. г. также обладают әтим свойством. Построены примеры Н. г., не являющихся конечными расширениями полициклически групі [1].</text>
  <text_orig>г р у п п а с у с л о в и е м

![](https://cdn.mathpix.com/cropped/2023_07_08_62bae0756977231ffe01g-1.jpg?height=42&amp;width=836&amp;top_left_y=2227&amp;top_left_x=133)
группа, в к-рой любая строго возрастающая цепочка подгрупп обрывается на конечном номере. Названа в честь Э. Нётер (E. Noether), к-рая изучала кольца с условием максимальности для идеалов - нётеровы кольца. Подгруппа и факторгруппа Н. г. также обладают әтим свойством. Построены примеры Н. г., не являющихся конечными расширениями полициклически групі [1].

Лum.: [1] О л ь шा а н с к и й А. Ю., «Докл. АН СССР», 1979, т. 245, N․ 4, с. 785-87. В. Н. Ремесленникое</text_orig>
</article>
