<?xml version="1.0" ?>
<article uri="http://libmeta.ru/me/article/1001_RATsIONAL'NOE" alphabetic_pos="1001">
  <title>РАЦИОНАЛЬНОЕ ОТОБРАЖЕНИЕ</title>
  <authors/>
  <pages>
    <start>461</start>
    <end>461</end>
  </pages>
  <literature>
    <literature_orig>Лит.: [1] Ii а ф а р е в и ч И. Р., Основы алгебраической геометрии, М., 1972; [2] H i r o n a k a H., &quot;ann. Math.&quot;, 1964,</literature_orig>
    <unit>
      <author>Iiафаревич И. Р.</author>
      <title>Основы алгебраической геометрии</title>
      <publication>М.</publication>
      <year>1972</year>
      <other/>
    </unit>
    <unit>
      <author>Hironaka H.</author>
      <title>&quot;ann. Math.&quot;</title>
      <publication/>
      <year>1964</year>
      <other/>
    </unit>
  </literature>
  <formulas_main/>
  <formulas_aux>
    <formula uri="http://libmeta.ru/me/formula/aux/1001_1_RATsIONAL'NOE">x</formula>
    <formula uri="http://libmeta.ru/me/formula/aux/1001_2_RATsIONAL'NOE">y</formula>
    <formula uri="http://libmeta.ru/me/formula/aux/1001_3_RATsIONAL'NOE">k</formula>
    <formula uri="http://libmeta.ru/me/formula/aux/1001_4_RATsIONAL'NOE">\left(u, \varphi_{U}\right)</formula>
    <formula uri="http://libmeta.ru/me/formula/aux/1001_5_RATsIONAL'NOE">u</formula>
    <formula uri="http://libmeta.ru/me/formula/aux/1001_6_RATsIONAL'NOE">x, \mathbf{a} \varphi U^{-}</formula>
    <formula uri="http://libmeta.ru/me/formula/aux/1001_7_RATsIONAL'NOE">u</formula>
    <formula uri="http://libmeta.ru/me/formula/aux/1001_8_RATsIONAL'NOE">y</formula>
    <formula uri="http://libmeta.ru/me/formula/aux/1001_9_RATsIONAL'NOE">\left(u, \varphi_{U}\right)</formula>
    <formula uri="http://libmeta.ru/me/formula/aux/1001_10_RATsIONAL'NOE">\left(v, \varphi_{V}\right)</formula>
    <formula uri="http://libmeta.ru/me/formula/aux/1001_11_RATsIONAL'NOE">\varphi_{u}</formula>
    <formula uri="http://libmeta.ru/me/formula/aux/1001_12_RATsIONAL'NOE">\varphi_{v}</formula>
    <formula uri="http://libmeta.ru/me/formula/aux/1001_13_RATsIONAL'NOE">u \cap V</formula>
    <formula uri="http://libmeta.ru/me/formula/aux/1001_14_RATsIONAL'NOE">x</formula>
    <formula uri="http://libmeta.ru/me/formula/aux/1001_15_RATsIONAL'NOE">x</formula>
    <formula uri="http://libmeta.ru/me/formula/aux/1001_16_RATsIONAL'NOE">\varphi: X \rightarrow \longrightarrow</formula>
    <formula uri="http://libmeta.ru/me/formula/aux/1001_17_RATsIONAL'NOE">\left(\tilde{u}, \varphi_{\tilde{U}}\right)</formula>
    <formula uri="http://libmeta.ru/me/formula/aux/1001_18_RATsIONAL'NOE">u \subseteq \tilde{U}</formula>
    <formula uri="http://libmeta.ru/me/formula/aux/1001_19_RATsIONAL'NOE">\left(u, \varphi_{U}\right)</formula>
    <formula uri="http://libmeta.ru/me/formula/aux/1001_20_RATsIONAL'NOE">\varphi_{u}</formula>
    <formula uri="http://libmeta.ru/me/formula/aux/1001_21_RATsIONAL'NOE">\varphi_{\tilde{u}}</formula>
    <formula uri="http://libmeta.ru/me/formula/aux/1001_22_RATsIONAL'NOE">u</formula>
    <formula uri="http://libmeta.ru/me/formula/aux/1001_23_RATsIONAL'NOE">\tilde{u}</formula>
    <formula uri="http://libmeta.ru/me/formula/aux/1001_24_RATsIONAL'NOE">x</formula>
    <formula uri="http://libmeta.ru/me/formula/aux/1001_25_RATsIONAL'NOE">\varphi(x)</formula>
    <formula uri="http://libmeta.ru/me/formula/aux/1001_26_RATsIONAL'NOE">\varphi</formula>
    <formula uri="http://libmeta.ru/me/formula/aux/1001_27_RATsIONAL'NOE">\varphi: X \rightarrow-\longrightarrow-P</formula>
    <formula uri="http://libmeta.ru/me/formula/aux/1001_28_RATsIONAL'NOE">\varphi(x)</formula>
    <formula uri="http://libmeta.ru/me/formula/aux/1001_29_RATsIONAL'NOE">y</formula>
    <formula uri="http://libmeta.ru/me/formula/aux/1001_30_RATsIONAL'NOE">\varphi</formula>
    <formula uri="http://libmeta.ru/me/formula/aux/1001_31_RATsIONAL'NOE">\varphi^{*}: k(Y) \rightarrow k(X)</formula>
    <formula uri="http://libmeta.ru/me/formula/aux/1001_32_RATsIONAL'NOE">\varphi^{*}: k(Y) \rightarrow k(X)</formula>
    <formula uri="http://libmeta.ru/me/formula/aux/1001_33_RATsIONAL'NOE">x</formula>
    <formula uri="http://libmeta.ru/me/formula/aux/1001_34_RATsIONAL'NOE">y</formula>
    <formula uri="http://libmeta.ru/me/formula/aux/1001_35_RATsIONAL'NOE">\varphi</formula>
    <formula uri="http://libmeta.ru/me/formula/aux/1001_36_RATsIONAL'NOE">k(x)</formula>
    <formula uri="http://libmeta.ru/me/formula/aux/1001_37_RATsIONAL'NOE">k(y)</formula>
    <formula uri="http://libmeta.ru/me/formula/aux/1001_38_RATsIONAL'NOE">\varphi</formula>
    <formula uri="http://libmeta.ru/me/formula/aux/1001_39_RATsIONAL'NOE">x</formula>
    <formula uri="http://libmeta.ru/me/formula/aux/1001_40_RATsIONAL'NOE">\varphi: X-\longrightarrow \rightarrow Y</formula>
    <formula uri="http://libmeta.ru/me/formula/aux/1001_41_RATsIONAL'NOE">y</formula>
    <formula uri="http://libmeta.ru/me/formula/aux/1001_42_RATsIONAL'NOE">x</formula>
    <formula uri="http://libmeta.ru/me/formula/aux/1001_43_RATsIONAL'NOE">x</formula>
    <formula uri="http://libmeta.ru/me/formula/aux/1001_44_RATsIONAL'NOE">\varphi</formula>
    <formula uri="http://libmeta.ru/me/formula/aux/1001_45_RATsIONAL'NOE">x</formula>
    <formula uri="http://libmeta.ru/me/formula/aux/1001_46_RATsIONAL'NOE">y</formula>
    <formula uri="http://libmeta.ru/me/formula/aux/1001_47_RATsIONAL'NOE">\varphi: X \rightarrow-\rightarrow</formula>
    <formula uri="http://libmeta.ru/me/formula/aux/1001_48_RATsIONAL'NOE">\eta, f</formula>
    <formula uri="http://libmeta.ru/me/formula/aux/1001_49_RATsIONAL'NOE">z</formula>
    <formula uri="http://libmeta.ru/me/formula/aux/1001_50_RATsIONAL'NOE">\varphi: X-\rightarrow \rightarrow-</formula>
    <formula uri="http://libmeta.ru/me/formula/aux/1001_51_RATsIONAL'NOE">f</formula>
    <formula uri="http://libmeta.ru/me/formula/aux/1001_52_RATsIONAL'NOE">\operatorname{dim} X \geqslant 3</formula>
  </formulas_aux>
  <relations n="33">
    <relation uri="http://libmeta.ru/me/relation/1001_1_RATsIONAL'NOE">
      <rel_text>бирационального отображения</rel_text>
      <target>http://libmeta.ru/me/article/482_BIRAІIONAL'NOE</target>
    </relation>
    <relation uri="http://libmeta.ru/me/relation/1001_2_RATsIONAL'NOE">
      <rel_text>отображений</rel_text>
      <target>http://libmeta.ru/me/article/128_OTOBRAZhENI</target>
    </relation>
    <relation uri="http://libmeta.ru/me/relation/1001_3_RATsIONAL'NOE">
      <rel_text>моноидальных</rel_text>
      <target>http://libmeta.ru/me/article/779_MONOMORFIZ</target>
    </relation>
    <relation uri="http://libmeta.ru/me/relation/1001_4_RATsIONAL'NOE">
      <rel_text>композицию</rel_text>
      <target>http://libmeta.ru/me/article/1022_KOMPOZitsI</target>
    </relation>
    <relation uri="http://libmeta.ru/me/relation/1001_5_RATsIONAL'NOE">
      <rel_text>поверхностей</rel_text>
      <target>http://libmeta.ru/me/article/332_POVERHNOST</target>
    </relation>
    <relation uri="http://libmeta.ru/me/relation/1001_6_RATsIONAL'NOE">
      <rel_text>полных</rel_text>
      <target>http://libmeta.ru/me/article/501_POLI0</target>
    </relation>
    <relation uri="http://libmeta.ru/me/relation/1001_7_RATsIONAL'NOE">
      <rel_text>бирациональное отображение</rel_text>
      <target>http://libmeta.ru/me/article/482_BIRAІIONAL'NOE</target>
    </relation>
    <relation uri="http://libmeta.ru/me/relation/1001_8_RATsIONAL'NOE">
      <rel_text>моноидальных</rel_text>
      <target>http://libmeta.ru/me/article/779_MONOMORFIZ</target>
    </relation>
    <relation uri="http://libmeta.ru/me/relation/1001_9_RATsIONAL'NOE">
      <rel_text>композициями</rel_text>
      <target>http://libmeta.ru/me/article/1005_KOMPAKTNOST</target>
    </relation>
    <relation uri="http://libmeta.ru/me/relation/1001_10_RATsIONAL'NOE">
      <rel_text>морфизма</rel_text>
      <target>http://libmeta.ru/me/article/800_MORFIZ</target>
    </relation>
    <relation uri="http://libmeta.ru/me/relation/1001_11_RATsIONAL'NOE">
      <rel_text>диаграмма</rel_text>
      <target>http://libmeta.ru/me/article/145_DIAGONAL</target>
    </relation>
    <relation uri="http://libmeta.ru/me/relation/1001_12_RATsIONAL'NOE">
      <rel_text>поверхностей</rel_text>
      <target>http://libmeta.ru/me/article/332_POVERHNOST</target>
    </relation>
    <relation uri="http://libmeta.ru/me/relation/1001_13_RATsIONAL'NOE">
      <rel_text>полных</rel_text>
      <target>http://libmeta.ru/me/article/501_POLI0</target>
    </relation>
    <relation uri="http://libmeta.ru/me/relation/1001_14_RATsIONAL'NOE">
      <rel_text>бирациональное отображение</rel_text>
      <target>http://libmeta.ru/me/article/482_BIRAІIONAL'NOE</target>
    </relation>
    <relation uri="http://libmeta.ru/me/relation/1001_15_RATsIONAL'NOE">
      <rel_text>моноидальных</rel_text>
      <target>http://libmeta.ru/me/article/779_MONOMORFIZ</target>
    </relation>
    <relation uri="http://libmeta.ru/me/relation/1001_16_RATsIONAL'NOE">
      <rel_text>композицией</rel_text>
      <target>http://libmeta.ru/me/article/1005_KOMPAKTNOST</target>
    </relation>
    <relation uri="http://libmeta.ru/me/relation/1001_17_RATsIONAL'NOE">
      <rel_text>многообразия</rel_text>
      <target>http://libmeta.ru/me/article/438_MNOGOOBRAZI</target>
    </relation>
    <relation uri="http://libmeta.ru/me/relation/1001_18_RATsIONAL'NOE">
      <rel_text>морфизмы</rel_text>
      <target>http://libmeta.ru/me/article/800_MORFIZ</target>
    </relation>
    <relation uri="http://libmeta.ru/me/relation/1001_19_RATsIONAL'NOE">
      <rel_text>диаграмму</rel_text>
      <target>http://libmeta.ru/me/article/145_DIAGONAL</target>
    </relation>
    <relation uri="http://libmeta.ru/me/relation/1001_20_RATsIONAL'NOE">
      <rel_text>характеристики</rel_text>
      <target>http://libmeta.ru/me/article/839_HARAKTERISTIK</target>
    </relation>
    <relation uri="http://libmeta.ru/me/relation/1001_21_RATsIONAL'NOE">
      <rel_text>многообразия</rel_text>
      <target>http://libmeta.ru/me/article/438_MNOGOOBRAZI</target>
    </relation>
    <relation uri="http://libmeta.ru/me/relation/1001_22_RATsIONAL'NOE">
      <rel_text>неприводимые</rel_text>
      <target>http://libmeta.ru/me/article/957_NEPRERYVNOST</target>
    </relation>
    <relation uri="http://libmeta.ru/me/relation/1001_23_RATsIONAL'NOE">
      <rel_text>полные</rel_text>
      <target>http://libmeta.ru/me/article/501_POLI0</target>
    </relation>
    <relation uri="http://libmeta.ru/me/relation/1001_24_RATsIONAL'NOE">
      <rel_text>коразмерность</rel_text>
      <target>http://libmeta.ru/me/article/8_KORAZMERNOST</target>
    </relation>
    <relation uri="http://libmeta.ru/me/relation/1001_25_RATsIONAL'NOE">
      <rel_text>регулярно</rel_text>
      <target>http://libmeta.ru/me/article/1037_REGULJaTO</target>
    </relation>
    <relation uri="http://libmeta.ru/me/relation/1001_26_RATsIONAL'NOE">
      <rel_text>множество</rel_text>
      <target>http://libmeta.ru/me/article/733_MNOZhESTV</target>
    </relation>
    <relation uri="http://libmeta.ru/me/relation/1001_27_RATsIONAL'NOE">
      <rel_text>многообразие</rel_text>
      <target>http://libmeta.ru/me/article/438_MNOGOOBRAZI</target>
    </relation>
    <relation uri="http://libmeta.ru/me/relation/1001_28_RATsIONAL'NOE">
      <rel_text>неприводимое</rel_text>
      <target>http://libmeta.ru/me/article/957_NEPRERYVNOST</target>
    </relation>
    <relation uri="http://libmeta.ru/me/relation/1001_29_RATsIONAL'NOE">
      <rel_text>многообразие</rel_text>
      <target>http://libmeta.ru/me/article/438_MNOGOOBRAZI</target>
    </relation>
    <relation uri="http://libmeta.ru/me/relation/1001_30_RATsIONAL'NOE">
      <rel_text>полное</rel_text>
      <target>http://libmeta.ru/me/article/501_POLI0</target>
    </relation>
    <relation uri="http://libmeta.ru/me/relation/1001_31_RATsIONAL'NOE">
      <rel_text>коразмерность</rel_text>
      <target>http://libmeta.ru/me/article/8_KORAZMERNOST</target>
    </relation>
    <relation uri="http://libmeta.ru/me/relation/1001_32_RATsIONAL'NOE">
      <rel_text>регулярно</rel_text>
      <target>http://libmeta.ru/me/article/1037_REGULJaTO</target>
    </relation>
    <relation uri="http://libmeta.ru/me/relation/1001_33_RATsIONAL'NOE">
      <rel_text>Множество</rel_text>
      <target>http://libmeta.ru/me/article/733_MNOZhESTV</target>
    </relation>
  </relations>
  <text>обобщение понятия рациональной функции на алгебраич. многообразии. А именно, р а ц и о н а л ь н ы м о т о бр а ж е н и м неприводимого алгебраич. многообразия $URI[[http://libmeta.ru/me/formula/aux/1001_1_RATsIONAL'NOE]]/URI$ в алгебраич. многообразие $URI[[http://libmeta.ru/me/formula/aux/1001_2_RATsIONAL'NOE]]/URI$ (оба определены над полем $URI[[http://libmeta.ru/me/formula/aux/1001_3_RATsIONAL'NOE]]/URI$ ) наз. класс эквивалентности пар $URI[[http://libmeta.ru/me/formula/aux/1001_4_RATsIONAL'NOE]]/URI$, где $URI[[http://libmeta.ru/me/formula/aux/1001_5_RATsIONAL'NOE]]/URI$ - непустое открытое подмножество в $URI[[http://libmeta.ru/me/formula/aux/1001_6_RATsIONAL'NOE]]/URI$ морфизм из $URI[[http://libmeta.ru/me/formula/aux/1001_7_RATsIONAL'NOE]]/URI$ в $URI[[http://libmeta.ru/me/formula/aux/1001_8_RATsIONAL'NOE]]/URI$. При әтом пары $URI[[http://libmeta.ru/me/formula/aux/1001_9_RATsIONAL'NOE]]/URI$ и $URI[[http://libmeta.ru/me/formula/aux/1001_10_RATsIONAL'NOE]]/URI$ считаются әквивалентными, если $URI[[http://libmeta.ru/me/formula/aux/1001_11_RATsIONAL'NOE]]/URI$ и $URI[[http://libmeta.ru/me/formula/aux/1001_12_RATsIONAL'NOE]]/URI$ совпадают на $URI[[http://libmeta.ru/me/formula/aux/1001_13_RATsIONAL'NOE]]/URI$. В частности, Р. о. многообразия $URI[[http://libmeta.ru/me/formula/aux/1001_14_RATsIONAL'NOE]]/URI$ в афффинную прямую есть рациональная функция на многообразии $URI[[http://libmeta.ru/me/formula/aux/1001_15_RATsIONAL'NOE]]/URI$. Для каждого Р. о. $URI[[http://libmeta.ru/me/formula/aux/1001_16_RATsIONAL'NOE]]/URI$ существует такая пара $URI[[http://libmeta.ru/me/formula/aux/1001_17_RATsIONAL'NOE]]/URI$, что $URI[[http://libmeta.ru/me/formula/aux/1001_18_RATsIONAL'NOE]]/URI$ для любой эквивалентной ей пары $URI[[http://libmeta.ru/me/formula/aux/1001_19_RATsIONAL'NOE]]/URI$ и $URI[[http://libmeta.ru/me/formula/aux/1001_20_RATsIONAL'NOE]]/URI$ является ограничением $URI[[http://libmeta.ru/me/formula/aux/1001_21_RATsIONAL'NOE]]/URI$ на $URI[[http://libmeta.ru/me/formula/aux/1001_22_RATsIONAL'NOE]]/URI$. Открытое подмножество $URI[[http://libmeta.ru/me/formula/aux/1001_23_RATsIONAL'NOE]]/URI$ наз. о б л а с т ь ю р е г у-

![](https://cdn.mathpix.com/cropped/2023_07_08_dbe891fd20752c9d7fecg-1.jpg?height=47&amp;width=804&amp;top_left_y=2070&amp;top_left_x=151)
гооб разия $URI[[http://libmeta.ru/me/formula/aux/1001_24_RATsIONAL'NOE]]/URI$ (обозначается $URI[[http://libmeta.ru/me/formula/aux/1001_25_RATsIONAL'NOE]]/URI$ ) при Р. о. $URI[[http://libmeta.ru/me/formula/aux/1001_26_RATsIONAL'NOE]]/URI$.

Если $URI[[http://libmeta.ru/me/formula/aux/1001_27_RATsIONAL'NOE]]/URI$. о. алгебраич. многообразий и образ $URI[[http://libmeta.ru/me/formula/aux/1001_28_RATsIONAL'NOE]]/URI$ плотен в $URI[[http://libmeta.ru/me/formula/aux/1001_29_RATsIONAL'NOE]]/URI$, то $URI[[http://libmeta.ru/me/formula/aux/1001_30_RATsIONAL'NOE]]/URI$ определяет вложение полей $URI[[http://libmeta.ru/me/formula/aux/1001_31_RATsIONAL'NOE]]/URI$. Обратно, вложение полей рациональных функций $URI[[http://libmeta.ru/me/formula/aux/1001_32_RATsIONAL'NOE]]/URI$ определяет Р. о. многообразия $URI[[http://libmeta.ru/me/formula/aux/1001_33_RATsIONAL'NOE]]/URI$ в $URI[[http://libmeta.ru/me/formula/aux/1001_34_RATsIONAL'NOE]]/URI$. Если Р. о. $URI[[http://libmeta.ru/me/formula/aux/1001_35_RATsIONAL'NOE]]/URI$ индуцирует изоморфизм полей рациональных функций $URI[[http://libmeta.ru/me/formula/aux/1001_36_RATsIONAL'NOE]]/URI$ и $URI[[http://libmeta.ru/me/formula/aux/1001_37_RATsIONAL'NOE]]/URI$, то $URI[[http://libmeta.ru/me/formula/aux/1001_38_RATsIONAL'NOE]]/URI$ наз. би р а иональны л о тоб р аж ени и м.

URI[[http://libmeta.ru/me/relation/1001_33_RATsIONAL'NOE]]/URI точек из $URI[[http://libmeta.ru/me/formula/aux/1001_39_RATsIONAL'NOE]]/URI$, в к-рых Р. о. $URI[[http://libmeta.ru/me/formula/aux/1001_40_RATsIONAL'NOE]]/URI$ не URI[[http://libmeta.ru/me/relation/1001_32_RATsIONAL'NOE]]/URI, имеет в общем случае URI[[http://libmeta.ru/me/relation/1001_31_RATsIONAL'NOE]]/URI 1 . Но если $URI[[http://libmeta.ru/me/formula/aux/1001_41_RATsIONAL'NOE]]/URI$ - URI[[http://libmeta.ru/me/relation/1001_30_RATsIONAL'NOE]]/URI URI[[http://libmeta.ru/me/relation/1001_29_RATsIONAL'NOE]]/URI, а $URI[[http://libmeta.ru/me/formula/aux/1001_42_RATsIONAL'NOE]]/URI$ - гладкое URI[[http://libmeta.ru/me/relation/1001_28_RATsIONAL'NOE]]/URI URI[[http://libmeta.ru/me/relation/1001_27_RATsIONAL'NOE]]/URI, то URI[[http://libmeta.ru/me/relation/1001_26_RATsIONAL'NOE]]/URI точек из $URI[[http://libmeta.ru/me/formula/aux/1001_43_RATsIONAL'NOE]]/URI$, в к-рых $URI[[http://libmeta.ru/me/formula/aux/1001_44_RATsIONAL'NOE]]/URI$ не URI[[http://libmeta.ru/me/relation/1001_25_RATsIONAL'NOE]]/URI, имеет URI[[http://libmeta.ru/me/relation/1001_24_RATsIONAL'NOE]]/URI не меньше двух. Если $URI[[http://libmeta.ru/me/formula/aux/1001_45_RATsIONAL'NOE]]/URI$ и $URI[[http://libmeta.ru/me/formula/aux/1001_46_RATsIONAL'NOE]]/URI$ - URI[[http://libmeta.ru/me/relation/1001_23_RATsIONAL'NOE]]/URI URI[[http://libmeta.ru/me/relation/1001_22_RATsIONAL'NOE]]/URI URI[[http://libmeta.ru/me/relation/1001_21_RATsIONAL'NOE]]/URI над алгебраически замкнутым полем URI[[http://libmeta.ru/me/relation/1001_20_RATsIONAL'NOE]]/URI 0 , то Р. о. $URI[[http://libmeta.ru/me/formula/aux/1001_47_RATsIONAL'NOE]]/URI$ может быть включено в коммутативную URI[[http://libmeta.ru/me/relation/1001_19_RATsIONAL'NOE]]/URI (см. [2]):

![](https://cdn.mathpix.com/cropped/2023_07_08_dbe891fd20752c9d7fecg-1.jpg?height=221&amp;width=399&amp;top_left_y=520&amp;top_left_x=1150)

где $URI[[http://libmeta.ru/me/formula/aux/1001_48_RATsIONAL'NOE]]/URI$ - URI[[http://libmeta.ru/me/relation/1001_18_RATsIONAL'NOE]]/URI алгебраич. URI[[http://libmeta.ru/me/relation/1001_17_RATsIONAL'NOE]]/URI $URI[[http://libmeta.ru/me/formula/aux/1001_49_RATsIONAL'NOE]]/URI$, и ๆ является URI[[http://libmeta.ru/me/relation/1001_16_RATsIONAL'NOE]]/URI URI[[http://libmeta.ru/me/relation/1001_15_RATsIONAL'NOE]]/URI преобразований. Если $URI[[http://libmeta.ru/me/formula/aux/1001_50_RATsIONAL'NOE]]/URI$ URI[[http://libmeta.ru/me/relation/1001_14_RATsIONAL'NOE]]/URI URI[[http://libmeta.ru/me/relation/1001_13_RATsIONAL'NOE]]/URI неособых URI[[http://libmeta.ru/me/relation/1001_12_RATsIONAL'NOE]]/URI, то существует URI[[http://libmeta.ru/me/relation/1001_11_RATsIONAL'NOE]]/URI (*), в к-рой оба URI[[http://libmeta.ru/me/relation/1001_10_RATsIONAL'NOE]]/URI $URI[[http://libmeta.ru/me/formula/aux/1001_51_RATsIONAL'NOE]]/URI$ и ๆ являются URI[[http://libmeta.ru/me/relation/1001_9_RATsIONAL'NOE]]/URI URI[[http://libmeta.ru/me/relation/1001_8_RATsIONAL'NOE]]/URI преобразований с неособыми центрами (т е о р е м а 3 а р и с к о г о), т. е. любое URI[[http://libmeta.ru/me/relation/1001_7_RATsIONAL'NOE]]/URI URI[[http://libmeta.ru/me/relation/1001_6_RATsIONAL'NOE]]/URI неособых URI[[http://libmeta.ru/me/relation/1001_5_RATsIONAL'NOE]]/URI раскладывается в URI[[http://libmeta.ru/me/relation/1001_4_RATsIONAL'NOE]]/URI URI[[http://libmeta.ru/me/relation/1001_3_RATsIONAL'NOE]]/URI преобразований с неособыми центрами и обратных к ним URI[[http://libmeta.ru/me/relation/1001_2_RATsIONAL'NOE]]/URI. В случае $URI[[http://libmeta.ru/me/formula/aux/1001_52_RATsIONAL'NOE]]/URI$ аналогичный вопрос о разложении URI[[http://libmeta.ru/me/relation/1001_1_RATsIONAL'NOE]]/URI открыт (1983).</text>
  <text_orig>обобщение понятия рациональной функции на алгебраич. многообразии. А именно, р а ц и о н а л ь н ы м о т о бр а ж е н и м неприводимого алгебраич. многообразия $X$ в алгебраич. многообразие $Y$ (оба определены над полем $k$ ) наз. класс эквивалентности пар $\left(U, \varphi_{U}\right)$, где $U$ - непустое открытое подмножество в $X, \mathbf{a} \varphi U^{-}$ морфизм из $U$ в $Y$. При әтом пары $\left(U, \varphi_{U}\right)$ и $\left(V, \varphi_{V}\right)$ считаются әквивалентными, если $\varphi_{U}$ и $\varphi_{V}$ совпадают на $U \cap V$. В частности, Р. о. многообразия $X$ в афффинную прямую есть рациональная функция на многообразии $X$. Для каждого Р. о. $\varphi: X \rightarrow \longrightarrow$ существует такая пара $\left(\tilde{U}, \varphi_{\tilde{U}}\right)$, что $U \subseteq \tilde{U}$ для любой эквивалентной ей пары $\left(U, \varphi_{U}\right)$ и $\varphi_{U}$ является ограничением $\varphi_{\tilde{U}}$ на $U$. Открытое подмножество $\tilde{U}$ наз. о б л а с т ь ю р е г у-

![](https://cdn.mathpix.com/cropped/2023_07_08_dbe891fd20752c9d7fecg-1.jpg?height=47&amp;width=804&amp;top_left_y=2070&amp;top_left_x=151)
гооб разия $X$ (обозначается $\varphi(X)$ ) при Р. о. $\varphi$.

Если $\varphi: X \rightarrow-\longrightarrow-P$. о. алгебраич. многообразий и образ $\varphi(X)$ плотен в $Y$, то $\varphi$ определяет вложение полей $\varphi^{*}: k(Y) \rightarrow k(X)$. Обратно, вложение полей рациональных функций $\varphi^{*}: k(Y) \rightarrow k(X)$ определяет Р. о. многообразия $X$ в $Y$. Если Р. о. $\varphi$ индуцирует изоморфизм полей рациональных функций $k(X)$ и $k(Y)$, то $\varphi$ наз. би р а иональны л о тоб р аж ени и м.

Множество точек из $X$, в к-рых Р. о. $\varphi: X-\longrightarrow \rightarrow Y$ не регулярно, имеет в общем случае коразмерность 1 . Но если $Y$ - полное многообразие, а $X$ - гладкое неприводимое многообразие, то множество точек из $X$, в к-рых $\varphi$ не регулярно, имеет коразмерность не меньше двух. Если $X$ и $Y$ - полные неприводимые многообразия над алгебраически замкнутым полем характеристики 0 , то Р. о. $\varphi: X \rightarrow-\rightarrow$ может быть включено в коммутативную диаграмму (см. [2]):

![](https://cdn.mathpix.com/cropped/2023_07_08_dbe891fd20752c9d7fecg-1.jpg?height=221&amp;width=399&amp;top_left_y=520&amp;top_left_x=1150)

где $\eta, f$ - морфизмы алгебраич. многообразия $Z$, и ๆ является композицией моноидальных преобразований. Если $\varphi: X-\rightarrow \rightarrow-$ бирациональное отображение полных неособых поверхностей, то существует диаграмма (*), в к-рой оба морфизма $f$ и ๆ являются композициями моноидальных преобразований с неособыми центрами (т е о р е м а 3 а р и с к о г о), т. е. любое бирациональное отображение полных неособых поверхностей раскладывается в композицию моноидальных преобразований с неособыми центрами и обратных к ним отображений. В случае $\operatorname{dim} X \geqslant 3$ аналогичный вопрос о разложении бирационального отображения открыт (1983).

Лит.: [1] II а ф а р е в и ч И. Р., Основы алгебраической геометрии, М., 1972; [2] H i r o n a k a H., &quot;Ann. Math.&quot;, 1964,</text_orig>
</article>
