<?xml version="1.0" ?>
<article uri="http://libmeta.ru/me/article/1002_RATsIONAL'NOE" alphabetic_pos="1002">
  <title>РАЦИОНАЛЬНОЕ П ПРЕДСТАВЛЕНИЕ</title>
  <authors/>
  <pages>
    <start>461</start>
    <end>462</end>
  </pages>
  <literature>
    <literature_orig>Лит.: [1] Б о р е ль ь А., Линейные алгебраические группы, пер. с англ., M., 1972; [2] е г о ж е, в кн.: Algebraic geometry, Providence, 1975, p. $421-40$ (proc. Symposia in pure math., v. 29, Arkata, 1974); [3] X а м ф р и Д ж., Линейные алгебраи-ческие группы, пер. с англ., М., 1980 ; [4] Семинар по алгебраическим группам, пер. с англ., М., 1973; [5] С т е й н 6 е p r P., Лекции о группах Шевалле, пер. с англ., М., 1975; [6] е г о ж е, &quot;nagoya math. J.&quot;, 1963 , v. 22, p. $33-56 ;$ [7] H o c h s c h i l d G., The structure of Lie groups, S. F., 1965; [8] H u m p hre y s J. E., Introduction to Lie algebras and representationtheory, N. Y. [a. o.], 1972.</literature_orig>
    <unit>
      <author>Борельь А.</author>
      <title>Линейные алгебраические группы</title>
      <publication>пер. с англ., M.</publication>
      <year>1972</year>
      <other/>
    </unit>
    <unit>
      <title>е г о ж е, в кн.: Algebraic geometry, Providence</title>
      <publication/>
      <year>1975</year>
      <other>p. $421-40$ (proc. Symposia in pure math., v. 29, Arkata, 1974)</other>
    </unit>
    <unit>
      <title>X а м ф р и Д ж., Линейные алгебраи-ческие группы</title>
      <publication>пер. с англ., М.</publication>
      <year>1980</year>
      <other/>
    </unit>
    <unit>
      <title>Семинар по алгебраическим группам</title>
      <publication>пер. с англ., М.</publication>
      <year>1973</year>
      <other/>
    </unit>
    <unit>
      <author>Стейн6еpr P.</author>
      <title>Лекции о группах Шевалле</title>
      <publication>пер. с англ., М.</publication>
      <year>1975</year>
      <other/>
    </unit>
    <unit>
      <title>е г о ж е, &quot;nagoya math. J.&quot;</title>
      <publication/>
      <year>1963</year>
      <other>v. 22, p. $33-56 ;$</other>
    </unit>
    <unit>
      <author>Hochschild G.</author>
      <title>The structure of Lie groups, S. F.</title>
      <publication/>
      <year>1965</year>
      <other/>
    </unit>
    <unit>
      <author>Humphreys J. E.</author>
      <title>Introduction to Lie algebras and representationtheory, N. Y. [a. o.]</title>
      <publication/>
      <year>1972</year>
      <other/>
    </unit>
  </literature>
  <formulas_main>
    <formula uri="http://libmeta.ru/me/formula/main/1002_1_RATsIONAL'NOE">V=\bigoplus_{\chi \in P_{\varphi}} V(\chi)</formula>
    <formula uri="http://libmeta.ru/me/formula/main/1002_2_RATsIONAL'NOE">V(\chi)=\{v \in V \mid \varphi(t) v=\chi(t) v \quad \forall t \in T\} \neq 0</formula>
    <formula uri="http://libmeta.ru/me/formula/main/1002_3_RATsIONAL'NOE">\chi=\delta_{\varphi}-\sum_{\alpha \in \Delta} m_{\alpha} \alpha, \quad m_{\alpha} \in \mathbb{Z}, \quad m_{\alpha} \geqslant 0 .</formula>
    <formula uri="http://libmeta.ru/me/formula/main/1002_4_RATsIONAL'NOE">k[G]_{\chi}=\{f \in k[G] \mid f(g b)=\chi(b) f(g) \forall b \in B, g \in G\} .</formula>
    <formula uri="http://libmeta.ru/me/formula/main/1002_5_RATsIONAL'NOE">0 \leqslant \frac{2(\chi, \alpha)}{(\alpha, \alpha)}&lt;p \text { при любом } \alpha \in \Delta .</formula>
    <formula uri="http://libmeta.ru/me/formula/main/1002_6_RATsIONAL'NOE">\varphi_{0} \otimes \varphi_{1}^{\mathrm{Fr}} \otimes \ldots \otimes \varphi_{d}^{\mathrm{Fr}^{\mathrm{r}}}</formula>
  </formulas_main>
  <formulas_aux>
    <formula uri="http://libmeta.ru/me/formula/aux/1002_1_RATsIONAL'NOE">\gamma</formula>
    <formula uri="http://libmeta.ru/me/formula/aux/1002_2_RATsIONAL'NOE">g</formula>
    <formula uri="http://libmeta.ru/me/formula/aux/1002_3_RATsIONAL'NOE">g</formula>
    <formula uri="http://libmeta.ru/me/formula/aux/1002_4_RATsIONAL'NOE">k</formula>
    <formula uri="http://libmeta.ru/me/formula/aux/1002_5_RATsIONAL'NOE">v</formula>
    <formula uri="http://libmeta.ru/me/formula/aux/1002_6_RATsIONAL'NOE">k</formula>
    <formula uri="http://libmeta.ru/me/formula/aux/1002_7_RATsIONAL'NOE">g</formula>
    <formula uri="http://libmeta.ru/me/formula/aux/1002_8_RATsIONAL'NOE">g L(V)</formula>
    <formula uri="http://libmeta.ru/me/formula/aux/1002_9_RATsIONAL'NOE">v-\mathrm{p}</formula>
    <formula uri="http://libmeta.ru/me/formula/aux/1002_10_RATsIONAL'NOE">g-\mathbf{м}</formula>
    <formula uri="http://libmeta.ru/me/formula/aux/1002_11_RATsIONAL'NOE">g</formula>
    <formula uri="http://libmeta.ru/me/formula/aux/1002_12_RATsIONAL'NOE">g</formula>
    <formula uri="http://libmeta.ru/me/formula/aux/1002_13_RATsIONAL'NOE">g-</formula>
    <formula uri="http://libmeta.ru/me/formula/aux/1002_14_RATsIONAL'NOE">t</formula>
    <formula uri="http://libmeta.ru/me/formula/aux/1002_15_RATsIONAL'NOE">(t)</formula>
    <formula uri="http://libmeta.ru/me/formula/aux/1002_16_RATsIONAL'NOE">\sigma</formula>
    <formula uri="http://libmeta.ru/me/formula/aux/1002_17_RATsIONAL'NOE">g</formula>
    <formula uri="http://libmeta.ru/me/formula/aux/1002_18_RATsIONAL'NOE">t, W-</formula>
    <formula uri="http://libmeta.ru/me/formula/aux/1002_19_RATsIONAL'NOE">\varphi: G \rightarrow G L(V)</formula>
    <formula uri="http://libmeta.ru/me/formula/aux/1002_20_RATsIONAL'NOE">\varphi</formula>
    <formula uri="http://libmeta.ru/me/formula/aux/1002_21_RATsIONAL'NOE">t</formula>
    <formula uri="http://libmeta.ru/me/formula/aux/1002_22_RATsIONAL'NOE">p_{\varphi} \subset \mathrm{X}(T)</formula>
    <formula uri="http://libmeta.ru/me/formula/aux/1002_23_RATsIONAL'NOE">t</formula>
    <formula uri="http://libmeta.ru/me/formula/aux/1002_24_RATsIONAL'NOE">p_{\varphi}</formula>
    <formula uri="http://libmeta.ru/me/formula/aux/1002_25_RATsIONAL'NOE">w</formula>
    <formula uri="http://libmeta.ru/me/formula/aux/1002_26_RATsIONAL'NOE">k=0</formula>
    <formula uri="http://libmeta.ru/me/formula/aux/1002_27_RATsIONAL'NOE">g</formula>
    <formula uri="http://libmeta.ru/me/formula/aux/1002_28_RATsIONAL'NOE">k&gt;0</formula>
    <formula uri="http://libmeta.ru/me/formula/aux/1002_29_RATsIONAL'NOE">k</formula>
    <formula uri="http://libmeta.ru/me/formula/aux/1002_30_RATsIONAL'NOE">b</formula>
    <formula uri="http://libmeta.ru/me/formula/aux/1002_31_RATsIONAL'NOE">g</formula>
    <formula uri="http://libmeta.ru/me/formula/aux/1002_32_RATsIONAL'NOE">t</formula>
    <formula uri="http://libmeta.ru/me/formula/aux/1002_33_RATsIONAL'NOE">\delta-</formula>
    <formula uri="http://libmeta.ru/me/formula/aux/1002_34_RATsIONAL'NOE">\sigma</formula>
    <formula uri="http://libmeta.ru/me/formula/aux/1002_35_RATsIONAL'NOE">\mathrm{x}(b)</formula>
    <formula uri="http://libmeta.ru/me/formula/aux/1002_36_RATsIONAL'NOE">b</formula>
    <formula uri="http://libmeta.ru/me/formula/aux/1002_37_RATsIONAL'NOE">\mathrm{x}(t)</formula>
    <formula uri="http://libmeta.ru/me/formula/aux/1002_38_RATsIONAL'NOE">v</formula>
    <formula uri="http://libmeta.ru/me/formula/aux/1002_39_RATsIONAL'NOE">\varphi: G \rightarrow G L(V)</formula>
    <formula uri="http://libmeta.ru/me/formula/aux/1002_40_RATsIONAL'NOE">v\left(\delta_{\varphi}\right)</formula>
    <formula uri="http://libmeta.ru/me/formula/aux/1002_41_RATsIONAL'NOE">\delta_{\varphi} \in P_{\varphi}</formula>
    <formula uri="http://libmeta.ru/me/formula/aux/1002_42_RATsIONAL'NOE">b</formula>
    <formula uri="http://libmeta.ru/me/formula/aux/1002_43_RATsIONAL'NOE">\delta_{\varphi}</formula>
    <formula uri="http://libmeta.ru/me/formula/aux/1002_44_RATsIONAL'NOE">p</formula>
    <formula uri="http://libmeta.ru/me/formula/aux/1002_45_RATsIONAL'NOE">\varphi</formula>
    <formula uri="http://libmeta.ru/me/formula/aux/1002_46_RATsIONAL'NOE">\left(\delta_{\varphi}, \alpha\right) \geqslant 0</formula>
    <formula uri="http://libmeta.ru/me/formula/aux/1002_47_RATsIONAL'NOE">\alpha \in \Delta</formula>
    <formula uri="http://libmeta.ru/me/formula/aux/1002_48_RATsIONAL'NOE">\chi \in P_{\varphi}</formula>
    <formula uri="http://libmeta.ru/me/formula/aux/1002_49_RATsIONAL'NOE">\varphi \mapsto \delta_{\varphi}</formula>
    <formula uri="http://libmeta.ru/me/formula/aux/1002_50_RATsIONAL'NOE">\mathrm{x}(t)</formula>
    <formula uri="http://libmeta.ru/me/formula/aux/1002_51_RATsIONAL'NOE">k[g]</formula>
    <formula uri="http://libmeta.ru/me/formula/aux/1002_52_RATsIONAL'NOE">g</formula>
    <formula uri="http://libmeta.ru/me/formula/aux/1002_53_RATsIONAL'NOE">\chi \in \mathrm{X}(T)=\mathrm{X}(B)</formula>
    <formula uri="http://libmeta.ru/me/formula/aux/1002_54_RATsIONAL'NOE">g</formula>
    <formula uri="http://libmeta.ru/me/formula/aux/1002_55_RATsIONAL'NOE">g</formula>
    <formula uri="http://libmeta.ru/me/formula/aux/1002_56_RATsIONAL'NOE">g / B</formula>
    <formula uri="http://libmeta.ru/me/formula/aux/1002_57_RATsIONAL'NOE">-\chi</formula>
    <formula uri="http://libmeta.ru/me/formula/aux/1002_58_RATsIONAL'NOE">w_{0} \in W</formula>
    <formula uri="http://libmeta.ru/me/formula/aux/1002_59_RATsIONAL'NOE">k[g]_{-w_{0}(\chi)} \neq 0</formula>
    <formula uri="http://libmeta.ru/me/formula/aux/1002_60_RATsIONAL'NOE">\chi-</formula>
    <formula uri="http://libmeta.ru/me/formula/aux/1002_61_RATsIONAL'NOE">g</formula>
    <formula uri="http://libmeta.ru/me/formula/aux/1002_62_RATsIONAL'NOE">k[g]_{-w_{0}(\chi)}</formula>
    <formula uri="http://libmeta.ru/me/formula/aux/1002_63_RATsIONAL'NOE">g</formula>
    <formula uri="http://libmeta.ru/me/formula/aux/1002_64_RATsIONAL'NOE">\chi</formula>
    <formula uri="http://libmeta.ru/me/formula/aux/1002_65_RATsIONAL'NOE">g</formula>
    <formula uri="http://libmeta.ru/me/formula/aux/1002_66_RATsIONAL'NOE">k=0</formula>
    <formula uri="http://libmeta.ru/me/formula/aux/1002_67_RATsIONAL'NOE">g</formula>
    <formula uri="http://libmeta.ru/me/formula/aux/1002_68_RATsIONAL'NOE">k[g]_{-w_{0}(\mathrm{x})}</formula>
    <formula uri="http://libmeta.ru/me/formula/aux/1002_69_RATsIONAL'NOE">\varphi_{i}</formula>
    <formula uri="http://libmeta.ru/me/formula/aux/1002_70_RATsIONAL'NOE">\chi_{i}, i=1</formula>
    <formula uri="http://libmeta.ru/me/formula/aux/1002_71_RATsIONAL'NOE">\ldots, \quad d, \quad</formula>
    <formula uri="http://libmeta.ru/me/formula/aux/1002_72_RATsIONAL'NOE">\varphi_{1} \otimes \cdots \otimes \varphi_{d}</formula>
    <formula uri="http://libmeta.ru/me/formula/aux/1002_73_RATsIONAL'NOE">\chi_{1}+</formula>
    <formula uri="http://libmeta.ru/me/formula/aux/1002_74_RATsIONAL'NOE">+\ldots+\chi_{d}</formula>
    <formula uri="http://libmeta.ru/me/formula/aux/1002_75_RATsIONAL'NOE">\mathrm{p}</formula>
    <formula uri="http://libmeta.ru/me/formula/aux/1002_76_RATsIONAL'NOE">\left.\varphi_{1}, \ldots, \varphi_{d}\right)</formula>
    <formula uri="http://libmeta.ru/me/formula/aux/1002_77_RATsIONAL'NOE">\varphi</formula>
    <formula uri="http://libmeta.ru/me/formula/aux/1002_78_RATsIONAL'NOE">\chi</formula>
    <formula uri="http://libmeta.ru/me/formula/aux/1002_79_RATsIONAL'NOE">s_{\varphi}^{d}</formula>
    <formula uri="http://libmeta.ru/me/formula/aux/1002_80_RATsIONAL'NOE">d \chi</formula>
    <formula uri="http://libmeta.ru/me/formula/aux/1002_81_RATsIONAL'NOE">\varphi^{*}-</formula>
    <formula uri="http://libmeta.ru/me/formula/aux/1002_82_RATsIONAL'NOE">-w_{0}(\chi)</formula>
    <formula uri="http://libmeta.ru/me/formula/aux/1002_83_RATsIONAL'NOE">\mathfrak{g}</formula>
    <formula uri="http://libmeta.ru/me/formula/aux/1002_84_RATsIONAL'NOE">g</formula>
    <formula uri="http://libmeta.ru/me/formula/aux/1002_85_RATsIONAL'NOE">\varphi: G \rightarrow G L(V)</formula>
    <formula uri="http://libmeta.ru/me/formula/aux/1002_86_RATsIONAL'NOE">d \varphi</formula>
    <formula uri="http://libmeta.ru/me/formula/aux/1002_87_RATsIONAL'NOE">\varphi</formula>
    <formula uri="http://libmeta.ru/me/formula/aux/1002_88_RATsIONAL'NOE">d \varphi-</formula>
    <formula uri="http://libmeta.ru/me/formula/aux/1002_89_RATsIONAL'NOE">\mathfrak{g}</formula>
    <formula uri="http://libmeta.ru/me/formula/aux/1002_90_RATsIONAL'NOE">k=0</formula>
    <formula uri="http://libmeta.ru/me/formula/aux/1002_91_RATsIONAL'NOE">k&gt;0</formula>
    <formula uri="http://libmeta.ru/me/formula/aux/1002_92_RATsIONAL'NOE">\chi</formula>
    <formula uri="http://libmeta.ru/me/formula/aux/1002_93_RATsIONAL'NOE">g</formula>
    <formula uri="http://libmeta.ru/me/formula/aux/1002_94_RATsIONAL'NOE">x(t)</formula>
    <formula uri="http://libmeta.ru/me/formula/aux/1002_95_RATsIONAL'NOE">\sigma</formula>
    <formula uri="http://libmeta.ru/me/formula/aux/1002_96_RATsIONAL'NOE">\varphi_{0}, \varphi_{1}, \ldots, \varphi_{d}</formula>
    <formula uri="http://libmeta.ru/me/formula/aux/1002_97_RATsIONAL'NOE">\varphi_{i}^{\mathrm{fr}^{i}}-</formula>
    <formula uri="http://libmeta.ru/me/formula/aux/1002_98_RATsIONAL'NOE">\varphi_{i}</formula>
    <formula uri="http://libmeta.ru/me/formula/aux/1002_99_RATsIONAL'NOE">a \mapsto a^{P^{i}}(a \in k), P=\operatorname{char} k</formula>
  </formulas_aux>
  <relations n="55">
    <relation uri="http://libmeta.ru/me/relation/1002_1_RATsIONAL'NOE">
      <rel_text>автоморфизма</rel_text>
      <target>http://libmeta.ru/me/article/37_AVTOKOLEBANI</target>
    </relation>
    <relation uri="http://libmeta.ru/me/relation/1002_2_RATsIONAL'NOE">
      <rel_text>представления</rel_text>
      <target>http://libmeta.ru/me/article/3_PREDSTAVLENI</target>
    </relation>
    <relation uri="http://libmeta.ru/me/relation/1002_3_RATsIONAL'NOE">
      <rel_text>матричным</rel_text>
      <target>http://libmeta.ru/me/article/601_MATRITsAN</target>
    </relation>
    <relation uri="http://libmeta.ru/me/relation/1002_4_RATsIONAL'NOE">
      <rel_text>полученное</rel_text>
      <target>http://libmeta.ru/me/article/457_POLUGRUPP</target>
    </relation>
    <relation uri="http://libmeta.ru/me/relation/1002_5_RATsIONAL'NOE">
      <rel_text>представление</rel_text>
      <target>http://libmeta.ru/me/article/3_PREDSTAVLENI</target>
    </relation>
    <relation uri="http://libmeta.ru/me/relation/1002_6_RATsIONAL'NOE">
      <rel_text>неприводимое</rel_text>
      <target>http://libmeta.ru/me/article/957_NEPRERYVNOST</target>
    </relation>
    <relation uri="http://libmeta.ru/me/relation/1002_7_RATsIONAL'NOE">
      <rel_text>корневой системы</rel_text>
      <target>http://libmeta.ru/me/article/12_KORNEVAJa</target>
    </relation>
    <relation uri="http://libmeta.ru/me/relation/1002_8_RATsIONAL'NOE">
      <rel_text>совпадает</rel_text>
      <target>http://libmeta.ru/me/article/59_SOVPADENI</target>
    </relation>
    <relation uri="http://libmeta.ru/me/relation/1002_9_RATsIONAL'NOE">
      <rel_text>неприводимых</rel_text>
      <target>http://libmeta.ru/me/article/957_NEPRERYVNOST</target>
    </relation>
    <relation uri="http://libmeta.ru/me/relation/1002_10_RATsIONAL'NOE">
      <rel_text>неприводимые</rel_text>
      <target>http://libmeta.ru/me/article/957_NEPRERYVNOST</target>
    </relation>
    <relation uri="http://libmeta.ru/me/relation/1002_11_RATsIONAL'NOE">
      <rel_text>неприводимые</rel_text>
      <target>http://libmeta.ru/me/article/957_NEPRERYVNOST</target>
    </relation>
    <relation uri="http://libmeta.ru/me/relation/1002_12_RATsIONAL'NOE">
      <rel_text>неприводимые</rel_text>
      <target>http://libmeta.ru/me/article/957_NEPRERYVNOST</target>
    </relation>
    <relation uri="http://libmeta.ru/me/relation/1002_13_RATsIONAL'NOE">
      <rel_text>алгебры</rel_text>
      <target>http://libmeta.ru/me/article/93_ALGEBR</target>
    </relation>
    <relation uri="http://libmeta.ru/me/relation/1002_14_RATsIONAL'NOE">
      <rel_text>представлений</rel_text>
      <target>http://libmeta.ru/me/article/3_PREDSTAVLENI</target>
    </relation>
    <relation uri="http://libmeta.ru/me/relation/1002_15_RATsIONAL'NOE">
      <rel_text>теории</rel_text>
      <target>http://libmeta.ru/me/article/381_TEORI</target>
    </relation>
    <relation uri="http://libmeta.ru/me/relation/1002_16_RATsIONAL'NOE">
      <rel_text>группы</rel_text>
      <target>http://libmeta.ru/me/article/1207_GRUPІІ</target>
    </relation>
    <relation uri="http://libmeta.ru/me/relation/1002_17_RATsIONAL'NOE">
      <rel_text>теорию</rel_text>
      <target>http://libmeta.ru/me/article/381_TEORI</target>
    </relation>
    <relation uri="http://libmeta.ru/me/relation/1002_18_RATsIONAL'NOE">
      <rel_text>степени</rel_text>
      <target>http://libmeta.ru/me/article/213_STEPEN</target>
    </relation>
    <relation uri="http://libmeta.ru/me/relation/1002_19_RATsIONAL'NOE">
      <rel_text>неприводимое</rel_text>
      <target>http://libmeta.ru/me/article/957_NEPRERYVNOST</target>
    </relation>
    <relation uri="http://libmeta.ru/me/relation/1002_20_RATsIONAL'NOE">
      <rel_text>алгебры</rel_text>
      <target>http://libmeta.ru/me/article/93_ALGEBR</target>
    </relation>
    <relation uri="http://libmeta.ru/me/relation/1002_21_RATsIONAL'NOE">
      <rel_text>представление</rel_text>
      <target>http://libmeta.ru/me/article/3_PREDSTAVLENI</target>
    </relation>
    <relation uri="http://libmeta.ru/me/relation/1002_22_RATsIONAL'NOE">
      <rel_text>неприводимое</rel_text>
      <target>http://libmeta.ru/me/article/957_NEPRERYVNOST</target>
    </relation>
    <relation uri="http://libmeta.ru/me/relation/1002_23_RATsIONAL'NOE">
      <rel_text>алгебры</rel_text>
      <target>http://libmeta.ru/me/article/93_ALGEBR</target>
    </relation>
    <relation uri="http://libmeta.ru/me/relation/1002_24_RATsIONAL'NOE">
      <rel_text>представлением</rel_text>
      <target>http://libmeta.ru/me/article/3_PREDSTAVLENI</target>
    </relation>
    <relation uri="http://libmeta.ru/me/relation/1002_25_RATsIONAL'NOE">
      <rel_text>дифференциал</rel_text>
      <target>http://libmeta.ru/me/article/252_DIFFEOMORFTsZ</target>
    </relation>
    <relation uri="http://libmeta.ru/me/relation/1002_26_RATsIONAL'NOE">
      <rel_text>Ли группы</rel_text>
      <target>http://libmeta.ru/me/article/285_LI</target>
    </relation>
    <relation uri="http://libmeta.ru/me/relation/1002_27_RATsIONAL'NOE">
      <rel_text>алгебра</rel_text>
      <target>http://libmeta.ru/me/article/93_ALGEBR</target>
    </relation>
    <relation uri="http://libmeta.ru/me/relation/1002_28_RATsIONAL'NOE">
      <rel_text>факторпредставление</rel_text>
      <target>http://libmeta.ru/me/article/670_FAKTORPREDSTAVLENI</target>
    </relation>
    <relation uri="http://libmeta.ru/me/relation/1002_29_RATsIONAL'NOE">
      <rel_text>неприводимое</rel_text>
      <target>http://libmeta.ru/me/article/957_NEPRERYVNOST</target>
    </relation>
    <relation uri="http://libmeta.ru/me/relation/1002_30_RATsIONAL'NOE">
      <rel_text>неприводимым</rel_text>
      <target>http://libmeta.ru/me/article/957_NEPRERYVNOST</target>
    </relation>
    <relation uri="http://libmeta.ru/me/relation/1002_31_RATsIONAL'NOE">
      <rel_text>факторпредставление</rel_text>
      <target>http://libmeta.ru/me/article/670_FAKTORPREDSTAVLENI</target>
    </relation>
    <relation uri="http://libmeta.ru/me/relation/1002_32_RATsIONAL'NOE">
      <rel_text>неприводимое</rel_text>
      <target>http://libmeta.ru/me/article/957_NEPRERYVNOST</target>
    </relation>
    <relation uri="http://libmeta.ru/me/relation/1002_33_RATsIONAL'NOE">
      <rel_text>операции</rel_text>
      <target>http://libmeta.ru/me/article/15_OPERAN</target>
    </relation>
    <relation uri="http://libmeta.ru/me/relation/1002_34_RATsIONAL'NOE">
      <rel_text>неприводимых</rel_text>
      <target>http://libmeta.ru/me/article/957_NEPRERYVNOST</target>
    </relation>
    <relation uri="http://libmeta.ru/me/relation/1002_35_RATsIONAL'NOE">
      <rel_text>получения</rel_text>
      <target>http://libmeta.ru/me/article/457_POLUGRUPP</target>
    </relation>
    <relation uri="http://libmeta.ru/me/relation/1002_36_RATsIONAL'NOE">
      <rel_text>получается</rel_text>
      <target>http://libmeta.ru/me/article/457_POLUGRUPP</target>
    </relation>
    <relation uri="http://libmeta.ru/me/relation/1002_37_RATsIONAL'NOE">
      <rel_text>неприводимый</rel_text>
      <target>http://libmeta.ru/me/article/957_NEPRERYVNOST</target>
    </relation>
    <relation uri="http://libmeta.ru/me/relation/1002_38_RATsIONAL'NOE">
      <rel_text>неприводимым</rel_text>
      <target>http://libmeta.ru/me/article/957_NEPRERYVNOST</target>
    </relation>
    <relation uri="http://libmeta.ru/me/relation/1002_39_RATsIONAL'NOE">
      <rel_text>характер</rel_text>
      <target>http://libmeta.ru/me/article/830_HARAKTE</target>
    </relation>
    <relation uri="http://libmeta.ru/me/relation/1002_40_RATsIONAL'NOE">
      <rel_text>переводящий</rel_text>
      <target>http://libmeta.ru/me/article/222_PEREGÓROD</target>
    </relation>
    <relation uri="http://libmeta.ru/me/relation/1002_41_RATsIONAL'NOE">
      <rel_text>векторного расслоения</rel_text>
      <target>http://libmeta.ru/me/article/658_VEKTORNOE</target>
    </relation>
    <relation uri="http://libmeta.ru/me/relation/1002_42_RATsIONAL'NOE">
      <rel_text>сечений</rel_text>
      <target>http://libmeta.ru/me/article/1284_SEChENI</target>
    </relation>
    <relation uri="http://libmeta.ru/me/relation/1002_43_RATsIONAL'NOE">
      <rel_text>регулярных</rel_text>
      <target>http://libmeta.ru/me/article/1037_REGULJaTO</target>
    </relation>
    <relation uri="http://libmeta.ru/me/relation/1002_44_RATsIONAL'NOE">
      <rel_text>пространством</rel_text>
      <target>http://libmeta.ru/me/article/748_PROSTRANSTV</target>
    </relation>
    <relation uri="http://libmeta.ru/me/relation/1002_45_RATsIONAL'NOE">
      <rel_text>пространства</rel_text>
      <target>http://libmeta.ru/me/article/748_PROSTRANSTV</target>
    </relation>
    <relation uri="http://libmeta.ru/me/relation/1002_46_RATsIONAL'NOE">
      <rel_text>Геометрич</rel_text>
      <target>http://libmeta.ru/me/article/1012_GEOMETRI</target>
    </relation>
    <relation uri="http://libmeta.ru/me/relation/1002_47_RATsIONAL'NOE">
      <rel_text>группы</rel_text>
      <target>http://libmeta.ru/me/article/1207_GRUPІІ</target>
    </relation>
    <relation uri="http://libmeta.ru/me/relation/1002_48_RATsIONAL'NOE">
      <rel_text>функций</rel_text>
      <target>http://libmeta.ru/me/article/790_FUNKTO</target>
    </relation>
    <relation uri="http://libmeta.ru/me/relation/1002_49_RATsIONAL'NOE">
      <rel_text>регулярных</rel_text>
      <target>http://libmeta.ru/me/article/1037_REGULJaTO</target>
    </relation>
    <relation uri="http://libmeta.ru/me/relation/1002_50_RATsIONAL'NOE">
      <rel_text>алгебра</rel_text>
      <target>http://libmeta.ru/me/article/93_ALGEBR</target>
    </relation>
    <relation uri="http://libmeta.ru/me/relation/1002_51_RATsIONAL'NOE">
      <rel_text>получена</rel_text>
      <target>http://libmeta.ru/me/article/473_POLUNORM</target>
    </relation>
    <relation uri="http://libmeta.ru/me/relation/1002_52_RATsIONAL'NOE">
      <rel_text>неприводимых</rel_text>
      <target>http://libmeta.ru/me/article/957_NEPRERYVNOST</target>
    </relation>
    <relation uri="http://libmeta.ru/me/relation/1002_53_RATsIONAL'NOE">
      <rel_text>доминантными</rel_text>
      <target>http://libmeta.ru/me/article/333_DOMINIROVANI</target>
    </relation>
    <relation uri="http://libmeta.ru/me/relation/1002_54_RATsIONAL'NOE">
      <rel_text>неприводимых</rel_text>
      <target>http://libmeta.ru/me/article/957_NEPRERYVNOST</target>
    </relation>
    <relation uri="http://libmeta.ru/me/relation/1002_55_RATsIONAL'NOE">
      <rel_text>Отображение</rel_text>
      <target>http://libmeta.ru/me/article/128_OTOBRAZhENI</target>
    </relation>
  </relations>
  <text>р а и ч е с к о й $URI[[http://libmeta.ru/me/formula/aux/1002_1_RATsIONAL'NOE]]/URI$ р у п п ы $URI[[http://libmeta.ru/me/formula/aux/1002_2_RATsIONAL'NOE]]/URI$ - линейное представление алгебраич. группы $URI[[http://libmeta.ru/me/formula/aux/1002_3_RATsIONAL'NOE]]/URI$ над алгебраически замкнутым полем $URI[[http://libmeta.ru/me/formula/aux/1002_4_RATsIONAL'NOE]]/URI$ в конечномерном векторном пространстве $URI[[http://libmeta.ru/me/formula/aux/1002_5_RATsIONAL'NOE]]/URI$ над $URI[[http://libmeta.ru/me/formula/aux/1002_6_RATsIONAL'NOE]]/URI$, являющееся рациональным (и тем самым регулярным) гомоморфизмом группы $URI[[http://libmeta.ru/me/formula/aux/1002_7_RATsIONAL'NOE]]/URI$ в $URI[[http://libmeta.ru/me/formula/aux/1002_8_RATsIONAL'NOE]]/URI$. Говорят также, что $URI[[http://libmeta.ru/me/formula/aux/1002_9_RATsIONAL'NOE]]/URI$ а ц и на л ьны й $URI[[http://libmeta.ru/me/formula/aux/1002_10_RATsIONAL'NOE]]/URI$ д у ль. Прямая сумма и тензорное произведение конечного числа Р. п. группы $URI[[http://libmeta.ru/me/formula/aux/1002_11_RATsIONAL'NOE]]/URI$ являются Р. п.; подпредставление и факторпредставление нек-рого Р. п. являются Р. п.; симметрическая или внешняя степень любого Р. П. является Р. п.; представление, контрагредиентное к Р. П., является Р. П.

Если $URI[[http://libmeta.ru/me/formula/aux/1002_12_RATsIONAL'NOE]]/URI$ конечна, то всякое ее линейное представление будет Р. П. и теория Р. п. сливается с теорией представлений конечных групп. В наибольшей степени специфич. методы теории линейных алгебраич. групп используются при исследовании Р. п. в том случае, когда рассматриваемая группа связна, причем наиболее глубоко развита теория Р. п. связыых полупростых алгебраич. групп. Далее $URI[[http://libmeta.ru/me/formula/aux/1002_13_RATsIONAL'NOE]]/URI$ такая группа. Пусть $URI[[http://libmeta.ru/me/formula/aux/1002_14_RATsIONAL'NOE]]/URI$ - ее максимальный тор, Х $URI[[http://libmeta.ru/me/formula/aux/1002_15_RATsIONAL'NOE]]/URI$ - его группа рациональных характеров (записываемая аддитивно), $URI[[http://libmeta.ru/me/formula/aux/1002_16_RATsIONAL'NOE]]/URI$ система корней группы $URI[[http://libmeta.ru/me/formula/aux/1002_17_RATsIONAL'NOE]]/URI$ относительно $URI[[http://libmeta.ru/me/formula/aux/1002_18_RATsIONAL'NOE]]/URI$ ее группа Вейля. И пусть $URI[[http://libmeta.ru/me/formula/aux/1002_19_RATsIONAL'NOE]]/URI$ есть Р. п. Ограничение представления $URI[[http://libmeta.ru/me/formula/aux/1002_20_RATsIONAL'NOE]]/URI$ на $URI[[http://libmeta.ru/me/formula/aux/1002_21_RATsIONAL'NOE]]/URI$ разлагается в прямую сумму одномерных представлений, точнее

\[
URI[[http://libmeta.ru/me/formula/main/1002_1_RATsIONAL'NOE]]/URI
\]

где $URI[[http://libmeta.ru/me/formula/aux/1002_22_RATsIONAL'NOE]]/URI$ - нек-рое множество характеров тора $URI[[http://libmeta.ru/me/formula/aux/1002_23_RATsIONAL'NOE]]/URI$, называемых в е а м и представления, а

\[
URI[[http://libmeta.ru/me/formula/main/1002_2_RATsIONAL'NOE]]/URI
\]

Множество весов $URI[[http://libmeta.ru/me/formula/aux/1002_24_RATsIONAL'NOE]]/URI$ инвариантно относительно $URI[[http://libmeta.ru/me/formula/aux/1002_25_RATsIONAL'NOE]]/URI$.

Если char $URI[[http://libmeta.ru/me/formula/aux/1002_26_RATsIONAL'NOE]]/URI$, то всякое Р. п. группы $URI[[http://libmeta.ru/me/formula/aux/1002_27_RATsIONAL'NOE]]/URI$ вполне приводимо, но если char $URI[[http://libmeta.ru/me/formula/aux/1002_28_RATsIONAL'NOE]]/URI$, то это уже не так (см. Мамфорда зипотеза). Однако при любой характеристике поля $URI[[http://libmeta.ru/me/formula/aux/1002_29_RATsIONAL'NOE]]/URI$ имеется полное описание неприводимых Р. п. Пусть $URI[[http://libmeta.ru/me/formula/aux/1002_30_RATsIONAL'NOE]]/URI$ - борелевская подгруппа в $URI[[http://libmeta.ru/me/formula/aux/1002_31_RATsIONAL'NOE]]/URI$, содержащая $URI[[http://libmeta.ru/me/formula/aux/1002_32_RATsIONAL'NOE]]/URI$, и $URI[[http://libmeta.ru/me/formula/aux/1002_33_RATsIONAL'NOE]]/URI$ определяемая ею система простых корней в $URI[[http://libmeta.ru/me/formula/aux/1002_34_RATsIONAL'NOE]]/URI$. Група $URI[[http://libmeta.ru/me/formula/aux/1002_35_RATsIONAL'NOE]]/URI$ рациональных характеров группы $URI[[http://libmeta.ru/me/formula/aux/1002_36_RATsIONAL'NOE]]/URI$ отождествляется с $URI[[http://libmeta.ru/me/formula/aux/1002_37_RATsIONAL'NOE]]/URI$. В пространстве $URI[[http://libmeta.ru/me/formula/aux/1002_38_RATsIONAL'NOE]]/URI$ любого неприводимого Р. п. $URI[[http://libmeta.ru/me/formula/aux/1002_39_RATsIONAL'NOE]]/URI$ существует единственное одномерное весовое подпространство $URI[[http://libmeta.ru/me/formula/aux/1002_40_RATsIONAL'NOE]]/URI$, $URI[[http://libmeta.ru/me/formula/aux/1002_41_RATsIONAL'NOE]]/URI$, инвариантное относительно группы $URI[[http://libmeta.ru/me/formula/aux/1002_42_RATsIONAL'NOE]]/URI$. Характер $URI[[http://libmeta.ru/me/formula/aux/1002_43_RATsIONAL'NOE]]/URI$ наз. с т а $URI[[http://libmeta.ru/me/formula/aux/1002_44_RATsIONAL'NOE]]/URI$ ши м в е с о м не п р и в од и м ого Р. п. $URI[[http://libmeta.ru/me/formula/aux/1002_45_RATsIONAL'NOE]]/URI$; он доминантен, т. е. скалярное произведение $URI[[http://libmeta.ru/me/formula/aux/1002_46_RATsIONAL'NOE]]/URI$ для любого $URI[[http://libmeta.ru/me/formula/aux/1002_47_RATsIONAL'NOE]]/URI$, а всякий другой вес $URI[[http://libmeta.ru/me/formula/aux/1002_48_RATsIONAL'NOE]]/URI$ имеет вид

\[
URI[[http://libmeta.ru/me/formula/main/1002_3_RATsIONAL'NOE]]/URI
\]

URI[[http://libmeta.ru/me/relation/1002_55_RATsIONAL'NOE]]/URI $URI[[http://libmeta.ru/me/formula/aux/1002_49_RATsIONAL'NOE]]/URI$ определяет биекцию между классами эквивалентных URI[[http://libmeta.ru/me/relation/1002_54_RATsIONAL'NOE]]/URI Р. п. и URI[[http://libmeta.ru/me/relation/1002_53_RATsIONAL'NOE]]/URI элементами из $URI[[http://libmeta.ru/me/formula/aux/1002_50_RATsIONAL'NOE]]/URI$. Явная конструкция всех URI[[http://libmeta.ru/me/relation/1002_52_RATsIONAL'NOE]]/URI Р. п. может быть URI[[http://libmeta.ru/me/relation/1002_51_RATsIONAL'NOE]]/URI следующим образом. Пусть $URI[[http://libmeta.ru/me/formula/aux/1002_51_RATsIONAL'NOE]]/URI$ - URI[[http://libmeta.ru/me/relation/1002_50_RATsIONAL'NOE]]/URI URI[[http://libmeta.ru/me/relation/1002_49_RATsIONAL'NOE]]/URI URI[[http://libmeta.ru/me/relation/1002_48_RATsIONAL'NOE]]/URI на $URI[[http://libmeta.ru/me/formula/aux/1002_52_RATsIONAL'NOE]]/URI$. Для любого $URI[[http://libmeta.ru/me/formula/aux/1002_53_RATsIONAL'NOE]]/URI$ рассматривается подпространство

\[
URI[[http://libmeta.ru/me/formula/main/1002_4_RATsIONAL'NOE]]/URI
\]

Оно конечномерно и является рациональным $URI[[http://libmeta.ru/me/formula/aux/1002_54_RATsIONAL'NOE]]/URI$-модулем относительно действия URI[[http://libmeta.ru/me/relation/1002_47_RATsIONAL'NOE]]/URI $URI[[http://libmeta.ru/me/formula/aux/1002_55_RATsIONAL'NOE]]/URI$ левыми сдвигами. URI[[http://libmeta.ru/me/relation/1002_46_RATsIONAL'NOE]]/URI. смысл этого URI[[http://libmeta.ru/me/relation/1002_45_RATsIONAL'NOE]]/URI таков: оно канонически отождествляется с URI[[http://libmeta.ru/me/relation/1002_44_RATsIONAL'NOE]]/URI URI[[http://libmeta.ru/me/relation/1002_43_RATsIONAL'NOE]]/URI URI[[http://libmeta.ru/me/relation/1002_42_RATsIONAL'NOE]]/URI одномерного однородного URI[[http://libmeta.ru/me/relation/1002_41_RATsIONAL'NOE]]/URI над $URI[[http://libmeta.ru/me/formula/aux/1002_56_RATsIONAL'NOE]]/URI$, определенного характером $URI[[http://libmeta.ru/me/formula/aux/1002_57_RATsIONAL'NOE]]/URI$. Пусть $URI[[http://libmeta.ru/me/formula/aux/1002_58_RATsIONAL'NOE]]/URI$ - элемент, URI[[http://libmeta.ru/me/relation/1002_40_RATsIONAL'NOE]]/URI положительные корни в отрицательные. Тогда если $URI[[http://libmeta.ru/me/formula/aux/1002_59_RATsIONAL'NOE]]/URI$, то $URI[[http://libmeta.ru/me/formula/aux/1002_60_RATsIONAL'NOE]]/URI$ доминантный URI[[http://libmeta.ru/me/relation/1002_39_RATsIONAL'NOE]]/URI и минимальный ненулевой $URI[[http://libmeta.ru/me/formula/aux/1002_61_RATsIONAL'NOE]]/URI$-подмодуль в $URI[[http://libmeta.ru/me/formula/aux/1002_62_RATsIONAL'NOE]]/URI$ является URI[[http://libmeta.ru/me/relation/1002_38_RATsIONAL'NOE]]/URI рациональным $URI[[http://libmeta.ru/me/formula/aux/1002_63_RATsIONAL'NOE]]/URI$-модулем со старшим весом $URI[[http://libmeta.ru/me/formula/aux/1002_64_RATsIONAL'NOE]]/URI$. Всякий URI[[http://libmeta.ru/me/relation/1002_37_RATsIONAL'NOE]]/URI рациональный $URI[[http://libmeta.ru/me/formula/aux/1002_65_RATsIONAL'NOE]]/URI$-модуль URI[[http://libmeta.ru/me/relation/1002_36_RATsIONAL'NOE]]/URI при помощи такой конструкции. Если char $URI[[http://libmeta.ru/me/formula/aux/1002_66_RATsIONAL'NOE]]/URI$, то уже сам $URI[[http://libmeta.ru/me/formula/aux/1002_67_RATsIONAL'NOE]]/URI$-модуль $URI[[http://libmeta.ru/me/formula/aux/1002_68_RATsIONAL'NOE]]/URI$ шеприводим.

Для URI[[http://libmeta.ru/me/relation/1002_35_RATsIONAL'NOE]]/URI URI[[http://libmeta.ru/me/relation/1002_34_RATsIONAL'NOE]]/URI Р. п. часто используются упомянутые выше URI[[http://libmeta.ru/me/relation/1002_33_RATsIONAL'NOE]]/URI над Р. п. Напр., если $URI[[http://libmeta.ru/me/formula/aux/1002_69_RATsIONAL'NOE]]/URI$ - URI[[http://libmeta.ru/me/relation/1002_32_RATsIONAL'NOE]]/URI Р. п. со старшим весом $URI[[http://libmeta.ru/me/formula/aux/1002_70_RATsIONAL'NOE]]/URI$, $URI[[http://libmeta.ru/me/formula/aux/1002_71_RATsIONAL'NOE]]/URI$ то нек-рое URI[[http://libmeta.ru/me/relation/1002_31_RATsIONAL'NOE]]/URI $URI[[http://libmeta.ru/me/formula/aux/1002_72_RATsIONAL'NOE]]/URI$ является URI[[http://libmeta.ru/me/relation/1002_30_RATsIONAL'NOE]]/URI Р. п. со старшим весом $URI[[http://libmeta.ru/me/formula/aux/1002_73_RATsIONAL'NOE]]/URI$ $URI[[http://libmeta.ru/me/formula/aux/1002_74_RATsIONAL'NOE]]/URI$ (оно наз. к а $URI[[http://libmeta.ru/me/formula/aux/1002_75_RATsIONAL'NOE]]/URI$ т а н о в с к о й к о м по о3 и ц и е й Р. п. $URI[[http://libmeta.ru/me/formula/aux/1002_76_RATsIONAL'NOE]]/URI$. Если $URI[[http://libmeta.ru/me/formula/aux/1002_77_RATsIONAL'NOE]]/URI$ - URI[[http://libmeta.ru/me/relation/1002_29_RATsIONAL'NOE]]/URI Р. п. со старшим весом $URI[[http://libmeta.ru/me/formula/aux/1002_78_RATsIONAL'NOE]]/URI$, то нек-рое URI[[http://libmeta.ru/me/relation/1002_28_RATsIONAL'NOE]]/URI $URI[[http://libmeta.ru/me/formula/aux/1002_79_RATsIONAL'NOE]]/URI$ является шеприводимым Р. п. со старшим весом $URI[[http://libmeta.ru/me/formula/aux/1002_80_RATsIONAL'NOE]]/URI$, а $URI[[http://libmeta.ru/me/formula/aux/1002_81_RATsIONAL'NOE]]/URI$ неприводимо и его старшим весом является $URI[[http://libmeta.ru/me/formula/aux/1002_82_RATsIONAL'NOE]]/URI$.

Пусть $URI[[http://libmeta.ru/me/formula/aux/1002_83_RATsIONAL'NOE]]/URI$ - URI[[http://libmeta.ru/me/relation/1002_27_RATsIONAL'NOE]]/URI URI[[http://libmeta.ru/me/relation/1002_26_RATsIONAL'NOE]]/URI $URI[[http://libmeta.ru/me/formula/aux/1002_84_RATsIONAL'NOE]]/URI$. Если $URI[[http://libmeta.ru/me/formula/aux/1002_85_RATsIONAL'NOE]]/URI$ есть Р. п., то его URI[[http://libmeta.ru/me/relation/1002_25_RATsIONAL'NOE]]/URI $URI[[http://libmeta.ru/me/formula/aux/1002_86_RATsIONAL'NOE]]/URI$ является URI[[http://libmeta.ru/me/relation/1002_24_RATsIONAL'NOE]]/URI URI[[http://libmeta.ru/me/relation/1002_23_RATsIONAL'NOE]]/URI Ли g. Р. п. $URI[[http://libmeta.ru/me/formula/aux/1002_87_RATsIONAL'NOE]]/URI$ наз. и н ф и н и т е 3 им аль н о н е пі р и в о д и мым, если $URI[[http://libmeta.ru/me/formula/aux/1002_88_RATsIONAL'NOE]]/URI$ URI[[http://libmeta.ru/me/relation/1002_22_RATsIONAL'NOE]]/URI URI[[http://libmeta.ru/me/relation/1002_21_RATsIONAL'NOE]]/URI URI[[http://libmeta.ru/me/relation/1002_20_RATsIONAL'NOE]]/URI $URI[[http://libmeta.ru/me/formula/aux/1002_89_RATsIONAL'NOE]]/URI$. Инфинитезимально URI[[http://libmeta.ru/me/relation/1002_19_RATsIONAL'NOE]]/URI P. п. неприводимо, а в случае char $URI[[http://libmeta.ru/me/formula/aux/1002_90_RATsIONAL'NOE]]/URI$ верно и обратное (что в значительной URI[[http://libmeta.ru/me/relation/1002_18_RATsIONAL'NOE]]/URI сводит URI[[http://libmeta.ru/me/relation/1002_17_RATsIONAL'NOE]]/URI Р. п. URI[[http://libmeta.ru/me/relation/1002_16_RATsIONAL'NOE]]/URI к URI[[http://libmeta.ru/me/relation/1002_15_RATsIONAL'NOE]]/URI URI[[http://libmeta.ru/me/relation/1002_14_RATsIONAL'NOE]]/URI ее URI[[http://libmeta.ru/me/relation/1002_13_RATsIONAL'NOE]]/URI Ли), однако в случае char $URI[[http://libmeta.ru/me/formula/aux/1002_91_RATsIONAL'NOE]]/URI$ это уже не так. Инфинитезимально URI[[http://libmeta.ru/me/relation/1002_12_RATsIONAL'NOE]]/URI Р. п. в этом случае это в точности URI[[http://libmeta.ru/me/relation/1002_11_RATsIONAL'NOE]]/URI Р. п. со старшими весами $URI[[http://libmeta.ru/me/formula/aux/1002_92_RATsIONAL'NOE]]/URI$, для к-рых

\[
URI[[http://libmeta.ru/me/formula/main/1002_5_RATsIONAL'NOE]]/URI
\]

Более того, все URI[[http://libmeta.ru/me/relation/1002_10_RATsIONAL'NOE]]/URI Р. п. могут быть построены при помощи инфинитезимально URI[[http://libmeta.ru/me/relation/1002_9_RATsIONAL'NOE]]/URI. Точнее, если $URI[[http://libmeta.ru/me/formula/aux/1002_93_RATsIONAL'NOE]]/URI$ односвязна, т. е. если $URI[[http://libmeta.ru/me/formula/aux/1002_94_RATsIONAL'NOE]]/URI$ URI[[http://libmeta.ru/me/relation/1002_8_RATsIONAL'NOE]]/URI с решеткой весов URI[[http://libmeta.ru/me/relation/1002_7_RATsIONAL'NOE]]/URI $URI[[http://libmeta.ru/me/formula/aux/1002_95_RATsIONAL'NOE]]/URI$, то всякое URI[[http://libmeta.ru/me/relation/1002_6_RATsIONAL'NOE]]/URI Р. п. однозначно разлагается в тензорное про- изведение вида

\[
URI[[http://libmeta.ru/me/formula/main/1002_6_RATsIONAL'NOE]]/URI
\]

где $URI[[http://libmeta.ru/me/formula/aux/1002_96_RATsIONAL'NOE]]/URI$ инфинитезимально неприводимы, a $URI[[http://libmeta.ru/me/formula/aux/1002_97_RATsIONAL'NOE]]/URI$ URI[[http://libmeta.ru/me/relation/1002_5_RATsIONAL'NOE]]/URI, URI[[http://libmeta.ru/me/relation/1002_4_RATsIONAL'NOE]]/URI применением к URI[[http://libmeta.ru/me/relation/1002_3_RATsIONAL'NOE]]/URI элементам URI[[http://libmeta.ru/me/relation/1002_2_RATsIONAL'NOE]]/URI $URI[[http://libmeta.ru/me/formula/aux/1002_98_RATsIONAL'NOE]]/URI$ URI[[http://libmeta.ru/me/relation/1002_1_RATsIONAL'NOE]]/URI Фробениуса $URI[[http://libmeta.ru/me/formula/aux/1002_99_RATsIONAL'NOE]]/URI$.</text>
  <text_orig>р а и ч е с к о й $\Gamma$ р у п п ы $G$ - линейное представление алгебраич. группы $G$ над алгебраически замкнутым полем $k$ в конечномерном векторном пространстве $V$ над $k$, являющееся рациональным (и тем самым регулярным) гомоморфизмом группы $G$ в $G L(V)$. Говорят также, что $V-\mathrm{p}$ а ц и на л ьны й $G-\mathbf{м}$ д у ль. Прямая сумма и тензорное произведение конечного числа Р. п. группы $G$ являются Р. п.; подпредставление и факторпредставление нек-рого Р. п. являются Р. п.; симметрическая или внешняя степень любого Р. П. является Р. п.; представление, контрагредиентное к Р. П., является Р. П.

Если $G$ конечна, то всякое ее линейное представление будет Р. П. и теория Р. п. сливается с теорией представлений конечных групп. В наибольшей степени специфич. методы теории линейных алгебраич. групп используются при исследовании Р. п. в том случае, когда рассматриваемая группа связна, причем наиболее глубоко развита теория Р. п. связыых полупростых алгебраич. групп. Далее $G-$ такая группа. Пусть $T$ - ее максимальный тор, Х $(T)$ - его группа рациональных характеров (записываемая аддитивно), $\Sigma$ система корней группы $G$ относительно $T, W-$ ее группа Вейля. И пусть $\varphi: G \rightarrow G L(V)$ есть Р. п. Ограничение представления $\varphi$ на $T$ разлагается в прямую сумму одномерных представлений, точнее

\[
V=\bigoplus_{\chi \in P_{\varphi}} V(\chi)
\]

где $P_{\varphi} \subset \mathrm{X}(T)$ - нек-рое множество характеров тора $T$, называемых в е а м и представления, а

\[
V(\chi)=\{v \in V \mid \varphi(t) v=\chi(t) v \quad \forall t \in T\} \neq 0
\]

Множество весов $P_{\varphi}$ инвариантно относительно $W$.

Если char $k=0$, то всякое Р. п. группы $G$ вполне приводимо, но если char $k&gt;0$, то это уже не так (см. Мамфорда зипотеза). Однако при любой характеристике поля $k$ имеется полное описание неприводимых Р. п. Пусть $B$ - борелевская подгруппа в $G$, содержащая $T$, и $\Delta-$ определяемая ею система простых корней в $\Sigma$. Група $\mathrm{X}(B)$ рациональных характеров группы $B$ отождествляется с $\mathrm{X}(T)$. В пространстве $V$ любого неприводимого Р. п. $\varphi: G \rightarrow G L(V)$ существует единственное одномерное весовое подпространство $V\left(\delta_{\varphi}\right)$, $\delta_{\varphi} \in P_{\varphi}$, инвариантное относительно группы $B$. Характер $\delta_{\varphi}$ наз. с т а $p$ ши м в е с о м не п р и в од и м ого Р. п. $\varphi$; он доминантен, т. е. скалярное произведение $\left(\delta_{\varphi}, \alpha\right) \geqslant 0$ для любого $\alpha \in \Delta$, а всякий другой вес $\chi \in P_{\varphi}$ имеет вид

\[
\chi=\delta_{\varphi}-\sum_{\alpha \in \Delta} m_{\alpha} \alpha, \quad m_{\alpha} \in \mathbb{Z}, \quad m_{\alpha} \geqslant 0 .
\]

Отображение $\varphi \mapsto \delta_{\varphi}$ определяет биекцию между классами эквивалентных неприводимых Р. п. и доминантными элементами из $\mathrm{X}(T)$. Явная конструкция всех неприводимых Р. п. может быть получена следующим образом. Пусть $k[G]$ - алгебра регулярных функций на $G$. Для любого $\chi \in \mathrm{X}(T)=\mathrm{X}(B)$ рассматривается подпространство

\[
k[G]_{\chi}=\{f \in k[G] \mid f(g b)=\chi(b) f(g) \forall b \in B, g \in G\} .
\]

Оно конечномерно и является рациональным $G$-модулем относительно действия группы $G$ левыми сдвигами. Геометрич. смысл этого пространства таков: оно канонически отождествляется с пространством регулярных сечений одномерного однородного векторного расслоения над $G / B$, определенного характером $-\chi$. Пусть $w_{0} \in W$ - элемент, переводящий положительные корни в отрицательные. Тогда если $k[G]_{-w_{0}(\chi)} \neq 0$, то $\chi-$ доминантный характер и минимальный ненулевой $G$-подмодуль в $k[G]_{-w_{0}(\chi)}$ является неприводимым рациональным $G$-модулем со старшим весом $\chi$. Всякий неприводимый рациональный $G$-модуль получается при помощи такой конструкции. Если char $k=0$, то уже сам $G$-модуль $k[G]_{-w_{0}(\mathrm{x})}$ шеприводим.

Для получения неприводимых Р. п. часто используются упомянутые выше операции над Р. п. Напр., если $\varphi_{i}$ - неприводимое Р. п. со старшим весом $\chi_{i}, i=1$, $\ldots, \quad d, \quad$ то нек-рое факторпредставление $\varphi_{1} \otimes \cdots \otimes \varphi_{d}$ является неприводимым Р. п. со старшим весом $\chi_{1}+$ $+\ldots+\chi_{d}$ (оно наз. к а $\mathrm{p}$ т а н о в с к о й к о м по о3 и ц и е й Р. п. $\left.\varphi_{1}, \ldots, \varphi_{d}\right)$. Если $\varphi$ - неприводимое Р. п. со старшим весом $\chi$, то нек-рое факторпредставление $S_{\varphi}^{d}$ является шеприводимым Р. п. со старшим весом $d \chi$, а $\varphi^{*}-$ неприводимо и его старшим весом является $-w_{0}(\chi)$.

Пусть $\mathfrak{g}$ - алгебра Ли группы $G$. Если $\varphi: G \rightarrow G L(V)$ есть Р. п., то его дифференциал $d \varphi$ является представлением алгебры Ли g. Р. п. $\varphi$ наз. и н ф и н и т е 3 им аль н о н е пі р и в о д и мым, если $d \varphi-$ неприводимое представление алгебры $\mathfrak{g}$. Инфинитезимально неприводимое P. п. неприводимо, а в случае char $k=0$ верно и обратное (что в значительной степени сводит теорию Р. п. группы к теории представлений ее алгебры Ли), однако в случае char $k&gt;0$ это уже не так. Инфинитезимально неприводимые Р. п. в этом случае это в точности неприводимые Р. п. со старшими весами $\chi$, для к-рых

\[
0 \leqslant \frac{2(\chi, \alpha)}{(\alpha, \alpha)}&lt;p \text { при любом } \alpha \in \Delta .
\]

Более того, все неприводимые Р. п. могут быть построены при помощи инфинитезимально неприводимых. Точнее, если $G$ односвязна, т. е. если $X(T)$ совпадает с решеткой весов корневой системы $\Sigma$, то всякое неприводимое Р. п. однозначно разлагается в тензорное про- изведение вида

\[
\varphi_{0} \otimes \varphi_{1}^{\mathrm{Fr}} \otimes \ldots \otimes \varphi_{d}^{\mathrm{Fr}^{\mathrm{r}}}
\]

где $\varphi_{0}, \varphi_{1}, \ldots, \varphi_{d}$ инфинитезимально неприводимы, a $\varphi_{i}^{\mathrm{Fr}^{i}}-$ представление, полученное применением к матричным элементам представления $\varphi_{i}$ автоморфизма Фробениуса $a \mapsto a^{P^{i}}(a \in k), P=\operatorname{char} k$.

Лит.: [1] Б о р е ль ь А., Линейные алгебраические группы, пер. с англ., M., 1972; [2] е г о ж е, в кн.: Algebraic geometry, Providence, 1975, p. $421-40$ (Proc. Symposia in pure math., v. 29, Arkata, 1974); [3] X а м ф р и Д ж., Линейные алгебраи-
ческие группы, пер. с англ., М., 1980 ; [4] Семинар по алгебраическим группам, пер. с англ., М., 1973; [5] С т е й н 6 е p r P., Лекции о группах Шевалле, пер. с англ., М., 1975; [6] е г о ж е, &quot;Nagoya math. J.&quot;, 1963 , v. 22, p. $33-56 ;$ [7] H o c h s c h i l d G., The structure of Lie groups, S. F., 1965; [8] H u m p hre y s J. E., Introduction to Lie algebras and representation
theory, N. Y. [a. o.], 1972.</text_orig>
</article>
