<?xml version="1.0" ?>
<article uri="http://libmeta.ru/me/article/1002_ChZhOU" alphabetic_pos="1002">
  <title>ЧЖОУ ТЕОРЕМА</title>
  <authors/>
  <pages>
    <start>433</start>
    <end>433</end>
  </pages>
  <literature>
    <literature_orig>Лum.: [1] C h o w W.-L., &quot;amer. J. Math.&quot;, 1949, v. 71, p. $893-914 ;$ [2] Г р и фофи т с Ф., Х а р р и с Д к., Принципы![](https://cdn.mathpix.com/cropped/2023_07_09_5608f5b3596dbefdce07g-1.jpg?height=76&amp;width=822&amp;top_left_y=176&amp;top_left_x=982)</literature_orig>
    <unit>
      <author>Chow W.- L.</author>
      <title>&quot;amer. J. Math.&quot;</title>
      <publication/>
      <year>1949</year>
      <other>v. 71, p. $893-914 ;$</other>
    </unit>
    <unit>
      <author>Грифофитс Ф.</author>
      <title>Х а р р и с Д к.</title>
      <publication/>
      <year>2023</year>
      <other/>
    </unit>
  </literature>
  <formulas_main/>
  <formulas_aux/>
  <relations n="4">
    <relation uri="http://libmeta.ru/me/relation/1002_1_ChZhOU">
      <rel_text>Теорема</rel_text>
      <target>http://libmeta.ru/me/article/381_TEORI</target>
    </relation>
    <relation uri="http://libmeta.ru/me/relation/1002_2_ChZhOU">
      <rel_text>многообразием</rel_text>
      <target>http://libmeta.ru/me/article/438_MNOGOOBRAZI</target>
    </relation>
    <relation uri="http://libmeta.ru/me/relation/1002_3_ChZhOU">
      <rel_text>проективного пространства</rel_text>
      <target>http://libmeta.ru/me/article/698_PROEKTIVNOE</target>
    </relation>
    <relation uri="http://libmeta.ru/me/relation/1002_4_ChZhOU">
      <rel_text>комплексного</rel_text>
      <target>http://libmeta.ru/me/article/1005_KOMPAKTNOST</target>
    </relation>
  </relations>
  <text>любое аналитич. подмножество URI[[http://libmeta.ru/me/relation/1002_4_ChZhOU]]/URI URI[[http://libmeta.ru/me/relation/1002_3_ChZhOU]]/URI является алігебраическим URI[[http://libmeta.ru/me/relation/1002_2_ChZhOU]]/URI. URI[[http://libmeta.ru/me/relation/1002_1_ChZhOU]]/URI доказана В. Чжо [1].</text>
  <text_orig>любое аналитич. подмножество комплексного проективного пространства является алігебраическим многообразием. Теорема доказана В. Чжо [1].

Лum.: [1] C h o w W.-L., &quot;Amer. J. Math.&quot;, 1949, v. 71, p. $893-914 ;$ [2] Г р и фофи т с Ф., Х а р р и с Д к., Принципы

![](https://cdn.mathpix.com/cropped/2023_07_09_5608f5b3596dbefdce07g-1.jpg?height=76&amp;width=822&amp;top_left_y=176&amp;top_left_x=982)</text_orig>
</article>
