<?xml version="1.0" ?>
<article uri="http://libmeta.ru/me/article/1002_GEOKRIOLOGII" alphabetic_pos="1002">
  <title>ГЕОКРИОЛОГИИ МАТЕМАТИЧЕСКИЕ ЗАДАЧИ</title>
  <authors/>
  <pages>
    <start>467</start>
    <end>467</end>
  </pages>
  <literature>
    <literature_orig/>
  </literature>
  <formulas_main/>
  <formulas_aux>
    <formula uri="http://libmeta.ru/me/formula/aux/1002_1_GEOKRIOLOGII">c</formula>
  </formulas_aux>
  <relations n="28">
    <relation uri="http://libmeta.ru/me/relation/1002_1_GEOKRIOLOGII">
      <rel_text>балансом</rel_text>
      <target>http://libmeta.ru/me/article/939_GARMONIChESKOGO</target>
    </relation>
    <relation uri="http://libmeta.ru/me/relation/1002_2_GEOKRIOLOGII">
      <rel_text>промерзания</rel_text>
      <target>http://libmeta.ru/me/article/718_PROMEZhUTO</target>
    </relation>
    <relation uri="http://libmeta.ru/me/relation/1002_3_GEOKRIOLOGII">
      <rel_text>процессов</rel_text>
      <target>http://libmeta.ru/me/article/758_PROTsEDUR</target>
    </relation>
    <relation uri="http://libmeta.ru/me/relation/1002_4_GEOKRIOLOGII">
      <rel_text>Ii</rel_text>
      <target>http://libmeta.ru/me/article/370_II</target>
    </relation>
    <relation uri="http://libmeta.ru/me/relation/1002_5_GEOKRIOLOGII">
      <rel_text>задачii</rel_text>
      <target>http://libmeta.ru/me/article/10_ZAdAch</target>
    </relation>
    <relation uri="http://libmeta.ru/me/relation/1002_6_GEOKRIOLOGII">
      <rel_text>многофронтовой</rel_text>
      <target>http://libmeta.ru/me/article/725_MNOGOUGOL'NI</target>
    </relation>
    <relation uri="http://libmeta.ru/me/relation/1002_7_GEOKRIOLOGII">
      <rel_text>протаивания</rel_text>
      <target>http://libmeta.ru/me/article/756_PROTIVOREChI</target>
    </relation>
    <relation uri="http://libmeta.ru/me/relation/1002_8_GEOKRIOLOGII">
      <rel_text>сложной</rel_text>
      <target>http://libmeta.ru/me/article/1403_SLOZhENI</target>
    </relation>
    <relation uri="http://libmeta.ru/me/relation/1002_9_GEOKRIOLOGII">
      <rel_text>задачи</rel_text>
      <target>http://libmeta.ru/me/article/10_ZAdAch</target>
    </relation>
    <relation uri="http://libmeta.ru/me/relation/1002_10_GEOKRIOLOGII">
      <rel_text>многомерной</rel_text>
      <target>http://libmeta.ru/me/article/438_MNOGOOBRAZI</target>
    </relation>
    <relation uri="http://libmeta.ru/me/relation/1002_11_GEOKRIOLOGII">
      <rel_text>промерзания</rel_text>
      <target>http://libmeta.ru/me/article/718_PROMEZhUTO</target>
    </relation>
    <relation uri="http://libmeta.ru/me/relation/1002_12_GEOKRIOLOGII">
      <rel_text>сопровождается</rel_text>
      <target>http://libmeta.ru/me/article/79_SOPRIKOSNOVENI</target>
    </relation>
    <relation uri="http://libmeta.ru/me/relation/1002_13_GEOKRIOLOGII">
      <rel_text>промерзания</rel_text>
      <target>http://libmeta.ru/me/article/718_PROMEZhUTO</target>
    </relation>
    <relation uri="http://libmeta.ru/me/relation/1002_14_GEOKRIOLOGII">
      <rel_text>подобных</rel_text>
      <target>http://libmeta.ru/me/article/360_PoDoBI</target>
    </relation>
    <relation uri="http://libmeta.ru/me/relation/1002_15_GEOKRIOLOGII">
      <rel_text>функций</rel_text>
      <target>http://libmeta.ru/me/article/790_FUNKTO</target>
    </relation>
    <relation uri="http://libmeta.ru/me/relation/1002_16_GEOKRIOLOGII">
      <rel_text>характеристики</rel_text>
      <target>http://libmeta.ru/me/article/839_HARAKTERISTIK</target>
    </relation>
    <relation uri="http://libmeta.ru/me/relation/1002_17_GEOKRIOLOGII">
      <rel_text>параболич</rel_text>
      <target>http://libmeta.ru/me/article/154_PARABOL</target>
    </relation>
    <relation uri="http://libmeta.ru/me/relation/1002_18_GEOKRIOLOGII">
      <rel_text>уравнений</rel_text>
      <target>http://libmeta.ru/me/article/106_URAVNENI</target>
    </relation>
    <relation uri="http://libmeta.ru/me/relation/1002_19_GEOKRIOLOGII">
      <rel_text>квазилинейных</rel_text>
      <target>http://libmeta.ru/me/article/849_KVAZIREShENI</target>
    </relation>
    <relation uri="http://libmeta.ru/me/relation/1002_20_GEOKRIOLOGII">
      <rel_text>системе</rel_text>
      <target>http://libmeta.ru/me/article/350_SISTEM</target>
    </relation>
    <relation uri="http://libmeta.ru/me/relation/1002_21_GEOKRIOLOGII">
      <rel_text>Задача</rel_text>
      <target>http://libmeta.ru/me/article/10_ZAdAch</target>
    </relation>
    <relation uri="http://libmeta.ru/me/relation/1002_22_GEOKRIOLOGII">
      <rel_text>связаны</rel_text>
      <target>http://libmeta.ru/me/article/1222_SVJaZK</target>
    </relation>
    <relation uri="http://libmeta.ru/me/relation/1002_23_GEOKRIOLOGII">
      <rel_text>промерзании</rel_text>
      <target>http://libmeta.ru/me/article/718_PROMEZhUTO</target>
    </relation>
    <relation uri="http://libmeta.ru/me/relation/1002_24_GEOKRIOLOGII">
      <rel_text>происходящие</rel_text>
      <target>http://libmeta.ru/me/article/1045_PROIZVODNA</target>
    </relation>
    <relation uri="http://libmeta.ru/me/relation/1002_25_GEOKRIOLOGII">
      <rel_text>процессы</rel_text>
      <target>http://libmeta.ru/me/article/758_PROTsEDUR</target>
    </relation>
    <relation uri="http://libmeta.ru/me/relation/1002_26_GEOKRIOLOGII">
      <rel_text>происходящих</rel_text>
      <target>http://libmeta.ru/me/article/1045_PROIZVODNA</target>
    </relation>
    <relation uri="http://libmeta.ru/me/relation/1002_27_GEOKRIOLOGII">
      <rel_text>процессов</rel_text>
      <target>http://libmeta.ru/me/article/758_PROTsEDUR</target>
    </relation>
    <relation uri="http://libmeta.ru/me/relation/1002_28_GEOKRIOLOGII">
      <rel_text>задачи</rel_text>
      <target>http://libmeta.ru/me/article/10_ZAdAch</target>
    </relation>
  </relations>
  <text>математич. URI[[http://libmeta.ru/me/relation/1002_28_GEOKRIOLOGII]]/URI, возникающие при изучении URI[[http://libmeta.ru/me/relation/1002_27_GEOKRIOLOGII]]/URI и явлений, URI[[http://libmeta.ru/me/relation/1002_26_GEOKRIOLOGII]]/URI в мерзлых почвах и горных породах, географич. распространения и условий формирования сезонномерзлых и многолетнемерзлых горных пород (вечной мерзлоты). Интересные Г. м. з. возникают при изучении проблемы взаимодействия температурных и влажностных полей в зонах с подвижными границами раздела фаз. Характерной особенностью Г. м. з. является то, что URI[[http://libmeta.ru/me/relation/1002_25_GEOKRIOLOGII]]/URI тепло- и массообмена, URI[[http://libmeta.ru/me/relation/1002_24_GEOKRIOLOGII]]/URI при URI[[http://libmeta.ru/me/relation/1002_23_GEOKRIOLOGII]]/URI и оттаивании пород, тесно URI[[http://libmeta.ru/me/relation/1002_22_GEOKRIOLOGII]]/URI между собой. URI[[http://libmeta.ru/me/relation/1002_21_GEOKRIOLOGII]]/URI сводится к URI[[http://libmeta.ru/me/relation/1002_20_GEOKRIOLOGII]]/URI URI[[http://libmeta.ru/me/relation/1002_19_GEOKRIOLOGII]]/URI URI[[http://libmeta.ru/me/relation/1002_18_GEOKRIOLOGII]]/URI URI[[http://libmeta.ru/me/relation/1002_17_GEOKRIOLOGII]]/URI. типа, поскольку тепло- и влагообменные URI[[http://libmeta.ru/me/relation/1002_16_GEOKRIOLOGII]]/URI среды существенно зависят от искомых URI[[http://libmeta.ru/me/relation/1002_15_GEOKRIOLOGII]]/URI. Типичными примерами URI[[http://libmeta.ru/me/relation/1002_14_GEOKRIOLOGII]]/URI задач являются исследование URI[[http://libmeta.ru/me/relation/1002_13_GEOKRIOLOGII]]/URI влагонасыщенных тонкодисперсных пород, к-рое URI[[http://libmeta.ru/me/relation/1002_12_GEOKRIOLOGII]]/URI миграцией влаги к фронту URI[[http://libmeta.ru/me/relation/1002_11_GEOKRIOLOGII]]/URI і пучением, а также исследование оттаивания грубодисперсных пород, сопряженное с инфильтрацией и фильтрацией влаги. Особое значение для инженерной геологии имеет решение URI[[http://libmeta.ru/me/relation/1002_10_GEOKRIOLOGII]]/URI $URI[[http://libmeta.ru/me/formula/aux/1002_1_GEOKRIOLOGII]]/URI$ тебана URI[[http://libmeta.ru/me/relation/1002_9_GEOKRIOLOGII]]/URI, для областей со URI[[http://libmeta.ru/me/relation/1002_8_GEOKRIOLOGII]]/URI конфигурацией, в частности о чаше URI[[http://libmeta.ru/me/relation/1002_7_GEOKRIOLOGII]]/URI при тражданском и промышленном строительстве. Решение вопросов псторич. геокриологии приводит к необходимости исследования URI[[http://libmeta.ru/me/relation/1002_6_GEOKRIOLOGII]]/URI URI[[http://libmeta.ru/me/relation/1002_5_GEOKRIOLOGII]]/URI Стефана с учетом образования зон URI[[http://libmeta.ru/me/relation/1002_4_GEOKRIOLOGII]]/URI вырождения их в точку. Важное значение при этом имеет увязка URI[[http://libmeta.ru/me/relation/1002_3_GEOKRIOLOGII]]/URI URI[[http://libmeta.ru/me/relation/1002_2_GEOKRIOLOGII]]/URI іл оттаивания в верхніх слоях литосферы с радиационно-тепловым URI[[http://libmeta.ru/me/relation/1002_1_GEOKRIOLOGII]]/URI.</text>
  <text_orig>математич. задачи, возникающие при изучении процессов и явлений, происходящих в мерзлых почвах и горных породах, географич. распространения и условий формирования сезонномерзлых и многолетнемерзлых горных пород (вечной мерзлоты). Интересные Г. м. з. возникают при изучении проблемы взаимодействия температурных и влажностных полей в зонах с подвижными границами раздела фаз. Характерной особенностью Г. м. з. является то, что процессы тепло- и массообмена, происходящие при промерзании и оттаивании пород, тесно связаны между собой. Задача сводится к системе квазилинейных уравнений параболич. типа, поскольку тепло- и влагообменные характеристики среды существенно зависят от искомых функций. Типичными примерами подобных задач являются исследование промерзания влагонасыщенных тонкодисперсных пород, к-рое сопровождается миграцией влаги к фронту промерзания і пучением, а также исследование оттаивания грубодисперсных пород, сопряженное с инфильтрацией и фильтрацией влаги. Особое значение для инженерной геологии имеет решение многомерной $C$ тебана задачи, для областей со сложной конфигурацией, в частности о чаше протаивания при тражданском и промышленном строительстве. Решение вопросов псторич. геокриологии приводит к необходимости исследования многофронтовой задачII Стефана с учетом образования зон II вырождения их в точку. Важное значение при этом имеет увязка процессов промерзания іл оттаивания в верхніх слоях литосферы с радиационно-тепловым балансом.</text_orig>
</article>
