<?xml version="1.0" ?>
<article uri="http://libmeta.ru/me/article/1002_NETEROVA" alphabetic_pos="1002">
  <title>НЁТЕРОВА ИНДУКЦИЯ</title>
  <authors/>
  <pages>
    <start>514</start>
    <end>514</end>
  </pages>
  <literature>
    <literature_orig>Лит.: [1] Б у р б а к и Н., Коммутативная алгебра, пер. с франц., М., 1971 . .Л. В. Кузьмит.</literature_orig>
    <unit>
      <author>Бурбаки Н.</author>
      <title>Коммутативная алгебра</title>
      <publication>пер. с франц., М.</publication>
      <year>1971</year>
      <other/>
    </unit>
  </literature>
  <formulas_main/>
  <formulas_aux>
    <formula uri="http://libmeta.ru/me/formula/aux/1002_1_NETEROVA">m</formula>
    <formula uri="http://libmeta.ru/me/formula/aux/1002_2_NETEROVA">f</formula>
    <formula uri="http://libmeta.ru/me/formula/aux/1002_3_NETEROVA">a \in F</formula>
    <formula uri="http://libmeta.ru/me/formula/aux/1002_4_NETEROVA">b \in F</formula>
    <formula uri="http://libmeta.ru/me/formula/aux/1002_5_NETEROVA">f</formula>
    <formula uri="http://libmeta.ru/me/formula/aux/1002_6_NETEROVA">m</formula>
    <formula uri="http://libmeta.ru/me/formula/aux/1002_7_NETEROVA">f</formula>
    <formula uri="http://libmeta.ru/me/formula/aux/1002_8_NETEROVA">y \subset F</formula>
    <formula uri="http://libmeta.ru/me/formula/aux/1002_9_NETEROVA">y</formula>
    <formula uri="http://libmeta.ru/me/formula/aux/1002_10_NETEROVA">y=y_{1} \cup Y_{2}</formula>
    <formula uri="http://libmeta.ru/me/formula/aux/1002_11_NETEROVA">y_{1}</formula>
    <formula uri="http://libmeta.ru/me/formula/aux/1002_12_NETEROVA">y_{2}</formula>
    <formula uri="http://libmeta.ru/me/formula/aux/1002_13_NETEROVA">y</formula>
    <formula uri="http://libmeta.ru/me/formula/aux/1002_14_NETEROVA">f</formula>
    <formula uri="http://libmeta.ru/me/formula/aux/1002_15_NETEROVA">f</formula>
  </formulas_aux>
  <relations n="17">
    <relation uri="http://libmeta.ru/me/relation/1002_1_NETEROVA">
      <rel_text>кольце</rel_text>
      <target>http://libmeta.ru/me/article/1000_KOL'Ts</target>
    </relation>
    <relation uri="http://libmeta.ru/me/relation/1002_2_NETEROVA">
      <rel_text>множествам</rel_text>
      <target>http://libmeta.ru/me/article/733_MNOZhESTV</target>
    </relation>
    <relation uri="http://libmeta.ru/me/relation/1002_3_NETEROVA">
      <rel_text>порядка</rel_text>
      <target>http://libmeta.ru/me/article/531_PORJaDO</target>
    </relation>
    <relation uri="http://libmeta.ru/me/relation/1002_4_NETEROVA">
      <rel_text>компонент</rel_text>
      <target>http://libmeta.ru/me/article/1009_KOMPLEK</target>
    </relation>
    <relation uri="http://libmeta.ru/me/relation/1002_5_NETEROVA">
      <rel_text>неприводимых</rel_text>
      <target>http://libmeta.ru/me/article/957_NEPRERYVNOST</target>
    </relation>
    <relation uri="http://libmeta.ru/me/relation/1002_6_NETEROVA">
      <rel_text>представить</rel_text>
      <target>http://libmeta.ru/me/article/606_PREDPORJaDO</target>
    </relation>
    <relation uri="http://libmeta.ru/me/relation/1002_7_NETEROVA">
      <rel_text>подмножеств</rel_text>
      <target>http://libmeta.ru/me/article/357_PODMATRITs</target>
    </relation>
    <relation uri="http://libmeta.ru/me/relation/1002_8_NETEROVA">
      <rel_text>множество</rel_text>
      <target>http://libmeta.ru/me/article/733_MNOZhESTV</target>
    </relation>
    <relation uri="http://libmeta.ru/me/relation/1002_9_NETEROVA">
      <rel_text>пространства</rel_text>
      <target>http://libmeta.ru/me/article/748_PROSTRANSTV</target>
    </relation>
    <relation uri="http://libmeta.ru/me/relation/1002_10_NETEROVA">
      <rel_text>подмножеств</rel_text>
      <target>http://libmeta.ru/me/article/357_PODMATRITs</target>
    </relation>
    <relation uri="http://libmeta.ru/me/relation/1002_11_NETEROVA">
      <rel_text>множество</rel_text>
      <target>http://libmeta.ru/me/article/733_MNOZhESTV</target>
    </relation>
    <relation uri="http://libmeta.ru/me/relation/1002_12_NETEROVA">
      <rel_text>множество</rel_text>
      <target>http://libmeta.ru/me/article/733_MNOZhESTV</target>
    </relation>
    <relation uri="http://libmeta.ru/me/relation/1002_13_NETEROVA">
      <rel_text>пространстве</rel_text>
      <target>http://libmeta.ru/me/article/748_PROSTRANSTV</target>
    </relation>
    <relation uri="http://libmeta.ru/me/relation/1002_14_NETEROVA">
      <rel_text>подмножеств</rel_text>
      <target>http://libmeta.ru/me/article/357_PODMATRITs</target>
    </relation>
    <relation uri="http://libmeta.ru/me/relation/1002_15_NETEROVA">
      <rel_text>множеству</rel_text>
      <target>http://libmeta.ru/me/article/733_MNOZhESTV</target>
    </relation>
    <relation uri="http://libmeta.ru/me/relation/1002_16_NETEROVA">
      <rel_text>упорядоченному множеству</rel_text>
      <target>http://libmeta.ru/me/article/594_UPORJaDOChENNOE</target>
    </relation>
    <relation uri="http://libmeta.ru/me/relation/1002_17_NETEROVA">
      <rel_text>рассуждений</rel_text>
      <target>http://libmeta.ru/me/article/973_RASSLOENI</target>
    </relation>
  </relations>
  <text>принцип URI[[http://libmeta.ru/me/relation/1002_17_NETEROVA]]/URI, применимый к частично URI[[http://libmeta.ru/me/relation/1002_16_NETEROVA]]/URI, в к-ром любое непустое подмножество содержит минимальный әлемент, напр. к URI[[http://libmeta.ru/me/relation/1002_15_NETEROVA]]/URI замкнутых URI[[http://libmeta.ru/me/relation/1002_14_NETEROVA]]/URI в нек-ром нётеровом URI[[http://libmeta.ru/me/relation/1002_13_NETEROVA]]/URI. Пусть $URI[[http://libmeta.ru/me/formula/aux/1002_1_NETEROVA]]/URI$ - такое URI[[http://libmeta.ru/me/relation/1002_12_NETEROVA]]/URI и $URI[[http://libmeta.ru/me/formula/aux/1002_2_NETEROVA]]/URI$ - его подмножество, обладающее тем свойством, что для любого $URI[[http://libmeta.ru/me/formula/aux/1002_3_NETEROVA]]/URI$ найдется строго меньший элемент $URI[[http://libmeta.ru/me/formula/aux/1002_4_NETEROVA]]/URI$. Тогда $URI[[http://libmeta.ru/me/formula/aux/1002_5_NETEROVA]]/URI$ пусто. Нашр., пусть $URI[[http://libmeta.ru/me/formula/aux/1002_6_NETEROVA]]/URI$ - URI[[http://libmeta.ru/me/relation/1002_11_NETEROVA]]/URI всех замкнутых URI[[http://libmeta.ru/me/relation/1002_10_NETEROVA]]/URI нек-рого нётерова URI[[http://libmeta.ru/me/relation/1002_9_NETEROVA]]/URI и $URI[[http://libmeta.ru/me/formula/aux/1002_7_NETEROVA]]/URI$ - URI[[http://libmeta.ru/me/relation/1002_8_NETEROVA]]/URI тех замкнутых URI[[http://libmeta.ru/me/relation/1002_7_NETEROVA]]/URI, к-рые нельзя URI[[http://libmeta.ru/me/relation/1002_6_NETEROVA]]/URI в виде конечного объединения URI[[http://libmeta.ru/me/relation/1002_5_NETEROVA]]/URI URI[[http://libmeta.ru/me/relation/1002_4_NETEROVA]]/URI. Если $URI[[http://libmeta.ru/me/formula/aux/1002_8_NETEROVA]]/URI$, то $URI[[http://libmeta.ru/me/formula/aux/1002_9_NETEROVA]]/URI$ приводимо, т. е. $URI[[http://libmeta.ru/me/formula/aux/1002_10_NETEROVA]]/URI$, где $URI[[http://libmeta.ru/me/formula/aux/1002_11_NETEROVA]]/URI$, $URI[[http://libmeta.ru/me/formula/aux/1002_12_NETEROVA]]/URI$ замкнуты, оба строго содержатся в $URI[[http://libmeta.ru/me/formula/aux/1002_13_NETEROVA]]/URI$ и хоть одно из них принадлежит $URI[[http://libmeta.ru/me/formula/aux/1002_14_NETEROVA]]/URI$. Следовательно $URI[[http://libmeta.ru/me/formula/aux/1002_15_NETEROVA]]/URI$ пусто.

Обращение URI[[http://libmeta.ru/me/relation/1002_3_NETEROVA]]/URI позволяет применять Н. и. также к частично упоря доченным URI[[http://libmeta.ru/me/relation/1002_2_NETEROVA]]/URI, любое непустое подмножество которых содержит максимальный элемент, например к решетке идеалов в нётеровом URI[[http://libmeta.ru/me/relation/1002_1_NETEROVA]]/URI.</text>
  <text_orig>принцип рассуждений, применимый к частично упорядоченному множеству, в к-ром любое непустое подмножество содержит минимальный әлемент, напр. к множеству замкнутых подмножеств в нек-ром нётеровом пространстве. Пусть $M$ - такое множество и $F$ - его подмножество, обладающее тем свойством, что для любого $a \in F$ найдется строго меньший элемент $b \in F$. Тогда $F$ пусто. Нашр., пусть $M$ - множество всех замкнутых подмножеств нек-рого нётерова пространства и $F$ - множество тех замкнутых подмножеств, к-рые нельзя представить в виде конечного объединения неприводимых компонент. Если $Y \subset F$, то $Y$ приводимо, т. е. $Y=Y_{1} \cup Y_{2}$, где $Y_{1}$, $Y_{2}$ замкнуты, оба строго содержатся в $Y$ и хоть одно из них принадлежит $F$. Следовательно $F$ пусто.

Обращение порядка позволяет применять Н. и. также к частично упоря доченным множествам, любое непустое подмножество которых содержит максимальный элемент, например к решетке идеалов в нётеровом кольце.

Лит.: [1] Б у р б а к и Н., Коммутативная алгебра, пер. с франц., М., 1971 . .Л. В. Кузьмит.</text_orig>
</article>
