<?xml version="1.0" ?>
<article uri="http://libmeta.ru/me/article/1003_ChZhӘNJa" alphabetic_pos="1003">
  <title>ЧЖӘНЯ КЛАСС</title>
  <authors/>
  <pages>
    <start>433</start>
    <end>434</end>
  </pages>
  <literature>
    <literature_orig>Jum.: [1] C h e r n S. S., &quot;ann. Math.&quot;, 1946, v. 47, Ni 1, p. 85-121; [2] С т о н $\gamma$ P., Заметки по теории кобордизмов, пер. с англ., М., 1973; [3] П а л е Р., Семинар по теореме Атьи Зингера об индексе, пер. с англ., М., 1970; [4] К о н н е р П., Ф л о й д Э., Гладкие периодические отображения, пер. с англ., М., $1969,[5]$ А т ь н м. Ф., 3 и н r е p И. М., &quot;уенехи матем. га л &quot; 1 . Б., там же, в. 6, с. 135-49; А т ь я М. Ф., Зи нг е р И. М., там же, 1969 , т. 24 , в. 1 , с. $127-82 ; 1972$, т. 27 , в. 4, с. $161-88$; [6] X и р ц е 6 р у х Ф., Топологические мето-ды в алгебраической геометрии, пер. с англ., М., 1973; [7] Х Б ю 3 м о л л е р Д., Раселоенные пространства, пер. с англ. M., 1970; [8] E у х Ii т а 6 e p B. M., «матем. сб.», 1970, т. 83, . 575-95; [9] H о в рии, пер. с англ., М., 1967.</literature_orig>
    <unit>
      <author>Chern S. S.</author>
      <title>&quot;ann. Math.&quot;</title>
      <publication/>
      <year>1946</year>
      <other>v. 47, Ni 1, p. 85-121</other>
    </unit>
    <unit>
      <author>Стон$\gamma$ P.</author>
      <title>Заметки по теории кобордизмов</title>
      <publication>пер. с англ., М.</publication>
      <year>1973</year>
      <other/>
    </unit>
    <unit>
      <author>Пале Р.</author>
      <title>Семинар по теореме Атьи Зингера об индексе</title>
      <publication>пер. с англ., М.</publication>
      <year>1970</year>
      <other/>
    </unit>
    <unit>
      <author>Коннер П.</author>
      <author>Флойд Э.</author>
      <title>Гладкие периодические отображения</title>
      <publication>пер. с англ., М.</publication>
      <year>1969</year>
      <other/>
    </unit>
    <unit>
      <author>$Атьнм. Ф.</author>
      <author>3инrеp И. М.</author>
      <author>&quot;уенехиматем.гал&quot;1. Б.</author>
      <title>там же, в. 6, с. 135-49; А т ь я М. Ф., Зи нг е р И. М., там же</title>
      <publication/>
      <year>1969</year>
      <other>т. 24, в. 1, с. $127-82 ; 1972$, т. 27, в. 4, с. $161-88$</other>
    </unit>
    <unit>
      <author>Xирце6рух Ф.</author>
      <title>Топологические мето-ды в алгебраической геометрии</title>
      <publication>пер. с англ., М.</publication>
      <year>1973</year>
      <other/>
    </unit>
    <unit>
      <author>ХБю3моллер Д.</author>
      <title>Раселоенные пространства</title>
      <publication>пер. с англ. M.</publication>
      <year>1970</year>
      <other/>
    </unit>
    <unit>
      <author>Eух Iiта6ep B. M.</author>
      <title>«матем. сб.»</title>
      <publication/>
      <year>1970</year>
      <other>т. 83, . 575-95</other>
    </unit>
    <unit>
      <title>H о в рии</title>
      <publication>пер. с англ., М.</publication>
      <year>1967</year>
      <other/>
    </unit>
  </literature>
  <formulas_main>
    <formula uri="http://libmeta.ru/me/formula/main/1003_1_ChZhӘNJa">=\begin{gathered}S_{\omega}\left(\sigma_{1}, \ldots, \sigma_{n}\right)(\xi \oplus \eta)= \\=\sum_{\omega^{\prime} U \omega^{\prime \prime}=\omega^{\prime}} S_{\omega^{\prime}}\left(\sigma_{1}, \ldots, \sigma_{n}\right)(\xi) S_{\omega^{\prime \prime}}\left(\sigma_{1}, \ldots, \sigma_{n}\right)(\eta),\end{gathered}</formula>
    <formula uri="http://libmeta.ru/me/formula/main/1003_2_ChZhӘNJa">\gamma_{t}(\xi)=1+\sum_{i&gt;0} \gamma_{i}(\xi) t^{i} \in K^{0}(B)[t] .</formula>
    <formula uri="http://libmeta.ru/me/formula/main/1003_3_ChZhӘNJa">\lambda_{i}(\xi)=\sum_{i=0}^{\infty} \lambda^{i}(\xi) t^{i} \in K^{0}(B)[t]</formula>
    <formula uri="http://libmeta.ru/me/formula/main/1003_4_ChZhӘNJa">\lambda_{t}(\xi \oplus \eta)=\lambda_{t}(\xi) \lambda_{t}(\eta)</formula>
    <formula uri="http://libmeta.ru/me/formula/main/1003_5_ChZhӘNJa">\frac{\lambda t}{1-t}(\xi-\operatorname{dim} \xi)=1+\sum_{i=1}^{\infty}(-1) \gamma_{i}(\xi) t^{i}=\gamma_{-t}(\xi),</formula>
    <formula uri="http://libmeta.ru/me/formula/main/1003_6_ChZhӘNJa">\gamma_{t}(\xi)=\frac{\lambda t}{1-i}(\bar{\xi}-\operatorname{dim} \xi) .</formula>
    <formula uri="http://libmeta.ru/me/formula/main/1003_7_ChZhӘNJa">u=\beta\left(\left[\varkappa_{1}\right]-1\right) \in \tilde{K}^{2}\left(\mathbb{C} P^{\infty}\right) .</formula>
    <formula uri="http://libmeta.ru/me/formula/main/1003_8_ChZhӘNJa">c_{1}(\xi \oplus \eta)=c_{1}(\xi)+c_{1}(\eta) .</formula>
    <formula uri="http://libmeta.ru/me/formula/main/1003_9_ChZhӘNJa">g(t)=\sum_{n=0}^{\infty} \frac{\left[\mathbb{C} P^{\infty}\right]}{n+1} t^{n+1}</formula>
  </formulas_main>
  <formulas_aux>
    <formula uri="http://libmeta.ru/me/formula/aux/1003_1_ChZhӘNJa">\xi</formula>
    <formula uri="http://libmeta.ru/me/formula/aux/1003_2_ChZhӘNJa">b</formula>
    <formula uri="http://libmeta.ru/me/formula/aux/1003_3_ChZhӘNJa">c_{i}(\xi) \in H^{2 i}(B)</formula>
    <formula uri="http://libmeta.ru/me/formula/aux/1003_4_ChZhӘNJa">i</formula>
    <formula uri="http://libmeta.ru/me/formula/aux/1003_5_ChZhӘNJa">c=1+c_{1}+c_{2}+\ldots</formula>
    <formula uri="http://libmeta.ru/me/formula/aux/1003_6_ChZhӘNJa">c_{t}=1+c_{1} t+</formula>
    <formula uri="http://libmeta.ru/me/formula/aux/1003_7_ChZhӘNJa">+c_{2} t^{2}+\ldots</formula>
    <formula uri="http://libmeta.ru/me/formula/aux/1003_8_ChZhӘNJa">t</formula>
    <formula uri="http://libmeta.ru/me/formula/aux/1003_9_ChZhӘNJa">n</formula>
    <formula uri="http://libmeta.ru/me/formula/aux/1003_10_ChZhӘNJa">h^{* *}\left(B U_{n}\right)</formula>
    <formula uri="http://libmeta.ru/me/formula/aux/1003_11_ChZhӘNJa">c_{i}</formula>
    <formula uri="http://libmeta.ru/me/formula/aux/1003_12_ChZhӘNJa">h^{2 i}\left(B U_{n}\right)</formula>
    <formula uri="http://libmeta.ru/me/formula/aux/1003_13_ChZhӘNJa">h^{* *}\left(B U_{n}\right)</formula>
    <formula uri="http://libmeta.ru/me/formula/aux/1003_14_ChZhӘNJa">h^{* *}\left(B U_{n}\right)[[t]]</formula>
    <formula uri="http://libmeta.ru/me/formula/aux/1003_15_ChZhӘNJa">\xi, \eta</formula>
    <formula uri="http://libmeta.ru/me/formula/aux/1003_16_ChZhӘNJa">b c(\xi \oplus \eta)=c(\xi) c(\eta)</formula>
    <formula uri="http://libmeta.ru/me/formula/aux/1003_17_ChZhӘNJa">\left.c_{k}(\xi \bigoplus \eta)=\sum_{i} c_{i}(\xi) c_{k-i}(\eta), c_{0}=1.2\right)</formula>
    <formula uri="http://libmeta.ru/me/formula/aux/1003_18_ChZhӘNJa">\varkappa_{1}</formula>
    <formula uri="http://libmeta.ru/me/formula/aux/1003_19_ChZhӘNJa">\mathbb{c} P \infty</formula>
    <formula uri="http://libmeta.ru/me/formula/aux/1003_20_ChZhӘNJa">c\left(x_{1}\right)=1+u</formula>
    <formula uri="http://libmeta.ru/me/formula/aux/1003_21_ChZhӘNJa">\left.u \in H^{2}(\mathbb{C P})^{\infty}\right)</formula>
    <formula uri="http://libmeta.ru/me/formula/aux/1003_22_ChZhӘNJa">x_{1}\left(\mathbb{c} P_{\infty}-\right.</formula>
    <formula uri="http://libmeta.ru/me/formula/aux/1003_23_ChZhӘNJa">x_{1}</formula>
    <formula uri="http://libmeta.ru/me/formula/aux/1003_24_ChZhӘNJa">u)</formula>
    <formula uri="http://libmeta.ru/me/formula/aux/1003_25_ChZhӘNJa">1-2): c_{i}(\xi)==0</formula>
    <formula uri="http://libmeta.ru/me/formula/aux/1003_26_ChZhӘNJa">i&gt;\operatorname{dim} \xi ;</formula>
    <formula uri="http://libmeta.ru/me/formula/aux/1003_27_ChZhӘNJa">c(\xi)=c(\xi \oplus \theta)</formula>
    <formula uri="http://libmeta.ru/me/formula/aux/1003_28_ChZhӘNJa">\theta</formula>
    <formula uri="http://libmeta.ru/me/formula/aux/1003_29_ChZhӘNJa">h^{* *}(B U)</formula>
    <formula uri="http://libmeta.ru/me/formula/aux/1003_30_ChZhӘNJa">\omega=\left\{i_{1}, \ldots, i_{k}\right\}</formula>
    <formula uri="http://libmeta.ru/me/formula/aux/1003_31_ChZhӘNJa">c_{\omega}</formula>
    <formula uri="http://libmeta.ru/me/formula/aux/1003_32_ChZhӘNJa">c_{i_{1}} c_{i_{2}} \ldots c_{i_{k}} \in H^{2 n}(B U)</formula>
    <formula uri="http://libmeta.ru/me/formula/aux/1003_33_ChZhӘNJa">n=i_{1}+\ldots+i_{k}</formula>
    <formula uri="http://libmeta.ru/me/formula/aux/1003_34_ChZhӘNJa">h^{* *}\left(B U_{n}\right) \rightarrow</formula>
    <formula uri="http://libmeta.ru/me/formula/aux/1003_35_ChZhӘNJa">\longrightarrow H^{* *}\left(B T_{n}\right)=\mathbb{Z}\left[\left[x_{1}, \ldots, x_{n}\right]\right]</formula>
    <formula uri="http://libmeta.ru/me/formula/aux/1003_36_ChZhӘNJa">\stackrel{n}{b}_{n}=\mathbb{c} P^{\infty} \times \ldots \times \mathbb{C}^{\infty} \rightarrow \cdots B U_{n}</formula>
    <formula uri="http://libmeta.ru/me/formula/aux/1003_37_ChZhӘNJa">\prod_{i=1}^{n}\left(1+x_{i}\right)</formula>
    <formula uri="http://libmeta.ru/me/formula/aux/1003_38_ChZhӘNJa">h^{* *}\left(B U_{n}\right)</formula>
    <formula uri="http://libmeta.ru/me/formula/aux/1003_39_ChZhӘNJa">h^{* *}\left(B T_{n}\right)=\mathbb{Z}\left\lceil\left[x_{1}, \ldots, x_{n}\right]\right]</formula>
    <formula uri="http://libmeta.ru/me/formula/aux/1003_40_ChZhӘNJa">x_{1}, \ldots, x_{n}</formula>
    <formula uri="http://libmeta.ru/me/formula/aux/1003_41_ChZhӘNJa">\prod_{i=1}^{n} \frac{x_{i}}{1-\mathrm{e}^{x_{i}}}</formula>
    <formula uri="http://libmeta.ru/me/formula/aux/1003_42_ChZhӘNJa">t \in</formula>
    <formula uri="http://libmeta.ru/me/formula/aux/1003_43_ChZhӘNJa">\in H^{* *}\left(B U_{n} ; \mathbb{Q}\right)</formula>
    <formula uri="http://libmeta.ru/me/formula/aux/1003_44_ChZhӘNJa">\omega=\left\{i_{1}, \ldots, i_{k}\right\}</formula>
    <formula uri="http://libmeta.ru/me/formula/aux/1003_45_ChZhӘNJa">\dot{s}_{\omega}\left(c_{1}, \ldots, c_{n}\right)</formula>
    <formula uri="http://libmeta.ru/me/formula/aux/1003_46_ChZhӘNJa">x_{1}, \ldots, x_{n}</formula>
    <formula uri="http://libmeta.ru/me/formula/aux/1003_47_ChZhӘNJa">n \geqslant i_{1}+\ldots+</formula>
    <formula uri="http://libmeta.ru/me/formula/aux/1003_48_ChZhӘNJa">+i_{k}</formula>
    <formula uri="http://libmeta.ru/me/formula/aux/1003_49_ChZhӘNJa">x_{1}^{i_{1}} \ldots x_{k}^{i_{k}}</formula>
    <formula uri="http://libmeta.ru/me/formula/aux/1003_50_ChZhӘNJa">h^{*}</formula>
    <formula uri="http://libmeta.ru/me/formula/aux/1003_51_ChZhӘNJa">\sigma_{i}</formula>
    <formula uri="http://libmeta.ru/me/formula/aux/1003_52_ChZhӘNJa">h^{*}</formula>
    <formula uri="http://libmeta.ru/me/formula/aux/1003_53_ChZhӘNJa">\sigma(\xi \oplus \eta)=\sigma(\xi) \sigma(\eta), \quad \sigma=1+\sigma_{1}+\sigma_{2}+\ldots ; \sigma\left(x_{1}\right)=1+</formula>
    <formula uri="http://libmeta.ru/me/formula/aux/1003_54_ChZhӘNJa">+u \in h^{*}\left(\mathbb{C} P^{\infty}\right)</formula>
    <formula uri="http://libmeta.ru/me/formula/aux/1003_55_ChZhӘNJa">u \in h^{2}\left(\mathbb{C} P^{\infty}\right)</formula>
    <formula uri="http://libmeta.ru/me/formula/aux/1003_56_ChZhӘNJa">x_{1}</formula>
    <formula uri="http://libmeta.ru/me/formula/aux/1003_57_ChZhӘNJa">\sigma_{\omega}=</formula>
    <formula uri="http://libmeta.ru/me/formula/aux/1003_58_ChZhӘNJa">=\sigma_{i_{1}} \ldots \sigma_{i_{k}}</formula>
    <formula uri="http://libmeta.ru/me/formula/aux/1003_59_ChZhӘNJa">s_{\omega}\left(\sigma_{1}, \ldots, \sigma_{n}\right)</formula>
    <formula uri="http://libmeta.ru/me/formula/aux/1003_60_ChZhӘNJa">\xi, \eta</formula>
    <formula uri="http://libmeta.ru/me/formula/aux/1003_61_ChZhӘNJa">\omega^{\prime}, \omega^{\prime \prime}</formula>
    <formula uri="http://libmeta.ru/me/formula/aux/1003_62_ChZhӘNJa">\omega^{\prime} \cup \omega^{\prime \prime}=\omega</formula>
    <formula uri="http://libmeta.ru/me/formula/aux/1003_63_ChZhӘNJa">h^{*}</formula>
    <formula uri="http://libmeta.ru/me/formula/aux/1003_64_ChZhӘNJa">u^{*}</formula>
    <formula uri="http://libmeta.ru/me/formula/aux/1003_65_ChZhӘNJa">k</formula>
    <formula uri="http://libmeta.ru/me/formula/aux/1003_66_ChZhӘNJa">u^{*}</formula>
    <formula uri="http://libmeta.ru/me/formula/aux/1003_67_ChZhӘNJa">u \in U^{2}\left(\mathbb{C} P^{\infty}\right)</formula>
    <formula uri="http://libmeta.ru/me/formula/aux/1003_68_ChZhӘNJa">\mathbb{c} P^{\infty} \longrightarrow \mathbb{C} P^{\infty}=M U_{1}</formula>
    <formula uri="http://libmeta.ru/me/formula/aux/1003_69_ChZhӘNJa">k</formula>
    <formula uri="http://libmeta.ru/me/formula/aux/1003_70_ChZhӘNJa">u=\beta(1-[\bar{x}]) \in</formula>
    <formula uri="http://libmeta.ru/me/formula/aux/1003_71_ChZhӘNJa">\in \tilde{K}^{2}\left(\mathbb{C} P^{\infty}\right)</formula>
    <formula uri="http://libmeta.ru/me/formula/aux/1003_72_ChZhӘNJa">\tilde{\beta}: K^{0} \longrightarrow K^{2}-</formula>
    <formula uri="http://libmeta.ru/me/formula/aux/1003_73_ChZhӘNJa">\sigma_{i}</formula>
    <formula uri="http://libmeta.ru/me/formula/aux/1003_74_ChZhӘNJa">u^{*}</formula>
    <formula uri="http://libmeta.ru/me/formula/aux/1003_75_ChZhӘNJa">k</formula>
    <formula uri="http://libmeta.ru/me/formula/aux/1003_76_ChZhӘNJa">\gamma_{i}</formula>
    <formula uri="http://libmeta.ru/me/formula/aux/1003_77_ChZhӘNJa">\gamma_{i}(\xi) \in K^{2 i}(B)</formula>
    <formula uri="http://libmeta.ru/me/formula/aux/1003_78_ChZhӘNJa">\xi</formula>
    <formula uri="http://libmeta.ru/me/formula/aux/1003_79_ChZhӘNJa">b</formula>
    <formula uri="http://libmeta.ru/me/formula/aux/1003_80_ChZhӘNJa">k</formula>
    <formula uri="http://libmeta.ru/me/formula/aux/1003_81_ChZhӘNJa">\mathbb{z}_{2}</formula>
    <formula uri="http://libmeta.ru/me/formula/aux/1003_82_ChZhӘNJa">k^{n}(b)</formula>
    <formula uri="http://libmeta.ru/me/formula/aux/1003_83_ChZhӘNJa">k^{n+2}(b)</formula>
    <formula uri="http://libmeta.ru/me/formula/aux/1003_84_ChZhӘNJa">\beta</formula>
    <formula uri="http://libmeta.ru/me/formula/aux/1003_85_ChZhӘNJa">k^{*}(b)=k^{0}(b) \oplus</formula>
    <formula uri="http://libmeta.ru/me/formula/aux/1003_86_ChZhӘNJa">\oplus K^{1}(B)</formula>
    <formula uri="http://libmeta.ru/me/formula/aux/1003_87_ChZhӘNJa">\gamma(\xi) \in K^{0}(B)</formula>
    <formula uri="http://libmeta.ru/me/formula/aux/1003_88_ChZhӘNJa">i</formula>
    <formula uri="http://libmeta.ru/me/formula/aux/1003_89_ChZhӘNJa">\lambda^{i}(\xi)=[\xi \wedge \ldots \wedge \xi]-</formula>
    <formula uri="http://libmeta.ru/me/formula/aux/1003_90_ChZhӘNJa">k</formula>
    <formula uri="http://libmeta.ru/me/formula/aux/1003_91_ChZhӘNJa">i</formula>
    <formula uri="http://libmeta.ru/me/formula/aux/1003_92_ChZhӘNJa">\gamma_{t}</formula>
    <formula uri="http://libmeta.ru/me/formula/aux/1003_93_ChZhӘNJa">k^{0}(b)[t], \operatorname{dim} \xi-</formula>
    <formula uri="http://libmeta.ru/me/formula/aux/1003_94_ChZhӘNJa">\operatorname{dim} \xi</formula>
    <formula uri="http://libmeta.ru/me/formula/aux/1003_95_ChZhӘNJa">\gamma_{i}</formula>
    <formula uri="http://libmeta.ru/me/formula/aux/1003_96_ChZhӘNJa">\gamma_{t}(\xi)=\frac{\lambda t}{1-t}(\xi)</formula>
    <formula uri="http://libmeta.ru/me/formula/aux/1003_97_ChZhӘNJa">\gamma_{i}</formula>
    <formula uri="http://libmeta.ru/me/formula/aux/1003_98_ChZhӘNJa">\mathrm{c}</formula>
    <formula uri="http://libmeta.ru/me/formula/aux/1003_99_ChZhӘNJa">\sigma_{i}</formula>
    <formula uri="http://libmeta.ru/me/formula/aux/1003_100_ChZhӘNJa">\omega=\left\{i_{1}, \ldots, i_{k}\right\}</formula>
    <formula uri="http://libmeta.ru/me/formula/aux/1003_101_ChZhӘNJa">s_{\omega}\left(\sigma_{1}^{\prime}, \ldots, \sigma_{n}\right) \in U^{2 d}(B U)</formula>
    <formula uri="http://libmeta.ru/me/formula/aux/1003_102_ChZhӘNJa">d=i_{1}+\ldots+i_{k}</formula>
    <formula uri="http://libmeta.ru/me/formula/aux/1003_103_ChZhӘNJa">u^{2 d}(B U) \longrightarrow \tilde{U}^{2 d}(M U) \subset U^{2 d}(M U)</formula>
    <formula uri="http://libmeta.ru/me/formula/aux/1003_104_ChZhӘNJa">m U</formula>
    <formula uri="http://libmeta.ru/me/formula/aux/1003_105_ChZhӘNJa">u^{*}</formula>
    <formula uri="http://libmeta.ru/me/formula/aux/1003_106_ChZhӘNJa">s_{(0}\left(\sigma_{1}, \ldots, \sigma_{n}\right)</formula>
    <formula uri="http://libmeta.ru/me/formula/aux/1003_107_ChZhӘNJa">u^{2 d}(M U)</formula>
    <formula uri="http://libmeta.ru/me/formula/aux/1003_108_ChZhӘNJa">u^{*}</formula>
    <formula uri="http://libmeta.ru/me/formula/aux/1003_109_ChZhӘNJa">u^{*}</formula>
    <formula uri="http://libmeta.ru/me/formula/aux/1003_110_ChZhӘNJa">\omega=</formula>
    <formula uri="http://libmeta.ru/me/formula/aux/1003_111_ChZhӘNJa">=\left\{i_{1}, \ldots, i_{k}\right\}</formula>
    <formula uri="http://libmeta.ru/me/formula/aux/1003_112_ChZhӘNJa">s_{\omega}</formula>
    <formula uri="http://libmeta.ru/me/formula/aux/1003_113_ChZhӘNJa">\xi, \eta</formula>
    <formula uri="http://libmeta.ru/me/formula/aux/1003_114_ChZhӘNJa">g(t)</formula>
    <formula uri="http://libmeta.ru/me/formula/aux/1003_115_ChZhӘNJa">h^{*}(p t) \otimes \mathbb{Q}</formula>
    <formula uri="http://libmeta.ru/me/formula/aux/1003_116_ChZhӘNJa">g\left(\sigma_{1}(\xi \oplus \eta)\right)=g\left(\sigma_{1}\left(\xi_{1}\right)\right)+g\left(\sigma_{1}(\eta)\right)</formula>
    <formula uri="http://libmeta.ru/me/formula/aux/1003_117_ChZhӘNJa">\sigma_{1}</formula>
    <formula uri="http://libmeta.ru/me/formula/aux/1003_118_ChZhӘNJa">h^{*}</formula>
    <formula uri="http://libmeta.ru/me/formula/aux/1003_119_ChZhӘNJa">\left[\mathbb{c} P^{\infty}\right]=\Omega_{u}^{*}=U^{*}(p t)</formula>
    <formula uri="http://libmeta.ru/me/formula/aux/1003_120_ChZhӘNJa">\mathbb{c P}^{\infty}</formula>
    <formula uri="http://libmeta.ru/me/formula/aux/1003_121_ChZhӘNJa">\mathbf{e}</formula>
    <formula uri="http://libmeta.ru/me/formula/aux/1003_122_ChZhӘNJa">\mathrm{k} \mathbf{0}</formula>
  </formulas_aux>
  <relations n="34">
    <relation uri="http://libmeta.ru/me/relation/1003_1_ChZhӘNJa">
      <rel_text>проективного пространства</rel_text>
      <target>http://libmeta.ru/me/article/698_PROEKTIVNOE</target>
    </relation>
    <relation uri="http://libmeta.ru/me/relation/1003_2_ChZhӘNJa">
      <rel_text>Математическая</rel_text>
      <target>http://libmeta.ru/me/article/899_mateRAZMESchENI</target>
    </relation>
    <relation uri="http://libmeta.ru/me/relation/1003_3_ChZhӘNJa">
      <rel_text>теории</rel_text>
      <target>http://libmeta.ru/me/article/381_TEORI</target>
    </relation>
    <relation uri="http://libmeta.ru/me/relation/1003_4_ChZhӘNJa">
      <rel_text>степенной ряд</rel_text>
      <target>http://libmeta.ru/me/article/212_STEPENNOJ</target>
    </relation>
    <relation uri="http://libmeta.ru/me/relation/1003_5_ChZhӘNJa">
      <rel_text>формальный</rel_text>
      <target>http://libmeta.ru/me/article/731_FORMALIZ</target>
    </relation>
    <relation uri="http://libmeta.ru/me/relation/1003_6_ChZhӘNJa">
      <rel_text>когомологий</rel_text>
      <target>http://libmeta.ru/me/article/939_KOGOMolOGI</target>
    </relation>
    <relation uri="http://libmeta.ru/me/relation/1003_7_ChZhӘNJa">
      <rel_text>обобщенных теориях URI[[http:/</rel_text>
      <target>http://libmeta.ru/me/article/1123_OBOBShENNBE</target>
    </relation>
    <relation uri="http://libmeta.ru/me/relation/1003_8_ChZhӘNJa">
      <rel_text>хараєтер</rel_text>
      <target>http://libmeta.ru/me/article/830_HARAKTE</target>
    </relation>
    <relation uri="http://libmeta.ru/me/relation/1003_9_ChZhӘNJa">
      <rel_text>расслоений</rel_text>
      <target>http://libmeta.ru/me/article/973_RASSLOENI</target>
    </relation>
    <relation uri="http://libmeta.ru/me/relation/1003_10_ChZhӘNJa">
      <rel_text>Операция</rel_text>
      <target>http://libmeta.ru/me/article/15_OPERAN</target>
    </relation>
    <relation uri="http://libmeta.ru/me/relation/1003_11_ChZhӘNJa">
      <rel_text>Стинрода алгебры</rel_text>
      <target>http://libmeta.ru/me/article/226_STINRODA</target>
    </relation>
    <relation uri="http://libmeta.ru/me/relation/1003_12_ChZhӘNJa">
      <rel_text>операцию</rel_text>
      <target>http://libmeta.ru/me/article/15_OPERAN</target>
    </relation>
    <relation uri="http://libmeta.ru/me/relation/1003_13_ChZhӘNJa">
      <rel_text>когомологическуіо</rel_text>
      <target>http://libmeta.ru/me/article/946_KOGOMOLOGIChESKA</target>
    </relation>
    <relation uri="http://libmeta.ru/me/relation/1003_14_ChZhӘNJa">
      <rel_text>класс</rel_text>
      <target>http://libmeta.ru/me/article/889_KLAS</target>
    </relation>
    <relation uri="http://libmeta.ru/me/relation/1003_15_ChZhӘNJa">
      <rel_text>характеристич</rel_text>
      <target>http://libmeta.ru/me/article/839_HARAKTERISTIK</target>
    </relation>
    <relation uri="http://libmeta.ru/me/relation/1003_16_ChZhӘNJa">
      <rel_text>алгебры</rel_text>
      <target>http://libmeta.ru/me/article/93_ALGEBR</target>
    </relation>
    <relation uri="http://libmeta.ru/me/relation/1003_17_ChZhӘNJa">
      <rel_text>гомотопий</rel_text>
      <target>http://libmeta.ru/me/article/1134_GOMoLOGI</target>
    </relation>
    <relation uri="http://libmeta.ru/me/relation/1003_18_ChZhӘNJa">
      <rel_text>теории</rel_text>
      <target>http://libmeta.ru/me/article/381_TEORI</target>
    </relation>
    <relation uri="http://libmeta.ru/me/relation/1003_19_ChZhӘNJa">
      <rel_text>связано</rel_text>
      <target>http://libmeta.ru/me/article/1222_SVJaZK</target>
    </relation>
    <relation uri="http://libmeta.ru/me/relation/1003_20_ChZhӘNJa">
      <rel_text>формулой</rel_text>
      <target>http://libmeta.ru/me/article/731_FORMALIZ</target>
    </relation>
    <relation uri="http://libmeta.ru/me/relation/1003_21_ChZhӘNJa">
      <rel_text>тривиальное расслоение</rel_text>
      <target>http://libmeta.ru/me/article/453_LOKAL'NO</target>
    </relation>
    <relation uri="http://libmeta.ru/me/relation/1003_22_ChZhӘNJa">
      <rel_text>полиномами</rel_text>
      <target>http://libmeta.ru/me/article/395_POLIVEKTOR</target>
    </relation>
    <relation uri="http://libmeta.ru/me/relation/1003_23_ChZhӘNJa">
      <rel_text>Полином</rel_text>
      <target>http://libmeta.ru/me/article/397_POLIKRU</target>
    </relation>
    <relation uri="http://libmeta.ru/me/relation/1003_24_ChZhӘNJa">
      <rel_text>операции</rel_text>
      <target>http://libmeta.ru/me/article/15_OPERAN</target>
    </relation>
    <relation uri="http://libmeta.ru/me/relation/1003_25_ChZhӘNJa">
      <rel_text>когомологич</rel_text>
      <target>http://libmeta.ru/me/article/939_KOGOMolOGI</target>
    </relation>
    <relation uri="http://libmeta.ru/me/relation/1003_26_ChZhӘNJa">
      <rel_text>периодичности</rel_text>
      <target>http://libmeta.ru/me/article/259_PERIODOGRAMM</target>
    </relation>
    <relation uri="http://libmeta.ru/me/relation/1003_27_ChZhӘNJa">
      <rel_text>оператора</rel_text>
      <target>http://libmeta.ru/me/article/17_OPERATO</target>
    </relation>
    <relation uri="http://libmeta.ru/me/relation/1003_28_ChZhӘNJa">
      <rel_text>теорию</rel_text>
      <target>http://libmeta.ru/me/article/381_TEORI</target>
    </relation>
    <relation uri="http://libmeta.ru/me/relation/1003_29_ChZhӘNJa">
      <rel_text>векторное расслоение</rel_text>
      <target>http://libmeta.ru/me/article/658_VEKTORNOE</target>
    </relation>
    <relation uri="http://libmeta.ru/me/relation/1003_30_ChZhӘNJa">
      <rel_text>теории</rel_text>
      <target>http://libmeta.ru/me/article/381_TEORI</target>
    </relation>
    <relation uri="http://libmeta.ru/me/relation/1003_31_ChZhӘNJa">
      <rel_text>оператор</rel_text>
      <target>http://libmeta.ru/me/article/15_OPERAN</target>
    </relation>
    <relation uri="http://libmeta.ru/me/relation/1003_32_ChZhӘNJa">
      <rel_text>отображением</rel_text>
      <target>http://libmeta.ru/me/article/128_OTOBRAZhENI</target>
    </relation>
    <relation uri="http://libmeta.ru/me/relation/1003_33_ChZhӘNJa">
      <rel_text>теорию</rel_text>
      <target>http://libmeta.ru/me/article/381_TEORI</target>
    </relation>
    <relation uri="http://libmeta.ru/me/relation/1003_34_ChZhӘNJa">
      <rel_text>теоріпи</rel_text>
      <target>http://libmeta.ru/me/article/381_TEORI</target>
    </relation>
  </relations>
  <text>характеристический класс, определенный для комплексных векторных расслоений. Ч. к. комплексного векторного расслоения $URI[[http://libmeta.ru/me/formula/aux/1003_1_ChZhӘNJa]]/URI$ с базой $URI[[http://libmeta.ru/me/formula/aux/1003_2_ChZhӘNJa]]/URI$ обозначается $URI[[http://libmeta.ru/me/formula/aux/1003_3_ChZhӘNJa]]/URI$ и ошределен для всех натуральных индексов $URI[[http://libmeta.ru/me/formula/aux/1003_4_ChZhӘNJa]]/URI$. П о л н м Ч. к. наз. неоднородный характеристич. класс $URI[[http://libmeta.ru/me/formula/aux/1003_5_ChZhӘNJa]]/URI$, а по ли н о м о м Ч ж э н я-выражение $URI[[http://libmeta.ru/me/formula/aux/1003_6_ChZhӘNJa]]/URI$ $URI[[http://libmeta.ru/me/formula/aux/1003_7_ChZhӘNJa]]/URI$, где $URI[[http://libmeta.ru/me/formula/aux/1003_8_ChZhӘNJa]]/URI$ - формальная переменная. Ч. к. введены в [1].

Характеристич. классы, определенные для $URI[[http://libmeta.ru/me/formula/aux/1003_9_ChZhӘNJa]]/URI$-мерных комплексных векторных расслоений, со значениями в целотисленных когомологиях, естественно отождествляются с әлементами кольца $URI[[http://libmeta.ru/me/formula/aux/1003_10_ChZhӘNJa]]/URI$. В этом смысле Ч. к. $URI[[http://libmeta.ru/me/formula/aux/1003_11_ChZhӘNJa]]/URI$ можно считать элементами группы $URI[[http://libmeta.ru/me/formula/aux/1003_12_ChZhӘNJa]]/URI$, полный Ч. к.- неоднородным әлементом кольца $URI[[http://libmeta.ru/me/formula/aux/1003_13_ChZhӘNJa]]/URI$, а полином Чжэня-элементом кольца формальных степенных рядов $URI[[http://libmeta.ru/me/formula/aux/1003_14_ChZhӘNJa]]/URI$

4. к. обладают следующими свойствами, к-рые однознатно их определяют. 1) Для векторных расслоений $URI[[http://libmeta.ru/me/formula/aux/1003_15_ChZhӘNJa]]/URI$ с общей базой $URI[[http://libmeta.ru/me/formula/aux/1003_16_ChZhӘNJa]]/URI$, другими словами, $URI[[http://libmeta.ru/me/formula/aux/1003_17_ChZhӘNJa]]/URI$ Для одномерного универсального расслоения $URI[[http://libmeta.ru/me/formula/aux/1003_18_ChZhӘNJa]]/URI$ над $URI[[http://libmeta.ru/me/formula/aux/1003_19_ChZhӘNJa]]/URI$ имеет место равенство $URI[[http://libmeta.ru/me/formula/aux/1003_20_ChZhӘNJa]]/URI$, где $URI[[http://libmeta.ru/me/formula/aux/1003_21_ChZhӘNJa]]/URI$-ориентация расслоения $URI[[http://libmeta.ru/me/formula/aux/1003_22_ChZhӘNJa]]/URI$ Tома пространство расслоения $URI[[http://libmeta.ru/me/formula/aux/1003_23_ChZhӘNJa]]/URI$, к-рое, будучи комплексным, имеет однознатно определенную ориентацию $URI[[http://libmeta.ru/me/formula/aux/1003_24_ChZhӘNJa]]/URI$.

Следствия свойств $URI[[http://libmeta.ru/me/formula/aux/1003_25_ChZhӘNJa]]/URI$ при $URI[[http://libmeta.ru/me/formula/aux/1003_26_ChZhӘNJa]]/URI$ $URI[[http://libmeta.ru/me/formula/aux/1003_27_ChZhӘNJa]]/URI$, где $URI[[http://libmeta.ru/me/formula/aux/1003_28_ChZhӘNJa]]/URI$-тривиальное расслоение. Последнее обстоятельство позволяет определить Ч. к. как элементы колыца $URI[[http://libmeta.ru/me/formula/aux/1003_29_ChZhӘNJa]]/URI$.

Если $URI[[http://libmeta.ru/me/formula/aux/1003_30_ChZhӘNJa]]/URI$ - набор целых неотрицательных чисел, то через $URI[[http://libmeta.ru/me/formula/aux/1003_31_ChZhӘNJa]]/URI$ обозначается характеристич. класс $URI[[http://libmeta.ru/me/formula/aux/1003_32_ChZhӘNJa]]/URI$, где $URI[[http://libmeta.ru/me/formula/aux/1003_33_ChZhӘNJa]]/URI$

При естественном мономорфизме $URI[[http://libmeta.ru/me/formula/aux/1003_34_ChZhӘNJa]]/URI$ $URI[[http://libmeta.ru/me/formula/aux/1003_35_ChZhӘNJa]]/URI$, индуцированном отображением $URI[[http://libmeta.ru/me/formula/aux/1003_36_ChZhӘNJa]]/URI$, Ч. к. переходят в әлементарные симметрич. функщии, а полный Ч. к. переходит в многочлен $URI[[http://libmeta.ru/me/formula/aux/1003_37_ChZhӘNJa]]/URI$. Образом кольца $URI[[http://libmeta.ru/me/formula/aux/1003_38_ChZhӘNJa]]/URI$ в $URI[[http://libmeta.ru/me/formula/aux/1003_39_ChZhӘNJa]]/URI$ является годкольцо всех симметрических формалыных степенных рядов. Каждый симметрическшй формальный стеленной ряд от опразуюших Ву $URI[[http://libmeta.ru/me/formula/aux/1003_40_ChZhӘNJa]]/URI$ определяет характеристич. класс, к-рый может быть выражен через Ч. к. Напр., ряд $URI[[http://libmeta.ru/me/formula/aux/1003_41_ChZhӘNJa]]/URI$ определяет характеристич. класс с рацгональными коюффициентами, наз. кла с со м То дла и обозначается $URI[[http://libmeta.ru/me/formula/aux/1003_42_ChZhӘNJa]]/URI$ $URI[[http://libmeta.ru/me/formula/aux/1003_43_ChZhӘNJa]]/URI$.

Гугть $URI[[http://libmeta.ru/me/formula/aux/1003_44_ChZhӘNJa]]/URI$ - набор пелых неотрицательных чисел. Через $URI[[http://libmeta.ru/me/formula/aux/1003_45_ChZhӘNJa]]/URI$ обозначается характеристич. класс, определяемый наименышим симметрич. многочленом от переменных $URI[[http://libmeta.ru/me/formula/aux/1003_46_ChZhӘNJa]]/URI$, где $URI[[http://libmeta.ru/me/formula/aux/1003_47_ChZhӘNJa]]/URI$ $URI[[http://libmeta.ru/me/formula/aux/1003_48_ChZhӘNJa]]/URI$, содержащим одночлен $URI[[http://libmeta.ru/me/formula/aux/1003_49_ChZhӘNJa]]/URI$.

Пусть $URI[[http://libmeta.ru/me/formula/aux/1003_50_ChZhӘNJa]]/URI$-ориентированная мультипликативная теория когомологий. Ч. к. $URI[[http://libmeta.ru/me/formula/aux/1003_51_ChZhӘNJa]]/URI$ со значениями в теории $URI[[http://libmeta.ru/me/formula/aux/1003_52_ChZhӘNJa]]/URI$ обладают такими же, что п обычные Ч. к., свойствами: $URI[[http://libmeta.ru/me/formula/aux/1003_53_ChZhӘNJa]]/URI$ $URI[[http://libmeta.ru/me/formula/aux/1003_54_ChZhӘNJa]]/URI$, где $URI[[http://libmeta.ru/me/formula/aux/1003_55_ChZhӘNJa]]/URI$-ориентация расслоения $URI[[http://libmeta.ru/me/formula/aux/1003_56_ChZhӘNJa]]/URI$, к-рые их однозначно определяют. Как и для обычных Ч. к., уiотребляются обозначения $URI[[http://libmeta.ru/me/formula/aux/1003_57_ChZhӘNJa]]/URI$ $URI[[http://libmeta.ru/me/formula/aux/1003_58_ChZhӘNJa]]/URI$ и $URI[[http://libmeta.ru/me/formula/aux/1003_59_ChZhӘNJa]]/URI$. Если $URI[[http://libmeta.ru/me/formula/aux/1003_60_ChZhӘNJa]]/URI$ - комплексные векторные расслоения, то

\[
URI[[http://libmeta.ru/me/formula/main/1003_1_ChZhӘNJa]]/URI
\] где суммирование производится по наборам $URI[[http://libmeta.ru/me/formula/aux/1003_61_ChZhӘNJa]]/URI$ c $URI[[http://libmeta.ru/me/formula/aux/1003_62_ChZhӘNJa]]/URI$.

В качестве URI[[http://libmeta.ru/me/relation/1003_34_ChZhӘNJa]]/URI $URI[[http://libmeta.ru/me/formula/aux/1003_63_ChZhӘNJa]]/URI$ можно взять URI[[http://libmeta.ru/me/relation/1003_33_ChZhӘNJa]]/URI унитарных кобордизмов $URI[[http://libmeta.ru/me/formula/aux/1003_64_ChZhӘNJa]]/URI$ или $URI[[http://libmeta.ru/me/formula/aux/1003_65_ChZhӘNJa]]/URI$-теорию. Для $URI[[http://libmeta.ru/me/formula/aux/1003_66_ChZhӘNJa]]/URI$-теории әлемевт $URI[[http://libmeta.ru/me/formula/aux/1003_67_ChZhӘNJa]]/URI$ определяется тождественным URI[[http://libmeta.ru/me/relation/1003_32_ChZhӘNJa]]/URI $URI[[http://libmeta.ru/me/formula/aux/1003_68_ChZhӘNJa]]/URI$, а для $URI[[http://libmeta.ru/me/formula/aux/1003_69_ChZhӘNJa]]/URI$-теории $URI[[http://libmeta.ru/me/formula/aux/1003_70_ChZhӘNJa]]/URI$ $URI[[http://libmeta.ru/me/formula/aux/1003_71_ChZhӘNJa]]/URI$, где $URI[[http://libmeta.ru/me/formula/aux/1003_72_ChZhӘNJa]]/URI$ URI[[http://libmeta.ru/me/relation/1003_31_ChZhӘNJa]]/URI перподичности Ботта. Обозначение $URI[[http://libmeta.ru/me/formula/aux/1003_73_ChZhӘNJa]]/URI$ сохраняется для Ч. к. со значениями в $URI[[http://libmeta.ru/me/formula/aux/1003_74_ChZhӘNJa]]/URI$-теории, а Ч. к. со значениями в $URI[[http://libmeta.ru/me/formula/aux/1003_75_ChZhӘNJa]]/URI$-теории обозначается $URI[[http://libmeta.ru/me/formula/aux/1003_76_ChZhӘNJa]]/URI$.

Согласно общей URI[[http://libmeta.ru/me/relation/1003_30_ChZhӘNJa]]/URI, $URI[[http://libmeta.ru/me/formula/aux/1003_77_ChZhӘNJa]]/URI$, где $URI[[http://libmeta.ru/me/formula/aux/1003_78_ChZhӘNJa]]/URI$ - URI[[http://libmeta.ru/me/relation/1003_29_ChZhӘNJa]]/URI с базой $URI[[http://libmeta.ru/me/formula/aux/1003_79_ChZhӘNJa]]/URI$. Однако $URI[[http://libmeta.ru/me/formula/aux/1003_80_ChZhӘNJa]]/URI$-теорію часто удобнее рассматривать как $URI[[http://libmeta.ru/me/formula/aux/1003_81_ChZhӘNJa]]/URI$-градуированную URI[[http://libmeta.ru/me/relation/1003_28_ChZhӘNJa]]/URI, отождествляя грушшы $URI[[http://libmeta.ru/me/formula/aux/1003_82_ChZhӘNJa]]/URI$ с $URI[[http://libmeta.ru/me/formula/aux/1003_83_ChZhӘNJa]]/URI$ с помощью URI[[http://libmeta.ru/me/relation/1003_27_ChZhӘNJa]]/URI URI[[http://libmeta.ru/me/relation/1003_26_ChZhӘNJa]]/URI $URI[[http://libmeta.ru/me/formula/aux/1003_84_ChZhӘNJa]]/URI$. Тогда $URI[[http://libmeta.ru/me/formula/aux/1003_85_ChZhӘNJa]]/URI$ $URI[[http://libmeta.ru/me/formula/aux/1003_86_ChZhӘNJa]]/URI$, и $URI[[http://libmeta.ru/me/formula/aux/1003_87_ChZhӘNJa]]/URI$ при всех $URI[[http://libmeta.ru/me/formula/aux/1003_88_ChZhӘNJa]]/URI$. При такой точке зрения имеет смысл вместо полного Ч. к. рассматривать п о л ин но м Чж э н я

\[
URI[[http://libmeta.ru/me/formula/main/1003_2_ChZhӘNJa]]/URI
\]

Пусть $URI[[http://libmeta.ru/me/formula/aux/1003_89_ChZhӘNJa]]/URI$ URI[[http://libmeta.ru/me/relation/1003_25_ChZhӘNJa]]/URI. URI[[http://libmeta.ru/me/relation/1003_24_ChZhӘNJa]]/URI в $URI[[http://libmeta.ru/me/formula/aux/1003_90_ChZhӘNJa]]/URI$-теории ( $URI[[http://libmeta.ru/me/formula/aux/1003_91_ChZhӘNJa]]/URI$ сомножителей). URI[[http://libmeta.ru/me/relation/1003_23_ChZhӘNJa]]/URI

\[
URI[[http://libmeta.ru/me/formula/main/1003_3_ChZhӘNJa]]/URI
\]

обладает точно таким же, как и $URI[[http://libmeta.ru/me/formula/aux/1003_92_ChZhӘNJa]]/URI$, свойством мультиплікативности

\[
URI[[http://libmeta.ru/me/formula/main/1003_4_ChZhӘNJa]]/URI
\]

Между этими URI[[http://libmeta.ru/me/relation/1003_22_ChZhӘNJa]]/URI пмеется следующая связь:

\[
URI[[http://libmeta.ru/me/formula/main/1003_5_ChZhӘNJa]]/URI
\]

здесь обе части равенства лежат в $URI[[http://libmeta.ru/me/formula/aux/1003_93_ChZhӘNJa]]/URI$ URI[[http://libmeta.ru/me/relation/1003_21_ChZhӘNJa]]/URI размерности $URI[[http://libmeta.ru/me/formula/aux/1003_94_ChZhӘNJa]]/URI$. Построенные классы $URI[[http://libmeta.ru/me/formula/aux/1003_95_ChZhӘNJa]]/URI$ отличаются от классов, построенных М. Атьей, к-рый определил их URI[[http://libmeta.ru/me/relation/1003_20_ChZhӘNJa]]/URI $URI[[http://libmeta.ru/me/formula/aux/1003_96_ChZhӘNJa]]/URI$. Р. Стонг [1] определил классы $URI[[http://libmeta.ru/me/formula/aux/1003_97_ChZhӘNJa]]/URI$, к-рые удовлетворяют ус ловию

\[
URI[[http://libmeta.ru/me/formula/main/1003_6_ChZhӘNJa]]/URI
\]

Расхождение вызвано тем, что у Стонга

\[
URI[[http://libmeta.ru/me/formula/main/1003_7_ChZhӘNJa]]/URI
\]

$URI[[http://libmeta.ru/me/formula/aux/1003_98_ChZhӘNJa]]/URI$ классами $URI[[http://libmeta.ru/me/formula/aux/1003_99_ChZhӘNJa]]/URI$ URI[[http://libmeta.ru/me/relation/1003_19_ChZhӘNJa]]/URI плодотворное в URI[[http://libmeta.ru/me/relation/1003_18_ChZhӘNJa]]/URI URI[[http://libmeta.ru/me/relation/1003_17_ChZhӘNJa]]/URI понятие URI[[http://libmeta.ru/me/relation/1003_16_ChZhӘNJa]]/URI Ландвебера - Новикова. Для произвольного набора целых неотрицательных чисел $URI[[http://libmeta.ru/me/formula/aux/1003_100_ChZhӘNJa]]/URI$ рассматривается URI[[http://libmeta.ru/me/relation/1003_15_ChZhӘNJa]]/URI. URI[[http://libmeta.ru/me/relation/1003_14_ChZhӘNJa]]/URI $URI[[http://libmeta.ru/me/formula/aux/1003_101_ChZhӘNJa]]/URI$, где $URI[[http://libmeta.ru/me/formula/aux/1003_102_ChZhӘNJa]]/URI$. Имеет место Тома изоморбизм $URI[[http://libmeta.ru/me/formula/aux/1003_103_ChZhӘNJa]]/URI$, здесь $URI[[http://libmeta.ru/me/formula/aux/1003_104_ChZhӘNJa]]/URI$-спектр, соответствующий $URI[[http://libmeta.ru/me/formula/aux/1003_105_ChZhӘNJa]]/URI$-теории. Образ класса $URI[[http://libmeta.ru/me/formula/aux/1003_106_ChZhӘNJa]]/URI$ в $URI[[http://libmeta.ru/me/formula/aux/1003_107_ChZhӘNJa]]/URI$ оиределяет URI[[http://libmeta.ru/me/relation/1003_13_ChZhӘNJa]]/URI URI[[http://libmeta.ru/me/relation/1003_12_ChZhӘNJa]]/URI в $URI[[http://libmeta.ru/me/formula/aux/1003_108_ChZhӘNJa]]/URI$-теории. Подалгебра URI[[http://libmeta.ru/me/relation/1003_11_ChZhӘNJa]]/URI в $URI[[http://libmeta.ru/me/formula/aux/1003_109_ChZhӘNJa]]/URI$-теории, порожденная операциями такого вида, наз. алг е б р о й Л а вд в е бе ра-Н ов ик о в а. URI[[http://libmeta.ru/me/relation/1003_10_ChZhӘNJa]]/URI, построенная по набору $URI[[http://libmeta.ru/me/formula/aux/1003_110_ChZhӘNJa]]/URI$ $URI[[http://libmeta.ru/me/formula/aux/1003_111_ChZhӘNJa]]/URI$, обозначается через $URI[[http://libmeta.ru/me/formula/aux/1003_112_ChZhӘNJa]]/URI$.

Для одномерных URI[[http://libmeta.ru/me/relation/1003_9_ChZhӘNJa]]/URI $URI[[http://libmeta.ru/me/formula/aux/1003_113_ChZhӘNJa]]/URI$ имеет место равенство

\[
URI[[http://libmeta.ru/me/formula/main/1003_8_ChZhӘNJa]]/URI
\]

Это важное обстоятельство, позволяющее определить Чжэня URI[[http://libmeta.ru/me/relation/1003_8_ChZhӘNJa]]/URI, не имеет места в URI[[http://libmeta.ru/me/relation/1003_7_ChZhӘNJa]]/URI/libmeta.ru/me/relation/1003_6_ChZhӘNJa]]/URI. Однако существует URI[[http://libmeta.ru/me/relation/1003_5_ChZhӘNJa]]/URI URI[[http://libmeta.ru/me/relation/1003_4_ChZhӘNJa]]/URI $URI[[http://libmeta.ru/me/formula/aux/1003_114_ChZhӘNJa]]/URI$ с коэффициентами в $URI[[http://libmeta.ru/me/formula/aux/1003_115_ChZhӘNJa]]/URI$, для к-рого $URI[[http://libmeta.ru/me/formula/aux/1003_116_ChZhӘNJa]]/URI$, где $URI[[http://libmeta.ru/me/formula/aux/1003_117_ChZhӘNJa]]/URI$ первый Ч. к. со значениями в $URI[[http://libmeta.ru/me/formula/aux/1003_118_ChZhӘNJa]]/URI$. Для унıтарної URI[[http://libmeta.ru/me/relation/1003_3_ChZhӘNJa]]/URI кобордизмов

\[
URI[[http://libmeta.ru/me/formula/main/1003_9_ChZhӘNJa]]/URI
\]

28 URI[[http://libmeta.ru/me/relation/1003_2_ChZhӘNJa]]/URI энц., т. 5 где $URI[[http://libmeta.ru/me/formula/aux/1003_119_ChZhӘNJa]]/URI$-класс кобордизма URI[[http://libmeta.ru/me/relation/1003_1_ChZhӘNJa]]/URI $URI[[http://libmeta.ru/me/formula/aux/1003_120_ChZhӘNJa]]/URI$. Этот ряд ваз. рядо м М ищ $URI[[http://libmeta.ru/me/formula/aux/1003_121_ChZhӘNJa]]/URI$ н $URI[[http://libmeta.ru/me/formula/aux/1003_122_ChZhӘNJa]]/URI$</text>
  <text_orig>характеристический класс, определенный для комплексных векторных расслоений. Ч. к. комплексного векторного расслоения $\xi$ с базой $B$ обозначается $c_{i}(\xi) \in H^{2 i}(B)$ и ошределен для всех натуральных индексов $i$. П о л н м Ч. к. наз. неоднородный характеристич. класс $c=1+c_{1}+c_{2}+\ldots$, а по ли н о м о м Ч ж э н я-выражение $c_{t}=1+c_{1} t+$ $+c_{2} t^{2}+\ldots$, где $t$ - формальная переменная. Ч. к. введены в [1].

Характеристич. классы, определенные для $n$-мерных комплексных векторных расслоений, со значениями в целотисленных когомологиях, естественно отождествляются с әлементами кольца $H^{* *}\left(B U_{n}\right)$. В этом смысле Ч. к. $c_{i}$ можно считать элементами группы $H^{2 i}\left(B U_{n}\right)$, полный Ч. к.- неоднородным әлементом кольца $H^{* *}\left(B U_{n}\right)$, а полином Чжэня-элементом кольца формальных степенных рядов $H^{* *}\left(B U_{n}\right)[[t]]$

4. к. обладают следующими свойствами, к-рые однознатно их определяют. 1) Для векторных расслоений $\xi, \eta$ с общей базой $B c(\xi \oplus \eta)=c(\xi) c(\eta)$, другими словами, $\left.c_{k}(\xi \bigoplus \eta)=\sum_{i} c_{i}(\xi) c_{k-i}(\eta), c_{0}=1.2\right)$ Для одномерного универсального расслоения $\varkappa_{1}$ над $\mathbb{C} P \infty$ имеет место равенство $c\left(x_{1}\right)=1+u$, где $\left.u \in H^{2}(\mathbb{C P})^{\infty}\right)$-ориентация расслоения $x_{1}\left(\mathbb{C} P_{\infty}-\right.$ Tома пространство расслоения $x_{1}$, к-рое, будучи комплексным, имеет однознатно определенную ориентацию $u)$.

Следствия свойств $1-2): c_{i}(\xi)==0$ при $i&gt;\operatorname{dim} \xi ;$ $c(\xi)=c(\xi \oplus \theta)$, где $\theta$-тривиальное расслоение. Последнее обстоятельство позволяет определить Ч. к. как элементы колыца $H^{* *}(B U)$.

Если $\omega=\left\{i_{1}, \ldots, i_{k}\right\}$ - набор целых неотрицательных чисел, то через $c_{\omega}$ обозначается характеристич. класс $c_{i_{1}} c_{i_{2}} \ldots c_{i_{k}} \in H^{2 n}(B U)$, где $n=i_{1}+\ldots+i_{k}$

При естественном мономорфизме $H^{* *}\left(B U_{n}\right) \rightarrow$ $\longrightarrow H^{* *}\left(B T_{n}\right)=\mathbb{Z}\left[\left[x_{1}, \ldots, x_{n}\right]\right]$, индуцированном отображением $\stackrel{n}{B}_{n}=\mathbb{C} P^{\infty} \times \ldots \times \mathbb{C}^{\infty} \rightarrow \cdots B U_{n}$, Ч. к. переходят в әлементарные симметрич. функщии, а полный Ч. к. переходит в многочлен $\prod_{i=1}^{n}\left(1+x_{i}\right)$. Образом кольца $H^{* *}\left(B U_{n}\right)$ в $H^{* *}\left(B T_{n}\right)=\mathbb{Z}\left\lceil\left[x_{1}, \ldots, x_{n}\right]\right]$ является годкольцо всех симметрических формалыных степенных рядов. Каждый симметрическшй формальный стеленной ряд от опразуюших Ву $x_{1}, \ldots, x_{n}$ определяет характеристич. класс, к-рый может быть выражен через Ч. к. Напр., ряд $\prod_{i=1}^{n} \frac{x_{i}}{1-\mathrm{e}^{x_{i}}}$ определяет характеристич. класс с рацгональными коюффициентами, наз. кла с со м То дла и обозначается $T \in$ $\in H^{* *}\left(B U_{n} ; \mathbb{Q}\right)$.

Гугть $\omega=\left\{i_{1}, \ldots, i_{k}\right\}$ - набор пелых неотрицательных чисел. Через $\dot{S}_{\omega}\left(c_{1}, \ldots, c_{n}\right)$ обозначается характеристич. класс, определяемый наименышим симметрич. многочленом от переменных $x_{1}, \ldots, x_{n}$, где $n \geqslant i_{1}+\ldots+$ $+i_{k}$, содержащим одночлен $x_{1}^{i_{1}} \ldots x_{k}^{i_{k}}$.

Пусть $h^{*}$-ориентированная мультипликативная теория когомологий. Ч. к. $\sigma_{i}$ со значениями в теории $h^{*}$ обладают такими же, что п обычные Ч. к., свойствами: $\sigma(\xi \oplus \eta)=\sigma(\xi) \sigma(\eta), \quad \sigma=1+\sigma_{1}+\sigma_{2}+\ldots ; \sigma\left(x_{1}\right)=1+$ $+u \in h^{*}\left(\mathbb{C} P^{\infty}\right)$, где $u \in h^{2}\left(\mathbb{C} P^{\infty}\right)$-ориентация расслоения $x_{1}$, к-рые их однозначно определяют. Как и для обычных Ч. к., уIотребляются обозначения $\sigma_{\omega}=$ $=\sigma_{i_{1}} \ldots \sigma_{i_{k}}$ и $S_{\omega}\left(\sigma_{1}, \ldots, \sigma_{n}\right)$. Если $\xi, \eta$ - комплексные векторные расслоения, то

\[
=\begin{gathered}
S_{\omega}\left(\sigma_{1}, \ldots, \sigma_{n}\right)(\xi \oplus \eta)= \\
=\sum_{\omega^{\prime} U \omega^{\prime \prime}=\omega^{\prime}} S_{\omega^{\prime}}\left(\sigma_{1}, \ldots, \sigma_{n}\right)(\xi) S_{\omega^{\prime \prime}}\left(\sigma_{1}, \ldots, \sigma_{n}\right)(\eta),
\end{gathered}
\] где суммирование производится по наборам $\omega^{\prime}, \omega^{\prime \prime}$ c $\omega^{\prime} \cup \omega^{\prime \prime}=\omega$.

В качестве теоріпи $h^{*}$ можно взять теорию унитарных кобордизмов $U^{*}$ или $K$-теорию. Для $U^{*}$-теории әлемевт $u \in U^{2}\left(\mathbb{C} P^{\infty}\right)$ определяется тождественным отображением $\mathbb{C} P^{\infty} \longrightarrow \mathbb{C} P^{\infty}=M U_{1}$, а для $K$-теории $u=\beta(1-[\bar{x}]) \in$ $\in \tilde{K}^{2}\left(\mathbb{C} P^{\infty}\right)$, где $\tilde{\beta}: K^{0} \longrightarrow K^{2}-$ оператор перподичности Ботта. Обозначение $\sigma_{i}$ сохраняется для Ч. к. со значениями в $U^{*}$-теории, а Ч. к. со значениями в $K$-теории обозначается $\gamma_{i}$.

Согласно общей теории, $\gamma_{i}(\xi) \in K^{2 i}(B)$, где $\xi$ - векторное расслоение с базой $B$. Однако $K$-теорію часто удобнее рассматривать как $\mathbb{Z}_{2}$-градуированную теорию, отождествляя грушшы $K^{n}(B)$ с $K^{n+2}(B)$ с помощью оператора периодичности $\beta$. Тогда $K^{*}(B)=K^{0}(B) \oplus$ $\oplus K^{1}(B)$, и $\gamma(\xi) \in K^{0}(B)$ при всех $i$. При такой точке зрения имеет смысл вместо полного Ч. к. рассматривать п о л ин но м Чж э н я

\[
\gamma_{t}(\xi)=1+\sum_{i&gt;0} \gamma_{i}(\xi) t^{i} \in K^{0}(B)[t] .
\]

Пусть $\lambda^{i}(\xi)=[\xi \wedge \ldots \wedge \xi]-$ когомологич. операции в $K$-теории ( $i$ сомножителей). Полином

\[
\lambda_{i}(\xi)=\sum_{i=0}^{\infty} \lambda^{i}(\xi) t^{i} \in K^{0}(B)[t]
\]

обладает точно таким же, как и $\gamma_{t}$, свойством мультиплікативности

\[
\lambda_{t}(\xi \oplus \eta)=\lambda_{t}(\xi) \lambda_{t}(\eta)
\]

Между этими полиномами пмеется следующая связь:

\[
\frac{\lambda t}{1-t}(\xi-\operatorname{dim} \xi)=1+\sum_{i=1}^{\infty}(-1) \gamma_{i}(\xi) t^{i}=\gamma_{-t}(\xi),
\]

здесь обе части равенства лежат в $K^{0}(B)[t], \operatorname{dim} \xi-$ тривиальное расслоение размерности $\operatorname{dim} \xi$. Построенные классы $\gamma_{i}$ отличаются от классов, построенных М. Атьей, к-рый определил их формулой $\gamma_{t}(\xi)=\frac{\lambda t}{1-t}(\xi)$. Р. Стонг [1] определил классы $\gamma_{i}$, к-рые удовлетворяют ус ловию

\[
\gamma_{t}(\xi)=\frac{\lambda t}{1-i}(\bar{\xi}-\operatorname{dim} \xi) .
\]

Расхождение вызвано тем, что у Стонга

\[
u=\beta\left(\left[\varkappa_{1}\right]-1\right) \in \tilde{K}^{2}\left(\mathbb{C} P^{\infty}\right) .
\]

$\mathrm{C}$ классами $\sigma_{i}$ связано плодотворное в теории гомотопий понятие алгебры Ландвебера - Новикова. Для произвольного набора целых неотрицательных чисел $\omega=\left\{i_{1}, \ldots, i_{k}\right\}$ рассматривается характеристич. класс $S_{\omega}\left(\sigma_{1}^{\prime}, \ldots, \sigma_{n}\right) \in U^{2 d}(B U)$, где $d=i_{1}+\ldots+i_{k}$. Имеет место Тома изоморбизм $U^{2 d}(B U) \longrightarrow \tilde{U}^{2 d}(M U) \subset U^{2 d}(M U)$, здесь $M U$-спектр, соответствующий $U^{*}$-теории. Образ класса $S_{(0}\left(\sigma_{1}, \ldots, \sigma_{n}\right)$ в $U^{2 d}(M U)$ оиределяет когомологическуіо операцию в $U^{*}$-теории. Подалгебра Стинрода алгебры в $U^{*}$-теории, порожденная операциями такого вида, наз. алг е б р о й Л а вд в е бе ра-Н ов ик о в а. Операция, построенная по набору $\omega=$ $=\left\{i_{1}, \ldots, i_{k}\right\}$, обозначается через $S_{\omega}$.

Для одномерных расслоений $\xi, \eta$ имеет место равенство

\[
c_{1}(\xi \oplus \eta)=c_{1}(\xi)+c_{1}(\eta) .
\]

Это важное обстоятельство, позволяющее определить Чжэня хараєтер, не имеет места в обобщенных теориях когомологий. Однако существует формальный степенной ряд $g(t)$ с коэффициентами в $h^{*}(p t) \otimes \mathbb{Q}$, для к-рого $g\left(\sigma_{1}(\xi \oplus \eta)\right)=g\left(\sigma_{1}\left(\xi_{1}\right)\right)+g\left(\sigma_{1}(\eta)\right)$, где $\sigma_{1}$ первый Ч. к. со значениями в $h^{*}$. Для унıтарної теории кобордизмов

\[
g(t)=\sum_{n=0}^{\infty} \frac{\left[\mathbb{C} P^{\infty}\right]}{n+1} t^{n+1}
\]

28 Математическая энц., т. 5 где $\left[\mathbb{C} P^{\infty}\right]=\Omega_{u}^{*}=U^{*}(p t)$-класс кобордизма проективного пространства $\mathbb{C P}^{\infty}$. Этот ряд ваз. рядо м М ищ $\mathbf{e}$ н $\mathrm{K} \mathbf{0}$

Jum.: [1] C h e r n S. S., &quot;Ann. Math.&quot;, 1946, v. 47, Ni 1, p. 85-121; [2] С т о н $\Gamma$ P., Заметки по теории кобордизмов, пер. с англ., М., 1973; [3] П а л е Р., Семинар по теореме Атьи Зингера об индексе, пер. с англ., М., 1970; [4] К о н н е р П., Ф л о й д Э., Гладкие периодические отображения, пер. с англ., М., $1969,[5]$ А т ь н м. Ф., 3 и н r е p И. М., &quot;Уенехи матем. га л &quot; 1 . Б., там же, в. 6, с. 135-49; А т ь я М. Ф., Зи нг е р И. М., там же, 1969 , т. 24 , в. 1 , с. $127-82 ; 1972$, т. 27 , в. 4, с. $161-88$; [6] X и р ц е 6 р у х Ф., Топологические мето-
ды в алгебраической геометрии, пер. с англ., М., 1973; [7] Х Б ю 3 м о л л е р Д., Раселоенные пространства, пер. с англ. M., 1970; [8] E у х II т а 6 e p B. M., «Матем. сб.», 1970, т. 83, . 575-95; [9] H о в рии, пер. с англ., М., 1967.</text_orig>
</article>
