<?xml version="1.0" ?>
<article uri="http://libmeta.ru/me/article/1003_HETEPOBA" alphabetic_pos="1003">
  <title>HЁTEPOBА СХЕМА</title>
  <authors/>
  <pages>
    <start>514</start>
    <end>514</end>
  </pages>
  <literature>
    <literature_orig/>
  </literature>
  <formulas_main/>
  <formulas_aux>
    <formula uri="http://libmeta.ru/me/formula/aux/1003_1_HETEPOBA"> является нётеровым топологич. пространством, а все локальные кольца </formula>
    <formula uri="http://libmeta.ru/me/formula/aux/1003_2_HETEPOBA"> нётеровы. Если каждая точка схемы обладает открытой афৃфинной нётеровой окрестностью, схема наз. л о к а л ь н о н ё т е р о в о й. Квазикомпактная локально Н. с. есть Н. с. Примером Н. с. является схема конечного типа нал полем (алгебраич. многообразие) </formula>
  </formulas_aux>
  <relations n="0"/>
  <text>схема, допускающая конечное открытое покрытие спектрами нёперовых колец. Афффиная Н. с. - в точности спектр нётерова кольца. Топологич. пространство Н. с. #X$URI[[http://libmeta.ru/me/formula/aux/1003_1_HETEPOBA]]/URI$\sigma_{x} x$URI[[http://libmeta.ru/me/formula/aux/1003_2_HETEPOBA]]/URI$\begin{array}{rlr}\text { или над любым нётеровым кольцом. } &amp; \text { В. И. Данилов. } \\ \text {</text>
  <text_orig>схема, допускающая конечное открытое покрытие спектрами нёперовых колец. Афффиная Н. с. - в точности спектр нётерова кольца. Топологич. пространство Н. с. $X$ является нётеровым топологич. пространством, а все локальные кольца $\sigma_{x} x$ нётеровы. Если каждая точка схемы обладает открытой афৃфинной нётеровой окрестностью, схема наз. л о к а л ь н о н ё т е р о в о й. Квазикомпактная локально Н. с. есть Н. с. Примером Н. с. является схема конечного типа нал полем (алгебраич. многообразие) $\begin{array}{rlr}\text { или над любым нётеровым кольцом. } &amp; \text { В. И. Данилов. } \\ \text {</text_orig>
</article>
