<?xml version="1.0" ?>
<article uri="http://libmeta.ru/me/article/1004_ChभENJa" alphabetic_pos="1004">
  <title>ЧभЭНЯ ХАРАКТЕР</title>
  <authors>
    <author>A. Ф. Харииладзе</author>
  </authors>
  <pages>
    <start>434</start>
    <end>435</end>
  </pages>
  <literature>
    <literature_orig/>
  </literature>
  <formulas_main>
    <formula uri="http://libmeta.ru/me/formula/main/1004_1_ChभENJa">\begin{aligned}&amp; \operatorname{ch}: \tilde{K^{0}}(X) \rightarrow \tilde{H}^{* *}(X ; \underset{\downarrow}{\mathbb{Q}}) \\&amp; \text { ch: } \tilde{K}^{0}\left(S^{2} \wedge X\right) \rightarrow \tilde{H}^{* *}\left(S^{2} \wedge X ; \mathbb{Q}\right) \text {, }\end{aligned}</formula>
    <formula uri="http://libmeta.ru/me/formula/main/1004_2_ChभENJa">\operatorname{ch}: K^{1}(X)=\tilde{K}^{0}\left(S X^{+}\right) \rightarrow H^{o d d}(X ; \mathbb{Q})</formula>
    <formula uri="http://libmeta.ru/me/formula/main/1004_3_ChभENJa">\sigma h(\xi) \in h^{* *}(X) \otimes \mathbb{Q}</formula>
    <formula uri="http://libmeta.ru/me/formula/main/1004_4_ChभENJa">\sigma h(\xi)=e^{g\left(\sigma_{i}(\xi)\right)},</formula>
    <formula uri="http://libmeta.ru/me/formula/main/1004_5_ChभENJa">\sigma h: K^{*} \rightarrow h^{* *}(X) \otimes \mathbb{Q} .</formula>
    <formula uri="http://libmeta.ru/me/formula/main/1004_6_ChभENJa">h^{*}(p t) \rightarrow h^{*}(p t) \otimes \mathbb{Q}, x \rightarrow x \otimes 1 .</formula>
    <formula uri="http://libmeta.ru/me/formula/main/1004_7_ChभENJa">g(u)=\sum_{n=0}^{\infty} \frac{\left[\mathbb{C}_{P^{\infty}}\right]}{n+1} u^{n+1} .</formula>
  </formulas_main>
  <formulas_aux>
    <formula uri="http://libmeta.ru/me/formula/aux/1004_1_ChभENJa">\mathrm{ch}: K(X) \longrightarrow</formula>
    <formula uri="http://libmeta.ru/me/formula/aux/1004_2_ChभENJa">\longrightarrow H^{* *}(X ; \mathbb{Q})</formula>
    <formula uri="http://libmeta.ru/me/formula/aux/1004_3_ChभENJa">\xi</formula>
    <formula uri="http://libmeta.ru/me/formula/aux/1004_4_ChभENJa">\operatorname{ch} \xi=e^{c_{1}(\xi)}</formula>
    <formula uri="http://libmeta.ru/me/formula/aux/1004_5_ChभENJa">c_{1}(\xi)-</formula>
    <formula uri="http://libmeta.ru/me/formula/aux/1004_6_ChभENJa">k^{0}(x) \longrightarrow H^{e v}(X, \mathbb{Q})</formula>
    <formula uri="http://libmeta.ru/me/formula/aux/1004_7_ChभENJa">\operatorname{ch}: \tilde{K}^{0}(S X+) \rightarrow \tilde{H}^{e v}(S X+; \mathbb{Q}) \stackrel{S^{-1}}{\rightarrow} \tilde{H}^{o d d}(X+; \mathbb{Q})=H^{o d d}(X ; \mathbb{Q})</formula>
    <formula uri="http://libmeta.ru/me/formula/aux/1004_8_ChभENJa">x^{+}=\left(x \bigcup x_{0}, x_{0}\right)</formula>
    <formula uri="http://libmeta.ru/me/formula/aux/1004_9_ChभENJa">k^{*}(x) \rightarrow H^{* *}(X ; \mathbb{Q})</formula>
    <formula uri="http://libmeta.ru/me/formula/aux/1004_10_ChभENJa">k^{*}(x) \otimes \mathbb{Q} \longrightarrow H^{* *}(X ; \mathbb{Q})</formula>
    <formula uri="http://libmeta.ru/me/formula/aux/1004_11_ChभENJa">\mathbb{z}_{2}</formula>
    <formula uri="http://libmeta.ru/me/formula/aux/1004_12_ChभENJa">h^{*}-</formula>
    <formula uri="http://libmeta.ru/me/formula/aux/1004_13_ChभENJa">\sigma_{i}</formula>
    <formula uri="http://libmeta.ru/me/formula/aux/1004_14_ChभENJa">\xi</formula>
    <formula uri="http://libmeta.ru/me/formula/aux/1004_15_ChभENJa">g(t)</formula>
    <formula uri="http://libmeta.ru/me/formula/aux/1004_16_ChभENJa">h^{*}</formula>
    <formula uri="http://libmeta.ru/me/formula/aux/1004_17_ChभENJa">h^{*}</formula>
    <formula uri="http://libmeta.ru/me/formula/aux/1004_18_ChभENJa">\operatorname{ch}_{h}: h^{*}(X) \longrightarrow \mathscr{H}^{* *}\left(X ; h^{*}(p t) \otimes \mathbb{Q}\right)</formula>
    <formula uri="http://libmeta.ru/me/formula/aux/1004_19_ChभENJa">x=p t</formula>
    <formula uri="http://libmeta.ru/me/formula/aux/1004_20_ChभENJa">\left[\mathscr{h}^{*}\left(x ; h^{*}(p t) \otimes \mathbb{Q}_{n}\right]_{n}=\sum_{i} \mathscr{H}^{i}\left(X, h^{n-i}(p l) \otimes \mathbb{Q}\right)\right.</formula>
    <formula uri="http://libmeta.ru/me/formula/aux/1004_21_ChभENJa">\mathrm{ch}_{k}</formula>
    <formula uri="http://libmeta.ru/me/formula/aux/1004_22_ChभENJa">k^{*}-\mathbb{Z}_{2}-</formula>
    <formula uri="http://libmeta.ru/me/formula/aux/1004_23_ChभENJa">k</formula>
    <formula uri="http://libmeta.ru/me/formula/aux/1004_24_ChभENJa">\mathrm{ch}_{h^{*}}</formula>
    <formula uri="http://libmeta.ru/me/formula/aux/1004_25_ChभENJa">h^{*}</formula>
    <formula uri="http://libmeta.ru/me/formula/aux/1004_26_ChभENJa">u^{*}</formula>
    <formula uri="http://libmeta.ru/me/formula/aux/1004_27_ChभENJa">\mathrm{x}</formula>
    <formula uri="http://libmeta.ru/me/formula/aux/1004_28_ChभENJa">\mathbb{c} P^{\infty}</formula>
    <formula uri="http://libmeta.ru/me/formula/aux/1004_29_ChभENJa">u^{* *}\left(\mathbb{C} P^{\infty}\right)</formula>
    <formula uri="http://libmeta.ru/me/formula/aux/1004_30_ChभENJa">\omega_{u}^{*}[[u]]</formula>
    <formula uri="http://libmeta.ru/me/formula/aux/1004_31_ChभENJa">\omega_{u}^{*}=u^{*}(p t)</formula>
    <formula uri="http://libmeta.ru/me/formula/aux/1004_32_ChभENJa">u \in U^{2}\left(\mathbb{C} P^{\infty}\right)</formula>
    <formula uri="http://libmeta.ru/me/formula/aux/1004_33_ChभENJa">\varkappa_{1}</formula>
    <formula uri="http://libmeta.ru/me/formula/aux/1004_34_ChभENJa">\mathscr{h}^{*}\left(\mathbb{c} P^{\infty} ; \Omega_{u}^{*}\right)</formula>
    <formula uri="http://libmeta.ru/me/formula/aux/1004_35_ChभENJa">\omega_{u}^{*}[[x]]</formula>
    <formula uri="http://libmeta.ru/me/formula/aux/1004_36_ChभENJa">x \in</formula>
    <formula uri="http://libmeta.ru/me/formula/aux/1004_37_ChभENJa">\in H^{2}\left(\mathbb{C} P^{\infty}\right)</formula>
    <formula uri="http://libmeta.ru/me/formula/aux/1004_38_ChभENJa">x_{1}</formula>
    <formula uri="http://libmeta.ru/me/formula/aux/1004_39_ChभENJa">\operatorname{ch}_{u}(u)</formula>
  </formulas_aux>
  <relations n="15">
    <relation uri="http://libmeta.ru/me/relation/1004_1_ChभENJa">
      <rel_text>Чжәня класс</rel_text>
      <target>http://libmeta.ru/me/article/1003_ChZhӘNJa</target>
    </relation>
    <relation uri="http://libmeta.ru/me/relation/1004_2_ChभENJa">
      <rel_text>статье</rel_text>
      <target>http://libmeta.ru/me/article/183_STATIK</target>
    </relation>
    <relation uri="http://libmeta.ru/me/relation/1004_3_ChभENJa">
      <rel_text>степенной ряд</rel_text>
      <target>http://libmeta.ru/me/article/212_STEPENNOJ</target>
    </relation>
    <relation uri="http://libmeta.ru/me/relation/1004_4_ChभENJa">
      <rel_text>Формальный</rel_text>
      <target>http://libmeta.ru/me/article/731_FORMALIZ</target>
    </relation>
    <relation uri="http://libmeta.ru/me/relation/1004_5_ChभENJa">
      <rel_text>расслоения</rel_text>
      <target>http://libmeta.ru/me/article/973_RASSLOENI</target>
    </relation>
    <relation uri="http://libmeta.ru/me/relation/1004_6_ChभENJa">
      <rel_text>кольцо</rel_text>
      <target>http://libmeta.ru/me/article/1000_KOL'Ts</target>
    </relation>
    <relation uri="http://libmeta.ru/me/relation/1004_7_ChभENJa">
      <rel_text>расслоения</rel_text>
      <target>http://libmeta.ru/me/article/973_RASSLOENI</target>
    </relation>
    <relation uri="http://libmeta.ru/me/relation/1004_8_ChभENJa">
      <rel_text>формальных</rel_text>
      <target>http://libmeta.ru/me/article/731_FORMALIZ</target>
    </relation>
    <relation uri="http://libmeta.ru/me/relation/1004_9_ChभENJa">
      <rel_text>кольцу</rel_text>
      <target>http://libmeta.ru/me/article/1000_KOL'Ts</target>
    </relation>
    <relation uri="http://libmeta.ru/me/relation/1004_10_ChभENJa">
      <rel_text>Кольцо</rel_text>
      <target>http://libmeta.ru/me/article/1000_KOL'Ts</target>
    </relation>
    <relation uri="http://libmeta.ru/me/relation/1004_11_ChभENJa">
      <rel_text>пространство</rel_text>
      <target>http://libmeta.ru/me/article/748_PROSTRANSTV</target>
    </relation>
    <relation uri="http://libmeta.ru/me/relation/1004_12_ChभENJa">
      <rel_text>теория</rel_text>
      <target>http://libmeta.ru/me/article/381_TEORI</target>
    </relation>
    <relation uri="http://libmeta.ru/me/relation/1004_13_ChभENJa">
      <rel_text>функторев</rel_text>
      <target>http://libmeta.ru/me/article/796_FUNKTsIONA</target>
    </relation>
    <relation uri="http://libmeta.ru/me/relation/1004_14_ChभENJa">
      <rel_text>совпадает</rel_text>
      <target>http://libmeta.ru/me/article/59_SOVPADENI</target>
    </relation>
    <relation uri="http://libmeta.ru/me/relation/1004_15_ChभENJa">
      <rel_text>Отображение</rel_text>
      <target>http://libmeta.ru/me/article/128_OTOBRAZhENI</target>
    </relation>
  </relations>
  <text>характеристич, класс, определяющий кольцевой гомоморфизм $URI[[http://libmeta.ru/me/formula/aux/1004_1_ChभENJa]]/URI$ $URI[[http://libmeta.ru/me/formula/aux/1004_2_ChभENJa]]/URI$. Для одномерного расслоенія $URI[[http://libmeta.ru/me/formula/aux/1004_3_ChभENJa]]/URI$ имеет место равенство $URI[[http://libmeta.ru/me/formula/aux/1004_4_ChभENJa]]/URI$, где $URI[[http://libmeta.ru/me/formula/aux/1004_5_ChभENJa]]/URI$ рационалыный Чжәня, класс. Это равенство вместе с требованием, чтобы класс ch определял гомоморфизм $URI[[http://libmeta.ru/me/formula/aux/1004_6_ChभENJa]]/URI$, однозначно определяют класс ch. Имеет место коммутативная діаграмма

\[
URI[[http://libmeta.ru/me/formula/main/1004_1_ChभENJa]]/URI
\]

в к-рой вертикальные стрелки обозначают оператор периодичності и двойную надстройку. Пусть отображение

\[
URI[[http://libmeta.ru/me/formula/main/1004_2_ChभENJa]]/URI
\]

совпадает с композицией

$URI[[http://libmeta.ru/me/formula/aux/1004_7_ChभENJa]]/URI$ (здесь через «十》 обозначается функтор из категории топологич. пространств в категорию пунктированных пространств $URI[[http://libmeta.ru/me/formula/aux/1004_8_ChभENJa]]/URI$. Полученное преобразование функторов ch: $URI[[http://libmeta.ru/me/formula/aux/1004_9_ChभENJa]]/URI$ гндуцирует преобразование $URI[[http://libmeta.ru/me/formula/aux/1004_10_ChभENJa]]/URI$, к-рое является естественным изоморфизмом $URI[[http://libmeta.ru/me/formula/aux/1004_11_ChभENJa]]/URI$-градуированных колец.

Если $URI[[http://libmeta.ru/me/formula/aux/1004_12_ChभENJa]]/URI$ обобщенная теория когомологий, в к-рой определены классы Чжэня $URI[[http://libmeta.ru/me/formula/aux/1004_13_ChभENJa]]/URI$, то для одномерных расслоений $URI[[http://libmeta.ru/me/formula/aux/1004_14_ChभENJa]]/URI$ обобщ енный х а ракте р Чжәня

\[
URI[[http://libmeta.ru/me/formula/main/1004_3_ChभENJa]]/URI
\]

определяется формулой:

\[
URI[[http://libmeta.ru/me/formula/main/1004_4_ChभENJa]]/URI
\]

где $URI[[http://libmeta.ru/me/formula/aux/1004_15_ChभENJa]]/URI$-логарифм соответствующей теории $URI[[http://libmeta.ru/me/formula/aux/1004_16_ChभENJa]]/URI$ формальной группы. С помощью леммы о расщеплении может быть определен естественный кольцевой гомоморфизм

\[
URI[[http://libmeta.ru/me/formula/main/1004_5_ChभENJa]]/URI
\]

Для обобщенной теории когомологий $URI[[http://libmeta.ru/me/formula/aux/1004_17_ChभENJa]]/URI$ существует единственный естественный изоморфизм градуированных групп $URI[[http://libmeta.ru/me/formula/aux/1004_18_ChभENJa]]/URI$, к-рый для $URI[[http://libmeta.ru/me/formula/aux/1004_19_ChभENJa]]/URI$ совпадает с отображением

\[
URI[[http://libmeta.ru/me/formula/main/1004_6_ChभENJa]]/URI
\]

Здесь

$URI[[http://libmeta.ru/me/formula/aux/1004_20_ChभENJa]]/URI$.

URI[[http://libmeta.ru/me/relation/1004_15_ChभENJa]]/URI $URI[[http://libmeta.ru/me/formula/aux/1004_21_ChभENJa]]/URI$, где $URI[[http://libmeta.ru/me/formula/aux/1004_22_ChभENJa]]/URI$ градуированная $URI[[http://libmeta.ru/me/formula/aux/1004_23_ChभENJa]]/URI$-теория URI[[http://libmeta.ru/me/relation/1004_14_ChभENJa]]/URI с характером Чжэня ch. Естественное преобразование URI[[http://libmeta.ru/me/relation/1004_13_ChभENJa]]/URI $URI[[http://libmeta.ru/me/formula/aux/1004_24_ChभENJa]]/URI$ наз. х а р а к е р о м Чж ән я - Д о л ь д а.

Пусть $URI[[http://libmeta.ru/me/formula/aux/1004_25_ChभENJa]]/URI$ - унитарная URI[[http://libmeta.ru/me/relation/1004_12_ChभENJa]]/URI кобордизмов $URI[[http://libmeta.ru/me/formula/aux/1004_26_ChभENJa]]/URI$, а $URI[[http://libmeta.ru/me/formula/aux/1004_27_ChभENJa]]/URI$ URI[[http://libmeta.ru/me/relation/1004_11_ChभENJa]]/URI $URI[[http://libmeta.ru/me/formula/aux/1004_28_ChभENJa]]/URI$. URI[[http://libmeta.ru/me/relation/1004_10_ChभENJa]]/URI $URI[[http://libmeta.ru/me/formula/aux/1004_29_ChभENJa]]/URI$ изоморфно URI[[http://libmeta.ru/me/relation/1004_9_ChभENJa]]/URI URI[[http://libmeta.ru/me/relation/1004_8_ChभENJa]]/URI степенных рядов $URI[[http://libmeta.ru/me/formula/aux/1004_30_ChभENJa]]/URI$, где $URI[[http://libmeta.ru/me/formula/aux/1004_31_ChभENJa]]/URI$, $URI[[http://libmeta.ru/me/formula/aux/1004_32_ChभENJa]]/URI$-ориентация URI[[http://libmeta.ru/me/relation/1004_7_ChभENJa]]/URI $URI[[http://libmeta.ru/me/formula/aux/1004_33_ChभENJa]]/URI$. Аналогично, URI[[http://libmeta.ru/me/relation/1004_6_ChभENJa]]/URI $URI[[http://libmeta.ru/me/formula/aux/1004_34_ChभENJa]]/URI$ изоморфно $URI[[http://libmeta.ru/me/formula/aux/1004_35_ChभENJa]]/URI$, где $URI[[http://libmeta.ru/me/formula/aux/1004_36_ChभENJa]]/URI$ $URI[[http://libmeta.ru/me/formula/aux/1004_37_ChभENJa]]/URI$-ориентация URI[[http://libmeta.ru/me/relation/1004_5_ChभENJa]]/URI $URI[[http://libmeta.ru/me/formula/aux/1004_38_ChभENJa]]/URI$. URI[[http://libmeta.ru/me/relation/1004_4_ChभENJa]]/URI URI[[http://libmeta.ru/me/relation/1004_3_ChभENJa]]/URI $URI[[http://libmeta.ru/me/formula/aux/1004_39_ChभENJa]]/URI$ фуунционально обратен ряду Миленко

\[
URI[[http://libmeta.ru/me/formula/main/1004_7_ChभENJa]]/URI
\]

Лит. см. при URI[[http://libmeta.ru/me/relation/1004_2_ChभENJa]]/URI URI[[http://libmeta.ru/me/relation/1004_1_ChभENJa]]/URI.</text>
  <text_orig>характеристич, класс, определяющий кольцевой гомоморфизм $\mathrm{ch}: K(X) \longrightarrow$ $\longrightarrow H^{* *}(X ; \mathbb{Q})$. Для одномерного расслоенія $\xi$ имеет место равенство $\operatorname{ch} \xi=e^{c_{1}(\xi)}$, где $c_{1}(\xi)-$ рационалыный Чжәня, класс. Это равенство вместе с требованием, чтобы класс ch определял гомоморфизм $K^{0}(X) \longrightarrow H^{e v}(X, \mathbb{Q})$, однозначно определяют класс ch. Имеет место коммутативная діаграмма

\[
\begin{aligned}
&amp; \operatorname{ch}: \tilde{K^{0}}(X) \rightarrow \tilde{H}^{* *}(X ; \underset{\downarrow}{\mathbb{Q}}) \\
&amp; \text { ch: } \tilde{K}^{0}\left(S^{2} \wedge X\right) \rightarrow \tilde{H}^{* *}\left(S^{2} \wedge X ; \mathbb{Q}\right) \text {, }
\end{aligned}
\]

в к-рой вертикальные стрелки обозначают оператор периодичності и двойную надстройку. Пусть отображение

\[
\operatorname{ch}: K^{1}(X)=\tilde{K}^{0}\left(S X^{+}\right) \rightarrow H^{o d d}(X ; \mathbb{Q})
\]

совпадает с композицией

$\operatorname{ch}: \tilde{K}^{0}(S X+) \rightarrow \tilde{H}^{e v}(S X+; \mathbb{Q}) \stackrel{S^{-1}}{\rightarrow} \tilde{H}^{o d d}(X+; \mathbb{Q})=H^{o d d}(X ; \mathbb{Q})$ (здесь через «十》 обозначается функтор из категории топологич. пространств в категорию пунктированных пространств $X^{+}=\left(X \bigcup x_{0}, x_{0}\right)$. Полученное преобразование функторов ch: $K^{*}(X) \rightarrow H^{* *}(X ; \mathbb{Q})$ гндуцирует преобразование $K^{*}(X) \otimes \mathbb{Q} \longrightarrow H^{* *}(X ; \mathbb{Q})$, к-рое является естественным изоморфизмом $\mathbb{Z}_{2}$-градуированных колец.

Если $h^{*}-$ обобщенная теория когомологий, в к-рой определены классы Чжэня $\sigma_{i}$, то для одномерных расслоений $\xi$ обобщ енный х а ракте р Чжәня

\[
\sigma h(\xi) \in h^{* *}(X) \otimes \mathbb{Q}
\]

определяется формулой:

\[
\sigma h(\xi)=e^{g\left(\sigma_{i}(\xi)\right)},
\]

где $g(t)$-логарифм соответствующей теории $h^{*}$ формальной группы. С помощью леммы о расщеплении может быть определен естественный кольцевой гомоморфизм

\[
\sigma h: K^{*} \rightarrow h^{* *}(X) \otimes \mathbb{Q} .
\]

Для обобщенной теории когомологий $h^{*}$ существует единственный естественный изоморфизм градуированных групп $\operatorname{ch}_{h}: h^{*}(X) \longrightarrow \mathscr{H}^{* *}\left(X ; h^{*}(p t) \otimes \mathbb{Q}\right)$, к-рый для $X=p t$ совпадает с отображением

\[
h^{*}(p t) \rightarrow h^{*}(p t) \otimes \mathbb{Q}, x \rightarrow x \otimes 1 .
\]

Здесь

$\left[\mathscr{H}^{*}\left(X ; h^{*}(p t) \otimes \mathbb{Q}_{n}\right]_{n}=\sum_{i} \mathscr{H}^{i}\left(X, h^{n-i}(p l) \otimes \mathbb{Q}\right)\right.$.

Отображение $\mathrm{ch}_{k}$, где $K^{*}-\mathbb{Z}_{2}-$ градуированная $K$-теория совпадает с характером Чжэня ch. Естественное преобразование функторев $\mathrm{ch}_{h^{*}}$ наз. х а р а к е р о м Чж ән я - Д о л ь д а.

Пусть $h^{*}$ - унитарная теория кобордизмов $U^{*}$, а $\mathrm{X}$ пространство $\mathbb{C} P^{\infty}$. Кольцо $U^{* *}\left(\mathbb{C} P^{\infty}\right)$ изоморфно кольцу формальных степенных рядов $\Omega_{u}^{*}[[u]]$, где $\Omega_{u}^{*}=U^{*}(p t)$, $u \in U^{2}\left(\mathbb{C} P^{\infty}\right)$-ориентация расслоения $\varkappa_{1}$. Аналогично, кольцо $\mathscr{H}^{*}\left(\mathbb{C} P^{\infty} ; \Omega_{u}^{*}\right)$ изоморфно $\Omega_{u}^{*}[[x]]$, где $x \in$ $\in H^{2}\left(\mathbb{C} P^{\infty}\right)$-ориентация расслоения $x_{1}$. Формальный степенной ряд $\operatorname{ch}_{u}(u)$ фуунционально обратен ряду Миленко

\[
g(u)=\sum_{n=0}^{\infty} \frac{\left[\mathbb{C}_{P^{\infty}}\right]}{n+1} u^{n+1} .
\]

Лит. см. при статье Чжәня класс.

A. Ф. Харииладзе.</text_orig>
</article>
