<?xml version="1.0" ?>
<article uri="http://libmeta.ru/me/article/1004_KOMPAKTNOSTI" alphabetic_pos="1004">
  <title>КОМПАКТНОСТИ ПРИНЦИП</title>
  <authors>
    <author>Е. Д. Соломенцев</author>
  </authors>
  <pages>
    <start>498</start>
    <end>498</end>
  </pages>
  <literature>
    <literature_orig>Лum.: [1] М о н т е ль П., Нормальные семейства аналитических функций, пер. с франц., М.- J., 1936; [2] М а л ьг р а ж Ж.Б., Јекции по теории функций нескольких комплексных переменных, пер. с англ., М., $1969 . \quad$</literature_orig>
    <unit>
      <author>Монтель П.</author>
      <title>Нормальные семейства аналитических функций</title>
      <publication>пер. с франц., М.- J.</publication>
      <year>1936</year>
      <other/>
    </unit>
    <unit>
      <author>Мальграж Ж. Б.</author>
      <title>Јекции по теории функций нескольких комплексных переменных</title>
      <publication>пер. с англ., М.</publication>
      <year>1969</year>
      <other/>
    </unit>
  </literature>
  <formulas_main/>
  <formulas_aux>
    <formula uri="http://libmeta.ru/me/formula/aux/1004_1_KOMPAKTNOSTI">\phi=\{f(z)\}</formula>
    <formula uri="http://libmeta.ru/me/formula/aux/1004_2_KOMPAKTNOSTI">d</formula>
    <formula uri="http://libmeta.ru/me/formula/aux/1004_3_KOMPAKTNOSTI">\left\{f_{k}(z)\right\} \subset \Phi</formula>
    <formula uri="http://libmeta.ru/me/formula/aux/1004_4_KOMPAKTNOSTI">d</formula>
    <formula uri="http://libmeta.ru/me/formula/aux/1004_5_KOMPAKTNOSTI">d</formula>
    <formula uri="http://libmeta.ru/me/formula/aux/1004_6_KOMPAKTNOSTI">k \subset D</formula>
    <formula uri="http://libmeta.ru/me/formula/aux/1004_7_KOMPAKTNOSTI">d</formula>
    <formula uri="http://libmeta.ru/me/formula/aux/1004_8_KOMPAKTNOSTI">k \subset D</formula>
    <formula uri="http://libmeta.ru/me/formula/aux/1004_9_KOMPAKTNOSTI">h_{d}-</formula>
    <formula uri="http://libmeta.ru/me/formula/aux/1004_10_KOMPAKTNOSTI">d</formula>
    <formula uri="http://libmeta.ru/me/formula/aux/1004_11_KOMPAKTNOSTI">\mathbb{c}^{n}</formula>
    <formula uri="http://libmeta.ru/me/formula/aux/1004_12_KOMPAKTNOSTI">n \geqslant 1</formula>
    <formula uri="http://libmeta.ru/me/formula/aux/1004_13_KOMPAKTNOSTI">k \subset D</formula>
    <formula uri="http://libmeta.ru/me/formula/aux/1004_14_KOMPAKTNOSTI">\phi_{\subset} \subset H_{D}</formula>
    <formula uri="http://libmeta.ru/me/formula/aux/1004_15_KOMPAKTNOSTI">h_{d}</formula>
    <formula uri="http://libmeta.ru/me/formula/aux/1004_16_KOMPAKTNOSTI">h_{d}</formula>
  </formulas_aux>
  <relations n="27">
    <relation uri="http://libmeta.ru/me/relation/1004_1_KOMPAKTNOSTI">
      <rel_text>Витали теорема</rel_text>
      <target>http://libmeta.ru/me/article/729_VITALI</target>
    </relation>
    <relation uri="http://libmeta.ru/me/relation/1004_2_KOMPAKTNOSTI">
      <rel_text>нормальными</rel_text>
      <target>http://libmeta.ru/me/article/1034_NORMALIZATO</target>
    </relation>
    <relation uri="http://libmeta.ru/me/relation/1004_3_KOMPAKTNOSTI">
      <rel_text>связано</rel_text>
      <target>http://libmeta.ru/me/article/1222_SVJaZK</target>
    </relation>
    <relation uri="http://libmeta.ru/me/relation/1004_4_KOMPAKTNOSTI">
      <rel_text>функций</rel_text>
      <target>http://libmeta.ru/me/article/790_FUNKTO</target>
    </relation>
    <relation uri="http://libmeta.ru/me/relation/1004_5_KOMPAKTNOSTI">
      <rel_text>компактных</rel_text>
      <target>http://libmeta.ru/me/article/1022_KOMPOZitsI</target>
    </relation>
    <relation uri="http://libmeta.ru/me/relation/1004_6_KOMPAKTNOSTI">
      <rel_text>компактно</rel_text>
      <target>http://libmeta.ru/me/article/1009_KOMPLEK</target>
    </relation>
    <relation uri="http://libmeta.ru/me/relation/1004_7_KOMPAKTNOSTI">
      <rel_text>замкнутое множество</rel_text>
      <target>http://libmeta.ru/me/article/427_ZAMKNUTOE</target>
    </relation>
    <relation uri="http://libmeta.ru/me/relation/1004_8_KOMPAKTNOSTI">
      <rel_text>компактах</rel_text>
      <target>http://libmeta.ru/me/article/1009_KOMPLEK</target>
    </relation>
    <relation uri="http://libmeta.ru/me/relation/1004_9_KOMPAKTNOSTI">
      <rel_text>сходимости</rel_text>
      <target>http://libmeta.ru/me/article/333_SHODIMOST</target>
    </relation>
    <relation uri="http://libmeta.ru/me/relation/1004_10_KOMPAKTNOSTI">
      <rel_text>топологией равномерной</rel_text>
      <target>http://libmeta.ru/me/article/852_RAVNOMERNAJa</target>
    </relation>
    <relation uri="http://libmeta.ru/me/relation/1004_11_KOMPAKTNOSTI">
      <rel_text>пространства</rel_text>
      <target>http://libmeta.ru/me/article/748_PROSTRANSTV</target>
    </relation>
    <relation uri="http://libmeta.ru/me/relation/1004_12_KOMPAKTNOSTI">
      <rel_text>голоморфных функций</rel_text>
      <target>http://libmeta.ru/me/article/1106_GOLOMORFAJa</target>
    </relation>
    <relation uri="http://libmeta.ru/me/relation/1004_13_KOMPAKTNOSTI">
      <rel_text>векторное пространство</rel_text>
      <target>http://libmeta.ru/me/article/657_VEKTORNOE</target>
    </relation>
    <relation uri="http://libmeta.ru/me/relation/1004_14_KOMPAKTNOSTI">
      <rel_text>комплексное</rel_text>
      <target>http://libmeta.ru/me/article/1005_KOMPAKTNOST</target>
    </relation>
    <relation uri="http://libmeta.ru/me/relation/1004_15_KOMPAKTNOSTI">
      <rel_text>компакте</rel_text>
      <target>http://libmeta.ru/me/article/1009_KOMPLEK</target>
    </relation>
    <relation uri="http://libmeta.ru/me/relation/1004_16_KOMPAKTNOSTI">
      <rel_text>компактным</rel_text>
      <target>http://libmeta.ru/me/article/1022_KOMPOZitsI</target>
    </relation>
    <relation uri="http://libmeta.ru/me/relation/1004_17_KOMPAKTNOSTI">
      <rel_text>компакте</rel_text>
      <target>http://libmeta.ru/me/article/1009_KOMPLEK</target>
    </relation>
    <relation uri="http://libmeta.ru/me/relation/1004_18_KOMPAKTNOSTI">
      <rel_text>равномерно сходящуюся</rel_text>
      <target>http://libmeta.ru/me/article/851_RAVNOMERNAJa</target>
    </relation>
    <relation uri="http://libmeta.ru/me/relation/1004_19_KOMPAKTNOSTI">
      <rel_text>равномерно сходящуюся</rel_text>
      <target>http://libmeta.ru/me/article/851_RAVNOMERNAJa</target>
    </relation>
    <relation uri="http://libmeta.ru/me/relation/1004_20_KOMPAKTNOSTI">
      <rel_text>аналитической функции</rel_text>
      <target>http://libmeta.ru/me/article/183_ANALITIChESKAJa</target>
    </relation>
    <relation uri="http://libmeta.ru/me/relation/1004_21_KOMPAKTNOSTI">
      <rel_text>сходящуюся</rel_text>
      <target>http://libmeta.ru/me/article/333_SHODIMOST</target>
    </relation>
    <relation uri="http://libmeta.ru/me/relation/1004_22_KOMPAKTNOSTI">
      <rel_text>последовательности</rel_text>
      <target>http://libmeta.ru/me/article/534_POSLEDOVATEL'NOST</target>
    </relation>
    <relation uri="http://libmeta.ru/me/relation/1004_23_KOMPAKTNOSTI">
      <rel_text>комплексной</rel_text>
      <target>http://libmeta.ru/me/article/1005_KOMPAKTNOST</target>
    </relation>
    <relation uri="http://libmeta.ru/me/relation/1004_24_KOMPAKTNOSTI">
      <rel_text>голоморфных функций</rel_text>
      <target>http://libmeta.ru/me/article/1106_GOLOMORFAJa</target>
    </relation>
    <relation uri="http://libmeta.ru/me/relation/1004_25_KOMPAKTNOSTI">
      <rel_text>аналитических функций</rel_text>
      <target>http://libmeta.ru/me/article/183_ANALITIChESKAJa</target>
    </relation>
    <relation uri="http://libmeta.ru/me/relation/1004_26_KOMPAKTNOSTI">
      <rel_text>комплексного</rel_text>
      <target>http://libmeta.ru/me/article/1005_KOMPAKTNOST</target>
    </relation>
    <relation uri="http://libmeta.ru/me/relation/1004_27_KOMPAKTNOSTI">
      <rel_text>функций</rel_text>
      <target>http://libmeta.ru/me/article/790_FUNKTO</target>
    </relation>
  </relations>
  <text>в т е о ии URI[[http://libmeta.ru/me/relation/1004_27_KOMPAKTNOSTI]]/URI URI[[http://libmeta.ru/me/relation/1004_26_KOMPAKTNOSTI]]/URI пе р емен но го-условие гомпактности семейств URI[[http://libmeta.ru/me/relation/1004_25_KOMPAKTNOSTI]]/URI. Бесконечное семейство $URI[[http://libmeta.ru/me/formula/aux/1004_1_KOMPAKTNOSTI]]/URI$ URI[[http://libmeta.ru/me/relation/1004_24_KOMPAKTNOSTI]]/URI в области $URI[[http://libmeta.ru/me/formula/aux/1004_2_KOMPAKTNOSTI]]/URI$ URI[[http://libmeta.ru/me/relation/1004_23_KOMPAKTNOSTI]]/URI плоскости z называется к о м п а к т ны м, если из любой URI[[http://libmeta.ru/me/relation/1004_22_KOMPAKTNOSTI]]/URI $URI[[http://libmeta.ru/me/formula/aux/1004_3_KOMPAKTNOSTI]]/URI$ можно выделить подпоследовательность, URI[[http://libmeta.ru/me/relation/1004_21_KOMPAKTNOSTI]]/URI к URI[[http://libmeta.ru/me/relation/1004_20_KOMPAKTNOSTI]]/URI в $URI[[http://libmeta.ru/me/formula/aux/1004_4_KOMPAKTNOSTI]]/URI$ или, что то же самое, URI[[http://libmeta.ru/me/relation/1004_19_KOMPAKTNOSTI]]/URI внутри $URI[[http://libmeta.ru/me/formula/aux/1004_5_KOMPAKTNOSTI]]/URI$, т. е. URI[[http://libmeta.ru/me/relation/1004_18_KOMPAKTNOSTI]]/URI на любом URI[[http://libmeta.ru/me/relation/1004_17_KOMPAKTNOSTI]]/URI $URI[[http://libmeta.ru/me/formula/aux/1004_6_KOMPAKTNOSTI]]/URI$. К. п. был дан П. Монтелем (p. Montel, 1927, см. [1]): для того чтобы семейство Ф было URI[[http://libmeta.ru/me/relation/1004_16_KOMPAKTNOSTI]]/URI, необходимо и достаточно, чтобы оно было равномерно ограниченным внутри $URI[[http://libmeta.ru/me/formula/aux/1004_7_KOMPAKTNOSTI]]/URI$, т. е. равномерно ограниченным на любом URI[[http://libmeta.ru/me/relation/1004_15_KOMPAKTNOSTI]]/URI $URI[[http://libmeta.ru/me/formula/aux/1004_8_KOMPAKTNOSTI]]/URI$.

Пусть $URI[[http://libmeta.ru/me/formula/aux/1004_9_KOMPAKTNOSTI]]/URI$ URI[[http://libmeta.ru/me/relation/1004_14_KOMPAKTNOSTI]]/URI URI[[http://libmeta.ru/me/relation/1004_13_KOMPAKTNOSTI]]/URI URI[[http://libmeta.ru/me/relation/1004_12_KOMPAKTNOSTI]]/URI в области $URI[[http://libmeta.ru/me/formula/aux/1004_10_KOMPAKTNOSTI]]/URI$ URI[[http://libmeta.ru/me/relation/1004_11_KOMPAKTNOSTI]]/URI $URI[[http://libmeta.ru/me/formula/aux/1004_11_KOMPAKTNOSTI]]/URI$, $URI[[http://libmeta.ru/me/formula/aux/1004_12_KOMPAKTNOSTI]]/URI$, с URI[[http://libmeta.ru/me/relation/1004_10_KOMPAKTNOSTI]]/URI URI[[http://libmeta.ru/me/relation/1004_9_KOMPAKTNOSTI]]/URI на URI[[http://libmeta.ru/me/relation/1004_8_KOMPAKTNOSTI]]/URI $URI[[http://libmeta.ru/me/formula/aux/1004_13_KOMPAKTNOSTI]]/URI$. К. П. можно сформулировать и в более абстрактной форме: URI[[http://libmeta.ru/me/relation/1004_7_KOMPAKTNOSTI]]/URI $URI[[http://libmeta.ru/me/formula/aux/1004_14_KOMPAKTNOSTI]]/URI$ URI[[http://libmeta.ru/me/relation/1004_6_KOMPAKTNOSTI]]/URI в $URI[[http://libmeta.ru/me/formula/aux/1004_15_KOMPAKTNOSTI]]/URI$ тогда и только тогда, когда оно ограничено в $URI[[http://libmeta.ru/me/formula/aux/1004_16_KOMPAKTNOSTI]]/URI$. Понятіе URI[[http://libmeta.ru/me/relation/1004_5_KOMPAKTNOSTI]]/URI семейств аналитич. URI[[http://libmeta.ru/me/relation/1004_4_KOMPAKTNOSTI]]/URI тесно URI[[http://libmeta.ru/me/relation/1004_3_KOMPAKTNOSTI]]/URI с URI[[http://libmeta.ru/me/relation/1004_2_KOMPAKTNOSTI]]/URI семействами. См. также URI[[http://libmeta.ru/me/relation/1004_1_KOMPAKTNOSTI]]/URI.</text>
  <text_orig>в т е о ии функций комплексного пе р емен но го-условие гомпактности семейств аналитических функций. Бесконечное семейство $\Phi=\{f(z)\}$ голоморфных функций в области $D$ комплексной плоскости z называется к о м п а к т ны м, если из любой последовательности $\left\{f_{k}(z)\right\} \subset \Phi$ можно выделить подпоследовательность, сходящуюся к аналитической функции в $D$ или, что то же самое, равномерно сходящуюся внутри $D$, т. е. равномерно сходящуюся на любом компакте $K \subset D$. К. п. был дан П. Монтелем (P. Montel, 1927, см. [1]): для того чтобы семейство Ф было компактным, необходимо и достаточно, чтобы оно было равномерно ограниченным внутри $D$, т. е. равномерно ограниченным на любом компакте $K \subset D$.

Пусть $H_{D}-$ комплексное векторное пространство голоморфных функций в области $D$ пространства $\mathbb{C}^{n}$, $n \geqslant 1$, с топологией равномерной сходимости на компактах $K \subset D$. К. П. можно сформулировать и в более абстрактной форме: замкнутое множество $\Phi_{\subset} \subset H_{D}$ компактно в $H_{D}$ тогда и только тогда, когда оно ограничено в $H_{D}$. Понятіе компактных семейств аналитич. функций тесно связано с нормальными семействами. См. также Витали теорема.

Лum.: [1] М о н т е ль П., Нормальные семейства аналитических функций, пер. с франц., М.- J., 1936; [2] М а л ьг р а ж Ж.Б., Јекции по теории функций нескольких комплексных переменных, пер. с англ., М., $1969 . \quad$ Е. Д. Соломенцев.</text_orig>
</article>
