<?xml version="1.0" ?>
<article uri="http://libmeta.ru/me/article/1005_GEOMETRIChESKIJ" alphabetic_pos="1005">
  <title>ГЕОМЕТРИЧЕСКИЙ КОМПОІЕКС</title>
  <authors>
    <author>E. Г. Скляренко</author>
  </authors>
  <pages>
    <start>468</start>
    <end>468</end>
  </pages>
  <literature>
    <literature_orig/>
  </literature>
  <formulas_main/>
  <formulas_aux>
    <formula uri="http://libmeta.ru/me/formula/aux/1005_1_GEOMETRIChESKIJ">\mathrm{p}</formula>
    <formula uri="http://libmeta.ru/me/formula/aux/1005_2_GEOMETRIChESKIJ">\quad</formula>
  </formulas_aux>
  <relations n="17">
    <relation uri="http://libmeta.ru/me/relation/1005_1_GEOMETRIChESKIJ">
      <rel_text>слабая топология</rel_text>
      <target>http://libmeta.ru/me/article/1392_SLABAJa</target>
    </relation>
    <relation uri="http://libmeta.ru/me/relation/1005_2_GEOMETRIChESKIJ">
      <rel_text>пространство</rel_text>
      <target>http://libmeta.ru/me/article/748_PROSTRANSTV</target>
    </relation>
    <relation uri="http://libmeta.ru/me/relation/1005_3_GEOMETRIChESKIJ">
      <rel_text>полиэдра</rel_text>
      <target>http://libmeta.ru/me/article/397_POLIKRU</target>
    </relation>
    <relation uri="http://libmeta.ru/me/relation/1005_4_GEOMETRIChESKIJ">
      <rel_text>грань</rel_text>
      <target>http://libmeta.ru/me/article/1172_GRAN</target>
    </relation>
    <relation uri="http://libmeta.ru/me/relation/1005_5_GEOMETRIChESKIJ">
      <rel_text>полиэдром</rel_text>
      <target>http://libmeta.ru/me/article/395_POLIVEKTOR</target>
    </relation>
    <relation uri="http://libmeta.ru/me/relation/1005_6_GEOMETRIChESKIJ">
      <rel_text>пространство</rel_text>
      <target>http://libmeta.ru/me/article/748_PROSTRANSTV</target>
    </relation>
    <relation uri="http://libmeta.ru/me/relation/1005_7_GEOMETRIChESKIJ">
      <rel_text>пространства</rel_text>
      <target>http://libmeta.ru/me/article/748_PROSTRANSTV</target>
    </relation>
    <relation uri="http://libmeta.ru/me/relation/1005_8_GEOMETRIChESKIJ">
      <rel_text>симплекса</rel_text>
      <target>http://libmeta.ru/me/article/1330_SIMPЈEK</target>
    </relation>
    <relation uri="http://libmeta.ru/me/relation/1005_9_GEOMETRIChESKIJ">
      <rel_text>подкомплексу</rel_text>
      <target>http://libmeta.ru/me/article/356_PODKATEGORI</target>
    </relation>
    <relation uri="http://libmeta.ru/me/relation/1005_10_GEOMETRIChESKIJ">
      <rel_text>Подкомплексом</rel_text>
      <target>http://libmeta.ru/me/article/356_PODKATEGORI</target>
    </relation>
    <relation uri="http://libmeta.ru/me/relation/1005_11_GEOMETRIChESKIJ">
      <rel_text>взаимно однозначное соответствие</rel_text>
      <target>http://libmeta.ru/me/article/701_VZAIMNO</target>
    </relation>
    <relation uri="http://libmeta.ru/me/relation/1005_12_GEOMETRIChESKIJ">
      <rel_text>взаимно однозначное соответствие</rel_text>
      <target>http://libmeta.ru/me/article/701_VZAIMNO</target>
    </relation>
    <relation uri="http://libmeta.ru/me/relation/1005_13_GEOMETRIChESKIJ">
      <rel_text>пересекаются</rel_text>
      <target>http://libmeta.ru/me/article/222_PEREGÓROD</target>
    </relation>
    <relation uri="http://libmeta.ru/me/relation/1005_14_GEOMETRIChESKIJ">
      <rel_text>симплекса</rel_text>
      <target>http://libmeta.ru/me/article/1330_SIMPЈEK</target>
    </relation>
    <relation uri="http://libmeta.ru/me/relation/1005_15_GEOMETRIChESKIJ">
      <rel_text>евклидовом пространстве</rel_text>
      <target>http://libmeta.ru/me/article/386_EVKLIDOVO</target>
    </relation>
    <relation uri="http://libmeta.ru/me/relation/1005_16_GEOMETRIChESKIJ">
      <rel_text>пространствах</rel_text>
      <target>http://libmeta.ru/me/article/748_PROSTRANSTV</target>
    </relation>
    <relation uri="http://libmeta.ru/me/relation/1005_17_GEOMETRIChESKIJ">
      <rel_text>множество</rel_text>
      <target>http://libmeta.ru/me/article/733_MNOZhESTV</target>
    </relation>
  </relations>
  <text>URI[[http://libmeta.ru/me/relation/1005_17_GEOMETRIChESKIJ]]/URI симплексов в евклидовом и гильбертовом URI[[http://libmeta.ru/me/relation/1005_16_GEOMETRIChESKIJ]]/URI, удовлетворяющее нек-рым условиям. К о не ч н ы м ге о ме т р и ч с ким ком п л е к с о м наз. конечный набор замкнутых симплексов в URI[[http://libmeta.ru/me/relation/1005_15_GEOMETRIChESKIJ]]/URI, причем любые два URI[[http://libmeta.ru/me/relation/1005_14_GEOMETRIChESKIJ]]/URI либо не имеют общих точек, либо URI[[http://libmeta.ru/me/relation/1005_13_GEOMETRIChESKIJ]]/URI по общей грани. Два Г. к. считаются изоморфными, если между их вершинами можно установить URI[[http://libmeta.ru/me/relation/1005_12_GEOMETRIChESKIJ]]/URI, обеспечивающее URI[[http://libmeta.ru/me/relation/1005_11_GEOMETRIChESKIJ]]/URI между всеми их симплексами. URI[[http://libmeta.ru/me/relation/1005_10_GEOMETRIChESKIJ]]/URI Г. к. наз. любая часть его симплексов. Всякий Г. к. изоморфен URI[[http://libmeta.ru/me/relation/1005_9_GEOMETRIChESKIJ]]/URI нек-рого URI[[http://libmeta.ru/me/relation/1005_8_GEOMETRIChESKIJ]]/URI достаточно высокой размерности. $URI[[http://libmeta.ru/me/formula/aux/1005_1_GEOMETRIChESKIJ]]/URI$ а 3 м е н о с т ь ю к он е ч н о г о Г. к. наз. наиболышая из размерностей составляющих его симплексов.

Бе с к о н е ч ы й г е о м т р и ч е с кий ко мп л е к с определяется с точностью до изоморфизма как набор симплексов нек-рого, не обязательно счетномерного, гильбертова URI[[http://libmeta.ru/me/relation/1005_7_GEOMETRIChESKIJ]]/URI; при этом вершины симплексов являются концами векторов нек-рого ортонормированного базиса. Каждый Г. к. определяет топологич. URI[[http://libmeta.ru/me/relation/1005_6_GEOMETRIChESKIJ]]/URI, состоящее из всех точек его симплексов и называемое URI[[http://libmeta.ru/me/relation/1005_5_GEOMETRIChESKIJ]]/URI Г. к. Р а 3 м е рн о с т ь ю бес к о не ч но го URI[[http://libmeta.ru/me/relation/1005_4_GEOMETRIChESKIJ]]/URI размерностей его симплексов. В случае бесконечного Г. к. топология URI[[http://libmeta.ru/me/relation/1005_3_GEOMETRIChESKIJ]]/URI, индуцированная его вложением в объемлющее гильбертово URI[[http://libmeta.ru/me/relation/1005_2_GEOMETRIChESKIJ]]/URI, 30 не является единственной, совместимой с обычной топологией на всех его симплексах; примером служит URI[[http://libmeta.ru/me/relation/1005_1_GEOMETRIChESKIJ]]/URI. $URI[[http://libmeta.ru/me/formula/aux/1005_2_GEOMETRIChESKIJ]]/URI$</text>
  <text_orig>множество симплексов в евклидовом и гильбертовом пространствах, удовлетворяющее нек-рым условиям. К о не ч н ы м ге о ме т р и ч с ким ком п л е к с о м наз. конечный набор замкнутых симплексов в евклидовом пространстве, причем любые два симплекса либо не имеют общих точек, либо пересекаются по общей грани. Два Г. к. считаются изоморфными, если между их вершинами можно установить взаимно однозначное соответствие, обеспечивающее взаимно однозначное соответствие между всеми их симплексами. Подкомплексом Г. к. наз. любая часть его симплексов. Всякий Г. к. изоморфен подкомплексу нек-рого симплекса достаточно высокой размерности. $\mathrm{P}$ а 3 м е н о с т ь ю к он е ч н о г о Г. к. наз. наиболышая из размерностей составляющих его симплексов.

Бе с к о н е ч ы й г е о м т р и ч е с кий ко мп л е к с определяется с точностью до изоморфизма как набор симплексов нек-рого, не обязательно счетномерного, гильбертова пространства; при этом вершины симплексов являются концами векторов нек-рого ортонормированного базиса. Каждый Г. к. определяет топологич. пространство, состоящее из всех точек его симплексов и называемое полиэдром Г. к. Р а 3 м е рн о с т ь ю бес к о не ч но го грань размерностей его симплексов. В случае бесконечного Г. к. топология полиэдра, индуцированная его вложением в объемлющее гильбертово пространство, 30 не является единственной, совместимой с обычной топологией на всех его симплексах; примером служит слабая топология. $\quad$ E. Г. Скляренко.</text_orig>
</article>
