<?xml version="1.0" ?>
<article uri="http://libmeta.ru/me/article/1005_ChZhӘNJa" alphabetic_pos="1005">
  <title>ЧЖӘНЯ ЧИСЛО</title>
  <authors>
    <author>А. Ф. Харииладзе</author>
  </authors>
  <pages>
    <start>435</start>
    <end>435</end>
  </pages>
  <literature>
    <literature_orig/>
  </literature>
  <formulas_main>
    <formula uri="http://libmeta.ru/me/formula/main/1005_1_ChZhӘNJa">\varphi: \Omega_{2 n}^{u} \rightarrow A, \varphi\left(\left[M^{2 n}\right]\right)=\sum_{\omega} c_{\omega}\left[M^{2 n}\right] \varepsilon_{\omega}</formula>
    <formula uri="http://libmeta.ru/me/formula/main/1005_2_ChZhӘNJa">h^{n}(M, \partial M) \otimes h_{m}(M, \partial M) \rightarrow h^{n-m}(p t) .</formula>
    <formula uri="http://libmeta.ru/me/formula/main/1005_3_ChZhӘNJa">\left\{x,[M, \partial M]^{k}\right\} \in K^{-2 n}(p t) \stackrel{\beta^{n}}{\cong} K^{0}(p t)=\mathbb{Z}</formula>
    <formula uri="http://libmeta.ru/me/formula/main/1005_4_ChZhӘNJa">\left\{x,[M, \partial M]^{k}\right\}=\langle\operatorname{ch} x T(\tau M),[M, \partial M]\rangle,</formula>
    <formula uri="http://libmeta.ru/me/formula/main/1005_5_ChZhӘNJa">\begin{aligned}&amp; S_{\omega}^{k}[M]=S_{\omega}\left(\gamma_{1}, \ldots, \gamma_{n}\right)[M]= \\&amp; =\left\{S_{\omega}\left(\gamma_{1}, \ldots, \gamma_{n}\right)(\tau M),[M]^{k}\right\},\end{aligned}</formula>
    <formula uri="http://libmeta.ru/me/formula/main/1005_6_ChZhӘNJa">S_{\omega}^{k}[M]=\sum_{\left|\omega^{\prime}\right|=n} r_{\omega^{\prime}} c_{\omega^{\prime}}[M]</formula>
  </formulas_main>
  <formulas_aux>
    <formula uri="http://libmeta.ru/me/formula/aux/1005_1_ChZhӘNJa">x \in H^{* *}\left(B U_{n}\right)-</formula>
    <formula uri="http://libmeta.ru/me/formula/aux/1005_2_ChZhӘNJa">m^{2 n}</formula>
    <formula uri="http://libmeta.ru/me/formula/aux/1005_3_ChZhӘNJa">x\left[m^{2 n}\right]=\left\langle x(\tau M),\left[M^{2 n}\right]\right\rangle</formula>
    <formula uri="http://libmeta.ru/me/formula/aux/1005_4_ChZhӘNJa">m^{2 n}</formula>
    <formula uri="http://libmeta.ru/me/formula/aux/1005_5_ChZhӘNJa">\tau M</formula>
    <formula uri="http://libmeta.ru/me/formula/aux/1005_6_ChZhӘNJa">m</formula>
    <formula uri="http://libmeta.ru/me/formula/aux/1005_7_ChZhӘNJa">x</formula>
    <formula uri="http://libmeta.ru/me/formula/aux/1005_8_ChZhӘNJa">x\left[m^{2 n}\right] 3 a-</formula>
    <formula uri="http://libmeta.ru/me/formula/aux/1005_9_ChZhӘNJa">2 n</formula>
    <formula uri="http://libmeta.ru/me/formula/aux/1005_10_ChZhӘNJa">x</formula>
    <formula uri="http://libmeta.ru/me/formula/aux/1005_11_ChZhӘNJa">x</formula>
    <formula uri="http://libmeta.ru/me/formula/aux/1005_12_ChZhӘNJa">\omega_{2 n}^{u} \longrightarrow \mathbb{Z}</formula>
    <formula uri="http://libmeta.ru/me/formula/aux/1005_13_ChZhӘNJa">n</formula>
    <formula uri="http://libmeta.ru/me/formula/aux/1005_14_ChZhӘNJa">\omega=\left\{i_{1}, \ldots, i_{k}\right\}</formula>
    <formula uri="http://libmeta.ru/me/formula/aux/1005_15_ChZhӘNJa">i_{1}+\ldots+i_{k}=n</formula>
    <formula uri="http://libmeta.ru/me/formula/aux/1005_16_ChZhӘNJa">m, N</formula>
    <formula uri="http://libmeta.ru/me/formula/aux/1005_17_ChZhӘNJa">2 n</formula>
    <formula uri="http://libmeta.ru/me/formula/aux/1005_18_ChZhӘNJa">\omega</formula>
    <formula uri="http://libmeta.ru/me/formula/aux/1005_19_ChZhӘNJa">n</formula>
    <formula uri="http://libmeta.ru/me/formula/aux/1005_20_ChZhӘNJa">c_{\omega}[m]=c_{\omega}[n] \quad</formula>
    <formula uri="http://libmeta.ru/me/formula/aux/1005_21_ChZhӘNJa">m</formula>
    <formula uri="http://libmeta.ru/me/formula/aux/1005_22_ChZhӘNJa">n</formula>
    <formula uri="http://libmeta.ru/me/formula/aux/1005_23_ChZhӘNJa">a-</formula>
    <formula uri="http://libmeta.ru/me/formula/aux/1005_24_ChZhӘNJa">\left\{e_{\omega}\right\}=</formula>
    <formula uri="http://libmeta.ru/me/formula/aux/1005_25_ChZhӘNJa">=\left\{e_{i_{1}} \ldots i_{n}\right\}</formula>
    <formula uri="http://libmeta.ru/me/formula/aux/1005_26_ChZhӘNJa">n</formula>
    <formula uri="http://libmeta.ru/me/formula/aux/1005_27_ChZhӘNJa">a_{\omega}=a_{i_{1} \ldots} i_{k}</formula>
    <formula uri="http://libmeta.ru/me/formula/aux/1005_28_ChZhӘNJa">\omega</formula>
    <formula uri="http://libmeta.ru/me/formula/aux/1005_29_ChZhӘNJa">n</formula>
    <formula uri="http://libmeta.ru/me/formula/aux/1005_30_ChZhӘNJa">h^{*}</formula>
    <formula uri="http://libmeta.ru/me/formula/aux/1005_31_ChZhӘNJa">h^{*}(p t)</formula>
    <formula uri="http://libmeta.ru/me/formula/aux/1005_32_ChZhӘNJa">h^{*}</formula>
    <formula uri="http://libmeta.ru/me/formula/aux/1005_33_ChZhӘNJa">h_{*}</formula>
    <formula uri="http://libmeta.ru/me/formula/aux/1005_34_ChZhӘNJa">h *</formula>
    <formula uri="http://libmeta.ru/me/formula/aux/1005_35_ChZhӘNJa">m</formula>
    <formula uri="http://libmeta.ru/me/formula/aux/1005_36_ChZhӘNJa">[m, \quad \partial M]^{h} \in</formula>
    <formula uri="http://libmeta.ru/me/formula/aux/1005_37_ChZhӘNJa">\in h_{2 n}(M, \partial M), \quad</formula>
    <formula uri="http://libmeta.ru/me/formula/aux/1005_38_ChZhӘNJa">2 n=\operatorname{dim}_{\mathbb{R}} M</formula>
    <formula uri="http://libmeta.ru/me/formula/aux/1005_39_ChZhӘNJa">x \in h^{*}(M, \partial M)</formula>
    <formula uri="http://libmeta.ru/me/formula/aux/1005_40_ChZhӘNJa">x</formula>
    <formula uri="http://libmeta.ru/me/formula/aux/1005_41_ChZhӘNJa">[m, \partial M]^{h}</formula>
    <formula uri="http://libmeta.ru/me/formula/aux/1005_42_ChZhӘNJa">\left\{x,[m, \partial M]^{h}\right\} \in</formula>
    <formula uri="http://libmeta.ru/me/formula/aux/1005_43_ChZhӘNJa">\in h^{*}(p t)</formula>
    <formula uri="http://libmeta.ru/me/formula/aux/1005_44_ChZhӘNJa">y</formula>
    <formula uri="http://libmeta.ru/me/formula/aux/1005_45_ChZhӘNJa">h^{*}</formula>
    <formula uri="http://libmeta.ru/me/formula/aux/1005_46_ChZhӘNJa">m</formula>
    <formula uri="http://libmeta.ru/me/formula/aux/1005_47_ChZhӘNJa">\left\{y(\tau M),[M]^{h}\right\} \in h^{*}(p t)</formula>
    <formula uri="http://libmeta.ru/me/formula/aux/1005_48_ChZhӘNJa">h^{*}</formula>
    <formula uri="http://libmeta.ru/me/formula/aux/1005_49_ChZhӘNJa">k</formula>
    <formula uri="http://libmeta.ru/me/formula/aux/1005_50_ChZhӘNJa">m</formula>
    <formula uri="http://libmeta.ru/me/formula/aux/1005_51_ChZhӘNJa">\operatorname{dim}_{\mathbb{r}} M=2 n, \quad x \in K^{0}(M, \partial M)-</formula>
    <formula uri="http://libmeta.ru/me/formula/aux/1005_52_ChZhӘNJa">t-</formula>
    <formula uri="http://libmeta.ru/me/formula/aux/1005_53_ChZhӘNJa">\prod_{i=1}^{n} \frac{x_{i}}{1-e^{x_{i}}}</formula>
    <formula uri="http://libmeta.ru/me/formula/aux/1005_54_ChZhӘNJa">m</formula>
    <formula uri="http://libmeta.ru/me/formula/aux/1005_55_ChZhӘNJa">x=1 \in K^{0}(M)</formula>
    <formula uri="http://libmeta.ru/me/formula/aux/1005_56_ChZhӘNJa">\left\{1, \quad[M]^{k}\right\}=T[M]</formula>
    <formula uri="http://libmeta.ru/me/formula/aux/1005_57_ChZhӘNJa">t[m]</formula>
    <formula uri="http://libmeta.ru/me/formula/aux/1005_58_ChZhӘNJa">m</formula>
    <formula uri="http://libmeta.ru/me/formula/aux/1005_59_ChZhӘNJa">t[m]</formula>
    <formula uri="http://libmeta.ru/me/formula/aux/1005_60_ChZhӘNJa">\mathrm{td}(m)</formula>
    <formula uri="http://libmeta.ru/me/formula/aux/1005_61_ChZhӘNJa">m</formula>
    <formula uri="http://libmeta.ru/me/formula/aux/1005_62_ChZhӘNJa">n</formula>
    <formula uri="http://libmeta.ru/me/formula/aux/1005_63_ChZhӘNJa">t N</formula>
    <formula uri="http://libmeta.ru/me/formula/aux/1005_64_ChZhӘNJa">n</formula>
    <formula uri="http://libmeta.ru/me/formula/aux/1005_65_ChZhӘNJa">\tau T N=\tau N \oplus N, i(x, y)=(y,-x)</formula>
    <formula uri="http://libmeta.ru/me/formula/aux/1005_66_ChZhӘNJa">n</formula>
    <formula uri="http://libmeta.ru/me/formula/aux/1005_67_ChZhӘNJa">b N \subset T N</formula>
    <formula uri="http://libmeta.ru/me/formula/aux/1005_68_ChZhӘNJa">\sigma \in \tilde{K}^{0}(B N, \partial B N)</formula>
    <formula uri="http://libmeta.ru/me/formula/aux/1005_69_ChZhӘNJa">i_{t}(\sigma)=\left\{\sigma,[b N, \partial B N]^{k}\right\}</formula>
    <formula uri="http://libmeta.ru/me/formula/aux/1005_70_ChZhӘNJa">\sigma</formula>
    <formula uri="http://libmeta.ru/me/formula/aux/1005_71_ChZhӘNJa">\sigma</formula>
    <formula uri="http://libmeta.ru/me/formula/aux/1005_72_ChZhӘNJa">d</formula>
    <formula uri="http://libmeta.ru/me/formula/aux/1005_73_ChZhӘNJa">n</formula>
    <formula uri="http://libmeta.ru/me/formula/aux/1005_74_ChZhӘNJa">d=i_{t}(\sigma)</formula>
    <formula uri="http://libmeta.ru/me/formula/aux/1005_75_ChZhӘNJa">\left\{x,[m, \partial M]^{k}\right\}</formula>
    <formula uri="http://libmeta.ru/me/formula/aux/1005_76_ChZhӘNJa">\omega=\left\{i_{1}, \ldots, i_{n}\right\}</formula>
    <formula uri="http://libmeta.ru/me/formula/aux/1005_77_ChZhӘNJa">m</formula>
    <formula uri="http://libmeta.ru/me/formula/aux/1005_78_ChZhӘNJa">2 n</formula>
    <formula uri="http://libmeta.ru/me/formula/aux/1005_79_ChZhӘNJa">s_{\omega}^{k}[m]-</formula>
    <formula uri="http://libmeta.ru/me/formula/aux/1005_80_ChZhӘNJa">k</formula>
    <formula uri="http://libmeta.ru/me/formula/aux/1005_81_ChZhӘNJa">s_{\omega}[m]</formula>
    <formula uri="http://libmeta.ru/me/formula/aux/1005_82_ChZhӘNJa">s_{\omega}\left(c_{1}, \ldots, c_{n}\right)[M]</formula>
    <formula uri="http://libmeta.ru/me/formula/aux/1005_83_ChZhӘNJa">s_{\omega}[m]</formula>
    <formula uri="http://libmeta.ru/me/formula/aux/1005_84_ChZhӘNJa">\omega</formula>
    <formula uri="http://libmeta.ru/me/formula/aux/1005_85_ChZhӘNJa">n</formula>
    <formula uri="http://libmeta.ru/me/formula/aux/1005_86_ChZhӘNJa">s_{\omega}^{k}[m]</formula>
    <formula uri="http://libmeta.ru/me/formula/aux/1005_87_ChZhӘNJa">\omega=\left\{i_{1}, \ldots, i_{k}\right\}</formula>
    <formula uri="http://libmeta.ru/me/formula/aux/1005_88_ChZhӘNJa">i_{1}+\ldots+</formula>
    <formula uri="http://libmeta.ru/me/formula/aux/1005_89_ChZhӘNJa">+i_{k} \leqslant n</formula>
    <formula uri="http://libmeta.ru/me/formula/aux/1005_90_ChZhӘNJa">\omega_{2 n}^{u} \rightarrow \mathbb{Z}</formula>
    <formula uri="http://libmeta.ru/me/formula/aux/1005_91_ChZhӘNJa">s_{\omega}^{k}: \Omega_{2 n}^{u} \longrightarrow \mathbb{Z}, \quad п р и</formula>
    <formula uri="http://libmeta.ru/me/formula/aux/1005_92_ChZhӘNJa">|\omega| \leqslant n</formula>
    <formula uri="http://libmeta.ru/me/formula/aux/1005_93_ChZhӘNJa">|\omega|=i_{1}+\ldots+i_{k}</formula>
    <formula uri="http://libmeta.ru/me/formula/aux/1005_94_ChZhӘNJa">s_{\omega}^{k}[m]</formula>
    <formula uri="http://libmeta.ru/me/formula/aux/1005_95_ChZhӘNJa">|\omega| \leqslant n</formula>
    <formula uri="http://libmeta.ru/me/formula/aux/1005_96_ChZhӘNJa">r_{\omega^{\prime}}</formula>
    <formula uri="http://libmeta.ru/me/formula/aux/1005_97_ChZhӘNJa">m</formula>
    <formula uri="http://libmeta.ru/me/formula/aux/1005_98_ChZhӘNJa">2 n</formula>
    <formula uri="http://libmeta.ru/me/formula/aux/1005_99_ChZhӘNJa">a</formula>
    <formula uri="http://libmeta.ru/me/formula/aux/1005_100_ChZhӘNJa">a</formula>
    <formula uri="http://libmeta.ru/me/formula/aux/1005_101_ChZhӘNJa">a=\sum_{\left|\omega^{\prime}\right|=n} a_{\omega^{\prime}} e_{\omega^{\prime}}</formula>
    <formula uri="http://libmeta.ru/me/formula/aux/1005_102_ChZhӘNJa">s_{\omega}^{k}(a)=\sum_{\left|\omega^{\prime}\right|=n} r_{\omega^{\prime}} a_{\omega^{\prime}}</formula>
    <formula uri="http://libmeta.ru/me/formula/aux/1005_103_ChZhӘNJa">a \in A</formula>
    <formula uri="http://libmeta.ru/me/formula/aux/1005_104_ChZhӘNJa">\varphi:</formula>
    <formula uri="http://libmeta.ru/me/formula/aux/1005_105_ChZhӘNJa">\omega_{2 n}^{u} \longrightarrow A</formula>
    <formula uri="http://libmeta.ru/me/formula/aux/1005_106_ChZhӘNJa">s_{\omega}^{k}(a)-</formula>
    <formula uri="http://libmeta.ru/me/formula/aux/1005_107_ChZhӘNJa">\omega</formula>
    <formula uri="http://libmeta.ru/me/formula/aux/1005_108_ChZhӘNJa">|\omega| \leqslant n</formula>
  </formulas_aux>
  <relations n="15">
    <relation uri="http://libmeta.ru/me/relation/1005_1_ChZhӘNJa">
      <rel_text>класс</rel_text>
      <target>http://libmeta.ru/me/article/889_KLAS</target>
    </relation>
    <relation uri="http://libmeta.ru/me/relation/1005_2_ChZhӘNJa">
      <rel_text>статье</rel_text>
      <target>http://libmeta.ru/me/article/183_STATIK</target>
    </relation>
    <relation uri="http://libmeta.ru/me/relation/1005_3_ChZhӘNJa">
      <rel_text>целое число</rel_text>
      <target>http://libmeta.ru/me/article/906_TsELOE</target>
    </relation>
    <relation uri="http://libmeta.ru/me/relation/1005_4_ChZhӘNJa">
      <rel_text>гомоморфизма</rel_text>
      <target>http://libmeta.ru/me/article/1135_GOMoMoRFIZ</target>
    </relation>
    <relation uri="http://libmeta.ru/me/relation/1005_5_ChZhӘNJa">
      <rel_text>группы</rel_text>
      <target>http://libmeta.ru/me/article/1207_GRUPІІ</target>
    </relation>
    <relation uri="http://libmeta.ru/me/relation/1005_6_ChZhӘNJa">
      <rel_text>произвольный</rel_text>
      <target>http://libmeta.ru/me/article/1045_PROIZVODNA</target>
    </relation>
    <relation uri="http://libmeta.ru/me/relation/1005_7_ChZhӘNJa">
      <rel_text>многообразие</rel_text>
      <target>http://libmeta.ru/me/article/438_MNOGOOBRAZI</target>
    </relation>
    <relation uri="http://libmeta.ru/me/relation/1005_8_ChZhӘNJa">
      <rel_text>квазикомплексное</rel_text>
      <target>http://libmeta.ru/me/article/833_KVAZILINEARIZATsI</target>
    </relation>
    <relation uri="http://libmeta.ru/me/relation/1005_9_ChZhӘNJa">
      <rel_text>коэффициенты</rel_text>
      <target>http://libmeta.ru/me/article/64_KOEFFITsIEN</target>
    </relation>
    <relation uri="http://libmeta.ru/me/relation/1005_10_ChZhӘNJa">
      <rel_text>представлены</rel_text>
      <target>http://libmeta.ru/me/article/3_PREDSTAVLENI</target>
    </relation>
    <relation uri="http://libmeta.ru/me/relation/1005_11_ChZhӘNJa">
      <rel_text>Характеристич</rel_text>
      <target>http://libmeta.ru/me/article/839_HARAKTERISTIK</target>
    </relation>
    <relation uri="http://libmeta.ru/me/relation/1005_12_ChZhӘNJa">
      <rel_text>представлен</rel_text>
      <target>http://libmeta.ru/me/article/606_PREDPORJaDO</target>
    </relation>
    <relation uri="http://libmeta.ru/me/relation/1005_13_ChZhӘNJa">
      <rel_text>гомоморфизм</rel_text>
      <target>http://libmeta.ru/me/article/1135_GOMoMoRFIZ</target>
    </relation>
    <relation uri="http://libmeta.ru/me/relation/1005_14_ChZhӘNJa">
      <rel_text>Число</rel_text>
      <target>http://libmeta.ru/me/article/1009_ChISL</target>
    </relation>
    <relation uri="http://libmeta.ru/me/relation/1005_15_ChZhӘNJa">
      <rel_text>Число</rel_text>
      <target>http://libmeta.ru/me/article/1009_ChISL</target>
    </relation>
  </relations>
  <text>xарактеристическое число квазикомплексных многообразий.

Пусть $URI[[http://libmeta.ru/me/formula/aux/1005_1_ChZhӘNJa]]/URI$ произвольный характеристич. класс. Для замкнутого квазнкомплексного многообразия $URI[[http://libmeta.ru/me/formula/aux/1005_2_ChZhӘNJa]]/URI$ целое число $URI[[http://libmeta.ru/me/formula/aux/1005_3_ChZhӘNJa]]/URI$ наз. ч и слом Чжэня многообразня $URI[[http://libmeta.ru/me/formula/aux/1005_4_ChZhӘNJa]]/URI$, соответствующим

![](https://cdn.mathpix.com/cropped/2023_07_09_89a8f2dcaac36f44859dg-1.jpg?height=35&amp;width=814&amp;top_left_y=670&amp;top_left_x=141)
класc многообразия или ориентация, однозначно определенная квазикомплексной структурой, $URI[[http://libmeta.ru/me/formula/aux/1005_5_ChZhӘNJa]]/URI$ - касательное расслоение к $URI[[http://libmeta.ru/me/formula/aux/1005_6_ChZhӘNJa]]/URI$. Если в качестве $URI[[http://libmeta.ru/me/formula/aux/1005_7_ChZhӘNJa]]/URI$ взять характеристич. класс с рациональными коэффициентами, то соотвегствующие ему Ч. ч. будут рациональными. Ч. ч. $URI[[http://libmeta.ru/me/formula/aux/1005_8_ChZhӘNJa]]/URI$ висит лишь от однородной компоненты степени $URI[[http://libmeta.ru/me/formula/aux/1005_9_ChZhӘNJa]]/URI$ класса $URI[[http://libmeta.ru/me/formula/aux/1005_10_ChZhӘNJa]]/URI$. Ч. ч. инвариантны относительно квазикомплексного бордизма, следовательно, характеристич. класс $URI[[http://libmeta.ru/me/formula/aux/1005_11_ChZhӘNJa]]/URI$ индуцирует гомоморфизм $URI[[http://libmeta.ru/me/formula/aux/1005_12_ChZhӘNJa]]/URI$.

Р азбиением числа $URI[[http://libmeta.ru/me/formula/aux/1005_13_ChZhӘNJa]]/URI$ наз. набор $URI[[http://libmeta.ru/me/formula/aux/1005_14_ChZhӘNJa]]/URI$ целых неотрицательных чисел с $URI[[http://libmeta.ru/me/formula/aux/1005_15_ChZhӘNJa]]/URI$. Если для квазикомплексных многообразий $URI[[http://libmeta.ru/me/formula/aux/1005_16_ChZhӘNJa]]/URI$ размерности $URI[[http://libmeta.ru/me/formula/aux/1005_17_ChZhӘNJa]]/URI$ при всех разбиениях $URI[[http://libmeta.ru/me/formula/aux/1005_18_ChZhӘNJa]]/URI$ числа $URI[[http://libmeta.ru/me/formula/aux/1005_19_ChZhӘNJa]]/URI$ имеет место равенство $URI[[http://libmeta.ru/me/formula/aux/1005_20_ChZhӘNJa]]/URI$ (см. Чжэня класc), то многообразия $URI[[http://libmeta.ru/me/formula/aux/1005_21_ChZhӘNJa]]/URI$ и $URI[[http://libmeta.ru/me/formula/aux/1005_22_ChZhӘNJa]]/URI$ кобордантны (в квазикомплексном смысле).

Пусть $URI[[http://libmeta.ru/me/formula/aux/1005_23_ChZhӘNJa]]/URI$-вободная абелева группа с базисом $URI[[http://libmeta.ru/me/formula/aux/1005_24_ChZhӘNJa]]/URI$ $URI[[http://libmeta.ru/me/formula/aux/1005_25_ChZhӘNJa]]/URI$, находящимся во взаимно однозначном соответствии со всеми разбиениями числа $URI[[http://libmeta.ru/me/formula/aux/1005_26_ChZhӘNJa]]/URI$. Приведенная теорема утверждает, что гомоморфизм

\[
URI[[http://libmeta.ru/me/formula/main/1005_1_ChZhӘNJa]]/URI
\]

мономорфен. Ниже дано описание образа гомоморфизма

![](https://cdn.mathpix.com/cropped/2023_07_09_89a8f2dcaac36f44859dg-1.jpg?height=37&amp;width=816&amp;top_left_y=1386&amp;top_left_x=153)
словами, какие наборы целых чисел $URI[[http://libmeta.ru/me/formula/aux/1005_27_ChZhӘNJa]]/URI$, заданных для всех разбиений $URI[[http://libmeta.ru/me/formula/aux/1005_28_ChZhӘNJa]]/URI$ числа $URI[[http://libmeta.ru/me/formula/aux/1005_29_ChZhӘNJa]]/URI$, являются Ч. ч. квазикомплексного многообразия? Ч. ч. можно определить в произвольной мультипликативной ориентированной теории когомологий $URI[[http://libmeta.ru/me/formula/aux/1005_30_ChZhӘNJa]]/URI$, только в этом случае Ч. ч. квазикомплексного многообразия будет элементом кольца $URI[[http://libmeta.ru/me/formula/aux/1005_31_ChZhӘNJa]]/URI$. Для теории когомологий $URI[[http://libmeta.ru/me/formula/aux/1005_32_ChZhӘNJa]]/URI$ определена двойственная ей теория гомологий $URI[[http://libmeta.ru/me/formula/aux/1005_33_ChZhӘNJa]]/URI$, и так гак $URI[[http://libmeta.ru/me/formula/aux/1005_34_ChZhӘNJa]]/URI$ ориентирована и мультипликативна, то для каждого квазикомплексного многообразия $URI[[http://libmeta.ru/me/formula/aux/1005_35_ChZhӘNJa]]/URI$ может быть однозначно определен фундаментальный класс $URI[[http://libmeta.ru/me/formula/aux/1005_36_ChZhӘNJa]]/URI$ $URI[[http://libmeta.ru/me/formula/aux/1005_37_ChZhӘNJa]]/URI$ где $URI[[http://libmeta.ru/me/formula/aux/1005_38_ChZhӘNJa]]/URI$. Далее, как и в обычной теории, имеется спаривание

\[
URI[[http://libmeta.ru/me/formula/main/1005_2_ChZhӘNJa]]/URI
\]

Если $URI[[http://libmeta.ru/me/formula/aux/1005_39_ChZhӘNJa]]/URI$, то применение $URI[[http://libmeta.ru/me/formula/aux/1005_40_ChZhӘNJa]]/URI$ к $URI[[http://libmeta.ru/me/formula/aux/1005_41_ChZhӘNJa]]/URI$ относительно этого спаривания обозначается $URI[[http://libmeta.ru/me/formula/aux/1005_42_ChZhӘNJa]]/URI$ $URI[[http://libmeta.ru/me/formula/aux/1005_43_ChZhӘNJa]]/URI$. Для характеристич. класса $URI[[http://libmeta.ru/me/formula/aux/1005_44_ChZhӘNJa]]/URI$ со значениями в $URI[[http://libmeta.ru/me/formula/aux/1005_45_ChZhӘNJa]]/URI$ и замкнутого квазикомплексного многообразия $URI[[http://libmeta.ru/me/formula/aux/1005_46_ChZhӘNJa]]/URI$ элемент $URI[[http://libmeta.ru/me/formula/aux/1005_47_ChZhӘNJa]]/URI$ наз. ч и с л о м Ч ж э н я в теории $URI[[http://libmeta.ru/me/formula/aux/1005_48_ChZhӘNJa]]/URI$. Предыдущие соображения применимы и к $URI[[http://libmeta.ru/me/formula/aux/1005_49_ChZhӘNJa]]/URI$-теории. Пусть $URI[[http://libmeta.ru/me/formula/aux/1005_50_ChZhӘNJa]]/URI$-квазикомплексное многообразие (возможно, с краем), $URI[[http://libmeta.ru/me/formula/aux/1005_51_ChZhӘNJa]]/URI$ произвольный элемент. Тогда целое число

\[
URI[[http://libmeta.ru/me/formula/main/1005_3_ChZhӘNJa]]/URI
\]

может быть вычислено по формуле:

\[
URI[[http://libmeta.ru/me/formula/main/1005_4_ChZhӘNJa]]/URI
\]

где $URI[[http://libmeta.ru/me/formula/aux/1005_52_ChZhӘNJa]]/URI$ Тодда класc, задаваемый рядом $URI[[http://libmeta.ru/me/formula/aux/1005_53_ChZhӘNJa]]/URI$.

Если многообразие $URI[[http://libmeta.ru/me/formula/aux/1005_54_ChZhӘNJa]]/URI$ замкнуто, то при $URI[[http://libmeta.ru/me/formula/aux/1005_55_ChZhӘNJa]]/URI$, получается $URI[[http://libmeta.ru/me/formula/aux/1005_56_ChZhӘNJa]]/URI$. Характеристич. число $URI[[http://libmeta.ru/me/formula/aux/1005_57_ChZhӘNJa]]/URI$ наз. родо м Т одда многообразия $URI[[http://libmeta.ru/me/formula/aux/1005_58_ChZhӘNJa]]/URI$ и является целым числом для любого замкнутого квазнкомплексного многообразия. Часто $URI[[http://libmeta.ru/me/formula/aux/1005_59_ChZhӘNJa]]/URI$ обозначают $URI[[http://libmeta.ru/me/formula/aux/1005_60_ChZhӘNJa]]/URI$.

Касательные многообразия представляют собой один из важных примеров квазикомплексных многообразий. Пусть $URI[[http://libmeta.ru/me/formula/aux/1005_61_ChZhӘNJa]]/URI$-замкнутое действительное многообравие размерности $URI[[http://libmeta.ru/me/formula/aux/1005_62_ChZhӘNJa]]/URI$. Многообразие $URI[[http://libmeta.ru/me/formula/aux/1005_63_ChZhӘNJa]]/URI$ всех касательных векторов к $URI[[http://libmeta.ru/me/formula/aux/1005_64_ChZhӘNJa]]/URI$ имеет естественную структуру квазикомплексного многообразия: $URI[[http://libmeta.ru/me/formula/aux/1005_65_ChZhӘNJa]]/URI$. Пусть на $URI[[http://libmeta.ru/me/formula/aux/1005_66_ChZhӘNJa]]/URI$ выбрана риманова метрика и через $URI[[http://libmeta.ru/me/formula/aux/1005_67_ChZhӘNJa]]/URI$ обозначено многообразие с краем, образованное всеми векторами длины, не превосходящей единицы. Если $URI[[http://libmeta.ru/me/formula/aux/1005_68_ChZhӘNJa]]/URI$, то целое число $URI[[http://libmeta.ru/me/formula/aux/1005_69_ChZhӘNJa]]/URI$ наз. тополог и ч е ским индексом элемента $URI[[http://libmeta.ru/me/formula/aux/1005_70_ChZhӘNJa]]/URI$. Если $URI[[http://libmeta.ru/me/formula/aux/1005_71_ChZhӘNJa]]/URI$ есть класс символа эллиптич. оператора $URI[[http://libmeta.ru/me/formula/aux/1005_72_ChZhӘNJa]]/URI$, заданного на многообразии $URI[[http://libmeta.ru/me/formula/aux/1005_73_ChZhӘNJa]]/URI$, то index $URI[[http://libmeta.ru/me/formula/aux/1005_74_ChZhӘNJa]]/URI$ (т ерем а А тьи-3 инге р a), а приведенная вышіе формула для вычисления числа $URI[[http://libmeta.ru/me/formula/aux/1005_75_ChZhӘNJa]]/URI$ приводіт қ когомологич. форме теоремы об индексе.

Для набора $URI[[http://libmeta.ru/me/formula/aux/1005_76_ChZhӘNJa]]/URI$ целых неотрицательных чисел и замкнутого квавикомплексного многообразия $URI[[http://libmeta.ru/me/formula/aux/1005_77_ChZhӘNJa]]/URI$ размерности $URI[[http://libmeta.ru/me/formula/aux/1005_78_ChZhӘNJa]]/URI$ пусть $URI[[http://libmeta.ru/me/formula/aux/1005_79_ChZhӘNJa]]/URI$ Ч. ч. в $URI[[http://libmeta.ru/me/formula/aux/1005_80_ChZhӘNJa]]/URI$-теории:

\[
URI[[http://libmeta.ru/me/formula/main/1005_5_ChZhӘNJa]]/URI
\]

a $URI[[http://libmeta.ru/me/formula/aux/1005_81_ChZhӘNJa]]/URI$-обычное Ч. ч. $URI[[http://libmeta.ru/me/formula/aux/1005_82_ChZhӘNJa]]/URI$. URI[[http://libmeta.ru/me/relation/1005_15_ChZhӘNJa]]/URI $URI[[http://libmeta.ru/me/formula/aux/1005_83_ChZhӘNJa]]/URI$ может быть отлично от нуля лишь тогда, когда $URI[[http://libmeta.ru/me/formula/aux/1005_84_ChZhӘNJa]]/URI$-разбиение числа $URI[[http://libmeta.ru/me/formula/aux/1005_85_ChZhӘNJa]]/URI$. URI[[http://libmeta.ru/me/relation/1005_14_ChZhӘNJa]]/URI $URI[[http://libmeta.ru/me/formula/aux/1005_86_ChZhӘNJa]]/URI$ может быть отлично от нуля при наборах $URI[[http://libmeta.ru/me/formula/aux/1005_87_ChZhӘNJa]]/URI$ с $URI[[http://libmeta.ru/me/formula/aux/1005_88_ChZhӘNJa]]/URI$ $URI[[http://libmeta.ru/me/formula/aux/1005_89_ChZhӘNJa]]/URI$. Јюбой URI[[http://libmeta.ru/me/relation/1005_13_ChZhӘNJa]]/URI $URI[[http://libmeta.ru/me/formula/aux/1005_90_ChZhӘNJa]]/URI$ может быть URI[[http://libmeta.ru/me/relation/1005_12_ChZhӘNJa]]/URI в виде линейной комбинации с целыми коэффициентами гомоморфизмов $URI[[http://libmeta.ru/me/formula/aux/1005_91_ChZhӘNJa]]/URI$ $URI[[http://libmeta.ru/me/formula/aux/1005_92_ChZhӘNJa]]/URI$, где $URI[[http://libmeta.ru/me/formula/aux/1005_93_ChZhӘNJa]]/URI$ (те ор е ма С то нг а Х ат тори). URI[[http://libmeta.ru/me/relation/1005_11_ChZhӘNJa]]/URI. числа $URI[[http://libmeta.ru/me/formula/aux/1005_94_ChZhӘNJa]]/URI$ при $URI[[http://libmeta.ru/me/formula/aux/1005_95_ChZhӘNJa]]/URI$ могут быть URI[[http://libmeta.ru/me/relation/1005_10_ChZhӘNJa]]/URI в виде

\[
URI[[http://libmeta.ru/me/formula/main/1005_6_ChZhӘNJa]]/URI
\]

где $URI[[http://libmeta.ru/me/formula/aux/1005_96_ChZhӘNJa]]/URI$ - рациональные URI[[http://libmeta.ru/me/relation/1005_9_ChZhӘNJa]]/URI, а $URI[[http://libmeta.ru/me/formula/aux/1005_97_ChZhӘNJa]]/URI$-любюе замкнутое .URI[[http://libmeta.ru/me/relation/1005_8_ChZhӘNJa]]/URI URI[[http://libmeta.ru/me/relation/1005_7_ChZhӘNJa]]/URI размерности $URI[[http://libmeta.ru/me/formula/aux/1005_98_ChZhӘNJa]]/URI$. Пусть $URI[[http://libmeta.ru/me/formula/aux/1005_99_ChZhӘNJa]]/URI$ URI[[http://libmeta.ru/me/relation/1005_6_ChZhӘNJa]]/URI элемент из URI[[http://libmeta.ru/me/relation/1005_5_ChZhӘNJa]]/URI $URI[[http://libmeta.ru/me/formula/aux/1005_100_ChZhӘNJa]]/URI$, $URI[[http://libmeta.ru/me/formula/aux/1005_101_ChZhӘNJa]]/URI$ in $URI[[http://libmeta.ru/me/formula/aux/1005_102_ChZhӘNJa]]/URI$. Тогда элемент $URI[[http://libmeta.ru/me/formula/aux/1005_103_ChZhӘNJa]]/URI$ принадлежит образу URI[[http://libmeta.ru/me/relation/1005_4_ChZhӘNJa]]/URI $URI[[http://libmeta.ru/me/formula/aux/1005_104_ChZhӘNJa]]/URI$ $URI[[http://libmeta.ru/me/formula/aux/1005_105_ChZhӘNJa]]/URI$ тогда и только тогда, когда $URI[[http://libmeta.ru/me/formula/aux/1005_106_ChZhӘNJa]]/URI$ URI[[http://libmeta.ru/me/relation/1005_3_ChZhӘNJa]]/URI для всех наборов $URI[[http://libmeta.ru/me/formula/aux/1005_107_ChZhӘNJa]]/URI$ с $URI[[http://libmeta.ru/me/formula/aux/1005_108_ChZhӘNJa]]/URI$.

Лит. см. при URI[[http://libmeta.ru/me/relation/1005_2_ChZhӘNJa]]/URI Чжэня URI[[http://libmeta.ru/me/relation/1005_1_ChZhӘNJa]]/URI.</text>
  <text_orig>xарактеристическое число квазикомплексных многообразий.

Пусть $x \in H^{* *}\left(B U_{n}\right)-$ произвольный характеристич. класс. Для замкнутого квазнкомплексного многообразия $M^{2 n}$ целое число $x\left[M^{2 n}\right]=\left\langle x(\tau M),\left[M^{2 n}\right]\right\rangle$ наз. ч и слом Чжэня многообразня $M^{2 n}$, соответствующим

![](https://cdn.mathpix.com/cropped/2023_07_09_89a8f2dcaac36f44859dg-1.jpg?height=35&amp;width=814&amp;top_left_y=670&amp;top_left_x=141)
класc многообразия или ориентация, однозначно определенная квазикомплексной структурой, $\tau M$ - касательное расслоение к $M$. Если в качестве $x$ взять характеристич. класс с рациональными коэффициентами, то соотвегствующие ему Ч. ч. будут рациональными. Ч. ч. $x\left[M^{2 n}\right] 3 a-$ висит лишь от однородной компоненты степени $2 n$ класса $x$. Ч. ч. инвариантны относительно квазикомплексного бордизма, следовательно, характеристич. класс $x$ индуцирует гомоморфизм $\Omega_{2 n}^{u} \longrightarrow \mathbb{Z}$.

Р азбиением числа $n$ наз. набор $\omega=\left\{i_{1}, \ldots, i_{k}\right\}$ целых неотрицательных чисел с $i_{1}+\ldots+i_{k}=n$. Если для квазикомплексных многообразий $M, N$ размерности $2 n$ при всех разбиениях $\omega$ числа $n$ имеет место равенство $c_{\omega}[M]=c_{\omega}[N] \quad$ (см. Чжэня класc), то многообразия $M$ и $N$ кобордантны (в квазикомплексном смысле).

Пусть $A-$-вободная абелева группа с базисом $\left\{e_{\omega}\right\}=$ $=\left\{e_{i_{1}} \ldots i_{n}\right\}$, находящимся во взаимно однозначном соответствии со всеми разбиениями числа $n$. Приведенная теорема утверждает, что гомоморфизм

\[
\varphi: \Omega_{2 n}^{u} \rightarrow A, \varphi\left(\left[M^{2 n}\right]\right)=\sum_{\omega} c_{\omega}\left[M^{2 n}\right] \varepsilon_{\omega}
\]

мономорфен. Ниже дано описание образа гомоморфизма

![](https://cdn.mathpix.com/cropped/2023_07_09_89a8f2dcaac36f44859dg-1.jpg?height=37&amp;width=816&amp;top_left_y=1386&amp;top_left_x=153)
словами, какие наборы целых чисел $a_{\omega}=a_{i_{1} \ldots} i_{k}$, заданных для всех разбиений $\omega$ числа $n$, являются Ч. ч. квазикомплексного многообразия? Ч. ч. можно определить в произвольной мультипликативной ориентированной теории когомологий $h^{*}$, только в этом случае Ч. ч. квазикомплексного многообразия будет элементом кольца $h^{*}(p t)$. Для теории когомологий $h^{*}$ определена двойственная ей теория гомологий $h_{*}$, и так гак $h *$ ориентирована и мультипликативна, то для каждого квазикомплексного многообразия $M$ может быть однозначно определен фундаментальный класс $[M, \quad \partial M]^{h} \in$ $\in h_{2 n}(M, \partial M), \quad$ где $2 n=\operatorname{dim}_{\mathbb{R}} M$. Далее, как и в обычной теории, имеется спаривание

\[
h^{n}(M, \partial M) \otimes h_{m}(M, \partial M) \rightarrow h^{n-m}(p t) .
\]

Если $x \in h^{*}(M, \partial M)$, то применение $x$ к $[M, \partial M]^{h}$ относительно этого спаривания обозначается $\left\{x,[M, \partial M]^{h}\right\} \in$ $\in h^{*}(p t)$. Для характеристич. класса $y$ со значениями в $h^{*}$ и замкнутого квазикомплексного многообразия $M$ элемент $\left\{y(\tau M),[M]^{h}\right\} \in h^{*}(p t)$ наз. ч и с л о м Ч ж э н я в теории $h^{*}$. Предыдущие соображения применимы и к $K$-теории. Пусть $M$-квазикомплексное многообразие (возможно, с краем), $\operatorname{dim}_{\mathbb{R}} M=2 n, \quad x \in K^{0}(M, \partial M)-$ произвольный элемент. Тогда целое число

\[
\left\{x,[M, \partial M]^{k}\right\} \in K^{-2 n}(p t) \stackrel{\beta^{n}}{\cong} K^{0}(p t)=\mathbb{Z}
\]

может быть вычислено по формуле:

\[
\left\{x,[M, \partial M]^{k}\right\}=\langle\operatorname{ch} x T(\tau M),[M, \partial M]\rangle,
\]

где $T-$ Тодда класc, задаваемый рядом $\prod_{i=1}^{n} \frac{x_{i}}{1-e^{x_{i}}}$.

Если многообразие $M$ замкнуто, то при $x=1 \in K^{0}(M)$, получается $\left\{1, \quad[M]^{k}\right\}=T[M]$. Характеристич. число $T[M]$ наз. родо м Т одда многообразия $M$ и является целым числом для любого замкнутого квазнкомплексного многообразия. Часто $T[M]$ обозначают $\mathrm{Td}(M)$.

Касательные многообразия представляют собой один из важных примеров квазикомплексных многообразий. Пусть $M$-замкнутое действительное многообравие размерности $n$. Многообразие $T N$ всех касательных векторов к $N$ имеет естественную структуру квазикомплексного многообразия: $\tau T N=\tau N \oplus N, i(x, y)=(y,-x)$. Пусть на $N$ выбрана риманова метрика и через $B N \subset T N$ обозначено многообразие с краем, образованное всеми векторами длины, не превосходящей единицы. Если $\sigma \in \tilde{K}^{0}(B N, \partial B N)$, то целое число $i_{t}(\sigma)=\left\{\sigma,[B N, \partial B N]^{k}\right\}$ наз. тополог и ч е ским индексом элемента $\sigma$. Если $\sigma$ есть класс символа эллиптич. оператора $D$, заданного на многообразии $N$, то index $D=i_{t}(\sigma)$ (т ерем а А тьи-3 инге р a), а приведенная вышіе формула для вычисления числа $\left\{x,[M, \partial M]^{k}\right\}$ приводіт қ когомологич. форме теоремы об индексе.

Для набора $\omega=\left\{i_{1}, \ldots, i_{n}\right\}$ целых неотрицательных чисел и замкнутого квавикомплексного многообразия $M$ размерности $2 n$ пусть $S_{\omega}^{k}[M]-$ Ч. ч. в $K$-теории:

\[
\begin{aligned}
&amp; S_{\omega}^{k}[M]=S_{\omega}\left(\gamma_{1}, \ldots, \gamma_{n}\right)[M]= \\
&amp; =\left\{S_{\omega}\left(\gamma_{1}, \ldots, \gamma_{n}\right)(\tau M),[M]^{k}\right\},
\end{aligned}
\]

a $S_{\omega}[M]$-обычное Ч. ч. $S_{\omega}\left(c_{1}, \ldots, c_{n}\right)[M]$. Число $S_{\omega}[M]$ может быть отлично от нуля лишь тогда, когда $\omega$-разбиение числа $n$. Число $S_{\omega}^{k}[M]$ может быть отлично от нуля при наборах $\omega=\left\{i_{1}, \ldots, i_{k}\right\}$ с $i_{1}+\ldots+$ $+i_{k} \leqslant n$. Јюбой гомоморфизм $\Omega_{2 n}^{u} \rightarrow \mathbb{Z}$ может быть представлен в виде линейной комбинации с целыми коэффициентами гомоморфизмов $S_{\omega}^{k}: \Omega_{2 n}^{u} \longrightarrow \mathbb{Z}, \quad п р и$ $|\omega| \leqslant n$, где $|\omega|=i_{1}+\ldots+i_{k}$ (те ор е ма С то нг а Х ат тори). Характеристич. числа $S_{\omega}^{k}[M]$ при $|\omega| \leqslant n$ могут быть представлены в виде

\[
S_{\omega}^{k}[M]=\sum_{\left|\omega^{\prime}\right|=n} r_{\omega^{\prime}} c_{\omega^{\prime}}[M]
\]

где $r_{\omega^{\prime}}$ - рациональные коэффициенты, а $M$-любюе замкнутое .квазикомплексное многообразие размерности $2 n$. Пусть $a$ произвольный элемент из группы $A$, $a=\sum_{\left|\omega^{\prime}\right|=n} a_{\omega^{\prime}} e_{\omega^{\prime}}$ in $S_{\omega}^{k}(a)=\sum_{\left|\omega^{\prime}\right|=n} r_{\omega^{\prime}} a_{\omega^{\prime}}$. Тогда элемент $a \in A$ принадлежит образу гомоморфизма $\varphi:$ $\Omega_{2 n}^{u} \longrightarrow A$ тогда и только тогда, когда $S_{\omega}^{k}(a)-$ целое число для всех наборов $\omega$ с $|\omega| \leqslant n$.

Лит. см. при статье Чжэня класс.

А. Ф. Харииладзе</text_orig>
</article>
