<?xml version="1.0" ?>
<article uri="http://libmeta.ru/me/article/1005_NETEROVO" alphabetic_pos="1005">
  <title>НЁТЕРОВО ИНТЕГРАЛЬНОЕ УРАВНЕНИЕ</title>
  <authors>
    <author>Б. В. Хведелидзе</author>
  </authors>
  <pages>
    <start>514</start>
    <end>515</end>
  </pages>
  <literature>
    <literature_orig/>
  </literature>
  <formulas_main>
    <formula uri="http://libmeta.ru/me/formula/main/1005_1_NETEROVO">A x=y</formula>
    <formula uri="http://libmeta.ru/me/formula/main/1005_2_NETEROVO">A x=0</formula>
    <formula uri="http://libmeta.ru/me/formula/main/1005_3_NETEROVO">A^{*} \varphi=0, \varphi \in X^{*},</formula>
    <formula uri="http://libmeta.ru/me/formula/main/1005_4_NETEROVO">x_{A}=k-k^{*}</formula>
    <formula uri="http://libmeta.ru/me/formula/main/1005_5_NETEROVO">x-V x=y</formula>
    <formula uri="http://libmeta.ru/me/formula/main/1005_6_NETEROVO">(V x)(s)=\int K(s, t) x(t) d t</formula>
    <formula uri="http://libmeta.ru/me/formula/main/1005_7_NETEROVO">\begin{aligned}(A \varphi)(s)= &amp; a(s) \varphi(s)+\frac{b(s)}{\pi} \int_{-\pi}^{\pi} \operatorname{ctg} \frac{t-s}{2} \varphi(t) d t+ \\&amp; +\int_{-\pi}^{\pi} K(s, t) \varphi(t) d t=f(t),\end{aligned}</formula>
    <formula uri="http://libmeta.ru/me/formula/main/1005_8_NETEROVO">x_{A}=\frac{1}{\pi}[\arg (a-i b)]_{-\pi}^{\pi}</formula>
  </formulas_main>
  <formulas_aux>
    <formula uri="http://libmeta.ru/me/formula/aux/1005_1_NETEROVO">x</formula>
    <formula uri="http://libmeta.ru/me/formula/aux/1005_2_NETEROVO">a</formula>
    <formula uri="http://libmeta.ru/me/formula/aux/1005_3_NETEROVO">x</formula>
    <formula uri="http://libmeta.ru/me/formula/aux/1005_4_NETEROVO">a: X \rightarrow X, A *-</formula>
    <formula uri="http://libmeta.ru/me/formula/aux/1005_5_NETEROVO">a</formula>
    <formula uri="http://libmeta.ru/me/formula/aux/1005_6_NETEROVO">x</formula>
    <formula uri="http://libmeta.ru/me/formula/aux/1005_7_NETEROVO">y</formula>
    <formula uri="http://libmeta.ru/me/formula/aux/1005_8_NETEROVO">x</formula>
    <formula uri="http://libmeta.ru/me/formula/aux/1005_9_NETEROVO">r(a)-</formula>
    <formula uri="http://libmeta.ru/me/formula/aux/1005_10_NETEROVO">y \in X</formula>
    <formula uri="http://libmeta.ru/me/formula/aux/1005_11_NETEROVO">a</formula>
    <formula uri="http://libmeta.ru/me/formula/aux/1005_12_NETEROVO">n(a)</formula>
    <formula uri="http://libmeta.ru/me/formula/aux/1005_13_NETEROVO">a</formula>
    <formula uri="http://libmeta.ru/me/formula/aux/1005_14_NETEROVO">a</formula>
    <formula uri="http://libmeta.ru/me/formula/aux/1005_15_NETEROVO">a</formula>
    <formula uri="http://libmeta.ru/me/formula/aux/1005_16_NETEROVO">y</formula>
    <formula uri="http://libmeta.ru/me/formula/aux/1005_17_NETEROVO">(\varphi, y)=0</formula>
    <formula uri="http://libmeta.ru/me/formula/aux/1005_18_NETEROVO">\varphi \in N(A *)</formula>
    <formula uri="http://libmeta.ru/me/formula/aux/1005_19_NETEROVO">k=\operatorname{dim} N(A), k^{*}=\operatorname{dim} N\left(A^{*}\right)</formula>
    <formula uri="http://libmeta.ru/me/formula/aux/1005_20_NETEROVO">v</formula>
    <formula uri="http://libmeta.ru/me/formula/aux/1005_21_NETEROVO">v: X \rightarrow X</formula>
    <formula uri="http://libmeta.ru/me/formula/aux/1005_22_NETEROVO">\left.a^{2}(s)+b^{2}(s) \neq 0\right)</formula>
    <formula uri="http://libmeta.ru/me/formula/aux/1005_23_NETEROVO">_{-\pi}^{\pi}</formula>
    <formula uri="http://libmeta.ru/me/formula/aux/1005_24_NETEROVO">\phi</formula>
    <formula uri="http://libmeta.ru/me/formula/aux/1005_25_NETEROVO">\quad</formula>
  </formulas_aux>
  <relations n="2">
    <relation uri="http://libmeta.ru/me/relation/1005_1_NETEROVO">
      <rel_text>уравнений</rel_text>
      <target>http://libmeta.ru/me/article/106_URAVNENI</target>
    </relation>
    <relation uri="http://libmeta.ru/me/relation/1005_2_NETEROVO">
      <rel_text>задачи</rel_text>
      <target>http://libmeta.ru/me/article/10_ZAdAch</target>
    </relation>
  </relations>
  <text>интегральное уравнение, для к-рого справедливы теоремы
Нётера (см. ниже). Пусть $URI[[http://libmeta.ru/me/formula/aux/1005_1_NETEROVO]]/URI$ - банахово пространство, $URI[[http://libmeta.ru/me/formula/aux/1005_2_NETEROVO]]/URI$ - линейный ограниченный оператор (отображение), отображающий $URI[[http://libmeta.ru/me/formula/aux/1005_3_NETEROVO]]/URI$ в себя: $URI[[http://libmeta.ru/me/formula/aux/1005_4_NETEROVO]]/URI$ сопряженный с $URI[[http://libmeta.ru/me/formula/aux/1005_5_NETEROVO]]/URI$ оператор,

\[
URI[[http://libmeta.ru/me/formula/main/1005_1_NETEROVO]]/URI
\]

- линейное уравнение, где $URI[[http://libmeta.ru/me/formula/aux/1005_6_NETEROVO]]/URI$ - искомый, а $URI[[http://libmeta.ru/me/formula/aux/1005_7_NETEROVO]]/URI$ - заданный элементы пространства $URI[[http://libmeta.ru/me/formula/aux/1005_8_NETEROVO]]/URI$. Пусть, далее, $URI[[http://libmeta.ru/me/formula/aux/1005_9_NETEROVO]]/URI$ совокупность всех $URI[[http://libmeta.ru/me/formula/aux/1005_10_NETEROVO]]/URI$, для к-рых уравнение (1) разрепимо (о б л а с т в 3 н а ч е н и ї о п е р а т ор а $URI[[http://libmeta.ru/me/formula/aux/1005_11_NETEROVO]]/URI$ ), и $URI[[http://libmeta.ru/me/formula/aux/1005_12_NETEROVO]]/URI$ - совокупность всех решений соответствующего однородного уравнения

\[
URI[[http://libmeta.ru/me/formula/main/1005_2_NETEROVO]]/URI
\]

(н у ль-п ро с т р а н с т в о, Iли я д ро о п е р ат о р а $URI[[http://libmeta.ru/me/formula/aux/1005_13_NETEROVO]]/URI$ ). Отображение $URI[[http://libmeta.ru/me/formula/aux/1005_14_NETEROVO]]/URI$ (уравнение (1)) наз. нётеровым оператором (нё т е р о в ы м у р а в н е н ие м), если выполняются следующие условия.

1) Определенный на всем банаховом пространстве оператор $URI[[http://libmeta.ru/me/formula/aux/1005_15_NETEROVO]]/URI$ (уравнение (1)) является н о р м а л ь н о р а з р е ши и м ы м, т. е. уравнение (1) разрешимо тогда и только тогда, когда правая часть $URI[[http://libmeta.ru/me/formula/aux/1005_16_NETEROVO]]/URI$ ортогональна всем решениям сопряженного однородного уравнения

\[
URI[[http://libmeta.ru/me/formula/main/1005_3_NETEROVO]]/URI
\]

т. е. $URI[[http://libmeta.ru/me/formula/aux/1005_17_NETEROVO]]/URI$ для любого $URI[[http://libmeta.ru/me/formula/aux/1005_18_NETEROVO]]/URI$.

2) Однородные уравнения (2) пा (3) могут иметь лишь конечное число линейно незавпсимых решений; число

\[
URI[[http://libmeta.ru/me/formula/main/1005_4_NETEROVO]]/URI
\] где $URI[[http://libmeta.ru/me/formula/aux/1005_19_NETEROVO]]/URI$, наз. и н д е к с о м

![](https://cdn.mathpix.com/cropped/2023_07_08_2f2b6d34838d22cda852g-1.jpg?height=40&amp;width=836&amp;top_left_y=213&amp;top_left_x=123)
(1)).

Нётеров оператор с нулевым индексом наз. ф р е дго л ь м о в м о п е р а то р о м (абстрактным), a соответствующее уравнение (1) - ф р е д г о л ь м овы м у р а в н е н и е м. Напр., если $URI[[http://libmeta.ru/me/formula/aux/1005_20_NETEROVO]]/URI$ - вшолне непрерывный оператор $URI[[http://libmeta.ru/me/formula/aux/1005_21_NETEROVO]]/URI$, то уравнение

\[
URI[[http://libmeta.ru/me/formula/main/1005_5_NETEROVO]]/URI
\]

будет фредгольмовым. Его наз. к а н о ни ч е с к и м ур а вн е н и м Ф р е д гольм а. Если в уравнении (4) вполне непрерывное отображение в нек-ром функциональном пространстве является интегральным оператором

\[
URI[[http://libmeta.ru/me/formula/main/1005_6_NETEROVO]]/URI
\]

то уравнение наз. и н т е г р а л ь н ы м у р а в ен и е м Ф р е д г л ь м а. Аналогично, если в уравненип Нётера (1) линейное отображение задается с помощью интегральных операторов, то его наз. н ё т еровым ин тетральвым ур а вне нием. Ф. Нётер [1] рассмотрел интегральные уравнения с Гильберта ядром

\[
URI[[http://libmeta.ru/me/formula/main/1005_7_NETEROVO]]/URI
\]

где несобственный интеграл понимается в смысле главного значения. Для уравнения (5) он установил справедливость трех теорем, называемых ныне т е о р е м aм и Н ё т е р а (предполагается, тто заданные и искомая функции действительны, непрерывны в смысле Гёльдера и $URI[[http://libmeta.ru/me/formula/aux/1005_22_NETEROVO]]/URI$ :

1) уравнение нормально разрешимо;

2) уравнение имеет конечный индекс;

3) индекс вычисляется по формуле:

\[
URI[[http://libmeta.ru/me/formula/main/1005_8_NETEROVO]]/URI
\]

где []$URI[[http://libmeta.ru/me/formula/aux/1005_23_NETEROVO]]/URI$ обозначает приращение функции, заключенной в скобки.

Теорема 3) впервые указала на существование такпх линейных сопряженных интегральных уравнений, к-рые могут иметь различное тисло линейно независимых решений. Кроме того, из этой теоремы вытекает, что индекс уравнения (5) не зависит от его вполне непрерывной части.

Оператор Нётера иногда наз. ф р е д г о л ь м овым, обобше нн о фуре д голь мовым, $URI[[http://libmeta.ru/me/formula/aux/1005_24_NETEROVO]]/URI$ - о п е р а т о р ом, $URI[[http://libmeta.ru/me/formula/aux/1005_25_NETEROVO]]/URI$ т - о п е р а т о р ом.

![](https://cdn.mathpix.com/cropped/2023_07_08_2f2b6d34838d22cda852g-1.jpg?height=52&amp;width=814&amp;top_left_y=1763&amp;top_left_x=136)

![](https://cdn.mathpix.com/cropped/2023_07_08_2f2b6d34838d22cda852g-1.jpg?height=44&amp;width=831&amp;top_left_y=1794&amp;top_left_x=119)

![](https://cdn.mathpix.com/cropped/2023_07_08_2f2b6d34838d22cda852g-1.jpg?height=50&amp;width=836&amp;top_left_y=1828&amp;top_left_x=118)
Јинейные уравнения в банаховом пространстве, М., 1971; Итоги науки. Математический анализ. 1968 , М., 1969, с. 39-71; [6] Д а н и л ю к И. И., Нерегулярные граничные URI[[http://libmeta.ru/me/relation/1005_2_NETEROVO]]/URI на плоскости, М., 1975; [7] П р ё с д о р ф 3., Некоторые классы сингулярных URI[[http://libmeta.ru/me/relation/1005_1_NETEROVO]]/URI, пер. с нем., М., 1979.</text>
  <text_orig>интегральное уравнение, для к-рого справедливы теоремы
Нётера (см. ниже). Пусть $X$ - банахово пространство, $A$ - линейный ограниченный оператор (отображение), отображающий $X$ в себя: $A: X \rightarrow X, A *-$ сопряженный с $A$ оператор,

\[
A x=y
\]

- линейное уравнение, где $x$ - искомый, а $y$ - заданный элементы пространства $X$. Пусть, далее, $R(A)-$ совокупность всех $y \in X$, для к-рых уравнение (1) разрепимо (о б л а с т в 3 н а ч е н и ї о п е р а т ор а $A$ ), и $N(A)$ - совокупность всех решений соответствующего однородного уравнения

\[
A x=0
\]

(н у ль-п ро с т р а н с т в о, Iли я д ро о п е р ат о р а $A$ ). Отображение $A$ (уравнение (1)) наз. нётеровым оператором (нё т е р о в ы м у р а в н е н ие м), если выполняются следующие условия.

1) Определенный на всем банаховом пространстве оператор $A$ (уравнение (1)) является н о р м а л ь н о р а з р е ши и м ы м, т. е. уравнение (1) разрешимо тогда и только тогда, когда правая часть $y$ ортогональна всем решениям сопряженного однородного уравнения

\[
A^{*} \varphi=0, \varphi \in X^{*},
\]

т. е. $(\varphi, y)=0$ для любого $\varphi \in N(A *)$.

2) Однородные уравнения (2) пा (3) могут иметь лишь конечное число линейно незавпсимых решений; число

\[
x_{A}=k-k^{*}
\] где $k=\operatorname{dim} N(A), k^{*}=\operatorname{dim} N\left(A^{*}\right)$, наз. и н д е к с о м

![](https://cdn.mathpix.com/cropped/2023_07_08_2f2b6d34838d22cda852g-1.jpg?height=40&amp;width=836&amp;top_left_y=213&amp;top_left_x=123)
(1)).

Нётеров оператор с нулевым индексом наз. ф р е дго л ь м о в м о п е р а то р о м (абстрактным), a соответствующее уравнение (1) - ф р е д г о л ь м овы м у р а в н е н и е м. Напр., если $V$ - вшолне непрерывный оператор $V: X \rightarrow X$, то уравнение

\[
x-V x=y
\]

будет фредгольмовым. Его наз. к а н о ни ч е с к и м ур а вн е н и м Ф р е д гольм а. Если в уравнении (4) вполне непрерывное отображение в нек-ром функциональном пространстве является интегральным оператором

\[
(V x)(s)=\int K(s, t) x(t) d t
\]

то уравнение наз. и н т е г р а л ь н ы м у р а в ен и е м Ф р е д г л ь м а. Аналогично, если в уравненип Нётера (1) линейное отображение задается с помощью интегральных операторов, то его наз. н ё т еровым ин тетральвым ур а вне нием. Ф. Нётер [1] рассмотрел интегральные уравнения с Гильберта ядром

\[
\begin{aligned}
(A \varphi)(s)= &amp; a(s) \varphi(s)+\frac{b(s)}{\pi} \int_{-\pi}^{\pi} \operatorname{ctg} \frac{t-s}{2} \varphi(t) d t+ \\
&amp; +\int_{-\pi}^{\pi} K(s, t) \varphi(t) d t=f(t),
\end{aligned}
\]

где несобственный интеграл понимается в смысле главного значения. Для уравнения (5) он установил справедливость трех теорем, называемых ныне т е о р е м aм и Н ё т е р а (предполагается, тто заданные и искомая функции действительны, непрерывны в смысле Гёльдера и $\left.a^{2}(s)+b^{2}(s) \neq 0\right)$ :

1) уравнение нормально разрешимо;

2) уравнение имеет конечный индекс;

3) индекс вычисляется по формуле:

\[
x_{A}=\frac{1}{\pi}[\arg (a-i b)]_{-\pi}^{\pi}
\]

где []$_{-\pi}^{\pi}$ обозначает приращение функции, заключенной в скобки.

Теорема 3) впервые указала на существование такпх линейных сопряженных интегральных уравнений, к-рые могут иметь различное тисло линейно независимых решений. Кроме того, из этой теоремы вытекает, что индекс уравнения (5) не зависит от его вполне непрерывной части.

Оператор Нётера иногда наз. ф р е д г о л ь м овым, обобше нн о фуре д голь мовым, $\Phi$ - о п е р а т о р ом, $\quad$ т - о п е р а т о р ом.

![](https://cdn.mathpix.com/cropped/2023_07_08_2f2b6d34838d22cda852g-1.jpg?height=52&amp;width=814&amp;top_left_y=1763&amp;top_left_x=136)

![](https://cdn.mathpix.com/cropped/2023_07_08_2f2b6d34838d22cda852g-1.jpg?height=44&amp;width=831&amp;top_left_y=1794&amp;top_left_x=119)

![](https://cdn.mathpix.com/cropped/2023_07_08_2f2b6d34838d22cda852g-1.jpg?height=50&amp;width=836&amp;top_left_y=1828&amp;top_left_x=118)
Јинейные уравнения в банаховом пространстве, М., 1971; Итоги науки. Математический анализ. 1968 , М., 1969, с. 39-71; [6] Д а н и л ю к И. И., Нерегулярные граничные задачи на плоскости, М., 1975; [7] П р ё с д о р ф 3., Некоторые классы сингулярных уравнений, пер. с нем., М., 1979. Б. В. Хведелидзе.</text_orig>
</article>
