<?xml version="1.0" ?>
<article uri="http://libmeta.ru/me/article/1005_KOMPAKTNOST" alphabetic_pos="1005">
  <title>КОМПАКТНОСТЬ</title>
  <authors/>
  <pages>
    <start>498</start>
    <end>498</end>
  </pages>
  <literature>
    <literature_orig/>
  </literature>
  <formulas_main/>
  <formulas_aux>
    <formula uri="http://libmeta.ru/me/formula/aux/1005_1_KOMPAKTNOST">k</formula>
    <formula uri="http://libmeta.ru/me/formula/aux/1005_2_KOMPAKTNOST">k</formula>
    <formula uri="http://libmeta.ru/me/formula/aux/1005_3_KOMPAKTNOST">о</formula>
    <formula uri="http://libmeta.ru/me/formula/aux/1005_4_KOMPAKTNOST">[a, b]</formula>
    <formula uri="http://libmeta.ru/me/formula/aux/1005_5_KOMPAKTNOST">[a, b]-</formula>
    <formula uri="http://libmeta.ru/me/formula/aux/1005_6_KOMPAKTNOST">m \subset X</formula>
    <formula uri="http://libmeta.ru/me/formula/aux/1005_7_KOMPAKTNOST">m \in[a, b]</formula>
    <formula uri="http://libmeta.ru/me/formula/aux/1005_8_KOMPAKTNOST">\xi</formula>
    <formula uri="http://libmeta.ru/me/formula/aux/1005_9_KOMPAKTNOST">o \xi</formula>
    <formula uri="http://libmeta.ru/me/formula/aux/1005_10_KOMPAKTNOST">o_{\xi} \cap M</formula>
    <formula uri="http://libmeta.ru/me/formula/aux/1005_11_KOMPAKTNOST">\left.M ; 2\right)</formula>
    <formula uri="http://libmeta.ru/me/formula/aux/1005_12_KOMPAKTNOST">\omega \in\left[\omega_{a}, \omega_{b}\right]</formula>
    <formula uri="http://libmeta.ru/me/formula/aux/1005_13_KOMPAKTNOST">m \subset[a, b]</formula>
    <formula uri="http://libmeta.ru/me/formula/aux/1005_14_KOMPAKTNOST">&lt;m</formula>
    <formula uri="http://libmeta.ru/me/formula/aux/1005_15_KOMPAKTNOST">a=\aleph_{0}</formula>
    <formula uri="http://libmeta.ru/me/formula/aux/1005_16_KOMPAKTNOST">x</formula>
    <formula uri="http://libmeta.ru/me/formula/aux/1005_17_KOMPAKTNOST">о</formula>
    <formula uri="http://libmeta.ru/me/formula/aux/1005_18_KOMPAKTNOST">b</formula>
    <formula uri="http://libmeta.ru/me/formula/aux/1005_19_KOMPAKTNOST">k</formula>
    <formula uri="http://libmeta.ru/me/formula/aux/1005_20_KOMPAKTNOST">к</formula>
    <formula uri="http://libmeta.ru/me/formula/aux/1005_21_KOMPAKTNOST">b \geqslant a-</formula>
    <formula uri="http://libmeta.ru/me/formula/aux/1005_22_KOMPAKTNOST">x</formula>
    <formula uri="http://libmeta.ru/me/formula/aux/1005_23_KOMPAKTNOST">a ;</formula>
    <formula uri="http://libmeta.ru/me/formula/aux/1005_24_KOMPAKTNOST">a=\aleph_{1}</formula>
    <formula uri="http://libmeta.ru/me/formula/aux/1005_25_KOMPAKTNOST">w\left(\omega_{1}\right)</formula>
    <formula uri="http://libmeta.ru/me/formula/aux/1005_26_KOMPAKTNOST">&lt;\omega_{1}</formula>
    <formula uri="http://libmeta.ru/me/formula/aux/1005_27_KOMPAKTNOST">x</formula>
    <formula uri="http://libmeta.ru/me/formula/aux/1005_28_KOMPAKTNOST">x</formula>
    <formula uri="http://libmeta.ru/me/formula/aux/1005_29_KOMPAKTNOST">i^{c}</formula>
  </formulas_aux>
  <relations n="34">
    <relation uri="http://libmeta.ru/me/relation/1005_1_KOMPAKTNOST">
      <rel_text>последовательности</rel_text>
      <target>http://libmeta.ru/me/article/534_POSLEDOVATEL'NOST</target>
    </relation>
    <relation uri="http://libmeta.ru/me/relation/1005_2_KOMPAKTNOST">
      <rel_text>сходящейся</rel_text>
      <target>http://libmeta.ru/me/article/333_SHODIMOST</target>
    </relation>
    <relation uri="http://libmeta.ru/me/relation/1005_3_KOMPAKTNOST">
      <rel_text>множество</rel_text>
      <target>http://libmeta.ru/me/article/733_MNOZhESTV</target>
    </relation>
    <relation uri="http://libmeta.ru/me/relation/1005_4_KOMPAKTNOST">
      <rel_text>пространстве</rel_text>
      <target>http://libmeta.ru/me/article/748_PROSTRANSTV</target>
    </relation>
    <relation uri="http://libmeta.ru/me/relation/1005_5_KOMPAKTNOST">
      <rel_text>множеством</rel_text>
      <target>http://libmeta.ru/me/article/733_MNOZhESTV</target>
    </relation>
    <relation uri="http://libmeta.ru/me/relation/1005_6_KOMPAKTNOST">
      <rel_text>компактныл</rel_text>
      <target>http://libmeta.ru/me/article/1022_KOMPOZitsI</target>
    </relation>
    <relation uri="http://libmeta.ru/me/relation/1005_7_KOMPAKTNOST">
      <rel_text>пространства</rel_text>
      <target>http://libmeta.ru/me/article/748_PROSTRANSTV</target>
    </relation>
    <relation uri="http://libmeta.ru/me/relation/1005_8_KOMPAKTNOST">
      <rel_text>бикомпактно</rel_text>
      <target>http://libmeta.ru/me/article/458_BIKOMShLEK</target>
    </relation>
    <relation uri="http://libmeta.ru/me/relation/1005_9_KOMPAKTNOST">
      <rel_text>компактно</rel_text>
      <target>http://libmeta.ru/me/article/1009_KOMPLEK</target>
    </relation>
    <relation uri="http://libmeta.ru/me/relation/1005_10_KOMPAKTNOST">
      <rel_text>пространство</rel_text>
      <target>http://libmeta.ru/me/article/748_PROSTRANSTV</target>
    </relation>
    <relation uri="http://libmeta.ru/me/relation/1005_11_KOMPAKTNOST">
      <rel_text>компактно</rel_text>
      <target>http://libmeta.ru/me/article/1009_KOMPLEK</target>
    </relation>
    <relation uri="http://libmeta.ru/me/relation/1005_12_KOMPAKTNOST">
      <rel_text>бикомпактное пространство</rel_text>
      <target>http://libmeta.ru/me/article/455_BIKOMPAKTNOE</target>
    </relation>
    <relation uri="http://libmeta.ru/me/relation/1005_13_KOMPAKTNOST">
      <rel_text>компактны</rel_text>
      <target>http://libmeta.ru/me/article/1009_KOMPLEK</target>
    </relation>
    <relation uri="http://libmeta.ru/me/relation/1005_14_KOMPAKTNOST">
      <rel_text>мощности</rel_text>
      <target>http://libmeta.ru/me/article/804_MOSchNOST</target>
    </relation>
    <relation uri="http://libmeta.ru/me/relation/1005_15_KOMPAKTNOST">
      <rel_text>компактны</rel_text>
      <target>http://libmeta.ru/me/article/1009_KOMPLEK</target>
    </relation>
    <relation uri="http://libmeta.ru/me/relation/1005_16_KOMPAKTNOST">
      <rel_text>Бикомпактные пространства</rel_text>
      <target>http://libmeta.ru/me/article/455_BIKOMPAKTNOE</target>
    </relation>
    <relation uri="http://libmeta.ru/me/relation/1005_17_KOMPAKTNOST">
      <rel_text>компактно</rel_text>
      <target>http://libmeta.ru/me/article/1009_KOMPLEK</target>
    </relation>
    <relation uri="http://libmeta.ru/me/relation/1005_18_KOMPAKTNOST">
      <rel_text>пространство</rel_text>
      <target>http://libmeta.ru/me/article/748_PROSTRANSTV</target>
    </relation>
    <relation uri="http://libmeta.ru/me/relation/1005_19_KOMPAKTNOST">
      <rel_text>мощности</rel_text>
      <target>http://libmeta.ru/me/article/804_MOSchNOST</target>
    </relation>
    <relation uri="http://libmeta.ru/me/relation/1005_20_KOMPAKTNOST">
      <rel_text>мощности</rel_text>
      <target>http://libmeta.ru/me/article/804_MOSchNOST</target>
    </relation>
    <relation uri="http://libmeta.ru/me/relation/1005_21_KOMPAKTNOST">
      <rel_text>мощности</rel_text>
      <target>http://libmeta.ru/me/article/804_MOSchNOST</target>
    </relation>
    <relation uri="http://libmeta.ru/me/relation/1005_22_KOMPAKTNOST">
      <rel_text>мощности</rel_text>
      <target>http://libmeta.ru/me/article/804_MOSchNOST</target>
    </relation>
    <relation uri="http://libmeta.ru/me/relation/1005_23_KOMPAKTNOST">
      <rel_text>покрытие</rel_text>
      <target>http://libmeta.ru/me/article/387_POKRYTI</target>
    </relation>
    <relation uri="http://libmeta.ru/me/relation/1005_24_KOMPAKTNOST">
      <rel_text>держит</rel_text>
      <target>http://libmeta.ru/me/article/119_DEREV</target>
    </relation>
    <relation uri="http://libmeta.ru/me/relation/1005_25_KOMPAKTNOST">
      <rel_text>мощности</rel_text>
      <target>http://libmeta.ru/me/article/804_MOSchNOST</target>
    </relation>
    <relation uri="http://libmeta.ru/me/relation/1005_26_KOMPAKTNOST">
      <rel_text>покрытие</rel_text>
      <target>http://libmeta.ru/me/article/387_POKRYTI</target>
    </relation>
    <relation uri="http://libmeta.ru/me/relation/1005_27_KOMPAKTNOST">
      <rel_text>пересечение</rel_text>
      <target>http://libmeta.ru/me/article/222_PEREGÓROD</target>
    </relation>
    <relation uri="http://libmeta.ru/me/relation/1005_28_KOMPAKTNOST">
      <rel_text>замкнутых множеств</rel_text>
      <target>http://libmeta.ru/me/article/427_ZAMKNUTOE</target>
    </relation>
    <relation uri="http://libmeta.ru/me/relation/1005_29_KOMPAKTNOST">
      <rel_text>система</rel_text>
      <target>http://libmeta.ru/me/article/350_SISTEM</target>
    </relation>
    <relation uri="http://libmeta.ru/me/relation/1005_30_KOMPAKTNOST">
      <rel_text>мощность</rel_text>
      <target>http://libmeta.ru/me/article/804_MOSchNOST</target>
    </relation>
    <relation uri="http://libmeta.ru/me/relation/1005_31_KOMPAKTNOST">
      <rel_text>множество</rel_text>
      <target>http://libmeta.ru/me/article/733_MNOZhESTV</target>
    </relation>
    <relation uri="http://libmeta.ru/me/relation/1005_32_KOMPAKTNOST">
      <rel_text>мощности</rel_text>
      <target>http://libmeta.ru/me/article/804_MOSchNOST</target>
    </relation>
    <relation uri="http://libmeta.ru/me/relation/1005_33_KOMPAKTNOST">
      <rel_text>множество</rel_text>
      <target>http://libmeta.ru/me/article/733_MNOZhESTV</target>
    </relation>
    <relation uri="http://libmeta.ru/me/relation/1005_34_KOMPAKTNOST">
      <rel_text>формах</rel_text>
      <target>http://libmeta.ru/me/article/741_FORMUL</target>
    </relation>
  </relations>
  <text>свойство топологич. пространства, состоящее в том, что каждое бесконечное его подмножество имеет предельную точку. Для метрич. пространства понятие $URI[[http://libmeta.ru/me/formula/aux/1005_1_KOMPAKTNOST]]/URI$. совпадает с понятием бикомпактности. Свойство К. может быть выражено в такой форме: всякое счетное подмножество имеет предельную точку, так что компактные пространства

![](https://cdn.mathpix.com/cropped/2023_07_08_f7b262ce699bb06e8840g-1.jpg?height=35&amp;width=831&amp;top_left_y=1965&amp;top_left_x=120)

В связи с этим возникают понятия инициальной и финальной $URI[[http://libmeta.ru/me/formula/aux/1005_2_KOMPAKTNOST]]/URI$. илı, более общо, к о м П а к т н о с т и В $URI[[http://libmeta.ru/me/formula/aux/1005_3_KOMPAKTNOST]]/URI$ т р е 3 к е м о н о с т е й $URI[[http://libmeta.ru/me/formula/aux/1005_4_KOMPAKTNOST]]/URI$, или $URI[[http://libmeta.ru/me/formula/aux/1005_5_KOMPAKTNOST]]/URI$ к о м п а к т н о с т I, выражаемої в трех эквивалентных URI[[http://libmeta.ru/me/relation/1005_34_KOMPAKTNOST]]/URI: 1) всякое URI[[http://libmeta.ru/me/relation/1005_33_KOMPAKTNOST]]/URI $URI[[http://libmeta.ru/me/formula/aux/1005_6_KOMPAKTNOST]]/URI$ URI[[http://libmeta.ru/me/relation/1005_32_KOMPAKTNOST]]/URI $URI[[http://libmeta.ru/me/formula/aux/1005_7_KOMPAKTNOST]]/URI$ имеет точку полного накопления, т. е. такую точку $URI[[http://libmeta.ru/me/formula/aux/1005_8_KOMPAKTNOST]]/URI$, что для каждой ее окрестности $URI[[http://libmeta.ru/me/formula/aux/1005_9_KOMPAKTNOST]]/URI$ URI[[http://libmeta.ru/me/relation/1005_31_KOMPAKTNOST]]/URI $URI[[http://libmeta.ru/me/formula/aux/1005_10_KOMPAKTNOST]]/URI$ имеет ту же URI[[http://libmeta.ru/me/relation/1005_30_KOMPAKTNOST]]/URI, что и $URI[[http://libmeta.ru/me/formula/aux/1005_11_KOMPAKTNOST]]/URI$ всякая вполне упорядоченная URI[[http://libmeta.ru/me/relation/1005_29_KOMPAKTNOST]]/URI порядкового типа $URI[[http://libmeta.ru/me/formula/aux/1005_12_KOMPAKTNOST]]/URI$ URI[[http://libmeta.ru/me/relation/1005_28_KOMPAKTNOST]]/URI имеет непустое URI[[http://libmeta.ru/me/relation/1005_27_KOMPAKTNOST]]/URI; 3) всякое открытое URI[[http://libmeta.ru/me/relation/1005_26_KOMPAKTNOST]]/URI URI[[http://libmeta.ru/me/relation/1005_25_KOMPAKTNOST]]/URI $URI[[http://libmeta.ru/me/formula/aux/1005_13_KOMPAKTNOST]]/URI$ со- URI[[http://libmeta.ru/me/relation/1005_24_KOMPAKTNOST]]/URI URI[[http://libmeta.ru/me/relation/1005_23_KOMPAKTNOST]]/URI URI[[http://libmeta.ru/me/relation/1005_22_KOMPAKTNOST]]/URI $URI[[http://libmeta.ru/me/formula/aux/1005_14_KOMPAKTNOST]]/URI$. Если $URI[[http://libmeta.ru/me/formula/aux/1005_15_KOMPAKTNOST]]/URI$, то $URI[[http://libmeta.ru/me/formula/aux/1005_16_KOMPAKTNOST]]/URI$ наз. и н и ц и а л ь н $URI[[http://libmeta.ru/me/formula/aux/1005_17_KOMPAKTNOST]]/URI$ ко м П а к т н Ы м вплоть до URI[[http://libmeta.ru/me/relation/1005_21_KOMPAKTNOST]]/URI $URI[[http://libmeta.ru/me/formula/aux/1005_18_KOMPAKTNOST]]/URI$. Просто $URI[[http://libmeta.ru/me/formula/aux/1005_19_KOMPAKTNOST]]/URI$. означает инициальную $URI[[http://libmeta.ru/me/formula/aux/1005_20_KOMPAKTNOST]]/URI$. до URI[[http://libmeta.ru/me/relation/1005_20_KOMPAKTNOST]]/URI ฝे и поэтому иногда К. наз. с ч т но й К. Если $URI[[http://libmeta.ru/me/formula/aux/1005_21_KOMPAKTNOST]]/URI$ любое, то $URI[[http://libmeta.ru/me/formula/aux/1005_22_KOMPAKTNOST]]/URI$ наз. ф и на ль н о к о м п а к т н ы м, начиная с URI[[http://libmeta.ru/me/relation/1005_19_KOMPAKTNOST]]/URI $URI[[http://libmeta.ru/me/formula/aux/1005_23_KOMPAKTNOST]]/URI$ так, всякоө URI[[http://libmeta.ru/me/relation/1005_18_KOMPAKTNOST]]/URI со счетной базой финально URI[[http://libmeta.ru/me/relation/1005_17_KOMPAKTNOST]]/URI с $URI[[http://libmeta.ru/me/formula/aux/1005_24_KOMPAKTNOST]]/URI$. URI[[http://libmeta.ru/me/relation/1005_16_KOMPAKTNOST]]/URI инициально URI[[http://libmeta.ru/me/relation/1005_15_KOMPAKTNOST]]/URI до любой (бесконечной) URI[[http://libmeta.ru/me/relation/1005_14_KOMPAKTNOST]]/URI и одновременно финально URI[[http://libmeta.ru/me/relation/1005_13_KOMPAKTNOST]]/URI, начиная с любой мощности,- отсюда их название. Таким образом, всякое URI[[http://libmeta.ru/me/relation/1005_12_KOMPAKTNOST]]/URI URI[[http://libmeta.ru/me/relation/1005_11_KOMPAKTNOST]]/URI, но не наоборот: URI[[http://libmeta.ru/me/relation/1005_10_KOMPAKTNOST]]/URI $URI[[http://libmeta.ru/me/formula/aux/1005_25_KOMPAKTNOST]]/URI$ всех порядковых чисел &lt; $URI[[http://libmeta.ru/me/formula/aux/1005_26_KOMPAKTNOST]]/URI$ URI[[http://libmeta.ru/me/relation/1005_9_KOMPAKTNOST]]/URI, но не URI[[http://libmeta.ru/me/relation/1005_8_KOMPAKTNOST]]/URI. Из К. URI[[http://libmeta.ru/me/relation/1005_7_KOMPAKTNOST]]/URI $URI[[http://libmeta.ru/me/formula/aux/1005_27_KOMPAKTNOST]]/URI$, вообще говоря, не следует, что $URI[[http://libmeta.ru/me/formula/aux/1005_28_KOMPAKTNOST]]/URI$ является URI[[http://libmeta.ru/me/relation/1005_6_KOMPAKTNOST]]/URI URI[[http://libmeta.ru/me/relation/1005_5_KOMPAKTNOST]]/URI, напр. в URI[[http://libmeta.ru/me/relation/1005_4_KOMPAKTNOST]]/URI (неметризуемом) $URI[[http://libmeta.ru/me/formula/aux/1005_29_KOMPAKTNOST]]/URI$ существует замкнутое (и следовательно бикомпактное) URI[[http://libmeta.ru/me/relation/1005_3_KOMPAKTNOST]]/URI, не содержащее никакой нестационарной URI[[http://libmeta.ru/me/relation/1005_2_KOMPAKTNOST]]/URI URI[[http://libmeta.ru/me/relation/1005_1_KOMPAKTNOST]]/URI.</text>
  <text_orig>свойство топологич. пространства, состоящее в том, что каждое бесконечное его подмножество имеет предельную точку. Для метрич. пространства понятие $K$. совпадает с понятием бикомпактности. Свойство К. может быть выражено в такой форме: всякое счетное подмножество имеет предельную точку, так что компактные пространства

![](https://cdn.mathpix.com/cropped/2023_07_08_f7b262ce699bb06e8840g-1.jpg?height=35&amp;width=831&amp;top_left_y=1965&amp;top_left_x=120)

В связи с этим возникают понятия инициальной и финальной $K$. илı, более общо, к о м П а к т н о с т и В $о$ т р е 3 к е м о н о с т е й $[a, b]$, или $[a, b]-$ к о м п а к т н о с т I, выражаемої в трех эквивалентных формах: 1) всякое множество $M \subset X$ мощности $m \in[a, b]$ имеет точку полного накопления, т. е. такую точку $\xi$, что для каждой ее окрестности $O \xi$ множество $O_{\xi} \cap M$ имеет ту же мощность, что и $\left.M ; 2\right)$ всякая вполне упорядоченная система порядкового типа $\omega \in\left[\omega_{a}, \omega_{b}\right]$ замкнутых множеств имеет непустое пересечение; 3) всякое открытое покрытие мощности $m \subset[a, b]$ со- держит покрытие мощности $&lt;m$. Если $a=\aleph_{0}$, то $X$ наз. и н и ц и а л ь н $о$ ко м П а к т н Ы м вплоть до мощности $b$. Просто $K$. означает инициальную $К$. до мощности ฝे и поэтому иногда К. наз. с ч т но й К. Если $b \geqslant a-$ любое, то $X$ наз. ф и на ль н о к о м п а к т н ы м, начиная с мощности $a ;$ так, всякоө пространство со счетной базой финально компактно с $a=\aleph_{1}$. Бикомпактные пространства инициально компактны до любой (бесконечной) мощности и одновременно финально компактны, начиная с любой мощности,- отсюда их название. Таким образом, всякое бикомпактное пространство компактно, но не наоборот: пространство $W\left(\omega_{1}\right)$ всех порядковых чисел &lt; $&lt;\omega_{1}$ компактно, но не бикомпактно. Из К. пространства $X$, вообще говоря, не следует, что $X$ является компактныл множеством, напр. в пространстве (неметризуемом) $I^{c}$ существует замкнутое (и следовательно бикомпактное) множество, не содержащее никакой нестационарной сходящейся последовательности.</text_orig>
</article>
