<?xml version="1.0" ?>
<article uri="http://libmeta.ru/me/article/1005_REALIZUEMOST" alphabetic_pos="1005">
  <title>РЕАЛИЗУЕМОСТЬ</title>
  <authors>
    <author>В. Е. Плиско</author>
  </authors>
  <pages>
    <start>463</start>
    <end>464</end>
  </pages>
  <literature>
    <literature_orig>Jum.: [1] K l e e n e S. C., «j. Symbolic Logic», 1945, v. 10, пер. с англ., М., 1957; [3] К л и н и С., В е с л и Р , Основания интуиционистской математики..., пер. с англ., $\mathbf{m}, 1978 ;$ [4] Д р а г а ли н А. Г., Математический интуиционизм. Введениев теорию доказательств, М., 1979.</literature_orig>
    <unit>
      <author>Kleene S. C.</author>
      <title>«j. Symbolic Logic»</title>
      <publication/>
      <year>1945</year>
      <other>v. 10, пер. с англ., М., 1957; [3] К л и н и С., В е с л и Р, Основания интуиционистской математики..., пер. с англ., $\mathbf{m}, 1978 ;$ [4] Д р а г а ли н А. Г., Математический интуиционизм. Введениев теорию доказательств, М., 1979.</other>
    </unit>
  </literature>
  <formulas_main/>
  <formulas_aux>
    <formula uri="http://libmeta.ru/me/formula/aux/1005_1_REALIZUEMOST">e</formula>
    <formula uri="http://libmeta.ru/me/formula/aux/1005_2_REALIZUEMOST">f_{»}</formula>
    <formula uri="http://libmeta.ru/me/formula/aux/1005_3_REALIZUEMOST">e r F</formula>
    <formula uri="http://libmeta.ru/me/formula/aux/1005_4_REALIZUEMOST">f</formula>
    <formula uri="http://libmeta.ru/me/formula/aux/1005_5_REALIZUEMOST">f</formula>
    <formula uri="http://libmeta.ru/me/formula/aux/1005_6_REALIZUEMOST">e</formula>
    <formula uri="http://libmeta.ru/me/formula/aux/1005_7_REALIZUEMOST">e r F</formula>
    <formula uri="http://libmeta.ru/me/formula/aux/1005_8_REALIZUEMOST">f</formula>
    <formula uri="http://libmeta.ru/me/formula/aux/1005_9_REALIZUEMOST">x_{1}, \ldots, x_{n}</formula>
    <formula uri="http://libmeta.ru/me/formula/aux/1005_10_REALIZUEMOST">\forall x_{1} \ldots \forall x_{n} F</formula>
    <formula uri="http://libmeta.ru/me/formula/aux/1005_11_REALIZUEMOST">\mathrm{p}</formula>
    <formula uri="http://libmeta.ru/me/formula/aux/1005_12_REALIZUEMOST">\mathrm{p}</formula>
    <formula uri="http://libmeta.ru/me/formula/aux/1005_13_REALIZUEMOST">e</formula>
    <formula uri="http://libmeta.ru/me/formula/aux/1005_14_REALIZUEMOST">f</formula>
    <formula uri="http://libmeta.ru/me/formula/aux/1005_15_REALIZUEMOST">s=t</formula>
    <formula uri="http://libmeta.ru/me/formula/aux/1005_16_REALIZUEMOST">s</formula>
    <formula uri="http://libmeta.ru/me/formula/aux/1005_17_REALIZUEMOST">t</formula>
    <formula uri="http://libmeta.ru/me/formula/aux/1005_18_REALIZUEMOST">e</formula>
    <formula uri="http://libmeta.ru/me/formula/aux/1005_19_REALIZUEMOST">a \vee B</formula>
    <formula uri="http://libmeta.ru/me/formula/aux/1005_20_REALIZUEMOST">\forall x A(x)</formula>
    <formula uri="http://libmeta.ru/me/formula/aux/1005_21_REALIZUEMOST">n</formula>
    <formula uri="http://libmeta.ru/me/formula/aux/1005_22_REALIZUEMOST">a(n)</formula>
    <formula uri="http://libmeta.ru/me/formula/aux/1005_23_REALIZUEMOST">\omega</formula>
    <formula uri="http://libmeta.ru/me/formula/aux/1005_24_REALIZUEMOST">\mathfrak{a}</formula>
    <formula uri="http://libmeta.ru/me/formula/aux/1005_25_REALIZUEMOST">\omega</formula>
    <formula uri="http://libmeta.ru/me/formula/aux/1005_26_REALIZUEMOST">\mathfrak{a}</formula>
    <formula uri="http://libmeta.ru/me/formula/aux/1005_27_REALIZUEMOST">\omega</formula>
    <formula uri="http://libmeta.ru/me/formula/aux/1005_28_REALIZUEMOST">p</formula>
    <formula uri="http://libmeta.ru/me/formula/aux/1005_29_REALIZUEMOST">\mathrm{p}</formula>
  </formulas_aux>
  <relations n="7">
    <relation uri="http://libmeta.ru/me/relation/1005_1_REALIZUEMOST">
      <rel_text>теорий</rel_text>
      <target>http://libmeta.ru/me/article/381_TEORI</target>
    </relation>
    <relation uri="http://libmeta.ru/me/relation/1005_2_REALIZUEMOST">
      <rel_text>доказательств</rel_text>
      <target>http://libmeta.ru/me/article/331_DOKAZATEL'STV</target>
    </relation>
    <relation uri="http://libmeta.ru/me/relation/1005_3_REALIZUEMOST">
      <rel_text>теории</rel_text>
      <target>http://libmeta.ru/me/article/381_TEORI</target>
    </relation>
    <relation uri="http://libmeta.ru/me/relation/1005_4_REALIZUEMOST">
      <rel_text>теорий</rel_text>
      <target>http://libmeta.ru/me/article/381_TEORI</target>
    </relation>
    <relation uri="http://libmeta.ru/me/relation/1005_5_REALIZUEMOST">
      <rel_text>логических</rel_text>
      <target>http://libmeta.ru/me/article/412_LOGISTIK</target>
    </relation>
    <relation uri="http://libmeta.ru/me/relation/1005_6_REALIZUEMOST">
      <rel_text>прежде</rel_text>
      <target>http://libmeta.ru/me/article/585_PREDE</target>
    </relation>
    <relation uri="http://libmeta.ru/me/relation/1005_7_REALIZUEMOST">
      <rel_text>Интерпретации</rel_text>
      <target>http://libmeta.ru/me/article/622_INTEGRIRUGMA</target>
    </relation>
  </relations>
  <text>один из видов неклассич. интерпретаиий логических и логико математических языков. Различные интерпретации типа Р. определяются по следующей схеме. Для формул логико-математич. языка определяется отношение «объект $URI[[http://libmeta.ru/me/formula/aux/1005_1_REALIZUEMOST]]/URI$ реализует замкнутую формулу $URI[[http://libmeta.ru/me/formula/aux/1005_2_REALIZUEMOST]]/URI$, к-рое сокращенно записывается «erf». Определение носит индуктивный характер: сначала отнотение $URI[[http://libmeta.ru/me/formula/aux/1005_3_REALIZUEMOST]]/URI$ определяется для элементарных формул $URI[[http://libmeta.ru/me/formula/aux/1005_4_REALIZUEMOST]]/URI$, а затем для сложных формул в предположении, что для составляюццх их более простых формул это отношение уже определено Замкнутая формула $URI[[http://libmeta.ru/me/formula/aux/1005_5_REALIZUEMOST]]/URI$ наз. р е а л и з у е м о й, или истинной при данной интерпретации, если существует такой объект $URI[[http://libmeta.ru/me/formula/aux/1005_6_REALIZUEMOST]]/URI$, что $URI[[http://libmeta.ru/me/formula/aux/1005_7_REALIZUEMOST]]/URI$. Формула $URI[[http://libmeta.ru/me/formula/aux/1005_8_REALIZUEMOST]]/URI$, содержащая свободные переменные $URI[[http://libmeta.ru/me/formula/aux/1005_9_REALIZUEMOST]]/URI$, считается реализуемой, если реализуема замкнутая формула $URI[[http://libmeta.ru/me/formula/aux/1005_10_REALIZUEMOST]]/URI$.

Впервые интерпретация такого вида, известная как рекурсивная реализуемость, была предложена С. Клини (см. [1], [2]) с целью уточнения интуиционистской (конструктивной) семантики языка формальной арифметики в терминах рекурсивных бункций. Другие понятия $URI[[http://libmeta.ru/me/formula/aux/1005_11_REALIZUEMOST]]/URI$. являются модификациями рекурсивной $URI[[http://libmeta.ru/me/formula/aux/1005_12_REALIZUEMOST]]/URI$.

Интуитивный смысл отношения erf такой: объект $URI[[http://libmeta.ru/me/formula/aux/1005_13_REALIZUEMOST]]/URI$ кодирует информацию об истинности формулы $URI[[http://libmeta.ru/me/formula/aux/1005_14_REALIZUEMOST]]/URI$. Напр., в рекурсивной Р. натуральное число 0 реализует элементарную формулу вида $URI[[http://libmeta.ru/me/formula/aux/1005_15_REALIZUEMOST]]/URI$ тогда и только тогда, когда эта формула верна (т. е. значения термов $URI[[http://libmeta.ru/me/formula/aux/1005_16_REALIZUEMOST]]/URI$ и $URI[[http://libmeta.ru/me/formula/aux/1005_17_REALIZUEMOST]]/URI$ совпадают); если число $URI[[http://libmeta.ru/me/formula/aux/1005_18_REALIZUEMOST]]/URI$ реализует дизъюнкцию $URI[[http://libmeta.ru/me/formula/aux/1005_19_REALIZUEMOST]]/URI$, то по нему можно выяснить, какой ее член реализуем, и найти число, его реализующее; по числу, реализующему формулу $URI[[http://libmeta.ru/me/formula/aux/1005_20_REALIZUEMOST]]/URI$, можно построить алгоритм, к-рый по любому натуральному числу $URI[[http://libmeta.ru/me/formula/aux/1005_21_REALIZUEMOST]]/URI$ строит реализацию формулы $URI[[http://libmeta.ru/me/formula/aux/1005_22_REALIZUEMOST]]/URI$. В качестве реализаций, т. е. объектов, реализующих формулы, чаще всего выступают натуральные числа. Однако при интуиционистской интерпретации языка математич. анализа в качестве реализаций могут использоваться и другие объекты, напр. одноместные теоретико-числовые функции (см , напр., [3]).

Для формул логич. языков, напр. для пропозициональных или предикатных формул, Р. определяется обычно через понятие Р. для того или иного логико-математич. языка $URI[[http://libmeta.ru/me/formula/aux/1005_23_REALIZUEMOST]]/URI$. Логич. формула $URI[[http://libmeta.ru/me/formula/aux/1005_24_REALIZUEMOST]]/URI$ считается реализуемой, если реализуема всякая формула языка $URI[[http://libmeta.ru/me/formula/aux/1005_25_REALIZUEMOST]]/URI$, получающаяся подстановкой в $URI[[http://libmeta.ru/me/formula/aux/1005_26_REALIZUEMOST]]/URI$ формул языка $URI[[http://libmeta.ru/me/formula/aux/1005_27_REALIZUEMOST]]/URI$ вместо предикатных переменных.

URI[[http://libmeta.ru/me/relation/1005_7_REALIZUEMOST]]/URI типа $URI[[http://libmeta.ru/me/formula/aux/1005_28_REALIZUEMOST]]/URI$. нашли широкое применение в исследовании неклассических, URI[[http://libmeta.ru/me/relation/1005_6_REALIZUEMOST]]/URI всего интуиционистских и конструктивных, URI[[http://libmeta.ru/me/relation/1005_5_REALIZUEMOST]]/URI и логикоматематич. URI[[http://libmeta.ru/me/relation/1005_4_REALIZUEMOST]]/URI. Имеется описание различных понятий $URI[[http://libmeta.ru/me/formula/aux/1005_29_REALIZUEMOST]]/URI$. и их применений в URI[[http://libmeta.ru/me/relation/1005_3_REALIZUEMOST]]/URI URI[[http://libmeta.ru/me/relation/1005_2_REALIZUEMOST]]/URI для исследования интуиционистских URI[[http://libmeta.ru/me/relation/1005_1_REALIZUEMOST]]/URI (см. [3], [4]).</text>
  <text_orig>один из видов неклассич. интерпретаиий логических и логико математических языков. Различные интерпретации типа Р. определяются по следующей схеме. Для формул логико-математич. языка определяется отношение «объект $e$ реализует замкнутую формулу $F_{»}$, к-рое сокращенно записывается «erF». Определение носит индуктивный характер: сначала отнотение $e r F$ определяется для элементарных формул $F$, а затем для сложных формул в предположении, что для составляюццх их более простых формул это отношение уже определено Замкнутая формула $F$ наз. р е а л и з у е м о й, или истинной при данной интерпретации, если существует такой объект $e$, что $e r F$. Формула $F$, содержащая свободные переменные $x_{1}, \ldots, x_{n}$, считается реализуемой, если реализуема замкнутая формула $\forall x_{1} \ldots \forall x_{n} F$.

Впервые интерпретация такого вида, известная как рекурсивная реализуемость, была предложена С. Клини (см. [1], [2]) с целью уточнения интуиционистской (конструктивной) семантики языка формальной арифметики в терминах рекурсивных бункций. Другие понятия $\mathrm{P}$. являются модификациями рекурсивной $\mathrm{P}$.

Интуитивный смысл отношения erF такой: объект $e$ кодирует информацию об истинности формулы $F$. Напр., в рекурсивной Р. натуральное число 0 реализует элементарную формулу вида $s=t$ тогда и только тогда, когда эта формула верна (т. е. значения термов $s$ и $t$ совпадают); если число $e$ реализует дизъюнкцию $A \vee B$, то по нему можно выяснить, какой ее член реализуем, и найти число, его реализующее; по числу, реализующему формулу $\forall x A(x)$, можно построить алгоритм, к-рый по любому натуральному числу $n$ строит реализацию формулы $A(n)$. В качестве реализаций, т. е. объектов, реализующих формулы, чаще всего выступают натуральные числа. Однако при интуиционистской интерпретации языка математич. анализа в качестве реализаций могут использоваться и другие объекты, напр. одноместные теоретико-числовые функции (см , напр., [3]).

Для формул логич. языков, напр. для пропозициональных или предикатных формул, Р. определяется обычно через понятие Р. для того или иного логико-математич. языка $\Omega$. Логич. формула $\mathfrak{A}$ считается реализуемой, если реализуема всякая формула языка $\Omega$, получающаяся подстановкой в $\mathfrak{A}$ формул языка $\Omega$ вместо предикатных переменных.

Интерпретации типа $P$. нашли широкое применение в исследовании неклассических, прежде всего интуиционистских и конструктивных, логических и логикоматематич. теорий. Имеется описание различных понятий $\mathrm{P}$. и их применений в теории доказательств для исследования интуиционистских теорий (см. [3], [4]). Jum.: [1] K l e e n e S. C., «J. Symbolic Logic», 1945, v. 10, пер. с англ., М., 1957; [3] К л и н и С., В е с л и Р , Основания интуиционистской математики..., пер. с англ., $\mathbf{M}, 1978 ;$ [4] Д р а г а ли н А. Г., Математический интуиционизм. Введение
в теорию доказательств, М., 1979.
В. Е. Плиско.</text_orig>
</article>
