<?xml version="1.0" ?>
<article uri="http://libmeta.ru/me/article/1006_NETEROVO" alphabetic_pos="1006">
  <title>НЕТЕРОВО КОЛЬЦО</title>
  <authors>
    <author>Л. В. Кузъмин</author>
  </authors>
  <pages>
    <start>515</start>
    <end>515</end>
  </pages>
  <literature>
    <literature_orig>Лит.: [1] В а н д е p В а р д е н Б. Л., Алгебра, пер. с![](https://cdn.mathpix.com/cropped/2023_07_08_2f2b6d34838d22cda852g-1.jpg?height=47&amp;width=838&amp;top_left_y=1412&amp;top_left_x=985)пер. с англ., т. 1, М., $1977 . \quad$</literature_orig>
    <unit>
      <author>Вандеp Варден Б. Л.</author>
      <title>Алгебра</title>
      <publication/>
      <year>2023</year>
      <other>т. 1, М., $1977 . \quad$</other>
    </unit>
  </literature>
  <formulas_main/>
  <formulas_aux>
    <formula uri="http://libmeta.ru/me/formula/aux/1006_1_NETEROVO">a</formula>
    <formula uri="http://libmeta.ru/me/formula/aux/1006_2_NETEROVO">a</formula>
    <formula uri="http://libmeta.ru/me/formula/aux/1006_3_NETEROVO">a</formula>
    <formula uri="http://libmeta.ru/me/formula/aux/1006_4_NETEROVO">a</formula>
    <formula uri="http://libmeta.ru/me/formula/aux/1006_5_NETEROVO">a</formula>
    <formula uri="http://libmeta.ru/me/formula/aux/1006_6_NETEROVO">\left\|\begin{array}{ll}a &amp; \alpha \\ 0 &amp; \beta\end{array}\right\|</formula>
    <formula uri="http://libmeta.ru/me/formula/aux/1006_7_NETEROVO">a</formula>
    <formula uri="http://libmeta.ru/me/formula/aux/1006_8_NETEROVO">\alpha, \beta-</formula>
    <formula uri="http://libmeta.ru/me/formula/aux/1006_9_NETEROVO">a</formula>
    <formula uri="http://libmeta.ru/me/formula/aux/1006_10_NETEROVO">\left\|\begin{array}{ll}0 &amp; \alpha \\ 0 &amp; 0\end{array}\right\|</formula>
    <formula uri="http://libmeta.ru/me/formula/aux/1006_11_NETEROVO">a</formula>
    <formula uri="http://libmeta.ru/me/formula/aux/1006_12_NETEROVO">a[x]</formula>
    <formula uri="http://libmeta.ru/me/formula/aux/1006_13_NETEROVO">k\left[x_{1}, \ldots, X_{n}\right]</formula>
    <formula uri="http://libmeta.ru/me/formula/aux/1006_14_NETEROVO">\mathbb{z}\left[x_{1}, \ldots, X_{n}\right]</formula>
    <formula uri="http://libmeta.ru/me/formula/aux/1006_15_NETEROVO">k</formula>
    <formula uri="http://libmeta.ru/me/formula/aux/1006_16_NETEROVO">\mathbb{z}</formula>
    <formula uri="http://libmeta.ru/me/formula/aux/1006_17_NETEROVO">a</formula>
    <formula uri="http://libmeta.ru/me/formula/aux/1006_18_NETEROVO">s</formula>
    <formula uri="http://libmeta.ru/me/formula/aux/1006_19_NETEROVO">a</formula>
    <formula uri="http://libmeta.ru/me/formula/aux/1006_20_NETEROVO">\mathfrak{m}</formula>
    <formula uri="http://libmeta.ru/me/formula/aux/1006_21_NETEROVO">1+m</formula>
    <formula uri="http://libmeta.ru/me/formula/aux/1006_22_NETEROVO">\mathfrak{m} \in \mathfrak{m}</formula>
    <formula uri="http://libmeta.ru/me/formula/aux/1006_23_NETEROVO">\bigcap_{k=1} \mathfrak{m}^{k}=0</formula>
    <formula uri="http://libmeta.ru/me/formula/aux/1006_24_NETEROVO">\mathfrak{m}</formula>
    <formula uri="http://libmeta.ru/me/formula/aux/1006_25_NETEROVO">a</formula>
    <formula uri="http://libmeta.ru/me/formula/aux/1006_26_NETEROVO">\mathfrak{m}</formula>
    <formula uri="http://libmeta.ru/me/formula/aux/1006_27_NETEROVO">\mathrm{c}</formula>
  </formulas_aux>
  <relations n="28">
    <relation uri="http://libmeta.ru/me/relation/1006_1_NETEROVO">
      <rel_text>множество</rel_text>
      <target>http://libmeta.ru/me/article/733_MNOZhESTV</target>
    </relation>
    <relation uri="http://libmeta.ru/me/relation/1006_2_NETEROVO">
      <rel_text>представлении</rel_text>
      <target>http://libmeta.ru/me/article/3_PREDSTAVLENI</target>
    </relation>
    <relation uri="http://libmeta.ru/me/relation/1006_3_NETEROVO">
      <rel_text>число</rel_text>
      <target>http://libmeta.ru/me/article/1009_ChISL</target>
    </relation>
    <relation uri="http://libmeta.ru/me/relation/1006_4_NETEROVO">
      <rel_text>представление</rel_text>
      <target>http://libmeta.ru/me/article/3_PREDSTAVLENI</target>
    </relation>
    <relation uri="http://libmeta.ru/me/relation/1006_5_NETEROVO">
      <rel_text>пересечения</rel_text>
      <target>http://libmeta.ru/me/article/222_PEREGÓROD</target>
    </relation>
    <relation uri="http://libmeta.ru/me/relation/1006_6_NETEROVO">
      <rel_text>представим</rel_text>
      <target>http://libmeta.ru/me/article/605_PREDNORM</target>
    </relation>
    <relation uri="http://libmeta.ru/me/relation/1006_7_NETEROVO">
      <rel_text>идеал</rel_text>
      <target>http://libmeta.ru/me/article/484_IDEA</target>
    </relation>
    <relation uri="http://libmeta.ru/me/relation/1006_8_NETEROVO">
      <rel_text>идеал</rel_text>
      <target>http://libmeta.ru/me/article/484_IDEA</target>
    </relation>
    <relation uri="http://libmeta.ru/me/relation/1006_9_NETEROVO">
      <rel_text>делителями</rel_text>
      <target>http://libmeta.ru/me/article/101_DELIMOST</target>
    </relation>
    <relation uri="http://libmeta.ru/me/relation/1006_10_NETEROVO">
      <rel_text>мультипликативной системы</rel_text>
      <target>http://libmeta.ru/me/article/815_MUL'TIPLIKATIVNAJa</target>
    </relation>
    <relation uri="http://libmeta.ru/me/relation/1006_11_NETEROVO">
      <rel_text>коммутативного</rel_text>
      <target>http://libmeta.ru/me/article/997_KOMMUTATIVNOST</target>
    </relation>
    <relation uri="http://libmeta.ru/me/relation/1006_12_NETEROVO">
      <rel_text>кольцо</rel_text>
      <target>http://libmeta.ru/me/article/1000_KOL'Ts</target>
    </relation>
    <relation uri="http://libmeta.ru/me/relation/1006_13_NETEROVO">
      <rel_text>факторкольца</rel_text>
      <target>http://libmeta.ru/me/article/664_FAKTORIZATsI</target>
    </relation>
    <relation uri="http://libmeta.ru/me/relation/1006_14_NETEROVO">
      <rel_text>кольцо</rel_text>
      <target>http://libmeta.ru/me/article/1000_KOL'Ts</target>
    </relation>
    <relation uri="http://libmeta.ru/me/relation/1006_15_NETEROVO">
      <rel_text>поле</rel_text>
      <target>http://libmeta.ru/me/article/390_POL</target>
    </relation>
    <relation uri="http://libmeta.ru/me/relation/1006_16_NETEROVO">
      <rel_text>многочленов</rel_text>
      <target>http://libmeta.ru/me/article/438_MNOGOOBRAZI</target>
    </relation>
    <relation uri="http://libmeta.ru/me/relation/1006_17_NETEROVO">
      <rel_text>кольца</rel_text>
      <target>http://libmeta.ru/me/article/1000_KOL'Ts</target>
    </relation>
    <relation uri="http://libmeta.ru/me/relation/1006_18_NETEROVO">
      <rel_text>формальных</rel_text>
      <target>http://libmeta.ru/me/article/731_FORMALIZ</target>
    </relation>
    <relation uri="http://libmeta.ru/me/relation/1006_19_NETEROVO">
      <rel_text>кольца</rel_text>
      <target>http://libmeta.ru/me/article/1000_KOL'Ts</target>
    </relation>
    <relation uri="http://libmeta.ru/me/relation/1006_20_NETEROVO">
      <rel_text>многочленов</rel_text>
      <target>http://libmeta.ru/me/article/438_MNOGOOBRAZI</target>
    </relation>
    <relation uri="http://libmeta.ru/me/relation/1006_21_NETEROVO">
      <rel_text>кольцо</rel_text>
      <target>http://libmeta.ru/me/article/1000_KOL'Ts</target>
    </relation>
    <relation uri="http://libmeta.ru/me/relation/1006_22_NETEROVO">
      <rel_text>кольцо</rel_text>
      <target>http://libmeta.ru/me/article/1000_KOL'Ts</target>
    </relation>
    <relation uri="http://libmeta.ru/me/relation/1006_23_NETEROVO">
      <rel_text>поле</rel_text>
      <target>http://libmeta.ru/me/article/390_POL</target>
    </relation>
    <relation uri="http://libmeta.ru/me/relation/1006_24_NETEROVO">
      <rel_text>переменных</rel_text>
      <target>http://libmeta.ru/me/article/222_PEREGÓROD</target>
    </relation>
    <relation uri="http://libmeta.ru/me/relation/1006_25_NETEROVO">
      <rel_text>многочленов</rel_text>
      <target>http://libmeta.ru/me/article/438_MNOGOOBRAZI</target>
    </relation>
    <relation uri="http://libmeta.ru/me/relation/1006_26_NETEROVO">
      <rel_text>кольцо</rel_text>
      <target>http://libmeta.ru/me/article/1000_KOL'Ts</target>
    </relation>
    <relation uri="http://libmeta.ru/me/relation/1006_27_NETEROVO">
      <rel_text>прямая сумма</rel_text>
      <target>http://libmeta.ru/me/article/761_PRJaMAJa</target>
    </relation>
    <relation uri="http://libmeta.ru/me/relation/1006_28_NETEROVO">
      <rel_text>Факторкольцо</rel_text>
      <target>http://libmeta.ru/me/article/664_FAKTORIZATsI</target>
    </relation>
  </relations>
  <text>л е в е (п р а в о е) - кольцо $URI[[http://libmeta.ru/me/formula/aux/1006_1_NETEROVO]]/URI$, удовлетворяющее одному из следующих әквивалентных условий:

1) $URI[[http://libmeta.ru/me/formula/aux/1006_2_NETEROVO]]/URI$ - левый (правый) нётеров модуль над собой;

2) любой левый (правый) идеал в $URI[[http://libmeta.ru/me/formula/aux/1006_3_NETEROVO]]/URI$ имеет конечный базис;

3) любая строго возрастающая цепочка левых (правых) идеалов в $URI[[http://libmeta.ru/me/formula/aux/1006_4_NETEROVO]]/URI$ обрывается на конечном номере.

Примером Н. к. может служить любое кольцо главных идеалов, в к-рых любой идеал имеет одну образуюпшу10. Н. к. названы по имени Э. Нётер (е. Noether), систематически исследовавшей такие колыца и перенесшей на них ряд результатов, известных ранее только при более жестких ограничениях (напр., теорию примарного разложения गаскера).

Кольцо нётерово справа не обязано быть нётеровым слева п наоборот. Напр., пусть $URI[[http://libmeta.ru/me/formula/aux/1006_5_NETEROVO]]/URI$ - кольцо матриц вида $URI[[http://libmeta.ru/me/formula/aux/1006_6_NETEROVO]]/URI$, где $URI[[http://libmeta.ru/me/formula/aux/1006_7_NETEROVO]]/URI$ - целое рациональное чісло и $URI[[http://libmeta.ru/me/formula/aux/1006_8_NETEROVO]]/URI$ рајиональные числа с обычным сложением и умножением. Тогда $URI[[http://libmeta.ru/me/formula/aux/1006_9_NETEROVO]]/URI$ нётерово справа, но не нётерово слева, т. к. левый идеал әлементов вида $URI[[http://libmeta.ru/me/formula/aux/1006_10_NETEROVO]]/URI$ не имеет конечного базиса.

URI[[http://libmeta.ru/me/relation/1006_28_NETEROVO]]/URI и конечная URI[[http://libmeta.ru/me/relation/1006_27_NETEROVO]]/URI Н. к. снова нётеровы, но подкольцо Н. к. может не быть нётеровым. Напр., URI[[http://libmeta.ru/me/relation/1006_26_NETEROVO]]/URI URI[[http://libmeta.ru/me/relation/1006_25_NETEROVO]]/URI над нек-рым полем от бесконечного числа URI[[http://libmeta.ru/me/relation/1006_24_NETEROVO]]/URI не является нётеровым, хотя оно содержится в своем URI[[http://libmeta.ru/me/relation/1006_23_NETEROVO]]/URI частных, к-рое нётерово.

Если $URI[[http://libmeta.ru/me/formula/aux/1006_11_NETEROVO]]/URI$ - нётерово слева URI[[http://libmeta.ru/me/relation/1006_22_NETEROVO]]/URI, то URI[[http://libmeta.ru/me/relation/1006_21_NETEROVO]]/URI URI[[http://libmeta.ru/me/relation/1006_20_NETEROVO]]/URI $URI[[http://libmeta.ru/me/formula/aux/1006_12_NETEROVO]]/URI$ также нётерово слева. Аналогичное свойсгво справедливо и для URI[[http://libmeta.ru/me/relation/1006_19_NETEROVO]]/URI URI[[http://libmeta.ru/me/relation/1006_18_NETEROVO]]/URI степенных рядов над Н. к. В частности, URI[[http://libmeta.ru/me/relation/1006_17_NETEROVO]]/URI URI[[http://libmeta.ru/me/relation/1006_16_NETEROVO]]/URI вида $URI[[http://libmeta.ru/me/formula/aux/1006_13_NETEROVO]]/URI$ или $URI[[http://libmeta.ru/me/formula/aux/1006_14_NETEROVO]]/URI$, где $URI[[http://libmeta.ru/me/formula/aux/1006_15_NETEROVO]]/URI$ - нек-рое URI[[http://libmeta.ru/me/relation/1006_15_NETEROVO]]/URI, а $URI[[http://libmeta.ru/me/formula/aux/1006_16_NETEROVO]]/URI$ - URI[[http://libmeta.ru/me/relation/1006_14_NETEROVO]]/URI целых чисел, а также любые их URI[[http://libmeta.ru/me/relation/1006_13_NETEROVO]]/URI являются нётеровыми. Любое артиново URI[[http://libmeta.ru/me/relation/1006_12_NETEROVO]]/URI нётерово. Јокализация URI[[http://libmeta.ru/me/relation/1006_11_NETEROVO]]/URI Н. к. $URI[[http://libmeta.ru/me/formula/aux/1006_17_NETEROVO]]/URI$ относительно нек-рой URI[[http://libmeta.ru/me/relation/1006_10_NETEROVO]]/URI $URI[[http://libmeta.ru/me/formula/aux/1006_18_NETEROVO]]/URI$ снова является Н. к. В коммутативном Н. к. $URI[[http://libmeta.ru/me/formula/aux/1006_19_NETEROVO]]/URI$ для любого идеала $URI[[http://libmeta.ru/me/formula/aux/1006_20_NETEROVO]]/URI$ такого, что все әлементы вида $URI[[http://libmeta.ru/me/formula/aux/1006_21_NETEROVO]]/URI$, где $URI[[http://libmeta.ru/me/formula/aux/1006_22_NETEROVO]]/URI$, не являются URI[[http://libmeta.ru/me/relation/1006_9_NETEROVO]]/URI нуля, выполняется соотношение $URI[[http://libmeta.ru/me/formula/aux/1006_23_NETEROVO]]/URI$. Әто соотношение означает, что любой такой URI[[http://libmeta.ru/me/relation/1006_8_NETEROVO]]/URI $URI[[http://libmeta.ru/me/formula/aux/1006_24_NETEROVO]]/URI$ определяет на $URI[[http://libmeta.ru/me/formula/aux/1006_25_NETEROVO]]/URI$ отделимую $URI[[http://libmeta.ru/me/formula/aux/1006_26_NETEROVO]]/URI$-адическую топологию. В коммутативном Н. к. любой URI[[http://libmeta.ru/me/relation/1006_7_NETEROVO]]/URI URI[[http://libmeta.ru/me/relation/1006_6_NETEROVO]]/URI в виде несократимого URI[[http://libmeta.ru/me/relation/1006_5_NETEROVO]]/URI конечного числа примарных идеалов. Хотя такое URI[[http://libmeta.ru/me/relation/1006_4_NETEROVO]]/URI не отнозначно, но однозначно определены URI[[http://libmeta.ru/me/relation/1006_3_NETEROVO]]/URI идеалов в URI[[http://libmeta.ru/me/relation/1006_2_NETEROVO]]/URI и URI[[http://libmeta.ru/me/relation/1006_1_NETEROVO]]/URI простых идеалов, ассоциированных $URI[[http://libmeta.ru/me/formula/aux/1006_27_NETEROVO]]/URI$ данными примарными идеалами.</text>
  <text_orig>л е в е (п р а в о е) - кольцо $A$, удовлетворяющее одному из следующих әквивалентных условий:

1) $A$ - левый (правый) нётеров модуль над собой;

2) любой левый (правый) идеал в $A$ имеет конечный базис;

3) любая строго возрастающая цепочка левых (правых) идеалов в $A$ обрывается на конечном номере.

Примером Н. к. может служить любое кольцо главных идеалов, в к-рых любой идеал имеет одну образуюпшу10. Н. к. названы по имени Э. Нётер (Е. Noether), систематически исследовавшей такие колыца и перенесшей на них ряд результатов, известных ранее только при более жестких ограничениях (напр., теорию примарного разложения गаскера).

Кольцо нётерово справа не обязано быть нётеровым слева п наоборот. Напр., пусть $A$ - кольцо матриц вида $\left\|\begin{array}{ll}a &amp; \alpha \\ 0 &amp; \beta\end{array}\right\|$, где $a$ - целое рациональное чісло и $\alpha, \beta-$ рајиональные числа с обычным сложением и умножением. Тогда $A$ нётерово справа, но не нётерово слева, т. к. левый идеал әлементов вида $\left\|\begin{array}{ll}0 &amp; \alpha \\ 0 &amp; 0\end{array}\right\|$ не имеет конечного базиса.

Факторкольцо и конечная прямая сумма Н. к. снова нётеровы, но подкольцо Н. к. может не быть нётеровым. Напр., кольцо многочленов над нек-рым полем от бесконечного числа переменных не является нётеровым, хотя оно содержится в своем поле частных, к-рое нётерово.

Если $A$ - нётерово слева кольцо, то кольцо многочленов $A[x]$ также нётерово слева. Аналогичное свойсгво справедливо и для кольца формальных степенных рядов над Н. к. В частности, кольца многочленов вида $K\left[X_{1}, \ldots, X_{n}\right]$ или $\mathbb{Z}\left[X_{1}, \ldots, X_{n}\right]$, где $K$ - нек-рое поле, а $\mathbb{Z}$ - кольцо целых чисел, а также любые их факторкольца являются нётеровыми. Любое артиново кольцо нётерово. Јокализация коммутативного Н. к. $A$ относительно нек-рой мультипликативной системы $S$ снова является Н. к. В коммутативном Н. к. $A$ для любого идеала $\mathfrak{m}$ такого, что все әлементы вида $1+m$, где $\mathfrak{m} \in \mathfrak{m}$, не являются делителями нуля, выполняется соотношение $\bigcap_{k=1} \mathfrak{m}^{k}=0$. Әто соотношение означает, что любой такой идеал $\mathfrak{m}$ определяет на $A$ отделимую $\mathfrak{m}$-адическую топологию. В коммутативном Н. к. любой идеал представим в виде несократимого пересечения конечного числа примарных идеалов. Хотя такое представление не отнозначно, но однозначно определены число идеалов в представлении и множество простых идеалов, ассоциированных $\mathrm{c}$ данными примарными идеалами.

Лит.: [1] В а н д е p В а р д е н Б. Л., Алгебра, пер. с

![](https://cdn.mathpix.com/cropped/2023_07_08_2f2b6d34838d22cda852g-1.jpg?height=47&amp;width=838&amp;top_left_y=1412&amp;top_left_x=985)
пер. с англ., т. 1, М., $1977 . \quad$ Л. В. Кузъмин.</text_orig>
</article>
