<?xml version="1.0" ?>
<article uri="http://libmeta.ru/me/article/1006_PEBPO" alphabetic_pos="1006">
  <title>PEБPO м н о г о г p а н н и к а</title>
  <authors/>
  <pages>
    <start>464</start>
    <end>464</end>
  </pages>
  <literature>
    <literature_orig/>
  </literature>
  <formulas_main/>
  <formulas_aux/>
  <relations n="1">
    <relation uri="http://libmeta.ru/me/relation/1006_1_PEBPO">
      <rel_text>многогранника</rel_text>
      <target>http://libmeta.ru/me/article/438_MNOGOOBRAZI</target>
    </relation>
  </relations>
  <text>сторона грани URI[[http://libmeta.ru/me/relation/1006_1_PEBPO]]/URI.</text>
  <text_orig>сторона грани многогранника.</text_orig>
</article>
