<?xml version="1.0" ?>
<article uri="http://libmeta.ru/me/article/1007_REGRESSII" alphabetic_pos="1007">
  <title>РЕГРЕССИИ КОЭФФИЦИЕНТ</title>
  <authors/>
  <pages>
    <start>464</start>
    <end>464</end>
  </pages>
  <literature>
    <literature_orig/>
  </literature>
  <formulas_main>
    <formula uri="http://libmeta.ru/me/formula/main/1007_1_REGRESSII">\beta_{0}=m_{2}-\rho \frac{\sigma_{2}}{\sigma_{1}} m_{1}, \beta_{1}=\rho \frac{\sigma_{2}}{\sigma_{1}},</formula>
  </formulas_main>
  <formulas_aux>
    <formula uri="http://libmeta.ru/me/formula/aux/1007_1_REGRESSII">e(y \mid X=x)=</formula>
    <formula uri="http://libmeta.ru/me/formula/aux/1007_2_REGRESSII">=\beta_{0}+\beta_{1} x</formula>
    <formula uri="http://libmeta.ru/me/formula/aux/1007_3_REGRESSII">y</formula>
    <formula uri="http://libmeta.ru/me/formula/aux/1007_4_REGRESSII">x</formula>
    <formula uri="http://libmeta.ru/me/formula/aux/1007_5_REGRESSII">\beta_{0}</formula>
    <formula uri="http://libmeta.ru/me/formula/aux/1007_6_REGRESSII">\beta_{1}</formula>
    <formula uri="http://libmeta.ru/me/formula/aux/1007_7_REGRESSII">\rho</formula>
    <formula uri="http://libmeta.ru/me/formula/aux/1007_8_REGRESSII">x</formula>
    <formula uri="http://libmeta.ru/me/formula/aux/1007_9_REGRESSII">y, m_{1}=\mathrm{E} X</formula>
    <formula uri="http://libmeta.ru/me/formula/aux/1007_10_REGRESSII">m_{2}=\mathrm{e} Y, \quad \sigma_{1}^{2}=\mathrm{D} X, \quad \sigma_{2}^{2}=\mathrm{D} Y</formula>
  </formulas_aux>
  <relations n="9">
    <relation uri="http://libmeta.ru/me/relation/1007_1_REGRESSII">
      <rel_text>регрессионного анализа</rel_text>
      <target>http://libmeta.ru/me/article/1011_REGRESSIONNYI</target>
    </relation>
    <relation uri="http://libmeta.ru/me/relation/1007_2_REGRESSII">
      <rel_text>задача</rel_text>
      <target>http://libmeta.ru/me/article/10_ZAdAch</target>
    </relation>
    <relation uri="http://libmeta.ru/me/relation/1007_3_REGRESSII">
      <rel_text>Вычисление</rel_text>
      <target>http://libmeta.ru/me/article/894_VYChITANI</target>
    </relation>
    <relation uri="http://libmeta.ru/me/relation/1007_4_REGRESSII">
      <rel_text>случайные величины</rel_text>
      <target>http://libmeta.ru/me/article/1_SLUChAINAJa</target>
    </relation>
    <relation uri="http://libmeta.ru/me/relation/1007_5_REGRESSII">
      <rel_text>регрессии</rel_text>
      <target>http://libmeta.ru/me/article/1012_REGRESSI</target>
    </relation>
    <relation uri="http://libmeta.ru/me/relation/1007_6_REGRESSII">
      <rel_text>уравнении</rel_text>
      <target>http://libmeta.ru/me/article/106_URAVNENI</target>
    </relation>
    <relation uri="http://libmeta.ru/me/relation/1007_7_REGRESSII">
      <rel_text>регрессии</rel_text>
      <target>http://libmeta.ru/me/article/1012_REGRESSI</target>
    </relation>
    <relation uri="http://libmeta.ru/me/relation/1007_8_REGRESSII">
      <rel_text>уравнении</rel_text>
      <target>http://libmeta.ru/me/article/106_URAVNENI</target>
    </relation>
    <relation uri="http://libmeta.ru/me/relation/1007_9_REGRESSII">
      <rel_text>переменной</rel_text>
      <target>http://libmeta.ru/me/article/222_PEREGÓROD</target>
    </relation>
  </relations>
  <text>коәффициент прi независимой URI[[http://libmeta.ru/me/relation/1007_9_REGRESSII]]/URI в URI[[http://libmeta.ru/me/relation/1007_8_REGRESSII]]/URI URI[[http://libmeta.ru/me/relation/1007_7_REGRESSII]]/URI. Так, напр., в URI[[http://libmeta.ru/me/relation/1007_6_REGRESSII]]/URI линейной URI[[http://libmeta.ru/me/relation/1007_5_REGRESSII]]/URI $URI[[http://libmeta.ru/me/formula/aux/1007_1_REGRESSII]]/URI$ $URI[[http://libmeta.ru/me/formula/aux/1007_2_REGRESSII]]/URI$, связывающей URI[[http://libmeta.ru/me/relation/1007_4_REGRESSII]]/URI $URI[[http://libmeta.ru/me/formula/aux/1007_3_REGRESSII]]/URI$ и $URI[[http://libmeta.ru/me/formula/aux/1007_4_REGRESSII]]/URI$, Р.к. $URI[[http://libmeta.ru/me/formula/aux/1007_5_REGRESSII]]/URI$ и $URI[[http://libmeta.ru/me/formula/aux/1007_6_REGRESSII]]/URI$ равны:

\[
URI[[http://libmeta.ru/me/formula/main/1007_1_REGRESSII]]/URI
\]

где $URI[[http://libmeta.ru/me/formula/aux/1007_7_REGRESSII]]/URI$-корреляции коәффициент $URI[[http://libmeta.ru/me/formula/aux/1007_8_REGRESSII]]/URI$ и $URI[[http://libmeta.ru/me/formula/aux/1007_9_REGRESSII]]/URI$, $URI[[http://libmeta.ru/me/formula/aux/1007_10_REGRESSII]]/URI$. URI[[http://libmeta.ru/me/relation/1007_3_REGRESSII]]/URI оценок Р.к. (вы б о ро ч ных Р. к.) - основная URI[[http://libmeta.ru/me/relation/1007_2_REGRESSII]]/URI URI[[http://libmeta.ru/me/relation/1007_1_REGRESSII]]/URI.</text>
  <text_orig>коәффициент прI независимой переменной в уравнении регрессии. Так, напр., в уравнении линейной регрессии $E(Y \mid X=x)=$ $=\beta_{0}+\beta_{1} x$, связывающей случайные величины $Y$ и $X$, Р.к. $\beta_{0}$ и $\beta_{1}$ равны:

\[
\beta_{0}=m_{2}-\rho \frac{\sigma_{2}}{\sigma_{1}} m_{1}, \beta_{1}=\rho \frac{\sigma_{2}}{\sigma_{1}},
\]

где $\rho$-корреляции коәффициент $X$ и $Y, m_{1}=\mathrm{E} X$, $m_{2}=\mathrm{E} Y, \quad \sigma_{1}^{2}=\mathrm{D} X, \quad \sigma_{2}^{2}=\mathrm{D} Y$. Вычисление оценок Р.к. (вы б о ро ч ных Р. к.) - основная задача регрессионного анализа.</text_orig>
</article>
