<?xml version="1.0" ?>
<article uri="http://libmeta.ru/me/article/1008_NEFORMAL'NYI" alphabetic_pos="1008">
  <title>НЕФОРМАЛЬНЫИ АКСИОМАТИЧЕСКИИ МЕТОД</title>
  <authors/>
  <pages>
    <start>515</start>
    <end>516</end>
  </pages>
  <literature>
    <literature_orig>Лит.: [1] $\gamma$ и ль б е р т Д., Основания геометрии, пер. с нем., М. - Л., 1948; [2] $\gamma$ и ль б е р т Д., Б е р н а й с П., Основания математики. Логические исчисления и формализация</literature_orig>
    <unit>
      <author>$\gamma$ильберт Д.</author>
      <title>Основания геометрии</title>
      <publication>пер. с нем., М. - Л.</publication>
      <year>1948</year>
      <other/>
    </unit>
    <unit>
      <author>$\gamma$ильберт Д.</author>
      <author>Бернайс П.</author>
      <title/>
      <publication/>
      <year/>
      <other>Основания математики. Логические исчисления и формализация</other>
    </unit>
  </literature>
  <formulas_main/>
  <formulas_aux/>
  <relations n="28">
    <relation uri="http://libmeta.ru/me/relation/1008_1_NEFORMAL'NYI">
      <rel_text>Аксиоматический метод</rel_text>
      <target>http://libmeta.ru/me/article/90_AKSIOMATIChESKII</target>
    </relation>
    <relation uri="http://libmeta.ru/me/relation/1008_2_NEFORMAL'NYI">
      <rel_text>аксиоматикой</rel_text>
      <target>http://libmeta.ru/me/article/659_VEKTORNO-TOChEChNAJa</target>
    </relation>
    <relation uri="http://libmeta.ru/me/relation/1008_3_NEFORMAL'NYI">
      <rel_text>системы</rel_text>
      <target>http://libmeta.ru/me/article/350_SISTEM</target>
    </relation>
    <relation uri="http://libmeta.ru/me/relation/1008_4_NEFORMAL'NYI">
      <rel_text>теории</rel_text>
      <target>http://libmeta.ru/me/article/381_TEORI</target>
    </relation>
    <relation uri="http://libmeta.ru/me/relation/1008_5_NEFORMAL'NYI">
      <rel_text>подгруппы</rel_text>
      <target>http://libmeta.ru/me/article/353_PODGRUPP</target>
    </relation>
    <relation uri="http://libmeta.ru/me/relation/1008_6_NEFORMAL'NYI">
      <rel_text>предикатов</rel_text>
      <target>http://libmeta.ru/me/article/605_PREDNORM</target>
    </relation>
    <relation uri="http://libmeta.ru/me/relation/1008_7_NEFORMAL'NYI">
      <rel_text>исчисления</rel_text>
      <target>http://libmeta.ru/me/article/686_ISChISLENI</target>
    </relation>
    <relation uri="http://libmeta.ru/me/relation/1008_8_NEFORMAL'NYI">
      <rel_text>теорию</rel_text>
      <target>http://libmeta.ru/me/article/381_TEORI</target>
    </relation>
    <relation uri="http://libmeta.ru/me/relation/1008_9_NEFORMAL'NYI">
      <rel_text>получают</rel_text>
      <target>http://libmeta.ru/me/article/473_POLUNORM</target>
    </relation>
    <relation uri="http://libmeta.ru/me/relation/1008_10_NEFORMAL'NYI">
      <rel_text>теории</rel_text>
      <target>http://libmeta.ru/me/article/381_TEORI</target>
    </relation>
    <relation uri="http://libmeta.ru/me/relation/1008_11_NEFORMAL'NYI">
      <rel_text>предикатов</rel_text>
      <target>http://libmeta.ru/me/article/605_PREDNORM</target>
    </relation>
    <relation uri="http://libmeta.ru/me/relation/1008_12_NEFORMAL'NYI">
      <rel_text>исчисления</rel_text>
      <target>http://libmeta.ru/me/article/686_ISChISLENI</target>
    </relation>
    <relation uri="http://libmeta.ru/me/relation/1008_13_NEFORMAL'NYI">
      <rel_text>объекта</rel_text>
      <target>http://libmeta.ru/me/article/1156_OB'EK</target>
    </relation>
    <relation uri="http://libmeta.ru/me/relation/1008_14_NEFORMAL'NYI">
      <rel_text>теории</rel_text>
      <target>http://libmeta.ru/me/article/381_TEORI</target>
    </relation>
    <relation uri="http://libmeta.ru/me/relation/1008_15_NEFORMAL'NYI">
      <rel_text>получают</rel_text>
      <target>http://libmeta.ru/me/article/473_POLUNORM</target>
    </relation>
    <relation uri="http://libmeta.ru/me/relation/1008_16_NEFORMAL'NYI">
      <rel_text>доказательствах</rel_text>
      <target>http://libmeta.ru/me/article/331_DOKAZATEL'STV</target>
    </relation>
    <relation uri="http://libmeta.ru/me/relation/1008_17_NEFORMAL'NYI">
      <rel_text>средства</rel_text>
      <target>http://libmeta.ru/me/article/165_SREDNE</target>
    </relation>
    <relation uri="http://libmeta.ru/me/relation/1008_18_NEFORMAL'NYI">
      <rel_text>средств</rel_text>
      <target>http://libmeta.ru/me/article/165_SREDNE</target>
    </relation>
    <relation uri="http://libmeta.ru/me/relation/1008_19_NEFORMAL'NYI">
      <rel_text>доказательства</rel_text>
      <target>http://libmeta.ru/me/article/331_DOKAZATEL'STV</target>
    </relation>
    <relation uri="http://libmeta.ru/me/relation/1008_20_NEFORMAL'NYI">
      <rel_text>средств</rel_text>
      <target>http://libmeta.ru/me/article/165_SREDNE</target>
    </relation>
    <relation uri="http://libmeta.ru/me/relation/1008_21_NEFORMAL'NYI">
      <rel_text>системы</rel_text>
      <target>http://libmeta.ru/me/article/350_SISTEM</target>
    </relation>
    <relation uri="http://libmeta.ru/me/relation/1008_22_NEFORMAL'NYI">
      <rel_text>формальной</rel_text>
      <target>http://libmeta.ru/me/article/731_FORMALIZ</target>
    </relation>
    <relation uri="http://libmeta.ru/me/relation/1008_23_NEFORMAL'NYI">
      <rel_text>системы</rel_text>
      <target>http://libmeta.ru/me/article/350_SISTEM</target>
    </relation>
    <relation uri="http://libmeta.ru/me/relation/1008_24_NEFORMAL'NYI">
      <rel_text>аксиомах</rel_text>
      <target>http://libmeta.ru/me/article/87_AKSIoM</target>
    </relation>
    <relation uri="http://libmeta.ru/me/relation/1008_25_NEFORMAL'NYI">
      <rel_text>рассуждений</rel_text>
      <target>http://libmeta.ru/me/article/973_RASSLOENI</target>
    </relation>
    <relation uri="http://libmeta.ru/me/relation/1008_26_NEFORMAL'NYI">
      <rel_text>связанные</rel_text>
      <target>http://libmeta.ru/me/article/1233_SvJaZNOSt</target>
    </relation>
    <relation uri="http://libmeta.ru/me/relation/1008_27_NEFORMAL'NYI">
      <rel_text>интерпретации</rel_text>
      <target>http://libmeta.ru/me/article/622_INTEGRIRUGMA</target>
    </relation>
    <relation uri="http://libmeta.ru/me/relation/1008_28_NEFORMAL'NYI">
      <rel_text>непременного</rel_text>
      <target>http://libmeta.ru/me/article/957_NEPRERYVNOST</target>
    </relation>
  </relations>
  <text>аксиоматический метод, не фиксирующий жестко применяемого языка и тем самым не фиксируюший границы содержательного понимания предмета, но требующий аксиоматич. определения всех специальных для данного предмета исследования понятий. Этот термин не имеет общепринятого толкования.

История развития аксиоматич. метода характеризуется все возрастающей стененью формализапии. Н. а. м. определенная ступень в этом процессе. Первоначальное, данное Евклидом, аксиоматич. построение геометрии отличалось дедуктивным характером изложения, при к-ром в основу клались определения (пояснения) и аксиомы (очевидные утверждения). Из них, опираясь на здравый смысл и очевидность, выводились следствия. При этом в выводе неявно иногда исшользовались не зафиксированные в аксиомах предположения геометрич. характера, особенно относящиеся к движению в пространстве и взаимному расположению прямых и точек. Впоследствии были выявлены геометрич. понятия и регламентируюпце их употребление аксиомы, неявно используемые Евклидом и его последователями. При атом возникал вопрос: действительно ли выявлены все аксиомы. Руководящий принцип для решения этого вопроса сформулировал Д. Гильберт (d. Hilbert): «следует добигься того, чтобы с равным успехом можно было говорить вместо точек, прямых и плоскостей о столах, стульях и пивных кружках». Если доказательство не теряет доказательной силы после такой замены, то действительно все используемые в этом доказательстве специальные шредположения зафиксированы в аксиомах. Достигаемая при таком подходе степень формализации представляет собой уровень формализации, характерный для Н. а. м. Эталоном здесь может служить классич. труд Д. Гильберта «основания геометрии&quot; [1].

Н. а. м. применяется не только для придания определенной завершенности аксиоматически излагаемой конкретной теории. Он прецставляет собой действенное орудие математич. исследования. Поскольку шри изучении системы объектов по этому методу не используется их специфика, или &quot;природа&quot;, то доказанные утверждения переносятся на любую сис'ему объектов, удовлетворяющую рассматриваемым аксиомам. Согласно Н. а. м., аксиомы - это неявные определения первоначальных понятий (а не очевидные истины). Что представляют собой изучаемые объекты - неважно. Все, что нужно о них знать, сформулировано в аксиомах. Предметом изучения аксиоматич. теории служит любая ее интерпретация.

Н. а. м., кроме URI[[http://libmeta.ru/me/relation/1008_28_NEFORMAL'NYI]]/URI аксиоматич. ошределения всех специальных понятий, имеет и другую характерную особенность. Это свободное, неконтролируемое аксиомами, основанное на содержательном понимании использование идей и понятий, к-рые можно применить к любой мыслимой URI[[http://libmeta.ru/me/relation/1008_27_NEFORMAL'NYI]]/URI, независимо от ее содержания. В частности, широко используются теоретико-множественные и логич. понятия и принципы, а также понятия, URI[[http://libmeta.ru/me/relation/1008_26_NEFORMAL'NYI]]/URI с идеей счета, и др. Проникновение в аксиоматич. метод URI[[http://libmeta.ru/me/relation/1008_25_NEFORMAL'NYI]]/URI, основанных на содержательном понимании и здравом смысле, а не на URI[[http://libmeta.ru/me/relation/1008_24_NEFORMAL'NYI]]/URI, объясняется нефиксированностью языка, на к-ром формулируются и доказываются свойства аксиоматически заданной URI[[http://libmeta.ru/me/relation/1008_23_NEFORMAL'NYI]]/URI объектов. Фиксирование языка ведет к понятию URI[[http://libmeta.ru/me/relation/1008_22_NEFORMAL'NYI]]/URI аксиоматич. URI[[http://libmeta.ru/me/relation/1008_21_NEFORMAL'NYI]]/URI (см. URI[[http://libmeta.ru/me/relation/1008_1_NEFORMAL'NYI]]/URI) и создает материальную основу для выявления и четкого описания допустимых логич. принципов, для контролируемого употребления теоретико-множественных и других общих или не специальных для исследуемой области понятий. Если в языке нет URI[[http://libmeta.ru/me/relation/1008_20_NEFORMAL'NYI]]/URI (слов) для передачи теоретико-множественных понятий, то этим отсеиваются все URI[[http://libmeta.ru/me/relation/1008_19_NEFORMAL'NYI]]/URI, основанные на использовании таких URI[[http://libmeta.ru/me/relation/1008_18_NEFORMAL'NYI]]/URI. Если в языке есть URI[[http://libmeta.ru/me/relation/1008_17_NEFORMAL'NYI]]/URI для выражения нек-рых теоретико-множественных понятий, то их применение в URI[[http://libmeta.ru/me/relation/1008_16_NEFORMAL'NYI]]/URI можно ограничить определенными правилами или аксиомами.

Фиксируя различным образом язык, URI[[http://libmeta.ru/me/relation/1008_15_NEFORMAL'NYI]]/URI различные URI[[http://libmeta.ru/me/relation/1008_14_NEFORMAL'NYI]]/URI основного URI[[http://libmeta.ru/me/relation/1008_13_NEFORMAL'NYI]]/URI рассмотрения. Напр., рассматривая язык узкого URI[[http://libmeta.ru/me/relation/1008_12_NEFORMAL'NYI]]/URI URI[[http://libmeta.ru/me/relation/1008_11_NEFORMAL'NYI]]/URI для URI[[http://libmeta.ru/me/relation/1008_10_NEFORMAL'NYI]]/URI групп, URI[[http://libmeta.ru/me/relation/1008_9_NEFORMAL'NYI]]/URI әлементарную URI[[http://libmeta.ru/me/relation/1008_8_NEFORMAL'NYI]]/URI групп, в к-рой нельзя сформулировать какого-либо утвержде- ния о подтруппах. Если перейти к языку URI[[http://libmeta.ru/me/relation/1008_7_NEFORMAL'NYI]]/URI URI[[http://libmeta.ru/me/relation/1008_6_NEFORMAL'NYI]]/URI второй ступени, то появляется возможность рассматривать свойства, в к-рых фигурирует понятие URI[[http://libmeta.ru/me/relation/1008_5_NEFORMAL'NYI]]/URI. Формализацией Н. а. м. в URI[[http://libmeta.ru/me/relation/1008_4_NEFORMAL'NYI]]/URI групп служит переход к языку URI[[http://libmeta.ru/me/relation/1008_3_NEFORMAL'NYI]]/URI Цермело - Френкеля с ее URI[[http://libmeta.ru/me/relation/1008_2_NEFORMAL'NYI]]/URI.</text>
  <text_orig>аксиоматический метод, не фиксирующий жестко применяемого языка и тем самым не фиксируюший границы содержательного понимания предмета, но требующий аксиоматич. определения всех специальных для данного предмета исследования понятий. Этот термин не имеет общепринятого толкования.

История развития аксиоматич. метода характеризуется все возрастающей стененью формализапии. Н. а. м. определенная ступень в этом процессе. Первоначальное, данное Евклидом, аксиоматич. построение геометрии отличалось дедуктивным характером изложения, при к-ром в основу клались определения (пояснения) и аксиомы (очевидные утверждения). Из них, опираясь на здравый смысл и очевидность, выводились следствия. При этом в выводе неявно иногда исшользовались не зафиксированные в аксиомах предположения геометрич. характера, особенно относящиеся к движению в пространстве и взаимному расположению прямых и точек. Впоследствии были выявлены геометрич. понятия и регламентируюпце их употребление аксиомы, неявно используемые Евклидом и его последователями. При атом возникал вопрос: действительно ли выявлены все аксиомы. Руководящий принцип для решения этого вопроса сформулировал Д. Гильберт (D. Hilbert): «Следует добигься того, чтобы с равным успехом можно было говорить вместо точек, прямых и плоскостей о столах, стульях и пивных кружках». Если доказательство не теряет доказательной силы после такой замены, то действительно все используемые в этом доказательстве специальные шредположения зафиксированы в аксиомах. Достигаемая при таком подходе степень формализации представляет собой уровень формализации, характерный для Н. а. м. Эталоном здесь может служить классич. труд Д. Гильберта «Основания геометрии&quot; [1].

Н. а. м. применяется не только для придания определенной завершенности аксиоматически излагаемой конкретной теории. Он прецставляет собой действенное орудие математич. исследования. Поскольку шри изучении системы объектов по этому методу не используется их специфика, или &quot;природа&quot;, то доказанные утверждения переносятся на любую сис'ему объектов, удовлетворяющую рассматриваемым аксиомам. Согласно Н. а. м., аксиомы - это неявные определения первоначальных понятий (а не очевидные истины). Что представляют собой изучаемые объекты - неважно. Все, что нужно о них знать, сформулировано в аксиомах. Предметом изучения аксиоматич. теории служит любая ее интерпретация.

Н. а. м., кроме непременного аксиоматич. ошределения всех специальных понятий, имеет и другую характерную особенность. Это свободное, неконтролируемое аксиомами, основанное на содержательном понимании использование идей и понятий, к-рые можно применить к любой мыслимой интерпретации, независимо от ее содержания. В частности, широко используются теоретико-множественные и логич. понятия и принципы, а также понятия, связанные с идеей счета, и др. Проникновение в аксиоматич. метод рассуждений, основанных на содержательном понимании и здравом смысле, а не на аксиомах, объясняется нефиксированностью языка, на к-ром формулируются и доказываются свойства аксиоматически заданной системы объектов. Фиксирование языка ведет к понятию формальной аксиоматич. системы (см. Аксиоматический метод) и создает материальную основу для выявления и четкого описания допустимых логич. принципов, для контролируемого употребления теоретико-множественных и других общих или не специальных для исследуемой области понятий. Если в языке нет средств (слов) для передачи теоретико-множественных понятий, то этим отсеиваются все доказательства, основанные на использовании таких средств. Если в языке есть средства для выражения нек-рых теоретико-множественных понятий, то их применение в доказательствах можно ограничить определенными правилами или аксиомами.

Фиксируя различным образом язык, получают различные теории основного объекта рассмотрения. Напр., рассматривая язык узкого исчисления предикатов для теории групп, получают әлементарную теорию групп, в к-рой нельзя сформулировать какого-либо утвержде- ния о подтруппах. Если перейти к языку исчисления предикатов второй ступени, то появляется возможность рассматривать свойства, в к-рых фигурирует понятие подгруппы. Формализацией Н. а. м. в теории групп служит переход к языку системы Цермело - Френкеля с ее аксиоматикой.

Лит.: [1] $\Gamma$ и ль б е р т Д., Основания геометрии, пер. с нем., М. - Л., 1948; [2] $\Gamma$ и ль б е р т Д., Б е р н а й с П., Основания математики. Логические исчисления и формализация</text_orig>
</article>
