<?xml version="1.0" ?>
<article uri="http://libmeta.ru/me/article/1008_ChISLITEL" alphabetic_pos="1008">
  <title>ЧИСЛИТЕЛЬ</title>
  <authors>
    <author>C. А. Степанов</author>
  </authors>
  <pages>
    <start>438</start>
    <end>438</end>
  </pages>
  <literature>
    <literature_orig/>
  </literature>
  <formulas_main/>
  <formulas_aux>
    <formula uri="http://libmeta.ru/me/formula/aux/1008_1_ChISLITEL">\frac{a}{b}</formula>
    <formula uri="http://libmeta.ru/me/formula/aux/1008_2_ChISLITEL">a</formula>
    <formula uri="http://libmeta.ru/me/formula/aux/1008_3_ChISLITEL">\frac{1}{b}</formula>
    <formula uri="http://libmeta.ru/me/formula/aux/1008_4_ChISLITEL">\frac{a}{b}</formula>
    <formula uri="http://libmeta.ru/me/formula/aux/1008_5_ChISLITEL">a</formula>
  </formulas_aux>
  <relations n="2">
    <relation uri="http://libmeta.ru/me/relation/1008_1_ChISLITEL">
      <rel_text>Числителем</rel_text>
      <target>http://libmeta.ru/me/article/1008_ChISLITEL</target>
    </relation>
    <relation uri="http://libmeta.ru/me/relation/1008_2_ChISLITEL">
      <rel_text>целое число</rel_text>
      <target>http://libmeta.ru/me/article/906_TsELOE</target>
    </relation>
  </relations>
  <text>а риф м е тиче с кой д роби $URI[[http://libmeta.ru/me/formula/aux/1008_1_ChISLITEL]]/URI$ URI[[http://libmeta.ru/me/relation/1008_2_ChISLITEL]]/URI $URI[[http://libmeta.ru/me/formula/aux/1008_2_ChISLITEL]]/URI$, показывающее ия скольких долей $URI[[http://libmeta.ru/me/formula/aux/1008_3_ChISLITEL]]/URI$ составлена дробь. URI[[http://libmeta.ru/me/relation/1008_1_ChISLITEL]]/URI алгеб р а и чес ко й д роб и $URI[[http://libmeta.ru/me/formula/aux/1008_4_ChISLITEL]]/URI$ наз. выражение $URI[[http://libmeta.ru/me/formula/aux/1008_5_ChISLITEL]]/URI$ (см. Дробь).</text>
  <text_orig>а риф м е тиче с кой д роби $\frac{a}{b}$ целое число $a$, показывающее ия скольких долей $\frac{1}{b}$ составлена дробь. Числителем алгеб р а и чес ко й д роб и $\frac{A}{B}$ наз. выражение $A$ (см. Дробь).

C. А. Степанов.</text_orig>
</article>
