<?xml version="1.0" ?>
<article uri="http://libmeta.ru/me/article/1008_REGRESSII" alphabetic_pos="1008">
  <title>РЕГРЕССИИ МАТРИЦА</title>
  <authors/>
  <pages>
    <start>464</start>
    <end>464</end>
  </pages>
  <literature>
    <literature_orig>Лит.: [1] К е н д а л л М. Д ж., С т ь ю а р т А., Многомерный статистический анализ и временные ряды, пер. с англ., М.,1976.</literature_orig>
    <unit>
      <title>К е н д а л л М. Д ж., С т ь ю а р т А., Многомерный статистический анализ и временные ряды</title>
      <publication>пер. с англ., М.</publication>
      <year>1976</year>
      <other/>
    </unit>
  </literature>
  <formulas_main>
    <formula uri="http://libmeta.ru/me/formula/main/1008_1_REGRESSII">X=\mathrm{B} Z+\varepsilon</formula>
  </formulas_main>
  <formulas_aux>
    <formula uri="http://libmeta.ru/me/formula/aux/1008_1_REGRESSII">\boldsymbol{\beta}_{j i}, \boldsymbol{j}=\boldsymbol{1}, \ldots m, i=1, \ldots, r</formula>
    <formula uri="http://libmeta.ru/me/formula/aux/1008_2_REGRESSII">x</formula>
    <formula uri="http://libmeta.ru/me/formula/aux/1008_3_REGRESSII">x_{j k}, j=1, \ldots, m</formula>
    <formula uri="http://libmeta.ru/me/formula/aux/1008_4_REGRESSII">k=1, \ldots, n, X_{j k}, k=1, \ldots, n,-</formula>
    <formula uri="http://libmeta.ru/me/formula/aux/1008_5_REGRESSII">\boldsymbol{j}</formula>
    <formula uri="http://libmeta.ru/me/formula/aux/1008_6_REGRESSII">m</formula>
    <formula uri="http://libmeta.ru/me/formula/aux/1008_7_REGRESSII">z</formula>
    <formula uri="http://libmeta.ru/me/formula/aux/1008_8_REGRESSII">z_{i k}, i=1, \ldots, \quad r, k=1, \ldots, \quad n ; \varepsilon-</formula>
    <formula uri="http://libmeta.ru/me/formula/aux/1008_9_REGRESSII">\varepsilon_{j k}, j=1, \ldots, \quad m, \quad n=1, \ldots, n</formula>
    <formula uri="http://libmeta.ru/me/formula/aux/1008_10_REGRESSII">\quad E \varepsilon_{j k}=0</formula>
    <formula uri="http://libmeta.ru/me/formula/aux/1008_11_REGRESSII">\beta_{j i}</formula>
    <formula uri="http://libmeta.ru/me/formula/aux/1008_12_REGRESSII">m</formula>
  </formulas_aux>
  <relations n="12">
    <relation uri="http://libmeta.ru/me/relation/1008_1_REGRESSII">
      <rel_text>регрессионного анализа</rel_text>
      <target>http://libmeta.ru/me/article/1011_REGRESSIONNYI</target>
    </relation>
    <relation uri="http://libmeta.ru/me/relation/1008_2_REGRESSII">
      <rel_text>линейной модели</rel_text>
      <target>http://libmeta.ru/me/article/342_LINEINO</target>
    </relation>
    <relation uri="http://libmeta.ru/me/relation/1008_3_REGRESSII">
      <rel_text>Модель</rel_text>
      <target>http://libmeta.ru/me/article/741_MODEL</target>
    </relation>
    <relation uri="http://libmeta.ru/me/relation/1008_4_REGRESSII">
      <rel_text>матрица</rel_text>
      <target>http://libmeta.ru/me/article/600_MATRITs</target>
    </relation>
    <relation uri="http://libmeta.ru/me/relation/1008_5_REGRESSII">
      <rel_text>матрица</rel_text>
      <target>http://libmeta.ru/me/article/600_MATRITs</target>
    </relation>
    <relation uri="http://libmeta.ru/me/relation/1008_6_REGRESSII">
      <rel_text>компонентой</rel_text>
      <target>http://libmeta.ru/me/article/1005_KOMPAKTNOST</target>
    </relation>
    <relation uri="http://libmeta.ru/me/relation/1008_7_REGRESSII">
      <rel_text>матрица</rel_text>
      <target>http://libmeta.ru/me/article/600_MATRITs</target>
    </relation>
    <relation uri="http://libmeta.ru/me/relation/1008_8_REGRESSII">
      <rel_text>регрессии</rel_text>
      <target>http://libmeta.ru/me/article/1012_REGRESSI</target>
    </relation>
    <relation uri="http://libmeta.ru/me/relation/1008_9_REGRESSII">
      <rel_text>линейной модели</rel_text>
      <target>http://libmeta.ru/me/article/342_LINEINO</target>
    </relation>
    <relation uri="http://libmeta.ru/me/relation/1008_10_REGRESSII">
      <rel_text>многомерной</rel_text>
      <target>http://libmeta.ru/me/article/438_MNOGOOBRAZI</target>
    </relation>
    <relation uri="http://libmeta.ru/me/relation/1008_11_REGRESSII">
      <rel_text>регрессии</rel_text>
      <target>http://libmeta.ru/me/article/1012_REGRESSI</target>
    </relation>
    <relation uri="http://libmeta.ru/me/relation/1008_12_REGRESSII">
      <rel_text>матрица</rel_text>
      <target>http://libmeta.ru/me/article/600_MATRITs</target>
    </relation>
  </relations>
  <text>URI[[http://libmeta.ru/me/relation/1008_12_REGRESSII]]/URI В коәфффициентов URI[[http://libmeta.ru/me/relation/1008_11_REGRESSII]]/URI $URI[[http://libmeta.ru/me/formula/aux/1008_1_REGRESSII]]/URI$, в URI[[http://libmeta.ru/me/relation/1008_10_REGRESSII]]/URI URI[[http://libmeta.ru/me/relation/1008_9_REGRESSII]]/URI URI[[http://libmeta.ru/me/relation/1008_8_REGRESSII]]/URI

\[
URI[[http://libmeta.ru/me/formula/main/1008_1_REGRESSII]]/URI
\]

Здесь $URI[[http://libmeta.ru/me/formula/aux/1008_2_REGRESSII]]/URI$ - URI[[http://libmeta.ru/me/relation/1008_7_REGRESSII]]/URI с элементами $URI[[http://libmeta.ru/me/formula/aux/1008_3_REGRESSII]]/URI$, $URI[[http://libmeta.ru/me/formula/aux/1008_4_REGRESSII]]/URI$ наблюдения над $URI[[http://libmeta.ru/me/formula/aux/1008_5_REGRESSII]]/URI$-й URI[[http://libmeta.ru/me/relation/1008_6_REGRESSII]]/URI исходной $URI[[http://libmeta.ru/me/formula/aux/1008_6_REGRESSII]]/URI$-мерной спучайної величины; $URI[[http://libmeta.ru/me/formula/aux/1008_7_REGRESSII]]/URI$ - URI[[http://libmeta.ru/me/relation/1008_5_REGRESSII]]/URI известных регрессионных пере- менных $URI[[http://libmeta.ru/me/formula/aux/1008_8_REGRESSII]]/URI$ URI[[http://libmeta.ru/me/relation/1008_4_REGRESSII]]/URI ошибок $URI[[http://libmeta.ru/me/formula/aux/1008_9_REGRESSII]]/URI$, с $URI[[http://libmeta.ru/me/formula/aux/1008_10_REGRESSII]]/URI$. Элементы $URI[[http://libmeta.ru/me/formula/aux/1008_11_REGRESSII]]/URI$ Р. м. В неизвестны и подлежат оценке. URI[[http://libmeta.ru/me/relation/1008_3_REGRESSII]]/URI (*) является обобщением на $URI[[http://libmeta.ru/me/formula/aux/1008_12_REGRESSII]]/URI$-мерный случай общей URI[[http://libmeta.ru/me/relation/1008_2_REGRESSII]]/URI URI[[http://libmeta.ru/me/relation/1008_1_REGRESSII]]/URI.</text>
  <text_orig>матрица В коәфффициентов регрессии $\boldsymbol{\beta}_{j i}, \boldsymbol{j}=\boldsymbol{1}, \ldots m, i=1, \ldots, r$, в многомерной линейной модели регрессии

\[
X=\mathrm{B} Z+\varepsilon
\]

Здесь $X$ - матрица с элементами $X_{j k}, j=1, \ldots, m$, $k=1, \ldots, n, X_{j k}, k=1, \ldots, n,-$ наблюдения над $\boldsymbol{j}$-й компонентой исходной $m$-мерной спучайної величины; $Z$ - матрица известных регрессионных пере- менных $z_{i k}, i=1, \ldots, \quad r, k=1, \ldots, \quad n ; \varepsilon-$ матрица ошибок $\varepsilon_{j k}, j=1, \ldots, \quad m, \quad n=1, \ldots, n$, с $\quad E \varepsilon_{j k}=0$. Элементы $\beta_{j i}$ Р. м. В неизвестны и подлежат оценке. Модель (*) является обобщением на $m$-мерный случай общей линейной модели регрессионного анализа.

Лит.: [1] К е н д а л л М. Д ж., С т ь ю а р т А., Многомерный статистический анализ и временные ряды, пер. с англ., М.,
1976.</text_orig>
</article>
