<?xml version="1.0" ?>
<article uri="http://libmeta.ru/me/article/1009_ChISL" alphabetic_pos="1009">
  <title>ЧИСЛО</title>
  <authors/>
  <pages>
    <start>438</start>
    <end>440</end>
  </pages>
  <literature>
    <literature_orig>Лит.: [1] Б е р е з к и н а Э. И., Математика древнего Китая, М., 1980: [2] Б у р б а к и Н., Очерки по истории математики, пер. с франц., М., 1963: [3] B а й м а н А. А., Шумеровавилонская математика, М., 1961; [4] В а н д е p $\mathrm{b}$ а p-Д е н Б. Ј.,, Пробуждающаяся наука, пер. с голл., М., $1959 ;$ Д е ї Б. Ј., Пробуждающаяся наука, пер. с голл., М., 1959 ; середины Xix столетия, пер. с нем., 2 изд., М., 1966; [6] В о л од а р с к и й А. И., Очерки истории средневековой индийской математики, М., 1977, [7 В ы г од с к и й М. Я., Арифметика История арифметики, М., $1959 ;$; [9] К о л ь м а н Э., История математики в древности, М., 1961: [10] К ә д ж о р и Ф., История әлементарной математики, пер. с англ., Од., 1910; [11] Н е ч а е в В. И., Числовые системы, М., 1975; [12] Р ы] б н и-к о в К. А., История математики, 2 изд., М., $1974 ;$ [13] С т p o й к Д. Я., Краткий очерк истории математики, пер. с нем., 3 изд., М., 1978; [14] Ф е ф е р м а н С., Числовые системы, пер. с англ., М., 1971; [15] Ш е й т е н И. Г., История математики в древности и в средние века, пер. с франц., 2 изд. М.-- Л., 1938: [16] Ю Шш К е в и ч А. П., История математики в средние века, М., 1961; [17] История математики, т. 1-3, M.,$1970-72 ;$ [18]' Математика Хiх века. Математическая логика. Алгебра. Теория чисел. Теория вероятностей, М., 1978.</literature_orig>
    <unit>
      <author>Березкина Э. И.</author>
      <title>Математика древнего Китая</title>
      <publication>М.</publication>
      <year>1980</year>
      <other/>
    </unit>
    <unit>
      <author>Бурбаки Н.</author>
      <title>Очерки по истории математики</title>
      <publication>пер. с франц., М.</publication>
      <year>1963</year>
      <other/>
    </unit>
    <unit>
      <author>Bайман А. А.</author>
      <title>Шумеровавилонская математика</title>
      <publication>М.</publication>
      <year>1961</year>
      <other/>
    </unit>
    <unit>
      <title>В а н д е p $\mathrm{b}$ а p-Д е н Б. Ј., Пробуждающаяся наука</title>
      <publication>пер. с голл., М.</publication>
      <year>1959</year>
      <other>Пробуждающаяся наука, пер. с голл., М., 1959 ; середины Xix столетия, пер. с нем., 2 изд., М., 1966; [6] В о л од а р с к и й А. И., Очерки истории средневековой индийской математики, М., 1977, [7 В ы г од с к и й М. Я., Арифметика История арифметики, М., $1959 ;$; [9] К о л ь м а н Э., История математики в древности, М., 1961: [10] К ә д ж о р и Ф., История әлементарной математики, пер. с англ., Од., 1910; [11] Н е ч а е в В. И., Числовые системы, М., 1975; [12] Р ы] б н и-к о в К. А., История математики, 2 изд., М., $1974 ;$ [13] С т p o й к Д. Я., Краткий очерк истории математики, пер. с нем., 3 изд., М., 1978; [14] Ф е ф е р м а н С., Числовые системы, пер. с англ., М., 1971; [15] Ш е й т е н И. Г., История математики в древности и в средние века, пер. с франц., 2 изд. М.-- Л., 1938: [16] Ю Шш К е в и ч А. П., История математики в средние века, М., 1961; [17] История математики, т. 1-3, M., $1970-72 ;$ [18]' Математика Хiх века. Математическая логика. Алгебра. Теория чисел. Теория вероятностей, М., 1978.</other>
    </unit>
  </literature>
  <formulas_main>
    <formula uri="http://libmeta.ru/me/formula/main/1009_1_ChISL">(a+b)+c=a+(b+c)</formula>
    <formula uri="http://libmeta.ru/me/formula/main/1009_2_ChISL">a+b=b+a</formula>
    <formula uri="http://libmeta.ru/me/formula/main/1009_3_ChISL">(a \cdot b) \cdot c=a \cdot(b \cdot c)</formula>
    <formula uri="http://libmeta.ru/me/formula/main/1009_4_ChISL">(a+b) \cdot c=a c+b c</formula>
    <formula uri="http://libmeta.ru/me/formula/main/1009_5_ChISL">n \cdot a=\underbrace{a+\ldots+a}_{n}&gt;b</formula>
  </formulas_main>
  <formulas_aux>
    <formula uri="http://libmeta.ru/me/formula/aux/1009_1_ChISL">\mathrm{ba}-</formula>
    <formula uri="http://libmeta.ru/me/formula/aux/1009_2_ChISL">x+y=10, \quad x y=40, \quad</formula>
    <formula uri="http://libmeta.ru/me/formula/aux/1009_3_ChISL">5+\sqrt{-15}</formula>
    <formula uri="http://libmeta.ru/me/formula/aux/1009_4_ChISL">5-\sqrt{-15}</formula>
    <formula uri="http://libmeta.ru/me/formula/aux/1009_5_ChISL">x^{3}=p x+q, p&gt;0,4&gt;0</formula>
    <formula uri="http://libmeta.ru/me/formula/aux/1009_6_ChISL">\left(\frac{p}{3}\right)^{3}&gt;\left(\frac{q}{2}\right)^{2}</formula>
    <formula uri="http://libmeta.ru/me/formula/aux/1009_7_ChISL">a^{\prime}</formula>
    <formula uri="http://libmeta.ru/me/formula/aux/1009_8_ChISL">a</formula>
    <formula uri="http://libmeta.ru/me/formula/aux/1009_9_ChISL">a</formula>
    <formula uri="http://libmeta.ru/me/formula/aux/1009_10_ChISL">a^{\prime}</formula>
    <formula uri="http://libmeta.ru/me/formula/aux/1009_11_ChISL">a^{\prime}</formula>
    <formula uri="http://libmeta.ru/me/formula/aux/1009_12_ChISL">a</formula>
    <formula uri="http://libmeta.ru/me/formula/aux/1009_13_ChISL">a</formula>
    <formula uri="http://libmeta.ru/me/formula/aux/1009_14_ChISL">a^{\prime}</formula>
    <formula uri="http://libmeta.ru/me/formula/aux/1009_15_ChISL">\mathbb{n}=\langle N,+, \cdot, 1\rangle</formula>
    <formula uri="http://libmeta.ru/me/formula/aux/1009_16_ChISL">(+)</formula>
    <formula uri="http://libmeta.ru/me/formula/aux/1009_17_ChISL">a \in N, a+1 \neq a</formula>
    <formula uri="http://libmeta.ru/me/formula/aux/1009_18_ChISL">a, b, c</formula>
    <formula uri="http://libmeta.ru/me/formula/aux/1009_19_ChISL">n</formula>
    <formula uri="http://libmeta.ru/me/formula/aux/1009_20_ChISL">a, b</formula>
    <formula uri="http://libmeta.ru/me/formula/aux/1009_21_ChISL">n</formula>
    <formula uri="http://libmeta.ru/me/formula/aux/1009_22_ChISL">a, b, c</formula>
    <formula uri="http://libmeta.ru/me/formula/aux/1009_23_ChISL">n</formula>
    <formula uri="http://libmeta.ru/me/formula/aux/1009_24_ChISL">a+c=b+c</formula>
    <formula uri="http://libmeta.ru/me/formula/aux/1009_25_ChISL">a=b</formula>
    <formula uri="http://libmeta.ru/me/formula/aux/1009_26_ChISL">a \in N, a \cdot 1=a</formula>
    <formula uri="http://libmeta.ru/me/formula/aux/1009_27_ChISL">a, b, c</formula>
    <formula uri="http://libmeta.ru/me/formula/aux/1009_28_ChISL">n</formula>
    <formula uri="http://libmeta.ru/me/formula/aux/1009_29_ChISL">a, b, c</formula>
    <formula uri="http://libmeta.ru/me/formula/aux/1009_30_ChISL">n</formula>
    <formula uri="http://libmeta.ru/me/formula/aux/1009_31_ChISL">m</formula>
    <formula uri="http://libmeta.ru/me/formula/aux/1009_32_ChISL">n</formula>
    <formula uri="http://libmeta.ru/me/formula/aux/1009_33_ChISL">a</formula>
    <formula uri="http://libmeta.ru/me/formula/aux/1009_34_ChISL">a+1</formula>
    <formula uri="http://libmeta.ru/me/formula/aux/1009_35_ChISL">m=n</formula>
    <formula uri="http://libmeta.ru/me/formula/aux/1009_36_ChISL">2,3,4,6</formula>
    <formula uri="http://libmeta.ru/me/formula/aux/1009_37_ChISL">(+)</formula>
    <formula uri="http://libmeta.ru/me/formula/aux/1009_38_ChISL">\mathbb{z}=\langle Z,+, \cdot, 0,1\rangle</formula>
    <formula uri="http://libmeta.ru/me/formula/aux/1009_39_ChISL">\langle N,+, ;, 1\rangle</formula>
    <formula uri="http://libmeta.ru/me/formula/aux/1009_40_ChISL">\mathbb{q}=\langle Q,+, \cdot, 0,1\rangle</formula>
    <formula uri="http://libmeta.ru/me/formula/aux/1009_41_ChISL">\langle Z,+, \cdot, 0,1\rangle</formula>
    <formula uri="http://libmeta.ru/me/formula/aux/1009_42_ChISL">\mathbb{c}=\langle C,+, \cdot, 0,1, i\rangle</formula>
    <formula uri="http://libmeta.ru/me/formula/aux/1009_43_ChISL">\langle R,+, \cdot 0,1\rangle</formula>
    <formula uri="http://libmeta.ru/me/formula/aux/1009_44_ChISL">i</formula>
    <formula uri="http://libmeta.ru/me/formula/aux/1009_45_ChISL">i^{2}+1=0</formula>
    <formula uri="http://libmeta.ru/me/formula/aux/1009_46_ChISL">\mathbb{r}=\langle R,+, \cdot, 0,1,&gt;\rangle</formula>
    <formula uri="http://libmeta.ru/me/formula/aux/1009_47_ChISL">(+)</formula>
    <formula uri="http://libmeta.ru/me/formula/aux/1009_48_ChISL">)</formula>
    <formula uri="http://libmeta.ru/me/formula/aux/1009_49_ChISL">(&gt;)</formula>
    <formula uri="http://libmeta.ru/me/formula/aux/1009_50_ChISL">\mathbb{r}</formula>
    <formula uri="http://libmeta.ru/me/formula/aux/1009_51_ChISL">\langle R,+, \cdot 0,1\rangle-</formula>
    <formula uri="http://libmeta.ru/me/formula/aux/1009_52_ChISL">\langle R,+, \cdot, 0,1,&gt;\rangle-</formula>
    <formula uri="http://libmeta.ru/me/formula/aux/1009_53_ChISL">a&gt;0</formula>
    <formula uri="http://libmeta.ru/me/formula/aux/1009_54_ChISL">b&gt;0</formula>
    <formula uri="http://libmeta.ru/me/formula/aux/1009_55_ChISL">r</formula>
    <formula uri="http://libmeta.ru/me/formula/aux/1009_56_ChISL">n</formula>
    <formula uri="http://libmeta.ru/me/formula/aux/1009_57_ChISL">\left\{r_{n}\right\}_{n}</formula>
    <formula uri="http://libmeta.ru/me/formula/aux/1009_58_ChISL">\varepsilon&gt;0</formula>
    <formula uri="http://libmeta.ru/me/formula/aux/1009_59_ChISL">n_{\varepsilon}</formula>
    <formula uri="http://libmeta.ru/me/formula/aux/1009_60_ChISL">n&gt;n_{\varepsilon}</formula>
    <formula uri="http://libmeta.ru/me/formula/aux/1009_61_ChISL">m&gt;n_{\varepsilon}</formula>
    <formula uri="http://libmeta.ru/me/formula/aux/1009_62_ChISL">\left|r_{n}-r_{m}\right|&lt;\varepsilon</formula>
    <formula uri="http://libmeta.ru/me/formula/aux/1009_63_ChISL">\left\{r_{n}\right\}_{n}</formula>
    <formula uri="http://libmeta.ru/me/formula/aux/1009_64_ChISL">r</formula>
    <formula uri="http://libmeta.ru/me/formula/aux/1009_65_ChISL">a</formula>
    <formula uri="http://libmeta.ru/me/formula/aux/1009_66_ChISL">b</formula>
    <formula uri="http://libmeta.ru/me/formula/aux/1009_67_ChISL">r</formula>
    <formula uri="http://libmeta.ru/me/formula/aux/1009_68_ChISL">a \in A</formula>
    <formula uri="http://libmeta.ru/me/formula/aux/1009_69_ChISL">b \in B</formula>
    <formula uri="http://libmeta.ru/me/formula/aux/1009_70_ChISL">a&lt;b</formula>
    <formula uri="http://libmeta.ru/me/formula/aux/1009_71_ChISL">c \in R</formula>
    <formula uri="http://libmeta.ru/me/formula/aux/1009_72_ChISL">a \leqslant c \leqslant b</formula>
    <formula uri="http://libmeta.ru/me/formula/aux/1009_73_ChISL">a \in A</formula>
    <formula uri="http://libmeta.ru/me/formula/aux/1009_74_ChISL">b \in B</formula>
    <formula uri="http://libmeta.ru/me/formula/aux/1009_75_ChISL">г</formula>
    <formula uri="http://libmeta.ru/me/formula/aux/1009_76_ChISL">\mathrm{p}</formula>
  </formulas_aux>
  <relations n="12">
    <relation uri="http://libmeta.ru/me/relation/1009_1_ChISL">
      <rel_text>Порядковое число</rel_text>
      <target>http://libmeta.ru/me/article/529_PORJaDKOVOE</target>
    </relation>
    <relation uri="http://libmeta.ru/me/relation/1009_2_ChISL">
      <rel_text>Кардинальное число</rel_text>
      <target>http://libmeta.ru/me/article/736_KARDINAL'NOE</target>
    </relation>
    <relation uri="http://libmeta.ru/me/relation/1009_3_ChISL">
      <rel_text>число</rel_text>
      <target>http://libmeta.ru/me/article/1009_ChISL</target>
    </relation>
    <relation uri="http://libmeta.ru/me/relation/1009_4_ChISL">
      <rel_text>Трансцендентиое</rel_text>
      <target>http://libmeta.ru/me/article/457_TRANZITIVNOST</target>
    </relation>
    <relation uri="http://libmeta.ru/me/relation/1009_5_ChISL">
      <rel_text>Алгебрачческое число</rel_text>
      <target>http://libmeta.ru/me/article/135_ALGEBRAIChESKOE</target>
    </relation>
    <relation uri="http://libmeta.ru/me/relation/1009_6_ChISL">
      <rel_text>число</rel_text>
      <target>http://libmeta.ru/me/article/1009_ChISL</target>
    </relation>
    <relation uri="http://libmeta.ru/me/relation/1009_7_ChISL">
      <rel_text>Конструктивный анализ</rel_text>
      <target>http://libmeta.ru/me/article/1069_KONSTRUKTIVNYJ</target>
    </relation>
    <relation uri="http://libmeta.ru/me/relation/1009_8_ChISL">
      <rel_text>формальная</rel_text>
      <target>http://libmeta.ru/me/article/731_FORMALIZ</target>
    </relation>
    <relation uri="http://libmeta.ru/me/relation/1009_9_ChISL">
      <rel_text>развитие</rel_text>
      <target>http://libmeta.ru/me/article/882_RAZVERTK</target>
    </relation>
    <relation uri="http://libmeta.ru/me/relation/1009_10_ChISL">
      <rel_text>интенсивное</rel_text>
      <target>http://libmeta.ru/me/article/639_INTERPOLJaTsI</target>
    </relation>
    <relation uri="http://libmeta.ru/me/relation/1009_11_ChISL">
      <rel_text>предметом</rel_text>
      <target>http://libmeta.ru/me/article/582_PREDBAZ</target>
    </relation>
    <relation uri="http://libmeta.ru/me/relation/1009_12_ChISL">
      <rel_text>задача</rel_text>
      <target>http://libmeta.ru/me/article/10_ZAdAch</target>
    </relation>
  </relations>
  <text>основное понятие математики, сложивіпееся в ходе длительного историч. развития. Возникновение и формирование әтого понятия происходило вместе г. зарождением и развитием математики. Практич. деятельность человека, с одной стороны, и внутренние потребности математики - с другой определили развитие понятия числа.

Потребность счета предметов привела к возникновению поняттия натурального числа. Все народы, обладавшие письменностью, владели понятием натурального числа и пользовались той или иной системой счисления. О ранних этапах возникновения и развития понятия Ч. можно судіть лишь на основе косвенных данных, к-рые доставляю' языкознание и этнография. Первобытному человеку, видимо, не требовалось умение считать, чтобы установить, полної или нет является какая-нибудь совокупность.

Впоследствии за определенным количеетвом предметов или явлений, с к-рыми люди часто встречались, закрепились особые наименования. Так, в языках нек-рых народностей пмелись слова для обозначения таких объектов, как «три человека», &quot;три лодки», . .., но не было отвлеченного понятия «трп&quot;. Таким путем, вероятно, возникали сравнительно короткие числовые ряды, служащие для обозначения отдельно людей, отдельно лодок, отдельно кокосовых орехов, . . . На этої стадии отвлеченных Ч. еще не было, Ч. были Iменованными.

Необходимость передавать сообщения о численности той или иной совокупности привела к выделению стандартной совокупности, состоящей чаще всего из частей человеческого тела. Каждая часть тела в такой системе счета имела определенный порядок и найенование. Когда же частей тела не хватало, пользовались пучком палочек. Той же цели служили камешки, раковины, зарубки на дереве или камне, черточки на земле, веревки с узелками...

Следующий этап в развитии понятия Ч. связан с переходом к счету группами: парами, десятками, дюжинами... Возникают прообразы т. н. узловых чисел и вместе с тем зачатки арифметич. операций, что отражено в названиях Ч. Оформляются определенные при- емы счета, для счета применяются специальные приспособления, появляются числовые обознатения. Ч. отделяются от сосчитываемых объектов, становятся отвлеченнымі. Начинают складываться системы счисления.

Процесс образования современной системы счисления исключительно сложен. Только о завершении этого процесса можно судить с огределенной достоверностыо. Известно много разных систем счисления. В Древнем Египте таких систем было несколько. В одной из них имелись особые знаки для 1, 10, 100, 1000. Другие Ч. изображались путем комбинации этіх знаков. Основной арифметич. операцией у древних египтян являлось сложение. За две тысячи лет до н. ). вавилоняне употребляли шестидесятиричную систему счисления с позиционным принцином записи Ч. Они пользовались только двумя знаками. Древние греки пользовались алфавитной системой счисления, ее употребляли также славяне. В Индии в начале н. э. была широко распространена словесная позиционная десятичная система нумерации с несколькими синонимами для нуля. Впоследствии там возникла и позиционная десятичная система счисления. С 8 в. н. э. эта система стала распространяться по Арабскому Востоку. Европейцы познакомились с неї̈ в 12 в.

Расширеніе круга сосчитываемых предметов, что произошло в результате усложнения практич. деятельности людей и, наконец, любознательность, свойственная человеку, шаг за шагом отодвигали границу счета. Возникло представление о неограниченной продолжаемости натурального ряда. Этим представлением отчетливо владели древние греки. Одна из теорем Евклида гласит: &quot;простых существует больше всякого предложенного их числа». Тем не менее еще Архимеду пришлось убеждать современников, что можно указать число, большее чем «число песчинок в мире».

Для измерения величин требовались дробные Ч. Дробные Ч. были известны уже в Древнем Египте и $URI[[http://libmeta.ru/me/formula/aux/1009_1_ChISL]]/URI$ вилоне. Египтяне дроби выражали обычно при помощи аликвотных дробей, т. е. дробей с числителем, равным 1. Вавилоняне пользовались пестидесятиричными дробями. Китайцы и индийцы в начале н. э. пользовались обыкновенными дробями и умели выполнять все арифметич. действия над ними. Среднеазиатские ученые не позднее 10 в. создали позиционную шестидесятиричную систему счисления. Эта система особенно шпироко применялась в астрономич. вычислениях и таблицах. Следы ее дошли до нас в измерении времени и углов. Десятичные дроби ввел в нач. 15 в. и стал широко применять самаркандский математик Каши (аль-Каши). В Европе десятичные дроби стали распространяться после выхода книги «десятая&quot; (1585), автором к-рой был C. Стевін (s. Stevin). До введения десятичных дробей в практику вычислений целую тасть Ч. европейцы обычно представляли в десятичной системе счисления, а дробную - в шестидесятиричной или в виде обыкновенной дроби.

Дальнейшее расширение понятия Ч. происходило главным образом в связи с потребностями самой математики. Отрицательные Ч. вшервые появились в Древнем Китае. Индийские математики пришли к отрицательным Ч., пытаясь формулировать алгоритм решения квадратных уравнений для всех случаев. Диофант (3в.) свободно оперирует с отрицательными Ч. Они постоянно встречаются в промежуточных вычислениях во многих задачах его «арифметики». Однако и в 16 и в 17 вв. многие европейские математики не признавали отрицательных Ч., и если такие Ч. встречались в их вычислениях, то они наз. их ложными, невозможными. Положение изменилось, когда в 17 в. было найдено геометрич. истолкование положительным и отрицательным Ч., как противоположно направленным отрезкам. Проблема существования отношения однородных величин в рамках практики не возникает. Вавилоняне владели алгоритмом нахождения приближенного значения квадратного корня из Ч. с любой заданной точностью. В 5 в. до н. э. греч. математики открыли, что сторона и диагональ квадрата не имеют общей меры. Таким образом, оказалось, что не любые точно заданные отрезки соизмеримы. Греческие математики не стали вводить новых Ч. Указанную трудность они обошли, создав теорию отношения отрезков, не связанную с понятием Ч.

Развитие алгебры и техники приближенных вычислений, в связи с потребностями астрономии, привело арабских математиков к расширению понятия Ч. Любое отношение однородных величин, как соизмеримых, так и несоизмеримых, они стали рассматривать как Ч. Так Насирэддин (1201-74) писал: «каждое из этих отношений может быть названо числом, к-рое определяется единицей так же, как один из членов этого отношения определяется другим из этих членов». В том же направлении развивалась европейская математика. Если Дж. Кардано (g. Cardano) в «практической арифметике» (1539) еще говорил об иррациональных числах как о &quot;глухих&quot;, о таких, к-рые «нельзя ни услышать, ни представить», то С. Стевин в своей «арифметике» (1585) заявлял, что «число есть то, чем определяется любая величина», и что «нет никаких абсурдных, иррациональных, неправильных, невыразимых или глухих чисел». И, наконец, И. Ньютон (i. Newton) во «всеобщей арифметике» (1707) дал следующее определение: «под числом мы понимаем не столько множество едивиц, сколько отвлеченное отношение какой-нибудь величины того же рода, принятої за единицу. Число бывает трех видов: целое, дробное и иррациональное. Целое есть то, тто измеряется единицей; дробное кратное долей единицы; иррациональное число несоизмеримо с единицей». В связи с тем тто величины у И. Ньютона могут быть как положительными, так и отрицательными, то и Ч. в его арифметике могут быть и положительными или же &quot;большими, чем ничто&quot;, так и отрицательными или же «меньшими, чем ничто».

Мнимые Ч. впервые появились в труде Дж. Кардано «великое искусство》 (1545). Решая систему уравнений $URI[[http://libmeta.ru/me/formula/aux/1009_2_ChISL]]/URI$ он нашел корни $URI[[http://libmeta.ru/me/formula/aux/1009_3_ChISL]]/URI$ и $URI[[http://libmeta.ru/me/formula/aux/1009_4_ChISL]]/URI$. Найденные решения Дж. Кардано назвал «чисто отрицательными» и даже «софистически отрицательными». Первый, кто увидел пользу от введения мнимых величин, был Р. Бомбелли (r. Bombelli). В своей «алгебре» (1572) он показал, что действительные корни уравнения $URI[[http://libmeta.ru/me/formula/aux/1009_5_ChISL]]/URI$, в случае $URI[[http://libmeta.ru/me/formula/aux/1009_6_ChISL]]/URI$ выражаются через радикалы из мнияых величин. Р. Бомбелли определил арифметич. операции над такими величинами и подошел, таким образом, к созданию теории комплексных чисел. В 17 и 18 вв. многие математики занимались исследованием свойств мнимых величин и их приложениями. Так, Л. Эйлер (l. Euler) распространил понятие логарифма на любые комшлексные Ч. (1738) и указал новый метод интегрирования с помощью комплексных переменных (1776), А. Муавр (a. Moivre) решил задачу об извлечении корня натуральной степени из любого комплексного Ч. (1736). Удачным шрименением теории комплексных Ч. стала основная теорема алгебры: «всякий многочлен с действительными коэффициентами степени выше нулевой разлагается в произведение многочленов первой и второй степени с такими же коәфффициентами» (л. Эйлер; '๙ Д. Д'аламбер, J. D'alembert; K. Гаусс, C. Gauss). Тем не менее пока на рубеже 18-19 вв. не было дано геометрич. истолкование комплексных Ч., как точкам плоскости, мнимые Ч. у многих математиков вызывали недоверие.

В нач. 19 в. в связи с большими успехами математич. анализа многими учеными была осознана необходимость обоснования основ анализа - теории пределов. Математиков перестали удовлетворять доказательства основанные на наглядности или геометрич. представлении. Нерешенной оставалась и проблема построения единой дедуктивной теории Ч. Натуральное Ч. нередко мыслилось как собрание единиц, дробь - как отношение величин, действительное Ч. - как длина отрезка и комплексное Ч. - как точка плоскости. Не было полной ясности в вопросе, как вводить арифметич. операции над Ч. И, наконец, естественно возникалі вопрос о дальнейпем развитии понятия Ч. Можно ли, в частности, ввести новые Ч., связанные уже с точками про странства?

Во всех указанных направлениях в 19 в. велись интенсивные исследования. Формулируется принцип, в соответствии с к-рым происходит обобщение понятия 4.- т. н. принцип перманентности формальных законов счета. В согласии с ним при построении новой более широкой, в сравнении с исходной, системой Ч. операции в ней обобщается таким образом, что остаются в силе законы одноименных действй̈ над Ч. (дж. Пикок, G. Peacock, 1834; Г. Ганкель, Н. Hankel, 1867). Во 2-й пол. 19 в. почти одновременно Г. Kaнтор (g. Cantor, 1879), Iii. Мере (ch. Мéray, 1869), Р. Дедекинд (r. Dedekind, 1872) и К. Вейерштрасс (k. Weierstrass, 1872) построили теорию действительных чисел. При этом Г. Кантор и Iii. Мере исходили из фундаментальных последовательностей рациональных Ч. Р. Дедекинд из сечений в поле рациональных Ч., а К. Вейерштрассиз бесконечных десятичных дробей.

В результате работ Дж. Пеано (g. Peano, 1891), К. Вейерштрасса (1878) и Г. Грассмана (h. Grassman, 1861) была построена аксиоматич. теория натуральных Ч., У. Гамильтон (w. Hamilton, 1837) построил теорию комплексных Ч., исходя из пар действительных Ч., К. Вейерштрасс - теорию целых Ч. как пар натуралььых Ч., и Ж. Таннери (j. Tannery, 1894)теорию рациональных Ч. как пар целых Ч.

Попытки найти обобщение понятия комплексного 4. привели к разработке теории гиперкомплексных чисел. Историчөски шервой системой таких Ч. были кватернионbl, открытые У. Гамильтоном. В результате проведенных исследованиї̈ выяснилось (к. Вейерштрасс; Г. Фробениус, G. Frobenius; Б. Пирс, В. Peirce), что всякое расширение понятия комплексного Ч. за пределы системы комплексных Ч. возможно только при отказе от каких-либо обычных свойств Ч.

На протяжении всего 19 в. и до нач. 20 в. в математике происходят глубокие изменения. Меняются представления об объектах и установках математики. Постепенно складывается аксиоматич. метод построения математики на теоретико-множественной основе. В соответствии с ним всякая математич. теория изучает определенную алгебраич. систему. Другими словами, изучает множество с выделенными в нем отношениями, в частности алгебраич. операциями, удовлетворяющими определенным условиям - аксиомам.

С этой точки зрения любая числовая система есть нек-рая алгебраич. система. При определении конкретных числовых систем удобно пользоваться понятием «распирение алгебраической системы&quot;. Это понятие является естественным уточнением сформулированного выпе принципа перманентности формалыных законов счета. Алгебраич. систему $URI[[http://libmeta.ru/me/formula/aux/1009_7_ChISL]]/URI$ наз. р а с ши р е ни е м а л г е б р а ич. си с т е м ы $URI[[http://libmeta.ru/me/formula/aux/1009_8_ChISL]]/URI$, если основное множество системы $URI[[http://libmeta.ru/me/formula/aux/1009_9_ChISL]]/URI$ является подмножеством основного множества системы $URI[[http://libmeta.ru/me/formula/aux/1009_10_ChISL]]/URI$, если далес существует взаимно однозначное отображение множества отношений систе- мы $URI[[http://libmeta.ru/me/formula/aux/1009_11_ChISL]]/URI$ на множество отношений системы $URI[[http://libmeta.ru/me/formula/aux/1009_12_ChISL]]/URI$ и если для любого набора элементов системы $URI[[http://libmeta.ru/me/formula/aux/1009_13_ChISL]]/URI$, для к-рого выполняется какое-нибудь отношение этой системы, выполняется соответствующее отношение системы $URI[[http://libmeta.ru/me/formula/aux/1009_14_ChISL]]/URI$.

Так, напр., под системой натуральных Ч. обычно понимают алгебраич. систему $URI[[http://libmeta.ru/me/formula/aux/1009_15_ChISL]]/URI$ с двумя бинарными алгебраич. операциями: сложением $URI[[http://libmeta.ru/me/formula/aux/1009_16_ChISL]]/URI$ и умножением (•) и выделенным элементом (1) (единица), удовлетворяющим следующим аксиомам:

1) для любого элемента $URI[[http://libmeta.ru/me/formula/aux/1009_17_ChISL]]/URI$;

2) ассоциативность сложения: для любых әлементов $URI[[http://libmeta.ru/me/formula/aux/1009_18_ChISL]]/URI$ из $URI[[http://libmeta.ru/me/formula/aux/1009_19_ChISL]]/URI$

\[
URI[[http://libmeta.ru/me/formula/main/1009_1_ChISL]]/URI
\]

3) коммутативность сложения: для любых элементов $URI[[http://libmeta.ru/me/formula/aux/1009_20_ChISL]]/URI$ из $URI[[http://libmeta.ru/me/formula/aux/1009_21_ChISL]]/URI$

\[
URI[[http://libmeta.ru/me/formula/main/1009_2_ChISL]]/URI
\]

4) сократимость сложения: для любых элементов $URI[[http://libmeta.ru/me/formula/aux/1009_22_ChISL]]/URI$ из $URI[[http://libmeta.ru/me/formula/aux/1009_23_ChISL]]/URI$ из равенства $URI[[http://libmeta.ru/me/formula/aux/1009_24_ChISL]]/URI$ следует равенство $URI[[http://libmeta.ru/me/formula/aux/1009_25_ChISL]]/URI$

5) 1 - нейтральный элемент умножения, т. е. для любого $URI[[http://libmeta.ru/me/formula/aux/1009_26_ChISL]]/URI$;

6) ассоциативность умножения: для любых әлементов $URI[[http://libmeta.ru/me/formula/aux/1009_27_ChISL]]/URI$ из $URI[[http://libmeta.ru/me/formula/aux/1009_28_ChISL]]/URI$

\[
URI[[http://libmeta.ru/me/formula/main/1009_3_ChISL]]/URI
\]

7) дистрибутивность умножения: относительно сложения: для любых элементов $URI[[http://libmeta.ru/me/formula/aux/1009_29_ChISL]]/URI$ из $URI[[http://libmeta.ru/me/formula/aux/1009_30_ChISL]]/URI$

\[
URI[[http://libmeta.ru/me/formula/main/1009_4_ChISL]]/URI
\]

8) аксиома индукции: если подмножество $URI[[http://libmeta.ru/me/formula/aux/1009_31_ChISL]]/URI$ множества натуральных Ч. $URI[[http://libmeta.ru/me/formula/aux/1009_32_ChISL]]/URI$ содержит 1 и вместе с әлементом $URI[[http://libmeta.ru/me/formula/aux/1009_33_ChISL]]/URI$ элемент $URI[[http://libmeta.ru/me/formula/aux/1009_34_ChISL]]/URI$, то $URI[[http://libmeta.ru/me/formula/aux/1009_35_ChISL]]/URI$.

Из аксиом $URI[[http://libmeta.ru/me/formula/aux/1009_36_ChISL]]/URI$ и 7 следует, что система натуральных Ч. - полукольцо относительно операций $URI[[http://libmeta.ru/me/formula/aux/1009_37_ChISL]]/URI$ и (.). Поэтому систему натуральных Ч. можно определить как минимальное полукольцо с нейтральным элементом умножения и без нейтрального элемента сложения.

Система целых Ч. $URI[[http://libmeta.ru/me/formula/aux/1009_38_ChISL]]/URI$ огределяется как минимальное кольцо, являющееся расширением полукольца $URI[[http://libmeta.ru/me/formula/aux/1009_39_ChISL]]/URI$ натуральных Ч. Система рациональных Ч. $URI[[http://libmeta.ru/me/formula/aux/1009_40_ChISL]]/URI$ может быть определена как минимальное поле, являющееся распирепием кольца $URI[[http://libmeta.ru/me/formula/aux/1009_41_ChISL]]/URI$ целых Ч. Система комплексных Ч. $URI[[http://libmeta.ru/me/formula/aux/1009_42_ChISL]]/URI$-минимальное поле, являющееся расширением поля $URI[[http://libmeta.ru/me/formula/aux/1009_43_ChISL]]/URI$ действительных Ч. с элементом $URI[[http://libmeta.ru/me/formula/aux/1009_44_ChISL]]/URI$ таким, что $URI[[http://libmeta.ru/me/formula/aux/1009_45_ChISL]]/URI$.

Под системой $URI[[http://libmeta.ru/me/formula/aux/1009_46_ChISL]]/URI$ действительных Ч. понимают алгебраич. систему с двумя бинарными алгебраич. операциями $URI[[http://libmeta.ru/me/formula/aux/1009_47_ChISL]]/URI$ и ( $URI[[http://libmeta.ru/me/formula/aux/1009_48_ChISL]]/URI$, с двумя выделенными элементами (0) и (1) и с одним бинарным отношением ıорядка $URI[[http://libmeta.ru/me/formula/aux/1009_49_ChISL]]/URI$. Аксиомы $URI[[http://libmeta.ru/me/formula/aux/1009_50_ChISL]]/URI$ разделяются на следующие группы:

1) а к с иомы поля: система $URI[[http://libmeta.ru/me/formula/aux/1009_51_ChISL]]/URI$ поле;

2) а к с и омы п о р я д к а: система $URI[[http://libmeta.ru/me/formula/aux/1009_52_ChISL]]/URI$ линейно и строго упорядоченное голе;

3) а к с и о а А р х и е д а: для любых элементов $URI[[http://libmeta.ru/me/formula/aux/1009_53_ChISL]]/URI$ и $URI[[http://libmeta.ru/me/formula/aux/1009_54_ChISL]]/URI$ из $URI[[http://libmeta.ru/me/formula/aux/1009_55_ChISL]]/URI$ существует натуральное число $URI[[http://libmeta.ru/me/formula/aux/1009_56_ChISL]]/URI$ такое, что

\[
URI[[http://libmeta.ru/me/formula/main/1009_5_ChISL]]/URI
\]

4) а к с и о а п о л но ты: любая фундаментальная последовательность $URI[[http://libmeta.ru/me/formula/aux/1009_57_ChISL]]/URI$ действительных Ч. сходится, т. е. если для любого $URI[[http://libmeta.ru/me/formula/aux/1009_58_ChISL]]/URI$ существует номер $URI[[http://libmeta.ru/me/formula/aux/1009_59_ChISL]]/URI$ такой, тто для любых $URI[[http://libmeta.ru/me/formula/aux/1009_60_ChISL]]/URI$ и $URI[[http://libmeta.ru/me/formula/aux/1009_61_ChISL]]/URI$ выполняется неравенство $URI[[http://libmeta.ru/me/formula/aux/1009_62_ChISL]]/URI$, то последовательность $URI[[http://libmeta.ru/me/formula/aux/1009_63_ChISL]]/URI$ сходится к нек-рому элементу поля $URI[[http://libmeta.ru/me/formula/aux/1009_64_ChISL]]/URI$.

Короче, система действительных Ч. - полное линейно строго и архимедовски упорядоченное поле. Систему действительных Ч. әквивалентным образом можно определить и как непрерывное линейно уюорядоченное поле. В этом случае аксиомы Архимеда и полноты заменяются аксиомой непрерывности:

если $URI[[http://libmeta.ru/me/formula/aux/1009_65_ChISL]]/URI$ и $URI[[http://libmeta.ru/me/formula/aux/1009_66_ChISL]]/URI$ - непустые подмножества $URI[[http://libmeta.ru/me/formula/aux/1009_67_ChISL]]/URI$ такие, что для любых элементов $URI[[http://libmeta.ru/me/formula/aux/1009_68_ChISL]]/URI$ и $URI[[http://libmeta.ru/me/formula/aux/1009_69_ChISL]]/URI$ выполняется неравенство $URI[[http://libmeta.ru/me/formula/aux/1009_70_ChISL]]/URI$, то существует такой элемент $URI[[http://libmeta.ru/me/formula/aux/1009_71_ChISL]]/URI$, что $URI[[http://libmeta.ru/me/formula/aux/1009_72_ChISL]]/URI$ для любых элементов $URI[[http://libmeta.ru/me/formula/aux/1009_73_ChISL]]/URI$ и $URI[[http://libmeta.ru/me/formula/aux/1009_74_ChISL]]/URI$.

Конструкции действительных Ч., предложенные $URI[[http://libmeta.ru/me/formula/aux/1009_75_ChISL]]/URI$. Кантором и Iii. Мере, могут служить интерпретацией первой системы аксиом для системы действительных Ч., a конструкция $URI[[http://libmeta.ru/me/formula/aux/1009_76_ChISL]]/URI$. Дедекинда - интерпретацией для второй системы. Аналогично, конструкции У. Гамильтона, К. Вейерштрасса и Ж. Таннери - интерпретацией для систем аксиом систем комплексных Ч., целых Ч., рациональных Ч.

Для системы натуральных Ч. в качестве интерпретаций могут служить порядковая теория натуральных Ч., разработанная Дж. Пеано и количественная теория натуральных Ч., принадлежащая Г. Кантору.

В 19 в. была четко поставлена URI[[http://libmeta.ru/me/relation/1009_12_ChISL]]/URI обоснования Iонятия Ч. и, более пироко, проблема обоснования математики. Эта проблема стала URI[[http://libmeta.ru/me/relation/1009_11_ChISL]]/URI математич. логики, URI[[http://libmeta.ru/me/relation/1009_10_ChISL]]/URI URI[[http://libmeta.ru/me/relation/1009_9_ChISL]]/URI к-рой продолжается в 20 B.

См. также А рифметика URI[[http://libmeta.ru/me/relation/1009_8_ChISL]]/URI, URI[[http://libmeta.ru/me/relation/1009_7_ChISL]]/URI, р-адическое URI[[http://libmeta.ru/me/relation/1009_6_ChISL]]/URI, URI[[http://libmeta.ru/me/relation/1009_5_ChISL]]/URI, URI[[http://libmeta.ru/me/relation/1009_4_ChISL]]/URI URI[[http://libmeta.ru/me/relation/1009_3_ChISL]]/URI, URI[[http://libmeta.ru/me/relation/1009_2_ChISL]]/URI, URI[[http://libmeta.ru/me/relation/1009_1_ChISL]]/URI, А рифметика.</text>
  <text_orig>основное понятие математики, сложивіпееся в ходе длительного историч. развития. Возникновение и формирование әтого понятия происходило вместе г. зарождением и развитием математики. Практич. деятельность человека, с одной стороны, и внутренние потребности математики - с другой определили развитие понятия числа.

Потребность счета предметов привела к возникновению поняттия натурального числа. Все народы, обладавшие письменностью, владели понятием натурального числа и пользовались той или иной системой счисления. О ранних этапах возникновения и развития понятия Ч. можно судіть лишь на основе косвенных данных, к-рые доставляю' языкознание и этнография. Первобытному человеку, видимо, не требовалось умение считать, чтобы установить, полної или нет является какая-нибудь совокупность.

Впоследствии за определенным количеетвом предметов или явлений, с к-рыми люди часто встречались, закрепились особые наименования. Так, в языках нек-рых народностей пмелись слова для обозначения таких объектов, как «три человека», &quot;три лодки», . .., но не было отвлеченного понятия «трп&quot;. Таким путем, вероятно, возникали сравнительно короткие числовые ряды, служащие для обозначения отдельно людей, отдельно лодок, отдельно кокосовых орехов, . . . На этої стадии отвлеченных Ч. еще не было, Ч. были Iменованными.

Необходимость передавать сообщения о численности той или иной совокупности привела к выделению стандартной совокупности, состоящей чаще всего из частей человеческого тела. Каждая часть тела в такой системе счета имела определенный порядок и найенование. Когда же частей тела не хватало, пользовались пучком палочек. Той же цели служили камешки, раковины, зарубки на дереве или камне, черточки на земле, веревки с узелками...

Следующий этап в развитии понятия Ч. связан с переходом к счету группами: парами, десятками, дюжинами... Возникают прообразы т. н. узловых чисел и вместе с тем зачатки арифметич. операций, что отражено в названиях Ч. Оформляются определенные при- емы счета, для счета применяются специальные приспособления, появляются числовые обознатения. Ч. отделяются от сосчитываемых объектов, становятся отвлеченнымі. Начинают складываться системы счисления.

Процесс образования современной системы счисления исключительно сложен. Только о завершении этого процесса можно судить с огределенной достоверностыо. Известно много разных систем счисления. В Древнем Египте таких систем было несколько. В одной из них имелись особые знаки для 1, 10, 100, 1000. Другие Ч. изображались путем комбинации этіх знаков. Основной арифметич. операцией у древних египтян являлось сложение. За две тысячи лет до н. ). вавилоняне употребляли шестидесятиричную систему счисления с позиционным принцином записи Ч. Они пользовались только двумя знаками. Древние греки пользовались алфавитной системой счисления, ее употребляли также славяне. В Индии в начале н. э. была широко распространена словесная позиционная десятичная система нумерации с несколькими синонимами для нуля. Впоследствии там возникла и позиционная десятичная система счисления. С 8 в. н. э. эта система стала распространяться по Арабскому Востоку. Европейцы познакомились с неї̈ в 12 в.

Расширеніе круга сосчитываемых предметов, что произошло в результате усложнения практич. деятельности людей и, наконец, любознательность, свойственная человеку, шаг за шагом отодвигали границу счета. Возникло представление о неограниченной продолжаемости натурального ряда. Этим представлением отчетливо владели древние греки. Одна из теорем Евклида гласит: &quot;Простых существует больше всякого предложенного их числа». Тем не менее еще Архимеду пришлось убеждать современников, что можно указать число, большее чем «число песчинок в мире».

Для измерения величин требовались дробные Ч. Дробные Ч. были известны уже в Древнем Египте и $\mathrm{Ba}-$ вилоне. Египтяне дроби выражали обычно при помощи аликвотных дробей, т. е. дробей с числителем, равным 1. Вавилоняне пользовались пестидесятиричными дробями. Китайцы и индийцы в начале н. э. пользовались обыкновенными дробями и умели выполнять все арифметич. действия над ними. Среднеазиатские ученые не позднее 10 в. создали позиционную шестидесятиричную систему счисления. Эта система особенно шпироко применялась в астрономич. вычислениях и таблицах. Следы ее дошли до нас в измерении времени и углов. Десятичные дроби ввел в нач. 15 в. и стал широко применять самаркандский математик Каши (аль-Каши). В Европе десятичные дроби стали распространяться после выхода книги «Десятая&quot; (1585), автором к-рой был C. Стевін (S. Stevin). До введения десятичных дробей в практику вычислений целую тасть Ч. европейцы обычно представляли в десятичной системе счисления, а дробную - в шестидесятиричной или в виде обыкновенной дроби.

Дальнейшее расширение понятия Ч. происходило главным образом в связи с потребностями самой математики. Отрицательные Ч. вшервые появились в Древнем Китае. Индийские математики пришли к отрицательным Ч., пытаясь формулировать алгоритм решения квадратных уравнений для всех случаев. Диофант (3в.) свободно оперирует с отрицательными Ч. Они постоянно встречаются в промежуточных вычислениях во многих задачах его «Арифметики». Однако и в 16 и в 17 вв. многие европейские математики не признавали отрицательных Ч., и если такие Ч. встречались в их вычислениях, то они наз. их ложными, невозможными. Положение изменилось, когда в 17 в. было найдено геометрич. истолкование положительным и отрицательным Ч., как противоположно направленным отрезкам. Проблема существования отношения однородных величин в рамках практики не возникает. Вавилоняне владели алгоритмом нахождения приближенного значения квадратного корня из Ч. с любой заданной точностью. В 5 в. до н. э. греч. математики открыли, что сторона и диагональ квадрата не имеют общей меры. Таким образом, оказалось, что не любые точно заданные отрезки соизмеримы. Греческие математики не стали вводить новых Ч. Указанную трудность они обошли, создав теорию отношения отрезков, не связанную с понятием Ч.

Развитие алгебры и техники приближенных вычислений, в связи с потребностями астрономии, привело арабских математиков к расширению понятия Ч. Любое отношение однородных величин, как соизмеримых, так и несоизмеримых, они стали рассматривать как Ч. Так Насирэддин (1201-74) писал: «Каждое из этих отношений может быть названо числом, к-рое определяется единицей так же, как один из членов этого отношения определяется другим из этих членов». В том же направлении развивалась европейская математика. Если Дж. Кардано (G. Cardano) в «Практической арифметике» (1539) еще говорил об иррациональных числах как о &quot;глухих&quot;, о таких, к-рые «нельзя ни услышать, ни представить», то С. Стевин в своей «Арифметике» (1585) заявлял, что «число есть то, чем определяется любая величина», и что «нет никаких абсурдных, иррациональных, неправильных, невыразимых или глухих чисел». И, наконец, И. Ньютон (I. Newton) во «Всеобщей арифметике» (1707) дал следующее определение: «Под числом мы понимаем не столько множество едивиц, сколько отвлеченное отношение какой-нибудь величины того же рода, принятої за единицу. Число бывает трех видов: целое, дробное и иррациональное. Целое есть то, тто измеряется единицей; дробное кратное долей единицы; иррациональное число несоизмеримо с единицей». В связи с тем тто величины у И. Ньютона могут быть как положительными, так и отрицательными, то и Ч. в его арифметике могут быть и положительными или же &quot;большими, чем ничто&quot;, так и отрицательными или же «меньшими, чем ничто».

Мнимые Ч. впервые появились в труде Дж. Кардано «Великое искусство》 (1545). Решая систему уравнений $x+y=10, \quad x y=40, \quad$ он нашел корни $5+\sqrt{-15}$ и $5-\sqrt{-15}$. Найденные решения Дж. Кардано назвал «чисто отрицательными» и даже «софистически отрицательными». Первый, кто увидел пользу от введения мнимых величин, был Р. Бомбелли (R. Bombelli). В своей «Алгебре» (1572) он показал, что действительные корни уравнения $x^{3}=p x+q, p&gt;0,4&gt;0$, в случае $\left(\frac{p}{3}\right)^{3}&gt;\left(\frac{q}{2}\right)^{2}$ выражаются через радикалы из мнияых величин. Р. Бомбелли определил арифметич. операции над такими величинами и подошел, таким образом, к созданию теории комплексных чисел. В 17 и 18 вв. многие математики занимались исследованием свойств мнимых величин и их приложениями. Так, Л. Эйлер (L. Euler) распространил понятие логарифма на любые комшлексные Ч. (1738) и указал новый метод интегрирования с помощью комплексных переменных (1776), А. Муавр (A. Moivre) решил задачу об извлечении корня натуральной степени из любого комплексного Ч. (1736). Удачным шрименением теории комплексных Ч. стала основная теорема алгебры: «Всякий многочлен с действительными коэффициентами степени выше нулевой разлагается в произведение многочленов первой и второй степени с такими же коәфффициентами» (Л. Эйлер; '๙ Д. Д'Аламбер, J. D'Alembert; K. Гаусс, C. Gauss). Тем не менее пока на рубеже 18-19 вв. не было дано геометрич. истолкование комплексных Ч., как точкам плоскости, мнимые Ч. у многих математиков вызывали недоверие.

В нач. 19 в. в связи с большими успехами математич. анализа многими учеными была осознана необходимость обоснования основ анализа - теории пределов. Математиков перестали удовлетворять доказательства основанные на наглядности или геометрич. представлении. Нерешенной оставалась и проблема построения единой дедуктивной теории Ч. Натуральное Ч. нередко мыслилось как собрание единиц, дробь - как отношение величин, действительное Ч. - как длина отрезка и комплексное Ч. - как точка плоскости. Не было полной ясности в вопросе, как вводить арифметич. операции над Ч. И, наконец, естественно возникалі вопрос о дальнейпем развитии понятия Ч. Можно ли, в частности, ввести новые Ч., связанные уже с точками про странства?

Во всех указанных направлениях в 19 в. велись интенсивные исследования. Формулируется принцип, в соответствии с к-рым происходит обобщение понятия 4.- т. н. принцип перманентности формальных законов счета. В согласии с ним при построении новой более широкой, в сравнении с исходной, системой Ч. операции в ней обобщается таким образом, что остаются в силе законы одноименных действй̈ над Ч. (Дж. Пикок, G. Peacock, 1834; Г. Ганкель, Н. Hankel, 1867). Во 2-й пол. 19 в. почти одновременно Г. Kaнтор (G. Cantor, 1879), III. Мере (Ch. Мéray, 1869), Р. Дедекинд (R. Dedekind, 1872) и К. Вейерштрасс (K. Weierstrass, 1872) построили теорию действительных чисел. При этом Г. Кантор и III. Мере исходили из фундаментальных последовательностей рациональных Ч. Р. Дедекинд из сечений в поле рациональных Ч., а К. Вейерштрассиз бесконечных десятичных дробей.

В результате работ Дж. Пеано (G. Peano, 1891), К. Вейерштрасса (1878) и Г. Грассмана (H. Grassman, 1861) была построена аксиоматич. теория натуральных Ч., У. Гамильтон (W. Hamilton, 1837) построил теорию комплексных Ч., исходя из пар действительных Ч., К. Вейерштрасс - теорию целых Ч. как пар натуралььых Ч., и Ж. Таннери (J. Tannery, 1894)теорию рациональных Ч. как пар целых Ч.

Попытки найти обобщение понятия комплексного 4. привели к разработке теории гиперкомплексных чисел. Историчөски шервой системой таких Ч. были кватернионbl, открытые У. Гамильтоном. В результате проведенных исследованиї̈ выяснилось (К. Вейерштрасс; Г. Фробениус, G. Frobenius; Б. Пирс, В. Peirce), что всякое расширение понятия комплексного Ч. за пределы системы комплексных Ч. возможно только при отказе от каких-либо обычных свойств Ч.

На протяжении всего 19 в. и до нач. 20 в. в математике происходят глубокие изменения. Меняются представления об объектах и установках математики. Постепенно складывается аксиоматич. метод построения математики на теоретико-множественной основе. В соответствии с ним всякая математич. теория изучает определенную алгебраич. систему. Другими словами, изучает множество с выделенными в нем отношениями, в частности алгебраич. операциями, удовлетворяющими определенным условиям - аксиомам.

С этой точки зрения любая числовая система есть нек-рая алгебраич. система. При определении конкретных числовых систем удобно пользоваться понятием «распирение алгебраической системы&quot;. Это понятие является естественным уточнением сформулированного выпе принципа перманентности формалыных законов счета. Алгебраич. систему $A^{\prime}$ наз. р а с ши р е ни е м а л г е б р а ич. си с т е м ы $A$, если основное множество системы $A$ является подмножеством основного множества системы $A^{\prime}$, если далес существует взаимно однозначное отображение множества отношений систе- мы $A^{\prime}$ на множество отношений системы $A$ и если для любого набора элементов системы $A$, для к-рого выполняется какое-нибудь отношение этой системы, выполняется соответствующее отношение системы $A^{\prime}$.

Так, напр., под системой натуральных Ч. обычно понимают алгебраич. систему $\mathbb{N}=\langle N,+, \cdot, 1\rangle$ с двумя бинарными алгебраич. операциями: сложением $(+)$ и умножением (•) и выделенным элементом (1) (единица), удовлетворяющим следующим аксиомам:

1) для любого элемента $a \in N, a+1 \neq a$;

2) ассоциативность сложения: для любых әлементов $a, b, c$ из $N$

\[
(a+b)+c=a+(b+c)
\]

3) коммутативность сложения: для любых элементов $a, b$ из $N$

\[
a+b=b+a
\]

4) сократимость сложения: для любых элементов $a, b, c$ из $N$ из равенства $a+c=b+c$ следует равенство $a=b$

5) 1 - нейтральный элемент умножения, т. е. для любого $a \in N, a \cdot 1=a$;

6) ассоциативность умножения: для любых әлементов $a, b, c$ из $N$

\[
(a \cdot b) \cdot c=a \cdot(b \cdot c)
\]

7) дистрибутивность умножения: относительно сложения: для любых элементов $a, b, c$ из $N$

\[
(a+b) \cdot c=a c+b c
\]

8) аксиома индукции: если подмножество $M$ множества натуральных Ч. $N$ содержит 1 и вместе с әлементом $a$ элемент $a+1$, то $M=N$.

Из аксиом $2,3,4,6$ и 7 следует, что система натуральных Ч. - полукольцо относительно операций $(+)$ и (.). Поэтому систему натуральных Ч. можно определить как минимальное полукольцо с нейтральным элементом умножения и без нейтрального элемента сложения.

Система целых Ч. $\mathbb{Z}=\langle Z,+, \cdot, 0,1\rangle$ огределяется как минимальное кольцо, являющееся расширением полукольца $\langle N,+, ;, 1\rangle$ натуральных Ч. Система рациональных Ч. $\mathbb{Q}=\langle Q,+, \cdot, 0,1\rangle$ может быть определена как минимальное поле, являющееся распирепием кольца $\langle Z,+, \cdot, 0,1\rangle$ целых Ч. Система комплексных Ч. $\mathbb{C}=\langle C,+, \cdot, 0,1, i\rangle$-минимальное поле, являющееся расширением поля $\langle R,+, \cdot 0,1\rangle$ действительных Ч. с элементом $i$ таким, что $i^{2}+1=0$.

Под системой $\mathbb{R}=\langle R,+, \cdot, 0,1,&gt;\rangle$ действительных Ч. понимают алгебраич. систему с двумя бинарными алгебраич. операциями $(+)$ и ( $)$, с двумя выделенными элементами (0) и (1) и с одним бинарным отношением ıорядка $(&gt;)$. Аксиомы $\mathbb{R}$ разделяются на следующие группы:

1) а к с иомы поля: система $\langle R,+, \cdot 0,1\rangle-$ поле;

2) а к с и омы п о р я д к а: система $\langle R,+, \cdot, 0,1,&gt;\rangle-$ линейно и строго упорядоченное голе;

3) а к с и о а А р х и е д а: для любых элементов $a&gt;0$ и $b&gt;0$ из $R$ существует натуральное число $n$ такое, что

\[
n \cdot a=\underbrace{a+\ldots+a}_{n}&gt;b
\]

4) а к с и о а п о л но ты: любая фундаментальная последовательность $\left\{r_{n}\right\}_{n}$ действительных Ч. сходится, т. е. если для любого $\varepsilon&gt;0$ существует номер $n_{\varepsilon}$ такой, тто для любых $n&gt;n_{\varepsilon}$ и $m&gt;n_{\varepsilon}$ выполняется неравенство $\left|r_{n}-r_{m}\right|&lt;\varepsilon$, то последовательность $\left\{r_{n}\right\}_{n}$ сходится к нек-рому элементу поля $R$.

Короче, система действительных Ч. - полное линейно строго и архимедовски упорядоченное поле. Систему действительных Ч. әквивалентным образом можно определить и как непрерывное линейно уюорядоченное поле. В этом случае аксиомы Архимеда и полноты заменяются аксиомой непрерывности:

если $A$ и $B$ - непустые подмножества $R$ такие, что для любых элементов $a \in A$ и $b \in B$ выполняется неравенство $a&lt;b$, то существует такой элемент $c \in R$, что $a \leqslant c \leqslant b$ для любых элементов $a \in A$ и $b \in B$.

Конструкции действительных Ч., предложенные $Г$. Кантором и III. Мере, могут служить интерпретацией первой системы аксиом для системы действительных Ч., a конструкция $\mathrm{P}$. Дедекинда - интерпретацией для второй системы. Аналогично, конструкции У. Гамильтона, К. Вейерштрасса и Ж. Таннери - интерпретацией для систем аксиом систем комплексных Ч., целых Ч., рациональных Ч.

Для системы натуральных Ч. в качестве интерпретаций могут служить порядковая теория натуральных Ч., разработанная Дж. Пеано и количественная теория натуральных Ч., принадлежащая Г. Кантору.

В 19 в. была четко поставлена задача обоснования Iонятия Ч. и, более пироко, проблема обоснования математики. Эта проблема стала предметом математич. логики, интенсивное развитие к-рой продолжается в 20 B.

См. также А рифметика формальная, Конструктивный анализ, р-адическое число, Алгебрачческое число, Трансцендентиое число, Кардинальное число, Порядковое число, А рифметика.

Лит.: [1] Б е р е з к и н а Э. И., Математика древнего Китая, М., 1980: [2] Б у р б а к и Н., Очерки по истории математики, пер. с франц., М., 1963: [3] B а й м а н А. А., Шумеровавилонская математика, М., 1961; [4] В а н д е p $\mathrm{B}$ а p-
Д е н Б. Ј.,, Пробуждающаяся наука, пер. с голл., М., $1959 ;$ Д е ї Б. Ј., Пробуждающаяся наука, пер. с голл., М., 1959 ; середины XIX столетия, пер. с нем., 2 изд., М., 1966; [6] В о л од а р с к и й А. И., Очерки истории средневековой индийской математики, М., 1977, [7 В ы г од с к и й М. Я., Арифметика История арифметики, М., $1959 ;$; [9] К о л ь м а н Э., История математики в древности, М., 1961: [10] К ә д ж о р и Ф., История әлементарной математики, пер. с англ., ОД., 1910; [11] Н е ч а е в В. И., Числовые системы, М., 1975; [12] Р ы] б н и-
к о в К. А., История математики, 2 изд., М., $1974 ;$ [13] С т p o й к Д. Я., Краткий очерк истории математики, пер. с нем., 3 изд., М., 1978; [14] Ф е ф е р м а н С., Числовые системы, пер. с англ., М., 1971; [15] Ш е й т е н И. Г., История математики в древности и в средние века, пер. с франц., 2 изд. М.-- Л., 1938: [16] Ю ШШ К е в и ч А. П., История математики в средние века, М., 1961; [17] История математики, т. 1-3, M.,
$1970-72 ;$ [18]' Математика ХIХ века. Математическая логика. Алгебра. Теория чисел. Теория вероятностей, М., 1978.</text_orig>
</article>
