<?xml version="1.0" ?>
<article uri="http://libmeta.ru/me/article/1009_GEOMETRIChESKOE" alphabetic_pos="1009">
  <title>ГЕОМЕТРИЧЕСКОЕ ПРИБЛИНКЕНИЕ</title>
  <authors/>
  <pages>
    <start>471</start>
    <end>471</end>
  </pages>
  <literature>
    <literature_orig>Лum.: [1] Ф р и д ле н д е р Ф., Звуковые импульсы, пер. с англ., М., 1962; [2] Б а б и ч В., М., Б у л д ы р е в В. С., Асимптотические методы в задачах дифракции коротких волн,М., 1972 .В. $м$. Бабич.</literature_orig>
    <unit>
      <author>Фридлендер Ф.</author>
      <title>Звуковые импульсы</title>
      <publication>пер. с англ., М.</publication>
      <year>1962</year>
      <other/>
    </unit>
    <unit>
      <author>Бабич В.</author>
      <author> М.</author>
      <author>Булдырев В. С.</author>
      <title>Асимптотические методы в задачах дифракции коротких волн</title>
      <publication>М.</publication>
      <year>1972</year>
      <other/>
    </unit>
  </literature>
  <formulas_main>
    <formula uri="http://libmeta.ru/me/formula/main/1009_1_GEOMETRIChESKOE">\sum_{s=0}^{\infty} \frac{u_{s}(x, y, z)}{(-i \omega)^{s}} e^{i \omega \tau(x, y, z)-i \omega t},</formula>
    <formula uri="http://libmeta.ru/me/formula/main/1009_2_GEOMETRIChESKOE">\int \frac{d s}{c(x, y, z)}</formula>
    <formula uri="http://libmeta.ru/me/formula/main/1009_3_GEOMETRIChESKOE">\frac{d \tau}{d s}=\frac{1}{c(x, y, z)} .</formula>
    <formula uri="http://libmeta.ru/me/formula/main/1009_4_GEOMETRIChESKOE">\boldsymbol{r}(\alpha, \beta, \tau)=\boldsymbol{r}(x, y, z)</formula>
    <formula uri="http://libmeta.ru/me/formula/main/1009_5_GEOMETRIChESKOE">J=\left|\left[\frac{\partial r}{\partial \alpha}, \frac{\partial r}{\partial \beta}\right]\right|</formula>
  </formulas_main>
  <formulas_aux>
    <formula uri="http://libmeta.ru/me/formula/aux/1009_1_GEOMETRIChESKOE">\gamma</formula>
    <formula uri="http://libmeta.ru/me/formula/aux/1009_2_GEOMETRIChESKOE">0_{-}^{-}</formula>
    <formula uri="http://libmeta.ru/me/formula/aux/1009_3_GEOMETRIChESKOE">u_{s}-</formula>
    <formula uri="http://libmeta.ru/me/formula/aux/1009_4_GEOMETRIChESKOE">u_{s}</formula>
    <formula uri="http://libmeta.ru/me/formula/aux/1009_5_GEOMETRIChESKOE">c(x, y, z)</formula>
    <formula uri="http://libmeta.ru/me/formula/aux/1009_6_GEOMETRIChESKOE">d s</formula>
    <formula uri="http://libmeta.ru/me/formula/aux/1009_7_GEOMETRIChESKOE">\alpha, \beta</formula>
    <formula uri="http://libmeta.ru/me/formula/aux/1009_8_GEOMETRIChESKOE">\tau-</formula>
    <formula uri="http://libmeta.ru/me/formula/aux/1009_9_GEOMETRIChESKOE">\alpha, \beta, \tau</formula>
    <formula uri="http://libmeta.ru/me/formula/aux/1009_10_GEOMETRIChESKOE">\alpha</formula>
    <formula uri="http://libmeta.ru/me/formula/aux/1009_11_GEOMETRIChESKOE">\beta, \tau</formula>
    <formula uri="http://libmeta.ru/me/formula/aux/1009_12_GEOMETRIChESKOE">\tau=</formula>
    <formula uri="http://libmeta.ru/me/formula/aux/1009_13_GEOMETRIChESKOE">j</formula>
    <formula uri="http://libmeta.ru/me/formula/aux/1009_14_GEOMETRIChESKOE">u_{s}</formula>
    <formula uri="http://libmeta.ru/me/formula/aux/1009_15_GEOMETRIChESKOE">\gamma</formula>
  </formulas_aux>
  <relations n="5">
    <relation uri="http://libmeta.ru/me/relation/1009_1_GEOMETRIChESKOE">
      <rel_text>Дифракции математическая теория</rel_text>
      <target>http://libmeta.ru/me/article/251_DIFRAKTsII</target>
    </relation>
    <relation uri="http://libmeta.ru/me/relation/1009_2_GEOMETRIChESKOE">
      <rel_text>Ii</rel_text>
      <target>http://libmeta.ru/me/article/370_II</target>
    </relation>
    <relation uri="http://libmeta.ru/me/relation/1009_3_GEOMETRIChESKOE">
      <rel_text>функции</rel_text>
      <target>http://libmeta.ru/me/article/790_FUNKTO</target>
    </relation>
    <relation uri="http://libmeta.ru/me/relation/1009_4_GEOMETRIChESKOE">
      <rel_text>поле</rel_text>
      <target>http://libmeta.ru/me/article/390_POL</target>
    </relation>
    <relation uri="http://libmeta.ru/me/relation/1009_5_GEOMETRIChESKOE">
      <rel_text>Поверхности</rel_text>
      <target>http://libmeta.ru/me/article/332_POVERHNOST</target>
    </relation>
  </relations>
  <text>$URI[[http://libmeta.ru/me/formula/aux/1009_1_GEOMETRIChESKOE]]/URI$ е $URI[[http://libmeta.ru/me/formula/aux/1009_2_GEOMETRIChESKOE]]/URI$ ме т р о-оптическое приближение,ряд вида

\[
URI[[http://libmeta.ru/me/formula/main/1009_1_GEOMETRIChESKOE]]/URI
\]

к-рый формально удовлетворяет уравнению, описывающему волновой процесс (или системе уравнений, тогда $URI[[http://libmeta.ru/me/formula/aux/1009_3_GEOMETRIChESKOE]]/URI$ векторы).

Для решения краевых задач теории колебаний (см. URI[[http://libmeta.ru/me/relation/1009_1_GEOMETRIChESKOE]]/URI) разработан так наз. лучевой метод [2], позволяющий строить Г. п. Существует гипотеза, что получающиеся в результате ряды представляют собой асимптотич. разложение искомых решений там, где члены Г. п. не имеют особенностей. В частных случаях эту гипотезу удалось доказать. Имеется и нестационарный аналог Г. п.

Построение функций $URI[[http://libmeta.ru/me/formula/aux/1009_4_GEOMETRIChESKOE]]/URI$ основано на рассмотрении поля лучей, т. е. экстремалей функционала (см. Ферма принцип)

\[
URI[[http://libmeta.ru/me/formula/main/1009_2_GEOMETRIChESKOE]]/URI
\]

где $URI[[http://libmeta.ru/me/formula/aux/1009_5_GEOMETRIChESKOE]]/URI$ - скорость в рассматриваемой изотропной физич. среде, $URI[[http://libmeta.ru/me/formula/aux/1009_6_GEOMETRIChESKOE]]/URI$ - элемент длины дуги. Пусть пара параметров $URI[[http://libmeta.ru/me/formula/aux/1009_7_GEOMETRIChESKOE]]/URI$ характеризует луч, параметр $URI[[http://libmeta.ru/me/formula/aux/1009_8_GEOMETRIChESKOE]]/URI$ точки на луче, причем

\[
URI[[http://libmeta.ru/me/formula/main/1009_3_GEOMETRIChESKOE]]/URI
\]

Параметры $URI[[http://libmeta.ru/me/formula/aux/1009_9_GEOMETRIChESKOE]]/URI$ можно взять за криволинейные координаты. Переход от криволинейных координат $URI[[http://libmeta.ru/me/formula/aux/1009_10_GEOMETRIChESKOE]]/URI$, $URI[[http://libmeta.ru/me/formula/aux/1009_11_GEOMETRIChESKOE]]/URI$ к декартовой прямоугольной дается формулой

\[
URI[[http://libmeta.ru/me/formula/main/1009_4_GEOMETRIChESKOE]]/URI
\]

URI[[http://libmeta.ru/me/relation/1009_5_GEOMETRIChESKOE]]/URI $URI[[http://libmeta.ru/me/formula/aux/1009_12_GEOMETRIChESKOE]]/URI$ const ортогональны лучам. точках, где URI[[http://libmeta.ru/me/relation/1009_4_GEOMETRIChESKOE]]/URI лучей не имеет особенностей, отлична от нуля величина

\[
URI[[http://libmeta.ru/me/formula/main/1009_5_GEOMETRIChESKOE]]/URI
\]

к-рая наз. ге о ме т р иче с ким ра с х ожд ен и е м. Величина $URI[[http://libmeta.ru/me/formula/aux/1009_13_GEOMETRIChESKOE]]/URI$ входит в рекуррентные соотношшения, связывающие URI[[http://libmeta.ru/me/relation/1009_3_GEOMETRIChESKOE]]/URI $URI[[http://libmeta.ru/me/formula/aux/1009_14_GEOMETRIChESKOE]]/URI$ между собой, и играет фундаментальную роль во всех построениях $URI[[http://libmeta.ru/me/formula/aux/1009_15_GEOMETRIChESKOE]]/URI$. URI[[http://libmeta.ru/me/relation/1009_2_GEOMETRIChESKOE]]/URI.</text>
  <text_orig>$\Gamma$ е $0_{-}^{-}$ ме т р о-оптическое приближение,ряд вида

\[
\sum_{s=0}^{\infty} \frac{u_{s}(x, y, z)}{(-i \omega)^{s}} e^{i \omega \tau(x, y, z)-i \omega t},
\]

к-рый формально удовлетворяет уравнению, описывающему волновой процесс (или системе уравнений, тогда $u_{s}-$ векторы).

Для решения краевых задач теории колебаний (см. Дифракции математическая теория) разработан так наз. лучевой метод [2], позволяющий строить Г. п. Существует гипотеза, что получающиеся в результате ряды представляют собой асимптотич. разложение искомых решений там, где члены Г. п. не имеют особенностей. В частных случаях эту гипотезу удалось доказать. Имеется и нестационарный аналог Г. п.

Построение функций $u_{s}$ основано на рассмотрении поля лучей, т. е. экстремалей функционала (см. Ферма принцип)

\[
\int \frac{d s}{c(x, y, z)}
\]

где $c(x, y, z)$ - скорость в рассматриваемой изотропной физич. среде, $d s$ - элемент длины дуги. Пусть пара параметров $\alpha, \beta$ характеризует луч, параметр $\tau-$ точки на луче, причем

\[
\frac{d \tau}{d s}=\frac{1}{c(x, y, z)} .
\]

Параметры $\alpha, \beta, \tau$ можно взять за криволинейные координаты. Переход от криволинейных координат $\alpha$, $\beta, \tau$ к декартовой прямоугольной дается формулой

\[
\boldsymbol{r}(\alpha, \beta, \tau)=\boldsymbol{r}(x, y, z)
\]

Поверхности $\tau=$ const ортогональны лучам. точках, где поле лучей не имеет особенностей, отлична от нуля величина

\[
J=\left|\left[\frac{\partial r}{\partial \alpha}, \frac{\partial r}{\partial \beta}\right]\right|
\]

к-рая наз. ге о ме т р иче с ким ра с х ожд ен и е м. Величина $J$ входит в рекуррентные соотношшения, связывающие функции $u_{s}$ между собой, и играет фундаментальную роль во всех построениях $\Gamma$. II.

Лum.: [1] Ф р и д ле н д е р Ф., Звуковые импульсы, пер. с англ., М., 1962; [2] Б а б и ч В., М., Б у л д ы р е в В. С., Асимптотические методы в задачах дифракции коротких волн,
М., 1972 .
В. $М$. Бабич.</text_orig>
</article>
