<?xml version="1.0" ?>
<article uri="http://libmeta.ru/me/article/1009_REGRESSII" alphabetic_pos="1009">
  <title>РЕГРЕССИИ ПОВЕРХНОСТЬ</title>
  <authors>
    <author>A. В. Прохоров</author>
  </authors>
  <pages>
    <start>464</start>
    <end>464</end>
  </pages>
  <literature>
    <literature_orig/>
  </literature>
  <formulas_main>
    <formula uri="http://libmeta.ru/me/formula/main/1009_1_REGRESSII">f\left(x_{2}, \ldots, x_{n}\right)=\mathrm{E}\left(X_{1} \mid X_{2}=x_{2}, \ldots, X_{n}=x_{n}\right)</formula>
  </formulas_main>
  <formulas_aux>
    <formula uri="http://libmeta.ru/me/formula/aux/1009_1_REGRESSII">x_{1}, X_{2}, \ldots, X_{n}</formula>
    <formula uri="http://libmeta.ru/me/formula/aux/1009_2_REGRESSII">x_{1}</formula>
    <formula uri="http://libmeta.ru/me/formula/aux/1009_3_REGRESSII">x_{2}, \ldots, X_{n}</formula>
    <formula uri="http://libmeta.ru/me/formula/aux/1009_4_REGRESSII">y=</formula>
    <formula uri="http://libmeta.ru/me/formula/aux/1009_5_REGRESSII">=f\left(x_{2}, \ldots, x_{n}\right)</formula>
    <formula uri="http://libmeta.ru/me/formula/aux/1009_6_REGRESSII">n</formula>
    <formula uri="http://libmeta.ru/me/formula/aux/1009_7_REGRESSII">n=2</formula>
    <formula uri="http://libmeta.ru/me/formula/aux/1009_8_REGRESSII">\mathrm{p}</formula>
    <formula uri="http://libmeta.ru/me/formula/aux/1009_9_REGRESSII">\mathrm{p}</formula>
  </formulas_aux>
  <relations n="8">
    <relation uri="http://libmeta.ru/me/relation/1009_1_REGRESSII">
      <rel_text>Регрессия</rel_text>
      <target>http://libmeta.ru/me/article/1012_REGRESSI</target>
    </relation>
    <relation uri="http://libmeta.ru/me/relation/1009_2_REGRESSII">
      <rel_text>Ii</rel_text>
      <target>http://libmeta.ru/me/article/370_II</target>
    </relation>
    <relation uri="http://libmeta.ru/me/relation/1009_3_REGRESSII">
      <rel_text>регрессии</rel_text>
      <target>http://libmeta.ru/me/article/1012_REGRESSI</target>
    </relation>
    <relation uri="http://libmeta.ru/me/relation/1009_4_REGRESSII">
      <rel_text>уравнения</rel_text>
      <target>http://libmeta.ru/me/article/106_URAVNENI</target>
    </relation>
    <relation uri="http://libmeta.ru/me/relation/1009_5_REGRESSII">
      <rel_text>пространстве</rel_text>
      <target>http://libmeta.ru/me/article/748_PROSTRANSTV</target>
    </relation>
    <relation uri="http://libmeta.ru/me/relation/1009_6_REGRESSII">
      <rel_text>задает</rel_text>
      <target>http://libmeta.ru/me/article/10_ZAdAch</target>
    </relation>
    <relation uri="http://libmeta.ru/me/relation/1009_7_REGRESSII">
      <rel_text>уравнение</rel_text>
      <target>http://libmeta.ru/me/article/106_URAVNENI</target>
    </relation>
    <relation uri="http://libmeta.ru/me/relation/1009_8_REGRESSII">
      <rel_text>регрессия</rel_text>
      <target>http://libmeta.ru/me/article/1012_REGRESSI</target>
    </relation>
  </relations>
  <text>(гиперповерхность) обтее геометрич. представление уравнения регрессии. Если заданы случайные величины $URI[[http://libmeta.ru/me/formula/aux/1009_1_REGRESSII]]/URI$ и

\[
URI[[http://libmeta.ru/me/formula/main/1009_1_REGRESSII]]/URI
\]

- URI[[http://libmeta.ru/me/relation/1009_8_REGRESSII]]/URI $URI[[http://libmeta.ru/me/formula/aux/1009_2_REGRESSII]]/URI$ по $URI[[http://libmeta.ru/me/formula/aux/1009_3_REGRESSII]]/URI$, то URI[[http://libmeta.ru/me/relation/1009_7_REGRESSII]]/URI $URI[[http://libmeta.ru/me/formula/aux/1009_4_REGRESSII]]/URI$ $URI[[http://libmeta.ru/me/formula/aux/1009_5_REGRESSII]]/URI$ URI[[http://libmeta.ru/me/relation/1009_6_REGRESSII]]/URI в $URI[[http://libmeta.ru/me/formula/aux/1009_6_REGRESSII]]/URI$-мерном URI[[http://libmeta.ru/me/relation/1009_5_REGRESSII]]/URI соответствующую Р. П. При $URI[[http://libmeta.ru/me/formula/aux/1009_7_REGRESSII]]/URI$ Р. П. обычно наз. к р ив о й $URI[[http://libmeta.ru/me/formula/aux/1009_8_REGRESSII]]/URI$ е г p е с с и и. Иногда эти термины используются для того, чтобы подчеркнуть, что соответствующие URI[[http://libmeta.ru/me/relation/1009_4_REGRESSII]]/URI URI[[http://libmeta.ru/me/relation/1009_3_REGRESSII]]/URI не являются линейными. В линейном случае $URI[[http://libmeta.ru/me/formula/aux/1009_9_REGRESSII]]/URI$. URI[[http://libmeta.ru/me/relation/1009_2_REGRESSII]]/URI. наз. соответственно п л о с к ос т ь р е г е есси и и прямой рег рессии. См. URI[[http://libmeta.ru/me/relation/1009_1_REGRESSII]]/URI.</text>
  <text_orig>(гиперповерхность) обтее геометрич. представление уравнения регрессии. Если заданы случайные величины $X_{1}, X_{2}, \ldots, X_{n}$ и

\[
f\left(x_{2}, \ldots, x_{n}\right)=\mathrm{E}\left(X_{1} \mid X_{2}=x_{2}, \ldots, X_{n}=x_{n}\right)
\]

- регрессия $X_{1}$ по $X_{2}, \ldots, X_{n}$, то уравнение $y=$ $=f\left(x_{2}, \ldots, x_{n}\right)$ задает в $n$-мерном пространстве соответствующую Р. П. При $n=2$ Р. П. обычно наз. к р ив о й $\mathrm{p}$ е г p е с с и и. Иногда эти термины используются для того, чтобы подчеркнуть, что соответствующие уравнения регрессии не являются линейными. В линейном случае $\mathrm{P}$. II. наз. соответственно п л о с к ос т ь р е г е есси и и прямой рег рессии. См. Регрессия.

A. В. Прохоров.</text_orig>
</article>
