<?xml version="1.0" ?>
<article uri="http://libmeta.ru/me/article/100_KRISTALLOGRAFIJa" alphabetic_pos="100">
  <title>КРИСТАЛЛОГРАФИЯ МАТЕМАТИЧЕСКАЯ</title>
  <authors/>
  <pages>
    <start>56</start>
    <end>56</end>
  </pages>
  <literature>
    <literature_orig/>
  </literature>
  <formulas_main/>
  <formulas_aux>
    <formula uri="http://libmeta.ru/me/formula/aux/100_1_KRISTALLOGRAFIJa">n</formula>
    <formula uri="http://libmeta.ru/me/formula/aux/100_2_KRISTALLOGRAFIJa">m</formula>
    <formula uri="http://libmeta.ru/me/formula/aux/100_3_KRISTALLOGRAFIJa">\left.G_{m}^{n}\right)</formula>
    <formula uri="http://libmeta.ru/me/formula/aux/100_4_KRISTALLOGRAFIJa">g_{3}^{3}</formula>
    <formula uri="http://libmeta.ru/me/formula/aux/100_5_KRISTALLOGRAFIJa">g_{0}^{3}</formula>
    <formula uri="http://libmeta.ru/me/formula/aux/100_6_KRISTALLOGRAFIJa">n</formula>
    <formula uri="http://libmeta.ru/me/formula/aux/100_7_KRISTALLOGRAFIJa">360^{\circ} / N</formula>
    <formula uri="http://libmeta.ru/me/formula/aux/100_8_KRISTALLOGRAFIJa">\bar{i}</formula>
    <formula uri="http://libmeta.ru/me/formula/aux/100_9_KRISTALLOGRAFIJa">\bar{n}</formula>
    <formula uri="http://libmeta.ru/me/formula/aux/100_10_KRISTALLOGRAFIJa">360^{\circ} / N</formula>
    <formula uri="http://libmeta.ru/me/formula/aux/100_11_KRISTALLOGRAFIJa">\tilde{n}</formula>
    <formula uri="http://libmeta.ru/me/formula/aux/100_12_KRISTALLOGRAFIJa">g_{0}^{3}</formula>
    <formula uri="http://libmeta.ru/me/formula/aux/100_13_KRISTALLOGRAFIJa">1,2,3,4,6</formula>
    <formula uri="http://libmeta.ru/me/formula/aux/100_14_KRISTALLOGRAFIJa">\overline{2}=m</formula>
    <formula uri="http://libmeta.ru/me/formula/aux/100_15_KRISTALLOGRAFIJa">\overline{3}, \overline{4}, \overline{6})</formula>
    <formula uri="http://libmeta.ru/me/formula/aux/100_16_KRISTALLOGRAFIJa">g_{3}^{3}</formula>
    <formula uri="http://libmeta.ru/me/formula/aux/100_17_KRISTALLOGRAFIJa">\boldsymbol{a}, \boldsymbol{b}, \boldsymbol{c}</formula>
    <formula uri="http://libmeta.ru/me/formula/aux/100_18_KRISTALLOGRAFIJa">g_{3}^{3}</formula>
    <formula uri="http://libmeta.ru/me/formula/aux/100_19_KRISTALLOGRAFIJa">g_{3}^{3}</formula>
    <formula uri="http://libmeta.ru/me/formula/aux/100_20_KRISTALLOGRAFIJa">g_{3}^{3}</formula>
    <formula uri="http://libmeta.ru/me/formula/aux/100_21_KRISTALLOGRAFIJa">\gamma</formula>
    <formula uri="http://libmeta.ru/me/formula/aux/100_22_KRISTALLOGRAFIJa">б C \vartheta-3</formula>
  </formulas_aux>
  <relations n="23">
    <relation uri="http://libmeta.ru/me/relation/100_1_KRISTALLOGRAFIJa">
      <rel_text>Симметрия</rel_text>
      <target>http://libmeta.ru/me/article/1306_SIMMTTRIA</target>
    </relation>
    <relation uri="http://libmeta.ru/me/relation/100_2_KRISTALLOGRAFIJa">
      <rel_text>группа</rel_text>
      <target>http://libmeta.ru/me/article/1207_GRUPІІ</target>
    </relation>
    <relation uri="http://libmeta.ru/me/relation/100_3_KRISTALLOGRAFIJa">
      <rel_text>подгруппа</rel_text>
      <target>http://libmeta.ru/me/article/353_PODGRUPP</target>
    </relation>
    <relation uri="http://libmeta.ru/me/relation/100_4_KRISTALLOGRAFIJa">
      <rel_text>трансляционная</rel_text>
      <target>http://libmeta.ru/me/article/457_TRANZITIVNOST</target>
    </relation>
    <relation uri="http://libmeta.ru/me/relation/100_5_KRISTALLOGRAFIJa">
      <rel_text>группе</rel_text>
      <target>http://libmeta.ru/me/article/1207_GRUPІІ</target>
    </relation>
    <relation uri="http://libmeta.ru/me/relation/100_6_KRISTALLOGRAFIJa">
      <rel_text>сходственна</rel_text>
      <target>http://libmeta.ru/me/article/333_SHODIMOST</target>
    </relation>
    <relation uri="http://libmeta.ru/me/relation/100_7_KRISTALLOGRAFIJa">
      <rel_text>микроскопически</rel_text>
      <target>http://libmeta.ru/me/article/663_MIKRORASSLOENI</target>
    </relation>
    <relation uri="http://libmeta.ru/me/relation/100_8_KRISTALLOGRAFIJa">
      <rel_text>микросимметрии</rel_text>
      <target>http://libmeta.ru/me/article/663_MIKRORASSLOENI</target>
    </relation>
    <relation uri="http://libmeta.ru/me/relation/100_9_KRISTALLOGRAFIJa">
      <rel_text>компоненты</rel_text>
      <target>http://libmeta.ru/me/article/1022_KOMPOZitsI</target>
    </relation>
    <relation uri="http://libmeta.ru/me/relation/100_10_KRISTALLOGRAFIJa">
      <rel_text>Трансляционные</rel_text>
      <target>http://libmeta.ru/me/article/457_TRANZITIVNOST</target>
    </relation>
    <relation uri="http://libmeta.ru/me/relation/100_11_KRISTALLOGRAFIJa">
      <rel_text>симметрии</rel_text>
      <target>http://libmeta.ru/me/article/1306_SIMMTTRIA</target>
    </relation>
    <relation uri="http://libmeta.ru/me/relation/100_12_KRISTALLOGRAFIJa">
      <rel_text>порядков</rel_text>
      <target>http://libmeta.ru/me/article/531_PORJaDO</target>
    </relation>
    <relation uri="http://libmeta.ru/me/relation/100_13_KRISTALLOGRAFIJa">
      <rel_text>компонентой</rel_text>
      <target>http://libmeta.ru/me/article/1005_KOMPAKTNOST</target>
    </relation>
    <relation uri="http://libmeta.ru/me/relation/100_14_KRISTALLOGRAFIJa">
      <rel_text>трансляционной</rel_text>
      <target>http://libmeta.ru/me/article/457_TRANZITIVNOST</target>
    </relation>
    <relation uri="http://libmeta.ru/me/relation/100_15_KRISTALLOGRAFIJa">
      <rel_text>симметрии</rel_text>
      <target>http://libmeta.ru/me/article/1306_SIMMTTRIA</target>
    </relation>
    <relation uri="http://libmeta.ru/me/relation/100_16_KRISTALLOGRAFIJa">
      <rel_text>операции</rel_text>
      <target>http://libmeta.ru/me/article/15_OPERAN</target>
    </relation>
    <relation uri="http://libmeta.ru/me/relation/100_17_KRISTALLOGRAFIJa">
      <rel_text>группах</rel_text>
      <target>http://libmeta.ru/me/article/1207_GRUPІІ</target>
    </relation>
    <relation uri="http://libmeta.ru/me/relation/100_18_KRISTALLOGRAFIJa">
      <rel_text>симметрии</rel_text>
      <target>http://libmeta.ru/me/article/1306_SIMMTTRIA</target>
    </relation>
    <relation uri="http://libmeta.ru/me/relation/100_19_KRISTALLOGRAFIJa">
      <rel_text>операций</rel_text>
      <target>http://libmeta.ru/me/article/15_OPERAN</target>
    </relation>
    <relation uri="http://libmeta.ru/me/relation/100_20_KRISTALLOGRAFIJa">
      <rel_text>трансляций</rel_text>
      <target>http://libmeta.ru/me/article/458_TRANSVEKTsI</target>
    </relation>
    <relation uri="http://libmeta.ru/me/relation/100_21_KRISTALLOGRAFIJa">
      <rel_text>периодичности</rel_text>
      <target>http://libmeta.ru/me/article/259_PERIODOGRAMM</target>
    </relation>
    <relation uri="http://libmeta.ru/me/relation/100_22_KRISTALLOGRAFIJa">
      <rel_text>группами</rel_text>
      <target>http://libmeta.ru/me/article/1207_GRUPІІ</target>
    </relation>
    <relation uri="http://libmeta.ru/me/relation/100_23_KRISTALLOGRAFIJa">
      <rel_text>симметрий</rel_text>
      <target>http://libmeta.ru/me/article/1306_SIMMTTRIA</target>
    </relation>
  </relations>
  <text>coвокупность методов описания внешних форм крісталлов и их внутреннего пространственного строения. В основе К. м. лежит представление об упорядоченном трехмерно периодическом расположении в кристалле составляющих его частиц, к-рые образуют кристаллич. решетку. Выросшие в равновесных условиях кристаллы имеют форму правильных выпуклых многогранников той или иной симметрии. Группы симметрий классифицируют: по числу $URI[[http://libmeta.ru/me/formula/aux/100_1_KRISTALLOGRAFIJa]]/URI$ измерений пространства, в к-ром они определены; по числу $URI[[http://libmeta.ru/me/formula/aux/100_2_KRISTALLOGRAFIJa]]/URI$ измерений пространства, в к-рых объект периодичен (их соответственно обозначают $URI[[http://libmeta.ru/me/formula/aux/100_3_KRISTALLOGRAFIJa]]/URI$ и по нек-рым другим признакам. Для описания кристаллов используют различные группы сімметриi, из к-рых важнейшшми являются пространственные группы $URI[[http://libmeta.ru/me/formula/aux/100_4_KRISTALLOGRAFIJa]]/URI$, описывающис атомную структуру кршсталлов, и точечные группы симметрии $URI[[http://libmeta.ru/me/formula/aux/100_5_KRISTALLOGRAFIJa]]/URI$, описывающие их внешнюю форму.

Операциями т о ч е ч н о й г р у п п ы симметрии являются: повороты вокруг оси симметрии порядка $URI[[http://libmeta.ru/me/formula/aux/100_6_KRISTALLOGRAFIJa]]/URI$ на $URI[[http://libmeta.ru/me/formula/aux/100_7_KRISTALLOGRAFIJa]]/URI$, отражение в плоскости симметрии (зеркальное отражение), инверсия $URI[[http://libmeta.ru/me/formula/aux/100_8_KRISTALLOGRAFIJa]]/URI$ (симметрия относительно точки), инверсионные повороты $URI[[http://libmeta.ru/me/formula/aux/100_9_KRISTALLOGRAFIJa]]/URI$ (комбинация поворота на $URI[[http://libmeta.ru/me/formula/aux/100_10_KRISTALLOGRAFIJa]]/URI$ с одновременной инверсией). Вместо инверсионных поворотов иногда рассматривают зеркальные повороты $URI[[http://libmeta.ru/me/formula/aux/100_11_KRISTALLOGRAFIJa]]/URI$. Число групп $URI[[http://libmeta.ru/me/formula/aux/100_12_KRISTALLOGRAFIJa]]/URI$ бесконечно. Однако в кристаллах ввиду наличия кристаллич. решетки возможны только операции и соответственно оси симметрий до 6-го порядка (кроме 5-го), к-рые обозначаются символами $URI[[http://libmeta.ru/me/formula/aux/100_13_KRISTALLOGRAFIJa]]/URI$, а также инверсионные оси: I (она же пснтр симметрии), $URI[[http://libmeta.ru/me/formula/aux/100_14_KRISTALLOGRAFIJa]]/URI$ (она же плоскость симметрпи, $URI[[http://libmeta.ru/me/formula/aux/100_15_KRISTALLOGRAFIJa]]/URI$. Количество точечных кристаллографич. групп, описывающих внешнюю форму кристаллов, огрангчено: 32 группы.

Группы, содержащие лишь повороты, описывают кристаллы, состоящие только из совместимо равных частей. Эти группы наз. группами 1-го рода. Группы, содержащие отражения, или инверсионные повороты, описывают кристаллы, в к-рых есть зеркально равные части (но могут быть и совместимо равные части). Эти группы наз. группами 2-го рода. Кристаллы, описываемые группами 1-го рода, могут кристаллизоваться в двух әнантиоморфных формах, условно наз. «правой» и «левой», каждая из них не содержит элементов симметрии 2-го рода, но они зеркально равны друг другу.

Многие свойства кристаллов, принадлежащих к опре деленным классам, описываются пр ед е ль ны м и точ еч ным и г р у п а м и, содержащимı оси симметрии бесконечного порядка. Наличие такой оси означает, что объект совмещается с собой при повороте на любой, в том числе бесконечно малый угол. Таких групп семь.

П р о с т р а с т в н н а я г р у п п а URI[[http://libmeta.ru/me/relation/100_23_KRISTALLOGRAFIJa]]/URI кристаллич. решетки описывается URI[[http://libmeta.ru/me/relation/100_22_KRISTALLOGRAFIJa]]/URI $URI[[http://libmeta.ru/me/formula/aux/100_16_KRISTALLOGRAFIJa]]/URI$. Хaрактерными для решетки операциями являются три некомпланарных переноса $URI[[http://libmeta.ru/me/formula/aux/100_17_KRISTALLOGRAFIJa]]/URI$, к-рые отвечают трехмерной URI[[http://libmeta.ru/me/relation/100_21_KRISTALLOGRAFIJa]]/URI атомной структуры кристаллов.

Вследствие возможности комбинирования в решетке URI[[http://libmeta.ru/me/relation/100_20_KRISTALLOGRAFIJa]]/URI и URI[[http://libmeta.ru/me/relation/100_19_KRISTALLOGRAFIJa]]/URI точечной URI[[http://libmeta.ru/me/relation/100_18_KRISTALLOGRAFIJa]]/URI в URI[[http://libmeta.ru/me/relation/100_17_KRISTALLOGRAFIJa]]/URI $URI[[http://libmeta.ru/me/formula/aux/100_18_KRISTALLOGRAFIJa]]/URI$ возникают URI[[http://libmeta.ru/me/relation/100_16_KRISTALLOGRAFIJa]]/URI и соответствующие әлементы URI[[http://libmeta.ru/me/relation/100_15_KRISTALLOGRAFIJa]]/URI с URI[[http://libmeta.ru/me/relation/100_14_KRISTALLOGRAFIJa]]/URI URI[[http://libmeta.ru/me/relation/100_13_KRISTALLOGRAFIJa]]/URI - винтовые оси различных URI[[http://libmeta.ru/me/relation/100_12_KRISTALLOGRAFIJa]]/URI и плоскости скользящего отражения.

Всего известно 230 пространственных (федоровских) групп URI[[http://libmeta.ru/me/relation/100_11_KRISTALLOGRAFIJa]]/URI $URI[[http://libmeta.ru/me/formula/aux/100_19_KRISTALLOGRAFIJa]]/URI$, и любой кристалл относится к одной из этих групп. URI[[http://libmeta.ru/me/relation/100_10_KRISTALLOGRAFIJa]]/URI URI[[http://libmeta.ru/me/relation/100_9_KRISTALLOGRAFIJa]]/URI әлементов URI[[http://libmeta.ru/me/relation/100_8_KRISTALLOGRAFIJa]]/URI URI[[http://libmeta.ru/me/relation/100_7_KRISTALLOGRAFIJa]]/URI не проявляются; поэтому каждая из 230 групп $URI[[http://libmeta.ru/me/formula/aux/100_20_KRISTALLOGRAFIJa]]/URI$ макроскопически URI[[http://libmeta.ru/me/relation/100_6_KRISTALLOGRAFIJa]]/URI с одной из 32 точечных групп. Сово- купность переносов, присущих данной пространственной URI[[http://libmeta.ru/me/relation/100_5_KRISTALLOGRAFIJa]]/URI, есть ее URI[[http://libmeta.ru/me/relation/100_4_KRISTALLOGRAFIJa]]/URI URI[[http://libmeta.ru/me/relation/100_3_KRISTALLOGRAFIJa]]/URI, иліп р еш е т к а Б р а в е; таких решеток существует 14. См. также Кристаллогра бическая URI[[http://libmeta.ru/me/relation/100_2_KRISTALLOGRAFIJa]]/URI.

![](https://cdn.mathpix.com/cropped/2023_07_08_342574b895d5e42284b2g-1.jpg?height=54&amp;width=809&amp;top_left_y=298&amp;top_left_x=1017)
к и й $URI[[http://libmeta.ru/me/formula/aux/100_21_KRISTALLOGRAFIJa]]/URI$. Б., Основы кристашлографии, М.- г., 1940; [2] Ф е-
д о р о в Е.. С., URI[[http://libmeta.ru/me/relation/100_1_KRISTALLOGRAFIJa]]/URI и структура кристаллов, [m.], 1949; [3] Iii а є к о ль с к а я М., Кристаллы, М., 1959.

из $URI[[http://libmeta.ru/me/formula/aux/100_22_KRISTALLOGRAFIJa]]/URI$.</text>
  <text_orig>coвокупность методов описания внешних форм крісталлов и их внутреннего пространственного строения. В основе К. м. лежит представление об упорядоченном трехмерно периодическом расположении в кристалле составляющих его частиц, к-рые образуют кристаллич. решетку. Выросшие в равновесных условиях кристаллы имеют форму правильных выпуклых многогранников той или иной симметрии. Группы симметрий классифицируют: по числу $n$ измерений пространства, в к-ром они определены; по числу $m$ измерений пространства, в к-рых объект периодичен (их соответственно обозначают $\left.G_{m}^{n}\right)$ и по нек-рым другим признакам. Для описания кристаллов используют различные группы сімметриI, из к-рых важнейшшми являются пространственные группы $G_{3}^{3}$, описывающис атомную структуру кршсталлов, и точечные группы симметрии $G_{0}^{3}$, описывающие их внешнюю форму.

Операциями т о ч е ч н о й г р у п п ы симметрии являются: повороты вокруг оси симметрии порядка $N$ на $360^{\circ} / N$, отражение в плоскости симметрии (зеркальное отражение), инверсия $\bar{I}$ (симметрия относительно точки), инверсионные повороты $\bar{N}$ (комбинация поворота на $360^{\circ} / N$ с одновременной инверсией). Вместо инверсионных поворотов иногда рассматривают зеркальные повороты $\tilde{N}$. Число групп $G_{0}^{3}$ бесконечно. Однако в кристаллах ввиду наличия кристаллич. решетки возможны только операции и соответственно оси симметрий до 6-го порядка (кроме 5-го), к-рые обозначаются символами $1,2,3,4,6$, а также инверсионные оси: I (она же пснтр симметрии), $\overline{2}=m$ (она же плоскость симметрпи, $\overline{3}, \overline{4}, \overline{6})$. Количество точечных кристаллографич. групп, описывающих внешнюю форму кристаллов, огрангчено: 32 группы.

Группы, содержащие лишь повороты, описывают кристаллы, состоящие только из совместимо равных частей. Эти группы наз. группами 1-го рода. Группы, содержащие отражения, или инверсионные повороты, описывают кристаллы, в к-рых есть зеркально равные части (но могут быть и совместимо равные части). Эти группы наз. группами 2-го рода. Кристаллы, описываемые группами 1-го рода, могут кристаллизоваться в двух әнантиоморфных формах, условно наз. «правой» и «левой», каждая из них не содержит элементов симметрии 2-го рода, но они зеркально равны друг другу.

Многие свойства кристаллов, принадлежащих к опре деленным классам, описываются пр ед е ль ны м и точ еч ным и г р у п а м и, содержащимı оси симметрии бесконечного порядка. Наличие такой оси означает, что объект совмещается с собой при повороте на любой, в том числе бесконечно малый угол. Таких групп семь.

П р о с т р а с т в н н а я г р у п п а симметрий кристаллич. решетки описывается группами $G_{3}^{3}$. Хaрактерными для решетки операциями являются три некомпланарных переноса $\boldsymbol{a}, \boldsymbol{b}, \boldsymbol{c}$, к-рые отвечают трехмерной периодичности атомной структуры кристаллов.

Вследствие возможности комбинирования в решетке трансляций и операций точечной симметрии в группах $G_{3}^{3}$ возникают операции и соответствующие әлементы симметрии с трансляционной компонентой - винтовые оси различных порядков и плоскости скользящего отражения.

Всего известно 230 пространственных (федоровских) групп симметрии $G_{3}^{3}$, и любой кристалл относится к одной из этих групп. Трансляционные компоненты әлементов микросимметрии микроскопически не проявляются; поэтому каждая из 230 групп $G_{3}^{3}$ макроскопически сходственна с одной из 32 точечных групп. Сово- купность переносов, присущих данной пространственной группе, есть ее трансляционная подгруппа, иліп р еш е т к а Б р а в е; таких решеток существует 14. См. также Кристаллогра бическая группа.

![](https://cdn.mathpix.com/cropped/2023_07_08_342574b895d5e42284b2g-1.jpg?height=54&amp;width=809&amp;top_left_y=298&amp;top_left_x=1017)
к и й $\Gamma$. Б., Основы кристашлографии, М.- г., 1940; [2] Ф е-
д о р о в Е.. С., Симметрия и структура кристаллов, [M.], 1949; [3] III а є к о ль с к а я М., Кристаллы, М., 1959.

из $Б C \vartheta-3$.</text_orig>
</article>
