<?xml version="1.0" ?>
<article uri="http://libmeta.ru/me/article/1010_GEOMETRIChESKOE" alphabetic_pos="1010">
  <title>ГЕОМЕТРИЧЕСКОЕ РАСПРЕДЕЛЕНИЕ</title>
  <authors>
    <author>В. М. Калинин</author>
  </authors>
  <pages>
    <start>471</start>
    <end>471</end>
  </pages>
  <literature>
    <literature_orig/>
  </literature>
  <formulas_main>
    <formula uri="http://libmeta.ru/me/formula/main/1010_1_GEOMETRIChESKOE">f(t)=\frac{p}{1-q e^{i t}},</formula>
    <formula uri="http://libmeta.ru/me/formula/main/1010_2_GEOMETRIChESKOE">P(t)=\frac{p}{1-q t}</formula>
  </formulas_main>
  <formulas_aux>
    <formula uri="http://libmeta.ru/me/formula/aux/1010_1_GEOMETRIChESKOE">m=0,1, \ldots</formula>
    <formula uri="http://libmeta.ru/me/formula/aux/1010_2_GEOMETRIChESKOE">p_{m}=p q^{m}</formula>
    <formula uri="http://libmeta.ru/me/formula/aux/1010_3_GEOMETRIChESKOE">p=1-q</formula>
    <formula uri="http://libmeta.ru/me/formula/aux/1010_4_GEOMETRIChESKOE">(0,1)</formula>
    <formula uri="http://libmeta.ru/me/formula/aux/1010_5_GEOMETRIChESKOE">q / p</formula>
    <formula uri="http://libmeta.ru/me/formula/aux/1010_6_GEOMETRIChESKOE">q / p^{2}</formula>
    <formula uri="http://libmeta.ru/me/formula/aux/1010_7_GEOMETRIChESKOE">p</formula>
    <formula uri="http://libmeta.ru/me/formula/aux/1010_8_GEOMETRIChESKOE">q</formula>
    <formula uri="http://libmeta.ru/me/formula/aux/1010_9_GEOMETRIChESKOE">\gamma</formula>
    <formula uri="http://libmeta.ru/me/formula/aux/1010_10_GEOMETRIChESKOE">\mathrm{p}</formula>
  </formulas_aux>
  <relations n="5">
    <relation uri="http://libmeta.ru/me/relation/1010_1_GEOMETRIChESKOE">
      <rel_text>прогрессии</rel_text>
      <target>http://libmeta.ru/me/article/667_PROGRAMM</target>
    </relation>
    <relation uri="http://libmeta.ru/me/relation/1010_2_GEOMETRIChESKOE">
      <rel_text>геометрич</rel_text>
      <target>http://libmeta.ru/me/article/1012_GEOMETRI</target>
    </relation>
    <relation uri="http://libmeta.ru/me/relation/1010_3_GEOMETRIChESKOE">
      <rel_text>получило</rel_text>
      <target>http://libmeta.ru/me/article/473_POLUNORM</target>
    </relation>
    <relation uri="http://libmeta.ru/me/relation/1010_4_GEOMETRIChESKOE">
      <rel_text>вероятность</rel_text>
      <target>http://libmeta.ru/me/article/675_VEROJaTNOS</target>
    </relation>
    <relation uri="http://libmeta.ru/me/relation/1010_5_GEOMETRIChESKOE">
      <rel_text>случайная величина</rel_text>
      <target>http://libmeta.ru/me/article/1_SLUChAINAJa</target>
    </relation>
  </relations>
  <text>распределение дискретной случайной величины, принимаю-

![](https://cdn.mathpix.com/cropped/2023_07_08_d1a478c667ba41f94f4cg-1.jpg?height=444&amp;width=764&amp;top_left_y=929&amp;top_left_x=1027)

щей целые неотрицательные значения $URI[[http://libmeta.ru/me/formula/aux/1010_1_GEOMETRIChESKOE]]/URI$ с вероятностями $URI[[http://libmeta.ru/me/formula/aux/1010_2_GEOMETRIChESKOE]]/URI$, где параметр распределения $URI[[http://libmeta.ru/me/formula/aux/1010_3_GEOMETRIChESKOE]]/URI$ есть нек-рое число из интервала $URI[[http://libmeta.ru/me/formula/aux/1010_4_GEOMETRIChESKOE]]/URI$. Характеристич. Функция:

\[
URI[[http://libmeta.ru/me/formula/main/1010_1_GEOMETRIChESKOE]]/URI
\]

математич. ожидание: $URI[[http://libmeta.ru/me/formula/aux/1010_5_GEOMETRIChESKOE]]/URI$, дисперсия: $URI[[http://libmeta.ru/me/formula/aux/1010_6_GEOMETRIChESKOE]]/URI$; производящая функция:

\[
URI[[http://libmeta.ru/me/formula/main/1010_2_GEOMETRIChESKOE]]/URI
\]

Г. р. имеет URI[[http://libmeta.ru/me/relation/1010_5_GEOMETRIChESKOE]]/URI, равная числу независимых испытаний до первого успеха, если URI[[http://libmeta.ru/me/relation/1010_4_GEOMETRIChESKOE]]/URI успеха равна $URI[[http://libmeta.ru/me/formula/aux/1010_7_GEOMETRIChESKOE]]/URI$, а неудачи $URI[[http://libmeta.ru/me/formula/aux/1010_8_GEOMETRIChESKOE]]/URI$. Свое название $URI[[http://libmeta.ru/me/formula/aux/1010_9_GEOMETRIChESKOE]]/URI$. $URI[[http://libmeta.ru/me/formula/aux/1010_10_GEOMETRIChESKOE]]/URI$. URI[[http://libmeta.ru/me/relation/1010_3_GEOMETRIChESKOE]]/URI от порождающей его URI[[http://libmeta.ru/me/relation/1010_2_GEOMETRIChESKOE]]/URI. URI[[http://libmeta.ru/me/relation/1010_1_GEOMETRIChESKOE]]/URI.</text>
  <text_orig>распределение дискретной случайной величины, принимаю-

![](https://cdn.mathpix.com/cropped/2023_07_08_d1a478c667ba41f94f4cg-1.jpg?height=444&amp;width=764&amp;top_left_y=929&amp;top_left_x=1027)

щей целые неотрицательные значения $m=0,1, \ldots$ с вероятностями $p_{m}=p q^{m}$, где параметр распределения $p=1-q$ есть нек-рое число из интервала $(0,1)$. Характеристич. Функция:

\[
f(t)=\frac{p}{1-q e^{i t}},
\]

математич. ожидание: $q / p$, дисперсия: $q / p^{2}$; производящая функция:

\[
P(t)=\frac{p}{1-q t}
\]

Г. р. имеет случайная величина, равная числу независимых испытаний до первого успеха, если вероятность успеха равна $p$, а неудачи $q$. Свое название $\Gamma$. $\mathrm{p}$. получило от порождающей его геометрич. прогрессии.

В. М. Калинин.</text_orig>
</article>
