<?xml version="1.0" ?>
<article uri="http://libmeta.ru/me/article/1010_ChISLOVOE" alphabetic_pos="1010">
  <title>ЧИСЛОВОЕ ПОЛЕ</title>
  <authors>
    <author>A. Б. Шидловский</author>
  </authors>
  <pages>
    <start>440</start>
    <end>440</end>
  </pages>
  <literature>
    <literature_orig/>
  </literature>
  <formulas_main/>
  <formulas_aux>
    <formula uri="http://libmeta.ru/me/formula/aux/1010_1_ChISLOVOE">\alpha</formula>
    <formula uri="http://libmeta.ru/me/formula/aux/1010_2_ChISLOVOE">\beta</formula>
    <formula uri="http://libmeta.ru/me/formula/aux/1010_3_ChISLOVOE">\alpha-\beta</formula>
    <formula uri="http://libmeta.ru/me/formula/aux/1010_4_ChISLOVOE">\frac{\alpha}{\beta}(\beta \neq 0)</formula>
    <formula uri="http://libmeta.ru/me/formula/aux/1010_5_ChISLOVOE">\frac{h(\alpha)}{f(\alpha)}, F(\alpha) \neq 0</formula>
    <formula uri="http://libmeta.ru/me/formula/aux/1010_6_ChISLOVOE">\alpha</formula>
    <formula uri="http://libmeta.ru/me/formula/aux/1010_7_ChISLOVOE">h(x)</formula>
    <formula uri="http://libmeta.ru/me/formula/aux/1010_8_ChISLOVOE">f(x)</formula>
  </formulas_aux>
  <relations n="11">
    <relation uri="http://libmeta.ru/me/relation/1010_1_ChISLOVOE">
      <rel_text>многочлены</rel_text>
      <target>http://libmeta.ru/me/article/727_MNOGOChLE</target>
    </relation>
    <relation uri="http://libmeta.ru/me/relation/1010_2_ChISLOVOE">
      <rel_text>число</rel_text>
      <target>http://libmeta.ru/me/article/1009_ChISL</target>
    </relation>
    <relation uri="http://libmeta.ru/me/relation/1010_3_ChISLOVOE">
      <rel_text>множество</rel_text>
      <target>http://libmeta.ru/me/article/733_MNOZhESTV</target>
    </relation>
    <relation uri="http://libmeta.ru/me/relation/1010_4_ChISLOVOE">
      <rel_text>комплексных</rel_text>
      <target>http://libmeta.ru/me/article/1005_KOMPAKTNOST</target>
    </relation>
    <relation uri="http://libmeta.ru/me/relation/1010_5_ChISLOVOE">
      <rel_text>Поле</rel_text>
      <target>http://libmeta.ru/me/article/390_POL</target>
    </relation>
    <relation uri="http://libmeta.ru/me/relation/1010_6_ChISLOVOE">
      <rel_text>множество</rel_text>
      <target>http://libmeta.ru/me/article/733_MNOZhESTV</target>
    </relation>
    <relation uri="http://libmeta.ru/me/relation/1010_7_ChISLOVOE">
      <rel_text>числами</rel_text>
      <target>http://libmeta.ru/me/article/540_ChISLENI</target>
    </relation>
    <relation uri="http://libmeta.ru/me/relation/1010_8_ChISLOVOE">
      <rel_text>комплексных</rel_text>
      <target>http://libmeta.ru/me/article/1005_KOMPAKTNOST</target>
    </relation>
    <relation uri="http://libmeta.ru/me/relation/1010_9_ChISLOVOE">
      <rel_text>Множество</rel_text>
      <target>http://libmeta.ru/me/article/733_MNOZhESTV</target>
    </relation>
    <relation uri="http://libmeta.ru/me/relation/1010_10_ChISLOVOE">
      <rel_text>комплексные</rel_text>
      <target>http://libmeta.ru/me/article/1005_KOMPAKTNOST</target>
    </relation>
    <relation uri="http://libmeta.ru/me/relation/1010_11_ChISLOVOE">
      <rel_text>поле</rel_text>
      <target>http://libmeta.ru/me/article/390_POL</target>
    </relation>
  </relations>
  <text>URI[[http://libmeta.ru/me/relation/1010_11_ChISLOVOE]]/URI, элементами В. И. Нечаев. ляются URI[[http://libmeta.ru/me/relation/1010_10_ChISLOVOE]]/URI (в частности, действительные) числа. URI[[http://libmeta.ru/me/relation/1010_9_ChISLOVOE]]/URI URI[[http://libmeta.ru/me/relation/1010_8_ChISLOVOE]]/URI чисел образует Ч. П. тогда и только тогда, когда оно содержит более одного числа и вместе с каждыми URI[[http://libmeta.ru/me/relation/1010_7_ChISLOVOE]]/URI $URI[[http://libmeta.ru/me/formula/aux/1010_1_ChISLOVOE]]/URI$ и $URI[[http://libmeta.ru/me/formula/aux/1010_2_ChISLOVOE]]/URI$ также і $URI[[http://libmeta.ru/me/formula/aux/1010_3_ChISLOVOE]]/URI$ и $URI[[http://libmeta.ru/me/formula/aux/1010_4_ChISLOVOE]]/URI$. Всякое Ч. п. содержит бесконечное URI[[http://libmeta.ru/me/relation/1010_6_ChISLOVOE]]/URI чисел. URI[[http://libmeta.ru/me/relation/1010_5_ChISLOVOE]]/URI рациональных чисел содержится во всяком Ч. П.

Примерами Ч. п. являются поля рациональных, действительных, URI[[http://libmeta.ru/me/relation/1010_4_ChISLOVOE]]/URI и гауссовых чисел. Ч. П. образуст URI[[http://libmeta.ru/me/relation/1010_3_ChISLOVOE]]/URI чисел вида $URI[[http://libmeta.ru/me/formula/aux/1010_5_ChISLOVOE]]/URI$, где $URI[[http://libmeta.ru/me/formula/aux/1010_6_ChISLOVOE]]/URI$-любое фиксированное комглексное URI[[http://libmeta.ru/me/relation/1010_2_ChISLOVOE]]/URI, а $URI[[http://libmeta.ru/me/formula/aux/1010_7_ChISLOVOE]]/URI$ и $URI[[http://libmeta.ru/me/formula/aux/1010_8_ChISLOVOE]]/URI$ пробегают всевозможные URI[[http://libmeta.ru/me/relation/1010_1_ChISLOVOE]]/URI с рациональными коэффициентаміл.</text>
  <text_orig>поле, элементами В. И. Нечаев. ляются комплексные (в частности, действительные) числа. Множество комплексных чисел образует Ч. П. тогда и только тогда, когда оно содержит более одного числа и вместе с каждыми числами $\alpha$ и $\beta$ также і $\alpha-\beta$ и $\frac{\alpha}{\beta}(\beta \neq 0)$. Всякое Ч. п. содержит бесконечное множество чисел. Поле рациональных чисел содержится во всяком Ч. П.

Примерами Ч. п. являются поля рациональных, действительных, комплексных и гауссовых чисел. Ч. П. образуст множество чисел вида $\frac{H(\alpha)}{F(\alpha)}, F(\alpha) \neq 0$, где $\alpha$-любое фиксированное комглексное число, а $H(x)$ и $F(x)$ пробегают всевозможные многочлены с рациональными коэффициентаміл. A. Б. Шидловский.</text_orig>
</article>
