<?xml version="1.0" ?>
<article uri="http://libmeta.ru/me/article/1011_GEOMETRIChESKOE" alphabetic_pos="1011">
  <title>ГЕОМЕТРИЧЕСКОЕ СРЕДНЕЕ</title>
  <authors/>
  <pages>
    <start>471</start>
    <end>471</end>
  </pages>
  <literature>
    <literature_orig/>
  </literature>
  <formulas_main>
    <formula uri="http://libmeta.ru/me/formula/main/1011_1_GEOMETRIChESKOE">\sqrt[n]{a_{1} \ldots a_{n}}</formula>
  </formulas_main>
  <formulas_aux>
    <formula uri="http://libmeta.ru/me/formula/aux/1011_1_GEOMETRIChESKOE">\pi \circ \%</formula>
    <formula uri="http://libmeta.ru/me/formula/aux/1011_2_GEOMETRIChESKOE">о</formula>
    <formula uri="http://libmeta.ru/me/formula/aux/1011_3_GEOMETRIChESKOE">a_{1}, \ldots, a_{n}</formula>
    <formula uri="http://libmeta.ru/me/formula/aux/1011_4_GEOMETRIChESKOE">n</formula>
  </formulas_aux>
  <relations n="3">
    <relation uri="http://libmeta.ru/me/relation/1011_1_GEOMETRIChESKOE">
      <rel_text>среднему</rel_text>
      <target>http://libmeta.ru/me/article/165_SREDNE</target>
    </relation>
    <relation uri="http://libmeta.ru/me/relation/1011_2_GEOMETRIChESKOE">
      <rel_text>арифметич</rel_text>
      <target>http://libmeta.ru/me/article/254_ARIFMETIK</target>
    </relation>
    <relation uri="http://libmeta.ru/me/relation/1011_3_GEOMETRIChESKOE">
      <rel_text>арифметического среднего</rel_text>
      <target>http://libmeta.ru/me/article/266_ARIFMETIChESKOE</target>
    </relation>
  </relations>
  <text>П 0 $URI[[http://libmeta.ru/me/formula/aux/1011_1_GEOMETRIChESKOE]]/URI$ $URI[[http://libmeta.ru/me/formula/aux/1011_2_GEOMETRIChESKOE]]/URI$ т ны х ч и с е л $URI[[http://libmeta.ru/me/formula/aux/1011_3_GEOMETRIChESKOE]]/URI$ - число, равное арифметич. корнг $URI[[http://libmeta.ru/me/formula/aux/1011_4_GEOMETRIChESKOE]]/URI$-й степени из их произведения, т. е.

\[
URI[[http://libmeta.ru/me/formula/main/1011_1_GEOMETRIChESKOE]]/URI
\]

Г. с. всегда меньше URI[[http://libmeta.ru/me/relation/1011_3_GEOMETRIChESKOE]]/URI, кроме случая, когда все взятые числа равны между собой; тогда их Г. с. равно их же URI[[http://libmeta.ru/me/relation/1011_2_GEOMETRIChESKOE]]/URI. URI[[http://libmeta.ru/me/relation/1011_1_GEOMETRIChESKOE]]/URI. Г. с. двух чисел наз. с р е д и и пр о порц и о н а л ьн ы м.</text>
  <text_orig>П 0 $\pi \circ \%$ $о$ т ны х ч и с е л $a_{1}, \ldots, a_{n}$ - число, равное арифметич. корнг $n$-й степени из их произведения, т. е.

\[
\sqrt[n]{a_{1} \ldots a_{n}}
\]

Г. с. всегда меньше арифметического среднего, кроме случая, когда все взятые числа равны между собой; тогда их Г. с. равно их же арифметич. среднему. Г. с. двух чисел наз. с р е д и и пр о порц и о н а л ьн ы м.</text_orig>
</article>
