<?xml version="1.0" ?>
<article uri="http://libmeta.ru/me/article/1011_NETsENTRAL'NOE" alphabetic_pos="1011">
  <title>НЕЦЕНТРАЛЬНОЕ «ХИ-КВАДРАТ» РАСПРЕДЕЛЕНИЕ</title>
  <authors/>
  <pages>
    <start>517</start>
    <end>517</end>
  </pages>
  <literature>
    <literature_orig>Лum.: [1] Б о л ь ш е в Л. Н., С м и р н о в Н., В., Таблицы математической статистики, 2 изд., М., 1968; [2] К К нд а л л М., С т ь ю а р т А., Статистические выводы и связи, дер. с англ., М., 1973; [3] P a t n a i k P. B., &quot;biometrika&quot;,</literature_orig>
    <unit>
      <author>Большев Л. Н.</author>
      <author>Смирнов Н.</author>
      <author> В.</author>
      <title>Таблицы математической статистики</title>
      <publication>2 изд., М.</publication>
      <year>1968</year>
      <other/>
    </unit>
    <unit>
      <author>ККндалл М.</author>
      <author>Стьюарт А.</author>
      <title>Статистические выводы и связи, дер. с англ.</title>
      <publication>М.</publication>
      <year>1973</year>
      <other/>
    </unit>
    <unit>
      <author>Patnaik P. B.</author>
      <title/>
      <publication/>
      <year/>
      <other>&quot;biometrika&quot;</other>
    </unit>
  </literature>
  <formulas_main>
    <formula uri="http://libmeta.ru/me/formula/main/1011_1_NETsENTRAL'NOE">p(x)=\frac{e^{-\frac{x+\lambda}{2}} \frac{n-2}{2}}{2^{n / 2} \Gamma\left(\frac{1}{2}\right)} \sum_{r=0}^{\infty} \frac{\lambda r_{x} r}{(2 r) !} \frac{\Gamma\left(\frac{1}{2}+r\right)}{\Gamma\left(\frac{n}{2}+r\right)},</formula>
    <formula uri="http://libmeta.ru/me/formula/main/1011_2_NETsENTRAL'NOE">\varphi(t)=(1-2 i t)^{-n / 2} \exp \left\{\frac{\lambda i t}{1-2 i t}\right\} ;</formula>
    <formula uri="http://libmeta.ru/me/formula/main/1011_3_NETsENTRAL'NOE">F_{n}(x ; \lambda)=\sum_{m=0}^{\infty} \sum_{k=m+\frac{n}{2}}^{\infty} \frac{\left(\frac{\lambda}{2}\right)^{m}\left(\frac{x}{2}\right)^{k}}{m ! k !} e^{-\frac{\lambda+x}{2}} .</formula>
    <formula uri="http://libmeta.ru/me/formula/main/1011_4_NETsENTRAL'NOE">\mathrm{P}\{X-Y \geqslant s\}=F_{2 s}(x ; \lambda) \text {. }</formula>
  </formulas_main>
  <formulas_aux>
    <formula uri="http://libmeta.ru/me/formula/aux/1011_1_NETsENTRAL'NOE">\chi^{2}-p</formula>
    <formula uri="http://libmeta.ru/me/formula/aux/1011_2_NETsENTRAL'NOE">0&lt;x&lt;\infty</formula>
    <formula uri="http://libmeta.ru/me/formula/aux/1011_3_NETsENTRAL'NOE">n</formula>
    <formula uri="http://libmeta.ru/me/formula/aux/1011_4_NETsENTRAL'NOE">\lambda</formula>
    <formula uri="http://libmeta.ru/me/formula/aux/1011_5_NETsENTRAL'NOE">\lambda=0</formula>
    <formula uri="http://libmeta.ru/me/formula/aux/1011_6_NETsENTRAL'NOE">n+\lambda</formula>
    <formula uri="http://libmeta.ru/me/formula/aux/1011_7_NETsENTRAL'NOE">2(n+2 \lambda)</formula>
    <formula uri="http://libmeta.ru/me/formula/aux/1011_8_NETsENTRAL'NOE">x_{1}, \ldots, X_{n}</formula>
    <formula uri="http://libmeta.ru/me/formula/aux/1011_9_NETsENTRAL'NOE">m_{i}</formula>
    <formula uri="http://libmeta.ru/me/formula/aux/1011_10_NETsENTRAL'NOE">x_{1}^{2}+\ldots+x_{n}^{2}</formula>
    <formula uri="http://libmeta.ru/me/formula/aux/1011_11_NETsENTRAL'NOE">n</formula>
    <formula uri="http://libmeta.ru/me/formula/aux/1011_12_NETsENTRAL'NOE">\lambda=\sum_{i=1}^{n} m_{i}^{2}</formula>
    <formula uri="http://libmeta.ru/me/formula/aux/1011_13_NETsENTRAL'NOE">n</formula>
    <formula uri="http://libmeta.ru/me/formula/aux/1011_14_NETsENTRAL'NOE">\mathrm{h}</formula>
    <formula uri="http://libmeta.ru/me/formula/aux/1011_15_NETsENTRAL'NOE">f_{n}(x ; \lambda)</formula>
    <formula uri="http://libmeta.ru/me/formula/aux/1011_16_NETsENTRAL'NOE">x \leqslant 0</formula>
    <formula uri="http://libmeta.ru/me/formula/aux/1011_17_NETsENTRAL'NOE">x&gt;0</formula>
    <formula uri="http://libmeta.ru/me/formula/aux/1011_18_NETsENTRAL'NOE">x</formula>
    <formula uri="http://libmeta.ru/me/formula/aux/1011_19_NETsENTRAL'NOE">y</formula>
    <formula uri="http://libmeta.ru/me/formula/aux/1011_20_NETsENTRAL'NOE">\frac{x}{2}</formula>
    <formula uri="http://libmeta.ru/me/formula/aux/1011_21_NETsENTRAL'NOE">\frac{\lambda}{2}</formula>
    <formula uri="http://libmeta.ru/me/formula/aux/1011_22_NETsENTRAL'NOE">s&gt;0</formula>
  </formulas_aux>
  <relations n="8">
    <relation uri="http://libmeta.ru/me/relation/1011_1_NETsENTRAL'NOE">
      <rel_text>распределения</rel_text>
      <target>http://libmeta.ru/me/article/950_RASPREDELENI</target>
    </relation>
    <relation uri="http://libmeta.ru/me/relation/1011_2_NETsENTRAL'NOE">
      <rel_text>нормального</rel_text>
      <target>http://libmeta.ru/me/article/1034_NORMALIZATO</target>
    </relation>
    <relation uri="http://libmeta.ru/me/relation/1011_3_NETsENTRAL'NOE">
      <rel_text>распределения</rel_text>
      <target>http://libmeta.ru/me/article/950_RASPREDELENI</target>
    </relation>
    <relation uri="http://libmeta.ru/me/relation/1011_4_NETsENTRAL'NOE">
      <rel_text>приближения</rel_text>
      <target>http://libmeta.ru/me/article/629_PRIBLIभ่ENI</target>
    </relation>
    <relation uri="http://libmeta.ru/me/relation/1011_5_NETsENTRAL'NOE">
      <rel_text>статистич</rel_text>
      <target>http://libmeta.ru/me/article/184_STATISTK</target>
    </relation>
    <relation uri="http://libmeta.ru/me/relation/1011_6_NETsENTRAL'NOE">
      <rel_text>мощности</rel_text>
      <target>http://libmeta.ru/me/article/804_MOSchNOST</target>
    </relation>
    <relation uri="http://libmeta.ru/me/relation/1011_7_NETsENTRAL'NOE">
      <rel_text>статистики</rel_text>
      <target>http://libmeta.ru/me/article/184_STATISTK</target>
    </relation>
    <relation uri="http://libmeta.ru/me/relation/1011_8_NETsENTRAL'NOE">
      <rel_text>задачах</rel_text>
      <target>http://libmeta.ru/me/article/10_ZAdAch</target>
    </relation>
  </relations>
  <text>н е ц е н т р а ль н о е $URI[[http://libmeta.ru/me/formula/aux/1011_1_NETsENTRAL'NOE]]/URI$ а с пр е д е л ен и е,- непрерывное, сосредоточенное на положіттельной полуоси $URI[[http://libmeta.ru/me/formula/aux/1011_2_NETsENTRAL'NOE]]/URI$ распределение вероятностей с плотностью

\[
URI[[http://libmeta.ru/me/formula/main/1011_1_NETsENTRAL'NOE]]/URI
\]

где $URI[[http://libmeta.ru/me/formula/aux/1011_3_NETsENTRAL'NOE]]/URI$ - число степеней свободы, а $URI[[http://libmeta.ru/me/formula/aux/1011_4_NETsENTRAL'NOE]]/URI$ - параметр нецентральности. При $URI[[http://libmeta.ru/me/formula/aux/1011_5_NETsENTRAL'NOE]]/URI$ эта плотность совпадает с плотностью обычного (центрального) «хи-квадрат» распределения. Х арактеристич. Функция Н. «х.-к.» р. выражается формулой

\[
URI[[http://libmeta.ru/me/formula/main/1011_2_NETsENTRAL'NOE]]/URI
\]

математич. ожидание и дисперсия равны соответственно $URI[[http://libmeta.ru/me/formula/aux/1011_6_NETsENTRAL'NOE]]/URI$ и $URI[[http://libmeta.ru/me/formula/aux/1011_7_NETsENTRAL'NOE]]/URI$. Н. &quot;х.-к.&quot; р. принадлежит классу безгранично делимых распределений.

Обычно Н. &quot;х.-к.&quot; р. появляется как распределение суммы квадратов независимых случайных величин $URI[[http://libmeta.ru/me/formula/aux/1011_8_NETsENTRAL'NOE]]/URI$, имеющих нормальное распределение с отличными от нуля средними $URI[[http://libmeta.ru/me/formula/aux/1011_9_NETsENTRAL'NOE]]/URI$ и единичными дисперсиями, точнее, сумма $URI[[http://libmeta.ru/me/formula/aux/1011_10_NETsENTRAL'NOE]]/URI$ имеет Н. «х.-к.» р. с $URI[[http://libmeta.ru/me/formula/aux/1011_11_NETsENTRAL'NOE]]/URI$ стеиенями свободы и параметром нецентральности $URI[[http://libmeta.ru/me/formula/aux/1011_12_NETsENTRAL'NOE]]/URI$. Сумма нескольких взаимно везависимых случайных величин с Н. «х.-к.» р. имеет распределение әтого же типа, и его параметры суть суммы соответствующих параметров слагаемых.

Если число $URI[[http://libmeta.ru/me/formula/aux/1011_13_NETsENTRAL'NOE]]/URI$ четное, то функция распределения $URI[[http://libmeta.ru/me/formula/aux/1011_14_NETsENTRAL'NOE]]/URI$. «х.-к.» р. $URI[[http://libmeta.ru/me/formula/aux/1011_15_NETsENTRAL'NOE]]/URI$ (всегда равная нулю при $URI[[http://libmeta.ru/me/formula/aux/1011_16_NETsENTRAL'NOE]]/URI$ ) при $URI[[http://libmeta.ru/me/formula/aux/1011_17_NETsENTRAL'NOE]]/URI$ равна

\[
URI[[http://libmeta.ru/me/formula/main/1011_3_NETsENTRAL'NOE]]/URI
\]

Эта формула устанавливает связь между Н. «х.-к.»р. п П уассона распределением. Именно, если $URI[[http://libmeta.ru/me/formula/aux/1011_18_NETsENTRAL'NOE]]/URI$ и $URI[[http://libmeta.ru/me/formula/aux/1011_19_NETsENTRAL'NOE]]/URI$ имеют распределения Пуассона с параметрами $URI[[http://libmeta.ru/me/formula/aux/1011_20_NETsENTRAL'NOE]]/URI$ и $URI[[http://libmeta.ru/me/formula/aux/1011_21_NETsENTRAL'NOE]]/URI$ соответственно, то для любого целого $URI[[http://libmeta.ru/me/formula/aux/1011_22_NETsENTRAL'NOE]]/URI$

\[
URI[[http://libmeta.ru/me/formula/main/1011_4_NETsENTRAL'NOE]]/URI
\]

Н. «х.-к.» р. часто возникае т в URI[[http://libmeta.ru/me/relation/1011_8_NETsENTRAL'NOE]]/URI математич. URI[[http://libmeta.ru/me/relation/1011_7_NETsENTRAL'NOE]]/URI, посвященных исследованию URI[[http://libmeta.ru/me/relation/1011_6_NETsENTRAL'NOE]]/URI критериев типа &quot;хи-кьадрат». Так как сушествующие таблицы Н. &quot;х.-к.&quot; р. недостаточно полны, то в URI[[http://libmeta.ru/me/relation/1011_5_NETsENTRAL'NOE]]/URI. приложениях широко используют различные URI[[http://libmeta.ru/me/relation/1011_4_NETsENTRAL'NOE]]/URI с помощью &quot;хи-квадрат&quot; URI[[http://libmeta.ru/me/relation/1011_3_NETsENTRAL'NOE]]/URI и URI[[http://libmeta.ru/me/relation/1011_2_NETsENTRAL'NOE]]/URI URI[[http://libmeta.ru/me/relation/1011_1_NETsENTRAL'NOE]]/URI.</text>
  <text_orig>н е ц е н т р а ль н о е $\chi^{2}-p$ а с пр е д е л ен и е,- непрерывное, сосредоточенное на положіттельной полуоси $0&lt;x&lt;\infty$ распределение вероятностей с плотностью

\[
p(x)=\frac{e^{-\frac{x+\lambda}{2}} \frac{n-2}{2}}{2^{n / 2} \Gamma\left(\frac{1}{2}\right)} \sum_{r=0}^{\infty} \frac{\lambda r_{x} r}{(2 r) !} \frac{\Gamma\left(\frac{1}{2}+r\right)}{\Gamma\left(\frac{n}{2}+r\right)},
\]

где $n$ - число степеней свободы, а $\lambda$ - параметр нецентральности. При $\lambda=0$ эта плотность совпадает с плотностью обычного (центрального) «хи-квадрат» распределения. Х арактеристич. Функция Н. «Х.-к.» р. выражается формулой

\[
\varphi(t)=(1-2 i t)^{-n / 2} \exp \left\{\frac{\lambda i t}{1-2 i t}\right\} ;
\]

математич. ожидание и дисперсия равны соответственно $n+\lambda$ и $2(n+2 \lambda)$. Н. &quot;х.-к.&quot; р. принадлежит классу безгранично делимых распределений.

Обычно Н. &quot;х.-к.&quot; р. появляется как распределение суммы квадратов независимых случайных величин $X_{1}, \ldots, X_{n}$, имеющих нормальное распределение с отличными от нуля средними $m_{i}$ и единичными дисперсиями, точнее, сумма $X_{1}^{2}+\ldots+X_{n}^{2}$ имеет Н. «х.-к.» р. с $n$ стеиенями свободы и параметром нецентральности $\lambda=\sum_{i=1}^{n} m_{i}^{2}$. Сумма нескольких взаимно везависимых случайных величин с Н. «х.-к.» р. имеет распределение әтого же типа, и его параметры суть суммы соответствующих параметров слагаемых.

Если число $n$ четное, то функция распределения $\mathrm{H}$. «х.-к.» р. $F_{n}(x ; \lambda)$ (всегда равная нулю при $x \leqslant 0$ ) при $x&gt;0$ равна

\[
F_{n}(x ; \lambda)=\sum_{m=0}^{\infty} \sum_{k=m+\frac{n}{2}}^{\infty} \frac{\left(\frac{\lambda}{2}\right)^{m}\left(\frac{x}{2}\right)^{k}}{m ! k !} e^{-\frac{\lambda+x}{2}} .
\]

Эта формула устанавливает связь между Н. «Х.-к.»р. п П уассона распределением. Именно, если $X$ и $Y$ имеют распределения Пуассона с параметрами $\frac{x}{2}$ и $\frac{\lambda}{2}$ соответственно, то для любого целого $s&gt;0$

\[
\mathrm{P}\{X-Y \geqslant s\}=F_{2 s}(x ; \lambda) \text {. }
\]

Н. «х.-к.» р. часто возникае т в задачах математич. статистики, посвященных исследованию мощности критериев типа &quot;хи-кьадрат». Так как сушествующие таблицы Н. &quot;х.-к.&quot; р. недостаточно полны, то в статистич. приложениях широко используют различные приближения с помощью &quot;хи-квадрат&quot; распределения и нормального распределения.

Лum.: [1] Б о л ь ш е в Л. Н., С м и р н о в Н., В., Таблицы математической статистики, 2 изд., М., 1968; [2] К К нд а л л М., С т ь ю а р т А., Статистические выводы и связи, дер. с англ., М., 1973; [3] P a t n a i k P. B., &quot;Biometrika&quot;,</text_orig>
</article>
