<?xml version="1.0" ?>
<article uri="http://libmeta.ru/me/article/1011_ChISЈOVYH" alphabetic_pos="1011">
  <title>ЧИСЈОВЫХ ФУНКЦИЙ АСИМПТОТИКА</title>
  <authors/>
  <pages>
    <start>440</start>
    <end>441</end>
  </pages>
  <literature>
    <literature_orig/>
  </literature>
  <formulas_main>
    <formula uri="http://libmeta.ru/me/formula/main/1011_1_ChISЈOVYH">f(x)=\varphi(x)+R(x)</formula>
    <formula uri="http://libmeta.ru/me/formula/main/1011_2_ChISЈOVYH">\lim _{x \rightarrow \infty}(R(x) / \varphi(x))=0 .</formula>
    <formula uri="http://libmeta.ru/me/formula/main/1011_3_ChISЈOVYH">\frac{1}{n} \sum_{m \leqslant n} \tau(n) \sim \ln n .</formula>
  </formulas_main>
  <formulas_aux>
    <formula uri="http://libmeta.ru/me/formula/aux/1011_1_ChISЈOVYH">f(x)</formula>
    <formula uri="http://libmeta.ru/me/formula/aux/1011_2_ChISЈOVYH">\varphi(x)</formula>
    <formula uri="http://libmeta.ru/me/formula/aux/1011_3_ChISЈOVYH">r(x)</formula>
    <formula uri="http://libmeta.ru/me/formula/aux/1011_4_ChISЈOVYH">f(x)=\varphi(x)+o \quad(\varphi(x))</formula>
    <formula uri="http://libmeta.ru/me/formula/aux/1011_5_ChISЈOVYH">f(x) \sim \varphi(x)</formula>
    <formula uri="http://libmeta.ru/me/formula/aux/1011_6_ChISЈOVYH">f(x)</formula>
    <formula uri="http://libmeta.ru/me/formula/aux/1011_7_ChISЈOVYH">\frac{1}{x} \sum_{n \leqslant x} f(n)(n-</formula>
    <formula uri="http://libmeta.ru/me/formula/aux/1011_8_ChISЈOVYH">f(x)</formula>
    <formula uri="http://libmeta.ru/me/formula/aux/1011_9_ChISЈOVYH">n</formula>
    <formula uri="http://libmeta.ru/me/formula/aux/1011_10_ChISЈOVYH">\tau(n)</formula>
    <formula uri="http://libmeta.ru/me/formula/aux/1011_11_ChISЈOVYH">n</formula>
    <formula uri="http://libmeta.ru/me/formula/aux/1011_12_ChISЈOVYH">n</formula>
  </formulas_aux>
  <relations n="28">
    <relation uri="http://libmeta.ru/me/relation/1011_1_ChISЈOVYH">
      <rel_text>Аналитическая теория чисел</rel_text>
      <target>http://libmeta.ru/me/article/182_ANALITIChESKAJa</target>
    </relation>
    <relation uri="http://libmeta.ru/me/relation/1011_2_ChISЈOVYH">
      <rel_text>Асимптотическая формула</rel_text>
      <target>http://libmeta.ru/me/article/291_ASIMPTOTIChESKAJa</target>
    </relation>
    <relation uri="http://libmeta.ru/me/relation/1011_3_ChISЈOVYH">
      <rel_text>доказательства</rel_text>
      <target>http://libmeta.ru/me/article/331_DOKAZATEL'STV</target>
    </relation>
    <relation uri="http://libmeta.ru/me/relation/1011_4_ChISЈOVYH">
      <rel_text>аддитивных проблем</rel_text>
      <target>http://libmeta.ru/me/article/75_ADDITIVNYE</target>
    </relation>
    <relation uri="http://libmeta.ru/me/relation/1011_5_ChISЈOVYH">
      <rel_text>функций</rel_text>
      <target>http://libmeta.ru/me/article/790_FUNKTO</target>
    </relation>
    <relation uri="http://libmeta.ru/me/relation/1011_6_ChISЈOVYH">
      <rel_text>функций</rel_text>
      <target>http://libmeta.ru/me/article/790_FUNKTO</target>
    </relation>
    <relation uri="http://libmeta.ru/me/relation/1011_7_ChISЈOVYH">
      <rel_text>погренности</rel_text>
      <target>http://libmeta.ru/me/article/344_POGREShNOST</target>
    </relation>
    <relation uri="http://libmeta.ru/me/relation/1011_8_ChISЈOVYH">
      <rel_text>равняться</rel_text>
      <target>http://libmeta.ru/me/article/605_RAVNENI</target>
    </relation>
    <relation uri="http://libmeta.ru/me/relation/1011_9_ChISЈOVYH">
      <rel_text>делителей</rel_text>
      <target>http://libmeta.ru/me/article/101_DELIMOST</target>
    </relation>
    <relation uri="http://libmeta.ru/me/relation/1011_10_ChISЈOVYH">
      <rel_text>число</rel_text>
      <target>http://libmeta.ru/me/article/1009_ChISL</target>
    </relation>
    <relation uri="http://libmeta.ru/me/relation/1011_11_ChISЈOVYH">
      <rel_text>функции</rel_text>
      <target>http://libmeta.ru/me/article/790_FUNKTO</target>
    </relation>
    <relation uri="http://libmeta.ru/me/relation/1011_12_ChISЈOVYH">
      <rel_text>среднее</rel_text>
      <target>http://libmeta.ru/me/article/165_SREDNE</target>
    </relation>
    <relation uri="http://libmeta.ru/me/relation/1011_13_ChISЈOVYH">
      <rel_text>средних</rel_text>
      <target>http://libmeta.ru/me/article/165_SREDNE</target>
    </relation>
    <relation uri="http://libmeta.ru/me/relation/1011_14_ChISЈOVYH">
      <rel_text>получения</rel_text>
      <target>http://libmeta.ru/me/article/457_POLUGRUPP</target>
    </relation>
    <relation uri="http://libmeta.ru/me/relation/1011_15_ChISЈOVYH">
      <rel_text>задача</rel_text>
      <target>http://libmeta.ru/me/article/10_ZAdAch</target>
    </relation>
    <relation uri="http://libmeta.ru/me/relation/1011_16_ChISЈOVYH">
      <rel_text>функций</rel_text>
      <target>http://libmeta.ru/me/article/790_FUNKTO</target>
    </relation>
    <relation uri="http://libmeta.ru/me/relation/1011_17_ChISЈOVYH">
      <rel_text>числовых</rel_text>
      <target>http://libmeta.ru/me/article/1008_ChISLITEL</target>
    </relation>
    <relation uri="http://libmeta.ru/me/relation/1011_18_ChISЈOVYH">
      <rel_text>функции</rel_text>
      <target>http://libmeta.ru/me/article/790_FUNKTO</target>
    </relation>
    <relation uri="http://libmeta.ru/me/relation/1011_19_ChISЈOVYH">
      <rel_text>среднего</rel_text>
      <target>http://libmeta.ru/me/article/165_SREDNE</target>
    </relation>
    <relation uri="http://libmeta.ru/me/relation/1011_20_ChISЈOVYH">
      <rel_text>функции</rel_text>
      <target>http://libmeta.ru/me/article/790_FUNKTO</target>
    </relation>
    <relation uri="http://libmeta.ru/me/relation/1011_21_ChISЈOVYH">
      <rel_text>числовоїі</rel_text>
      <target>http://libmeta.ru/me/article/1008_ChISLITEL</target>
    </relation>
    <relation uri="http://libmeta.ru/me/relation/1011_22_ChISЈOVYH">
      <rel_text>характеризуются</rel_text>
      <target>http://libmeta.ru/me/article/839_HARAKTERISTIK</target>
    </relation>
    <relation uri="http://libmeta.ru/me/relation/1011_23_ChISЈOVYH">
      <rel_text>арифметич</rel_text>
      <target>http://libmeta.ru/me/article/254_ARIFMETIK</target>
    </relation>
    <relation uri="http://libmeta.ru/me/relation/1011_24_ChISЈOVYH">
      <rel_text>интересными</rel_text>
      <target>http://libmeta.ru/me/article/639_INTERPOLJaTsI</target>
    </relation>
    <relation uri="http://libmeta.ru/me/relation/1011_25_ChISЈOVYH">
      <rel_text>функции</rel_text>
      <target>http://libmeta.ru/me/article/790_FUNKTO</target>
    </relation>
    <relation uri="http://libmeta.ru/me/relation/1011_26_ChISЈOVYH">
      <rel_text>числовые</rel_text>
      <target>http://libmeta.ru/me/article/1008_ChISLITEL</target>
    </relation>
    <relation uri="http://libmeta.ru/me/relation/1011_27_ChISЈOVYH">
      <rel_text>теории</rel_text>
      <target>http://libmeta.ru/me/article/381_TEORI</target>
    </relation>
    <relation uri="http://libmeta.ru/me/relation/1011_28_ChISЈOVYH">
      <rel_text>Краткая</rel_text>
      <target>http://libmeta.ru/me/article/82_KRATNO</target>
    </relation>
  </relations>
  <text>а с и мптотика а р и фмет и ч с с ких фу нкцийприближенное представление арифметич. функций (определенных при всех натуральных значениях аргумента) посредством сравнительно простых выражений со сколь угодно малой относительної погрешностью. Точнее, для числовой функции $URI[[http://libmeta.ru/me/formula/aux/1011_1_ChISЈOVYH]]/URI$ суцествует а с и м п т от и К а, если пмеет место асимптотич. равенство

\[
URI[[http://libmeta.ru/me/formula/main/1011_1_ChISЈOVYH]]/URI
\] где $URI[[http://libmeta.ru/me/formula/aux/1011_2_ChISЈOVYH]]/URI$ - приближающая функция, $URI[[http://libmeta.ru/me/formula/aux/1011_3_ChISЈOVYH]]/URI$ - погрешность, относительно к-рой в общем случае известно только, что

\[
URI[[http://libmeta.ru/me/formula/main/1011_2_ChISЈOVYH]]/URI
\]

URI[[http://libmeta.ru/me/relation/1011_28_ChISЈOVYH]]/URI запись: $URI[[http://libmeta.ru/me/formula/aux/1011_4_ChISЈOVYH]]/URI$ пли $URI[[http://libmeta.ru/me/formula/aux/1011_5_ChISЈOVYH]]/URI$ (см. URI[[http://libmeta.ru/me/relation/1011_2_ChISЈOVYH]]/URI).

Нахождение Ч. ф. а. является одной из важнейших задач аналитич. URI[[http://libmeta.ru/me/relation/1011_27_ChISЈOVYH]]/URI чисел. Это объясняется тем, что почти все URI[[http://libmeta.ru/me/relation/1011_26_ChISЈOVYH]]/URI URI[[http://libmeta.ru/me/relation/1011_25_ChISЈOVYH]]/URI с URI[[http://libmeta.ru/me/relation/1011_24_ChISЈOVYH]]/URI URI[[http://libmeta.ru/me/relation/1011_23_ChISЈOVYH]]/URI. свойствами URI[[http://libmeta.ru/me/relation/1011_22_ChISЈOVYH]]/URI крайней неправильностью своего изменения при возрастании аргумента. При рассмотрении вместо URI[[http://libmeta.ru/me/relation/1011_21_ChISЈOVYH]]/URI URI[[http://libmeta.ru/me/relation/1011_20_ChISЈOVYH]]/URI $URI[[http://libmeta.ru/me/formula/aux/1011_6_ChISЈOVYH]]/URI$ ее URI[[http://libmeta.ru/me/relation/1011_19_ChISЈOVYH]]/URI значения $URI[[http://libmeta.ru/me/formula/aux/1011_7_ChISЈOVYH]]/URI$ натуральное) «неправильность» URI[[http://libmeta.ru/me/relation/1011_18_ChISЈOVYH]]/URI $URI[[http://libmeta.ru/me/formula/aux/1011_8_ChISЈOVYH]]/URI$ сглаживается. Поэтому типичной для URI[[http://libmeta.ru/me/relation/1011_17_ChISЈOVYH]]/URI URI[[http://libmeta.ru/me/relation/1011_16_ChISЈOVYH]]/URI является URI[[http://libmeta.ru/me/relation/1011_15_ChISЈOVYH]]/URI URI[[http://libmeta.ru/me/relation/1011_14_ChISЈOVYH]]/URI асимптотики для их URI[[http://libmeta.ru/me/relation/1011_13_ChISЈOVYH]]/URI значений. Напр., URI[[http://libmeta.ru/me/relation/1011_12_ChISЈOVYH]]/URI значение URI[[http://libmeta.ru/me/relation/1011_11_ChISЈOVYH]]/URI, означающей URI[[http://libmeta.ru/me/relation/1011_10_ChISЈOVYH]]/URI URI[[http://libmeta.ru/me/relation/1011_9_ChISЈOVYH]]/URI $URI[[http://libmeta.ru/me/formula/aux/1011_9_ChISЈOVYH]]/URI$, будет URI[[http://libmeta.ru/me/relation/1011_8_ChISЈOVYH]]/URI

\[
URI[[http://libmeta.ru/me/formula/main/1011_3_ChISЈOVYH]]/URI
\]

Возникающая здесь проблема наилучшей возможної оценки URI[[http://libmeta.ru/me/relation/1011_7_ChISЈOVYH]]/URI в асимптотич. равенстве для многих URI[[http://libmeta.ru/me/relation/1011_6_ChISЈOVYH]]/URI, в частности для URI[[http://libmeta.ru/me/relation/1011_5_ChISЈOVYH]]/URI $URI[[http://libmeta.ru/me/formula/aux/1011_10_ChISЈOVYH]]/URI$, в 1984 еще не решена (см. URI[[http://libmeta.ru/me/relation/1011_1_ChISЈOVYH]]/URI).

Не менее важную роль играет Ч. ф. а. при решении URI[[http://libmeta.ru/me/relation/1011_4_ChISЈOVYH]]/URI. Для многих из них неизвестны прямые URI[[http://libmeta.ru/me/relation/1011_3_ChISЈOVYH]]/URI существования разложения целого числа $URI[[http://libmeta.ru/me/formula/aux/1011_11_ChISЈOVYH]]/URI$ на слагаемые заданного вида. Однако, как только удается вывести асимптотику для числа искомых разложений, отсюда уже следует существование требуемого разложения для ліобого достаточно большого числа $URI[[http://libmeta.ru/me/formula/aux/1011_12_ChISЈOVYH]]/URI$.</text>
  <text_orig>а с и мптотика а р и фмет и ч с с ких фу нкцийприближенное представление арифметич. функций (определенных при всех натуральных значениях аргумента) посредством сравнительно простых выражений со сколь угодно малой относительної погрешностью. Точнее, для числовой функции $f(x)$ суцествует а с и м п т от и К а, если пмеет место асимптотич. равенство

\[
f(x)=\varphi(x)+R(x)
\] где $\varphi(x)$ - приближающая функция, $R(x)$ - погрешность, относительно к-рой в общем случае известно только, что

\[
\lim _{x \rightarrow \infty}(R(x) / \varphi(x))=0 .
\]

Краткая запись: $f(x)=\varphi(x)+o \quad(\varphi(x))$ пли $f(x) \sim \varphi(x)$ (см. Асимптотическая формула).

Нахождение Ч. ф. а. является одной из важнейших задач аналитич. теории чисел. Это объясняется тем, что почти все числовые функции с интересными арифметич. свойствами характеризуются крайней неправильностью своего изменения при возрастании аргумента. При рассмотрении вместо числовоїі функции $f(x)$ ее среднего значения $\frac{1}{x} \sum_{n \leqslant x} f(n)(n-$ натуральное) «неправильность» функции $f(x)$ сглаживается. Поэтому типичной для числовых функций является задача получения асимптотики для их средних значений. Напр., среднее значение функции, означающей число делителей $n$, будет равняться

\[
\frac{1}{n} \sum_{m \leqslant n} \tau(n) \sim \ln n .
\]

Возникающая здесь проблема наилучшей возможної оценки погренности в асимптотич. равенстве для многих функций, в частности для функций $\tau(n)$, в 1984 еще не решена (см. Аналитическая теория чисел).

Не менее важную роль играет Ч. ф. а. при решении аддитивных проблем. Для многих из них неизвестны прямые доказательства существования разложения целого числа $n$ на слагаемые заданного вида. Однако, как только удается вывести асимптотику для числа искомых разложений, отсюда уже следует существование требуемого разложения для ліобого достаточно большого числа $n$.</text_orig>
</article>
