<?xml version="1.0" ?>
<article uri="http://libmeta.ru/me/article/1012_RANSTV" alphabetic_pos="1012">
  <title>РАНСТВА</title>
  <authors>
    <author>A. Л. Онищик</author>
  </authors>
  <pages>
    <start>503</start>
    <end>503</end>
  </pages>
  <literature>
    <literature_orig/>
  </literature>
  <formulas_main/>
  <formulas_aux>
    <formula uri="http://libmeta.ru/me/formula/aux/1012_1_RANSTV">v^{\mathbb{c}}</formula>
    <formula uri="http://libmeta.ru/me/formula/aux/1012_2_RANSTV">v</formula>
    <formula uri="http://libmeta.ru/me/formula/aux/1012_3_RANSTV">v^{\mathbb{c}}</formula>
    <formula uri="http://libmeta.ru/me/formula/aux/1012_4_RANSTV">v \otimes \mathbb{C}</formula>
    <formula uri="http://libmeta.ru/me/formula/aux/1012_5_RANSTV">x+i y</formula>
    <formula uri="http://libmeta.ru/me/formula/aux/1012_6_RANSTV">x, y \in V</formula>
    <formula uri="http://libmeta.ru/me/formula/aux/1012_7_RANSTV">v</formula>
    <formula uri="http://libmeta.ru/me/formula/aux/1012_8_RANSTV">v^{\mathbb{c}}</formula>
    <formula uri="http://libmeta.ru/me/formula/aux/1012_9_RANSTV">v^{\mathbb{c}}</formula>
    <formula uri="http://libmeta.ru/me/formula/aux/1012_10_RANSTV">v</formula>
    <formula uri="http://libmeta.ru/me/formula/aux/1012_11_RANSTV">v^{\mathbb{c}}(</formula>
    <formula uri="http://libmeta.ru/me/formula/aux/1012_12_RANSTV">\mathbb{c}) . \quad</formula>
    <formula uri="http://libmeta.ru/me/formula/aux/1012_13_RANSTV">\operatorname{dim}_{\mathbb{c}} V^{\mathbb{C}}=\operatorname{dim}_{\mathbb{R}} V</formula>
    <formula uri="http://libmeta.ru/me/formula/aux/1012_14_RANSTV">v \longmapsto V^{\mathbb{C}}</formula>
    <formula uri="http://libmeta.ru/me/formula/aux/1012_15_RANSTV">\mathbb{r}</formula>
    <formula uri="http://libmeta.ru/me/formula/aux/1012_16_RANSTV">\mathbb{c}</formula>
  </formulas_aux>
  <relations n="20">
    <relation uri="http://libmeta.ru/me/relation/1012_1_RANSTV">
      <rel_text>векторных пространств</rel_text>
      <target>http://libmeta.ru/me/article/657_VEKTORNOE</target>
    </relation>
    <relation uri="http://libmeta.ru/me/relation/1012_2_RANSTV">
      <rel_text>категорию</rel_text>
      <target>http://libmeta.ru/me/article/787_KATEGORI</target>
    </relation>
    <relation uri="http://libmeta.ru/me/relation/1012_3_RANSTV">
      <rel_text>векторных пространств</rel_text>
      <target>http://libmeta.ru/me/article/657_VEKTORNOE</target>
    </relation>
    <relation uri="http://libmeta.ru/me/relation/1012_4_RANSTV">
      <rel_text>категории</rel_text>
      <target>http://libmeta.ru/me/article/787_KATEGORI</target>
    </relation>
    <relation uri="http://libmeta.ru/me/relation/1012_5_RANSTV">
      <rel_text>функтором</rel_text>
      <target>http://libmeta.ru/me/article/796_FUNKTsIONA</target>
    </relation>
    <relation uri="http://libmeta.ru/me/relation/1012_6_RANSTV">
      <rel_text>Операция</rel_text>
      <target>http://libmeta.ru/me/article/15_OPERAN</target>
    </relation>
    <relation uri="http://libmeta.ru/me/relation/1012_7_RANSTV">
      <rel_text>пространства</rel_text>
      <target>http://libmeta.ru/me/article/748_PROSTRANSTV</target>
    </relation>
    <relation uri="http://libmeta.ru/me/relation/1012_8_RANSTV">
      <rel_text>пространства</rel_text>
      <target>http://libmeta.ru/me/article/748_PROSTRANSTV</target>
    </relation>
    <relation uri="http://libmeta.ru/me/relation/1012_9_RANSTV">
      <rel_text>пространства</rel_text>
      <target>http://libmeta.ru/me/article/748_PROSTRANSTV</target>
    </relation>
    <relation uri="http://libmeta.ru/me/relation/1012_10_RANSTV">
      <rel_text>Пространство</rel_text>
      <target>http://libmeta.ru/me/article/748_PROSTRANSTV</target>
    </relation>
    <relation uri="http://libmeta.ru/me/relation/1012_11_RANSTV">
      <rel_text>комплексные</rel_text>
      <target>http://libmeta.ru/me/article/1005_KOMPAKTNOST</target>
    </relation>
    <relation uri="http://libmeta.ru/me/relation/1012_12_RANSTV">
      <rel_text>сложения</rel_text>
      <target>http://libmeta.ru/me/article/1403_SLOZhENI</target>
    </relation>
    <relation uri="http://libmeta.ru/me/relation/1012_13_RANSTV">
      <rel_text>формальных</rel_text>
      <target>http://libmeta.ru/me/article/731_FORMALIZ</target>
    </relation>
    <relation uri="http://libmeta.ru/me/relation/1012_14_RANSTV">
      <rel_text>множество</rel_text>
      <target>http://libmeta.ru/me/article/733_MNOZhESTV</target>
    </relation>
    <relation uri="http://libmeta.ru/me/relation/1012_15_RANSTV">
      <rel_text>тензорное произведение</rel_text>
      <target>http://libmeta.ru/me/article/376_TENZORNOE</target>
    </relation>
    <relation uri="http://libmeta.ru/me/relation/1012_16_RANSTV">
      <rel_text>Пространство</rel_text>
      <target>http://libmeta.ru/me/article/748_PROSTRANSTV</target>
    </relation>
    <relation uri="http://libmeta.ru/me/relation/1012_17_RANSTV">
      <rel_text>векторного пространства</rel_text>
      <target>http://libmeta.ru/me/article/657_VEKTORNOE</target>
    </relation>
    <relation uri="http://libmeta.ru/me/relation/1012_18_RANSTV">
      <rel_text>полученное</rel_text>
      <target>http://libmeta.ru/me/article/457_POLUGRUPP</target>
    </relation>
    <relation uri="http://libmeta.ru/me/relation/1012_19_RANSTV">
      <rel_text>векторное пространство</rel_text>
      <target>http://libmeta.ru/me/article/657_VEKTORNOE</target>
    </relation>
    <relation uri="http://libmeta.ru/me/relation/1012_20_RANSTV">
      <rel_text>комплексное</rel_text>
      <target>http://libmeta.ru/me/article/1005_KOMPAKTNOST</target>
    </relation>
  </relations>
  <text>URI[[http://libmeta.ru/me/relation/1012_20_RANSTV]]/URI URI[[http://libmeta.ru/me/relation/1012_19_RANSTV]]/URI $URI[[http://libmeta.ru/me/formula/aux/1012_1_RANSTV]]/URI$, URI[[http://libmeta.ru/me/relation/1012_18_RANSTV]]/URI из вещественного URI[[http://libmeta.ru/me/relation/1012_17_RANSTV]]/URI $URI[[http://libmeta.ru/me/formula/aux/1012_2_RANSTV]]/URI$ путем распирения поля скаляров. URI[[http://libmeta.ru/me/relation/1012_16_RANSTV]]/URI $URI[[http://libmeta.ru/me/formula/aux/1012_3_RANSTV]]/URI$ определяется как URI[[http://libmeta.ru/me/relation/1012_15_RANSTV]]/URI $URI[[http://libmeta.ru/me/formula/aux/1012_4_RANSTV]]/URI$. Его можно определить также как URI[[http://libmeta.ru/me/relation/1012_14_RANSTV]]/URI URI[[http://libmeta.ru/me/relation/1012_13_RANSTV]]/URI выражений $URI[[http://libmeta.ru/me/formula/aux/1012_5_RANSTV]]/URI$, где $URI[[http://libmeta.ru/me/formula/aux/1012_6_RANSTV]]/URI$, с естественно заданными операциями URI[[http://libmeta.ru/me/relation/1012_12_RANSTV]]/URI и умножения на URI[[http://libmeta.ru/me/relation/1012_11_RANSTV]]/URI числа. URI[[http://libmeta.ru/me/relation/1012_10_RANSTV]]/URI $URI[[http://libmeta.ru/me/formula/aux/1012_7_RANSTV]]/URI$ вкладывается в $URI[[http://libmeta.ru/me/formula/aux/1012_8_RANSTV]]/URI$ в качестве вещественного подпространства и наз. в е щ е с т в е н о й фо рм о й URI[[http://libmeta.ru/me/relation/1012_9_RANSTV]]/URI $URI[[http://libmeta.ru/me/formula/aux/1012_9_RANSTV]]/URI$. Всякий базис URI[[http://libmeta.ru/me/relation/1012_8_RANSTV]]/URI $URI[[http://libmeta.ru/me/formula/aux/1012_10_RANSTV]]/URI$ будет базисом URI[[http://libmeta.ru/me/relation/1012_7_RANSTV]]/URI $URI[[http://libmeta.ru/me/formula/aux/1012_11_RANSTV]]/URI$ над $URI[[http://libmeta.ru/me/formula/aux/1012_12_RANSTV]]/URI$ В частности, $URI[[http://libmeta.ru/me/formula/aux/1012_13_RANSTV]]/URI$. URI[[http://libmeta.ru/me/relation/1012_6_RANSTV]]/URI $URI[[http://libmeta.ru/me/formula/aux/1012_14_RANSTV]]/URI$ является URI[[http://libmeta.ru/me/relation/1012_5_RANSTV]]/URI из URI[[http://libmeta.ru/me/relation/1012_4_RANSTV]]/URI URI[[http://libmeta.ru/me/relation/1012_3_RANSTV]]/URI над $URI[[http://libmeta.ru/me/formula/aux/1012_15_RANSTV]]/URI$ в URI[[http://libmeta.ru/me/relation/1012_2_RANSTV]]/URI URI[[http://libmeta.ru/me/relation/1012_1_RANSTV]]/URI над $URI[[http://libmeta.ru/me/formula/aux/1012_16_RANSTV]]/URI$.</text>
  <text_orig>комплексное векторное пространство $V^{\mathbb{C}}$, полученное из вещественного векторного пространства $V$ путем распирения поля скаляров. Пространство $V^{\mathbb{C}}$ определяется как тензорное произведение $V \otimes \mathbb{C}$. Его можно определить также как множество формальных выражений $x+i y$, где $x, y \in V$, с естественно заданными операциями сложения и умножения на комплексные числа. Пространство $V$ вкладывается в $V^{\mathbb{C}}$ в качестве вещественного подпространства и наз. в е щ е с т в е н о й фо рм о й пространства $V^{\mathbb{C}}$. Всякий базис пространства $V$ будет базисом пространства $V^{\mathbb{C}}($ над $\mathbb{C}) . \quad$ В частности, $\operatorname{dim}_{\mathbb{C}} V^{\mathbb{C}}=\operatorname{dim}_{\mathbb{R}} V$. Операция $V \longmapsto V^{\mathbb{C}}$ является функтором из категории векторных пространств над $\mathbb{R}$ в категорию векторных пространств над $\mathbb{C}$. A. Л. Онищик.</text_orig>
</article>
