<?xml version="1.0" ?>
<article uri="http://libmeta.ru/me/article/1013_IIIALJa" alphabetic_pos="1013">
  <title>IIIАЛЯ ТЕОРЕМА</title>
  <authors>
    <author>Н. С. Шарадзе</author>
  </authors>
  <pages>
    <start>442</start>
    <end>442</end>
  </pages>
  <literature>
    <literature_orig>Jum.: [1] B o s e R. C., «sankhyă», 1947, v. 8, p. 107-66; [2] H i l l R., &quot;discrete Math.&quot;, 1978, v. 22, №2, p. 111-37; p. $133-236$.B. B. Аøанасьев.Iii Ap -- множество $v^{n}$ точек $x$ евкјидова пространства $e^{n}$, удаленных от нек-рой точки $x_{0}$ (цент р Iii.) на расстояние, меньшее (о т к р т ы й ш а р $\dot{v}^{n}$ ) или не превышаюшее ( а м к н у т ы й ш а р $\bar{v} n$ ) величину $r$ (р а д и у с Ш.), т. е.\[\stackrel{\circ}{V}\left(\overline{V^{n}}\right)=\left\{x \in E^{n}, \rho\left(x, x_{0}\right)&lt;R(\leqslant R)\right\} .\]Iii. $v^{1}$ - это о т р е зок, $v^{2}$ - эток р у г, $v^{n}$ при $n&gt;3$ иногда наз. г и п е р ш а о м. Границей (поверхностью) Шi. является сфера.Объем Ill.\[V^{n}=\frac{\pi^{n / 2}}{\Gamma(n / 2+1)} R^{n}=\frac{S^{n-1}}{n} R,\]где $s^{n-1}$ - поверхность граничной сферы. В частності,\[V^{1}=2 R, V^{2}=\pi R^{2}, V^{3}=\frac{4}{3} \pi R^{3}, V^{4}=\frac{\pi^{2} R^{4}}{2} .\]С возрастанием размерности объем Iii. «концентрируется» у его поверхности:\[\frac{V^{n}\left(\boldsymbol{R}_{2}\right)-V^{n}\left(\boldsymbol{R}_{1}\right)}{V^{n}\left(\boldsymbol{R}_{2}\right)} \longrightarrow 1, R_{1}&lt;R_{2}, n \longrightarrow \infty .\]Ш.- простейшая геометрич. фигура. Топология его тривиальна. Среди всех тел равного объема Iii. имеет минимальную поверхность, а среди всех тел одинаковой поверхности он имеет наименьший объем.Совершенно аналогично определяется Iii. в метрич. пространстве, однако при этом, напр., Iii. может быть не строго выпуклым, его поверхность может иметь негладкие точки и т. п.- все то, что бывает у произвольных выпуклых тел.Бе с к о н е ч в о ме рвы й ші а $\mathrm{p}-$ прямой предел последовательности вложенных друг в друга Iii. последовательных размерностей - в отличие от конечномерного Шii. не имеет компактного замыкания. Наоборот, компантность Шi. в топологическом векторном пространстве свидетельствует о его конечномерности.Лит. см. при статье Сøера.</literature_orig>
    <unit>
      <author>Bose R. C.</author>
      <title>«sankhyă»</title>
      <publication/>
      <year>1947</year>
      <other>v. 8, p. 107-66</other>
    </unit>
    <unit>
      <author>Hill R.</author>
      <title>&quot;discrete Math.&quot;</title>
      <publication/>
      <year>1978</year>
      <other>v. 22, №2, p. 111-37; p. $133-236$.B. B. Аøанасьев.Iii Ap -- множество $v^{n}$ точек $x$ евкјидова пространства $e^{n}$, удаленных от нек-рой точки $x_{0}$ (цент р Iii.) на расстояние, меньшее (о т к р т ы й ш а р $\dot{v}^{n}$ ) или не превышаюшее ( а м к н у т ы й ш а р $\bar{v} n$ ) величину $r$ (р а д и у с Ш.), т. е.\[\stackrel{\circ}{V}\left(\overline{V^{n}}\right)=\left\{x \in E^{n}, \rho\left(x, x_{0}\right)&lt;R(\leqslant R)\right\} .\]Iii. $v^{1}$ - это о т р е зок, $v^{2}$ - эток р у г, $v^{n}$ при $n&gt;3$ иногда наз. г и п е р ш а о м. Границей (поверхностью) Шi. является сфера.Объем Ill.\[V^{n}=\frac{\pi^{n / 2}}{\Gamma(n / 2+1)} R^{n}=\frac{S^{n-1}}{n} R, \]где $s^{n-1}$ - поверхность граничной сферы. В частності, \[V^{1}=2 R, V^{2}=\pi R^{2}, V^{3}=\frac{4}{3} \pi R^{3}, V^{4}=\frac{\pi^{2} R^{4}}{2} .\]С возрастанием размерности объем Iii. «концентрируется» у его поверхности:\[\frac{V^{n}\left(\boldsymbol{R}_{2}\right)-V^{n}\left(\boldsymbol{R}_{1}\right)}{V^{n}\left(\boldsymbol{R}_{2}\right)} \longrightarrow 1, R_{1}&lt;R_{2}, n \longrightarrow \infty .\]Ш.- простейшая геометрич. фигура. Топология его тривиальна. Среди всех тел равного объема Iii. имеет минимальную поверхность, а среди всех тел одинаковой поверхности он имеет наименьший объем.Совершенно аналогично определяется Iii. в метрич. пространстве, однако при этом, напр., Iii. может быть не строго выпуклым, его поверхность может иметь негладкие точки и т. п.- все то, что бывает у произвольных выпуклых тел.Бе с к о н е ч в о ме рвы й ші а $\mathrm{p}-$ прямой предел последовательности вложенных друг в друга Iii. последовательных размерностей - в отличие от конечномерного Шii. не имеет компактного замыкания. Наоборот, компантность Шi. в топологическом векторном пространстве свидетельствует о его конечномерности.Лит. см. при статье Сøера.</other>
    </unit>
  </literature>
  <formulas_main/>
  <formulas_aux>
    <formula uri="http://libmeta.ru/me/formula/aux/1013_1_IIIALJa">a, B, C</formula>
    <formula uri="http://libmeta.ru/me/formula/aux/1013_2_IIIALJa">\overline{a B}+\overline{B C}=\overline{A C}</formula>
    <formula uri="http://libmeta.ru/me/formula/aux/1013_3_IIIALJa">\overline{a B}</formula>
    <formula uri="http://libmeta.ru/me/formula/aux/1013_4_IIIALJa">\overline{b C}, \overline{A C}</formula>
    <formula uri="http://libmeta.ru/me/formula/aux/1013_5_IIIALJa">\underset{1969 .}{ }</formula>
    <formula uri="http://libmeta.ru/me/formula/aux/1013_6_IIIALJa">k</formula>
    <formula uri="http://libmeta.ru/me/formula/aux/1013_7_IIIALJa">\mathbf{a}</formula>
    <formula uri="http://libmeta.ru/me/formula/aux/1013_8_IIIALJa">\mathbf{\kappa} \mathbf{a},-</formula>
    <formula uri="http://libmeta.ru/me/formula/aux/1013_9_IIIALJa">k</formula>
    <formula uri="http://libmeta.ru/me/formula/aux/1013_10_IIIALJa">p(n, q)</formula>
    <formula uri="http://libmeta.ru/me/formula/aux/1013_11_IIIALJa">p(n, q)</formula>
    <formula uri="http://libmeta.ru/me/formula/aux/1013_12_IIIALJa">m(n, q)</formula>
    <formula uri="http://libmeta.ru/me/formula/aux/1013_13_IIIALJa">\boldsymbol{p}(n, q)</formula>
    <formula uri="http://libmeta.ru/me/formula/aux/1013_14_IIIALJa">m(n, q)</formula>
    <formula uri="http://libmeta.ru/me/formula/aux/1013_15_IIIALJa">m(n, 2)=2^{n}: 2^{n}</formula>
    <formula uri="http://libmeta.ru/me/formula/aux/1013_16_IIIALJa">p(n, 2)</formula>
    <formula uri="http://libmeta.ru/me/formula/aux/1013_17_IIIALJa">m(2, q)=q+1, q</formula>
    <formula uri="http://libmeta.ru/me/formula/aux/1013_18_IIIALJa">(q+1)</formula>
    <formula uri="http://libmeta.ru/me/formula/aux/1013_19_IIIALJa">p G(2, q)</formula>
    <formula uri="http://libmeta.ru/me/formula/aux/1013_20_IIIALJa">m(2, q)=q+2, \quad q</formula>
    <formula uri="http://libmeta.ru/me/formula/aux/1013_21_IIIALJa">(q+2)</formula>
    <formula uri="http://libmeta.ru/me/formula/aux/1013_22_IIIALJa">\boldsymbol{p}(2, q)</formula>
    <formula uri="http://libmeta.ru/me/formula/aux/1013_23_IIIALJa">m(3, q)=q^{2}+1, q-</formula>
    <formula uri="http://libmeta.ru/me/formula/aux/1013_24_IIIALJa">\left(q^{2}+1\right)</formula>
    <formula uri="http://libmeta.ru/me/formula/aux/1013_25_IIIALJa">p(3, q)</formula>
    <formula uri="http://libmeta.ru/me/formula/aux/1013_26_IIIALJa">m(3, q)=q^{2}+1, q</formula>
    <formula uri="http://libmeta.ru/me/formula/aux/1013_27_IIIALJa">\left(q^{2}+1\right)</formula>
    <formula uri="http://libmeta.ru/me/formula/aux/1013_28_IIIALJa">p(3, q)</formula>
    <formula uri="http://libmeta.ru/me/formula/aux/1013_29_IIIALJa">m(4,3)=20: 20</formula>
    <formula uri="http://libmeta.ru/me/formula/aux/1013_30_IIIALJa">p(4,3)</formula>
    <formula uri="http://libmeta.ru/me/formula/aux/1013_31_IIIALJa">m(5,3)=56: 56</formula>
    <formula uri="http://libmeta.ru/me/formula/aux/1013_32_IIIALJa">p(5,3)</formula>
  </formulas_aux>
  <relations n="0"/>
  <text>1) Iii. т.: если $URI[[http://libmeta.ru/me/formula/aux/1013_1_IIIALJa]]/URI$-три произвольные точки оси, то $URI[[http://libmeta.ru/me/formula/aux/1013_2_IIIALJa]]/URI$, где $URI[[http://libmeta.ru/me/formula/aux/1013_3_IIIALJa]]/URI$, $URI[[http://libmeta.ru/me/formula/aux/1013_4_IIIALJa]]/URI$-длины направленных отрезков. Iii. т. обобщается для случая площадей ориентированных треугольников и объемов ориентированных тетраэдров (см. [1]).

2) Iii. т.: движение 1-го рода (не меняющее ориентации), отличное от поворота и переноса, является произведением переноса на поворот, ось к-рого параллельна направлению переноса (т. н. винтовое движение). Теорема доказана М. Шiалем (m. Chasles, 1830).

М., $URI[[http://libmeta.ru/me/formula/aux/1013_5_IIIALJa]]/URI$ [1] М о д е н о в П1. С., Аналитическая геометрия,

Iii Аiка, $URI[[http://libmeta.ru/me/formula/aux/1013_6_IIIALJa]]/URI$ - Ii $URI[[http://libmeta.ru/me/formula/aux/1013_7_IIIALJa]]/URI$ П $URI[[http://libmeta.ru/me/formula/aux/1013_8_IIIALJa]]/URI$ множество $URI[[http://libmeta.ru/me/formula/aux/1013_9_IIIALJa]]/URI$ точек конечного проективного пространства $URI[[http://libmeta.ru/me/formula/aux/1013_10_IIIALJa]]/URI$, никакие три из к-рых неколлинеарны. Две Ші. считают әквивалентными, если существует коллинеация пространства $URI[[http://libmeta.ru/me/formula/aux/1013_11_IIIALJa]]/URI$, переводящая одну из них в другую. Нахождение максимального числа $URI[[http://libmeta.ru/me/formula/aux/1013_12_IIIALJa]]/URI$ точек Шii. в $URI[[http://libmeta.ru/me/formula/aux/1013_13_IIIALJa]]/URI$, построение и классификация $URI[[http://libmeta.ru/me/formula/aux/1013_14_IIIALJa]]/URI$-Шi. составляет главный вопрос при изучении Шi., не решенный полностью (1984). Известны следующие результаты (см. [2], [3]):

$URI[[http://libmeta.ru/me/formula/aux/1013_15_IIIALJa]]/URI$-Iii. единственна (с точностью до эквивалентности) и является множеством точек $URI[[http://libmeta.ru/me/formula/aux/1013_16_IIIALJa]]/URI$, не лежащих в фиксированной гиперплоскости; $URI[[http://libmeta.ru/me/formula/aux/1013_17_IIIALJa]]/URI$ - нечетное: $URI[[http://libmeta.ru/me/formula/aux/1013_18_IIIALJa]]/URI$-Iii. в $URI[[http://libmeta.ru/me/formula/aux/1013_19_IIIALJa]]/URI$ является коникой и едивственна;

$URI[[http://libmeta.ru/me/formula/aux/1013_20_IIIALJa]]/URI$ - четное: $URI[[http://libmeta.ru/me/formula/aux/1013_21_IIIALJa]]/URI$-Iii. в $URI[[http://libmeta.ru/me/formula/aux/1013_22_IIIALJa]]/URI$, вообще говоря, не едивственна; $URI[[http://libmeta.ru/me/formula/aux/1013_23_IIIALJa]]/URI$ нечетное: $URI[[http://libmeta.ru/me/formula/aux/1013_24_IIIALJa]]/URI$-Шi. в $URI[[http://libmeta.ru/me/formula/aux/1013_25_IIIALJa]]/URI$ является эллиптич. квадрикой и единственна;

$URI[[http://libmeta.ru/me/formula/aux/1013_26_IIIALJa]]/URI$ - четное: $URI[[http://libmeta.ru/me/formula/aux/1013_27_IIIALJa]]/URI$-Iii. в $URI[[http://libmeta.ru/me/formula/aux/1013_28_IIIALJa]]/URI$, вообще говоря, не единственна;

$URI[[http://libmeta.ru/me/formula/aux/1013_29_IIIALJa]]/URI$-Iii. в $URI[[http://libmeta.ru/me/formula/aux/1013_30_IIIALJa]]/URI$ не единственна;

$URI[[http://libmeta.ru/me/formula/aux/1013_31_IIIALJa]]/URI$-Iii. в $URI[[http://libmeta.ru/me/formula/aux/1013_32_IIIALJa]]/URI$ единственна.

Iii. используются в теории кодирования (см., например, [2]).

[2]</text>
  <text_orig>1) III. т.: если $A, B, C$-три произвольные точки оси, то $\overline{A B}+\overline{B C}=\overline{A C}$, где $\overline{A B}$, $\overline{B C}, \overline{A C}$-длины направленных отрезков. III. т. обобщается для случая площадей ориентированных треугольников и объемов ориентированных тетраэдров (см. [1]).

2) III. т.: движение 1-го рода (не меняющее ориентации), отличное от поворота и переноса, является произведением переноса на поворот, ось к-рого параллельна направлению переноса (т. н. винтовое движение). Теорема доказана М. ШIалем (M. Chasles, 1830).

М., $\underset{1969 .}{ }$ [1] М о д е н о в П1. С., Аналитическая геометрия,

III АIКА, $k$ - II $\mathbf{a}$ П $\mathbf{\kappa} \mathbf{a},-$ множество $k$ точек конечного проективного пространства $P(n, q)$, никакие три из к-рых неколлинеарны. Две Ші. считают әквивалентными, если существует коллинеация пространства $P(n, q)$, переводящая одну из них в другую. Нахождение максимального числа $m(n, q)$ точек ШII. в $\boldsymbol{P}(n, q)$, построение и классификация $m(n, q)$-ШI. составляет главный вопрос при изучении ШI., не решенный полностью (1984). Известны следующие результаты (см. [2], [3]):

$m(n, 2)=2^{n}: 2^{n}$-III. единственна (с точностью до эквивалентности) и является множеством точек $P(n, 2)$, не лежащих в фиксированной гиперплоскости; $m(2, q)=q+1, q$ - нечетное: $(q+1)$-III. в $P G(2, q)$ является коникой и едивственна;

$m(2, q)=q+2, \quad q$ - четное: $(q+2)$-III. в $\boldsymbol{P}(2, q)$, вообще говоря, не едивственна; $m(3, q)=q^{2}+1, q-$ нечетное: $\left(q^{2}+1\right)$-ШI. в $P(3, q)$ является эллиптич. квадрикой и единственна;

$m(3, q)=q^{2}+1, q$ - четное: $\left(q^{2}+1\right)$-III. в $P(3, q)$, вообще говоря, не единственна;

$m(4,3)=20: 20$-III. в $P(4,3)$ не единственна;

$m(5,3)=56: 56$-III. в $P(5,3)$ единственна.

III. используются в теории кодирования (см., например, [2]).

[2] Jum.: [1] B o s e R. C., «Sankhyă», 1947, v. 8, p. 107-66; [2] H i l l R., &quot;Discrete Math.&quot;, 1978, v. 22, №2, p. 111-37; p. $133-236$.
B. B. Аøанасьев.

III AP -- множество $V^{n}$ точек $x$ евкјидова пространства $E^{n}$, удаленных от нек-рой точки $x_{0}$ (цент р III.) на расстояние, меньшее (о т к р т ы й ш а р $\dot{V}^{n}$ ) или не превышаюшее ( а м к н у т ы й ш а р $\bar{V} n$ ) величину $R$ (р а д и у с Ш.), т. е.

\[
\stackrel{\circ}{V}\left(\overline{V^{n}}\right)=\left\{x \in E^{n}, \rho\left(x, x_{0}\right)&lt;R(\leqslant R)\right\} .
\]

III. $V^{1}$ - это о т р е зок, $V^{2}$ - эток р у г, $V^{n}$ при $n&gt;3$ иногда наз. г и п е р ш а о м. Границей (поверхностью) ШI. является сфера.

Объем Ill.

\[
V^{n}=\frac{\pi^{n / 2}}{\Gamma(n / 2+1)} R^{n}=\frac{S^{n-1}}{n} R,
\]

где $S^{n-1}$ - поверхность граничной сферы. В частності,

\[
V^{1}=2 R, V^{2}=\pi R^{2}, V^{3}=\frac{4}{3} \pi R^{3}, V^{4}=\frac{\pi^{2} R^{4}}{2} .
\]

С возрастанием размерности объем III. «концентрируется» у его поверхности:

\[
\frac{V^{n}\left(\boldsymbol{R}_{2}\right)-V^{n}\left(\boldsymbol{R}_{1}\right)}{V^{n}\left(\boldsymbol{R}_{2}\right)} \longrightarrow 1, R_{1}&lt;R_{2}, n \longrightarrow \infty .
\]

Ш.- простейшая геометрич. фигура. Топология его тривиальна. Среди всех тел равного объема III. имеет минимальную поверхность, а среди всех тел одинаковой поверхности он имеет наименьший объем.

Совершенно аналогично определяется III. в метрич. пространстве, однако при этом, напр., III. может быть не строго выпуклым, его поверхность может иметь негладкие точки и т. п.- все то, что бывает у произвольных выпуклых тел.

Бе с к о н е ч в о ме рвы й ші а $\mathrm{p}-$ прямой предел последовательности вложенных друг в друга III. последовательных размерностей - в отличие от конечномерного ШII. не имеет компактного замыкания. Наоборот, компантность ШI. в топологическом векторном пространстве свидетельствует о его конечномерности.

Лит. см. при статье Сøера. Н. С. Шарадзе.</text_orig>
</article>
