<?xml version="1.0" ?>
<article uri="http://libmeta.ru/me/article/1013_REGU" alphabetic_pos="1013">
  <title>РЕГУ ЛЯРИЗАЦИИ МЕТОД</title>
  <authors/>
  <pages>
    <start>467</start>
    <end>468</end>
  </pages>
  <literature>
    <literature_orig>Лum.: [1] Т и х о н о в А. Н., А р с е н и н В. Я., Методы решения некорректных задач, 2 изд., М., 1979; [2] т и х оно в А. Н., &quot;докл. Ан Ссcp&quot;, 1963, т. 151, Nㅜ 3, с. 501-04; е в М. М., О некоторых некорректных задачах математической $\begin{array}{ll}\text { физики, Новосиб, } 1962 &amp; \text { B. Я. Арсенин, А. Н. Тихонов. }\end{array}$</literature_orig>
    <unit>
      <author>Тихонов А. Н.</author>
      <author>Арсенин В. Я.</author>
      <title>Методы решения некорректных задач</title>
      <publication>2 изд., М.</publication>
      <year>1979</year>
      <other/>
    </unit>
    <unit>
      <author>тихонов А. Н.</author>
      <title>&quot;докл. Ан Ссcp&quot;</title>
      <publication/>
      <year>1963</year>
      <other>т. 151, Nㅜ 3, с. 501-04; е в М. М., О некоторых некорректных задачах математической $\begin{array}{ll}\text { физики, Новосиб, } 1962 &amp; \text { B. Я. Арсенин, А. Н. Тихонов. }\end{array}$</other>
    </unit>
  </literature>
  <formulas_main>
    <formula uri="http://libmeta.ru/me/formula/main/1013_1_REGU">\Omega[z]=\int_{a}^{b}\left\{z^{2}+\left(\frac{d z}{d s}\right)^{2}\right\} d s .</formula>
    <formula uri="http://libmeta.ru/me/formula/main/1013_2_REGU">M^{\alpha}[z, A, \tilde{u}]=\rho_{U}^{2}(A z, \tilde{u})+\alpha \Omega[z] .</formula>
  </formulas_main>
  <formulas_aux>
    <formula uri="http://libmeta.ru/me/formula/aux/1013_1_REGU">a z=u</formula>
    <formula uri="http://libmeta.ru/me/formula/aux/1013_2_REGU">z</formula>
    <formula uri="http://libmeta.ru/me/formula/aux/1013_3_REGU">u</formula>
    <formula uri="http://libmeta.ru/me/formula/aux/1013_4_REGU">f</formula>
    <formula uri="http://libmeta.ru/me/formula/aux/1013_5_REGU">u</formula>
    <formula uri="http://libmeta.ru/me/formula/aux/1013_6_REGU">\rho_{f}(</formula>
    <formula uri="http://libmeta.ru/me/formula/aux/1013_7_REGU">) и \rho_{U}(</formula>
    <formula uri="http://libmeta.ru/me/formula/aux/1013_8_REGU">) . Если, напр, A-</formula>
    <formula uri="http://libmeta.ru/me/formula/aux/1013_9_REGU">u</formula>
    <formula uri="http://libmeta.ru/me/formula/aux/1013_10_REGU">(\bar{a}, \bar{u})</formula>
    <formula uri="http://libmeta.ru/me/formula/aux/1013_11_REGU">(\tilde{a}, \tilde{u})</formula>
    <formula uri="http://libmeta.ru/me/formula/aux/1013_12_REGU">\kappa</formula>
    <formula uri="http://libmeta.ru/me/formula/aux/1013_13_REGU">\bar{z}</formula>
    <formula uri="http://libmeta.ru/me/formula/aux/1013_14_REGU">\bar{a} z=\bar{u}</formula>
    <formula uri="http://libmeta.ru/me/formula/aux/1013_15_REGU">(\tilde{a}, \tilde{u})</formula>
    <formula uri="http://libmeta.ru/me/formula/aux/1013_16_REGU">\tilde{a} z=\tilde{u}</formula>
    <formula uri="http://libmeta.ru/me/formula/aux/1013_17_REGU">u</formula>
    <formula uri="http://libmeta.ru/me/formula/aux/1013_18_REGU">a</formula>
    <formula uri="http://libmeta.ru/me/formula/aux/1013_19_REGU">\delta</formula>
    <formula uri="http://libmeta.ru/me/formula/aux/1013_20_REGU">\tilde{u}</formula>
    <formula uri="http://libmeta.ru/me/formula/aux/1013_21_REGU">\bar{u}</formula>
    <formula uri="http://libmeta.ru/me/formula/aux/1013_22_REGU">\rho_{u}(\tilde{u}, \bar{u})</formula>
    <formula uri="http://libmeta.ru/me/formula/aux/1013_23_REGU">f_{0} \subset F</formula>
    <formula uri="http://libmeta.ru/me/formula/aux/1013_24_REGU">a z=\tilde{u}</formula>
    <formula uri="http://libmeta.ru/me/formula/aux/1013_25_REGU">z \in F_{0}</formula>
    <formula uri="http://libmeta.ru/me/formula/aux/1013_26_REGU">\rho_{u}(a z, \tilde{u}) \leqslant \delta</formula>
    <formula uri="http://libmeta.ru/me/formula/aux/1013_27_REGU">f_{\delta}</formula>
    <formula uri="http://libmeta.ru/me/formula/aux/1013_28_REGU">f_{0}</formula>
    <formula uri="http://libmeta.ru/me/formula/aux/1013_29_REGU">f_{0}</formula>
    <formula uri="http://libmeta.ru/me/formula/aux/1013_30_REGU">z(s)</formula>
    <formula uri="http://libmeta.ru/me/formula/aux/1013_31_REGU">z</formula>
    <formula uri="http://libmeta.ru/me/formula/aux/1013_32_REGU">f_{0}</formula>
    <formula uri="http://libmeta.ru/me/formula/aux/1013_33_REGU">f_{0}</formula>
    <formula uri="http://libmeta.ru/me/formula/aux/1013_34_REGU">f_{0} \subset F_{1} \subset \ldots \subset F_{n} \subset \ldots</formula>
    <formula uri="http://libmeta.ru/me/formula/aux/1013_35_REGU">f_{n}</formula>
    <formula uri="http://libmeta.ru/me/formula/aux/1013_36_REGU">f_{n}</formula>
    <formula uri="http://libmeta.ru/me/formula/aux/1013_37_REGU">a z=\tilde{u}</formula>
    <formula uri="http://libmeta.ru/me/formula/aux/1013_38_REGU">f_{n}</formula>
    <formula uri="http://libmeta.ru/me/formula/aux/1013_39_REGU">\tilde{u}</formula>
    <formula uri="http://libmeta.ru/me/formula/aux/1013_40_REGU">f_{n}</formula>
    <formula uri="http://libmeta.ru/me/formula/aux/1013_41_REGU">z</formula>
    <formula uri="http://libmeta.ru/me/formula/aux/1013_42_REGU">\omega[z]</formula>
    <formula uri="http://libmeta.ru/me/formula/aux/1013_43_REGU">z</formula>
    <formula uri="http://libmeta.ru/me/formula/aux/1013_44_REGU">\omega[z]</formula>
    <formula uri="http://libmeta.ru/me/formula/aux/1013_45_REGU">z</formula>
    <formula uri="http://libmeta.ru/me/formula/aux/1013_46_REGU">[a, b]</formula>
    <formula uri="http://libmeta.ru/me/formula/aux/1013_47_REGU">z(s)</formula>
    <formula uri="http://libmeta.ru/me/formula/aux/1013_48_REGU">w_{2}^{1}</formula>
    <formula uri="http://libmeta.ru/me/formula/aux/1013_49_REGU">\omega[z]</formula>
    <formula uri="http://libmeta.ru/me/formula/aux/1013_50_REGU">a z=\tilde{u}</formula>
    <formula uri="http://libmeta.ru/me/formula/aux/1013_51_REGU">f_{\delta}</formula>
    <formula uri="http://libmeta.ru/me/formula/aux/1013_52_REGU">\omega[z]</formula>
    <formula uri="http://libmeta.ru/me/formula/aux/1013_53_REGU">f_{\delta}</formula>
    <formula uri="http://libmeta.ru/me/formula/aux/1013_54_REGU">a</formula>
    <formula uri="http://libmeta.ru/me/formula/aux/1013_55_REGU">\omega[z]</formula>
    <formula uri="http://libmeta.ru/me/formula/aux/1013_56_REGU">f_{\omega}</formula>
    <formula uri="http://libmeta.ru/me/formula/aux/1013_57_REGU">z_{\alpha}</formula>
    <formula uri="http://libmeta.ru/me/formula/aux/1013_58_REGU">f_{\delta} \cap F_{\Omega}</formula>
    <formula uri="http://libmeta.ru/me/formula/aux/1013_59_REGU">\alpha</formula>
    <formula uri="http://libmeta.ru/me/formula/aux/1013_60_REGU">\rho_{u}\left(a z_{\alpha}, \tilde{u}\right)=\delta</formula>
    <formula uri="http://libmeta.ru/me/formula/aux/1013_61_REGU">\delta</formula>
    <formula uri="http://libmeta.ru/me/formula/aux/1013_62_REGU">\alpha</formula>
    <formula uri="http://libmeta.ru/me/formula/aux/1013_63_REGU">\alpha</formula>
    <formula uri="http://libmeta.ru/me/formula/aux/1013_64_REGU">\delta</formula>
    <formula uri="http://libmeta.ru/me/formula/aux/1013_65_REGU">\tilde{u}</formula>
    <formula uri="http://libmeta.ru/me/formula/aux/1013_66_REGU">\alpha=\alpha(\delta, \tilde{u})</formula>
    <formula uri="http://libmeta.ru/me/formula/aux/1013_67_REGU">z_{\alpha(\delta, \tilde{u})}</formula>
    <formula uri="http://libmeta.ru/me/formula/aux/1013_68_REGU">a z=\tilde{u}</formula>
    <formula uri="http://libmeta.ru/me/formula/aux/1013_69_REGU">\tilde{a} z=\tilde{u}</formula>
    <formula uri="http://libmeta.ru/me/formula/aux/1013_70_REGU">\tilde{a}</formula>
    <formula uri="http://libmeta.ru/me/formula/aux/1013_71_REGU">\tilde{u}</formula>
    <formula uri="http://libmeta.ru/me/formula/aux/1013_72_REGU">m^{\alpha}[z, \tilde{A}</formula>
  </formulas_aux>
  <relations n="81">
    <relation uri="http://libmeta.ru/me/relation/1013_1_REGU">
      <rel_text>подробнее</rel_text>
      <target>http://libmeta.ru/me/article/372_PODREShETK</target>
    </relation>
    <relation uri="http://libmeta.ru/me/relation/1013_2_REGU">
      <rel_text>Некорректнысе задачи</rel_text>
      <target>http://libmeta.ru/me/article/907_NEKORREKTNYE</target>
    </relation>
    <relation uri="http://libmeta.ru/me/relation/1013_3_REGU">
      <rel_text>приближенно</rel_text>
      <target>http://libmeta.ru/me/article/629_PRIBLIभ่ENI</target>
    </relation>
    <relation uri="http://libmeta.ru/me/relation/1013_4_REGU">
      <rel_text>уравнений</rel_text>
      <target>http://libmeta.ru/me/article/106_URAVNENI</target>
    </relation>
    <relation uri="http://libmeta.ru/me/relation/1013_5_REGU">
      <rel_text>приближенные</rel_text>
      <target>http://libmeta.ru/me/article/629_PRIBLIभ่ENI</target>
    </relation>
    <relation uri="http://libmeta.ru/me/relation/1013_6_REGU">
      <rel_text>строятся</rel_text>
      <target>http://libmeta.ru/me/article/266_STROFOID</target>
    </relation>
    <relation uri="http://libmeta.ru/me/relation/1013_7_REGU">
      <rel_text>уравнения</rel_text>
      <target>http://libmeta.ru/me/article/106_URAVNENI</target>
    </relation>
    <relation uri="http://libmeta.ru/me/relation/1013_8_REGU">
      <rel_text>приближенное</rel_text>
      <target>http://libmeta.ru/me/article/629_PRIBLIभ่ENI</target>
    </relation>
    <relation uri="http://libmeta.ru/me/relation/1013_9_REGU">
      <rel_text>параметр</rel_text>
      <target>http://libmeta.ru/me/article/154_PARABOL</target>
    </relation>
    <relation uri="http://libmeta.ru/me/relation/1013_10_REGU">
      <rel_text>число</rel_text>
      <target>http://libmeta.ru/me/article/1009_ChISL</target>
    </relation>
    <relation uri="http://libmeta.ru/me/relation/1013_11_REGU">
      <rel_text>невязке</rel_text>
      <target>http://libmeta.ru/me/article/882_NEVJaZK</target>
    </relation>
    <relation uri="http://libmeta.ru/me/relation/1013_12_REGU">
      <rel_text>погрешности</rel_text>
      <target>http://libmeta.ru/me/article/344_POGREShNOST</target>
    </relation>
    <relation uri="http://libmeta.ru/me/relation/1013_13_REGU">
      <rel_text>параметра</rel_text>
      <target>http://libmeta.ru/me/article/154_PARABOL</target>
    </relation>
    <relation uri="http://libmeta.ru/me/relation/1013_14_REGU">
      <rel_text>параметра</rel_text>
      <target>http://libmeta.ru/me/article/154_PARABOL</target>
    </relation>
    <relation uri="http://libmeta.ru/me/relation/1013_15_REGU">
      <rel_text>функционал</rel_text>
      <target>http://libmeta.ru/me/article/796_FUNKTsIONA</target>
    </relation>
    <relation uri="http://libmeta.ru/me/relation/1013_16_REGU">
      <rel_text>множества</rel_text>
      <target>http://libmeta.ru/me/article/733_MNOZhESTV</target>
    </relation>
    <relation uri="http://libmeta.ru/me/relation/1013_17_REGU">
      <rel_text>задаче</rel_text>
      <target>http://libmeta.ru/me/article/10_ZAdAch</target>
    </relation>
    <relation uri="http://libmeta.ru/me/relation/1013_18_REGU">
      <rel_text>задача</rel_text>
      <target>http://libmeta.ru/me/article/10_ZAdAch</target>
    </relation>
    <relation uri="http://libmeta.ru/me/relation/1013_19_REGU">
      <rel_text>функционал</rel_text>
      <target>http://libmeta.ru/me/article/796_FUNKTsIONA</target>
    </relation>
    <relation uri="http://libmeta.ru/me/relation/1013_20_REGU">
      <rel_text>оператор</rel_text>
      <target>http://libmeta.ru/me/article/15_OPERAN</target>
    </relation>
    <relation uri="http://libmeta.ru/me/relation/1013_21_REGU">
      <rel_text>задаче</rel_text>
      <target>http://libmeta.ru/me/article/10_ZAdAch</target>
    </relation>
    <relation uri="http://libmeta.ru/me/relation/1013_22_REGU">
      <rel_text>функций</rel_text>
      <target>http://libmeta.ru/me/article/790_FUNKTO</target>
    </relation>
    <relation uri="http://libmeta.ru/me/relation/1013_23_REGU">
      <rel_text>уравнений</rel_text>
      <target>http://libmeta.ru/me/article/106_URAVNENI</target>
    </relation>
    <relation uri="http://libmeta.ru/me/relation/1013_24_REGU">
      <rel_text>приближенные</rel_text>
      <target>http://libmeta.ru/me/article/629_PRIBLIभ่ENI</target>
    </relation>
    <relation uri="http://libmeta.ru/me/relation/1013_25_REGU">
      <rel_text>сложности</rel_text>
      <target>http://libmeta.ru/me/article/1403_SLOZhENI</target>
    </relation>
    <relation uri="http://libmeta.ru/me/relation/1013_26_REGU">
      <rel_text>функционал</rel_text>
      <target>http://libmeta.ru/me/article/796_FUNKTsIONA</target>
    </relation>
    <relation uri="http://libmeta.ru/me/relation/1013_27_REGU">
      <rel_text>функции</rel_text>
      <target>http://libmeta.ru/me/article/790_FUNKTO</target>
    </relation>
    <relation uri="http://libmeta.ru/me/relation/1013_28_REGU">
      <rel_text>отрезке</rel_text>
      <target>http://libmeta.ru/me/article/135_OTREZO</target>
    </relation>
    <relation uri="http://libmeta.ru/me/relation/1013_29_REGU">
      <rel_text>функционала</rel_text>
      <target>http://libmeta.ru/me/article/796_FUNKTsIONA</target>
    </relation>
    <relation uri="http://libmeta.ru/me/relation/1013_30_REGU">
      <rel_text>сложности</rel_text>
      <target>http://libmeta.ru/me/article/1403_SLOZhENI</target>
    </relation>
    <relation uri="http://libmeta.ru/me/relation/1013_31_REGU">
      <rel_text>сложности</rel_text>
      <target>http://libmeta.ru/me/article/1403_SLOZhENI</target>
    </relation>
    <relation uri="http://libmeta.ru/me/relation/1013_32_REGU">
      <rel_text>сложности</rel_text>
      <target>http://libmeta.ru/me/article/1403_SLOZhENI</target>
    </relation>
    <relation uri="http://libmeta.ru/me/relation/1013_33_REGU">
      <rel_text>сложность</rel_text>
      <target>http://libmeta.ru/me/article/1403_SLOZhENI</target>
    </relation>
    <relation uri="http://libmeta.ru/me/relation/1013_34_REGU">
      <rel_text>функции</rel_text>
      <target>http://libmeta.ru/me/article/790_FUNKTO</target>
    </relation>
    <relation uri="http://libmeta.ru/me/relation/1013_35_REGU">
      <rel_text>выбора</rel_text>
      <target>http://libmeta.ru/me/article/822_VYBORK</target>
    </relation>
    <relation uri="http://libmeta.ru/me/relation/1013_36_REGU">
      <rel_text>произведен</rel_text>
      <target>http://libmeta.ru/me/article/1045_PROIZVODNA</target>
    </relation>
    <relation uri="http://libmeta.ru/me/relation/1013_37_REGU">
      <rel_text>задачи</rel_text>
      <target>http://libmeta.ru/me/article/10_ZAdAch</target>
    </relation>
    <relation uri="http://libmeta.ru/me/relation/1013_38_REGU">
      <rel_text>приближенного</rel_text>
      <target>http://libmeta.ru/me/article/629_PRIBLIभ่ENI</target>
    </relation>
    <relation uri="http://libmeta.ru/me/relation/1013_39_REGU">
      <rel_text>выбора</rel_text>
      <target>http://libmeta.ru/me/article/822_VYBORK</target>
    </relation>
    <relation uri="http://libmeta.ru/me/relation/1013_40_REGU">
      <rel_text>уравнений</rel_text>
      <target>http://libmeta.ru/me/article/106_URAVNENI</target>
    </relation>
    <relation uri="http://libmeta.ru/me/relation/1013_41_REGU">
      <rel_text>приближенных</rel_text>
      <target>http://libmeta.ru/me/article/629_PRIBLIभ่ENI</target>
    </relation>
    <relation uri="http://libmeta.ru/me/relation/1013_42_REGU">
      <rel_text>функции</rel_text>
      <target>http://libmeta.ru/me/article/790_FUNKTO</target>
    </relation>
    <relation uri="http://libmeta.ru/me/relation/1013_43_REGU">
      <rel_text>класс</rel_text>
      <target>http://libmeta.ru/me/article/889_KLAS</target>
    </relation>
    <relation uri="http://libmeta.ru/me/relation/1013_44_REGU">
      <rel_text>последовательность</rel_text>
      <target>http://libmeta.ru/me/article/534_POSLEDOVATEL'NOST</target>
    </relation>
    <relation uri="http://libmeta.ru/me/relation/1013_45_REGU">
      <rel_text>класс</rel_text>
      <target>http://libmeta.ru/me/article/889_KLAS</target>
    </relation>
    <relation uri="http://libmeta.ru/me/relation/1013_46_REGU">
      <rel_text>функций</rel_text>
      <target>http://libmeta.ru/me/article/790_FUNKTO</target>
    </relation>
    <relation uri="http://libmeta.ru/me/relation/1013_47_REGU">
      <rel_text>множество</rel_text>
      <target>http://libmeta.ru/me/article/733_MNOZhESTV</target>
    </relation>
    <relation uri="http://libmeta.ru/me/relation/1013_48_REGU">
      <rel_text>информацией</rel_text>
      <target>http://libmeta.ru/me/article/658_INFORMATsI</target>
    </relation>
    <relation uri="http://libmeta.ru/me/relation/1013_49_REGU">
      <rel_text>уравнения</rel_text>
      <target>http://libmeta.ru/me/article/106_URAVNENI</target>
    </relation>
    <relation uri="http://libmeta.ru/me/relation/1013_50_REGU">
      <rel_text>приближенные</rel_text>
      <target>http://libmeta.ru/me/article/629_PRIBLIभ่ENI</target>
    </relation>
    <relation uri="http://libmeta.ru/me/relation/1013_51_REGU">
      <rel_text>сравнения</rel_text>
      <target>http://libmeta.ru/me/article/156_SRAVNENI</target>
    </relation>
    <relation uri="http://libmeta.ru/me/relation/1013_52_REGU">
      <rel_text>моделей</rel_text>
      <target>http://libmeta.ru/me/article/741_MODEL</target>
    </relation>
    <relation uri="http://libmeta.ru/me/relation/1013_53_REGU">
      <rel_text>класс</rel_text>
      <target>http://libmeta.ru/me/article/889_KLAS</target>
    </relation>
    <relation uri="http://libmeta.ru/me/relation/1013_54_REGU">
      <rel_text>расстояния</rel_text>
      <target>http://libmeta.ru/me/article/973_RASSLOENI</target>
    </relation>
    <relation uri="http://libmeta.ru/me/relation/1013_55_REGU">
      <rel_text>оператор</rel_text>
      <target>http://libmeta.ru/me/article/15_OPERAN</target>
    </relation>
    <relation uri="http://libmeta.ru/me/relation/1013_56_REGU">
      <rel_text>приближенной</rel_text>
      <target>http://libmeta.ru/me/article/629_PRIBLIभ่ENI</target>
    </relation>
    <relation uri="http://libmeta.ru/me/relation/1013_57_REGU">
      <rel_text>интерпретации</rel_text>
      <target>http://libmeta.ru/me/article/622_INTEGRIRUGMA</target>
    </relation>
    <relation uri="http://libmeta.ru/me/relation/1013_58_REGU">
      <rel_text>информации</rel_text>
      <target>http://libmeta.ru/me/article/649_INFORMAN</target>
    </relation>
    <relation uri="http://libmeta.ru/me/relation/1013_59_REGU">
      <rel_text>изменениям</rel_text>
      <target>http://libmeta.ru/me/article/502_IZMEL'ChENI</target>
    </relation>
    <relation uri="http://libmeta.ru/me/relation/1013_60_REGU">
      <rel_text>уравнения</rel_text>
      <target>http://libmeta.ru/me/article/106_URAVNENI</target>
    </relation>
    <relation uri="http://libmeta.ru/me/relation/1013_61_REGU">
      <rel_text>информацией</rel_text>
      <target>http://libmeta.ru/me/article/658_INFORMATsI</target>
    </relation>
    <relation uri="http://libmeta.ru/me/relation/1013_62_REGU">
      <rel_text>приближенной</rel_text>
      <target>http://libmeta.ru/me/article/629_PRIBLIभ่ENI</target>
    </relation>
    <relation uri="http://libmeta.ru/me/relation/1013_63_REGU">
      <rel_text>приближенного</rel_text>
      <target>http://libmeta.ru/me/article/629_PRIBLIभ่ENI</target>
    </relation>
    <relation uri="http://libmeta.ru/me/relation/1013_64_REGU">
      <rel_text>уравнения</rel_text>
      <target>http://libmeta.ru/me/article/106_URAVNENI</target>
    </relation>
    <relation uri="http://libmeta.ru/me/relation/1013_65_REGU">
      <rel_text>приближений</rel_text>
      <target>http://libmeta.ru/me/article/629_PRIBLIभ่ENI</target>
    </relation>
    <relation uri="http://libmeta.ru/me/relation/1013_66_REGU">
      <rel_text>приближения</rel_text>
      <target>http://libmeta.ru/me/article/629_PRIBLIभ่ENI</target>
    </relation>
    <relation uri="http://libmeta.ru/me/relation/1013_67_REGU">
      <rel_text>информации</rel_text>
      <target>http://libmeta.ru/me/article/649_INFORMAN</target>
    </relation>
    <relation uri="http://libmeta.ru/me/relation/1013_68_REGU">
      <rel_text>изменениям</rel_text>
      <target>http://libmeta.ru/me/article/502_IZMEL'ChENI</target>
    </relation>
    <relation uri="http://libmeta.ru/me/relation/1013_69_REGU">
      <rel_text>устойчивости</rel_text>
      <target>http://libmeta.ru/me/article/631_UsTOJChIVOST</target>
    </relation>
    <relation uri="http://libmeta.ru/me/relation/1013_70_REGU">
      <rel_text>уравнения</rel_text>
      <target>http://libmeta.ru/me/article/106_URAVNENI</target>
    </relation>
    <relation uri="http://libmeta.ru/me/relation/1013_71_REGU">
      <rel_text>вполне непрерывный оператор</rel_text>
      <target>http://libmeta.ru/me/article/791_VPOLNE</target>
    </relation>
    <relation uri="http://libmeta.ru/me/relation/1013_72_REGU">
      <rel_text>расстоянием</rel_text>
      <target>http://libmeta.ru/me/article/973_RASSLOENI</target>
    </relation>
    <relation uri="http://libmeta.ru/me/relation/1013_73_REGU">
      <rel_text>пространств</rel_text>
      <target>http://libmeta.ru/me/article/748_PROSTRANSTV</target>
    </relation>
    <relation uri="http://libmeta.ru/me/relation/1013_74_REGU">
      <rel_text>метрич</rel_text>
      <target>http://libmeta.ru/me/article/652_METRIK</target>
    </relation>
    <relation uri="http://libmeta.ru/me/relation/1013_75_REGU">
      <rel_text>функциональных уравнений</rel_text>
      <target>http://libmeta.ru/me/article/802_FUNKTsIONAL'NOE</target>
    </relation>
    <relation uri="http://libmeta.ru/me/relation/1013_76_REGU">
      <rel_text>задача</rel_text>
      <target>http://libmeta.ru/me/article/10_ZAdAch</target>
    </relation>
    <relation uri="http://libmeta.ru/me/relation/1013_77_REGU">
      <rel_text>информации</rel_text>
      <target>http://libmeta.ru/me/article/649_INFORMAN</target>
    </relation>
    <relation uri="http://libmeta.ru/me/relation/1013_78_REGU">
      <rel_text>характера</rel_text>
      <target>http://libmeta.ru/me/article/830_HARAKTE</target>
    </relation>
    <relation uri="http://libmeta.ru/me/relation/1013_79_REGU">
      <rel_text>приближенного</rel_text>
      <target>http://libmeta.ru/me/article/629_PRIBLIभ่ENI</target>
    </relation>
    <relation uri="http://libmeta.ru/me/relation/1013_80_REGU">
      <rel_text>оператора</rel_text>
      <target>http://libmeta.ru/me/article/17_OPERATO</target>
    </relation>
    <relation uri="http://libmeta.ru/me/relation/1013_81_REGU">
      <rel_text>приближенных</rel_text>
      <target>http://libmeta.ru/me/article/629_PRIBLIभ่ENI</target>
    </relation>
  </relations>
  <text>метод построения Iгриближенных решениї некорректных задач, состоящиї в том, что в качестве URI[[http://libmeta.ru/me/relation/1013_81_REGU]]/URI решениї некорректных задач [точнее - некорректно поставленных задач (н. п. з.)] берутся значения регуляризирующего URI[[http://libmeta.ru/me/relation/1013_80_REGU]]/URI с учетом URI[[http://libmeta.ru/me/relation/1013_79_REGU]]/URI URI[[http://libmeta.ru/me/relation/1013_78_REGU]]/URI исходной URI[[http://libmeta.ru/me/relation/1013_77_REGU]]/URI (см. URI[[http://libmeta.ru/me/relation/1013_2_REGU]]/URI).

Для определенности ниже рассматривается URI[[http://libmeta.ru/me/relation/1013_76_REGU]]/URI нахождения решений URI[[http://libmeta.ru/me/relation/1013_75_REGU]]/URI вида $URI[[http://libmeta.ru/me/formula/aux/1013_1_REGU]]/URI$, в к-рых $URI[[http://libmeta.ru/me/formula/aux/1013_2_REGU]]/URI$ и $URI[[http://libmeta.ru/me/formula/aux/1013_3_REGU]]/URI$ - элементы URI[[http://libmeta.ru/me/relation/1013_74_REGU]]/URI. URI[[http://libmeta.ru/me/relation/1013_73_REGU]]/URI $URI[[http://libmeta.ru/me/formula/aux/1013_4_REGU]]/URI$ и $URI[[http://libmeta.ru/me/formula/aux/1013_5_REGU]]/URI$ с URI[[http://libmeta.ru/me/relation/1013_72_REGU]]/URI $URI[[http://libmeta.ru/me/formula/aux/1013_6_REGU]]/URI$,$URI[[http://libmeta.ru/me/formula/aux/1013_7_REGU]]/URI$,$URI[[http://libmeta.ru/me/formula/aux/1013_8_REGU]]/URI$ URI[[http://libmeta.ru/me/relation/1013_71_REGU]]/URI, то решения такого URI[[http://libmeta.ru/me/relation/1013_70_REGU]]/URI не обладают свойством URI[[http://libmeta.ru/me/relation/1013_69_REGU]]/URI к малым URI[[http://libmeta.ru/me/relation/1013_68_REGU]]/URI правой части $URI[[http://libmeta.ru/me/formula/aux/1013_9_REGU]]/URI$. Пусть вместо точных значений исходной URI[[http://libmeta.ru/me/relation/1013_67_REGU]]/URI $URI[[http://libmeta.ru/me/formula/aux/1013_10_REGU]]/URI$ даны их URI[[http://libmeta.ru/me/relation/1013_66_REGU]]/URI $URI[[http://libmeta.ru/me/formula/aux/1013_11_REGU]]/URI$. В этих условиях речь может идти лишь о нахождении URI[[http://libmeta.ru/me/relation/1013_65_REGU]]/URI $URI[[http://libmeta.ru/me/formula/aux/1013_12_REGU]]/URI$ решению $URI[[http://libmeta.ru/me/formula/aux/1013_13_REGU]]/URI$ URI[[http://libmeta.ru/me/relation/1013_64_REGU]]/URI $URI[[http://libmeta.ru/me/formula/aux/1013_14_REGU]]/URI$. Нельзя в качестве URI[[http://libmeta.ru/me/relation/1013_63_REGU]]/URI решения н. п. з. такого вида с URI[[http://libmeta.ru/me/relation/1013_62_REGU]]/URI исходной URI[[http://libmeta.ru/me/relation/1013_61_REGU]]/URI $URI[[http://libmeta.ru/me/formula/aux/1013_15_REGU]]/URI$ брать точное решение URI[[http://libmeta.ru/me/relation/1013_60_REGU]]/URI $URI[[http://libmeta.ru/me/formula/aux/1013_16_REGU]]/URI$, т. к. такого решения может не существовать, а если оно и существует, то не будет устойчивым к малым URI[[http://libmeta.ru/me/relation/1013_59_REGU]]/URI исходной URI[[http://libmeta.ru/me/relation/1013_58_REGU]]/URI и, следовательно, такое &quot;решение» может не допускать физич. URI[[http://libmeta.ru/me/relation/1013_57_REGU]]/URI. В дальнейшем полагается для простоты, что URI[[http://libmeta.ru/me/relation/1013_56_REGU]]/URI может быть лишь Iоравая часть $URI[[http://libmeta.ru/me/formula/aux/1013_17_REGU]]/URI$, а URI[[http://libmeta.ru/me/relation/1013_55_REGU]]/URI $URI[[http://libmeta.ru/me/formula/aux/1013_18_REGU]]/URI$ задан точно.

Пусть $URI[[http://libmeta.ru/me/formula/aux/1013_19_REGU]]/URI$ - оценка уклонения $URI[[http://libmeta.ru/me/formula/aux/1013_20_REGU]]/URI$ от $URI[[http://libmeta.ru/me/formula/aux/1013_21_REGU]]/URI$, т. е. URI[[http://libmeta.ru/me/relation/1013_54_REGU]]/URI $URI[[http://libmeta.ru/me/formula/aux/1013_22_REGU]]/URI$, и $URI[[http://libmeta.ru/me/formula/aux/1013_23_REGU]]/URI$ - заданный URI[[http://libmeta.ru/me/relation/1013_53_REGU]]/URI возможных решений (URI[[http://libmeta.ru/me/relation/1013_52_REGU]]/URI URI[[http://libmeta.ru/me/relation/1013_51_REGU]]/URI). Естественно искать URI[[http://libmeta.ru/me/relation/1013_50_REGU]]/URI решения URI[[http://libmeta.ru/me/relation/1013_49_REGU]]/URI $URI[[http://libmeta.ru/me/formula/aux/1013_24_REGU]]/URI$ среди элементов $URI[[http://libmeta.ru/me/formula/aux/1013_25_REGU]]/URI$, сопоставимых с исходной URI[[http://libmeta.ru/me/relation/1013_48_REGU]]/URI, т. е. таких, что $URI[[http://libmeta.ru/me/formula/aux/1013_26_REGU]]/URI$. Пусть $URI[[http://libmeta.ru/me/formula/aux/1013_27_REGU]]/URI$ - URI[[http://libmeta.ru/me/relation/1013_47_REGU]]/URI всех таких элементов из $URI[[http://libmeta.ru/me/formula/aux/1013_28_REGU]]/URI$. Если в выбранном классе $URI[[http://libmeta.ru/me/formula/aux/1013_29_REGU]]/URI$ возможных решений нет элементов (напр., URI[[http://libmeta.ru/me/relation/1013_46_REGU]]/URI $URI[[http://libmeta.ru/me/formula/aux/1013_30_REGU]]/URI$ ), сопоставимых с исходными данными, то это значит, что элементы $URI[[http://libmeta.ru/me/formula/aux/1013_31_REGU]]/URI$ из $URI[[http://libmeta.ru/me/formula/aux/1013_32_REGU]]/URI$ имеют слишком упрощенную (грубую) структуру. В этом случае надо расширять URI[[http://libmeta.ru/me/relation/1013_45_REGU]]/URI $URI[[http://libmeta.ru/me/formula/aux/1013_33_REGU]]/URI$, беря, возможно, URI[[http://libmeta.ru/me/relation/1013_44_REGU]]/URI расширяющихся классов $URI[[http://libmeta.ru/me/formula/aux/1013_34_REGU]]/URI$, пока не найдется URI[[http://libmeta.ru/me/relation/1013_43_REGU]]/URI $URI[[http://libmeta.ru/me/formula/aux/1013_35_REGU]]/URI$, содержащий элементы (напр., URI[[http://libmeta.ru/me/relation/1013_42_REGU]]/URI), сопоставимые с исходными данными.

Если $URI[[http://libmeta.ru/me/formula/aux/1013_36_REGU]]/URI$ не пусто, то оно может содержать существенно отличающиеся друг от друга элементы(функции). В таких случаях одно лишь требование сопоставимости возможных решений с исходными данными не может служить критерием нахождения однозначно определенных URI[[http://libmeta.ru/me/relation/1013_41_REGU]]/URI решений URI[[http://libmeta.ru/me/relation/1013_40_REGU]]/URI $URI[[http://libmeta.ru/me/formula/aux/1013_37_REGU]]/URI$, т. к. нет достаточных оснований для URI[[http://libmeta.ru/me/relation/1013_39_REGU]]/URI в качестве URI[[http://libmeta.ru/me/relation/1013_38_REGU]]/URI решения того или иного сопоставимого элемента из $URI[[http://libmeta.ru/me/formula/aux/1013_38_REGU]]/URI$.

Для однозначного определения устойчивых решений необходим нек-рый принцип отбора сопоставимых с $URI[[http://libmeta.ru/me/formula/aux/1013_39_REGU]]/URI$ решений. Обычно его формулируют, пользуясь смыслом URI[[http://libmeta.ru/me/relation/1013_37_REGU]]/URI. Такой отбор может быть URI[[http://libmeta.ru/me/relation/1013_36_REGU]]/URI, напр., по принципу URI[[http://libmeta.ru/me/relation/1013_35_REGU]]/URI элемента (URI[[http://libmeta.ru/me/relation/1013_34_REGU]]/URI) из $URI[[http://libmeta.ru/me/formula/aux/1013_40_REGU]]/URI$, имеющего минимальную URI[[http://libmeta.ru/me/relation/1013_33_REGU]]/URI. Понятие URI[[http://libmeta.ru/me/relation/1013_32_REGU]]/URI элемента $URI[[http://libmeta.ru/me/formula/aux/1013_41_REGU]]/URI$ может быть формализовано, напр., с помощью функционалов URI[[http://libmeta.ru/me/relation/1013_31_REGU]]/URI $URI[[http://libmeta.ru/me/formula/aux/1013_42_REGU]]/URI$ - непрерывных, неотрицательных и удовлетворяющих нек-рым специальным условиям (см. [1]). За меру URI[[http://libmeta.ru/me/relation/1013_30_REGU]]/URI элемента $URI[[http://libmeta.ru/me/formula/aux/1013_43_REGU]]/URI$ принимается значение URI[[http://libmeta.ru/me/relation/1013_29_REGU]]/URI $URI[[http://libmeta.ru/me/formula/aux/1013_44_REGU]]/URI$. Так, если элементами $URI[[http://libmeta.ru/me/formula/aux/1013_45_REGU]]/URI$ являются непрерывные на URI[[http://libmeta.ru/me/relation/1013_28_REGU]]/URI $URI[[http://libmeta.ru/me/formula/aux/1013_46_REGU]]/URI$ URI[[http://libmeta.ru/me/relation/1013_27_REGU]]/URI $URI[[http://libmeta.ru/me/formula/aux/1013_47_REGU]]/URI$ класса $URI[[http://libmeta.ru/me/formula/aux/1013_48_REGU]]/URI$, то URI[[http://libmeta.ru/me/relation/1013_26_REGU]]/URI URI[[http://libmeta.ru/me/relation/1013_25_REGU]]/URI $URI[[http://libmeta.ru/me/formula/aux/1013_49_REGU]]/URI$ можно взять, напр., в виде

\[
URI[[http://libmeta.ru/me/formula/main/1013_1_REGU]]/URI
\]

Желание искать URI[[http://libmeta.ru/me/relation/1013_24_REGU]]/URI репения URI[[http://libmeta.ru/me/relation/1013_23_REGU]]/URI $URI[[http://libmeta.ru/me/formula/aux/1013_50_REGU]]/URI$ среди простейших элементов (URI[[http://libmeta.ru/me/relation/1013_22_REGU]]/URI), сопоставимых с исходными данными, приводит к URI[[http://libmeta.ru/me/relation/1013_21_REGU]]/URI нахождения элемента из $URI[[http://libmeta.ru/me/formula/aux/1013_51_REGU]]/URI$, минимизирующего $URI[[http://libmeta.ru/me/formula/aux/1013_52_REGU]]/URI$ на $URI[[http://libmeta.ru/me/formula/aux/1013_53_REGU]]/URI$. Если URI[[http://libmeta.ru/me/relation/1013_20_REGU]]/URI $URI[[http://libmeta.ru/me/formula/aux/1013_54_REGU]]/URI$ линейный и URI[[http://libmeta.ru/me/relation/1013_19_REGU]]/URI $URI[[http://libmeta.ru/me/formula/aux/1013_55_REGU]]/URI$ не имеет локальных минимумов на области своего определения $URI[[http://libmeta.ru/me/formula/aux/1013_56_REGU]]/URI$, то эта URI[[http://libmeta.ru/me/relation/1013_18_REGU]]/URI может быть сведена (см. URI[[http://libmeta.ru/me/relation/1013_1_REGU]]/URI в [1]) к URI[[http://libmeta.ru/me/relation/1013_17_REGU]]/URI нахождения элемента $URI[[http://libmeta.ru/me/formula/aux/1013_57_REGU]]/URI$ из URI[[http://libmeta.ru/me/relation/1013_16_REGU]]/URI $URI[[http://libmeta.ru/me/formula/aux/1013_58_REGU]]/URI$, минимизирующего URI[[http://libmeta.ru/me/relation/1013_15_REGU]]/URI

\[
URI[[http://libmeta.ru/me/formula/main/1013_2_REGU]]/URI
\] Значение URI[[http://libmeta.ru/me/relation/1013_14_REGU]]/URI $URI[[http://libmeta.ru/me/formula/aux/1013_59_REGU]]/URI$ (URI[[http://libmeta.ru/me/relation/1013_13_REGU]]/URI регуляризации) должно быть согласовано с уровнем URI[[http://libmeta.ru/me/relation/1013_12_REGU]]/URI исходных данных. Его можно определить, напр., по URI[[http://libmeta.ru/me/relation/1013_11_REGU]]/URI, т. е. из условия $URI[[http://libmeta.ru/me/formula/aux/1013_60_REGU]]/URI$, если известно URI[[http://libmeta.ru/me/relation/1013_10_REGU]]/URI $URI[[http://libmeta.ru/me/formula/aux/1013_61_REGU]]/URI$. Но возможны и др. способы определения $URI[[http://libmeta.ru/me/formula/aux/1013_62_REGU]]/URI$ (см. [1]). Таким образом, URI[[http://libmeta.ru/me/relation/1013_9_REGU]]/URI $URI[[http://libmeta.ru/me/formula/aux/1013_63_REGU]]/URI$ должен зависеть от $URI[[http://libmeta.ru/me/formula/aux/1013_64_REGU]]/URI$ и $URI[[http://libmeta.ru/me/formula/aux/1013_65_REGU]]/URI$, $URI[[http://libmeta.ru/me/formula/aux/1013_66_REGU]]/URI$. Элемент $URI[[http://libmeta.ru/me/formula/aux/1013_67_REGU]]/URI$ и принимается за URI[[http://libmeta.ru/me/relation/1013_8_REGU]]/URI решение URI[[http://libmeta.ru/me/relation/1013_7_REGU]]/URI $URI[[http://libmeta.ru/me/formula/aux/1013_68_REGU]]/URI$. Это и есть одна из форм разработанного в [2], [3] Р. м. Аналогично URI[[http://libmeta.ru/me/relation/1013_6_REGU]]/URI URI[[http://libmeta.ru/me/relation/1013_5_REGU]]/URI решения URI[[http://libmeta.ru/me/relation/1013_4_REGU]]/URI $URI[[http://libmeta.ru/me/formula/aux/1013_69_REGU]]/URI$ с URI[[http://libmeta.ru/me/relation/1013_3_REGU]]/URI ваданным оператором $URI[[http://libmeta.ru/me/formula/aux/1013_70_REGU]]/URI$ и правой частью $URI[[http://libmeta.ru/me/formula/aux/1013_71_REGU]]/URI$. При этом минимизируется фуункцинал типа $URI[[http://libmeta.ru/me/formula/aux/1013_72_REGU]]/URI$, u] (см., напр., [1]). Возможны и другие формы Р. м. и применение его к иным классам задач(см. [1]). Р. м. развит и для решения нелинейных задач (см. [1], [4]).</text>
  <text_orig>метоД построения Iгриближенных решениї некорректных задач, состоящиї в том, что в качестве приближенных решениї некорректных задач [точнее - некорректно поставленных задач (н. п. з.)] берутся значения регуляризирующего оператора с учетом приближенного характера исходной информации (см. Некорректнысе задачи).

Для определенности ниже рассматривается задача нахождения решений функциональных уравнений вида $A z=u$, в к-рых $z$ и $u$ - элементы метрич. пространств $F$ и $U$ с расстоянием $\rho_{F}($,$) и \rho_{U}($,$) . Если, напр, A-$ вполне непрерывный оператор, то решения такого уравнения не обладают свойством устойчивости к малым изменениям правой части $u$. Пусть вместо точных значений исходной информации $(\bar{A}, \bar{u})$ даны их приближения $(\tilde{A}, \tilde{u})$. В этих условиях речь может идти лишь о нахождении приближений $\kappa$ решению $\bar{z}$ уравнения $\bar{A} z=\bar{u}$. Нельзя в качестве приближенного решения н. п. з. такого вида с приближенной исходной информацией $(\tilde{A}, \tilde{u})$ брать точное решение уравнения $\tilde{A} z=\tilde{u}$, т. к. такого решения может не существовать, а если оно и существует, то не будет устойчивым к малым изменениям исходной информации и, следовательно, такое &quot;решение» может не допускать физич. интерпретации. В дальнейшем полагается для простоты, что приближенной может быть лишь Iоравая часть $u$, а оператор $A$ задан точно.

Пусть $\delta$ - оценка уклонения $\tilde{u}$ от $\bar{u}$, т. е. расстояния $\rho_{U}(\tilde{u}, \bar{u})$, и $F_{0} \subset F$ - заданный класс возможных решений (моделей сравнения). Естественно искать приближенные решения уравнения $A z=\tilde{u}$ среди элементов $z \in F_{0}$, сопоставимых с исходной информацией, т. е. таких, что $\rho_{U}(A z, \tilde{u}) \leqslant \delta$. Пусть $F_{\delta}$ - множество всех таких элементов из $F_{0}$. Если в выбранном классе $F_{0}$ возможных решений нет элементов (напр., функций $z(s)$ ), сопоставимых с исходными данными, то это значит, что элементы $z$ из $F_{0}$ имеют слишком упрощенную (грубую) структуру. В этом случае надо расширять класс $F_{0}$, беря, возможно, последовательность расширяющихся классов $F_{0} \subset F_{1} \subset \ldots \subset F_{n} \subset \ldots$, пока не найдется класс $F_{n}$, содержащий элементы (напр., функции), сопоставимые с исходными данными.

Если $F_{n}$ не пусто, то оно может содержать существенно отличающиеся друг от друга элементы(функции). В таких случаях одно лишь требование сопоставимости возможных решений с исходными данными не может служить критерием нахождения однозначно определенных приближенных решений уравнений $A z=\tilde{u}$, т. к. нет достаточных оснований для выбора в качестве приближенного решения того или иного сопоставимого элемента из $F_{n}$.

Для однозначного определения устойчивых решений необходим нек-рый принцип отбора сопоставимых с $\tilde{u}$ решений. Обычно его формулируют, пользуясь смыслом задачи. Такой отбор может быть произведен, напр., по принципу выбора элемента (функции) из $F_{n}$, имеющего минимальную сложность. Понятие сложности элемента $z$ может быть формализовано, напр., с помощью функционалов сложности $\Omega[z]$ - непрерывных, неотрицательных и удовлетворяющих нек-рым специальным условиям (см. [1]). За меру сложности элемента $z$ принимается значение функционала $\Omega[z]$. Так, если элементами $z$ являются непрерывные на отрезке $[a, b]$ функции $z(s)$ класса $W_{2}^{1}$, то функционал сложности $\Omega[z]$ можно взять, напр., в виде

\[
\Omega[z]=\int_{a}^{b}\left\{z^{2}+\left(\frac{d z}{d s}\right)^{2}\right\} d s .
\]

Желание искать приближенные репения уравнений $A z=\tilde{u}$ среди простейших элементов (функций), сопоставимых с исходными данными, приводит к задаче нахождения элемента из $F_{\delta}$, минимизирующего $\Omega[z]$ на $F_{\delta}$. Если оператор $A$ линейный и функционал $\Omega[z]$ не имеет локальных минимумов на области своего определения $F_{\Omega}$, то эта задача может быть сведена (см. подробнее в [1]) к задаче нахождения элемента $z_{\alpha}$ из множества $F_{\delta} \cap F_{\Omega}$, минимизирующего функционал

\[
M^{\alpha}[z, A, \tilde{u}]=\rho_{U}^{2}(A z, \tilde{u})+\alpha \Omega[z] .
\] Значение параметра $\alpha$ (параметра регуляризации) должно быть согласовано с уровнем погрешности исходных данных. Его можно определить, напр., по невязке, т. е. из условия $\rho_{U}\left(A z_{\alpha}, \tilde{u}\right)=\delta$, если известно число $\delta$. Но возможны и др. способы определения $\alpha$ (см. [1]). Таким образом, параметр $\alpha$ должен зависеть от $\delta$ и $\tilde{u}$, $\alpha=\alpha(\delta, \tilde{u})$. Элемент $z_{\alpha(\delta, \tilde{u})}$ и принимается за приближенное решение уравнения $A z=\tilde{u}$. Это и есть одна из форм разработанного в [2], [3] Р. м. Аналогично строятся приближенные решения уравнений $\tilde{A} z=\tilde{u}$ с приближенно ваданным оператором $\tilde{A}$ и правой частью $\tilde{u}$. При этом минимизируется фуункцинал типа $M^{\alpha}[z, \tilde{A}$, u] (см., напр., [1]). Возможны и другие формы Р. м. и применение его к иным классам задач(см. [1]). Р. м. развит и для решения нелинейных задач (см. [1], [4]). Лum.: [1] Т и х о н о в А. Н., А р с е н и н В. Я., Методы решения некорректных задач, 2 изд., М., 1979; [2] т и х оНо в А. Н., &quot;Докл. АН ССCP&quot;, 1963, т. 151, Nㅜ 3, с. 501-04; е в М. М., О некоторых некорректных задачах математической $\begin{array}{ll}\text { физики, Новосиб, } 1962 &amp; \text { B. Я. Арсенин, А. Н. Тихонов. }\end{array}$</text_orig>
</article>
