<?xml version="1.0" ?>
<article uri="http://libmeta.ru/me/article/1013_KOMPLEKSIFIKATsIJa" alphabetic_pos="1013">
  <title>КОМПЛЕКСИФИКАЦИЯ ГРУППЫ ЛИ</title>
  <authors>
    <author>В. Л. Попов</author>
  </authors>
  <pages>
    <start>503</start>
    <end>504</end>
  </pages>
  <literature>
    <literature_orig>Лит.: [1] н а й м а $\mathbf{~} \mathbf{k}$ М. А., Теория представлений групп,![](https://cdn.mathpix.com/cropped/2023_07_08_569c15c92c6c4b320b58g-1.jpg?height=52&amp;width=834&amp;top_left_y=2227&amp;top_left_x=980)алгебры Ли. Алгебры, Ли, свободные алгебры Ли и группыЛи, пер. с франц., М., 1976.</literature_orig>
    <unit>
      <author>найма$\mathbf{~}\mathbf{k}$ М. А.</author>
      <title>Теория представлений групп</title>
      <publication/>
      <year>2023</year>
      <other>Ли, свободные алгебры Ли и группыЛи, пер. с франц., М., 1976.</other>
    </unit>
  </literature>
  <formulas_main/>
  <formulas_aux>
    <formula uri="http://libmeta.ru/me/formula/aux/1013_1_KOMPLEKSIFIKATsIJa"> н а д </formula>
    <formula uri="http://libmeta.ru/me/formula/aux/1013_2_KOMPLEKSIFIKATsIJa"> - комплексная группа Ли </formula>
    <formula uri="http://libmeta.ru/me/formula/aux/1013_3_KOMPLEKSIFIKATsIJa">, содержащая </formula>
    <formula uri="http://libmeta.ru/me/formula/aux/1013_4_KOMPLEKSIFIKATsIJa"> в качестве вещественной подгруппы Ли и такая, что алгебра Ли (\</formula>
    <formula uri="http://libmeta.ru/me/formula/aux/1013_5_KOMPLEKSIFIKATsIJa">g</formula>
    <formula uri="http://libmeta.ru/me/formula/aux/1013_6_KOMPLEKSIFIKATsIJa">g_{\mathbb{c}}</formula>
    <formula uri="http://libmeta.ru/me/formula/aux/1013_7_KOMPLEKSIFIKATsIJa">\pi u)</formula>
    <formula uri="http://libmeta.ru/me/formula/aux/1013_8_KOMPLEKSIFIKATsIJa">g</formula>
    <formula uri="http://libmeta.ru/me/formula/aux/1013_9_KOMPLEKSIFIKATsIJa">g_{\mathbb{c}}</formula>
    <formula uri="http://libmeta.ru/me/formula/aux/1013_10_KOMPLEKSIFIKATsIJa">u(n)</formula>
    <formula uri="http://libmeta.ru/me/formula/aux/1013_11_KOMPLEKSIFIKATsIJa">n</formula>
    <formula uri="http://libmeta.ru/me/formula/aux/1013_12_KOMPLEKSIFIKATsIJa">g L(n, \mathbb{C})</formula>
    <formula uri="http://libmeta.ru/me/formula/aux/1013_13_KOMPLEKSIFIKATsIJa">n</formula>
    <formula uri="http://libmeta.ru/me/formula/aux/1013_14_KOMPLEKSIFIKATsIJa">g_{\mathbb{c}}</formula>
    <formula uri="http://libmeta.ru/me/formula/aux/1013_15_KOMPLEKSIFIKATsIJa">g</formula>
    <formula uri="http://libmeta.ru/me/formula/aux/1013_16_KOMPLEKSIFIKATsIJa">\rho-</formula>
    <formula uri="http://libmeta.ru/me/formula/aux/1013_17_KOMPLEKSIFIKATsIJa">g_{\mathbb{c}}</formula>
    <formula uri="http://libmeta.ru/me/formula/aux/1013_18_KOMPLEKSIFIKATsIJa">\rho</formula>
    <formula uri="http://libmeta.ru/me/formula/aux/1013_19_KOMPLEKSIFIKATsIJa">g</formula>
    <formula uri="http://libmeta.ru/me/formula/aux/1013_20_KOMPLEKSIFIKATsIJa">g</formula>
    <formula uri="http://libmeta.ru/me/formula/aux/1013_21_KOMPLEKSIFIKATsIJa">g</formula>
    <formula uri="http://libmeta.ru/me/formula/aux/1013_22_KOMPLEKSIFIKATsIJa">g</formula>
    <formula uri="http://libmeta.ru/me/formula/aux/1013_23_KOMPLEKSIFIKATsIJa">g L(n, \mathbb{C})</formula>
    <formula uri="http://libmeta.ru/me/formula/aux/1013_24_KOMPLEKSIFIKATsIJa">(\tilde{g}, \tau)</formula>
    <formula uri="http://libmeta.ru/me/formula/aux/1013_25_KOMPLEKSIFIKATsIJa">g</formula>
    <formula uri="http://libmeta.ru/me/formula/aux/1013_26_KOMPLEKSIFIKATsIJa">\tilde{g}-</formula>
    <formula uri="http://libmeta.ru/me/formula/aux/1013_27_KOMPLEKSIFIKATsIJa">\tau: G \rightarrow \tilde{G}-</formula>
    <formula uri="http://libmeta.ru/me/formula/aux/1013_28_KOMPLEKSIFIKATsIJa">\boldsymbol{h}</formula>
    <formula uri="http://libmeta.ru/me/formula/aux/1013_29_KOMPLEKSIFIKATsIJa">\alpha: G \rightarrow H</formula>
    <formula uri="http://libmeta.ru/me/formula/aux/1013_30_KOMPLEKSIFIKATsIJa">\beta: \widetilde{G} \rightarrow H</formula>
    <formula uri="http://libmeta.ru/me/formula/aux/1013_31_KOMPLEKSIFIKATsIJa">\alpha=\beta \circ \tau</formula>
    <formula uri="http://libmeta.ru/me/formula/aux/1013_32_KOMPLEKSIFIKATsIJa">\left(\tilde{g^{\prime}}, \tau^{\prime}\right)</formula>
    <formula uri="http://libmeta.ru/me/formula/aux/1013_33_KOMPLEKSIFIKATsIJa">g</formula>
    <formula uri="http://libmeta.ru/me/formula/aux/1013_34_KOMPLEKSIFIKATsIJa">\lambda: \tilde{G} \rightarrow \tilde{G}^{\prime}</formula>
    <formula uri="http://libmeta.ru/me/formula/aux/1013_35_KOMPLEKSIFIKATsIJa">\lambda \circ \tau=\tau^{\prime}</formula>
    <formula uri="http://libmeta.ru/me/formula/aux/1013_36_KOMPLEKSIFIKATsIJa">\operatorname{dim}_{\mathbb{c}} \tilde{G} \leqslant \operatorname{dim}_{\mathbb{R}} G</formula>
    <formula uri="http://libmeta.ru/me/formula/aux/1013_37_KOMPLEKSIFIKATsIJa">g</formula>
    <formula uri="http://libmeta.ru/me/formula/aux/1013_38_KOMPLEKSIFIKATsIJa">\operatorname{dim}_{\mathbb{c}} \tilde{G}=</formula>
    <formula uri="http://libmeta.ru/me/formula/aux/1013_39_KOMPLEKSIFIKATsIJa">=\operatorname{dim}_{r} G</formula>
    <formula uri="http://libmeta.ru/me/formula/aux/1013_40_KOMPLEKSIFIKATsIJa">\tau</formula>
  </formulas_aux>
  <relations n="56">
    <relation uri="http://libmeta.ru/me/relation/1013_1_KOMPLEKSIFIKATsIJa">
      <rel_text>группы</rel_text>
      <target>http://libmeta.ru/me/article/1207_GRUPІІ</target>
    </relation>
    <relation uri="http://libmeta.ru/me/relation/1013_2_KOMPLEKSIFIKATsIJa">
      <rel_text>Форма</rel_text>
      <target>http://libmeta.ru/me/article/728_FORM</target>
    </relation>
    <relation uri="http://libmeta.ru/me/relation/1013_3_KOMPLEKSIFIKATsIJa">
      <rel_text>дискретно</rel_text>
      <target>http://libmeta.ru/me/article/215_DISKREPAN</target>
    </relation>
    <relation uri="http://libmeta.ru/me/relation/1013_4_KOMPLEKSIFIKATsIJa">
      <rel_text>гомоморфизма</rel_text>
      <target>http://libmeta.ru/me/article/1135_GOMoMoRFIZ</target>
    </relation>
    <relation uri="http://libmeta.ru/me/relation/1013_5_KOMPLEKSIFIKATsIJa">
      <rel_text>ядро</rel_text>
      <target>http://libmeta.ru/me/article/1224_JaDR</target>
    </relation>
    <relation uri="http://libmeta.ru/me/relation/1013_6_KOMPLEKSIFIKATsIJa">
      <rel_text>гомоморфизм</rel_text>
      <target>http://libmeta.ru/me/article/1135_GOMoMoRFIZ</target>
    </relation>
    <relation uri="http://libmeta.ru/me/relation/1013_7_KOMPLEKSIFIKATsIJa">
      <rel_text>комплексно</rel_text>
      <target>http://libmeta.ru/me/article/1022_KOMPOZitsI</target>
    </relation>
    <relation uri="http://libmeta.ru/me/relation/1013_8_KOMPLEKSIFIKATsIJa">
      <rel_text>гомоморфизма</rel_text>
      <target>http://libmeta.ru/me/article/1135_GOMoMoRFIZ</target>
    </relation>
    <relation uri="http://libmeta.ru/me/relation/1013_9_KOMPLEKSIFIKATsIJa">
      <rel_text>группы</rel_text>
      <target>http://libmeta.ru/me/article/1207_GRUPІІ</target>
    </relation>
    <relation uri="http://libmeta.ru/me/relation/1013_10_KOMPLEKSIFIKATsIJa">
      <rel_text>комплексной</rel_text>
      <target>http://libmeta.ru/me/article/1005_KOMPAKTNOST</target>
    </relation>
    <relation uri="http://libmeta.ru/me/relation/1013_11_KOMPLEKSIFIKATsIJa">
      <rel_text>гомоморфизм</rel_text>
      <target>http://libmeta.ru/me/article/1135_GOMoMoRFIZ</target>
    </relation>
    <relation uri="http://libmeta.ru/me/relation/1013_12_KOMPLEKSIFIKATsIJa">
      <rel_text>группа</rel_text>
      <target>http://libmeta.ru/me/article/1207_GRUPІІ</target>
    </relation>
    <relation uri="http://libmeta.ru/me/relation/1013_13_KOMPLEKSIFIKATsIJa">
      <rel_text>комплексная</rel_text>
      <target>http://libmeta.ru/me/article/1005_KOMPAKTNOST</target>
    </relation>
    <relation uri="http://libmeta.ru/me/relation/1013_14_KOMPLEKSIFIKATsIJa">
      <rel_text>группы</rel_text>
      <target>http://libmeta.ru/me/article/1207_GRUPІІ</target>
    </relation>
    <relation uri="http://libmeta.ru/me/relation/1013_15_KOMPLEKSIFIKATsIJa">
      <rel_text>группа</rel_text>
      <target>http://libmeta.ru/me/article/1207_GRUPІІ</target>
    </relation>
    <relation uri="http://libmeta.ru/me/relation/1013_16_KOMPLEKSIFIKATsIJa">
      <rel_text>компактная</rel_text>
      <target>http://libmeta.ru/me/article/1022_KOMPOZitsI</target>
    </relation>
    <relation uri="http://libmeta.ru/me/relation/1013_17_KOMPLEKSIFIKATsIJa">
      <rel_text>второго порядка с</rel_text>
      <target>http://libmeta.ru/me/article/287_DIFFERENTsIAL'NOE</target>
    </relation>
    <relation uri="http://libmeta.ru/me/relation/1013_18_KOMPLEKSIFIKATsIJa">
      <rel_text>матриц</rel_text>
      <target>http://libmeta.ru/me/article/600_MATRITs</target>
    </relation>
    <relation uri="http://libmeta.ru/me/relation/1013_19_KOMPLEKSIFIKATsIJa">
      <rel_text>группы</rel_text>
      <target>http://libmeta.ru/me/article/1207_GRUPІІ</target>
    </relation>
    <relation uri="http://libmeta.ru/me/relation/1013_20_KOMPLEKSIFIKATsIJa">
      <rel_text>группы</rel_text>
      <target>http://libmeta.ru/me/article/1207_GRUPІІ</target>
    </relation>
    <relation uri="http://libmeta.ru/me/relation/1013_21_KOMPLEKSIFIKATsIJa">
      <rel_text>подгруппе</rel_text>
      <target>http://libmeta.ru/me/article/353_PODGRUPP</target>
    </relation>
    <relation uri="http://libmeta.ru/me/relation/1013_22_KOMPLEKSIFIKATsIJa">
      <rel_text>группа</rel_text>
      <target>http://libmeta.ru/me/article/1207_GRUPІІ</target>
    </relation>
    <relation uri="http://libmeta.ru/me/relation/1013_23_KOMPLEKSIFIKATsIJa">
      <rel_text>полупростая</rel_text>
      <target>http://libmeta.ru/me/article/457_POLUGRUPP</target>
    </relation>
    <relation uri="http://libmeta.ru/me/relation/1013_24_KOMPLEKSIFIKATsIJa">
      <rel_text>связная</rel_text>
      <target>http://libmeta.ru/me/article/1222_SVJaZK</target>
    </relation>
    <relation uri="http://libmeta.ru/me/relation/1013_25_KOMPLEKSIFIKATsIJa">
      <rel_text>группа</rel_text>
      <target>http://libmeta.ru/me/article/1207_GRUPІІ</target>
    </relation>
    <relation uri="http://libmeta.ru/me/relation/1013_26_KOMPLEKSIFIKATsIJa">
      <rel_text>группы</rel_text>
      <target>http://libmeta.ru/me/article/1207_GRUPІІ</target>
    </relation>
    <relation uri="http://libmeta.ru/me/relation/1013_27_KOMPLEKSIFIKATsIJa">
      <rel_text>представлением</rel_text>
      <target>http://libmeta.ru/me/article/3_PREDSTAVLENI</target>
    </relation>
    <relation uri="http://libmeta.ru/me/relation/1013_28_KOMPLEKSIFIKATsIJa">
      <rel_text>неприводимым</rel_text>
      <target>http://libmeta.ru/me/article/957_NEPRERYVNOST</target>
    </relation>
    <relation uri="http://libmeta.ru/me/relation/1013_29_KOMPLEKSIFIKATsIJa">
      <rel_text>группы</rel_text>
      <target>http://libmeta.ru/me/article/1207_GRUPІІ</target>
    </relation>
    <relation uri="http://libmeta.ru/me/relation/1013_30_KOMPLEKSIFIKATsIJa">
      <rel_text>аналитическое представление</rel_text>
      <target>http://libmeta.ru/me/article/199_ANALITIChESKOE</target>
    </relation>
    <relation uri="http://libmeta.ru/me/relation/1013_31_KOMPLEKSIFIKATsIJa">
      <rel_text>комплексно</rel_text>
      <target>http://libmeta.ru/me/article/1022_KOMPOZitsI</target>
    </relation>
    <relation uri="http://libmeta.ru/me/relation/1013_32_KOMPLEKSIFIKATsIJa">
      <rel_text>неприводимое</rel_text>
      <target>http://libmeta.ru/me/article/957_NEPRERYVNOST</target>
    </relation>
    <relation uri="http://libmeta.ru/me/relation/1013_33_KOMPLEKSIFIKATsIJa">
      <rel_text>неприводимые</rel_text>
      <target>http://libmeta.ru/me/article/957_NEPRERYVNOST</target>
    </relation>
    <relation uri="http://libmeta.ru/me/relation/1013_34_KOMPLEKSIFIKATsIJa">
      <rel_text>представлениям</rel_text>
      <target>http://libmeta.ru/me/article/3_PREDSTAVLENI</target>
    </relation>
    <relation uri="http://libmeta.ru/me/relation/1013_35_KOMPLEKSIFIKATsIJa">
      <rel_text>неприводимым</rel_text>
      <target>http://libmeta.ru/me/article/957_NEPRERYVNOST</target>
    </relation>
    <relation uri="http://libmeta.ru/me/relation/1013_36_KOMPLEKSIFIKATsIJa">
      <rel_text>связной</rel_text>
      <target>http://libmeta.ru/me/article/1222_SVJaZK</target>
    </relation>
    <relation uri="http://libmeta.ru/me/relation/1013_37_KOMPLEKSIFIKATsIJa">
      <rel_text>представлениями</rel_text>
      <target>http://libmeta.ru/me/article/596_PREDIKATIVNOST</target>
    </relation>
    <relation uri="http://libmeta.ru/me/relation/1013_38_KOMPLEKSIFIKATsIJa">
      <rel_text>группы</rel_text>
      <target>http://libmeta.ru/me/article/1207_GRUPІІ</target>
    </relation>
    <relation uri="http://libmeta.ru/me/relation/1013_39_KOMPLEKSIFIKATsIJa">
      <rel_text>односвязной комплексной</rel_text>
      <target>http://libmeta.ru/me/article/1177_ODNORODNOE</target>
    </relation>
    <relation uri="http://libmeta.ru/me/relation/1013_40_KOMPLEKSIFIKATsIJa">
      <rel_text>связной</rel_text>
      <target>http://libmeta.ru/me/article/1222_SVJaZK</target>
    </relation>
    <relation uri="http://libmeta.ru/me/relation/1013_41_KOMPLEKSIFIKATsIJa">
      <rel_text>представлениями</rel_text>
      <target>http://libmeta.ru/me/article/596_PREDIKATIVNOST</target>
    </relation>
    <relation uri="http://libmeta.ru/me/relation/1013_42_KOMPLEKSIFIKATsIJa">
      <rel_text>комплексно</rel_text>
      <target>http://libmeta.ru/me/article/1022_KOMPOZitsI</target>
    </relation>
    <relation uri="http://libmeta.ru/me/relation/1013_43_KOMPLEKSIFIKATsIJa">
      <rel_text>взаимно однозначное соответствие</rel_text>
      <target>http://libmeta.ru/me/article/701_VZAIMNO</target>
    </relation>
    <relation uri="http://libmeta.ru/me/relation/1013_44_KOMPLEKSIFIKATsIJa">
      <rel_text>комплексными</rel_text>
      <target>http://libmeta.ru/me/article/1005_KOMPAKTNOST</target>
    </relation>
    <relation uri="http://libmeta.ru/me/relation/1013_45_KOMPLEKSIFIKATsIJa">
      <rel_text>порядка</rel_text>
      <target>http://libmeta.ru/me/article/531_PORJaDO</target>
    </relation>
    <relation uri="http://libmeta.ru/me/relation/1013_46_KOMPLEKSIFIKATsIJa">
      <rel_text>невырожденных матриц</rel_text>
      <target>http://libmeta.ru/me/article/879_NEVYROZhDENNAJa</target>
    </relation>
    <relation uri="http://libmeta.ru/me/relation/1013_47_KOMPLEKSIFIKATsIJa">
      <rel_text>группы</rel_text>
      <target>http://libmeta.ru/me/article/1207_GRUPІІ</target>
    </relation>
    <relation uri="http://libmeta.ru/me/relation/1013_48_KOMPLEKSIFIKATsIJa">
      <rel_text>формой</rel_text>
      <target>http://libmeta.ru/me/article/741_FORMUL</target>
    </relation>
    <relation uri="http://libmeta.ru/me/relation/1013_49_KOMPLEKSIFIKATsIJa">
      <rel_text>порядка</rel_text>
      <target>http://libmeta.ru/me/article/531_PORJaDO</target>
    </relation>
    <relation uri="http://libmeta.ru/me/relation/1013_50_KOMPLEKSIFIKATsIJa">
      <rel_text>унитарных матриц</rel_text>
      <target>http://libmeta.ru/me/article/572_UNITARNAJa</target>
    </relation>
    <relation uri="http://libmeta.ru/me/relation/1013_51_KOMPLEKSIFIKATsIJa">
      <rel_text>группа</rel_text>
      <target>http://libmeta.ru/me/article/1207_GRUPІІ</target>
    </relation>
    <relation uri="http://libmeta.ru/me/relation/1013_52_KOMPLEKSIFIKATsIJa">
      <rel_text>Группа</rel_text>
      <target>http://libmeta.ru/me/article/1207_GRUPІІ</target>
    </relation>
    <relation uri="http://libmeta.ru/me/relation/1013_53_KOMPLEKSIFIKATsIJa">
      <rel_text>группы</rel_text>
      <target>http://libmeta.ru/me/article/1207_GRUPІІ</target>
    </relation>
    <relation uri="http://libmeta.ru/me/relation/1013_54_KOMPLEKSIFIKATsIJa">
      <rel_text>алгебры</rel_text>
      <target>http://libmeta.ru/me/article/93_ALGEBR</target>
    </relation>
    <relation uri="http://libmeta.ru/me/relation/1013_55_KOMPLEKSIFIKATsIJa">
      <rel_text>формой</rel_text>
      <target>http://libmeta.ru/me/article/741_FORMUL</target>
    </relation>
    <relation uri="http://libmeta.ru/me/relation/1013_56_KOMPLEKSIFIKATsIJa">
      <rel_text>группы</rel_text>
      <target>http://libmeta.ru/me/article/1207_GRUPІІ</target>
    </relation>
  </relations>
  <text>#G$URI[[http://libmeta.ru/me/formula/aux/1013_1_KOMPLEKSIFIKATsIJa]]/URI$\mathbb{R}$URI[[http://libmeta.ru/me/formula/aux/1013_2_KOMPLEKSIFIKATsIJa]]/URI$G_{\mathbb{C}}$URI[[http://libmeta.ru/me/formula/aux/1013_3_KOMPLEKSIFIKATsIJa]]/URI$G$URI[[http://libmeta.ru/me/formula/aux/1013_4_KOMPLEKSIFIKATsIJa]]/URI$) URI[[http://libmeta.ru/me/relation/1013_56_KOMPLEKSIFIKATsIJa]]/URI $URI[[http://libmeta.ru/me/formula/aux/1013_5_KOMPLEKSIFIKATsIJa]]/URI$ является вещественной URI[[http://libmeta.ru/me/relation/1013_55_KOMPLEKSIFIKATsIJa]]/URI URI[[http://libmeta.ru/me/relation/1013_54_KOMPLEKSIFIKATsIJa]]/URI Ли (ы) URI[[http://libmeta.ru/me/relation/1013_53_KOMPLEKSIFIKATsIJa]]/URI $URI[[http://libmeta.ru/me/formula/aux/1013_6_KOMPLEKSIFIKATsIJa]]/URI$ (см. Колплексибикация аләебры $URI[[http://libmeta.ru/me/formula/aux/1013_7_KOMPLEKSIFIKATsIJa]]/URI$. URI[[http://libmeta.ru/me/relation/1013_52_KOMPLEKSIFIKATsIJa]]/URI $URI[[http://libmeta.ru/me/formula/aux/1013_8_KOMPLEKSIFIKATsIJa]]/URI$ при әтом наз. в е щ е с т в е н н о й фо рм о й г р у п п Ы Л и $URI[[http://libmeta.ru/me/formula/aux/1013_9_KOMPLEKSIFIKATsIJa]]/URI$. Напр., URI[[http://libmeta.ru/me/relation/1013_51_KOMPLEKSIFIKATsIJa]]/URI $URI[[http://libmeta.ru/me/formula/aux/1013_10_KOMPLEKSIFIKATsIJa]]/URI$ всех URI[[http://libmeta.ru/me/relation/1013_50_KOMPLEKSIFIKATsIJa]]/URI URI[[http://libmeta.ru/me/relation/1013_49_KOMPLEKSIFIKATsIJa]]/URI $URI[[http://libmeta.ru/me/formula/aux/1013_11_KOMPLEKSIFIKATsIJa]]/URI$ является вещественной URI[[http://libmeta.ru/me/relation/1013_48_KOMPLEKSIFIKATsIJa]]/URI URI[[http://libmeta.ru/me/relation/1013_47_KOMPLEKSIFIKATsIJa]]/URI $URI[[http://libmeta.ru/me/formula/aux/1013_12_KOMPLEKSIFIKATsIJa]]/URI$ всех URI[[http://libmeta.ru/me/relation/1013_46_KOMPLEKSIFIKATsIJa]]/URI URI[[http://libmeta.ru/me/relation/1013_45_KOMPLEKSIFIKATsIJa]]/URI $URI[[http://libmeta.ru/me/formula/aux/1013_13_KOMPLEKSIFIKATsIJa]]/URI$ с URI[[http://libmeta.ru/me/relation/1013_44_KOMPLEKSIFIKATsIJa]]/URI әлементами.

Имеется URI[[http://libmeta.ru/me/relation/1013_43_KOMPLEKSIFIKATsIJa]]/URI между URI[[http://libmeta.ru/me/relation/1013_42_KOMPLEKSIFIKATsIJa]]/URI аналитическими линейными URI[[http://libmeta.ru/me/relation/1013_41_KOMPLEKSIFIKATsIJa]]/URI URI[[http://libmeta.ru/me/relation/1013_40_KOMPLEKSIFIKATsIJa]]/URI URI[[http://libmeta.ru/me/relation/1013_39_KOMPLEKSIFIKATsIJa]]/URI URI[[http://libmeta.ru/me/relation/1013_38_KOMPLEKSIFIKATsIJa]]/URI Ли $URI[[http://libmeta.ru/me/formula/aux/1013_14_KOMPLEKSIFIKATsIJa]]/URI$ и веществе:но аналитич. URI[[http://libmeta.ru/me/relation/1013_37_KOMPLEKSIFIKATsIJa]]/URI ее URI[[http://libmeta.ru/me/relation/1013_36_KOMPLEKSIFIKATsIJa]]/URI вещественной формы $URI[[http://libmeta.ru/me/formula/aux/1013_15_KOMPLEKSIFIKATsIJa]]/URI$, при к-ром URI[[http://libmeta.ru/me/relation/1013_35_KOMPLEKSIFIKATsIJa]]/URI URI[[http://libmeta.ru/me/relation/1013_34_KOMPLEKSIFIKATsIJa]]/URI соответствуют URI[[http://libmeta.ru/me/relation/1013_33_KOMPLEKSIFIKATsIJa]]/URI. Это соответствие устанавливается следуютим образом: если $URI[[http://libmeta.ru/me/formula/aux/1013_16_KOMPLEKSIFIKATsIJa]]/URI$ (URI[[http://libmeta.ru/me/relation/1013_32_KOMPLEKSIFIKATsIJa]]/URI) конечномерное URI[[http://libmeta.ru/me/relation/1013_31_KOMPLEKSIFIKATsIJa]]/URI URI[[http://libmeta.ru/me/relation/1013_30_KOMPLEKSIFIKATsIJa]]/URI URI[[http://libmeta.ru/me/relation/1013_29_KOMPLEKSIFIKATsIJa]]/URI $URI[[http://libmeta.ru/me/formula/aux/1013_17_KOMPLEKSIFIKATsIJa]]/URI$, то ограничение $URI[[http://libmeta.ru/me/formula/aux/1013_18_KOMPLEKSIFIKATsIJa]]/URI$ на $URI[[http://libmeta.ru/me/formula/aux/1013_19_KOMPLEKSIFIKATsIJa]]/URI$ является (URI[[http://libmeta.ru/me/relation/1013_28_KOMPLEKSIFIKATsIJa]]/URI) вещественно аналитич. URI[[http://libmeta.ru/me/relation/1013_27_KOMPLEKSIFIKATsIJa]]/URI URI[[http://libmeta.ru/me/relation/1013_26_KOMPLEKSIFIKATsIJa]]/URI $URI[[http://libmeta.ru/me/formula/aux/1013_20_KOMPLEKSIFIKATsIJa]]/URI$.

Не всякая вещественная URI[[http://libmeta.ru/me/relation/1013_25_KOMPLEKSIFIKATsIJa]]/URI Ли обладает комплексификацией. В частности, URI[[http://libmeta.ru/me/relation/1013_24_KOMPLEKSIFIKATsIJa]]/URI URI[[http://libmeta.ru/me/relation/1013_23_KOMPLEKSIFIKATsIJa]]/URI URI[[http://libmeta.ru/me/relation/1013_22_KOMPLEKSIFIKATsIJa]]/URI Ли $URI[[http://libmeta.ru/me/formula/aux/1013_21_KOMPLEKSIFIKATsIJa]]/URI$ обладает комплексификацией тогда и только тогда, когда $URI[[http://libmeta.ru/me/formula/aux/1013_22_KOMPLEKSIFIKATsIJa]]/URI$ линейна, т. е. изоморфна URI[[http://libmeta.ru/me/relation/1013_21_KOMPLEKSIFIKATsIJa]]/URI некоторой URI[[http://libmeta.ru/me/relation/1013_20_KOMPLEKSIFIKATsIJa]]/URI $URI[[http://libmeta.ru/me/formula/aux/1013_23_KOMPLEKSIFIKATsIJa]]/URI$. Например, универсальная накрывающая URI[[http://libmeta.ru/me/relation/1013_19_KOMPLEKSIFIKATsIJa]]/URI вещественных URI[[http://libmeta.ru/me/relation/1013_18_KOMPLEKSIFIKATsIJa]]/URI URI[[http://libmeta.ru/me/relation/1013_17_KOMPLEKSIFIKATsIJa]]/URI определителем 1 не имеет комплексификации. Однако всякая URI[[http://libmeta.ru/me/relation/1013_16_KOMPLEKSIFIKATsIJa]]/URI URI[[http://libmeta.ru/me/relation/1013_15_KOMPLEKSIFIKATsIJa]]/URI Ли комплексификацией обладает.

Отсутствие комплексификации у нек-рых вещественных групп Ли инспирировало введение более общего понятия - у н и в е р с а л ь н о й к о м пле кс и ф и к а ц и и $URI[[http://libmeta.ru/me/formula/aux/1013_24_KOMPLEKSIFIKATsIJa]]/URI$ вещественной URI[[http://libmeta.ru/me/relation/1013_14_KOMPLEKSIFIKATsIJa]]/URI Ли $URI[[http://libmeta.ru/me/formula/aux/1013_25_KOMPLEKSIFIKATsIJa]]/URI$. Здесь $URI[[http://libmeta.ru/me/formula/aux/1013_26_KOMPLEKSIFIKATsIJa]]/URI$ URI[[http://libmeta.ru/me/relation/1013_13_KOMPLEKSIFIKATsIJa]]/URI URI[[http://libmeta.ru/me/relation/1013_12_KOMPLEKSIFIKATsIJa]]/URI Ли, $URI[[http://libmeta.ru/me/formula/aux/1013_27_KOMPLEKSIFIKATsIJa]]/URI$ вещественно аналитич. URI[[http://libmeta.ru/me/relation/1013_11_KOMPLEKSIFIKATsIJa]]/URI такой, что для любой URI[[http://libmeta.ru/me/relation/1013_10_KOMPLEKSIFIKATsIJa]]/URI URI[[http://libmeta.ru/me/relation/1013_9_KOMPLEKSIFIKATsIJa]]/URI Ли $URI[[http://libmeta.ru/me/formula/aux/1013_28_KOMPLEKSIFIKATsIJa]]/URI$ и любого вещественно аналитич. URI[[http://libmeta.ru/me/relation/1013_8_KOMPLEKSIFIKATsIJa]]/URI $URI[[http://libmeta.ru/me/formula/aux/1013_29_KOMPLEKSIFIKATsIJa]]/URI$ существует единственный URI[[http://libmeta.ru/me/relation/1013_7_KOMPLEKSIFIKATsIJa]]/URI аналитич. URI[[http://libmeta.ru/me/relation/1013_6_KOMPLEKSIFIKATsIJa]]/URI $URI[[http://libmeta.ru/me/formula/aux/1013_30_KOMPLEKSIFIKATsIJa]]/URI$, для к-рого $URI[[http://libmeta.ru/me/formula/aux/1013_31_KOMPLEKSIFIKATsIJa]]/URI$. Уншверсальная К. Г. Ли всегда существует и определена однозначно [3]. Однозначность означает, что если $URI[[http://libmeta.ru/me/formula/aux/1013_32_KOMPLEKSIFIKATsIJa]]/URI$ - другая универсальная К. г. Ли $URI[[http://libmeta.ru/me/formula/aux/1013_33_KOMPLEKSIFIKATsIJa]]/URI$, то существует единственный изоморфизм $URI[[http://libmeta.ru/me/formula/aux/1013_34_KOMPLEKSIFIKATsIJa]]/URI$, для к-рого $URI[[http://libmeta.ru/me/formula/aux/1013_35_KOMPLEKSIFIKATsIJa]]/URI$. В общем случае $URI[[http://libmeta.ru/me/formula/aux/1013_36_KOMPLEKSIFIKATsIJa]]/URI$, если же $URI[[http://libmeta.ru/me/formula/aux/1013_37_KOMPLEKSIFIKATsIJa]]/URI$ односвязна, то $URI[[http://libmeta.ru/me/formula/aux/1013_38_KOMPLEKSIFIKATsIJa]]/URI$ $URI[[http://libmeta.ru/me/formula/aux/1013_39_KOMPLEKSIFIKATsIJa]]/URI$ и URI[[http://libmeta.ru/me/relation/1013_5_KOMPLEKSIFIKATsIJa]]/URI URI[[http://libmeta.ru/me/relation/1013_4_KOMPLEKSIFIKATsIJa]]/URI $URI[[http://libmeta.ru/me/formula/aux/1013_40_KOMPLEKSIFIKATsIJa]]/URI$ URI[[http://libmeta.ru/me/relation/1013_3_KOMPLEKSIFIKATsIJa]]/URI.

См. также URI[[http://libmeta.ru/me/relation/1013_2_KOMPLEKSIFIKATsIJa]]/URI URI[[http://libmeta.ru/me/relation/1013_1_KOMPLEKSIFIKATsIJa]]/URI Ли.</text>
  <text_orig>$G$ н а д $\mathbb{R}$ - комплексная группа Ли $G_{\mathbb{C}}$, содержащая $G$ в качестве вещественной подгруппы Ли и такая, что алгебра Ли (\$) группы $G$ является вещественной формой алгебры Ли (Ы) группы $G_{\mathbb{C}}$ (см. Колплексибикация аләебры $\Pi u)$. Группа $G$ при әтом наз. в е щ е с т в е н н о й фо рм о й г р у п п Ы Л и $G_{\mathbb{C}}$. Напр., группа $U(n)$ всех унитарных матриц порядка $n$ является вещественной формой группы $G L(n, \mathbb{C})$ всех невырожденных матриц порядка $n$ с комплексными әлементами.

Имеется взаимно однозначное соответствие между комплексно аналитическими линейными представлениями связной односвязной комплексной группы Ли $G_{\mathbb{C}}$ и веществе:но аналитич. представлениями ее связной вещественной формы $G$, при к-ром неприводимым представлениям соответствуют неприводимые. Это соответствие устанавливается следуютим образом: если $\rho-$ (неприводимое) конечномерное комплексно аналитическое представление группы $G_{\mathbb{C}}$, то ограничение $\rho$ на $G$ является (неприводимым) вещественно аналитич. представлением группы $G$.

Не всякая вещественная группа Ли обладает комплексификацией. В частности, связная полупростая группа Ли $G$ обладает комплексификацией тогда и только тогда, когда $G$ линейна, т. е. изоморфна подгруппе некоторой группы $G L(n, \mathbb{C})$. Например, универсальная накрывающая группы вещественных матриц второго порядка с определителем 1 не имеет комплексификации. Однако всякая компактная группа Ли комплексификацией обладает.

Отсутствие комплексификации у нек-рых вещественных групп Ли инспирировало введение более общего понятия - у н и в е р с а л ь н о й к о м пле кс и ф и к а ц и и $(\tilde{G}, \tau)$ вещественной группы Ли $G$. Здесь $\tilde{G}-$ комплексная группа Ли, $\tau: G \rightarrow \tilde{G}-$ вещественно аналитич. гомоморфизм такой, что для любой комплексной группы Ли $\boldsymbol{H}$ и любого вещественно аналитич. гомоморфизма $\alpha: G \rightarrow H$ существует единственный комплексно аналитич. гомоморфизм $\beta: \widetilde{G} \rightarrow H$, для к-рого $\alpha=\beta \circ \tau$. Уншверсальная К. Г. Ли всегда существует и определена однозначно [3]. Однозначность означает, что если $\left(\tilde{G^{\prime}}, \tau^{\prime}\right)$ - другая универсальная К. г. Ли $G$, то существует единственный изоморфизм $\lambda: \tilde{G} \rightarrow \tilde{G}^{\prime}$, для к-рого $\lambda \circ \tau=\tau^{\prime}$. В общем случае $\operatorname{dim}_{\mathbb{C}} \tilde{G} \leqslant \operatorname{dim}_{\mathbb{R}} G$, если же $G$ односвязна, то $\operatorname{dim}_{\mathbb{C}} \tilde{G}=$ $=\operatorname{dim}_{R} G$ и ядро гомоморфизма $\tau$ дискретно.

См. также Форма группы Ли.

Лит.: [1] н а й м а $\mathbf{~} \mathbf{k}$ М. А., Теория представлений групп,

![](https://cdn.mathpix.com/cropped/2023_07_08_569c15c92c6c4b320b58g-1.jpg?height=52&amp;width=834&amp;top_left_y=2227&amp;top_left_x=980)
алгебры Ли. Алгебры, Ли, свободные алгебры Ли и группы
Ли, пер. с франц., М., 1976.
В. Л. Попов.</text_orig>
</article>
