<?xml version="1.0" ?>
<article uri="http://libmeta.ru/me/article/1014_NEEFFEKTIVNAJa" alphabetic_pos="1014">
  <title>НЕЭФФЕКТИВНАЯ СТАТИСТИКА</title>
  <authors/>
  <pages>
    <start>517</start>
    <end>517</end>
  </pages>
  <literature>
    <literature_orig>Лum.: [1] К p a м е p![](https://cdn.mathpix.com/cropped/2023_07_08_ba7c3b7565325c89f830g-1.jpg?height=52&amp;width=829&amp;top_left_y=873&amp;top_left_x=985)С м и р н о в Н. В., Таблицы математической статистики,2 изд., М., 1968.</literature_orig>
    <unit>
      <author>Кpaмеp![](https://cdn.mathpix.com/cropped/2023_07_08_ba7c3b7565325c89f830g-1.jpg?height=52&amp;width=829&amp;top_left_y=873&amp;top_left_x=985)Смирнов Н. В.</author>
      <title>Таблицы математической статистики</title>
      <publication>2 изд., М.</publication>
      <year>1968</year>
      <other/>
    </unit>
  </literature>
  <formulas_main>
    <formula uri="http://libmeta.ru/me/formula/main/1014_1_NEEFFEKTIVNAJa">e=\mathrm{D}(\bar{X}) / \mathrm{D}\left(\mu_{n}\right)=\frac{2}{\pi} .</formula>
  </formulas_main>
  <formulas_aux>
    <formula uri="http://libmeta.ru/me/formula/aux/1014_1_NEEFFEKTIVNAJa">е</formula>
    <formula uri="http://libmeta.ru/me/formula/aux/1014_2_NEEFFEKTIVNAJa">e</formula>
    <formula uri="http://libmeta.ru/me/formula/aux/1014_3_NEEFFEKTIVNAJa">\mu_{n}</formula>
    <formula uri="http://libmeta.ru/me/formula/aux/1014_4_NEEFFEKTIVNAJa">n</formula>
    <formula uri="http://libmeta.ru/me/formula/aux/1014_5_NEEFFEKTIVNAJa">n\left(\theta, \sigma^{2}\right)</formula>
    <formula uri="http://libmeta.ru/me/formula/aux/1014_6_NEEFFEKTIVNAJa">x_{1}, \ldots, X_{n}</formula>
    <formula uri="http://libmeta.ru/me/formula/aux/1014_7_NEEFFEKTIVNAJa">\theta</formula>
    <formula uri="http://libmeta.ru/me/formula/aux/1014_8_NEEFFEKTIVNAJa">\sigma^{2} \pi / 2 n</formula>
    <formula uri="http://libmeta.ru/me/formula/aux/1014_9_NEEFFEKTIVNAJa">\theta</formula>
    <formula uri="http://libmeta.ru/me/formula/aux/1014_10_NEEFFEKTIVNAJa">\bar{x}=\left(x_{1}+\ldots+x_{n}\right) / n</formula>
    <formula uri="http://libmeta.ru/me/formula/aux/1014_11_NEEFFEKTIVNAJa">n\left(\theta, \sigma^{2} / n\right)</formula>
    <formula uri="http://libmeta.ru/me/formula/aux/1014_12_NEEFFEKTIVNAJa">e</formula>
    <formula uri="http://libmeta.ru/me/formula/aux/1014_13_NEEFFEKTIVNAJa">\mu_{n}</formula>
    <formula uri="http://libmeta.ru/me/formula/aux/1014_14_NEEFFEKTIVNAJa">\mu_{n}</formula>
    <formula uri="http://libmeta.ru/me/formula/aux/1014_15_NEEFFEKTIVNAJa">\pi / 2 \approx 1,57</formula>
    <formula uri="http://libmeta.ru/me/formula/aux/1014_16_NEEFFEKTIVNAJa">\bar{x}</formula>
    <formula uri="http://libmeta.ru/me/formula/aux/1014_17_NEEFFEKTIVNAJa">\theta</formula>
  </formulas_aux>
  <relations n="21">
    <relation uri="http://libmeta.ru/me/relation/1014_1_NEEFFEKTIVNAJa">
      <rel_text>получить</rel_text>
      <target>http://libmeta.ru/me/article/473_POLUNORM</target>
    </relation>
    <relation uri="http://libmeta.ru/me/relation/1014_2_NEEFFEKTIVNAJa">
      <rel_text>сравнению</rel_text>
      <target>http://libmeta.ru/me/article/156_SRAVNENI</target>
    </relation>
    <relation uri="http://libmeta.ru/me/relation/1014_3_NEEFFEKTIVNAJa">
      <rel_text>среднем</rel_text>
      <target>http://libmeta.ru/me/article/165_SREDNE</target>
    </relation>
    <relation uri="http://libmeta.ru/me/relation/1014_4_NEEFFEKTIVNAJa">
      <rel_text>статпстики</rel_text>
      <target>http://libmeta.ru/me/article/184_STATISTK</target>
    </relation>
    <relation uri="http://libmeta.ru/me/relation/1014_5_NEEFFEKTIVNAJa">
      <rel_text>статистики</rel_text>
      <target>http://libmeta.ru/me/article/184_STATISTK</target>
    </relation>
    <relation uri="http://libmeta.ru/me/relation/1014_6_NEEFFEKTIVNAJa">
      <rel_text>нормальному</rel_text>
      <target>http://libmeta.ru/me/article/1034_NORMALIZATO</target>
    </relation>
    <relation uri="http://libmeta.ru/me/relation/1014_7_NEEFFEKTIVNAJa">
      <rel_text>распределена</rel_text>
      <target>http://libmeta.ru/me/article/950_RASPREDELENI</target>
    </relation>
    <relation uri="http://libmeta.ru/me/relation/1014_8_NEEFFEKTIVNAJa">
      <rel_text>порядковой статистикой</rel_text>
      <target>http://libmeta.ru/me/article/527_PORJaDKOVAJa</target>
    </relation>
    <relation uri="http://libmeta.ru/me/relation/1014_9_NEEFFEKTIVNAJa">
      <rel_text>параметрами</rel_text>
      <target>http://libmeta.ru/me/article/165_PARABOLOI</target>
    </relation>
    <relation uri="http://libmeta.ru/me/relation/1014_10_NEEFFEKTIVNAJa">
      <rel_text>нормально распределена</rel_text>
      <target>http://libmeta.ru/me/article/1052_NORMAL'NO</target>
    </relation>
    <relation uri="http://libmeta.ru/me/relation/1014_11_NEEFFEKTIVNAJa">
      <rel_text>случайным величинам</rel_text>
      <target>http://libmeta.ru/me/article/1_SLUChAINAJa</target>
    </relation>
    <relation uri="http://libmeta.ru/me/relation/1014_12_NEEFFEKTIVNAJa">
      <rel_text>распределенным</rel_text>
      <target>http://libmeta.ru/me/article/950_RASPREDELENI</target>
    </relation>
    <relation uri="http://libmeta.ru/me/relation/1014_13_NEEFFEKTIVNAJa">
      <rel_text>распределенія</rel_text>
      <target>http://libmeta.ru/me/article/950_RASPREDELENI</target>
    </relation>
    <relation uri="http://libmeta.ru/me/relation/1014_14_NEEFFEKTIVNAJa">
      <rel_text>медиана</rel_text>
      <target>http://libmeta.ru/me/article/624_MEDIAN</target>
    </relation>
    <relation uri="http://libmeta.ru/me/relation/1014_15_NEEFFEKTIVNAJa">
      <rel_text>статистик</rel_text>
      <target>http://libmeta.ru/me/article/184_STATISTK</target>
    </relation>
    <relation uri="http://libmeta.ru/me/relation/1014_16_NEEFFEKTIVNAJa">
      <rel_text>результаты</rel_text>
      <target>http://libmeta.ru/me/article/1046_REZUL'TAN</target>
    </relation>
    <relation uri="http://libmeta.ru/me/relation/1014_17_NEEFFEKTIVNAJa">
      <rel_text>эквивалентнымi</rel_text>
      <target>http://libmeta.ru/me/article/1105_EKVIVALENTNOST</target>
    </relation>
    <relation uri="http://libmeta.ru/me/relation/1014_18_NEEFFEKTIVNAJa">
      <rel_text>сравнению</rel_text>
      <target>http://libmeta.ru/me/article/156_SRAVNENI</target>
    </relation>
    <relation uri="http://libmeta.ru/me/relation/1014_19_NEEFFEKTIVNAJa">
      <rel_text>число</rel_text>
      <target>http://libmeta.ru/me/article/1009_ChISL</target>
    </relation>
    <relation uri="http://libmeta.ru/me/relation/1014_20_NEEFFEKTIVNAJa">
      <rel_text>параметра</rel_text>
      <target>http://libmeta.ru/me/article/154_PARABOL</target>
    </relation>
    <relation uri="http://libmeta.ru/me/relation/1014_21_NEEFFEKTIVNAJa">
      <rel_text>неравенстве</rel_text>
      <target>http://libmeta.ru/me/article/973_NERAVENSTV</target>
    </relation>
  </relations>
  <text>cmaтистическая оуенка, дисперсия к-рой больше дисперсии әффективной оденки. Иначе говоря, для Н. с. в Рao - Kpaмера URI[[http://libmeta.ru/me/relation/1014_21_NEEFFEKTIVNAJa]]/URI равенство не достигается хотя бы при одном значении оцениваемого URI[[http://libmeta.ru/me/relation/1014_20_NEEFFEKTIVNAJa]]/URI. Мерой качества Н. с. служит величина $URI[[http://libmeta.ru/me/formula/aux/1014_1_NEEFFEKTIVNAJa]]/URI$, наз. ее ә ф ф е к т и вн о с т ь ю и равная отношению дисперсии эффектив- ной оценки к дисперсии Н. с. Эфффективность $URI[[http://libmeta.ru/me/formula/aux/1014_2_NEEFFEKTIVNAJa]]/URI$ неотрицательна и не превосходит 1. Величина 1/e показывает, во сколько раз нужно увеличить URI[[http://libmeta.ru/me/relation/1014_19_NEEFFEKTIVNAJa]]/URI наблюдений при использовании Н. с. по URI[[http://libmeta.ru/me/relation/1014_18_NEEFFEKTIVNAJa]]/URI с эффекективной статистикой, ттобы считать URI[[http://libmeta.ru/me/relation/1014_17_NEEFFEKTIVNAJa]]/URI URI[[http://libmeta.ru/me/relation/1014_16_NEEFFEKTIVNAJa]]/URI применения этих двух URI[[http://libmeta.ru/me/relation/1014_15_NEEFFEKTIVNAJa]]/URI. Напр., URI[[http://libmeta.ru/me/relation/1014_14_NEEFFEKTIVNAJa]]/URI $URI[[http://libmeta.ru/me/formula/aux/1014_3_NEEFFEKTIVNAJa]]/URI$ эмпирич. URI[[http://libmeta.ru/me/relation/1014_13_NEEFFEKTIVNAJa]]/URI, построенного по $URI[[http://libmeta.ru/me/formula/aux/1014_4_NEEFFEKTIVNAJa]]/URI$ независимым нормально $URI[[http://libmeta.ru/me/formula/aux/1014_5_NEEFFEKTIVNAJa]]/URI$ URI[[http://libmeta.ru/me/relation/1014_12_NEEFFEKTIVNAJa]]/URI URI[[http://libmeta.ru/me/relation/1014_11_NEEFFEKTIVNAJa]]/URI $URI[[http://libmeta.ru/me/formula/aux/1014_6_NEEFFEKTIVNAJa]]/URI$, асимптотически URI[[http://libmeta.ru/me/relation/1014_10_NEEFFEKTIVNAJa]]/URI с URI[[http://libmeta.ru/me/relation/1014_9_NEEFFEKTIVNAJa]]/URI $URI[[http://libmeta.ru/me/formula/aux/1014_7_NEEFFEKTIVNAJa]]/URI$ и $URI[[http://libmeta.ru/me/formula/aux/1014_8_NEEFFEKTIVNAJa]]/URI$ и является неэффективной URI[[http://libmeta.ru/me/relation/1014_8_NEEFFEKTIVNAJa]]/URI для математич. ожидания $URI[[http://libmeta.ru/me/formula/aux/1014_9_NEEFFEKTIVNAJa]]/URI$. Эффективной статистикой в данном случае является оценка $URI[[http://libmeta.ru/me/formula/aux/1014_10_NEEFFEKTIVNAJa]]/URI$, к-рая URI[[http://libmeta.ru/me/relation/1014_7_NEEFFEKTIVNAJa]]/URI по URI[[http://libmeta.ru/me/relation/1014_6_NEEFFEKTIVNAJa]]/URI закону с $URI[[http://libmeta.ru/me/formula/aux/1014_11_NEEFFEKTIVNAJa]]/URI$. Эфффективность $URI[[http://libmeta.ru/me/formula/aux/1014_12_NEEFFEKTIVNAJa]]/URI$ URI[[http://libmeta.ru/me/relation/1014_5_NEEFFEKTIVNAJa]]/URI $URI[[http://libmeta.ru/me/formula/aux/1014_13_NEEFFEKTIVNAJa]]/URI$ равна

\[
URI[[http://libmeta.ru/me/formula/main/1014_1_NEEFFEKTIVNAJa]]/URI
\]

Следовательно, при использовании URI[[http://libmeta.ru/me/relation/1014_4_NEEFFEKTIVNAJa]]/URI $URI[[http://libmeta.ru/me/formula/aux/1014_14_NEEFFEKTIVNAJa]]/URI$ в URI[[http://libmeta.ru/me/relation/1014_3_NEEFFEKTIVNAJa]]/URI необходимо в $URI[[http://libmeta.ru/me/formula/aux/1014_15_NEEFFEKTIVNAJa]]/URI$ раза больше наблюдений по URI[[http://libmeta.ru/me/relation/1014_2_NEEFFEKTIVNAJa]]/URI со статистикой $URI[[http://libmeta.ru/me/formula/aux/1014_16_NEEFFEKTIVNAJa]]/URI$, чтобы URI[[http://libmeta.ru/me/relation/1014_1_NEEFFEKTIVNAJa]]/URI одну и ту же точность в оценке неизвестного математич. ожидания $URI[[http://libmeta.ru/me/formula/aux/1014_17_NEEFFEKTIVNAJa]]/URI$.</text>
  <text_orig>cmaтистическая оуенка, дисперсия к-рой больше дисперсии әффективной оденки. Иначе говоря, для Н. с. в Рao - Kpaмера неравенстве равенство не достигается хотя бы при одном значении оцениваемого параметра. Мерой качества Н. с. служит величина $е$, наз. ее ә ф ф е к т и вн о с т ь ю и равная отношению дисперсии эффектив- ной оценки к дисперсии Н. с. Эфффективность $e$ неотрицательна и не превосходит 1. Величина 1/e показывает, во сколько раз нужно увеличить число наблюдений при использовании Н. с. по сравнению с эффекективной статистикой, ттобы считать эквивалентнымI результаты применения этих двух статистик. Напр., медиана $\mu_{n}$ эмпирич. распределенія, построенного по $n$ независимым нормально $N\left(\theta, \sigma^{2}\right)$ распределенным случайным величинам $X_{1}, \ldots, X_{n}$, асимптотически нормально распределена с параметрами $\theta$ и $\sigma^{2} \pi / 2 n$ и является неэффективной порядковой статистикой для математич. ожидания $\theta$. Эффективной статистикой в данном случае является оценка $\bar{X}=\left(X_{1}+\ldots+X_{n}\right) / n$, к-рая распределена по нормальному закону с $N\left(\theta, \sigma^{2} / n\right)$. Эфффективность $e$ статистики $\mu_{n}$ равна

\[
e=\mathrm{D}(\bar{X}) / \mathrm{D}\left(\mu_{n}\right)=\frac{2}{\pi} .
\]

Следовательно, при использовании статпстики $\mu_{n}$ в среднем необходимо в $\pi / 2 \approx 1,57$ раза больше наблюдений по сравнению со статистикой $\bar{X}$, чтобы получить одну и ту же точность в оценке неизвестного математич. ожидания $\theta$.

Лum.: [1] К p a м е p

![](https://cdn.mathpix.com/cropped/2023_07_08_ba7c3b7565325c89f830g-1.jpg?height=52&amp;width=829&amp;top_left_y=873&amp;top_left_x=985)
С м и р н о в Н. В., Таблицы математической статистики,
2 изд., М., 1968.</text_orig>
</article>
