<?xml version="1.0" ?>
<article uri="http://libmeta.ru/me/article/1014_KOMPLEKSNAJa" alphabetic_pos="1014">
  <title>КОМПЛЕКСНАЯ СТРУКТУРА</title>
  <authors>
    <author>A. I. Онищик</author>
  </authors>
  <pages>
    <start>504</start>
    <end>504</end>
  </pages>
  <literature>
    <literature_orig>Лит.: [1] Л и х н е р о в и ч А., Теория связностей в целом и группы голономий, пер. с фиранц., М., 1960; [2] У ә л л с Р., Дифференциальное исчисление на комплексных многообразиях, пер. с англ., М., 1976 .</literature_orig>
    <unit>
      <author>Лихнерович А.</author>
      <title>Теория связностей в целом и группы голономий</title>
      <publication>пер. с фиранц., М.</publication>
      <year>1960</year>
      <other/>
    </unit>
    <unit>
      <author>Уәллс Р.</author>
      <title>Дифференциальное исчисление на комплексных многообразиях</title>
      <publication>пер. с англ., М.</publication>
      <year>1976</year>
      <other/>
    </unit>
  </literature>
  <formulas_main/>
  <formulas_aux>
    <formula uri="http://libmeta.ru/me/formula/aux/1014_1_KOMPLEKSNAJa">\boldsymbol{k} . \quad</formula>
    <formula uri="http://libmeta.ru/me/formula/aux/1014_2_KOMPLEKSNAJa">v</formula>
    <formula uri="http://libmeta.ru/me/formula/aux/1014_3_KOMPLEKSNAJa">v</formula>
    <formula uri="http://libmeta.ru/me/formula/aux/1014_4_KOMPLEKSNAJa">v</formula>
    <formula uri="http://libmeta.ru/me/formula/aux/1014_5_KOMPLEKSNAJa">i</formula>
    <formula uri="http://libmeta.ru/me/formula/aux/1014_6_KOMPLEKSNAJa">i: V \rightarrow V</formula>
    <formula uri="http://libmeta.ru/me/formula/aux/1014_7_KOMPLEKSNAJa">i^{2}=-E</formula>
    <formula uri="http://libmeta.ru/me/formula/aux/1014_8_KOMPLEKSNAJa">v</formula>
    <formula uri="http://libmeta.ru/me/formula/aux/1014_9_KOMPLEKSNAJa">v</formula>
    <formula uri="http://libmeta.ru/me/formula/aux/1014_10_KOMPLEKSNAJa">\mathbb{c}</formula>
    <formula uri="http://libmeta.ru/me/formula/aux/1014_11_KOMPLEKSNAJa">v_{1}, \ldots, v_{n}, I v_{1}, \ldots, I v_{n}</formula>
    <formula uri="http://libmeta.ru/me/formula/aux/1014_12_KOMPLEKSNAJa">\mathbb{r}</formula>
    <formula uri="http://libmeta.ru/me/formula/aux/1014_13_KOMPLEKSNAJa">\operatorname{dim}_{\mathbb{r}} V=2 \operatorname{dim}_{\mathbb{C}} V</formula>
    <formula uri="http://libmeta.ru/me/formula/aux/1014_14_KOMPLEKSNAJa">i-</formula>
    <formula uri="http://libmeta.ru/me/formula/aux/1014_15_KOMPLEKSNAJa">v</formula>
    <formula uri="http://libmeta.ru/me/formula/aux/1014_16_KOMPLEKSNAJa">v^{\mathbb{c}}</formula>
    <formula uri="http://libmeta.ru/me/formula/aux/1014_17_KOMPLEKSNAJa">v</formula>
    <formula uri="http://libmeta.ru/me/formula/aux/1014_18_KOMPLEKSNAJa">v^{\mathbb{c}}=v_{+} \dot{+} V_{-}</formula>
    <formula uri="http://libmeta.ru/me/formula/aux/1014_19_KOMPLEKSNAJa">v_{+}-</formula>
    <formula uri="http://libmeta.ru/me/formula/aux/1014_20_KOMPLEKSNAJa">i</formula>
    <formula uri="http://libmeta.ru/me/formula/aux/1014_21_KOMPLEKSNAJa">v^{\mathbb{c}}</formula>
    <formula uri="http://libmeta.ru/me/formula/aux/1014_22_KOMPLEKSNAJa">\pm i</formula>
    <formula uri="http://libmeta.ru/me/formula/aux/1014_23_KOMPLEKSNAJa">v_{-}=\bar{V}_{+}</formula>
    <formula uri="http://libmeta.ru/me/formula/aux/1014_24_KOMPLEKSNAJa">s \subset V^{\mathbb{C}}</formula>
    <formula uri="http://libmeta.ru/me/formula/aux/1014_25_KOMPLEKSNAJa">v^{\mathbb{c}}=s+\bar{s}, \quad</formula>
    <formula uri="http://libmeta.ru/me/formula/aux/1014_26_KOMPLEKSNAJa">v</formula>
    <formula uri="http://libmeta.ru/me/formula/aux/1014_27_KOMPLEKSNAJa">v_{+}=s</formula>
    <formula uri="http://libmeta.ru/me/formula/aux/1014_28_KOMPLEKSNAJa">2 n</formula>
    <formula uri="http://libmeta.ru/me/formula/aux/1014_29_KOMPLEKSNAJa">v</formula>
    <formula uri="http://libmeta.ru/me/formula/aux/1014_30_KOMPLEKSNAJa">v</formula>
    <formula uri="http://libmeta.ru/me/formula/aux/1014_31_KOMPLEKSNAJa">v</formula>
    <formula uri="http://libmeta.ru/me/formula/aux/1014_32_KOMPLEKSNAJa">g L(2 n, \mathbb{R})</formula>
    <formula uri="http://libmeta.ru/me/formula/aux/1014_33_KOMPLEKSNAJa">g L(2 n, \mathbb{R}) / H</formula>
    <formula uri="http://libmeta.ru/me/formula/aux/1014_34_KOMPLEKSNAJa">h \cong G L(n, \mathbb{C})</formula>
    <formula uri="http://libmeta.ru/me/formula/aux/1014_35_KOMPLEKSNAJa">\left\|\begin{array}{r}a B \\ -B A\end{array}\right\|</formula>
    <formula uri="http://libmeta.ru/me/formula/aux/1014_36_KOMPLEKSNAJa">m</formula>
    <formula uri="http://libmeta.ru/me/formula/aux/1014_37_KOMPLEKSNAJa">m</formula>
    <formula uri="http://libmeta.ru/me/formula/aux/1014_38_KOMPLEKSNAJa">m</formula>
    <formula uri="http://libmeta.ru/me/formula/aux/1014_39_KOMPLEKSNAJa">m</formula>
    <formula uri="http://libmeta.ru/me/formula/aux/1014_40_KOMPLEKSNAJa">\operatorname{dim}_{\mathbb{r}} M=</formula>
    <formula uri="http://libmeta.ru/me/formula/aux/1014_41_KOMPLEKSNAJa">=2 \operatorname{dim}_{\mathbb{C}} M</formula>
    <formula uri="http://libmeta.ru/me/formula/aux/1014_42_KOMPLEKSNAJa">m</formula>
    <formula uri="http://libmeta.ru/me/formula/aux/1014_43_KOMPLEKSNAJa">t_{x}(m)</formula>
    <formula uri="http://libmeta.ru/me/formula/aux/1014_44_KOMPLEKSNAJa">m</formula>
  </formulas_aux>
  <relations n="8">
    <relation uri="http://libmeta.ru/me/relation/1014_1_KOMPLEKSNAJa">
      <rel_text>почти комплексную структуру</rel_text>
      <target>http://libmeta.ru/me/article/564_POChTI</target>
    </relation>
    <relation uri="http://libmeta.ru/me/relation/1014_2_KOMPLEKSNAJa">
      <rel_text>пространстве</rel_text>
      <target>http://libmeta.ru/me/article/748_PROSTRANSTV</target>
    </relation>
    <relation uri="http://libmeta.ru/me/relation/1014_3_KOMPLEKSNAJa">
      <rel_text>касательном</rel_text>
      <target>http://libmeta.ru/me/article/774_KASATEL'NA</target>
    </relation>
    <relation uri="http://libmeta.ru/me/relation/1014_4_KOMPLEKSNAJa">
      <rel_text>дифференцируемым</rel_text>
      <target>http://libmeta.ru/me/article/302_DIFFERENTsIROVANI</target>
    </relation>
    <relation uri="http://libmeta.ru/me/relation/1014_5_KOMPLEKSNAJa">
      <rel_text>комплексный</rel_text>
      <target>http://libmeta.ru/me/article/1005_KOMPAKTNOST</target>
    </relation>
    <relation uri="http://libmeta.ru/me/relation/1014_6_KOMPLEKSNAJa">
      <rel_text>многообразие</rel_text>
      <target>http://libmeta.ru/me/article/438_MNOGOOBRAZI</target>
    </relation>
    <relation uri="http://libmeta.ru/me/relation/1014_7_KOMPLEKSNAJa">
      <rel_text>дифференцируемое</rel_text>
      <target>http://libmeta.ru/me/article/302_DIFFERENTsIROVANI</target>
    </relation>
    <relation uri="http://libmeta.ru/me/relation/1014_8_KOMPLEKSNAJa">
      <rel_text>структура комплексного</rel_text>
      <target>http://libmeta.ru/me/article/1014_KOMPLEKSNAJa</target>
    </relation>
  </relations>
  <text>1) $URI[[http://libmeta.ru/me/formula/aux/1014_1_KOMPLEKSNAJa]]/URI$ с. н а

![](https://cdn.mathpix.com/cropped/2023_07_08_bc69fee54a794909c9f2g-1.jpg?height=37&amp;width=838&amp;top_left_y=217&amp;top_left_x=122)
р а н с т в е $URI[[http://libmeta.ru/me/formula/aux/1014_2_KOMPLEKSNAJa]]/URI$ - структура комплексного векторного пространства на $URI[[http://libmeta.ru/me/formula/aux/1014_3_KOMPLEKSNAJa]]/URI$, согласованная с исходной структурой. К. с. на $URI[[http://libmeta.ru/me/formula/aux/1014_4_KOMPLEKSNAJa]]/URI$ полностью определяется заданием оператора умножения на число $URI[[http://libmeta.ru/me/formula/aux/1014_5_KOMPLEKSNAJa]]/URI$, роль к-рого может играть произвольное линейное преобразование $URI[[http://libmeta.ru/me/formula/aux/1014_6_KOMPLEKSNAJa]]/URI$, удовлетворяющее условию $URI[[http://libmeta.ru/me/formula/aux/1014_7_KOMPLEKSNAJa]]/URI$. Поэтому преобразование такого типа часто наз. К. с. на $URI[[http://libmeta.ru/me/formula/aux/1014_8_KOMPLEKSNAJa]]/URI$. Если $URI[[http://libmeta.ru/me/formula/aux/1014_9_KOMPLEKSNAJa]]/URI$ снаб-

![](https://cdn.mathpix.com/cropped/2023_07_08_bc69fee54a794909c9f2g-1.jpg?height=37&amp;width=833&amp;top_left_y=455&amp;top_left_x=122)
над $URI[[http://libmeta.ru/me/formula/aux/1014_10_KOMPLEKSNAJa]]/URI$, то $URI[[http://libmeta.ru/me/formula/aux/1014_11_KOMPLEKSNAJa]]/URI$ образуют его базис над $URI[[http://libmeta.ru/me/formula/aux/1014_12_KOMPLEKSNAJa]]/URI$, так что $URI[[http://libmeta.ru/me/formula/aux/1014_13_KOMPLEKSNAJa]]/URI$. Если $URI[[http://libmeta.ru/me/formula/aux/1014_14_KOMPLEKSNAJa]]/URI$ К. с. на $URI[[http://libmeta.ru/me/formula/aux/1014_15_KOMPLEKSNAJa]]/URI$, то комплексификация $URI[[http://libmeta.ru/me/formula/aux/1014_16_KOMPLEKSNAJa]]/URI$ пространства $URI[[http://libmeta.ru/me/formula/aux/1014_17_KOMPLEKSNAJa]]/URI$ распадается в прямую сумму $URI[[http://libmeta.ru/me/formula/aux/1014_18_KOMPLEKSNAJa]]/URI$, где $URI[[http://libmeta.ru/me/formula/aux/1014_19_KOMPLEKSNAJa]]/URI$собственные подпространства преобразования $URI[[http://libmeta.ru/me/formula/aux/1014_20_KOMPLEKSNAJa]]/URI$, продолженного на $URI[[http://libmeta.ru/me/formula/aux/1014_21_KOMPLEKSNAJa]]/URI$, отвечающие собственным значениям $URI[[http://libmeta.ru/me/formula/aux/1014_22_KOMPLEKSNAJa]]/URI$, причем $URI[[http://libmeta.ru/me/formula/aux/1014_23_KOMPLEKSNAJa]]/URI$. Обратно, всякое комплексное подпространство $URI[[http://libmeta.ru/me/formula/aux/1014_24_KOMPLEKSNAJa]]/URI$ такое, что $URI[[http://libmeta.ru/me/formula/aux/1014_25_KOMPLEKSNAJa]]/URI$ определяет на $URI[[http://libmeta.ru/me/formula/aux/1014_26_KOMPLEKSNAJa]]/URI$ К. с., для к-рой $URI[[http://libmeta.ru/me/formula/aux/1014_27_KOMPLEKSNAJa]]/URI$.

Любые две К. с. на $URI[[http://libmeta.ru/me/formula/aux/1014_28_KOMPLEKSNAJa]]/URI$-мерном действительном пространстве $URI[[http://libmeta.ru/me/formula/aux/1014_29_KOMPLEKSNAJa]]/URI$ переводятся друг в друга нек-рым автоморфизмом пространства $URI[[http://libmeta.ru/me/formula/aux/1014_30_KOMPLEKSNAJa]]/URI$. Множество всех К. с. на $URI[[http://libmeta.ru/me/formula/aux/1014_31_KOMPLEKSNAJa]]/URI$ является, таким образом, однородным пространством группы $URI[[http://libmeta.ru/me/formula/aux/1014_32_KOMPLEKSNAJa]]/URI$ и отождествляется с факторпространством $URI[[http://libmeta.ru/me/formula/aux/1014_33_KOMPLEKSNAJa]]/URI$, где $URI[[http://libmeta.ru/me/formula/aux/1014_34_KOMPLEKSNAJa]]/URI$ - подгруппа, состоящая из невырожденных матриц вида $URI[[http://libmeta.ru/me/formula/aux/1014_35_KOMPLEKSNAJa]]/URI$.

2) К. с. - URI[[http://libmeta.ru/me/relation/1014_8_KOMPLEKSNAJa]]/URI аналитического жногообразия. Если $URI[[http://libmeta.ru/me/formula/aux/1014_36_KOMPLEKSNAJa]]/URI$ - URI[[http://libmeta.ru/me/relation/1014_7_KOMPLEKSNAJa]]/URI URI[[http://libmeta.ru/me/relation/1014_6_KOMPLEKSNAJa]]/URI, то К. с. на $URI[[http://libmeta.ru/me/formula/aux/1014_37_KOMPLEKSNAJa]]/URI$ - это URI[[http://libmeta.ru/me/relation/1014_5_KOMPLEKSNAJa]]/URI аналитич. атлас на $URI[[http://libmeta.ru/me/formula/aux/1014_38_KOMPLEKSNAJa]]/URI$, согласованный с заданным на $URI[[http://libmeta.ru/me/formula/aux/1014_39_KOMPLEKSNAJa]]/URI$ действительным URI[[http://libmeta.ru/me/relation/1014_4_KOMPLEKSNAJa]]/URI атласом. При этом $URI[[http://libmeta.ru/me/formula/aux/1014_40_KOMPLEKSNAJa]]/URI$ $URI[[http://libmeta.ru/me/formula/aux/1014_41_KOMPLEKSNAJa]]/URI$. К. с. на $URI[[http://libmeta.ru/me/formula/aux/1014_42_KOMPLEKSNAJa]]/URI$ индуцирует К. с. на каждом URI[[http://libmeta.ru/me/relation/1014_3_KOMPLEKSNAJa]]/URI URI[[http://libmeta.ru/me/relation/1014_2_KOMPLEKSNAJa]]/URI $URI[[http://libmeta.ru/me/formula/aux/1014_43_KOMPLEKSNAJa]]/URI$ и тем самым индуцирует на $URI[[http://libmeta.ru/me/formula/aux/1014_44_KOMPLEKSNAJa]]/URI$ URI[[http://libmeta.ru/me/relation/1014_1_KOMPLEKSNAJa]]/URI, к-рая ее полностью определяет.</text>
  <text_orig>1) $\boldsymbol{K} . \quad$ с. н а

![](https://cdn.mathpix.com/cropped/2023_07_08_bc69fee54a794909c9f2g-1.jpg?height=37&amp;width=838&amp;top_left_y=217&amp;top_left_x=122)
р а н с т в е $V$ - структура комплексного векторного пространства на $V$, согласованная с исходной структурой. К. с. на $V$ полностью определяется заданием оператора умножения на число $i$, роль к-рого может играть произвольное линейное преобразование $I: V \rightarrow V$, удовлетворяющее условию $I^{2}=-E$. Поэтому преобразование такого типа часто наз. К. с. на $V$. Если $V$ снаб-

![](https://cdn.mathpix.com/cropped/2023_07_08_bc69fee54a794909c9f2g-1.jpg?height=37&amp;width=833&amp;top_left_y=455&amp;top_left_x=122)
над $\mathbb{C}$, то $v_{1}, \ldots, v_{n}, I v_{1}, \ldots, I v_{n}$ образуют его базис над $\mathbb{R}$, так что $\operatorname{dim}_{\mathbb{R}} V=2 \operatorname{dim}_{\mathbb{C}} V$. Если $I-$ К. с. на $V$, то комплексификация $V^{\mathbb{C}}$ пространства $V$ распадается в прямую сумму $V^{\mathbb{C}}=V_{+} \dot{+} V_{-}$, где $V_{+}-$собственные подпространства преобразования $I$, продолженного на $V^{\mathbb{C}}$, отвечающие собственным значениям $\pm i$, причем $V_{-}=\bar{V}_{+}$. Обратно, всякое комплексное подпространство $S \subset V^{\mathbb{C}}$ такое, что $V^{\mathbb{C}}=S+\bar{S}, \quad$ определяет на $V$ К. с., для к-рой $V_{+}=S$.

Любые две К. с. на $2 n$-мерном действительном пространстве $V$ переводятся друг в друга нек-рым автоморфизмом пространства $V$. Множество всех К. с. на $V$ является, таким образом, однородным пространством группы $G L(2 n, \mathbb{R})$ и отождествляется с факторпространством $G L(2 n, \mathbb{R}) / H$, где $H \cong G L(n, \mathbb{C})$ - подгруппа, состоящая из невырожденных матриц вида $\left\|\begin{array}{r}A B \\ -B A\end{array}\right\|$.

2) К. с. - структура комплексного аналитического жногообразия. Если $M$ - дифференцируемое многообразие, то К. с. на $M$ - это комплексный аналитич. атлас на $M$, согласованный с заданным на $M$ действительным дифференцируемым атласом. При этом $\operatorname{dim}_{\mathbb{R}} M=$ $=2 \operatorname{dim}_{\mathbb{C}} M$. К. с. на $M$ индуцирует К. с. на каждом касательном пространстве $T_{x}(M)$ и тем самым индуцирует на $M$ почти комплексную структуру, к-рая ее полностью определяет.

Лит.: [1] Л и х н е р о в и ч А., Теория связностей в целом и группы голономий, пер. с фиранц., М., 1960; [2] У ә л л с Р., Дифференциальное исчисление на комплексных многообразиях, пер. с англ., М., 1976 . A. I. Онищик.</text_orig>
</article>
