<?xml version="1.0" ?>
<article uri="http://libmeta.ru/me/article/1014_GEOTERMIKI" alphabetic_pos="1014">
  <title>ГЕОТЕРМИКИ МАТЕМАТИЧЕСКИЕ ЗАДАЧИ</title>
  <authors/>
  <pages>
    <start>477</start>
    <end>477</end>
  </pages>
  <literature>
    <literature_orig>лит.: [1] Т и х о н о в А. Н., &quot;докл. Ан Cccp&quot;, 1935, т. 1, № 5, c. $294-300$; [2] е $\mathrm{r}$ o ж е, &quot;изв. Ан Ссcр&quot;, Отд. матем. и естеств. наук. Сер. геогр., 1937, № 3, с. $461-79 ;[3]$ матем. и естеств. наук. Сер геогр., 1937, № 3, с. 461 б е го ж е, &quot;матем. сб.», 1950, в. 26(68), с. 35-56;Ге0тibit</literature_orig>
    <unit>
      <author>Тихонов А. Н.</author>
      <title>&quot;докл. Ан Cccp&quot;</title>
      <publication/>
      <year>1935</year>
      <other>т. 1, № 5, c. $294-300$</other>
    </unit>
    <unit>
      <title>е $\mathrm{r}$ o ж е, &quot;изв. Ан Ссcр&quot;, Отд. матем. и естеств. наук. Сер. геогр.</title>
      <publication/>
      <year>1937</year>
      <other>№ 3, с. $461-79</other>
    </unit>
    <unit>
      <title>$ матем. и естеств. наук. Сер геогр.</title>
      <publication/>
      <year>1937</year>
      <other>№ 3, с. 461 б е го ж е, &quot;матем. сб.», 1950, в. 26(68), с. 35-56;Ге0тibit</other>
    </unit>
  </literature>
  <formulas_main/>
  <formulas_aux>
    <formula uri="http://libmeta.ru/me/formula/aux/1014_1_GEOTERMIKI">t&lt;t_{0}</formula>
    <formula uri="http://libmeta.ru/me/formula/aux/1014_2_GEOTERMIKI">t=t_{0}</formula>
    <formula uri="http://libmeta.ru/me/formula/aux/1014_3_GEOTERMIKI">u(x, t)</formula>
    <formula uri="http://libmeta.ru/me/formula/aux/1014_4_GEOTERMIKI">x&gt;0,-\infty&lt;t&lt;t_{0}</formula>
    <formula uri="http://libmeta.ru/me/formula/aux/1014_5_GEOTERMIKI">u\left(x, t_{0}\right)=\varphi(x)</formula>
    <formula uri="http://libmeta.ru/me/formula/aux/1014_6_GEOTERMIKI">x</formula>
    <formula uri="http://libmeta.ru/me/formula/aux/1014_7_GEOTERMIKI">\left|\partial^{n} u / \partial x^{n}\right|&lt;M</formula>
  </formulas_aux>
  <relations n="43">
    <relation uri="http://libmeta.ru/me/relation/1014_1_GEOTERMIKI">
      <rel_text>уравнениям</rel_text>
      <target>http://libmeta.ru/me/article/106_URAVNENI</target>
    </relation>
    <relation uri="http://libmeta.ru/me/relation/1014_2_GEOTERMIKI">
      <rel_text>нелинейным интегральным URI[[http:</rel_text>
      <target>http://libmeta.ru/me/article/913_NELINEJOE</target>
    </relation>
    <relation uri="http://libmeta.ru/me/relation/1014_3_GEOTERMIKI">
      <rel_text>задачи</rel_text>
      <target>http://libmeta.ru/me/article/10_ZAdAch</target>
    </relation>
    <relation uri="http://libmeta.ru/me/relation/1014_4_GEOTERMIKI">
      <rel_text>краевых условиях</rel_text>
      <target>http://libmeta.ru/me/article/73_KRAEVYE</target>
    </relation>
    <relation uri="http://libmeta.ru/me/relation/1014_5_GEOTERMIKI">
      <rel_text>уравнения</rel_text>
      <target>http://libmeta.ru/me/article/106_URAVNENI</target>
    </relation>
    <relation uri="http://libmeta.ru/me/relation/1014_6_GEOTERMIKI">
      <rel_text>задаче</rel_text>
      <target>http://libmeta.ru/me/article/10_ZAdAch</target>
    </relation>
    <relation uri="http://libmeta.ru/me/relation/1014_7_GEOTERMIKI">
      <rel_text>координате</rel_text>
      <target>http://libmeta.ru/me/article/1_KOORDiNAT</target>
    </relation>
    <relation uri="http://libmeta.ru/me/relation/1014_8_GEOTERMIKI">
      <rel_text>производная</rel_text>
      <target>http://libmeta.ru/me/article/1045_PROIZVODNA</target>
    </relation>
    <relation uri="http://libmeta.ru/me/relation/1014_9_GEOTERMIKI">
      <rel_text>уравнения</rel_text>
      <target>http://libmeta.ru/me/article/106_URAVNENI</target>
    </relation>
    <relation uri="http://libmeta.ru/me/relation/1014_10_GEOTERMIKI">
      <rel_text>момент</rel_text>
      <target>http://libmeta.ru/me/article/761_MOMEN</target>
    </relation>
    <relation uri="http://libmeta.ru/me/relation/1014_11_GEOTERMIKI">
      <rel_text>распределению</rel_text>
      <target>http://libmeta.ru/me/article/950_RASPREDELENI</target>
    </relation>
    <relation uri="http://libmeta.ru/me/relation/1014_12_GEOTERMIKI">
      <rel_text>моментов времени</rel_text>
      <target>http://libmeta.ru/me/article/480_IGRA</target>
    </relation>
    <relation uri="http://libmeta.ru/me/relation/1014_13_GEOTERMIKI">
      <rel_text>уравнения</rel_text>
      <target>http://libmeta.ru/me/article/106_URAVNENI</target>
    </relation>
    <relation uri="http://libmeta.ru/me/relation/1014_14_GEOTERMIKI">
      <rel_text>задачи</rel_text>
      <target>http://libmeta.ru/me/article/10_ZAdAch</target>
    </relation>
    <relation uri="http://libmeta.ru/me/relation/1014_15_GEOTERMIKI">
      <rel_text>историч</rel_text>
      <target>http://libmeta.ru/me/article/682_ISTOChNI</target>
    </relation>
    <relation uri="http://libmeta.ru/me/relation/1014_16_GEOTERMIKI">
      <rel_text>задача</rel_text>
      <target>http://libmeta.ru/me/article/10_ZAdAch</target>
    </relation>
    <relation uri="http://libmeta.ru/me/relation/1014_17_GEOTERMIKI">
      <rel_text>поле</rel_text>
      <target>http://libmeta.ru/me/article/390_POL</target>
    </relation>
    <relation uri="http://libmeta.ru/me/relation/1014_18_GEOTERMIKI">
      <rel_text>уравнения</rel_text>
      <target>http://libmeta.ru/me/article/106_URAVNENI</target>
    </relation>
    <relation uri="http://libmeta.ru/me/relation/1014_19_GEOTERMIKI">
      <rel_text>уравнения</rel_text>
      <target>http://libmeta.ru/me/article/106_URAVNENI</target>
    </relation>
    <relation uri="http://libmeta.ru/me/relation/1014_20_GEOTERMIKI">
      <rel_text>деформации</rel_text>
      <target>http://libmeta.ru/me/article/134_DEFORMATsI</target>
    </relation>
    <relation uri="http://libmeta.ru/me/relation/1014_21_GEOTERMIKI">
      <rel_text>связанных</rel_text>
      <target>http://libmeta.ru/me/article/1233_SvJaZNOSt</target>
    </relation>
    <relation uri="http://libmeta.ru/me/relation/1014_22_GEOTERMIKI">
      <rel_text>уравнения</rel_text>
      <target>http://libmeta.ru/me/article/106_URAVNENI</target>
    </relation>
    <relation uri="http://libmeta.ru/me/relation/1014_23_GEOTERMIKI">
      <rel_text>уравнения</rel_text>
      <target>http://libmeta.ru/me/article/106_URAVNENI</target>
    </relation>
    <relation uri="http://libmeta.ru/me/relation/1014_24_GEOTERMIKI">
      <rel_text>распределения</rel_text>
      <target>http://libmeta.ru/me/article/950_RASPREDELENI</target>
    </relation>
    <relation uri="http://libmeta.ru/me/relation/1014_25_GEOTERMIKI">
      <rel_text>уравнения</rel_text>
      <target>http://libmeta.ru/me/article/106_URAVNENI</target>
    </relation>
    <relation uri="http://libmeta.ru/me/relation/1014_26_GEOTERMIKI">
      <rel_text>уравнения</rel_text>
      <target>http://libmeta.ru/me/article/106_URAVNENI</target>
    </relation>
    <relation uri="http://libmeta.ru/me/relation/1014_27_GEOTERMIKI">
      <rel_text>промерзания</rel_text>
      <target>http://libmeta.ru/me/article/718_PROMEZhUTO</target>
    </relation>
    <relation uri="http://libmeta.ru/me/relation/1014_28_GEOTERMIKI">
      <rel_text>связан</rel_text>
      <target>http://libmeta.ru/me/article/1222_SVJaZK</target>
    </relation>
    <relation uri="http://libmeta.ru/me/relation/1014_29_GEOTERMIKI">
      <rel_text>конечных разностей</rel_text>
      <target>http://libmeta.ru/me/article/1036_KONEChNAJa</target>
    </relation>
    <relation uri="http://libmeta.ru/me/relation/1014_30_GEOTERMIKI">
      <rel_text>численного</rel_text>
      <target>http://libmeta.ru/me/article/1008_ChISLITEL</target>
    </relation>
    <relation uri="http://libmeta.ru/me/relation/1014_31_GEOTERMIKI">
      <rel_text>фазовом переходе</rel_text>
      <target>http://libmeta.ru/me/article/657_FAZOVYJ</target>
    </relation>
    <relation uri="http://libmeta.ru/me/relation/1014_32_GEOTERMIKI">
      <rel_text>задача</rel_text>
      <target>http://libmeta.ru/me/article/10_ZAdAch</target>
    </relation>
    <relation uri="http://libmeta.ru/me/relation/1014_33_GEOTERMIKI">
      <rel_text>задача</rel_text>
      <target>http://libmeta.ru/me/article/10_ZAdAch</target>
    </relation>
    <relation uri="http://libmeta.ru/me/relation/1014_34_GEOTERMIKI">
      <rel_text>фазовый переход</rel_text>
      <target>http://libmeta.ru/me/article/657_FAZOVYJ</target>
    </relation>
    <relation uri="http://libmeta.ru/me/relation/1014_35_GEOTERMIKI">
      <rel_text>процессов</rel_text>
      <target>http://libmeta.ru/me/article/758_PROTsEDUR</target>
    </relation>
    <relation uri="http://libmeta.ru/me/relation/1014_36_GEOTERMIKI">
      <rel_text>промерзания</rel_text>
      <target>http://libmeta.ru/me/article/718_PROMEZhUTO</target>
    </relation>
    <relation uri="http://libmeta.ru/me/relation/1014_37_GEOTERMIKI">
      <rel_text>погружения</rel_text>
      <target>http://libmeta.ru/me/article/344_POGREShNOST</target>
    </relation>
    <relation uri="http://libmeta.ru/me/relation/1014_38_GEOTERMIKI">
      <rel_text>изменяются</rel_text>
      <target>http://libmeta.ru/me/article/502_IZMEL'ChENI</target>
    </relation>
    <relation uri="http://libmeta.ru/me/relation/1014_39_GEOTERMIKI">
      <rel_text>коэффициенты</rel_text>
      <target>http://libmeta.ru/me/article/64_KOEFFITsIEN</target>
    </relation>
    <relation uri="http://libmeta.ru/me/relation/1014_40_GEOTERMIKI">
      <rel_text>параболич</rel_text>
      <target>http://libmeta.ru/me/article/154_PARABOL</target>
    </relation>
    <relation uri="http://libmeta.ru/me/relation/1014_41_GEOTERMIKI">
      <rel_text>уравнений</rel_text>
      <target>http://libmeta.ru/me/article/106_URAVNENI</target>
    </relation>
    <relation uri="http://libmeta.ru/me/relation/1014_42_GEOTERMIKI">
      <rel_text>квазилинейных</rel_text>
      <target>http://libmeta.ru/me/article/849_KVAZIREShENI</target>
    </relation>
    <relation uri="http://libmeta.ru/me/relation/1014_43_GEOTERMIKI">
      <rel_text>связаны</rel_text>
      <target>http://libmeta.ru/me/article/1222_SVJaZK</target>
    </relation>
  </relations>
  <text>математич. задачи, возникающие при исследовании тепловых процессов, пролсходящих в Земле. В геотермике различают поверхнсстные явления, связанные с колебаниями температуры в верхних слоях Земли вследствие воздействия солнечного излучения, и глубинные явления, связанные с распределением температуры внутри Земли, обусловленным радиоактивными источниками тепла.

Г. М. З. в основном URI[[http://libmeta.ru/me/relation/1014_43_GEOTERMIKI]]/URI с решением URI[[http://libmeta.ru/me/relation/1014_42_GEOTERMIKI]]/URI URI[[http://libmeta.ru/me/relation/1014_41_GEOTERMIKI]]/URI URI[[http://libmeta.ru/me/relation/1014_40_GEOTERMIKI]]/URI. типа, URI[[http://libmeta.ru/me/relation/1014_39_GEOTERMIKI]]/URI к-рых URI[[http://libmeta.ru/me/relation/1014_38_GEOTERMIKI]]/URI с глубиной URI[[http://libmeta.ru/me/relation/1014_37_GEOTERMIKI]]/URI и зависят от температуры. При изучении URI[[http://libmeta.ru/me/relation/1014_36_GEOTERMIKI]]/URI в верхних слоях Земли или URI[[http://libmeta.ru/me/relation/1014_35_GEOTERMIKI]]/URI плавления в глубинных слоях учитывается URI[[http://libmeta.ru/me/relation/1014_34_GEOTERMIKI]]/URI, т. е. изменение физич. состояния среды. При этом возникает так наз. Стебана URI[[http://libmeta.ru/me/relation/1014_33_GEOTERMIKI]]/URI или URI[[http://libmeta.ru/me/relation/1014_32_GEOTERMIKI]]/URI о URI[[http://libmeta.ru/me/relation/1014_31_GEOTERMIKI]]/URI. Наиболее эффективным методом URI[[http://libmeta.ru/me/relation/1014_30_GEOTERMIKI]]/URI решения этих задач является метод URI[[http://libmeta.ru/me/relation/1014_29_GEOTERMIKI]]/URI, широко используемый на практике.

Рядд задач геотермики URI[[http://libmeta.ru/me/relation/1014_28_GEOTERMIKI]]/URI с исследованием взапiмодействия температурного поля с другими физич. явлениями. При анализе задач URI[[http://libmeta.ru/me/relation/1014_27_GEOTERMIKI]]/URI грунта с учетом подтока воды решаются совместно URI[[http://libmeta.ru/me/relation/1014_26_GEOTERMIKI]]/URI теплопроводности и URI[[http://libmeta.ru/me/relation/1014_25_GEOTERMIKI]]/URI фильтрации. Исследование температурного URI[[http://libmeta.ru/me/relation/1014_24_GEOTERMIKI]]/URI в водной толще приводит к необходимости совместного рассмотрения URI[[http://libmeta.ru/me/relation/1014_23_GEOTERMIKI]]/URI теплопроводности и URI[[http://libmeta.ru/me/relation/1014_22_GEOTERMIKI]]/URI конвекции. Анализ термоупругих напряжений в Земле и URI[[http://libmeta.ru/me/relation/1014_21_GEOTERMIKI]]/URI с этим эффектов расширения и URI[[http://libmeta.ru/me/relation/1014_20_GEOTERMIKI]]/URI Земли проводится на основе совместного решения URI[[http://libmeta.ru/me/relation/1014_19_GEOTERMIKI]]/URI теплопроводности и URI[[http://libmeta.ru/me/relation/1014_18_GEOTERMIKI]]/URI упругого равновесия в гравитационном URI[[http://libmeta.ru/me/relation/1014_17_GEOTERMIKI]]/URI.

Среди Г. м. з. имеется ряд специфических задач. Так, URI[[http://libmeta.ru/me/relation/1014_16_GEOTERMIKI]]/URI об определении URI[[http://libmeta.ru/me/relation/1014_15_GEOTERMIKI]]/URI. климата Земли привела к математич. постановке обратной URI[[http://libmeta.ru/me/relation/1014_14_GEOTERMIKI]]/URI для URI[[http://libmeta.ru/me/relation/1014_13_GEOTERMIKI]]/URI теплопроводности, где надо определить температуры для URI[[http://libmeta.ru/me/relation/1014_12_GEOTERMIKI]]/URI $URI[[http://libmeta.ru/me/formula/aux/1014_1_GEOTERMIKI]]/URI$ по заданному URI[[http://libmeta.ru/me/relation/1014_11_GEOTERMIKI]]/URI температуры по глубине в URI[[http://libmeta.ru/me/relation/1014_10_GEOTERMIKI]]/URI времени $URI[[http://libmeta.ru/me/formula/aux/1014_2_GEOTERMIKI]]/URI$. Решение URI[[http://libmeta.ru/me/relation/1014_9_GEOTERMIKI]]/URI теплопроводности $URI[[http://libmeta.ru/me/formula/aux/1014_3_GEOTERMIKI]]/URI$ в области $URI[[http://libmeta.ru/me/formula/aux/1014_4_GEOTERMIKI]]/URI$ определяется однозначно по заданным значениям $URI[[http://libmeta.ru/me/formula/aux/1014_5_GEOTERMIKI]]/URI$, если хотя бы одна URI[[http://libmeta.ru/me/relation/1014_8_GEOTERMIKI]]/URI решения по URI[[http://libmeta.ru/me/relation/1014_7_GEOTERMIKI]]/URI $URI[[http://libmeta.ru/me/formula/aux/1014_6_GEOTERMIKI]]/URI$ равномерно ограничена $URI[[http://libmeta.ru/me/formula/aux/1014_7_GEOTERMIKI]]/URI$ (см. [1]).

Учет влияния излучения на температурный режим Земли и др. небесных тел приводит к URI[[http://libmeta.ru/me/relation/1014_6_GEOTERMIKI]]/URI для URI[[http://libmeta.ru/me/relation/1014_5_GEOTERMIKI]]/URI теплопроводности при нелинейных URI[[http://libmeta.ru/me/relation/1014_4_GEOTERMIKI]]/URI, в частности при излучении по Стефана Больцмана закону. Эти URI[[http://libmeta.ru/me/relation/1014_3_GEOTERMIKI]]/URI могут быть сведены к URI[[http://libmeta.ru/me/relation/1014_2_GEOTERMIKI]]/URI//libmeta.ru/me/relation/1014_1_GEOTERMIKI]]/URI типа Вольтерра (cm. [1]).</text>
  <text_orig>математич. задачи, возникающие при исследовании тепловых процессов, пролсходящих в Земле. В геотермике различают поверхнсстные явления, связанные с колебаниями температуры в верхних слоях Земли вследствие воздействия солнечного излучения, и глубинные явления, связанные с распределением температуры внутри Земли, обусловленным радиоактивными источниками тепла.

Г. М. З. в основном связаны с решением квазилинейных уравнений параболич. типа, коэффициенты к-рых изменяются с глубиной погружения и зависят от температуры. При изучении промерзания в верхних слоях Земли или процессов плавления в глубинных слоях учитывается фазовый переход, т. е. изменение физич. состояния среды. При этом возникает так наз. Стебана задача или задача о фазовом переходе. Наиболее эффективным методом численного решения этих задач является метод конечных разностей, широко используемый на практике.

Рядд задач геотермики связан с исследованием взапIмодействия температурного поля с другими физич. явлениями. При анализе задач промерзания грунта с учетом подтока воды решаются совместно уравнения теплопроводности и уравнения фильтрации. Исследование температурного распределения в водной толще приводит к необходимости совместного рассмотрения уравнения теплопроводности и уравнения конвекции. Анализ термоупругих напряжений в Земле и связанных с этим эффектов расширения и деформации Земли проводится на основе совместного решения уравнения теплопроводности и уравнения упругого равновесия в гравитационном поле.

Среди Г. м. з. имеется ряд специфических задач. Так, задача об определении историч. климата Земли привела к математич. постановке обратной задачи для уравнения теплопроводности, где надо определить температуры для моментов времени $t&lt;t_{0}$ по заданному распределению температуры по глубине в момент времени $t=t_{0}$. Решение уравнения теплопроводности $u(x, t)$ в области $x&gt;0,-\infty&lt;t&lt;t_{0}$ определяется однозначно по заданным значениям $u\left(x, t_{0}\right)=\varphi(x)$, если хотя бы одна производная решения по координате $x$ равномерно ограничена $\left|\partial^{n} u / \partial x^{n}\right|&lt;M$ (см. [1]).

Учет влияния излучения на температурный режим Земли и др. небесных тел приводит к задаче для уравнения теплопроводности при нелинейных краевых условиях, в частности при излучении по Стефана Больцмана закону. Эти задачи могут быть сведены к нелинейным интегральным уравнениям типа Вольтерра (cM. [1]).

лит.: [1] Т и х о н о в А. Н., &quot;Докл. АН CCCP&quot;, 1935, т. 1, № 5, c. $294-300$; [2] е $\mathrm{r}$ o ж е, &quot;Изв. АН ССCР&quot;, Отд. матем. и естеств. наук. Сер. геогр., 1937, № 3, с. $461-79 ;[3]$ матем. и естеств. наук. Сер геогр., 1937, № 3, с. 461 б е го ж е, &quot;Матем. сб.», 1950, в. 26(68), с. 35-56;

Ге0тIBIT</text_orig>
</article>
