<?xml version="1.0" ?>
<article uri="http://libmeta.ru/me/article/1015_IIARL'E" alphabetic_pos="1015">
  <title>IIАРЛЬЕ РАСПРЕДЕЛЕНИЕ</title>
  <authors/>
  <pages>
    <start>442</start>
    <end>442</end>
  </pages>
  <literature>
    <literature_orig/>
  </literature>
  <formulas_main/>
  <formulas_aux/>
  <relations n="2">
    <relation uri="http://libmeta.ru/me/relation/1015_1_IIARL'E">
      <rel_text>плотность</rel_text>
      <target>http://libmeta.ru/me/article/316_PLOTNOST</target>
    </relation>
    <relation uri="http://libmeta.ru/me/relation/1015_2_IIARL'E">
      <rel_text>распределения</rel_text>
      <target>http://libmeta.ru/me/article/950_RASPREDELENI</target>
    </relation>
  </relations>
  <text>малоупотребительное название URI[[http://libmeta.ru/me/relation/1015_2_IIARL'E]]/URI, URI[[http://libmeta.ru/me/relation/1015_1_IIARL'E]]/URI к-рого дается Грама - Uiарлье рлдом.</text>
  <text_orig>малоупотребительное название распределения, плотность к-рого дается Грама - UIарлье рлдом.</text_orig>
</article>
