<?xml version="1.0" ?>
<article uri="http://libmeta.ru/me/article/1015_KOMPLEKSNOGO" alphabetic_pos="1015">
  <title>КОМПЛЕКСНОГО ИНТЕГРИРОВАНИЯ МЕТОД</title>
  <authors/>
  <pages>
    <start>504</start>
    <end>505</end>
  </pages>
  <literature>
    <literature_orig>Jит.: [1] Р и м а н Б., Сочинения, пер. с нем., М.- Л., 1948; [2] Т и т ч м а р ш Е.. К., Теория дзета-функций Римана, пер. с англ., М., 1953; [3] П р а х а p К., Распределение простых чисел, пер. с нем., М., 1967; [4] Л а в р и к А. Ф., «изв. Ан Ссср. Сер. матем.&quot;, 1967 , т. $31, N_{2} 2$, с. $431-42$; [5] &quot; е г о А е «изв. Ан Сссp. Сер. матем.&quot;, 1968, т. 32, №1, с. $134-185$; [6] М о н т г о м е р и X., Мультипликативная теория чисел, пер. с англ., М., 1974; [7] К а р а ц у б а А. А., &quot;изв. Ан Ссср. Cер. матем.», 1972, т. $36, ﹎{2} 3$, c. $475-83$.</literature_orig>
    <unit>
      <author>Риман Б.</author>
      <title>Сочинения</title>
      <publication>пер. с нем., М.- Л.</publication>
      <year>1948</year>
      <other/>
    </unit>
    <unit>
      <author>Титчмарш Е.. К.</author>
      <title>Теория дзета-функций Римана</title>
      <publication>пер. с англ., М.</publication>
      <year>1953</year>
      <other/>
    </unit>
    <unit>
      <author>Прахаp К.</author>
      <title>Распределение простых чисел</title>
      <publication>пер. с нем., М.</publication>
      <year>1967</year>
      <other/>
    </unit>
    <unit>
      <author>Лаврик А. Ф.</author>
      <title>«изв. Ан Ссср. Сер. матем.&quot;</title>
      <publication/>
      <year>1967</year>
      <other>т. $31, N_{2} 2$, с. $431-42$</other>
    </unit>
    <unit>
      <title>&quot; е г о А е «изв. Ан Сссp. Сер. матем.&quot;</title>
      <publication/>
      <year>1968</year>
      <other>т. 32, №1, с. $134-185$</other>
    </unit>
    <unit>
      <author>Монтгомери X.</author>
      <title>Мультипликативная теория чисел</title>
      <publication>пер. с англ., М.</publication>
      <year>1974</year>
      <other/>
    </unit>
    <unit>
      <author>Карацуба А. А.</author>
      <title>&quot;изв. Ан Ссср. Cер. матем.»</title>
      <publication/>
      <year>1972</year>
      <other>т. $36, ﹎{2} 3$, c. $475-83$.</other>
    </unit>
  </literature>
  <formulas_main>
    <formula uri="http://libmeta.ru/me/formula/main/1015_1_KOMPLEKSNOGO">n-s \Gamma(s)=n-s \int_{0}^{\infty} e^{-x} x^{s-1} d x=\int_{0}^{\infty} e^{-n x} x^{s-1} d x .</formula>
    <formula uri="http://libmeta.ru/me/formula/main/1015_2_KOMPLEKSNOGO">\zeta(s)=\frac{1}{\Gamma(s)} \int_{0}^{\infty} \frac{x^{s-1}}{e^{x}-1} d x .</formula>
    <formula uri="http://libmeta.ru/me/formula/main/1015_3_KOMPLEKSNOGO">J(s)=\frac{1}{2 \pi i} \int_{C} \frac{z^{s-1}}{e^{-z}-1} d z</formula>
    <formula uri="http://libmeta.ru/me/formula/main/1015_4_KOMPLEKSNOGO">\zeta(s)=\frac{\pi J(s)}{\sin \pi s \Gamma(s)} \Gamma=(1-s) J(s)</formula>
    <formula uri="http://libmeta.ru/me/formula/main/1015_5_KOMPLEKSNOGO">J_{N}(s)=\frac{1}{2 \pi i} \int_{C(N)} \frac{z^{s-1}}{e^{-z}-1} d z</formula>
    <formula uri="http://libmeta.ru/me/formula/main/1015_6_KOMPLEKSNOGO">\begin{aligned}J_{N}(s) &amp; =\sum_{n=1}^{N}\left\{(2 \pi n i)^{s-1}+(-2 \pi i)^{s-1}\right\}= \\&amp; =2(2 \pi)^{s-1} \sin \frac{\pi s}{2} \sum_{n=1}^{N} n^{s-1} .\end{aligned}</formula>
    <formula uri="http://libmeta.ru/me/formula/main/1015_7_KOMPLEKSNOGO">J(s)=\lim J_{N}(s)=2(2 \pi)^{s-1} \sin \frac{\pi s}{2} \zeta(1-s) .</formula>
    <formula uri="http://libmeta.ru/me/formula/main/1015_8_KOMPLEKSNOGO">\zeta(1-s)=2(2 \pi)^{-s} \cos \frac{\pi s}{2} \Gamma(s) \zeta(s)</formula>
  </formulas_main>
  <formulas_aux>
    <formula uri="http://libmeta.ru/me/formula/aux/1015_1_KOMPLEKSNOGO">s=\sigma+i t, \sigma&gt;0, n&gt;0</formula>
    <formula uri="http://libmeta.ru/me/formula/aux/1015_2_KOMPLEKSNOGO">\zeta(s)</formula>
    <formula uri="http://libmeta.ru/me/formula/aux/1015_3_KOMPLEKSNOGO">\zeta(s)=\sum_{n=1}^{\infty} n-s</formula>
    <formula uri="http://libmeta.ru/me/formula/aux/1015_4_KOMPLEKSNOGO">\sigma&gt;1</formula>
    <formula uri="http://libmeta.ru/me/formula/aux/1015_5_KOMPLEKSNOGO">c=\alpha+\beta+\gamma</formula>
    <formula uri="http://libmeta.ru/me/formula/aux/1015_6_KOMPLEKSNOGO">\alpha, \gamma</formula>
    <formula uri="http://libmeta.ru/me/formula/aux/1015_7_KOMPLEKSNOGO">z</formula>
    <formula uri="http://libmeta.ru/me/formula/aux/1015_8_KOMPLEKSNOGO">\beta</formula>
    <formula uri="http://libmeta.ru/me/formula/aux/1015_9_KOMPLEKSNOGO">r&lt;2 \pi</formula>
    <formula uri="http://libmeta.ru/me/formula/aux/1015_10_KOMPLEKSNOGO">j(s)</formula>
    <formula uri="http://libmeta.ru/me/formula/aux/1015_11_KOMPLEKSNOGO">s</formula>
    <formula uri="http://libmeta.ru/me/formula/aux/1015_12_KOMPLEKSNOGO">|s|&lt;\delta</formula>
    <formula uri="http://libmeta.ru/me/formula/aux/1015_13_KOMPLEKSNOGO">\alpha</formula>
    <formula uri="http://libmeta.ru/me/formula/aux/1015_14_KOMPLEKSNOGO">\gamma</formula>
    <formula uri="http://libmeta.ru/me/formula/aux/1015_15_KOMPLEKSNOGO">e^{-0.5|z|}</formula>
    <formula uri="http://libmeta.ru/me/formula/aux/1015_16_KOMPLEKSNOGO">|x|&gt;</formula>
    <formula uri="http://libmeta.ru/me/formula/aux/1015_17_KOMPLEKSNOGO">&gt;z_{0}(\delta)</formula>
    <formula uri="http://libmeta.ru/me/formula/aux/1015_18_KOMPLEKSNOGO">r</formula>
    <formula uri="http://libmeta.ru/me/formula/aux/1015_19_KOMPLEKSNOGO">s</formula>
    <formula uri="http://libmeta.ru/me/formula/aux/1015_20_KOMPLEKSNOGO">\alpha, \beta, \gamma</formula>
    <formula uri="http://libmeta.ru/me/formula/aux/1015_21_KOMPLEKSNOGO">z=\delta e^{-i \pi}, z=r e^{i \theta}, z=\delta e^{i \pi}</formula>
    <formula uri="http://libmeta.ru/me/formula/aux/1015_22_KOMPLEKSNOGO">f(z)=1 /\left(e^{z-1}\right)</formula>
    <formula uri="http://libmeta.ru/me/formula/aux/1015_23_KOMPLEKSNOGO">j(s)</formula>
    <formula uri="http://libmeta.ru/me/formula/aux/1015_24_KOMPLEKSNOGO">\pi J(s)=\sin \pi s \int_{r}^{\infty} \delta^{s-1} f(-\delta) d \delta+\frac{r^{s}}{2} \int_{-\pi}^{\pi} e^{i \theta s} f\left(r e^{i \theta}\right) d \theta</formula>
    <formula uri="http://libmeta.ru/me/formula/aux/1015_25_KOMPLEKSNOGO">|z|&lt;\pi</formula>
    <formula uri="http://libmeta.ru/me/formula/aux/1015_26_KOMPLEKSNOGO">|z f(z)|&lt;A</formula>
    <formula uri="http://libmeta.ru/me/formula/aux/1015_27_KOMPLEKSNOGO">2 \pi A r^{\sigma-1} e^{\pi|t|}</formula>
    <formula uri="http://libmeta.ru/me/formula/aux/1015_28_KOMPLEKSNOGO">s</formula>
    <formula uri="http://libmeta.ru/me/formula/aux/1015_29_KOMPLEKSNOGO">\sigma&gt;1</formula>
    <formula uri="http://libmeta.ru/me/formula/aux/1015_30_KOMPLEKSNOGO">r \rightarrow 0</formula>
    <formula uri="http://libmeta.ru/me/formula/aux/1015_31_KOMPLEKSNOGO">\pi J(s)=\sin \pi s \Gamma(s) \zeta(s)</formula>
    <formula uri="http://libmeta.ru/me/formula/aux/1015_32_KOMPLEKSNOGO">\sigma&gt;1</formula>
    <formula uri="http://libmeta.ru/me/formula/aux/1015_33_KOMPLEKSNOGO">\zeta(s)</formula>
    <formula uri="http://libmeta.ru/me/formula/aux/1015_34_KOMPLEKSNOGO">\zeta(s)</formula>
    <formula uri="http://libmeta.ru/me/formula/aux/1015_35_KOMPLEKSNOGO">s</formula>
    <formula uri="http://libmeta.ru/me/formula/aux/1015_36_KOMPLEKSNOGO">s=1</formula>
    <formula uri="http://libmeta.ru/me/formula/aux/1015_37_KOMPLEKSNOGO">\zeta(s)</formula>
    <formula uri="http://libmeta.ru/me/formula/aux/1015_38_KOMPLEKSNOGO">\sigma&lt;0, N-</formula>
    <formula uri="http://libmeta.ru/me/formula/aux/1015_39_KOMPLEKSNOGO">&gt;4</formula>
    <formula uri="http://libmeta.ru/me/formula/aux/1015_40_KOMPLEKSNOGO">c(n)</formula>
    <formula uri="http://libmeta.ru/me/formula/aux/1015_41_KOMPLEKSNOGO">\alpha, \gamma</formula>
    <formula uri="http://libmeta.ru/me/formula/aux/1015_42_KOMPLEKSNOGO">\boldsymbol{r}=2 N+1</formula>
    <formula uri="http://libmeta.ru/me/formula/aux/1015_43_KOMPLEKSNOGO">c(n)</formula>
    <formula uri="http://libmeta.ru/me/formula/aux/1015_44_KOMPLEKSNOGO">a R^{\sigma} e^{\pi|t|}</formula>
    <formula uri="http://libmeta.ru/me/formula/aux/1015_45_KOMPLEKSNOGO">\sigma&lt;0</formula>
    <formula uri="http://libmeta.ru/me/formula/aux/1015_46_KOMPLEKSNOGO">n \rightarrow \infty</formula>
    <formula uri="http://libmeta.ru/me/formula/aux/1015_47_KOMPLEKSNOGO">j_{n}(s) \rightarrow J(s)</formula>
    <formula uri="http://libmeta.ru/me/formula/aux/1015_48_KOMPLEKSNOGO">n \rightarrow \infty</formula>
    <formula uri="http://libmeta.ru/me/formula/aux/1015_49_KOMPLEKSNOGO">\sigma&lt;0</formula>
    <formula uri="http://libmeta.ru/me/formula/aux/1015_50_KOMPLEKSNOGO">s</formula>
    <formula uri="http://libmeta.ru/me/formula/aux/1015_51_KOMPLEKSNOGO">\boldsymbol{\text { н }}</formula>
    <formula uri="http://libmeta.ru/me/formula/aux/1015_52_KOMPLEKSNOGO">\zeta(s), L(s, \chi)</formula>
    <formula uri="http://libmeta.ru/me/formula/aux/1015_53_KOMPLEKSNOGO">\sigma&gt;0</formula>
    <formula uri="http://libmeta.ru/me/formula/aux/1015_54_KOMPLEKSNOGO">f(s)</formula>
    <formula uri="http://libmeta.ru/me/formula/aux/1015_55_KOMPLEKSNOGO">\arg F(s)</formula>
  </formulas_aux>
  <relations n="2">
    <relation uri="http://libmeta.ru/me/relation/1015_1_KOMPLEKSNOGO">
      <rel_text>формулой</rel_text>
      <target>http://libmeta.ru/me/article/731_FORMALIZ</target>
    </relation>
    <relation uri="http://libmeta.ru/me/relation/1015_2_KOMPLEKSNOGO">
      <rel_text>теории</rel_text>
      <target>http://libmeta.ru/me/article/381_TEORI</target>
    </relation>
  </relations>
  <text>![](https://cdn.mathpix.com/cropped/2023_07_08_bc69fee54a794909c9f2g-1.jpg?height=42&amp;width=836&amp;top_left_y=1487&amp;top_left_x=123)
один из наиболее универсальных методов исследования и приложений дзета-бункций, L-функций, вообще, функций, определяемых рядами Дирихле.

К. и. м. в теорию чисел впервые ввел Б. Риман (b. Riemann) [1] в 1876 в связи с изучением свойств дзета-функции. Известные в настоящее время применения К. и. м., опирающиеся на теорему Коши о вычетах, теорему Фрагмена - Линделёфа для рядов Дирихле, метод перевала и т. п., весьма разнообразны по своей форме и содержанию. К. и. м. используется для аналитич. продолжения и вывода функциональных уравнений функций Дирихле; для вывода приближенных функциональных уравнений этих функций; для оценок числа их нетривиальных нулей и оценок плотности распределения таких нулей в той или иной части критической полосы; для получения асимптотич. формул и разного рода оценок важнейших арифметич. функций.

Классический вариант К. и. м. иллюстрируется нижеследующим примером аналитич. продолжения и вывода функционального уравнения дзета-функции Римана (см. [2], [3]). При $URI[[http://libmeta.ru/me/formula/aux/1015_1_KOMPLEKSNOGO]]/URI$

\[
URI[[http://libmeta.ru/me/formula/main/1015_1_KOMPLEKSNOGO]]/URI
\]

После суммирования получается, что функция $URI[[http://libmeta.ru/me/formula/aux/1015_2_KOMPLEKSNOGO]]/URI$, первоначально определенная рядом $URI[[http://libmeta.ru/me/formula/aux/1015_3_KOMPLEKSNOGO]]/URI$, при $URI[[http://libmeta.ru/me/formula/aux/1015_4_KOMPLEKSNOGO]]/URI$, представляется также формулой

\[
URI[[http://libmeta.ru/me/formula/main/1015_2_KOMPLEKSNOGO]]/URI
\]

Пусть рассматривается интеграл

\[
URI[[http://libmeta.ru/me/formula/main/1015_3_KOMPLEKSNOGO]]/URI
\]

взятый вдоль (бесконечного) контура $URI[[http://libmeta.ru/me/formula/aux/1015_5_KOMPLEKSNOGO]]/URI$, где $URI[[http://libmeta.ru/me/formula/aux/1015_6_KOMPLEKSNOGO]]/URI$ проходят по нижнему и верхнему краям разреза вдоль отрицательной действительной оси плоскости $URI[[http://libmeta.ru/me/formula/aux/1015_7_KOMPLEKSNOGO]]/URI$, обходя начало координат по окружности $URI[[http://libmeta.ru/me/formula/aux/1015_8_KOMPLEKSNOGO]]/URI$ радиуса $URI[[http://libmeta.ru/me/formula/aux/1015_9_KOMPLEKSNOGO]]/URI$. Интеграл $URI[[http://libmeta.ru/me/formula/aux/1015_10_KOMPLEKSNOGO]]/URI$ сходится при всех $URI[[http://libmeta.ru/me/formula/aux/1015_11_KOMPLEKSNOGO]]/URI$ и притом равномерно в любом круге $URI[[http://libmeta.ru/me/formula/aux/1015_12_KOMPLEKSNOGO]]/URI$, ибо на $URI[[http://libmeta.ru/me/formula/aux/1015_13_KOMPLEKSNOGO]]/URI$ и $URI[[http://libmeta.ru/me/formula/aux/1015_14_KOMPLEKSNOGO]]/URI$ подинтегральная функция меньше $URI[[http://libmeta.ru/me/formula/aux/1015_15_KOMPLEKSNOGO]]/URI$ для всех $URI[[http://libmeta.ru/me/formula/aux/1015_16_KOMPLEKSNOGO]]/URI$ $URI[[http://libmeta.ru/me/formula/aux/1015_17_KOMPLEKSNOGO]]/URI$. По теореме Коши он не зависит от $URI[[http://libmeta.ru/me/formula/aux/1015_18_KOMPLEKSNOGO]]/URI$ и, значит, представляет целую функцию $URI[[http://libmeta.ru/me/formula/aux/1015_19_KOMPLEKSNOGO]]/URI$. Полагая, что на $URI[[http://libmeta.ru/me/formula/aux/1015_20_KOMPLEKSNOGO]]/URI$ соответственно $URI[[http://libmeta.ru/me/formula/aux/1015_21_KOMPLEKSNOGO]]/URI$ и $URI[[http://libmeta.ru/me/formula/aux/1015_22_KOMPLEKSNOGO]]/URI$, легко расписать $URI[[http://libmeta.ru/me/formula/aux/1015_23_KOMPLEKSNOGO]]/URI$ в виде интегралов по действительным переменным:

$URI[[http://libmeta.ru/me/formula/aux/1015_24_KOMPLEKSNOGO]]/URI$.

В круге $URI[[http://libmeta.ru/me/formula/aux/1015_25_KOMPLEKSNOGO]]/URI$ будет $URI[[http://libmeta.ru/me/formula/aux/1015_26_KOMPLEKSNOGO]]/URI$. Поэтому второе слагаемое правой части этого равенства меньше, чем $URI[[http://libmeta.ru/me/formula/aux/1015_27_KOMPLEKSNOGO]]/URI$, что для любого фиксированного $URI[[http://libmeta.ru/me/formula/aux/1015_28_KOMPLEKSNOGO]]/URI$ с $URI[[http://libmeta.ru/me/formula/aux/1015_29_KOMPLEKSNOGO]]/URI$ стремится к нулю при $URI[[http://libmeta.ru/me/formula/aux/1015_30_KOMPLEKSNOGO]]/URI$. Следовательно, в силу формулы (1), $URI[[http://libmeta.ru/me/formula/aux/1015_31_KOMPLEKSNOGO]]/URI$ и

\[
URI[[http://libmeta.ru/me/formula/main/1015_4_KOMPLEKSNOGO]]/URI
\]

Эта формула, доказанная в предположении $URI[[http://libmeta.ru/me/formula/aux/1015_32_KOMPLEKSNOGO]]/URI$, дает продолжение функции $URI[[http://libmeta.ru/me/formula/aux/1015_33_KOMPLEKSNOGO]]/URI$ на всю плоскость. Из нее видно, что $URI[[http://libmeta.ru/me/formula/aux/1015_34_KOMPLEKSNOGO]]/URI$ является однозначной аналитич. функцией во всей плоскости $URI[[http://libmeta.ru/me/formula/aux/1015_35_KOMPLEKSNOGO]]/URI$, имеющей единственной особенностью простой полюс в точке $URI[[http://libmeta.ru/me/formula/aux/1015_36_KOMPLEKSNOGO]]/URI$ с вычетом 1 .

Для вывода функционального уравнения $URI[[http://libmeta.ru/me/formula/aux/1015_37_KOMPLEKSNOGO]]/URI$ предполагается, что $URI[[http://libmeta.ru/me/formula/aux/1015_38_KOMPLEKSNOGO]]/URI$ целое $URI[[http://libmeta.ru/me/formula/aux/1015_39_KOMPLEKSNOGO]]/URI$. Пусть

\[
URI[[http://libmeta.ru/me/formula/main/1015_5_KOMPLEKSNOGO]]/URI
\]

где $URI[[http://libmeta.ru/me/formula/aux/1015_40_KOMPLEKSNOGO]]/URI$ - контур, отличающийся от прежнего контура замыканием $URI[[http://libmeta.ru/me/formula/aux/1015_41_KOMPLEKSNOGO]]/URI$ дугой окружности радиуса $URI[[http://libmeta.ru/me/formula/aux/1015_42_KOMPLEKSNOGO]]/URI$ с центром в начале координат. Интеграл по внешней дуге контура $URI[[http://libmeta.ru/me/formula/aux/1015_43_KOMPLEKSNOGO]]/URI$ оценивается в виде $URI[[http://libmeta.ru/me/formula/aux/1015_44_KOMPLEKSNOGO]]/URI$, что при $URI[[http://libmeta.ru/me/formula/aux/1015_45_KOMPLEKSNOGO]]/URI$ стремится к нулю при $URI[[http://libmeta.ru/me/formula/aux/1015_46_KOMPLEKSNOGO]]/URI$. Отсюда, $URI[[http://libmeta.ru/me/formula/aux/1015_47_KOMPLEKSNOGO]]/URI$ при $URI[[http://libmeta.ru/me/formula/aux/1015_48_KOMPLEKSNOGO]]/URI$. С другой стороны по теореме о вычетах

\[
URI[[http://libmeta.ru/me/formula/main/1015_6_KOMPLEKSNOGO]]/URI
\]

Поэтому при $URI[[http://libmeta.ru/me/formula/aux/1015_49_KOMPLEKSNOGO]]/URI$

\[
URI[[http://libmeta.ru/me/formula/main/1015_7_KOMPLEKSNOGO]]/URI
\]

Это равенство в соединении с формулой (2) дает соотношение:

\[
URI[[http://libmeta.ru/me/formula/main/1015_8_KOMPLEKSNOGO]]/URI
\]

к-рое по теории аналитич. продолжения имеет место уже во всей плоскости $URI[[http://libmeta.ru/me/formula/aux/1015_50_KOMPLEKSNOGO]]/URI$ и наз. ф у п к ц п о н а л ьным ур а впениемд зета-функции Рим a $URI[[http://libmeta.ru/me/formula/aux/1015_51_KOMPLEKSNOGO]]/URI$ a.

К. и. м. играет большую роль в получении приближенных функциональных уравнений, к-рые лежат в основе современных оценок функций Дирихле (см. [4], [5]). К. и. м. является основным в исследованиях распределения нулей функций $URI[[http://libmeta.ru/me/formula/aux/1015_52_KOMPLEKSNOGO]]/URI$ и др. До недавнего времени здесь он применялся в форме известных теоремы Литлвуда о числе нулей в прямоугольнике регулярной при $URI[[http://libmeta.ru/me/formula/aux/1015_53_KOMPLEKSNOGO]]/URI$ функции $URI[[http://libmeta.ru/me/formula/aux/1015_54_KOMPLEKSNOGO]]/URI$ и теоремы Баклунда об $URI[[http://libmeta.ru/me/formula/aux/1015_55_KOMPLEKSNOGO]]/URI$, а также теорем о выпуклости средних значений аналитич. функций (см. [2]). В 1969 Х. Монтгомери (g. Montgomerie) [6] нашел новый прямой и более спльный путь использования К. и. м. для этих целей.

f. и. м. в приложениях к URI[[http://libmeta.ru/me/relation/1015_2_KOMPLEKSNOGO]]/URI чисел естественно возникает в связи с URI[[http://libmeta.ru/me/relation/1015_1_KOMPLEKSNOGO]]/URI суммирования коэффициентов рядов Дирихле (см. [2], [7]).</text>
  <text_orig>![](https://cdn.mathpix.com/cropped/2023_07_08_bc69fee54a794909c9f2g-1.jpg?height=42&amp;width=836&amp;top_left_y=1487&amp;top_left_x=123)
один из наиболее универсальных методов исследования и приложений дзета-бункций, L-функций, вообще, функций, определяемых рядами Дирихле.

К. и. м. в теорию чисел впервые ввел Б. Риман (B. Riemann) [1] в 1876 в связи с изучением свойств дзета-функции. Известные в настоящее время применения К. и. м., опирающиеся на теорему Коши о вычетах, теорему Фрагмена - Линделёфа для рядов Дирихле, метод перевала и т. п., весьма разнообразны по своей форме и содержанию. К. и. м. используется для аналитич. продолжения и вывода функциональных уравнений функций Дирихле; для вывода приближенных функциональных уравнений этих функций; для оценок числа их нетривиальных нулей и оценок плотности распределения таких нулей в той или иной части критической полосы; для получения асимптотич. формул и разного рода оценок важнейших арифметич. функций.

Классический вариант К. и. м. иллюстрируется нижеследующим примером аналитич. продолжения и вывода функционального уравнения дзета-функции Римана (см. [2], [3]). При $s=\sigma+i t, \sigma&gt;0, n&gt;0$

\[
n-s \Gamma(s)=n-s \int_{0}^{\infty} e^{-x} x^{s-1} d x=\int_{0}^{\infty} e^{-n x} x^{s-1} d x .
\]

После суммирования получается, что функция $\zeta(s)$, первоначально определенная рядом $\zeta(s)=\sum_{n=1}^{\infty} n-s$, при $\sigma&gt;1$, представляется также формулой

\[
\zeta(s)=\frac{1}{\Gamma(s)} \int_{0}^{\infty} \frac{x^{s-1}}{e^{x}-1} d x .
\]

Пусть рассматривается интеграл

\[
J(s)=\frac{1}{2 \pi i} \int_{C} \frac{z^{s-1}}{e^{-z}-1} d z
\]

взятый вдоль (бесконечного) контура $C=\alpha+\beta+\gamma$, где $\alpha, \gamma$ проходят по нижнему и верхнему краям разреза вдоль отрицательной действительной оси плоскости $z$, обходя начало координат по окружности $\beta$ радиуса $r&lt;2 \pi$. Интеграл $J(s)$ сходится при всех $s$ и притом равномерно в любом круге $|s|&lt;\Delta$, ибо на $\alpha$ и $\gamma$ подинтегральная функция меньше $e^{-0.5|z|}$ для всех $|x|&gt;$ $&gt;z_{0}(\Delta)$. По теореме Коши он не зависит от $r$ и, значит, представляет целую функцию $s$. Полагая, что на $\alpha, \beta, \gamma$ соответственно $z=\delta e^{-i \pi}, z=r e^{i \theta}, z=\delta e^{i \pi}$ и $f(z)=1 /\left(e^{z-1}\right)$, легко расписать $J(s)$ в виде интегралов по действительным переменным:

$\pi J(s)=\sin \pi s \int_{r}^{\infty} \delta^{s-1} f(-\delta) d \delta+\frac{r^{s}}{2} \int_{-\pi}^{\pi} e^{i \theta s} f\left(r e^{i \theta}\right) d \theta$.

В круге $|z|&lt;\pi$ будет $|z f(z)|&lt;A$. Поэтому второе слагаемое правой части этого равенства меньше, чем $2 \pi A r^{\sigma-1} e^{\pi|t|}$, что для любого фиксированного $s$ с $\sigma&gt;1$ стремится к нулю при $r \rightarrow 0$. Следовательно, в силу формулы (1), $\pi J(s)=\sin \pi s \Gamma(s) \zeta(s)$ и

\[
\zeta(s)=\frac{\pi J(s)}{\sin \pi s \Gamma(s)} \Gamma=(1-s) J(s)
\]

Эта формула, доказанная в предположении $\sigma&gt;1$, дает продолжение функции $\zeta(s)$ на всю плоскость. Из нее видно, что $\zeta(s)$ является однозначной аналитич. функцией во всей плоскости $s$, имеющей единственной особенностью простой полюс в точке $s=1$ с вычетом 1 .

Для вывода функционального уравнения $\zeta(s)$ предполагается, что $\sigma&lt;0, N-$ целое $&gt;4$. Пусть

\[
J_{N}(s)=\frac{1}{2 \pi i} \int_{C(N)} \frac{z^{s-1}}{e^{-z}-1} d z
\]

где $C(N)$ - контур, отличающийся от прежнего контура замыканием $\alpha, \gamma$ дугой окружности радиуса $\boldsymbol{R}=2 N+1$ с центром в начале координат. Интеграл по внешней дуге контура $C(N)$ оценивается в виде $A R^{\sigma} e^{\pi|t|}$, что при $\sigma&lt;0$ стремится к нулю при $N \rightarrow \infty$. Отсюда, $J_{N}(s) \rightarrow J(s)$ при $N \rightarrow \infty$. С другой стороны по теореме о вычетах

\[
\begin{aligned}
J_{N}(s) &amp; =\sum_{n=1}^{N}\left\{(2 \pi n i)^{s-1}+(-2 \pi i)^{s-1}\right\}= \\
&amp; =2(2 \pi)^{s-1} \sin \frac{\pi s}{2} \sum_{n=1}^{N} n^{s-1} .
\end{aligned}
\]

Поэтому при $\sigma&lt;0$

\[
J(s)=\lim J_{N}(s)=2(2 \pi)^{s-1} \sin \frac{\pi s}{2} \zeta(1-s) .
\]

Это равенство в соединении с формулой (2) дает соотношение:

\[
\zeta(1-s)=2(2 \pi)^{-s} \cos \frac{\pi s}{2} \Gamma(s) \zeta(s)
\]

к-рое по теории аналитич. продолжения имеет место уже во всей плоскости $s$ и наз. ф у п к ц п о н а л ьным ур а впениемд зета-функции Рим a $\boldsymbol{\text { н }}$ a.

К. и. м. играет большую роль в получении приближенных функциональных уравнений, к-рые лежат в основе современных оценок функций Дирихле (см. [4], [5]). К. и. м. является основным в исследованиях распределения нулей функций $\zeta(s), L(s, \chi)$ и др. До недавнего времени здесь он применялся в форме известных теоремы Литлвуда о числе нулей в прямоугольнике регулярной при $\sigma&gt;0$ функции $F(s)$ и теоремы Баклунда об $\arg F(s)$, а также теорем о выпуклости средних значений аналитич. функций (см. [2]). В 1969 Х. Монтгомери (G. Montgomerie) [6] нашел новый прямой и более спльный путь использования К. и. м. для этих целей.

f. и. м. в приложениях к теории чисел естественно возникает в связи с формулой суммирования коэффициентов рядов Дирихле (см. [2], [7]).

Jит.: [1] Р и м а н Б., Сочинения, пер. с нем., М.- Л., 1948; [2] Т и т ч м а р ш Е.. К., Теория дзета-функций Римана, пер. с англ., М., 1953; [3] П р а х а p К., Распределение простых чисел, пер. с нем., М., 1967; [4] Л а в р и к А. Ф., «Изв. АН СССР. Сер. матем.&quot;, 1967 , т. $31, N_{2} 2$, с. $431-42$; [5] &quot; е г о А е «Изв. АН СССP. Сер. матем.&quot;, 1968, т. 32, №1, с. $134-185$; [6] М о н т г о м е р и X., Мультипликативная теория чисел, пер. с англ., М., 1974; [7] К а р а ц у б а А. А., &quot;Изв. АН СССР. Cер. матем.», 1972, т. $36, ﹎{2} 3$, c. $475-83$.</text_orig>
</article>
