<?xml version="1.0" ?>
<article uri="http://libmeta.ru/me/article/1015_NEJaVNAJa" alphabetic_pos="1015">
  <title>НЕЯВНАЯ ФУНКЦКЯ</title>
  <authors/>
  <pages>
    <start>517</start>
    <end>519</end>
  </pages>
  <literature>
    <literature_orig>Лит.: [1] Ко ол мо горов А. Н., Фом и н С. В., Элементы теории функций и функционального анализа, 5 изд., М.,1981 ; [2] Ј ю с т е р н и к Л. А., С о б о л е в В. И., Эле$1981 ;$ [2] Л ю с т е р ни к Л. А., С о б о ле в В. И., Эле-менты функцонального анализа, 2 изд., М., 1965; [3] Н ик о л ь с к и й С. М., Курс математического анализа, 2 изд., т. $1-2$, М., $1975 ;$ [4] Ш в а р ц Л., Анализ, пер. с франц., т. 1,М., 1972; [5] И л ь и н В. А., П о з н я К Э. Г., Основы математического анализа, 3 изд., ч. 1, М., 1971.,м. Д. Кудрявчев.</literature_orig>
    <unit>
      <author>Коолмогоров А. Н.</author>
      <author>Фомин С. В.</author>
      <title>Элементы теории функций и функционального анализа</title>
      <publication>5 изд., М.</publication>
      <year>1981</year>
      <other/>
    </unit>
    <unit>
      <author>Јюстерник Л. А.</author>
      <author>Соболев В. И.</author>
      <author>Эле$1981;$[2]Люстерник Л. А.</author>
      <author>Соболев В. И.</author>
      <title>Эле-менты функцонального анализа</title>
      <publication>2 изд., М.</publication>
      <year>1965</year>
      <other/>
    </unit>
    <unit>
      <author>Никольский С. М.</author>
      <title>Курс математического анализа</title>
      <publication>2 изд., т. $1-2$, М.</publication>
      <year>1975</year>
      <other/>
    </unit>
    <unit>
      <author>Шварц Л.</author>
      <title>Анализ</title>
      <publication>пер. с франц., т. 1, М.</publication>
      <year>1972</year>
      <other/>
    </unit>
    <unit>
      <author>Ильин В. А.</author>
      <author>Позня К Э. Г.</author>
      <title>Основы математического анализа</title>
      <publication>3 изд., ч. 1, М.</publication>
      <year>1971</year>
      <other>м. Д. Кудрявчев.</other>
    </unit>
  </literature>
  <formulas_main>
    <formula uri="http://libmeta.ru/me/formula/main/1015_1_NEJaVNAJa">f:\left(x_{0}-\delta_{0}, x_{0}+\delta_{0}\right) \longrightarrow\left(y_{0}-\varepsilon, y_{0}+\varepsilon\right)</formula>
    <formula uri="http://libmeta.ru/me/formula/main/1015_2_NEJaVNAJa">\frac{d f\left(x_{0}\right)}{d x}=-\frac{F_{x}\left(x_{0}, y_{0}\right)}{F_{y}\left(x_{0}, y_{0}\right)} .</formula>
    <formula uri="http://libmeta.ru/me/formula/main/1015_3_NEJaVNAJa">\left.\frac{\partial\left(F_{1}, \ldots, F_{m}\right)}{\partial\left(y_{1}, \ldots, y_{m}\right)}\right|_{\left(x_{0}, y_{0}\right)} \neq 0,</formula>
    <formula uri="http://libmeta.ru/me/formula/main/1015_4_NEJaVNAJa">\frac{\partial \boldsymbol{F}_{k}}{\partial x_{i}}+\sum_{j=1}^{m} \frac{\partial \boldsymbol{F}_{k}}{\partial y_{j}} \frac{\partial f_{j}}{\partial x_{i}}=0,</formula>
    <formula uri="http://libmeta.ru/me/formula/main/1015_5_NEJaVNAJa">(x, y) \in W_{0}, \quad F(x, y)=0</formula>
    <formula uri="http://libmeta.ru/me/formula/main/1015_6_NEJaVNAJa">f(x) \in V \text { и } \boldsymbol{F}(x, f(x))=z_{\mathbf{0}} .</formula>
    <formula uri="http://libmeta.ru/me/formula/main/1015_7_NEJaVNAJa">F(x, y)=z_{0},</formula>
    <formula uri="http://libmeta.ru/me/formula/main/1015_8_NEJaVNAJa">f(x) \in V, \quad F(x, f(x))=z_{0} .</formula>
    <formula uri="http://libmeta.ru/me/formula/main/1015_9_NEJaVNAJa">f^{\prime}\left(x_{0}\right)=-F_{y}^{-1}\left(x_{0}, y_{0}\right) \circ F_{x}\left(x_{0}, y_{0}\right)</formula>
    <formula uri="http://libmeta.ru/me/formula/main/1015_10_NEJaVNAJa">F_{\boldsymbol{x}}\left(x_{0}, y_{0}\right)+F_{\boldsymbol{y}}\left(x_{0}, y_{0}\right) \circ f^{\prime}\left(x_{0}\right)=0 \in \mathscr{L}(\boldsymbol{X}, \boldsymbol{\eta})</formula>
  </formulas_main>
  <formulas_aux>
    <formula uri="http://libmeta.ru/me/formula/aux/1015_1_NEJaVNAJa">f: E \rightarrow Y</formula>
    <formula uri="http://libmeta.ru/me/formula/aux/1015_2_NEJaVNAJa">f(x, y)=z_{0}</formula>
    <formula uri="http://libmeta.ru/me/formula/aux/1015_3_NEJaVNAJa">f: X \times Y \rightarrow Z</formula>
    <formula uri="http://libmeta.ru/me/formula/aux/1015_4_NEJaVNAJa">x \in X, y \in Y, E \subset X, X, Y</formula>
    <formula uri="http://libmeta.ru/me/formula/aux/1015_5_NEJaVNAJa">z</formula>
    <formula uri="http://libmeta.ru/me/formula/aux/1015_6_NEJaVNAJa">f</formula>
    <formula uri="http://libmeta.ru/me/formula/aux/1015_7_NEJaVNAJa">x \in E</formula>
    <formula uri="http://libmeta.ru/me/formula/aux/1015_8_NEJaVNAJa">f(x, f(x))=z_{0}</formula>
    <formula uri="http://libmeta.ru/me/formula/aux/1015_9_NEJaVNAJa">x, Y</formula>
    <formula uri="http://libmeta.ru/me/formula/aux/1015_10_NEJaVNAJa">z-</formula>
    <formula uri="http://libmeta.ru/me/formula/aux/1015_11_NEJaVNAJa">\left(x_{0}, y_{0}\right) \in X \times Y</formula>
    <formula uri="http://libmeta.ru/me/formula/aux/1015_12_NEJaVNAJa">f\left(x_{0}, y_{0}\right)=z_{\hat{\imath}}</formula>
    <formula uri="http://libmeta.ru/me/formula/aux/1015_13_NEJaVNAJa">\left(x_{0}, y_{0}\right)</formula>
    <formula uri="http://libmeta.ru/me/formula/aux/1015_14_NEJaVNAJa">f(x, y)=z_{0}</formula>
    <formula uri="http://libmeta.ru/me/formula/aux/1015_15_NEJaVNAJa">ф</formula>
    <formula uri="http://libmeta.ru/me/formula/aux/1015_16_NEJaVNAJa">x</formula>
    <formula uri="http://libmeta.ru/me/formula/aux/1015_17_NEJaVNAJa">\boldsymbol{y}</formula>
    <formula uri="http://libmeta.ru/me/formula/aux/1015_18_NEJaVNAJa">\mathbb{r}</formula>
    <formula uri="http://libmeta.ru/me/formula/aux/1015_19_NEJaVNAJa">x_{0} \in X, y_{0} \in Y,\left(x_{0}, y_{0}\right)</formula>
    <formula uri="http://libmeta.ru/me/formula/aux/1015_20_NEJaVNAJa">x \times Y</formula>
    <formula uri="http://libmeta.ru/me/formula/aux/1015_21_NEJaVNAJa">f</formula>
    <formula uri="http://libmeta.ru/me/formula/aux/1015_22_NEJaVNAJa">\left(x_{0}, y_{0}\right), F\left(x_{0}, y_{0}\right)=0</formula>
    <formula uri="http://libmeta.ru/me/formula/aux/1015_23_NEJaVNAJa">\delta&gt;0</formula>
    <formula uri="http://libmeta.ru/me/formula/aux/1015_24_NEJaVNAJa">\varepsilon&gt;0</formula>
    <formula uri="http://libmeta.ru/me/formula/aux/1015_25_NEJaVNAJa">x \in\left(x_{0}-\delta, x_{0}+\delta\right)</formula>
    <formula uri="http://libmeta.ru/me/formula/aux/1015_26_NEJaVNAJa">f(x, y)</formula>
    <formula uri="http://libmeta.ru/me/formula/aux/1015_27_NEJaVNAJa">y</formula>
    <formula uri="http://libmeta.ru/me/formula/aux/1015_28_NEJaVNAJa">\left(y_{0}-\varepsilon, y_{0}+\varepsilon\right)</formula>
    <formula uri="http://libmeta.ru/me/formula/aux/1015_29_NEJaVNAJa">\delta_{0}&gt;0</formula>
    <formula uri="http://libmeta.ru/me/formula/aux/1015_30_NEJaVNAJa">f(x, f(x))=0</formula>
    <formula uri="http://libmeta.ru/me/formula/aux/1015_31_NEJaVNAJa">x \in\left(x_{0}-\delta_{0}, x_{0}+\delta_{0}\right)</formula>
    <formula uri="http://libmeta.ru/me/formula/aux/1015_32_NEJaVNAJa">f(x)</formula>
    <formula uri="http://libmeta.ru/me/formula/aux/1015_33_NEJaVNAJa">f\left(x_{0}\right)=y_{0}</formula>
    <formula uri="http://libmeta.ru/me/formula/aux/1015_34_NEJaVNAJa">f(x, y)</formula>
    <formula uri="http://libmeta.ru/me/formula/aux/1015_35_NEJaVNAJa">\left(x_{0}, y_{0}\right)</formula>
    <formula uri="http://libmeta.ru/me/formula/aux/1015_36_NEJaVNAJa">f_{y}</formula>
    <formula uri="http://libmeta.ru/me/formula/aux/1015_37_NEJaVNAJa">\left(x_{0}, y_{0}\right)</formula>
    <formula uri="http://libmeta.ru/me/formula/aux/1015_38_NEJaVNAJa">f\left(x_{0}, y_{0}\right)=0</formula>
    <formula uri="http://libmeta.ru/me/formula/aux/1015_39_NEJaVNAJa">f_{y}\left(x_{0}, y_{0}\right) \neq 0</formula>
    <formula uri="http://libmeta.ru/me/formula/aux/1015_40_NEJaVNAJa">f_{x}</formula>
    <formula uri="http://libmeta.ru/me/formula/aux/1015_41_NEJaVNAJa">\left(x_{0}, y_{0}\right)</formula>
    <formula uri="http://libmeta.ru/me/formula/aux/1015_42_NEJaVNAJa">f</formula>
    <formula uri="http://libmeta.ru/me/formula/aux/1015_43_NEJaVNAJa">x_{0}</formula>
    <formula uri="http://libmeta.ru/me/formula/aux/1015_44_NEJaVNAJa">f</formula>
    <formula uri="http://libmeta.ru/me/formula/aux/1015_45_NEJaVNAJa">\mathbb{r}^{n}</formula>
    <formula uri="http://libmeta.ru/me/formula/aux/1015_46_NEJaVNAJa">\mathbb{r}^{\boldsymbol{m}}</formula>
    <formula uri="http://libmeta.ru/me/formula/aux/1015_47_NEJaVNAJa">\boldsymbol{n}^{-}</formula>
    <formula uri="http://libmeta.ru/me/formula/aux/1015_48_NEJaVNAJa">\boldsymbol{m}</formula>
    <formula uri="http://libmeta.ru/me/formula/aux/1015_49_NEJaVNAJa">x=\left(x_{1}, \ldots, x_{n}\right)</formula>
    <formula uri="http://libmeta.ru/me/formula/aux/1015_50_NEJaVNAJa">\dot{y}=\left(y_{1}, \ldots, y_{m}\right)</formula>
    <formula uri="http://libmeta.ru/me/formula/aux/1015_51_NEJaVNAJa">f</formula>
    <formula uri="http://libmeta.ru/me/formula/aux/1015_52_NEJaVNAJa">w</formula>
    <formula uri="http://libmeta.ru/me/formula/aux/1015_53_NEJaVNAJa">\left(x_{0}, y_{0}\right) \in</formula>
    <formula uri="http://libmeta.ru/me/formula/aux/1015_54_NEJaVNAJa">\in \mathbb{R}^{n} \times \mathbb{R}^{m}, x_{0} \in \mathbb{R}^{n}, \quad y_{0} \in \mathbb{R}^{m}</formula>
    <formula uri="http://libmeta.ru/me/formula/aux/1015_55_NEJaVNAJa">\mathbb{r}^{m}</formula>
    <formula uri="http://libmeta.ru/me/formula/aux/1015_56_NEJaVNAJa">f_{i}</formula>
    <formula uri="http://libmeta.ru/me/formula/aux/1015_57_NEJaVNAJa">i=1,2, \ldots, m</formula>
    <formula uri="http://libmeta.ru/me/formula/aux/1015_58_NEJaVNAJa">n+m</formula>
    <formula uri="http://libmeta.ru/me/formula/aux/1015_59_NEJaVNAJa">x_{1}, \ldots, x_{n}, y_{1}, \ldots, y_{m}</formula>
    <formula uri="http://libmeta.ru/me/formula/aux/1015_60_NEJaVNAJa">f</formula>
    <formula uri="http://libmeta.ru/me/formula/aux/1015_61_NEJaVNAJa">f=</formula>
    <formula uri="http://libmeta.ru/me/formula/aux/1015_62_NEJaVNAJa">=\left(f_{1}, \ldots, F_{m}\right)</formula>
    <formula uri="http://libmeta.ru/me/formula/aux/1015_63_NEJaVNAJa">f</formula>
    <formula uri="http://libmeta.ru/me/formula/aux/1015_64_NEJaVNAJa">w, F\left(x_{0}, y_{0}\right)=0</formula>
    <formula uri="http://libmeta.ru/me/formula/aux/1015_65_NEJaVNAJa">u</formula>
    <formula uri="http://libmeta.ru/me/formula/aux/1015_66_NEJaVNAJa">v</formula>
    <formula uri="http://libmeta.ru/me/formula/aux/1015_67_NEJaVNAJa">x_{0}</formula>
    <formula uri="http://libmeta.ru/me/formula/aux/1015_68_NEJaVNAJa">y_{0}</formula>
    <formula uri="http://libmeta.ru/me/formula/aux/1015_69_NEJaVNAJa">\mathbb{r}^{n}</formula>
    <formula uri="http://libmeta.ru/me/formula/aux/1015_70_NEJaVNAJa">\mathbb{r}^{\boldsymbol{m}}, U \times V \subset W</formula>
    <formula uri="http://libmeta.ru/me/formula/aux/1015_71_NEJaVNAJa">f: U \rightarrow V</formula>
    <formula uri="http://libmeta.ru/me/formula/aux/1015_72_NEJaVNAJa">x \in U</formula>
    <formula uri="http://libmeta.ru/me/formula/aux/1015_73_NEJaVNAJa">f(x, f(x))=0 \in \mathbb{R}</formula>
    <formula uri="http://libmeta.ru/me/formula/aux/1015_74_NEJaVNAJa">f\left(x_{0}\right)=y_{0}</formula>
    <formula uri="http://libmeta.ru/me/formula/aux/1015_75_NEJaVNAJa">f</formula>
    <formula uri="http://libmeta.ru/me/formula/aux/1015_76_NEJaVNAJa">u</formula>
    <formula uri="http://libmeta.ru/me/formula/aux/1015_77_NEJaVNAJa">f=\left(f_{1}, \ldots, f_{m}\right)</formula>
    <formula uri="http://libmeta.ru/me/formula/aux/1015_78_NEJaVNAJa">\partial f_{j} / \partial x_{i}, i=1,2, \ldots, n, j=1,2, \ldots, m</formula>
    <formula uri="http://libmeta.ru/me/formula/aux/1015_79_NEJaVNAJa">m</formula>
    <formula uri="http://libmeta.ru/me/formula/aux/1015_80_NEJaVNAJa">k=1,2, \ldots, m, i</formula>
    <formula uri="http://libmeta.ru/me/formula/aux/1015_81_NEJaVNAJa">(i=1,2, \ldots, n)</formula>
    <formula uri="http://libmeta.ru/me/formula/aux/1015_82_NEJaVNAJa">u^{i}</formula>
    <formula uri="http://libmeta.ru/me/formula/aux/1015_83_NEJaVNAJa">w_{0}</formula>
    <formula uri="http://libmeta.ru/me/formula/aux/1015_84_NEJaVNAJa">x_{0}</formula>
    <formula uri="http://libmeta.ru/me/formula/aux/1015_85_NEJaVNAJa">\left(x_{0}, y_{0}\right)</formula>
    <formula uri="http://libmeta.ru/me/formula/aux/1015_86_NEJaVNAJa">\mathbb{r}^{n}</formula>
    <formula uri="http://libmeta.ru/me/formula/aux/1015_87_NEJaVNAJa">\mathbb{r}^{n} \times \mathbb{R}^{m}, W_{0} \subset W</formula>
    <formula uri="http://libmeta.ru/me/formula/aux/1015_88_NEJaVNAJa">f: U \rightarrow \mathbb{R}^{m}</formula>
    <formula uri="http://libmeta.ru/me/formula/aux/1015_89_NEJaVNAJa">x \in U</formula>
    <formula uri="http://libmeta.ru/me/formula/aux/1015_90_NEJaVNAJa">(x, f(x)) \in W_{0}</formula>
    <formula uri="http://libmeta.ru/me/formula/aux/1015_91_NEJaVNAJa">f(x, f(x))=0</formula>
    <formula uri="http://libmeta.ru/me/formula/aux/1015_92_NEJaVNAJa">x \in U, y=f(x)</formula>
    <formula uri="http://libmeta.ru/me/formula/aux/1015_93_NEJaVNAJa">f(x, y)=0</formula>
    <formula uri="http://libmeta.ru/me/formula/aux/1015_94_NEJaVNAJa">w_{0}</formula>
    <formula uri="http://libmeta.ru/me/formula/aux/1015_95_NEJaVNAJa">\left(x_{0}, y_{0}\right)</formula>
    <formula uri="http://libmeta.ru/me/formula/aux/1015_96_NEJaVNAJa">x</formula>
    <formula uri="http://libmeta.ru/me/formula/aux/1015_97_NEJaVNAJa">\boldsymbol{y}</formula>
    <formula uri="http://libmeta.ru/me/formula/aux/1015_98_NEJaVNAJa">\boldsymbol{z}-</formula>
    <formula uri="http://libmeta.ru/me/formula/aux/1015_99_NEJaVNAJa">\boldsymbol{y}</formula>
    <formula uri="http://libmeta.ru/me/formula/aux/1015_100_NEJaVNAJa">\boldsymbol{z}</formula>
    <formula uri="http://libmeta.ru/me/formula/aux/1015_101_NEJaVNAJa">\boldsymbol{y}</formula>
    <formula uri="http://libmeta.ru/me/formula/aux/1015_102_NEJaVNAJa">\mathscr{l}(\boldsymbol{y}, \boldsymbol{Z})</formula>
    <formula uri="http://libmeta.ru/me/formula/aux/1015_103_NEJaVNAJa">\boldsymbol{y}</formula>
    <formula uri="http://libmeta.ru/me/formula/aux/1015_104_NEJaVNAJa">z, W</formula>
    <formula uri="http://libmeta.ru/me/formula/aux/1015_105_NEJaVNAJa">x \times Y</formula>
    <formula uri="http://libmeta.ru/me/formula/aux/1015_106_NEJaVNAJa">\left(x_{0}, y_{0}\right) \in W, x_{0} \in X, y_{0} \in Y</formula>
    <formula uri="http://libmeta.ru/me/formula/aux/1015_107_NEJaVNAJa">f: W \rightarrow Z-</formula>
    <formula uri="http://libmeta.ru/me/formula/aux/1015_108_NEJaVNAJa">w</formula>
    <formula uri="http://libmeta.ru/me/formula/aux/1015_109_NEJaVNAJa">z</formula>
    <formula uri="http://libmeta.ru/me/formula/aux/1015_110_NEJaVNAJa">f\left(x_{0}, y_{0}\right)=z_{0}</formula>
    <formula uri="http://libmeta.ru/me/formula/aux/1015_111_NEJaVNAJa">x</formula>
    <formula uri="http://libmeta.ru/me/formula/aux/1015_112_NEJaVNAJa">(x, y) \subset W</formula>
    <formula uri="http://libmeta.ru/me/formula/aux/1015_113_NEJaVNAJa">f</formula>
    <formula uri="http://libmeta.ru/me/formula/aux/1015_114_NEJaVNAJa">\phi</formula>
    <formula uri="http://libmeta.ru/me/formula/aux/1015_115_NEJaVNAJa">f_{y} \in \mathscr{L}(\boldsymbol{Y}, \boldsymbol{Z})</formula>
    <formula uri="http://libmeta.ru/me/formula/aux/1015_116_NEJaVNAJa">f_{y}(x, y) \vdots W \rightarrow \mathscr{L}(\boldsymbol{Y}, \boldsymbol{Z})</formula>
    <formula uri="http://libmeta.ru/me/formula/aux/1015_117_NEJaVNAJa">w</formula>
    <formula uri="http://libmeta.ru/me/formula/aux/1015_118_NEJaVNAJa">\mathscr{l}(\boldsymbol{y}, \boldsymbol{Z})</formula>
    <formula uri="http://libmeta.ru/me/formula/aux/1015_119_NEJaVNAJa">f_{y}\left(x_{0}, y_{0}\right): \boldsymbol{Y} \rightarrow \boldsymbol{Z}</formula>
    <formula uri="http://libmeta.ru/me/formula/aux/1015_120_NEJaVNAJa">\mathscr{l}(\boldsymbol{y}, \boldsymbol{Z}))</formula>
    <formula uri="http://libmeta.ru/me/formula/aux/1015_121_NEJaVNAJa">x</formula>
    <formula uri="http://libmeta.ru/me/formula/aux/1015_122_NEJaVNAJa">y</formula>
    <formula uri="http://libmeta.ru/me/formula/aux/1015_123_NEJaVNAJa">u \subset X</formula>
    <formula uri="http://libmeta.ru/me/formula/aux/1015_124_NEJaVNAJa">v \subset Y, x_{0} \in U, y_{0} \in V</formula>
    <formula uri="http://libmeta.ru/me/formula/aux/1015_125_NEJaVNAJa">x \in U</formula>
    <formula uri="http://libmeta.ru/me/formula/aux/1015_126_NEJaVNAJa">y \in V</formula>
    <formula uri="http://libmeta.ru/me/formula/aux/1015_127_NEJaVNAJa">y=f(x)</formula>
    <formula uri="http://libmeta.ru/me/formula/aux/1015_128_NEJaVNAJa">y=f(x)</formula>
    <formula uri="http://libmeta.ru/me/formula/aux/1015_129_NEJaVNAJa">u</formula>
    <formula uri="http://libmeta.ru/me/formula/aux/1015_130_NEJaVNAJa">v</formula>
    <formula uri="http://libmeta.ru/me/formula/aux/1015_131_NEJaVNAJa">y_{0}=f\left(x_{0}\right)</formula>
    <formula uri="http://libmeta.ru/me/formula/aux/1015_132_NEJaVNAJa">x</formula>
    <formula uri="http://libmeta.ru/me/formula/aux/1015_133_NEJaVNAJa">f: x \mapsto y</formula>
    <formula uri="http://libmeta.ru/me/formula/aux/1015_134_NEJaVNAJa">x, Y, Z-</formula>
    <formula uri="http://libmeta.ru/me/formula/aux/1015_135_NEJaVNAJa">w</formula>
    <formula uri="http://libmeta.ru/me/formula/aux/1015_136_NEJaVNAJa">x \times Y, F: W \rightarrow Z, F\left(x_{0}, y_{0}\right)=z_{0}</formula>
    <formula uri="http://libmeta.ru/me/formula/aux/1015_137_NEJaVNAJa">x_{0} \in X, y_{0} \in Y</formula>
    <formula uri="http://libmeta.ru/me/formula/aux/1015_138_NEJaVNAJa">f-</formula>
    <formula uri="http://libmeta.ru/me/formula/aux/1015_139_NEJaVNAJa">u</formula>
    <formula uri="http://libmeta.ru/me/formula/aux/1015_140_NEJaVNAJa">x_{0}</formula>
    <formula uri="http://libmeta.ru/me/formula/aux/1015_141_NEJaVNAJa">v</formula>
    <formula uri="http://libmeta.ru/me/formula/aux/1015_142_NEJaVNAJa">y, U \times V \subset W</formula>
    <formula uri="http://libmeta.ru/me/formula/aux/1015_143_NEJaVNAJa">x \in U</formula>
    <formula uri="http://libmeta.ru/me/formula/aux/1015_144_NEJaVNAJa">f</formula>
    <formula uri="http://libmeta.ru/me/formula/aux/1015_145_NEJaVNAJa">x_{0}</formula>
    <formula uri="http://libmeta.ru/me/formula/aux/1015_146_NEJaVNAJa">f\left(x_{0}\right)=y_{0}</formula>
    <formula uri="http://libmeta.ru/me/formula/aux/1015_147_NEJaVNAJa">f</formula>
    <formula uri="http://libmeta.ru/me/formula/aux/1015_148_NEJaVNAJa">\left(x_{0}, y_{0}\right)</formula>
    <formula uri="http://libmeta.ru/me/formula/aux/1015_149_NEJaVNAJa">f_{\boldsymbol{x}}\left(x_{0}, y_{0}\right)</formula>
    <formula uri="http://libmeta.ru/me/formula/aux/1015_150_NEJaVNAJa">f_{y}\left(x_{0}, y_{0}\right)</formula>
    <formula uri="http://libmeta.ru/me/formula/aux/1015_151_NEJaVNAJa">\boldsymbol{x}</formula>
    <formula uri="http://libmeta.ru/me/formula/aux/1015_152_NEJaVNAJa">\boldsymbol{y}</formula>
    <formula uri="http://libmeta.ru/me/formula/aux/1015_153_NEJaVNAJa">x</formula>
    <formula uri="http://libmeta.ru/me/formula/aux/1015_154_NEJaVNAJa">y</formula>
    <formula uri="http://libmeta.ru/me/formula/aux/1015_155_NEJaVNAJa">z</formula>
    <formula uri="http://libmeta.ru/me/formula/aux/1015_156_NEJaVNAJa">z</formula>
    <formula uri="http://libmeta.ru/me/formula/aux/1015_157_NEJaVNAJa">f_{y}\left(x_{0}, y_{0}\right)</formula>
    <formula uri="http://libmeta.ru/me/formula/aux/1015_158_NEJaVNAJa">\mathscr{l}(\boldsymbol{y}, \boldsymbol{Z})</formula>
    <formula uri="http://libmeta.ru/me/formula/aux/1015_159_NEJaVNAJa">f</formula>
    <formula uri="http://libmeta.ru/me/formula/aux/1015_160_NEJaVNAJa">x_{0}</formula>
    <formula uri="http://libmeta.ru/me/formula/aux/1015_161_NEJaVNAJa">f_{y}^{-1}\left(x_{0}, y_{0}\right)</formula>
    <formula uri="http://libmeta.ru/me/formula/aux/1015_162_NEJaVNAJa">f: W \rightarrow Z</formula>
    <formula uri="http://libmeta.ru/me/formula/aux/1015_163_NEJaVNAJa">w</formula>
    <formula uri="http://libmeta.ru/me/formula/aux/1015_164_NEJaVNAJa">f: U \rightarrow V</formula>
    <formula uri="http://libmeta.ru/me/formula/aux/1015_165_NEJaVNAJa">u, U \times V \subset W</formula>
    <formula uri="http://libmeta.ru/me/formula/aux/1015_166_NEJaVNAJa">x \in U</formula>
    <formula uri="http://libmeta.ru/me/formula/aux/1015_167_NEJaVNAJa">f_{y}(x, f(x))</formula>
    <formula uri="http://libmeta.ru/me/formula/aux/1015_168_NEJaVNAJa">\mathscr{l}(\boldsymbol{y}, \boldsymbol{Z})</formula>
    <formula uri="http://libmeta.ru/me/formula/aux/1015_169_NEJaVNAJa">f</formula>
    <formula uri="http://libmeta.ru/me/formula/aux/1015_170_NEJaVNAJa">l^{\top}</formula>
    <formula uri="http://libmeta.ru/me/formula/aux/1015_171_NEJaVNAJa">v</formula>
    <formula uri="http://libmeta.ru/me/formula/aux/1015_172_NEJaVNAJa">z</formula>
    <formula uri="http://libmeta.ru/me/formula/aux/1015_173_NEJaVNAJa">f: W \rightarrow Z</formula>
    <formula uri="http://libmeta.ru/me/formula/aux/1015_174_NEJaVNAJa">w, F\left(x_{0}, y_{0}\right)=z_{0}</formula>
    <formula uri="http://libmeta.ru/me/formula/aux/1015_175_NEJaVNAJa">f_{y}\left(x_{0}, y_{0}\right)</formula>
    <formula uri="http://libmeta.ru/me/formula/aux/1015_176_NEJaVNAJa">\mathscr{l}(\boldsymbol{y}, \boldsymbol{Z})</formula>
    <formula uri="http://libmeta.ru/me/formula/aux/1015_177_NEJaVNAJa">\left(x_{0}, y_{0}\right)</formula>
    <formula uri="http://libmeta.ru/me/formula/aux/1015_178_NEJaVNAJa">u</formula>
    <formula uri="http://libmeta.ru/me/formula/aux/1015_179_NEJaVNAJa">v</formula>
    <formula uri="http://libmeta.ru/me/formula/aux/1015_180_NEJaVNAJa">x_{0}</formula>
    <formula uri="http://libmeta.ru/me/formula/aux/1015_181_NEJaVNAJa">y_{0}</formula>
    <formula uri="http://libmeta.ru/me/formula/aux/1015_182_NEJaVNAJa">x</formula>
    <formula uri="http://libmeta.ru/me/formula/aux/1015_183_NEJaVNAJa">y, U \times V \subset W</formula>
    <formula uri="http://libmeta.ru/me/formula/aux/1015_184_NEJaVNAJa">f: U \rightarrow V</formula>
    <formula uri="http://libmeta.ru/me/formula/aux/1015_185_NEJaVNAJa">f</formula>
    <formula uri="http://libmeta.ru/me/formula/aux/1015_186_NEJaVNAJa">u</formula>
    <formula uri="http://libmeta.ru/me/formula/aux/1015_187_NEJaVNAJa">f: W \rightarrow Z</formula>
    <formula uri="http://libmeta.ru/me/formula/aux/1015_188_NEJaVNAJa">w</formula>
    <formula uri="http://libmeta.ru/me/formula/aux/1015_189_NEJaVNAJa">\left(x_{0}, y_{0}\right) k</formula>
    <formula uri="http://libmeta.ru/me/formula/aux/1015_190_NEJaVNAJa">(k=1,2, \ldots)</formula>
    <formula uri="http://libmeta.ru/me/formula/aux/1015_191_NEJaVNAJa">f: U \rightarrow V</formula>
    <formula uri="http://libmeta.ru/me/formula/aux/1015_192_NEJaVNAJa">k</formula>
  </formulas_aux>
  <relations n="27">
    <relation uri="http://libmeta.ru/me/relation/1015_1_NEJaVNAJa">
      <rel_text>теорема</rel_text>
      <target>http://libmeta.ru/me/article/381_TEORI</target>
    </relation>
    <relation uri="http://libmeta.ru/me/relation/1015_2_NEJaVNAJa">
      <rel_text>дифференциальных</rel_text>
      <target>http://libmeta.ru/me/article/302_DIFFERENTsIROVANI</target>
    </relation>
    <relation uri="http://libmeta.ru/me/relation/1015_3_NEJaVNAJa">
      <rel_text>теоремы</rel_text>
      <target>http://libmeta.ru/me/article/381_TEORI</target>
    </relation>
    <relation uri="http://libmeta.ru/me/relation/1015_4_NEJaVNAJa">
      <rel_text>функция</rel_text>
      <target>http://libmeta.ru/me/article/790_FUNKTO</target>
    </relation>
    <relation uri="http://libmeta.ru/me/relation/1015_5_NEJaVNAJa">
      <rel_text>переменными</rel_text>
      <target>http://libmeta.ru/me/article/222_PEREGÓROD</target>
    </relation>
    <relation uri="http://libmeta.ru/me/relation/1015_6_NEJaVNAJa">
      <rel_text>уравнения</rel_text>
      <target>http://libmeta.ru/me/article/106_URAVNENI</target>
    </relation>
    <relation uri="http://libmeta.ru/me/relation/1015_7_NEJaVNAJa">
      <rel_text>теоремы</rel_text>
      <target>http://libmeta.ru/me/article/381_TEORI</target>
    </relation>
    <relation uri="http://libmeta.ru/me/relation/1015_8_NEJaVNAJa">
      <rel_text>представляет</rel_text>
      <target>http://libmeta.ru/me/article/3_PREDSTAVLENI</target>
    </relation>
    <relation uri="http://libmeta.ru/me/relation/1015_9_NEJaVNAJa">
      <rel_text>пространств</rel_text>
      <target>http://libmeta.ru/me/article/748_PROSTRANSTV</target>
    </relation>
    <relation uri="http://libmeta.ru/me/relation/1015_10_NEJaVNAJa">
      <rel_text>нормированных</rel_text>
      <target>http://libmeta.ru/me/article/1034_NORMALIZATO</target>
    </relation>
    <relation uri="http://libmeta.ru/me/relation/1015_11_NEJaVNAJa">
      <rel_text>теорема</rel_text>
      <target>http://libmeta.ru/me/article/381_TEORI</target>
    </relation>
    <relation uri="http://libmeta.ru/me/relation/1015_12_NEJaVNAJa">
      <rel_text>диффиеренцируемо</rel_text>
      <target>http://libmeta.ru/me/article/302_DIFFERENTsIROVANI</target>
    </relation>
    <relation uri="http://libmeta.ru/me/relation/1015_13_NEJaVNAJa">
      <rel_text>отображение</rel_text>
      <target>http://libmeta.ru/me/article/128_OTOBRAZhENI</target>
    </relation>
    <relation uri="http://libmeta.ru/me/relation/1015_14_NEJaVNAJa">
      <rel_text>пространствах</rel_text>
      <target>http://libmeta.ru/me/article/748_PROSTRANSTV</target>
    </relation>
    <relation uri="http://libmeta.ru/me/relation/1015_15_NEJaVNAJa">
      <rel_text>уравнение</rel_text>
      <target>http://libmeta.ru/me/article/106_URAVNENI</target>
    </relation>
    <relation uri="http://libmeta.ru/me/relation/1015_16_NEJaVNAJa">
      <rel_text>пространства</rel_text>
      <target>http://libmeta.ru/me/article/748_PROSTRANSTV</target>
    </relation>
    <relation uri="http://libmeta.ru/me/relation/1015_17_NEJaVNAJa">
      <rel_text>частная производпая</rel_text>
      <target>http://libmeta.ru/me/article/961_ChASTNAJa</target>
    </relation>
    <relation uri="http://libmeta.ru/me/relation/1015_18_NEJaVNAJa">
      <rel_text>отображение</rel_text>
      <target>http://libmeta.ru/me/article/128_OTOBRAZhENI</target>
    </relation>
    <relation uri="http://libmeta.ru/me/relation/1015_19_NEJaVNAJa">
      <rel_text>пространство</rel_text>
      <target>http://libmeta.ru/me/article/748_PROSTRANSTV</target>
    </relation>
    <relation uri="http://libmeta.ru/me/relation/1015_20_NEJaVNAJa">
      <rel_text>производной</rel_text>
      <target>http://libmeta.ru/me/article/1045_PROIZVODNA</target>
    </relation>
    <relation uri="http://libmeta.ru/me/relation/1015_21_NEJaVNAJa">
      <rel_text>непрерывности</rel_text>
      <target>http://libmeta.ru/me/article/957_NEPRERYVNOST</target>
    </relation>
    <relation uri="http://libmeta.ru/me/relation/1015_22_NEJaVNAJa">
      <rel_text>отображение</rel_text>
      <target>http://libmeta.ru/me/article/128_OTOBRAZhENI</target>
    </relation>
    <relation uri="http://libmeta.ru/me/relation/1015_23_NEJaVNAJa">
      <rel_text>дифференцируемое</rel_text>
      <target>http://libmeta.ru/me/article/302_DIFFERENTsIROVANI</target>
    </relation>
    <relation uri="http://libmeta.ru/me/relation/1015_24_NEJaVNAJa">
      <rel_text>отображение</rel_text>
      <target>http://libmeta.ru/me/article/128_OTOBRAZhENI</target>
    </relation>
    <relation uri="http://libmeta.ru/me/relation/1015_25_NEJaVNAJa">
      <rel_text>пространства</rel_text>
      <target>http://libmeta.ru/me/article/748_PROSTRANSTV</target>
    </relation>
    <relation uri="http://libmeta.ru/me/relation/1015_26_NEJaVNAJa">
      <rel_text>частная производная</rel_text>
      <target>http://libmeta.ru/me/article/961_ChASTNAJa</target>
    </relation>
    <relation uri="http://libmeta.ru/me/relation/1015_27_NEJaVNAJa">
      <rel_text>отображение</rel_text>
      <target>http://libmeta.ru/me/article/128_OTOBRAZhENI</target>
    </relation>
  </relations>
  <text>функция $URI[[http://libmeta.ru/me/formula/aux/1015_1_NEJaVNAJa]]/URI$, заданная уравнением $URI[[http://libmeta.ru/me/formula/aux/1015_2_NEJaVNAJa]]/URI$, где $URI[[http://libmeta.ru/me/formula/aux/1015_3_NEJaVNAJa]]/URI$, $URI[[http://libmeta.ru/me/formula/aux/1015_4_NEJaVNAJa]]/URI$ п $URI[[http://libmeta.ru/me/formula/aux/1015_5_NEJaVNAJa]]/URI$ - нек-рые множества, т. е. такая функция $URI[[http://libmeta.ru/me/formula/aux/1015_6_NEJaVNAJa]]/URI$, что при любом $URI[[http://libmeta.ru/me/formula/aux/1015_7_NEJaVNAJa]]/URI$ пмеет место $URI[[http://libmeta.ru/me/formula/aux/1015_8_NEJaVNAJa]]/URI$. Если $URI[[http://libmeta.ru/me/formula/aux/1015_9_NEJaVNAJa]]/URI$ и $URI[[http://libmeta.ru/me/formula/aux/1015_10_NEJaVNAJa]]/URI$ топологич. пространства и для нек-рой точки $URI[[http://libmeta.ru/me/formula/aux/1015_11_NEJaVNAJa]]/URI$ выполняется условие $URI[[http://libmeta.ru/me/formula/aux/1015_12_NEJaVNAJa]]/URI$, то при определенных условиях в нек-рой окрестности точки $URI[[http://libmeta.ru/me/formula/aux/1015_13_NEJaVNAJa]]/URI$ уравнение $URI[[http://libmeta.ru/me/formula/aux/1015_14_NEJaVNAJa]]/URI$ однозначно разрешимо относительно одной из переменных. Свойства решения этого уравнения описываются теоремами о Н. $URI[[http://libmeta.ru/me/formula/aux/1015_15_NEJaVNAJa]]/URI$.

Простейшая теорема о Н. ф. состоит в следуюгцем. Пусть $URI[[http://libmeta.ru/me/formula/aux/1015_16_NEJaVNAJa]]/URI$ и $URI[[http://libmeta.ru/me/formula/aux/1015_17_NEJaVNAJa]]/URI$ - подмножества числовой прямой $URI[[http://libmeta.ru/me/formula/aux/1015_18_NEJaVNAJa]]/URI$, $URI[[http://libmeta.ru/me/formula/aux/1015_19_NEJaVNAJa]]/URI$ - внутренняя точка множества $URI[[http://libmeta.ru/me/formula/aux/1015_20_NEJaVNAJa]]/URI$ на плоскости; тогда если функция $URI[[http://libmeta.ru/me/formula/aux/1015_21_NEJaVNAJa]]/URI$ непрерывна в нек-рой окрестности точки $URI[[http://libmeta.ru/me/formula/aux/1015_22_NEJaVNAJa]]/URI$ и существуют такие $URI[[http://libmeta.ru/me/formula/aux/1015_23_NEJaVNAJa]]/URI$ и $URI[[http://libmeta.ru/me/formula/aux/1015_24_NEJaVNAJa]]/URI$, что при любом фиксірованном $URI[[http://libmeta.ru/me/formula/aux/1015_25_NEJaVNAJa]]/URI$ функция $URI[[http://libmeta.ru/me/formula/aux/1015_26_NEJaVNAJa]]/URI$ как функция переменного $URI[[http://libmeta.ru/me/formula/aux/1015_27_NEJaVNAJa]]/URI$ строго монотонна на интервале

![](https://cdn.mathpix.com/cropped/2023_07_08_ba7c3b7565325c89f830g-1.jpg?height=454&amp;width=563&amp;top_left_y=1507&amp;top_left_x=1123)

$URI[[http://libmeta.ru/me/formula/aux/1015_28_NEJaVNAJa]]/URI$, то найдется такое $URI[[http://libmeta.ru/me/formula/aux/1015_29_NEJaVNAJa]]/URI$, что существует и прптом единственная функция

\[
URI[[http://libmeta.ru/me/formula/main/1015_1_NEJaVNAJa]]/URI
\]

такая, что $URI[[http://libmeta.ru/me/formula/aux/1015_30_NEJaVNAJa]]/URI$ для всех $URI[[http://libmeta.ru/me/formula/aux/1015_31_NEJaVNAJa]]/URI$, причем функция $URI[[http://libmeta.ru/me/formula/aux/1015_32_NEJaVNAJa]]/URI$ непрерывна и $URI[[http://libmeta.ru/me/formula/aux/1015_33_NEJaVNAJa]]/URI$. Условия этой теоремы выполняются, если функция $URI[[http://libmeta.ru/me/formula/aux/1015_34_NEJaVNAJa]]/URI$ нешрерывна в окрестностиг точки $URI[[http://libmeta.ru/me/formula/aux/1015_35_NEJaVNAJa]]/URI$, существует частная производная $URI[[http://libmeta.ru/me/formula/aux/1015_36_NEJaVNAJa]]/URI$, непрерывная в точке $URI[[http://libmeta.ru/me/formula/aux/1015_37_NEJaVNAJa]]/URI$, $URI[[http://libmeta.ru/me/formula/aux/1015_38_NEJaVNAJa]]/URI$, а $URI[[http://libmeta.ru/me/formula/aux/1015_39_NEJaVNAJa]]/URI$. Если, кроме гого, существует и частная производная $URI[[http://libmeta.ru/me/formula/aux/1015_40_NEJaVNAJa]]/URI$, также непрерывная в точке $URI[[http://libmeta.ru/me/formula/aux/1015_41_NEJaVNAJa]]/URI$, то Н. ф. $URI[[http://libmeta.ru/me/formula/aux/1015_42_NEJaVNAJa]]/URI$ диффференцируема в точке $URI[[http://libmeta.ru/me/formula/aux/1015_43_NEJaVNAJa]]/URI$, причем

\[
URI[[http://libmeta.ru/me/formula/main/1015_2_NEJaVNAJa]]/URI
\]

Эта теорема обобщается на случай системы уравнений, т. е. когда $URI[[http://libmeta.ru/me/formula/aux/1015_44_NEJaVNAJa]]/URI$ является векторной функцией. Пусть $URI[[http://libmeta.ru/me/formula/aux/1015_45_NEJaVNAJa]]/URI$ и $URI[[http://libmeta.ru/me/formula/aux/1015_46_NEJaVNAJa]]/URI$ суть $URI[[http://libmeta.ru/me/formula/aux/1015_47_NEJaVNAJa]]/URI$и $URI[[http://libmeta.ru/me/formula/aux/1015_48_NEJaVNAJa]]/URI$-мерные евклидовы пространства с фиксированными системами координат, точки к-рых соответственно $URI[[http://libmeta.ru/me/formula/aux/1015_49_NEJaVNAJa]]/URI$ и $URI[[http://libmeta.ru/me/formula/aux/1015_50_NEJaVNAJa]]/URI$. Пусть $URI[[http://libmeta.ru/me/formula/aux/1015_51_NEJaVNAJa]]/URI$ отображает нек-руюо окрестность $URI[[http://libmeta.ru/me/formula/aux/1015_52_NEJaVNAJa]]/URI$ точки $URI[[http://libmeta.ru/me/formula/aux/1015_53_NEJaVNAJa]]/URI$ $URI[[http://libmeta.ru/me/formula/aux/1015_54_NEJaVNAJa]]/URI$, в пространство $URI[[http://libmeta.ru/me/formula/aux/1015_55_NEJaVNAJa]]/URI$ и $URI[[http://libmeta.ru/me/formula/aux/1015_56_NEJaVNAJa]]/URI$, $URI[[http://libmeta.ru/me/formula/aux/1015_57_NEJaVNAJa]]/URI$,- координатные функции (от $URI[[http://libmeta.ru/me/formula/aux/1015_58_NEJaVNAJa]]/URI$ переменных $URI[[http://libmeta.ru/me/formula/aux/1015_59_NEJaVNAJa]]/URI$ ) отображения $URI[[http://libmeta.ru/me/formula/aux/1015_60_NEJaVNAJa]]/URI$, т. е. $URI[[http://libmeta.ru/me/formula/aux/1015_61_NEJaVNAJa]]/URI$ $URI[[http://libmeta.ru/me/formula/aux/1015_62_NEJaVNAJa]]/URI$. Если отображение $URI[[http://libmeta.ru/me/formula/aux/1015_63_NEJaVNAJa]]/URI$ диффференцируемо на $URI[[http://libmeta.ru/me/formula/aux/1015_64_NEJaVNAJa]]/URI$, а якобиан

\[
URI[[http://libmeta.ru/me/formula/main/1015_3_NEJaVNAJa]]/URI
\]

то существуют окрестности $URI[[http://libmeta.ru/me/formula/aux/1015_65_NEJaVNAJa]]/URI$ и $URI[[http://libmeta.ru/me/formula/aux/1015_66_NEJaVNAJa]]/URI$ точек $URI[[http://libmeta.ru/me/formula/aux/1015_67_NEJaVNAJa]]/URI$ и $URI[[http://libmeta.ru/me/formula/aux/1015_68_NEJaVNAJa]]/URI$ соответственно в пространствах $URI[[http://libmeta.ru/me/formula/aux/1015_69_NEJaVNAJa]]/URI$ и $URI[[http://libmeta.ru/me/formula/aux/1015_70_NEJaVNAJa]]/URI$ и единственное отображение $URI[[http://libmeta.ru/me/formula/aux/1015_71_NEJaVNAJa]]/URI$ такие, что для всех $URI[[http://libmeta.ru/me/formula/aux/1015_72_NEJaVNAJa]]/URI$ выполняется условие $URI[[http://libmeta.ru/me/formula/aux/1015_73_NEJaVNAJa]]/URI$. При этом $URI[[http://libmeta.ru/me/formula/aux/1015_74_NEJaVNAJa]]/URI$, отображение $URI[[http://libmeta.ru/me/formula/aux/1015_75_NEJaVNAJa]]/URI$ дифференцируемо на $URI[[http://libmeta.ru/me/formula/aux/1015_76_NEJaVNAJa]]/URI$, а если $URI[[http://libmeta.ru/me/formula/aux/1015_77_NEJaVNAJa]]/URI$, то явное выражение для частных производных $URI[[http://libmeta.ru/me/formula/aux/1015_78_NEJaVNAJa]]/URI$, находится из системы $URI[[http://libmeta.ru/me/formula/aux/1015_79_NEJaVNAJa]]/URI$ линейных относительно әтпх производных уравнений

\[
URI[[http://libmeta.ru/me/formula/main/1015_4_NEJaVNAJa]]/URI
\]

$URI[[http://libmeta.ru/me/formula/aux/1015_80_NEJaVNAJa]]/URI$ ұंпксировано $URI[[http://libmeta.ru/me/formula/aux/1015_81_NEJaVNAJa]]/URI$. Иногда основное утверждение теоремы формулируется следующим образом: существуют окрес'гости $URI[[http://libmeta.ru/me/formula/aux/1015_82_NEJaVNAJa]]/URI$ и $URI[[http://libmeta.ru/me/formula/aux/1015_83_NEJaVNAJa]]/URI$ точек $URI[[http://libmeta.ru/me/formula/aux/1015_84_NEJaVNAJa]]/URI$ и $URI[[http://libmeta.ru/me/formula/aux/1015_85_NEJaVNAJa]]/URI$ в пространствах $URI[[http://libmeta.ru/me/formula/aux/1015_86_NEJaVNAJa]]/URI$ и $URI[[http://libmeta.ru/me/formula/aux/1015_87_NEJaVNAJa]]/URI$, и единственное отображение $URI[[http://libmeta.ru/me/formula/aux/1015_88_NEJaVNAJa]]/URI$ такие, что для всех $URI[[http://libmeta.ru/me/formula/aux/1015_89_NEJaVNAJa]]/URI$ выполняются условия $URI[[http://libmeta.ru/me/formula/aux/1015_90_NEJaVNAJa]]/URI$, $URI[[http://libmeta.ru/me/formula/aux/1015_91_NEJaVNAJa]]/URI$. Иначе говоря, условия

\[
URI[[http://libmeta.ru/me/formula/main/1015_5_NEJaVNAJa]]/URI
\]

равносильны условиям $URI[[http://libmeta.ru/me/formula/aux/1015_92_NEJaVNAJa]]/URI$. В этом случае говорят, что уравнение $URI[[http://libmeta.ru/me/formula/aux/1015_93_NEJaVNAJa]]/URI$ однозвачно разрешимо в окрестности $URI[[http://libmeta.ru/me/formula/aux/1015_94_NEJaVNAJa]]/URI$ точки $URI[[http://libmeta.ru/me/formula/aux/1015_95_NEJaVNAJa]]/URI$.

Сформулированная классич. теорема о Н. ф. обобщается на случай более обших пространств следующим образом. Пусть $URI[[http://libmeta.ru/me/formula/aux/1015_96_NEJaVNAJa]]/URI$ - топологич. пространство, $URI[[http://libmeta.ru/me/formula/aux/1015_97_NEJaVNAJa]]/URI$ и $URI[[http://libmeta.ru/me/formula/aux/1015_98_NEJaVNAJa]]/URI$ аффинные нормированные пространства над полем действительных или комплексных чисел, т. е. аффинные пространства над указанными полями, к-рым сопоставлены соответственно нормированные векторные пространства $URI[[http://libmeta.ru/me/formula/aux/1015_99_NEJaVNAJa]]/URI$ и $URI[[http://libmeta.ru/me/formula/aux/1015_100_NEJaVNAJa]]/URI$, причем $URI[[http://libmeta.ru/me/formula/aux/1015_101_NEJaVNAJa]]/URI$ - полное пространство, $URI[[http://libmeta.ru/me/formula/aux/1015_102_NEJaVNAJa]]/URI$ - множество линейных непрерывных отображений пространства $URI[[http://libmeta.ru/me/formula/aux/1015_103_NEJaVNAJa]]/URI$ е пространство $URI[[http://libmeta.ru/me/formula/aux/1015_104_NEJaVNAJa]]/URI$ - открытое множество в произведении пространств $URI[[http://libmeta.ru/me/formula/aux/1015_105_NEJaVNAJa]]/URI$ и $URI[[http://libmeta.ru/me/formula/aux/1015_106_NEJaVNAJa]]/URI$.

Пусть $URI[[http://libmeta.ru/me/formula/aux/1015_107_NEJaVNAJa]]/URI$ непрерывное отображение $URI[[http://libmeta.ru/me/formula/aux/1015_108_NEJaVNAJa]]/URI$ в $URI[[http://libmeta.ru/me/formula/aux/1015_109_NEJaVNAJa]]/URI$ и $URI[[http://libmeta.ru/me/formula/aux/1015_110_NEJaVNAJa]]/URI$. Если при каждом фиксированном $URI[[http://libmeta.ru/me/formula/aux/1015_111_NEJaVNAJa]]/URI$ и $URI[[http://libmeta.ru/me/formula/aux/1015_112_NEJaVNAJa]]/URI$ отображение $URI[[http://libmeta.ru/me/formula/aux/1015_113_NEJaVNAJa]]/URI$ имеет частную $URI[[http://libmeta.ru/me/formula/aux/1015_114_NEJaVNAJa]]/URI$ реше производную $URI[[http://libmeta.ru/me/formula/aux/1015_115_NEJaVNAJa]]/URI$, причем $URI[[http://libmeta.ru/me/formula/aux/1015_116_NEJaVNAJa]]/URI$ являстся непрерывным отображением $URI[[http://libmeta.ru/me/formula/aux/1015_117_NEJaVNAJa]]/URI$ в $URI[[http://libmeta.ru/me/formula/aux/1015_118_NEJaVNAJa]]/URI$, а линейное отображение $URI[[http://libmeta.ru/me/formula/aux/1015_119_NEJaVNAJa]]/URI$ имеет непрернвное обратное ліпейное отображение (т. е. является обратимым әлементом пространства $URI[[http://libmeta.ru/me/formula/aux/1015_120_NEJaVNAJa]]/URI$, то существуют такие открытые соответственно в пространствах $URI[[http://libmeta.ru/me/formula/aux/1015_121_NEJaVNAJa]]/URI$ и $URI[[http://libmeta.ru/me/formula/aux/1015_122_NEJaVNAJa]]/URI$ множества $URI[[http://libmeta.ru/me/formula/aux/1015_123_NEJaVNAJa]]/URI$ и $URI[[http://libmeta.ru/me/formula/aux/1015_124_NEJaVNAJa]]/URI$, что для любого $URI[[http://libmeta.ru/me/formula/aux/1015_125_NEJaVNAJa]]/URI$ существует и притом единственный элемент $URI[[http://libmeta.ru/me/formula/aux/1015_126_NEJaVNAJa]]/URI$, обозначаемый $URI[[http://libmeta.ru/me/formula/aux/1015_127_NEJaVNAJa]]/URI$ и удовлетворяющий условиям:

\[
URI[[http://libmeta.ru/me/formula/main/1015_6_NEJaVNAJa]]/URI
\]

При этом так определенная функция $URI[[http://libmeta.ru/me/formula/aux/1015_128_NEJaVNAJa]]/URI$ является непрерывным отображением $URI[[http://libmeta.ru/me/formula/aux/1015_129_NEJaVNAJa]]/URI$ в $URI[[http://libmeta.ru/me/formula/aux/1015_130_NEJaVNAJa]]/URI$ и $URI[[http://libmeta.ru/me/formula/aux/1015_131_NEJaVNAJa]]/URI$. Если $URI[[http://libmeta.ru/me/formula/aux/1015_132_NEJaVNAJa]]/URI$ также является аффинным нормированным пространством, то при определенных условиях Н. ф. $URI[[http://libmeta.ru/me/formula/aux/1015_133_NEJaVNAJa]]/URI$, удовлетворяющая уравнению

\[
URI[[http://libmeta.ru/me/formula/main/1015_7_NEJaVNAJa]]/URI
\]

также дифференцируема. Именно, пусть $URI[[http://libmeta.ru/me/formula/aux/1015_134_NEJaVNAJa]]/URI$ аффинные нормированные пространства, $URI[[http://libmeta.ru/me/formula/aux/1015_135_NEJaVNAJa]]/URI$ - открытое множество из $URI[[http://libmeta.ru/me/formula/aux/1015_136_NEJaVNAJa]]/URI$, $URI[[http://libmeta.ru/me/formula/aux/1015_137_NEJaVNAJa]]/URI$, и пусть $URI[[http://libmeta.ru/me/formula/aux/1015_138_NEJaVNAJa]]/URI$ неявное отображение, задаваемое уравнением (1) и отображающее нек-рую окрестность $URI[[http://libmeta.ru/me/formula/aux/1015_139_NEJaVNAJa]]/URI$ точки $URI[[http://libmeta.ru/me/formula/aux/1015_140_NEJaVNAJa]]/URI$ в открытое подмножество $URI[[http://libmeta.ru/me/formula/aux/1015_141_NEJaVNAJa]]/URI$ простравства $URI[[http://libmeta.ru/me/formula/aux/1015_142_NEJaVNAJa]]/URI$. Таким образом, для всех $URI[[http://libmeta.ru/me/formula/aux/1015_143_NEJaVNAJa]]/URI$ имеет место

\[
URI[[http://libmeta.ru/me/formula/main/1015_8_NEJaVNAJa]]/URI
\]

Пусть, кроме тог о, отображение $URI[[http://libmeta.ru/me/formula/aux/1015_144_NEJaVNAJa]]/URI$ непрерывно в точке $URI[[http://libmeta.ru/me/formula/aux/1015_145_NEJaVNAJa]]/URI$ и $URI[[http://libmeta.ru/me/formula/aux/1015_146_NEJaVNAJa]]/URI$. Тогда если отображение $URI[[http://libmeta.ru/me/formula/aux/1015_147_NEJaVNAJa]]/URI$ дифференцируемо в точке $URI[[http://libmeta.ru/me/formula/aux/1015_148_NEJaVNAJa]]/URI$ и его частные производные Фреше $URI[[http://libmeta.ru/me/formula/aux/1015_149_NEJaVNAJa]]/URI$ и $URI[[http://libmeta.ru/me/formula/aux/1015_150_NEJaVNAJa]]/URI$ являются линейными непрерывными операторами, отображающими соответственно векторные пространства $URI[[http://libmeta.ru/me/formula/aux/1015_151_NEJaVNAJa]]/URI$ и $URI[[http://libmeta.ru/me/formula/aux/1015_152_NEJaVNAJa]]/URI$, сопоставленные аффинным пространствам $URI[[http://libmeta.ru/me/formula/aux/1015_153_NEJaVNAJa]]/URI$ и $URI[[http://libmeta.ru/me/formula/aux/1015_154_NEJaVNAJa]]/URI$, в векторное пространство $URI[[http://libmeta.ru/me/formula/aux/1015_155_NEJaVNAJa]]/URI$, сопоставленное аффинному пространству $URI[[http://libmeta.ru/me/formula/aux/1015_156_NEJaVNAJa]]/URI$, причем оператор $URI[[http://libmeta.ru/me/formula/aux/1015_157_NEJaVNAJa]]/URI$ является обратимым элементом пространства $URI[[http://libmeta.ru/me/formula/aux/1015_158_NEJaVNAJa]]/URI$, то отображение $URI[[http://libmeta.ru/me/formula/aux/1015_159_NEJaVNAJa]]/URI$ дифференцируемо в точке $URI[[http://libmeta.ru/me/formula/aux/1015_160_NEJaVNAJa]]/URI$ и его производная Фреше задается формулой

\[
URI[[http://libmeta.ru/me/formula/main/1015_9_NEJaVNAJa]]/URI
\]

Эта формула получается в результате формального дифференцирования функции (2):

\[
URI[[http://libmeta.ru/me/formula/main/1015_10_NEJaVNAJa]]/URI
\]

и умножения слева этого равенства на $URI[[http://libmeta.ru/me/formula/aux/1015_161_NEJaVNAJa]]/URI$. Если, кроме того, URI[[http://libmeta.ru/me/relation/1015_27_NEJaVNAJa]]/URI $URI[[http://libmeta.ru/me/formula/aux/1015_162_NEJaVNAJa]]/URI$ непрерывно дифференцируемо на $URI[[http://libmeta.ru/me/formula/aux/1015_163_NEJaVNAJa]]/URI$, Н. ф. $URI[[http://libmeta.ru/me/formula/aux/1015_164_NEJaVNAJa]]/URI$ непрерывна на $URI[[http://libmeta.ru/me/formula/aux/1015_165_NEJaVNAJa]]/URI$ и для любого $URI[[http://libmeta.ru/me/formula/aux/1015_166_NEJaVNAJa]]/URI$ URI[[http://libmeta.ru/me/relation/1015_26_NEJaVNAJa]]/URI Фреше $URI[[http://libmeta.ru/me/formula/aux/1015_167_NEJaVNAJa]]/URI$ является обратимым әлементом URI[[http://libmeta.ru/me/relation/1015_25_NEJaVNAJa]]/URI $URI[[http://libmeta.ru/me/formula/aux/1015_168_NEJaVNAJa]]/URI$, то URI[[http://libmeta.ru/me/relation/1015_24_NEJaVNAJa]]/URI $URI[[http://libmeta.ru/me/formula/aux/1015_169_NEJaVNAJa]]/URI$ - непрерывно URI[[http://libmeta.ru/me/relation/1015_23_NEJaVNAJa]]/URI URI[[http://libmeta.ru/me/relation/1015_22_NEJaVNAJa]]/URI $URI[[http://libmeta.ru/me/formula/aux/1015_170_NEJaVNAJa]]/URI$ в $URI[[http://libmeta.ru/me/formula/aux/1015_171_NEJaVNAJa]]/URI$.

Можно указать и в общем случае условия существования и единственности Н. ф. в терминах URI[[http://libmeta.ru/me/relation/1015_21_NEJaVNAJa]]/URI URI[[http://libmeta.ru/me/relation/1015_20_NEJaVNAJa]]/URI Фреше: если URI[[http://libmeta.ru/me/relation/1015_19_NEJaVNAJa]]/URI $URI[[http://libmeta.ru/me/formula/aux/1015_172_NEJaVNAJa]]/URI$ полно, URI[[http://libmeta.ru/me/relation/1015_18_NEJaVNAJa]]/URI $URI[[http://libmeta.ru/me/formula/aux/1015_173_NEJaVNAJa]]/URI$ непрерывно дифференцируемо на $URI[[http://libmeta.ru/me/formula/aux/1015_174_NEJaVNAJa]]/URI$ и URI[[http://libmeta.ru/me/relation/1015_17_NEJaVNAJa]]/URI Фреше $URI[[http://libmeta.ru/me/formula/aux/1015_175_NEJaVNAJa]]/URI$ является обратимым әлементом URI[[http://libmeta.ru/me/relation/1015_16_NEJaVNAJa]]/URI $URI[[http://libmeta.ru/me/formula/aux/1015_176_NEJaVNAJa]]/URI$, то URI[[http://libmeta.ru/me/relation/1015_15_NEJaVNAJa]]/URI (1) однозначно разрешимо в достаточно малой окрестности точки $URI[[http://libmeta.ru/me/formula/aux/1015_177_NEJaVNAJa]]/URI$, т. е. существуют окрестности $URI[[http://libmeta.ru/me/formula/aux/1015_178_NEJaVNAJa]]/URI$ и $URI[[http://libmeta.ru/me/formula/aux/1015_179_NEJaVNAJa]]/URI$ точек $URI[[http://libmeta.ru/me/formula/aux/1015_180_NEJaVNAJa]]/URI$ и $URI[[http://libmeta.ru/me/formula/aux/1015_181_NEJaVNAJa]]/URI$ соответственно в URI[[http://libmeta.ru/me/relation/1015_14_NEJaVNAJa]]/URI $URI[[http://libmeta.ru/me/formula/aux/1015_182_NEJaVNAJa]]/URI$ и $URI[[http://libmeta.ru/me/formula/aux/1015_183_NEJaVNAJa]]/URI$ и единственная Н. ф. $URI[[http://libmeta.ru/me/formula/aux/1015_184_NEJaVNAJa]]/URI$, удовлетворяющая условиям (2). При этом URI[[http://libmeta.ru/me/relation/1015_13_NEJaVNAJa]]/URI $URI[[http://libmeta.ru/me/formula/aux/1015_185_NEJaVNAJa]]/URI$ вепрерывно URI[[http://libmeta.ru/me/relation/1015_12_NEJaVNAJa]]/URI на $URI[[http://libmeta.ru/me/formula/aux/1015_186_NEJaVNAJa]]/URI$. В таком виде URI[[http://libmeta.ru/me/relation/1015_11_NEJaVNAJa]]/URI о Н. ф. для URI[[http://libmeta.ru/me/relation/1015_10_NEJaVNAJa]]/URI URI[[http://libmeta.ru/me/relation/1015_9_NEJaVNAJa]]/URI URI[[http://libmeta.ru/me/relation/1015_8_NEJaVNAJa]]/URI собой прямое обобщение соответствующей классич. URI[[http://libmeta.ru/me/relation/1015_7_NEJaVNAJa]]/URI о Н. ф. для одного скалярного URI[[http://libmeta.ru/me/relation/1015_6_NEJaVNAJa]]/URI с двумя URI[[http://libmeta.ru/me/relation/1015_5_NEJaVNAJa]]/URI.

Если, кроме того, URI[[http://libmeta.ru/me/relation/1015_4_NEJaVNAJa]]/URI $URI[[http://libmeta.ru/me/formula/aux/1015_187_NEJaVNAJa]]/URI$ непрерывно дифференцируема в окрестности $URI[[http://libmeta.ru/me/formula/aux/1015_188_NEJaVNAJa]]/URI$ точки $URI[[http://libmeta.ru/me/formula/aux/1015_189_NEJaVNAJa]]/URI$ раз $URI[[http://libmeta.ru/me/formula/aux/1015_190_NEJaVNAJa]]/URI$, то Н. ф. $URI[[http://libmeta.ru/me/formula/aux/1015_191_NEJaVNAJa]]/URI$ также $URI[[http://libmeta.ru/me/formula/aux/1015_192_NEJaVNAJa]]/URI$ раз непрерывно дифференцируема.

Более далекие обобщения классич. URI[[http://libmeta.ru/me/relation/1015_3_NEJaVNAJa]]/URI о Н. ф. на случай URI[[http://libmeta.ru/me/relation/1015_2_NEJaVNAJa]]/URI операторов даны Дж. Нәшем (j. Nash) (см. Нәша URI[[http://libmeta.ru/me/relation/1015_1_NEJaVNAJa]]/URI).</text>
  <text_orig>функция $f: E \rightarrow Y$, заданная уравнением $F(x, y)=z_{0}$, где $F: X \times Y \rightarrow Z$, $x \in X, y \in Y, E \subset X, X, Y$ п $Z$ - нек-рые множества, т. е. такая функция $f$, что при любом $x \in E$ пмеет место $F(x, f(x))=z_{0}$. Если $X, Y$ и $Z-$ топологич. пространства и для нек-рой точки $\left(x_{0}, y_{0}\right) \in X \times Y$ выполняется условие $F\left(x_{0}, y_{0}\right)=z_{\hat{\imath}}$, то при определенных условиях в нек-рой окрестности точки $\left(x_{0}, y_{0}\right)$ уравнение $F(x, y)=z_{0}$ однозначно разрешимо относительно одной из переменных. Свойства решения этого уравнения описываются теоремами о Н. $ф$.

Простейшая теорема о Н. ф. состоит в следуюгцем. Пусть $X$ и $\boldsymbol{Y}$ - подмножества числовой прямой $\mathbb{R}$, $x_{0} \in X, y_{0} \in Y,\left(x_{0}, y_{0}\right)$ - внутренняя точка множества $X \times Y$ на плоскости; тогда если функция $F$ непрерывна в нек-рой окрестности точки $\left(x_{0}, y_{0}\right), F\left(x_{0}, y_{0}\right)=0$ и существуют такие $\delta&gt;0$ и $\varepsilon&gt;0$, что при любом фиксірованном $x \in\left(x_{0}-\delta, x_{0}+\delta\right)$ функция $F(x, y)$ как функция переменного $y$ строго монотонна на интервале

![](https://cdn.mathpix.com/cropped/2023_07_08_ba7c3b7565325c89f830g-1.jpg?height=454&amp;width=563&amp;top_left_y=1507&amp;top_left_x=1123)

$\left(y_{0}-\varepsilon, y_{0}+\varepsilon\right)$, то найдется такое $\delta_{0}&gt;0$, что существует и прптом единственная функция

\[
f:\left(x_{0}-\delta_{0}, x_{0}+\delta_{0}\right) \longrightarrow\left(y_{0}-\varepsilon, y_{0}+\varepsilon\right)
\]

такая, что $F(x, f(x))=0$ для всех $x \in\left(x_{0}-\delta_{0}, x_{0}+\delta_{0}\right)$, причем функция $f(x)$ непрерывна и $f\left(x_{0}\right)=y_{0}$. Условия этой теоремы выполняются, если функция $F(x, y)$ нешрерывна в окрестностиг точки $\left(x_{0}, y_{0}\right)$, существует частная производная $F_{y}$, непрерывная в точке $\left(x_{0}, y_{0}\right)$, $F\left(x_{0}, y_{0}\right)=0$, а $F_{y}\left(x_{0}, y_{0}\right) \neq 0$. Если, кроме гого, существует и частная производная $F_{x}$, также непрерывная в точке $\left(x_{0}, y_{0}\right)$, то Н. ф. $f$ диффференцируема в точке $x_{0}$, причем

\[
\frac{d f\left(x_{0}\right)}{d x}=-\frac{F_{x}\left(x_{0}, y_{0}\right)}{F_{y}\left(x_{0}, y_{0}\right)} .
\]

Эта теорема обобщается на случай системы уравнений, т. е. когда $F$ является векторной функцией. Пусть $\mathbb{R}^{n}$ и $\mathbb{R}^{\boldsymbol{m}}$ суть $\boldsymbol{n}^{-}$и $\boldsymbol{m}$-мерные евклидовы пространства с фиксированными системами координат, точки к-рых соответственно $x=\left(x_{1}, \ldots, x_{n}\right)$ и $\dot{y}=\left(y_{1}, \ldots, y_{m}\right)$. Пусть $F$ отображает нек-руюо окрестность $W$ точки $\left(x_{0}, y_{0}\right) \in$ $\in \mathbb{R}^{n} \times \mathbb{R}^{m}, x_{0} \in \mathbb{R}^{n}, \quad y_{0} \in \mathbb{R}^{m}$, в пространство $\mathbb{R}^{m}$ и $F_{i}$, $i=1,2, \ldots, m$,- координатные функции (от $n+m$ переменных $x_{1}, \ldots, x_{n}, y_{1}, \ldots, y_{m}$ ) отображения $F$, т. е. $F=$ $=\left(F_{1}, \ldots, F_{m}\right)$. Если отображение $F$ диффференцируемо на $W, F\left(x_{0}, y_{0}\right)=0$, а якобиан

\[
\left.\frac{\partial\left(F_{1}, \ldots, F_{m}\right)}{\partial\left(y_{1}, \ldots, y_{m}\right)}\right|_{\left(x_{0}, y_{0}\right)} \neq 0,
\]

то существуют окрестности $U$ и $V$ точек $x_{0}$ и $y_{0}$ соответственно в пространствах $\mathbb{R}^{n}$ и $\mathbb{R}^{\boldsymbol{m}}, U \times V \subset W$ и единственное отображение $f: U \rightarrow V$ такие, что для всех $x \in U$ выполняется условие $F(x, f(x))=0 \in \mathbb{R}$. При этом $f\left(x_{0}\right)=y_{0}$, отображение $f$ дифференцируемо на $U$, а если $f=\left(f_{1}, \ldots, f_{m}\right)$, то явное выражение для частных производных $\partial f_{j} / \partial x_{i}, i=1,2, \ldots, n, j=1,2, \ldots, m$, находится из системы $m$ линейных относительно әтпх производных уравнений

\[
\frac{\partial \boldsymbol{F}_{k}}{\partial x_{i}}+\sum_{j=1}^{m} \frac{\partial \boldsymbol{F}_{k}}{\partial y_{j}} \frac{\partial f_{j}}{\partial x_{i}}=0,
\]

$k=1,2, \ldots, m, i$ ұंпксировано $(i=1,2, \ldots, n)$. Иногда основное утверждение теоремы формулируется следующим образом: существуют окрес'гости $U^{I}$ и $W_{0}$ точек $x_{0}$ и $\left(x_{0}, y_{0}\right)$ в пространствах $\mathbb{R}^{n}$ и $\mathbb{R}^{n} \times \mathbb{R}^{m}, W_{0} \subset W$, и единственное отображение $f: U \rightarrow \mathbb{R}^{m}$ такие, что для всех $x \in U$ выполняются условия $(x, f(x)) \in W_{0}$, $F(x, f(x))=0$. Иначе говоря, условия

\[
(x, y) \in W_{0}, \quad F(x, y)=0
\]

равносильны условиям $x \in U, y=f(x)$. В этом случае говорят, что уравнение $F(x, y)=0$ однозвачно разрешимо в окрестности $W_{0}$ точки $\left(x_{0}, y_{0}\right)$.

Сформулированная классич. теорема о Н. ф. обобщается на случай более обших пространств следующим образом. Пусть $X$ - топологич. пространство, $\boldsymbol{Y}$ и $\boldsymbol{Z}-$ аффинные нормированные пространства над полем действительных или комплексных чисел, т. е. аффинные пространства над указанными полями, к-рым сопоставлены соответственно нормированные векторные пространства $\boldsymbol{Y}$ и $\boldsymbol{Z}$, причем $\boldsymbol{Y}$ - полное пространство, $\mathscr{L}(\boldsymbol{Y}, \boldsymbol{Z})$ - множество линейных непрерывных отображений пространства $\boldsymbol{Y}$ е пространство $Z, W$ - открытое множество в произведении пространств $X \times Y$ и $\left(x_{0}, y_{0}\right) \in W, x_{0} \in X, y_{0} \in Y$.

Пусть $F: W \rightarrow Z-$ непрерывное отображение $W$ в $Z$ и $F\left(x_{0}, y_{0}\right)=z_{0}$. Если при каждом фиксированном $x$ и $(x, y) \subset W$ отображение $F$ имеет частную $\Phi$ реше производную $F_{y} \in \mathscr{L}(\boldsymbol{Y}, \boldsymbol{Z})$, причем $F_{y}(x, y) \vdots W \rightarrow \mathscr{L}(\boldsymbol{Y}, \boldsymbol{Z})$ являстся непрерывным отображением $W$ в $\mathscr{L}(\boldsymbol{Y}, \boldsymbol{Z})$, а линейное отображение $F_{y}\left(x_{0}, y_{0}\right): \boldsymbol{Y} \rightarrow \boldsymbol{Z}$ имеет непрернвное обратное ліпейное отображение (т. е. является обратимым әлементом пространства $\mathscr{L}(\boldsymbol{Y}, \boldsymbol{Z}))$, то существуют такие открытые соответственно в пространствах $X$ и $Y$ множества $U \subset X$ и $V \subset Y, x_{0} \in U, y_{0} \in V$, что для любого $x \in U$ существует и притом единственный элемент $y \in V$, обозначаемый $y=f(x)$ и удовлетворяющий условиям:

\[
f(x) \in V \text { и } \boldsymbol{F}(x, f(x))=z_{\mathbf{0}} .
\]

При этом так определенная функция $y=f(x)$ является непрерывным отображением $U$ в $V$ и $y_{0}=f\left(x_{0}\right)$. Если $X$ также является аффинным нормированным пространством, то при определенных условиях Н. ф. $f: x \mapsto y$, удовлетворяющая уравнению

\[
F(x, y)=z_{0},
\]

также дифференцируема. Именно, пусть $X, Y, Z-$ аффинные нормированные пространства, $W$ - открытое множество из $X \times Y, F: W \rightarrow Z, F\left(x_{0}, y_{0}\right)=z_{0}$, $x_{0} \in X, y_{0} \in Y$, и пусть $f-$ неявное отображение, задаваемое уравнением (1) и отображающее нек-рую окрестность $U$ точки $x_{0}$ в открытое подмножество $V$ простравства $Y, U \times V \subset W$. Таким образом, для всех $x \in U$ имеет место

\[
f(x) \in V, \quad F(x, f(x))=z_{0} .
\]

Пусть, кроме тог о, отображение $f$ непрерывно в точке $x_{0}$ и $f\left(x_{0}\right)=y_{0}$. Тогда если отображение $F$ дифференцируемо в точке $\left(x_{0}, y_{0}\right)$ и его частные производные Фреше $F_{\boldsymbol{x}}\left(x_{0}, y_{0}\right)$ и $F_{y}\left(x_{0}, y_{0}\right)$ являются линейными непрерывными операторами, отображающими соответственно векторные пространства $\boldsymbol{X}$ и $\boldsymbol{Y}$, сопоставленные аффинным пространствам $X$ и $Y$, в векторное пространство $Z$, сопоставленное аффинному пространству $Z$, причем оператор $F_{y}\left(x_{0}, y_{0}\right)$ является обратимым элементом пространства $\mathscr{L}(\boldsymbol{Y}, \boldsymbol{Z})$, то отображение $f$ дифференцируемо в точке $x_{0}$ и его производная Фреше задается формулой

\[
f^{\prime}\left(x_{0}\right)=-F_{y}^{-1}\left(x_{0}, y_{0}\right) \circ F_{x}\left(x_{0}, y_{0}\right)
\]

Эта формула получается в результате формального дифференцирования функции (2):

\[
F_{\boldsymbol{x}}\left(x_{0}, y_{0}\right)+F_{\boldsymbol{y}}\left(x_{0}, y_{0}\right) \circ f^{\prime}\left(x_{0}\right)=0 \in \mathscr{L}(\boldsymbol{X}, \boldsymbol{\eta})
\]

и умножения слева этого равенства на $F_{y}^{-1}\left(x_{0}, y_{0}\right)$. Если, кроме того, отображение $F: W \rightarrow Z$ непрерывно дифференцируемо на $W$, Н. ф. $f: U \rightarrow V$ непрерывна на $U, U \times V \subset W$ и для любого $x \in U$ частная производная Фреше $F_{y}(x, f(x))$ является обратимым әлементом пространства $\mathscr{L}(\boldsymbol{Y}, \boldsymbol{Z})$, то отображение $f$ - непрерывно дифференцируемое отображение $L^{\top}$ в $V$.

Можно указать и в общем случае условия существования и единственности Н. ф. в терминах непрерывности производной Фреше: если пространство $Z$ полно, отображение $F: W \rightarrow Z$ непрерывно дифференцируемо на $W, F\left(x_{0}, y_{0}\right)=z_{0}$ и частная производпая Фреше $F_{y}\left(x_{0}, y_{0}\right)$ является обратимым әлементом пространства $\mathscr{L}(\boldsymbol{Y}, \boldsymbol{Z})$, то уравнение (1) однозначно разрешимо в достаточно малой окрестности точки $\left(x_{0}, y_{0}\right)$, т. е. существуют окрестности $U$ и $V$ точек $x_{0}$ и $y_{0}$ соответственно в пространствах $X$ и $Y, U \times V \subset W$ и единственная Н. ф. $f: U \rightarrow V$, удовлетворяющая условиям (2). При этом отображение $f$ вепрерывно диффиеренцируемо на $U$. В таком виде теорема о Н. ф. для нормированных пространств представляет собой прямое обобщение соответствующей классич. теоремы о Н. ф. для одного скалярного уравнения с двумя переменными.

Если, кроме того, функция $F: W \rightarrow Z$ непрерывно дифференцируема в окрестности $W$ точки $\left(x_{0}, y_{0}\right) k$ раз $(k=1,2, \ldots)$, то Н. ф. $f: U \rightarrow V$ также $k$ раз непрерывно дифференцируема.

Более далекие обобщения классич. теоремы о Н. ф. на случай дифференциальных операторов даны Дж. Нәшем (J. Nash) (см. Нәша теорема).

Лит.: [1] Ко ол мо горов А. Н., Фом и н С. В., Элементы теории функций и функционального анализа, 5 изд., М.,
1981 ; [2] Ј ю с т е р н и к Л. А., С о б о л е в В. И., Эле$1981 ;$ [2] Л ю с т е р ни к Л. А., С о б о ле в В. И., Эле-
менты функцонального анализа, 2 изд., М., 1965; [3] Н ик о л ь с к и й С. М., Курс математического анализа, 2 изд., т. $1-2$, М., $1975 ;$ [4] Ш в а р ц Л., Анализ, пер. с франц., т. 1,
М., 1972; [5] И л ь и н В. А., П о з н я К Э. Г., Основы математического анализа, 3 изд., ч. 1, М., 1971.,
м. Д. Кудрявчев.</text_orig>
</article>
