<?xml version="1.0" ?>
<article uri="http://libmeta.ru/me/article/1016_NEJaVNAJa" alphabetic_pos="1016">
  <title>НЕЯВНАЯ ФУНКЦИЯ</title>
  <authors/>
  <pages>
    <start>519</start>
    <end>519</end>
  </pages>
  <literature>
    <literature_orig>Лит.: [1] А р т и н м., &quot;успехи матем. наук», 1971, т. 26,![](https://cdn.mathpix.com/cropped/2023_07_08_cc75fb3b23f450f365f5g-1.jpg?height=49&amp;width=839&amp;top_left_y=2248&amp;top_left_x=114)i 36, p. $23-58 ;$ [3] e r o ж e, «invent. math.&quot;, 1968, v. 5,p. $277-91$.</literature_orig>
    <unit>
      <title>А р т и н м., &quot;успехи матем. наук»</title>
      <publication/>
      <year>1971</year>
      <other>т. 26, ![](https://cdn.mathpix.com/cropped/2023_07_08_cc75fb3b23f450f365f5g-1.jpg?height=49&amp;width=839&amp;top_left_y=2248&amp;top_left_x=114)i 36, p. $23-58 ;$ [3] e r o ж e, «invent. math.&quot;, 1968, v. 5, p. $277-91$.</other>
    </unit>
  </literature>
  <formulas_main>
    <formula uri="http://libmeta.ru/me/formula/main/1016_1_NEJaVNAJa">f(Y)=\left(f_{1}\left(Y_{1}, \ldots, Y_{m}\right), \ldots, f_{m}\left(Y_{1}, \ldots, Y_{m}\right)\right)</formula>
    <formula uri="http://libmeta.ru/me/formula/main/1016_2_NEJaVNAJa">\overline{\operatorname{det}\left(\frac{\partial f_{i}}{\partial Y_{j}}\right)}\left(\bar{y}^{0}\right) \neq 0 .</formula>
  </formulas_main>
  <formulas_aux>
    <formula uri="http://libmeta.ru/me/formula/aux/1016_1_NEJaVNAJa">f\left(x_{1}, \ldots, X_{n}, Y\right)-</formula>
    <formula uri="http://libmeta.ru/me/formula/aux/1016_2_NEJaVNAJa">x_{1}, \ldots ., X_{n}, Y</formula>
    <formula uri="http://libmeta.ru/me/formula/aux/1016_3_NEJaVNAJa">v(f) \subset \mathbb{C}^{n+1}</formula>
    <formula uri="http://libmeta.ru/me/formula/aux/1016_4_NEJaVNAJa">y: \mathbb{C}^{n} \rightarrow \mathbb{C}</formula>
    <formula uri="http://libmeta.ru/me/formula/aux/1016_5_NEJaVNAJa">f(x, y)=0</formula>
    <formula uri="http://libmeta.ru/me/formula/aux/1016_6_NEJaVNAJa">y</formula>
    <formula uri="http://libmeta.ru/me/formula/aux/1016_7_NEJaVNAJa">y</formula>
    <formula uri="http://libmeta.ru/me/formula/aux/1016_8_NEJaVNAJa">\mathbb{c}^{n}</formula>
    <formula uri="http://libmeta.ru/me/formula/aux/1016_9_NEJaVNAJa">v(f)</formula>
    <formula uri="http://libmeta.ru/me/formula/aux/1016_10_NEJaVNAJa">\mathbb{c}^{n}</formula>
    <formula uri="http://libmeta.ru/me/formula/aux/1016_11_NEJaVNAJa">v(f)</formula>
    <formula uri="http://libmeta.ru/me/formula/aux/1016_12_NEJaVNAJa">u \subset \mathbb{C}^{n}</formula>
    <formula uri="http://libmeta.ru/me/formula/aux/1016_13_NEJaVNAJa">w \subset \mathbb{C}</formula>
    <formula uri="http://libmeta.ru/me/formula/aux/1016_14_NEJaVNAJa">\left(u^{\top} \times W\right) \cap V(F)</formula>
    <formula uri="http://libmeta.ru/me/formula/aux/1016_15_NEJaVNAJa">u</formula>
    <formula uri="http://libmeta.ru/me/formula/aux/1016_16_NEJaVNAJa">w</formula>
    <formula uri="http://libmeta.ru/me/formula/aux/1016_17_NEJaVNAJa">a \subset \mathbb{C}^{n}</formula>
    <formula uri="http://libmeta.ru/me/formula/aux/1016_18_NEJaVNAJa">f(x, Y)=0</formula>
    <formula uri="http://libmeta.ru/me/formula/aux/1016_19_NEJaVNAJa">y \in \mathbb{C}\left[\left[X_{1}-a_{1}, \ldots, X_{n}-a_{n}\right]\right]</formula>
    <formula uri="http://libmeta.ru/me/formula/aux/1016_20_NEJaVNAJa">f(x, y)=0</formula>
    <formula uri="http://libmeta.ru/me/formula/aux/1016_21_NEJaVNAJa">y</formula>
    <formula uri="http://libmeta.ru/me/formula/aux/1016_22_NEJaVNAJa">f(\boldsymbol{x}, \boldsymbol{Y})=0</formula>
    <formula uri="http://libmeta.ru/me/formula/aux/1016_23_NEJaVNAJa">a</formula>
    <formula uri="http://libmeta.ru/me/formula/aux/1016_24_NEJaVNAJa">a</formula>
    <formula uri="http://libmeta.ru/me/formula/aux/1016_25_NEJaVNAJa">\mathfrak{m}</formula>
    <formula uri="http://libmeta.ru/me/formula/aux/1016_26_NEJaVNAJa">y</formula>
    <formula uri="http://libmeta.ru/me/formula/aux/1016_27_NEJaVNAJa">\widehat{a}</formula>
    <formula uri="http://libmeta.ru/me/formula/aux/1016_28_NEJaVNAJa">a</formula>
    <formula uri="http://libmeta.ru/me/formula/aux/1016_29_NEJaVNAJa">a</formula>
    <formula uri="http://libmeta.ru/me/formula/aux/1016_30_NEJaVNAJa">f(y)=0</formula>
    <formula uri="http://libmeta.ru/me/formula/aux/1016_31_NEJaVNAJa">f(y) \in A[Y]</formula>
    <formula uri="http://libmeta.ru/me/formula/aux/1016_32_NEJaVNAJa">a</formula>
    <formula uri="http://libmeta.ru/me/formula/aux/1016_33_NEJaVNAJa">\widehat{a}</formula>
    <formula uri="http://libmeta.ru/me/formula/aux/1016_34_NEJaVNAJa">\tilde{a}</formula>
    <formula uri="http://libmeta.ru/me/formula/aux/1016_35_NEJaVNAJa">m</formula>
    <formula uri="http://libmeta.ru/me/formula/aux/1016_36_NEJaVNAJa">a\left[y_{1}, \ldots, Y_{m}\right]</formula>
    <formula uri="http://libmeta.ru/me/formula/aux/1016_37_NEJaVNAJa">\bar{y}^{0}=</formula>
    <formula uri="http://libmeta.ru/me/formula/aux/1016_38_NEJaVNAJa">=\left(\bar{y}_{1}^{0}, \ldots, \bar{y}_{m}^{0}\right)</formula>
    <formula uri="http://libmeta.ru/me/formula/aux/1016_39_NEJaVNAJa">a / \mathfrak{m}</formula>
    <formula uri="http://libmeta.ru/me/formula/aux/1016_40_NEJaVNAJa">\bar{f}\left(\bar{y}^{0}\right)=0 \quad</formula>
    <formula uri="http://libmeta.ru/me/formula/aux/1016_41_NEJaVNAJa">\mathfrak{m})</formula>
    <formula uri="http://libmeta.ru/me/formula/aux/1016_42_NEJaVNAJa">a</formula>
    <formula uri="http://libmeta.ru/me/formula/aux/1016_43_NEJaVNAJa">y=\left(y_{1}, \ldots, y_{\boldsymbol{m}}\right)</formula>
    <formula uri="http://libmeta.ru/me/formula/aux/1016_44_NEJaVNAJa">f(y)=0</formula>
    <formula uri="http://libmeta.ru/me/formula/aux/1016_45_NEJaVNAJa">\bar{y}=\overline{y^{0}}</formula>
    <formula uri="http://libmeta.ru/me/formula/aux/1016_46_NEJaVNAJa">\boldsymbol{a}-</formula>
    <formula uri="http://libmeta.ru/me/formula/aux/1016_47_NEJaVNAJa">a</formula>
    <formula uri="http://libmeta.ru/me/formula/aux/1016_48_NEJaVNAJa">f(y)=0</formula>
    <formula uri="http://libmeta.ru/me/formula/aux/1016_49_NEJaVNAJa">a</formula>
    <formula uri="http://libmeta.ru/me/formula/aux/1016_50_NEJaVNAJa">\tilde{a}</formula>
    <formula uri="http://libmeta.ru/me/formula/aux/1016_51_NEJaVNAJa">\hat{y}</formula>
    <formula uri="http://libmeta.ru/me/formula/aux/1016_52_NEJaVNAJa">\widehat{a}</formula>
    <formula uri="http://libmeta.ru/me/formula/aux/1016_53_NEJaVNAJa">f(\hat{y})=0</formula>
    <formula uri="http://libmeta.ru/me/formula/aux/1016_54_NEJaVNAJa">\tilde{y}</formula>
    <formula uri="http://libmeta.ru/me/formula/aux/1016_55_NEJaVNAJa">\tilde{a}</formula>
    <formula uri="http://libmeta.ru/me/formula/aux/1016_56_NEJaVNAJa">\hat{y}</formula>
    <formula uri="http://libmeta.ru/me/formula/aux/1016_57_NEJaVNAJa">f(\tilde{y})=0</formula>
  </formulas_aux>
  <relations n="7">
    <relation uri="http://libmeta.ru/me/relation/1016_1_NEJaVNAJa">
      <rel_text>уравпений</rel_text>
      <target>http://libmeta.ru/me/article/106_URAVNENI</target>
    </relation>
    <relation uri="http://libmeta.ru/me/relation/1016_2_NEJaVNAJa">
      <rel_text>теоремы</rel_text>
      <target>http://libmeta.ru/me/article/381_TEORI</target>
    </relation>
    <relation uri="http://libmeta.ru/me/relation/1016_3_NEJaVNAJa">
      <rel_text>Вариант</rel_text>
      <target>http://libmeta.ru/me/article/604_VARIATsI</target>
    </relation>
    <relation uri="http://libmeta.ru/me/relation/1016_4_NEJaVNAJa">
      <rel_text>близкий</rel_text>
      <target>http://libmeta.ru/me/article/499_BLIZNETs</target>
    </relation>
    <relation uri="http://libmeta.ru/me/relation/1016_5_NEJaVNAJa">
      <rel_text>вектор</rel_text>
      <target>http://libmeta.ru/me/article/645_VEKTO</target>
    </relation>
    <relation uri="http://libmeta.ru/me/relation/1016_6_NEJaVNAJa">
      <rel_text>пополнения</rel_text>
      <target>http://libmeta.ru/me/article/520_POPOLNENI</target>
    </relation>
    <relation uri="http://libmeta.ru/me/relation/1016_7_NEJaVNAJa">
      <rel_text>вектор</rel_text>
      <target>http://libmeta.ru/me/article/645_VEKTO</target>
    </relation>
  </relations>
  <text>в а л г е б г е о ме т р и и - функция, задаваемая алгебраич. уравнением. Пусть $URI[[http://libmeta.ru/me/formula/aux/1016_1_NEJaVNAJa]]/URI$ многочлен от $URI[[http://libmeta.ru/me/formula/aux/1016_2_NEJaVNAJa]]/URI$ (напр., с комплегсными коәффициентами). Тогда многообразие $URI[[http://libmeta.ru/me/formula/aux/1016_3_NEJaVNAJa]]/URI$ нулей этого многочлена можно рассматривать как график нек-рого соответствия $URI[[http://libmeta.ru/me/formula/aux/1016_4_NEJaVNAJa]]/URI$. Это соответствие и называют, допуская известную нетотность, функцией, неявно заданной уравнением $URI[[http://libmeta.ru/me/formula/aux/1016_5_NEJaVNAJa]]/URI$. Вообще говоря, состветствие $URI[[http://libmeta.ru/me/formula/aux/1016_6_NEJaVNAJa]]/URI$ многозначное и не всюду определенное и поэтому не является функцией в обычном смысле. Имеется два способа превратить это соответствие в функцию. Первый, восходящий к E. Риману (b. Riemann), заключается в том, что областью определения Н. ф. $URI[[http://libmeta.ru/me/formula/aux/1016_7_NEJaVNAJa]]/URI$ счигают не $URI[[http://libmeta.ru/me/formula/aux/1016_8_NEJaVNAJa]]/URI$, а многообразие $URI[[http://libmeta.ru/me/formula/aux/1016_9_NEJaVNAJa]]/URI$, конечнолистно накрывающее $URI[[http://libmeta.ru/me/formula/aux/1016_10_NEJaVNAJa]]/URI$. Этот прием приводит к очень содержательному понятию римановой поверхности. При таком подходе понятие Н. ф. смыкается с понятием алгебрачческой бункции.

Другой способ состоит в том, чтобы представить $URI[[http://libmeta.ru/me/formula/aux/1016_11_NEJaVNAJa]]/URI$ локально гак график однозначной функции. Различпые теоремы о Н. ф. утверждают существование открытых $URI[[http://libmeta.ru/me/formula/aux/1016_12_NEJaVNAJa]]/URI$ и $URI[[http://libmeta.ru/me/formula/aux/1016_13_NEJaVNAJa]]/URI$, для к-рых $URI[[http://libmeta.ru/me/formula/aux/1016_14_NEJaVNAJa]]/URI$ является графиком гладкой в том или ином смысле

![](https://cdn.mathpix.com/cropped/2023_07_08_cc75fb3b23f450f365f5g-1.jpg?height=34&amp;width=829&amp;top_left_y=891&amp;top_left_x=119)
открытые подмножес'тва $URI[[http://libmeta.ru/me/formula/aux/1016_15_NEJaVNAJa]]/URI$ и $URI[[http://libmeta.ru/me/formula/aux/1016_16_NEJaVNAJa]]/URI$, как правило, не являются открытыми в топологии Зариского и лишены смысла в абстрактной алгебраич. геометриі. Поэтому указанный способ модиф্фицируется следующим образом. Фор м а ль ным р остком (или вет в ью) в точке $URI[[http://libmeta.ru/me/formula/aux/1016_17_NEJaVNAJa]]/URI$ Н. ф., заданной уравнением $URI[[http://libmeta.ru/me/formula/aux/1016_18_NEJaVNAJa]]/URI$, наз. формальный степенной ряд $URI[[http://libmeta.ru/me/formula/aux/1016_19_NEJaVNAJa]]/URI$ такой, что $URI[[http://libmeta.ru/me/formula/aux/1016_20_NEJaVNAJa]]/URI$. Вообще, степенной ряд $URI[[http://libmeta.ru/me/formula/aux/1016_21_NEJaVNAJa]]/URI$, удовлетворяющий полиномиальному уравнению $URI[[http://libmeta.ru/me/formula/aux/1016_22_NEJaVNAJa]]/URI$, наз. а л ге б р а и ч е с ки м с тепен ным р яд о м. Алгебраический степенной ряд сходится в некоторой окрестности точки $URI[[http://libmeta.ru/me/formula/aux/1016_23_NEJaVNAJa]]/URI$.

Пусть $URI[[http://libmeta.ru/me/formula/aux/1016_24_NEJaVNAJa]]/URI$ - локальюое нётерово кольцо с максимальвым идеалом $URI[[http://libmeta.ru/me/formula/aux/1016_25_NEJaVNAJa]]/URI$. Элемент $URI[[http://libmeta.ru/me/formula/aux/1016_26_NEJaVNAJa]]/URI$ из пополнения $URI[[http://libmeta.ru/me/formula/aux/1016_27_NEJaVNAJa]]/URI$ локального кольца $URI[[http://libmeta.ru/me/formula/aux/1016_28_NEJaVNAJa]]/URI$ наз. а лг г б б р а и ч е с к и м н а д $URI[[http://libmeta.ru/me/formula/aux/1016_29_NEJaVNAJa]]/URI$, если $URI[[http://libmeta.ru/me/formula/aux/1016_30_NEJaVNAJa]]/URI$ для нек-рого многочлена $URI[[http://libmeta.ru/me/formula/aux/1016_31_NEJaVNAJa]]/URI$. Множество алгебраических над $URI[[http://libmeta.ru/me/formula/aux/1016_32_NEJaVNAJa]]/URI$ элементов $URI[[http://libmeta.ru/me/formula/aux/1016_33_NEJaVNAJa]]/URI$ образует кольцо $URI[[http://libmeta.ru/me/formula/aux/1016_34_NEJaVNAJa]]/URI$. Следующий вариант теоремы о Н. ф. показывает, что алгебраич. функций достаточно много. Пусть

\[
URI[[http://libmeta.ru/me/formula/main/1016_1_NEJaVNAJa]]/URI
\]

- набор $URI[[http://libmeta.ru/me/formula/aux/1016_35_NEJaVNAJa]]/URI$ многочленов из $URI[[http://libmeta.ru/me/formula/aux/1016_36_NEJaVNAJa]]/URI$ и пусть $URI[[http://libmeta.ru/me/formula/aux/1016_37_NEJaVNAJa]]/URI$ $URI[[http://libmeta.ru/me/formula/aux/1016_38_NEJaVNAJa]]/URI$ - элементы поля вычетов $URI[[http://libmeta.ru/me/formula/aux/1016_39_NEJaVNAJa]]/URI$ такие, что: 1) $URI[[http://libmeta.ru/me/formula/aux/1016_40_NEJaVNAJa]]/URI$ (черта сверху означает редукцию по модулю $URI[[http://libmeta.ru/me/formula/aux/1016_41_NEJaVNAJa]]/URI$;

5)

\[
URI[[http://libmeta.ru/me/formula/main/1016_2_NEJaVNAJa]]/URI
\]

Тогда существуют алгебраические над $URI[[http://libmeta.ru/me/formula/aux/1016_42_NEJaVNAJa]]/URI$ элементы $URI[[http://libmeta.ru/me/formula/aux/1016_43_NEJaVNAJa]]/URI$ такие, что $URI[[http://libmeta.ru/me/formula/aux/1016_44_NEJaVNAJa]]/URI$ и $URI[[http://libmeta.ru/me/formula/aux/1016_45_NEJaVNAJa]]/URI$. Другими словами, $URI[[http://libmeta.ru/me/formula/aux/1016_46_NEJaVNAJa]]/URI$ гензе.ево кольцо.

Другой результат того же типа - теорема Артина об аппроксимации (см. [2]). Пусть $URI[[http://libmeta.ru/me/formula/aux/1016_47_NEJaVNAJa]]/URI$ - локальное кольпо, являющееся локализацией алгебры конечного типа над полем. Пусть, далее, задана система $URI[[http://libmeta.ru/me/formula/aux/1016_48_NEJaVNAJa]]/URI$ полиномиальных уравнений с коэффициентами из $URI[[http://libmeta.ru/me/formula/aux/1016_49_NEJaVNAJa]]/URI$ (или из $URI[[http://libmeta.ru/me/formula/aux/1016_50_NEJaVNAJa]]/URI$ ) и $URI[[http://libmeta.ru/me/formula/aux/1016_51_NEJaVNAJa]]/URI$ - URI[[http://libmeta.ru/me/relation/1016_7_NEJaVNAJa]]/URI с коэфффициентами из URI[[http://libmeta.ru/me/relation/1016_6_NEJaVNAJa]]/URI $URI[[http://libmeta.ru/me/formula/aux/1016_52_NEJaVNAJa]]/URI$ такой, что $URI[[http://libmeta.ru/me/formula/aux/1016_53_NEJaVNAJa]]/URI$. Тогда найдется URI[[http://libmeta.ru/me/relation/1016_5_NEJaVNAJa]]/URI $URI[[http://libmeta.ru/me/formula/aux/1016_54_NEJaVNAJa]]/URI$ с коэфффициентами из $URI[[http://libmeta.ru/me/formula/aux/1016_55_NEJaVNAJa]]/URI$, сколь угодно URI[[http://libmeta.ru/me/relation/1016_4_NEJaVNAJa]]/URI к $URI[[http://libmeta.ru/me/formula/aux/1016_56_NEJaVNAJa]]/URI$ и такой, что $URI[[http://libmeta.ru/me/formula/aux/1016_57_NEJaVNAJa]]/URI$. URI[[http://libmeta.ru/me/relation/1016_3_NEJaVNAJa]]/URI этой URI[[http://libmeta.ru/me/relation/1016_2_NEJaVNAJa]]/URI верен [3] и для спстем аналитич. URI[[http://libmeta.ru/me/relation/1016_1_NEJaVNAJa]]/URI.</text>
  <text_orig>в а л г е б г е о ме т р и и - функция, задаваемая алгебраич. уравнением. Пусть $F\left(X_{1}, \ldots, X_{n}, Y\right)-$ многочлен от $X_{1}, \ldots ., X_{n}, Y$ (напр., с комплегсными коәффициентами). Тогда многообразие $V(F) \subset \mathbb{C}^{n+1}$ нулей этого многочлена можно рассматривать как график нек-рого соответствия $y: \mathbb{C}^{n} \rightarrow \mathbb{C}$. Это соответствие и называют, допуская известную нетотность, функцией, неявно заданной уравнением $F(x, y)=0$. Вообще говоря, состветствие $y$ многозначное и не всюду определенное и поэтому не является функцией в обычном смысле. Имеется два способа превратить это соответствие в функцию. Первый, восходящий к E. Риману (B. Riemann), заключается в том, что областью определения Н. ф. $y$ счигают не $\mathbb{C}^{n}$, а многообразие $V(F)$, конечнолистно накрывающее $\mathbb{C}^{n}$. Этот прием приводит к очень содержательному понятию римановой поверхности. При таком подходе понятие Н. ф. смыкается с понятием алгебрачческой бункции.

Другой способ состоит в том, чтобы представить $V(F)$ локально гак график однозначной функции. Различпые теоремы о Н. ф. утверждают существование открытых $U \subset \mathbb{C}^{n}$ и $W \subset \mathbb{C}$, для к-рых $\left(U^{\top} \times W\right) \cap V(F)$ является графиком гладкой в том или ином смысле

![](https://cdn.mathpix.com/cropped/2023_07_08_cc75fb3b23f450f365f5g-1.jpg?height=34&amp;width=829&amp;top_left_y=891&amp;top_left_x=119)
открытые подмножес'тва $U$ и $W$, как правило, не являются открытыми в топологии Зариского и лишены смысла в абстрактной алгебраич. геометриі. Поэтому указанный способ модиф্фицируется следующим образом. Фор м а ль ным р остком (или вет в ью) в точке $a \subset \mathbb{C}^{n}$ Н. ф., заданной уравнением $F(X, Y)=0$, наз. формальный степенной ряд $y \in \mathbb{C}\left[\left[X_{1}-a_{1}, \ldots, X_{n}-a_{n}\right]\right]$ такой, что $F(X, y)=0$. Вообще, степенной ряд $y$, удовлетворяющий полиномиальному уравнению $F(\boldsymbol{X}, \boldsymbol{Y})=0$, наз. а л ге б р а и ч е с ки м с тепен ным р яд о м. Алгебраический степенной ряд сходится в некоторой окрестности точки $a$.

Пусть $A$ - локальюое нётерово кольцо с максимальвым идеалом $\mathfrak{m}$. Элемент $y$ из пополнения $\widehat{A}$ локального кольца $A$ наз. а лг г б б р а и ч е с к и м н а д $A$, если $F(y)=0$ для нек-рого многочлена $F(Y) \in A[Y]$. Множество алгебраических над $A$ элементов $\widehat{A}$ образует кольцо $\tilde{A}$. Следующий вариант теоремы о Н. ф. показывает, что алгебраич. функций достаточно много. Пусть

\[
f(Y)=\left(f_{1}\left(Y_{1}, \ldots, Y_{m}\right), \ldots, f_{m}\left(Y_{1}, \ldots, Y_{m}\right)\right)
\]

- набор $m$ многочленов из $A\left[Y_{1}, \ldots, Y_{m}\right]$ и пусть $\bar{y}^{0}=$ $=\left(\bar{y}_{1}^{0}, \ldots, \bar{y}_{m}^{0}\right)$ - элементы поля вычетов $A / \mathfrak{m}$ такие, что: 1) $\bar{f}\left(\bar{y}^{0}\right)=0 \quad$ (черта сверху означает редукцию по модулю $\mathfrak{m})$;

5)

\[
\overline{\operatorname{det}\left(\frac{\partial f_{i}}{\partial Y_{j}}\right)}\left(\bar{y}^{0}\right) \neq 0 .
\]

Тогда существуют алгебраические над $A$ элементы $y=\left(y_{1}, \ldots, y_{\boldsymbol{m}}\right)$ такие, что $f(y)=0$ и $\bar{y}=\overline{y^{0}}$. Другими словами, $\boldsymbol{A}-$ гензе.ево кольцо.

Другой результат того же типа - теорема Артина об аппроксимации (см. [2]). Пусть $A$ - локальное кольпо, являющееся локализацией алгебры конечного типа над полем. Пусть, далее, задана система $f(Y)=0$ полиномиальных уравнений с коэффициентами из $A$ (или из $\tilde{A}$ ) и $\hat{y}$ - вектор с коэфффициентами из пополнения $\widehat{A}$ такой, что $f(\hat{y})=0$. Тогда найдется вектор $\tilde{y}$ с коэфффициентами из $\tilde{A}$, сколь угодно близкий к $\hat{y}$ и такой, что $f(\tilde{y})=0$. Вариант этой теоремы верен [3] и для спстем аналитич. уравпений.

Лит.: [1] А р т и н м., &quot;Успехи матем. наук», 1971, т. 26,

![](https://cdn.mathpix.com/cropped/2023_07_08_cc75fb3b23f450f365f5g-1.jpg?height=49&amp;width=839&amp;top_left_y=2248&amp;top_left_x=114)
i 36, p. $23-58 ;$ [3] e r o ж e, «Invent. math.&quot;, 1968, v. 5,
p. $277-91$.</text_orig>
</article>
