<?xml version="1.0" ?>
<article uri="http://libmeta.ru/me/article/1017_GERONA" alphabetic_pos="1017">
  <title>ГЕРОНА ТРЕУГОЛЬНИК</title>
  <authors>
    <author>А. Б. Иванов</author>
  </authors>
  <pages>
    <start>478</start>
    <end>478</end>
  </pages>
  <literature>
    <literature_orig/>
  </literature>
  <formulas_main/>
  <formulas_aux>
    <formula uri="http://libmeta.ru/me/formula/aux/1017_1_GERONA">13,14,15</formula>
  </formulas_aux>
  <relations n="1">
    <relation uri="http://libmeta.ru/me/relation/1017_1_GERONA">
      <rel_text>числами</rel_text>
      <target>http://libmeta.ru/me/article/540_ChISLENI</target>
    </relation>
  </relations>
  <text>треугольник, длины сторон и площадь к-рого выражаются целыми URI[[http://libmeta.ru/me/relation/1017_1_GERONA]]/URI. Назван по имени Герона (ок. 1 в. н. э.), рассмотревшего треугольники со сторонами $URI[[http://libmeta.ru/me/formula/aux/1017_1_GERONA]]/URI$ и 5, 12, 13, площади к-рых соответственно равны 84 и 30 .</text>
  <text_orig>треугольник, длины сторон и площадь к-рого выражаются целыми числами. Назван по имени Герона (ок. 1 в. н. э.), рассмотревшего треугольники со сторонами $13,14,15$ и 5, 12, 13, площади к-рых соответственно равны 84 и 30 . А. Б. Иванов.</text_orig>
</article>
