<?xml version="1.0" ?>
<article uri="http://libmeta.ru/me/article/1017_IIAUDERA" alphabetic_pos="1017">
  <title>IIАУДЕРА МЕТОД</title>
  <authors>
    <author>A. М. Нахушев</author>
  </authors>
  <pages>
    <start>442</start>
    <end>443</end>
  </pages>
  <literature>
    <literature_orig>Jum.: [1] S c h a u d e r J., &quot;math. Z.&quot;, 1934, Bd 38, № 2, S. 257-82; [2] е г о же, &quot;stud, math.&quot;, 1935, v. 5, p. 34-42; стными производными, пер. с англ., М., 1966:' [4] К у р а н т Р., Уравнения с частными производными, пер. с англ., М., 1964 ; производных, М., 1981; [6] Б е р е з а н с к и й Ю. М., Разлюжение по собственным функциям самосопряженных операторов, К., $1965 ;[7]$ J а ды же н с ка я О. А., У в а Н. Н., Линейные и квазилинейные уравнения эллиптического типа, 2 изд., М., $1973 . \quad$</literature_orig>
    <unit>
      <author>Schauder J.</author>
      <title>&quot;math. Z.&quot;</title>
      <publication/>
      <year>1934</year>
      <other>Bd 38, № 2, S. 257-82</other>
    </unit>
    <unit>
      <title>е г о же, &quot;stud, math.&quot;</title>
      <publication/>
      <year>1935</year>
      <other>v. 5, p. 34-42; стными производными, пер. с англ., М., 1966:' [4] К у р а н т Р., Уравнения с частными производными, пер. с англ., М., 1964 ; производных, М., 1981; [6] Б е р е з а н с к и й Ю. М., Разлюжение по собственным функциям самосопряженных операторов, К., $1965 ;[7]$ J а ды же н с ка я О. А., У в а Н. Н., Линейные и квазилинейные уравнения эллиптического типа, 2 изд., М., $1973 . \quad$</other>
    </unit>
  </literature>
  <formulas_main>
    <formula uri="http://libmeta.ru/me/formula/main/1017_1_IIAUDERA">L u \equiv a^{i j}(x) u_{x_{i} x_{j}}+b^{j}(x) u_{x_{j}}+b(x) u=f(x),</formula>
    <formula uri="http://libmeta.ru/me/formula/main/1017_2_IIAUDERA">\begin{gathered}\|u\|_{C_{\alpha}(\Omega)}=\sup _{x \in \Omega}|u(x)|+\sup _{x, y} \frac{u(x)-u(y)}{|x-y|^{\alpha}}, \quad 0&lt;\alpha&lt;1, \\\|u\|_{C_{1+\alpha}(\Omega)}=\|u\|_{C_{\alpha}(\Omega)}+\sum_{i=1}^{n}\left\|u_{x_{i}}\right\| C_{\alpha}(\Omega), \\\|u\|_{C_{2+\alpha}(\Omega)}=\|u\|_{C_{1+\alpha}(\Omega)}+\sum_{i, j=1}^{n}\left\|u_{x_{i}, x_{j}}\right\| C_{\alpha}(\Omega)\end{gathered}</formula>
    <formula uri="http://libmeta.ru/me/formula/main/1017_3_IIAUDERA">\|u\|_{C_{0}(\Omega)}=\sup _{x \in \Omega}|u(x)| \text {. }</formula>
    <formula uri="http://libmeta.ru/me/formula/main/1017_4_IIAUDERA">\left.u\right|_{\sigma}=\varphi(x) \in C_{2+\alpha}(\Omega)</formula>
    <formula uri="http://libmeta.ru/me/formula/main/1017_5_IIAUDERA">L_{t} u=t L u+(1-t) \Delta u, 0 \leqslant t \leqslant 1, L_{0}=\Delta .</formula>
    <formula uri="http://libmeta.ru/me/formula/main/1017_6_IIAUDERA">\|u\|_{C_{2+\alpha}(\Omega)} \leqslant C\left[\|L u\|_{C_{\alpha}(D)}+\|u\|_{C_{0}(D)}\right]</formula>
  </formulas_main>
  <formulas_aux>
    <formula uri="http://libmeta.ru/me/formula/aux/1017_1_IIAUDERA">\omega</formula>
    <formula uri="http://libmeta.ru/me/formula/aux/1017_2_IIAUDERA">x=\left(x_{1}, x_{2}, \ldots, x_{n}\right)</formula>
    <formula uri="http://libmeta.ru/me/formula/aux/1017_3_IIAUDERA">b(x) \leqslant 0</formula>
    <formula uri="http://libmeta.ru/me/formula/aux/1017_4_IIAUDERA">c_{\alpha}(\omega), C_{1+\alpha}(\Omega), C_{2+\alpha}(\Omega)</formula>
    <formula uri="http://libmeta.ru/me/formula/aux/1017_5_IIAUDERA">u=u(x)</formula>
    <formula uri="http://libmeta.ru/me/formula/aux/1017_6_IIAUDERA">\sigma</formula>
    <formula uri="http://libmeta.ru/me/formula/aux/1017_7_IIAUDERA">\omega</formula>
    <formula uri="http://libmeta.ru/me/formula/aux/1017_8_IIAUDERA">c_{2+\alpha}</formula>
    <formula uri="http://libmeta.ru/me/formula/aux/1017_9_IIAUDERA">\sigma_{x}(n-1)</formula>
    <formula uri="http://libmeta.ru/me/formula/aux/1017_10_IIAUDERA">\sigma</formula>
    <formula uri="http://libmeta.ru/me/formula/aux/1017_11_IIAUDERA">y=y(x)</formula>
    <formula uri="http://libmeta.ru/me/formula/aux/1017_12_IIAUDERA">y(x) \in C_{2+\alpha}\left(\sigma_{x}\right)</formula>
    <formula uri="http://libmeta.ru/me/formula/aux/1017_13_IIAUDERA">c_{\alpha}(\omega)</formula>
    <formula uri="http://libmeta.ru/me/formula/aux/1017_14_IIAUDERA">u \in C_{2+\alpha}(\Omega)</formula>
    <formula uri="http://libmeta.ru/me/formula/aux/1017_15_IIAUDERA">\|u\|_{c_{2+\alpha}(\omega)} \leqslant C\left[\|L u\|_{C_{\alpha}(\Omega)}+\|u\|_{C_{2+\alpha}(\Omega)}+\|u\|_{C_{0}(\Omega)}\right]</formula>
    <formula uri="http://libmeta.ru/me/formula/aux/1017_16_IIAUDERA">c</formula>
    <formula uri="http://libmeta.ru/me/formula/aux/1017_17_IIAUDERA">\omega</formula>
    <formula uri="http://libmeta.ru/me/formula/aux/1017_18_IIAUDERA">m \leqslant a^{i j}(x) \xi_{i} \xi_{j} /|\xi|^{2}, \xi \neq 0</formula>
    <formula uri="http://libmeta.ru/me/formula/aux/1017_19_IIAUDERA">l</formula>
    <formula uri="http://libmeta.ru/me/formula/aux/1017_20_IIAUDERA">u \in C_{2+\alpha}(\Omega)</formula>
    <formula uri="http://libmeta.ru/me/formula/aux/1017_21_IIAUDERA">\delta=\sum_{i=1}^{n} \partial^{2} / \partial x_{i}^{2}</formula>
    <formula uri="http://libmeta.ru/me/formula/aux/1017_22_IIAUDERA">\varphi(x) \equiv 0</formula>
    <formula uri="http://libmeta.ru/me/formula/aux/1017_23_IIAUDERA">l</formula>
    <formula uri="http://libmeta.ru/me/formula/aux/1017_24_IIAUDERA">55_{2}</formula>
    <formula uri="http://libmeta.ru/me/formula/aux/1017_25_IIAUDERA">)</formula>
    <formula uri="http://libmeta.ru/me/formula/aux/1017_26_IIAUDERA">t</formula>
    <formula uri="http://libmeta.ru/me/formula/aux/1017_27_IIAUDERA">t \in[0,1]</formula>
    <formula uri="http://libmeta.ru/me/formula/aux/1017_28_IIAUDERA">l_{t} u=f(x)</formula>
    <formula uri="http://libmeta.ru/me/formula/aux/1017_29_IIAUDERA">\left.u\right|_{\sigma}=0</formula>
    <formula uri="http://libmeta.ru/me/formula/aux/1017_30_IIAUDERA">u \in C_{2+\alpha}(\Omega)</formula>
    <formula uri="http://libmeta.ru/me/formula/aux/1017_31_IIAUDERA">f \in C_{\alpha}(\Omega)</formula>
    <formula uri="http://libmeta.ru/me/formula/aux/1017_32_IIAUDERA">[0,1]</formula>
    <formula uri="http://libmeta.ru/me/formula/aux/1017_33_IIAUDERA">d</formula>
    <formula uri="http://libmeta.ru/me/formula/aux/1017_34_IIAUDERA">\omega</formula>
    <formula uri="http://libmeta.ru/me/formula/aux/1017_35_IIAUDERA">u \in C_{2}+\alpha(D)</formula>
    <formula uri="http://libmeta.ru/me/formula/aux/1017_36_IIAUDERA">\omega \subset D</formula>
    <formula uri="http://libmeta.ru/me/formula/aux/1017_37_IIAUDERA">\varphi</formula>
    <formula uri="http://libmeta.ru/me/formula/aux/1017_38_IIAUDERA">f</formula>
    <formula uri="http://libmeta.ru/me/formula/aux/1017_39_IIAUDERA">c_{2+\alpha}</formula>
    <formula uri="http://libmeta.ru/me/formula/aux/1017_40_IIAUDERA">\quad</formula>
    <formula uri="http://libmeta.ru/me/formula/aux/1017_41_IIAUDERA">\quad \Omega_{1} \subset \Omega_{2} \subset \ldots \subset \Omega_{j} \subset</formula>
    <formula uri="http://libmeta.ru/me/formula/aux/1017_42_IIAUDERA">\subset \Omega_{j+1} \subset \ldots</formula>
    <formula uri="http://libmeta.ru/me/formula/aux/1017_43_IIAUDERA">\sigma</formula>
    <formula uri="http://libmeta.ru/me/formula/aux/1017_44_IIAUDERA">[1],[2])</formula>
  </formulas_aux>
  <relations n="13">
    <relation uri="http://libmeta.ru/me/relation/1017_1_IIAUDERA">
      <rel_text>развитием</rel_text>
      <target>http://libmeta.ru/me/article/882_RAZVERTK</target>
    </relation>
    <relation uri="http://libmeta.ru/me/relation/1017_2_IIAUDERA">
      <rel_text>границы</rel_text>
      <target>http://libmeta.ru/me/article/1166_GRANISch</target>
    </relation>
    <relation uri="http://libmeta.ru/me/relation/1017_3_IIAUDERA">
      <rel_text>порядка</rel_text>
      <target>http://libmeta.ru/me/article/531_PORJaDO</target>
    </relation>
    <relation uri="http://libmeta.ru/me/relation/1017_4_IIAUDERA">
      <rel_text>системы</rel_text>
      <target>http://libmeta.ru/me/article/350_SISTEM</target>
    </relation>
    <relation uri="http://libmeta.ru/me/relation/1017_5_IIAUDERA">
      <rel_text>уравнения</rel_text>
      <target>http://libmeta.ru/me/article/106_URAVNENI</target>
    </relation>
    <relation uri="http://libmeta.ru/me/relation/1017_6_IIAUDERA">
      <rel_text>имя</rel_text>
      <target>http://libmeta.ru/me/article/543_IM</target>
    </relation>
    <relation uri="http://libmeta.ru/me/relation/1017_7_IIAUDERA">
      <rel_text>границы</rel_text>
      <target>http://libmeta.ru/me/article/1166_GRANISch</target>
    </relation>
    <relation uri="http://libmeta.ru/me/relation/1017_8_IIAUDERA">
      <rel_text>последовательностей</rel_text>
      <target>http://libmeta.ru/me/article/534_POSLEDOVATEL'NOST</target>
    </relation>
    <relation uri="http://libmeta.ru/me/relation/1017_9_IIAUDERA">
      <rel_text>представимых</rel_text>
      <target>http://libmeta.ru/me/article/3_PREDSTAVLENI</target>
    </relation>
    <relation uri="http://libmeta.ru/me/relation/1017_10_IIAUDERA">
      <rel_text>функции</rel_text>
      <target>http://libmeta.ru/me/article/790_FUNKTO</target>
    </relation>
    <relation uri="http://libmeta.ru/me/relation/1017_11_IIAUDERA">
      <rel_text>задачи</rel_text>
      <target>http://libmeta.ru/me/article/10_ZAdAch</target>
    </relation>
    <relation uri="http://libmeta.ru/me/relation/1017_12_IIAUDERA">
      <rel_text>функций</rel_text>
      <target>http://libmeta.ru/me/article/790_FUNKTO</target>
    </relation>
    <relation uri="http://libmeta.ru/me/relation/1017_13_IIAUDERA">
      <rel_text>функции</rel_text>
      <target>http://libmeta.ru/me/article/790_FUNKTO</target>
    </relation>
  </relations>
  <text>метод решения краевых задач для линейных равномерно эллиптических уравнений 2-го ıорядка, в основе к-рого лежкат априорные оценки и метод продолжения по параметру.

Ii. м. решения Дирихле задачи для линейного равномерно эллинтического уравнения

\[
URI[[http://libmeta.ru/me/formula/main/1017_1_IIAUDERA]]/URI
\] заданного в огрангченной области $URI[[http://libmeta.ru/me/formula/aux/1017_1_IIAUDERA]]/URI$ евклидова пространства точек $URI[[http://libmeta.ru/me/formula/aux/1017_2_IIAUDERA]]/URI$ и с коэфффициентом $URI[[http://libmeta.ru/me/formula/aux/1017_3_IIAUDERA]]/URI$ описывается следующим образом.

1. Вводятся пространства $URI[[http://libmeta.ru/me/formula/aux/1017_4_IIAUDERA]]/URI$ как множества функций $URI[[http://libmeta.ru/me/formula/aux/1017_5_IIAUDERA]]/URI$ с конечными нормами

\[
URI[[http://libmeta.ru/me/formula/main/1017_2_IIAUDERA]]/URI
\]

2. Предшолагается, что граница $URI[[http://libmeta.ru/me/formula/aux/1017_6_IIAUDERA]]/URI$ области $URI[[http://libmeta.ru/me/formula/aux/1017_7_IIAUDERA]]/URI$ принадлежит классу $URI[[http://libmeta.ru/me/formula/aux/1017_8_IIAUDERA]]/URI$, т. е. каждый элемент $URI[[http://libmeta.ru/me/formula/aux/1017_9_IIAUDERA]]/URI$ мерной поверхности $URI[[http://libmeta.ru/me/formula/aux/1017_10_IIAUDERA]]/URI$ может быть отображен на часть плоскости с помощью преобразования координат $URI[[http://libmeta.ru/me/formula/aux/1017_11_IIAUDERA]]/URI$ c положительным якобианом, причем функция $URI[[http://libmeta.ru/me/formula/aux/1017_12_IIAUDERA]]/URI$.

3. Доказывается, что если коэффициенты уравнения (1) принадлежат пространству $URI[[http://libmeta.ru/me/formula/aux/1017_13_IIAUDERA]]/URI$ и функция $URI[[http://libmeta.ru/me/formula/aux/1017_14_IIAUDERA]]/URI$, то сіграведлива априорная оценка вплоть до границы

$URI[[http://libmeta.ru/me/formula/aux/1017_15_IIAUDERA]]/URI$,

где иостоянная $URI[[http://libmeta.ru/me/formula/aux/1017_16_IIAUDERA]]/URI$ зависит только от $URI[[http://libmeta.ru/me/formula/aux/1017_17_IIAUDERA]]/URI$, постоянной әллиптичности $URI[[http://libmeta.ru/me/formula/aux/1017_18_IIAUDERA]]/URI$, и норм коәф্ффициентов оператора $URI[[http://libmeta.ru/me/formula/aux/1017_19_IIAUDERA]]/URI$, а

\[
URI[[http://libmeta.ru/me/formula/main/1017_3_IIAUDERA]]/URI
\]

4. Считается известным метод доказательства существования решения $URI[[http://libmeta.ru/me/formula/aux/1017_20_IIAUDERA]]/URI$ задачи Дирихле

\[
URI[[http://libmeta.ru/me/formula/main/1017_4_IIAUDERA]]/URI
\]

для оператора Лапласа $URI[[http://libmeta.ru/me/formula/aux/1017_21_IIAUDERA]]/URI$.

5. Не нарупая общности, полагается $URI[[http://libmeta.ru/me/formula/aux/1017_22_IIAUDERA]]/URI$ и затем реализуется метод продолжения по параметру, сущность к-рого состоит в том, что:

51. Оператор $URI[[http://libmeta.ru/me/formula/aux/1017_23_IIAUDERA]]/URI$ вкладывается в однопараметрическое семеӥство операторов

\[
URI[[http://libmeta.ru/me/formula/main/1017_5_IIAUDERA]]/URI
\]

$URI[[http://libmeta.ru/me/formula/aux/1017_24_IIAUDERA]]/URI$. Существенно ошираясь на априорную оценку ( 2$URI[[http://libmeta.ru/me/formula/aux/1017_25_IIAUDERA]]/URI$, устанавливается, что множество $URI[[http://libmeta.ru/me/formula/aux/1017_26_IIAUDERA]]/URI$ тех значений параметра $URI[[http://libmeta.ru/me/formula/aux/1017_27_IIAUDERA]]/URI$, для к-рых задача Дирихле $URI[[http://libmeta.ru/me/formula/aux/1017_28_IIAUDERA]]/URI$, $URI[[http://libmeta.ru/me/formula/aux/1017_29_IIAUDERA]]/URI$ имеет решение $URI[[http://libmeta.ru/me/formula/aux/1017_30_IIAUDERA]]/URI$ при любых $URI[[http://libmeta.ru/me/formula/aux/1017_31_IIAUDERA]]/URI$ является одновременно открытым и, стало быть, совпадает с единичным отрезком $URI[[http://libmeta.ru/me/formula/aux/1017_32_IIAUDERA]]/URI$.

6. Доказывается, что если $URI[[http://libmeta.ru/me/formula/aux/1017_33_IIAUDERA]]/URI$-ограниченная область, сөдержащаяся в $URI[[http://libmeta.ru/me/formula/aux/1017_34_IIAUDERA]]/URI$ вместе со своим замыканием, то д.пя любоӥ функцип $URI[[http://libmeta.ru/me/formula/aux/1017_35_IIAUDERA]]/URI$ и каждой компактной подобласти $URI[[http://libmeta.ru/me/formula/aux/1017_36_IIAUDERA]]/URI$ справедлива внутренняя априорная оценка:

\[
URI[[http://libmeta.ru/me/formula/main/1017_6_IIAUDERA]]/URI
\]

7. Равномерно аппроксимируя заданные URI[[http://libmeta.ru/me/relation/1017_13_IIAUDERA]]/URI $URI[[http://libmeta.ru/me/formula/aux/1017_37_IIAUDERA]]/URI$ и $URI[[http://libmeta.ru/me/formula/aux/1017_38_IIAUDERA]]/URI$ с помощью URI[[http://libmeta.ru/me/relation/1017_12_IIAUDERA]]/URI из класса $URI[[http://libmeta.ru/me/formula/aux/1017_39_IIAUDERA]]/URI$ и применяя оценку (3), показывается существование решения URI[[http://libmeta.ru/me/relation/1017_11_IIAUDERA]]/URI Дирихле для любой непрерывной граничной URI[[http://libmeta.ru/me/relation/1017_10_IIAUDERA]]/URI и широкого класса областей с негладкими границами, напр. для областей, URI[[http://libmeta.ru/me/relation/1017_9_IIAUDERA]]/URI как объединение URI[[http://libmeta.ru/me/relation/1017_8_IIAUDERA]]/URI $URI[[http://libmeta.ru/me/formula/aux/1017_40_IIAUDERA]]/URI$ бластей $URI[[http://libmeta.ru/me/formula/aux/1017_41_IIAUDERA]]/URI$ $URI[[http://libmeta.ru/me/formula/aux/1017_42_IIAUDERA]]/URI$, URI[[http://libmeta.ru/me/relation/1017_7_IIAUDERA]]/URI к-рых имеют такую же гладкость, что и $URI[[http://libmeta.ru/me/formula/aux/1017_43_IIAUDERA]]/URI$.

Оценки 2 и 3 иолучены впервые Ю. Шаудером (см. $URI[[http://libmeta.ru/me/formula/aux/1017_44_IIAUDERA]]/URI$ и носят его URI[[http://libmeta.ru/me/relation/1017_6_IIAUDERA]]/URI. Оценки Шаудера и его метод обобщены на URI[[http://libmeta.ru/me/relation/1017_5_IIAUDERA]]/URI и URI[[http://libmeta.ru/me/relation/1017_4_IIAUDERA]]/URI выстего URI[[http://libmeta.ru/me/relation/1017_3_IIAUDERA]]/URI. Соответствующие им как внутренние, так и вплоть до URI[[http://libmeta.ru/me/relation/1017_2_IIAUDERA]]/URI, априорные оценки иногда наз. о ц е н к а м и ші а у д е р в с к о г ти п а. Дальнейшим URI[[http://libmeta.ru/me/relation/1017_1_IIAUDERA]]/URI Ш. м. является метод априорных оценок.</text>
  <text_orig>метод решения краевых задач для линейных равномерно эллиптических уравнений 2-го ıорядка, в основе к-рого лежкат априорные оценки и метод продолжения по параметру.

II. м. решения Дирихле задачи для линейного равномерно эллинтического уравнения

\[
L u \equiv a^{i j}(x) u_{x_{i} x_{j}}+b^{j}(x) u_{x_{j}}+b(x) u=f(x),
\] заданного в огрангченной области $\Omega$ евклидова пространства точек $x=\left(x_{1}, x_{2}, \ldots, x_{n}\right)$ и с коэфффициентом $b(x) \leqslant 0$ описывается следующим образом.

1. Вводятся пространства $C_{\alpha}(\Omega), C_{1+\alpha}(\Omega), C_{2+\alpha}(\Omega)$ как множества функций $u=u(x)$ с конечными нормами

\[
\begin{gathered}
\|u\|_{C_{\alpha}(\Omega)}=\sup _{x \in \Omega}|u(x)|+\sup _{x, y} \frac{u(x)-u(y)}{|x-y|^{\alpha}}, \quad 0&lt;\alpha&lt;1, \\
\|u\|_{C_{1+\alpha}(\Omega)}=\|u\|_{C_{\alpha}(\Omega)}+\sum_{i=1}^{n}\left\|u_{x_{i}}\right\| C_{\alpha}(\Omega), \\
\|u\|_{C_{2+\alpha}(\Omega)}=\|u\|_{C_{1+\alpha}(\Omega)}+\sum_{i, j=1}^{n}\left\|u_{x_{i}, x_{j}}\right\| C_{\alpha}(\Omega)
\end{gathered}
\]

2. Предшолагается, что граница $\sigma$ области $\Omega$ принадлежит классу $C_{2+\alpha}$, т. е. каждый элемент $\sigma_{x}(n-1)$ мерной поверхности $\sigma$ может быть отображен на часть плоскости с помощью преобразования координат $y=y(x)$ c положительным якобианом, причем функция $y(x) \in C_{2+\alpha}\left(\sigma_{x}\right)$.

3. Доказывается, что если коэффициенты уравнения (1) принадлежат пространству $C_{\alpha}(\Omega)$ и функция $u \in C_{2+\alpha}(\Omega)$, то сіграведлива априорная оценка вплоть до границы

$\|u\|_{C_{2+\alpha}(\Omega)} \leqslant C\left[\|L u\|_{C_{\alpha}(\Omega)}+\|u\|_{C_{2+\alpha}(\Omega)}+\|u\|_{C_{0}(\Omega)}\right]$,

где иостоянная $C$ зависит только от $\Omega$, постоянной әллиптичности $m \leqslant a^{i j}(x) \xi_{i} \xi_{j} /|\xi|^{2}, \xi \neq 0$, и норм коәф্ффициентов оператора $L$, а

\[
\|u\|_{C_{0}(\Omega)}=\sup _{x \in \Omega}|u(x)| \text {. }
\]

4. Считается известным метод доказательства существования решения $u \in C_{2+\alpha}(\Omega)$ задачи Дирихле

\[
\left.u\right|_{\sigma}=\varphi(x) \in C_{2+\alpha}(\Omega)
\]

для оператора Лапласа $\Delta=\sum_{i=1}^{n} \partial^{2} / \partial x_{i}^{2}$.

5. Не нарупая общности, полагается $\varphi(x) \equiv 0$ и затем реализуется метод продолжения по параметру, сущность к-рого состоит в том, что:

51. Оператор $L$ вкладывается в однопараметрическое семеӥство операторов

\[
L_{t} u=t L u+(1-t) \Delta u, 0 \leqslant t \leqslant 1, L_{0}=\Delta .
\]

$55_{2}$. Существенно ошираясь на априорную оценку ( 2$)$, устанавливается, что множество $T$ тех значений параметра $t \in[0,1]$, для к-рых задача Дирихле $L_{t} u=f(x)$, $\left.u\right|_{\sigma}=0$ имеет решение $u \in C_{2+\alpha}(\Omega)$ при любых $f \in C_{\alpha}(\Omega)$ является одновременно открытым и, стало быть, совпадает с единичным отрезком $[0,1]$.

6. Доказывается, что если $D$-ограниченная область, сөдержащаяся в $\Omega$ вместе со своим замыканием, то д.пя любоӥ функцип $u \in C_{2}+\alpha(D)$ и каждой компактной подобласти $\omega \subset D$ справедлива внутренняя априорная оценка:

\[
\|u\|_{C_{2+\alpha}(\Omega)} \leqslant C\left[\|L u\|_{C_{\alpha}(D)}+\|u\|_{C_{0}(D)}\right]
\]

7. Равномерно аппроксимируя заданные функции $\varphi$ и $f$ с помощью функций из класса $C_{2+\alpha}$ и применяя оценку (3), показывается существование решения задачи Дирихле для любой непрерывной граничной функции и широкого класса областей с негладкими границами, напр. для областей, представимых как объединение последовательностей $\quad$ бластей $\quad \Omega_{1} \subset \Omega_{2} \subset \ldots \subset \Omega_{j} \subset$ $\subset \Omega_{j+1} \subset \ldots$, границы к-рых имеют такую же гладкость, что и $\sigma$.

Оценки 2 и 3 иолучены впервые Ю. Шаудером (см. $[1],[2])$ и носят его имя. Оценки Шаудера и его метод обобщены на уравнения и системы выстего порядка. Соответствующие им как внутренние, так и вплоть до границы, априорные оценки иногда наз. о ц е н к а м и ші а у д е р в с к о г ти п а. Дальнейшим развитием Ш. м. является метод априорных оценок.

Jum.: [1] S c h a u d e r J., &quot;Math. Z.&quot;, 1934, Bd 38, № 2, S. 257-82; [2] е г о же, &quot;Stud, math.&quot;, 1935, v. 5, p. 34-42; стными производными, пер. с англ., М., 1966:' [4] К у р а н т Р., Уравнения с частными производными, пер. с англ., М., 1964 ; производных, М., 1981; [6] Б е р е з а н с к и й Ю. М., Разлюжение по собственным функциям самосопряженных операторов, К., $1965 ;[7]$ J а ды же н с ка я О. А., У в а Н. Н., Линейные и квазилинейные уравнения эллиптического типа, 2 изд., М., $1973 . \quad$ A. М. Нахушев.</text_orig>
</article>
