<?xml version="1.0" ?>
<article uri="http://libmeta.ru/me/article/1018_KOMPLLKSNOE" alphabetic_pos="1018">
  <title>КОМПЛЛКСНОЕ ЧИСЛО</title>
  <authors/>
  <pages>
    <start>505</start>
    <end>507</end>
  </pages>
  <literature>
    <literature_orig>Лит.: [1] К у р о ші А. Г., Курс высшей алгебры, 9 изд., М., 1968; [2] К о с т р и к и н А. И., Введение в алгебру, М., 1977; [3] м а р к у шi е в и ч А. И., Теория аналитических Функций, т. 1, 2 изд., М., 1967; [4] Iii а б а т Б. В., Введение в комплексный анализ, ч. 1, 2 изд., М., 1976; [5] Л а в р е н т ье в М. А., Ii а 6 а т Б. В., Проблемы гидродинамики и их математические модели, 2 изд., М., 1977; [6] Г у р в и ц. А.,![](https://cdn.mathpix.com/cropped/2023_07_08_e87e7482a9d7e2f374a3g-1.jpg?height=38&amp;width=814&amp;top_left_y=982&amp;top_left_x=131)1949 ; [8] б у р б а к и Н., Общая топология. Топологические![](https://cdn.mathpix.com/cropped/2023_07_08_e87e7482a9d7e2f374a3g-1.jpg?height=45&amp;width=829&amp;top_left_y=1039&amp;top_left_x=129)</literature_orig>
    <unit>
      <author>Куроші А. Г.</author>
      <title>Курс высшей алгебры</title>
      <publication>9 изд., М.</publication>
      <year>1968</year>
      <other/>
    </unit>
    <unit>
      <author>Кострикин А. И.</author>
      <title>Введение в алгебру</title>
      <publication>М.</publication>
      <year>1977</year>
      <other/>
    </unit>
    <unit>
      <author>маркушiевич А. И.</author>
      <title>Теория аналитических Функций</title>
      <publication>2 изд., М.</publication>
      <year>1967</year>
      <other>т. 1</other>
    </unit>
    <unit>
      <author>Iiiабат Б. В.</author>
      <title>Введение в комплексный анализ, ч. 1</title>
      <publication>2 изд., М.</publication>
      <year>1976</year>
      <other/>
    </unit>
    <unit>
      <author>Лаврентьев М. А.</author>
      <author>Iiа6ат Б. В.</author>
      <title>Проблемы гидродинамики и их математические модели</title>
      <publication>2 изд., М.</publication>
      <year>1977</year>
      <other/>
    </unit>
    <unit>
      <author>Гурвиц. А.</author>
      <author>![](https://cdn.mathpix.com/cropped/2023_07_08_e87e7482a9d7e2f374a3g-1.jpg?height=38&amp;width=814&amp;top_left_y=982&amp;top_left_x=131)1949;[8]бурбаки Н.</author>
      <title/>
      <publication/>
      <year/>
      <other>Общая топология. Топологические![](https://cdn.mathpix.com/cropped/2023_07_08_e87e7482a9d7e2f374a3g-1.jpg?height=45&amp;width=829&amp;top_left_y=1039&amp;top_left_x=129)</other>
    </unit>
  </literature>
  <formulas_main>
    <formula uri="http://libmeta.ru/me/formula/main/1018_1_KOMPLLKSNOE">z+z^{\prime}=(x, y)+\left(x^{\prime}, y^{\prime}\right)=\left(x+x^{\prime}, y+y^{\prime}\right) \text {, }</formula>
    <formula uri="http://libmeta.ru/me/formula/main/1018_2_KOMPLLKSNOE">z+\bar{z}=2 \operatorname{Re} z, \quad z \bar{z}=|z|^{2}</formula>
    <formula uri="http://libmeta.ru/me/formula/main/1018_3_KOMPLLKSNOE">|| z|-| z^{\prime}|| \leqslant\left|z+z^{\prime}\right| \leqslant|z|+\left|z^{\prime}\right| .</formula>
    <formula uri="http://libmeta.ru/me/formula/main/1018_4_KOMPLLKSNOE">\begin{gathered}z-z^{\prime}=(x+i y)-\left(x^{\prime}+i y^{\prime}\right)=\left(x-x^{\prime}\right)+i\left(y-y^{\prime}\right), \\\frac{z^{\prime}}{z}=\frac{x^{\prime}+i y^{\prime}}{x+i y}=\frac{z^{\prime} \bar{z}}{|z|^{2}}=\frac{x x^{\prime}+y y^{\prime}}{x^{2}+y^{2}}+i \frac{y x^{\prime}-x y^{\prime}}{x^{2}+y^{2}}, z \neq 0 .\end{gathered}</formula>
    <formula uri="http://libmeta.ru/me/formula/main/1018_5_KOMPLLKSNOE">\frac{\bar{z}}{|z|^{2}}=\frac{x}{x^{2}+y^{2}}-i \frac{y}{x^{2}+y^{2}} \text {. }</formula>
    <formula uri="http://libmeta.ru/me/formula/main/1018_6_KOMPLLKSNOE">w=\left\|\begin{array}{rr}u &amp; v \\-v &amp; u\end{array}\right\|</formula>
    <formula uri="http://libmeta.ru/me/formula/main/1018_7_KOMPLLKSNOE">z=r e^{i \varphi} \text {. }</formula>
    <formula uri="http://libmeta.ru/me/formula/main/1018_8_KOMPLLKSNOE">z z^{\prime}=r r^{\prime}\left[\cos \left(\varphi+\varphi^{\prime}\right)+i \sin \left(\varphi+\varphi^{\prime}\right)\right]=r r^{\prime} e^{i\left(\varphi+\varphi^{\prime}\right)},</formula>
    <formula uri="http://libmeta.ru/me/formula/main/1018_9_KOMPLLKSNOE">\begin{gathered}z^{n}=r^{n}(\cos n \varphi+i \sin n \varphi)=r^{n} e^{i n \varphi}, \\\sqrt[n]{z}=\sqrt[n]{r}\left(\cos \frac{\varphi+2 k \pi}{n}+i \sin \frac{\varphi+2 k \pi}{n}\right)= \\=\sqrt[n]{r} e^{i \frac{\varphi+2 k \pi}{n}}, k=0,1, \ldots, n-1,\end{gathered}</formula>
    <formula uri="http://libmeta.ru/me/formula/main/1018_10_KOMPLLKSNOE">(x, y) \cdot\left\|\begin{array}{rr}u &amp; v \\-v &amp; u\end{array}\right\|=(x u-y v, x v+y u)</formula>
  </formulas_main>
  <formulas_aux>
    <formula uri="http://libmeta.ru/me/formula/aux/1018_1_KOMPLLKSNOE">z=x+i y</formula>
    <formula uri="http://libmeta.ru/me/formula/aux/1018_2_KOMPLLKSNOE">x</formula>
    <formula uri="http://libmeta.ru/me/formula/aux/1018_3_KOMPLLKSNOE">y</formula>
    <formula uri="http://libmeta.ru/me/formula/aux/1018_4_KOMPLLKSNOE">i=\sqrt{-1}</formula>
    <formula uri="http://libmeta.ru/me/formula/aux/1018_5_KOMPLLKSNOE">j=\sqrt{-1}) ; x</formula>
    <formula uri="http://libmeta.ru/me/formula/aux/1018_6_KOMPLLKSNOE">z</formula>
    <formula uri="http://libmeta.ru/me/formula/aux/1018_7_KOMPLLKSNOE">y</formula>
    <formula uri="http://libmeta.ru/me/formula/aux/1018_8_KOMPLLKSNOE">x=\operatorname{re} z, \quad y=\operatorname{Im} z)</formula>
    <formula uri="http://libmeta.ru/me/formula/aux/1018_9_KOMPLLKSNOE">y=0 ;</formula>
    <formula uri="http://libmeta.ru/me/formula/aux/1018_10_KOMPLLKSNOE">y \neq 0</formula>
    <formula uri="http://libmeta.ru/me/formula/aux/1018_11_KOMPLLKSNOE">\mathbf{k}</formula>
    <formula uri="http://libmeta.ru/me/formula/aux/1018_12_KOMPLLKSNOE">k</formula>
    <formula uri="http://libmeta.ru/me/formula/aux/1018_13_KOMPLLKSNOE">\mathbb{c}</formula>
    <formula uri="http://libmeta.ru/me/formula/aux/1018_14_KOMPLLKSNOE">\mathbb{r}</formula>
    <formula uri="http://libmeta.ru/me/formula/aux/1018_15_KOMPLLKSNOE">\mathbb{r}</formula>
    <formula uri="http://libmeta.ru/me/formula/aux/1018_16_KOMPLLKSNOE">i</formula>
    <formula uri="http://libmeta.ru/me/formula/aux/1018_17_KOMPLLKSNOE">x^{2}+1</formula>
    <formula uri="http://libmeta.ru/me/formula/aux/1018_18_KOMPLLKSNOE">\mathbb{c}</formula>
    <formula uri="http://libmeta.ru/me/formula/aux/1018_19_KOMPLLKSNOE">\mathbb{c}</formula>
    <formula uri="http://libmeta.ru/me/formula/aux/1018_20_KOMPLLKSNOE">\mathbb{c}</formula>
    <formula uri="http://libmeta.ru/me/formula/aux/1018_21_KOMPLLKSNOE">n \geqslant 1</formula>
    <formula uri="http://libmeta.ru/me/formula/aux/1018_22_KOMPLLKSNOE">\mathbb{c}</formula>
    <formula uri="http://libmeta.ru/me/formula/aux/1018_23_KOMPLLKSNOE">\mathbb{c}</formula>
    <formula uri="http://libmeta.ru/me/formula/aux/1018_24_KOMPLLKSNOE">-\Gamma</formula>
    <formula uri="http://libmeta.ru/me/formula/aux/1018_25_KOMPLLKSNOE">\mathbb{c}</formula>
    <formula uri="http://libmeta.ru/me/formula/aux/1018_26_KOMPLLKSNOE">z=(x, y)</formula>
    <formula uri="http://libmeta.ru/me/formula/aux/1018_27_KOMPLLKSNOE">z^{\prime}=\left(x^{\prime}, y^{\prime}\right), \ldots</formula>
    <formula uri="http://libmeta.ru/me/formula/aux/1018_28_KOMPLLKSNOE">(x, y),\left(x^{\prime}, y^{\prime}\right), \ldots</formula>
    <formula uri="http://libmeta.ru/me/formula/aux/1018_29_KOMPLLKSNOE">\mathbb{r}^{2}</formula>
    <formula uri="http://libmeta.ru/me/formula/aux/1018_30_KOMPLLKSNOE">x</formula>
    <formula uri="http://libmeta.ru/me/formula/aux/1018_31_KOMPLLKSNOE">y</formula>
    <formula uri="http://libmeta.ru/me/formula/aux/1018_32_KOMPLLKSNOE">x^{\prime}</formula>
    <formula uri="http://libmeta.ru/me/formula/aux/1018_33_KOMPLLKSNOE">y^{\prime}, \ldots</formula>
    <formula uri="http://libmeta.ru/me/formula/aux/1018_34_KOMPLLKSNOE">z=(x, y)</formula>
    <formula uri="http://libmeta.ru/me/formula/aux/1018_35_KOMPLLKSNOE">z^{\prime}=</formula>
    <formula uri="http://libmeta.ru/me/formula/aux/1018_36_KOMPLLKSNOE">=\left(x^{\prime}, y^{\prime}\right)</formula>
    <formula uri="http://libmeta.ru/me/formula/aux/1018_37_KOMPLLKSNOE">\left(x+x^{\prime}, y+y^{\prime}\right)</formula>
    <formula uri="http://libmeta.ru/me/formula/aux/1018_38_KOMPLLKSNOE">\left(x x^{\prime}-y y^{\prime}, x y^{\prime}+x^{\prime} y\right)</formula>
    <formula uri="http://libmeta.ru/me/formula/aux/1018_39_KOMPLLKSNOE">z z^{\prime}=(x, y)\left(x^{\prime}, y^{\prime}\right)=\left(x x^{\prime}-y y^{\prime}, x y^{\prime}+x^{\prime} y\right)</formula>
    <formula uri="http://libmeta.ru/me/formula/aux/1018_40_KOMPLLKSNOE">0=(0,0)</formula>
    <formula uri="http://libmeta.ru/me/formula/aux/1018_41_KOMPLLKSNOE">(1,0)</formula>
    <formula uri="http://libmeta.ru/me/formula/aux/1018_42_KOMPLLKSNOE">\mathbb{c}</formula>
    <formula uri="http://libmeta.ru/me/formula/aux/1018_43_KOMPLLKSNOE">\mathbb{r}^{2}</formula>
    <formula uri="http://libmeta.ru/me/formula/aux/1018_44_KOMPLLKSNOE">\mathbb{c}</formula>
    <formula uri="http://libmeta.ru/me/formula/aux/1018_45_KOMPLLKSNOE">x, x^{\prime}, \ldots</formula>
    <formula uri="http://libmeta.ru/me/formula/aux/1018_46_KOMPLLKSNOE">(x, 0),\left(x^{\prime}, 0\right), \ldots</formula>
    <formula uri="http://libmeta.ru/me/formula/aux/1018_47_KOMPLLKSNOE">\mathbb{c}</formula>
    <formula uri="http://libmeta.ru/me/formula/aux/1018_48_KOMPLLKSNOE">(0, y)=i y,\left(0, y^{\prime}\right)=i y^{\prime}, \ldots</formula>
    <formula uri="http://libmeta.ru/me/formula/aux/1018_49_KOMPLLKSNOE">\mathbb{c}</formula>
    <formula uri="http://libmeta.ru/me/formula/aux/1018_50_KOMPLLKSNOE">i y, i y^{\prime}, \ldots</formula>
    <formula uri="http://libmeta.ru/me/formula/aux/1018_51_KOMPLLKSNOE">z, z^{\prime}, \ldots</formula>
    <formula uri="http://libmeta.ru/me/formula/aux/1018_52_KOMPLLKSNOE">\mathbb{c}</formula>
    <formula uri="http://libmeta.ru/me/formula/aux/1018_53_KOMPLLKSNOE">\mathfrak{k}</formula>
    <formula uri="http://libmeta.ru/me/formula/aux/1018_54_KOMPLLKSNOE">z=(x, y)=x+i y, z^{\prime}=\left(x^{\prime}, y^{\prime}\right)=x^{\prime}+i y^{\prime}, \ldots</formula>
    <formula uri="http://libmeta.ru/me/formula/aux/1018_55_KOMPLLKSNOE">к</formula>
    <formula uri="http://libmeta.ru/me/formula/aux/1018_56_KOMPLLKSNOE">i \cdot i=i^{2}=-1</formula>
    <formula uri="http://libmeta.ru/me/formula/aux/1018_57_KOMPLLKSNOE">z=(x, y)=x+i y</formula>
    <formula uri="http://libmeta.ru/me/formula/aux/1018_58_KOMPLLKSNOE">\bar{z}=(x,-y)=x-i y</formula>
    <formula uri="http://libmeta.ru/me/formula/aux/1018_59_KOMPLLKSNOE">\mathbb{c}</formula>
    <formula uri="http://libmeta.ru/me/formula/aux/1018_60_KOMPLLKSNOE">|z|=r=\sqrt{x^{2}+y^{2}}</formula>
    <formula uri="http://libmeta.ru/me/formula/aux/1018_61_KOMPLLKSNOE">z</formula>
    <formula uri="http://libmeta.ru/me/formula/aux/1018_62_KOMPLLKSNOE">z</formula>
    <formula uri="http://libmeta.ru/me/formula/aux/1018_63_KOMPLLKSNOE">|z|&gt;0</formula>
    <formula uri="http://libmeta.ru/me/formula/aux/1018_64_KOMPLLKSNOE">z \rightarrow \bar{z}</formula>
    <formula uri="http://libmeta.ru/me/formula/aux/1018_65_KOMPLLKSNOE">\bar{z} \rightarrow \overline{\bar{z}}=z</formula>
    <formula uri="http://libmeta.ru/me/formula/aux/1018_66_KOMPLLKSNOE">\overline{z+z^{\prime}}=\bar{z}+\bar{z}^{\prime}</formula>
    <formula uri="http://libmeta.ru/me/formula/aux/1018_67_KOMPLLKSNOE">\overline{z z^{\prime}}=\bar{z} \bar{z}^{\prime}</formula>
    <formula uri="http://libmeta.ru/me/formula/aux/1018_68_KOMPLLKSNOE">z^{\prime}</formula>
    <formula uri="http://libmeta.ru/me/formula/aux/1018_69_KOMPLLKSNOE">z \neq 0</formula>
    <formula uri="http://libmeta.ru/me/formula/aux/1018_70_KOMPLLKSNOE">z^{\prime}</formula>
    <formula uri="http://libmeta.ru/me/formula/aux/1018_71_KOMPLLKSNOE">\mathbb{c}</formula>
    <formula uri="http://libmeta.ru/me/formula/aux/1018_72_KOMPLLKSNOE">\mathbb{r}</formula>
    <formula uri="http://libmeta.ru/me/formula/aux/1018_73_KOMPLLKSNOE">\mathbb{r}</formula>
    <formula uri="http://libmeta.ru/me/formula/aux/1018_74_KOMPLLKSNOE">i</formula>
    <formula uri="http://libmeta.ru/me/formula/aux/1018_75_KOMPLLKSNOE">x^{2}+1=</formula>
    <formula uri="http://libmeta.ru/me/formula/aux/1018_76_KOMPLLKSNOE">=0</formula>
    <formula uri="http://libmeta.ru/me/formula/aux/1018_77_KOMPLLKSNOE">\mathbb{c}</formula>
    <formula uri="http://libmeta.ru/me/formula/aux/1018_78_KOMPLLKSNOE">i</formula>
    <formula uri="http://libmeta.ru/me/formula/aux/1018_79_KOMPLLKSNOE">z=</formula>
    <formula uri="http://libmeta.ru/me/formula/aux/1018_80_KOMPLLKSNOE">=x+i y</formula>
    <formula uri="http://libmeta.ru/me/formula/aux/1018_81_KOMPLLKSNOE">(x, y)</formula>
    <formula uri="http://libmeta.ru/me/formula/aux/1018_82_KOMPLLKSNOE">x</formula>
    <formula uri="http://libmeta.ru/me/formula/aux/1018_83_KOMPLLKSNOE">y</formula>
    <formula uri="http://libmeta.ru/me/formula/aux/1018_84_KOMPLLKSNOE">[4],[5])</formula>
    <formula uri="http://libmeta.ru/me/formula/aux/1018_85_KOMPLLKSNOE">к</formula>
    <formula uri="http://libmeta.ru/me/formula/aux/1018_86_KOMPLLKSNOE">w=</formula>
    <formula uri="http://libmeta.ru/me/formula/aux/1018_87_KOMPLLKSNOE">=u+i v</formula>
    <formula uri="http://libmeta.ru/me/formula/aux/1018_88_KOMPLLKSNOE">\mathbb{c}</formula>
    <formula uri="http://libmeta.ru/me/formula/aux/1018_89_KOMPLLKSNOE">r=|z|</formula>
    <formula uri="http://libmeta.ru/me/formula/aux/1018_90_KOMPLLKSNOE">\varphi=\operatorname{arg} z</formula>
    <formula uri="http://libmeta.ru/me/formula/aux/1018_91_KOMPLLKSNOE">z</formula>
    <formula uri="http://libmeta.ru/me/formula/aux/1018_92_KOMPLLKSNOE">z</formula>
    <formula uri="http://libmeta.ru/me/formula/aux/1018_93_KOMPLLKSNOE">z=r(\cos \varphi+i \sin \varphi)</formula>
    <formula uri="http://libmeta.ru/me/formula/aux/1018_94_KOMPLLKSNOE">r \cos \varphi=\operatorname{Re} z, r \sin \varphi=\operatorname{Im} z</formula>
    <formula uri="http://libmeta.ru/me/formula/aux/1018_95_KOMPLLKSNOE">\varphi=\operatorname{arg} z</formula>
    <formula uri="http://libmeta.ru/me/formula/aux/1018_96_KOMPLLKSNOE">z \neq 0</formula>
    <formula uri="http://libmeta.ru/me/formula/aux/1018_97_KOMPLLKSNOE">z</formula>
    <formula uri="http://libmeta.ru/me/formula/aux/1018_98_KOMPLLKSNOE">2 \pi</formula>
    <formula uri="http://libmeta.ru/me/formula/aux/1018_99_KOMPLLKSNOE">z=0</formula>
    <formula uri="http://libmeta.ru/me/formula/aux/1018_100_KOMPLLKSNOE">\varphi=\arg z, \quad</formula>
    <formula uri="http://libmeta.ru/me/formula/aux/1018_101_KOMPLLKSNOE">-\pi&lt;\arg z \leqslant \pi . \quad Э</formula>
    <formula uri="http://libmeta.ru/me/formula/aux/1018_102_KOMPLLKSNOE">e^{ \pm i \varphi}=\cos \varphi \pm i \sin \varphi</formula>
    <formula uri="http://libmeta.ru/me/formula/aux/1018_103_KOMPLLKSNOE">\frac{z^{\prime}}{z}=\frac{r^{\prime}}{r}\left[\cos \left(\varphi^{\prime}-\varphi\right)+i \sin \left(\varphi^{\prime}-\varphi\right)\right]=\frac{r^{\prime}}{r} e^{i\left(\varphi-\varphi^{\prime}\right)}, r&gt;0</formula>
    <formula uri="http://libmeta.ru/me/formula/aux/1018_104_KOMPLLKSNOE">z</formula>
    <formula uri="http://libmeta.ru/me/formula/aux/1018_105_KOMPLLKSNOE">z^{\prime}=r^{\prime} e^{i \varphi^{\prime}}</formula>
    <formula uri="http://libmeta.ru/me/formula/aux/1018_106_KOMPLLKSNOE">z</formula>
    <formula uri="http://libmeta.ru/me/formula/aux/1018_107_KOMPLLKSNOE">\varphi^{\prime}</formula>
    <formula uri="http://libmeta.ru/me/formula/aux/1018_108_KOMPLLKSNOE">\varphi^{\prime}&gt;0</formula>
    <formula uri="http://libmeta.ru/me/formula/aux/1018_109_KOMPLLKSNOE">\left|z^{\prime}\right|=r^{\prime}</formula>
    <formula uri="http://libmeta.ru/me/formula/aux/1018_110_KOMPLLKSNOE">z^{\prime}=e^{i \varphi^{\prime}}</formula>
    <formula uri="http://libmeta.ru/me/formula/aux/1018_111_KOMPLLKSNOE">\varphi^{\prime}</formula>
    <formula uri="http://libmeta.ru/me/formula/aux/1018_112_KOMPLLKSNOE">\mathfrak{k}</formula>
    <formula uri="http://libmeta.ru/me/formula/aux/1018_113_KOMPLLKSNOE">(x, y) \rightarrow x+i y</formula>
    <formula uri="http://libmeta.ru/me/formula/aux/1018_114_KOMPLLKSNOE">\mathfrak{k}</formula>
    <formula uri="http://libmeta.ru/me/formula/aux/1018_115_KOMPLLKSNOE">\mathbb{c}</formula>
    <formula uri="http://libmeta.ru/me/formula/aux/1018_116_KOMPLLKSNOE">\mathbb{r}^{2}</formula>
    <formula uri="http://libmeta.ru/me/formula/aux/1018_117_KOMPLLKSNOE">\mathbb{c}</formula>
    <formula uri="http://libmeta.ru/me/formula/aux/1018_118_KOMPLLKSNOE">\mathbb{c}</formula>
    <formula uri="http://libmeta.ru/me/formula/aux/1018_119_KOMPLLKSNOE">|z|</formula>
    <formula uri="http://libmeta.ru/me/formula/aux/1018_120_KOMPLLKSNOE">z=(x, y)</formula>
    <formula uri="http://libmeta.ru/me/formula/aux/1018_121_KOMPLLKSNOE">\mathbb{c}</formula>
    <formula uri="http://libmeta.ru/me/formula/aux/1018_122_KOMPLLKSNOE">\mathbb{c}</formula>
    <formula uri="http://libmeta.ru/me/formula/aux/1018_123_KOMPLLKSNOE">\mathbb{c}^{n}=</formula>
    <formula uri="http://libmeta.ru/me/formula/aux/1018_124_KOMPLLKSNOE">=\mathbb{c} \times \ldots \times \mathbb{C}(n</formula>
    <formula uri="http://libmeta.ru/me/formula/aux/1018_125_KOMPLLKSNOE">n \geqslant 1)</formula>
    <formula uri="http://libmeta.ru/me/formula/aux/1018_126_KOMPLLKSNOE">n</formula>
    <formula uri="http://libmeta.ru/me/formula/aux/1018_127_KOMPLLKSNOE">k</formula>
    <formula uri="http://libmeta.ru/me/formula/aux/1018_128_KOMPLLKSNOE">\mathbb{c}</formula>
    <formula uri="http://libmeta.ru/me/formula/aux/1018_129_KOMPLLKSNOE">z^{n}, \cos z, \sin z, e^{z}</formula>
    <formula uri="http://libmeta.ru/me/formula/aux/1018_130_KOMPLLKSNOE">a+b \sqrt{-1}, b \neq 0</formula>
    <formula uri="http://libmeta.ru/me/formula/aux/1018_131_KOMPLLKSNOE">n</formula>
    <formula uri="http://libmeta.ru/me/formula/aux/1018_132_KOMPLLKSNOE">i=\sqrt{-1}</formula>
    <formula uri="http://libmeta.ru/me/formula/aux/1018_133_KOMPLLKSNOE">\mathbb{c}</formula>
    <formula uri="http://libmeta.ru/me/formula/aux/1018_134_KOMPLLKSNOE">\mathfrak{k}</formula>
    <formula uri="http://libmeta.ru/me/formula/aux/1018_135_KOMPLLKSNOE">к</formula>
  </formulas_aux>
  <relations n="22">
    <relation uri="http://libmeta.ru/me/relation/1018_1_KOMPLLKSNOE">
      <rel_text>число</rel_text>
      <target>http://libmeta.ru/me/article/1009_ChISL</target>
    </relation>
    <relation uri="http://libmeta.ru/me/relation/1018_2_KOMPLLKSNOE">
      <rel_text>Двойные и дуальные числа</rel_text>
      <target>http://libmeta.ru/me/article/41_DVOJNYE</target>
    </relation>
    <relation uri="http://libmeta.ru/me/relation/1018_3_KOMPLLKSNOE">
      <rel_text>число</rel_text>
      <target>http://libmeta.ru/me/article/1009_ChISL</target>
    </relation>
    <relation uri="http://libmeta.ru/me/relation/1018_4_KOMPLLKSNOE">
      <rel_text>Гиперкомплексное</rel_text>
      <target>http://libmeta.ru/me/article/1070_GIPERPOVERHNOST</target>
    </relation>
    <relation uri="http://libmeta.ru/me/relation/1018_5_KOMPLLKSNOE">
      <rel_text>коммутативности</rel_text>
      <target>http://libmeta.ru/me/article/997_KOMMUTATIVNOST</target>
    </relation>
    <relation uri="http://libmeta.ru/me/relation/1018_6_KOMPLLKSNOE">
      <rel_text>прежде</rel_text>
      <target>http://libmeta.ru/me/article/585_PREDE</target>
    </relation>
    <relation uri="http://libmeta.ru/me/relation/1018_7_KOMPLLKSNOE">
      <rel_text>пределы</rel_text>
      <target>http://libmeta.ru/me/article/582_PREDBAZ</target>
    </relation>
    <relation uri="http://libmeta.ru/me/relation/1018_8_KOMPLLKSNOE">
      <rel_text>алгебра</rel_text>
      <target>http://libmeta.ru/me/article/93_ALGEBR</target>
    </relation>
    <relation uri="http://libmeta.ru/me/relation/1018_9_KOMPLLKSNOE">
      <rel_text>кватернионы</rel_text>
      <target>http://libmeta.ru/me/article/864_KVATERNIO</target>
    </relation>
    <relation uri="http://libmeta.ru/me/relation/1018_10_KOMPLLKSNOE">
      <rel_text>Гамильтоном</rel_text>
      <target>http://libmeta.ru/me/article/919_GAMIL'TONI</target>
    </relation>
    <relation uri="http://libmeta.ru/me/relation/1018_11_KOMPLLKSNOE">
      <rel_text>теория</rel_text>
      <target>http://libmeta.ru/me/article/381_TEORI</target>
    </relation>
    <relation uri="http://libmeta.ru/me/relation/1018_12_KOMPLLKSNOE">
      <rel_text>арифметич</rel_text>
      <target>http://libmeta.ru/me/article/254_ARIFMETIK</target>
    </relation>
    <relation uri="http://libmeta.ru/me/relation/1018_13_KOMPLLKSNOE">
      <rel_text>представление</rel_text>
      <target>http://libmeta.ru/me/article/3_PREDSTAVLENI</target>
    </relation>
    <relation uri="http://libmeta.ru/me/relation/1018_14_KOMPLLKSNOE">
      <rel_text>Геометрич</rel_text>
      <target>http://libmeta.ru/me/article/1012_GEOMETRI</target>
    </relation>
    <relation uri="http://libmeta.ru/me/relation/1018_15_KOMPLLKSNOE">
      <rel_text>геометрич</rel_text>
      <target>http://libmeta.ru/me/article/1012_GEOMETRI</target>
    </relation>
    <relation uri="http://libmeta.ru/me/relation/1018_16_KOMPLLKSNOE">
      <rel_text>Полное</rel_text>
      <target>http://libmeta.ru/me/article/501_POLI0</target>
    </relation>
    <relation uri="http://libmeta.ru/me/relation/1018_17_KOMPLLKSNOE">
      <rel_text>доказательство</rel_text>
      <target>http://libmeta.ru/me/article/331_DOKAZATEL'STV</target>
    </relation>
    <relation uri="http://libmeta.ru/me/relation/1018_18_KOMPLLKSNOE">
      <rel_text>предложил</rel_text>
      <target>http://libmeta.ru/me/article/582_PREDBAZ</target>
    </relation>
    <relation uri="http://libmeta.ru/me/relation/1018_19_KOMPLLKSNOE">
      <rel_text>Символ</rel_text>
      <target>http://libmeta.ru/me/article/1347_SIMUL</target>
    </relation>
    <relation uri="http://libmeta.ru/me/relation/1018_20_KOMPLLKSNOE">
      <rel_text>степени</rel_text>
      <target>http://libmeta.ru/me/article/213_STEPEN</target>
    </relation>
    <relation uri="http://libmeta.ru/me/relation/1018_21_KOMPLLKSNOE">
      <rel_text>корней</rel_text>
      <target>http://libmeta.ru/me/article/10_KOREN</target>
    </relation>
    <relation uri="http://libmeta.ru/me/relation/1018_22_KOMPLLKSNOE">
      <rel_text>Задача</rel_text>
      <target>http://libmeta.ru/me/article/10_ZAdAch</target>
    </relation>
  </relations>
  <text>число вида $URI[[http://libmeta.ru/me/formula/aux/1018_1_KOMPLLKSNOE]]/URI$, где $URI[[http://libmeta.ru/me/formula/aux/1018_2_KOMPLLKSNOE]]/URI$ и $URI[[http://libmeta.ru/me/formula/aux/1018_3_KOMPLLKSNOE]]/URI$-действительные числа, а $URI[[http://libmeta.ru/me/formula/aux/1018_4_KOMPLLKSNOE]]/URI$ - так наз. м н и м а я е д и н и а, т. е. число, квадрат к-рого равен -1 (в технической литературе применяется также обозначение $URI[[http://libmeta.ru/me/formula/aux/1018_5_KOMPLLKSNOE]]/URI$ наз. д е й с т в ит е л ь н о й, или в е щ е с т в е н н о й, частью К.ч. $URI[[http://libmeta.ru/me/formula/aux/1018_6_KOMPLLKSNOE]]/URI$, a $URI[[http://libmeta.ru/me/formula/aux/1018_7_KOMPLLKSNOE]]/URI$ - его м н и м о й ч а с т ь ю (обозначения $URI[[http://libmeta.ru/me/formula/aux/1018_8_KOMPLLKSNOE]]/URI$. Действительные числа - частный случай К.ч. при $URI[[http://libmeta.ru/me/formula/aux/1018_9_KOMPLLKSNOE]]/URI$ К. ч., не являющиеся действительными, т. е. такие, что $URI[[http://libmeta.ru/me/formula/aux/1018_10_KOMPLLKSNOE]]/URI$, иногда наз. м н и м ы м и ч и с л а ми. В приведенных терминах, в основном традиционного происхождения, нашел свое отражение сложныи исторический процесс развития понятия $URI[[http://libmeta.ru/me/formula/aux/1018_11_KOMPLLKSNOE]]/URI$. ч. Алгебраическая природа $URI[[http://libmeta.ru/me/formula/aux/1018_12_KOMPLLKSNOE]]/URI$. ч. состоит в том, что К. ч. есть элемент (алгебраического) расширения $URI[[http://libmeta.ru/me/formula/aux/1018_13_KOMPLLKSNOE]]/URI$ поля действительных чисел $URI[[http://libmeta.ru/me/formula/aux/1018_14_KOMPLLKSNOE]]/URI$, получаемого алгебраич. присоединением к полю $URI[[http://libmeta.ru/me/formula/aux/1018_15_KOMPLLKSNOE]]/URI$ корня $URI[[http://libmeta.ru/me/formula/aux/1018_16_KOMPLLKSNOE]]/URI$ многочлена $URI[[http://libmeta.ru/me/formula/aux/1018_17_KOMPLLKSNOE]]/URI$. Получающееся таким путем поле $URI[[http://libmeta.ru/me/formula/aux/1018_18_KOMPLLKSNOE]]/URI$ наз. п о л е м к о м п л е к с н ы х ч и с е л. Наиболее важное свойство поля $URI[[http://libmeta.ru/me/formula/aux/1018_19_KOMPLLKSNOE]]/URI$ состоит в том, что оно алгебраически замкнуто, т. е. любой многочлен с коэффициентами из $URI[[http://libmeta.ru/me/formula/aux/1018_20_KOMPLLKSNOE]]/URI$ разлагается на линейные множители. Иначе это свойство алгебраич. замкнутости выражается в том, что любой многочлен степени $URI[[http://libmeta.ru/me/formula/aux/1018_21_KOMPLLKSNOE]]/URI$ с коэффициентами из $URI[[http://libmeta.ru/me/formula/aux/1018_22_KOMPLLKSNOE]]/URI$ имеет в $URI[[http://libmeta.ru/me/formula/aux/1018_23_KOMPLLKSNOE]]/URI$ по крайней мере один корень (т е о р е м а Д'а л а м б е р а $URI[[http://libmeta.ru/me/formula/aux/1018_24_KOMPLLKSNOE]]/URI$ а у с с a).

Фактическое построение поля $URI[[http://libmeta.ru/me/formula/aux/1018_25_KOMPLLKSNOE]]/URI$ осуществляется следующим образом. В качестве элементов $URI[[http://libmeta.ru/me/formula/aux/1018_26_KOMPLLKSNOE]]/URI$, $URI[[http://libmeta.ru/me/formula/aux/1018_27_KOMPLLKSNOE]]/URI$, или ко м п ле к с ны х ч и с е л, принимаются точки $URI[[http://libmeta.ru/me/formula/aux/1018_28_KOMPLLKSNOE]]/URI$, плоскости $URI[[http://libmeta.ru/me/formula/aux/1018_29_KOMPLLKSNOE]]/URI$ c декартовыми прямоугольными координатами $URI[[http://libmeta.ru/me/formula/aux/1018_30_KOMPLLKSNOE]]/URI$ и $URI[[http://libmeta.ru/me/formula/aux/1018_31_KOMPLLKSNOE]]/URI$, $URI[[http://libmeta.ru/me/formula/aux/1018_32_KOMPLLKSNOE]]/URI$ и $URI[[http://libmeta.ru/me/formula/aux/1018_33_KOMPLLKSNOE]]/URI$, причем с у м м о й К. ч. $URI[[http://libmeta.ru/me/formula/aux/1018_34_KOMPLLKSNOE]]/URI$ и $URI[[http://libmeta.ru/me/formula/aux/1018_35_KOMPLLKSNOE]]/URI$ $URI[[http://libmeta.ru/me/formula/aux/1018_36_KOMPLLKSNOE]]/URI$ наз. К. ч. $URI[[http://libmeta.ru/me/formula/aux/1018_37_KOMPLLKSNOE]]/URI$, т. е.

\[
URI[[http://libmeta.ru/me/formula/main/1018_1_KOMPLLKSNOE]]/URI
\]

а п о и звед ением этих К.ч. наз. К.ч. $URI[[http://libmeta.ru/me/formula/aux/1018_38_KOMPLLKSNOE]]/URI$, т. е.

$URI[[http://libmeta.ru/me/formula/aux/1018_39_KOMPLLKSNOE]]/URI$.

Нулевой элемент $URI[[http://libmeta.ru/me/formula/aux/1018_40_KOMPLLKSNOE]]/URI$ совпадает с началом координат, К. ч. $URI[[http://libmeta.ru/me/formula/aux/1018_41_KOMPLLKSNOE]]/URI$ есть едіница поля $URI[[http://libmeta.ru/me/formula/aux/1018_42_KOMPLLKSNOE]]/URI$.

Плоскость $URI[[http://libmeta.ru/me/formula/aux/1018_43_KOMPLLKSNOE]]/URI$, точки к-рой отождествлены с элементами поля $URI[[http://libmeta.ru/me/formula/aux/1018_44_KOMPLLKSNOE]]/URI$, наз. к о м п л е к с н о й п л о с к ос т ь ю. Действительные числа $URI[[http://libmeta.ru/me/formula/aux/1018_45_KOMPLLKSNOE]]/URI$ отождествляются при этом с точками $URI[[http://libmeta.ru/me/formula/aux/1018_46_KOMPLLKSNOE]]/URI$ оси абсцисс, к-рая применительно к плоскости $URI[[http://libmeta.ru/me/formula/aux/1018_47_KOMPLLKSNOE]]/URI$ наз. д е й с т в ит е л ь н о й, и л и в е ще с т в е н н о й, о с ью. Точки $URI[[http://libmeta.ru/me/formula/aux/1018_48_KOMPLLKSNOE]]/URI$ располагаются на оси ординат, называемой на комплексной плоскости $URI[[http://libmeta.ru/me/formula/aux/1018_49_KOMPLLKSNOE]]/URI$ м н и м о й о с ь ю; числа вида $URI[[http://libmeta.ru/me/formula/aux/1018_50_KOMPLLKSNOE]]/URI$ наз. ч и с т о м н и м ы м и. Это представление элементов $URI[[http://libmeta.ru/me/formula/aux/1018_51_KOMPLLKSNOE]]/URI$ поля $URI[[http://libmeta.ru/me/formula/aux/1018_52_KOMPLLKSNOE]]/URI$, пли $URI[[http://libmeta.ru/me/formula/aux/1018_53_KOMPLLKSNOE]]/URI$. ч., в виде точек комплексной плоскости с правилами действий (1) и (2) равносильно указанной выше наиболее употребительной форме записи К. ч.: $URI[[http://libmeta.ru/me/formula/aux/1018_54_KOMPLLKSNOE]]/URI$

называемой также а л г е б р а и ч е с к о й, или д ек а р т о в о й, ф о р м о й записи К. ч. Применительно к алгебраич. форме правила (1) и (2) сводятся к простому условию, что все действия с $URI[[http://libmeta.ru/me/formula/aux/1018_55_KOMPLLKSNOE]]/URI$. ч. выполняются как с многочленами с учетом свойства мнимой единицы: $URI[[http://libmeta.ru/me/formula/aux/1018_56_KOMPLLKSNOE]]/URI$.

К. ч. $URI[[http://libmeta.ru/me/formula/aux/1018_57_KOMPLLKSNOE]]/URI$ и $URI[[http://libmeta.ru/me/formula/aux/1018_58_KOMPLLKSNOE]]/URI$ наз. с о п р яже н ны ми, на плоскости $URI[[http://libmeta.ru/me/formula/aux/1018_59_KOMPLLKSNOE]]/URI$ они располагаются симметрично относительно действительной оси. Сумма и произведение сопряженных К. ч. суть действительные числа:

\[
URI[[http://libmeta.ru/me/formula/main/1018_2_KOMPLLKSNOE]]/URI
\]

где $URI[[http://libmeta.ru/me/formula/aux/1018_60_KOMPLLKSNOE]]/URI$ наз. м о д у л е м, или а б с олютно й величин о й, К.ч. $URI[[http://libmeta.ru/me/formula/aux/1018_61_KOMPLLKSNOE]]/URI$.

Всегда

\[
URI[[http://libmeta.ru/me/formula/main/1018_3_KOMPLLKSNOE]]/URI
\]

К. ч. $URI[[http://libmeta.ru/me/formula/aux/1018_62_KOMPLLKSNOE]]/URI$ отлично от 0 тогда и только тогда, когда $URI[[http://libmeta.ru/me/formula/aux/1018_63_KOMPLLKSNOE]]/URI$. Отображение $URI[[http://libmeta.ru/me/formula/aux/1018_64_KOMPLLKSNOE]]/URI$ есть автоморфизм комплексной плоскости порядка 2 (т. е. $URI[[http://libmeta.ru/me/formula/aux/1018_65_KOMPLLKSNOE]]/URI$ ), оставляющий на месте все точки действительной оси. При этом $URI[[http://libmeta.ru/me/formula/aux/1018_66_KOMPLLKSNOE]]/URI$, $URI[[http://libmeta.ru/me/formula/aux/1018_67_KOMPLLKSNOE]]/URI$

Операции сложения и умножения (1) и (2) коммутативны и ассоциативны, связаны соотнотением дистрибутивности и для них существуют обратные действия в Ы ч и т а н и я и д е л е н и я (кроме деления на нуль), записываемые в алгебраич. форме следующим образом:

\[
URI[[http://libmeta.ru/me/formula/main/1018_4_KOMPLLKSNOE]]/URI
\] Деление К. ч. $URI[[http://libmeta.ru/me/formula/aux/1018_68_KOMPLLKSNOE]]/URI$ на К. ч. $URI[[http://libmeta.ru/me/formula/aux/1018_69_KOMPLLKSNOE]]/URI$ сводится, таким образом, К умножению $URI[[http://libmeta.ru/me/formula/aux/1018_70_KOMPLLKSNOE]]/URI$ на К.ч.

\[
URI[[http://libmeta.ru/me/formula/main/1018_5_KOMPLLKSNOE]]/URI
\]

На важный вопрос о том, является ли построенное расширение $URI[[http://libmeta.ru/me/formula/aux/1018_71_KOMPLLKSNOE]]/URI$ поля действительных чисел с указанными выше правилами действий единственно возможным или же мыслимы существенно иные варианты, дает ответ т е о ре м а е д и н с т в е н н о с т и: всякое (алгебраическое) расширение поля $URI[[http://libmeta.ru/me/formula/aux/1018_72_KOMPLLKSNOE]]/URI$, получающееся из $URI[[http://libmeta.ru/me/formula/aux/1018_73_KOMPLLKSNOE]]/URI$ присоединением корня $URI[[http://libmeta.ru/me/formula/aux/1018_74_KOMPLLKSNOE]]/URI$ уравнения $URI[[http://libmeta.ru/me/formula/aux/1018_75_KOMPLLKSNOE]]/URI$ $URI[[http://libmeta.ru/me/formula/aux/1018_76_KOMPLLKSNOE]]/URI$, изоморфно $URI[[http://libmeta.ru/me/formula/aux/1018_77_KOMPLLKSNOE]]/URI$, т. е. с требованием алгебраич. присоединения корня $URI[[http://libmeta.ru/me/formula/aux/1018_78_KOMPLLKSNOE]]/URI$ совместимы только указанные выше правила действий с К. ч. Этому факту, однако, не противоречит наличие других интерпретаций К.ч., отличных от истолкования К. ч. как точек комплексной плоскости. Наиболее часто в приложения х используются следующие две интерпретации.

Век торная ин те р прет а ц ия. К. ч. $URI[[http://libmeta.ru/me/formula/aux/1018_79_KOMPLLKSNOE]]/URI$ $URI[[http://libmeta.ru/me/formula/aux/1018_80_KOMPLLKSNOE]]/URI$ можно отождествить с вектором $URI[[http://libmeta.ru/me/formula/aux/1018_81_KOMPLLKSNOE]]/URI$ с координатами $URI[[http://libmeta.ru/me/formula/aux/1018_82_KOMPLLKSNOE]]/URI$ и $URI[[http://libmeta.ru/me/formula/aux/1018_83_KOMPLLKSNOE]]/URI$, приложенным в начале координат (см. рис.). При такой интерпретации сложение и вычитание К. ч. производится по правилам сложения и вычитания векторов. Однако умножение и деление К. ч., совершаемые необходимо по формулам (2) и (3), не имеют непосредственных аналогов в векторной алгебре (см. $URI[[http://libmeta.ru/me/formula/aux/1018_84_KOMPLLKSNOE]]/URI$. Векторная интерпретация $URI[[http://libmeta.ru/me/formula/aux/1018_85_KOMPLLKSNOE]]/URI$. ч. непосредственно применяется, напр., в әлектротехнике для изображения переменных синусоидальных токов и напряжений.

М а т ричная ин те р прет ация. К. ч. $URI[[http://libmeta.ru/me/formula/aux/1018_86_KOMPLLKSNOE]]/URI$ $URI[[http://libmeta.ru/me/formula/aux/1018_87_KOMPLLKSNOE]]/URI$ можно отождествить с матрицей второго порядка специального вида

\[
URI[[http://libmeta.ru/me/formula/main/1018_6_KOMPLLKSNOE]]/URI
\]

причем действия сложения, вычитания и умножения выполняются по обычным правилам матричной алгебры.

Применяя полярные координаты на комплексной плоскости $URI[[http://libmeta.ru/me/formula/aux/1018_88_KOMPLLKSNOE]]/URI$, т. е. радиус-вектор $URI[[http://libmeta.ru/me/formula/aux/1018_89_KOMPLLKSNOE]]/URI$ и поляр-

![](https://cdn.mathpix.com/cropped/2023_07_08_31a58213cba94d631b99g-1.jpg?height=327&amp;width=357&amp;top_left_y=1412&amp;top_left_x=119)
ный угол $URI[[http://libmeta.ru/me/formula/aux/1018_90_KOMPLLKSNOE]]/URI$, называемый здесь а р г у м е н т о м К. ч. $URI[[http://libmeta.ru/me/formula/aux/1018_91_KOMPLLKSNOE]]/URI$ (иногда также ф а30 й, или а м п ли т у д о й, К. ч. $URI[[http://libmeta.ru/me/formula/aux/1018_92_KOMPLLKSNOE]]/URI$, получают т р и г он о м е т р и ч е с к у ю, или п о л я р ную, фо р му К.ч.: $URI[[http://libmeta.ru/me/formula/aux/1018_93_KOMPLLKSNOE]]/URI$,

$URI[[http://libmeta.ru/me/formula/aux/1018_94_KOMPLLKSNOE]]/URI$

Аргумент $URI[[http://libmeta.ru/me/formula/aux/1018_95_KOMPLLKSNOE]]/URI$ является многозначной действительной функцией К.ч. $URI[[http://libmeta.ru/me/formula/aux/1018_96_KOMPLLKSNOE]]/URI$, значения к-рой для данного $URI[[http://libmeta.ru/me/formula/aux/1018_97_KOMPLLKSNOE]]/URI$ отличаются одно от другого на целое кратное $URI[[http://libmeta.ru/me/formula/aux/1018_98_KOMPLLKSNOE]]/URI$; аргумент К. ч. $URI[[http://libmeta.ru/me/formula/aux/1018_99_KOMPLLKSNOE]]/URI$ не определен. Обычно используется г л а в о о зна ч е н и а р гуме н т а $URI[[http://libmeta.ru/me/formula/aux/1018_100_KOMPLLKSNOE]]/URI$ определяемое дополнительным условием $URI[[http://libmeta.ru/me/formula/aux/1018_101_KOMPLLKSNOE]]/URI$ йлера форлулы $URI[[http://libmeta.ru/me/formula/aux/1018_102_KOMPLLKSNOE]]/URI$ преобразуют тригонометрич. форму (4) в по к а 3 атель н у ю фо р м у К. ч.:

\[
URI[[http://libmeta.ru/me/formula/main/1018_7_KOMPLLKSNOE]]/URI
\]

Формы (4) п (5) особенно удобны для выполнения умножения и деления К. ч.:

\[
URI[[http://libmeta.ru/me/formula/main/1018_8_KOMPLLKSNOE]]/URI
\]

$URI[[http://libmeta.ru/me/formula/aux/1018_103_KOMPLLKSNOE]]/URI$.

При умножении (делении) К. ч. модули перемножаются (модуль делимого делится на модуль делителя) а ар- гументы складываются (из аргумента делимого вычитается аргумент делителя). Возведение в степень К. ч. и извлечение корня из К. ч. производятся по так наз. Ф о р м у л а м м у а в р а:

\[
URI[[http://libmeta.ru/me/formula/main/1018_9_KOMPLLKSNOE]]/URI
\]

причем первая из них применшма и для целых отрицательных показателей n. Геометрически умножение К. ч. $URI[[http://libmeta.ru/me/formula/aux/1018_104_KOMPLLKSNOE]]/URI$ на К. ч. $URI[[http://libmeta.ru/me/formula/aux/1018_105_KOMPLLKSNOE]]/URI$ сводится к повороту вектора $URI[[http://libmeta.ru/me/formula/aux/1018_106_KOMPLLKSNOE]]/URI$ на угол $URI[[http://libmeta.ru/me/formula/aux/1018_107_KOMPLLKSNOE]]/URI$ (против часовой стрелки при $URI[[http://libmeta.ru/me/formula/aux/1018_108_KOMPLLKSNOE]]/URI$ ) и последующему изменению его длины в $URI[[http://libmeta.ru/me/formula/aux/1018_109_KOMPLLKSNOE]]/URI$ раз; в частности, умножение на К. ч. $URI[[http://libmeta.ru/me/formula/aux/1018_110_KOMPLLKSNOE]]/URI$, по модулю равное единице, есть не что иное как поворот на угол $URI[[http://libmeta.ru/me/formula/aux/1018_111_KOMPLLKSNOE]]/URI$. Таким образом, К. ч. могут быть истолкованы и как операторы специального вида (аффиноры). В связи с этим иногда удобна смешанная векторно-матричная интерпретация умножения $URI[[http://libmeta.ru/me/formula/aux/1018_112_KOMPLLKSNOE]]/URI$. ч.:

\[
URI[[http://libmeta.ru/me/formula/main/1018_10_KOMPLLKSNOE]]/URI
\]

при к-рой множимое трактуется как матрица-вектор, а множитель - как матрица-оператор.

Биективное отображение $URI[[http://libmeta.ru/me/formula/aux/1018_113_KOMPLLKSNOE]]/URI$ переносит в поле $URI[[http://libmeta.ru/me/formula/aux/1018_114_KOMPLLKSNOE]]/URI$. ч. $URI[[http://libmeta.ru/me/formula/aux/1018_115_KOMPLLKSNOE]]/URI$ топологию двумерного действительного числового пространства $URI[[http://libmeta.ru/me/formula/aux/1018_116_KOMPLLKSNOE]]/URI$, эта топология согласуется со структурой поля $URI[[http://libmeta.ru/me/formula/aux/1018_117_KOMPLLKSNOE]]/URI$ и, таким образом, $URI[[http://libmeta.ru/me/formula/aux/1018_118_KOMPLLKSNOE]]/URI$ есть топологическое тело. Модуль $URI[[http://libmeta.ru/me/formula/aux/1018_119_KOMPLLKSNOE]]/URI$ есть евклидова норма К. ч. $URI[[http://libmeta.ru/me/formula/aux/1018_120_KOMPLLKSNOE]]/URI$, и поле $URI[[http://libmeta.ru/me/formula/aux/1018_121_KOMPLLKSNOE]]/URI$, наделенное этой нормой, есть комплексное одномерное евклидово пространство, называемое также П ло с к о с т ь ю К о П Л е к с но г п е р е м е н н о го $URI[[http://libmeta.ru/me/formula/aux/1018_122_KOMPLLKSNOE]]/URI$. Топологич. произведение $URI[[http://libmeta.ru/me/formula/aux/1018_123_KOMPLLKSNOE]]/URI$ $URI[[http://libmeta.ru/me/formula/aux/1018_124_KOMPLLKSNOE]]/URI$ раз, $URI[[http://libmeta.ru/me/formula/aux/1018_125_KOMPLLKSNOE]]/URI$ есть комплексное $URI[[http://libmeta.ru/me/formula/aux/1018_126_KOMPLLKSNOE]]/URI$-мерное евклидово пространство. Вследствие алгебраич. замкнутости поля $URI[[http://libmeta.ru/me/formula/aux/1018_127_KOMPLLKSNOE]]/URI$. ч. $URI[[http://libmeta.ru/me/formula/aux/1018_128_KOMPLLKSNOE]]/URI$, изучение функций и математич. анализ вообще приобретают должную полноту и заковченность только при рассмотрении поведения функций в комплексной области. В частности, даже поведение таких элементарных функций, как $URI[[http://libmeta.ru/me/formula/aux/1018_129_KOMPLLKSNOE]]/URI$, может быть правильно понято только при условии их рассмотрения как функций комплексного переменного (см. Аналитическая бункчия).

Впервые, по-видимому, мнимые величины появились в известном труде «великое искусство, или об алгебраических правилах&quot; Дж. Кардано (g. Cardano, 1545), к-рый счел их бесполезными, непригодными к употреблению. Пользу мнимых величин, в частности при решении кубического уравнения в так наз. неприводимом случає (когда действительные корни выражаются через кубические корни из мнимых величин) впервые оценил P. Бомбелли (r. Bombelli, 1572). Он же дал нек-рые простейшие правила действий с К.. Вообще, выражения вида $URI[[http://libmeta.ru/me/formula/aux/1018_130_KOMPLLKSNOE]]/URI$, появляющиеся при решении квадратных и кубических уравнений, стали называть в 16-17 вв. «мнимыми». Однако даже для многих крупных ученых 17 в. алгебраич. и геометрич. сущность мнимых величин представлялась неясной и даже загадочной и мистической. Известно, напр., что И. Ньютон (i. Newton) не включал мнимые величины в понятие числа, а Г. Лейбницу (g. Leibniz) принадлежит фраза: «мнимые числа - это прекрасноө і чудесное убежище божественного духа, почти что амфибия бытия с небытием».

URI[[http://libmeta.ru/me/relation/1018_22_KOMPLLKSNOE]]/URI о выражении URI[[http://libmeta.ru/me/relation/1018_21_KOMPLLKSNOE]]/URI URI[[http://libmeta.ru/me/relation/1018_20_KOMPLLKSNOE]]/URI $URI[[http://libmeta.ru/me/formula/aux/1018_131_KOMPLLKSNOE]]/URI$ из данного числа была в основном решена в работах А. Муавра (a. de Moivre, 1707, 1724) и P, Котеса (r. Cotes, 1722). URI[[http://libmeta.ru/me/relation/1018_19_KOMPLLKSNOE]]/URI $URI[[http://libmeta.ru/me/formula/aux/1018_132_KOMPLLKSNOE]]/URI$ URI[[http://libmeta.ru/me/relation/1018_18_KOMPLLKSNOE]]/URI Л. Эйлер (l. Euler, 1777, опубл. 1794). Он же высказал в 1751 мысль об алгебраич. замкнутости поля $URI[[http://libmeta.ru/me/formula/aux/1018_133_KOMPLLKSNOE]]/URI$, к такому же выводу пришел Ж. Д'аламбер (j. D'alembert, 1747), но первое строгое URI[[http://libmeta.ru/me/relation/1018_17_KOMPLLKSNOE]]/URI этого факта принадлежит K. Гаусcy (c. Gauss, 1799). Он же ввел в употребление термин «к. ч.» в 1831. URI[[http://libmeta.ru/me/relation/1018_16_KOMPLLKSNOE]]/URI URI[[http://libmeta.ru/me/relation/1018_15_KOMPLLKSNOE]]/URI. истолкование $URI[[http://libmeta.ru/me/formula/aux/1018_134_KOMPLLKSNOE]]/URI$. ч. и действий над ними появилось впервые в работе K. Весселя (c. Wessel, 1799). URI[[http://libmeta.ru/me/relation/1018_14_KOMPLLKSNOE]]/URI. URI[[http://libmeta.ru/me/relation/1018_13_KOMPLLKSNOE]]/URI К. ч., иногда называемое &quot;диаграммой Аргана&quot;, вошло в обіход после опубликования в 1806 и 1814 работы Ж. Р. Аргана (j. R. Argand), повторявшей в основном независімо выводы K. Весселя.

Чисто URI[[http://libmeta.ru/me/relation/1018_12_KOMPLLKSNOE]]/URI. URI[[http://libmeta.ru/me/relation/1018_11_KOMPLLKSNOE]]/URI К. ч. как пар действительных чисел была построена У. URI[[http://libmeta.ru/me/relation/1018_10_KOMPLLKSNOE]]/URI (w. Hamilton, 1837). Ему же принадлежит важное пространственное обобщение $URI[[http://libmeta.ru/me/formula/aux/1018_135_KOMPLLKSNOE]]/URI$. ч. - URI[[http://libmeta.ru/me/relation/1018_9_KOMPLLKSNOE]]/URI, URI[[http://libmeta.ru/me/relation/1018_8_KOMPLLKSNOE]]/URI к-рых некоммутативна. Вообще, в конце 19 в. было доказано, что всякое расширение понятия числа за URI[[http://libmeta.ru/me/relation/1018_7_KOMPLLKSNOE]]/URI појяя К. ч. возможно только при отказе от каких-либо обычных действий (URI[[http://libmeta.ru/me/relation/1018_6_KOMPLLKSNOE]]/URI всего URI[[http://libmeta.ru/me/relation/1018_5_KOMPLLKSNOE]]/URI). См. также URI[[http://libmeta.ru/me/relation/1018_4_KOMPLLKSNOE]]/URI URI[[http://libmeta.ru/me/relation/1018_3_KOMPLLKSNOE]]/URI, URI[[http://libmeta.ru/me/relation/1018_2_KOMPLLKSNOE]]/URI, Кәли URI[[http://libmeta.ru/me/relation/1018_1_KOMPLLKSNOE]]/URI.</text>
  <text_orig>число вида $z=x+i y$, где $x$ и $y$-действительные числа, а $i=\sqrt{-1}$ - так наз. м н и м а я е д и н и а, т. е. число, квадрат к-рого равен -1 (в технической литературе применяется также обозначение $j=\sqrt{-1}) ; x$ наз. д е й с т в ит е л ь н о й, или в е щ е с т в е н н о й, частью К.ч. $z$, a $y$ - его м н и м о й ч а с т ь ю (обозначения $x=\operatorname{Re} z, \quad y=\operatorname{Im} z)$. Действительные числа - частный случай К.ч. при $y=0 ;$ К. ч., не являющиеся действительными, т. е. такие, что $y \neq 0$, иногда наз. м н и м ы м и ч и с л а ми. В приведенных терминах, в основном традиционного происхождения, нашел свое отражение сложныи исторический процесс развития понятия $\mathbf{K}$. ч. Алгебраическая природа $K$. ч. состоит в том, что К. ч. есть элемент (алгебраического) расширения $\mathbb{C}$ поля действительных чисел $\mathbb{R}$, получаемого алгебраич. присоединением к полю $\mathbb{R}$ корня $i$ многочлена $X^{2}+1$. Получающееся таким путем поле $\mathbb{C}$ наз. п о л е м к о м п л е к с н ы х ч и с е л. Наиболее важное свойство поля $\mathbb{C}$ состоит в том, что оно алгебраически замкнуто, т. е. любой многочлен с коэффициентами из $\mathbb{C}$ разлагается на линейные множители. Иначе это свойство алгебраич. замкнутости выражается в том, что любой многочлен степени $n \geqslant 1$ с коэффициентами из $\mathbb{C}$ имеет в $\mathbb{C}$ по крайней мере один корень (т е о р е м а Д'А л а м б е р а $-\Gamma$ а у с с a).

Фактическое построение поля $\mathbb{C}$ осуществляется следующим образом. В качестве элементов $z=(x, y)$, $z^{\prime}=\left(x^{\prime}, y^{\prime}\right), \ldots$, или ко м п ле к с ны х ч и с е л, принимаются точки $(x, y),\left(x^{\prime}, y^{\prime}\right), \ldots$, плоскости $\mathbb{R}^{2}$ c декартовыми прямоугольными координатами $x$ и $y$, $x^{\prime}$ и $y^{\prime}, \ldots$, причем с у м м о й К. ч. $z=(x, y)$ и $z^{\prime}=$ $=\left(x^{\prime}, y^{\prime}\right)$ наз. К. ч. $\left(x+x^{\prime}, y+y^{\prime}\right)$, т. е.

\[
z+z^{\prime}=(x, y)+\left(x^{\prime}, y^{\prime}\right)=\left(x+x^{\prime}, y+y^{\prime}\right) \text {, }
\]

а п о и звед ением этих К.ч. наз. К.ч. $\left(x x^{\prime}-y y^{\prime}, x y^{\prime}+x^{\prime} y\right)$, т. е.

$z z^{\prime}=(x, y)\left(x^{\prime}, y^{\prime}\right)=\left(x x^{\prime}-y y^{\prime}, x y^{\prime}+x^{\prime} y\right)$.

Нулевой элемент $0=(0,0)$ совпадает с началом координат, К. ч. $(1,0)$ есть едіница поля $\mathbb{C}$.

Плоскость $\mathbb{R}^{2}$, точки к-рой отождествлены с элементами поля $\mathbb{C}$, наз. к о м п л е к с н о й п л о с к ос т ь ю. Действительные числа $x, x^{\prime}, \ldots$ отождествляются при этом с точками $(x, 0),\left(x^{\prime}, 0\right), \ldots$ оси абсцисс, к-рая применительно к плоскости $\mathbb{C}$ наз. д е й с т в ит е л ь н о й, и л и в е ще с т в е н н о й, о с ью. Точки $(0, y)=i y,\left(0, y^{\prime}\right)=i y^{\prime}, \ldots$ располагаются на оси ординат, называемой на комплексной плоскости $\mathbb{C}$ м н и м о й о с ь ю; числа вида $i y, i y^{\prime}, \ldots$ наз. ч и с т о м н и м ы м и. Это представление элементов $z, z^{\prime}, \ldots$ поля $\mathbb{C}$, пли $\mathfrak{K}$. ч., в виде точек комплексной плоскости с правилами действий (1) и (2) равносильно указанной выше наиболее употребительной форме записи К. ч.: $z=(x, y)=x+i y, z^{\prime}=\left(x^{\prime}, y^{\prime}\right)=x^{\prime}+i y^{\prime}, \ldots$

называемой также а л г е б р а и ч е с к о й, или д ек а р т о в о й, ф о р м о й записи К. ч. Применительно к алгебраич. форме правила (1) и (2) сводятся к простому условию, что все действия с $К$. ч. выполняются как с многочленами с учетом свойства мнимой единицы: $i \cdot i=i^{2}=-1$.

К. ч. $z=(x, y)=x+i y$ и $\bar{z}=(x,-y)=x-i y$ наз. с о п р яже н ны ми, на плоскости $\mathbb{C}$ они располагаются симметрично относительно действительной оси. Сумма и произведение сопряженных К. ч. суть действительные числа:

\[
z+\bar{z}=2 \operatorname{Re} z, \quad z \bar{z}=|z|^{2}
\]

где $|z|=r=\sqrt{x^{2}+y^{2}}$ наз. м о д у л е м, или а б с олютно й величин о й, К.ч. $z$.

Всегда

\[
|| z|-| z^{\prime}|| \leqslant\left|z+z^{\prime}\right| \leqslant|z|+\left|z^{\prime}\right| .
\]

К. ч. $z$ отлично от 0 тогда и только тогда, когда $|z|&gt;0$. Отображение $z \rightarrow \bar{z}$ есть автоморфизм комплексной плоскости порядка 2 (т. е. $\bar{z} \rightarrow \overline{\bar{z}}=z$ ), оставляющий на месте все точки действительной оси. При этом $\overline{z+z^{\prime}}=\bar{z}+\bar{z}^{\prime}$, $\overline{z z^{\prime}}=\bar{z} \bar{z}^{\prime}$

Операции сложения и умножения (1) и (2) коммутативны и ассоциативны, связаны соотнотением дистрибутивности и для них существуют обратные действия в Ы ч и т а н и я и д е л е н и я (кроме деления на нуль), записываемые в алгебраич. форме следующим образом:

\[
\begin{gathered}
z-z^{\prime}=(x+i y)-\left(x^{\prime}+i y^{\prime}\right)=\left(x-x^{\prime}\right)+i\left(y-y^{\prime}\right), \\
\frac{z^{\prime}}{z}=\frac{x^{\prime}+i y^{\prime}}{x+i y}=\frac{z^{\prime} \bar{z}}{|z|^{2}}=\frac{x x^{\prime}+y y^{\prime}}{x^{2}+y^{2}}+i \frac{y x^{\prime}-x y^{\prime}}{x^{2}+y^{2}}, z \neq 0 .
\end{gathered}
\] Деление К. ч. $z^{\prime}$ на К. ч. $z \neq 0$ сводится, таким образом, К умножению $z^{\prime}$ на К.ч.

\[
\frac{\bar{z}}{|z|^{2}}=\frac{x}{x^{2}+y^{2}}-i \frac{y}{x^{2}+y^{2}} \text {. }
\]

На важный вопрос о том, является ли построенное расширение $\mathbb{C}$ поля действительных чисел с указанными выше правилами действий единственно возможным или же мыслимы существенно иные варианты, дает ответ т е о ре м а е д и н с т в е н н о с т и: всякое (алгебраическое) расширение поля $\mathbb{R}$, получающееся из $\mathbb{R}$ присоединением корня $i$ уравнения $X^{2}+1=$ $=0$, изоморфно $\mathbb{C}$, т. е. с требованием алгебраич. присоединения корня $i$ совместимы только указанные выше правила действий с К. ч. Этому факту, однако, не противоречит наличие других интерпретаций К.ч., отличных от истолкования К. ч. как точек комплексной плоскости. Наиболее часто в приложения х используются следующие две интерпретации.

Век торная ин те р прет а ц ия. К. ч. $z=$ $=x+i y$ можно отождествить с вектором $(x, y)$ с координатами $x$ и $y$, приложенным в начале координат (см. рис.). При такой интерпретации сложение и вычитание К. ч. производится по правилам сложения и вычитания векторов. Однако умножение и деление К. ч., совершаемые необходимо по формулам (2) и (3), не имеют непосредственных аналогов в векторной алгебре (см. $[4],[5])$. Векторная интерпретация $К$. ч. непосредственно применяется, напр., в әлектротехнике для изображения переменных синусоидальных токов и напряжений.

М а т ричная ин те р прет ация. К. ч. $w=$ $=u+i v$ можно отождествить с матрицей второго порядка специального вида

\[
w=\left\|\begin{array}{rr}
u &amp; v \\
-v &amp; u
\end{array}\right\|
\]

причем действия сложения, вычитания и умножения выполняются по обычным правилам матричной алгебры.

Применяя полярные координаты на комплексной плоскости $\mathbb{C}$, т. е. радиус-вектор $r=|z|$ и поляр-

![](https://cdn.mathpix.com/cropped/2023_07_08_31a58213cba94d631b99g-1.jpg?height=327&amp;width=357&amp;top_left_y=1412&amp;top_left_x=119)
ный угол $\varphi=\operatorname{Arg} z$, называемый здесь а р г у м е н т о м К. ч. $z$ (иногда также ф а30 й, или а м п ли т у д о й, К. ч. $z$, получают т р и г он о м е т р и ч е с к у ю, или п о л я р ную, фо р му К.ч.: $z=r(\cos \varphi+i \sin \varphi)$,

$r \cos \varphi=\operatorname{Re} z, r \sin \varphi=\operatorname{Im} z$

Аргумент $\varphi=\operatorname{Arg} z$ является многозначной действительной функцией К.ч. $z \neq 0$, значения к-рой для данного $z$ отличаются одно от другого на целое кратное $2 \pi$; аргумент К. ч. $z=0$ не определен. Обычно используется г л а в о о зна ч е н и а р гуме н т а $\varphi=\arg z, \quad$ определяемое дополнительным условием $-\pi&lt;\arg z \leqslant \pi . \quad Э$ йлера форлулы $e^{ \pm i \varphi}=\cos \varphi \pm i \sin \varphi$ преобразуют тригонометрич. форму (4) в по к а 3 атель н у ю фо р м у К. ч.:

\[
z=r e^{i \varphi} \text {. }
\]

Формы (4) п (5) особенно удобны для выполнения умножения и деления К. ч.:

\[
z z^{\prime}=r r^{\prime}\left[\cos \left(\varphi+\varphi^{\prime}\right)+i \sin \left(\varphi+\varphi^{\prime}\right)\right]=r r^{\prime} e^{i\left(\varphi+\varphi^{\prime}\right)},
\]

$\frac{z^{\prime}}{z}=\frac{r^{\prime}}{r}\left[\cos \left(\varphi^{\prime}-\varphi\right)+i \sin \left(\varphi^{\prime}-\varphi\right)\right]=\frac{r^{\prime}}{r} e^{i\left(\varphi-\varphi^{\prime}\right)}, r&gt;0$.

При умножении (делении) К. ч. модули перемножаются (модуль делимого делится на модуль делителя) а ар- гументы складываются (из аргумента делимого вычитается аргумент делителя). Возведение в степень К. ч. и извлечение корня из К. ч. производятся по так наз. Ф о р м у л а м м у а в р а:

\[
\begin{gathered}
z^{n}=r^{n}(\cos n \varphi+i \sin n \varphi)=r^{n} e^{i n \varphi}, \\
\sqrt[n]{z}=\sqrt[n]{r}\left(\cos \frac{\varphi+2 k \pi}{n}+i \sin \frac{\varphi+2 k \pi}{n}\right)= \\
=\sqrt[n]{r} e^{i \frac{\varphi+2 k \pi}{n}}, k=0,1, \ldots, n-1,
\end{gathered}
\]

причем первая из них применшма и для целых отрицательных показателей n. Геометрически умножение К. ч. $z$ на К. ч. $z^{\prime}=r^{\prime} e^{i \varphi^{\prime}}$ сводится к повороту вектора $z$ на угол $\varphi^{\prime}$ (против часовой стрелки при $\varphi^{\prime}&gt;0$ ) и последующему изменению его длины в $\left|z^{\prime}\right|=r^{\prime}$ раз; в частности, умножение на К. ч. $z^{\prime}=e^{i \varphi^{\prime}}$, по модулю равное единице, есть не что иное как поворот на угол $\varphi^{\prime}$. Таким образом, К. ч. могут быть истолкованы и как операторы специального вида (аффиноры). В связи с этим иногда удобна смешанная векторно-матричная интерпретация умножения $\mathfrak{K}$. ч.:

\[
(x, y) \cdot\left\|\begin{array}{rr}
u &amp; v \\
-v &amp; u
\end{array}\right\|=(x u-y v, x v+y u)
\]

при к-рой множимое трактуется как матрица-вектор, а множитель - как матрица-оператор.

Биективное отображение $(x, y) \rightarrow x+i y$ переносит в поле $\mathfrak{K}$. ч. $\mathbb{C}$ топологию двумерного действительного числового пространства $\mathbb{R}^{2}$, эта топология согласуется со структурой поля $\mathbb{C}$ и, таким образом, $\mathbb{C}$ есть топологическое тело. Модуль $|z|$ есть евклидова норма К. ч. $z=(x, y)$, и поле $\mathbb{C}$, наделенное этой нормой, есть комплексное одномерное евклидово пространство, называемое также П ло с к о с т ь ю К о П Л е к с но г п е р е м е н н о го $\mathbb{C}$. Топологич. произведение $\mathbb{C}^{n}=$ $=\mathbb{C} \times \ldots \times \mathbb{C}(n$ раз, $n \geqslant 1)$ есть комплексное $n$-мерное евклидово пространство. Вследствие алгебраич. замкнутости поля $K$. ч. $\mathbb{C}$, изучение функций и математич. анализ вообще приобретают должную полноту и заковченность только при рассмотрении поведения функций в комплексной области. В частности, даже поведение таких элементарных функций, как $z^{n}, \cos z, \sin z, e^{z}$, может быть правильно понято только при условии их рассмотрения как функций комплексного переменного (см. Аналитическая бункчия).

Впервые, по-видимому, мнимые величины появились в известном труде «Великое искусство, или об алгебраических правилах&quot; Дж. Кардано (G. Cardano, 1545), к-рый счел их бесполезными, непригодными к употреблению. Пользу мнимых величин, в частности при решении кубического уравнения в так наз. неприводимом случає (когда действительные корни выражаются через кубические корни из мнимых величин) впервые оценил P. Бомбелли (R. Bombelli, 1572). Он же дал нек-рые простейшие правила действий с К.. Вообще, выражения вида $a+b \sqrt{-1}, b \neq 0$, появляющиеся при решении квадратных и кубических уравнений, стали называть в 16-17 вв. «мнимыми». Однако даже для многих крупных ученых 17 в. алгебраич. и геометрич. сущность мнимых величин представлялась неясной и даже загадочной и мистической. Известно, напр., что И. Ньютон (I. Newton) не включал мнимые величины в понятие числа, а Г. Лейбницу (G. Leibniz) принадлежит фраза: «Мнимые числа - это прекрасноө і чудесное убежище божественного духа, почти что амфибия бытия с небытием».

Задача о выражении корней степени $n$ из данного числа была в основном решена в работах А. Муавра (A. de Moivre, 1707, 1724) и P, Котеса (R. Cotes, 1722). Символ $i=\sqrt{-1}$ предложил Л. Эйлер (L. Euler, 1777, опубл. 1794). Он же высказал в 1751 мысль об алгебраич. замкнутости поля $\mathbb{C}$, к такому же выводу пришел Ж. Д'Аламбер (J. D'Alembert, 1747), но первое строгое доказательство этого факта принадлежит K. Гаусcy (C. Gauss, 1799). Он же ввел в употребление термин «К. ч.» в 1831. Полное геометрич. истолкование $\mathfrak{K}$. ч. и действий над ними появилось впервые в работе K. Весселя (C. Wessel, 1799). Геометрич. представление К. ч., иногда называемое &quot;диаграммой Аргана&quot;, вошло в обіход после опубликования в 1806 и 1814 работы Ж. Р. Аргана (J. R. Argand), повторявшей в основном независімо выводы K. Весселя.

Чисто арифметич. теория К. ч. как пар действительных чисел была построена У. Гамильтоном (W. Hamilton, 1837). Ему же принадлежит важное пространственное обобщение $К$. ч. - кватернионы, алгебра к-рых некоммутативна. Вообще, в конце 19 в. было доказано, что всякое расширение понятия числа за пределы поЈяя К. ч. возможно только при отказе от каких-либо обычных действий (прежде всего коммутативности). См. также Гиперкомплексное число, Двойные и дуальные числа, Кәли число.

Лит.: [1] К у р о ші А. Г., Курс высшей алгебры, 9 изд., М., 1968; [2] К о с т р и к и н А. И., Введение в алгебру, М., 1977; [3] м а р к у шI е в и ч А. И., Теория аналитических Функций, т. 1, 2 изд., М., 1967; [4] III а б а т Б. В., Введение в комплексный анализ, ч. 1, 2 изд., М., 1976; [5] Л а в р е н т ье в М. А., II а 6 а т Б. В., Проблемы гидродинамики и их математические модели, 2 изд., М., 1977; [6] Г у р в и ц. А.,

![](https://cdn.mathpix.com/cropped/2023_07_08_e87e7482a9d7e2f374a3g-1.jpg?height=38&amp;width=814&amp;top_left_y=982&amp;top_left_x=131)
1949 ; [8] б у р б а к и Н., Общая топология. Топологические

![](https://cdn.mathpix.com/cropped/2023_07_08_e87e7482a9d7e2f374a3g-1.jpg?height=45&amp;width=829&amp;top_left_y=1039&amp;top_left_x=129)</text_orig>
</article>
