<?xml version="1.0" ?>
<article uri="http://libmeta.ru/me/article/1018_REGULJaRNAJa" alphabetic_pos="1018">
  <title>РЕГУЛЯРНАЯ ОСОБАЯ ТОЧКА</title>
  <authors/>
  <pages>
    <start>468</start>
    <end>469</end>
  </pages>
  <literature>
    <literature_orig>Jит.: [1] $\gamma$ о л у б е в В. В., Лекции по аналитической теории дифференциальных уравнений, 2 изд., М.- Јi., 1950; [2] К о ддинг тон Э. А., Ле в и н с о н Н., Теория обыкновенных дифференциальных уравнений, пер. с англ., М., 1958; [3] L еv e l t A. H. M., &quot;proc. Koninkl. Nederl. akad. wet. Ser. A», 1961, v. 64, № 4, p. 362-403; [4] D e l i g n e P., Equations différentielles à points singuliers réguiliers, B., 1970 (lect. Notes in Math., № 163); [5]-P l e m e $1 \mathrm{j}$ J., Problems in the sense of Riemann and Klein, Univ. of Adelaide, 1964.</literature_orig>
    <unit>
      <author>$\gamma$олубев В. В.</author>
      <title>Лекции по аналитической теории дифференциальных уравнений</title>
      <publication>2 изд., М.- Јi.</publication>
      <year>1950</year>
      <other/>
    </unit>
    <unit>
      <author>Коддингтон Э. А.</author>
      <author>Левинсон Н.</author>
      <title>Теория обыкновенных дифференциальных уравнений</title>
      <publication>пер. с англ., М.</publication>
      <year>1958</year>
      <other/>
    </unit>
    <unit>
      <author>Lеvelt A. H. M.</author>
      <title>&quot;proc. Koninkl. Nederl. akad. wet. Ser. A»</title>
      <publication/>
      <year>1961</year>
      <other>v. 64, № 4, p. 362-403</other>
    </unit>
    <unit>
      <author>Deligne P.</author>
      <title>Equations différentielles à points singuliers réguiliers, B.</title>
      <publication/>
      <year>1970</year>
      <other>№ 163)</other>
    </unit>
    <unit>
      <author>-Pleme$1\mathrm{j}$ J.</author>
      <title>Problems in the sense of Riemann and Klein, Univ. of Adelaide</title>
      <publication/>
      <year>1964</year>
      <other/>
    </unit>
  </literature>
  <formulas_main>
    <formula uri="http://libmeta.ru/me/formula/main/1018_1_REGULJaRNAJa">y^{(n)}+a_{1}(t) y^{(n-1)}+\ldots+a_{n}(t) y=0</formula>
    <formula uri="http://libmeta.ru/me/formula/main/1018_2_REGULJaRNAJa">\dot{z}=A(t) z, \quad z \in \mathbb{C}^{n},</formula>
  </formulas_main>
  <formulas_aux>
    <formula uri="http://libmeta.ru/me/formula/aux/1018_1_REGULJaRNAJa">a \in \mathbb{C}</formula>
    <formula uri="http://libmeta.ru/me/formula/aux/1018_2_REGULJaRNAJa">a-</formula>
    <formula uri="http://libmeta.ru/me/formula/aux/1018_3_REGULJaRNAJa">|t-a|^{d}</formula>
    <formula uri="http://libmeta.ru/me/formula/aux/1018_4_REGULJaRNAJa">d \in \mathbb{R}</formula>
    <formula uri="http://libmeta.ru/me/formula/aux/1018_5_REGULJaRNAJa">t</formula>
    <formula uri="http://libmeta.ru/me/formula/aux/1018_6_REGULJaRNAJa">a</formula>
    <formula uri="http://libmeta.ru/me/formula/aux/1018_7_REGULJaRNAJa">a</formula>
    <formula uri="http://libmeta.ru/me/formula/aux/1018_8_REGULJaRNAJa">t \rightarrow a</formula>
    <formula uri="http://libmeta.ru/me/formula/aux/1018_9_REGULJaRNAJa">t \rightarrow a</formula>
    <formula uri="http://libmeta.ru/me/formula/aux/1018_10_REGULJaRNAJa">a</formula>
    <formula uri="http://libmeta.ru/me/formula/aux/1018_11_REGULJaRNAJa">t=0</formula>
    <formula uri="http://libmeta.ru/me/formula/aux/1018_12_REGULJaRNAJa">a_{j}(t)</formula>
    <formula uri="http://libmeta.ru/me/formula/aux/1018_13_REGULJaRNAJa">(t-a)^{j} a_{j}(t), j=1, \ldots, n</formula>
    <formula uri="http://libmeta.ru/me/formula/aux/1018_14_REGULJaRNAJa">a(t)</formula>
    <formula uri="http://libmeta.ru/me/formula/aux/1018_15_REGULJaRNAJa">a</formula>
    <formula uri="http://libmeta.ru/me/formula/aux/1018_16_REGULJaRNAJa">a(t)</formula>
    <formula uri="http://libmeta.ru/me/formula/aux/1018_17_REGULJaRNAJa">a</formula>
  </formulas_aux>
  <relations n="21">
    <relation uri="http://libmeta.ru/me/relation/1018_1_REGULJaRNAJa">
      <rel_text>получено</rel_text>
      <target>http://libmeta.ru/me/article/473_POLUNORM</target>
    </relation>
    <relation uri="http://libmeta.ru/me/relation/1018_2_REGULJaRNAJa">
      <rel_text>системы</rel_text>
      <target>http://libmeta.ru/me/article/350_SISTEM</target>
    </relation>
    <relation uri="http://libmeta.ru/me/relation/1018_3_REGULJaRNAJa">
      <rel_text>необходимое и достаточное</rel_text>
      <target>http://libmeta.ru/me/article/923_NEOBHODIMYE</target>
    </relation>
    <relation uri="http://libmeta.ru/me/relation/1018_4_REGULJaRNAJa">
      <rel_text>матрицу</rel_text>
      <target>http://libmeta.ru/me/article/600_MATRITs</target>
    </relation>
    <relation uri="http://libmeta.ru/me/relation/1018_5_REGULJaRNAJa">
      <rel_text>системы</rel_text>
      <target>http://libmeta.ru/me/article/350_SISTEM</target>
    </relation>
    <relation uri="http://libmeta.ru/me/relation/1018_6_REGULJaRNAJa">
      <rel_text>полюс</rel_text>
      <target>http://libmeta.ru/me/article/500_PoLJu</target>
    </relation>
    <relation uri="http://libmeta.ru/me/relation/1018_7_REGULJaRNAJa">
      <rel_text>матрицы</rel_text>
      <target>http://libmeta.ru/me/article/600_MATRITs</target>
    </relation>
    <relation uri="http://libmeta.ru/me/relation/1018_8_REGULJaRNAJa">
      <rel_text>систем</rel_text>
      <target>http://libmeta.ru/me/article/350_SISTEM</target>
    </relation>
    <relation uri="http://libmeta.ru/me/relation/1018_9_REGULJaRNAJa">
      <rel_text>функции</rel_text>
      <target>http://libmeta.ru/me/article/790_FUNKTO</target>
    </relation>
    <relation uri="http://libmeta.ru/me/relation/1018_10_REGULJaRNAJa">
      <rel_text>уравнений</rel_text>
      <target>http://libmeta.ru/me/article/106_URAVNENI</target>
    </relation>
    <relation uri="http://libmeta.ru/me/relation/1018_11_REGULJaRNAJa">
      <rel_text>регулярна</rel_text>
      <target>http://libmeta.ru/me/article/1037_REGULJaTO</target>
    </relation>
    <relation uri="http://libmeta.ru/me/relation/1018_12_REGULJaRNAJa">
      <rel_text>особая точка</rel_text>
      <target>http://libmeta.ru/me/article/92_OSOBAJa</target>
    </relation>
    <relation uri="http://libmeta.ru/me/relation/1018_13_REGULJaRNAJa">
      <rel_text>уравнений</rel_text>
      <target>http://libmeta.ru/me/article/106_URAVNENI</target>
    </relation>
    <relation uri="http://libmeta.ru/me/relation/1018_14_REGULJaRNAJa">
      <rel_text>системы</rel_text>
      <target>http://libmeta.ru/me/article/350_SISTEM</target>
    </relation>
    <relation uri="http://libmeta.ru/me/relation/1018_15_REGULJaRNAJa">
      <rel_text>уравнения</rel_text>
      <target>http://libmeta.ru/me/article/106_URAVNENI</target>
    </relation>
    <relation uri="http://libmeta.ru/me/relation/1018_16_REGULJaRNAJa">
      <rel_text>особая точка</rel_text>
      <target>http://libmeta.ru/me/article/92_OSOBAJa</target>
    </relation>
    <relation uri="http://libmeta.ru/me/relation/1018_17_REGULJaRNAJa">
      <rel_text>кривой</rel_text>
      <target>http://libmeta.ru/me/article/90_KRIVA</target>
    </relation>
    <relation uri="http://libmeta.ru/me/relation/1018_18_REGULJaRNAJa">
      <rel_text>произвольной</rel_text>
      <target>http://libmeta.ru/me/article/1045_PROIZVODNA</target>
    </relation>
    <relation uri="http://libmeta.ru/me/relation/1018_19_REGULJaRNAJa">
      <rel_text>функциями</rel_text>
      <target>http://libmeta.ru/me/article/796_FUNKTsIONA</target>
    </relation>
    <relation uri="http://libmeta.ru/me/relation/1018_20_REGULJaRNAJa">
      <rel_text>системы</rel_text>
      <target>http://libmeta.ru/me/article/350_SISTEM</target>
    </relation>
    <relation uri="http://libmeta.ru/me/relation/1018_21_REGULJaRNAJa">
      <rel_text>уравнения</rel_text>
      <target>http://libmeta.ru/me/article/106_URAVNENI</target>
    </relation>
  </relations>
  <text>понятіе теории обыкновенных линейных дифференциальных уравненийі с комплексным независимым переменным. Точка $URI[[http://libmeta.ru/me/formula/aux/1018_1_REGULJaRNAJa]]/URI$ наз. Р. о. т. уравнения

\[
URI[[http://libmeta.ru/me/formula/main/1018_1_REGULJaRNAJa]]/URI
\]

или системы

\[
URI[[http://libmeta.ru/me/formula/main/1018_2_REGULJaRNAJa]]/URI
\]

с аналитич, коэффициентами, если $URI[[http://libmeta.ru/me/formula/aux/1018_2_REGULJaRNAJa]]/URI$ изолированная особенность коэффициентов и все репения URI[[http://libmeta.ru/me/relation/1018_21_REGULJaRNAJa]]/URI (1) или URI[[http://libmeta.ru/me/relation/1018_20_REGULJaRNAJa]]/URI (2) растут не быстрее, чем $URI[[http://libmeta.ru/me/formula/aux/1018_3_REGULJaRNAJa]]/URI$ для нек-рого $URI[[http://libmeta.ru/me/formula/aux/1018_4_REGULJaRNAJa]]/URI$, когда $URI[[http://libmeta.ru/me/formula/aux/1018_5_REGULJaRNAJa]]/URI$ стремится к $URI[[http://libmeta.ru/me/formula/aux/1018_6_REGULJaRNAJa]]/URI$, оставаясь внутри произвольного острого угла с веріпиной $URI[[http://libmeta.ru/me/formula/aux/1018_7_REGULJaRNAJa]]/URI$. Последнее ограничение вызвано тем, что в окрестности Р. о. т. решения являются неоднозначными аналитич. URI[[http://libmeta.ru/me/relation/1018_19_REGULJaRNAJa]]/URI и при $URI[[http://libmeta.ru/me/formula/aux/1018_8_REGULJaRNAJa]]/URI$ по URI[[http://libmeta.ru/me/relation/1018_18_REGULJaRNAJa]]/URI URI[[http://libmeta.ru/me/relation/1018_17_REGULJaRNAJa]]/URI могут расти существенно быстрее, чем при стремлении $URI[[http://libmeta.ru/me/formula/aux/1018_9_REGULJaRNAJa]]/URI$ по лучу с вершиной $URI[[http://libmeta.ru/me/formula/aux/1018_10_REGULJaRNAJa]]/URI$.

Для того чтобы URI[[http://libmeta.ru/me/relation/1018_16_REGULJaRNAJa]]/URI коәффициентов URI[[http://libmeta.ru/me/relation/1018_15_REGULJaRNAJa]]/URI (1) или URI[[http://libmeta.ru/me/relation/1018_14_REGULJaRNAJa]]/URI (2) была Р. о. т., необходимо, чтобы она была полюсом, а не существенно особой точкой коэфффициентов. Для URI[[http://libmeta.ru/me/relation/1018_13_REGULJaRNAJa]]/URI (1) имеет место у с л о в и е Ф у к с а: URI[[http://libmeta.ru/me/relation/1018_12_REGULJaRNAJa]]/URI $URI[[http://libmeta.ru/me/formula/aux/1018_11_REGULJaRNAJa]]/URI$ коәффициен- тов $URI[[http://libmeta.ru/me/formula/aux/1018_12_REGULJaRNAJa]]/URI$ URI[[http://libmeta.ru/me/relation/1018_11_REGULJaRNAJa]]/URI для URI[[http://libmeta.ru/me/relation/1018_10_REGULJaRNAJa]]/URI (1) тогда и только тогда, когда все URI[[http://libmeta.ru/me/relation/1018_9_REGULJaRNAJa]]/URI $URI[[http://libmeta.ru/me/formula/aux/1018_13_REGULJaRNAJa]]/URI$, голоморфыы в нуле. Для URI[[http://libmeta.ru/me/relation/1018_8_REGULJaRNAJa]]/URI (2) справедливо следующее достаточное условие: если әлементы URI[[http://libmeta.ru/me/relation/1018_7_REGULJaRNAJa]]/URI $URI[[http://libmeta.ru/me/formula/aux/1018_14_REGULJaRNAJa]]/URI$ имеют простой URI[[http://libmeta.ru/me/relation/1018_6_REGULJaRNAJa]]/URI в точке $URI[[http://libmeta.ru/me/formula/aux/1018_15_REGULJaRNAJa]]/URI$, то эта точка - Р. о. т. URI[[http://libmeta.ru/me/relation/1018_5_REGULJaRNAJa]]/URI (2). Явное условие на URI[[http://libmeta.ru/me/relation/1018_4_REGULJaRNAJa]]/URI $URI[[http://libmeta.ru/me/formula/aux/1018_16_REGULJaRNAJa]]/URI$, URI[[http://libmeta.ru/me/relation/1018_3_REGULJaRNAJa]]/URI для того, чтобы точка $URI[[http://libmeta.ru/me/formula/aux/1018_17_REGULJaRNAJa]]/URI$ была Р. о.т. URI[[http://libmeta.ru/me/relation/1018_2_REGULJaRNAJa]]/URI (2), пока (1983) не URI[[http://libmeta.ru/me/relation/1018_1_REGULJaRNAJa]]/URI.</text>
  <text_orig>понЯтіе теории обыкновенных линейных дифференциальных уравненийі с комплексным независимым переменным. Точка $a \in \mathbb{C}$ наз. Р. о. т. уравнения

\[
y^{(n)}+a_{1}(t) y^{(n-1)}+\ldots+a_{n}(t) y=0
\]

или системы

\[
\dot{z}=A(t) z, \quad z \in \mathbb{C}^{n},
\]

с аналитич, коэффициентами, если $a-$ изолированная особенность коэффициентов и все репения уравнения (1) или системы (2) растут не быстрее, чем $|t-a|^{d}$ для нек-рого $d \in \mathbb{R}$, когда $t$ стремится к $a$, оставаясь внутри произвольного острого угла с веріпиной $a$. Последнее ограничение вызвано тем, что в окрестности Р. о. т. решения являются неоднозначными аналитич. функциями и при $t \rightarrow a$ по произвольной кривой могут расти существенно быстрее, чем при стремлении $t \rightarrow a$ по лучу с вершиной $a$.

Для того чтобы особая точка коәффициентов уравнения (1) или системы (2) была Р. о. т., необходимо, чтобы она была полюсом, а не существенно особой точкой коэфффициентов. Для уравнений (1) имеет место у с л о в и е Ф у к с а: особая точка $t=0$ коәффициен- тов $a_{j}(t)$ регулярна для уравнений (1) тогда и только тогда, когда все функции $(t-a)^{j} a_{j}(t), j=1, \ldots, n$, голоморфыы в нуле. Для систем (2) справедливо следующее достаточное условие: если әлементы матрицы $A(t)$ имеют простой полюс в точке $a$, то эта точка - Р. о. т. системы (2). Явное условие на матрицу $A(t)$, необходимое и достаточное для того, чтобы точка $a$ была Р. о.т. системы (2), пока (1983) не получено.

Jит.: [1] $\Gamma$ о л у б е в В. В., Лекции по аналитической теории дифференциальных уравнений, 2 изД., М.- ЈI., 1950; [2] К о ддинг тон Э. А., Ле в и н с о н Н., Теория обыкновенных дифференциальных уравнений, пер. с англ., М., 1958; [3] L еv e l t A. H. M., &quot;Proc. Koninkl. Nederl. akad. wet. Ser. A», 1961, v. 64, № 4, p. 362-403; [4] D e l i g n e P., Equations différentielles à points singuliers réguiliers, B., 1970 (Lect. Notes in Math., № 163); [5]-P l e m e $1 \mathrm{j}$ J., Problems in the sense of Riemann and Klein, Univ. of Adelaide, 1964.</text_orig>
</article>
