<?xml version="1.0" ?>
<article uri="http://libmeta.ru/me/article/1018_GERONA" alphabetic_pos="1018">
  <title>ГЕРОНА ФОРМУЛА</title>
  <authors>
    <author>А. Б. Иванов</author>
  </authors>
  <pages>
    <start>478</start>
    <end>478</end>
  </pages>
  <literature>
    <literature_orig/>
  </literature>
  <formulas_main>
    <formula uri="http://libmeta.ru/me/formula/main/1018_1_GERONA">S=\sqrt{p(p-a)(p-b)(p-c)},</formula>
  </formulas_main>
  <formulas_aux>
    <formula uri="http://libmeta.ru/me/formula/aux/1018_1_GERONA">a, b, c</formula>
    <formula uri="http://libmeta.ru/me/formula/aux/1018_2_GERONA">p=(a+b+c) / 2</formula>
  </formulas_aux>
  <relations n="1">
    <relation uri="http://libmeta.ru/me/relation/1018_1_GERONA">
      <rel_text>формула</rel_text>
      <target>http://libmeta.ru/me/article/741_FORMUL</target>
    </relation>
  </relations>
  <text>URI[[http://libmeta.ru/me/relation/1018_1_GERONA]]/URI, выражающая площадь треугольника через его стороны $URI[[http://libmeta.ru/me/formula/aux/1018_1_GERONA]]/URI$ :

\[
URI[[http://libmeta.ru/me/formula/main/1018_1_GERONA]]/URI
\]

где $URI[[http://libmeta.ru/me/formula/aux/1018_2_GERONA]]/URI$. Названа по имени Герона (ок. 1 в. н. э.).</text>
  <text_orig>формула, выражающая площадь треугольника через его стороны $a, b, c$ :

\[
S=\sqrt{p(p-a)(p-b)(p-c)},
\]

где $p=(a+b+c) / 2$. Названа по имени Герона (ок. 1 в. н. э.). А. Б. Иванов,</text_orig>
</article>
