<?xml version="1.0" ?>
<article uri="http://libmeta.ru/me/article/1018_NIGDE" alphabetic_pos="1018">
  <title>НИГДЕ НЕ ПЛОТНОЕ МНО ЖЕСТВО</title>
  <authors/>
  <pages>
    <start>519</start>
    <end>519</end>
  </pages>
  <literature>
    <literature_orig/>
  </literature>
  <formulas_main/>
  <formulas_aux>
    <formula uri="http://libmeta.ru/me/formula/aux/1018_1_NIGDE">x</formula>
    <formula uri="http://libmeta.ru/me/formula/aux/1018_2_NIGDE">a</formula>
    <formula uri="http://libmeta.ru/me/formula/aux/1018_3_NIGDE">\gamma \subset X</formula>
    <formula uri="http://libmeta.ru/me/formula/aux/1018_4_NIGDE">\gamma_{0} \subset \Gamma</formula>
    <formula uri="http://libmeta.ru/me/formula/aux/1018_5_NIGDE">a \cap \Gamma_{0}=\varnothing</formula>
    <formula uri="http://libmeta.ru/me/formula/aux/1018_6_NIGDE">a</formula>
  </formulas_aux>
  <relations n="4">
    <relation uri="http://libmeta.ru/me/relation/1018_1_NIGDE">
      <rel_text>открытом множестве</rel_text>
      <target>http://libmeta.ru/me/article/123_OTHOCITEL'NO</target>
    </relation>
    <relation uri="http://libmeta.ru/me/relation/1018_2_NIGDE">
      <rel_text>открытое множество</rel_text>
      <target>http://libmeta.ru/me/article/123_OTHOCITEL'NO</target>
    </relation>
    <relation uri="http://libmeta.ru/me/relation/1018_3_NIGDE">
      <rel_text>открытое множество</rel_text>
      <target>http://libmeta.ru/me/article/123_OTHOCITEL'NO</target>
    </relation>
    <relation uri="http://libmeta.ru/me/relation/1018_4_NIGDE">
      <rel_text>множество</rel_text>
      <target>http://libmeta.ru/me/article/733_MNOZhESTV</target>
    </relation>
  </relations>
  <text>т о п о Л о г ич е с к о го п р о с т р а н с т а $URI[[http://libmeta.ru/me/formula/aux/1018_1_NIGDE]]/URI$ - URI[[http://libmeta.ru/me/relation/1018_4_NIGDE]]/URI $URI[[http://libmeta.ru/me/formula/aux/1018_2_NIGDE]]/URI$, определяемое следуюшци свойством: каждое непустое URI[[http://libmeta.ru/me/relation/1018_3_NIGDE]]/URI $URI[[http://libmeta.ru/me/formula/aux/1018_3_NIGDE]]/URI$ содержит непустое URI[[http://libmeta.ru/me/relation/1018_2_NIGDE]]/URI $URI[[http://libmeta.ru/me/formula/aux/1018_4_NIGDE]]/URI$ такое, что $URI[[http://libmeta.ru/me/formula/aux/1018_5_NIGDE]]/URI$. Другими словами, $URI[[http://libmeta.ru/me/formula/aux/1018_6_NIGDE]]/URI$ - Н. не п. м., если оно не плотно ни в каком непустом URI[[http://libmeta.ru/me/relation/1018_1_NIGDE]]/URI.</text>
  <text_orig>т о п о Л о г ич е с к о го п р о с т р а н с т а $X$ - множество $A$, определяемое следуюшци свойством: каждое непустое открытое множество $\Gamma \subset X$ содержит непустое открытое множество $\Gamma_{0} \subset \Gamma$ такое, что $A \cap \Gamma_{0}=\varnothing$. Другими словами, $A$ - Н. не п. м., если оно не плотно ни в каком непустом открытом множестве.</text_orig>
</article>
