<?xml version="1.0" ?>
<article uri="http://libmeta.ru/me/article/1019_GERTsA" alphabetic_pos="1019">
  <title>ГЕРЦА ПРИНЦИП</title>
  <authors/>
  <pages>
    <start>478</start>
    <end>479</end>
  </pages>
  <literature>
    <literature_orig>Лит.: [1] П о с т н и к о в М. М., Введение в теорию Морса, М., 1971; [2] $\gamma$ а н н и н $\gamma$ Р., Р о с с и Х., Аналитические функции многих комплексных переменных, пер. с англ., М., 1969.</literature_orig>
    <unit>
      <author>Постников М. М.</author>
      <title>Введение в теорию Морса</title>
      <publication>М.</publication>
      <year>1971</year>
      <other/>
    </unit>
    <unit>
      <author>$\gamma$аннин$\gamma$ Р.</author>
      <author>Росси Х.</author>
      <title>Аналитические функции многих комплексных переменных</title>
      <publication>пер. с англ., М.</publication>
      <year>1969</year>
      <other/>
    </unit>
  </literature>
  <formulas_main>
    <formula uri="http://libmeta.ru/me/formula/main/1019_1_GERTsA">H(x)=\sum_{i=1}^{n} \sum_{j=1}^{n} a_{i j} x_{i} x_{j}</formula>
    <formula uri="http://libmeta.ru/me/formula/main/1019_2_GERTsA">H(z)=\sum_{i=1}^{n} \sum_{j=1}^{n} a_{i j} z_{i} \bar{z}_{j}</formula>
  </formulas_main>
  <formulas_aux>
    <formula uri="http://libmeta.ru/me/formula/aux/1019_1_GERTsA">\mathrm{lpz}_{\text {., }} 1894</formula>
    <formula uri="http://libmeta.ru/me/formula/aux/1019_2_GERTsA">\gamma</formula>
    <formula uri="http://libmeta.ru/me/formula/aux/1019_3_GERTsA">\mathrm{p}</formula>
    <formula uri="http://libmeta.ru/me/formula/aux/1019_4_GERTsA">\gamma</formula>
    <formula uri="http://libmeta.ru/me/formula/aux/1019_5_GERTsA">a_{i j}=\partial^{2} f(p) / \partial x_{i} \partial x_{j}</formula>
    <formula uri="http://libmeta.ru/me/formula/aux/1019_6_GERTsA">\left.\partial^{2} f(p) / \partial z_{i} \partial \overline{z_{j}}\right)</formula>
    <formula uri="http://libmeta.ru/me/formula/aux/1019_7_GERTsA">f(p)</formula>
    <formula uri="http://libmeta.ru/me/formula/aux/1019_8_GERTsA">n</formula>
    <formula uri="http://libmeta.ru/me/formula/aux/1019_9_GERTsA">\mathbb{r}^{n}</formula>
    <formula uri="http://libmeta.ru/me/formula/aux/1019_10_GERTsA">\left.\mathbb{C}^{n}\right)</formula>
    <formula uri="http://libmeta.ru/me/formula/aux/1019_11_GERTsA">x_{1}, \ldots, x_{n}</formula>
    <formula uri="http://libmeta.ru/me/formula/aux/1019_12_GERTsA">z_{1}, . . ., z_{n}</formula>
    <formula uri="http://libmeta.ru/me/formula/aux/1019_13_GERTsA">c^{2}</formula>
    <formula uri="http://libmeta.ru/me/formula/aux/1019_14_GERTsA">\gamma</formula>
  </formulas_aux>
  <relations n="23">
    <relation uri="http://libmeta.ru/me/relation/1019_1_GERTsA">
      <rel_text>функции</rel_text>
      <target>http://libmeta.ru/me/article/790_FUNKTO</target>
    </relation>
    <relation uri="http://libmeta.ru/me/relation/1019_2_GERTsA">
      <rel_text>псевдовыпуклой</rel_text>
      <target>http://libmeta.ru/me/article/780_PSEVDOMETRIK</target>
    </relation>
    <relation uri="http://libmeta.ru/me/relation/1019_3_GERTsA">
      <rel_text>комплексном</rel_text>
      <target>http://libmeta.ru/me/article/1005_KOMPAKTNOST</target>
    </relation>
    <relation uri="http://libmeta.ru/me/relation/1019_4_GERTsA">
      <rel_text>критич</rel_text>
      <target>http://libmeta.ru/me/article/90_KRIVA</target>
    </relation>
    <relation uri="http://libmeta.ru/me/relation/1019_5_GERTsA">
      <rel_text>теории</rel_text>
      <target>http://libmeta.ru/me/article/381_TEORI</target>
    </relation>
    <relation uri="http://libmeta.ru/me/relation/1019_6_GERTsA">
      <rel_text>координат</rel_text>
      <target>http://libmeta.ru/me/article/1_KOORDiNAT</target>
    </relation>
    <relation uri="http://libmeta.ru/me/relation/1019_7_GERTsA">
      <rel_text>системы</rel_text>
      <target>http://libmeta.ru/me/article/350_SISTEM</target>
    </relation>
    <relation uri="http://libmeta.ru/me/relation/1019_8_GERTsA">
      <rel_text>выбора</rel_text>
      <target>http://libmeta.ru/me/article/822_VYBORK</target>
    </relation>
    <relation uri="http://libmeta.ru/me/relation/1019_9_GERTsA">
      <rel_text>пространстве</rel_text>
      <target>http://libmeta.ru/me/article/748_PROSTRANSTV</target>
    </relation>
    <relation uri="http://libmeta.ru/me/relation/1019_10_GERTsA">
      <rel_text>касательном</rel_text>
      <target>http://libmeta.ru/me/article/774_KASATEL'NA</target>
    </relation>
    <relation uri="http://libmeta.ru/me/relation/1019_11_GERTsA">
      <rel_text>форма</rel_text>
      <target>http://libmeta.ru/me/article/728_FORM</target>
    </relation>
    <relation uri="http://libmeta.ru/me/relation/1019_12_GERTsA">
      <rel_text>квадратичная</rel_text>
      <target>http://libmeta.ru/me/article/812_KVADRATRIS</target>
    </relation>
    <relation uri="http://libmeta.ru/me/relation/1019_13_GERTsA">
      <rel_text>пространстве</rel_text>
      <target>http://libmeta.ru/me/article/748_PROSTRANSTV</target>
    </relation>
    <relation uri="http://libmeta.ru/me/relation/1019_14_GERTsA">
      <rel_text>комплексном</rel_text>
      <target>http://libmeta.ru/me/article/1005_KOMPAKTNOST</target>
    </relation>
    <relation uri="http://libmeta.ru/me/relation/1019_15_GERTsA">
      <rel_text>многообразии</rel_text>
      <target>http://libmeta.ru/me/article/438_MNOGOOBRAZI</target>
    </relation>
    <relation uri="http://libmeta.ru/me/relation/1019_16_GERTsA">
      <rel_text>функции</rel_text>
      <target>http://libmeta.ru/me/article/790_FUNKTO</target>
    </relation>
    <relation uri="http://libmeta.ru/me/relation/1019_17_GERTsA">
      <rel_text>переносится</rel_text>
      <target>http://libmeta.ru/me/article/222_PEREGÓROD</target>
    </relation>
    <relation uri="http://libmeta.ru/me/relation/1019_18_GERTsA">
      <rel_text>координат</rel_text>
      <target>http://libmeta.ru/me/article/1_KOORDiNAT</target>
    </relation>
    <relation uri="http://libmeta.ru/me/relation/1019_19_GERTsA">
      <rel_text>системы</rel_text>
      <target>http://libmeta.ru/me/article/350_SISTEM</target>
    </relation>
    <relation uri="http://libmeta.ru/me/relation/1019_20_GERTsA">
      <rel_text>пространстве</rel_text>
      <target>http://libmeta.ru/me/article/748_PROSTRANSTV</target>
    </relation>
    <relation uri="http://libmeta.ru/me/relation/1019_21_GERTsA">
      <rel_text>комплексном</rel_text>
      <target>http://libmeta.ru/me/article/1005_KOMPAKTNOST</target>
    </relation>
    <relation uri="http://libmeta.ru/me/relation/1019_22_GERTsA">
      <rel_text>пространстве</rel_text>
      <target>http://libmeta.ru/me/article/748_PROSTRANSTV</target>
    </relation>
    <relation uri="http://libmeta.ru/me/relation/1019_23_GERTsA">
      <rel_text>задана</rel_text>
      <target>http://libmeta.ru/me/article/10_ZAdAch</target>
    </relation>
  </relations>
  <text>п р я м е й ш е г 0 п у т и п р инци п, на іл ме ныше й к р ивизн п р и н ц и П,- дифференциальный вариационный принцип классической механики, постулированный Г. Герцем [1] в качестве основного закона разработанной им механики, в к-рой, в отличие от механики Ньютона, вместо понятия силы введены представления о скрытых связях и скрытых движениях. Согласно Г. П. «всякая свободная система пребывает в своем состоянии покоя или равномерного движения вдоль прямейшего пути». С в об о д но й с и с т е м о й Г. Герц наз. систему, не подверженную действию активных сил и стесненную связями, накладывающими ограничения лишь на взаимные расположения точек системы; под п р я м е йш и м п у т е м понимается траектория, каждый элемент к-рой имеет наименышую кривизну по сравнению с любым элементом, имеющим с рассматриваемым об- щие начальную точку и касательную в ней и удовлетворяющим уравнениям связей. Для систем, стесненных стационарными связями и не подверженных действию активных сил, Г. П. эквивалентен Гаусса принциny (см. [2]).

Jum..: [1] H e r tz H., Gesammelte Werke, [bd] 3 - Die Principien der Mechanik..., $URI[[http://libmeta.ru/me/formula/aux/1019_1_GERTsA]]/URI$ (в pyc. пер. - $URI[[http://libmeta.ru/me/formula/aux/1019_2_GERTsA]]/URI$ е $URI[[http://libmeta.ru/me/formula/aux/1019_3_GERTsA]]/URI$ ц $URI[[http://libmeta.ru/me/formula/aux/1019_4_GERTsA]]/URI$., Принципы механики, изложенные в новой связи, м., 1959); [2] Р о з е Н. В., Лекции по аналитической механике, ч. I, Л., 1938

В. В. Румянч

\[
URI[[http://libmeta.ru/me/formula/main/1019_1_GERTsA]]/URI
\]

или

\[
URI[[http://libmeta.ru/me/formula/main/1019_2_GERTsA]]/URI
\]

где $URI[[http://libmeta.ru/me/formula/aux/1019_5_GERTsA]]/URI$ (или $URI[[http://libmeta.ru/me/formula/aux/1019_6_GERTsA]]/URI$ и $URI[[http://libmeta.ru/me/formula/aux/1019_7_GERTsA]]/URI$ URI[[http://libmeta.ru/me/relation/1019_23_GERTsA]]/URI на $URI[[http://libmeta.ru/me/formula/aux/1019_8_GERTsA]]/URI$-мерном действительном URI[[http://libmeta.ru/me/relation/1019_22_GERTsA]]/URI $URI[[http://libmeta.ru/me/formula/aux/1019_9_GERTsA]]/URI$ (или URI[[http://libmeta.ru/me/relation/1019_21_GERTsA]]/URI URI[[http://libmeta.ru/me/relation/1019_20_GERTsA]]/URI $URI[[http://libmeta.ru/me/formula/aux/1019_10_GERTsA]]/URI$ с координатами $URI[[http://libmeta.ru/me/formula/aux/1019_11_GERTsA]]/URI$ (или $URI[[http://libmeta.ru/me/formula/aux/1019_12_GERTsA]]/URI$ ). Введен О. Гессе (о. Hesse, 1844). С помощью локальной URI[[http://libmeta.ru/me/relation/1019_19_GERTsA]]/URI URI[[http://libmeta.ru/me/relation/1019_18_GERTsA]]/URI әто определение URI[[http://libmeta.ru/me/relation/1019_17_GERTsA]]/URI на URI[[http://libmeta.ru/me/relation/1019_16_GERTsA]]/URI, определенные на действительном URI[[http://libmeta.ru/me/relation/1019_15_GERTsA]]/URI класса $URI[[http://libmeta.ru/me/formula/aux/1019_13_GERTsA]]/URI$ (или на URI[[http://libmeta.ru/me/relation/1019_14_GERTsA]]/URI URI[[http://libmeta.ru/me/relation/1019_13_GERTsA]]/URI). В обоих случаях Г. - URI[[http://libmeta.ru/me/relation/1019_12_GERTsA]]/URI URI[[http://libmeta.ru/me/relation/1019_11_GERTsA]]/URI, заданная на URI[[http://libmeta.ru/me/relation/1019_10_GERTsA]]/URI URI[[http://libmeta.ru/me/relation/1019_9_GERTsA]]/URI, не зависяшая от URI[[http://libmeta.ru/me/relation/1019_8_GERTsA]]/URI URI[[http://libmeta.ru/me/relation/1019_7_GERTsA]]/URI URI[[http://libmeta.ru/me/relation/1019_6_GERTsA]]/URI. В URI[[http://libmeta.ru/me/relation/1019_5_GERTsA]]/URI Морса через Г. определяются понятия (не) вырожденной URI[[http://libmeta.ru/me/relation/1019_4_GERTsA]]/URI. точки, формы Морса и формы Ботта. В URI[[http://libmeta.ru/me/relation/1019_3_GERTsA]]/URI анализе $URI[[http://libmeta.ru/me/formula/aux/1019_14_GERTsA]]/URI$. участвует в определении URI[[http://libmeta.ru/me/relation/1019_2_GERTsA]]/URI области и плюрисубгармонич. URI[[http://libmeta.ru/me/relation/1019_1_GERTsA]]/URI.</text>
  <text_orig>п р я м е й ш е г 0 п у т и п р инци п, на іл ме ныше й к р ивизн п р и н ц и П,- дифференциальный вариационный принцип классической механики, постулированный Г. Герцем [1] в качестве основного закона разработанной им механики, в к-рой, в отличие от механики Ньютона, вместо понятия силы введены представления о скрытых связях и скрытых движениях. Согласно Г. П. «всякая свободная система пребывает в своем состоянии покоя или равномерного движения вдоль прямейшего пути». С в об о д но й с и с т е м о й Г. Герц наз. систему, не подверженную действию активных сил и стесненную связями, накладывающими ограничения лишь на взаимные расположения точек системы; под п р я м е йш и м п у т е м понимается траектория, каждый элемент к-рой имеет наименышую кривизну по сравнению с любым элементом, имеющим с рассматриваемым об- щие начальную точку и касательную в ней и удовлетворяющим уравнениям связей. Для систем, стесненных стационарными связями и не подверженных действию активных сил, Г. П. эквивалентен Гаусса принциny (см. [2]).

Jum..: [1] H e r tz H., Gesammelte Werke, [Bd] 3 - Die Principien der Mechanik..., $\mathrm{Lpz}_{\text {., }} 1894$ (в pyc. пер. - $\Gamma$ е $\mathrm{p}$ ц $\Gamma$., Принципы механики, изложенные в новой связи, м., 1959); [2] Р о з е Н. В., Лекции по аналитической механике, ч. I, Л., 1938

В. В. Румянч

\[
H(x)=\sum_{i=1}^{n} \sum_{j=1}^{n} a_{i j} x_{i} x_{j}
\]

или

\[
H(z)=\sum_{i=1}^{n} \sum_{j=1}^{n} a_{i j} z_{i} \bar{z}_{j}
\]

где $a_{i j}=\partial^{2} f(p) / \partial x_{i} \partial x_{j}$ (или $\left.\partial^{2} f(p) / \partial z_{i} \partial \overline{z_{j}}\right)$ и $f(p)$ задана на $n$-мерном действительном пространстве $\mathbb{R}^{n}$ (или комплексном пространстве $\left.\mathbb{C}^{n}\right)$ с координатами $x_{1}, \ldots, x_{n}$ (или $z_{1}, . . ., z_{n}$ ). Введен О. Гессе (О. Hesse, 1844). С помощью локальной системы координат әто определение переносится на функции, определенные на действительном многообразии класса $C^{2}$ (или на комплексном пространстве). В обоих случаях Г. - квадратичная форма, заданная на касательном пространстве, не зависяшая от выбора системы координат. В теории Морса через Г. определяются понятия (не) вырожденной критич. точки, формы Морса и формы Ботта. В комплексном анализе $\Gamma$. участвует в определении псевдовыпуклой области и плюрисубгармонич. функции.

Лит.: [1] П о с т н и к о в М. М., Введение в теорию Морса, М., 1971; [2] $\Gamma$ а н н и н $\Gamma$ Р., Р о с с и Х., Аналитические функции многих комплексных переменных, пер. с англ., М., 1969.</text_orig>
</article>
