<?xml version="1.0" ?>
<article uri="http://libmeta.ru/me/article/1019_IIVARTsA" alphabetic_pos="1019">
  <title>IIВАРЦА АЛЬТЕРНИРУЮЩИЙ МЕТОД</title>
  <authors>
    <author>Т. П. Лукашенко</author>
  </authors>
  <pages>
    <start>443</start>
    <end>444</end>
  </pages>
  <literature>
    <literature_orig>Jum.: [1] S c h w a r z H., Ges. math. Abh., Bd 2, B., 1890: [2] N e u m a n n C., &quot;ber. Verhandl. Sächsisch. Akad. Wiss. Leip-![](https://cdn.mathpix.com/cropped/2023_07_09_5edaa8badbd40fc13857g-1.jpg?height=44&amp;width=804&amp;top_left_y=799&amp;top_left_x=149)![](https://cdn.mathpix.com/cropped/2023_07_09_5edaa8badbd40fc13857g-1.jpg?height=42&amp;width=796&amp;top_left_y=826&amp;top_left_x=149)Н е в а н л и Ii н а Р., Униформизация, пер. с нем., М., 1955.Iii В Рiа Днфференiиа рядка $n$ Iii вариа симметрической производной. Подробнсе, если для функции действительного переменного $f(x)$\[\begin{aligned}\Delta^{n} f(x, \Delta x)= &amp; \sum_{k=0}^{n} C_{n}^{k}(-1)^{k} f\left(x+\frac{n-2 k}{2} \Delta x\right)= \\&amp; =A \cdot(\Delta x)^{n}+o\left((\Delta x)^{n}\right),\end{aligned}\]то выражение $a \cdot(\Delta x)^{n}$ наз. Iii. Д. порядка $n$. Когда говорят о Iii. Д. без указания порядка, то обычно считают $n=2$.</literature_orig>
    <unit>
      <author>Schwarz H.</author>
      <title>Ges. math. Abh., Bd 2, B.</title>
      <publication/>
      <year>1890</year>
      <other/>
    </unit>
    <unit>
      <author>Neumann C.</author>
      <author>&quot;ber.Verhandl.Sächsisch.Akad.Wiss.Leip-![](https://cdn.mathpix.com/cropped/2023_07_09_5edaa8badbd40fc13857g-1.jpg?height=44&amp;width=804&amp;top_left_y=799&amp;top_left_x=149)![](https://cdn.mathpix.com/cropped/2023_07_09_5edaa8badbd40fc13857g-1.jpg?height=42&amp;width=796&amp;top_left_y=826&amp;top_left_x=149)Неванли Iiна Р.</author>
      <title>Униформизация</title>
      <publication>пер. с нем., М.</publication>
      <year>1955</year>
      <other>если для функции действительного переменного $f(x)$\[\begin{aligned}\Delta^{n} f(x, \Delta x)= &amp; \sum_{k=0}^{n} C_{n}^{k}(-1)^{k} f\left(x+\frac{n-2 k}{2} \Delta x\right)= \\&amp; =A \cdot(\Delta x)^{n}+o\left((\Delta x)^{n}\right), \end{aligned}\]то выражение $a \cdot(\Delta x)^{n}$ наз. Iii. Д. порядка $n$. Когда говорят о Iii. Д. без указания порядка, то обычно считают $n=2$.</other>
    </unit>
  </literature>
  <formulas_main>
    <formula uri="http://libmeta.ru/me/formula/main/1019_1_IIVARTsA">w=\lim _{n \rightarrow \infty} u_{n} \mathbf{B} A</formula>
    <formula uri="http://libmeta.ru/me/formula/main/1019_2_IIVARTsA">w=\lim _{n \rightarrow \infty} v_{n} \text { в } B</formula>
  </formulas_main>
  <formulas_aux>
    <formula uri="http://libmeta.ru/me/formula/aux/1019_1_IIVARTsA">d</formula>
    <formula uri="http://libmeta.ru/me/formula/aux/1019_2_IIVARTsA">d_{i}</formula>
    <formula uri="http://libmeta.ru/me/formula/aux/1019_3_IIVARTsA">a</formula>
    <formula uri="http://libmeta.ru/me/formula/aux/1019_4_IIVARTsA">b</formula>
    <formula uri="http://libmeta.ru/me/formula/aux/1019_5_IIVARTsA">a</formula>
    <formula uri="http://libmeta.ru/me/formula/aux/1019_6_IIVARTsA">b</formula>
    <formula uri="http://libmeta.ru/me/formula/aux/1019_7_IIVARTsA">d</formula>
    <formula uri="http://libmeta.ru/me/formula/aux/1019_8_IIVARTsA">a</formula>
    <formula uri="http://libmeta.ru/me/formula/aux/1019_9_IIVARTsA">b</formula>
    <formula uri="http://libmeta.ru/me/formula/aux/1019_10_IIVARTsA">\alpha</formula>
    <formula uri="http://libmeta.ru/me/formula/aux/1019_11_IIVARTsA">a</formula>
    <formula uri="http://libmeta.ru/me/formula/aux/1019_12_IIVARTsA">\alpha_{1}-</formula>
    <formula uri="http://libmeta.ru/me/formula/aux/1019_13_IIVARTsA">\alpha</formula>
    <formula uri="http://libmeta.ru/me/formula/aux/1019_14_IIVARTsA">b</formula>
    <formula uri="http://libmeta.ru/me/formula/aux/1019_15_IIVARTsA">d</formula>
    <formula uri="http://libmeta.ru/me/formula/aux/1019_16_IIVARTsA">\alpha_{2}</formula>
    <formula uri="http://libmeta.ru/me/formula/aux/1019_17_IIVARTsA">\alpha=\alpha_{1} \cup \alpha_{2}</formula>
    <formula uri="http://libmeta.ru/me/formula/aux/1019_18_IIVARTsA">\beta</formula>
    <formula uri="http://libmeta.ru/me/formula/aux/1019_19_IIVARTsA">b, \beta_{1}</formula>
    <formula uri="http://libmeta.ru/me/formula/aux/1019_20_IIVARTsA">a</formula>
    <formula uri="http://libmeta.ru/me/formula/aux/1019_21_IIVARTsA">d</formula>
    <formula uri="http://libmeta.ru/me/formula/aux/1019_22_IIVARTsA">\beta_{2}</formula>
    <formula uri="http://libmeta.ru/me/formula/aux/1019_23_IIVARTsA">\beta=\beta_{1} \cup \beta_{2}</formula>
    <formula uri="http://libmeta.ru/me/formula/aux/1019_24_IIVARTsA">\gamma</formula>
    <formula uri="http://libmeta.ru/me/formula/aux/1019_25_IIVARTsA">d</formula>
    <formula uri="http://libmeta.ru/me/formula/aux/1019_26_IIVARTsA">\gamma=\alpha_{2} \cup \beta_{2}</formula>
    <formula uri="http://libmeta.ru/me/formula/aux/1019_27_IIVARTsA">\gamma</formula>
    <formula uri="http://libmeta.ru/me/formula/aux/1019_28_IIVARTsA">f</formula>
    <formula uri="http://libmeta.ru/me/formula/aux/1019_29_IIVARTsA">w</formula>
    <formula uri="http://libmeta.ru/me/formula/aux/1019_30_IIVARTsA">d</formula>
    <formula uri="http://libmeta.ru/me/formula/aux/1019_31_IIVARTsA">\bar{d}</formula>
    <formula uri="http://libmeta.ru/me/formula/aux/1019_32_IIVARTsA">\gamma</formula>
    <formula uri="http://libmeta.ru/me/formula/aux/1019_33_IIVARTsA">f</formula>
    <formula uri="http://libmeta.ru/me/formula/aux/1019_34_IIVARTsA">f</formula>
    <formula uri="http://libmeta.ru/me/formula/aux/1019_35_IIVARTsA">\alpha_{2}</formula>
    <formula uri="http://libmeta.ru/me/formula/aux/1019_36_IIVARTsA">\alpha</formula>
    <formula uri="http://libmeta.ru/me/formula/aux/1019_37_IIVARTsA">u_{1}</formula>
    <formula uri="http://libmeta.ru/me/formula/aux/1019_38_IIVARTsA">a</formula>
    <formula uri="http://libmeta.ru/me/formula/aux/1019_39_IIVARTsA">u_{1}</formula>
    <formula uri="http://libmeta.ru/me/formula/aux/1019_40_IIVARTsA">\beta_{1}</formula>
    <formula uri="http://libmeta.ru/me/formula/aux/1019_41_IIVARTsA">f</formula>
    <formula uri="http://libmeta.ru/me/formula/aux/1019_42_IIVARTsA">\beta_{2}</formula>
    <formula uri="http://libmeta.ru/me/formula/aux/1019_43_IIVARTsA">\beta</formula>
    <formula uri="http://libmeta.ru/me/formula/aux/1019_44_IIVARTsA">v_{1}</formula>
    <formula uri="http://libmeta.ru/me/formula/aux/1019_45_IIVARTsA">b</formula>
    <formula uri="http://libmeta.ru/me/formula/aux/1019_46_IIVARTsA">u_{2}</formula>
    <formula uri="http://libmeta.ru/me/formula/aux/1019_47_IIVARTsA">a</formula>
    <formula uri="http://libmeta.ru/me/formula/aux/1019_48_IIVARTsA">f</formula>
    <formula uri="http://libmeta.ru/me/formula/aux/1019_49_IIVARTsA">\alpha_{2}</formula>
    <formula uri="http://libmeta.ru/me/formula/aux/1019_50_IIVARTsA">v_{1}</formula>
    <formula uri="http://libmeta.ru/me/formula/aux/1019_51_IIVARTsA">\alpha_{1}</formula>
    <formula uri="http://libmeta.ru/me/formula/aux/1019_52_IIVARTsA">f</formula>
    <formula uri="http://libmeta.ru/me/formula/aux/1019_53_IIVARTsA">a</formula>
    <formula uri="http://libmeta.ru/me/formula/aux/1019_54_IIVARTsA">b</formula>
    <formula uri="http://libmeta.ru/me/formula/aux/1019_55_IIVARTsA">a</formula>
    <formula uri="http://libmeta.ru/me/formula/aux/1019_56_IIVARTsA">b</formula>
  </formulas_aux>
  <relations n="7">
    <relation uri="http://libmeta.ru/me/relation/1019_1_IIVARTsA">
      <rel_text>римановых поверхностях</rel_text>
      <target>http://libmeta.ru/me/article/1120_RIMANOVA</target>
    </relation>
    <relation uri="http://libmeta.ru/me/relation/1019_2_IIVARTsA">
      <rel_text>функций</rel_text>
      <target>http://libmeta.ru/me/article/790_FUNKTO</target>
    </relation>
    <relation uri="http://libmeta.ru/me/relation/1019_3_IIVARTsA">
      <rel_text>гармонич</rel_text>
      <target>http://libmeta.ru/me/article/928_GARMONIK</target>
    </relation>
    <relation uri="http://libmeta.ru/me/relation/1019_4_IIVARTsA">
      <rel_text>порядка</rel_text>
      <target>http://libmeta.ru/me/article/531_PORJaDO</target>
    </relation>
    <relation uri="http://libmeta.ru/me/relation/1019_5_IIVARTsA">
      <rel_text>уравнений</rel_text>
      <target>http://libmeta.ru/me/article/106_URAVNENI</target>
    </relation>
    <relation uri="http://libmeta.ru/me/relation/1019_6_IIVARTsA">
      <rel_text>пересечении</rel_text>
      <target>http://libmeta.ru/me/article/222_PEREGÓROD</target>
    </relation>
    <relation uri="http://libmeta.ru/me/relation/1019_7_IIVARTsA">
      <rel_text>задачи</rel_text>
      <target>http://libmeta.ru/me/article/10_ZAdAch</target>
    </relation>
  </relations>
  <text>один из общих методов решения Дирихле задачи, позволяющий получить решение задачи Дирихле для дифференциального уравнения эллиптич. типа в областях $URI[[http://libmeta.ru/me/formula/aux/1019_1_IIVARTsA]]/URI$, представимых в виде объединения конечного числа областей $URI[[http://libmeta.ru/me/formula/aux/1019_2_IIVARTsA]]/URI$, для к-рых решение задачи Дирихле уже известно. Работы Г. Їварца (1869; см. [1]) и ряд последующих работ других авторов были посвящены Шi. а. м. решения задачи Дирихле для уравнения Лапласа в плоских областях. Сущность Iii. а. м. применительно к простейшему случаю уравнения Лапласа в объединении двух плоских областей заключается в следующем.

Пусть $URI[[http://libmeta.ru/me/formula/aux/1019_3_IIVARTsA]]/URI$ и $URI[[http://libmeta.ru/me/formula/aux/1019_4_IIVARTsA]]/URI$ - две области на плоскости, имеющие непустое пересеченис и такие, что решение задачи Дирихле для уравнения Лапласа для каждой из них известно; напр., если $URI[[http://libmeta.ru/me/formula/aux/1019_5_IIVARTsA]]/URI$ и $URI[[http://libmeta.ru/me/formula/aux/1019_6_IIVARTsA]]/URI$ - круги, то решение задачи Дирихле для каждого из них дается интегралом Пуассона. Пусть, далее, $URI[[http://libmeta.ru/me/formula/aux/1019_7_IIVARTsA]]/URI$ - объединение областей $URI[[http://libmeta.ru/me/formula/aux/1019_8_IIVARTsA]]/URI$ и $URI[[http://libmeta.ru/me/formula/aux/1019_9_IIVARTsA]]/URI$, для к-рого требуется найти репение задачи Дирихле (см. рис.). Через $URI[[http://libmeta.ru/me/formula/aux/1019_10_IIVARTsA]]/URI$ обозначена граница области $URI[[http://libmeta.ru/me/formula/aux/1019_11_IIVARTsA]]/URI$, через $URI[[http://libmeta.ru/me/formula/aux/1019_12_IIVARTsA]]/URI$ части границы $URI[[http://libmeta.ru/me/formula/aux/1019_13_IIVARTsA]]/URI$, попавшие в $URI[[http://libmeta.ru/me/formula/aux/1019_14_IIVARTsA]]/URI$ (они входят в $URI[[http://libmeta.ru/me/formula/aux/1019_15_IIVARTsA]]/URI$ ), а через $URI[[http://libmeta.ru/me/formula/aux/1019_16_IIVARTsA]]/URI$ - оставпгиеся части, так что $URI[[http://libmeta.ru/me/formula/aux/1019_17_IIVARTsA]]/URI$. Аналогично $URI[[http://libmeta.ru/me/formula/aux/1019_18_IIVARTsA]]/URI$ - граница области $URI[[http://libmeta.ru/me/formula/aux/1019_19_IIVARTsA]]/URI$ - ее части, попавшие в $URI[[http://libmeta.ru/me/formula/aux/1019_20_IIVARTsA]]/URI$ (они тоже входят в $URI[[http://libmeta.ru/me/formula/aux/1019_21_IIVARTsA]]/URI$ ), $URI[[http://libmeta.ru/me/formula/aux/1019_22_IIVARTsA]]/URI$

![](https://cdn.mathpix.com/cropped/2023_07_09_c81734013f5112697a10g-1.jpg?height=226&amp;width=322&amp;top_left_y=1589&amp;top_left_x=1469)
оставшиеся части, то есть $URI[[http://libmeta.ru/me/formula/aux/1019_23_IIVARTsA]]/URI$. Тогда граница $URI[[http://libmeta.ru/me/formula/aux/1019_24_IIVARTsA]]/URI$ области $URI[[http://libmeta.ru/me/formula/aux/1019_25_IIVARTsA]]/URI$ может быть представлена в виде $URI[[http://libmeta.ru/me/formula/aux/1019_26_IIVARTsA]]/URI$.

Пусть теперь на $URI[[http://libmeta.ru/me/formula/aux/1019_27_IIVARTsA]]/URI$ задана непрерывная функция $URI[[http://libmeta.ru/me/formula/aux/1019_28_IIVARTsA]]/URI$ и пусть требуется найти гармонич. Функцию $URI[[http://libmeta.ru/me/formula/aux/1019_29_IIVARTsA]]/URI$ в $URI[[http://libmeta.ru/me/formula/aux/1019_30_IIVARTsA]]/URI$, непрерывную в замкнутої области $URI[[http://libmeta.ru/me/formula/aux/1019_31_IIVARTsA]]/URI$ и иринимающую на $URI[[http://libmeta.ru/me/formula/aux/1019_32_IIVARTsA]]/URI$ значения функции $URI[[http://libmeta.ru/me/formula/aux/1019_33_IIVARTsA]]/URI$. Сужение функции $URI[[http://libmeta.ru/me/formula/aux/1019_34_IIVARTsA]]/URI$ на $URI[[http://libmeta.ru/me/formula/aux/1019_35_IIVARTsA]]/URI$ продојжается непрерывно на всю границу $URI[[http://libmeta.ru/me/formula/aux/1019_36_IIVARTsA]]/URI$ и для этих граничных знаqений находится репение $URI[[http://libmeta.ru/me/formula/aux/1019_37_IIVARTsA]]/URI$ задачи Дирихле в $URI[[http://libmeta.ru/me/formula/aux/1019_38_IIVARTsA]]/URI$. Значения $URI[[http://libmeta.ru/me/formula/aux/1019_39_IIVARTsA]]/URI$ на $URI[[http://libmeta.ru/me/formula/aux/1019_40_IIVARTsA]]/URI$ вместе со значениями $URI[[http://libmeta.ru/me/formula/aux/1019_41_IIVARTsA]]/URI$ на $URI[[http://libmeta.ru/me/formula/aux/1019_42_IIVARTsA]]/URI$ образуют теперь непрерывную функцию на $URI[[http://libmeta.ru/me/formula/aux/1019_43_IIVARTsA]]/URI$, для к-рой находится реппение $URI[[http://libmeta.ru/me/formula/aux/1019_44_IIVARTsA]]/URI$ задачи Дирихле в $URI[[http://libmeta.ru/me/formula/aux/1019_45_IIVARTsA]]/URI$. Далее, решение $URI[[http://libmeta.ru/me/formula/aux/1019_46_IIVARTsA]]/URI$ задачи Дирихле в $URI[[http://libmeta.ru/me/formula/aux/1019_47_IIVARTsA]]/URI$ строится шо значениям функции $URI[[http://libmeta.ru/me/formula/aux/1019_48_IIVARTsA]]/URI$ на $URI[[http://libmeta.ru/me/formula/aux/1019_49_IIVARTsA]]/URI$ и функции $URI[[http://libmeta.ru/me/formula/aux/1019_50_IIVARTsA]]/URI$ на $URI[[http://libmeta.ru/me/formula/aux/1019_51_IIVARTsA]]/URI$ и т. Д. Искомая функция имеет вид

\[
URI[[http://libmeta.ru/me/formula/main/1019_1_IIVARTsA]]/URI
\] И

\[
URI[[http://libmeta.ru/me/formula/main/1019_2_IIVARTsA]]/URI
\]

Применение ограниченных решений задачи Дирихле для кусочно непрерывных граничных данных позволяет полагать, не заботясь о непрерывном продолжении $URI[[http://libmeta.ru/me/formula/aux/1019_52_IIVARTsA]]/URI$, значения равными нулю на оставшихся частях границ.

Метод, аналогичный Iii. а. м. (см. [2]), может быть ирименен к отыскянию решения URI[[http://libmeta.ru/me/relation/1019_7_IIVARTsA]]/URI Дирихле в URI[[http://libmeta.ru/me/relation/1019_6_IIVARTsA]]/URI двух областей $URI[[http://libmeta.ru/me/formula/aux/1019_53_IIVARTsA]]/URI$ и $URI[[http://libmeta.ru/me/formula/aux/1019_54_IIVARTsA]]/URI$, если ее решения для $URI[[http://libmeta.ru/me/formula/aux/1019_55_IIVARTsA]]/URI$ и $URI[[http://libmeta.ru/me/formula/aux/1019_56_IIVARTsA]]/URI$ известны.

Iii. а. м. используется и при решении краевых задач более общеї природы для общих URI[[http://libmeta.ru/me/relation/1019_5_IIVARTsA]]/URI әллиптит. типа (в том числе и URI[[http://libmeta.ru/me/relation/1019_4_IIVARTsA]]/URI выше второго), подчиненных нек-рым дополнительным условиям [3], причем также и в пространственных областях.

Важное значение имеет Iii. а. м. для построения URI[[http://libmeta.ru/me/relation/1019_3_IIVARTsA]]/URI. URI[[http://libmeta.ru/me/relation/1019_2_IIVARTsA]]/URI различного вида (с наперед заданными особенностями) на URI[[http://libmeta.ru/me/relation/1019_1_IIVARTsA]]/URI [4].</text>
  <text_orig>один иЗ общих методов решения Дирихле задачи, позволяющий получить решение задачи Дирихле для дифференциального уравнения эллиптич. типа в областях $D$, представимых в виде объединения конечного числа областей $D_{i}$, для к-рых решение задачи Дирихле уже известно. Работы Г. Їварца (1869; см. [1]) и ряд последующих работ других авторов были посвящены ШI. а. м. решения задачи Дирихле для уравнения Лапласа в плоских областях. Сущность III. а. м. применительно к простейшему случаю уравнения Лапласа в объединении двух плоских областей заключается в следующем.

Пусть $A$ и $B$ - две области на плоскости, имеющие непустое пересеченис и такие, что решение задачи Дирихле для уравнения Лапласа для каждой из них известно; напр., если $A$ и $B$ - круги, то решение задачи Дирихле для каждого из них дается интегралом Пуассона. Пусть, далее, $D$ - объединение областей $A$ и $B$, для к-рого требуется найти репение задачи Дирихле (см. рис.). Через $\alpha$ обозначена граница области $A$, через $\alpha_{1}-$ части границы $\alpha$, попавшие в $B$ (они входят в $D$ ), а через $\alpha_{2}$ - оставпгиеся части, так что $\alpha=\alpha_{1} \cup \alpha_{2}$. Аналогично $\beta$ - граница области $B, \beta_{1}$ - ее части, попавшие в $A$ (они тоже входят в $D$ ), $\beta_{2}$

![](https://cdn.mathpix.com/cropped/2023_07_09_c81734013f5112697a10g-1.jpg?height=226&amp;width=322&amp;top_left_y=1589&amp;top_left_x=1469)
оставшиеся части, то есть $\beta=\beta_{1} \cup \beta_{2}$. Тогда граница $\gamma$ области $D$ может быть представлена в виде $\gamma=\alpha_{2} \cup \beta_{2}$.

Пусть теперь на $\gamma$ задана непрерывная функция $f$ и пусть требуется найти гармонич. Функцию $w$ в $D$, непрерывную в замкнутої области $\bar{D}$ и иринимающую на $\gamma$ значения функции $f$. Сужение функции $f$ на $\alpha_{2}$ продојжается непрерывно на всю границу $\alpha$ и для этих граничных знаqений находится репение $u_{1}$ задачи Дирихле в $A$. Значения $u_{1}$ на $\beta_{1}$ вместе со значениями $f$ на $\beta_{2}$ образуют теперь непрерывную функцию на $\beta$, для к-рой находится реппение $v_{1}$ задачи Дирихле в $B$. Далее, решение $u_{2}$ задачи Дирихле в $A$ строится шо значениям функции $f$ на $\alpha_{2}$ и функции $v_{1}$ на $\alpha_{1}$ и т. Д. Искомая функция имеет вид

\[
w=\lim _{n \rightarrow \infty} u_{n} \mathbf{B} A
\] И

\[
w=\lim _{n \rightarrow \infty} v_{n} \text { в } B
\]

Применение ограниченных решений задачи Дирихле для кусочно непрерывных граничных данных позволяет полагать, не заботясь о непрерывном продолжении $f$, значения равными нулю на оставшихся частях границ.

Метод, аналогичный III. а. м. (см. [2]), может быть ирименен к отыскянию решения задачи Дирихле в пересечении двух областей $A$ и $B$, если ее решения для $A$ и $B$ известны.

III. а. м. используется и при решении краевых задач более общеї природы для общих уравнений әллиптит. типа (в том числе и порядка выше второго), подчиненных нек-рым дополнительным условиям [3], причем также и в пространственных областях.

Важное значение имеет III. а. м. для построения гармонич. функций различного вида (с наперед заданными особенностями) на римановых поверхностях [4]. Jum.: [1] S c h w a r z H., Ges. math. Abh., Bd 2, B., 1890: [2] N e u m a n n C., &quot;Ber. Verhandl. Sächsisch. Akad. Wiss. Leip-

![](https://cdn.mathpix.com/cropped/2023_07_09_5edaa8badbd40fc13857g-1.jpg?height=44&amp;width=804&amp;top_left_y=799&amp;top_left_x=149)

![](https://cdn.mathpix.com/cropped/2023_07_09_5edaa8badbd40fc13857g-1.jpg?height=42&amp;width=796&amp;top_left_y=826&amp;top_left_x=149)
Н е в а н л и II н а Р., Униформизация, пер. с нем., М., 1955.

III В РIА ДНФФЕРЕНIИА рядка $n$ III вариа симметрической производной. Подробнсе, если для функции действительного переменного $f(x)$

\[
\begin{aligned}
\Delta^{n} f(x, \Delta x)= &amp; \sum_{k=0}^{n} C_{n}^{k}(-1)^{k} f\left(x+\frac{n-2 k}{2} \Delta x\right)= \\
&amp; =A \cdot(\Delta x)^{n}+o\left((\Delta x)^{n}\right),
\end{aligned}
\]

то выражение $A \cdot(\Delta x)^{n}$ наз. III. Д. порядка $n$. Когда говорят о III. Д. без указания порядка, то обычно считают $n=2$. Т. П. Лукашенко.</text_orig>
</article>
