<?xml version="1.0" ?>
<article uri="http://libmeta.ru/me/article/1019_NIZhNIJ" alphabetic_pos="1019">
  <title>НИЖНИЙ ПРЕДЕЛ</title>
  <authors/>
  <pages>
    <start>519</start>
    <end>519</end>
  </pages>
  <literature>
    <literature_orig/>
  </literature>
  <formulas_main/>
  <formulas_aux>
    <formula uri="http://libmeta.ru/me/formula/aux/1019_1_NIZhNIJ">\mathrm{b}</formula>
    <formula uri="http://libmeta.ru/me/formula/aux/1019_2_NIZhNIJ">a_{1}, A_{2}, \ldots, 4_{n}, \ldots</formula>
    <formula uri="http://libmeta.ru/me/formula/aux/1019_3_NIZhNIJ">\mathrm{e}^{n} X</formula>
    <formula uri="http://libmeta.ru/me/formula/aux/1019_4_NIZhNIJ">p \in X</formula>
    <formula uri="http://libmeta.ru/me/formula/aux/1019_5_NIZhNIJ">n</formula>
  </formulas_aux>
  <relations n="1">
    <relation uri="http://libmeta.ru/me/relation/1019_1_NIZhNIJ">
      <rel_text>Верхний и нижний пределы</rel_text>
      <target>http://libmeta.ru/me/article/677_VERHNIJ</target>
    </relation>
  </relations>
  <text>п о с л е д о в а т е л $URI[[http://libmeta.ru/me/formula/aux/1019_1_NIZhNIJ]]/URI$ н о с т и м но ж е с т в $URI[[http://libmeta.ru/me/formula/aux/1019_2_NIZhNIJ]]/URI$ в т о по ло о ич ес к о м п р о с т р а н т в $URI[[http://libmeta.ru/me/formula/aux/1019_3_NIZhNIJ]]/URI$ - совокупность точек $URI[[http://libmeta.ru/me/formula/aux/1019_4_NIZhNIJ]]/URI$, любая окрестность к-рых пересекается со всеми элементами последовательности, начиная с нек-рого $URI[[http://libmeta.ru/me/formula/aux/1019_5_NIZhNIJ]]/URI$.

Н. П. ч и с л о в о й по с л е до в а т е ль н о с т и см. в ст. URI[[http://libmeta.ru/me/relation/1019_1_NIZhNIJ]]/URI. А. А. мальцев.</text>
  <text_orig>п о с л е д о в а т е л $\mathrm{b}$ н о с т и м но ж е с т в $A_{1}, A_{2}, \ldots, 4_{n}, \ldots$ в т о по ло о ич ес к о м п р о с т р а н т в $\mathrm{e}^{n} X$ - совокупность точек $p \in X$, любая окрестность к-рых пересекается со всеми элементами последовательности, начиная с нек-рого $N$.

Н. П. ч и с л о в о й по с л е до в а т е ль н о с т и см. в ст. Верхний и нижний пределы. А. А. мальцев.</text_orig>
</article>
