<?xml version="1.0" ?>
<article uri="http://libmeta.ru/me/article/1019_KOMPLEKSNYI" alphabetic_pos="1019">
  <title>КОМПЛЕКСНЫИ ТОР</title>
  <authors>
    <author>А. Л. Онищик</author>
  </authors>
  <pages>
    <start>507</start>
    <end>507</end>
  </pages>
  <literature>
    <literature_orig>Лит.: [1] M а м ф о р д Д.., Абелевы многообразия, пер. с англ., M., 1971; [2] W a n g H. C.., &quot;proc. Amer. Math. Soc.&quot;, 1954,v. 5, p. $771-76$; [3] K od a ir a K., S p e n c e r D. C., &quot;ann. Math.&quot;, 1958, v. 67, p. 328-466; [4] В е й л ь A., Bведение в теорию кәлеровых многообразий, пер. с франц., М.,, 1961; [5] 3 и г е ль К. Ј., Автоморфные функции нескольких комплексных переменных, пер. с англ., М., 1954; [6] У ә л л с Р., Дифференциальное исчисление на комплексных многообразиях пер. с англ., М., 1976; [7] ч ж е н ь Iii ә н-ші ә н b, Комплексные многообразия, пер. с англ., М., 1961.</literature_orig>
    <unit>
      <title>M а м ф о р д Д.., Абелевы многообразия</title>
      <publication>пер. с англ., M.</publication>
      <year>1971</year>
      <other/>
    </unit>
    <unit>
      <title>W a n g H. C.., &quot;proc. Amer. Math. Soc.&quot;</title>
      <publication/>
      <year>1954</year>
      <other>v. 5, p. $771-76$</other>
    </unit>
    <unit>
      <author>Kodaira K.</author>
      <author>Spencer D. C.</author>
      <title>&quot;ann. Math.&quot;</title>
      <publication/>
      <year>1958</year>
      <other>v. 67, p. 328-466</other>
    </unit>
    <unit>
      <author>Вейль A.</author>
      <title>Bведение в теорию кәлеровых многообразий</title>
      <publication>пер. с франц., М.</publication>
      <year>1961</year>
      <other/>
    </unit>
    <unit>
      <title>3 и г е ль К. Ј., Автоморфные функции нескольких комплексных переменных</title>
      <publication>пер. с англ., М.</publication>
      <year>1954</year>
      <other/>
    </unit>
    <unit>
      <author>Уәллс Р.</author>
      <title>Дифференциальное исчисление на комплексных многообразиях пер. с англ.</title>
      <publication>М.</publication>
      <year>1976</year>
      <other/>
    </unit>
    <unit>
      <title>ч ж е н ь Iii ә н-ші ә н b, Комплексные многообразия</title>
      <publication>пер. с англ., М.</publication>
      <year>1961</year>
      <other/>
    </unit>
  </literature>
  <formulas_main>
    <formula uri="http://libmeta.ru/me/formula/main/1019_1_KOMPLEKSNYI">\sum_{i_{1}&lt;\ldots&lt;i_{p}} a_{i_{1}} \cdots i_{p} d z_{i_{1}} \wedge \cdots \wedge d z_{i_{p}},</formula>
    <formula uri="http://libmeta.ru/me/formula/main/1019_2_KOMPLEKSNYI">\Omega=\left\|\begin{array}{llll}1 &amp; 0 &amp; i \sqrt{2} &amp; i \sqrt{\overline{5}} \\0 &amp; 1 &amp; i \sqrt{\overline{3}} &amp; i \sqrt{\overline{7}}\end{array}\right\|</formula>
  </formulas_main>
  <formulas_aux>
    <formula uri="http://libmeta.ru/me/formula/aux/1019_1_KOMPLEKSNYI">\mathbb{c}^{n}</formula>
    <formula uri="http://libmeta.ru/me/formula/aux/1019_2_KOMPLEKSNYI">\gamma \subset \mathbb{C}^{n}</formula>
    <formula uri="http://libmeta.ru/me/formula/aux/1019_3_KOMPLEKSNYI">2 n</formula>
    <formula uri="http://libmeta.ru/me/formula/aux/1019_4_KOMPLEKSNYI">\mathbb{c}^{n}</formula>
    <formula uri="http://libmeta.ru/me/formula/aux/1019_5_KOMPLEKSNYI">t=\mathbb{c} n / \Gamma</formula>
    <formula uri="http://libmeta.ru/me/formula/aux/1019_6_KOMPLEKSNYI">t</formula>
    <formula uri="http://libmeta.ru/me/formula/aux/1019_7_KOMPLEKSNYI">t</formula>
    <formula uri="http://libmeta.ru/me/formula/aux/1019_8_KOMPLEKSNYI">p</formula>
    <formula uri="http://libmeta.ru/me/formula/aux/1019_9_KOMPLEKSNYI">t</formula>
    <formula uri="http://libmeta.ru/me/formula/aux/1019_10_KOMPLEKSNYI">a_{i_{1}} \ldots i_{p} \in \mathbb{C}</formula>
    <formula uri="http://libmeta.ru/me/formula/aux/1019_11_KOMPLEKSNYI">z_{1}, \ldots, z_{n}-</formula>
    <formula uri="http://libmeta.ru/me/formula/aux/1019_12_KOMPLEKSNYI">\mathbb{c} n</formula>
    <formula uri="http://libmeta.ru/me/formula/aux/1019_13_KOMPLEKSNYI">\sum_{p, q=0}^{n} H^{p, q}(T)</formula>
    <formula uri="http://libmeta.ru/me/formula/aux/1019_14_KOMPLEKSNYI">\wedge \mathbb{C}^{n *} \otimes \wedge \overline{\mathbb{C}}^{n *}</formula>
    <formula uri="http://libmeta.ru/me/formula/aux/1019_15_KOMPLEKSNYI">n</formula>
    <formula uri="http://libmeta.ru/me/formula/aux/1019_16_KOMPLEKSNYI">2 n</formula>
    <formula uri="http://libmeta.ru/me/formula/aux/1019_17_KOMPLEKSNYI">\gamma \subset \mathbb{C}^{n}</formula>
    <formula uri="http://libmeta.ru/me/formula/aux/1019_18_KOMPLEKSNYI">\omega</formula>
    <formula uri="http://libmeta.ru/me/formula/aux/1019_19_KOMPLEKSNYI">n \times 2 n</formula>
    <formula uri="http://libmeta.ru/me/formula/aux/1019_20_KOMPLEKSNYI">t=\mathbb{c} n / \Gamma</formula>
    <formula uri="http://libmeta.ru/me/formula/aux/1019_21_KOMPLEKSNYI">t_{i}=\mathbb{c}^{n / \Gamma_{i}}</formula>
    <formula uri="http://libmeta.ru/me/formula/aux/1019_22_KOMPLEKSNYI">\omega_{i}(i=1,2)</formula>
    <formula uri="http://libmeta.ru/me/formula/aux/1019_23_KOMPLEKSNYI">c \in G L(n, \mathbb{C})</formula>
    <formula uri="http://libmeta.ru/me/formula/aux/1019_24_KOMPLEKSNYI">z \in</formula>
    <formula uri="http://libmeta.ru/me/formula/aux/1019_25_KOMPLEKSNYI">\in G L(2 n, \mathbb{Z})</formula>
    <formula uri="http://libmeta.ru/me/formula/aux/1019_26_KOMPLEKSNYI">\omega_{2}=c \Omega_{1} Z</formula>
    <formula uri="http://libmeta.ru/me/formula/aux/1019_27_KOMPLEKSNYI">n</formula>
    <formula uri="http://libmeta.ru/me/formula/aux/1019_28_KOMPLEKSNYI">\|e A\|</formula>
    <formula uri="http://libmeta.ru/me/formula/aux/1019_29_KOMPLEKSNYI">\operatorname{im}|a|&gt;0</formula>
    <formula uri="http://libmeta.ru/me/formula/aux/1019_30_KOMPLEKSNYI">n</formula>
    <formula uri="http://libmeta.ru/me/formula/aux/1019_31_KOMPLEKSNYI">n^{2}</formula>
    <formula uri="http://libmeta.ru/me/formula/aux/1019_32_KOMPLEKSNYI">n=1</formula>
    <formula uri="http://libmeta.ru/me/formula/aux/1019_33_KOMPLEKSNYI">\operatorname{im} a&gt;0</formula>
    <formula uri="http://libmeta.ru/me/formula/aux/1019_34_KOMPLEKSNYI">\{\operatorname{im} a&gt;0\} / \Delta</formula>
    <formula uri="http://libmeta.ru/me/formula/aux/1019_35_KOMPLEKSNYI">\delta-</formula>
    <formula uri="http://libmeta.ru/me/formula/aux/1019_36_KOMPLEKSNYI">\mathbb{c}^{n / \Gamma}</formula>
    <formula uri="http://libmeta.ru/me/formula/aux/1019_37_KOMPLEKSNYI">\mathbb{c}^{n}</formula>
    <formula uri="http://libmeta.ru/me/formula/aux/1019_38_KOMPLEKSNYI">\gamma \times \Gamma[1]</formula>
    <formula uri="http://libmeta.ru/me/formula/aux/1019_39_KOMPLEKSNYI">\mathbf{p}</formula>
    <formula uri="http://libmeta.ru/me/formula/aux/1019_40_KOMPLEKSNYI">q \in G \dot{L}(2 n, \mathbb{Z})</formula>
    <formula uri="http://libmeta.ru/me/formula/aux/1019_41_KOMPLEKSNYI">n=1</formula>
    <formula uri="http://libmeta.ru/me/formula/aux/1019_42_KOMPLEKSNYI">n</formula>
    <formula uri="http://libmeta.ru/me/formula/aux/1019_43_KOMPLEKSNYI">n</formula>
    <formula uri="http://libmeta.ru/me/formula/aux/1019_44_KOMPLEKSNYI">n</formula>
    <formula uri="http://libmeta.ru/me/formula/aux/1019_45_KOMPLEKSNYI">m</formula>
    <formula uri="http://libmeta.ru/me/formula/aux/1019_46_KOMPLEKSNYI">n</formula>
    <formula uri="http://libmeta.ru/me/formula/aux/1019_47_KOMPLEKSNYI">m</formula>
  </formulas_aux>
  <relations n="8">
    <relation uri="http://libmeta.ru/me/relation/1019_1_KOMPLEKSNYI">
      <rel_text>многообразиями</rel_text>
      <target>http://libmeta.ru/me/article/725_MNOGOUGOL'NI</target>
    </relation>
    <relation uri="http://libmeta.ru/me/relation/1019_2_KOMPLEKSNYI">
      <rel_text>многообразий</rel_text>
      <target>http://libmeta.ru/me/article/438_MNOGOOBRAZI</target>
    </relation>
    <relation uri="http://libmeta.ru/me/relation/1019_3_KOMPLEKSNYI">
      <rel_text>связан</rel_text>
      <target>http://libmeta.ru/me/article/1222_SVJaZK</target>
    </relation>
    <relation uri="http://libmeta.ru/me/relation/1019_4_KOMPLEKSNYI">
      <rel_text>кәлеровым многообразием</rel_text>
      <target>http://libmeta.ru/me/article/161_KӘLEROVO</target>
    </relation>
    <relation uri="http://libmeta.ru/me/relation/1019_5_KOMPLEKSNYI">
      <rel_text>компактным</rel_text>
      <target>http://libmeta.ru/me/article/1022_KOMPOZitsI</target>
    </relation>
    <relation uri="http://libmeta.ru/me/relation/1019_6_KOMPLEKSNYI">
      <rel_text>кривых</rel_text>
      <target>http://libmeta.ru/me/article/90_KRIVA</target>
    </relation>
    <relation uri="http://libmeta.ru/me/relation/1019_7_KOMPLEKSNYI">
      <rel_text>многообразий</rel_text>
      <target>http://libmeta.ru/me/article/438_MNOGOOBRAZI</target>
    </relation>
    <relation uri="http://libmeta.ru/me/relation/1019_8_KOMPLEKSNYI">
      <rel_text>Интерес</rel_text>
      <target>http://libmeta.ru/me/article/583_INTEGRA</target>
    </relation>
  </relations>
  <text>комплексная абелева группа Ли, получаемая из n-мерного комплексного пространства $URI[[http://libmeta.ru/me/formula/aux/1019_1_KOMPLEKSNYI]]/URI$ факторизацией по решетке $URI[[http://libmeta.ru/me/formula/aux/1019_2_KOMPLEKSNYI]]/URI$ ранга $URI[[http://libmeta.ru/me/formula/aux/1019_3_KOMPLEKSNYI]]/URI$. К. т.- это единственные связные компактные комплексные группы Ли [1]. Каждое эрмитово скалярное произведение в $URI[[http://libmeta.ru/me/formula/aux/1019_4_KOMPLEKSNYI]]/URI$ определяет на $URI[[http://libmeta.ru/me/formula/aux/1019_5_KOMPLEKSNYI]]/URI$ кәлерову метрику, инвариантную относительно сдвигов. К. т. могут быть охарактеризованы также как единственные компактные кәлеровы параллелизуемые многообразия [2]. Группа автоморфизмов комплексного многообразия $URI[[http://libmeta.ru/me/formula/aux/1019_6_KOMPLEKSNYI]]/URI$ совпадает с голоморфом аруппы $URI[[http://libmeta.ru/me/formula/aux/1019_7_KOMPLEKSNYI]]/URI$ как комплексной группы Ли.

Голоморфные $URI[[http://libmeta.ru/me/formula/aux/1019_8_KOMPLEKSNYI]]/URI$-формы на К. т. $URI[[http://libmeta.ru/me/formula/aux/1019_9_KOMPLEKSNYI]]/URI$ пмеют вид

\[
URI[[http://libmeta.ru/me/formula/main/1019_1_KOMPLEKSNYI]]/URI
\]

где $URI[[http://libmeta.ru/me/formula/aux/1019_10_KOMPLEKSNYI]]/URI$, а $URI[[http://libmeta.ru/me/formula/aux/1019_11_KOMPLEKSNYI]]/URI$ координаты в $URI[[http://libmeta.ru/me/formula/aux/1019_12_KOMPLEKSNYI]]/URI$, и кольцо когомологий Дольбо $URI[[http://libmeta.ru/me/formula/aux/1019_13_KOMPLEKSNYI]]/URI$ естественно изоморфно $URI[[http://libmeta.ru/me/formula/aux/1019_14_KOMPLEKSNYI]]/URI$ (cm. [1]).

Как вещественные группы Ли все $URI[[http://libmeta.ru/me/formula/aux/1019_15_KOMPLEKSNYI]]/URI$-мерные К. т. являются $URI[[http://libmeta.ru/me/formula/aux/1019_16_KOMPLEKSNYI]]/URI$-мерными торами и изоморфны между собой при фиксированном n. С точки зрения комплексной структуры положение гораздо сложнее. Базис репетки $URI[[http://libmeta.ru/me/formula/aux/1019_17_KOMPLEKSNYI]]/URI$ можно задать матрицей $URI[[http://libmeta.ru/me/formula/aux/1019_18_KOMPLEKSNYI]]/URI$ размера $URI[[http://libmeta.ru/me/formula/aux/1019_19_KOMPLEKSNYI]]/URI$, наз. м а т р и ц е й п е р и о до в тора $URI[[http://libmeta.ru/me/formula/aux/1019_20_KOMPLEKSNYI]]/URI$. Торы $URI[[http://libmeta.ru/me/formula/aux/1019_21_KOMPLEKSNYI]]/URI$ с матрицами периодов $URI[[http://libmeta.ru/me/formula/aux/1019_22_KOMPLEKSNYI]]/URI$ изоморфны между собой (как комплексные группы Ли или как комплексные многообразия) тогда и только тогда, когда существуют такие матрицы $URI[[http://libmeta.ru/me/formula/aux/1019_23_KOMPLEKSNYI]]/URI$ и $URI[[http://libmeta.ru/me/formula/aux/1019_24_KOMPLEKSNYI]]/URI$ $URI[[http://libmeta.ru/me/formula/aux/1019_25_KOMPLEKSNYI]]/URI$, что $URI[[http://libmeta.ru/me/formula/aux/1019_26_KOMPLEKSNYI]]/URI$.

Матрицу периодов любого $URI[[http://libmeta.ru/me/formula/aux/1019_27_KOMPLEKSNYI]]/URI$-мерного тора можно привести к виду $URI[[http://libmeta.ru/me/formula/aux/1019_28_KOMPLEKSNYI]]/URI$, где $URI[[http://libmeta.ru/me/formula/aux/1019_29_KOMPLEKSNYI]]/URI$. Торы с матрицами такого вида образуют голоморфное семейство, дающее эфффективно параметризованную версальную деформацию любого $URI[[http://libmeta.ru/me/formula/aux/1019_30_KOMPLEKSNYI]]/URI$-мерного К. т., зависящую от $URI[[http://libmeta.ru/me/formula/aux/1019_31_KOMPLEKSNYI]]/URI$ параметров [3]. В частности, при $URI[[http://libmeta.ru/me/formula/aux/1019_32_KOMPLEKSNYI]]/URI$ пространство параметров есть верхняя полуплоскость $URI[[http://libmeta.ru/me/formula/aux/1019_33_KOMPLEKSNYI]]/URI$ и множество классов изоморфных одномерных К. т. отождествляется с фактором $URI[[http://libmeta.ru/me/formula/aux/1019_34_KOMPLEKSNYI]]/URI$, где $URI[[http://libmeta.ru/me/formula/aux/1019_35_KOMPLEKSNYI]]/URI$ модулярная групnа. К. т., являющиеся алгебраич. многообразиями, наз. абелевыми многообразиями. К. т. $URI[[http://libmeta.ru/me/formula/aux/1019_36_KOMPLEKSNYI]]/URI$ - абелево многообразие тогда и только тогда, когда в $URI[[http://libmeta.ru/me/formula/aux/1019_37_KOMPLEKSNYI]]/URI$ существует эрмитово скалярное произведение, мнимая часть к-рого целочисленна на $URI[[http://libmeta.ru/me/formula/aux/1019_38_KOMPLEKSNYI]]/URI$ В терминах матрицы периодов это условие выражается как у сл о в и е $URI[[http://libmeta.ru/me/formula/aux/1019_39_KOMPLEKSNYI]]/URI$ Iм а н а - Ф р о б е н и у с а: должна существовать такая кососимметрич. матрица $URI[[http://libmeta.ru/me/formula/aux/1019_40_KOMPLEKSNYI]]/URI$, что

![](https://cdn.mathpix.com/cropped/2023_07_08_e87e7482a9d7e2f374a3g-1.jpg?height=45&amp;width=829&amp;top_left_y=424&amp;top_left_x=992)
При $URI[[http://libmeta.ru/me/formula/aux/1019_41_KOMPLEKSNYI]]/URI$ эти условия всегда выполнены; соответствующие алгебраич. кривые суть әллиптические кривые. Матрица периодов

\[
URI[[http://libmeta.ru/me/formula/main/1019_2_KOMPLEKSNYI]]/URI
\]

дает пример двумерного К. т., не являющегося абелевым многообразием. На этом торе не существует даже непостоянных мероморфных функций [5]. Необходимым и достаточным условием алгебраичности $URI[[http://libmeta.ru/me/formula/aux/1019_42_KOMPLEKSNYI]]/URI$-мерного R. т. является также наличие на нем $URI[[http://libmeta.ru/me/formula/aux/1019_43_KOMPLEKSNYI]]/URI$ алгебраически независимых мероморфных функций.

URI[[http://libmeta.ru/me/relation/1019_8_KOMPLEKSNYI]]/URI к К. т. возник в 19 в. в связи с изучением абелевых бункчий, а также Якоби URI[[http://libmeta.ru/me/relation/1019_7_KOMPLEKSNYI]]/URI алгебраич. URI[[http://libmeta.ru/me/relation/1019_6_KOMPLEKSNYI]]/URI. С любым $URI[[http://libmeta.ru/me/formula/aux/1019_44_KOMPLEKSNYI]]/URI$-мерным URI[[http://libmeta.ru/me/relation/1019_5_KOMPLEKSNYI]]/URI URI[[http://libmeta.ru/me/relation/1019_4_KOMPLEKSNYI]]/URI $URI[[http://libmeta.ru/me/formula/aux/1019_45_KOMPLEKSNYI]]/URI$ URI[[http://libmeta.ru/me/relation/1019_3_KOMPLEKSNYI]]/URI набор $URI[[http://libmeta.ru/me/formula/aux/1019_46_KOMPLEKSNYI]]/URI$ К. т.- его URI[[http://libmeta.ru/me/relation/1019_2_KOMPLEKSNYI]]/URI Якоби, к-рые являются абелевыми URI[[http://libmeta.ru/me/relation/1019_1_KOMPLEKSNYI]]/URI, если $URI[[http://libmeta.ru/me/formula/aux/1019_47_KOMPLEKSNYI]]/URI$ алгебраично [7].</text>
  <text_orig>комплексная абелева группа Ли, получаемая из n-мерного комплексного пространства $\mathbb{C}^{n}$ факторизацией по решетке $\Gamma \subset \mathbb{C}^{n}$ ранга $2 n$. К. т.- это единственные связные компактные комплексные группы Ли [1]. Каждое эрмитово скалярное произведение в $\mathbb{C}^{n}$ определяет на $T=\mathbb{C} n / \Gamma$ кәлерову метрику, инвариантную относительно сдвигов. К. т. могут быть охарактеризованы также как единственные компактные кәлеровы параллелизуемые многообразия [2]. Группа автоморфизмов комплексного многообразия $T$ совпадает с голоморфом аруппы $T$ как комплексной группы Ли.

Голоморфные $p$-формы на К. т. $T$ пмеют вид

\[
\sum_{i_{1}&lt;\ldots&lt;i_{p}} a_{i_{1}} \cdots i_{p} d z_{i_{1}} \wedge \cdots \wedge d z_{i_{p}},
\]

где $a_{i_{1}} \ldots i_{p} \in \mathbb{C}$, а $z_{1}, \ldots, z_{n}-$ координаты в $\mathbb{C} n$, и кольцо когомологий Дольбо $\sum_{p, q=0}^{n} H^{p, q}(T)$ естественно изоморфно $\wedge \mathbb{C}^{n *} \otimes \wedge \overline{\mathbb{C}}^{n *}$ (cM. [1]).

Как вещественные группы Ли все $n$-мерные К. т. являются $2 n$-мерными торами и изоморфны между собой при фиксированном n. С точки зрения комплексной структуры положение гораздо сложнее. Базис репетки $\Gamma \subset \mathbb{C}^{n}$ можно задать матрицей $\Omega$ размера $n \times 2 n$, наз. м а т р и ц е й п е р и о до в тора $T=\mathbb{C} n / \Gamma$. Торы $T_{i}=\mathbb{C}^{n / \Gamma_{i}}$ с матрицами периодов $\Omega_{i}(i=1,2)$ изоморфны между собой (как комплексные группы Ли или как комплексные многообразия) тогда и только тогда, когда существуют такие матрицы $C \in G L(n, \mathbb{C})$ и $Z \in$ $\in G L(2 n, \mathbb{Z})$, что $\Omega_{2}=C \Omega_{1} Z$.

Матрицу периодов любого $n$-мерного тора можно привести к виду $\|E A\|$, где $\operatorname{Im}|A|&gt;0$. Торы с матрицами такого вида образуют голоморфное семейство, дающее эфффективно параметризованную версальную деформацию любого $n$-мерного К. т., зависящую от $n^{2}$ параметров [3]. В частности, при $n=1$ пространство параметров есть верхняя полуплоскость $\operatorname{Im} a&gt;0$ и множество классов изоморфных одномерных К. т. отождествляется с фактором $\{\operatorname{Im} a&gt;0\} / \Delta$, где $\Delta-$ модулярная групnа. К. т., являющиеся алгебраич. многообразиями, наз. абелевыми многообразиями. К. т. $\mathbb{C}^{n / \Gamma}$ - абелево многообразие тогда и только тогда, когда в $\mathbb{C}^{n}$ существует эрмитово скалярное произведение, мнимая часть к-рого целочисленна на $\Gamma \times \Gamma[1]$ В терминах матрицы периодов это условие выражается как у сл о в и е $\mathbf{P}$ Iм а н а - Ф р о б е н и у с а: должна существовать такая кососимметрич. матрица $Q \in G \dot{L}(2 n, \mathbb{Z})$, что

![](https://cdn.mathpix.com/cropped/2023_07_08_e87e7482a9d7e2f374a3g-1.jpg?height=45&amp;width=829&amp;top_left_y=424&amp;top_left_x=992)
При $n=1$ эти условия всегда выполнены; соответствующие алгебраич. кривые суть әллиптические кривые. Матрица периодов

\[
\Omega=\left\|\begin{array}{llll}
1 &amp; 0 &amp; i \sqrt{2} &amp; i \sqrt{\overline{5}} \\
0 &amp; 1 &amp; i \sqrt{\overline{3}} &amp; i \sqrt{\overline{7}}
\end{array}\right\|
\]

дает пример двумерного К. т., не являющегося абелевым многообразием. На этом торе не существует даже непостоянных мероморфных функций [5]. Необходимым и достаточным условием алгебраичности $n$-мерного R. т. является также наличие на нем $n$ алгебраически независимых мероморфных функций.

Интерес к К. т. возник в 19 в. в связи с изучением абелевых бункчий, а также Якоби многообразий алгебраич. кривых. С любым $n$-мерным компактным кәлеровым многообразием $M$ связан набор $n$ К. т.- его многообразий Якоби, к-рые являются абелевыми многообразиями, если $M$ алгебраично [7].

Лит.: [1] M а м ф о р д Д.., Абелевы многообразия, пер. с англ., M., 1971; [2] W a n g H. C.., &quot;Proc. Amer. Math. Soc.&quot;, 1954,v. 5, p. $771-76$; [3] K od a ir a K., S p e n c e r D. C., &quot;Ann. Math.&quot;, 1958, v. 67, p. 328-466; [4] В е й л ь A., Bведение в теорию кәлеровых многообразий, пер. с франц., М.,, 1961; [5] 3 и г е ль К. Ј., Автоморфные функции нескольких комплексных переменных, пер. с англ., М., 1954; [6] У ә л л с Р., Дифференциальное исчисление на комплексных многообразиях пер. с англ., М., 1976; [7] ч ж е н ь III ә н-ші ә н b, Комплексные многообразия, пер. с англ., М., 1961. А.Л. Онищик.</text_orig>
</article>
