<?xml version="1.0" ?>
<article uri="http://libmeta.ru/me/article/101_SOHRANENIJa" alphabetic_pos="101">
  <title>СОХРАНЕНИЯ ОБЛАСТИ ПРИНЦИП</title>
  <authors/>
  <pages>
    <start>50</start>
    <end>50</end>
  </pages>
  <literature>
    <literature_orig>Лит.: [1] П р и в а л о в И. И., Введение в теорию функций комплексного переменного, 12 изд., М., 1977; [2] Г а н н и н г Р., р о с с и X.. Аналитические функции многих комплексных переменных, пер. с англ., М., 1969.р. М. Чирка.</literature_orig>
    <unit>
      <author>Привалов И. И.</author>
      <title>Введение в теорию функций комплексного переменного</title>
      <publication>12 изд., М.</publication>
      <year>1977</year>
      <other/>
    </unit>
    <unit>
      <author>Ганнинг Р.</author>
      <title>р о с с и X.. Аналитические функции многих комплексных переменных</title>
      <publication>пер. с англ., М.</publication>
      <year>1969</year>
      <other/>
    </unit>
  </literature>
  <formulas_main>
    <formula uri="http://libmeta.ru/me/formula/main/101_1_SOHRANENIJa">\left(z_{1}, z_{2}\right) \longrightarrow\left(z_{1}, z_{1} z_{2}\right)</formula>
  </formulas_main>
  <formulas_aux>
    <formula uri="http://libmeta.ru/me/formula/aux/101_1_SOHRANENIJa">d \subset \mathbb{C}</formula>
    <formula uri="http://libmeta.ru/me/formula/aux/101_2_SOHRANENIJa">x</formula>
    <formula uri="http://libmeta.ru/me/formula/aux/101_3_SOHRANENIJa">f: X \rightarrow Y</formula>
    <formula uri="http://libmeta.ru/me/formula/aux/101_4_SOHRANENIJa">y</formula>
    <formula uri="http://libmeta.ru/me/formula/aux/101_5_SOHRANENIJa">f</formula>
    <formula uri="http://libmeta.ru/me/formula/aux/101_6_SOHRANENIJa">f</formula>
    <formula uri="http://libmeta.ru/me/formula/aux/101_7_SOHRANENIJa">\operatorname{dim} Y</formula>
    <formula uri="http://libmeta.ru/me/formula/aux/101_8_SOHRANENIJa">f(x) \subset Y</formula>
    <formula uri="http://libmeta.ru/me/formula/aux/101_9_SOHRANENIJa">\operatorname{rank} f&lt;\operatorname{dim} Y</formula>
    <formula uri="http://libmeta.ru/me/formula/aux/101_10_SOHRANENIJa">\mathbb{c}^{2}</formula>
    <formula uri="http://libmeta.ru/me/formula/aux/101_11_SOHRANENIJa">\mathbb{c}^{2} \backslash\left\{w_{1}=0, w_{2} \neq 0\right\}</formula>
    <formula uri="http://libmeta.ru/me/formula/aux/101_12_SOHRANENIJa">f</formula>
    <formula uri="http://libmeta.ru/me/formula/aux/101_13_SOHRANENIJa">\operatorname{rank} f&lt;\operatorname{dim} Y</formula>
  </formulas_aux>
  <relations n="4">
    <relation uri="http://libmeta.ru/me/relation/101_1_SOHRANENIJa">
      <rel_text>множества</rel_text>
      <target>http://libmeta.ru/me/article/733_MNOZhESTV</target>
    </relation>
    <relation uri="http://libmeta.ru/me/relation/101_2_SOHRANENIJa">
      <rel_text>отображений</rel_text>
      <target>http://libmeta.ru/me/article/128_OTOBRAZhENI</target>
    </relation>
    <relation uri="http://libmeta.ru/me/relation/101_3_SOHRANENIJa">
      <rel_text>множество</rel_text>
      <target>http://libmeta.ru/me/article/733_MNOZhESTV</target>
    </relation>
    <relation uri="http://libmeta.ru/me/relation/101_4_SOHRANENIJa">
      <rel_text>пространства</rel_text>
      <target>http://libmeta.ru/me/article/748_PROSTRANSTV</target>
    </relation>
  </relations>
  <text>своӥство голоморфных функций в областях комплексной плоскости: множество значений всякой непостоянной голоморфной функции в области $URI[[http://libmeta.ru/me/formula/aux/101_1_SOHRANENIJa]]/URI$ также является областью, т. е. открыто и связно. Основным здесь является свойство открытости образа, к-рое следует из Руше теоремы или из аргумента принципа. С. о. П. можно рассматривать как обобщение максимума модуля принципа для голоморфных функций

С. о. п. справедлив для голоморфных функций на произвольном комплексном многообразии: множество значений любой непостоянной голоморфной функции на связном комплексном многообразии $URI[[http://libmeta.ru/me/formula/aux/101_2_SOHRANENIJa]]/URI$ есть область на комплексной плоскости. Он выполняется также для голоморфых отображений комплексных многообразий в римановы поверхности. Однако голоморфные отображения $URI[[http://libmeta.ru/me/formula/aux/101_3_SOHRANENIJa]]/URI$ в комплексные многообразия $URI[[http://libmeta.ru/me/formula/aux/101_4_SOHRANENIJa]]/URI$ размерности больше 1 в общем не являются открытыми: если $URI[[http://libmeta.ru/me/formula/aux/101_5_SOHRANENIJa]]/URI$ непостоянно, но, скажем, ранг $URI[[http://libmeta.ru/me/formula/aux/101_6_SOHRANENIJa]]/URI$ всюду меньше $URI[[http://libmeta.ru/me/formula/aux/101_7_SOHRANENIJa]]/URI$, то образ $URI[[http://libmeta.ru/me/formula/aux/101_8_SOHRANENIJa]]/URI$ вообще не имеет внутренних точек. Открытость может нарушаться и в случае, когда $URI[[http://libmeta.ru/me/formula/aux/101_9_SOHRANENIJa]]/URI$ на множествах малой размерности. Напр., при отображении

\[
URI[[http://libmeta.ru/me/formula/main/101_1_SOHRANENIJa]]/URI
\]

URI[[http://libmeta.ru/me/relation/101_4_SOHRANENIJa]]/URI $URI[[http://libmeta.ru/me/formula/aux/101_10_SOHRANENIJa]]/URI$ в себя образом будет неоткрытое URI[[http://libmeta.ru/me/relation/101_3_SOHRANENIJa]]/URI $URI[[http://libmeta.ru/me/formula/aux/101_11_SOHRANENIJa]]/URI$. С. о. П. для голоморфных URI[[http://libmeta.ru/me/relation/101_2_SOHRANENIJa]]/URI выполняется, если условие непостоян- ности $URI[[http://libmeta.ru/me/formula/aux/101_12_SOHRANENIJa]]/URI$ заменять более сильными требованиями, одним из самых простых является условие нульмерности URI[[http://libmeta.ru/me/relation/101_1_SOHRANENIJa]]/URI точек, в к-рых $URI[[http://libmeta.ru/me/formula/aux/101_13_SOHRANENIJa]]/URI$.</text>
  <text_orig>своӤство голоморфных функций в областях комплексной плоскости: множество значений всякой непостоянной голоморфной функции в области $D \subset \mathbb{C}$ также является областью, т. е. открыто и связно. Основным здесь является свойство открытости образа, к-рое следует из Руше теоремы или из аргумента принципа. С. о. П. можно рассматривать как обобщение максимума модуля принципа для голоморфных функций

С. о. п. справедлив для голоморфных функций на произвольном комплексном многообразии: множество значений любой непостоянной голоморфной функции на связном комплексном многообразии $X$ есть область на комплексной плоскости. Он выполняется также для голоморфых отображений комплексных многообразий в римановы поверхности. Однако голоморфные отображения $f: X \rightarrow Y$ в комплексные многообразия $Y$ размерности больше 1 в общем не являются открытыми: если $f$ непостоянно, но, скажем, ранг $f$ всюду меньше $\operatorname{dim} Y$, то образ $f(X) \subset Y$ вообще не имеет внутренних точек. Открытость может нарушаться и в случае, когда $\operatorname{rank} f&lt;\operatorname{dim} Y$ на множествах малой размерности. Напр., при отображении

\[
\left(z_{1}, z_{2}\right) \longrightarrow\left(z_{1}, z_{1} z_{2}\right)
\]

пространства $\mathbb{C}^{2}$ в себя образом будет неоткрытое множество $\mathbb{C}^{2} \backslash\left\{w_{1}=0, w_{2} \neq 0\right\}$. С. о. П. для голоморфных отображений выполняется, если условие непостоян- ности $f$ заменять более сильными требованиями, одним из самых простых является условие нульмерности множества точек, в к-рых $\operatorname{rank} f&lt;\operatorname{dim} Y$.

Лит.: [1] П р и в а л о в И. И., Введение в теорию функций комплексного переменного, 12 изд., М., 1977; [2] Г а н н и н г Р., р о с с и X.. Аналитические функции многих комплексных переменных, пер. с англ., М., 1969.
р. М. Чирка.</text_orig>
</article>
