<?xml version="1.0" ?>
<article uri="http://libmeta.ru/me/article/101_ALGEBRA" alphabetic_pos="101">
  <title>АЛГЕБРА С ДЕЛЕНИЕМ</title>
  <authors>
    <author>E. Н. Кузъмин</author>
  </authors>
  <pages>
    <start>67</start>
    <end>67</end>
  </pages>
  <literature>
    <literature_orig/>
  </literature>
  <formulas_main/>
  <formulas_aux>
    <formula uri="http://libmeta.ru/me/formula/aux/101_1_ALGEBRA">a</formula>
    <formula uri="http://libmeta.ru/me/formula/aux/101_2_ALGEBRA">f</formula>
    <formula uri="http://libmeta.ru/me/formula/aux/101_3_ALGEBRA">a \neq 0</formula>
    <formula uri="http://libmeta.ru/me/formula/aux/101_4_ALGEBRA">b</formula>
    <formula uri="http://libmeta.ru/me/formula/aux/101_5_ALGEBRA">a x=b</formula>
    <formula uri="http://libmeta.ru/me/formula/aux/101_6_ALGEBRA">a=b</formula>
    <formula uri="http://libmeta.ru/me/formula/aux/101_7_ALGEBRA">a</formula>
    <formula uri="http://libmeta.ru/me/formula/aux/101_8_ALGEBRA">c</formula>
    <formula uri="http://libmeta.ru/me/formula/aux/101_9_ALGEBRA">c \supseteq F</formula>
    <formula uri="http://libmeta.ru/me/formula/aux/101_10_ALGEBRA">c=f</formula>
    <formula uri="http://libmeta.ru/me/formula/aux/101_11_ALGEBRA">a</formula>
    <formula uri="http://libmeta.ru/me/formula/aux/101_12_ALGEBRA">f</formula>
    <formula uri="http://libmeta.ru/me/formula/aux/101_13_ALGEBRA">b(f)</formula>
    <formula uri="http://libmeta.ru/me/formula/aux/101_14_ALGEBRA">f</formula>
    <formula uri="http://libmeta.ru/me/formula/aux/101_15_ALGEBRA">[a: F]</formula>
    <formula uri="http://libmeta.ru/me/formula/aux/101_16_ALGEBRA">a</formula>
    <formula uri="http://libmeta.ru/me/formula/aux/101_17_ALGEBRA">f</formula>
    <formula uri="http://libmeta.ru/me/formula/aux/101_18_ALGEBRA">a \in B(F)</formula>
    <formula uri="http://libmeta.ru/me/formula/aux/101_19_ALGEBRA">l-</formula>
    <formula uri="http://libmeta.ru/me/formula/aux/101_20_ALGEBRA">a(l \equiv F)</formula>
    <formula uri="http://libmeta.ru/me/formula/aux/101_21_ALGEBRA">[a: F]=[L: F]^{2}</formula>
    <formula uri="http://libmeta.ru/me/formula/aux/101_22_ALGEBRA">r</formula>
    <formula uri="http://libmeta.ru/me/formula/aux/101_23_ALGEBRA">r</formula>
    <formula uri="http://libmeta.ru/me/formula/aux/101_24_ALGEBRA">b(r)</formula>
    <formula uri="http://libmeta.ru/me/formula/aux/101_25_ALGEBRA">r</formula>
    <formula uri="http://libmeta.ru/me/formula/aux/101_26_ALGEBRA">a</formula>
    <formula uri="http://libmeta.ru/me/formula/aux/101_27_ALGEBRA">r</formula>
    <formula uri="http://libmeta.ru/me/formula/aux/101_28_ALGEBRA">1,2,4,8</formula>
  </formulas_aux>
  <relations n="18">
    <relation uri="http://libmeta.ru/me/relation/101_1_ALGEBRA">
      <rel_text>кольца</rel_text>
      <target>http://libmeta.ru/me/article/1000_KOL'Ts</target>
    </relation>
    <relation uri="http://libmeta.ru/me/relation/101_2_ALGEBRA">
      <rel_text>алгебре</rel_text>
      <target>http://libmeta.ru/me/article/93_ALGEBR</target>
    </relation>
    <relation uri="http://libmeta.ru/me/relation/101_3_ALGEBRA">
      <rel_text>альтернативна</rel_text>
      <target>http://libmeta.ru/me/article/164_AL'TERNATIV</target>
    </relation>
    <relation uri="http://libmeta.ru/me/relation/101_4_ALGEBRA">
      <rel_text>алгебра</rel_text>
      <target>http://libmeta.ru/me/article/93_ALGEBR</target>
    </relation>
    <relation uri="http://libmeta.ru/me/relation/101_5_ALGEBRA">
      <rel_text>алгебра</rel_text>
      <target>http://libmeta.ru/me/article/93_ALGEBR</target>
    </relation>
    <relation uri="http://libmeta.ru/me/relation/101_6_ALGEBRA">
      <rel_text>порядка</rel_text>
      <target>http://libmeta.ru/me/article/531_PORJaDO</target>
    </relation>
    <relation uri="http://libmeta.ru/me/relation/101_7_ALGEBRA">
      <rel_text>циклической</rel_text>
      <target>http://libmeta.ru/me/article/935_TsIKLIChESKI</target>
    </relation>
    <relation uri="http://libmeta.ru/me/relation/101_8_ALGEBRA">
      <rel_text>группа</rel_text>
      <target>http://libmeta.ru/me/article/1207_GRUPІІ</target>
    </relation>
    <relation uri="http://libmeta.ru/me/relation/101_9_ALGEBRA">
      <rel_text>алгеброй</rel_text>
      <target>http://libmeta.ru/me/article/93_ALGEBR</target>
    </relation>
    <relation uri="http://libmeta.ru/me/relation/101_10_ALGEBRA">
      <rel_text>комплексных</rel_text>
      <target>http://libmeta.ru/me/article/1005_KOMPAKTNOST</target>
    </relation>
    <relation uri="http://libmeta.ru/me/relation/101_11_ALGEBRA">
      <rel_text>ассоциативные конечномерные</rel_text>
      <target>http://libmeta.ru/me/article/1043_KONEChNOMERNAJa</target>
    </relation>
    <relation uri="http://libmeta.ru/me/relation/101_12_ALGEBRA">
      <rel_text>Фробениуса теореме</rel_text>
      <target>http://libmeta.ru/me/article/767_FROBENIUSA</target>
    </relation>
    <relation uri="http://libmeta.ru/me/relation/101_13_ALGEBRA">
      <rel_text>Брауэpa гpyпnы</rel_text>
      <target>http://libmeta.ru/me/article/550_BRAUӘRA</target>
    </relation>
    <relation uri="http://libmeta.ru/me/relation/101_14_ALGEBRA">
      <rel_text>централыные</rel_text>
      <target>http://libmeta.ru/me/article/924_TsENTRO-FOKU</target>
    </relation>
    <relation uri="http://libmeta.ru/me/relation/101_15_ALGEBRA">
      <rel_text>центр</rel_text>
      <target>http://libmeta.ru/me/article/911_TsENT</target>
    </relation>
    <relation uri="http://libmeta.ru/me/relation/101_16_ALGEBRA">
      <rel_text>кольцо</rel_text>
      <target>http://libmeta.ru/me/article/1000_KOL'Ts</target>
    </relation>
    <relation uri="http://libmeta.ru/me/relation/101_17_ALGEBRA">
      <rel_text>уравненія</rel_text>
      <target>http://libmeta.ru/me/article/106_URAVNENI</target>
    </relation>
    <relation uri="http://libmeta.ru/me/relation/101_18_ALGEBRA">
      <rel_text>алгебра</rel_text>
      <target>http://libmeta.ru/me/article/93_ALGEBR</target>
    </relation>
  </relations>
  <text>URI[[http://libmeta.ru/me/relation/101_18_ALGEBRA]]/URI $URI[[http://libmeta.ru/me/formula/aux/101_1_ALGEBRA]]/URI$ над полем $URI[[http://libmeta.ru/me/formula/aux/101_2_ALGEBRA]]/URI$, для любых әлементов $URI[[http://libmeta.ru/me/formula/aux/101_3_ALGEBRA]]/URI$ и $URI[[http://libmeta.ru/me/formula/aux/101_4_ALGEBRA]]/URI$ к-рой URI[[http://libmeta.ru/me/relation/101_17_ALGEBRA]]/URI $URI[[http://libmeta.ru/me/formula/aux/101_5_ALGEBRA]]/URI$, y $URI[[http://libmeta.ru/me/formula/aux/101_6_ALGEBRA]]/URI$ разрешимы в $URI[[http://libmeta.ru/me/formula/aux/101_7_ALGEBRA]]/URI$. Ассоциативная А. с Д., рассматриваемая как URI[[http://libmeta.ru/me/relation/101_16_ALGEBRA]]/URI, является телом, а ее URI[[http://libmeta.ru/me/relation/101_15_ALGEBRA]]/URI $URI[[http://libmeta.ru/me/formula/aux/101_8_ALGEBRA]]/URI$ полем и $URI[[http://libmeta.ru/me/formula/aux/101_9_ALGEBRA]]/URI$. Если $URI[[http://libmeta.ru/me/formula/aux/101_10_ALGEBRA]]/URI$, то А. с д. $URI[[http://libmeta.ru/me/formula/aux/101_11_ALGEBRA]]/URI$ наз. ц е н т р ал ь н о й А. с д. Конечномерные URI[[http://libmeta.ru/me/relation/101_14_ALGEBRA]]/URI ассоциативные А. с д. над $URI[[http://libmeta.ru/me/formula/aux/101_12_ALGEBRA]]/URI$, рассматриваемые с точностью до изоморфізма, можно отождествить с элементами URI[[http://libmeta.ru/me/relation/101_13_ALGEBRA]]/URI $URI[[http://libmeta.ru/me/formula/aux/101_13_ALGEBRA]]/URI$ поля $URI[[http://libmeta.ru/me/formula/aux/101_14_ALGEBRA]]/URI$. Пусть $URI[[http://libmeta.ru/me/formula/aux/101_15_ALGEBRA]]/URI$ обозначает размерность $URI[[http://libmeta.ru/me/formula/aux/101_16_ALGEBRA]]/URI$ над $URI[[http://libmeta.ru/me/formula/aux/101_17_ALGEBRA]]/URI$. Еслік $URI[[http://libmeta.ru/me/formula/aux/101_18_ALGEBRA]]/URI$ и $URI[[http://libmeta.ru/me/formula/aux/101_19_ALGEBRA]]/URI$ максимальное подполе в $URI[[http://libmeta.ru/me/formula/aux/101_20_ALGEBRA]]/URI$, то $URI[[http://libmeta.ru/me/formula/aux/101_21_ALGEBRA]]/URI$. Согласно URI[[http://libmeta.ru/me/relation/101_12_ALGEBRA]]/URI, все URI[[http://libmeta.ru/me/relation/101_11_ALGEBRA]]/URI А. с д. над полем действительных чисел $URI[[http://libmeta.ru/me/formula/aux/101_22_ALGEBRA]]/URI$ исчерпываются самим $URI[[http://libmeta.ru/me/formula/aux/101_23_ALGEBRA]]/URI$, полем URI[[http://libmeta.ru/me/relation/101_10_ALGEBRA]]/URI чисел и URI[[http://libmeta.ru/me/relation/101_9_ALGEBRA]]/URI кватернионов. Поэтому URI[[http://libmeta.ru/me/relation/101_8_ALGEBRA]]/URI $URI[[http://libmeta.ru/me/formula/aux/101_24_ALGEBRA]]/URI$ является URI[[http://libmeta.ru/me/relation/101_7_ALGEBRA]]/URI URI[[http://libmeta.ru/me/relation/101_6_ALGEBRA]]/URI 2. При отказе от ассоциативности появляется еще один пример А. с д. над полем действительных чисел - Кәли- Диксона URI[[http://libmeta.ru/me/relation/101_5_ALGEBRA]]/URI. Эта URI[[http://libmeta.ru/me/relation/101_4_ALGEBRA]]/URI URI[[http://libmeta.ru/me/relation/101_3_ALGEBRA]]/URI и имеет размерность 8 над $URI[[http://libmeta.ru/me/formula/aux/101_25_ALGEBRA]]/URI$. Если $URI[[http://libmeta.ru/me/formula/aux/101_26_ALGEBRA]]/URI$ конечномерная (не обязательно ассоциативная) А. с Д. над $URI[[http://libmeta.ru/me/formula/aux/101_27_ALGEBRA]]/URI$, то [a:r] имеет одно из следующих значений: $URI[[http://libmeta.ru/me/formula/aux/101_28_ALGEBRA]]/URI$

Лит [1] К у ро ш А. Г., Лекции по общей URI[[http://libmeta.ru/me/relation/101_2_ALGEBRA]]/URI, 2 изд., М , 1973; [2] A 1 b e r t A. A., Structure of algebras, 3 ed., Providence, [1968]; [3] X е р с т е й н И., Некоммутативные URI[[http://libmeta.ru/me/relation/101_1_ALGEBRA]]/URI, пер. с англ., М., 1972; [4] А д а м с Д ж. Ф., «математика», 1961, т. 5, 구 4, с. 3-86.</text>
  <text_orig>алгебра $A$ над полем $F$, для любых әлементов $a \neq 0$ и $b$ к-рой уравненія $a x=b$, y $a=b$ разрешимы в $A$. Ассоциативная А. с Д., рассматриваемая как кольцо, является телом, а ее центр $C$ полем и $C \supseteq F$. Если $C=F$, то А. с д. $A$ наз. ц е н т р ал ь н о й А. с д. Конечномерные централыные ассоциативные А. с д. над $F$, рассматриваемые с точностью до изоморфізма, можно отождествить с элементами Брауэpa гpyпnы $B(F)$ поля $F$. Пусть $[A: F]$ обозначает размерность $A$ над $F$. Еслік $A \in B(F)$ и $L-$ максимальное подполе в $A(L \equiv F)$, то $[A: F]=[L: F]^{2}$. Согласно Фробениуса теореме, все ассоциативные конечномерные А. с д. над полем действительных чисел $R$ исчерпываются самим $R$, полем комплексных чисел и алгеброй кватернионов. Поэтому группа $B(R)$ является циклической порядка 2. При отказе от ассоциативности появляется еще один пример А. с д. над полем действительных чисел - Кәли- Диксона алгебра. Эта алгебра альтернативна и имеет размерность 8 над $R$. Если $A$ конечномерная (не обязательно ассоциативная) А. с Д. над $R$, то [A:R] имеет одно из следующих значений: $1,2,4,8$

Лит [1] К у ро ш А. Г., Лекции по общей алгебре, 2 изд., М , 1973; [2] A 1 b e r t A. A., Structure of algebras, 3 ed., Providence, [1968]; [3] X е р с т е й н И., Некоммутативные кольца, пер. с англ., М., 1972; [4] А д а м с Д ж. Ф., «Математика», 1961, т. 5, 구 4, с. 3-86. E. Н. Кузъмин.</text_orig>
</article>
