<?xml version="1.0" ?>
<article uri="http://libmeta.ru/me/article/101_DELIMOST" alphabetic_pos="101">
  <title>ДЕЛИМОСТЬ</title>
  <authors/>
  <pages>
    <start>44</start>
    <end>44</end>
  </pages>
  <literature>
    <literature_orig>Jum.: [1] K u m m er E., &quot;j. reine und angew. Math.», 1847, Bd 35, S. 319-26; [2] В и н о г р а д о в И. М., Основы теории чисел, 8 изд., М., 1972; [3] Б о р е ви ч 3. И., Iii а ф аре в и ч И. Р., теория чисел, о изд., М., 1972.</literature_orig>
    <unit>
      <author>Kummer E.</author>
      <title>&quot;j. reine und angew. Math.»</title>
      <publication/>
      <year>1847</year>
      <other>Bd 35, S. 319-26</other>
    </unit>
    <unit>
      <author>Виноградов И. М.</author>
      <title>Основы теории чисел</title>
      <publication>8 изд., М.</publication>
      <year>1972</year>
      <other/>
    </unit>
    <unit>
      <author>Боревич3. И.</author>
      <author>Iiiафаревич И. Р.</author>
      <title>теория чисел</title>
      <publication>о изд., М.</publication>
      <year>1972</year>
      <other/>
    </unit>
  </literature>
  <formulas_main/>
  <formulas_aux>
    <formula uri="http://libmeta.ru/me/formula/aux/101_1_DELIMOST">a</formula>
    <formula uri="http://libmeta.ru/me/formula/aux/101_2_DELIMOST">a</formula>
    <formula uri="http://libmeta.ru/me/formula/aux/101_3_DELIMOST">b \in A</formula>
    <formula uri="http://libmeta.ru/me/formula/aux/101_4_DELIMOST">c \in A</formula>
    <formula uri="http://libmeta.ru/me/formula/aux/101_5_DELIMOST">a=b c</formula>
    <formula uri="http://libmeta.ru/me/formula/aux/101_6_DELIMOST">b</formula>
    <formula uri="http://libmeta.ru/me/formula/aux/101_7_DELIMOST">a</formula>
    <formula uri="http://libmeta.ru/me/formula/aux/101_8_DELIMOST">a</formula>
    <formula uri="http://libmeta.ru/me/formula/aux/101_9_DELIMOST">b</formula>
    <formula uri="http://libmeta.ru/me/formula/aux/101_10_DELIMOST">b</formula>
    <formula uri="http://libmeta.ru/me/formula/aux/101_11_DELIMOST">a</formula>
    <formula uri="http://libmeta.ru/me/formula/aux/101_12_DELIMOST">a</formula>
    <formula uri="http://libmeta.ru/me/formula/aux/101_13_DELIMOST">b</formula>
    <formula uri="http://libmeta.ru/me/formula/aux/101_14_DELIMOST">b \mid a</formula>
    <formula uri="http://libmeta.ru/me/formula/aux/101_15_DELIMOST">b \mid a</formula>
    <formula uri="http://libmeta.ru/me/formula/aux/101_16_DELIMOST">c \mid b</formula>
    <formula uri="http://libmeta.ru/me/formula/aux/101_17_DELIMOST">c \mid a</formula>
    <formula uri="http://libmeta.ru/me/formula/aux/101_18_DELIMOST">b \mid a, c \neq 0</formula>
    <formula uri="http://libmeta.ru/me/formula/aux/101_19_DELIMOST">c b \mid c a</formula>
    <formula uri="http://libmeta.ru/me/formula/aux/101_20_DELIMOST">c \mid a</formula>
    <formula uri="http://libmeta.ru/me/formula/aux/101_21_DELIMOST">c \mid b</formula>
    <formula uri="http://libmeta.ru/me/formula/aux/101_22_DELIMOST">c \mid(a \pm b)</formula>
    <formula uri="http://libmeta.ru/me/formula/aux/101_23_DELIMOST">b</formula>
    <formula uri="http://libmeta.ru/me/formula/aux/101_24_DELIMOST">b A</formula>
    <formula uri="http://libmeta.ru/me/formula/aux/101_25_DELIMOST">a</formula>
    <formula uri="http://libmeta.ru/me/formula/aux/101_26_DELIMOST">b</formula>
    <formula uri="http://libmeta.ru/me/formula/aux/101_27_DELIMOST">b</formula>
    <formula uri="http://libmeta.ru/me/formula/aux/101_28_DELIMOST">\boldsymbol{a}</formula>
    <formula uri="http://libmeta.ru/me/formula/aux/101_29_DELIMOST">a</formula>
    <formula uri="http://libmeta.ru/me/formula/aux/101_30_DELIMOST">b</formula>
    <formula uri="http://libmeta.ru/me/formula/aux/101_31_DELIMOST">(a \mid b</formula>
    <formula uri="http://libmeta.ru/me/formula/aux/101_32_DELIMOST">b \mid a)</formula>
    <formula uri="http://libmeta.ru/me/formula/aux/101_33_DELIMOST">a=\varepsilon b</formula>
    <formula uri="http://libmeta.ru/me/formula/aux/101_34_DELIMOST">\varepsilon-</formula>
  </formulas_aux>
  <relations n="31">
    <relation uri="http://libmeta.ru/me/relation/101_1_DELIMOST">
      <rel_text>Деление</rel_text>
      <target>http://libmeta.ru/me/article/96_DELENI</target>
    </relation>
    <relation uri="http://libmeta.ru/me/relation/101_2_DELIMOST">
      <rel_text>единицы</rel_text>
      <target>http://libmeta.ru/me/article/389_EDINITs</target>
    </relation>
    <relation uri="http://libmeta.ru/me/relation/101_3_DELIMOST">
      <rel_text>делителей</rel_text>
      <target>http://libmeta.ru/me/article/101_DELIMOST</target>
    </relation>
    <relation uri="http://libmeta.ru/me/relation/101_4_DELIMOST">
      <rel_text>кратное</rel_text>
      <target>http://libmeta.ru/me/article/82_KRATNO</target>
    </relation>
    <relation uri="http://libmeta.ru/me/relation/101_5_DELIMOST">
      <rel_text>наибольший общий делитель</rel_text>
      <target>http://libmeta.ru/me/article/833_NAIBOL'ShIJ</target>
    </relation>
    <relation uri="http://libmeta.ru/me/relation/101_6_DELIMOST">
      <rel_text>кольце</rel_text>
      <target>http://libmeta.ru/me/article/1000_KOL'Ts</target>
    </relation>
    <relation uri="http://libmeta.ru/me/relation/101_7_DELIMOST">
      <rel_text>кольцами</rel_text>
      <target>http://libmeta.ru/me/article/981_KOL'TsOI</target>
    </relation>
    <relation uri="http://libmeta.ru/me/relation/101_8_DELIMOST">
      <rel_text>порядка</rel_text>
      <target>http://libmeta.ru/me/article/531_PORJaDO</target>
    </relation>
    <relation uri="http://libmeta.ru/me/relation/101_9_DELIMOST">
      <rel_text>единицы</rel_text>
      <target>http://libmeta.ru/me/article/389_EDINITs</target>
    </relation>
    <relation uri="http://libmeta.ru/me/relation/101_10_DELIMOST">
      <rel_text>делителей</rel_text>
      <target>http://libmeta.ru/me/article/101_DELIMOST</target>
    </relation>
    <relation uri="http://libmeta.ru/me/relation/101_11_DELIMOST">
      <rel_text>множители</rel_text>
      <target>http://libmeta.ru/me/article/733_MNOZhESTV</target>
    </relation>
    <relation uri="http://libmeta.ru/me/relation/101_12_DELIMOST">
      <rel_text>многочленов</rel_text>
      <target>http://libmeta.ru/me/article/438_MNOGOOBRAZI</target>
    </relation>
    <relation uri="http://libmeta.ru/me/relation/101_13_DELIMOST">
      <rel_text>кольцу</rel_text>
      <target>http://libmeta.ru/me/article/1000_KOL'Ts</target>
    </relation>
    <relation uri="http://libmeta.ru/me/relation/101_14_DELIMOST">
      <rel_text>кольцу</rel_text>
      <target>http://libmeta.ru/me/article/1000_KOL'Ts</target>
    </relation>
    <relation uri="http://libmeta.ru/me/relation/101_15_DELIMOST">
      <rel_text>подобно</rel_text>
      <target>http://libmeta.ru/me/article/360_PoDoBI</target>
    </relation>
    <relation uri="http://libmeta.ru/me/relation/101_16_DELIMOST">
      <rel_text>Кольца</rel_text>
      <target>http://libmeta.ru/me/article/1000_KOL'Ts</target>
    </relation>
    <relation uri="http://libmeta.ru/me/relation/101_17_DELIMOST">
      <rel_text>многочленами</rel_text>
      <target>http://libmeta.ru/me/article/438_MNOGOOBRAZI</target>
    </relation>
    <relation uri="http://libmeta.ru/me/relation/101_18_DELIMOST">
      <rel_text>неприводимыми</rel_text>
      <target>http://libmeta.ru/me/article/957_NEPRERYVNOST</target>
    </relation>
    <relation uri="http://libmeta.ru/me/relation/101_19_DELIMOST">
      <rel_text>многочленов</rel_text>
      <target>http://libmeta.ru/me/article/438_MNOGOOBRAZI</target>
    </relation>
    <relation uri="http://libmeta.ru/me/relation/101_20_DELIMOST">
      <rel_text>кольце</rel_text>
      <target>http://libmeta.ru/me/article/1000_KOL'Ts</target>
    </relation>
    <relation uri="http://libmeta.ru/me/relation/101_21_DELIMOST">
      <rel_text>числами</rel_text>
      <target>http://libmeta.ru/me/article/540_ChISLENI</target>
    </relation>
    <relation uri="http://libmeta.ru/me/relation/101_22_DELIMOST">
      <rel_text>кольце</rel_text>
      <target>http://libmeta.ru/me/article/1000_KOL'Ts</target>
    </relation>
    <relation uri="http://libmeta.ru/me/relation/101_23_DELIMOST">
      <rel_text>единицы</rel_text>
      <target>http://libmeta.ru/me/article/389_EDINITs</target>
    </relation>
    <relation uri="http://libmeta.ru/me/relation/101_24_DELIMOST">
      <rel_text>делителей</rel_text>
      <target>http://libmeta.ru/me/article/101_DELIMOST</target>
    </relation>
    <relation uri="http://libmeta.ru/me/relation/101_25_DELIMOST">
      <rel_text>делителей</rel_text>
      <target>http://libmeta.ru/me/article/101_DELIMOST</target>
    </relation>
    <relation uri="http://libmeta.ru/me/relation/101_26_DELIMOST">
      <rel_text>кольце</rel_text>
      <target>http://libmeta.ru/me/article/1000_KOL'Ts</target>
    </relation>
    <relation uri="http://libmeta.ru/me/relation/101_27_DELIMOST">
      <rel_text>совпадают</rel_text>
      <target>http://libmeta.ru/me/article/59_SOVPADENI</target>
    </relation>
    <relation uri="http://libmeta.ru/me/relation/101_28_DELIMOST">
      <rel_text>единицы</rel_text>
      <target>http://libmeta.ru/me/article/389_EDINITs</target>
    </relation>
    <relation uri="http://libmeta.ru/me/relation/101_29_DELIMOST">
      <rel_text>Делители</rel_text>
      <target>http://libmeta.ru/me/article/101_DELIMOST</target>
    </relation>
    <relation uri="http://libmeta.ru/me/relation/101_30_DELIMOST">
      <rel_text>главный идеал</rel_text>
      <target>http://libmeta.ru/me/article/1089_GLAVNYJ</target>
    </relation>
    <relation uri="http://libmeta.ru/me/relation/101_31_DELIMOST">
      <rel_text>области целостности</rel_text>
      <target>http://libmeta.ru/me/article/1111_OBLAST'</target>
    </relation>
  </relations>
  <text>в к о л ь ц е - обобщение понятия делимости целых чисел нацело (см. URI[[http://libmeta.ru/me/relation/101_1_DELIMOST]]/URI).

Элемент $URI[[http://libmeta.ru/me/formula/aux/101_1_DELIMOST]]/URI$ кольца $URI[[http://libmeta.ru/me/formula/aux/101_2_DELIMOST]]/URI$ д е л и т с я на другой элемент $URI[[http://libmeta.ru/me/formula/aux/101_3_DELIMOST]]/URI$, если существует такой $URI[[http://libmeta.ru/me/formula/aux/101_4_DELIMOST]]/URI$, что $URI[[http://libmeta.ru/me/formula/aux/101_5_DELIMOST]]/URI$. При этом говорят также, что $URI[[http://libmeta.ru/me/formula/aux/101_6_DELIMOST]]/URI$ д е ли т $URI[[http://libmeta.ru/me/formula/aux/101_7_DELIMOST]]/URI$, и $URI[[http://libmeta.ru/me/formula/aux/101_8_DELIMOST]]/URI$ наз. к р а т ны м әлемента $URI[[http://libmeta.ru/me/formula/aux/101_9_DELIMOST]]/URI$, a $URI[[http://libmeta.ru/me/formula/aux/101_10_DELIMOST]]/URI$ - д е ли т е л е м элемента $URI[[http://libmeta.ru/me/formula/aux/101_11_DELIMOST]]/URI$. Для обозначения Д. $URI[[http://libmeta.ru/me/formula/aux/101_12_DELIMOST]]/URI$ на $URI[[http://libmeta.ru/me/formula/aux/101_13_DELIMOST]]/URI$ употребляют символ $URI[[http://libmeta.ru/me/formula/aux/101_14_DELIMOST]]/URI$.

В любом ассоциативно-коммутативном кольце имеют место следующие свойства Д.:

если $URI[[http://libmeta.ru/me/formula/aux/101_15_DELIMOST]]/URI$ и $URI[[http://libmeta.ru/me/formula/aux/101_16_DELIMOST]]/URI$, то $URI[[http://libmeta.ru/me/formula/aux/101_17_DELIMOST]]/URI$;

если $URI[[http://libmeta.ru/me/formula/aux/101_18_DELIMOST]]/URI$, то $URI[[http://libmeta.ru/me/formula/aux/101_19_DELIMOST]]/URI$;

если $URI[[http://libmeta.ru/me/formula/aux/101_20_DELIMOST]]/URI$ и $URI[[http://libmeta.ru/me/formula/aux/101_21_DELIMOST]]/URI$, то $URI[[http://libmeta.ru/me/formula/aux/101_22_DELIMOST]]/URI$.

Последние два свойства равносильны тому, что множество элементов, делящихся на $URI[[http://libmeta.ru/me/formula/aux/101_23_DELIMOST]]/URI$, образует идеал $URI[[http://libmeta.ru/me/formula/aux/101_24_DELIMOST]]/URI$ кольца $URI[[http://libmeta.ru/me/formula/aux/101_25_DELIMOST]]/URI$ (главный идеал, порожденный әлементом $URI[[http://libmeta.ru/me/formula/aux/101_26_DELIMOST]]/URI$ ), к-рый содержит $URI[[http://libmeta.ru/me/formula/aux/101_27_DELIMOST]]/URI$, если $URI[[http://libmeta.ru/me/formula/aux/101_28_DELIMOST]]/URI$ - кольцо с единицей.

В URI[[http://libmeta.ru/me/relation/101_31_DELIMOST]]/URI элементы $URI[[http://libmeta.ru/me/formula/aux/101_29_DELIMOST]]/URI$ и $URI[[http://libmeta.ru/me/formula/aux/101_30_DELIMOST]]/URI$ делятся друг на друга одновременно $URI[[http://libmeta.ru/me/formula/aux/101_31_DELIMOST]]/URI$ и $URI[[http://libmeta.ru/me/formula/aux/101_32_DELIMOST]]/URI$ тогда и только тогда, когда они а с с оц и и р о в а ны, т. е. $URI[[http://libmeta.ru/me/formula/aux/101_33_DELIMOST]]/URI$, где $URI[[http://libmeta.ru/me/formula/aux/101_34_DELIMOST]]/URI$ обратимый элемент. Два ассоциированных элемента порождают один и тот же URI[[http://libmeta.ru/me/relation/101_30_DELIMOST]]/URI. URI[[http://libmeta.ru/me/relation/101_29_DELIMOST]]/URI URI[[http://libmeta.ru/me/relation/101_28_DELIMOST]]/URI URI[[http://libmeta.ru/me/relation/101_27_DELIMOST]]/URI, по определению, с обратимыми элементами. П р о с т ы м э л м е н т о м в URI[[http://libmeta.ru/me/relation/101_26_DELIMOST]]/URI наз. ненулевой элемент, не имеющий собственных URI[[http://libmeta.ru/me/relation/101_25_DELIMOST]]/URI, кроме URI[[http://libmeta.ru/me/relation/101_24_DELIMOST]]/URI URI[[http://libmeta.ru/me/relation/101_23_DELIMOST]]/URI. В URI[[http://libmeta.ru/me/relation/101_22_DELIMOST]]/URI целых чисел такие элементы наз. простыми URI[[http://libmeta.ru/me/relation/101_21_DELIMOST]]/URI, в URI[[http://libmeta.ru/me/relation/101_20_DELIMOST]]/URI URI[[http://libmeta.ru/me/relation/101_19_DELIMOST]]/URI - URI[[http://libmeta.ru/me/relation/101_18_DELIMOST]]/URI URI[[http://libmeta.ru/me/relation/101_17_DELIMOST]]/URI. URI[[http://libmeta.ru/me/relation/101_16_DELIMOST]]/URI, в к-рых URI[[http://libmeta.ru/me/relation/101_15_DELIMOST]]/URI URI[[http://libmeta.ru/me/relation/101_14_DELIMOST]]/URI целых чисел или URI[[http://libmeta.ru/me/relation/101_13_DELIMOST]]/URI URI[[http://libmeta.ru/me/relation/101_12_DELIMOST]]/URI имеет место однозначное разложение на простые URI[[http://libmeta.ru/me/relation/101_11_DELIMOST]]/URI (с точностью до URI[[http://libmeta.ru/me/relation/101_10_DELIMOST]]/URI URI[[http://libmeta.ru/me/relation/101_9_DELIMOST]]/URI и URI[[http://libmeta.ru/me/relation/101_8_DELIMOST]]/URI следования), наз. бакториальными URI[[http://libmeta.ru/me/relation/101_7_DELIMOST]]/URI. В таком URI[[http://libmeta.ru/me/relation/101_6_DELIMOST]]/URI для всякой конечной совокупности әлементов существуют URI[[http://libmeta.ru/me/relation/101_5_DELIMOST]]/URI и наименьшее общее URI[[http://libmeta.ru/me/relation/101_4_DELIMOST]]/URI, оба определенные однозначно с точностью до URI[[http://libmeta.ru/me/relation/101_3_DELIMOST]]/URI URI[[http://libmeta.ru/me/relation/101_2_DELIMOST]]/URI.</text>
  <text_orig>в к о л ь ц е - обобщение понятия делимости целых чисел нацело (см. Деление).

Элемент $a$ кольца $A$ д е л и т с я на другой элемент $b \in A$, если существует такой $c \in A$, что $a=b c$. При этом говорят также, что $b$ д е ли т $a$, и $a$ наз. к р а т ны м әлемента $b$, a $b$ - д е ли т е л е м элемента $a$. Для обозначения Д. $a$ на $b$ употребляют символ $b \mid a$.

В любом ассоциативно-коммутативном кольце имеют место следующие свойства Д.:

если $b \mid a$ и $c \mid b$, то $c \mid a$;

если $b \mid a, c \neq 0$, то $c b \mid c a$;

если $c \mid a$ и $c \mid b$, то $c \mid(a \pm b)$.

Последние два свойства равносильны тому, что множество элементов, делящихся на $b$, образует идеал $b A$ кольца $A$ (главный идеал, порожденный әлементом $b$ ), к-рый содержит $b$, если $\boldsymbol{A}$ - кольцо с единицей.

В области целостности элементы $a$ и $b$ делятся друг на друга одновременно $(a \mid b$ и $b \mid a)$ тогда и только тогда, когда они а с с оц и и р о в а ны, т. е. $a=\varepsilon b$, где $\varepsilon-$ обратимый элемент. Два ассоциированных элемента порождают один и тот же главный идеал. Делители единицы совпадают, по определению, с обратимыми элементами. П р о с т ы м э л м е н т о м в кольце наз. ненулевой элемент, не имеющий собственных делителей, кроме делителей единицы. В кольце целых чисел такие элементы наз. простыми числами, в кольце многочленов - неприводимыми многочленами. Кольца, в к-рых подобно кольцу целых чисел или кольцу многочленов имеет место однозначное разложение на простые множители (с точностью до делителей единицы и порядка следования), наз. бакториальными кольцами. В таком кольце для всякой конечной совокупности әлементов существуют наибольший общий делитель и наименьшее общее кратное, оба определенные однозначно с точностью до делителей единицы.

Jum.: [1] K u m m er E., &quot;J. reine und angew. Math.», 1847, Bd 35, S. 319-26; [2] В и н о г р а д о в И. М., Основы теории чисел, 8 изд., М., 1972; [3] Б о р е ви ч 3. И., III а ф аре в и ч И. Р., теория чисел, о изд., М., 1972.</text_orig>
</article>
