<?xml version="1.0" ?>
<article uri="http://libmeta.ru/me/article/1020_KOMPOZI" alphabetic_pos="1020">
  <title>КОМПОЗИТ</title>
  <authors/>
  <pages>
    <start>507</start>
    <end>507</end>
  </pages>
  <literature>
    <literature_orig/>
  </literature>
  <formulas_main/>
  <formulas_aux>
    <formula uri="http://libmeta.ru/me/formula/aux/1020_1_KOMPOZI">a \cdot B</formula>
    <formula uri="http://libmeta.ru/me/formula/aux/1020_2_KOMPOZI">\omega</formula>
    <formula uri="http://libmeta.ru/me/formula/aux/1020_3_KOMPOZI">k</formula>
    <formula uri="http://libmeta.ru/me/formula/aux/1020_4_KOMPOZI">a \subset \Omega</formula>
    <formula uri="http://libmeta.ru/me/formula/aux/1020_5_KOMPOZI">b \subset \Omega</formula>
    <formula uri="http://libmeta.ru/me/formula/aux/1020_6_KOMPOZI">\varphi: A \otimes_{K} B \rightarrow \Omega</formula>
    <formula uri="http://libmeta.ru/me/formula/aux/1020_7_KOMPOZI">a \otimes b</formula>
    <formula uri="http://libmeta.ru/me/formula/aux/1020_8_KOMPOZI">a b \in \Omega</formula>
  </formulas_aux>
  <relations n="6">
    <relation uri="http://libmeta.ru/me/relation/1020_1_KOMPOZI">
      <rel_text>произведение</rel_text>
      <target>http://libmeta.ru/me/article/1045_PROIZVODNA</target>
    </relation>
    <relation uri="http://libmeta.ru/me/relation/1020_2_KOMPOZI">
      <rel_text>тензорному произведению</rel_text>
      <target>http://libmeta.ru/me/article/376_TENZORNOE</target>
    </relation>
    <relation uri="http://libmeta.ru/me/relation/1020_3_KOMPOZI">
      <rel_text>гомоморфизма</rel_text>
      <target>http://libmeta.ru/me/article/1135_GOMoMoRFIZ</target>
    </relation>
    <relation uri="http://libmeta.ru/me/relation/1020_4_KOMPOZI">
      <rel_text>совпадает</rel_text>
      <target>http://libmeta.ru/me/article/59_SOVPADENI</target>
    </relation>
    <relation uri="http://libmeta.ru/me/relation/1020_5_KOMPOZI">
      <rel_text>подрасширения</rel_text>
      <target>http://libmeta.ru/me/article/371_PODRAZDELENI</target>
    </relation>
    <relation uri="http://libmeta.ru/me/relation/1020_6_KOMPOZI">
      <rel_text>подраспирение</rel_text>
      <target>http://libmeta.ru/me/article/371_PODRAZDELENI</target>
    </relation>
  </relations>
  <text>р а с ші и р е н и й п о л я-наименьшее URI[[http://libmeta.ru/me/relation/1020_6_KOMPOZI]]/URI $URI[[http://libmeta.ru/me/formula/aux/1020_1_KOMPOZI]]/URI$ расширения $URI[[http://libmeta.ru/me/formula/aux/1020_2_KOMPOZI]]/URI$ поля $URI[[http://libmeta.ru/me/formula/aux/1020_3_KOMPOZI]]/URI$, содержащее заданные два URI[[http://libmeta.ru/me/relation/1020_5_KOMPOZI]]/URI $URI[[http://libmeta.ru/me/formula/aux/1020_4_KOMPOZI]]/URI$ и $URI[[http://libmeta.ru/me/formula/aux/1020_5_KOMPOZI]]/URI$; оно URI[[http://libmeta.ru/me/relation/1020_4_KOMPOZI]]/URI с образом URI[[http://libmeta.ru/me/relation/1020_3_KOMPOZI]]/URI $URI[[http://libmeta.ru/me/formula/aux/1020_6_KOMPOZI]]/URI$, сопоставляющего URI[[http://libmeta.ru/me/relation/1020_2_KOMPOZI]]/URI $URI[[http://libmeta.ru/me/formula/aux/1020_7_KOMPOZI]]/URI$ URI[[http://libmeta.ru/me/relation/1020_1_KOMPOZI]]/URI $URI[[http://libmeta.ru/me/formula/aux/1020_8_KOMPOZI]]/URI$.</text>
  <text_orig>р а с ші и р е н и й п о л я-наименьшее подраспирение $A \cdot B$ расширения $\Omega$ поля $k$, содержащее заданные два подрасширения $A \subset \Omega$ и $B \subset \Omega$; оно совпадает с образом гомоморфизма $\varphi: A \otimes_{K} B \rightarrow \Omega$, сопоставляющего тензорному произведению $a \otimes b$ произведение $a b \in \Omega$.</text_orig>
</article>
