<?xml version="1.0" ?>
<article uri="http://libmeta.ru/me/article/1020_IIIVARTsA" alphabetic_pos="1020">
  <title>IIIВАРЦА ДИФФЕРЕНЦИАЛЬНЫЙ ПАРАМЕТР</title>
  <authors/>
  <pages>
    <start>444</start>
    <end>444</end>
  </pages>
  <literature>
    <literature_orig>Лum.: [1] S c hwarz H., Ges. math. Abh., Bd 2, B., 1890; [2] Н е в а н л и н н а Р., Однозначные аналитические функции, пер. с нем., М.- I., 1941: [3] Г п л у з и н Г. М., Геометрическая теория функций комплексного переменного,</literature_orig>
    <unit>
      <author>Schwarz H.</author>
      <title>Ges. math. Abh., Bd 2, B.</title>
      <publication/>
      <year>1890</year>
      <other/>
    </unit>
    <unit>
      <author>Неванлинна Р.</author>
      <title>Однозначные аналитические функции</title>
      <publication>пер. с нем., М.- I.</publication>
      <year>1941</year>
      <other/>
    </unit>
    <unit>
      <author>Гплузин Г. М.</author>
      <title/>
      <publication/>
      <year/>
      <other>Геометрическая теория функций комплексного переменного</other>
    </unit>
  </literature>
  <formulas_main>
    <formula uri="http://libmeta.ru/me/formula/main/1020_1_IIIVARTsA">\{f, z\}=\frac{f^{\prime \prime \prime}(z)}{f^{\prime}(z)}-\frac{3}{2}\left(\frac{f^{\prime \prime}(z)}{f^{\prime}(z)}\right)^{2}=\left(\frac{f^{\prime \prime}(z)}{f^{\prime}(z)}\right)^{\prime}-\frac{1}{2}\left(\frac{f^{\prime \prime}(z)}{f^{\prime}(z)}\right)^{2},</formula>
    <formula uri="http://libmeta.ru/me/formula/main/1020_2_IIIVARTsA">g(z)=\frac{a f(z)+b}{c f(z)+d}</formula>
    <formula uri="http://libmeta.ru/me/formula/main/1020_3_IIIVARTsA">|\{f, z\}| \leqslant \frac{6}{\left(1-|z|^{2}\right)^{2}},|z|&lt;1 .</formula>
    <formula uri="http://libmeta.ru/me/formula/main/1020_4_IIIVARTsA">|\{f, z\}| \leqslant \frac{2}{\left(1-|z|^{2}\right)^{2}},|z|&lt;1,</formula>
  </formulas_main>
  <formulas_aux>
    <formula uri="http://libmeta.ru/me/formula/aux/1020_1_IIIVARTsA">f(z)</formula>
    <formula uri="http://libmeta.ru/me/formula/aux/1020_2_IIIVARTsA">z-</formula>
    <formula uri="http://libmeta.ru/me/formula/aux/1020_3_IIIVARTsA">f(z)</formula>
    <formula uri="http://libmeta.ru/me/formula/aux/1020_4_IIIVARTsA">\{f, z\}=\{g, z\}</formula>
    <formula uri="http://libmeta.ru/me/formula/aux/1020_5_IIIVARTsA">f(z)</formula>
    <formula uri="http://libmeta.ru/me/formula/aux/1020_6_IIIVARTsA">d=\{z:|z|&lt;1\}</formula>
    <formula uri="http://libmeta.ru/me/formula/aux/1020_7_IIIVARTsA">f(0)=0, f^{\prime}(0)=1</formula>
    <formula uri="http://libmeta.ru/me/formula/aux/1020_8_IIIVARTsA">f(z)</formula>
    <formula uri="http://libmeta.ru/me/formula/aux/1020_9_IIIVARTsA">d</formula>
    <formula uri="http://libmeta.ru/me/formula/aux/1020_10_IIIVARTsA">f(z)</formula>
    <formula uri="http://libmeta.ru/me/formula/aux/1020_11_IIIVARTsA">d</formula>
  </formulas_aux>
  <relations n="2">
    <relation uri="http://libmeta.ru/me/relation/1020_1_IIIVARTsA">
      <rel_text>однолистная функция</rel_text>
      <target>http://libmeta.ru/me/article/1167_odNOLISTNAJa</target>
    </relation>
    <relation uri="http://libmeta.ru/me/relation/1020_2_IIIVARTsA">
      <rel_text>регулярна</rel_text>
      <target>http://libmeta.ru/me/article/1037_REGULJaTO</target>
    </relation>
  </relations>
  <text>п р о и з в о д на я Шi в а р ц а, ш в а р ц и а н, аналитич. функции $URI[[http://libmeta.ru/me/formula/aux/1020_1_IIIVARTsA]]/URI$ комплексного переменного $URI[[http://libmeta.ru/me/formula/aux/1020_2_IIIVARTsA]]/URI$ дифференциальное выражение

\[
URI[[http://libmeta.ru/me/formula/main/1020_1_IIIVARTsA]]/URI
\]

ноявившееся при исследовании конформного отображения многоугольников на круг, в частности в работах Г. Шїарца [1]

Важнейшее свойство Ii. Д. П.- его инвариантность относительно дробно-линейного шреобразования функции $URI[[http://libmeta.ru/me/formula/aux/1020_3_IIIVARTsA]]/URI$, т. е. если

\[
URI[[http://libmeta.ru/me/formula/main/1020_2_IIIVARTsA]]/URI
\]

то $URI[[http://libmeta.ru/me/formula/aux/1020_4_IIIVARTsA]]/URI$. Применения Iii. Д. П. связаны прежде всего с вогросами однолистности аналитич. функций. Напр.. если $URI[[http://libmeta.ru/me/formula/aux/1020_5_IIIVARTsA]]/URI$ - однолистная аналитич. функция в круге $URI[[http://libmeta.ru/me/formula/aux/1020_6_IIIVARTsA]]/URI$, причем $URI[[http://libmeta.ru/me/formula/aux/1020_7_IIIVARTsA]]/URI$, то

\[
URI[[http://libmeta.ru/me/formula/main/1020_3_IIIVARTsA]]/URI
\]

Обратно, если $URI[[http://libmeta.ru/me/formula/aux/1020_8_IIIVARTsA]]/URI$ URI[[http://libmeta.ru/me/relation/1020_2_IIIVARTsA]]/URI в $URI[[http://libmeta.ru/me/formula/aux/1020_9_IIIVARTsA]]/URI$ и

\[
URI[[http://libmeta.ru/me/formula/main/1020_4_IIIVARTsA]]/URI
\]

то $URI[[http://libmeta.ru/me/formula/aux/1020_10_IIIVARTsA]]/URI$ - URI[[http://libmeta.ru/me/relation/1020_1_IIIVARTsA]]/URI в $URI[[http://libmeta.ru/me/formula/aux/1020_11_IIIVARTsA]]/URI$ и константу 2 здесь нельзя увеличить.</text>
  <text_orig>п р о и з в о д на я ШI в а р ц а, ш в а р ц и а н, аналитич. функции $f(z)$ комплексного переменного $z-$ дифференциальное выражение

\[
\{f, z\}=\frac{f^{\prime \prime \prime}(z)}{f^{\prime}(z)}-\frac{3}{2}\left(\frac{f^{\prime \prime}(z)}{f^{\prime}(z)}\right)^{2}=\left(\frac{f^{\prime \prime}(z)}{f^{\prime}(z)}\right)^{\prime}-\frac{1}{2}\left(\frac{f^{\prime \prime}(z)}{f^{\prime}(z)}\right)^{2},
\]

ноявившееся при исследовании конформного отображения многоугольников на круг, в частности в работах Г. Шїарца [1]

Важнейшее свойство II. Д. П.- его инвариантность относительно дробно-линейного шреобразования функции $f(z)$, т. е. если

\[
g(z)=\frac{a f(z)+b}{c f(z)+d}
\]

то $\{f, z\}=\{g, z\}$. Применения III. Д. П. связаны прежде всего с вогросами однолистности аналитич. функций. Напр.. если $f(z)$ - однолистная аналитич. функция в круге $D=\{z:|z|&lt;1\}$, причем $f(0)=0, f^{\prime}(0)=1$, то

\[
|\{f, z\}| \leqslant \frac{6}{\left(1-|z|^{2}\right)^{2}},|z|&lt;1 .
\]

Обратно, если $f(z)$ регулярна в $D$ и

\[
|\{f, z\}| \leqslant \frac{2}{\left(1-|z|^{2}\right)^{2}},|z|&lt;1,
\]

то $f(z)$ - однолистная функция в $D$ и константу 2 здесь нельзя увеличить.

Лum.: [1] S c hwarz H., Ges. math. Abh., Bd 2, B., 1890; [2] Н е в а н л и н н а Р., Однозначные аналитические функции, пер. с нем., М.- I., 1941: [3] Г п л у з и н Г. М., Геометрическая теория функций комплексного переменного,</text_orig>
</article>
