<?xml version="1.0" ?>
<article uri="http://libmeta.ru/me/article/1020_REGULJaRNAJa" alphabetic_pos="1020">
  <title>РЕГУЛЯРНАЯ РЕIIETКА</title>
  <authors>
    <author>Д. А. Владимиров</author>
  </authors>
  <pages>
    <start>470</start>
    <end>470</end>
  </pages>
  <literature>
    <literature_orig>Лum.: [1] Ка н т о р о в и ч Л. В., В у Л и х Б. З., П и нс к е p A. Г., Функциональный анализ в полуупорядоченных пространствах, М. - J., 1950 .</literature_orig>
    <unit>
      <author>Канторович Л. В.</author>
      <author>Ву Лих Б. З.</author>
      <author>Пинскеp A. Г.</author>
      <title>Функциональный анализ в полуупорядоченных пространствах, М. - J.</title>
      <publication/>
      <year>1950</year>
      <other/>
    </unit>
  </literature>
  <formulas_main>
    <formula uri="http://libmeta.ru/me/formula/main/1020_1_REGULJaRNAJa">\sup E_{n} \stackrel{(o)}{\longrightarrow} a, \inf E_{n} \stackrel{(o)}{\longrightarrow} b</formula>
  </formulas_main>
  <formulas_aux>
    <formula uri="http://libmeta.ru/me/formula/aux/1020_1_REGULJaRNAJa">p</formula>
    <formula uri="http://libmeta.ru/me/formula/aux/1020_2_REGULJaRNAJa">\left\{e_{n}\right\}</formula>
    <formula uri="http://libmeta.ru/me/formula/aux/1020_3_REGULJaRNAJa">e_{n}^{\prime} \subset E_{n}</formula>
    <formula uri="http://libmeta.ru/me/formula/aux/1020_4_REGULJaRNAJa">(\stackrel{(0)}{\longrightarrow}</formula>
    <formula uri="http://libmeta.ru/me/formula/aux/1020_5_REGULJaRNAJa">k</formula>
    <formula uri="http://libmeta.ru/me/formula/aux/1020_6_REGULJaRNAJa">x_{n m} \stackrel{(o)}{\longrightarrow} x_{n}, x_{n} \stackrel{(o)}{\longrightarrow} x</formula>
    <formula uri="http://libmeta.ru/me/formula/aux/1020_7_REGULJaRNAJa">x_{n m_{n}} \stackrel{(o)}{\longrightarrow} x</formula>
    <formula uri="http://libmeta.ru/me/formula/aux/1020_8_REGULJaRNAJa">m_{n}</formula>
    <formula uri="http://libmeta.ru/me/formula/aux/1020_9_REGULJaRNAJa">k B</formula>
    <formula uri="http://libmeta.ru/me/formula/aux/1020_10_REGULJaRNAJa">l^{p}, \quad 1 \leqslant p&lt;+\infty ;</formula>
    <formula uri="http://libmeta.ru/me/formula/aux/1020_11_REGULJaRNAJa">\bmod 0</formula>
  </formulas_aux>
  <relations n="10">
    <relation uri="http://libmeta.ru/me/relation/1020_1_REGULJaRNAJa">
      <rel_text>Суслина гипотезы</rel_text>
      <target>http://libmeta.ru/me/article/308_SUSLINA</target>
    </relation>
    <relation uri="http://libmeta.ru/me/relation/1020_2_REGULJaRNAJa">
      <rel_text>отрицании</rel_text>
      <target>http://libmeta.ru/me/article/136_OTRITsANI</target>
    </relation>
    <relation uri="http://libmeta.ru/me/relation/1020_3_REGULJaRNAJa">
      <rel_text>булевых алгебр</rel_text>
      <target>http://libmeta.ru/me/article/563_BULEVA</target>
    </relation>
    <relation uri="http://libmeta.ru/me/relation/1020_4_REGULJaRNAJa">
      <rel_text>регулярных</rel_text>
      <target>http://libmeta.ru/me/article/1037_REGULJaTO</target>
    </relation>
    <relation uri="http://libmeta.ru/me/relation/1020_5_REGULJaRNAJa">
      <rel_text>пространства</rel_text>
      <target>http://libmeta.ru/me/article/748_PROSTRANSTV</target>
    </relation>
    <relation uri="http://libmeta.ru/me/relation/1020_6_REGULJaRNAJa">
      <rel_text>измеримых множеств</rel_text>
      <target>http://libmeta.ru/me/article/504_IZMERIMOंE</target>
    </relation>
    <relation uri="http://libmeta.ru/me/relation/1020_7_REGULJaRNAJa">
      <rel_text>булева алгебра</rel_text>
      <target>http://libmeta.ru/me/article/563_BULEVA</target>
    </relation>
    <relation uri="http://libmeta.ru/me/relation/1020_8_REGULJaRNAJa">
      <rel_text>аксиоме</rel_text>
      <target>http://libmeta.ru/me/article/87_AKSIoM</target>
    </relation>
    <relation uri="http://libmeta.ru/me/relation/1020_9_REGULJaRNAJa">
      <rel_text>гранями</rel_text>
      <target>http://libmeta.ru/me/article/1166_GRANISch</target>
    </relation>
    <relation uri="http://libmeta.ru/me/relation/1020_10_REGULJaRNAJa">
      <rel_text>ограниченное множество</rel_text>
      <target>http://libmeta.ru/me/article/1161_OGRANIChENNO</target>
    </relation>
  </relations>
  <text>с т р у к т у $URI[[http://libmeta.ru/me/formula/aux/1020_1_REGULJaRNAJa]]/URI$ a p eг у л я р н а я,- условно полная решетка (структура), в к-рой выполняется следуюпее условие (наз. также а к с и о м о й р е г у л я р н о с т и): для любой последовательности $URI[[http://libmeta.ru/me/formula/aux/1020_2_REGULJaRNAJa]]/URI$ ограниченных множеств, для к-рой

\[
URI[[http://libmeta.ru/me/formula/main/1020_1_REGULJaRNAJa]]/URI
\]

найдутся конечные подмножества $URI[[http://libmeta.ru/me/formula/aux/1020_3_REGULJaRNAJa]]/URI$ с тем же свойством $URI[[http://libmeta.ru/me/formula/aux/1020_4_REGULJaRNAJa]]/URI$ означает сходимость по упорядочөнию). Такие структуры (в первую очередь регулярные $URI[[http://libmeta.ru/me/formula/aux/1020_5_REGULJaRNAJa]]/URI$ пространства и булевы алгебры) чаще всего встречаются в функциональном анализе и теории меры. Они естественно возникают в задаче продолжения гомоморфизмов и линейных положительных операций. В Р. p. выполняются следующие два принципа: а) принцип диагонали (если $URI[[http://libmeta.ru/me/formula/aux/1020_6_REGULJaRNAJa]]/URI$, то $URI[[http://libmeta.ru/me/formula/aux/1020_7_REGULJaRNAJa]]/URI$ для нек-рой последовательности индексов $URI[[http://libmeta.ru/me/formula/aux/1020_8_REGULJaRNAJa]]/URI$ ) и б) принцип счетности типа (всякое бесконечное URI[[http://libmeta.ru/me/relation/1020_10_REGULJaRNAJa]]/URI содержит счетную часть с теми же URI[[http://libmeta.ru/me/relation/1020_9_REGULJaRNAJa]]/URI). В свою очередь, а) и б)вместе эквивалентны URI[[http://libmeta.ru/me/relation/1020_8_REGULJaRNAJa]]/URI регулярности. Примеры Р. p.: всякое $URI[[http://libmeta.ru/me/formula/aux/1020_9_REGULJaRNAJa]]/URI$-пространство и, в частности, всякое $URI[[http://libmeta.ru/me/formula/aux/1020_10_REGULJaRNAJa]]/URI$ URI[[http://libmeta.ru/me/relation/1020_7_REGULJaRNAJa]]/URI $URI[[http://libmeta.ru/me/formula/aux/1020_11_REGULJaRNAJa]]/URI$ URI[[http://libmeta.ru/me/relation/1020_6_REGULJaRNAJa]]/URI произвольного URI[[http://libmeta.ru/me/relation/1020_5_REGULJaRNAJa]]/URI с конечной счетно аддитивной мерой. Другие известные примеры URI[[http://libmeta.ru/me/relation/1020_4_REGULJaRNAJa]]/URI URI[[http://libmeta.ru/me/relation/1020_3_REGULJaRNAJa]]/URI основываются на URI[[http://libmeta.ru/me/relation/1020_2_REGULJaRNAJa]]/URI URI[[http://libmeta.ru/me/relation/1020_1_REGULJaRNAJa]]/URI.</text>
  <text_orig>с т р у к т у $p$ a p eг у л я р н а я,- условно полная решетка (структура), в к-рой выполняется следуюпее условие (наз. также а к с и о м о й р е г у л я р н о с т и): для любой последовательности $\left\{E_{n}\right\}$ ограниченных множеств, для к-рой

\[
\sup E_{n} \stackrel{(o)}{\longrightarrow} a, \inf E_{n} \stackrel{(o)}{\longrightarrow} b
\]

найдутся конечные подмножества $E_{n}^{\prime} \subset E_{n}$ с тем же свойством $(\stackrel{(0)}{\longrightarrow}$ означает сходимость по упорядочөнию). Такие структуры (в первую очередь регулярные $K$ пространства и булевы алгебры) чаще всего встречаются в функциональном анализе и теории меры. Они естественно возникают в задаче продолжения гомоморфизмов и линейных положительных операций. В Р. p. выполняются следующие два принципа: а) принцип диагонали (если $x_{n m} \stackrel{(o)}{\longrightarrow} x_{n}, x_{n} \stackrel{(o)}{\longrightarrow} x$, то $x_{n m_{n}} \stackrel{(o)}{\longrightarrow} x$ для нек-рой последовательности индексов $m_{n}$ ) и б) принцип счетности типа (всякое бесконечное ограниченное множество содержит счетную часть с теми же гранями). В свою очередь, а) и б)вместе эквивалентны аксиоме регулярности. Примеры Р. p.: всякое $K B$-пространство и, в частности, всякое $L^{p}, \quad 1 \leqslant p&lt;+\infty ;$ булева алгебра $\bmod 0$ измеримых множеств произвольного пространства с конечной счетно аддитивной мерой. Другие известные примеры регулярных булевых алгебр основываются на отрицании Суслина гипотезы.

Лum.: [1] Ка н т о р о в и ч Л. В., В у Л и х Б. З., П и нс к е p A. Г., Функциональный анализ в полуупорядоченных пространствах, М. - J., 1950 . Д. А. Владимиров.</text_orig>
</article>
