<?xml version="1.0" ?>
<article uri="http://libmeta.ru/me/article/1021_REGU" alphabetic_pos="1021">
  <title>РЕГУ ЛЯРНАЯ СХЕМА</title>
  <authors/>
  <pages>
    <start>470</start>
    <end>470</end>
  </pages>
  <literature>
    <literature_orig>Лum.: [1] A b h y a n k a r S h. S h., в кн.: Tp. Международного конгресса математиков (москва - 1966), М., 1968, с. 469481; [2] М а м ф о р д Д., Лекции о кривых на алгебраической поверхности, пер. с англ., М., 1968; [3] Х и р о н а к а Х., &quot;математика&quot;, 1965 , т. 9 , № 6 , c. $2-70 ; 1966$, т. 10 , № 1 , с. $3-89$;№ 2 , с. $3-58$. Танкеев.Т.</literature_orig>
    <unit>
      <title>A b h y a n k a r S h. S h.</title>
      <publication/>
      <year>1966</year>
      <other>М., 1968, с. 469481</other>
    </unit>
    <unit>
      <author>Мамфорд Д.</author>
      <title>Лекции о кривых на алгебраической поверхности</title>
      <publication>пер. с англ., М.</publication>
      <year>1968</year>
      <other/>
    </unit>
    <unit>
      <author>Хиронака Х.</author>
      <title>&quot;математика&quot;</title>
      <publication/>
      <year>1965</year>
      <other>т. 9, № 6, c. $2-70 ; 1966$, т. 10, № 1, с. $3-89$;№ 2, с. $3-58$. Танкеев.Т.</other>
    </unit>
  </literature>
  <formulas_main/>
  <formulas_aux>
    <formula uri="http://libmeta.ru/me/formula/aux/1021_1_REGU">\left(x, G_{X}\right)</formula>
    <formula uri="http://libmeta.ru/me/formula/aux/1021_2_REGU">\widehat{g} x, x</formula>
    <formula uri="http://libmeta.ru/me/formula/aux/1021_3_REGU">x</formula>
    <formula uri="http://libmeta.ru/me/formula/aux/1021_4_REGU">k</formula>
    <formula uri="http://libmeta.ru/me/formula/aux/1021_5_REGU">\omega_{x / k}^{1}</formula>
    <formula uri="http://libmeta.ru/me/formula/aux/1021_6_REGU">(x, \widehat{O} X)</formula>
    <formula uri="http://libmeta.ru/me/formula/aux/1021_7_REGU">\left(x, \widehat{O}_{X}\right)</formula>
    <formula uri="http://libmeta.ru/me/formula/aux/1021_8_REGU">k</formula>
    <formula uri="http://libmeta.ru/me/formula/aux/1021_9_REGU">x \rightarrow S</formula>
    <formula uri="http://libmeta.ru/me/formula/aux/1021_10_REGU">s</formula>
    <formula uri="http://libmeta.ru/me/formula/aux/1021_11_REGU">s</formula>
    <formula uri="http://libmeta.ru/me/formula/aux/1021_12_REGU">s</formula>
    <formula uri="http://libmeta.ru/me/formula/aux/1021_13_REGU">\operatorname{dim} X / S \leqslant 1</formula>
  </formulas_aux>
  <relations n="17">
    <relation uri="http://libmeta.ru/me/relation/1021_1_REGU">
      <rel_text>спектр</rel_text>
      <target>http://libmeta.ru/me/article/105_SPEKT</target>
    </relation>
    <relation uri="http://libmeta.ru/me/relation/1021_2_REGU">
      <rel_text>характеристики</rel_text>
      <target>http://libmeta.ru/me/article/839_HARAKTERISTIK</target>
    </relation>
    <relation uri="http://libmeta.ru/me/relation/1021_3_REGU">
      <rel_text>поля характеристики</rel_text>
      <target>http://libmeta.ru/me/article/840_HARAKTERISTIKA</target>
    </relation>
    <relation uri="http://libmeta.ru/me/relation/1021_4_REGU">
      <rel_text>спектр</rel_text>
      <target>http://libmeta.ru/me/article/105_SPEKT</target>
    </relation>
    <relation uri="http://libmeta.ru/me/relation/1021_5_REGU">
      <rel_text>задача</rel_text>
      <target>http://libmeta.ru/me/article/10_ZAdAch</target>
    </relation>
    <relation uri="http://libmeta.ru/me/relation/1021_6_REGU">
      <rel_text>рациональных функций</rel_text>
      <target>http://libmeta.ru/me/article/1000_RATsIONAL'NAJa</target>
    </relation>
    <relation uri="http://libmeta.ru/me/relation/1021_7_REGU">
      <rel_text>задачей</rel_text>
      <target>http://libmeta.ru/me/article/10_ZAdAch</target>
    </relation>
    <relation uri="http://libmeta.ru/me/relation/1021_8_REGU">
      <rel_text>уравнением</rel_text>
      <target>http://libmeta.ru/me/article/106_URAVNENI</target>
    </relation>
    <relation uri="http://libmeta.ru/me/relation/1021_9_REGU">
      <rel_text>коразмерности</rel_text>
      <target>http://libmeta.ru/me/article/8_KORAZMERNOST</target>
    </relation>
    <relation uri="http://libmeta.ru/me/relation/1021_10_REGU">
      <rel_text>неприводимая</rel_text>
      <target>http://libmeta.ru/me/article/957_NEPRERYVNOST</target>
    </relation>
    <relation uri="http://libmeta.ru/me/relation/1021_11_REGU">
      <rel_text>факториальны</rel_text>
      <target>http://libmeta.ru/me/article/664_FAKTORIZATsI</target>
    </relation>
    <relation uri="http://libmeta.ru/me/relation/1021_12_REGU">
      <rel_text>локальные кольца</rel_text>
      <target>http://libmeta.ru/me/article/455_LOKAL'NOE</target>
    </relation>
    <relation uri="http://libmeta.ru/me/relation/1021_13_REGU">
      <rel_text>Регулярные</rel_text>
      <target>http://libmeta.ru/me/article/1037_REGULJaTO</target>
    </relation>
    <relation uri="http://libmeta.ru/me/relation/1021_14_REGU">
      <rel_text>дифференциалов</rel_text>
      <target>http://libmeta.ru/me/article/252_DIFFEOMORFTsZ</target>
    </relation>
    <relation uri="http://libmeta.ru/me/relation/1021_15_REGU">
      <rel_text>пучок</rel_text>
      <target>http://libmeta.ru/me/article/831_PUChO</target>
    </relation>
    <relation uri="http://libmeta.ru/me/relation/1021_16_REGU">
      <rel_text>регулярно</rel_text>
      <target>http://libmeta.ru/me/article/1037_REGULJaTO</target>
    </relation>
    <relation uri="http://libmeta.ru/me/relation/1021_17_REGU">
      <rel_text>локальное кольцо</rel_text>
      <target>http://libmeta.ru/me/article/455_LOKAL'NOE</target>
    </relation>
  </relations>
  <text>схема $URI[[http://libmeta.ru/me/formula/aux/1021_1_REGU]]/URI$, URI[[http://libmeta.ru/me/relation/1021_17_REGU]]/URI $URI[[http://libmeta.ru/me/formula/aux/1021_2_REGU]]/URI$ любой точки $URI[[http://libmeta.ru/me/formula/aux/1021_3_REGU]]/URI$ к-рой URI[[http://libmeta.ru/me/relation/1021_16_REGU]]/URI. Для схем конечного типа над алгебраически замкнутым полем $URI[[http://libmeta.ru/me/formula/aux/1021_4_REGU]]/URI$ регулярность эквивалентна тому, что URI[[http://libmeta.ru/me/relation/1021_15_REGU]]/URI URI[[http://libmeta.ru/me/relation/1021_14_REGU]]/URI $URI[[http://libmeta.ru/me/formula/aux/1021_5_REGU]]/URI$ локально свободен. URI[[http://libmeta.ru/me/relation/1021_13_REGU]]/URI URI[[http://libmeta.ru/me/relation/1021_12_REGU]]/URI URI[[http://libmeta.ru/me/relation/1021_11_REGU]]/URI, поэтому любая замкнутая приведенная URI[[http://libmeta.ru/me/relation/1021_10_REGU]]/URI подсхема URI[[http://libmeta.ru/me/relation/1021_9_REGU]]/URI 1 на P. с. $URI[[http://libmeta.ru/me/formula/aux/1021_6_REGU]]/URI$ локально задается одним URI[[http://libmeta.ru/me/relation/1021_8_REGU]]/URI (см. [2]). Важной URI[[http://libmeta.ru/me/relation/1021_7_REGU]]/URI является построение P. с. $URI[[http://libmeta.ru/me/formula/aux/1021_7_REGU]]/URI$ с заданным полем $URI[[http://libmeta.ru/me/formula/aux/1021_8_REGU]]/URI$ URI[[http://libmeta.ru/me/relation/1021_6_REGU]]/URI, снабженной собственным морфизмом $URI[[http://libmeta.ru/me/formula/aux/1021_9_REGU]]/URI$ на нек-рую базисную схему $URI[[http://libmeta.ru/me/formula/aux/1021_10_REGU]]/URI$. Эта URI[[http://libmeta.ru/me/relation/1021_5_REGU]]/URI решена в случае, когда $URI[[http://libmeta.ru/me/formula/aux/1021_11_REGU]]/URI$ - URI[[http://libmeta.ru/me/relation/1021_4_REGU]]/URI URI[[http://libmeta.ru/me/relation/1021_3_REGU]]/URI 0 (см. [3]), а для малых размерностей схемы и в сл учае простой URI[[http://libmeta.ru/me/relation/1021_2_REGU]]/URI, а также в случае, когда $URI[[http://libmeta.ru/me/formula/aux/1021_12_REGU]]/URI$ - URI[[http://libmeta.ru/me/relation/1021_1_REGU]]/URI дедекиндовой области и $URI[[http://libmeta.ru/me/formula/aux/1021_13_REGU]]/URI$ (cм. [1]).</text>
  <text_orig>схема $\left(X, G_{X}\right)$, локальное кольцо $\widehat{G} x, x$ любой точки $x$ к-рой регулярно. Для схем конечного типа над алгебраически замкнутым полем $k$ регулярность эквивалентна тому, что пучок дифференциалов $\Omega_{X / k}^{1}$ локально свободен. Регулярные локальные кольца факториальны, поэтому любая замкнутая приведенная неприводимая подсхема коразмерности 1 на P. с. $(X, \widehat{O} X)$ локально задается одним уравнением (см. [2]). Важной задачей является построение P. с. $\left(X, \widehat{O}_{X}\right)$ с заданным полем $K$ рациональных функций, снабженной собственным морфизмом $X \rightarrow S$ на нек-рую базисную схему $S$. Эта задача решена в случае, когда $S$ - спектр поля характеристики 0 (см. [3]), а для малых размерностей схемы и в сл учае простой характеристики, а также в случае, когда $S$ - спектр дедекиндовой области и $\operatorname{dim} X / S \leqslant 1$ (cм. [1]).

Лum.: [1] A b h y a n k a r S h. S h., в кн.: Tp. Международного конгресса математиков (Москва - 1966), М., 1968, с. 469481; [2] М а м ф о р д Д., Лекции о кривых на алгебраической поверхности, пер. с англ., М., 1968; [3] Х и р о н а к а Х., &quot;Математика&quot;, 1965 , т. 9 , № 6 , c. $2-70 ; 1966$, т. 10 , № 1 , с. $3-89$;
№ 2 , с. $3-58$. Танкеев.
Т.</text_orig>
</article>
