<?xml version="1.0" ?>
<article uri="http://libmeta.ru/me/article/1021_KOMPOZITsIONNYJ" alphabetic_pos="1021">
  <title>КОМПОЗИЦИОННЫЙ РЯД</title>
  <authors>
    <author>О. А. Иванова</author>
    <author>Л. А. Скорняков</author>
  </authors>
  <pages>
    <start>507</start>
    <end>508</end>
  </pages>
  <literature>
    <literature_orig>Лит.: [1] К о н П. М., Универсальная алгебра, пер. с англ., М., 1968; [2] К у р о шा А. Г., Лекции по общей алгебре, 2 изд., M., 1973.</literature_orig>
    <unit>
      <author>Кон П. М.</author>
      <title>Универсальная алгебра</title>
      <publication>пер. с англ., М.</publication>
      <year>1968</year>
      <other/>
    </unit>
    <unit>
      <author>Курошा А. Г.</author>
      <title>Лекции по общей алгебре</title>
      <publication>2 изд., M.</publication>
      <year>1973</year>
      <other/>
    </unit>
  </literature>
  <formulas_main>
    <formula uri="http://libmeta.ru/me/formula/main/1021_1_KOMPOZITsIONNYJ">0=a_{0}&lt;a_{1}&lt;\ldots&lt;a_{n}=1</formula>
    <formula uri="http://libmeta.ru/me/formula/main/1021_2_KOMPOZITsIONNYJ">E=G_{0} \subset \ldots \subset G_{k-1} \subset G_{k}=G</formula>
  </formulas_main>
  <formulas_aux>
    <formula uri="http://libmeta.ru/me/formula/aux/1021_1_KOMPOZITsIONNYJ">\left\{a_{0}, a_{1}, \ldots, a_{n}\right\}</formula>
    <formula uri="http://libmeta.ru/me/formula/aux/1021_2_KOMPOZITsIONNYJ">\left[a_{i}, a_{i+1}\right]</formula>
    <formula uri="http://libmeta.ru/me/formula/aux/1021_3_KOMPOZITsIONNYJ">[a, b]</formula>
    <formula uri="http://libmeta.ru/me/formula/aux/1021_4_KOMPOZITsIONNYJ">g</formula>
    <formula uri="http://libmeta.ru/me/formula/aux/1021_5_KOMPOZITsIONNYJ">g_{i-1}, i=1,2, \ldots, k</formula>
    <formula uri="http://libmeta.ru/me/formula/aux/1021_6_KOMPOZITsIONNYJ">g_{i}</formula>
    <formula uri="http://libmeta.ru/me/formula/aux/1021_7_KOMPOZITsIONNYJ">\boldsymbol{r} . \mathbf{p}</formula>
    <formula uri="http://libmeta.ru/me/formula/aux/1021_8_KOMPOZITsIONNYJ">\omega</formula>
  </formulas_aux>
  <relations n="19">
    <relation uri="http://libmeta.ru/me/relation/1021_1_KOMPOZITsIONNYJ">
      <rel_text>Подгрупn</rel_text>
      <target>http://libmeta.ru/me/article/353_PODGRUPP</target>
    </relation>
    <relation uri="http://libmeta.ru/me/relation/1021_2_KOMPOZITsIONNYJ">
      <rel_text>теорема</rel_text>
      <target>http://libmeta.ru/me/article/381_TEORI</target>
    </relation>
    <relation uri="http://libmeta.ru/me/relation/1021_3_KOMPOZITsIONNYJ">
      <rel_text>нормальный ряд</rel_text>
      <target>http://libmeta.ru/me/article/1073_NORMAL'NYJ</target>
    </relation>
    <relation uri="http://libmeta.ru/me/relation/1021_4_KOMPOZITsIONNYJ">
      <rel_text>группами</rel_text>
      <target>http://libmeta.ru/me/article/1207_GRUPІІ</target>
    </relation>
    <relation uri="http://libmeta.ru/me/relation/1021_5_KOMPOZITsIONNYJ">
      <rel_text>факторы</rel_text>
      <target>http://libmeta.ru/me/article/659_FAKTO</target>
    </relation>
    <relation uri="http://libmeta.ru/me/relation/1021_6_KOMPOZITsIONNYJ">
      <rel_text>подгруппы</rel_text>
      <target>http://libmeta.ru/me/article/353_PODGRUPP</target>
    </relation>
    <relation uri="http://libmeta.ru/me/relation/1021_7_KOMPOZITsIONNYJ">
      <rel_text>нормальным делителем</rel_text>
      <target>http://libmeta.ru/me/article/1067_NORMAL'NYJ</target>
    </relation>
    <relation uri="http://libmeta.ru/me/relation/1021_8_KOMPOZITsIONNYJ">
      <rel_text>подгруппа</rel_text>
      <target>http://libmeta.ru/me/article/353_PODGRUPP</target>
    </relation>
    <relation uri="http://libmeta.ru/me/relation/1021_9_KOMPOZITsIONNYJ">
      <rel_text>группы</rel_text>
      <target>http://libmeta.ru/me/article/1207_GRUPІІ</target>
    </relation>
    <relation uri="http://libmeta.ru/me/relation/1021_10_KOMPOZITsIONNYJ">
      <rel_text>нормальный ряд</rel_text>
      <target>http://libmeta.ru/me/article/1073_NORMAL'NYJ</target>
    </relation>
    <relation uri="http://libmeta.ru/me/relation/1021_11_KOMPOZITsIONNYJ">
      <rel_text>нормальными</rel_text>
      <target>http://libmeta.ru/me/article/1034_NORMALIZATO</target>
    </relation>
    <relation uri="http://libmeta.ru/me/relation/1021_12_KOMPOZITsIONNYJ">
      <rel_text>группах</rel_text>
      <target>http://libmeta.ru/me/article/1207_GRUPІІ</target>
    </relation>
    <relation uri="http://libmeta.ru/me/relation/1021_13_KOMPOZITsIONNYJ">
      <rel_text>конгруэнции</rel_text>
      <target>http://libmeta.ru/me/article/1028_KONGRUENTsI</target>
    </relation>
    <relation uri="http://libmeta.ru/me/relation/1021_14_KOMPOZITsIONNYJ">
      <rel_text>конгруэнций</rel_text>
      <target>http://libmeta.ru/me/article/1028_KONGRUENTsI</target>
    </relation>
    <relation uri="http://libmeta.ru/me/relation/1021_15_KOMPOZITsIONNYJ">
      <rel_text>универсальной алгебры</rel_text>
      <target>http://libmeta.ru/me/article/552_UNIVERSAL'NAJa</target>
    </relation>
    <relation uri="http://libmeta.ru/me/relation/1021_16_KOMPOZITsIONNYJ">
      <rel_text>упорядоченного множества</rel_text>
      <target>http://libmeta.ru/me/article/594_UPORJaDOChENNOE</target>
    </relation>
    <relation uri="http://libmeta.ru/me/relation/1021_17_KOMPOZITsIONNYJ">
      <rel_text>интервала</rel_text>
      <target>http://libmeta.ru/me/article/583_INTEGRA</target>
    </relation>
    <relation uri="http://libmeta.ru/me/relation/1021_18_KOMPOZITsIONNYJ">
      <rel_text>интервалами</rel_text>
      <target>http://libmeta.ru/me/article/639_INTERPOLJaTsI</target>
    </relation>
    <relation uri="http://libmeta.ru/me/relation/1021_19_KOMPOZITsIONNYJ">
      <rel_text>интервалы</rel_text>
      <target>http://libmeta.ru/me/article/583_INTEGRA</target>
    </relation>
  </relations>
  <text>конечное подмножество $URI[[http://libmeta.ru/me/formula/aux/1021_1_KOMPOZITsIONNYJ]]/URI$ частично упорядоченного множества с наименьшим әлементом 0 и наибольпим элементом 1 такое, что

\[
URI[[http://libmeta.ru/me/formula/main/1021_1_KOMPOZITsIONNYJ]]/URI
\]

и все URI[[http://libmeta.ru/me/relation/1021_19_KOMPOZITsIONNYJ]]/URI $URI[[http://libmeta.ru/me/formula/aux/1021_2_KOMPOZITsIONNYJ]]/URI$ являются простылии URI[[http://libmeta.ru/me/relation/1021_18_KOMPOZITsIONNYJ]]/URI. Можно говорить также о К. р. любого URI[[http://libmeta.ru/me/relation/1021_17_KOMPOZITsIONNYJ]]/URI $URI[[http://libmeta.ru/me/formula/aux/1021_3_KOMPOZITsIONNYJ]]/URI$ частично URI[[http://libmeta.ru/me/relation/1021_16_KOMPOZITsIONNYJ]]/URI. K. p. существует далеко не всегда.

Под К. р. URI[[http://libmeta.ru/me/relation/1021_15_KOMPOZITsIONNYJ]]/URI понимается К. р. в репетке ее URI[[http://libmeta.ru/me/relation/1021_14_KOMPOZITsIONNYJ]]/URI. Поскольку URI[[http://libmeta.ru/me/relation/1021_13_KOMPOZITsIONNYJ]]/URI в URI[[http://libmeta.ru/me/relation/1021_12_KOMPOZITsIONNYJ]]/URI определяются URI[[http://libmeta.ru/me/relation/1021_11_KOMPOZITsIONNYJ]]/URI подгруппами, К. р. г р у п п ы может быть определен как ее URI[[http://libmeta.ru/me/relation/1021_10_KOMPOZITsIONNYJ]]/URI (см. URI[[http://libmeta.ru/me/relation/1021_1_KOMPOZITsIONNYJ]]/URI ряды), не имеющий отличных от него самого уплотнений (без повторений). Ряд

\[
URI[[http://libmeta.ru/me/formula/main/1021_2_KOMPOZITsIONNYJ]]/URI
\]

будет К. р. URI[[http://libmeta.ru/me/relation/1021_9_KOMPOZITsIONNYJ]]/URI $URI[[http://libmeta.ru/me/formula/aux/1021_4_KOMPOZITsIONNYJ]]/URI$ тогда и только тогда, когда всякая URI[[http://libmeta.ru/me/relation/1021_8_KOMPOZITsIONNYJ]]/URI $URI[[http://libmeta.ru/me/formula/aux/1021_5_KOMPOZITsIONNYJ]]/URI$, является максимальным истинным URI[[http://libmeta.ru/me/relation/1021_7_KOMPOZITsIONNYJ]]/URI URI[[http://libmeta.ru/me/relation/1021_6_KOMPOZITsIONNYJ]]/URI $URI[[http://libmeta.ru/me/formula/aux/1021_6_KOMPOZITsIONNYJ]]/URI$.

Все URI[[http://libmeta.ru/me/relation/1021_5_KOMPOZITsIONNYJ]]/URI К. р. будут простыми URI[[http://libmeta.ru/me/relation/1021_4_KOMPOZITsIONNYJ]]/URI. Всякий URI[[http://libmeta.ru/me/relation/1021_3_KOMPOZITsIONNYJ]]/URI, изоморфный с некоторым К. р., сам будет композиционным. Для К. р. групп имеет место Жордана - Гёльдера URI[[http://libmeta.ru/me/relation/1021_2_KOMPOZITsIONNYJ]]/URI. Аналогично определяются и аналогичными свойствами обладают $URI[[http://libmeta.ru/me/formula/aux/1021_7_KOMPOZITsIONNYJ]]/URI$. колец и, вообще, $URI[[http://libmeta.ru/me/formula/aux/1021_8_KOMPOZITsIONNYJ]]/URI$-грушп (см. [2]).</text>
  <text_orig>конечное подмножество $\left\{a_{0}, a_{1}, \ldots, a_{n}\right\}$ частично упорядоченного множества с наименьшим әлементом 0 и наибольпим элементом 1 такое, что

\[
0=a_{0}&lt;a_{1}&lt;\ldots&lt;a_{n}=1
\]

и все интервалы $\left[a_{i}, a_{i+1}\right]$ являются простылии интервалами. Можно говорить также о К. р. любого интервала $[a, b]$ частично упорядоченного множества. K. p. существует далеко не всегда.

Под К. р. универсальной алгебры понимается К. р. в репетке ее конгруэнций. Поскольку конгруэнции в группах определяются нормальными подгруппами, К. р. г р у п п ы может быть определен как ее нормальный ряд (см. Подгрупn ряды), не имеющий отличных от него самого уплотнений (без повторений). Ряд

\[
E=G_{0} \subset \ldots \subset G_{k-1} \subset G_{k}=G
\]

будет К. р. группы $G$ тогда и только тогда, когда всякая подгруппа $G_{i-1}, i=1,2, \ldots, k$, является максимальным истинным нормальным делителем подгруппы $G_{i}$.

Все факторы К. р. будут простыми группами. Всякий нормальный ряд, изоморфный с некоторым К. р., сам будет композиционным. ДЛя К. р. групп имеет место Жордана - Гёльдера теорема. Аналогично определяются и аналогичными свойствами обладают $\boldsymbol{R} . \mathbf{p}$. колец и, вообще, $\Omega$-грушп (см. [2]).

Лит.: [1] К о н П. М., Универсальная алгебра, пер. с англ., М., 1968; [2] К у р о шा А. Г., Лекции по общей алгебре, 2 изд., M., 1973. О. А. Иванова, Л. А. Скорняков,</text_orig>
</article>
