<?xml version="1.0" ?>
<article uri="http://libmeta.ru/me/article/1022_GIBBSA" alphabetic_pos="1022">
  <title>ГИББСА РАСПРЕДЕЈЕНИЕ</title>
  <authors/>
  <pages>
    <start>479</start>
    <end>480</end>
  </pages>
  <literature>
    <literature_orig>Лит.: [1] $\gamma$ и $\sigma$ б с Д ж. В., Основные принципы статистической механики..., пер. с англ., М., 1946; [2] Х у а н г К., Статистическая механика, пер. с англ., М., 1966; [3] Л е о н т 0в и ч М. А., Статистическая физика, М. - Л., 1944</literature_orig>
    <unit>
      <author>$\gamma$и$\sigma$бс Дж. В.</author>
      <title>Основные принципы статистической механики...</title>
      <publication>пер. с англ., М.</publication>
      <year>1946</year>
      <other/>
    </unit>
    <unit>
      <author>Хуанг К.</author>
      <title>Статистическая механика</title>
      <publication>пер. с англ., М.</publication>
      <year>1966</year>
      <other/>
    </unit>
    <unit>
      <author>Леонт0вич М. А.</author>
      <title>Статистическая физика, М. - Л.</title>
      <publication/>
      <year>1944</year>
      <other/>
    </unit>
  </literature>
  <formulas_main>
    <formula uri="http://libmeta.ru/me/formula/main/1022_1_GIBBSA">\hat{H} \psi_{n}(x)=E_{n} \psi_{n}(x),</formula>
    <formula uri="http://libmeta.ru/me/formula/main/1022_2_GIBBSA">\left(x|\rho| x^{\prime}\right)=\sum_{n} w_{n} \psi_{n}^{*}\left(x^{\prime}\right) \psi_{n}(x)</formula>
    <formula uri="http://libmeta.ru/me/formula/main/1022_3_GIBBSA">\langle F\rangle=\sum_{n} w_{n}\left(\psi_{n}^{*}, \hat{F} \psi_{n}\right)=S p \hat{\rho} \hat{F}</formula>
    <formula uri="http://libmeta.ru/me/formula/main/1022_4_GIBBSA">\Gamma(\mathscr{\wp}, V, a, N)=\sum_{n} \Delta\left(\mathscr{\wp}-E_{n}\right),</formula>
    <formula uri="http://libmeta.ru/me/formula/main/1022_5_GIBBSA">S(£, V, a, N)=\ln \Gamma(\wp, V, a, N) \text {. }</formula>
    <formula uri="http://libmeta.ru/me/formula/main/1022_6_GIBBSA">w_{n}(\theta, V, a, N)=e^{-E_{n^{\prime}} / \theta} / Z,</formula>
    <formula uri="http://libmeta.ru/me/formula/main/1022_7_GIBBSA">Z(\theta, V, a, N)=\sum_{n} e^{-E_{n} / \theta}</formula>
    <formula uri="http://libmeta.ru/me/formula/main/1022_8_GIBBSA">F(\theta, V, a, N)=-\theta \ln Z .</formula>
    <formula uri="http://libmeta.ru/me/formula/main/1022_9_GIBBSA">w_{N n}(\theta, V, a, \mu)=e^{-\left(E_{n}-\mu N\right) / \theta /} Z_{\text {Б }},</formula>
    <formula uri="http://libmeta.ru/me/formula/main/1022_10_GIBBSA">\begin{gathered}Z_{\text {Б }}(\theta, V, a, \mu)=\sum_{N n} e^{-\left(E_{n}-\mu N\right) / \theta}= \\=\sum_{N=0}^{\infty} e^{\mu N / \theta} Z\left(\theta, I^{r}, a . N\right),\end{gathered}</formula>
    <formula uri="http://libmeta.ru/me/formula/main/1022_11_GIBBSA">\Omega(\theta, V, a, \mu)=-\theta \ln Z_{\mathrm{Б}} .</formula>
    <formula uri="http://libmeta.ru/me/formula/main/1022_12_GIBBSA">Z=\frac{1}{N !} \int \frac{e^{-H(p, q) / \theta}}{(2 \pi \hbar)^{3 N}} d p d q .</formula>
  </formulas_main>
  <formulas_aux>
    <formula uri="http://libmeta.ru/me/formula/aux/1022_1_GIBBSA">\psi_{n}</formula>
    <formula uri="http://libmeta.ru/me/formula/aux/1022_2_GIBBSA">n</formula>
    <formula uri="http://libmeta.ru/me/formula/aux/1022_3_GIBBSA">n</formula>
    <formula uri="http://libmeta.ru/me/formula/aux/1022_4_GIBBSA">w_{n}</formula>
    <formula uri="http://libmeta.ru/me/formula/aux/1022_5_GIBBSA">n</formula>
    <formula uri="http://libmeta.ru/me/formula/aux/1022_6_GIBBSA">\psi_{n}</formula>
    <formula uri="http://libmeta.ru/me/formula/aux/1022_7_GIBBSA">w_{n}</formula>
    <formula uri="http://libmeta.ru/me/formula/aux/1022_8_GIBBSA">n</formula>
    <formula uri="http://libmeta.ru/me/formula/aux/1022_9_GIBBSA">x-</formula>
    <formula uri="http://libmeta.ru/me/formula/aux/1022_10_GIBBSA">\gamma</formula>
    <formula uri="http://libmeta.ru/me/formula/aux/1022_11_GIBBSA">w_{n}=w\left(e_{n}, A\right)</formula>
    <formula uri="http://libmeta.ru/me/formula/aux/1022_12_GIBBSA">\boldsymbol{a}-</formula>
    <formula uri="http://libmeta.ru/me/formula/aux/1022_13_GIBBSA">\hat{\rho}</formula>
    <formula uri="http://libmeta.ru/me/formula/aux/1022_14_GIBBSA">\hat{\rho}=w(\hat{h}, A), S p \hat{\rho}=1</formula>
    <formula uri="http://libmeta.ru/me/formula/aux/1022_15_GIBBSA">a</formula>
    <formula uri="http://libmeta.ru/me/formula/aux/1022_16_GIBBSA">г</formula>
    <formula uri="http://libmeta.ru/me/formula/aux/1022_17_GIBBSA">a</formula>
    <formula uri="http://libmeta.ru/me/formula/aux/1022_18_GIBBSA">尺</formula>
    <formula uri="http://libmeta.ru/me/formula/aux/1022_19_GIBBSA">v</formula>
    <formula uri="http://libmeta.ru/me/formula/aux/1022_20_GIBBSA">a</formula>
    <formula uri="http://libmeta.ru/me/formula/aux/1022_21_GIBBSA">n</formula>
    <formula uri="http://libmeta.ru/me/formula/aux/1022_22_GIBBSA">n_{i}</formula>
    <formula uri="http://libmeta.ru/me/formula/aux/1022_23_GIBBSA">\gamma</formula>
    <formula uri="http://libmeta.ru/me/formula/aux/1022_24_GIBBSA">w_{n}(\wp, V, a, N)=\Delta\left(\wp-E_{n}\right) / \Gamma(\wp, V, a, N)</formula>
    <formula uri="http://libmeta.ru/me/formula/aux/1022_25_GIBBSA">\gamma-c</formula>
    <formula uri="http://libmeta.ru/me/formula/aux/1022_26_GIBBSA">\delta_{\mathscr{o}}</formula>
    <formula uri="http://libmeta.ru/me/formula/aux/1022_27_GIBBSA">d</formula>
    <formula uri="http://libmeta.ru/me/formula/aux/1022_28_GIBBSA">\delta E_{n}</formula>
    <formula uri="http://libmeta.ru/me/formula/aux/1022_29_GIBBSA">\gamma</formula>
    <formula uri="http://libmeta.ru/me/formula/aux/1022_30_GIBBSA">\gamma</formula>
    <formula uri="http://libmeta.ru/me/formula/aux/1022_31_GIBBSA">\theta</formula>
    <formula uri="http://libmeta.ru/me/formula/aux/1022_32_GIBBSA">v, a, N</formula>
    <formula uri="http://libmeta.ru/me/formula/aux/1022_33_GIBBSA">a</formula>
    <formula uri="http://libmeta.ru/me/formula/aux/1022_34_GIBBSA">\theta, V, a</formula>
    <formula uri="http://libmeta.ru/me/formula/aux/1022_35_GIBBSA">\mu</formula>
    <formula uri="http://libmeta.ru/me/formula/aux/1022_36_GIBBSA">n</formula>
    <formula uri="http://libmeta.ru/me/formula/aux/1022_37_GIBBSA">n=n(n)</formula>
    <formula uri="http://libmeta.ru/me/formula/aux/1022_38_GIBBSA">n</formula>
    <formula uri="http://libmeta.ru/me/formula/aux/1022_39_GIBBSA">z_{\text {Б }}</formula>
    <formula uri="http://libmeta.ru/me/formula/aux/1022_40_GIBBSA">\omega=-p V(p-</formula>
    <formula uri="http://libmeta.ru/me/formula/aux/1022_41_GIBBSA">г</formula>
    <formula uri="http://libmeta.ru/me/formula/aux/1022_42_GIBBSA">\gamma, Z</formula>
    <formula uri="http://libmeta.ru/me/formula/aux/1022_43_GIBBSA">z_{б}-</formula>
    <formula uri="http://libmeta.ru/me/formula/aux/1022_44_GIBBSA">n \rightarrow \infty, V / \Delta=</formula>
    <formula uri="http://libmeta.ru/me/formula/aux/1022_45_GIBBSA">\gamma</formula>
    <formula uri="http://libmeta.ru/me/formula/aux/1022_46_GIBBSA">n</formula>
    <formula uri="http://libmeta.ru/me/formula/aux/1022_47_GIBBSA">a</formula>
    <formula uri="http://libmeta.ru/me/formula/aux/1022_48_GIBBSA">\theta</formula>
    <formula uri="http://libmeta.ru/me/formula/aux/1022_49_GIBBSA">\mu</formula>
    <formula uri="http://libmeta.ru/me/formula/aux/1022_50_GIBBSA">n</formula>
    <formula uri="http://libmeta.ru/me/formula/aux/1022_51_GIBBSA">a</formula>
    <formula uri="http://libmeta.ru/me/formula/aux/1022_52_GIBBSA">\theta</formula>
    <formula uri="http://libmeta.ru/me/formula/aux/1022_53_GIBBSA">n</formula>
    <formula uri="http://libmeta.ru/me/formula/aux/1022_54_GIBBSA">n</formula>
    <formula uri="http://libmeta.ru/me/formula/aux/1022_55_GIBBSA">n=(q, p)=</formula>
    <formula uri="http://libmeta.ru/me/formula/aux/1022_56_GIBBSA">=\left(\boldsymbol{r}_{1}, \ldots, \boldsymbol{r}_{N}, \boldsymbol{p}_{1}, \ldots, \boldsymbol{p}_{N}\right)</formula>
    <formula uri="http://libmeta.ru/me/formula/aux/1022_57_GIBBSA">h=h(q, p)</formula>
    <formula uri="http://libmeta.ru/me/formula/aux/1022_58_GIBBSA">w_{q p}(\theta, V, a, N) d p d q=\frac{1}{Z} e^{-H(q, p) / \theta} d p d q / N !(2 \pi \hbar)^{3 N}</formula>
  </formulas_aux>
  <relations n="0"/>
  <text>расп ределение вероятностей обнаружения равновесной статистич. системы в любом из ее стационарных микроскопич. состояний. Последние обычно задаются как чистые квантовомеханич. состояния, определяемые решением $URI[[http://libmeta.ru/me/formula/aux/1022_1_GIBBSA]]/URI$ стационарного Iiiрёдингера уравнения

\[
URI[[http://libmeta.ru/me/formula/main/1022_1_GIBBSA]]/URI
\]

где $URI[[http://libmeta.ru/me/formula/aux/1022_2_GIBBSA]]/URI$ - полный набор квантовых чисел, фиксирующих каждое из этих состояний. Сопоставление каждому состоянию $URI[[http://libmeta.ru/me/formula/aux/1022_3_GIBBSA]]/URI$ вероятности $URI[[http://libmeta.ru/me/formula/aux/1022_4_GIBBSA]]/URI$ обнаружения системы в әтом состоянии (для непрерывного спектра величин $URI[[http://libmeta.ru/me/formula/aux/1022_5_GIBBSA]]/URI$ - плотности вероятности) полностью определяет, вместе с набором функций $URI[[http://libmeta.ru/me/formula/aux/1022_6_GIBBSA]]/URI$, так наз. смешанное квантовомеханич. состояние. Для такого состояния наблюдаемые величины определяются как средние по распределению $URI[[http://libmeta.ru/me/formula/aux/1022_7_GIBBSA]]/URI$ от квантовомеханич. средних для каждого чистого состояния $URI[[http://libmeta.ru/me/formula/aux/1022_8_GIBBSA]]/URI$. Смешанное состояние полностью характеризуется статистич. оператором Неймана (матрицей плотности), к-рый в $URI[[http://libmeta.ru/me/formula/aux/1022_9_GIBBSA]]/URI$ представлении имеет вид

\[
URI[[http://libmeta.ru/me/formula/main/1022_2_GIBBSA]]/URI
\]

Наблюдаемые средние определяются как

\[
URI[[http://libmeta.ru/me/formula/main/1022_3_GIBBSA]]/URI
\]

В случае Г. р. смешанное состояние соответствует равновесному термодинамич. состоянию системы. Так как $URI[[http://libmeta.ru/me/formula/aux/1022_10_GIBBSA]]/URI$. р. имеют структуру $URI[[http://libmeta.ru/me/formula/aux/1022_11_GIBBSA]]/URI$, где $URI[[http://libmeta.ru/me/formula/aux/1022_12_GIBBSA]]/URI$ совокупность термодинамич. параметров, фиксирующих микроскопич. состояние системы, то соответствующие им операторы $URI[[http://libmeta.ru/me/formula/aux/1022_13_GIBBSA]]/URI$ выражаются непосредственно через оператор Гамильтона, $URI[[http://libmeta.ru/me/formula/aux/1022_14_GIBBSA]]/URI$. В зависимости от выбора параметров $URI[[http://libmeta.ru/me/formula/aux/1022_15_GIBBSA]]/URI$ возможны различные формы Г. р., из к-рых наиболее распространены следующие.

М и к р о к а нони ч е с к о е $URI[[http://libmeta.ru/me/formula/aux/1022_16_GIBBSA]]/URI$. р. Параметры $URI[[http://libmeta.ru/me/formula/aux/1022_17_GIBBSA]]/URI$ характеризуют состояние изолированной системы и включают энергию $URI[[http://libmeta.ru/me/formula/aux/1022_18_GIBBSA]]/URI$, объем $URI[[http://libmeta.ru/me/formula/aux/1022_19_GIBBSA]]/URI$, внешние поля $URI[[http://libmeta.ru/me/formula/aux/1022_20_GIBBSA]]/URI$ и число частиц $URI[[http://libmeta.ru/me/formula/aux/1022_21_GIBBSA]]/URI$ (в случае многокомпонентной системы - coвокупность чисел $URI[[http://libmeta.ru/me/formula/aux/1022_22_GIBBSA]]/URI$ ). В этом случае $URI[[http://libmeta.ru/me/formula/aux/1022_23_GIBBSA]]/URI$. р. имеет вид $URI[[http://libmeta.ru/me/formula/aux/1022_24_GIBBSA]]/URI$, где $URI[[http://libmeta.ru/me/formula/aux/1022_25_GIBBSA]]/URI$ т а т и с т и ч с к и й в е с, определяющий нормировку распределения и равный

\[
URI[[http://libmeta.ru/me/formula/main/1022_4_GIBBSA]]/URI
\]

причем сумма (или пнтеграл) берется по всем различным состояниям системы вне зависимости от их вырож-

![](https://cdn.mathpix.com/cropped/2023_07_08_61cfc1ef78c1a746a184g-1.jpg?height=40&amp;width=834&amp;top_left_y=2220&amp;top_left_x=987)

![](https://cdn.mathpix.com/cropped/2023_07_08_61cfc1ef78c1a746a184g-1.jpg?height=37&amp;width=831&amp;top_left_y=2249&amp;top_left_x=989)
значения ㅇ, и нулю в противном случае. Ширина $URI[[http://libmeta.ru/me/formula/aux/1022_26_GIBBSA]]/URI$ должна быть значительно меньше макроскопических бесконечно малых изменений энергии $URI[[http://libmeta.ru/me/formula/aux/1022_27_GIBBSA]]/URI$ 尺, но не меныше интервала между уровнями энергии $URI[[http://libmeta.ru/me/formula/aux/1022_28_GIBBSA]]/URI$. Статистич. вес $URI[[http://libmeta.ru/me/formula/aux/1022_29_GIBBSA]]/URI$ определяет число микроскопич. способов, к-рыми может осуществляться данное макроскопич. состояние I к-рые предполагаются равновероятными; он связан с энтропией системы выражением

\[
URI[[http://libmeta.ru/me/formula/main/1022_5_GIBBSA]]/URI
\]

К а н о ни ч е с к о е $URI[[http://libmeta.ru/me/formula/aux/1022_30_GIBBSA]]/URI$. р. Макроканонич. состояние системы фиксируется температурой $URI[[http://libmeta.ru/me/formula/aux/1022_31_GIBBSA]]/URI$ и величинами $URI[[http://libmeta.ru/me/formula/aux/1022_32_GIBBSA]]/URI$ (система «в термостате»); с точки зрения приложений это наиболее удобный способ задания термодинамич. состояния. Канонич. Г. р. имеет вид

\[
URI[[http://libmeta.ru/me/formula/main/1022_6_GIBBSA]]/URI
\]

тде Z - с т а т іл с т іi ч е с к а я с у м м а (илисумма состояний)

\[
URI[[http://libmeta.ru/me/formula/main/1022_7_GIBBSA]]/URI
\]

непосредственно связана со свободной энергией системы выражением

\[
URI[[http://libmeta.ru/me/formula/main/1022_8_GIBBSA]]/URI
\]

Б о льш о е к а н о ни ч е с к о е Г. р. Параметры $URI[[http://libmeta.ru/me/formula/aux/1022_33_GIBBSA]]/URI$ фиксируют состояние системы в термостате, ограниченном воображаемыми стенками, свободно пропускающими частицы. Это $URI[[http://libmeta.ru/me/formula/aux/1022_34_GIBBSA]]/URI$ и химич. потенциал $URI[[http://libmeta.ru/me/formula/aux/1022_35_GIBBSA]]/URI$ (в случае многокомпонентной системы - несколько химич. потенциалов). Г. р. по микроскогич. состояниям, определяемым числом частиц $URI[[http://libmeta.ru/me/formula/aux/1022_36_GIBBSA]]/URI$ и квантовыми числами $URI[[http://libmeta.ru/me/formula/aux/1022_37_GIBBSA]]/URI$ системы $URI[[http://libmeta.ru/me/formula/aux/1022_38_GIBBSA]]/URI$ тел, имеет вид

\[
URI[[http://libmeta.ru/me/formula/main/1022_9_GIBBSA]]/URI
\]

где $URI[[http://libmeta.ru/me/formula/aux/1022_39_GIBBSA]]/URI$ большая сумма с остояний

\[
URI[[http://libmeta.ru/me/formula/main/1022_10_GIBBSA]]/URI
\]

опрсделяющая нормировку этого распределения, связана с термодинамич. потенциалом $URI[[http://libmeta.ru/me/formula/aux/1022_40_GIBBSA]]/URI$ давление) соотношением

\[
URI[[http://libmeta.ru/me/formula/main/1022_11_GIBBSA]]/URI
\]

Использование какого-либо $URI[[http://libmeta.ru/me/formula/aux/1022_41_GIBBSA]]/URI$. р. позволяет на основе микроскопич. задания статистич. системы рассчитать характерные для нее макроскопич. средние, дисперсии к т. д., а при помощи нормировочных сумм $URI[[http://libmeta.ru/me/formula/aux/1022_42_GIBBSA]]/URI$ или $URI[[http://libmeta.ru/me/formula/aux/1022_43_GIBBSA]]/URI$ определить все термодинамич. характеристикі равновесной системы. Выбор того или иного Г. р. производится из соображений удобства. В статистическом предельном случае $URI[[http://libmeta.ru/me/formula/aux/1022_44_GIBBSA]]/URI$ const, получаемые при помощи $URI[[http://libmeta.ru/me/formula/aux/1022_45_GIBBSA]]/URI$. р. результаты (выраженные в одних и тех же переменных) в главных асимптотиках по $URI[[http://libmeta.ru/me/formula/aux/1022_46_GIBBSA]]/URI$ одинаковы. А так как метод Гиббса гарантирует только такие асимптотики, то все варианты Г. р. оказываются идентичными. Микроканонич. Г. р. используется в основном применительно к общим вопросам статистич. механики (параметры $URI[[http://libmeta.ru/me/formula/aux/1022_47_GIBBSA]]/URI$ не включают специфичных термодинамич. величин типа $URI[[http://libmeta.ru/me/formula/aux/1022_48_GIBBSA]]/URI$, $URI[[http://libmeta.ru/me/formula/aux/1022_49_GIBBSA]]/URI$ Ii т. п.), канонич. Г. р.- главным образом при рассмотрении классич. систем, большое канонич. Г. р. - при исследованиях квантовых систем, когда фиксация точного числа $URI[[http://libmeta.ru/me/formula/aux/1022_50_GIBBSA]]/URI$ по технич. соображениям неудобна.

При определенных значениях параметров $URI[[http://libmeta.ru/me/formula/aux/1022_51_GIBBSA]]/URI$, связываемых обычно с повышением $URI[[http://libmeta.ru/me/formula/aux/1022_52_GIBBSA]]/URI$ (при фиксированных остальных параметрах) сверх определенной температуры вырождения (имеющей разные значения для каждого вида микроскопич. движения), общие Г. р. переходят в квазиклассические (по отношению к переменным, для к-рых связанное с их изменением движение невырож- дено). В случае невырожденной системы $URI[[http://libmeta.ru/me/formula/aux/1022_53_GIBBSA]]/URI$ частиц, когда микроскопич. движение представляется как классич. движение $URI[[http://libmeta.ru/me/formula/aux/1022_54_GIBBSA]]/URI$ материальных точек, микроскопич. состояние задается фазовой точкой $URI[[http://libmeta.ru/me/formula/aux/1022_55_GIBBSA]]/URI$ $URI[[http://libmeta.ru/me/formula/aux/1022_56_GIBBSA]]/URI$, энергия определяется классич. гамильтонианом $URI[[http://libmeta.ru/me/formula/aux/1022_57_GIBBSA]]/URI$, а канонич. Г. р. имеет вид

$URI[[http://libmeta.ru/me/formula/aux/1022_58_GIBBSA]]/URI$, где классич. Iнтеграл состояний (квазиклассич. предел статистич. суммы) равен

\[
URI[[http://libmeta.ru/me/formula/main/1022_12_GIBBSA]]/URI
\]

Г. р. введены Дж. Гиббсом (j. Gibbs, 1902).</text>
  <text_orig>расп ределение вероятностей обнаружения равновесной статистич. системы в любом из ее стационарных микроскопич. состояний. Последние обычно задаются как чистые квантовомеханич. состояния, определяемые решением $\psi_{n}$ стационарного IIIрёдингера уравнения

\[
\hat{H} \psi_{n}(x)=E_{n} \psi_{n}(x),
\]

где $n$ - полный набор квантовых чисел, фиксирующих каждое из этих состояний. Сопоставление каждому состоянию $n$ вероятности $w_{n}$ обнаружения системы в әтом состоянии (для непрерывного спектра величин $n$ - плотности вероятности) полностью определяет, вместе с набором функций $\psi_{n}$, так наз. смешанное квантовомеханич. состояние. Для такого состояния наблюдаемые величины определяются как средние по распределению $w_{n}$ от квантовомеханич. средних для каждого чистого состояния $n$. Смешанное состояние полностью характеризуется статистич. оператором Неймана (матрицей плотности), к-рый в $x-$ представлении имеет вид

\[
\left(x|\rho| x^{\prime}\right)=\sum_{n} w_{n} \psi_{n}^{*}\left(x^{\prime}\right) \psi_{n}(x)
\]

Наблюдаемые средние определяются как

\[
\langle F\rangle=\sum_{n} w_{n}\left(\psi_{n}^{*}, \hat{F} \psi_{n}\right)=S p \hat{\rho} \hat{F}
\]

В случае Г. р. смешанное состояние соответствует равновесному термодинамич. состоянию системы. Так как $\Gamma$. р. имеют структуру $w_{n}=w\left(E_{n}, A\right)$, где $\boldsymbol{A}-$ совокупность термодинамич. параметров, фиксирующих микроскопич. состояние системы, то соответствующие им операторы $\hat{\rho}$ выражаются непосредственно через оператор Гамильтона, $\hat{\rho}=w(\hat{H}, A), S p \hat{\rho}=1$. В зависимости от выбора параметров $A$ возможны различные формы Г. р., из к-рых наиболее распространены следующие.

М и к р о к а нони ч е с к о е $Г$. р. Параметры $A$ характеризуют состояние изолированной системы и включают энергию $尺$, объем $V$, внешние поля $a$ и число частиц $N$ (в случае многокомпонентной системы - coвокупность чисел $N_{i}$ ). В этом случае $\Gamma$. р. имеет вид $w_{n}(\wp, V, a, N)=\Delta\left(\wp-E_{n}\right) / \Gamma(\wp, V, a, N)$, где $\Gamma-c$ т а т и с т и ч с к и й в е с, определяющий нормировку распределения и равный

\[
\Gamma(\mathscr{\wp}, V, a, N)=\sum_{n} \Delta\left(\mathscr{\wp}-E_{n}\right),
\]

причем сумма (или пнтеграл) берется по всем различным состояниям системы вне зависимости от их вырож-

![](https://cdn.mathpix.com/cropped/2023_07_08_61cfc1ef78c1a746a184g-1.jpg?height=40&amp;width=834&amp;top_left_y=2220&amp;top_left_x=987)

![](https://cdn.mathpix.com/cropped/2023_07_08_61cfc1ef78c1a746a184g-1.jpg?height=37&amp;width=831&amp;top_left_y=2249&amp;top_left_x=989)
значения ㅇ, и нулю в противном случае. Ширина $\delta_{\mathscr{O}}$ должна быть значительно меньше макроскопических бесконечно малых изменений энергии $d$ 尺, но не меныше интервала между уровнями энергии $\Delta E_{n}$. Статистич. вес $\Gamma$ определяет число микроскопич. способов, к-рыми может осуществляться данное макроскопич. состояние I к-рые предполагаются равновероятными; он связан с энтропией системы выражением

\[
S(£, V, a, N)=\ln \Gamma(\wp, V, a, N) \text {. }
\]

К а н о ни ч е с к о е $\Gamma$. р. Макроканонич. состояние системы фиксируется температурой $\theta$ и величинами $V, a, N$ (система «в термостате»); с точки зрения приложений это наиболее удобный способ задания термодинамич. состояния. Канонич. Г. р. имеет вид

\[
w_{n}(\theta, V, a, N)=e^{-E_{n^{\prime}} / \theta} / Z,
\]

тде Z - с т а т іл с т іI ч е с к а я с у м м а (илисумма состояний)

\[
Z(\theta, V, a, N)=\sum_{n} e^{-E_{n} / \theta}
\]

непосредственно связана со свободной энергией системы выражением

\[
F(\theta, V, a, N)=-\theta \ln Z .
\]

Б о льш о е к а н о ни ч е с к о е Г. р. Параметры $A$ фиксируют состояние системы в термостате, ограниченном воображаемыми стенками, свободно пропускающими частицы. Это $\theta, V, a$ и химич. потенциал $\mu$ (в случае многокомпонентной системы - несколько химич. потенциалов). Г. р. по микроскогич. состояниям, определяемым числом частиц $N$ и квантовыми числами $n=n(N)$ системы $N$ тел, имеет вид

\[
w_{N n}(\theta, V, a, \mu)=e^{-\left(E_{n}-\mu N\right) / \theta /} Z_{\text {Б }},
\]

где $Z_{\text {Б }}$ большая сумма с остояний

\[
\begin{gathered}
Z_{\text {Б }}(\theta, V, a, \mu)=\sum_{N n} e^{-\left(E_{n}-\mu N\right) / \theta}= \\
=\sum_{N=0}^{\infty} e^{\mu N / \theta} Z\left(\theta, I^{r}, a . N\right),
\end{gathered}
\]

опрсделяющая нормировку этого распределения, связана с термодинамич. потенциалом $\Omega=-p V(p-$ давление) соотношением

\[
\Omega(\theta, V, a, \mu)=-\theta \ln Z_{\mathrm{Б}} .
\]

Использование какого-либо $Г$. р. позволяет на основе микроскопич. задания статистич. системы рассчитать характерные для нее макроскопич. средние, дисперсии к т. д., а при помощи нормировочных сумм $\Gamma, Z$ или $Z_{Б}-$ определить все термодинамич. характеристикі равновесной системы. Выбор того или иного Г. р. производится из соображений удобства. В статистическом предельном случае $N \rightarrow \infty, V / \Delta=$ const, получаемые при помощи $\Gamma$. р. результаты (выраженные в одних и тех же переменных) в главных асимптотиках по $N$ одинаковы. А так как метод Гиббса гарантирует только такие асимптотики, то все варианты Г. р. оказываются идентичными. Микроканонич. Г. р. используется в основном применительно к общим вопросам статистич. механики (параметры $A$ не включают специфичных термодинамич. величин типа $\theta$, $\mu$ II т. п.), канонич. Г. р.- главным образом при рассмотрении классич. систем, большое канонич. Г. р. - при исследованиях квантовых систем, когда фиксация точного числа $N$ по технич. соображениям неудобна.

При определенных значениях параметров $A$, связываемых обычно с повышением $\theta$ (при фиксированных остальных параметрах) сверх определенной температуры вырождения (имеющей разные значения для каждого вида микроскопич. движения), общие Г. р. переходят в квазиклассические (по отношению к переменным, для к-рых связанное с их изменением движение невырож- дено). В случае невырожденной системы $N$ частиц, когда микроскопич. движение представляется как классич. движение $N$ материальных точек, микроскопич. состояние задается фазовой точкой $n=(q, p)=$ $=\left(\boldsymbol{r}_{1}, \ldots, \boldsymbol{r}_{N}, \boldsymbol{p}_{1}, \ldots, \boldsymbol{p}_{N}\right)$, энергия определяется классич. гамильтонианом $H=H(q, p)$, а канонич. Г. р. имеет вид

$w_{q p}(\theta, V, a, N) d p d q=\frac{1}{Z} e^{-H(q, p) / \theta} d p d q / N !(2 \pi \hbar)^{3 N}$, где классич. Iнтеграл состояний (квазиклассич. предел статистич. суммы) равен

\[
Z=\frac{1}{N !} \int \frac{e^{-H(p, q) / \theta}}{(2 \pi \hbar)^{3 N}} d p d q .
\]

Г. р. введены Дж. Гиббсом (J. Gibbs, 1902).

Лит.: [1] $\Gamma$ и $\sigma$ б с Д ж. В., Основные принципы статистической механики..., пер. с англ., М., 1946; [2] Х у а н г К., Статистическая механика, пер. с англ., М., 1966; [3] Л е о н т 0в и ч М. А., Статистическая физика, М. - Л., 1944</text_orig>
</article>
