<?xml version="1.0" ?>
<article uri="http://libmeta.ru/me/article/1022_KOMPOZitsI" alphabetic_pos="1022">
  <title>КОМПОЗицИЯ</title>
  <authors/>
  <pages>
    <start>508</start>
    <end>508</end>
  </pages>
  <literature>
    <literature_orig/>
  </literature>
  <formulas_main/>
  <formulas_aux>
    <formula uri="http://libmeta.ru/me/formula/aux/1022_1_KOMPOZitsI">f(x)</formula>
    <formula uri="http://libmeta.ru/me/formula/aux/1022_2_KOMPOZitsI">g(x)</formula>
    <formula uri="http://libmeta.ru/me/formula/aux/1022_3_KOMPOZitsI">h(x)=f[g(x)]</formula>
  </formulas_aux>
  <relations n="5">
    <relation uri="http://libmeta.ru/me/relation/1022_1_KOMPOZitsI">
      <rel_text>теории</rel_text>
      <target>http://libmeta.ru/me/article/381_TEORI</target>
    </relation>
    <relation uri="http://libmeta.ru/me/relation/1022_2_KOMPOZitsI">
      <rel_text>Функция</rel_text>
      <target>http://libmeta.ru/me/article/790_FUNKTO</target>
    </relation>
    <relation uri="http://libmeta.ru/me/relation/1022_3_KOMPOZitsI">
      <rel_text>функций</rel_text>
      <target>http://libmeta.ru/me/article/790_FUNKTO</target>
    </relation>
    <relation uri="http://libmeta.ru/me/relation/1022_4_KOMPOZitsI">
      <rel_text>суперпозицией</rel_text>
      <target>http://libmeta.ru/me/article/301_SUPERALGEBR</target>
    </relation>
    <relation uri="http://libmeta.ru/me/relation/1022_5_KOMPOZitsI">
      <rel_text>операция</rel_text>
      <target>http://libmeta.ru/me/article/15_OPERAN</target>
    </relation>
  </relations>
  <text>бинарная алеебраическая URI[[http://libmeta.ru/me/relation/1022_5_KOMPOZitsI]]/URI. Напр., К. (или URI[[http://libmeta.ru/me/relation/1022_4_KOMPOZitsI]]/URI) двух URI[[http://libmeta.ru/me/relation/1022_3_KOMPOZitsI]]/URI $URI[[http://libmeta.ru/me/formula/aux/1022_1_KOMPOZitsI]]/URI$ и $URI[[http://libmeta.ru/me/formula/aux/1022_2_KOMPOZitsI]]/URI$ наз. URI[[http://libmeta.ru/me/relation/1022_2_KOMPOZitsI]]/URI $URI[[http://libmeta.ru/me/formula/aux/1022_3_KOMPOZitsI]]/URI$. О К. в URI[[http://libmeta.ru/me/relation/1022_1_KOMPOZitsI]]/URI вероятностей см. Свертка.</text>
  <text_orig>бинарная алеебраическая операция. Напр., К. (или суперпозицией) двух функций $f(x)$ и $g(x)$ наз. Функция $h(x)=f[g(x)]$. О К. в теории вероятностей см. Свертка.</text_orig>
</article>
