<?xml version="1.0" ?>
<article uri="http://libmeta.ru/me/article/1022_NIKOL'SKOGO" alphabetic_pos="1022">
  <title>НИКОЛЬСКОГО ПРОСТРАНСТВО</title>
  <authors/>
  <pages>
    <start>519</start>
    <end>521</end>
  </pages>
  <literature>
    <literature_orig>Лит.: [1] Н и к о л в с к и й С. М., “тр. Матем. ин-та Ah Cccp》, 1951 , т. 38, c. 244-78; [2] е г о Ж е, &quot;матем. сб.», 1953 , т. 33 , №2, с. $261-326$; [3] е г о же, &quot;докл. Ан Ссcp&quot;, 1958, т. $118, \mathrm{~N} 1$, c. $35-37 ;[4]$ e r о ж е, Приближение функ-![](https://cdn.mathpix.com/cropped/2023_07_08_25c38a661f0d9049ebceg-1.jpg?height=42&amp;width=826&amp;top_left_y=351&amp;top_left_x=123)С. М., Интегральные представления функций и теоремы вложения, М., 1975; [6] Н и к о ли с к и й С. М., &quot;докл. АнСсср&quot;, 1953 , т. 88, в. 3, с. $409-11$.</literature_orig>
    <unit>
      <author>Николвский С. М.</author>
      <title>“тр. Матем. ин-та Ah Cccp》</title>
      <publication/>
      <year>1951</year>
      <other>т. 38, c. 244-78</other>
    </unit>
    <unit>
      <title>е г о Ж е, &quot;матем. сб.»</title>
      <publication/>
      <year>1953</year>
      <other>т. 33, №2, с. $261-326$</other>
    </unit>
    <unit>
      <title>е г о же, &quot;докл. Ан Ссcp&quot;</title>
      <publication/>
      <year>1958</year>
      <other>т. $118, \mathrm{~N} 1$, c. $35-37</other>
    </unit>
    <unit>
      <title>$ e r о ж е</title>
      <publication/>
      <year>2023</year>
      <other>Интегральные представления функций и теоремы вложения, М., 1975; [6] Н и к о ли с к и й С. М., &quot;докл. АнСсср&quot;, 1953, т. 88, в. 3, с. $409-11$.</other>
    </unit>
  </literature>
  <formulas_main>
    <formula uri="http://libmeta.ru/me/formula/main/1022_1_NIKOL'SKOGO">f \in H_{p}^{r}\left(M_{1}, \ldots, M_{n} ; \Omega\right), M_{i}&gt;0,</formula>
    <formula uri="http://libmeta.ru/me/formula/main/1022_2_NIKOL'SKOGO">f_{x_{i}}^{\left(r_{i}^{*}\right)}=\partial^{r_{i}^{*}} / \partial x_{i}^{r_{i}^{*}}</formula>
    <formula uri="http://libmeta.ru/me/formula/main/1022_3_NIKOL'SKOGO">\left\|\Delta_{h_{i}}^{2} f_{x_{i}}^{\left(r_{i}^{*}\right)}\right\|_{L_{p}\left(\Omega_{2 \mid h_{i} i}\right)} \leqslant M_{i}\left|h_{i}\right|,</formula>
    <formula uri="http://libmeta.ru/me/formula/main/1022_4_NIKOL'SKOGO">\left\|\Delta_{h}^{k} f^{(s)}\right\|_{L_{p}\left(\Omega_{k(h)}\right)} \leqslant M|h|^{r-s},</formula>
    <formula uri="http://libmeta.ru/me/formula/main/1022_5_NIKOL'SKOGO">\Omega^{k}(f(s), \delta) \leqslant M \delta^{r-s}, \quad \delta&gt;0,</formula>
    <formula uri="http://libmeta.ru/me/formula/main/1022_6_NIKOL'SKOGO">\|f\| \stackrel{\text { def }}{=}\|f\|_{L_{p}(\Omega)}+M_{f}</formula>
    <formula uri="http://libmeta.ru/me/formula/main/1022_7_NIKOL'SKOGO">E_{v_{1}}, \ldots, v_{n}(f) \leqslant c \sum_{i=1}^{n} \frac{M_{i}}{v_{i}^{r}}</formula>
    <formula uri="http://libmeta.ru/me/formula/main/1022_8_NIKOL'SKOGO">\|f-q\|_{L_{p}\left(\mathbb{R}^{n}\right)} \leqslant c \sum_{i=1}^{n} M_{i}</formula>
    <formula uri="http://libmeta.ru/me/formula/main/1022_9_NIKOL'SKOGO">f-q \in H_{p}^{r_{1}}, \ldots, r_{n}\left(M_{1}^{*}, \ldots, M_{n}^{*} ; \mathbb{R}^{n}\right),</formula>
    <formula uri="http://libmeta.ru/me/formula/main/1022_10_NIKOL'SKOGO">M_{i}^{*}=c_{i} \sum_{j=1}^{n} M_{j}</formula>
  </formulas_main>
  <formulas_aux>
    <formula uri="http://libmeta.ru/me/formula/aux/1022_1_NIKOL'SKOGO">h_{p}^{r}(\omega)</formula>
    <formula uri="http://libmeta.ru/me/formula/aux/1022_2_NIKOL'SKOGO">\omega</formula>
    <formula uri="http://libmeta.ru/me/formula/aux/1022_3_NIKOL'SKOGO">\mathbb{r} n</formula>
    <formula uri="http://libmeta.ru/me/formula/aux/1022_4_NIKOL'SKOGO">r=\left(r_{1}, \ldots, r_{n}\right), r_{i}&gt;0, i=1,2, \ldots, n</formula>
    <formula uri="http://libmeta.ru/me/formula/aux/1022_5_NIKOL'SKOGO">l_{p}, 1 \leqslant p \leqslant+\infty</formula>
    <formula uri="http://libmeta.ru/me/formula/aux/1022_6_NIKOL'SKOGO">h_{p}^{r}(\omega)</formula>
    <formula uri="http://libmeta.ru/me/formula/aux/1022_7_NIKOL'SKOGO">r_{i}^{*}</formula>
    <formula uri="http://libmeta.ru/me/formula/aux/1022_8_NIKOL'SKOGO">x_{i}</formula>
    <formula uri="http://libmeta.ru/me/formula/aux/1022_9_NIKOL'SKOGO">r_{i}=r_{i}^{*}+\alpha_{i}, \quad r_{i}^{*}-</formula>
    <formula uri="http://libmeta.ru/me/formula/aux/1022_10_NIKOL'SKOGO">0&lt;\alpha_{i} \leqslant 1, i=1,2, \ldots, n</formula>
    <formula uri="http://libmeta.ru/me/formula/aux/1022_11_NIKOL'SKOGO">\delta_{h_{i}}^{s}</formula>
    <formula uri="http://libmeta.ru/me/formula/aux/1022_12_NIKOL'SKOGO">s=1,2, \ldots</formula>
    <formula uri="http://libmeta.ru/me/formula/aux/1022_13_NIKOL'SKOGO">h_{i}</formula>
    <formula uri="http://libmeta.ru/me/formula/aux/1022_14_NIKOL'SKOGO">x_{i}</formula>
    <formula uri="http://libmeta.ru/me/formula/aux/1022_15_NIKOL'SKOGO">f</formula>
    <formula uri="http://libmeta.ru/me/formula/aux/1022_16_NIKOL'SKOGO">f</formula>
    <formula uri="http://libmeta.ru/me/formula/aux/1022_17_NIKOL'SKOGO">\omega</formula>
    <formula uri="http://libmeta.ru/me/formula/aux/1022_18_NIKOL'SKOGO">i=1,2, \ldots, n</formula>
    <formula uri="http://libmeta.ru/me/formula/aux/1022_19_NIKOL'SKOGO">0&lt;\alpha_{i}&lt;1</formula>
    <formula uri="http://libmeta.ru/me/formula/aux/1022_20_NIKOL'SKOGO">\alpha=1</formula>
    <formula uri="http://libmeta.ru/me/formula/aux/1022_21_NIKOL'SKOGO">\omega_{\eta}</formula>
    <formula uri="http://libmeta.ru/me/formula/aux/1022_22_NIKOL'SKOGO">x \in \Omega</formula>
    <formula uri="http://libmeta.ru/me/formula/aux/1022_23_NIKOL'SKOGO">\omega</formula>
    <formula uri="http://libmeta.ru/me/formula/aux/1022_24_NIKOL'SKOGO">\eta&gt;0</formula>
    <formula uri="http://libmeta.ru/me/formula/aux/1022_25_NIKOL'SKOGO">h_{i}</formula>
    <formula uri="http://libmeta.ru/me/formula/aux/1022_26_NIKOL'SKOGO">h_{p}^{r}(\omega)=h_{p}^{r_{1}}, \ldots, r_{n}(\Omega)</formula>
    <formula uri="http://libmeta.ru/me/formula/aux/1022_27_NIKOL'SKOGO">h_{p}^{r}\left(m_{1}, \ldots, M_{n} ; \Omega\right)</formula>
    <formula uri="http://libmeta.ru/me/formula/aux/1022_28_NIKOL'SKOGO">\begin{aligned} &amp; M_{i}&gt;0, i=1,2, \ldots, n . \\ &amp; \text { Если } \Omega \neq \varnothing, \text { то при любых } r_{i}&gt;0, i=1,2, \ldots, n,\end{aligned}</formula>
    <formula uri="http://libmeta.ru/me/formula/aux/1022_29_NIKOL'SKOGO">1 \leqslant p \leqslant+\infty</formula>
    <formula uri="http://libmeta.ru/me/formula/aux/1022_30_NIKOL'SKOGO">h_{p}^{r_{1}}, \ldots, r_{n}(\Omega)</formula>
    <formula uri="http://libmeta.ru/me/formula/aux/1022_31_NIKOL'SKOGO">h_{p}^{r_{1}}, \ldots, r_{i-1}, r_{i}+\varepsilon, r_{i}+1, \ldots, r_{n}, \ldots</formula>
    <formula uri="http://libmeta.ru/me/formula/aux/1022_32_NIKOL'SKOGO">\varepsilon&gt;0</formula>
    <formula uri="http://libmeta.ru/me/formula/aux/1022_33_NIKOL'SKOGO">i=1,2, \ldots, n</formula>
    <formula uri="http://libmeta.ru/me/formula/aux/1022_34_NIKOL'SKOGO">p=\infty</formula>
    <formula uri="http://libmeta.ru/me/formula/aux/1022_35_NIKOL'SKOGO">r_{i}</formula>
    <formula uri="http://libmeta.ru/me/formula/aux/1022_36_NIKOL'SKOGO">h_{p}^{r_{1}}, \ldots, r_{k}(\Omega)</formula>
    <formula uri="http://libmeta.ru/me/formula/aux/1022_37_NIKOL'SKOGO">r_{i}^{*}</formula>
    <formula uri="http://libmeta.ru/me/formula/aux/1022_38_NIKOL'SKOGO">h_{p}^{r}(\omega)</formula>
    <formula uri="http://libmeta.ru/me/formula/aux/1022_39_NIKOL'SKOGO">r_{1}=</formula>
    <formula uri="http://libmeta.ru/me/formula/aux/1022_40_NIKOL'SKOGO">=\ldots=r_{n}=r</formula>
    <formula uri="http://libmeta.ru/me/formula/aux/1022_41_NIKOL'SKOGO">\omega</formula>
    <formula uri="http://libmeta.ru/me/formula/aux/1022_42_NIKOL'SKOGO">f</formula>
    <formula uri="http://libmeta.ru/me/formula/aux/1022_43_NIKOL'SKOGO">h_{p}^{r}(\omega)</formula>
    <formula uri="http://libmeta.ru/me/formula/aux/1022_44_NIKOL'SKOGO">\mathbb{r} n</formula>
    <formula uri="http://libmeta.ru/me/formula/aux/1022_45_NIKOL'SKOGO">h_{p}^{r}\left(\mathbb{r}^{n}\right)</formula>
    <formula uri="http://libmeta.ru/me/formula/aux/1022_46_NIKOL'SKOGO">f \in H_{p}^{r}(\Omega)</formula>
    <formula uri="http://libmeta.ru/me/formula/aux/1022_47_NIKOL'SKOGO">k</formula>
    <formula uri="http://libmeta.ru/me/formula/aux/1022_48_NIKOL'SKOGO">s</formula>
    <formula uri="http://libmeta.ru/me/formula/aux/1022_49_NIKOL'SKOGO">0&lt;r-s&lt;k</formula>
    <formula uri="http://libmeta.ru/me/formula/aux/1022_50_NIKOL'SKOGO">f</formula>
    <formula uri="http://libmeta.ru/me/formula/aux/1022_51_NIKOL'SKOGO">f^{(s)}</formula>
    <formula uri="http://libmeta.ru/me/formula/aux/1022_52_NIKOL'SKOGO">s</formula>
    <formula uri="http://libmeta.ru/me/formula/aux/1022_53_NIKOL'SKOGO">m&gt;0</formula>
    <formula uri="http://libmeta.ru/me/formula/aux/1022_54_NIKOL'SKOGO">h=\left(h_{1}, \ldots, h_{n}\right), \quad \Delta_{h}^{k} f^{(s)}-</formula>
    <formula uri="http://libmeta.ru/me/formula/aux/1022_55_NIKOL'SKOGO">k</formula>
    <formula uri="http://libmeta.ru/me/formula/aux/1022_56_NIKOL'SKOGO">h</formula>
    <formula uri="http://libmeta.ru/me/formula/aux/1022_57_NIKOL'SKOGO">f^{(s)}</formula>
    <formula uri="http://libmeta.ru/me/formula/aux/1022_58_NIKOL'SKOGO">f^{(s)}</formula>
    <formula uri="http://libmeta.ru/me/formula/aux/1022_59_NIKOL'SKOGO">m&gt;0</formula>
    <formula uri="http://libmeta.ru/me/formula/aux/1022_60_NIKOL'SKOGO">\omega^{k}\left(f^{(s)}, \delta\right) \stackrel{\text { def f }}{=} \sup _{|h|=1} \sup _{0 \leqslant t \leqslant \delta}\left\|_{t h}^{k} f^{(s)}\right\|_{L_{p}\left(\Omega_{k t}\right)} \leqslant M \delta^{r-s}</formula>
    <formula uri="http://libmeta.ru/me/formula/aux/1022_61_NIKOL'SKOGO">f \in H_{p}^{r}(\Omega)</formula>
    <formula uri="http://libmeta.ru/me/formula/aux/1022_62_NIKOL'SKOGO">m_{f}</formula>
    <formula uri="http://libmeta.ru/me/formula/aux/1022_63_NIKOL'SKOGO">m</formula>
    <formula uri="http://libmeta.ru/me/formula/aux/1022_64_NIKOL'SKOGO">h \in \mathbb{R}^{n}</formula>
    <formula uri="http://libmeta.ru/me/formula/aux/1022_65_NIKOL'SKOGO">s</formula>
    <formula uri="http://libmeta.ru/me/formula/aux/1022_66_NIKOL'SKOGO">h_{p}^{r}(\omega)</formula>
    <formula uri="http://libmeta.ru/me/formula/aux/1022_67_NIKOL'SKOGO">k</formula>
    <formula uri="http://libmeta.ru/me/formula/aux/1022_68_NIKOL'SKOGO">s</formula>
    <formula uri="http://libmeta.ru/me/formula/aux/1022_69_NIKOL'SKOGO">\mathbb{r}^{n}</formula>
    <formula uri="http://libmeta.ru/me/formula/aux/1022_70_NIKOL'SKOGO">e_{v_{1}}, \ldots, v_{n}(f)_{p}</formula>
    <formula uri="http://libmeta.ru/me/formula/aux/1022_71_NIKOL'SKOGO">l_{p}\left(\mathbb{r}^{n}\right)</formula>
    <formula uri="http://libmeta.ru/me/formula/aux/1022_72_NIKOL'SKOGO">f \in L_{p}\left(\mathbb{R}^{n}\right)</formula>
    <formula uri="http://libmeta.ru/me/formula/aux/1022_73_NIKOL'SKOGO">q v_{1} \ldots v_{n}\left(x_{1}, \ldots, x_{n}\right) \in L_{p}\left(\mathbb{R}^{n}\right)</formula>
    <formula uri="http://libmeta.ru/me/formula/aux/1022_74_NIKOL'SKOGO">v_{1}, \ldots, v_{n}</formula>
    <formula uri="http://libmeta.ru/me/formula/aux/1022_75_NIKOL'SKOGO">x_{1}, . ., x_{n}</formula>
    <formula uri="http://libmeta.ru/me/formula/aux/1022_76_NIKOL'SKOGO">f \in H_{p}^{r_{1}}, \ldots, r_{n}\left(M_{1}, \ldots, M_{n} ; \mathbb{R}^{n}\right)</formula>
    <formula uri="http://libmeta.ru/me/formula/aux/1022_77_NIKOL'SKOGO">v_{i}&gt;0</formula>
    <formula uri="http://libmeta.ru/me/formula/aux/1022_78_NIKOL'SKOGO">c&gt;0</formula>
    <formula uri="http://libmeta.ru/me/formula/aux/1022_79_NIKOL'SKOGO">f</formula>
    <formula uri="http://libmeta.ru/me/formula/aux/1022_80_NIKOL'SKOGO">f \in L_{p}\left(\mathbb{R}^{n}\right)</formula>
    <formula uri="http://libmeta.ru/me/formula/aux/1022_81_NIKOL'SKOGO">v_{i}=a_{i}^{k}, k=0,1, \ldots, a_{i}&gt;1, i=1</formula>
    <formula uri="http://libmeta.ru/me/formula/aux/1022_82_NIKOL'SKOGO">2, \ldots, n</formula>
    <formula uri="http://libmeta.ru/me/formula/aux/1022_83_NIKOL'SKOGO">x_{1}, \ldots, x_{n}</formula>
    <formula uri="http://libmeta.ru/me/formula/aux/1022_84_NIKOL'SKOGO">k=0</formula>
    <formula uri="http://libmeta.ru/me/formula/aux/1022_85_NIKOL'SKOGO">c&gt;0</formula>
    <formula uri="http://libmeta.ru/me/formula/aux/1022_86_NIKOL'SKOGO">c_{i}&gt;0</formula>
    <formula uri="http://libmeta.ru/me/formula/aux/1022_87_NIKOL'SKOGO">m_{i}, i=1,2, \ldots, n</formula>
    <formula uri="http://libmeta.ru/me/formula/aux/1022_88_NIKOL'SKOGO">f</formula>
    <formula uri="http://libmeta.ru/me/formula/aux/1022_89_NIKOL'SKOGO">h_{p}^{r_{1}}, \ldots, r_{n}(\Omega)</formula>
    <formula uri="http://libmeta.ru/me/formula/aux/1022_90_NIKOL'SKOGO">u</formula>
    <formula uri="http://libmeta.ru/me/formula/aux/1022_91_NIKOL'SKOGO">h_{p}^{r}(\omega), r&gt;1 / p</formula>
    <formula uri="http://libmeta.ru/me/formula/aux/1022_92_NIKOL'SKOGO">\omega</formula>
    <formula uri="http://libmeta.ru/me/formula/aux/1022_93_NIKOL'SKOGO">\mathbb{r}^{n}</formula>
    <formula uri="http://libmeta.ru/me/formula/aux/1022_94_NIKOL'SKOGO">\partial \Omega</formula>
    <formula uri="http://libmeta.ru/me/formula/aux/1022_95_NIKOL'SKOGO">\left.u\right|_{\partial \Omega}</formula>
    <formula uri="http://libmeta.ru/me/formula/aux/1022_96_NIKOL'SKOGO">h_{p}^{r-1 / p}(\partial \Omega)</formula>
    <formula uri="http://libmeta.ru/me/formula/aux/1022_97_NIKOL'SKOGO">p=2</formula>
    <formula uri="http://libmeta.ru/me/formula/aux/1022_98_NIKOL'SKOGO">\left.\left.u\right|_{\partial \Omega} \in H_{2}^{\rho}(\partial \Omega), \rho&gt;1\right)_{2}</formula>
    <formula uri="http://libmeta.ru/me/formula/aux/1022_99_NIKOL'SKOGO">d(u)</formula>
    <formula uri="http://libmeta.ru/me/formula/aux/1022_100_NIKOL'SKOGO">u</formula>
    <formula uri="http://libmeta.ru/me/formula/aux/1022_101_NIKOL'SKOGO">\omega</formula>
    <formula uri="http://libmeta.ru/me/formula/aux/1022_102_NIKOL'SKOGO">u</formula>
    <formula uri="http://libmeta.ru/me/formula/aux/1022_103_NIKOL'SKOGO">\omega</formula>
    <formula uri="http://libmeta.ru/me/formula/aux/1022_104_NIKOL'SKOGO">u / \partial \Omega \in H_{\mathbf{2}}^{\mathbf{1 / 2}}(\partial \Omega)</formula>
    <formula uri="http://libmeta.ru/me/formula/aux/1022_105_NIKOL'SKOGO">b_{p \theta}^{r_{1}, \ldots, r_{n}}</formula>
  </formulas_aux>
  <relations n="30">
    <relation uri="http://libmeta.ru/me/relation/1022_1_NIKOL'SKOGO">
      <rel_text>Вложения теоремы</rel_text>
      <target>http://libmeta.ru/me/article/744_VLOZhENIJa</target>
    </relation>
    <relation uri="http://libmeta.ru/me/relation/1022_2_NIKOL'SKOGO">
      <rel_text>пространство</rel_text>
      <target>http://libmeta.ru/me/article/748_PROSTRANSTV</target>
    </relation>
    <relation uri="http://libmeta.ru/me/relation/1022_3_NIKOL'SKOGO">
      <rel_text>интеграл</rel_text>
      <target>http://libmeta.ru/me/article/583_INTEGRA</target>
    </relation>
    <relation uri="http://libmeta.ru/me/relation/1022_4_NIKOL'SKOGO">
      <rel_text>функции</rel_text>
      <target>http://libmeta.ru/me/article/790_FUNKTO</target>
    </relation>
    <relation uri="http://libmeta.ru/me/relation/1022_5_NIKOL'SKOGO">
      <rel_text>теорем</rel_text>
      <target>http://libmeta.ru/me/article/381_TEORI</target>
    </relation>
    <relation uri="http://libmeta.ru/me/relation/1022_6_NIKOL'SKOGO">
      <rel_text>задачу</rel_text>
      <target>http://libmeta.ru/me/article/10_ZAdAch</target>
    </relation>
    <relation uri="http://libmeta.ru/me/relation/1022_7_NIKOL'SKOGO">
      <rel_text>функции</rel_text>
      <target>http://libmeta.ru/me/article/790_FUNKTO</target>
    </relation>
    <relation uri="http://libmeta.ru/me/relation/1022_8_NIKOL'SKOGO">
      <rel_text>Дирихле интеграл</rel_text>
      <target>http://libmeta.ru/me/article/201_DIRIHLE</target>
    </relation>
    <relation uri="http://libmeta.ru/me/relation/1022_9_NIKOL'SKOGO">
      <rel_text>границей</rel_text>
      <target>http://libmeta.ru/me/article/1166_GRANISch</target>
    </relation>
    <relation uri="http://libmeta.ru/me/relation/1022_10_NIKOL'SKOGO">
      <rel_text>ограниченная область</rel_text>
      <target>http://libmeta.ru/me/article/1175_ODNORODNAJa</target>
    </relation>
    <relation uri="http://libmeta.ru/me/relation/1022_11_NIKOL'SKOGO">
      <rel_text>функция</rel_text>
      <target>http://libmeta.ru/me/article/790_FUNKTO</target>
    </relation>
    <relation uri="http://libmeta.ru/me/relation/1022_12_NIKOL'SKOGO">
      <rel_text>гармонич</rel_text>
      <target>http://libmeta.ru/me/article/928_GARMONIK</target>
    </relation>
    <relation uri="http://libmeta.ru/me/relation/1022_13_NIKOL'SKOGO">
      <rel_text>функции</rel_text>
      <target>http://libmeta.ru/me/article/790_FUNKTO</target>
    </relation>
    <relation uri="http://libmeta.ru/me/relation/1022_14_NIKOL'SKOGO">
      <rel_text>Дирихле задачи</rel_text>
      <target>http://libmeta.ru/me/article/200_DIRIHLE</target>
    </relation>
    <relation uri="http://libmeta.ru/me/relation/1022_15_NIKOL'SKOGO">
      <rel_text>необходимые и достаточные условия</rel_text>
      <target>http://libmeta.ru/me/article/923_NEOBHODIMYE</target>
    </relation>
    <relation uri="http://libmeta.ru/me/relation/1022_16_NIKOL'SKOGO">
      <rel_text>получить</rel_text>
      <target>http://libmeta.ru/me/article/473_POLUNORM</target>
    </relation>
    <relation uri="http://libmeta.ru/me/relation/1022_17_NIKOL'SKOGO">
      <rel_text>многообразиях</rel_text>
      <target>http://libmeta.ru/me/article/438_MNOGOOBRAZI</target>
    </relation>
    <relation uri="http://libmeta.ru/me/relation/1022_18_NIKOL'SKOGO">
      <rel_text>функций</rel_text>
      <target>http://libmeta.ru/me/article/790_FUNKTO</target>
    </relation>
    <relation uri="http://libmeta.ru/me/relation/1022_19_NIKOL'SKOGO">
      <rel_text>функццй</rel_text>
      <target>http://libmeta.ru/me/article/790_FUNKTO</target>
    </relation>
    <relation uri="http://libmeta.ru/me/relation/1022_20_NIKOL'SKOGO">
      <rel_text>замкнутую систему</rel_text>
      <target>http://libmeta.ru/me/article/424_ZAMKNUTAJa</target>
    </relation>
    <relation uri="http://libmeta.ru/me/relation/1022_21_NIKOL'SKOGO">
      <rel_text>теоремы</rel_text>
      <target>http://libmeta.ru/me/article/381_TEORI</target>
    </relation>
    <relation uri="http://libmeta.ru/me/relation/1022_22_NIKOL'SKOGO">
      <rel_text>функций</rel_text>
      <target>http://libmeta.ru/me/article/790_FUNKTO</target>
    </relation>
    <relation uri="http://libmeta.ru/me/relation/1022_23_NIKOL'SKOGO">
      <rel_text>перенесенные</rel_text>
      <target>http://libmeta.ru/me/article/222_PEREGÓROD</target>
    </relation>
    <relation uri="http://libmeta.ru/me/relation/1022_24_NIKOL'SKOGO">
      <rel_text>Вложения теоремы</rel_text>
      <target>http://libmeta.ru/me/article/744_VLOZhENIJa</target>
    </relation>
    <relation uri="http://libmeta.ru/me/relation/1022_25_NIKOL'SKOGO">
      <rel_text>метрик</rel_text>
      <target>http://libmeta.ru/me/article/652_METRIK</target>
    </relation>
    <relation uri="http://libmeta.ru/me/relation/1022_26_NIKOL'SKOGO">
      <rel_text>теоремы</rel_text>
      <target>http://libmeta.ru/me/article/381_TEORI</target>
    </relation>
    <relation uri="http://libmeta.ru/me/relation/1022_27_NIKOL'SKOGO">
      <rel_text>транзитивные</rel_text>
      <target>http://libmeta.ru/me/article/458_TRANSVEKTsI</target>
    </relation>
    <relation uri="http://libmeta.ru/me/relation/1022_28_NIKOL'SKOGO">
      <rel_text>пространств</rel_text>
      <target>http://libmeta.ru/me/article/748_PROSTRANSTV</target>
    </relation>
    <relation uri="http://libmeta.ru/me/relation/1022_29_NIKOL'SKOGO">
      <rel_text>функций</rel_text>
      <target>http://libmeta.ru/me/article/790_FUNKTO</target>
    </relation>
    <relation uri="http://libmeta.ru/me/relation/1022_30_NIKOL'SKOGO">
      <rel_text>оператора</rel_text>
      <target>http://libmeta.ru/me/article/17_OPERATO</target>
    </relation>
  </relations>
  <text>банахово пространство $URI[[http://libmeta.ru/me/formula/aux/1022_1_NIKOL'SKOGO]]/URI$, состояшее из функций, определенных на открытом множестве $URI[[http://libmeta.ru/me/formula/aux/1022_2_NIKOL'SKOGO]]/URI$ п-мерного евклидовд пространства $URI[[http://libmeta.ru/me/formula/aux/1022_3_NIKOL'SKOGO]]/URI$ и обладающих определенными разностнодифференциальными свойствами, характеризующимися вектором $URI[[http://libmeta.ru/me/formula/aux/1022_4_NIKOL'SKOGO]]/URI$, в метрике $URI[[http://libmeta.ru/me/formula/aux/1022_5_NIKOL'SKOGO]]/URI$. В ведены С. М. Никольским.

Н. п. $URI[[http://libmeta.ru/me/formula/aux/1022_6_NIKOL'SKOGO]]/URI$ можно описать в терминах свойств разностей от частных производных порядка $URI[[http://libmeta.ru/me/formula/aux/1022_7_NIKOL'SKOGO]]/URI$ по переменной $URI[[http://libmeta.ru/me/formula/aux/1022_8_NIKOL'SKOGO]]/URI$, где $URI[[http://libmeta.ru/me/formula/aux/1022_9_NIKOL'SKOGO]]/URI$ целое, $URI[[http://libmeta.ru/me/formula/aux/1022_10_NIKOL'SKOGO]]/URI$; если через $URI[[http://libmeta.ru/me/formula/aux/1022_11_NIKOL'SKOGO]]/URI$ f обозначить разность порядка $URI[[http://libmeta.ru/me/formula/aux/1022_12_NIKOL'SKOGO]]/URI$ с шагом $URI[[http://libmeta.ru/me/formula/aux/1022_13_NIKOL'SKOGO]]/URI$ по переменной $URI[[http://libmeta.ru/me/formula/aux/1022_14_NIKOL'SKOGO]]/URI$ функции $URI[[http://libmeta.ru/me/formula/aux/1022_15_NIKOL'SKOGO]]/URI$, то

\[
URI[[http://libmeta.ru/me/formula/main/1022_1_NIKOL'SKOGO]]/URI
\]

тогда и только тогда, когда функция $URI[[http://libmeta.ru/me/formula/aux/1022_16_NIKOL'SKOGO]]/URI$ имеет в $URI[[http://libmeta.ru/me/formula/aux/1022_17_NIKOL'SKOGO]]/URI$ обобщенные частные производные

\[
URI[[http://libmeta.ru/me/formula/main/1022_2_NIKOL'SKOGO]]/URI
\]

$URI[[http://libmeta.ru/me/formula/aux/1022_18_NIKOL'SKOGO]]/URI$, и при $URI[[http://libmeta.ru/me/formula/aux/1022_19_NIKOL'SKOGO]]/URI$ имеет место неравенство

![](https://cdn.mathpix.com/cropped/2023_07_08_f15743ab4c0673076e89g-1.jpg?height=111&amp;width=497&amp;top_left_y=515&amp;top_left_x=285)

а при $URI[[http://libmeta.ru/me/formula/aux/1022_20_NIKOL'SKOGO]]/URI$ - неравенство

\[
URI[[http://libmeta.ru/me/formula/main/1022_3_NIKOL'SKOGO]]/URI
\]

где $URI[[http://libmeta.ru/me/formula/aux/1022_21_NIKOL'SKOGO]]/URI$ - множество точек $URI[[http://libmeta.ru/me/formula/aux/1022_22_NIKOL'SKOGO]]/URI$, удаленных от границы множества $URI[[http://libmeta.ru/me/formula/aux/1022_23_NIKOL'SKOGO]]/URI$ больше чем на $URI[[http://libmeta.ru/me/formula/aux/1022_24_NIKOL'SKOGO]]/URI$, а $URI[[http://libmeta.ru/me/formula/aux/1022_25_NIKOL'SKOGO]]/URI$ - произвольно.

Пространство $URI[[http://libmeta.ru/me/formula/aux/1022_26_NIKOL'SKOGO]]/URI$ определяется как объединенше всех $URI[[http://libmeta.ru/me/formula/aux/1022_27_NIKOL'SKOGO]]/URI$ при всевозможных $URI[[http://libmeta.ru/me/formula/aux/1022_28_NIKOL'SKOGO]]/URI$ $URI[[http://libmeta.ru/me/formula/aux/1022_29_NIKOL'SKOGO]]/URI$ H. п. $URI[[http://libmeta.ru/me/formula/aux/1022_30_NIKOL'SKOGO]]/URI$ не пусто и в нем существуют функции, не принадлежащие Н. п. $URI[[http://libmeta.ru/me/formula/aux/1022_31_NIKOL'SKOGO]]/URI$ ни при каком $URI[[http://libmeta.ru/me/formula/aux/1022_32_NIKOL'SKOGO]]/URI$ и ни при каком $URI[[http://libmeta.ru/me/formula/aux/1022_33_NIKOL'SKOGO]]/URI$.

В случае $URI[[http://libmeta.ru/me/formula/aux/1022_34_NIKOL'SKOGO]]/URI$, не целых $URI[[http://libmeta.ru/me/formula/aux/1022_35_NIKOL'SKOGO]]/URI$ и непрерывности рассматриваемых производных Н. п. является гёльдеровы.и пространством. Понятие Н. П. обобщается на случай функций, определенных на достаточно гладких многообразиях (см. [2]).

Имеется описание Н. п. $URI[[http://libmeta.ru/me/formula/aux/1022_36_NIKOL'SKOGO]]/URI$ в терминах свойств разностей от частных производных, меныших чем $URI[[http://libmeta.ru/me/formula/aux/1022_37_NIKOL'SKOGO]]/URI$ поряпков, в частности в терминах свойств разностей достаточно высокого порядка от самой функции.

Пусть $URI[[http://libmeta.ru/me/formula/aux/1022_38_NIKOL'SKOGO]]/URI$ - изотропное пространство, т. е. $URI[[http://libmeta.ru/me/formula/aux/1022_39_NIKOL'SKOGO]]/URI$ $URI[[http://libmeta.ru/me/formula/aux/1022_40_NIKOL'SKOGO]]/URI$. Если область $URI[[http://libmeta.ru/me/formula/aux/1022_41_NIKOL'SKOGO]]/URI$ такова, что любую функцию $URI[[http://libmeta.ru/me/formula/aux/1022_42_NIKOL'SKOGO]]/URI$ класса $URI[[http://libmeta.ru/me/formula/aux/1022_43_NIKOL'SKOGO]]/URI$ можно продолжить с сохранением класса на все пространство $URI[[http://libmeta.ru/me/formula/aux/1022_44_NIKOL'SKOGO]]/URI$, т. е. так, что продолженная функция будет принадлежать классу $URI[[http://libmeta.ru/me/formula/aux/1022_45_NIKOL'SKOGO]]/URI$ (это всегда имеет место, если граница области достаточно гладкая), то для того, чтобы $URI[[http://libmeta.ru/me/formula/aux/1022_46_NIKOL'SKOGO]]/URI$, необходимо и достаточно, чтобы для любых целых неотрицательных $URI[[http://libmeta.ru/me/formula/aux/1022_47_NIKOL'SKOGO]]/URI$ и $URI[[http://libmeta.ru/me/formula/aux/1022_48_NIKOL'SKOGO]]/URI$ таких, что $URI[[http://libmeta.ru/me/formula/aux/1022_49_NIKOL'SKOGO]]/URI$, у функции $URI[[http://libmeta.ru/me/formula/aux/1022_50_NIKOL'SKOGO]]/URI$ существовали все частные производные $URI[[http://libmeta.ru/me/formula/aux/1022_51_NIKOL'SKOGO]]/URI$ порядка $URI[[http://libmeta.ru/me/formula/aux/1022_52_NIKOL'SKOGO]]/URI$ и существовала постоянная $URI[[http://libmeta.ru/me/formula/aux/1022_53_NIKOL'SKOGO]]/URI$, дјя к-рой выполнялись неравенства

\[
URI[[http://libmeta.ru/me/formula/main/1022_4_NIKOL'SKOGO]]/URI
\]

где $URI[[http://libmeta.ru/me/formula/aux/1022_54_NIKOL'SKOGO]]/URI$ разность $URI[[http://libmeta.ru/me/formula/aux/1022_55_NIKOL'SKOGO]]/URI$-го порядка с векторным шагом $URI[[http://libmeta.ru/me/formula/aux/1022_56_NIKOL'SKOGO]]/URI$ от функции $URI[[http://libmeta.ru/me/formula/aux/1022_57_NIKOL'SKOGO]]/URI$. Условие (1) әквивалентно авалогичному условию для модуля непрерывности производной $URI[[http://libmeta.ru/me/formula/aux/1022_58_NIKOL'SKOGO]]/URI$ : существует такое $URI[[http://libmeta.ru/me/formula/aux/1022_59_NIKOL'SKOGO]]/URI$, что

\[
URI[[http://libmeta.ru/me/formula/main/1022_5_NIKOL'SKOGO]]/URI
\]

где

$URI[[http://libmeta.ru/me/formula/aux/1022_60_NIKOL'SKOGO]]/URI$.

Если для функции $URI[[http://libmeta.ru/me/formula/aux/1022_61_NIKOL'SKOGO]]/URI$ через $URI[[http://libmeta.ru/me/formula/aux/1022_62_NIKOL'SKOGO]]/URI$ обозначить нижнюю грань всех $URI[[http://libmeta.ru/me/formula/aux/1022_63_NIKOL'SKOGO]]/URI$, для к-рых выполняется условие (1) пля всех $URI[[http://libmeta.ru/me/formula/aux/1022_64_NIKOL'SKOGO]]/URI$ и всех частных производных допустимого порядка $URI[[http://libmeta.ru/me/formula/aux/1022_65_NIKOL'SKOGO]]/URI$, то

\[
URI[[http://libmeta.ru/me/formula/main/1022_6_NIKOL'SKOGO]]/URI
\]

является нормой в Н. п. $URI[[http://libmeta.ru/me/formula/aux/1022_66_NIKOL'SKOGO]]/URI$, причем нормы, получающиеся прп различных допустимых парах $URI[[http://libmeta.ru/me/formula/aux/1022_67_NIKOL'SKOGO]]/URI$, $URI[[http://libmeta.ru/me/formula/aux/1022_68_NIKOL'SKOGO]]/URI$, әквивалентны между собой.

Н. 11., состояпце из функций, определенных на всем пространстве $URI[[http://libmeta.ru/me/formula/aux/1022_69_NIKOL'SKOGO]]/URI$, можно охарактеризовать в терминах наилучших приблияений функций из этого пространства с помощью целых функций экспоненциального типа. Пусть $URI[[http://libmeta.ru/me/formula/aux/1022_70_NIKOL'SKOGO]]/URI$ - наилучшее приближение в метрике $URI[[http://libmeta.ru/me/formula/aux/1022_71_NIKOL'SKOGO]]/URI$ фъункции $URI[[http://libmeta.ru/me/formula/aux/1022_72_NIKOL'SKOGO]]/URI$ прп помощи целых функций $URI[[http://libmeta.ru/me/formula/aux/1022_73_NIKOL'SKOGO]]/URI$ экспоненциального типа степеней $URI[[http://libmeta.ru/me/formula/aux/1022_74_NIKOL'SKOGO]]/URI$ соответственно по переменным $URI[[http://libmeta.ru/me/formula/aux/1022_75_NIKOL'SKOGO]]/URI$. Для Н. П. справедливы следующие прямая и обратная теоремы типа теорем Бернштейна, Джексона, Зигмунда.

Если функция $URI[[http://libmeta.ru/me/formula/aux/1022_76_NIKOL'SKOGO]]/URI$, то для любых $URI[[http://libmeta.ru/me/formula/aux/1022_77_NIKOL'SKOGO]]/URI$ выполняется неравенство

\[
URI[[http://libmeta.ru/me/formula/main/1022_7_NIKOL'SKOGO]]/URI
\]

(постоянная $URI[[http://libmeta.ru/me/formula/aux/1022_78_NIKOL'SKOGO]]/URI$ не зависит от функции $URI[[http://libmeta.ru/me/formula/aux/1022_79_NIKOL'SKOGO]]/URI$ ).

Наоборот, если для функгии $URI[[http://libmeta.ru/me/formula/aux/1022_80_NIKOL'SKOGO]]/URI$ выполняется неравенство (2) для $URI[[http://libmeta.ru/me/formula/aux/1022_81_NIKOL'SKOGO]]/URI$, $URI[[http://libmeta.ru/me/formula/aux/1022_82_NIKOL'SKOGO]]/URI$, и q является целой функцией степени единица по каждой из переменных $URI[[http://libmeta.ru/me/formula/aux/1022_83_NIKOL'SKOGO]]/URI$, для к-рой

\[
URI[[http://libmeta.ru/me/formula/main/1022_8_NIKOL'SKOGO]]/URI
\]

(она существует в силу (2) при $URI[[http://libmeta.ru/me/formula/aux/1022_84_NIKOL'SKOGO]]/URI$ ), то

где

\[
URI[[http://libmeta.ru/me/formula/main/1022_9_NIKOL'SKOGO]]/URI
\]

\[
URI[[http://libmeta.ru/me/formula/main/1022_10_NIKOL'SKOGO]]/URI
\]

причем постоянные $URI[[http://libmeta.ru/me/formula/aux/1022_85_NIKOL'SKOGO]]/URI$ в (2) и $URI[[http://libmeta.ru/me/formula/aux/1022_86_NIKOL'SKOGO]]/URI$ в (3) не зависят от $URI[[http://libmeta.ru/me/formula/aux/1022_87_NIKOL'SKOGO]]/URI$.

В случае периодической по всем переменным функпий $URI[[http://libmeta.ru/me/formula/aux/1022_88_NIKOL'SKOGO]]/URI$ аналогичное описапие Н. п. делается посредством наилучших приближений фунқций через тригонометрич. полиномы вместо целых функций экспоненциального типа (см. [1], [4]).

Н. п. могут быть описаны с помощью URI[[http://libmeta.ru/me/relation/1022_30_NIKOL'SKOGO]]/URI Бесселя - Макдональда, применяемого к нек-рому классу обобщенных URI[[http://libmeta.ru/me/relation/1022_29_NIKOL'SKOGO]]/URI (см. URI[[http://libmeta.ru/me/relation/1022_1_NIKOL'SKOGO]]/URI).

Для URI[[http://libmeta.ru/me/relation/1022_28_NIKOL'SKOGO]]/URI $URI[[http://libmeta.ru/me/formula/aux/1022_89_NIKOL'SKOGO]]/URI$ С. М. Никольским доказаны URI[[http://libmeta.ru/me/relation/1022_27_NIKOL'SKOGO]]/URI URI[[http://libmeta.ru/me/relation/1022_26_NIKOL'SKOGO]]/URI влонения для разных размерностей и URI[[http://libmeta.ru/me/relation/1022_25_NIKOL'SKOGO]]/URI (см. [3] и URI[[http://libmeta.ru/me/relation/1022_24_NIKOL'SKOGO]]/URI), URI[[http://libmeta.ru/me/relation/1022_23_NIKOL'SKOGO]]/URI в дальнейшем на более общие классы URI[[http://libmeta.ru/me/relation/1022_22_NIKOL'SKOGO]]/URI. Эти URI[[http://libmeta.ru/me/relation/1022_21_NIKOL'SKOGO]]/URI показывают, что Н. п. образуют URI[[http://libmeta.ru/me/relation/1022_20_NIKOL'SKOGO]]/URI относительно граничных значений входящих в них URI[[http://libmeta.ru/me/relation/1022_19_NIKOL'SKOGO]]/URI: следы URI[[http://libmeta.ru/me/relation/1022_18_NIKOL'SKOGO]]/URI из Н. п. на гладких URI[[http://libmeta.ru/me/relation/1022_17_NIKOL'SKOGO]]/URI в определенном смысле полностью описываются в терминах Н. П.

Свойства Н. п. дали возможность URI[[http://libmeta.ru/me/relation/1022_16_NIKOL'SKOGO]]/URI URI[[http://libmeta.ru/me/relation/1022_15_NIKOL'SKOGO]]/URI разрешимости URI[[http://libmeta.ru/me/relation/1022_14_NIKOL'SKOGO]]/URI в соответствующих Н. П. в терминах принадлежности граничной URI[[http://libmeta.ru/me/relation/1022_13_NIKOL'SKOGO]]/URI также к нек-рому Н. п.: для того чтобы URI[[http://libmeta.ru/me/relation/1022_12_NIKOL'SKOGO]]/URI. URI[[http://libmeta.ru/me/relation/1022_11_NIKOL'SKOGO]]/URI $URI[[http://libmeta.ru/me/formula/aux/1022_90_NIKOL'SKOGO]]/URI$ принадлежала классу $URI[[http://libmeta.ru/me/formula/aux/1022_91_NIKOL'SKOGO]]/URI$, где $URI[[http://libmeta.ru/me/formula/aux/1022_92_NIKOL'SKOGO]]/URI$ - URI[[http://libmeta.ru/me/relation/1022_10_NIKOL'SKOGO]]/URI в $URI[[http://libmeta.ru/me/formula/aux/1022_93_NIKOL'SKOGO]]/URI$ с достаточно гладкой URI[[http://libmeta.ru/me/relation/1022_9_NIKOL'SKOGO]]/URI $URI[[http://libmeta.ru/me/formula/aux/1022_94_NIKOL'SKOGO]]/URI$, необходимо и достаточно, чтобы граничные значения $URI[[http://libmeta.ru/me/formula/aux/1022_95_NIKOL'SKOGO]]/URI$ принадлежали к классу $URI[[http://libmeta.ru/me/formula/aux/1022_96_NIKOL'SKOGO]]/URI$. Отсюда при $URI[[http://libmeta.ru/me/formula/aux/1022_97_NIKOL'SKOGO]]/URI$ следует, в частности, что если $URI[[http://libmeta.ru/me/formula/aux/1022_98_NIKOL'SKOGO]]/URI$, то URI[[http://libmeta.ru/me/relation/1022_8_NIKOL'SKOGO]]/URI $URI[[http://libmeta.ru/me/formula/aux/1022_99_NIKOL'SKOGO]]/URI$ от URI[[http://libmeta.ru/me/relation/1022_7_NIKOL'SKOGO]]/URI $URI[[http://libmeta.ru/me/formula/aux/1022_100_NIKOL'SKOGO]]/URI$ по области $URI[[http://libmeta.ru/me/formula/aux/1022_101_NIKOL'SKOGO]]/URI$ конечен и потому URI[[http://libmeta.ru/me/relation/1022_6_NIKOL'SKOGO]]/URI Дирихле можно решить прямым вариационным методом. Из URI[[http://libmeta.ru/me/relation/1022_5_NIKOL'SKOGO]]/URI вложения для Н. п. следует, что если для URI[[http://libmeta.ru/me/relation/1022_4_NIKOL'SKOGO]]/URI $URI[[http://libmeta.ru/me/formula/aux/1022_102_NIKOL'SKOGO]]/URI$ ее URI[[http://libmeta.ru/me/relation/1022_3_NIKOL'SKOGO]]/URI Дирихле по области $URI[[http://libmeta.ru/me/formula/aux/1022_103_NIKOL'SKOGO]]/URI$ конечен, то $URI[[http://libmeta.ru/me/formula/aux/1022_104_NIKOL'SKOGO]]/URI$ (cm. [6]). Обобщением Н. п. является URI[[http://libmeta.ru/me/relation/1022_2_NIKOL'SKOGO]]/URI Бесова $URI[[http://libmeta.ru/me/formula/aux/1022_105_NIKOL'SKOGO]]/URI$</text>
  <text_orig>банахово пространство $H_{p}^{r}(\Omega)$, состояшее из функций, определенных на открытом множестве $\Omega$ п-мерного евклидовд пространства $\mathbb{R} n$ и обладающих определенными разностнодифференциальными свойствами, характеризующимися вектором $r=\left(r_{1}, \ldots, r_{n}\right), r_{i}&gt;0, i=1,2, \ldots, n$, в метрике $L_{p}, 1 \leqslant p \leqslant+\infty$. В ведены С. М. Никольским.

Н. п. $H_{p}^{r}(\Omega)$ можно описать в терминах свойств разностей от частных производных порядка $r_{i}^{*}$ по переменной $x_{i}$, где $r_{i}=r_{i}^{*}+\alpha_{i}, \quad r_{i}^{*}-$ целое, $0&lt;\alpha_{i} \leqslant 1, i=1,2, \ldots, n$; если через $\Delta_{h_{i}}^{s}$ f обозначить разность порядка $s=1,2, \ldots$ с шагом $h_{i}$ по переменной $x_{i}$ функции $f$, то

\[
f \in H_{p}^{r}\left(M_{1}, \ldots, M_{n} ; \Omega\right), M_{i}&gt;0,
\]

тогда и только тогда, когда функция $f$ имеет в $\Omega$ обобщенные частные производные

\[
f_{x_{i}}^{\left(r_{i}^{*}\right)}=\partial^{r_{i}^{*}} / \partial x_{i}^{r_{i}^{*}}
\]

$i=1,2, \ldots, n$, и при $0&lt;\alpha_{i}&lt;1$ имеет место неравенство

![](https://cdn.mathpix.com/cropped/2023_07_08_f15743ab4c0673076e89g-1.jpg?height=111&amp;width=497&amp;top_left_y=515&amp;top_left_x=285)

а при $\alpha=1$ - неравенство

\[
\left\|\Delta_{h_{i}}^{2} f_{x_{i}}^{\left(r_{i}^{*}\right)}\right\|_{L_{p}\left(\Omega_{2 \mid h_{i} i}\right)} \leqslant M_{i}\left|h_{i}\right|,
\]

где $\Omega_{\eta}$ - множество точек $x \in \Omega$, удаленных от границы множества $\Omega$ больше чем на $\eta&gt;0$, а $h_{i}$ - произвольно.

Пространство $H_{p}^{r}(\Omega)=H_{p}^{r_{1}}, \ldots, r_{n}(\Omega)$ определяется как объединенше всех $H_{p}^{r}\left(M_{1}, \ldots, M_{n} ; \Omega\right)$ при всевозможных $\begin{aligned} &amp; M_{i}&gt;0, i=1,2, \ldots, n . \\ &amp; \text { Если } \Omega \neq \varnothing, \text { то при любых } r_{i}&gt;0, i=1,2, \ldots, n,\end{aligned}$ $1 \leqslant p \leqslant+\infty$ H. п. $H_{p}^{r_{1}}, \ldots, r_{n}(\Omega)$ не пусто и в нем существуют функции, не принадлежащие Н. п. $H_{p}^{r_{1}}, \ldots, r_{i-1}, r_{i}+\varepsilon, r_{i}+1, \ldots, r_{n}, \ldots$ ни при каком $\varepsilon&gt;0$ и ни при каком $i=1,2, \ldots, n$.

В случае $p=\infty$, не целых $r_{i}$ и непрерывности рассматриваемых производных Н. п. является гёльдеровы.и пространством. Понятие Н. П. обобщается на случай функций, определенных на достаточно гладких многообразиях (см. [2]).

Имеется описание Н. п. $H_{p}^{r_{1}}, \ldots, r_{k}(\Omega)$ в терминах свойств разностей от частных производных, меныших чем $r_{i}^{*}$ поряпков, в частности в терминах свойств разностей достаточно высокого порядка от самой функции.

Пусть $H_{p}^{r}(\Omega)$ - изотропное пространство, т. е. $r_{1}=$ $=\ldots=r_{n}=r$. Если область $\Omega$ такова, что любую функцию $f$ класса $H_{p}^{r}(\Omega)$ можно продолжить с сохранением класса на все пространство $\mathbb{R} n$, т. е. так, что продолженная функция будет принадлежать классу $H_{p}^{r}\left(\mathbb{R}^{n}\right)$ (это всегда имеет место, если граница области достаточно гладкая), то для того, чтобы $f \in H_{p}^{r}(\Omega)$, необходимо и достаточно, чтобы для любых целых неотрицательных $k$ и $s$ таких, что $0&lt;r-s&lt;k$, у функции $f$ существовали все частные производные $f^{(s)}$ порядка $s$ и существовала постоянная $M&gt;0$, дјя к-рой выполнялись неравенства

\[
\left\|\Delta_{h}^{k} f^{(s)}\right\|_{L_{p}\left(\Omega_{k(h)}\right)} \leqslant M|h|^{r-s},
\]

где $h=\left(h_{1}, \ldots, h_{n}\right), \quad \Delta_{h}^{k} f^{(s)}-$ разность $k$-го порядка с векторным шагом $h$ от функции $f^{(s)}$. Условие (1) әквивалентно авалогичному условию для модуля непрерывности производной $f^{(s)}$ : существует такое $M&gt;0$, что

\[
\Omega^{k}(f(s), \delta) \leqslant M \delta^{r-s}, \quad \delta&gt;0,
\]

где

$\Omega^{k}\left(f^{(s)}, \delta\right) \stackrel{\text { def f }}{=} \sup _{|h|=1} \sup _{0 \leqslant t \leqslant \delta}\left\|_{t h}^{k} f^{(s)}\right\|_{L_{p}\left(\Omega_{k t}\right)} \leqslant M \delta^{r-s}$.

Если для функции $f \in H_{p}^{r}(\Omega)$ через $M_{f}$ обозначить нижнюю грань всех $M$, для к-рых выполняется условие (1) пля всех $h \in \mathbb{R}^{n}$ и всех частных производных допустимого порядка $s$, то

\[
\|f\| \stackrel{\text { def }}{=}\|f\|_{L_{p}(\Omega)}+M_{f}
\]

является нормой в Н. п. $H_{p}^{r}(\Omega)$, причем нормы, получающиеся прп различных допустимых парах $k$, $s$, әквивалентны между собой.

Н. 11., состояпце из функций, определенных на всем пространстве $\mathbb{R}^{n}$, можно охарактеризовать в терминах наилучших приблияений функций из этого пространства с помощью целых функций экспоненциального типа. Пусть $E_{v_{1}}, \ldots, v_{n}(f)_{p}$ - наилучшее приближение в метрике $L_{p}\left(\mathbb{R}^{n}\right)$ фъункции $f \in L_{p}\left(\mathbb{R}^{n}\right)$ прп помощи целых функций $q v_{1} \ldots v_{n}\left(x_{1}, \ldots, x_{n}\right) \in L_{p}\left(\mathbb{R}^{n}\right)$ экспоненциального типа степеней $v_{1}, \ldots, v_{n}$ соответственно по переменным $x_{1}, . ., x_{n}$. Для Н. П. справедливы следующие прямая и обратная теоремы типа теорем Бернштейна, Джексона, Зигмунда.

Если функция $f \in H_{p}^{r_{1}}, \ldots, r_{n}\left(M_{1}, \ldots, M_{n} ; \mathbb{R}^{n}\right)$, то для любых $v_{i}&gt;0$ выполняется неравенство

\[
E_{v_{1}}, \ldots, v_{n}(f) \leqslant c \sum_{i=1}^{n} \frac{M_{i}}{v_{i}^{r}}
\]

(постоянная $c&gt;0$ не зависит от функции $f$ ).

Наоборот, если для функгии $f \in L_{p}\left(\mathbb{R}^{n}\right)$ выполняется неравенство (2) для $v_{i}=a_{i}^{k}, k=0,1, \ldots, a_{i}&gt;1, i=1$, $2, \ldots, n$, и q является целой функцией степени единица по каждой из переменных $x_{1}, \ldots, x_{n}$, для к-рой

\[
\|f-q\|_{L_{p}\left(\mathbb{R}^{n}\right)} \leqslant c \sum_{i=1}^{n} M_{i}
\]

(она существует в силу (2) при $k=0$ ), то

где

\[
f-q \in H_{p}^{r_{1}}, \ldots, r_{n}\left(M_{1}^{*}, \ldots, M_{n}^{*} ; \mathbb{R}^{n}\right),
\]

\[
M_{i}^{*}=c_{i} \sum_{j=1}^{n} M_{j}
\]

причем постоянные $c&gt;0$ в (2) и $c_{i}&gt;0$ в (3) не зависят от $M_{i}, i=1,2, \ldots, n$.

В случае периодической по всем переменным функпий $f$ аналогичное описапие Н. п. делается посредством наилучших приближений фунқций через тригонометрич. полиномы вместо целых функций экспоненциального типа (см. [1], [4]).

Н. п. могут быть описаны с помощью оператора Бесселя - Макдональда, применяемого к нек-рому классу обобщенных функций (см. Вложения теоремы).

Для пространств $H_{p}^{r_{1}}, \ldots, r_{n}(\Omega)$ С. М. Никольским доказаны транзитивные теоремы влонения для разных размерностей и метрик (см. [3] и Вложения теоремы), перенесенные в дальнейшем на более общие классы функций. Эти теоремы показывают, что Н. п. образуют замкнутую систему относительно граничных значений входящих в них функццй: следы функций из Н. п. на гладких многообразиях в определенном смысле полностью описываются в терминах Н. П.

Свойства Н. п. дали возможность получить необходимые и достаточные условия разрешимости Дирихле задачи в соответствующих Н. П. в терминах принадлежности граничной функции также к нек-рому Н. п.: для того чтобы гармонич. функция $u$ принадлежала классу $H_{p}^{r}(\Omega), r&gt;1 / p$, где $\Omega$ - ограниченная область в $\mathbb{R}^{n}$ с достаточно гладкой границей $\partial \Omega$, необходимо и достаточно, чтобы граничные значения $\left.u\right|_{\partial \Omega}$ принадлежали к классу $H_{p}^{r-1 / p}(\partial \Omega)$. Отсюда при $p=2$ следует, в частности, что если $\left.\left.u\right|_{\partial \Omega} \in H_{2}^{\rho}(\partial \Omega), \rho&gt;1\right)_{2}$, то Дирихле интеграл $D(u)$ от функции $u$ по области $\Omega$ конечен и потому задачу Дирихле можно решить прямым вариационным методом. Из теорем вложения для Н. п. следует, что если для функции $u$ ее интеграл Дирихле по области $\Omega$ конечен, то $u / \partial \Omega \in H_{\mathbf{2}}^{\mathbf{1 / 2}}(\partial \Omega)$ (cM. [6]). Обобщением Н. п. является пространство Бесова $B_{p \theta}^{r_{1}, \ldots, r_{n}}$

Лит.: [1] Н и к о л в с к и й С. М., “Тр. Матем. ин-та AH CCCP》, 1951 , т. 38, c. 244-78; [2] е г о Ж е, &quot;Матем. сб.», 1953 , т. 33 , №2, с. $261-326$; [3] е г о же, &quot;Докл. АН ССCP&quot;, 1958, т. $118, \mathrm{~N} 1$, c. $35-37 ;[4]$ e r о ж е, Приближение функ-

![](https://cdn.mathpix.com/cropped/2023_07_08_25c38a661f0d9049ebceg-1.jpg?height=42&amp;width=826&amp;top_left_y=351&amp;top_left_x=123)
С. М., Интегральные представления функций и теоремы вложения, М., 1975; [6] Н и к о ли с к и й С. М., &quot;Докл. АН
СССР&quot;, 1953 , т. 88, в. 3, с. $409-11$.</text_orig>
</article>
