<?xml version="1.0" ?>
<article uri="http://libmeta.ru/me/article/1023_IIVARTsA" alphabetic_pos="1023">
  <title>IIВАРЦА СИММЕТРИЧЕСКАЯ ПРОИЗВОДНАЯ</title>
  <authors/>
  <pages>
    <start>445</start>
    <end>445</end>
  </pages>
  <literature>
    <literature_orig/>
  </literature>
  <formulas_main>
    <formula uri="http://libmeta.ru/me/formula/main/1023_1_IIVARTsA">D^{2} f\left(x_{0}\right)=\lim _{h \rightarrow 0} \frac{f\left(x_{0}+h\right)-2 f\left(x_{0}\right)+f\left(x_{0}-h\right)}{h^{2}}</formula>
    <formula uri="http://libmeta.ru/me/formula/main/1023_2_IIVARTsA">\begin{gathered}D^{n} f(x)=\lim _{h \rightarrow 0} \frac{\Delta^{n} f(x, h)}{h^{n}}= \\=\lim _{h \rightarrow 0} \frac{\sum_{k=0}^{n} C_{n}^{k}(-1)^{k} f\left(x+\frac{n-2 k}{2} h\right)}{h^{n}} .\end{gathered}</formula>
  </formulas_main>
  <formulas_aux>
    <formula uri="http://libmeta.ru/me/formula/aux/1023_1_IIVARTsA">f(x)</formula>
    <formula uri="http://libmeta.ru/me/formula/aux/1023_2_IIVARTsA">x_{0}</formula>
    <formula uri="http://libmeta.ru/me/formula/aux/1023_3_IIVARTsA">\mathrm{p}</formula>
    <formula uri="http://libmeta.ru/me/formula/aux/1023_4_IIVARTsA">n</formula>
    <formula uri="http://libmeta.ru/me/formula/aux/1023_5_IIVARTsA">43-45,502 \frac{18}{18}</formula>
  </formulas_aux>
  <relations n="7">
    <relation uri="http://libmeta.ru/me/relation/1023_1_IIVARTsA">
      <rel_text>Тригонометрические</rel_text>
      <target>http://libmeta.ru/me/article/504_TRIGONOMETRIChESK</target>
    </relation>
    <relation uri="http://libmeta.ru/me/relation/1023_2_IIVARTsA">
      <rel_text>переменной</rel_text>
      <target>http://libmeta.ru/me/article/222_PEREGÓROD</target>
    </relation>
    <relation uri="http://libmeta.ru/me/relation/1023_3_IIVARTsA">
      <rel_text>функций</rel_text>
      <target>http://libmeta.ru/me/article/790_FUNKTO</target>
    </relation>
    <relation uri="http://libmeta.ru/me/relation/1023_4_IIVARTsA">
      <rel_text>порялка</rel_text>
      <target>http://libmeta.ru/me/article/531_PORJaDO</target>
    </relation>
    <relation uri="http://libmeta.ru/me/relation/1023_5_IIVARTsA">
      <rel_text>симметрич</rel_text>
      <target>http://libmeta.ru/me/article/1306_SIMMTTRIA</target>
    </relation>
    <relation uri="http://libmeta.ru/me/relation/1023_6_IIVARTsA">
      <rel_text>Ii</rel_text>
      <target>http://libmeta.ru/me/article/370_II</target>
    </relation>
    <relation uri="http://libmeta.ru/me/relation/1023_7_IIVARTsA">
      <rel_text>Ii</rel_text>
      <target>http://libmeta.ru/me/article/370_II</target>
    </relation>
  </relations>
  <text>фуıкции $URI[[http://libmeta.ru/me/formula/aux/1023_1_IIVARTsA]]/URI$ в точке $URI[[http://libmeta.ru/me/formula/aux/1023_2_IIVARTsA]]/URI$ - величина

\[
URI[[http://libmeta.ru/me/formula/main/1023_1_IIVARTsA]]/URI
\]

инстда наз. URI[[http://libmeta.ru/me/relation/1023_7_IIVARTsA]]/URI р о и 3 в о д н о ї $URI[[http://libmeta.ru/me/formula/aux/1023_3_IIVARTsA]]/URI$ и м а на, нлй

![](https://cdn.mathpix.com/cropped/2023_07_09_1110ad265e5b7a04ba6dg-1.jpg?height=30&amp;width=811&amp;top_left_y=1997&amp;top_left_x=140)
н о ї. Вшервые введена Б. Риманом в 1854 (см. [2]), рассматривалась Г. Шварцем [1]. Более общо Ш. с. URI[[http://libmeta.ru/me/relation/1023_6_IIVARTsA]]/URI. пазывают URI[[http://libmeta.ru/me/relation/1023_5_IIVARTsA]]/URI. гроизводную URI[[http://libmeta.ru/me/relation/1023_4_IIVARTsA]]/URI $URI[[http://libmeta.ru/me/formula/aux/1023_4_IIVARTsA]]/URI$

\[
URI[[http://libmeta.ru/me/formula/main/1023_2_IIVARTsA]]/URI
\]

Jium.: [1] S c hw a r z H., Ges. math. Abh., Bd 2, B.

![](https://cdn.mathpix.com/cropped/2023_07_09_1110ad265e5b7a04ba6dg-1.jpg?height=50&amp;width=819&amp;top_left_y=203&amp;top_left_x=982)
URI[[http://libmeta.ru/me/relation/1023_3_IIVARTsA]]/URI вещественной URI[[http://libmeta.ru/me/relation/1023_2_IIVARTsA]]/URI, 3 изд., М., 1974, с. 279-98; [4] Б а р и Н. К., URI[[http://libmeta.ru/me/relation/1023_1_IIVARTsA]]/URI ряды, М., 1961, с. 185201; [5] 3 и г м ун д А., Тригонометрическіlє ряды, пер. с aнгл., ', изд., М., 1965, т. 1, с. $URI[[http://libmeta.ru/me/formula/aux/1023_5_IIVARTsA]]/URI$ т. 2, c.</text>
  <text_orig>фуıкции $f(x)$ в точке $x_{0}$ - величина

\[
D^{2} f\left(x_{0}\right)=\lim _{h \rightarrow 0} \frac{f\left(x_{0}+h\right)-2 f\left(x_{0}\right)+f\left(x_{0}-h\right)}{h^{2}}
\]

инстда наз. II р о и 3 в о д н о ї $\mathrm{P}$ и м а на, нлй

![](https://cdn.mathpix.com/cropped/2023_07_09_1110ad265e5b7a04ba6dg-1.jpg?height=30&amp;width=811&amp;top_left_y=1997&amp;top_left_x=140)
н о ї. Вшервые введена Б. Риманом в 1854 (см. [2]), рассматривалась Г. Шварцем [1]. Более общо Ш. с. II. пазывают симметрич. гроизводную порялка $n$

\[
\begin{gathered}
D^{n} f(x)=\lim _{h \rightarrow 0} \frac{\Delta^{n} f(x, h)}{h^{n}}= \\
=\lim _{h \rightarrow 0} \frac{\sum_{k=0}^{n} C_{n}^{k}(-1)^{k} f\left(x+\frac{n-2 k}{2} h\right)}{h^{n}} .
\end{gathered}
\]

JIum.: [1] S c hw a r z H., Ges. math. Abh., Bd 2, B.

![](https://cdn.mathpix.com/cropped/2023_07_09_1110ad265e5b7a04ba6dg-1.jpg?height=50&amp;width=819&amp;top_left_y=203&amp;top_left_x=982)
функций вещественной переменной, 3 изд., М., 1974, с. 279-98; [4] Б а р и Н. К., Тригонометрические ряды, М., 1961, с. 185201; [5] 3 и г м ун д А., Тригонометрическіlє ряды, пер. с aнгл., ', изд., М., 1965, т. 1, с. $43-45,502 \frac{18}{18}$ т. 2, c.</text_orig>
</article>
