<?xml version="1.0" ?>
<article uri="http://libmeta.ru/me/article/1023_NKKOMEDA" alphabetic_pos="1023">
  <title>НККОМЕДА КОНХОИДА</title>
  <authors>
    <author>Д. Д. Соколов</author>
  </authors>
  <pages>
    <start>521</start>
    <end>521</end>
  </pages>
  <literature>
    <literature_orig>Лит.: [1] С а в е л о в А. А., Плоские кривые, М., 1960.</literature_orig>
    <unit>
      <author>Савелов А. А.</author>
      <title>Плоские кривые</title>
      <publication>М.</publication>
      <year>1960</year>
      <other/>
    </unit>
  </literature>
  <formulas_main>
    <formula uri="http://libmeta.ru/me/formula/main/1023_1_NKKOMEDA">\rho=\frac{a}{\sin \varphi} \pm l .</formula>
  </formulas_main>
  <formulas_aux>
    <formula uri="http://libmeta.ru/me/formula/aux/1023_1_NKKOMEDA">l&lt;a</formula>
    <formula uri="http://libmeta.ru/me/formula/aux/1023_2_NKKOMEDA">\left(x^{2}+y^{2}\right)(y-a)^{2}-</formula>
    <formula uri="http://libmeta.ru/me/formula/aux/1023_3_NKKOMEDA">x=a</formula>
    <formula uri="http://libmeta.ru/me/formula/aux/1023_4_NKKOMEDA">b</formula>
    <formula uri="http://libmeta.ru/me/formula/aux/1023_5_NKKOMEDA">c</formula>
    <formula uri="http://libmeta.ru/me/formula/aux/1023_6_NKKOMEDA">x=a</formula>
    <formula uri="http://libmeta.ru/me/formula/aux/1023_7_NKKOMEDA">a</formula>
    <formula uri="http://libmeta.ru/me/formula/aux/1023_8_NKKOMEDA">l</formula>
    <formula uri="http://libmeta.ru/me/formula/aux/1023_9_NKKOMEDA">l&lt;a-</formula>
    <formula uri="http://libmeta.ru/me/formula/aux/1023_10_NKKOMEDA">e, F</formula>
    <formula uri="http://libmeta.ru/me/formula/aux/1023_11_NKKOMEDA">l&gt;a-</formula>
    <formula uri="http://libmeta.ru/me/formula/aux/1023_12_NKKOMEDA">l=a-</formula>
    <formula uri="http://libmeta.ru/me/formula/aux/1023_13_NKKOMEDA">x=a</formula>
  </formulas_aux>
  <relations n="1">
    <relation uri="http://libmeta.ru/me/relation/1023_1_NKKOMEDA">
      <rel_text>задачи</rel_text>
      <target>http://libmeta.ru/me/article/10_ZAdAch</target>
    </relation>
  </relations>
  <text>плоская алгебраич. кривая 4-го порядка, уравнение к-рой в декартовых

![](https://cdn.mathpix.com/cropped/2023_07_08_25c38a661f0d9049ebceg-1.jpg?height=315&amp;width=171&amp;top_left_y=537&amp;top_left_x=128)

a) $URI[[http://libmeta.ru/me/formula/aux/1023_1_NKKOMEDA]]/URI$
![](https://cdn.mathpix.com/cropped/2023_07_08_25c38a661f0d9049ebceg-1.jpg?height=338&amp;width=364&amp;top_left_y=533&amp;top_left_x=296)
ординатах имеет в Ii $URI[[http://libmeta.ru/me/formula/aux/1023_2_NKKOMEDA]]/URI$ в полярных координатах:

\[
URI[[http://libmeta.ru/me/formula/main/1023_1_NKKOMEDA]]/URI
\]

В н е їн я я в е т в ь (см. рис.).

Асимптота $URI[[http://libmeta.ru/me/formula/aux/1023_3_NKKOMEDA]]/URI$. Две точки перегиба $URI[[http://libmeta.ru/me/formula/aux/1023_4_NKKOMEDA]]/URI$ и $URI[[http://libmeta.ru/me/formula/aux/1023_5_NKKOMEDA]]/URI$.

В в у т р е н н я я в е т в ь. Асимптота $URI[[http://libmeta.ru/me/formula/aux/1023_6_NKKOMEDA]]/URI$. Начало координат - двойная точка, характер к-рой зависит от величин $URI[[http://libmeta.ru/me/formula/aux/1023_7_NKKOMEDA]]/URI$ и $URI[[http://libmeta.ru/me/formula/aux/1023_8_NKKOMEDA]]/URI$ : при $URI[[http://libmeta.ru/me/formula/aux/1023_9_NKKOMEDA]]/URI$ изолированная точка, кривая имеет еще две точки перегиба $URI[[http://libmeta.ru/me/formula/aux/1023_10_NKKOMEDA]]/URI$; при $URI[[http://libmeta.ru/me/formula/aux/1023_11_NKKOMEDA]]/URI$ узловая точка; при $URI[[http://libmeta.ru/me/formula/aux/1023_12_NKKOMEDA]]/URI$ возврата точка. Н. к.конхоида прямой $URI[[http://libmeta.ru/me/formula/aux/1023_13_NKKOMEDA]]/URI$.

Н. к. названа по имени Никомеда (3 в. до н. э.), к-рый применял ее для решения URI[[http://libmeta.ru/me/relation/1023_1_NKKOMEDA]]/URI о трисекции угла.</text>
  <text_orig>плоская алгебраич. кривая 4-го порядка, уравнение к-рой в декартовых

![](https://cdn.mathpix.com/cropped/2023_07_08_25c38a661f0d9049ebceg-1.jpg?height=315&amp;width=171&amp;top_left_y=537&amp;top_left_x=128)

a) $l&lt;a$
![](https://cdn.mathpix.com/cropped/2023_07_08_25c38a661f0d9049ebceg-1.jpg?height=338&amp;width=364&amp;top_left_y=533&amp;top_left_x=296)
ординатах имеет в II $\left(x^{2}+y^{2}\right)(y-a)^{2}-$ в полярных координатах:

\[
\rho=\frac{a}{\sin \varphi} \pm l .
\]

В н е їн я я в е т в ь (см. рис.).

Асимптота $x=a$. Две точки перегиба $B$ и $C$.

В в у т р е н н я я в е т в ь. Асимптота $x=a$. Начало координат - двойная точка, характер к-рой зависит от величин $a$ и $l$ : при $l&lt;a-$ изолированная точка, кривая имеет еще две точки перегиба $E, F$; при $l&gt;a-$ узловая точка; при $l=a-$ возврата точка. Н. к.конхоида прямой $x=a$.

Н. к. названа по имени Никомеда (3 в. до н. э.), к-рый применял ее для решения задачи о трисекции угла.

Лит.: [1] С а в е л о в А. А., Плоские кривые, М., 1960. Д. Д. Соколов.</text_orig>
</article>
