<?xml version="1.0" ?>
<article uri="http://libmeta.ru/me/article/1024_KOMPONENT" alphabetic_pos="1024">
  <title>КОМПОНЕНТА</title>
  <authors/>
  <pages>
    <start>508</start>
    <end>508</end>
  </pages>
  <literature>
    <literature_orig/>
  </literature>
  <formulas_main/>
  <formulas_aux>
    <formula uri="http://libmeta.ru/me/formula/aux/1024_1_KOMPONENT">c</formula>
    <formula uri="http://libmeta.ru/me/formula/aux/1024_2_KOMPONENT">x</formula>
    <formula uri="http://libmeta.ru/me/formula/aux/1024_3_KOMPONENT">c_{1} \subset X</formula>
    <formula uri="http://libmeta.ru/me/formula/aux/1024_4_KOMPONENT">c \subset C_{1}</formula>
    <formula uri="http://libmeta.ru/me/formula/aux/1024_5_KOMPONENT">c=c_{1}</formula>
    <formula uri="http://libmeta.ru/me/formula/aux/1024_6_KOMPONENT">\mathrm{k}</formula>
    <formula uri="http://libmeta.ru/me/formula/aux/1024_7_KOMPONENT">c-\mathrm{K}</formula>
    <formula uri="http://libmeta.ru/me/formula/aux/1024_8_KOMPONENT">x</formula>
    <formula uri="http://libmeta.ru/me/formula/aux/1024_9_KOMPONENT">c \subset Y \subset X</formula>
    <formula uri="http://libmeta.ru/me/formula/aux/1024_10_KOMPONENT">c</formula>
    <formula uri="http://libmeta.ru/me/formula/aux/1024_11_KOMPONENT">\mathrm{k}</formula>
    <formula uri="http://libmeta.ru/me/formula/aux/1024_12_KOMPONENT">y</formula>
    <formula uri="http://libmeta.ru/me/formula/aux/1024_13_KOMPONENT">f: X \rightarrow Y-</formula>
    <formula uri="http://libmeta.ru/me/formula/aux/1024_14_KOMPONENT">c</formula>
    <formula uri="http://libmeta.ru/me/formula/aux/1024_15_KOMPONENT">y</formula>
    <formula uri="http://libmeta.ru/me/formula/aux/1024_16_KOMPONENT">f^{-1}(C)-</formula>
    <formula uri="http://libmeta.ru/me/formula/aux/1024_17_KOMPONENT">\boldsymbol{x}</formula>
  </formulas_aux>
  <relations n="12">
    <relation uri="http://libmeta.ru/me/relation/1024_1_KOMPONENT">
      <rel_text>компонентой</rel_text>
      <target>http://libmeta.ru/me/article/1005_KOMPAKTNOST</target>
    </relation>
    <relation uri="http://libmeta.ru/me/relation/1024_2_KOMPONENT">
      <rel_text>множество</rel_text>
      <target>http://libmeta.ru/me/article/733_MNOZhESTV</target>
    </relation>
    <relation uri="http://libmeta.ru/me/relation/1024_3_KOMPONENT">
      <rel_text>непрерывное отображение</rel_text>
      <target>http://libmeta.ru/me/article/949_NEPRERYVNOE</target>
    </relation>
    <relation uri="http://libmeta.ru/me/relation/1024_4_KOMPONENT">
      <rel_text>монотонное</rel_text>
      <target>http://libmeta.ru/me/article/779_MONOMORFIZ</target>
    </relation>
    <relation uri="http://libmeta.ru/me/relation/1024_5_KOMPONENT">
      <rel_text>пространства</rel_text>
      <target>http://libmeta.ru/me/article/748_PROSTRANSTV</target>
    </relation>
    <relation uri="http://libmeta.ru/me/relation/1024_6_KOMPONENT">
      <rel_text>множество</rel_text>
      <target>http://libmeta.ru/me/article/733_MNOZhESTV</target>
    </relation>
    <relation uri="http://libmeta.ru/me/relation/1024_7_KOMPONENT">
      <rel_text>связное</rel_text>
      <target>http://libmeta.ru/me/article/1222_SVJaZK</target>
    </relation>
    <relation uri="http://libmeta.ru/me/relation/1024_8_KOMPONENT">
      <rel_text>пространства</rel_text>
      <target>http://libmeta.ru/me/article/748_PROSTRANSTV</target>
    </relation>
    <relation uri="http://libmeta.ru/me/relation/1024_9_KOMPONENT">
      <rel_text>множества</rel_text>
      <target>http://libmeta.ru/me/article/733_MNOZhESTV</target>
    </relation>
    <relation uri="http://libmeta.ru/me/relation/1024_10_KOMPONENT">
      <rel_text>связного</rel_text>
      <target>http://libmeta.ru/me/article/1233_SvJaZNOSt</target>
    </relation>
    <relation uri="http://libmeta.ru/me/relation/1024_11_KOMPONENT">
      <rel_text>пространства</rel_text>
      <target>http://libmeta.ru/me/article/748_PROSTRANSTV</target>
    </relation>
    <relation uri="http://libmeta.ru/me/relation/1024_12_KOMPONENT">
      <rel_text>связное</rel_text>
      <target>http://libmeta.ru/me/article/1222_SVJaZK</target>
    </relation>
  </relations>
  <text>п р о с т р а н с т в а - URI[[http://libmeta.ru/me/relation/1024_12_KOMPONENT]]/URI подмножество $URI[[http://libmeta.ru/me/formula/aux/1024_1_KOMPONENT]]/URI$ топологич. URI[[http://libmeta.ru/me/relation/1024_11_KOMPONENT]]/URI $URI[[http://libmeta.ru/me/formula/aux/1024_2_KOMPONENT]]/URI$, обладающее следующим свойством: для любого URI[[http://libmeta.ru/me/relation/1024_10_KOMPONENT]]/URI URI[[http://libmeta.ru/me/relation/1024_9_KOMPONENT]]/URI $URI[[http://libmeta.ru/me/formula/aux/1024_3_KOMPONENT]]/URI$ из включения $URI[[http://libmeta.ru/me/formula/aux/1024_4_KOMPONENT]]/URI$ вытекает, что $URI[[http://libmeta.ru/me/formula/aux/1024_5_KOMPONENT]]/URI$. K. URI[[http://libmeta.ru/me/relation/1024_8_KOMPONENT]]/URI являются непересекающимися множествами. Всякое непустое URI[[http://libmeta.ru/me/relation/1024_7_KOMPONENT]]/URI URI[[http://libmeta.ru/me/relation/1024_6_KOMPONENT]]/URI содержится в одной и только одной $URI[[http://libmeta.ru/me/formula/aux/1024_6_KOMPONENT]]/URI$. Если $URI[[http://libmeta.ru/me/formula/aux/1024_7_KOMPONENT]]/URI$. URI[[http://libmeta.ru/me/relation/1024_5_KOMPONENT]]/URI $URI[[http://libmeta.ru/me/formula/aux/1024_8_KOMPONENT]]/URI$, и при этом $URI[[http://libmeta.ru/me/formula/aux/1024_9_KOMPONENT]]/URI$, то $URI[[http://libmeta.ru/me/formula/aux/1024_10_KOMPONENT]]/URI$ есть $URI[[http://libmeta.ru/me/formula/aux/1024_11_KOMPONENT]]/URI$. подпространства $URI[[http://libmeta.ru/me/formula/aux/1024_12_KOMPONENT]]/URI$. Если $URI[[http://libmeta.ru/me/formula/aux/1024_13_KOMPONENT]]/URI$ URI[[http://libmeta.ru/me/relation/1024_4_KOMPONENT]]/URI URI[[http://libmeta.ru/me/relation/1024_3_KOMPONENT]]/URI на, то URI[[http://libmeta.ru/me/relation/1024_2_KOMPONENT]]/URI $URI[[http://libmeta.ru/me/formula/aux/1024_14_KOMPONENT]]/URI$ является URI[[http://libmeta.ru/me/relation/1024_1_KOMPONENT]]/URI $URI[[http://libmeta.ru/me/formula/aux/1024_15_KOMPONENT]]/URI$ тогда и только тогда, когда $URI[[http://libmeta.ru/me/formula/aux/1024_16_KOMPONENT]]/URI$ R. $URI[[http://libmeta.ru/me/formula/aux/1024_17_KOMPONENT]]/URI$.

Лит.. [1] К у р а т о в с к и й К., Топология, т. 2, пер. с
англ., М., 1969.</text>
  <text_orig>п р о с т р а н с т в а - связное подмножество $C$ топологич. пространства $X$, обладающее следующим свойством: для любого связного множества $C_{1} \subset X$ из включения $C \subset C_{1}$ вытекает, что $C=C_{1}$. K. пространства являются непересекающимися множествами. Всякое непустое связное множество содержится в одной и только одной $\mathrm{K}$. Если $C-\mathrm{K}$. пространства $X$, и при этом $C \subset Y \subset X$, то $C$ есть $\mathrm{K}$. подпространства $Y$. Если $f: X \rightarrow Y-$ монотонное непрерывное отображение на, то множество $C$ является компонентой $Y$ тогда и только тогда, когда $f^{-1}(C)-$ R. $\boldsymbol{X}$.

Лит.. [1] К у р а т о в с к и й К., Топология, т. 2, пер. с
англ., М., 1969.</text_orig>
</article>
