<?xml version="1.0" ?>
<article uri="http://libmeta.ru/me/article/1024_REGU" alphabetic_pos="1024">
  <title>РЕГУ ЛЯРНАЯ ЭКСТРЕМАЛЬ</title>
  <authors>
    <author>К. Б. Вапнярский</author>
  </authors>
  <pages>
    <start>470</start>
    <end>471</end>
  </pages>
  <literature>
    <literature_orig>Лит.: [1] Б л и с с Г. А., Лекции по вариационному исчислению, пер. с англ., М., 1950; [2] Л а в р е н т в е в M. А., изт. М. - Л. 1950 .,</literature_orig>
    <unit>
      <author>Блисс Г. А.</author>
      <title>Лекции по вариационному исчислению</title>
      <publication>пер. с англ., М.</publication>
      <year>1950</year>
      <other/>
    </unit>
    <unit>
      <author>Лаврентвев M. А.</author>
      <title/>
      <publication/>
      <year/>
      <other>изт. М. - Л. 1950 .</other>
    </unit>
  </literature>
  <formulas_main>
    <formula uri="http://libmeta.ru/me/formula/main/1024_1_REGU">F_{y^{\prime} y^{\prime}}\left(x, y(x), y^{\prime}(x)\right) \neq 0,</formula>
    <formula uri="http://libmeta.ru/me/formula/main/1024_2_REGU">J=\int_{x_{1}}^{x_{2}} F\left(x, y, y^{\prime}\right) d x .</formula>
    <formula uri="http://libmeta.ru/me/formula/main/1024_3_REGU">F_{y}-\frac{d}{d x} F_{y^{\prime}}=0 .</formula>
    <formula uri="http://libmeta.ru/me/formula/main/1024_4_REGU">F_{y}-F_{y^{\prime} x}-F_{y^{\prime} y} y^{\prime}-F_{y^{\prime} y^{\prime}} y^{\prime \prime}=0</formula>
    <formula uri="http://libmeta.ru/me/formula/main/1024_5_REGU">y^{\prime \prime}=f\left(x, y, y^{\prime}\right)</formula>
    <formula uri="http://libmeta.ru/me/formula/main/1024_6_REGU">F_{y^{\prime} y^{\prime}}\left(x, y(x), y^{\prime}(x)\right)&lt;0 .</formula>
    <formula uri="http://libmeta.ru/me/formula/main/1024_7_REGU">J=\int_{x_{1}}^{x_{2}} F\left(x, y_{1}, \ldots, y_{n}, y_{1}^{\prime}, \ldots, y_{n}^{\prime}\right) d x,</formula>
    <formula uri="http://libmeta.ru/me/formula/main/1024_8_REGU">\left|F_{y_{i}^{\prime}}^{\prime} y_{j}^{\prime}\right| \neq 0</formula>
  </formulas_main>
  <formulas_aux>
    <formula uri="http://libmeta.ru/me/formula/aux/1024_1_REGU">y(x)</formula>
    <formula uri="http://libmeta.ru/me/formula/aux/1024_2_REGU">f\left(x, y, y^{\prime}\right)</formula>
    <formula uri="http://libmeta.ru/me/formula/aux/1024_3_REGU">y^{\prime \prime}(x)</formula>
    <formula uri="http://libmeta.ru/me/formula/aux/1024_4_REGU">y^{\prime \prime}(x)</formula>
    <formula uri="http://libmeta.ru/me/formula/aux/1024_5_REGU">y(x)</formula>
    <formula uri="http://libmeta.ru/me/formula/aux/1024_6_REGU">n</formula>
    <formula uri="http://libmeta.ru/me/formula/aux/1024_7_REGU">n</formula>
    <formula uri="http://libmeta.ru/me/formula/aux/1024_8_REGU">f</formula>
    <formula uri="http://libmeta.ru/me/formula/aux/1024_9_REGU">l</formula>
  </formulas_aux>
  <relations n="4">
    <relation uri="http://libmeta.ru/me/relation/1024_1_REGU">
      <rel_text>Оптимальный режим особый</rel_text>
      <target>http://libmeta.ru/me/article/47_OPTIMAL'NYJ</target>
    </relation>
    <relation uri="http://libmeta.ru/me/relation/1024_2_REGU">
      <rel_text>необходимые условия</rel_text>
      <target>http://libmeta.ru/me/article/923_NEOBHODIMYE</target>
    </relation>
    <relation uri="http://libmeta.ru/me/relation/1024_3_REGU">
      <rel_text>дополняющие</rel_text>
      <target>http://libmeta.ru/me/article/335_DOPOLNENI</target>
    </relation>
    <relation uri="http://libmeta.ru/me/relation/1024_4_REGU">
      <rel_text>Экстремаль</rel_text>
      <target>http://libmeta.ru/me/article/1123_EKSTREMAL</target>
    </relation>
  </relations>
  <text>н е о с о б е н н а я ә к с т р е м а л ь, - экстремаль $URI[[http://libmeta.ru/me/formula/aux/1024_1_REGU]]/URI$, во всех точках к-рой выполняется условие

\[
URI[[http://libmeta.ru/me/formula/main/1024_1_REGU]]/URI
\]

где $URI[[http://libmeta.ru/me/formula/aux/1024_2_REGU]]/URI$ - подинтегральная функция, входящая в минимизируемый функционал

\[
URI[[http://libmeta.ru/me/formula/main/1024_2_REGU]]/URI
\]

Как всякая экстремаль, Р. э. есть, по определению, гладкое решение Эйлера уравнения

\[
URI[[http://libmeta.ru/me/formula/main/1024_3_REGU]]/URI
\]

Точки әкстремали, в к-рых выполнено условие (1), наз. р е г у л я р ным и точ к а м и. Доказано, что в каждой регулярной точке экстремаль имеет непрерывную 2-ю производную $URI[[http://libmeta.ru/me/formula/aux/1024_3_REGU]]/URI$. На Р. э. 2-я производная $URI[[http://libmeta.ru/me/formula/aux/1024_4_REGU]]/URI$ непрерывна. Для Р.. уравнение Эйлера

\[
URI[[http://libmeta.ru/me/formula/main/1024_4_REGU]]/URI
\]

можно записать в виде, разрешенном относительно старшей производной

\[
URI[[http://libmeta.ru/me/formula/main/1024_5_REGU]]/URI
\]

Свойство регулярности (1) непосредственно связано с необходимым Лежандра условием (в усиленной форме), согласно к-рому во всех точках әкстремали должно выполняться неравенство

\[
URI[[http://libmeta.ru/me/formula/main/1024_6_REGU]]/URI
\]

Регулярность существенно используется при доказательстве возможности включения экстремали $URI[[http://libmeta.ru/me/formula/aux/1024_5_REGU]]/URI$ в окружающее ее поле әкстремалей. Если хотя бы в одной точке условие (1) нарушается, то әкстремаль не всегда может быть включена в поле. Условие включения экстремали в поле является одним из достаточных условий әкстремума.

Приведенное определение Р. ә. дано для простейшей задачи вариационного исчисления, в к-рой рассматривается функционал, зависящий от одной неизвестной функции. Для функционалов, зависящих от $URI[[http://libmeta.ru/me/formula/aux/1024_6_REGU]]/URI$ неизвестных функций:

\[
URI[[http://libmeta.ru/me/formula/main/1024_7_REGU]]/URI
\]

Р. э. наз. такая экстремаль, во всех точках к-рой определитель $URI[[http://libmeta.ru/me/formula/aux/1024_7_REGU]]/URI$-го порядка

\[
URI[[http://libmeta.ru/me/formula/main/1024_8_REGU]]/URI
\]

Для более общих задач вариационного исчисления на условный экстремум (см. Больца задача) Р. э. оiiределяется аналогично: только вместо $URI[[http://libmeta.ru/me/formula/aux/1024_8_REGU]]/URI$ в (2) следует подставить Лагранжа бункцию $URI[[http://libmeta.ru/me/formula/aux/1024_9_REGU]]/URI$.

URI[[http://libmeta.ru/me/relation/1024_4_REGU]]/URI, у к-рой на нек-ром участке условие регулярности ((1) или (2)) нарушается во всех точках, наз. о с о 6 о й ә к с т р е м а л ь ю, а указанный участок наз. уч а с т ком ос о бого р е жима. Для особых режимов выведены необходимые условия, URI[[http://libmeta.ru/me/relation/1024_3_REGU]]/URI известные классические URI[[http://libmeta.ru/me/relation/1024_2_REGU]]/URI экстремума (см. URI[[http://libmeta.ru/me/relation/1024_1_REGU]]/URI).</text>
  <text_orig>н е о с о б е н н а я ә к с т р е м а л ь, - экстремаль $y(x)$, во всех точках к-рой выполняется условие

\[
F_{y^{\prime} y^{\prime}}\left(x, y(x), y^{\prime}(x)\right) \neq 0,
\]

где $F\left(x, y, y^{\prime}\right)$ - подинтегральная функция, входящая в минимизируемый функционал

\[
J=\int_{x_{1}}^{x_{2}} F\left(x, y, y^{\prime}\right) d x .
\]

Как всякая экстремаль, Р. э. есть, по определению, гладкое решение Эйлера уравнения

\[
F_{y}-\frac{d}{d x} F_{y^{\prime}}=0 .
\]

Точки әкстремали, в к-рых выполнено условие (1), наз. р е г у л я р ным и точ к а м и. Доказано, что в каждой регулярной точке экстремаль имеет непрерывную 2-ю производную $y^{\prime \prime}(x)$. На Р. э. 2-я производная $y^{\prime \prime}(x)$ непрерывна. Для Р.. уравнение Эйлера

\[
F_{y}-F_{y^{\prime} x}-F_{y^{\prime} y} y^{\prime}-F_{y^{\prime} y^{\prime}} y^{\prime \prime}=0
\]

можно записать в виде, разрешенном относительно старшей производной

\[
y^{\prime \prime}=f\left(x, y, y^{\prime}\right)
\]

Свойство регулярности (1) непосредственно связано с необходимым Лежандра условием (в усиленной форме), согласно к-рому во всех точках әкстремали должно выполняться неравенство

\[
F_{y^{\prime} y^{\prime}}\left(x, y(x), y^{\prime}(x)\right)&lt;0 .
\]

Регулярность существенно используется при доказательстве возможности включения экстремали $y(x)$ в окружающее ее поле әкстремалей. Если хотя бы в одной точке условие (1) нарушается, то әкстремаль не всегда может быть включена в поле. Условие включения экстремали в поле является одним из достаточных условий әкстремума.

Приведенное определение Р. ә. дано для простейшей задачи вариационного исчисления, в к-рой рассматривается функционал, зависящий от одной неизвестной функции. Для функционалов, зависящих от $n$ неизвестных функций:

\[
J=\int_{x_{1}}^{x_{2}} F\left(x, y_{1}, \ldots, y_{n}, y_{1}^{\prime}, \ldots, y_{n}^{\prime}\right) d x,
\]

Р. э. наз. такая экстремаль, во всех точках к-рой определитель $n$-го порядка

\[
\left|F_{y_{i}^{\prime}}^{\prime} y_{j}^{\prime}\right| \neq 0
\]

Для более общих задач вариационного исчисления на условный экстремум (см. Больца задача) Р. э. оIIределяется аналогично: только вместо $F$ в (2) следует подставить Лагранжа бункцию $L$.

Экстремаль, у к-рой на нек-ром участке условие регулярности ((1) или (2)) нарушается во всех точках, наз. о с о 6 о й ә к с т р е м а л ь ю, а указанный участок наз. уч а с т ком ос о бого р е жима. Для особых режимов выведены необходимые условия, дополняющие известные классические необходимые условия экстремума (см. Оптимальный режим особый). Лит.: [1] Б л и с с Г. А., Лекции по вариационному исчислению, пер. с англ., М., 1950; [2] Л а в р е н т в е в M. А., изт. М. - Л. 1950 ., К. Б. Вапнярский.</text_orig>
</article>
