<?xml version="1.0" ?>
<article uri="http://libmeta.ru/me/article/1025_REGULJaR̈NO" alphabetic_pos="1025">
  <title>РЕГУЛЯР̈НО КОЛЬЦ</title>
  <authors>
    <author>В. И. Данилов</author>
  </authors>
  <pages>
    <start>471</start>
    <end>471</end>
  </pages>
  <literature>
    <literature_orig>Jum.: [1] 3 а р и с с к и й О., С а м ю э ль П., Коммутативная алгебра, пер. с англ., т. 2, М., 1963; [2] С е p p Ж.- П., &quot;математика&quot;, 1963 , т. 7, № 5, c. 3-93; [3] G r o th e n d ie c k A., D i e u d o n n é J. (red.), Eléments de géométrie algébrique, chap. 4, Р., 1964.</literature_orig>
    <unit>
      <author>3арисский О.</author>
      <author>Самюэль П.</author>
      <title>Коммутативная алгебра</title>
      <publication>пер. с англ., т. 2, М.</publication>
      <year>1963</year>
      <other/>
    </unit>
    <unit>
      <author>Сеpp Ж.- П.</author>
      <title>&quot;математика&quot;</title>
      <publication/>
      <year>1963</year>
      <other>т. 7, № 5, c. 3-93</other>
    </unit>
    <unit>
      <author>Grothendieck A.</author>
      <title>D i e u d o n n é J. (red.), Eléments de géométrie algébrique, chap. 4, Р.</title>
      <publication/>
      <year>1964</year>
      <other/>
    </unit>
  </literature>
  <formulas_main>
    <formula uri="http://libmeta.ru/me/formula/main/1025_1_REGULJaR̈NO">G_{\mathfrak{m}}(A)=\bigoplus_{i \geqslant 0} \mathfrak{m}^{i} / \mathfrak{m}^{i+1}</formula>
  </formulas_main>
  <formulas_aux>
    <formula uri="http://libmeta.ru/me/formula/aux/1025_1_REGULJaR̈NO">a</formula>
    <formula uri="http://libmeta.ru/me/formula/aux/1025_2_REGULJaR̈NO">a_{\downarrow}</formula>
    <formula uri="http://libmeta.ru/me/formula/aux/1025_3_REGULJaR̈NO">\mathfrak{p}-</formula>
    <formula uri="http://libmeta.ru/me/formula/aux/1025_4_REGULJaR̈NO">a</formula>
    <formula uri="http://libmeta.ru/me/formula/aux/1025_5_REGULJaR̈NO">a</formula>
    <formula uri="http://libmeta.ru/me/formula/aux/1025_6_REGULJaR̈NO">\mathfrak{m}</formula>
    <formula uri="http://libmeta.ru/me/formula/aux/1025_7_REGULJaR̈NO">\mathfrak{m}</formula>
    <formula uri="http://libmeta.ru/me/formula/aux/1025_8_REGULJaR̈NO">n</formula>
    <formula uri="http://libmeta.ru/me/formula/aux/1025_9_REGULJaR̈NO">n=\operatorname{dim} A</formula>
    <formula uri="http://libmeta.ru/me/formula/aux/1025_10_REGULJaR̈NO">\mathfrak{m} / \mathfrak{n t}^{2}</formula>
    <formula uri="http://libmeta.ru/me/formula/aux/1025_11_REGULJaR̈NO">\operatorname{dim} A</formula>
    <formula uri="http://libmeta.ru/me/formula/aux/1025_12_REGULJaR̈NO">a</formula>
    <formula uri="http://libmeta.ru/me/formula/aux/1025_13_REGULJaR̈NO">a</formula>
    <formula uri="http://libmeta.ru/me/formula/aux/1025_14_REGULJaR̈NO">\operatorname{dim} A</formula>
    <formula uri="http://libmeta.ru/me/formula/aux/1025_15_REGULJaR̈NO">k\left[x_{1}, \ldots, X_{n}\right]</formula>
    <formula uri="http://libmeta.ru/me/formula/aux/1025_16_REGULJaR̈NO">a</formula>
    <formula uri="http://libmeta.ru/me/formula/aux/1025_17_REGULJaR̈NO">\widehat{a} ;</formula>
    <formula uri="http://libmeta.ru/me/formula/aux/1025_18_REGULJaR̈NO">a \subset B</formula>
    <formula uri="http://libmeta.ru/me/formula/aux/1025_19_REGULJaR̈NO">b</formula>
    <formula uri="http://libmeta.ru/me/formula/aux/1025_20_REGULJaR̈NO">a</formula>
    <formula uri="http://libmeta.ru/me/formula/aux/1025_21_REGULJaR̈NO">r\left[\left[x_{1}, \ldots, X_{n}\right]\right]</formula>
    <formula uri="http://libmeta.ru/me/formula/aux/1025_22_REGULJaR̈NO">r-</formula>
    <formula uri="http://libmeta.ru/me/formula/aux/1025_23_REGULJaR̈NO">a</formula>
    <formula uri="http://libmeta.ru/me/formula/aux/1025_24_REGULJaR̈NO">a\left[x_{1}, \ldots, X_{n}\right]</formula>
    <formula uri="http://libmeta.ru/me/formula/aux/1025_25_REGULJaR̈NO">a\left[\left[x_{1}, \ldots, X_{n}\right]\right]</formula>
    <formula uri="http://libmeta.ru/me/formula/aux/1025_26_REGULJaR̈NO">a</formula>
    <formula uri="http://libmeta.ru/me/formula/aux/1025_27_REGULJaR̈NO">a \in A-</formula>
    <formula uri="http://libmeta.ru/me/formula/aux/1025_28_REGULJaR̈NO">\mathrm{p}</formula>
    <formula uri="http://libmeta.ru/me/formula/aux/1025_29_REGULJaR̈NO">a / a A</formula>
    <formula uri="http://libmeta.ru/me/formula/aux/1025_30_REGULJaR̈NO">a \notin \mathfrak{m}^{2}</formula>
  </formulas_aux>
  <relations n="10">
    <relation uri="http://libmeta.ru/me/relation/1025_1_REGULJaR̈NO">
      <rel_text>регулярно</rel_text>
      <target>http://libmeta.ru/me/article/1037_REGULJaTO</target>
    </relation>
    <relation uri="http://libmeta.ru/me/relation/1025_2_REGULJaR̈NO">
      <rel_text>локального</rel_text>
      <target>http://libmeta.ru/me/article/425_LOKALIZATsI</target>
    </relation>
    <relation uri="http://libmeta.ru/me/relation/1025_3_REGULJaR̈NO">
      <rel_text>формальных</rel_text>
      <target>http://libmeta.ru/me/article/731_FORMALIZ</target>
    </relation>
    <relation uri="http://libmeta.ru/me/relation/1025_4_REGULJaR̈NO">
      <rel_text>кольцо</rel_text>
      <target>http://libmeta.ru/me/article/1000_KOL'Ts</target>
    </relation>
    <relation uri="http://libmeta.ru/me/relation/1025_5_REGULJaR̈NO">
      <rel_text>многочленов</rel_text>
      <target>http://libmeta.ru/me/article/438_MNOGOOBRAZI</target>
    </relation>
    <relation uri="http://libmeta.ru/me/relation/1025_6_REGULJaR̈NO">
      <rel_text>кольцо</rel_text>
      <target>http://libmeta.ru/me/article/1000_KOL'Ts</target>
    </relation>
    <relation uri="http://libmeta.ru/me/relation/1025_7_REGULJaR̈NO">
      <rel_text>регулярно</rel_text>
      <target>http://libmeta.ru/me/article/1037_REGULJaTO</target>
    </relation>
    <relation uri="http://libmeta.ru/me/relation/1025_8_REGULJaR̈NO">
      <rel_text>регулярно</rel_text>
      <target>http://libmeta.ru/me/article/1037_REGULJaTO</target>
    </relation>
    <relation uri="http://libmeta.ru/me/relation/1025_9_REGULJaR̈NO">
      <rel_text>дедекиндово кольцо</rel_text>
      <target>http://libmeta.ru/me/article/75_DEDEKINDOVO</target>
    </relation>
    <relation uri="http://libmeta.ru/me/relation/1025_10_REGULJaR̈NO">
      <rel_text>поле</rel_text>
      <target>http://libmeta.ru/me/article/390_POL</target>
    </relation>
  </relations>
  <text>О в к о м м у т а т И в н о Й а л г е б р е - нётерово кольцо $URI[[http://libmeta.ru/me/formula/aux/1025_1_REGULJaR̈NO]]/URI$, все локализации $URI[[http://libmeta.ru/me/formula/aux/1025_2_REGULJaR̈NO]]/URI$ к-рого регулярны; здесь $URI[[http://libmeta.ru/me/formula/aux/1025_3_REGULJaR̈NO]]/URI$ простой идеал в $URI[[http://libmeta.ru/me/formula/aux/1025_4_REGULJaR̈NO]]/URI$. При этом јокальное нётерово кольцо $URI[[http://libmeta.ru/me/formula/aux/1025_5_REGULJaR̈NO]]/URI$ с максимальным идеалом $URI[[http://libmeta.ru/me/formula/aux/1025_6_REGULJaR̈NO]]/URI$ наз. р е г у л я р ны м, если $URI[[http://libmeta.ru/me/formula/aux/1025_7_REGULJaR̈NO]]/URI$ порождается $URI[[http://libmeta.ru/me/formula/aux/1025_8_REGULJaR̈NO]]/URI$ әлементами, где $URI[[http://libmeta.ru/me/formula/aux/1025_9_REGULJaR̈NO]]/URI$, т. е. если касательное пространство $URI[[http://libmeta.ru/me/formula/aux/1025_10_REGULJaR̈NO]]/URI$ (как векторное пространство над полем вычетов) имеет размерность, равную $URI[[http://libmeta.ru/me/formula/aux/1025_11_REGULJaR̈NO]]/URI$. Это равносильно отсутствию особенностей у схемы Spec $URI[[http://libmeta.ru/me/formula/aux/1025_12_REGULJaR̈NO]]/URI$. Локальное Р. к. $URI[[http://libmeta.ru/me/formula/aux/1025_13_REGULJaR̈NO]]/URI$ всегда целостно и нормально, а также факториально (т е о р е м а А у с л е н д е р а Б у к с б а у м а), глубина его равна $URI[[http://libmeta.ru/me/formula/aux/1025_14_REGULJaR̈NO]]/URI$. Асcoциированное градуированное кольцо

\[
URI[[http://libmeta.ru/me/formula/main/1025_1_REGULJaR̈NO]]/URI
\]

изоморфно кольцу многочленов $URI[[http://libmeta.ru/me/formula/aux/1025_15_REGULJaR̈NO]]/URI$. Локальное нётерово кольцо $URI[[http://libmeta.ru/me/formula/aux/1025_16_REGULJaR̈NO]]/URI$ регулярно тогда и только тогда, когда регулярно его пополнение $URI[[http://libmeta.ru/me/formula/aux/1025_17_REGULJaR̈NO]]/URI$ вообще, если $URI[[http://libmeta.ru/me/formula/aux/1025_18_REGULJaR̈NO]]/URI$ - плоское расширение локальных колец и $URI[[http://libmeta.ru/me/formula/aux/1025_19_REGULJaR̈NO]]/URI$ регулярно, то и $URI[[http://libmeta.ru/me/formula/aux/1025_20_REGULJaR̈NO]]/URI$ регулярно. Для полных локальных Р. к. имеет место с т р у к т у р н а я т е о р е м а К о ә н а: они имеют вид $URI[[http://libmeta.ru/me/formula/aux/1025_21_REGULJaR̈NO]]/URI$, где $URI[[http://libmeta.ru/me/formula/aux/1025_22_REGULJaR̈NO]]/URI$ поле или кольцо дискретного нормирования. Јюбой модуль конөчного типа над локальным Р. к. обладает конечной свободной резольвентой (см. Гильберта теорема о сизигиях); верно и обратное (см. [2]).

Р. к. являются любое URI[[http://libmeta.ru/me/relation/1025_10_REGULJaR̈NO]]/URI и любое URI[[http://libmeta.ru/me/relation/1025_9_REGULJaR̈NO]]/URI. Если $URI[[http://libmeta.ru/me/formula/aux/1025_23_REGULJaR̈NO]]/URI$ URI[[http://libmeta.ru/me/relation/1025_8_REGULJaR̈NO]]/URI, то URI[[http://libmeta.ru/me/relation/1025_7_REGULJaR̈NO]]/URI URI[[http://libmeta.ru/me/relation/1025_6_REGULJaR̈NO]]/URI URI[[http://libmeta.ru/me/relation/1025_5_REGULJaR̈NO]]/URI $URI[[http://libmeta.ru/me/formula/aux/1025_24_REGULJaR̈NO]]/URI$ и URI[[http://libmeta.ru/me/relation/1025_4_REGULJaR̈NO]]/URI URI[[http://libmeta.ru/me/relation/1025_3_REGULJaR̈NO]]/URI степенных рядов $URI[[http://libmeta.ru/me/formula/aux/1025_25_REGULJaR̈NO]]/URI$ над $URI[[http://libmeta.ru/me/formula/aux/1025_26_REGULJaR̈NO]]/URI$. Если $URI[[http://libmeta.ru/me/formula/aux/1025_27_REGULJaR̈NO]]/URI$ необратимый элемент URI[[http://libmeta.ru/me/relation/1025_2_REGULJaR̈NO]]/URI $URI[[http://libmeta.ru/me/formula/aux/1025_28_REGULJaR̈NO]]/URI$. к., то $URI[[http://libmeta.ru/me/formula/aux/1025_29_REGULJaR̈NO]]/URI$ URI[[http://libmeta.ru/me/relation/1025_1_REGULJaR̈NO]]/URI тогда и только тогда, когда $URI[[http://libmeta.ru/me/formula/aux/1025_30_REGULJaR̈NO]]/URI$.</text>
  <text_orig>О в к о м м у т а т И в н о Й а л г е б р е - нётерово кольцо $A$, все локализации $A_{\downarrow}$ к-рого регулярны; здесь $\mathfrak{p}-$ простой идеал в $A$. При этом јокальное нётерово кольцо $A$ с максимальным идеалом $\mathfrak{m}$ наз. р е г у л я р ны м, если $\mathfrak{m}$ порождается $n$ әлементами, где $n=\operatorname{dim} A$, т. е. если касательное пространство $\mathfrak{m} / \mathfrak{n t}^{2}$ (как векторное пространство над полем вычетов) имеет размерность, равную $\operatorname{dim} A$. Это равносильно отсутствию особенностей у схемы Spec $A$. Локальное Р. к. $A$ всегда целостно и нормально, а также факториально (т е о р е м а А у с л е н д е р а Б у к с б а у м а), глубина его равна $\operatorname{dim} A$. Асcoциированное градуированное кольцо

\[
G_{\mathfrak{m}}(A)=\bigoplus_{i \geqslant 0} \mathfrak{m}^{i} / \mathfrak{m}^{i+1}
\]

изоморфно кольцу многочленов $k\left[X_{1}, \ldots, X_{n}\right]$. Локальное нётерово кольцо $A$ регулярно тогда и только тогда, когда регулярно его пополнение $\widehat{A} ;$ вообще, если $A \subset B$ - плоское расширение локальных колец и $B$ регулярно, то и $A$ регулярно. Для полных локальных Р. к. имеет место с т р у к т у р н а я т е о р е м а К о ә н а: они имеют вид $R\left[\left[X_{1}, \ldots, X_{n}\right]\right]$, где $R-$ поле или кольцо дискретного нормирования. Јюбой модуль конөчного типа над локальным Р. к. обладает конечной свободной резольвентой (см. Гильберта теорема о сизигиях); верно и обратное (см. [2]).

Р. к. являются любое поле и любое дедекиндово кольцо. Если $A$ регулярно, то регулярно кольцо многочленов $A\left[X_{1}, \ldots, X_{n}\right]$ и кольцо формальных степенных рядов $A\left[\left[X_{1}, \ldots, X_{n}\right]\right]$ над $A$. Если $a \in A-$ необратимый элемент локального $\mathrm{P}$. к., то $A / a A$ регулярно тогда и только тогда, когда $a \notin \mathfrak{m}^{2}$.

Jum.: [1] 3 а р и с с к и й О., С а м ю э ль П., Коммутативная алгебра, пер. с англ., т. 2, М., 1963; [2] С е p p Ж.- П., &quot;Математика&quot;, 1963 , т. 7, № 5, c. 3-93; [3] G r o th e n d ie c k A., D i e u d o n n é J. (red.), Eléments de géométrie algébrique, chap. 4, Р., 1964. В. И. Данилов.</text_orig>
</article>
