<?xml version="1.0" ?>
<article uri="http://libmeta.ru/me/article/1025_KӦNGRUӘNTNOST" alphabetic_pos="1025">
  <title>КӦНГРУӘНТНОСТБ</title>
  <authors/>
  <pages>
    <start>508</start>
    <end>508</end>
  </pages>
  <literature>
    <literature_orig/>
  </literature>
  <formulas_main/>
  <formulas_aux/>
  <relations n="13">
    <relation uri="http://libmeta.ru/me/relation/1025_1_KӦNGRUӘNTNOST">
      <rel_text>Гильберта система аксиом</rel_text>
      <target>http://libmeta.ru/me/article/1033_GIL'BERTA</target>
    </relation>
    <relation uri="http://libmeta.ru/me/relation/1025_2_KӦNGRUӘNTNOST">
      <rel_text>переведена</rel_text>
      <target>http://libmeta.ru/me/article/222_PEREGÓROD</target>
    </relation>
    <relation uri="http://libmeta.ru/me/relation/1025_3_KӦNGRUӘNTNOST">
      <rel_text>движением</rel_text>
      <target>http://libmeta.ru/me/article/25_DVIZhENI</target>
    </relation>
    <relation uri="http://libmeta.ru/me/relation/1025_4_KӦNGRUӘNTNOST">
      <rel_text>кривизны</rel_text>
      <target>http://libmeta.ru/me/article/91_KRIVIZN</target>
    </relation>
    <relation uri="http://libmeta.ru/me/relation/1025_5_KӦNGRUӘNTNOST">
      <rel_text>пространств</rel_text>
      <target>http://libmeta.ru/me/article/748_PROSTRANSTV</target>
    </relation>
    <relation uri="http://libmeta.ru/me/relation/1025_6_KӦNGRUӘNTNOST">
      <rel_text>геометрии</rel_text>
      <target>http://libmeta.ru/me/article/1012_GEOMETRI</target>
    </relation>
    <relation uri="http://libmeta.ru/me/relation/1025_7_KӦNGRUӘNTNOST">
      <rel_text>евклидовой геометрии</rel_text>
      <target>http://libmeta.ru/me/article/382_EVKLIDOVA</target>
    </relation>
    <relation uri="http://libmeta.ru/me/relation/1025_8_KӦNGRUӘNTNOST">
      <rel_text>движений</rel_text>
      <target>http://libmeta.ru/me/article/25_DVIZhENI</target>
    </relation>
    <relation uri="http://libmeta.ru/me/relation/1025_9_KӦNGRUӘNTNOST">
      <rel_text>группы</rel_text>
      <target>http://libmeta.ru/me/article/1207_GRUPІІ</target>
    </relation>
    <relation uri="http://libmeta.ru/me/relation/1025_10_KӦNGRUӘNTNOST">
      <rel_text>отрезков</rel_text>
      <target>http://libmeta.ru/me/article/135_OTREZO</target>
    </relation>
    <relation uri="http://libmeta.ru/me/relation/1025_11_KӦNGRUӘNTNOST">
      <rel_text>геометрич</rel_text>
      <target>http://libmeta.ru/me/article/1012_GEOMETRI</target>
    </relation>
    <relation uri="http://libmeta.ru/me/relation/1025_12_KӦNGRUӘNTNOST">
      <rel_text>множестве</rel_text>
      <target>http://libmeta.ru/me/article/733_MNOZhESTV</target>
    </relation>
    <relation uri="http://libmeta.ru/me/relation/1025_13_KӦNGRUӘNTNOST">
      <rel_text>эквивалентности</rel_text>
      <target>http://libmeta.ru/me/article/1105_EKVIVALENTNOST</target>
    </relation>
  </relations>
  <text>отнопение URI[[http://libmeta.ru/me/relation/1025_13_KӦNGRUӘNTNOST]]/URI на URI[[http://libmeta.ru/me/relation/1025_12_KӦNGRUӘNTNOST]]/URI URI[[http://libmeta.ru/me/relation/1025_11_KӦNGRUӘNTNOST]]/URI. фигур (URI[[http://libmeta.ru/me/relation/1025_10_KӦNGRUӘNTNOST]]/URI, углов и т. д.). Оно вводится либо аксиоматически (см. URI[[http://libmeta.ru/me/relation/1025_1_KӦNGRUӘNTNOST]]/URI), либо на основе какой-либо URI[[http://libmeta.ru/me/relation/1025_9_KӦNGRUӘNTNOST]]/URI преобразований, чаще всего URI[[http://libmeta.ru/me/relation/1025_8_KӦNGRUӘNTNOST]]/URI. Так, в URI[[http://libmeta.ru/me/relation/1025_7_KӦNGRUӘNTNOST]]/URI (и вообе в URI[[http://libmeta.ru/me/relation/1025_6_KӦNGRUӘNTNOST]]/URI URI[[http://libmeta.ru/me/relation/1025_5_KӦNGRUӘNTNOST]]/URI постоянной URI[[http://libmeta.ru/me/relation/1025_4_KӦNGRUӘNTNOST]]/URI) две фигуры наз. к о н г р уә н т н ы м и, или р а в ны м и, если одна из них URI[[http://libmeta.ru/me/relation/1025_3_KӦNGRUӘNTNOST]]/URI может быть URI[[http://libmeta.ru/me/relation/1025_2_KӦNGRUӘNTNOST]]/URI в другую.</text>
  <text_orig>отнопение эквивалентности на множестве геометрич. фигур (отрезков, углов и т. д.). Оно вводится либо аксиоматически (см. Гильберта система аксиом), либо на основе какой-либо группы преобразований, чаще всего движений. Так, в евклидовой геометрии (и вообе в геометрии пространств постоянной кривизны) две фигуры наз. к о н г р уә н т н ы м и, или р а в ны м и, если одна из них движением может быть переведена в другую.</text_orig>
</article>
