<?xml version="1.0" ?>
<article uri="http://libmeta.ru/me/article/1026_NIL'MNOGOOBRAZI" alphabetic_pos="1026">
  <title>НИЛЬМНОГООБРАЗИЕ</title>
  <authors/>
  <pages>
    <start>521</start>
    <end>521</end>
  </pages>
  <literature>
    <literature_orig/>
  </literature>
  <formulas_main/>
  <formulas_aux/>
  <relations n="5">
    <relation uri="http://libmeta.ru/me/relation/1026_1_NIL'MNOGOOBRAZI">
      <rel_text>компактности</rel_text>
      <target>http://libmeta.ru/me/article/1005_KOMPAKTNOST</target>
    </relation>
    <relation uri="http://libmeta.ru/me/relation/1026_2_NIL'MNOGOOBRAZI">
      <rel_text>группы</rel_text>
      <target>http://libmeta.ru/me/article/1207_GRUPІІ</target>
    </relation>
    <relation uri="http://libmeta.ru/me/relation/1026_3_NIL'MNOGOOBRAZI">
      <rel_text>связной</rel_text>
      <target>http://libmeta.ru/me/article/1222_SVJaZK</target>
    </relation>
    <relation uri="http://libmeta.ru/me/relation/1026_4_NIL'MNOGOOBRAZI">
      <rel_text>факторпространство</rel_text>
      <target>http://libmeta.ru/me/article/670_FAKTORPREDSTAVLENI</target>
    </relation>
    <relation uri="http://libmeta.ru/me/relation/1026_5_NIL'MNOGOOBRAZI">
      <rel_text>компактное</rel_text>
      <target>http://libmeta.ru/me/article/1022_KOMPOZitsI</target>
    </relation>
  </relations>
  <text>URI[[http://libmeta.ru/me/relation/1026_5_NIL'MNOGOOBRAZI]]/URI URI[[http://libmeta.ru/me/relation/1026_4_NIL'MNOGOOBRAZI]]/URI URI[[http://libmeta.ru/me/relation/1026_3_NIL'MNOGOOBRAZI]]/URI нилыпотентной URI[[http://libmeta.ru/me/relation/1026_2_NIL'MNOGOOBRAZI]]/URI Ли (иногда, впрочем, URI[[http://libmeta.ru/me/relation/1026_1_NIL'MNOGOOBRAZI]]/URI не требуется).

![](https://cdn.mathpix.com/cropped/2023_07_08_25c38a661f0d9049ebceg-1.jpg?height=53&amp;width=824&amp;top_left_y=2164&amp;top_left_x=1000)</text>
  <text_orig>компактное факторпространство связной нилыпотентной группы Ли (иногда, впрочем, компактности не требуется).

![](https://cdn.mathpix.com/cropped/2023_07_08_25c38a661f0d9049ebceg-1.jpg?height=53&amp;width=824&amp;top_left_y=2164&amp;top_left_x=1000)</text_orig>
</article>
