<?xml version="1.0" ?>
<article uri="http://libmeta.ru/me/article/1026_REGULJaRNOE" alphabetic_pos="1026">
  <title>РЕГУЛЯРНОЕ КОЛЬЦО</title>
  <authors/>
  <pages>
    <start>471</start>
    <end>472</end>
  </pages>
  <literature>
    <literature_orig>Лum.: [1] С к о р н я к о в Л. А., Дедекиндовы структуры с дополнениями и регулярные кольца, М., 1961; [2] В е r b e r in a n S. K., Baer *-rings, B. - [a. o.], 1972; [3] K a p l a n sk y I., Rings of operators, N. Y.- Amst., 1968.</literature_orig>
    <unit>
      <author>Скорняков Л. А.</author>
      <title>Дедекиндовы структуры с дополнениями и регулярные кольца</title>
      <publication>М.</publication>
      <year>1961</year>
      <other/>
    </unit>
    <unit>
      <author>Веrberinan S. K.</author>
      <title>Baer *-rings, B. - [a. o.]</title>
      <publication/>
      <year>1972</year>
      <other/>
    </unit>
    <unit>
      <author>Kaplansky I.</author>
      <title>Rings of operators, N. Y.- Amst.</title>
      <publication/>
      <year>1968</year>
      <other/>
    </unit>
  </literature>
  <formulas_main/>
  <formulas_aux>
    <formula uri="http://libmeta.ru/me/formula/aux/1026_1_REGULJaRNOE">a x a=a</formula>
    <formula uri="http://libmeta.ru/me/formula/aux/1026_2_REGULJaRNOE">a</formula>
    <formula uri="http://libmeta.ru/me/formula/aux/1026_3_REGULJaRNOE">r</formula>
    <formula uri="http://libmeta.ru/me/formula/aux/1026_4_REGULJaRNOE">r</formula>
    <formula uri="http://libmeta.ru/me/formula/aux/1026_5_REGULJaRNOE">r</formula>
    <formula uri="http://libmeta.ru/me/formula/aux/1026_6_REGULJaRNOE">r</formula>
    <formula uri="http://libmeta.ru/me/formula/aux/1026_7_REGULJaRNOE">r</formula>
    <formula uri="http://libmeta.ru/me/formula/aux/1026_8_REGULJaRNOE">r</formula>
    <formula uri="http://libmeta.ru/me/formula/aux/1026_9_REGULJaRNOE">[5],[8],[10])</formula>
    <formula uri="http://libmeta.ru/me/formula/aux/1026_10_REGULJaRNOE">g</formula>
    <formula uri="http://libmeta.ru/me/formula/aux/1026_11_REGULJaRNOE">g</formula>
    <formula uri="http://libmeta.ru/me/formula/aux/1026_12_REGULJaRNOE">r</formula>
    <formula uri="http://libmeta.ru/me/formula/aux/1026_13_REGULJaRNOE">r</formula>
    <formula uri="http://libmeta.ru/me/formula/aux/1026_14_REGULJaRNOE">r</formula>
    <formula uri="http://libmeta.ru/me/formula/aux/1026_15_REGULJaRNOE">r</formula>
    <formula uri="http://libmeta.ru/me/formula/aux/1026_16_REGULJaRNOE">r^{n} n</formula>
    <formula uri="http://libmeta.ru/me/formula/aux/1026_17_REGULJaRNOE">r</formula>
    <formula uri="http://libmeta.ru/me/formula/aux/1026_18_REGULJaRNOE">l</formula>
    <formula uri="http://libmeta.ru/me/formula/aux/1026_19_REGULJaRNOE">r^{n}</formula>
    <formula uri="http://libmeta.ru/me/formula/aux/1026_20_REGULJaRNOE">l</formula>
    <formula uri="http://libmeta.ru/me/formula/aux/1026_21_REGULJaRNOE">a_{1}, \ldots, a_{n}</formula>
    <formula uri="http://libmeta.ru/me/formula/aux/1026_22_REGULJaRNOE">l</formula>
    <formula uri="http://libmeta.ru/me/formula/aux/1026_23_REGULJaRNOE">\left.R^{n}\right)</formula>
    <formula uri="http://libmeta.ru/me/formula/aux/1026_24_REGULJaRNOE">a_{i}</formula>
    <formula uri="http://libmeta.ru/me/formula/aux/1026_25_REGULJaRNOE">a_{i}</formula>
    <formula uri="http://libmeta.ru/me/formula/aux/1026_26_REGULJaRNOE">l</formula>
    <formula uri="http://libmeta.ru/me/formula/aux/1026_27_REGULJaRNOE">r</formula>
    <formula uri="http://libmeta.ru/me/formula/aux/1026_28_REGULJaRNOE">l</formula>
    <formula uri="http://libmeta.ru/me/formula/aux/1026_29_REGULJaRNOE">(n \times n)</formula>
    <formula uri="http://libmeta.ru/me/formula/aux/1026_30_REGULJaRNOE">r</formula>
    <formula uri="http://libmeta.ru/me/formula/aux/1026_31_REGULJaRNOE">a^{2} x=a</formula>
    <formula uri="http://libmeta.ru/me/formula/aux/1026_32_REGULJaRNOE">r</formula>
    <formula uri="http://libmeta.ru/me/formula/aux/1026_33_REGULJaRNOE">r</formula>
    <formula uri="http://libmeta.ru/me/formula/aux/1026_34_REGULJaRNOE">r</formula>
    <formula uri="http://libmeta.ru/me/formula/aux/1026_35_REGULJaRNOE">r</formula>
    <formula uri="http://libmeta.ru/me/formula/aux/1026_36_REGULJaRNOE">r</formula>
    <formula uri="http://libmeta.ru/me/formula/aux/1026_37_REGULJaRNOE">r</formula>
    <formula uri="http://libmeta.ru/me/formula/aux/1026_38_REGULJaRNOE">r</formula>
    <formula uri="http://libmeta.ru/me/formula/aux/1026_39_REGULJaRNOE">u</formula>
    <formula uri="http://libmeta.ru/me/formula/aux/1026_40_REGULJaRNOE">a \times a=a</formula>
    <formula uri="http://libmeta.ru/me/formula/aux/1026_41_REGULJaRNOE">л-р</formula>
    <formula uri="http://libmeta.ru/me/formula/aux/1026_42_REGULJaRNOE">a</formula>
    <formula uri="http://libmeta.ru/me/formula/aux/1026_43_REGULJaRNOE">x</formula>
    <formula uri="http://libmeta.ru/me/formula/aux/1026_44_REGULJaRNOE">n</formula>
    <formula uri="http://libmeta.ru/me/formula/aux/1026_45_REGULJaRNOE">a^{n} x a^{n}=a^{n}</formula>
    <formula uri="http://libmeta.ru/me/formula/aux/1026_46_REGULJaRNOE">x y=1</formula>
    <formula uri="http://libmeta.ru/me/formula/aux/1026_47_REGULJaRNOE">y x=1</formula>
    <formula uri="http://libmeta.ru/me/formula/aux/1026_48_REGULJaRNOE">e</formula>
    <formula uri="http://libmeta.ru/me/formula/aux/1026_49_REGULJaRNOE">r</formula>
    <formula uri="http://libmeta.ru/me/formula/aux/1026_50_REGULJaRNOE">e R e</formula>
    <formula uri="http://libmeta.ru/me/formula/aux/1026_51_REGULJaRNOE">\mathrm{i}_{\text {fin }}</formula>
    <formula uri="http://libmeta.ru/me/formula/aux/1026_52_REGULJaRNOE">\mathrm{i}_{\mathrm{inf}}-</formula>
    <formula uri="http://libmeta.ru/me/formula/aux/1026_53_REGULJaRNOE">\mathrm{ii}_{\mathrm{fin}}</formula>
    <formula uri="http://libmeta.ru/me/formula/aux/1026_54_REGULJaRNOE">i_{1}</formula>
    <formula uri="http://libmeta.ru/me/formula/aux/1026_55_REGULJaRNOE">\mathrm{i}_{\mathrm{fin}}</formula>
    <formula uri="http://libmeta.ru/me/formula/aux/1026_56_REGULJaRNOE">\alpha \mapsto \alpha^{*}</formula>
    <formula uri="http://libmeta.ru/me/formula/aux/1026_57_REGULJaRNOE">\alpha \alpha^{*}=0</formula>
    <formula uri="http://libmeta.ru/me/formula/aux/1026_58_REGULJaRNOE">\alpha=0</formula>
    <formula uri="http://libmeta.ru/me/formula/aux/1026_59_REGULJaRNOE">e</formula>
    <formula uri="http://libmeta.ru/me/formula/aux/1026_60_REGULJaRNOE">e^{*}=e</formula>
    <formula uri="http://libmeta.ru/me/formula/aux/1026_61_REGULJaRNOE">a_{1}, \ldots, a_{n}</formula>
    <formula uri="http://libmeta.ru/me/formula/aux/1026_62_REGULJaRNOE">n \geqslant 4</formula>
  </formulas_aux>
  <relations n="20">
    <relation uri="http://libmeta.ru/me/relation/1026_1_REGULJaRNOE">
      <rel_text>Резулярное</rel_text>
      <target>http://libmeta.ru/me/article/1046_REZUL'TAN</target>
    </relation>
    <relation uri="http://libmeta.ru/me/relation/1026_2_REGULJaRNOE">
      <rel_text>Дeдекиндова решетка</rel_text>
      <target>http://libmeta.ru/me/article/74_DEDEKINDOVA</target>
    </relation>
    <relation uri="http://libmeta.ru/me/relation/1026_3_REGULJaRNOE">
      <rel_text>проекций</rel_text>
      <target>http://libmeta.ru/me/article/707_PROEKTsI</target>
    </relation>
    <relation uri="http://libmeta.ru/me/relation/1026_4_REGULJaRNOE">
      <rel_text>ортодополнениями</rel_text>
      <target>http://libmeta.ru/me/article/66_ORTOGONALӤZADI</target>
    </relation>
    <relation uri="http://libmeta.ru/me/relation/1026_5_REGULJaRNOE">
      <rel_text>кольцо</rel_text>
      <target>http://libmeta.ru/me/article/1000_KOL'Ts</target>
    </relation>
    <relation uri="http://libmeta.ru/me/relation/1026_6_REGULJaRNOE">
      <rel_text>решетка с дополнениями</rel_text>
      <target>http://libmeta.ru/me/article/1090_REShETKA</target>
    </relation>
    <relation uri="http://libmeta.ru/me/relation/1026_7_REGULJaRNOE">
      <rel_text>геометрией</rel_text>
      <target>http://libmeta.ru/me/article/1012_GEOMETRI</target>
    </relation>
    <relation uri="http://libmeta.ru/me/relation/1026_8_REGULJaRNOE">
      <rel_text>проекций</rel_text>
      <target>http://libmeta.ru/me/article/707_PROEKTsI</target>
    </relation>
    <relation uri="http://libmeta.ru/me/relation/1026_9_REGULJaRNOE">
      <rel_text>проекцией</rel_text>
      <target>http://libmeta.ru/me/article/707_PROEKTsI</target>
    </relation>
    <relation uri="http://libmeta.ru/me/relation/1026_10_REGULJaRNOE">
      <rel_text>идеал</rel_text>
      <target>http://libmeta.ru/me/article/484_IDEA</target>
    </relation>
    <relation uri="http://libmeta.ru/me/relation/1026_11_REGULJaRNOE">
      <rel_text>Идемпотент</rel_text>
      <target>http://libmeta.ru/me/article/490_IDEMPOTEN</target>
    </relation>
    <relation uri="http://libmeta.ru/me/relation/1026_12_REGULJaRNOE">
      <rel_text>Ля</rel_text>
      <target>http://libmeta.ru/me/article/1058_L</target>
    </relation>
    <relation uri="http://libmeta.ru/me/relation/1026_13_REGULJaRNOE">
      <rel_text>категории</rel_text>
      <target>http://libmeta.ru/me/article/787_KATEGORI</target>
    </relation>
    <relation uri="http://libmeta.ru/me/relation/1026_14_REGULJaRNOE">
      <rel_text>модули</rel_text>
      <target>http://libmeta.ru/me/article/741_MODEL</target>
    </relation>
    <relation uri="http://libmeta.ru/me/relation/1026_15_REGULJaRNOE">
      <rel_text>кольца</rel_text>
      <target>http://libmeta.ru/me/article/1000_KOL'Ts</target>
    </relation>
    <relation uri="http://libmeta.ru/me/relation/1026_16_REGULJaRNOE">
      <rel_text>Алгебра</rel_text>
      <target>http://libmeta.ru/me/article/93_ALGEBR</target>
    </relation>
    <relation uri="http://libmeta.ru/me/relation/1026_17_REGULJaRNOE">
      <rel_text>кольца</rel_text>
      <target>http://libmeta.ru/me/article/1000_KOL'Ts</target>
    </relation>
    <relation uri="http://libmeta.ru/me/relation/1026_18_REGULJaRNOE">
      <rel_text>регулярные</rel_text>
      <target>http://libmeta.ru/me/article/1037_REGULJaTO</target>
    </relation>
    <relation uri="http://libmeta.ru/me/relation/1026_19_REGULJaRNOE">
      <rel_text>модули</rel_text>
      <target>http://libmeta.ru/me/article/741_MODEL</target>
    </relation>
    <relation uri="http://libmeta.ru/me/relation/1026_20_REGULJaRNOE">
      <rel_text>Кольца</rel_text>
      <target>http://libmeta.ru/me/article/1000_KOL'Ts</target>
    </relation>
  </relations>
  <text>(в смысле Неймана) ассоциативное кольцо (обычно с единицей), в к-ром уравнение $URI[[http://libmeta.ru/me/formula/aux/1026_1_REGULJaRNOE]]/URI$ разрешимо для любого $URI[[http://libmeta.ru/me/formula/aux/1026_2_REGULJaRNOE]]/URI$. Следующие своїства ассоциативного кольца $URI[[http://libmeta.ru/me/formula/aux/1026_3_REGULJaRNOE]]/URI$ с единицей равносильны: a) $URI[[http://libmeta.ru/me/formula/aux/1026_4_REGULJaRNOE]]/URI$ есть Р . к.; б) каждый главный левый идеал кольца $URI[[http://libmeta.ru/me/formula/aux/1026_5_REGULJaRNOE]]/URI$ порождается идемпотентом; в) главные левые идеалы кольца $URI[[http://libmeta.ru/me/formula/aux/1026_6_REGULJaRNOE]]/URI$ образуют подрешетку в решетке всех его левых идеалов, являющуюся дедекиндовой решеткой с дополнениями; г) каждый главный левый идеал кольца $URI[[http://libmeta.ru/me/formula/aux/1026_7_REGULJaRNOE]]/URI$ имеет дополнение в структуре всех его левых идеалов; д) все левые $URI[[http://libmeta.ru/me/formula/aux/1026_8_REGULJaRNOE]]/URI$-модули плоские; е) имеют место правые аналоги свойств б) - д) (см. [3], [4], $URI[[http://libmeta.ru/me/formula/aux/1026_9_REGULJaRNOE]]/URI$. Ввиду д) Р. к. иногда наз. а б с о л ю т н о п л о к и м и. Коммутативное кольцо регулярно тогда и только тогда, когда инъективны все простые модули над ним (см. [5]). Любой конечно порожденный левый (правый) идеал Р. к. оказывается главным и, следовательно, выделяется прямым слагаемым. Всякий неделитель нуля в Р.к. обратим. Радикал Джекобсона Р . к. равен нулю. Кольцо матриц над Р . к. оказывается Р. к. Класс Р. к. замкнут относительно перехода к прямым произведениям и факторкольцам. Идеал Р. к. является Р. к. (возможно, без единицы). Если Р. к. нётерово или совершенно (слева или справа), то оно оказывается классически полупростым кольцом. Всякое классически полупростое кольцо регулярно. Более того, регуля рным оказывается кольцо эндоморфизмов векторного пространства над телом (даже бесконечномерного), а также факторкольцо кольца эндоморфизмов инъективного левого (правого) модуля над любым кольцом по его радикалу Джекобсона (см. [3]) . В частности, всякое самоиньективное слева (справа) кольцо с нулевым радикалом Дґекобсона регулярно. Групповое кольцо групшы $URI[[http://libmeta.ru/me/formula/aux/1026_10_REGULJaRNOE]]/URI$ над Р. к. регулярно тогда и только тогда, когда любая конечно порожденная подгруппа в $URI[[http://libmeta.ru/me/formula/aux/1026_11_REGULJaRNOE]]/URI$ конечна и порядок каждой из таких подгрупп обратим в исходном Р. к. (см. [3]). Кольца эндоморфизмов всех свободных левых $URI[[http://libmeta.ru/me/formula/aux/1026_12_REGULJaRNOE]]/URI$-модулей регулярны в том и только в том случае, когда $URI[[http://libmeta.ru/me/formula/aux/1026_13_REGULJaRNOE]]/URI$ классически полупросто [6]. Счетно порожденные односторонние идеалы Р.к. проективны [8].

Если $URI[[http://libmeta.ru/me/formula/aux/1026_14_REGULJaRNOE]]/URI$ есть Р. к., то конечно порожденные подмодули левого $URI[[http://libmeta.ru/me/formula/aux/1026_15_REGULJaRNOE]]/URI$-модуля $URI[[http://libmeta.ru/me/formula/aux/1026_16_REGULJaRNOE]]/URI$-мерных строк над $URI[[http://libmeta.ru/me/formula/aux/1026_17_REGULJaRNOE]]/URI$ образуют дедекиндову решетку $URI[[http://libmeta.ru/me/formula/aux/1026_18_REGULJaRNOE]]/URI$ с дополнениями, являющуюся подрешеткой решгтки всех подмодулей модуля $URI[[http://libmeta.ru/me/formula/aux/1026_19_REGULJaRNOE]]/URI$. Решетка $URI[[http://libmeta.ru/me/formula/aux/1026_20_REGULJaRNOE]]/URI$ содержит 0 д н о р о д н ы й $URI[[http://libmeta.ru/me/formula/aux/1026_21_REGULJaRNOE]]/URI$, то есть эти әлементы независимы (см. URI[[http://libmeta.ru/me/relation/1026_2_REGULJaRNOE]]/URI), их сумма равна наибольшему элементу из $URI[[http://libmeta.ru/me/formula/aux/1026_22_REGULJaRNOE]]/URI$ (а именно, $URI[[http://libmeta.ru/me/formula/aux/1026_23_REGULJaRNOE]]/URI$ и любые $URI[[http://libmeta.ru/me/formula/aux/1026_24_REGULJaRNOE]]/URI$ и $URI[[http://libmeta.ru/me/formula/aux/1026_25_REGULJaRNOE]]/URI$ п е р с п е кт и в н ы, что означает существование для них общего дополнения. Наоборот, всякая дедекиндова решетка с дополнениями, обладающая однородным базисом, coдержащим не менее четырех элементов, изоморфна решетке $URI[[http://libmeta.ru/me/formula/aux/1026_26_REGULJaRNOE]]/URI$ для подходящего Р. к. $URI[[http://libmeta.ru/me/formula/aux/1026_27_REGULJaRNOE]]/URI$. Решетка $URI[[http://libmeta.ru/me/formula/aux/1026_28_REGULJaRNOE]]/URI$ изоморфна решетке главных левых идеалов кольца всех $URI[[http://libmeta.ru/me/formula/aux/1026_29_REGULJaRNOE]]/URI$ матриц над $URI[[http://libmeta.ru/me/formula/aux/1026_30_REGULJaRNOE]]/URI$ (см. [4], [10]).

Важный частный случай Р.к.- с т р о г о р е г ул я р н о е к о л ц о, в к-ром, по определению, разрешимо уравнение $URI[[http://libmeta.ru/me/formula/aux/1026_31_REGULJaRNOE]]/URI$. Равносильны следующие свойства Р.к. $URI[[http://libmeta.ru/me/formula/aux/1026_32_REGULJaRNOE]]/URI$ : а) $URI[[http://libmeta.ru/me/formula/aux/1026_33_REGULJaRNOE]]/URI$ строго регулярно; б) $URI[[http://libmeta.ru/me/formula/aux/1026_34_REGULJaRNOE]]/URI$ не содержит ненулевых нильпотентных элементов; в) все идөмпотенты кольца $URI[[http://libmeta.ru/me/formula/aux/1026_35_REGULJaRNOE]]/URI$ центральны; г) каждый левый (или каждый правый) идеал кольца $URI[[http://libmeta.ru/me/formula/aux/1026_36_REGULJaRNOE]]/URI$ является двусторонним; д) решетка главных левых (правых) идеалов кольца $URI[[http://libmeta.ru/me/formula/aux/1026_37_REGULJaRNOE]]/URI$ дистрибутивна; е) мультипликативная полугруппа кольца $URI[[http://libmeta.ru/me/formula/aux/1026_38_REGULJaRNOE]]/URI$ является инверсной полугруппой (см. [7], [8]).

Другой подкласс класса Р. к. образуют $URI[[http://libmeta.ru/me/formula/aux/1026_39_REGULJaRNOE]]/URI$-р е г у л я рны е ко льц а, где, по определению, уравнение $URI[[http://libmeta.ru/me/formula/aux/1026_40_REGULJaRNOE]]/URI$ имеет в качестве решения обратимый элемент. В классе Р. к. u-регулярные кольца характеризуются транзитивностью перспективности в решетке конечно порожденных подмодулей суммы двух экземпляров основного кольца, а также возможностью сокращать прямую сумму на конечно порожденный проективный модуль (см. [4], [8]).

Р. к. наз. н е п р е р ы в ны м с л е в а, если непрерывна решетка его главных левых идеалов. Непрерывное Р. к. и-регулярно и разлагается в прямую сумму строго Р.к. и самоинъективного кольца. На Р. к. может быть определена псевдоранг-функция, являющаяся аналогом меры на булевой алгебре. Она определяет псевдометрику. Пополнение Р. К. по этой метрике оказывается самоинъективным Р. к. (см. [8]).

Р. к. являются частным случаем $URI[[http://libmeta.ru/me/formula/aux/1026_41_REGULJaRNOE]]/URI$ е г у л я р ны к о л е ц, в к-рых, по определению, для каждого элемента $URI[[http://libmeta.ru/me/formula/aux/1026_42_REGULJaRNOE]]/URI$ найдутся элемент $URI[[http://libmeta.ru/me/formula/aux/1026_43_REGULJaRNOE]]/URI$ и натуральное число $URI[[http://libmeta.ru/me/formula/aux/1026_44_REGULJaRNOE]]/URI$ такие, что $URI[[http://libmeta.ru/me/formula/aux/1026_45_REGULJaRNOE]]/URI$.

Как двусторонний аналог Р. к. можно рассматривать би р е гул я рны е ко л.ь ц а, в к-рых, по определению, каждый главный двусторонний идеал порождается центральным идемпотентом. Каждый двусторонний идеалг бирегулярного кольца является пересечением его максимальных двусторонних идеалов. Всякое бирегулярное кольцо с единицей изоморфоно кольцу глобальных сечений с бикомпактными носителями пучка простых колец с единицей над бикомпактным вполне несвязным хаусдорфовым топологич. пространством, и всякое такое кольцо глобальных сечений бирегулярно (см. [2]). В коммутативном случае классы бирегулярных, строго Р. к. и Р. к. совпадают, и простые кольца в последнеӥ теореме заменяются полями.

Близки к Р к. б э р о ски е ко льц а, определяемые тем условием, что каждый левый (или, что при наличии единицы равносильно, каждый правый) аннулятор порождается идемпотентом. Примерами бэровскіх колец служат кольцо эндоморфизмов векторного пространства над телом и кольцо ограниченных операторов гильбертова пространства. Бәровское кольцо наз. а б е л е в ы м, если все его идемпотенты центральны, и коне чны м (по Д е д е к и н д у), если $URI[[http://libmeta.ru/me/formula/aux/1026_46_REGULJaRNOE]]/URI$ влечет за собой $URI[[http://libmeta.ru/me/formula/aux/1026_47_REGULJaRNOE]]/URI$. Идемпотент $URI[[http://libmeta.ru/me/formula/aux/1026_48_REGULJaRNOE]]/URI$ бэровского кольца $URI[[http://libmeta.ru/me/formula/aux/1026_49_REGULJaRNOE]]/URI$ наз. а б е л е в м (к о н е ч ы м), если кольцо $URI[[http://libmeta.ru/me/formula/aux/1026_50_REGULJaRNOE]]/URI$ абелево (конечно по Дедекинду). Различаются следующие типы бэровских колец: $URI[[http://libmeta.ru/me/formula/aux/1026_51_REGULJaRNOE]]/URI$ - конечные кольца, содержащие абелев идемпотент, не принадлежащий никакому собственному прямому слагаемому; $URI[[http://libmeta.ru/me/formula/aux/1026_52_REGULJaRNOE]]/URI$ бесконечные по Дедекинду (т. е. не содержащие ненулевых конечных центральных идемпотентов) кольца, содержащие абелев идемпотент, не принадлежащий никакому собственному прямому слагаемому; $URI[[http://libmeta.ru/me/formula/aux/1026_53_REGULJaRNOE]]/URI$ (или $URI[[http://libmeta.ru/me/formula/aux/1026_54_REGULJaRNOE]]/URI$ ) - конечные по Дедекинду кольца без ненулевых абелевых идемпотентов, содержащие конечный идемпотент, не принадлежащий никакому собственному прямому слагаемому; Ii inf - бесконечные по Дедекинду кольца с условием, указанным в Ii $URI[[http://libmeta.ru/me/formula/aux/1026_55_REGULJaRNOE]]/URI$; Iii - кольца без ненулевых конечных идемпотентов. Каждое бәровское кольцо единственным способом разлагается в прямую сумму колец перечисленных типов (см. [9]) .

P. к. были введены для координатизации непрерывных геометрий, бирегулярные - в связи с исследованием функциональных представлений колец, бэровские (и риккатовы) - при исследовании колец операторов.

Рассматривались неассоциативные Р. к. См. также *-регуларное кальца, риккартово кольцо.

Jum.: [1] Б у р б а к и Н., Коммутативная алгебра, пер. с франц., М., 1971; [2] Д а у н с Д Ж., Г оф м а н К., «математика&quot;, 1968 , т. 12, ㅅ 4, с. 3-24; [3] Л а м б е к И., URI[[http://libmeta.ru/me/relation/1026_20_REGULJaRNOE]]/URI и URI[[http://libmeta.ru/me/relation/1026_19_REGULJaRNOE]]/URI, пер. с англ., М., 1971; [4] С к о р н я к о в Ј. А., Дедекиндовы структуры с дополнениями и URI[[http://libmeta.ru/me/relation/1026_18_REGULJaRNOE]]/URI URI[[http://libmeta.ru/me/relation/1026_17_REGULJaRNOE]]/URI, М., 1961; [5] Ф е й с К., URI[[http://libmeta.ru/me/relation/1026_16_REGULJaRNOE]]/URI: URI[[http://libmeta.ru/me/relation/1026_15_REGULJaRNOE]]/URI, URI[[http://libmeta.ru/me/relation/1026_14_REGULJaRNOE]]/URI и URI[[http://libmeta.ru/me/relation/1026_13_REGULJaRNOE]]/URI, пер. с

![](https://cdn.mathpix.com/cropped/2023_07_08_59f942194af875d326a3g-1.jpg?height=47&amp;width=804&amp;top_left_y=1212&amp;top_left_x=154)

![](https://cdn.mathpix.com/cropped/2023_07_08_59f942194af875d326a3g-1.jpg?height=45&amp;width=806&amp;top_left_y=1240&amp;top_left_x=153)
a r l K. R., Von Neumann regular rings, L. - [a. o.], 1979; [9] [10] N e u m a n n'j., Continuous geometry, Princeton,' 1960

*-Регу URI[[http://libmeta.ru/me/relation/1026_12_REGULJaRNOE]]/URI Рное Л. А. Скорнлков. допускающее инволюционный антиавтоморфизм $URI[[http://libmeta.ru/me/formula/aux/1026_56_REGULJaRNOE]]/URI$ такої, что $URI[[http://libmeta.ru/me/formula/aux/1026_57_REGULJaRNOE]]/URI$ влечет за собой $URI[[http://libmeta.ru/me/formula/aux/1026_58_REGULJaRNOE]]/URI$. URI[[http://libmeta.ru/me/relation/1026_11_REGULJaRNOE]]/URI $URI[[http://libmeta.ru/me/formula/aux/1026_59_REGULJaRNOE]]/URI$ из *-Р. к. наз. п р о е к ц и е й, если $URI[[http://libmeta.ru/me/formula/aux/1026_60_REGULJaRNOE]]/URI$. Каждый левый (правый) URI[[http://libmeta.ru/me/relation/1026_10_REGULJaRNOE]]/URI *-Р.к. порождается однозначно определенной URI[[http://libmeta.ru/me/relation/1026_9_REGULJaRNOE]]/URI. Поәтому можно говорить о решетке URI[[http://libmeta.ru/me/relation/1026_8_REGULJaRNOE]]/URI *-Р. к. Если әта решетка полна, то она является непрерывной URI[[http://libmeta.ru/me/relation/1026_7_REGULJaRNOE]]/URI. Дедекиндова URI[[http://libmeta.ru/me/relation/1026_6_REGULJaRNOE]]/URI, обладающая однородным базисом $URI[[http://libmeta.ru/me/formula/aux/1026_61_REGULJaRNOE]]/URI$, где $URI[[http://libmeta.ru/me/formula/aux/1026_62_REGULJaRNOE]]/URI$ (см. URI[[http://libmeta.ru/me/relation/1026_1_REGULJaRNOE]]/URI URI[[http://libmeta.ru/me/relation/1026_5_REGULJaRNOE]]/URI), является решеткой с URI[[http://libmeta.ru/me/relation/1026_4_REGULJaRNOE]]/URI тогда и только тогда, когда она изоморфна решетке URI[[http://libmeta.ru/me/relation/1026_3_REGULJaRNOE]]/URI нек-рого *-P. к.</text>
  <text_orig>(в смысле Неймана) ассоциативное кольцо (обычно с единицей), в к-ром уравнение $a x a=a$ разрешимо для любого $a$. Следующие своїства ассоциативного кольца $R$ с единицей равносильны: a) $R$ есть Р . к.; б) каждый главный левый идеал кольца $R$ порождается идемпотентом; в) главные левые идеалы кольца $R$ образуют подрешетку в решетке всех его левых идеалов, являющуюся дедекиндовой решеткой с дополнениями; г) каждый главный левый идеал кольца $R$ имеет дополнение в структуре всех его левых идеалов; д) все левые $R$-модули плоские; е) имеют место правые аналоги свойств б) - д) (см. [3], [4], $[5],[8],[10])$. Ввиду д) Р. к. иногда наз. а б с о л ю т н о п л о к и м и. Коммутативное кольцо регулярно тогда и только тогда, когда инъективны все простые модули над ним (см. [5]). Любой конечно порожденный левый (правый) идеал Р. к. оказывается главным и, следовательно, выделяется прямым слагаемым. Всякий неделитель нуля в Р.к. обратим. Радикал Джекобсона Р . к. равен нулю. Кольцо матриц над Р . к. оказывается Р. к. Класс Р. к. замкнут относительно перехода к прямым произведениям и факторкольцам. Идеал Р. к. является Р. к. (возможно, без единицы). Если Р. к. нётерово или совершенно (слева или справа), то оно оказывается классически полупростым кольцом. Всякое классически полупростое кольцо регулярно. Более того, регуля рным оказывается кольцо эндоморфизмов векторного пространства над телом (даже бесконечномерного), а также факторкольцо кольца эндоморфизмов инъективного левого (правого) модуля над любым кольцом по его радикалу Джекобсона (см. [3]) . В частности, всякое самоиньективное слева (справа) кольцо с нулевым радикалом Дґекобсона регулярно. Групповое кольцо групшы $G$ над Р. к. регулярно тогда и только тогда, когда любая конечно порожденная подгруппа в $G$ конечна и порядок каждой из таких подгрупп обратим в исходном Р. к. (см. [3]). Кольца эндоморфизмов всех свободных левых $R$-модулей регулярны в том и только в том случае, когда $R$ классически полупросто [6]. Счетно порожденные односторонние идеалы Р.к. проективны [8].

Если $R$ есть Р. к., то конечно порожденные подмодули левого $R$-модуля $R^{n} n$-мерных строк над $R$ образуют дедекиндову решетку $L$ с дополнениями, являющуюся подрешеткой решгтки всех подмодулей модуля $R^{n}$. Решетка $L$ содержит 0 д н о р о д н ы й $a_{1}, \ldots, a_{n}$, то есть эти әлементы независимы (см. Дeдекиндова решетка), их сумма равна наибольшему элементу из $L$ (а именно, $\left.R^{n}\right)$ и любые $a_{i}$ и $a_{i}$ п е р с п е кт и в н ы, что означает существование для них общего дополнения. Наоборот, всякая дедекиндова решетка с дополнениями, обладающая однородным базисом, coдержащим не менее четырех элементов, изоморфна решетке $L$ для подходящего Р. к. $R$. Решетка $L$ изоморфна решетке главных левых идеалов кольца всех $(n \times n)$ матриц над $R$ (см. [4], [10]).

Важный частный случай Р.к.- с т р о г о р е г ул я р н о е к о л ц о, в к-ром, по определению, разрешимо уравнение $a^{2} x=a$. Равносильны следующие свойства Р.к. $R$ : а) $R$ строго регулярно; б) $R$ не содержит ненулевых нильпотентных элементов; в) все идөмпотенты кольца $R$ центральны; г) каждый левый (или каждый правый) идеал кольца $R$ является двусторонним; д) решетка главных левых (правых) идеалов кольца $R$ дистрибутивна; е) мультипликативная полугруппа кольца $R$ является инверсной полугруппой (см. [7], [8]).

Другой подкласс класса Р. к. образуют $u$-р е г у л я рны е ко льц а, где, по определению, уравнение $a \times a=a$ имеет в качестве решения обратимый элемент. В классе Р. к. u-регулярные кольца характеризуются транзитивностью перспективности в решетке конечно порожденных подмодулей суммы двух экземпляров основного кольца, а также возможностью сокращать прямую сумму на конечно порожденный проективный модуль (см. [4], [8]).

Р. к. наз. н е п р е р ы в ны м с л е в а, если непрерывна решетка его главных левых идеалов. Непрерывное Р. к. и-регулярно и разлагается в прямую сумму строго Р.к. и самоинъективного кольца. На Р. к. может быть определена псевдоранг-функция, являющаяся аналогом меры на булевой алгебре. Она определяет псевдометрику. Пополнение Р. К. по этой метрике оказывается самоинъективным Р. к. (см. [8]).

Р. к. являются частным случаем $л-р$ е г у л я р ны к о л е ц, в к-рых, по определению, для каждого элемента $a$ найдутся элемент $x$ и натуральное число $n$ такие, что $a^{n} x a^{n}=a^{n}$.

Как двусторонний аналог Р. к. можно рассматривать би р е гул я рны е ко л.ь ц а, в к-рых, по определению, каждый главный двусторонний идеал порождается центральным идемпотентом. Каждый двусторонний идеалг бирегулярного кольца является пересечением его максимальных двусторонних идеалов. Всякое бирегулярное кольцо с единицей изоморфоно кольцу глобальных сечений с бикомпактными носителями пучка простых колец с единицей над бикомпактным вполне несвязным хаусдорфовым топологич. пространством, и всякое такое кольцо глобальных сечений бирегулярно (см. [2]). В коммутативном случае классы бирегулярных, строго Р. к. и Р. к. совпадают, и простые кольца в последнеӥ теореме заменяются полями.

Близки к Р к. б э р о ски е ко льц а, определяемые тем условием, что каждый левый (или, что при наличии единицы равносильно, каждый правый) аннулятор порождается идемпотентом. Примерами бэровскіх колец служат кольцо эндоморфизмов векторного пространства над телом и кольцо ограниченных операторов гильбертова пространства. Бәровское кольцо наз. а б е л е в ы м, если все его идемпотенты центральны, и коне чны м (по Д е д е к и н д у), если $x y=1$ влечет за собой $y x=1$. Идемпотент $e$ бэровского кольца $R$ наз. а б е л е в м (к о н е ч ы м), если кольцо $e R e$ абелево (конечно по Дедекинду). Различаются следующие типы бэровских колец: $\mathrm{I}_{\text {fin }}$ - конечные кольца, содержащие абелев идемпотент, не принадлежащий никакому собственному прямому слагаемому; $\mathrm{I}_{\mathrm{inf}}-$ бесконечные по Дедекинду (т. е. не содержащие ненулевых конечных центральных идемпотентов) кольца, содержащие абелев идемпотент, не принадлежащий никакому собственному прямому слагаемому; $\mathrm{II}_{\mathrm{fin}}$ (или $I_{1}$ ) - конечные по Дедекинду кольца без ненулевых абелевых идемпотентов, содержащие конечный идемпотент, не принадлежащий никакому собственному прямому слагаемому; II inf - бесконечные по Дедекинду кольца с условием, указанным в II $\mathrm{I}_{\mathrm{fin}}$; III - кольца без ненулевых конечных идемпотентов. Каждое бәровское кольцо единственным способом разлагается в прямую сумму колец перечисленных типов (см. [9]) .

P. к. были введены для координатизации непрерывных геометрий, бирегулярные - в связи с исследованием функциональных представлений колец, бэровские (и риккатовы) - при исследовании колец операторов.

Рассматривались неассоциативные Р. к. См. также *-регуларное кальца, риккартово кольцо.

Jum.: [1] Б у р б а к и Н., Коммутативная алгебра, пер. с франц., М., 1971; [2] Д а у н с Д Ж., Г оф м а н К., «Математика&quot;, 1968 , т. 12, ㅅ 4, с. 3-24; [3] Л а м б е к И., Кольца и модули, пер. с англ., М., 1971; [4] С к о р н я к о в Ј. А., Дедекиндовы структуры с дополнениями и регулярные кольца, М., 1961; [5] Ф е й с К., Алгебра: кольца, модули и категории, пер. с

![](https://cdn.mathpix.com/cropped/2023_07_08_59f942194af875d326a3g-1.jpg?height=47&amp;width=804&amp;top_left_y=1212&amp;top_left_x=154)

![](https://cdn.mathpix.com/cropped/2023_07_08_59f942194af875d326a3g-1.jpg?height=45&amp;width=806&amp;top_left_y=1240&amp;top_left_x=153)
a r l K. R., Von Neumann regular rings, L. - [a. o.], 1979; [9] [10] N e u m a n n'J., Continuous geometry, Princeton,' 1960

*-РЕГУ ЛЯ РНОЕ Л. А. Скорнлков. допускающее инволюционный антиавтоморфизм $\alpha \mapsto \alpha^{*}$ такої, что $\alpha \alpha^{*}=0$ влечет за собой $\alpha=0$. Идемпотент $e$ из *-Р. к. наз. п р о е к ц и е й, если $e^{*}=e$. Каждый левый (правый) идеал *-Р.к. порождается однозначно определенной проекцией. Поәтому можно говорить о решетке проекций *-Р. к. Если әта решетка полна, то она является непрерывной геометрией. Дедекиндова решетка с дополнениями, обладающая однородным базисом $a_{1}, \ldots, a_{n}$, где $n \geqslant 4$ (см. Резулярное кольцо), является решеткой с ортодополнениями тогда и только тогда, когда она изоморфна решетке проекций нек-рого *-P. к.

Лum.: [1] С к о р н я к о в Л. А., Дедекиндовы структуры с дополнениями и регулярные кольца, М., 1961; [2] В е r b e r in a n S. K., Baer *-rings, B. - [a. o.], 1972; [3] K a p l a n sk y I., Rings of operators, N. Y.- Amst., 1968.</text_orig>
</article>
