<?xml version="1.0" ?>
<article uri="http://libmeta.ru/me/article/1026_IIIVARTsA" alphabetic_pos="1026">
  <title>IIIВАРЦА ФОРМУЛА</title>
  <authors>
    <author>H. Х. Сабитов</author>
  </authors>
  <pages>
    <start>445</start>
    <end>445</end>
  </pages>
  <literature>
    <literature_orig/>
  </literature>
  <formulas_main>
    <formula uri="http://libmeta.ru/me/formula/main/1026_1_IIIVARTsA">\boldsymbol{r}(u, v)=\operatorname{Re}\left\{\boldsymbol{r}(t)+i \int[\boldsymbol{n}, d \boldsymbol{r}]\right\}</formula>
  </formulas_main>
  <formulas_aux>
    <formula uri="http://libmeta.ru/me/formula/aux/1026_1_IIIVARTsA">\boldsymbol{r}(u, v)</formula>
    <formula uri="http://libmeta.ru/me/formula/aux/1026_2_IIIVARTsA">f</formula>
    <formula uri="http://libmeta.ru/me/formula/aux/1026_3_IIIVARTsA">\{\boldsymbol{r}(l)\}</formula>
    <formula uri="http://libmeta.ru/me/formula/aux/1026_4_IIIVARTsA">t</formula>
    <formula uri="http://libmeta.ru/me/formula/aux/1026_5_IIIVARTsA">l</formula>
    <formula uri="http://libmeta.ru/me/formula/aux/1026_6_IIIVARTsA">f, \boldsymbol{n}(t)</formula>
    <formula uri="http://libmeta.ru/me/formula/aux/1026_7_IIIVARTsA">\kappa F</formula>
    <formula uri="http://libmeta.ru/me/formula/aux/1026_8_IIIVARTsA">l</formula>
    <formula uri="http://libmeta.ru/me/formula/aux/1026_9_IIIVARTsA">t</formula>
    <formula uri="http://libmeta.ru/me/formula/aux/1026_10_IIIVARTsA">t</formula>
    <formula uri="http://libmeta.ru/me/formula/aux/1026_11_IIIVARTsA">t=u+i v</formula>
  </formulas_aux>
  <relations n="7">
    <relation uri="http://libmeta.ru/me/relation/1026_1_IIIVARTsA">
      <rel_text>задачи</rel_text>
      <target>http://libmeta.ru/me/article/10_ZAdAch</target>
    </relation>
    <relation uri="http://libmeta.ru/me/relation/1026_2_IIIVARTsA">
      <rel_text>ii</rel_text>
      <target>http://libmeta.ru/me/article/370_II</target>
    </relation>
    <relation uri="http://libmeta.ru/me/relation/1026_3_IIIVARTsA">
      <rel_text>Формула</rel_text>
      <target>http://libmeta.ru/me/article/741_FORMUL</target>
    </relation>
    <relation uri="http://libmeta.ru/me/relation/1026_4_IIIVARTsA">
      <rel_text>параметр</rel_text>
      <target>http://libmeta.ru/me/article/154_PARABOL</target>
    </relation>
    <relation uri="http://libmeta.ru/me/relation/1026_5_IIIVARTsA">
      <rel_text>интегрирования</rel_text>
      <target>http://libmeta.ru/me/article/622_INTEGRIRUGMA</target>
    </relation>
    <relation uri="http://libmeta.ru/me/relation/1026_6_IIIVARTsA">
      <rel_text>нормаль</rel_text>
      <target>http://libmeta.ru/me/article/1037_NORMAL</target>
    </relation>
    <relation uri="http://libmeta.ru/me/relation/1026_7_IIIVARTsA">
      <rel_text>кривой</rel_text>
      <target>http://libmeta.ru/me/article/90_KRIVA</target>
    </relation>
  </relations>
  <text>формула для минияальной поверхности, имеющая вид

\[
URI[[http://libmeta.ru/me/formula/main/1026_1_IIIVARTsA]]/URI
\]

где $URI[[http://libmeta.ru/me/formula/aux/1026_1_IIIVARTsA]]/URI$ - радиус-вектор пинимальной поверхности $URI[[http://libmeta.ru/me/formula/aux/1026_2_IIIVARTsA]]/URI$, Re $URI[[http://libmeta.ru/me/formula/aux/1026_3_IIIVARTsA]]/URI$ - радиус-вектор произвольной незамкнутой аналитической (относительно $URI[[http://libmeta.ru/me/formula/aux/1026_4_IIIVARTsA]]/URI$ ) URI[[http://libmeta.ru/me/relation/1026_7_IIIVARTsA]]/URI $URI[[http://libmeta.ru/me/formula/aux/1026_5_IIIVARTsA]]/URI$, лежащей на $URI[[http://libmeta.ru/me/formula/aux/1026_6_IIIVARTsA]]/URI$ - единичная URI[[http://libmeta.ru/me/relation/1026_6_IIIVARTsA]]/URI $URI[[http://libmeta.ru/me/formula/aux/1026_7_IIIVARTsA]]/URI$ вдоль $URI[[http://libmeta.ru/me/formula/aux/1026_8_IIIVARTsA]]/URI$ (аналитическі зависящая от $URI[[http://libmeta.ru/me/formula/aux/1026_9_IIIVARTsA]]/URI$ ). После URI[[http://libmeta.ru/me/relation/1026_5_IIIVARTsA]]/URI URI[[http://libmeta.ru/me/relation/1026_4_IIIVARTsA]]/URI $URI[[http://libmeta.ru/me/formula/aux/1026_10_IIIVARTsA]]/URI$ заменяется на $URI[[http://libmeta.ru/me/formula/aux/1026_11_IIIVARTsA]]/URI$. URI[[http://libmeta.ru/me/relation/1026_3_IIIVARTsA]]/URI установлена Г. Јiiарцем (URI[[http://libmeta.ru/me/relation/1026_2_IIIVARTsA]]/URI. Schwarz, 1875); она дает в явном виде решение Бьерлинга URI[[http://libmeta.ru/me/relation/1026_1_IIIVARTsA]]/URI.</text>
  <text_orig>формула для минияальной поверхности, имеющая вид

\[
\boldsymbol{r}(u, v)=\operatorname{Re}\left\{\boldsymbol{r}(t)+i \int[\boldsymbol{n}, d \boldsymbol{r}]\right\}
\]

где $\boldsymbol{r}(u, v)$ - радиус-вектор пинимальной поверхности $F$, Re $\{\boldsymbol{r}(l)\}$ - радиус-вектор произвольной незамкнутой аналитической (относительно $t$ ) кривой $L$, лежащей на $F, \boldsymbol{n}(t)$ - единичная нормаль $\kappa F$ вдоль $L$ (аналитическі зависящая от $t$ ). После интегрирования параметр $t$ заменяется на $t=u+i v$. Формула установлена Г. ЈIIарцем (II. Schwarz, 1875); она дает в явном виде решение Бьерлинга задачи. H. Х. Сабитов.</text_orig>
</article>
