<?xml version="1.0" ?>
<article uri="http://libmeta.ru/me/article/1026_KONGR" alphabetic_pos="1026">
  <title>КОНГРУ</title>
  <authors/>
  <pages>
    <start>508</start>
    <end>508</end>
  </pages>
  <literature>
    <literature_orig/>
  </literature>
  <formulas_main>
    <formula uri="http://libmeta.ru/me/formula/main/1026_1_KONGR">G L(n, R, \mathfrak{B})=\operatorname{Ker}(G L(n, R) \longrightarrow G L(n, R / \mathfrak{B}),</formula>
    <formula uri="http://libmeta.ru/me/formula/main/1026_2_KONGR">H \supseteq \Gamma \cap G L(n, R, \mathfrak{B})</formula>
    <formula uri="http://libmeta.ru/me/formula/main/1026_3_KONGR">H=\Gamma \cap G L(n, R, \mathfrak{B})</formula>
  </formulas_main>
  <formulas_aux>
    <formula uri="http://libmeta.ru/me/formula/aux/1026_1_KONGR">м</formula>
    <formula uri="http://libmeta.ru/me/formula/aux/1026_2_KONGR">g L(n, R)</formula>
    <formula uri="http://libmeta.ru/me/formula/aux/1026_3_KONGR">r</formula>
    <formula uri="http://libmeta.ru/me/formula/aux/1026_4_KONGR">\mathfrak{p}</formula>
    <formula uri="http://libmeta.ru/me/formula/aux/1026_5_KONGR">r</formula>
    <formula uri="http://libmeta.ru/me/formula/aux/1026_6_KONGR">h \supseteq G L(n, R, \mathfrak{P})</formula>
    <formula uri="http://libmeta.ru/me/formula/aux/1026_7_KONGR">h</formula>
    <formula uri="http://libmeta.ru/me/formula/aux/1026_8_KONGR">g L(n, R)</formula>
    <formula uri="http://libmeta.ru/me/formula/aux/1026_9_KONGR">h</formula>
    <formula uri="http://libmeta.ru/me/formula/aux/1026_10_KONGR">\gamma</formula>
    <formula uri="http://libmeta.ru/me/formula/aux/1026_11_KONGR">n</formula>
    <formula uri="http://libmeta.ru/me/formula/aux/1026_12_KONGR">\boldsymbol{r}</formula>
    <formula uri="http://libmeta.ru/me/formula/aux/1026_13_KONGR">\mathfrak{b} \subseteq \boldsymbol{R}</formula>
    <formula uri="http://libmeta.ru/me/formula/aux/1026_14_KONGR">h</formula>
    <formula uri="http://libmeta.ru/me/formula/aux/1026_15_KONGR">\mathfrak{f}</formula>
    <formula uri="http://libmeta.ru/me/formula/aux/1026_16_KONGR">r=\mathbb{z}</formula>
    <formula uri="http://libmeta.ru/me/formula/aux/1026_17_KONGR">r</formula>
    <formula uri="http://libmeta.ru/me/formula/aux/1026_18_KONGR">\gamma=g_{r}</formula>
    <formula uri="http://libmeta.ru/me/formula/aux/1026_19_KONGR">g</formula>
    <formula uri="http://libmeta.ru/me/formula/aux/1026_20_KONGR">\boldsymbol{r}</formula>
  </formulas_aux>
  <relations n="5">
    <relation uri="http://libmeta.ru/me/relation/1026_1_KONGR">
      <rel_text>кольца</rel_text>
      <target>http://libmeta.ru/me/article/1000_KOL'Ts</target>
    </relation>
    <relation uri="http://libmeta.ru/me/relation/1026_2_KONGR">
      <rel_text>алгебраическая группа</rel_text>
      <target>http://libmeta.ru/me/article/106_ALGERAIChESKAJa</target>
    </relation>
    <relation uri="http://libmeta.ru/me/relation/1026_3_KONGR">
      <rel_text>дедекиндова кольца</rel_text>
      <target>http://libmeta.ru/me/article/75_DEDEKINDOVO</target>
    </relation>
    <relation uri="http://libmeta.ru/me/relation/1026_4_KONGR">
      <rel_text>первоначально</rel_text>
      <target>http://libmeta.ru/me/article/217_PERVOOBRAZNA</target>
    </relation>
    <relation uri="http://libmeta.ru/me/relation/1026_5_KONGR">
      <rel_text>подгруппа</rel_text>
      <target>http://libmeta.ru/me/article/353_PODGRUPP</target>
    </relation>
  </relations>
  <text>$URI[[http://libmeta.ru/me/formula/aux/1026_1_KONGR]]/URI$. И. Войчеховский. линейной группы $URI[[http://libmeta.ru/me/formula/aux/1026_2_KONGR]]/URI$ над кольцом $URI[[http://libmeta.ru/me/formula/aux/1026_3_KONGR]]/URI$, обладающая следующим свойством: существует такой ненулевой двусторонний идеал $URI[[http://libmeta.ru/me/formula/aux/1026_4_KONGR]]/URI$ кольца $URI[[http://libmeta.ru/me/formula/aux/1026_5_KONGR]]/URI$, что $URI[[http://libmeta.ru/me/formula/aux/1026_6_KONGR]]/URI$, где

\[
URI[[http://libmeta.ru/me/formula/main/1026_1_KONGR]]/URI
\]

т. е. $URI[[http://libmeta.ru/me/formula/aux/1026_7_KONGR]]/URI$ содержит все матрицы из $URI[[http://libmeta.ru/me/formula/aux/1026_8_KONGR]]/URI$, сравнимые с единичной матрицей по модулю Я. Более общо, подгруппа $URI[[http://libmeta.ru/me/formula/aux/1026_9_KONGR]]/URI$ линейной группы $URI[[http://libmeta.ru/me/formula/aux/1026_10_KONGR]]/URI$ степени $URI[[http://libmeta.ru/me/formula/aux/1026_11_KONGR]]/URI$ над $URI[[http://libmeta.ru/me/formula/aux/1026_12_KONGR]]/URI$ наз. К.-п., если для некоторого ненулевого двустороннего идеала $URI[[http://libmeta.ru/me/formula/aux/1026_13_KONGR]]/URI$

В случчае

\[
URI[[http://libmeta.ru/me/formula/main/1026_2_KONGR]]/URI
\]

\[
URI[[http://libmeta.ru/me/formula/main/1026_3_KONGR]]/URI
\]

URI[[http://libmeta.ru/me/relation/1026_5_KONGR]]/URI $URI[[http://libmeta.ru/me/formula/aux/1026_14_KONGR]]/URI$ наз. г л а в н о й К. - П., соответствующей идеалу $URI[[http://libmeta.ru/me/formula/aux/1026_15_KONGR]]/URI$. Понятие К.-П. URI[[http://libmeta.ru/me/relation/1026_4_KONGR]]/URI возникло для $URI[[http://libmeta.ru/me/formula/aux/1026_16_KONGR]]/URI$. Оно особенно әфффективно и важно с точки зрения применений для URI[[http://libmeta.ru/me/relation/1026_3_KONGR]]/URI $URI[[http://libmeta.ru/me/formula/aux/1026_17_KONGR]]/URI$ и $URI[[http://libmeta.ru/me/formula/aux/1026_18_KONGR]]/URI$, где $URI[[http://libmeta.ru/me/formula/aux/1026_19_KONGR]]/URI$ - URI[[http://libmeta.ru/me/relation/1026_2_KONGR]]/URI, определенная над полем отнопений URI[[http://libmeta.ru/me/relation/1026_1_KONGR]]/URI $URI[[http://libmeta.ru/me/formula/aux/1026_20_KONGR]]/URI$.

![](https://cdn.mathpix.com/cropped/2023_07_08_6584a59bd7eb7d67d7aag-1.jpg?height=57&amp;width=804&amp;top_left_y=1743&amp;top_left_x=156)</text>
  <text_orig>$М$. И. Войчеховский. линейной группы $G L(n, R)$ над кольцом $R$, обладающая следующим свойством: существует такой ненулевой двусторонний идеал $\mathfrak{P}$ кольца $R$, что $H \supseteq G L(n, R, \mathfrak{P})$, где

\[
G L(n, R, \mathfrak{B})=\operatorname{Ker}(G L(n, R) \longrightarrow G L(n, R / \mathfrak{B}),
\]

т. е. $H$ содержит все матрицы из $G L(n, R)$, сравнимые с единичной матрицей по модулю Я. Более общо, подгруппа $H$ линейной группы $\Gamma$ степени $n$ над $\boldsymbol{R}$ наз. К.-п., если для некоторого ненулевого двустороннего идеала $\mathfrak{B} \subseteq \boldsymbol{R}$

В случчае

\[
H \supseteq \Gamma \cap G L(n, R, \mathfrak{B})
\]

\[
H=\Gamma \cap G L(n, R, \mathfrak{B})
\]

подгруппа $H$ наз. г л а в н о й К. - П., соответствующей идеалу $\mathfrak{F}$. Понятие К.-П. первоначально возникло для $R=\mathbb{Z}$. Оно особенно әфффективно и важно с точки зрения применений для дедекиндова кольца $R$ и $\Gamma=G_{R}$, где $G$ - алгебраическая группа, определенная над полем отнопений кольца $\boldsymbol{R}$.

![](https://cdn.mathpix.com/cropped/2023_07_08_6584a59bd7eb7d67d7aag-1.jpg?height=57&amp;width=804&amp;top_left_y=1743&amp;top_left_x=156)</text_orig>
</article>
