<?xml version="1.0" ?>
<article uri="http://libmeta.ru/me/article/1026_GIDRODINAMIChESKOE" alphabetic_pos="1026">
  <title>ГИДРОДИНАМИЧЕСКОЕ ПРИБЛИЖЕНИЕ</title>
  <authors>
    <author>Н. А. Квасников</author>
  </authors>
  <pages>
    <start>483</start>
    <end>484</end>
  </pages>
  <literature>
    <literature_orig/>
  </literature>
  <formulas_main/>
  <formulas_aux>
    <formula uri="http://libmeta.ru/me/formula/aux/1026_1_GIDRODINAMIChESKOE">t</formula>
    <formula uri="http://libmeta.ru/me/formula/aux/1026_2_GIDRODINAMIChESKOE">d t</formula>
    <formula uri="http://libmeta.ru/me/formula/aux/1026_3_GIDRODINAMIChESKOE">d \boldsymbol{r}</formula>
    <formula uri="http://libmeta.ru/me/formula/aux/1026_4_GIDRODINAMIChESKOE">1970 ;[2]</formula>
  </formulas_aux>
  <relations n="47">
    <relation uri="http://libmeta.ru/me/relation/1026_1_GIDRODINAMIChESKOE">
      <rel_text>Боголюбова цепочка уравнений</rel_text>
      <target>http://libmeta.ru/me/article/509_BOGOЈJuBOVA</target>
    </relation>
    <relation uri="http://libmeta.ru/me/relation/1026_2_GIDRODINAMIChESKOE">
      <rel_text>уравнения</rel_text>
      <target>http://libmeta.ru/me/article/106_URAVNENI</target>
    </relation>
    <relation uri="http://libmeta.ru/me/relation/1026_3_GIDRODINAMIChESKOE">
      <rel_text>Ii</rel_text>
      <target>http://libmeta.ru/me/article/370_II</target>
    </relation>
    <relation uri="http://libmeta.ru/me/relation/1026_4_GIDRODINAMIChESKOE">
      <rel_text>Грина функций</rel_text>
      <target>http://libmeta.ru/me/article/1197_GRINA</target>
    </relation>
    <relation uri="http://libmeta.ru/me/relation/1026_5_GIDRODINAMIChESKOE">
      <rel_text>квантовых</rel_text>
      <target>http://libmeta.ru/me/article/858_KVANTIL</target>
    </relation>
    <relation uri="http://libmeta.ru/me/relation/1026_6_GIDRODINAMIChESKOE">
      <rel_text>уравнений</rel_text>
      <target>http://libmeta.ru/me/article/106_URAVNENI</target>
    </relation>
    <relation uri="http://libmeta.ru/me/relation/1026_7_GIDRODINAMIChESKOE">
      <rel_text>функций</rel_text>
      <target>http://libmeta.ru/me/article/790_FUNKTO</target>
    </relation>
    <relation uri="http://libmeta.ru/me/relation/1026_8_GIDRODINAMIChESKOE">
      <rel_text>корреляционных</rel_text>
      <target>http://libmeta.ru/me/article/17_KORRELOGRAMM</target>
    </relation>
    <relation uri="http://libmeta.ru/me/relation/1026_9_GIDRODINAMIChESKOE">
      <rel_text>квантовых</rel_text>
      <target>http://libmeta.ru/me/article/858_KVANTIL</target>
    </relation>
    <relation uri="http://libmeta.ru/me/relation/1026_10_GIDRODINAMIChESKOE">
      <rel_text>цепочки уравненıй Боголюбова</rel_text>
      <target>http://libmeta.ru/me/article/509_BOGOЈJuBOVA</target>
    </relation>
    <relation uri="http://libmeta.ru/me/relation/1026_11_GIDRODINAMIChESKOE">
      <rel_text>квантовых</rel_text>
      <target>http://libmeta.ru/me/article/858_KVANTIL</target>
    </relation>
    <relation uri="http://libmeta.ru/me/relation/1026_12_GIDRODINAMIChESKOE">
      <rel_text>уравнений</rel_text>
      <target>http://libmeta.ru/me/article/106_URAVNENI</target>
    </relation>
    <relation uri="http://libmeta.ru/me/relation/1026_13_GIDRODINAMIChESKOE">
      <rel_text>получения</rel_text>
      <target>http://libmeta.ru/me/article/457_POLUGRUPP</target>
    </relation>
    <relation uri="http://libmeta.ru/me/relation/1026_14_GIDRODINAMIChESKOE">
      <rel_text>метода</rel_text>
      <target>http://libmeta.ru/me/article/685_METRI</target>
    </relation>
    <relation uri="http://libmeta.ru/me/relation/1026_15_GIDRODINAMIChESKOE">
      <rel_text>результатам</rel_text>
      <target>http://libmeta.ru/me/article/1046_REZUL'TAN</target>
    </relation>
    <relation uri="http://libmeta.ru/me/relation/1026_16_GIDRODINAMIChESKOE">
      <rel_text>Получающиеся</rel_text>
      <target>http://libmeta.ru/me/article/476_POLUPLOSKOST</target>
    </relation>
    <relation uri="http://libmeta.ru/me/relation/1026_17_GIDRODINAMIChESKOE">
      <rel_text>системы</rel_text>
      <target>http://libmeta.ru/me/article/350_SISTEM</target>
    </relation>
    <relation uri="http://libmeta.ru/me/relation/1026_18_GIDRODINAMIChESKOE">
      <rel_text>степень</rel_text>
      <target>http://libmeta.ru/me/article/213_STEPEN</target>
    </relation>
    <relation uri="http://libmeta.ru/me/relation/1026_19_GIDRODINAMIChESKOE">
      <rel_text>параметру</rel_text>
      <target>http://libmeta.ru/me/article/154_PARABOL</target>
    </relation>
    <relation uri="http://libmeta.ru/me/relation/1026_20_GIDRODINAMIChESKOE">
      <rel_text>функций</rel_text>
      <target>http://libmeta.ru/me/article/790_FUNKTO</target>
    </relation>
    <relation uri="http://libmeta.ru/me/relation/1026_21_GIDRODINAMIChESKOE">
      <rel_text>корреляционных</rel_text>
      <target>http://libmeta.ru/me/article/17_KORRELOGRAMM</target>
    </relation>
    <relation uri="http://libmeta.ru/me/relation/1026_22_GIDRODINAMIChESKOE">
      <rel_text>цепочке уравнений</rel_text>
      <target>http://libmeta.ru/me/article/509_BOGOЈJuBOVA</target>
    </relation>
    <relation uri="http://libmeta.ru/me/relation/1026_23_GIDRODINAMIChESKOE">
      <rel_text>метода</rel_text>
      <target>http://libmeta.ru/me/article/685_METRI</target>
    </relation>
    <relation uri="http://libmeta.ru/me/relation/1026_24_GIDRODINAMIChESKOE">
      <rel_text>уравнениям</rel_text>
      <target>http://libmeta.ru/me/article/106_URAVNENI</target>
    </relation>
    <relation uri="http://libmeta.ru/me/relation/1026_25_GIDRODINAMIChESKOE">
      <rel_text>приближении</rel_text>
      <target>http://libmeta.ru/me/article/629_PRIBLIभ่ENI</target>
    </relation>
    <relation uri="http://libmeta.ru/me/relation/1026_26_GIDRODINAMIChESKOE">
      <rel_text>уравнениям</rel_text>
      <target>http://libmeta.ru/me/article/106_URAVNENI</target>
    </relation>
    <relation uri="http://libmeta.ru/me/relation/1026_27_GIDRODINAMIChESKOE">
      <rel_text>приближениі</rel_text>
      <target>http://libmeta.ru/me/article/629_PRIBLIभ่ENI</target>
    </relation>
    <relation uri="http://libmeta.ru/me/relation/1026_28_GIDRODINAMIChESKOE">
      <rel_text>Максвелла</rel_text>
      <target>http://libmeta.ru/me/article/530_MAKsIMI</target>
    </relation>
    <relation uri="http://libmeta.ru/me/relation/1026_29_GIDRODINAMIChESKOE">
      <rel_text>распределения</rel_text>
      <target>http://libmeta.ru/me/article/950_RASPREDELENI</target>
    </relation>
    <relation uri="http://libmeta.ru/me/relation/1026_30_GIDRODINAMIChESKOE">
      <rel_text>локального</rel_text>
      <target>http://libmeta.ru/me/article/425_LOKALIZATsI</target>
    </relation>
    <relation uri="http://libmeta.ru/me/relation/1026_31_GIDRODINAMIChESKOE">
      <rel_text>распределения</rel_text>
      <target>http://libmeta.ru/me/article/950_RASPREDELENI</target>
    </relation>
    <relation uri="http://libmeta.ru/me/relation/1026_32_GIDRODINAMIChESKOE">
      <rel_text>функции</rel_text>
      <target>http://libmeta.ru/me/article/790_FUNKTO</target>
    </relation>
    <relation uri="http://libmeta.ru/me/relation/1026_33_GIDRODINAMIChESKOE">
      <rel_text>уравнения</rel_text>
      <target>http://libmeta.ru/me/article/106_URAVNENI</target>
    </relation>
    <relation uri="http://libmeta.ru/me/relation/1026_34_GIDRODINAMIChESKOE">
      <rel_text>движения</rel_text>
      <target>http://libmeta.ru/me/article/25_DVIZhENI</target>
    </relation>
    <relation uri="http://libmeta.ru/me/relation/1026_35_GIDRODINAMIChESKOE">
      <rel_text>уравнения</rel_text>
      <target>http://libmeta.ru/me/article/106_URAVNENI</target>
    </relation>
    <relation uri="http://libmeta.ru/me/relation/1026_36_GIDRODINAMIChESKOE">
      <rel_text>непрерывности</rel_text>
      <target>http://libmeta.ru/me/article/957_NEPRERYVNOST</target>
    </relation>
    <relation uri="http://libmeta.ru/me/relation/1026_37_GIDRODINAMIChESKOE">
      <rel_text>уравнения</rel_text>
      <target>http://libmeta.ru/me/article/106_URAVNENI</target>
    </relation>
    <relation uri="http://libmeta.ru/me/relation/1026_38_GIDRODINAMIChESKOE">
      <rel_text>плотности</rel_text>
      <target>http://libmeta.ru/me/article/316_PLOTNOST</target>
    </relation>
    <relation uri="http://libmeta.ru/me/relation/1026_39_GIDRODINAMIChESKOE">
      <rel_text>уравнения</rel_text>
      <target>http://libmeta.ru/me/article/106_URAVNENI</target>
    </relation>
    <relation uri="http://libmeta.ru/me/relation/1026_40_GIDRODINAMIChESKOE">
      <rel_text>уравнения</rel_text>
      <target>http://libmeta.ru/me/article/106_URAVNENI</target>
    </relation>
    <relation uri="http://libmeta.ru/me/relation/1026_41_GIDRODINAMIChESKOE">
      <rel_text>средний</rel_text>
      <target>http://libmeta.ru/me/article/165_SREDNE</target>
    </relation>
    <relation uri="http://libmeta.ru/me/relation/1026_42_GIDRODINAMIChESKOE">
      <rel_text>процессов</rel_text>
      <target>http://libmeta.ru/me/article/758_PROTsEDUR</target>
    </relation>
    <relation uri="http://libmeta.ru/me/relation/1026_43_GIDRODINAMIChESKOE">
      <rel_text>приближении</rel_text>
      <target>http://libmeta.ru/me/article/629_PRIBLIभ่ENI</target>
    </relation>
    <relation uri="http://libmeta.ru/me/relation/1026_44_GIDRODINAMIChESKOE">
      <rel_text>уравнения</rel_text>
      <target>http://libmeta.ru/me/article/106_URAVNENI</target>
    </relation>
    <relation uri="http://libmeta.ru/me/relation/1026_45_GIDRODINAMIChESKOE">
      <rel_text>получены</rel_text>
      <target>http://libmeta.ru/me/article/473_POLUNORM</target>
    </relation>
    <relation uri="http://libmeta.ru/me/relation/1026_46_GIDRODINAMIChESKOE">
      <rel_text>уравнения</rel_text>
      <target>http://libmeta.ru/me/article/106_URAVNENI</target>
    </relation>
    <relation uri="http://libmeta.ru/me/relation/1026_47_GIDRODINAMIChESKOE">
      <rel_text>статистич</rel_text>
      <target>http://libmeta.ru/me/article/184_STATISTK</target>
    </relation>
  </relations>
  <text>М尺тод описания эволюціи системы і ее характерных свойств на основе макроскопич. уравнений гидродинамикі. Г. П. соответствует рассмотрению сістемы типа газа или жидкости как непрерывной среды, когда в уравнениях гидродинамики, ошисывающих систему, любые приращения времени $URI[[http://libmeta.ru/me/formula/aux/1026_1_GIDRODINAMIChESKOE]]/URI$ (даже $URI[[http://libmeta.ru/me/formula/aux/1026_2_GIDRODINAMIChESKOE]]/URI$ ) всегда больше времени релаксации к локально равновесному распределению (для классич. спстемы - к локальному Максвелла распределению), т. е. всегда больше времени образования локальных термодинамич. характеристик, таких, как плотность, гидродінамич. скорость, температура и т. Д., а изменения последних в координатном пространстве настолько сглажены, что используемые в приближении приращения объемов $URI[[http://libmeta.ru/me/formula/aux/1026_3_GIDRODINAMIChESKOE]]/URI$ не только содержат достаточное число частиц, но и образуют квазиоднородные статистические подсистемы.

С точки зрения URI[[http://libmeta.ru/me/relation/1026_47_GIDRODINAMIChESKOE]]/URI. механики, классич. URI[[http://libmeta.ru/me/relation/1026_46_GIDRODINAMIChESKOE]]/URI гидродинамики могут быть URI[[http://libmeta.ru/me/relation/1026_45_GIDRODINAMIChESKOE]]/URI из кинетич. URI[[http://libmeta.ru/me/relation/1026_44_GIDRODINAMIChESKOE]]/URI в URI[[http://libmeta.ru/me/relation/1026_43_GIDRODINAMIChESKOE]]/URI медленных и сглаженных URI[[http://libmeta.ru/me/relation/1026_42_GIDRODINAMIChESKOE]]/URI в молекулярных масштабах (URI[[http://libmeta.ru/me/relation/1026_41_GIDRODINAMIChESKOE]]/URI пробег) времени и длины. С этой целью на основе кинетич. URI[[http://libmeta.ru/me/relation/1026_40_GIDRODINAMIChESKOE]]/URI составляются URI[[http://libmeta.ru/me/relation/1026_39_GIDRODINAMIChESKOE]]/URI для локальной URI[[http://libmeta.ru/me/relation/1026_38_GIDRODINAMIChESKOE]]/URI (URI[[http://libmeta.ru/me/relation/1026_37_GIDRODINAMIChESKOE]]/URI URI[[http://libmeta.ru/me/relation/1026_36_GIDRODINAMIChESKOE]]/URI), гидродинамич. скорости (URI[[http://libmeta.ru/me/relation/1026_35_GIDRODINAMIChESKOE]]/URI URI[[http://libmeta.ru/me/relation/1026_34_GIDRODINAMIChESKOE]]/URI) и локальной температуры (URI[[http://libmeta.ru/me/relation/1026_33_GIDRODINAMIChESKOE]]/URI сохранения энергии), а затем в них подставляется решение для одночастичной URI[[http://libmeta.ru/me/relation/1026_32_GIDRODINAMIChESKOE]]/URI URI[[http://libmeta.ru/me/relation/1026_31_GIDRODINAMIChESKOE]]/URI, соответствующее случаю малого отклонения ее от URI[[http://libmeta.ru/me/relation/1026_30_GIDRODINAMIChESKOE]]/URI URI[[http://libmeta.ru/me/relation/1026_29_GIDRODINAMIChESKOE]]/URI URI[[http://libmeta.ru/me/relation/1026_28_GIDRODINAMIChESKOE]]/URI. В нулевом URI[[http://libmeta.ru/me/relation/1026_27_GIDRODINAMIChESKOE]]/URI это приводит к URI[[http://libmeta.ru/me/relation/1026_26_GIDRODINAMIChESKOE]]/URI ıдеальной жидкости, в первом URI[[http://libmeta.ru/me/relation/1026_25_GIDRODINAMIChESKOE]]/URI - к Навье - Стокса URI[[http://libmeta.ru/me/relation/1026_24_GIDRODINAMIChESKOE]]/URI. Этот процесс составляет основу Чеплена - Энскога URI[[http://libmeta.ru/me/relation/1026_23_GIDRODINAMIChESKOE]]/URI.

Более общий метод основан на URI[[http://libmeta.ru/me/relation/1026_22_GIDRODINAMIChESKOE]]/URI для временных URI[[http://libmeta.ru/me/relation/1026_21_GIDRODINAMIChESKOE]]/URI URI[[http://libmeta.ru/me/relation/1026_20_GIDRODINAMIChESKOE]]/URI (см. URI[[http://libmeta.ru/me/relation/1026_1_GIDRODINAMIChESKOE]]/URI) и ее решении в виде разложения по URI[[http://libmeta.ru/me/relation/1026_19_GIDRODINAMIChESKOE]]/URI, характеризующему URI[[http://libmeta.ru/me/relation/1026_18_GIDRODINAMIChESKOE]]/URI неоднородности URI[[http://libmeta.ru/me/relation/1026_17_GIDRODINAMIChESKOE]]/URI. URI[[http://libmeta.ru/me/relation/1026_16_GIDRODINAMIChESKOE]]/URI разложения для коэффициентов переноса идентичны URI[[http://libmeta.ru/me/relation/1026_15_GIDRODINAMIChESKOE]]/URI URI[[http://libmeta.ru/me/relation/1026_14_GIDRODINAMIChESKOE]]/URI Чепмена - Энскога только в тех частях, к-рые включают учет парных столкновений (эффекты тройных столкновений дают соизмеримые им вклады).

Аналогичный метод URI[[http://libmeta.ru/me/relation/1026_13_GIDRODINAMIChESKOE]]/URI гидродинамич. URI[[http://libmeta.ru/me/relation/1026_12_GIDRODINAMIChESKOE]]/URI может быть использован и для URI[[http://libmeta.ru/me/relation/1026_11_GIDRODINAMIChESKOE]]/URI жидкостей, когда необходимо исходить из URI[[http://libmeta.ru/me/relation/1026_10_GIDRODINAMIChESKOE]]/URI для URI[[http://libmeta.ru/me/relation/1026_9_GIDRODINAMIChESKOE]]/URI URI[[http://libmeta.ru/me/relation/1026_8_GIDRODINAMIChESKOE]]/URI URI[[http://libmeta.ru/me/relation/1026_7_GIDRODINAMIChESKOE]]/URI, или URI[[http://libmeta.ru/me/relation/1026_6_GIDRODINAMIChESKOE]]/URI для URI[[http://libmeta.ru/me/relation/1026_5_GIDRODINAMIChESKOE]]/URI URI[[http://libmeta.ru/me/relation/1026_4_GIDRODINAMIChESKOE]]/URI, или непосредственно из URI[[http://libmeta.ru/me/relation/1026_3_GIDRODINAMIChESKOE]]/URI рёдингера URI[[http://libmeta.ru/me/relation/1026_2_GIDRODINAMIChESKOE]]/URI.

Tuт.: [1] Б о г олю б о в Н. Н., Избр. тр., т. 2, Киев, $URI[[http://libmeta.ru/me/formula/aux/1026_4_GIDRODINAMIChESKOE]]/URI$ у л е н б е к Д., Ф о р д Д ж., Јекции по статистической механике, пер. с англ., М., 1965.</text>
  <text_orig>М尺тод описания эволюціи системы і ее характерных свойств на основе макроскопич. уравнений гидродинамикі. Г. П. соответствует рассмотрению сістемы типа газа или жидкости как непрерывной среды, когда в уравнениях гидродинамики, ошисывающих систему, любые приращения времени $t$ (даже $d t$ ) всегда больше времени релаксации к локально равновесному распределению (для классич. спстемы - к локальному Максвелла распределению), т. е. всегда больше времени образования локальных термодинамич. характеристик, таких, как плотность, гидродінамич. скорость, температура и т. Д., а изменения последних в координатном пространстве настолько сглажены, что используемые в приближении приращения объемов $d \boldsymbol{r}$ не только содержат достаточное число частиц, но и образуют квазиоднородные статистические подсистемы.

С точки зрения статистич. механики, классич. уравнения гидродинамики могут быть получены из кинетич. уравнения в приближении медленных и сглаженных процессов в молекулярных масштабах (средний пробег) времени и длины. С этой целью на основе кинетич. уравнения составляются уравнения для локальной плотности (уравнения непрерывности), гидродинамич. скорости (уравнения движения) и локальной температуры (уравнения сохранения энергии), а затем в них подставляется решение для одночастичной функции распределения, соответствующее случаю малого отклонения ее от локального распределения Максвелла. В нулевом приближениі это приводит к уравнениям ıдеальной жидкости, в первом приближении - к Навье - Стокса уравнениям. Этот процесс составляет основу Чеплена - Энскога метода.

Более общий метод основан на цепочке уравнений для временных корреляционных функций (см. Боголюбова цепочка уравнений) и ее решении в виде разложения по параметру, характеризующему степень неоднородности системы. Получающиеся разложения для коэффициентов переноса идентичны результатам метода Чепмена - Энскога только в тех частях, к-рые включают учет парных столкновений (эффекты тройных столкновений дают соизмеримые им вклады).

Аналогичный метод получения гидродинамич. уравнений может быть использован и для квантовых жидкостей, когда необходимо исходить из цепочки уравненıй Боголюбова для квантовых корреляционных функций, или уравнений для квантовых Грина функций, или непосредственно из II рёдингера уравнения.

Tuт.: [1] Б о г олю б о в Н. Н., Избр. тр., т. 2, Киев, $1970 ;[2]$ у л е н б е к Д., Ф о р д Д ж., Јекции по статистической механике, пер. с англ., М., 1965. Н. А. Квасников.</text_orig>
</article>
