<?xml version="1.0" ?>
<article uri="http://libmeta.ru/me/article/1027_GIL'BERTA" alphabetic_pos="1027">
  <title>ГИЛЬБЕРТА ГЕОМЕТРИЯ</title>
  <authors>
    <author>M. И. Войцеховский</author>
  </authors>
  <pages>
    <start>484</start>
    <end>484</end>
  </pages>
  <literature>
    <literature_orig>Лит.: [1] Г и л ь б е р т Д., Основания геометрии, М.-Л., пер. с нем., 1948; [2] Проблемы Гильберта, М., 1969; [3] Б у[4] П о г о ре л о в А. В., Четвертая проблема Гильберта, 1974 .</literature_orig>
    <unit>
      <author>Гильберт Д.</author>
      <title>Основания геометрии, М.-Л.</title>
      <publication>пер. с нем.</publication>
      <year>1948</year>
      <other/>
    </unit>
    <unit>
      <title>Проблемы Гильберта</title>
      <publication>М.</publication>
      <year>1969</year>
      <other/>
    </unit>
    <unit>
      <title/>
      <publication/>
      <year/>
      <other>Б у</other>
    </unit>
    <unit>
      <author>Погорелов А. В.</author>
      <title>Четвертая проблема Гильберта</title>
      <publication/>
      <year>1974</year>
      <other/>
    </unit>
  </literature>
  <formulas_main>
    <formula uri="http://libmeta.ru/me/formula/main/1027_1_GIL'BERTA">h(x, y)=\frac{1}{2}|\ln R(x, y, a, b)|</formula>
  </formulas_main>
  <formulas_aux>
    <formula uri="http://libmeta.ru/me/formula/aux/1027_1_GIL'BERTA">h</formula>
    <formula uri="http://libmeta.ru/me/formula/aux/1027_2_GIL'BERTA">h(x, y)</formula>
    <formula uri="http://libmeta.ru/me/formula/aux/1027_3_GIL'BERTA">x</formula>
    <formula uri="http://libmeta.ru/me/formula/aux/1027_4_GIL'BERTA">y</formula>
    <formula uri="http://libmeta.ru/me/formula/aux/1027_5_GIL'BERTA">z</formula>
    <formula uri="http://libmeta.ru/me/formula/aux/1027_6_GIL'BERTA">t</formula>
    <formula uri="http://libmeta.ru/me/formula/aux/1027_7_GIL'BERTA">h(x, z)+h(z, y)=h(x, y), h(x, y)+</formula>
    <formula uri="http://libmeta.ru/me/formula/aux/1027_8_GIL'BERTA">+h(y, t)=h(x, t)</formula>
    <formula uri="http://libmeta.ru/me/formula/aux/1027_9_GIL'BERTA">n</formula>
    <formula uri="http://libmeta.ru/me/formula/aux/1027_10_GIL'BERTA">a^{n}</formula>
    <formula uri="http://libmeta.ru/me/formula/aux/1027_11_GIL'BERTA">\gamma \in H</formula>
    <formula uri="http://libmeta.ru/me/formula/aux/1027_12_GIL'BERTA">a^{n}</formula>
    <formula uri="http://libmeta.ru/me/formula/aux/1027_13_GIL'BERTA">k</formula>
    <formula uri="http://libmeta.ru/me/formula/aux/1027_14_GIL'BERTA">a^{n}</formula>
    <formula uri="http://libmeta.ru/me/formula/aux/1027_15_GIL'BERTA">\partial K</formula>
    <formula uri="http://libmeta.ru/me/formula/aux/1027_16_GIL'BERTA">x, y \in K</formula>
    <formula uri="http://libmeta.ru/me/formula/aux/1027_17_GIL'BERTA">l</formula>
    <formula uri="http://libmeta.ru/me/formula/aux/1027_18_GIL'BERTA">a, b</formula>
    <formula uri="http://libmeta.ru/me/formula/aux/1027_19_GIL'BERTA">\partial K, R(x, y, a, b)-</formula>
    <formula uri="http://libmeta.ru/me/formula/aux/1027_20_GIL'BERTA">x, y, a, b</formula>
    <formula uri="http://libmeta.ru/me/formula/aux/1027_21_GIL'BERTA">x=(1-\lambda) a+\lambda b</formula>
    <formula uri="http://libmeta.ru/me/formula/aux/1027_22_GIL'BERTA">y=(1-\mu) a+\mu b, \quad</formula>
    <formula uri="http://libmeta.ru/me/formula/aux/1027_23_GIL'BERTA">\left.R(x, y, a, \quad b)=\frac{1-\lambda}{1-\mu} \cdot \frac{\mu}{\lambda}\right)</formula>
    <formula uri="http://libmeta.ru/me/formula/aux/1027_24_GIL'BERTA">k</formula>
    <formula uri="http://libmeta.ru/me/formula/aux/1027_25_GIL'BERTA">h(x, y)</formula>
    <formula uri="http://libmeta.ru/me/formula/aux/1027_26_GIL'BERTA">k</formula>
    <formula uri="http://libmeta.ru/me/formula/aux/1027_27_GIL'BERTA">h(x, y)</formula>
    <formula uri="http://libmeta.ru/me/formula/aux/1027_28_GIL'BERTA">k</formula>
  </formulas_aux>
  <relations n="2">
    <relation uri="http://libmeta.ru/me/relation/1027_1_GIL'BERTA">
      <rel_text>Геодезических геометрия</rel_text>
      <target>http://libmeta.ru/me/article/997_GEODEZIChESKIH</target>
    </relation>
    <relation uri="http://libmeta.ru/me/relation/1027_2_GIL'BERTA">
      <rel_text>Минковского геометрия</rel_text>
      <target>http://libmeta.ru/me/article/688_MINKOVSKOGO</target>
    </relation>
  </relations>
  <text>геометрия полного метрич. пространства $URI[[http://libmeta.ru/me/formula/aux/1027_1_GIL'BERTA]]/URI$ с метрикой $URI[[http://libmeta.ru/me/formula/aux/1027_2_GIL'BERTA]]/URI$, к-рое вместе с любыми двумя различными точками $URI[[http://libmeta.ru/me/formula/aux/1027_3_GIL'BERTA]]/URI$ и $URI[[http://libmeta.ru/me/formula/aux/1027_4_GIL'BERTA]]/URI$ содержит точки $URI[[http://libmeta.ru/me/formula/aux/1027_5_GIL'BERTA]]/URI$ и $URI[[http://libmeta.ru/me/formula/aux/1027_6_GIL'BERTA]]/URI$ такие, что $URI[[http://libmeta.ru/me/formula/aux/1027_7_GIL'BERTA]]/URI$ $URI[[http://libmeta.ru/me/formula/aux/1027_8_GIL'BERTA]]/URI$, и к-рое гомеоморфно выпуклому множеству $URI[[http://libmeta.ru/me/formula/aux/1027_9_GIL'BERTA]]/URI$-мерного аффинного пространства $URI[[http://libmeta.ru/me/formula/aux/1027_10_GIL'BERTA]]/URI$, причем геодезические $URI[[http://libmeta.ru/me/formula/aux/1027_11_GIL'BERTA]]/URI$ отображаются в прямые $URI[[http://libmeta.ru/me/formula/aux/1027_12_GIL'BERTA]]/URI$. Напр., пусть $URI[[http://libmeta.ru/me/formula/aux/1027_13_GIL'BERTA]]/URI$ - выпуклое тело пространства $URI[[http://libmeta.ru/me/formula/aux/1027_14_GIL'BERTA]]/URI$, граница к-рого $URI[[http://libmeta.ru/me/formula/aux/1027_15_GIL'BERTA]]/URI$ не содержит двух неколлинеарных отрезков, и пусть точки $URI[[http://libmeta.ru/me/formula/aux/1027_16_GIL'BERTA]]/URI$ расположены на прямой $URI[[http://libmeta.ru/me/formula/aux/1027_17_GIL'BERTA]]/URI$, пересекающей в точках $URI[[http://libmeta.ru/me/formula/aux/1027_18_GIL'BERTA]]/URI$ границу $URI[[http://libmeta.ru/me/formula/aux/1027_19_GIL'BERTA]]/URI$ двойное отношение точек $URI[[http://libmeta.ru/me/formula/aux/1027_20_GIL'BERTA]]/URI$ (если $URI[[http://libmeta.ru/me/formula/aux/1027_21_GIL'BERTA]]/URI$, $URI[[http://libmeta.ru/me/formula/aux/1027_22_GIL'BERTA]]/URI$ то $URI[[http://libmeta.ru/me/formula/aux/1027_23_GIL'BERTA]]/URI$.

Тогда

\[
URI[[http://libmeta.ru/me/formula/main/1027_1_GIL'BERTA]]/URI
\]

- метрика Г. г. (ме т р и к а Ги л ь б е р т а). Если $URI[[http://libmeta.ru/me/formula/aux/1027_24_GIL'BERTA]]/URI$ центрально симметрично, то $URI[[http://libmeta.ru/me/formula/aux/1027_25_GIL'BERTA]]/URI$ является метрикой Минковского (см. URI[[http://libmeta.ru/me/relation/1027_2_GIL'BERTA]]/URI), если $URI[[http://libmeta.ru/me/formula/aux/1027_26_GIL'BERTA]]/URI$ - эллипсоид, то $URI[[http://libmeta.ru/me/formula/aux/1027_27_GIL'BERTA]]/URI$ определяет геометрию Лобачевского.

Проблема определения всех метризаций $URI[[http://libmeta.ru/me/formula/aux/1027_28_GIL'BERTA]]/URI$, при к-рых геодезическими являются прямые, составляет содержание 4-й проблемы Гильберта; решена полностью в [4].

Обобщением Г. г. является так наз. геометрия геодезических (см. URI[[http://libmeta.ru/me/relation/1027_1_GIL'BERTA]]/URI).

Г. г. впервые была упомянута Д. Гильбертом (d. Hilbert) в 1894 в письме к Ф. Клейну (f. Klein).</text>
  <text_orig>геометрия полного метрич. пространства $H$ с метрикой $h(x, y)$, к-рое вместе с любыми двумя различными точками $x$ и $y$ содержит точки $z$ и $t$ такие, что $h(x, z)+h(z, y)=h(x, y), h(x, y)+$ $+h(y, t)=h(x, t)$, и к-рое гомеоморфно выпуклому множеству $n$-мерного аффинного пространства $A^{n}$, причем геодезические $\gamma \in H$ отображаются в прямые $A^{n}$. Напр., пусть $K$ - выпуклое тело пространства $A^{n}$, граница к-рого $\partial K$ не содержит двух неколлинеарных отрезков, и пусть точки $x, y \in K$ расположены на прямой $l$, пересекающей в точках $a, b$ границу $\partial K, R(x, y, a, b)-$ двойное отношение точек $x, y, a, b$ (если $x=(1-\lambda) a+\lambda b$, $y=(1-\mu) a+\mu b, \quad$ то $\left.R(x, y, a, \quad b)=\frac{1-\lambda}{1-\mu} \cdot \frac{\mu}{\lambda}\right)$.

Тогда

\[
h(x, y)=\frac{1}{2}|\ln R(x, y, a, b)|
\]

- метрика Г. г. (ме т р и к а Ги л ь б е р т а). Если $K$ центрально симметрично, то $h(x, y)$ является метрикой Минковского (см. Минковского геометрия), если $K$ - эллипсоид, то $h(x, y)$ определяет геометрию Лобачевского.

Проблема определения всех метризаций $K$, при к-рых геодезическими являются прямые, составляет содержание 4-й проблемы Гильберта; решена полностью в [4].

Обобщением Г. г. является так наз. геометрия геодезических (см. Геодезических геометрия).

Г. г. впервые была упомянута Д. Гильбертом (D. Hilbert) в 1894 в письме к Ф. Клейну (F. Klein).

Лит.: [1] Г и л ь б е р т Д., Основания геометрии, М.-Л., пер. с нем., 1948; [2] Проблемы Гильберта, М., 1969; [3] Б у[4] П о г о ре л о в А. В., Четвертая проблема Гильберта, 1974 .

M. И. Войцеховский.</text_orig>
</article>
