<?xml version="1.0" ?>
<article uri="http://libmeta.ru/me/article/1027_REGU" alphabetic_pos="1027">
  <title>РЕГУ ЛЯ РНОЕ ПРЕДСТАВЛЕНИЕ</title>
  <authors>
    <author>А. И. Штерн</author>
  </authors>
  <pages>
    <start>472</start>
    <end>472</end>
  </pages>
  <literature>
    <literature_orig/>
  </literature>
  <formulas_main>
    <formula uri="http://libmeta.ru/me/formula/main/1027_1_REGU">(R(g) f)\left(g_{1}\right)=f\left(g_{1} g\right), g, g_{1} \in G, f \in E,</formula>
  </formulas_main>
  <formulas_aux>
    <formula uri="http://libmeta.ru/me/formula/aux/1027_1_REGU">a</formula>
    <formula uri="http://libmeta.ru/me/formula/aux/1027_2_REGU">l</formula>
    <formula uri="http://libmeta.ru/me/formula/aux/1027_3_REGU">a</formula>
    <formula uri="http://libmeta.ru/me/formula/aux/1027_4_REGU">e=a</formula>
    <formula uri="http://libmeta.ru/me/formula/aux/1027_5_REGU">l(a) b=a b</formula>
    <formula uri="http://libmeta.ru/me/formula/aux/1027_6_REGU">a, b \in A</formula>
    <formula uri="http://libmeta.ru/me/formula/aux/1027_7_REGU">r(a) b=b a, a, b \in A</formula>
    <formula uri="http://libmeta.ru/me/formula/aux/1027_8_REGU">a</formula>
    <formula uri="http://libmeta.ru/me/formula/aux/1027_9_REGU">e=a</formula>
    <formula uri="http://libmeta.ru/me/formula/aux/1027_10_REGU">a</formula>
    <formula uri="http://libmeta.ru/me/formula/aux/1027_11_REGU">a</formula>
    <formula uri="http://libmeta.ru/me/formula/aux/1027_12_REGU">l</formula>
    <formula uri="http://libmeta.ru/me/formula/aux/1027_13_REGU">r</formula>
    <formula uri="http://libmeta.ru/me/formula/aux/1027_14_REGU">a</formula>
    <formula uri="http://libmeta.ru/me/formula/aux/1027_15_REGU">g</formula>
    <formula uri="http://libmeta.ru/me/formula/aux/1027_16_REGU">r</formula>
    <formula uri="http://libmeta.ru/me/formula/aux/1027_17_REGU">g</formula>
    <formula uri="http://libmeta.ru/me/formula/aux/1027_18_REGU">e</formula>
    <formula uri="http://libmeta.ru/me/formula/aux/1027_19_REGU">g</formula>
    <formula uri="http://libmeta.ru/me/formula/aux/1027_20_REGU">e</formula>
    <formula uri="http://libmeta.ru/me/formula/aux/1027_21_REGU">g</formula>
    <formula uri="http://libmeta.ru/me/formula/aux/1027_22_REGU">g_{1} \rightarrow f\left(g_{1} g\right), g_{1} \in G</formula>
    <formula uri="http://libmeta.ru/me/formula/aux/1027_23_REGU">e</formula>
    <formula uri="http://libmeta.ru/me/formula/aux/1027_24_REGU">f \in E, g \in G</formula>
    <formula uri="http://libmeta.ru/me/formula/aux/1027_25_REGU">(l(g) f)\left(g_{1}\right)=f\left(g^{-1} g_{1}\right), g, g_{1} \in G, f \in E</formula>
    <formula uri="http://libmeta.ru/me/formula/aux/1027_26_REGU">g</formula>
    <formula uri="http://libmeta.ru/me/formula/aux/1027_27_REGU">e</formula>
    <formula uri="http://libmeta.ru/me/formula/aux/1027_28_REGU">g_{1} \rightarrow f\left(g^{-1} g_{1}\right), \quad g_{1} \in G, \quad</formula>
    <formula uri="http://libmeta.ru/me/formula/aux/1027_29_REGU">e</formula>
    <formula uri="http://libmeta.ru/me/formula/aux/1027_30_REGU">g \in G, f \in E</formula>
    <formula uri="http://libmeta.ru/me/formula/aux/1027_31_REGU">g</formula>
    <formula uri="http://libmeta.ru/me/formula/aux/1027_32_REGU">e</formula>
    <formula uri="http://libmeta.ru/me/formula/aux/1027_33_REGU">g</formula>
    <formula uri="http://libmeta.ru/me/formula/aux/1027_34_REGU">g</formula>
    <formula uri="http://libmeta.ru/me/formula/aux/1027_35_REGU">g</formula>
    <formula uri="http://libmeta.ru/me/formula/aux/1027_36_REGU">g</formula>
    <formula uri="http://libmeta.ru/me/formula/aux/1027_37_REGU">l^{2}(g)</formula>
    <formula uri="http://libmeta.ru/me/formula/aux/1027_38_REGU">g</formula>
  </formulas_aux>
  <relations n="25">
    <relation uri="http://libmeta.ru/me/relation/1027_1_REGU">
      <rel_text>представлением</rel_text>
      <target>http://libmeta.ru/me/article/3_PREDSTAVLENI</target>
    </relation>
    <relation uri="http://libmeta.ru/me/relation/1027_2_REGU">
      <rel_text>группы</rel_text>
      <target>http://libmeta.ru/me/article/1207_GRUPІІ</target>
    </relation>
    <relation uri="http://libmeta.ru/me/relation/1027_3_REGU">
      <rel_text>локально компактной</rel_text>
      <target>http://libmeta.ru/me/article/437_LOKAL'NO</target>
    </relation>
    <relation uri="http://libmeta.ru/me/relation/1027_4_REGU">
      <rel_text>пространстве</rel_text>
      <target>http://libmeta.ru/me/article/748_PROSTRANSTV</target>
    </relation>
    <relation uri="http://libmeta.ru/me/relation/1027_5_REGU">
      <rel_text>группы</rel_text>
      <target>http://libmeta.ru/me/article/1207_GRUPІІ</target>
    </relation>
    <relation uri="http://libmeta.ru/me/relation/1027_6_REGU">
      <rel_text>группы</rel_text>
      <target>http://libmeta.ru/me/article/1207_GRUPІІ</target>
    </relation>
    <relation uri="http://libmeta.ru/me/relation/1027_7_REGU">
      <rel_text>группа</rel_text>
      <target>http://libmeta.ru/me/article/1207_GRUPІІ</target>
    </relation>
    <relation uri="http://libmeta.ru/me/relation/1027_8_REGU">
      <rel_text>локально компактная</rel_text>
      <target>http://libmeta.ru/me/article/437_LOKAL'NO</target>
    </relation>
    <relation uri="http://libmeta.ru/me/relation/1027_9_REGU">
      <rel_text>непрерывных функций</rel_text>
      <target>http://libmeta.ru/me/article/947_NEPRERYShNAJa</target>
    </relation>
    <relation uri="http://libmeta.ru/me/relation/1027_10_REGU">
      <rel_text>пространства</rel_text>
      <target>http://libmeta.ru/me/article/748_PROSTRANSTV</target>
    </relation>
    <relation uri="http://libmeta.ru/me/relation/1027_11_REGU">
      <rel_text>пространства</rel_text>
      <target>http://libmeta.ru/me/article/748_PROSTRANSTV</target>
    </relation>
    <relation uri="http://libmeta.ru/me/relation/1027_12_REGU">
      <rel_text>группа</rel_text>
      <target>http://libmeta.ru/me/article/1207_GRUPІІ</target>
    </relation>
    <relation uri="http://libmeta.ru/me/relation/1027_13_REGU">
      <rel_text>функция</rel_text>
      <target>http://libmeta.ru/me/article/790_FUNKTO</target>
    </relation>
    <relation uri="http://libmeta.ru/me/relation/1027_14_REGU">
      <rel_text>пространстве</rel_text>
      <target>http://libmeta.ru/me/article/748_PROSTRANSTV</target>
    </relation>
    <relation uri="http://libmeta.ru/me/relation/1027_15_REGU">
      <rel_text>группы</rel_text>
      <target>http://libmeta.ru/me/article/1207_GRUPІІ</target>
    </relation>
    <relation uri="http://libmeta.ru/me/relation/1027_16_REGU">
      <rel_text>формула</rel_text>
      <target>http://libmeta.ru/me/article/741_FORMUL</target>
    </relation>
    <relation uri="http://libmeta.ru/me/relation/1027_17_REGU">
      <rel_text>пространству</rel_text>
      <target>http://libmeta.ru/me/article/748_PROSTRANSTV</target>
    </relation>
    <relation uri="http://libmeta.ru/me/relation/1027_18_REGU">
      <rel_text>функция</rel_text>
      <target>http://libmeta.ru/me/article/790_FUNKTO</target>
    </relation>
    <relation uri="http://libmeta.ru/me/relation/1027_19_REGU">
      <rel_text>групшы</rel_text>
      <target>http://libmeta.ru/me/article/1207_GRUPІІ</target>
    </relation>
    <relation uri="http://libmeta.ru/me/relation/1027_20_REGU">
      <rel_text>пространство</rel_text>
      <target>http://libmeta.ru/me/article/748_PROSTRANSTV</target>
    </relation>
    <relation uri="http://libmeta.ru/me/relation/1027_21_REGU">
      <rel_text>формулой</rel_text>
      <target>http://libmeta.ru/me/article/731_FORMALIZ</target>
    </relation>
    <relation uri="http://libmeta.ru/me/relation/1027_22_REGU">
      <rel_text>функций</rel_text>
      <target>http://libmeta.ru/me/article/790_FUNKTO</target>
    </relation>
    <relation uri="http://libmeta.ru/me/relation/1027_23_REGU">
      <rel_text>пространстве</rel_text>
      <target>http://libmeta.ru/me/article/748_PROSTRANSTV</target>
    </relation>
    <relation uri="http://libmeta.ru/me/relation/1027_24_REGU">
      <rel_text>группы</rel_text>
      <target>http://libmeta.ru/me/article/1207_GRUPІІ</target>
    </relation>
    <relation uri="http://libmeta.ru/me/relation/1027_25_REGU">
      <rel_text>линейное представление</rel_text>
      <target>http://libmeta.ru/me/article/361_LINEJNOE</target>
    </relation>
  </relations>
  <text>1) Р. П. (л ев о е) а л г е б р ы $URI[[http://libmeta.ru/me/formula/aux/1027_1_REGU]]/URI$ - линейное представление $URI[[http://libmeta.ru/me/formula/aux/1027_2_REGU]]/URI$ алгебры $URI[[http://libmeta.ru/me/formula/aux/1027_3_REGU]]/URI$ в векторном пространстве $URI[[http://libmeta.ru/me/formula/aux/1027_4_REGU]]/URI$, определяемое формулой $URI[[http://libmeta.ru/me/formula/aux/1027_5_REGU]]/URI$ для всех $URI[[http://libmeta.ru/me/formula/aux/1027_6_REGU]]/URI$; аналогично, формула $URI[[http://libmeta.ru/me/formula/aux/1027_7_REGU]]/URI$, определяет (анти)-представление алгебры $URI[[http://libmeta.ru/me/formula/aux/1027_8_REGU]]/URI$ в пространстве $URI[[http://libmeta.ru/me/formula/aux/1027_9_REGU]]/URI$, наз. (иравым) Р. п. $URI[[http://libmeta.ru/me/formula/aux/1027_10_REGU]]/URI$. Если $URI[[http://libmeta.ru/me/formula/aux/1027_11_REGU]]/URI$ - топологич. алгебра (с умножением, непрерывным по совокупности переменных), то $URI[[http://libmeta.ru/me/formula/aux/1027_12_REGU]]/URI$ и $URI[[http://libmeta.ru/me/formula/aux/1027_13_REGU]]/URI$ - непрерывные представлөния. Если $URI[[http://libmeta.ru/me/formula/aux/1027_14_REGU]]/URI$ алгебра с единицей или полупростая алгебра, то все ее Р. П.- точные.

2) Р. п. (п р а в о е) г р у п п ы $URI[[http://libmeta.ru/me/formula/aux/1027_15_REGU]]/URI$ - URI[[http://libmeta.ru/me/relation/1027_25_REGU]]/URI $URI[[http://libmeta.ru/me/formula/aux/1027_16_REGU]]/URI$ URI[[http://libmeta.ru/me/relation/1027_24_REGU]]/URI $URI[[http://libmeta.ru/me/formula/aux/1027_17_REGU]]/URI$ в URI[[http://libmeta.ru/me/relation/1027_23_REGU]]/URI $URI[[http://libmeta.ru/me/formula/aux/1027_18_REGU]]/URI$ комплекснозначных URI[[http://libmeta.ru/me/relation/1027_22_REGU]]/URI на $URI[[http://libmeta.ru/me/formula/aux/1027_19_REGU]]/URI$, определенное URI[[http://libmeta.ru/me/relation/1027_21_REGU]]/URI

\[
URI[[http://libmeta.ru/me/formula/main/1027_1_REGU]]/URI
\]

шричем URI[[http://libmeta.ru/me/relation/1027_20_REGU]]/URI $URI[[http://libmeta.ru/me/formula/aux/1027_20_REGU]]/URI$ разделяет точки URI[[http://libmeta.ru/me/relation/1027_19_REGU]]/URI $URI[[http://libmeta.ru/me/formula/aux/1027_21_REGU]]/URI$ и облладает теџ свойствоџ, что URI[[http://libmeta.ru/me/relation/1027_18_REGU]]/URI $URI[[http://libmeta.ru/me/formula/aux/1027_22_REGU]]/URI$, принадлежит URI[[http://libmeta.ru/me/relation/1027_17_REGU]]/URI $URI[[http://libmeta.ru/me/formula/aux/1027_23_REGU]]/URI$ для всех $URI[[http://libmeta.ru/me/formula/aux/1027_24_REGU]]/URI$. Аналогично, URI[[http://libmeta.ru/me/relation/1027_16_REGU]]/URI

$URI[[http://libmeta.ru/me/formula/aux/1027_25_REGU]]/URI$,

огределяет (левое) Р. п. URI[[http://libmeta.ru/me/relation/1027_15_REGU]]/URI $URI[[http://libmeta.ru/me/formula/aux/1027_26_REGU]]/URI$ в URI[[http://libmeta.ru/me/relation/1027_14_REGU]]/URI $URI[[http://libmeta.ru/me/formula/aux/1027_27_REGU]]/URI$, если URI[[http://libmeta.ru/me/relation/1027_13_REGU]]/URI $URI[[http://libmeta.ru/me/formula/aux/1027_28_REGU]]/URI$ принадлежит $URI[[http://libmeta.ru/me/formula/aux/1027_29_REGU]]/URI$ для всех $URI[[http://libmeta.ru/me/formula/aux/1027_30_REGU]]/URI$. Если $URI[[http://libmeta.ru/me/formula/aux/1027_31_REGU]]/URI$ - топологич. URI[[http://libmeta.ru/me/relation/1027_12_REGU]]/URI, то в качестве URI[[http://libmeta.ru/me/relation/1027_11_REGU]]/URI $URI[[http://libmeta.ru/me/formula/aux/1027_32_REGU]]/URI$ часто рассматриваются URI[[http://libmeta.ru/me/relation/1027_10_REGU]]/URI URI[[http://libmeta.ru/me/relation/1027_9_REGU]]/URI на $URI[[http://libmeta.ru/me/formula/aux/1027_33_REGU]]/URI$. Если $URI[[http://libmeta.ru/me/formula/aux/1027_34_REGU]]/URI$ - URI[[http://libmeta.ru/me/relation/1027_8_REGU]]/URI URI[[http://libmeta.ru/me/relation/1027_7_REGU]]/URI, то (правым) Р. п. URI[[http://libmeta.ru/me/relation/1027_6_REGU]]/URI $URI[[http://libmeta.ru/me/formula/aux/1027_35_REGU]]/URI$ наз. (правое) Р. п. URI[[http://libmeta.ru/me/relation/1027_5_REGU]]/URI $URI[[http://libmeta.ru/me/formula/aux/1027_36_REGU]]/URI$ в URI[[http://libmeta.ru/me/relation/1027_4_REGU]]/URI $URI[[http://libmeta.ru/me/formula/aux/1027_37_REGU]]/URI$, построенном по правоинвариантной мере Хаара на $URI[[http://libmeta.ru/me/formula/aux/1027_38_REGU]]/URI$; Р. п. URI[[http://libmeta.ru/me/relation/1027_3_REGU]]/URI URI[[http://libmeta.ru/me/relation/1027_2_REGU]]/URI является ее непрерывным унитарным URI[[http://libmeta.ru/me/relation/1027_1_REGU]]/URI, причем левое и правое Р. п. унитарно эквивалентны.</text>
  <text_orig>1) Р. П. (Л ев о е) а л г е б р ы $A$ - линейное представление $L$ алгебры $A$ в векторном пространстве $E=A$, определяемое формулой $L(a) b=a b$ для всех $a, b \in A$; аналогично, формула $R(a) b=b a, a, b \in A$, определяет (анти)-представление алгебры $A$ в пространстве $E=A$, наз. (иравым) Р. п. $A$. Если $A$ - топологич. алгебра (с умножением, непрерывным по совокупности переменных), то $L$ и $R$ - непрерывные представлөния. Если $A$ алгебра с единицей или полупростая алгебра, то все ее Р. П.- точные.

2) Р. п. (п р а в о е) г р у п п ы $G$ - линейное представление $R$ группы $G$ в пространстве $E$ комплекснозначных функций на $G$, определенное формулой

\[
(R(g) f)\left(g_{1}\right)=f\left(g_{1} g\right), g, g_{1} \in G, f \in E,
\]

шричем пространство $E$ разделяет точки групшы $G$ и облладает теџ свойствоџ, что функция $g_{1} \rightarrow f\left(g_{1} g\right), g_{1} \in G$, принадлежит пространству $E$ для всех $f \in E, g \in G$. Аналогично, формула

$(L(g) f)\left(g_{1}\right)=f\left(g^{-1} g_{1}\right), g, g_{1} \in G, f \in E$,

огределяет (левое) Р. п. группы $G$ в пространстве $E$, если функция $g_{1} \rightarrow f\left(g^{-1} g_{1}\right), \quad g_{1} \in G, \quad$ принадлежит $E$ для всех $g \in G, f \in E$. Если $G$ - топологич. группа, то в качестве пространства $E$ часто рассматриваются пространства непрерывных функций на $G$. Если $G$ - локально компактная группа, то (правым) Р. п. группы $G$ наз. (правое) Р. п. группы $G$ в пространстве $L^{2}(G)$, построенном по правоинвариантной мере Хаара на $G$; Р. п. локально компактной группы является ее непрерывным унитарным представлением, причем левое и правое Р. п. унитарно эквивалентны. А. И. Штерн</text_orig>
</article>
