<?xml version="1.0" ?>
<article uri="http://libmeta.ru/me/article/1027_NIL'POLUGRUPP" alphabetic_pos="1027">
  <title>НИЛЬПОЛУГРУППА</title>
  <authors/>
  <pages>
    <start>521</start>
    <end>522</end>
  </pages>
  <literature>
    <literature_orig/>
  </literature>
  <formulas_main>
    <formula uri="http://libmeta.ru/me/formula/main/1027_1_NIL'POLUGRUPP">S A_{\alpha+1} \bigcup A_{\alpha+1} S \subseteq A_{\alpha}</formula>
  </formulas_main>
  <formulas_aux>
    <formula uri="http://libmeta.ru/me/formula/aux/1027_1_NIL'POLUGRUPP">n&gt;1</formula>
    <formula uri="http://libmeta.ru/me/formula/aux/1027_2_NIL'POLUGRUPP">x^{n}=0</formula>
    <formula uri="http://libmeta.ru/me/formula/aux/1027_3_NIL'POLUGRUPP">s</formula>
    <formula uri="http://libmeta.ru/me/formula/aux/1027_4_NIL'POLUGRUPP">a_{\alpha}</formula>
    <formula uri="http://libmeta.ru/me/formula/aux/1027_5_NIL'POLUGRUPP">a_{\alpha+1}</formula>
    <formula uri="http://libmeta.ru/me/formula/aux/1027_6_NIL'POLUGRUPP">s</formula>
    <formula uri="http://libmeta.ru/me/formula/aux/1027_7_NIL'POLUGRUPP">s</formula>
  </formulas_aux>
  <relations n="17">
    <relation uri="http://libmeta.ru/me/relation/1027_1_NIL'POLUGRUPP">
      <rel_text>Полугруппа</rel_text>
      <target>http://libmeta.ru/me/article/457_POLUGRUPP</target>
    </relation>
    <relation uri="http://libmeta.ru/me/relation/1027_2_NIL'POLUGRUPP">
      <rel_text>полугруппы</rel_text>
      <target>http://libmeta.ru/me/article/457_POLUGRUPP</target>
    </relation>
    <relation uri="http://libmeta.ru/me/relation/1027_3_NIL'POLUGRUPP">
      <rel_text>Идеальный ряд</rel_text>
      <target>http://libmeta.ru/me/article/488_IDEAL'NYI</target>
    </relation>
    <relation uri="http://libmeta.ru/me/relation/1027_4_NIL'POLUGRUPP">
      <rel_text>Локально конечная полугруппа</rel_text>
      <target>http://libmeta.ru/me/article/439_LOKAL'NO</target>
    </relation>
    <relation uri="http://libmeta.ru/me/relation/1027_5_NIL'POLUGRUPP">
      <rel_text>Нильпотентная</rel_text>
      <target>http://libmeta.ru/me/article/1027_NIL'POLUGRUPP</target>
    </relation>
    <relation uri="http://libmeta.ru/me/relation/1027_6_NIL'POLUGRUPP">
      <rel_text>нильпотентные</rel_text>
      <target>http://libmeta.ru/me/article/1027_NIL'POLUGRUPP</target>
    </relation>
    <relation uri="http://libmeta.ru/me/relation/1027_7_NIL'POLUGRUPP">
      <rel_text>условие минимальности</rel_text>
      <target>http://libmeta.ru/me/article/1213_GRUPІA</target>
    </relation>
    <relation uri="http://libmeta.ru/me/relation/1027_8_NIL'POLUGRUPP">
      <rel_text>полугруппы</rel_text>
      <target>http://libmeta.ru/me/article/457_POLUGRUPP</target>
    </relation>
    <relation uri="http://libmeta.ru/me/relation/1027_9_NIL'POLUGRUPP">
      <rel_text>квадратом</rel_text>
      <target>http://libmeta.ru/me/article/796_KVADRAN</target>
    </relation>
    <relation uri="http://libmeta.ru/me/relation/1027_10_NIL'POLUGRUPP">
      <rel_text>совпадать</rel_text>
      <target>http://libmeta.ru/me/article/59_SOVPADENI</target>
    </relation>
    <relation uri="http://libmeta.ru/me/relation/1027_11_NIL'POLUGRUPP">
      <rel_text>Произвольная</rel_text>
      <target>http://libmeta.ru/me/article/1045_PROIZVODNA</target>
    </relation>
    <relation uri="http://libmeta.ru/me/relation/1027_12_NIL'POLUGRUPP">
      <rel_text>неразложимых</rel_text>
      <target>http://libmeta.ru/me/article/973_NERAVENSTV</target>
    </relation>
    <relation uri="http://libmeta.ru/me/relation/1027_13_NIL'POLUGRUPP">
      <rel_text>множество</rel_text>
      <target>http://libmeta.ru/me/article/733_MNOZhESTV</target>
    </relation>
    <relation uri="http://libmeta.ru/me/relation/1027_14_NIL'POLUGRUPP">
      <rel_text>неприводимое</rel_text>
      <target>http://libmeta.ru/me/article/957_NEPRERYVNOST</target>
    </relation>
    <relation uri="http://libmeta.ru/me/relation/1027_15_NIL'POLUGRUPP">
      <rel_text>полугруппа</rel_text>
      <target>http://libmeta.ru/me/article/457_POLUGRUPP</target>
    </relation>
    <relation uri="http://libmeta.ru/me/relation/1027_16_NIL'POLUGRUPP">
      <rel_text>факторы</rel_text>
      <target>http://libmeta.ru/me/article/659_FAKTO</target>
    </relation>
    <relation uri="http://libmeta.ru/me/relation/1027_17_NIL'POLUGRUPP">
      <rel_text>полугруппой</rel_text>
      <target>http://libmeta.ru/me/article/457_POLUGRUPP</target>
    </relation>
  </relations>
  <text>полугруппа с нулем, некоторая степень каждого әлемента к-рой равна нулю. Н. составляют один из важнейших классов периодических полугpynn: это в точности периодич. полугруппы с единственным итемпотентом, являющимся нулем. Более узкий класс составляют ло к а ль н о н и ль п от е н т ы е по л у г р у п пы (л. н. п., то есть полугруппы, каждая конечно порожденная подполугруппа к-рых нильпотентна, см. URI[[http://libmeta.ru/me/relation/1027_5_NIL'POLUGRUPP]]/URI полугруппа). Для любого $URI[[http://libmeta.ru/me/formula/aux/1027_1_NIL'POLUGRUPP]]/URI$ существует полугруппа с тождеством $URI[[http://libmeta.ru/me/formula/aux/1027_2_NIL'POLUGRUPP]]/URI$, не являющаяся л. н. п. (см., напр., [1] гл. Viii, §). Конечная Н. нильнотентна, и л. н. п. - это в точности локально конечные Н. (см. URI[[http://libmeta.ru/me/relation/1027_4_NIL'POLUGRUPP]]/URI). Еще более узкий класс составляот п о л у-

![](https://cdn.mathpix.com/cropped/2023_07_08_cad0e25fe535b9ff8cecg-1.jpg?height=34&amp;width=831&amp;top_left_y=514&amp;top_left_x=120)
н ы м р я д о м (в. а. р.). Полугруппа $URI[[http://libmeta.ru/me/formula/aux/1027_3_NIL'POLUGRUPP]]/URI$ наз. полугруппой с в. а. р., если она обладает начинающимся с нуля возрастающим идеальным рядом (см. URI[[http://libmeta.ru/me/relation/1027_3_NIL'POLUGRUPP]]/URI URI[[http://libmeta.ru/me/relation/1027_2_NIL'POLUGRUPP]]/URI, для любых двух соседних членов $URI[[http://libmeta.ru/me/formula/aux/1027_4_NIL'POLUGRUPP]]/URI$, $URI[[http://libmeta.ru/me/formula/aux/1027_5_NIL'POLUGRUPP]]/URI$ к-рого имеет место

\[
URI[[http://libmeta.ru/me/formula/main/1027_1_NIL'POLUGRUPP]]/URI
\]

H. будет URI[[http://libmeta.ru/me/relation/1027_17_NIL'POLUGRUPP]]/URI с в. а. р. тогда и только тогда, когда она обладает возрастающим рядом идеалов, все URI[[http://libmeta.ru/me/relation/1027_16_NIL'POLUGRUPP]]/URI к-рого конечны. Всякая URI[[http://libmeta.ru/me/relation/1027_15_NIL'POLUGRUPP]]/URI с в. а. p. имеет единственное URI[[http://libmeta.ru/me/relation/1027_14_NIL'POLUGRUPP]]/URI порождающее URI[[http://libmeta.ru/me/relation/1027_13_NIL'POLUGRUPP]]/URI, состоящее из ее URI[[http://libmeta.ru/me/relation/1027_12_NIL'POLUGRUPP]]/URI элементов. URI[[http://libmeta.ru/me/relation/1027_11_NIL'POLUGRUPP]]/URI же л. н п. может URI[[http://libmeta.ru/me/relation/1027_10_NIL'POLUGRUPP]]/URI со своим URI[[http://libmeta.ru/me/relation/1027_9_NIL'POLUGRUPP]]/URI. Наложение на Н. многих условий конечности (см. URI[[http://libmeta.ru/me/relation/1027_1_NIL'POLUGRUPP]]/URI с условием конечности) влечет конечность URI[[http://libmeta.ru/me/relation/1027_8_NIL'POLUGRUPP]]/URI; таковы, напр., URI[[http://libmeta.ru/me/relation/1027_7_NIL'POLUGRUPP]]/URI для идеалов, условие максимальности для правых (левых) идеалов. Если все URI[[http://libmeta.ru/me/relation/1027_6_NIL'POLUGRUPP]]/URI подполугруппы Н. $URI[[http://libmeta.ru/me/formula/aux/1027_6_NIL'POLUGRUPP]]/URI$ конечны, то и $URI[[http://libmeta.ru/me/formula/aux/1027_7_NIL'POLUGRUPP]]/URI$ конечна.

![](https://cdn.mathpix.com/cropped/2023_07_08_cad0e25fe535b9ff8cecg-1.jpg?height=49&amp;width=804&amp;top_left_y=1097&amp;top_left_x=154)
англ., M., 1961; [2] Iii е в p и н Jі. Н., &quot;матем. сб.&quot;, 1961,

![](https://cdn.mathpix.com/cropped/2023_07_08_cad0e25fe535b9ff8cecg-1.jpg?height=45&amp;width=833&amp;top_left_y=1156&amp;top_left_x=122)</text>
  <text_orig>полугруппа с нулем, некоторая степень каждого әлемента к-рой равна нулю. Н. составляют один из важнейших классов периодических полугpynn: это в точности периодич. полугруппы с единственным итемпотентом, являющимся нулем. Более узкий класс составляют ло к а ль н о н и ль п от е н т ы е по л у г р у п пы (л. н. п., то есть полугруппы, каждая конечно порожденная подполугруппа к-рых нильпотентна, см. Нильпотентная полугруппа). Для любого $n&gt;1$ существует полугруппа с тождеством $x^{n}=0$, не являющаяся л. н. п. (см., напр., [1] гл. VIII, §). Конечная Н. нильнотентна, и л. н. п. - это в точности локально конечные Н. (см. Локально конечная полугруппа). Еще более узкий класс составляот п о л у-

![](https://cdn.mathpix.com/cropped/2023_07_08_cad0e25fe535b9ff8cecg-1.jpg?height=34&amp;width=831&amp;top_left_y=514&amp;top_left_x=120)
н ы м р я д о м (в. а. р.). Полугруппа $S$ наз. полугруппой с в. а. р., если она обладает начинающимся с нуля возрастающим идеальным рядом (см. Идеальный ряд полугруппы, для любых двух соседних членов $A_{\alpha}$, $A_{\alpha+1}$ к-рого имеет место

\[
S A_{\alpha+1} \bigcup A_{\alpha+1} S \subseteq A_{\alpha}
\]

H. будет полугруппой с в. а. р. тогда и только тогда, когда она обладает возрастающим рядом идеалов, все факторы к-рого конечны. Всякая полугруппа с в. а. p. имеет единственное неприводимое порождающее множество, состоящее из ее неразложимых элементов. Произвольная же л. н п. может совпадать со своим квадратом. Наложение на Н. многих условий конечности (см. Полугруппа с условием конечности) влечет конечность полугруппы; таковы, напр., условие минимальности для идеалов, условие максимальности для правых (левых) идеалов. Если все нильпотентные подполугруппы Н. $S$ конечны, то и $S$ конечна.

![](https://cdn.mathpix.com/cropped/2023_07_08_cad0e25fe535b9ff8cecg-1.jpg?height=49&amp;width=804&amp;top_left_y=1097&amp;top_left_x=154)
англ., M., 1961; [2] III е в p и н Jі. Н., &quot;Матем. сб.&quot;, 1961,

![](https://cdn.mathpix.com/cropped/2023_07_08_cad0e25fe535b9ff8cecg-1.jpg?height=45&amp;width=833&amp;top_left_y=1156&amp;top_left_x=122)</text_orig>
</article>
