<?xml version="1.0" ?>
<article uri="http://libmeta.ru/me/article/1027_KONGRUӬNTs-PROBLEM" alphabetic_pos="1027">
  <title>КОНГРУӬНЦ-ПРОБЛЕМА</title>
  <authors/>
  <pages>
    <start>508</start>
    <end>508</end>
  </pages>
  <literature>
    <literature_orig/>
  </literature>
  <formulas_main>
    <formula uri="http://libmeta.ru/me/formula/main/1027_1_KONGRUӬNTs-PROBLEM">O_{V}=\{x \in k \mid v(x) \leqslant 1, \text { при всех } v \notin V\}</formula>
  </formulas_main>
  <formulas_aux>
    <formula uri="http://libmeta.ru/me/formula/aux/1027_1_KONGRUӬNTs-PROBLEM">g_{o}</formula>
    <formula uri="http://libmeta.ru/me/formula/aux/1027_2_KONGRUӬNTs-PROBLEM">o-</formula>
    <formula uri="http://libmeta.ru/me/formula/aux/1027_3_KONGRUӬNTs-PROBLEM">k</formula>
    <formula uri="http://libmeta.ru/me/formula/aux/1027_4_KONGRUӬNTs-PROBLEM">g-</formula>
    <formula uri="http://libmeta.ru/me/formula/aux/1027_5_KONGRUӬNTs-PROBLEM">k</formula>
    <formula uri="http://libmeta.ru/me/formula/aux/1027_6_KONGRUӬNTs-PROBLEM">\hat{g}_{o}</formula>
    <formula uri="http://libmeta.ru/me/formula/aux/1027_7_KONGRUӬNTs-PROBLEM">g_{o}-</formula>
    <formula uri="http://libmeta.ru/me/formula/aux/1027_8_KONGRUӬNTs-PROBLEM">o-</formula>
    <formula uri="http://libmeta.ru/me/formula/aux/1027_9_KONGRUӬNTs-PROBLEM">g_{o}</formula>
    <formula uri="http://libmeta.ru/me/formula/aux/1027_10_KONGRUӬNTs-PROBLEM">g_{o}</formula>
    <formula uri="http://libmeta.ru/me/formula/aux/1027_11_KONGRUӬNTs-PROBLEM">\pi: \widehat{G}_{O \rightarrow} \bar{G}_{O}</formula>
    <formula uri="http://libmeta.ru/me/formula/aux/1027_12_KONGRUӬNTs-PROBLEM">\pi</formula>
    <formula uri="http://libmeta.ru/me/formula/aux/1027_13_KONGRUӬNTs-PROBLEM">c(g)</formula>
    <formula uri="http://libmeta.ru/me/formula/aux/1027_14_KONGRUӬNTs-PROBLEM">c(g)=1</formula>
    <formula uri="http://libmeta.ru/me/formula/aux/1027_15_KONGRUӬNTs-PROBLEM">c(g)</formula>
    <formula uri="http://libmeta.ru/me/formula/aux/1027_16_KONGRUӬNTs-PROBLEM">g_{o}=s L(\pi, \mathbb{Z})</formula>
    <formula uri="http://libmeta.ru/me/formula/aux/1027_17_KONGRUӬNTs-PROBLEM">\mathbb{z}-</formula>
    <formula uri="http://libmeta.ru/me/formula/aux/1027_18_KONGRUӬNTs-PROBLEM">n=2</formula>
    <formula uri="http://libmeta.ru/me/formula/aux/1027_19_KONGRUӬNTs-PROBLEM">n&gt;2</formula>
    <formula uri="http://libmeta.ru/me/formula/aux/1027_20_KONGRUӬNTs-PROBLEM">s L(n, \mathbb{Z})</formula>
    <formula uri="http://libmeta.ru/me/formula/aux/1027_21_KONGRUӬNTs-PROBLEM">g_{o}=s L(n, O), n&gt;2</formula>
    <formula uri="http://libmeta.ru/me/formula/aux/1027_22_KONGRUӬNTs-PROBLEM">s p(2 n, O), n&gt;1</formula>
    <formula uri="http://libmeta.ru/me/formula/aux/1027_23_KONGRUӬNTs-PROBLEM">s p</formula>
    <formula uri="http://libmeta.ru/me/formula/aux/1027_24_KONGRUӬNTs-PROBLEM">c(g) \neq 1</formula>
    <formula uri="http://libmeta.ru/me/formula/aux/1027_25_KONGRUӬNTs-PROBLEM">k</formula>
    <formula uri="http://libmeta.ru/me/formula/aux/1027_26_KONGRUӬNTs-PROBLEM">c(g)</formula>
    <formula uri="http://libmeta.ru/me/formula/aux/1027_27_KONGRUӬNTs-PROBLEM">k</formula>
    <formula uri="http://libmeta.ru/me/formula/aux/1027_28_KONGRUӬNTs-PROBLEM">s L(2)</formula>
    <formula uri="http://libmeta.ru/me/formula/aux/1027_29_KONGRUӬNTs-PROBLEM">g</formula>
    <formula uri="http://libmeta.ru/me/formula/aux/1027_30_KONGRUӬNTs-PROBLEM">c(g)</formula>
    <formula uri="http://libmeta.ru/me/formula/aux/1027_31_KONGRUӬNTs-PROBLEM">g</formula>
    <formula uri="http://libmeta.ru/me/formula/aux/1027_32_KONGRUӬNTs-PROBLEM">c(g)=c(s)</formula>
    <formula uri="http://libmeta.ru/me/formula/aux/1027_33_KONGRUӬNTs-PROBLEM">s</formula>
    <formula uri="http://libmeta.ru/me/formula/aux/1027_34_KONGRUӬNTs-PROBLEM">g</formula>
    <formula uri="http://libmeta.ru/me/formula/aux/1027_35_KONGRUӬNTs-PROBLEM">g</formula>
    <formula uri="http://libmeta.ru/me/formula/aux/1027_36_KONGRUӬNTs-PROBLEM">c(g)=1</formula>
    <formula uri="http://libmeta.ru/me/formula/aux/1027_37_KONGRUӬNTs-PROBLEM">o</formula>
    <formula uri="http://libmeta.ru/me/formula/aux/1027_38_KONGRUӬNTs-PROBLEM">v</formula>
    <formula uri="http://libmeta.ru/me/formula/aux/1027_39_KONGRUӬNTs-PROBLEM">k</formula>
    <formula uri="http://libmeta.ru/me/formula/aux/1027_40_KONGRUӬNTs-PROBLEM">c(g, V)</formula>
    <formula uri="http://libmeta.ru/me/formula/aux/1027_41_KONGRUӬNTs-PROBLEM">v</formula>
    <formula uri="http://libmeta.ru/me/formula/aux/1027_42_KONGRUӬNTs-PROBLEM">1970, \mathrm{~T} .14</formula>
    <formula uri="http://libmeta.ru/me/formula/aux/1027_43_KONGRUӬNTs-PROBLEM">1-62</formula>
  </formulas_aux>
  <relations n="2">
    <relation uri="http://libmeta.ru/me/relation/1027_1_KONGRUӬNTs-PROBLEM">
      <rel_text>Геометрия</rel_text>
      <target>http://libmeta.ru/me/article/1012_GEOMETRI</target>
    </relation>
    <relation uri="http://libmeta.ru/me/relation/1027_2_KONGRUӬNTs-PROBLEM">
      <rel_text>Алгебра</rel_text>
      <target>http://libmeta.ru/me/article/93_ALGEBR</target>
    </relation>
  </relations>
  <text>всякая ли подгруппа конечного индекса группы $URI[[http://libmeta.ru/me/formula/aux/1027_1_KONGRUӬNTs-PROBLEM]]/URI$, где $URI[[http://libmeta.ru/me/formula/aux/1027_2_KONGRUӬNTs-PROBLEM]]/URI$ кольцо целых әлементов поля алгебраич. чисел $URI[[http://libmeta.ru/me/formula/aux/1027_3_KONGRUӬNTs-PROBLEM]]/URI$, а $URI[[http://libmeta.ru/me/formula/aux/1027_4_KONGRUӬNTs-PROBLEM]]/URI$ связная линейная алгебраическая $URI[[http://libmeta.ru/me/formula/aux/1027_5_KONGRUӬNTs-PROBLEM]]/URI$-определенная группа, является конгруэнц-подгруппой? Это - классическая постановка К.-П. Современный вариант К.-П. основывается на понятии конгруэнц-ядра, выражающего меру отклонения от ее положительного решения. А именно, пусть $URI[[http://libmeta.ru/me/formula/aux/1027_6_KONGRUӬNTs-PROBLEM]]/URI$ и $URI[[http://libmeta.ru/me/formula/aux/1027_7_KONGRUӬNTs-PROBLEM]]/URI$ пополнения группы $URI[[http://libmeta.ru/me/formula/aux/1027_8_KONGRUӬNTs-PROBLEM]]/URI$ точек $URI[[http://libmeta.ru/me/formula/aux/1027_9_KONGRUӬNTs-PROBLEM]]/URI$ в топологии, определяемой соответственно всеми подгруппами конечного индекса и конгруэнц-подгруппами группы $URI[[http://libmeta.ru/me/formula/aux/1027_10_KONGRUӬNTs-PROBLEM]]/URI$. Тогда существует сюръективный и непрерывный гомоморфизм $URI[[http://libmeta.ru/me/formula/aux/1027_11_KONGRUӬNTs-PROBLEM]]/URI$. Ядро Ker $URI[[http://libmeta.ru/me/formula/aux/1027_12_KONGRUӬNTs-PROBLEM]]/URI$ наз. конгруәнц-ядром и обозначается через $URI[[http://libmeta.ru/me/formula/aux/1027_13_KONGRUӬNTs-PROBLEM]]/URI$. Положительное решение К.-п. в классической постановке эквивалентно $URI[[http://libmeta.ru/me/formula/aux/1027_14_KONGRUӬNTs-PROBLEM]]/URI$. К.-п. в современной форме заключается в вычислении конгруэнц-ядра $URI[[http://libmeta.ru/me/formula/aux/1027_15_KONGRUӬNTs-PROBLEM]]/URI$. Для $URI[[http://libmeta.ru/me/formula/aux/1027_16_KONGRUӬNTs-PROBLEM]]/URI$, где $URI[[http://libmeta.ru/me/formula/aux/1027_17_KONGRUӬNTs-PROBLEM]]/URI$ кольцо целых чисел, еще в конце 19 в. было известно, что при $URI[[http://libmeta.ru/me/formula/aux/1027_18_KONGRUӬNTs-PROBLEM]]/URI$ К.-П. решается отрицательно. В 1965 было показано, что при $URI[[http://libmeta.ru/me/formula/aux/1027_19_KONGRUӬNTs-PROBLEM]]/URI$ всякая подгруппа конечного индекса групіы $URI[[http://libmeta.ru/me/formula/aux/1027_20_KONGRUӬNTs-PROBLEM]]/URI$ является конгруэнц-подгруппой (см. [1]). Вслед за этим было получено [1] решение К.-П. для $URI[[http://libmeta.ru/me/formula/aux/1027_21_KONGRUӬNTs-PROBLEM]]/URI$, или $URI[[http://libmeta.ru/me/formula/aux/1027_22_KONGRUӬNTs-PROBLEM]]/URI$, где $URI[[http://libmeta.ru/me/formula/aux/1027_23_KONGRUӬNTs-PROBLEM]]/URI$ обозначает симплектическую группу. Для этих групп результат таков: $URI[[http://libmeta.ru/me/formula/aux/1027_24_KONGRUӬNTs-PROBLEM]]/URI$ только для вполне мнимого поля $URI[[http://libmeta.ru/me/formula/aux/1027_25_KONGRUӬNTs-PROBLEM]]/URI$, для к-рого конгруэнц-ядро $URI[[http://libmeta.ru/me/formula/aux/1027_26_KONGRUӬNTs-PROBLEM]]/URI$ изоморфно циклической группе корней из единицы, содержащихся в $URI[[http://libmeta.ru/me/formula/aux/1027_27_KONGRUӬNTs-PROBLEM]]/URI$. Оказывается, точно такой же результат справедлив для всех односвязных групп Шевалле, кроме $URI[[http://libmeta.ru/me/formula/aux/1027_28_KONGRUӬNTs-PROBLEM]]/URI$ (см. [3]). Условие односвязности является существенным, ибо из теоремы о сильной аппроксимации следует, что для неодносвязной полупростой группы $URI[[http://libmeta.ru/me/formula/aux/1027_29_KONGRUӬNTs-PROBLEM]]/URI$ конгруэнц-ядро $URI[[http://libmeta.ru/me/formula/aux/1027_30_KONGRUӬNTs-PROBLEM]]/URI$ бесконечно. Для неполупростой группы $URI[[http://libmeta.ru/me/formula/aux/1027_31_KONGRUӬNTs-PROBLEM]]/URI$ всегда $URI[[http://libmeta.ru/me/formula/aux/1027_32_KONGRUӬNTs-PROBLEM]]/URI$, где $URI[[http://libmeta.ru/me/formula/aux/1027_33_KONGRUӬNTs-PROBLEM]]/URI$ - максимальная полупростая подгруппа в $URI[[http://libmeta.ru/me/formula/aux/1027_34_KONGRUӬNTs-PROBLEM]]/URI$; в частности, для разрешимой $URI[[http://libmeta.ru/me/formula/aux/1027_35_KONGRUӬNTs-PROBLEM]]/URI$ всегда $URI[[http://libmeta.ru/me/formula/aux/1027_36_KONGRUӬNTs-PROBLEM]]/URI$.

Более общая форма К.-П. получается заменой кольца $URI[[http://libmeta.ru/me/formula/aux/1027_37_KONGRUӬNTs-PROBLEM]]/URI$ на кольцо

\[
URI[[http://libmeta.ru/me/formula/main/1027_1_KONGRUӬNTs-PROBLEM]]/URI
\]

где $URI[[http://libmeta.ru/me/formula/aux/1027_38_KONGRUӬNTs-PROBLEM]]/URI$ - произвольное конечное множество неэквивалентных нормирований поля $URI[[http://libmeta.ru/me/formula/aux/1027_39_KONGRUӬNTs-PROBLEM]]/URI$, содержащее все архимедовы нормирования. В этой ситуации конгруэнц-ядро, обозначаемое $URI[[http://libmeta.ru/me/formula/aux/1027_40_KONGRUӬNTs-PROBLEM]]/URI$, существенно зависит от $URI[[http://libmeta.ru/me/formula/aux/1027_41_KONGRUӬNTs-PROBLEM]]/URI$ (см. [4], [5]).

![](https://cdn.mathpix.com/cropped/2023_07_08_6584a59bd7eb7d67d7aag-1.jpg?height=45&amp;width=786&amp;top_left_y=1042&amp;top_left_x=1026)
&quot;математика&quot;, $URI[[http://libmeta.ru/me/formula/aux/1027_42_KONGRUӬNTs-PROBLEM]]/URI$, № 6, c. 64-128; 1971, т. 15 , № 1 , c. 44-60; [2] C e p p \%.-П., &quot;математика&quot;, 1971, т. 15, № 6, c. 1969, t. 2 , № 1 , p. $URI[[http://libmeta.ru/me/formula/aux/1027_43_KONGRUӬNTs-PROBLEM]]/URI$; [4] Итоги науки и техники. URI[[http://libmeta.ru/me/relation/1027_2_KONGRUӬNTs-PROBLEM]]/URI топология. URI[[http://libmeta.ru/me/relation/1027_1_KONGRUӬNTs-PROBLEM]]/URI, т. 11, M., 1974, с. 5-37; [5] R a g h un a th a n M., &quot;publ. Math. Ihes», 1976, № 46, p. 107-61.</text>
  <text_orig>всякая ли подгруппа конечного индекса группы $G_{O}$, где $O-$ кольцо целых әлементов поля алгебраич. чисел $k$, а $G-$ связная линейная алгебраическая $k$-определенная группа, является конгруэнц-подгруппой? Это - классическая постановка К.-П. Современный вариант К.-П. основывается на понятии конгруэнц-ядра, выражающего меру отклонения от ее положительного решения. А именно, пусть $\hat{G}_{O}$ и $G_{O}-$ пополнения группы $O-$ точек $G_{O}$ в топологии, определяемой соответственно всеми подгруппами конечного индекса и конгруэнц-подгруппами группы $G_{O}$. Тогда существует сюръективный и непрерывный гомоморфизм $\pi: \widehat{G}_{O \rightarrow} \bar{G}_{O}$. Ядро Ker $\pi$ наз. конгруәнц-ядром и обозначается через $c(G)$. Положительное решение К.-п. в классической постановке эквивалентно $c(G)=1$. К.-п. в современной форме заключается в вычислении конгруэнц-ядра $c(G)$. Для $G_{O}=S L(\pi, \mathbb{Z})$, где $\mathbb{Z}-$ кольцо целых чисел, еще в конце 19 в. было известно, что при $n=2$ К.-П. решается отрицательно. В 1965 было показано, что при $n&gt;2$ всякая подгруппа конечного индекса групіы $S L(n, \mathbb{Z})$ является конгруэнц-подгруппой (см. [1]). Вслед за этим было получено [1] решение К.-П. для $G_{O}=S L(n, O), n&gt;2$, или $S p(2 n, O), n&gt;1$, где $S p$ обозначает симплектическую группу. Для этих групп результат таков: $c(G) \neq 1$ только для вполне мнимого поля $k$, для к-рого конгруэнц-ядро $c(G)$ изоморфно циклической группе корней из единицы, содержащихся в $k$. Оказывается, точно такой же результат справедлив для всех односвязных групп Шевалле, кроме $S L(2)$ (см. [3]). Условие односвязности является существенным, ибо из теоремы о сильной аппроксимации следует, что для неодносвязной полупростой группы $G$ конгруэнц-ядро $c(G)$ бесконечно. Для неполупростой группы $G$ всегда $c(G)=c(S)$, где $S$ - максимальная полупростая подгруппа в $G$; в частности, для разрешимой $G$ всегда $c(G)=1$.

Более общая форма К.-П. получается заменой кольца $O$ на кольцо

\[
O_{V}=\{x \in k \mid v(x) \leqslant 1, \text { при всех } v \notin V\}
\]

где $V$ - произвольное конечное множество неэквивалентных нормирований поля $k$, содержащее все архимедовы нормирования. В этой ситуации конгруэнц-ядро, обозначаемое $c(G, V)$, существенно зависит от $V$ (см. [4], [5]).

![](https://cdn.mathpix.com/cropped/2023_07_08_6584a59bd7eb7d67d7aag-1.jpg?height=45&amp;width=786&amp;top_left_y=1042&amp;top_left_x=1026)
&quot;Математика&quot;, $1970, \mathrm{~T} .14$, № 6, c. 64-128; 1971, т. 15 , № 1 , c. 44-60; [2] C e p p \%.-П., &quot;Математика&quot;, 1971, т. 15, № 6, c. 1969, t. 2 , № 1 , p. $1-62$; [4] Итоги науки и техники. Алгебра топология. Геометрия, т. 11, M., 1974, с. 5-37; [5] R a g h un a th a n M., &quot;Publ. Math. IHES», 1976, № 46, p. 107-61.</text_orig>
</article>
