<?xml version="1.0" ?>
<article uri="http://libmeta.ru/me/article/1028_REGU" alphabetic_pos="1028">
  <title>РЕГУ ЛЯ РНОЕ ПРОСТОЕ ЧИСЛО</title>
  <authors>
    <author>О. А. Иванова</author>
  </authors>
  <pages>
    <start>472</start>
    <end>472</end>
  </pages>
  <literature>
    <literature_orig/>
  </literature>
  <formulas_main/>
  <formulas_aux>
    <formula uri="http://libmeta.ru/me/formula/aux/1028_1_REGU">p</formula>
    <formula uri="http://libmeta.ru/me/formula/aux/1028_2_REGU">r\left(e^{2 \pi \imath / p}\right)</formula>
    <formula uri="http://libmeta.ru/me/formula/aux/1028_3_REGU">p</formula>
  </formulas_aux>
  <relations n="4">
    <relation uri="http://libmeta.ru/me/relation/1028_1_REGU">
      <rel_text>простое число</rel_text>
      <target>http://libmeta.ru/me/article/740_PROSTOE</target>
    </relation>
    <relation uri="http://libmeta.ru/me/relation/1028_2_REGU">
      <rel_text>делится</rel_text>
      <target>http://libmeta.ru/me/article/104_DELITEL</target>
    </relation>
    <relation uri="http://libmeta.ru/me/relation/1028_3_REGU">
      <rel_text>число</rel_text>
      <target>http://libmeta.ru/me/article/1009_ChISL</target>
    </relation>
    <relation uri="http://libmeta.ru/me/relation/1028_4_REGU">
      <rel_text>нечетное число</rel_text>
      <target>http://libmeta.ru/me/article/1013_NEChETNOE</target>
    </relation>
  </relations>
  <text>простое URI[[http://libmeta.ru/me/relation/1028_4_REGU]]/URI $URI[[http://libmeta.ru/me/formula/aux/1028_1_REGU]]/URI$, для к-рого URI[[http://libmeta.ru/me/relation/1028_3_REGU]]/URI классов идеалов кругового поля $URI[[http://libmeta.ru/me/formula/aux/1028_2_REGU]]/URI$ не URI[[http://libmeta.ru/me/relation/1028_2_REGU]]/URI на $URI[[http://libmeta.ru/me/formula/aux/1028_3_REGU]]/URI$. Все остальные простые нечетные числа наз. и р р е г у л я р ны м и (см. Иррегулярное URI[[http://libmeta.ru/me/relation/1028_1_REGU]]/URI).</text>
  <text_orig>простое нечетное число $p$, для к-рого число классов идеалов кругового поля $R\left(e^{2 \pi \imath / p}\right)$ не делится на $p$. Все остальные простые нечетные числа наз. и р р е г у л я р ны м и (см. Иррегулярное простое число). О. А. Иванова.</text_orig>
</article>
