<?xml version="1.0" ?>
<article uri="http://libmeta.ru/me/article/1028_GIL'BERTA" alphabetic_pos="1028">
  <title>ГИЛЬБЕРТА ИНВАРИАНТНЫЙ ИНТЕГРАЛ</title>
  <authors/>
  <pages>
    <start>484</start>
    <end>485</end>
  </pages>
  <literature>
    <literature_orig>Jum.: [1] B e l t r a m i F., &quot;rend. Ist. Lombardo Sci. Let.&quot;, 1868, v. 1, N 2, p. 708-718; [2] H i l b e r t D., «nachr. Ges. Wiss. Göttingen&quot;, 1900 , S. 253-97; [3] Проблемы Гильберта,Bd 62, S. $351-70$; [5] A х и е з е p H. И., Лекции по вариаци- онному исчислению, М., 1955, с. 55-6; [6] Г е ль ф а н д И. М., Ф о м и н С. В., Вариационное исчисление, М., 1961, с. 135146; [7] C a r a thé o d o r y C., Variationsrechnung und partiя elle Differentialgleichungen erster Ordnung, B.- L., 1935; [8] тимального управления, пер. с англ., М., 1974.</literature_orig>
    <unit>
      <author>Beltrami F.</author>
      <title>&quot;rend. Ist. Lombardo Sci. Let.&quot;</title>
      <publication/>
      <year>1868</year>
      <other>v. 1, N 2, p. 708-718</other>
    </unit>
    <unit>
      <author>Hilbert D.</author>
      <title>«nachr. Ges. Wiss. Göttingen&quot;</title>
      <publication/>
      <year>1900</year>
      <other>S. 253-97</other>
    </unit>
    <unit>
      <title>Проблемы Гильберта, Bd 62, S. $351-70$; [5] A х и е з е p H. И., Лекции по вариаци- онному исчислению</title>
      <publication>М.</publication>
      <year>1955</year>
      <other>с. 55-6; [6] Г е ль ф а н д И. М., Ф о м и н С. В., Вариационное исчисление, М., 1961, с. 135146; [7] C a r a thé o d o r y C., Variationsrechnung und partiя elle Differentialgleichungen erster Ordnung, B.- L., 1935; [8] тимального управления, пер. с англ., М., 1974.</other>
    </unit>
  </literature>
  <formulas_main>
    <formula uri="http://libmeta.ru/me/formula/main/1028_1_GIL'BERTA">J(x)=\int L\left(t, x^{i}, \dot{x}^{i}\right) d t</formula>
    <formula uri="http://libmeta.ru/me/formula/main/1028_2_GIL'BERTA">\begin{gathered}J^{*}=\int_{\gamma}\left(L\left(t, x^{i}, U^{i}\left(t, x^{i}\right)\right)-\right. \\\left.-\sum_{k=1}^{n} U^{k}\left(t, x^{i}\right) \frac{\partial L\left(t, x^{i}, U^{i}\left(t, x^{i}\right)\right)}{\partial x^{k}}\right) d t+ \\+\sum_{k=1}^{n} \frac{\partial L\left(t, x^{i}, U^{i}\left(t, x^{i}\right)\right)}{\partial \dot{x}^{k}} d x^{k}\end{gathered}</formula>
    <formula uri="http://libmeta.ru/me/formula/main/1028_3_GIL'BERTA">p_{k}\left(t, x^{i}\right)=\frac{\partial L\left(t, x^{i}, U^{i}\left(t, x^{i}\right)\right)}{\partial \dot{x}^{k}}</formula>
    <formula uri="http://libmeta.ru/me/formula/main/1028_4_GIL'BERTA">\begin{aligned}J^{*}=\int d S &amp; =\int-H\left(t, x^{i}, p_{i}\left(t, x^{i}\right)\right) d t+ \\&amp; +\sum_{k=1}^{n} p_{k}\left(t, x^{i}\right) d x^{i} ;\end{aligned}</formula>
    <formula uri="http://libmeta.ru/me/formula/main/1028_5_GIL'BERTA">H=\sum_{k=1}^{n} p_{k} U^{k}-L</formula>
  </formulas_main>
  <formulas_aux>
    <formula uri="http://libmeta.ru/me/formula/aux/1028_1_GIL'BERTA">u^{i}\left(t, x^{i}\right)</formula>
    <formula uri="http://libmeta.ru/me/formula/aux/1028_2_GIL'BERTA">j^{*}</formula>
    <formula uri="http://libmeta.ru/me/formula/aux/1028_3_GIL'BERTA">\gamma</formula>
    <formula uri="http://libmeta.ru/me/formula/aux/1028_4_GIL'BERTA">p_{0}=\left(t_{0}, x_{0}^{i}\right)</formula>
    <formula uri="http://libmeta.ru/me/formula/aux/1028_5_GIL'BERTA">p_{1}=\left(t_{1}, x_{1}^{i}\right)</formula>
    <formula uri="http://libmeta.ru/me/formula/aux/1028_6_GIL'BERTA">j *</formula>
    <formula uri="http://libmeta.ru/me/formula/aux/1028_7_GIL'BERTA">s\left(p_{1}, P_{2}\right)</formula>
    <formula uri="http://libmeta.ru/me/formula/aux/1028_8_GIL'BERTA">s=</formula>
    <formula uri="http://libmeta.ru/me/formula/aux/1028_9_GIL'BERTA">u^{i}\left(t, x^{i}\right)</formula>
    <formula uri="http://libmeta.ru/me/formula/aux/1028_10_GIL'BERTA">\ddot{x^{i}}=u^{i}\left(t, x^{i}\right)</formula>
    <formula uri="http://libmeta.ru/me/formula/aux/1028_11_GIL'BERTA">j(x)</formula>
    <formula uri="http://libmeta.ru/me/formula/aux/1028_12_GIL'BERTA">j^{*}</formula>
    <formula uri="http://libmeta.ru/me/formula/aux/1028_13_GIL'BERTA">u^{i}\left(t, x^{i}\right)</formula>
    <formula uri="http://libmeta.ru/me/formula/aux/1028_14_GIL'BERTA">\left(t, x^{i}\right)</formula>
    <formula uri="http://libmeta.ru/me/formula/aux/1028_15_GIL'BERTA">\gamma</formula>
    <formula uri="http://libmeta.ru/me/formula/aux/1028_16_GIL'BERTA">x^{i}(t)</formula>
    <formula uri="http://libmeta.ru/me/formula/aux/1028_17_GIL'BERTA">p_{0}</formula>
    <formula uri="http://libmeta.ru/me/formula/aux/1028_18_GIL'BERTA">p_{1}</formula>
    <formula uri="http://libmeta.ru/me/formula/aux/1028_19_GIL'BERTA">x_{0}^{i}(t)</formula>
    <formula uri="http://libmeta.ru/me/formula/aux/1028_20_GIL'BERTA">г</formula>
    <formula uri="http://libmeta.ru/me/formula/aux/1028_21_GIL'BERTA">d x_{0}^{i} / d t=U^{i}\left(t, x_{0}^{i}(t)\right)</formula>
    <formula uri="http://libmeta.ru/me/formula/aux/1028_22_GIL'BERTA">p_{0}</formula>
    <formula uri="http://libmeta.ru/me/formula/aux/1028_23_GIL'BERTA">s\left(p_{0}, P\right)</formula>
    <formula uri="http://libmeta.ru/me/formula/aux/1028_24_GIL'BERTA">s\left(t, x^{i}\right)</formula>
    <formula uri="http://libmeta.ru/me/formula/aux/1028_25_GIL'BERTA">p=\left(t, x^{i}\right)</formula>
    <formula uri="http://libmeta.ru/me/formula/aux/1028_26_GIL'BERTA">j^{*}=\int d S</formula>
    <formula uri="http://libmeta.ru/me/formula/aux/1028_27_GIL'BERTA">\frac{\partial S\left(t, x^{i}\right)}{\partial t}+H\left(t, x^{i}, p_{i}\left(t, x^{i}\right)\right)=0 ; \quad \frac{\partial S\left(t, x^{i}\right)}{\partial x^{i}}=p_{i}\left(t, x^{i}\right)</formula>
    <formula uri="http://libmeta.ru/me/formula/aux/1028_28_GIL'BERTA">j^{*}</formula>
  </formulas_aux>
  <relations n="1">
    <relation uri="http://libmeta.ru/me/relation/1028_1_GIL'BERTA">
      <rel_text>Интеграл</rel_text>
      <target>http://libmeta.ru/me/article/583_INTEGRA</target>
    </relation>
  </relations>
  <text>криволинейный интеграл от замкнутой дифференциальной формы, являющейся производной действия функционала вариационного исчисления. Для функционала

\[
URI[[http://libmeta.ru/me/formula/main/1028_1_GIL'BERTA]]/URI
\]

ищется вектор-функция $URI[[http://libmeta.ru/me/formula/aux/1028_1_GIL'BERTA]]/URI$, наз. п о л е м, так, чтобы интеграл

\[
URI[[http://libmeta.ru/me/formula/main/1028_2_GIL'BERTA]]/URI
\]

не зависел от пути интегрирования. Если такая функция существует, то $URI[[http://libmeta.ru/me/formula/aux/1028_2_GIL'BERTA]]/URI$ наз. и н в а р и а н т ным и н т е г р а лом Ги ль б е р т а. Условие замкнутости подинтегральной дифференциальной формы порождает систему уравнений с частными производными 1-го порядка.

Г. и. И. наиболее естественным путем воссоединяет теорию Вейерптрасса и теорию Гамильтона-Якоби. Значение $URI[[http://libmeta.ru/me/formula/aux/1028_3_GIL'BERTA]]/URI$. и. и. на кривых, соединяющих точки $URI[[http://libmeta.ru/me/formula/aux/1028_4_GIL'BERTA]]/URI$ и $URI[[http://libmeta.ru/me/formula/aux/1028_5_GIL'BERTA]]/URI$, становится, в силу инвариантности $URI[[http://libmeta.ru/me/formula/aux/1028_6_GIL'BERTA]]/URI$, функцией $URI[[http://libmeta.ru/me/formula/aux/1028_7_GIL'BERTA]]/URI$ этой пары точек и наз. д е й с т в и е м. Линия уровня $URI[[http://libmeta.ru/me/formula/aux/1028_8_GIL'BERTA]]/URI$ const наз. т р а н св е р с а л я м и поля $URI[[http://libmeta.ru/me/formula/aux/1028_9_GIL'BERTA]]/URI$. Решения уравнения $URI[[http://libmeta.ru/me/formula/aux/1028_10_GIL'BERTA]]/URI$ являются экстремалями функционала $URI[[http://libmeta.ru/me/formula/aux/1028_11_GIL'BERTA]]/URI$. Обратно, если нек-рая область покрыта полем экстремалей, то интеграл $URI[[http://libmeta.ru/me/formula/aux/1028_12_GIL'BERTA]]/URI$, построенный по функции $URI[[http://libmeta.ru/me/formula/aux/1028_13_GIL'BERTA]]/URI$, равной производной экстремали, проходящей через $URI[[http://libmeta.ru/me/formula/aux/1028_14_GIL'BERTA]]/URI$, есть $URI[[http://libmeta.ru/me/formula/aux/1028_15_GIL'BERTA]]/URI$. и. и. Возможность подобного окружения, а значит, и построения Г. и. И., формулируется обычно в виде Якоби условия.

Еслиг кривая $URI[[http://libmeta.ru/me/formula/aux/1028_16_GIL'BERTA]]/URI$ проходит в области, покрытой полем, через точки $URI[[http://libmeta.ru/me/formula/aux/1028_17_GIL'BERTA]]/URI$ и $URI[[http://libmeta.ru/me/formula/aux/1028_18_GIL'BERTA]]/URI$, соединенные также экстремалью $URI[[http://libmeta.ru/me/formula/aux/1028_19_GIL'BERTA]]/URI$, то инвариантность $URI[[http://libmeta.ru/me/formula/aux/1028_20_GIL'BERTA]]/URI$. и. и. и равенство $URI[[http://libmeta.ru/me/formula/aux/1028_21_GIL'BERTA]]/URI$ позволяют получить Вейерuтрасса бормулу для приращения функционала, а следовательно, и достаточное Beйеритрасса условие экстремума.

При закрепленной точке $URI[[http://libmeta.ru/me/formula/aux/1028_22_GIL'BERTA]]/URI$ действие $URI[[http://libmeta.ru/me/formula/aux/1028_23_GIL'BERTA]]/URI$ есть функция $URI[[http://libmeta.ru/me/formula/aux/1028_24_GIL'BERTA]]/URI$ точки $URI[[http://libmeta.ru/me/formula/aux/1028_25_GIL'BERTA]]/URI$ и $URI[[http://libmeta.ru/me/formula/aux/1028_26_GIL'BERTA]]/URI$. Переход. к каноническим координатам

\[
URI[[http://libmeta.ru/me/formula/main/1028_3_GIL'BERTA]]/URI
\]

позволяет записать Г. и. и. в виде

\[
URI[[http://libmeta.ru/me/formula/main/1028_4_GIL'BERTA]]/URI
\]

при этом

\[
URI[[http://libmeta.ru/me/formula/main/1028_5_GIL'BERTA]]/URI
\]

$URI[[http://libmeta.ru/me/formula/aux/1028_27_GIL'BERTA]]/URI$.

Эти соотношения әквивалентны уравненито Гамильтона - Якоби.

URI[[http://libmeta.ru/me/relation/1028_1_GIL'BERTA]]/URI $URI[[http://libmeta.ru/me/formula/aux/1028_28_GIL'BERTA]]/URI$ для поля геодезических был введен Э. Бельтрами [1] в 1868, а в общем случае - Д. Гильбертом [2] - [4] в 1900 .</text>
  <text_orig>криволинейный интеграл от замкнутой дифференциальной формы, являющейся производной действия функционала вариационного исчисления. Для функционала

\[
J(x)=\int L\left(t, x^{i}, \dot{x}^{i}\right) d t
\]

ищется вектор-функция $U^{i}\left(t, x^{i}\right)$, наз. п о л е м, так, чтобы интеграл

\[
\begin{gathered}
J^{*}=\int_{\gamma}\left(L\left(t, x^{i}, U^{i}\left(t, x^{i}\right)\right)-\right. \\
\left.-\sum_{k=1}^{n} U^{k}\left(t, x^{i}\right) \frac{\partial L\left(t, x^{i}, U^{i}\left(t, x^{i}\right)\right)}{\partial x^{k}}\right) d t+ \\
+\sum_{k=1}^{n} \frac{\partial L\left(t, x^{i}, U^{i}\left(t, x^{i}\right)\right)}{\partial \dot{x}^{k}} d x^{k}
\end{gathered}
\]

не зависел от пути интегрирования. Если такая функция существует, то $J^{*}$ наз. и н в а р и а н т ным и н т е г р а лом Ги ль б е р т а. Условие замкнутости подинтегральной дифференциальной формы порождает систему уравнений с частными производными 1-го порядка.

Г. и. И. наиболее естественным путем воссоединяет теорию Вейерптрасса и теорию Гамильтона-Якоби. Значение $\Gamma$. и. и. на кривых, соединяющих точки $P_{0}=\left(t_{0}, x_{0}^{i}\right)$ и $P_{1}=\left(t_{1}, x_{1}^{i}\right)$, становится, в силу инвариантности $J *$, функцией $S\left(P_{1}, P_{2}\right)$ этой пары точек и наз. д е й с т в и е м. Линия уровня $S=$ const наз. т р а н св е р с а л я м и поля $U^{i}\left(t, x^{i}\right)$. Решения уравнения $\ddot{x^{i}}=U^{i}\left(t, x^{i}\right)$ являются экстремалями функционала $J(x)$. Обратно, если нек-рая область покрыта полем экстремалей, то интеграл $J^{*}$, построенный по функции $U^{i}\left(t, x^{i}\right)$, равной производной экстремали, проходящей через $\left(t, x^{i}\right)$, есть $\Gamma$. и. и. Возможность подобного окружения, а значит, и построения Г. и. И., формулируется обычно в виде Якоби условия.

Еслиг кривая $x^{i}(t)$ проходит в области, покрытой полем, через точки $P_{0}$ и $P_{1}$, соединенные также экстремалью $x_{0}^{i}(t)$, то инвариантность $Г$. и. и. и равенство $d x_{0}^{i} / d t=U^{i}\left(t, x_{0}^{i}(t)\right)$ позволяют получить Вейерuтрасса бормулу для приращения функционала, а следовательно, и достаточное Beйеритрасса условие экстремума.

При закрепленной точке $P_{0}$ действие $S\left(P_{0}, P\right)$ есть функция $S\left(t, x^{i}\right)$ точки $P=\left(t, x^{i}\right)$ и $J^{*}=\int d S$. Переход. к каноническим координатам

\[
p_{k}\left(t, x^{i}\right)=\frac{\partial L\left(t, x^{i}, U^{i}\left(t, x^{i}\right)\right)}{\partial \dot{x}^{k}}
\]

позволяет записать Г. и. и. в виде

\[
\begin{aligned}
J^{*}=\int d S &amp; =\int-H\left(t, x^{i}, p_{i}\left(t, x^{i}\right)\right) d t+ \\
&amp; +\sum_{k=1}^{n} p_{k}\left(t, x^{i}\right) d x^{i} ;
\end{aligned}
\]

при этом

\[
H=\sum_{k=1}^{n} p_{k} U^{k}-L
\]

$\frac{\partial S\left(t, x^{i}\right)}{\partial t}+H\left(t, x^{i}, p_{i}\left(t, x^{i}\right)\right)=0 ; \quad \frac{\partial S\left(t, x^{i}\right)}{\partial x^{i}}=p_{i}\left(t, x^{i}\right)$.

Эти соотношения әквивалентны уравненито Гамильтона - Якоби.

Интеграл $J^{*}$ для поля геодезических был введен Э. Бельтрами [1] в 1868, а в общем случае - Д. Гильбертом [2] - [4] в 1900 .

Jum.: [1] B e l t r a m i F., &quot;Rend. Ist. Lombardo Sci. Let.&quot;, 1868, v. 1, N 2, p. 708-718; [2] H i l b e r t D., «Nachr. Ges. Wiss. Göttingen&quot;, 1900 , S. 253-97; [3] Проблемы Гильберта,

Bd 62, S. $351-70$; [5] A х и е з е p H. И., Лекции по вариаци- онному исчислению, М., 1955, с. 55-6; [6] Г е ль ф а н д И. М., Ф о м и н С. В., Вариационное исчисление, М., 1961, с. 135146; [7] C a r a thé o d o r y C., Variationsrechnung und partiЯ elle Differentialgleichungen erster Ordnung, B.- L., 1935; [8] тимального управления, пер. с англ., М., 1974.</text_orig>
</article>
