<?xml version="1.0" ?>
<article uri="http://libmeta.ru/me/article/1028_KONGRUENTsI" alphabetic_pos="1028">
  <title>КОНГРУЭНЦИЯ</title>
  <authors/>
  <pages>
    <start>508</start>
    <end>508</end>
  </pages>
  <literature>
    <literature_orig>Лum.: [1] К у р о ш А. Г., Общая алгебра. Лекции.., М.,</literature_orig>
    <unit>
      <author>Курош А. Г.</author>
      <title>Общая алгебра. Лекции..</title>
      <publication/>
      <year/>
      <other>М.</other>
    </unit>
  </literature>
  <formulas_main/>
  <formulas_aux>
    <formula uri="http://libmeta.ru/me/formula/aux/1028_1_KONGRUENTsI">\pi</formula>
    <formula uri="http://libmeta.ru/me/formula/aux/1028_2_KONGRUENTsI">a=\{a, \Omega\}</formula>
    <formula uri="http://libmeta.ru/me/formula/aux/1028_3_KONGRUENTsI">\omega</formula>
    <formula uri="http://libmeta.ru/me/formula/aux/1028_4_KONGRUENTsI">a_{i} \pi a_{i}^{\prime}</formula>
    <formula uri="http://libmeta.ru/me/formula/aux/1028_5_KONGRUENTsI">\left(a_{1}, \ldots, a_{n} \omega\right) \times</formula>
    <formula uri="http://libmeta.ru/me/formula/aux/1028_6_KONGRUENTsI">\times \pi\left(a_{1}^{\prime}, \ldots, a_{n}^{\prime} \omega\right)</formula>
    <formula uri="http://libmeta.ru/me/formula/aux/1028_7_KONGRUENTsI">a_{i}, a_{i}^{\prime} \in A, i=1, \ldots, n, \omega \in \Omega-</formula>
    <formula uri="http://libmeta.ru/me/formula/aux/1028_8_KONGRUENTsI">n</formula>
    <formula uri="http://libmeta.ru/me/formula/aux/1028_9_KONGRUENTsI">k</formula>
    <formula uri="http://libmeta.ru/me/formula/aux/1028_10_KONGRUENTsI">\pi</formula>
    <formula uri="http://libmeta.ru/me/formula/aux/1028_11_KONGRUENTsI">a</formula>
    <formula uri="http://libmeta.ru/me/formula/aux/1028_12_KONGRUENTsI">a / \pi</formula>
    <formula uri="http://libmeta.ru/me/formula/aux/1028_13_KONGRUENTsI">\pi</formula>
    <formula uri="http://libmeta.ru/me/formula/aux/1028_14_KONGRUENTsI">a</formula>
    <formula uri="http://libmeta.ru/me/formula/aux/1028_15_KONGRUENTsI">a / \pi</formula>
    <formula uri="http://libmeta.ru/me/formula/aux/1028_16_KONGRUENTsI">a</formula>
    <formula uri="http://libmeta.ru/me/formula/aux/1028_17_KONGRUENTsI">\pi</formula>
    <formula uri="http://libmeta.ru/me/formula/aux/1028_18_KONGRUENTsI">\varphi: A \rightarrow B</formula>
    <formula uri="http://libmeta.ru/me/formula/aux/1028_19_KONGRUENTsI">\kappa_{.}</formula>
    <formula uri="http://libmeta.ru/me/formula/aux/1028_20_KONGRUENTsI">b</formula>
    <formula uri="http://libmeta.ru/me/formula/aux/1028_21_KONGRUENTsI">\kappa . \pi_{i}, i \in I</formula>
    <formula uri="http://libmeta.ru/me/formula/aux/1028_22_KONGRUENTsI">k</formula>
    <formula uri="http://libmeta.ru/me/formula/aux/1028_23_KONGRUENTsI">\pi_{1} \pi_{2}</formula>
    <formula uri="http://libmeta.ru/me/formula/aux/1028_24_KONGRUENTsI">\pi_{1}</formula>
    <formula uri="http://libmeta.ru/me/formula/aux/1028_25_KONGRUENTsI">\pi_{2}</formula>
    <formula uri="http://libmeta.ru/me/formula/aux/1028_26_KONGRUENTsI">\kappa_{\text {, }}</formula>
    <formula uri="http://libmeta.ru/me/formula/aux/1028_27_KONGRUENTsI">\pi_{1}</formula>
    <formula uri="http://libmeta.ru/me/formula/aux/1028_28_KONGRUENTsI">\pi_{2}</formula>
    <formula uri="http://libmeta.ru/me/formula/aux/1028_29_KONGRUENTsI">\pi_{1} \pi_{2}=\pi_{2} \pi_{1}</formula>
  </formulas_aux>
  <relations n="5">
    <relation uri="http://libmeta.ru/me/relation/1028_1_KONGRUENTsI">
      <rel_text>перестановочны</rel_text>
      <target>http://libmeta.ru/me/article/226_PERENORMIROVK</target>
    </relation>
    <relation uri="http://libmeta.ru/me/relation/1028_2_KONGRUENTsI">
      <rel_text>Произведение</rel_text>
      <target>http://libmeta.ru/me/article/1045_PROIZVODNA</target>
    </relation>
    <relation uri="http://libmeta.ru/me/relation/1028_3_KONGRUENTsI">
      <rel_text>системе</rel_text>
      <target>http://libmeta.ru/me/article/350_SISTEM</target>
    </relation>
    <relation uri="http://libmeta.ru/me/relation/1028_4_KONGRUENTsI">
      <rel_text>универсальной алгебре</rel_text>
      <target>http://libmeta.ru/me/article/552_UNIVERSAL'NAJa</target>
    </relation>
    <relation uri="http://libmeta.ru/me/relation/1028_5_KONGRUENTsI">
      <rel_text>Пересечение</rel_text>
      <target>http://libmeta.ru/me/article/222_PEREGÓROD</target>
    </relation>
  </relations>
  <text>отнотение эквивалентности $URI[[http://libmeta.ru/me/formula/aux/1028_1_KONGRUENTsI]]/URI$ на универсальной аләебре $URI[[http://libmeta.ru/me/formula/aux/1028_2_KONGRUENTsI]]/URI$, перестановочное с любой операцией из $URI[[http://libmeta.ru/me/formula/aux/1028_3_KONGRUENTsI]]/URI$, т. е. такое отношение эквивалентности, для которого из $URI[[http://libmeta.ru/me/formula/aux/1028_4_KONGRUENTsI]]/URI$ следует $URI[[http://libmeta.ru/me/formula/aux/1028_5_KONGRUENTsI]]/URI$ $URI[[http://libmeta.ru/me/formula/aux/1028_6_KONGRUENTsI]]/URI$, где $URI[[http://libmeta.ru/me/formula/aux/1028_7_KONGRUENTsI]]/URI$ $URI[[http://libmeta.ru/me/formula/aux/1028_8_KONGRUENTsI]]/URI$-арная операция. Аналогично определяется $URI[[http://libmeta.ru/me/formula/aux/1028_9_KONGRUENTsI]]/URI$. в алгебраич. системе. Таким образом классы по К. $URI[[http://libmeta.ru/me/formula/aux/1028_10_KONGRUENTsI]]/URI$ образуют однотипную с $URI[[http://libmeta.ru/me/formula/aux/1028_11_KONGRUENTsI]]/URI$ универсальную алгебру (алгебраич. систему) $URI[[http://libmeta.ru/me/formula/aux/1028_12_KONGRUENTsI]]/URI$, называемую ф а к т о р а лг е б р о й (ф а к т о р с и с т е мо й) по К. $URI[[http://libmeta.ru/me/formula/aux/1028_13_KONGRUENTsI]]/URI$. Естественное отображение $URI[[http://libmeta.ru/me/formula/aux/1028_14_KONGRUENTsI]]/URI$ на $URI[[http://libmeta.ru/me/formula/aux/1028_15_KONGRUENTsI]]/URI$ (сопоставляющее әлементу $URI[[http://libmeta.ru/me/formula/aux/1028_16_KONGRUENTsI]]/URI$ класс по $URI[[http://libmeta.ru/me/formula/aux/1028_17_KONGRUENTsI]]/URI$, к-рому он принадлежит) является сюръективным гомоморфизмом. Обратно, всякий гомоморфизм $URI[[http://libmeta.ru/me/formula/aux/1028_18_KONGRUENTsI]]/URI$ определяет однозначно $URI[[http://libmeta.ru/me/formula/aux/1028_19_KONGRUENTsI]]/URI$, классами к-рой служат полные прообразы әлементов $URI[[http://libmeta.ru/me/formula/aux/1028_20_KONGRUENTsI]]/URI$.

URI[[http://libmeta.ru/me/relation/1028_5_KONGRUENTsI]]/URI $URI[[http://libmeta.ru/me/formula/aux/1028_21_KONGRUENTsI]]/URI$, в решетке соответствий на URI[[http://libmeta.ru/me/relation/1028_4_KONGRUENTsI]]/URI (алгебраич. URI[[http://libmeta.ru/me/relation/1028_3_KONGRUENTsI]]/URI) является К. Объединение $URI[[http://libmeta.ru/me/formula/aux/1028_22_KONGRUENTsI]]/URI$. в решетке соответствий, вообще говоря, не обязано быть К. URI[[http://libmeta.ru/me/relation/1028_2_KONGRUENTsI]]/URI $URI[[http://libmeta.ru/me/formula/aux/1028_23_KONGRUENTsI]]/URI$ К. $URI[[http://libmeta.ru/me/formula/aux/1028_24_KONGRUENTsI]]/URI$ и $URI[[http://libmeta.ru/me/formula/aux/1028_25_KONGRUENTsI]]/URI$ тогда и только тогда будет $URI[[http://libmeta.ru/me/formula/aux/1028_26_KONGRUENTsI]]/URI$ когда $URI[[http://libmeta.ru/me/formula/aux/1028_27_KONGRUENTsI]]/URI$ и $URI[[http://libmeta.ru/me/formula/aux/1028_28_KONGRUENTsI]]/URI$ URI[[http://libmeta.ru/me/relation/1028_1_KONGRUENTsI]]/URI, т. е. $URI[[http://libmeta.ru/me/formula/aux/1028_29_KONGRUENTsI]]/URI$.</text>
  <text_orig>отнотение эквивалентности $\pi$ на универсальной аләебре $A=\{A, \Omega\}$, перестановочное с любой операцией из $\Omega$, т. е. такое отношение эквивалентности, для которого из $a_{i} \pi a_{i}^{\prime}$ следует $\left(a_{1}, \ldots, a_{n} \omega\right) \times$ $\times \pi\left(a_{1}^{\prime}, \ldots, a_{n}^{\prime} \omega\right)$, где $a_{i}, a_{i}^{\prime} \in A, i=1, \ldots, n, \omega \in \Omega-$ $n$-арная операция. Аналогично определяется $K$. в алгебраич. системе. Таким образом классы по К. $\pi$ образуют однотипную с $A$ универсальную алгебру (алгебраич. систему) $A / \pi$, называемую ф а к т о р а лг е б р о й (ф а к т о р с и с т е мо й) по К. $\pi$. Естественное отображение $A$ на $A / \pi$ (сопоставляющее әлементу $a$ класс по $\pi$, к-рому он принадлежит) является сюръективным гомоморфизмом. Обратно, всякий гомоморфизм $\varphi: A \rightarrow B$ определяет однозначно $\kappa_{.}$, классами к-рой служат полные прообразы әлементов $B$.

Пересечение $\kappa . \pi_{i}, i \in I$, в решетке соответствий на универсальной алгебре (алгебраич. системе) является К. Объединение $K$. в решетке соответствий, вообще говоря, не обязано быть К. Произведение $\pi_{1} \pi_{2}$ К. $\pi_{1}$ и $\pi_{2}$ тогда и только тогда будет $\kappa_{\text {, }}$ когда $\pi_{1}$ и $\pi_{2}$ перестановочны, т. е. $\pi_{1} \pi_{2}=\pi_{2} \pi_{1}$.

Лum.: [1] К у р о ш А. Г., Общая алгебра. Лекции.., М.,</text_orig>
</article>
