<?xml version="1.0" ?>
<article uri="http://libmeta.ru/me/article/1029_ShENFLISA" alphabetic_pos="1029">
  <title>ШЁНФЛИСА ГИПОТЕЗА:</title>
  <authors/>
  <pages>
    <start>447</start>
    <end>447</end>
  </pages>
  <literature>
    <literature_orig/>
  </literature>
  <formulas_main/>
  <formulas_aux>
    <formula uri="http://libmeta.ru/me/formula/aux/1029_1_ShENFLISA">x</formula>
    <formula uri="http://libmeta.ru/me/formula/aux/1029_2_ShENFLISA">x</formula>
    <formula uri="http://libmeta.ru/me/formula/aux/1029_3_ShENFLISA">k \geqslant 2</formula>
    <formula uri="http://libmeta.ru/me/formula/aux/1029_4_ShENFLISA">k</formula>
  </formulas_aux>
  <relations n="12">
    <relation uri="http://libmeta.ru/me/relation/1029_1_ShENFLISA">
      <rel_text>неразложимым</rel_text>
      <target>http://libmeta.ru/me/article/973_NERAVENSTV</target>
    </relation>
    <relation uri="http://libmeta.ru/me/relation/1029_2_ShENFLISA">
      <rel_text>границу</rel_text>
      <target>http://libmeta.ru/me/article/1166_GRANISch</target>
    </relation>
    <relation uri="http://libmeta.ru/me/relation/1029_3_ShENFLISA">
      <rel_text>подмножеств</rel_text>
      <target>http://libmeta.ru/me/article/357_PODMATRITs</target>
    </relation>
    <relation uri="http://libmeta.ru/me/relation/1029_4_ShENFLISA">
      <rel_text>связных</rel_text>
      <target>http://libmeta.ru/me/article/1222_SVJaZK</target>
    </relation>
    <relation uri="http://libmeta.ru/me/relation/1029_5_ShENFLISA">
      <rel_text>компгакты</rel_text>
      <target>http://libmeta.ru/me/article/1009_KOMPLEK</target>
    </relation>
    <relation uri="http://libmeta.ru/me/relation/1029_6_ShENFLISA">
      <rel_text>связные</rel_text>
      <target>http://libmeta.ru/me/article/1222_SVJaZK</target>
    </relation>
    <relation uri="http://libmeta.ru/me/relation/1029_7_ShENFLISA">
      <rel_text>подмножеств</rel_text>
      <target>http://libmeta.ru/me/article/357_PODMATRITs</target>
    </relation>
    <relation uri="http://libmeta.ru/me/relation/1029_8_ShENFLISA">
      <rel_text>связных</rel_text>
      <target>http://libmeta.ru/me/article/1222_SVJaZK</target>
    </relation>
    <relation uri="http://libmeta.ru/me/relation/1029_9_ShENFLISA">
      <rel_text>представление</rel_text>
      <target>http://libmeta.ru/me/article/3_PREDSTAVLENI</target>
    </relation>
    <relation uri="http://libmeta.ru/me/relation/1029_10_ShENFLISA">
      <rel_text>связно</rel_text>
      <target>http://libmeta.ru/me/article/1222_SVJaZK</target>
    </relation>
    <relation uri="http://libmeta.ru/me/relation/1029_11_ShENFLISA">
      <rel_text>пространство</rel_text>
      <target>http://libmeta.ru/me/article/748_PROSTRANSTV</target>
    </relation>
    <relation uri="http://libmeta.ru/me/relation/1029_12_ShENFLISA">
      <rel_text>граница</rel_text>
      <target>http://libmeta.ru/me/article/1166_GRANISch</target>
    </relation>
  </relations>
  <text>общая URI[[http://libmeta.ru/me/relation/1029_12_ShENFLISA]]/URI цвух илоских областеӥ всегда разложима. При этом URI[[http://libmeta.ru/me/relation/1029_11_ShENFLISA]]/URI $URI[[http://libmeta.ru/me/formula/aux/1029_1_ShENFLISA]]/URI$ наз. р а з л о ж и м ы м, если оно URI[[http://libmeta.ru/me/relation/1029_10_ShENFLISA]]/URI и допускает URI[[http://libmeta.ru/me/relation/1029_9_ShENFLISA]]/URI в виде объъединения двух замкнутых URI[[http://libmeta.ru/me/relation/1029_8_ShENFLISA]]/URI URI[[http://libmeta.ru/me/relation/1029_7_ShENFLISA]]/URI, отличных от $URI[[http://libmeta.ru/me/formula/aux/1029_2_ShENFLISA]]/URI$. Эта гишотеза была высказана А. Iiёнфлисом (a. Schocnflies) в 1908 и опровергнута Ji. Брауэром (l. Brouwer) в 1910 , открывшим н е р а 3 ло жимы е кон тин у у м ы, т. е. URI[[http://libmeta.ru/me/relation/1029_6_ShENFLISA]]/URI URI[[http://libmeta.ru/me/relation/1029_5_ShENFLISA]]/URI, к-рые нельзя цредставить в виде объединепия двух замкнутых собственных URI[[http://libmeta.ru/me/relation/1029_4_ShENFLISA]]/URI URI[[http://libmeta.ru/me/relation/1029_3_ShENFLISA]]/URI. Для каждого конечного или счетного $URI[[http://libmeta.ru/me/formula/aux/1029_3_ShENFLISA]]/URI$ построено $URI[[http://libmeta.ru/me/formula/aux/1029_4_ShENFLISA]]/URI$ Плоских областей, имеющих общую URI[[http://libmeta.ru/me/relation/1029_2_ShENFLISA]]/URI, являющуюся URI[[http://libmeta.ru/me/relation/1029_1_ShENFLISA]]/URI коннуумом.

![](https://cdn.mathpix.com/cropped/2023_07_09_f25dce338f53fa301831g-1.jpg?height=57&amp;width=801&amp;top_left_y=810&amp;top_left_x=1004)</text>
  <text_orig>общая граница цвух илоских областеӥ всегда разложима. При этом пространство $X$ наз. р а з л о ж и м ы м, если оно связно и допускает представление в виде объъединения двух замкнутых связных подмножеств, отличных от $X$. Эта гишотеза была высказана А. IIёнфлисом (A. Schocnflies) в 1908 и опровергнута JI. Брауэром (L. Brouwer) в 1910 , открывшим н е р а 3 ло жимы е кон тин у у м ы, т. е. связные компгакты, к-рые нельзя цредставить в виде объединепия двух замкнутых собственных связных подмножеств. Для каждого конечного или счетного $k \geqslant 2$ построено $k$ Плоских областей, имеющих общую границу, являющуюся неразложимым коннуумом.

![](https://cdn.mathpix.com/cropped/2023_07_09_f25dce338f53fa301831g-1.jpg?height=57&amp;width=801&amp;top_left_y=810&amp;top_left_x=1004)</text_orig>
</article>
