<?xml version="1.0" ?>
<article uri="http://libmeta.ru/me/article/1029_KOGGRUENTsI" alphabetic_pos="1029">
  <title>КОГГРУЭНЦИЯ</title>
  <authors>
    <author>В. С. Малаховский</author>
  </authors>
  <pages>
    <start>508</start>
    <end>509</end>
  </pages>
  <literature>
    <literature_orig>Лuт.: [1] Ф и н и к о в С. П., Теория конгруәнций, М.-Л., 1950 .</literature_orig>
    <unit>
      <author>Фиников С. П.</author>
      <title>Теория конгруәнций, М.-Л.</title>
      <publication/>
      <year>1950</year>
      <other/>
    </unit>
  </literature>
  <formulas_main/>
  <formulas_aux>
    <formula uri="http://libmeta.ru/me/formula/aux/1029_1_KOGGRUENTsI">c</formula>
    <formula uri="http://libmeta.ru/me/formula/aux/1029_2_KOGGRUENTsI">l \in C</formula>
    <formula uri="http://libmeta.ru/me/formula/aux/1029_3_KOGGRUENTsI">к</formula>
    <formula uri="http://libmeta.ru/me/formula/aux/1029_4_KOGGRUENTsI">l \in C</formula>
    <formula uri="http://libmeta.ru/me/formula/aux/1029_5_KOGGRUENTsI">l \in C</formula>
    <formula uri="http://libmeta.ru/me/formula/aux/1029_6_KOGGRUENTsI">l</formula>
    <formula uri="http://libmeta.ru/me/formula/aux/1029_7_KOGGRUENTsI">l</formula>
    <formula uri="http://libmeta.ru/me/formula/aux/1029_8_KOGGRUENTsI">l(u, v)</formula>
    <formula uri="http://libmeta.ru/me/formula/aux/1029_9_KOGGRUENTsI">l^{\prime}(u+d u, v+d v)</formula>
    <formula uri="http://libmeta.ru/me/formula/aux/1029_10_KOGGRUENTsI">l</formula>
    <formula uri="http://libmeta.ru/me/formula/aux/1029_11_KOGGRUENTsI">w^{\prime}</formula>
    <formula uri="http://libmeta.ru/me/formula/aux/1029_12_KOGGRUENTsI">x</formula>
    <formula uri="http://libmeta.ru/me/formula/aux/1029_13_KOGGRUENTsI">к</formula>
  </formulas_aux>
  <relations n="39">
    <relation uri="http://libmeta.ru/me/relation/1029_1_KOGGRUENTsI">
      <rel_text>Фигур многообразие</rel_text>
      <target>http://libmeta.ru/me/article/697_FIGUR</target>
    </relation>
    <relation uri="http://libmeta.ru/me/relation/1029_2_KOGGRUENTsI">
      <rel_text>пространстве</rel_text>
      <target>http://libmeta.ru/me/article/748_PROSTRANSTV</target>
    </relation>
    <relation uri="http://libmeta.ru/me/relation/1029_3_KOGGRUENTsI">
      <rel_text>квадрик</rel_text>
      <target>http://libmeta.ru/me/article/796_KVADRAN</target>
    </relation>
    <relation uri="http://libmeta.ru/me/relation/1029_4_KOGGRUENTsI">
      <rel_text>поверхности</rel_text>
      <target>http://libmeta.ru/me/article/332_POVERHNOST</target>
    </relation>
    <relation uri="http://libmeta.ru/me/relation/1029_5_KOGGRUENTsI">
      <rel_text>нормалей</rel_text>
      <target>http://libmeta.ru/me/article/1037_NORMAL</target>
    </relation>
    <relation uri="http://libmeta.ru/me/relation/1029_6_KOGGRUENTsI">
      <rel_text>множество</rel_text>
      <target>http://libmeta.ru/me/article/733_MNOZhESTV</target>
    </relation>
    <relation uri="http://libmeta.ru/me/relation/1029_7_KOGGRUENTsI">
      <rel_text>пересекающих</rel_text>
      <target>http://libmeta.ru/me/article/222_PEREGÓROD</target>
    </relation>
    <relation uri="http://libmeta.ru/me/relation/1029_8_KOGGRUENTsI">
      <rel_text>пространства</rel_text>
      <target>http://libmeta.ru/me/article/748_PROSTRANSTV</target>
    </relation>
    <relation uri="http://libmeta.ru/me/relation/1029_9_KOGGRUENTsI">
      <rel_text>множество</rel_text>
      <target>http://libmeta.ru/me/article/733_MNOZhESTV</target>
    </relation>
    <relation uri="http://libmeta.ru/me/relation/1029_10_KOGGRUENTsI">
      <rel_text>поверхностя</rel_text>
      <target>http://libmeta.ru/me/article/332_POVERHNOST</target>
    </relation>
    <relation uri="http://libmeta.ru/me/relation/1029_11_KOGGRUENTsI">
      <rel_text>Множество</rel_text>
      <target>http://libmeta.ru/me/article/733_MNOZhESTV</target>
    </relation>
    <relation uri="http://libmeta.ru/me/relation/1029_12_KOGGRUENTsI">
      <rel_text>пересекают</rel_text>
      <target>http://libmeta.ru/me/article/222_PEREGÓROD</target>
    </relation>
    <relation uri="http://libmeta.ru/me/relation/1029_13_KOGGRUENTsI">
      <rel_text>сжатия</rel_text>
      <target>http://libmeta.ru/me/article/1286_SZhATI</target>
    </relation>
    <relation uri="http://libmeta.ru/me/relation/1029_14_KOGGRUENTsI">
      <rel_text>поверхности</rel_text>
      <target>http://libmeta.ru/me/article/332_POVERHNOST</target>
    </relation>
    <relation uri="http://libmeta.ru/me/relation/1029_15_KOGGRUENTsI">
      <rel_text>отрезок</rel_text>
      <target>http://libmeta.ru/me/article/135_OTREZO</target>
    </relation>
    <relation uri="http://libmeta.ru/me/relation/1029_16_KOGGRUENTsI">
      <rel_text>Поверхность</rel_text>
      <target>http://libmeta.ru/me/article/332_POVERHNOST</target>
    </relation>
    <relation uri="http://libmeta.ru/me/relation/1029_17_KOGGRUENTsI">
      <rel_text>отрезка</rel_text>
      <target>http://libmeta.ru/me/article/135_OTREZO</target>
    </relation>
    <relation uri="http://libmeta.ru/me/relation/1029_18_KOGGRUENTsI">
      <rel_text>поверхности</rel_text>
      <target>http://libmeta.ru/me/article/332_POVERHNOST</target>
    </relation>
    <relation uri="http://libmeta.ru/me/relation/1029_19_KOGGRUENTsI">
      <rel_text>касательными</rel_text>
      <target>http://libmeta.ru/me/article/774_KASATEL'NA</target>
    </relation>
    <relation uri="http://libmeta.ru/me/relation/1029_20_KOGGRUENTsI">
      <rel_text>параболич</rel_text>
      <target>http://libmeta.ru/me/article/154_PARABOL</target>
    </relation>
    <relation uri="http://libmeta.ru/me/relation/1029_21_KOGGRUENTsI">
      <rel_text>поверхностей</rel_text>
      <target>http://libmeta.ru/me/article/332_POVERHNOST</target>
    </relation>
    <relation uri="http://libmeta.ru/me/relation/1029_22_KOGGRUENTsI">
      <rel_text>касательными</rel_text>
      <target>http://libmeta.ru/me/article/774_KASATEL'NA</target>
    </relation>
    <relation uri="http://libmeta.ru/me/relation/1029_23_KOGGRUENTsI">
      <rel_text>эллиптич</rel_text>
      <target>http://libmeta.ru/me/article/1145_ELLIPSOI</target>
    </relation>
    <relation uri="http://libmeta.ru/me/relation/1029_24_KOGGRUENTsI">
      <rel_text>поверхностей</rel_text>
      <target>http://libmeta.ru/me/article/332_POVERHNOST</target>
    </relation>
    <relation uri="http://libmeta.ru/me/relation/1029_25_KOGGRUENTsI">
      <rel_text>касательных</rel_text>
      <target>http://libmeta.ru/me/article/774_KASATEL'NA</target>
    </relation>
    <relation uri="http://libmeta.ru/me/relation/1029_26_KOGGRUENTsI">
      <rel_text>множество</rel_text>
      <target>http://libmeta.ru/me/article/733_MNOZhESTV</target>
    </relation>
    <relation uri="http://libmeta.ru/me/relation/1029_27_KOGGRUENTsI">
      <rel_text>представляет</rel_text>
      <target>http://libmeta.ru/me/article/3_PREDSTAVLENI</target>
    </relation>
    <relation uri="http://libmeta.ru/me/relation/1029_28_KOGGRUENTsI">
      <rel_text>гиперболич</rel_text>
      <target>http://libmeta.ru/me/article/1048_GIPERBOL</target>
    </relation>
    <relation uri="http://libmeta.ru/me/relation/1029_29_KOGGRUENTsI">
      <rel_text>поверхности</rel_text>
      <target>http://libmeta.ru/me/article/332_POVERHNOST</target>
    </relation>
    <relation uri="http://libmeta.ru/me/relation/1029_30_KOGGRUENTsI">
      <rel_text>Фокальная сеть</rel_text>
      <target>http://libmeta.ru/me/article/724_FOKAL'NAJa</target>
    </relation>
    <relation uri="http://libmeta.ru/me/relation/1029_31_KOGGRUENTsI">
      <rel_text>сеть</rel_text>
      <target>http://libmeta.ru/me/article/1282_SET</target>
    </relation>
    <relation uri="http://libmeta.ru/me/relation/1029_32_KOGGRUENTsI">
      <rel_text>поверхности</rel_text>
      <target>http://libmeta.ru/me/article/332_POVERHNOST</target>
    </relation>
    <relation uri="http://libmeta.ru/me/relation/1029_33_KOGGRUENTsI">
      <rel_text>луч</rel_text>
      <target>http://libmeta.ru/me/article/491_LU</target>
    </relation>
    <relation uri="http://libmeta.ru/me/relation/1029_34_KOGGRUENTsI">
      <rel_text>поверхностям</rel_text>
      <target>http://libmeta.ru/me/article/332_POVERHNOST</target>
    </relation>
    <relation uri="http://libmeta.ru/me/relation/1029_35_KOGGRUENTsI">
      <rel_text>Касательные</rel_text>
      <target>http://libmeta.ru/me/article/774_KASATEL'NA</target>
    </relation>
    <relation uri="http://libmeta.ru/me/relation/1029_36_KOGGRUENTsI">
      <rel_text>Поверхности</rel_text>
      <target>http://libmeta.ru/me/article/332_POVERHNOST</target>
    </relation>
    <relation uri="http://libmeta.ru/me/relation/1029_37_KOGGRUENTsI">
      <rel_text>луч</rel_text>
      <target>http://libmeta.ru/me/article/491_LU</target>
    </relation>
    <relation uri="http://libmeta.ru/me/relation/1029_38_KOGGRUENTsI">
      <rel_text>касания</rel_text>
      <target>http://libmeta.ru/me/article/773_KASANI</target>
    </relation>
    <relation uri="http://libmeta.ru/me/relation/1029_39_KOGGRUENTsI">
      <rel_text>совпадающих</rel_text>
      <target>http://libmeta.ru/me/article/59_SOVPADENI</target>
    </relation>
  </relations>
  <text>п р я м ы х множество $URI[[http://libmeta.ru/me/formula/aux/1029_1_KOGGRUENTsI]]/URI$ прямых трехмерного пространства (проективного, аффинного, евклидова), зависящее от двух параметров. Прямая $URI[[http://libmeta.ru/me/formula/aux/1029_2_KOGGRUENTsI]]/URI$ наз. л уч о м К. Поря д ко м наз. число прямых $URI[[http://libmeta.ru/me/formula/aux/1029_3_KOGGRUENTsI]]/URI$. , проходящих через произвольную точку пространства; к ла с с о м- число прямых К., лежащих в произвольной плоскости.

Лучи К. можно двумя способами разложить на однопараметрич. семейство торсов так, что через каждый луч $URI[[http://libmeta.ru/me/formula/aux/1029_4_KOGGRUENTsI]]/URI$ проходят два торса действительных различных ( л и п т и ч е с к и й л у ч) или действительных URI[[http://libmeta.ru/me/relation/1029_39_KOGGRUENTsI]]/URI (п a p a 6 о ли ч е с ки й л у ч). Точки URI[[http://libmeta.ru/me/relation/1029_38_KOGGRUENTsI]]/URI луча $URI[[http://libmeta.ru/me/formula/aux/1029_5_KOGGRUENTsI]]/URI$ с ребрами возврата этих торсов наз. ф о к у с а м и URI[[http://libmeta.ru/me/relation/1029_37_KOGGRUENTsI]]/URI а l. URI[[http://libmeta.ru/me/relation/1029_36_KOGGRUENTsI]]/URI, образованные фокусами лучей К., наз. ее фо к а л ь н ы м и п ов е р х н о с т я м и. URI[[http://libmeta.ru/me/relation/1029_35_KOGGRUENTsI]]/URI плоскости к фокальным URI[[http://libmeta.ru/me/relation/1029_34_KOGGRUENTsI]]/URI, проходящие через URI[[http://libmeta.ru/me/relation/1029_33_KOGGRUENTsI]]/URI $URI[[http://libmeta.ru/me/formula/aux/1029_6_KOGGRUENTsI]]/URI$ K., наз. ф о к а л ь ны м и пл о ск о с т я м и луча $URI[[http://libmeta.ru/me/formula/aux/1029_7_KOGGRUENTsI]]/URI$. Торсы К. высекают на каждой фокальной URI[[http://libmeta.ru/me/relation/1029_32_KOGGRUENTsI]]/URI URI[[http://libmeta.ru/me/relation/1029_31_KOGGRUENTsI]]/URI линий, к-рая наз. ф о к а л ь н о й с е т ью URI[[http://libmeta.ru/me/relation/1029_30_KOGGRUENTsI]]/URI линий на каждой фокальной URI[[http://libmeta.ru/me/relation/1029_29_KOGGRUENTsI]]/URI сопряжена. В URI[[http://libmeta.ru/me/relation/1029_28_KOGGRUENTsI]]/URI. области К. URI[[http://libmeta.ru/me/relation/1029_27_KOGGRUENTsI]]/URI собой URI[[http://libmeta.ru/me/relation/1029_26_KOGGRUENTsI]]/URI общих URI[[http://libmeta.ru/me/relation/1029_25_KOGGRUENTsI]]/URI двух фокальных URI[[http://libmeta.ru/me/relation/1029_24_KOGGRUENTsI]]/URI; в URI[[http://libmeta.ru/me/relation/1029_23_KOGGRUENTsI]]/URI. области К. образована действительными общими URI[[http://libmeta.ru/me/relation/1029_22_KOGGRUENTsI]]/URI двух сопряженных мнимых URI[[http://libmeta.ru/me/relation/1029_21_KOGGRUENTsI]]/URI; в URI[[http://libmeta.ru/me/relation/1029_20_KOGGRUENTsI]]/URI. области К. образована URI[[http://libmeta.ru/me/relation/1029_19_KOGGRUENTsI]]/URI к одному семейству асимптотич. линий единственной фокальной URI[[http://libmeta.ru/me/relation/1029_18_KOGGRUENTsI]]/URI. Ц е н т р о м л у ч а К. наз. середина URI[[http://libmeta.ru/me/relation/1029_17_KOGGRUENTsI]]/URI, определяемого фокусами луча. URI[[http://libmeta.ru/me/relation/1029_16_KOGGRUENTsI]]/URI, описанная центрами лучей, наз. с р е д н е й п о в е рх н о с т ь ю fi. Основания общих перпендикуляров двух смежных лучей $URI[[http://libmeta.ru/me/formula/aux/1029_8_KOGGRUENTsI]]/URI$ и $URI[[http://libmeta.ru/me/formula/aux/1029_9_KOGGRUENTsI]]/URI$ заполняют на луче $URI[[http://libmeta.ru/me/formula/aux/1029_10_KOGGRUENTsI]]/URI$ URI[[http://libmeta.ru/me/relation/1029_15_KOGGRUENTsI]]/URI, концы к-рого наз. г р а н и чны м и т о ч к а м лича. Плоскости, перпендикулярные к направлению общего перпендикуляра в граничных точках, наз. г л а в н ы и п ло с к о с т я ми; линейчатые URI[[http://libmeta.ru/me/relation/1029_14_KOGGRUENTsI]]/URI, линии URI[[http://libmeta.ru/me/relation/1029_13_KOGGRUENTsI]]/URI к-рых URI[[http://libmeta.ru/me/relation/1029_12_KOGGRUENTsI]]/URI лучи в их граничных точках, наз. г л а в ны м и п о в е р х о о т я м и. URI[[http://libmeta.ru/me/relation/1029_11_KOGGRUENTsI]]/URI граничных точек луча наз. г П р и м е р ы К.: $URI[[http://libmeta.ru/me/formula/aux/1029_11_KOGGRUENTsI]]/URI$-конгруэнция, у к-рой асимптотич. линиі на фокальных URI[[http://libmeta.ru/me/relation/1029_10_KOGGRUENTsI]]/URI $URI[[http://libmeta.ru/me/formula/aux/1029_12_KOGGRUENTsI]]/URI$ соответствуют друг другу; линейная К.- URI[[http://libmeta.ru/me/relation/1029_9_KOGGRUENTsI]]/URI прямых URI[[http://libmeta.ru/me/relation/1029_8_KOGGRUENTsI]]/URI, URI[[http://libmeta.ru/me/relation/1029_7_KOGGRUENTsI]]/URI две данные прямые, называемые д и р е к т р іл с а м и; нормальная К.- URI[[http://libmeta.ru/me/relation/1029_6_KOGGRUENTsI]]/URI URI[[http://libmeta.ru/me/relation/1029_5_KOGGRUENTsI]]/URI нек-рой URI[[http://libmeta.ru/me/relation/1029_4_KOGGRUENTsI]]/URI; изотропная К.- К. с неопределенными главными поверхностями.

Наряду с К К. прямых рассматриваются $URI[[http://libmeta.ru/me/formula/aux/1029_13_KOGGRUENTsI]]/URI$. (двупараметрич. семейства) плоскостей, коник, URI[[http://libmeta.ru/me/relation/1029_3_KOGGRUENTsI]]/URI и других фигур (см. URI[[http://libmeta.ru/me/relation/1029_1_KOGGRUENTsI]]/URI). К. пропзвольных линий в URI[[http://libmeta.ru/me/relation/1029_2_KOGGRUENTsI]]/URI называются к р и в о ли н е йны ми и.</text>
  <text_orig>п р я м ы х множество $C$ прямых трехмерного пространства (проективного, аффинного, евклидова), зависящее от двух параметров. Прямая $l \in C$ наз. л уч о м К. Поря д ко м наз. число прямых $К$. , проходящих через произвольную точку пространства; к ла с с о м- число прямых К., лежащих в произвольной плоскости.

Лучи К. можно двумя способами разложить на однопараметрич. семейство торсов так, что через каждый луч $l \in C$ проходят два торса действительных различных ( л и п т и ч е с к и й л у ч) или действительных совпадающих (п a p a 6 о ли ч е с ки й л у ч). Точки касания луча $l \in C$ с ребрами возврата этих торсов наз. ф о к у с а м и луч а l. Поверхности, образованные фокусами лучей К., наз. ее фо к а л ь н ы м и п ов е р х н о с т я м и. Касательные плоскости к фокальным поверхностям, проходящие через луч $l$ K., наз. ф о к а л ь ны м и пл о ск о с т я м и луча $l$. Торсы К. высекают на каждой фокальной поверхности сеть линий, к-рая наз. ф о к а л ь н о й с е т ью Фокальная сеть линий на каждой фокальной поверхности сопряжена. В гиперболич. области К. представляет собой множество общих касательных двух фокальных поверхностей; в эллиптич. области К. образована действительными общими касательными двух сопряженных мнимых поверхностей; в параболич. области К. образована касательными к одному семейству асимптотич. линий единственной фокальной поверхности. Ц е н т р о м л у ч а К. наз. середина отрезка, определяемого фокусами луча. Поверхность, описанная центрами лучей, наз. с р е д н е й п о в е рх н о с т ь ю fi. Основания общих перпендикуляров двух смежных лучей $l(u, v)$ и $l^{\prime}(u+d u, v+d v)$ заполняют на луче $l$ отрезок, концы к-рого наз. г р а н и чны м и т о ч к а м лича. Плоскости, перпендикулярные к направлению общего перпендикуляра в граничных точках, наз. г л а в н ы и п ло с к о с т я ми; линейчатые поверхности, линии сжатия к-рых пересекают лучи в их граничных точках, наз. г л а в ны м и п о в е р х о о т я м и. Множество граничных точек луча наз. г П р и м е р ы К.: $W^{\prime}$-конгруэнция, у к-рой асимптотич. линиі на фокальных поверхностя $x$ соответствуют друг другу; линейная К.- множество прямых пространства, пересекающих две данные прямые, называемые д и р е к т р іл с а м и; нормальная К.- множество нормалей нек-рой поверхности; изотропная К.- К. с неопределенными главными поверхностями.

Наряду с К К. прямых рассматриваются $К$. (двупараметрич. семейства) плоскостей, коник, квадрик и других фигур (см. Фигур многообразие). К. пропзвольных линий в пространстве называются к р и в о ли н е йны ми и.

Лuт.: [1] Ф и н и к о в С. П., Теория конгруәнций, М.-
Л., 1950 .
В. С. Малаховский.</text_orig>
</article>
