<?xml version="1.0" ?>
<article uri="http://libmeta.ru/me/article/1029_GILBEERT" alphabetic_pos="1029">
  <title>ГИЛБЕЕРТ МНОГОЧЈЕН</title>
  <authors/>
  <pages>
    <start>485</start>
    <end>485</end>
  </pages>
  <literature>
    <literature_orig>Jum.: [1] H i l b e r t D., Gesammelte Abhandlungen, Bd 2, В., 1933; [2] Б а л ь д а с с а р р и М., Алгебраические многообразия, пер. с англ., М., 1961; [3] 3 а р и с с к и й О., С а м ю а ль П., Коммутативная алгебра, т. 2, пер. с англ., М.,</literature_orig>
    <unit>
      <author>Hilbert D.</author>
      <title>Gesammelte Abhandlungen, Bd 2, В.</title>
      <publication/>
      <year>1933</year>
      <other/>
    </unit>
    <unit>
      <author>Бальдассарри М.</author>
      <title>Алгебраические многообразия</title>
      <publication>пер. с англ., М.</publication>
      <year>1961</year>
      <other/>
    </unit>
    <unit>
      <author>3арисский О.</author>
      <author>Самюаль П.</author>
      <title>Коммутативная алгебра</title>
      <publication/>
      <year/>
      <other>т. 2, пер. с англ., М.</other>
    </unit>
  </literature>
  <formulas_main>
    <formula uri="http://libmeta.ru/me/formula/main/1029_1_GILBEERT">P_{R}(n)=\operatorname{dim}_{K} H^{0}\left(X, O_{X}(1)^{\bigotimes} n\right)</formula>
  </formulas_main>
  <formulas_aux>
    <formula uri="http://libmeta.ru/me/formula/aux/1029_1_GILBEERT">\mathrm{t}</formula>
    <formula uri="http://libmeta.ru/me/formula/aux/1029_2_GILBEERT">m=\bigoplus_{n} M_{n}-</formula>
    <formula uri="http://libmeta.ru/me/formula/aux/1029_3_GILBEERT">n</formula>
    <formula uri="http://libmeta.ru/me/formula/aux/1029_4_GILBEERT">n</formula>
    <formula uri="http://libmeta.ru/me/formula/aux/1029_5_GILBEERT">a=k\left[x_{0}, \ldots, X_{m}\right]-</formula>
    <formula uri="http://libmeta.ru/me/formula/aux/1029_6_GILBEERT">k</formula>
    <formula uri="http://libmeta.ru/me/formula/aux/1029_7_GILBEERT">x_{i}</formula>
    <formula uri="http://libmeta.ru/me/formula/aux/1029_8_GILBEERT">m=\bigoplus_{n} M_{n}</formula>
    <formula uri="http://libmeta.ru/me/formula/aux/1029_9_GILBEERT">a</formula>
    <formula uri="http://libmeta.ru/me/formula/aux/1029_10_GILBEERT">p_{m}(t)</formula>
    <formula uri="http://libmeta.ru/me/formula/aux/1029_11_GILBEERT">n \operatorname{dim}_{K} M_{n}=P_{M}(n)</formula>
    <formula uri="http://libmeta.ru/me/formula/aux/1029_12_GILBEERT">r</formula>
    <formula uri="http://libmeta.ru/me/formula/aux/1029_13_GILBEERT">a</formula>
    <formula uri="http://libmeta.ru/me/formula/aux/1029_14_GILBEERT">i</formula>
    <formula uri="http://libmeta.ru/me/formula/aux/1029_15_GILBEERT">x=\operatorname{proj}(r) \subset P^{m}</formula>
    <formula uri="http://libmeta.ru/me/formula/aux/1029_16_GILBEERT">i</formula>
    <formula uri="http://libmeta.ru/me/formula/aux/1029_17_GILBEERT">p_{r}(t)</formula>
    <formula uri="http://libmeta.ru/me/formula/aux/1029_18_GILBEERT">x</formula>
    <formula uri="http://libmeta.ru/me/formula/aux/1029_19_GILBEERT">p_{a}(x)=(-1)^{\operatorname{dim} X}\left(P_{R}(0)-1\right)</formula>
    <formula uri="http://libmeta.ru/me/formula/aux/1029_20_GILBEERT">x</formula>
    <formula uri="http://libmeta.ru/me/formula/aux/1029_21_GILBEERT">\gamma</formula>
    <formula uri="http://libmeta.ru/me/formula/aux/1029_22_GILBEERT">x \subset P^{m}</formula>
    <formula uri="http://libmeta.ru/me/formula/aux/1029_23_GILBEERT">\gamma</formula>
    <formula uri="http://libmeta.ru/me/formula/aux/1029_24_GILBEERT">r</formula>
    <formula uri="http://libmeta.ru/me/formula/aux/1029_25_GILBEERT">\gamma</formula>
    <formula uri="http://libmeta.ru/me/formula/aux/1029_26_GILBEERT">x</formula>
    <formula uri="http://libmeta.ru/me/formula/aux/1029_27_GILBEERT">x \subset P^{m}</formula>
    <formula uri="http://libmeta.ru/me/formula/aux/1029_28_GILBEERT">o_{x}(1)</formula>
    <formula uri="http://libmeta.ru/me/formula/aux/1029_29_GILBEERT">n</formula>
  </formulas_aux>
  <relations n="26">
    <relation uri="http://libmeta.ru/me/relation/1029_1_GILBEERT">
      <rel_text>обратимый пучок</rel_text>
      <target>http://libmeta.ru/me/article/1130_OBRATIMYI</target>
    </relation>
    <relation uri="http://libmeta.ru/me/relation/1029_2_GILBEERT">
      <rel_text>многообразия</rel_text>
      <target>http://libmeta.ru/me/article/438_MNOGOOBRAZI</target>
    </relation>
    <relation uri="http://libmeta.ru/me/relation/1029_3_GILBEERT">
      <rel_text>кольца</rel_text>
      <target>http://libmeta.ru/me/article/1000_KOL'Ts</target>
    </relation>
    <relation uri="http://libmeta.ru/me/relation/1029_4_GILBEERT">
      <rel_text>степень</rel_text>
      <target>http://libmeta.ru/me/article/213_STEPEN</target>
    </relation>
    <relation uri="http://libmeta.ru/me/relation/1029_5_GILBEERT">
      <rel_text>многообразия</rel_text>
      <target>http://libmeta.ru/me/article/438_MNOGOOBRAZI</target>
    </relation>
    <relation uri="http://libmeta.ru/me/relation/1029_6_GILBEERT">
      <rel_text>многообразия</rel_text>
      <target>http://libmeta.ru/me/article/438_MNOGOOBRAZI</target>
    </relation>
    <relation uri="http://libmeta.ru/me/relation/1029_7_GILBEERT">
      <rel_text>совпадает</rel_text>
      <target>http://libmeta.ru/me/article/59_SOVPADENI</target>
    </relation>
    <relation uri="http://libmeta.ru/me/relation/1029_8_GILBEERT">
      <rel_text>многочлена</rel_text>
      <target>http://libmeta.ru/me/article/727_MNOGOChLE</target>
    </relation>
    <relation uri="http://libmeta.ru/me/relation/1029_9_GILBEERT">
      <rel_text>степень</rel_text>
      <target>http://libmeta.ru/me/article/213_STEPEN</target>
    </relation>
    <relation uri="http://libmeta.ru/me/relation/1029_10_GILBEERT">
      <rel_text>многообразия</rel_text>
      <target>http://libmeta.ru/me/article/438_MNOGOOBRAZI</target>
    </relation>
    <relation uri="http://libmeta.ru/me/relation/1029_11_GILBEERT">
      <rel_text>инварианты</rel_text>
      <target>http://libmeta.ru/me/article/544_INVARIAN</target>
    </relation>
    <relation uri="http://libmeta.ru/me/relation/1029_12_GILBEERT">
      <rel_text>кольца</rel_text>
      <target>http://libmeta.ru/me/article/1000_KOL'Ts</target>
    </relation>
    <relation uri="http://libmeta.ru/me/relation/1029_13_GILBEERT">
      <rel_text>факторкольцом</rel_text>
      <target>http://libmeta.ru/me/article/664_FAKTORIZATsI</target>
    </relation>
    <relation uri="http://libmeta.ru/me/relation/1029_14_GILBEERT">
      <rel_text>кольца</rel_text>
      <target>http://libmeta.ru/me/article/1000_KOL'Ts</target>
    </relation>
    <relation uri="http://libmeta.ru/me/relation/1029_15_GILBEERT">
      <rel_text>интерпретация</rel_text>
      <target>http://libmeta.ru/me/article/622_INTEGRIRUGMA</target>
    </relation>
    <relation uri="http://libmeta.ru/me/relation/1029_16_GILBEERT">
      <rel_text>представляет</rel_text>
      <target>http://libmeta.ru/me/article/3_PREDSTAVLENI</target>
    </relation>
    <relation uri="http://libmeta.ru/me/relation/1029_17_GILBEERT">
      <rel_text>интерес</rel_text>
      <target>http://libmeta.ru/me/article/583_INTEGRA</target>
    </relation>
    <relation uri="http://libmeta.ru/me/relation/1029_18_GILBEERT">
      <rel_text>многочлен</rel_text>
      <target>http://libmeta.ru/me/article/727_MNOGOChLE</target>
    </relation>
    <relation uri="http://libmeta.ru/me/relation/1029_19_GILBEERT">
      <rel_text>многочлен</rel_text>
      <target>http://libmeta.ru/me/article/727_MNOGOChLE</target>
    </relation>
    <relation uri="http://libmeta.ru/me/relation/1029_20_GILBEERT">
      <rel_text>степени</rel_text>
      <target>http://libmeta.ru/me/article/213_STEPEN</target>
    </relation>
    <relation uri="http://libmeta.ru/me/relation/1029_21_GILBEERT">
      <rel_text>многочленов</rel_text>
      <target>http://libmeta.ru/me/article/438_MNOGOOBRAZI</target>
    </relation>
    <relation uri="http://libmeta.ru/me/relation/1029_22_GILBEERT">
      <rel_text>кольцо</rel_text>
      <target>http://libmeta.ru/me/article/1000_KOL'Ts</target>
    </relation>
    <relation uri="http://libmeta.ru/me/relation/1029_23_GILBEERT">
      <rel_text>теорема</rel_text>
      <target>http://libmeta.ru/me/article/381_TEORI</target>
    </relation>
    <relation uri="http://libmeta.ru/me/relation/1029_24_GILBEERT">
      <rel_text>функцию</rel_text>
      <target>http://libmeta.ru/me/article/790_FUNKTO</target>
    </relation>
    <relation uri="http://libmeta.ru/me/relation/1029_25_GILBEERT">
      <rel_text>модуля</rel_text>
      <target>http://libmeta.ru/me/article/741_MODEL</target>
    </relation>
    <relation uri="http://libmeta.ru/me/relation/1029_26_GILBEERT">
      <rel_text>многочлен</rel_text>
      <target>http://libmeta.ru/me/article/727_MNOGOChLE</target>
    </relation>
  </relations>
  <text>$URI[[http://libmeta.ru/me/formula/aux/1029_1_GILBEERT]]/URI$ а Д У Т Ромиров. ного мод у л я $URI[[http://libmeta.ru/me/formula/aux/1029_2_GILBEERT]]/URI$ URI[[http://libmeta.ru/me/relation/1029_26_GILBEERT]]/URI, выражающий при больших натуральных $URI[[http://libmeta.ru/me/formula/aux/1029_3_GILBEERT]]/URI$ размерности однородных слагаемых URI[[http://libmeta.ru/me/relation/1029_25_GILBEERT]]/URI как URI[[http://libmeta.ru/me/relation/1029_24_GILBEERT]]/URI от $URI[[http://libmeta.ru/me/formula/aux/1029_4_GILBEERT]]/URI$. Более точно, справедлива URI[[http://libmeta.ru/me/relation/1029_23_GILBEERT]]/URI, доказанная по существу Д. Гильбертом. Пусть $URI[[http://libmeta.ru/me/formula/aux/1029_5_GILBEERT]]/URI$ URI[[http://libmeta.ru/me/relation/1029_22_GILBEERT]]/URI URI[[http://libmeta.ru/me/relation/1029_21_GILBEERT]]/URI над полем $URI[[http://libmeta.ru/me/formula/aux/1029_6_GILBEERT]]/URI$, градуированное так, что $URI[[http://libmeta.ru/me/formula/aux/1029_7_GILBEERT]]/URI$ являются однородными элементами URI[[http://libmeta.ru/me/relation/1029_20_GILBEERT]]/URI 1, и пусть $URI[[http://libmeta.ru/me/formula/aux/1029_8_GILBEERT]]/URI$ градуированный $URI[[http://libmeta.ru/me/formula/aux/1029_9_GILBEERT]]/URI$-модуль конечного типа; тогда существует такой URI[[http://libmeta.ru/me/relation/1029_19_GILBEERT]]/URI $URI[[http://libmeta.ru/me/formula/aux/1029_10_GILBEERT]]/URI$ с рациональными коэффициентамі, что для достаточно больших $URI[[http://libmeta.ru/me/formula/aux/1029_11_GILBEERT]]/URI$. Этот URI[[http://libmeta.ru/me/relation/1029_18_GILBEERT]]/URI наз. мно гочл еном Гильбер та.

Наибольший URI[[http://libmeta.ru/me/relation/1029_17_GILBEERT]]/URI URI[[http://libmeta.ru/me/relation/1029_16_GILBEERT]]/URI URI[[http://libmeta.ru/me/relation/1029_15_GILBEERT]]/URI Г. м. градуированного URI[[http://libmeta.ru/me/relation/1029_14_GILBEERT]]/URI $URI[[http://libmeta.ru/me/formula/aux/1029_12_GILBEERT]]/URI$, являющегося URI[[http://libmeta.ru/me/relation/1029_13_GILBEERT]]/URI URI[[http://libmeta.ru/me/relation/1029_12_GILBEERT]]/URI $URI[[http://libmeta.ru/me/formula/aux/1029_13_GILBEERT]]/URI$ по однородному идеалу $URI[[http://libmeta.ru/me/formula/aux/1029_14_GILBEERT]]/URI$; в этом случае Г. м. доставляет проективные URI[[http://libmeta.ru/me/relation/1029_11_GILBEERT]]/URI проективного URI[[http://libmeta.ru/me/relation/1029_10_GILBEERT]]/URI $URI[[http://libmeta.ru/me/formula/aux/1029_15_GILBEERT]]/URI$, определяемого идеалом $URI[[http://libmeta.ru/me/formula/aux/1029_16_GILBEERT]]/URI$. В частности, URI[[http://libmeta.ru/me/relation/1029_9_GILBEERT]]/URI URI[[http://libmeta.ru/me/relation/1029_8_GILBEERT]]/URI $URI[[http://libmeta.ru/me/formula/aux/1029_17_GILBEERT]]/URI$ URI[[http://libmeta.ru/me/relation/1029_7_GILBEERT]]/URI с размерностью URI[[http://libmeta.ru/me/relation/1029_6_GILBEERT]]/URI $URI[[http://libmeta.ru/me/formula/aux/1029_18_GILBEERT]]/URI$, а $URI[[http://libmeta.ru/me/formula/aux/1029_19_GILBEERT]]/URI$ наз. ариблетическим родом URI[[http://libmeta.ru/me/relation/1029_5_GILBEERT]]/URI $URI[[http://libmeta.ru/me/formula/aux/1029_20_GILBEERT]]/URI$. Через $URI[[http://libmeta.ru/me/formula/aux/1029_21_GILBEERT]]/URI$. м. выражается также URI[[http://libmeta.ru/me/relation/1029_4_GILBEERT]]/URI вложения $URI[[http://libmeta.ru/me/formula/aux/1029_22_GILBEERT]]/URI$. $URI[[http://libmeta.ru/me/formula/aux/1029_23_GILBEERT]]/URI$. м. URI[[http://libmeta.ru/me/relation/1029_3_GILBEERT]]/URI $URI[[http://libmeta.ru/me/formula/aux/1029_24_GILBEERT]]/URI$ называют также $URI[[http://libmeta.ru/me/formula/aux/1029_25_GILBEERT]]/URI$. м. проективного URI[[http://libmeta.ru/me/relation/1029_2_GILBEERT]]/URI $URI[[http://libmeta.ru/me/formula/aux/1029_26_GILBEERT]]/URI$ относительно вложения $URI[[http://libmeta.ru/me/formula/aux/1029_27_GILBEERT]]/URI$. Если $URI[[http://libmeta.ru/me/formula/aux/1029_28_GILBEERT]]/URI$ - URI[[http://libmeta.ru/me/relation/1029_1_GILBEERT]]/URI, соответствующий этому вложению, то

\[
URI[[http://libmeta.ru/me/formula/main/1029_1_GILBEERT]]/URI
\]

для достаточно больших $URI[[http://libmeta.ru/me/formula/aux/1029_29_GILBEERT]]/URI$.</text>
  <text_orig>$\mathrm{T}$ а Д У Т Ромиров. ного мод у л я $M=\bigoplus_{n} M_{n}-$ многочлен, выражающий при больших натуральных $n$ размерности однородных слагаемых модуля как функцию от $n$. Более точно, справедлива теорема, доказанная по существу Д. Гильбертом. Пусть $A=K\left[X_{0}, \ldots, X_{m}\right]-$ кольцо многочленов над полем $K$, градуированное так, что $X_{i}$ являются однородными элементами степени 1, и пусть $M=\bigoplus_{n} M_{n}$ градуированный $A$-модуль конечного типа; тогда существует такой многочлен $P_{M}(t)$ с рациональными коэффициентамі, что для достаточно больших $n \operatorname{dim}_{K} M_{n}=P_{M}(n)$. Этот многочлен наз. мно гочл еном Гильбер та.

Наибольший интерес представляет интерпретация Г. м. градуированного кольца $R$, являющегося факторкольцом кольца $A$ по однородному идеалу $I$; в этом случае Г. м. доставляет проективные инварианты проективного многообразия $X=\operatorname{Proj}(R) \subset P^{m}$, определяемого идеалом $I$. В частности, степень многочлена $P_{R}(t)$ совпадает с размерностью многообразия $X$, а $p_{a}(X)=(-1)^{\operatorname{dim} X}\left(P_{R}(0)-1\right)$ наз. ариблетическим родом многообразия $X$. Через $\Gamma$. м. выражается также степень вложения $X \subset P^{m}$. $\Gamma$. м. кольца $R$ называют также $\Gamma$. м. проективного многообразия $X$ относительно вложения $X \subset P^{m}$. Если $O_{X}(1)$ - обратимый пучок, соответствующий этому вложению, то

\[
P_{R}(n)=\operatorname{dim}_{K} H^{0}\left(X, O_{X}(1)^{\bigotimes} n\right)
\]

для достаточно больших $n$.

Jum.: [1] H i l b e r t D., Gesammelte Abhandlungen, Bd 2, В., 1933; [2] Б а л ь д а с с а р р и М., Алгебраические многообразия, пер. с англ., М., 1961; [3] 3 а р и с с к и й О., С а м ю а ль П., Коммутативная алгебра, т. 2, пер. с англ., М.,</text_orig>
</article>
