<?xml version="1.0" ?>
<article uri="http://libmeta.ru/me/article/102_KRISTOFFELJa" alphabetic_pos="102">
  <title>КРИСТОФФЕЛЯ ЧИСЛА</title>
  <authors>
    <author>Н. П. Корнейчук</author>
    <author>В. П. Моторный</author>
  </authors>
  <pages>
    <start>56</start>
    <end>56</end>
  </pages>
  <literature>
    <literature_orig>Jum.: [1] C h r is t of f e l E. B., &quot;j. reine und angew.![](https://cdn.mathpix.com/cropped/2023_07_08_342574b895d5e42284b2g-1.jpg?height=52&amp;width=838&amp;top_left_y=2142&amp;top_left_x=985)многочлены, пер. с англ., М., 1962; [3] Н а т а н с о н И. П.,Конструктивная теория функций, М.- Л., 1949 .</literature_orig>
    <unit>
      <author>Christoffel E. B.</author>
      <title>&quot;j. reine und angew.![](https://cdn.mathpix.com/cropped/2023_07_08_342574b895d5e42284b2g-1.jpg?height=52&amp;width=838&amp;top_left_y=2142&amp;top_left_x=985)многочлены</title>
      <publication>пер. с англ., М.</publication>
      <year>1962</year>
      <other>Конструктивная теория функций, М.- Л., 1949 .</other>
    </unit>
  </literature>
  <formulas_main>
    <formula uri="http://libmeta.ru/me/formula/main/102_1_KRISTOFFELJa">\int_{a}^{b} f(x) d \alpha(x) \approx \sum_{k=1}^{n} \lambda_{k} f\left(x_{k}\right)</formula>
    <formula uri="http://libmeta.ru/me/formula/main/102_2_KRISTOFFELJa">\lambda_{k}=\int_{a}^{b}\left[\frac{p_{n}(x)}{p_{n}^{\prime}(x)\left(x-x_{k}\right)}\right]^{2} d \alpha(x), k=1,2, \ldots, n .</formula>
    <formula uri="http://libmeta.ru/me/formula/main/102_3_KRISTOFFELJa">\begin{gathered}\lambda_{k}^{-1}=p_{0}\left(x_{k}\right)+p_{1}\left(x_{k}\right)+\ldots+p_{n}\left(x_{k}\right), \quad k=1,2, \ldots, n, \\\lambda_{k}=-\frac{K_{n+1}}{K_{n}} \frac{1}{p_{n+1}\left(x_{k}\right) p_{n}^{\prime}\left(x_{k}\right)}= \\=\frac{K_{n}}{K_{n-1}} \frac{1}{p_{n-1}\left(x_{k}\right) p_{n}^{\prime}\left(x_{k}\right)}, \quad k=1,2, \ldots, n,\end{gathered}</formula>
    <formula uri="http://libmeta.ru/me/formula/main/102_4_KRISTOFFELJa">\lambda_{k}=\frac{2}{\left(1-x_{k}^{2}\right)\left[p_{n}^{\prime}\left(x_{k}\right)\right]^{2}} .</formula>
  </formulas_main>
  <formulas_aux>
    <formula uri="http://libmeta.ru/me/formula/aux/102_1_KRISTOFFELJa">p</formula>
    <formula uri="http://libmeta.ru/me/formula/aux/102_2_KRISTOFFELJa">\lambda_{k}</formula>
    <formula uri="http://libmeta.ru/me/formula/aux/102_3_KRISTOFFELJa">\leqslant 2 n-1</formula>
    <formula uri="http://libmeta.ru/me/formula/aux/102_4_KRISTOFFELJa">x_{k}</formula>
    <formula uri="http://libmeta.ru/me/formula/aux/102_5_KRISTOFFELJa">p_{n}(x)</formula>
    <formula uri="http://libmeta.ru/me/formula/aux/102_6_KRISTOFFELJa">n</formula>
    <formula uri="http://libmeta.ru/me/formula/aux/102_7_KRISTOFFELJa">[a, b]</formula>
    <formula uri="http://libmeta.ru/me/formula/aux/102_8_KRISTOFFELJa">d \alpha(x)</formula>
    <formula uri="http://libmeta.ru/me/formula/aux/102_9_KRISTOFFELJa">n-1</formula>
    <formula uri="http://libmeta.ru/me/formula/aux/102_10_KRISTOFFELJa">x_{1}&lt;x_{2}&lt;\ldots .&lt;x_{n}</formula>
    <formula uri="http://libmeta.ru/me/formula/aux/102_11_KRISTOFFELJa">\mathcal{k}</formula>
    <formula uri="http://libmeta.ru/me/formula/aux/102_12_KRISTOFFELJa">\lambda_{k}&gt;0, \Sigma_{k=1}^{n} \lambda_{k}=\alpha(b)-\alpha(a)</formula>
    <formula uri="http://libmeta.ru/me/formula/aux/102_13_KRISTOFFELJa">p_{n}(x)</formula>
    <formula uri="http://libmeta.ru/me/formula/aux/102_14_KRISTOFFELJa">k_{n}</formula>
    <formula uri="http://libmeta.ru/me/formula/aux/102_15_KRISTOFFELJa">p_{n}(x)</formula>
    <formula uri="http://libmeta.ru/me/formula/aux/102_16_KRISTOFFELJa">a=-1, b=1</formula>
    <formula uri="http://libmeta.ru/me/formula/aux/102_17_KRISTOFFELJa">d \alpha(x)=d x p_{n}(x)</formula>
    <formula uri="http://libmeta.ru/me/formula/aux/102_18_KRISTOFFELJa">n=1,2, \ldots, 7</formula>
  </formulas_aux>
  <relations n="22">
    <relation uri="http://libmeta.ru/me/relation/102_1_KRISTOFFELJa">
      <rel_text>Гаусса квадратурная</rel_text>
      <target>http://libmeta.ru/me/article/957_GAUSSA</target>
    </relation>
    <relation uri="http://libmeta.ru/me/relation/102_2_KRISTOFFELJa">
      <rel_text>вычислены</rel_text>
      <target>http://libmeta.ru/me/article/894_VYChITANI</target>
    </relation>
    <relation uri="http://libmeta.ru/me/relation/102_3_KRISTOFFELJa">
      <rel_text>коэффициешты</rel_text>
      <target>http://libmeta.ru/me/article/64_KOEFFITsIEN</target>
    </relation>
    <relation uri="http://libmeta.ru/me/relation/102_4_KRISTOFFELJa">
      <rel_text>многочленами</rel_text>
      <target>http://libmeta.ru/me/article/438_MNOGOOBRAZI</target>
    </relation>
    <relation uri="http://libmeta.ru/me/relation/102_5_KRISTOFFELJa">
      <rel_text>многочлена</rel_text>
      <target>http://libmeta.ru/me/article/727_MNOGOChLE</target>
    </relation>
    <relation uri="http://libmeta.ru/me/relation/102_6_KRISTOFFELJa">
      <rel_text>коэффициент</rel_text>
      <target>http://libmeta.ru/me/article/64_KOEFFITsIEN</target>
    </relation>
    <relation uri="http://libmeta.ru/me/relation/102_7_KRISTOFFELJa">
      <rel_text>представимы</rel_text>
      <target>http://libmeta.ru/me/article/606_PREDPORJaDO</target>
    </relation>
    <relation uri="http://libmeta.ru/me/relation/102_8_KRISTOFFELJa">
      <rel_text>ортонормированны</rel_text>
      <target>http://libmeta.ru/me/article/66_ORTOGONALӤZADI</target>
    </relation>
    <relation uri="http://libmeta.ru/me/relation/102_9_KRISTOFFELJa">
      <rel_text>многочлены</rel_text>
      <target>http://libmeta.ru/me/article/727_MNOGOChLE</target>
    </relation>
    <relation uri="http://libmeta.ru/me/relation/102_10_KRISTOFFELJa">
      <rel_text>степени</rel_text>
      <target>http://libmeta.ru/me/article/213_STEPEN</target>
    </relation>
    <relation uri="http://libmeta.ru/me/relation/102_11_KRISTOFFELJa">
      <rel_text>многочленам</rel_text>
      <target>http://libmeta.ru/me/article/438_MNOGOOBRAZI</target>
    </relation>
    <relation uri="http://libmeta.ru/me/relation/102_12_KRISTOFFELJa">
      <rel_text>распределения</rel_text>
      <target>http://libmeta.ru/me/article/950_RASPREDELENI</target>
    </relation>
    <relation uri="http://libmeta.ru/me/relation/102_13_KRISTOFFELJa">
      <rel_text>ортогонального</rel_text>
      <target>http://libmeta.ru/me/article/66_ORTOGONALӤZADI</target>
    </relation>
    <relation uri="http://libmeta.ru/me/relation/102_14_KRISTOFFELJa">
      <rel_text>степени</rel_text>
      <target>http://libmeta.ru/me/article/213_STEPEN</target>
    </relation>
    <relation uri="http://libmeta.ru/me/relation/102_15_KRISTOFFELJa">
      <rel_text>многочлена</rel_text>
      <target>http://libmeta.ru/me/article/727_MNOGOChLE</target>
    </relation>
    <relation uri="http://libmeta.ru/me/relation/102_16_KRISTOFFELJa">
      <rel_text>формулы</rel_text>
      <target>http://libmeta.ru/me/article/741_FORMUL</target>
    </relation>
    <relation uri="http://libmeta.ru/me/relation/102_17_KRISTOFFELJa">
      <rel_text>квадратурной</rel_text>
      <target>http://libmeta.ru/me/article/812_KVADRATRIS</target>
    </relation>
    <relation uri="http://libmeta.ru/me/relation/102_18_KRISTOFFELJa">
      <rel_text>степені</rel_text>
      <target>http://libmeta.ru/me/article/213_STEPEN</target>
    </relation>
    <relation uri="http://libmeta.ru/me/relation/102_19_KRISTOFFELJa">
      <rel_text>многочленов</rel_text>
      <target>http://libmeta.ru/me/article/438_MNOGOOBRAZI</target>
    </relation>
    <relation uri="http://libmeta.ru/me/relation/102_20_KRISTOFFELJa">
      <rel_text>формулы</rel_text>
      <target>http://libmeta.ru/me/article/741_FORMUL</target>
    </relation>
    <relation uri="http://libmeta.ru/me/relation/102_21_KRISTOFFELJa">
      <rel_text>квадратурной</rel_text>
      <target>http://libmeta.ru/me/article/812_KVADRATRIS</target>
    </relation>
    <relation uri="http://libmeta.ru/me/relation/102_22_KRISTOFFELJa">
      <rel_text>коэффициенты</rel_text>
      <target>http://libmeta.ru/me/article/64_KOEFFITsIEN</target>
    </relation>
  </relations>
  <text>К $URI[[http://libmeta.ru/me/formula/aux/102_1_KRISTOFFELJa]]/URI$ и с т о ф ф е л я к о э ф ф и ц и е н т ы, - URI[[http://libmeta.ru/me/relation/102_22_KRISTOFFELJa]]/URI $URI[[http://libmeta.ru/me/formula/aux/102_2_KRISTOFFELJa]]/URI$ URI[[http://libmeta.ru/me/relation/102_21_KRISTOFFELJa]]/URI URI[[http://libmeta.ru/me/relation/102_20_KRISTOFFELJa]]/URI

\[
URI[[http://libmeta.ru/me/formula/main/102_1_KRISTOFFELJa]]/URI
\]

точной для алгебраич. URI[[http://libmeta.ru/me/relation/102_19_KRISTOFFELJa]]/URI URI[[http://libmeta.ru/me/relation/102_18_KRISTOFFELJa]]/URI $URI[[http://libmeta.ru/me/formula/aux/102_3_KRISTOFFELJa]]/URI$. Узлы $URI[[http://libmeta.ru/me/formula/aux/102_4_KRISTOFFELJa]]/URI$ такой URI[[http://libmeta.ru/me/relation/102_17_KRISTOFFELJa]]/URI URI[[http://libmeta.ru/me/relation/102_16_KRISTOFFELJa]]/URI являются нулями URI[[http://libmeta.ru/me/relation/102_15_KRISTOFFELJa]]/URI $URI[[http://libmeta.ru/me/formula/aux/102_5_KRISTOFFELJa]]/URI$ URI[[http://libmeta.ru/me/relation/102_14_KRISTOFFELJa]]/URI $URI[[http://libmeta.ru/me/formula/aux/102_6_KRISTOFFELJa]]/URI$, URI[[http://libmeta.ru/me/relation/102_13_KRISTOFFELJa]]/URI на $URI[[http://libmeta.ru/me/formula/aux/102_7_KRISTOFFELJa]]/URI$ относительно URI[[http://libmeta.ru/me/relation/102_12_KRISTOFFELJa]]/URI $URI[[http://libmeta.ru/me/formula/aux/102_8_KRISTOFFELJa]]/URI$ всем URI[[http://libmeta.ru/me/relation/102_11_KRISTOFFELJa]]/URI URI[[http://libmeta.ru/me/relation/102_10_KRISTOFFELJa]]/URI $URI[[http://libmeta.ru/me/formula/aux/102_9_KRISTOFFELJa]]/URI$; если $URI[[http://libmeta.ru/me/formula/aux/102_10_KRISTOFFELJa]]/URI$, то $URI[[http://libmeta.ru/me/formula/aux/102_11_KRISTOFFELJa]]/URI$. ч. определяiотся однозначно. К. ч. $URI[[http://libmeta.ru/me/formula/aux/102_12_KRISTOFFELJa]]/URI$ и

\[
URI[[http://libmeta.ru/me/formula/main/102_2_KRISTOFFELJa]]/URI
\]

Если URI[[http://libmeta.ru/me/relation/102_9_KRISTOFFELJa]]/URI $URI[[http://libmeta.ru/me/formula/aux/102_13_KRISTOFFELJa]]/URI$ URI[[http://libmeta.ru/me/relation/102_8_KRISTOFFELJa]]/URI, то К. ч. URI[[http://libmeta.ru/me/relation/102_7_KRISTOFFELJa]]/URI в виде

\[
URI[[http://libmeta.ru/me/formula/main/102_3_KRISTOFFELJa]]/URI
\]

где $URI[[http://libmeta.ru/me/formula/aux/102_14_KRISTOFFELJa]]/URI$ - старший URI[[http://libmeta.ru/me/relation/102_6_KRISTOFFELJa]]/URI URI[[http://libmeta.ru/me/relation/102_5_KRISTOFFELJa]]/URI $URI[[http://libmeta.ru/me/formula/aux/102_15_KRISTOFFELJa]]/URI$. В случае $URI[[http://libmeta.ru/me/formula/aux/102_16_KRISTOFFELJa]]/URI$ и $URI[[http://libmeta.ru/me/formula/aux/102_17_KRISTOFFELJa]]/URI$ являются жандра URI[[http://libmeta.ru/me/relation/102_4_KRISTOFFELJa]]/URI, а К.ч.

\[
URI[[http://libmeta.ru/me/formula/main/102_4_KRISTOFFELJa]]/URI
\]

Эти выраженгя указаны Ә. Кристоффелем [1]. Для $URI[[http://libmeta.ru/me/formula/aux/102_18_KRISTOFFELJa]]/URI$ әти URI[[http://libmeta.ru/me/relation/102_3_KRISTOFFELJa]]/URI были URI[[http://libmeta.ru/me/relation/102_2_KRISTOFFELJa]]/URI К. Гауссом (c. Gauss). См. также URI[[http://libmeta.ru/me/relation/102_1_KRISTOFFELJa]]/URI боржула.</text>
  <text_orig>К $p$ и с т о ф ф е л я к о э ф ф и ц и е н т ы, - коэффициенты $\lambda_{k}$ квадратурной формулы

\[
\int_{a}^{b} f(x) d \alpha(x) \approx \sum_{k=1}^{n} \lambda_{k} f\left(x_{k}\right)
\]

точной для алгебраич. многочленов степені $\leqslant 2 n-1$. Узлы $x_{k}$ такой квадратурной формулы являются нулями многочлена $p_{n}(x)$ степени $n$, ортогонального на $[a, b]$ относительно распределения $d \alpha(x)$ всем многочленам степени $n-1$; если $x_{1}&lt;x_{2}&lt;\ldots .&lt;x_{n}$, то $\mathcal{K}$. ч. определяIотся однозначно. К. ч. $\lambda_{k}&gt;0, \Sigma_{k=1}^{n} \lambda_{k}=\alpha(b)-\alpha(a)$ и

\[
\lambda_{k}=\int_{a}^{b}\left[\frac{p_{n}(x)}{p_{n}^{\prime}(x)\left(x-x_{k}\right)}\right]^{2} d \alpha(x), k=1,2, \ldots, n .
\]

Если многочлены $p_{n}(x)$ ортонормированны, то К. ч. представимы в виде

\[
\begin{gathered}
\lambda_{k}^{-1}=p_{0}\left(x_{k}\right)+p_{1}\left(x_{k}\right)+\ldots+p_{n}\left(x_{k}\right), \quad k=1,2, \ldots, n, \\
\lambda_{k}=-\frac{K_{n+1}}{K_{n}} \frac{1}{p_{n+1}\left(x_{k}\right) p_{n}^{\prime}\left(x_{k}\right)}= \\
=\frac{K_{n}}{K_{n-1}} \frac{1}{p_{n-1}\left(x_{k}\right) p_{n}^{\prime}\left(x_{k}\right)}, \quad k=1,2, \ldots, n,
\end{gathered}
\]

где $K_{n}$ - старший коэффициент многочлена $p_{n}(x)$. В случае $a=-1, b=1$ и $d \alpha(x)=d x p_{n}(x)$ являются жандра многочленами, а К.ч.

\[
\lambda_{k}=\frac{2}{\left(1-x_{k}^{2}\right)\left[p_{n}^{\prime}\left(x_{k}\right)\right]^{2}} .
\]

Эти выраженгя указаны Ә. Кристоффелем [1]. Для $n=1,2, \ldots, 7$ әти коэффициешты были вычислены К. Гауссом (C. Gauss). См. также Гаусса квадратурная боржула.

Jum.: [1] C h r is t of f e l E. B., &quot;J. reine und angew.

![](https://cdn.mathpix.com/cropped/2023_07_08_342574b895d5e42284b2g-1.jpg?height=52&amp;width=838&amp;top_left_y=2142&amp;top_left_x=985)
многочлены, пер. с англ., М., 1962; [3] Н а т а н с о н И. П.,
Конструктивная теория функций, М.- Л., 1949 .
Н. П. Корнейчук, В. П. Моторный.</text_orig>
</article>
