<?xml version="1.0" ?>
<article uri="http://libmeta.ru/me/article/1030_REGU" alphabetic_pos="1030">
  <title>РЕГУ ЛЯ РНОЕ СОБЫТИЕ</title>
  <authors/>
  <pages>
    <start>472</start>
    <end>473</end>
  </pages>
  <literature>
    <literature_orig>Лum.: [1] К у Д р я вц е в В. Б., А л е ши н С. В., П одк о л 3 и н А. С., „плементы теории автоматов, М., 1978; [2] 246 ; [3] Я н о в Ю. И., там же, 1964, в. 12, с. $253-58 ; 1966$, в. 17, c. $255-58 ;$ [4] У шч у м л и ч Ші., &quot;докл. Ан Ссср&quot;, 1979, т. 247, № 3, с. 561-65. Ар А. Буевич.</literature_orig>
    <unit>
      <author>Ку Дрявцев В. Б.</author>
      <author>Алешин С. В.</author>
      <author>Подкол3ин А. С.</author>
      <title>„плементы теории автоматов</title>
      <publication>М.</publication>
      <year>1978</year>
      <other/>
    </unit>
    <unit>
      <title/>
      <publication/>
      <year/>
      <other>246</other>
    </unit>
    <unit>
      <author>Янов Ю. И.</author>
      <title>там же</title>
      <publication/>
      <year>1964</year>
      <other>в. 12, с. $253-58 ; 1966$, в. 17, c. $255-58 ;$</other>
    </unit>
    <unit>
      <title>У шч у м л и ч Ші., &quot;докл. Ан Ссср&quot;</title>
      <publication/>
      <year>1979</year>
      <other>т. 247, № 3, с. 561-65. Ар А. Буевич.</other>
    </unit>
  </literature>
  <formulas_main/>
  <formulas_aux>
    <formula uri="http://libmeta.ru/me/formula/aux/1030_1_REGU">a-</formula>
    <formula uri="http://libmeta.ru/me/formula/aux/1030_2_REGU">\mathrm{u}, \circ, *-</formula>
    <formula uri="http://libmeta.ru/me/formula/aux/1030_3_REGU">a</formula>
    <formula uri="http://libmeta.ru/me/formula/aux/1030_4_REGU">a</formula>
    <formula uri="http://libmeta.ru/me/formula/aux/1030_5_REGU">r_{1}, R_{2}</formula>
    <formula uri="http://libmeta.ru/me/formula/aux/1030_6_REGU">r</formula>
    <formula uri="http://libmeta.ru/me/formula/aux/1030_7_REGU">\left(r_{1} \cup R_{2}\right),\left(R_{1} \circ R_{2}\right)</formula>
    <formula uri="http://libmeta.ru/me/formula/aux/1030_8_REGU">r^{*}</formula>
    <formula uri="http://libmeta.ru/me/formula/aux/1030_9_REGU">a *</formula>
    <formula uri="http://libmeta.ru/me/formula/aux/1030_10_REGU">a</formula>
    <formula uri="http://libmeta.ru/me/formula/aux/1030_11_REGU">\mathfrak{h}_{1} \subseteq A^{*}, \mathfrak{H}_{2} \subseteq A^{*}</formula>
    <formula uri="http://libmeta.ru/me/formula/aux/1030_12_REGU">a</formula>
    <formula uri="http://libmeta.ru/me/formula/aux/1030_13_REGU">\mathfrak{a}_{1} \cup \mathfrak{A}_{2}</formula>
    <formula uri="http://libmeta.ru/me/formula/aux/1030_14_REGU">\mathfrak{h}_{1} \circ \mathfrak{H}_{2}</formula>
    <formula uri="http://libmeta.ru/me/formula/aux/1030_15_REGU">\alpha_{1} \alpha_{2}</formula>
    <formula uri="http://libmeta.ru/me/formula/aux/1030_16_REGU">\alpha_{1} \in \mathfrak{A}_{1}, \alpha_{2} \in \mathfrak{A}_{2}</formula>
    <formula uri="http://libmeta.ru/me/formula/aux/1030_17_REGU">\mathfrak{h}_{1}</formula>
    <formula uri="http://libmeta.ru/me/formula/aux/1030_18_REGU">\mathfrak{h}_{2}</formula>
    <formula uri="http://libmeta.ru/me/formula/aux/1030_19_REGU">\lambda</formula>
    <formula uri="http://libmeta.ru/me/formula/aux/1030_20_REGU">\lambda \alpha_{2}=\alpha_{2}, \alpha_{1} \Lambda=\alpha_{1}, \Lambda \Lambda=\Lambda</formula>
    <formula uri="http://libmeta.ru/me/formula/aux/1030_21_REGU">\mathfrak{a} \subseteq A^{*}</formula>
    <formula uri="http://libmeta.ru/me/formula/aux/1030_22_REGU">n \geqslant 2</formula>
    <formula uri="http://libmeta.ru/me/formula/aux/1030_23_REGU">\mathfrak{a} n=\mathfrak{P}</formula>
    <formula uri="http://libmeta.ru/me/formula/aux/1030_24_REGU">\mathfrak{a}</formula>
    <formula uri="http://libmeta.ru/me/formula/aux/1030_25_REGU">n</formula>
    <formula uri="http://libmeta.ru/me/formula/aux/1030_26_REGU">\mathfrak{y} *</formula>
    <formula uri="http://libmeta.ru/me/formula/aux/1030_27_REGU">\mathfrak{a} \bigcup \mathfrak{A}^{2} \bigcup \mathfrak{P}^{3} \bigcup \ldots</formula>
    <formula uri="http://libmeta.ru/me/formula/aux/1030_28_REGU">\alpha \in \mathfrak{A} *</formula>
    <formula uri="http://libmeta.ru/me/formula/aux/1030_29_REGU">m \geqslant 1</formula>
    <formula uri="http://libmeta.ru/me/formula/aux/1030_30_REGU">\alpha</formula>
    <formula uri="http://libmeta.ru/me/formula/aux/1030_31_REGU">\alpha_{1} \alpha_{2} \ldots \alpha_{m}</formula>
    <formula uri="http://libmeta.ru/me/formula/aux/1030_32_REGU">\alpha_{i} \in \mathfrak{H}</formula>
    <formula uri="http://libmeta.ru/me/formula/aux/1030_33_REGU">i=</formula>
    <formula uri="http://libmeta.ru/me/formula/aux/1030_34_REGU">=1, \ldots ., m</formula>
    <formula uri="http://libmeta.ru/me/formula/aux/1030_35_REGU">a</formula>
  </formulas_aux>
  <relations n="20">
    <relation uri="http://libmeta.ru/me/relation/1030_1_REGU">
      <rel_text>Туэ система</rel_text>
      <target>http://libmeta.ru/me/article/518_TUE</target>
    </relation>
    <relation uri="http://libmeta.ru/me/relation/1030_2_REGU">
      <rel_text>Синтеза задачи</rel_text>
      <target>http://libmeta.ru/me/article/1358_SINTEZA</target>
    </relation>
    <relation uri="http://libmeta.ru/me/relation/1030_3_REGU">
      <rel_text>задания</rel_text>
      <target>http://libmeta.ru/me/article/10_ZAdAch</target>
    </relation>
    <relation uri="http://libmeta.ru/me/relation/1030_4_REGU">
      <rel_text>Автоматов</rel_text>
      <target>http://libmeta.ru/me/article/57_AVTONIMI</target>
    </relation>
    <relation uri="http://libmeta.ru/me/relation/1030_5_REGU">
      <rel_text>система</rel_text>
      <target>http://libmeta.ru/me/article/350_SISTEM</target>
    </relation>
    <relation uri="http://libmeta.ru/me/relation/1030_6_REGU">
      <rel_text>полная</rel_text>
      <target>http://libmeta.ru/me/article/501_POLI0</target>
    </relation>
    <relation uri="http://libmeta.ru/me/relation/1030_7_REGU">
      <rel_text>алгебр</rel_text>
      <target>http://libmeta.ru/me/article/92_ALGAM</target>
    </relation>
    <relation uri="http://libmeta.ru/me/relation/1030_8_REGU">
      <rel_text>систем</rel_text>
      <target>http://libmeta.ru/me/article/350_SISTEM</target>
    </relation>
    <relation uri="http://libmeta.ru/me/relation/1030_9_REGU">
      <rel_text>полных</rel_text>
      <target>http://libmeta.ru/me/article/501_POLI0</target>
    </relation>
    <relation uri="http://libmeta.ru/me/relation/1030_10_REGU">
      <rel_text>алгебрах</rel_text>
      <target>http://libmeta.ru/me/article/93_ALGEBR</target>
    </relation>
    <relation uri="http://libmeta.ru/me/relation/1030_11_REGU">
      <rel_text>алгебр</rel_text>
      <target>http://libmeta.ru/me/article/92_ALGAM</target>
    </relation>
    <relation uri="http://libmeta.ru/me/relation/1030_12_REGU">
      <rel_text>представляет</rel_text>
      <target>http://libmeta.ru/me/article/3_PREDSTAVLENI</target>
    </relation>
    <relation uri="http://libmeta.ru/me/relation/1030_13_REGU">
      <rel_text>интерес</rel_text>
      <target>http://libmeta.ru/me/article/583_INTEGRA</target>
    </relation>
    <relation uri="http://libmeta.ru/me/relation/1030_14_REGU">
      <rel_text>множеств</rel_text>
      <target>http://libmeta.ru/me/article/733_MNOZhESTV</target>
    </relation>
    <relation uri="http://libmeta.ru/me/relation/1030_15_REGU">
      <rel_text>получить</rel_text>
      <target>http://libmeta.ru/me/article/473_POLUNORM</target>
    </relation>
    <relation uri="http://libmeta.ru/me/relation/1030_16_REGU">
      <rel_text>алгебры</rel_text>
      <target>http://libmeta.ru/me/article/93_ALGEBR</target>
    </relation>
    <relation uri="http://libmeta.ru/me/relation/1030_17_REGU">
      <rel_text>алгебр</rel_text>
      <target>http://libmeta.ru/me/article/92_ALGAM</target>
    </relation>
    <relation uri="http://libmeta.ru/me/relation/1030_18_REGU">
      <rel_text>множестве</rel_text>
      <target>http://libmeta.ru/me/article/733_MNOZhESTV</target>
    </relation>
    <relation uri="http://libmeta.ru/me/relation/1030_19_REGU">
      <rel_text>подмножеств</rel_text>
      <target>http://libmeta.ru/me/article/357_PODMATRITs</target>
    </relation>
    <relation uri="http://libmeta.ru/me/relation/1030_20_REGU">
      <rel_text>Множество</rel_text>
      <target>http://libmeta.ru/me/article/733_MNOZhESTV</target>
    </relation>
  </relations>
  <text>множество слов конечного алфавита, к-рое на алгебраич. языке может быть задано с использованием выражений специального віда-рег у ля рных вы ра жени й. Пусть $URI[[http://libmeta.ru/me/formula/aux/1030_1_REGU]]/URI$ конечный алфовит и $URI[[http://libmeta.ru/me/formula/aux/1030_2_REGU]]/URI$ символы операций, наз. объе динением, конкатен ацие й и и т е р а ц и е й соответственно. Р е г ул я р п ы в ы р а ж е и я в алфавите $URI[[http://libmeta.ru/me/formula/aux/1030_3_REGU]]/URI$ задаются индуктивно: 1) каждая буква из алфавита $URI[[http://libmeta.ru/me/formula/aux/1030_4_REGU]]/URI$ есть регулярное выражение, 2) если $URI[[http://libmeta.ru/me/formula/aux/1030_5_REGU]]/URI$ и $URI[[http://libmeta.ru/me/formula/aux/1030_6_REGU]]/URI$ - регулярные выражения, то $URI[[http://libmeta.ru/me/formula/aux/1030_7_REGU]]/URI$ и $URI[[http://libmeta.ru/me/formula/aux/1030_8_REGU]]/URI$ суть также регулярные выражения. Язык регулярных выражений интерпретируется следующим образом.

Пусть $URI[[http://libmeta.ru/me/formula/aux/1030_9_REGU]]/URI$ - множество всех слов в алфавите $URI[[http://libmeta.ru/me/formula/aux/1030_10_REGU]]/URI$, $URI[[http://libmeta.ru/me/formula/aux/1030_11_REGU]]/URI$. Символ любой буквы из $URI[[http://libmeta.ru/me/formula/aux/1030_12_REGU]]/URI$ понимается как множество, состоящее из одной буквы, а $URI[[http://libmeta.ru/me/formula/aux/1030_13_REGU]]/URI$ - как обычное теоретико-множественное объединение. Множество $URI[[http://libmeta.ru/me/formula/aux/1030_14_REGU]]/URI$ состоит из всех слов, к-рые представимы в виде $URI[[http://libmeta.ru/me/formula/aux/1030_15_REGU]]/URI$, где $URI[[http://libmeta.ru/me/formula/aux/1030_16_REGU]]/URI$, причем если $URI[[http://libmeta.ru/me/formula/aux/1030_17_REGU]]/URI$ и $URI[[http://libmeta.ru/me/formula/aux/1030_18_REGU]]/URI$ содержат пустое слово $URI[[http://libmeta.ru/me/formula/aux/1030_19_REGU]]/URI$, то $URI[[http://libmeta.ru/me/formula/aux/1030_20_REGU]]/URI$. Пусть $URI[[http://libmeta.ru/me/formula/aux/1030_21_REGU]]/URI$ и для любого $URI[[http://libmeta.ru/me/formula/aux/1030_22_REGU]]/URI$ имеет место обозначение $URI[[http://libmeta.ru/me/formula/aux/1030_23_REGU]]/URI$ и . . о $URI[[http://libmeta.ru/me/formula/aux/1030_24_REGU]]/URI$ ( $URI[[http://libmeta.ru/me/formula/aux/1030_25_REGU]]/URI$ раз). Тогда $URI[[http://libmeta.ru/me/formula/aux/1030_26_REGU]]/URI$ совпадает с $URI[[http://libmeta.ru/me/formula/aux/1030_27_REGU]]/URI$, т. ө. если $URI[[http://libmeta.ru/me/formula/aux/1030_28_REGU]]/URI$, то существует $URI[[http://libmeta.ru/me/formula/aux/1030_29_REGU]]/URI$ такое, что $URI[[http://libmeta.ru/me/formula/aux/1030_30_REGU]]/URI$ представимо в виде $URI[[http://libmeta.ru/me/formula/aux/1030_31_REGU]]/URI$, где $URI[[http://libmeta.ru/me/formula/aux/1030_32_REGU]]/URI$ для любого $URI[[http://libmeta.ru/me/formula/aux/1030_33_REGU]]/URI$ $URI[[http://libmeta.ru/me/formula/aux/1030_34_REGU]]/URI$. Таким образом, множество слов конечного алфавита является ре гуля яны м с обы тием тогда и только тогда, когда оно может быть получено из однобуквенных множеств с помощью применения конечного числа операций объединения, конкатенации и итерации. Р. с. могут быть заданы и с помощью других операций, сохраняющих регулярность (напр., пересечение, дополнение и т. п.), а также путем задания множества слов, выводимых в формальных системах типа систем полу-Туэ (см. URI[[http://libmeta.ru/me/relation/1030_1_REGU]]/URI), грамматик и т. д.

Понятие «р. с.» возникло при исследовании поведения автолата конечного, рассматриваемого в качестве акцептора. Одной из основных для конечных автоматов является теорема: событие представимо в конечном автомате тогда и только тогда, когда оно регулярно. В связи с әтим в теории автоматов рассматривают две задачи: 3 а д а ч у а н а л и з а - по данному автомату, представляющему нек-рое событие, построить регулярное выражение, задающее әто событие; и 3 а д ач у с и н т е з а - имея нек-рое регулярное выражение, построить автомат, представляющий соответствующее событие.

URI[[http://libmeta.ru/me/relation/1030_20_REGU]]/URI всех URI[[http://libmeta.ru/me/relation/1030_19_REGU]]/URI слов в конечном алфавите $URI[[http://libmeta.ru/me/formula/aux/1030_35_REGU]]/URI$ (событий) вместе с введенными на этом URI[[http://libmeta.ru/me/relation/1030_18_REGU]]/URI операциями образуют нек-рую а л г е б р у с об ы т и й; важнейшими среди таких URI[[http://libmeta.ru/me/relation/1030_17_REGU]]/URI являются URI[[http://libmeta.ru/me/relation/1030_16_REGU]]/URI Р. с. с операциями, позволяющими все Р. с. URI[[http://libmeta.ru/me/relation/1030_15_REGU]]/URI из однобуквенных URI[[http://libmeta.ru/me/relation/1030_14_REGU]]/URI. Наибольший URI[[http://libmeta.ru/me/relation/1030_13_REGU]]/URI URI[[http://libmeta.ru/me/relation/1030_12_REGU]]/URI вопрос о конечно-аксиоматизируемости URI[[http://libmeta.ru/me/relation/1030_11_REGU]]/URI Р. с., то есть вопрос о существовании в таких URI[[http://libmeta.ru/me/relation/1030_10_REGU]]/URI конечных URI[[http://libmeta.ru/me/relation/1030_9_REGU]]/URI URI[[http://libmeta.ru/me/relation/1030_8_REGU]]/URI тождеств. В самой общей постановке ответ на этот вопрос отрицателен, хотя существуют важные подалгебры URI[[http://libmeta.ru/me/relation/1030_7_REGU]]/URI Р. с., в к-рых конечная URI[[http://libmeta.ru/me/relation/1030_6_REGU]]/URI URI[[http://libmeta.ru/me/relation/1030_5_REGU]]/URI тождеств существует.

См. также Автомат, URI[[http://libmeta.ru/me/relation/1030_4_REGU]]/URI способы URI[[http://libmeta.ru/me/relation/1030_3_REGU]]/URI, URI[[http://libmeta.ru/me/relation/1030_2_REGU]]/URI.</text>
  <text_orig>множество слов конечного алфавита, к-рое на алгебраич. языке может быть задано с использованием выражений специального віда-рег у ля рных вы ра жени й. Пусть $A-$ конечный алфовит и $\mathrm{U}, \circ, *-$ символы операций, наз. объе динением, конкатен ацие й и и т е р а ц и е й соответственно. Р е г ул я р п ы в ы р а ж е и я в алфавите $A$ задаются индуктивно: 1) каждая буква из алфавита $A$ есть регулярное выражение, 2) если $R_{1}, R_{2}$ и $R$ - регулярные выражения, то $\left(R_{1} \cup R_{2}\right),\left(R_{1} \circ R_{2}\right)$ и $R^{*}$ суть также регулярные выражения. Язык регулярных выражений интерпретируется следующим образом.

Пусть $A *$ - множество всех слов в алфавите $A$, $\mathfrak{H}_{1} \subseteq A^{*}, \mathfrak{H}_{2} \subseteq A^{*}$. Символ любой буквы из $A$ понимается как множество, состоящее из одной буквы, а $\mathfrak{A}_{1} \cup \mathfrak{A}_{2}$ - как обычное теоретико-множественное объединение. Множество $\mathfrak{H}_{1} \circ \mathfrak{H}_{2}$ состоит из всех слов, к-рые представимы в виде $\alpha_{1} \alpha_{2}$, где $\alpha_{1} \in \mathfrak{A}_{1}, \alpha_{2} \in \mathfrak{A}_{2}$, причем если $\mathfrak{H}_{1}$ и $\mathfrak{H}_{2}$ содержат пустое слово $\Lambda$, то $\Lambda \alpha_{2}=\alpha_{2}, \alpha_{1} \Lambda=\alpha_{1}, \Lambda \Lambda=\Lambda$. Пусть $\mathfrak{A} \subseteq A^{*}$ и для любого $n \geqslant 2$ имеет место обозначение $\mathfrak{A} n=\mathfrak{P}$ и . . о $\mathfrak{A}$ ( $n$ раз). Тогда $\mathfrak{Y} *$ совпадает с $\mathfrak{A} \bigcup \mathfrak{A}^{2} \bigcup \mathfrak{P}^{3} \bigcup \ldots$, т. ө. если $\alpha \in \mathfrak{A} *$, то существует $m \geqslant 1$ такое, что $\alpha$ представимо в виде $\alpha_{1} \alpha_{2} \ldots \alpha_{m}$, где $\alpha_{i} \in \mathfrak{H}$ для любого $i=$ $=1, \ldots ., m$. Таким образом, множество слов конечного алфавита является ре гуля яны м с обы тием тогда и только тогда, когда оно может быть получено из однобуквенных множеств с помощью применения конечного числа операций объединения, конкатенации и итерации. Р. с. могут быть заданы и с помощью других операций, сохраняющих регулярность (напр., пересечение, дополнение и т. п.), а также путем задания множества слов, выводимых в формальных системах типа систем полу-Туэ (см. Туэ система), грамматик и т. д.

Понятие «Р. с.» возникло при исследовании поведения автолата конечного, рассматриваемого в качестве акцептора. Одной из основных для конечных автоматов является теорема: событие представимо в конечном автомате тогда и только тогда, когда оно регулярно. В связи с әтим в теории автоматов рассматривают две задачи: 3 а д а ч у а н а л и з а - по данному автомату, представляющему нек-рое событие, построить регулярное выражение, задающее әто событие; и 3 а д ач у с и н т е з а - имея нек-рое регулярное выражение, построить автомат, представляющий соответствующее событие.

Множество всех подмножеств слов в конечном алфавите $A$ (событий) вместе с введенными на этом множестве операциями образуют нек-рую а л г е б р у с об ы т и й; важнейшими среди таких алгебр являются алгебры Р. с. с операциями, позволяющими все Р. с. получить из однобуквенных множеств. Наибольший интерес представляет вопрос о конечно-аксиоматизируемости алгебр Р. с., то есть вопрос о существовании в таких алгебрах конечных полных систем тождеств. В самой общей постановке ответ на этот вопрос отрицателен, хотя существуют важные подалгебры алгебр Р. с., в к-рых конечная полная система тождеств существует.

См. также Автомат, Автоматов способы задания, Синтеза задачи.

Лum.: [1] К у Д р я вц е в В. Б., А л е ши н С. В., П одК о л 3 и н А. С., „Плементы теории автоматов, М., 1978; [2] 246 ; [3] Я н о в Ю. И., там же, 1964, в. 12, с. $253-58 ; 1966$, в. 17, c. $255-58 ;$ [4] У шч у м л и ч Ші., &quot;Докл. АН СССР&quot;, 1979, т. 247, № 3, с. 561-65. АР А. Буевич.</text_orig>
</article>
