<?xml version="1.0" ?>
<article uri="http://libmeta.ru/me/article/1030_ІІEPLI" alphabetic_pos="1030">
  <title>ІІЕПЛИ ВЕКТОР</title>
  <authors>
    <author>A. И. Соболев</author>
  </authors>
  <pages>
    <start>447</start>
    <end>447</end>
  </pages>
  <literature>
    <literature_orig>Jum.: [1] S h a p l e y L., в кh.: Contributions to the Theory of Games, v. 2, Princeton (n.' J.), 1953, p. 307-17.</literature_orig>
    <unit>
      <author>Shapley L.</author>
      <title>в кh.: Contributions to the Theory of Games, v. 2, Princeton (n.' J.)</title>
      <publication/>
      <year>1953</year>
      <other>p. 307-17.</other>
    </unit>
  </literature>
  <formulas_main>
    <formula uri="http://libmeta.ru/me/formula/main/1030_1_ІІEPLI">\varphi_{i}(v)=\sum_{S \ni i} \frac{(|S|-1) !(n-|S|) !}{n !}[v(S)-v(S-\{i\})] .</formula>
  </formulas_main>
  <formulas_aux>
    <formula uri="http://libmeta.ru/me/formula/aux/1030_1_ІІEPLI">\varphi(v)=\left(\varphi_{1}(v), \ldots\right.</formula>
    <formula uri="http://libmeta.ru/me/formula/aux/1030_2_ІІEPLI">\left.\ldots, \varphi_{n}(v)\right)</formula>
    <formula uri="http://libmeta.ru/me/formula/aux/1030_3_ІІEPLI">n</formula>
    <formula uri="http://libmeta.ru/me/formula/aux/1030_4_ІІEPLI">t</formula>
    <formula uri="http://libmeta.ru/me/formula/aux/1030_5_ІІEPLI">s</formula>
    <formula uri="http://libmeta.ru/me/formula/aux/1030_6_ІІEPLI">v(s)=v(s \cap T)</formula>
    <formula uri="http://libmeta.ru/me/formula/aux/1030_7_ІІEPLI">\sum_{i \in T} \varphi_{i}(v)=v(T)</formula>
    <formula uri="http://libmeta.ru/me/formula/aux/1030_8_ІІEPLI">\pi</formula>
    <formula uri="http://libmeta.ru/me/formula/aux/1030_9_ІІEPLI">j=</formula>
    <formula uri="http://libmeta.ru/me/formula/aux/1030_10_ІІEPLI">=\{1, \ldots, n\}</formula>
    <formula uri="http://libmeta.ru/me/formula/aux/1030_11_ІІEPLI">s</formula>
    <formula uri="http://libmeta.ru/me/formula/aux/1030_12_ІІEPLI">v^{\prime}(\pi S)=v(S)</formula>
    <formula uri="http://libmeta.ru/me/formula/aux/1030_13_ІІEPLI">\left.\varphi_{\pi i}\left(v^{\prime}\right)=\varphi_{i}(v) ; 3\right) \quad</formula>
    <formula uri="http://libmeta.ru/me/formula/aux/1030_14_ІІEPLI">\varphi_{i}(v+u)=\varphi_{i}(v)+\varphi_{i}(u)</formula>
  </formulas_aux>
  <relations n="11">
    <relation uri="http://libmeta.ru/me/relation/1030_1_ІІEPLI">
      <rel_text>векторфункция</rel_text>
      <target>http://libmeta.ru/me/article/662_VEKTOR-FUNKTsI</target>
    </relation>
    <relation uri="http://libmeta.ru/me/relation/1030_2_ІІEPLI">
      <rel_text>аксиомам</rel_text>
      <target>http://libmeta.ru/me/article/87_AKSIoM</target>
    </relation>
    <relation uri="http://libmeta.ru/me/relation/1030_3_ІІEPLI">
      <rel_text>аксиомы</rel_text>
      <target>http://libmeta.ru/me/article/87_AKSIoM</target>
    </relation>
    <relation uri="http://libmeta.ru/me/relation/1030_4_ІІEPLI">
      <rel_text>коалиции</rel_text>
      <target>http://libmeta.ru/me/article/920_KOALGEBR</target>
    </relation>
    <relation uri="http://libmeta.ru/me/relation/1030_5_ІІEPLI">
      <rel_text>множества</rel_text>
      <target>http://libmeta.ru/me/article/733_MNOZhESTV</target>
    </relation>
    <relation uri="http://libmeta.ru/me/relation/1030_6_ІІEPLI">
      <rel_text>коалиции</rel_text>
      <target>http://libmeta.ru/me/article/920_KOALGEBR</target>
    </relation>
    <relation uri="http://libmeta.ru/me/relation/1030_7_ІІEPLI">
      <rel_text>коалиция</rel_text>
      <target>http://libmeta.ru/me/article/920_KOALGEBR</target>
    </relation>
    <relation uri="http://libmeta.ru/me/relation/1030_8_ІІEPLI">
      <rel_text>аксиомам</rel_text>
      <target>http://libmeta.ru/me/article/87_AKSIoM</target>
    </relation>
    <relation uri="http://libmeta.ru/me/relation/1030_9_ІІEPLI">
      <rel_text>характеристич</rel_text>
      <target>http://libmeta.ru/me/article/839_HARAKTERISTIK</target>
    </relation>
    <relation uri="http://libmeta.ru/me/relation/1030_10_ІІEPLI">
      <rel_text>множестве</rel_text>
      <target>http://libmeta.ru/me/article/733_MNOZhESTV</target>
    </relation>
    <relation uri="http://libmeta.ru/me/relation/1030_11_ІІEPLI">
      <rel_text>вектор-функция</rel_text>
      <target>http://libmeta.ru/me/article/662_VEKTOR-FUNKTsI</target>
    </relation>
  </relations>
  <text>URI[[http://libmeta.ru/me/relation/1030_11_ІІEPLI]]/URI $URI[[http://libmeta.ru/me/formula/aux/1030_1_ІІEPLI]]/URI$ $URI[[http://libmeta.ru/me/formula/aux/1030_2_ІІEPLI]]/URI$, заданная на URI[[http://libmeta.ru/me/relation/1030_10_ІІEPLI]]/URI URI[[http://libmeta.ru/me/relation/1030_9_ІІEPLI]]/URI. фуніций игр $URI[[http://libmeta.ru/me/formula/aux/1030_3_ІІEPLI]]/URI$ лиц и удовлетворяющая следующим URI[[http://libmeta.ru/me/relation/1030_8_ІІEPLI]]/URI: 1) (əфф е к т и в в о с т ь) если URI[[http://libmeta.ru/me/relation/1030_7_ІІEPLI]]/URI $URI[[http://libmeta.ru/me/formula/aux/1030_4_ІІEPLI]]/URI$ такова, что для любой URI[[http://libmeta.ru/me/relation/1030_6_ІІEPLI]]/URI $URI[[http://libmeta.ru/me/formula/aux/1030_5_ІІEPLI]]/URI$ выполняется равенство $URI[[http://libmeta.ru/me/formula/aux/1030_6_ІІEPLI]]/URI$ ), то $URI[[http://libmeta.ru/me/formula/aux/1030_7_ІІEPLI]]/URI$; 2) (с и м ме тричность) если $URI[[http://libmeta.ru/me/formula/aux/1030_8_ІІEPLI]]/URI$-перестанонка URI[[http://libmeta.ru/me/relation/1030_5_ІІEPLI]]/URI $URI[[http://libmeta.ru/me/formula/aux/1030_9_ІІEPLI]]/URI$ $URI[[http://libmeta.ru/me/formula/aux/1030_10_ІІEPLI]]/URI$ и для любой URI[[http://libmeta.ru/me/relation/1030_4_ІІEPLI]]/URI $URI[[http://libmeta.ru/me/formula/aux/1030_11_ІІEPLI]]/URI$ имеет место $URI[[http://libmeta.ru/me/formula/aux/1030_12_ІІEPLI]]/URI$, то $URI[[http://libmeta.ru/me/formula/aux/1030_13_ІІEPLI]]/URI$ (л и н е й н о с т ь) $URI[[http://libmeta.ru/me/formula/aux/1030_14_ІІEPLI]]/URI$. Эти URI[[http://libmeta.ru/me/relation/1030_3_ІІEPLI]]/URI были введены л. Шепли [1] для аксиоматич. оиределения ожидаемого выигрыша пгрока в кооперативной игре. Было показано, что URI[[http://libmeta.ru/me/relation/1030_2_ІІEPLI]]/URI 1) -3) удовлетворяет единственная URI[[http://libmeta.ru/me/relation/1030_1_ІІEPLI]]/URI

\[
URI[[http://libmeta.ru/me/formula/main/1030_1_ІІEPLI]]/URI
\]</text>
  <text_orig>вектор-функция $\varphi(v)=\left(\varphi_{1}(v), \ldots\right.$ $\left.\ldots, \varphi_{n}(v)\right)$, заданная на множестве характеристич. фуніций игр $n$ лиц и удовлетворяющая следующим аксиомам: 1) (əфф е к т и в в о с т ь) если коалиция $T$ такова, что для любой коалиции $S$ выполняется равенство $v(S)=v(S \cap T)$ ), то $\sum_{i \in T} \varphi_{i}(v)=v(T)$; 2) (с и м ме тричность) если $\pi$-перестанонка множества $J=$ $=\{1, \ldots, n\}$ и для любой коалиции $S$ имеет место $v^{\prime}(\pi S)=v(S)$, то $\left.\varphi_{\pi i}\left(v^{\prime}\right)=\varphi_{i}(v) ; 3\right) \quad$ (л и н е й н о с т ь) $\varphi_{i}(v+u)=\varphi_{i}(v)+\varphi_{i}(u)$. Эти аксиомы были введены л. Шепли [1] для аксиоматич. оиределения ожидаемого выигрыша пгрока в кооперативной игре. Было показано, что аксиомам 1) -3) удовлетворяет единственная векторфункция

\[
\varphi_{i}(v)=\sum_{S \ni i} \frac{(|S|-1) !(n-|S|) !}{n !}[v(S)-v(S-\{i\})] .
\]

Jum.: [1] S h a p l e y L., в кH.: Contributions to the Theory of Games, v. 2, Princeton (N.' J.), 1953, p. 307-17. A. И. Соболев.</text_orig>
</article>
