<?xml version="1.0" ?>
<article uri="http://libmeta.ru/me/article/1031_KONDUKTO" alphabetic_pos="1031">
  <title>КОНДУКТОР</title>
  <authors/>
  <pages>
    <start>509</start>
    <end>509</end>
  </pages>
  <literature>
    <literature_orig>Лит.: [1] Алгебраическая теория чисел, пер. с англ., М., 1969; [2] A r t i n E., T a t e J., Class field theory, N. Y.- Amst., 1967; [3] С е p p Ж.-П., Абелевы l-адические представления и әллиптические кривые, пер. с англ., М., 1973.</literature_orig>
    <unit>
      <title>Алгебраическая теория чисел</title>
      <publication>пер. с англ., М.</publication>
      <year>1969</year>
      <other/>
    </unit>
    <unit>
      <author>Artin E.</author>
      <author>Tate J.</author>
      <title>Class field theory, N. Y.- Amst.</title>
      <publication/>
      <year>1967</year>
      <other/>
    </unit>
    <unit>
      <author>Сеpp Ж.- П.</author>
      <title>Абелевы l-адические представления и әллиптические кривые</title>
      <publication>пер. с англ., М.</publication>
      <year>1973</year>
      <other/>
    </unit>
  </literature>
  <formulas_main>
    <formula uri="http://libmeta.ru/me/formula/main/1031_1_KONDUKTO">f(\chi)=\sum_{i=0}^{\infty} \frac{n_{i}}{n_{0}}\left(\chi(1)-\chi\left(G_{i}\right)\right)</formula>
    <formula uri="http://libmeta.ru/me/formula/main/1031_2_KONDUKTO">\begin{gathered}G_{i}=\left\{g \in G \mid v_{L}(g(\Pi)-\Pi) \geqslant i+1\right\}, \\n_{i}=\left|G_{i}\right|, \quad \chi\left(G_{i}\right)=\frac{\sum_{g \in G_{i}} \chi(g)}{n_{i}},\end{gathered}</formula>
  </formulas_main>
  <formulas_aux>
    <formula uri="http://libmeta.ru/me/formula/aux/1031_1_KONDUKTO">k</formula>
    <formula uri="http://libmeta.ru/me/formula/aux/1031_2_KONDUKTO">k</formula>
    <formula uri="http://libmeta.ru/me/formula/aux/1031_3_KONDUKTO">p \geqslant 0, L / K-</formula>
    <formula uri="http://libmeta.ru/me/formula/aux/1031_4_KONDUKTO">n</formula>
    <formula uri="http://libmeta.ru/me/formula/aux/1031_5_KONDUKTO">g</formula>
    <formula uri="http://libmeta.ru/me/formula/aux/1031_6_KONDUKTO">\chi-</formula>
    <formula uri="http://libmeta.ru/me/formula/aux/1031_7_KONDUKTO">g</formula>
    <formula uri="http://libmeta.ru/me/formula/aux/1031_8_KONDUKTO">f(\chi)</formula>
    <formula uri="http://libmeta.ru/me/formula/aux/1031_9_KONDUKTO">l</formula>
    <formula uri="http://libmeta.ru/me/formula/aux/1031_10_KONDUKTO">v_{l}-</formula>
    <formula uri="http://libmeta.ru/me/formula/aux/1031_11_KONDUKTO">(n, p)=1</formula>
    <formula uri="http://libmeta.ru/me/formula/aux/1031_12_KONDUKTO">g_{0}=g, G_{i}=\{1\}</formula>
    <formula uri="http://libmeta.ru/me/formula/aux/1031_13_KONDUKTO">i&gt;0</formula>
    <formula uri="http://libmeta.ru/me/formula/aux/1031_14_KONDUKTO">f(\chi)=\chi(1)-\chi\left(G_{i}\right)</formula>
    <formula uri="http://libmeta.ru/me/formula/aux/1031_15_KONDUKTO">\chi-</formula>
    <formula uri="http://libmeta.ru/me/formula/aux/1031_16_KONDUKTO">m</formula>
    <formula uri="http://libmeta.ru/me/formula/aux/1031_17_KONDUKTO">\chi\left(g_{i}\right)=</formula>
    <formula uri="http://libmeta.ru/me/formula/aux/1031_18_KONDUKTO">=\operatorname{dim} M^{G_{i}}</formula>
    <formula uri="http://libmeta.ru/me/formula/aux/1031_19_KONDUKTO">f(\chi)</formula>
    <formula uri="http://libmeta.ru/me/formula/aux/1031_20_KONDUKTO">n=1</formula>
  </formulas_aux>
  <relations n="20">
    <relation uri="http://libmeta.ru/me/relation/1031_1_KONDUKTO">
      <rel_text>рационального представления</rel_text>
      <target>http://libmeta.ru/me/article/1002_RATsIONAL'NOE</target>
    </relation>
    <relation uri="http://libmeta.ru/me/relation/1031_2_KONDUKTO">
      <rel_text>характер</rel_text>
      <target>http://libmeta.ru/me/article/830_HARAKTE</target>
    </relation>
    <relation uri="http://libmeta.ru/me/relation/1031_3_KONDUKTO">
      <rel_text>нормирование</rel_text>
      <target>http://libmeta.ru/me/article/1034_NORMALIZATO</target>
    </relation>
    <relation uri="http://libmeta.ru/me/relation/1031_4_KONDUKTO">
      <rel_text>простой элемент</rel_text>
      <target>http://libmeta.ru/me/article/746_PROSTOJ</target>
    </relation>
    <relation uri="http://libmeta.ru/me/relation/1031_5_KONDUKTO">
      <rel_text>формулой</rel_text>
      <target>http://libmeta.ru/me/article/731_FORMALIZ</target>
    </relation>
    <relation uri="http://libmeta.ru/me/relation/1031_6_KONDUKTO">
      <rel_text>группы</rel_text>
      <target>http://libmeta.ru/me/article/1207_GRUPІІ</target>
    </relation>
    <relation uri="http://libmeta.ru/me/relation/1031_7_KONDUKTO">
      <rel_text>представления</rel_text>
      <target>http://libmeta.ru/me/article/3_PREDSTAVLENI</target>
    </relation>
    <relation uri="http://libmeta.ru/me/relation/1031_8_KONDUKTO">
      <rel_text>комплексного</rel_text>
      <target>http://libmeta.ru/me/article/1005_KOMPAKTNOST</target>
    </relation>
    <relation uri="http://libmeta.ru/me/relation/1031_9_KONDUKTO">
      <rel_text>характер</rel_text>
      <target>http://libmeta.ru/me/article/830_HARAKTE</target>
    </relation>
    <relation uri="http://libmeta.ru/me/relation/1031_10_KONDUKTO">
      <rel_text>группой</rel_text>
      <target>http://libmeta.ru/me/article/1207_GRUPІІ</target>
    </relation>
    <relation uri="http://libmeta.ru/me/relation/1031_11_KONDUKTO">
      <rel_text>степени</rel_text>
      <target>http://libmeta.ru/me/article/213_STEPEN</target>
    </relation>
    <relation uri="http://libmeta.ru/me/relation/1031_12_KONDUKTO">
      <rel_text>характеристики</rel_text>
      <target>http://libmeta.ru/me/article/839_HARAKTERISTIK</target>
    </relation>
    <relation uri="http://libmeta.ru/me/relation/1031_13_KONDUKTO">
      <rel_text>нормирования</rel_text>
      <target>http://libmeta.ru/me/article/1034_NORMALIZATO</target>
    </relation>
    <relation uri="http://libmeta.ru/me/relation/1031_14_KONDUKTO">
      <rel_text>дискретного</rel_text>
      <target>http://libmeta.ru/me/article/215_DISKREPAN</target>
    </relation>
    <relation uri="http://libmeta.ru/me/relation/1031_15_KONDUKTO">
      <rel_text>поле</rel_text>
      <target>http://libmeta.ru/me/article/390_POL</target>
    </relation>
    <relation uri="http://libmeta.ru/me/relation/1031_16_KONDUKTO">
      <rel_text>полное</rel_text>
      <target>http://libmeta.ru/me/article/501_POLI0</target>
    </relation>
    <relation uri="http://libmeta.ru/me/relation/1031_17_KONDUKTO">
      <rel_text>группы</rel_text>
      <target>http://libmeta.ru/me/article/1207_GRUPІІ</target>
    </relation>
    <relation uri="http://libmeta.ru/me/relation/1031_18_KONDUKTO">
      <rel_text>представления</rel_text>
      <target>http://libmeta.ru/me/article/3_PREDSTAVLENI</target>
    </relation>
    <relation uri="http://libmeta.ru/me/relation/1031_19_KONDUKTO">
      <rel_text>характеру</rel_text>
      <target>http://libmeta.ru/me/article/830_HARAKTE</target>
    </relation>
    <relation uri="http://libmeta.ru/me/relation/1031_20_KONDUKTO">
      <rel_text>целое число</rel_text>
      <target>http://libmeta.ru/me/article/906_TsELOE</target>
    </relation>
  </relations>
  <text>х а р а к т е р а - URI[[http://libmeta.ru/me/relation/1031_20_KONDUKTO]]/URI, сопоставляемое URI[[http://libmeta.ru/me/relation/1031_19_KONDUKTO]]/URI нек-рого URI[[http://libmeta.ru/me/relation/1031_18_KONDUKTO]]/URI URI[[http://libmeta.ru/me/relation/1031_17_KONDUKTO]]/URI Галуа конечного распирения локальных полей. Пусть $URI[[http://libmeta.ru/me/formula/aux/1031_1_KONDUKTO]]/URI$ - URI[[http://libmeta.ru/me/relation/1031_16_KONDUKTO]]/URI URI[[http://libmeta.ru/me/relation/1031_15_KONDUKTO]]/URI URI[[http://libmeta.ru/me/relation/1031_14_KONDUKTO]]/URI URI[[http://libmeta.ru/me/relation/1031_13_KONDUKTO]]/URI с полем вычетов $URI[[http://libmeta.ru/me/formula/aux/1031_2_KONDUKTO]]/URI$ URI[[http://libmeta.ru/me/relation/1031_12_KONDUKTO]]/URI $URI[[http://libmeta.ru/me/formula/aux/1031_3_KONDUKTO]]/URI$ его расширение Галуа URI[[http://libmeta.ru/me/relation/1031_11_KONDUKTO]]/URI $URI[[http://libmeta.ru/me/formula/aux/1031_4_KONDUKTO]]/URI$ с URI[[http://libmeta.ru/me/relation/1031_10_KONDUKTO]]/URI Галуа $URI[[http://libmeta.ru/me/formula/aux/1031_5_KONDUKTO]]/URI$. Если $URI[[http://libmeta.ru/me/formula/aux/1031_6_KONDUKTO]]/URI$ URI[[http://libmeta.ru/me/relation/1031_9_KONDUKTO]]/URI некоторого конечномерного URI[[http://libmeta.ru/me/relation/1031_8_KONDUKTO]]/URI URI[[http://libmeta.ru/me/relation/1031_7_KONDUKTO]]/URI URI[[http://libmeta.ru/me/relation/1031_6_KONDUKTO]]/URI $URI[[http://libmeta.ru/me/formula/aux/1031_7_KONDUKTO]]/URI$, то его К. $URI[[http://libmeta.ru/me/formula/aux/1031_8_KONDUKTO]]/URI$ определяется URI[[http://libmeta.ru/me/relation/1031_5_KONDUKTO]]/URI:

\[
URI[[http://libmeta.ru/me/formula/main/1031_1_KONDUKTO]]/URI
\]

где

\[
URI[[http://libmeta.ru/me/formula/main/1031_2_KONDUKTO]]/URI
\]

причем П обозначает URI[[http://libmeta.ru/me/relation/1031_4_KONDUKTO]]/URI поля $URI[[http://libmeta.ru/me/formula/aux/1031_9_KONDUKTO]]/URI$, a $URI[[http://libmeta.ru/me/formula/aux/1031_10_KONDUKTO]]/URI$ соответствующее URI[[http://libmeta.ru/me/relation/1031_3_KONDUKTO]]/URI. Для $URI[[http://libmeta.ru/me/formula/aux/1031_11_KONDUKTO]]/URI$ будет $URI[[http://libmeta.ru/me/formula/aux/1031_12_KONDUKTO]]/URI$ для $URI[[http://libmeta.ru/me/formula/aux/1031_13_KONDUKTO]]/URI$ и $URI[[http://libmeta.ru/me/formula/aux/1031_14_KONDUKTO]]/URI$. Если $URI[[http://libmeta.ru/me/formula/aux/1031_15_KONDUKTO]]/URI$ URI[[http://libmeta.ru/me/relation/1031_2_KONDUKTO]]/URI URI[[http://libmeta.ru/me/relation/1031_1_KONDUKTO]]/URI $URI[[http://libmeta.ru/me/formula/aux/1031_16_KONDUKTO]]/URI$, то $URI[[http://libmeta.ru/me/formula/aux/1031_17_KONDUKTO]]/URI$ $URI[[http://libmeta.ru/me/formula/aux/1031_18_KONDUKTO]]/URI$. К. $URI[[http://libmeta.ru/me/formula/aux/1031_19_KONDUKTO]]/URI$ является целым положительным числом, равным 0 только, если $URI[[http://libmeta.ru/me/formula/aux/1031_20_KONDUKTO]]/URI$.</text>
  <text_orig>х а р а к т е р а - целое число, сопоставляемое характеру нек-рого представления группы Галуа конечного распирения локальных полей. Пусть $K$ - полное поле дискретного нормирования с полем вычетов $k$ характеристики $p \geqslant 0, L / K-$ его расширение Галуа степени $n$ с группой Галуа $G$. Если $\chi-$ характер некоторого конечномерного комплексного представления группы $G$, то его К. $f(\chi)$ определяется формулой:

\[
f(\chi)=\sum_{i=0}^{\infty} \frac{n_{i}}{n_{0}}\left(\chi(1)-\chi\left(G_{i}\right)\right)
\]

где

\[
\begin{gathered}
G_{i}=\left\{g \in G \mid v_{L}(g(\Pi)-\Pi) \geqslant i+1\right\}, \\
n_{i}=\left|G_{i}\right|, \quad \chi\left(G_{i}\right)=\frac{\sum_{g \in G_{i}} \chi(g)}{n_{i}},
\end{gathered}
\]

причем П обозначает простой элемент поля $L$, a $v_{L}-$ соответствующее нормирование. Для $(n, p)=1$ будет $G_{0}=G, G_{i}=\{1\}$ для $i&gt;0$ и $f(\chi)=\chi(1)-\chi\left(G_{i}\right)$. Если $\chi-$ характер рационального представления $M$, то $\chi\left(G_{i}\right)=$ $=\operatorname{dim} M^{G_{i}}$. К. $f(\chi)$ является целым положительным числом, равным 0 только, если $n=1$.

Лит.: [1] Алгебраическая теория чисел, пер. с англ., М., 1969; [2] A r t i n E., T a t e J., Class field theory, N. Y.- Amst., 1967; [3] С е p p Ж.-П., Абелевы l-адические представления и әллиптические кривые, пер. с англ., М., 1973.</text_orig>
</article>
