<?xml version="1.0" ?>
<article uri="http://libmeta.ru/me/article/1031_NIL'" alphabetic_pos="1031">
  <title>НИЛЬ ПОТЕНТНЫЙ ИДЕАЛ</title>
  <authors/>
  <pages>
    <start>523</start>
    <end>523</end>
  </pages>
  <literature>
    <literature_orig>Лum.: [1] Л ен г г С., Алгебра, пер. с англ., М., 1968; [2] $\mathbf{x}$ е р с т е й н и., Некоммутативные кольца, пер. с англ.,М., $1972 ;$ [3] ш а ф а р в и ч И. Р., Основы алгебраической геометрии, М., 1972.</literature_orig>
    <unit>
      <author>Ленгг С.</author>
      <title>Алгебра</title>
      <publication>пер. с англ., М.</publication>
      <year>1968</year>
      <other/>
    </unit>
    <unit>
      <title>$\mathbf{x}$ е р с т е й н и., Некоммутативные кольца</title>
      <publication>пер. с англ., М.</publication>
      <year>1972</year>
      <other/>
    </unit>
    <unit>
      <author>шафарвич И. Р.</author>
      <title>Основы алгебраической геометрии</title>
      <publication>М.</publication>
      <year>1972</year>
      <other/>
    </unit>
  </literature>
  <formulas_main>
    <formula uri="http://libmeta.ru/me/formula/main/1031_1_NIL'">1=(1-a)\left(1+a+a^{2}+\ldots+a^{n-1}\right) \text {, }</formula>
  </formulas_main>
  <formulas_aux>
    <formula uri="http://libmeta.ru/me/formula/aux/1031_1_NIL'">m</formula>
    <formula uri="http://libmeta.ru/me/formula/aux/1031_2_NIL'">a</formula>
    <formula uri="http://libmeta.ru/me/formula/aux/1031_3_NIL'">n</formula>
    <formula uri="http://libmeta.ru/me/formula/aux/1031_4_NIL'">m^{n}=\{0\}</formula>
    <formula uri="http://libmeta.ru/me/formula/aux/1031_5_NIL'">n</formula>
    <formula uri="http://libmeta.ru/me/formula/aux/1031_6_NIL'">m</formula>
    <formula uri="http://libmeta.ru/me/formula/aux/1031_7_NIL'">z / p^{n} Z</formula>
    <formula uri="http://libmeta.ru/me/formula/aux/1031_8_NIL'">p^{n}</formula>
    <formula uri="http://libmeta.ru/me/formula/aux/1031_9_NIL'">p</formula>
    <formula uri="http://libmeta.ru/me/formula/aux/1031_10_NIL'">f_{p}[g]</formula>
    <formula uri="http://libmeta.ru/me/formula/aux/1031_11_NIL'">p</formula>
    <formula uri="http://libmeta.ru/me/formula/aux/1031_12_NIL'">g</formula>
    <formula uri="http://libmeta.ru/me/formula/aux/1031_13_NIL'">p</formula>
    <formula uri="http://libmeta.ru/me/formula/aux/1031_14_NIL'">\sigma-1</formula>
    <formula uri="http://libmeta.ru/me/formula/aux/1031_15_NIL'">\sigma \in G</formula>
    <formula uri="http://libmeta.ru/me/formula/aux/1031_16_NIL'">z / p^{n} Z</formula>
    <formula uri="http://libmeta.ru/me/formula/aux/1031_17_NIL'">n</formula>
    <formula uri="http://libmeta.ru/me/formula/aux/1031_18_NIL'">a</formula>
    <formula uri="http://libmeta.ru/me/formula/aux/1031_19_NIL'">g</formula>
    <formula uri="http://libmeta.ru/me/formula/aux/1031_20_NIL'">x \in G</formula>
    <formula uri="http://libmeta.ru/me/formula/aux/1031_21_NIL'">y \rightarrow[x, y]</formula>
    <formula uri="http://libmeta.ru/me/formula/aux/1031_22_NIL'">y \in G</formula>
    <formula uri="http://libmeta.ru/me/formula/aux/1031_23_NIL'">a</formula>
    <formula uri="http://libmeta.ru/me/formula/aux/1031_24_NIL'">a</formula>
    <formula uri="http://libmeta.ru/me/formula/aux/1031_25_NIL'">a^{n}=0</formula>
    <formula uri="http://libmeta.ru/me/formula/aux/1031_26_NIL'">n</formula>
    <formula uri="http://libmeta.ru/me/formula/aux/1031_27_NIL'">n</formula>
    <formula uri="http://libmeta.ru/me/formula/aux/1031_28_NIL'">p^{n}</formula>
    <formula uri="http://libmeta.ru/me/formula/aux/1031_29_NIL'">p</formula>
    <formula uri="http://libmeta.ru/me/formula/aux/1031_30_NIL'">p</formula>
    <formula uri="http://libmeta.ru/me/formula/aux/1031_31_NIL'">n</formula>
    <formula uri="http://libmeta.ru/me/formula/aux/1031_32_NIL'">\left\|\begin{array}{ll}0 &amp; 1 \\ 0 &amp; 0\end{array}\right\|</formula>
    <formula uri="http://libmeta.ru/me/formula/aux/1031_33_NIL'">(2 \times 2)</formula>
    <formula uri="http://libmeta.ru/me/formula/aux/1031_34_NIL'">k</formula>
    <formula uri="http://libmeta.ru/me/formula/aux/1031_35_NIL'">f_{p}[g]</formula>
    <formula uri="http://libmeta.ru/me/formula/aux/1031_36_NIL'">f_{p}-</formula>
    <formula uri="http://libmeta.ru/me/formula/aux/1031_37_NIL'">p</formula>
    <formula uri="http://libmeta.ru/me/formula/aux/1031_38_NIL'">g</formula>
    <formula uri="http://libmeta.ru/me/formula/aux/1031_39_NIL'">p</formula>
    <formula uri="http://libmeta.ru/me/formula/aux/1031_40_NIL'">p</formula>
    <formula uri="http://libmeta.ru/me/formula/aux/1031_41_NIL'">a</formula>
    <formula uri="http://libmeta.ru/me/formula/aux/1031_42_NIL'">n</formula>
    <formula uri="http://libmeta.ru/me/formula/aux/1031_43_NIL'">(1-a)</formula>
    <formula uri="http://libmeta.ru/me/formula/aux/1031_44_NIL'">a</formula>
    <formula uri="http://libmeta.ru/me/formula/aux/1031_45_NIL'">a</formula>
    <formula uri="http://libmeta.ru/me/formula/aux/1031_46_NIL'">a</formula>
    <formula uri="http://libmeta.ru/me/formula/aux/1031_47_NIL'">\boldsymbol{a}</formula>
    <formula uri="http://libmeta.ru/me/formula/aux/1031_48_NIL'">j</formula>
    <formula uri="http://libmeta.ru/me/formula/aux/1031_49_NIL'">a</formula>
    <formula uri="http://libmeta.ru/me/formula/aux/1031_50_NIL'">a / J</formula>
    <formula uri="http://libmeta.ru/me/formula/aux/1031_51_NIL'">a</formula>
    <formula uri="http://libmeta.ru/me/formula/aux/1031_52_NIL'">\operatorname{spec} A</formula>
    <formula uri="http://libmeta.ru/me/formula/aux/1031_53_NIL'">a</formula>
  </formulas_aux>
  <relations n="8">
    <relation uri="http://libmeta.ru/me/relation/1031_1_NIL'">
      <rel_text>деформации</rel_text>
      <target>http://libmeta.ru/me/article/134_DEFORMATsI</target>
    </relation>
    <relation uri="http://libmeta.ru/me/relation/1031_2_NIL'">
      <rel_text>геометрии</rel_text>
      <target>http://libmeta.ru/me/article/1012_GEOMETRI</target>
    </relation>
    <relation uri="http://libmeta.ru/me/relation/1031_3_NIL'">
      <rel_text>дифференциальной</rel_text>
      <target>http://libmeta.ru/me/article/302_DIFFERENTsIROVANI</target>
    </relation>
    <relation uri="http://libmeta.ru/me/relation/1031_4_NIL'">
      <rel_text>получить</rel_text>
      <target>http://libmeta.ru/me/article/473_POLUNORM</target>
    </relation>
    <relation uri="http://libmeta.ru/me/relation/1031_5_NIL'">
      <rel_text>геометрии</rel_text>
      <target>http://libmeta.ru/me/article/1012_GEOMETRI</target>
    </relation>
    <relation uri="http://libmeta.ru/me/relation/1031_6_NIL'">
      <rel_text>нильпотентов</rel_text>
      <target>http://libmeta.ru/me/article/1024_NIL'ALGEBR</target>
    </relation>
    <relation uri="http://libmeta.ru/me/relation/1031_7_NIL'">
      <rel_text>функции</rel_text>
      <target>http://libmeta.ru/me/article/790_FUNKTO</target>
    </relation>
    <relation uri="http://libmeta.ru/me/relation/1031_8_NIL'">
      <rel_text>нильпотентам</rel_text>
      <target>http://libmeta.ru/me/article/1024_NIL'ALGEBR</target>
    </relation>
  </relations>
  <text>односторонний или двусторонний идеал $URI[[http://libmeta.ru/me/formula/aux/1031_1_NIL']]/URI$ кольца или полугруппы с нулем $URI[[http://libmeta.ru/me/formula/aux/1031_2_NIL']]/URI$ такой, что для нек-рого наттурального $URI[[http://libmeta.ru/me/formula/aux/1031_3_NIL']]/URI$ выполняется $URI[[http://libmeta.ru/me/formula/aux/1031_4_NIL']]/URI$, т. е. проивведение любых $URI[[http://libmeta.ru/me/formula/aux/1031_5_NIL']]/URI$ элементов идеала $URI[[http://libmeta.ru/me/formula/aux/1031_6_NIL']]/URI$ равно нулю. Напр., в кольце $URI[[http://libmeta.ru/me/formula/aux/1031_7_NIL']]/URI$ вычетов по модулю $URI[[http://libmeta.ru/me/formula/aux/1031_8_NIL']]/URI$, где $URI[[http://libmeta.ru/me/formula/aux/1031_9_NIL']]/URI$ - нек-рое простое число, все плеалы, отличные от самого кольца, нильшотентны. В групповом кольце $URI[[http://libmeta.ru/me/formula/aux/1031_10_NIL']]/URI$ конечной $URI[[http://libmeta.ru/me/formula/aux/1031_11_NIL']]/URI$-группы $URI[[http://libmeta.ru/me/formula/aux/1031_12_NIL']]/URI$ над полем из $URI[[http://libmeta.ru/me/formula/aux/1031_13_NIL']]/URI$ элементов идеал, порожденный әлементами вида $URI[[http://libmeta.ru/me/formula/aux/1031_14_NIL']]/URI$, где $URI[[http://libmeta.ru/me/formula/aux/1031_15_NIL']]/URI$, нильпотентен. В кольце верхних треугольных матриц над нек-рым полем матрицы, у к-рых на главной диагонали стоят нули, образуют Н. и.

Любой элемент Н. I. нильпотентен. Любой Н. и. является одновременно нильидеалом и содержится в радикале Джекобсона кольца. В артивовых кольцах радикал Джекобсона нильпотентен, и понятия Н. и. и нильпдеала совпадают. Последнее свойство справедливо и для нётеровых колец. В нётеровом слева кольце любой левый (правый) нильидеал нильпотентен.

Все Н. и. коммутативного кольца содержатся в нильрадпкале, к-рый в общем случае может быть не нильпотентным, а лишь нильидеалом. Простой пример такой ситуации доставляет прямая сумма колец $URI[[http://libmeta.ru/me/formula/aux/1031_16_NIL']]/URI$ по всем натуральным $URI[[http://libmeta.ru/me/formula/aux/1031_17_NIL']]/URI$. В коммутативном кольце любой ни.иьпотентный әлемеит а содержится в нек-ром Н. и., напр. в гјавном идеале, порожденном $URI[[http://libmeta.ru/me/formula/aux/1031_18_NIL']]/URI$. В некоммутативном кольце могут существовать нильпотентные әлементы, к-рые не содержатся ни в одном Н. и. (и даже нильидеале). Напр., в полном кольце матриц над полем имеются нильпотентные әлементы, в частности нильпотентны упоминавшиеся выше матрицы, у к-рых ненулевые әлементы стоят только над главной диагональю, но это кольцо просто и, следовательно, не имеет ненулевых Н. и.

В конечномерной алгебре Ли $URI[[http://libmeta.ru/me/formula/aux/1031_19_NIL']]/URI$ существует максимальный Н. и,, состоящий из элементов $URI[[http://libmeta.ru/me/formula/aux/1031_20_NIL']]/URI$, для к-рых әндоморфизм $URI[[http://libmeta.ru/me/formula/aux/1031_21_NIL']]/URI$ для $URI[[http://libmeta.ru/me/formula/aux/1031_22_NIL']]/URI$ нилыпо'тентен. [2] Лит.: [1] Л е н г С., Алгебра, пер. с англ., М., 1968; [2] Д ж е к о б с о н н., Строение колец, пер. с англ., М.,
1961 ; [3] Ф е й с К., Алгебра: кольца, модули и категории, пер. с англ., т. 1, М., 1977; [4] Х е р с т е й н и., Некоммутативные кольца, пер. с англ., М., 1972; [5] б у р б а к и Н., Группы и алгебры Ји. Алгебры Ли, свободные алгебры Ји и
группы Ли, пер. с франц., М., 1976.
Л. В. Кузилин.

![](https://cdn.mathpix.com/cropped/2023_07_08_096942cfb05483569499g-1.jpg?height=45&amp;width=814&amp;top_left_y=1419&amp;top_left_x=136)
т е н т, - элемент $URI[[http://libmeta.ru/me/formula/aux/1031_23_NIL']]/URI$ кольца или полугрушпы с нулем $URI[[http://libmeta.ru/me/formula/aux/1031_24_NIL']]/URI$, удовлетворяющий равенству $URI[[http://libmeta.ru/me/formula/aux/1031_25_NIL']]/URI$ для нек-рого натурального $URI[[http://libmeta.ru/me/formula/aux/1031_26_NIL']]/URI$. Минимальное значение $URI[[http://libmeta.ru/me/formula/aux/1031_27_NIL']]/URI$, для к-рого справедливо әто равенство, наз. и н д е к с о м ни ль п от е т т н о с т и әлемента a. Напр., в колыце вычетов по модулю $URI[[http://libmeta.ru/me/formula/aux/1031_28_NIL']]/URI$, где $URI[[http://libmeta.ru/me/formula/aux/1031_29_NIL']]/URI$ - нек-рое простое число, класс вычетов числа $URI[[http://libmeta.ru/me/formula/aux/1031_30_NIL']]/URI$ - нильпотент индекса $URI[[http://libmeta.ru/me/formula/aux/1031_31_NIL']]/URI$, матрица $URI[[http://libmeta.ru/me/formula/aux/1031_32_NIL']]/URI$ является нильпотентом индекса 2 в кольце $URI[[http://libmeta.ru/me/formula/aux/1031_33_NIL']]/URI$-матриц с коэффициентами в нек-ром поле $URI[[http://libmeta.ru/me/formula/aux/1031_34_NIL']]/URI$, в групповой алгебре $URI[[http://libmeta.ru/me/formula/aux/1031_35_NIL']]/URI$, где $URI[[http://libmeta.ru/me/formula/aux/1031_36_NIL']]/URI$ поле из $URI[[http://libmeta.ru/me/formula/aux/1031_37_NIL']]/URI$ әлементов, a $URI[[http://libmeta.ru/me/formula/aux/1031_38_NIL']]/URI$ - ıиклич. группа порядка $URI[[http://libmeta.ru/me/formula/aux/1031_39_NIL']]/URI$ с образуюшей б, әлемент 1-б является нильшотентом пндекса $URI[[http://libmeta.ru/me/formula/aux/1031_40_NIL']]/URI$.

Если $URI[[http://libmeta.ru/me/formula/aux/1031_41_NIL']]/URI$-- Н. ә. индекса $URI[[http://libmeta.ru/me/formula/aux/1031_42_NIL']]/URI$, то справедливо равегство

\[
URI[[http://libmeta.ru/me/formula/main/1031_1_NIL']]/URI
\]

т. е. әлемент $URI[[http://libmeta.ru/me/formula/aux/1031_43_NIL']]/URI$ обратим в кольце $URI[[http://libmeta.ru/me/formula/aux/1031_44_NIL']]/URI$ п обратный к нему әлемент зашисываелся в виде многочлена от $URI[[http://libmeta.ru/me/formula/aux/1031_45_NIL']]/URI$.

В коммутативном кольце $URI[[http://libmeta.ru/me/formula/aux/1031_46_NIL']]/URI$ элемент $URI[[http://libmeta.ru/me/formula/aux/1031_47_NIL']]/URI$ нильпотентен тогда і только тогда, когда он содержится во всех простых идеалах кольца. Все Н. э. образуют идеал $URI[[http://libmeta.ru/me/formula/aux/1031_48_NIL']]/URI$, наз. н и л ь р а д и к а л о кольца і совпадающий с пересечением всех простых пдеалов кольца $URI[[http://libmeta.ru/me/formula/aux/1031_49_NIL']]/URI$. Кольцо $URI[[http://libmeta.ru/me/formula/aux/1031_50_NIL']]/URI$ уже не пмсет Н. э., отличных от нуля.

При интерпретации коммутативного кольца $URI[[http://libmeta.ru/me/formula/aux/1031_51_NIL']]/URI$ как кольца функций на пространстве $URI[[http://libmeta.ru/me/formula/aux/1031_52_NIL']]/URI$ (спектре $URI[[http://libmeta.ru/me/formula/aux/1031_53_NIL']]/URI$ ) URI[[http://libmeta.ru/me/relation/1031_8_NIL']]/URI соответствуют URI[[http://libmeta.ru/me/relation/1031_7_NIL']]/URI, тождественно равные нулю. Тем не менее рассмотрение URI[[http://libmeta.ru/me/relation/1031_6_NIL']]/URI часто оказывается полезным в алгео́раич. URI[[http://libmeta.ru/me/relation/1031_5_NIL']]/URI, т. к. они позволяют URI[[http://libmeta.ru/me/relation/1031_4_NIL']]/URI чисто алгебраич. аналог ряда понятий, типичных для анализа и URI[[http://libmeta.ru/me/relation/1031_3_NIL']]/URI URI[[http://libmeta.ru/me/relation/1031_2_NIL']]/URI (бесконечно малые URI[[http://libmeta.ru/me/relation/1031_1_NIL']]/URI и т. п.).</text>
  <text_orig>односторонниЙ илИ двусторонний идеал $M$ кольца или полугруппы с нулем $A$ такой, что для нек-рого наттурального $n$ выполняется $M^{n}=\{0\}$, т. е. проивведение любых $n$ элементов идеала $M$ равно нулю. Напр., в кольце $Z / p^{n} Z$ вычетов по модулю $p^{n}$, где $p$ - нек-рое простое число, все плеалы, отличные от самого кольца, нильшотентны. В групповом кольце $F_{p}[G]$ конечной $p$-группы $G$ над полем из $p$ элементов идеал, порожденный әлементами вида $\sigma-1$, где $\sigma \in G$, нильпотентен. В кольце верхних треугольных матриц над нек-рым полем матрицы, у к-рых на главной диагонали стоят нули, образуют Н. и.

Любой элемент Н. I. нильпотентен. Любой Н. и. является одновременно нильидеалом и содержится в радикале Джекобсона кольца. В артивовых кольцах радикал Джекобсона нильпотентен, и понятия Н. и. и нильпдеала совпадают. Последнее свойство справедливо и для нётеровых колец. В нётеровом слева кольце любой левый (правый) нильидеал нильпотентен.

Все Н. и. коммутативного кольца содержатся в нильрадпкале, к-рый в общем случае может быть не нильпотентным, а лишь нильидеалом. Простой пример такой ситуации доставляет прямая сумма колец $Z / p^{n} Z$ по всем натуральным $n$. В коммутативном кольце любой ни.иьпотентный әлемеит а содержится в нек-ром Н. и., напр. в гјавном идеале, порожденном $a$. В некоммутативном кольце могут существовать нильпотентные әлементы, к-рые не содержатся ни в одном Н. и. (и даже нильидеале). Напр., в полном кольце матриц над полем имеются нильпотентные әлементы, в частности нильпотентны упоминавшиеся выше матрицы, у к-рых ненулевые әлементы стоят только над главной диагональю, но это кольцо просто и, следовательно, не имеет ненулевых Н. и.

В конечномерной алгебре Ли $G$ существует максимальный Н. и,, состоящий из элементов $x \in G$, для к-рых әндоморфизм $y \rightarrow[x, y]$ для $y \in G$ нилыпо'тентен. [2] Лит.: [1] Л е н г С., Алгебра, пер. с англ., М., 1968; [2] Д ж е к о б с о н н., Строение колец, пер. с англ., М.,
1961 ; [3] Ф е й с К., Алгебра: кольца, модули и категории, пер. с англ., т. 1, М., 1977; [4] Х е р с т е й н и., Некоммутативные кольца, пер. с англ., М., 1972; [5] б у р б а к и Н., Группы и алгебры Ји. Алгебры Ли, свободные алгебры Ји и
группы Ли, пер. с франц., М., 1976.
Л. В. Кузилин.

![](https://cdn.mathpix.com/cropped/2023_07_08_096942cfb05483569499g-1.jpg?height=45&amp;width=814&amp;top_left_y=1419&amp;top_left_x=136)
т е н т, - элемент $a$ кольца или полугрушпы с нулем $A$, удовлетворяющий равенству $a^{n}=0$ для нек-рого натурального $n$. Минимальное значение $n$, для к-рого справедливо әто равенство, наз. и н д е к с о м ни ль п от е т т н о с т и әлемента a. Напр., в колыце вычетов по модулю $p^{n}$, где $p$ - нек-рое простое число, класс вычетов числа $p$ - нильпотент индекса $n$, матрица $\left\|\begin{array}{ll}0 &amp; 1 \\ 0 &amp; 0\end{array}\right\|$ является нильпотентом индекса 2 в кольце $(2 \times 2)$-матриц с коэффициентами в нек-ром поле $K$, в групповой алгебре $F_{p}[G]$, где $F_{p}-$ поле из $p$ әлементов, a $G$ - ıиклич. группа порядка $p$ с образуюшей б, әлемент 1-б является нильшотентом пндекса $p$.

Если $a$-- Н. ә. индекса $n$, то справедливо равегство

\[
1=(1-a)\left(1+a+a^{2}+\ldots+a^{n-1}\right) \text {, }
\]

т. е. әлемент $(1-a)$ обратим в кольце $A$ п обратный к нему әлемент зашисываелся в виде многочлена от $a$.

В коммутативном кольце $A$ элемент $\boldsymbol{a}$ нильпотентен тогда і только тогда, когда он содержится во всех простых идеалах кольца. Все Н. э. образуют идеал $J$, наз. н и л ь р а д и к а л о кольца і совпадающий с пересечением всех простых пдеалов кольца $A$. Кольцо $A / J$ уже не пмсет Н. э., отличных от нуля.

При интерпретации коммутативного кольца $A$ как кольца функций на пространстве $\operatorname{Spec} A$ (спектре $A$ ) нильпотентам соответствуют функции, тождественно равные нулю. Тем не менее рассмотрение нильпотентов часто оказывается полезным в алгео́раич. геометрии, т. к. они позволяют получить чисто алгебраич. аналог ряда понятий, типичных для анализа и дифференциальной геометрии (бесконечно малые деформации и т. п.).

Лum.: [1] Л ен г г С., Алгебра, пер. с англ., М., 1968; [2] $\mathbf{X}$ е р с т е й н и., Некоммутативные кольца, пер. с англ.,
М., $1972 ;$ [3] ш а ф а р в и ч И. Р., Основы алгебраической геометрии, М., 1972.</text_orig>
</article>
