<?xml version="1.0" ?>
<article uri="http://libmeta.ru/me/article/1032_KONDUKTO" alphabetic_pos="1032">
  <title>КОНДУКТОР</title>
  <authors/>
  <pages>
    <start>509</start>
    <end>509</end>
  </pages>
  <literature>
    <literature_orig>Jum.: [1] Б у p б а к и H., Коммутативная алгебра, пер. с Франц., М., 1971; [2] 3 а р и с с к и й О., С а м юә л ь П.., Коммутативная алгебра, пер. с англ., т. 1, М., 1963.</literature_orig>
    <unit>
      <author>Буpбаки H.</author>
      <title>Коммутативная алгебра</title>
      <publication>пер. с Франц., М.</publication>
      <year>1971</year>
      <other/>
    </unit>
    <unit>
      <author>3арисский О.</author>
      <title>С а м юә л ь П.., Коммутативная алгебра</title>
      <publication>пер. с англ., т. 1, М.</publication>
      <year>1963</year>
      <other/>
    </unit>
  </literature>
  <formulas_main/>
  <formulas_aux>
    <formula uri="http://libmeta.ru/me/formula/aux/1032_1_KONDUKTO">a</formula>
    <formula uri="http://libmeta.ru/me/formula/aux/1032_2_KONDUKTO">a</formula>
    <formula uri="http://libmeta.ru/me/formula/aux/1032_3_KONDUKTO">\bar{a} / A</formula>
    <formula uri="http://libmeta.ru/me/formula/aux/1032_4_KONDUKTO">\bar{a}</formula>
    <formula uri="http://libmeta.ru/me/formula/aux/1032_5_KONDUKTO">a</formula>
    <formula uri="http://libmeta.ru/me/formula/aux/1032_6_KONDUKTO">к</formula>
    <formula uri="http://libmeta.ru/me/formula/aux/1032_7_KONDUKTO">\bar{a}</formula>
    <formula uri="http://libmeta.ru/me/formula/aux/1032_8_KONDUKTO">\bar{a}</formula>
    <formula uri="http://libmeta.ru/me/formula/aux/1032_9_KONDUKTO">a</formula>
    <formula uri="http://libmeta.ru/me/formula/aux/1032_10_KONDUKTO">a</formula>
    <formula uri="http://libmeta.ru/me/formula/aux/1032_11_KONDUKTO">a_{\mathfrak{b}}</formula>
    <formula uri="http://libmeta.ru/me/formula/aux/1032_12_KONDUKTO">\operatorname{spec}(a)</formula>
  </formulas_aux>
  <relations n="12">
    <relation uri="http://libmeta.ru/me/relation/1032_1_KONDUKTO">
      <rel_text>нормальными</rel_text>
      <target>http://libmeta.ru/me/article/1034_NORMALIZATO</target>
    </relation>
    <relation uri="http://libmeta.ru/me/relation/1032_2_KONDUKTO">
      <rel_text>аффинной</rel_text>
      <target>http://libmeta.ru/me/article/319_AFFINITE</target>
    </relation>
    <relation uri="http://libmeta.ru/me/relation/1032_3_KONDUKTO">
      <rel_text>геометрич</rel_text>
      <target>http://libmeta.ru/me/article/1012_GEOMETRI</target>
    </relation>
    <relation uri="http://libmeta.ru/me/relation/1032_4_KONDUKTO">
      <rel_text>локальным кольцом</rel_text>
      <target>http://libmeta.ru/me/article/455_LOKAL'NOE</target>
    </relation>
    <relation uri="http://libmeta.ru/me/relation/1032_5_KONDUKTO">
      <rel_text>локализация</rel_text>
      <target>http://libmeta.ru/me/article/425_LOKALIZATsI</target>
    </relation>
    <relation uri="http://libmeta.ru/me/relation/1032_6_KONDUKTO">
      <rel_text>геометрич</rel_text>
      <target>http://libmeta.ru/me/article/1012_GEOMETRI</target>
    </relation>
    <relation uri="http://libmeta.ru/me/relation/1032_7_KONDUKTO">
      <rel_text>кольца</rel_text>
      <target>http://libmeta.ru/me/article/1000_KOL'Ts</target>
    </relation>
    <relation uri="http://libmeta.ru/me/relation/1032_8_KONDUKTO">
      <rel_text>идеал</rel_text>
      <target>http://libmeta.ru/me/article/484_IDEA</target>
    </relation>
    <relation uri="http://libmeta.ru/me/relation/1032_9_KONDUKTO">
      <rel_text>поле</rel_text>
      <target>http://libmeta.ru/me/article/390_POL</target>
    </relation>
    <relation uri="http://libmeta.ru/me/relation/1032_10_KONDUKTO">
      <rel_text>кольца</rel_text>
      <target>http://libmeta.ru/me/article/1000_KOL'Ts</target>
    </relation>
    <relation uri="http://libmeta.ru/me/relation/1032_11_KONDUKTO">
      <rel_text>кольца</rel_text>
      <target>http://libmeta.ru/me/article/1000_KOL'Ts</target>
    </relation>
    <relation uri="http://libmeta.ru/me/relation/1032_12_KONDUKTO">
      <rel_text>коммутативного</rel_text>
      <target>http://libmeta.ru/me/article/997_KOMMUTATIVNOST</target>
    </relation>
  </relations>
  <text>й В. Долгачев. целостного URI[[http://libmeta.ru/me/relation/1032_12_KONDUKTO]]/URI URI[[http://libmeta.ru/me/relation/1032_11_KONDUKTO]]/URI $URI[[http://libmeta.ru/me/formula/aux/1032_1_KONDUKTO]]/URI$, являющийся аннулятором $URI[[http://libmeta.ru/me/formula/aux/1032_2_KONDUKTO]]/URI$-модуля $URI[[http://libmeta.ru/me/formula/aux/1032_3_KONDUKTO]]/URI$, где $URI[[http://libmeta.ru/me/formula/aux/1032_4_KONDUKTO]]/URI$ - целое замыкание URI[[http://libmeta.ru/me/relation/1032_10_KONDUKTO]]/URI $URI[[http://libmeta.ru/me/formula/aux/1032_5_KONDUKTO]]/URI$ в его URI[[http://libmeta.ru/me/relation/1032_9_KONDUKTO]]/URI частных. Иногда $URI[[http://libmeta.ru/me/formula/aux/1032_6_KONDUKTO]]/URI$. рассматривается также как URI[[http://libmeta.ru/me/relation/1032_8_KONDUKTO]]/URI URI[[http://libmeta.ru/me/relation/1032_7_KONDUKTO]]/URI $URI[[http://libmeta.ru/me/formula/aux/1032_7_KONDUKTO]]/URI$. Если $URI[[http://libmeta.ru/me/formula/aux/1032_8_KONDUKTO]]/URI$ является $URI[[http://libmeta.ru/me/formula/aux/1032_9_KONDUKTO]]/URI$-модулем конечного типа (напр., когда $URI[[http://libmeta.ru/me/formula/aux/1032_10_KONDUKTO]]/URI$ - URI[[http://libmeta.ru/me/relation/1032_6_KONDUKTO]]/URI.

![](https://cdn.mathpix.com/cropped/2023_07_08_9998b5054a910fe7caf2g-1.jpg?height=38&amp;width=821&amp;top_left_y=554&amp;top_left_x=989)
тогда и только тогда, когда URI[[http://libmeta.ru/me/relation/1032_5_KONDUKTO]]/URI $URI[[http://libmeta.ru/me/formula/aux/1032_11_KONDUKTO]]/URI$ не является целозамкнутым URI[[http://libmeta.ru/me/relation/1032_4_KONDUKTO]]/URI. В URI[[http://libmeta.ru/me/relation/1032_3_KONDUKTO]]/URI. терминах это означает, что К. определяет замкнутую подсхему URI[[http://libmeta.ru/me/relation/1032_2_KONDUKTO]]/URI схемы $URI[[http://libmeta.ru/me/formula/aux/1032_12_KONDUKTO]]/URI$, состоящую из точек, не являющихся URI[[http://libmeta.ru/me/relation/1032_1_KONDUKTO]]/URI точками.</text>
  <text_orig>й В. Долгачев. целостного коммутативного кольца $A$, являющийся аннулятором $A$-модуля $\bar{A} / A$, где $\bar{A}$ - целое замыкание кольца $A$ в его поле частных. Иногда $К$. рассматривается также как идеал кольца $\bar{A}$. Если $\bar{A}$ является $A$-модулем конечного типа (напр., когда $A$ - геометрич.

![](https://cdn.mathpix.com/cropped/2023_07_08_9998b5054a910fe7caf2g-1.jpg?height=38&amp;width=821&amp;top_left_y=554&amp;top_left_x=989)
тогда и только тогда, когда локализация $A_{\mathfrak{B}}$ не является целозамкнутым локальным кольцом. В геометрич. терминах это означает, что К. определяет замкнутую подсхему аффинной схемы $\operatorname{Spec}(A)$, состоящую из точек, не являющихся нормальными точками.

Jum.: [1] Б у p б а к и H., Коммутативная алгебра, пер. с Франц., М., 1971; [2] 3 а р и с с к и й О., С а м юә л ь П.., Коммутативная алгебра, пер. с англ., т. 1, М., 1963.</text_orig>
</article>
