<?xml version="1.0" ?>
<article uri="http://libmeta.ru/me/article/1032_NIL'POTO" alphabetic_pos="1032">
  <title>НИЛЬПОТОК</title>
  <authors/>
  <pages>
    <start>523</start>
    <end>523</end>
  </pages>
  <literature>
    <literature_orig/>
  </literature>
  <formulas_main/>
  <formulas_aux>
    <formula uri="http://libmeta.ru/me/formula/aux/1032_1_NIL'POTO">m=g / H</formula>
    <formula uri="http://libmeta.ru/me/formula/aux/1032_2_NIL'POTO">m</formula>
    <formula uri="http://libmeta.ru/me/formula/aux/1032_3_NIL'POTO">g_{t}</formula>
    <formula uri="http://libmeta.ru/me/formula/aux/1032_4_NIL'POTO">g</formula>
    <formula uri="http://libmeta.ru/me/formula/aux/1032_5_NIL'POTO">m</formula>
    <formula uri="http://libmeta.ru/me/formula/aux/1032_6_NIL'POTO">g H</formula>
    <formula uri="http://libmeta.ru/me/formula/aux/1032_7_NIL'POTO">t</formula>
    <formula uri="http://libmeta.ru/me/formula/aux/1032_8_NIL'POTO">g_{t} g H</formula>
    <formula uri="http://libmeta.ru/me/formula/aux/1032_9_NIL'POTO">\left\{x_{\alpha}, \omega_{\alpha}^{\beta} ; \alpha \in \mathfrak{H}\right\}</formula>
    <formula uri="http://libmeta.ru/me/formula/aux/1032_10_NIL'POTO">x_{\alpha}</formula>
    <formula uri="http://libmeta.ru/me/formula/aux/1032_11_NIL'POTO">x=\left\{x_{\alpha}\right\}</formula>
    <formula uri="http://libmeta.ru/me/formula/aux/1032_12_NIL'POTO">x_{\alpha} \in X_{\alpha}</formula>
    <formula uri="http://libmeta.ru/me/formula/aux/1032_13_NIL'POTO">x_{\alpha}</formula>
    <formula uri="http://libmeta.ru/me/formula/aux/1032_14_NIL'POTO">\pi_{\alpha \in \mathfrak{\Re}} X_{\alpha}</formula>
    <formula uri="http://libmeta.ru/me/formula/aux/1032_15_NIL'POTO">x_{\alpha}</formula>
    <formula uri="http://libmeta.ru/me/formula/aux/1032_16_NIL'POTO">\omega_{\alpha}^{\beta}\left(x_{\beta}\right)=x_{\alpha}</formula>
    <formula uri="http://libmeta.ru/me/formula/aux/1032_17_NIL'POTO">\beta&gt;\alpha</formula>
  </formulas_aux>
  <relations n="2">
    <relation uri="http://libmeta.ru/me/relation/1032_1_NIL'POTO">
      <rel_text>множеств</rel_text>
      <target>http://libmeta.ru/me/article/733_MNOZhESTV</target>
    </relation>
    <relation uri="http://libmeta.ru/me/relation/1032_2_NIL'POTO">
      <rel_text>произведения</rel_text>
      <target>http://libmeta.ru/me/article/1045_PROIZVODNA</target>
    </relation>
  </relations>
  <text>поток на нильлногообразии $URI[[http://libmeta.ru/me/formula/aux/1032_1_NIL'POTO]]/URI$, определяемый действием на $URI[[http://libmeta.ru/me/formula/aux/1032_2_NIL'POTO]]/URI$ какой-нибудь однопарамстрич. цодгруппы $URI[[http://libmeta.ru/me/formula/aux/1032_3_NIL'POTO]]/URI$ нильпотентной группы Пи $URI[[http://libmeta.ru/me/formula/aux/1032_4_NIL'POTO]]/URI$ : если $URI[[http://libmeta.ru/me/formula/aux/1032_5_NIL'POTO]]/URI$ состоит из смежных классов $URI[[http://libmeta.ru/me/formula/aux/1032_6_NIL'POTO]]/URI$, то под действием Н. такой класс за время $URI[[http://libmeta.ru/me/formula/aux/1032_7_NIL'POTO]]/URI$ переходит в класс $URI[[http://libmeta.ru/me/formula/aux/1032_8_NIL'POTO]]/URI$

Литт.: [1] А у с ле н д е р Л., Г р ин Л., Х а н Ф., Потоки на однородных пространствах, пер. с англ., М., 1966.

Нитб обратного спектра $URI[[http://libmeta.ru/me/formula/aux/1032_9_NIL'POTO]]/URI$ топологических пространств $URI[[http://libmeta.ru/me/formula/aux/1032_10_NIL'POTO]]/URI$ - такая система $URI[[http://libmeta.ru/me/formula/aux/1032_11_NIL'POTO]]/URI$ точек $URI[[http://libmeta.ru/me/formula/aux/1032_12_NIL'POTO]]/URI$ (по одной точке из каждого $URI[[http://libmeta.ru/me/formula/aux/1032_13_NIL'POTO]]/URI$ ), т. е. такая гочка URI[[http://libmeta.ru/me/relation/1032_2_NIL'POTO]]/URI $URI[[http://libmeta.ru/me/formula/aux/1032_14_NIL'POTO]]/URI$ URI[[http://libmeta.ru/me/relation/1032_1_NIL'POTO]]/URI $URI[[http://libmeta.ru/me/formula/aux/1032_15_NIL'POTO]]/URI$, что $URI[[http://libmeta.ru/me/formula/aux/1032_16_NIL'POTO]]/URI$ всякий раз, когда $URI[[http://libmeta.ru/me/formula/aux/1032_17_NIL'POTO]]/URI$.</text>
  <text_orig>поток на нильлногообразии $M=G / H$, определяемый действием на $M$ какой-нибудь однопарамстрич. цодгруппы $g_{t}$ нильпотентной группы Пи $G$ : если $M$ состоит из смежных классов $g H$, то под действием Н. такой класс за время $t$ переходит в класс $g_{t} g H$

Литт.: [1] А у с ле н д е р Л., Г р ин Л., Х а н Ф., Потоки на однородных пространствах, пер. с ангЛ., М., 1966.

НитБ обратного спектра $\left\{X_{\alpha}, \omega_{\alpha}^{\beta} ; \alpha \in \mathfrak{H}\right\}$ топологических пространств $X_{\alpha}$ - такая система $x=\left\{x_{\alpha}\right\}$ точек $x_{\alpha} \in X_{\alpha}$ (по одной точке из каждого $X_{\alpha}$ ), т. е. такая гочка произведения $\Pi_{\alpha \in \mathfrak{\Re}} X_{\alpha}$ множеств $X_{\alpha}$, что $\omega_{\alpha}^{\beta}\left(x_{\beta}\right)=x_{\alpha}$ всякий раз, когда $\beta&gt;\alpha$.</text_orig>
</article>
