<?xml version="1.0" ?>
<article uri="http://libmeta.ru/me/article/1032_IIIEPKA" alphabetic_pos="1032">
  <title>IIIEPКА ПОВЕРХНОСТЬ</title>
  <authors/>
  <pages>
    <start>448</start>
    <end>448</end>
  </pages>
  <literature>
    <literature_orig/>
  </literature>
  <formulas_main>
    <formula uri="http://libmeta.ru/me/formula/main/1032_1_IIIEPKA">f(w)=\left[\prod_{m=1}^{k-1}\left(w-w_{m}\right)\right]^{-1}, k \leqslant 4, g(w)=w,</formula>
  </formulas_main>
  <formulas_aux>
    <formula uri="http://libmeta.ru/me/formula/aux/1032_1_IIIEPKA">z=\ln \frac{\cos y}{\cos x}</formula>
    <formula uri="http://libmeta.ru/me/formula/aux/1032_2_IIIEPKA">z=f(x)+g(y)</formula>
    <formula uri="http://libmeta.ru/me/formula/aux/1032_3_IIIEPKA">\zeta= \pm 1</formula>
    <formula uri="http://libmeta.ru/me/formula/aux/1032_4_IIIEPKA">\zeta= \pm i</formula>
    <formula uri="http://libmeta.ru/me/formula/aux/1032_5_IIIEPKA">f(w)=\frac{2}{1-w^{4}}, g(w)=w</formula>
    <formula uri="http://libmeta.ru/me/formula/aux/1032_6_IIIEPKA">w</formula>
    <formula uri="http://libmeta.ru/me/formula/aux/1032_7_IIIEPKA">k, 1 \leqslant k \leqslant 4</formula>
  </formulas_aux>
  <relations n="23">
    <relation uri="http://libmeta.ru/me/relation/1032_1_IIIEPKA">
      <rel_text>нормали</rel_text>
      <target>http://libmeta.ru/me/article/1037_NORMAL</target>
    </relation>
    <relation uri="http://libmeta.ru/me/relation/1032_2_IIIEPKA">
      <rel_text>полных</rel_text>
      <target>http://libmeta.ru/me/article/501_POLI0</target>
    </relation>
    <relation uri="http://libmeta.ru/me/relation/1032_3_IIIEPKA">
      <rel_text>интересно</rel_text>
      <target>http://libmeta.ru/me/article/583_INTEGRA</target>
    </relation>
    <relation uri="http://libmeta.ru/me/relation/1032_4_IIIEPKA">
      <rel_text>нормали</rel_text>
      <target>http://libmeta.ru/me/article/1037_NORMAL</target>
    </relation>
    <relation uri="http://libmeta.ru/me/relation/1032_5_IIIEPKA">
      <rel_text>Ii</rel_text>
      <target>http://libmeta.ru/me/article/370_II</target>
    </relation>
    <relation uri="http://libmeta.ru/me/relation/1032_6_IIIEPKA">
      <rel_text>строятся</rel_text>
      <target>http://libmeta.ru/me/article/266_STROFOID</target>
    </relation>
    <relation uri="http://libmeta.ru/me/relation/1032_7_IIIEPKA">
      <rel_text>представлением</rel_text>
      <target>http://libmeta.ru/me/article/3_PREDSTAVLENI</target>
    </relation>
    <relation uri="http://libmeta.ru/me/relation/1032_8_IIIEPKA">
      <rel_text>изменяется</rel_text>
      <target>http://libmeta.ru/me/article/502_IZMEL'ChENI</target>
    </relation>
    <relation uri="http://libmeta.ru/me/relation/1032_9_IIIEPKA">
      <rel_text>представления</rel_text>
      <target>http://libmeta.ru/me/article/3_PREDSTAVLENI</target>
    </relation>
    <relation uri="http://libmeta.ru/me/relation/1032_10_IIIEPKA">
      <rel_text>полной</rel_text>
      <target>http://libmeta.ru/me/article/501_POLI0</target>
    </relation>
    <relation uri="http://libmeta.ru/me/relation/1032_11_IIIEPKA">
      <rel_text>число</rel_text>
      <target>http://libmeta.ru/me/article/1009_ChISL</target>
    </relation>
    <relation uri="http://libmeta.ru/me/relation/1032_12_IIIEPKA">
      <rel_text>поверхность</rel_text>
      <target>http://libmeta.ru/me/article/332_POVERHNOST</target>
    </relation>
    <relation uri="http://libmeta.ru/me/relation/1032_13_IIIEPKA">
      <rel_text>полiная</rel_text>
      <target>http://libmeta.ru/me/article/453_POLI0SA</target>
    </relation>
    <relation uri="http://libmeta.ru/me/relation/1032_14_IIIEPKA">
      <rel_text>Ii</rel_text>
      <target>http://libmeta.ru/me/article/370_II</target>
    </relation>
    <relation uri="http://libmeta.ru/me/relation/1032_15_IIIEPKA">
      <rel_text>уравнения</rel_text>
      <target>http://libmeta.ru/me/article/106_URAVNENI</target>
    </relation>
    <relation uri="http://libmeta.ru/me/relation/1032_16_IIIEPKA">
      <rel_text>задачи</rel_text>
      <target>http://libmeta.ru/me/article/10_ZAdAch</target>
    </relation>
    <relation uri="http://libmeta.ru/me/relation/1032_17_IIIEPKA">
      <rel_text>неразрешимости</rel_text>
      <target>http://libmeta.ru/me/article/980_NERAZREІІІMOST</target>
    </relation>
    <relation uri="http://libmeta.ru/me/relation/1032_18_IIIEPKA">
      <rel_text>функицї</rel_text>
      <target>http://libmeta.ru/me/article/790_FUNKTO</target>
    </relation>
    <relation uri="http://libmeta.ru/me/relation/1032_19_IIIEPKA">
      <rel_text>модификации</rel_text>
      <target>http://libmeta.ru/me/article/743_MODIFIKATsI</target>
    </relation>
    <relation uri="http://libmeta.ru/me/relation/1032_20_IIIEPKA">
      <rel_text>переноса поверхность</rel_text>
      <target>http://libmeta.ru/me/article/228_PERENOSA</target>
    </relation>
    <relation uri="http://libmeta.ru/me/relation/1032_21_IIIEPKA">
      <rel_text>представляемой</rel_text>
      <target>http://libmeta.ru/me/article/3_PREDSTAVLENI</target>
    </relation>
    <relation uri="http://libmeta.ru/me/relation/1032_22_IIIEPKA">
      <rel_text>определяется уравнением</rel_text>
      <target>http://libmeta.ru/me/article/32_OPREDELJaJuSchEE</target>
    </relation>
    <relation uri="http://libmeta.ru/me/relation/1032_23_IIIEPKA">
      <rel_text>минимальная поверхшость</rel_text>
      <target>http://libmeta.ru/me/article/675_MINIMAL'NAJa</target>
    </relation>
  </relations>
  <text>URI[[http://libmeta.ru/me/relation/1032_23_IIIEPKA]]/URI (м. П.), найденная X. Шорком (h. Scherk, 1834). Она URI[[http://libmeta.ru/me/relation/1032_22_IIIEPKA]]/URI $URI[[http://libmeta.ru/me/formula/aux/1032_1_IIIEPKA]]/URI$ и являтся единственной м. П., URI[[http://libmeta.ru/me/relation/1032_21_IIIEPKA]]/URI как URI[[http://libmeta.ru/me/relation/1032_20_IIIEPKA]]/URI вида $URI[[http://libmeta.ru/me/formula/aux/1032_2_IIIEPKA]]/URI$. Iii. I. и ее URI[[http://libmeta.ru/me/relation/1032_19_IIIEPKA]]/URI служат для построения вспомогательных URI[[http://libmeta.ru/me/relation/1032_18_IIIEPKA]]/URI, позволяющих находить примеры URI[[http://libmeta.ru/me/relation/1032_17_IIIEPKA]]/URI URI[[http://libmeta.ru/me/relation/1032_16_IIIEPKA]]/URI Дирихле для URI[[http://libmeta.ru/me/relation/1032_15_IIIEPKA]]/URI Әїлера - Јагранжа м. URI[[http://libmeta.ru/me/relation/1032_14_IIIEPKA]]/URI. над невыпуклыми облас'тями.

Iii. I. обладает рядом интересных свойств: она - URI[[http://libmeta.ru/me/relation/1032_13_IIIEPKA]]/URI URI[[http://libmeta.ru/me/relation/1032_12_IIIEPKA]]/URI бесконечного рода, содержащая счетное URI[[http://libmeta.ru/me/relation/1032_11_IIIEPKA]]/URI прямых; универсальная накрывающая к ней дает пример URI[[http://libmeta.ru/me/relation/1032_10_IIIEPKA]]/URI м. Ш. конформно-гиперболичөского тига; ее сферитеский образ не содержит ровно четыре точки: $URI[[http://libmeta.ru/me/formula/aux/1032_3_IIIEPKA]]/URI$ и $URI[[http://libmeta.ru/me/formula/aux/1032_4_IIIEPKA]]/URI$. Последнее свойство Ш. Ш. усматривается из ее URI[[http://libmeta.ru/me/relation/1032_9_IIIEPKA]]/URI через Bейеритрасса форлулы с $URI[[http://libmeta.ru/me/formula/aux/1032_5_IIIEPKA]]/URI$, где $URI[[http://libmeta.ru/me/formula/aux/1032_6_IIIEPKA]]/URI$ URI[[http://libmeta.ru/me/relation/1032_8_IIIEPKA]]/URI в плоскости с четырьмя исключенными точками \pm 1 и 亡i. По аналогии с этим URI[[http://libmeta.ru/me/relation/1032_7_IIIEPKA]]/URI URI[[http://libmeta.ru/me/relation/1032_6_IIIEPKA]]/URI обобщенные URI[[http://libmeta.ru/me/relation/1032_5_IIIEPKA]]/URI. п. с

\[
URI[[http://libmeta.ru/me/formula/main/1032_1_IIIEPKA]]/URI
\]

являющиеся полными м. п., URI[[http://libmeta.ru/me/relation/1032_4_IIIEPKA]]/URI к к-рым «упускают» ровно $URI[[http://libmeta.ru/me/formula/aux/1032_7_IIIEPKA]]/URI$, Јюбых заранее заданных направления. Существование таких м. п. URI[[http://libmeta.ru/me/relation/1032_3_IIIEPKA]]/URI в связи с гипотезой об отсутствии URI[[http://libmeta.ru/me/relation/1032_2_IIIEPKA]]/URI м. п., у к-рых URI[[http://libmeta.ru/me/relation/1032_1_IIIEPKA]]/URI “упускали бы» более qөтырех ваправлений. Эта гипотеза доказана (1984) для числа направлений, большего семи.</text>
  <text_orig>минимальная поверхшость (м. П.), найденная X. Шорком (H. Scherk, 1834). Она определяется уравнением $z=\ln \frac{\cos y}{\cos x}$ и являтся единственной м. П., представляемой как переноса поверхность вида $z=f(x)+g(y)$. III. I. и ее модификации служат для построения вспомогательных функицї, позволяющих находить примеры неразрешимости задачи Дирихле для уравнения Әїлера - Јагранжа м. II. над невыпуклыми облас'тями.

III. I. обладает рядом интересных свойств: она - полIная поверхность бесконечного рода, содержащая счетное число прямых; универсальная накрывающая к ней дает пример полной м. Ш. конформно-гиперболичөского тига; ее сферитеский образ не содержит ровно четыре точки: $\zeta= \pm 1$ и $\zeta= \pm i$. Последнее свойство Ш. Ш. усматривается из ее представления через Bейеритрасса форлулы с $f(w)=\frac{2}{1-w^{4}}, g(w)=w$, где $w$ изменяется в плоскости с четырьмя исключенными точками \pm 1 и 亡i. По аналогии с этим представлением строятся обобщенные II. п. с

\[
f(w)=\left[\prod_{m=1}^{k-1}\left(w-w_{m}\right)\right]^{-1}, k \leqslant 4, g(w)=w,
\]

являющиеся полными м. п., нормали к к-рым «упускают» ровно $k, 1 \leqslant k \leqslant 4$, Јюбых заранее заданных направления. Существование таких м. п. интересно в связи с гипотезой об отсутствии полных м. п., у к-рых нормали “упускали бы» более qөтырех ваправлений. Эта гипотеза доказана (1984) для числа направлений, большего семи.</text_orig>
</article>
