<?xml version="1.0" ?>
<article uri="http://libmeta.ru/me/article/1032_REGU" alphabetic_pos="1032">
  <title>РЕГУ ЈЯ РНЫЕ МЕТОДЫ СУММИРОВАНИЯ</title>
  <authors/>
  <pages>
    <start>473</start>
    <end>473</end>
  </pages>
  <literature>
    <literature_orig>Лum.: [1] X а р д и Г., Расходящиеся ряды, пер. с англ., М., 1951; [2] К ук Р., Бесконечные матрицы и пространства последовательностей, пер. с англ., М., 1960; [3] К а н г р о Г. Ф., в сб.: Итоги науки и техники. Математический анализ, 'т. 12![](https://cdn.mathpix.com/cropped/2023_07_08_eeb93b2ffb56c719e51fg-1.jpg?height=44&amp;width=804&amp;top_left_y=1774&amp;top_left_x=985)</literature_orig>
    <unit>
      <author>Xарди Г.</author>
      <title>Расходящиеся ряды</title>
      <publication>пер. с англ., М.</publication>
      <year>1951</year>
      <other/>
    </unit>
    <unit>
      <author>Кук Р.</author>
      <title>Бесконечные матрицы и пространства последовательностей</title>
      <publication>пер. с англ., М.</publication>
      <year>1960</year>
      <other/>
    </unit>
    <unit>
      <author>Кангро Г. Ф.</author>
      <title>в сб.: Итоги науки и техники. Математический анализ</title>
      <publication/>
      <year>2023</year>
      <other/>
    </unit>
  </literature>
  <formulas_main>
    <formula uri="http://libmeta.ru/me/formula/main/1032_1_REGU">\sigma_{n}=\sum_{k=1}^{\infty} a_{n k} s_{k}, n=1,2, \ldots</formula>
  </formulas_main>
  <formulas_aux>
    <formula uri="http://libmeta.ru/me/formula/aux/1032_1_REGU">\left\{s_{n}\right\}</formula>
    <formula uri="http://libmeta.ru/me/formula/aux/1032_2_REGU">\left\{\sigma_{n}\right\}</formula>
    <formula uri="http://libmeta.ru/me/formula/aux/1032_3_REGU">\left\|a_{n k}\right\|</formula>
    <formula uri="http://libmeta.ru/me/formula/aux/1032_4_REGU">\left\|a_{n k}\right\|</formula>
    <formula uri="http://libmeta.ru/me/formula/aux/1032_5_REGU">(c, k)</formula>
    <formula uri="http://libmeta.ru/me/formula/aux/1032_6_REGU">k \geqslant 0</formula>
    <formula uri="http://libmeta.ru/me/formula/aux/1032_7_REGU">(c, k)</formula>
    <formula uri="http://libmeta.ru/me/formula/aux/1032_8_REGU">k&lt;0</formula>
    <formula uri="http://libmeta.ru/me/formula/aux/1032_9_REGU">к+\infty</formula>
    <formula uri="http://libmeta.ru/me/formula/aux/1032_10_REGU">-\infty)</formula>
    <formula uri="http://libmeta.ru/me/formula/aux/1032_11_REGU">+\infty</formula>
    <formula uri="http://libmeta.ru/me/formula/aux/1032_12_REGU">-\infty)</formula>
  </formulas_aux>
  <relations n="27">
    <relation uri="http://libmeta.ru/me/relation/1032_1_REGU">
      <rel_text>методы суммирования</rel_text>
      <target>http://libmeta.ru/me/article/295_SUMMIROVANIJa</target>
    </relation>
    <relation uri="http://libmeta.ru/me/relation/1032_2_REGU">
      <rel_text>Матричные</rel_text>
      <target>http://libmeta.ru/me/article/601_MATRITsAN</target>
    </relation>
    <relation uri="http://libmeta.ru/me/relation/1032_3_REGU">
      <rel_text>Регулярности признаки</rel_text>
      <target>http://libmeta.ru/me/article/1031_REGULJaRNOSTI</target>
    </relation>
    <relation uri="http://libmeta.ru/me/relation/1032_4_REGU">
      <rel_text>регулярным</rel_text>
      <target>http://libmeta.ru/me/article/1037_REGULJaTO</target>
    </relation>
    <relation uri="http://libmeta.ru/me/relation/1032_5_REGU">
      <rel_text>матрицей</rel_text>
      <target>http://libmeta.ru/me/article/600_MATRITs</target>
    </relation>
    <relation uri="http://libmeta.ru/me/relation/1032_6_REGU">
      <rel_text>определенный положительной</rel_text>
      <target>http://libmeta.ru/me/article/444_POLOZhITEL'NO</target>
    </relation>
    <relation uri="http://libmeta.ru/me/relation/1032_7_REGU">
      <rel_text>сходящийся</rel_text>
      <target>http://libmeta.ru/me/article/333_SHODIMOST</target>
    </relation>
    <relation uri="http://libmeta.ru/me/relation/1032_8_REGU">
      <rel_text>последовательность</rel_text>
      <target>http://libmeta.ru/me/article/534_POSLEDOVATEL'NOST</target>
    </relation>
    <relation uri="http://libmeta.ru/me/relation/1032_9_REGU">
      <rel_text>регулярен</rel_text>
      <target>http://libmeta.ru/me/article/1037_REGULJaTO</target>
    </relation>
    <relation uri="http://libmeta.ru/me/relation/1032_10_REGU">
      <rel_text>рования</rel_text>
      <target>http://libmeta.ru/me/article/168_ROVANI</target>
    </relation>
    <relation uri="http://libmeta.ru/me/relation/1032_11_REGU">
      <rel_text>Римана метод суммирования</rel_text>
      <target>http://libmeta.ru/me/article/1100_RIMANA</target>
    </relation>
    <relation uri="http://libmeta.ru/me/relation/1032_12_REGU">
      <rel_text>суммирования Чезаро</rel_text>
      <target>http://libmeta.ru/me/article/986_ChEZARO</target>
    </relation>
    <relation uri="http://libmeta.ru/me/relation/1032_13_REGU">
      <rel_text>методы</rel_text>
      <target>http://libmeta.ru/me/article/685_METRI</target>
    </relation>
    <relation uri="http://libmeta.ru/me/relation/1032_14_REGU">
      <rel_text>Абеля метод суммирования</rel_text>
      <target>http://libmeta.ru/me/article/12_ABELJa</target>
    </relation>
    <relation uri="http://libmeta.ru/me/relation/1032_15_REGU">
      <rel_text>методы</rel_text>
      <target>http://libmeta.ru/me/article/685_METRI</target>
    </relation>
    <relation uri="http://libmeta.ru/me/relation/1032_16_REGU">
      <rel_text>регулярны</rel_text>
      <target>http://libmeta.ru/me/article/1037_REGULJaTO</target>
    </relation>
    <relation uri="http://libmeta.ru/me/relation/1032_17_REGU">
      <rel_text>методы</rel_text>
      <target>http://libmeta.ru/me/article/685_METRI</target>
    </relation>
    <relation uri="http://libmeta.ru/me/relation/1032_18_REGU">
      <rel_text>матрицу</rel_text>
      <target>http://libmeta.ru/me/article/600_MATRITs</target>
    </relation>
    <relation uri="http://libmeta.ru/me/relation/1032_19_REGU">
      <rel_text>матрицы</rel_text>
      <target>http://libmeta.ru/me/article/600_MATRITs</target>
    </relation>
    <relation uri="http://libmeta.ru/me/relation/1032_20_REGU">
      <rel_text>последовательность</rel_text>
      <target>http://libmeta.ru/me/article/534_POSLEDOVATEL'NOST</target>
    </relation>
    <relation uri="http://libmeta.ru/me/relation/1032_21_REGU">
      <rel_text>последовательности</rel_text>
      <target>http://libmeta.ru/me/article/534_POSLEDOVATEL'NOST</target>
    </relation>
    <relation uri="http://libmeta.ru/me/relation/1032_22_REGU">
      <rel_text>последовательность</rel_text>
      <target>http://libmeta.ru/me/article/534_POSLEDOVATEL'NOST</target>
    </relation>
    <relation uri="http://libmeta.ru/me/relation/1032_23_REGU">
      <rel_text>сходящийся</rel_text>
      <target>http://libmeta.ru/me/article/333_SHODIMOST</target>
    </relation>
    <relation uri="http://libmeta.ru/me/relation/1032_24_REGU">
      <rel_text>последовательность</rel_text>
      <target>http://libmeta.ru/me/article/534_POSLEDOVATEL'NOST</target>
    </relation>
    <relation uri="http://libmeta.ru/me/relation/1032_25_REGU">
      <rel_text>последовательность</rel_text>
      <target>http://libmeta.ru/me/article/534_POSLEDOVATEL'NOST</target>
    </relation>
    <relation uri="http://libmeta.ru/me/relation/1032_26_REGU">
      <rel_text>сходящийся</rel_text>
      <target>http://libmeta.ru/me/article/333_SHODIMOST</target>
    </relation>
    <relation uri="http://libmeta.ru/me/relation/1032_27_REGU">
      <rel_text>последовательностей</rel_text>
      <target>http://libmeta.ru/me/article/534_POSLEDOVATEL'NOST</target>
    </relation>
  </relations>
  <text>П е pманенты е ме тоды с умми ро в ания,методы суммирования рядов (URI[[http://libmeta.ru/me/relation/1032_27_REGU]]/URI), суммирующие каждый URI[[http://libmeta.ru/me/relation/1032_26_REGU]]/URI ряд (URI[[http://libmeta.ru/me/relation/1032_25_REGU]]/URI) к той же сумме, к к-рой этот ряд (URI[[http://libmeta.ru/me/relation/1032_24_REGU]]/URI) сходится. Р. м. с. являются частным случаем ко н с е р в а т и в ны ме то до в с уммир о в а н и я - методов, к-рые каждый URI[[http://libmeta.ru/me/relation/1032_23_REGU]]/URI ряд (URI[[http://libmeta.ru/me/relation/1032_22_REGU]]/URI) суммируют к конечной сумме, хотя быть может и отличной от той, к к-рой он сходится. Если Р. м. с. определен преобразованием URI[[http://libmeta.ru/me/relation/1032_21_REGU]]/URI $URI[[http://libmeta.ru/me/formula/aux/1032_1_REGU]]/URI$ в URI[[http://libmeta.ru/me/relation/1032_20_REGU]]/URI $URI[[http://libmeta.ru/me/formula/aux/1032_2_REGU]]/URI$ посредством бесконечной URI[[http://libmeta.ru/me/relation/1032_19_REGU]]/URI $URI[[http://libmeta.ru/me/formula/aux/1032_3_REGU]]/URI$ :

\[
URI[[http://libmeta.ru/me/formula/main/1032_1_REGU]]/URI
\]

(см. URI[[http://libmeta.ru/me/relation/1032_2_REGU]]/URI URI[[http://libmeta.ru/me/relation/1032_1_REGU]]/URI), то преобразование (*) и URI[[http://libmeta.ru/me/relation/1032_18_REGU]]/URI этого преобразования $URI[[http://libmeta.ru/me/formula/aux/1032_4_REGU]]/URI$ наз. ре г уля р ными.

Наиболее распространенные URI[[http://libmeta.ru/me/relation/1032_17_REGU]]/URI суммирования, как правило, URI[[http://libmeta.ru/me/relation/1032_16_REGU]]/URI. Напр., регулярными являются Чезаро метод суммирования $URI[[http://libmeta.ru/me/formula/aux/1032_5_REGU]]/URI$ при $URI[[http://libmeta.ru/me/formula/aux/1032_6_REGU]]/URI$, Гёльдера URI[[http://libmeta.ru/me/relation/1032_15_REGU]]/URI суммирования, URI[[http://libmeta.ru/me/relation/1032_14_REGU]]/URI и др. Существуют нерегулярные URI[[http://libmeta.ru/me/relation/1032_13_REGU]]/URI суммирования. Напр., метод URI[[http://libmeta.ru/me/relation/1032_12_REGU]]/URI $URI[[http://libmeta.ru/me/formula/aux/1032_7_REGU]]/URI$ при $URI[[http://libmeta.ru/me/formula/aux/1032_8_REGU]]/URI$, URI[[http://libmeta.ru/me/relation/1032_11_REGU]]/URI не являются регулярными.

Метод суммирования наз. в п о л н е р е г у л я рным ме тодом с умми URI[[http://libmeta.ru/me/relation/1032_10_REGU]]/URI, если он URI[[http://libmeta.ru/me/relation/1032_9_REGU]]/URI и каждый ряд (URI[[http://libmeta.ru/me/relation/1032_8_REGU]]/URI) с действительными членами, URI[[http://libmeta.ru/me/relation/1032_7_REGU]]/URI $URI[[http://libmeta.ru/me/formula/aux/1032_9_REGU]]/URI$ (или $URI[[http://libmeta.ru/me/formula/aux/1032_10_REGU]]/URI$, суммируется этим методом также к $URI[[http://libmeta.ru/me/formula/aux/1032_11_REGU]]/URI$ (соответственно $URI[[http://libmeta.ru/me/formula/aux/1032_12_REGU]]/URI$. P. м. с., URI[[http://libmeta.ru/me/relation/1032_6_REGU]]/URI URI[[http://libmeta.ru/me/relation/1032_5_REGU]]/URI, является вполне URI[[http://libmeta.ru/me/relation/1032_4_REGU]]/URI (см. также URI[[http://libmeta.ru/me/relation/1032_3_REGU]]/URI).</text>
  <text_orig>П е pманенты е ме тоды с умми ро в ания,методы суммирования рядов (последовательностей), суммирующие каждый сходящийся ряд (последовательность) к той же сумме, к к-рой этот ряд (последовательность) сходится. Р. м. с. являются частным случаем ко н с е р в а т и в ны ме то до в с уммир о в а н и я - методов, к-рые каждый сходящийся ряд (последовательность) суммируют к конечной сумме, хотя быть может и отличной от той, к к-рой он сходится. Если Р. м. с. определен преобразованием последовательности $\left\{s_{n}\right\}$ в последовательность $\left\{\sigma_{n}\right\}$ посредством бесконечной матрицы $\left\|a_{n k}\right\|$ :

\[
\sigma_{n}=\sum_{k=1}^{\infty} a_{n k} s_{k}, n=1,2, \ldots
\]

(см. Матричные методы суммирования), то преобразование (*) и матрицу этого преобразования $\left\|a_{n k}\right\|$ наз. ре г уля р ными.

Наиболее распространенные методы суммирования, как правило, регулярны. Напр., регулярными являются Чезаро метод суммирования $(C, k)$ при $k \geqslant 0$, Гёльдера методы суммирования, Абеля метод суммирования и др. Существуют нерегулярные методы суммирования. Напр., метод суммирования Чезаро $(C, k)$ при $k&lt;0$, Римана метод суммирования не являются регулярными.

Метод суммирования наз. в п о л н е р е г у л я рным ме тодом с умми рования, если он регулярен и каждый ряд (последовательность) с действительными членами, сходящийся $к+\infty$ (или $-\infty)$, суммируется этим методом также к $+\infty$ (соответственно $-\infty)$. P. м. с., определенный положительной матрицей, является вполне регулярным (см. также Регулярности признаки).

Лum.: [1] X а р д и Г., Расходящиеся ряды, пер. с англ., М., 1951; [2] К ук Р., Бесконечные матрицы и пространства последовательностей, пер. с англ., М., 1960; [3] К а н г р о Г. Ф., в сб.: Итоги науки и техники. Математический анализ, 'т. 12

![](https://cdn.mathpix.com/cropped/2023_07_08_eeb93b2ffb56c719e51fg-1.jpg?height=44&amp;width=804&amp;top_left_y=1774&amp;top_left_x=985)</text_orig>
</article>
