<?xml version="1.0" ?>
<article uri="http://libmeta.ru/me/article/1033_REGU" alphabetic_pos="1033">
  <title>РЕГУ ЛЯРНЫЙ АВТОМОРФИЗМ</title>
  <authors/>
  <pages>
    <start>473</start>
    <end>473</end>
  </pages>
  <literature>
    <literature_orig>Jum.: [1] Go r e n s t e i n D., Finite groups, N. Y., 1968 [2] T h o m p s o n J. G., &quot;proc. Nac. Res. Acad. Sci.», 1959 ,</literature_orig>
    <unit>
      <author>Gorenstein D.</author>
      <title>Finite groups, N. Y.</title>
      <publication/>
      <year>1968</year>
      <other/>
    </unit>
    <unit>
      <author>Thompson J. G.</author>
      <title>&quot;proc. Nac. Res. Acad. Sci.»</title>
      <publication/>
      <year>1959</year>
      <other/>
    </unit>
  </literature>
  <formulas_main/>
  <formulas_aux>
    <formula uri="http://libmeta.ru/me/formula/aux/1033_1_REGU">\varphi</formula>
    <formula uri="http://libmeta.ru/me/formula/aux/1033_2_REGU">g</formula>
    <formula uri="http://libmeta.ru/me/formula/aux/1033_3_REGU">g \varphi \neq g</formula>
    <formula uri="http://libmeta.ru/me/formula/aux/1033_4_REGU">g</formula>
    <formula uri="http://libmeta.ru/me/formula/aux/1033_5_REGU">g</formula>
    <formula uri="http://libmeta.ru/me/formula/aux/1033_6_REGU">\varphi-\mathrm{P}</formula>
    <formula uri="http://libmeta.ru/me/formula/aux/1033_7_REGU">g</formula>
    <formula uri="http://libmeta.ru/me/formula/aux/1033_8_REGU">p</formula>
    <formula uri="http://libmeta.ru/me/formula/aux/1033_9_REGU">p</formula>
    <formula uri="http://libmeta.ru/me/formula/aux/1033_10_REGU">s_{p}</formula>
    <formula uri="http://libmeta.ru/me/formula/aux/1033_11_REGU">\varphi</formula>
    <formula uri="http://libmeta.ru/me/formula/aux/1033_12_REGU">g</formula>
    <formula uri="http://libmeta.ru/me/formula/aux/1033_13_REGU">s_{p}</formula>
  </formulas_aux>
  <relations n="14">
    <relation uri="http://libmeta.ru/me/relation/1033_1_REGU">
      <rel_text>порядка</rel_text>
      <target>http://libmeta.ru/me/article/531_PORJaDO</target>
    </relation>
    <relation uri="http://libmeta.ru/me/relation/1033_2_REGU">
      <rel_text>группы</rel_text>
      <target>http://libmeta.ru/me/article/1207_GRUPІІ</target>
    </relation>
    <relation uri="http://libmeta.ru/me/relation/1033_3_REGU">
      <rel_text>нильпотентна</rel_text>
      <target>http://libmeta.ru/me/article/1024_NIL'ALGEBR</target>
    </relation>
    <relation uri="http://libmeta.ru/me/relation/1033_4_REGU">
      <rel_text>порядка</rel_text>
      <target>http://libmeta.ru/me/article/531_PORJaDO</target>
    </relation>
    <relation uri="http://libmeta.ru/me/relation/1033_5_REGU">
      <rel_text>группа</rel_text>
      <target>http://libmeta.ru/me/article/1207_GRUPІІ</target>
    </relation>
    <relation uri="http://libmeta.ru/me/relation/1033_6_REGU">
      <rel_text>группы</rel_text>
      <target>http://libmeta.ru/me/article/1207_GRUPІІ</target>
    </relation>
    <relation uri="http://libmeta.ru/me/relation/1033_7_REGU">
      <rel_text>отображает</rel_text>
      <target>http://libmeta.ru/me/article/128_OTOBRAZhENI</target>
    </relation>
    <relation uri="http://libmeta.ru/me/relation/1033_8_REGU">
      <rel_text>группы</rel_text>
      <target>http://libmeta.ru/me/article/1207_GRUPІІ</target>
    </relation>
    <relation uri="http://libmeta.ru/me/relation/1033_9_REGU">
      <rel_text>порядок</rel_text>
      <target>http://libmeta.ru/me/article/531_PORJaDO</target>
    </relation>
    <relation uri="http://libmeta.ru/me/relation/1033_10_REGU">
      <rel_text>группы</rel_text>
      <target>http://libmeta.ru/me/article/1207_GRUPІІ</target>
    </relation>
    <relation uri="http://libmeta.ru/me/relation/1033_11_REGU">
      <rel_text>группы</rel_text>
      <target>http://libmeta.ru/me/article/1207_GRUPІІ</target>
    </relation>
    <relation uri="http://libmeta.ru/me/relation/1033_12_REGU">
      <rel_text>группы</rel_text>
      <target>http://libmeta.ru/me/article/1207_GRUPІІ</target>
    </relation>
    <relation uri="http://libmeta.ru/me/relation/1033_13_REGU">
      <rel_text>группы</rel_text>
      <target>http://libmeta.ru/me/article/1207_GRUPІІ</target>
    </relation>
    <relation uri="http://libmeta.ru/me/relation/1033_14_REGU">
      <rel_text>автоморфизм</rel_text>
      <target>http://libmeta.ru/me/article/54_AVTOMoRFIZ</target>
    </relation>
  </relations>
  <text>URI[[http://libmeta.ru/me/relation/1033_14_REGU]]/URI $URI[[http://libmeta.ru/me/formula/aux/1033_1_REGU]]/URI$ URI[[http://libmeta.ru/me/relation/1033_13_REGU]]/URI $URI[[http://libmeta.ru/me/formula/aux/1033_2_REGU]]/URI$ такой, что $URI[[http://libmeta.ru/me/formula/aux/1033_3_REGU]]/URI$ ни для какого неединичного элемента $URI[[http://libmeta.ru/me/formula/aux/1033_4_REGU]]/URI$ URI[[http://libmeta.ru/me/relation/1033_12_REGU]]/URI $URI[[http://libmeta.ru/me/formula/aux/1033_5_REGU]]/URI$ (т. е. образы всех неединичных әлементов URI[[http://libmeta.ru/me/relation/1033_11_REGU]]/URI при Р. а. должны быть отличны от своих прообразов). Если $URI[[http://libmeta.ru/me/formula/aux/1033_6_REGU]]/URI$. а. конечной URI[[http://libmeta.ru/me/relation/1033_10_REGU]]/URI $URI[[http://libmeta.ru/me/formula/aux/1033_7_REGU]]/URI$, то для каждого простого $URI[[http://libmeta.ru/me/formula/aux/1033_8_REGU]]/URI$, делящего URI[[http://libmeta.ru/me/relation/1033_9_REGU]]/URI URI[[http://libmeta.ru/me/relation/1033_8_REGU]]/URI, он оставляет инвариантной (т. е. URI[[http://libmeta.ru/me/relation/1033_7_REGU]]/URI в себя) единственную силовскую $URI[[http://libmeta.ru/me/formula/aux/1033_9_REGU]]/URI$-подгруппу $URI[[http://libmeta.ru/me/formula/aux/1033_10_REGU]]/URI$ и любая инвариантная относительно $URI[[http://libmeta.ru/me/formula/aux/1033_11_REGU]]/URI$-подгруппа URI[[http://libmeta.ru/me/relation/1033_6_REGU]]/URI $URI[[http://libmeta.ru/me/formula/aux/1033_12_REGU]]/URI$ содержится в $URI[[http://libmeta.ru/me/formula/aux/1033_13_REGU]]/URI$. Конечная URI[[http://libmeta.ru/me/relation/1033_5_REGU]]/URI, допускающая P. a. простого URI[[http://libmeta.ru/me/relation/1033_4_REGU]]/URI, URI[[http://libmeta.ru/me/relation/1033_3_REGU]]/URI [2], однако существуют разрешимые ненильпотентные URI[[http://libmeta.ru/me/relation/1033_2_REGU]]/URI, допускающие Р. а. составного URI[[http://libmeta.ru/me/relation/1033_1_REGU]]/URI.</text>
  <text_orig>автоморфизМ $\varphi$ группы $G$ такой, что $g \varphi \neq g$ ни для какого неединичного элемента $g$ группы $G$ (т. е. образы всех неединичных әлементов группы при Р. а. должны быть отличны от своих прообразов). Если $\varphi-\mathrm{P}$. а. конечной группы $G$, то для каждого простого $p$, делящего порядок группы, он оставляет инвариантной (т. е. отображает в себя) единственную силовскую $p$-подгруппу $S_{p}$ и любая инвариантная относительно $\varphi$-подгруппа группы $G$ содержится в $S_{p}$. Конечная группа, допускающая P. a. простого порядка, нильпотентна [2], однако существуют разрешимые ненильпотентные группы, допускающие Р. а. составного порядка.

Jum.: [1] Go r e n s t e i n D., Finite groups, N. Y., 1968 [2] T h o m p s o n J. G., &quot;Proc. Nac. Res. Acad. Sci.», 1959 ,</text_orig>
</article>
