<?xml version="1.0" ?>
<article uri="http://libmeta.ru/me/article/1033_GIL'BERTA" alphabetic_pos="1033">
  <title>ГИЛЬБЕРТА СИСТЕМА АКСИОМ</title>
  <authors>
    <author>В. Т. Базылев</author>
  </authors>
  <pages>
    <start>486</start>
    <end>487</end>
  </pages>
  <literature>
    <literature_orig>Лит.: [1] $\gamma$ и л ь б е р т Д., Основания геометрии, пер. с нем., М.- Ј., 1948; [2] Е ф и м о в Н. В., Высшая геометрия, 5 изд., М., 1971.</literature_orig>
    <unit>
      <author>$\gamma$ильберт Д.</author>
      <title>Основания геометрии</title>
      <publication>пер. с нем., М.- Ј.</publication>
      <year>1948</year>
      <other/>
    </unit>
    <unit>
      <author>Ефимов Н. В.</author>
      <title>Высшая геометрия</title>
      <publication>5 изд., М.</publication>
      <year>1971</year>
      <other/>
    </unit>
  </literature>
  <formulas_main/>
  <formulas_aux>
    <formula uri="http://libmeta.ru/me/formula/aux/1033_1_GIL'BERTA">\mathbf{i}_{1}</formula>
    <formula uri="http://libmeta.ru/me/formula/aux/1033_2_GIL'BERTA">\mathrm{i}_{2}</formula>
    <formula uri="http://libmeta.ru/me/formula/aux/1033_3_GIL'BERTA">\mathrm{i}_{3}</formula>
    <formula uri="http://libmeta.ru/me/formula/aux/1033_4_GIL'BERTA">\mathrm{i}_{4}</formula>
    <formula uri="http://libmeta.ru/me/formula/aux/1033_5_GIL'BERTA">\mathrm{i}_{5}</formula>
    <formula uri="http://libmeta.ru/me/formula/aux/1033_6_GIL'BERTA">\mathrm{i}_{6}</formula>
    <formula uri="http://libmeta.ru/me/formula/aux/1033_7_GIL'BERTA">a, B</formula>
    <formula uri="http://libmeta.ru/me/formula/aux/1033_8_GIL'BERTA">a</formula>
    <formula uri="http://libmeta.ru/me/formula/aux/1033_9_GIL'BERTA">\alpha</formula>
    <formula uri="http://libmeta.ru/me/formula/aux/1033_10_GIL'BERTA">a</formula>
    <formula uri="http://libmeta.ru/me/formula/aux/1033_11_GIL'BERTA">\alpha . \mathrm{I}_{7}</formula>
    <formula uri="http://libmeta.ru/me/formula/aux/1033_12_GIL'BERTA">\mathrm{i}_{8}</formula>
    <formula uri="http://libmeta.ru/me/formula/aux/1033_13_GIL'BERTA">\mathrm{i}_{1}</formula>
    <formula uri="http://libmeta.ru/me/formula/aux/1033_14_GIL'BERTA">b</formula>
    <formula uri="http://libmeta.ru/me/formula/aux/1033_15_GIL'BERTA">a</formula>
    <formula uri="http://libmeta.ru/me/formula/aux/1033_16_GIL'BERTA">c</formula>
    <formula uri="http://libmeta.ru/me/formula/aux/1033_17_GIL'BERTA">a, B, C-</formula>
    <formula uri="http://libmeta.ru/me/formula/aux/1033_18_GIL'BERTA">b</formula>
    <formula uri="http://libmeta.ru/me/formula/aux/1033_19_GIL'BERTA">c</formula>
    <formula uri="http://libmeta.ru/me/formula/aux/1033_20_GIL'BERTA">a</formula>
    <formula uri="http://libmeta.ru/me/formula/aux/1033_21_GIL'BERTA">\mathrm{ii}_{2}</formula>
    <formula uri="http://libmeta.ru/me/formula/aux/1033_22_GIL'BERTA">a</formula>
    <formula uri="http://libmeta.ru/me/formula/aux/1033_23_GIL'BERTA">b</formula>
    <formula uri="http://libmeta.ru/me/formula/aux/1033_24_GIL'BERTA">a B</formula>
    <formula uri="http://libmeta.ru/me/formula/aux/1033_25_GIL'BERTA">c</formula>
    <formula uri="http://libmeta.ru/me/formula/aux/1033_26_GIL'BERTA">b</formula>
    <formula uri="http://libmeta.ru/me/formula/aux/1033_27_GIL'BERTA">a</formula>
    <formula uri="http://libmeta.ru/me/formula/aux/1033_28_GIL'BERTA">c</formula>
    <formula uri="http://libmeta.ru/me/formula/aux/1033_29_GIL'BERTA">\mathrm{ii}_{3}</formula>
    <formula uri="http://libmeta.ru/me/formula/aux/1033_30_GIL'BERTA">\mathrm{ii}_{4}</formula>
    <formula uri="http://libmeta.ru/me/formula/aux/1033_31_GIL'BERTA">a, B, C-</formula>
    <formula uri="http://libmeta.ru/me/formula/aux/1033_32_GIL'BERTA">a</formula>
    <formula uri="http://libmeta.ru/me/formula/aux/1033_33_GIL'BERTA">a B C</formula>
    <formula uri="http://libmeta.ru/me/formula/aux/1033_34_GIL'BERTA">a, B, C</formula>
    <formula uri="http://libmeta.ru/me/formula/aux/1033_35_GIL'BERTA">a</formula>
    <formula uri="http://libmeta.ru/me/formula/aux/1033_36_GIL'BERTA">a B</formula>
    <formula uri="http://libmeta.ru/me/formula/aux/1033_37_GIL'BERTA">a C</formula>
    <formula uri="http://libmeta.ru/me/formula/aux/1033_38_GIL'BERTA">b C</formula>
    <formula uri="http://libmeta.ru/me/formula/aux/1033_39_GIL'BERTA">\equiv) . I_{1}</formula>
    <formula uri="http://libmeta.ru/me/formula/aux/1033_40_GIL'BERTA">a B</formula>
    <formula uri="http://libmeta.ru/me/formula/aux/1033_41_GIL'BERTA">o X</formula>
    <formula uri="http://libmeta.ru/me/formula/aux/1033_42_GIL'BERTA">o X</formula>
    <formula uri="http://libmeta.ru/me/formula/aux/1033_43_GIL'BERTA">b^{\prime}</formula>
    <formula uri="http://libmeta.ru/me/formula/aux/1033_44_GIL'BERTA">a B</formula>
    <formula uri="http://libmeta.ru/me/formula/aux/1033_45_GIL'BERTA">o B^{\prime}</formula>
    <formula uri="http://libmeta.ru/me/formula/aux/1033_46_GIL'BERTA">a B \equiv O B^{\prime}</formula>
    <formula uri="http://libmeta.ru/me/formula/aux/1033_47_GIL'BERTA">_{2}</formula>
    <formula uri="http://libmeta.ru/me/formula/aux/1033_48_GIL'BERTA">a^{\prime} B^{\prime} \equiv A B</formula>
    <formula uri="http://libmeta.ru/me/formula/aux/1033_49_GIL'BERTA">a^{\prime \prime} B^{\prime \prime} \equiv</formula>
    <formula uri="http://libmeta.ru/me/formula/aux/1033_50_GIL'BERTA">a^{\prime} B^{\prime}</formula>
    <formula uri="http://libmeta.ru/me/formula/aux/1033_51_GIL'BERTA">b^{\prime} C^{\prime}</formula>
    <formula uri="http://libmeta.ru/me/formula/aux/1033_52_GIL'BERTA">a B \equiv A^{\prime} B^{\prime}</formula>
    <formula uri="http://libmeta.ru/me/formula/aux/1033_53_GIL'BERTA">b C \equiv B^{\prime} C^{\prime}</formula>
    <formula uri="http://libmeta.ru/me/formula/aux/1033_54_GIL'BERTA">a C \equiv A^{\prime} C^{\prime}</formula>
    <formula uri="http://libmeta.ru/me/formula/aux/1033_55_GIL'BERTA">{ }_{4}</formula>
    <formula uri="http://libmeta.ru/me/formula/aux/1033_56_GIL'BERTA">a O B</formula>
    <formula uri="http://libmeta.ru/me/formula/aux/1033_57_GIL'BERTA">o^{\prime} A^{\prime}</formula>
    <formula uri="http://libmeta.ru/me/formula/aux/1033_58_GIL'BERTA">\pi^{\prime}</formula>
    <formula uri="http://libmeta.ru/me/formula/aux/1033_59_GIL'BERTA">o^{\prime} A^{\prime}</formula>
    <formula uri="http://libmeta.ru/me/formula/aux/1033_60_GIL'BERTA">\pi^{\prime}</formula>
    <formula uri="http://libmeta.ru/me/formula/aux/1033_61_GIL'BERTA">o^{\prime} B^{\prime}</formula>
    <formula uri="http://libmeta.ru/me/formula/aux/1033_62_GIL'BERTA">\angle A O B \equiv \angle A^{\prime} O^{\prime} B^{\prime}</formula>
    <formula uri="http://libmeta.ru/me/formula/aux/1033_63_GIL'BERTA">_{5}</formula>
    <formula uri="http://libmeta.ru/me/formula/aux/1033_64_GIL'BERTA">a B C</formula>
    <formula uri="http://libmeta.ru/me/formula/aux/1033_65_GIL'BERTA">a^{\prime} B^{\prime} C^{\prime}</formula>
    <formula uri="http://libmeta.ru/me/formula/aux/1033_66_GIL'BERTA">a B \equiv A^{\prime} B^{\prime}, A C \equiv A^{\prime} C^{\prime}</formula>
    <formula uri="http://libmeta.ru/me/formula/aux/1033_67_GIL'BERTA">\angle B A C \equiv \angle B^{\prime} A^{\prime} C^{\prime}</formula>
    <formula uri="http://libmeta.ru/me/formula/aux/1033_68_GIL'BERTA">\angle A B C \equiv \angle A^{\prime} B^{\prime} C^{\prime}</formula>
    <formula uri="http://libmeta.ru/me/formula/aux/1033_69_GIL'BERTA">\mathrm{iv}_{1}</formula>
    <formula uri="http://libmeta.ru/me/formula/aux/1033_70_GIL'BERTA">a B</formula>
    <formula uri="http://libmeta.ru/me/formula/aux/1033_71_GIL'BERTA">c D-</formula>
    <formula uri="http://libmeta.ru/me/formula/aux/1033_72_GIL'BERTA">a B</formula>
    <formula uri="http://libmeta.ru/me/formula/aux/1033_73_GIL'BERTA">a_{1}, A_{2}, \ldots, A_{n}</formula>
    <formula uri="http://libmeta.ru/me/formula/aux/1033_74_GIL'BERTA">a_{1}</formula>
    <formula uri="http://libmeta.ru/me/formula/aux/1033_75_GIL'BERTA">a</formula>
    <formula uri="http://libmeta.ru/me/formula/aux/1033_76_GIL'BERTA">a_{2}</formula>
    <formula uri="http://libmeta.ru/me/formula/aux/1033_77_GIL'BERTA">a_{2}</formula>
    <formula uri="http://libmeta.ru/me/formula/aux/1033_78_GIL'BERTA">a_{1}</formula>
    <formula uri="http://libmeta.ru/me/formula/aux/1033_79_GIL'BERTA">a_{3}</formula>
    <formula uri="http://libmeta.ru/me/formula/aux/1033_80_GIL'BERTA">a A_{1}, A_{1} A_{2}</formula>
    <formula uri="http://libmeta.ru/me/formula/aux/1033_81_GIL'BERTA">a_{n-1} A_{n}</formula>
    <formula uri="http://libmeta.ru/me/formula/aux/1033_82_GIL'BERTA">c D</formula>
    <formula uri="http://libmeta.ru/me/formula/aux/1033_83_GIL'BERTA">b</formula>
    <formula uri="http://libmeta.ru/me/formula/aux/1033_84_GIL'BERTA">a</formula>
    <formula uri="http://libmeta.ru/me/formula/aux/1033_85_GIL'BERTA">a_{n}</formula>
    <formula uri="http://libmeta.ru/me/formula/aux/1033_86_GIL'BERTA">\mathrm{iv}_{2}</formula>
    <formula uri="http://libmeta.ru/me/formula/aux/1033_87_GIL'BERTA">a</formula>
    <formula uri="http://libmeta.ru/me/formula/aux/1033_88_GIL'BERTA">a_{1} B_{1}, A_{2} B_{2}, . .</formula>
    <formula uri="http://libmeta.ru/me/formula/aux/1033_89_GIL'BERTA">c D</formula>
    <formula uri="http://libmeta.ru/me/formula/aux/1033_90_GIL'BERTA">n</formula>
    <formula uri="http://libmeta.ru/me/formula/aux/1033_91_GIL'BERTA">a_{n} B_{n}&lt;C D</formula>
    <formula uri="http://libmeta.ru/me/formula/aux/1033_92_GIL'BERTA">a</formula>
    <formula uri="http://libmeta.ru/me/formula/aux/1033_93_GIL'BERTA">m</formula>
    <formula uri="http://libmeta.ru/me/formula/aux/1033_94_GIL'BERTA">a</formula>
    <formula uri="http://libmeta.ru/me/formula/aux/1033_95_GIL'BERTA">a</formula>
    <formula uri="http://libmeta.ru/me/formula/aux/1033_96_GIL'BERTA">a</formula>
    <formula uri="http://libmeta.ru/me/formula/aux/1033_97_GIL'BERTA">a</formula>
    <formula uri="http://libmeta.ru/me/formula/aux/1033_98_GIL'BERTA">a</formula>
    <formula uri="http://libmeta.ru/me/formula/aux/1033_99_GIL'BERTA">г</formula>
  </formulas_aux>
  <relations n="1">
    <relation uri="http://libmeta.ru/me/relation/1033_1_GIL'BERTA">
      <rel_text>евклидовой геометрии</rel_text>
      <target>http://libmeta.ru/me/article/382_EVKLIDOVA</target>
    </relation>
  </relations>
  <text>е в к л и д о в о й ге о м е т р и и - система аксиом, предложенная в 1899 Д. Гильбертом (см. [1]). Со времени первой публикации Г. с. а. Д. Гильберт внес в систему аксиом различные изменения іл уточнения.

Основными (неопределяемыми) понятиями в Г. с. а. являются объекты: точкі, прямые и плоскости и отношения между ними, выражаемые словами: «принадлежит&quot;, «между&quot;, &quot;конгруэнтен». Природа основных объектов и отношений между ними может быть какой угодно, лишь бы эти объекты и отношения удовлетворяли указанным аксиомам.

Г. с. а. содержит 20 аксиом, к-рые разбиты на пять групп.

I группа состоит из восьми аксиом принадлежности (соединения), к-рые описывают отношение «принадлежит». I $URI[[http://libmeta.ru/me/formula/aux/1033_1_GIL'BERTA]]/URI$ Для любых двух точек существует прямая, проходящая через каждую из этих двух точек. $URI[[http://libmeta.ru/me/formula/aux/1033_2_GIL'BERTA]]/URI$. Для двух различных точек существует не более одной прямой, проходящей через каждую из этих двух точек. $URI[[http://libmeta.ru/me/formula/aux/1033_3_GIL'BERTA]]/URI$. На каждой прямой лежат по крайней мере две точки. Существуют по крайней мере три точки, не лежащие на одной прямой. $URI[[http://libmeta.ru/me/formula/aux/1033_4_GIL'BERTA]]/URI$. Для любых трех точек, не лежащих на одной прямой, существует плоскость, проходящая через каждую из этих трех точек. На каждой плоскости лежит по крайней мере одна точка. $URI[[http://libmeta.ru/me/formula/aux/1033_5_GIL'BERTA]]/URI$. Для любых трех точек, не лежащих на одной прямой, существует не более одной плоскости, проходящей через каждую из этих трех точек. $URI[[http://libmeta.ru/me/formula/aux/1033_6_GIL'BERTA]]/URI$. Если две точки $URI[[http://libmeta.ru/me/formula/aux/1033_7_GIL'BERTA]]/URI$ прямой $URI[[http://libmeta.ru/me/formula/aux/1033_8_GIL'BERTA]]/URI$ лежат в плоскости $URI[[http://libmeta.ru/me/formula/aux/1033_9_GIL'BERTA]]/URI$, то всякая точка прямой $URI[[http://libmeta.ru/me/formula/aux/1033_10_GIL'BERTA]]/URI$ лежит в плоскости $URI[[http://libmeta.ru/me/formula/aux/1033_11_GIL'BERTA]]/URI$. Если две плоскости имеют общую точку, то они имеют еще по крайней мере одну общую точку. $URI[[http://libmeta.ru/me/formula/aux/1033_12_GIL'BERTA]]/URI$. Существуют по крайней мере четыре точки, не лежащие в одной плоскости.

Ii группа содержит четыре аксиомы порядка, описывающие отношение «между&quot;. Ii $URI[[http://libmeta.ru/me/formula/aux/1033_13_GIL'BERTA]]/URI$. Если точка $URI[[http://libmeta.ru/me/formula/aux/1033_14_GIL'BERTA]]/URI$ лежит между точкой $URI[[http://libmeta.ru/me/formula/aux/1033_15_GIL'BERTA]]/URI$ и точкой $URI[[http://libmeta.ru/me/formula/aux/1033_16_GIL'BERTA]]/URI$, то $URI[[http://libmeta.ru/me/formula/aux/1033_17_GIL'BERTA]]/URI$ различные точки одной прямой и $URI[[http://libmeta.ru/me/formula/aux/1033_18_GIL'BERTA]]/URI$ лежит также между $URI[[http://libmeta.ru/me/formula/aux/1033_19_GIL'BERTA]]/URI$ и $URI[[http://libmeta.ru/me/formula/aux/1033_20_GIL'BERTA]]/URI$. $URI[[http://libmeta.ru/me/formula/aux/1033_21_GIL'BERTA]]/URI$. Для любых двух точек $URI[[http://libmeta.ru/me/formula/aux/1033_22_GIL'BERTA]]/URI$ и $URI[[http://libmeta.ru/me/formula/aux/1033_23_GIL'BERTA]]/URI$ на прямой $URI[[http://libmeta.ru/me/formula/aux/1033_24_GIL'BERTA]]/URI$ супествует по крайней мере одна точка $URI[[http://libmeta.ru/me/formula/aux/1033_25_GIL'BERTA]]/URI$ такая, что точка $URI[[http://libmeta.ru/me/formula/aux/1033_26_GIL'BERTA]]/URI$ лежит между $URI[[http://libmeta.ru/me/formula/aux/1033_27_GIL'BERTA]]/URI$ и $URI[[http://libmeta.ru/me/formula/aux/1033_28_GIL'BERTA]]/URI$. $URI[[http://libmeta.ru/me/formula/aux/1033_29_GIL'BERTA]]/URI$. Среди любых трех точек прямой существует не более одной точки, лежащей между двумя другими. $URI[[http://libmeta.ru/me/formula/aux/1033_30_GIL'BERTA]]/URI$ (а к с и о м а П а ша). Пусть $URI[[http://libmeta.ru/me/formula/aux/1033_31_GIL'BERTA]]/URI$ три точки, не лежащие на одной прямой, и $URI[[http://libmeta.ru/me/formula/aux/1033_32_GIL'BERTA]]/URI$ - прямая в плоскости $URI[[http://libmeta.ru/me/formula/aux/1033_33_GIL'BERTA]]/URI$, не проходящая ни через одну из точек $URI[[http://libmeta.ru/me/formula/aux/1033_34_GIL'BERTA]]/URI$. Тогда, если прямая $URI[[http://libmeta.ru/me/formula/aux/1033_35_GIL'BERTA]]/URI$ проходит через внутреннюю точку отрезка $URI[[http://libmeta.ru/me/formula/aux/1033_36_GIL'BERTA]]/URI$, то она проходит также через внутреннюю точку отрезка $URI[[http://libmeta.ru/me/formula/aux/1033_37_GIL'BERTA]]/URI$ или через внутреннюю точку отрезка $URI[[http://libmeta.ru/me/formula/aux/1033_38_GIL'BERTA]]/URI$.

Iii группа содержит пять аксиом конгруэнтности, к-рые описывают отношение «конгруэнтен» (это отношение Гильберт обозначает знаком $URI[[http://libmeta.ru/me/formula/aux/1033_39_GIL'BERTA]]/URI$. Если даны отрезок $URI[[http://libmeta.ru/me/formula/aux/1033_40_GIL'BERTA]]/URI$ и луч $URI[[http://libmeta.ru/me/formula/aux/1033_41_GIL'BERTA]]/URI$, то на луче $URI[[http://libmeta.ru/me/formula/aux/1033_42_GIL'BERTA]]/URI$ существует точка $URI[[http://libmeta.ru/me/formula/aux/1033_43_GIL'BERTA]]/URI$ такая, что отрезок $URI[[http://libmeta.ru/me/formula/aux/1033_44_GIL'BERTA]]/URI$ конгруәнтен отрезку $URI[[http://libmeta.ru/me/formula/aux/1033_45_GIL'BERTA]]/URI$, то есть $URI[[http://libmeta.ru/me/formula/aux/1033_46_GIL'BERTA]]/URI$. Iii г $URI[[http://libmeta.ru/me/formula/aux/1033_47_GIL'BERTA]]/URI$. Если $URI[[http://libmeta.ru/me/formula/aux/1033_48_GIL'BERTA]]/URI$ и $URI[[http://libmeta.ru/me/formula/aux/1033_49_GIL'BERTA]]/URI$

![](https://cdn.mathpix.com/cropped/2023_07_08_40c487ea58da86eb6f4eg-1.jpg?height=40&amp;width=826&amp;top_left_y=1042&amp;top_left_x=996)
ка на прямой, не имеющие общих внутренних точек, а $URI[[http://libmeta.ru/me/formula/aux/1033_50_GIL'BERTA]]/URI$ и $URI[[http://libmeta.ru/me/formula/aux/1033_51_GIL'BERTA]]/URI$ - два отрезка на той же или на другой прямой, тоже не имеющие обцих внутренних точек. Тогда, если $URI[[http://libmeta.ru/me/formula/aux/1033_52_GIL'BERTA]]/URI$ и $URI[[http://libmeta.ru/me/formula/aux/1033_53_GIL'BERTA]]/URI$, то $URI[[http://libmeta.ru/me/formula/aux/1033_54_GIL'BERTA]]/URI$. Iii $URI[[http://libmeta.ru/me/formula/aux/1033_55_GIL'BERTA]]/URI$. Пусть даны угол $URI[[http://libmeta.ru/me/formula/aux/1033_56_GIL'BERTA]]/URI$, луч $URI[[http://libmeta.ru/me/formula/aux/1033_57_GIL'BERTA]]/URI$ и полуплоскость $URI[[http://libmeta.ru/me/formula/aux/1033_58_GIL'BERTA]]/URI$, ограниченная прямой $URI[[http://libmeta.ru/me/formula/aux/1033_59_GIL'BERTA]]/URI$. Тогда в полуплоскости $URI[[http://libmeta.ru/me/formula/aux/1033_60_GIL'BERTA]]/URI$ существует один и только один луч $URI[[http://libmeta.ru/me/formula/aux/1033_61_GIL'BERTA]]/URI$ такой, что $URI[[http://libmeta.ru/me/formula/aux/1033_62_GIL'BERTA]]/URI$. Кроме того, каждый угол конгруэнтен самому себе. Iii $URI[[http://libmeta.ru/me/formula/aux/1033_63_GIL'BERTA]]/URI$. Если для двух треугольников $URI[[http://libmeta.ru/me/formula/aux/1033_64_GIL'BERTA]]/URI$ и $URI[[http://libmeta.ru/me/formula/aux/1033_65_GIL'BERTA]]/URI$ пмеем: $URI[[http://libmeta.ru/me/formula/aux/1033_66_GIL'BERTA]]/URI$, $URI[[http://libmeta.ru/me/formula/aux/1033_67_GIL'BERTA]]/URI$, то $URI[[http://libmeta.ru/me/formula/aux/1033_68_GIL'BERTA]]/URI$.

Iv группа состоит из двух аксіом ненрерывности. $URI[[http://libmeta.ru/me/formula/aux/1033_69_GIL'BERTA]]/URI$ (а к с и ом а А р х и ме д а). Пусть $URI[[http://libmeta.ru/me/formula/aux/1033_70_GIL'BERTA]]/URI$ и $URI[[http://libmeta.ru/me/formula/aux/1033_71_GIL'BERTA]]/URI$ два каких-нибудь отрезка. Тогда на прямой $URI[[http://libmeta.ru/me/formula/aux/1033_72_GIL'BERTA]]/URI$ существует конечное множество точек $URI[[http://libmeta.ru/me/formula/aux/1033_73_GIL'BERTA]]/URI$ таких, что точка $URI[[http://libmeta.ru/me/formula/aux/1033_74_GIL'BERTA]]/URI$ лежит между $URI[[http://libmeta.ru/me/formula/aux/1033_75_GIL'BERTA]]/URI$ и $URI[[http://libmeta.ru/me/formula/aux/1033_76_GIL'BERTA]]/URI$, точка $URI[[http://libmeta.ru/me/formula/aux/1033_77_GIL'BERTA]]/URI$ лежит между $URI[[http://libmeta.ru/me/formula/aux/1033_78_GIL'BERTA]]/URI$ и $URI[[http://libmeta.ru/me/formula/aux/1033_79_GIL'BERTA]]/URI$ и т. д., причем отрезки $URI[[http://libmeta.ru/me/formula/aux/1033_80_GIL'BERTA]]/URI$, . . ., $URI[[http://libmeta.ru/me/formula/aux/1033_81_GIL'BERTA]]/URI$ конгруэнтны отрезку $URI[[http://libmeta.ru/me/formula/aux/1033_82_GIL'BERTA]]/URI$ и $URI[[http://libmeta.ru/me/formula/aux/1033_83_GIL'BERTA]]/URI$ лежит между $URI[[http://libmeta.ru/me/formula/aux/1033_84_GIL'BERTA]]/URI$ и $URI[[http://libmeta.ru/me/formula/aux/1033_85_GIL'BERTA]]/URI$. $URI[[http://libmeta.ru/me/formula/aux/1033_86_GIL'BERTA]]/URI$ (а к с и о м а К а н т о р а). Пусть на какой-либо прямой $URI[[http://libmeta.ru/me/formula/aux/1033_87_GIL'BERTA]]/URI$ дана бесконечная последовательность отрезков $URI[[http://libmeta.ru/me/formula/aux/1033_88_GIL'BERTA]]/URI$, удовлетворяющая двум условиям: a) каждый последующий отрезок есть часть предыдущего, б) для любого наперед заданного отрезка $URI[[http://libmeta.ru/me/formula/aux/1033_89_GIL'BERTA]]/URI$ найдется натуральное число $URI[[http://libmeta.ru/me/formula/aux/1033_90_GIL'BERTA]]/URI$ такое, что $URI[[http://libmeta.ru/me/formula/aux/1033_91_GIL'BERTA]]/URI$. Тогда на прямой $URI[[http://libmeta.ru/me/formula/aux/1033_92_GIL'BERTA]]/URI$ существует точка $URI[[http://libmeta.ru/me/formula/aux/1033_93_GIL'BERTA]]/URI$, принадлежащая каждому из отрезков этой последовательности.

V группа содержит одну аксиому о параллельных. Пусть даны прямая $URI[[http://libmeta.ru/me/formula/aux/1033_94_GIL'BERTA]]/URI$ и точка $URI[[http://libmeta.ru/me/formula/aux/1033_95_GIL'BERTA]]/URI$, не лежащая на этой прямой. Тогда в плоскости, определяемой прямой $URI[[http://libmeta.ru/me/formula/aux/1033_96_GIL'BERTA]]/URI$ и точкой, существует не более одной прямой, проходящей через точку $URI[[http://libmeta.ru/me/formula/aux/1033_97_GIL'BERTA]]/URI$ и не пересекающей прямую $URI[[http://libmeta.ru/me/formula/aux/1033_98_GIL'BERTA]]/URI$.

(у Д. Гильберта Iv группа - аксиома о параллельных, V группа - аксиомы непрерывности.)

Все остальные понятия евклидовой геометрии определяются с помощью основных понятий $URI[[http://libmeta.ru/me/formula/aux/1033_99_GIL'BERTA]]/URI$. с. а., а все предложения о свойствах геометрич. фигур, не содержащиеся в Г. с. а., должны быть доказаны чісто логич. выводом из этих аксиом (или предложений, полученных таким же путем).

Г. с. а. обладает свойством полноты; она непротиворечива, если непротиворечива арифметика действительных чисел. Если в Г. с. а. заменить аксиому о параллельных ее отрицанием, то полученная новая система аксиом тоже непротиворечива (система аксиом геометрии Лобачевского), т. е. аксиома о параллельных не зависит от остальных аксиом Г. с. а. Можно установить независимость нек-рых других аксиом Г. с. а. от остальных аксиом этой системы.

Г. с. а. является первым достаточно строгим обоснованием URI[[http://libmeta.ru/me/relation/1033_1_GIL'BERTA]]/URI.</text>
  <text_orig>е в к л и д о в о й ге о м е т р и и - система аксиом, предложенная в 1899 Д. Гильбертом (см. [1]). Со времени первой публикации Г. с. а. Д. Гильберт внес в систему аксиом различные изменения іл уточнения.

Основными (неопределяемыми) понятиями в Г. с. а. являются объекты: точкі, прямые и плоскости и отношения между ними, выражаемые словами: «принадлежит&quot;, «между&quot;, &quot;конгруэнтен». Природа основных объектов и отношений между ними может быть какой угодно, лишь бы эти объекты и отношения удовлетворяли указанным аксиомам.

Г. с. а. содержит 20 аксиом, к-рые разбиты на пять групп.

I группа состоит из восьми аксиом принадлежности (соединения), к-рые описывают отношение «принадлежит». I $\mathbf{I}_{1}$ Для любых двух точек существует прямая, проходящая через каждую из этих двух точек. $\mathrm{I}_{2}$. Для двух различных точек существует не более одной прямой, проходящей через каждую из этих двух точек. $\mathrm{I}_{3}$. На каждой прямой лежат по крайней мере две точки. Существуют по крайней мере три точки, не лежащие на одной прямой. $\mathrm{I}_{4}$. Для любых трех точек, не лежащих на одной прямой, существует плоскость, проходящая через каждую из этих трех точек. На каждой плоскости лежит по крайней мере одна точка. $\mathrm{I}_{5}$. Для любых трех точек, не лежащих на одной прямой, существует не более одной плоскости, проходящей через каждую из этих трех точек. $\mathrm{I}_{6}$. Если две точки $A, B$ прямой $a$ лежат в плоскости $\alpha$, то всякая точка прямой $a$ лежит в плоскости $\alpha . \mathrm{I}_{7}$. Если две плоскости имеют общую точку, то они имеют еще по крайней мере одну общую точку. $\mathrm{I}_{8}$. Существуют по крайней мере четыре точки, не лежащие в одной плоскости.

II группа содержит четыре аксиомы порядка, описывающие отношение «между&quot;. II $\mathrm{I}_{1}$. Если точка $B$ лежит между точкой $A$ и точкой $C$, то $A, B, C-$ различные точки одной прямой и $B$ лежит также между $C$ и $A$. $\mathrm{II}_{2}$. Для любых двух точек $A$ и $B$ на прямой $A B$ супествует по крайней мере одна точка $C$ такая, что точка $B$ лежит между $A$ и $C$. $\mathrm{II}_{3}$. Среди любых трех точек прямой существует не более одной точки, лежащей между двумя другими. $\mathrm{II}_{4}$ (а к с и о м а П а ша). Пусть $A, B, C-$ три точки, не лежащие на одной прямой, и $a$ - прямая в плоскости $A B C$, не проходящая ни через одну из точек $A, B, C$. Тогда, если прямая $a$ проходит через внутреннюю точку отрезка $A B$, то она проходит также через внутреннюю точку отрезка $A C$ или через внутреннюю точку отрезка $B C$.

III группа содержит пять аксиом конгруэнтности, к-рые описывают отношение «конгруэнтен» (это отношение Гильберт обозначает знаком $\equiv) . I_{1}$. Если даны отрезок $A B$ и луч $O X$, то на луче $O X$ существует точка $B^{\prime}$ такая, что отрезок $A B$ конгруәнтен отрезку $O B^{\prime}$, то есть $A B \equiv O B^{\prime}$. III г $_{2}$. Если $A^{\prime} B^{\prime} \equiv A B$ и $A^{\prime \prime} B^{\prime \prime} \equiv$

![](https://cdn.mathpix.com/cropped/2023_07_08_40c487ea58da86eb6f4eg-1.jpg?height=40&amp;width=826&amp;top_left_y=1042&amp;top_left_x=996)
ка на прямой, не имеющие общих внутренних точек, а $A^{\prime} B^{\prime}$ и $B^{\prime} C^{\prime}$ - два отрезка на той же или на другой прямой, тоже не имеющие обцих внутренних точек. Тогда, если $A B \equiv A^{\prime} B^{\prime}$ и $B C \equiv B^{\prime} C^{\prime}$, то $A C \equiv A^{\prime} C^{\prime}$. III ${ }_{4}$. Пусть даны угол $A O B$, луч $O^{\prime} A^{\prime}$ и полуплоскость $\Pi^{\prime}$, ограниченная прямой $O^{\prime} A^{\prime}$. Тогда в полуплоскости $\Pi^{\prime}$ существует один и только один луч $O^{\prime} B^{\prime}$ такой, что $\angle A O B \equiv \angle A^{\prime} O^{\prime} B^{\prime}$. Кроме того, каждый угол конгруэнтен самому себе. III $_{5}$. Если для двух треугольников $A B C$ и $A^{\prime} B^{\prime} C^{\prime}$ пмеем: $A B \equiv A^{\prime} B^{\prime}, A C \equiv A^{\prime} C^{\prime}$, $\angle B A C \equiv \angle B^{\prime} A^{\prime} C^{\prime}$, то $\angle A B C \equiv \angle A^{\prime} B^{\prime} C^{\prime}$.

IV группа состоит из двух аксіом ненрерывности. $\mathrm{IV}_{1}$ (а к с и ом а А р х и ме д а). Пусть $A B$ и $C D-$ два каких-нибудь отрезка. Тогда на прямой $A B$ существует конечное множество точек $A_{1}, A_{2}, \ldots, A_{n}$ таких, что точка $A_{1}$ лежит между $A$ и $A_{2}$, точка $A_{2}$ лежит между $A_{1}$ и $A_{3}$ и т. д., причем отрезки $A A_{1}, A_{1} A_{2}$, . . ., $A_{n-1} A_{n}$ конгруэнтны отрезку $C D$ и $B$ лежит между $A$ и $A_{n}$. $\mathrm{IV}_{2}$ (а к с и о м а К а н т о р а). Пусть на какой-либо прямой $a$ дана бесконечная последовательность отрезков $A_{1} B_{1}, A_{2} B_{2}, . .$, удовлетворяющая двум условиям: a) каждый последующий отрезок есть часть предыдущего, б) для любого наперед заданного отрезка $C D$ найдется натуральное число $n$ такое, что $A_{n} B_{n}&lt;C D$. Тогда на прямой $a$ существует точка $M$, принадлежащая каждому из отрезков этой последовательности.

V группа содержит одну аксиому о параллельных. Пусть даны прямая $a$ и точка $A$, не лежащая на этой прямой. Тогда в плоскости, определяемой прямой $a$ и точкой, существует не более одной прямой, проходящей через точку $A$ и не пересекающей прямую $a$.

(У Д. Гильберта IV группа - аксиома о параллельных, V группа - аксиомы непрерывности.)

Все остальные понятия евклидовой геометрии определяются с помощью основных понятий $Г$. с. а., а все предложения о свойствах геометрич. фигур, не содержащиеся в Г. с. а., должны быть доказаны чісто логич. выводом из этих аксиом (или предложений, полученных таким же путем).

Г. с. а. обладает свойством полноты; она непротиворечива, если непротиворечива арифметика действительных чисел. Если в Г. с. а. заменить аксиому о параллельных ее отрицанием, то полученная новая система аксиом тоже непротиворечива (система аксиом геометрии Лобачевского), т. е. аксиома о параллельных не зависит от остальных аксиом Г. с. а. Можно установить независимость нек-рых других аксиом Г. с. а. от остальных аксиом этой системы.

Г. с. а. является первым достаточно строгим обоснованием евклидовой геометрии.

Лит.: [1] $\Gamma$ и л ь б е р т Д., Основания геометрии, пер. с нем., М.- Ј., 1948; [2] Е ф и м о в Н. В., Высшая геометрия, 5 изд., М., 1971. В. Т. Базылев.</text_orig>
</article>
