<?xml version="1.0" ?>
<article uri="http://libmeta.ru/me/article/1033_IIIEFERA" alphabetic_pos="1033">
  <title>IIIЕФЕРА IIIТРИХ</title>
  <authors/>
  <pages>
    <start>448</start>
    <end>448</end>
  </pages>
  <literature>
    <literature_orig/>
  </literature>
  <formulas_main>
    <formula uri="http://libmeta.ru/me/formula/main/1033_1_IIIEFERA">(A \mid A) \mid(B \mid B) \text {. }</formula>
  </formulas_main>
  <formulas_aux>
    <formula uri="http://libmeta.ru/me/formula/aux/1033_1_IIIEFERA">a</formula>
    <formula uri="http://libmeta.ru/me/formula/aux/1033_2_IIIEFERA">b</formula>
    <formula uri="http://libmeta.ru/me/formula/aux/1033_3_IIIEFERA">a \mid B</formula>
    <formula uri="http://libmeta.ru/me/formula/aux/1033_4_IIIEFERA">\bar{и}</formula>
    <formula uri="http://libmeta.ru/me/formula/aux/1033_5_IIIEFERA">и</formula>
    <formula uri="http://libmeta.ru/me/formula/aux/1033_6_IIIEFERA">j I</formula>
    <formula uri="http://libmeta.ru/me/formula/aux/1033_7_IIIEFERA">и</formula>
    <formula uri="http://libmeta.ru/me/formula/aux/1033_8_IIIEFERA">ј</formula>
    <formula uri="http://libmeta.ru/me/formula/aux/1033_9_IIIEFERA">и</formula>
    <formula uri="http://libmeta.ru/me/formula/aux/1033_10_IIIEFERA">j</formula>
    <formula uri="http://libmeta.ru/me/formula/aux/1033_11_IIIEFERA">и</formula>
    <formula uri="http://libmeta.ru/me/formula/aux/1033_12_IIIEFERA">и</formula>
    <formula uri="http://libmeta.ru/me/formula/aux/1033_13_IIIEFERA">a \mid B</formula>
    <formula uri="http://libmeta.ru/me/formula/aux/1033_14_IIIEFERA">a</formula>
    <formula uri="http://libmeta.ru/me/formula/aux/1033_15_IIIEFERA">b</formula>
    <formula uri="http://libmeta.ru/me/formula/aux/1033_16_IIIEFERA">7 A</formula>
    <formula uri="http://libmeta.ru/me/formula/aux/1033_17_IIIEFERA">a</formula>
    <formula uri="http://libmeta.ru/me/formula/aux/1033_18_IIIEFERA">a \mid \boldsymbol{A} ;</formula>
    <formula uri="http://libmeta.ru/me/formula/aux/1033_19_IIIEFERA">a \vee B</formula>
    <formula uri="http://libmeta.ru/me/formula/aux/1033_20_IIIEFERA">a</formula>
    <formula uri="http://libmeta.ru/me/formula/aux/1033_21_IIIEFERA">b</formula>
    <formula uri="http://libmeta.ru/me/formula/aux/1033_22_IIIEFERA">a \&amp; B</formula>
    <formula uri="http://libmeta.ru/me/formula/aux/1033_23_IIIEFERA">a \rightarrow B</formula>
    <formula uri="http://libmeta.ru/me/formula/aux/1033_24_IIIEFERA">(a \mid B) \mid(A \mid B)</formula>
    <formula uri="http://libmeta.ru/me/formula/aux/1033_25_IIIEFERA">a \mid(B \mid B)</formula>
  </formulas_aux>
  <relations n="3">
    <relation uri="http://libmeta.ru/me/relation/1033_1_IIIEFERA">
      <rel_text>импликация</rel_text>
      <target>http://libmeta.ru/me/article/541_IMPLIKATsI</target>
    </relation>
    <relation uri="http://libmeta.ru/me/relation/1033_2_IIIEFERA">
      <rel_text>отрицание</rel_text>
      <target>http://libmeta.ru/me/article/136_OTRITsANI</target>
    </relation>
    <relation uri="http://libmeta.ru/me/relation/1033_3_IIIEFERA">
      <rel_text>Ii</rel_text>
      <target>http://libmeta.ru/me/article/370_II</target>
    </relation>
  </relations>
  <text>логическая операция, обычно обозначаөмая |, к-рая задается следующей истинностной таблицец:

\begin{tabular}{c|c|c}
$URI[[http://libmeta.ru/me/formula/aux/1033_1_IIIEFERA]]/URI$ &amp; $URI[[http://libmeta.ru/me/formula/aux/1033_2_IIIEFERA]]/URI$ &amp; $URI[[http://libmeta.ru/me/formula/aux/1033_3_IIIEFERA]]/URI$ \\
$URI[[http://libmeta.ru/me/formula/aux/1033_4_IIIEFERA]]/URI$ &amp; $URI[[http://libmeta.ru/me/formula/aux/1033_5_IIIEFERA]]/URI$ &amp; $URI[[http://libmeta.ru/me/formula/aux/1033_6_IIIEFERA]]/URI$ \\
$URI[[http://libmeta.ru/me/formula/aux/1033_7_IIIEFERA]]/URI$ &amp; $URI[[http://libmeta.ru/me/formula/aux/1033_8_IIIEFERA]]/URI$ &amp; $URI[[http://libmeta.ru/me/formula/aux/1033_9_IIIEFERA]]/URI$ \\
$URI[[http://libmeta.ru/me/formula/aux/1033_10_IIIEFERA]]/URI$ &amp; $URI[[http://libmeta.ru/me/formula/aux/1033_11_IIIEFERA]]/URI$ &amp; $URI[[http://libmeta.ru/me/formula/aux/1033_12_IIIEFERA]]/URI$ \\
J &amp; Ј &amp; И
\end{tabular}

Таким образом, высказывание $URI[[http://libmeta.ru/me/formula/aux/1033_13_IIIEFERA]]/URI$ означает, что $URI[[http://libmeta.ru/me/formula/aux/1033_14_IIIEFERA]]/URI$ и $URI[[http://libmeta.ru/me/formula/aux/1033_15_IIIEFERA]]/URI$ несовместны, т. е. не являются истинными одновременно. Через URI[[http://libmeta.ru/me/relation/1033_3_IIIEFERA]]/URI. ш. выражаются все другие логич. огерации. Напр., высказывавие $URI[[http://libmeta.ru/me/formula/aux/1033_16_IIIEFERA]]/URI$ (URI[[http://libmeta.ru/me/relation/1033_2_IIIEFERA]]/URI $URI[[http://libmeta.ru/me/formula/aux/1033_17_IIIEFERA]]/URI$ ) эквивалентно высказыванию $URI[[http://libmeta.ru/me/formula/aux/1033_18_IIIEFERA]]/URI$ дизъюнкция $URI[[http://libmeta.ru/me/formula/aux/1033_19_IIIEFERA]]/URI$ высказываниї $URI[[http://libmeta.ru/me/formula/aux/1033_20_IIIEFERA]]/URI$ и $URI[[http://libmeta.ru/me/formula/aux/1033_21_IIIEFERA]]/URI$ выражается так:

\[
URI[[http://libmeta.ru/me/formula/main/1033_1_IIIEFERA]]/URI
\]

Конъюнкция $URI[[http://libmeta.ru/me/formula/aux/1033_22_IIIEFERA]]/URI$ и URI[[http://libmeta.ru/me/relation/1033_1_IIIEFERA]]/URI $URI[[http://libmeta.ru/me/formula/aux/1033_23_IIIEFERA]]/URI$ выражаются соответственно как $URI[[http://libmeta.ru/me/formula/aux/1033_24_IIIEFERA]]/URI$ и $URI[[http://libmeta.ru/me/formula/aux/1033_25_IIIEFERA]]/URI$. Iii. Ш. был введен в рассмотрение Г. Шеффером [1].

Jium.: [1]] S h ef f e r H., &quot;trans. Amer. Math. Soc.&quot;, 1913,</text>
  <text_orig>логическая операция, обычно обозначаөмая |, к-рая задается следующей истинностной таблицец:

\begin{tabular}{c|c|c}
$A$ &amp; $B$ &amp; $A \mid B$ \\
$\bar{И}$ &amp; $И$ &amp; $J I$ \\
$И$ &amp; $Ј$ &amp; $И$ \\
$J$ &amp; $И$ &amp; $И$ \\
J &amp; Ј &amp; И
\end{tabular}

Таким образом, высказывание $A \mid B$ означает, что $A$ и $B$ несовместны, т. е. не являются истинными одновременно. Через II. ш. выражаются все другие логич. огерации. Напр., высказывавие $7 A$ (отрицание $A$ ) эквивалентно высказыванию $A \mid \boldsymbol{A} ;$ дизъюнкция $A \vee B$ высказываниї $A$ и $B$ выражается так:

\[
(A \mid A) \mid(B \mid B) \text {. }
\]

Конъюнкция $A \&amp; B$ и импликация $A \rightarrow B$ выражаются соответственно как $(A \mid B) \mid(A \mid B)$ и $A \mid(B \mid B)$. III. Ш. был введен в рассмотрение Г. Шеффером [1].

JIum.: [1]] S h ef f e r H., &quot;Trans. Amer. Math. Soc.&quot;, 1913,</text_orig>
</article>
