<?xml version="1.0" ?>
<article uri="http://libmeta.ru/me/article/1034_GIL'BERTA" alphabetic_pos="1034">
  <title>ГИЛЬБЕРТА СХЕМА</title>
  <authors>
    <author>Алгебра. Геометрия. Топо-</author>
  </authors>
  <pages>
    <start>487</start>
    <end>487</end>
  </pages>
  <literature>
    <literature_orig>Лum.: [1] М а м ф о р д Д., Јекции о кривых на алгебраической поверхности, пер. с англ., М., 1968; [2] Д ь ё д о н н е Ж., К е р р о л Д ж., М а м фор д Д., Геометрическая теоe c k A., &quot;seminaire Bourbaki», ann. 13, N.Y.-Amst., 1966 p. 1-28; [4] H a r t s h o r n e R., &quot;publ. math. Ihes&quot;, 1966, t. 29, p. 261-304; [5] Итоги науки.</literature_orig>
    <unit>
      <author>Мамфорд Д.</author>
      <title>Јекции о кривых на алгебраической поверхности</title>
      <publication>пер. с англ., М.</publication>
      <year>1968</year>
      <other/>
    </unit>
    <unit>
      <author>Дьёдонне Ж.</author>
      <title>К е р р о л Д ж., М а м фор д Д., Геометрическая теоe c k A., &quot;seminaire Bourbaki», ann. 13, N.Y.-Amst.</title>
      <publication/>
      <year>1966</year>
      <other>&quot;publ. math. Ihes&quot;, 1966, t. 29, p. 261-304; [5] Итоги науки.</other>
    </unit>
  </literature>
  <formulas_main/>
  <formulas_aux>
    <formula uri="http://libmeta.ru/me/formula/aux/1034_1_GIL'BERTA">x-</formula>
    <formula uri="http://libmeta.ru/me/formula/aux/1034_2_GIL'BERTA">s</formula>
    <formula uri="http://libmeta.ru/me/formula/aux/1034_3_GIL'BERTA">s</formula>
    <formula uri="http://libmeta.ru/me/formula/aux/1034_4_GIL'BERTA">s^{\prime}</formula>
    <formula uri="http://libmeta.ru/me/formula/aux/1034_5_GIL'BERTA">x^{\prime}=x \times S^{\prime}</formula>
    <formula uri="http://libmeta.ru/me/formula/aux/1034_6_GIL'BERTA">s^{\prime}</formula>
    <formula uri="http://libmeta.ru/me/formula/aux/1034_7_GIL'BERTA">\mathrm{hilb}_{x / S}</formula>
    <formula uri="http://libmeta.ru/me/formula/aux/1034_8_GIL'BERTA">\gamma</formula>
    <formula uri="http://libmeta.ru/me/formula/aux/1034_9_GIL'BERTA">s</formula>
    <formula uri="http://libmeta.ru/me/formula/aux/1034_10_GIL'BERTA">x</formula>
    <formula uri="http://libmeta.ru/me/formula/aux/1034_11_GIL'BERTA">(x / S)</formula>
    <formula uri="http://libmeta.ru/me/formula/aux/1034_12_GIL'BERTA">s</formula>
    <formula uri="http://libmeta.ru/me/formula/aux/1034_13_GIL'BERTA">s^{\prime}</formula>
    <formula uri="http://libmeta.ru/me/formula/aux/1034_14_GIL'BERTA">\mathrm{hilb}_{x / S}\left(S^{\prime}\right)=</formula>
    <formula uri="http://libmeta.ru/me/formula/aux/1034_15_GIL'BERTA">=\operatorname{hom}_{s}\left(s^{\prime}\right.</formula>
    <formula uri="http://libmeta.ru/me/formula/aux/1034_16_GIL'BERTA">\left.(X / S)\right)</formula>
    <formula uri="http://libmeta.ru/me/formula/aux/1034_17_GIL'BERTA">s-</formula>
    <formula uri="http://libmeta.ru/me/formula/aux/1034_18_GIL'BERTA">k</formula>
    <formula uri="http://libmeta.ru/me/formula/aux/1034_19_GIL'BERTA">x=p_{k}^{n}-</formula>
    <formula uri="http://libmeta.ru/me/formula/aux/1034_20_GIL'BERTA">k</formula>
    <formula uri="http://libmeta.ru/me/formula/aux/1034_21_GIL'BERTA">k</formula>
    <formula uri="http://libmeta.ru/me/formula/aux/1034_22_GIL'BERTA">\left(p_{k}^{n} / k\right)</formula>
    <formula uri="http://libmeta.ru/me/formula/aux/1034_23_GIL'BERTA">p_{k}^{n}</formula>
    <formula uri="http://libmeta.ru/me/formula/aux/1034_24_GIL'BERTA">p(z) \in Q[x]</formula>
    <formula uri="http://libmeta.ru/me/formula/aux/1034_25_GIL'BERTA">\mathrm{hilb} \mathrm{b}_{\mathrm{S}} \mathrm{S}</formula>
    <formula uri="http://libmeta.ru/me/formula/aux/1034_26_GIL'BERTA">\boldsymbol{x}_{\mathbf{s}}^{p}</formula>
    <formula uri="http://libmeta.ru/me/formula/aux/1034_27_GIL'BERTA">\operatorname{hilb}_{x / S}\left(S^{\prime}\right)</formula>
    <formula uri="http://libmeta.ru/me/formula/aux/1034_28_GIL'BERTA">z \subset X \times S^{\prime}</formula>
    <formula uri="http://libmeta.ru/me/formula/aux/1034_29_GIL'BERTA">s^{\prime} \in S^{\prime}</formula>
    <formula uri="http://libmeta.ru/me/formula/aux/1034_30_GIL'BERTA">z_{s^{\prime}}</formula>
    <formula uri="http://libmeta.ru/me/formula/aux/1034_31_GIL'BERTA">z</formula>
    <formula uri="http://libmeta.ru/me/formula/aux/1034_32_GIL'BERTA">s^{\prime}</formula>
    <formula uri="http://libmeta.ru/me/formula/aux/1034_33_GIL'BERTA">p(z)</formula>
    <formula uri="http://libmeta.ru/me/formula/aux/1034_34_GIL'BERTA">{ }_{X / S}^{p}</formula>
    <formula uri="http://libmeta.ru/me/formula/aux/1034_35_GIL'BERTA">\operatorname{hilb}^{p}(x / S)</formula>
    <formula uri="http://libmeta.ru/me/formula/aux/1034_36_GIL'BERTA">s</formula>
    <formula uri="http://libmeta.ru/me/formula/aux/1034_37_GIL'BERTA">(x / S)</formula>
    <formula uri="http://libmeta.ru/me/formula/aux/1034_38_GIL'BERTA">\mathrm{h}_{1 \mathrm{~b}}{ }^{p}(X / S)</formula>
    <formula uri="http://libmeta.ru/me/formula/aux/1034_39_GIL'BERTA">p \in Q(z)</formula>
    <formula uri="http://libmeta.ru/me/formula/aux/1034_40_GIL'BERTA">s</formula>
    <formula uri="http://libmeta.ru/me/formula/aux/1034_41_GIL'BERTA">\operatorname{hilb}^{p}(x / S)</formula>
  </formulas_aux>
  <relations n="29">
    <relation uri="http://libmeta.ru/me/relation/1034_1_GIL'BERTA">
      <rel_text>связна</rel_text>
      <target>http://libmeta.ru/me/article/1222_SVJaZK</target>
    </relation>
    <relation uri="http://libmeta.ru/me/relation/1034_2_GIL'BERTA">
      <rel_text>связной</rel_text>
      <target>http://libmeta.ru/me/article/1222_SVJaZK</target>
    </relation>
    <relation uri="http://libmeta.ru/me/relation/1034_3_GIL'BERTA">
      <rel_text>представим</rel_text>
      <target>http://libmeta.ru/me/article/605_PREDNORM</target>
    </relation>
    <relation uri="http://libmeta.ru/me/relation/1034_4_GIL'BERTA">
      <rel_text>Функтор</rel_text>
      <target>http://libmeta.ru/me/article/790_FUNKTO</target>
    </relation>
    <relation uri="http://libmeta.ru/me/relation/1034_5_GIL'BERTA">
      <rel_text>многочлена</rel_text>
      <target>http://libmeta.ru/me/article/727_MNOGOChLE</target>
    </relation>
    <relation uri="http://libmeta.ru/me/relation/1034_6_GIL'BERTA">
      <rel_text>проекций</rel_text>
      <target>http://libmeta.ru/me/article/707_PROEKTsI</target>
    </relation>
    <relation uri="http://libmeta.ru/me/relation/1034_7_GIL'BERTA">
      <rel_text>множестве</rel_text>
      <target>http://libmeta.ru/me/article/733_MNOZhESTV</target>
    </relation>
    <relation uri="http://libmeta.ru/me/relation/1034_8_GIL'BERTA">
      <rel_text>функтор</rel_text>
      <target>http://libmeta.ru/me/article/790_FUNKTO</target>
    </relation>
    <relation uri="http://libmeta.ru/me/relation/1034_9_GIL'BERTA">
      <rel_text>полинома</rel_text>
      <target>http://libmeta.ru/me/article/397_POLIKRU</target>
    </relation>
    <relation uri="http://libmeta.ru/me/relation/1034_10_GIL'BERTA">
      <rel_text>подмногообразий</rel_text>
      <target>http://libmeta.ru/me/article/358_PODMNOGOOBRAZI</target>
    </relation>
    <relation uri="http://libmeta.ru/me/relation/1034_11_GIL'BERTA">
      <rel_text>множеством</rel_text>
      <target>http://libmeta.ru/me/article/733_MNOZhESTV</target>
    </relation>
    <relation uri="http://libmeta.ru/me/relation/1034_12_GIL'BERTA">
      <rel_text>взаимно однозначном соответствии</rel_text>
      <target>http://libmeta.ru/me/article/701_VZAIMNO</target>
    </relation>
    <relation uri="http://libmeta.ru/me/relation/1034_13_GIL'BERTA">
      <rel_text>множество</rel_text>
      <target>http://libmeta.ru/me/article/733_MNOZhESTV</target>
    </relation>
    <relation uri="http://libmeta.ru/me/relation/1034_14_GIL'BERTA">
      <rel_text>проективное пространство</rel_text>
      <target>http://libmeta.ru/me/article/698_PROEKTIVNOE</target>
    </relation>
    <relation uri="http://libmeta.ru/me/relation/1034_15_GIL'BERTA">
      <rel_text>спектр</rel_text>
      <target>http://libmeta.ru/me/article/105_SPEKT</target>
    </relation>
    <relation uri="http://libmeta.ru/me/relation/1034_16_GIL'BERTA">
      <rel_text>геометрии</rel_text>
      <target>http://libmeta.ru/me/article/1012_GEOMETRI</target>
    </relation>
    <relation uri="http://libmeta.ru/me/relation/1034_17_GIL'BERTA">
      <rel_text>функторов</rel_text>
      <target>http://libmeta.ru/me/article/796_FUNKTsIONA</target>
    </relation>
    <relation uri="http://libmeta.ru/me/relation/1034_18_GIL'BERTA">
      <rel_text>представимых</rel_text>
      <target>http://libmeta.ru/me/article/3_PREDSTAVLENI</target>
    </relation>
    <relation uri="http://libmeta.ru/me/relation/1034_19_GIL'BERTA">
      <rel_text>представим</rel_text>
      <target>http://libmeta.ru/me/article/605_PREDNORM</target>
    </relation>
    <relation uri="http://libmeta.ru/me/relation/1034_20_GIL'BERTA">
      <rel_text>Функтор</rel_text>
      <target>http://libmeta.ru/me/article/790_FUNKTO</target>
    </relation>
    <relation uri="http://libmeta.ru/me/relation/1034_21_GIL'BERTA">
      <rel_text>множество</rel_text>
      <target>http://libmeta.ru/me/article/733_MNOZhESTV</target>
    </relation>
    <relation uri="http://libmeta.ru/me/relation/1034_22_GIL'BERTA">
      <rel_text>функтор</rel_text>
      <target>http://libmeta.ru/me/article/790_FUNKTO</target>
    </relation>
    <relation uri="http://libmeta.ru/me/relation/1034_23_GIL'BERTA">
      <rel_text>проективная схема</rel_text>
      <target>http://libmeta.ru/me/article/691_PROEKTIVNAJa</target>
    </relation>
    <relation uri="http://libmeta.ru/me/relation/1034_24_GIL'BERTA">
      <rel_text>многообразия</rel_text>
      <target>http://libmeta.ru/me/article/438_MNOGOOBRAZI</target>
    </relation>
    <relation uri="http://libmeta.ru/me/relation/1034_25_GIL'BERTA">
      <rel_text>многочленом</rel_text>
      <target>http://libmeta.ru/me/article/438_MNOGOOBRAZI</target>
    </relation>
    <relation uri="http://libmeta.ru/me/relation/1034_26_GIL'BERTA">
      <rel_text>проективного пространства</rel_text>
      <target>http://libmeta.ru/me/article/698_PROEKTIVNOE</target>
    </relation>
    <relation uri="http://libmeta.ru/me/relation/1034_27_GIL'BERTA">
      <rel_text>подмногообразий</rel_text>
      <target>http://libmeta.ru/me/article/358_PODMNOGOOBRAZI</target>
    </relation>
    <relation uri="http://libmeta.ru/me/relation/1034_28_GIL'BERTA">
      <rel_text>множество</rel_text>
      <target>http://libmeta.ru/me/article/733_MNOZhESTV</target>
    </relation>
    <relation uri="http://libmeta.ru/me/relation/1034_29_GIL'BERTA">
      <rel_text>геометрии</rel_text>
      <target>http://libmeta.ru/me/article/1012_GEOMETRI</target>
    </relation>
  </relations>
  <text>конструкция в алгебрапч. URI[[http://libmeta.ru/me/relation/1034_29_GIL'BERTA]]/URI, позволяющая снабжать URI[[http://libmeta.ru/me/relation/1034_28_GIL'BERTA]]/URI замкнутых URI[[http://libmeta.ru/me/relation/1034_27_GIL'BERTA]]/URI URI[[http://libmeta.ru/me/relation/1034_26_GIL'BERTA]]/URI с заданным Гильберта URI[[http://libmeta.ru/me/relation/1034_25_GIL'BERTA]]/URI структурой алгебраич. URI[[http://libmeta.ru/me/relation/1034_24_GIL'BERTA]]/URI. Более точно, пусть $URI[[http://libmeta.ru/me/formula/aux/1034_1_GIL'BERTA]]/URI$ URI[[http://libmeta.ru/me/relation/1034_23_GIL'BERTA]]/URI над локально нётеровой схемой $URI[[http://libmeta.ru/me/formula/aux/1034_2_GIL'BERTA]]/URI$ и Hilb URI[[http://libmeta.ru/me/relation/1034_22_GIL'BERTA]]/URI, сопоставляющий каждой $URI[[http://libmeta.ru/me/formula/aux/1034_3_GIL'BERTA]]/URI$-схеме $URI[[http://libmeta.ru/me/formula/aux/1034_4_GIL'BERTA]]/URI$ URI[[http://libmeta.ru/me/relation/1034_21_GIL'BERTA]]/URI замкнутых подсхем схемы $URI[[http://libmeta.ru/me/formula/aux/1034_5_GIL'BERTA]]/URI$, плоских над $URI[[http://libmeta.ru/me/formula/aux/1034_6_GIL'BERTA]]/URI$. URI[[http://libmeta.ru/me/relation/1034_20_GIL'BERTA]]/URI $URI[[http://libmeta.ru/me/formula/aux/1034_7_GIL'BERTA]]/URI$ URI[[http://libmeta.ru/me/relation/1034_19_GIL'BERTA]]/URI локально нётеровой схемой, к-рая наз. с х е м о й $URI[[http://libmeta.ru/me/formula/aux/1034_8_GIL'BERTA]]/URI$ и л ь б е р т а $URI[[http://libmeta.ru/me/formula/aux/1034_9_GIL'BERTA]]/URI$-схемы $URI[[http://libmeta.ru/me/formula/aux/1034_10_GIL'BERTA]]/URI$ и обозначается через Hilb $URI[[http://libmeta.ru/me/formula/aux/1034_11_GIL'BERTA]]/URI$ (см. [4]). По определению URI[[http://libmeta.ru/me/relation/1034_18_GIL'BERTA]]/URI URI[[http://libmeta.ru/me/relation/1034_17_GIL'BERTA]]/URI в алгебраич. URI[[http://libmeta.ru/me/relation/1034_16_GIL'BERTA]]/URI, для любой $URI[[http://libmeta.ru/me/formula/aux/1034_12_GIL'BERTA]]/URI$-схемы $URI[[http://libmeta.ru/me/formula/aux/1034_13_GIL'BERTA]]/URI$ имеет место биекция $URI[[http://libmeta.ru/me/formula/aux/1034_14_GIL'BERTA]]/URI$ $URI[[http://libmeta.ru/me/formula/aux/1034_15_GIL'BERTA]]/URI$, Hilb $URI[[http://libmeta.ru/me/formula/aux/1034_16_GIL'BERTA]]/URI$. В частности, если $URI[[http://libmeta.ru/me/formula/aux/1034_17_GIL'BERTA]]/URI$ URI[[http://libmeta.ru/me/relation/1034_15_GIL'BERTA]]/URI поля $URI[[http://libmeta.ru/me/formula/aux/1034_18_GIL'BERTA]]/URI$, а $URI[[http://libmeta.ru/me/formula/aux/1034_19_GIL'BERTA]]/URI$ URI[[http://libmeta.ru/me/relation/1034_14_GIL'BERTA]]/URI над $URI[[http://libmeta.ru/me/formula/aux/1034_20_GIL'BERTA]]/URI$, то URI[[http://libmeta.ru/me/relation/1034_13_GIL'BERTA]]/URI рациональных $URI[[http://libmeta.ru/me/formula/aux/1034_21_GIL'BERTA]]/URI$-точек схемы Hilb $URI[[http://libmeta.ru/me/formula/aux/1034_22_GIL'BERTA]]/URI$ находится во URI[[http://libmeta.ru/me/relation/1034_12_GIL'BERTA]]/URI с URI[[http://libmeta.ru/me/relation/1034_11_GIL'BERTA]]/URI замкнутых URI[[http://libmeta.ru/me/relation/1034_10_GIL'BERTA]]/URI в $URI[[http://libmeta.ru/me/formula/aux/1034_23_GIL'BERTA]]/URI$.

Для любого URI[[http://libmeta.ru/me/relation/1034_9_GIL'BERTA]]/URI $URI[[http://libmeta.ru/me/formula/aux/1034_24_GIL'BERTA]]/URI$ с рациональными коэфффицентами URI[[http://libmeta.ru/me/relation/1034_8_GIL'BERTA]]/URI $URI[[http://libmeta.ru/me/formula/aux/1034_25_GIL'BERTA]]/URI$ содержит подфунктор Hilb $URI[[http://libmeta.ru/me/formula/aux/1034_26_GIL'BERTA]]/URI$, выделяющий в URI[[http://libmeta.ru/me/relation/1034_7_GIL'BERTA]]/URI $URI[[http://libmeta.ru/me/formula/aux/1034_27_GIL'BERTA]]/URI$ подмножество подсхем $URI[[http://libmeta.ru/me/formula/aux/1034_28_GIL'BERTA]]/URI$ таких, что для любой точки $URI[[http://libmeta.ru/me/formula/aux/1034_29_GIL'BERTA]]/URI$ слой $URI[[http://libmeta.ru/me/formula/aux/1034_30_GIL'BERTA]]/URI$ URI[[http://libmeta.ru/me/relation/1034_6_GIL'BERTA]]/URI $URI[[http://libmeta.ru/me/formula/aux/1034_31_GIL'BERTA]]/URI$ на $URI[[http://libmeta.ru/me/formula/aux/1034_32_GIL'BERTA]]/URI$ имеет $URI[[http://libmeta.ru/me/formula/aux/1034_33_GIL'BERTA]]/URI$ в качестве своего URI[[http://libmeta.ru/me/relation/1034_5_GIL'BERTA]]/URI Гильберта. URI[[http://libmeta.ru/me/relation/1034_4_GIL'BERTA]]/URI Hilb $URI[[http://libmeta.ru/me/formula/aux/1034_34_GIL'BERTA]]/URI$ URI[[http://libmeta.ru/me/relation/1034_3_GIL'BERTA]]/URI схемой $URI[[http://libmeta.ru/me/formula/aux/1034_35_GIL'BERTA]]/URI$, проективной над $URI[[http://libmeta.ru/me/formula/aux/1034_36_GIL'BERTA]]/URI$. Схема Hilb $URI[[http://libmeta.ru/me/formula/aux/1034_37_GIL'BERTA]]/URI$ является прямой суммой схем $URI[[http://libmeta.ru/me/formula/aux/1034_38_GIL'BERTA]]/URI$ по всем $URI[[http://libmeta.ru/me/formula/aux/1034_39_GIL'BERTA]]/URI$. Для любой URI[[http://libmeta.ru/me/relation/1034_2_GIL'BERTA]]/URI базисной схемы $URI[[http://libmeta.ru/me/formula/aux/1034_40_GIL'BERTA]]/URI$ схема $URI[[http://libmeta.ru/me/formula/aux/1034_41_GIL'BERTA]]/URI$ также URI[[http://libmeta.ru/me/relation/1034_1_GIL'BERTA]]/URI [2].</text>
  <text_orig>конструкция в алгебрапч. геометрии, позволяющая снабжать множество замкнутых подмногообразий проективного пространства с заданным Гильберта многочленом структурой алгебраич. многообразия. Более точно, пусть $X-$ проективная схема над локально нётеровой схемой $S$ и Hilb функтор, сопоставляющий каждой $S$-схеме $S^{\prime}$ множество замкнутых подсхем схемы $X^{\prime}=X \times S^{\prime}$, плоских над $S^{\prime}$. Функтор $\mathrm{Hilb}_{X / S}$ представим локально нётеровой схемой, к-рая наз. с х е м о й $\Gamma$ и л ь б е р т а $S$-схемы $X$ и обозначается через Hilb $(X / S)$ (см. [4]). По определению представимых функторов в алгебраич. геометрии, для любой $S$-схемы $S^{\prime}$ имеет место биекция $\mathrm{Hilb}_{X / S}\left(S^{\prime}\right)=$ $=\operatorname{Hom}_{S}\left(S^{\prime}\right.$, Hilb $\left.(X / S)\right)$. В частности, если $S-$ спектр поля $k$, а $X=P_{k}^{n}-$ проективное пространство над $k$, то множество рациональных $k$-точек схемы Hilb $\left(P_{k}^{n} / k\right)$ находится во взаимно однозначном соответствии с множеством замкнутых подмногообразий в $P_{k}^{n}$.

Для любого полинома $P(z) \in Q[x]$ с рациональными коэфффицентами функтор $\mathrm{Hilb} \mathrm{b}_{\mathrm{S}} \mathrm{S}$ содержит подфунктор Hilb $\boldsymbol{X}_{\mathbf{S}}^{p}$, выделяющий в множестве $\operatorname{Hilb}_{X / S}\left(S^{\prime}\right)$ подмножество подсхем $Z \subset X \times S^{\prime}$ таких, что для любой точки $s^{\prime} \in S^{\prime}$ слой $Z_{s^{\prime}}$ проекций $Z$ на $S^{\prime}$ имеет $P(z)$ в качестве своего многочлена Гильберта. Функтор Hilb ${ }_{X / S}^{p}$ представим схемой $\operatorname{Hilb}^{p}(X / S)$, проективной над $S$. Схема Hilb $(X / S)$ является прямой суммой схем $\mathrm{H}_{1 \mathrm{~b}}{ }^{p}(X / S)$ по всем $P \in Q(z)$. Для любой связной базисной схемы $S$ схема $\operatorname{Hilb}^{p}(X / S)$ также связна [2].

Лum.: [1] М а м ф о р д Д., Јекции о кривых на алгебраической поверхности, пер. с англ., М., 1968; [2] Д ь ё д о н н е Ж., К е р р о л Д ж., М а м фор д Д., Геометрическая теоe c k A., &quot;Seminaire Bourbaki», ann. 13, N.Y.-Amst., 1966 p. 1-28; [4] H a r t s h o r n e R., &quot;Publ. math. IHES&quot;, 1966, t. 29, p. 261-304; [5] Итоги науки. Алгебра. Геометрия. Топо-</text_orig>
</article>
