<?xml version="1.0" ?>
<article uri="http://libmeta.ru/me/article/1034_III'GFLI" alphabetic_pos="1034">
  <title>III'ГФЛИ ИНТЕГРАЛ</title>
  <authors/>
  <pages>
    <start>448</start>
    <end>448</end>
  </pages>
  <literature>
    <literature_orig>Jum.: [1] S c h l ä f l i L., &quot;matl.. Ann.», 1871, Bd 3, H. 1, S. 134-49; [2] e r o w e, Ueber die zwei Heine'schen Kugelс о н Ii ж.'н., Ғурс современного анализа, пер. с ангі., 2 изд.,![](https://cdn.mathpix.com/cropped/2023_07_09_4efb9f51fe523ef08e44g-1.jpg?height=64&amp;width=816&amp;top_left_y=1714&amp;top_left_x=986)</literature_orig>
    <unit>
      <author>Schläfli L.</author>
      <title>&quot;matl.. Ann.»</title>
      <publication/>
      <year>1871</year>
      <other>Bd 3, H. 1, S. 134-49</other>
    </unit>
    <unit>
      <title>e r o w e, Ueber die zwei Heine'schen Kugelс о н Ii ж.'н., Ғурс современного анализа</title>
      <publication>пер. с ангі., 2 изд.</publication>
      <year>2023</year>
      <other/>
    </unit>
  </literature>
  <formulas_main>
    <formula uri="http://libmeta.ru/me/formula/main/1034_1_III'GFLI">\begin{gathered}J_{n}(z)=\frac{1}{\pi} \int_{0}^{\pi} \cos (n \theta-z \sin \theta) d \theta- \\-\frac{\sin n \pi}{\pi} \int_{0}^{\infty} e^{-n \theta-z \operatorname{sh} \theta} d \theta,\end{gathered}</formula>
    <formula uri="http://libmeta.ru/me/formula/main/1034_2_III'GFLI">J_{n}=\frac{z^{n}}{2^{n+1} \pi i} \int_{-\infty}^{(0+1} t^{-n-1} \exp \left(t-\frac{z^{2}}{4 t}\right) d t</formula>
    <formula uri="http://libmeta.ru/me/formula/main/1034_3_III'GFLI">P_{n}(z)=\frac{1}{2 \pi i} \int_{C} \frac{\left(t^{2}-1\right)^{n}}{2^{n}(t-z)^{n+1}} d t</formula>
  </formulas_main>
  <formulas_aux>
    <formula uri="http://libmeta.ru/me/formula/aux/1034_1_III'GFLI">n</formula>
    <formula uri="http://libmeta.ru/me/formula/aux/1034_2_III'GFLI">\mathrm{re} z&gt;0</formula>
    <formula uri="http://libmeta.ru/me/formula/aux/1034_3_III'GFLI">n-</formula>
    <formula uri="http://libmeta.ru/me/formula/aux/1034_4_III'GFLI">c</formula>
    <formula uri="http://libmeta.ru/me/formula/aux/1034_5_III'GFLI">z</formula>
  </formulas_aux>
  <relations n="5">
    <relation uri="http://libmeta.ru/me/relation/1034_1_III'GFLI">
      <rel_text>представление</rel_text>
      <target>http://libmeta.ru/me/article/3_PREDSTAVLENI</target>
    </relation>
    <relation uri="http://libmeta.ru/me/relation/1034_2_III'GFLI">
      <rel_text>контур</rel_text>
      <target>http://libmeta.ru/me/article/1026_KONGR</target>
    </relation>
    <relation uri="http://libmeta.ru/me/relation/1034_3_III'GFLI">
      <rel_text>Лежанд́ра многочлена</rel_text>
      <target>http://libmeta.ru/me/article/255_LEZhANDRA</target>
    </relation>
    <relation uri="http://libmeta.ru/me/relation/1034_4_III'GFLI">
      <rel_text>представлөние</rel_text>
      <target>http://libmeta.ru/me/article/3_PREDSTAVLENI</target>
    </relation>
    <relation uri="http://libmeta.ru/me/relation/1034_5_III'GFLI">
      <rel_text>интегральное</rel_text>
      <target>http://libmeta.ru/me/article/622_INTEGRIRUGMA</target>
    </relation>
  </relations>
  <text>1) Ш. и._ В. К. Плиско. представление Бесселя функции для любых значений $URI[[http://libmeta.ru/me/formula/aux/1034_1_III'GFLI]]/URI$ :

\[
URI[[http://libmeta.ru/me/formula/main/1034_1_III'GFLI]]/URI
\]

когда $URI[[http://libmeta.ru/me/formula/aux/1034_2_III'GFLI]]/URI$. Если $URI[[http://libmeta.ru/me/formula/aux/1034_3_III'GFLI]]/URI$ целое, то формула (*) приводится к виду

\[
URI[[http://libmeta.ru/me/formula/main/1034_2_III'GFLI]]/URI
\]

Впервые формула (*) приведена Ii. Пiлефли [1].

2) Iii. и. - URI[[http://libmeta.ru/me/relation/1034_5_III'GFLI]]/URI URI[[http://libmeta.ru/me/relation/1034_4_III'GFLI]]/URI URI[[http://libmeta.ru/me/relation/1034_3_III'GFLI]]/URI

\[
URI[[http://libmeta.ru/me/formula/main/1034_3_III'GFLI]]/URI
\]

где $URI[[http://libmeta.ru/me/formula/aux/1034_4_III'GFLI]]/URI$ - URI[[http://libmeta.ru/me/relation/1034_2_III'GFLI]]/URI, обходящий вокруг точки $URI[[http://libmeta.ru/me/formula/aux/1034_5_III'GFLI]]/URI$ один раз против часовой стрелки. Віервые URI[[http://libmeta.ru/me/relation/1034_1_III'GFLI]]/URI дано Л. Iiлефли [2].</text>
  <text_orig>1) Ш. и._ В. К. Плиско. представление Бесселя функции для любых значений $n$ :

\[
\begin{gathered}
J_{n}(z)=\frac{1}{\pi} \int_{0}^{\pi} \cos (n \theta-z \sin \theta) d \theta- \\
-\frac{\sin n \pi}{\pi} \int_{0}^{\infty} e^{-n \theta-z \operatorname{sh} \theta} d \theta,
\end{gathered}
\]

когда $\mathrm{Re} z&gt;0$. Если $n-$ целое, то формула (*) приводится к виду

\[
J_{n}=\frac{z^{n}}{2^{n+1} \pi i} \int_{-\infty}^{(0+1} t^{-n-1} \exp \left(t-\frac{z^{2}}{4 t}\right) d t
\]

Впервые формула (*) приведена II. ПIлефли [1].

2) III. и. - интегральное представлөние Лежанд́ра многочлена

\[
P_{n}(z)=\frac{1}{2 \pi i} \int_{C} \frac{\left(t^{2}-1\right)^{n}}{2^{n}(t-z)^{n+1}} d t
\]

где $C$ - контур, обходящий вокруг точки $z$ один раз против часовой стрелки. Віервые представление дано Л. IIлефли [2].

Jum.: [1] S c h l ä f l i L., &quot;Matl.. Ann.», 1871, Bd 3, H. 1, S. 134-49; [2] e r o w e, Ueber die zwei Heine'schen Kugelс о н II ж.'Н., Ғурс современного анализа, пер. с ангі., 2 изд.,

![](https://cdn.mathpix.com/cropped/2023_07_09_4efb9f51fe523ef08e44g-1.jpg?height=64&amp;width=816&amp;top_left_y=1714&amp;top_left_x=986)</text_orig>
</article>
