<?xml version="1.0" ?>
<article uri="http://libmeta.ru/me/article/1035_IIMIDTA" alphabetic_pos="1035">
  <title>IIМИДТА ГРУППА</title>
  <authors>
    <author>Н. В. Вильлмс</author>
  </authors>
  <pages>
    <start>448</start>
    <end>448</end>
  </pages>
  <literature>
    <literature_orig>Лum.: [1] Ші м и т Т. Ю., Избр. труды, М., 1959,$221-27$.</literature_orig>
    <unit>
      <author>Шімит Т. Ю.</author>
      <title>Избр. труды</title>
      <publication>М.</publication>
      <year>1959</year>
      <other>$221-27$.</other>
    </unit>
  </literature>
  <formulas_main/>
  <formulas_aux>
    <formula uri="http://libmeta.ru/me/formula/aux/1035_1_IIMIDTA">p^{\alpha} q^{\beta}</formula>
    <formula uri="http://libmeta.ru/me/formula/aux/1035_2_IIMIDTA">p</formula>
    <formula uri="http://libmeta.ru/me/formula/aux/1035_3_IIMIDTA">q</formula>
  </formulas_aux>
  <relations n="7">
    <relation uri="http://libmeta.ru/me/relation/1035_1_IIMIDTA">
      <rel_text>Ii</rel_text>
      <target>http://libmeta.ru/me/article/370_II</target>
    </relation>
    <relation uri="http://libmeta.ru/me/relation/1035_2_IIMIDTA">
      <rel_text>подгруппы</rel_text>
      <target>http://libmeta.ru/me/article/353_PODGRUPP</target>
    </relation>
    <relation uri="http://libmeta.ru/me/relation/1035_3_IIMIDTA">
      <rel_text>групге</rel_text>
      <target>http://libmeta.ru/me/article/1207_GRUPІІ</target>
    </relation>
    <relation uri="http://libmeta.ru/me/relation/1035_4_IIMIDTA">
      <rel_text>группой</rel_text>
      <target>http://libmeta.ru/me/article/1207_GRUPІІ</target>
    </relation>
    <relation uri="http://libmeta.ru/me/relation/1035_5_IIMIDTA">
      <rel_text>нильпотентны</rel_text>
      <target>http://libmeta.ru/me/article/1024_NIL'ALGEBR</target>
    </relation>
    <relation uri="http://libmeta.ru/me/relation/1035_6_IIMIDTA">
      <rel_text>подгруппы</rel_text>
      <target>http://libmeta.ru/me/article/353_PODGRUPP</target>
    </relation>
    <relation uri="http://libmeta.ru/me/relation/1035_7_IIMIDTA">
      <rel_text>групiиа</rel_text>
      <target>http://libmeta.ru/me/article/1207_GRUPІІ</target>
    </relation>
  </relations>
  <text>конечная ненилыотентная URI[[http://libmeta.ru/me/relation/1035_7_IIMIDTA]]/URI, всө собственные URI[[http://libmeta.ru/me/relation/1035_6_IIMIDTA]]/URI к-рой URI[[http://libmeta.ru/me/relation/1035_5_IIMIDTA]]/URI. Iii. г. являөтся раврешимой URI[[http://libmeta.ru/me/relation/1035_4_IIMIDTA]]/URI горялка $URI[[http://libmeta.ru/me/formula/aux/1035_1_IIMIDTA]]/URI$, где $URI[[http://libmeta.ru/me/formula/aux/1035_2_IIMIDTA]]/URI$ и $URI[[http://libmeta.ru/me/formula/aux/1035_3_IIMIDTA]]/URI$-различные простые числа. В любой конечной ненильпотентной URI[[http://libmeta.ru/me/relation/1035_3_IIMIDTA]]/URI существуют URI[[http://libmeta.ru/me/relation/1035_2_IIMIDTA]]/URI, являющиеся URI[[http://libmeta.ru/me/relation/1035_1_IIMIDTA]]/URI. г. Введены О. Ю. Шiидтом (1924).</text>
  <text_orig>конечная ненилыотентная групIиа, всө собственные подгруппы к-рой нильпотентны. III. г. являөтся раврешимой группой горялка $p^{\alpha} q^{\beta}$, где $p$ и $q$-различные простые числа. В любой конечной ненильпотентной групге существуют подгруппы, являющиеся II. г. Введены О. Ю. ШIидтом (1924).

Лum.: [1] Ші м и т Т. Ю., Избр. труды, М., 1959,
$221-27$. Н. В. Вильлмс.</text_orig>
</article>
