<?xml version="1.0" ?>
<article uri="http://libmeta.ru/me/article/1035_REGULJaRNYJ" alphabetic_pos="1035">
  <title>РЕГУЛЯРНЫЙ ТОР</title>
  <authors>
    <author>В. П. Платонов</author>
  </authors>
  <pages>
    <start>474</start>
    <end>474</end>
  </pages>
  <literature>
    <literature_orig>Лит.: [1] Б о р е л ь А., Линейные алгебраические группы, пер. с англ., М., 1972; [2] Х а м ф р и Д ж., Линейные алгебраические группы, пер. с англ., М., 1980.</literature_orig>
    <unit>
      <author>Борель А.</author>
      <title>Линейные алгебраические группы</title>
      <publication>пер. с англ., М.</publication>
      <year>1972</year>
      <other/>
    </unit>
    <unit>
      <title>Х а м ф р и Д ж., Линейные алгебраические группы</title>
      <publication>пер. с англ., М.</publication>
      <year>1980</year>
      <other/>
    </unit>
  </literature>
  <formulas_main/>
  <formulas_aux>
    <formula uri="http://libmeta.ru/me/formula/aux/1035_1_REGULJaRNYJ">g</formula>
    <formula uri="http://libmeta.ru/me/formula/aux/1035_2_REGULJaRNYJ">g</formula>
    <formula uri="http://libmeta.ru/me/formula/aux/1035_3_REGULJaRNYJ">s \subset G</formula>
    <formula uri="http://libmeta.ru/me/formula/aux/1035_4_REGULJaRNYJ">c_{g}(s)</formula>
    <formula uri="http://libmeta.ru/me/formula/aux/1035_5_REGULJaRNYJ">s</formula>
    <formula uri="http://libmeta.ru/me/formula/aux/1035_6_REGULJaRNYJ">\lambda: G_{m \rightarrow S}</formula>
    <formula uri="http://libmeta.ru/me/formula/aux/1035_7_REGULJaRNYJ">g</formula>
    <formula uri="http://libmeta.ru/me/formula/aux/1035_8_REGULJaRNYJ">s \subset G</formula>
    <formula uri="http://libmeta.ru/me/formula/aux/1035_9_REGULJaRNYJ">t</formula>
    <formula uri="http://libmeta.ru/me/formula/aux/1035_10_REGULJaRNYJ">g</formula>
    <formula uri="http://libmeta.ru/me/formula/aux/1035_11_REGULJaRNYJ">s</formula>
    <formula uri="http://libmeta.ru/me/formula/aux/1035_12_REGULJaRNYJ">\phi(t, G)</formula>
    <formula uri="http://libmeta.ru/me/formula/aux/1035_13_REGULJaRNYJ">s</formula>
    <formula uri="http://libmeta.ru/me/formula/aux/1035_14_REGULJaRNYJ">s \subset \operatorname{Ker} \alpha</formula>
    <formula uri="http://libmeta.ru/me/formula/aux/1035_15_REGULJaRNYJ">\alpha \in \Phi(T, G)</formula>
    <formula uri="http://libmeta.ru/me/formula/aux/1035_16_REGULJaRNYJ">g</formula>
    <formula uri="http://libmeta.ru/me/formula/aux/1035_17_REGULJaRNYJ">s</formula>
    <formula uri="http://libmeta.ru/me/formula/aux/1035_18_REGULJaRNYJ">s \in S</formula>
    <formula uri="http://libmeta.ru/me/formula/aux/1035_19_REGULJaRNYJ">c_{g}(s)</formula>
    <formula uri="http://libmeta.ru/me/formula/aux/1035_20_REGULJaRNYJ">g</formula>
  </formulas_aux>
  <relations n="24">
    <relation uri="http://libmeta.ru/me/relation/1035_1_REGULJaRNYJ">
      <rel_text>регулярным</rel_text>
      <target>http://libmeta.ru/me/article/1037_REGULJaTO</target>
    </relation>
    <relation uri="http://libmeta.ru/me/relation/1035_2_REGULJaRNYJ">
      <rel_text>тор</rel_text>
      <target>http://libmeta.ru/me/article/440_TO</target>
    </relation>
    <relation uri="http://libmeta.ru/me/relation/1035_3_REGULJaRNYJ">
      <rel_text>централизатора</rel_text>
      <target>http://libmeta.ru/me/article/916_TsENTRALKZATO</target>
    </relation>
    <relation uri="http://libmeta.ru/me/relation/1035_4_REGULJaRNYJ">
      <rel_text>регулярен</rel_text>
      <target>http://libmeta.ru/me/article/1037_REGULJaTO</target>
    </relation>
    <relation uri="http://libmeta.ru/me/relation/1035_5_REGULJaRNYJ">
      <rel_text>тор</rel_text>
      <target>http://libmeta.ru/me/article/440_TO</target>
    </relation>
    <relation uri="http://libmeta.ru/me/relation/1035_6_REGULJaRNYJ">
      <rel_text>корней</rel_text>
      <target>http://libmeta.ru/me/article/10_KOREN</target>
    </relation>
    <relation uri="http://libmeta.ru/me/relation/1035_7_REGULJaRNYJ">
      <rel_text>система</rel_text>
      <target>http://libmeta.ru/me/article/350_SISTEM</target>
    </relation>
    <relation uri="http://libmeta.ru/me/relation/1035_8_REGULJaRNYJ">
      <rel_text>максимальный тор</rel_text>
      <target>http://libmeta.ru/me/article/527_MAKSIMAL'NYJ</target>
    </relation>
    <relation uri="http://libmeta.ru/me/relation/1035_9_REGULJaRNYJ">
      <rel_text>корней</rel_text>
      <target>http://libmeta.ru/me/article/10_KOREN</target>
    </relation>
    <relation uri="http://libmeta.ru/me/relation/1035_10_REGULJaRNYJ">
      <rel_text>системы</rel_text>
      <target>http://libmeta.ru/me/article/350_SISTEM</target>
    </relation>
    <relation uri="http://libmeta.ru/me/relation/1035_11_REGULJaRNYJ">
      <rel_text>редуктивной группы</rel_text>
      <target>http://libmeta.ru/me/article/1038_REDUKTIVNAJa</target>
    </relation>
    <relation uri="http://libmeta.ru/me/relation/1035_12_REGULJaRNYJ">
      <rel_text>регулярным</rel_text>
      <target>http://libmeta.ru/me/article/1037_REGULJaTO</target>
    </relation>
    <relation uri="http://libmeta.ru/me/relation/1035_13_REGULJaRNYJ">
      <rel_text>Тор</rel_text>
      <target>http://libmeta.ru/me/article/440_TO</target>
    </relation>
    <relation uri="http://libmeta.ru/me/relation/1035_14_REGULJaRNYJ">
      <rel_text>подгруппы</rel_text>
      <target>http://libmeta.ru/me/article/353_PODGRUPP</target>
    </relation>
    <relation uri="http://libmeta.ru/me/relation/1035_15_REGULJaRNYJ">
      <rel_text>теории</rel_text>
      <target>http://libmeta.ru/me/article/381_TEORI</target>
    </relation>
    <relation uri="http://libmeta.ru/me/relation/1035_16_REGULJaRNYJ">
      <rel_text>разрепимая группа</rel_text>
      <target>http://libmeta.ru/me/article/914_RAZREShIMAJa</target>
    </relation>
    <relation uri="http://libmeta.ru/me/relation/1035_17_REGULJaRNYJ">
      <rel_text>централизатор</rel_text>
      <target>http://libmeta.ru/me/article/916_TsENTRALKZATO</target>
    </relation>
    <relation uri="http://libmeta.ru/me/relation/1035_18_REGULJaRNYJ">
      <rel_text>регулярным</rel_text>
      <target>http://libmeta.ru/me/article/1037_REGULJaTO</target>
    </relation>
    <relation uri="http://libmeta.ru/me/relation/1035_19_REGULJaRNYJ">
      <rel_text>тор</rel_text>
      <target>http://libmeta.ru/me/article/440_TO</target>
    </relation>
    <relation uri="http://libmeta.ru/me/relation/1035_20_REGULJaRNYJ">
      <rel_text>регулярны</rel_text>
      <target>http://libmeta.ru/me/article/1037_REGULJaTO</target>
    </relation>
    <relation uri="http://libmeta.ru/me/relation/1035_21_REGULJaRNYJ">
      <rel_text>подгрупп</rel_text>
      <target>http://libmeta.ru/me/article/353_PODGRUPP</target>
    </relation>
    <relation uri="http://libmeta.ru/me/relation/1035_22_REGULJaRNYJ">
      <rel_text>группе</rel_text>
      <target>http://libmeta.ru/me/article/1207_GRUPІІ</target>
    </relation>
    <relation uri="http://libmeta.ru/me/relation/1035_23_REGULJaRNYJ">
      <rel_text>связной</rel_text>
      <target>http://libmeta.ru/me/article/1222_SVJaZK</target>
    </relation>
    <relation uri="http://libmeta.ru/me/relation/1035_24_REGULJaRNYJ">
      <rel_text>тор</rel_text>
      <target>http://libmeta.ru/me/article/440_TO</target>
    </relation>
  </relations>
  <text>алгебраический URI[[http://libmeta.ru/me/relation/1035_24_REGULJaRNYJ]]/URI в URI[[http://libmeta.ru/me/relation/1035_23_REGULJaRNYJ]]/URI алгебраич. URI[[http://libmeta.ru/me/relation/1035_22_REGULJaRNYJ]]/URI $URI[[http://libmeta.ru/me/formula/aux/1035_1_REGULJaRNYJ]]/URI$, содержащийся лишь в конечном числе борелевских URI[[http://libmeta.ru/me/relation/1035_21_REGULJaRNYJ]]/URI. Максимальные торы в $URI[[http://libmeta.ru/me/formula/aux/1035_2_REGULJaRNYJ]]/URI$ всегда URI[[http://libmeta.ru/me/relation/1035_20_REGULJaRNYJ]]/URI. В общем случае URI[[http://libmeta.ru/me/relation/1035_19_REGULJaRNYJ]]/URI $URI[[http://libmeta.ru/me/formula/aux/1035_3_REGULJaRNYJ]]/URI$ является URI[[http://libmeta.ru/me/relation/1035_18_REGULJaRNYJ]]/URI тогда и только тогда, когда его URI[[http://libmeta.ru/me/relation/1035_17_REGULJaRNYJ]]/URI $URI[[http://libmeta.ru/me/formula/aux/1035_4_REGULJaRNYJ]]/URI$ - URI[[http://libmeta.ru/me/relation/1035_16_REGULJaRNYJ]]/URI. В URI[[http://libmeta.ru/me/relation/1035_15_REGULJaRNYJ]]/URI алгебраич. групп важную роль играют одномерные Р. т. $URI[[http://libmeta.ru/me/formula/aux/1035_5_REGULJaRNYJ]]/URI$ и соответствующие им однопараметрич. URI[[http://libmeta.ru/me/relation/1035_14_REGULJaRNYJ]]/URI $URI[[http://libmeta.ru/me/formula/aux/1035_6_REGULJaRNYJ]]/URI$ (т. н. р е г уля я ны е п а р ам е т р ы). URI[[http://libmeta.ru/me/relation/1035_13_REGULJaRNYJ]]/URI, не являющийся URI[[http://libmeta.ru/me/relation/1035_12_REGULJaRNYJ]]/URI, наз. с и нг у л я р н ы м. Для URI[[http://libmeta.ru/me/relation/1035_11_REGULJaRNYJ]]/URI $URI[[http://libmeta.ru/me/formula/aux/1035_7_REGULJaRNYJ]]/URI$ можно дать критерий сингулярности тора $URI[[http://libmeta.ru/me/formula/aux/1035_8_REGULJaRNYJ]]/URI$ в терминах URI[[http://libmeta.ru/me/relation/1035_10_REGULJaRNYJ]]/URI URI[[http://libmeta.ru/me/relation/1035_9_REGULJaRNYJ]]/URI. А именно, если $URI[[http://libmeta.ru/me/formula/aux/1035_9_REGULJaRNYJ]]/URI$ - URI[[http://libmeta.ru/me/relation/1035_8_REGULJaRNYJ]]/URI в $URI[[http://libmeta.ru/me/formula/aux/1035_10_REGULJaRNYJ]]/URI$, содержащий $URI[[http://libmeta.ru/me/formula/aux/1035_11_REGULJaRNYJ]]/URI$, и $URI[[http://libmeta.ru/me/formula/aux/1035_12_REGULJaRNYJ]]/URI$ - соответствующая URI[[http://libmeta.ru/me/relation/1035_7_REGULJaRNYJ]]/URI URI[[http://libmeta.ru/me/relation/1035_6_REGULJaRNYJ]]/URI, то $URI[[http://libmeta.ru/me/formula/aux/1035_13_REGULJaRNYJ]]/URI$ сингулярен в том и только в том случае, если $URI[[http://libmeta.ru/me/formula/aux/1035_14_REGULJaRNYJ]]/URI$ для нек-рого $URI[[http://libmeta.ru/me/formula/aux/1035_15_REGULJaRNYJ]]/URI$.

Иногда под Р. т. в $URI[[http://libmeta.ru/me/formula/aux/1035_16_REGULJaRNYJ]]/URI$ понимают URI[[http://libmeta.ru/me/relation/1035_5_REGULJaRNYJ]]/URI $URI[[http://libmeta.ru/me/formula/aux/1035_17_REGULJaRNYJ]]/URI$, содержащий р е г у л я р ны й ә л е м е н т (элемент $URI[[http://libmeta.ru/me/formula/aux/1035_18_REGULJaRNYJ]]/URI$ URI[[http://libmeta.ru/me/relation/1035_4_REGULJaRNYJ]]/URI, если размерность URI[[http://libmeta.ru/me/relation/1035_3_REGULJaRNYJ]]/URI $URI[[http://libmeta.ru/me/formula/aux/1035_19_REGULJaRNYJ]]/URI$ в $URI[[http://libmeta.ru/me/formula/aux/1035_20_REGULJaRNYJ]]/URI$ минимальна), и называют п о л у р е г у л я р ны м URI[[http://libmeta.ru/me/relation/1035_2_REGULJaRNYJ]]/URI, являющийся URI[[http://libmeta.ru/me/relation/1035_1_REGULJaRNYJ]]/URI в смысле первоначального определения (см., напр., [1]). Для редуктивных групп оба эти определения эквивалентны.</text>
  <text_orig>алгебраический тор в связной алгебраич. группе $G$, содержащийся лишь в конечном числе борелевских подгрупп. Максимальные торы в $G$ всегда регулярны. В общем случае тор $S \subset G$ является регулярным тогда и только тогда, когда его централизатор $C_{G}(S)$ - разрепимая группа. В теории алгебраич. групп важную роль играют одномерные Р. т. $S$ и соответствующие им однопараметрич. подгруппы $\lambda: G_{m \rightarrow S}$ (т. н. р е г уля я ны е п а р ам е т р ы). Тор, не являющийся регулярным, наз. с и нг у л я р н ы м. Для редуктивной группы $G$ можно дать критерий сингулярности тора $S \subset G$ в терминах системы корней. А именно, если $T$ - максимальный тор в $G$, содержащий $S$, и $\Phi(T, G)$ - соответствующая система корней, то $S$ сингулярен в том и только в том случае, если $S \subset \operatorname{Ker} \alpha$ для нек-рого $\alpha \in \Phi(T, G)$.

Иногда под Р. т. в $G$ понимают тор $S$, содержащий р е г у л я р ны й ә л е м е н т (элемент $s \in S$ регулярен, если размерность централизатора $C_{G}(s)$ в $G$ минимальна), и называют п о л у р е г у л я р ны м тор, являющийся регулярным в смысле первоначального определения (см., напр., [1]). Для редуктивных групп оба эти определения эквивалентны.

Лит.: [1] Б о р е л ь А., Линейные алгебраические группы, пер. с англ., М., 1972; [2] Х а м ф р и Д ж., Линейные алгебраические группы, пер. с англ., М., 1980. В. П. Платонов.</text_orig>
</article>
