<?xml version="1.0" ?>
<article uri="http://libmeta.ru/me/article/1035_GIЈBBERTA" alphabetic_pos="1035">
  <title>ГИЈББЕРТА TEOPEMA</title>
  <authors/>
  <pages>
    <start>487</start>
    <end>488</end>
  </pages>
  <literature>
    <literature_orig>Jum.: [1] H i l b e r t D., &quot;math. Ann.&quot;, 1890, Bd 36, S. $473-534 ;$ [2] e r o жe, &quot;math. Ann.&quot;, 1893, Bd 42, S. 313-73; [3] В е й л ь Г., Класскческие группы, их инварианты и представления, пер. с англ., M., 1947; [4] M u m f o r d D., Geo-![](https://cdn.mathpix.com/cropped/2023_07_08_19fb560c8302e5ac03aeg-1.jpg?height=38&amp;width=826&amp;top_left_y=2029&amp;top_left_x=995)</literature_orig>
    <unit>
      <author>Hilbert D.</author>
      <title>&quot;math. Ann.&quot;</title>
      <publication/>
      <year>1890</year>
      <other>Bd 36, S. $473-534 ;$</other>
    </unit>
    <unit>
      <title>e r o жe, &quot;math. Ann.&quot;</title>
      <publication/>
      <year>1893</year>
      <other>Bd 42, S. 313-73</other>
    </unit>
    <unit>
      <author>Вейль Г.</author>
      <title>Класскческие группы, их инварианты и представления</title>
      <publication>пер. с англ., M.</publication>
      <year>1947</year>
      <other/>
    </unit>
    <unit>
      <author>Mumford D.</author>
      <title/>
      <publication/>
      <year/>
      <other>Geo-![](https://cdn.mathpix.com/cropped/2023_07_08_19fb560c8302e5ac03aeg-1.jpg?height=38&amp;width=826&amp;top_left_y=2029&amp;top_left_x=995)</other>
    </unit>
  </literature>
  <formulas_main>
    <formula uri="http://libmeta.ru/me/formula/main/1035_1_GIЈBBERTA">I=\int F d t</formula>
  </formulas_main>
  <formulas_aux>
    <formula uri="http://libmeta.ru/me/formula/aux/1035_1_GIЈBBERTA">a</formula>
    <formula uri="http://libmeta.ru/me/formula/aux/1035_2_GIЈBBERTA">a\left[x_{1}\right.</formula>
    <formula uri="http://libmeta.ru/me/formula/aux/1035_3_GIЈBBERTA">\left.X_{n}\right]</formula>
    <formula uri="http://libmeta.ru/me/formula/aux/1035_4_GIЈBBERTA">x_{1}, \ldots, X_{n}</formula>
    <formula uri="http://libmeta.ru/me/formula/aux/1035_5_GIЈBBERTA">a</formula>
    <formula uri="http://libmeta.ru/me/formula/aux/1035_6_GIЈBBERTA">a\left[x_{1}, \ldots ., X_{n}\right]-</formula>
    <formula uri="http://libmeta.ru/me/formula/aux/1035_7_GIЈBBERTA">f\left(t_{1}, \ldots\right.</formula>
    <formula uri="http://libmeta.ru/me/formula/aux/1035_8_GIЈBBERTA">\left.t_{k}, x_{1}, \ldots, x_{k}\right)</formula>
    <formula uri="http://libmeta.ru/me/formula/aux/1035_9_GIЈBBERTA">\mathbb{q}</formula>
    <formula uri="http://libmeta.ru/me/formula/aux/1035_10_GIЈBBERTA">t_{1}^{0}, \ldots, t_{k}^{0} \in \mathbb{Q}</formula>
    <formula uri="http://libmeta.ru/me/formula/aux/1035_11_GIЈBBERTA">t_{1}, \ldots, t_{k}</formula>
    <formula uri="http://libmeta.ru/me/formula/aux/1035_12_GIЈBBERTA">f\left(t_{1}^{0}, \ldots, t_{k}^{0}, x_{1}, \ldots, x_{n}\right)</formula>
    <formula uri="http://libmeta.ru/me/formula/aux/1035_13_GIЈBBERTA">\mathbb{q}</formula>
    <formula uri="http://libmeta.ru/me/formula/aux/1035_14_GIЈBBERTA">f(t, x)=t-x^{2}</formula>
    <formula uri="http://libmeta.ru/me/formula/aux/1035_15_GIЈBBERTA">t^{0}\left(t^{0} \neq a^{2}, a \in \mathbb{Q}\right)</formula>
    <formula uri="http://libmeta.ru/me/formula/aux/1035_16_GIЈBBERTA">k=k\left(t_{1}, \ldots, t_{n}\right)</formula>
    <formula uri="http://libmeta.ru/me/formula/aux/1035_17_GIЈBBERTA">t_{1}, \ldots, t_{n}</formula>
    <formula uri="http://libmeta.ru/me/formula/aux/1035_18_GIЈBBERTA">e / K</formula>
    <formula uri="http://libmeta.ru/me/formula/aux/1035_19_GIЈBBERTA">g</formula>
    <formula uri="http://libmeta.ru/me/formula/aux/1035_20_GIЈBBERTA">k</formula>
    <formula uri="http://libmeta.ru/me/formula/aux/1035_21_GIЈBBERTA">e</formula>
    <formula uri="http://libmeta.ru/me/formula/aux/1035_22_GIЈBBERTA">г</formula>
    <formula uri="http://libmeta.ru/me/formula/aux/1035_23_GIЈBBERTA">t_{1}, \ldots, t_{n}</formula>
    <formula uri="http://libmeta.ru/me/formula/aux/1035_24_GIЈBBERTA">k</formula>
    <formula uri="http://libmeta.ru/me/formula/aux/1035_25_GIЈBBERTA">k</formula>
    <formula uri="http://libmeta.ru/me/formula/aux/1035_26_GIЈBBERTA">g</formula>
    <formula uri="http://libmeta.ru/me/formula/aux/1035_27_GIЈBBERTA">\mathbb{q}</formula>
    <formula uri="http://libmeta.ru/me/formula/aux/1035_28_GIЈBBERTA">e</formula>
    <formula uri="http://libmeta.ru/me/formula/aux/1035_29_GIЈBBERTA">n</formula>
    <formula uri="http://libmeta.ru/me/formula/aux/1035_30_GIЈBBERTA">k</formula>
    <formula uri="http://libmeta.ru/me/formula/aux/1035_31_GIЈBBERTA">g \subset S_{n}</formula>
    <formula uri="http://libmeta.ru/me/formula/aux/1035_32_GIЈBBERTA">e</formula>
    <formula uri="http://libmeta.ru/me/formula/aux/1035_33_GIЈBBERTA">e</formula>
    <formula uri="http://libmeta.ru/me/formula/aux/1035_34_GIЈBBERTA">g</formula>
    <formula uri="http://libmeta.ru/me/formula/aux/1035_35_GIЈBBERTA">k</formula>
    <formula uri="http://libmeta.ru/me/formula/aux/1035_36_GIЈBBERTA">g</formula>
    <formula uri="http://libmeta.ru/me/formula/aux/1035_37_GIЈBBERTA">e^{g}</formula>
    <formula uri="http://libmeta.ru/me/formula/aux/1035_38_GIЈBBERTA">\mathbb{q}</formula>
    <formula uri="http://libmeta.ru/me/formula/aux/1035_39_GIЈBBERTA">a</formula>
    <formula uri="http://libmeta.ru/me/formula/aux/1035_40_GIЈBBERTA">\mathbb{q}</formula>
    <formula uri="http://libmeta.ru/me/formula/aux/1035_41_GIЈBBERTA">a</formula>
    <formula uri="http://libmeta.ru/me/formula/aux/1035_42_GIЈBBERTA">r</formula>
    <formula uri="http://libmeta.ru/me/formula/aux/1035_43_GIЈBBERTA">a</formula>
    <formula uri="http://libmeta.ru/me/formula/aux/1035_44_GIЈBBERTA">g</formula>
    <formula uri="http://libmeta.ru/me/formula/aux/1035_45_GIЈBBERTA">3 g+6</formula>
    <formula uri="http://libmeta.ru/me/formula/aux/1035_46_GIЈBBERTA">1969 / 1970</formula>
    <formula uri="http://libmeta.ru/me/formula/aux/1035_47_GIЈBBERTA">151-61</formula>
    <formula uri="http://libmeta.ru/me/formula/aux/1035_48_GIЈBBERTA">k</formula>
    <formula uri="http://libmeta.ru/me/formula/aux/1035_49_GIЈBBERTA">k\left[x_{1}, \ldots, X_{n}\right]-</formula>
    <formula uri="http://libmeta.ru/me/formula/aux/1035_50_GIЈBBERTA">k, \bar{k}-</formula>
    <formula uri="http://libmeta.ru/me/formula/aux/1035_51_GIЈBBERTA">k</formula>
    <formula uri="http://libmeta.ru/me/formula/aux/1035_52_GIЈBBERTA">f, F_{1}, \ldots, F_{m}-</formula>
    <formula uri="http://libmeta.ru/me/formula/aux/1035_53_GIЈBBERTA">k\left[x_{1}, \ldots, X_{n}\right]</formula>
    <formula uri="http://libmeta.ru/me/formula/aux/1035_54_GIЈBBERTA">f\left(x_{1}, \ldots\right.</formula>
    <formula uri="http://libmeta.ru/me/formula/aux/1035_55_GIЈBBERTA">\left.\ldots, X_{n}\right)</formula>
    <formula uri="http://libmeta.ru/me/formula/aux/1035_56_GIЈBBERTA">\left(c_{1}, \ldots, c_{n}\right)</formula>
    <formula uri="http://libmeta.ru/me/formula/aux/1035_57_GIЈBBERTA">\bar{k}</formula>
    <formula uri="http://libmeta.ru/me/formula/aux/1035_58_GIЈBBERTA">f\left(c_{1}, \ldots, c_{n}\right)=0</formula>
    <formula uri="http://libmeta.ru/me/formula/aux/1035_59_GIЈBBERTA">f_{1}, \ldots, F_{m}</formula>
    <formula uri="http://libmeta.ru/me/formula/aux/1035_60_GIЈBBERTA">f</formula>
    <formula uri="http://libmeta.ru/me/formula/aux/1035_61_GIЈBBERTA">r</formula>
    <formula uri="http://libmeta.ru/me/formula/aux/1035_62_GIЈBBERTA">f_{1}, \ldots, F_{m}</formula>
    <formula uri="http://libmeta.ru/me/formula/aux/1035_63_GIЈBBERTA">f_{r}</formula>
    <formula uri="http://libmeta.ru/me/formula/aux/1035_64_GIЈBBERTA">f_{1}, \ldots, F_{m}</formula>
    <formula uri="http://libmeta.ru/me/formula/aux/1035_65_GIЈBBERTA">f r=A_{1} F_{1}+\ldots+A_{m} F_{m}</formula>
    <formula uri="http://libmeta.ru/me/formula/aux/1035_66_GIЈBBERTA">a_{1}, \ldots, A_{m}-</formula>
    <formula uri="http://libmeta.ru/me/formula/aux/1035_67_GIЈBBERTA">k\left[x_{1}, \ldots, X_{n}\right]</formula>
    <formula uri="http://libmeta.ru/me/formula/aux/1035_68_GIЈBBERTA">\mathfrak{a}</formula>
    <formula uri="http://libmeta.ru/me/formula/aux/1035_69_GIЈBBERTA">k\left[x_{1}, \ldots, X_{n}\right]</formula>
    <formula uri="http://libmeta.ru/me/formula/aux/1035_70_GIЈBBERTA">\mathfrak{a} \subset</formula>
    <formula uri="http://libmeta.ru/me/formula/aux/1035_71_GIЈBBERTA">\subset k\left[X_{1}, \ldots, X_{n}\right]</formula>
    <formula uri="http://libmeta.ru/me/formula/aux/1035_72_GIЈBBERTA">\mathfrak{a}</formula>
    <formula uri="http://libmeta.ru/me/formula/aux/1035_73_GIЈBBERTA">1947 ;</formula>
    <formula uri="http://libmeta.ru/me/formula/aux/1035_74_GIЈBBERTA">\mathbf{x}-</formula>
    <formula uri="http://libmeta.ru/me/formula/aux/1035_75_GIЈBBERTA">a</formula>
    <formula uri="http://libmeta.ru/me/formula/aux/1035_76_GIЈBBERTA">m</formula>
    <formula uri="http://libmeta.ru/me/formula/aux/1035_77_GIЈBBERTA">a</formula>
    <formula uri="http://libmeta.ru/me/formula/aux/1035_78_GIЈBBERTA">x_{1}, \ldots, x_{n}</formula>
    <formula uri="http://libmeta.ru/me/formula/aux/1035_79_GIЈBBERTA">m</formula>
    <formula uri="http://libmeta.ru/me/formula/aux/1035_80_GIЈBBERTA">s(m)</formula>
    <formula uri="http://libmeta.ru/me/formula/aux/1035_81_GIЈBBERTA">m</formula>
    <formula uri="http://libmeta.ru/me/formula/aux/1035_82_GIЈBBERTA">x_{1}, \ldots, x_{n}</formula>
    <formula uri="http://libmeta.ru/me/formula/aux/1035_83_GIЈBBERTA">a</formula>
    <formula uri="http://libmeta.ru/me/formula/aux/1035_84_GIЈBBERTA">\left(a_{1}, \ldots, a_{n}\right), a_{i} \in A</formula>
    <formula uri="http://libmeta.ru/me/formula/aux/1035_85_GIЈBBERTA">a_{1} x_{1}+\ldots+a_{n} x_{n}=0</formula>
    <formula uri="http://libmeta.ru/me/formula/aux/1035_86_GIЈBBERTA">\boldsymbol{i}</formula>
    <formula uri="http://libmeta.ru/me/formula/aux/1035_87_GIЈBBERTA">s_{i}(\boldsymbol{m})=s\left(s_{i-1}(M)\right)</formula>
    <formula uri="http://libmeta.ru/me/formula/aux/1035_88_GIЈBBERTA">m\left(s_{1}(m)=s(m)\right)</formula>
    <formula uri="http://libmeta.ru/me/formula/aux/1035_89_GIЈBBERTA">з</formula>
    <formula uri="http://libmeta.ru/me/formula/aux/1035_90_GIЈBBERTA">0 \longrightarrow S_{i}(M) \longrightarrow F_{i-1} \longrightarrow \ldots \longrightarrow F_{0} \longrightarrow M \longrightarrow 0</formula>
    <formula uri="http://libmeta.ru/me/formula/aux/1035_91_GIЈBBERTA">f_{0}, \ldots, F_{i-1}-</formula>
    <formula uri="http://libmeta.ru/me/formula/aux/1035_92_GIЈBBERTA">a</formula>
    <formula uri="http://libmeta.ru/me/formula/aux/1035_93_GIЈBBERTA">\gamma</formula>
    <formula uri="http://libmeta.ru/me/formula/aux/1035_94_GIЈBBERTA">a</formula>
    <formula uri="http://libmeta.ru/me/formula/aux/1035_95_GIЈBBERTA">m</formula>
    <formula uri="http://libmeta.ru/me/formula/aux/1035_96_GIЈBBERTA">m</formula>
    <formula uri="http://libmeta.ru/me/formula/aux/1035_97_GIЈBBERTA">a</formula>
    <formula uri="http://libmeta.ru/me/formula/aux/1035_98_GIЈBBERTA">a</formula>
    <formula uri="http://libmeta.ru/me/formula/aux/1035_99_GIЈBBERTA">m</formula>
    <formula uri="http://libmeta.ru/me/formula/aux/1035_100_GIЈBBERTA">a</formula>
    <formula uri="http://libmeta.ru/me/formula/aux/1035_101_GIЈBBERTA">m</formula>
    <formula uri="http://libmeta.ru/me/formula/aux/1035_102_GIЈBBERTA">a</formula>
    <formula uri="http://libmeta.ru/me/formula/aux/1035_103_GIЈBBERTA">a</formula>
    <formula uri="http://libmeta.ru/me/formula/aux/1035_104_GIЈBBERTA">175-89</formula>
    <formula uri="http://libmeta.ru/me/formula/aux/1035_105_GIЈBBERTA">-\Pi .</formula>
    <formula uri="http://libmeta.ru/me/formula/aux/1035_106_GIЈBBERTA">k</formula>
    <formula uri="http://libmeta.ru/me/formula/aux/1035_107_GIЈBBERTA">g(k / k)</formula>
    <formula uri="http://libmeta.ru/me/formula/aux/1035_108_GIЈBBERTA">n_{k / k}(\beta)</formula>
    <formula uri="http://libmeta.ru/me/formula/aux/1035_109_GIЈBBERTA">\beta \in K</formula>
    <formula uri="http://libmeta.ru/me/formula/aux/1035_110_GIЈBBERTA">\alpha \in K</formula>
    <formula uri="http://libmeta.ru/me/formula/aux/1035_111_GIЈBBERTA">\beta=\alpha \cdot \sigma(\alpha)^{-1}</formula>
    <formula uri="http://libmeta.ru/me/formula/aux/1035_112_GIЈBBERTA">\operatorname{tr}_{k / k}(\beta)</formula>
    <formula uri="http://libmeta.ru/me/formula/aux/1035_113_GIЈBBERTA">\beta</formula>
    <formula uri="http://libmeta.ru/me/formula/aux/1035_114_GIЈBBERTA">\beta=\alpha-\sigma(\alpha), \alpha \in K</formula>
    <formula uri="http://libmeta.ru/me/formula/aux/1035_115_GIЈBBERTA">k</formula>
    <formula uri="http://libmeta.ru/me/formula/aux/1035_116_GIЈBBERTA">k</formula>
    <formula uri="http://libmeta.ru/me/formula/aux/1035_117_GIЈBBERTA">g</formula>
    <formula uri="http://libmeta.ru/me/formula/aux/1035_118_GIЈBBERTA">k^{*}</formula>
    <formula uri="http://libmeta.ru/me/formula/aux/1035_119_GIЈBBERTA">k</formula>
    <formula uri="http://libmeta.ru/me/formula/aux/1035_120_GIЈBBERTA">g</formula>
    <formula uri="http://libmeta.ru/me/formula/aux/1035_121_GIЈBBERTA">h^{1}\left(g, K^{*}\right)</formula>
    <formula uri="http://libmeta.ru/me/formula/aux/1035_122_GIЈBBERTA">h^{q}(g</formula>
    <formula uri="http://libmeta.ru/me/formula/aux/1035_123_GIЈBBERTA">k)=0</formula>
    <formula uri="http://libmeta.ru/me/formula/aux/1035_124_GIЈBBERTA">q \geqslant 1</formula>
    <formula uri="http://libmeta.ru/me/formula/aux/1035_125_GIЈBBERTA">90 \%</formula>
    <formula uri="http://libmeta.ru/me/formula/aux/1035_126_GIЈBBERTA">h^{1}\left(x_{\text {et }}, G_{m}\right)</formula>
    <formula uri="http://libmeta.ru/me/formula/aux/1035_127_GIЈBBERTA">x</formula>
    <formula uri="http://libmeta.ru/me/formula/aux/1035_128_GIЈBBERTA">g_{m}</formula>
    <formula uri="http://libmeta.ru/me/formula/aux/1035_129_GIЈBBERTA">\operatorname{pic}(x)</formula>
    <formula uri="http://libmeta.ru/me/formula/aux/1035_130_GIЈBBERTA">x[5]</formula>
    <formula uri="http://libmeta.ru/me/formula/aux/1035_131_GIЈBBERTA">f=f(x, y, \dot{x}, \dot{y})</formula>
    <formula uri="http://libmeta.ru/me/formula/aux/1035_132_GIЈBBERTA">(\dot{x}, \dot{y})</formula>
    <formula uri="http://libmeta.ru/me/formula/aux/1035_133_GIЈBBERTA">(x, y)</formula>
    <formula uri="http://libmeta.ru/me/formula/aux/1035_134_GIЈBBERTA">g</formula>
    <formula uri="http://libmeta.ru/me/formula/aux/1035_135_GIЈBBERTA">(\dot{x}, \dot{y})</formula>
    <formula uri="http://libmeta.ru/me/formula/aux/1035_136_GIЈBBERTA">\dot{x}^{2}+\dot{y}^{2} \neq 0</formula>
    <formula uri="http://libmeta.ru/me/formula/aux/1035_137_GIЈBBERTA">f(x, y, \xi, \eta)&gt;0</formula>
    <formula uri="http://libmeta.ru/me/formula/aux/1035_138_GIЈBBERTA">(x, y) \in G</formula>
    <formula uri="http://libmeta.ru/me/formula/aux/1035_139_GIЈBBERTA">\xi^{2}+\eta^{2}=1</formula>
    <formula uri="http://libmeta.ru/me/formula/aux/1035_140_GIЈBBERTA">i</formula>
    <formula uri="http://libmeta.ru/me/formula/aux/1035_141_GIЈBBERTA">\phi(x, y)=\{(\xi, \eta): F(x, y, \xi, \eta) \leqslant 1\}</formula>
    <formula uri="http://libmeta.ru/me/formula/aux/1035_142_GIЈBBERTA">(\xi, \eta)</formula>
    <formula uri="http://libmeta.ru/me/formula/aux/1035_143_GIЈBBERTA">(x, y)</formula>
    <formula uri="http://libmeta.ru/me/formula/aux/1035_144_GIЈBBERTA">g_{0}</formula>
    <formula uri="http://libmeta.ru/me/formula/aux/1035_145_GIЈBBERTA">i</formula>
    <formula uri="http://libmeta.ru/me/formula/aux/1035_146_GIЈBBERTA">\left(x_{0}, y_{0}\right)</formula>
    <formula uri="http://libmeta.ru/me/formula/aux/1035_147_GIЈBBERTA">\left(x_{1}, y_{1}\right)</formula>
    <formula uri="http://libmeta.ru/me/formula/aux/1035_148_GIЈBBERTA">g_{0}</formula>
    <formula uri="http://libmeta.ru/me/formula/aux/1035_149_GIЈBBERTA">г</formula>
    <formula uri="http://libmeta.ru/me/formula/aux/1035_150_GIЈBBERTA">d</formula>
    <formula uri="http://libmeta.ru/me/formula/aux/1035_151_GIЈBBERTA">r</formula>
    <formula uri="http://libmeta.ru/me/formula/aux/1035_152_GIЈBBERTA">g L(r, \mathbb{C})</formula>
    <formula uri="http://libmeta.ru/me/formula/aux/1035_153_GIЈBBERTA">\gamma и л ь-</formula>
    <formula uri="http://libmeta.ru/me/formula/aux/1035_154_GIЈBBERTA">d</formula>
    <formula uri="http://libmeta.ru/me/formula/aux/1035_155_GIЈBBERTA">g L(r, \mathbb{C})</formula>
    <formula uri="http://libmeta.ru/me/formula/aux/1035_156_GIЈBBERTA">\gamma</formula>
    <formula uri="http://libmeta.ru/me/formula/aux/1035_157_GIЈBBERTA">c L(r, \mathbb{C})</formula>
    <formula uri="http://libmeta.ru/me/formula/aux/1035_158_GIЈBBERTA">r</formula>
    <formula uri="http://libmeta.ru/me/formula/aux/1035_159_GIЈBBERTA">k</formula>
    <formula uri="http://libmeta.ru/me/formula/aux/1035_160_GIЈBBERTA">g</formula>
    <formula uri="http://libmeta.ru/me/formula/aux/1035_161_GIЈBBERTA">r^{g}</formula>
    <formula uri="http://libmeta.ru/me/formula/aux/1035_162_GIЈBBERTA">g</formula>
    <formula uri="http://libmeta.ru/me/formula/aux/1035_163_GIЈBBERTA">r</formula>
    <formula uri="http://libmeta.ru/me/formula/aux/1035_164_GIЈBBERTA">r^{\dot{i}}</formula>
    <formula uri="http://libmeta.ru/me/formula/aux/1035_165_GIЈBBERTA">k</formula>
  </formulas_aux>
  <relations n="2">
    <relation uri="http://libmeta.ru/me/relation/1035_1_GIЈBBERTA">
      <rel_text>редуктивная группа</rel_text>
      <target>http://libmeta.ru/me/article/1038_REDUKTIVNAJa</target>
    </relation>
    <relation uri="http://libmeta.ru/me/relation/1035_2_GIЈBBERTA">
      <rel_text>алгебра</rel_text>
      <target>http://libmeta.ru/me/article/93_ALGEBR</target>
    </relation>
  </relations>
  <text>1) Г. т. о ба а и с е: если $URI[[http://libmeta.ru/me/formula/aux/1035_1_GIЈBBERTA]]/URI$ - коммутативное нётерово кольцо и $URI[[http://libmeta.ru/me/formula/aux/1035_2_GIЈBBERTA]]/URI$, . , .., $URI[[http://libmeta.ru/me/formula/aux/1035_3_GIЈBBERTA]]/URI$ - кольцо многочленов от $URI[[http://libmeta.ru/me/formula/aux/1035_4_GIЈBBERTA]]/URI$ с коэффиццентами в $URI[[http://libmeta.ru/me/formula/aux/1035_5_GIЈBBERTA]]/URI$, то ї $URI[[http://libmeta.ru/me/formula/aux/1035_6_GIЈBBERTA]]/URI$ нётерово кольцо. В частності, в кольце многочленов от конечного числа переменных над полем или над кольцом целых чисел любой идеал порождается конечным числом элементов (имеет конечный базис). Именно в такой форме теорема была доказана Д. Гильбертом [1] и играла вспомогательную роль в доказательстве основной Гильбер та теоремы об инвариантах. Впоследствии Г. т. о базисе получила широкое распространение в коммутативной алгебре.

![](https://cdn.mathpix.com/cropped/2023_07_08_b46b5526723b60c60b30g-1.jpg?height=49&amp;width=823&amp;top_left_y=1985&amp;top_left_x=127)
2) Г. т. о не п р и в о д и м о с ти: пусть $URI[[http://libmeta.ru/me/formula/aux/1035_7_GIЈBBERTA]]/URI$, ..., $URI[[http://libmeta.ru/me/formula/aux/1035_8_GIЈBBERTA]]/URI$ - неприводимый многочлен над полем рациональных чисел $URI[[http://libmeta.ru/me/formula/aux/1035_9_GIЈBBERTA]]/URI$; тогда существует бесконечное множество значений $URI[[http://libmeta.ru/me/formula/aux/1035_10_GIЈBBERTA]]/URI$ переменных $URI[[http://libmeta.ru/me/formula/aux/1035_11_GIЈBBERTA]]/URI$, при к-рых многочлен $URI[[http://libmeta.ru/me/formula/aux/1035_12_GIЈBBERTA]]/URI$ неприводим над $URI[[http://libmeta.ru/me/formula/aux/1035_13_GIЈBBERTA]]/URI$. Так, многочлен $URI[[http://libmeta.ru/me/formula/aux/1035_14_GIЈBBERTA]]/URI$ остается неприводимым для всех $URI[[http://libmeta.ru/me/formula/aux/1035_15_GIЈBBERTA]]/URI$ и только для них. Полученная Д. Гильбертом (d. Hilbert) в 1892, эта теорема обобщалась затем на случай многочленов над нек-рыми другими полями (напр., над полем конечного типа над своим простым подполем [2]).

Г. т. о неприводимости применяется в исследованиях, связанных с Галуа теории обратной задачей и алгебраических многообразий ариблетикой. Пусть над полем $URI[[http://libmeta.ru/me/formula/aux/1035_16_GIЈBBERTA]]/URI$ рациональных функций от $URI[[http://libmeta.ru/me/formula/aux/1035_17_GIЈBBERTA]]/URI$ существует такое расширение $URI[[http://libmeta.ru/me/formula/aux/1035_18_GIЈBBERTA]]/URI$ с группой Галуа $URI[[http://libmeta.ru/me/formula/aux/1035_19_GIЈBBERTA]]/URI$, что поле $URI[[http://libmeta.ru/me/formula/aux/1035_20_GIЈBBERTA]]/URI$ алгебраически замкнуто в $URI[[http://libmeta.ru/me/formula/aux/1035_21_GIЈBBERTA]]/URI$ и к нему применима $URI[[http://libmeta.ru/me/formula/aux/1035_22_GIЈBBERTA]]/URI$. т. о неприводимости. Тогда можно так выбрать значения переменных $URI[[http://libmeta.ru/me/formula/aux/1035_23_GIЈBBERTA]]/URI$ в поле $URI[[http://libmeta.ru/me/formula/aux/1035_24_GIЈBBERTA]]/URI$, что получающееся расширение поля $URI[[http://libmeta.ru/me/formula/aux/1035_25_GIЈBBERTA]]/URI$ будет иметь группой Галуа группу $URI[[http://libmeta.ru/me/formula/aux/1035_26_GIЈBBERTA]]/URI$. Используя это соображение, Д. Гильберт построил в [1] расширения поля $URI[[http://libmeta.ru/me/formula/aux/1035_27_GIЈBBERTA]]/URI$ с симметрической и знакопеременной группами. При этом, в случае симметрич. группы за $URI[[http://libmeta.ru/me/formula/aux/1035_28_GIЈBBERTA]]/URI$ берется поле рациональных функции от $URI[[http://libmeta.ru/me/formula/aux/1035_29_GIЈBBERTA]]/URI$ переменных, а в качестве $URI[[http://libmeta.ru/me/formula/aux/1035_30_GIЈBBERTA]]/URI$ - подіоле поля симметрич. функций, к-рое само будет полем рациональных функций. Обобщая этот подход, Э. Нётер (e. Noether) рассмотрела произвольную подгруппу $URI[[http://libmeta.ru/me/formula/aux/1035_31_GIЈBBERTA]]/URI$ и расширение $URI[[http://libmeta.ru/me/formula/aux/1035_32_GIЈBBERTA]]/URI$ соответствующего поля инвариантов $URI[[http://libmeta.ru/me/formula/aux/1035_33_GIЈBBERTA]]/URI$ относительно группы $URI[[http://libmeta.ru/me/formula/aux/1035_34_GIЈBBERTA]]/URI$ (см. [3]). Г. т. о неприводимости дает возможность построить расширение поля $URI[[http://libmeta.ru/me/formula/aux/1035_35_GIЈBBERTA]]/URI$ с группой Галуа $URI[[http://libmeta.ru/me/formula/aux/1035_36_GIЈBBERTA]]/URI$, если только поле $URI[[http://libmeta.ru/me/formula/aux/1035_37_GIЈBBERTA]]/URI$ есть поле рациональных функций над $URI[[http://libmeta.ru/me/formula/aux/1035_38_GIЈBBERTA]]/URI$. Вопрос о выполнимости последнего условия (п р о б ле м а Н ё т е р), тесно связан с Люрота проблемой. Лишь в 1969 Р. Суон (r. Swan) показал, что в общем случае ответ на него отрицательный (см. [4], [6]).

Г. т. о неприводимости применяется также при построении рациональных точек абелевых многообразий $URI[[http://libmeta.ru/me/formula/aux/1035_39_GIЈBBERTA]]/URI$ над полем рациональных чисел $URI[[http://libmeta.ru/me/formula/aux/1035_40_GIЈBBERTA]]/URI$. В силу теоремы Морделла - Вейля группа рациональных точек $URI[[http://libmeta.ru/me/formula/aux/1035_41_GIЈBBERTA]]/URI$ является конечно порожденной, и возникает вопрос о значении ее ранга $URI[[http://libmeta.ru/me/formula/aux/1035_42_GIЈBBERTA]]/URI$. Используя Г. т. о неприводимостіi, А. Нерон (a. Neron) построил многообразия $URI[[http://libmeta.ru/me/formula/aux/1035_43_GIЈBBERTA]]/URI$ размерності $URI[[http://libmeta.ru/me/formula/aux/1035_44_GIЈBBERTA]]/URI$ и ранга больше или равного $URI[[http://libmeta.ru/me/formula/aux/1035_45_GIЈBBERTA]]/URI$ (см. [2]).

Лum.: [1] H i l b e r t D., &quot;j. reine und angew. Math.&quot;, 1892, Bd 110, S. 104 29 ; [2] L a n g S., Diophantine Geometry, N. Y , c. 18-32, 90-94; [4] M a r t i'n e t J., &quot;seminaıre Bourbakı&quot;, $URI[[http://libmeta.ru/me/formula/aux/1035_46_GIЈBBERTA]]/URI$, B., 1971; [5] S c h i n z e l A., в Kh: &quot;actes du Congrès International des Mathèmaticiens&quot;, t. 1, R., &quot;actes 1971; [6] В о с к р е с е н с к и й В. Е., &quot;тр. Матем. ин-та Ан Ссср&quot;, В о с к р е с е н с к и й В. Е., &quot;тр. Матем. ин-та Ан Ссср&quot;,
1973 , т. 82 , с. $URI[[http://libmeta.ru/me/formula/aux/1035_47_GIЈBBERTA]]/URI$. 3) Г. т. о нул я х (о к о р н я х): пусть $URI[[http://libmeta.ru/me/formula/aux/1035_48_GIЈBBERTA]]/URI$ - поле, $URI[[http://libmeta.ru/me/formula/aux/1035_49_GIЈBBERTA]]/URI$ кольцо многочленов над $URI[[http://libmeta.ru/me/formula/aux/1035_50_GIЈBBERTA]]/URI$ алгебраич. замыкание поля $URI[[http://libmeta.ru/me/formula/aux/1035_51_GIЈBBERTA]]/URI$ и $URI[[http://libmeta.ru/me/formula/aux/1035_52_GIЈBBERTA]]/URI$ многочлены из $URI[[http://libmeta.ru/me/formula/aux/1035_53_GIЈBBERTA]]/URI$. К о р н е м многочлена $URI[[http://libmeta.ru/me/formula/aux/1035_54_GIЈBBERTA]]/URI$, $URI[[http://libmeta.ru/me/formula/aux/1035_55_GIЈBBERTA]]/URI$ наз. последовательность $URI[[http://libmeta.ru/me/formula/aux/1035_56_GIЈBBERTA]]/URI$ элементов из $URI[[http://libmeta.ru/me/formula/aux/1035_57_GIЈBBERTA]]/URI$, удовлетворяющая условию $URI[[http://libmeta.ru/me/formula/aux/1035_58_GIЈBBERTA]]/URI$. Если каждый общий корень многочленов $URI[[http://libmeta.ru/me/formula/aux/1035_59_GIЈBBERTA]]/URI$ является корнем многочлена $URI[[http://libmeta.ru/me/formula/aux/1035_60_GIЈBBERTA]]/URI$, то существует такое целое число $URI[[http://libmeta.ru/me/formula/aux/1035_61_GIЈBBERTA]]/URI$, зависящее только от $URI[[http://libmeta.ru/me/formula/aux/1035_62_GIЈBBERTA]]/URI$, что $URI[[http://libmeta.ru/me/formula/aux/1035_63_GIЈBBERTA]]/URI$ принадлежит идеалу, порожденному $URI[[http://libmeta.ru/me/formula/aux/1035_64_GIЈBBERTA]]/URI$, то есть $URI[[http://libmeta.ru/me/formula/aux/1035_65_GIЈBBERTA]]/URI$

где $URI[[http://libmeta.ru/me/formula/aux/1035_66_GIЈBBERTA]]/URI$ нек-рые многочлены. Получена Д. Гильбертом [1].

Г. т. эквивалентна утверждению, что для любого собственного идеала a кольца $URI[[http://libmeta.ru/me/formula/aux/1035_67_GIЈBBERTA]]/URI$ существует корень, общий для всех многочленов из $URI[[http://libmeta.ru/me/formula/aux/1035_68_GIЈBBERTA]]/URI$. Таким образом, Г. т. может рассматриваться как далеко идущее обобщение основной теоремы алгебры. На Г. т. можно смотреть и как на утверждение о том, что любой простой идеал кольца $URI[[http://libmeta.ru/me/formula/aux/1035_69_GIЈBBERTA]]/URI$ является пересечением максимальных идеалов, его содержащих; это приводит к понятию Джекобсона кольца.

При геометрич. интерпретации корни идеала $URI[[http://libmeta.ru/me/formula/aux/1035_70_GIЈBBERTA]]/URI$ $URI[[http://libmeta.ru/me/formula/aux/1035_71_GIЈBBERTA]]/URI$ соответствуют алгебраич. точкам аффинного многообразия, определяемого идеалом $URI[[http://libmeta.ru/me/formula/aux/1035_72_GIЈBBERTA]]/URI$. Из Г. т. следует, что на любом непустом афффином многообразии имеется алгебраич. точка. Таким образом, множество алгебраич. точек всюду плотно на многообразии, и потому однозначно его определяет - при- чина, по к-рой при изучении алгебраич. многообразий часто ограничиваются алгебраич. точками.

Jum.: [1] H i l b e r t D., &quot;math. Ann.&quot;, 1893, Bd 42, S. 31373; [2] В а н - д е р - В а р д е н Б. Л., Современная алгебра, пер. с нем., ч. 2, 2 изд., М.- Л., $URI[[http://libmeta.ru/me/formula/aux/1035_73_GIЈBBERTA]]/URI$ ' [3] 3 а р и с с к и й О., С. а ю ә Л Б П., Коммутативная алгебра, пер. с англ., Т. 2, Б у р б а к и Н., Коммутативная алгебра, пер. с франц., М., 4) Г. т. о пов е к р и в и з ы: в трехмерном евклидовом пространстве не существует полной регулярной поверхности постоянной отрицательной кривизны. Доказана Д. Гильбертом (d. Hilbert, 1901; см. [i]).

Лит.: [1] Г и ль б е р т Д., Основания геометрии, пер. с нем., М.- Л., 1948 .

5) Г. т. о с и 3 и г и я $URI[[http://libmeta.ru/me/formula/aux/1035_74_GIЈBBERTA]]/URI$ теорема о конечности цепи сизигий градуированного модуля над кольцом многочленов (в классич. формулировке см. [i]).

Пусть $URI[[http://libmeta.ru/me/formula/aux/1035_75_GIЈBBERTA]]/URI$ - нётерово кольцо, $URI[[http://libmeta.ru/me/formula/aux/1035_76_GIЈBBERTA]]/URI$ - нётеров $URI[[http://libmeta.ru/me/formula/aux/1035_77_GIЈBBERTA]]/URI$-модуль, и $URI[[http://libmeta.ru/me/formula/aux/1035_78_GIЈBBERTA]]/URI$ - система образующих модуля $URI[[http://libmeta.ru/me/formula/aux/1035_79_GIЈBBERTA]]/URI$. М о д у л е м с и з и г и й (соотношений) $URI[[http://libmeta.ru/me/formula/aux/1035_80_GIЈBBERTA]]/URI$ модуля $URI[[http://libmeta.ru/me/formula/aux/1035_81_GIЈBBERTA]]/URI$ наз. модуль соотношений для $URI[[http://libmeta.ru/me/formula/aux/1035_82_GIЈBBERTA]]/URI$, т. е. $URI[[http://libmeta.ru/me/formula/aux/1035_83_GIЈBBERTA]]/URI$-модуль векторов $URI[[http://libmeta.ru/me/formula/aux/1035_84_GIЈBBERTA]]/URI$, удовлетворяющих условию: $URI[[http://libmeta.ru/me/formula/aux/1035_85_GIЈBBERTA]]/URI$. Индуктивно определяется $URI[[http://libmeta.ru/me/formula/aux/1035_86_GIЈBBERTA]]/URI$-й м о д у л ь с и з и г и й $URI[[http://libmeta.ru/me/formula/aux/1035_87_GIЈBBERTA]]/URI$ модуля $URI[[http://libmeta.ru/me/formula/aux/1035_88_GIЈBBERTA]]/URI$.Иначе это можно описать с помощью точной последовательности, наз. ц е п ь ю с и $URI[[http://libmeta.ru/me/formula/aux/1035_89_GIЈBBERTA]]/URI$ и г и й:

$URI[[http://libmeta.ru/me/formula/aux/1035_90_GIЈBBERTA]]/URI$,

где $URI[[http://libmeta.ru/me/formula/aux/1035_91_GIЈBBERTA]]/URI$ свободные $URI[[http://libmeta.ru/me/formula/aux/1035_92_GIЈBBERTA]]/URI$-модули конечного типа. В современном изложении $URI[[http://libmeta.ru/me/formula/aux/1035_93_GIЈBBERTA]]/URI$. т. о сизигиях допускает следующую формулировку : если $URI[[http://libmeta.ru/me/formula/aux/1035_94_GIЈBBERTA]]/URI$ - локальное регулярное кольцо размерности $URI[[http://libmeta.ru/me/formula/aux/1035_95_GIЈBBERTA]]/URI$, то $URI[[http://libmeta.ru/me/formula/aux/1035_96_GIЈBBERTA]]/URI$-й модуль сизигий любого нётерова $URI[[http://libmeta.ru/me/formula/aux/1035_97_GIЈBBERTA]]/URI$-модуля является свободным модулем. Это эквивалентно тому, что любой $URI[[http://libmeta.ru/me/formula/aux/1035_98_GIЈBBERTA]]/URI$-модуль имеет свободную резольвенту длины $URI[[http://libmeta.ru/me/formula/aux/1035_99_GIЈBBERTA]]/URI$, или что $URI[[http://libmeta.ru/me/formula/aux/1035_100_GIЈBBERTA]]/URI$ имеет глобальную проективную размерность $URI[[http://libmeta.ru/me/formula/aux/1035_101_GIЈBBERTA]]/URI$. Это свойство характеризует регулярные кольца [2].

Гло б а льны й в а р и ан т Г. т. о с и зиг I я х: над регулярным кольцом $URI[[http://libmeta.ru/me/formula/aux/1035_102_GIЈBBERTA]]/URI$ (напр., над кольцом многочленов) любой $URI[[http://libmeta.ru/me/formula/aux/1035_103_GIЈBBERTA]]/URI$-модуль конечного типа имеет проективную (но уже не обязательно свободную) резольвенту конечной длины.

Jum.: [1] H i l b e r t D., &quot;math. Ann.», 1890, Bd 36, S. 473534; [2] S e r r e J.-P., B Kh.: proceedings of the International - Symposium on Algebraic Number Theory, Tokyo, 1955 , p. $URI[[http://libmeta.ru/me/formula/aux/1035_104_GIЈBBERTA]]/URI$; [3] С е p p Ж. $URI[[http://libmeta.ru/me/formula/aux/1035_105_GIЈBBERTA]]/URI$, Математика&quot;, 1963, т. 7, № 5, тивная алгебра, пер. с англ., т. 2, М., 1963. В. И. Данилов.

6) Г. т. о цик ли ч е с ких р а сши рения и (те о р е м а Гиль б е р т а 90): пусть $URI[[http://libmeta.ru/me/formula/aux/1035_106_GIЈBBERTA]]/URI$ - циклич. расширение с циклической группой Галуа $URI[[http://libmeta.ru/me/formula/aux/1035_107_GIЈBBERTA]]/URI$ по-

![](https://cdn.mathpix.com/cropped/2023_07_08_19fb560c8302e5ac03aeg-1.jpg?height=35&amp;width=833&amp;top_left_y=1699&amp;top_left_x=122)
$URI[[http://libmeta.ru/me/formula/aux/1035_108_GIЈBBERTA]]/URI$ элемента $URI[[http://libmeta.ru/me/formula/aux/1035_109_GIЈBBERTA]]/URI$ равна единице в том и только в том случае, если существует ненулевой элемент $URI[[http://libmeta.ru/me/formula/aux/1035_110_GIЈBBERTA]]/URI$, удовлетворяющий условию $URI[[http://libmeta.ru/me/formula/aux/1035_111_GIЈBBERTA]]/URI$. Аналогично, след $URI[[http://libmeta.ru/me/formula/aux/1035_112_GIЈBBERTA]]/URI$ равен нулю тогда и только тогда, когда $URI[[http://libmeta.ru/me/formula/aux/1035_113_GIЈBBERTA]]/URI$ может быть представлено в виде $URI[[http://libmeta.ru/me/formula/aux/1035_114_GIЈBBERTA]]/URI$ (cm. [1], [2], [3]).

Г. т. может рассматриваться как следствие более общего утверждения о когомологиях групп Галуа (см. [4]). Именно: если $URI[[http://libmeta.ru/me/formula/aux/1035_115_GIЈBBERTA]]/URI$ - расширение Галуа группы $URI[[http://libmeta.ru/me/formula/aux/1035_116_GIЈBBERTA]]/URI$ с группой Галуа $URI[[http://libmeta.ru/me/formula/aux/1035_117_GIЈBBERTA]]/URI$, то мультипликативная группа $URI[[http://libmeta.ru/me/formula/aux/1035_118_GIЈBBERTA]]/URI$ поля $URI[[http://libmeta.ru/me/formula/aux/1035_119_GIЈBBERTA]]/URI$ превращается в $URI[[http://libmeta.ru/me/formula/aux/1035_120_GIЈBBERTA]]/URI$-модуль, и первая группа когомологий $URI[[http://libmeta.ru/me/formula/aux/1035_121_GIЈBBERTA]]/URI$ равна нулю. Аналогично, $URI[[http://libmeta.ru/me/formula/aux/1035_122_GIЈBBERTA]]/URI$, $URI[[http://libmeta.ru/me/formula/aux/1035_123_GIЈBBERTA]]/URI$ при $URI[[http://libmeta.ru/me/formula/aux/1035_124_GIЈBBERTA]]/URI$ (см. Галуа когомологии).

Другим обобщением Г. т. является теория спуска Гротендика; одно из применений ее в этальной тоиолоей, также известное под назв. «т е о р е м а б е р т а $URI[[http://libmeta.ru/me/formula/aux/1035_125_GIЈBBERTA]]/URI$, утверждает, что этальные когомологии $URI[[http://libmeta.ru/me/formula/aux/1035_126_GIЈBBERTA]]/URI$ схемы $URI[[http://libmeta.ru/me/formula/aux/1035_127_GIЈBBERTA]]/URI$ со значениями в пучке мультипликативных групп $URI[[http://libmeta.ru/me/formula/aux/1035_128_GIЈBBERTA]]/URI$ изоморфны группе Пикара $URI[[http://libmeta.ru/me/formula/aux/1035_129_GIЈBBERTA]]/URI$ классов обратимых пучков на $URI[[http://libmeta.ru/me/formula/aux/1035_130_GIЈBBERTA]]/URI$. Jum.: [1] H i l b e r t D., «jahresbericht der D. M. V.», 1897, Bd 4, S. 175-546; [2] Л е н г С., Алгебра, пер. с англ., М., 1968; [3] Б у р б а к и Н., Алгебра. Многочлены и поля. Упорядоченные группы, пер. с франц., М., 1965 ; [4] С е p p
Ж..-П., Когомологии Галуа, пер. с франц., М., 1968; [5] A r t i n

![](https://cdn.mathpix.com/cropped/2023_07_08_19fb560c8302e5ac03aeg-1.jpg?height=64&amp;width=836&amp;top_left_y=288&amp;top_left_x=986)

7) Г. т. о с у щ с т в о в а пи и а б с о л ю т но го эк с т р м у м а: пусть

\[
URI[[http://libmeta.ru/me/formula/main/1035_1_GIЈBBERTA]]/URI
\]

есть функционал вариационной задачи в параметрич. форме, где $URI[[http://libmeta.ru/me/formula/aux/1035_131_GIЈBBERTA]]/URI$ - положительно определенная функция 1 -й степени по $URI[[http://libmeta.ru/me/formula/aux/1035_132_GIЈBBERTA]]/URI$, трижды непрерывно дифференцируемая по всем аргументам для всех $URI[[http://libmeta.ru/me/formula/aux/1035_133_GIЈBBERTA]]/URI$ из области $URI[[http://libmeta.ru/me/formula/aux/1035_134_GIЈBBERTA]]/URI$ и всех $URI[[http://libmeta.ru/me/formula/aux/1035_135_GIЈBBERTA]]/URI$, удовлетворяющих условию $URI[[http://libmeta.ru/me/formula/aux/1035_136_GIЈBBERTA]]/URI$. Кроме того, предполагается, что $URI[[http://libmeta.ru/me/formula/aux/1035_137_GIЈBBERTA]]/URI$ для всех $URI[[http://libmeta.ru/me/formula/aux/1035_138_GIЈBBERTA]]/URI$ и $URI[[http://libmeta.ru/me/formula/aux/1035_139_GIЈBBERTA]]/URI$ (т. е. функционал $URI[[http://libmeta.ru/me/formula/aux/1035_140_GIЈBBERTA]]/URI$ положительно определен), а также, что множества $URI[[http://libmeta.ru/me/formula/aux/1035_141_GIЈBBERTA]]/URI$ строго выпуклы по $URI[[http://libmeta.ru/me/formula/aux/1035_142_GIЈBBERTA]]/URI$ для всех $URI[[http://libmeta.ru/me/formula/aux/1035_143_GIЈBBERTA]]/URI$ из выпуклой замкнутой подобласти $URI[[http://libmeta.ru/me/formula/aux/1035_144_GIЈBBERTA]]/URI$ (т. е. функционал $URI[[http://libmeta.ru/me/formula/aux/1035_145_GIЈBBERTA]]/URI$ регулярен, или эллиптичен).

При этих предположениях для любых двух точек $URI[[http://libmeta.ru/me/formula/aux/1035_146_GIЈBBERTA]]/URI$ и $URI[[http://libmeta.ru/me/formula/aux/1035_147_GIЈBBERTA]]/URI$ из $URI[[http://libmeta.ru/me/formula/aux/1035_148_GIЈBBERTA]]/URI$ найдется кривая, доставляющая функционалу I абсолютный минимум среди всех спрямляемых кривых.

Г. т. получена Д. Гильбертом (d. Hilbert, 1899). Лит.: [1] А х и е з е р Н. К., Лекции по вариационному исчислению, М., 1955. B. M. Tихомиров.

8) $URI[[http://libmeta.ru/me/formula/aux/1035_149_GIЈBBERTA]]/URI$. т. о б и н в а р и а н т а х - теорема, устанавливаюшая конечнопорожденность алгебры всех многочленов на комплексном векторном пространстве форм степени $URI[[http://libmeta.ru/me/formula/aux/1035_150_GIЈBBERTA]]/URI$ от $URI[[http://libmeta.ru/me/formula/aux/1035_151_GIЈBBERTA]]/URI$ переменных, инвариантных относительно действия полной линейной группы $URI[[http://libmeta.ru/me/formula/aux/1035_152_GIЈBBERTA]]/URI$, опрепеляемого линейными заменами этих переменных. Первое доказательство теоремы, использующее $URI[[http://libmeta.ru/me/formula/aux/1035_153_GIЈBBERTA]]/URI$ берта теорему о базисе и формальные процессы инвариантов теории, дано в [1]. Д. Гильберт [2] конструктивно доказал эту теорему и получил оценку сверху для степеней образующих указанной алгебры инвариантов (что, в принципе, дает возможность их выписать явно).

Г. т. является первой основной теоремой теории инвариантов для $URI[[http://libmeta.ru/me/formula/aux/1035_154_GIЈBBERTA]]/URI$-й симметрич. степени стандартного представления $URI[[http://libmeta.ru/me/formula/aux/1035_155_GIЈBBERTA]]/URI$. Доказательство $URI[[http://libmeta.ru/me/formula/aux/1035_156_GIЈBBERTA]]/URI$. т. стимулировало постановку вопроса о конечнопорожденності алгебр инвариантов для подгрупп группы $URI[[http://libmeta.ru/me/formula/aux/1035_157_GIЈBBERTA]]/URI$, а также постановку 14-й проблемы Гильберта. Используя теорию интегрирования на группах, Г. Вейль (h. Weyl) доказал конечнопорожденность алгебры инвариантов для любых конечномерных представлений компактных групп Ли и комплексных полупростых групп Ли (см. [3]).

Г. т. принято называть также следующее ее обобщение: если $URI[[http://libmeta.ru/me/formula/aux/1035_158_GIЈBBERTA]]/URI$ - URI[[http://libmeta.ru/me/relation/1035_2_GIЈBBERTA]]/URI конечного типа над полем $URI[[http://libmeta.ru/me/formula/aux/1035_159_GIЈBBERTA]]/URI$, $URI[[http://libmeta.ru/me/formula/aux/1035_160_GIЈBBERTA]]/URI$ - геометрически URI[[http://libmeta.ru/me/relation/1035_1_GIЈBBERTA]]/URI ее k-автоморфизмов и $URI[[http://libmeta.ru/me/formula/aux/1035_161_GIЈBBERTA]]/URI$ - подалгебра всех $URI[[http://libmeta.ru/me/formula/aux/1035_162_GIЈBBERTA]]/URI$-инвариантных элементов в $URI[[http://libmeta.ru/me/formula/aux/1035_163_GIЈBBERTA]]/URI$, то $URI[[http://libmeta.ru/me/formula/aux/1035_164_GIЈBBERTA]]/URI$ также имеет конечный тип над $URI[[http://libmeta.ru/me/formula/aux/1035_165_GIЈBBERTA]]/URI$ (см. [4], [5]).</text>
  <text_orig>1) Г. т. о ба а и с е: если $A$ - коммутативное нётерово кольцо и $A\left[X_{1}\right.$, . , .., $\left.X_{n}\right]$ - кольцо многочленов от $X_{1}, \ldots, X_{n}$ с коэффиццентами в $A$, то ї $A\left[X_{1}, \ldots ., X_{n}\right]-$ нётерово кольцо. В частності, в кольце многочленов от конечного числа переменных над полем или над кольцом целых чисел любой идеал порождается конечным числом элементов (имеет конечный базис). Именно в такой форме теорема была доказана Д. Гильбертом [1] и играла вспомогательную роль в доказательстве основной Гильбер та теоремы об инвариантах. Впоследствии Г. т. о базисе получила широкое распространение в коммутативной алгебре.

![](https://cdn.mathpix.com/cropped/2023_07_08_b46b5526723b60c60b30g-1.jpg?height=49&amp;width=823&amp;top_left_y=1985&amp;top_left_x=127)
2) Г. т. о не п р и в о д и м о с ти: пусть $f\left(t_{1}, \ldots\right.$, ..., $\left.t_{k}, x_{1}, \ldots, x_{k}\right)$ - неприводимый многочлен над полем рациональных чисел $\mathbb{Q}$; тогда существует бесконечное множество значений $t_{1}^{0}, \ldots, t_{k}^{0} \in \mathbb{Q}$ переменных $t_{1}, \ldots, t_{k}$, при к-рых многочлен $f\left(t_{1}^{0}, \ldots, t_{k}^{0}, x_{1}, \ldots, x_{n}\right)$ неприводим над $\mathbb{Q}$. Так, многочлен $f(t, x)=t-x^{2}$ остается неприводимым для всех $t^{0}\left(t^{0} \neq a^{2}, a \in \mathbb{Q}\right)$ и только для них. Полученная Д. Гильбертом (D. Hilbert) в 1892, эта теорема обобщалась затем на случай многочленов над нек-рыми другими полями (напр., над полем конечного типа над своим простым подполем [2]).

Г. т. о неприводимости применяется в исследованиях, связанных с Галуа теории обратной задачей и алгебраических многообразий ариблетикой. Пусть над полем $K=k\left(t_{1}, \ldots, t_{n}\right)$ рациональных функций от $t_{1}, \ldots, t_{n}$ существует такое расширение $E / K$ с группой Галуа $G$, что поле $k$ алгебраически замкнуто в $E$ и к нему применима $Г$. т. о неприводимости. Тогда можно так выбрать значения переменных $t_{1}, \ldots, t_{n}$ в поле $k$, что получающееся расширение поля $k$ будет иметь группой Галуа группу $G$. Используя это соображение, Д. Гильберт построил в [1] расширения поля $\mathbb{Q}$ с симметрической и знакопеременной группами. При этом, в случае симметрич. группы за $E$ берется поле рациональных функции от $n$ переменных, а в качестве $K$ - подіоле поля симметрич. функций, к-рое само будет полем рациональных функций. Обобщая этот подход, Э. Нётер (E. Noether) рассмотрела произвольную подгруппу $G \subset S_{n}$ и расширение $E$ соответствующего поля инвариантов $E$ относительно группы $G$ (см. [3]). Г. т. о неприводимости дает возможность построить расширение поля $k$ с группой Галуа $G$, если только поле $E^{G}$ есть поле рациональных функций над $\mathbb{Q}$. Вопрос о выполнимости последнего условия (п р о б ле м а Н ё т е р), тесно связан с Люрота проблемой. Лишь в 1969 Р. Суон (R. Swan) показал, что в общем случае ответ на него отрицательный (см. [4], [6]).

Г. т. о неприводимости применяется также при построении рациональных точек абелевых многообразий $A$ над полем рациональных чисел $\mathbb{Q}$. В силу теоремы Морделла - Вейля группа рациональных точек $A$ является конечно порожденной, и возникает вопрос о значении ее ранга $r$. Используя Г. т. о неприводимостіI, А. Нерон (A. Neron) построил многообразия $A$ размерності $g$ и ранга больше или равного $3 g+6$ (см. [2]).

Лum.: [1] H i l b e r t D., &quot;J. reine und angew. Math.&quot;, 1892, Bd 110, S. 104 29 ; [2] L a n g S., Diophantine Geometry, N. Y , c. 18-32, 90-94; [4] M a r t i'n e t J., &quot;Seminaıre Bourbakı&quot;, $1969 / 1970$, B., 1971; [5] S c h i n z e l A., в KH: &quot;Actes du Congrès International des Mathèmaticiens&quot;, t. 1, R., &quot;Actes 1971; [6] В о с к р е с е н с к и й В. Е., &quot;Тр. Матем. ин-та АН СССР&quot;, В о с к р е с е н с к и й В. Е., &quot;Тр. Матем. ин-та АН СССР&quot;,
1973 , т. 82 , с. $151-61$. 3) Г. т. о нул я х (о к о р н я х): пусть $k$ - поле, $k\left[X_{1}, \ldots, X_{n}\right]-$ кольцо многочленов над $k, \bar{k}-$ алгебраич. замыкание поля $k$ и $F, F_{1}, \ldots, F_{m}-$ многочлены из $k\left[X_{1}, \ldots, X_{n}\right]$. К о р н е м многочлена $F\left(X_{1}, \ldots\right.$, $\left.\ldots, X_{n}\right)$ наз. последовательность $\left(c_{1}, \ldots, c_{n}\right)$ элементов из $\bar{k}$, удовлетворяющая условию $F\left(c_{1}, \ldots, c_{n}\right)=0$. Если каждый общий корень многочленов $F_{1}, \ldots, F_{m}$ является корнем многочлена $F$, то существует такое целое число $r$, зависящее только от $F_{1}, \ldots, F_{m}$, что $F_{r}$ принадлежит идеалу, порожденному $F_{1}, \ldots, F_{m}$, то есть $F r=A_{1} F_{1}+\ldots+A_{m} F_{m}$

где $A_{1}, \ldots, A_{m}-$ нек-рые многочлены. Получена Д. Гильбертом [1].

Г. т. эквивалентна утверждению, что для любого собственного идеала a кольца $k\left[X_{1}, \ldots, X_{n}\right]$ существует корень, общий для всех многочленов из $\mathfrak{a}$. Таким образом, Г. т. может рассматриваться как далеко идущее обобщение основной теоремы алгебры. На Г. т. можно смотреть и как на утверждение о том, что любой простой идеал кольца $k\left[X_{1}, \ldots, X_{n}\right]$ является пересечением максимальных идеалов, его содержащих; это приводит к понятию Джекобсона кольца.

При геометрич. интерпретации корни идеала $\mathfrak{a} \subset$ $\subset k\left[X_{1}, \ldots, X_{n}\right]$ соответствуют алгебраич. точкам аффинного многообразия, определяемого идеалом $\mathfrak{a}$. Из Г. т. следует, что на любом непустом афффином многообразии имеется алгебраич. точка. Таким образом, множество алгебраич. точек всюду плотно на многообразии, и потому однозначно его определяет - при- чина, по к-рой при изучении алгебраич. многообразий часто ограничиваются алгебраич. точками.

Jum.: [1] H i l b e r t D., &quot;Math. Ann.&quot;, 1893, Bd 42, S. 31373; [2] В а н - д е р - В а р д е н Б. Л., Современная алгебра, пер. с нем., ч. 2, 2 изд., М.- Л., $1947 ;$ ' [3] 3 а р и с с к и й О., С. а ю ә Л Б П., Коммутативная алгебра, пер. с англ., Т. 2, Б у р б а к и Н., Коммутативная алгебра, пер. с франц., М., 4) Г. т. о пов е к р и в и з ы: в трехмерном евклидовом пространстве не существует полной регулярной поверхности постоянной отрицательной кривизны. Доказана Д. Гильбертом (D. Hilbert, 1901; см. [I]).

Лит.: [1] Г и ль б е р т Д., Основания геометрии, пер. с нем., М.- Л., 1948 .

5) Г. т. о с и 3 и г и я $\mathbf{x}-$ теорема о конечности цепи сизигий градуированного модуля над кольцом многочленов (в классич. формулировке см. [I]).

Пусть $A$ - нётерово кольцо, $M$ - нётеров $A$-модуль, и $x_{1}, \ldots, x_{n}$ - система образующих модуля $M$. М о д у л е м с и з и г и й (соотношений) $S(M)$ модуля $M$ наз. модуль соотношений для $x_{1}, \ldots, x_{n}$, т. е. $A$-модуль векторов $\left(a_{1}, \ldots, a_{n}\right), a_{i} \in A$, удовлетворяющих условию: $a_{1} x_{1}+\ldots+a_{n} x_{n}=0$. Индуктивно определяется $\boldsymbol{i}$-й м о д у л ь с и з и г и й $S_{i}(\boldsymbol{M})=S\left(S_{i-1}(M)\right)$ модуля $M\left(S_{1}(M)=S(M)\right)$.Иначе это можно описать с помощью точной последовательности, наз. ц е п ь ю с и $з$ и г и й:

$0 \longrightarrow S_{i}(M) \longrightarrow F_{i-1} \longrightarrow \ldots \longrightarrow F_{0} \longrightarrow M \longrightarrow 0$,

где $F_{0}, \ldots, F_{i-1}-$ свободные $A$-модули конечного типа. В современном изложении $\Gamma$. т. о сизигиях допускает следующую формулировку : если $A$ - локальное регулярное кольцо размерности $m$, то $m$-й модуль сизигий любого нётерова $A$-модуля является свободным модулем. Это эквивалентно тому, что любой $A$-модуль имеет свободную резольвенту длины $m$, или что $A$ имеет глобальную проективную размерность $m$. Это свойство характеризует регулярные кольца [2].

Гло б а льны й в а р и ан т Г. т. о с и зиг I я х: над регулярным кольцом $A$ (напр., над кольцом многочленов) любой $A$-модуль конечного типа имеет проективную (но уже не обязательно свободную) резольвенту конечной длины.

Jum.: [1] H i l b e r t D., &quot;Math. Ann.», 1890, Bd 36, S. 473534; [2] S e r r e J.-P., B KH.: proceedings of the International - Symposium on Algebraic Number Theory, Tokyo, 1955 , p. $175-89$; [3] С е p p Ж. $-\Pi .$, Математика&quot;, 1963, т. 7, № 5, тивная алгебра, пер. с англ., т. 2, М., 1963. В. И. Данилов.

6) Г. т. о цик ли ч е с ких р а сши рения и (те о р е м а Гиль б е р т а 90): пусть $K$ - циклич. расширение с циклической группой Галуа $G(K / k)$ по-

![](https://cdn.mathpix.com/cropped/2023_07_08_19fb560c8302e5ac03aeg-1.jpg?height=35&amp;width=833&amp;top_left_y=1699&amp;top_left_x=122)
$N_{K / k}(\beta)$ элемента $\beta \in K$ равна единице в том и только в том случае, если существует ненулевой элемент $\alpha \in K$, удовлетворяющий условию $\beta=\alpha \cdot \sigma(\alpha)^{-1}$. Аналогично, след $\operatorname{Tr}_{k / k}(\beta)$ равен нулю тогда и только тогда, когда $\beta$ может быть представлено в виде $\beta=\alpha-\sigma(\alpha), \alpha \in K$ (cM. [1], [2], [3]).

Г. т. может рассматриваться как следствие более общего утверждения о когомологиях групп Галуа (см. [4]). Именно: если $K$ - расширение Галуа группы $k$ с группой Галуа $G$, то мультипликативная группа $K^{*}$ поля $K$ превращается в $G$-модуль, и первая группа когомологий $H^{1}\left(G, K^{*}\right)$ равна нулю. Аналогично, $H^{q}(G$, $K)=0$ при $q \geqslant 1$ (см. Галуа когомологии).

Другим обобщением Г. т. является теория спуска Гротендика; одно из применений ее в этальной тоиолоей, также известное под назв. «т е о р е м а б е р т а $90 \%$, утверждает, что этальные когомологии $H^{1}\left(X_{\text {et }}, G_{m}\right)$ схемы $X$ со значениями в пучке мультипликативных групп $G_{m}$ изоморфны группе Пикара $\operatorname{Pic}(X)$ классов обратимых пучков на $X[5]$. Jum.: [1] H i l b e r t D., «Jahresbericht der D. M. V.», 1897, Bd 4, S. 175-546; [2] Л е н г С., Алгебра, пер. с англ., М., 1968; [3] Б у р б а к и Н., Алгебра. Многочлены и поля. Упорядоченные группы, пер. с франц., М., 1965 ; [4] С е p p
Ж..-П., Когомологии Галуа, пер. с франц., М., 1968; [5] A r t i n

![](https://cdn.mathpix.com/cropped/2023_07_08_19fb560c8302e5ac03aeg-1.jpg?height=64&amp;width=836&amp;top_left_y=288&amp;top_left_x=986)

7) Г. т. о с у щ с т в о в а пи и а б с о л ю т но го эк с т р м у м а: пусть

\[
I=\int F d t
\]

есть функционал вариационной задачи в параметрич. форме, где $F=F(x, y, \dot{x}, \dot{y})$ - положительно определенная функция 1 -й степени по $(\dot{x}, \dot{y})$, трижды непрерывно дифференцируемая по всем аргументам для всех $(x, y)$ из области $G$ и всех $(\dot{x}, \dot{y})$, удовлетворяющих условию $\dot{x}^{2}+\dot{y}^{2} \neq 0$. Кроме того, предполагается, что $F(x, y, \xi, \eta)&gt;0$ для всех $(x, y) \in G$ и $\xi^{2}+\eta^{2}=1$ (т. е. функционал $I$ положительно определен), а также, что множества $\Phi(x, y)=\{(\xi, \eta): F(x, y, \xi, \eta) \leqslant 1\}$ строго выпуклы по $(\xi, \eta)$ для всех $(x, y)$ из выпуклой замкнутой подобласти $G_{0}$ (т. е. функционал $I$ регулярен, или эллиптичен).

При этих предположениях для любых двух точек $\left(x_{0}, y_{0}\right)$ и $\left(x_{1}, y_{1}\right)$ из $G_{0}$ найдется кривая, доставляющая функционалу I абсолютный минимум среди всех спрямляемых кривых.

Г. т. получена Д. Гильбертом (D. Hilbert, 1899). Лит.: [1] А х и е з е р Н. К., Лекции по вариационному исчислению, М., 1955. B. M. Tихомиров.

8) $Г$. т. о б и н в а р и а н т а х - теорема, устанавливаюшая конечнопорожденность алгебры всех многочленов на комплексном векторном пространстве форм степени $d$ от $r$ переменных, инвариантных относительно действия полной линейной группы $G L(r, \mathbb{C})$, опрепеляемого линейными заменами этих переменных. Первое доказательство теоремы, использующее $\Gamma и л ь-$ берта теорему о базисе и формальные процессы инвариантов теории, дано в [1]. Д. Гильберт [2] конструктивно доказал эту теорему и получил оценку сверху для степеней образующих указанной алгебры инвариантов (что, в принципе, дает возможность их выписать явно).

Г. т. является первой основной теоремой теории инвариантов для $d$-й симметрич. степени стандартного представления $G L(r, \mathbb{C})$. Доказательство $\Gamma$. т. стимулировало постановку вопроса о конечнопорожденності алгебр инвариантов для подгрупп группы $C L(r, \mathbb{C})$, а также постановку 14-й проблемы Гильберта. Используя теорию интегрирования на группах, Г. Вейль (H. Weyl) доказал конечнопорожденность алгебры инвариантов для любых конечномерных представлений компактных групп Ли и комплексных полупростых групп Ли (см. [3]).

Г. т. принято называть также следующее ее обобщение: если $R$ - алгебра конечного типа над полем $k$, $G$ - геометрически редуктивная группа ее k-автоморфизмов и $R^{G}$ - подалгебра всех $G$-инвариантных элементов в $R$, то $R^{\dot{i}}$ также имеет конечный тип над $k$ (см. [4], [5]).

Jum.: [1] H i l b e r t D., &quot;Math. Ann.&quot;, 1890, Bd 36, S. $473-534 ;$ [2] e r o жe, &quot;Math. Ann.&quot;, 1893, Bd 42, S. 313-73; [3] В е й л ь Г., Класскческие группы, их инварианты и представления, пер. с англ., M., 1947; [4] M u m f o r d D., Geo-

![](https://cdn.mathpix.com/cropped/2023_07_08_19fb560c8302e5ac03aeg-1.jpg?height=38&amp;width=826&amp;top_left_y=2029&amp;top_left_x=995)</text_orig>
</article>
