<?xml version="1.0" ?>
<article uri="http://libmeta.ru/me/article/1036_IIINIREL'MANA" alphabetic_pos="1036">
  <title>IIIНИРЕЛЬМАНА МЕТОД</title>
  <authors/>
  <pages>
    <start>448</start>
    <end>449</end>
  </pages>
  <literature>
    <literature_orig>Лит.: [1] Iii н и р е ль м а н Л. Г., “успехи матем. наук», 1940 , в. 7 , с. $7-46$; [2] Х ин ч и н А. Я., Три жемчужины теории чисел, 2 изд., М.- Л., 1948; [3] П р а х а р К., Распределе-ние простых чисел, пер. с нем., М., 1967.</literature_orig>
    <unit>
      <author>Iiiнирельман Л. Г.</author>
      <title>“успехи матем. наук»</title>
      <publication/>
      <year>1940</year>
      <other>в. 7, с. $7-46$</other>
    </unit>
    <unit>
      <author>Хинчин А. Я.</author>
      <title>Три жемчужины теории чисел</title>
      <publication>2 изд., М.- Л.</publication>
      <year>1948</year>
      <other/>
    </unit>
    <unit>
      <author>Прахар К.</author>
      <title>Распределе-ние простых чисел</title>
      <publication>пер. с нем., М.</publication>
      <year>1967</year>
      <other/>
    </unit>
  </literature>
  <formulas_main>
    <formula uri="http://libmeta.ru/me/formula/main/1036_1_IIINIREL'MANA">\alpha=\inf _{n=1,2, \ldots} \frac{v(n)}{n}</formula>
  </formulas_main>
  <formulas_aux>
    <formula uri="http://libmeta.ru/me/formula/aux/1036_1_IIINIREL'MANA">v(x)-</formula>
    <formula uri="http://libmeta.ru/me/formula/aux/1036_2_IIINIREL'MANA">x</formula>
    <formula uri="http://libmeta.ru/me/formula/aux/1036_3_IIINIREL'MANA">\neq 0</formula>
    <formula uri="http://libmeta.ru/me/formula/aux/1036_4_IIINIREL'MANA">a</formula>
    <formula uri="http://libmeta.ru/me/formula/aux/1036_5_IIINIREL'MANA">b</formula>
    <formula uri="http://libmeta.ru/me/formula/aux/1036_6_IIINIREL'MANA">c</formula>
    <formula uri="http://libmeta.ru/me/formula/aux/1036_7_IIINIREL'MANA">c=a+b</formula>
    <formula uri="http://libmeta.ru/me/formula/aux/1036_8_IIINIREL'MANA">a \in A, b \in B</formula>
    <formula uri="http://libmeta.ru/me/formula/aux/1036_9_IIINIREL'MANA">\alpha, \beta-</formula>
    <formula uri="http://libmeta.ru/me/formula/aux/1036_10_IIINIREL'MANA">\gamma=\alpha+\beta-\alpha \beta</formula>
    <formula uri="http://libmeta.ru/me/formula/aux/1036_11_IIINIREL'MANA">\mathscr{p}+\mathscr{p}</formula>
    <formula uri="http://libmeta.ru/me/formula/aux/1036_12_IIINIREL'MANA">\mathscr{p}</formula>
    <formula uri="http://libmeta.ru/me/formula/aux/1036_13_IIINIREL'MANA">\mathscr{p}</formula>
    <formula uri="http://libmeta.ru/me/formula/aux/1036_14_IIINIREL'MANA">n \geqslant 2</formula>
    <formula uri="http://libmeta.ru/me/formula/aux/1036_15_IIINIREL'MANA">s</formula>
    <formula uri="http://libmeta.ru/me/formula/aux/1036_16_IIINIREL'MANA">s \leqslant 19</formula>
    <formula uri="http://libmeta.ru/me/formula/aux/1036_17_IIINIREL'MANA">n \geqslant n_{0}</formula>
    <formula uri="http://libmeta.ru/me/formula/aux/1036_18_IIINIREL'MANA">s</formula>
    <formula uri="http://libmeta.ru/me/formula/aux/1036_19_IIINIREL'MANA">s \leqslant 6</formula>
    <formula uri="http://libmeta.ru/me/formula/aux/1036_20_IIINIREL'MANA">s \leqslant 4</formula>
    <formula uri="http://libmeta.ru/me/formula/aux/1036_21_IIINIREL'MANA">p+a^{m}</formula>
    <formula uri="http://libmeta.ru/me/formula/aux/1036_22_IIINIREL'MANA">p-</formula>
    <formula uri="http://libmeta.ru/me/formula/aux/1036_23_IIINIREL'MANA">a \geqslant 2</formula>
    <formula uri="http://libmeta.ru/me/formula/aux/1036_24_IIINIREL'MANA">m=1,2</formula>
  </formulas_aux>
  <relations n="4">
    <relation uri="http://libmeta.ru/me/relation/1036_1_IIINIREL'MANA">
      <rel_text>единицы</rel_text>
      <target>http://libmeta.ru/me/article/389_EDINITs</target>
    </relation>
    <relation uri="http://libmeta.ru/me/relation/1036_2_IIINIREL'MANA">
      <rel_text>последовательность</rel_text>
      <target>http://libmeta.ru/me/article/534_POSLEDOVATEL'NOST</target>
    </relation>
    <relation uri="http://libmeta.ru/me/relation/1036_3_IIINIREL'MANA">
      <rel_text>доказательства</rel_text>
      <target>http://libmeta.ru/me/article/331_DOKAZATEL'STV</target>
    </relation>
    <relation uri="http://libmeta.ru/me/relation/1036_4_IIINIREL'MANA">
      <rel_text>Ii</rel_text>
      <target>http://libmeta.ru/me/article/370_II</target>
    </relation>
  </relations>
  <text>метод сложения последовательностей целых неотрицательных чисел; создан J. Г. Iiнирельманом в 1930. Пусть $URI[[http://libmeta.ru/me/formula/aux/1036_1_IIINIREL'MANA]]/URI$ количество элементов последовательности, не превосходящих $URI[[http://libmeta.ru/me/formula/aux/1036_2_IIINIREL'MANA]]/URI$, $URI[[http://libmeta.ru/me/formula/aux/1036_3_IIINIREL'MANA]]/URI$. По аналогии с понятием меры множества

\[
URI[[http://libmeta.ru/me/formula/main/1036_1_IIINIREL'MANA]]/URI
\]

есть плотность последовательности. Суммої последовательностей $URI[[http://libmeta.ru/me/formula/aux/1036_4_IIINIREL'MANA]]/URI$ и $URI[[http://libmeta.ru/me/formula/aux/1036_5_IIINIREL'MANA]]/URI$ наз. последовательность $URI[[http://libmeta.ru/me/formula/aux/1036_6_IIINIREL'MANA]]/URI$, әлементы к-рой $URI[[http://libmeta.ru/me/formula/aux/1036_7_IIINIREL'MANA]]/URI$, где $URI[[http://libmeta.ru/me/formula/aux/1036_8_IIINIREL'MANA]]/URI$. те о рем а Iii в и рель м а н а 1): если $URI[[http://libmeta.ru/me/formula/aux/1036_9_IIINIREL'MANA]]/URI$ плотности слагаемых, то плотность суммы $URI[[http://libmeta.ru/me/formula/aux/1036_10_IIINIREL'MANA]]/URI$. Если при сложении последовательности самой с собої конечное число раз получается весь натуральный ряд, то исходная последовательность наз. базисом. Тогда любое натуральное число представимо суммой ограниченного числа слагаемых данноїі последовательности. Последовательность положительной плотности есть базис.

Т е о ре м а Iii н и ре ль м а н а 2 ): последовательность $URI[[http://libmeta.ru/me/formula/aux/1036_11_IIINIREL'MANA]]/URI$ имеет положительную плотность, где $URI[[http://libmeta.ru/me/formula/aux/1036_12_IIINIREL'MANA]]/URI$ - последовательность, состоящая из едивицы и всех простых чисел; следовательно, $URI[[http://libmeta.ru/me/formula/aux/1036_13_IIINIREL'MANA]]/URI$ - базис натурального ряда, то есть любое натуральное число $URI[[http://libmeta.ru/me/formula/aux/1036_14_IIINIREL'MANA]]/URI$ представимо суммой ограниченного числа простых чисел. Для количества слагаемых $URI[[http://libmeta.ru/me/formula/aux/1036_15_IIINIREL'MANA]]/URI$ (а б с о л по т н а я по остоянная Iii ни рельма на) получено $URI[[http://libmeta.ru/me/formula/aux/1036_16_IIINIREL'MANA]]/URI$. В представлении достаточно большого $URI[[http://libmeta.ru/me/formula/aux/1036_17_IIINIREL'MANA]]/URI$ суммой простых чисел для количества слагаемых $URI[[http://libmeta.ru/me/formula/aux/1036_18_IIINIREL'MANA]]/URI$ (iіос то янв а я Iii н и ре льмана) Iii. м. с использованием аналитич. методов дает $URI[[http://libmeta.ru/me/formula/aux/1036_19_IIINIREL'MANA]]/URI$. Однако более мощным тригонометрических сумм методом И. М. Виноградова получена оденка $URI[[http://libmeta.ru/me/formula/aux/1036_20_IIINIREL'MANA]]/URI$.

URI[[http://libmeta.ru/me/relation/1036_4_IIINIREL'MANA]]/URI. м. применен для URI[[http://libmeta.ru/me/relation/1036_3_IIINIREL'MANA]]/URI того, что URI[[http://libmeta.ru/me/relation/1036_2_IIINIREL'MANA]]/URI, состоящая из URI[[http://libmeta.ru/me/relation/1036_1_IIINIREL'MANA]]/URI и чисел вида $URI[[http://libmeta.ru/me/formula/aux/1036_21_IIINIREL'MANA]]/URI$, где $URI[[http://libmeta.ru/me/formula/aux/1036_22_IIINIREL'MANA]]/URI$ простое, $URI[[http://libmeta.ru/me/formula/aux/1036_23_IIINIREL'MANA]]/URI$ натуральное, $URI[[http://libmeta.ru/me/formula/aux/1036_24_IIINIREL'MANA]]/URI$, … есть базис натурального ряда (н. П. Романов, 1934).</text>
  <text_orig>метод сложения последовательностей целых неотрицательных чисел; создан J. Г. IIнирельманом в 1930. Пусть $v(x)-$ количество элементов последовательности, не превосходящих $x$, $\neq 0$. По аналогии с понятием меры множества

\[
\alpha=\inf _{n=1,2, \ldots} \frac{v(n)}{n}
\]

есть плотность последовательности. Суммої последовательностей $A$ и $B$ наз. последовательность $C$, әлементы к-рой $c=a+b$, где $a \in A, b \in B$. те о рем а III в и рель м а н а 1): если $\alpha, \beta-$ плотности слагаемых, то плотность суммы $\gamma=\alpha+\beta-\alpha \beta$. Если при сложении последовательности самой с собої конечное число раз получается весь натуральный ряд, то исходная последовательность наз. базисом. Тогда любое натуральное число представимо суммой ограниченного числа слагаемых данноїі последовательности. Последовательность положительной плотности есть базис.

Т е о ре м а III н и ре ль м а н а 2 ): последовательность $\mathscr{P}+\mathscr{P}$ имеет положительную плотность, где $\mathscr{P}$ - последовательность, состоящая из едивицы и всех простых чисел; следовательно, $\mathscr{P}$ - базис натурального ряда, то есть любое натуральное число $n \geqslant 2$ представимо суммой ограниченного числа простых чисел. Для количества слагаемых $s$ (а б с о л по т н а я по остоянная III ни рельма на) получено $s \leqslant 19$. В представлении достаточно большого $n \geqslant n_{0}$ суммой простых чисел для количества слагаемых $S$ (Iіос то янв а я III н и ре льмана) III. м. с использованием аналитич. методов дает $S \leqslant 6$. Однако более мощным тригонометрических сумм методом И. М. Виноградова получена оденка $S \leqslant 4$.

II. м. применен для доказательства того, что последовательность, состоящая из единицы и чисел вида $p+a^{m}$, где $p-$ простое, $a \geqslant 2$ натуральное, $m=1,2$, … есть базис натурального ряда (Н. П. Романов, 1934).

Лит.: [1] III н и р е ль м а н Л. Г., “Успехи матем. наук», 1940 , в. 7 , с. $7-46$; [2] Х ин ч и н А. Я., Три жемчужины теории чисел, 2 изд., М.- Л., 1948; [3] П р а х а р К., Распределе-
ние простых чисел, пер. с нем., М., 1967.</text_orig>
</article>
