<?xml version="1.0" ?>
<article uri="http://libmeta.ru/me/article/1036_NORMALIZATsII" alphabetic_pos="1036">
  <title>НОРМАЛИЗАЦИИ ПРИНЦИП</title>
  <authors/>
  <pages>
    <start>526</start>
    <end>526</end>
  </pages>
  <literature>
    <literature_orig/>
  </literature>
  <formulas_main/>
  <formulas_aux/>
  <relations n="1">
    <relation uri="http://libmeta.ru/me/relation/1036_1_NORMALIZATsII">
      <rel_text>Нормальный алгорифл</rel_text>
      <target>http://libmeta.ru/me/article/1066_NORMAL'NYJ</target>
    </relation>
  </relations>
  <text>см. URI[[http://libmeta.ru/me/relation/1036_1_NORMALIZATsII]]/URI.</text>
  <text_orig>см. Нормальный алгорифл.</text_orig>
</article>
