<?xml version="1.0" ?>
<article uri="http://libmeta.ru/me/article/1037_GILBBERTA" alphabetic_pos="1037">
  <title>ГИЛББЕРТА ЯДРО</title>
  <authors>
    <author>Б. В. Хведелидзе</author>
  </authors>
  <pages>
    <start>489</start>
    <end>489</end>
  </pages>
  <literature>
    <literature_orig/>
  </literature>
  <formulas_main>
    <formula uri="http://libmeta.ru/me/formula/main/1037_1_GILBBERTA">\operatorname{ctg} \frac{x-s}{2}, \quad 0 \leqslant x, s \leqslant 2 \pi .</formula>
    <formula uri="http://libmeta.ru/me/formula/main/1037_2_GILBBERTA">\frac{d t}{t-\tau}=\frac{1}{2}\left(\operatorname{ctg} \frac{x-s}{2}+i\right) d x</formula>
  </formulas_main>
  <formulas_aux>
    <formula uri="http://libmeta.ru/me/formula/aux/1037_1_GILBBERTA">t=e^{i x}, \tau=e^{i s}</formula>
  </formulas_aux>
  <relations n="4">
    <relation uri="http://libmeta.ru/me/relation/1037_1_GILBBERTA">
      <rel_text>окружности</rel_text>
      <target>http://libmeta.ru/me/article/6_OKRUGLENI</target>
    </relation>
    <relation uri="http://libmeta.ru/me/relation/1037_2_GILBBERTA">
      <rel_text>функция</rel_text>
      <target>http://libmeta.ru/me/article/790_FUNKTO</target>
    </relation>
    <relation uri="http://libmeta.ru/me/relation/1037_3_GILBBERTA">
      <rel_text>Гильберта сингулярного интеграла</rel_text>
      <target>http://libmeta.ru/me/article/1032_GIL'BERTA</target>
    </relation>
    <relation uri="http://libmeta.ru/me/relation/1037_4_GILBBERTA">
      <rel_text>ядро</rel_text>
      <target>http://libmeta.ru/me/article/1224_JaDR</target>
    </relation>
  </relations>
  <text>URI[[http://libmeta.ru/me/relation/1037_4_GILBBERTA]]/URI URI[[http://libmeta.ru/me/relation/1037_3_GILBBERTA]]/URI, т. е. URI[[http://libmeta.ru/me/relation/1037_2_GILBBERTA]]/URI

\[
URI[[http://libmeta.ru/me/formula/main/1037_1_GILBBERTA]]/URI
\]

Между Г. я. и Коши ядром в случае единичной URI[[http://libmeta.ru/me/relation/1037_1_GILBBERTA]]/URI существует простая связь:

\[
URI[[http://libmeta.ru/me/formula/main/1037_2_GILBBERTA]]/URI
\]

где $URI[[http://libmeta.ru/me/formula/aux/1037_1_GILBBERTA]]/URI$</text>
  <text_orig>ядро Гильберта сингулярного интеграла, т. е. функция

\[
\operatorname{ctg} \frac{x-s}{2}, \quad 0 \leqslant x, s \leqslant 2 \pi .
\]

Между Г. я. и Коши ядром в случае единичной окружности существует простая связь:

\[
\frac{d t}{t-\tau}=\frac{1}{2}\left(\operatorname{ctg} \frac{x-s}{2}+i\right) d x
\]

где $t=e^{i x}, \tau=e^{i s}$ Б. В. Хведелидзе.</text_orig>
</article>
