<?xml version="1.0" ?>
<article uri="http://libmeta.ru/me/article/1037_IIIOKE" alphabetic_pos="1037">
  <title>IIIОКЕ СИМПЛЕКС</title>
  <authors/>
  <pages>
    <start>449</start>
    <end>449</end>
  </pages>
  <literature>
    <literature_orig>Лит.: [1] Ф е л п с Р., Лекции о теоремах Шоке, гер. c ahrj., M., 1968; [2] A if s e n E., Compact convex sets and $\begin{array}{ll}\text { boundary integrals, B.- N. Y., 1971. } &amp; \text { B. A. Залаaалиep. }\end{array}$</literature_orig>
    <unit>
      <author>Фелпс Р.</author>
      <title>Лекции о теоремах Шоке, гер. c ahrj.</title>
      <publication>M.</publication>
      <year>1968</year>
      <other/>
    </unit>
    <unit>
      <author>Aifsen E.</author>
      <title>Compact convex sets and $\begin{array}{ll}\text { boundary integrals, B.- N. Y.</title>
      <publication/>
      <year>1971</year>
      <other/>
    </unit>
  </literature>
  <formulas_main>
    <formula uri="http://libmeta.ru/me/formula/main/1037_1_IIIOKE">\tilde{X}=\{\alpha x \in E \times \mathbb{R} \mid x \in X\} \subset E \times 1, \alpha \geqslant 0\}</formula>
  </formulas_main>
  <formulas_aux>
    <formula uri="http://libmeta.ru/me/formula/aux/1037_1_IIIOKE">x</formula>
    <formula uri="http://libmeta.ru/me/formula/aux/1037_2_IIIOKE">e</formula>
    <formula uri="http://libmeta.ru/me/formula/aux/1037_3_IIIOKE">e</formula>
    <formula uri="http://libmeta.ru/me/formula/aux/1037_4_IIIOKE">e \times 1</formula>
    <formula uri="http://libmeta.ru/me/formula/aux/1037_5_IIIOKE">e \times \mathbb{R}</formula>
    <formula uri="http://libmeta.ru/me/formula/aux/1037_6_IIIOKE">x</formula>
    <formula uri="http://libmeta.ru/me/formula/aux/1037_7_IIIOKE">e \times \mathbb{R}</formula>
    <formula uri="http://libmeta.ru/me/formula/aux/1037_8_IIIOKE">\tilde{x}-\tilde{X}</formula>
    <formula uri="http://libmeta.ru/me/formula/aux/1037_9_IIIOKE">e</formula>
    <formula uri="http://libmeta.ru/me/formula/aux/1037_10_IIIOKE">\operatorname{dim} E+1</formula>
    <formula uri="http://libmeta.ru/me/formula/aux/1037_11_IIIOKE">\tilde{x}</formula>
    <formula uri="http://libmeta.ru/me/formula/aux/1037_12_IIIOKE">\tilde{x}</formula>
    <formula uri="http://libmeta.ru/me/formula/aux/1037_13_IIIOKE">\tilde{x}</formula>
    <formula uri="http://libmeta.ru/me/formula/aux/1037_14_IIIOKE">f</formula>
    <formula uri="http://libmeta.ru/me/formula/aux/1037_15_IIIOKE">x</formula>
    <formula uri="http://libmeta.ru/me/formula/aux/1037_16_IIIOKE">x</formula>
    <formula uri="http://libmeta.ru/me/formula/aux/1037_17_IIIOKE">x \in X</formula>
    <formula uri="http://libmeta.ru/me/formula/aux/1037_18_IIIOKE">x</formula>
  </formulas_aux>
  <relations n="12">
    <relation uri="http://libmeta.ru/me/relation/1037_1_IIIOKE">
      <rel_text>функций</rel_text>
      <target>http://libmeta.ru/me/article/790_FUNKTO</target>
    </relation>
    <relation uri="http://libmeta.ru/me/relation/1037_2_IIIOKE">
      <rel_text>представлений</rel_text>
      <target>http://libmeta.ru/me/article/3_PREDSTAVLENI</target>
    </relation>
    <relation uri="http://libmeta.ru/me/relation/1037_3_IIIOKE">
      <rel_text>интегральных</rel_text>
      <target>http://libmeta.ru/me/article/622_INTEGRIRUGMA</target>
    </relation>
    <relation uri="http://libmeta.ru/me/relation/1037_4_IIIOKE">
      <rel_text>множества</rel_text>
      <target>http://libmeta.ru/me/article/733_MNOZhESTV</target>
    </relation>
    <relation uri="http://libmeta.ru/me/relation/1037_5_IIIOKE">
      <rel_text>транслятом</rel_text>
      <target>http://libmeta.ru/me/article/458_TRANSVEKTsI</target>
    </relation>
    <relation uri="http://libmeta.ru/me/relation/1037_6_IIIOKE">
      <rel_text>транслятом</rel_text>
      <target>http://libmeta.ru/me/article/458_TRANSVEKTsI</target>
    </relation>
    <relation uri="http://libmeta.ru/me/relation/1037_7_IIIOKE">
      <rel_text>пересечение</rel_text>
      <target>http://libmeta.ru/me/article/222_PEREGÓROD</target>
    </relation>
    <relation uri="http://libmeta.ru/me/relation/1037_8_IIIOKE">
      <rel_text>симплекс</rel_text>
      <target>http://libmeta.ru/me/article/1330_SIMPЈEK</target>
    </relation>
    <relation uri="http://libmeta.ru/me/relation/1037_9_IIIOKE">
      <rel_text>пространство</rel_text>
      <target>http://libmeta.ru/me/article/748_PROSTRANSTV</target>
    </relation>
    <relation uri="http://libmeta.ru/me/relation/1037_10_IIIOKE">
      <rel_text>пространство</rel_text>
      <target>http://libmeta.ru/me/article/748_PROSTRANSTV</target>
    </relation>
    <relation uri="http://libmeta.ru/me/relation/1037_11_IIIOKE">
      <rel_text>частично упорядоченное</rel_text>
      <target>http://libmeta.ru/me/article/957_ChASTIChNO</target>
    </relation>
    <relation uri="http://libmeta.ru/me/relation/1037_12_IIIOKE">
      <rel_text>множества</rel_text>
      <target>http://libmeta.ru/me/article/733_MNOZhESTV</target>
    </relation>
  </relations>
  <text>непустое компактное выпуклое множество $URI[[http://libmeta.ru/me/formula/aux/1037_1_IIIOKE]]/URI$ в локально выпуклом пространстве $URI[[http://libmeta.ru/me/formula/aux/1037_2_IIIOKE]]/URI$, обладаюцее следующим свойством: при вложении $URI[[http://libmeta.ru/me/formula/aux/1037_3_IIIOKE]]/URI$ в качестве гиперплоскости $URI[[http://libmeta.ru/me/formula/aux/1037_4_IIIOKE]]/URI$ в пространство $URI[[http://libmeta.ru/me/formula/aux/1037_5_IIIOKE]]/URI$ проектирующий конус

\[
URI[[http://libmeta.ru/me/formula/main/1037_1_IIIOKE]]/URI
\]

URI[[http://libmeta.ru/me/relation/1037_12_IIIOKE]]/URI $URI[[http://libmeta.ru/me/formula/aux/1037_6_IIIOKE]]/URI$ превращает $URI[[http://libmeta.ru/me/formula/aux/1037_7_IIIOKE]]/URI$ в URI[[http://libmeta.ru/me/relation/1037_11_IIIOKE]]/URI URI[[http://libmeta.ru/me/relation/1037_10_IIIOKE]]/URI, для к-рого URI[[http://libmeta.ru/me/relation/1037_9_IIIOKE]]/URI разностей $URI[[http://libmeta.ru/me/formula/aux/1037_8_IIIOKE]]/URI$ является решеткой. В случае конечномерного $URI[[http://libmeta.ru/me/formula/aux/1037_9_IIIOKE]]/URI$ Iii. с. есть обычный URI[[http://libmeta.ru/me/relation/1037_8_IIIOKE]]/URI с числом вершин $URI[[http://libmeta.ru/me/formula/aux/1037_10_IIIOKE]]/URI$. Существует ряд эквивалентных определений Ш. с. (см. [1]). Одно из них сводится к требованию, чтобы URI[[http://libmeta.ru/me/relation/1037_7_IIIOKE]]/URI $URI[[http://libmeta.ru/me/formula/aux/1037_11_IIIOKE]]/URI$ с любым URI[[http://libmeta.ru/me/relation/1037_6_IIIOKE]]/URI $URI[[http://libmeta.ru/me/formula/aux/1037_12_IIIOKE]]/URI$ снова было URI[[http://libmeta.ru/me/relation/1037_5_IIIOKE]]/URI $URI[[http://libmeta.ru/me/formula/aux/1037_13_IIIOKE]]/URI$.

Когда дополнительно к наложенным условиям $URI[[http://libmeta.ru/me/formula/aux/1037_14_IIIOKE]]/URI$ сепарабельно, а $URI[[http://libmeta.ru/me/formula/aux/1037_15_IIIOKE]]/URI$ метризуемо, то для того, чтобы $URI[[http://libmeta.ru/me/formula/aux/1037_16_IIIOKE]]/URI$ было Iii. с.,н еобходимо и достаточно, чтобы каждая точка $URI[[http://libmeta.ru/me/formula/aux/1037_17_IIIOKE]]/URI$ была центром тяжести едивственной меры, сосредоточенной на крайних точках URI[[http://libmeta.ru/me/relation/1037_4_IIIOKE]]/URI $URI[[http://libmeta.ru/me/formula/aux/1037_18_IIIOKE]]/URI$. Понятие Ш. с. существенно при изучении единственности URI[[http://libmeta.ru/me/relation/1037_3_IIIOKE]]/URI URI[[http://libmeta.ru/me/relation/1037_2_IIIOKE]]/URI URI[[http://libmeta.ru/me/relation/1037_1_IIIOKE]]/URI (см. [1], [2|); оно введено Г. Шiоке (g. Choke).</text>
  <text_orig>непустое компактное выпуклое множество $X$ в локально выпуклом пространстве $E$, обладаюцее следующим свойством: при вложении $E$ в качестве гиперплоскости $E \times 1$ в пространство $E \times \mathbb{R}$ проектирующий конус

\[
\tilde{X}=\{\alpha x \in E \times \mathbb{R} \mid x \in X\} \subset E \times 1, \alpha \geqslant 0\}
\]

множества $X$ превращает $E \times \mathbb{R}$ в частично упорядоченное пространство, для к-рого пространство разностей $\tilde{X}-\tilde{X}$ является решеткой. В случае конечномерного $E$ III. с. есть обычный симплекс с числом вершин $\operatorname{dim} E+1$. Существует ряд эквивалентных определений Ш. с. (см. [1]). Одно из них сводится к требованию, чтобы пересечение $\tilde{X}$ с любым транслятом $\tilde{X}$ снова было транслятом $\tilde{X}$.

Когда дополнительно к наложенным условиям $F$ сепарабельно, а $X$ метризуемо, то для того, чтобы $X$ было III. с.,н еобходимо и достаточно, чтобы каждая точка $x \in X$ была центром тяжести едивственной меры, сосредоточенной на крайних точках множества $X$. Понятие Ш. с. существенно при изучении единственности интегральных представлений функций (см. [1], [2|); оно введено Г. ШIоке (G. Choke).

Лит.: [1] Ф е л п с Р., Лекции о теоремах Шоке, гер. c aHrJ., M., 1968; [2] A if s e n E., Compact convex sets and $\begin{array}{ll}\text { boundary integrals, B.- N. Y., 1971. } &amp; \text { B. A. Залаaалиep. }\end{array}$</text_orig>
</article>
