<?xml version="1.0" ?>
<article uri="http://libmeta.ru/me/article/1037_KONEChNAJa" alphabetic_pos="1037">
  <title>КОНЕЧНАЯ РИМАНОВА ПОВЕРХНОСТЬ</title>
  <authors/>
  <pages>
    <start>511</start>
    <end>511</end>
  </pages>
  <literature>
    <literature_orig>Jит.: [1] Ш и фф е р М., С п е н с е р Д. К., Функционалы на конечных римановых поверхностях, пер. с англ., М.,1957 .19 . Соломенчев.</literature_orig>
    <unit>
      <author>Шиффер М.</author>
      <author>Спенсер Д. К.</author>
      <title>Функционалы на конечных римановых поверхностях</title>
      <publication>пер. с англ., М.</publication>
      <year>1957</year>
      <other/>
    </unit>
  </literature>
  <formulas_main/>
  <formulas_aux>
    <formula uri="http://libmeta.ru/me/formula/aux/1037_1_KONEChNAJa">p u-</formula>
  </formulas_aux>
  <relations n="5">
    <relation uri="http://libmeta.ru/me/relation/1037_1_KONEChNAJa">
      <rel_text>дубль римановой поверхности</rel_text>
      <target>http://libmeta.ru/me/article/364_DUBL'</target>
    </relation>
    <relation uri="http://libmeta.ru/me/relation/1037_2_KONEChNAJa">
      <rel_text>риманову поверхность</rel_text>
      <target>http://libmeta.ru/me/article/1120_RIMANOVA</target>
    </relation>
    <relation uri="http://libmeta.ru/me/relation/1037_3_KONEChNAJa">
      <rel_text>компонент</rel_text>
      <target>http://libmeta.ru/me/article/1009_KOMPLEK</target>
    </relation>
    <relation uri="http://libmeta.ru/me/relation/1037_4_KONEChNAJa">
      <rel_text>число</rel_text>
      <target>http://libmeta.ru/me/article/1009_ChISL</target>
    </relation>
    <relation uri="http://libmeta.ru/me/relation/1037_5_KONEChNAJa">
      <rel_text>поверхность</rel_text>
      <target>http://libmeta.ru/me/article/332_POVERHNOST</target>
    </relation>
  </relations>
  <text>$URI[[http://libmeta.ru/me/formula/aux/1037_1_KONEChNAJa]]/URI$ манова URI[[http://libmeta.ru/me/relation/1037_5_KONEChNAJa]]/URI конечного рода, имеющая конечное URI[[http://libmeta.ru/me/relation/1037_4_KONEChNAJa]]/URI невырожденных URI[[http://libmeta.ru/me/relation/1037_3_KONEChNAJa]]/URI края. К. р. п. может быть вложена в замкнутую URI[[http://libmeta.ru/me/relation/1037_2_KONEChNAJa]]/URI URI[[http://libmeta.ru/me/relation/1037_1_KONEChNAJa]]/URI.</text>
  <text_orig>$p u-$ манова поверхность конечного рода, имеющая конечное число невырожденных компонент края. К. р. п. может быть вложена в замкнутую риманову поверхность дубль римановой поверхности.

Jит.: [1] Ш и фф е р М., С п е н с е р Д. К., Функционалы на конечных римановых поверхностях, пер. с англ., М.,
1957 .
19 . Соломенчев.</text_orig>
</article>
