<?xml version="1.0" ?>
<article uri="http://libmeta.ru/me/article/1038_NORMAL'NAJa" alphabetic_pos="1038">
  <title>НОРМАЛЬНАЯ ДИНАМИЧЕСКАЯ СИСТЕМА</title>
  <authors>
    <author>Д. В. Аносов</author>
  </authors>
  <pages>
    <start>526</start>
    <end>526</end>
  </pages>
  <literature>
    <literature_orig/>
  </literature>
  <formulas_main/>
  <formulas_aux/>
  <relations n="2">
    <relation uri="http://libmeta.ru/me/relation/1038_1_NORMAL'NAJa">
      <rel_text>каскады</rel_text>
      <target>http://libmeta.ru/me/article/782_KASKA</target>
    </relation>
    <relation uri="http://libmeta.ru/me/relation/1038_2_NORMAL'NAJa">
      <rel_text>динамич</rel_text>
      <target>http://libmeta.ru/me/article/175_DINAMIK</target>
    </relation>
  </relations>
  <text>1) То же, что стационарный (в узком смысле) гауссовский прочесс, рассматриваемый как динамич. система.

2) В 40--50-х гг. 20 в. так иногда называли URI[[http://libmeta.ru/me/relation/1038_2_NORMAL'NAJa]]/URI. сис'емы (измеримые потоки и URI[[http://libmeta.ru/me/relation/1038_1_NORMAL'NAJa]]/URI) в Лебега npocmранстве (последнее в то время называли но р м а л ьным пространст вом с ме ро й).</text>
  <text_orig>1) То же, что стационарный (в узком смысле) гауссовский прочесс, рассматриваемый как динамич. система.

2) В 40--50-х гг. 20 в. так иногда называли динамич. сис'емы (измеримые потоки и каскады) в Лебега npocmранстве (последнее в то время называли но р м а л ьным пространст вом с ме ро й).

Д. В. Аносов.</text_orig>
</article>
