<?xml version="1.0" ?>
<article uri="http://libmeta.ru/me/article/1038_KONEChNO" alphabetic_pos="1038">
  <title>КОНЕЧНО ОПРЕДЕЛЕННАЯ ГРУПІПА</title>
  <authors/>
  <pages>
    <start>511</start>
    <end>511</end>
  </pages>
  <literature>
    <literature_orig>Лum.: [1] К у р о Ii А. Г., Теория групп, 3 изд., М., 1967.</literature_orig>
    <unit>
      <author>Куро Ii А. Г.</author>
      <title>Теория групп</title>
      <publication>3 изд., М.</publication>
      <year>1967</year>
      <other/>
    </unit>
  </literature>
  <formulas_main/>
  <formulas_aux/>
  <relations n="8">
    <relation uri="http://libmeta.ru/me/relation/1038_1_KONEChNO">
      <rel_text>группы</rel_text>
      <target>http://libmeta.ru/me/article/1207_GRUPІІ</target>
    </relation>
    <relation uri="http://libmeta.ru/me/relation/1038_2_KONEChNO">
      <rel_text>задания</rel_text>
      <target>http://libmeta.ru/me/article/10_ZAdAch</target>
    </relation>
    <relation uri="http://libmeta.ru/me/relation/1038_3_KONEChNO">
      <rel_text>системы</rel_text>
      <target>http://libmeta.ru/me/article/350_SISTEM</target>
    </relation>
    <relation uri="http://libmeta.ru/me/relation/1038_4_KONEChNO">
      <rel_text>системы</rel_text>
      <target>http://libmeta.ru/me/article/350_SISTEM</target>
    </relation>
    <relation uri="http://libmeta.ru/me/relation/1038_5_KONEChNO">
      <rel_text>счетное множество</rel_text>
      <target>http://libmeta.ru/me/article/347_SChETNOE</target>
    </relation>
    <relation uri="http://libmeta.ru/me/relation/1038_6_KONEChNO">
      <rel_text>конечным числом</rel_text>
      <target>http://libmeta.ru/me/article/706_KANAL</target>
    </relation>
    <relation uri="http://libmeta.ru/me/relation/1038_7_KONEChNO">
      <rel_text>конечным числом</rel_text>
      <target>http://libmeta.ru/me/article/706_KANAL</target>
    </relation>
    <relation uri="http://libmeta.ru/me/relation/1038_8_KONEChNO">
      <rel_text>группа</rel_text>
      <target>http://libmeta.ru/me/article/1207_GRUPІІ</target>
    </relation>
  </relations>
  <text>URI[[http://libmeta.ru/me/relation/1038_8_KONEChNO]]/URI, обладающая URI[[http://libmeta.ru/me/relation/1038_7_KONEChNO]]/URI образующих и задаваемая в этих образующих URI[[http://libmeta.ru/me/relation/1038_6_KONEChNO]]/URI соотношений. Таких групп с точностью до изоморфизма URI[[http://libmeta.ru/me/relation/1038_5_KONEChNO]]/URI. Для любой конечной URI[[http://libmeta.ru/me/relation/1038_4_KONEChNO]]/URI образующих К.о.г. из всякой URI[[http://libmeta.ru/me/relation/1038_3_KONEChNO]]/URI определяющих соотношений, связывающих эти образующие, можно выбрать конечную подсистему, уже достаточную для URI[[http://libmeta.ru/me/relation/1038_2_KONEChNO]]/URI URI[[http://libmeta.ru/me/relation/1038_1_KONEChNO]]/URI.</text>
  <text_orig>группа, обладающая конечным числом образующих и задаваемая в этих образующих конечным числом соотношений. Таких групп с точностью до изоморфизма счетное множество. Для любой конечной системы образующих К.о.г. из всякой системы определяющих соотношений, связывающих эти образующие, можно выбрать конечную подсистему, уже достаточную для задания группы.

Лum.: [1] К у р о II А. Г., Теория групп, 3 изд., М., 1967.</text_orig>
</article>
