<?xml version="1.0" ?>
<article uri="http://libmeta.ru/me/article/1038_IIIOTTKI" alphabetic_pos="1038">
  <title>IIIОТТКИ ТЕОРЕМА:</title>
  <authors>
    <author>E. Д. Соломенцев</author>
  </authors>
  <pages>
    <start>449</start>
    <end>449</end>
  </pages>
  <literature>
    <literature_orig>Jum.: [1] S c h o t t k y F., &quot;sitzungsber. Preuss. Akad. Wiss. &quot;, 1904, 2 H.|bd, S. 1244-62; [2] Г о л у з и н Г. М., Геометрическая теория функций комплексного переменного, 2 изд., М., 1966; [3] С т о и л о в С., Теория функций комплексного переменного, пер. с рум., т. $1-2$, М., 1962.</literature_orig>
    <unit>
      <author>Schottky F.</author>
      <title>&quot;sitzungsber. Preuss. Akad. Wiss. &quot;</title>
      <publication/>
      <year>1904</year>
      <other>2 H.|bd, S. 1244-62</other>
    </unit>
    <unit>
      <author>Голузин Г. М.</author>
      <title>Геометрическая теория функций комплексного переменного</title>
      <publication>2 изд., М.</publication>
      <year>1966</year>
      <other/>
    </unit>
    <unit>
      <author>Стоилов С.</author>
      <title>Теория функций комплексного переменного</title>
      <publication>пер. с рум., т. $1-2$, М.</publication>
      <year>1962</year>
      <other/>
    </unit>
  </literature>
  <formulas_main>
    <formula uri="http://libmeta.ru/me/formula/main/1038_1_IIIOTTKI">w=f(z)=c_{0}+c_{1} z+\ldots</formula>
  </formulas_main>
  <formulas_aux>
    <formula uri="http://libmeta.ru/me/formula/aux/1038_1_IIIOTTKI">d=\{z:|\tilde{i}|&lt;r\}</formula>
    <formula uri="http://libmeta.ru/me/formula/aux/1038_2_IIIOTTKI">d</formula>
    <formula uri="http://libmeta.ru/me/formula/aux/1038_3_IIIOTTKI">a_{1}</formula>
    <formula uri="http://libmeta.ru/me/formula/aux/1038_4_IIIOTTKI">a_{2}</formula>
    <formula uri="http://libmeta.ru/me/formula/aux/1038_5_IIIOTTKI">|z| \leqslant R_{1}, 0&lt;R_{1}&lt;R</formula>
    <formula uri="http://libmeta.ru/me/formula/aux/1038_6_IIIOTTKI">|f(z)|</formula>
    <formula uri="http://libmeta.ru/me/formula/aux/1038_7_IIIOTTKI">m\left(a_{1}, a_{2}, c_{0}, R_{1}\right)</formula>
    <formula uri="http://libmeta.ru/me/formula/aux/1038_8_IIIOTTKI">a_{1}, a_{2}, c_{0}, R_{1}</formula>
    <formula uri="http://libmeta.ru/me/formula/aux/1038_9_IIIOTTKI">q \geqslant 2</formula>
    <formula uri="http://libmeta.ru/me/formula/aux/1038_10_IIIOTTKI">a_{1}, \ldots, a_{q}, q \geqslant 2</formula>
    <formula uri="http://libmeta.ru/me/formula/aux/1038_11_IIIOTTKI">c_{1} \neq 0</formula>
    <formula uri="http://libmeta.ru/me/formula/aux/1038_12_IIIOTTKI">r</formula>
    <formula uri="http://libmeta.ru/me/formula/aux/1038_13_IIIOTTKI">a_{1}, \ldots, a_{q}, c_{0}, c_{1}</formula>
    <formula uri="http://libmeta.ru/me/formula/aux/1038_14_IIIOTTKI">\mathrm{p}</formula>
    <formula uri="http://libmeta.ru/me/formula/aux/1038_15_IIIOTTKI">y</formula>
    <formula uri="http://libmeta.ru/me/formula/aux/1038_16_IIIOTTKI">|z| \leqslant R_{1}, 0&lt;R_{1}&lt;R</formula>
    <formula uri="http://libmeta.ru/me/formula/aux/1038_17_IIIOTTKI">|f(z)|</formula>
    <formula uri="http://libmeta.ru/me/formula/aux/1038_18_IIIOTTKI">m\left(a_{1}, \ldots, a_{q}, c_{0}, R_{1}\right)</formula>
    <formula uri="http://libmeta.ru/me/formula/aux/1038_19_IIIOTTKI">a_{1}, \ldots, a_{q}, c_{0}, R_{1}</formula>
    <formula uri="http://libmeta.ru/me/formula/aux/1038_20_IIIOTTKI">|z| \leqslant R_{1}</formula>
    <formula uri="http://libmeta.ru/me/formula/aux/1038_21_IIIOTTKI">a_{1}, \ldots, a_{q}</formula>
    <formula uri="http://libmeta.ru/me/formula/aux/1038_22_IIIOTTKI">d\left(a_{1}\right.</formula>
    <formula uri="http://libmeta.ru/me/formula/aux/1038_23_IIIOTTKI">\left.\ldots, a_{q}, c_{0}, R_{1}\right)</formula>
    <formula uri="http://libmeta.ru/me/formula/aux/1038_24_IIIOTTKI">a_{1}, \ldots, a_{q}</formula>
    <formula uri="http://libmeta.ru/me/formula/aux/1038_25_IIIOTTKI">c_{0}, R_{1}</formula>
  </formulas_aux>
  <relations n="16">
    <relation uri="http://libmeta.ru/me/relation/1038_1_IIIOTTKI">
      <rel_text>переменного</rel_text>
      <target>http://libmeta.ru/me/article/222_PEREGÓROD</target>
    </relation>
    <relation uri="http://libmeta.ru/me/relation/1038_2_IIIOTTKI">
      <rel_text>комплексного</rel_text>
      <target>http://libmeta.ru/me/article/1005_KOMPAKTNOST</target>
    </relation>
    <relation uri="http://libmeta.ru/me/relation/1038_3_IIIOTTKI">
      <rel_text>функциї</rel_text>
      <target>http://libmeta.ru/me/article/790_FUNKTO</target>
    </relation>
    <relation uri="http://libmeta.ru/me/relation/1038_4_IIIOTTKI">
      <rel_text>теории</rel_text>
      <target>http://libmeta.ru/me/article/381_TEORI</target>
    </relation>
    <relation uri="http://libmeta.ru/me/relation/1038_5_IIIOTTKI">
      <rel_text>результатов</rel_text>
      <target>http://libmeta.ru/me/article/1046_REZUL'TAN</target>
    </relation>
    <relation uri="http://libmeta.ru/me/relation/1038_6_IIIOTTKI">
      <rel_text>расстояние</rel_text>
      <target>http://libmeta.ru/me/article/973_RASSLOENI</target>
    </relation>
    <relation uri="http://libmeta.ru/me/relation/1038_7_IIIOTTKI">
      <rel_text>расстояние</rel_text>
      <target>http://libmeta.ru/me/article/973_RASSLOENI</target>
    </relation>
    <relation uri="http://libmeta.ru/me/relation/1038_8_IIIOTTKI">
      <rel_text>сферич</rel_text>
      <target>http://libmeta.ru/me/article/324_SFERI</target>
    </relation>
    <relation uri="http://libmeta.ru/me/relation/1038_9_IIIOTTKI">
      <rel_text>модуль</rel_text>
      <target>http://libmeta.ru/me/article/741_MODEL</target>
    </relation>
    <relation uri="http://libmeta.ru/me/relation/1038_10_IIIOTTKI">
      <rel_text>радиус</rel_text>
      <target>http://libmeta.ru/me/article/866_RADIA</target>
    </relation>
    <relation uri="http://libmeta.ru/me/relation/1038_11_IIIOTTKI">
      <rel_text>функция</rel_text>
      <target>http://libmeta.ru/me/article/790_FUNKTO</target>
    </relation>
    <relation uri="http://libmeta.ru/me/relation/1038_12_IIIOTTKI">
      <rel_text>произвольном</rel_text>
      <target>http://libmeta.ru/me/article/1045_PROIZVODNA</target>
    </relation>
    <relation uri="http://libmeta.ru/me/relation/1038_13_IIIOTTKI">
      <rel_text>теорему</rel_text>
      <target>http://libmeta.ru/me/article/381_TEORI</target>
    </relation>
    <relation uri="http://libmeta.ru/me/relation/1038_14_IIIOTTKI">
      <rel_text>получают</rel_text>
      <target>http://libmeta.ru/me/article/473_POLUNORM</target>
    </relation>
    <relation uri="http://libmeta.ru/me/relation/1038_15_IIIOTTKI">
      <rel_text>модуль</rel_text>
      <target>http://libmeta.ru/me/article/741_MODEL</target>
    </relation>
    <relation uri="http://libmeta.ru/me/relation/1038_16_IIIOTTKI">
      <rel_text>регулярная</rel_text>
      <target>http://libmeta.ru/me/article/1037_REGULJaTO</target>
    </relation>
  </relations>
  <text>если функция

\[
URI[[http://libmeta.ru/me/formula/main/1038_1_IIIOTTKI]]/URI
\]

URI[[http://libmeta.ru/me/relation/1038_16_IIIOTTKI]]/URI аналитическая в круге $URI[[http://libmeta.ru/me/formula/aux/1038_1_IIIOTTKI]]/URI$ й не принимает в $URI[[http://libmeta.ru/me/formula/aux/1038_2_IIIOTTKI]]/URI$ нек-рых конечных значениіі $URI[[http://libmeta.ru/me/formula/aux/1038_3_IIIOTTKI]]/URI$, $URI[[http://libmeta.ru/me/formula/aux/1038_4_IIIOTTKI]]/URI$, то в Јюбом круге $URI[[http://libmeta.ru/me/formula/aux/1038_5_IIIOTTKI]]/URI$, URI[[http://libmeta.ru/me/relation/1038_15_IIIOTTKI]]/URI $URI[[http://libmeta.ru/me/formula/aux/1038_6_IIIOTTKI]]/URI$ ограничен числом $URI[[http://libmeta.ru/me/formula/aux/1038_7_IIIOTTKI]]/URI$, зависящим только от $URI[[http://libmeta.ru/me/formula/aux/1038_8_IIIOTTKI]]/URI$ (см. [1]). Более законченную формулировку URI[[http://libmeta.ru/me/relation/1038_14_IIIOTTKI]]/URI, объединяя обобщенную Iii. т. и URI[[http://libmeta.ru/me/relation/1038_13_IIIOTTKI]]/URI Ландау при URI[[http://libmeta.ru/me/relation/1038_12_IIIOTTKI]]/URI числе $URI[[http://libmeta.ru/me/formula/aux/1038_9_IIIOTTKI]]/URI$ выпускаемых значений. Пусть URI[[http://libmeta.ru/me/relation/1038_11_IIIOTTKI]]/URI (s:) не принимает нек-рых конечных значений $URI[[http://libmeta.ru/me/formula/aux/1038_10_IIIOTTKI]]/URI$. Тогда, если $URI[[http://libmeta.ru/me/formula/aux/1038_11_IIIOTTKI]]/URI$, то URI[[http://libmeta.ru/me/relation/1038_10_IIIOTTKI]]/URI $URI[[http://libmeta.ru/me/formula/aux/1038_12_IIIOTTKI]]/URI$ ограничен сверху числом, зависящим только от $URI[[http://libmeta.ru/me/formula/aux/1038_13_IIIOTTKI]]/URI$ (т е о $URI[[http://libmeta.ru/me/formula/aux/1038_14_IIIOTTKI]]/URI$ е м а Jј а нд ау $URI[[http://libmeta.ru/me/formula/aux/1038_15_IIIOTTKI]]/URI$ ). Кроме того, в круге $URI[[http://libmeta.ru/me/formula/aux/1038_16_IIIOTTKI]]/URI$, URI[[http://libmeta.ru/me/relation/1038_9_IIIOTTKI]]/URI $URI[[http://libmeta.ru/me/formula/aux/1038_17_IIIOTTKI]]/URI$ ограничен числом $URI[[http://libmeta.ru/me/formula/aux/1038_18_IIIOTTKI]]/URI$, зависящим только от $URI[[http://libmeta.ru/me/formula/aux/1038_19_IIIOTTKI]]/URI$ (т е о р е м а Шi о т т к и).

Геометрически Iii. т. означает, что URI[[http://libmeta.ru/me/relation/1038_8_IIIOTTKI]]/URI. URI[[http://libmeta.ru/me/relation/1038_7_IIIOTTKI]]/URI (т. е. URI[[http://libmeta.ru/me/relation/1038_6_IIIOTTKI]]/URI на Рияана сфере) образа круга $URI[[http://libmeta.ru/me/formula/aux/1038_20_IIIOTTKI]]/URI$ до точек $URI[[http://libmeta.ru/me/formula/aux/1038_21_IIIOTTKI]]/URI$ не меньше числа $URI[[http://libmeta.ru/me/formula/aux/1038_22_IIIOTTKI]]/URI$, $URI[[http://libmeta.ru/me/formula/aux/1038_23_IIIOTTKI]]/URI$, зависящего только от $URI[[http://libmeta.ru/me/formula/aux/1038_24_IIIOTTKI]]/URI$, $URI[[http://libmeta.ru/me/formula/aux/1038_25_IIIOTTKI]]/URI$.' 1ii. т.- один из классич. URI[[http://libmeta.ru/me/relation/1038_5_IIIOTTKI]]/URI URI[[http://libmeta.ru/me/relation/1038_4_IIIOTTKI]]/URI URI[[http://libmeta.ru/me/relation/1038_3_IIIOTTKI]]/URI URI[[http://libmeta.ru/me/relation/1038_2_IIIOTTKI]]/URI URI[[http://libmeta.ru/me/relation/1038_1_IIIOTTKI]]/URI типа искажения пееоре..</text>
  <text_orig>если функция

\[
w=f(z)=c_{0}+c_{1} z+\ldots
\]

регулярная аналитическая в круге $D=\{z:|\tilde{i}|&lt;R\}$ й не принимает в $D$ нек-рых конечных значениіі $a_{1}$, $a_{2}$, то в Јюбом круге $|z| \leqslant R_{1}, 0&lt;R_{1}&lt;R$, модуль $|f(z)|$ ограничен числом $M\left(a_{1}, a_{2}, c_{0}, R_{1}\right)$, зависящим только от $a_{1}, a_{2}, c_{0}, R_{1}$ (см. [1]). Более законченную формулировку получают, объединяя обобщенную III. т. и теорему Ландау при произвольном числе $q \geqslant 2$ выпускаемых значений. Пусть функция (s:) не принимает нек-рых конечных значений $a_{1}, \ldots, a_{q}, q \geqslant 2$. Тогда, если $c_{1} \neq 0$, то радиус $R$ ограничен сверху числом, зависящим только от $a_{1}, \ldots, a_{q}, c_{0}, c_{1}$ (т е о $\mathrm{p}$ е м а JЈ а нд ау $y$ ). Кроме того, в круге $|z| \leqslant R_{1}, 0&lt;R_{1}&lt;R$, модуль $|f(z)|$ ограничен числом $M\left(a_{1}, \ldots, a_{q}, c_{0}, R_{1}\right)$, зависящим только от $a_{1}, \ldots, a_{q}, c_{0}, R_{1}$ (т е о р е м а ШI о т т к и).

Геометрически III. т. означает, что сферич. расстояние (т. е. расстояние на Рияана сфере) образа круга $|z| \leqslant R_{1}$ до точек $a_{1}, \ldots, a_{q}$ не меньше числа $d\left(a_{1}\right.$, $\left.\ldots, a_{q}, c_{0}, R_{1}\right)$, зависящего только от $a_{1}, \ldots, a_{q}$, $c_{0}, R_{1}$.' 1II. т.- один из классич. результатов теории функциї комплексного переменного типа искажения пееоре..

Jum.: [1] S c h o t t k y F., &quot;Sitzungsber. Preuss. Akad. Wiss. &quot;, 1904, 2 H.|Bd, S. 1244-62; [2] Г о л у з и н Г. М., Геометрическая теория функций комплексного переменного, 2 изд., М., 1966; [3] С т о и л о в С., Теория функций комплексного переменного, пер. с рум., т. $1-2$, М., 1962. E. Д. Соломенцев.</text_orig>
</article>
