<?xml version="1.0" ?>
<article uri="http://libmeta.ru/me/article/1039_PATO" alphabetic_pos="1039">
  <title>PАTOP</title>
  <authors/>
  <pages>
    <start>489</start>
    <end>489</end>
  </pages>
  <literature>
    <literature_orig>Jum.: [1] Д а н ф о р п Н., Ш в а $\mathrm{p}$ ц Ж ж., Линейные операторы, ч. 2 , пер. с англ., М., 1966; [2] И о с и д a K., Функциональный анализ, пер. с англ., M., 196 7; [3] S t on e M. H.,Linear Transformations in Hilbert space and their Applications to Analysis, N. Y., 1964; [4] P и с с $\phi .$, С е к е ф а ль в и Н а д ь Б,, Јекции по функциональному анализу, пер. с франц., М., 1954; [5] Д в е д о н н е Ж., Основы современного анализа, пер. с англ., М., 1964; [6] К а н т о р о в и ч Л. В. [и др.]., Функциональный анализ в полуупорядоченных пространствах,M.- J., 1950; [7] W e i d m a n n J., Manuscripta Math., M.- J., 1950; [7] W e i d m a n n J., Manuscripta Math.,1970, v., 2 , № 1, p. 1-38; [8] М о p e н ㅅ., Методы гильбертова пространства, пер. с польск., М., 1965; [9] Б е р е з а н с к и й Ю. М., Разложение по собственным функциям самосопряженных операторов, К., 1965.</literature_orig>
    <unit>
      <author>Данфорп Н.</author>
      <title>Ш в а $\mathrm{p}$ ц Ж ж., Линейные операторы, ч. 2</title>
      <publication>пер. с англ., М.</publication>
      <year>1966</year>
      <other/>
    </unit>
    <unit>
      <author>Иосидa K.</author>
      <title>Функциональный анализ</title>
      <publication/>
      <year/>
      <other>пер. с англ., M., 196 7</other>
    </unit>
    <unit>
      <author>Stone M. H.</author>
      <title>Linear Transformations in Hilbert space and their Applications to Analysis, N. Y.</title>
      <publication/>
      <year>1964</year>
      <other/>
    </unit>
    <unit>
      <title>P и с с $\phi .$, С е к е ф а ль в и Н а д ь Б, Јекции по функциональному анализу</title>
      <publication>пер. с франц., М.</publication>
      <year>1954</year>
      <other/>
    </unit>
    <unit>
      <author>Дведонне Ж.</author>
      <title>Основы современного анализа</title>
      <publication>пер. с англ., М.</publication>
      <year>1964</year>
      <other/>
    </unit>
    <unit>
      <title>К а н т о р о в и ч Л. В. [и др.]., Функциональный анализ в полуупорядоченных пространствах, M.- J.</title>
      <publication/>
      <year>1950</year>
      <other/>
    </unit>
    <unit>
      <author>Weidmann J.</author>
      <title>Manuscripta Math., M.- J.</title>
      <publication/>
      <year>1950</year>
      <other>Manuscripta Math., 1970, v., 2, № 1, p. 1-38</other>
    </unit>
    <unit>
      <title>М о p e н ㅅ., Методы гильбертова пространства</title>
      <publication>пер. с польск., М.</publication>
      <year>1965</year>
      <other/>
    </unit>
    <unit>
      <author>Березанский Ю. М.</author>
      <title>Разложение по собственным функциям самосопряженных операторов, К.</title>
      <publication/>
      <year>1965</year>
      <other/>
    </unit>
  </literature>
  <formulas_main>
    <formula uri="http://libmeta.ru/me/formula/main/1039_1_PATO">(T f)(x)=\sum_{n} \lambda_{n}\left(f, \varphi_{n}\right) \varphi_{n}, \quad f \in L_{2}(X, \mu)</formula>
    <formula uri="http://libmeta.ru/me/formula/main/1039_2_PATO">K(x, y)=\sum_{n} \lambda_{n} \varphi_{n}(x) \overline{\varphi_{n}(y)},</formula>
    <formula uri="http://libmeta.ru/me/formula/main/1039_3_PATO">\int_{X}|K(x, y)|^{2} \mu(d y) \leqslant C \text { для всех } x \in X,</formula>
    <formula uri="http://libmeta.ru/me/formula/main/1039_4_PATO">T: L_{2}(a, b) \rightarrow L_{2}(a, b)</formula>
    <formula uri="http://libmeta.ru/me/formula/main/1039_5_PATO">T: L_{2}(X, \mu) \rightarrow L_{2}(X, \mu)</formula>
    <formula uri="http://libmeta.ru/me/formula/main/1039_6_PATO">|(T f)(x)| \leqslant M(x)\|f\|</formula>
  </formulas_main>
  <formulas_aux>
    <formula uri="http://libmeta.ru/me/formula/aux/1039_1_PATO">t</formula>
    <formula uri="http://libmeta.ru/me/formula/aux/1039_2_PATO">l_{2}(x, \mu)</formula>
    <formula uri="http://libmeta.ru/me/formula/aux/1039_3_PATO">l_{2}(x, \mu)</formula>
    <formula uri="http://libmeta.ru/me/formula/aux/1039_4_PATO">(t f)(x)=\int_{X} K(x, y) f(y) \mu(d y), \quad f \in L_{2}(X, \mu)</formula>
    <formula uri="http://libmeta.ru/me/formula/aux/1039_5_PATO">k(\cdot, \cdot) \in L_{2}(X \times X, \mu \times \mu)</formula>
    <formula uri="http://libmeta.ru/me/formula/aux/1039_6_PATO">\overline{k(y, x)}</formula>
    <formula uri="http://libmeta.ru/me/formula/aux/1039_7_PATO">k(x, y)=\overline{K(y, x)}</formula>
    <formula uri="http://libmeta.ru/me/formula/aux/1039_8_PATO">(x, y) \in X \times X \quad</formula>
    <formula uri="http://libmeta.ru/me/formula/aux/1039_9_PATO">(\mu \times \mu))</formula>
    <formula uri="http://libmeta.ru/me/formula/aux/1039_10_PATO">\left\{\varphi_{n}\right\}</formula>
    <formula uri="http://libmeta.ru/me/formula/aux/1039_11_PATO">t</formula>
    <formula uri="http://libmeta.ru/me/formula/aux/1039_12_PATO">\lambda_{n} \neq 0 ;</formula>
    <formula uri="http://libmeta.ru/me/formula/aux/1039_13_PATO">l_{2}(x, \mu)</formula>
    <formula uri="http://libmeta.ru/me/formula/aux/1039_14_PATO">l_{2}(x \times X, \mu \times \mu)</formula>
    <formula uri="http://libmeta.ru/me/formula/aux/1039_15_PATO">t</formula>
    <formula uri="http://libmeta.ru/me/formula/aux/1039_16_PATO">\mu</formula>
    <formula uri="http://libmeta.ru/me/formula/aux/1039_17_PATO">m(\cdot) \in L_{2}(X, \mu)</formula>
    <formula uri="http://libmeta.ru/me/formula/aux/1039_18_PATO">f \in L_{2}(X, \mu)</formula>
    <formula uri="http://libmeta.ru/me/formula/aux/1039_19_PATO">x \in X</formula>
    <formula uri="http://libmeta.ru/me/formula/aux/1039_20_PATO">\mu)</formula>
    <formula uri="http://libmeta.ru/me/formula/aux/1039_21_PATO">l_{2}(x, \mu)</formula>
    <formula uri="http://libmeta.ru/me/formula/aux/1039_22_PATO">l_{2}(x, \mu)</formula>
    <formula uri="http://libmeta.ru/me/formula/aux/1039_23_PATO">\gamma .-</formula>
  </formulas_aux>
  <relations n="8">
    <relation uri="http://libmeta.ru/me/relation/1039_1_PATO">
      <rel_text>оператор</rel_text>
      <target>http://libmeta.ru/me/article/15_OPERAN</target>
    </relation>
    <relation uri="http://libmeta.ru/me/relation/1039_2_PATO">
      <rel_text>итерации</rel_text>
      <target>http://libmeta.ru/me/article/689_ITERATsI</target>
    </relation>
    <relation uri="http://libmeta.ru/me/relation/1039_3_PATO">
      <rel_text>задачах</rel_text>
      <target>http://libmeta.ru/me/article/10_ZAdAch</target>
    </relation>
    <relation uri="http://libmeta.ru/me/relation/1039_4_PATO">
      <rel_text>операторы</rel_text>
      <target>http://libmeta.ru/me/article/17_OPERATO</target>
    </relation>
    <relation uri="http://libmeta.ru/me/relation/1039_5_PATO">
      <rel_text>теоріпі</rel_text>
      <target>http://libmeta.ru/me/article/381_TEORI</target>
    </relation>
    <relation uri="http://libmeta.ru/me/relation/1039_6_PATO">
      <rel_text>уравнений</rel_text>
      <target>http://libmeta.ru/me/article/106_URAVNENI</target>
    </relation>
    <relation uri="http://libmeta.ru/me/relation/1039_7_PATO">
      <rel_text>интегральных</rel_text>
      <target>http://libmeta.ru/me/article/622_INTEGRIRUGMA</target>
    </relation>
    <relation uri="http://libmeta.ru/me/relation/1039_8_PATO">
      <rel_text>теории</rel_text>
      <target>http://libmeta.ru/me/article/381_TEORI</target>
    </relation>
  </relations>
  <text>ограниченный линейный интегральный оператор $URI[[http://libmeta.ru/me/formula/aux/1039_1_PATO]]/URI$, действующий из пространства $URI[[http://libmeta.ru/me/formula/aux/1039_2_PATO]]/URI$ в $URI[[http://libmeta.ru/me/formula/aux/1039_3_PATO]]/URI$ и представимый в виде

$URI[[http://libmeta.ru/me/formula/aux/1039_4_PATO]]/URI$, где $URI[[http://libmeta.ru/me/formula/aux/1039_5_PATO]]/URI$ - ядро оператора (см. [1]).

Впервые такого рода операторы рассматривались Д. Гильбертом (d. Hilbert) и Э. Iiмидтом (e. Schmidt) в 1907. Г. - Ш. и. о. является вполне непрерывным оператором (см. [2]). Сопряженный к нему оператор также есть Г. - Iii. и. о. с ядром $URI[[http://libmeta.ru/me/formula/aux/1039_6_PATO]]/URI$ [3]. Г.Iii. и. о. будет самосопряженныли оператором тогда и только тогда, когда $URI[[http://libmeta.ru/me/formula/aux/1039_7_PATO]]/URI$ для почти всех $URI[[http://libmeta.ru/me/formula/aux/1039_8_PATO]]/URI$ (относптельно $URI[[http://libmeta.ru/me/formula/aux/1039_9_PATO]]/URI$. Для самосопряженного Г.- Ii. и. о. и его ядра имеют место разложения

\[
URI[[http://libmeta.ru/me/formula/main/1039_1_PATO]]/URI
\]\[
URI[[http://libmeta.ru/me/formula/main/1039_2_PATO]]/URI
\]

где $URI[[http://libmeta.ru/me/formula/aux/1039_10_PATO]]/URI$ - ортонормированная система собственных функций оператора $URI[[http://libmeta.ru/me/formula/aux/1039_11_PATO]]/URI$, отвечающих собственным значениям $URI[[http://libmeta.ru/me/formula/aux/1039_12_PATO]]/URI$ ряд (1) сходится по норме $URI[[http://libmeta.ru/me/formula/aux/1039_13_PATO]]/URI$, а ряд (2) сходится по норме $URI[[http://libmeta.ru/me/formula/aux/1039_14_PATO]]/URI$ (см. [4]). В условиях Мерсера теоремы ряд (2) сходится абсолютно и равномерно (см. [5]).

Если

\[
URI[[http://libmeta.ru/me/formula/main/1039_3_PATO]]/URI
\]

то ряд (1) сходится абсолютно и равномерно (см. [4]). Линейный оператор

\[
URI[[http://libmeta.ru/me/formula/main/1039_4_PATO]]/URI
\]

является Г. - Ii. и. о. тогда и только тогда, когда $URI[[http://libmeta.ru/me/formula/aux/1039_15_PATO]]/URI$ есть bо-линейный оператор (см. [6]). Если $URI[[http://libmeta.ru/me/formula/aux/1039_16_PATO]]/URI$ есть

![](https://cdn.mathpix.com/cropped/2023_07_08_efc6ba2aaf763ceede00g-1.jpg?height=40&amp;width=618&amp;top_left_y=995&amp;top_left_x=991)

\[
URI[[http://libmeta.ru/me/formula/main/1039_5_PATO]]/URI
\]

является Г.- Iii. и. о. тогда и только тогда, когда существует такая функция $URI[[http://libmeta.ru/me/formula/aux/1039_17_PATO]]/URI$, что для всех $URI[[http://libmeta.ru/me/formula/aux/1039_18_PATO]]/URI$ неравенство

\[
URI[[http://libmeta.ru/me/formula/main/1039_6_PATO]]/URI
\]

справедливо для почти всех $URI[[http://libmeta.ru/me/formula/aux/1039_19_PATO]]/URI$ (относительно меры $URI[[http://libmeta.ru/me/formula/aux/1039_20_PATO]]/URI$ [7]. Таким образом, Г. - Iii. И. о. образуют двусторонний идеал в банаховой алгебре всех линейных ограниченных операторов, действующих из $URI[[http://libmeta.ru/me/formula/aux/1039_21_PATO]]/URI$ в $URI[[http://libmeta.ru/me/formula/aux/1039_22_PATO]]/URI$.

Г. - Iii. и. о. играют важную роль в URI[[http://libmeta.ru/me/relation/1039_8_PATO]]/URI URI[[http://libmeta.ru/me/relation/1039_7_PATO]]/URI URI[[http://libmeta.ru/me/relation/1039_6_PATO]]/URI и в URI[[http://libmeta.ru/me/relation/1039_5_PATO]]/URI краевых задач (см. [8], [9]), так как URI[[http://libmeta.ru/me/relation/1039_4_PATO]]/URI, возникающие во многих URI[[http://libmeta.ru/me/relation/1039_3_PATO]]/URI математич. физики, либо сами являются $URI[[http://libmeta.ru/me/formula/aux/1039_23_PATO]]/URI$ Iii. и. о., либо их URI[[http://libmeta.ru/me/relation/1039_2_PATO]]/URI нек-рого пөрядка обладают әтим свойством. Естественным обобщением Г.Iii. и. о. является Гильберта - Iiiмидта URI[[http://libmeta.ru/me/relation/1039_1_PATO]]/URI.</text>
  <text_orig>ограниченный линейный интегральный оператор $T$, действующий из пространства $L_{2}(X, \mu)$ в $L_{2}(X, \mu)$ и представимый в виде

$(T f)(x)=\int_{X} K(x, y) f(y) \mu(d y), \quad f \in L_{2}(X, \mu)$, где $K(\cdot, \cdot) \in L_{2}(X \times X, \mu \times \mu)$ - ядро оператора (см. [1]).

Впервые такого рода операторы рассматривались Д. Гильбертом (D. Hilbert) и Э. IIмидтом (E. Schmidt) в 1907. Г. - Ш. и. о. является вполне непрерывным оператором (см. [2]). Сопряженный к нему оператор также есть Г. - III. и. о. с ядром $\overline{K(y, x)}$ [3]. Г.III. и. о. будет самосопряженныли оператором тогда и только тогда, когда $K(x, y)=\overline{K(y, x)}$ для почти всех $(x, y) \in X \times X \quad$ (относптельно $(\mu \times \mu))$. Для самосопряженного Г.- II. и. о. и его ядра имеют место разложения

\[
(T f)(x)=\sum_{n} \lambda_{n}\left(f, \varphi_{n}\right) \varphi_{n}, \quad f \in L_{2}(X, \mu)
\]\[
K(x, y)=\sum_{n} \lambda_{n} \varphi_{n}(x) \overline{\varphi_{n}(y)},
\]

где $\left\{\varphi_{n}\right\}$ - ортонормированная система собственных функций оператора $T$, отвечающих собственным значениям $\lambda_{n} \neq 0 ;$ ряд (1) сходится по норме $L_{2}(X, \mu)$, а ряд (2) сходится по норме $L_{2}(X \times X, \mu \times \mu)$ (см. [4]). В условиях Мерсера теоремы ряд (2) сходится абсолютно и равномерно (см. [5]).

Если

\[
\int_{X}|K(x, y)|^{2} \mu(d y) \leqslant C \text { для всех } x \in X,
\]

то ряд (1) сходится абсолютно и равномерно (см. [4]). Линейный оператор

\[
T: L_{2}(a, b) \rightarrow L_{2}(a, b)
\]

является Г. - II. и. о. тогда и только тогда, когда $T$ есть bо-линейный оператор (см. [6]). Если $\mu$ есть

![](https://cdn.mathpix.com/cropped/2023_07_08_efc6ba2aaf763ceede00g-1.jpg?height=40&amp;width=618&amp;top_left_y=995&amp;top_left_x=991)

\[
T: L_{2}(X, \mu) \rightarrow L_{2}(X, \mu)
\]

является Г.- III. и. о. тогда и только тогда, когда существует такая функция $M(\cdot) \in L_{2}(X, \mu)$, что для всех $f \in L_{2}(X, \mu)$ неравенство

\[
|(T f)(x)| \leqslant M(x)\|f\|
\]

справедливо для почти всех $x \in X$ (относительно меры $\mu)$ [7]. Таким образом, Г. - III. И. о. образуют двусторонний идеал в банаховой алгебре всех линейных ограниченных операторов, действующих из $L_{2}(X, \mu)$ в $L_{2}(X, \mu)$.

Г. - III. и. о. играют важную роль в теории интегральных уравнений и в теоріпі краевых задач (см. [8], [9]), так как операторы, возникающие во многих задачах математич. физики, либо сами являются $\Gamma .-$ III. и. о., либо их итерации нек-рого пөрядка обладают әтим свойством. Естественным обобщением Г.III. и. о. является Гильберта - IIIмидта оператор.

Jum.: [1] Д а н ф о р п Н., Ш в а $\mathrm{p}$ ц Ж ж., Линейные операторы, ч. 2 , пер. с англ., М., 1966; [2] И о с и д a K., Функциональный анализ, пер. с англ., M., 196 7; [3] S t on e M. H.,
Linear Transformations in Hilbert space and their Applications to Analysis, N. Y., 1964; [4] P и с с $\Phi .$, С е к е ф а ль в и Н а д ь Б,, Јекции по функциональному анализу, пер. с франц., М., 1954; [5] Д в е д о н н е Ж., Основы современного анализа, пер. с англ., М., 1964; [6] К а н т о р о в и ч Л. В. [и др.]., Функциональный анализ в полуупорядоченных пространствах,
M.- J., 1950; [7] W e i d m a n n J., Manuscripta Math., M.- J., 1950; [7] W e i d m a n n J., Manuscripta Math.,
1970, v., 2 , № 1, p. 1-38; [8] М о p e н ㅅ., Методы гильбертова пространства, пер. с польск., М., 1965; [9] Б е р е з а н с к и й Ю. М., Разложение по собственным функциям самосопряженных операторов, К., 1965.</text_orig>
</article>
