<?xml version="1.0" ?>
<article uri="http://libmeta.ru/me/article/1039_NORMAL'NAJa" alphabetic_pos="1039">
  <title>НОРМАЛЬНАЯ КРИВИЗНА</title>
  <authors>
    <author>Д. Д. Соколов</author>
  </authors>
  <pages>
    <start>526</start>
    <end>526</end>
  </pages>
  <literature>
    <literature_orig/>
  </literature>
  <formulas_main>
    <formula uri="http://libmeta.ru/me/formula/main/1039_1_NORMAL'NAJa">k_{\boldsymbol{l}}=(\boldsymbol{n}, \boldsymbol{N}) k,</formula>
    <formula uri="http://libmeta.ru/me/formula/main/1039_2_NORMAL'NAJa">k_{l}=\frac{I I}{l}=\frac{L d u^{2}+2 M d u d v+N d v^{2}}{E d u^{2}+2 F d u d v+G d v^{2}} .</formula>
    <formula uri="http://libmeta.ru/me/formula/main/1039_3_NORMAL'NAJa">k n=k_{g}[n, l]+k_{l} N</formula>
  </formulas_main>
  <formulas_aux>
    <formula uri="http://libmeta.ru/me/formula/aux/1039_1_NORMAL'NAJa">l</formula>
    <formula uri="http://libmeta.ru/me/formula/aux/1039_2_NORMAL'NAJa">p</formula>
    <formula uri="http://libmeta.ru/me/formula/aux/1039_3_NORMAL'NAJa">l</formula>
    <formula uri="http://libmeta.ru/me/formula/aux/1039_4_NORMAL'NAJa">k</formula>
    <formula uri="http://libmeta.ru/me/formula/aux/1039_5_NORMAL'NAJa">\boldsymbol{l}, \boldsymbol{n}</formula>
    <formula uri="http://libmeta.ru/me/formula/aux/1039_6_NORMAL'NAJa">\boldsymbol{n}</formula>
    <formula uri="http://libmeta.ru/me/formula/aux/1039_7_NORMAL'NAJa">u, v</formula>
    <formula uri="http://libmeta.ru/me/formula/aux/1039_8_NORMAL'NAJa">(d u: d v)</formula>
    <formula uri="http://libmeta.ru/me/formula/aux/1039_9_NORMAL'NAJa">l</formula>
    <formula uri="http://libmeta.ru/me/formula/aux/1039_10_NORMAL'NAJa">l</formula>
    <formula uri="http://libmeta.ru/me/formula/aux/1039_11_NORMAL'NAJa">k_{g}</formula>
  </formulas_aux>
  <relations n="16">
    <relation uri="http://libmeta.ru/me/relation/1039_1_NORMAL'NAJa">
      <rel_text>поверхности</rel_text>
      <target>http://libmeta.ru/me/article/332_POVERHNOST</target>
    </relation>
    <relation uri="http://libmeta.ru/me/relation/1039_2_NORMAL'NAJa">
      <rel_text>геометрии</rel_text>
      <target>http://libmeta.ru/me/article/1012_GEOMETRI</target>
    </relation>
    <relation uri="http://libmeta.ru/me/relation/1039_3_NORMAL'NAJa">
      <rel_text>поверхности</rel_text>
      <target>http://libmeta.ru/me/article/332_POVERHNOST</target>
    </relation>
    <relation uri="http://libmeta.ru/me/relation/1039_4_NORMAL'NAJa">
      <rel_text>кривизны</rel_text>
      <target>http://libmeta.ru/me/article/91_KRIVIZN</target>
    </relation>
    <relation uri="http://libmeta.ru/me/relation/1039_5_NORMAL'NAJa">
      <rel_text>средняя</rel_text>
      <target>http://libmeta.ru/me/article/165_SREDNE</target>
    </relation>
    <relation uri="http://libmeta.ru/me/relation/1039_6_NORMAL'NAJa">
      <rel_text>теорема</rel_text>
      <target>http://libmeta.ru/me/article/381_TEORI</target>
    </relation>
    <relation uri="http://libmeta.ru/me/relation/1039_7_NORMAL'NAJa">
      <rel_text>кривой</rel_text>
      <target>http://libmeta.ru/me/article/90_KRIVA</target>
    </relation>
    <relation uri="http://libmeta.ru/me/relation/1039_8_NORMAL'NAJa">
      <rel_text>кривизной</rel_text>
      <target>http://libmeta.ru/me/article/91_KRIVIZN</target>
    </relation>
    <relation uri="http://libmeta.ru/me/relation/1039_9_NORMAL'NAJa">
      <rel_text>кривой</rel_text>
      <target>http://libmeta.ru/me/article/90_KRIVA</target>
    </relation>
    <relation uri="http://libmeta.ru/me/relation/1039_10_NORMAL'NAJa">
      <rel_text>касательном</rel_text>
      <target>http://libmeta.ru/me/article/774_KASATEL'NA</target>
    </relation>
    <relation uri="http://libmeta.ru/me/relation/1039_11_NORMAL'NAJa">
      <rel_text>поверхности</rel_text>
      <target>http://libmeta.ru/me/article/332_POVERHNOST</target>
    </relation>
    <relation uri="http://libmeta.ru/me/relation/1039_12_NORMAL'NAJa">
      <rel_text>связана</rel_text>
      <target>http://libmeta.ru/me/article/1222_SVJaZK</target>
    </relation>
    <relation uri="http://libmeta.ru/me/relation/1039_13_NORMAL'NAJa">
      <rel_text>поверхности</rel_text>
      <target>http://libmeta.ru/me/article/332_POVERHNOST</target>
    </relation>
    <relation uri="http://libmeta.ru/me/relation/1039_14_NORMAL'NAJa">
      <rel_text>кривой</rel_text>
      <target>http://libmeta.ru/me/article/90_KRIVA</target>
    </relation>
    <relation uri="http://libmeta.ru/me/relation/1039_15_NORMAL'NAJa">
      <rel_text>регулярной</rel_text>
      <target>http://libmeta.ru/me/article/1037_REGULJaTO</target>
    </relation>
    <relation uri="http://libmeta.ru/me/relation/1039_16_NORMAL'NAJa">
      <rel_text>Кривизна</rel_text>
      <target>http://libmeta.ru/me/article/91_KRIVIZN</target>
    </relation>
  </relations>
  <text>р е г у л я р н о й п ов е р х н о с т и - величина, характеризующая отклонение поверхнос'и в направлении $URI[[http://libmeta.ru/me/formula/aux/1039_1_NORMAL'NAJa]]/URI$ от своей касательной плоскости в точке $URI[[http://libmeta.ru/me/formula/aux/1039_2_NORMAL'NAJa]]/URI$, совпадающая по абсолютной величине с кривизной соответствующего нормального сечения. Н. к. в направлении $URI[[http://libmeta.ru/me/formula/aux/1039_3_NORMAL'NAJa]]/URI$ равна

\[
URI[[http://libmeta.ru/me/formula/main/1039_1_NORMAL'NAJa]]/URI
\]

где $URI[[http://libmeta.ru/me/formula/aux/1039_4_NORMAL'NAJa]]/URI$ - кривизна нормального сечения в направленйи $URI[[http://libmeta.ru/me/formula/aux/1039_5_NORMAL'NAJa]]/URI$ - единичный вектор главной нормали нормального сечения, $URI[[http://libmeta.ru/me/formula/aux/1039_6_NORMAL'NAJa]]/URI$ - единичный вектор нормали поверхности. Н. к. поверхности в данном направлении совпадает с Н. к. соприкасающегося параболоида в том же направлении. Н. к. поверхности, параметризованной параметрами $URI[[http://libmeta.ru/me/formula/aux/1039_7_NORMAL'NAJa]]/URI$, может быть выражена через значения первой и второй квадратичных форм поверхности, выqисленных для значений $URI[[http://libmeta.ru/me/formula/aux/1039_8_NORMAL'NAJa]]/URI$, соответствующих направлению $URI[[http://libmeta.ru/me/formula/aux/1039_9_NORMAL'NAJa]]/URI$ по формуле

\[
URI[[http://libmeta.ru/me/formula/main/1039_2_NORMAL'NAJa]]/URI
\]

URI[[http://libmeta.ru/me/relation/1039_16_NORMAL'NAJa]]/URI URI[[http://libmeta.ru/me/relation/1039_15_NORMAL'NAJa]]/URI URI[[http://libmeta.ru/me/relation/1039_14_NORMAL'NAJa]]/URI, лежащей на URI[[http://libmeta.ru/me/relation/1039_13_NORMAL'NAJa]]/URI, URI[[http://libmeta.ru/me/relation/1039_12_NORMAL'NAJa]]/URI с Н. к. URI[[http://libmeta.ru/me/relation/1039_11_NORMAL'NAJa]]/URI в нашравлении $URI[[http://libmeta.ru/me/formula/aux/1039_10_NORMAL'NAJa]]/URI$, URI[[http://libmeta.ru/me/relation/1039_10_NORMAL'NAJa]]/URI к URI[[http://libmeta.ru/me/relation/1039_9_NORMAL'NAJa]]/URI, и с геодезич. URI[[http://libmeta.ru/me/relation/1039_8_NORMAL'NAJa]]/URI $URI[[http://libmeta.ru/me/formula/aux/1039_11_NORMAL'NAJa]]/URI$ этой URI[[http://libmeta.ru/me/relation/1039_7_NORMAL'NAJa]]/URI сиотношением

\[
URI[[http://libmeta.ru/me/formula/main/1039_3_NORMAL'NAJa]]/URI
\]

(см. также Мёнье URI[[http://libmeta.ru/me/relation/1039_6_NORMAL'NAJa]]/URI). С помощью Н. к. конструируется Дюпена индикатриса, гауссова и URI[[http://libmeta.ru/me/relation/1039_5_NORMAL'NAJa]]/URI URI[[http://libmeta.ru/me/relation/1039_4_NORMAL'NAJa]]/URI URI[[http://libmeta.ru/me/relation/1039_3_NORMAL'NAJa]]/URI и многие другие понятия локальной URI[[http://libmeta.ru/me/relation/1039_2_NORMAL'NAJa]]/URI URI[[http://libmeta.ru/me/relation/1039_1_NORMAL'NAJa]]/URI.</text>
  <text_orig>р е г у л я р н о й п ов е р х н о с т и - величина, характеризующая отклонение поверхнос'и в направлении $l$ от своей касательной плоскости в точке $P$, совпадающая по абсолютной величине с кривизной соответствующего нормального сечения. Н. к. в направлении $l$ равна

\[
k_{\boldsymbol{l}}=(\boldsymbol{n}, \boldsymbol{N}) k,
\]

где $k$ - кривизна нормального сечения в направленйи $\boldsymbol{l}, \boldsymbol{n}$ - единичный вектор главной нормали нормального сечения, $\boldsymbol{N}$ - единичный вектор нормали поверхности. Н. к. поверхности в данном направлении совпадает с Н. к. соприкасающегося параболоида в том же направлении. Н. к. поверхности, параметризованной параметрами $u, v$, может быть выражена через значения первой и второй квадратичных форм поверхности, выqисленных для значений $(d u: d v)$, соответствующих направлению $l$ по формуле

\[
k_{l}=\frac{I I}{l}=\frac{L d u^{2}+2 M d u d v+N d v^{2}}{E d u^{2}+2 F d u d v+G d v^{2}} .
\]

Кривизна регулярной кривой, лежащей на поверхности, связана с Н. к. поверхности в нашравлении $l$, касательном к кривой, и с геодезич. кривизной $k_{g}$ этой кривой сиотношением

\[
k n=k_{g}[n, l]+k_{l} N
\]

(см. также Мёнье теорема). С помощью Н. к. конструируется Дюпена индикатриса, гауссова и средняя кривизны поверхности и многие другие понятия локальной геометрии поверхности. Д. Д. Соколов.</text_orig>
</article>
