<?xml version="1.0" ?>
<article uri="http://libmeta.ru/me/article/1039_ShІPEKKEROVA" alphabetic_pos="1039">
  <title>ШІПЕККЕРОВА ПОСЛЕДОВАТЕЛЬНОСТЬ</title>
  <authors>
    <author>Б. A. Куинер</author>
  </authors>
  <pages>
    <start>449</start>
    <end>449</end>
  </pages>
  <literature>
    <literature_orig>Jum.: [1] S p e c k e r E., «j. Symbol. Log.», 1949, v. 14, .p 145-58; [2] К у ш н е р Б. А., Јекции по когструктивному математическому анализу, М., $1973 . \quad$</literature_orig>
    <unit>
      <author>Specker E.</author>
      <title>«j. Symbol. Log.»</title>
      <publication/>
      <year>1949</year>
      <other>v. 14, .p 145-58</other>
    </unit>
    <unit>
      <author>Кушнер Б. А.</author>
      <title>Јекции по когструктивному математическому анализу</title>
      <publication>М.</publication>
      <year>1973</year>
      <other/>
    </unit>
  </literature>
  <formulas_main>
    <formula uri="http://libmeta.ru/me/formula/main/1039_1_ShІPEKKEROVA">|\alpha(i)-\alpha(j)|&lt;2^{-n} .</formula>
  </formulas_main>
  <formulas_aux>
    <formula uri="http://libmeta.ru/me/formula/aux/1039_1_ShІPEKKEROVA">\beta</formula>
    <formula uri="http://libmeta.ru/me/formula/aux/1039_2_ShІPEKKEROVA">i, j, n</formula>
    <formula uri="http://libmeta.ru/me/formula/aux/1039_3_ShІPEKKEROVA">i, j \geqslant \beta(n)</formula>
  </formulas_aux>
  <relations n="29">
    <relation uri="http://libmeta.ru/me/relation/1039_1_ShІPEKKEROVA">
      <rel_text>Консıпрктивный анализ</rel_text>
      <target>http://libmeta.ru/me/article/1069_KONSTRUKTIVNYJ</target>
    </relation>
    <relation uri="http://libmeta.ru/me/relation/1039_2_ShІPEKKEROVA">
      <rel_text>сложности</rel_text>
      <target>http://libmeta.ru/me/article/1403_SLOZhENI</target>
    </relation>
    <relation uri="http://libmeta.ru/me/relation/1039_3_ShІPEKKEROVA">
      <rel_text>Теорема</rel_text>
      <target>http://libmeta.ru/me/article/381_TEORI</target>
    </relation>
    <relation uri="http://libmeta.ru/me/relation/1039_4_ShІPEKKEROVA">
      <rel_text>сложную</rel_text>
      <target>http://libmeta.ru/me/article/1403_SLOZhENI</target>
    </relation>
    <relation uri="http://libmeta.ru/me/relation/1039_5_ShІPEKKEROVA">
      <rel_text>объекты</rel_text>
      <target>http://libmeta.ru/me/article/1156_OB'EK</target>
    </relation>
    <relation uri="http://libmeta.ru/me/relation/1039_6_ShІPEKKEROVA">
      <rel_text>результат</rel_text>
      <target>http://libmeta.ru/me/article/1046_REZUL'TAN</target>
    </relation>
    <relation uri="http://libmeta.ru/me/relation/1039_7_ShІPEKKEROVA">
      <rel_text>множеств</rel_text>
      <target>http://libmeta.ru/me/article/733_MNOZhESTV</target>
    </relation>
    <relation uri="http://libmeta.ru/me/relation/1039_8_ShІPEKKEROVA">
      <rel_text>числовых</rel_text>
      <target>http://libmeta.ru/me/article/1008_ChISLITEL</target>
    </relation>
    <relation uri="http://libmeta.ru/me/relation/1039_9_ShІPEKKEROVA">
      <rel_text>границ</rel_text>
      <target>http://libmeta.ru/me/article/1154_GRADU</target>
    </relation>
    <relation uri="http://libmeta.ru/me/relation/1039_10_ShІPEKKEROVA">
      <rel_text>теорема</rel_text>
      <target>http://libmeta.ru/me/article/381_TEORI</target>
    </relation>
    <relation uri="http://libmeta.ru/me/relation/1039_11_ShІPEKKEROVA">
      <rel_text>сходящейся</rel_text>
      <target>http://libmeta.ru/me/article/333_SHODIMOST</target>
    </relation>
    <relation uri="http://libmeta.ru/me/relation/1039_12_ShІPEKKEROVA">
      <rel_text>выборе</rel_text>
      <target>http://libmeta.ru/me/article/822_VYBORK</target>
    </relation>
    <relation uri="http://libmeta.ru/me/relation/1039_13_ShІPEKKEROVA">
      <rel_text>теорема</rel_text>
      <target>http://libmeta.ru/me/article/381_TEORI</target>
    </relation>
    <relation uri="http://libmeta.ru/me/relation/1039_14_ShІPEKKEROVA">
      <rel_text>последовательности</rel_text>
      <target>http://libmeta.ru/me/article/534_POSLEDOVATEL'NOST</target>
    </relation>
    <relation uri="http://libmeta.ru/me/relation/1039_15_ShІPEKKEROVA">
      <rel_text>монотонной</rel_text>
      <target>http://libmeta.ru/me/article/779_MONOMORFIZ</target>
    </relation>
    <relation uri="http://libmeta.ru/me/relation/1039_16_ShІPEKKEROVA">
      <rel_text>предела</rel_text>
      <target>http://libmeta.ru/me/article/582_PREDBAZ</target>
    </relation>
    <relation uri="http://libmeta.ru/me/relation/1039_17_ShІPEKKEROVA">
      <rel_text>теорема</rel_text>
      <target>http://libmeta.ru/me/article/381_TEORI</target>
    </relation>
    <relation uri="http://libmeta.ru/me/relation/1039_18_ShІPEKKEROVA">
      <rel_text>континуума</rel_text>
      <target>http://libmeta.ru/me/article/1079_KONTINUU</target>
    </relation>
    <relation uri="http://libmeta.ru/me/relation/1039_19_ShІPEKKEROVA">
      <rel_text>алгорифмич</rel_text>
      <target>http://libmeta.ru/me/article/140_ALGOLІ-6</target>
    </relation>
    <relation uri="http://libmeta.ru/me/relation/1039_20_ShІPEKKEROVA">
      <rel_text>контрпримера</rel_text>
      <target>http://libmeta.ru/me/article/1077_KONTINGENTsI</target>
    </relation>
    <relation uri="http://libmeta.ru/me/relation/1039_21_ShІPEKKEROVA">
      <rel_text>фактом</rel_text>
      <target>http://libmeta.ru/me/article/659_FAKTO</target>
    </relation>
    <relation uri="http://libmeta.ru/me/relation/1039_22_ShІPEKKEROVA">
      <rel_text>неравенство</rel_text>
      <target>http://libmeta.ru/me/article/973_NERAVENSTV</target>
    </relation>
    <relation uri="http://libmeta.ru/me/relation/1039_23_ShІPEKKEROVA">
      <rel_text>функция</rel_text>
      <target>http://libmeta.ru/me/article/790_FUNKTO</target>
    </relation>
    <relation uri="http://libmeta.ru/me/relation/1039_24_ShІPEKKEROVA">
      <rel_text>последовательности</rel_text>
      <target>http://libmeta.ru/me/article/534_POSLEDOVATEL'NOST</target>
    </relation>
    <relation uri="http://libmeta.ru/me/relation/1039_25_ShІPEKKEROVA">
      <rel_text>Ii</rel_text>
      <target>http://libmeta.ru/me/article/370_II</target>
    </relation>
    <relation uri="http://libmeta.ru/me/relation/1039_26_ShІPEKKEROVA">
      <rel_text>сходящимся</rel_text>
      <target>http://libmeta.ru/me/article/333_SHODIMOST</target>
    </relation>
    <relation uri="http://libmeta.ru/me/relation/1039_27_ShІPEKKEROVA">
      <rel_text>числовой</rel_text>
      <target>http://libmeta.ru/me/article/1008_ChISLITEL</target>
    </relation>
    <relation uri="http://libmeta.ru/me/relation/1039_28_ShІPEKKEROVA">
      <rel_text>последовательность</rel_text>
      <target>http://libmeta.ru/me/article/534_POSLEDOVATEL'NOST</target>
    </relation>
    <relation uri="http://libmeta.ru/me/relation/1039_29_ShІPEKKEROVA">
      <rel_text>монотонная</rel_text>
      <target>http://libmeta.ru/me/article/779_MONOMORFIZ</target>
    </relation>
  </relations>
  <text>алгорифммическая, URI[[http://libmeta.ru/me/relation/1039_29_ShІPEKKEROVA]]/URI, ограниченная URI[[http://libmeta.ru/me/relation/1039_28_ShІPEKKEROVA]]/URI рациональных чисел, не являющаяся конструктивно (алгорифмически) фундаментальной. Соответственно, URI[[http://libmeta.ru/me/relation/1039_27_ShІPEKKEROVA]]/URI ряд с алгорифмически заданным неотрицательным рациональным общим членом и ограниченными в совокупности частичными суммами, не являющийся конструктивно URI[[http://libmeta.ru/me/relation/1039_26_ShІPEKKEROVA]]/URI в себе, наз. Iii URI[[http://libmeta.ru/me/relation/1039_25_ShІPEKKEROVA]]/URI е к к е р о в ы м р я д о м.

Первый пример такой URI[[http://libmeta.ru/me/relation/1039_24_ShІPEKKEROVA]]/URI (ряда) был указан Э. Шпеккером [1]. Более точно, для Ш. П. а невозможна общерекурсивная URI[[http://libmeta.ru/me/relation/1039_23_ShІPEKKEROVA]]/URI $URI[[http://libmeta.ru/me/formula/aux/1039_1_ShІPEKKEROVA]]/URI$ такая, что при любых $URI[[http://libmeta.ru/me/formula/aux/1039_2_ShІPEKKEROVA]]/URI$ таких, что $URI[[http://libmeta.ru/me/formula/aux/1039_3_ShІPEKKEROVA]]/URI$, выполняется URI[[http://libmeta.ru/me/relation/1039_22_ShІPEKKEROVA]]/URI

\[
URI[[http://libmeta.ru/me/formula/main/1039_1_ShІPEKKEROVA]]/URI
\]

Существование Iii. п. является URI[[http://libmeta.ru/me/relation/1039_21_ShІPEKKEROVA]]/URI принципиального значения как для конструктивной математикі, так и для традиционного математич. анализа. Поскольку Ш. п. не сходится ни к какому конструктивному (вычислимому) действительному числу и из нее нельзя выбрать подпоследовательности с этим свойством, то ее можно рассматривать в качестве URI[[http://libmeta.ru/me/relation/1039_20_ShІPEKKEROVA]]/URI, опровергающего для наиболее естественноиї URI[[http://libmeta.ru/me/relation/1039_19_ShІPEKKEROVA]]/URI. концепции конструктивного URI[[http://libmeta.ru/me/relation/1039_18_ShІPEKKEROVA]]/URI такие фундаментальные ıринципы, как URI[[http://libmeta.ru/me/relation/1039_17_ShІPEKKEROVA]]/URI Вейергтрасса о существовании URI[[http://libmeta.ru/me/relation/1039_16_ShІPEKKEROVA]]/URI URI[[http://libmeta.ru/me/relation/1039_15_ShІPEKKEROVA]]/URI ограниченной URI[[http://libmeta.ru/me/relation/1039_14_ShІPEKKEROVA]]/URI, URI[[http://libmeta.ru/me/relation/1039_13_ShІPEKKEROVA]]/URI Больцано - Bейерштрасса о URI[[http://libmeta.ru/me/relation/1039_12_ShІPEKKEROVA]]/URI URI[[http://libmeta.ru/me/relation/1039_11_ShІPEKKEROVA]]/URI подпоследовательности, URI[[http://libmeta.ru/me/relation/1039_10_ShІPEKKEROVA]]/URI о существовании точных URI[[http://libmeta.ru/me/relation/1039_9_ShІPEKKEROVA]]/URI ограниченных URI[[http://libmeta.ru/me/relation/1039_8_ShІPEKKEROVA]]/URI URI[[http://libmeta.ru/me/relation/1039_7_ShІPEKKEROVA]]/URI. С точки зрения традиционной математики URI[[http://libmeta.ru/me/relation/1039_6_ShІPEKKEROVA]]/URI Э. Шпеккера показывает, что URI[[http://libmeta.ru/me/relation/1039_5_ShІPEKKEROVA]]/URI, существование к-рых утверждается в уномянутых тео ремах, могут иметь довольно URI[[http://libmeta.ru/me/relation/1039_4_ShІPEKKEROVA]]/URI природу даже при очень простых исходных ситуациях. URI[[http://libmeta.ru/me/relation/1039_3_ShІPEKKEROVA]]/URI Шпеккера может рассматриваться как первый существенныї шаг в исследовании вычислительної и дескриптивної URI[[http://libmeta.ru/me/relation/1039_2_ShІPEKKEROVA]]/URI әтих объектов.

См. также Конструктивная матемапика, URI[[http://libmeta.ru/me/relation/1039_1_ShІPEKKEROVA]]/URI.</text>
  <text_orig>алгорифммическая, монотонная, ограниченная последовательность рациональных чисел, не являющаяся конструктивно (алгорифмически) фундаментальной. Соответственно, числовой ряд с алгорифмически заданным неотрицательным рациональным общим членом и ограниченными в совокупности частичными суммами, не являющийся конструктивно сходящимся в себе, наз. III II е к к е р о в ы м р я д о м.

Первый пример такой последовательности (ряда) был указан Э. Шпеккером [1]. Более точно, для Ш. П. а невозможна общерекурсивная функция $\beta$ такая, что при любых $i, j, n$ таких, что $i, j \geqslant \beta(n)$, выполняется неравенство

\[
|\alpha(i)-\alpha(j)|&lt;2^{-n} .
\]

Существование III. п. является фактом принципиального значения как для конструктивной математикі, так и для традиционного математич. анализа. Поскольку Ш. п. не сходится ни к какому конструктивному (вычислимому) действительному числу и из нее нельзя выбрать подпоследовательности с этим свойством, то ее можно рассматривать в качестве контрпримера, опровергающего для наиболее естественноиї алгорифмич. концепции конструктивного континуума такие фундаментальные ıринципы, как теорема Вейергтрасса о существовании предела монотонной ограниченной последовательности, теорема Больцано - Bейерштрасса о выборе сходящейся подпоследовательности, теорема о существовании точных границ ограниченных числовых множеств. С точки зрения традиционной математики результат Э. Шпеккера показывает, что объекты, существование к-рых утверждается в уномянутых тео ремах, могут иметь довольно сложную природу даже при очень простых исходных ситуациях. Теорема Шпеккера может рассматриваться как первый существенныї шаг в исследовании вычислительної и дескриптивної сложности әтих объектов.

См. также Конструктивная матемапика, Консıпрктивный анализ.

Jum.: [1] S p e c k e r E., «J. Symbol. Log.», 1949, v. 14, .p 145-58; [2] К у ш н е р Б. А., Јекции по когструктивному математическому анализу, М., $1973 . \quad$ Б. A. Куинер.</text_orig>
</article>
