<?xml version="1.0" ?>
<article uri="http://libmeta.ru/me/article/103_KRISTOFFELJa" alphabetic_pos="103">
  <title>КРИСТОФФЕЛЯ - ДАРБУ ФОРМУЛА</title>
  <authors/>
  <pages>
    <start>56</start>
    <end>57</end>
  </pages>
  <literature>
    <literature_orig/>
  </literature>
  <formulas_main>
    <formula uri="http://libmeta.ru/me/formula/main/103_1_KRISTOFFELJa">\begin{gathered}\sum_{k=0}^{n} P_{k}(x) P_{k}(t)= \\=\frac{\mu_{n}}{\mu_{n+1}} \frac{P_{n+1}(x) P_{n}(t)-P_{n}(x) P_{n+1}(t)}{x-t},\end{gathered}</formula>
  </formulas_main>
  <formulas_aux>
    <formula uri="http://libmeta.ru/me/formula/aux/103_1_KRISTOFFELJa">\left\{p_{n}(x)\right\}</formula>
    <formula uri="http://libmeta.ru/me/formula/aux/103_2_KRISTOFFELJa">d \sigma(x)</formula>
    <formula uri="http://libmeta.ru/me/formula/aux/103_3_KRISTOFFELJa">(a, b)</formula>
    <formula uri="http://libmeta.ru/me/formula/aux/103_4_KRISTOFFELJa">\mu_{n}</formula>
    <formula uri="http://libmeta.ru/me/formula/aux/103_5_KRISTOFFELJa">p_{n}(x)</formula>
    <formula uri="http://libmeta.ru/me/formula/aux/103_6_KRISTOFFELJa">\sigma(x)</formula>
  </formulas_aux>
  <relations n="11">
    <relation uri="http://libmeta.ru/me/relation/103_1_KRISTOFFELJa">
      <rel_text>Ортогональные многоилен</rel_text>
      <target>http://libmeta.ru/me/article/78_ORTOGONAL'NYE</target>
    </relation>
    <relation uri="http://libmeta.ru/me/relation/103_2_KRISTOFFELJa">
      <rel_text>статье</rel_text>
      <target>http://libmeta.ru/me/article/183_STATIK</target>
    </relation>
    <relation uri="http://libmeta.ru/me/relation/103_3_KRISTOFFELJa">
      <rel_text>формулу</rel_text>
      <target>http://libmeta.ru/me/article/741_FORMUL</target>
    </relation>
    <relation uri="http://libmeta.ru/me/relation/103_4_KRISTOFFELJa">
      <rel_text>распространил</rel_text>
      <target>http://libmeta.ru/me/article/950_RASPREDELENI</target>
    </relation>
    <relation uri="http://libmeta.ru/me/relation/103_5_KRISTOFFELJa">
      <rel_text>Лежандра многочленов</rel_text>
      <target>http://libmeta.ru/me/article/255_LEZhANDRA</target>
    </relation>
    <relation uri="http://libmeta.ru/me/relation/103_6_KRISTOFFELJa">
      <rel_text>функция</rel_text>
      <target>http://libmeta.ru/me/article/790_FUNKTO</target>
    </relation>
    <relation uri="http://libmeta.ru/me/relation/103_7_KRISTOFFELJa">
      <rel_text>ортогональным многочленам</rel_text>
      <target>http://libmeta.ru/me/article/78_ORTOGONAL'NYE</target>
    </relation>
    <relation uri="http://libmeta.ru/me/relation/103_8_KRISTOFFELJa">
      <rel_text>условий сходимости</rel_text>
      <target>http://libmeta.ru/me/article/616_USLOVNAJa</target>
    </relation>
    <relation uri="http://libmeta.ru/me/relation/103_9_KRISTOFFELJa">
      <rel_text>многочлена</rel_text>
      <target>http://libmeta.ru/me/article/727_MNOGOChLE</target>
    </relation>
    <relation uri="http://libmeta.ru/me/relation/103_10_KRISTOFFELJa">
      <rel_text>коэффициент</rel_text>
      <target>http://libmeta.ru/me/article/64_KOEFFITsIEN</target>
    </relation>
    <relation uri="http://libmeta.ru/me/relation/103_11_KRISTOFFELJa">
      <rel_text>формула</rel_text>
      <target>http://libmeta.ru/me/article/741_FORMUL</target>
    </relation>
  </relations>
  <text>для многочленов $URI[[http://libmeta.ru/me/formula/aux/103_1_KRISTOFFELJa]]/URI$, ортонормированных с интегральным ве- coм $URI[[http://libmeta.ru/me/formula/aux/103_2_KRISTOFFELJa]]/URI$ на некотором интервале $URI[[http://libmeta.ru/me/formula/aux/103_3_KRISTOFFELJa]]/URI$, , URI[[http://libmeta.ru/me/relation/103_11_KRISTOFFELJa]]/URI вида

\[
URI[[http://libmeta.ru/me/formula/main/103_1_KRISTOFFELJa]]/URI
\]

где $URI[[http://libmeta.ru/me/formula/aux/103_4_KRISTOFFELJa]]/URI$ - старший URI[[http://libmeta.ru/me/relation/103_10_KRISTOFFELJa]]/URI URI[[http://libmeta.ru/me/relation/103_9_KRISTOFFELJa]]/URI $URI[[http://libmeta.ru/me/formula/aux/103_5_KRISTOFFELJa]]/URI$. К. - Д. Ф. применяется при исследовании URI[[http://libmeta.ru/me/relation/103_8_KRISTOFFELJa]]/URI рядов Фурье по URI[[http://libmeta.ru/me/relation/103_7_KRISTOFFELJa]]/URI в отдельной точке. К.- Д. ф. в случае, когда $URI[[http://libmeta.ru/me/formula/aux/103_6_KRISTOFFELJa]]/URI$ ступенчатая URI[[http://libmeta.ru/me/relation/103_6_KRISTOFFELJa]]/URI, была опубликована П. Л. Чебышевым в 1855 (см. [1]). Затем Э. Кристоффель [2] установил ее для URI[[http://libmeta.ru/me/relation/103_5_KRISTOFFELJa]]/URI, а Г. Дарбу [3] URI[[http://libmeta.ru/me/relation/103_4_KRISTOFFELJa]]/URI эту URI[[http://libmeta.ru/me/relation/103_3_KRISTOFFELJa]]/URI на общий случай произвольного веса.

Л7um.: [1] ч е б ы ш е в П. Л., Полн. собр. coч., т. 2, M., 1947, c. 103-106; [2] C h r is t o f e e l E. B., «j. reine und «j. math. pures et appl.», 1878, sér. 3, t. 4, p. 5-56, 377-416. См. также лит. при URI[[http://libmeta.ru/me/relation/103_2_KRISTOFFELJa]]/URI URI[[http://libmeta.ru/me/relation/103_1_KRISTOFFELJa]]/URI.</text>
  <text_orig>для многочленов $\left\{P_{n}(x)\right\}$, ортонормированных с интегральным ве- coм $d \sigma(x)$ на некотором интервале $(a, b)$, , формула вида

\[
\begin{gathered}
\sum_{k=0}^{n} P_{k}(x) P_{k}(t)= \\
=\frac{\mu_{n}}{\mu_{n+1}} \frac{P_{n+1}(x) P_{n}(t)-P_{n}(x) P_{n+1}(t)}{x-t},
\end{gathered}
\]

где $\mu_{n}$ - старший коэффициент многочлена $P_{n}(x)$. К. - Д. Ф. применяется при исследовании условий сходимости рядов Фурье по ортогональным многочленам в отдельной точке. К.- Д. ф. в случае, когда $\sigma(x)$ ступенчатая функция, была опубликована П. Л. Чебышевым в 1855 (см. [1]). Затем Э. Кристоффель [2] установил ее для Лежандра многочленов, а Г. Дарбу [3] распространил эту формулу на общий случай произвольного веса.

Л7um.: [1] ч е б ы ш е в П. Л., Полн. собр. coч., т. 2, M., 1947, c. 103-106; [2] C h r is t o f e e l E. B., «J. reine und «J. math. pures et appl.», 1878, sér. 3, t. 4, p. 5-56, 377-416. См. также лит. при статье Ортогональные многоилен.</text_orig>
</article>
