<?xml version="1.0" ?>
<article uri="http://libmeta.ru/me/article/103_SPARIVANI" alphabetic_pos="103">
  <title>СПАРИВАНИЕ</title>
  <authors/>
  <pages>
    <start>50</start>
    <end>50</end>
  </pages>
  <literature>
    <literature_orig/>
  </literature>
  <formulas_main/>
  <formulas_aux>
    <formula uri="http://libmeta.ru/me/formula/aux/103_1_SPARIVANI">x \times Y \rightarrow Z</formula>
    <formula uri="http://libmeta.ru/me/formula/aux/103_2_SPARIVANI">x</formula>
    <formula uri="http://libmeta.ru/me/formula/aux/103_3_SPARIVANI">y</formula>
    <formula uri="http://libmeta.ru/me/formula/aux/103_4_SPARIVANI">z</formula>
  </formulas_aux>
  <relations n="15">
    <relation uri="http://libmeta.ru/me/relation/103_1_SPARIVANI">
      <rel_text>функциональном анализе</rel_text>
      <target>http://libmeta.ru/me/article/804_FUNKІIONAL'NBІI</target>
    </relation>
    <relation uri="http://libmeta.ru/me/relation/103_2_SPARIVANI">
      <rel_text>алгебре</rel_text>
      <target>http://libmeta.ru/me/article/93_ALGEBR</target>
    </relation>
    <relation uri="http://libmeta.ru/me/relation/103_3_SPARIVANI">
      <rel_text>теорем</rel_text>
      <target>http://libmeta.ru/me/article/381_TEORI</target>
    </relation>
    <relation uri="http://libmeta.ru/me/relation/103_4_SPARIVANI">
      <rel_text>отображения</rel_text>
      <target>http://libmeta.ru/me/article/128_OTOBRAZhENI</target>
    </relation>
    <relation uri="http://libmeta.ru/me/relation/103_5_SPARIVANI">
      <rel_text>получаемого</rel_text>
      <target>http://libmeta.ru/me/article/457_POLUGRUPP</target>
    </relation>
    <relation uri="http://libmeta.ru/me/relation/103_6_SPARIVANI">
      <rel_text>непрерывных отображений</rel_text>
      <target>http://libmeta.ru/me/article/949_NEPRERYVNOE</target>
    </relation>
    <relation uri="http://libmeta.ru/me/relation/103_7_SPARIVANI">
      <rel_text>функций</rel_text>
      <target>http://libmeta.ru/me/article/790_FUNKTO</target>
    </relation>
    <relation uri="http://libmeta.ru/me/relation/103_8_SPARIVANI">
      <rel_text>множество</rel_text>
      <target>http://libmeta.ru/me/article/733_MNOZhESTV</target>
    </relation>
    <relation uri="http://libmeta.ru/me/relation/103_9_SPARIVANI">
      <rel_text>множества</rel_text>
      <target>http://libmeta.ru/me/article/733_MNOZhESTV</target>
    </relation>
    <relation uri="http://libmeta.ru/me/relation/103_10_SPARIVANI">
      <rel_text>отображение</rel_text>
      <target>http://libmeta.ru/me/article/128_OTOBRAZhENI</target>
    </relation>
    <relation uri="http://libmeta.ru/me/relation/103_11_SPARIVANI">
      <rel_text>непрерывности</rel_text>
      <target>http://libmeta.ru/me/article/957_NEPRERYVNOST</target>
    </relation>
    <relation uri="http://libmeta.ru/me/relation/103_12_SPARIVANI">
      <rel_text>отображение</rel_text>
      <target>http://libmeta.ru/me/article/128_OTOBRAZhENI</target>
    </relation>
    <relation uri="http://libmeta.ru/me/relation/103_13_SPARIVANI">
      <rel_text>множеств</rel_text>
      <target>http://libmeta.ru/me/article/733_MNOZhESTV</target>
    </relation>
    <relation uri="http://libmeta.ru/me/relation/103_14_SPARIVANI">
      <rel_text>декартовом произведении</rel_text>
      <target>http://libmeta.ru/me/article/91_DEKARTOVO</target>
    </relation>
    <relation uri="http://libmeta.ru/me/relation/103_15_SPARIVANI">
      <rel_text>отображение</rel_text>
      <target>http://libmeta.ru/me/article/128_OTOBRAZhENI</target>
    </relation>
  </relations>
  <text>URI[[http://libmeta.ru/me/relation/103_15_SPARIVANI]]/URI, заданное на URI[[http://libmeta.ru/me/relation/103_14_SPARIVANI]]/URI двух URI[[http://libmeta.ru/me/relation/103_13_SPARIVANI]]/URI; в зависимости от конкретных условий на это URI[[http://libmeta.ru/me/relation/103_12_SPARIVANI]]/URI накладываются требования билинейности, URI[[http://libmeta.ru/me/relation/103_11_SPARIVANI]]/URI и др. C. $URI[[http://libmeta.ru/me/formula/aux/103_1_SPARIVANI]]/URI$ определяет URI[[http://libmeta.ru/me/relation/103_10_SPARIVANI]]/URI URI[[http://libmeta.ru/me/relation/103_9_SPARIVANI]]/URI $URI[[http://libmeta.ru/me/formula/aux/103_2_SPARIVANI]]/URI$ во URI[[http://libmeta.ru/me/relation/103_8_SPARIVANI]]/URI URI[[http://libmeta.ru/me/relation/103_7_SPARIVANI]]/URI, действующих из $URI[[http://libmeta.ru/me/formula/aux/103_3_SPARIVANI]]/URI$ в $URI[[http://libmeta.ru/me/formula/aux/103_4_SPARIVANI]]/URI$ (или в нек-рое его подмножество, составленное, напр., из гомоморфизмов, URI[[http://libmeta.ru/me/relation/103_6_SPARIVANI]]/URI и т. д.). Утверждения о свойствах так URI[[http://libmeta.ru/me/relation/103_5_SPARIVANI]]/URI URI[[http://libmeta.ru/me/relation/103_4_SPARIVANI]]/URI составляют суть различных URI[[http://libmeta.ru/me/relation/103_3_SPARIVANI]]/URI двойственности в URI[[http://libmeta.ru/me/relation/103_2_SPARIVANI]]/URI, топологии и URI[[http://libmeta.ru/me/relation/103_1_SPARIVANI]]/URI.</text>
  <text_orig>отображение, заданное на декартовом произведении двух множеств; в зависимости от конкретных условий на это отображение накладываются требования билинейности, непрерывности и др. C. $X \times Y \rightarrow Z$ определяет отображение множества $X$ во множество функций, действующих из $Y$ в $Z$ (или в нек-рое его подмножество, составленное, напр., из гомоморфизмов, непрерывных отображений и т. д.). Утверждения о свойствах так получаемого отображения составляют суть различных теорем двойственности в алгебре, топологии и функциональном анализе.</text_orig>
</article>
