<?xml version="1.0" ?>
<article uri="http://libmeta.ru/me/article/103_OSTsILLIRUJuSchEE" alphabetic_pos="103">
  <title>ОСЦИЛЛИРУЮЩЕЕ РЕШІЕНИЕ</title>
  <authors/>
  <pages>
    <start>70</start>
    <end>70</end>
  </pages>
  <literature>
    <literature_orig/>
  </literature>
  <formulas_main/>
  <formulas_aux/>
  <relations n="2">
    <relation uri="http://libmeta.ru/me/relation/103_1_OSTsILLIRUJuSchEE">
      <rel_text>уравнения</rel_text>
      <target>http://libmeta.ru/me/article/106_URAVNENI</target>
    </relation>
    <relation uri="http://libmeta.ru/me/relation/103_2_OSTsILLIRUJuSchEE">
      <rel_text>диффференциального</rel_text>
      <target>http://libmeta.ru/me/article/302_DIFFERENTsIROVANI</target>
    </relation>
  </relations>
  <text>то Же, что колеблющееся решение обыкновенного URI[[http://libmeta.ru/me/relation/103_2_OSTsILLIRUJuSchEE]]/URI URI[[http://libmeta.ru/me/relation/103_1_OSTsILLIRUJuSchEE]]/URI.</text>
  <text_orig>то Же, что колеблющееся решение обыкновенного диффференциального уравнения.</text_orig>
</article>
