<?xml version="1.0" ?>
<article uri="http://libmeta.ru/me/article/103_ALGEBRAIChESKAJa" alphabetic_pos="103">
  <title>АЛГЕБРАИЧЕСКАЯ АЛГЕБРА</title>
  <authors>
    <author>В. Н. Латышев</author>
  </authors>
  <pages>
    <start>68</start>
    <end>68</end>
  </pages>
  <literature>
    <literature_orig>Лит.: [1] Д ж е к о б с о н Н., Строение колец, пер. с англ., м., 1961; [2] X e p с т е й н й., Некоммутативные кольца, пер. с англ., М., 1972.</literature_orig>
    <unit>
      <author>Джекобсон Н.</author>
      <title>Строение колец</title>
      <publication>пер. с англ., м.</publication>
      <year>1961</year>
      <other/>
    </unit>
    <unit>
      <title>X e p с т е й н й., Некоммутативные кольца</title>
      <publication>пер. с англ., М.</publication>
      <year>1972</year>
      <other/>
    </unit>
  </literature>
  <formulas_main/>
  <formulas_aux>
    <formula uri="http://libmeta.ru/me/formula/aux/103_1_ALGEBRAIChESKAJa">a</formula>
    <formula uri="http://libmeta.ru/me/formula/aux/103_2_ALGEBRAIChESKAJa">f</formula>
    <formula uri="http://libmeta.ru/me/formula/aux/103_3_ALGEBRAIChESKAJa">a \in A</formula>
    <formula uri="http://libmeta.ru/me/formula/aux/103_4_ALGEBRAIChESKAJa">f[a]</formula>
    <formula uri="http://libmeta.ru/me/formula/aux/103_5_ALGEBRAIChESKAJa">a</formula>
    <formula uri="http://libmeta.ru/me/formula/aux/103_6_ALGEBRAIChESKAJa">f</formula>
    <formula uri="http://libmeta.ru/me/formula/aux/103_7_ALGEBRAIChESKAJa">a</formula>
    <formula uri="http://libmeta.ru/me/formula/aux/103_8_ALGEBRAIChESKAJa">a</formula>
    <formula uri="http://libmeta.ru/me/formula/aux/103_9_ALGEBRAIChESKAJa">a</formula>
    <formula uri="http://libmeta.ru/me/formula/aux/103_10_ALGEBRAIChESKAJa">a</formula>
  </formulas_aux>
  <relations n="20">
    <relation uri="http://libmeta.ru/me/relation/103_1_ALGEBRAIChESKAJa">
      <rel_text>тензорное произведение</rel_text>
      <target>http://libmeta.ru/me/article/376_TENZORNOE</target>
    </relation>
    <relation uri="http://libmeta.ru/me/relation/103_2_ALGEBRAIChESKAJa">
      <rel_text>полученная</rel_text>
      <target>http://libmeta.ru/me/article/457_POLUGRUPP</target>
    </relation>
    <relation uri="http://libmeta.ru/me/relation/103_3_ALGEBRAIChESKAJa">
      <rel_text>алгебпа</rel_text>
      <target>http://libmeta.ru/me/article/93_ALGEBR</target>
    </relation>
    <relation uri="http://libmeta.ru/me/relation/103_4_ALGEBRAIChESKAJa">
      <rel_text>поле</rel_text>
      <target>http://libmeta.ru/me/article/390_POL</target>
    </relation>
    <relation uri="http://libmeta.ru/me/relation/103_5_ALGEBRAIChESKAJa">
      <rel_text>степени</rel_text>
      <target>http://libmeta.ru/me/article/213_STEPEN</target>
    </relation>
    <relation uri="http://libmeta.ru/me/relation/103_6_ALGEBRAIChESKAJa">
      <rel_text>коммутативность</rel_text>
      <target>http://libmeta.ru/me/article/997_KOMMUTATIVNOST</target>
    </relation>
    <relation uri="http://libmeta.ru/me/relation/103_7_ALGEBRAIChESKAJa">
      <rel_text>нильпотентых</rel_text>
      <target>http://libmeta.ru/me/article/1024_NIL'ALGEBR</target>
    </relation>
    <relation uri="http://libmeta.ru/me/relation/103_8_ALGEBRAIChESKAJa">
      <rel_text>матриц</rel_text>
      <target>http://libmeta.ru/me/article/600_MATRITs</target>
    </relation>
    <relation uri="http://libmeta.ru/me/relation/103_9_ALGEBRAIChESKAJa">
      <rel_text>кольцу</rel_text>
      <target>http://libmeta.ru/me/article/1000_KOL'Ts</target>
    </relation>
    <relation uri="http://libmeta.ru/me/relation/103_10_ALGEBRAIChESKAJa">
      <rel_text>степени</rel_text>
      <target>http://libmeta.ru/me/article/213_STEPEN</target>
    </relation>
    <relation uri="http://libmeta.ru/me/relation/103_11_ALGEBRAIChESKAJa">
      <rel_text>векторного пространства</rel_text>
      <target>http://libmeta.ru/me/article/657_VEKTORNOE</target>
    </relation>
    <relation uri="http://libmeta.ru/me/relation/103_12_ALGEBRAIChESKAJa">
      <rel_text>линейных преобразований</rel_text>
      <target>http://libmeta.ru/me/article/362_LINEINOE</target>
    </relation>
    <relation uri="http://libmeta.ru/me/relation/103_13_ALGEBRAIChESKAJa">
      <rel_text>алгебре</rel_text>
      <target>http://libmeta.ru/me/article/93_ALGEBR</target>
    </relation>
    <relation uri="http://libmeta.ru/me/relation/103_14_ALGEBRAIChESKAJa">
      <rel_text>нильидеалом</rel_text>
      <target>http://libmeta.ru/me/article/1024_NIL'ALGEBR</target>
    </relation>
    <relation uri="http://libmeta.ru/me/relation/103_15_ALGEBRAIChESKAJa">
      <rel_text>Джекобсона радикал</rel_text>
      <target>http://libmeta.ru/me/article/137_DZhEKOBSONA</target>
    </relation>
    <relation uri="http://libmeta.ru/me/relation/103_16_ALGEBRAIChESKAJa">
      <rel_text>предполагаются</rel_text>
      <target>http://libmeta.ru/me/article/3_PREDSTAVLENI</target>
    </relation>
    <relation uri="http://libmeta.ru/me/relation/103_17_ALGEBRAIChESKAJa">
      <rel_text>алгебры</rel_text>
      <target>http://libmeta.ru/me/article/93_ALGEBR</target>
    </relation>
    <relation uri="http://libmeta.ru/me/relation/103_18_ALGEBRAIChESKAJa">
      <rel_text>счетным множеством</rel_text>
      <target>http://libmeta.ru/me/article/347_SChETNOE</target>
    </relation>
    <relation uri="http://libmeta.ru/me/relation/103_19_ALGEBRAIChESKAJa">
      <rel_text>нильалгебры</rel_text>
      <target>http://libmeta.ru/me/article/1024_NIL'ALGEBR</target>
    </relation>
    <relation uri="http://libmeta.ru/me/relation/103_20_ALGEBRAIChESKAJa">
      <rel_text>алгебры</rel_text>
      <target>http://libmeta.ru/me/article/93_ALGEBR</target>
    </relation>
  </relations>
  <text>алгебра $URI[[http://libmeta.ru/me/formula/aux/103_1_ALGEBRAIChESKAJa]]/URI$ с ассоциативными степенями (в частности, ассоциативная) над полем $URI[[http://libmeta.ru/me/formula/aux/103_2_ALGEBRAIChESKAJa]]/URI$, все әлементы к-рой являются алгебраическими (элемент $URI[[http://libmeta.ru/me/formula/aux/103_3_ALGEBRAIChESKAJa]]/URI$ наз. а л г е б р а и ч е с и и м, если порожденная им подалгебра $URI[[http://libmeta.ru/me/formula/aux/103_4_ALGEBRAIChESKAJa]]/URI$ конечномерна, или, что равносильно, элемент $URI[[http://libmeta.ru/me/formula/aux/103_5_ALGEBRAIChESKAJa]]/URI$ обладает аннулирующим многочленом с коэффициентами из основного поля $URI[[http://libmeta.ru/me/formula/aux/103_6_ALGEBRAIChESKAJa]]/URI$ ). Алгебра $URI[[http://libmeta.ru/me/formula/aux/103_7_ALGEBRAIChESKAJa]]/URI$ наз. А. а. о г р а н и ч е н но й с т еп е н и, если она алгебраическая и степени минимальных аннулирующих многочленов ее элементов ограничены в совокупности. Подалгебра и гомоморфный образ А. а. (ограниченной степени) являются А. а. (ограниченной степени).

П р и м е р ы А. а.: локально конечные URI[[http://libmeta.ru/me/relation/103_20_ALGEBRAIChESKAJa]]/URI (в частности, конечномерные), URI[[http://libmeta.ru/me/relation/103_19_ALGEBRAIChESKAJa]]/URI, ассоциативные тела со URI[[http://libmeta.ru/me/relation/103_18_ALGEBRAIChESKAJa]]/URI образующих над несчетным полем.

Рассматриваемые ниже URI[[http://libmeta.ru/me/relation/103_17_ALGEBRAIChESKAJa]]/URI URI[[http://libmeta.ru/me/relation/103_16_ALGEBRAIChESKAJa]]/URI ассоциативными. URI[[http://libmeta.ru/me/relation/103_15_ALGEBRAIChESKAJa]]/URI А. а. является URI[[http://libmeta.ru/me/relation/103_14_ALGEBRAIChESKAJa]]/URI. Примитивная А. а. $URI[[http://libmeta.ru/me/formula/aux/103_8_ALGEBRAIChESKAJa]]/URI$ изоморфна плотной URI[[http://libmeta.ru/me/relation/103_13_ALGEBRAIChESKAJa]]/URI URI[[http://libmeta.ru/me/relation/103_12_ALGEBRAIChESKAJa]]/URI URI[[http://libmeta.ru/me/relation/103_11_ALGEBRAIChESKAJa]]/URI над телом, если при этом $URI[[http://libmeta.ru/me/formula/aux/103_9_ALGEBRAIChESKAJa]]/URI$ ограниченной URI[[http://libmeta.ru/me/relation/103_10_ALGEBRAIChESKAJa]]/URI, то $URI[[http://libmeta.ru/me/formula/aux/103_10_ALGEBRAIChESKAJa]]/URI$ изоморфна URI[[http://libmeta.ru/me/relation/103_9_ALGEBRAIChESKAJa]]/URI URI[[http://libmeta.ru/me/relation/103_8_ALGEBRAIChESKAJa]]/URI над телом. А. а. без ненулевых URI[[http://libmeta.ru/me/relation/103_7_ALGEBRAIChESKAJa]]/URI элементов (в частности, тело) над конечным полем коммутативна. Отсюда следует URI[[http://libmeta.ru/me/relation/103_6_ALGEBRAIChESKAJa]]/URI конечных тел. А. а. ограниченной URI[[http://libmeta.ru/me/relation/103_5_ALGEBRAIChESKAJa]]/URI удовлетворяет полиномиальному тождеству (рi-алгебра). Алгебраическая Рi-алгебра локально конечна. Если основное URI[[http://libmeta.ru/me/relation/103_4_ALGEBRAIChESKAJa]]/URI несчетно, то URI[[http://libmeta.ru/me/relation/103_3_ALGEBRAIChESKAJa]]/URI, URI[[http://libmeta.ru/me/relation/103_2_ALGEBRAIChESKAJa]]/URI из А. а. расширением основного поля, а также URI[[http://libmeta.ru/me/relation/103_1_ALGEBRAIChESKAJa]]/URI А. а., суть А. а.</text>
  <text_orig>алгебра $A$ с ассоциативными степенями (в частности, ассоциативная) над полем $F$, все әлементы к-рой являются алгебраическими (элемент $a \in A$ наз. а л г е б р а и ч е с и и м, если порожденная им подалгебра $F[a]$ конечномерна, или, что равносильно, элемент $a$ обладает аннулирующим многочленом с коэффициентами из основного поля $F$ ). Алгебра $A$ наз. А. а. о г р а н и ч е н но й с т еп е н и, если она алгебраическая и степени минимальных аннулирующих многочленов ее элементов ограничены в совокупности. Подалгебра и гомоморфный образ А. а. (ограниченной степени) являются А. а. (ограниченной степени).

П р и м е р ы А. а.: локально конечные алгебры (в частности, конечномерные), нильалгебры, ассоциативные тела со счетным множеством образующих над несчетным полем.

Рассматриваемые ниже алгебры предполагаются ассоциативными. Джекобсона радикал А. а. является нильидеалом. Примитивная А. а. $A$ изоморфна плотной алгебре линейных преобразований векторного пространства над телом, если при этом $A$ ограниченной степени, то $A$ изоморфна кольцу матриц над телом. А. а. без ненулевых нильпотентых элементов (в частности, тело) над конечным полем коммутативна. Отсюда следует коммутативность конечных тел. А. а. ограниченной степени удовлетворяет полиномиальному тождеству (РI-алгебра). Алгебраическая РI-алгебра локально конечна. Если основное поле несчетно, то алгебпа, полученная из А. а. расширением основного поля, а также тензорное произведение А. а., суть А. а.

Лит.: [1] Д ж е к о б с о н Н., Строение колец, пер. с англ., м., 1961; [2] X e p с т е й н й., Некоммутативные кольца, пер. с англ., М., 1972. В. Н. Латышев.</text_orig>
</article>
