<?xml version="1.0" ?>
<article uri="http://libmeta.ru/me/article/1040_GIL'BERTA" alphabetic_pos="1040">
  <title>ГИЛЬБЕРТА - ІІМИДА НОРМА</title>
  <authors/>
  <pages>
    <start>489</start>
    <end>490</end>
  </pages>
  <literature>
    <literature_orig>Лит.: [1] Д а нфо о д Н., Ш в а р ц Д ж., Линейные операторы, ч. 2, пер. с англ., М., 1966; [2] Ге л ь ф а н д И. М., ан ализа. Оснащенные гильбертовы пространства, М., 1961 .</literature_orig>
    <unit>
      <author>Данфоод Н.</author>
      <title>Ш в а р ц Д ж., Линейные операторы, ч. 2</title>
      <publication>пер. с англ., М.</publication>
      <year>1966</year>
      <other/>
    </unit>
    <unit>
      <author>Гельфанд И. М.</author>
      <title>ан ализа. Оснащенные гильбертовы пространства</title>
      <publication>М.</publication>
      <year>1961</year>
      <other/>
    </unit>
  </literature>
  <formulas_main/>
  <formulas_aux>
    <formula uri="http://libmeta.ru/me/formula/aux/1040_1_GIL'BERTA">t</formula>
    <formula uri="http://libmeta.ru/me/formula/aux/1040_2_GIL'BERTA">h</formula>
    <formula uri="http://libmeta.ru/me/formula/aux/1040_3_GIL'BERTA">h_{1}</formula>
    <formula uri="http://libmeta.ru/me/formula/aux/1040_4_GIL'BERTA">|t|=\left(\sum_{\alpha \in A}\left\|T e_{\alpha}\right\|^{2}\right)^{1 / 2}</formula>
    <formula uri="http://libmeta.ru/me/formula/aux/1040_5_GIL'BERTA">\left\{e_{\alpha}, \alpha \in A\right\}-</formula>
    <formula uri="http://libmeta.ru/me/formula/aux/1040_6_GIL'BERTA">h</formula>
    <formula uri="http://libmeta.ru/me/formula/aux/1040_7_GIL'BERTA">\|t\| \leqslant|T|,|T|=\left|T^{*}\right|,\left|T_{1} T_{2}\right| \leqslant\left\|T_{1}\right\| \quad\left|T_{2}\right| ; \quad\|T\|-</formula>
    <formula uri="http://libmeta.ru/me/formula/aux/1040_8_GIL'BERTA">t</formula>
    <formula uri="http://libmeta.ru/me/formula/aux/1040_9_GIL'BERTA">h_{1}=h</formula>
    <formula uri="http://libmeta.ru/me/formula/aux/1040_10_GIL'BERTA">\quad|t|=\left\{\sum_{\alpha, \beta \in A}\left|\left(T e_{\alpha}, e_{\beta}\right)\right|^{2}\right\}^{1 / 2}</formula>
  </formulas_aux>
  <relations n="10">
    <relation uri="http://libmeta.ru/me/relation/1040_1_GIL'BERTA">
      <rel_text>пространстве</rel_text>
      <target>http://libmeta.ru/me/article/748_PROSTRANSTV</target>
    </relation>
    <relation uri="http://libmeta.ru/me/relation/1040_2_GIL'BERTA">
      <rel_text>оператора</rel_text>
      <target>http://libmeta.ru/me/article/17_OPERATO</target>
    </relation>
    <relation uri="http://libmeta.ru/me/relation/1040_3_GIL'BERTA">
      <rel_text>норма</rel_text>
      <target>http://libmeta.ru/me/article/1044_NORM</target>
    </relation>
    <relation uri="http://libmeta.ru/me/relation/1040_4_GIL'BERTA">
      <rel_text>выбора</rel_text>
      <target>http://libmeta.ru/me/article/822_VYBORK</target>
    </relation>
    <relation uri="http://libmeta.ru/me/relation/1040_5_GIL'BERTA">
      <rel_text>аксиомам</rel_text>
      <target>http://libmeta.ru/me/article/87_AKSIoM</target>
    </relation>
    <relation uri="http://libmeta.ru/me/relation/1040_6_GIL'BERTA">
      <rel_text>вид</rel_text>
      <target>http://libmeta.ru/me/article/708_VI</target>
    </relation>
    <relation uri="http://libmeta.ru/me/relation/1040_7_GIL'BERTA">
      <rel_text>гильбертово пространство</rel_text>
      <target>http://libmeta.ru/me/article/88_OSNASchENNOE</target>
    </relation>
    <relation uri="http://libmeta.ru/me/relation/1040_8_GIL'BERTA">
      <rel_text>гильбертова пространства</rel_text>
      <target>http://libmeta.ru/me/article/88_OSNASchENNOE</target>
    </relation>
    <relation uri="http://libmeta.ru/me/relation/1040_9_GIL'BERTA">
      <rel_text>линейного оператора</rel_text>
      <target>http://libmeta.ru/me/article/372_LINEJNYJ</target>
    </relation>
    <relation uri="http://libmeta.ru/me/relation/1040_10_GIL'BERTA">
      <rel_text>норма</rel_text>
      <target>http://libmeta.ru/me/article/1044_NORM</target>
    </relation>
  </relations>
  <text>URI[[http://libmeta.ru/me/relation/1040_10_GIL'BERTA]]/URI URI[[http://libmeta.ru/me/relation/1040_9_GIL'BERTA]]/URI $URI[[http://libmeta.ru/me/formula/aux/1040_1_GIL'BERTA]]/URI$, действующего из URI[[http://libmeta.ru/me/relation/1040_8_GIL'BERTA]]/URI $URI[[http://libmeta.ru/me/formula/aux/1040_2_GIL'BERTA]]/URI$ в URI[[http://libmeta.ru/me/relation/1040_7_GIL'BERTA]]/URI $URI[[http://libmeta.ru/me/formula/aux/1040_3_GIL'BERTA]]/URI$, имеющая URI[[http://libmeta.ru/me/relation/1040_6_GIL'BERTA]]/URI $URI[[http://libmeta.ru/me/formula/aux/1040_4_GIL'BERTA]]/URI$, где $URI[[http://libmeta.ru/me/formula/aux/1040_5_GIL'BERTA]]/URI$ ортонормированный базис в $URI[[http://libmeta.ru/me/formula/aux/1040_6_GIL'BERTA]]/URI$. Г. - Ш. н. удовлетворяет всем URI[[http://libmeta.ru/me/relation/1040_5_GIL'BERTA]]/URI нормы и не зависит от URI[[http://libmeta.ru/me/relation/1040_4_GIL'BERTA]]/URI базиса; ее свойства: $URI[[http://libmeta.ru/me/formula/aux/1040_7_GIL'BERTA]]/URI$ URI[[http://libmeta.ru/me/relation/1040_3_GIL'BERTA]]/URI URI[[http://libmeta.ru/me/relation/1040_2_GIL'BERTA]]/URI $URI[[http://libmeta.ru/me/formula/aux/1040_8_GIL'BERTA]]/URI$ в гильбертовом URI[[http://libmeta.ru/me/relation/1040_1_GIL'BERTA]]/URI; если $URI[[http://libmeta.ru/me/formula/aux/1040_9_GIL'BERTA]]/URI$, то $URI[[http://libmeta.ru/me/formula/aux/1040_10_GIL'BERTA]]/URI$.</text>
  <text_orig>норма линейного оператора $T$, действующего из гильбертова пространства $H$ в гильбертово пространство $H_{1}$, имеющая вид $|T|=\left(\sum_{\alpha \in A}\left\|T e_{\alpha}\right\|^{2}\right)^{1 / 2}$, где $\left\{e_{\alpha}, \alpha \in A\right\}-$ ортонормированный базис в $H$. Г. - Ш. н. удовлетворяет всем аксиомам нормы и не зависит от выбора базиса; ее свойства: $\|T\| \leqslant|T|,|T|=\left|T^{*}\right|,\left|T_{1} T_{2}\right| \leqslant\left\|T_{1}\right\| \quad\left|T_{2}\right| ; \quad\|T\|-$ норма оператора $T$ в гильбертовом пространстве; если $H_{1}=H$, то $\quad|T|=\left\{\sum_{\alpha, \beta \in A}\left|\left(T e_{\alpha}, e_{\beta}\right)\right|^{2}\right\}^{1 / 2}$.

Лит.: [1] Д а нфо о д Н., Ш в а р ц Д ж., Линейные операторы, ч. 2, пер. с англ., М., 1966; [2] Ге л ь ф а н д И. М., ан ализа. Оснащенные гильбертовы пространства, М., 1961 .</text_orig>
</article>
