<?xml version="1.0" ?>
<article uri="http://libmeta.ru/me/article/1040_IIIIEPHERA" alphabetic_pos="1040">
  <title>IIIIEPHЕРА ЛЕММА:</title>
  <authors/>
  <pages>
    <start>449</start>
    <end>450</end>
  </pages>
  <literature>
    <literature_orig>Jum.: [1] S per n e r E., &quot;abh. Math. Sem. Hamb.», 1928, Bd 6, S. 265-7:; [2] А лг е к с а н д р о в П. С., П а с ы нғ о в Б. А., Введение в теорию размерности..., М., 1973.й. Г. Кочиевникова.</literature_orig>
    <unit>
      <author>Sperner E.</author>
      <title>&quot;abh. Math. Sem. Hamb.»</title>
      <publication/>
      <year>1928</year>
      <other>Bd 6, S. 265-7:</other>
    </unit>
    <unit>
      <author>Алгександров П. С.</author>
      <author>Пасынғов Б. А.</author>
      <title>Введение в теорию размерности...</title>
      <publication>М.</publication>
      <year>1973</year>
      <other/>
    </unit>
  </literature>
  <formulas_main/>
  <formulas_aux>
    <formula uri="http://libmeta.ru/me/formula/aux/1040_1_IIIIEPHERA">n</formula>
    <formula uri="http://libmeta.ru/me/formula/aux/1040_2_IIIIEPHERA">t^{n}</formula>
    <formula uri="http://libmeta.ru/me/formula/aux/1040_3_IIIIEPHERA">n+1</formula>
    <formula uri="http://libmeta.ru/me/formula/aux/1040_4_IIIIEPHERA">a_{0}, A_{1}, \ldots, A_{n}</formula>
    <formula uri="http://libmeta.ru/me/formula/aux/1040_5_IIIIEPHERA">a_{0}, a_{1}, \ldots, a_{n}</formula>
    <formula uri="http://libmeta.ru/me/formula/aux/1040_6_IIIIEPHERA">t^{n}</formula>
    <formula uri="http://libmeta.ru/me/formula/aux/1040_7_IIIIEPHERA">t_{r}=\left(a_{i_{0}}, \ldots, a_{i_{r}}\right)</formula>
    <formula uri="http://libmeta.ru/me/formula/aux/1040_8_IIIIEPHERA">a_{i_{0}}, \ldots, A_{i_{r}}</formula>
    <formula uri="http://libmeta.ru/me/formula/aux/1040_9_IIIIEPHERA">a_{0}, A_{1}, \ldots, A_{n}</formula>
    <formula uri="http://libmeta.ru/me/formula/aux/1040_10_IIIIEPHERA">\mathbb{r}^{n}</formula>
    <formula uri="http://libmeta.ru/me/formula/aux/1040_11_IIIIEPHERA">n</formula>
  </formulas_aux>
  <relations n="11">
    <relation uri="http://libmeta.ru/me/relation/1040_1_IIIIEPHERA">
      <rel_text>Брауәра теореж</rel_text>
      <target>http://libmeta.ru/me/article/551_BRAUӘRA</target>
    </relation>
    <relation uri="http://libmeta.ru/me/relation/1040_2_IIIIEPHERA">
      <rel_text>доказательства</rel_text>
      <target>http://libmeta.ru/me/article/331_DOKAZATEL'STV</target>
    </relation>
    <relation uri="http://libmeta.ru/me/relation/1040_3_IIIIEPHERA">
      <rel_text>пространстьа</rel_text>
      <target>http://libmeta.ru/me/article/748_PROSTRANSTV</target>
    </relation>
    <relation uri="http://libmeta.ru/me/relation/1040_4_IIIIEPHERA">
      <rel_text>Лебега размерность</rel_text>
      <target>http://libmeta.ru/me/article/234_LEBEGA</target>
    </relation>
    <relation uri="http://libmeta.ru/me/relation/1040_5_IIIIEPHERA">
      <rel_text>множествам</rel_text>
      <target>http://libmeta.ru/me/article/733_MNOZhESTV</target>
    </relation>
    <relation uri="http://libmeta.ru/me/relation/1040_6_IIIIEPHERA">
      <rel_text>покрыта</rel_text>
      <target>http://libmeta.ru/me/article/387_POKRYTI</target>
    </relation>
    <relation uri="http://libmeta.ru/me/relation/1040_7_IIIIEPHERA">
      <rel_text>симплекса</rel_text>
      <target>http://libmeta.ru/me/article/1330_SIMPЈEK</target>
    </relation>
    <relation uri="http://libmeta.ru/me/relation/1040_8_IIIIEPHERA">
      <rel_text>грань</rel_text>
      <target>http://libmeta.ru/me/article/1172_GRAN</target>
    </relation>
    <relation uri="http://libmeta.ru/me/relation/1040_9_IIIIEPHERA">
      <rel_text>замкнутых множеств</rel_text>
      <target>http://libmeta.ru/me/article/427_ZAMKNUTOE</target>
    </relation>
    <relation uri="http://libmeta.ru/me/relation/1040_10_IIIIEPHERA">
      <rel_text>симплекса</rel_text>
      <target>http://libmeta.ru/me/article/1330_SIMPЈEK</target>
    </relation>
    <relation uri="http://libmeta.ru/me/relation/1040_11_IIIIEPHERA">
      <rel_text>покрытис</rel_text>
      <target>http://libmeta.ru/me/article/387_POKRYTI</target>
    </relation>
  </relations>
  <text>если URI[[http://libmeta.ru/me/relation/1040_11_IIIIEPHERA]]/URI замкнутого $URI[[http://libmeta.ru/me/formula/aux/1040_1_IIIIEPHERA]]/URI$-мерного URI[[http://libmeta.ru/me/relation/1040_10_IIIIEPHERA]]/URI $URI[[http://libmeta.ru/me/formula/aux/1040_2_IIIIEPHERA]]/URI$ состоит из $URI[[http://libmeta.ru/me/formula/aux/1040_3_IIIIEPHERA]]/URI$ URI[[http://libmeta.ru/me/relation/1040_9_IIIIEPHERA]]/URI $URI[[http://libmeta.ru/me/formula/aux/1040_4_IIIIEPHERA]]/URI$, поставленных в соответствие вершинам $URI[[http://libmeta.ru/me/formula/aux/1040_5_IIIIEPHERA]]/URI$ симнлекса $URI[[http://libmeta.ru/me/formula/aux/1040_6_IIIIEPHERA]]/URI$ таким образом, что каждая URI[[http://libmeta.ru/me/relation/1040_8_IIIIEPHERA]]/URI, $URI[[http://libmeta.ru/me/formula/aux/1040_7_IIIIEPHERA]]/URI$ этого URI[[http://libmeta.ru/me/relation/1040_7_IIIIEPHERA]]/URI URI[[http://libmeta.ru/me/relation/1040_6_IIIIEPHERA]]/URI множествами $URI[[http://libmeta.ru/me/formula/aux/1040_8_IIIIEPHERA]]/URI$, соответствующими ее вершинам, то существует точка, принадлежащая всем URI[[http://libmeta.ru/me/relation/1040_5_IIIIEPHERA]]/URI $URI[[http://libmeta.ru/me/formula/aux/1040_9_IIIIEPHERA]]/URI$. Установлена Э. Шпернером (см. [1]). Из Шii. л. следует, что URI[[http://libmeta.ru/me/relation/1040_4_IIIIEPHERA]]/URI URI[[http://libmeta.ru/me/relation/1040_3_IIIIEPHERA]]/URI $URI[[http://libmeta.ru/me/formula/aux/1040_10_IIIIEPHERA]]/URI$ есть $URI[[http://libmeta.ru/me/formula/aux/1040_11_IIIIEPHERA]]/URI$. Iii. л. используется также для URI[[http://libmeta.ru/me/relation/1040_2_IIIIEPHERA]]/URI URI[[http://libmeta.ru/me/relation/1040_1_IIIIEPHERA]]/URI о неподвижной точке и об инвариантности области.</text>
  <text_orig>если покрытис замкнутого $n$-мерного симплекса $T^{n}$ состоит из $n+1$ замкнутых множеств $A_{0}, A_{1}, \ldots, A_{n}$, поставленных в соответствие вершинам $a_{0}, a_{1}, \ldots, a_{n}$ симнлекса $T^{n}$ таким образом, что каждая грань, $T_{r}=\left(a_{i_{0}}, \ldots, a_{i_{r}}\right)$ этого симплекса покрыта множествами $A_{i_{0}}, \ldots, A_{i_{r}}$, соответствующими ее вершинам, то существует точка, принадлежащая всем множествам $A_{0}, A_{1}, \ldots, A_{n}$. Установлена Э. Шпернером (см. [1]). Из ШII. л. следует, что Лебега размерность пространстьа $\mathbb{R}^{n}$ есть $n$. III. л. используется также для доказательства Брауәра теореж о неподвижной точке и об инвариантности области.

Jum.: [1] S per n e r E., &quot;Abh. Math. Sem. Hamb.», 1928, Bd 6, S. 265-7:; [2] А лг е к с а н д р о в П. С., П а с ы нғ о в Б. А., Введение в теорию размерности..., М., 1973.

й. Г. Кочиевникова.</text_orig>
</article>
