<?xml version="1.0" ?>
<article uri="http://libmeta.ru/me/article/1040_REZIDU" alphabetic_pos="1040">
  <title>РЕЗИДУ АЈЬНОЕ ОТОБРАЖЕНЙ</title>
  <authors>
    <author>Л. А. Скорнлков</author>
  </authors>
  <pages>
    <start>475</start>
    <end>476</end>
  </pages>
  <literature>
    <literature_orig/>
  </literature>
  <formulas_main>
    <formula uri="http://libmeta.ru/me/formula/main/1040_1_REZIDU">\varphi(\sup A)=\sup \varphi(A)</formula>
  </formulas_main>
  <formulas_aux>
    <formula uri="http://libmeta.ru/me/formula/aux/1040_1_REZIDU">\varphi</formula>
    <formula uri="http://libmeta.ru/me/formula/aux/1040_2_REZIDU">p</formula>
    <formula uri="http://libmeta.ru/me/formula/aux/1040_3_REZIDU">p^{\prime}</formula>
    <formula uri="http://libmeta.ru/me/formula/aux/1040_4_REZIDU">\varphi^{\prime}</formula>
    <formula uri="http://libmeta.ru/me/formula/aux/1040_5_REZIDU">p^{\prime}</formula>
    <formula uri="http://libmeta.ru/me/formula/aux/1040_6_REZIDU">p</formula>
    <formula uri="http://libmeta.ru/me/formula/aux/1040_7_REZIDU">\varphi^{\prime}(\varphi(x)) \geqslant x</formula>
    <formula uri="http://libmeta.ru/me/formula/aux/1040_8_REZIDU">x \in P</formula>
    <formula uri="http://libmeta.ru/me/formula/aux/1040_9_REZIDU">\varphi\left(\varphi^{\prime}\left(x^{\prime}\right)\right) \leqslant x^{\prime}</formula>
    <formula uri="http://libmeta.ru/me/formula/aux/1040_10_REZIDU">x^{\prime} \in P^{\prime}</formula>
    <formula uri="http://libmeta.ru/me/formula/aux/1040_11_REZIDU">p</formula>
    <formula uri="http://libmeta.ru/me/formula/aux/1040_12_REZIDU">p^{\prime}</formula>
    <formula uri="http://libmeta.ru/me/formula/aux/1040_13_REZIDU">\varphi</formula>
    <formula uri="http://libmeta.ru/me/formula/aux/1040_14_REZIDU">a</formula>
    <formula uri="http://libmeta.ru/me/formula/aux/1040_15_REZIDU">p</formula>
    <formula uri="http://libmeta.ru/me/formula/aux/1040_16_REZIDU">p</formula>
    <formula uri="http://libmeta.ru/me/formula/aux/1040_17_REZIDU">\varphi \leqslant \psi</formula>
    <formula uri="http://libmeta.ru/me/formula/aux/1040_18_REZIDU">\varphi(x) \leqslant \psi(x)</formula>
    <formula uri="http://libmeta.ru/me/formula/aux/1040_19_REZIDU">x \in P</formula>
    <formula uri="http://libmeta.ru/me/formula/aux/1040_20_REZIDU">p</formula>
  </formulas_aux>
  <relations n="14">
    <relation uri="http://libmeta.ru/me/relation/1040_1_REZIDU">
      <rel_text>упорядоченного множества</rel_text>
      <target>http://libmeta.ru/me/article/594_UPORJaDOChENNOE</target>
    </relation>
    <relation uri="http://libmeta.ru/me/relation/1040_2_REZIDU">
      <rel_text>связаны</rel_text>
      <target>http://libmeta.ru/me/article/1222_SVJaZK</target>
    </relation>
    <relation uri="http://libmeta.ru/me/relation/1040_3_REZIDU">
      <rel_text>полугруппы</rel_text>
      <target>http://libmeta.ru/me/article/457_POLUGRUPP</target>
    </relation>
    <relation uri="http://libmeta.ru/me/relation/1040_4_REZIDU">
      <rel_text>частично упорядоченной</rel_text>
      <target>http://libmeta.ru/me/article/957_ChASTIChNO</target>
    </relation>
    <relation uri="http://libmeta.ru/me/relation/1040_5_REZIDU">
      <rel_text>полугруппа</rel_text>
      <target>http://libmeta.ru/me/article/457_POLUGRUPP</target>
    </relation>
    <relation uri="http://libmeta.ru/me/relation/1040_6_REZIDU">
      <rel_text>полугруппу</rel_text>
      <target>http://libmeta.ru/me/article/457_POLUGRUPP</target>
    </relation>
    <relation uri="http://libmeta.ru/me/relation/1040_7_REZIDU">
      <rel_text>множества</rel_text>
      <target>http://libmeta.ru/me/article/733_MNOZhESTV</target>
    </relation>
    <relation uri="http://libmeta.ru/me/relation/1040_8_REZIDU">
      <rel_text>равносильно</rel_text>
      <target>http://libmeta.ru/me/article/766_RAVNOVELIKA</target>
    </relation>
    <relation uri="http://libmeta.ru/me/relation/1040_9_REZIDU">
      <rel_text>полные</rel_text>
      <target>http://libmeta.ru/me/article/501_POLI0</target>
    </relation>
    <relation uri="http://libmeta.ru/me/relation/1040_10_REZIDU">
      <rel_text>отображение</rel_text>
      <target>http://libmeta.ru/me/article/128_OTOBRAZhENI</target>
    </relation>
    <relation uri="http://libmeta.ru/me/relation/1040_11_REZIDU">
      <rel_text>изотонное</rel_text>
      <target>http://libmeta.ru/me/article/530_IZOTOPI</target>
    </relation>
    <relation uri="http://libmeta.ru/me/relation/1040_12_REZIDU">
      <rel_text>упорядоченное множество</rel_text>
      <target>http://libmeta.ru/me/article/594_UPORJaDOChENNOE</target>
    </relation>
    <relation uri="http://libmeta.ru/me/relation/1040_13_REZIDU">
      <rel_text>упорядоченного множества</rel_text>
      <target>http://libmeta.ru/me/article/594_UPORJaDOChENNOE</target>
    </relation>
    <relation uri="http://libmeta.ru/me/relation/1040_14_REZIDU">
      <rel_text>отображение</rel_text>
      <target>http://libmeta.ru/me/article/128_OTOBRAZhENI</target>
    </relation>
  </relations>
  <text>В. Алексеевский. URI[[http://libmeta.ru/me/relation/1040_14_REZIDU]]/URI $URI[[http://libmeta.ru/me/formula/aux/1040_1_REZIDU]]/URI$ частично URI[[http://libmeta.ru/me/relation/1040_13_REZIDU]]/URI $URI[[http://libmeta.ru/me/formula/aux/1040_2_REZIDU]]/URI$ в частично URI[[http://libmeta.ru/me/relation/1040_12_REZIDU]]/URI $URI[[http://libmeta.ru/me/formula/aux/1040_3_REZIDU]]/URI$, для к-рого существует URI[[http://libmeta.ru/me/relation/1040_11_REZIDU]]/URI URI[[http://libmeta.ru/me/relation/1040_10_REZIDU]]/URI $URI[[http://libmeta.ru/me/formula/aux/1040_4_REZIDU]]/URI$ из $URI[[http://libmeta.ru/me/formula/aux/1040_5_REZIDU]]/URI$ в $URI[[http://libmeta.ru/me/formula/aux/1040_6_REZIDU]]/URI$ такое, что $URI[[http://libmeta.ru/me/formula/aux/1040_7_REZIDU]]/URI$ для всех $URI[[http://libmeta.ru/me/formula/aux/1040_8_REZIDU]]/URI$ и $URI[[http://libmeta.ru/me/formula/aux/1040_9_REZIDU]]/URI$ для всех $URI[[http://libmeta.ru/me/formula/aux/1040_10_REZIDU]]/URI$. Если $URI[[http://libmeta.ru/me/formula/aux/1040_11_REZIDU]]/URI$ и $URI[[http://libmeta.ru/me/formula/aux/1040_12_REZIDU]]/URI$ - URI[[http://libmeta.ru/me/relation/1040_9_REZIDU]]/URI решетки и $URI[[http://libmeta.ru/me/formula/aux/1040_13_REZIDU]]/URI$ сюръективно, то это URI[[http://libmeta.ru/me/relation/1040_8_REZIDU]]/URI равенству

\[
URI[[http://libmeta.ru/me/formula/main/1040_1_REZIDU]]/URI
\]

для всякого подмножества $URI[[http://libmeta.ru/me/formula/aux/1040_14_REZIDU]]/URI$ из $URI[[http://libmeta.ru/me/formula/aux/1040_15_REZIDU]]/URI$. Совокупность Р. о. частично уиорядоченного URI[[http://libmeta.ru/me/relation/1040_7_REZIDU]]/URI $URI[[http://libmeta.ru/me/formula/aux/1040_16_REZIDU]]/URI$ в себя образует URI[[http://libmeta.ru/me/relation/1040_6_REZIDU]]/URI, к-рую можно сделать частично упорядо- ченной (см. Упорядоченнал URI[[http://libmeta.ru/me/relation/1040_5_REZIDU]]/URI), полагая $URI[[http://libmeta.ru/me/formula/aux/1040_17_REZIDU]]/URI$, если $URI[[http://libmeta.ru/me/formula/aux/1040_18_REZIDU]]/URI$ для всех $URI[[http://libmeta.ru/me/formula/aux/1040_19_REZIDU]]/URI$. Свойства этой URI[[http://libmeta.ru/me/relation/1040_4_REZIDU]]/URI URI[[http://libmeta.ru/me/relation/1040_3_REZIDU]]/URI тесно URI[[http://libmeta.ru/me/relation/1040_2_REZIDU]]/URI со свойствами частично URI[[http://libmeta.ru/me/relation/1040_1_REZIDU]]/URI $URI[[http://libmeta.ru/me/formula/aux/1040_20_REZIDU]]/URI$ (см. Решетка).</text>
  <text_orig>В. Алексеевский. отображение $\varphi$ частично упорядоченного множества $P$ в частично упорядоченное множество $P^{\prime}$, для к-рого существует изотонное отображение $\varphi^{\prime}$ из $P^{\prime}$ в $P$ такое, что $\varphi^{\prime}(\varphi(x)) \geqslant x$ для всех $x \in P$ и $\varphi\left(\varphi^{\prime}\left(x^{\prime}\right)\right) \leqslant x^{\prime}$ для всех $x^{\prime} \in P^{\prime}$. Если $P$ и $P^{\prime}$ - полные решетки и $\varphi$ сюръективно, то это равносильно равенству

\[
\varphi(\sup A)=\sup \varphi(A)
\]

для всякого подмножества $A$ из $P$. Совокупность Р. о. частично уиорядоченного множества $P$ в себя образует полугруппу, к-рую можно сделать частично упорядо- ченной (см. Упорядоченнал полугруппа), полагая $\varphi \leqslant \psi$, если $\varphi(x) \leqslant \psi(x)$ для всех $x \in P$. Свойства этой частично упорядоченной полугруппы тесно связаны со свойствами частично упорядоченного множества $P$ (см. Решетка). Л. А. Скорнлков.</text_orig>
</article>
