<?xml version="1.0" ?>
<article uri="http://libmeta.ru/me/article/1041_ІІREDINGERA" alphabetic_pos="1041">
  <title>ІІРЁДИНГЕРА ПРЕДСТАВЛЕНИЕ</title>
  <authors>
    <author>В. Д. Кукин</author>
  </authors>
  <pages>
    <start>450</start>
    <end>450</end>
  </pages>
  <literature>
    <literature_orig/>
  </literature>
  <formulas_main>
    <formula uri="http://libmeta.ru/me/formula/main/1041_1_ІІREDINGERA">i \hbar \frac{\partial \psi(t)}{\partial t}=H \psi(t)</formula>
    <formula uri="http://libmeta.ru/me/formula/main/1041_2_ІІREDINGERA">\psi(t) \equiv \psi_{s}(t)=e^{-i \frac{H}{\hbar} t} \psi(0),</formula>
    <formula uri="http://libmeta.ru/me/formula/main/1041_3_ІІREDINGERA">\begin{gathered}\bar{A} \equiv \overline{A_{S}}=\psi_{S}^{*}(t) A_{S} \psi_{S}(t)= \\=\psi^{*}(0) e^{+i \frac{H}{\hbar} t} A_{S} e^{-i \frac{H}{\hbar} t} \psi(0)\end{gathered}</formula>
  </formulas_main>
  <formulas_aux>
    <formula uri="http://libmeta.ru/me/formula/aux/1041_1_ІІREDINGERA">t</formula>
    <formula uri="http://libmeta.ru/me/formula/aux/1041_2_ІІREDINGERA">a</formula>
    <formula uri="http://libmeta.ru/me/formula/aux/1041_3_ІІREDINGERA">\psi</formula>
    <formula uri="http://libmeta.ru/me/formula/aux/1041_4_ІІREDINGERA">a_{s}</formula>
    <formula uri="http://libmeta.ru/me/formula/aux/1041_5_ІІREDINGERA">t</formula>
    <formula uri="http://libmeta.ru/me/formula/aux/1041_6_ІІREDINGERA">t</formula>
    <formula uri="http://libmeta.ru/me/formula/aux/1041_7_ІІREDINGERA">h</formula>
    <formula uri="http://libmeta.ru/me/formula/aux/1041_8_ІІREDINGERA">\psi(0)</formula>
    <formula uri="http://libmeta.ru/me/formula/aux/1041_9_ІІREDINGERA">t</formula>
    <formula uri="http://libmeta.ru/me/formula/aux/1041_10_ІІREDINGERA">t</formula>
    <formula uri="http://libmeta.ru/me/formula/aux/1041_11_ІІREDINGERA">a_{s}</formula>
    <formula uri="http://libmeta.ru/me/formula/aux/1041_12_ІІREDINGERA">t</formula>
    <formula uri="http://libmeta.ru/me/formula/aux/1041_13_ІІREDINGERA">t</formula>
    <formula uri="http://libmeta.ru/me/formula/aux/1041_14_ІІREDINGERA">\psi_{s}(t)</formula>
    <formula uri="http://libmeta.ru/me/formula/aux/1041_15_ІІREDINGERA">\bar{a}</formula>
    <formula uri="http://libmeta.ru/me/formula/aux/1041_16_ІІREDINGERA">a_{h}</formula>
    <formula uri="http://libmeta.ru/me/formula/aux/1041_17_ІІREDINGERA">t</formula>
    <formula uri="http://libmeta.ru/me/formula/aux/1041_18_ІІREDINGERA">\psi_{h}</formula>
    <formula uri="http://libmeta.ru/me/formula/aux/1041_19_ІІREDINGERA">t</formula>
    <formula uri="http://libmeta.ru/me/formula/aux/1041_20_ІІREDINGERA">a_{h}(l)=e^{+i \frac{H}{\hbar} t} A_{S} e^{-i \frac{H}{\hbar} t} ; \psi_{H}=\psi(0)=e^{i \frac{H}{\hbar} t} \psi_{S}(t)</formula>
  </formulas_aux>
  <relations n="32">
    <relation uri="http://libmeta.ru/me/relation/1041_1_ІІREDINGERA">
      <rel_text>уравнения</rel_text>
      <target>http://libmeta.ru/me/article/106_URAVNENI</target>
    </relation>
    <relation uri="http://libmeta.ru/me/relation/1041_2_ІІREDINGERA">
      <rel_text>получившее</rel_text>
      <target>http://libmeta.ru/me/article/457_POLUGRUPP</target>
    </relation>
    <relation uri="http://libmeta.ru/me/relation/1041_3_ІІREDINGERA">
      <rel_text>уравнение</rel_text>
      <target>http://libmeta.ru/me/article/106_URAVNENI</target>
    </relation>
    <relation uri="http://libmeta.ru/me/relation/1041_4_ІІREDINGERA">
      <rel_text>квантовой</rel_text>
      <target>http://libmeta.ru/me/article/858_KVANTIL</target>
    </relation>
    <relation uri="http://libmeta.ru/me/relation/1041_5_ІІREDINGERA">
      <rel_text>формулируя</rel_text>
      <target>http://libmeta.ru/me/article/731_FORMALIZ</target>
    </relation>
    <relation uri="http://libmeta.ru/me/relation/1041_6_ІІREDINGERA">
      <rel_text>представлений</rel_text>
      <target>http://libmeta.ru/me/article/3_PREDSTAVLENI</target>
    </relation>
    <relation uri="http://libmeta.ru/me/relation/1041_7_ІІREDINGERA">
      <rel_text>Ii</rel_text>
      <target>http://libmeta.ru/me/article/370_II</target>
    </relation>
    <relation uri="http://libmeta.ru/me/relation/1041_8_ІІREDINGERA">
      <rel_text>средних</rel_text>
      <target>http://libmeta.ru/me/article/165_SREDNE</target>
    </relation>
    <relation uri="http://libmeta.ru/me/relation/1041_9_ІІREDINGERA">
      <rel_text>представлении</rel_text>
      <target>http://libmeta.ru/me/article/3_PREDSTAVLENI</target>
    </relation>
    <relation uri="http://libmeta.ru/me/relation/1041_10_ІІREDINGERA">
      <rel_text>значение оператора</rel_text>
      <target>http://libmeta.ru/me/article/42_SOBSTVENNYE</target>
    </relation>
    <relation uri="http://libmeta.ru/me/relation/1041_11_ІІREDINGERA">
      <rel_text>среднее</rel_text>
      <target>http://libmeta.ru/me/article/165_SREDNE</target>
    </relation>
    <relation uri="http://libmeta.ru/me/relation/1041_12_ІІREDINGERA">
      <rel_text>функциям</rel_text>
      <target>http://libmeta.ru/me/article/790_FUNKTO</target>
    </relation>
    <relation uri="http://libmeta.ru/me/relation/1041_13_ІІREDINGERA">
      <rel_text>среднее</rel_text>
      <target>http://libmeta.ru/me/article/165_SREDNE</target>
    </relation>
    <relation uri="http://libmeta.ru/me/relation/1041_14_ІІREDINGERA">
      <rel_text>функций</rel_text>
      <target>http://libmeta.ru/me/article/790_FUNKTO</target>
    </relation>
    <relation uri="http://libmeta.ru/me/relation/1041_15_ІІREDINGERA">
      <rel_text>значение оператора</rel_text>
      <target>http://libmeta.ru/me/article/42_SOBSTVENNYE</target>
    </relation>
    <relation uri="http://libmeta.ru/me/relation/1041_16_ІІREDINGERA">
      <rel_text>Среднее</rel_text>
      <target>http://libmeta.ru/me/article/165_SREDNE</target>
    </relation>
    <relation uri="http://libmeta.ru/me/relation/1041_17_ІІREDINGERA">
      <rel_text>системы</rel_text>
      <target>http://libmeta.ru/me/article/350_SISTEM</target>
    </relation>
    <relation uri="http://libmeta.ru/me/relation/1041_18_ІІREDINGERA">
      <rel_text>информацию</rel_text>
      <target>http://libmeta.ru/me/article/649_INFORMAN</target>
    </relation>
    <relation uri="http://libmeta.ru/me/relation/1041_19_ІІREDINGERA">
      <rel_text>функция</rel_text>
      <target>http://libmeta.ru/me/article/790_FUNKTO</target>
    </relation>
    <relation uri="http://libmeta.ru/me/relation/1041_20_ІІREDINGERA">
      <rel_text>формально</rel_text>
      <target>http://libmeta.ru/me/article/731_FORMALIZ</target>
    </relation>
    <relation uri="http://libmeta.ru/me/relation/1041_21_ІІREDINGERA">
      <rel_text>функции</rel_text>
      <target>http://libmeta.ru/me/article/790_FUNKTO</target>
    </relation>
    <relation uri="http://libmeta.ru/me/relation/1041_22_ІІREDINGERA">
      <rel_text>уравнения</rel_text>
      <target>http://libmeta.ru/me/article/106_URAVNENI</target>
    </relation>
    <relation uri="http://libmeta.ru/me/relation/1041_23_ІІREDINGERA">
      <rel_text>динамич</rel_text>
      <target>http://libmeta.ru/me/article/175_DINAMIK</target>
    </relation>
    <relation uri="http://libmeta.ru/me/relation/1041_24_ІІREDINGERA">
      <rel_text>операторы</rel_text>
      <target>http://libmeta.ru/me/article/17_OPERATO</target>
    </relation>
    <relation uri="http://libmeta.ru/me/relation/1041_25_ІІREDINGERA">
      <rel_text>теориіи</rel_text>
      <target>http://libmeta.ru/me/article/381_TEORI</target>
    </relation>
    <relation uri="http://libmeta.ru/me/relation/1041_26_ІІREDINGERA">
      <rel_text>квантовой</rel_text>
      <target>http://libmeta.ru/me/article/858_KVANTIL</target>
    </relation>
    <relation uri="http://libmeta.ru/me/relation/1041_27_ІІREDINGERA">
      <rel_text>квантовой</rel_text>
      <target>http://libmeta.ru/me/article/858_KVANTIL</target>
    </relation>
    <relation uri="http://libmeta.ru/me/relation/1041_28_ІІREDINGERA">
      <rel_text>функций</rel_text>
      <target>http://libmeta.ru/me/article/790_FUNKTO</target>
    </relation>
    <relation uri="http://libmeta.ru/me/relation/1041_29_ІІREDINGERA">
      <rel_text>представлений</rel_text>
      <target>http://libmeta.ru/me/article/3_PREDSTAVLENI</target>
    </relation>
    <relation uri="http://libmeta.ru/me/relation/1041_30_ІІREDINGERA">
      <rel_text>әквивалентных</rel_text>
      <target>http://libmeta.ru/me/article/1111_ӘKVIDISTANT</target>
    </relation>
    <relation uri="http://libmeta.ru/me/relation/1041_31_ІІREDINGERA">
      <rel_text>взаимодействия представлением</rel_text>
      <target>http://libmeta.ru/me/article/705_VZAIMODEISTVIJa</target>
    </relation>
    <relation uri="http://libmeta.ru/me/relation/1041_32_ІІREDINGERA">
      <rel_text>Гейзенберга представлением</rel_text>
      <target>http://libmeta.ru/me/article/973_GEJZENBERGA</target>
    </relation>
  </relations>
  <text>одно из основных возможных (наряду с URI[[http://libmeta.ru/me/relation/1041_32_ІІREDINGERA]]/URI и URI[[http://libmeta.ru/me/relation/1041_31_ІІREDINGERA]]/URI) URI[[http://libmeta.ru/me/relation/1041_30_ІІREDINGERA]]/URI URI[[http://libmeta.ru/me/relation/1041_29_ІІREDINGERA]]/URI зависимости от времени $URI[[http://libmeta.ru/me/formula/aux/1041_1_ІІREDINGERA]]/URI$ операторов $URI[[http://libmeta.ru/me/formula/aux/1041_2_ІІREDINGERA]]/URI$ и волновых URI[[http://libmeta.ru/me/relation/1041_28_ІІREDINGERA]]/URI $URI[[http://libmeta.ru/me/formula/aux/1041_3_ІІREDINGERA]]/URI$ в URI[[http://libmeta.ru/me/relation/1041_27_ІІREDINGERA]]/URI механике и URI[[http://libmeta.ru/me/relation/1041_26_ІІREDINGERA]]/URI URI[[http://libmeta.ru/me/relation/1041_25_ІІREDINGERA]]/URI поля. В Iii. п. URI[[http://libmeta.ru/me/relation/1041_24_ІІREDINGERA]]/URI $URI[[http://libmeta.ru/me/formula/aux/1041_4_ІІREDINGERA]]/URI$, соответствующие физич. URI[[http://libmeta.ru/me/relation/1041_23_ІІREDINGERA]]/URI. величинам, не зависят от времени $URI[[http://libmeta.ru/me/formula/aux/1041_5_ІІREDINGERA]]/URI$, поэтому решение Iii рёдингера URI[[http://libmeta.ru/me/relation/1041_22_ІІREDINGERA]]/URI

\[
URI[[http://libmeta.ru/me/formula/main/1041_1_ІІREDINGERA]]/URI
\]

можно записать с помощью не зависящей от $URI[[http://libmeta.ru/me/formula/aux/1041_6_ІІREDINGERA]]/URI$ Галильтона URI[[http://libmeta.ru/me/relation/1041_21_ІІREDINGERA]]/URI $URI[[http://libmeta.ru/me/formula/aux/1041_7_ІІREDINGERA]]/URI$ URI[[http://libmeta.ru/me/relation/1041_20_ІІREDINGERA]]/URI в виде

\[
URI[[http://libmeta.ru/me/formula/main/1041_2_ІІREDINGERA]]/URI
\]

где $URI[[http://libmeta.ru/me/formula/aux/1041_8_ІІREDINGERA]]/URI$ не зависит от времени, а волновая URI[[http://libmeta.ru/me/relation/1041_19_ІІREDINGERA]]/URI в Iii. п. зависит от $URI[[http://libmeta.ru/me/formula/aux/1041_9_ІІREDINGERA]]/URI$ и содержит всю URI[[http://libmeta.ru/me/relation/1041_18_ІІREDINGERA]]/URI об изменении состояния URI[[http://libmeta.ru/me/relation/1041_17_ІІREDINGERA]]/URI с течением $URI[[http://libmeta.ru/me/formula/aux/1041_10_ІІREDINGERA]]/URI$. URI[[http://libmeta.ru/me/relation/1041_16_ІІREDINGERA]]/URI URI[[http://libmeta.ru/me/relation/1041_15_ІІREDINGERA]]/URI $URI[[http://libmeta.ru/me/formula/aux/1041_11_ІІREDINGERA]]/URI$ в Iii. П.

\[
URI[[http://libmeta.ru/me/formula/main/1041_3_ІІREDINGERA]]/URI
\]

зависит от $URI[[http://libmeta.ru/me/formula/aux/1041_12_ІІREDINGERA]]/URI$ вследствие зависимости от $URI[[http://libmeta.ru/me/formula/aux/1041_13_ІІREDINGERA]]/URI$ волновых URI[[http://libmeta.ru/me/relation/1041_14_ІІREDINGERA]]/URI $URI[[http://libmeta.ru/me/formula/aux/1041_14_ІІREDINGERA]]/URI$. $URI[[http://libmeta.ru/me/formula/aux/1041_15_ІІREDINGERA]]/URI$ можно также понимать как URI[[http://libmeta.ru/me/relation/1041_13_ІІREDINGERA]]/URI значение отератора $URI[[http://libmeta.ru/me/formula/aux/1041_16_ІІREDINGERA]]/URI$, зависящего от $URI[[http://libmeta.ru/me/formula/aux/1041_17_ІІREDINGERA]]/URI$, по волновым URI[[http://libmeta.ru/me/relation/1041_12_ІІREDINGERA]]/URI $URI[[http://libmeta.ru/me/formula/aux/1041_18_ІІREDINGERA]]/URI$, не зависящим от $URI[[http://libmeta.ru/me/formula/aux/1041_19_ІІREDINGERA]]/URI$ :

$URI[[http://libmeta.ru/me/formula/aux/1041_20_ІІREDINGERA]]/URI$, (4) т. е. как URI[[http://libmeta.ru/me/relation/1041_11_ІІREDINGERA]]/URI URI[[http://libmeta.ru/me/relation/1041_10_ІІREDINGERA]]/URI в URI[[http://libmeta.ru/me/relation/1041_9_ІІREDINGERA]]/URI Гейзенберга. Свойство инвариантности URI[[http://libmeta.ru/me/relation/1041_8_ІІREDINGERA]]/URI знаqений, к-рые должны быть наблюдаемыми и иметь тем самым физич. смысл, относительно унитарных преобразований типа (4) означает әквивалентность URI[[http://libmeta.ru/me/relation/1041_7_ІІREDINGERA]]/URI. п. и URI[[http://libmeta.ru/me/relation/1041_6_ІІREDINGERA]]/URI Гейзенберга и взаимодействия.

Iii. п. названо по имени Э. Iii рёдингера (e. Schrödinger'), к-рый ввел его в 1926, URI[[http://libmeta.ru/me/relation/1041_5_ІІREDINGERA]]/URI в URI[[http://libmeta.ru/me/relation/1041_4_ІІREDINGERA]]/URI механике URI[[http://libmeta.ru/me/relation/1041_3_ІІREDINGERA]]/URI, URI[[http://libmeta.ru/me/relation/1041_2_ІІREDINGERA]]/URI впоследствии названис URI[[http://libmeta.ru/me/relation/1041_1_ІІREDINGERA]]/URI Шрёдингера.</text>
  <text_orig>одно из основных возможных (наряду с Гейзенберга представлением и взаимодействия представлением) әквивалентных представлений зависимости от времени $t$ операторов $A$ и волновых функций $\psi$ в квантовой механике и квантовой теориіи поля. В III. п. операторы $A_{S}$, соответствующие физич. динамич. величинам, не зависят от времени $t$, поэтому решение III рёдингера уравнения

\[
i \hbar \frac{\partial \psi(t)}{\partial t}=H \psi(t)
\]

можно записать с помощью не зависящей от $t$ Галильтона функции $H$ формально в виде

\[
\psi(t) \equiv \psi_{s}(t)=e^{-i \frac{H}{\hbar} t} \psi(0),
\]

где $\psi(0)$ не зависит от времени, а волновая функция в III. п. зависит от $t$ и содержит всю информацию об изменении состояния системы с течением $t$. Среднее значение оператора $A_{S}$ в III. П.

\[
\begin{gathered}
\bar{A} \equiv \overline{A_{S}}=\psi_{S}^{*}(t) A_{S} \psi_{S}(t)= \\
=\psi^{*}(0) e^{+i \frac{H}{\hbar} t} A_{S} e^{-i \frac{H}{\hbar} t} \psi(0)
\end{gathered}
\]

зависит от $t$ вследствие зависимости от $t$ волновых функций $\psi_{S}(t)$. $\bar{A}$ можно также понимать как среднее значение отератора $A_{H}$, зависящего от $t$, по волновым функциям $\psi_{H}$, не зависящим от $t$ :

$A_{H}(l)=e^{+i \frac{H}{\hbar} t} A_{S} e^{-i \frac{H}{\hbar} t} ; \psi_{H}=\psi(0)=e^{i \frac{H}{\hbar} t} \psi_{S}(t)$, (4) т. е. как среднее значение оператора в представлении Гейзенберга. Свойство инвариантности средних знаqений, к-рые должны быть наблюдаемыми и иметь тем самым физич. смысл, относительно унитарных преобразований типа (4) означает әквивалентность II. п. и представлений Гейзенберга и взаимодействия.

III. п. названо по имени Э. III рёдингера (E. Schrödinger'), к-рый ввел его в 1926, формулируя в квантовой механике уравнение, получившее впоследствии названис уравнения Шрёдингера.

В. Д. Кукин.</text_orig>
</article>
