<?xml version="1.0" ?>
<article uri="http://libmeta.ru/me/article/1041_KONEChNOI" alphabetic_pos="1041">
  <title>КОНЕЧНОИ ГРУППЫ ПРЕДСТАВЛЕНИЕ</title>
  <authors/>
  <pages>
    <start>511</start>
    <end>512</end>
  </pages>
  <literature>
    <literature_orig>Лит.: [1] К ә р т и с Ч., Р а й н е р И., Теория представлений конечных групп и ассоциативных алтебр., пер. с англ., М., 1969; [2] К и р и л ло в А. А., Элементы теории представлений, М., 1972; [3] Н а и м а $\mathbf{~ к ~ М . ~ А . , ~ Т е о р и я ~ п р е д с т а в л е н и и ̆ ~}$ групп, М., 1976; [4] Ј е н г С., Алгебра, пер. с англ., М., 1968; [5] С е р p Ж.-П., Линейные представления конечных групп, пер. с франц., М., 1970. 19 .</literature_orig>
    <unit>
      <author>Кәртис Ч.</author>
      <author>Райнер И.</author>
      <title>Теория представлений конечных групп и ассоциативных алтебр.</title>
      <publication>пер. с англ., М.</publication>
      <year>1969</year>
      <other/>
    </unit>
    <unit>
      <author>Кириллов А. А.</author>
      <title>Элементы теории представлений</title>
      <publication>М.</publication>
      <year>1972</year>
      <other/>
    </unit>
    <unit>
      <title>Н а и м а $\mathbf{~ к ~ М . ~ А ., ~ Т е о р и я ~ п р е д с т а в л е н и и ̆ ~}$ групп</title>
      <publication>М.</publication>
      <year>1976</year>
      <other/>
    </unit>
    <unit>
      <author>Јенг С.</author>
      <title>Алгебра</title>
      <publication>пер. с англ., М.</publication>
      <year>1968</year>
      <other/>
    </unit>
    <unit>
      <author>Серp Ж.- П.</author>
      <title>Линейные представления конечных групп</title>
      <publication>пер. с франц., М.</publication>
      <year>1970</year>
      <other/>
    </unit>
  </literature>
  <formulas_main/>
  <formulas_aux>
    <formula uri="http://libmeta.ru/me/formula/aux/1041_1_KONEChNOI">g</formula>
    <formula uri="http://libmeta.ru/me/formula/aux/1041_2_KONEChNOI">\mathbb{c}</formula>
    <formula uri="http://libmeta.ru/me/formula/aux/1041_3_KONEChNOI">g</formula>
    <formula uri="http://libmeta.ru/me/formula/aux/1041_4_KONEChNOI">g</formula>
    <formula uri="http://libmeta.ru/me/formula/aux/1041_5_KONEChNOI">|g|</formula>
    <formula uri="http://libmeta.ru/me/formula/aux/1041_6_KONEChNOI">g</formula>
    <formula uri="http://libmeta.ru/me/formula/aux/1041_7_KONEChNOI">g</formula>
    <formula uri="http://libmeta.ru/me/formula/aux/1041_8_KONEChNOI">|g|)</formula>
    <formula uri="http://libmeta.ru/me/formula/aux/1041_9_KONEChNOI">\chi</formula>
    <formula uri="http://libmeta.ru/me/formula/aux/1041_10_KONEChNOI">\pi, d-</formula>
    <formula uri="http://libmeta.ru/me/formula/aux/1041_11_KONEChNOI">\pi</formula>
    <formula uri="http://libmeta.ru/me/formula/aux/1041_12_KONEChNOI">s \in G</formula>
    <formula uri="http://libmeta.ru/me/formula/aux/1041_13_KONEChNOI">q \subset G</formula>
    <formula uri="http://libmeta.ru/me/formula/aux/1041_14_KONEChNOI">\chi(s)</formula>
    <formula uri="http://libmeta.ru/me/formula/aux/1041_15_KONEChNOI">d^{-1} \sum_{S \in G} \chi(s)</formula>
    <formula uri="http://libmeta.ru/me/formula/aux/1041_16_KONEChNOI">g</formula>
    <formula uri="http://libmeta.ru/me/formula/aux/1041_17_KONEChNOI">h</formula>
    <formula uri="http://libmeta.ru/me/formula/aux/1041_18_KONEChNOI">p</formula>
    <formula uri="http://libmeta.ru/me/formula/aux/1041_19_KONEChNOI">p</formula>
    <formula uri="http://libmeta.ru/me/formula/aux/1041_20_KONEChNOI">p</formula>
    <formula uri="http://libmeta.ru/me/formula/aux/1041_21_KONEChNOI">h</formula>
    <formula uri="http://libmeta.ru/me/formula/aux/1041_22_KONEChNOI">p</formula>
    <formula uri="http://libmeta.ru/me/formula/aux/1041_23_KONEChNOI">p</formula>
    <formula uri="http://libmeta.ru/me/formula/aux/1041_24_KONEChNOI">g</formula>
    <formula uri="http://libmeta.ru/me/formula/aux/1041_25_KONEChNOI">h \subset G</formula>
    <formula uri="http://libmeta.ru/me/formula/aux/1041_26_KONEChNOI">g</formula>
    <formula uri="http://libmeta.ru/me/formula/aux/1041_27_KONEChNOI">g</formula>
    <formula uri="http://libmeta.ru/me/formula/aux/1041_28_KONEChNOI">p</formula>
    <formula uri="http://libmeta.ru/me/formula/aux/1041_29_KONEChNOI">k</formula>
    <formula uri="http://libmeta.ru/me/formula/aux/1041_30_KONEChNOI">|g|</formula>
    <formula uri="http://libmeta.ru/me/formula/aux/1041_31_KONEChNOI">k=\mathbb{c}</formula>
    <formula uri="http://libmeta.ru/me/formula/aux/1041_32_KONEChNOI">k</formula>
    <formula uri="http://libmeta.ru/me/formula/aux/1041_33_KONEChNOI">k</formula>
    <formula uri="http://libmeta.ru/me/formula/aux/1041_34_KONEChNOI">k</formula>
    <formula uri="http://libmeta.ru/me/formula/aux/1041_35_KONEChNOI">k</formula>
    <formula uri="http://libmeta.ru/me/formula/aux/1041_36_KONEChNOI">k</formula>
    <formula uri="http://libmeta.ru/me/formula/aux/1041_37_KONEChNOI">\pi</formula>
    <formula uri="http://libmeta.ru/me/formula/aux/1041_38_KONEChNOI">\pi</formula>
    <formula uri="http://libmeta.ru/me/formula/aux/1041_39_KONEChNOI">k</formula>
    <formula uri="http://libmeta.ru/me/formula/aux/1041_40_KONEChNOI">g</formula>
    <formula uri="http://libmeta.ru/me/formula/aux/1041_41_KONEChNOI">k</formula>
    <formula uri="http://libmeta.ru/me/formula/aux/1041_42_KONEChNOI">g</formula>
    <formula uri="http://libmeta.ru/me/formula/aux/1041_43_KONEChNOI">k</formula>
    <formula uri="http://libmeta.ru/me/formula/aux/1041_44_KONEChNOI">m</formula>
    <formula uri="http://libmeta.ru/me/formula/aux/1041_45_KONEChNOI">m</formula>
    <formula uri="http://libmeta.ru/me/formula/aux/1041_46_KONEChNOI">g</formula>
    <formula uri="http://libmeta.ru/me/formula/aux/1041_47_KONEChNOI">k</formula>
    <formula uri="http://libmeta.ru/me/formula/aux/1041_48_KONEChNOI">g</formula>
    <formula uri="http://libmeta.ru/me/formula/aux/1041_49_KONEChNOI">m</formula>
    <formula uri="http://libmeta.ru/me/formula/aux/1041_50_KONEChNOI">g</formula>
    <formula uri="http://libmeta.ru/me/formula/aux/1041_51_KONEChNOI">k-</formula>
    <formula uri="http://libmeta.ru/me/formula/aux/1041_52_KONEChNOI">^{-}</formula>
    <formula uri="http://libmeta.ru/me/formula/aux/1041_53_KONEChNOI">\boldsymbol{g}</formula>
    <formula uri="http://libmeta.ru/me/formula/aux/1041_54_KONEChNOI">k</formula>
    <formula uri="http://libmeta.ru/me/formula/aux/1041_55_KONEChNOI">k</formula>
    <formula uri="http://libmeta.ru/me/formula/aux/1041_56_KONEChNOI">k</formula>
    <formula uri="http://libmeta.ru/me/formula/aux/1041_57_KONEChNOI">k-</formula>
    <formula uri="http://libmeta.ru/me/formula/aux/1041_58_KONEChNOI">g</formula>
    <formula uri="http://libmeta.ru/me/formula/aux/1041_59_KONEChNOI">\chi</formula>
    <formula uri="http://libmeta.ru/me/formula/aux/1041_60_KONEChNOI">\sum_{g \in G} \chi(g) \chi\left(g^{-1}\right)=|G|</formula>
    <formula uri="http://libmeta.ru/me/formula/aux/1041_61_KONEChNOI">p</formula>
    <formula uri="http://libmeta.ru/me/formula/aux/1041_62_KONEChNOI">k</formula>
    <formula uri="http://libmeta.ru/me/formula/aux/1041_63_KONEChNOI">|g|</formula>
    <formula uri="http://libmeta.ru/me/formula/aux/1041_64_KONEChNOI">g</formula>
    <formula uri="http://libmeta.ru/me/formula/aux/1041_65_KONEChNOI">k</formula>
    <formula uri="http://libmeta.ru/me/formula/aux/1041_66_KONEChNOI">k</formula>
    <formula uri="http://libmeta.ru/me/formula/aux/1041_67_KONEChNOI">k</formula>
    <formula uri="http://libmeta.ru/me/formula/aux/1041_68_KONEChNOI">k</formula>
    <formula uri="http://libmeta.ru/me/formula/aux/1041_69_KONEChNOI">k</formula>
    <formula uri="http://libmeta.ru/me/formula/aux/1041_70_KONEChNOI">p ;</formula>
    <formula uri="http://libmeta.ru/me/formula/aux/1041_71_KONEChNOI">g</formula>
    <formula uri="http://libmeta.ru/me/formula/aux/1041_72_KONEChNOI">k</formula>
    <formula uri="http://libmeta.ru/me/formula/aux/1041_73_KONEChNOI">\mathbb{c}</formula>
    <formula uri="http://libmeta.ru/me/formula/aux/1041_74_KONEChNOI">k</formula>
    <formula uri="http://libmeta.ru/me/formula/aux/1041_75_KONEChNOI">k</formula>
    <formula uri="http://libmeta.ru/me/formula/aux/1041_76_KONEChNOI">m</formula>
    <formula uri="http://libmeta.ru/me/formula/aux/1041_77_KONEChNOI">\pi-</formula>
    <formula uri="http://libmeta.ru/me/formula/aux/1041_78_KONEChNOI">k, \chi-</formula>
    <formula uri="http://libmeta.ru/me/formula/aux/1041_79_KONEChNOI">\delta</formula>
    <formula uri="http://libmeta.ru/me/formula/aux/1041_80_KONEChNOI">m</formula>
    <formula uri="http://libmeta.ru/me/formula/aux/1041_81_KONEChNOI">k, \delta</formula>
    <formula uri="http://libmeta.ru/me/formula/aux/1041_82_KONEChNOI">k</formula>
    <formula uri="http://libmeta.ru/me/formula/aux/1041_83_KONEChNOI">s \in G</formula>
    <formula uri="http://libmeta.ru/me/formula/aux/1041_84_KONEChNOI">p</formula>
    <formula uri="http://libmeta.ru/me/formula/aux/1041_85_KONEChNOI">p</formula>
    <formula uri="http://libmeta.ru/me/formula/aux/1041_86_KONEChNOI">g_{\text {геg - множество } p \text {-регу- }}</formula>
    <formula uri="http://libmeta.ru/me/formula/aux/1041_87_KONEChNOI">\pi(s)</formula>
    <formula uri="http://libmeta.ru/me/formula/aux/1041_88_KONEChNOI">\chi(s)=\delta^{a_{1}}+\ldots+\delta^{a_{n}}</formula>
    <formula uri="http://libmeta.ru/me/formula/aux/1041_89_KONEChNOI">a_{1}, \ldots, a_{n}</formula>
    <formula uri="http://libmeta.ru/me/formula/aux/1041_90_KONEChNOI">\eta(s)=\delta^{a_{1}}+\ldots+\delta^{a_{n}}</formula>
    <formula uri="http://libmeta.ru/me/formula/aux/1041_91_KONEChNOI">\eta: G_{\mathrm{reg}} \rightarrow k</formula>
    <formula uri="http://libmeta.ru/me/formula/aux/1041_92_KONEChNOI">\pi</formula>
    <formula uri="http://libmeta.ru/me/formula/aux/1041_93_KONEChNOI">\pi</formula>
    <formula uri="http://libmeta.ru/me/formula/aux/1041_94_KONEChNOI">k</formula>
    <formula uri="http://libmeta.ru/me/formula/aux/1041_95_KONEChNOI">k(g)</formula>
    <formula uri="http://libmeta.ru/me/formula/aux/1041_96_KONEChNOI">g</formula>
    <formula uri="http://libmeta.ru/me/formula/aux/1041_97_KONEChNOI">k</formula>
    <formula uri="http://libmeta.ru/me/formula/aux/1041_98_KONEChNOI">k</formula>
    <formula uri="http://libmeta.ru/me/formula/aux/1041_99_KONEChNOI">k</formula>
    <formula uri="http://libmeta.ru/me/formula/aux/1041_100_KONEChNOI">g</formula>
    <formula uri="http://libmeta.ru/me/formula/aux/1041_101_KONEChNOI">k</formula>
    <formula uri="http://libmeta.ru/me/formula/aux/1041_102_KONEChNOI">k(g)</formula>
    <formula uri="http://libmeta.ru/me/formula/aux/1041_103_KONEChNOI">k</formula>
    <formula uri="http://libmeta.ru/me/formula/aux/1041_104_KONEChNOI">k</formula>
    <formula uri="http://libmeta.ru/me/formula/aux/1041_105_KONEChNOI">g</formula>
  </formulas_aux>
  <relations n="112">
    <relation uri="http://libmeta.ru/me/relation/1041_1_KONEChNOI">
      <rel_text>представлениями</rel_text>
      <target>http://libmeta.ru/me/article/596_PREDIKATIVNOST</target>
    </relation>
    <relation uri="http://libmeta.ru/me/relation/1041_2_KONEChNOI">
      <rel_text>Индуцированное представление</rel_text>
      <target>http://libmeta.ru/me/article/577_INDUTsIROVANNOE</target>
    </relation>
    <relation uri="http://libmeta.ru/me/relation/1041_3_KONEChNOI">
      <rel_text>полямі</rel_text>
      <target>http://libmeta.ru/me/article/501_POLI0</target>
    </relation>
    <relation uri="http://libmeta.ru/me/relation/1041_4_KONEChNOI">
      <rel_text>результаты</rel_text>
      <target>http://libmeta.ru/me/article/1046_REZUL'TAN</target>
    </relation>
    <relation uri="http://libmeta.ru/me/relation/1041_5_KONEChNOI">
      <rel_text>представлений</rel_text>
      <target>http://libmeta.ru/me/article/3_PREDSTAVLENI</target>
    </relation>
    <relation uri="http://libmeta.ru/me/relation/1041_6_KONEChNOI">
      <rel_text>неразложимых</rel_text>
      <target>http://libmeta.ru/me/article/973_NERAVENSTV</target>
    </relation>
    <relation uri="http://libmeta.ru/me/relation/1041_7_KONEChNOI">
      <rel_text>алгебре</rel_text>
      <target>http://libmeta.ru/me/article/93_ALGEBR</target>
    </relation>
    <relation uri="http://libmeta.ru/me/relation/1041_8_KONEChNOI">
      <rel_text>группы</rel_text>
      <target>http://libmeta.ru/me/article/1207_GRUPІІ</target>
    </relation>
    <relation uri="http://libmeta.ru/me/relation/1041_9_KONEChNOI">
      <rel_text>представления</rel_text>
      <target>http://libmeta.ru/me/article/3_PREDSTAVLENI</target>
    </relation>
    <relation uri="http://libmeta.ru/me/relation/1041_10_KONEChNOI">
      <rel_text>компонент</rel_text>
      <target>http://libmeta.ru/me/article/1009_KOMPLEK</target>
    </relation>
    <relation uri="http://libmeta.ru/me/relation/1041_11_KONEChNOI">
      <rel_text>представлениї</rel_text>
      <target>http://libmeta.ru/me/article/3_PREDSTAVLENI</target>
    </relation>
    <relation uri="http://libmeta.ru/me/relation/1041_12_KONEChNOI">
      <rel_text>представлений</rel_text>
      <target>http://libmeta.ru/me/article/3_PREDSTAVLENI</target>
    </relation>
    <relation uri="http://libmeta.ru/me/relation/1041_13_KONEChNOI">
      <rel_text>неприводимых</rel_text>
      <target>http://libmeta.ru/me/article/957_NEPRERYVNOST</target>
    </relation>
    <relation uri="http://libmeta.ru/me/relation/1041_14_KONEChNOI">
      <rel_text>группы</rel_text>
      <target>http://libmeta.ru/me/article/1207_GRUPІІ</target>
    </relation>
    <relation uri="http://libmeta.ru/me/relation/1041_15_KONEChNOI">
      <rel_text>алгебре</rel_text>
      <target>http://libmeta.ru/me/article/93_ALGEBR</target>
    </relation>
    <relation uri="http://libmeta.ru/me/relation/1041_16_KONEChNOI">
      <rel_text>групповой</rel_text>
      <target>http://libmeta.ru/me/article/1220_GRUPІOI</target>
    </relation>
    <relation uri="http://libmeta.ru/me/relation/1041_17_KONEChNOI">
      <rel_text>Неразложнмые</rel_text>
      <target>http://libmeta.ru/me/article/973_NERAVENSTV</target>
    </relation>
    <relation uri="http://libmeta.ru/me/relation/1041_18_KONEChNOI">
      <rel_text>представления</rel_text>
      <target>http://libmeta.ru/me/article/3_PREDSTAVLENI</target>
    </relation>
    <relation uri="http://libmeta.ru/me/relation/1041_19_KONEChNOI">
      <rel_text>факторы</rel_text>
      <target>http://libmeta.ru/me/article/659_FAKTO</target>
    </relation>
    <relation uri="http://libmeta.ru/me/relation/1041_20_KONEChNOI">
      <rel_text>представления</rel_text>
      <target>http://libmeta.ru/me/article/3_PREDSTAVLENI</target>
    </relation>
    <relation uri="http://libmeta.ru/me/relation/1041_21_KONEChNOI">
      <rel_text>функцию</rel_text>
      <target>http://libmeta.ru/me/article/790_FUNKTO</target>
    </relation>
    <relation uri="http://libmeta.ru/me/relation/1041_22_KONEChNOI">
      <rel_text>формула</rel_text>
      <target>http://libmeta.ru/me/article/741_FORMUL</target>
    </relation>
    <relation uri="http://libmeta.ru/me/relation/1041_23_KONEChNOI">
      <rel_text>порядок</rel_text>
      <target>http://libmeta.ru/me/article/531_PORJaDO</target>
    </relation>
    <relation uri="http://libmeta.ru/me/relation/1041_24_KONEChNOI">
      <rel_text>поле</rel_text>
      <target>http://libmeta.ru/me/article/390_POL</target>
    </relation>
    <relation uri="http://libmeta.ru/me/relation/1041_25_KONEChNOI">
      <rel_text>степені</rel_text>
      <target>http://libmeta.ru/me/article/213_STEPEN</target>
    </relation>
    <relation uri="http://libmeta.ru/me/relation/1041_26_KONEChNOI">
      <rel_text>корень</rel_text>
      <target>http://libmeta.ru/me/article/10_KOREN</target>
    </relation>
    <relation uri="http://libmeta.ru/me/relation/1041_27_KONEChNOI">
      <rel_text>первообразный</rel_text>
      <target>http://libmeta.ru/me/article/217_PERVOOBRAZNA</target>
    </relation>
    <relation uri="http://libmeta.ru/me/relation/1041_28_KONEChNOI">
      <rel_text>характер</rel_text>
      <target>http://libmeta.ru/me/article/830_HARAKTE</target>
    </relation>
    <relation uri="http://libmeta.ru/me/relation/1041_29_KONEChNOI">
      <rel_text>ортогональности</rel_text>
      <target>http://libmeta.ru/me/article/66_ORTOGONALӤZADI</target>
    </relation>
    <relation uri="http://libmeta.ru/me/relation/1041_30_KONEChNOI">
      <rel_text>матрічных</rel_text>
      <target>http://libmeta.ru/me/article/601_MATRITsAN</target>
    </relation>
    <relation uri="http://libmeta.ru/me/relation/1041_31_KONEChNOI">
      <rel_text>полями</rel_text>
      <target>http://libmeta.ru/me/article/501_POLI0</target>
    </relation>
    <relation uri="http://libmeta.ru/me/relation/1041_32_KONEChNOI">
      <rel_text>единицы</rel_text>
      <target>http://libmeta.ru/me/article/389_EDINITs</target>
    </relation>
    <relation uri="http://libmeta.ru/me/relation/1041_33_KONEChNOI">
      <rel_text>степени</rel_text>
      <target>http://libmeta.ru/me/article/213_STEPEN</target>
    </relation>
    <relation uri="http://libmeta.ru/me/relation/1041_34_KONEChNOI">
      <rel_text>Теорія</rel_text>
      <target>http://libmeta.ru/me/article/381_TEORI</target>
    </relation>
    <relation uri="http://libmeta.ru/me/relation/1041_35_KONEChNOI">
      <rel_text>теория</rel_text>
      <target>http://libmeta.ru/me/article/381_TEORI</target>
    </relation>
    <relation uri="http://libmeta.ru/me/relation/1041_36_KONEChNOI">
      <rel_text>группы</rel_text>
      <target>http://libmeta.ru/me/article/1207_GRUPІІ</target>
    </relation>
    <relation uri="http://libmeta.ru/me/relation/1041_37_KONEChNOI">
      <rel_text>представлений</rel_text>
      <target>http://libmeta.ru/me/article/3_PREDSTAVLENI</target>
    </relation>
    <relation uri="http://libmeta.ru/me/relation/1041_38_KONEChNOI">
      <rel_text>группы</rel_text>
      <target>http://libmeta.ru/me/article/1207_GRUPІІ</target>
    </relation>
    <relation uri="http://libmeta.ru/me/relation/1041_39_KONEChNOI">
      <rel_text>строением</rel_text>
      <target>http://libmeta.ru/me/article/266_STROFOID</target>
    </relation>
    <relation uri="http://libmeta.ru/me/relation/1041_40_KONEChNOI">
      <rel_text>Теория</rel_text>
      <target>http://libmeta.ru/me/article/381_TEORI</target>
    </relation>
    <relation uri="http://libmeta.ru/me/relation/1041_41_KONEChNOI">
      <rel_text>группы</rel_text>
      <target>http://libmeta.ru/me/article/1207_GRUPІІ</target>
    </relation>
    <relation uri="http://libmeta.ru/me/relation/1041_42_KONEChNOI">
      <rel_text>характеристикой</rel_text>
      <target>http://libmeta.ru/me/article/839_HARAKTERISTIK</target>
    </relation>
    <relation uri="http://libmeta.ru/me/relation/1041_43_KONEChNOI">
      <rel_text>конечное поле</rel_text>
      <target>http://libmeta.ru/me/article/1040_KONEChNOE</target>
    </relation>
    <relation uri="http://libmeta.ru/me/relation/1041_44_KONEChNOI">
      <rel_text>нормирования</rel_text>
      <target>http://libmeta.ru/me/article/1034_NORMALIZATO</target>
    </relation>
    <relation uri="http://libmeta.ru/me/relation/1041_45_KONEChNOI">
      <rel_text>дискретного</rel_text>
      <target>http://libmeta.ru/me/article/215_DISKREPAN</target>
    </relation>
    <relation uri="http://libmeta.ru/me/relation/1041_46_KONEChNOI">
      <rel_text>полное</rel_text>
      <target>http://libmeta.ru/me/article/501_POLI0</target>
    </relation>
    <relation uri="http://libmeta.ru/me/relation/1041_47_KONEChNOI">
      <rel_text>нуль</rel_text>
      <target>http://libmeta.ru/me/article/1087_NUL</target>
    </relation>
    <relation uri="http://libmeta.ru/me/relation/1041_48_KONEChNOI">
      <rel_text>характеристики</rel_text>
      <target>http://libmeta.ru/me/article/839_HARAKTERISTIK</target>
    </relation>
    <relation uri="http://libmeta.ru/me/relation/1041_49_KONEChNOI">
      <rel_text>локальное поле</rel_text>
      <target>http://libmeta.ru/me/article/456_LOKALBNOE</target>
    </relation>
    <relation uri="http://libmeta.ru/me/relation/1041_50_KONEChNOI">
      <rel_text>вполне приводимые</rel_text>
      <target>http://libmeta.ru/me/article/797_VPOLNE</target>
    </relation>
    <relation uri="http://libmeta.ru/me/relation/1041_51_KONEChNOI">
      <rel_text>полупроста</rel_text>
      <target>http://libmeta.ru/me/article/457_POLUGRUPP</target>
    </relation>
    <relation uri="http://libmeta.ru/me/relation/1041_52_KONEChNOI">
      <rel_text>группы</rel_text>
      <target>http://libmeta.ru/me/article/1207_GRUPІІ</target>
    </relation>
    <relation uri="http://libmeta.ru/me/relation/1041_53_KONEChNOI">
      <rel_text>алгебра</rel_text>
      <target>http://libmeta.ru/me/article/93_ALGEBR</target>
    </relation>
    <relation uri="http://libmeta.ru/me/relation/1041_54_KONEChNOI">
      <rel_text>групповая</rel_text>
      <target>http://libmeta.ru/me/article/1220_GRUPІOI</target>
    </relation>
    <relation uri="http://libmeta.ru/me/relation/1041_55_KONEChNOI">
      <rel_text>порядка</rel_text>
      <target>http://libmeta.ru/me/article/531_PORJaDO</target>
    </relation>
    <relation uri="http://libmeta.ru/me/relation/1041_56_KONEChNOI">
      <rel_text>делитель</rel_text>
      <target>http://libmeta.ru/me/article/101_DELIMOST</target>
    </relation>
    <relation uri="http://libmeta.ru/me/relation/1041_57_KONEChNOI">
      <rel_text>характеристика</rel_text>
      <target>http://libmeta.ru/me/article/839_HARAKTERISTIK</target>
    </relation>
    <relation uri="http://libmeta.ru/me/relation/1041_58_KONEChNOI">
      <rel_text>нуль</rel_text>
      <target>http://libmeta.ru/me/article/1087_NUL</target>
    </relation>
    <relation uri="http://libmeta.ru/me/relation/1041_59_KONEChNOI">
      <rel_text>характеристики</rel_text>
      <target>http://libmeta.ru/me/article/839_HARAKTERISTIK</target>
    </relation>
    <relation uri="http://libmeta.ru/me/relation/1041_60_KONEChNOI">
      <rel_text>поле</rel_text>
      <target>http://libmeta.ru/me/article/390_POL</target>
    </relation>
    <relation uri="http://libmeta.ru/me/relation/1041_61_KONEChNOI">
      <rel_text>ортогональности</rel_text>
      <target>http://libmeta.ru/me/article/66_ORTOGONALӤZADI</target>
    </relation>
    <relation uri="http://libmeta.ru/me/relation/1041_62_KONEChNOI">
      <rel_text>матричных</rel_text>
      <target>http://libmeta.ru/me/article/601_MATRITsAN</target>
    </relation>
    <relation uri="http://libmeta.ru/me/relation/1041_63_KONEChNOI">
      <rel_text>поле</rel_text>
      <target>http://libmeta.ru/me/article/390_POL</target>
    </relation>
    <relation uri="http://libmeta.ru/me/relation/1041_64_KONEChNOI">
      <rel_text>единицы</rel_text>
      <target>http://libmeta.ru/me/article/389_EDINITs</target>
    </relation>
    <relation uri="http://libmeta.ru/me/relation/1041_65_KONEChNOI">
      <rel_text>корней</rel_text>
      <target>http://libmeta.ru/me/article/10_KOREN</target>
    </relation>
    <relation uri="http://libmeta.ru/me/relation/1041_66_KONEChNOI">
      <rel_text>множестве</rel_text>
      <target>http://libmeta.ru/me/article/733_MNOZhESTV</target>
    </relation>
    <relation uri="http://libmeta.ru/me/relation/1041_67_KONEChNOI">
      <rel_text>характер</rel_text>
      <target>http://libmeta.ru/me/article/830_HARAKTE</target>
    </relation>
    <relation uri="http://libmeta.ru/me/relation/1041_68_KONEChNOI">
      <rel_text>поле</rel_text>
      <target>http://libmeta.ru/me/article/390_POL</target>
    </relation>
    <relation uri="http://libmeta.ru/me/relation/1041_69_KONEChNOI">
      <rel_text>поле</rel_text>
      <target>http://libmeta.ru/me/article/390_POL</target>
    </relation>
    <relation uri="http://libmeta.ru/me/relation/1041_70_KONEChNOI">
      <rel_text>группы</rel_text>
      <target>http://libmeta.ru/me/article/1207_GRUPІІ</target>
    </relation>
    <relation uri="http://libmeta.ru/me/relation/1041_71_KONEChNOI">
      <rel_text>подгрупп</rel_text>
      <target>http://libmeta.ru/me/article/353_PODGRUPP</target>
    </relation>
    <relation uri="http://libmeta.ru/me/relation/1041_72_KONEChNOI">
      <rel_text>группы</rel_text>
      <target>http://libmeta.ru/me/article/1207_GRUPІІ</target>
    </relation>
    <relation uri="http://libmeta.ru/me/relation/1041_73_KONEChNOI">
      <rel_text>представлений</rel_text>
      <target>http://libmeta.ru/me/article/3_PREDSTAVLENI</target>
    </relation>
    <relation uri="http://libmeta.ru/me/relation/1041_74_KONEChNOI">
      <rel_text>неприводимых</rel_text>
      <target>http://libmeta.ru/me/article/957_NEPRERYVNOST</target>
    </relation>
    <relation uri="http://libmeta.ru/me/relation/1041_75_KONEChNOI">
      <rel_text>число</rel_text>
      <target>http://libmeta.ru/me/article/1009_ChISL</target>
    </relation>
    <relation uri="http://libmeta.ru/me/relation/1041_76_KONEChNOI">
      <rel_text>единицы</rel_text>
      <target>http://libmeta.ru/me/article/389_EDINITs</target>
    </relation>
    <relation uri="http://libmeta.ru/me/relation/1041_77_KONEChNOI">
      <rel_text>степени</rel_text>
      <target>http://libmeta.ru/me/article/213_STEPEN</target>
    </relation>
    <relation uri="http://libmeta.ru/me/relation/1041_78_KONEChNOI">
      <rel_text>корней</rel_text>
      <target>http://libmeta.ru/me/article/10_KOREN</target>
    </relation>
    <relation uri="http://libmeta.ru/me/relation/1041_79_KONEChNOI">
      <rel_text>получаемого</rel_text>
      <target>http://libmeta.ru/me/article/457_POLUGRUPP</target>
    </relation>
    <relation uri="http://libmeta.ru/me/relation/1041_80_KONEChNOI">
      <rel_text>группой</rel_text>
      <target>http://libmeta.ru/me/article/1207_GRUPІІ</target>
    </relation>
    <relation uri="http://libmeta.ru/me/relation/1041_81_KONEChNOI">
      <rel_text>связана</rel_text>
      <target>http://libmeta.ru/me/article/1222_SVJaZK</target>
    </relation>
    <relation uri="http://libmeta.ru/me/relation/1041_82_KONEChNOI">
      <rel_text>теория</rel_text>
      <target>http://libmeta.ru/me/article/381_TEORI</target>
    </relation>
    <relation uri="http://libmeta.ru/me/relation/1041_83_KONEChNOI">
      <rel_text>поле</rel_text>
      <target>http://libmeta.ru/me/article/390_POL</target>
    </relation>
    <relation uri="http://libmeta.ru/me/relation/1041_84_KONEChNOI">
      <rel_text>группы</rel_text>
      <target>http://libmeta.ru/me/article/1207_GRUPІІ</target>
    </relation>
    <relation uri="http://libmeta.ru/me/relation/1041_85_KONEChNOI">
      <rel_text>порядков</rel_text>
      <target>http://libmeta.ru/me/article/531_PORJaDO</target>
    </relation>
    <relation uri="http://libmeta.ru/me/relation/1041_86_KONEChNOI">
      <rel_text>кратное</rel_text>
      <target>http://libmeta.ru/me/article/82_KRATNO</target>
    </relation>
    <relation uri="http://libmeta.ru/me/relation/1041_87_KONEChNOI">
      <rel_text>степени</rel_text>
      <target>http://libmeta.ru/me/article/213_STEPEN</target>
    </relation>
    <relation uri="http://libmeta.ru/me/relation/1041_88_KONEChNOI">
      <rel_text>единицы</rel_text>
      <target>http://libmeta.ru/me/article/389_EDINITs</target>
    </relation>
    <relation uri="http://libmeta.ru/me/relation/1041_89_KONEChNOI">
      <rel_text>конечное поле</rel_text>
      <target>http://libmeta.ru/me/article/1040_KONEChNOE</target>
    </relation>
    <relation uri="http://libmeta.ru/me/relation/1041_90_KONEChNOI">
      <rel_text>нуль</rel_text>
      <target>http://libmeta.ru/me/article/1087_NUL</target>
    </relation>
    <relation uri="http://libmeta.ru/me/relation/1041_91_KONEChNOI">
      <rel_text>характеристики</rel_text>
      <target>http://libmeta.ru/me/article/839_HARAKTERISTIK</target>
    </relation>
    <relation uri="http://libmeta.ru/me/relation/1041_92_KONEChNOI">
      <rel_text>поле</rel_text>
      <target>http://libmeta.ru/me/article/390_POL</target>
    </relation>
    <relation uri="http://libmeta.ru/me/relation/1041_93_KONEChNOI">
      <rel_text>неприводимого</rel_text>
      <target>http://libmeta.ru/me/article/957_NEPRERYVNOST</target>
    </relation>
    <relation uri="http://libmeta.ru/me/relation/1041_94_KONEChNOI">
      <rel_text>поле</rel_text>
      <target>http://libmeta.ru/me/article/390_POL</target>
    </relation>
    <relation uri="http://libmeta.ru/me/relation/1041_95_KONEChNOI">
      <rel_text>неприводимым</rel_text>
      <target>http://libmeta.ru/me/article/957_NEPRERYVNOST</target>
    </relation>
    <relation uri="http://libmeta.ru/me/relation/1041_96_KONEChNOI">
      <rel_text>неприводимого</rel_text>
      <target>http://libmeta.ru/me/article/957_NEPRERYVNOST</target>
    </relation>
    <relation uri="http://libmeta.ru/me/relation/1041_97_KONEChNOI">
      <rel_text>поле</rel_text>
      <target>http://libmeta.ru/me/article/390_POL</target>
    </relation>
    <relation uri="http://libmeta.ru/me/relation/1041_98_KONEChNOI">
      <rel_text>неприводимые</rel_text>
      <target>http://libmeta.ru/me/article/957_NEPRERYVNOST</target>
    </relation>
    <relation uri="http://libmeta.ru/me/relation/1041_99_KONEChNOI">
      <rel_text>представления</rel_text>
      <target>http://libmeta.ru/me/article/3_PREDSTAVLENI</target>
    </relation>
    <relation uri="http://libmeta.ru/me/relation/1041_100_KONEChNOI">
      <rel_text>группы</rel_text>
      <target>http://libmeta.ru/me/article/1207_GRUPІІ</target>
    </relation>
    <relation uri="http://libmeta.ru/me/relation/1041_101_KONEChNOI">
      <rel_text>порядку</rel_text>
      <target>http://libmeta.ru/me/article/531_PORJaDO</target>
    </relation>
    <relation uri="http://libmeta.ru/me/relation/1041_102_KONEChNOI">
      <rel_text>представителей</rel_text>
      <target>http://libmeta.ru/me/article/3_PREDSTAVLENI</target>
    </relation>
    <relation uri="http://libmeta.ru/me/relation/1041_103_KONEChNOI">
      <rel_text>квадратов</rel_text>
      <target>http://libmeta.ru/me/article/796_KVADRAN</target>
    </relation>
    <relation uri="http://libmeta.ru/me/relation/1041_104_KONEChNOI">
      <rel_text>группы</rel_text>
      <target>http://libmeta.ru/me/article/1207_GRUPІІ</target>
    </relation>
    <relation uri="http://libmeta.ru/me/relation/1041_105_KONEChNOI">
      <rel_text>неприводимых</rel_text>
      <target>http://libmeta.ru/me/article/957_NEPRERYVNOST</target>
    </relation>
    <relation uri="http://libmeta.ru/me/relation/1041_106_KONEChNOI">
      <rel_text>эквивалентности</rel_text>
      <target>http://libmeta.ru/me/article/1105_EKVIVALENTNOST</target>
    </relation>
    <relation uri="http://libmeta.ru/me/relation/1041_107_KONEChNOI">
      <rel_text>число</rel_text>
      <target>http://libmeta.ru/me/article/1009_ChISL</target>
    </relation>
    <relation uri="http://libmeta.ru/me/relation/1041_108_KONEChNOI">
      <rel_text>поле</rel_text>
      <target>http://libmeta.ru/me/article/390_POL</target>
    </relation>
    <relation uri="http://libmeta.ru/me/relation/1041_109_KONEChNOI">
      <rel_text>теория</rel_text>
      <target>http://libmeta.ru/me/article/381_TEORI</target>
    </relation>
    <relation uri="http://libmeta.ru/me/relation/1041_110_KONEChNOI">
      <rel_text>порядка</rel_text>
      <target>http://libmeta.ru/me/article/531_PORJaDO</target>
    </relation>
    <relation uri="http://libmeta.ru/me/relation/1041_111_KONEChNOI">
      <rel_text>делителем</rel_text>
      <target>http://libmeta.ru/me/article/101_DELIMOST</target>
    </relation>
    <relation uri="http://libmeta.ru/me/relation/1041_112_KONEChNOI">
      <rel_text>характеристика</rel_text>
      <target>http://libmeta.ru/me/article/839_HARAKTERISTIK</target>
    </relation>
  </relations>
  <text>Гомоморфизм конечной грунпы $URI[[http://libmeta.ru/me/formula/aux/1041_1_KONEChNOI]]/URI$ в группу обратимых линейных операторов в векторном пространстве над полем K. Теория К. г. П. является наиболее разработанным (и одним из наиболее важных) разделом теории представлений групп.

Теория К. г. п. над полем $URI[[http://libmeta.ru/me/formula/aux/1041_2_KONEChNOI]]/URI$ является частью теории представлений компактных групп, и все результаты этой теории (теорема Петера - Вейля, теория характеров, соотношения ортогональности и т. д.) справедливы (и притом упрощаются) для К. г. п. В частности, любое К. г. П. в топологич. векторном пространстве является суммой представлений, кратных неприводимым. С другой стороны, в теории К. г. п. есть ряд существенных результатов, использующих специфику конечных групп. Напр., для данной конечной группы $URI[[http://libmeta.ru/me/formula/aux/1041_3_KONEChNOI]]/URI$ число различных классов эквивалентности К. г. П. равно числу классов сопряженных элементов в $URI[[http://libmeta.ru/me/formula/aux/1041_4_KONEChNOI]]/URI$; сумма квадратов размерностей представителей классов эквивалентности К. г. п. равна порядку $URI[[http://libmeta.ru/me/formula/aux/1041_5_KONEChNOI]]/URI$ группы $URI[[http://libmeta.ru/me/formula/aux/1041_6_KONEChNOI]]/URI$; размерность любого неприводимого К. г. п. является делителем индекса любого абелева нормального делителя в $URI[[http://libmeta.ru/me/formula/aux/1041_7_KONEChNOI]]/URI$ (в частности, делителем порядка $URI[[http://libmeta.ru/me/formula/aux/1041_8_KONEChNOI]]/URI$ и не превосходит индекса абелевых подгрупп в G. Если $URI[[http://libmeta.ru/me/formula/aux/1041_9_KONEChNOI]]/URI$ - характер К. г. П. $URI[[http://libmeta.ru/me/formula/aux/1041_10_KONEChNOI]]/URI$ размерность $URI[[http://libmeta.ru/me/formula/aux/1041_11_KONEChNOI]]/URI$, то для всех $URI[[http://libmeta.ru/me/formula/aux/1041_12_KONEChNOI]]/URI$ и всех классов сопряженных элементов $URI[[http://libmeta.ru/me/formula/aux/1041_13_KONEChNOI]]/URI$ числа $URI[[http://libmeta.ru/me/formula/aux/1041_14_KONEChNOI]]/URI$ и $URI[[http://libmeta.ru/me/formula/aux/1041_15_KONEChNOI]]/URI$ являются целыми алгебраическими. Каждый характер группы $URI[[http://libmeta.ru/me/formula/aux/1041_16_KONEChNOI]]/URI$ является линейной комбинацией характеров К. г. п., индуцированных (см. URI[[http://libmeta.ru/me/relation/1041_2_KONEChNOI]]/URI) URI[[http://libmeta.ru/me/relation/1041_1_KONEChNOI]]/URI ее циклических подгрупп и линейной комбинацией с целыми коәффициентами характеров К. г. п., индуцированных одномерными представлениями подгрупп. Группа $URI[[http://libmeta.ru/me/formula/aux/1041_17_KONEChNOI]]/URI$ наз. $URI[[http://libmeta.ru/me/formula/aux/1041_18_KONEChNOI]]/URI$-элементарной, если она является произведением группы, порядок к-рой равен степени простого числа $URI[[http://libmeta.ru/me/formula/aux/1041_19_KONEChNOI]]/URI$, и циклич. группы порядка, взаимно простого с $URI[[http://libmeta.ru/me/formula/aux/1041_20_KONEChNOI]]/URI$; группа $URI[[http://libmeta.ru/me/formula/aux/1041_21_KONEChNOI]]/URI$ наз. элементарной, если она $URI[[http://libmeta.ru/me/formula/aux/1041_22_KONEChNOI]]/URI$ элементарна для нек-рого простого $URI[[http://libmeta.ru/me/formula/aux/1041_23_KONEChNOI]]/URI$. Любой характер конечной группы $URI[[http://libmeta.ru/me/formula/aux/1041_24_KONEChNOI]]/URI$ является линейной комбинацией с целыми коэффициентами характеров К. г. п., индуцированных представлениями элементарных подгрупп $URI[[http://libmeta.ru/me/formula/aux/1041_25_KONEChNOI]]/URI$ (теорема Брауэра, допускающая обобщение на случай поля произвольной характеристики). Если группа $URI[[http://libmeta.ru/me/formula/aux/1041_26_KONEChNOI]]/URI$ сверхразрешима, т. е. допускает композиционный ряд из нормальных делителей с циклическими факторами, то любое неприводимое К. г. п. для $URI[[http://libmeta.ru/me/formula/aux/1041_27_KONEChNOI]]/URI$ индуцировано одномерным представлением нек-рой подгруппы.

В случае, если URI[[http://libmeta.ru/me/relation/1041_112_KONEChNOI]]/URI $URI[[http://libmeta.ru/me/formula/aux/1041_28_KONEChNOI]]/URI$ поля $URI[[http://libmeta.ru/me/formula/aux/1041_29_KONEChNOI]]/URI$ не является URI[[http://libmeta.ru/me/relation/1041_111_KONEChNOI]]/URI URI[[http://libmeta.ru/me/relation/1041_110_KONEChNOI]]/URI $URI[[http://libmeta.ru/me/formula/aux/1041_30_KONEChNOI]]/URI$, URI[[http://libmeta.ru/me/relation/1041_109_KONEChNOI]]/URI мало отличается от случая $URI[[http://libmeta.ru/me/formula/aux/1041_31_KONEChNOI]]/URI$. В частности, любое конечномерное К. г. П. вполне приводимо; если $URI[[http://libmeta.ru/me/formula/aux/1041_32_KONEChNOI]]/URI$ - алгебраически замкнутое URI[[http://libmeta.ru/me/relation/1041_108_KONEChNOI]]/URI, то URI[[http://libmeta.ru/me/relation/1041_107_KONEChNOI]]/URI классов URI[[http://libmeta.ru/me/relation/1041_106_KONEChNOI]]/URI URI[[http://libmeta.ru/me/relation/1041_105_KONEChNOI]]/URI К. г. п. над $URI[[http://libmeta.ru/me/formula/aux/1041_33_KONEChNOI]]/URI$ равно числу классов сопряженных элөментов URI[[http://libmeta.ru/me/relation/1041_104_KONEChNOI]]/URI, а сумма URI[[http://libmeta.ru/me/relation/1041_103_KONEChNOI]]/URI размерностей URI[[http://libmeta.ru/me/relation/1041_102_KONEChNOI]]/URI этих классов равна URI[[http://libmeta.ru/me/relation/1041_101_KONEChNOI]]/URI URI[[http://libmeta.ru/me/relation/1041_100_KONEChNOI]]/URI. Но для алгебраически замкнутого поля $URI[[http://libmeta.ru/me/formula/aux/1041_34_KONEChNOI]]/URI$ могут существовать URI[[http://libmeta.ru/me/relation/1041_99_KONEChNOI]]/URI, URI[[http://libmeta.ru/me/relation/1041_98_KONEChNOI]]/URI над $URI[[http://libmeta.ru/me/formula/aux/1041_35_KONEChNOI]]/URI$, но приводимые над его расширениями; URI[[http://libmeta.ru/me/relation/1041_97_KONEChNOI]]/URI $URI[[http://libmeta.ru/me/formula/aux/1041_36_KONEChNOI]]/URI$ наз. полем разложения URI[[http://libmeta.ru/me/relation/1041_96_KONEChNOI]]/URI К. г. п. $URI[[http://libmeta.ru/me/formula/aux/1041_37_KONEChNOI]]/URI$, если $URI[[http://libmeta.ru/me/formula/aux/1041_38_KONEChNOI]]/URI$ остается URI[[http://libmeta.ru/me/relation/1041_95_KONEChNOI]]/URI над любым расширением поля $URI[[http://libmeta.ru/me/formula/aux/1041_39_KONEChNOI]]/URI$, и - полем разложения для $URI[[http://libmeta.ru/me/formula/aux/1041_40_KONEChNOI]]/URI$, если $URI[[http://libmeta.ru/me/formula/aux/1041_41_KONEChNOI]]/URI$ есть URI[[http://libmeta.ru/me/relation/1041_94_KONEChNOI]]/URI разложения для любого URI[[http://libmeta.ru/me/relation/1041_93_KONEChNOI]]/URI К. г. п. для $URI[[http://libmeta.ru/me/formula/aux/1041_42_KONEChNOI]]/URI$. Если $URI[[http://libmeta.ru/me/formula/aux/1041_43_KONEChNOI]]/URI$ - URI[[http://libmeta.ru/me/relation/1041_92_KONEChNOI]]/URI URI[[http://libmeta.ru/me/relation/1041_91_KONEChNOI]]/URI URI[[http://libmeta.ru/me/relation/1041_90_KONEChNOI]]/URI или URI[[http://libmeta.ru/me/relation/1041_89_KONEChNOI]]/URI, содержащее корни из URI[[http://libmeta.ru/me/relation/1041_88_KONEChNOI]]/URI URI[[http://libmeta.ru/me/relation/1041_87_KONEChNOI]]/URI $URI[[http://libmeta.ru/me/formula/aux/1041_44_KONEChNOI]]/URI$, где $URI[[http://libmeta.ru/me/formula/aux/1041_45_KONEChNOI]]/URI$ - наименьшее общее URI[[http://libmeta.ru/me/relation/1041_86_KONEChNOI]]/URI URI[[http://libmeta.ru/me/relation/1041_85_KONEChNOI]]/URI элементов URI[[http://libmeta.ru/me/relation/1041_84_KONEChNOI]]/URI $URI[[http://libmeta.ru/me/formula/aux/1041_46_KONEChNOI]]/URI$, то $URI[[http://libmeta.ru/me/formula/aux/1041_47_KONEChNOI]]/URI$ - URI[[http://libmeta.ru/me/relation/1041_83_KONEChNOI]]/URI разложения для $URI[[http://libmeta.ru/me/formula/aux/1041_48_KONEChNOI]]/URI$; URI[[http://libmeta.ru/me/relation/1041_82_KONEChNOI]]/URI К. г. п. над полем, не являющимся полем разложения, URI[[http://libmeta.ru/me/relation/1041_81_KONEChNOI]]/URI с URI[[http://libmeta.ru/me/relation/1041_80_KONEChNOI]]/URI Галуа расширения данного поли, URI[[http://libmeta.ru/me/relation/1041_79_KONEChNOI]]/URI присоединением всех URI[[http://libmeta.ru/me/relation/1041_78_KONEChNOI]]/URI $URI[[http://libmeta.ru/me/formula/aux/1041_49_KONEChNOI]]/URI$-й URI[[http://libmeta.ru/me/relation/1041_77_KONEChNOI]]/URI из URI[[http://libmeta.ru/me/relation/1041_76_KONEChNOI]]/URI. В частности, URI[[http://libmeta.ru/me/relation/1041_75_KONEChNOI]]/URI классов URI[[http://libmeta.ru/me/relation/1041_74_KONEChNOI]]/URI URI[[http://libmeta.ru/me/relation/1041_73_KONEChNOI]]/URI URI[[http://libmeta.ru/me/relation/1041_72_KONEChNOI]]/URI $URI[[http://libmeta.ru/me/formula/aux/1041_50_KONEChNOI]]/URI$ над полем рациональных чисел равно числу классов сопряженности циклич. URI[[http://libmeta.ru/me/relation/1041_71_KONEChNOI]]/URI этой URI[[http://libmeta.ru/me/relation/1041_70_KONEChNOI]]/URI; если $URI[[http://libmeta.ru/me/formula/aux/1041_51_KONEChNOI]]/URI$ со- $URI[[http://libmeta.ru/me/formula/aux/1041_52_KONEChNOI]]/URI$ вершенное URI[[http://libmeta.ru/me/relation/1041_69_KONEChNOI]]/URI, то существует URI[[http://libmeta.ru/me/relation/1041_68_KONEChNOI]]/URI разложения для $URI[[http://libmeta.ru/me/formula/aux/1041_53_KONEChNOI]]/URI$, конечное над $URI[[http://libmeta.ru/me/formula/aux/1041_54_KONEChNOI]]/URI$. Для любого поля $URI[[http://libmeta.ru/me/formula/aux/1041_55_KONEChNOI]]/URI$ URI[[http://libmeta.ru/me/relation/1041_67_KONEChNOI]]/URI любого K. г. п. принимает значение во URI[[http://libmeta.ru/me/relation/1041_66_KONEChNOI]]/URI конечных сумм URI[[http://libmeta.ru/me/relation/1041_65_KONEChNOI]]/URI из URI[[http://libmeta.ru/me/relation/1041_64_KONEChNOI]]/URI в URI[[http://libmeta.ru/me/relation/1041_63_KONEChNOI]]/URI $URI[[http://libmeta.ru/me/formula/aux/1041_56_KONEChNOI]]/URI$, и для URI[[http://libmeta.ru/me/relation/1041_62_KONEChNOI]]/URI әлементов и характеров справедлив аналог соотношений URI[[http://libmeta.ru/me/relation/1041_61_KONEChNOI]]/URI и их следствий; в частности, если $URI[[http://libmeta.ru/me/formula/aux/1041_57_KONEChNOI]]/URI$ URI[[http://libmeta.ru/me/relation/1041_60_KONEChNOI]]/URI разложения для $URI[[http://libmeta.ru/me/formula/aux/1041_58_KONEChNOI]]/URI$ URI[[http://libmeta.ru/me/relation/1041_59_KONEChNOI]]/URI URI[[http://libmeta.ru/me/relation/1041_58_KONEChNOI]]/URI, то К. г. п. с характером $URI[[http://libmeta.ru/me/formula/aux/1041_59_KONEChNOI]]/URI$ неприводимо тогда и только тогда, когда $URI[[http://libmeta.ru/me/formula/aux/1041_60_KONEChNOI]]/URI$. Если URI[[http://libmeta.ru/me/relation/1041_57_KONEChNOI]]/URI $URI[[http://libmeta.ru/me/formula/aux/1041_61_KONEChNOI]]/URI$ поля $URI[[http://libmeta.ru/me/formula/aux/1041_62_KONEChNOI]]/URI$ - URI[[http://libmeta.ru/me/relation/1041_56_KONEChNOI]]/URI URI[[http://libmeta.ru/me/relation/1041_55_KONEChNOI]]/URI $URI[[http://libmeta.ru/me/formula/aux/1041_63_KONEChNOI]]/URI$, то URI[[http://libmeta.ru/me/relation/1041_54_KONEChNOI]]/URI URI[[http://libmeta.ru/me/relation/1041_53_KONEChNOI]]/URI URI[[http://libmeta.ru/me/relation/1041_52_KONEChNOI]]/URI $URI[[http://libmeta.ru/me/formula/aux/1041_64_KONEChNOI]]/URI$ над полем $URI[[http://libmeta.ru/me/formula/aux/1041_65_KONEChNOI]]/URI$ не URI[[http://libmeta.ru/me/relation/1041_51_KONEChNOI]]/URI, и существуют не URI[[http://libmeta.ru/me/relation/1041_50_KONEChNOI]]/URI К. г. П. над $URI[[http://libmeta.ru/me/formula/aux/1041_66_KONEChNOI]]/URI$. Пусть $URI[[http://libmeta.ru/me/formula/aux/1041_67_KONEChNOI]]/URI$ - URI[[http://libmeta.ru/me/relation/1041_49_KONEChNOI]]/URI URI[[http://libmeta.ru/me/relation/1041_48_KONEChNOI]]/URI URI[[http://libmeta.ru/me/relation/1041_47_KONEChNOI]]/URI, URI[[http://libmeta.ru/me/relation/1041_46_KONEChNOI]]/URI относительно нек-рого URI[[http://libmeta.ru/me/relation/1041_45_KONEChNOI]]/URI URI[[http://libmeta.ru/me/relation/1041_44_KONEChNOI]]/URI, $URI[[http://libmeta.ru/me/formula/aux/1041_68_KONEChNOI]]/URI$ - URI[[http://libmeta.ru/me/relation/1041_43_KONEChNOI]]/URI классов вычетов поля $URI[[http://libmeta.ru/me/formula/aux/1041_69_KONEChNOI]]/URI$ с URI[[http://libmeta.ru/me/relation/1041_42_KONEChNOI]]/URI $URI[[http://libmeta.ru/me/formula/aux/1041_70_KONEChNOI]]/URI$ К. Г. П. URI[[http://libmeta.ru/me/relation/1041_41_KONEChNOI]]/URI $URI[[http://libmeta.ru/me/formula/aux/1041_71_KONEChNOI]]/URI$ над $URI[[http://libmeta.ru/me/formula/aux/1041_72_KONEChNOI]]/URI$ наз. м о д у л я р н ы м и. URI[[http://libmeta.ru/me/relation/1041_40_KONEChNOI]]/URI модулярных К.г.П. устанавливает более глубокие связи между URI[[http://libmeta.ru/me/relation/1041_39_KONEChNOI]]/URI URI[[http://libmeta.ru/me/relation/1041_38_KONEChNOI]]/URI и свойствами URI[[http://libmeta.ru/me/relation/1041_37_KONEChNOI]]/URI этой URI[[http://libmeta.ru/me/relation/1041_36_KONEChNOI]]/URI, чем URI[[http://libmeta.ru/me/relation/1041_35_KONEChNOI]]/URI К. г. п. над $URI[[http://libmeta.ru/me/formula/aux/1041_73_KONEChNOI]]/URI$. URI[[http://libmeta.ru/me/relation/1041_34_KONEChNOI]]/URI упрощается в случае, если $URI[[http://libmeta.ru/me/formula/aux/1041_74_KONEChNOI]]/URI$ и $URI[[http://libmeta.ru/me/formula/aux/1041_75_KONEChNOI]]/URI$ содержат все корни $URI[[http://libmeta.ru/me/formula/aux/1041_76_KONEChNOI]]/URI$-й URI[[http://libmeta.ru/me/relation/1041_33_KONEChNOI]]/URI из URI[[http://libmeta.ru/me/relation/1041_32_KONEChNOI]]/URI (и поэтому являются URI[[http://libmeta.ru/me/relation/1041_31_KONEChNOI]]/URI разложения); в әтом случае для URI[[http://libmeta.ru/me/relation/1041_30_KONEChNOI]]/URI элементов и характеров справедлив аналог соотношений URI[[http://libmeta.ru/me/relation/1041_29_KONEChNOI]]/URI. Пусть $URI[[http://libmeta.ru/me/formula/aux/1041_77_KONEChNOI]]/URI$ К. Г. П. над $URI[[http://libmeta.ru/me/formula/aux/1041_78_KONEChNOI]]/URI$ его URI[[http://libmeta.ru/me/relation/1041_28_KONEChNOI]]/URI, $URI[[http://libmeta.ru/me/formula/aux/1041_79_KONEChNOI]]/URI$ - URI[[http://libmeta.ru/me/relation/1041_27_KONEChNOI]]/URI URI[[http://libmeta.ru/me/relation/1041_26_KONEChNOI]]/URI $URI[[http://libmeta.ru/me/formula/aux/1041_80_KONEChNOI]]/URI$-ї URI[[http://libmeta.ru/me/relation/1041_25_KONEChNOI]]/URI из едіницы в URI[[http://libmeta.ru/me/relation/1041_24_KONEChNOI]]/URI $URI[[http://libmeta.ru/me/formula/aux/1041_81_KONEChNOI]]/URI$ - его каноническиї̈ образ в $URI[[http://libmeta.ru/me/formula/aux/1041_82_KONEChNOI]]/URI$; пусть $URI[[http://libmeta.ru/me/formula/aux/1041_83_KONEChNOI]]/URI$ - элемент, URI[[http://libmeta.ru/me/relation/1041_23_KONEChNOI]]/URI к-рого взапмно прост с $URI[[http://libmeta.ru/me/formula/aux/1041_84_KONEChNOI]]/URI$, т. е. $URI[[http://libmeta.ru/me/formula/aux/1041_85_KONEChNOI]]/URI$-регулярный әлемент, $URI[[http://libmeta.ru/me/formula/aux/1041_86_KONEChNOI]]/URI$ лярных элементов. Преобразование $URI[[http://libmeta.ru/me/formula/aux/1041_87_KONEChNOI]]/URI$ диагонализуемо и $URI[[http://libmeta.ru/me/formula/aux/1041_88_KONEChNOI]]/URI$ для нек-рых целых $URI[[http://libmeta.ru/me/formula/aux/1041_89_KONEChNOI]]/URI$; URI[[http://libmeta.ru/me/relation/1041_22_KONEChNOI]]/URI $URI[[http://libmeta.ru/me/formula/aux/1041_90_KONEChNOI]]/URI$ определяет URI[[http://libmeta.ru/me/relation/1041_21_KONEChNOI]]/URI $URI[[http://libmeta.ru/me/formula/aux/1041_91_KONEChNOI]]/URI$, наз. х а р а к т е р о м Б р а у ә р а URI[[http://libmeta.ru/me/relation/1041_20_KONEChNOI]]/URI $URI[[http://libmeta.ru/me/formula/aux/1041_92_KONEChNOI]]/URI$; он однозначно определяет композиционные URI[[http://libmeta.ru/me/relation/1041_19_KONEChNOI]]/URI URI[[http://libmeta.ru/me/relation/1041_18_KONEChNOI]]/URI $URI[[http://libmeta.ru/me/formula/aux/1041_93_KONEChNOI]]/URI$ над $URI[[http://libmeta.ru/me/formula/aux/1041_94_KONEChNOI]]/URI$. URI[[http://libmeta.ru/me/relation/1041_17_KONEChNOI]]/URI двусторонние идеалы в URI[[http://libmeta.ru/me/relation/1041_16_KONEChNOI]]/URI URI[[http://libmeta.ru/me/relation/1041_15_KONEChNOI]]/URI $URI[[http://libmeta.ru/me/formula/aux/1041_95_KONEChNOI]]/URI$ URI[[http://libmeta.ru/me/relation/1041_14_KONEChNOI]]/URI $URI[[http://libmeta.ru/me/formula/aux/1041_96_KONEChNOI]]/URI$ над полем $URI[[http://libmeta.ru/me/formula/aux/1041_97_KONEChNOI]]/URI$ наз. блоками; существует классифікация неэквивалентных URI[[http://libmeta.ru/me/relation/1041_13_KONEChNOI]]/URI URI[[http://libmeta.ru/me/relation/1041_12_KONEChNOI]]/URI над $URI[[http://libmeta.ru/me/formula/aux/1041_98_KONEChNOI]]/URI$, неизоморфных URI[[http://libmeta.ru/me/relation/1041_11_KONEChNOI]]/URI над $URI[[http://libmeta.ru/me/formula/aux/1041_99_KONEChNOI]]/URI$ и неизоморфных URI[[http://libmeta.ru/me/relation/1041_10_KONEChNOI]]/URI разложения левого регулярного URI[[http://libmeta.ru/me/relation/1041_9_KONEChNOI]]/URI URI[[http://libmeta.ru/me/relation/1041_8_KONEChNOI]]/URI $URI[[http://libmeta.ru/me/formula/aux/1041_100_KONEChNOI]]/URI$ над $URI[[http://libmeta.ru/me/formula/aux/1041_101_KONEChNOI]]/URI$ в URI[[http://libmeta.ru/me/relation/1041_7_KONEChNOI]]/URI $URI[[http://libmeta.ru/me/formula/aux/1041_102_KONEChNOI]]/URI$ в прямую сумму ненулевых URI[[http://libmeta.ru/me/relation/1041_6_KONEChNOI]]/URI URI[[http://libmeta.ru/me/relation/1041_5_KONEChNOI]]/URI в терминах блоков; эти URI[[http://libmeta.ru/me/relation/1041_4_KONEChNOI]]/URI допускают распространеніе на случай, когда поля $URI[[http://libmeta.ru/me/formula/aux/1041_103_KONEChNOI]]/URI$ и $URI[[http://libmeta.ru/me/formula/aux/1041_104_KONEChNOI]]/URI$ не являются URI[[http://libmeta.ru/me/relation/1041_3_KONEChNOI]]/URI разложения для $URI[[http://libmeta.ru/me/formula/aux/1041_105_KONEChNOI]]/URI$.</text>
  <text_orig>ГОМОморфизм конечной грунпы $G$ в группу обратимых линейных операторов в векторном пространстве над полем K. Теория К. г. П. является наиболее разработанным (и одним из наиболее важных) разделом теории представлений групп.

Теория К. г. п. над полем $\mathbb{C}$ является частью теории представлений компактных групп, и все результаты этой теории (теорема Петера - Вейля, теория характеров, соотношения ортогональности и т. д.) справедливы (и притом упрощаются) для К. г. п. В частности, любое К. г. П. в топологич. векторном пространстве является суммой представлений, кратных неприводимым. С другой стороны, в теории К. г. п. есть ряд существенных результатов, использующих специфику конечных групп. Напр., для данной конечной группы $G$ число различных классов эквивалентности К. г. П. равно числу классов сопряженных элементов в $G$; сумма квадратов размерностей представителей классов эквивалентности К. г. п. равна порядку $|G|$ группы $G$; размерность любого неприводимого К. г. п. является делителем индекса любого абелева нормального делителя в $G$ (в частности, делителем порядка $|G|)$ и не превосходит индекса абелевых подгрупп в G. Если $\chi$ - характер К. г. П. $\pi, d-$ размерность $\pi$, то для всех $s \in G$ и всех классов сопряженных элементов $Q \subset G$ числа $\chi(s)$ и $d^{-1} \sum_{S \in G} \chi(s)$ являются целыми алгебраическими. Каждый характер группы $G$ является линейной комбинацией характеров К. г. п., индуцированных (см. Индуцированное представление) представлениями ее циклических подгрупп и линейной комбинацией с целыми коәффициентами характеров К. г. п., индуцированных одномерными представлениями подгрупп. Группа $H$ наз. $p$-элементарной, если она является произведением группы, порядок к-рой равен степени простого числа $p$, и циклич. группы порядка, взаимно простого с $p$; группа $H$ наз. элементарной, если она $p$ элементарна для нек-рого простого $p$. Любой характер конечной группы $G$ является линейной комбинацией с целыми коэффициентами характеров К. г. п., индуцированных представлениями элементарных подгрупп $H \subset G$ (теорема Брауэра, допускающая обобщение на случай поля произвольной характеристики). Если группа $G$ сверхразрешима, т. е. допускает композиционный ряд из нормальных делителей с циклическими факторами, то любое неприводимое К. г. п. для $G$ индуцировано одномерным представлением нек-рой подгруппы.

В случае, если характеристика $p$ поля $K$ не является делителем порядка $|G|$, теория мало отличается от случая $K=\mathbb{C}$. В частности, любое конечномерное К. г. П. вполне приводимо; если $K$ - алгебраически замкнутое поле, то число классов эквивалентности неприводимых К. г. п. над $K$ равно числу классов сопряженных элөментов группы, а сумма квадратов размерностей представителей этих классов равна порядку группы. Но для алгебраически замкнутого поля $K$ могут существовать представления, неприводимые над $K$, но приводимые над его расширениями; поле $K$ наз. полем разложения неприводимого К. г. п. $\pi$, если $\pi$ остается неприводимым над любым расширением поля $K$, и - полем разложения для $G$, если $K$ есть поле разложения для любого неприводимого К. г. п. для $G$. Если $K$ - поле характеристики нуль или конечное поле, содержащее корни из единицы степени $m$, где $m$ - наименьшее общее кратное порядков элементов группы $G$, то $K$ - поле разложения для $G$; теория К. г. п. над полем, не являющимся полем разложения, связана с группой Галуа расширения данного поли, получаемого присоединением всех корней $m$-й степени из единицы. В частности, число классов неприводимых представлений группы $G$ над полем рациональных чисел равно числу классов сопряженности циклич. подгрупп этой группы; если $K-$ со- $^{-}$ вершенное поле, то существует поле разложения для $\boldsymbol{G}$, конечное над $K$. Для любого поля $K$ характер любого K. г. п. принимает значение во множестве конечных сумм корней из единицы в поле $K$, и для матричных әлементов и характеров справедлив аналог соотношений ортогональности и их следствий; в частности, если $K-$ поле разложения для $G$ характеристики нуль, то К. г. п. с характером $\chi$ неприводимо тогда и только тогда, когда $\sum_{g \in G} \chi(g) \chi\left(g^{-1}\right)=|G|$. Если характеристика $p$ поля $K$ - делитель порядка $|G|$, то групповая алгебра группы $G$ над полем $K$ не полупроста, и существуют не вполне приводимые К. г. П. над $K$. Пусть $k$ - локальное поле характеристики нуль, полное относительно нек-рого дискретного нормирования, $K$ - конечное поле классов вычетов поля $k$ с характеристикой $p ;$ К. Г. П. группы $G$ над $K$ наз. м о д у л я р н ы м и. Теория модулярных К.г.П. устанавливает более глубокие связи между строением группы и свойствами представлений этой группы, чем теория К. г. п. над $\mathbb{C}$. Теорія упрощается в случае, если $k$ и $K$ содержат все корни $m$-й степени из единицы (и поэтому являются полями разложения); в әтом случае для матрічных элементов и характеров справедлив аналог соотношений ортогональности. Пусть $\pi-$ К. Г. П. над $K, \chi-$ его характер, $\Delta$ - первообразный корень $m$-ї степені из едіницы в поле $k, \delta$ - его каноническиї̈ образ в $K$; пусть $s \in G$ - элемент, порядок к-рого взапмно прост с $p$, т. е. $p$-регулярный әлемент, $G_{\text {геg - множество } p \text {-регу- }}$ лярных элементов. Преобразование $\pi(s)$ диагонализуемо и $\chi(s)=\delta^{a_{1}}+\ldots+\delta^{a_{n}}$ для нек-рых целых $a_{1}, \ldots, a_{n}$; формула $\eta(s)=\Delta^{a_{1}}+\ldots+\Delta^{a_{n}}$ определяет функцию $\eta: G_{\mathrm{reg}} \rightarrow k$, наз. х а р а к т е р о м Б р а у ә р а представления $\pi$; он однозначно определяет композиционные факторы представления $\pi$ над $K$. Неразложнмые двусторонние идеалы в групповой алгебре $K(G)$ группы $G$ над полем $K$ наз. блоками; существует классифікация неэквивалентных неприводимых представлений над $k$, неизоморфных представлениї над $K$ и неизоморфных компонент разложения левого регулярного представления группы $G$ над $K$ в алгебре $K(G)$ в прямую сумму ненулевых неразложимых представлений в терминах блоков; эти результаты допускают распространеніе на случай, когда поля $k$ и $K$ не являются полямі разложения для $G$.

Лит.: [1] К ә р т и с Ч., Р а й н е р И., Теория представлений конечных групп и ассоциативных алтебр., пер. с англ., М., 1969; [2] К и р и л ло в А. А., Элементы теории представлений, М., 1972; [3] Н а и м а $\mathbf{~ к ~ М . ~ А . , ~ Т е о р и я ~ п р е д с т а в л е н и и ̆ ~}$ групп, М., 1976; [4] Ј е н г С., Алгебра, пер. с англ., М., 1968; [5] С е р p Ж.-П., Линейные представления конечных групп, пер. с франц., М., 1970. 19 .</text_orig>
</article>
