<?xml version="1.0" ?>
<article uri="http://libmeta.ru/me/article/1042_IIIREDINGERA" alphabetic_pos="1042">
  <title>IIIРЁДИНГЕРА УРАВНЕНИЕ</title>
  <authors/>
  <pages>
    <start>450</start>
    <end>450</end>
  </pages>
  <literature>
    <literature_orig/>
  </literature>
  <formulas_main>
    <formula uri="http://libmeta.ru/me/formula/main/1042_1_IIIREDINGERA">i \hbar \frac{\partial}{\partial t} \psi(t, q)=\widehat{H} \psi(t, q),</formula>
    <formula uri="http://libmeta.ru/me/formula/main/1042_2_IIIREDINGERA">\begin{aligned}\hat{\boldsymbol{p}}_{i}=\frac{\hbar}{i} \frac{\partial}{\partial \boldsymbol{r}_{i}}, \hat{\boldsymbol{r}}_{i} &amp; =\hat{\boldsymbol{r}}_{i} ; \hat{\boldsymbol{p}}_{i}=\boldsymbol{p}_{i}, \hat{\boldsymbol{r}}_{i}=-\frac{\hbar}{i} \frac{\partial}{\partial \boldsymbol{p}_{i}} ; \\i &amp; =1, \ldots, N .\end{aligned}</formula>
    <formula uri="http://libmeta.ru/me/formula/main/1042_3_IIIREDINGERA">i \hbar \frac{\partial}{\partial t} \psi(t, \boldsymbol{r})=-\frac{\hbar^{2}}{2 m} \Delta \psi(t, \boldsymbol{r})+U(\boldsymbol{r}) \psi(t, \boldsymbol{r}) .</formula>
    <formula uri="http://libmeta.ru/me/formula/main/1042_4_IIIREDINGERA">E_{n} \varphi_{n}(q)=\hat{H} \varphi_{n}(q)</formula>
  </formulas_main>
  <formulas_aux>
    <formula uri="http://libmeta.ru/me/formula/aux/1042_1_IIIREDINGERA">\psi(t, q)</formula>
    <formula uri="http://libmeta.ru/me/formula/aux/1042_2_IIIREDINGERA">h=\hat{h}(\hat{p}, \hat{r})</formula>
    <formula uri="http://libmeta.ru/me/formula/aux/1042_3_IIIREDINGERA">h(p, r)</formula>
    <formula uri="http://libmeta.ru/me/formula/aux/1042_4_IIIREDINGERA">p</formula>
    <formula uri="http://libmeta.ru/me/formula/aux/1042_5_IIIREDINGERA">r</formula>
    <formula uri="http://libmeta.ru/me/formula/aux/1042_6_IIIREDINGERA">\left(q=\boldsymbol{r}_{1}, \ldots, \boldsymbol{r}_{N}\right)</formula>
    <formula uri="http://libmeta.ru/me/formula/aux/1042_7_IIIREDINGERA">\left(q=\boldsymbol{p}_{1}\right.</formula>
    <formula uri="http://libmeta.ru/me/formula/aux/1042_8_IIIREDINGERA">\ldots, \boldsymbol{p}_{N}</formula>
    <formula uri="http://libmeta.ru/me/formula/aux/1042_9_IIIREDINGERA">\boldsymbol{a}(t, \boldsymbol{r})</formula>
    <formula uri="http://libmeta.ru/me/formula/aux/1042_10_IIIREDINGERA">\boldsymbol{p}</formula>
    <formula uri="http://libmeta.ru/me/formula/aux/1042_11_IIIREDINGERA">\boldsymbol{p}+\frac{e}{c} \boldsymbol{A}(t, \boldsymbol{r})</formula>
    <formula uri="http://libmeta.ru/me/formula/aux/1042_12_IIIREDINGERA">u(\boldsymbol{r})</formula>
    <formula uri="http://libmeta.ru/me/formula/aux/1042_13_IIIREDINGERA">\psi</formula>
    <formula uri="http://libmeta.ru/me/formula/aux/1042_14_IIIREDINGERA">\hat{h}</formula>
    <formula uri="http://libmeta.ru/me/formula/aux/1042_15_IIIREDINGERA">\hat{h}</formula>
    <formula uri="http://libmeta.ru/me/formula/aux/1042_16_IIIREDINGERA">\psi(t, r)</formula>
    <formula uri="http://libmeta.ru/me/formula/aux/1042_17_IIIREDINGERA">1 / 2</formula>
    <formula uri="http://libmeta.ru/me/formula/aux/1042_18_IIIREDINGERA">(1936)</formula>
    <formula uri="http://libmeta.ru/me/formula/aux/1042_19_IIIREDINGERA">\left(\psi^{*}, \psi\right)=1</formula>
    <formula uri="http://libmeta.ru/me/formula/aux/1042_20_IIIREDINGERA">t</formula>
    <formula uri="http://libmeta.ru/me/formula/aux/1042_21_IIIREDINGERA">q</formula>
    <formula uri="http://libmeta.ru/me/formula/aux/1042_22_IIIREDINGERA">\psi(t, q)=</formula>
    <formula uri="http://libmeta.ru/me/formula/aux/1042_23_IIIREDINGERA">=\varphi(q) \exp (-i E t / \hbar)</formula>
    <formula uri="http://libmeta.ru/me/formula/aux/1042_24_IIIREDINGERA">|\boldsymbol{r}| \rightarrow \infty</formula>
    <formula uri="http://libmeta.ru/me/formula/aux/1042_25_IIIREDINGERA">e_{n}</formula>
    <formula uri="http://libmeta.ru/me/formula/aux/1042_26_IIIREDINGERA">\varphi_{n}</formula>
    <formula uri="http://libmeta.ru/me/formula/aux/1042_27_IIIREDINGERA">u(\boldsymbol{r}))</formula>
    <formula uri="http://libmeta.ru/me/formula/aux/1042_28_IIIREDINGERA">u(\boldsymbol{r})</formula>
    <formula uri="http://libmeta.ru/me/formula/aux/1042_29_IIIREDINGERA">\quad H=H_{0}(p, r)+U(t, p, r), \quad</formula>
    <formula uri="http://libmeta.ru/me/formula/aux/1042_30_IIIREDINGERA">1973 ;[2]</formula>
  </formulas_aux>
  <relations n="16">
    <relation uri="http://libmeta.ru/me/relation/1042_1_IIIREDINGERA">
      <rel_text>Квантовая</rel_text>
      <target>http://libmeta.ru/me/article/858_KVANTIL</target>
    </relation>
    <relation uri="http://libmeta.ru/me/relation/1042_2_IIIREDINGERA">
      <rel_text>Квантовая</rel_text>
      <target>http://libmeta.ru/me/article/858_KVANTIL</target>
    </relation>
    <relation uri="http://libmeta.ru/me/relation/1042_3_IIIREDINGERA">
      <rel_text>Квантовая</rel_text>
      <target>http://libmeta.ru/me/article/858_KVANTIL</target>
    </relation>
    <relation uri="http://libmeta.ru/me/relation/1042_4_IIIREDINGERA">
      <rel_text>Квантовая</rel_text>
      <target>http://libmeta.ru/me/article/858_KVANTIL</target>
    </relation>
    <relation uri="http://libmeta.ru/me/relation/1042_5_IIIREDINGERA">
      <rel_text>регулярные</rel_text>
      <target>http://libmeta.ru/me/article/1037_REGULJaTO</target>
    </relation>
    <relation uri="http://libmeta.ru/me/relation/1042_6_IIIREDINGERA">
      <rel_text>методы</rel_text>
      <target>http://libmeta.ru/me/article/685_METRI</target>
    </relation>
    <relation uri="http://libmeta.ru/me/relation/1042_7_IIIREDINGERA">
      <rel_text>приближенные</rel_text>
      <target>http://libmeta.ru/me/article/629_PRIBLIभ่ENI</target>
    </relation>
    <relation uri="http://libmeta.ru/me/relation/1042_8_IIIREDINGERA">
      <rel_text>процессов</rel_text>
      <target>http://libmeta.ru/me/article/758_PROTsEDUR</target>
    </relation>
    <relation uri="http://libmeta.ru/me/relation/1042_9_IIIREDINGERA">
      <rel_text>характеристик</rel_text>
      <target>http://libmeta.ru/me/article/839_HARAKTERISTIK</target>
    </relation>
    <relation uri="http://libmeta.ru/me/relation/1042_10_IIIREDINGERA">
      <rel_text>динамич</rel_text>
      <target>http://libmeta.ru/me/article/175_DINAMIK</target>
    </relation>
    <relation uri="http://libmeta.ru/me/relation/1042_11_IIIREDINGERA">
      <rel_text>системы</rel_text>
      <target>http://libmeta.ru/me/article/350_SISTEM</target>
    </relation>
    <relation uri="http://libmeta.ru/me/relation/1042_12_IIIREDINGERA">
      <rel_text>квантовых</rel_text>
      <target>http://libmeta.ru/me/article/858_KVANTIL</target>
    </relation>
    <relation uri="http://libmeta.ru/me/relation/1042_13_IIIREDINGERA">
      <rel_text>теория</rel_text>
      <target>http://libmeta.ru/me/article/381_TEORI</target>
    </relation>
    <relation uri="http://libmeta.ru/me/relation/1042_14_IIIREDINGERA">
      <rel_text>теории</rel_text>
      <target>http://libmeta.ru/me/article/381_TEORI</target>
    </relation>
    <relation uri="http://libmeta.ru/me/relation/1042_15_IIIREDINGERA">
      <rel_text>системы</rel_text>
      <target>http://libmeta.ru/me/article/350_SISTEM</target>
    </relation>
    <relation uri="http://libmeta.ru/me/relation/1042_16_IIIREDINGERA">
      <rel_text>гамильтониан</rel_text>
      <target>http://libmeta.ru/me/article/919_GAMIL'TONI</target>
    </relation>
  </relations>
  <text>основное уравнение квантовой механики, определяющее вместе с соответствующими дополнительными условиями волновую функцию $URI[[http://libmeta.ru/me/formula/aux/1042_1_IIIREDINGERA]]/URI$, характеризующую состояние и микроскошич. свойства квантовой системы. Для нерелятивистской системы частиц без слина сформулировано Э. Iiiёдингером (e. Schrödinger, 1926). Оно имеет вид

\[
URI[[http://libmeta.ru/me/formula/main/1042_1_IIIREDINGERA]]/URI
\]

где $URI[[http://libmeta.ru/me/formula/aux/1042_2_IIIREDINGERA]]/URI$-оператор Гамильтона, образованный ио общему правилу: в классич. Функции Гамильтона $URI[[http://libmeta.ru/me/formula/aux/1042_3_IIIREDINGERA]]/URI$ импульсы частид $URI[[http://libmeta.ru/me/formula/aux/1042_4_IIIREDINGERA]]/URI$ и их координаты $URI[[http://libmeta.ru/me/formula/aux/1042_5_IIIREDINGERA]]/URI$ заменены на пшераторы, имеющие, в частности, в координатном $URI[[http://libmeta.ru/me/formula/aux/1042_6_IIIREDINGERA]]/URI$ и импульсном $URI[[http://libmeta.ru/me/formula/aux/1042_7_IIIREDINGERA]]/URI$, $URI[[http://libmeta.ru/me/formula/aux/1042_8_IIIREDINGERA]]/URI$ ) представлениях соответствующий вид

\[
URI[[http://libmeta.ru/me/formula/main/1042_2_IIIREDINGERA]]/URI
\]

Для заряженных частиц в әлектромагнитном поле, характеризуемом векторным потенциалом $URI[[http://libmeta.ru/me/formula/aux/1042_9_IIIREDINGERA]]/URI$, величина $URI[[http://libmeta.ru/me/formula/aux/1042_10_IIIREDINGERA]]/URI$ заменяется на $URI[[http://libmeta.ru/me/formula/aux/1042_11_IIIREDINGERA]]/URI$. В этих представлениях Iii. у. представляет собой дифференциальнос уравнение с частными производными, напр. для частицы в поле $URI[[http://libmeta.ru/me/formula/aux/1042_12_IIIREDINGERA]]/URI$

\[
URI[[http://libmeta.ru/me/formula/main/1042_3_IIIREDINGERA]]/URI
\]

Возможны дискретные представления, в к-рых $URI[[http://libmeta.ru/me/formula/aux/1042_13_IIIREDINGERA]]/URI$-функция многокомпонентна, а оператор $URI[[http://libmeta.ru/me/formula/aux/1042_14_IIIREDINGERA]]/URI$ имеет вид матрицы. Если волновая функция определена в пространстве чисел заполнения, то оператор $URI[[http://libmeta.ru/me/formula/aux/1042_15_IIIREDINGERA]]/URI$ выражается с помощью определенных комбинаций операторов рождения и уничтожения (представление вторичного квантования).

Обобщение Iii. у. на случай нерелятивистской частицы со спином (двухкомпонентная функция $URI[[http://libmeta.ru/me/formula/aux/1042_16_IIIREDINGERA]]/URI$ ) наз. у р а в н ен и е м П а у ли (1927), на случай релятивистской частицы со спином $URI[[http://libmeta.ru/me/formula/aux/1042_17_IIIREDINGERA]]/URI$ (четырехкомпонентная ұ-функция) - у р а в в е в и е м Д и р а к а (1928), на случай релятивистской бесспиновой частицы у р а в-

![](https://cdn.mathpix.com/cropped/2023_07_09_c953fcf4ecc4a4d8431bg-1.jpg?height=35&amp;width=806&amp;top_left_y=553&amp;top_left_x=986)
спином 1 ( -функция - вектор) - у р а в н е н и е м Ii р о к а $URI[[http://libmeta.ru/me/formula/aux/1042_18_IIIREDINGERA]]/URI$ и т. Д.

Решение Iii. у. определяется в классе функций, удовлетворяющих условию нормировки $URI[[http://libmeta.ru/me/formula/aux/1042_19_IIIREDINGERA]]/URI$ при всех значениях $URI[[http://libmeta.ru/me/formula/aux/1042_20_IIIREDINGERA]]/URI$, где скобки означают интегрирование или суммирование по всем значениям переменных $URI[[http://libmeta.ru/me/formula/aux/1042_21_IIIREDINGERA]]/URI$. Для нахождения решения необходимо сформулировать начальные и граничные условия, соответствующие характеру рассматриваемой задачи. Наиболее характерные типы таких задач:

1) Стационарное Iii. у. и определение допустимых значений энергии системы. Полагая $URI[[http://libmeta.ru/me/formula/aux/1042_22_IIIREDINGERA]]/URI$ $URI[[http://libmeta.ru/me/formula/aux/1042_23_IIIREDINGERA]]/URI$ и требуя в соответствии с условием нормировки и условием отсутствия потоков на бесконечности обращения в нуль волновой функции и еe градиентов при $URI[[http://libmeta.ru/me/formula/aux/1042_24_IIIREDINGERA]]/URI$, приходят к уравнению на собственные значения $URI[[http://libmeta.ru/me/formula/aux/1042_25_IIIREDINGERA]]/URI$ и собственные функции $URI[[http://libmeta.ru/me/formula/aux/1042_26_IIIREDINGERA]]/URI$ оператора Гамильтона:

\[
URI[[http://libmeta.ru/me/formula/main/1042_4_IIIREDINGERA]]/URI
\]

Характерные примеры точного решения этой проблемы: собственные функции и уровни энергии для гармонич. осциллятора, атома водорода и т. Д.

2) Квантовомеханич. задача рассеяния. Iii. у. решается с граничными условиями, соответствующими на большом расстоянии от центра рассеяния (описываемого потенциалом $URI[[http://libmeta.ru/me/formula/aux/1042_27_IIIREDINGERA]]/URI$ падающей на него плоской и расходящейся от него сферич. волнам. С учетом такого граничного условия Iii. у. можно записать в виде интегрального уравнения, первая итерация к-рого по члену, содержащему $URI[[http://libmeta.ru/me/formula/aux/1042_28_IIIREDINGERA]]/URI$, соответствует т. н. борновскому приближению. Это уравнение можно представить в виде формального решения, к-рое называют также у ра вн ен и е м Л и П п м ан а - Iii в. инг e p a.

3) Случаї, когда URI[[http://libmeta.ru/me/relation/1042_16_IIIREDINGERA]]/URI URI[[http://libmeta.ru/me/relation/1042_15_IIIREDINGERA]]/URI зависит от времени, $URI[[http://libmeta.ru/me/formula/aux/1042_29_IIIREDINGERA]]/URI$ обычно рассматривается в рамках временной URI[[http://libmeta.ru/me/relation/1042_14_IIIREDINGERA]]/URI возмущений. Это - URI[[http://libmeta.ru/me/relation/1042_13_IIIREDINGERA]]/URI URI[[http://libmeta.ru/me/relation/1042_12_IIIREDINGERA]]/URI переходов, определение реакции URI[[http://libmeta.ru/me/relation/1042_11_IIIREDINGERA]]/URI на внешнее возмущение (URI[[http://libmeta.ru/me/relation/1042_10_IIIREDINGERA]]/URI. восприимчивость) и URI[[http://libmeta.ru/me/relation/1042_9_IIIREDINGERA]]/URI релаксационных URI[[http://libmeta.ru/me/relation/1042_8_IIIREDINGERA]]/URI.

Для решения Iii. у. обычно используют URI[[http://libmeta.ru/me/relation/1042_7_IIIREDINGERA]]/URI URI[[http://libmeta.ru/me/relation/1042_6_IIIREDINGERA]]/URI, URI[[http://libmeta.ru/me/relation/1042_5_IIIREDINGERA]]/URI (различного типа төории возмущениї), вариационные и т. д.

Лum.j [1] Д а в ы д о в А. С., URI[[http://libmeta.ru/me/relation/1042_4_IIIREDINGERA]]/URI механика, М., $URI[[http://libmeta.ru/me/formula/aux/1042_30_IIIREDINGERA]]/URI$ Л а н д а у Л. Д., Л иф т и ц Е. М., URI[[http://libmeta.ru/me/relation/1042_3_IIIREDINGERA]]/URI мех о в И. М., Ћ у к о в с к й й В. Ч., URI[[http://libmeta.ru/me/relation/1042_2_IIIREDINGERA]]/URI механика, Н., в И. М., Ж У к о в с к и й В. Ч., URI[[http://libmeta.ru/me/relation/1042_1_IIIREDINGERA]]/URI
М., 1979.</text>
  <text_orig>основное уравнение квантовой механики, определяющее вместе с соответствующими дополнительными условиями волновую функцию $\psi(t, q)$, характеризующую состояние и микроскошич. свойства квантовой системы. Для нерелятивистской системы частиц без слина сформулировано Э. IIIёдингером (E. Schrödinger, 1926). Оно имеет вид

\[
i \hbar \frac{\partial}{\partial t} \psi(t, q)=\widehat{H} \psi(t, q),
\]

где $H=\hat{H}(\hat{p}, \hat{r})$-оператор Гамильтона, образованный ио общему правилу: в классич. Функции Гамильтона $H(p, r)$ импульсы частид $p$ и их координаты $r$ заменены на пшераторы, имеющие, в частности, в координатном $\left(q=\boldsymbol{r}_{1}, \ldots, \boldsymbol{r}_{N}\right)$ и импульсном $\left(q=\boldsymbol{p}_{1}\right.$, $\ldots, \boldsymbol{p}_{N}$ ) представлениях соответствующий вид

\[
\begin{aligned}
\hat{\boldsymbol{p}}_{i}=\frac{\hbar}{i} \frac{\partial}{\partial \boldsymbol{r}_{i}}, \hat{\boldsymbol{r}}_{i} &amp; =\hat{\boldsymbol{r}}_{i} ; \hat{\boldsymbol{p}}_{i}=\boldsymbol{p}_{i}, \hat{\boldsymbol{r}}_{i}=-\frac{\hbar}{i} \frac{\partial}{\partial \boldsymbol{p}_{i}} ; \\
i &amp; =1, \ldots, N .
\end{aligned}
\]

Для заряженных частиц в әлектромагнитном поле, характеризуемом векторным потенциалом $\boldsymbol{A}(t, \boldsymbol{r})$, величина $\boldsymbol{p}$ заменяется на $\boldsymbol{p}+\frac{e}{c} \boldsymbol{A}(t, \boldsymbol{r})$. В этих представлениях III. у. представляет собой дифференциальнос уравнение с частными производными, напр. для частицы в поле $U(\boldsymbol{r})$

\[
i \hbar \frac{\partial}{\partial t} \psi(t, \boldsymbol{r})=-\frac{\hbar^{2}}{2 m} \Delta \psi(t, \boldsymbol{r})+U(\boldsymbol{r}) \psi(t, \boldsymbol{r}) .
\]

Возможны дискретные представления, в к-рых $\psi$-функция многокомпонентна, а оператор $\hat{H}$ имеет вид матрицы. Если волновая функция определена в пространстве чисел заполнения, то оператор $\hat{H}$ выражается с помощью определенных комбинаций операторов рождения и уничтожения (представление вторичного квантования).

Обобщение III. у. на случай нерелятивистской частицы со спином (двухкомпонентная функция $\psi(t, r)$ ) наз. у р а в н ен и е м П а у ли (1927), на случай релятивистской частицы со спином $1 / 2$ (четырехкомпонентная ұ-функция) - у р а в в е в и е м Д и р а к а (1928), на случай релятивистской бесспиновой частицы у р а в-

![](https://cdn.mathpix.com/cropped/2023_07_09_c953fcf4ecc4a4d8431bg-1.jpg?height=35&amp;width=806&amp;top_left_y=553&amp;top_left_x=986)
спином 1 ( -функция - вектор) - у р а в н е н и е м II р о к а $(1936)$ и т. Д.

Решение III. у. определяется в классе функций, удовлетворяющих условию нормировки $\left(\psi^{*}, \psi\right)=1$ при всех значениях $t$, где скобки означают интегрирование или суммирование по всем значениям переменных $q$. Для нахождения решения необходимо сформулировать начальные и граничные условия, соответствующие характеру рассматриваемой задачи. Наиболее характерные типы таких задач:

1) Стационарное III. у. и определение допустимых значений энергии системы. Полагая $\psi(t, q)=$ $=\varphi(q) \exp (-i E t / \hbar)$ и требуя в соответствии с условием нормировки и условием отсутствия потоков на бесконечности обращения в нуль волновой функции и еe градиентов при $|\boldsymbol{r}| \rightarrow \infty$, приходят к уравнению на собственные значения $E_{n}$ и собственные функции $\varphi_{n}$ оператора Гамильтона:

\[
E_{n} \varphi_{n}(q)=\hat{H} \varphi_{n}(q)
\]

Характерные примеры точного решения этой проблемы: собственные функции и уровни энергии для гармонич. осциллятора, атома водорода и т. Д.

2) Квантовомеханич. задача рассеяния. III. у. решается с граничными условиями, соответствующими на большом расстоянии от центра рассеяния (описываемого потенциалом $U(\boldsymbol{r}))$ падающей на него плоской и расходящейся от него сферич. волнам. С учетом такого граничного условия III. у. можно записать в виде интегрального уравнения, первая итерация к-рого по члену, содержащему $U(\boldsymbol{r})$, соответствует т. н. борновскому приближению. Это уравнение можно представить в виде формального решения, к-рое называют также у ра вн ен и е м Л и П п м ан а - III в. инг e p a.

3) Случаї, когда гамильтониан системы зависит от времени, $\quad H=H_{0}(p, r)+U(t, p, r), \quad$ обычно рассматривается в рамках временной теории возмущений. Это - теория квантовых переходов, определение реакции системы на внешнее возмущение (динамич. восприимчивость) и характеристик релаксационных процессов.

Для решения III. у. обычно используют приближенные методы, регулярные (различного типа төории возмущениї), вариационные и т. д.

Лum.j [1] Д а в ы д о в А. С., Квантовая механика, М., $1973 ;[2]$ Л а н д а у Л. Д., Л иф т и ц Е. М., Квантовая мех о в И. М., Ћ у к о в с к й й В. Ч., Квантовая механика, Н., в И. М., Ж У к о в с к и й В. Ч., Квантовая
М., 1979.</text_orig>
</article>
