<?xml version="1.0" ?>
<article uri="http://libmeta.ru/me/article/1042_KONEChNOKRATNOE" alphabetic_pos="1042">
  <title>КОНЕЧНОКРАТНОЕ ОТОБРАЖЕНИЕ</title>
  <authors/>
  <pages>
    <start>512</start>
    <end>512</end>
  </pages>
  <literature>
    <literature_orig>Лum.: [1] А р х а нге льски й А. В., Поном ар е в В. И., Основы общей топологии в задачах и упражнениях, М., 1974; [2] Гол у биц ки й М., Ги й е м и н В., Устойчивые отображения и их особенности, пер. с англ., М., 1977.</literature_orig>
    <unit>
      <author>Архангельский А. В.</author>
      <author>Пономарев В. И.</author>
      <title>Основы общей топологии в задачах и упражнениях</title>
      <publication>М.</publication>
      <year>1974</year>
      <other/>
    </unit>
    <unit>
      <author>Голубицкий М.</author>
      <author>Гийемин В.</author>
      <title>Устойчивые отображения и их особенности</title>
      <publication>пер. с англ., М.</publication>
      <year>1977</year>
      <other/>
    </unit>
  </literature>
  <formulas_main/>
  <formulas_aux>
    <formula uri="http://libmeta.ru/me/formula/aux/1042_1_KONEChNOKRATNOE">f: X \rightarrow Y</formula>
    <formula uri="http://libmeta.ru/me/formula/aux/1042_2_KONEChNOKRATNOE">f^{-1} y</formula>
    <formula uri="http://libmeta.ru/me/formula/aux/1042_3_KONEChNOKRATNOE">y \in Y</formula>
    <formula uri="http://libmeta.ru/me/formula/aux/1042_4_KONEChNOKRATNOE">n_{y}</formula>
    <formula uri="http://libmeta.ru/me/formula/aux/1042_5_KONEChNOKRATNOE">n_{y}=n-</formula>
    <formula uri="http://libmeta.ru/me/formula/aux/1042_6_KONEChNOKRATNOE">y</formula>
    <formula uri="http://libmeta.ru/me/formula/aux/1042_7_KONEChNOKRATNOE">f</formula>
    <formula uri="http://libmeta.ru/me/formula/aux/1042_8_KONEChNOKRATNOE">n-\kappa \mathbf{p}</formula>
    <formula uri="http://libmeta.ru/me/formula/aux/1042_9_KONEChNOKRATNOE">f: X \rightarrow Y</formula>
    <formula uri="http://libmeta.ru/me/formula/aux/1042_10_KONEChNOKRATNOE">x \in X</formula>
    <formula uri="http://libmeta.ru/me/formula/aux/1042_11_KONEChNOKRATNOE">\boldsymbol{r}_{f}(x)</formula>
    <formula uri="http://libmeta.ru/me/formula/aux/1042_12_KONEChNOKRATNOE">f</formula>
    <formula uri="http://libmeta.ru/me/formula/aux/1042_13_KONEChNOKRATNOE">x</formula>
    <formula uri="http://libmeta.ru/me/formula/aux/1042_14_KONEChNOKRATNOE">x</formula>
    <formula uri="http://libmeta.ru/me/formula/aux/1042_15_KONEChNOKRATNOE">u</formula>
    <formula uri="http://libmeta.ru/me/formula/aux/1042_16_KONEChNOKRATNOE">x</formula>
    <formula uri="http://libmeta.ru/me/formula/aux/1042_17_KONEChNOKRATNOE">f^{-1}(f(x)) \cap U</formula>
    <formula uri="http://libmeta.ru/me/formula/aux/1042_18_KONEChNOKRATNOE">k=</formula>
    <formula uri="http://libmeta.ru/me/formula/aux/1042_19_KONEChNOKRATNOE">=\operatorname{dim} R_{f}(x)</formula>
    <formula uri="http://libmeta.ru/me/formula/aux/1042_20_KONEChNOKRATNOE">x</formula>
    <formula uri="http://libmeta.ru/me/formula/aux/1042_21_KONEChNOKRATNOE">f(y)=x</formula>
    <formula uri="http://libmeta.ru/me/formula/aux/1042_22_KONEChNOKRATNOE">v</formula>
    <formula uri="http://libmeta.ru/me/formula/aux/1042_23_KONEChNOKRATNOE">x</formula>
    <formula uri="http://libmeta.ru/me/formula/aux/1042_24_KONEChNOKRATNOE">y</formula>
    <formula uri="http://libmeta.ru/me/formula/aux/1042_25_KONEChNOKRATNOE">f(x)</formula>
    <formula uri="http://libmeta.ru/me/formula/aux/1042_26_KONEChNOKRATNOE">f^{-1}(y) \cap V</formula>
    <formula uri="http://libmeta.ru/me/formula/aux/1042_27_KONEChNOKRATNOE">k</formula>
    <formula uri="http://libmeta.ru/me/formula/aux/1042_28_KONEChNOKRATNOE">\operatorname{dim} X \leqslant \operatorname{dim} Y</formula>
    <formula uri="http://libmeta.ru/me/formula/aux/1042_29_KONEChNOKRATNOE">c^{\infty}(x, Y)</formula>
  </formulas_aux>
  <relations n="24">
    <relation uri="http://libmeta.ru/me/relation/1042_1_KONEChNOKRATNOE">
      <rel_text>коразмерность</rel_text>
      <target>http://libmeta.ru/me/article/8_KORAZMERNOST</target>
    </relation>
    <relation uri="http://libmeta.ru/me/relation/1042_2_KONEChNOKRATNOE">
      <rel_text>пространстве</rel_text>
      <target>http://libmeta.ru/me/article/748_PROSTRANSTV</target>
    </relation>
    <relation uri="http://libmeta.ru/me/relation/1042_3_KONEChNOKRATNOE">
      <rel_text>отображений</rel_text>
      <target>http://libmeta.ru/me/article/128_OTOBRAZhENI</target>
    </relation>
    <relation uri="http://libmeta.ru/me/relation/1042_4_KONEChNOKRATNOE">
      <rel_text>множество</rel_text>
      <target>http://libmeta.ru/me/article/733_MNOZhESTV</target>
    </relation>
    <relation uri="http://libmeta.ru/me/relation/1042_5_KONEChNOKRATNOE">
      <rel_text>пространстве</rel_text>
      <target>http://libmeta.ru/me/article/748_PROSTRANSTV</target>
    </relation>
    <relation uri="http://libmeta.ru/me/relation/1042_6_KONEChNOKRATNOE">
      <rel_text>массивное множество</rel_text>
      <target>http://libmeta.ru/me/article/576_MASSIVNOE</target>
    </relation>
    <relation uri="http://libmeta.ru/me/relation/1042_7_KONEChNOKRATNOE">
      <rel_text>отображения</rel_text>
      <target>http://libmeta.ru/me/article/128_OTOBRAZhENI</target>
    </relation>
    <relation uri="http://libmeta.ru/me/relation/1042_8_KONEChNOKRATNOE">
      <rel_text>множество</rel_text>
      <target>http://libmeta.ru/me/article/733_MNOZhESTV</target>
    </relation>
    <relation uri="http://libmeta.ru/me/relation/1042_9_KONEChNOKRATNOE">
      <rel_text>близкого</rel_text>
      <target>http://libmeta.ru/me/article/499_BLIZNETs</target>
    </relation>
    <relation uri="http://libmeta.ru/me/relation/1042_10_KONEChNOKRATNOE">
      <rel_text>уравнения</rel_text>
      <target>http://libmeta.ru/me/article/106_URAVNENI</target>
    </relation>
    <relation uri="http://libmeta.ru/me/relation/1042_11_KONEChNOKRATNOE">
      <rel_text>кратность</rel_text>
      <target>http://libmeta.ru/me/article/86_KRATChAJІ</target>
    </relation>
    <relation uri="http://libmeta.ru/me/relation/1042_12_KONEChNOKRATNOE">
      <rel_text>Число</rel_text>
      <target>http://libmeta.ru/me/article/1009_ChISL</target>
    </relation>
    <relation uri="http://libmeta.ru/me/relation/1042_13_KONEChNOKRATNOE">
      <rel_text>компактных</rel_text>
      <target>http://libmeta.ru/me/article/1022_KOMPOZitsI</target>
    </relation>
    <relation uri="http://libmeta.ru/me/relation/1042_14_KONEChNOKRATNOE">
      <rel_text>отображения</rel_text>
      <target>http://libmeta.ru/me/article/128_OTOBRAZhENI</target>
    </relation>
    <relation uri="http://libmeta.ru/me/relation/1042_15_KONEChNOKRATNOE">
      <rel_text>отображения</rel_text>
      <target>http://libmeta.ru/me/article/128_OTOBRAZhENI</target>
    </relation>
    <relation uri="http://libmeta.ru/me/relation/1042_16_KONEChNOKRATNOE">
      <rel_text>кольца</rel_text>
      <target>http://libmeta.ru/me/article/1000_KOL'Ts</target>
    </relation>
    <relation uri="http://libmeta.ru/me/relation/1042_17_KONEChNOKRATNOE">
      <rel_text>размерность локального</rel_text>
      <target>http://libmeta.ru/me/article/429_LOKAL'NAJa</target>
    </relation>
    <relation uri="http://libmeta.ru/me/relation/1042_18_KONEChNOKRATNOE">
      <rel_text>многообразій</rel_text>
      <target>http://libmeta.ru/me/article/438_MNOGOOBRAZI</target>
    </relation>
    <relation uri="http://libmeta.ru/me/relation/1042_19_KONEChNOKRATNOE">
      <rel_text>дифференцируемых</rel_text>
      <target>http://libmeta.ru/me/article/302_DIFFERENTsIROVANI</target>
    </relation>
    <relation uri="http://libmeta.ru/me/relation/1042_20_KONEChNOKRATNOE">
      <rel_text>отображение</rel_text>
      <target>http://libmeta.ru/me/article/128_OTOBRAZhENI</target>
    </relation>
    <relation uri="http://libmeta.ru/me/relation/1042_21_KONEChNOKRATNOE">
      <rel_text>Дифференцируемое</rel_text>
      <target>http://libmeta.ru/me/article/302_DIFFERENTsIROVANI</target>
    </relation>
    <relation uri="http://libmeta.ru/me/relation/1042_22_KONEChNOKRATNOE">
      <rel_text>отображения</rel_text>
      <target>http://libmeta.ru/me/article/128_OTOBRAZhENI</target>
    </relation>
    <relation uri="http://libmeta.ru/me/relation/1042_23_KONEChNOKRATNOE">
      <rel_text>дифференцируемом</rel_text>
      <target>http://libmeta.ru/me/article/302_DIFFERENTsIROVANI</target>
    </relation>
    <relation uri="http://libmeta.ru/me/relation/1042_24_KONEChNOKRATNOE">
      <rel_text>отображение</rel_text>
      <target>http://libmeta.ru/me/article/128_OTOBRAZhENI</target>
    </relation>
  </relations>
  <text>URI[[http://libmeta.ru/me/relation/1042_24_KONEChNOKRATNOE]]/URI $URI[[http://libmeta.ru/me/formula/aux/1042_1_KONEChNOKRATNOE]]/URI$ такое, что прообраз $URI[[http://libmeta.ru/me/formula/aux/1042_2_KONEChNOKRATNOE]]/URI$ любой точкі $URI[[http://libmeta.ru/me/formula/aux/1042_3_KONEChNOKRATNOE]]/URI$ состоит из конечного числа $URI[[http://libmeta.ru/me/formula/aux/1042_4_KONEChNOKRATNOE]]/URI$ точек. Если $URI[[http://libmeta.ru/me/formula/aux/1042_5_KONEChNOKRATNOE]]/URI$ одно I то же для всех $URI[[http://libmeta.ru/me/formula/aux/1042_6_KONEChNOKRATNOE]]/URI$, то $URI[[http://libmeta.ru/me/formula/aux/1042_7_KONEChNOKRATNOE]]/URI$ наз. $URI[[http://libmeta.ru/me/formula/aux/1042_8_KONEChNOKRATNOE]]/URI$ а т ны м о то б р а же н п е м.

Понятию К. о. в URI[[http://libmeta.ru/me/relation/1042_23_KONEChNOKRATNOE]]/URI случае соответствует понятие конечного URI[[http://libmeta.ru/me/relation/1042_22_KONEChNOKRATNOE]]/URI. URI[[http://libmeta.ru/me/relation/1042_21_KONEChNOKRATNOE]]/URI URI[[http://libmeta.ru/me/relation/1042_20_KONEChNOKRATNOE]]/URI URI[[http://libmeta.ru/me/relation/1042_19_KONEChNOKRATNOE]]/URI URI[[http://libmeta.ru/me/relation/1042_18_KONEChNOKRATNOE]]/URI $URI[[http://libmeta.ru/me/formula/aux/1042_9_KONEChNOKRATNOE]]/URI$ наз. к о н е ч н ы м в точке $URI[[http://libmeta.ru/me/formula/aux/1042_10_KONEChNOKRATNOE]]/URI$, если URI[[http://libmeta.ru/me/relation/1042_17_KONEChNOKRATNOE]]/URI URI[[http://libmeta.ru/me/relation/1042_16_KONEChNOKRATNOE]]/URI $URI[[http://libmeta.ru/me/formula/aux/1042_11_KONEChNOKRATNOE]]/URI$ URI[[http://libmeta.ru/me/relation/1042_15_KONEChNOKRATNOE]]/URI $URI[[http://libmeta.ru/me/formula/aux/1042_12_KONEChNOKRATNOE]]/URI$ в точке $URI[[http://libmeta.ru/me/formula/aux/1042_13_KONEChNOKRATNOE]]/URI$ конечна. Все URI[[http://libmeta.ru/me/relation/1042_14_KONEChNOKRATNOE]]/URI такого рода являются К. о. на URI[[http://libmeta.ru/me/relation/1042_13_KONEChNOKRATNOE]]/URI подмножествах $URI[[http://libmeta.ru/me/formula/aux/1042_14_KONEChNOKRATNOE]]/URI$, более того, существует открытая окрестность $URI[[http://libmeta.ru/me/formula/aux/1042_15_KONEChNOKRATNOE]]/URI$ точки $URI[[http://libmeta.ru/me/formula/aux/1042_16_KONEChNOKRATNOE]]/URI$ такая, что $URI[[http://libmeta.ru/me/formula/aux/1042_17_KONEChNOKRATNOE]]/URI$ состоит только из одной точки. URI[[http://libmeta.ru/me/relation/1042_12_KONEChNOKRATNOE]]/URI $URI[[http://libmeta.ru/me/formula/aux/1042_18_KONEChNOKRATNOE]]/URI$ $URI[[http://libmeta.ru/me/formula/aux/1042_19_KONEChNOKRATNOE]]/URI$ измеряет URI[[http://libmeta.ru/me/relation/1042_11_KONEChNOKRATNOE]]/URI $URI[[http://libmeta.ru/me/formula/aux/1042_20_KONEChNOKRATNOE]]/URI$ как корня URI[[http://libmeta.ru/me/relation/1042_10_KONEChNOKRATNOE]]/URI $URI[[http://libmeta.ru/me/formula/aux/1042_21_KONEChNOKRATNOE]]/URI$ : существует окрестность $URI[[http://libmeta.ru/me/formula/aux/1042_22_KONEChNOKRATNOE]]/URI$ точки $URI[[http://libmeta.ru/me/formula/aux/1042_23_KONEChNOKRATNOE]]/URI$ такая, что для всякого $URI[[http://libmeta.ru/me/formula/aux/1042_24_KONEChNOKRATNOE]]/URI$, достаточно URI[[http://libmeta.ru/me/relation/1042_9_KONEChNOKRATNOE]]/URI к $URI[[http://libmeta.ru/me/formula/aux/1042_25_KONEChNOKRATNOE]]/URI$, URI[[http://libmeta.ru/me/relation/1042_8_KONEChNOKRATNOE]]/URI $URI[[http://libmeta.ru/me/formula/aux/1042_26_KONEChNOKRATNOE]]/URI$ состогт не более, чем из $URI[[http://libmeta.ru/me/formula/aux/1042_27_KONEChNOKRATNOE]]/URI$ точек.

Ecлі $URI[[http://libmeta.ru/me/formula/aux/1042_28_KONEChNOKRATNOE]]/URI$, то конечные URI[[http://libmeta.ru/me/relation/1042_7_KONEChNOKRATNOE]]/URI образуют URI[[http://libmeta.ru/me/relation/1042_6_KONEChNOKRATNOE]]/URI в URI[[http://libmeta.ru/me/relation/1042_5_KONEChNOKRATNOE]]/URI $URI[[http://libmeta.ru/me/formula/aux/1042_29_KONEChNOKRATNOE]]/URI$, более того, URI[[http://libmeta.ru/me/relation/1042_4_KONEChNOKRATNOE]]/URI неконечных URI[[http://libmeta.ru/me/relation/1042_3_KONEChNOKRATNOE]]/URI пмеет в этом URI[[http://libmeta.ru/me/relation/1042_2_KONEChNOKRATNOE]]/URI бесконечную URI[[http://libmeta.ru/me/relation/1042_1_KONEChNOKRATNOE]]/URI (т е орем а Т у ж р о на).</text>
  <text_orig>отображение $f: X \rightarrow Y$ такое, что прообраз $f^{-1} y$ любой точкі $y \in Y$ состоит из конечного числа $n_{y}$ точек. Если $n_{y}=n-$ одно I то же для всех $y$, то $f$ наз. $n-\kappa \mathbf{p}$ а т ны м о то б р а же н п е м.

Понятию К. о. в дифференцируемом случае соответствует понятие конечного отображения. Дифференцируемое отображение дифференцируемых многообразій $f: X \rightarrow Y$ наз. к о н е ч н ы м в точке $x \in X$, если размерность локального кольца $\boldsymbol{R}_{f}(x)$ отображения $f$ в точке $x$ конечна. Все отображения такого рода являются К. о. на компактных подмножествах $X$, более того, существует открытая окрестность $U$ точки $x$ такая, что $f^{-1}(f(x)) \cap U$ состоит только из одной точки. Число $k=$ $=\operatorname{dim} R_{f}(x)$ измеряет кратность $x$ как корня уравнения $f(y)=x$ : существует окрестность $V$ точки $x$ такая, что для всякого $y$, достаточно близкого к $f(x)$, множество $f^{-1}(y) \cap V$ состогт не более, чем из $k$ точек.

Ecлі $\operatorname{dim} X \leqslant \operatorname{dim} Y$, то конечные отображения образуют массивное множество в пространстве $C^{\infty}(X, Y)$, более того, множество неконечных отображений пмеет в этом пространстве бесконечную коразмерность (т е орем а Т у ж р о на).

Лum.: [1] А р х а нге льски й А. В., Поном ар е в В. И., Основы общей топологии в задачах и упражнениях, М., 1974; [2] Гол у биц ки й М., Ги й е м и н В., Устойчивые отображения и их особенности, пер. с англ., М., 1977.</text_orig>
</article>
