<?xml version="1.0" ?>
<article uri="http://libmeta.ru/me/article/1043_REZOL'VENTNOE" alphabetic_pos="1043">
  <title>РЕЗОЛЬВЕНТНОЕ МНОЖЕСТВО</title>
  <authors/>
  <pages>
    <start>477</start>
    <end>477</end>
  </pages>
  <literature>
    <literature_orig>Jum.: [1] Р и с с Ф., С ё к е фа л ь в и - Н а д ь Б., Лекции по функциональному анализу, пер. с франц., 2 изд., М., 1979.</literature_orig>
    <unit>
      <author>Рисс Ф.</author>
      <author>Сёкефальви-Надь Б.</author>
      <title>Лекции по функциональному анализу</title>
      <publication>пер. с франц., 2 изд., М.</publication>
      <year>1979</year>
      <other/>
    </unit>
  </literature>
  <formulas_main/>
  <formulas_aux>
    <formula uri="http://libmeta.ru/me/formula/aux/1043_1_REZOL'VENTNOE">\rho(t)</formula>
    <formula uri="http://libmeta.ru/me/formula/aux/1043_2_REZOL'VENTNOE">t</formula>
    <formula uri="http://libmeta.ru/me/formula/aux/1043_3_REZOL'VENTNOE">r_{z}=</formula>
    <formula uri="http://libmeta.ru/me/formula/aux/1043_4_REZOL'VENTNOE">=(t-z I)^{-1}</formula>
    <formula uri="http://libmeta.ru/me/formula/aux/1043_5_REZOL'VENTNOE">x</formula>
    <formula uri="http://libmeta.ru/me/formula/aux/1043_6_REZOL'VENTNOE">t</formula>
  </formulas_aux>
  <relations n="7">
    <relation uri="http://libmeta.ru/me/relation/1043_1_REZOL'VENTNOE">
      <rel_text>оператора</rel_text>
      <target>http://libmeta.ru/me/article/17_OPERATO</target>
    </relation>
    <relation uri="http://libmeta.ru/me/relation/1043_2_REZOL'VENTNOE">
      <rel_text>спектр</rel_text>
      <target>http://libmeta.ru/me/article/105_SPEKT</target>
    </relation>
    <relation uri="http://libmeta.ru/me/relation/1043_3_REZOL'VENTNOE">
      <rel_text>множество</rel_text>
      <target>http://libmeta.ru/me/article/733_MNOZhESTV</target>
    </relation>
    <relation uri="http://libmeta.ru/me/relation/1043_4_REZOL'VENTNOE">
      <rel_text>область определения</rel_text>
      <target>http://libmeta.ru/me/article/1110_OBLAST'</target>
    </relation>
    <relation uri="http://libmeta.ru/me/relation/1043_5_REZOL'VENTNOE">
      <rel_text>оператор</rel_text>
      <target>http://libmeta.ru/me/article/15_OPERAN</target>
    </relation>
    <relation uri="http://libmeta.ru/me/relation/1043_6_REZOL'VENTNOE">
      <rel_text>пространстве</rel_text>
      <target>http://libmeta.ru/me/article/748_PROSTRANSTV</target>
    </relation>
    <relation uri="http://libmeta.ru/me/relation/1043_7_REZOL'VENTNOE">
      <rel_text>линейный оператор</rel_text>
      <target>http://libmeta.ru/me/article/372_LINEJNYJ</target>
    </relation>
  </relations>
  <text>м. Говоров. $URI[[http://libmeta.ru/me/formula/aux/1043_1_REZOL'VENTNOE]]/URI$, где $URI[[http://libmeta.ru/me/formula/aux/1043_2_REZOL'VENTNOE]]/URI$ - URI[[http://libmeta.ru/me/relation/1043_7_REZOL'VENTNOE]]/URI в банаховом URI[[http://libmeta.ru/me/relation/1043_6_REZOL'VENTNOE]]/URI, такое, для к-рого существует URI[[http://libmeta.ru/me/relation/1043_5_REZOL'VENTNOE]]/URI $URI[[http://libmeta.ru/me/formula/aux/1043_3_REZOL'VENTNOE]]/URI$ $URI[[http://libmeta.ru/me/formula/aux/1043_4_REZOL'VENTNOE]]/URI$, ограниченный и имеющий URI[[http://libmeta.ru/me/relation/1043_4_REZOL'VENTNOE]]/URI, плотную в $URI[[http://libmeta.ru/me/formula/aux/1043_5_REZOL'VENTNOE]]/URI$. Дополнительное к Р. м. URI[[http://libmeta.ru/me/relation/1043_3_REZOL'VENTNOE]]/URI есть URI[[http://libmeta.ru/me/relation/1043_2_REZOL'VENTNOE]]/URI URI[[http://libmeta.ru/me/relation/1043_1_REZOL'VENTNOE]]/URI $URI[[http://libmeta.ru/me/formula/aux/1043_6_REZOL'VENTNOE]]/URI$.</text>
  <text_orig>м. Говоров. $\rho(T)$, где $T$ - линейный оператор в банаховом пространстве, такое, для к-рого существует оператор $R_{z}=$ $=(T-z I)^{-1}$, ограниченный и имеющий область определения, плотную в $X$. Дополнительное к Р. м. множество есть спектр оператора $T$.

Jum.: [1] Р и с с Ф., С ё к е фа л ь в и - Н а д ь Б., Лекции по функциональному анализу, пер. с франц., 2 изд., М., 1979.</text_orig>
</article>
