<?xml version="1.0" ?>
<article uri="http://libmeta.ru/me/article/1043_NORMAL'NAJa" alphabetic_pos="1043">
  <title>НОРМАЛЬНАЯ ПОДПОЛУГРУППА</title>
  <authors/>
  <pages>
    <start>527</start>
    <end>527</end>
  </pages>
  <literature>
    <literature_orig>Лит.: [1] Л я п и н Е. С., Полугрупты, М., 1960.</literature_orig>
    <unit>
      <author>Ляпин Е. С.</author>
      <title>Полугрупты</title>
      <publication>М.</publication>
      <year>1960</year>
      <other/>
    </unit>
  </literature>
  <formulas_main/>
  <formulas_aux>
    <formula uri="http://libmeta.ru/me/formula/aux/1043_1_NORMAL'NAJa">s</formula>
    <formula uri="http://libmeta.ru/me/formula/aux/1043_2_NORMAL'NAJa">h</formula>
    <formula uri="http://libmeta.ru/me/formula/aux/1043_3_NORMAL'NAJa">x, y \in S^{1}</formula>
    <formula uri="http://libmeta.ru/me/formula/aux/1043_4_NORMAL'NAJa">s^{1}</formula>
    <formula uri="http://libmeta.ru/me/formula/aux/1043_5_NORMAL'NAJa">x y \in S</formula>
    <formula uri="http://libmeta.ru/me/formula/aux/1043_6_NORMAL'NAJa">h \in H</formula>
    <formula uri="http://libmeta.ru/me/formula/aux/1043_7_NORMAL'NAJa">x h y \in H</formula>
    <formula uri="http://libmeta.ru/me/formula/aux/1043_8_NORMAL'NAJa">x y \in H</formula>
    <formula uri="http://libmeta.ru/me/formula/aux/1043_9_NORMAL'NAJa">s</formula>
    <formula uri="http://libmeta.ru/me/formula/aux/1043_10_NORMAL'NAJa">s</formula>
  </formulas_aux>
  <relations n="8">
    <relation uri="http://libmeta.ru/me/relation/1043_1_NORMAL'NAJa">
      <rel_text>Норма.льіьй</rel_text>
      <target>http://libmeta.ru/me/article/1034_NORMALIZATO</target>
    </relation>
    <relation uri="http://libmeta.ru/me/relation/1043_2_NORMAL'NAJa">
      <rel_text>единицей</rel_text>
      <target>http://libmeta.ru/me/article/389_EDINITs</target>
    </relation>
    <relation uri="http://libmeta.ru/me/relation/1043_3_NORMAL'NAJa">
      <rel_text>полугруппу</rel_text>
      <target>http://libmeta.ru/me/article/457_POLUGRUPP</target>
    </relation>
    <relation uri="http://libmeta.ru/me/relation/1043_4_NORMAL'NAJa">
      <rel_text>полугруппы</rel_text>
      <target>http://libmeta.ru/me/article/457_POLUGRUPP</target>
    </relation>
    <relation uri="http://libmeta.ru/me/relation/1043_5_NORMAL'NAJa">
      <rel_text>гомоморфизме</rel_text>
      <target>http://libmeta.ru/me/article/1135_GOMoMoRFIZ</target>
    </relation>
    <relation uri="http://libmeta.ru/me/relation/1043_6_NORMAL'NAJa">
      <rel_text>единицы</rel_text>
      <target>http://libmeta.ru/me/article/389_EDINITs</target>
    </relation>
    <relation uri="http://libmeta.ru/me/relation/1043_7_NORMAL'NAJa">
      <rel_text>полным</rel_text>
      <target>http://libmeta.ru/me/article/501_POLI0</target>
    </relation>
    <relation uri="http://libmeta.ru/me/relation/1043_8_NORMAL'NAJa">
      <rel_text>полугруппы</rel_text>
      <target>http://libmeta.ru/me/article/457_POLUGRUPP</target>
    </relation>
  </relations>
  <text>п о л уг р у п п ы $URI[[http://libmeta.ru/me/formula/aux/1043_1_NORMAL'NAJa]]/URI$ - подшолугруппа $URI[[http://libmeta.ru/me/formula/aux/1043_2_NORMAL'NAJa]]/URI$, удовлетворяющая следующему условию: для любых $URI[[http://libmeta.ru/me/formula/aux/1043_3_NORMAL'NAJa]]/URI$ (по поводу обозначения $URI[[http://libmeta.ru/me/formula/aux/1043_4_NORMAL'NAJa]]/URI$ см. URI[[http://libmeta.ru/me/relation/1043_1_NORMAL'NAJa]]/URI колиллекс) таких, что $URI[[http://libmeta.ru/me/formula/aux/1043_5_NORMAL'NAJa]]/URI$, и любого $URI[[http://libmeta.ru/me/formula/aux/1043_6_NORMAL'NAJa]]/URI$ включения $URI[[http://libmeta.ru/me/formula/aux/1043_7_NORMAL'NAJa]]/URI$ и $URI[[http://libmeta.ru/me/formula/aux/1043_8_NORMAL'NAJa]]/URI$ эквивалентны. Подмножество URI[[http://libmeta.ru/me/relation/1043_8_NORMAL'NAJa]]/URI $URI[[http://libmeta.ru/me/formula/aux/1043_9_NORMAL'NAJa]]/URI$ будет Н. I. тогда и только тогда, когда оно является URI[[http://libmeta.ru/me/relation/1043_7_NORMAL'NAJa]]/URI прообразом URI[[http://libmeta.ru/me/relation/1043_6_NORMAL'NAJa]]/URI при нек-ром URI[[http://libmeta.ru/me/relation/1043_5_NORMAL'NAJa]]/URI URI[[http://libmeta.ru/me/relation/1043_4_NORMAL'NAJa]]/URI $URI[[http://libmeta.ru/me/formula/aux/1043_10_NORMAL'NAJa]]/URI$ на URI[[http://libmeta.ru/me/relation/1043_3_NORMAL'NAJa]]/URI с URI[[http://libmeta.ru/me/relation/1043_2_NORMAL'NAJa]]/URI.</text>
  <text_orig>п о л уг р у п п ы $S$ - подшолугруппа $H$, удовлетворяющая следующему условию: для любых $x, y \in S^{1}$ (по поводу обозначения $S^{1}$ см. Норма.льіьй колиллекс) таких, что $x y \in S$, и любого $h \in H$ включения $x h y \in H$ и $x y \in H$ эквивалентны. Подмножество полугруппы $S$ будет Н. I. тогда и только тогда, когда оно является полным прообразом единицы при нек-ром гомоморфизме полугруппы $S$ на полугруппу с единицей.

Лит.: [1] Л я п и н Е. С., Полугрупты, М., 1960.</text_orig>
</article>
