<?xml version="1.0" ?>
<article uri="http://libmeta.ru/me/article/1043_KONEChNOMERNAJa" alphabetic_pos="1043">
  <title>КОНЕЧНОМЕРНАЯ АССОЦИАТИВНАЯ А.ІГЕБPA</title>
  <authors/>
  <pages>
    <start>512</start>
    <end>512</end>
  </pages>
  <literature>
    <literature_orig>Лит.: [1] В а н д е р В а р д е н Б. Л., Алгебра, пер. с нем., M., 1976; [2] A I b e r t A. A., Structure of algebras, N. Y.,</literature_orig>
    <unit>
      <author>Вандер Варден Б. Л.</author>
      <title>Алгебра</title>
      <publication>пер. с нем., M.</publication>
      <year>1976</year>
      <other/>
    </unit>
    <unit>
      <author>AIbert A. A.</author>
      <title/>
      <publication/>
      <year/>
      <other>Structure of algebras, N. Y.</other>
    </unit>
  </literature>
  <formulas_main>
    <formula uri="http://libmeta.ru/me/formula/main/1043_1_KONEChNOMERNAJa">\alpha(a b)=(\alpha a) b=a(\alpha b)</formula>
    <formula uri="http://libmeta.ru/me/formula/main/1043_2_KONEChNOMERNAJa">e_{i} e_{j}=\sum_{k=1}^{n} \gamma_{i j}^{k} e_{k}, \gamma_{i j}^{k} \in F</formula>
  </formulas_main>
  <formulas_aux>
    <formula uri="http://libmeta.ru/me/formula/aux/1043_1_KONEChNOMERNAJa">a</formula>
    <formula uri="http://libmeta.ru/me/formula/aux/1043_2_KONEChNOMERNAJa">f</formula>
    <formula uri="http://libmeta.ru/me/formula/aux/1043_3_KONEChNOMERNAJa">a, b \in A</formula>
    <formula uri="http://libmeta.ru/me/formula/aux/1043_4_KONEChNOMERNAJa">\alpha \in F</formula>
    <formula uri="http://libmeta.ru/me/formula/aux/1043_5_KONEChNOMERNAJa">n=\operatorname{dim}_{f} A</formula>
    <formula uri="http://libmeta.ru/me/formula/aux/1043_6_KONEChNOMERNAJa">a</formula>
    <formula uri="http://libmeta.ru/me/formula/aux/1043_7_KONEChNOMERNAJa">f</formula>
    <formula uri="http://libmeta.ru/me/formula/aux/1043_8_KONEChNOMERNAJa">a</formula>
    <formula uri="http://libmeta.ru/me/formula/aux/1043_9_KONEChNOMERNAJa">f</formula>
    <formula uri="http://libmeta.ru/me/formula/aux/1043_10_KONEChNOMERNAJa">a</formula>
    <formula uri="http://libmeta.ru/me/formula/aux/1043_11_KONEChNOMERNAJa">n</formula>
    <formula uri="http://libmeta.ru/me/formula/aux/1043_12_KONEChNOMERNAJa">n</formula>
    <formula uri="http://libmeta.ru/me/formula/aux/1043_13_KONEChNOMERNAJa">a</formula>
    <formula uri="http://libmeta.ru/me/formula/aux/1043_14_KONEChNOMERNAJa">f</formula>
    <formula uri="http://libmeta.ru/me/formula/aux/1043_15_KONEChNOMERNAJa">n+1</formula>
    <formula uri="http://libmeta.ru/me/formula/aux/1043_16_KONEChNOMERNAJa">f</formula>
    <formula uri="http://libmeta.ru/me/formula/aux/1043_17_KONEChNOMERNAJa">a</formula>
    <formula uri="http://libmeta.ru/me/formula/aux/1043_18_KONEChNOMERNAJa">(n+1) \times(n+1)</formula>
    <formula uri="http://libmeta.ru/me/formula/aux/1043_19_KONEChNOMERNAJa">f</formula>
    <formula uri="http://libmeta.ru/me/formula/aux/1043_20_KONEChNOMERNAJa">a</formula>
    <formula uri="http://libmeta.ru/me/formula/aux/1043_21_KONEChNOMERNAJa">n</formula>
    <formula uri="http://libmeta.ru/me/formula/aux/1043_22_KONEChNOMERNAJa">f</formula>
    <formula uri="http://libmeta.ru/me/formula/aux/1043_23_KONEChNOMERNAJa">e_{1}, \ldots, e_{n}-</formula>
    <formula uri="http://libmeta.ru/me/formula/aux/1043_24_KONEChNOMERNAJa">a</formula>
    <formula uri="http://libmeta.ru/me/formula/aux/1043_25_KONEChNOMERNAJa">f</formula>
    <formula uri="http://libmeta.ru/me/formula/aux/1043_26_KONEChNOMERNAJa">a</formula>
    <formula uri="http://libmeta.ru/me/formula/aux/1043_27_KONEChNOMERNAJa">\gamma_{i j}^{k}</formula>
    <formula uri="http://libmeta.ru/me/formula/aux/1043_28_KONEChNOMERNAJa">f</formula>
    <formula uri="http://libmeta.ru/me/formula/aux/1043_29_KONEChNOMERNAJa">a</formula>
    <formula uri="http://libmeta.ru/me/formula/aux/1043_30_KONEChNOMERNAJa">a</formula>
    <formula uri="http://libmeta.ru/me/formula/aux/1043_31_KONEChNOMERNAJa">f</formula>
    <formula uri="http://libmeta.ru/me/formula/aux/1043_32_KONEChNOMERNAJa">\mathbf{k}</formula>
    <formula uri="http://libmeta.ru/me/formula/aux/1043_33_KONEChNOMERNAJa">f</formula>
  </formulas_aux>
  <relations n="20">
    <relation uri="http://libmeta.ru/me/relation/1043_1_KONEChNOMERNAJa">
      <rel_text>теорема</rel_text>
      <target>http://libmeta.ru/me/article/381_TEORI</target>
    </relation>
    <relation uri="http://libmeta.ru/me/relation/1043_2_KONEChNOMERNAJa">
      <rel_text>Ii</rel_text>
      <target>http://libmeta.ru/me/article/370_II</target>
    </relation>
    <relation uri="http://libmeta.ru/me/relation/1043_3_KONEChNOMERNAJa">
      <rel_text>комплексных</rel_text>
      <target>http://libmeta.ru/me/article/1005_KOMPAKTNOST</target>
    </relation>
    <relation uri="http://libmeta.ru/me/relation/1043_4_KONEChNOMERNAJa">
      <rel_text>поле</rel_text>
      <target>http://libmeta.ru/me/article/390_POL</target>
    </relation>
    <relation uri="http://libmeta.ru/me/relation/1043_5_KONEChNOMERNAJa">
      <rel_text>поле</rel_text>
      <target>http://libmeta.ru/me/article/390_POL</target>
    </relation>
    <relation uri="http://libmeta.ru/me/relation/1043_6_KONEChNOMERNAJa">
      <rel_text>делением</rel_text>
      <target>http://libmeta.ru/me/article/96_DELENI</target>
    </relation>
    <relation uri="http://libmeta.ru/me/relation/1043_7_KONEChNOMERNAJa">
      <rel_text>делителей</rel_text>
      <target>http://libmeta.ru/me/article/101_DELIMOST</target>
    </relation>
    <relation uri="http://libmeta.ru/me/relation/1043_8_KONEChNOMERNAJa">
      <rel_text>матричнымı</rel_text>
      <target>http://libmeta.ru/me/article/601_MATRITsAN</target>
    </relation>
    <relation uri="http://libmeta.ru/me/relation/1043_9_KONEChNOMERNAJa">
      <rel_text>алгебры</rel_text>
      <target>http://libmeta.ru/me/article/93_ALGEBR</target>
    </relation>
    <relation uri="http://libmeta.ru/me/relation/1043_10_KONEChNOMERNAJa">
      <rel_text>алгебр</rel_text>
      <target>http://libmeta.ru/me/article/92_ALGAM</target>
    </relation>
    <relation uri="http://libmeta.ru/me/relation/1043_11_KONEChNOMERNAJa">
      <rel_text>матричных</rel_text>
      <target>http://libmeta.ru/me/article/601_MATRITsAN</target>
    </relation>
    <relation uri="http://libmeta.ru/me/relation/1043_12_KONEChNOMERNAJa">
      <rel_text>полупростая</rel_text>
      <target>http://libmeta.ru/me/article/457_POLUGRUPP</target>
    </relation>
    <relation uri="http://libmeta.ru/me/relation/1043_13_KONEChNOMERNAJa">
      <rel_text>поле</rel_text>
      <target>http://libmeta.ru/me/article/390_POL</target>
    </relation>
    <relation uri="http://libmeta.ru/me/relation/1043_14_KONEChNOMERNAJa">
      <rel_text>алгебр</rel_text>
      <target>http://libmeta.ru/me/article/92_ALGAM</target>
    </relation>
    <relation uri="http://libmeta.ru/me/relation/1043_15_KONEChNOMERNAJa">
      <rel_text>Полупростая</rel_text>
      <target>http://libmeta.ru/me/article/457_POLUGRUPP</target>
    </relation>
    <relation uri="http://libmeta.ru/me/relation/1043_16_KONEChNOMERNAJa">
      <rel_text>теорема</rel_text>
      <target>http://libmeta.ru/me/article/381_TEORI</target>
    </relation>
    <relation uri="http://libmeta.ru/me/relation/1043_17_KONEChNOMERNAJa">
      <rel_text>полупрямым</rel_text>
      <target>http://libmeta.ru/me/article/457_POLUGRUPP</target>
    </relation>
    <relation uri="http://libmeta.ru/me/relation/1043_18_KONEChNOMERNAJa">
      <rel_text>поле</rel_text>
      <target>http://libmeta.ru/me/article/390_POL</target>
    </relation>
    <relation uri="http://libmeta.ru/me/relation/1043_19_KONEChNOMERNAJa">
      <rel_text>нильпотентен</rel_text>
      <target>http://libmeta.ru/me/article/1024_NIL'ALGEBR</target>
    </relation>
    <relation uri="http://libmeta.ru/me/relation/1043_20_KONEChNOMERNAJa">
      <rel_text>Радикал</rel_text>
      <target>http://libmeta.ru/me/article/866_RADIA</target>
    </relation>
  </relations>
  <text>ассоцгативное кольцо $URI[[http://libmeta.ru/me/formula/aux/1043_1_KONEChNOMERNAJa]]/URI$, являющееся одновременно конечномерным векторным пространством над полем $URI[[http://libmeta.ru/me/formula/aux/1043_2_KONEChNOMERNAJa]]/URI$, в к-ром выполняется следующее условие

\[
URI[[http://libmeta.ru/me/formula/main/1043_1_KONEChNOMERNAJa]]/URI
\]

для всех $URI[[http://libmeta.ru/me/formula/aux/1043_3_KONEChNOMERNAJa]]/URI$ и $URI[[http://libmeta.ru/me/formula/aux/1043_4_KONEChNOMERNAJa]]/URI$. Размерность $URI[[http://libmeta.ru/me/formula/aux/1043_5_KONEChNOMERNAJa]]/URI$ пространства $URI[[http://libmeta.ru/me/formula/aux/1043_6_KONEChNOMERNAJa]]/URI$ над полем $URI[[http://libmeta.ru/me/formula/aux/1043_7_KONEChNOMERNAJa]]/URI$ наз. размерностью алгебры $URI[[http://libmeta.ru/me/formula/aux/1043_8_KONEChNOMERNAJa]]/URI$ над $URI[[http://libmeta.ru/me/formula/aux/1043_9_KONEChNOMERNAJa]]/URI$. Принято также говорить, что алгебра $URI[[http://libmeta.ru/me/formula/aux/1043_10_KONEChNOMERNAJa]]/URI$ является $URI[[http://libmeta.ru/me/formula/aux/1043_11_KONEChNOMERNAJa]]/URI$-мерной. Всякая $URI[[http://libmeta.ru/me/formula/aux/1043_12_KONEChNOMERNAJa]]/URI$-мерная ассоциативная алгебра $URI[[http://libmeta.ru/me/formula/aux/1043_13_KONEChNOMERNAJa]]/URI$ над полем $URI[[http://libmeta.ru/me/formula/aux/1043_14_KONEChNOMERNAJa]]/URI$ имеет точное представление матрицами по- рядка $URI[[http://libmeta.ru/me/formula/aux/1043_15_KONEChNOMERNAJa]]/URI$ над $URI[[http://libmeta.ru/me/formula/aux/1043_16_KONEChNOMERNAJa]]/URI$, т. е. существует изоморфизм алгебры $URI[[http://libmeta.ru/me/formula/aux/1043_17_KONEChNOMERNAJa]]/URI$ на нек-рую подалгебру алгебры всех квадратных матрпц порядка $URI[[http://libmeta.ru/me/formula/aux/1043_18_KONEChNOMERNAJa]]/URI$ над $URI[[http://libmeta.ru/me/formula/aux/1043_19_KONEChNOMERNAJa]]/URI$. Если, кроме того, алгебра $URI[[http://libmeta.ru/me/formula/aux/1043_20_KONEChNOMERNAJa]]/URI$ содержіт едіницу, то она имеет точное представленіе матрицами порядка $URI[[http://libmeta.ru/me/formula/aux/1043_21_KONEChNOMERNAJa]]/URI$ над $URI[[http://libmeta.ru/me/formula/aux/1043_22_KONEChNOMERNAJa]]/URI$.

Пусть $URI[[http://libmeta.ru/me/formula/aux/1043_23_KONEChNOMERNAJa]]/URI$ некоторый базiс векторного пространства $URI[[http://libmeta.ru/me/formula/aux/1043_24_KONEChNOMERNAJa]]/URI$ над $URI[[http://libmeta.ru/me/formula/aux/1043_25_KONEChNOMERNAJa]]/URI$ (он наз. также б а 3 и с о м а л г е бр Ы $URI[[http://libmeta.ru/me/formula/aux/1043_26_KONEChNOMERNAJa]]/URI$ ) Iі

\[
URI[[http://libmeta.ru/me/formula/main/1043_2_KONEChNOMERNAJa]]/URI
\]

Элементы $URI[[http://libmeta.ru/me/formula/aux/1043_27_KONEChNOMERNAJa]]/URI$, поля $URI[[http://libmeta.ru/me/formula/aux/1043_28_KONEChNOMERNAJa]]/URI$ наз. с т р у к т у р ны м и ко нс т а т т а м а л ге б р ы $URI[[http://libmeta.ru/me/formula/aux/1043_29_KONEChNOMERNAJa]]/URI$ в данном базисе. Онік образуют тензор третьего ранга в пространстве $URI[[http://libmeta.ru/me/formula/aux/1043_30_KONEChNOMERNAJa]]/URI$.

О с н о в н е те о р м м о К. а. а. URI[[http://libmeta.ru/me/relation/1043_20_KONEChNOMERNAJa]]/URI Джекобсона K. a. а. URI[[http://libmeta.ru/me/relation/1043_19_KONEChNOMERNAJa]]/URI и, если основное URI[[http://libmeta.ru/me/relation/1043_18_KONEChNOMERNAJa]]/URI сепарабельно, отщепляется URI[[http://libmeta.ru/me/relation/1043_17_KONEChNOMERNAJa]]/URI слагаемым (см. Веддерберна - Мальцева URI[[http://libmeta.ru/me/relation/1043_16_KONEChNOMERNAJa]]/URI). URI[[http://libmeta.ru/me/relation/1043_15_KONEChNOMERNAJa]]/URI К. а. а. над полем разлагается в прямую сумму магричных URI[[http://libmeta.ru/me/relation/1043_14_KONEChNOMERNAJa]]/URI над теламі. Если основное URI[[http://libmeta.ru/me/relation/1043_13_KONEChNOMERNAJa]]/URI $URI[[http://libmeta.ru/me/formula/aux/1043_31_KONEChNOMERNAJa]]/URI$ алгебраiчески замкнуто, то URI[[http://libmeta.ru/me/relation/1043_12_KONEChNOMERNAJa]]/URI $URI[[http://libmeta.ru/me/formula/aux/1043_32_KONEChNOMERNAJa]]/URI$. а. а. распадается в прямую суму URI[[http://libmeta.ru/me/relation/1043_11_KONEChNOMERNAJa]]/URI URI[[http://libmeta.ru/me/relation/1043_10_KONEChNOMERNAJa]]/URI над $URI[[http://libmeta.ru/me/formula/aux/1043_33_KONEChNOMERNAJa]]/URI$. Простые конечномерные URI[[http://libmeta.ru/me/relation/1043_9_KONEChNOMERNAJa]]/URI исчерпываются полными URI[[http://libmeta.ru/me/relation/1043_8_KONEChNOMERNAJa]]/URI алгебрамі над теламі (т е о р е м а В е д д е рб е р н а). В частностіi, К. а. а. без URI[[http://libmeta.ru/me/relation/1043_7_KONEChNOMERNAJa]]/URI нуля оказывается телом. Над полем действительных чисел К. а. а. с URI[[http://libmeta.ru/me/relation/1043_6_KONEChNOMERNAJa]]/URI (т. е. тела) исчерпываются следующими примерами: URI[[http://libmeta.ru/me/relation/1043_5_KONEChNOMERNAJa]]/URI действительных чисел, URI[[http://libmeta.ru/me/relation/1043_4_KONEChNOMERNAJa]]/URI URI[[http://libmeta.ru/me/relation/1043_3_KONEChNOMERNAJa]]/URI чисел, тело кватернионов (т е о р е м а Ф p o 6 e н URI[[http://libmeta.ru/me/relation/1043_2_KONEChNOMERNAJa]]/URI у c a).

Многие из упомянутых структурных свойств К. а. а. пмеют место и в более широкіх классах нётеровых и артиновых колец (см., напр., Веддерберна-Артина URI[[http://libmeta.ru/me/relation/1043_1_KONEChNOMERNAJa]]/URI)</text>
  <text_orig>ассоцгативное кольцо $A$, являющееся одновременно конечномерным векторным пространством над полем $F$, в к-ром выполняется следующее условие

\[
\alpha(a b)=(\alpha a) b=a(\alpha b)
\]

для всех $a, b \in A$ и $\alpha \in F$. Размерность $n=\operatorname{dim}_{F} A$ пространства $A$ над полем $F$ наз. размерностью алгебры $A$ над $F$. Принято также говорить, что алгебра $A$ является $n$-мерной. Всякая $n$-мерная ассоциативная алгебра $A$ над полем $F$ имеет точное представление матрицами по- рядка $n+1$ над $F$, т. е. существует изоморфизм алгебры $A$ на нек-рую подалгебру алгебры всех квадратных матрпц порядка $(n+1) \times(n+1)$ над $F$. Если, кроме того, алгебра $A$ содержіт едіницу, то она имеет точное представленіе матрицами порядка $n$ над $F$.

Пусть $e_{1}, \ldots, e_{n}-$ некоторый базIс векторного пространства $A$ над $F$ (он наз. также б а 3 и с о м а л г е бр Ы $A$ ) Iі

\[
e_{i} e_{j}=\sum_{k=1}^{n} \gamma_{i j}^{k} e_{k}, \gamma_{i j}^{k} \in F
\]

Элементы $\gamma_{i j}^{k}$, поля $F$ наз. с т р у к т у р ны м и ко нс т а т т а м а л ге б р ы $A$ в данном базисе. Онік образуют тензор третьего ранга в пространстве $A$.

О с н о в н е те о р м м о К. а. а. Радикал Джекобсона K. a. а. нильпотентен и, если основное поле сепарабельно, отщепляется полупрямым слагаемым (см. Веддерберна - Мальцева теорема). Полупростая К. а. а. над полем разлагается в прямую сумму магричных алгебр над теламі. Если основное поле $F$ алгебраIчески замкнуто, то полупростая $\mathbf{K}$. а. а. распадается в прямую суму матричных алгебр над $F$. Простые конечномерные алгебры исчерпываются полными матричнымı алгебрамі над теламі (т е о р е м а В е д д е рб е р н а). В частностіI, К. а. а. без делителей нуля оказывается телом. Над полем действительных чисел К. а. а. с делением (т. е. тела) исчерпываются следующими примерами: поле действительных чисел, поле комплексных чисел, тело кватернионов (т е о р е м а Ф p o 6 e н II у c a).

Многие из упомянутых структурных свойств К. а. а. пмеют место и в более широкіх классах нётеровых и артиновых колец (см., напр., Веддерберна-Артина теорема)

Лит.: [1] В а н д е р В а р д е н Б. Л., Алгебра, пер. с нем., M., 1976; [2] A I b e r t A. A., Structure of algebras, N. Y.,</text_orig>
</article>
