<?xml version="1.0" ?>
<article uri="http://libmeta.ru/me/article/1043_IIIREERA" alphabetic_pos="1043">
  <title>IIIРЁЕРА СИСТЕМА</title>
  <authors/>
  <pages>
    <start>450</start>
    <end>451</end>
  </pages>
  <literature>
    <literature_orig>Jum.: [1] S t e i n K., &quot;math. Ann.», 1951, Bd 123, S. 201-22. См. также лит. при статье Штейна пространство.</literature_orig>
    <unit>
      <author>Stein K.</author>
      <title>&quot;math. Ann.»</title>
      <publication/>
      <year>1951</year>
      <other>Bd 123, S. 201-22. См. также лит. при статье Штейна пространство.</other>
    </unit>
  </literature>
  <formulas_main>
    <formula uri="http://libmeta.ru/me/formula/main/1043_1_IIIREERA">g=S_{1}^{n_{1}} \ldots S_{k}^{n_{k}}</formula>
    <formula uri="http://libmeta.ru/me/formula/main/1043_2_IIIREERA">g^{\prime}= \begin{cases}g S_{k}, &amp; n_{k}&lt;0 \\ g S_{k}^{-1}, &amp; n_{k}&gt;0\end{cases}</formula>
    <formula uri="http://libmeta.ru/me/formula/main/1043_3_IIIREERA">\left\{x \in X \| f(x)\left|\leqslant \sup _{z \in K}\right| f(z) \mid(f \in G(M))\right\},</formula>
  </formulas_main>
  <formulas_aux>
    <formula uri="http://libmeta.ru/me/formula/aux/1043_1_IIIREERA">f</formula>
    <formula uri="http://libmeta.ru/me/formula/aux/1043_2_IIIREERA">s</formula>
    <formula uri="http://libmeta.ru/me/formula/aux/1043_3_IIIREERA">g \neq 1</formula>
    <formula uri="http://libmeta.ru/me/formula/aux/1043_4_IIIREERA">g</formula>
    <formula uri="http://libmeta.ru/me/formula/aux/1043_5_IIIREERA">g^{\prime}</formula>
    <formula uri="http://libmeta.ru/me/formula/aux/1043_6_IIIREERA">\mathrm{g}</formula>
    <formula uri="http://libmeta.ru/me/formula/aux/1043_7_IIIREERA">\mathbf{c}</formula>
    <formula uri="http://libmeta.ru/me/formula/aux/1043_8_IIIREERA">m</formula>
    <formula uri="http://libmeta.ru/me/formula/aux/1043_9_IIIREERA">k \subset M</formula>
    <formula uri="http://libmeta.ru/me/formula/aux/1043_10_IIIREERA">\sigma(m)</formula>
    <formula uri="http://libmeta.ru/me/formula/aux/1043_11_IIIREERA">m</formula>
    <formula uri="http://libmeta.ru/me/formula/aux/1043_12_IIIREERA">x, y \in M</formula>
    <formula uri="http://libmeta.ru/me/formula/aux/1043_13_IIIREERA">f \in G(M)</formula>
    <formula uri="http://libmeta.ru/me/formula/aux/1043_14_IIIREERA">f(x) \neq f(y)</formula>
    <formula uri="http://libmeta.ru/me/formula/aux/1043_15_IIIREERA">\sigma(m)</formula>
    <formula uri="http://libmeta.ru/me/formula/aux/1043_16_IIIREERA">\left\{x_{n} \mid n=1\right.</formula>
    <formula uri="http://libmeta.ru/me/formula/aux/1043_17_IIIREERA">2, \ldots\} \subset M</formula>
    <formula uri="http://libmeta.ru/me/formula/aux/1043_18_IIIREERA">f \in G(M)</formula>
    <formula uri="http://libmeta.ru/me/formula/aux/1043_19_IIIREERA">\sup \left|f\left(x_{n}\right)\right|=\infty</formula>
    <formula uri="http://libmeta.ru/me/formula/aux/1043_20_IIIREERA">\mathbb{c}^{n}</formula>
    <formula uri="http://libmeta.ru/me/formula/aux/1043_21_IIIREERA">\mathbb{c}^{n}</formula>
    <formula uri="http://libmeta.ru/me/formula/aux/1043_22_IIIREERA">n</formula>
    <formula uri="http://libmeta.ru/me/formula/aux/1043_23_IIIREERA">\mathbb{c}^{2 n}</formula>
  </formulas_aux>
  <relations n="3">
    <relation uri="http://libmeta.ru/me/relation/1043_1_IIIREERA">
      <rel_text>пространства</rel_text>
      <target>http://libmeta.ru/me/article/748_PROSTRANSTV</target>
    </relation>
    <relation uri="http://libmeta.ru/me/relation/1043_2_IIIREERA">
      <rel_text>риманова поверхность</rel_text>
      <target>http://libmeta.ru/me/article/1120_RIMANOVA</target>
    </relation>
    <relation uri="http://libmeta.ru/me/relation/1043_3_IIIREERA">
      <rel_text>Класс</rel_text>
      <target>http://libmeta.ru/me/article/889_KLAS</target>
    </relation>
  </relations>
  <text>непустое подмножество свободной групшы $URI[[http://libmeta.ru/me/formula/aux/1043_1_IIIREERA]]/URI$ с множеством образующих $URI[[http://libmeta.ru/me/formula/aux/1043_2_IIIREERA]]/URI$, удовлетворяющее такому условию. Пусть элемент $URI[[http://libmeta.ru/me/formula/aux/1043_3_IIIREERA]]/URI$, принадлежащий Ii. с., представлен в виде редуцированного слова от образующих группы:

\[
URI[[http://libmeta.ru/me/formula/main/1043_1_IIIREERA]]/URI
\] и пусть

\[
URI[[http://libmeta.ru/me/formula/main/1043_2_IIIREERA]]/URI
\]

Тогда требуется, чтобы әлемент $URI[[http://libmeta.ru/me/formula/aux/1043_4_IIIREERA]]/URI$ также принадлежал этой системе (әлемент $URI[[http://libmeta.ru/me/formula/aux/1043_5_IIIREERA]]/URI$ можно представлять себе как редуцированное слово, полученное из $URI[[http://libmeta.ru/me/formula/aux/1043_6_IIIREERA]]/URI$ зачеркиванием его последней буквы). Элемент 1 принадлежит каждой Iil. $URI[[http://libmeta.ru/me/formula/aux/1043_7_IIIREERA]]/URI$.

Введена О. Iil рейером (o. Schreier) в 20-х гг., см. [1].

Лит.: [1] М а с с и у., С т о л л и н г с Д ж., Алгебраическая топология. Введение, пер. с англ., М., 1977. полво е многообрази е, - паракомпактное комплексное аналитическое многообразие $URI[[http://libmeta.ru/me/formula/aux/1043_8_IIIREERA]]/URI$, обладающее следующими свойствами:

1) для любого компакта $URI[[http://libmeta.ru/me/formula/aux/1043_9_IIIREERA]]/URI$ множество

\[
URI[[http://libmeta.ru/me/formula/main/1043_3_IIIREERA]]/URI
\]

где $URI[[http://libmeta.ru/me/formula/aux/1043_10_IIIREERA]]/URI$ - алгебра голоморфных функций на $URI[[http://libmeta.ru/me/formula/aux/1043_11_IIIREERA]]/URI$, компактно (го ло мо рфвая в ы пу к лость);

2) для любых двух различных точек $URI[[http://libmeta.ru/me/formula/aux/1043_12_IIIREERA]]/URI$ существует такая функция $URI[[http://libmeta.ru/me/formula/aux/1043_13_IIIREERA]]/URI$, что $URI[[http://libmeta.ru/me/formula/aux/1043_14_IIIREERA]]/URI$ (го ломорфвая отделимость);

3) в окрестности любой точки существует голоморфная карта, координатные функции к-рой принадлежат $URI[[http://libmeta.ru/me/formula/aux/1043_15_IIIREERA]]/URI$.

Условие голоморфной выпуклости можно заменить следующим: для любой последовательности точек $URI[[http://libmeta.ru/me/formula/aux/1043_16_IIIREERA]]/URI$, $URI[[http://libmeta.ru/me/formula/aux/1043_17_IIIREERA]]/URI$, не имеюшей предельных точек, существует такая фуунция $URI[[http://libmeta.ru/me/formula/aux/1043_18_IIIREERA]]/URI$, что $URI[[http://libmeta.ru/me/formula/aux/1043_19_IIIREERA]]/URI$.

URI[[http://libmeta.ru/me/relation/1043_3_IIIREERA]]/URI Iii. м. был введен в рассмотрение К. Штейном [1], как естественное обобщение голоморфиости областей в $URI[[http://libmeta.ru/me/formula/aux/1043_20_IIIREERA]]/URI$. Всякое замкнутое аналитич. Iодмногообразие в $URI[[http://libmeta.ru/me/formula/aux/1043_21_IIIREERA]]/URI$ является Iii. м.; обратно, любое $URI[[http://libmeta.ru/me/formula/aux/1043_22_IIIREERA]]/URI$-мерное Iii. м. допускает собственное голоморфиое вложевие в $URI[[http://libmeta.ru/me/formula/aux/1043_23_IIIREERA]]/URI$. Всякая некомпактная URI[[http://libmeta.ru/me/relation/1043_2_IIIREERA]]/URI является Ш. м. Непосредственным обобщением Ш. м. являются Iii тейна URI[[http://libmeta.ru/me/relation/1043_1_IIIREERA]]/URI.</text>
  <text_orig>непустое подмножество свободной групшы $F$ с множеством образующих $S$, удовлетворяющее такому условию. Пусть элемент $g \neq 1$, принадлежащий II. с., представлен в виде редуцированного слова от образующих группы:

\[
g=S_{1}^{n_{1}} \ldots S_{k}^{n_{k}}
\] и пусть

\[
g^{\prime}= \begin{cases}g S_{k}, &amp; n_{k}&lt;0 \\ g S_{k}^{-1}, &amp; n_{k}&gt;0\end{cases}
\]

Тогда требуется, чтобы әлемент $g$ также принадлежал этой системе (әлемент $g^{\prime}$ можно представлять себе как редуцированное слово, полученное из $\mathrm{g}$ зачеркиванием его последней буквы). Элемент 1 принадлежит каждой IIl. $\mathbf{c}$.

Введена О. IIl рейером (O. Schreier) в 20-х гг., см. [1].

Лит.: [1] М а с с и у., С т о л л и н г с Д ж., Алгебраическая топология. Введение, пер. с англ., М., 1977. полво е многообрази е, - паракомпактное комплексное аналитическое многообразие $M$, обладающее следующими свойствами:

1) для любого компакта $K \subset M$ множество

\[
\left\{x \in X \| f(x)\left|\leqslant \sup _{z \in K}\right| f(z) \mid(f \in G(M))\right\},
\]

где $\sigma(M)$ - алгебра голоморфных функций на $M$, компактно (го ло мо рфвая в ы пу к лость);

2) для любых двух различных точек $x, y \in M$ существует такая функция $f \in G(M)$, что $f(x) \neq f(y)$ (го ломорфвая отделимость);

3) в окрестности любой точки существует голоморфная карта, координатные функции к-рой принадлежат $\sigma(M)$.

Условие голоморфной выпуклости можно заменить следующим: для любой последовательности точек $\left\{x_{n} \mid n=1\right.$, $2, \ldots\} \subset M$, не имеюшей предельных точек, существует такая фуунция $f \in G(M)$, что $\sup \left|f\left(x_{n}\right)\right|=\infty$.

Класс III. м. был введен в рассмотрение К. Штейном [1], как естественное обобщение голоморфиости областей в $\mathbb{C}^{n}$. Всякое замкнутое аналитич. Iодмногообразие в $\mathbb{C}^{n}$ является III. м.; обратно, любое $n$-мерное III. м. допускает собственное голоморфиое вложевие в $\mathbb{C}^{2 n}$. Всякая некомпактная риманова поверхность является Ш. м. Непосредственным обобщением Ш. м. являются III тейна пространства.

Jum.: [1] S t e i n K., &quot;Math. Ann.», 1951, Bd 123, S. 201-22. См. также лит. при статье Штейна пространство.</text_orig>
</article>
