<?xml version="1.0" ?>
<article uri="http://libmeta.ru/me/article/1044_GIЈBBERTOV" alphabetic_pos="1044">
  <title>ГИЈББЕРТОВ КИРПИЧ</title>
  <authors/>
  <pages>
    <start>490</start>
    <end>490</end>
  </pages>
  <literature>
    <literature_orig/>
  </literature>
  <formulas_main/>
  <formulas_aux>
    <formula uri="http://libmeta.ru/me/formula/aux/1044_1_GIЈBBERTOV">l_{2}</formula>
    <formula uri="http://libmeta.ru/me/formula/aux/1044_2_GIЈBBERTOV">x=\left(x_{1}, \ldots, x_{n}, \ldots\right)</formula>
    <formula uri="http://libmeta.ru/me/formula/aux/1044_3_GIЈBBERTOV">0 \leqslant x_{n} \leqslant(1 / 2)^{n}, n=1,2, \ldots</formula>
    <formula uri="http://libmeta.ru/me/formula/aux/1044_4_GIЈBBERTOV">i^{\aleph_{0}}</formula>
  </formulas_aux>
  <relations n="8">
    <relation uri="http://libmeta.ru/me/relation/1044_1_GIЈBBERTOV">
      <rel_text>метризуемых пространств</rel_text>
      <target>http://libmeta.ru/me/article/651_METRIZUEMOE</target>
    </relation>
    <relation uri="http://libmeta.ru/me/relation/1044_2_GIЈBBERTOV">
      <rel_text>универсальным пространством</rel_text>
      <target>http://libmeta.ru/me/article/557_UNIVERSAL'NOE</target>
    </relation>
    <relation uri="http://libmeta.ru/me/relation/1044_3_GIЈBBERTOV">
      <rel_text>отрезков</rel_text>
      <target>http://libmeta.ru/me/article/135_OTREZO</target>
    </relation>
    <relation uri="http://libmeta.ru/me/relation/1044_4_GIЈBBERTOV">
      <rel_text>системы</rel_text>
      <target>http://libmeta.ru/me/article/350_SISTEM</target>
    </relation>
    <relation uri="http://libmeta.ru/me/relation/1044_5_GIЈBBERTOV">
      <rel_text>тихоновскому произведению</rel_text>
      <target>http://libmeta.ru/me/article/403_TIHONOVSKOE</target>
    </relation>
    <relation uri="http://libmeta.ru/me/relation/1044_6_GIЈBBERTOV">
      <rel_text>гомеоморфен</rel_text>
      <target>http://libmeta.ru/me/article/1116_GOMEOMORFIZ</target>
    </relation>
    <relation uri="http://libmeta.ru/me/relation/1044_7_GIЈBBERTOV">
      <rel_text>компактом</rel_text>
      <target>http://libmeta.ru/me/article/1009_KOMPLEK</target>
    </relation>
    <relation uri="http://libmeta.ru/me/relation/1044_8_GIЈBBERTOV">
      <rel_text>пространства</rel_text>
      <target>http://libmeta.ru/me/article/748_PROSTRANSTV</target>
    </relation>
  </relations>
  <text>подпространство аильбертова URI[[http://libmeta.ru/me/relation/1044_8_GIЈBBERTOV]]/URI $URI[[http://libmeta.ru/me/formula/aux/1044_1_GIЈBBERTOV]]/URI$, состоящее из всех точек $URI[[http://libmeta.ru/me/formula/aux/1044_2_GIЈBBERTOV]]/URI$, для к-рых $URI[[http://libmeta.ru/me/formula/aux/1044_3_GIЈBBERTOV]]/URI$ Г. к. является URI[[http://libmeta.ru/me/relation/1044_7_GIЈBBERTOV]]/URI и топологически эквивалентен (URI[[http://libmeta.ru/me/relation/1044_6_GIЈBBERTOV]]/URI) URI[[http://libmeta.ru/me/relation/1044_5_GIЈBBERTOV]]/URI счетной URI[[http://libmeta.ru/me/relation/1044_4_GIЈBBERTOV]]/URI URI[[http://libmeta.ru/me/relation/1044_3_GIЈBBERTOV]]/URI, т. е. тихоновскому кубу $URI[[http://libmeta.ru/me/formula/aux/1044_4_GIЈBBERTOV]]/URI$. Г. к. является URI[[http://libmeta.ru/me/relation/1044_2_GIЈBBERTOV]]/URI в классе URI[[http://libmeta.ru/me/relation/1044_1_GIЈBBERTOV]]/URI со счетной базой (т е о р е м а У р ы с о н а).</text>
  <text_orig>подпространство аильбертова пространства $l_{2}$, состоящее из всех точек $x=\left(x_{1}, \ldots, x_{n}, \ldots\right)$, для к-рых $0 \leqslant x_{n} \leqslant(1 / 2)^{n}, n=1,2, \ldots$ Г. к. является компактом и топологически эквивалентен (гомеоморфен) тихоновскому произведению счетной системы отрезков, т. е. тихоновскому кубу $I^{\aleph_{0}}$. Г. к. является универсальным пространством в классе метризуемых пространств со счетной базой (т е о р е м а У р ы с о н а).</text_orig>
</article>
