<?xml version="1.0" ?>
<article uri="http://libmeta.ru/me/article/1044_KONEChNOMERNOE" alphabetic_pos="1044">
  <title>КОНЕЧНОМЕРНОЕ ПРЕДСТАВЛЕНИЕ</title>
  <authors>
    <author>А. И. Штерн</author>
  </authors>
  <pages>
    <start>512</start>
    <end>513</end>
  </pages>
  <literature>
    <literature_orig>Лuт.: [1] К и р и л л о в А. А., Элементы теории представлений, М., 1972; [2] Ж е л о б е н к о Д. П., Компактные группы Ли и их представления, М., 1970; [3] Н а й м а р к М. А., Теория представлений групп, м., 1976; [4] Д и к с м в е Ж., В е й л ь А.; Интегрирование в топологических группах и его применения, пер. с франц.. М., 1950; [6] Г е л ьф а н д И. М., П о н о м а p ё в В. А., &quot;фуннциональный анализ и его приме-![](https://cdn.mathpix.com/cropped/2023_07_08_2f2f756626b8f6be9e89g-1.jpg?height=42&amp;width=828&amp;top_left_y=370&amp;top_left_x=990)А. И., &quot;матем сб.», 1973 , т. 90 , № 1, с. 86-95.</literature_orig>
    <unit>
      <author>Кириллов А. А.</author>
      <title>Элементы теории представлений</title>
      <publication>М.</publication>
      <year>1972</year>
      <other/>
    </unit>
    <unit>
      <author>Желобенко Д. П.</author>
      <title>Компактные группы Ли и их представления</title>
      <publication>М.</publication>
      <year>1970</year>
      <other/>
    </unit>
    <unit>
      <author>Наймарк М. А.</author>
      <title>Теория представлений групп</title>
      <publication>м.</publication>
      <year>1976</year>
      <other/>
    </unit>
    <unit>
      <author>Диксмве Ж.</author>
      <title>В е й л ь А.; Интегрирование в топологических группах и его применения</title>
      <publication>пер. с франц.. М.</publication>
      <year>1950</year>
      <other>П о н о м а p ё в В. А., &quot;фуннциональный анализ и его приме-![](https://cdn.mathpix.com/cropped/2023_07_08_2f2f756626b8f6be9e89g-1.jpg?height=42&amp;width=828&amp;top_left_y=370&amp;top_left_x=990)А. И., &quot;матем сб.», 1973, т. 90, № 1, с. 86-95.</other>
    </unit>
  </literature>
  <formulas_main/>
  <formulas_aux>
    <formula uri="http://libmeta.ru/me/formula/aux/1044_1_KONEChNOMERNOE">\mathfrak{k}</formula>
    <formula uri="http://libmeta.ru/me/formula/aux/1044_2_KONEChNOMERNOE">\nprec</formula>
    <formula uri="http://libmeta.ru/me/formula/aux/1044_3_KONEChNOMERNOE">g</formula>
    <formula uri="http://libmeta.ru/me/formula/aux/1044_4_KONEChNOMERNOE">g</formula>
    <formula uri="http://libmeta.ru/me/formula/aux/1044_5_KONEChNOMERNOE">g</formula>
    <formula uri="http://libmeta.ru/me/formula/aux/1044_6_KONEChNOMERNOE">g</formula>
    <formula uri="http://libmeta.ru/me/formula/aux/1044_7_KONEChNOMERNOE">g</formula>
    <formula uri="http://libmeta.ru/me/formula/aux/1044_8_KONEChNOMERNOE">g</formula>
    <formula uri="http://libmeta.ru/me/formula/aux/1044_9_KONEChNOMERNOE">g</formula>
    <formula uri="http://libmeta.ru/me/formula/aux/1044_10_KONEChNOMERNOE">g</formula>
    <formula uri="http://libmeta.ru/me/formula/aux/1044_11_KONEChNOMERNOE">\mathbb{r}^{n}</formula>
    <formula uri="http://libmeta.ru/me/formula/aux/1044_12_KONEChNOMERNOE">g</formula>
    <formula uri="http://libmeta.ru/me/formula/aux/1044_13_KONEChNOMERNOE">g</formula>
    <formula uri="http://libmeta.ru/me/formula/aux/1044_14_KONEChNOMERNOE">h</formula>
    <formula uri="http://libmeta.ru/me/formula/aux/1044_15_KONEChNOMERNOE">(k \cdot D) \times V</formula>
    <formula uri="http://libmeta.ru/me/formula/aux/1044_16_KONEChNOMERNOE">k, D, V-</formula>
    <formula uri="http://libmeta.ru/me/formula/aux/1044_17_KONEChNOMERNOE">h</formula>
    <formula uri="http://libmeta.ru/me/formula/aux/1044_18_KONEChNOMERNOE">v</formula>
    <formula uri="http://libmeta.ru/me/formula/aux/1044_19_KONEChNOMERNOE">\mathbb{r}^{n}, K</formula>
    <formula uri="http://libmeta.ru/me/formula/aux/1044_20_KONEChNOMERNOE">d</formula>
    <formula uri="http://libmeta.ru/me/formula/aux/1044_21_KONEChNOMERNOE">h</formula>
    <formula uri="http://libmeta.ru/me/formula/aux/1044_22_KONEChNOMERNOE">g</formula>
    <formula uri="http://libmeta.ru/me/formula/aux/1044_23_KONEChNOMERNOE">\mathbb{r}</formula>
    <formula uri="http://libmeta.ru/me/formula/aux/1044_24_KONEChNOMERNOE">\mathbb{z}</formula>
    <formula uri="http://libmeta.ru/me/formula/aux/1044_25_KONEChNOMERNOE">\mathrm{k}</formula>
    <formula uri="http://libmeta.ru/me/formula/aux/1044_26_KONEChNOMERNOE">\mathbb{r}</formula>
    <formula uri="http://libmeta.ru/me/formula/aux/1044_27_KONEChNOMERNOE">\mathbb{r}</formula>
    <formula uri="http://libmeta.ru/me/formula/aux/1044_28_KONEChNOMERNOE">\mathbb{r}</formula>
    <formula uri="http://libmeta.ru/me/formula/aux/1044_29_KONEChNOMERNOE">g</formula>
    <formula uri="http://libmeta.ru/me/formula/aux/1044_30_KONEChNOMERNOE">u-</formula>
    <formula uri="http://libmeta.ru/me/formula/aux/1044_31_KONEChNOMERNOE">\pi</formula>
    <formula uri="http://libmeta.ru/me/formula/aux/1044_32_KONEChNOMERNOE">u</formula>
    <formula uri="http://libmeta.ru/me/formula/aux/1044_33_KONEChNOMERNOE">e</formula>
    <formula uri="http://libmeta.ru/me/formula/aux/1044_34_KONEChNOMERNOE">\pi^{g}</formula>
    <formula uri="http://libmeta.ru/me/formula/aux/1044_35_KONEChNOMERNOE">g</formula>
    <formula uri="http://libmeta.ru/me/formula/aux/1044_36_KONEChNOMERNOE">e</formula>
    <formula uri="http://libmeta.ru/me/formula/aux/1044_37_KONEChNOMERNOE">g</formula>
    <formula uri="http://libmeta.ru/me/formula/aux/1044_38_KONEChNOMERNOE">\vec{\pi} G</formula>
    <formula uri="http://libmeta.ru/me/formula/aux/1044_39_KONEChNOMERNOE">g</formula>
    <formula uri="http://libmeta.ru/me/formula/aux/1044_40_KONEChNOMERNOE">g</formula>
    <formula uri="http://libmeta.ru/me/formula/aux/1044_41_KONEChNOMERNOE">\pi^{g}</formula>
    <formula uri="http://libmeta.ru/me/formula/aux/1044_42_KONEChNOMERNOE">\bar{\pi}^{g}</formula>
    <formula uri="http://libmeta.ru/me/formula/aux/1044_43_KONEChNOMERNOE">\pi</formula>
    <formula uri="http://libmeta.ru/me/formula/aux/1044_44_KONEChNOMERNOE">\pi_{1}^{g} \bigotimes \bar{\pi}_{2}^{G}</formula>
    <formula uri="http://libmeta.ru/me/formula/aux/1044_45_KONEChNOMERNOE">g</formula>
    <formula uri="http://libmeta.ru/me/formula/aux/1044_46_KONEChNOMERNOE">\pi_{1}, \pi_{2}</formula>
    <formula uri="http://libmeta.ru/me/formula/aux/1044_47_KONEChNOMERNOE">g</formula>
    <formula uri="http://libmeta.ru/me/formula/aux/1044_48_KONEChNOMERNOE">g</formula>
    <formula uri="http://libmeta.ru/me/formula/aux/1044_49_KONEChNOMERNOE">\pi_{1}^{g} \bar{\pi}_{2}^{G}</formula>
    <formula uri="http://libmeta.ru/me/formula/aux/1044_50_KONEChNOMERNOE">g \supset Z-D Z+</formula>
    <formula uri="http://libmeta.ru/me/formula/aux/1044_51_KONEChNOMERNOE">g:</formula>
    <formula uri="http://libmeta.ru/me/formula/aux/1044_52_KONEChNOMERNOE">\alpha-</formula>
    <formula uri="http://libmeta.ru/me/formula/aux/1044_53_KONEChNOMERNOE">g</formula>
    <formula uri="http://libmeta.ru/me/formula/aux/1044_54_KONEChNOMERNOE">\alpha\left(z_{-} \delta z_{+}\right)=\alpha(\delta)</formula>
    <formula uri="http://libmeta.ru/me/formula/aux/1044_55_KONEChNOMERNOE">z_{-} \in Z_{-}, \delta \in D, z_{+} \in Z_{+}</formula>
    <formula uri="http://libmeta.ru/me/formula/aux/1044_56_KONEChNOMERNOE">\phi_{\alpha}</formula>
    <formula uri="http://libmeta.ru/me/formula/aux/1044_57_KONEChNOMERNOE">g \rightarrow \alpha\left(g g_{0}\right), g_{0} \in G</formula>
    <formula uri="http://libmeta.ru/me/formula/aux/1044_58_KONEChNOMERNOE">\left[t_{\alpha}\left(g_{0}\right) f\right](g)=f\left(g g_{0}\right), g, g_{0} \in G, f \in \Phi_{\alpha}</formula>
    <formula uri="http://libmeta.ru/me/formula/aux/1044_59_KONEChNOMERNOE">\kappa</formula>
    <formula uri="http://libmeta.ru/me/formula/aux/1044_60_KONEChNOMERNOE">g</formula>
    <formula uri="http://libmeta.ru/me/formula/aux/1044_61_KONEChNOMERNOE">g</formula>
    <formula uri="http://libmeta.ru/me/formula/aux/1044_62_KONEChNOMERNOE">g</formula>
    <formula uri="http://libmeta.ru/me/formula/aux/1044_63_KONEChNOMERNOE">g^{\mathbb{c}}</formula>
    <formula uri="http://libmeta.ru/me/formula/aux/1044_64_KONEChNOMERNOE">g</formula>
    <formula uri="http://libmeta.ru/me/formula/aux/1044_65_KONEChNOMERNOE">g</formula>
    <formula uri="http://libmeta.ru/me/formula/aux/1044_66_KONEChNOMERNOE">g^{\mathbb{c}}</formula>
    <formula uri="http://libmeta.ru/me/formula/aux/1044_67_KONEChNOMERNOE">g^{\mathbb{c}}</formula>
    <formula uri="http://libmeta.ru/me/formula/aux/1044_68_KONEChNOMERNOE">g-</formula>
    <formula uri="http://libmeta.ru/me/formula/aux/1044_69_KONEChNOMERNOE">\kappa</formula>
    <formula uri="http://libmeta.ru/me/formula/aux/1044_70_KONEChNOMERNOE">g</formula>
    <formula uri="http://libmeta.ru/me/formula/aux/1044_71_KONEChNOMERNOE">\mathbb{r} n, n \geqslant 2</formula>
    <formula uri="http://libmeta.ru/me/formula/aux/1044_72_KONEChNOMERNOE">\mathbb{z}^{n}, n \geqslant 2</formula>
    <formula uri="http://libmeta.ru/me/formula/aux/1044_73_KONEChNOMERNOE">\pi</formula>
    <formula uri="http://libmeta.ru/me/formula/aux/1044_74_KONEChNOMERNOE">g</formula>
    <formula uri="http://libmeta.ru/me/formula/aux/1044_75_KONEChNOMERNOE">\pi=\chi \otimes \pi_{0}</formula>
    <formula uri="http://libmeta.ru/me/formula/aux/1044_76_KONEChNOMERNOE">\chi-</formula>
    <formula uri="http://libmeta.ru/me/formula/aux/1044_77_KONEChNOMERNOE">g</formula>
    <formula uri="http://libmeta.ru/me/formula/aux/1044_78_KONEChNOMERNOE">\pi_{0}-К</formula>
    <formula uri="http://libmeta.ru/me/formula/aux/1044_79_KONEChNOMERNOE">g</formula>
    <formula uri="http://libmeta.ru/me/formula/aux/1044_80_KONEChNOMERNOE">g</formula>
  </formulas_aux>
  <relations n="173">
    <relation uri="http://libmeta.ru/me/relation/1044_1_KONEChNOMERNOE">
      <rel_text>группы</rel_text>
      <target>http://libmeta.ru/me/article/1207_GRUPІІ</target>
    </relation>
    <relation uri="http://libmeta.ru/me/relation/1044_2_KONEChNOMERNOE">
      <rel_text>делителю</rel_text>
      <target>http://libmeta.ru/me/article/101_DELIMOST</target>
    </relation>
    <relation uri="http://libmeta.ru/me/relation/1044_3_KONEChNOMERNOE">
      <rel_text>разрешимому нормальному</rel_text>
      <target>http://libmeta.ru/me/article/1046_NORMAL'NAJa</target>
    </relation>
    <relation uri="http://libmeta.ru/me/relation/1044_4_KONEChNOMERNOE">
      <rel_text>связному</rel_text>
      <target>http://libmeta.ru/me/article/1233_SvJaZNOSt</target>
    </relation>
    <relation uri="http://libmeta.ru/me/relation/1044_5_KONEChNOMERNOE">
      <rel_text>группы</rel_text>
      <target>http://libmeta.ru/me/article/1207_GRUPІІ</target>
    </relation>
    <relation uri="http://libmeta.ru/me/relation/1044_6_KONEChNOMERNOE">
      <rel_text>факторгруппы</rel_text>
      <target>http://libmeta.ru/me/article/664_FAKTORIZATsI</target>
    </relation>
    <relation uri="http://libmeta.ru/me/relation/1044_7_KONEChNOMERNOE">
      <rel_text>полупростой</rel_text>
      <target>http://libmeta.ru/me/article/457_POLUGRUPP</target>
    </relation>
    <relation uri="http://libmeta.ru/me/relation/1044_8_KONEChNOMERNOE">
      <rel_text>коммутанту</rel_text>
      <target>http://libmeta.ru/me/article/991_KOMMUTAN</target>
    </relation>
    <relation uri="http://libmeta.ru/me/relation/1044_9_KONEChNOMERNOE">
      <rel_text>факторгруппы</rel_text>
      <target>http://libmeta.ru/me/article/664_FAKTORIZATsI</target>
    </relation>
    <relation uri="http://libmeta.ru/me/relation/1044_10_KONEChNOMERNOE">
      <rel_text>фактически</rel_text>
      <target>http://libmeta.ru/me/article/660_FAKTORIA</target>
    </relation>
    <relation uri="http://libmeta.ru/me/relation/1044_11_KONEChNOMERNOE">
      <rel_text>группы</rel_text>
      <target>http://libmeta.ru/me/article/1207_GRUPІІ</target>
    </relation>
    <relation uri="http://libmeta.ru/me/relation/1044_12_KONEChNOMERNOE">
      <rel_text>представление</rel_text>
      <target>http://libmeta.ru/me/article/3_PREDSTAVLENI</target>
    </relation>
    <relation uri="http://libmeta.ru/me/relation/1044_13_KONEChNOMERNOE">
      <rel_text>вид</rel_text>
      <target>http://libmeta.ru/me/article/708_VI</target>
    </relation>
    <relation uri="http://libmeta.ru/me/relation/1044_14_KONEChNOMERNOE">
      <rel_text>группы</rel_text>
      <target>http://libmeta.ru/me/article/1207_GRUPІІ</target>
    </relation>
    <relation uri="http://libmeta.ru/me/relation/1044_15_KONEChNOMERNOE">
      <rel_text>связной</rel_text>
      <target>http://libmeta.ru/me/article/1222_SVJaZK</target>
    </relation>
    <relation uri="http://libmeta.ru/me/relation/1044_16_KONEChNOMERNOE">
      <rel_text>неприводимые</rel_text>
      <target>http://libmeta.ru/me/article/957_NEPRERYVNOST</target>
    </relation>
    <relation uri="http://libmeta.ru/me/relation/1044_17_KONEChNOMERNOE">
      <rel_text>произвольных</rel_text>
      <target>http://libmeta.ru/me/article/1045_PROIZVODNA</target>
    </relation>
    <relation uri="http://libmeta.ru/me/relation/1044_18_KONEChNOMERNOE">
      <rel_text>экспоненту</rel_text>
      <target>http://libmeta.ru/me/article/1114_EKSPONENT</target>
    </relation>
    <relation uri="http://libmeta.ru/me/relation/1044_19_KONEChNOMERNOE">
      <rel_text>алгебры</rel_text>
      <target>http://libmeta.ru/me/article/93_ALGEBR</target>
    </relation>
    <relation uri="http://libmeta.ru/me/relation/1044_20_KONEChNOMERNOE">
      <rel_text>представлению</rel_text>
      <target>http://libmeta.ru/me/article/3_PREDSTAVLENI</target>
    </relation>
    <relation uri="http://libmeta.ru/me/relation/1044_21_KONEChNOMERNOE">
      <rel_text>дифференциал</rel_text>
      <target>http://libmeta.ru/me/article/252_DIFFEOMORFTsZ</target>
    </relation>
    <relation uri="http://libmeta.ru/me/relation/1044_22_KONEChNOMERNOE">
      <rel_text>группы</rel_text>
      <target>http://libmeta.ru/me/article/1207_GRUPІІ</target>
    </relation>
    <relation uri="http://libmeta.ru/me/relation/1044_23_KONEChNOMERNOE">
      <rel_text>представлению</rel_text>
      <target>http://libmeta.ru/me/article/3_PREDSTAVLENI</target>
    </relation>
    <relation uri="http://libmeta.ru/me/relation/1044_24_KONEChNOMERNOE">
      <rel_text>взаимно однозначное соответствие</rel_text>
      <target>http://libmeta.ru/me/article/701_VZAIMNO</target>
    </relation>
    <relation uri="http://libmeta.ru/me/relation/1044_25_KONEChNOMERNOE">
      <rel_text>алгебры</rel_text>
      <target>http://libmeta.ru/me/article/93_ALGEBR</target>
    </relation>
    <relation uri="http://libmeta.ru/me/relation/1044_26_KONEChNOMERNOE">
      <rel_text>группы</rel_text>
      <target>http://libmeta.ru/me/article/1207_GRUPІІ</target>
    </relation>
    <relation uri="http://libmeta.ru/me/relation/1044_27_KONEChNOMERNOE">
      <rel_text>односвязная группа</rel_text>
      <target>http://libmeta.ru/me/article/1184_ODNOSVJaZNAJa</target>
    </relation>
    <relation uri="http://libmeta.ru/me/relation/1044_28_KONEChNOMERNOE">
      <rel_text>группы</rel_text>
      <target>http://libmeta.ru/me/article/1207_GRUPІІ</target>
    </relation>
    <relation uri="http://libmeta.ru/me/relation/1044_29_KONEChNOMERNOE">
      <rel_text>компактных</rel_text>
      <target>http://libmeta.ru/me/article/1022_KOMPOZitsI</target>
    </relation>
    <relation uri="http://libmeta.ru/me/relation/1044_30_KONEChNOMERNOE">
      <rel_text>представлений</rel_text>
      <target>http://libmeta.ru/me/article/3_PREDSTAVLENI</target>
    </relation>
    <relation uri="http://libmeta.ru/me/relation/1044_31_KONEChNOMERNOE">
      <rel_text>теории</rel_text>
      <target>http://libmeta.ru/me/article/381_TEORI</target>
    </relation>
    <relation uri="http://libmeta.ru/me/relation/1044_32_KONEChNOMERNOE">
      <rel_text>связных</rel_text>
      <target>http://libmeta.ru/me/article/1222_SVJaZK</target>
    </relation>
    <relation uri="http://libmeta.ru/me/relation/1044_33_KONEChNOMERNOE">
      <rel_text>полупростых</rel_text>
      <target>http://libmeta.ru/me/article/457_POLUGRUPP</target>
    </relation>
    <relation uri="http://libmeta.ru/me/relation/1044_34_KONEChNOMERNOE">
      <rel_text>теория</rel_text>
      <target>http://libmeta.ru/me/article/381_TEORI</target>
    </relation>
    <relation uri="http://libmeta.ru/me/relation/1044_35_KONEChNOMERNOE">
      <rel_text>матричные</rel_text>
      <target>http://libmeta.ru/me/article/601_MATRITsAN</target>
    </relation>
    <relation uri="http://libmeta.ru/me/relation/1044_36_KONEChNOMERNOE">
      <rel_text>группы</rel_text>
      <target>http://libmeta.ru/me/article/1207_GRUPІІ</target>
    </relation>
    <relation uri="http://libmeta.ru/me/relation/1044_37_KONEChNOMERNOE">
      <rel_text>неприводимого</rel_text>
      <target>http://libmeta.ru/me/article/957_NEPRERYVNOST</target>
    </relation>
    <relation uri="http://libmeta.ru/me/relation/1044_38_KONEChNOMERNOE">
      <rel_text>группы</rel_text>
      <target>http://libmeta.ru/me/article/1207_GRUPІІ</target>
    </relation>
    <relation uri="http://libmeta.ru/me/relation/1044_39_KONEChNOMERNOE">
      <rel_text>неприводимое</rel_text>
      <target>http://libmeta.ru/me/article/957_NEPRERYVNOST</target>
    </relation>
    <relation uri="http://libmeta.ru/me/relation/1044_40_KONEChNOMERNOE">
      <rel_text>комплексную</rel_text>
      <target>http://libmeta.ru/me/article/1005_KOMPAKTNOST</target>
    </relation>
    <relation uri="http://libmeta.ru/me/relation/1044_41_KONEChNOMERNOE">
      <rel_text>группа</rel_text>
      <target>http://libmeta.ru/me/article/1207_GRUPІІ</target>
    </relation>
    <relation uri="http://libmeta.ru/me/relation/1044_42_KONEChNOMERNOE">
      <rel_text>полупростая</rel_text>
      <target>http://libmeta.ru/me/article/457_POLUGRUPP</target>
    </relation>
    <relation uri="http://libmeta.ru/me/relation/1044_43_KONEChNOMERNOE">
      <rel_text>получены</rel_text>
      <target>http://libmeta.ru/me/article/473_POLUNORM</target>
    </relation>
    <relation uri="http://libmeta.ru/me/relation/1044_44_KONEChNOMERNOE">
      <rel_text>группы</rel_text>
      <target>http://libmeta.ru/me/article/1207_GRUPІІ</target>
    </relation>
    <relation uri="http://libmeta.ru/me/relation/1044_45_KONEChNOMERNOE">
      <rel_text>неприводимые</rel_text>
      <target>http://libmeta.ru/me/article/957_NEPRERYVNOST</target>
    </relation>
    <relation uri="http://libmeta.ru/me/relation/1044_46_KONEChNOMERNOE">
      <rel_text>группы</rel_text>
      <target>http://libmeta.ru/me/article/1207_GRUPІІ</target>
    </relation>
    <relation uri="http://libmeta.ru/me/relation/1044_47_KONEChNOMERNOE">
      <rel_text>неприводимое</rel_text>
      <target>http://libmeta.ru/me/article/957_NEPRERYVNOST</target>
    </relation>
    <relation uri="http://libmeta.ru/me/relation/1044_48_KONEChNOMERNOE">
      <rel_text>формула</rel_text>
      <target>http://libmeta.ru/me/article/741_FORMUL</target>
    </relation>
    <relation uri="http://libmeta.ru/me/relation/1044_49_KONEChNOMERNOE">
      <rel_text>функций</rel_text>
      <target>http://libmeta.ru/me/article/790_FUNKTO</target>
    </relation>
    <relation uri="http://libmeta.ru/me/relation/1044_50_KONEChNOMERNOE">
      <rel_text>линейная оболочка</rel_text>
      <target>http://libmeta.ru/me/article/331_LINEINAJa</target>
    </relation>
    <relation uri="http://libmeta.ru/me/relation/1044_51_KONEChNOMERNOE">
      <rel_text>непрерывная функция</rel_text>
      <target>http://libmeta.ru/me/article/947_NEPRERYShNAJa</target>
    </relation>
    <relation uri="http://libmeta.ru/me/relation/1044_52_KONEChNOMERNOE">
      <rel_text>группы</rel_text>
      <target>http://libmeta.ru/me/article/1207_GRUPІІ</target>
    </relation>
    <relation uri="http://libmeta.ru/me/relation/1044_53_KONEChNOMERNOE">
      <rel_text>Гаусca разложения</rel_text>
      <target>http://libmeta.ru/me/article/961_GAUSSA</target>
    </relation>
    <relation uri="http://libmeta.ru/me/relation/1044_54_KONEChNOMERNOE">
      <rel_text>алгебры</rel_text>
      <target>http://libmeta.ru/me/article/93_ALGEBR</target>
    </relation>
    <relation uri="http://libmeta.ru/me/relation/1044_55_KONEChNOMERNOE">
      <rel_text>группы</rel_text>
      <target>http://libmeta.ru/me/article/1207_GRUPІІ</target>
    </relation>
    <relation uri="http://libmeta.ru/me/relation/1044_56_KONEChNOMERNOE">
      <rel_text>полупростой</rel_text>
      <target>http://libmeta.ru/me/article/457_POLUGRUPP</target>
    </relation>
    <relation uri="http://libmeta.ru/me/relation/1044_57_KONEChNOMERNOE">
      <rel_text>комплексной</rel_text>
      <target>http://libmeta.ru/me/article/1005_KOMPAKTNOST</target>
    </relation>
    <relation uri="http://libmeta.ru/me/relation/1044_58_KONEChNOMERNOE">
      <rel_text>связной</rel_text>
      <target>http://libmeta.ru/me/article/1222_SVJaZK</target>
    </relation>
    <relation uri="http://libmeta.ru/me/relation/1044_59_KONEChNOMERNOE">
      <rel_text>представлений</rel_text>
      <target>http://libmeta.ru/me/article/3_PREDSTAVLENI</target>
    </relation>
    <relation uri="http://libmeta.ru/me/relation/1044_60_KONEChNOMERNOE">
      <rel_text>группы</rel_text>
      <target>http://libmeta.ru/me/article/1207_GRUPІІ</target>
    </relation>
    <relation uri="http://libmeta.ru/me/relation/1044_61_KONEChNOMERNOE">
      <rel_text>неприводимое</rel_text>
      <target>http://libmeta.ru/me/article/957_NEPRERYVNOST</target>
    </relation>
    <relation uri="http://libmeta.ru/me/relation/1044_62_KONEChNOMERNOE">
      <rel_text>группы</rel_text>
      <target>http://libmeta.ru/me/article/1207_GRUPІІ</target>
    </relation>
    <relation uri="http://libmeta.ru/me/relation/1044_63_KONEChNOMERNOE">
      <rel_text>неприводимых</rel_text>
      <target>http://libmeta.ru/me/article/957_NEPRERYVNOST</target>
    </relation>
    <relation uri="http://libmeta.ru/me/relation/1044_64_KONEChNOMERNOE">
      <rel_text>группы</rel_text>
      <target>http://libmeta.ru/me/article/1207_GRUPІІ</target>
    </relation>
    <relation uri="http://libmeta.ru/me/relation/1044_65_KONEChNOMERNOE">
      <rel_text>неприводимым</rel_text>
      <target>http://libmeta.ru/me/article/957_NEPRERYVNOST</target>
    </relation>
    <relation uri="http://libmeta.ru/me/relation/1044_66_KONEChNOMERNOE">
      <rel_text>Тензорное произведение</rel_text>
      <target>http://libmeta.ru/me/article/376_TENZORNOE</target>
    </relation>
    <relation uri="http://libmeta.ru/me/relation/1044_67_KONEChNOMERNOE">
      <rel_text>представлением</rel_text>
      <target>http://libmeta.ru/me/article/3_PREDSTAVLENI</target>
    </relation>
    <relation uri="http://libmeta.ru/me/relation/1044_68_KONEChNOMERNOE">
      <rel_text>представления</rel_text>
      <target>http://libmeta.ru/me/article/3_PREDSTAVLENI</target>
    </relation>
    <relation uri="http://libmeta.ru/me/relation/1044_69_KONEChNOMERNOE">
      <rel_text>функциями</rel_text>
      <target>http://libmeta.ru/me/article/796_FUNKTsIONA</target>
    </relation>
    <relation uri="http://libmeta.ru/me/relation/1044_70_KONEChNOMERNOE">
      <rel_text>комплексно</rel_text>
      <target>http://libmeta.ru/me/article/1022_KOMPOZitsI</target>
    </relation>
    <relation uri="http://libmeta.ru/me/relation/1044_71_KONEChNOMERNOE">
      <rel_text>матричные</rel_text>
      <target>http://libmeta.ru/me/article/601_MATRITsAN</target>
    </relation>
    <relation uri="http://libmeta.ru/me/relation/1044_72_KONEChNOMERNOE">
      <rel_text>группы</rel_text>
      <target>http://libmeta.ru/me/article/1207_GRUPІІ</target>
    </relation>
    <relation uri="http://libmeta.ru/me/relation/1044_73_KONEChNOMERNOE">
      <rel_text>группы</rel_text>
      <target>http://libmeta.ru/me/article/1207_GRUPІІ</target>
    </relation>
    <relation uri="http://libmeta.ru/me/relation/1044_74_KONEChNOMERNOE">
      <rel_text>представления</rel_text>
      <target>http://libmeta.ru/me/article/3_PREDSTAVLENI</target>
    </relation>
    <relation uri="http://libmeta.ru/me/relation/1044_75_KONEChNOMERNOE">
      <rel_text>неприводимого</rel_text>
      <target>http://libmeta.ru/me/article/957_NEPRERYVNOST</target>
    </relation>
    <relation uri="http://libmeta.ru/me/relation/1044_76_KONEChNOMERNOE">
      <rel_text>функциями</rel_text>
      <target>http://libmeta.ru/me/article/796_FUNKTsIONA</target>
    </relation>
    <relation uri="http://libmeta.ru/me/relation/1044_77_KONEChNOMERNOE">
      <rel_text>матричные</rel_text>
      <target>http://libmeta.ru/me/article/601_MATRITsAN</target>
    </relation>
    <relation uri="http://libmeta.ru/me/relation/1044_78_KONEChNOMERNOE">
      <rel_text>группы</rel_text>
      <target>http://libmeta.ru/me/article/1207_GRUPІІ</target>
    </relation>
    <relation uri="http://libmeta.ru/me/relation/1044_79_KONEChNOMERNOE">
      <rel_text>представления</rel_text>
      <target>http://libmeta.ru/me/article/3_PREDSTAVLENI</target>
    </relation>
    <relation uri="http://libmeta.ru/me/relation/1044_80_KONEChNOMERNOE">
      <rel_text>неприводимого</rel_text>
      <target>http://libmeta.ru/me/article/957_NEPRERYVNOST</target>
    </relation>
    <relation uri="http://libmeta.ru/me/relation/1044_81_KONEChNOMERNOE">
      <rel_text>пространстве</rel_text>
      <target>http://libmeta.ru/me/article/748_PROSTRANSTV</target>
    </relation>
    <relation uri="http://libmeta.ru/me/relation/1044_82_KONEChNOMERNOE">
      <rel_text>группы</rel_text>
      <target>http://libmeta.ru/me/article/1207_GRUPІІ</target>
    </relation>
    <relation uri="http://libmeta.ru/me/relation/1044_83_KONEChNOMERNOE">
      <rel_text>унитарное представление</rel_text>
      <target>http://libmeta.ru/me/article/574_UNITARNO</target>
    </relation>
    <relation uri="http://libmeta.ru/me/relation/1044_84_KONEChNOMERNOE">
      <rel_text>неприводимое</rel_text>
      <target>http://libmeta.ru/me/article/957_NEPRERYVNOST</target>
    </relation>
    <relation uri="http://libmeta.ru/me/relation/1044_85_KONEChNOMERNOE">
      <rel_text>подгруппа</rel_text>
      <target>http://libmeta.ru/me/article/353_PODGRUPP</target>
    </relation>
    <relation uri="http://libmeta.ru/me/relation/1044_86_KONEChNOMERNOE">
      <rel_text>максимальная компактная URI[[http</rel_text>
      <target>http://libmeta.ru/me/article/517_MAKSIMAL'NAJa</target>
    </relation>
    <relation uri="http://libmeta.ru/me/relation/1044_87_KONEChNOMERNOE">
      <rel_text>группа</rel_text>
      <target>http://libmeta.ru/me/article/1207_GRUPІІ</target>
    </relation>
    <relation uri="http://libmeta.ru/me/relation/1044_88_KONEChNOMERNOE">
      <rel_text>комплексная</rel_text>
      <target>http://libmeta.ru/me/article/1005_KOMPAKTNOST</target>
    </relation>
    <relation uri="http://libmeta.ru/me/relation/1044_89_KONEChNOMERNOE">
      <rel_text>полупростая</rel_text>
      <target>http://libmeta.ru/me/article/457_POLUGRUPP</target>
    </relation>
    <relation uri="http://libmeta.ru/me/relation/1044_90_KONEChNOMERNOE">
      <rel_text>неприводимых</rel_text>
      <target>http://libmeta.ru/me/article/957_NEPRERYVNOST</target>
    </relation>
    <relation uri="http://libmeta.ru/me/relation/1044_91_KONEChNOMERNOE">
      <rel_text>полупростых</rel_text>
      <target>http://libmeta.ru/me/article/457_POLUGRUPP</target>
    </relation>
    <relation uri="http://libmeta.ru/me/relation/1044_92_KONEChNOMERNOE">
      <rel_text>связных</rel_text>
      <target>http://libmeta.ru/me/article/1222_SVJaZK</target>
    </relation>
    <relation uri="http://libmeta.ru/me/relation/1044_93_KONEChNOMERNOE">
      <rel_text>непрерывных функций</rel_text>
      <target>http://libmeta.ru/me/article/947_NEPRERYShNAJa</target>
    </relation>
    <relation uri="http://libmeta.ru/me/relation/1044_94_KONEChNOMERNOE">
      <rel_text>пространстве</rel_text>
      <target>http://libmeta.ru/me/article/748_PROSTRANSTV</target>
    </relation>
    <relation uri="http://libmeta.ru/me/relation/1044_95_KONEChNOMERNOE">
      <rel_text>группы</rel_text>
      <target>http://libmeta.ru/me/article/1207_GRUPІІ</target>
    </relation>
    <relation uri="http://libmeta.ru/me/relation/1044_96_KONEChNOMERNOE">
      <rel_text>представления</rel_text>
      <target>http://libmeta.ru/me/article/3_PREDSTAVLENI</target>
    </relation>
    <relation uri="http://libmeta.ru/me/relation/1044_97_KONEChNOMERNOE">
      <rel_text>инвариантным подпространством</rel_text>
      <target>http://libmeta.ru/me/article/552_INVARIANTNOE</target>
    </relation>
    <relation uri="http://libmeta.ru/me/relation/1044_98_KONEChNOMERNOE">
      <rel_text>уравнения</rel_text>
      <target>http://libmeta.ru/me/article/106_URAVNENI</target>
    </relation>
    <relation uri="http://libmeta.ru/me/relation/1044_99_KONEChNOMERNOE">
      <rel_text>пространство</rel_text>
      <target>http://libmeta.ru/me/article/748_PROSTRANSTV</target>
    </relation>
    <relation uri="http://libmeta.ru/me/relation/1044_100_KONEChNOMERNOE">
      <rel_text>уравнений</rel_text>
      <target>http://libmeta.ru/me/article/106_URAVNENI</target>
    </relation>
    <relation uri="http://libmeta.ru/me/relation/1044_101_KONEChNOMERNOE">
      <rel_text>обыкновенных дифференциальных URI[[http</rel_text>
      <target>http://libmeta.ru/me/article/273_DIFFERENTsIAL'NOE</target>
    </relation>
    <relation uri="http://libmeta.ru/me/relation/1044_102_KONEChNOMERNOE">
      <rel_text>теорией</rel_text>
      <target>http://libmeta.ru/me/article/381_TEORI</target>
    </relation>
    <relation uri="http://libmeta.ru/me/relation/1044_103_KONEChNOMERNOE">
      <rel_text>связана</rel_text>
      <target>http://libmeta.ru/me/article/1222_SVJaZK</target>
    </relation>
    <relation uri="http://libmeta.ru/me/relation/1044_104_KONEChNOMERNOE">
      <rel_text>группы</rel_text>
      <target>http://libmeta.ru/me/article/1207_GRUPІІ</target>
    </relation>
    <relation uri="http://libmeta.ru/me/relation/1044_105_KONEChNOMERNOE">
      <rel_text>Ii</rel_text>
      <target>http://libmeta.ru/me/article/370_II</target>
    </relation>
    <relation uri="http://libmeta.ru/me/relation/1044_106_KONEChNOMERNOE">
      <rel_text>матрицы</rel_text>
      <target>http://libmeta.ru/me/article/600_MATRITs</target>
    </relation>
    <relation uri="http://libmeta.ru/me/relation/1044_107_KONEChNOMERNOE">
      <rel_text>задача</rel_text>
      <target>http://libmeta.ru/me/article/10_ZAdAch</target>
    </relation>
    <relation uri="http://libmeta.ru/me/relation/1044_108_KONEChNOMERNOE">
      <rel_text>эквивалентности</rel_text>
      <target>http://libmeta.ru/me/article/1105_EKVIVALENTNOST</target>
    </relation>
    <relation uri="http://libmeta.ru/me/relation/1044_109_KONEChNOMERNOE">
      <rel_text>единичное представление</rel_text>
      <target>http://libmeta.ru/me/article/390_EDINIChNOE</target>
    </relation>
    <relation uri="http://libmeta.ru/me/relation/1044_110_KONEChNOMERNOE">
      <rel_text>неприводимым</rel_text>
      <target>http://libmeta.ru/me/article/957_NEPRERYVNOST</target>
    </relation>
    <relation uri="http://libmeta.ru/me/relation/1044_111_KONEChNOMERNOE">
      <rel_text>локально компактных</rel_text>
      <target>http://libmeta.ru/me/article/437_LOKAL'NO</target>
    </relation>
    <relation uri="http://libmeta.ru/me/relation/1044_112_KONEChNOMERNOE">
      <rel_text>компактна</rel_text>
      <target>http://libmeta.ru/me/article/1009_KOMPLEK</target>
    </relation>
    <relation uri="http://libmeta.ru/me/relation/1044_113_KONEChNOMERNOE">
      <rel_text>группы</rel_text>
      <target>http://libmeta.ru/me/article/1207_GRUPІІ</target>
    </relation>
    <relation uri="http://libmeta.ru/me/relation/1044_114_KONEChNOMERNOE">
      <rel_text>факторгруппа</rel_text>
      <target>http://libmeta.ru/me/article/664_FAKTORIZATsI</target>
    </relation>
    <relation uri="http://libmeta.ru/me/relation/1044_115_KONEChNOMERNOE">
      <rel_text>центральная</rel_text>
      <target>http://libmeta.ru/me/article/924_TsENTRO-FOKU</target>
    </relation>
    <relation uri="http://libmeta.ru/me/relation/1044_116_KONEChNOMERNOE">
      <rel_text>группа</rel_text>
      <target>http://libmeta.ru/me/article/1207_GRUPІІ</target>
    </relation>
    <relation uri="http://libmeta.ru/me/relation/1044_117_KONEChNOMERNOE">
      <rel_text>дискретная</rel_text>
      <target>http://libmeta.ru/me/article/215_DISKREPAN</target>
    </relation>
    <relation uri="http://libmeta.ru/me/relation/1044_118_KONEChNOMERNOE">
      <rel_text>группа</rel_text>
      <target>http://libmeta.ru/me/article/1207_GRUPІІ</target>
    </relation>
    <relation uri="http://libmeta.ru/me/relation/1044_119_KONEChNOMERNOE">
      <rel_text>компактная</rel_text>
      <target>http://libmeta.ru/me/article/1022_KOMPOZitsI</target>
    </relation>
    <relation uri="http://libmeta.ru/me/relation/1044_120_KONEChNOMERNOE">
      <rel_text>группа</rel_text>
      <target>http://libmeta.ru/me/article/1207_GRUPІІ</target>
    </relation>
    <relation uri="http://libmeta.ru/me/relation/1044_121_KONEChNOMERNOE">
      <rel_text>группы</rel_text>
      <target>http://libmeta.ru/me/article/1207_GRUPІІ</target>
    </relation>
    <relation uri="http://libmeta.ru/me/relation/1044_122_KONEChNOMERNOE">
      <rel_text>подгруппы</rel_text>
      <target>http://libmeta.ru/me/article/353_PODGRUPP</target>
    </relation>
    <relation uri="http://libmeta.ru/me/relation/1044_123_KONEChNOMERNOE">
      <rel_text>пределом</rel_text>
      <target>http://libmeta.ru/me/article/582_PREDBAZ</target>
    </relation>
    <relation uri="http://libmeta.ru/me/relation/1044_124_KONEChNOMERNOE">
      <rel_text>группа</rel_text>
      <target>http://libmeta.ru/me/article/1207_GRUPІІ</target>
    </relation>
    <relation uri="http://libmeta.ru/me/relation/1044_125_KONEChNOMERNOE">
      <rel_text>группы</rel_text>
      <target>http://libmeta.ru/me/article/1207_GRUPІІ</target>
    </relation>
    <relation uri="http://libmeta.ru/me/relation/1044_126_KONEChNOMERNOE">
      <rel_text>локально компактной</rel_text>
      <target>http://libmeta.ru/me/article/437_LOKAL'NO</target>
    </relation>
    <relation uri="http://libmeta.ru/me/relation/1044_127_KONEChNOMERNOE">
      <rel_text>унитарное представление</rel_text>
      <target>http://libmeta.ru/me/article/574_UNITARNO</target>
    </relation>
    <relation uri="http://libmeta.ru/me/relation/1044_128_KONEChNOMERNOE">
      <rel_text>неприводимое</rel_text>
      <target>http://libmeta.ru/me/article/957_NEPRERYVNOST</target>
    </relation>
    <relation uri="http://libmeta.ru/me/relation/1044_129_KONEChNOMERNOE">
      <rel_text>группой</rel_text>
      <target>http://libmeta.ru/me/article/1207_GRUPІІ</target>
    </relation>
    <relation uri="http://libmeta.ru/me/relation/1044_130_KONEChNOMERNOE">
      <rel_text>унитарные представленія</rel_text>
      <target>http://libmeta.ru/me/article/574_UNITARNO</target>
    </relation>
    <relation uri="http://libmeta.ru/me/relation/1044_131_KONEChNOMERNOE">
      <rel_text>неприводімые</rel_text>
      <target>http://libmeta.ru/me/article/957_NEPRERYVNOST</target>
    </relation>
    <relation uri="http://libmeta.ru/me/relation/1044_132_KONEChNOMERNOE">
      <rel_text>группы</rel_text>
      <target>http://libmeta.ru/me/article/1207_GRUPІІ</target>
    </relation>
    <relation uri="http://libmeta.ru/me/relation/1044_133_KONEChNOMERNOE">
      <rel_text>Ii</rel_text>
      <target>http://libmeta.ru/me/article/370_II</target>
    </relation>
    <relation uri="http://libmeta.ru/me/relation/1044_134_KONEChNOMERNOE">
      <rel_text>группы</rel_text>
      <target>http://libmeta.ru/me/article/1207_GRUPІІ</target>
    </relation>
    <relation uri="http://libmeta.ru/me/relation/1044_135_KONEChNOMERNOE">
      <rel_text>компактной</rel_text>
      <target>http://libmeta.ru/me/article/1022_KOMPOZitsI</target>
    </relation>
    <relation uri="http://libmeta.ru/me/relation/1044_136_KONEChNOMERNOE">
      <rel_text>связной</rel_text>
      <target>http://libmeta.ru/me/article/1222_SVJaZK</target>
    </relation>
    <relation uri="http://libmeta.ru/me/relation/1044_137_KONEChNOMERNOE">
      <rel_text>группа</rel_text>
      <target>http://libmeta.ru/me/article/1207_GRUPІІ</target>
    </relation>
    <relation uri="http://libmeta.ru/me/relation/1044_138_KONEChNOMERNOE">
      <rel_text>локально компактная</rel_text>
      <target>http://libmeta.ru/me/article/437_LOKAL'NO</target>
    </relation>
    <relation uri="http://libmeta.ru/me/relation/1044_139_KONEChNOMERNOE">
      <rel_text>связная</rel_text>
      <target>http://libmeta.ru/me/article/1222_SVJaZK</target>
    </relation>
    <relation uri="http://libmeta.ru/me/relation/1044_140_KONEChNOMERNOE">
      <rel_text>группы</rel_text>
      <target>http://libmeta.ru/me/article/1207_GRUPІІ</target>
    </relation>
    <relation uri="http://libmeta.ru/me/relation/1044_141_KONEChNOMERNOE">
      <rel_text>компактные</rel_text>
      <target>http://libmeta.ru/me/article/1022_KOMPOZitsI</target>
    </relation>
    <relation uri="http://libmeta.ru/me/relation/1044_142_KONEChNOMERNOE">
      <rel_text>группы</rel_text>
      <target>http://libmeta.ru/me/article/1207_GRUPІІ</target>
    </relation>
    <relation uri="http://libmeta.ru/me/relation/1044_143_KONEChNOMERNOE">
      <rel_text>группы</rel_text>
      <target>http://libmeta.ru/me/article/1207_GRUPІІ</target>
    </relation>
    <relation uri="http://libmeta.ru/me/relation/1044_144_KONEChNOMERNOE">
      <rel_text>Ii</rel_text>
      <target>http://libmeta.ru/me/article/370_II</target>
    </relation>
    <relation uri="http://libmeta.ru/me/relation/1044_145_KONEChNOMERNOE">
      <rel_text>непріводимых</rel_text>
      <target>http://libmeta.ru/me/article/957_NEPRERYVNOST</target>
    </relation>
    <relation uri="http://libmeta.ru/me/relation/1044_146_KONEChNOMERNOE">
      <rel_text>матричных</rel_text>
      <target>http://libmeta.ru/me/article/601_MATRITsAN</target>
    </relation>
    <relation uri="http://libmeta.ru/me/relation/1044_147_KONEChNOMERNOE">
      <rel_text>группой</rel_text>
      <target>http://libmeta.ru/me/article/1207_GRUPІІ</target>
    </relation>
    <relation uri="http://libmeta.ru/me/relation/1044_148_KONEChNOMERNOE">
      <rel_text>группу</rel_text>
      <target>http://libmeta.ru/me/article/1207_GRUPІІ</target>
    </relation>
    <relation uri="http://libmeta.ru/me/relation/1044_149_KONEChNOMERNOE">
      <rel_text>группа</rel_text>
      <target>http://libmeta.ru/me/article/1207_GRUPІІ</target>
    </relation>
    <relation uri="http://libmeta.ru/me/relation/1044_150_KONEChNOMERNOE">
      <rel_text>группу</rel_text>
      <target>http://libmeta.ru/me/article/1207_GRUPІІ</target>
    </relation>
    <relation uri="http://libmeta.ru/me/relation/1044_151_KONEChNOMERNOE">
      <rel_text>компактную</rel_text>
      <target>http://libmeta.ru/me/article/1022_KOMPOZitsI</target>
    </relation>
    <relation uri="http://libmeta.ru/me/relation/1044_152_KONEChNOMERNOE">
      <rel_text>мономорфизм</rel_text>
      <target>http://libmeta.ru/me/article/779_MONOMORFIZ</target>
    </relation>
    <relation uri="http://libmeta.ru/me/relation/1044_153_KONEChNOMERNOE">
      <rel_text>группа</rel_text>
      <target>http://libmeta.ru/me/article/1207_GRUPІІ</target>
    </relation>
    <relation uri="http://libmeta.ru/me/relation/1044_154_KONEChNOMERNOE">
      <rel_text>группы</rel_text>
      <target>http://libmeta.ru/me/article/1207_GRUPІІ</target>
    </relation>
    <relation uri="http://libmeta.ru/me/relation/1044_155_KONEChNOMERNOE">
      <rel_text>множество</rel_text>
      <target>http://libmeta.ru/me/article/733_MNOZhESTV</target>
    </relation>
    <relation uri="http://libmeta.ru/me/relation/1044_156_KONEChNOMERNOE">
      <rel_text>группы</rel_text>
      <target>http://libmeta.ru/me/article/1207_GRUPІІ</target>
    </relation>
    <relation uri="http://libmeta.ru/me/relation/1044_157_KONEChNOMERNOE">
      <rel_text>непрıводимых</rel_text>
      <target>http://libmeta.ru/me/article/957_NEPRERYVNOST</target>
    </relation>
    <relation uri="http://libmeta.ru/me/relation/1044_158_KONEChNOMERNOE">
      <rel_text>пересечением</rel_text>
      <target>http://libmeta.ru/me/article/222_PEREGÓROD</target>
    </relation>
    <relation uri="http://libmeta.ru/me/relation/1044_159_KONEChNOMERNOE">
      <rel_text>совпадает</rel_text>
      <target>http://libmeta.ru/me/article/59_SOVPADENI</target>
    </relation>
    <relation uri="http://libmeta.ru/me/relation/1044_160_KONEChNOMERNOE">
      <rel_text>группы</rel_text>
      <target>http://libmeta.ru/me/article/1207_GRUPІІ</target>
    </relation>
    <relation uri="http://libmeta.ru/me/relation/1044_161_KONEChNOMERNOE">
      <rel_text>Пересечение</rel_text>
      <target>http://libmeta.ru/me/article/222_PEREGÓROD</target>
    </relation>
    <relation uri="http://libmeta.ru/me/relation/1044_162_KONEChNOMERNOE">
      <rel_text>неприводімых</rel_text>
      <target>http://libmeta.ru/me/article/957_NEPRERYVNOST</target>
    </relation>
    <relation uri="http://libmeta.ru/me/relation/1044_163_KONEChNOMERNOE">
      <rel_text>прямая сумма</rel_text>
      <target>http://libmeta.ru/me/article/761_PRJaMAJa</target>
    </relation>
    <relation uri="http://libmeta.ru/me/relation/1044_164_KONEChNOMERNOE">
      <rel_text>группой</rel_text>
      <target>http://libmeta.ru/me/article/1207_GRUPІІ</target>
    </relation>
    <relation uri="http://libmeta.ru/me/relation/1044_165_KONEChNOMERNOE">
      <rel_text>Ii</rel_text>
      <target>http://libmeta.ru/me/article/370_II</target>
    </relation>
    <relation uri="http://libmeta.ru/me/relation/1044_166_KONEChNOMERNOE">
      <rel_text>группа</rel_text>
      <target>http://libmeta.ru/me/article/1207_GRUPІІ</target>
    </relation>
    <relation uri="http://libmeta.ru/me/relation/1044_167_KONEChNOMERNOE">
      <rel_text>Локально компактная</rel_text>
      <target>http://libmeta.ru/me/article/437_LOKAL'NO</target>
    </relation>
    <relation uri="http://libmeta.ru/me/relation/1044_168_KONEChNOMERNOE">
      <rel_text>представлению</rel_text>
      <target>http://libmeta.ru/me/article/3_PREDSTAVLENI</target>
    </relation>
    <relation uri="http://libmeta.ru/me/relation/1044_169_KONEChNOMERNOE">
      <rel_text>группы</rel_text>
      <target>http://libmeta.ru/me/article/1207_GRUPІІ</target>
    </relation>
    <relation uri="http://libmeta.ru/me/relation/1044_170_KONEChNOMERNOE">
      <rel_text>локально компактной</rel_text>
      <target>http://libmeta.ru/me/article/437_LOKAL'NO</target>
    </relation>
    <relation uri="http://libmeta.ru/me/relation/1044_171_KONEChNOMERNOE">
      <rel_text>совпадает</rel_text>
      <target>http://libmeta.ru/me/article/59_SOVPADENI</target>
    </relation>
    <relation uri="http://libmeta.ru/me/relation/1044_172_KONEChNOMERNOE">
      <rel_text>группы</rel_text>
      <target>http://libmeta.ru/me/article/1207_GRUPІІ</target>
    </relation>
    <relation uri="http://libmeta.ru/me/relation/1044_173_KONEChNOMERNOE">
      <rel_text>локально компактної</rel_text>
      <target>http://libmeta.ru/me/article/437_LOKAL'NO</target>
    </relation>
  </relations>
  <text>Линейное представление топологич. группы в конечномерном векторном пространстве. Теория К. П. является одним из наиболее разработанных и важных разделов общей теории представлений групп. Неприводимое К. П. вполне неприводимо (см. Iiура лемма), но операторно неприводімое . п. может быть приводимым. Измеримое К. п. URI[[http://libmeta.ru/me/relation/1044_173_KONEChNOMERNOE]]/URI URI[[http://libmeta.ru/me/relation/1044_172_KONEChNOMERNOE]]/URI URI[[http://libmeta.ru/me/relation/1044_171_KONEChNOMERNOE]]/URI локально почті всюду с нек-рым непрерывным $URI[[http://libmeta.ru/me/formula/aux/1044_1_KONEChNOMERNOE]]/URI$. П. Ограніченное $URI[[http://libmeta.ru/me/formula/aux/1044_2_KONEChNOMERNOE]]/URI$. п. URI[[http://libmeta.ru/me/relation/1044_170_KONEChNOMERNOE]]/URI URI[[http://libmeta.ru/me/relation/1044_169_KONEChNOMERNOE]]/URI эквивалентно унитарному URI[[http://libmeta.ru/me/relation/1044_168_KONEChNOMERNOE]]/URI. URI[[http://libmeta.ru/me/relation/1044_167_KONEChNOMERNOE]]/URI URI[[http://libmeta.ru/me/relation/1044_166_KONEChNOMERNOE]]/URI, имеющая точное URI[[http://libmeta.ru/me/relation/1044_165_KONEChNOMERNOE]]/URI. п., является URI[[http://libmeta.ru/me/relation/1044_164_KONEChNOMERNOE]]/URI Ли [7].

Унітарное К. П. есть URI[[http://libmeta.ru/me/relation/1044_163_KONEChNOMERNOE]]/URI URI[[http://libmeta.ru/me/relation/1044_162_KONEChNOMERNOE]]/URI унитарных К. П. URI[[http://libmeta.ru/me/relation/1044_161_KONEChNOMERNOE]]/URI ядер непрерывных гомоморфизмов топологич. URI[[http://libmeta.ru/me/relation/1044_160_KONEChNOMERNOE]]/URI $URI[[http://libmeta.ru/me/formula/aux/1044_3_KONEChNOMERNOE]]/URI$ URI[[http://libmeta.ru/me/relation/1044_159_KONEChNOMERNOE]]/URI с URI[[http://libmeta.ru/me/relation/1044_158_KONEChNOMERNOE]]/URI ядер URI[[http://libmeta.ru/me/relation/1044_157_KONEChNOMERNOE]]/URI унітарных К. П. URI[[http://libmeta.ru/me/relation/1044_156_KONEChNOMERNOE]]/URI $URI[[http://libmeta.ru/me/formula/aux/1044_4_KONEChNOMERNOE]]/URI$; еслі это URI[[http://libmeta.ru/me/relation/1044_155_KONEChNOMERNOE]]/URI содержіт лишь единичный элемент URI[[http://libmeta.ru/me/relation/1044_154_KONEChNOMERNOE]]/URI $URI[[http://libmeta.ru/me/formula/aux/1044_5_KONEChNOMERNOE]]/URI$, то URI[[http://libmeta.ru/me/relation/1044_153_KONEChNOMERNOE]]/URI $URI[[http://libmeta.ru/me/formula/aux/1044_6_KONEChNOMERNOE]]/URI$ допускает непрерывный URI[[http://libmeta.ru/me/relation/1044_152_KONEChNOMERNOE]]/URI в нек-рую URI[[http://libmeta.ru/me/relation/1044_151_KONEChNOMERNOE]]/URI URI[[http://libmeta.ru/me/relation/1044_150_KONEChNOMERNOE]]/URI и URI[[http://libmeta.ru/me/relation/1044_149_KONEChNOMERNOE]]/URI $URI[[http://libmeta.ru/me/formula/aux/1044_7_KONEChNOMERNOE]]/URI$ наз. в л о і м о й в коміактную URI[[http://libmeta.ru/me/relation/1044_148_KONEChNOMERNOE]]/URI, Iлі м а к с I-

![](https://cdn.mathpix.com/cropped/2023_07_08_7d44ee4524e6d5620629g-1.jpg?height=35&amp;width=829&amp;top_left_y=1868&amp;top_left_x=990)
URI[[http://libmeta.ru/me/relation/1044_147_KONEChNOMERNOE]]/URI). Еслі $URI[[http://libmeta.ru/me/formula/aux/1044_8_KONEChNOMERNOE]]/URI$ - Мпп-группа, то семейство URI[[http://libmeta.ru/me/relation/1044_146_KONEChNOMERNOE]]/URI элементов URI[[http://libmeta.ru/me/relation/1044_145_KONEChNOMERNOE]]/URI унитарных URI[[http://libmeta.ru/me/relation/1044_144_KONEChNOMERNOE]]/URI. П. URI[[http://libmeta.ru/me/relation/1044_143_KONEChNOMERNOE]]/URI $URI[[http://libmeta.ru/me/formula/aux/1044_9_KONEChNOMERNOE]]/URI$ разделяет точки URI[[http://libmeta.ru/me/relation/1044_142_KONEChNOMERNOE]]/URI $URI[[http://libmeta.ru/me/formula/aux/1044_10_KONEChNOMERNOE]]/URI$. Коммутативные и URI[[http://libmeta.ru/me/relation/1044_141_KONEChNOMERNOE]]/URI URI[[http://libmeta.ru/me/relation/1044_140_KONEChNOMERNOE]]/URI являются Мпп-группамп; URI[[http://libmeta.ru/me/relation/1044_139_KONEChNOMERNOE]]/URI URI[[http://libmeta.ru/me/relation/1044_138_KONEChNOMERNOE]]/URI URI[[http://libmeta.ru/me/relation/1044_137_KONEChNOMERNOE]]/URI тогда I только тогда является Мпп-группої, когда она есть прямое прогзведение URI[[http://libmeta.ru/me/relation/1044_136_KONEChNOMERNOE]]/URI URI[[http://libmeta.ru/me/relation/1044_135_KONEChNOMERNOE]]/URI URI[[http://libmeta.ru/me/relation/1044_134_KONEChNOMERNOE]]/URI URI[[http://libmeta.ru/me/relation/1044_133_KONEChNOMERNOE]]/URI URI[[http://libmeta.ru/me/relation/1044_132_KONEChNOMERNOE]]/URI $URI[[http://libmeta.ru/me/formula/aux/1044_11_KONEChNOMERNOE]]/URI$ (см. [5]). Мпп-группа может иметь бесконечномериые URI[[http://libmeta.ru/me/relation/1044_131_KONEChNOMERNOE]]/URI URI[[http://libmeta.ru/me/relation/1044_130_KONEChNOMERNOE]]/URI і даже быть URI[[http://libmeta.ru/me/relation/1044_129_KONEChNOMERNOE]]/URI не типа 1. Для того чтобы любое непрерывное URI[[http://libmeta.ru/me/relation/1044_128_KONEChNOMERNOE]]/URI URI[[http://libmeta.ru/me/relation/1044_127_KONEChNOMERNOE]]/URI URI[[http://libmeta.ru/me/relation/1044_126_KONEChNOMERNOE]]/URI URI[[http://libmeta.ru/me/relation/1044_125_KONEChNOMERNOE]]/URI $URI[[http://libmeta.ru/me/formula/aux/1044_12_KONEChNOMERNOE]]/URI$ было К. П., необходимо I достаточно [8], чтобы URI[[http://libmeta.ru/me/relation/1044_124_KONEChNOMERNOE]]/URI $URI[[http://libmeta.ru/me/formula/aux/1044_13_KONEChNOMERNOE]]/URI$ являлась проективным URI[[http://libmeta.ru/me/relation/1044_123_KONEChNOMERNOE]]/URI конечных распширениї групп $URI[[http://libmeta.ru/me/formula/aux/1044_14_KONEChNOMERNOE]]/URI$ віда $URI[[http://libmeta.ru/me/formula/aux/1044_15_KONEChNOMERNOE]]/URI$, где $URI[[http://libmeta.ru/me/formula/aux/1044_16_KONEChNOMERNOE]]/URI$ замкнутые URI[[http://libmeta.ru/me/relation/1044_122_KONEChNOMERNOE]]/URI URI[[http://libmeta.ru/me/relation/1044_121_KONEChNOMERNOE]]/URI $URI[[http://libmeta.ru/me/formula/aux/1044_17_KONEChNOMERNOE]]/URI$, причем URI[[http://libmeta.ru/me/relation/1044_120_KONEChNOMERNOE]]/URI $URI[[http://libmeta.ru/me/formula/aux/1044_18_KONEChNOMERNOE]]/URI$ изоморфна $URI[[http://libmeta.ru/me/formula/aux/1044_19_KONEChNOMERNOE]]/URI$ - URI[[http://libmeta.ru/me/relation/1044_119_KONEChNOMERNOE]]/URI URI[[http://libmeta.ru/me/relation/1044_118_KONEChNOMERNOE]]/URI, $URI[[http://libmeta.ru/me/formula/aux/1044_20_KONEChNOMERNOE]]/URI$ - URI[[http://libmeta.ru/me/relation/1044_117_KONEChNOMERNOE]]/URI URI[[http://libmeta.ru/me/relation/1044_116_KONEChNOMERNOE]]/URI, URI[[http://libmeta.ru/me/relation/1044_115_KONEChNOMERNOE]]/URI в $URI[[http://libmeta.ru/me/formula/aux/1044_21_KONEChNOMERNOE]]/URI$; достаточно, чтобы URI[[http://libmeta.ru/me/relation/1044_114_KONEChNOMERNOE]]/URI URI[[http://libmeta.ru/me/relation/1044_113_KONEChNOMERNOE]]/URI $URI[[http://libmeta.ru/me/formula/aux/1044_22_KONEChNOMERNOE]]/URI$ по ее центру была URI[[http://libmeta.ru/me/relation/1044_112_KONEChNOMERNOE]]/URI. Кроме того, для многих URI[[http://libmeta.ru/me/relation/1044_111_KONEChNOMERNOE]]/URI групп (в частности, для некомпактных простых групп Ли) единственным URI[[http://libmeta.ru/me/relation/1044_110_KONEChNOMERNOE]]/URI унитарным К. П. является URI[[http://libmeta.ru/me/relation/1044_109_KONEChNOMERNOE]]/URI.

Неунитарные К. П. топологич. групп расклассифицированы (с точностью до URI[[http://libmeta.ru/me/relation/1044_108_KONEChNOMERNOE]]/URI) лишь для нек-рых групп, в частностіп для групп $URI[[http://libmeta.ru/me/formula/aux/1044_23_KONEChNOMERNOE]]/URI$ и $URI[[http://libmeta.ru/me/formula/aux/1044_24_KONEChNOMERNOE]]/URI$, где URI[[http://libmeta.ru/me/relation/1044_107_KONEChNOMERNOE]]/URI описания $URI[[http://libmeta.ru/me/formula/aux/1044_25_KONEChNOMERNOE]]/URI$. п. репается приведением URI[[http://libmeta.ru/me/relation/1044_106_KONEChNOMERNOE]]/URI к жордановой форме URI[[http://libmeta.ru/me/relation/1044_105_KONEChNOMERNOE]]/URI - в случае URI[[http://libmeta.ru/me/relation/1044_104_KONEChNOMERNOE]]/URI $URI[[http://libmeta.ru/me/formula/aux/1044_26_KONEChNOMERNOE]]/URI$ - URI[[http://libmeta.ru/me/relation/1044_103_KONEChNOMERNOE]]/URI c URI[[http://libmeta.ru/me/relation/1044_102_KONEChNOMERNOE]]/URI URI[[http://libmeta.ru/me/relation/1044_101_KONEChNOMERNOE]]/URI://libmeta.ru/me/relation/1044_100_KONEChNOMERNOE]]/URI с постоянными коэфффициентами, так как URI[[http://libmeta.ru/me/relation/1044_99_KONEChNOMERNOE]]/URI решений такого URI[[http://libmeta.ru/me/relation/1044_98_KONEChNOMERNOE]]/URI является конечномерным URI[[http://libmeta.ru/me/relation/1044_97_KONEChNOMERNOE]]/URI регулярного URI[[http://libmeta.ru/me/relation/1044_96_KONEChNOMERNOE]]/URI URI[[http://libmeta.ru/me/relation/1044_95_KONEChNOMERNOE]]/URI $URI[[http://libmeta.ru/me/formula/aux/1044_27_KONEChNOMERNOE]]/URI$ в URI[[http://libmeta.ru/me/relation/1044_94_KONEChNOMERNOE]]/URI URI[[http://libmeta.ru/me/relation/1044_93_KONEChNOMERNOE]]/URI на $URI[[http://libmeta.ru/me/formula/aux/1044_28_KONEChNOMERNOE]]/URI$. Кроме того, известны К. П. URI[[http://libmeta.ru/me/relation/1044_92_KONEChNOMERNOE]]/URI URI[[http://libmeta.ru/me/relation/1044_91_KONEChNOMERNOE]]/URI групп Ли. А именно, К. п. таких групп являются прямыми суммами URI[[http://libmeta.ru/me/relation/1044_90_KONEChNOMERNOE]]/URI К. П., к-рые описываются следующим образом. Если $URI[[http://libmeta.ru/me/formula/aux/1044_29_KONEChNOMERNOE]]/URI$ - URI[[http://libmeta.ru/me/relation/1044_89_KONEChNOMERNOE]]/URI URI[[http://libmeta.ru/me/relation/1044_88_KONEChNOMERNOE]]/URI URI[[http://libmeta.ru/me/relation/1044_87_KONEChNOMERNOE]]/URI Ји, $URI[[http://libmeta.ru/me/formula/aux/1044_30_KONEChNOMERNOE]]/URI$ ее URI[[http://libmeta.ru/me/relation/1044_86_KONEChNOMERNOE]]/URI://libmeta.ru/me/relation/1044_85_KONEChNOMERNOE]]/URI, то любое непрерывное URI[[http://libmeta.ru/me/relation/1044_84_KONEChNOMERNOE]]/URI URI[[http://libmeta.ru/me/relation/1044_83_KONEChNOMERNOE]]/URI $URI[[http://libmeta.ru/me/formula/aux/1044_31_KONEChNOMERNOE]]/URI$ URI[[http://libmeta.ru/me/relation/1044_82_KONEChNOMERNOE]]/URI $URI[[http://libmeta.ru/me/formula/aux/1044_32_KONEChNOMERNOE]]/URI$ в URI[[http://libmeta.ru/me/relation/1044_81_KONEChNOMERNOE]]/URI $URI[[http://libmeta.ru/me/formula/aux/1044_33_KONEChNOMERNOE]]/URI$ может быть продолжено: 1) до URI[[http://libmeta.ru/me/relation/1044_80_KONEChNOMERNOE]]/URI URI[[http://libmeta.ru/me/relation/1044_79_KONEChNOMERNOE]]/URI $URI[[http://libmeta.ru/me/formula/aux/1044_34_KONEChNOMERNOE]]/URI$ URI[[http://libmeta.ru/me/relation/1044_78_KONEChNOMERNOE]]/URI $URI[[http://libmeta.ru/me/formula/aux/1044_35_KONEChNOMERNOE]]/URI$ в $URI[[http://libmeta.ru/me/formula/aux/1044_36_KONEChNOMERNOE]]/URI$, URI[[http://libmeta.ru/me/relation/1044_77_KONEChNOMERNOE]]/URI элементы к-рого являются аналитич. URI[[http://libmeta.ru/me/relation/1044_76_KONEChNOMERNOE]]/URI на $URI[[http://libmeta.ru/me/formula/aux/1044_37_KONEChNOMERNOE]]/URI$; 2) до URI[[http://libmeta.ru/me/relation/1044_75_KONEChNOMERNOE]]/URI URI[[http://libmeta.ru/me/relation/1044_74_KONEChNOMERNOE]]/URI URI[[http://libmeta.ru/me/relation/1044_73_KONEChNOMERNOE]]/URI $URI[[http://libmeta.ru/me/formula/aux/1044_38_KONEChNOMERNOE]]/URI$ URI[[http://libmeta.ru/me/relation/1044_72_KONEChNOMERNOE]]/URI $URI[[http://libmeta.ru/me/formula/aux/1044_39_KONEChNOMERNOE]]/URI$, URI[[http://libmeta.ru/me/relation/1044_71_KONEChNOMERNOE]]/URI әлементы к-рого URI[[http://libmeta.ru/me/relation/1044_70_KONEChNOMERNOE]]/URI сопряжены аналитич. URI[[http://libmeta.ru/me/relation/1044_69_KONEChNOMERNOE]]/URI на $URI[[http://libmeta.ru/me/formula/aux/1044_40_KONEChNOMERNOE]]/URI$; URI[[http://libmeta.ru/me/relation/1044_68_KONEChNOMERNOE]]/URI $URI[[http://libmeta.ru/me/formula/aux/1044_41_KONEChNOMERNOE]]/URI$ и $URI[[http://libmeta.ru/me/formula/aux/1044_42_KONEChNOMERNOE]]/URI$ определяются URI[[http://libmeta.ru/me/relation/1044_67_KONEChNOMERNOE]]/URI $URI[[http://libmeta.ru/me/formula/aux/1044_43_KONEChNOMERNOE]]/URI$ однозначно. URI[[http://libmeta.ru/me/relation/1044_66_KONEChNOMERNOE]]/URI $URI[[http://libmeta.ru/me/formula/aux/1044_44_KONEChNOMERNOE]]/URI$ является URI[[http://libmeta.ru/me/relation/1044_65_KONEChNOMERNOE]]/URI К. п. URI[[http://libmeta.ru/me/relation/1044_64_KONEChNOMERNOE]]/URI $URI[[http://libmeta.ru/me/formula/aux/1044_45_KONEChNOMERNOE]]/URI$ для любых URI[[http://libmeta.ru/me/relation/1044_63_KONEChNOMERNOE]]/URI унитарных К. п. $URI[[http://libmeta.ru/me/formula/aux/1044_46_KONEChNOMERNOE]]/URI$ URI[[http://libmeta.ru/me/relation/1044_62_KONEChNOMERNOE]]/URI $URI[[http://libmeta.ru/me/formula/aux/1044_47_KONEChNOMERNOE]]/URI$, и любое URI[[http://libmeta.ru/me/relation/1044_61_KONEChNOMERNOE]]/URI К. п. URI[[http://libmeta.ru/me/relation/1044_60_KONEChNOMERNOE]]/URI $URI[[http://libmeta.ru/me/formula/aux/1044_48_KONEChNOMERNOE]]/URI$ эквивалентно одному из URI[[http://libmeta.ru/me/relation/1044_59_KONEChNOMERNOE]]/URI вида $URI[[http://libmeta.ru/me/formula/aux/1044_49_KONEChNOMERNOE]]/URI$. Описание К. п. односвязной URI[[http://libmeta.ru/me/relation/1044_58_KONEChNOMERNOE]]/URI URI[[http://libmeta.ru/me/relation/1044_57_KONEChNOMERNOE]]/URI URI[[http://libmeta.ru/me/relation/1044_56_KONEChNOMERNOE]]/URI URI[[http://libmeta.ru/me/relation/1044_55_KONEChNOMERNOE]]/URI Ли может быть дано также в терминах әкспонент К. п. ее URI[[http://libmeta.ru/me/relation/1044_54_KONEChNOMERNOE]]/URI Ли, а также с помощью URI[[http://libmeta.ru/me/relation/1044_53_KONEChNOMERNOE]]/URI $URI[[http://libmeta.ru/me/formula/aux/1044_50_KONEChNOMERNOE]]/URI$ URI[[http://libmeta.ru/me/relation/1044_52_KONEChNOMERNOE]]/URI $URI[[http://libmeta.ru/me/formula/aux/1044_51_KONEChNOMERNOE]]/URI$ пусть $URI[[http://libmeta.ru/me/formula/aux/1044_52_KONEChNOMERNOE]]/URI$ такая URI[[http://libmeta.ru/me/relation/1044_51_KONEChNOMERNOE]]/URI на $URI[[http://libmeta.ru/me/formula/aux/1044_53_KONEChNOMERNOE]]/URI$, что $URI[[http://libmeta.ru/me/formula/aux/1044_54_KONEChNOMERNOE]]/URI$ для всех $URI[[http://libmeta.ru/me/formula/aux/1044_55_KONEChNOMERNOE]]/URI$, и пусть URI[[http://libmeta.ru/me/relation/1044_50_KONEChNOMERNOE]]/URI Ф $URI[[http://libmeta.ru/me/formula/aux/1044_56_KONEChNOMERNOE]]/URI$ URI[[http://libmeta.ru/me/relation/1044_49_KONEChNOMERNOE]]/URI $URI[[http://libmeta.ru/me/formula/aux/1044_57_KONEChNOMERNOE]]/URI$ конечномерна; тогда URI[[http://libmeta.ru/me/relation/1044_48_KONEChNOMERNOE]]/URI $URI[[http://libmeta.ru/me/formula/aux/1044_58_KONEChNOMERNOE]]/URI$, определяет URI[[http://libmeta.ru/me/relation/1044_47_KONEChNOMERNOE]]/URI $URI[[http://libmeta.ru/me/formula/aux/1044_59_KONEChNOMERNOE]]/URI$. П. URI[[http://libmeta.ru/me/relation/1044_46_KONEChNOMERNOE]]/URI $URI[[http://libmeta.ru/me/formula/aux/1044_60_KONEChNOMERNOE]]/URI$, и все URI[[http://libmeta.ru/me/relation/1044_45_KONEChNOMERNOE]]/URI K. п. URI[[http://libmeta.ru/me/relation/1044_44_KONEChNOMERNOE]]/URI $URI[[http://libmeta.ru/me/formula/aux/1044_61_KONEChNOMERNOE]]/URI$ могут быть URI[[http://libmeta.ru/me/relation/1044_43_KONEChNOMERNOE]]/URI таким образом. Если $URI[[http://libmeta.ru/me/formula/aux/1044_62_KONEChNOMERNOE]]/URI$ - действительная URI[[http://libmeta.ru/me/relation/1044_42_KONEChNOMERNOE]]/URI URI[[http://libmeta.ru/me/relation/1044_41_KONEChNOMERNOE]]/URI Ли, имеющая URI[[http://libmeta.ru/me/relation/1044_40_KONEChNOMERNOE]]/URI форму $URI[[http://libmeta.ru/me/formula/aux/1044_63_KONEChNOMERNOE]]/URI$, то любое URI[[http://libmeta.ru/me/relation/1044_39_KONEChNOMERNOE]]/URI К. п. URI[[http://libmeta.ru/me/relation/1044_38_KONEChNOMERNOE]]/URI $URI[[http://libmeta.ru/me/formula/aux/1044_64_KONEChNOMERNOE]]/URI$ является сужением на $URI[[http://libmeta.ru/me/formula/aux/1044_65_KONEChNOMERNOE]]/URI$ нек-рого однозначно определенного URI[[http://libmeta.ru/me/relation/1044_37_KONEChNOMERNOE]]/URI К. П. URI[[http://libmeta.ru/me/relation/1044_36_KONEChNOMERNOE]]/URI $URI[[http://libmeta.ru/me/formula/aux/1044_66_KONEChNOMERNOE]]/URI$, URI[[http://libmeta.ru/me/relation/1044_35_KONEChNOMERNOE]]/URI элементы к-рого аналитичны на $URI[[http://libmeta.ru/me/formula/aux/1044_67_KONEChNOMERNOE]]/URI$ (так что URI[[http://libmeta.ru/me/relation/1044_34_KONEChNOMERNOE]]/URI К. П. URI[[http://libmeta.ru/me/relation/1044_33_KONEChNOMERNOE]]/URI URI[[http://libmeta.ru/me/relation/1044_32_KONEChNOMERNOE]]/URI групп Ли по существу сводится к URI[[http://libmeta.ru/me/relation/1044_31_KONEChNOMERNOE]]/URI URI[[http://libmeta.ru/me/relation/1044_30_KONEChNOMERNOE]]/URI URI[[http://libmeta.ru/me/relation/1044_29_KONEChNOMERNOE]]/URI групп Ли). К. П. любой URI[[http://libmeta.ru/me/relation/1044_28_KONEChNOMERNOE]]/URI Ли является действительно аналитическим; если $URI[[http://libmeta.ru/me/formula/aux/1044_68_KONEChNOMERNOE]]/URI$ URI[[http://libmeta.ru/me/relation/1044_27_KONEChNOMERNOE]]/URI Ли, то между $URI[[http://libmeta.ru/me/formula/aux/1044_69_KONEChNOMERNOE]]/URI$. п. URI[[http://libmeta.ru/me/relation/1044_26_KONEChNOMERNOE]]/URI $URI[[http://libmeta.ru/me/formula/aux/1044_70_KONEChNOMERNOE]]/URI$ и ее URI[[http://libmeta.ru/me/relation/1044_25_KONEChNOMERNOE]]/URI Ли существует URI[[http://libmeta.ru/me/relation/1044_24_KONEChNOMERNOE]]/URI (сопоставляющее URI[[http://libmeta.ru/me/relation/1044_23_KONEChNOMERNOE]]/URI URI[[http://libmeta.ru/me/relation/1044_22_KONEChNOMERNOE]]/URI Ли его URI[[http://libmeta.ru/me/relation/1044_21_KONEChNOMERNOE]]/URI; обратное соответствие сопоставляет URI[[http://libmeta.ru/me/relation/1044_20_KONEChNOMERNOE]]/URI URI[[http://libmeta.ru/me/relation/1044_19_KONEChNOMERNOE]]/URI Ли его URI[[http://libmeta.ru/me/relation/1044_18_KONEChNOMERNOE]]/URI). Но классификация К. п. URI[[http://libmeta.ru/me/relation/1044_17_KONEChNOMERNOE]]/URI групп Ли далека (1978) от полного решения даже для частных случаев групп $URI[[http://libmeta.ru/me/formula/aux/1044_71_KONEChNOMERNOE]]/URI$, как и для групп $URI[[http://libmeta.ru/me/formula/aux/1044_72_KONEChNOMERNOE]]/URI$ (см. [6]). С другой стороны, URI[[http://libmeta.ru/me/relation/1044_16_KONEChNOMERNOE]]/URI К. П. $URI[[http://libmeta.ru/me/formula/aux/1044_73_KONEChNOMERNOE]]/URI$ URI[[http://libmeta.ru/me/relation/1044_15_KONEChNOMERNOE]]/URI URI[[http://libmeta.ru/me/relation/1044_14_KONEChNOMERNOE]]/URI Ли $URI[[http://libmeta.ru/me/formula/aux/1044_74_KONEChNOMERNOE]]/URI$ известны [2]: они имеют URI[[http://libmeta.ru/me/relation/1044_13_KONEChNOMERNOE]]/URI $URI[[http://libmeta.ru/me/formula/aux/1044_75_KONEChNOMERNOE]]/URI$, где $URI[[http://libmeta.ru/me/formula/aux/1044_76_KONEChNOMERNOE]]/URI$ одномерное URI[[http://libmeta.ru/me/relation/1044_12_KONEChNOMERNOE]]/URI URI[[http://libmeta.ru/me/relation/1044_11_KONEChNOMERNOE]]/URI $URI[[http://libmeta.ru/me/formula/aux/1044_77_KONEChNOMERNOE]]/URI$ (т. е. URI[[http://libmeta.ru/me/relation/1044_10_KONEChNOMERNOE]]/URI - ее коммутативной URI[[http://libmeta.ru/me/relation/1044_9_KONEChNOMERNOE]]/URI по URI[[http://libmeta.ru/me/relation/1044_8_KONEChNOMERNOE]]/URI), а $URI[[http://libmeta.ru/me/formula/aux/1044_78_KONEChNOMERNOE]]/URI$. П. URI[[http://libmeta.ru/me/relation/1044_7_KONEChNOMERNOE]]/URI URI[[http://libmeta.ru/me/relation/1044_6_KONEChNOMERNOE]]/URI URI[[http://libmeta.ru/me/relation/1044_5_KONEChNOMERNOE]]/URI $URI[[http://libmeta.ru/me/formula/aux/1044_79_KONEChNOMERNOE]]/URI$ по максимальному URI[[http://libmeta.ru/me/relation/1044_4_KONEChNOMERNOE]]/URI URI[[http://libmeta.ru/me/relation/1044_3_KONEChNOMERNOE]]/URI URI[[http://libmeta.ru/me/relation/1044_2_KONEChNOMERNOE]]/URI URI[[http://libmeta.ru/me/relation/1044_1_KONEChNOMERNOE]]/URI $URI[[http://libmeta.ru/me/formula/aux/1044_80_KONEChNOMERNOE]]/URI$ (см. Леви-Мальчева разложение).</text>
  <text_orig>ЛИНеЙНое представление топологич. группы в конечномерном векторном пространстве. Теория К. П. является одним из наиболее разработанных и важных разделов общей теории представлений групп. Неприводимое К. П. вполне неприводимо (см. IIура лемма), но операторно неприводімое . п. может быть приводимым. Измеримое К. п. локально компактної группы совпадает локально почті всюду с нек-рым непрерывным $\mathfrak{K}$. П. Ограніченное $\nprec$. п. локально компактной группы эквивалентно унитарному представлению. Локально компактная группа, имеющая точное Ii. п., является группой Ли [7].

Унітарное К. П. есть прямая сумма неприводімых унитарных К. П. Пересечение ядер непрерывных гомоморфизмов топологич. группы $G$ совпадает с пересечением ядер непрıводимых унітарных К. П. группы $G$; еслі это множество содержіт лишь единичный элемент группы $G$, то группа $G$ допускает непрерывный мономорфизм в нек-рую компактную группу и группа $G$ наз. в л о і м о й в коміактную группу, Iлі м а к с I-

![](https://cdn.mathpix.com/cropped/2023_07_08_7d44ee4524e6d5620629g-1.jpg?height=35&amp;width=829&amp;top_left_y=1868&amp;top_left_x=990)
группой). Еслі $G$ - МПП-группа, то семейство матричных элементов непріводимых унитарных Ii. П. группы $G$ разделяет точки группы $G$. Коммутативные и компактные группы являются МПП-группамп; связная локально компактная группа тогда I только тогда является МПП-группої, когда она есть прямое прогзведение связной компактной группы II группы $\mathbb{R}^{n}$ (см. [5]). МПП-группа может иметь бесконечномериые неприводімые унитарные представленія і даже быть группой не типа 1. Для того чтобы любое непрерывное неприводимое унитарное представление локально компактной группы $G$ было К. П., необходимо I достаточно [8], чтобы группа $G$ являлась проективным пределом конечных распширениї групп $H$ віда $(K \cdot D) \times V$, где $K, D, V-$ замкнутые подгруппы группы $H$, причем группа $V$ изоморфна $\mathbb{R}^{n}, K$ - компактная группа, $D$ - дискретная группа, центральная в $H$; достаточно, чтобы факторгруппа группы $G$ по ее центру была компактна. Кроме того, для многих локально компактных групп (в частности, для некомпактных простых групп Ли) единственным неприводимым унитарным К. П. является единичное представление.

Неунитарные К. П. топологич. групп расклассифицированы (с точностью до эквивалентности) лишь для нек-рых групп, в частностіп для групп $\mathbb{R}$ и $\mathbb{Z}$, где задача описания $\mathrm{K}$. п. репается приведением матрицы к жордановой форме II - в случае группы $\mathbb{R}$ - связана c теорией обыкновенных дифференциальных уравнений с постоянными коэфффициентами, так как пространство решений такого уравнения является конечномерным инвариантным подпространством регулярного представления группы $\mathbb{R}$ в пространстве непрерывных функций на $\mathbb{R}$. Кроме того, известны К. П. связных полупростых групп Ли. А именно, К. п. таких групп являются прямыми суммами неприводимых К. П., к-рые описываются следующим образом. Если $G$ - полупростая комплексная группа Ји, $U-$ ее максимальная компактная подгруппа, то любое непрерывное неприводимое унитарное представление $\pi$ группы $U$ в пространстве $E$ может быть продолжено: 1) до неприводимого представления $\pi^{G}$ группы $G$ в $E$, матричные элементы к-рого являются аналитич. функциями на $G$; 2) до неприводимого представления группы $\vec{\pi} G$ группы $G$, матричные әлементы к-рого комплексно сопряжены аналитич. функциями на $G$; представления $\pi^{G}$ и $\bar{\pi}^{G}$ определяются представлением $\pi$ однозначно. Тензорное произведение $\pi_{1}^{G} \bigotimes \bar{\pi}_{2}^{G}$ является неприводимым К. п. группы $G$ для любых неприводимых унитарных К. п. $\pi_{1}, \pi_{2}$ группы $G$, и любое неприводимое К. п. группы $G$ эквивалентно одному из представлений вида $\pi_{1}^{G} \bar{\pi}_{2}^{G}$. Описание К. п. односвязной связной комплексной полупростой группы Ли может быть дано также в терминах әкспонент К. п. ее алгебры Ли, а также с помощью Гаусca разложения $G \supset Z-D Z+$ группы $G:$ пусть $\alpha-$ такая непрерывная функция на $G$, что $\alpha\left(z_{-} \delta z_{+}\right)=\alpha(\delta)$ для всех $z_{-} \in Z_{-}, \delta \in D, z_{+} \in Z_{+}$, и пусть линейная оболочка Ф $\Phi_{\alpha}$ функций $g \rightarrow \alpha\left(g g_{0}\right), g_{0} \in G$ конечномерна; тогда формула $\left[T_{\alpha}\left(g_{0}\right) f\right](g)=f\left(g g_{0}\right), g, g_{0} \in G, f \in \Phi_{\alpha}$, определяет неприводимое $\kappa$. П. группы $G$, и все неприводимые K. п. группы $G$ могут быть получены таким образом. Если $G$ - действительная полупростая группа Ли, имеющая комплексную форму $G^{\mathbb{C}}$, то любое неприводимое К. п. группы $G$ является сужением на $G$ нек-рого однозначно определенного неприводимого К. П. группы $G^{\mathbb{C}}$, матричные элементы к-рого аналитичны на $G^{\mathbb{C}}$ (так что теория К. П. полупростых связных групп Ли по существу сводится к теории представлений компактных групп Ли). К. П. любой группы Ли является действительно аналитическим; если $G-$ односвязная группа Ли, то между $\kappa$. п. группы $G$ и ее алгебры Ли существует взаимно однозначное соответствие (сопоставляющее представлению группы Ли его дифференциал; обратное соответствие сопоставляет представлению алгебры Ли его экспоненту). Но классификация К. п. произвольных групп Ли далека (1978) от полного решения даже для частных случаев групп $\mathbb{R} n, n \geqslant 2$, как и для групп $\mathbb{Z}^{n}, n \geqslant 2$ (см. [6]). С другой стороны, неприводимые К. П. $\pi$ связной группы Ли $G$ известны [2]: они имеют вид $\pi=\chi \otimes \pi_{0}$, где $\chi-$ одномерное представление группы $G$ (т. е. фактически - ее коммутативной факторгруппы по коммутанту), а $\pi_{0}-К$. П. полупростой факторгруппы группы $G$ по максимальному связному разрешимому нормальному делителю группы $G$ (см. Леви-Мальчева разложение). Лuт.: [1] К и р и л л о в А. А., Элементы теории представлений, М., 1972; [2] Ж е л о б е н к о Д. П., Компактные группы Ли и их представления, М., 1970; [3] Н а й м а р к М. А., Теория представлений групп, м., 1976; [4] Д и к с м в е Ж., В е й л ь А.; Интегрирование в топологических группах и его применения, пер. с франц.. М., 1950; [6] Г е л ьф а н д И. М., П о н о м а p ё в В. А., &quot;Фуннциональный анализ и его приме-

![](https://cdn.mathpix.com/cropped/2023_07_08_2f2f756626b8f6be9e89g-1.jpg?height=42&amp;width=828&amp;top_left_y=370&amp;top_left_x=990)
А. И., &quot;Матем сб.», 1973 , т. 90 , № 1, с. 86-95. А. И. Штерн.</text_orig>
</article>
