<?xml version="1.0" ?>
<article uri="http://libmeta.ru/me/article/1045_kolebaREZONANSNYE" alphabetic_pos="1045">
  <title>колебаРЕЗОНАНСНЫЕ ЧЛЕНЫ</title>
  <authors/>
  <pages>
    <start>477</start>
    <end>477</end>
  </pages>
  <literature>
    <literature_orig>Лuт.: [1] Б р ю н о А. Д., Локальный метод нелинейного анализа дифференциальных уравнений, М., 1979; [2] е г о ж е &quot;тр. Моск. матем. об-ва&quot;, 1971 , т. 25, с. $119-262 ; 1972$, т. 26,с. $199-239$. Д. Брюно.</literature_orig>
    <unit>
      <author>Брюно А. Д.</author>
      <title>Локальный метод нелинейного анализа дифференциальных уравнений</title>
      <publication>М.</publication>
      <year>1979</year>
      <other/>
    </unit>
    <unit>
      <title>е г о ж е &quot;тр. Моск. матем. об-ва&quot;</title>
      <publication/>
      <year>1971</year>
      <other>т. 25, с. $119-262 ; 1972$, т. 26, с. $199-239$. Д. Брюно.</other>
    </unit>
  </literature>
  <formulas_main>
    <formula uri="http://libmeta.ru/me/formula/main/1045_1_kolebaREZONANSNYE">\begin{gathered}f(X, Y)=\sum f_{P Q} X^{P} \exp \{i\langle Q, Y\rangle\}, \\P \in \mathbb{Z}^{m}, P \geqslant 0, Q \in \mathbb{Z}^{n}, \\X^{P}=x_{1}^{p_{1}} \ldots x_{m}^{p_{m}},\end{gathered}</formula>
    <formula uri="http://libmeta.ru/me/formula/main/1045_2_kolebaREZONANSNYE">\langle P, \Lambda\rangle+i\langle Q, \Omega\rangle=c .</formula>
    <formula uri="http://libmeta.ru/me/formula/main/1045_3_kolebaREZONANSNYE">\dot{x}_{j}=\lambda_{j} x_{j}, j=1, \ldots, m, \dot{y}_{k}=\omega_{k}, k=1, \ldots, n,</formula>
  </formulas_main>
  <formulas_aux>
    <formula uri="http://libmeta.ru/me/formula/aux/1045_1_kolebaREZONANSNYE">f_{p Q} X^{P} \times</formula>
    <formula uri="http://libmeta.ru/me/formula/aux/1045_2_kolebaREZONANSNYE">\times \exp \{i&lt;Q, Y&gt;\}</formula>
    <formula uri="http://libmeta.ru/me/formula/aux/1045_3_kolebaREZONANSNYE">p</formula>
    <formula uri="http://libmeta.ru/me/formula/aux/1045_4_kolebaREZONANSNYE">q</formula>
    <formula uri="http://libmeta.ru/me/formula/aux/1045_5_kolebaREZONANSNYE">f_{p Q}</formula>
    <formula uri="http://libmeta.ru/me/formula/aux/1045_6_kolebaREZONANSNYE">\langle Q, Y\rangle-</formula>
    <formula uri="http://libmeta.ru/me/formula/aux/1045_7_kolebaREZONANSNYE">q</formula>
    <formula uri="http://libmeta.ru/me/formula/aux/1045_8_kolebaREZONANSNYE">y</formula>
    <formula uri="http://libmeta.ru/me/formula/aux/1045_9_kolebaREZONANSNYE">\left(\lambda_{1}, \ldots\right.</formula>
    <formula uri="http://libmeta.ru/me/formula/aux/1045_10_kolebaREZONANSNYE">\left.\lambda_{m}\right)=\Lambda</formula>
    <formula uri="http://libmeta.ru/me/formula/aux/1045_11_kolebaREZONANSNYE">\left(\omega_{1}, \ldots, \omega_{n}\right)=\Omega</formula>
    <formula uri="http://libmeta.ru/me/formula/aux/1045_12_kolebaREZONANSNYE">c</formula>
    <formula uri="http://libmeta.ru/me/formula/aux/1045_13_kolebaREZONANSNYE">p</formula>
    <formula uri="http://libmeta.ru/me/formula/aux/1045_14_kolebaREZONANSNYE">q</formula>
    <formula uri="http://libmeta.ru/me/formula/aux/1045_15_kolebaREZONANSNYE">\lambda_{j}</formula>
    <formula uri="http://libmeta.ru/me/formula/aux/1045_16_kolebaREZONANSNYE">c=0</formula>
    <formula uri="http://libmeta.ru/me/formula/aux/1045_17_kolebaREZONANSNYE">n=0</formula>
    <formula uri="http://libmeta.ru/me/formula/aux/1045_18_kolebaREZONANSNYE">c=0</formula>
    <formula uri="http://libmeta.ru/me/formula/aux/1045_19_kolebaREZONANSNYE">\lambda=\left(\lambda_{1}, . ., \lambda_{l},-\lambda_{1}, \ldots\right.</formula>
    <formula uri="http://libmeta.ru/me/formula/aux/1045_20_kolebaREZONANSNYE">\left.-\lambda_{l}\right)</formula>
    <formula uri="http://libmeta.ru/me/formula/aux/1045_21_kolebaREZONANSNYE">p_{j}=p_{j+l}, j=1, \ldots, l</formula>
    <formula uri="http://libmeta.ru/me/formula/aux/1045_22_kolebaREZONANSNYE">\left(\mu_{1}, . ., \mu_{m}\right)=M</formula>
    <formula uri="http://libmeta.ru/me/formula/aux/1045_23_kolebaREZONANSNYE">n=0</formula>
    <formula uri="http://libmeta.ru/me/formula/aux/1045_24_kolebaREZONANSNYE">m^{p}=1</formula>
    <formula uri="http://libmeta.ru/me/formula/aux/1045_25_kolebaREZONANSNYE">\lambda=\ln M</formula>
    <formula uri="http://libmeta.ru/me/formula/aux/1045_26_kolebaREZONANSNYE">\omega_{1}=1</formula>
    <formula uri="http://libmeta.ru/me/formula/aux/1045_27_kolebaREZONANSNYE">c=0</formula>
  </formulas_aux>
  <relations n="24">
    <relation uri="http://libmeta.ru/me/relation/1045_1_kolebaREZONANSNYE">
      <rel_text>получится</rel_text>
      <target>http://libmeta.ru/me/article/457_POLUGRUPP</target>
    </relation>
    <relation uri="http://libmeta.ru/me/relation/1045_2_kolebaREZONANSNYE">
      <rel_text>параметром</rel_text>
      <target>http://libmeta.ru/me/article/165_PARABOLOI</target>
    </relation>
    <relation uri="http://libmeta.ru/me/relation/1045_3_kolebaREZONANSNYE">
      <rel_text>задачах</rel_text>
      <target>http://libmeta.ru/me/article/10_ZAdAch</target>
    </relation>
    <relation uri="http://libmeta.ru/me/relation/1045_4_kolebaREZONANSNYE">
      <rel_text>производимое</rel_text>
      <target>http://libmeta.ru/me/article/1045_PROIZVODNA</target>
    </relation>
    <relation uri="http://libmeta.ru/me/relation/1045_5_kolebaREZONANSNYE">
      <rel_text>тривиально</rel_text>
      <target>http://libmeta.ru/me/article/497_TRIVEKTO</target>
    </relation>
    <relation uri="http://libmeta.ru/me/relation/1045_6_kolebaREZONANSNYE">
      <rel_text>системы</rel_text>
      <target>http://libmeta.ru/me/article/350_SISTEM</target>
    </relation>
    <relation uri="http://libmeta.ru/me/relation/1045_7_kolebaREZONANSNYE">
      <rel_text>собственных значений</rel_text>
      <target>http://libmeta.ru/me/article/41_SOBSTVENNOE</target>
    </relation>
    <relation uri="http://libmeta.ru/me/relation/1045_8_kolebaREZONANSNYE">
      <rel_text>вектор</rel_text>
      <target>http://libmeta.ru/me/article/645_VEKTO</target>
    </relation>
    <relation uri="http://libmeta.ru/me/relation/1045_9_kolebaREZONANSNYE">
      <rel_text>гамильтониан</rel_text>
      <target>http://libmeta.ru/me/article/919_GAMIL'TONI</target>
    </relation>
    <relation uri="http://libmeta.ru/me/relation/1045_10_kolebaREZONANSNYE">
      <rel_text>гамильтоновой системы</rel_text>
      <target>http://libmeta.ru/me/article/921_GAMIL'TONOVA</target>
    </relation>
    <relation uri="http://libmeta.ru/me/relation/1045_11_kolebaREZONANSNYE">
      <rel_text>многообразий</rel_text>
      <target>http://libmeta.ru/me/article/438_MNOGOOBRAZI</target>
    </relation>
    <relation uri="http://libmeta.ru/me/relation/1045_12_kolebaREZONANSNYE">
      <rel_text>уравнений</rel_text>
      <target>http://libmeta.ru/me/article/106_URAVNENI</target>
    </relation>
    <relation uri="http://libmeta.ru/me/relation/1045_13_kolebaREZONANSNYE">
      <rel_text>обыкновенных дифференциальных URI[[http</rel_text>
      <target>http://libmeta.ru/me/article/273_DIFFERENTsIAL'NOE</target>
    </relation>
    <relation uri="http://libmeta.ru/me/relation/1045_14_kolebaREZONANSNYE">
      <rel_text>Систему</rel_text>
      <target>http://libmeta.ru/me/article/350_SISTEM</target>
    </relation>
    <relation uri="http://libmeta.ru/me/relation/1045_15_kolebaREZONANSNYE">
      <rel_text>системы</rel_text>
      <target>http://libmeta.ru/me/article/350_SISTEM</target>
    </relation>
    <relation uri="http://libmeta.ru/me/relation/1045_16_kolebaREZONANSNYE">
      <rel_text>осреднением</rel_text>
      <target>http://libmeta.ru/me/article/98_OSREDNENI</target>
    </relation>
    <relation uri="http://libmeta.ru/me/relation/1045_17_kolebaREZONANSNYE">
      <rel_text>совпадает</rel_text>
      <target>http://libmeta.ru/me/article/59_SOVPADENI</target>
    </relation>
    <relation uri="http://libmeta.ru/me/relation/1045_18_kolebaREZONANSNYE">
      <rel_text>линейной системе</rel_text>
      <target>http://libmeta.ru/me/article/335_LINEJAJa</target>
    </relation>
    <relation uri="http://libmeta.ru/me/relation/1045_19_kolebaREZONANSNYE">
      <rel_text>задаче</rel_text>
      <target>http://libmeta.ru/me/article/10_ZAdAch</target>
    </relation>
    <relation uri="http://libmeta.ru/me/relation/1045_20_kolebaREZONANSNYE">
      <rel_text>уравнений</rel_text>
      <target>http://libmeta.ru/me/article/106_URAVNENI</target>
    </relation>
    <relation uri="http://libmeta.ru/me/relation/1045_21_kolebaREZONANSNYE">
      <rel_text>обыкновенных дифференциальных URI[[http</rel_text>
      <target>http://libmeta.ru/me/article/273_DIFFERENTsIAL'NOE</target>
    </relation>
    <relation uri="http://libmeta.ru/me/relation/1045_22_kolebaREZONANSNYE">
      <rel_text>системы</rel_text>
      <target>http://libmeta.ru/me/article/350_SISTEM</target>
    </relation>
    <relation uri="http://libmeta.ru/me/relation/1045_23_kolebaREZONANSNYE">
      <rel_text>собственные значения</rel_text>
      <target>http://libmeta.ru/me/article/41_SOBSTVENNOE</target>
    </relation>
    <relation uri="http://libmeta.ru/me/relation/1045_24_kolebaREZONANSNYE">
      <rel_text>скалярное произведение</rel_text>
      <target>http://libmeta.ru/me/article/1373_SKALJaRNOE</target>
    </relation>
  </relations>
  <text>те члены $URI[[http://libmeta.ru/me/formula/aux/1045_1_kolebaREZONANSNYE]]/URI$ $URI[[http://libmeta.ru/me/formula/aux/1045_2_kolebaREZONANSNYE]]/URI$ ряда Тейлора - Фурье

\[
URI[[http://libmeta.ru/me/formula/main/1045_1_kolebaREZONANSNYE]]/URI
\]

у к-рых показатели $URI[[http://libmeta.ru/me/formula/aux/1045_3_kolebaREZONANSNYE]]/URI$ и $URI[[http://libmeta.ru/me/formula/aux/1045_4_kolebaREZONANSNYE]]/URI$ удовлетворяют линейному соотношению вида

\[
URI[[http://libmeta.ru/me/formula/main/1045_2_kolebaREZONANSNYE]]/URI
\]

Здесь $URI[[http://libmeta.ru/me/formula/aux/1045_5_kolebaREZONANSNYE]]/URI$ - постоянные коәффициенты, $URI[[http://libmeta.ru/me/formula/aux/1045_6_kolebaREZONANSNYE]]/URI$ URI[[http://libmeta.ru/me/relation/1045_24_kolebaREZONANSNYE]]/URI $URI[[http://libmeta.ru/me/formula/aux/1045_7_kolebaREZONANSNYE]]/URI$ и $URI[[http://libmeta.ru/me/formula/aux/1045_8_kolebaREZONANSNYE]]/URI$; постоянные $URI[[http://libmeta.ru/me/formula/aux/1045_9_kolebaREZONANSNYE]]/URI$ $URI[[http://libmeta.ru/me/formula/aux/1045_10_kolebaREZONANSNYE]]/URI$ и $URI[[http://libmeta.ru/me/formula/aux/1045_11_kolebaREZONANSNYE]]/URI$ - обычно URI[[http://libmeta.ru/me/relation/1045_23_kolebaREZONANSNYE]]/URI и базис частот нек-рой URI[[http://libmeta.ru/me/relation/1045_22_kolebaREZONANSNYE]]/URI URI[[http://libmeta.ru/me/relation/1045_21_kolebaREZONANSNYE]]/URI://libmeta.ru/me/relation/1045_20_kolebaREZONANSNYE]]/URI; константа $URI[[http://libmeta.ru/me/formula/aux/1045_12_kolebaREZONANSNYE]]/URI$ не зависит от $URI[[http://libmeta.ru/me/formula/aux/1045_13_kolebaREZONANSNYE]]/URI$ и $URI[[http://libmeta.ru/me/formula/aux/1045_14_kolebaREZONANSNYE]]/URI$, она определяется ролью ряда (1) в рассматриваемой URI[[http://libmeta.ru/me/relation/1045_19_kolebaREZONANSNYE]]/URI.

Если в URI[[http://libmeta.ru/me/relation/1045_18_kolebaREZONANSNYE]]/URI

\[
URI[[http://libmeta.ru/me/formula/main/1045_3_kolebaREZONANSNYE]]/URI
\]

все $URI[[http://libmeta.ru/me/formula/aux/1045_15_kolebaREZONANSNYE]]/URI$ чисто мнимые и в (2) $URI[[http://libmeta.ru/me/formula/aux/1045_16_kolebaREZONANSNYE]]/URI$, то сумма Р. ч. ряда (1) URI[[http://libmeta.ru/me/relation/1045_17_kolebaREZONANSNYE]]/URI с URI[[http://libmeta.ru/me/relation/1045_16_kolebaREZONANSNYE]]/URI әтого ряда вдоль решений URI[[http://libmeta.ru/me/relation/1045_15_kolebaREZONANSNYE]]/URI (3). URI[[http://libmeta.ru/me/relation/1045_14_kolebaREZONANSNYE]]/URI URI[[http://libmeta.ru/me/relation/1045_13_kolebaREZONANSNYE]]/URI://libmeta.ru/me/relation/1045_12_kolebaREZONANSNYE]]/URI в окрестности нек-рых инвариантных URI[[http://libmeta.ru/me/relation/1045_11_kolebaREZONANSNYE]]/URI можно привести к нормальной борле, в к-рой ряды содержат только Р. ч. (см. [1]). Так, для URI[[http://libmeta.ru/me/relation/1045_10_kolebaREZONANSNYE]]/URI в окрестности неподвижной точки URI[[http://libmeta.ru/me/relation/1045_9_kolebaREZONANSNYE]]/URI может быть приведен к виду (1), где $URI[[http://libmeta.ru/me/formula/aux/1045_17_kolebaREZONANSNYE]]/URI$, и выполнено (2) с $URI[[http://libmeta.ru/me/formula/aux/1045_18_kolebaREZONANSNYE]]/URI$, причем $URI[[http://libmeta.ru/me/formula/aux/1045_19_kolebaREZONANSNYE]]/URI$, $URI[[http://libmeta.ru/me/formula/aux/1045_20_kolebaREZONANSNYE]]/URI$ - URI[[http://libmeta.ru/me/relation/1045_8_kolebaREZONANSNYE]]/URI из URI[[http://libmeta.ru/me/relation/1045_7_kolebaREZONANSNYE]]/URI линеаризованной URI[[http://libmeta.ru/me/relation/1045_6_kolebaREZONANSNYE]]/URI (см. [2]). В этом случае иногда члены с $URI[[http://libmeta.ru/me/formula/aux/1045_21_kolebaREZONANSNYE]]/URI$, наз. в е к о в ы м и (для них (2) выполняется URI[[http://libmeta.ru/me/relation/1045_5_kolebaREZONANSNYE]]/URI), а резонансными наз. остальные члены ряда (1), для к-рых выполнено (2).

Выделение Р.ч., URI[[http://libmeta.ru/me/relation/1045_4_kolebaREZONANSNYE]]/URI в URI[[http://libmeta.ru/me/relation/1045_3_kolebaREZONANSNYE]]/URI с малым URI[[http://libmeta.ru/me/relation/1045_2_kolebaREZONANSNYE]]/URI, зачастую также может быть обосновано с помощью нормальной формы (см. [1]). Для точечного преобразования с мультипликаторами $URI[[http://libmeta.ru/me/formula/aux/1045_22_kolebaREZONANSNYE]]/URI$ показатели Р. ч. ряда (1) с $URI[[http://libmeta.ru/me/formula/aux/1045_23_kolebaREZONANSNYE]]/URI$ удовлетворяют соотношению $URI[[http://libmeta.ru/me/formula/aux/1045_24_kolebaREZONANSNYE]]/URI$; если положить $URI[[http://libmeta.ru/me/formula/aux/1045_25_kolebaREZONANSNYE]]/URI$ и $URI[[http://libmeta.ru/me/formula/aux/1045_26_kolebaREZONANSNYE]]/URI$, то URI[[http://libmeta.ru/me/relation/1045_1_kolebaREZONANSNYE]]/URI соотношение (2) с $URI[[http://libmeta.ru/me/formula/aux/1045_27_kolebaREZONANSNYE]]/URI$.</text>
  <text_orig>те членЫ $f_{P Q} X^{P} \times$ $\times \exp \{i&lt;Q, Y&gt;\}$ ряда Тейлора - Фурье

\[
\begin{gathered}
f(X, Y)=\sum f_{P Q} X^{P} \exp \{i\langle Q, Y\rangle\}, \\
P \in \mathbb{Z}^{m}, P \geqslant 0, Q \in \mathbb{Z}^{n}, \\
X^{P}=x_{1}^{p_{1}} \ldots x_{m}^{p_{m}},
\end{gathered}
\]

у к-рых показатели $P$ и $Q$ удовлетворяют линейному соотношению вида

\[
\langle P, \Lambda\rangle+i\langle Q, \Omega\rangle=c .
\]

Здесь $f_{P Q}$ - постоянные коәффициенты, $\langle Q, Y\rangle-$ скалярное произведение $Q$ и $Y$; постоянные $\left(\lambda_{1}, \ldots\right.$ $\left.\lambda_{m}\right)=\Lambda$ и $\left(\omega_{1}, \ldots, \omega_{n}\right)=\Omega$ - обычно собственные значения и базис частот нек-рой системы обыкновенных дифференциальных уравнений; константа $c$ не зависит от $P$ и $Q$, она определяется ролью ряда (1) в рассматриваемой задаче.

Если в линейной системе

\[
\dot{x}_{j}=\lambda_{j} x_{j}, j=1, \ldots, m, \dot{y}_{k}=\omega_{k}, k=1, \ldots, n,
\]

все $\lambda_{j}$ чисто мнимые и в (2) $c=0$, то сумма Р. ч. ряда (1) совпадает с осреднением әтого ряда вдоль решений системы (3). Систему обыкновенных дифференциальных уравнений в окрестности нек-рых инвариантных многообразий можно привести к нормальной борле, в к-рой ряды содержат только Р. ч. (см. [1]). Так, для гамильтоновой системы в окрестности неподвижной точки гамильтониан может быть приведен к виду (1), где $n=0$, и выполнено (2) с $c=0$, причем $\Lambda=\left(\lambda_{1}, . ., \lambda_{l},-\lambda_{1}, \ldots\right.$, $\left.-\lambda_{l}\right)$ - вектор из собственных значений линеаризованной системы (см. [2]). В этом случае иногда члены с $p_{j}=p_{j+l}, j=1, \ldots, l$, наз. в е к о в ы м и (для них (2) выполняется тривиально), а резонансными наз. остальные члены ряда (1), для к-рых выполнено (2).

Выделение Р.ч., производимое в задачах с малым параметром, зачастую также может быть обосновано с помощью нормальной формы (см. [1]). Для точечного преобразования с мультипликаторами $\left(\mu_{1}, . ., \mu_{m}\right)=M$ показатели Р. ч. ряда (1) с $n=0$ удовлетворяют соотношению $M^{P}=1$; если положить $\Lambda=\ln M$ и $\omega_{1}=1$, то получится соотношение (2) с $c=0$.

Лuт.: [1] Б р ю н о А. Д., Локальный метод нелинейного анализа дифференциальных уравнений, М., 1979; [2] е г о ж е &quot;Тр. Моск. матем. об-ва&quot;, 1971 , т. 25, с. $119-262 ; 1972$, т. 26,
с. $199-239$. Д. Брюно.</text_orig>
</article>
