<?xml version="1.0" ?>
<article uri="http://libmeta.ru/me/article/1045_KONEChNOSTI" alphabetic_pos="1045">
  <title>КОНЕЧНОСТИ ТЕОРЕМЫ</title>
  <authors/>
  <pages>
    <start>513</start>
    <end>514</end>
  </pages>
  <literature>
    <literature_orig>Лum.: [1] C a r t a n H., S e r r e J.-P., &quot;c. r. Acad. sci.&quot;,![](https://cdn.mathpix.com/cropped/2023_07_08_43a9da4d46c1d7c8440bg-1.jpg?height=32&amp;width=821&amp;top_left_y=1274&amp;top_left_x=125)в кн.: Комплексные пространства, М., 1965, с. 105-89, пер. c франц.; [3] R a m i s J. P., &quot;ann. Scuola norm. super.' Pisa. Sci. fis. e mat.&quot;, 1973 , ser. 3 , t. &quot;27, N 4, p. 933-97: [4] $\gamma$ p a yр р т Г., в кн.: Комплексные пространства, М., 1965 , с. $205 \frac{1}{2}$![](https://cdn.mathpix.com/cropped/2023_07_08_43a9da4d46c1d7c8440bg-1.jpg?height=42&amp;width=831&amp;top_left_y=1378&amp;top_left_x=120)algebrice in teoria globală a spaţilor complexe, Buc., 1974; [6i] Итоги науки. Алгебра. Топология. Геометрия, т. 15 , M., $197 \overline{1}$, c. 93-171; [7] K i e h l R., &quot;invent. math.&quot;, 1967 , Bd 2 ,</literature_orig>
    <unit>
      <author>Cartan H.</author>
      <author>Serre J.- P.</author>
      <title>&quot;c. r. Acad. sci.&quot;</title>
      <publication/>
      <year>2023</year>
      <other>М., 1965, с. 105-89, пер. c франц.; [3] R a m i s J. P., &quot;ann. Scuola norm. super.' Pisa. Sci. fis. e mat.&quot;, 1973, ser. 3, t. &quot;27, N 4, p. 933-97: [4] $\gamma$ p a yр р т Г., в кн.: Комплексные пространства, М., 1965, с. $205 \frac{1}{2}$![](https://cdn.mathpix.com/cropped/2023_07_08_43a9da4d46c1d7c8440bg-1.jpg?height=42&amp;width=831&amp;top_left_y=1378&amp;top_left_x=120)algebrice in teoria globală a spaţilor complexe, Buc., 1974; [6i] Итоги науки. Алгебра. Топология. Геометрия, т. 15, M., $197 \overline{1}$, c. 93-171; [7] K i e h l R., &quot;invent. math.&quot;, 1967, Bd 2</other>
    </unit>
  </literature>
  <formulas_main/>
  <formulas_aux>
    <formula uri="http://libmeta.ru/me/formula/aux/1045_1_KONEChNOSTI">k</formula>
    <formula uri="http://libmeta.ru/me/formula/aux/1045_2_KONEChNOSTI">k=\mathbb{c}</formula>
    <formula uri="http://libmeta.ru/me/formula/aux/1045_3_KONEChNOSTI">x</formula>
    <formula uri="http://libmeta.ru/me/formula/aux/1045_4_KONEChNOSTI">y</formula>
    <formula uri="http://libmeta.ru/me/formula/aux/1045_5_KONEChNOSTI">y</formula>
    <formula uri="http://libmeta.ru/me/formula/aux/1045_6_KONEChNOSTI">\left.\mathrm{N}_{2} 17\right)</formula>
    <formula uri="http://libmeta.ru/me/formula/aux/1045_7_KONEChNOSTI">\mathrm{r}_{0}</formula>
    <formula uri="http://libmeta.ru/me/formula/aux/1045_8_KONEChNOSTI">x</formula>
    <formula uri="http://libmeta.ru/me/formula/aux/1045_9_KONEChNOSTI">\mathscr{t}-</formula>
    <formula uri="http://libmeta.ru/me/formula/aux/1045_10_KONEChNOSTI">x</formula>
    <formula uri="http://libmeta.ru/me/formula/aux/1045_11_KONEChNOSTI">h^{k}(x, \mathscr{F})</formula>
    <formula uri="http://libmeta.ru/me/formula/aux/1045_12_KONEChNOSTI">k \geqslant 0</formula>
    <formula uri="http://libmeta.ru/me/formula/aux/1045_13_KONEChNOSTI">x</formula>
    <formula uri="http://libmeta.ru/me/formula/aux/1045_14_KONEChNOSTI">p, q)</formula>
    <formula uri="http://libmeta.ru/me/formula/aux/1045_15_KONEChNOSTI">x</formula>
    <formula uri="http://libmeta.ru/me/formula/aux/1045_16_KONEChNOSTI">h^{k}(x, \mathcal{F})</formula>
    <formula uri="http://libmeta.ru/me/formula/aux/1045_17_KONEChNOSTI">p \leqslant k \leqslant \operatorname{prof} \mathscr{T}-q-1</formula>
    <formula uri="http://libmeta.ru/me/formula/aux/1045_18_KONEChNOSTI">p \leqslant k \leqslant \operatorname{prof} \mathscr{F}-q</formula>
    <formula uri="http://libmeta.ru/me/formula/aux/1045_19_KONEChNOSTI">h_{c}^{k}(x, \mathscr{F})</formula>
    <formula uri="http://libmeta.ru/me/formula/aux/1045_20_KONEChNOSTI">q+1 \leqslant</formula>
    <formula uri="http://libmeta.ru/me/formula/aux/1045_21_KONEChNOSTI">\leqslant k \leqslant</formula>
    <formula uri="http://libmeta.ru/me/formula/aux/1045_22_KONEChNOSTI">\mathcal{f}-p</formula>
    <formula uri="http://libmeta.ru/me/formula/aux/1045_23_KONEChNOSTI">q+1 \leqslant k \leqslant \operatorname{prof} \mathscr{F}-p+1</formula>
    <formula uri="http://libmeta.ru/me/formula/aux/1045_24_KONEChNOSTI">\gamma</formula>
    <formula uri="http://libmeta.ru/me/formula/aux/1045_25_KONEChNOSTI">\pi: X \rightarrow Y-</formula>
    <formula uri="http://libmeta.ru/me/formula/aux/1045_26_KONEChNOSTI">f</formula>
    <formula uri="http://libmeta.ru/me/formula/aux/1045_27_KONEChNOSTI">x</formula>
    <formula uri="http://libmeta.ru/me/formula/aux/1045_28_KONEChNOSTI">r^{k} \pi_{*} \mathcal{F}</formula>
    <formula uri="http://libmeta.ru/me/formula/aux/1045_29_KONEChNOSTI">k \geqslant 0</formula>
    <formula uri="http://libmeta.ru/me/formula/aux/1045_30_KONEChNOSTI">p</formula>
    <formula uri="http://libmeta.ru/me/formula/aux/1045_31_KONEChNOSTI">\pi: X \rightarrow Y</formula>
    <formula uri="http://libmeta.ru/me/formula/aux/1045_32_KONEChNOSTI">z</formula>
    <formula uri="http://libmeta.ru/me/formula/aux/1045_33_KONEChNOSTI">x</formula>
    <formula uri="http://libmeta.ru/me/formula/aux/1045_34_KONEChNOSTI">\pi(z)</formula>
    <formula uri="http://libmeta.ru/me/formula/aux/1045_35_KONEChNOSTI">y</formula>
  </formulas_aux>
  <relations n="15">
    <relation uri="http://libmeta.ru/me/relation/1045_1_KONEChNOSTI">
      <rel_text>пространств</rel_text>
      <target>http://libmeta.ru/me/article/748_PROSTRANSTV</target>
    </relation>
    <relation uri="http://libmeta.ru/me/relation/1045_2_KONEChNOSTI">
      <rel_text>переносится</rel_text>
      <target>http://libmeta.ru/me/article/222_PEREGÓROD</target>
    </relation>
    <relation uri="http://libmeta.ru/me/relation/1045_3_KONEChNOSTI">
      <rel_text>теорема</rel_text>
      <target>http://libmeta.ru/me/article/381_TEORI</target>
    </relation>
    <relation uri="http://libmeta.ru/me/relation/1045_4_KONEChNOSTI">
      <rel_text>множество</rel_text>
      <target>http://libmeta.ru/me/article/733_MNOZhESTV</target>
    </relation>
    <relation uri="http://libmeta.ru/me/relation/1045_5_KONEChNOSTI">
      <rel_text>множество</rel_text>
      <target>http://libmeta.ru/me/article/733_MNOZhESTV</target>
    </relation>
    <relation uri="http://libmeta.ru/me/relation/1045_6_KONEChNOSTI">
      <rel_text>пространств</rel_text>
      <target>http://libmeta.ru/me/article/748_PROSTRANSTV</target>
    </relation>
    <relation uri="http://libmeta.ru/me/relation/1045_7_KONEChNOSTI">
      <rel_text>комплексных</rel_text>
      <target>http://libmeta.ru/me/article/1005_KOMPAKTNOST</target>
    </relation>
    <relation uri="http://libmeta.ru/me/relation/1045_8_KONEChNOSTI">
      <rel_text>отображение</rel_text>
      <target>http://libmeta.ru/me/article/128_OTOBRAZhENI</target>
    </relation>
    <relation uri="http://libmeta.ru/me/relation/1045_9_KONEChNOSTI">
      <rel_text>теоремы</rel_text>
      <target>http://libmeta.ru/me/article/381_TEORI</target>
    </relation>
    <relation uri="http://libmeta.ru/me/relation/1045_10_KONEChNOSTI">
      <rel_text>пространств</rel_text>
      <target>http://libmeta.ru/me/article/748_PROSTRANSTV</target>
    </relation>
    <relation uri="http://libmeta.ru/me/relation/1045_11_KONEChNOSTI">
      <rel_text>комплексных</rel_text>
      <target>http://libmeta.ru/me/article/1005_KOMPAKTNOST</target>
    </relation>
    <relation uri="http://libmeta.ru/me/relation/1045_12_KONEChNOSTI">
      <rel_text>мероморфных функций</rel_text>
      <target>http://libmeta.ru/me/article/640_MEROMORFNAJa</target>
    </relation>
    <relation uri="http://libmeta.ru/me/relation/1045_13_KONEChNOSTI">
      <rel_text>степени</rel_text>
      <target>http://libmeta.ru/me/article/213_STEPEN</target>
    </relation>
    <relation uri="http://libmeta.ru/me/relation/1045_14_KONEChNOSTI">
      <rel_text>теоремы</rel_text>
      <target>http://libmeta.ru/me/article/381_TEORI</target>
    </relation>
    <relation uri="http://libmeta.ru/me/relation/1045_15_KONEChNOSTI">
      <rel_text>связаны</rel_text>
      <target>http://libmeta.ru/me/article/1222_SVJaZK</target>
    </relation>
  </relations>
  <text>1) К. т. в а л г е бр а и ч е с к о й г е о ме т р и и - утверждения о различных объектах алгебраич. геометрии (пространствах когомологий, алгебраич. многообразиях, схемах, расслоениях и т. п.), состоящие в том, что эти объекты зависят от конечного числа шараметров или же образуют конечное множество.

Первый круг теорем конечности относітся к пространствам когомологій когерентных алгебраич. пучков. Фундаментальная теорема состоит в том, что эти пространства конечномерны над основным полем $URI[[http://libmeta.ru/me/formula/aux/1045_1_KONEChNOSTI]]/URI$, если многообразие собственно (для $URI[[http://libmeta.ru/me/formula/aux/1045_2_KONEChNOSTI]]/URI$ это свойство равносильно компактности) (см. [2]). В рамках теории схем были получены весьма пирокие обобщения этой теоремы. Одно из них обобщает данную теорему на случай собственных морфизмов схем Ii утверждает, что прямой образ когерентного пучка относительно такого отображения когерентен (см. [3], [4]). Другое обобщение относится к Iзучению когомологий несобственных многообразий. Оказывается, что если рассматриваемое многообразие $URI[[http://libmeta.ru/me/formula/aux/1045_3_KONEChNOSTI]]/URI$ получается выбрасыванием нек-рого подмногообразия $URI[[http://libmeta.ru/me/formula/aux/1045_4_KONEChNOSTI]]/URI$ из собственного многообразия, то можно оценить те размерности, в к-рых группы когомологий конечномерны. Эти оценки зависят от коразмерности многообразия $URI[[http://libmeta.ru/me/formula/aux/1045_5_KONEChNOSTI]]/URI$ и свойств его особых точек (см. [5], [6]). Известны также соответствующие K. т. для этальных когомологий.

Другой круг К. т. относится к подсхемам и, более общо, когерентным пучкам на фиксированной собственной схеме. Эти объекты могут быть параметризованы в весьма пирокой ситуации Гильберта схемами (или для обратимых пучков - Пикара схемами). Наиболее общая из таких К. т. утверждает, что эти схемы квазипроективны, если ограничиться подсхемами или пучками с одним и тем же Гильберта многочленом [4]. Ее частным случаем является тот факт, и что алгебраич. подмногообразия данной степени в проективном пространстве зависят от конечного числа параметров, а также теорема о конечности базиса Нерона-Севери apynnbl.

Эти теоремы находят применение в целом ряде проблем конечности, возникающих в диофантовой геометрии. Среди таких проблем: вопрос о конечности множества рациональных точек алгебраич. многообразия, определенного над глобальным полем (многомерный аналог гипотезы Морделла), гипотеза Шаф̆аревича о конечности числа алгебраич. кривых, определенных над данным глобальным полем и с фиксированными вырождениями, вопрос о конечной порожденности группы рациональных точек алгебраич. группы.

Jum.: [1] S e r r e J.-P., &quot;j. math. pures et appl.», 1957, t. 36, № 5, p. 1-16; [2] Расслоение пространства и их прило-
жения, M., 1958 , c. 372-450; [3] G r ot h e n d i e c k A.,

![](https://cdn.mathpix.com/cropped/2023_07_08_2f2f756626b8f6be9e89g-1.jpg?height=42&amp;width=834&amp;top_left_y=1974&amp;top_left_x=975)
Math. Ihes, $URI[[http://libmeta.ru/me/formula/aux/1045_6_KONEChNOSTI]]/URI$; [4] e $URI[[http://libmeta.ru/me/formula/aux/1045_7_KONEChNOSTI]]/URI$ \% e, Fondements de géométrie algébrique, P., 1962; [5] H a r t s h o r n e R., Ample Subvarieties of Algebraic Varieties, B. -Hdlb. - N. Y. 1970; [6] O g u s A., &quot;ann. Math.&quot;, 1973, v. 98, №2 2, p. 327-65; [7] Iii a Ф a p eв и ч И. Р., в кh.: Proceedings of the International Congress

![](https://cdn.mathpix.com/cropped/2023_07_08_2f2f756626b8f6be9e89g-1.jpg?height=39&amp;width=834&amp;top_left_y=2129&amp;top_left_x=975)
л о в С. Ю., &quot;изв. Ан Ссср. Сер. матем.&quot;, 1971, т. 35, № 6,
с. 1269-93.
A. П. Паршин.

2) К. т. в теории ана литических прос т р а н с т в - критерии конечномерности групп когомологий со значениями в когерентных аналитических пучкаx. Первой общей теоремой такого рода явилась те о рема кон е ч нос т Ii р a [1]: есліi $URI[[http://libmeta.ru/me/formula/aux/1045_8_KONEChNOSTI]]/URI$ - компактное комплексное пространство I $URI[[http://libmeta.ru/me/formula/aux/1045_9_KONEChNOSTI]]/URI$ когерентный аналитич. пучок на $URI[[http://libmeta.ru/me/formula/aux/1045_10_KONEChNOSTI]]/URI$, то пространства когомологий $URI[[http://libmeta.ru/me/formula/aux/1045_11_KONEChNOSTI]]/URI$ конечномерны и отделимы для всех $URI[[http://libmeta.ru/me/formula/aux/1045_12_KONEChNOSTI]]/URI$. Обобщение этой теоремы на случай выпукло-вогнутых пространств [2], [3] утверждает: есліг $URI[[http://libmeta.ru/me/formula/aux/1045_13_KONEChNOSTI]]/URI$ - сгльно ( $URI[[http://libmeta.ru/me/formula/aux/1045_14_KONEChNOSTI]]/URI$-выпукло-вогнутое пространство (см. Псевдовыпуклость и псевдовогнутость) и हf - когерентный аналітігч. пучок на $URI[[http://libmeta.ru/me/formula/aux/1045_15_KONEChNOSTI]]/URI$, то $URI[[http://libmeta.ru/me/formula/aux/1045_16_KONEChNOSTI]]/URI$ конечномерны прі $URI[[http://libmeta.ru/me/formula/aux/1045_17_KONEChNOSTI]]/URI$ и отделимы при $URI[[http://libmeta.ru/me/formula/aux/1045_18_KONEChNOSTI]]/URI$, a $URI[[http://libmeta.ru/me/formula/aux/1045_19_KONEChNOSTI]]/URI$ конечномерны при $URI[[http://libmeta.ru/me/formula/aux/1045_20_KONEChNOSTI]]/URI$ $URI[[http://libmeta.ru/me/formula/aux/1045_21_KONEChNOSTI]]/URI$ prof $URI[[http://libmeta.ru/me/formula/aux/1045_22_KONEChNOSTI]]/URI$ п отделимы прі $URI[[http://libmeta.ru/me/formula/aux/1045_23_KONEChNOSTI]]/URI$.

K K. т. относят также обобџения указанных выше теорем на относітельный случаї, т. е. крітеріпі когерентності прямых образов когерентных аналігтич. пучков прıг аналитіч. отображеніях. Обобщением теоремы Кіартана - Серра является следующая т е о р е м а $URI[[http://libmeta.ru/me/formula/aux/1045_24_KONEChNOSTI]]/URI$ р а у ә р т а [4], [5]: если $URI[[http://libmeta.ru/me/formula/aux/1045_25_KONEChNOSTI]]/URI$ собственное аналитич. отображенıе комплексных пространств и $URI[[http://libmeta.ru/me/formula/aux/1045_26_KONEChNOSTI]]/URI$ - когерентный аналітігч. пучок на $URI[[http://libmeta.ru/me/formula/aux/1045_27_KONEChNOSTI]]/URI$, то прямые образы $URI[[http://libmeta.ru/me/formula/aux/1045_28_KONEChNOSTI]]/URI$ когерентны пріг всех $URI[[http://libmeta.ru/me/formula/aux/1045_29_KONEChNOSTI]]/URI$. Это свойство оказывается Ii достаточным для собственностіг отображения л. Аналогічные К. т. доказаны для сільно $URI[[http://libmeta.ru/me/formula/aux/1045_30_KONEChNOSTI]]/URI$ выпуклых й сільно q-вогнутых отображений (см. [6]). Аналог теоремы Грауэрта доказан также для жестких аналитических пространств над полем с неархимедовым нормированием [7].

C K. т. тесно URI[[http://libmeta.ru/me/relation/1045_15_KONEChNOSTI]]/URI URI[[http://libmeta.ru/me/relation/1045_14_KONEChNOSTI]]/URI об оценке URI[[http://libmeta.ru/me/relation/1045_13_KONEChNOSTI]]/URI трансцендентностіг поля URI[[http://libmeta.ru/me/relation/1045_12_KONEChNOSTI]]/URI на разлічных классах URI[[http://libmeta.ru/me/relation/1045_11_KONEChNOSTI]]/URI URI[[http://libmeta.ru/me/relation/1045_10_KONEChNOSTI]]/URI (см. Зигеля пеорема). Простым следствіем URI[[http://libmeta.ru/me/relation/1045_9_KONEChNOSTI]]/URI Грауэрта является следуюлцая т е о р м а Р е м м е р т а [4]: есліг $URI[[http://libmeta.ru/me/formula/aux/1045_31_KONEChNOSTI]]/URI$ - собственное аналітич. URI[[http://libmeta.ru/me/relation/1045_8_KONEChNOSTI]]/URI URI[[http://libmeta.ru/me/relation/1045_7_KONEChNOSTI]]/URI URI[[http://libmeta.ru/me/relation/1045_6_KONEChNOSTI]]/URI іi $URI[[http://libmeta.ru/me/formula/aux/1045_32_KONEChNOSTI]]/URI$ - аналитічч. URI[[http://libmeta.ru/me/relation/1045_5_KONEChNOSTI]]/URI в $URI[[http://libmeta.ru/me/formula/aux/1045_33_KONEChNOSTI]]/URI$, то URI[[http://libmeta.ru/me/relation/1045_4_KONEChNOSTI]]/URI $URI[[http://libmeta.ru/me/formula/aux/1045_34_KONEChNOSTI]]/URI$ аналітично в $URI[[http://libmeta.ru/me/formula/aux/1045_35_KONEChNOSTI]]/URI$. Эта URI[[http://libmeta.ru/me/relation/1045_3_KONEChNOSTI]]/URI URI[[http://libmeta.ru/me/relation/1045_2_KONEChNOSTI]]/URI I на случай жестких URI[[http://libmeta.ru/me/relation/1045_1_KONEChNOSTI]]/URI [7].</text>
  <text_orig>1) К. т. в а л г е бр а и ч е с к о й г е о ме т р и и - утверждения о различных объектах алгебраич. геометрии (пространствах когомологий, алгебраич. многообразиях, схемах, расслоениях и т. п.), состоящие в том, что эти объекты зависят от конечного числа шараметров или же образуют конечное множество.

Первый круг теорем конечности относітся к пространствам когомологій когерентных алгебраич. пучков. Фундаментальная теорема состоит в том, что эти пространства конечномерны над основным полем $k$, если многообразие собственно (для $k=\mathbb{C}$ это свойство равносильно компактности) (см. [2]). В рамках теории схем были получены весьма пирокие обобщения этой теоремы. Одно из них обобщает данную теорему на случай собственных морфизмов схем II утверждает, что прямой образ когерентного пучка относительно такого отображения когерентен (см. [3], [4]). Другое обобщение относится к Iзучению когомологий несобственных многообразий. Оказывается, что если рассматриваемое многообразие $X$ получается выбрасыванием нек-рого подмногообразия $Y$ из собственного многообразия, то можно оценить те размерности, в к-рых группы когомологий конечномерны. Эти оценки зависят от коразмерности многообразия $Y$ и свойств его особых точек (см. [5], [6]). Известны также соответствующие K. т. для этальных когомологий.

Другой круг К. т. относится к подсхемам и, более общо, когерентным пучкам на фиксированной собственной схеме. Эти объекты могут быть параметризованы в весьма пирокой ситуации Гильберта схемами (или для обратимых пучков - Пикара схемами). Наиболее общая из таких К. т. утверждает, что эти схемы квазипроективны, если ограничиться подсхемами или пучками с одним и тем же Гильберта многочленом [4]. Ее частным случаем является тот факт, и что алгебраич. подмногообразия данной степени в проективном пространстве зависят от конечного числа параметров, а также теорема о конечности базиса Нерона-Севери apynnbl.

Эти теоремы находят применение в целом ряде проблем конечности, возникающих в диофантовой геометрии. Среди таких проблем: вопрос о конечности множества рациональных точек алгебраич. многообразия, определенного над глобальным полем (многомерный аналог гипотезы Морделла), гипотеза Шаф̆аревича о конечности числа алгебраич. кривых, определенных над данным глобальным полем и с фиксированными вырождениями, вопрос о конечной порожденности группы рациональных точек алгебраич. группы.

Jum.: [1] S e r r e J.-P., &quot;J. math. pures et appl.», 1957, t. 36, № 5, p. 1-16; [2] Расслоение пространства и их прило-
жения, M., 1958 , c. 372-450; [3] G r ot h e n d i e c k A.,

![](https://cdn.mathpix.com/cropped/2023_07_08_2f2f756626b8f6be9e89g-1.jpg?height=42&amp;width=834&amp;top_left_y=1974&amp;top_left_x=975)
Math. IHES, $\left.\mathrm{N}_{2} 17\right)$; [4] e $\mathrm{r}_{0}$ \% e, Fondements de géométrie algébrique, P., 1962; [5] H a r t s h o r n e R., Ample Subvarieties of Algebraic Varieties, B. -Hdlb. - N. Y. 1970; [6] O g u s A., &quot;Ann. Math.&quot;, 1973, v. 98, №2 2, p. 327-65; [7] III a Ф a p eВ и ч И. Р., в кH.: Proceedings of the International Congress

![](https://cdn.mathpix.com/cropped/2023_07_08_2f2f756626b8f6be9e89g-1.jpg?height=39&amp;width=834&amp;top_left_y=2129&amp;top_left_x=975)
л о в С. Ю., &quot;Изв. АН СССР. Сер. матем.&quot;, 1971, т. 35, № 6,
с. 1269-93.
A. П. Паршин.

2) К. т. в теории ана литических прос т р а н с т в - критерии конечномерности групп когомологий со значениями в когерентных аналитических пучкаx. Первой общей теоремой такого рода явилась те о рема кон е ч нос т II р a [1]: есліI $X$ - компактное комплексное пространство I $\mathscr{T}-$ когерентный аналитич. пучок на $X$, то пространства когомологий $H^{k}(X, \mathscr{F})$ конечномерны и отделимы для всех $k \geqslant 0$. Обобщение этой теоремы на случай выпукло-вогнутых пространств [2], [3] утверждает: есліг $X$ - сгльно ( $p, q)$-выпукло-вогнутое пространство (см. Псевдовыпуклость и псевдовогнутость) и हf - когерентный аналітігч. пучок на $X$, то $H^{k}(X, \mathcal{F})$ конечномерны прі $p \leqslant k \leqslant \operatorname{prof} \mathscr{T}-q-1$ и отделимы при $p \leqslant k \leqslant \operatorname{prof} \mathscr{F}-q$, a $H_{c}^{k}(X, \mathscr{F})$ конечномерны при $q+1 \leqslant$ $\leqslant k \leqslant$ prof $\mathcal{F}-p$ п отделимы прі $q+1 \leqslant k \leqslant \operatorname{prof} \mathscr{F}-p+1$.

K K. т. относят также обобџения указанных выше теорем на относітельный случаї, т. е. крітеріпі когерентності прямых образов когерентных аналігтич. пучков прıг аналитіч. отображеніях. Обобщением теоремы Кіартана - Серра является следующая т е о р е м а $\Gamma$ р а у ә р т а [4], [5]: если $\pi: X \rightarrow Y-$ собственное аналитич. отображенıе комплексных пространств и $F$ - когерентный аналітігч. пучок на $X$, то прямые образы $R^{k} \pi_{*} \mathcal{F}$ когерентны пріг всех $k \geqslant 0$. Это свойство оказывается II достаточным для собственностіг отображения л. Аналогічные К. т. доказаны для сільно $p$ выпуклых й сільно q-вогнутых отображений (см. [6]). Аналог теоремы Грауэрта доказан также для жестких аналитических пространств над полем с неархимедовым нормированием [7].

C K. т. тесно связаны теоремы об оценке степени трансцендентностіг поля мероморфных функций на разлічных классах комплексных пространств (см. Зигеля пеорема). Простым следствіем теоремы Грауэрта является следуюлцая т е о р м а Р е м м е р т а [4]: есліг $\pi: X \rightarrow Y$ - собственное аналітич. отображение комплексных пространств іI $Z$ - аналитічч. множество в $X$, то множество $\pi(Z)$ аналітично в $Y$. Эта теорема переносится I на случай жестких пространств [7].

Лum.: [1] C a r t a n H., S e r r e J.-P., &quot;C. r. Acad. sci.&quot;,

![](https://cdn.mathpix.com/cropped/2023_07_08_43a9da4d46c1d7c8440bg-1.jpg?height=32&amp;width=821&amp;top_left_y=1274&amp;top_left_x=125)
в кн.: Комплексные пространства, М., 1965, с. 105-89, пер. c франц.; [3] R a m i s J. P., &quot;Ann. Scuola norm. super.' Pisa. Sci. fis. e mat.&quot;, 1973 , ser. 3 , t. &quot;27, N 4, p. 933-97: [4] $\Gamma$ p a yр р т Г., в кн.: Комплексные пространства, М., 1965 , с. $205 \frac{1}{2}$

![](https://cdn.mathpix.com/cropped/2023_07_08_43a9da4d46c1d7c8440bg-1.jpg?height=42&amp;width=831&amp;top_left_y=1378&amp;top_left_x=120)
algebrice in teoria globală a spaţilor complexe, Buc., 1974; [6i] Итоги науки. Алгебра. Топология. Геометрия, т. 15 , M., $197 \overline{1}$, c. 93-171; [7] K i e h l R., &quot;Invent. math.&quot;, 1967 , Bd 2 ,</text_orig>
</article>
