<?xml version="1.0" ?>
<article uri="http://libmeta.ru/me/article/1045_PROIZVODNA" alphabetic_pos="1045">
  <title>ПРОИЗВОДНАЯ</title>
  <authors>
    <author>Л. Д. Кудрлвчев</author>
  </authors>
  <pages>
    <start>527</start>
    <end>527</end>
  </pages>
  <literature>
    <literature_orig/>
  </literature>
  <formulas_main/>
  <formulas_aux/>
  <relations n="4">
    <relation uri="http://libmeta.ru/me/relation/1045_1_PROIZVODNA">
      <rel_text>многообразию</rel_text>
      <target>http://libmeta.ru/me/article/438_MNOGOOBRAZI</target>
    </relation>
    <relation uri="http://libmeta.ru/me/relation/1045_2_PROIZVODNA">
      <rel_text>нормали</rel_text>
      <target>http://libmeta.ru/me/article/1037_NORMAL</target>
    </relation>
    <relation uri="http://libmeta.ru/me/relation/1045_3_PROIZVODNA">
      <rel_text>Функции</rel_text>
      <target>http://libmeta.ru/me/article/790_FUNKTO</target>
    </relation>
    <relation uri="http://libmeta.ru/me/relation/1045_4_PROIZVODNA">
      <rel_text>производная</rel_text>
      <target>http://libmeta.ru/me/article/1045_PROIZVODNA</target>
    </relation>
  </relations>
  <text>URI[[http://libmeta.ru/me/relation/1045_4_PROIZVODNA]]/URI URI[[http://libmeta.ru/me/relation/1045_3_PROIZVODNA]]/URI в направлении URI[[http://libmeta.ru/me/relation/1045_2_PROIZVODNA]]/URI к заданному URI[[http://libmeta.ru/me/relation/1045_1_PROIZVODNA]]/URI.</text>
  <text_orig>производная Функции в направлении нормали к заданному многообразию. Л. Д. Кудрлвчев.</text_orig>
</article>
