<?xml version="1.0" ?>
<article uri="http://libmeta.ru/me/article/1045_GILBBERTOVA" alphabetic_pos="1045">
  <title>ГИЛББЕРТОВА АЛГЕБРА</title>
  <authors>
    <author>A. Н. Шiерн</author>
  </authors>
  <pages>
    <start>490</start>
    <end>490</end>
  </pages>
  <literature>
    <literature_orig>Jum.: [1] D i x m i e r J., Les algèbres d'opérateurs dans l'espace hilbertien, 2 ed., P., 1969 ; [2] T a k e s a k i M., Tomita's theory of modular Hilbert algebras and its applications, B.,1970 .</literature_orig>
    <unit>
      <author>Dixmier J.</author>
      <title>Les algèbres d'opérateurs dans l'espace hilbertien, 2 ed., P.</title>
      <publication/>
      <year>1969</year>
      <other/>
    </unit>
    <unit>
      <author>Takesaki M.</author>
      <title>Tomita's theory of modular Hilbert algebras and its applications, B.</title>
      <publication/>
      <year>1970</year>
      <other/>
    </unit>
  </literature>
  <formulas_main/>
  <formulas_aux>
    <formula uri="http://libmeta.ru/me/formula/aux/1045_1_GILBBERTOVA">a</formula>
    <formula uri="http://libmeta.ru/me/formula/aux/1045_2_GILBBERTOVA">(x \mid y)=\left(y^{*} \mid x^{*}\right)</formula>
    <formula uri="http://libmeta.ru/me/formula/aux/1045_3_GILBBERTOVA">x, y \in A ; 2)(x y \mid z)=\left(y \mid x^{*} z\right)</formula>
    <formula uri="http://libmeta.ru/me/formula/aux/1045_4_GILBBERTOVA">x, y, z \in A</formula>
    <formula uri="http://libmeta.ru/me/formula/aux/1045_5_GILBBERTOVA">x \in A</formula>
    <formula uri="http://libmeta.ru/me/formula/aux/1045_6_GILBBERTOVA">y \rightarrow x y</formula>
    <formula uri="http://libmeta.ru/me/formula/aux/1045_7_GILBBERTOVA">a</formula>
    <formula uri="http://libmeta.ru/me/formula/aux/1045_8_GILBBERTOVA">a</formula>
    <formula uri="http://libmeta.ru/me/formula/aux/1045_9_GILBBERTOVA">x y</formula>
    <formula uri="http://libmeta.ru/me/formula/aux/1045_10_GILBBERTOVA">x, y \in A</formula>
    <formula uri="http://libmeta.ru/me/formula/aux/1045_11_GILBBERTOVA">a</formula>
    <formula uri="http://libmeta.ru/me/formula/aux/1045_12_GILBBERTOVA">l^{2}(g)</formula>
    <formula uri="http://libmeta.ru/me/formula/aux/1045_13_GILBBERTOVA">g</formula>
    <formula uri="http://libmeta.ru/me/formula/aux/1045_14_GILBBERTOVA">a-\Gamma</formula>
    <formula uri="http://libmeta.ru/me/formula/aux/1045_15_GILBBERTOVA">h</formula>
    <formula uri="http://libmeta.ru/me/formula/aux/1045_16_GILBBERTOVA">a, U_{x}</formula>
    <formula uri="http://libmeta.ru/me/formula/aux/1045_17_GILBBERTOVA">v_{x}</formula>
    <formula uri="http://libmeta.ru/me/formula/aux/1045_18_GILBBERTOVA">h</formula>
    <formula uri="http://libmeta.ru/me/formula/aux/1045_19_GILBBERTOVA">x</formula>
    <formula uri="http://libmeta.ru/me/formula/aux/1045_20_GILBBERTOVA">a</formula>
    <formula uri="http://libmeta.ru/me/formula/aux/1045_21_GILBBERTOVA">x \rightarrow U_{x}</formula>
    <formula uri="http://libmeta.ru/me/formula/aux/1045_22_GILBBERTOVA">x \rightarrow V_{x}</formula>
    <formula uri="http://libmeta.ru/me/formula/aux/1045_23_GILBBERTOVA">a</formula>
    <formula uri="http://libmeta.ru/me/formula/aux/1045_24_GILBBERTOVA">a</formula>
    <formula uri="http://libmeta.ru/me/formula/aux/1045_25_GILBBERTOVA">h</formula>
    <formula uri="http://libmeta.ru/me/formula/aux/1045_26_GILBBERTOVA">u_{x}</formula>
    <formula uri="http://libmeta.ru/me/formula/aux/1045_27_GILBBERTOVA">v</formula>
    <formula uri="http://libmeta.ru/me/formula/aux/1045_28_GILBBERTOVA">\mathrm{h}</formula>
    <formula uri="http://libmeta.ru/me/formula/aux/1045_29_GILBBERTOVA">h</formula>
    <formula uri="http://libmeta.ru/me/formula/aux/1045_30_GILBBERTOVA">a</formula>
    <formula uri="http://libmeta.ru/me/formula/aux/1045_31_GILBBERTOVA">u(a)</formula>
    <formula uri="http://libmeta.ru/me/formula/aux/1045_32_GILBBERTOVA">v(a)) ; \quad U(A)</formula>
    <formula uri="http://libmeta.ru/me/formula/aux/1045_33_GILBBERTOVA">v(a)</formula>
    <formula uri="http://libmeta.ru/me/formula/aux/1045_34_GILBBERTOVA">u(a) ;</formula>
    <formula uri="http://libmeta.ru/me/formula/aux/1045_35_GILBBERTOVA">\mathfrak{a}</formula>
    <formula uri="http://libmeta.ru/me/formula/aux/1045_36_GILBBERTOVA">\mathfrak{y}</formula>
    <formula uri="http://libmeta.ru/me/formula/aux/1045_37_GILBBERTOVA">\gamma</formula>
    <formula uri="http://libmeta.ru/me/formula/aux/1045_38_GILBBERTOVA">\gamma</formula>
  </formulas_aux>
  <relations n="15">
    <relation uri="http://libmeta.ru/me/relation/1045_1_GILBBERTOVA">
      <rel_text>алгебры</rel_text>
      <target>http://libmeta.ru/me/article/93_ALGEBR</target>
    </relation>
    <relation uri="http://libmeta.ru/me/relation/1045_2_GILBBERTOVA">
      <rel_text>полуконечные</rel_text>
      <target>http://libmeta.ru/me/article/476_POLUPLOSKOST</target>
    </relation>
    <relation uri="http://libmeta.ru/me/relation/1045_3_GILBBERTOVA">
      <rel_text>алгебр</rel_text>
      <target>http://libmeta.ru/me/article/92_ALGAM</target>
    </relation>
    <relation uri="http://libmeta.ru/me/relation/1045_4_GILBBERTOVA">
      <rel_text>полуконечных</rel_text>
      <target>http://libmeta.ru/me/article/476_POLUPLOSKOST</target>
    </relation>
    <relation uri="http://libmeta.ru/me/relation/1045_5_GILBBERTOVA">
      <rel_text>алгебра</rel_text>
      <target>http://libmeta.ru/me/article/93_ALGEBR</target>
    </relation>
    <relation uri="http://libmeta.ru/me/relation/1045_6_GILBBERTOVA">
      <rel_text>след</rel_text>
      <target>http://libmeta.ru/me/article/1398_SLE</target>
    </relation>
    <relation uri="http://libmeta.ru/me/relation/1045_7_GILBBERTOVA">
      <rel_text>полуконечный</rel_text>
      <target>http://libmeta.ru/me/article/476_POLUPLOSKOST</target>
    </relation>
    <relation uri="http://libmeta.ru/me/relation/1045_8_GILBBERTOVA">
      <rel_text>алгебра</rel_text>
      <target>http://libmeta.ru/me/article/93_ALGEBR</target>
    </relation>
    <relation uri="http://libmeta.ru/me/relation/1045_9_GILBBERTOVA">
      <rel_text>алгебре</rel_text>
      <target>http://libmeta.ru/me/article/93_ALGEBR</target>
    </relation>
    <relation uri="http://libmeta.ru/me/relation/1045_10_GILBBERTOVA">
      <rel_text>след</rel_text>
      <target>http://libmeta.ru/me/article/1398_SLE</target>
    </relation>
    <relation uri="http://libmeta.ru/me/relation/1045_11_GILBBERTOVA">
      <rel_text>полуконечный</rel_text>
      <target>http://libmeta.ru/me/article/476_POLUPLOSKOST</target>
    </relation>
    <relation uri="http://libmeta.ru/me/relation/1045_12_GILBBERTOVA">
      <rel_text>алгебры</rel_text>
      <target>http://libmeta.ru/me/article/93_ALGEBR</target>
    </relation>
    <relation uri="http://libmeta.ru/me/relation/1045_13_GILBBERTOVA">
      <rel_text>полуконечные</rel_text>
      <target>http://libmeta.ru/me/article/476_POLUPLOSKOST</target>
    </relation>
    <relation uri="http://libmeta.ru/me/relation/1045_14_GILBBERTOVA">
      <rel_text>алгеброй</rel_text>
      <target>http://libmeta.ru/me/article/93_ALGEBR</target>
    </relation>
    <relation uri="http://libmeta.ru/me/relation/1045_15_GILBBERTOVA">
      <rel_text>гильбертовом пространстве</rel_text>
      <target>http://libmeta.ru/me/article/88_OSNASchENNOE</target>
    </relation>
  </relations>
  <text>алгебра $URI[[http://libmeta.ru/me/formula/aux/1045_1_GILBBERTOVA]]/URI$ с инволюцией над полем комплексных чисел, снабженная невырожденным скалярным произведением (|), причем выполняются следующие аксиомы: 1) $URI[[http://libmeta.ru/me/formula/aux/1045_2_GILBBERTOVA]]/URI$ для всех $URI[[http://libmeta.ru/me/formula/aux/1045_3_GILBBERTOVA]]/URI$ для всех $URI[[http://libmeta.ru/me/formula/aux/1045_4_GILBBERTOVA]]/URI$; 3) для всех $URI[[http://libmeta.ru/me/formula/aux/1045_5_GILBBERTOVA]]/URI$ отображение $URI[[http://libmeta.ru/me/formula/aux/1045_6_GILBBERTOVA]]/URI$ пространства $URI[[http://libmeta.ru/me/formula/aux/1045_7_GILBBERTOVA]]/URI$ в $URI[[http://libmeta.ru/me/formula/aux/1045_8_GILBBERTOVA]]/URI$ непрерывно; 4) множество элементов вида $URI[[http://libmeta.ru/me/formula/aux/1045_9_GILBBERTOVA]]/URI$, $URI[[http://libmeta.ru/me/formula/aux/1045_10_GILBBERTOVA]]/URI$, всюду плотно в $URI[[http://libmeta.ru/me/formula/aux/1045_11_GILBBERTOVA]]/URI$. Примерами гильбертовых алгебр являются алгебры $URI[[http://libmeta.ru/me/formula/aux/1045_12_GILBBERTOVA]]/URI$ (относительно свертки), где $URI[[http://libmeta.ru/me/formula/aux/1045_13_GILBBERTOVA]]/URI$ - компактная топологич. группа,и алгебра операторов Гильберта - Iмидта в данном гильбертовом пространстве.

Пусть $URI[[http://libmeta.ru/me/formula/aux/1045_14_GILBBERTOVA]]/URI$. а., $URI[[http://libmeta.ru/me/formula/aux/1045_15_GILBBERTOVA]]/URI$ - гильбертово пространство- пополнение $URI[[http://libmeta.ru/me/formula/aux/1045_16_GILBBERTOVA]]/URI$ и $URI[[http://libmeta.ru/me/formula/aux/1045_17_GILBBERTOVA]]/URI$ - элементы алгебры ограниченных линейных операторов в $URI[[http://libmeta.ru/me/formula/aux/1045_18_GILBBERTOVA]]/URI$, являющиеся продолжениями по непрерывности умножений слева и справа на $URI[[http://libmeta.ru/me/formula/aux/1045_19_GILBBERTOVA]]/URI$ в $URI[[http://libmeta.ru/me/formula/aux/1045_20_GILBBERTOVA]]/URI$. Отображение $URI[[http://libmeta.ru/me/formula/aux/1045_21_GILBBERTOVA]]/URI$ (соответственно $URI[[http://libmeta.ru/me/formula/aux/1045_22_GILBBERTOVA]]/URI$ ) есть невырожденное представление алгебры $URI[[http://libmeta.ru/me/formula/aux/1045_23_GILBBERTOVA]]/URI$ (соответственно алгебры с инволюцией, противоюоложной $URI[[http://libmeta.ru/me/formula/aux/1045_24_GILBBERTOVA]]/URI$ ) в URI[[http://libmeta.ru/me/relation/1045_15_GILBBERTOVA]]/URI $URI[[http://libmeta.ru/me/formula/aux/1045_25_GILBBERTOVA]]/URI$. Слабое замыкание семейства операторов $URI[[http://libmeta.ru/me/formula/aux/1045_26_GILBBERTOVA]]/URI$ (соответственно $URI[[http://libmeta.ru/me/formula/aux/1045_27_GILBBERTOVA]]/URI$ ) является а л г е б р о й $URI[[http://libmeta.ru/me/formula/aux/1045_28_GILBBERTOVA]]/URI$ е й м а н а в $URI[[http://libmeta.ru/me/formula/aux/1045_29_GILBBERTOVA]]/URI$; она наз. левой (соответственно правой) URI[[http://libmeta.ru/me/relation/1045_14_GILBBERTOVA]]/URI Неймана данной Г. а. $URI[[http://libmeta.ru/me/formula/aux/1045_30_GILBBERTOVA]]/URI$ и обозначается $URI[[http://libmeta.ru/me/formula/aux/1045_31_GILBBERTOVA]]/URI$ (соответственно $URI[[http://libmeta.ru/me/formula/aux/1045_32_GILBBERTOVA]]/URI$ и $URI[[http://libmeta.ru/me/formula/aux/1045_33_GILBBERTOVA]]/URI$ являются коммутантами друг друга; это - URI[[http://libmeta.ru/me/relation/1045_13_GILBBERTOVA]]/URI URI[[http://libmeta.ru/me/relation/1045_12_GILBBERTOVA]]/URI Неймана. Любая Г. а. однозначно определяет нек-рый точный нормальный URI[[http://libmeta.ru/me/relation/1045_11_GILBBERTOVA]]/URI URI[[http://libmeta.ru/me/relation/1045_10_GILBBERTOVA]]/URI на URI[[http://libmeta.ru/me/relation/1045_9_GILBBERTOVA]]/URI Неймана $URI[[http://libmeta.ru/me/formula/aux/1045_34_GILBBERTOVA]]/URI$ обратно, если дана URI[[http://libmeta.ru/me/relation/1045_8_GILBBERTOVA]]/URI Неймана $URI[[http://libmeta.ru/me/formula/aux/1045_35_GILBBERTOVA]]/URI$ и точный нормальный URI[[http://libmeta.ru/me/relation/1045_7_GILBBERTOVA]]/URI URI[[http://libmeta.ru/me/relation/1045_6_GILBBERTOVA]]/URI на $URI[[http://libmeta.ru/me/formula/aux/1045_36_GILBBERTOVA]]/URI$, то можно построить $URI[[http://libmeta.ru/me/formula/aux/1045_37_GILBBERTOVA]]/URI$. а. такую, что левая URI[[http://libmeta.ru/me/relation/1045_5_GILBBERTOVA]]/URI Неймана этой $URI[[http://libmeta.ru/me/formula/aux/1045_38_GILBBERTOVA]]/URI$. а.

![](https://cdn.mathpix.com/cropped/2023_07_08_70fd4688a86eff876c39g-1.jpg?height=37&amp;width=829&amp;top_left_y=1465&amp;top_left_x=992)
падает с исходным (см. [1]). Таким образом, Г. а. является средством изучения URI[[http://libmeta.ru/me/relation/1045_4_GILBBERTOVA]]/URI URI[[http://libmeta.ru/me/relation/1045_3_GILBBERTOVA]]/URI Неймана и следов на них; нек-рое обобщение понятия Г. а. позволяет изучать аналогичными средствами не обязательно URI[[http://libmeta.ru/me/relation/1045_2_GILBBERTOVA]]/URI URI[[http://libmeta.ru/me/relation/1045_1_GILBBERTOVA]]/URI Неймана (см. [2]).</text>
  <text_orig>алгебра $A$ с инволюцией над полем комплексных чисел, снабженная невырожденным скалярным произведением (|), причем выполняются следующие аксиомы: 1) $(x \mid y)=\left(y^{*} \mid x^{*}\right)$ для всех $x, y \in A ; 2)(x y \mid z)=\left(y \mid x^{*} z\right)$ для всех $x, y, z \in A$; 3) для всех $x \in A$ отображение $y \rightarrow x y$ пространства $A$ в $A$ непрерывно; 4) множество элементов вида $x y$, $x, y \in A$, всюду плотно в $A$. Примерами гильбертовых алгебр являются алгебры $L^{2}(G)$ (относительно свертки), где $G$ - компактная топологич. группа,и алгебра операторов Гильберта - Iмидта в данном гильбертовом пространстве.

Пусть $A-\Gamma$. а., $H$ - гильбертово пространство- пополнение $A, U_{x}$ и $V_{x}$ - элементы алгебры ограниченных линейных операторов в $H$, являющиеся продолжениями по непрерывности умножений слева и справа на $x$ в $A$. Отображение $x \rightarrow U_{x}$ (соответственно $x \rightarrow V_{x}$ ) есть невырожденное представление алгебры $A$ (соответственно алгебры с инволюцией, противоюоложной $A$ ) в гильбертовом пространстве $H$. Слабое замыкание семейства операторов $U_{x}$ (соответственно $V$ ) является а л г е б р о й $\mathrm{H}$ е й м а н а в $H$; она наз. левой (соответственно правой) алгеброй Неймана данной Г. а. $A$ и обозначается $U(A)$ (соответственно $V(A)) ; \quad U(A)$ и $V(A)$ являются коммутантами друг друга; это - полуконечные алгебры Неймана. Любая Г. а. однозначно определяет нек-рый точный нормальный полуконечный след на алгебре Неймана $U(A) ;$ обратно, если дана алгебра Неймана $\mathfrak{A}$ и точный нормальный полуконечный след на $\mathfrak{Y}$, то можно построить $\Gamma$. а. такую, что левая алгебра Неймана этой $\Gamma$. а.

![](https://cdn.mathpix.com/cropped/2023_07_08_70fd4688a86eff876c39g-1.jpg?height=37&amp;width=829&amp;top_left_y=1465&amp;top_left_x=992)
падает с исходным (см. [1]). Таким образом, Г. а. является средством изучения полуконечных алгебр Неймана и следов на них; нек-рое обобщение понятия Г. а. позволяет изучать аналогичными средствами не обязательно полуконечные алгебры Неймана (см. [2]).

Jum.: [1] D i x m i e r J., Les algèbres d'opérateurs dans l'espace hilbertien, 2 ed., P., 1969 ; [2] T a k e s a k i M., Tomita's theory of modular Hilbert algebras and its applications, B.,
1970 .
A. Н. ШIерн.</text_orig>
</article>
