<?xml version="1.0" ?>
<article uri="http://libmeta.ru/me/article/1046_REZUL'TAN" alphabetic_pos="1046">
  <title>РЕЗУЛЬТАНТ</title>
  <authors/>
  <pages>
    <start>477</start>
    <end>478</end>
  </pages>
  <literature>
    <literature_orig>Jum.: [1] R e i d e m e i s t e r K., &quot;abhandl. math. Semin.![](https://cdn.mathpix.com/cropped/2023_07_08_bdc971b48298cca3e951g-1.jpg?height=53&amp;width=809&amp;top_left_y=358&amp;top_left_x=985)d e «матем. сб.», 1936, т. 1, № 5, c. 737-43; [4] B a s s H. &quot;publ. math.&quot;, 1964, №'22, p.' 5-60 [ihes). A.C.Мищенко.</literature_orig>
    <unit>
      <author>Reidemeister K.</author>
      <title>&quot;abhandl. math. Semin.![](https://cdn.mathpix.com/cropped/2023_07_08_bdc971b48298cca3e951g-1.jpg?height=53&amp;width=809&amp;top_left_y=358&amp;top_left_x=985)d e «матем. сб.»</title>
      <publication/>
      <year>1936</year>
      <other>т. 1, № 5, c. 737-43; [4] B a s s H. &quot;publ. math.&quot;, 1964, №'22, p.' 5-60 [ihes). A.C.Мищенко.</other>
    </unit>
  </literature>
  <formulas_main>
    <formula uri="http://libmeta.ru/me/formula/main/1046_1_REZUL'TAN">R(f, g)=a_{0}^{s} b_{0}^{n} \prod_{i=1}^{n} \prod_{j=1}^{s}\left(\alpha_{i}-\beta_{j}\right)</formula>
    <formula uri="http://libmeta.ru/me/formula/main/1046_2_REZUL'TAN">\begin{aligned}&amp; f(x)=a_{0} x^{n}+a_{1} x^{n-1}+\ldots+a_{n} \\&amp; g(x)=b_{0} x^{s}+b_{1} x^{s-1}+\ldots+b_{s}\end{aligned}</formula>
    <formula uri="http://libmeta.ru/me/formula/main/1046_3_REZUL'TAN">R(g, f)=(-1)^{n s} R(f, g) .</formula>
    <formula uri="http://libmeta.ru/me/formula/main/1046_4_REZUL'TAN">\begin{gathered}R(f, g)=a_{0}^{s} \prod_{i=1}^{n} g\left(\alpha_{i}\right), \\R(f, g)=(-1)^{n s} b_{0}^{n} \prod_{j=1}^{s} f\left(\beta_{j}\right) .\end{gathered}</formula>
    <formula uri="http://libmeta.ru/me/formula/main/1046_5_REZUL'TAN">a_{k 0}+a_{k 1} x+\ldots+a_{k n-1} x^{n-1}</formula>
    <formula uri="http://libmeta.ru/me/formula/main/1046_6_REZUL'TAN">f(x)=a_{0} x^{n}+a_{1} x^{n-1} \ldots a_{n}, a_{0} \neq 0,</formula>
    <formula uri="http://libmeta.ru/me/formula/main/1046_7_REZUL'TAN">D(f)=(-1)^{\frac{n(n-1)}{2}} a_{0}^{-1} R\left(f, f^{\prime}\right) .</formula>
    <formula uri="http://libmeta.ru/me/formula/main/1046_8_REZUL'TAN">\left.\begin{array}{l}f(x, y)=0 \\g(x, y)=0\end{array}\right\}</formula>
    <formula uri="http://libmeta.ru/me/formula/main/1046_9_REZUL'TAN">\begin{aligned}&amp; f(x, y)=a_{0}(y) x^{k}+a_{1}(y) x^{k-1}+\ldots+a_{k}(y), \\&amp; g(x, y)=b_{0}(y) x^{l}+b_{1}(y) x^{l-1}+\ldots+b_{l}(y),\end{aligned}</formula>
  </formulas_main>
  <formulas_aux>
    <formula uri="http://libmeta.ru/me/formula/aux/1046_1_REZUL'TAN">f(x)</formula>
    <formula uri="http://libmeta.ru/me/formula/aux/1046_2_REZUL'TAN">g(x)</formula>
    <formula uri="http://libmeta.ru/me/formula/aux/1046_3_REZUL'TAN">q</formula>
    <formula uri="http://libmeta.ru/me/formula/aux/1046_4_REZUL'TAN">q</formula>
    <formula uri="http://libmeta.ru/me/formula/aux/1046_5_REZUL'TAN">f g, \boldsymbol{\alpha}_{i}, \boldsymbol{\beta}_{j}-</formula>
    <formula uri="http://libmeta.ru/me/formula/aux/1046_6_REZUL'TAN">a_{0} b_{0} \neq 0</formula>
    <formula uri="http://libmeta.ru/me/formula/aux/1046_7_REZUL'TAN">n+s</formula>
    <formula uri="http://libmeta.ru/me/formula/aux/1046_8_REZUL'TAN">s</formula>
    <formula uri="http://libmeta.ru/me/formula/aux/1046_9_REZUL'TAN">f(x)</formula>
    <formula uri="http://libmeta.ru/me/formula/aux/1046_10_REZUL'TAN">n</formula>
    <formula uri="http://libmeta.ru/me/formula/aux/1046_11_REZUL'TAN">g(x)</formula>
    <formula uri="http://libmeta.ru/me/formula/aux/1046_12_REZUL'TAN">f(x)</formula>
    <formula uri="http://libmeta.ru/me/formula/aux/1046_13_REZUL'TAN">g(x)</formula>
    <formula uri="http://libmeta.ru/me/formula/aux/1046_14_REZUL'TAN">n</formula>
    <formula uri="http://libmeta.ru/me/formula/aux/1046_15_REZUL'TAN">s</formula>
    <formula uri="http://libmeta.ru/me/formula/aux/1046_16_REZUL'TAN">x^{k} g(x)</formula>
    <formula uri="http://libmeta.ru/me/formula/aux/1046_17_REZUL'TAN">f(x), k=0,1,2, \ldots, n-1</formula>
    <formula uri="http://libmeta.ru/me/formula/aux/1046_18_REZUL'TAN">d(f)</formula>
    <formula uri="http://libmeta.ru/me/formula/aux/1046_19_REZUL'TAN">f(x)</formula>
    <formula uri="http://libmeta.ru/me/formula/aux/1046_20_REZUL'TAN">f^{\prime}(x)</formula>
    <formula uri="http://libmeta.ru/me/formula/aux/1046_21_REZUL'TAN">p</formula>
    <formula uri="http://libmeta.ru/me/formula/aux/1046_22_REZUL'TAN">f</formula>
    <formula uri="http://libmeta.ru/me/formula/aux/1046_23_REZUL'TAN">g</formula>
    <formula uri="http://libmeta.ru/me/formula/aux/1046_24_REZUL'TAN">x</formula>
    <formula uri="http://libmeta.ru/me/formula/aux/1046_25_REZUL'TAN">\pi-</formula>
    <formula uri="http://libmeta.ru/me/formula/aux/1046_26_REZUL'TAN">\omega \in W h(\pi)</formula>
    <formula uri="http://libmeta.ru/me/formula/aux/1046_27_REZUL'TAN">h_{*}(\omega)=1</formula>
    <formula uri="http://libmeta.ru/me/formula/aux/1046_28_REZUL'TAN">h</formula>
    <formula uri="http://libmeta.ru/me/formula/aux/1046_29_REZUL'TAN">h_{*}(\omega)-\mathrm{P}</formula>
    <formula uri="http://libmeta.ru/me/formula/aux/1046_30_REZUL'TAN">\omega</formula>
  </formulas_aux>
  <relations n="8">
    <relation uri="http://libmeta.ru/me/relation/1046_1_REZUL'TAN">
      <rel_text>рованное</rel_text>
      <target>http://libmeta.ru/me/article/168_ROVANI</target>
    </relation>
    <relation uri="http://libmeta.ru/me/relation/1046_2_REZUL'TAN">
      <rel_text>индуци</rel_text>
      <target>http://libmeta.ru/me/article/566_INDEK</target>
    </relation>
    <relation uri="http://libmeta.ru/me/relation/1046_3_REZUL'TAN">
      <rel_text>представления</rel_text>
      <target>http://libmeta.ru/me/article/3_PREDSTAVLENI</target>
    </relation>
    <relation uri="http://libmeta.ru/me/relation/1046_4_REZUL'TAN">
      <rel_text>порядок</rel_text>
      <target>http://libmeta.ru/me/article/531_PORJaDO</target>
    </relation>
    <relation uri="http://libmeta.ru/me/relation/1046_5_REZUL'TAN">
      <rel_text>группа</rel_text>
      <target>http://libmeta.ru/me/article/1207_GRUPІІ</target>
    </relation>
    <relation uri="http://libmeta.ru/me/relation/1046_6_REZUL'TAN">
      <rel_text>кручения</rel_text>
      <target>http://libmeta.ru/me/article/130_KRUChENI</target>
    </relation>
    <relation uri="http://libmeta.ru/me/relation/1046_7_REZUL'TAN">
      <rel_text>степеням</rel_text>
      <target>http://libmeta.ru/me/article/213_STEPEN</target>
    </relation>
    <relation uri="http://libmeta.ru/me/relation/1046_8_REZUL'TAN">
      <rel_text>Многочлены</rel_text>
      <target>http://libmeta.ru/me/article/727_MNOGOChLE</target>
    </relation>
  </relations>
  <text>м н о г о ч л е н о в $URI[[http://libmeta.ru/me/formula/aux/1046_1_REZUL'TAN]]/URI$ и $URI[[http://libmeta.ru/me/formula/aux/1046_2_REZUL'TAN]]/URI$ элемент поля $URI[[http://libmeta.ru/me/formula/aux/1046_3_REZUL'TAN]]/URI$, определяемый формулой

\[
URI[[http://libmeta.ru/me/formula/main/1046_1_REZUL'TAN]]/URI
\]

где $URI[[http://libmeta.ru/me/formula/aux/1046_4_REZUL'TAN]]/URI$ - поле разложения многочлена $URI[[http://libmeta.ru/me/formula/aux/1046_5_REZUL'TAN]]/URI$ корни многочленов

\[
URI[[http://libmeta.ru/me/formula/main/1046_2_REZUL'TAN]]/URI
\]

соответственно. Если $URI[[http://libmeta.ru/me/formula/aux/1046_6_REZUL'TAN]]/URI$, то многочлены тогда и только тогда имеют хотя бы один общий корень, когда их Р. равен нулю. Имеет место равенство

\[
URI[[http://libmeta.ru/me/formula/main/1046_3_REZUL'TAN]]/URI
\]

Р. можно записать в любом из следующих видов:

\[
URI[[http://libmeta.ru/me/formula/main/1046_4_REZUL'TAN]]/URI
\]

Выражения (1) , (2) и (3) неудобны для вычисления Р., так как они содержат корни многочленов. Через коәфффициенты многочленов Р. можно выразить в виде следующего определителя порядка $URI[[http://libmeta.ru/me/formula/aux/1046_7_REZUL'TAN]]/URI$ :

![](https://cdn.mathpix.com/cropped/2023_07_08_8553ea1094e6188242d2g-1.jpg?height=258&amp;width=583&amp;top_left_y=1945&amp;top_left_x=1088)

Этот определитель в первых $URI[[http://libmeta.ru/me/formula/aux/1046_8_REZUL'TAN]]/URI$ строках содержит коәффициенты многочлена $URI[[http://libmeta.ru/me/formula/aux/1046_9_REZUL'TAN]]/URI$, в последних $URI[[http://libmeta.ru/me/formula/aux/1046_10_REZUL'TAN]]/URI$ строках коәффициенты многочлена $URI[[http://libmeta.ru/me/formula/aux/1046_11_REZUL'TAN]]/URI$, а на свободных местах - нули. Р. многочленов $URI[[http://libmeta.ru/me/formula/aux/1046_12_REZUL'TAN]]/URI$ и $URI[[http://libmeta.ru/me/formula/aux/1046_13_REZUL'TAN]]/URI$ с числовыми коәффиииентами можно представить в виде определителя порядка $URI[[http://libmeta.ru/me/formula/aux/1046_14_REZUL'TAN]]/URI$ (или $URI[[http://libmeta.ru/me/formula/aux/1046_15_REZUL'TAN]]/URI$ ). Для этого находят остаток от деления $URI[[http://libmeta.ru/me/formula/aux/1046_16_REZUL'TAN]]/URI$ на $URI[[http://libmeta.ru/me/formula/aux/1046_17_REZUL'TAN]]/URI$. Пусть это будет

Тогда

\[
URI[[http://libmeta.ru/me/formula/main/1046_5_REZUL'TAN]]/URI
\]

![](https://cdn.mathpix.com/cropped/2023_07_08_bdc971b48298cca3e951g-1.jpg?height=135&amp;width=596&amp;top_left_y=384&amp;top_left_x=248)

Дискриминант $URI[[http://libmeta.ru/me/formula/aux/1046_18_REZUL'TAN]]/URI$ многочлена

\[
URI[[http://libmeta.ru/me/formula/main/1046_6_REZUL'TAN]]/URI
\]

выражается через Р. многочлена $URI[[http://libmeta.ru/me/formula/aux/1046_19_REZUL'TAN]]/URI$ ш его производной $URI[[http://libmeta.ru/me/formula/aux/1046_20_REZUL'TAN]]/URI$ следующим образом:

\[
URI[[http://libmeta.ru/me/formula/main/1046_7_REZUL'TAN]]/URI
\]

П ри и енение к ре шению у р а в н е н и й. Пусть дана система двух алгебраич. уравнений с коэффициентами из поля $URI[[http://libmeta.ru/me/formula/aux/1046_21_REZUL'TAN]]/URI$ :

\[
URI[[http://libmeta.ru/me/formula/main/1046_8_REZUL'TAN]]/URI
\]

URI[[http://libmeta.ru/me/relation/1046_8_REZUL'TAN]]/URI $URI[[http://libmeta.ru/me/formula/aux/1046_22_REZUL'TAN]]/URI$ и $URI[[http://libmeta.ru/me/formula/aux/1046_23_REZUL'TAN]]/URI$ записывают по URI[[http://libmeta.ru/me/relation/1046_7_REZUL'TAN]]/URI $URI[[http://libmeta.ru/me/formula/aux/1046_24_REZUL'TAN]]/URI$ :

\[
URI[[http://libmeta.ru/me/formula/main/1046_9_REZUL'TAN]]/URI
\]

Эффективность замены URI[[http://libmeta.ru/me/relation/1046_6_REZUL'TAN]]/URI Уайтхеда на Р. к. основывается на т е о р е м е Б а с с а [4]: если $URI[[http://libmeta.ru/me/formula/aux/1046_25_REZUL'TAN]]/URI$ конечная URI[[http://libmeta.ru/me/relation/1046_5_REZUL'TAN]]/URI, то элемент $URI[[http://libmeta.ru/me/formula/aux/1046_26_REZUL'TAN]]/URI$ имеет конечный URI[[http://libmeta.ru/me/relation/1046_4_REZUL'TAN]]/URI, если $URI[[http://libmeta.ru/me/formula/aux/1046_27_REZUL'TAN]]/URI$ для любого URI[[http://libmeta.ru/me/relation/1046_3_REZUL'TAN]]/URI $URI[[http://libmeta.ru/me/formula/aux/1046_28_REZUL'TAN]]/URI$, где $URI[[http://libmeta.ru/me/formula/aux/1046_29_REZUL'TAN]]/URI$. к., URI[[http://libmeta.ru/me/relation/1046_2_REZUL'TAN]]/URI URI[[http://libmeta.ru/me/relation/1046_1_REZUL'TAN]]/URI элементом $URI[[http://libmeta.ru/me/formula/aux/1046_30_REZUL'TAN]]/URI$.</text>
  <text_orig>м н о г о ч л е н о в $f(x)$ и $g(x)$ элемент поля $Q$, определяемый формулой

\[
R(f, g)=a_{0}^{s} b_{0}^{n} \prod_{i=1}^{n} \prod_{j=1}^{s}\left(\alpha_{i}-\beta_{j}\right)
\]

где $Q$ - поле разложения многочлена $f g, \boldsymbol{\alpha}_{i}, \boldsymbol{\beta}_{j}-$ корни многочленов

\[
\begin{aligned}
&amp; f(x)=a_{0} x^{n}+a_{1} x^{n-1}+\ldots+a_{n} \\
&amp; g(x)=b_{0} x^{s}+b_{1} x^{s-1}+\ldots+b_{s}
\end{aligned}
\]

соответственно. Если $a_{0} b_{0} \neq 0$, то многочлены тогда и только тогда имеют хотя бы один общий корень, когда их Р. равен нулю. Имеет место равенство

\[
R(g, f)=(-1)^{n s} R(f, g) .
\]

Р. можно записать в любом из следующих видов:

\[
\begin{gathered}
R(f, g)=a_{0}^{s} \prod_{i=1}^{n} g\left(\alpha_{i}\right), \\
R(f, g)=(-1)^{n s} b_{0}^{n} \prod_{j=1}^{s} f\left(\beta_{j}\right) .
\end{gathered}
\]

Выражения (1) , (2) и (3) неудобны для вычисления Р., так как они содержат корни многочленов. Через коәфффициенты многочленов Р. можно выразить в виде следующего определителя порядка $n+s$ :

![](https://cdn.mathpix.com/cropped/2023_07_08_8553ea1094e6188242d2g-1.jpg?height=258&amp;width=583&amp;top_left_y=1945&amp;top_left_x=1088)

Этот определитель в первых $s$ строках содержит коәффициенты многочлена $f(x)$, в последних $n$ строках коәффициенты многочлена $g(x)$, а на свободных местах - нули. Р. многочленов $f(x)$ и $g(x)$ с числовыми коәффиииентами можно представить в виде определителя порядка $n$ (или $s$ ). Для этого находят остаток от деления $x^{k} g(x)$ на $f(x), k=0,1,2, \ldots, n-1$. Пусть это будет

Тогда

\[
a_{k 0}+a_{k 1} x+\ldots+a_{k n-1} x^{n-1}
\]

![](https://cdn.mathpix.com/cropped/2023_07_08_bdc971b48298cca3e951g-1.jpg?height=135&amp;width=596&amp;top_left_y=384&amp;top_left_x=248)

Дискриминант $D(f)$ многочлена

\[
f(x)=a_{0} x^{n}+a_{1} x^{n-1} \ldots a_{n}, a_{0} \neq 0,
\]

выражается через Р. многочлена $f(x)$ ш его производной $f^{\prime}(x)$ следующим образом:

\[
D(f)=(-1)^{\frac{n(n-1)}{2}} a_{0}^{-1} R\left(f, f^{\prime}\right) .
\]

П ри и енение к ре шению у р а в н е н и й. Пусть дана система двух алгебраич. уравнений с коэффициентами из поля $P$ :

\[
\left.\begin{array}{l}
f(x, y)=0 \\
g(x, y)=0
\end{array}\right\}
\]

Многочлены $f$ и $g$ записывают по степеням $x$ :

\[
\begin{aligned}
&amp; f(x, y)=a_{0}(y) x^{k}+a_{1}(y) x^{k-1}+\ldots+a_{k}(y), \\
&amp; g(x, y)=b_{0}(y) x^{l}+b_{1}(y) x^{l-1}+\ldots+b_{l}(y),
\end{aligned}
\]

Эффективность замены кручения Уайтхеда на Р. к. основывается на т е о р е м е Б а с с а [4]: если $\pi-$ конечная группа, то элемент $\omega \in W h(\pi)$ имеет конечный порядок, если $h_{*}(\omega)=1$ для любого представления $h$, где $h_{*}(\omega)-\mathrm{P}$. к., индуци рованное элементом $\omega$.

Jum.: [1] R e i d e m e i s t e r K., &quot;Abhandl. math. Semin.

![](https://cdn.mathpix.com/cropped/2023_07_08_bdc971b48298cca3e951g-1.jpg?height=53&amp;width=809&amp;top_left_y=358&amp;top_left_x=985)
d e «Матем. сб.», 1936, т. 1, № 5, c. 737-43; [4] B a s s H. &quot;Publ. math.&quot;, 1964, №'22, p.' 5-60 [IHES). A.C.Мищенко.</text_orig>
</article>
