<?xml version="1.0" ?>
<article uri="http://libmeta.ru/me/article/1046_IIITEJNRA" alphabetic_pos="1046">
  <title>IIITEЙНРА СИСТЕМА</title>
  <authors/>
  <pages>
    <start>452</start>
    <end>452</end>
  </pages>
  <literature>
    <literature_orig>Jum.: [1] S t e in e r J., «j. reine und angew. Math.», 1853, Bd 45, S. 181-82; [2] X о лі М М., Комбитаторика, пер. с англ., M., $1970 ;$ [3] L i n d e r C. C., R o s a A., «discrete Math,&quot;, \begin{tabular}{l} p. $255-369$. \\\hline Б. Т. Румов\end{tabular}</literature_orig>
    <unit>
      <author>Steiner J.</author>
      <title>«j. reine und angew. Math.»</title>
      <publication/>
      <year>1853</year>
      <other>Bd 45, S. 181-82</other>
    </unit>
    <unit>
      <author>XоліМ М.</author>
      <title>Комбитаторика</title>
      <publication>пер. с англ., M.</publication>
      <year>1970</year>
      <other/>
    </unit>
    <unit>
      <author>Linder C. C.</author>
      <author>Rosa A.</author>
      <title>«discrete Math, &quot;</title>
      <publication/>
      <year/>
      <other>\begin{tabular}{l} p. $255-369$. \\\hline Б. Т. Румов\end{tabular}</other>
    </unit>
  </literature>
  <formulas_main>
    <formula uri="http://libmeta.ru/me/formula/main/1046_1_IIITEJNRA">\left(\begin{array}{l}v-s \\t-s\end{array}\right) /\left(\begin{array}{l}k-s \\t-s\end{array}\right)</formula>
  </formulas_main>
  <formulas_aux>
    <formula uri="http://libmeta.ru/me/formula/aux/1046_1_IIITEJNRA">(v, B)</formula>
    <formula uri="http://libmeta.ru/me/formula/aux/1046_2_IIITEJNRA">v-</formula>
    <formula uri="http://libmeta.ru/me/formula/aux/1046_3_IIITEJNRA">v</formula>
    <formula uri="http://libmeta.ru/me/formula/aux/1046_4_IIITEJNRA">b</formula>
    <formula uri="http://libmeta.ru/me/formula/aux/1046_5_IIITEJNRA">k</formula>
    <formula uri="http://libmeta.ru/me/formula/aux/1046_6_IIITEJNRA">v</formula>
    <formula uri="http://libmeta.ru/me/formula/aux/1046_7_IIITEJNRA">t</formula>
    <formula uri="http://libmeta.ru/me/formula/aux/1046_8_IIITEJNRA">v</formula>
    <formula uri="http://libmeta.ru/me/formula/aux/1046_9_IIITEJNRA">b(t&lt;k)</formula>
    <formula uri="http://libmeta.ru/me/formula/aux/1046_10_IIITEJNRA">v</formula>
    <formula uri="http://libmeta.ru/me/formula/aux/1046_11_IIITEJNRA">s(t, k, v)</formula>
    <formula uri="http://libmeta.ru/me/formula/aux/1046_12_IIITEJNRA">^{-}</formula>
    <formula uri="http://libmeta.ru/me/formula/aux/1046_13_IIITEJNRA">t=2</formula>
    <formula uri="http://libmeta.ru/me/formula/aux/1046_14_IIITEJNRA">v=s^{2}+s+1, \quad k=s+1-</formula>
    <formula uri="http://libmeta.ru/me/formula/aux/1046_15_IIITEJNRA">s(t, k, v)</formula>
    <formula uri="http://libmeta.ru/me/formula/aux/1046_16_IIITEJNRA">s</formula>
    <formula uri="http://libmeta.ru/me/formula/aux/1046_17_IIITEJNRA">0 \leqslant s&lt;t</formula>
    <formula uri="http://libmeta.ru/me/formula/aux/1046_18_IIITEJNRA">(k, t)=(3,2)</formula>
    <formula uri="http://libmeta.ru/me/formula/aux/1046_19_IIITEJNRA">(4,2),(5,2),(4,3)(\mathrm{cm} .[3],[4])</formula>
    <formula uri="http://libmeta.ru/me/formula/aux/1046_20_IIITEJNRA">k=3</formula>
    <formula uri="http://libmeta.ru/me/formula/aux/1046_21_IIITEJNRA">s(t, t-\{-1, v)</formula>
    <formula uri="http://libmeta.ru/me/formula/aux/1046_22_IIITEJNRA">v</formula>
    <formula uri="http://libmeta.ru/me/formula/aux/1046_23_IIITEJNRA">t</formula>
    <formula uri="http://libmeta.ru/me/formula/aux/1046_24_IIITEJNRA">v)</formula>
    <formula uri="http://libmeta.ru/me/formula/aux/1046_25_IIITEJNRA">b</formula>
    <formula uri="http://libmeta.ru/me/formula/aux/1046_26_IIITEJNRA">v</formula>
    <formula uri="http://libmeta.ru/me/formula/aux/1046_27_IIITEJNRA">k</formula>
    <formula uri="http://libmeta.ru/me/formula/aux/1046_28_IIITEJNRA">v</formula>
    <formula uri="http://libmeta.ru/me/formula/aux/1046_29_IIITEJNRA">s(t, k, v)</formula>
    <formula uri="http://libmeta.ru/me/formula/aux/1046_30_IIITEJNRA">k</formula>
    <formula uri="http://libmeta.ru/me/formula/aux/1046_31_IIITEJNRA">t</formula>
  </formulas_aux>
  <relations n="5">
    <relation uri="http://libmeta.ru/me/relation/1046_1_IIITEJNRA">
      <rel_text>результатов</rel_text>
      <target>http://libmeta.ru/me/article/1046_REZUL'TAN</target>
    </relation>
    <relation uri="http://libmeta.ru/me/relation/1046_2_IIITEJNRA">
      <rel_text>пересекающимися</rel_text>
      <target>http://libmeta.ru/me/article/226_PERENORMIROVK</target>
    </relation>
    <relation uri="http://libmeta.ru/me/relation/1046_3_IIITEJNRA">
      <rel_text>полного множества</rel_text>
      <target>http://libmeta.ru/me/article/428_POLNOE</target>
    </relation>
    <relation uri="http://libmeta.ru/me/relation/1046_4_IIITEJNRA">
      <rel_text>покрытия</rel_text>
      <target>http://libmeta.ru/me/article/387_POKRYTI</target>
    </relation>
    <relation uri="http://libmeta.ru/me/relation/1046_5_IIITEJNRA">
      <rel_text>упаковки</rel_text>
      <target>http://libmeta.ru/me/article/586_UPAKOVK</target>
    </relation>
  </relations>
  <text>пара $URI[[http://libmeta.ru/me/formula/aux/1046_1_IIITEJNRA]]/URI$, гце $URI[[http://libmeta.ru/me/formula/aux/1046_2_IIITEJNRA]]/URI$ конечное множество из $URI[[http://libmeta.ru/me/formula/aux/1046_3_IIITEJNRA]]/URI$ әлементов, а $URI[[http://libmeta.ru/me/formula/aux/1046_4_IIITEJNRA]]/URI$ - совокупность $URI[[http://libmeta.ru/me/formula/aux/1046_5_IIITEJNRA]]/URI$-подмножеств множества $URI[[http://libmeta.ru/me/formula/aux/1046_6_IIITEJNRA]]/URI$ (называемых 6 л ок а м и) такая, что каждое $URI[[http://libmeta.ru/me/formula/aux/1046_7_IIITEJNRA]]/URI$-подмножество множества $URI[[http://libmeta.ru/me/formula/aux/1046_8_IIITEJNRA]]/URI$ содержится точно в оцном блоке множества $URI[[http://libmeta.ru/me/formula/aux/1046_9_IIITEJNRA]]/URI$. Число $URI[[http://libmeta.ru/me/formula/aux/1046_10_IIITEJNRA]]/URI$ наз. по р я д к о м Iii. с. $URI[[http://libmeta.ru/me/formula/aux/1046_11_IIITEJNRA]]/URI$. Iii. с. является частным слутаем блок-схемы, а также тан- $URI[[http://libmeta.ru/me/formula/aux/1046_12_IIITEJNRA]]/URI$ тической конбигурации. Iii. с. с $URI[[http://libmeta.ru/me/formula/aux/1046_13_IIITEJNRA]]/URI$ является уравновешенной неполной блок-схемой (вiв-схемоӥ), а при $URI[[http://libmeta.ru/me/formula/aux/1046_14_IIITEJNRA]]/URI$ конечної проективної плоскостью. Необходимым условием существования Ші. с. $URI[[http://libmeta.ru/me/formula/aux/1046_15_IIITEJNRA]]/URI$ пвляется условие того, что число

\[
URI[[http://libmeta.ru/me/formula/main/1046_1_IIITEJNRA]]/URI
\]

должно быть целым при всех таких $URI[[http://libmeta.ru/me/formula/aux/1046_16_IIITEJNRA]]/URI$, что $URI[[http://libmeta.ru/me/formula/aux/1046_17_IIITEJNRA]]/URI$. Доказана достаточность этого условия ири $URI[[http://libmeta.ru/me/formula/aux/1046_18_IIITEJNRA]]/URI$, $URI[[http://libmeta.ru/me/formula/aux/1046_19_IIITEJNRA]]/URI$.

В 1844 У. Вулхаус (w. Woolhouse) поставил проблему существования Iii. с., а П. Киркман (р. Kirkman) в 1847 решил ее для $URI[[http://libmeta.ru/me/formula/aux/1046_20_IIITEJNRA]]/URI$ (с и с т е м ы т р о е к Iii т е й н е р a). В 1853 ศ. Штейнер (j. Stciner, [1]) рассмотрел $URI[[http://libmeta.ru/me/formula/aux/1046_21_IIITEJNRA]]/URI$.

Для Iii. с. обычно рассматриваются задачи: 1) определения максимального тисла погарно неидоморфных Iii. с. данного порядка $URI[[http://libmeta.ru/me/formula/aux/1046_22_IIITEJNRA]]/URI$; 2) существования Iii. с. с заданной групшой автоморфихизов; 3) вложения частитных Iii. с. (не содержащих нек-рых $URI[[http://libmeta.ru/me/formula/aux/1046_23_IIITEJNRA]]/URI$-подмножеств $URI[[http://libmeta.ru/me/formula/aux/1046_24_IIITEJNRA]]/URI$ в конечнуіо Iii. с.; 4) существования разрепимых Iii. с. (с $URI[[http://libmeta.ru/me/formula/aux/1046_25_IIITEJNRA]]/URI$, представимой как объединение разбиениї $URI[[http://libmeta.ru/me/formula/aux/1046_26_IIITEJNRA]]/URI$ ); 5) максимальної URI[[http://libmeta.ru/me/relation/1046_5_IIITEJNRA]]/URI (минимального URI[[http://libmeta.ru/me/relation/1046_4_IIITEJNRA]]/URI) URI[[http://libmeta.ru/me/relation/1046_3_IIITEJNRA]]/URI $URI[[http://libmeta.ru/me/formula/aux/1046_27_IIITEJNRA]]/URI$-подмножкеств $URI[[http://libmeta.ru/me/formula/aux/1046_28_IIITEJNRA]]/URI$ погарно не URI[[http://libmeta.ru/me/relation/1046_2_IIITEJNRA]]/URI $URI[[http://libmeta.ru/me/formula/aux/1046_29_IIITEJNRA]]/URI$ (с помощью Iii. с.).

Большинство URI[[http://libmeta.ru/me/relation/1046_1_IIITEJNRA]]/URI по Iii. с. относятся к небольшим значениям $URI[[http://libmeta.ru/me/formula/aux/1046_30_IIITEJNRA]]/URI$ и $URI[[http://libmeta.ru/me/formula/aux/1046_31_IIITEJNRA]]/URI$ (см. [2] - [4]).</text>
  <text_orig>пара $(V, B)$, гце $V-$ конечное множество из $v$ әлементов, а $B$ - совокупность $k$-подмножеств множества $V$ (называемых 6 л ок а м и) такая, что каждое $t$-подмножество множества $V$ содержится точно в оцном блоке множества $B(t&lt;k)$. Число $v$ наз. по р я д к о м III. с. $S(t, k, v)$. III. с. является частным слутаем блок-схемы, а также тан- $^{-}$ тической конбигурации. III. с. с $t=2$ является уравновешенной неполной блок-схемой (ВIВ-схемоӥ), а при $v=s^{2}+s+1, \quad k=s+1-$ конечної проективної плоскостью. Необходимым условием существования Ші. с. $S(t, k, v)$ пвляется условие того, что число

\[
\left(\begin{array}{l}
v-s \\
t-s
\end{array}\right) /\left(\begin{array}{l}
k-s \\
t-s
\end{array}\right)
\]

должно быть целым при всех таких $s$, что $0 \leqslant s&lt;t$. Доказана достаточность этого условия ири $(k, t)=(3,2)$, $(4,2),(5,2),(4,3)(\mathrm{cm} .[3],[4])$.

В 1844 У. Вулхаус (W. Woolhouse) поставил проблему существования III. с., а П. Киркман (Р. Kirkman) в 1847 решил ее для $k=3$ (с и с т е м ы т р о е к III т е й н е р a). В 1853 ศ. Штейнер (J. Stciner, [1]) рассмотрел $S(t, t-\{-1, v)$.

Для III. с. обычно рассматриваются задачи: 1) определения максимального тисла погарно неидоморфных III. с. данного порядка $v$; 2) существования III. с. с заданной групшой автоморфихизов; 3) вложения частитных III. с. (не содержащих нек-рых $t$-подмножеств $V)$ в конечнуіо III. с.; 4) существования разрепимых III. с. (с $B$, представимой как объединение разбиениї $V$ ); 5) максимальної упаковки (минимального покрытия) полного множества $k$-подмножкеств $V$ погарно не пересекающимися $S(t, k, v)$ (с помощью III. с.).

Большинство результатов по III. с. относятся к небольшим значениям $k$ и $t$ (см. [2] - [4]).

Jum.: [1] S t e in e r J., «J. reine und angew. Math.», 1853, Bd 45, S. 181-82; [2] X о лі М М., Комбитаторика, пер. с англ., M., $1970 ;$ [3] L i n d e r C. C., R o s a A., «Discrete Math,&quot;, \begin{tabular}{l} 
p. $255-369$. \\
\hline Б. Т. Румов
\end{tabular}</text_orig>
</article>
