<?xml version="1.0" ?>
<article uri="http://libmeta.ru/me/article/1046_NORMAL'NAJa" alphabetic_pos="1046">
  <title>НОРМАЛЬНАЯ РАЗРЕШИМОСТЬ</title>
  <authors/>
  <pages>
    <start>527</start>
    <end>527</end>
  </pages>
  <literature>
    <literature_orig/>
  </literature>
  <formulas_main/>
  <formulas_aux>
    <formula uri="http://libmeta.ru/me/formula/aux/1046_1_NORMAL'NAJa">г</formula>
    <formula uri="http://libmeta.ru/me/formula/aux/1046_2_NORMAL'NAJa">\mathbf{x}</formula>
    <formula uri="http://libmeta.ru/me/formula/aux/1046_3_NORMAL'NAJa">\mathbf{p}</formula>
  </formulas_aux>
  <relations n="7">
    <relation uri="http://libmeta.ru/me/relation/1046_1_NORMAL'NAJa">
      <rel_text>уравнения</rel_text>
      <target>http://libmeta.ru/me/article/106_URAVNENI</target>
    </relation>
    <relation uri="http://libmeta.ru/me/relation/1046_2_NORMAL'NAJa">
      <rel_text>интегральные</rel_text>
      <target>http://libmeta.ru/me/article/622_INTEGRIRUGMA</target>
    </relation>
    <relation uri="http://libmeta.ru/me/relation/1046_3_NORMAL'NAJa">
      <rel_text>интегральные</rel_text>
      <target>http://libmeta.ru/me/article/622_INTEGRIRUGMA</target>
    </relation>
    <relation uri="http://libmeta.ru/me/relation/1046_4_NORMAL'NAJa">
      <rel_text>Фредгольма уравнения</rel_text>
      <target>http://libmeta.ru/me/article/751_FREDGOL'MA</target>
    </relation>
    <relation uri="http://libmeta.ru/me/relation/1046_5_NORMAL'NAJa">
      <rel_text>уравнения</rel_text>
      <target>http://libmeta.ru/me/article/106_URAVNENI</target>
    </relation>
    <relation uri="http://libmeta.ru/me/relation/1046_6_NORMAL'NAJa">
      <rel_text>уравнения</rel_text>
      <target>http://libmeta.ru/me/article/106_URAVNENI</target>
    </relation>
    <relation uri="http://libmeta.ru/me/relation/1046_7_NORMAL'NAJa">
      <rel_text>линейного интегрального</rel_text>
      <target>http://libmeta.ru/me/article/325_LINEINAJa</target>
    </relation>
  </relations>
  <text>И н т е $URI[[http://libmeta.ru/me/formula/aux/1046_1_NORMAL'NAJa]]/URI$ р а л ьны $URI[[http://libmeta.ru/me/formula/aux/1046_2_NORMAL'NAJa]]/URI$ у $URI[[http://libmeta.ru/me/formula/aux/1046_3_NORMAL'NAJa]]/URI$ в н е н и й - свойство URI[[http://libmeta.ru/me/relation/1046_7_NORMAL'NAJa]]/URI URI[[http://libmeta.ru/me/relation/1046_6_NORMAL'NAJa]]/URI быть разрешимым тогда и только тогда, когда его шравая часть ортогональна всем решениям соответствующего сопряженного однородного URI[[http://libmeta.ru/me/relation/1046_5_NORMAL'NAJa]]/URI. При соответствующих условиях Н. р. обладают URI[[http://libmeta.ru/me/relation/1046_4_NORMAL'NAJa]]/URI, сингулярныс URI[[http://libmeta.ru/me/relation/1046_3_NORMAL'NAJa]]/URI ураенения, URI[[http://libmeta.ru/me/relation/1046_2_NORMAL'NAJa]]/URI URI[[http://libmeta.ru/me/relation/1046_1_NORMAL'NAJa]]/URI типа свертки.</text>
  <text_orig>И н т е $г$ р а л ьны $\mathbf{x}$ у $\mathbf{p}$ в н е н и й - свойство линейного интегрального уравнения быть разрешимым тогда и только тогда, когда его шравая часть ортогональна всем решениям соответствующего сопряженного однородного уравнения. При соответствующих условиях Н. р. обладают Фредгольма уравнения, сингулярныс интегральные ураенения, интегральные уравнения типа свертки.</text_orig>
</article>
