<?xml version="1.0" ?>
<article uri="http://libmeta.ru/me/article/1046_KONEChNOSTROChNYI" alphabetic_pos="1046">
  <title>КОНЕЧНОСТРОЧНЫИ МЕТОД СУММИРОВАНИЯ</title>
  <authors/>
  <pages>
    <start>514</start>
    <end>514</end>
  </pages>
  <literature>
    <literature_orig>лит.: [1] $\mathbf{x}$ а $\mathbf{p}$ д и Г., Расходящиеся ряды, пер. с англ., м., 1951 ; [2] К у к P., Бесконечные матрицы и пространства последовательностей, пер. с англ., М., 1960; [3] Б р у д н о А. Л., &quot; i a n G., &quot;proc. Amer. Math. Soc.&quot;, 1950, v. 1, p. 397-401.</literature_orig>
    <unit>
      <author>$\mathbf{x}$а$\mathbf{p}$ди Г.</author>
      <title>Расходящиеся ряды</title>
      <publication>пер. с англ., м.</publication>
      <year>1951</year>
      <other/>
    </unit>
    <unit>
      <author>Кук P.</author>
      <title>Бесконечные матрицы и пространства последовательностей</title>
      <publication>пер. с англ., М.</publication>
      <year>1960</year>
      <other/>
    </unit>
    <unit>
      <author>Брудно А. Л.</author>
      <author>&quot;ian G.</author>
      <title>&quot;proc. Amer. Math. Soc.&quot;</title>
      <publication/>
      <year>1950</year>
      <other>v. 1, p. 397-401.</other>
    </unit>
  </literature>
  <formulas_main/>
  <formulas_aux/>
  <relations n="19">
    <relation uri="http://libmeta.ru/me/relation/1046_1_KONEChNOSTROChNYI">
      <rel_text>последовательностей</rel_text>
      <target>http://libmeta.ru/me/article/534_POSLEDOVATEL'NOST</target>
    </relation>
    <relation uri="http://libmeta.ru/me/relation/1046_2_KONEChNOSTROChNYI">
      <rel_text>множестве</rel_text>
      <target>http://libmeta.ru/me/article/733_MNOZhESTV</target>
    </relation>
    <relation uri="http://libmeta.ru/me/relation/1046_3_KONEChNOSTROChNYI">
      <rel_text>равносильных</rel_text>
      <target>http://libmeta.ru/me/article/764_RAVNOVE.TIKA</target>
    </relation>
    <relation uri="http://libmeta.ru/me/relation/1046_4_KONEChNOSTROChNYI">
      <rel_text>методы</rel_text>
      <target>http://libmeta.ru/me/article/685_METRI</target>
    </relation>
    <relation uri="http://libmeta.ru/me/relation/1046_5_KONEChNOSTROChNYI">
      <rel_text>матричные</rel_text>
      <target>http://libmeta.ru/me/article/601_MATRITsAN</target>
    </relation>
    <relation uri="http://libmeta.ru/me/relation/1046_6_KONEChNOSTROChNYI">
      <rel_text>регулярыы</rel_text>
      <target>http://libmeta.ru/me/article/1037_REGULJaTO</target>
    </relation>
    <relation uri="http://libmeta.ru/me/relation/1046_7_KONEChNOSTROChNYI">
      <rel_text>последовательностей</rel_text>
      <target>http://libmeta.ru/me/article/534_POSLEDOVATEL'NOST</target>
    </relation>
    <relation uri="http://libmeta.ru/me/relation/1046_8_KONEChNOSTROChNYI">
      <rel_text>множестве</rel_text>
      <target>http://libmeta.ru/me/article/733_MNOZhESTV</target>
    </relation>
    <relation uri="http://libmeta.ru/me/relation/1046_9_KONEChNOSTROChNYI">
      <rel_text>Совместность методов суммирования</rel_text>
      <target>http://libmeta.ru/me/article/58_SOVMESTNOST'</target>
    </relation>
    <relation uri="http://libmeta.ru/me/relation/1046_10_KONEChNOSTROChNYI">
      <rel_text>методов суммирования</rel_text>
      <target>http://libmeta.ru/me/article/295_SUMMIROVANIJa</target>
    </relation>
    <relation uri="http://libmeta.ru/me/relation/1046_11_KONEChNOSTROChNYI">
      <rel_text>равносільныї</rel_text>
      <target>http://libmeta.ru/me/article/764_RAVNOVE.TIKA</target>
    </relation>
    <relation uri="http://libmeta.ru/me/relation/1046_12_KONEChNOSTROChNYI">
      <rel_text>последовательностей</rel_text>
      <target>http://libmeta.ru/me/article/534_POSLEDOVATEL'NOST</target>
    </relation>
    <relation uri="http://libmeta.ru/me/relation/1046_13_KONEChNOSTROChNYI">
      <rel_text>метода</rel_text>
      <target>http://libmeta.ru/me/article/685_METRI</target>
    </relation>
    <relation uri="http://libmeta.ru/me/relation/1046_14_KONEChNOSTROChNYI">
      <rel_text>матрічного</rel_text>
      <target>http://libmeta.ru/me/article/601_MATRITsAN</target>
    </relation>
    <relation uri="http://libmeta.ru/me/relation/1046_15_KONEChNOSTROChNYI">
      <rel_text>методы</rel_text>
      <target>http://libmeta.ru/me/article/685_METRI</target>
    </relation>
    <relation uri="http://libmeta.ru/me/relation/1046_16_KONEChNOSTROChNYI">
      <rel_text>число</rel_text>
      <target>http://libmeta.ru/me/article/1009_ChISL</target>
    </relation>
    <relation uri="http://libmeta.ru/me/relation/1046_17_KONEChNOSTROChNYI">
      <rel_text>матрıцей</rel_text>
      <target>http://libmeta.ru/me/article/600_MATRITs</target>
    </relation>
    <relation uri="http://libmeta.ru/me/relation/1046_18_KONEChNOSTROChNYI">
      <rel_text>матрıцей</rel_text>
      <target>http://libmeta.ru/me/article/600_MATRITs</target>
    </relation>
    <relation uri="http://libmeta.ru/me/relation/1046_19_KONEChNOSTROChNYI">
      <rel_text>матричный</rel_text>
      <target>http://libmeta.ru/me/article/601_MATRITsAN</target>
    </relation>
  </relations>
  <text>URI[[http://libmeta.ru/me/relation/1046_19_KONEChNOSTROChNYI]]/URI метод суммирования, определенный конечнострочной URI[[http://libmeta.ru/me/relation/1046_18_KONEChNOSTROChNYI]]/URI - URI[[http://libmeta.ru/me/relation/1046_17_KONEChNOSTROChNYI]]/URI, каждая строка к-рой содержит только конечное URI[[http://libmeta.ru/me/relation/1046_16_KONEChNOSTROChNYI]]/URI отличных от нуля элементов. Важным частным случаем Ir. м. с. являются треугольные URI[[http://libmeta.ru/me/relation/1046_15_KONEChNOSTROChNYI]]/URI су.ммирования.

Для любого регулярного URI[[http://libmeta.ru/me/relation/1046_14_KONEChNOSTROChNYI]]/URI URI[[http://libmeta.ru/me/relation/1046_13_KONEChNOSTROChNYI]]/URI суммирования URI[[http://libmeta.ru/me/relation/1046_12_KONEChNOSTROChNYI]]/URI можно построить К. м. с. URI[[http://libmeta.ru/me/relation/1046_11_KONEChNOSTROChNYI]]/URI и совместныї̈ (см. Включение URI[[http://libmeta.ru/me/relation/1046_10_KONEChNOSTROChNYI]]/URI іi URI[[http://libmeta.ru/me/relation/1046_9_KONEChNOSTROChNYI]]/URI) с нгм на URI[[http://libmeta.ru/me/relation/1046_8_KONEChNOSTROChNYI]]/URI огрангченных URI[[http://libmeta.ru/me/relation/1046_7_KONEChNOSTROChNYI]]/URI (см. [3]). Однако существуют URI[[http://libmeta.ru/me/relation/1046_6_KONEChNOSTROChNYI]]/URI URI[[http://libmeta.ru/me/relation/1046_5_KONEChNOSTROChNYI]]/URI URI[[http://libmeta.ru/me/relation/1046_4_KONEChNOSTROChNYI]]/URI суммированія, для к-рых нет URI[[http://libmeta.ru/me/relation/1046_3_KONEChNOSTROChNYI]]/URI ફ.. м. с. на URI[[http://libmeta.ru/me/relation/1046_2_KONEChNOSTROChNYI]]/URI всех URI[[http://libmeta.ru/me/relation/1046_1_KONEChNOSTROChNYI]]/URI (пример см. [4]).</text>
  <text_orig>матричный метод суммирования, определенный конечнострочной матрıцей - матрıцей, каждая строка к-рой содержит только конечное число отличных от нуля элементов. Важным частным случаем IR. м. с. являются треугольные методы су.ммирования.

Для любого регулярного матрічного метода суммирования последовательностей можно построить К. м. с. равносільныї и совместныї̈ (см. Включение методов суммирования іI Совместность методов суммирования) с нгм на множестве огрангченных последовательностей (см. [3]). Однако существуют регулярыы матричные методы суммированія, для к-рых нет равносильных ફ.. м. с. на множестве всех последовательностей (пример см. [4]).

лит.: [1] $\mathbf{x}$ а $\mathbf{p}$ д и Г., Расходящиеся ряды, пер. с англ., м., 1951 ; [2] К у к P., Бесконечные матрицы и пространства последовательностей, пер. с англ., М., 1960; [3] Б р у д н о А. Л., &quot; i a n G., &quot;Proc. Amer. Math. Soc.&quot;, 1950, v. 1, p. 397-401.</text_orig>
</article>
