<?xml version="1.0" ?>
<article uri="http://libmeta.ru/me/article/1047_REINOL'DSA" alphabetic_pos="1047">
  <title>РЕИНОЛЬДСА ЧИСЛО</title>
  <authors/>
  <pages>
    <start>478</start>
    <end>478</end>
  </pages>
  <literature>
    <literature_orig/>
  </literature>
  <formulas_main>
    <formula uri="http://libmeta.ru/me/formula/main/1047_1_REINOL'DSA">\operatorname{Re}=\rho v l / \mu,</formula>
  </formulas_main>
  <formulas_aux>
    <formula uri="http://libmeta.ru/me/formula/aux/1047_1_REINOL'DSA">\rho</formula>
    <formula uri="http://libmeta.ru/me/formula/aux/1047_2_REINOL'DSA">\mu</formula>
    <formula uri="http://libmeta.ru/me/formula/aux/1047_3_REINOL'DSA">v</formula>
    <formula uri="http://libmeta.ru/me/formula/aux/1047_4_REINOL'DSA">l</formula>
    <formula uri="http://libmeta.ru/me/formula/aux/1047_5_REINOL'DSA">\operatorname{re}&lt;\operatorname{re}_{\text {кр }}</formula>
    <formula uri="http://libmeta.ru/me/formula/aux/1047_6_REINOL'DSA">\operatorname{re}&gt;\operatorname{re}_{\text {кр }}</formula>
  </formulas_aux>
  <relations n="1">
    <relation uri="http://libmeta.ru/me/relation/1047_1_REINOL'DSA">
      <rel_text>статъи</rel_text>
      <target>http://libmeta.ru/me/article/183_STATIK</target>
    </relation>
  </relations>
  <text>один из критериев подобия для течений вязких жидкостей и газов, характеризующий соотношение между инерционными силами и силами вязкости:

\[
URI[[http://libmeta.ru/me/formula/main/1047_1_REINOL'DSA]]/URI
\]

где $URI[[http://libmeta.ru/me/formula/aux/1047_1_REINOL'DSA]]/URI$ - плотность, $URI[[http://libmeta.ru/me/formula/aux/1047_2_REINOL'DSA]]/URI$ - динамич. коэффициент вязкости жидкости или газа, $URI[[http://libmeta.ru/me/formula/aux/1047_3_REINOL'DSA]]/URI$ - характерная скорость потока, $URI[[http://libmeta.ru/me/formula/aux/1047_4_REINOL'DSA]]/URI$ - характерный линейный размер.

От Р. ч. зависит также режим течения жидкости, характеризуемый к р и т и ч е с к и м Р.ч. Re кр. При $URI[[http://libmeta.ru/me/formula/aux/1047_5_REINOL'DSA]]/URI$ возможно лишь ламинарное течение жидкости, a при $URI[[http://libmeta.ru/me/formula/aux/1047_6_REINOL'DSA]]/URI$ течение может стать турбулентным.

Р. ч. названо по имени О. Рейнольдса (o. Reynolds).

По материалам одноименной URI[[http://libmeta.ru/me/relation/1047_1_REINOL'DSA]]/URI из Бсэ-з.</text>
  <text_orig>один из критериев подобия для течений вязких жидкостей и газов, характеризующий соотношение между инерционными силами и силами вязкости:

\[
\operatorname{Re}=\rho v l / \mu,
\]

где $\rho$ - плотность, $\mu$ - динамич. коэффициент вязкости жидкости или газа, $v$ - характерная скорость потока, $l$ - характерный линейный размер.

От Р. ч. зависит также режим течения жидкости, характеризуемый к р и т и ч е с к и м Р.ч. Re кр. При $\operatorname{Re}&lt;\operatorname{Re}_{\text {кр }}$ возможно лишь ламинарное течение жидкости, a при $\operatorname{Re}&gt;\operatorname{Re}_{\text {кр }}$ течение может стать турбулентным.

Р. ч. названо по имени О. Рейнольдса (O. Reynolds).

По материалам одноименной статъи из БСЭ-з.</text_orig>
</article>
