<?xml version="1.0" ?>
<article uri="http://libmeta.ru/me/article/1047_NORMAL'NAJa" alphabetic_pos="1047">
  <title>НОРМАЛЬНАЯ СХЕМА</title>
  <authors/>
  <pages>
    <start>527</start>
    <end>527</end>
  </pages>
  <literature>
    <literature_orig/>
  </literature>
  <formulas_main/>
  <formulas_aux>
    <formula uri="http://libmeta.ru/me/formula/aux/1047_1_NORMAL'NAJa">о</formula>
    <formula uri="http://libmeta.ru/me/formula/aux/1047_2_NORMAL'NAJa">x</formula>
    <formula uri="http://libmeta.ru/me/formula/aux/1047_3_NORMAL'NAJa">x \in X</formula>
    <formula uri="http://libmeta.ru/me/formula/aux/1047_4_NORMAL'NAJa">\leqslant 1</formula>
    <formula uri="http://libmeta.ru/me/formula/aux/1047_5_NORMAL'NAJa">o_{x}, x</formula>
    <formula uri="http://libmeta.ru/me/formula/aux/1047_6_NORMAL'NAJa">x \in X</formula>
    <formula uri="http://libmeta.ru/me/formula/aux/1047_7_NORMAL'NAJa">&gt;1</formula>
    <formula uri="http://libmeta.ru/me/formula/aux/1047_8_NORMAL'NAJa">o_{x, x}</formula>
    <formula uri="http://libmeta.ru/me/formula/aux/1047_9_NORMAL'NAJa">x</formula>
    <formula uri="http://libmeta.ru/me/formula/aux/1047_10_NORMAL'NAJa">x^{h}</formula>
    <formula uri="http://libmeta.ru/me/formula/aux/1047_11_NORMAL'NAJa">x</formula>
    <formula uri="http://libmeta.ru/me/formula/aux/1047_12_NORMAL'NAJa">x</formula>
    <formula uri="http://libmeta.ru/me/formula/aux/1047_13_NORMAL'NAJa">x</formula>
    <formula uri="http://libmeta.ru/me/formula/aux/1047_14_NORMAL'NAJa">\boldsymbol{x}</formula>
    <formula uri="http://libmeta.ru/me/formula/aux/1047_15_NORMAL'NAJa">x</formula>
    <formula uri="http://libmeta.ru/me/formula/aux/1047_16_NORMAL'NAJa">x</formula>
    <formula uri="http://libmeta.ru/me/formula/aux/1047_17_NORMAL'NAJa">\boldsymbol{x}</formula>
  </formulas_aux>
  <relations n="14">
    <relation uri="http://libmeta.ru/me/relation/1047_1_NORMAL'NAJa">
      <rel_text>кольцо</rel_text>
      <target>http://libmeta.ru/me/article/1000_KOL'Ts</target>
    </relation>
    <relation uri="http://libmeta.ru/me/relation/1047_2_NORMAL'NAJa">
      <rel_text>кольпа</rel_text>
      <target>http://libmeta.ru/me/article/1000_KOL'Ts</target>
    </relation>
    <relation uri="http://libmeta.ru/me/relation/1047_3_NORMAL'NAJa">
      <rel_text>коразмерности</rel_text>
      <target>http://libmeta.ru/me/article/8_KORAZMERNOST</target>
    </relation>
    <relation uri="http://libmeta.ru/me/relation/1047_4_NORMAL'NAJa">
      <rel_text>регулярно</rel_text>
      <target>http://libmeta.ru/me/article/1037_REGULJaTO</target>
    </relation>
    <relation uri="http://libmeta.ru/me/relation/1047_5_NORMAL'NAJa">
      <rel_text>локальное кольцо</rel_text>
      <target>http://libmeta.ru/me/article/455_LOKAL'NOE</target>
    </relation>
    <relation uri="http://libmeta.ru/me/relation/1047_6_NORMAL'NAJa">
      <rel_text>коразмерности</rel_text>
      <target>http://libmeta.ru/me/article/8_KORAZMERNOST</target>
    </relation>
    <relation uri="http://libmeta.ru/me/relation/1047_7_NORMAL'NAJa">
      <rel_text>коразмерность</rel_text>
      <target>http://libmeta.ru/me/article/8_KORAZMERNOST</target>
    </relation>
    <relation uri="http://libmeta.ru/me/relation/1047_8_NORMAL'NAJa">
      <rel_text>совпадают</rel_text>
      <target>http://libmeta.ru/me/article/59_SOVPADENI</target>
    </relation>
    <relation uri="http://libmeta.ru/me/relation/1047_9_NORMAL'NAJa">
      <rel_text>компоненты</rel_text>
      <target>http://libmeta.ru/me/article/1022_KOMPOZitsI</target>
    </relation>
    <relation uri="http://libmeta.ru/me/relation/1047_10_NORMAL'NAJa">
      <rel_text>неприводимой</rel_text>
      <target>http://libmeta.ru/me/article/957_NEPRERYVNOST</target>
    </relation>
    <relation uri="http://libmeta.ru/me/relation/1047_11_NORMAL'NAJa">
      <rel_text>связной</rel_text>
      <target>http://libmeta.ru/me/article/1222_SVJaZK</target>
    </relation>
    <relation uri="http://libmeta.ru/me/relation/1047_12_NORMAL'NAJa">
      <rel_text>кольце</rel_text>
      <target>http://libmeta.ru/me/article/1000_KOL'Ts</target>
    </relation>
    <relation uri="http://libmeta.ru/me/relation/1047_13_NORMAL'NAJa">
      <rel_text>полном</rel_text>
      <target>http://libmeta.ru/me/article/501_POLI0</target>
    </relation>
    <relation uri="http://libmeta.ru/me/relation/1047_14_NORMAL'NAJa">
      <rel_text>локалыные кольца</rel_text>
      <target>http://libmeta.ru/me/article/455_LOKAL'NOE</target>
    </relation>
  </relations>
  <text>схема, все URI[[http://libmeta.ru/me/relation/1047_14_NORMAL'NAJa]]/URI к-рой являются н о р м а л Б Н м и к о л ьц а м I (т. е. приведенными и целозамкнутыми в URI[[http://libmeta.ru/me/relation/1047_13_NORMAL'NAJa]]/URI URI[[http://libmeta.ru/me/relation/1047_12_NORMAL'NAJa]]/URI частных). Н. с. локалыно неприводима; для такой схемы понятпя URI[[http://libmeta.ru/me/relation/1047_11_NORMAL'NAJa]]/URI и URI[[http://libmeta.ru/me/relation/1047_10_NORMAL'NAJa]]/URI URI[[http://libmeta.ru/me/relation/1047_9_NORMAL'NAJa]]/URI URI[[http://libmeta.ru/me/relation/1047_8_NORMAL'NAJa]]/URI. Мшожество особых точек нётеровой Н. с. имеет URI[[http://libmeta.ru/me/relation/1047_7_NORMAL'NAJa]]/URI, бо́льшую 1. Имеется следующй̈ к р и т е р й й $URI[[http://libmeta.ru/me/formula/aux/1047_1_NORMAL'NAJa]]/URI$ р м а л ь н о с т и [1]: нётерова схема $URI[[http://libmeta.ru/me/formula/aux/1047_2_NORMAL'NAJa]]/URI$ нормальна тогда и только тогда, когда выполняются два условия: 1) для любой точки $URI[[http://libmeta.ru/me/formula/aux/1047_3_NORMAL'NAJa]]/URI$ URI[[http://libmeta.ru/me/relation/1047_6_NORMAL'NAJa]]/URI $URI[[http://libmeta.ru/me/formula/aux/1047_4_NORMAL'NAJa]]/URI$ URI[[http://libmeta.ru/me/relation/1047_5_NORMAL'NAJa]]/URI $URI[[http://libmeta.ru/me/formula/aux/1047_5_NORMAL'NAJa]]/URI$ URI[[http://libmeta.ru/me/relation/1047_4_NORMAL'NAJa]]/URI; 2) для любой точки $URI[[http://libmeta.ru/me/formula/aux/1047_6_NORMAL'NAJa]]/URI$ URI[[http://libmeta.ru/me/relation/1047_3_NORMAL'NAJa]]/URI $URI[[http://libmeta.ru/me/formula/aux/1047_7_NORMAL'NAJa]]/URI$ глубина URI[[http://libmeta.ru/me/relation/1047_2_NORMAL'NAJa]]/URI $URI[[http://libmeta.ru/me/formula/aux/1047_8_NORMAL'NAJa]]/URI$ больше 1. Для любой приведенной схемы $URI[[http://libmeta.ru/me/formula/aux/1047_9_NORMAL'NAJa]]/URI$ существует канонически свлзанная с ней H. с. $URI[[http://libmeta.ru/me/formula/aux/1047_10_NORMAL'NAJa]]/URI$ (н о р м а л и з а и я). $URI[[http://libmeta.ru/me/formula/aux/1047_11_NORMAL'NAJa]]/URI$-схема $URI[[http://libmeta.ru/me/formula/aux/1047_12_NORMAL'NAJa]]/URI$ является целой, хотя и не всегда конечной над $URI[[http://libmeta.ru/me/formula/aux/1047_13_NORMAL'NAJa]]/URI$. Однако если схема $URI[[http://libmeta.ru/me/formula/aux/1047_14_NORMAL'NAJa]]/URI$ превосходная (см. Піревосходное URI[[http://libmeta.ru/me/relation/1047_1_NORMAL'NAJa]]/URI), напр. если $URI[[http://libmeta.ru/me/formula/aux/1047_15_NORMAL'NAJa]]/URI$ схема конечного типа над полем, то $URI[[http://libmeta.ru/me/formula/aux/1047_16_NORMAL'NAJa]]/URI$ Н является конечной над $URI[[http://libmeta.ru/me/formula/aux/1047_17_NORMAL'NAJa]]/URI$.

![](https://cdn.mathpix.com/cropped/2023_07_08_b696bbc6b7a835bcc8fag-1.jpg?height=47&amp;width=836&amp;top_left_y=1455&amp;top_left_x=118)
с. Н-93.</text>
  <text_orig>схема, все локалыные кольца к-рой являются н о р м а л Б Н м и к о л ьц а м I (т. е. приведенными и целозамкнутыми в полном кольце частных). Н. с. локалыно неприводима; для такой схемы понятпя связной и неприводимой компоненты совпадают. Мшожество особых точек нётеровой Н. с. имеет коразмерность, бо́льшую 1. Имеется следующй̈ к р и т е р й й $о$ р м а л ь н о с т и [1]: нётерова схема $X$ нормальна тогда и только тогда, когда выполняются два условия: 1) для любой точки $x \in X$ коразмерности $\leqslant 1$ локальное кольцо $O_{X}, x$ регулярно; 2) для любой точки $x \in X$ коразмерности $&gt;1$ глубина кольпа $O_{X, x}$ больше 1. Для любой приведенной схемы $X$ существует канонически свлзанная с ней H. с. $X^{H}$ (н о р м а л и з а и я). $X$-схема $X$ является целой, хотя и не всегда конечной над $X$. Однако если схема $\boldsymbol{X}$ превосходная (см. Піревосходное кольцо), напр. если $X$ схема конечного типа над полем, то $X$ Н является конечной над $\boldsymbol{X}$.

![](https://cdn.mathpix.com/cropped/2023_07_08_b696bbc6b7a835bcc8fag-1.jpg?height=47&amp;width=836&amp;top_left_y=1455&amp;top_left_x=118)
с. Н-93.</text_orig>
</article>
