<?xml version="1.0" ?>
<article uri="http://libmeta.ru/me/article/1047_KONEChNYH" alphabetic_pos="1047">
  <title>КОНЕЧНЫХ ПРИРАЩЕНИЙ ФОРМУЛА</title>
  <authors>
    <author>Л. Д. Кудрявчев</author>
  </authors>
  <pages>
    <start>514</start>
    <end>514</end>
  </pages>
  <literature>
    <literature_orig/>
  </literature>
  <formulas_main>
    <formula uri="http://libmeta.ru/me/formula/main/1047_1_KONEChNYH">f(b)-f(a)=f^{\prime}(\xi)(b-a), \quad a&lt;\xi&lt;b .</formula>
    <formula uri="http://libmeta.ru/me/formula/main/1047_2_KONEChNYH">f(x+\Delta x)-f(x)=f^{\prime}(x+\theta \Delta x) \Delta x, \quad a&lt;\theta&lt;1 .</formula>
    <formula uri="http://libmeta.ru/me/formula/main/1047_3_KONEChNYH">f(x+\Delta x)-f(x)=\sum_{i=1}^{n} \frac{\partial f(\xi)}{\partial x_{i}} \Delta x_{i}</formula>
  </formulas_main>
  <formulas_aux>
    <formula uri="http://libmeta.ru/me/formula/aux/1047_1_KONEChNYH">f</formula>
    <formula uri="http://libmeta.ru/me/formula/aux/1047_2_KONEChNYH">[a, b]</formula>
    <formula uri="http://libmeta.ru/me/formula/aux/1047_3_KONEChNYH">f</formula>
    <formula uri="http://libmeta.ru/me/formula/aux/1047_4_KONEChNYH">(a, f(a)),(b, f(b))</formula>
    <formula uri="http://libmeta.ru/me/formula/aux/1047_5_KONEChNYH">\xi, a&lt;\xi&lt;b</formula>
    <formula uri="http://libmeta.ru/me/formula/aux/1047_6_KONEChNYH">(\xi, f(\xi))</formula>
    <formula uri="http://libmeta.ru/me/formula/aux/1047_7_KONEChNYH">f</formula>
    <formula uri="http://libmeta.ru/me/formula/aux/1047_8_KONEChNYH">g</formula>
    <formula uri="http://libmeta.ru/me/formula/aux/1047_9_KONEChNYH">x=\left(x_{1}, \ldots, x_{n}\right) \in G, x+\Delta x=</formula>
    <formula uri="http://libmeta.ru/me/formula/aux/1047_10_KONEChNYH">=\left(x_{1}+\delta x_{1}, \ldots, x_{n}+\Delta x_{n}\right) \in G</formula>
    <formula uri="http://libmeta.ru/me/formula/aux/1047_11_KONEChNYH">\xi=\left(\xi_{1}, \ldots, \xi_{n}\right)</formula>
    <formula uri="http://libmeta.ru/me/formula/aux/1047_12_KONEChNYH">x</formula>
    <formula uri="http://libmeta.ru/me/formula/aux/1047_13_KONEChNYH">x+\delta x</formula>
  </formulas_aux>
  <relations n="6">
    <relation uri="http://libmeta.ru/me/relation/1047_1_KONEChNYH">
      <rel_text>Ii</rel_text>
      <target>http://libmeta.ru/me/article/370_II</target>
    </relation>
    <relation uri="http://libmeta.ru/me/relation/1047_2_KONEChNYH">
      <rel_text>отрезке</rel_text>
      <target>http://libmeta.ru/me/article/135_OTREZO</target>
    </relation>
    <relation uri="http://libmeta.ru/me/relation/1047_3_KONEChNYH">
      <rel_text>евклидова пространства</rel_text>
      <target>http://libmeta.ru/me/article/386_EVKLIDOVO</target>
    </relation>
    <relation uri="http://libmeta.ru/me/relation/1047_4_KONEChNYH">
      <rel_text>функция</rel_text>
      <target>http://libmeta.ru/me/article/790_FUNKTO</target>
    </relation>
    <relation uri="http://libmeta.ru/me/relation/1047_5_KONEChNYH">
      <rel_text>переменных</rel_text>
      <target>http://libmeta.ru/me/article/222_PEREGÓROD</target>
    </relation>
    <relation uri="http://libmeta.ru/me/relation/1047_6_KONEChNYH">
      <rel_text>функцігі</rel_text>
      <target>http://libmeta.ru/me/article/790_FUNKTO</target>
    </relation>
  </relations>
  <text>Ф 0 рм у ла к о н е ч ны ж а,- формула, выражающая пргращение функции через значение пропзводной в промежуточной точке. Еслiг функция $URI[[http://libmeta.ru/me/formula/aux/1047_1_KONEChNYH]]/URI$ непрерывна на отрезке $URI[[http://libmeta.ru/me/formula/aux/1047_2_KONEChNYH]]/URI$ числовой оси I диффференцируема в его внутренних точках, тогда

\[
URI[[http://libmeta.ru/me/formula/main/1047_1_KONEChNYH]]/URI
\]

F. п. ф. записывают также в виде

\[
URI[[http://libmeta.ru/me/formula/main/1047_2_KONEChNYH]]/URI
\]

Геометрич. смысл К. П. ф.: для хорды графика функциi $URI[[http://libmeta.ru/me/formula/aux/1047_3_KONEChNYH]]/URI$ с концамі в точках $URI[[http://libmeta.ru/me/formula/aux/1047_4_KONEChNYH]]/URI$ существует такая точка $URI[[http://libmeta.ru/me/formula/aux/1047_5_KONEChNYH]]/URI$, что касательная к графику функциi в точке $URI[[http://libmeta.ru/me/formula/aux/1047_6_KONEChNYH]]/URI$ параллельна указанной хорде (см. pic.).

K. п. ф. обобщается на URI[[http://libmeta.ru/me/relation/1047_6_KONEChNYH]]/URI многих URI[[http://libmeta.ru/me/relation/1047_5_KONEChNYH]]/URI: если URI[[http://libmeta.ru/me/relation/1047_4_KONEChNYH]]/URI $URI[[http://libmeta.ru/me/formula/aux/1047_7_KONEChNYH]]/URI$ діфференцируема в каждой точке вы-

![](https://cdn.mathpix.com/cropped/2023_07_08_43a9da4d46c1d7c8440bg-1.jpg?height=486&amp;width=541&amp;top_left_y=496&amp;top_left_x=1131)

пуклої областіг $URI[[http://libmeta.ru/me/formula/aux/1047_8_KONEChNYH]]/URI$-мерного URI[[http://libmeta.ru/me/relation/1047_3_KONEChNYH]]/URI, то для каждой пары точек $URI[[http://libmeta.ru/me/formula/aux/1047_9_KONEChNYH]]/URI$ $URI[[http://libmeta.ru/me/formula/aux/1047_10_KONEChNYH]]/URI$ существует такая точка $URI[[http://libmeta.ru/me/formula/aux/1047_11_KONEChNYH]]/URI$, лежащая на URI[[http://libmeta.ru/me/relation/1047_2_KONEChNYH]]/URI с концами в точках $URI[[http://libmeta.ru/me/formula/aux/1047_12_KONEChNYH]]/URI$ URI[[http://libmeta.ru/me/relation/1047_1_KONEChNYH]]/URI $URI[[http://libmeta.ru/me/formula/aux/1047_13_KONEChNYH]]/URI$, что

\[
URI[[http://libmeta.ru/me/formula/main/1047_3_KONEChNYH]]/URI
\]</text>
  <text_orig>Ф 0 рм у ла к о н е ч ны ж а,- формула, выражающая пргращение функции через значение пропзводной в промежуточной точке. ЕслIг функция $f$ непрерывна на отрезке $[a, b]$ числовой оси I диффференцируема в его внутренних точках, тогда

\[
f(b)-f(a)=f^{\prime}(\xi)(b-a), \quad a&lt;\xi&lt;b .
\]

F. п. ф. записывают также в виде

\[
f(x+\Delta x)-f(x)=f^{\prime}(x+\theta \Delta x) \Delta x, \quad a&lt;\theta&lt;1 .
\]

Геометрич. смысл К. П. ф.: для хорды графика функциI $f$ с концамі в точках $(a, f(a)),(b, f(b))$ существует такая точка $\xi, a&lt;\xi&lt;b$, что касательная к графику функциI в точке $(\xi, f(\xi))$ параллельна указанной хорде (см. pic.).

K. п. ф. обобщается на функцігі многих переменных: если функция $f$ діфференцируема в каждой точке вы-

![](https://cdn.mathpix.com/cropped/2023_07_08_43a9da4d46c1d7c8440bg-1.jpg?height=486&amp;width=541&amp;top_left_y=496&amp;top_left_x=1131)

пуклої областіг $G$-мерного евклидова пространства, то для каждой пары точек $x=\left(x_{1}, \ldots, x_{n}\right) \in G, x+\Delta x=$ $=\left(x_{1}+\Delta x_{1}, \ldots, x_{n}+\Delta x_{n}\right) \in G$ существует такая точка $\xi=\left(\xi_{1}, \ldots, \xi_{n}\right)$, лежащая на отрезке с концами в точках $x$ II $x+\Delta x$, что

\[
f(x+\Delta x)-f(x)=\sum_{i=1}^{n} \frac{\partial f(\xi)}{\partial x_{i}} \Delta x_{i}
\]

Л. Д. Кудрявчев.</text_orig>
</article>
