<?xml version="1.0" ?>
<article uri="http://libmeta.ru/me/article/1048_SAL'NAJa" alphabetic_pos="1048">
  <title>САЛЬНАЯ СХОДИМОСТЬ</title>
  <authors/>
  <pages>
    <start>527</start>
    <end>527</end>
  </pages>
  <literature>
    <literature_orig>Лum.: [1] б у р б а к и Н., Общая топология, пер. с франц., М., 1975; [2] е г о ж е, Функции действительного переменного.Элементарная теория, пер. с франц., М., 1965; [3] ш в а р ц Ј., Элементарная теория, пер. с франц., М., 1965; [3] Ш в а р ц Јi.,Анализ, пер. с форанц., т. 1, М., 1972.</literature_orig>
    <unit>
      <author>бурбаки Н.</author>
      <title>Общая топология</title>
      <publication>пер. с франц., М.</publication>
      <year>1975</year>
      <other/>
    </unit>
    <unit>
      <title>е г о ж е, Функции действительного переменного.Элементарная теория</title>
      <publication>пер. с франц., М.</publication>
      <year>1965</year>
      <other/>
    </unit>
    <unit>
      <title>ш в а р ц Ј., Элементарная теория</title>
      <publication>пер. с франц., М.</publication>
      <year>1965</year>
      <other>Анализ, пер. с форанц., т. 1, М., 1972.</other>
    </unit>
  </literature>
  <formulas_main>
    <formula uri="http://libmeta.ru/me/formula/main/1048_1_SAL'NAJa">f=\sum_{k=1}^{\infty} u_{k}</formula>
    <formula uri="http://libmeta.ru/me/formula/main/1048_2_SAL'NAJa">\left\|u_{k}\right\|=\sup \left\{\left\|u_{k}(x)\right\|: x \in X\right\}</formula>
    <formula uri="http://libmeta.ru/me/formula/main/1048_3_SAL'NAJa">\int_{I} f(t) d t=\sum_{k=1}^{\infty} \int_{I} u_{k}(t) d t .</formula>
    <formula uri="http://libmeta.ru/me/formula/main/1048_4_SAL'NAJa">\int_{I} f(t ; \lambda) d t, \lambda \in A,</formula>
  </formulas_main>
  <formulas_aux>
    <formula uri="http://libmeta.ru/me/formula/aux/1048_1_SAL'NAJa">u_{k}: X \rightarrow</formula>
    <formula uri="http://libmeta.ru/me/formula/aux/1048_2_SAL'NAJa">\rightarrow Y</formula>
    <formula uri="http://libmeta.ru/me/formula/aux/1048_3_SAL'NAJa">x</formula>
    <formula uri="http://libmeta.ru/me/formula/aux/1048_4_SAL'NAJa">y</formula>
    <formula uri="http://libmeta.ru/me/formula/aux/1048_5_SAL'NAJa">\sum_{k=1}^{\infty}\left\|u_{k}\right\|</formula>
    <formula uri="http://libmeta.ru/me/formula/aux/1048_6_SAL'NAJa">\sum_{k=1}^{\infty} u_{k}(x)</formula>
    <formula uri="http://libmeta.ru/me/formula/aux/1048_7_SAL'NAJa">y</formula>
    <formula uri="http://libmeta.ru/me/formula/aux/1048_8_SAL'NAJa">u_{k}: \mathbb{R} \rightarrow \mathbb{R}</formula>
    <formula uri="http://libmeta.ru/me/formula/aux/1048_9_SAL'NAJa">u_{k}(x)=\sin \pi x / k</formula>
    <formula uri="http://libmeta.ru/me/formula/aux/1048_10_SAL'NAJa">k \leqslant x \leqslant k+1</formula>
    <formula uri="http://libmeta.ru/me/formula/aux/1048_11_SAL'NAJa">u_{k}(x)=0</formula>
    <formula uri="http://libmeta.ru/me/formula/aux/1048_12_SAL'NAJa">x \in \mathbb{R} \backslash[k, k+1]</formula>
    <formula uri="http://libmeta.ru/me/formula/aux/1048_13_SAL'NAJa">\sum_{k=1}^{\infty} u_{k}(x)</formula>
    <formula uri="http://libmeta.ru/me/formula/aux/1048_14_SAL'NAJa">\sum_{k=1}^{\infty}\left\|u_{k}\right\|=</formula>
    <formula uri="http://libmeta.ru/me/formula/aux/1048_15_SAL'NAJa">=\sum_{k=1}^{\infty} 1 / k</formula>
    <formula uri="http://libmeta.ru/me/formula/aux/1048_16_SAL'NAJa">u_{k}: \mathbb{R} \rightarrow Y-</formula>
    <formula uri="http://libmeta.ru/me/formula/aux/1048_17_SAL'NAJa">i \subset \mathbb{R}</formula>
    <formula uri="http://libmeta.ru/me/formula/aux/1048_18_SAL'NAJa">i</formula>
    <formula uri="http://libmeta.ru/me/formula/aux/1048_19_SAL'NAJa">\mathbf{x}</formula>
    <formula uri="http://libmeta.ru/me/formula/aux/1048_20_SAL'NAJa">a</formula>
    <formula uri="http://libmeta.ru/me/formula/aux/1048_21_SAL'NAJa">g: \mathbb{R} \rightarrow \mathbb{R}</formula>
    <formula uri="http://libmeta.ru/me/formula/aux/1048_22_SAL'NAJa">x \in I</formula>
    <formula uri="http://libmeta.ru/me/formula/aux/1048_23_SAL'NAJa">\lambda \in A</formula>
    <formula uri="http://libmeta.ru/me/formula/aux/1048_24_SAL'NAJa">\|f(x ; \lambda)\| \leqslant g(x)</formula>
    <formula uri="http://libmeta.ru/me/formula/aux/1048_25_SAL'NAJa">\int_{i} g(t) d t</formula>
  </formulas_aux>
  <relations n="9">
    <relation uri="http://libmeta.ru/me/relation/1048_1_SAL'NAJa">
      <rel_text>сходимость</rel_text>
      <target>http://libmeta.ru/me/article/333_SHODIMOST</target>
    </relation>
    <relation uri="http://libmeta.ru/me/relation/1048_2_SAL'NAJa">
      <rel_text>равномерная</rel_text>
      <target>http://libmeta.ru/me/article/766_RAVNOVELIKA</target>
    </relation>
    <relation uri="http://libmeta.ru/me/relation/1048_3_SAL'NAJa">
      <rel_text>интеграла</rel_text>
      <target>http://libmeta.ru/me/article/583_INTEGRA</target>
    </relation>
    <relation uri="http://libmeta.ru/me/relation/1048_4_SAL'NAJa">
      <rel_text>Ii</rel_text>
      <target>http://libmeta.ru/me/article/370_II</target>
    </relation>
    <relation uri="http://libmeta.ru/me/relation/1048_5_SAL'NAJa">
      <rel_text>интеграл</rel_text>
      <target>http://libmeta.ru/me/article/583_INTEGRA</target>
    </relation>
    <relation uri="http://libmeta.ru/me/relation/1048_6_SAL'NAJa">
      <rel_text>неравенство</rel_text>
      <target>http://libmeta.ru/me/article/973_NERAVENSTV</target>
    </relation>
    <relation uri="http://libmeta.ru/me/relation/1048_7_SAL'NAJa">
      <rel_text>функция</rel_text>
      <target>http://libmeta.ru/me/article/790_FUNKTO</target>
    </relation>
    <relation uri="http://libmeta.ru/me/relation/1048_8_SAL'NAJa">
      <rel_text>множестве</rel_text>
      <target>http://libmeta.ru/me/article/733_MNOZhESTV</target>
    </relation>
    <relation uri="http://libmeta.ru/me/relation/1048_9_SAL'NAJa">
      <rel_text>Несобственный интеграл</rel_text>
      <target>http://libmeta.ru/me/article/990_NESOBSTVENNYJ</target>
    </relation>
  </relations>
  <text>сходимость ряда

\[
URI[[http://libmeta.ru/me/formula/main/1048_1_SAL'NAJa]]/URI
\]

составленного из ограниченных отображений $URI[[http://libmeta.ru/me/formula/aux/1048_1_SAL'NAJa]]/URI$ $URI[[http://libmeta.ru/me/formula/aux/1048_2_SAL'NAJa]]/URI$ множесгва $URI[[http://libmeta.ru/me/formula/aux/1048_3_SAL'NAJa]]/URI$ в нормированное пространство $URI[[http://libmeta.ru/me/formula/aux/1048_4_SAL'NAJa]]/URI$, такая, что сходится ряд с положительными членами $URI[[http://libmeta.ru/me/formula/aux/1048_5_SAL'NAJa]]/URI$, составленный из норм отображений

\[
URI[[http://libmeta.ru/me/formula/main/1048_2_SAL'NAJa]]/URI
\]

Из Н. с. ряда (1) вытекает абсолютная й равномерная сходимость ряда $URI[[http://libmeta.ru/me/formula/aux/1048_6_SAL'NAJa]]/URI$, состоящего из әлементов пространства $URI[[http://libmeta.ru/me/formula/aux/1048_7_SAL'NAJa]]/URI$; обратное заключение неверно. Напр., если $URI[[http://libmeta.ru/me/formula/aux/1048_8_SAL'NAJa]]/URI$ есть пействительная функция, определяемая равенствами: $URI[[http://libmeta.ru/me/formula/aux/1048_9_SAL'NAJa]]/URI$ при $URI[[http://libmeta.ru/me/formula/aux/1048_10_SAL'NAJa]]/URI$ и $URI[[http://libmeta.ru/me/formula/aux/1048_11_SAL'NAJa]]/URI$ при $URI[[http://libmeta.ru/me/formula/aux/1048_12_SAL'NAJa]]/URI$, то ряд $URI[[http://libmeta.ru/me/formula/aux/1048_13_SAL'NAJa]]/URI$ сходится абсолютно и равномерно, а ряд $URI[[http://libmeta.ru/me/formula/aux/1048_14_SAL'NAJa]]/URI$ $URI[[http://libmeta.ru/me/formula/aux/1048_15_SAL'NAJa]]/URI$ расходится.

Пусть, в частности, $URI[[http://libmeta.ru/me/formula/aux/1048_16_SAL'NAJa]]/URI$ кусочно непрерывные функции на нек-ром некомпактном интервале $URI[[http://libmeta.ru/me/formula/aux/1048_17_SAL'NAJa]]/URI$ и имеет место H. с. ряда (1), тогда возможно почленное интегрирование на интервале $URI[[http://libmeta.ru/me/formula/aux/1048_18_SAL'NAJa]]/URI$ :

\[
URI[[http://libmeta.ru/me/formula/main/1048_3_SAL'NAJa]]/URI
\]

URI[[http://libmeta.ru/me/relation/1048_9_SAL'NAJa]]/URI

\[
URI[[http://libmeta.ru/me/formula/main/1048_4_SAL'NAJa]]/URI
\]

наз. н о р м а ль н с $URI[[http://libmeta.ru/me/formula/aux/1048_19_SAL'NAJa]]/URI$ о д ящ и м с я на URI[[http://libmeta.ru/me/relation/1048_8_SAL'NAJa]]/URI $URI[[http://libmeta.ru/me/formula/aux/1048_20_SAL'NAJa]]/URI$, если существует кусочно непрерывная положительная URI[[http://libmeta.ru/me/relation/1048_7_SAL'NAJa]]/URI $URI[[http://libmeta.ru/me/formula/aux/1048_21_SAL'NAJa]]/URI$ такая, что для любого $URI[[http://libmeta.ru/me/formula/aux/1048_22_SAL'NAJa]]/URI$ и любого $URI[[http://libmeta.ru/me/formula/aux/1048_23_SAL'NAJa]]/URI$ выполняется URI[[http://libmeta.ru/me/relation/1048_6_SAL'NAJa]]/URI $URI[[http://libmeta.ru/me/formula/aux/1048_24_SAL'NAJa]]/URI$ и URI[[http://libmeta.ru/me/relation/1048_5_SAL'NAJa]]/URI $URI[[http://libmeta.ru/me/formula/aux/1048_25_SAL'NAJa]]/URI$ сходится. URI[[http://libmeta.ru/me/relation/1048_4_SAL'NAJa]]/URI Н. с. URI[[http://libmeta.ru/me/relation/1048_3_SAL'NAJa]]/URI (2) следует его абсолютная и URI[[http://libmeta.ru/me/relation/1048_2_SAL'NAJa]]/URI URI[[http://libmeta.ru/me/relation/1048_1_SAL'NAJa]]/URI; обратное заключение неверво.</text>
  <text_orig>сходимость ряда

\[
f=\sum_{k=1}^{\infty} u_{k}
\]

составленного из ограниченных отображений $u_{k}: X \rightarrow$ $\rightarrow Y$ множесгва $X$ в нормированное пространство $Y$, такая, что сходится ряд с положительными членами $\sum_{k=1}^{\infty}\left\|u_{k}\right\|$, составленный из норм отображений

\[
\left\|u_{k}\right\|=\sup \left\{\left\|u_{k}(x)\right\|: x \in X\right\}
\]

Из Н. с. ряда (1) вытекает абсолютная й равномерная сходимость ряда $\sum_{k=1}^{\infty} u_{k}(x)$, состоящего из әлементов пространства $Y$; обратное заключение неверно. Напр., если $u_{k}: \mathbb{R} \rightarrow \mathbb{R}$ есть пействительная функция, определяемая равенствами: $u_{k}(x)=\sin \pi x / k$ при $k \leqslant x \leqslant k+1$ и $u_{k}(x)=0$ при $x \in \mathbb{R} \backslash[k, k+1]$, то ряд $\sum_{k=1}^{\infty} u_{k}(x)$ сходится абсолютно и равномерно, а ряд $\sum_{k=1}^{\infty}\left\|u_{k}\right\|=$ $=\sum_{k=1}^{\infty} 1 / k$ расходится.

Пусть, в частности, $u_{k}: \mathbb{R} \rightarrow Y-$ кусочно непрерывные функции на нек-ром некомпактном интервале $I \subset \mathbb{R}$ и имеет место H. с. ряда (1), тогда возможно почленное интегрирование на интервале $I$ :

\[
\int_{I} f(t) d t=\sum_{k=1}^{\infty} \int_{I} u_{k}(t) d t .
\]

Несобственный интеграл

\[
\int_{I} f(t ; \lambda) d t, \lambda \in A,
\]

наз. н о р м а ль н с $\mathbf{x}$ о д ящ и м с я на множестве $A$, если существует кусочно непрерывная положительная функция $g: \mathbb{R} \rightarrow \mathbb{R}$ такая, что для любого $x \in I$ и любого $\lambda \in A$ выполняется неравенство $\|f(x ; \lambda)\| \leqslant g(x)$ и интеграл $\int_{I} g(t) d t$ сходится. II Н. с. интеграла (2) следует его абсолютная и равномерная сходимость; обратное заключение неверво.

Лum.: [1] б у р б а к и Н., Общая топология, пер. с франц., М., 1975; [2] е г о ж е, Функции действительного переменного.
Элементарная теория, пер. с франц., М., 1965; [3] ш в а р ц Ј., Элементарная теория, пер. с франц., М., 1965; [3] Ш в а р ц ЈI.,
Анализ, пер. с форанц., т. 1, М., 1972.</text_orig>
</article>
