<?xml version="1.0" ?>
<article uri="http://libmeta.ru/me/article/1048_IITEJNIІA" alphabetic_pos="1048">
  <title>IITEЙНИІА ТЕОРЕМА:</title>
  <authors>
    <author>А. Б. Иванов</author>
  </authors>
  <pages>
    <start>452</start>
    <end>452</end>
  </pages>
  <literature>
    <literature_orig/>
  </literature>
  <formulas_main/>
  <formulas_aux>
    <formula uri="http://libmeta.ru/me/formula/aux/1048_1_IITEJNIІA">a</formula>
    <formula uri="http://libmeta.ru/me/formula/aux/1048_2_IITEJNIІA">\alpha</formula>
    <formula uri="http://libmeta.ru/me/formula/aux/1048_3_IITEJNIІA">a</formula>
    <formula uri="http://libmeta.ru/me/formula/aux/1048_4_IITEJNIІA">\alpha</formula>
    <formula uri="http://libmeta.ru/me/formula/aux/1048_5_IITEJNIІA">a</formula>
    <formula uri="http://libmeta.ru/me/formula/aux/1048_6_IITEJNIІA">a</formula>
    <formula uri="http://libmeta.ru/me/formula/aux/1048_7_IITEJNIІA">a-</formula>
    <formula uri="http://libmeta.ru/me/formula/aux/1048_8_IITEJNIІA">a</formula>
    <formula uri="http://libmeta.ru/me/formula/aux/1048_9_IITEJNIІA">a</formula>
    <formula uri="http://libmeta.ru/me/formula/aux/1048_10_IITEJNIІA">\alpha</formula>
    <formula uri="http://libmeta.ru/me/formula/aux/1048_11_IITEJNIІA">a</formula>
    <formula uri="http://libmeta.ru/me/formula/aux/1048_12_IITEJNIІA">\alpha</formula>
  </formulas_aux>
  <relations n="1">
    <relation uri="http://libmeta.ru/me/relation/1048_1_IITEJNIІA">
      <rel_text>Теорема</rel_text>
      <target>http://libmeta.ru/me/article/381_TEORI</target>
    </relation>
  </relations>
  <text>всякий абстрактный многогранник, әйлерова харағтеристика к-рого равна 2 , может быты реализован в виде нек-рого выпуклого мно- гогранника. При әтом под а б с т р а к т ны м м н ог о г р а и н и к о м понимается конечная совокупность произвольных әлементов, называемых вершинами, ребрами и гранями, для к-рых определено симметричное и транзитивное отношение инцидентности: ребро $URI[[http://libmeta.ru/me/formula/aux/1048_1_IITEJNIІA]]/URI$ инцидентно грани $URI[[http://libmeta.ru/me/formula/aux/1048_2_IITEJNIІA]]/URI$, если $URI[[http://libmeta.ru/me/formula/aux/1048_3_IITEJNIІA]]/URI$ составляет часть границы $URI[[http://libmeta.ru/me/formula/aux/1048_4_IITEJNIІA]]/URI$; вершина $URI[[http://libmeta.ru/me/formula/aux/1048_5_IITEJNIІA]]/URI$ инцидентна ребру $URI[[http://libmeta.ru/me/formula/aux/1048_6_IITEJNIІA]]/URI$, если $URI[[http://libmeta.ru/me/formula/aux/1048_7_IITEJNIІA]]/URI$ конец $URI[[http://libmeta.ru/me/formula/aux/1048_8_IITEJNIІA]]/URI$; вершина $URI[[http://libmeta.ru/me/formula/aux/1048_9_IITEJNIІA]]/URI$ инцидснтна грани $URI[[http://libmeta.ru/me/formula/aux/1048_10_IITEJNIІA]]/URI$, если $URI[[http://libmeta.ru/me/formula/aux/1048_11_IITEJNIІA]]/URI$ является одной из вершин грани $URI[[http://libmeta.ru/me/formula/aux/1048_12_IITEJNIІA]]/URI$. Сеть вершин, ребер п граней абстрактного многогранника должна удовлетворять следующим условиям:

1) Каждое ребро инцидентно с двумя и только с двумя верлиинами. Каждое ребро инцидентно с двумя П только с двумя гранями.

2) У двух вершгин может быть только одно инцидентнос им обоим ребро. У двух граней может быть только одно инцидснтное обоим ребро.

3) Всякая вершина инцидентна, по крайней мере, трем граням. Всякая вершина инцидентна, по крайней мере, трем вершинам.

URI[[http://libmeta.ru/me/relation/1048_1_IITEJNIІA]]/URI доказана Э. Штейницем (e. Steinitz, 1917).</text>
  <text_orig>всякий абстрактный многогранник, әйлерова харағтеристика к-рого равна 2 , может быты реализован в виде нек-рого выпуклого мно- гогранника. При әтом под а б с т р а к т ны м м н ог о г р а и н и к о м понимается конечная совокупность произвольных әлементов, называемых вершинами, ребрами и гранями, для к-рых определено симметричное и транзитивное отношение инцидентности: ребро $a$ инцидентно грани $\alpha$, если $a$ составляет часть границы $\alpha$; вершина $A$ инцидентна ребру $a$, если $A-$ конец $a$; вершина $A$ инцидснтна грани $\alpha$, если $A$ является одной из вершин грани $\alpha$. Сеть вершин, ребер п граней абстрактного многогранника должна удовлетворять следующим условиям:

1) Каждое ребро инцидентно с двумя и только с двумя верлиинами. Каждое ребро инцидентно с двумя П только с двумя гранями.

2) У двух вершгин может быть только одно инцидентнос им обоим ребро. У двух граней может быть только одно инцидснтное обоим ребро.

3) Всякая вершина инцидентна, по крайней мере, трем граням. Всякая вершина инцидентна, по крайней мере, трем вершинам.

Теорема доказана Э. Штейницем (E. Steinitz, 1917). А. Б. Иванов.</text_orig>
</article>
