<?xml version="1.0" ?>
<article uri="http://libmeta.ru/me/article/1049_REJDEMEJSTERA" alphabetic_pos="1049">
  <title>РЕЙДЕМЕЙСТЕРА КРУЧЕНИЕ</title>
  <authors/>
  <pages>
    <start>478</start>
    <end>478</end>
  </pages>
  <literature>
    <literature_orig>Лит.: [1] Б и р к г о ф Д. Д., Динамические системы, пер. с англ., М., 1941; [2] Н е м ы ц к и й В. В., С т е п а но в В. В., Качественная теория дифференциальных уравнений, 2 изд.,М.- Л., 1949.</literature_orig>
    <unit>
      <author>Биркгоф Д. Д.</author>
      <title>Динамические системы</title>
      <publication>пер. с англ., М.</publication>
      <year>1941</year>
      <other/>
    </unit>
    <unit>
      <author>Немыцкий В. В.</author>
      <author>Степанов В. В.</author>
      <title>Качественная теория дифференциальных уравнений</title>
      <publication>2 изд., М.- Л.</publication>
      <year>1949</year>
      <other/>
    </unit>
  </literature>
  <formulas_main/>
  <formulas_aux>
    <formula uri="http://libmeta.ru/me/formula/aux/1049_1_REJDEMEJSTERA">n</formula>
    <formula uri="http://libmeta.ru/me/formula/aux/1049_2_REJDEMEJSTERA">c</formula>
    <formula uri="http://libmeta.ru/me/formula/aux/1049_3_REJDEMEJSTERA">a</formula>
    <formula uri="http://libmeta.ru/me/formula/aux/1049_4_REJDEMEJSTERA">a</formula>
    <formula uri="http://libmeta.ru/me/formula/aux/1049_5_REJDEMEJSTERA">h</formula>
    <formula uri="http://libmeta.ru/me/formula/aux/1049_6_REJDEMEJSTERA">a</formula>
    <formula uri="http://libmeta.ru/me/formula/aux/1049_7_REJDEMEJSTERA">a</formula>
    <formula uri="http://libmeta.ru/me/formula/aux/1049_8_REJDEMEJSTERA">r n \times n</formula>
    <formula uri="http://libmeta.ru/me/formula/aux/1049_9_REJDEMEJSTERA">(n \times n)</formula>
    <formula uri="http://libmeta.ru/me/formula/aux/1049_10_REJDEMEJSTERA">c_{k}</formula>
    <formula uri="http://libmeta.ru/me/formula/aux/1049_11_REJDEMEJSTERA">c</formula>
    <formula uri="http://libmeta.ru/me/formula/aux/1049_12_REJDEMEJSTERA">c_{k}</formula>
    <formula uri="http://libmeta.ru/me/formula/aux/1049_13_REJDEMEJSTERA">c^{\prime}=r^{n \times n} \otimes_{A} C R^{n \times n_{-}}</formula>
    <formula uri="http://libmeta.ru/me/formula/aux/1049_14_REJDEMEJSTERA">\tau\left(c^{\prime}\right) \in \bar{K}_{1} R^{n \times n}=\bar{K}_{1} R=R_{+}</formula>
    <formula uri="http://libmeta.ru/me/formula/aux/1049_15_REJDEMEJSTERA">r_{+}-</formula>
    <formula uri="http://libmeta.ru/me/formula/aux/1049_16_REJDEMEJSTERA">\tau\left(c^{\prime}\right)</formula>
    <formula uri="http://libmeta.ru/me/formula/aux/1049_17_REJDEMEJSTERA">c^{\prime}</formula>
    <formula uri="http://libmeta.ru/me/formula/aux/1049_18_REJDEMEJSTERA">\left.f^{t} x\right)</formula>
    <formula uri="http://libmeta.ru/me/formula/aux/1049_19_REJDEMEJSTERA">f^{t} x</formula>
    <formula uri="http://libmeta.ru/me/formula/aux/1049_20_REJDEMEJSTERA">s</formula>
    <formula uri="http://libmeta.ru/me/formula/aux/1049_21_REJDEMEJSTERA">s=\mathbb{r}^{n}</formula>
  </formulas_aux>
  <relations n="14">
    <relation uri="http://libmeta.ru/me/relation/1049_1_REJDEMEJSTERA">
      <rel_text>Устойчивость</rel_text>
      <target>http://libmeta.ru/me/article/631_UsTOJChIVOST</target>
    </relation>
    <relation uri="http://libmeta.ru/me/relation/1049_2_REJDEMEJSTERA">
      <rel_text>системой</rel_text>
      <target>http://libmeta.ru/me/article/350_SISTEM</target>
    </relation>
    <relation uri="http://libmeta.ru/me/relation/1049_3_REJDEMEJSTERA">
      <rel_text>динамич</rel_text>
      <target>http://libmeta.ru/me/article/175_DINAMIK</target>
    </relation>
    <relation uri="http://libmeta.ru/me/relation/1049_4_REJDEMEJSTERA">
      <rel_text>строго эргодической</rel_text>
      <target>http://libmeta.ru/me/article/264_STROGAJa</target>
    </relation>
    <relation uri="http://libmeta.ru/me/relation/1049_5_REJDEMEJSTERA">
      <rel_text>множество</rel_text>
      <target>http://libmeta.ru/me/article/733_MNOZhESTV</target>
    </relation>
    <relation uri="http://libmeta.ru/me/relation/1049_6_REJDEMEJSTERA">
      <rel_text>системы</rel_text>
      <target>http://libmeta.ru/me/article/350_SISTEM</target>
    </relation>
    <relation uri="http://libmeta.ru/me/relation/1049_7_REJDEMEJSTERA">
      <rel_text>динамич</rel_text>
      <target>http://libmeta.ru/me/article/175_DINAMIK</target>
    </relation>
    <relation uri="http://libmeta.ru/me/relation/1049_8_REJDEMEJSTERA">
      <rel_text>системы</rel_text>
      <target>http://libmeta.ru/me/article/350_SISTEM</target>
    </relation>
    <relation uri="http://libmeta.ru/me/relation/1049_9_REJDEMEJSTERA">
      <rel_text>динамич</rel_text>
      <target>http://libmeta.ru/me/article/175_DINAMIK</target>
    </relation>
    <relation uri="http://libmeta.ru/me/relation/1049_10_REJDEMEJSTERA">
      <rel_text>строго эргодической</rel_text>
      <target>http://libmeta.ru/me/article/264_STROGAJa</target>
    </relation>
    <relation uri="http://libmeta.ru/me/relation/1049_11_REJDEMEJSTERA">
      <rel_text>системы</rel_text>
      <target>http://libmeta.ru/me/article/350_SISTEM</target>
    </relation>
    <relation uri="http://libmeta.ru/me/relation/1049_12_REJDEMEJSTERA">
      <rel_text>динамич</rel_text>
      <target>http://libmeta.ru/me/article/175_DINAMIK</target>
    </relation>
    <relation uri="http://libmeta.ru/me/relation/1049_13_REJDEMEJSTERA">
      <rel_text>периодическая</rel_text>
      <target>http://libmeta.ru/me/article/259_PERIODOGRAMM</target>
    </relation>
    <relation uri="http://libmeta.ru/me/relation/1049_14_REJDEMEJSTERA">
      <rel_text>периодическая</rel_text>
      <target>http://libmeta.ru/me/article/259_PERIODOGRAMM</target>
    </relation>
  </relations>
  <text>К. К Р уч е н И д е Р а м а, к р у ч е н и е Ф р а ц ц а,- инвариант, позволяющий различать многие структуры в дифференциальной топологии, напр. узлы, гладкие структуры на многообразиях, в частности на линзовых пространствах. Впервые Р. к. введено К. Рейдемейстером (см. [1]) при изучении трехмерных линз, обобщения для $URI[[http://libmeta.ru/me/formula/aux/1049_1_REJDEMEJSTERA]]/URI$-мерных линз были независимо получены в [2] и [3].

Пусть $URI[[http://libmeta.ru/me/formula/aux/1049_2_REJDEMEJSTERA]]/URI$ - свободный комплекс левых $URI[[http://libmeta.ru/me/formula/aux/1049_3_REJDEMEJSTERA]]/URI$-модулей, где $URI[[http://libmeta.ru/me/formula/aux/1049_4_REJDEMEJSTERA]]/URI$ - ассоциативное кольцо с единицей. Пусть, далее, $URI[[http://libmeta.ru/me/formula/aux/1049_5_REJDEMEJSTERA]]/URI$ - матричное представление кольца $URI[[http://libmeta.ru/me/formula/aux/1049_6_REJDEMEJSTERA]]/URI$, т. е. гомоморфизм кольца $URI[[http://libmeta.ru/me/formula/aux/1049_7_REJDEMEJSTERA]]/URI$ в кольцо $URI[[http://libmeta.ru/me/formula/aux/1049_8_REJDEMEJSTERA]]/URI$ всех действительных $URI[[http://libmeta.ru/me/formula/aux/1049_9_REJDEMEJSTERA]]/URI$-матриц. И пусть в модулях $URI[[http://libmeta.ru/me/formula/aux/1049_10_REJDEMEJSTERA]]/URI$ комплекса $URI[[http://libmeta.ru/me/formula/aux/1049_11_REJDEMEJSTERA]]/URI$ отмечены базисы $URI[[http://libmeta.ru/me/formula/aux/1049_12_REJDEMEJSTERA]]/URI$, а комплекс $URI[[http://libmeta.ru/me/formula/aux/1049_13_REJDEMEJSTERA]]/URI$ модулей ацикличен; тогда определено Уайтxеда кручение $URI[[http://libmeta.ru/me/formula/aux/1049_14_REJDEMEJSTERA]]/URI$, где $URI[[http://libmeta.ru/me/formula/aux/1049_15_REJDEMEJSTERA]]/URI$мультипликативная группа поля действительных чисел. Число $URI[[http://libmeta.ru/me/formula/aux/1049_16_REJDEMEJSTERA]]/URI$ наз. к р у че н и е м Р е й де ме й с те р а комплекса $URI[[http://libmeta.ru/me/formula/aux/1049_17_REJDEMEJSTERA]]/URI$, а также дей с т в и тельны м Р. к. содержит всю траекторию $URI[[http://libmeta.ru/me/formula/aux/1049_18_REJDEMEJSTERA]]/URI$. В этом случае $URI[[http://libmeta.ru/me/formula/aux/1049_19_REJDEMEJSTERA]]/URI$ наз. р ек у р р е т т н й т р а е к т о р и е й.

Те о ре м а Би рк г оф а: если пространство $URI[[http://libmeta.ru/me/formula/aux/1049_20_REJDEMEJSTERA]]/URI$ полное (напр., $URI[[http://libmeta.ru/me/formula/aux/1049_21_REJDEMEJSTERA]]/URI$ ), то 1) для того чтобы точка была рекуррентной, необходимо и достаточно, чтобы замыкание ее траектории было минимальныл множеством; 2) для того чтобы существовала Р. т., достаточно, чтоустойчивость по Лагранжу).

Р. т. устойчива по Лагранжу и по Пуассону (см. URI[[http://libmeta.ru/me/relation/1049_1_REJDEMEJSTERA]]/URI по Пуассону). Почти URI[[http://libmeta.ru/me/relation/1049_14_REJDEMEJSTERA]]/URI (в частности, неподвижная или URI[[http://libmeta.ru/me/relation/1049_13_REJDEMEJSTERA]]/URI) точка URI[[http://libmeta.ru/me/relation/1049_12_REJDEMEJSTERA]]/URI. URI[[http://libmeta.ru/me/relation/1049_11_REJDEMEJSTERA]]/URI рекуррентна. Вообще, всякая точка URI[[http://libmeta.ru/me/relation/1049_10_REJDEMEJSTERA]]/URI URI[[http://libmeta.ru/me/relation/1049_9_REJDEMEJSTERA]]/URI. URI[[http://libmeta.ru/me/relation/1049_8_REJDEMEJSTERA]]/URI рекуррентна, но сужение URI[[http://libmeta.ru/me/relation/1049_7_REJDEMEJSTERA]]/URI. URI[[http://libmeta.ru/me/relation/1049_6_REJDEMEJSTERA]]/URI на замыкание рекуррентной траектории (минимальное URI[[http://libmeta.ru/me/relation/1049_5_REJDEMEJSTERA]]/URI) может не быть URI[[http://libmeta.ru/me/relation/1049_4_REJDEMEJSTERA]]/URI URI[[http://libmeta.ru/me/relation/1049_3_REJDEMEJSTERA]]/URI. URI[[http://libmeta.ru/me/relation/1049_2_REJDEMEJSTERA]]/URI (п р и ме р М а р к о в а, см. [2]).</text>
  <text_orig>К. К Р уч е н И д е Р а м а, к р у ч е н и е Ф р а ц ц а,- инвариант, позволяющий различать многие структуры в дифференциальной топологии, напр. узлы, гладкие структуры на многообразиях, в частности на линзовых пространствах. Впервые Р. к. введено К. Рейдемейстером (см. [1]) при изучении трехмерных линз, обобщения для $n$-мерных линз были независимо получены в [2] и [3].

Пусть $C$ - свободный комплекс левых $A$-модулей, где $A$ - ассоциативное кольцо с единицей. Пусть, далее, $h$ - матричное представление кольца $A$, т. е. гомоморфизм кольца $A$ в кольцо $R n \times n$ всех действительных $(n \times n)$-матриц. И пусть в модулях $C_{k}$ комплекса $C$ отмечены базисы $c_{k}$, а комплекс $C^{\prime}=R^{n \times n} \otimes_{A} C R^{n \times n_{-}}$ модулей ацикличен; тогда определено Уайтxеда кручение $\tau\left(C^{\prime}\right) \in \bar{K}_{1} R^{n \times n}=\bar{K}_{1} R=R_{+}$, где $R_{+}-$мультипликативная группа поля действительных чисел. Число $\tau\left(C^{\prime}\right)$ наз. к р у че н и е м Р е й де ме й с те р а комплекса $C^{\prime}$, а также дей с т в и тельны м Р. к. содержит всю траекторию $\left.f^{t} x\right)$. В этом случае $f^{t} x$ наз. р ек у р р е т т н й т р а е к т о р и е й.

Те о ре м а Би рк г оф а: если пространство $S$ полное (напр., $S=\mathbb{R}^{n}$ ), то 1) для того чтобы точка была рекуррентной, необходимо и достаточно, чтобы замыкание ее траектории было минимальныл множеством; 2) для того чтобы существовала Р. т., достаточно, чтоУстойчивость по Лагранжу).

Р. т. устойчива по Лагранжу и по Пуассону (см. Устойчивость по Пуассону). Почти периодическая (в частности, неподвижная или периодическая) точка динамич. системы рекуррентна. Вообще, всякая точка строго эргодической динамич. системы рекуррентна, но сужение динамич. системы на замыкание рекуррентной траектории (минимальное множество) может не быть строго эргодической динамич. системой (п р и ме р М а р к о в а, см. [2]).

Лит.: [1] Б и р к г о ф Д. Д., Динамические системы, пер. с англ., М., 1941; [2] Н е м ы ц к и й В. В., С т е п а но в В. В., Качественная теория дифференциальных уравнений, 2 изд.,
М.- Л., 1949.</text_orig>
</article>
