<?xml version="1.0" ?>
<article uri="http://libmeta.ru/me/article/104_OSTsILLJaTOR" alphabetic_pos="104">
  <title>ОСЦИЛЛЯТОР ГАРМОНИЧЕСКИЙ</title>
  <authors/>
  <pages>
    <start>70</start>
    <end>70</end>
  </pages>
  <literature>
    <literature_orig>Лum.: [1] М а н д е ль ш т а м Л. И., Јiекии по теории кольбаний, М., 1972; [2] Л а н д а у Л. Д., Л и нш и ц Е. М. Кнантовая механика. Нереллтивистскан теория, 3 изд., М., 1974 (теоретическан физика, т. 3).</literature_orig>
    <unit>
      <author>Мандельштам Л. И.</author>
      <title>Јiекии по теории кольбаний</title>
      <publication>М.</publication>
      <year>1972</year>
      <other/>
    </unit>
    <unit>
      <author>Ландау Л. Д.</author>
      <title>Л и нш и ц Е. М. Кнантовая механика. Нереллтивистскан теория</title>
      <publication>3 изд., М.</publication>
      <year>1974</year>
      <other>т. 3).</other>
    </unit>
  </literature>
  <formulas_main>
    <formula uri="http://libmeta.ru/me/formula/main/104_1_OSTsILLJaTOR">\ddot{x}+\omega^{2} x=0 .</formula>
    <formula uri="http://libmeta.ru/me/formula/main/104_2_OSTsILLJaTOR">U=\omega^{2} x^{2} / 2 .</formula>
    <formula uri="http://libmeta.ru/me/formula/main/104_3_OSTsILLJaTOR">-\frac{h^{2}}{2 m} \frac{d^{2} \psi}{d x^{2}}+\left(E-\frac{m \omega^{2} x^{2}}{2}\right) \psi=0 .</formula>
  </formulas_main>
  <formulas_aux>
    <formula uri="http://libmeta.ru/me/formula/aux/104_1_OSTsILLJaTOR">t=2 \pi / \omega</formula>
    <formula uri="http://libmeta.ru/me/formula/aux/104_2_OSTsILLJaTOR">x</formula>
    <formula uri="http://libmeta.ru/me/formula/aux/104_3_OSTsILLJaTOR">m</formula>
    <formula uri="http://libmeta.ru/me/formula/aux/104_4_OSTsILLJaTOR">e</formula>
    <formula uri="http://libmeta.ru/me/formula/aux/104_5_OSTsILLJaTOR">h</formula>
    <formula uri="http://libmeta.ru/me/formula/aux/104_6_OSTsILLJaTOR">\omega</formula>
    <formula uri="http://libmeta.ru/me/formula/aux/104_7_OSTsILLJaTOR">e_{n}=(n+1 / 2) h \omega, n=0,1,2</formula>
  </formulas_aux>
  <relations n="24">
    <relation uri="http://libmeta.ru/me/relation/104_1_OSTsILLJaTOR">
      <rel_text>осциллятор»</rel_text>
      <target>http://libmeta.ru/me/article/104_OSTsILLJaTOR</target>
    </relation>
    <relation uri="http://libmeta.ru/me/relation/104_2_OSTsILLJaTOR">
      <rel_text>уравнение</rel_text>
      <target>http://libmeta.ru/me/article/106_URAVNENI</target>
    </relation>
    <relation uri="http://libmeta.ru/me/relation/104_3_OSTsILLJaTOR">
      <rel_text>координат</rel_text>
      <target>http://libmeta.ru/me/article/1_KOORDiNAT</target>
    </relation>
    <relation uri="http://libmeta.ru/me/relation/104_4_OSTsILLJaTOR">
      <rel_text>формой</rel_text>
      <target>http://libmeta.ru/me/article/741_FORMUL</target>
    </relation>
    <relation uri="http://libmeta.ru/me/relation/104_5_OSTsILLJaTOR">
      <rel_text>квадратичной</rel_text>
      <target>http://libmeta.ru/me/article/812_KVADRATRIS</target>
    </relation>
    <relation uri="http://libmeta.ru/me/relation/104_6_OSTsILLJaTOR">
      <rel_text>положительно определенной</rel_text>
      <target>http://libmeta.ru/me/article/444_POLOZhITEL'NO</target>
    </relation>
    <relation uri="http://libmeta.ru/me/relation/104_7_OSTsILLJaTOR">
      <rel_text>потенциальном поле</rel_text>
      <target>http://libmeta.ru/me/article/555_POTENTsIAL'NOE</target>
    </relation>
    <relation uri="http://libmeta.ru/me/relation/104_8_OSTsILLJaTOR">
      <rel_text>многомерный</rel_text>
      <target>http://libmeta.ru/me/article/438_MNOGOOBRAZI</target>
    </relation>
    <relation uri="http://libmeta.ru/me/relation/104_9_OSTsILLJaTOR">
      <rel_text>характер</rel_text>
      <target>http://libmeta.ru/me/article/830_HARAKTE</target>
    </relation>
    <relation uri="http://libmeta.ru/me/relation/104_10_OSTsILLJaTOR">
      <rel_text>движение</rel_text>
      <target>http://libmeta.ru/me/article/25_DVIZhENI</target>
    </relation>
    <relation uri="http://libmeta.ru/me/relation/104_11_OSTsILLJaTOR">
      <rel_text>степеней</rel_text>
      <target>http://libmeta.ru/me/article/213_STEPEN</target>
    </relation>
    <relation uri="http://libmeta.ru/me/relation/104_12_OSTsILLJaTOR">
      <rel_text>конечным числом</rel_text>
      <target>http://libmeta.ru/me/article/706_KANAL</target>
    </relation>
    <relation uri="http://libmeta.ru/me/relation/104_13_OSTsILLJaTOR">
      <rel_text>системам</rel_text>
      <target>http://libmeta.ru/me/article/350_SISTEM</target>
    </relation>
    <relation uri="http://libmeta.ru/me/relation/104_14_OSTsILLJaTOR">
      <rel_text>Эрмита функции</rel_text>
      <target>http://libmeta.ru/me/article/1196_eRMITA</target>
    </relation>
    <relation uri="http://libmeta.ru/me/relation/104_15_OSTsILLJaTOR">
      <rel_text>собственные функции</rel_text>
      <target>http://libmeta.ru/me/article/40_SOBSTVENNAJa</target>
    </relation>
    <relation uri="http://libmeta.ru/me/relation/104_16_OSTsILLJaTOR">
      <rel_text>спектр</rel_text>
      <target>http://libmeta.ru/me/article/105_SPEKT</target>
    </relation>
    <relation uri="http://libmeta.ru/me/relation/104_17_OSTsILLJaTOR">
      <rel_text>дискретный</rel_text>
      <target>http://libmeta.ru/me/article/215_DISKREPAN</target>
    </relation>
    <relation uri="http://libmeta.ru/me/relation/104_18_OSTsILLJaTOR">
      <rel_text>постоянная Планка</rel_text>
      <target>http://libmeta.ru/me/article/298_PLANKA</target>
    </relation>
    <relation uri="http://libmeta.ru/me/relation/104_19_OSTsILLJaTOR">
      <rel_text>уравнением</rel_text>
      <target>http://libmeta.ru/me/article/106_URAVNENI</target>
    </relation>
    <relation uri="http://libmeta.ru/me/relation/104_20_OSTsILLJaTOR">
      <rel_text>контур</rel_text>
      <target>http://libmeta.ru/me/article/1026_KONGR</target>
    </relation>
    <relation uri="http://libmeta.ru/me/relation/104_21_OSTsILLJaTOR">
      <rel_text>жесткостью</rel_text>
      <target>http://libmeta.ru/me/article/406_ZhESTKOST</target>
    </relation>
    <relation uri="http://libmeta.ru/me/relation/104_22_OSTsILLJaTOR">
      <rel_text>квадратично</rel_text>
      <target>http://libmeta.ru/me/article/812_KVADRATRIS</target>
    </relation>
    <relation uri="http://libmeta.ru/me/relation/104_23_OSTsILLJaTOR">
      <rel_text>окружности</rel_text>
      <target>http://libmeta.ru/me/article/6_OKRUGLENI</target>
    </relation>
    <relation uri="http://libmeta.ru/me/relation/104_24_OSTsILLJaTOR">
      <rel_text>Фазовые траектории</rel_text>
      <target>http://libmeta.ru/me/article/653_FAZOVAJa</target>
    </relation>
  </relations>
  <text>система с одной степенью свободы, колебания к-рой описываются уравнением вида

\[
URI[[http://libmeta.ru/me/formula/main/104_1_OSTsILLJaTOR]]/URI
\]

URI[[http://libmeta.ru/me/relation/104_24_OSTsILLJaTOR]]/URI - URI[[http://libmeta.ru/me/relation/104_23_OSTsILLJaTOR]]/URI, период колебаний $URI[[http://libmeta.ru/me/formula/aux/104_1_OSTsILLJaTOR]]/URI$ не зависит от амплитуды. Потенциальная энергия О. г. URI[[http://libmeta.ru/me/relation/104_22_OSTsILLJaTOR]]/URI зависит от $URI[[http://libmeta.ru/me/formula/aux/104_2_OSTsILLJaTOR]]/URI$ :

\[
URI[[http://libmeta.ru/me/formula/main/104_2_OSTsILLJaTOR]]/URI
\]

Примеры О. г.: малые колебания маятника, колебания материальной точки, закрепленной на пружине с постоянной URI[[http://libmeta.ru/me/relation/104_21_OSTsILLJaTOR]]/URI, простейший электрический колебательный URI[[http://libmeta.ru/me/relation/104_20_OSTsILLJaTOR]]/URI. Термины «гармонический осциллятор» и «линейный осциллятор» часто употребляются как синонимы.

Колебания квантовомеханического линейного осциллятора описываются URI[[http://libmeta.ru/me/relation/104_19_OSTsILLJaTOR]]/URI Шрёдингера

\[
URI[[http://libmeta.ru/me/formula/main/104_3_OSTsILLJaTOR]]/URI
\]

Здесь $URI[[http://libmeta.ru/me/formula/aux/104_3_OSTsILLJaTOR]]/URI$ - масса частицы, $URI[[http://libmeta.ru/me/formula/aux/104_4_OSTsILLJaTOR]]/URI$ - ее эвергия, $URI[[http://libmeta.ru/me/formula/aux/104_5_OSTsILLJaTOR]]/URI$ - URI[[http://libmeta.ru/me/relation/104_18_OSTsILLJaTOR]]/URI, $URI[[http://libmeta.ru/me/formula/aux/104_6_OSTsILLJaTOR]]/URI$ - частота. Квантовомеханическиї линейный осциллятор имеет URI[[http://libmeta.ru/me/relation/104_17_OSTsILLJaTOR]]/URI URI[[http://libmeta.ru/me/relation/104_16_OSTsILLJaTOR]]/URI уровней энергии $URI[[http://libmeta.ru/me/formula/aux/104_7_OSTsILLJaTOR]]/URI$; соответствующие URI[[http://libmeta.ru/me/relation/104_15_OSTsILLJaTOR]]/URI выражаются через URI[[http://libmeta.ru/me/relation/104_14_OSTsILLJaTOR]]/URI.

Термин «осциллятор» употребляется по отношению к URI[[http://libmeta.ru/me/relation/104_13_OSTsILLJaTOR]]/URI (механическим или физическим) с URI[[http://libmeta.ru/me/relation/104_12_OSTsILLJaTOR]]/URI URI[[http://libmeta.ru/me/relation/104_11_OSTsILLJaTOR]]/URI свободы, URI[[http://libmeta.ru/me/relation/104_10_OSTsILLJaTOR]]/URI к-рых носит колебательный URI[[http://libmeta.ru/me/relation/104_9_OSTsILLJaTOR]]/URI (напр., URI[[http://libmeta.ru/me/relation/104_8_OSTsILLJaTOR]]/URI линейный осциллятор - колебания материальной точки, находящейся в URI[[http://libmeta.ru/me/relation/104_7_OSTsILLJaTOR]]/URI сил с потенциалом, к-рый является URI[[http://libmeta.ru/me/relation/104_6_OSTsILLJaTOR]]/URI URI[[http://libmeta.ru/me/relation/104_5_OSTsILLJaTOR]]/URI URI[[http://libmeta.ru/me/relation/104_4_OSTsILLJaTOR]]/URI от URI[[http://libmeta.ru/me/relation/104_3_OSTsILLJaTOR]]/URI, нелинейный осциллятор Ван дер Поля, см. Ван дер Поля URI[[http://libmeta.ru/me/relation/104_2_OSTsILLJaTOR]]/URI). По-видимому, не существует однозначного толкования термина «осциллятор» или даже «линсӥныйі URI[[http://libmeta.ru/me/relation/104_1_OSTsILLJaTOR]]/URI.</text>
  <text_orig>система с одной степенью свободы, колебания к-рой описываются уравнением вида

\[
\ddot{x}+\omega^{2} x=0 .
\]

Фазовые траектории - окружности, период колебаний $T=2 \pi / \omega$ не зависит от амплитуды. Потенциальная энергия О. г. квадратично зависит от $x$ :

\[
U=\omega^{2} x^{2} / 2 .
\]

Примеры О. г.: малые колебания маятника, колебания материальной точки, закрепленной на пружине с постоянной жесткостью, простейший электрический колебательный контур. Термины «гармонический осциллятор» и «линейный осциллятор» часто употребляются как синонимы.

Колебания квантовомеханического линейного осциллятора описываются уравнением Шрёдингера

\[
-\frac{h^{2}}{2 m} \frac{d^{2} \psi}{d x^{2}}+\left(E-\frac{m \omega^{2} x^{2}}{2}\right) \psi=0 .
\]

Здесь $m$ - масса частицы, $E$ - ее эвергия, $h$ - постоянная Планка, $\omega$ - частота. Квантовомеханическиї линейный осциллятор имеет дискретный спектр уровней энергии $E_{n}=(n+1 / 2) h \omega, n=0,1,2$; соответствующие собственные функции выражаются через Эрмита функции.

Термин «осциллятор» употребляется по отношению к системам (механическим или физическим) с конечным числом степеней свободы, движение к-рых носит колебательный характер (напр., многомерный линейный осциллятор - колебания материальной точки, находящейся в потенциальном поле сил с потенциалом, к-рый является положительно определенной квадратичной формой от координат, нелинейный осциллятор Ван дер Поля, см. Ван дер Поля уравнение). По-видимому, не существует однозначного толкования термина «осциллятор» или даже «линсӥныйі осциллятор».

Лum.: [1] М а н д е ль ш т а м Л. И., ЈIекии по теории кольбаний, М., 1972; [2] Л а н д а у Л. Д., Л и нш и ц Е. М. Кнантовая механика. Нереллтивистскан теория, 3 изд., М., 1974 (Теоретическан физика, т. 3).</text_orig>
</article>
