<?xml version="1.0" ?>
<article uri="http://libmeta.ru/me/article/104_DELITEL" alphabetic_pos="104">
  <title>ДЕЛИТЕЛЬ</title>
  <authors>
    <author>C. A. Степанов</author>
  </authors>
  <pages>
    <start>45</start>
    <end>45</end>
  </pages>
  <literature>
    <literature_orig/>
  </literature>
  <formulas_main/>
  <formulas_aux>
    <formula uri="http://libmeta.ru/me/formula/aux/104_1_DELITEL">е</formula>
    <formula uri="http://libmeta.ru/me/formula/aux/104_2_DELITEL">а</formula>
    <formula uri="http://libmeta.ru/me/formula/aux/104_3_DELITEL">a</formula>
    <formula uri="http://libmeta.ru/me/formula/aux/104_4_DELITEL">b</formula>
    <formula uri="http://libmeta.ru/me/formula/aux/104_5_DELITEL">a</formula>
    <formula uri="http://libmeta.ru/me/formula/aux/104_6_DELITEL">a</formula>
    <formula uri="http://libmeta.ru/me/formula/aux/104_7_DELITEL">b</formula>
    <formula uri="http://libmeta.ru/me/formula/aux/104_8_DELITEL">a=b c</formula>
    <formula uri="http://libmeta.ru/me/formula/aux/104_9_DELITEL">c</formula>
    <formula uri="http://libmeta.ru/me/formula/aux/104_10_DELITEL">a(x)</formula>
    <formula uri="http://libmeta.ru/me/formula/aux/104_11_DELITEL">b(x)</formula>
    <formula uri="http://libmeta.ru/me/formula/aux/104_12_DELITEL">a(x)</formula>
    <formula uri="http://libmeta.ru/me/formula/aux/104_13_DELITEL">a</formula>
    <formula uri="http://libmeta.ru/me/formula/aux/104_14_DELITEL">a \in A</formula>
    <formula uri="http://libmeta.ru/me/formula/aux/104_15_DELITEL">b \in A</formula>
    <formula uri="http://libmeta.ru/me/formula/aux/104_16_DELITEL">a=b c</formula>
    <formula uri="http://libmeta.ru/me/formula/aux/104_17_DELITEL">c \in A</formula>
    <formula uri="http://libmeta.ru/me/formula/aux/104_18_DELITEL">\quad</formula>
  </formulas_aux>
  <relations n="7">
    <relation uri="http://libmeta.ru/me/relation/104_1_DELITEL">
      <rel_text>Деление</rel_text>
      <target>http://libmeta.ru/me/article/96_DELENI</target>
    </relation>
    <relation uri="http://libmeta.ru/me/relation/104_2_DELITEL">
      <rel_text>кольце</rel_text>
      <target>http://libmeta.ru/me/article/1000_KOL'Ts</target>
    </relation>
    <relation uri="http://libmeta.ru/me/relation/104_3_DELITEL">
      <rel_text>произвольном</rel_text>
      <target>http://libmeta.ru/me/article/1045_PROIZVODNA</target>
    </relation>
    <relation uri="http://libmeta.ru/me/relation/104_4_DELITEL">
      <rel_text>многочлен</rel_text>
      <target>http://libmeta.ru/me/article/727_MNOGOChLE</target>
    </relation>
    <relation uri="http://libmeta.ru/me/relation/104_5_DELITEL">
      <rel_text>целое число</rel_text>
      <target>http://libmeta.ru/me/article/906_TsELOE</target>
    </relation>
    <relation uri="http://libmeta.ru/me/relation/104_6_DELITEL">
      <rel_text>число</rel_text>
      <target>http://libmeta.ru/me/article/1009_ChISL</target>
    </relation>
    <relation uri="http://libmeta.ru/me/relation/104_7_DELITEL">
      <rel_text>целое число</rel_text>
      <target>http://libmeta.ru/me/article/906_TsELOE</target>
    </relation>
  </relations>
  <text>ц $URI[[http://libmeta.ru/me/formula/aux/104_1_DELITEL]]/URI$ л о г о ч и с л $URI[[http://libmeta.ru/me/formula/aux/104_2_DELITEL]]/URI$ - $URI[[http://libmeta.ru/me/formula/aux/104_3_DELITEL]]/URI$ - URI[[http://libmeta.ru/me/relation/104_7_DELITEL]]/URI $URI[[http://libmeta.ru/me/formula/aux/104_4_DELITEL]]/URI$, делящее без остатка URI[[http://libmeta.ru/me/relation/104_6_DELITEL]]/URI $URI[[http://libmeta.ru/me/formula/aux/104_5_DELITEL]]/URI$. Другими словами, Д. целого числа $URI[[http://libmeta.ru/me/formula/aux/104_6_DELITEL]]/URI$ - это такое URI[[http://libmeta.ru/me/relation/104_5_DELITEL]]/URI $URI[[http://libmeta.ru/me/formula/aux/104_7_DELITEL]]/URI$, для к-рого справедливо равенство $URI[[http://libmeta.ru/me/formula/aux/104_8_DELITEL]]/URI$ при нек-ром целом $URI[[http://libmeta.ru/me/formula/aux/104_9_DELITEL]]/URI$. Д е л и т е л е м мн о го ч л е н а $URI[[http://libmeta.ru/me/formula/aux/104_10_DELITEL]]/URI$ наз. URI[[http://libmeta.ru/me/relation/104_4_DELITEL]]/URI $URI[[http://libmeta.ru/me/formula/aux/104_11_DELITEL]]/URI$, делящий без остатка $URI[[http://libmeta.ru/me/formula/aux/104_12_DELITEL]]/URI$ (см. URI[[http://libmeta.ru/me/relation/104_1_DELITEL]]/URI). Более общо, в URI[[http://libmeta.ru/me/relation/104_3_DELITEL]]/URI URI[[http://libmeta.ru/me/relation/104_2_DELITEL]]/URI $URI[[http://libmeta.ru/me/formula/aux/104_13_DELITEL]]/URI$ де л и т е ле м э л е м е н т а $URI[[http://libmeta.ru/me/formula/aux/104_14_DELITEL]]/URI$ наз. такой элемент $URI[[http://libmeta.ru/me/formula/aux/104_15_DELITEL]]/URI$, что $URI[[http://libmeta.ru/me/formula/aux/104_16_DELITEL]]/URI$ для нек-рого $URI[[http://libmeta.ru/me/formula/aux/104_17_DELITEL]]/URI$. $URI[[http://libmeta.ru/me/formula/aux/104_18_DELITEL]]/URI$</text>
  <text_orig>ц $е$ л о г о ч и с л $а$ - $a$ - целое число $b$, делящее без остатка число $a$. Другими словами, Д. целого числа $a$ - это такое целое число $b$, для к-рого справедливо равенство $a=b c$ при нек-ром целом $c$. Д е л и т е л е м мн о го ч л е н а $A(x)$ наз. многочлен $B(x)$, делящий без остатка $A(x)$ (см. Деление). Более общо, в произвольном кольце $A$ де л и т е ле м э л е м е н т а $a \in A$ наз. такой элемент $b \in A$, что $a=b c$ для нек-рого $c \in A$. $\quad$ C. A. Степанов.</text_orig>
</article>
