<?xml version="1.0" ?>
<article uri="http://libmeta.ru/me/article/104_SIEKT" alphabetic_pos="104">
  <title>СIEKTP</title>
  <authors>
    <author>В. С. Шульман</author>
  </authors>
  <pages>
    <start>50</start>
    <end>51</end>
  </pages>
  <literature>
    <literature_orig>Лum.: [1] Д а и ф о р д Н., Ш в а р ц Д ж., Јинейные операторы. Обцая теория, пер. с англ., т. 1, М., 1962; [2] K а т о Т., Теория возмущений линейных ошераторов, пер. с англ., М., 1972.</literature_orig>
    <unit>
      <author>Даифорд Н.</author>
      <title>Ш в а р ц Д ж., Јинейные операторы. Обцая теория</title>
      <publication>пер. с англ., т. 1, М.</publication>
      <year>1962</year>
      <other/>
    </unit>
    <unit>
      <author>Kато Т.</author>
      <title>Теория возмущений линейных ошераторов</title>
      <publication>пер. с англ., М.</publication>
      <year>1972</year>
      <other/>
    </unit>
  </literature>
  <formulas_main>
    <formula uri="http://libmeta.ru/me/formula/main/104_1_SIEKT">\begin{gathered}\left.\left\|(A-\lambda) x_{n}\right\| \rightarrow 0\right), \\\sigma_{d}(A)=\{\lambda \in \mathbb{C}: \operatorname{Ker}(A-\lambda I)=0, \\\overline{(A-\lambda I) X}=(A-\lambda I) X \neq X\} .\end{gathered}</formula>
    <formula uri="http://libmeta.ru/me/formula/main/104_2_SIEKT">f(A)=\frac{1}{2 \pi i} \int_{\Gamma} f(\lambda) R_{A}(\lambda) d \lambda</formula>
  </formulas_main>
  <formulas_aux>
    <formula uri="http://libmeta.ru/me/formula/aux/104_1_SIEKT">\sigma(a)</formula>
    <formula uri="http://libmeta.ru/me/formula/aux/104_2_SIEKT">\lambda \in \mathbb{C}</formula>
    <formula uri="http://libmeta.ru/me/formula/aux/104_3_SIEKT">a-\lambda I</formula>
    <formula uri="http://libmeta.ru/me/formula/aux/104_4_SIEKT">a</formula>
    <formula uri="http://libmeta.ru/me/formula/aux/104_5_SIEKT">x, I</formula>
    <formula uri="http://libmeta.ru/me/formula/aux/104_6_SIEKT">x</formula>
    <formula uri="http://libmeta.ru/me/formula/aux/104_7_SIEKT">a</formula>
    <formula uri="http://libmeta.ru/me/formula/aux/104_8_SIEKT">x</formula>
    <formula uri="http://libmeta.ru/me/formula/aux/104_9_SIEKT">\sigma(a)=\mathbb{c}</formula>
    <formula uri="http://libmeta.ru/me/formula/aux/104_10_SIEKT">a-\lambda I</formula>
    <formula uri="http://libmeta.ru/me/formula/aux/104_11_SIEKT">\lambda \in \sigma(A)</formula>
    <formula uri="http://libmeta.ru/me/formula/aux/104_12_SIEKT">\lambda</formula>
    <formula uri="http://libmeta.ru/me/formula/aux/104_13_SIEKT">a ;</formula>
    <formula uri="http://libmeta.ru/me/formula/aux/104_14_SIEKT">\sigma_{p}(a)</formula>
    <formula uri="http://libmeta.ru/me/formula/aux/104_15_SIEKT">\lambda</formula>
    <formula uri="http://libmeta.ru/me/formula/aux/104_16_SIEKT">\sigma_{r}(a)</formula>
    <formula uri="http://libmeta.ru/me/formula/aux/104_17_SIEKT">x</formula>
    <formula uri="http://libmeta.ru/me/formula/aux/104_18_SIEKT">(a-\lambda I) X</formula>
    <formula uri="http://libmeta.ru/me/formula/aux/104_19_SIEKT">\sigma(a)=\sigma_{a}(a) \bigcup \sigma_{d}(A)</formula>
    <formula uri="http://libmeta.ru/me/formula/aux/104_20_SIEKT">\sigma_{a}(a)</formula>
    <formula uri="http://libmeta.ru/me/formula/aux/104_21_SIEKT">\left(\lambda \in \sigma_{a}(A)\right.</formula>
    <formula uri="http://libmeta.ru/me/formula/aux/104_22_SIEKT">\left\{x_{n}\right\} \subset X,\left\|x_{n}\right\|-1</formula>
    <formula uri="http://libmeta.ru/me/formula/aux/104_23_SIEKT">\pi_{\mathrm{pi}}</formula>
    <formula uri="http://libmeta.ru/me/formula/aux/104_24_SIEKT">\sigma_{d}(a) \subset \sigma_{r}(A)</formula>
    <formula uri="http://libmeta.ru/me/formula/aux/104_25_SIEKT">\sigma_{p}(a) \bigcup \sigma_{c}(A) \subset</formula>
    <formula uri="http://libmeta.ru/me/formula/aux/104_26_SIEKT">\subset \sigma_{a}(A)</formula>
    <formula uri="http://libmeta.ru/me/formula/aux/104_27_SIEKT">\mathrm{p}</formula>
    <formula uri="http://libmeta.ru/me/formula/aux/104_28_SIEKT">\sigma_{1 i m}(A)</formula>
    <formula uri="http://libmeta.ru/me/formula/aux/104_29_SIEKT">\sigma(a)</formula>
    <formula uri="http://libmeta.ru/me/formula/aux/104_30_SIEKT">a</formula>
    <formula uri="http://libmeta.ru/me/formula/aux/104_31_SIEKT">\sigma(a)</formula>
    <formula uri="http://libmeta.ru/me/formula/aux/104_32_SIEKT">\sigma(a)</formula>
    <formula uri="http://libmeta.ru/me/formula/aux/104_33_SIEKT">a</formula>
    <formula uri="http://libmeta.ru/me/formula/aux/104_34_SIEKT">b(x))</formula>
    <formula uri="http://libmeta.ru/me/formula/aux/104_35_SIEKT">\sigma(a)</formula>
    <formula uri="http://libmeta.ru/me/formula/aux/104_36_SIEKT">\mathbb{c}</formula>
    <formula uri="http://libmeta.ru/me/formula/aux/104_37_SIEKT">\rho(a)=\mathbb{c} \backslash \sigma(A)</formula>
    <formula uri="http://libmeta.ru/me/formula/aux/104_38_SIEKT">b(x)</formula>
    <formula uri="http://libmeta.ru/me/formula/aux/104_39_SIEKT">r_{a}(\lambda)=(a-\lambda I)^{-1}</formula>
    <formula uri="http://libmeta.ru/me/formula/aux/104_40_SIEKT">\boldsymbol{a}(\rho(a)</formula>
    <formula uri="http://libmeta.ru/me/formula/aux/104_41_SIEKT">a</formula>
    <formula uri="http://libmeta.ru/me/formula/aux/104_42_SIEKT">\sigma(a)</formula>
    <formula uri="http://libmeta.ru/me/formula/aux/104_43_SIEKT">\gamma</formula>
    <formula uri="http://libmeta.ru/me/formula/aux/104_44_SIEKT">\sigma(a)</formula>
    <formula uri="http://libmeta.ru/me/formula/aux/104_45_SIEKT">a</formula>
    <formula uri="http://libmeta.ru/me/formula/aux/104_46_SIEKT">\sigma(f(a))=\{f(\lambda): \lambda \in \sigma(A)\}</formula>
    <formula uri="http://libmeta.ru/me/formula/aux/104_47_SIEKT">\sigma\left(a^{*}\right)</formula>
    <formula uri="http://libmeta.ru/me/formula/aux/104_48_SIEKT">\sigma(a)</formula>
    <formula uri="http://libmeta.ru/me/formula/aux/104_49_SIEKT">a</formula>
    <formula uri="http://libmeta.ru/me/formula/aux/104_50_SIEKT">\sigma\left(a^{*}\right) \subset \sigma(A)</formula>
    <formula uri="http://libmeta.ru/me/formula/aux/104_51_SIEKT">\operatorname{dim} X&lt;\infty</formula>
    <formula uri="http://libmeta.ru/me/formula/aux/104_52_SIEKT">\sigma(a)=\sigma_{p}(a)</formula>
    <formula uri="http://libmeta.ru/me/formula/aux/104_53_SIEKT">x</formula>
    <formula uri="http://libmeta.ru/me/formula/aux/104_54_SIEKT">a</formula>
    <formula uri="http://libmeta.ru/me/formula/aux/104_55_SIEKT">a</formula>
  </formulas_aux>
  <relations n="10">
    <relation uri="http://libmeta.ru/me/relation/104_1_SIEKT">
      <rel_text>Спектральное разложение</rel_text>
      <target>http://libmeta.ru/me/article/124_SPEKTRAL'NOE</target>
    </relation>
    <relation uri="http://libmeta.ru/me/relation/104_2_SIEKT">
      <rel_text>Спектральный оператор</rel_text>
      <target>http://libmeta.ru/me/article/130_SPEKTRAL'NYJ</target>
    </relation>
    <relation uri="http://libmeta.ru/me/relation/104_3_SIEKT">
      <rel_text>Спектральный синтез</rel_text>
      <target>http://libmeta.ru/me/article/133_SPEKTRAL'NYІI</target>
    </relation>
    <relation uri="http://libmeta.ru/me/relation/104_4_SIEKT">
      <rel_text>Спектральный анализ</rel_text>
      <target>http://libmeta.ru/me/article/129_SPEKTRAL'NYJ</target>
    </relation>
    <relation uri="http://libmeta.ru/me/relation/104_5_SIEKT">
      <rel_text>спектральная теория</rel_text>
      <target>http://libmeta.ru/me/article/117_SPEKTRAL'NAJa</target>
    </relation>
    <relation uri="http://libmeta.ru/me/relation/104_6_SIEKT">
      <rel_text>оператор</rel_text>
      <target>http://libmeta.ru/me/article/15_OPERAN</target>
    </relation>
    <relation uri="http://libmeta.ru/me/relation/104_7_SIEKT">
      <rel_text>совпадает</rel_text>
      <target>http://libmeta.ru/me/article/59_SOVPADENI</target>
    </relation>
    <relation uri="http://libmeta.ru/me/relation/104_8_SIEKT">
      <rel_text>формулой</rel_text>
      <target>http://libmeta.ru/me/article/731_FORMALIZ</target>
    </relation>
    <relation uri="http://libmeta.ru/me/relation/104_9_SIEKT">
      <rel_text>оператора</rel_text>
      <target>http://libmeta.ru/me/article/17_OPERATO</target>
    </relation>
    <relation uri="http://libmeta.ru/me/relation/104_10_SIEKT">
      <rel_text>функциї̈</rel_text>
      <target>http://libmeta.ru/me/article/790_FUNKTO</target>
    </relation>
  </relations>
  <text>о е р а т о р а - совокупность $URI[[http://libmeta.ru/me/formula/aux/104_1_SIEKT]]/URI$ чй. сел $URI[[http://libmeta.ru/me/formula/aux/104_2_SIEKT]]/URI$, для к-рых оператор $URI[[http://libmeta.ru/me/formula/aux/104_3_SIEKT]]/URI$ не имеет всюду определенного ограниченного обратного. Здесь $URI[[http://libmeta.ru/me/formula/aux/104_4_SIEKT]]/URI$ линейный оператор в комплексном банаховом пространстве $URI[[http://libmeta.ru/me/formula/aux/104_5_SIEKT]]/URI$ - тождественный оператор в $URI[[http://libmeta.ru/me/formula/aux/104_6_SIEKT]]/URI$. Если $URI[[http://libmeta.ru/me/formula/aux/104_7_SIEKT]]/URI$ не замкнут в $URI[[http://libmeta.ru/me/formula/aux/104_8_SIEKT]]/URI$, то $URI[[http://libmeta.ru/me/formula/aux/104_9_SIEKT]]/URI$, поэтому обычно рассматривают С. замкнутых операторов (для операторов, допускающих замыкание, иногда их С. наз. с п е к т p з а мы к а ния).

Если $URI[[http://libmeta.ru/me/formula/aux/104_10_SIEKT]]/URI$ не инъективен или не сюръективен, то $URI[[http://libmeta.ru/me/formula/aux/104_11_SIEKT]]/URI$. В первом случае $URI[[http://libmeta.ru/me/formula/aux/104_12_SIEKT]]/URI$ наз. с о б с т в е н ны м з н а ч е ни е м оператора $URI[[http://libmeta.ru/me/formula/aux/104_13_SIEKT]]/URI$ совокупность $URI[[http://libmeta.ru/me/formula/aux/104_14_SIEKT]]/URI$ собственных значений наз. т о ч е ч ны м с п е к тр о м. Во втором случае $URI[[http://libmeta.ru/me/formula/aux/104_15_SIEKT]]/URI$ наз. точкой н е I р е р ы в-

![](https://cdn.mathpix.com/cropped/2023_07_09_6e3e351def558b30ebbdg-1.jpg?height=37&amp;width=794&amp;top_left_y=2165&amp;top_left_x=995)
с п е к т р а $URI[[http://libmeta.ru/me/formula/aux/104_16_SIEKT]]/URI$ в зависимости от того, плотно или не плотно в $URI[[http://libmeta.ru/me/formula/aux/104_17_SIEKT]]/URI$ подпространство $URI[[http://libmeta.ru/me/formula/aux/104_18_SIEKT]]/URI$.

Существуют и другие классификации точек С., напр. $URI[[http://libmeta.ru/me/formula/aux/104_19_SIEKT]]/URI$, где $URI[[http://libmeta.ru/me/formula/aux/104_20_SIEKT]]/URI$ состоит из аппрокси- мативных собственных значений $URI[[http://libmeta.ru/me/formula/aux/104_21_SIEKT]]/URI$, если существуют $URI[[http://libmeta.ru/me/formula/aux/104_22_SIEKT]]/URI$,

\[
URI[[http://libmeta.ru/me/formula/main/104_1_SIEKT]]/URI
\]

$URI[[http://libmeta.ru/me/formula/aux/104_23_SIEKT]]/URI$ этом $URI[[http://libmeta.ru/me/formula/aux/104_24_SIEKT]]/URI$ и,, значит, $URI[[http://libmeta.ru/me/formula/aux/104_25_SIEKT]]/URI$ $URI[[http://libmeta.ru/me/formula/aux/104_26_SIEKT]]/URI$. В теории возмущениї рассматривается пі $URI[[http://libmeta.ru/me/formula/aux/104_27_SIEKT]]/URI$ еде ль н ы й с п е к т р $URI[[http://libmeta.ru/me/formula/aux/104_28_SIEKT]]/URI$, состоящий из предельных точек $URI[[http://libmeta.ru/me/formula/aux/104_29_SIEKT]]/URI$ и изолированных собственных значенй̈ бесконечної кратности, в е й л е в с к и Ĭ с п е к т р, равный пересечению С. всех компактных возмущений, и др.

Если оператор $URI[[http://libmeta.ru/me/formula/aux/104_30_SIEKT]]/URI$ ограничен, то $URI[[http://libmeta.ru/me/formula/aux/104_31_SIEKT]]/URI$ компактен и не пуст (в этом случае $URI[[http://libmeta.ru/me/formula/aux/104_32_SIEKT]]/URI$ совпадает со спектром э л е м е н т а $URI[[http://libmeta.ru/me/formula/aux/104_33_SIEKT]]/URI$ банаховой алгебры $URI[[http://libmeta.ru/me/formula/aux/104_34_SIEKT]]/URI$; в общем случае можно утверждать липь, что $URI[[http://libmeta.ru/me/formula/aux/104_35_SIEKT]]/URI$ замкнут в $URI[[http://libmeta.ru/me/formula/aux/104_36_SIEKT]]/URI$. На множестве $URI[[http://libmeta.ru/me/formula/aux/104_37_SIEKT]]/URI$ определена аналитическая $URI[[http://libmeta.ru/me/formula/aux/104_38_SIEKT]]/URI$-значная функция $URI[[http://libmeta.ru/me/formula/aux/104_39_SIEKT]]/URI$, наз. ре 3 оль в вентой $URI[[http://libmeta.ru/me/formula/aux/104_40_SIEKT]]/URI$ наз. ре н ы м м в о ж с с т о м). С помощью резольвевты строится функциональное исчисление от огератора $URI[[http://libmeta.ru/me/formula/aux/104_41_SIEKT]]/URI$ ва функциях, авалитических в окрестности $URI[[http://libmeta.ru/me/formula/aux/104_42_SIEKT]]/URI$ :

\[
URI[[http://libmeta.ru/me/formula/main/104_2_SIEKT]]/URI
\]

где $URI[[http://libmeta.ru/me/formula/aux/104_43_SIEKT]]/URI$ - контур, охватывающий $URI[[http://libmeta.ru/me/formula/aux/104_44_SIEKT]]/URI$ (неограниченность $URI[[http://libmeta.ru/me/formula/aux/104_45_SIEKT]]/URI$ накладывает на выбор Г нек-рые ограничения); дополнительные условия на геометрию С. и асимптотику резольвенть поовволяют расширить это функциональное ис числение.

C. URI[[http://libmeta.ru/me/relation/104_10_SIEKT]]/URI от URI[[http://libmeta.ru/me/relation/104_9_SIEKT]]/URI определяются URI[[http://libmeta.ru/me/relation/104_8_SIEKT]]/URI $URI[[http://libmeta.ru/me/formula/aux/104_46_SIEKT]]/URI$

(те о рема о б отоб р а жени и с пе к т р a); C. $URI[[http://libmeta.ru/me/formula/aux/104_47_SIEKT]]/URI$ сопряженного огератора URI[[http://libmeta.ru/me/relation/104_7_SIEKT]]/URI с $URI[[http://libmeta.ru/me/formula/aux/104_48_SIEKT]]/URI$, если $URI[[http://libmeta.ru/me/formula/aux/104_49_SIEKT]]/URI$ ограничен, а в обџем случае $URI[[http://libmeta.ru/me/formula/aux/104_50_SIEKT]]/URI$.

Если $URI[[http://libmeta.ru/me/formula/aux/104_51_SIEKT]]/URI$, то $URI[[http://libmeta.ru/me/formula/aux/104_52_SIEKT]]/URI$ и $URI[[http://libmeta.ru/me/formula/aux/104_53_SIEKT]]/URI$ раскладывается в прямуіо сумму инварнантных относительно $URI[[http://libmeta.ru/me/formula/aux/104_54_SIEKT]]/URI$ подпространств, в каждом из к-рых $URI[[http://libmeta.ru/me/formula/aux/104_55_SIEKT]]/URI$ индуцирует URI[[http://libmeta.ru/me/relation/104_6_SIEKT]]/URI с одноточечным С.; поисками бесконечномерных аналогов такого разложения занимается URI[[http://libmeta.ru/me/relation/104_5_SIEKT]]/URI олераторов. См. также URI[[http://libmeta.ru/me/relation/104_4_SIEKT]]/URI, URI[[http://libmeta.ru/me/relation/104_3_SIEKT]]/URI, URI[[http://libmeta.ru/me/relation/104_2_SIEKT]]/URI, URI[[http://libmeta.ru/me/relation/104_1_SIEKT]]/URI.</text>
  <text_orig>о е р а т о р а - совокупность $\sigma(A)$ чй. сел $\lambda \in \mathbb{C}$, для к-рых оператор $A-\lambda I$ не имеет всюду определенного ограниченного обратного. Здесь $A$ линейный оператор в комплексном банаховом пространстве $X, I$ - тождественный оператор в $X$. Если $A$ не замкнут в $X$, то $\sigma(A)=\mathbb{C}$, поэтому обычно рассматривают С. замкнутых операторов (для операторов, допускающих замыкание, иногда их С. наз. с п е к т p з а мы к а ния).

Если $A-\lambda I$ не инъективен или не сюръективен, то $\lambda \in \sigma(A)$. В первом случае $\lambda$ наз. с о б с т в е н ны м з н а ч е ни е м оператора $A ;$ совокупность $\sigma_{p}(A)$ собственных значений наз. т о ч е ч ны м с п е к тр о м. Во втором случае $\lambda$ наз. точкой н е I р е р ы в-

![](https://cdn.mathpix.com/cropped/2023_07_09_6e3e351def558b30ebbdg-1.jpg?height=37&amp;width=794&amp;top_left_y=2165&amp;top_left_x=995)
с п е к т р а $\sigma_{r}(A)$ в зависимости от того, плотно или не плотно в $X$ подпространство $(A-\lambda I) X$.

Существуют и другие классификации точек С., напр. $\sigma(A)=\sigma_{a}(A) \bigcup \sigma_{d}(A)$, где $\sigma_{a}(A)$ состоит из аппрокси- мативных собственных значений $\left(\lambda \in \sigma_{a}(A)\right.$, если существуют $\left\{x_{n}\right\} \subset X,\left\|x_{n}\right\|-1$,

\[
\begin{gathered}
\left.\left\|(A-\lambda) x_{n}\right\| \rightarrow 0\right), \\
\sigma_{d}(A)=\{\lambda \in \mathbb{C}: \operatorname{Ker}(A-\lambda I)=0, \\
\overline{(A-\lambda I) X}=(A-\lambda I) X \neq X\} .
\end{gathered}
\]

$\Pi_{\mathrm{pI}}$ этом $\sigma_{d}(A) \subset \sigma_{r}(A)$ и,, значит, $\sigma_{p}(A) \bigcup \sigma_{c}(A) \subset$ $\subset \sigma_{a}(A)$. В теории возмущениї рассматривается пі $\mathrm{p}$ еде ль н ы й с п е к т р $\sigma_{1 i m}(A)$, состоящий из предельных точек $\sigma(A)$ и изолированных собственных значенй̈ бесконечної кратности, в е й л е в с к и Ĭ с п е к т р, равный пересечению С. всех компактных возмущений, и др.

Если оператор $A$ ограничен, то $\sigma(A)$ компактен и не пуст (в этом случае $\sigma(A)$ совпадает со спектром э л е м е н т а $A$ банаховой алгебры $B(X))$; в общем случае можно утверждать липь, что $\sigma(A)$ замкнут в $\mathbb{C}$. На множестве $\rho(A)=\mathbb{C} \backslash \sigma(A)$ определена аналитическая $B(X)$-значная функция $R_{A}(\lambda)=(A-\lambda I)^{-1}$, наз. ре 3 оль в вентой $\boldsymbol{A}(\rho(A)$ наз. ре н ы м м в о ж с с т о м). С помощью резольвевты строится функциональное исчисление от огератора $A$ ва функциях, авалитических в окрестности $\sigma(A)$ :

\[
f(A)=\frac{1}{2 \pi i} \int_{\Gamma} f(\lambda) R_{A}(\lambda) d \lambda
\]

где $\Gamma$ - контур, охватывающий $\sigma(A)$ (неограниченность $A$ накладывает на выбор Г нек-рые ограничения); дополнительные условия на геометрию С. и асимптотику резольвенть поовволяют расширить это функциональное ис числение.

C. функциї̈ от оператора определяются формулой $\sigma(f(A))=\{f(\lambda): \lambda \in \sigma(A)\}$

(те о рема о б отоб р а жени и с пе к т р a); C. $\sigma\left(A^{*}\right)$ сопряженного огератора совпадает с $\sigma(A)$, если $A$ ограничен, а в обџем случае $\sigma\left(A^{*}\right) \subset \sigma(A)$.

Если $\operatorname{dim} X&lt;\infty$, то $\sigma(A)=\sigma_{p}(A)$ и $X$ раскладывается в прямуіо сумму инварнантных относительно $A$ подпространств, в каждом из к-рых $A$ индуцирует оператор с одноточечным С.; поисками бесконечномерных аналогов такого разложения занимается спектральная теория олераторов. См. также Спектральный анализ, Спектральный синтез, Спектральный оператор, Спектральное разложение.

Лum.: [1] Д а и ф о р д Н., Ш в а р ц Д ж., Јинейные операторы. Обцая теория, пер. с англ., т. 1, М., 1962; [2] K а т о Т., Теория возмущений линейных ошераторов, пер. с англ., М., 1972.

В. С. Шульман.</text_orig>
</article>
