<?xml version="1.0" ?>
<article uri="http://libmeta.ru/me/article/1051_IIITFELJa" alphabetic_pos="1051">
  <title>IIIТФЕЛЯ ЧИСЛО</title>
  <authors/>
  <pages>
    <start>453</start>
    <end>454</end>
  </pages>
  <literature>
    <literature_orig/>
  </literature>
  <formulas_main>
    <formula uri="http://libmeta.ru/me/formula/main/1051_1_IIITFELJa">x[M]=\langle x(\tau M),[M]\rangle</formula>
    <formula uri="http://libmeta.ru/me/formula/main/1051_2_IIITFELJa">v=S q^{-1} w \in H^{* *}\left(B O ; \mathbb{Z}_{2}\right),</formula>
  </formulas_main>
  <formulas_aux>
    <formula uri="http://libmeta.ru/me/formula/aux/1051_1_IIITFELJa">x \in H^{* *}\left(B O ; \mathbb{Z}_{2}\right)-</formula>
    <formula uri="http://libmeta.ru/me/formula/aux/1051_2_IIITFELJa">m-</formula>
    <formula uri="http://libmeta.ru/me/formula/aux/1051_3_IIITFELJa">m</formula>
    <formula uri="http://libmeta.ru/me/formula/aux/1051_4_IIITFELJa">x</formula>
    <formula uri="http://libmeta.ru/me/formula/aux/1051_5_IIITFELJa">\tau M</formula>
    <formula uri="http://libmeta.ru/me/formula/aux/1051_6_IIITFELJa">m</formula>
    <formula uri="http://libmeta.ru/me/formula/aux/1051_7_IIITFELJa">[m] \in H_{*}\left(M ; \mathbb{Z}_{2}\right)-</formula>
    <formula uri="http://libmeta.ru/me/formula/aux/1051_8_IIITFELJa">n</formula>
    <formula uri="http://libmeta.ru/me/formula/aux/1051_9_IIITFELJa">n</formula>
    <formula uri="http://libmeta.ru/me/formula/aux/1051_10_IIITFELJa">x</formula>
    <formula uri="http://libmeta.ru/me/formula/aux/1051_11_IIITFELJa">h^{n}\left(b O ; \mathbb{Z}_{2}\right)</formula>
    <formula uri="http://libmeta.ru/me/formula/aux/1051_12_IIITFELJa">\mathbb{z}_{2}</formula>
    <formula uri="http://libmeta.ru/me/formula/aux/1051_13_IIITFELJa">w=</formula>
    <formula uri="http://libmeta.ru/me/formula/aux/1051_14_IIITFELJa">=\left\{i_{1}, \ldots, i_{k}\right\}</formula>
    <formula uri="http://libmeta.ru/me/formula/aux/1051_15_IIITFELJa">n</formula>
    <formula uri="http://libmeta.ru/me/formula/aux/1051_16_IIITFELJa">\left\{i_{1}, \ldots, i_{k}\right\}</formula>
    <formula uri="http://libmeta.ru/me/formula/aux/1051_17_IIITFELJa">i_{1}+\ldots+i_{k}=n</formula>
    <formula uri="http://libmeta.ru/me/formula/aux/1051_18_IIITFELJa">h^{n}\left(b O ; \mathbb{Z}_{2}\right)</formula>
    <formula uri="http://libmeta.ru/me/formula/aux/1051_19_IIITFELJa">\boldsymbol{w}_{\boldsymbol{\omega}}=w_{i_{1}} w_{i_{2}} \ldots w_{i_{k}}</formula>
    <formula uri="http://libmeta.ru/me/formula/aux/1051_20_IIITFELJa">w_{\omega}</formula>
    <formula uri="http://libmeta.ru/me/formula/aux/1051_21_IIITFELJa">\omega</formula>
    <formula uri="http://libmeta.ru/me/formula/aux/1051_22_IIITFELJa">x</formula>
    <formula uri="http://libmeta.ru/me/formula/aux/1051_23_IIITFELJa">x\left[\right.</formula>
    <formula uri="http://libmeta.ru/me/formula/aux/1051_24_IIITFELJa">\mathfrak{\re}^{n} \longrightarrow \mathbb{Z}_{2}</formula>
    <formula uri="http://libmeta.ru/me/formula/aux/1051_25_IIITFELJa">\mathfrak{n}^{n}-</formula>
    <formula uri="http://libmeta.ru/me/formula/aux/1051_26_IIITFELJa">n</formula>
    <formula uri="http://libmeta.ru/me/formula/aux/1051_27_IIITFELJa">m, N</formula>
    <formula uri="http://libmeta.ru/me/formula/aux/1051_28_IIITFELJa">w_{\omega}[m]=w_{\omega}[n]</formula>
    <formula uri="http://libmeta.ru/me/formula/aux/1051_29_IIITFELJa">\omega</formula>
    <formula uri="http://libmeta.ru/me/formula/aux/1051_30_IIITFELJa">n=\operatorname{dim} M=\operatorname{dim} N</formula>
    <formula uri="http://libmeta.ru/me/formula/aux/1051_31_IIITFELJa">m</formula>
    <formula uri="http://libmeta.ru/me/formula/aux/1051_32_IIITFELJa">n</formula>
    <formula uri="http://libmeta.ru/me/formula/aux/1051_33_IIITFELJa">a</formula>
    <formula uri="http://libmeta.ru/me/formula/aux/1051_34_IIITFELJa">\operatorname{hom}\left(h^{n}\left(b O ; \mathbb{Z}_{2}\right)\right.</formula>
    <formula uri="http://libmeta.ru/me/formula/aux/1051_35_IIITFELJa">\left.\mathbb{Z}_{2}\right)</formula>
    <formula uri="http://libmeta.ru/me/formula/aux/1051_36_IIITFELJa">\mathbb{z}_{2}</formula>
    <formula uri="http://libmeta.ru/me/formula/aux/1051_37_IIITFELJa">\left\{e_{\omega}\right\}</formula>
    <formula uri="http://libmeta.ru/me/formula/aux/1051_38_IIITFELJa">a</formula>
    <formula uri="http://libmeta.ru/me/formula/aux/1051_39_IIITFELJa">\left\{w_{\omega}\right\}</formula>
    <formula uri="http://libmeta.ru/me/formula/aux/1051_40_IIITFELJa">h^{n}\left(b O ; \mathbb{Z}_{2}\right)</formula>
    <formula uri="http://libmeta.ru/me/formula/aux/1051_41_IIITFELJa">e_{\boldsymbol{\omega}}\left(w_{\omega^{\prime}}\right)=\delta_{\boldsymbol{\omega}} \omega^{\prime}</formula>
    <formula uri="http://libmeta.ru/me/formula/aux/1051_42_IIITFELJa">\omega, \omega^{\prime}-</formula>
    <formula uri="http://libmeta.ru/me/formula/aux/1051_43_IIITFELJa">n ;</formula>
    <formula uri="http://libmeta.ru/me/formula/aux/1051_44_IIITFELJa">\varphi: \mathfrak{l}^{n} \longrightarrow \Lambda</formula>
    <formula uri="http://libmeta.ru/me/formula/aux/1051_45_IIITFELJa">\varphi([m])=</formula>
    <formula uri="http://libmeta.ru/me/formula/aux/1051_46_IIITFELJa">=\sum_{\omega} w_{\omega}[M] e_{\omega}</formula>
    <formula uri="http://libmeta.ru/me/formula/aux/1051_47_IIITFELJa">\varphi</formula>
    <formula uri="http://libmeta.ru/me/formula/aux/1051_48_IIITFELJa">\mathfrak{l}^{n}</formula>
    <formula uri="http://libmeta.ru/me/formula/aux/1051_49_IIITFELJa">m</formula>
    <formula uri="http://libmeta.ru/me/formula/aux/1051_50_IIITFELJa">v \in H^{*}\left(M ; \mathbb{Z}_{2}\right)</formula>
    <formula uri="http://libmeta.ru/me/formula/aux/1051_51_IIITFELJa">\langle\alpha \bigcup v,[M]\rangle=\langle S q \alpha[M]\rangle</formula>
    <formula uri="http://libmeta.ru/me/formula/aux/1051_52_IIITFELJa">\alpha \in H^{*}\left(M ; \mathbb{Z}_{2}\right)</formula>
    <formula uri="http://libmeta.ru/me/formula/aux/1051_53_IIITFELJa">w(\tau M)=S q v</formula>
    <formula uri="http://libmeta.ru/me/formula/aux/1051_54_IIITFELJa">\tau M</formula>
    <formula uri="http://libmeta.ru/me/formula/aux/1051_55_IIITFELJa">m</formula>
    <formula uri="http://libmeta.ru/me/formula/aux/1051_56_IIITFELJa">w \in H^{* *}\left(B O ; \mathbb{Z}_{2}\right)</formula>
    <formula uri="http://libmeta.ru/me/formula/aux/1051_57_IIITFELJa">s q^{-1}=1+S q^{1}+S q^{2}+S q^{2} S q^{1}+\ldots-</formula>
    <formula uri="http://libmeta.ru/me/formula/aux/1051_58_IIITFELJa">c</formula>
    <formula uri="http://libmeta.ru/me/formula/aux/1051_59_IIITFELJa">s q</formula>
    <formula uri="http://libmeta.ru/me/formula/aux/1051_60_IIITFELJa">\alpha \in H^{* *}\left(B O ; \mathbb{Z}_{2}\right)</formula>
    <formula uri="http://libmeta.ru/me/formula/aux/1051_61_IIITFELJa">(\alpha \bigcup v)[M]</formula>
    <formula uri="http://libmeta.ru/me/formula/aux/1051_62_IIITFELJa">(s q \alpha)[M]</formula>
    <formula uri="http://libmeta.ru/me/formula/aux/1051_63_IIITFELJa">a \in A, a=\sum a_{\omega} e_{\omega}</formula>
    <formula uri="http://libmeta.ru/me/formula/aux/1051_64_IIITFELJa">\varphi</formula>
    <formula uri="http://libmeta.ru/me/formula/aux/1051_65_IIITFELJa">\alpha \in H^{* *}\left(B O ; \mathbb{Z}_{2}\right)</formula>
    <formula uri="http://libmeta.ru/me/formula/aux/1051_66_IIITFELJa">a(\alpha \bigcup v)=a(S q \alpha)</formula>
    <formula uri="http://libmeta.ru/me/formula/aux/1051_67_IIITFELJa">a: H^{n}\left(B O ; \mathbb{Z}_{2}\right) \longrightarrow \mathbb{Z}_{2}</formula>
    <formula uri="http://libmeta.ru/me/formula/aux/1051_68_IIITFELJa">m^{n}</formula>
    <formula uri="http://libmeta.ru/me/formula/aux/1051_69_IIITFELJa">x\left[m^{n}\right]=a(x)</formula>
    <formula uri="http://libmeta.ru/me/formula/aux/1051_70_IIITFELJa">x \in H^{n}\left(B O ; \mathbb{Z}_{2}\right)</formula>
    <formula uri="http://libmeta.ru/me/formula/aux/1051_71_IIITFELJa">a(\alpha \bigcup v)=a(S q \alpha)</formula>
    <formula uri="http://libmeta.ru/me/formula/aux/1051_72_IIITFELJa">\alpha \in H^{* *}\left(B O ; \mathbb{Z}_{2}\right)(</formula>
  </formulas_aux>
  <relations n="63">
    <relation uri="http://libmeta.ru/me/relation/1051_1_IIITFELJa">
      <rel_text>класс</rel_text>
      <target>http://libmeta.ru/me/article/889_KLAS</target>
    </relation>
    <relation uri="http://libmeta.ru/me/relation/1051_2_IIITFELJa">
      <rel_text>статье</rel_text>
      <target>http://libmeta.ru/me/article/183_STATIK</target>
    </relation>
    <relation uri="http://libmeta.ru/me/relation/1051_3_IIITFELJa">
      <rel_text>многообразие</rel_text>
      <target>http://libmeta.ru/me/article/438_MNOGOOBRAZI</target>
    </relation>
    <relation uri="http://libmeta.ru/me/relation/1051_4_IIITFELJa">
      <rel_text>отображения</rel_text>
      <target>http://libmeta.ru/me/article/128_OTOBRAZhENI</target>
    </relation>
    <relation uri="http://libmeta.ru/me/relation/1051_5_IIITFELJa">
      <rel_text>совпадают</rel_text>
      <target>http://libmeta.ru/me/article/59_SOVPADENI</target>
    </relation>
    <relation uri="http://libmeta.ru/me/relation/1051_6_IIITFELJa">
      <rel_text>замкнутого многообразия</rel_text>
      <target>http://libmeta.ru/me/article/426_ZAMKNUTOE</target>
    </relation>
    <relation uri="http://libmeta.ru/me/relation/1051_7_IIITFELJa">
      <rel_text>класс</rel_text>
      <target>http://libmeta.ru/me/article/889_KLAS</target>
    </relation>
    <relation uri="http://libmeta.ru/me/relation/1051_8_IIITFELJa">
      <rel_text>характеристич</rel_text>
      <target>http://libmeta.ru/me/article/839_HARAKTERISTIK</target>
    </relation>
    <relation uri="http://libmeta.ru/me/relation/1051_9_IIITFELJa">
      <rel_text>квадрату</rel_text>
      <target>http://libmeta.ru/me/article/796_KVADRAN</target>
    </relation>
    <relation uri="http://libmeta.ru/me/relation/1051_10_IIITFELJa">
      <rel_text>операция</rel_text>
      <target>http://libmeta.ru/me/article/15_OPERAN</target>
    </relation>
    <relation uri="http://libmeta.ru/me/relation/1051_11_IIITFELJa">
      <rel_text>когомологич</rel_text>
      <target>http://libmeta.ru/me/article/939_KOGOMolOGI</target>
    </relation>
    <relation uri="http://libmeta.ru/me/relation/1051_12_IIITFELJa">
      <rel_text>класс</rel_text>
      <target>http://libmeta.ru/me/article/889_KLAS</target>
    </relation>
    <relation uri="http://libmeta.ru/me/relation/1051_13_IIITFELJa">
      <rel_text>полный</rel_text>
      <target>http://libmeta.ru/me/article/501_POLI0</target>
    </relation>
    <relation uri="http://libmeta.ru/me/relation/1051_14_IIITFELJa">
      <rel_text>класс</rel_text>
      <target>http://libmeta.ru/me/article/889_KLAS</target>
    </relation>
    <relation uri="http://libmeta.ru/me/relation/1051_15_IIITFELJa">
      <rel_text>характеристич</rel_text>
      <target>http://libmeta.ru/me/article/839_HARAKTERISTIK</target>
    </relation>
    <relation uri="http://libmeta.ru/me/relation/1051_16_IIITFELJa">
      <rel_text>класс</rel_text>
      <target>http://libmeta.ru/me/article/889_KLAS</target>
    </relation>
    <relation uri="http://libmeta.ru/me/relation/1051_17_IIITFELJa">
      <rel_text>теоремы</rel_text>
      <target>http://libmeta.ru/me/article/381_TEORI</target>
    </relation>
    <relation uri="http://libmeta.ru/me/relation/1051_18_IIITFELJa">
      <rel_text>расслоение</rel_text>
      <target>http://libmeta.ru/me/article/973_RASSLOENI</target>
    </relation>
    <relation uri="http://libmeta.ru/me/relation/1051_19_IIITFELJa">
      <rel_text>замкнутого многообразия</rel_text>
      <target>http://libmeta.ru/me/article/426_ZAMKNUTOE</target>
    </relation>
    <relation uri="http://libmeta.ru/me/relation/1051_20_IIITFELJa">
      <rel_text>группы</rel_text>
      <target>http://libmeta.ru/me/article/1207_GRUPІІ</target>
    </relation>
    <relation uri="http://libmeta.ru/me/relation/1051_21_IIITFELJa">
      <rel_text>мономорфно</rel_text>
      <target>http://libmeta.ru/me/article/779_MONOMORFIZ</target>
    </relation>
    <relation uri="http://libmeta.ru/me/relation/1051_22_IIITFELJa">
      <rel_text>Отображение</rel_text>
      <target>http://libmeta.ru/me/article/128_OTOBRAZhENI</target>
    </relation>
    <relation uri="http://libmeta.ru/me/relation/1051_23_IIITFELJa">
      <rel_text>формулой</rel_text>
      <target>http://libmeta.ru/me/article/731_FORMALIZ</target>
    </relation>
    <relation uri="http://libmeta.ru/me/relation/1051_24_IIITFELJa">
      <rel_text>отображение</rel_text>
      <target>http://libmeta.ru/me/article/128_OTOBRAZhENI</target>
    </relation>
    <relation uri="http://libmeta.ru/me/relation/1051_25_IIITFELJa">
      <rel_text>разбиения</rel_text>
      <target>http://libmeta.ru/me/article/880_RAZBIENI</target>
    </relation>
    <relation uri="http://libmeta.ru/me/relation/1051_26_IIITFELJa">
      <rel_text>пространства</rel_text>
      <target>http://libmeta.ru/me/article/748_PROSTRANSTV</target>
    </relation>
    <relation uri="http://libmeta.ru/me/relation/1051_27_IIITFELJa">
      <rel_text>пространстве</rel_text>
      <target>http://libmeta.ru/me/article/748_PROSTRANSTV</target>
    </relation>
    <relation uri="http://libmeta.ru/me/relation/1051_28_IIITFELJa">
      <rel_text>пространство</rel_text>
      <target>http://libmeta.ru/me/article/748_PROSTRANSTV</target>
    </relation>
    <relation uri="http://libmeta.ru/me/relation/1051_29_IIITFELJa">
      <rel_text>теорем</rel_text>
      <target>http://libmeta.ru/me/article/381_TEORI</target>
    </relation>
    <relation uri="http://libmeta.ru/me/relation/1051_30_IIITFELJa">
      <rel_text>многообразия</rel_text>
      <target>http://libmeta.ru/me/article/438_MNOGOOBRAZI</target>
    </relation>
    <relation uri="http://libmeta.ru/me/relation/1051_31_IIITFELJa">
      <rel_text>разбиениях</rel_text>
      <target>http://libmeta.ru/me/article/880_RAZBIENI</target>
    </relation>
    <relation uri="http://libmeta.ru/me/relation/1051_32_IIITFELJa">
      <rel_text>замкнутых многообразий</rel_text>
      <target>http://libmeta.ru/me/article/426_ZAMKNUTOE</target>
    </relation>
    <relation uri="http://libmeta.ru/me/relation/1051_33_IIITFELJa">
      <rel_text>многообразий</rel_text>
      <target>http://libmeta.ru/me/article/438_MNOGOOBRAZI</target>
    </relation>
    <relation uri="http://libmeta.ru/me/relation/1051_34_IIITFELJa">
      <rel_text>группа</rel_text>
      <target>http://libmeta.ru/me/article/1207_GRUPІІ</target>
    </relation>
    <relation uri="http://libmeta.ru/me/relation/1051_35_IIITFELJa">
      <rel_text>гомоморфизм</rel_text>
      <target>http://libmeta.ru/me/article/1135_GOMoMoRFIZ</target>
    </relation>
    <relation uri="http://libmeta.ru/me/relation/1051_36_IIITFELJa">
      <rel_text>класс</rel_text>
      <target>http://libmeta.ru/me/article/889_KLAS</target>
    </relation>
    <relation uri="http://libmeta.ru/me/relation/1051_37_IIITFELJa">
      <rel_text>характеристич</rel_text>
      <target>http://libmeta.ru/me/article/839_HARAKTERISTIK</target>
    </relation>
    <relation uri="http://libmeta.ru/me/relation/1051_38_IIITFELJa">
      <rel_text>многообразия</rel_text>
      <target>http://libmeta.ru/me/article/438_MNOGOOBRAZI</target>
    </relation>
    <relation uri="http://libmeta.ru/me/relation/1051_39_IIITFELJa">
      <rel_text>многообразия</rel_text>
      <target>http://libmeta.ru/me/article/438_MNOGOOBRAZI</target>
    </relation>
    <relation uri="http://libmeta.ru/me/relation/1051_40_IIITFELJa">
      <rel_text>многообразия</rel_text>
      <target>http://libmeta.ru/me/article/438_MNOGOOBRAZI</target>
    </relation>
    <relation uri="http://libmeta.ru/me/relation/1051_41_IIITFELJa">
      <rel_text>характеризациіг</rel_text>
      <target>http://libmeta.ru/me/article/839_HARAKTERISTIK</target>
    </relation>
    <relation uri="http://libmeta.ru/me/relation/1051_42_IIITFELJa">
      <rel_text>групшы</rel_text>
      <target>http://libmeta.ru/me/article/1207_GRUPІІ</target>
    </relation>
    <relation uri="http://libmeta.ru/me/relation/1051_43_IIITFELJa">
      <rel_text>разбиений</rel_text>
      <target>http://libmeta.ru/me/article/880_RAZBIENI</target>
    </relation>
    <relation uri="http://libmeta.ru/me/relation/1051_44_IIITFELJa">
      <rel_text>множеством</rel_text>
      <target>http://libmeta.ru/me/article/733_MNOZhESTV</target>
    </relation>
    <relation uri="http://libmeta.ru/me/relation/1051_45_IIITFELJa">
      <rel_text>взаимно однозначном соответствии</rel_text>
      <target>http://libmeta.ru/me/article/701_VZAIMNO</target>
    </relation>
    <relation uri="http://libmeta.ru/me/relation/1051_46_IIITFELJa">
      <rel_text>векторному пространству</rel_text>
      <target>http://libmeta.ru/me/article/657_VEKTORNOE</target>
    </relation>
    <relation uri="http://libmeta.ru/me/relation/1051_47_IIITFELJa">
      <rel_text>Группа</rel_text>
      <target>http://libmeta.ru/me/article/1207_GRUPІІ</target>
    </relation>
    <relation uri="http://libmeta.ru/me/relation/1051_48_IIITFELJa">
      <rel_text>степени</rel_text>
      <target>http://libmeta.ru/me/article/213_STEPEN</target>
    </relation>
    <relation uri="http://libmeta.ru/me/relation/1051_49_IIITFELJa">
      <rel_text>однородной компоненты</rel_text>
      <target>http://libmeta.ru/me/article/1177_ODNORODNOE</target>
    </relation>
    <relation uri="http://libmeta.ru/me/relation/1051_50_IIITFELJa">
      <rel_text>многообразий</rel_text>
      <target>http://libmeta.ru/me/article/438_MNOGOOBRAZI</target>
    </relation>
    <relation uri="http://libmeta.ru/me/relation/1051_51_IIITFELJa">
      <rel_text>фундаментальный класс</rel_text>
      <target>http://libmeta.ru/me/article/787_FUNDAMENTAL'NYII</target>
    </relation>
    <relation uri="http://libmeta.ru/me/relation/1051_52_IIITFELJa">
      <rel_text>многообразия</rel_text>
      <target>http://libmeta.ru/me/article/438_MNOGOOBRAZI</target>
    </relation>
    <relation uri="http://libmeta.ru/me/relation/1051_53_IIITFELJa">
      <rel_text>расслоение</rel_text>
      <target>http://libmeta.ru/me/article/973_RASSLOENI</target>
    </relation>
    <relation uri="http://libmeta.ru/me/relation/1051_54_IIITFELJa">
      <rel_text>многообразия</rel_text>
      <target>http://libmeta.ru/me/article/438_MNOGOOBRAZI</target>
    </relation>
    <relation uri="http://libmeta.ru/me/relation/1051_55_IIITFELJa">
      <rel_text>модулю</rel_text>
      <target>http://libmeta.ru/me/article/741_MODEL</target>
    </relation>
    <relation uri="http://libmeta.ru/me/relation/1051_56_IIITFELJa">
      <rel_text>Вычет</rel_text>
      <target>http://libmeta.ru/me/article/887_VYChE</target>
    </relation>
    <relation uri="http://libmeta.ru/me/relation/1051_57_IIITFELJa">
      <rel_text>замкнутое многообразие</rel_text>
      <target>http://libmeta.ru/me/article/426_ZAMKNUTOE</target>
    </relation>
    <relation uri="http://libmeta.ru/me/relation/1051_58_IIITFELJa">
      <rel_text>класс</rel_text>
      <target>http://libmeta.ru/me/article/889_KLAS</target>
    </relation>
    <relation uri="http://libmeta.ru/me/relation/1051_59_IIITFELJa">
      <rel_text>характеристич</rel_text>
      <target>http://libmeta.ru/me/article/839_HARAKTERISTIK</target>
    </relation>
    <relation uri="http://libmeta.ru/me/relation/1051_60_IIITFELJa">
      <rel_text>произвольныі</rel_text>
      <target>http://libmeta.ru/me/article/1045_PROIZVODNA</target>
    </relation>
    <relation uri="http://libmeta.ru/me/relation/1051_61_IIITFELJa">
      <rel_text>модулю</rel_text>
      <target>http://libmeta.ru/me/article/741_MODEL</target>
    </relation>
    <relation uri="http://libmeta.ru/me/relation/1051_62_IIITFELJa">
      <rel_text>замкнутого многообразия</rel_text>
      <target>http://libmeta.ru/me/article/426_ZAMKNUTOE</target>
    </relation>
    <relation uri="http://libmeta.ru/me/relation/1051_63_IIITFELJa">
      <rel_text>число</rel_text>
      <target>http://libmeta.ru/me/article/1009_ChISL</target>
    </relation>
  </relations>
  <text>характеристическое URI[[http://libmeta.ru/me/relation/1051_63_IIITFELJa]]/URI URI[[http://libmeta.ru/me/relation/1051_62_IIITFELJa]]/URI, принимающее значения вычетов по URI[[http://libmeta.ru/me/relation/1051_61_IIITFELJa]]/URI 2. Пусть $URI[[http://libmeta.ru/me/formula/aux/1051_1_IIITFELJa]]/URI$ URI[[http://libmeta.ru/me/relation/1051_60_IIITFELJa]]/URI стабильный URI[[http://libmeta.ru/me/relation/1051_59_IIITFELJa]]/URI. URI[[http://libmeta.ru/me/relation/1051_58_IIITFELJa]]/URI, $URI[[http://libmeta.ru/me/formula/aux/1051_2_IIITFELJa]]/URI$ URI[[http://libmeta.ru/me/relation/1051_57_IIITFELJa]]/URI. URI[[http://libmeta.ru/me/relation/1051_56_IIITFELJa]]/URI по URI[[http://libmeta.ru/me/relation/1051_55_IIITFELJa]]/URI 2 , ощределяемый равенством

\[
URI[[http://libmeta.ru/me/formula/main/1051_1_IIITFELJa]]/URI
\]

наз. ч и слом Штифеля (ил л Шти феляу и т н і) URI[[http://libmeta.ru/me/relation/1051_54_IIITFELJa]]/URI $URI[[http://libmeta.ru/me/formula/aux/1051_3_IIITFELJa]]/URI$, соответствующим классу $URI[[http://libmeta.ru/me/formula/aux/1051_4_IIITFELJa]]/URI$. Здесь $URI[[http://libmeta.ru/me/formula/aux/1051_5_IIITFELJa]]/URI$-касательное URI[[http://libmeta.ru/me/relation/1051_53_IIITFELJa]]/URI URI[[http://libmeta.ru/me/relation/1051_52_IIITFELJa]]/URI $URI[[http://libmeta.ru/me/formula/aux/1051_6_IIITFELJa]]/URI$, а $URI[[http://libmeta.ru/me/formula/aux/1051_7_IIITFELJa]]/URI$ URI[[http://libmeta.ru/me/relation/1051_51_IIITFELJa]]/URI. Для URI[[http://libmeta.ru/me/relation/1051_50_IIITFELJa]]/URI размерности $URI[[http://libmeta.ru/me/formula/aux/1051_8_IIITFELJa]]/URI$ Iii. ч. зависят лишь от URI[[http://libmeta.ru/me/relation/1051_49_IIITFELJa]]/URI URI[[http://libmeta.ru/me/relation/1051_48_IIITFELJa]]/URI $URI[[http://libmeta.ru/me/formula/aux/1051_9_IIITFELJa]]/URI$ класса $URI[[http://libmeta.ru/me/formula/aux/1051_10_IIITFELJa]]/URI$. URI[[http://libmeta.ru/me/relation/1051_47_IIITFELJa]]/URI $URI[[http://libmeta.ru/me/formula/aux/1051_11_IIITFELJa]]/URI$ изоморфіа URI[[http://libmeta.ru/me/relation/1051_46_IIITFELJa]]/URI над полем $URI[[http://libmeta.ru/me/formula/aux/1051_12_IIITFELJa]]/URI$ с базисом, находящимся во URI[[http://libmeta.ru/me/relation/1051_45_IIITFELJa]]/URI с URI[[http://libmeta.ru/me/relation/1051_44_IIITFELJa]]/URI всех URI[[http://libmeta.ru/me/relation/1051_43_IIITFELJa]]/URI $URI[[http://libmeta.ru/me/formula/aux/1051_13_IIITFELJa]]/URI$ $URI[[http://libmeta.ru/me/formula/aux/1051_14_IIITFELJa]]/URI$ числа $URI[[http://libmeta.ru/me/formula/aux/1051_15_IIITFELJa]]/URI$, т. е. наборов $URI[[http://libmeta.ru/me/formula/aux/1051_16_IIITFELJa]]/URI$ целых неотрицательных чисел с $URI[[http://libmeta.ru/me/formula/aux/1051_17_IIITFELJa]]/URI$. В качестве базпса URI[[http://libmeta.ru/me/relation/1051_42_IIITFELJa]]/URI $URI[[http://libmeta.ru/me/formula/aux/1051_18_IIITFELJa]]/URI$ сстественно взять классы $URI[[http://libmeta.ru/me/formula/aux/1051_19_IIITFELJa]]/URI$. Поэтому с точки зрения URI[[http://libmeta.ru/me/relation/1051_41_IIITFELJa]]/URI URI[[http://libmeta.ru/me/relation/1051_40_IIITFELJa]]/URI его Ш. ч. достаточно рассматривать классы $URI[[http://libmeta.ru/me/formula/aux/1051_20_IIITFELJa]]/URI$, где $URI[[http://libmeta.ru/me/formula/aux/1051_21_IIITFELJa]]/URI$-разбиение размерности URI[[http://libmeta.ru/me/relation/1051_39_IIITFELJa]]/URI.

Бордантные URI[[http://libmeta.ru/me/relation/1051_38_IIITFELJa]]/URI имеют одинаковые Ш. ч., так что каждый URI[[http://libmeta.ru/me/relation/1051_37_IIITFELJa]]/URI. URI[[http://libmeta.ru/me/relation/1051_36_IIITFELJa]]/URI $URI[[http://libmeta.ru/me/formula/aux/1051_22_IIITFELJa]]/URI$ оиределяет URI[[http://libmeta.ru/me/relation/1051_35_IIITFELJa]]/URI $URI[[http://libmeta.ru/me/formula/aux/1051_23_IIITFELJa]]/URI$ ]: $URI[[http://libmeta.ru/me/formula/aux/1051_24_IIITFELJa]]/URI$, где $URI[[http://libmeta.ru/me/formula/aux/1051_25_IIITFELJa]]/URI$ URI[[http://libmeta.ru/me/relation/1051_34_IIITFELJa]]/URI классов бордантных неориентированных URI[[http://libmeta.ru/me/relation/1051_33_IIITFELJa]]/URI размерности $URI[[http://libmeta.ru/me/formula/aux/1051_26_IIITFELJa]]/URI$. Если для двух URI[[http://libmeta.ru/me/relation/1051_32_IIITFELJa]]/URI $URI[[http://libmeta.ru/me/formula/aux/1051_27_IIITFELJa]]/URI$ имеет место равенство $URI[[http://libmeta.ru/me/formula/aux/1051_28_IIITFELJa]]/URI$ при всех URI[[http://libmeta.ru/me/relation/1051_31_IIITFELJa]]/URI $URI[[http://libmeta.ru/me/formula/aux/1051_29_IIITFELJa]]/URI$ числа $URI[[http://libmeta.ru/me/formula/aux/1051_30_IIITFELJa]]/URI$, то URI[[http://libmeta.ru/me/relation/1051_30_IIITFELJa]]/URI $URI[[http://libmeta.ru/me/formula/aux/1051_31_IIITFELJa]]/URI$ и $URI[[http://libmeta.ru/me/formula/aux/1051_32_IIITFELJa]]/URI$ бордантны (URI[[http://libmeta.ru/me/relation/1051_29_IIITFELJa]]/URI а Тома).

Пусть $URI[[http://libmeta.ru/me/formula/aux/1051_33_IIITFELJa]]/URI$-векторное URI[[http://libmeta.ru/me/relation/1051_28_IIITFELJa]]/URI $URI[[http://libmeta.ru/me/formula/aux/1051_34_IIITFELJa]]/URI$, $URI[[http://libmeta.ru/me/formula/aux/1051_35_IIITFELJa]]/URI$ над полем $URI[[http://libmeta.ru/me/formula/aux/1051_36_IIITFELJa]]/URI$. Пусть $URI[[http://libmeta.ru/me/formula/aux/1051_37_IIITFELJa]]/URI$-базис в URI[[http://libmeta.ru/me/relation/1051_27_IIITFELJa]]/URI $URI[[http://libmeta.ru/me/formula/aux/1051_38_IIITFELJa]]/URI$, дуальный базису $URI[[http://libmeta.ru/me/formula/aux/1051_39_IIITFELJa]]/URI$ URI[[http://libmeta.ru/me/relation/1051_26_IIITFELJa]]/URI $URI[[http://libmeta.ru/me/formula/aux/1051_40_IIITFELJa]]/URI$, $URI[[http://libmeta.ru/me/formula/aux/1051_41_IIITFELJa]]/URI$, здесь $URI[[http://libmeta.ru/me/formula/aux/1051_42_IIITFELJa]]/URI$ URI[[http://libmeta.ru/me/relation/1051_25_IIITFELJa]]/URI чис ла $URI[[http://libmeta.ru/me/formula/aux/1051_43_IIITFELJa]]/URI$ и пусть URI[[http://libmeta.ru/me/relation/1051_24_IIITFELJa]]/URI $URI[[http://libmeta.ru/me/formula/aux/1051_44_IIITFELJa]]/URI$ определено URI[[http://libmeta.ru/me/relation/1051_23_IIITFELJa]]/URI $URI[[http://libmeta.ru/me/formula/aux/1051_45_IIITFELJa]]/URI$ $URI[[http://libmeta.ru/me/formula/aux/1051_46_IIITFELJa]]/URI$. URI[[http://libmeta.ru/me/relation/1051_22_IIITFELJa]]/URI $URI[[http://libmeta.ru/me/formula/aux/1051_47_IIITFELJa]]/URI$ URI[[http://libmeta.ru/me/relation/1051_21_IIITFELJa]]/URI и для полного оиисания URI[[http://libmeta.ru/me/relation/1051_20_IIITFELJa]]/URI $URI[[http://libmeta.ru/me/formula/aux/1051_48_IIITFELJa]]/URI$ в терминах Iii. ч. нужно найти его образ. Эта проблема аналогична проблеме Милнора-Хирцебруха для Чжәня классов. Для URI[[http://libmeta.ru/me/relation/1051_19_IIITFELJa]]/URI $URI[[http://libmeta.ru/me/formula/aux/1051_49_IIITFELJa]]/URI$ пусть $URI[[http://libmeta.ru/me/formula/aux/1051_50_IIITFELJa]]/URI$ т. н. к ла с с В у, к-рый однозначно определен равенством $URI[[http://libmeta.ru/me/formula/aux/1051_51_IIITFELJa]]/URI$, имеющим место при всех $URI[[http://libmeta.ru/me/formula/aux/1051_52_IIITFELJa]]/URI$. Тогда $URI[[http://libmeta.ru/me/formula/aux/1051_53_IIITFELJa]]/URI$, где $URI[[http://libmeta.ru/me/formula/aux/1051_54_IIITFELJa]]/URI$-касательное URI[[http://libmeta.ru/me/relation/1051_18_IIITFELJa]]/URI к $URI[[http://libmeta.ru/me/formula/aux/1051_55_IIITFELJa]]/URI$ (теоре м а В у).

Из этой URI[[http://libmeta.ru/me/relation/1051_17_IIITFELJa]]/URI видно, что URI[[http://libmeta.ru/me/relation/1051_16_IIITFELJa]]/URI Ву может быть оиределен как нек-рыї URI[[http://libmeta.ru/me/relation/1051_15_IIITFELJa]]/URI. URI[[http://libmeta.ru/me/relation/1051_14_IIITFELJa]]/URI: пусть

\[
URI[[http://libmeta.ru/me/formula/main/1051_2_IIITFELJa]]/URI
\] где $URI[[http://libmeta.ru/me/formula/aux/1051_56_IIITFELJa]]/URI$ - URI[[http://libmeta.ru/me/relation/1051_13_IIITFELJa]]/URI Пттфеля -Уитни URI[[http://libmeta.ru/me/relation/1051_12_IIITFELJa]]/URI, а $URI[[http://libmeta.ru/me/formula/aux/1051_57_IIITFELJa]]/URI$ URI[[http://libmeta.ru/me/relation/1051_11_IIITFELJa]]/URI. URI[[http://libmeta.ru/me/relation/1051_10_IIITFELJa]]/URI, обратная к полному $URI[[http://libmeta.ru/me/formula/aux/1051_58_IIITFELJa]]/URI$ тинрода URI[[http://libmeta.ru/me/relation/1051_9_IIITFELJa]]/URI $URI[[http://libmeta.ru/me/formula/aux/1051_59_IIITFELJa]]/URI$. Пусть $URI[[http://libmeta.ru/me/formula/aux/1051_60_IIITFELJa]]/URI$-произвольный URI[[http://libmeta.ru/me/relation/1051_8_IIITFELJa]]/URI. URI[[http://libmeta.ru/me/relation/1051_7_IIITFELJa]]/URI. Тогда, для любого URI[[http://libmeta.ru/me/relation/1051_6_IIITFELJa]]/URI числа $URI[[http://libmeta.ru/me/formula/aux/1051_61_IIITFELJa]]/URI$ и $URI[[http://libmeta.ru/me/formula/aux/1051_62_IIITFELJa]]/URI$ URI[[http://libmeta.ru/me/relation/1051_5_IIITFELJa]]/URI. Таким образом, для того чтобы элемент $URI[[http://libmeta.ru/me/formula/aux/1051_63_IIITFELJa]]/URI$ лежал в образе URI[[http://libmeta.ru/me/relation/1051_4_IIITFELJa]]/URI $URI[[http://libmeta.ru/me/formula/aux/1051_64_IIITFELJa]]/URI$, необходимо, чтобы для всех $URI[[http://libmeta.ru/me/formula/aux/1051_65_IIITFELJa]]/URI$ имело место равенство $URI[[http://libmeta.ru/me/formula/aux/1051_66_IIITFELJa]]/URI$. Для гомоморфігзма $URI[[http://libmeta.ru/me/formula/aux/1051_67_IIITFELJa]]/URI$ тогда и только тогда существует такое URI[[http://libmeta.ru/me/relation/1051_3_IIITFELJa]]/URI $URI[[http://libmeta.ru/me/formula/aux/1051_68_IIITFELJa]]/URI$, что $URI[[http://libmeta.ru/me/formula/aux/1051_69_IIITFELJa]]/URI$ при всех $URI[[http://libmeta.ru/me/formula/aux/1051_70_IIITFELJa]]/URI$, когда $URI[[http://libmeta.ru/me/formula/aux/1051_71_IIITFELJa]]/URI$ при всех $URI[[http://libmeta.ru/me/formula/aux/1051_72_IIITFELJa]]/URI$ т е о р е м а Д о л ь д а).

Јiит. см. при URI[[http://libmeta.ru/me/relation/1051_2_IIITFELJa]]/URI Шітибеля - Уитни URI[[http://libmeta.ru/me/relation/1051_1_IIITFELJa]]/URI.</text>
  <text_orig>характеристическое число замкнутого многообразия, принимающее значения вычетов по модулю 2. Пусть $x \in H^{* *}\left(B O ; \mathbb{Z}_{2}\right)-$ произвольныі стабильный характеристич. класс, $M-$ замкнутое многообразие. Вычет по модулю 2 , ощределяемый равенством

\[
x[M]=\langle x(\tau M),[M]\rangle
\]

наз. ч и слом Штифеля (ил л Шти феляУ и т н і) многообразия $M$, соответствующим классу $x$. Здесь $\tau M$-касательное расслоение многообразия $M$, а $[M] \in H_{*}\left(M ; \mathbb{Z}_{2}\right)-$ фундаментальный класс. Для многообразий размерности $n$ III. ч. зависят лишь от однородной компоненты степени $n$ класса $x$. Группа $H^{n}\left(B O ; \mathbb{Z}_{2}\right)$ изоморфіа векторному пространству над полем $\mathbb{Z}_{2}$ с базисом, находящимся во взаимно однозначном соответствии с множеством всех разбиений $w=$ $=\left\{i_{1}, \ldots, i_{k}\right\}$ числа $n$, т. е. наборов $\left\{i_{1}, \ldots, i_{k}\right\}$ целых неотрицательных чисел с $i_{1}+\ldots+i_{k}=n$. В качестве базпса групшы $H^{n}\left(B O ; \mathbb{Z}_{2}\right)$ сстественно взять классы $\boldsymbol{w}_{\boldsymbol{\omega}}=w_{i_{1}} w_{i_{2}} \ldots w_{i_{k}}$. Поэтому с точки зрения характеризациіг многообразия его Ш. ч. достаточно рассматривать классы $w_{\omega}$, где $\omega$-разбиение размерности многообразия.

Бордантные многообразия имеют одинаковые Ш. ч., так что каждый характеристич. класс $x$ оиределяет гомоморфизм $x\left[\right.$ ]: $\mathfrak{\Re}^{n} \longrightarrow \mathbb{Z}_{2}$, где $\mathfrak{N}^{n}-$ группа классов бордантных неориентированных многообразий размерности $n$. Если для двух замкнутых многообразий $M, N$ имеет место равенство $w_{\omega}[M]=w_{\omega}[N]$ при всех разбиениях $\omega$ числа $n=\operatorname{dim} M=\operatorname{dim} N$, то многообразия $M$ и $N$ бордантны (теорем а Тома).

Пусть $A$-векторное пространство $\operatorname{Hom}\left(H^{n}\left(B O ; \mathbb{Z}_{2}\right)\right.$, $\left.\mathbb{Z}_{2}\right)$ над полем $\mathbb{Z}_{2}$. Пусть $\left\{e_{\omega}\right\}$-базис в пространстве $A$, дуальный базису $\left\{w_{\omega}\right\}$ пространства $H^{n}\left(B O ; \mathbb{Z}_{2}\right)$, $e_{\boldsymbol{\omega}}\left(w_{\omega^{\prime}}\right)=\delta_{\boldsymbol{\omega}} \omega^{\prime}$, здесь $\omega, \omega^{\prime}-$ разбиения чис ла $n ;$ и пусть отображение $\varphi: \mathfrak{l}^{n} \longrightarrow \Lambda$ определено формулой $\varphi([M])=$ $=\sum_{\omega} w_{\omega}[M] e_{\omega}$. Отображение $\varphi$ мономорфно и для полного оиисания группы $\mathfrak{l}^{n}$ в терминах III. ч. нужно найти его образ. Эта проблема аналогична проблеме Милнора-Хирцебруха для Чжәня классов. Для замкнутого многообразия $M$ пусть $v \in H^{*}\left(M ; \mathbb{Z}_{2}\right)$ т. н. к ла с с В у, к-рый однозначно определен равенством $\langle\alpha \bigcup v,[M]\rangle=\langle S q \alpha[M]\rangle$, имеющим место при всех $\alpha \in H^{*}\left(M ; \mathbb{Z}_{2}\right)$. Тогда $w(\tau M)=S q v$, где $\tau M$-касательное расслоение к $M$ (теоре м а В у).

Из этой теоремы видно, что класс Ву может быть оиределен как нек-рыї характеристич. класс: пусть

\[
v=S q^{-1} w \in H^{* *}\left(B O ; \mathbb{Z}_{2}\right),
\] где $w \in H^{* *}\left(B O ; \mathbb{Z}_{2}\right)$ - полный Пттфеля -Уитни класс, а $S q^{-1}=1+S q^{1}+S q^{2}+S q^{2} S q^{1}+\ldots-$ когомологич. операция, обратная к полному $C$ тинрода квадрату $S q$. Пусть $\alpha \in H^{* *}\left(B O ; \mathbb{Z}_{2}\right)$-произвольный характеристич. класс. Тогда, для любого замкнутого многообразия числа $(\alpha \bigcup v)[M]$ и $(S q \alpha)[M]$ совпадают. Таким образом, для того чтобы элемент $a \in A, a=\sum a_{\omega} e_{\omega}$ лежал в образе отображения $\varphi$, необходимо, чтобы для всех $\alpha \in H^{* *}\left(B O ; \mathbb{Z}_{2}\right)$ имело место равенство $a(\alpha \bigcup v)=a(S q \alpha)$. Для гомоморфігзма $a: H^{n}\left(B O ; \mathbb{Z}_{2}\right) \longrightarrow \mathbb{Z}_{2}$ тогда и только тогда существует такое многообразие $M^{n}$, что $x\left[M^{n}\right]=a(x)$ при всех $x \in H^{n}\left(B O ; \mathbb{Z}_{2}\right)$, когда $a(\alpha \bigcup v)=a(S q \alpha)$ при всех $\alpha \in H^{* *}\left(B O ; \mathbb{Z}_{2}\right)($ т е о р е м а Д о л ь д а).

ЈIит. см. при статье Шітибеля - Уитни класс.</text_orig>
</article>
