<?xml version="1.0" ?>
<article uri="http://libmeta.ru/me/article/1051_NORMAL'NO" alphabetic_pos="1051">
  <title>НОРМАЛЬНО РАЗРЕПІИМЫИ ОПЕРАТОР</title>
  <authors/>
  <pages>
    <start>532</start>
    <end>532</end>
  </pages>
  <literature>
    <literature_orig>Лит.: [1] X а у с д о p ф Ф., Теория множеств, пер. с нем.,![](https://cdn.mathpix.com/cropped/2023_07_08_5abf844d4c3a82a02238g-1.jpg?height=47&amp;width=831&amp;top_left_y=1574&amp;top_left_x=989)1951, т. 28, № 1 , с. 3-14; [3] K p e и н С. Г., Јинейные диф-ференциальные уравнения в банаховом пространстве, М., 1971.</literature_orig>
    <unit>
      <author>Xаусдоpф Ф.</author>
      <title>Теория множеств</title>
      <publication>пер. с нем.</publication>
      <year>2023</year>
      <other>т. 28, № 1, с. 3-14; [3] K p e и н С. Г., Јинейные диф-ференциальные уравнения в банаховом пространстве, М., 1971.</other>
    </unit>
  </literature>
  <formulas_main>
    <formula uri="http://libmeta.ru/me/formula/main/1051_1_NORMAL'NO">A x=y</formula>
    <formula uri="http://libmeta.ru/me/formula/main/1051_2_NORMAL'NO">\|x\|_{X} \leqslant a\|x\|_{X_{0}}+b\|A x\|_{Y}, x \in D(A) \text {. }</formula>
    <formula uri="http://libmeta.ru/me/formula/main/1051_3_NORMAL'NO">\|f\|_{Y^{*}} \leqslant a\|f\|_{Z}+b\left\|A^{*} f\right\|_{X^{*}}, \quad f \in D\left(A^{*}\right) .</formula>
    <formula uri="http://libmeta.ru/me/formula/main/1051_4_NORMAL'NO">\chi(A)=n(A)-d(A)</formula>
  </formulas_main>
  <formulas_aux>
    <formula uri="http://libmeta.ru/me/formula/aux/1051_1_NORMAL'NO">a</formula>
    <formula uri="http://libmeta.ru/me/formula/aux/1051_2_NORMAL'NO">x</formula>
    <formula uri="http://libmeta.ru/me/formula/aux/1051_3_NORMAL'NO">r(a)</formula>
    <formula uri="http://libmeta.ru/me/formula/aux/1051_4_NORMAL'NO">y</formula>
    <formula uri="http://libmeta.ru/me/formula/aux/1051_5_NORMAL'NO">a-</formula>
    <formula uri="http://libmeta.ru/me/formula/aux/1051_6_NORMAL'NO">\overline{r(a)}=r(a)</formula>
    <formula uri="http://libmeta.ru/me/formula/aux/1051_7_NORMAL'NO">r(a)</formula>
    <formula uri="http://libmeta.ru/me/formula/aux/1051_8_NORMAL'NO">y</formula>
    <formula uri="http://libmeta.ru/me/formula/aux/1051_9_NORMAL'NO">a</formula>
    <formula uri="http://libmeta.ru/me/formula/aux/1051_10_NORMAL'NO">a</formula>
    <formula uri="http://libmeta.ru/me/formula/aux/1051_11_NORMAL'NO">a</formula>
    <formula uri="http://libmeta.ru/me/formula/aux/1051_12_NORMAL'NO">r(a)=\perp N(A *)</formula>
    <formula uri="http://libmeta.ru/me/formula/aux/1051_13_NORMAL'NO">a</formula>
    <formula uri="http://libmeta.ru/me/formula/aux/1051_14_NORMAL'NO">a *</formula>
    <formula uri="http://libmeta.ru/me/formula/aux/1051_15_NORMAL'NO">n\left(a^{*}\right)=\{0\}</formula>
    <formula uri="http://libmeta.ru/me/formula/aux/1051_16_NORMAL'NO">a * \psi=0</formula>
    <formula uri="http://libmeta.ru/me/formula/aux/1051_17_NORMAL'NO">r(a)=y</formula>
    <formula uri="http://libmeta.ru/me/formula/aux/1051_18_NORMAL'NO">n(a *) \neq\{0\}</formula>
    <formula uri="http://libmeta.ru/me/formula/aux/1051_19_NORMAL'NO">(*)</formula>
    <formula uri="http://libmeta.ru/me/formula/aux/1051_20_NORMAL'NO">\langle y, \psi\rangle=0</formula>
    <formula uri="http://libmeta.ru/me/formula/aux/1051_21_NORMAL'NO">a * \psi=0</formula>
    <formula uri="http://libmeta.ru/me/formula/aux/1051_22_NORMAL'NO">a</formula>
    <formula uri="http://libmeta.ru/me/formula/aux/1051_23_NORMAL'NO">a</formula>
    <formula uri="http://libmeta.ru/me/formula/aux/1051_24_NORMAL'NO">n</formula>
    <formula uri="http://libmeta.ru/me/formula/aux/1051_25_NORMAL'NO">n(a) \quad</formula>
    <formula uri="http://libmeta.ru/me/formula/aux/1051_26_NORMAL'NO">(n(a)=\operatorname{dim} N(A)&lt;+\infty)</formula>
    <formula uri="http://libmeta.ru/me/formula/aux/1051_27_NORMAL'NO">a</formula>
    <formula uri="http://libmeta.ru/me/formula/aux/1051_28_NORMAL'NO">d-</formula>
    <formula uri="http://libmeta.ru/me/formula/aux/1051_29_NORMAL'NO">(d(a)=</formula>
    <formula uri="http://libmeta.ru/me/formula/aux/1051_30_NORMAL'NO">\left.=\operatorname{dim} \perp^{\perp} R(A)&lt;+\infty\right)</formula>
    <formula uri="http://libmeta.ru/me/formula/aux/1051_31_NORMAL'NO">n</formula>
    <formula uri="http://libmeta.ru/me/formula/aux/1051_32_NORMAL'NO">d</formula>
    <formula uri="http://libmeta.ru/me/formula/aux/1051_33_NORMAL'NO">a</formula>
    <formula uri="http://libmeta.ru/me/formula/aux/1051_34_NORMAL'NO">n</formula>
    <formula uri="http://libmeta.ru/me/formula/aux/1051_35_NORMAL'NO">r(a)</formula>
    <formula uri="http://libmeta.ru/me/formula/aux/1051_36_NORMAL'NO">x</formula>
    <formula uri="http://libmeta.ru/me/formula/aux/1051_37_NORMAL'NO">x_{6}</formula>
    <formula uri="http://libmeta.ru/me/formula/aux/1051_38_NORMAL'NO">n</formula>
    <formula uri="http://libmeta.ru/me/formula/aux/1051_39_NORMAL'NO">a</formula>
    <formula uri="http://libmeta.ru/me/formula/aux/1051_40_NORMAL'NO">a</formula>
    <formula uri="http://libmeta.ru/me/formula/aux/1051_41_NORMAL'NO">a</formula>
    <formula uri="http://libmeta.ru/me/formula/aux/1051_42_NORMAL'NO">n</formula>
    <formula uri="http://libmeta.ru/me/formula/aux/1051_43_NORMAL'NO">n(a)=d\left(a^{*}\right)</formula>
    <formula uri="http://libmeta.ru/me/formula/aux/1051_44_NORMAL'NO">x^{*}</formula>
    <formula uri="http://libmeta.ru/me/formula/aux/1051_45_NORMAL'NO">z</formula>
    <formula uri="http://libmeta.ru/me/formula/aux/1051_46_NORMAL'NO">d</formula>
    <formula uri="http://libmeta.ru/me/formula/aux/1051_47_NORMAL'NO">a</formula>
    <formula uri="http://libmeta.ru/me/formula/aux/1051_48_NORMAL'NO">(n(a), d(A))</formula>
    <formula uri="http://libmeta.ru/me/formula/aux/1051_49_NORMAL'NO">d</formula>
    <formula uri="http://libmeta.ru/me/formula/aux/1051_50_NORMAL'NO">a</formula>
    <formula uri="http://libmeta.ru/me/formula/aux/1051_51_NORMAL'NO">a</formula>
    <formula uri="http://libmeta.ru/me/formula/aux/1051_52_NORMAL'NO">d</formula>
    <formula uri="http://libmeta.ru/me/formula/aux/1051_53_NORMAL'NO">a</formula>
    <formula uri="http://libmeta.ru/me/formula/aux/1051_54_NORMAL'NO">n</formula>
    <formula uri="http://libmeta.ru/me/formula/aux/1051_55_NORMAL'NO">d</formula>
    <formula uri="http://libmeta.ru/me/formula/aux/1051_56_NORMAL'NO">a-</formula>
    <formula uri="http://libmeta.ru/me/formula/aux/1051_57_NORMAL'NO">n</formula>
    <formula uri="http://libmeta.ru/me/formula/aux/1051_58_NORMAL'NO">d</formula>
    <formula uri="http://libmeta.ru/me/formula/aux/1051_59_NORMAL'NO">\boldsymbol{b}</formula>
    <formula uri="http://libmeta.ru/me/formula/aux/1051_60_NORMAL'NO">a+b{ }^{n}</formula>
    <formula uri="http://libmeta.ru/me/formula/aux/1051_61_NORMAL'NO">d</formula>
  </formulas_aux>
  <relations n="28">
    <relation uri="http://libmeta.ru/me/relation/1051_1_NORMAL'NO">
      <rel_text>нормален</rel_text>
      <target>http://libmeta.ru/me/article/1037_NORMAL</target>
    </relation>
    <relation uri="http://libmeta.ru/me/relation/1051_2_NORMAL'NO">
      <rel_text>линейный оператор</rel_text>
      <target>http://libmeta.ru/me/article/372_LINEJNYJ</target>
    </relation>
    <relation uri="http://libmeta.ru/me/relation/1051_3_NORMAL'NO">
      <rel_text>нормальности</rel_text>
      <target>http://libmeta.ru/me/article/1034_NORMALIZATO</target>
    </relation>
    <relation uri="http://libmeta.ru/me/relation/1051_4_NORMAL'NO">
      <rel_text>число</rel_text>
      <target>http://libmeta.ru/me/article/1009_ChISL</target>
    </relation>
    <relation uri="http://libmeta.ru/me/relation/1051_5_NORMAL'NO">
      <rel_text>оператора</rel_text>
      <target>http://libmeta.ru/me/article/17_OPERATO</target>
    </relation>
    <relation uri="http://libmeta.ru/me/relation/1051_6_NORMAL'NO">
      <rel_text>необходимо и достаточно</rel_text>
      <target>http://libmeta.ru/me/article/923_NEOBHODIMYE</target>
    </relation>
    <relation uri="http://libmeta.ru/me/relation/1051_7_NORMAL'NO">
      <rel_text>банахово пространство</rel_text>
      <target>http://libmeta.ru/me/article/354_BANAHOVO</target>
    </relation>
    <relation uri="http://libmeta.ru/me/relation/1051_8_NORMAL'NO">
      <rel_text>компактно</rel_text>
      <target>http://libmeta.ru/me/article/1009_KOMPLEK</target>
    </relation>
    <relation uri="http://libmeta.ru/me/relation/1051_9_NORMAL'NO">
      <rel_text>необходимо и достаточно</rel_text>
      <target>http://libmeta.ru/me/article/923_NEOBHODIMYE</target>
    </relation>
    <relation uri="http://libmeta.ru/me/relation/1051_10_NORMAL'NO">
      <rel_text>банахово пространство</rel_text>
      <target>http://libmeta.ru/me/article/354_BANAHOVO</target>
    </relation>
    <relation uri="http://libmeta.ru/me/relation/1051_11_NORMAL'NO">
      <rel_text>компактно</rel_text>
      <target>http://libmeta.ru/me/article/1009_KOMPLEK</target>
    </relation>
    <relation uri="http://libmeta.ru/me/relation/1051_12_NORMAL'NO">
      <rel_text>локально компактным</rel_text>
      <target>http://libmeta.ru/me/article/437_LOKAL'NO</target>
    </relation>
    <relation uri="http://libmeta.ru/me/relation/1051_13_NORMAL'NO">
      <rel_text>множества</rel_text>
      <target>http://libmeta.ru/me/article/733_MNOZhESTV</target>
    </relation>
    <relation uri="http://libmeta.ru/me/relation/1051_14_NORMAL'NO">
      <rel_text>компактного</rel_text>
      <target>http://libmeta.ru/me/article/1005_KOMPAKTNOST</target>
    </relation>
    <relation uri="http://libmeta.ru/me/relation/1051_15_NORMAL'NO">
      <rel_text>оператор</rel_text>
      <target>http://libmeta.ru/me/article/15_OPERAN</target>
    </relation>
    <relation uri="http://libmeta.ru/me/relation/1051_16_NORMAL'NO">
      <rel_text>операторы</rel_text>
      <target>http://libmeta.ru/me/article/17_OPERATO</target>
    </relation>
    <relation uri="http://libmeta.ru/me/relation/1051_17_NORMAL'NO">
      <rel_text>замкнутый оператор</rel_text>
      <target>http://libmeta.ru/me/article/430_ZAMKNUTYJ</target>
    </relation>
    <relation uri="http://libmeta.ru/me/relation/1051_18_NORMAL'NO">
      <rel_text>уравнения</rel_text>
      <target>http://libmeta.ru/me/article/106_URAVNENI</target>
    </relation>
    <relation uri="http://libmeta.ru/me/relation/1051_19_NORMAL'NO">
      <rel_text>уравнение</rel_text>
      <target>http://libmeta.ru/me/article/106_URAVNENI</target>
    </relation>
    <relation uri="http://libmeta.ru/me/relation/1051_20_NORMAL'NO">
      <rel_text>уравнение</rel_text>
      <target>http://libmeta.ru/me/article/106_URAVNENI</target>
    </relation>
    <relation uri="http://libmeta.ru/me/relation/1051_21_NORMAL'NO">
      <rel_text>дополнением</rel_text>
      <target>http://libmeta.ru/me/article/335_DOPOLNENI</target>
    </relation>
    <relation uri="http://libmeta.ru/me/relation/1051_22_NORMAL'NO">
      <rel_text>тор</rel_text>
      <target>http://libmeta.ru/me/article/440_TO</target>
    </relation>
    <relation uri="http://libmeta.ru/me/relation/1051_23_NORMAL'NO">
      <rel_text>опера-</rel_text>
      <target>http://libmeta.ru/me/article/15_OPERAN</target>
    </relation>
    <relation uri="http://libmeta.ru/me/relation/1051_24_NORMAL'NO">
      <rel_text>банаховом пространстве</rel_text>
      <target>http://libmeta.ru/me/article/354_BANAHOVO</target>
    </relation>
    <relation uri="http://libmeta.ru/me/relation/1051_25_NORMAL'NO">
      <rel_text>областью определения</rel_text>
      <target>http://libmeta.ru/me/article/1110_OBLAST'</target>
    </relation>
    <relation uri="http://libmeta.ru/me/relation/1051_26_NORMAL'NO">
      <rel_text>банаховом пространстве</rel_text>
      <target>http://libmeta.ru/me/article/354_BANAHOVO</target>
    </relation>
    <relation uri="http://libmeta.ru/me/relation/1051_27_NORMAL'NO">
      <rel_text>линейный оператор</rel_text>
      <target>http://libmeta.ru/me/article/372_LINEJNYJ</target>
    </relation>
    <relation uri="http://libmeta.ru/me/relation/1051_28_NORMAL'NO">
      <rel_text>Линейный оператор</rel_text>
      <target>http://libmeta.ru/me/article/372_LINEJNYJ</target>
    </relation>
  </relations>
  <text>URI[[http://libmeta.ru/me/relation/1051_28_NORMAL'NO]]/URI с замкнутой областью значений. Пусть $URI[[http://libmeta.ru/me/formula/aux/1051_1_NORMAL'NO]]/URI$ - URI[[http://libmeta.ru/me/relation/1051_27_NORMAL'NO]]/URI с плотной в URI[[http://libmeta.ru/me/relation/1051_26_NORMAL'NO]]/URI $URI[[http://libmeta.ru/me/formula/aux/1051_2_NORMAL'NO]]/URI$ URI[[http://libmeta.ru/me/relation/1051_25_NORMAL'NO]]/URI и с областью значений $URI[[http://libmeta.ru/me/formula/aux/1051_3_NORMAL'NO]]/URI$ в URI[[http://libmeta.ru/me/relation/1051_24_NORMAL'NO]]/URI $URI[[http://libmeta.ru/me/formula/aux/1051_4_NORMAL'NO]]/URI$. Тогда $URI[[http://libmeta.ru/me/formula/aux/1051_5_NORMAL'NO]]/URI$ Н. р. о., если $URI[[http://libmeta.ru/me/formula/aux/1051_6_NORMAL'NO]]/URI$, т. е. если $URI[[http://libmeta.ru/me/formula/aux/1051_7_NORMAL'NO]]/URI$ является замкнутым подпространством в $URI[[http://libmeta.ru/me/formula/aux/1051_8_NORMAL'NO]]/URI$. Пусть $URI[[http://libmeta.ru/me/formula/aux/1051_9_NORMAL'NO]]/URI$ * - URI[[http://libmeta.ru/me/relation/1051_23_NORMAL'NO]]/URI URI[[http://libmeta.ru/me/relation/1051_22_NORMAL'NO]]/URI, сопряженный к $URI[[http://libmeta.ru/me/formula/aux/1051_10_NORMAL'NO]]/URI$. Для того чтобы $URI[[http://libmeta.ru/me/formula/aux/1051_11_NORMAL'NO]]/URI$ был Н. р. о., необходимо и достаточно, чтобы $URI[[http://libmeta.ru/me/formula/aux/1051_12_NORMAL'NO]]/URI$, т. е. ттобы область значений $URI[[http://libmeta.ru/me/formula/aux/1051_13_NORMAL'NO]]/URI$ являлась ортогональным URI[[http://libmeta.ru/me/relation/1051_21_NORMAL'NO]]/URI к подпространству нулей онератора $URI[[http://libmeta.ru/me/formula/aux/1051_14_NORMAL'NO]]/URI$. Пусть дано URI[[http://libmeta.ru/me/relation/1051_20_NORMAL'NO]]/URI с. Н. p. о.

\[
URI[[http://libmeta.ru/me/formula/main/1051_1_NORMAL'NO]]/URI
\]

(нор м а льно ра з р е пи мо е ура внение). Если $URI[[http://libmeta.ru/me/formula/aux/1051_15_NORMAL'NO]]/URI$, т. е. однородное сопряженное URI[[http://libmeta.ru/me/relation/1051_19_NORMAL'NO]]/URI $URI[[http://libmeta.ru/me/formula/aux/1051_16_NORMAL'NO]]/URI$ имеет только тривиальное решение, то $URI[[http://libmeta.ru/me/formula/aux/1051_17_NORMAL'NO]]/URI$. Если же $URI[[http://libmeta.ru/me/formula/aux/1051_18_NORMAL'NO]]/URI$, то для разрешимости $URI[[http://libmeta.ru/me/formula/aux/1051_19_NORMAL'NO]]/URI$ необходимо и достаточно, чтобы $URI[[http://libmeta.ru/me/formula/aux/1051_20_NORMAL'NO]]/URI$ для всех решений URI[[http://libmeta.ru/me/relation/1051_18_NORMAL'NO]]/URI $URI[[http://libmeta.ru/me/formula/aux/1051_21_NORMAL'NO]]/URI$.

Пусть ниже $URI[[http://libmeta.ru/me/formula/aux/1051_22_NORMAL'NO]]/URI$ - URI[[http://libmeta.ru/me/relation/1051_17_NORMAL'NO]]/URI. Н. р. о. $URI[[http://libmeta.ru/me/formula/aux/1051_23_NORMAL'NO]]/URI$ наз. $URI[[http://libmeta.ru/me/formula/aux/1051_24_NORMAL'NO]]/URI$-н о р м а л ь н ы м, если его подпространство нулей $URI[[http://libmeta.ru/me/formula/aux/1051_25_NORMAL'NO]]/URI$ конечномерно $URI[[http://libmeta.ru/me/formula/aux/1051_26_NORMAL'NO]]/URI$. H. р. о. $URI[[http://libmeta.ru/me/formula/aux/1051_27_NORMAL'NO]]/URI$ наз. $URI[[http://libmeta.ru/me/formula/aux/1051_28_NORMAL'NO]]/URI$ н о р м а л ь н ы м, если его дефектное подпространство конечномерно $URI[[http://libmeta.ru/me/formula/aux/1051_29_NORMAL'NO]]/URI$ $URI[[http://libmeta.ru/me/formula/aux/1051_30_NORMAL'NO]]/URI$. $URI[[http://libmeta.ru/me/formula/aux/1051_31_NORMAL'NO]]/URI$-нормальные и $URI[[http://libmeta.ru/me/formula/aux/1051_32_NORMAL'NO]]/URI$-нормальные URI[[http://libmeta.ru/me/relation/1051_16_NORMAL'NO]]/URI наз. иногда п о л у ф р е д г о ль м о в ы м и. Для того чтобы URI[[http://libmeta.ru/me/relation/1051_15_NORMAL'NO]]/URI $URI[[http://libmeta.ru/me/formula/aux/1051_33_NORMAL'NO]]/URI$ был $URI[[http://libmeta.ru/me/formula/aux/1051_34_NORMAL'NO]]/URI$-нормальным, необходимо и достаточно, чтобы прообраз каждого URI[[http://libmeta.ru/me/relation/1051_14_NORMAL'NO]]/URI URI[[http://libmeta.ru/me/relation/1051_13_NORMAL'NO]]/URI из $URI[[http://libmeta.ru/me/formula/aux/1051_35_NORMAL'NO]]/URI$ был URI[[http://libmeta.ru/me/relation/1051_12_NORMAL'NO]]/URI.

Пусть $URI[[http://libmeta.ru/me/formula/aux/1051_36_NORMAL'NO]]/URI$ URI[[http://libmeta.ru/me/relation/1051_11_NORMAL'NO]]/URI вложено в URI[[http://libmeta.ru/me/relation/1051_10_NORMAL'NO]]/URI $URI[[http://libmeta.ru/me/formula/aux/1051_37_NORMAL'NO]]/URI$. Для $URI[[http://libmeta.ru/me/formula/aux/1051_38_NORMAL'NO]]/URI$-нормальности $URI[[http://libmeta.ru/me/formula/aux/1051_39_NORMAL'NO]]/URI$ URI[[http://libmeta.ru/me/relation/1051_9_NORMAL'NO]]/URI наличие априорной оценки

\[
URI[[http://libmeta.ru/me/formula/main/1051_2_NORMAL'NO]]/URI
\]

Оказывается, огератор $URI[[http://libmeta.ru/me/formula/aux/1051_40_NORMAL'NO]]/URI$-нормален тогда и только тогда, когда $URI[[http://libmeta.ru/me/formula/aux/1051_41_NORMAL'NO]]/URI$ * $URI[[http://libmeta.ru/me/formula/aux/1051_42_NORMAL'NO]]/URI$-нормален. При этом $URI[[http://libmeta.ru/me/formula/aux/1051_43_NORMAL'NO]]/URI$. Следовательно, если $URI[[http://libmeta.ru/me/formula/aux/1051_44_NORMAL'NO]]/URI$ URI[[http://libmeta.ru/me/relation/1051_8_NORMAL'NO]]/URI вложено в URI[[http://libmeta.ru/me/relation/1051_7_NORMAL'NO]]/URI $URI[[http://libmeta.ru/me/formula/aux/1051_45_NORMAL'NO]]/URI$, то для $URI[[http://libmeta.ru/me/formula/aux/1051_46_NORMAL'NO]]/URI$-нормальности $URI[[http://libmeta.ru/me/formula/aux/1051_47_NORMAL'NO]]/URI$ URI[[http://libmeta.ru/me/relation/1051_6_NORMAL'NO]]/URI наличие априорной оценки

\[
URI[[http://libmeta.ru/me/formula/main/1051_3_NORMAL'NO]]/URI
\]

Пара чисел $URI[[http://libmeta.ru/me/formula/aux/1051_48_NORMAL'NO]]/URI$ наз. $URI[[http://libmeta.ru/me/formula/aux/1051_49_NORMAL'NO]]/URI$-х а р а к т е р и с т и к о й URI[[http://libmeta.ru/me/relation/1051_5_NORMAL'NO]]/URI $URI[[http://libmeta.ru/me/formula/aux/1051_50_NORMAL'NO]]/URI$. Если Н. р. о. $URI[[http://libmeta.ru/me/formula/aux/1051_51_NORMAL'NO]]/URI$ п-нормален или $URI[[http://libmeta.ru/me/formula/aux/1051_52_NORMAL'NO]]/URI$-нормален, то URI[[http://libmeta.ru/me/relation/1051_4_NORMAL'NO]]/URI

\[
URI[[http://libmeta.ru/me/formula/main/1051_4_NORMAL'NO]]/URI
\]

наз. и н д е к с о о о п е р а т о р а $URI[[http://libmeta.ru/me/formula/aux/1051_53_NORMAL'NO]]/URI$. Свойства $URI[[http://libmeta.ru/me/formula/aux/1051_54_NORMAL'NO]]/URI$ URI[[http://libmeta.ru/me/relation/1051_3_NORMAL'NO]]/URI и $URI[[http://libmeta.ru/me/formula/aux/1051_55_NORMAL'NO]]/URI$-нормальности устойчивы: еслін $URI[[http://libmeta.ru/me/formula/aux/1051_56_NORMAL'NO]]/URI$ $URI[[http://libmeta.ru/me/formula/aux/1051_57_NORMAL'NO]]/URI$-нормален ( $URI[[http://libmeta.ru/me/formula/aux/1051_58_NORMAL'NO]]/URI$-нормален), а $URI[[http://libmeta.ru/me/formula/aux/1051_59_NORMAL'NO]]/URI$ - URI[[http://libmeta.ru/me/relation/1051_2_NORMAL'NO]]/URI малой нормы или вполне непрерывный, то $URI[[http://libmeta.ru/me/formula/aux/1051_60_NORMAL'NO]]/URI$ URI[[http://libmeta.ru/me/relation/1051_1_NORMAL'NO]]/URI ( $URI[[http://libmeta.ru/me/formula/aux/1051_61_NORMAL'NO]]/URI$-нормален).</text>
  <text_orig>Линейный оператор с замкнутой областью значений. Пусть $A$ - линейный оператор с плотной в банаховом пространстве $X$ областью определения и с областью значений $R(A)$ в банаховом пространстве $Y$. Тогда $A-$ Н. р. о., если $\overline{R(A)}=R(A)$, т. е. если $R(A)$ является замкнутым подпространством в $Y$. Пусть $A$ * - опера- тор, сопряженный к $A$. Для того чтобы $A$ был Н. р. о., необходимо и достаточно, чтобы $R(A)=\perp N(A *)$, т. е. ттобы область значений $A$ являлась ортогональным дополнением к подпространству нулей онератора $A *$. Пусть дано уравнение с. Н. p. о.

\[
A x=y
\]

(нор м а льно ра з р е пи мо е ура внение). Если $N\left(A^{*}\right)=\{0\}$, т. е. однородное сопряженное уравнение $A * \psi=0$ имеет только тривиальное решение, то $R(A)=Y$. Если же $N(A *) \neq\{0\}$, то для разрешимости $(*)$ необходимо и достаточно, чтобы $\langle y, \psi\rangle=0$ для всех решений уравнения $A * \psi=0$.

Пусть ниже $A$ - замкнутый оператор. Н. р. о. $A$ наз. $n$-н о р м а л ь н ы м, если его подпространство нулей $N(A) \quad$ конечномерно $(n(A)=\operatorname{dim} N(A)&lt;+\infty)$. H. р. о. $A$ наз. $d-$ н о р м а л ь н ы м, если его дефектное подпространство конечномерно $(d(A)=$ $\left.=\operatorname{dim} \perp^{\perp} R(A)&lt;+\infty\right)$. $n$-нормальные и $d$-нормальные операторы наз. иногда п о л у ф р е д г о ль м о в ы м и. Для того чтобы оператор $A$ был $n$-нормальным, необходимо и достаточно, чтобы прообраз каждого компактного множества из $R(A)$ был локально компактным.

Пусть $X$ компактно вложено в банахово пространство $X_{6}$. Для $n$-нормальности $A$ необходимо и достаточно наличие априорной оценки

\[
\|x\|_{X} \leqslant a\|x\|_{X_{0}}+b\|A x\|_{Y}, x \in D(A) \text {. }
\]

Оказывается, огератор $A$-нормален тогда и только тогда, когда $A$ * $n$-нормален. При этом $n(A)=d\left(A^{*}\right)$. Следовательно, если $X^{*}$ компактно вложено в банахово пространство $Z$, то для $d$-нормальности $A$ необходимо и достаточно наличие априорной оценки

\[
\|f\|_{Y^{*}} \leqslant a\|f\|_{Z}+b\left\|A^{*} f\right\|_{X^{*}}, \quad f \in D\left(A^{*}\right) .
\]

Пара чисел $(n(A), d(A))$ наз. $d$-х а р а к т е р и с т и к о й оператора $A$. Если Н. р. о. $A$ п-нормален или $d$-нормален, то число

\[
\chi(A)=n(A)-d(A)
\]

наз. и н д е к с о о о п е р а т о р а $A$. Свойства $n$ нормальности и $d$-нормальности устойчивы: еслін $A-$ $n$-нормален ( $d$-нормален), а $\boldsymbol{B}$ - линейный оператор малой нормы или вполне непрерывный, то $A+B{ }^{n}$ нормален ( $d$-нормален).

Лит.: [1] X а у с д о p ф Ф., Теория множеств, пер. с нем.,

![](https://cdn.mathpix.com/cropped/2023_07_08_5abf844d4c3a82a02238g-1.jpg?height=47&amp;width=831&amp;top_left_y=1574&amp;top_left_x=989)
1951, т. 28, № 1 , с. 3-14; [3] K p e и н С. Г., Јинейные диф-
ференциальные уравнения в банаховом пространстве, М., 1971.</text_orig>
</article>
