<?xml version="1.0" ?>
<article uri="http://libmeta.ru/me/article/1052_KONІChESKAJa" alphabetic_pos="1052">
  <title>КОНІЧЕСКАЯ СЕТЬ</title>
  <authors>
    <author>В. Т. Базылев</author>
  </authors>
  <pages>
    <start>518</start>
    <end>518</end>
  </pages>
  <literature>
    <literature_orig>Лum.: [1] Б ла ан к Я. П., &quot;тр. геометр. семинара. Ин-т науч. информ. Ан Ссср», 1971 , т. 3, с. $5-27$.</literature_orig>
    <unit>
      <author>Блаанк Я. П.</author>
      <title>&quot;тр. геометр. семинара. Ин-т науч. информ. Ан Ссср»</title>
      <publication/>
      <year>1971</year>
      <other>т. 3, с. $5-27$.</other>
    </unit>
  </literature>
  <formulas_main/>
  <formulas_aux>
    <formula uri="http://libmeta.ru/me/formula/aux/1052_1_KONІChESKAJa">\mathrm{k}</formula>
  </formulas_aux>
  <relations n="15">
    <relation uri="http://libmeta.ru/me/relation/1052_1_KONІChESKAJa">
      <rel_text>секущими</rel_text>
      <target>http://libmeta.ru/me/article/1256_SEKUND</target>
    </relation>
    <relation uri="http://libmeta.ru/me/relation/1052_2_KONІChESKAJa">
      <rel_text>конгруэнциіi</rel_text>
      <target>http://libmeta.ru/me/article/1028_KONGRUENTsI</target>
    </relation>
    <relation uri="http://libmeta.ru/me/relation/1052_3_KONІChESKAJa">
      <rel_text>конгруэнции</rel_text>
      <target>http://libmeta.ru/me/article/1028_KONGRUENTsI</target>
    </relation>
    <relation uri="http://libmeta.ru/me/relation/1052_4_KONІChESKAJa">
      <rel_text>Поверхностіi</rel_text>
      <target>http://libmeta.ru/me/article/332_POVERHNOST</target>
    </relation>
    <relation uri="http://libmeta.ru/me/relation/1052_5_KONІChESKAJa">
      <rel_text>порядка</rel_text>
      <target>http://libmeta.ru/me/article/531_PORJaDO</target>
    </relation>
    <relation uri="http://libmeta.ru/me/relation/1052_6_KONІChESKAJa">
      <rel_text>поверхностіг</rel_text>
      <target>http://libmeta.ru/me/article/332_POVERHNOST</target>
    </relation>
    <relation uri="http://libmeta.ru/me/relation/1052_7_KONІChESKAJa">
      <rel_text>параметров</rel_text>
      <target>http://libmeta.ru/me/article/165_PARABOLOI</target>
    </relation>
    <relation uri="http://libmeta.ru/me/relation/1052_8_KONІChESKAJa">
      <rel_text>кривых</rel_text>
      <target>http://libmeta.ru/me/article/90_KRIVA</target>
    </relation>
    <relation uri="http://libmeta.ru/me/relation/1052_9_KONІChESKAJa">
      <rel_text>сеть</rel_text>
      <target>http://libmeta.ru/me/article/1282_SET</target>
    </relation>
    <relation uri="http://libmeta.ru/me/relation/1052_10_KONІChESKAJa">
      <rel_text>Поверхностіг</rel_text>
      <target>http://libmeta.ru/me/article/332_POVERHNOST</target>
    </relation>
    <relation uri="http://libmeta.ru/me/relation/1052_11_KONІChESKAJa">
      <rel_text>поверхностіг</rel_text>
      <target>http://libmeta.ru/me/article/332_POVERHNOST</target>
    </relation>
    <relation uri="http://libmeta.ru/me/relation/1052_12_KONІChESKAJa">
      <rel_text>касанii</rel_text>
      <target>http://libmeta.ru/me/article/773_KASANI</target>
    </relation>
    <relation uri="http://libmeta.ru/me/relation/1052_13_KONІChESKAJa">
      <rel_text>пространства</rel_text>
      <target>http://libmeta.ru/me/article/748_PROSTRANSTV</target>
    </relation>
    <relation uri="http://libmeta.ru/me/relation/1052_14_KONІChESKAJa">
      <rel_text>поверхності</rel_text>
      <target>http://libmeta.ru/me/article/332_POVERHNOST</target>
    </relation>
    <relation uri="http://libmeta.ru/me/relation/1052_15_KONІChESKAJa">
      <rel_text>сопряженная сеть</rel_text>
      <target>http://libmeta.ru/me/article/81_SOPRJaZhENNAJa</target>
    </relation>
  </relations>
  <text>URI[[http://libmeta.ru/me/relation/1052_15_KONІChESKAJa]]/URI на URI[[http://libmeta.ru/me/relation/1052_14_KONІChESKAJa]]/URI трехмерного URI[[http://libmeta.ru/me/relation/1052_13_KONІChESKAJa]]/URI, образованная коническiми лініямі, т. е. линіяміг URI[[http://libmeta.ru/me/relation/1052_12_KONІChESKAJa]]/URI конусов, описанных около URI[[http://libmeta.ru/me/relation/1052_11_KONІChESKAJa]]/URI. URI[[http://libmeta.ru/me/relation/1052_10_KONІChESKAJa]]/URI, несущше K. с., наз. Iiетерсона поверхностями. Iiереноса URI[[http://libmeta.ru/me/relation/1052_9_KONІChESKAJa]]/URI можно рассматрıвать как частныї случай $URI[[http://libmeta.ru/me/formula/aux/1052_1_KONІChESKAJa]]/URI$. с. Вершины конусов К. с. расположены на двух URI[[http://libmeta.ru/me/relation/1052_8_KONІChESKAJa]]/URI. К. с. зависят самое болыпее от четырех URI[[http://libmeta.ru/me/relation/1052_7_KONІChESKAJa]]/URI. Только невырожденные URI[[http://libmeta.ru/me/relation/1052_6_KONІChESKAJa]]/URI 2-го URI[[http://libmeta.ru/me/relation/1052_5_KONІChESKAJa]]/URI несут 4-параметріческое семейство К. с. URI[[http://libmeta.ru/me/relation/1052_4_KONІChESKAJa]]/URI, несуцие 2-параметрическое семейіство Fi. с.,- линеӥчатые, прінадлежацие линейной URI[[http://libmeta.ru/me/relation/1052_3_KONІChESKAJa]]/URI (т. е. URI[[http://libmeta.ru/me/relation/1052_2_KONІChESKAJa]]/URI, оо́разованної общимі URI[[http://libmeta.ru/me/relation/1052_1_KONІChESKAJa]]/URI двух прямых).</text>
  <text_orig>сопряженная сеть на поверхності трехмерного пространства, образованная коническIми лініямі, т. е. линіяміг касанII конусов, описанных около поверхностіг. Поверхностіг, несущше K. с., наз. IIетерсона поверхностями. IIереноса сеть можно рассматрıвать как частныї случай $\mathrm{K}$. с. Вершины конусов К. с. расположены на двух кривых. К. с. зависят самое болыпее от четырех параметров. Только невырожденные поверхностіг 2-го порядка несут 4-параметріческое семейство К. с. ПоверхностіI, несуцие 2-параметрическое семейіство Fi. с.,- линеӥчатые, прінадлежацие линейной конгруэнции (т. е. конгруэнциіI, оо́разованної общимі секущими двух прямых).

Лum.: [1] Б ла ан к Я. П., &quot;Тр. геометр. семинара. Ин-т науч. информ. АН СССР», 1971 , т. 3, с. $5-27$. В. Т. Базылев.</text_orig>
</article>
