<?xml version="1.0" ?>
<article uri="http://libmeta.ru/me/article/1052_REKU" alphabetic_pos="1052">
  <title>РЕКУ РРЕНТНОЕ СОOTHOIIIEНИЕ,</title>
  <authors>
    <author>С. Н. Артемов</author>
  </authors>
  <pages>
    <start>479</start>
    <end>479</end>
  </pages>
  <literature>
    <literature_orig>Лит.: [1] М а р к у пi е в и ч А. И., Возвратные последовательности, 2 изд., М., 1975.</literature_orig>
    <unit>
      <author>Маркупiевич А. И.</author>
      <title>Возвратные последовательности</title>
      <publication>2 изд., М.</publication>
      <year>1975</year>
      <other/>
    </unit>
  </literature>
  <formulas_main>
    <formula uri="http://libmeta.ru/me/formula/main/1052_1_REKU">a_{n+p}=F\left(n, a_{n}, a_{n+1}, \ldots, a_{n+p-1}\right),</formula>
  </formulas_main>
  <formulas_aux>
    <formula uri="http://libmeta.ru/me/formula/aux/1052_1_REKU">\mathrm{p}</formula>
    <formula uri="http://libmeta.ru/me/formula/aux/1052_2_REKU">\mathrm{p}</formula>
    <formula uri="http://libmeta.ru/me/formula/aux/1052_3_REKU">a_{1}, a_{2}, a_{3}, \ldots</formula>
    <formula uri="http://libmeta.ru/me/formula/aux/1052_4_REKU">p</formula>
    <formula uri="http://libmeta.ru/me/formula/aux/1052_5_REKU">a_{n+1}=q \cdot a_{n}(q \neq 0)</formula>
    <formula uri="http://libmeta.ru/me/formula/aux/1052_6_REKU">a_{n+1}=a_{n}+d-</formula>
    <formula uri="http://libmeta.ru/me/formula/aux/1052_7_REKU">a_{n+2}=</formula>
    <formula uri="http://libmeta.ru/me/formula/aux/1052_8_REKU">=a_{n+1}+a_{n}</formula>
  </formulas_aux>
  <relations n="7">
    <relation uri="http://libmeta.ru/me/relation/1052_1_REKU">
      <rel_text>задача</rel_text>
      <target>http://libmeta.ru/me/article/10_ZAdAch</target>
    </relation>
    <relation uri="http://libmeta.ru/me/relation/1052_2_REKU">
      <rel_text>Возвралная последовательность</rel_text>
      <target>http://libmeta.ru/me/article/767_VOZVRATNAJa</target>
    </relation>
    <relation uri="http://libmeta.ru/me/relation/1052_3_REKU">
      <rel_text>постоянными коэффициентами</rel_text>
      <target>http://libmeta.ru/me/article/353_LINEINOE</target>
    </relation>
    <relation uri="http://libmeta.ru/me/relation/1052_4_REKU">
      <rel_text>уравнения</rel_text>
      <target>http://libmeta.ru/me/article/106_URAVNENI</target>
    </relation>
    <relation uri="http://libmeta.ru/me/relation/1052_5_REKU">
      <rel_text>дифференциального</rel_text>
      <target>http://libmeta.ru/me/article/302_DIFFERENTsIROVANI</target>
    </relation>
    <relation uri="http://libmeta.ru/me/relation/1052_6_REKU">
      <rel_text>последовательностей</rel_text>
      <target>http://libmeta.ru/me/article/534_POSLEDOVATEL'NOST</target>
    </relation>
    <relation uri="http://libmeta.ru/me/relation/1052_7_REKU">
      <rel_text>множества</rel_text>
      <target>http://libmeta.ru/me/article/733_MNOZhESTV</target>
    </relation>
  </relations>
  <text>$URI[[http://libmeta.ru/me/formula/aux/1052_1_REKU]]/URI$ е к у $URI[[http://libmeta.ru/me/formula/aux/1052_2_REKU]]/URI$ p е н тн а я ф о р м л а,- соотношение вида

\[
URI[[http://libmeta.ru/me/formula/main/1052_1_REKU]]/URI
\]

к-рое позволяет вычислять все члены последовательности $URI[[http://libmeta.ru/me/formula/aux/1052_3_REKU]]/URI$, если заданы ее первые $URI[[http://libmeta.ru/me/formula/aux/1052_4_REKU]]/URI$ членов. Примеры Р. с.: 1) $URI[[http://libmeta.ru/me/formula/aux/1052_5_REKU]]/URI$ - геометрич. прогрессия, 2) $URI[[http://libmeta.ru/me/formula/aux/1052_6_REKU]]/URI$ арифметич. прогрессия, 3) $URI[[http://libmeta.ru/me/formula/aux/1052_7_REKU]]/URI$ $URI[[http://libmeta.ru/me/formula/aux/1052_8_REKU]]/URI$-последовательность чисел Фибоначчи.

В случае, когда Р. с. линейно (см. URI[[http://libmeta.ru/me/relation/1052_2_REKU]]/URI), URI[[http://libmeta.ru/me/relation/1052_1_REKU]]/URI описания URI[[http://libmeta.ru/me/relation/1052_7_REKU]]/URI всех URI[[http://libmeta.ru/me/relation/1052_6_REKU]]/URI, удовлетворяющих данному Р. с., имеет аналогии с решением обыкновенного однородного линейного URI[[http://libmeta.ru/me/relation/1052_5_REKU]]/URI URI[[http://libmeta.ru/me/relation/1052_4_REKU]]/URI с URI[[http://libmeta.ru/me/relation/1052_3_REKU]]/URI.</text>
  <text_orig>$\mathrm{p}$ е к у $\mathrm{p}$ p е н тн а я ф о р м л а,- соотношение вида

\[
a_{n+p}=F\left(n, a_{n}, a_{n+1}, \ldots, a_{n+p-1}\right),
\]

к-рое позволяет вычислять все члены последовательности $a_{1}, a_{2}, a_{3}, \ldots$, если заданы ее первые $p$ членов. Примеры Р. с.: 1) $a_{n+1}=q \cdot a_{n}(q \neq 0)$ - геометрич. прогрессия, 2) $a_{n+1}=a_{n}+d-$ арифметич. прогрессия, 3) $a_{n+2}=$ $=a_{n+1}+a_{n}$-последовательность чисел Фибоначчи.

В случае, когда Р. с. линейно (см. Возвралная последовательность), задача описания множества всех последовательностей, удовлетворяющих данному Р. с., имеет аналогии с решением обыкновенного однородного линейного дифференциального уравнения с постоянными коэффициентами.

Лит.: [1] М а р к у пI е в и ч А. И., Возвратные последовательности, 2 изд., М., 1975. С. Н. Артемов.</text_orig>
</article>
