<?xml version="1.0" ?>
<article uri="http://libmeta.ru/me/article/1052_IIITIFELJa" alphabetic_pos="1052">
  <title>IIITИФЕЛЯ - УИТНI</title>
  <authors/>
  <pages>
    <start>454</start>
    <end>454</end>
  </pages>
  <literature>
    <literature_orig>Лum.: [1] S t i e f e l E., &quot;comm. math. helv.», 1935-36, v. 8, № 4, 1. 305-53; [2] W h i t h e y H., &quot;bull. Amer. Math. Soc.», 1959, v. 43, p. 785-805, [3 м и л н о $\mathrm{p}$ д ж., «математика&quot;, Заметки по теории кобордизмов, пер. с англ., М., 1973; [5] С т и н р о д Н., Топология косых произведений, пер. с англ. М., 1953.</literature_orig>
    <unit>
      <author>Stiefel E.</author>
      <title>&quot;comm. math. helv.»</title>
      <publication/>
      <year>1935</year>
      <other>v. 8, № 4, 1. 305-53</other>
    </unit>
    <unit>
      <author>Whithey H.</author>
      <title>&quot;bull. Amer. Math. Soc.»</title>
      <publication/>
      <year>1959</year>
      <other>v. 43, p. 785-805, [3 м и л н о $\mathrm{p}$ д ж., «математика&quot;, Заметки по теории кобордизмов, пер. с англ., М., 1973; [5] С т и н р о д Н., Топология косых произведений, пер. с англ. М., 1953.</other>
    </unit>
  </literature>
  <formulas_main>
    <formula uri="http://libmeta.ru/me/formula/main/1052_1_IIITIFELJa">w_{k}(\xi \bigoplus \eta)=\sum w_{i}(\xi) w_{k-i}(\eta), w_{0}=1</formula>
    <formula uri="http://libmeta.ru/me/formula/main/1052_2_IIITIFELJa">\Phi^{-1} S q \Phi(1) \in H^{*}\left(B ; \mathbb{Z}_{2}\right),</formula>
    <formula uri="http://libmeta.ru/me/formula/main/1052_3_IIITIFELJa">\begin{gathered}H^{* *}\left(B O_{n} ; \mathbb{Z}_{2}\right)=\mathbb{Z}_{2}\left[\left[w_{1}, \ldots, w_{n}\right]\right], \\H^{* *}\left(B O ; \mathbb{Z}_{2}\right)=\mathbb{Z}_{2}\left[\left[w_{1}, \ldots,\right]\right] .\end{gathered}</formula>
  </formulas_main>
  <formulas_aux>
    <formula uri="http://libmeta.ru/me/formula/aux/1052_1_IIITIFELJa">w_{i}, i&gt;0</formula>
    <formula uri="http://libmeta.ru/me/formula/aux/1052_2_IIITIFELJa">\xi</formula>
    <formula uri="http://libmeta.ru/me/formula/aux/1052_3_IIITIFELJa">b</formula>
    <formula uri="http://libmeta.ru/me/formula/aux/1052_4_IIITIFELJa">w_{i}(\xi)</formula>
    <formula uri="http://libmeta.ru/me/formula/aux/1052_5_IIITIFELJa">h^{i}\left(b ; \mathbb{Z}_{2}\right)</formula>
    <formula uri="http://libmeta.ru/me/formula/aux/1052_6_IIITIFELJa">\xi, \eta</formula>
    <formula uri="http://libmeta.ru/me/formula/aux/1052_7_IIITIFELJa">w(\xi \oplus \eta)=w(\xi) w(\eta)</formula>
    <formula uri="http://libmeta.ru/me/formula/aux/1052_8_IIITIFELJa">w=1+w_{1}+</formula>
    <formula uri="http://libmeta.ru/me/formula/aux/1052_9_IIITIFELJa">+w_{2}</formula>
    <formula uri="http://libmeta.ru/me/formula/aux/1052_10_IIITIFELJa">\zeta_{1}</formula>
    <formula uri="http://libmeta.ru/me/formula/aux/1052_11_IIITIFELJa">\mathbb{r} P^{\infty}</formula>
    <formula uri="http://libmeta.ru/me/formula/aux/1052_12_IIITIFELJa">w\left(\zeta_{1}\right)=1+y, \quad</formula>
    <formula uri="http://libmeta.ru/me/formula/aux/1052_13_IIITIFELJa">y</formula>
    <formula uri="http://libmeta.ru/me/formula/aux/1052_14_IIITIFELJa">h^{\mathrm{l}}\left(\mathbb{k} P^{\infty} ; \mathbb{Z}_{2}\right)=\mathbb{Z}_{2}</formula>
    <formula uri="http://libmeta.ru/me/formula/aux/1052_15_IIITIFELJa">w(\xi \oplus \theta)=w(\xi)</formula>
    <formula uri="http://libmeta.ru/me/formula/aux/1052_16_IIITIFELJa">\theta</formula>
    <formula uri="http://libmeta.ru/me/formula/aux/1052_17_IIITIFELJa">w_{i}(\xi)=</formula>
    <formula uri="http://libmeta.ru/me/formula/aux/1052_18_IIITIFELJa">=0</formula>
    <formula uri="http://libmeta.ru/me/formula/aux/1052_19_IIITIFELJa">i&gt;\operatorname{dim} \xi</formula>
    <formula uri="http://libmeta.ru/me/formula/aux/1052_20_IIITIFELJa">\xi</formula>
    <formula uri="http://libmeta.ru/me/formula/aux/1052_21_IIITIFELJa">n</formula>
    <formula uri="http://libmeta.ru/me/formula/aux/1052_22_IIITIFELJa">b</formula>
    <formula uri="http://libmeta.ru/me/formula/aux/1052_23_IIITIFELJa">w_{n}(\xi) \in</formula>
    <formula uri="http://libmeta.ru/me/formula/aux/1052_24_IIITIFELJa">\in H^{n}\left(B ; \mathbb{Z}_{2}\right)</formula>
    <formula uri="http://libmeta.ru/me/formula/aux/1052_25_IIITIFELJa">\xi</formula>
    <formula uri="http://libmeta.ru/me/formula/aux/1052_26_IIITIFELJa">b</formula>
    <formula uri="http://libmeta.ru/me/formula/aux/1052_27_IIITIFELJa">b^{\xi}-T о м а</formula>
    <formula uri="http://libmeta.ru/me/formula/aux/1052_28_IIITIFELJa">: H^{*}\left(B ; \mathbb{Z}_{2}\right) \longrightarrow \tilde{H}^{*+n}\left(B^{\xi} ; \mathbb{Z}_{2}\right)-T</formula>
    <formula uri="http://libmeta.ru/me/formula/aux/1052_29_IIITIFELJa">w(\xi)</formula>
    <formula uri="http://libmeta.ru/me/formula/aux/1052_30_IIITIFELJa">s q=1+S q^{1}+S q^{2}+\ldots</formula>
    <formula uri="http://libmeta.ru/me/formula/aux/1052_31_IIITIFELJa">c</formula>
    <formula uri="http://libmeta.ru/me/formula/aux/1052_32_IIITIFELJa">h^{*}\left(; \mathbb{Z}_{2}\right)</formula>
    <formula uri="http://libmeta.ru/me/formula/aux/1052_33_IIITIFELJa">h^{* *}\left(B O_{n} ; \mathbb{Z}_{2}\right)</formula>
    <formula uri="http://libmeta.ru/me/formula/aux/1052_34_IIITIFELJa">h^{* *}\left(B O ; \mathbb{Z}_{2}\right)</formula>
  </formulas_aux>
  <relations n="28">
    <relation uri="http://libmeta.ru/me/relation/1052_1_IIITIFELJa">
      <rel_text>формальных</rel_text>
      <target>http://libmeta.ru/me/article/731_FORMALIZ</target>
    </relation>
    <relation uri="http://libmeta.ru/me/relation/1052_2_IIITIFELJa">
      <rel_text>кольцами</rel_text>
      <target>http://libmeta.ru/me/article/981_KOL'TsOI</target>
    </relation>
    <relation uri="http://libmeta.ru/me/relation/1052_3_IIITIFELJa">
      <rel_text>кольца</rel_text>
      <target>http://libmeta.ru/me/article/1000_KOL'Ts</target>
    </relation>
    <relation uri="http://libmeta.ru/me/relation/1052_4_IIITIFELJa">
      <rel_text>векторных расслоений</rel_text>
      <target>http://libmeta.ru/me/article/658_VEKTORNOE</target>
    </relation>
    <relation uri="http://libmeta.ru/me/relation/1052_5_IIITIFELJa">
      <rel_text>класс</rel_text>
      <target>http://libmeta.ru/me/article/889_KLAS</target>
    </relation>
    <relation uri="http://libmeta.ru/me/relation/1052_6_IIITIFELJa">
      <rel_text>характеристич</rel_text>
      <target>http://libmeta.ru/me/article/839_HARAKTERISTIK</target>
    </relation>
    <relation uri="http://libmeta.ru/me/relation/1052_7_IIITIFELJa">
      <rel_text>расслоений</rel_text>
      <target>http://libmeta.ru/me/article/973_RASSLOENI</target>
    </relation>
    <relation uri="http://libmeta.ru/me/relation/1052_8_IIITIFELJa">
      <rel_text>әквивалентных</rel_text>
      <target>http://libmeta.ru/me/article/1111_ӘKVIDISTANT</target>
    </relation>
    <relation uri="http://libmeta.ru/me/relation/1052_9_IIITIFELJa">
      <rel_text>совпадают</rel_text>
      <target>http://libmeta.ru/me/article/59_SOVPADENI</target>
    </relation>
    <relation uri="http://libmeta.ru/me/relation/1052_10_IIITIFELJa">
      <rel_text>квадpam</rel_text>
      <target>http://libmeta.ru/me/article/796_KVADRAN</target>
    </relation>
    <relation uri="http://libmeta.ru/me/relation/1052_11_IIITIFELJa">
      <rel_text>полный</rel_text>
      <target>http://libmeta.ru/me/article/501_POLI0</target>
    </relation>
    <relation uri="http://libmeta.ru/me/relation/1052_12_IIITIFELJa">
      <rel_text>совпадает</rel_text>
      <target>http://libmeta.ru/me/article/59_SOVPADENI</target>
    </relation>
    <relation uri="http://libmeta.ru/me/relation/1052_13_IIITIFELJa">
      <rel_text>полный</rel_text>
      <target>http://libmeta.ru/me/article/501_POLI0</target>
    </relation>
    <relation uri="http://libmeta.ru/me/relation/1052_14_IIITIFELJa">
      <rel_text>расслоения</rel_text>
      <target>http://libmeta.ru/me/article/973_RASSLOENI</target>
    </relation>
    <relation uri="http://libmeta.ru/me/relation/1052_15_IIITIFELJa">
      <rel_text>пространство</rel_text>
      <target>http://libmeta.ru/me/article/748_PROSTRANSTV</target>
    </relation>
    <relation uri="http://libmeta.ru/me/relation/1052_16_IIITIFELJa">
      <rel_text>векторного расслоения</rel_text>
      <target>http://libmeta.ru/me/article/658_VEKTORNOE</target>
    </relation>
    <relation uri="http://libmeta.ru/me/relation/1052_17_IIITIFELJa">
      <rel_text>модулю</rel_text>
      <target>http://libmeta.ru/me/article/741_MODEL</target>
    </relation>
    <relation uri="http://libmeta.ru/me/relation/1052_18_IIITIFELJa">
      <rel_text>совпадает</rel_text>
      <target>http://libmeta.ru/me/article/59_SOVPADENI</target>
    </relation>
    <relation uri="http://libmeta.ru/me/relation/1052_19_IIITIFELJa">
      <rel_text>класс</rel_text>
      <target>http://libmeta.ru/me/article/889_KLAS</target>
    </relation>
    <relation uri="http://libmeta.ru/me/relation/1052_20_IIITIFELJa">
      <rel_text>векторного расслоения</rel_text>
      <target>http://libmeta.ru/me/article/658_VEKTORNOE</target>
    </relation>
    <relation uri="http://libmeta.ru/me/relation/1052_21_IIITIFELJa">
      <rel_text>тривиальное расслоение</rel_text>
      <target>http://libmeta.ru/me/article/453_LOKAL'NO</target>
    </relation>
    <relation uri="http://libmeta.ru/me/relation/1052_22_IIITIFELJa">
      <rel_text>группы</rel_text>
      <target>http://libmeta.ru/me/article/1207_GRUPІІ</target>
    </relation>
    <relation uri="http://libmeta.ru/me/relation/1052_23_IIITIFELJa">
      <rel_text>расслоения</rel_text>
      <target>http://libmeta.ru/me/article/973_RASSLOENI</target>
    </relation>
    <relation uri="http://libmeta.ru/me/relation/1052_24_IIITIFELJa">
      <rel_text>векторных расслоений</rel_text>
      <target>http://libmeta.ru/me/article/658_VEKTORNOE</target>
    </relation>
    <relation uri="http://libmeta.ru/me/relation/1052_25_IIITIFELJa">
      <rel_text>класс</rel_text>
      <target>http://libmeta.ru/me/article/889_KLAS</target>
    </relation>
    <relation uri="http://libmeta.ru/me/relation/1052_26_IIITIFELJa">
      <rel_text>пространством</rel_text>
      <target>http://libmeta.ru/me/article/748_PROSTRANSTV</target>
    </relation>
    <relation uri="http://libmeta.ru/me/relation/1052_27_IIITIFELJa">
      <rel_text>векторного расслоения</rel_text>
      <target>http://libmeta.ru/me/article/658_VEKTORNOE</target>
    </relation>
    <relation uri="http://libmeta.ru/me/relation/1052_28_IIITIFELJa">
      <rel_text>векторных расслоений</rel_text>
      <target>http://libmeta.ru/me/article/658_VEKTORNOE</target>
    </relation>
  </relations>
  <text>действительных URI[[http://libmeta.ru/me/relation/1052_28_IIITIFELJa]]/URI. Iii.- У. к. обозначаются через $URI[[http://libmeta.ru/me/formula/aux/1052_1_IIITIFELJa]]/URI$, и для действительного URI[[http://libmeta.ru/me/relation/1052_27_IIITIFELJa]]/URI $URI[[http://libmeta.ru/me/formula/aux/1052_2_IIITIFELJa]]/URI$ над топологич. URI[[http://libmeta.ru/me/relation/1052_26_IIITIFELJa]]/URI $URI[[http://libmeta.ru/me/formula/aux/1052_3_IIITIFELJa]]/URI$ URI[[http://libmeta.ru/me/relation/1052_25_IIITIFELJa]]/URI $URI[[http://libmeta.ru/me/formula/aux/1052_4_IIITIFELJa]]/URI$ лежит в $URI[[http://libmeta.ru/me/formula/aux/1052_5_IIITIFELJa]]/URI$; введены Э. Штифелем [1] и X. Уитни [2]; они обла ают следующими свойствами. 1) Для двух действительных URI[[http://libmeta.ru/me/relation/1052_24_IIITIFELJa]]/URI $URI[[http://libmeta.ru/me/formula/aux/1052_6_IIITIFELJa]]/URI$ над общей базой

\[
URI[[http://libmeta.ru/me/formula/main/1052_1_IIITIFELJa]]/URI
\]

другими словами, $URI[[http://libmeta.ru/me/formula/aux/1052_7_IIITIFELJa]]/URI$, где $URI[[http://libmeta.ru/me/formula/aux/1052_8_IIITIFELJa]]/URI$ $URI[[http://libmeta.ru/me/formula/aux/1052_9_IIITIFELJa]]/URI$-полный Iii.-У. к. 2) Для одномерного универсального URI[[http://libmeta.ru/me/relation/1052_23_IIITIFELJa]]/URI $URI[[http://libmeta.ru/me/formula/aux/1052_10_IIITIFELJa]]/URI$ над $URI[[http://libmeta.ru/me/formula/aux/1052_11_IIITIFELJa]]/URI$ имеет место равенство $URI[[http://libmeta.ru/me/formula/aux/1052_12_IIITIFELJa]]/URI$ где $URI[[http://libmeta.ru/me/formula/aux/1052_13_IIITIFELJa]]/URI$ - ненулевой элемент URI[[http://libmeta.ru/me/relation/1052_22_IIITIFELJa]]/URI $URI[[http://libmeta.ru/me/formula/aux/1052_14_IIITIFELJa]]/URI$. Этими двумя свойствами определяются однозначно. Шi.-У. к. стабильны, т. е. $URI[[http://libmeta.ru/me/formula/aux/1052_15_IIITIFELJa]]/URI$, где $URI[[http://libmeta.ru/me/formula/aux/1052_16_IIITIFELJa]]/URI$ - URI[[http://libmeta.ru/me/relation/1052_21_IIITIFELJa]]/URI и $URI[[http://libmeta.ru/me/formula/aux/1052_17_IIITIFELJa]]/URI$ $URI[[http://libmeta.ru/me/formula/aux/1052_18_IIITIFELJa]]/URI$ при $URI[[http://libmeta.ru/me/formula/aux/1052_19_IIITIFELJa]]/URI$. Для ориентированного URI[[http://libmeta.ru/me/relation/1052_20_IIITIFELJa]]/URI $URI[[http://libmeta.ru/me/formula/aux/1052_20_IIITIFELJa]]/URI$ размерности $URI[[http://libmeta.ru/me/formula/aux/1052_21_IIITIFELJa]]/URI$ над базой $URI[[http://libmeta.ru/me/formula/aux/1052_22_IIITIFELJa]]/URI$ URI[[http://libmeta.ru/me/relation/1052_19_IIITIFELJa]]/URI $URI[[http://libmeta.ru/me/formula/aux/1052_23_IIITIFELJa]]/URI$ $URI[[http://libmeta.ru/me/formula/aux/1052_24_IIITIFELJa]]/URI$ URI[[http://libmeta.ru/me/relation/1052_18_IIITIFELJa]]/URI с приведением по URI[[http://libmeta.ru/me/relation/1052_17_IIITIFELJa]]/URI 2 эйлерова класса.

Для URI[[http://libmeta.ru/me/relation/1052_16_IIITIFELJa]]/URI $URI[[http://libmeta.ru/me/formula/aux/1052_25_IIITIFELJa]]/URI$ над $URI[[http://libmeta.ru/me/formula/aux/1052_26_IIITIFELJa]]/URI$ пусть $URI[[http://libmeta.ru/me/formula/aux/1052_27_IIITIFELJa]]/URI$ URI[[http://libmeta.ru/me/relation/1052_15_IIITIFELJa]]/URI этого URI[[http://libmeta.ru/me/relation/1052_14_IIITIFELJa]]/URI. Далее, пусть Ф: $URI[[http://libmeta.ru/me/formula/aux/1052_28_IIITIFELJa]]/URI$ ома изоморфизм. Тогда URI[[http://libmeta.ru/me/relation/1052_13_IIITIFELJa]]/URI Iil. - У. к. $URI[[http://libmeta.ru/me/formula/aux/1052_29_IIITIFELJa]]/URI$ URI[[http://libmeta.ru/me/relation/1052_12_IIITIFELJa]]/URI с

\[
URI[[http://libmeta.ru/me/formula/main/1052_2_IIITIFELJa]]/URI
\]

где $URI[[http://libmeta.ru/me/formula/aux/1052_30_IIITIFELJa]]/URI$ URI[[http://libmeta.ru/me/relation/1052_11_IIITIFELJa]]/URI $URI[[http://libmeta.ru/me/formula/aux/1052_31_IIITIFELJa]]/URI$ пинрода URI[[http://libmeta.ru/me/relation/1052_10_IIITIFELJa]]/URI. Это свойство Iii.- У. к. можно использовать в качестве их определения. Iii.- У. к. гомотопически инвариантны в том смысле, что они URI[[http://libmeta.ru/me/relation/1052_9_IIITIFELJa]]/URI для послойно-гомотопически URI[[http://libmeta.ru/me/relation/1052_8_IIITIFELJa]]/URI URI[[http://libmeta.ru/me/relation/1052_7_IIITIFELJa]]/URI над общей базой.

Любой URI[[http://libmeta.ru/me/relation/1052_6_IIITIFELJa]]/URI. URI[[http://libmeta.ru/me/relation/1052_5_IIITIFELJa]]/URI со значениями в $URI[[http://libmeta.ru/me/formula/aux/1052_32_IIITIFELJa]]/URI$, определенныї для действительных URI[[http://libmeta.ru/me/relation/1052_4_IIITIFELJa]]/URI, выражается через Iii.-У.к.: URI[[http://libmeta.ru/me/relation/1052_3_IIITIFELJa]]/URI $URI[[http://libmeta.ru/me/formula/aux/1052_33_IIITIFELJa]]/URI$ и $URI[[http://libmeta.ru/me/formula/aux/1052_34_IIITIFELJa]]/URI$ являются URI[[http://libmeta.ru/me/relation/1052_2_IIITIFELJa]]/URI URI[[http://libmeta.ru/me/relation/1052_1_IIITIFELJa]]/URI стешенных рядов от Iii.- У.к.:

\[
URI[[http://libmeta.ru/me/formula/main/1052_3_IIITIFELJa]]/URI
\]</text>
  <text_orig>действительных векторных расслоений. III.- У. к. обозначаются через $w_{i}, i&gt;0$, и для действительного векторного расслоения $\xi$ над топологич. пространством $B$ класс $w_{i}(\xi)$ лежит в $H^{i}\left(B ; \mathbb{Z}_{2}\right)$; введены Э. Штифелем [1] и X. Уитни [2]; они обла ают следующими свойствами. 1) Для двух действительных векторных расслоений $\xi, \eta$ над общей базой

\[
w_{k}(\xi \bigoplus \eta)=\sum w_{i}(\xi) w_{k-i}(\eta), w_{0}=1
\]

другими словами, $w(\xi \oplus \eta)=w(\xi) w(\eta)$, где $w=1+w_{1}+$ $+w_{2}$-полный III.-У. к. 2) Для одномерного универсального расслоения $\zeta_{1}$ над $\mathbb{R} P^{\infty}$ имеет место равенство $w\left(\zeta_{1}\right)=1+y, \quad$ где $y$ - ненулевой элемент группы $H^{\mathrm{l}}\left(\mathbb{K} P^{\infty} ; \mathbb{Z}_{2}\right)=\mathbb{Z}_{2}$. Этими двумя свойствами определяются однозначно. ШI.-У. к. стабильны, т. е. $w(\xi \oplus \theta)=w(\xi)$, где $\theta$ - тривиальное расслоение и $w_{i}(\xi)=$ $=0$ при $i&gt;\operatorname{dim} \xi$. Для ориентированного векторного расслоения $\xi$ размерности $n$ над базой $B$ класс $w_{n}(\xi) \in$ $\in H^{n}\left(B ; \mathbb{Z}_{2}\right)$ совпадает с приведением по модулю 2 эйлерова класса.

Для векторного расслоения $\xi$ над $B$ пусть $B^{\xi}-T о м а$ пространство этого расслоения. Далее, пусть Ф: $: H^{*}\left(B ; \mathbb{Z}_{2}\right) \longrightarrow \tilde{H}^{*+n}\left(B^{\xi} ; \mathbb{Z}_{2}\right)-T$ ома изоморфизм. Тогда полный IIl. - У. к. $w(\xi)$ совпадает с

\[
\Phi^{-1} S q \Phi(1) \in H^{*}\left(B ; \mathbb{Z}_{2}\right),
\]

где $S q=1+S q^{1}+S q^{2}+\ldots$ полный $C$ пинрода квадpam. Это свойство III.- У. к. можно использовать в качестве их определения. III.- У. к. гомотопически инвариантны в том смысле, что они совпадают для послойно-гомотопически әквивалентных расслоений над общей базой.

Любой характеристич. класс со значениями в $H^{*}\left(; \mathbb{Z}_{2}\right)$, определенныї для действительных векторных расслоений, выражается через III.-У.к.: кольца $H^{* *}\left(B O_{n} ; \mathbb{Z}_{2}\right)$ и $H^{* *}\left(B O ; \mathbb{Z}_{2}\right)$ являются кольцами формальных стешенных рядов от III.- У.к.:

\[
\begin{gathered}
H^{* *}\left(B O_{n} ; \mathbb{Z}_{2}\right)=\mathbb{Z}_{2}\left[\left[w_{1}, \ldots, w_{n}\right]\right], \\
H^{* *}\left(B O ; \mathbb{Z}_{2}\right)=\mathbb{Z}_{2}\left[\left[w_{1}, \ldots,\right]\right] .
\end{gathered}
\]

Лum.: [1] S t i e f e l E., &quot;Comm. math. helv.», 1935-36, v. 8, № 4, 1. 305-53; [2] W h i t h e y H., &quot;Bull. Amer. Math. Soc.», 1959, v. 43, p. 785-805, [3 м и л н о $\mathrm{p}$ д ж., «Математика&quot;, Заметки по теории кобордизмов, пер. с англ., М., 1973; [5] С т и н р о д Н., Топология косых произведений, пер. с англ. М., 1953.</text_orig>
</article>
