<?xml version="1.0" ?>
<article uri="http://libmeta.ru/me/article/1053_GIPERBOLIChESKAJa" alphabetic_pos="1053">
  <title>ГИПЕРБОЛИЧЕСКАЯ ТРИГОНОМЕТРИЯ</title>
  <authors/>
  <pages>
    <start>496</start>
    <end>497</end>
  </pages>
  <literature>
    <literature_orig/>
  </literature>
  <formulas_main>
    <formula uri="http://libmeta.ru/me/formula/main/1053_1_GIPERBOLIChESKAJa">\operatorname{ch} a_{1}=\operatorname{ch} a_{2} \operatorname{ch} a_{2}-\operatorname{sh} a_{2} \operatorname{sh} a_{3} \cos \alpha_{1} .</formula>
    <formula uri="http://libmeta.ru/me/formula/main/1053_2_GIPERBOLIChESKAJa">\frac{\sin \alpha_{1}}{\operatorname{sh} a_{1}}=\frac{\sin \alpha_{2}}{\operatorname{sh} a_{2}}=\frac{\sin \alpha_{3}}{\operatorname{sh} a_{3}} \text {. }</formula>
  </formulas_main>
  <formulas_aux>
    <formula uri="http://libmeta.ru/me/formula/aux/1053_1_GIPERBOLIChESKAJa">a_{i}, i=1,2,3,-</formula>
    <formula uri="http://libmeta.ru/me/formula/aux/1053_2_GIPERBOLIChESKAJa">\alpha_{i}-</formula>
    <formula uri="http://libmeta.ru/me/formula/aux/1053_3_GIPERBOLIChESKAJa">a_{i}</formula>
    <formula uri="http://libmeta.ru/me/formula/aux/1053_4_GIPERBOLIChESKAJa">\alpha_{i}</formula>
  </formulas_aux>
  <relations n="2">
    <relation uri="http://libmeta.ru/me/relation/1053_1_GIPERBOLIChESKAJa">
      <rel_text>Лобачевского геометрия</rel_text>
      <target>http://libmeta.ru/me/article/394_LOBAChEVSKOGO</target>
    </relation>
    <relation uri="http://libmeta.ru/me/relation/1053_2_GIPERBOLIChESKAJa">
      <rel_text>тригонометрия</rel_text>
      <target>http://libmeta.ru/me/article/505_TRIGONOMETRI</target>
    </relation>
  </relations>
  <text>URI[[http://libmeta.ru/me/relation/1053_2_GIPERBOLIChESKAJa]]/URI на плоскости Лобачевского (см. URI[[http://libmeta.ru/me/relation/1053_1_GIPERBOLIChESKAJa]]/URI). Пусть $URI[[http://libmeta.ru/me/formula/aux/1053_1_GIPERBOLIChESKAJa]]/URI$ длины сторон треугольника на плоскости Лобачевского, а $URI[[http://libmeta.ru/me/formula/aux/1053_2_GIPERBOLIChESKAJa]]/URI$ углы этого треугольника. Справедливо следующее основное соотношение (т е о р е м а к о с и н у с о в), связывающее $URI[[http://libmeta.ru/me/formula/aux/1053_3_GIPERBOLIChESKAJa]]/URI$ и $URI[[http://libmeta.ru/me/formula/aux/1053_4_GIPERBOLIChESKAJa]]/URI$ :

\[
URI[[http://libmeta.ru/me/formula/main/1053_1_GIPERBOLIChESKAJa]]/URI
\]

Из него вытекают все остальные соотношения Г. т.; напр., так наз. т е о р е м а с и н у с о в:

\[
URI[[http://libmeta.ru/me/formula/main/1053_2_GIPERBOLIChESKAJa]]/URI
\]</text>
  <text_orig>трИГонометрия на плоскости Лобачевского (см. Лобачевского геометрия). Пусть $a_{i}, i=1,2,3,-$ длины сторон треугольника на плоскости Лобачевского, а $\alpha_{i}-$ углы этого треугольника. Справедливо следующее основное соотношение (т е о р е м а к о с и н у с о в), связывающее $a_{i}$ и $\alpha_{i}$ :

\[
\operatorname{ch} a_{1}=\operatorname{ch} a_{2} \operatorname{ch} a_{2}-\operatorname{sh} a_{2} \operatorname{sh} a_{3} \cos \alpha_{1} .
\]

Из него вытекают все остальные соотношения Г. т.; напр., так наз. т е о р е м а с и н у с о в:

\[
\frac{\sin \alpha_{1}}{\operatorname{sh} a_{1}}=\frac{\sin \alpha_{2}}{\operatorname{sh} a_{2}}=\frac{\sin \alpha_{3}}{\operatorname{sh} a_{3}} \text {. }
\]</text_orig>
</article>
