<?xml version="1.0" ?>
<article uri="http://libmeta.ru/me/article/1053_KONIChESKIE" alphabetic_pos="1053">
  <title>КОНИЧЕСКИЕ СЕЧЕНИЯ</title>
  <authors/>
  <pages>
    <start>518</start>
    <end>519</end>
  </pages>
  <literature>
    <literature_orig>Лит.: [1] А л е к с а н д p о в П. С., Лекции по аналитической геометрии, М., 1968; [2] В а н д е р В а р д е н Б. Л., Пробуждающанся наука, пер. с голл., М., 1959.</literature_orig>
    <unit>
      <author>Александpов П. С.</author>
      <title>Лекции по аналитической геометрии</title>
      <publication>М.</publication>
      <year>1968</year>
      <other/>
    </unit>
    <unit>
      <author>Вандер Варден Б. Л.</author>
      <title>Пробуждающанся наука</title>
      <publication>пер. с голл., М.</publication>
      <year>1959</year>
      <other/>
    </unit>
  </literature>
  <formulas_main>
    <formula uri="http://libmeta.ru/me/formula/main/1053_1_KONIChESKIE">a_{11} x^{2}+2 a_{12} x y+a_{22} y^{2}=a_{33} .</formula>
    <formula uri="http://libmeta.ru/me/formula/main/1053_2_KONIChESKIE">A x^{2}+B y^{2}=C,</formula>
    <formula uri="http://libmeta.ru/me/formula/main/1053_3_KONIChESKIE">y^{2}=2 p x</formula>
    <formula uri="http://libmeta.ru/me/formula/main/1053_4_KONIChESKIE">y^{2}=2 p x+\lambda x^{2}</formula>
  </formulas_main>
  <formulas_aux>
    <formula uri="http://libmeta.ru/me/formula/aux/1053_1_KONIChESKIE">a</formula>
    <formula uri="http://libmeta.ru/me/formula/aux/1053_2_KONIChESKIE">к</formula>
    <formula uri="http://libmeta.ru/me/formula/aux/1053_3_KONIChESKIE">\gamma</formula>
    <formula uri="http://libmeta.ru/me/formula/aux/1053_4_KONIChESKIE">c</formula>
    <formula uri="http://libmeta.ru/me/formula/aux/1053_5_KONIChESKIE">a</formula>
    <formula uri="http://libmeta.ru/me/formula/aux/1053_6_KONIChESKIE">b</formula>
    <formula uri="http://libmeta.ru/me/formula/aux/1053_7_KONIChESKIE">\kappa</formula>
    <formula uri="http://libmeta.ru/me/formula/aux/1053_8_KONIChESKIE">p</formula>
    <formula uri="http://libmeta.ru/me/formula/aux/1053_9_KONIChESKIE">\lambda</formula>
    <formula uri="http://libmeta.ru/me/formula/aux/1053_10_KONIChESKIE">p \neq 0</formula>
    <formula uri="http://libmeta.ru/me/formula/aux/1053_11_KONIChESKIE">\lambda=0</formula>
    <formula uri="http://libmeta.ru/me/formula/aux/1053_12_KONIChESKIE">\lambda&lt;0</formula>
    <formula uri="http://libmeta.ru/me/formula/aux/1053_13_KONIChESKIE">\lambda&gt;0</formula>
    <formula uri="http://libmeta.ru/me/formula/aux/1053_14_KONIChESKIE">y^{2}</formula>
    <formula uri="http://libmeta.ru/me/formula/aux/1053_15_KONIChESKIE">2 p</formula>
    <formula uri="http://libmeta.ru/me/formula/aux/1053_16_KONIChESKIE">e</formula>
    <formula uri="http://libmeta.ru/me/formula/aux/1053_17_KONIChESKIE">e&lt;1</formula>
    <formula uri="http://libmeta.ru/me/formula/aux/1053_18_KONIChESKIE">e&gt;1</formula>
    <formula uri="http://libmeta.ru/me/formula/aux/1053_19_KONIChESKIE">e=1</formula>
  </formulas_aux>
  <relations n="11">
    <relation uri="http://libmeta.ru/me/relation/1053_1_KONIChESKIE">
      <rel_text>парабола</rel_text>
      <target>http://libmeta.ru/me/article/154_PARABOL</target>
    </relation>
    <relation uri="http://libmeta.ru/me/relation/1053_2_KONIChESKIE">
      <rel_text>эксцентриситету</rel_text>
      <target>http://libmeta.ru/me/article/1132_EKSTsENTRISITE</target>
    </relation>
    <relation uri="http://libmeta.ru/me/relation/1053_3_KONIChESKIE">
      <rel_text>директрисы</rel_text>
      <target>http://libmeta.ru/me/article/198_DIREKTRIS</target>
    </relation>
    <relation uri="http://libmeta.ru/me/relation/1053_4_KONIChESKIE">
      <rel_text>расстоянию</rel_text>
      <target>http://libmeta.ru/me/article/973_RASSLOENI</target>
    </relation>
    <relation uri="http://libmeta.ru/me/relation/1053_5_KONIChESKIE">
      <rel_text>расстояний</rel_text>
      <target>http://libmeta.ru/me/article/973_RASSLOENI</target>
    </relation>
    <relation uri="http://libmeta.ru/me/relation/1053_6_KONIChESKIE">
      <rel_text>множество</rel_text>
      <target>http://libmeta.ru/me/article/733_MNOZhESTV</target>
    </relation>
    <relation uri="http://libmeta.ru/me/relation/1053_7_KONIChESKIE">
      <rel_text>кривых</rel_text>
      <target>http://libmeta.ru/me/article/90_KRIVA</target>
    </relation>
    <relation uri="http://libmeta.ru/me/relation/1053_8_KONIChESKIE">
      <rel_text>расстоянийі</rel_text>
      <target>http://libmeta.ru/me/article/973_RASSLOENI</target>
    </relation>
    <relation uri="http://libmeta.ru/me/relation/1053_9_KONIChESKIE">
      <rel_text>множество</rel_text>
      <target>http://libmeta.ru/me/article/733_MNOZhESTV</target>
    </relation>
    <relation uri="http://libmeta.ru/me/relation/1053_10_KONIChESKIE">
      <rel_text>эллипс</rel_text>
      <target>http://libmeta.ru/me/article/1144_ELLIP</target>
    </relation>
    <relation uri="http://libmeta.ru/me/relation/1053_11_KONIChESKIE">
      <rel_text>множеств</rel_text>
      <target>http://libmeta.ru/me/article/733_MNOZhESTV</target>
    </relation>
  </relations>
  <text>линии, к-рые получаются сеченіем прямого кругового конуса плоскостямі, не проходяццмі через его вершину. К. с. могут быть трех типов: 1) секущая плоскость пересекает все образующіе конуса в точках одноӥ его полостіi (рпс., $URI[[http://libmeta.ru/me/formula/aux/1053_1_KONIChESKIE]]/URI$ ): линия пересеченія есть замкнутая овальная крігвая - эллипс; окружность как частныї случаї әллипса получается, когда секущая
![](https://cdn.mathpix.com/cropped/2023_07_08_4e2bf50b53dbc77e10e1g-1.jpg?height=344&amp;width=472&amp;top_left_y=636&amp;top_left_x=1350)
плоскость перпендикулярна осіг конуса. 2) Секущая плоскость параллельна одної из касательных плоскостеїі конуса (рıсс., б); в сеченіiі получается незамкнутая, уходящая в бесконечность кривая - парабола, целиком лежащая на одноӥі плоскості. 3) Секущая плоскость пересекает обе полості конуса (ріс., в); линія пересечения - әипербола - состопт пз двух одинаковых незамкнутых, простираюицхся в бесконечность частей (ветвей гиперболы), лежащих на обешх полостях конуса.

C точкі зренія аналіттіч. геометриі li. c. - деӥствітельные нераспадающиеся линии второго порядка.

В тех случаях, когда $URI[[http://libmeta.ru/me/formula/aux/1053_2_KONIChESKIE]]/URI$. с. имеет центр симметриі (ц е н т р), т. е. является эллипсом пліг гиперболої, его уравненіе может быть пріведено (путем перенесения начала коордінат в центр) к вıду:

\[
URI[[http://libmeta.ru/me/formula/main/1053_1_KONIChESKIE]]/URI
\]

Дальнеӥшие шсследования такшх (наз. ц е н т р а л ьн ы м Ii) I.. с. показывают, что Iх уравненія могут быть приведены к еще более простому виду:

\[
URI[[http://libmeta.ru/me/formula/main/1053_2_KONIChESKIE]]/URI
\]

если за направления осеӥ координат выбрать так наз. главные направленія - направленія $URI[[http://libmeta.ru/me/formula/aux/1053_3_KONIChESKIE]]/URI$ л а в н ы о c e ї (осей спмметрін) иаковые зиаки (совпадающие со зиаком $URI[[http://libmeta.ru/me/formula/aux/1053_4_KONIChESKIE]]/URI$ ), то уравыеніге (*) определяет әллипс; еслиг $URI[[http://libmeta.ru/me/formula/aux/1053_5_KONIChESKIE]]/URI$ й $URI[[http://libmeta.ru/me/formula/aux/1053_6_KONIChESKIE]]/URI$ разного знака, то - гіперболу.

Уравненіг параболы прівесті к вігду (*) нельзя. При надлежацем выборе осеї коордінат (одна ось коордінат - единственная ось сімметріп параболы, другая - перпендикулярная $URI[[http://libmeta.ru/me/formula/aux/1053_7_KONIChESKIE]]/URI$ неї прямая, проходящая через вершину параболы) ее уравнение можно прівести к вігду:

\[
URI[[http://libmeta.ru/me/formula/main/1053_3_KONIChESKIE]]/URI
\]

If. с. былі пзвестны уже математикам Древнеї Грециі. Напболее полным сочинением, посвященным этим кривым, были «кіншческіе сечения» Аполлония Пергского (ок. 200 до н. э.). Дальнеӥшше успехи теории К. с. связаны с созданием в 17 в. новых геометрич. методов: проектівного [ж. Дезарг (g. Désargues), Б. Паскаль (b. Pascal)] іл в особенності коордінатного [p. Декарт (r. Descartes), П. Фepma (p. Fermat)]. Пгри надлежащем выборе системы координат (ось абсцисс - ось симметріиг К. с., ось ординат - касательная в вершине К. с.) уравнение К. с. может быть приведено к виду:

\[
URI[[http://libmeta.ru/me/formula/main/1053_4_KONIChESKIE]]/URI
\]

( $URI[[http://libmeta.ru/me/formula/aux/1053_8_KONIChESKIE]]/URI$ и $URI[[http://libmeta.ru/me/formula/aux/1053_9_KONIChESKIE]]/URI$ - постоянные). Еслі $URI[[http://libmeta.ru/me/formula/aux/1053_10_KONIChESKIE]]/URI$, то оно определяет параболу при $URI[[http://libmeta.ru/me/formula/aux/1053_11_KONIChESKIE]]/URI$, эллипс при $URI[[http://libmeta.ru/me/formula/aux/1053_12_KONIChESKIE]]/URI$, гиперболу при $URI[[http://libmeta.ru/me/formula/aux/1053_13_KONIChESKIE]]/URI$. Геометрич. свойство К. с., содержащееся в последнем уравнении, было известно уже древнегреч. геометрам и послужило для Аполлония Пергского поводом присвоить отдельным типам К. с. названия, coxранігвшиеся до сих пор: слово «парабола» (греч. parabolế) означает приложение (т. к. в греч. геометрии превращение прямоугольника данной площади $URI[[http://libmeta.ru/me/formula/aux/1053_14_KONIChESKIE]]/URI$ в равновеликий ему прямоугольник с данным основанием $URI[[http://libmeta.ru/me/formula/aux/1053_15_KONIChESKIE]]/URI$ наз. п р и л о ж е н и е м данного прямоугольника к этому основанию); слово «эллипс&quot; (греч. élleipsis) - недостаток (приложенге с недостатком); слово «гіпербола» (греч. hyperbolế) - избыток (приложение с избытком).

С переходом к современным методам псследования стереометрич. определение К. с. было заменено планиметрич. определениямі этіх крівых как URI[[http://libmeta.ru/me/relation/1053_11_KONIChESKIE]]/URI точек на плоскости. Так, напр., URI[[http://libmeta.ru/me/relation/1053_10_KONIChESKIE]]/URI определяется как URI[[http://libmeta.ru/me/relation/1053_9_KONIChESKIE]]/URI точек, для к-рых сумма URI[[http://libmeta.ru/me/relation/1053_8_KONIChESKIE]]/URI от двух данных точек (фокусов) пмеет данное значение. Можно дать другое планиметрігч. определение К. с., охватывающее все три типа этих URI[[http://libmeta.ru/me/relation/1053_7_KONIChESKIE]]/URI: К. с.- URI[[http://libmeta.ru/me/relation/1053_6_KONIChESKIE]]/URI точек, для каждой из к-рых отношение ее URI[[http://libmeta.ru/me/relation/1053_5_KONIChESKIE]]/URI до данной точки (фокуса) к URI[[http://libmeta.ru/me/relation/1053_4_KONIChESKIE]]/URI до данной прямой (URI[[http://libmeta.ru/me/relation/1053_3_KONIChESKIE]]/URI) равно данному положительному числу (URI[[http://libmeta.ru/me/relation/1053_2_KONIChESKIE]]/URI) $URI[[http://libmeta.ru/me/formula/aux/1053_16_KONIChESKIE]]/URI$. Еслін пріг этом $URI[[http://libmeta.ru/me/formula/aux/1053_17_KONIChESKIE]]/URI$, то К. с.әллипс; если $URI[[http://libmeta.ru/me/formula/aux/1053_18_KONIChESKIE]]/URI$, то - гыпербола; есліг $URI[[http://libmeta.ru/me/formula/aux/1053_19_KONIChESKIE]]/URI$, то - URI[[http://libmeta.ru/me/relation/1053_1_KONIChESKIE]]/URI.</text>
  <text_orig>линии, к-рые получаются сеченіем прямого кругового конуса плоскостямі, не проходяццмі через его вершину. К. с. могут быть трех типов: 1) секущая плоскость пересекает все образующіе конуса в точках одноӥ его полостіI (рпс., $a$ ): линия пересеченія есть замкнутая овальная крігвая - эллипс; окружность как частныї случаї әллипса получается, когда секущая
![](https://cdn.mathpix.com/cropped/2023_07_08_4e2bf50b53dbc77e10e1g-1.jpg?height=344&amp;width=472&amp;top_left_y=636&amp;top_left_x=1350)
плоскость перпендикулярна осіг конуса. 2) Секущая плоскость параллельна одної из касательных плоскостеїі конуса (рıсс., б); в сеченіIі получается незамкнутая, уходящая в бесконечность кривая - парабола, целиком лежащая на одноӥі плоскості. 3) Секущая плоскость пересекает обе полості конуса (ріс., в); линія пересечения - әипербола - состопт пз двух одинаковых незамкнутых, простираюицхся в бесконечность частей (ветвей гиперболы), лежащих на обешх полостях конуса.

C точкі зренія аналіттіч. геометриі li. c. - деӥствітельные нераспадающиеся линии второго порядка.

В тех случаях, когда $К$. с. имеет центр симметриі (ц е н т р), т. е. является эллипсом пліг гиперболої, его уравненіе может быть пріведено (путем перенесения начала коордінат в центр) к вıду:

\[
a_{11} x^{2}+2 a_{12} x y+a_{22} y^{2}=a_{33} .
\]

Дальнеӥшие шсследования такшх (наз. ц е н т р а л ьн ы м II) I.. с. показывают, что Iх уравненія могут быть приведены к еще более простому виду:

\[
A x^{2}+B y^{2}=C,
\]

если за направления осеӥ координат выбрать так наз. главные направленія - направленія $\Gamma$ л а в н ы о c e ї (осей спмметрін) иаковые зиаки (совпадающие со зиаком $C$ ), то уравыеніге (*) определяет әллипс; еслиг $A$ й $B$ разного знака, то - гіперболу.

Уравненіг параболы прівесті к вігду (*) нельзя. При надлежацем выборе осеї коордінат (одна ось коордінат - единственная ось сімметріп параболы, другая - перпендикулярная $\kappa$ неї прямая, проходящая через вершину параболы) ее уравнение можно прівести к вігду:

\[
y^{2}=2 p x
\]

If. с. былі пзвестны уже математикам Древнеї Грециі. Напболее полным сочинением, посвященным этим кривым, были «Кіншческіе сечения» Аполлония Пергского (ок. 200 до н. э.). Дальнеӥшше успехи теории К. с. связаны с созданием в 17 в. новых геометрич. методов: проектівного [Ж. Дезарг (G. Désargues), Б. Паскаль (B. Pascal)] іл в особенності коордінатного [P. Декарт (R. Descartes), П. Фepma (P. Fermat)]. ПГри надлежащем выборе системы координат (ось абсцисс - ось симметріиг К. с., ось ординат - касательная в вершине К. с.) уравнение К. с. может быть приведено к виду:

\[
y^{2}=2 p x+\lambda x^{2}
\]

( $p$ и $\lambda$ - постоянные). Еслі $p \neq 0$, то оно определяет параболу при $\lambda=0$, эллипс при $\lambda&lt;0$, гиперболу при $\lambda&gt;0$. Геометрич. свойство К. с., содержащееся в последнем уравнении, было известно уже древнегреч. геометрам и послужило для Аполлония Пергского поводом присвоить отдельным типам К. с. названия, coxранігвшиеся до сих пор: слово «парабола» (греч. parabolế) означает приложение (т. к. в греч. геометрии превращение прямоугольника данной площади $y^{2}$ в равновеликий ему прямоугольник с данным основанием $2 p$ наз. п р и л о ж е н и е м данного прямоугольника к этому основанию); слово «эллипс&quot; (греч. élleipsis) - недостаток (приложенге с недостатком); слово «гіпербола» (греч. hyperbolế) - избыток (приложение с избытком).

С переходом к современным методам псследования стереометрич. определение К. с. было заменено планиметрич. определениямі этіх крівых как множеств точек на плоскости. Так, напр., эллипс определяется как множество точек, для к-рых сумма расстоянийі от двух данных точек (фокусов) пмеет данное значение. Можно дать другое планиметрігч. определение К. с., охватывающее все три типа этих кривых: К. с.- множество точек, для каждой из к-рых отношение ее расстояний до данной точки (фокуса) к расстоянию до данной прямой (директрисы) равно данному положительному числу (эксцентриситету) $e$. Еслін пріг этом $e&lt;1$, то К. с.әллипс; если $e&gt;1$, то - гыпербола; есліг $e=1$, то - парабола.

Лит.: [1] А л е к с а н д p о в П. С., Лекции по аналитической геометрии, М., 1968; [2] В а н д е р В а р д е н Б. Л., Пробуждающанся наука, пер. с голл., М., 1959.</text_orig>
</article>
