<?xml version="1.0" ?>
<article uri="http://libmeta.ru/me/article/1053_REKU" alphabetic_pos="1053">
  <title>РЕКУ РРЕНТНЫЕ СОБЫТИЯ</title>
  <authors/>
  <pages>
    <start>479</start>
    <end>479</end>
  </pages>
  <literature>
    <literature_orig>Лит.: [1] Ф е л л е р В., Введение в теорию вероятностей и се приложения, пер. с англ., 2 изд., т. 1, М., 1967.</literature_orig>
    <unit>
      <author>Феллер В.</author>
      <title>Введение в теорию вероятностей и се приложения</title>
      <publication>пер. с англ., 2 изд., т. 1, М.</publication>
      <year>1967</year>
      <other/>
    </unit>
  </literature>
  <formulas_main>
    <formula uri="http://libmeta.ru/me/formula/main/1053_1_REKU">\left.\bar{x}\right|_{n+1} ^{m} \equiv\left(\bar{x}_{n+1}, \ldots, \bar{x}_{m}\right) \in \varepsilon_{m-n} .</formula>
    <formula uri="http://libmeta.ru/me/formula/main/1053_2_REKU">\left.=\left.\bar{x}\right|_{1} ^{n}\right\} p\left\{x \in X^{[1, \infty)}:\left.x\right|_{n+1} ^{m}=\left.\bar{x}\right|_{n+1} ^{m}\right\} \text {, }</formula>
    <formula uri="http://libmeta.ru/me/formula/main/1053_3_REKU">\left.x\right|_{i} ^{j}=\left(x_{i}, x_{i+1}, \ldots, x_{j}\right), i \leqslant j,(i, j)=1,2, \ldots</formula>
    <formula uri="http://libmeta.ru/me/formula/main/1053_4_REKU">A_{n}=\left\{x \in X^{[1, \infty)}:\left.x\right|_{1} ^{n} \in \varepsilon_{n}\right\}</formula>
  </formulas_main>
  <formulas_aux>
    <formula uri="http://libmeta.ru/me/formula/aux/1053_1_REKU">\mathrm{⿺}</formula>
    <formula uri="http://libmeta.ru/me/formula/aux/1053_2_REKU">о</formula>
    <formula uri="http://libmeta.ru/me/formula/aux/1053_3_REKU">a_{1}, A_{2}, \ldots, A_{n}, \ldots</formula>
    <formula uri="http://libmeta.ru/me/formula/aux/1053_4_REKU">a_{n}</formula>
    <formula uri="http://libmeta.ru/me/formula/aux/1053_5_REKU">n</formula>
    <formula uri="http://libmeta.ru/me/formula/aux/1053_6_REKU">n=1,2, . .</formula>
    <formula uri="http://libmeta.ru/me/formula/aux/1053_7_REKU">a_{n}</formula>
    <formula uri="http://libmeta.ru/me/formula/aux/1053_8_REKU">a_{m}, m&gt;n</formula>
    <formula uri="http://libmeta.ru/me/formula/aux/1053_9_REKU">(n+1)</formula>
    <formula uri="http://libmeta.ru/me/formula/aux/1053_10_REKU">(n+2)</formula>
    <formula uri="http://libmeta.ru/me/formula/aux/1053_11_REKU">m</formula>
    <formula uri="http://libmeta.ru/me/formula/aux/1053_12_REKU">a_{n}</formula>
    <formula uri="http://libmeta.ru/me/formula/aux/1053_13_REKU">a_{m}(m&gt;n)</formula>
    <formula uri="http://libmeta.ru/me/formula/aux/1053_14_REKU">n</formula>
    <formula uri="http://libmeta.ru/me/formula/aux/1053_15_REKU">m-n</formula>
    <formula uri="http://libmeta.ru/me/formula/aux/1053_16_REKU">x</formula>
    <formula uri="http://libmeta.ru/me/formula/aux/1053_17_REKU">x^{[1, n]}-</formula>
    <formula uri="http://libmeta.ru/me/formula/aux/1053_18_REKU">\left(x_{1}, \ldots, x_{n}\right), x_{i} \in X</formula>
    <formula uri="http://libmeta.ru/me/formula/aux/1053_19_REKU">i=1, \ldots, n</formula>
    <formula uri="http://libmeta.ru/me/formula/aux/1053_20_REKU">n</formula>
    <formula uri="http://libmeta.ru/me/formula/aux/1053_21_REKU">n=1,2,3, \ldots</formula>
    <formula uri="http://libmeta.ru/me/formula/aux/1053_22_REKU">x^{[1, \infty]}-</formula>
    <formula uri="http://libmeta.ru/me/formula/aux/1053_23_REKU">\left(x_{1}, \ldots, x_{n} \ldots\right), x_{i} \in X, i=1,2, \ldots, n, \ldots</formula>
    <formula uri="http://libmeta.ru/me/formula/aux/1053_24_REKU">p</formula>
    <formula uri="http://libmeta.ru/me/formula/aux/1053_25_REKU">x^{[1, n]}, n=1,2, \ldots</formula>
    <formula uri="http://libmeta.ru/me/formula/aux/1053_26_REKU">\varepsilon_{n} \subseteq X^{[1, n]}</formula>
    <formula uri="http://libmeta.ru/me/formula/aux/1053_27_REKU">n</formula>
    <formula uri="http://libmeta.ru/me/formula/aux/1053_28_REKU">m, 1 \leqslant n&lt;m&lt;\infty</formula>
    <formula uri="http://libmeta.ru/me/formula/aux/1053_29_REKU">\bar{x}=</formula>
    <formula uri="http://libmeta.ru/me/formula/aux/1053_30_REKU">=\left(\bar{x}_{1}, \ldots, \bar{x}_{m}\right) \in X^{[1, m]}</formula>
    <formula uri="http://libmeta.ru/me/formula/aux/1053_31_REKU">\bar{x}_{1}^{n} \equiv\left(\bar{x}_{1}, \ldots, \bar{x}_{n}\right) \in \varepsilon_{n}</formula>
    <formula uri="http://libmeta.ru/me/formula/aux/1053_32_REKU">\varepsilon_{m}</formula>
    <formula uri="http://libmeta.ru/me/formula/aux/1053_33_REKU">\overline{x \in \varepsilon_{m}}</formula>
    <formula uri="http://libmeta.ru/me/formula/aux/1053_34_REKU">p\left\{x \in X^{[1, \infty)}:\left.x\right|_{1} ^{m}=\bar{x}\right\}=p\left\{x \in X^{[1, \infty)}:\left.x\right|_{1} ^{n}=\right.</formula>
    <formula uri="http://libmeta.ru/me/formula/aux/1053_35_REKU">x=\left(x_{1}, \ldots, x_{n}, \ldots\right) \in X^{[1, \infty]}</formula>
    <formula uri="http://libmeta.ru/me/formula/aux/1053_36_REKU">\left.x\right|_{i} ^{j}</formula>
    <formula uri="http://libmeta.ru/me/formula/aux/1053_37_REKU">n</formula>
    <formula uri="http://libmeta.ru/me/formula/aux/1053_38_REKU">n</formula>
    <formula uri="http://libmeta.ru/me/formula/aux/1053_39_REKU">n</formula>
    <formula uri="http://libmeta.ru/me/formula/aux/1053_40_REKU">z^{1}</formula>
    <formula uri="http://libmeta.ru/me/formula/aux/1053_41_REKU">p</formula>
    <formula uri="http://libmeta.ru/me/formula/aux/1053_42_REKU">q, p+q=1</formula>
    <formula uri="http://libmeta.ru/me/formula/aux/1053_43_REKU">n</formula>
    <formula uri="http://libmeta.ru/me/formula/aux/1053_44_REKU">n=2,4,</formula>
  </formulas_aux>
  <relations n="0"/>
  <text>В П о л $URI[[http://libmeta.ru/me/formula/aux/1053_1_REKU]]/URI$ म $URI[[http://libmeta.ru/me/formula/aux/1053_2_REKU]]/URI$ в ат е льности пов торны с л у ч а йны ми ис х о д а и и ряд событий $URI[[http://libmeta.ru/me/formula/aux/1053_3_REKU]]/URI$ таких, что наступление события $URI[[http://libmeta.ru/me/formula/aux/1053_4_REKU]]/URI$ определяется исходами первых $URI[[http://libmeta.ru/me/formula/aux/1053_5_REKU]]/URI$ испытаний, $URI[[http://libmeta.ru/me/formula/aux/1053_6_REKU]]/URI$, а при условии, что наступило событие $URI[[http://libmeta.ru/me/formula/aux/1053_7_REKU]]/URI$, наступление события $URI[[http://libmeta.ru/me/formula/aux/1053_8_REKU]]/URI$, определяется исходами $URI[[http://libmeta.ru/me/formula/aux/1053_9_REKU]]/URI$-го, $URI[[http://libmeta.ru/me/formula/aux/1053_10_REKU]]/URI$-го и т. д. до $URI[[http://libmeta.ru/me/formula/aux/1053_11_REKU]]/URI$-го испытаний, причем при условии одновременного наступления событий $URI[[http://libmeta.ru/me/formula/aux/1053_12_REKU]]/URI$ и $URI[[http://libmeta.ru/me/formula/aux/1053_13_REKU]]/URI$ исходы первых $URI[[http://libmeta.ru/me/formula/aux/1053_14_REKU]]/URI$ и последующих $URI[[http://libmeta.ru/me/formula/aux/1053_15_REKU]]/URI$ испытаний условно независимы.

Более точно, пусть $URI[[http://libmeta.ru/me/formula/aux/1053_16_REKU]]/URI$ - совокупность (конечная или счетная) всех исходов отдельного испытания, $URI[[http://libmeta.ru/me/formula/aux/1053_17_REKU]]/URI$ пространство последовательностеї $URI[[http://libmeta.ru/me/formula/aux/1053_18_REKU]]/URI$, $URI[[http://libmeta.ru/me/formula/aux/1053_19_REKU]]/URI$, исходов при $URI[[http://libmeta.ru/me/formula/aux/1053_20_REKU]]/URI$ испытаниях, $URI[[http://libmeta.ru/me/formula/aux/1053_21_REKU]]/URI$, и $URI[[http://libmeta.ru/me/formula/aux/1053_22_REKU]]/URI$ пространство бесконечных последовательностей $URI[[http://libmeta.ru/me/formula/aux/1053_23_REKU]]/URI$, исходов, в к-ром задано нек-рое распределение вероятностеї $URI[[http://libmeta.ru/me/formula/aux/1053_24_REKU]]/URI$. Пусть в каждом пространстве $URI[[http://libmeta.ru/me/formula/aux/1053_25_REKU]]/URI$, выделено нек-рое подмножество $URI[[http://libmeta.ru/me/formula/aux/1053_26_REKU]]/URI$ так, что для любых $URI[[http://libmeta.ru/me/formula/aux/1053_27_REKU]]/URI$ и $URI[[http://libmeta.ru/me/formula/aux/1053_28_REKU]]/URI$, последовательность $URI[[http://libmeta.ru/me/formula/aux/1053_29_REKU]]/URI$ $URI[[http://libmeta.ru/me/formula/aux/1053_30_REKU]]/URI$ такая, что $URI[[http://libmeta.ru/me/formula/aux/1053_31_REKU]]/URI$, принадлежит $URI[[http://libmeta.ru/me/formula/aux/1053_32_REKU]]/URI$ в том и только в том случае, когда последовательность

\[
URI[[http://libmeta.ru/me/formula/main/1053_1_REKU]]/URI
\]

Если последнее условие выполнено и $URI[[http://libmeta.ru/me/formula/aux/1053_33_REKU]]/URI$, то $URI[[http://libmeta.ru/me/formula/aux/1053_34_REKU]]/URI$

\[
URI[[http://libmeta.ru/me/formula/main/1053_2_REKU]]/URI
\]

где для последовательности $URI[[http://libmeta.ru/me/formula/aux/1053_35_REKU]]/URI$ через $URI[[http://libmeta.ru/me/formula/aux/1053_36_REKU]]/URI$ обозначена последовательность

\[
URI[[http://libmeta.ru/me/formula/main/1053_3_REKU]]/URI
\]

Событие

\[
URI[[http://libmeta.ru/me/formula/main/1053_4_REKU]]/URI
\]

наз. ре к у р р е т ным с о быт и е м, наступившим после $URI[[http://libmeta.ru/me/formula/aux/1053_37_REKU]]/URI$ испытаний.

П р и м е р ы. 1) В последовательности независимых бросаний монеты - события, состоящие, соответственно, в том, что ıри $URI[[http://libmeta.ru/me/formula/aux/1053_38_REKU]]/URI$ испытаниях герб и решка выпадут одинаковое число раз (такое событие возможно только при четных $URI[[http://libmeta.ru/me/formula/aux/1053_39_REKU]]/URI$ ).

2) При случайном блуждании точки 110 одномерной решетке $URI[[http://libmeta.ru/me/formula/aux/1053_40_REKU]]/URI$, начинающемся в нуле (с независимыми при разных шагах переходами в соседние тотки с вероятностями $URI[[http://libmeta.ru/me/formula/aux/1053_41_REKU]]/URI$ и $URI[[http://libmeta.ru/me/formula/aux/1053_42_REKU]]/URI$ ), события, состоящие, соответственно, в том, что блуждающая точка окажется в нуле после $URI[[http://libmeta.ru/me/formula/aux/1053_43_REKU]]/URI$-го шага, $URI[[http://libmeta.ru/me/formula/aux/1053_44_REKU]]/URI$. . , являются рекуррентными.</text>
  <text_orig>В П о л $\mathrm{⿺}$ म $о$ в ат е льности пов торны с л у ч а йны ми ис х о д а и и ряд событий $A_{1}, A_{2}, \ldots, A_{n}, \ldots$ таких, что наступление события $A_{n}$ определяется исходами первых $n$ испытаний, $n=1,2, . .$, а при условии, что наступило событие $A_{n}$, наступление события $A_{m}, m&gt;n$, определяется исходами $(n+1)$-го, $(n+2)$-го и т. д. до $m$-го испытаний, причем при условии одновременного наступления событий $A_{n}$ и $A_{m}(m&gt;n)$ исходы первых $n$ и последующих $m-n$ испытаний условно независимы.

Более точно, пусть $X$ - совокупность (конечная или счетная) всех исходов отдельного испытания, $X^{[1, n]}-$ пространство последовательностеї $\left(x_{1}, \ldots, x_{n}\right), x_{i} \in X$, $i=1, \ldots, n$, исходов при $n$ испытаниях, $n=1,2,3, \ldots$, и $X^{[1, \infty]}-$ пространство бесконечных последовательностей $\left(x_{1}, \ldots, x_{n} \ldots\right), x_{i} \in X, i=1,2, \ldots, n, \ldots$, исходов, в к-ром задано нек-рое распределение вероятностеї $p$. Пусть в каждом пространстве $X^{[1, n]}, n=1,2, \ldots$, выделено нек-рое подмножество $\varepsilon_{n} \subseteq X^{[1, n]}$ так, что для любых $n$ и $m, 1 \leqslant n&lt;m&lt;\infty$, последовательность $\bar{x}=$ $=\left(\bar{x}_{1}, \ldots, \bar{x}_{m}\right) \in X^{[1, m]}$ такая, что $\bar{x}_{1}^{n} \equiv\left(\bar{x}_{1}, \ldots, \bar{x}_{n}\right) \in \varepsilon_{n}$, принадлежит $\varepsilon_{m}$ в том и только в том случае, когда последовательность

\[
\left.\bar{x}\right|_{n+1} ^{m} \equiv\left(\bar{x}_{n+1}, \ldots, \bar{x}_{m}\right) \in \varepsilon_{m-n} .
\]

Если последнее условие выполнено и $\overline{x \in \varepsilon_{m}}$, то $p\left\{x \in X^{[1, \infty)}:\left.x\right|_{1} ^{m}=\bar{x}\right\}=p\left\{x \in X^{[1, \infty)}:\left.x\right|_{1} ^{n}=\right.$

\[
\left.=\left.\bar{x}\right|_{1} ^{n}\right\} p\left\{x \in X^{[1, \infty)}:\left.x\right|_{n+1} ^{m}=\left.\bar{x}\right|_{n+1} ^{m}\right\} \text {, }
\]

где для последовательности $x=\left(x_{1}, \ldots, x_{n}, \ldots\right) \in X^{[1, \infty]}$ через $\left.x\right|_{i} ^{j}$ обозначена последовательность

\[
\left.x\right|_{i} ^{j}=\left(x_{i}, x_{i+1}, \ldots, x_{j}\right), i \leqslant j,(i, j)=1,2, \ldots
\]

Событие

\[
A_{n}=\left\{x \in X^{[1, \infty)}:\left.x\right|_{1} ^{n} \in \varepsilon_{n}\right\}
\]

наз. ре к у р р е т ным с о быт и е м, наступившим после $n$ испытаний.

П р и м е р ы. 1) В последовательности независимых бросаний монеты - события, состоящие, соответственно, в том, что ıри $n$ испытаниях герб и решка выпадут одинаковое число раз (такое событие возможно только при четных $n$ ).

2) При случайном блуждании точки 110 одномерной решетке $Z^{1}$, начинающемся в нуле (с независимыми при разных шагах переходами в соседние тотки с вероятностями $p$ и $q, p+q=1$ ), события, состоящие, соответственно, в том, что блуждающая точка окажется в нуле после $n$-го шага, $n=2,4,$. . , являются рекуррентными.

Лит.: [1] Ф е л л е р В., Введение в теорию вероятностей и се приложения, пер. с англ., 2 изд., т. 1, М., 1967.</text_orig>
</article>
