<?xml version="1.0" ?>
<article uri="http://libmeta.ru/me/article/1054_GIPERBOLIChESKIE" alphabetic_pos="1054">
  <title>ГИПЕРБОЛИЧЕСКИЕ ФУНКЦИИ</title>
  <authors/>
  <pages>
    <start>497</start>
    <end>497</end>
  </pages>
  <literature>
    <literature_orig>Jum.: [1] Я н к е Е., Э м д е Ф., Л е ш Ф., Специальные функции. Формулы, графики, таблицы, 2 изд., пер. с нем.,М., 1968; [2] Таблицы круговых и гиперболических синусов и косинусов в радианной мере угла, М., 1958; [3] Таблицы $e^{x}$ и $e^{-x}$, М., 1955.</literature_orig>
    <unit>
      <author>Янке Е.</author>
      <author>Эмде Ф.</author>
      <author>Леш Ф.</author>
      <title>Специальные функции. Формулы, графики, таблицы</title>
      <publication>2 изд., пер. с нем., М.</publication>
      <year>1968</year>
      <other/>
    </unit>
    <unit>
      <title>Таблицы круговых и гиперболических синусов и косинусов в радианной мере угла</title>
      <publication>М.</publication>
      <year>1958</year>
      <other/>
    </unit>
    <unit>
      <title>Таблицы $e^{x}$ и $e^{-x}$</title>
      <publication>М.</publication>
      <year>1955</year>
      <other/>
    </unit>
  </literature>
  <formulas_main>
    <formula uri="http://libmeta.ru/me/formula/main/1054_1_GIPERBOLIChESKIE">\operatorname{th} x=\frac{\operatorname{sh} x}{\operatorname{ch} x} .</formula>
    <formula uri="http://libmeta.ru/me/formula/main/1054_2_GIPERBOLIChESKIE">\begin{aligned}&amp; \operatorname{sh} z=z+\frac{z^{3}}{3 !}+\frac{z^{5}}{5 !}+\ldots, \\&amp; \operatorname{ch} x=1+\frac{z^{2}}{2 !}+\frac{z^{4}}{4 !}+\ldots\end{aligned}</formula>
    <formula uri="http://libmeta.ru/me/formula/main/1054_3_GIPERBOLIChESKIE">\operatorname{ch} z=\cos (i z), i \operatorname{sh} z=\sin (i z) .</formula>
  </formulas_main>
  <formulas_aux>
    <formula uri="http://libmeta.ru/me/formula/aux/1054_1_GIPERBOLIChESKIE">\operatorname{sh} x=\frac{e^{x}-e^{-x}}{2}-</formula>
    <formula uri="http://libmeta.ru/me/formula/aux/1054_2_GIPERBOLIChESKIE">\operatorname{ch} x=\frac{e^{x}+e^{-x}}{2}-</formula>
    <formula uri="http://libmeta.ru/me/formula/aux/1054_3_GIPERBOLIChESKIE">\sinh x, \operatorname{Sh} x, \cosh x</formula>
    <formula uri="http://libmeta.ru/me/formula/aux/1054_4_GIPERBOLIChESKIE">x, \operatorname{tgh} x</formula>
    <formula uri="http://libmeta.ru/me/formula/aux/1054_5_GIPERBOLIChESKIE">\tanh x</formula>
    <formula uri="http://libmeta.ru/me/formula/aux/1054_6_GIPERBOLIChESKIE">x</formula>
    <formula uri="http://libmeta.ru/me/formula/aux/1054_7_GIPERBOLIChESKIE">e^{x}</formula>
    <formula uri="http://libmeta.ru/me/formula/aux/1054_8_GIPERBOLIChESKIE">e^{-x}</formula>
  </formulas_aux>
  <relations n="6">
    <relation uri="http://libmeta.ru/me/relation/1054_1_GIPERBOLIChESKIE">
      <rel_text>получить</rel_text>
      <target>http://libmeta.ru/me/article/473_POLUNORM</target>
    </relation>
    <relation uri="http://libmeta.ru/me/relation/1054_2_GIPERBOLIChESKIE">
      <rel_text>переменного</rel_text>
      <target>http://libmeta.ru/me/article/222_PEREGÓROD</target>
    </relation>
    <relation uri="http://libmeta.ru/me/relation/1054_3_GIPERBOLIChESKIE">
      <rel_text>плоскости комплексного</rel_text>
      <target>http://libmeta.ru/me/article/991_RASShIRENNAJa</target>
    </relation>
    <relation uri="http://libmeta.ru/me/relation/1054_4_GIPERBOLIChESKIE">
      <rel_text>Графики</rel_text>
      <target>http://libmeta.ru/me/article/1184_GRAFI</target>
    </relation>
    <relation uri="http://libmeta.ru/me/relation/1054_5_GIPERBOLIChESKIE">
      <rel_text>формулами</rel_text>
      <target>http://libmeta.ru/me/article/731_FORMALIZ</target>
    </relation>
    <relation uri="http://libmeta.ru/me/relation/1054_6_GIPERBOLIChESKIE">
      <rel_text>функции</rel_text>
      <target>http://libmeta.ru/me/article/790_FUNKTO</target>
    </relation>
  </relations>
  <text>URI[[http://libmeta.ru/me/relation/1054_6_GIPERBOLIChESKIE]]/URI, определяемые URI[[http://libmeta.ru/me/relation/1054_5_GIPERBOLIChESKIE]]/URI:

$URI[[http://libmeta.ru/me/formula/aux/1054_1_GIPERBOLIChESKIE]]/URI$ г пи п е р б о ли и е с к и й с пи у с, $URI[[http://libmeta.ru/me/formula/aux/1054_2_GIPERBOLIChESKIE]]/URI$ г пп е р боли иче с ки й кос инус.

Иногда рассматривается также г и п е р б о ли ч ес к и й т а нген с:

\[
URI[[http://libmeta.ru/me/formula/main/1054_1_GIPERBOLIChESKIE]]/URI
\]

Другие обозначения: $URI[[http://libmeta.ru/me/formula/aux/1054_3_GIPERBOLIChESKIE]]/URI$, Ch $URI[[http://libmeta.ru/me/formula/aux/1054_4_GIPERBOLIChESKIE]]/URI$, $URI[[http://libmeta.ru/me/formula/aux/1054_5_GIPERBOLIChESKIE]]/URI$, Th $URI[[http://libmeta.ru/me/formula/aux/1054_6_GIPERBOLIChESKIE]]/URI$. URI[[http://libmeta.ru/me/relation/1054_4_GIPERBOLIChESKIE]]/URI см. на рис. 1 .

Основные соотношения:

![](https://cdn.mathpix.com/cropped/2023_07_08_594c6c569f7d5adebca4g-1.jpg?height=583&amp;width=382&amp;top_left_y=669&amp;top_left_x=114)

Рис. 1.

![](https://cdn.mathpix.com/cropped/2023_07_08_594c6c569f7d5adebca4g-1.jpg?height=629&amp;width=472&amp;top_left_y=658&amp;top_left_x=474)

Рис. 2. Во всей URI[[http://libmeta.ru/me/relation/1054_3_GIPERBOLIChESKIE]]/URI URI[[http://libmeta.ru/me/relation/1054_2_GIPERBOLIChESKIE]]/URI z Г. ф. sh z и ch z могут быть определены рядами:

\[
URI[[http://libmeta.ru/me/formula/main/1054_2_GIPERBOLIChESKIE]]/URI
\]

таким образом,

\[
URI[[http://libmeta.ru/me/formula/main/1054_3_GIPERBOLIChESKIE]]/URI
\]

Имеются обширные таблицы для Г. ф. Значения Г. ф. можно URI[[http://libmeta.ru/me/relation/1054_1_GIPERBOLIChESKIE]]/URI также из таблиц для $URI[[http://libmeta.ru/me/formula/aux/1054_7_GIPERBOLIChESKIE]]/URI$ и $URI[[http://libmeta.ru/me/formula/aux/1054_8_GIPERBOLIChESKIE]]/URI$.</text>
  <text_orig>функциИ, определяемые формулами:

$\operatorname{sh} x=\frac{e^{x}-e^{-x}}{2}-$ г пи п е р б о ли и е с к и й с пи у с, $\operatorname{ch} x=\frac{e^{x}+e^{-x}}{2}-$ г пп е р боли иче с ки й кос инус.

Иногда рассматривается также г и п е р б о ли ч ес к и й т а нген с:

\[
\operatorname{th} x=\frac{\operatorname{sh} x}{\operatorname{ch} x} .
\]

Другие обозначения: $\sinh x, \operatorname{Sh} x, \cosh x$, Ch $x, \operatorname{tgh} x$, $\tanh x$, Th $x$. Графики см. на рис. 1 .

Основные соотношения:

![](https://cdn.mathpix.com/cropped/2023_07_08_594c6c569f7d5adebca4g-1.jpg?height=583&amp;width=382&amp;top_left_y=669&amp;top_left_x=114)

Рис. 1.

![](https://cdn.mathpix.com/cropped/2023_07_08_594c6c569f7d5adebca4g-1.jpg?height=629&amp;width=472&amp;top_left_y=658&amp;top_left_x=474)

Рис. 2. Во всей плоскости комплексного переменного z Г. ф. sh z и ch z могут быть определены рядами:

\[
\begin{aligned}
&amp; \operatorname{sh} z=z+\frac{z^{3}}{3 !}+\frac{z^{5}}{5 !}+\ldots, \\
&amp; \operatorname{ch} x=1+\frac{z^{2}}{2 !}+\frac{z^{4}}{4 !}+\ldots
\end{aligned}
\]

таким образом,

\[
\operatorname{ch} z=\cos (i z), i \operatorname{sh} z=\sin (i z) .
\]

Имеются обширные таблицы для Г. ф. Значения Г. ф. можно получить также из таблиц для $e^{x}$ и $e^{-x}$.

Jum.: [1] Я н к е Е., Э м д е Ф., Л е ш Ф., Специальные функции. Формулы, графики, таблицы, 2 изд., пер. с нем.,
М., 1968; [2] Таблицы круговых и гиперболических синусов и косинусов в радианной мере угла, М., 1958; [3] Таблицы $e^{x}$ и $e^{-x}$, М., 1955.</text_orig>
</article>
