<?xml version="1.0" ?>
<article uri="http://libmeta.ru/me/article/1054_NORMAL'NOE" alphabetic_pos="1054">
  <title>НОРМАЛЬНОЕ АНАЛИТИЧЕСКОЕ IРОСТРАНСТВО</title>
  <authors/>
  <pages>
    <start>533</start>
    <end>533</end>
  </pages>
  <literature>
    <literature_orig/>
  </literature>
  <formulas_main>
    <formula uri="http://libmeta.ru/me/formula/main/1054_1_NORMAL'NOE">\operatorname{dim}_{x} S(X) \leqslant \operatorname{dim}_{x} X-2</formula>
    <formula uri="http://libmeta.ru/me/formula/main/1054_2_NORMAL'NOE">\tilde{X} \backslash v^{-1}(N(X)) \rightleftarrows X \backslash N(X) .</formula>
    <formula uri="http://libmeta.ru/me/formula/main/1054_3_NORMAL'NOE">\Gamma\left(U, \sigma_{X}\right) \rightarrow \Gamma\left(U \backslash S(X), \sigma_{X}\right)</formula>
  </formulas_main>
  <formulas_aux>
    <formula uri="http://libmeta.ru/me/formula/aux/1054_1_NORMAL'NOE">x</formula>
    <formula uri="http://libmeta.ru/me/formula/aux/1054_2_NORMAL'NOE">x</formula>
    <formula uri="http://libmeta.ru/me/formula/aux/1054_3_NORMAL'NOE">x</formula>
    <formula uri="http://libmeta.ru/me/formula/aux/1054_4_NORMAL'NOE">x</formula>
    <formula uri="http://libmeta.ru/me/formula/aux/1054_5_NORMAL'NOE">\widehat{o}_{x, x}</formula>
    <formula uri="http://libmeta.ru/me/formula/aux/1054_6_NORMAL'NOE">k</formula>
    <formula uri="http://libmeta.ru/me/formula/aux/1054_7_NORMAL'NOE">n(x)-</formula>
    <formula uri="http://libmeta.ru/me/formula/aux/1054_8_NORMAL'NOE">x</formula>
    <formula uri="http://libmeta.ru/me/formula/aux/1054_9_NORMAL'NOE">s(x)-</formula>
    <formula uri="http://libmeta.ru/me/formula/aux/1054_10_NORMAL'NOE">x</formula>
    <formula uri="http://libmeta.ru/me/formula/aux/1054_11_NORMAL'NOE">n(\boldsymbol{x})</formula>
    <formula uri="http://libmeta.ru/me/formula/aux/1054_12_NORMAL'NOE">s(x)</formula>
    <formula uri="http://libmeta.ru/me/formula/aux/1054_13_NORMAL'NOE">x</formula>
    <formula uri="http://libmeta.ru/me/formula/aux/1054_14_NORMAL'NOE">n(x) \subset S(X)</formula>
    <formula uri="http://libmeta.ru/me/formula/aux/1054_15_NORMAL'NOE">x \in X \backslash N(X)</formula>
    <formula uri="http://libmeta.ru/me/formula/aux/1054_16_NORMAL'NOE">x</formula>
    <formula uri="http://libmeta.ru/me/formula/aux/1054_17_NORMAL'NOE">x</formula>
    <formula uri="http://libmeta.ru/me/formula/aux/1054_18_NORMAL'NOE">x</formula>
    <formula uri="http://libmeta.ru/me/formula/aux/1054_19_NORMAL'NOE">x</formula>
    <formula uri="http://libmeta.ru/me/formula/aux/1054_20_NORMAL'NOE">(\tilde{x}, v)</formula>
    <formula uri="http://libmeta.ru/me/formula/aux/1054_21_NORMAL'NOE">\tilde{x}-</formula>
    <formula uri="http://libmeta.ru/me/formula/aux/1054_22_NORMAL'NOE">v: \tilde{X} \rightarrow X-</formula>
    <formula uri="http://libmeta.ru/me/formula/aux/1054_23_NORMAL'NOE">\tilde{x}</formula>
    <formula uri="http://libmeta.ru/me/formula/aux/1054_24_NORMAL'NOE">\tilde{x}_{1}</formula>
    <formula uri="http://libmeta.ru/me/formula/aux/1054_25_NORMAL'NOE">\left(\tilde{x}_{1}, v_{1}\right)</formula>
    <formula uri="http://libmeta.ru/me/formula/aux/1054_26_NORMAL'NOE">\left(\tilde{x}_{2}, v_{2}\right)</formula>
    <formula uri="http://libmeta.ru/me/formula/aux/1054_27_NORMAL'NOE">\varphi: \tilde{X}_{1} \rightarrow \tilde{X}_{2}</formula>
    <formula uri="http://libmeta.ru/me/formula/aux/1054_28_NORMAL'NOE">x \in X</formula>
    <formula uri="http://libmeta.ru/me/formula/aux/1054_29_NORMAL'NOE">x</formula>
    <formula uri="http://libmeta.ru/me/formula/aux/1054_30_NORMAL'NOE">x</formula>
    <formula uri="http://libmeta.ru/me/formula/aux/1054_31_NORMAL'NOE">v^{-1}(x)</formula>
    <formula uri="http://libmeta.ru/me/formula/aux/1054_32_NORMAL'NOE">v_{*}\left(\sigma_{\tilde{x}}\right)</formula>
    <formula uri="http://libmeta.ru/me/formula/aux/1054_33_NORMAL'NOE">\widehat{g}_{\tilde{x}}</formula>
    <formula uri="http://libmeta.ru/me/formula/aux/1054_34_NORMAL'NOE">x \in X</formula>
    <formula uri="http://libmeta.ru/me/formula/aux/1054_35_NORMAL'NOE">\mathcal{g}_{x, x}</formula>
    <formula uri="http://libmeta.ru/me/formula/aux/1054_36_NORMAL'NOE">\mathbb{c}</formula>
    <formula uri="http://libmeta.ru/me/formula/aux/1054_37_NORMAL'NOE">u \subset X-</formula>
    <formula uri="http://libmeta.ru/me/formula/aux/1054_38_NORMAL'NOE">a \subset U</formula>
    <formula uri="http://libmeta.ru/me/formula/aux/1054_39_NORMAL'NOE">u</formula>
    <formula uri="http://libmeta.ru/me/formula/aux/1054_40_NORMAL'NOE">u \backslash A</formula>
    <formula uri="http://libmeta.ru/me/formula/aux/1054_41_NORMAL'NOE">u</formula>
    <formula uri="http://libmeta.ru/me/formula/aux/1054_42_NORMAL'NOE">u</formula>
    <formula uri="http://libmeta.ru/me/formula/aux/1054_43_NORMAL'NOE">\operatorname{codim}_{x} A \geqslant 2</formula>
    <formula uri="http://libmeta.ru/me/formula/aux/1054_44_NORMAL'NOE">x \in A</formula>
    <formula uri="http://libmeta.ru/me/formula/aux/1054_45_NORMAL'NOE">x</formula>
    <formula uri="http://libmeta.ru/me/formula/aux/1054_46_NORMAL'NOE">l^{\top} \subset X</formula>
    <formula uri="http://libmeta.ru/me/formula/aux/1054_47_NORMAL'NOE">\mathscr{h}_{s(x)}^{1} \sigma_{X}=0</formula>
    <formula uri="http://libmeta.ru/me/formula/aux/1054_48_NORMAL'NOE">x</formula>
    <formula uri="http://libmeta.ru/me/formula/aux/1054_49_NORMAL'NOE">\tilde{\hat{o}} x</formula>
    <formula uri="http://libmeta.ru/me/formula/aux/1054_50_NORMAL'NOE">\tilde{\hat{\sigma}} X, x</formula>
    <formula uri="http://libmeta.ru/me/formula/aux/1054_51_NORMAL'NOE">\tilde{\sigma}_{x}=v_{*}\left(\sigma_{\tilde{x}}\right)</formula>
    <formula uri="http://libmeta.ru/me/formula/aux/1054_52_NORMAL'NOE">v: \tilde{X} \rightarrow X-</formula>
    <formula uri="http://libmeta.ru/me/formula/aux/1054_53_NORMAL'NOE">\mathbb{c}^{n}</formula>
    <formula uri="http://libmeta.ru/me/formula/aux/1054_54_NORMAL'NOE">x</formula>
    <formula uri="http://libmeta.ru/me/formula/aux/1054_55_NORMAL'NOE">\tilde{x}</formula>
    <formula uri="http://libmeta.ru/me/formula/aux/1054_56_NORMAL'NOE">1960 / 61</formula>
  </formulas_aux>
  <relations n="6">
    <relation uri="http://libmeta.ru/me/relation/1054_1_NORMAL'NOE">
      <rel_text>Нормальная схема</rel_text>
      <target>http://libmeta.ru/me/article/1047_NORMAL'NAJa</target>
    </relation>
    <relation uri="http://libmeta.ru/me/relation/1054_2_NORMAL'NOE">
      <rel_text>переменных</rel_text>
      <target>http://libmeta.ru/me/article/222_PEREGÓROD</target>
    </relation>
    <relation uri="http://libmeta.ru/me/relation/1054_3_NORMAL'NOE">
      <rel_text>комплексных</rel_text>
      <target>http://libmeta.ru/me/article/1005_KOMPAKTNOST</target>
    </relation>
    <relation uri="http://libmeta.ru/me/relation/1054_4_NORMAL'NOE">
      <rel_text>функций</rel_text>
      <target>http://libmeta.ru/me/article/790_FUNKTO</target>
    </relation>
    <relation uri="http://libmeta.ru/me/relation/1054_5_NORMAL'NOE">
      <rel_text>Коммутативная алгебра</rel_text>
      <target>http://libmeta.ru/me/article/992_KOMMUTATIVNAJa</target>
    </relation>
    <relation uri="http://libmeta.ru/me/relation/1054_6_NORMAL'NOE">
      <rel_text>Комплексные</rel_text>
      <target>http://libmeta.ru/me/article/1005_KOMPAKTNOST</target>
    </relation>
  </relations>
  <text>аналитическое пространство, локальные кольца всех точек к-рого нормальны, т. е. являются целозамкнутыми областями целостности. Точка $URI[[http://libmeta.ru/me/formula/aux/1054_1_NORMAL'NOE]]/URI$ аналитич. Iосостранства $URI[[http://libmeta.ru/me/formula/aux/1054_2_NORMAL'NOE]]/URI$ наз. н о р м а ль н о й (говорят также, что $URI[[http://libmeta.ru/me/formula/aux/1054_3_NORMAL'NOE]]/URI$ н о р м а л ь н о в т о п к е $URI[[http://libmeta.ru/me/formula/aux/1054_4_NORMAL'NOE]]/URI$ ), если локатьное кольцо $URI[[http://libmeta.ru/me/formula/aux/1054_5_NORMAL'NOE]]/URI$ нормально. В окресгности такой точки пространство обладает приведенной и непривопимой локальной моделью. Любая гростая (неособая) точка является нормальной. Простейший пример Н. а. П. - аналитическое многообразие.

В дальнейшем основное (полное недискретно нормироваєное) толе $URI[[http://libmeta.ru/me/formula/aux/1054_6_NORMAL'NOE]]/URI$ предполагается алгебраически замкнутым. В этом слутае получены наиболее полные результаты о Н. а. п. (см. [1]) и построена теория нормализации [2], к-рая естественным образом связывает с прогзвольным приведенным аналитическим пространством некоторое Н. а. П. Пусть $URI[[http://libmeta.ru/me/formula/aux/1054_7_NORMAL'NOE]]/URI$ множество точек аналитич. пространства $URI[[http://libmeta.ru/me/formula/aux/1054_8_NORMAL'NOE]]/URI$, не являющихся нормальными, а $URI[[http://libmeta.ru/me/formula/aux/1054_9_NORMAL'NOE]]/URI$ множество особых точек в $URI[[http://libmeta.ru/me/formula/aux/1054_10_NORMAL'NOE]]/URI$. Тогда:

1) $URI[[http://libmeta.ru/me/formula/aux/1054_11_NORMAL'NOE]]/URI$ и $URI[[http://libmeta.ru/me/formula/aux/1054_12_NORMAL'NOE]]/URI$ - замкнутые аналитич. подмножества в $URI[[http://libmeta.ru/me/formula/aux/1054_13_NORMAL'NOE]]/URI$, причем $URI[[http://libmeta.ru/me/formula/aux/1054_14_NORMAL'NOE]]/URI$;

2) для $URI[[http://libmeta.ru/me/formula/aux/1054_15_NORMAL'NOE]]/URI$ выполняется неравенство

\[
URI[[http://libmeta.ru/me/formula/main/1054_1_NORMAL'NOE]]/URI
\]

(т. е. Н. а. п. гладко в коразмерности 1):

3) если $URI[[http://libmeta.ru/me/formula/aux/1054_16_NORMAL'NOE]]/URI$ является полным пересечением в точке $URI[[http://libmeta.ru/me/formula/aux/1054_17_NORMAL'NOE]]/URI$ и выполнено предыдущее неравенство, то $URI[[http://libmeta.ru/me/formula/aux/1054_18_NORMAL'NOE]]/URI$ нормально в этой точке.

Н о р м а л и з а ц е й приведенного аналитич. пространства $URI[[http://libmeta.ru/me/formula/aux/1054_19_NORMAL'NOE]]/URI$ наз. пара $URI[[http://libmeta.ru/me/formula/aux/1054_20_NORMAL'NOE]]/URI$, где $URI[[http://libmeta.ru/me/formula/aux/1054_21_NORMAL'NOE]]/URI$ H. а. п., а $URI[[http://libmeta.ru/me/formula/aux/1054_22_NORMAL'NOE]]/URI$ конечное сюръективное аналитич. отображение, индуцирующее изоморфизм открытых множеств

\[
URI[[http://libmeta.ru/me/formula/main/1054_2_NORMAL'NOE]]/URI
\]

Нормализация отределена од- $URI[[http://libmeta.ru/me/formula/aux/1054_23_NORMAL'NOE]]/URI$ нозначно с точностью до изо- $URI[[http://libmeta.ru/me/formula/aux/1054_24_NORMAL'NOE]]/URI$ морфизма, т. е. если $URI[[http://libmeta.ru/me/formula/aux/1054_25_NORMAL'NOE]]/URI$
и $URI[[http://libmeta.ru/me/formula/aux/1054_26_NORMAL'NOE]]/URI$ - две нормализации, то существует единственный аналитич. изоморфизм $URI[[http://libmeta.ru/me/formula/aux/1054_27_NORMAL'NOE]]/URI$ такой, что диаграмма

![](https://cdn.mathpix.com/cropped/2023_07_08_c8915fbe76b65acde10eg-1.jpg?height=233&amp;width=358&amp;top_left_y=1630&amp;top_left_x=595)
коммутативна. Нормализация существует и обладает следуюпцми свойствами. Для каждой точки $URI[[http://libmeta.ru/me/formula/aux/1054_28_NORMAL'NOE]]/URI$ множество неприводимых комшонент пространства $URI[[http://libmeta.ru/me/formula/aux/1054_29_NORMAL'NOE]]/URI$ в точке $URI[[http://libmeta.ru/me/formula/aux/1054_30_NORMAL'NOE]]/URI$ находится во взаимно однозначном соответствии с $URI[[http://libmeta.ru/me/formula/aux/1054_31_NORMAL'NOE]]/URI$. Слой прямого образа $URI[[http://libmeta.ru/me/formula/aux/1054_32_NORMAL'NOE]]/URI$ струкгурпого пучка $URI[[http://libmeta.ru/me/formula/aux/1054_33_NORMAL'NOE]]/URI$ в точке $URI[[http://libmeta.ru/me/formula/aux/1054_34_NORMAL'NOE]]/URI$ естественно изоморфен целому замыканию кольца $URI[[http://libmeta.ru/me/formula/aux/1054_35_NORMAL'NOE]]/URI$ в его полном кольце
тастпых.

Повятие Н. а. п. над $URI[[http://libmeta.ru/me/formula/aux/1054_36_NORMAL'NOE]]/URI$ может быть введено в терминах аналитич. продолжения голоморфных функций [3]. Именно, приведенное комплексное пространство нормально тогда и только тогда, когда діля него справедлива п е р в а я т е о р е м а Р и ма на об устранении особенностей: если $URI[[http://libmeta.ru/me/formula/aux/1054_37_NORMAL'NOE]]/URI$ открытое подмножество, а $URI[[http://libmeta.ru/me/formula/aux/1054_38_NORMAL'NOE]]/URI$ - замкнутое аналитич. подмножество, не содержащее неприводимых компонент множества $URI[[http://libmeta.ru/me/formula/aux/1054_39_NORMAL'NOE]]/URI$, то любая функция, голоморфная на $URI[[http://libmeta.ru/me/formula/aux/1054_40_NORMAL'NOE]]/URI$ и локально ограниченная на $URI[[http://libmeta.ru/me/formula/aux/1054_41_NORMAL'NOE]]/URI$, допускает епинственное аналитич. продолжение до голоморфіной функции на $URI[[http://libmeta.ru/me/formula/aux/1054_42_NORMAL'NOE]]/URI$. Для нормальных комшлексных іространств верна также и в т о р а я т е о р е м Р и м а н а об устранении особенностей: если $URI[[http://libmeta.ru/me/formula/aux/1054_43_NORMAL'NOE]]/URI$ в каждой точке $URI[[http://libmeta.ru/me/formula/aux/1054_44_NORMAL'NOE]]/URI$, то упомянутое аналитич. продолжение возможно без требования ограниченности функции. Приведенное комплексное пространство $URI[[http://libmeta.ru/me/formula/aux/1054_45_NORMAL'NOE]]/URI$ нормально тогда и только тогда, когда для любого открытого множества $URI[[http://libmeta.ru/me/formula/aux/1054_46_NORMAL'NOE]]/URI$ отображение ограничения голоморфных функций

\[
URI[[http://libmeta.ru/me/formula/main/1054_3_NORMAL'NOE]]/URI
\]

биективно. Свойство нормальности можно сформулировать также на языке локальных когомологий - оно равносильно равенству $URI[[http://libmeta.ru/me/formula/aux/1054_47_NORMAL'NOE]]/URI$ (см. [б]). Для любого приведенного комплексного пространства $URI[[http://libmeta.ru/me/formula/aux/1054_48_NORMAL'NOE]]/URI$ можно определить пучок колец $URI[[http://libmeta.ru/me/formula/aux/1054_49_NORMAL'NOE]]/URI$ ростков с л а 6 о г оло м о рфны х ф ун к ц и й, т. е. функций, удовлегворяющих условиям первой теоремы Римана. Ока-

![](https://cdn.mathpix.com/cropped/2023_07_08_c8915fbe76b65acde10eg-1.jpg?height=42&amp;width=834&amp;top_left_y=865&amp;top_left_x=987)
равно целому замыканию кольца $URI[[http://libmeta.ru/me/formula/aux/1054_50_NORMAL'NOE]]/URI$ в его полном кольце частных. Иными словами, $URI[[http://libmeta.ru/me/formula/aux/1054_51_NORMAL'NOE]]/URI$, где $URI[[http://libmeta.ru/me/formula/aux/1054_52_NORMAL'NOE]]/URI$ отображевие нормализации.

Нормальное комплексное пространство можно охарактеризовать также следующцм образом: комплексное пространство нормально тогда и только тогда, когда каждая его точка обладает окрестнпстью, допускаюıцй аналитич. наложение на область пространства $URI[[http://libmeta.ru/me/formula/aux/1054_53_NORMAL'NOE]]/URI$ (cm. [3], [8]).

Приведенное комплексное пространство $URI[[http://libmeta.ru/me/formula/aux/1054_54_NORMAL'NOE]]/URI$ является Iiiтейна пространством тогда и только тогда, когда әтим свойством обладает его нормализашия $URI[[http://libmeta.ru/me/formula/aux/1054_55_NORMAL'NOE]]/URI$ (см. [4]). На нормальные комплексные пространства может быть распространено понятие метрики Ходжа (см. Кәлера метрика). На компактные нормальные пространства с такой метрикой переносится теорема Кодаиры о проективном вложении [6].

В алгебраич. геометрии рассматриваются аналоги Н. а. п. - нормальные алгебраич. многообразия (см. URI[[http://libmeta.ru/me/relation/1054_1_NORMAL'NOE]]/URI). Для алгебраич. многообразий над полным недискретным нормированным полем оба понятия совпадаю'г 'см. [7], [1]).

N. Yum.: [1] A b h y a n k a r S. S., Local analytic geometry, 13 année. $URI[[http://libmeta.ru/me/formula/aux/1054_56_NORMAL'NOE]]/URI$, t. 2, P., 1963, exp. 18-21; [3] G r a u e r t H., R e m m e r t R., &quot;math. Ann.&quot;, 1958, Bd 136, S. 245-318: [4] N a r a s i m h&quot; a n R., &quot;ann. Scuola Norm. Sup. Pisa&quot;, 1962, v. 16, p. 327-33; [5] S i n Y. T., T r a u t m a n n G., Gapsheaves and extension of coherent analytic subsheaves, B.- Нdlb.-
N. Y., 1971; [6] Г p a у ә p т Г., в кн.: URI[[http://libmeta.ru/me/relation/1054_6_NORMAL'NOE]]/URI простран-

![](https://cdn.mathpix.com/cropped/2023_07_08_c8915fbe76b65acde10eg-1.jpg?height=53&amp;width=826&amp;top_left_y=1755&amp;top_left_x=986)
С а м ю э л ь П., URI[[http://libmeta.ru/me/relation/1054_5_NORMAL'NOE]]/URI, пер. с англ., т. 2, ских URI[[http://libmeta.ru/me/relation/1054_4_NORMAL'NOE]]/URI многих URI[[http://libmeta.ru/me/relation/1054_3_NORMAL'NOE]]/URI URI[[http://libmeta.ru/me/relation/1054_2_NORMAL'NOE]]/URI, М., ч. 1, 1962.</text>
  <text_orig>аналитическое пространство, локальные кольца всех точек к-рого нормальны, т. е. являются целозамкнутыми областями целостности. Точка $x$ аналитич. Iосостранства $X$ наз. н о р м а ль н о й (говорят также, что $X$ н о р м а л ь н о в т о п к е $x$ ), если локатьное кольцо $\widehat{O}_{X, x}$ нормально. В окресгности такой точки пространство обладает приведенной и непривопимой локальной моделью. Любая гростая (неособая) точка является нормальной. Простейший пример Н. а. П. - аналитическое многообразие.

В дальнейшем основное (полное недискретно нормироваєное) толе $k$ предполагается алгебраически замкнутым. В этом слутае получены наиболее полные результаты о Н. а. п. (см. [1]) и построена теория нормализации [2], к-рая естественным образом связывает с прогзвольным приведенным аналитическим пространством некоторое Н. а. П. Пусть $N(X)-$ множество точек аналитич. пространства $X$, не являющихся нормальными, а $S(X)-$ множество особых точек в $X$. Тогда:

1) $N(\boldsymbol{X})$ и $S(X)$ - замкнутые аналитич. подмножества в $X$, причем $N(X) \subset S(X)$;

2) для $x \in X \backslash N(X)$ выполняется неравенство

\[
\operatorname{dim}_{x} S(X) \leqslant \operatorname{dim}_{x} X-2
\]

(т. е. Н. а. п. гладко в коразмерности 1):

3) если $X$ является полным пересечением в точке $x$ и выполнено предыдущее неравенство, то $X$ нормально в этой точке.

Н о р м а л и з а ц е й приведенного аналитич. пространства $X$ наз. пара $(\tilde{X}, v)$, где $\tilde{X}-$ H. а. п., а $v: \tilde{X} \rightarrow X-$ конечное сюръективное аналитич. отображение, индуцирующее изоморфизм открытых множеств

\[
\tilde{X} \backslash v^{-1}(N(X)) \rightleftarrows X \backslash N(X) .
\]

Нормализация отределена од- $\tilde{x}$ нозначно с точностью до изо- $\tilde{X}_{1}$ морфизма, т. е. если $\left(\tilde{X}_{1}, v_{1}\right)$
и $\left(\tilde{X}_{2}, v_{2}\right)$ - две нормализации, то существует единственный аналитич. изоморфизм $\varphi: \tilde{X}_{1} \rightarrow \tilde{X}_{2}$ такой, что диаграмма

![](https://cdn.mathpix.com/cropped/2023_07_08_c8915fbe76b65acde10eg-1.jpg?height=233&amp;width=358&amp;top_left_y=1630&amp;top_left_x=595)
коммутативна. Нормализация существует и обладает следуюпцми свойствами. Для каждой точки $x \in X$ множество неприводимых комшонент пространства $X$ в точке $x$ находится во взаимно однозначном соответствии с $v^{-1}(x)$. Слой прямого образа $v_{*}\left(\sigma_{\tilde{X}}\right)$ струкгурпого пучка $\widehat{G}_{\tilde{X}}$ в точке $x \in X$ естественно изоморфен целому замыканию кольца $\mathcal{G}_{X, x}$ в его полном кольце
тастпых.

Повятие Н. а. п. над $\mathbb{C}$ может быть введено в терминах аналитич. продолжения голоморфных функций [3]. Именно, приведенное комплексное пространство нормально тогда и только тогда, когда діля него справедлива п е р в а я т е о р е м а Р и ма на об устранении особенностей: если $U \subset X-$ открытое подмножество, а $A \subset U$ - замкнутое аналитич. подмножество, не содержащее неприводимых компонент множества $U$, то любая функция, голоморфная на $U \backslash A$ и локально ограниченная на $U$, допускает епинственное аналитич. продолжение до голоморфіной функции на $U$. Для нормальных комшлексных іространств верна также и в т о р а я т е о р е м Р и м а н а об устранении особенностей: если $\operatorname{codim}_{x} A \geqslant 2$ в каждой точке $x \in A$, то упомянутое аналитич. продолжение возможно без требования ограниченности функции. Приведенное комплексное пространство $X$ нормально тогда и только тогда, когда для любого открытого множества $L^{\top} \subset X$ отображение ограничения голоморфных функций

\[
\Gamma\left(U, \sigma_{X}\right) \rightarrow \Gamma\left(U \backslash S(X), \sigma_{X}\right)
\]

биективно. Свойство нормальности можно сформулировать также на языке локальных когомологий - оно равносильно равенству $\mathscr{H}_{S(X)}^{1} \sigma_{X}=0$ (см. [б]). Для любого приведенного комплексного пространства $X$ можно определить пучок колец $\tilde{\hat{O}} x$ ростков с л а 6 о г оло м о рфны х ф ун к ц и й, т. е. функций, удовлегворяющих условиям первой теоремы Римана. Ока-

![](https://cdn.mathpix.com/cropped/2023_07_08_c8915fbe76b65acde10eg-1.jpg?height=42&amp;width=834&amp;top_left_y=865&amp;top_left_x=987)
равно целому замыканию кольца $\tilde{\hat{\sigma}} X, x$ в его полном кольце частных. Иными словами, $\tilde{\sigma}_{x}=v_{*}\left(\sigma_{\tilde{X}}\right)$, где $v: \tilde{X} \rightarrow X-$ отображевие нормализации.

Нормальное комплексное пространство можно охарактеризовать также следующцм образом: комплексное пространство нормально тогда и только тогда, когда каждая его точка обладает окрестнпстью, допускаюıцй аналитич. наложение на область пространства $\mathbb{C}^{n}$ (cM. [3], [8]).

Приведенное комплексное пространство $X$ является IIIтейна пространством тогда и только тогда, когда әтим свойством обладает его нормализашия $\tilde{X}$ (см. [4]). На нормальные комплексные пространства может быть распространено понятие метрики Ходжа (см. Кәлера метрика). На компактные нормальные пространства с такой метрикой переносится теорема Кодаиры о проективном вложении [6].

В алгебраич. геометрии рассматриваются аналоги Н. а. п. - нормальные алгебраич. многообразия (см. Нормальная схема). Для алгебраич. многообразий над полным недискретным нормированным полем оба понятия совпадаю'г 'см. [7], [1]).

N. Yum.: [1] A b h y a n k a r S. S., Local analytic geometry, 13 année. $1960 / 61$, t. 2, P., 1963, exp. 18-21; [3] G r a u e r t H., R e m m e r t R., &quot;Math. Ann.&quot;, 1958, Bd 136, S. 245-318: [4] N a r a s i m h&quot; a n R., &quot;Ann. Scuola Norm. Sup. Pisa&quot;, 1962, v. 16, p. 327-33; [5] S i n Y. T., T r a u t m a n n G., Gapsheaves and extension of coherent analytic subsheaves, B.- Нdlb.-
N. Y., 1971; [6] Г p a у ә p т Г., в кн.: Комплексные простран-

![](https://cdn.mathpix.com/cropped/2023_07_08_c8915fbe76b65acde10eg-1.jpg?height=53&amp;width=826&amp;top_left_y=1755&amp;top_left_x=986)
С а м ю э л ь П., Коммутативная алгебра, пер. с англ., т. 2, ских функций многих комплексных переменных, М., ч. 1, 1962.</text_orig>
</article>
