<?xml version="1.0" ?>
<article uri="http://libmeta.ru/me/article/1056_NORMAL'NOE" alphabetic_pos="1056">
  <title>НОРМАЛЬНОЕ ПРОСТРАНСТВО</title>
  <authors/>
  <pages>
    <start>534</start>
    <end>534</end>
  </pages>
  <literature>
    <literature_orig>Лит.: [1] А л е к с а н д р о в П. С. Введение в теорию множеств и общую топологию, М., $1977 ;[2] 3$ а й ц е в В. И.,«вестн. Моск. ун-та. Матем., механ.&quot;, 1967, № 3, с. 48-57; «вестн. Моск. ун-та. Матем., механ.», 1967, № 3, с. 48-57;[3] Ш е П и н Е. В., “сиб. матем. ж.», 1972, т. 13, №, с. 1182-1196.</literature_orig>
    <unit>
      <title>А л е к с а н д р о в П. С. Введение в теорию множеств и общую топологию</title>
      <publication>М.</publication>
      <year>1977</year>
      <other/>
    </unit>
    <unit>
      <author>3$айцев В. И.</author>
      <title>«вестн. Моск. ун-та. Матем., механ.&quot;</title>
      <publication/>
      <year>1967</year>
      <other>№ 3, с. 48-57; «вестн. Моск. ун-та. Матем., механ.», 1967, № 3, с. 48-57</other>
    </unit>
    <unit>
      <author>Ше Пин Е. В.</author>
      <title>“сиб. матем. ж.»</title>
      <publication/>
      <year>1972</year>
      <other>т. 13, №, с. 1182-1196.</other>
    </unit>
  </literature>
  <formulas_main/>
  <formulas_aux>
    <formula uri="http://libmeta.ru/me/formula/aux/1056_1_NORMAL'NOE">t_{4}</formula>
    <formula uri="http://libmeta.ru/me/formula/aux/1056_2_NORMAL'NOE">\pi-м</formula>
    <formula uri="http://libmeta.ru/me/formula/aux/1056_3_NORMAL'NOE">x-н</formula>
    <formula uri="http://libmeta.ru/me/formula/aux/1056_4_NORMAL'NOE">x</formula>
  </formulas_aux>
  <relations n="21">
    <relation uri="http://libmeta.ru/me/relation/1056_1_NORMAL'NOE">
      <rel_text>Oтделимости аксиома</rel_text>
      <target>http://libmeta.ru/me/article/110_OTDELIMOSTI</target>
    </relation>
    <relation uri="http://libmeta.ru/me/relation/1056_2_NORMAL'NOE">
      <rel_text>совпадают</rel_text>
      <target>http://libmeta.ru/me/article/59_SOVPADENI</target>
    </relation>
    <relation uri="http://libmeta.ru/me/relation/1056_3_NORMAL'NOE">
      <rel_text>пространств</rel_text>
      <target>http://libmeta.ru/me/article/748_PROSTRANSTV</target>
    </relation>
    <relation uri="http://libmeta.ru/me/relation/1056_4_NORMAL'NOE">
      <rel_text>множеств</rel_text>
      <target>http://libmeta.ru/me/article/733_MNOZhESTV</target>
    </relation>
    <relation uri="http://libmeta.ru/me/relation/1056_5_NORMAL'NOE">
      <rel_text>пересечением</rel_text>
      <target>http://libmeta.ru/me/article/222_PEREGÓROD</target>
    </relation>
    <relation uri="http://libmeta.ru/me/relation/1056_6_NORMAL'NOE">
      <rel_text>множество</rel_text>
      <target>http://libmeta.ru/me/article/733_MNOZhESTV</target>
    </relation>
    <relation uri="http://libmeta.ru/me/relation/1056_7_NORMAL'NOE">
      <rel_text>пространства</rel_text>
      <target>http://libmeta.ru/me/article/748_PROSTRANSTV</target>
    </relation>
    <relation uri="http://libmeta.ru/me/relation/1056_8_NORMAL'NOE">
      <rel_text>множества</rel_text>
      <target>http://libmeta.ru/me/article/733_MNOZhESTV</target>
    </relation>
    <relation uri="http://libmeta.ru/me/relation/1056_9_NORMAL'NOE">
      <rel_text>Тихоновские пространства</rel_text>
      <target>http://libmeta.ru/me/article/404_TIHONOVSKOE</target>
    </relation>
    <relation uri="http://libmeta.ru/me/relation/1056_10_NORMAL'NOE">
      <rel_text>канонических множеств</rel_text>
      <target>http://libmeta.ru/me/article/718_KANONIChESKOE</target>
    </relation>
    <relation uri="http://libmeta.ru/me/relation/1056_11_NORMAL'NOE">
      <rel_text>пересечением</rel_text>
      <target>http://libmeta.ru/me/article/222_PEREGÓROD</target>
    </relation>
    <relation uri="http://libmeta.ru/me/relation/1056_12_NORMAL'NOE">
      <rel_text>множества</rel_text>
      <target>http://libmeta.ru/me/article/733_MNOZhESTV</target>
    </relation>
    <relation uri="http://libmeta.ru/me/relation/1056_13_NORMAL'NOE">
      <rel_text>тихоновские пространства</rel_text>
      <target>http://libmeta.ru/me/article/404_TIHONOVSKOE</target>
    </relation>
    <relation uri="http://libmeta.ru/me/relation/1056_14_NORMAL'NOE">
      <rel_text>пространства</rel_text>
      <target>http://libmeta.ru/me/article/748_PROSTRANSTV</target>
    </relation>
    <relation uri="http://libmeta.ru/me/relation/1056_15_NORMAL'NOE">
      <rel_text>близких</rel_text>
      <target>http://libmeta.ru/me/article/499_BLIZNETs</target>
    </relation>
    <relation uri="http://libmeta.ru/me/relation/1056_16_NORMAL'NOE">
      <rel_text>пространств</rel_text>
      <target>http://libmeta.ru/me/article/748_PROSTRANSTV</target>
    </relation>
    <relation uri="http://libmeta.ru/me/relation/1056_17_NORMAL'NOE">
      <rel_text>регулярные</rel_text>
      <target>http://libmeta.ru/me/article/1037_REGULJaTO</target>
    </relation>
    <relation uri="http://libmeta.ru/me/relation/1056_18_NORMAL'NOE">
      <rel_text>пространств</rel_text>
      <target>http://libmeta.ru/me/article/748_PROSTRANSTV</target>
    </relation>
    <relation uri="http://libmeta.ru/me/relation/1056_19_NORMAL'NOE">
      <rel_text>отрезок</rel_text>
      <target>http://libmeta.ru/me/article/135_OTREZO</target>
    </relation>
    <relation uri="http://libmeta.ru/me/relation/1056_20_NORMAL'NOE">
      <rel_text>произведение</rel_text>
      <target>http://libmeta.ru/me/article/1045_PROIZVODNA</target>
    </relation>
    <relation uri="http://libmeta.ru/me/relation/1056_21_NORMAL'NOE">
      <rel_text>Произведение</rel_text>
      <target>http://libmeta.ru/me/article/1045_PROIZVODNA</target>
    </relation>
  </relations>
  <text>топологическое пространство, удовлетворяющее аксиоме $URI[[http://libmeta.ru/me/formula/aux/1056_1_NORMAL'NOE]]/URI$ (см. URI[[http://libmeta.ru/me/relation/1056_1_NORMAL'NOE]]/URI), т. е. такое топологич. пространство, в к-ром одногочечные множества замкнуты и любые два дизъюнктные замкнутые множества отделимы окрестностями (т. е. содержатся в дизъюнктных открытых множествах). Н. п. образуют частный случай вполне регулярных пространств (тихоновских), особенно важный для размерности теории. Всякое замкнутое подпространство Н. п. нормально (нормальность наследуется по замкнутым множествам). Пространства, все подпространства к-рых нормальны, наз. н а с л е дс т в е н н о н о р м а л в ны м и. Для наследственной нормальности достаточно, чтобы все его открытые подпространства были Н. п. Для наследственной нормальности пространства необходимо и достаточно, чтобы были отделимы окрестностями всякие два множества, из к-рых ни одно не содержит точек соприкосновения другого. Н. п. наз. с о в е р ш е н о н о р м а льн ы м, если в нем каждое замкнутое множество является Iересечением счетного числа открытых множеств. Всякое совершенно Н. П. есть наследственно Н. Ii.

URI[[http://libmeta.ru/me/relation/1056_21_NORMAL'NOE]]/URI двух Н. п. не обязано быть Н. п., п даже URI[[http://libmeta.ru/me/relation/1056_20_NORMAL'NOE]]/URI Н. п. на URI[[http://libmeta.ru/me/relation/1056_19_NORMAL'NOE]]/URI может быть не нормальным.

Супцествуот важные классы URI[[http://libmeta.ru/me/relation/1056_18_NORMAL'NOE]]/URI, более общие, чем нормалыные, и менее общие, чем вполне URI[[http://libmeta.ru/me/relation/1056_17_NORMAL'NOE]]/URI. Среди этих URI[[http://libmeta.ru/me/relation/1056_16_NORMAL'NOE]]/URI, URI[[http://libmeta.ru/me/relation/1056_15_NORMAL'NOE]]/URI к нормальным, первыми [2] были т. н. к в а зит о у м а л ь ны е, или лн о р м а л п ы е, URI[[http://libmeta.ru/me/relation/1056_14_NORMAL'NOE]]/URI. Это - URI[[http://libmeta.ru/me/relation/1056_13_NORMAL'NOE]]/URI, в к-рых отделимы окрестностями всякие два дизъюнктные $URI[[http://libmeta.ru/me/formula/aux/1056_2_NORMAL'NOE]]/URI$ н ж е с т в а, т. е. URI[[http://libmeta.ru/me/relation/1056_12_NORMAL'NOE]]/URI, являюшцися URI[[http://libmeta.ru/me/relation/1056_11_NORMAL'NOE]]/URI конечвого числа замкнутых URI[[http://libmeta.ru/me/relation/1056_10_NORMAL'NOE]]/URI. URI[[http://libmeta.ru/me/relation/1056_9_NORMAL'NOE]]/URI, в к-рых отделимы окрестностями всякие два пизъюнктные замкнутые канонич. URI[[http://libmeta.ru/me/relation/1056_8_NORMAL'NOE]]/URI, наз. $URI[[http://libmeta.ru/me/formula/aux/1056_3_NORMAL'NOE]]/URI$ о м а л ьн ы м и [3]; x-нормальные URI[[http://libmeta.ru/me/relation/1056_7_NORMAL'NOE]]/URI, в к-рых каждое замкнутое канонич. URI[[http://libmeta.ru/me/relation/1056_6_NORMAL'NOE]]/URI является URI[[http://libmeta.ru/me/relation/1056_5_NORMAL'NOE]]/URI счетного числа открытых канонич. URI[[http://libmeta.ru/me/relation/1056_4_NORMAL'NOE]]/URI, наз. с ов е р ш е но о новских совершенно $URI[[http://libmeta.ru/me/formula/aux/1056_4_NORMAL'NOE]]/URI$-нормальных URI[[http://libmeta.ru/me/relation/1056_3_NORMAL'NOE]]/URI идут последовательно убывая, причем никакие два из этих классов не URI[[http://libmeta.ru/me/relation/1056_2_NORMAL'NOE]]/URI между собою.</text>
  <text_orig>топологическое пространство, удовлетворяющее аксиоме $T_{4}$ (см. Oтделимости аксиома), т. е. такое топологич. пространство, в к-ром одногочечные множества замкнуты и любые два дизъюнктные замкнутые множества отделимы окрестностями (т. е. содержатся в дизъюнктных открытых множествах). Н. п. образуют частный случай вполне регулярных пространств (тихоновских), особенно важный для размерности теории. Всякое замкнутое подпространство Н. п. нормально (нормальность наследуется по замкнутым множествам). Пространства, все подпространства к-рых нормальны, наз. н а с л е дс т в е н н о н о р м а л в ны м и. Для наследственной нормальности достаточно, чтобы все его открытые подпространства были Н. п. Для наследственной нормальности пространства необходимо и достаточно, чтобы были отделимы окрестностями всякие два множества, из к-рых ни одно не содержит точек соприкосновения другого. Н. п. наз. с о в е р ш е н о н о р м а льн ы м, если в нем каждое замкнутое множество является Iересечением счетного числа открытых множеств. Всякое совершенно Н. П. есть наследственно Н. II.

Произведение двух Н. п. не обязано быть Н. п., п даже произведение Н. п. на отрезок может быть не нормальным.

Супцествуот важные классы пространств, более общие, чем нормалыные, и менее общие, чем вполне регулярные. Среди этих пространств, близких к нормальным, первыми [2] были т. н. к в а зит о у м а л ь ны е, или лн о р м а л п ы е, пространства. Это - тихоновские пространства, в к-рых отделимы окрестностями всякие два дизъюнктные $\pi-м$ н ж е с т в а, т. е. множества, являюшцися пересечением конечвого числа замкнутых канонических множеств. Тихоновские пространства, в к-рых отделимы окрестностями всякие два пизъюнктные замкнутые канонич. множества, наз. $x-н$ о м а л ьн ы м и [3]; x-нормальные пространства, в к-рых каждое замкнутое канонич. множество является пересечением счетного числа открытых канонич. множеств, наз. с ов е р ш е но о новских совершенно $x$-нормальных пространств идут последовательно убывая, причем никакие два из этих классов не совпадают между собою.

Лит.: [1] А л е к с а н д р о в П. С. Введение в теорию множеств и общую топологию, М., $1977 ;[2] 3$ а й ц е в В. И.,
«Вестн. Моск. ун-та. Матем., механ.&quot;, 1967, № 3, с. 48-57; «Вестн. Моск. ун-та. Матем., механ.», 1967, № 3, с. 48-57;
[3] Ш е П и н Е. В., “Сиб. матем. ж.», 1972, т. 13, №, с. 1182-1196.</text_orig>
</article>
