<?xml version="1.0" ?>
<article uri="http://libmeta.ru/me/article/1056_GIPERBOLIChESKIJ" alphabetic_pos="1056">
  <title>ГИПЕРБОЛИЧЕСКИЙ ЦИЛИНДР</title>
  <authors>
    <author>А. Б. Иванов</author>
  </authors>
  <pages>
    <start>497</start>
    <end>497</end>
  </pages>
  <literature>
    <literature_orig/>
  </literature>
  <formulas_main>
    <formula uri="http://libmeta.ru/me/formula/main/1056_1_GIPERBOLIChESKIJ">\frac{x^{2}}{a^{2}}-\frac{y^{2}}{b^{2}}=1 .</formula>
  </formulas_main>
  <formulas_aux/>
  <relations n="5">
    <relation uri="http://libmeta.ru/me/relation/1056_1_GIPERBOLIChESKIJ">
      <rel_text>вид</rel_text>
      <target>http://libmeta.ru/me/article/708_VI</target>
    </relation>
    <relation uri="http://libmeta.ru/me/relation/1056_2_GIPERBOLIChESKIJ">
      <rel_text>уравнение</rel_text>
      <target>http://libmeta.ru/me/article/106_URAVNENI</target>
    </relation>
    <relation uri="http://libmeta.ru/me/relation/1056_3_GIPERBOLIChESKIJ">
      <rel_text>гипербола</rel_text>
      <target>http://libmeta.ru/me/article/1048_GIPERBOL</target>
    </relation>
    <relation uri="http://libmeta.ru/me/relation/1056_4_GIPERBOLIChESKIJ">
      <rel_text>порядка</rel_text>
      <target>http://libmeta.ru/me/article/531_PORJaDO</target>
    </relation>
    <relation uri="http://libmeta.ru/me/relation/1056_5_GIPERBOLIChESKIJ">
      <rel_text>цилиндрическая поверхность</rel_text>
      <target>http://libmeta.ru/me/article/941_TsILINDRIChESKAJa</target>
    </relation>
  </relations>
  <text>URI[[http://libmeta.ru/me/relation/1056_5_GIPERBOLIChESKIJ]]/URI второго URI[[http://libmeta.ru/me/relation/1056_4_GIPERBOLIChESKIJ]]/URI, для к-рой направляющей служит URI[[http://libmeta.ru/me/relation/1056_3_GIPERBOLIChESKIJ]]/URI. Канонич. URI[[http://libmeta.ru/me/relation/1056_2_GIPERBOLIChESKIJ]]/URI Г. Ц. имеет URI[[http://libmeta.ru/me/relation/1056_1_GIPERBOLIChESKIJ]]/URI:

\[
URI[[http://libmeta.ru/me/formula/main/1056_1_GIPERBOLIChESKIJ]]/URI
\]</text>
  <text_orig>цИЛИндрическая поверхность второго порядка, для к-рой направляющей служит гипербола. Канонич. уравнение Г. Ц. имеет вид:

\[
\frac{x^{2}}{a^{2}}-\frac{y^{2}}{b^{2}}=1 .
\]

А. Б. Иванов.</text_orig>
</article>
