<?xml version="1.0" ?>
<article uri="http://libmeta.ru/me/article/1057_REKU" alphabetic_pos="1057">
  <title>РЕКУ РСИВНАЯ ФУНКЦИЯ</title>
  <authors>
    <author>B. E. Плиско</author>
  </authors>
  <pages>
    <start>481</start>
    <end>482</end>
  </pages>
  <literature>
    <literature_orig>Лum.: [1] Р о д ж е $\mathbf{p}$ с X., Теория рекурсивных функций и әффективная вычислимость, пер. с англ., M., $1972 ;$; [2] B a r-w i s e J., Admisıble sets and structures, B., 1975 .Н. В. Белякин. $r \subseteq \mathbb{N}^{n}$, где $\mathbb{n}$ - множество натуральных чисел, что функция $f$, определенная на $\mathbb{n} n$ условием\[f\left(x_{1}, \ldots, x_{n}\right)=\left\{\begin{array}{l}1, \text { если }\left\langle x_{1}, \ldots, x_{n}\right\rangle \in R, \\0, \text { если }\left\langle x_{1}, \ldots, x_{n}\right\rangle \notin R,\end{array}\right.\]является рекурсивной функцией. В частности, при любом $n$ универсальное отношение $\mathbb{n}^{n}$ и нуль-отношение $\varnothing$ являются Р. о. Если $r$ и $s$ суть $n$-местные Р. о., то отношения $r \cup S, R \cap S, R^{\prime}=\mathbb{N}^{n} \backslash R, R \backslash S$ также будут Р. о. Относительно операций $u, \cap,^{\prime}$ система всех n-местных Р. о. образует булеву алгебру.</literature_orig>
    <unit>
      <author>Родже$\mathbf{p}$с X.</author>
      <title>Теория рекурсивных функций и әффективная вычислимость</title>
      <publication>пер. с англ., M.</publication>
      <year>1972</year>
      <other/>
    </unit>
    <unit>
      <author>Bar-wise J.</author>
      <title>Admisıble sets and structures, B.</title>
      <publication/>
      <year>1975</year>
      <other>где $\mathbb{n}$ - множество натуральных чисел, что функция $f$, определенная на $\mathbb{n} n$ условием\[f\left(x_{1}, \ldots, x_{n}\right)=\left\{\begin{array}{l}1, \text { если }\left\langle x_{1}, \ldots, x_{n}\right\rangle \in R, \\0, \text { если }\left\langle x_{1}, \ldots, x_{n}\right\rangle \notin R, \end{array}\right.\]является рекурсивной функцией. В частности, при любом $n$ универсальное отношение $\mathbb{n}^{n}$ и нуль-отношение $\varnothing$ являются Р. о. Если $r$ и $s$ суть $n$-местные Р. о., то отношения $r \cup S, R \cap S, R^{\prime}=\mathbb{N}^{n} \backslash R, R \backslash S$ также будут Р. о. Относительно операций $u, \cap, ^{\prime}$ система всех n-местных Р. о. образует булеву алгебру.</other>
    </unit>
  </literature>
  <formulas_main>
    <formula uri="http://libmeta.ru/me/formula/main/1057_1_REKU">f\left(x_{1}, \ldots, x_{n}, 0\right)=\varphi\left(x_{1}, \ldots, x_{n}\right),</formula>
    <formula uri="http://libmeta.ru/me/formula/main/1057_2_REKU">a(x, y)=x+y, m(x, y)=x \cdot y, I_{m}^{n}</formula>
    <formula uri="http://libmeta.ru/me/formula/main/1057_3_REKU">k(x, y)=\left\{\begin{array}{l}0, \text { если } x&lt;y, \\1, \text { если } x \geqslant y,\end{array}\right.</formula>
  </formulas_main>
  <formulas_aux>
    <formula uri="http://libmeta.ru/me/formula/aux/1057_1_REKU">s(x)=x+1, \quad o(x)=0</formula>
    <formula uri="http://libmeta.ru/me/formula/aux/1057_2_REKU">i_{m}^{n}\left(x_{1}, \ldots, x_{n}\right)=x_{m}(1 \leqslant m \leqslant n)</formula>
    <formula uri="http://libmeta.ru/me/formula/aux/1057_3_REKU">n</formula>
    <formula uri="http://libmeta.ru/me/formula/aux/1057_4_REKU">\psi</formula>
    <formula uri="http://libmeta.ru/me/formula/aux/1057_5_REKU">m</formula>
    <formula uri="http://libmeta.ru/me/formula/aux/1057_6_REKU">\varphi</formula>
    <formula uri="http://libmeta.ru/me/formula/aux/1057_7_REKU">n</formula>
    <formula uri="http://libmeta.ru/me/formula/aux/1057_8_REKU">f_{1}, \ldots, f_{m}</formula>
    <formula uri="http://libmeta.ru/me/formula/aux/1057_9_REKU">x_{1}, . ., x_{n}</formula>
    <formula uri="http://libmeta.ru/me/formula/aux/1057_10_REKU">\psi\left(x_{1}, \ldots, x_{n}\right)=\varphi\left(f_{1}\left(x_{1}, \ldots, x_{n}\right), \ldots, f_{m}\left(x_{1}, \ldots, x_{n}\right)\right)</formula>
    <formula uri="http://libmeta.ru/me/formula/aux/1057_11_REKU">(n+1)</formula>
    <formula uri="http://libmeta.ru/me/formula/aux/1057_12_REKU">f</formula>
    <formula uri="http://libmeta.ru/me/formula/aux/1057_13_REKU">n</formula>
    <formula uri="http://libmeta.ru/me/formula/aux/1057_14_REKU">\varphi</formula>
    <formula uri="http://libmeta.ru/me/formula/aux/1057_15_REKU">(n+2)</formula>
    <formula uri="http://libmeta.ru/me/formula/aux/1057_16_REKU">\psi</formula>
    <formula uri="http://libmeta.ru/me/formula/aux/1057_17_REKU">x_{1}, \ldots, x_{n}, y</formula>
    <formula uri="http://libmeta.ru/me/formula/aux/1057_18_REKU">f\left(x_{1}, \ldots, x_{n}, y+1\right)=\psi\left(x_{1}, \ldots, x_{n}, y, f\left(x_{1}, \ldots, x_{n}, y\right)\right)</formula>
    <formula uri="http://libmeta.ru/me/formula/aux/1057_19_REKU">n</formula>
    <formula uri="http://libmeta.ru/me/formula/aux/1057_20_REKU">f</formula>
    <formula uri="http://libmeta.ru/me/formula/aux/1057_21_REKU">(n+1)</formula>
    <formula uri="http://libmeta.ru/me/formula/aux/1057_22_REKU">\varphi</formula>
    <formula uri="http://libmeta.ru/me/formula/aux/1057_23_REKU">\mathrm{p}</formula>
    <formula uri="http://libmeta.ru/me/formula/aux/1057_24_REKU">x_{1}, \ldots, x_{n}, y</formula>
    <formula uri="http://libmeta.ru/me/formula/aux/1057_25_REKU">f\left(x_{1}, \ldots, x_{n}\right)=y</formula>
    <formula uri="http://libmeta.ru/me/formula/aux/1057_26_REKU">\varphi\left(x_{1}, \ldots, x_{n}, 0\right), \ldots, \varphi\left(x_{1}, \ldots, x_{n}, y-1\right)</formula>
    <formula uri="http://libmeta.ru/me/formula/aux/1057_27_REKU">\varphi\left(x_{1}, \ldots, x_{n}, y\right)=0</formula>
    <formula uri="http://libmeta.ru/me/formula/aux/1057_28_REKU">f</formula>
    <formula uri="http://libmeta.ru/me/formula/aux/1057_29_REKU">f</formula>
    <formula uri="http://libmeta.ru/me/formula/aux/1057_30_REKU">g_{1}, \ldots, g_{k}</formula>
    <formula uri="http://libmeta.ru/me/formula/aux/1057_31_REKU">g_{k}=f</formula>
    <formula uri="http://libmeta.ru/me/formula/aux/1057_32_REKU">x</formula>
    <formula uri="http://libmeta.ru/me/formula/aux/1057_33_REKU">\varphi_{x}</formula>
    <formula uri="http://libmeta.ru/me/formula/aux/1057_34_REKU">x</formula>
    <formula uri="http://libmeta.ru/me/formula/aux/1057_35_REKU">\mathrm{r}</formula>
  </formulas_aux>
  <relations n="26">
    <relation uri="http://libmeta.ru/me/relation/1057_1_REKU">
      <rel_text>Рекурсия</rel_text>
      <target>http://libmeta.ru/me/article/1062_REKURSI</target>
    </relation>
    <relation uri="http://libmeta.ru/me/relation/1057_2_REKU">
      <rel_text>алгоритмов</rel_text>
      <target>http://libmeta.ru/me/article/140_ALGOLІ-6</target>
    </relation>
    <relation uri="http://libmeta.ru/me/relation/1057_3_REKU">
      <rel_text>теории</rel_text>
      <target>http://libmeta.ru/me/article/381_TEORI</target>
    </relation>
    <relation uri="http://libmeta.ru/me/relation/1057_4_REKU">
      <rel_text>множеств</rel_text>
      <target>http://libmeta.ru/me/article/733_MNOZhESTV</target>
    </relation>
    <relation uri="http://libmeta.ru/me/relation/1057_5_REKU">
      <rel_text>теории</rel_text>
      <target>http://libmeta.ru/me/article/381_TEORI</target>
    </relation>
    <relation uri="http://libmeta.ru/me/relation/1057_6_REKU">
      <rel_text>множеств</rel_text>
      <target>http://libmeta.ru/me/article/733_MNOZhESTV</target>
    </relation>
    <relation uri="http://libmeta.ru/me/relation/1057_7_REKU">
      <rel_text>теории</rel_text>
      <target>http://libmeta.ru/me/article/381_TEORI</target>
    </relation>
    <relation uri="http://libmeta.ru/me/relation/1057_8_REKU">
      <rel_text>рекурсия</rel_text>
      <target>http://libmeta.ru/me/article/1062_REKURSI</target>
    </relation>
    <relation uri="http://libmeta.ru/me/relation/1057_9_REKU">
      <rel_text>трансфинитная</rel_text>
      <target>http://libmeta.ru/me/article/457_TRANZITIVNOST</target>
    </relation>
    <relation uri="http://libmeta.ru/me/relation/1057_10_REKU">
      <rel_text>ординалах</rel_text>
      <target>http://libmeta.ru/me/article/55_ORDINAT</target>
    </relation>
    <relation uri="http://libmeta.ru/me/relation/1057_11_REKU">
      <rel_text>определения функций</rel_text>
      <target>http://libmeta.ru/me/article/443_POLOZhITEL'NO</target>
    </relation>
    <relation uri="http://libmeta.ru/me/relation/1057_12_REKU">
      <rel_text>множеств</rel_text>
      <target>http://libmeta.ru/me/article/733_MNOZhESTV</target>
    </relation>
    <relation uri="http://libmeta.ru/me/relation/1057_13_REKU">
      <rel_text>теории</rel_text>
      <target>http://libmeta.ru/me/article/381_TEORI</target>
    </relation>
    <relation uri="http://libmeta.ru/me/relation/1057_14_REKU">
      <rel_text>алгоритмов</rel_text>
      <target>http://libmeta.ru/me/article/140_ALGOLІ-6</target>
    </relation>
    <relation uri="http://libmeta.ru/me/relation/1057_15_REKU">
      <rel_text>теории</rel_text>
      <target>http://libmeta.ru/me/article/381_TEORI</target>
    </relation>
    <relation uri="http://libmeta.ru/me/relation/1057_16_REKU">
      <rel_text>теоретико-числовых функций</rel_text>
      <target>http://libmeta.ru/me/article/380_TEORETIKO-ChISLOVAJa</target>
    </relation>
    <relation uri="http://libmeta.ru/me/relation/1057_17_REKU">
      <rel_text>предшествования</rel_text>
      <target>http://libmeta.ru/me/article/596_PREDIKATIVNOST</target>
    </relation>
    <relation uri="http://libmeta.ru/me/relation/1057_18_REKU">
      <rel_text>предшествуюгцих</rel_text>
      <target>http://libmeta.ru/me/article/596_PREDIKATIVNOST</target>
    </relation>
    <relation uri="http://libmeta.ru/me/relation/1057_19_REKU">
      <rel_text>функции</rel_text>
      <target>http://libmeta.ru/me/article/790_FUNKTO</target>
    </relation>
    <relation uri="http://libmeta.ru/me/relation/1057_20_REKU">
      <rel_text>функций</rel_text>
      <target>http://libmeta.ru/me/article/790_FUNKTO</target>
    </relation>
    <relation uri="http://libmeta.ru/me/relation/1057_21_REKU">
      <rel_text>задания</rel_text>
      <target>http://libmeta.ru/me/article/10_ZAdAch</target>
    </relation>
    <relation uri="http://libmeta.ru/me/relation/1057_22_REKU">
      <rel_text>рекурсивных функций'</rel_text>
      <target>http://libmeta.ru/me/article/654_PRIMITIVNO</target>
    </relation>
    <relation uri="http://libmeta.ru/me/relation/1057_23_REKU">
      <rel_text>Теория</rel_text>
      <target>http://libmeta.ru/me/article/381_TEORI</target>
    </relation>
    <relation uri="http://libmeta.ru/me/relation/1057_24_REKU">
      <rel_text>функции</rel_text>
      <target>http://libmeta.ru/me/article/790_FUNKTO</target>
    </relation>
    <relation uri="http://libmeta.ru/me/relation/1057_25_REKU">
      <rel_text>Алгоритмы</rel_text>
      <target>http://libmeta.ru/me/article/139_ALGOL-6</target>
    </relation>
    <relation uri="http://libmeta.ru/me/relation/1057_26_REKU">
      <rel_text>суперпозиции</rel_text>
      <target>http://libmeta.ru/me/article/301_SUPERALGEBR</target>
    </relation>
  </relations>
  <text>ч а с т И ч н о р ек у р с и в н я ф унк ци я,- одно из математич. уточнений интуитивного понятия вычислимой функции, определяемое следующим образом. Рассматриваются функции, заданные на натуральных числах и с натуральными значениями. Функции предполагаются ч ас т и ч н ы м и, т. е. определенными, вообще говоря, не для всех значений аргументов. Следующие функций наз. п р о с т е й ш и ми: $URI[[http://libmeta.ru/me/formula/aux/1057_1_REKU]]/URI$, $URI[[http://libmeta.ru/me/formula/aux/1057_2_REKU]]/URI$. Будем говорить, что $URI[[http://libmeta.ru/me/formula/aux/1057_3_REKU]]/URI$-местная функция $URI[[http://libmeta.ru/me/formula/aux/1057_4_REKU]]/URI$ получена из $URI[[http://libmeta.ru/me/formula/aux/1057_5_REKU]]/URI$-местной функции $URI[[http://libmeta.ru/me/formula/aux/1057_6_REKU]]/URI$ и $URI[[http://libmeta.ru/me/formula/aux/1057_7_REKU]]/URI$-местных функций $URI[[http://libmeta.ru/me/formula/aux/1057_8_REKU]]/URI$ с помощью о п е р а т ор а с у п е р по о и ци и, если для всех $URI[[http://libmeta.ru/me/formula/aux/1057_9_REKU]]/URI$ имеет место равенство

$URI[[http://libmeta.ru/me/formula/aux/1057_10_REKU]]/URI$.

Скажем, что $URI[[http://libmeta.ru/me/formula/aux/1057_11_REKU]]/URI$-местная функция $URI[[http://libmeta.ru/me/formula/aux/1057_12_REKU]]/URI$ получается из $URI[[http://libmeta.ru/me/formula/aux/1057_13_REKU]]/URI$-местной функции $URI[[http://libmeta.ru/me/formula/aux/1057_14_REKU]]/URI$ и $URI[[http://libmeta.ru/me/formula/aux/1057_15_REKU]]/URI$-местной функции $URI[[http://libmeta.ru/me/formula/aux/1057_16_REKU]]/URI$ с помощью о пе р а тор а п р им и ти в но й р eк у р с и и , если при любых значениях $URI[[http://libmeta.ru/me/formula/aux/1057_17_REKU]]/URI$ выполняются равенства

\[
URI[[http://libmeta.ru/me/formula/main/1057_1_REKU]]/URI
\]

$URI[[http://libmeta.ru/me/formula/aux/1057_18_REKU]]/URI$.

Будем говорить, что $URI[[http://libmeta.ru/me/formula/aux/1057_19_REKU]]/URI$-местная функция $URI[[http://libmeta.ru/me/formula/aux/1057_20_REKU]]/URI$ получается из $URI[[http://libmeta.ru/me/formula/aux/1057_21_REKU]]/URI$-местной функции $URI[[http://libmeta.ru/me/formula/aux/1057_22_REKU]]/URI$ с помощью о п е $URI[[http://libmeta.ru/me/formula/aux/1057_23_REKU]]/URI$ а т ор а ми ни ми з а ци и, или наименьшего числа оператора, если для любых $URI[[http://libmeta.ru/me/formula/aux/1057_24_REKU]]/URI$ выполнено условие $URI[[http://libmeta.ru/me/formula/aux/1057_25_REKU]]/URI$ тогда и только тогда, когда значения $URI[[http://libmeta.ru/me/formula/aux/1057_26_REKU]]/URI$ определены и не равны 0 , а $URI[[http://libmeta.ru/me/formula/aux/1057_27_REKU]]/URI$. Частичная функция $URI[[http://libmeta.ru/me/formula/aux/1057_28_REKU]]/URI$ наз. р е к у р с и в н о й, если она может быть получена из простейших функций с помощью конечного числа применений операторов суперпозиции, примитивной рекурсии и минимизации.

Иными словами, $URI[[http://libmeta.ru/me/formula/aux/1057_29_REKU]]/URI$ является Р. Ф., если существует такая конечная последовательность частичных функций $URI[[http://libmeta.ru/me/formula/aux/1057_30_REKU]]/URI$, что $URI[[http://libmeta.ru/me/formula/aux/1057_31_REKU]]/URI$ и каждая функция этой последовательности либо является простейшей, либо получается из предыдущих с помощью операторов суперпозиции, примитивной рекурсии или минимизации. С помощью метода арифметизации можно получить пересчет всех таких описаний P. ф., а именно, можно указать алгоритм, к-рый каждому натуральному числу $URI[[http://libmeta.ru/me/formula/aux/1057_32_REKU]]/URI$ сопоставляет нек-рое описание Р. Ф. Задаваемую әтим описанием Р. ф. обычно обозначают $URI[[http://libmeta.ru/me/formula/aux/1057_33_REKU]]/URI$, а $URI[[http://libmeta.ru/me/formula/aux/1057_34_REKU]]/URI$ наз. ее $URI[[http://libmeta.ru/me/formula/aux/1057_35_REKU]]/URI$ ёд е ле в ы м но о е р о м.

Всюду определенные Р. ф. наз. о б щ е р е к у рс и в в ы м и. Существуют P. Ф., к-рые не могут быть продолжены до общерекурсивных.

Для любой Р.ф. можно указать алгоритм вычисления ее значений, т. е. все Р. ф. суть вычислимые функции. Распространенная гипотеза, известная под названием т е 3 и с а Ч ё р ч а, состоит в том, что всякая вычислимая функция является Р. ф. Эта гипотеза подтверждается рядом фактов. Так, все рассматривавшиеся в математике конкретные функции, признаваемые вычислимыми в интуитивном смысле этого слова, оказывались рекурсивными. Понятие Р. Ф. оказывается совпадающим по объему с другими математич. уточнениями понятия вычислимой функции (напр., с понятиями функции, вычислимой на машине Тьюринга, вычислимой с помощью нормального алгорифма Маркова и др.).

Возможны различные определения класса всех Р. ф. через исходные функции и порождающие операции. В частности, всякая Р.ф. может быть получена из функций

И

\[
URI[[http://libmeta.ru/me/formula/main/1057_2_REKU]]/URI
\]

\[
URI[[http://libmeta.ru/me/formula/main/1057_3_REKU]]/URI
\]

с помощью конечного числа применений операторов URI[[http://libmeta.ru/me/relation/1057_26_REKU]]/URI и минимизации.

Лum.: [1] М а льц е в А. И., URI[[http://libmeta.ru/me/relation/1057_25_REKU]]/URI и рекурсивные URI[[http://libmeta.ru/me/relation/1057_24_REKU]]/URI, М., 1965; [2] Р о д ж е р с X., URI[[http://libmeta.ru/me/relation/1057_23_REKU]]/URI URI[[http://libmeta.ru/me/relation/1057_22_REKU]]/URI и әффективная вычислимость, пер. с англ., М., 1972. няемый в математике способ URI[[http://libmeta.ru/me/relation/1057_21_REKU]]/URI URI[[http://libmeta.ru/me/relation/1057_20_REKU]]/URI, при к-ром значение искомой URI[[http://libmeta.ru/me/relation/1057_19_REKU]]/URI в данной точке определяется через ее значения в URI[[http://libmeta.ru/me/relation/1057_18_REKU]]/URI точках (при подходящем отношении URI[[http://libmeta.ru/me/relation/1057_17_REKU]]/URI). Р. о. URI[[http://libmeta.ru/me/relation/1057_16_REKU]]/URI являются объектами изучения в URI[[http://libmeta.ru/me/relation/1057_15_REKU]]/URI URI[[http://libmeta.ru/me/relation/1057_14_REKU]]/URI (см. URI[[http://libmeta.ru/me/relation/1057_1_REKU]]/URI). В URI[[http://libmeta.ru/me/relation/1057_13_REKU]]/URI URI[[http://libmeta.ru/me/relation/1057_12_REKU]]/URI постоянно используется для URI[[http://libmeta.ru/me/relation/1057_11_REKU]]/URI на URI[[http://libmeta.ru/me/relation/1057_10_REKU]]/URI URI[[http://libmeta.ru/me/relation/1057_9_REKU]]/URI URI[[http://libmeta.ru/me/relation/1057_8_REKU]]/URI. В более общем плане Р. о. рассматриваются в URI[[http://libmeta.ru/me/relation/1057_7_REKU]]/URI допустимых URI[[http://libmeta.ru/me/relation/1057_6_REKU]]/URI, в основе к-рой лежит некий синтез идей URI[[http://libmeta.ru/me/relation/1057_5_REKU]]/URI URI[[http://libmeta.ru/me/relation/1057_4_REKU]]/URI и URI[[http://libmeta.ru/me/relation/1057_3_REKU]]/URI URI[[http://libmeta.ru/me/relation/1057_2_REKU]]/URI (см. [2]).</text>
  <text_orig>ч а с т И ч н о р ек у р с и в н я ф унк ци я,- одно из математич. уточнений интуитивного понятия вычислимой функции, определяемое следующим образом. Рассматриваются функции, заданные на натуральных числах и с натуральными значениями. Функции предполагаются ч ас т и ч н ы м и, т. е. определенными, вообще говоря, не для всех значений аргументов. Следующие функций наз. п р о с т е й ш и ми: $S(x)=x+1, \quad o(x)=0$, $I_{m}^{n}\left(x_{1}, \ldots, x_{n}\right)=x_{m}(1 \leqslant m \leqslant n)$. Будем говорить, что $n$-местная функция $\psi$ получена из $m$-местной функции $\varphi$ и $n$-местных функций $f_{1}, \ldots, f_{m}$ с помощью о п е р а т ор а с у п е р по о и ци и, если для всех $x_{1}, . ., x_{n}$ имеет место равенство

$\psi\left(x_{1}, \ldots, x_{n}\right)=\varphi\left(f_{1}\left(x_{1}, \ldots, x_{n}\right), \ldots, f_{m}\left(x_{1}, \ldots, x_{n}\right)\right)$.

Скажем, что $(n+1)$-местная функция $f$ получается из $n$-местной функции $\varphi$ и $(n+2)$-местной функции $\psi$ с помощью о пе р а тор а п р им и ти в но й р eк у р с и и , если при любых значениях $x_{1}, \ldots, x_{n}, y$ выполняются равенства

\[
f\left(x_{1}, \ldots, x_{n}, 0\right)=\varphi\left(x_{1}, \ldots, x_{n}\right),
\]

$f\left(x_{1}, \ldots, x_{n}, y+1\right)=\psi\left(x_{1}, \ldots, x_{n}, y, f\left(x_{1}, \ldots, x_{n}, y\right)\right)$.

Будем говорить, что $n$-местная функция $f$ получается из $(n+1)$-местной функции $\varphi$ с помощью о п е $\mathrm{p}$ а т ор а ми ни ми з а ци и, или наименьшего числа оператора, если для любых $x_{1}, \ldots, x_{n}, y$ выполнено условие $f\left(x_{1}, \ldots, x_{n}\right)=y$ тогда и только тогда, когда значения $\varphi\left(x_{1}, \ldots, x_{n}, 0\right), \ldots, \varphi\left(x_{1}, \ldots, x_{n}, y-1\right)$ определены и не равны 0 , а $\varphi\left(x_{1}, \ldots, x_{n}, y\right)=0$. Частичная функция $f$ наз. р е к у р с и в н о й, если она может быть получена из простейших функций с помощью конечного числа применений операторов суперпозиции, примитивной рекурсии и минимизации.

Иными словами, $f$ является Р. Ф., если существует такая конечная последовательность частичных функций $g_{1}, \ldots, g_{k}$, что $g_{k}=f$ и каждая функция этой последовательности либо является простейшей, либо получается из предыдущих с помощью операторов суперпозиции, примитивной рекурсии или минимизации. С помощью метода арифметизации можно получить пересчет всех таких описаний P. ф., а именно, можно указать алгоритм, к-рый каждому натуральному числу $x$ сопоставляет нек-рое описание Р. Ф. Задаваемую әтим описанием Р. ф. обычно обозначают $\varphi_{x}$, а $x$ наз. ее $\mathrm{r}$ ёд е ле в ы м но о е р о м.

Всюду определенные Р. ф. наз. о б щ е р е к у рс и в в ы м и. Существуют P. Ф., к-рые не могут быть продолжены до общерекурсивных.

Для любой Р.ф. можно указать алгоритм вычисления ее значений, т. е. все Р. ф. суть вычислимые функции. Распространенная гипотеза, известная под названием т е 3 и с а Ч ё р ч а, состоит в том, что всякая вычислимая функция является Р. ф. Эта гипотеза подтверждается рядом фактов. Так, все рассматривавшиеся в математике конкретные функции, признаваемые вычислимыми в интуитивном смысле этого слова, оказывались рекурсивными. Понятие Р. Ф. оказывается совпадающим по объему с другими математич. уточнениями понятия вычислимой функции (напр., с понятиями функции, вычислимой на машине Тьюринга, вычислимой с помощью нормального алгорифма Маркова и др.).

Возможны различные определения класса всех Р. ф. через исходные функции и порождающие операции. В частности, всякая Р.ф. может быть получена из функций

И

\[
a(x, y)=x+y, m(x, y)=x \cdot y, I_{m}^{n}
\]

\[
k(x, y)=\left\{\begin{array}{l}
0, \text { если } x&lt;y, \\
1, \text { если } x \geqslant y,
\end{array}\right.
\]

с помощью конечного числа применений операторов суперпозиции и минимизации.

Лum.: [1] М а льц е в А. И., Алгоритмы и рекурсивные функции, М., 1965; [2] Р о д ж е р с X., Теория рекурсивных функций' и әффективная вычислимость, пер. с англ., М., 1972. няемый в математике способ задания функций, при к-ром значение искомой функции в данной точке определяется через ее значения в предшествуюгцих точках (при подходящем отношении предшествования). Р. о. теоретико-числовых функций являются объектами изучения в теории алгоритмов (см. Рекурсия). В теории множеств постоянно используется для определения функций на ординалах трансфинитная рекурсия. В более общем плане Р. о. рассматриваются в теории допустимых множеств, в основе к-рой лежит некий синтез идей теории множеств и теории алгоритмов (см. [2]).

Лum.: [1] Р о д ж е $\mathbf{p}$ с X., Теория рекурсивных функций и әффективная вычислимость, пер. с англ., M., $1972 ;$; [2] B a r-
w i s e J., Admisıble sets and structures, B., 1975 .

Н. В. Белякин. $R \subseteq \mathbb{N}^{n}$, где $\mathbb{N}$ - множество натуральных чисел, что функция $f$, определенная на $\mathbb{N} n$ условием

\[
f\left(x_{1}, \ldots, x_{n}\right)=\left\{\begin{array}{l}
1, \text { если }\left\langle x_{1}, \ldots, x_{n}\right\rangle \in R, \\
0, \text { если }\left\langle x_{1}, \ldots, x_{n}\right\rangle \notin R,
\end{array}\right.
\]

является рекурсивной функцией. В частности, при любом $n$ универсальное отношение $\mathbb{N}^{n}$ и нуль-отношение $\varnothing$ являются Р. о. Если $R$ и $S$ суть $n$-местные Р. о., то отношения $R \cup S, R \cap S, R^{\prime}=\mathbb{N}^{n} \backslash R, R \backslash S$ также будут Р. о. Относительно операций $U, \cap,^{\prime}$ система всех n-местных Р. о. образует булеву алгебру. B. E. Плиско.</text_orig>
</article>
