<?xml version="1.0" ?>
<article uri="http://libmeta.ru/me/article/1057_NORMAL'NOE" alphabetic_pos="1057">
  <title>НОРМАЛЬНОЕ IРОСТРАНСТВО в</title>
  <authors/>
  <pages>
    <start>534</start>
    <end>534</end>
  </pages>
  <literature>
    <literature_orig/>
  </literature>
  <formulas_main/>
  <formulas_aux>
    <formula uri="http://libmeta.ru/me/formula/aux/1057_1_NORMAL'NOE">\boldsymbol{p}</formula>
    <formula uri="http://libmeta.ru/me/formula/aux/1057_2_NORMAL'NOE">f^{m}</formula>
    <formula uri="http://libmeta.ru/me/formula/aux/1057_3_NORMAL'NOE">v^{n}-</formula>
    <formula uri="http://libmeta.ru/me/formula/aux/1057_4_NORMAL'NOE">n_{p} F</formula>
    <formula uri="http://libmeta.ru/me/formula/aux/1057_5_NORMAL'NOE">t_{p} F</formula>
    <formula uri="http://libmeta.ru/me/formula/aux/1057_6_NORMAL'NOE">p</formula>
    <formula uri="http://libmeta.ru/me/formula/aux/1057_7_NORMAL'NOE">f</formula>
    <formula uri="http://libmeta.ru/me/formula/aux/1057_8_NORMAL'NOE">n-n \iota</formula>
    <formula uri="http://libmeta.ru/me/formula/aux/1057_9_NORMAL'NOE">f</formula>
    <formula uri="http://libmeta.ru/me/formula/aux/1057_10_NORMAL'NOE">f</formula>
    <formula uri="http://libmeta.ru/me/formula/aux/1057_11_NORMAL'NOE">\boldsymbol{p}</formula>
    <formula uri="http://libmeta.ru/me/formula/aux/1057_12_NORMAL'NOE">f</formula>
    <formula uri="http://libmeta.ru/me/formula/aux/1057_13_NORMAL'NOE">f</formula>
  </formulas_aux>
  <relations n="11">
    <relation uri="http://libmeta.ru/me/relation/1057_1_NORMAL'NOE">
      <rel_text>Aналитическое пространство</rel_text>
      <target>http://libmeta.ru/me/article/201_ANALITIChESKOE</target>
    </relation>
    <relation uri="http://libmeta.ru/me/relation/1057_2_NORMAL'NOE">
      <rel_text>нормаль</rel_text>
      <target>http://libmeta.ru/me/article/1037_NORMAL</target>
    </relation>
    <relation uri="http://libmeta.ru/me/relation/1057_3_NORMAL'NOE">
      <rel_text>гиперповерхность</rel_text>
      <target>http://libmeta.ru/me/article/1070_GIPERPOVERHNOST</target>
    </relation>
    <relation uri="http://libmeta.ru/me/relation/1057_4_NORMAL'NOE">
      <rel_text>поверхности</rel_text>
      <target>http://libmeta.ru/me/article/332_POVERHNOST</target>
    </relation>
    <relation uri="http://libmeta.ru/me/relation/1057_5_NORMAL'NOE">
      <rel_text>поверхности</rel_text>
      <target>http://libmeta.ru/me/article/332_POVERHNOST</target>
    </relation>
    <relation uri="http://libmeta.ru/me/relation/1057_6_NORMAL'NOE">
      <rel_text>коразмерность</rel_text>
      <target>http://libmeta.ru/me/article/8_KORAZMERNOST</target>
    </relation>
    <relation uri="http://libmeta.ru/me/relation/1057_7_NORMAL'NOE">
      <rel_text>поверхности</rel_text>
      <target>http://libmeta.ru/me/article/332_POVERHNOST</target>
    </relation>
    <relation uri="http://libmeta.ru/me/relation/1057_8_NORMAL'NOE">
      <rel_text>пространству</rel_text>
      <target>http://libmeta.ru/me/article/748_PROSTRANSTV</target>
    </relation>
    <relation uri="http://libmeta.ru/me/relation/1057_9_NORMAL'NOE">
      <rel_text>касательному</rel_text>
      <target>http://libmeta.ru/me/article/774_KASATEL'NA</target>
    </relation>
    <relation uri="http://libmeta.ru/me/relation/1057_10_NORMAL'NOE">
      <rel_text>дополнение</rel_text>
      <target>http://libmeta.ru/me/article/335_DOPOLNENI</target>
    </relation>
    <relation uri="http://libmeta.ru/me/relation/1057_11_NORMAL'NOE">
      <rel_text>поверхности</rel_text>
      <target>http://libmeta.ru/me/article/332_POVERHNOST</target>
    </relation>
  </relations>
  <text>нек-рой точке $URI[[http://libmeta.ru/me/formula/aux/1057_1_NORMAL'NOE]]/URI$ к URI[[http://libmeta.ru/me/relation/1057_11_NORMAL'NOE]]/URI $URI[[http://libmeta.ru/me/formula/aux/1057_2_NORMAL'NOE]]/URI$ Iространства $URI[[http://libmeta.ru/me/formula/aux/1057_3_NORMAL'NOE]]/URI$ ортогональное URI[[http://libmeta.ru/me/relation/1057_10_NORMAL'NOE]]/URI $URI[[http://libmeta.ru/me/formula/aux/1057_4_NORMAL'NOE]]/URI$ к URI[[http://libmeta.ru/me/relation/1057_9_NORMAL'NOE]]/URI URI[[http://libmeta.ru/me/relation/1057_8_NORMAL'NOE]]/URI $URI[[http://libmeta.ru/me/formula/aux/1057_5_NORMAL'NOE]]/URI$ (см. URI[[http://libmeta.ru/me/relation/1057_1_NORMAL'NOE]]/URI) в точке $URI[[http://libmeta.ru/me/formula/aux/1057_6_NORMAL'NOE]]/URI$ URI[[http://libmeta.ru/me/relation/1057_7_NORMAL'NOE]]/URI $URI[[http://libmeta.ru/me/formula/aux/1057_7_NORMAL'NOE]]/URI$. Размерность Н. п. равна $URI[[http://libmeta.ru/me/formula/aux/1057_8_NORMAL'NOE]]/URI$ (URI[[http://libmeta.ru/me/relation/1057_6_NORMAL'NOE]]/URI URI[[http://libmeta.ru/me/relation/1057_5_NORMAL'NOE]]/URI $URI[[http://libmeta.ru/me/formula/aux/1057_9_NORMAL'NOE]]/URI$ ). Пюбое его одномерное подпространство наз. норлалью к URI[[http://libmeta.ru/me/relation/1057_4_NORMAL'NOE]]/URI $URI[[http://libmeta.ru/me/formula/aux/1057_10_NORMAL'NOE]]/URI$ в точке $URI[[http://libmeta.ru/me/formula/aux/1057_11_NORMAL'NOE]]/URI$. Если $URI[[http://libmeta.ru/me/formula/aux/1057_12_NORMAL'NOE]]/URI$ - гладкая URI[[http://libmeta.ru/me/relation/1057_3_NORMAL'NOE]]/URI, то в кандой точке $URI[[http://libmeta.ru/me/formula/aux/1057_13_NORMAL'NOE]]/URI$ существует единственная URI[[http://libmeta.ru/me/relation/1057_2_NORMAL'NOE]]/URI.</text>
  <text_orig>нек-рой точке $\boldsymbol{P}$ к поверхности $F^{m}$ Iространства $V^{n}-$ ортогональное дополнение $N_{p} F$ к касательному пространству $T_{p} F$ (см. Aналитическое пространство) в точке $P$ поверхности $F$. Размерность Н. п. равна $n-n \iota$ (коразмерность поверхности $F$ ). Пюбое его одномерное подпространство наз. норлалью к поверхности $F$ в точке $\boldsymbol{P}$. Если $F$ - гладкая гиперповерхность, то в кандой точке $F$ существует единственная нормаль.</text_orig>
</article>
