<?xml version="1.0" ?>
<article uri="http://libmeta.ru/me/article/1057_GIPERBOLIChESKOGO" alphabetic_pos="1057">
  <title>ГИПЕРБОЛИЧЕСКОГО ТИПА УРАВНЕНИЕ</title>
  <authors>
    <author>Б. Л. Рождественский</author>
  </authors>
  <pages>
    <start>497</start>
    <end>498</end>
  </pages>
  <literature>
    <literature_orig/>
  </literature>
  <formulas_main>
    <formula uri="http://libmeta.ru/me/formula/main/1057_1_GIPERBOLIChESKOGO">\begin{gathered}L(u)=H\left(D_{1}, D_{2}, \ldots, D_{n}\right) u+ \\+F\left(D_{1}, D_{2}, \ldots, D_{n}\right) u+G(x)=0,\end{gathered}</formula>
    <formula uri="http://libmeta.ru/me/formula/main/1057_2_GIPERBOLIChESKOGO">L(u)=u_{t t}-\sum_{i, j=1}^{n} a_{i j} D_{i} D_{j} u+F u+G=0</formula>
    <formula uri="http://libmeta.ru/me/formula/main/1057_3_GIPERBOLIChESKOGO">\sum_{i, j=1}^{n} a_{i j} \xi_{i} \xi_{j}</formula>
  </formulas_main>
  <formulas_aux>
    <formula uri="http://libmeta.ru/me/formula/aux/1057_1_GIPERBOLIChESKOGO">m\left(x_{1}, x_{2}, \ldots, x_{n}\right)</formula>
    <formula uri="http://libmeta.ru/me/formula/aux/1057_2_GIPERBOLIChESKOGO">m</formula>
    <formula uri="http://libmeta.ru/me/formula/aux/1057_3_GIPERBOLIChESKOGO">d_{i}=\partial / \partial x_{i}, \quad i=1, \ldots, n, \quad H\left(D_{1}, D_{2}, \ldots, D_{n}\right)-</formula>
    <formula uri="http://libmeta.ru/me/formula/aux/1057_4_GIPERBOLIChESKOGO">m</formula>
    <formula uri="http://libmeta.ru/me/formula/aux/1057_5_GIPERBOLIChESKOGO">f</formula>
    <formula uri="http://libmeta.ru/me/formula/aux/1057_6_GIPERBOLIChESKOGO">m</formula>
    <formula uri="http://libmeta.ru/me/formula/aux/1057_7_GIPERBOLIChESKOGO">q\left(\xi_{1}, \xi_{2}, \ldots, \xi_{n}\right)=H\left(\xi_{1}, \xi_{2}, \ldots, \xi_{n}\right)=0</formula>
    <formula uri="http://libmeta.ru/me/formula/aux/1057_8_GIPERBOLIChESKOGO">n</formula>
    <formula uri="http://libmeta.ru/me/formula/aux/1057_9_GIPERBOLIChESKOGO">\xi_{1}, \xi_{2}, \ldots, \xi_{n}</formula>
    <formula uri="http://libmeta.ru/me/formula/aux/1057_10_GIPERBOLIChESKOGO">(m=1)</formula>
  </formulas_aux>
  <relations n="2">
    <relation uri="http://libmeta.ru/me/relation/1057_1_GIPERBOLIChESKOGO">
      <rel_text>квадратичной</rel_text>
      <target>http://libmeta.ru/me/article/812_KVADRATRIS</target>
    </relation>
    <relation uri="http://libmeta.ru/me/relation/1057_2_GIPERBOLIChESKOGO">
      <rel_text>гиперболичность</rel_text>
      <target>http://libmeta.ru/me/article/1069_GIPERPJOSKOST</target>
    </relation>
  </relations>
  <text>В д а н н о й т о ч к е $URI[[http://libmeta.ru/me/formula/aux/1057_1_GIPERBOLIChESKOGO]]/URI$ - дифференциальное уравнение с частными производными, для к-рого однозначно разрешима задача Коши при начальных данных, заданных в окрестности точки $URI[[http://libmeta.ru/me/formula/aux/1057_2_GIPERBOLIChESKOGO]]/URI$ на любой нехарактеристич. поверхности. В частности, циффференциальное уравнение с частными производными, для к-рого конус нормалей не имеет мнимых полостей, будет Г. т. у. Дифференциальное уравнение

\[
URI[[http://libmeta.ru/me/formula/main/1057_1_GIPERBOLIChESKOGO]]/URI
\]

где $URI[[http://libmeta.ru/me/formula/aux/1057_3_GIPERBOLIChESKOGO]]/URI$ однородный многочлен степени $URI[[http://libmeta.ru/me/formula/aux/1057_4_GIPERBOLIChESKOGO]]/URI$, а многочлен $URI[[http://libmeta.ru/me/formula/aux/1057_5_GIPERBOLIChESKOGO]]/URI$ имеет степень, меньшую чем $URI[[http://libmeta.ru/me/formula/aux/1057_6_GIPERBOLIChESKOGO]]/URI$, наз. Г. т. у., если его характерістич. уравнение

$URI[[http://libmeta.ru/me/formula/aux/1057_7_GIPERBOLIChESKOGO]]/URI$

имеет $URI[[http://libmeta.ru/me/formula/aux/1057_8_GIPERBOLIChESKOGO]]/URI$ различных и действительных решений относительно одной из величин $URI[[http://libmeta.ru/me/formula/aux/1057_9_GIPERBOLIChESKOGO]]/URI$ при заданных остальных. Ліобе уравнение (*) 1-го порядка $URI[[http://libmeta.ru/me/formula/aux/1057_10_GIPERBOLIChESKOGO]]/URI$ с действительными коәффициентами есть Г. т. у. Для уравнений 2-го порядка

\[
URI[[http://libmeta.ru/me/formula/main/1057_2_GIPERBOLIChESKOGO]]/URI
\]

URI[[http://libmeta.ru/me/relation/1057_2_GIPERBOLIChESKOGO]]/URI гарантируется положительной определенностью URI[[http://libmeta.ru/me/relation/1057_1_GIPERBOLIChESKOGO]]/URI формы

\[
URI[[http://libmeta.ru/me/formula/main/1057_3_GIPERBOLIChESKOGO]]/URI
\]</text>
  <text_orig>В д а н н о й т о ч к е $M\left(x_{1}, x_{2}, \ldots, x_{n}\right)$ - дифференциальное уравнение с частными производными, для к-рого однозначно разрешима задача Коши при начальных данных, заданных в окрестности точки $M$ на любой нехарактеристич. поверхности. В частности, циффференциальное уравнение с частными производными, для к-рого конус нормалей не имеет мнимых полостей, будет Г. т. у. Дифференциальное уравнение

\[
\begin{gathered}
L(u)=H\left(D_{1}, D_{2}, \ldots, D_{n}\right) u+ \\
+F\left(D_{1}, D_{2}, \ldots, D_{n}\right) u+G(x)=0,
\end{gathered}
\]

где $D_{i}=\partial / \partial x_{i}, \quad i=1, \ldots, n, \quad H\left(D_{1}, D_{2}, \ldots, D_{n}\right)-$ однородный многочлен степени $m$, а многочлен $F$ имеет степень, меньшую чем $m$, наз. Г. т. у., если его характерістич. уравнение

$Q\left(\xi_{1}, \xi_{2}, \ldots, \xi_{n}\right)=H\left(\xi_{1}, \xi_{2}, \ldots, \xi_{n}\right)=0$

имеет $n$ различных и действительных решений относительно одной из величин $\xi_{1}, \xi_{2}, \ldots, \xi_{n}$ при заданных остальных. Ліобе уравнение (*) 1-го порядка $(m=1)$ с действительными коәффициентами есть Г. т. у. Для уравнений 2-го порядка

\[
L(u)=u_{t t}-\sum_{i, j=1}^{n} a_{i j} D_{i} D_{j} u+F u+G=0
\]

гиперболичность гарантируется положительной определенностью квадратичной формы

\[
\sum_{i, j=1}^{n} a_{i j} \xi_{i} \xi_{j}
\]

Б. Л. Рождественский.</text_orig>
</article>
