<?xml version="1.0" ?>
<article uri="http://libmeta.ru/me/article/1058_GIPERBOLIChESKOGO" alphabetic_pos="1058">
  <title>ГИПЕРБОЛИЧЕСКОГО ТИПА УРАВНЕНИЕ</title>
  <authors>
    <author>Д. В. Аносов</author>
  </authors>
  <pages>
    <start>498</start>
    <end>501</end>
  </pages>
  <literature>
    <literature_orig>Лum.: [i] ну у ши и р ен к о А. Г., К ат ок А. Б., А ле к с е е в в. М., Гладкие динамические системы, в кн.:Девятая летняя матем. школа, К., 1972, с. 50-341; [2] С м е й Ј С., «успехи матем. наук», 1970, т. 25, в. 1, с. 113-85; [3] Н ит е ц к и 3., Введение в диффференциальную динамику, пер. англ., М., 1975.</literature_orig>
  </literature>
  <formulas_main>
    <formula uri="http://libmeta.ru/me/formula/main/1058_1_GIPERBOLIChESKOGO">\frac{\partial w}{\partial t}=A \frac{\partial w}{\partial x},</formula>
    <formula uri="http://libmeta.ru/me/formula/main/1058_2_GIPERBOLIChESKOGO">\frac{\partial w}{\partial t}=\frac{\partial F}{\partial x}+\psi</formula>
    <formula uri="http://libmeta.ru/me/formula/main/1058_3_GIPERBOLIChESKOGO">w(x, 0)=w_{0}(x)</formula>
    <formula uri="http://libmeta.ru/me/formula/main/1058_4_GIPERBOLIChESKOGO">w_{j}^{n+1}=\Lambda w_{j}^{n}</formula>
    <formula uri="http://libmeta.ru/me/formula/main/1058_5_GIPERBOLIChESKOGO">\Lambda=\sum_{\alpha=-q_{1}}^{q_{2}} B_{\alpha} T_{1}^{\alpha},</formula>
    <formula uri="http://libmeta.ru/me/formula/main/1058_6_GIPERBOLIChESKOGO">\begin{aligned}&amp; \sum_{\alpha=-q_{1}}^{q_{2}} B_{\alpha}=I, \\&amp; \sum_{\alpha=-q_{1}}^{q_{2}} \alpha B_{\alpha}=x A,\end{aligned}</formula>
    <formula uri="http://libmeta.ru/me/formula/main/1058_7_GIPERBOLIChESKOGO">\Lambda_{1} w_{j}^{n+1}=\Lambda_{0} w_{j}^{n}</formula>
    <formula uri="http://libmeta.ru/me/formula/main/1058_8_GIPERBOLIChESKOGO">\Lambda_{k}=\sum_{\alpha=-q_{1}}^{q_{2}} B_{\alpha}^{k} T_{1}^{\alpha}, \quad k=0,1,</formula>
    <formula uri="http://libmeta.ru/me/formula/main/1058_9_GIPERBOLIChESKOGO">\frac{\partial u}{\partial t}+a \frac{\partial u}{\partial x}=0, \quad a=\text { const }&gt;0,</formula>
    <formula uri="http://libmeta.ru/me/formula/main/1058_10_GIPERBOLIChESKOGO">\begin{gathered}\frac{u_{j}^{n+1}-\bar{u}_{j}^{n}}{\tau}+a \frac{u_{j+1}^{n}-u_{j-1}^{n}}{2 h}=0, \\\bar{u}_{j}^{n}=\frac{1}{2}\left(u_{j+1}^{n}+u_{j-1}^{n}\right), \\\frac{u_{j}^{n+1}-u_{j}^{n}}{\tau}+a \frac{u_{j}^{n}-u_{j-1}^{n}}{h}=0 .\end{gathered}</formula>
    <formula uri="http://libmeta.ru/me/formula/main/1058_11_GIPERBOLIChESKOGO">\frac{\tau}{h}=\text { const }</formula>
    <formula uri="http://libmeta.ru/me/formula/main/1058_12_GIPERBOLIChESKOGO">\frac{\tau}{h^{2}}=\text { const }</formula>
    <formula uri="http://libmeta.ru/me/formula/main/1058_13_GIPERBOLIChESKOGO">\frac{\partial u}{\partial t}+a \frac{\partial u}{\partial x}=\mu \frac{\partial^{2} u}{\partial x^{2}}, \quad \mu=\frac{h^{2}}{2 \tau} .</formula>
    <formula uri="http://libmeta.ru/me/formula/main/1058_14_GIPERBOLIChESKOGO">\frac{\tau a}{h} \leqslant 1</formula>
    <formula uri="http://libmeta.ru/me/formula/main/1058_15_GIPERBOLIChESKOGO">\frac{u_{j}^{n+1}-u_{j}^{n}}{\tau}+a \frac{u_{j+1}^{n+1}-u_{j-1}^{n+1}}{2 h}=0</formula>
    <formula uri="http://libmeta.ru/me/formula/main/1058_16_GIPERBOLIChESKOGO">\tau \leqslant \text { const } \cdot h^{\beta}(\beta \geqslant 1),</formula>
    <formula uri="http://libmeta.ru/me/formula/main/1058_17_GIPERBOLIChESKOGO">\frac{u_{j}^{n+1}-u_{j}^{n}}{\tau}+a_{j} \frac{u_{j}^{n}-u_{j-1}^{n}}{h}=0, \quad a_{i}=a(j h) .</formula>
    <formula uri="http://libmeta.ru/me/formula/main/1058_18_GIPERBOLIChESKOGO">0 \leqslant 1-x_{j} \leqslant 1, \quad x_{j}=\frac{\tau a_{j}}{h},</formula>
    <formula uri="http://libmeta.ru/me/formula/main/1058_19_GIPERBOLIChESKOGO">\begin{aligned}&amp; \left\|u^{n+1}\right\| \leqslant\left\|u^{n}\right\|, \\&amp; \left\|u^{n}\right\|=\max _{j}\left|u_{j}^{n}\right| .\end{aligned}</formula>
    <formula uri="http://libmeta.ru/me/formula/main/1058_20_GIPERBOLIChESKOGO">w=\left(\begin{array}{l}u \\v\end{array}\right), \quad A=\left(\begin{array}{ll}0 &amp; a \\1 &amp; 0\end{array}\right)</formula>
    <formula uri="http://libmeta.ru/me/formula/main/1058_21_GIPERBOLIChESKOGO">\left.\begin{array}{l}\frac{u^{n+1}(x)-u^{n}(x)}{\tau}=a \frac{v^{n+1}(x+h)-v^{n+1}(x)}{h}, \\\frac{v^{n+1}(x)-v^{n}(x)}{\tau}=\frac{u^{n+1}(x)-u^{n+1}(x-h)}{h}\end{array}\right\}</formula>
    <formula uri="http://libmeta.ru/me/formula/main/1058_22_GIPERBOLIChESKOGO">\left\|E^{n+1}\right\|^{2} \leqslant \frac{1+b_{1} \tau}{1+b_{2} \tau}\left\|E^{n}\right\|^{2}</formula>
    <formula uri="http://libmeta.ru/me/formula/main/1058_23_GIPERBOLIChESKOGO">\begin{gathered}\|E\|^{2}=\int_{-\pi}^{\pi}\left(u^{2}+a v^{2}\right) d x \\b_{1}=\sup _{x, n, \tau}\left|\frac{a^{n+1}(x)-a^{n}(x)}{\tau a^{n}(x)}\right|, \\b_{2}=\sup _{x, n, h}\left(\frac{1}{\sqrt{a^{n+1}(x+h)}}\left|\frac{a^{n+1}(x+h)-a^{n+1}(x)}{h}\right|\right) .\end{gathered}</formula>
    <formula uri="http://libmeta.ru/me/formula/main/1058_24_GIPERBOLIChESKOGO">\begin{aligned}&amp; |\rho| \leqslant 1-\delta|\xi|^{\nu}, \\&amp; |\xi|=|k h| \leqslant \pi,\end{aligned}</formula>
    <formula uri="http://libmeta.ru/me/formula/main/1058_25_GIPERBOLIChESKOGO">\begin{aligned}&amp; u_{j}^{n+1}=u(j h,(n+1) \tau), \\&amp; u_{j-1}^{n}=u((j-1) h, n \tau)\end{aligned}</formula>
    <formula uri="http://libmeta.ru/me/formula/main/1058_26_GIPERBOLIChESKOGO">\begin{gathered}\frac{\partial u}{\partial t}+\sum_{l=2}^{\infty} \frac{\tau^{l-1}}{l !} \frac{\partial^{l} u}{\partial t^{l}}+ \\+a \frac{\partial u}{\partial x}+a \sum_{l=2}^{\infty} \frac{(-1)^{l-1} h^{l}}{l !} \frac{\partial^{l} u}{\partial x^{l}}=0\end{gathered}</formula>
    <formula uri="http://libmeta.ru/me/formula/main/1058_27_GIPERBOLIChESKOGO">\frac{\partial^{2} u}{\partial t^{2}}, \quad \frac{\partial^{3} u}{\partial t^{3}}, \cdots</formula>
    <formula uri="http://libmeta.ru/me/formula/main/1058_28_GIPERBOLIChESKOGO">\frac{\partial u}{\partial t}+a \frac{\partial u}{\partial x}=\sum_{l=2}^{\infty} C_{l} \frac{\partial^{l} u}{\partial x^{l}},</formula>
    <formula uri="http://libmeta.ru/me/formula/main/1058_29_GIPERBOLIChESKOGO">\frac{\tau}{2} \frac{\partial^{2} u}{\partial t^{2}}+\frac{\partial u}{\partial t}+a \frac{\partial u}{\partial x}-\frac{a h}{2} \frac{\partial^{2} u}{\partial x^{2}}=0</formula>
    <formula uri="http://libmeta.ru/me/formula/main/1058_30_GIPERBOLIChESKOGO">\begin{gathered}\frac{\partial u}{\partial t}+a \frac{\partial u}{\partial x}=C_{2} \frac{\partial^{2} u}{\partial x^{2}}, \\C_{2}=\frac{a h}{2}\left(1-\frac{a \tau}{h}\right) .\end{gathered}</formula>
    <formula uri="http://libmeta.ru/me/formula/main/1058_31_GIPERBOLIChESKOGO">d=1-|\rho|^{2}=1-e^{\sum_{l=1}^{\infty}(-1)^{l} \frac{\tau}{h^{2 l}} c_{2 l} \xi^{2 l}}</formula>
    <formula uri="http://libmeta.ru/me/formula/main/1058_32_GIPERBOLIChESKOGO">\rho=1-\frac{a \tau}{h}\left(1-e^{-i \xi}\right)</formula>
    <formula uri="http://libmeta.ru/me/formula/main/1058_33_GIPERBOLIChESKOGO">\chi=x a \xi-\arg \rho=\sum_{l=1}^{\infty}(-1)^{l+1} \frac{\tau}{h^{2 l+1}} C_{2 l+1} \xi^{2 l+1} .</formula>
    <formula uri="http://libmeta.ru/me/formula/main/1058_34_GIPERBOLIChESKOGO">\begin{gathered}\left|\tilde{S}_{x}^{t} \xi\right| \leqslant a|\xi| e^{-c t} \text { пріг } t \geqslant 0, \\\left|\tilde{S}_{x \xi}^{t}\right| \geqslant b|\xi| e^{-c t} \text { пріг } t \leqslant 0, \\\left|\tilde{S}_{x}^{t} \eta\right| \leqslant a|\eta| e^{c t} \text { пріп } t \leqslant 0, \\\left|\tilde{S}_{x}^{t} \eta\right| \geqslant b|\eta| e^{c t} \text { пріг } t \geqslant 0\end{gathered}</formula>
    <formula uri="http://libmeta.ru/me/formula/main/1058_35_GIPERBOLIChESKOGO">T_{x} M=E_{x}^{s} \oplus E_{x}^{u}</formula>
    <formula uri="http://libmeta.ru/me/formula/main/1058_36_GIPERBOLIChESKOGO">T_{x} M=E_{x}^{s} \oplus E_{x}^{u} \oplus E_{x}^{n}</formula>
  </formulas_main>
  <formulas_aux>
    <formula uri="http://libmeta.ru/me/formula/aux/1058_1_GIPERBOLIChESKOGO">a</formula>
    <formula uri="http://libmeta.ru/me/formula/aux/1058_2_GIPERBOLIChESKOGO">(m \times m)</formula>
    <formula uri="http://libmeta.ru/me/formula/aux/1058_3_GIPERBOLIChESKOGO">m</formula>
    <formula uri="http://libmeta.ru/me/formula/aux/1058_4_GIPERBOLIChESKOGO">w=w(x, t)-</formula>
    <formula uri="http://libmeta.ru/me/formula/aux/1058_5_GIPERBOLIChESKOGO">m</formula>
    <formula uri="http://libmeta.ru/me/formula/aux/1058_6_GIPERBOLIChESKOGO">a</formula>
    <formula uri="http://libmeta.ru/me/formula/aux/1058_7_GIPERBOLIChESKOGO">x, t</formula>
    <formula uri="http://libmeta.ru/me/formula/aux/1058_8_GIPERBOLIChESKOGO">w=w(x, t)</formula>
    <formula uri="http://libmeta.ru/me/formula/aux/1058_9_GIPERBOLIChESKOGO">f</formula>
    <formula uri="http://libmeta.ru/me/formula/aux/1058_10_GIPERBOLIChESKOGO">w, x, t</formula>
    <formula uri="http://libmeta.ru/me/formula/aux/1058_11_GIPERBOLIChESKOGO">a=</formula>
    <formula uri="http://libmeta.ru/me/formula/aux/1058_12_GIPERBOLIChESKOGO">=d F / d w, \psi</formula>
    <formula uri="http://libmeta.ru/me/formula/aux/1058_13_GIPERBOLIChESKOGO">w, x, t</formula>
    <formula uri="http://libmeta.ru/me/formula/aux/1058_14_GIPERBOLIChESKOGO">a, F</formula>
    <formula uri="http://libmeta.ru/me/formula/aux/1058_15_GIPERBOLIChESKOGO">\psi</formula>
    <formula uri="http://libmeta.ru/me/formula/aux/1058_16_GIPERBOLIChESKOGO">w</formula>
    <formula uri="http://libmeta.ru/me/formula/aux/1058_17_GIPERBOLIChESKOGO">\lambda</formula>
    <formula uri="http://libmeta.ru/me/formula/aux/1058_18_GIPERBOLIChESKOGO">b_{\alpha}</formula>
    <formula uri="http://libmeta.ru/me/formula/aux/1058_19_GIPERBOLIChESKOGO">(m \times m)</formula>
    <formula uri="http://libmeta.ru/me/formula/aux/1058_20_GIPERBOLIChESKOGO">\tau, h, x, t ; t=n \tau, x=j h ; \tau, h</formula>
    <formula uri="http://libmeta.ru/me/formula/aux/1058_21_GIPERBOLIChESKOGO">t</formula>
    <formula uri="http://libmeta.ru/me/formula/aux/1058_22_GIPERBOLIChESKOGO">x</formula>
    <formula uri="http://libmeta.ru/me/formula/aux/1058_23_GIPERBOLIChESKOGO">q_{1}</formula>
    <formula uri="http://libmeta.ru/me/formula/aux/1058_24_GIPERBOLIChESKOGO">q_{2}</formula>
    <formula uri="http://libmeta.ru/me/formula/aux/1058_25_GIPERBOLIChESKOGO">\tau, h ; x=\tau / h, T_{1}</formula>
    <formula uri="http://libmeta.ru/me/formula/aux/1058_26_GIPERBOLIChESKOGO">x</formula>
    <formula uri="http://libmeta.ru/me/formula/aux/1058_27_GIPERBOLIChESKOGO">\lambda_{1}</formula>
    <formula uri="http://libmeta.ru/me/formula/aux/1058_28_GIPERBOLIChESKOGO">\lambda_{0}</formula>
    <formula uri="http://libmeta.ru/me/formula/aux/1058_29_GIPERBOLIChESKOGO">b_{\alpha}^{k}</formula>
    <formula uri="http://libmeta.ru/me/formula/aux/1058_30_GIPERBOLIChESKOGO">(m \times m)</formula>
    <formula uri="http://libmeta.ru/me/formula/aux/1058_31_GIPERBOLIChESKOGO">\tau, h, x, t</formula>
    <formula uri="http://libmeta.ru/me/formula/aux/1058_32_GIPERBOLIChESKOGO">\lambda_{1}</formula>
    <formula uri="http://libmeta.ru/me/formula/aux/1058_33_GIPERBOLIChESKOGO">b_{\alpha}^{1}</formula>
    <formula uri="http://libmeta.ru/me/formula/aux/1058_34_GIPERBOLIChESKOGO">\lambda_{1}</formula>
    <formula uri="http://libmeta.ru/me/formula/aux/1058_35_GIPERBOLIChESKOGO">\tau, h</formula>
    <formula uri="http://libmeta.ru/me/formula/aux/1058_36_GIPERBOLIChESKOGO">\tau</formula>
    <formula uri="http://libmeta.ru/me/formula/aux/1058_37_GIPERBOLIChESKOGO">h</formula>
    <formula uri="http://libmeta.ru/me/formula/aux/1058_38_GIPERBOLIChESKOGO">\tau=\varphi(h)</formula>
    <formula uri="http://libmeta.ru/me/formula/aux/1058_39_GIPERBOLIChESKOGO">\tau, h</formula>
    <formula uri="http://libmeta.ru/me/formula/aux/1058_40_GIPERBOLIChESKOGO">\tau</formula>
    <formula uri="http://libmeta.ru/me/formula/aux/1058_41_GIPERBOLIChESKOGO">h</formula>
    <formula uri="http://libmeta.ru/me/formula/aux/1058_42_GIPERBOLIChESKOGO">\tau</formula>
    <formula uri="http://libmeta.ru/me/formula/aux/1058_43_GIPERBOLIChESKOGO">\tau</formula>
    <formula uri="http://libmeta.ru/me/formula/aux/1058_44_GIPERBOLIChESKOGO">1+o(\tau)</formula>
    <formula uri="http://libmeta.ru/me/formula/aux/1058_45_GIPERBOLIChESKOGO">\tau</formula>
    <formula uri="http://libmeta.ru/me/formula/aux/1058_46_GIPERBOLIChESKOGO">t</formula>
    <formula uri="http://libmeta.ru/me/formula/aux/1058_47_GIPERBOLIChESKOGO">a=a(x)</formula>
    <formula uri="http://libmeta.ru/me/formula/aux/1058_48_GIPERBOLIChESKOGO">c</formula>
    <formula uri="http://libmeta.ru/me/formula/aux/1058_49_GIPERBOLIChESKOGO">\mathbf{x}</formula>
    <formula uri="http://libmeta.ru/me/formula/aux/1058_50_GIPERBOLIChESKOGO">x</formula>
    <formula uri="http://libmeta.ru/me/formula/aux/1058_51_GIPERBOLIChESKOGO">l_{2}</formula>
    <formula uri="http://libmeta.ru/me/formula/aux/1058_52_GIPERBOLIChESKOGO">w_{2}^{p}</formula>
    <formula uri="http://libmeta.ru/me/formula/aux/1058_53_GIPERBOLIChESKOGO">a(x, t), u(x, t), v(x, t)</formula>
    <formula uri="http://libmeta.ru/me/formula/aux/1058_54_GIPERBOLIChESKOGO">x</formula>
    <formula uri="http://libmeta.ru/me/formula/aux/1058_55_GIPERBOLIChESKOGO">2 \pi</formula>
    <formula uri="http://libmeta.ru/me/formula/aux/1058_56_GIPERBOLIChESKOGO">v(v-</formula>
    <formula uri="http://libmeta.ru/me/formula/aux/1058_57_GIPERBOLIChESKOGO">\delta&gt;0</formula>
    <formula uri="http://libmeta.ru/me/formula/aux/1058_58_GIPERBOLIChESKOGO">\rho</formula>
    <formula uri="http://libmeta.ru/me/formula/aux/1058_59_GIPERBOLIChESKOGO">k</formula>
    <formula uri="http://libmeta.ru/me/formula/aux/1058_60_GIPERBOLIChESKOGO">2 r+1</formula>
    <formula uri="http://libmeta.ru/me/formula/aux/1058_61_GIPERBOLIChESKOGO">(2 r+2), \quad r=0,1,2, \ldots</formula>
    <formula uri="http://libmeta.ru/me/formula/aux/1058_62_GIPERBOLIChESKOGO">2 r+2(2 r+4)</formula>
    <formula uri="http://libmeta.ru/me/formula/aux/1058_63_GIPERBOLIChESKOGO">l_{2}</formula>
    <formula uri="http://libmeta.ru/me/formula/aux/1058_64_GIPERBOLIChESKOGO">x=j h, t=n \tau</formula>
    <formula uri="http://libmeta.ru/me/formula/aux/1058_65_GIPERBOLIChESKOGO">\tau</formula>
    <formula uri="http://libmeta.ru/me/formula/aux/1058_66_GIPERBOLIChESKOGO">h</formula>
    <formula uri="http://libmeta.ru/me/formula/aux/1058_67_GIPERBOLIChESKOGO">\gamma</formula>
    <formula uri="http://libmeta.ru/me/formula/aux/1058_68_GIPERBOLIChESKOGO">c_{l}-</formula>
    <formula uri="http://libmeta.ru/me/formula/aux/1058_69_GIPERBOLIChESKOGO">\tau</formula>
    <formula uri="http://libmeta.ru/me/formula/aux/1058_70_GIPERBOLIChESKOGO">h, a ;</formula>
    <formula uri="http://libmeta.ru/me/formula/aux/1058_71_GIPERBOLIChESKOGO">c_{l}=o\left(\tau^{l-1}, h^{l-1}\right)</formula>
    <formula uri="http://libmeta.ru/me/formula/aux/1058_72_GIPERBOLIChESKOGO">o\left(\tau^{2}, h^{2}\right)</formula>
    <formula uri="http://libmeta.ru/me/formula/aux/1058_73_GIPERBOLIChESKOGO">c_{2} \geqslant 0</formula>
    <formula uri="http://libmeta.ru/me/formula/aux/1058_74_GIPERBOLIChESKOGO">a \tau / h \leqslant 1</formula>
    <formula uri="http://libmeta.ru/me/formula/aux/1058_75_GIPERBOLIChESKOGO">52-55</formula>
    <formula uri="http://libmeta.ru/me/formula/aux/1058_76_GIPERBOLIChESKOGO">\left\{s^{t}\right\}-</formula>
    <formula uri="http://libmeta.ru/me/formula/aux/1058_77_GIPERBOLIChESKOGO">f</formula>
    <formula uri="http://libmeta.ru/me/formula/aux/1058_78_GIPERBOLIChESKOGO">m</formula>
    <formula uri="http://libmeta.ru/me/formula/aux/1058_79_GIPERBOLIChESKOGO">f</formula>
    <formula uri="http://libmeta.ru/me/formula/aux/1058_80_GIPERBOLIChESKOGO">\left\{s^{t}\right\}-</formula>
    <formula uri="http://libmeta.ru/me/formula/aux/1058_81_GIPERBOLIChESKOGO">f</formula>
    <formula uri="http://libmeta.ru/me/formula/aux/1058_82_GIPERBOLIChESKOGO">m</formula>
    <formula uri="http://libmeta.ru/me/formula/aux/1058_83_GIPERBOLIChESKOGO">x \in F</formula>
    <formula uri="http://libmeta.ru/me/formula/aux/1058_84_GIPERBOLIChESKOGO">t_{x} M</formula>
    <formula uri="http://libmeta.ru/me/formula/aux/1058_85_GIPERBOLIChESKOGO">m</formula>
    <formula uri="http://libmeta.ru/me/formula/aux/1058_86_GIPERBOLIChESKOGO">e_{x}^{s}</formula>
    <formula uri="http://libmeta.ru/me/formula/aux/1058_87_GIPERBOLIChESKOGO">e_{x}^{u}</formula>
    <formula uri="http://libmeta.ru/me/formula/aux/1058_88_GIPERBOLIChESKOGO">\tilde{s}_{x}^{t}: T_{x} M \rightarrow T_{S}{ }_{x} M</formula>
    <formula uri="http://libmeta.ru/me/formula/aux/1058_89_GIPERBOLIChESKOGO">s^{t}: M \rightarrow M</formula>
    <formula uri="http://libmeta.ru/me/formula/aux/1058_90_GIPERBOLIChESKOGO">x</formula>
    <formula uri="http://libmeta.ru/me/formula/aux/1058_91_GIPERBOLIChESKOGO">\xi \in E_{x}^{S}</formula>
    <formula uri="http://libmeta.ru/me/formula/aux/1058_92_GIPERBOLIChESKOGO">\eta \in E_{x}^{u}</formula>
    <formula uri="http://libmeta.ru/me/formula/aux/1058_93_GIPERBOLIChESKOGO">a, b, c&gt;0</formula>
    <formula uri="http://libmeta.ru/me/formula/aux/1058_94_GIPERBOLIChESKOGO">x</formula>
    <formula uri="http://libmeta.ru/me/formula/aux/1058_95_GIPERBOLIChESKOGO">\left\{s^{t}\right\}-</formula>
    <formula uri="http://libmeta.ru/me/formula/aux/1058_96_GIPERBOLIChESKOGO">t</formula>
    <formula uri="http://libmeta.ru/me/formula/aux/1058_97_GIPERBOLIChESKOGO">\left\{s^{t}\right\}</formula>
    <formula uri="http://libmeta.ru/me/formula/aux/1058_98_GIPERBOLIChESKOGO">e_{x}^{n}</formula>
    <formula uri="http://libmeta.ru/me/formula/aux/1058_99_GIPERBOLIChESKOGO">f</formula>
    <formula uri="http://libmeta.ru/me/formula/aux/1058_100_GIPERBOLIChESKOGO">г</formula>
    <formula uri="http://libmeta.ru/me/formula/aux/1058_101_GIPERBOLIChESKOGO">e_{x}^{s}</formula>
    <formula uri="http://libmeta.ru/me/formula/aux/1058_102_GIPERBOLIChESKOGO">e_{x}^{u}-</formula>
    <formula uri="http://libmeta.ru/me/formula/aux/1058_103_GIPERBOLIChESKOGO">\quad E_{x}^{n}-</formula>
    <formula uri="http://libmeta.ru/me/formula/aux/1058_104_GIPERBOLIChESKOGO">y \in M</formula>
    <formula uri="http://libmeta.ru/me/formula/aux/1058_105_GIPERBOLIChESKOGO">s^{t} y</formula>
    <formula uri="http://libmeta.ru/me/formula/aux/1058_106_GIPERBOLIChESKOGO">s^{t} x</formula>
    <formula uri="http://libmeta.ru/me/formula/aux/1058_107_GIPERBOLIChESKOGO">t \rightarrow \infty</formula>
    <formula uri="http://libmeta.ru/me/formula/aux/1058_108_GIPERBOLIChESKOGO">w_{x}^{s}</formula>
    <formula uri="http://libmeta.ru/me/formula/aux/1058_109_GIPERBOLIChESKOGO">e_{x}^{s}</formula>
    <formula uri="http://libmeta.ru/me/formula/aux/1058_110_GIPERBOLIChESKOGO">x</formula>
    <formula uri="http://libmeta.ru/me/formula/aux/1058_111_GIPERBOLIChESKOGO">x</formula>
    <formula uri="http://libmeta.ru/me/formula/aux/1058_112_GIPERBOLIChESKOGO">w_{x}^{s}</formula>
    <formula uri="http://libmeta.ru/me/formula/aux/1058_113_GIPERBOLIChESKOGO">x</formula>
  </formulas_aux>
  <relations n="16">
    <relation uri="http://libmeta.ru/me/relation/1058_1_GIPERBOLIChESKOGO">
      <rel_text>У-система</rel_text>
      <target>http://libmeta.ru/me/article/1368_U-SISTEM</target>
    </relation>
    <relation uri="http://libmeta.ru/me/relation/1058_2_GIPERBOLIChESKOGO">
      <rel_text>Дифференцирование</rel_text>
      <target>http://libmeta.ru/me/article/302_DIFFERENTsIROVANI</target>
    </relation>
    <relation uri="http://libmeta.ru/me/relation/1058_3_GIPERBOLIChESKOGO">
      <rel_text>Газовой динамики</rel_text>
      <target>http://libmeta.ru/me/article/897_GAZOVOI</target>
    </relation>
    <relation uri="http://libmeta.ru/me/relation/1058_4_GIPERBOLIChESKOGO">
      <rel_text>систем</rel_text>
      <target>http://libmeta.ru/me/article/350_SISTEM</target>
    </relation>
    <relation uri="http://libmeta.ru/me/relation/1058_5_GIPERBOLIChESKOGO">
      <rel_text>динамич</rel_text>
      <target>http://libmeta.ru/me/article/175_DINAMIK</target>
    </relation>
    <relation uri="http://libmeta.ru/me/relation/1058_6_GIPERBOLIChESKOGO">
      <rel_text>теориіг</rel_text>
      <target>http://libmeta.ru/me/article/381_TEORI</target>
    </relation>
    <relation uri="http://libmeta.ru/me/relation/1058_7_GIPERBOLIChESKOGO">
      <rel_text>систем</rel_text>
      <target>http://libmeta.ru/me/article/350_SISTEM</target>
    </relation>
    <relation uri="http://libmeta.ru/me/relation/1058_8_GIPERBOLIChESKOGO">
      <rel_text>динамич</rel_text>
      <target>http://libmeta.ru/me/article/175_DINAMIK</target>
    </relation>
    <relation uri="http://libmeta.ru/me/relation/1058_9_GIPERBOLIChESKOGO">
      <rel_text>фазовое пространство</rel_text>
      <target>http://libmeta.ru/me/article/655_FAZOVOE</target>
    </relation>
    <relation uri="http://libmeta.ru/me/relation/1058_10_GIPERBOLIChESKOGO">
      <rel_text>систем</rel_text>
      <target>http://libmeta.ru/me/article/350_SISTEM</target>
    </relation>
    <relation uri="http://libmeta.ru/me/relation/1058_11_GIPERBOLIChESKOGO">
      <rel_text>единице</rel_text>
      <target>http://libmeta.ru/me/article/389_EDINITs</target>
    </relation>
    <relation uri="http://libmeta.ru/me/relation/1058_12_GIPERBOLIChESKOGO">
      <rel_text>модулю</rel_text>
      <target>http://libmeta.ru/me/article/741_MODEL</target>
    </relation>
    <relation uri="http://libmeta.ru/me/relation/1058_13_GIPERBOLIChESKOGO">
      <rel_text>вариациях</rel_text>
      <target>http://libmeta.ru/me/article/604_VARIATsI</target>
    </relation>
    <relation uri="http://libmeta.ru/me/relation/1058_14_GIPERBOLIChESKOGO">
      <rel_text>уравнения</rel_text>
      <target>http://libmeta.ru/me/article/106_URAVNENI</target>
    </relation>
    <relation uri="http://libmeta.ru/me/relation/1058_15_GIPERBOLIChESKOGO">
      <rel_text>мультипликатор</rel_text>
      <target>http://libmeta.ru/me/article/808_MUL'TIALGEBR</target>
    </relation>
    <relation uri="http://libmeta.ru/me/relation/1058_16_GIPERBOLIChESKOGO">
      <rel_text>периодич</rel_text>
      <target>http://libmeta.ru/me/article/250_PERIMET</target>
    </relation>
  </relations>
  <text>ч и сле н ны е ме т оды р еше ния - методы решения уравнений гиперболич. типа на основе вычислительных алгоритмов.

Различные математич. модели во многих случаях приводят к дифференциальным уравнениям гиперболич. типа. Такие уравнения имеют точные аналитич. решения только в редких случаях. Наиболее распространенными являются численные методы. Они находят широкое применение при решениях задач механики сплошной среды и, в частности, уравнений газовой динамики (см. URI[[http://libmeta.ru/me/relation/1058_3_GIPERBOLIChESKOGO]]/URI численные методы), к-рые по своей структуре являются квазилинейными.

Численные методы решения уравнений гиперболического типа можно разделить на две группы: 1) методы с явным выделением особенностей решения; 2) методы сквозного счета, в к-рых особенности решения явно не выделяются, а получаются в процессе счета как области с резким изменением решений.

К первой группе относится, напр., метод характеристик, к-рый используется только для решения уравнений гиперболич. типа (он нашел широкое применение при решении задач газовой динамики).

Методы второй группы дают собственно разностные схемы. Пусть, напр., пмеется гиперболич. уравнение

\[
URI[[http://libmeta.ru/me/formula/main/1058_1_GIPERBOLIChESKOGO]]/URI
\]

где $URI[[http://libmeta.ru/me/formula/aux/1058_1_GIPERBOLIChESKOGO]]/URI$ есть $URI[[http://libmeta.ru/me/formula/aux/1058_2_GIPERBOLIChESKOGO]]/URI$-матрица, имеющая $URI[[http://libmeta.ru/me/formula/aux/1058_3_GIPERBOLIChESKOGO]]/URI$ различных действительных собственных значений, $URI[[http://libmeta.ru/me/formula/aux/1058_4_GIPERBOLIChESKOGO]]/URI$ вектор-функция с $URI[[http://libmeta.ru/me/formula/aux/1058_5_GIPERBOLIChESKOGO]]/URI$ компонентами. Матрица $URI[[http://libmeta.ru/me/formula/aux/1058_6_GIPERBOLIChESKOGO]]/URI$ может быть либо функцией от $URI[[http://libmeta.ru/me/formula/aux/1058_7_GIPERBOLIChESKOGO]]/URI$, и тогда (1) есть линейная гиперболич. система, либо зависеть также от $URI[[http://libmeta.ru/me/formula/aux/1058_8_GIPERBOLIChESKOGO]]/URI$ (квазилинейная система). Пусть, в последнем случае, система уравнений (1) приводима к дивергентному виду

\[
URI[[http://libmeta.ru/me/formula/main/1058_2_GIPERBOLIChESKOGO]]/URI
\]

где $URI[[http://libmeta.ru/me/formula/aux/1058_9_GIPERBOLIChESKOGO]]/URI$ есть вектор-функция от $URI[[http://libmeta.ru/me/formula/aux/1058_10_GIPERBOLIChESKOGO]]/URI$ такая, что $URI[[http://libmeta.ru/me/formula/aux/1058_11_GIPERBOLIChESKOGO]]/URI$ $URI[[http://libmeta.ru/me/formula/aux/1058_12_GIPERBOLIChESKOGO]]/URI$ - вектор-функция от $URI[[http://libmeta.ru/me/formula/aux/1058_13_GIPERBOLIChESKOGO]]/URI$. В наиболее важном случае $URI[[http://libmeta.ru/me/formula/aux/1058_14_GIPERBOLIChESKOGO]]/URI$ и $URI[[http://libmeta.ru/me/formula/aux/1058_15_GIPERBOLIChESKOGO]]/URI$ зависят только от $URI[[http://libmeta.ru/me/formula/aux/1058_16_GIPERBOLIChESKOGO]]/URI$. Для системы уравнений (1) может быть поставлена задача Коши:

\[
URI[[http://libmeta.ru/me/formula/main/1058_3_GIPERBOLIChESKOGO]]/URI
\]

с соответствующими краевыми условиями.

Как правило, основой построения разностных схем является аппроксимация соответствующего дифференциальному уравнению пнтегрального закона сохранения с помощью некоторых квадратурных формул на контуре интегрирования разностной ячейки. В случае гладких решений аппроксимация интегрального закона сохранения равносильна прямой аппроксимации соответствующего діффференциального уравнения. Разностные схемы должны удовлетворять требованиям аппроксимации и устойчівости. Эти требования независимы и в определенном смысле вступают в противо- речие одно с другим. Для случая дивергентных систем дифференциальных уравнений существенным является условие дивергентности (или консервативности) разностной схемы. Кроме того, разностные схемы должны удовлетворять еще ряду необходимых требований - диссипативности, экономичности и т. Д. Двухслойная явная разностная схема для линейного уравнения типа (1) имеет вид:

\[
URI[[http://libmeta.ru/me/formula/main/1058_4_GIPERBOLIChESKOGO]]/URI
\]

где $URI[[http://libmeta.ru/me/formula/aux/1058_17_GIPERBOLIChESKOGO]]/URI$ - финитный оператор, т. е. представляется в виде:

\[
URI[[http://libmeta.ru/me/formula/main/1058_5_GIPERBOLIChESKOGO]]/URI
\]

$URI[[http://libmeta.ru/me/formula/aux/1058_18_GIPERBOLIChESKOGO]]/URI$ есть $URI[[http://libmeta.ru/me/formula/aux/1058_19_GIPERBOLIChESKOGO]]/URI$-матрицы с коэффициентами, зависящими от $URI[[http://libmeta.ru/me/formula/aux/1058_20_GIPERBOLIChESKOGO]]/URI$ - шаги разностной сетки по осям $URI[[http://libmeta.ru/me/formula/aux/1058_21_GIPERBOLIChESKOGO]]/URI$ и $URI[[http://libmeta.ru/me/formula/aux/1058_22_GIPERBOLIChESKOGO]]/URI$ соответственно; числа $URI[[http://libmeta.ru/me/formula/aux/1058_23_GIPERBOLIChESKOGO]]/URI$ и $URI[[http://libmeta.ru/me/formula/aux/1058_24_GIPERBOLIChESKOGO]]/URI$ не зависят от $URI[[http://libmeta.ru/me/formula/aux/1058_25_GIPERBOLIChESKOGO]]/URI$ - оператор сдвига по $URI[[http://libmeta.ru/me/formula/aux/1058_26_GIPERBOLIChESKOGO]]/URI$.

Условия аппроксимации приводят к соотношениям:

\[
URI[[http://libmeta.ru/me/formula/main/1058_6_GIPERBOLIChESKOGO]]/URI
\]

I - единичная матрица.

Неявная разностная схема может быть записана в виде:

\[
URI[[http://libmeta.ru/me/formula/main/1058_7_GIPERBOLIChESKOGO]]/URI
\]

где $URI[[http://libmeta.ru/me/formula/aux/1058_27_GIPERBOLIChESKOGO]]/URI$ и $URI[[http://libmeta.ru/me/formula/aux/1058_28_GIPERBOLIChESKOGO]]/URI$ - финитные операторы:

\[
URI[[http://libmeta.ru/me/formula/main/1058_8_GIPERBOLIChESKOGO]]/URI
\]

$URI[[http://libmeta.ru/me/formula/aux/1058_29_GIPERBOLIChESKOGO]]/URI$ есть $URI[[http://libmeta.ru/me/formula/aux/1058_30_GIPERBOLIChESKOGO]]/URI$-матрицы, зависящие от $URI[[http://libmeta.ru/me/formula/aux/1058_31_GIPERBOLIChESKOGO]]/URI$, причем оператор $URI[[http://libmeta.ru/me/formula/aux/1058_32_GIPERBOLIChESKOGO]]/URI$ содержит по крайней мере две ненулевые матрицы $URI[[http://libmeta.ru/me/formula/aux/1058_33_GIPERBOLIChESKOGO]]/URI$. Оператор $URI[[http://libmeta.ru/me/formula/aux/1058_34_GIPERBOLIChESKOGO]]/URI$ предполагается обратимым, но его обратный не является финитным.

По свойствам аппроксимации разностные схемы можно подразделить на два класса: условно аппроксимирующие и абсолютно аппроксимирующие. Условно аппроксимирующие разностные схемы аппроксимируют исходное дифференциальное уравнение при $URI[[http://libmeta.ru/me/formula/aux/1058_35_GIPERBOLIChESKOGO]]/URI$, стремящихся к нулю при нек-рой зависимости между $URI[[http://libmeta.ru/me/formula/aux/1058_36_GIPERBOLIChESKOGO]]/URI$ и $URI[[http://libmeta.ru/me/formula/aux/1058_37_GIPERBOLIChESKOGO]]/URI$ : $URI[[http://libmeta.ru/me/formula/aux/1058_38_GIPERBOLIChESKOGO]]/URI$. Абсолютно аппроксимирующие разностные схемы аппроксимируют исходное дифференциальное уравнение при стремлении $URI[[http://libmeta.ru/me/formula/aux/1058_39_GIPERBOLIChESKOGO]]/URI$ к нулю по любому закону.

В случае условной аппроксимации разностное уравнение может аппроксимировать различные діфференциальные уравнения при различных законах предельного перехода. Так, напр., для уравнения

\[
URI[[http://libmeta.ru/me/formula/main/1058_9_GIPERBOLIChESKOGO]]/URI
\]

рассмотрим две разностные схемы:

\[
URI[[http://libmeta.ru/me/formula/main/1058_10_GIPERBOLIChESKOGO]]/URI
\]

При законе предельного перехода

\[
URI[[http://libmeta.ru/me/formula/main/1058_11_GIPERBOLIChESKOGO]]/URI
\]

разностная схема (3) аппроксимирует уравнение (2), а при законе предельного перехода

\[
URI[[http://libmeta.ru/me/formula/main/1058_12_GIPERBOLIChESKOGO]]/URI
\]

- уравнение

\[
URI[[http://libmeta.ru/me/formula/main/1058_13_GIPERBOLIChESKOGO]]/URI
\] Разностная схема (4) аппроксимирует уравнение (2) абсолютно.

Аналогично, разностные схемы подразделяются на условно устойчивые и абсолютно устойчівые. Так, разностная схема (4) устойчива, если выполнено следующее условие (у с л о в и е К у р а н т а):

\[
URI[[http://libmeta.ru/me/formula/main/1058_14_GIPERBOLIChESKOGO]]/URI
\]

т. е. условно устойчива. С другой стороны, неявная разностная схема

\[
URI[[http://libmeta.ru/me/formula/main/1058_15_GIPERBOLIChESKOGO]]/URI
\]

устойчива при любых соотношениях между $URI[[http://libmeta.ru/me/formula/aux/1058_40_GIPERBOLIChESKOGO]]/URI$ і $URI[[http://libmeta.ru/me/formula/aux/1058_41_GIPERBOLIChESKOGO]]/URI$, т. е. абсолютно устойчива.

Явные разностные схемы просты в реализации, но являются или условно устойчивыми или условно аппроксимирующими. В случае абсолютно аппроксимирующей разностной схемы условие устойчивости явной схемы имеет, как правило, вид

\[
URI[[http://libmeta.ru/me/formula/main/1058_16_GIPERBOLIChESKOGO]]/URI
\]

что приводит к излишне мелкому шагу $URI[[http://libmeta.ru/me/formula/aux/1058_42_GIPERBOLIChESKOGO]]/URI$ и неоправданному увеличению объема вычислений. Абсолютно устойчивые и абсолютно аппроксимирующие схемы находятся только в классе неявных схем.

Неявные разностные схемы более сложны в реализации при переходе с одного временного слоя на другой, но зато шаг $URI[[http://libmeta.ru/me/formula/aux/1058_43_GIPERBOLIChESKOGO]]/URI$ может быть выбран сколь угодно большим и тем самым может определяться исключительно требованием точности.

Теоремы сходимости для разностных схем, аппроксимирующих линейные дифференциальные уравнения, позволяют сводить исследование сходимости разностной схемы к исследованию ее устойчивости.

Исследование аппроксимации разностной схемы соответствующего гиперболич. уравнения сравнительно просто в случае гладких решений, носит локальный характер и по существу сводится к разложению в ряд Тейлора; в случае же разрывных решений это - сложная задача, сводящаяся к проверке интегральных законов сохранения. Исследование устойчивости является значительно более сложной задачей.

Для разностных схем, аппроксимирующих гиперболич. уравнения с постоянными коэффициентами, устойчивость исследуется методом Фурье, а именно, оценивается норма образа Фурье оператора шага разностной схемы. Так как спектральный радиус матрицы образа Фурье оператора шага не превосходит нормы матрицы, то отсюда следует необходимый критерий устойчивости: для устойчивості разностной схемы необходимо, чтобы спектральный радиус образа Фурье оператора шага не превосходил величины $URI[[http://libmeta.ru/me/formula/aux/1058_44_GIPERBOLIChESKOGO]]/URI$, где $URI[[http://libmeta.ru/me/formula/aux/1058_45_GIPERBOLIChESKOGO]]/URI$ - шаг разностной схемы по оси $URI[[http://libmeta.ru/me/formula/aux/1058_46_GIPERBOLIChESKOGO]]/URI$. Это условие является необходимым и для разностных схем с переменными коэффициентами и при ряде дополнительных ограничений является достаточным условием устойчивости разностной схемы. Для исследования устойчивости разностных схем с переменными коэффициентами, а также для нек-рых нелинейных уравнений применяются: метод мажорантных или априорных оценок; локальный алгебраич. метод.

Метод априорных оценок аналогичен соответствующему методу для дифференциальных уравнений, но в разностном случае его реализация встречает болышие трудности, что связано со спецификой разностного анализа, в к-ром, в отличие от априорных оценок в теории дифференциальных уравнений, многие соотношения принимают громоздкий від.

Простейшей мажорантной оценкой является оценка для разностных схем с положительными коэффициентами. Напр., пусть для уравнения (2) с $URI[[http://libmeta.ru/me/formula/aux/1058_47_GIPERBOLIChESKOGO]]/URI$ рассматривается разностная схема:

\[
URI[[http://libmeta.ru/me/formula/main/1058_17_GIPERBOLIChESKOGO]]/URI
\]

Тогда при условии

\[
URI[[http://libmeta.ru/me/formula/main/1058_18_GIPERBOLIChESKOGO]]/URI
\]

справедлива оценка

\[
URI[[http://libmeta.ru/me/formula/main/1058_19_GIPERBOLIChESKOGO]]/URI
\]

Отсюда следует равномерная устойчивость схемы (5) в пространстве $URI[[http://libmeta.ru/me/formula/aux/1058_48_GIPERBOLIChESKOGO]]/URI$. Оценка переносится на разностные схемы, аппроксимирующие гиперболич. системы уравнений в инвариантах.

Весьма важный, хотя и ограниченный класс разностных схем составляют разностные схемы с положительными коэффициентами и матрицами (так наз. м а ж ор а н т н е с $URI[[http://libmeta.ru/me/formula/aux/1058_49_GIPERBOLIChESKOGO]]/URI$ е м ы). Если коэффициенты таких разностных схем есть симметричные, положительные матрицы, липшиц-непрерывные по $URI[[http://libmeta.ru/me/formula/aux/1058_50_GIPERBOLIChESKOGO]]/URI$, то такие схемы устойчивы в пространстве $URI[[http://libmeta.ru/me/formula/aux/1058_51_GIPERBOLIChESKOGO]]/URI$. Как правило, это разностные схемы первого порядка аппроксимации, в к-рых производные аппроксимируются односторонними разностями. При аппроксимациях более высокого порядка, когда берутся центральные разности, как правило, положительные коэфффициенты не получаются. В этом случае используют априорные оценки более общего типа в пространствах $URI[[http://libmeta.ru/me/formula/aux/1058_52_GIPERBOLIChESKOGO]]/URI$.

Пусть, напр., (1) - система уравнений акустики, где

\[
URI[[http://libmeta.ru/me/formula/main/1058_20_GIPERBOLIChESKOGO]]/URI
\]

причем функции $URI[[http://libmeta.ru/me/formula/aux/1058_53_GIPERBOLIChESKOGO]]/URI$ периодичны по $URI[[http://libmeta.ru/me/formula/aux/1058_54_GIPERBOLIChESKOGO]]/URI$ с периодом $URI[[http://libmeta.ru/me/formula/aux/1058_55_GIPERBOLIChESKOGO]]/URI$. Априорная оценка для разностной схемы

\[
URI[[http://libmeta.ru/me/formula/main/1058_21_GIPERBOLIChESKOGO]]/URI
\]

Iмеет від

где

\[
URI[[http://libmeta.ru/me/formula/main/1058_22_GIPERBOLIChESKOGO]]/URI
\]

\[
URI[[http://libmeta.ru/me/formula/main/1058_23_GIPERBOLIChESKOGO]]/URI
\]

Приведенная оценка доказывает устойчивость разностной схемы (6) и аналогична энергетич. неравенству для системы уравнений акустики.

В основе локально алгебраич. метода лежит изучение свойств локального разностного оператора, получаемого из соответствующего разностного оператора с переменными коэффициентами «замораживанием» коэффициентов. Тем самым анализ устойчивости разностного оператора с переменными коәффициентами заменяется анализом целого семейства операторов с постоянными коэфффициентами. Локальный критерий устойчивости является обобщением метода «замораживания» коэффиициентов, используемого в теоріи дифференциальных уравнений. К локальному критерію устойчивости примыкает диссипативный критерий устойчивости. Разностная схема наз. диссипативной порядка $URI[[http://libmeta.ru/me/formula/aux/1058_56_GIPERBOLIChESKOGO]]/URI$ четное число), если существ ует такое $URI[[http://libmeta.ru/me/formula/aux/1058_57_GIPERBOLIChESKOGO]]/URI$, что

\[
URI[[http://libmeta.ru/me/formula/main/1058_24_GIPERBOLIChESKOGO]]/URI
\]

где $URI[[http://libmeta.ru/me/formula/aux/1058_58_GIPERBOLIChESKOGO]]/URI$ - максимальное по модулю собственное число матрицы перехода (образ Фурье оператора шага) разностной схемы, $URI[[http://libmeta.ru/me/formula/aux/1058_59_GIPERBOLIChESKOGO]]/URI$ - дуальное переменное. Тогда, если разностная схема имеет порядок аппроксимации $URI[[http://libmeta.ru/me/formula/aux/1058_60_GIPERBOLIChESKOGO]]/URI$ $URI[[http://libmeta.ru/me/formula/aux/1058_61_GIPERBOLIChESKOGO]]/URI$, и является диссипативной порядка $URI[[http://libmeta.ru/me/formula/aux/1058_62_GIPERBOLIChESKOGO]]/URI$, то для гиперболических систем дифференциальных уравнений 1-го порядка с эрмитовыми матрицами разностная схема будет устойчива в $URI[[http://libmeta.ru/me/formula/aux/1058_63_GIPERBOLIChESKOGO]]/URI$.

При исследовании устойчивости разностных схем для нелинейных гиперболич. уравнений (в частности, уравнений газовой динамики) применяется метод дифференциального приближения, к-рый заменяет анализ разностной схемы анализом ее дифференциального приближения.

Например, дифференциальное приближение разностной схемы (4) для уравнения (2) строится следующим образом: разложение в (4) функции

\[
URI[[http://libmeta.ru/me/formula/main/1058_25_GIPERBOLIChESKOGO]]/URI
\]

в ряды Тейлора относительно точки $URI[[http://libmeta.ru/me/formula/aux/1058_64_GIPERBOLIChESKOGO]]/URI$ по параметрам $URI[[http://libmeta.ru/me/formula/aux/1058_65_GIPERBOLIChESKOGO]]/URI$ и $URI[[http://libmeta.ru/me/formula/aux/1058_66_GIPERBOLIChESKOGO]]/URI$ приводит к $URI[[http://libmeta.ru/me/formula/aux/1058_67_GIPERBOLIChESKOGO]]/URI$-форме диффференциального представления разностной схемы:

\[
URI[[http://libmeta.ru/me/formula/main/1058_26_GIPERBOLIChESKOGO]]/URI
\]

Исключение в (7) производных

\[
URI[[http://libmeta.ru/me/formula/main/1058_27_GIPERBOLIChESKOGO]]/URI
\]

приводит к П-форме дифференциального представления разностной схемы (4):

\[
URI[[http://libmeta.ru/me/formula/main/1058_28_GIPERBOLIChESKOGO]]/URI
\]

где $URI[[http://libmeta.ru/me/formula/aux/1058_68_GIPERBOLIChESKOGO]]/URI$ некоторые коэффициенты, зависящие от $URI[[http://libmeta.ru/me/formula/aux/1058_69_GIPERBOLIChESKOGO]]/URI$, $URI[[http://libmeta.ru/me/formula/aux/1058_70_GIPERBOLIChESKOGO]]/URI$ причем $URI[[http://libmeta.ru/me/formula/aux/1058_71_GIPERBOLIChESKOGO]]/URI$. Исключение в (7) и (8) членов порядка $URI[[http://libmeta.ru/me/formula/aux/1058_72_GIPERBOLIChESKOGO]]/URI$ приводит соответственно к Г-форме первого дифференциального приближения разностной схемы (4):

\[
URI[[http://libmeta.ru/me/formula/main/1058_29_GIPERBOLIChESKOGO]]/URI
\]

и к П-форме первого дифференциального прибліжения разностной схемы (4):

\[
URI[[http://libmeta.ru/me/formula/main/1058_30_GIPERBOLIChESKOGO]]/URI
\]

В лінейном случае для ряда разностных схем показано, что из корректности первого диффференциального приближения следует устойчивость соответствующей разностной схемы. Так, в рассмотренном выше случае разностной схемы (4) корректность уравнения (9) означает, что $URI[[http://libmeta.ru/me/formula/aux/1058_73_GIPERBOLIChESKOGO]]/URI$, т. е. выполнено необходимое и достаточное условие $URI[[http://libmeta.ru/me/formula/aux/1058_74_GIPERBOLIChESKOGO]]/URI$ устойчивости схемы (4). Члены с четными производнымі в уравнении (8) ответственны за диссипативные свойства разностной схемы, а с нечетными производнымі - за дисперсионные свойства разностной схемы. Под диссипацией разностной схемы (4) понимается величина

\[
URI[[http://libmeta.ru/me/formula/main/1058_31_GIPERBOLIChESKOGO]]/URI
\]

\[
URI[[http://libmeta.ru/me/formula/main/1058_32_GIPERBOLIChESKOGO]]/URI
\]

- множитель успления схемы; под дисперсией разностной схемы (4) - величина

\[
URI[[http://libmeta.ru/me/formula/main/1058_33_GIPERBOLIChESKOGO]]/URI
\]

Диссипативные члены в (8) определяют свойства аппроксимационной вязкости схемы (т. е. некоторого механизма сглаживания в разностной схеме). На вид диссипативных членов влияют как искусственные диссипативные члены, вводимые в исходное дифференциальное уравнение, так и структура самой разностной схемы. Первое дифференциальное приближение дает главный член аппроксимационной вязкості. Метод дифференциального приближения широко используется при исследовании разностных схем для нелинейных уравнений и позволяет объяснить эффекты неустойчивости разностных схем, наблюдаемые в конкретных расчетах и не улавливаемые локально методом Фурье.

Основой построения разностных схем в многомерных случаях являются методы расщепления (слабой аппроксимации) и дробных шагов, позволяющие сводить интегрирование исходного многомерного уравненія к интегрированию уравнений более простой структуры (см. Дробных шааго метод).

Получают развитие методы решения гиперболич. уравнений, основанные на методе конечных элементов, к-рый можно рассматривать как разностный метод на специальной нерегулярной сетке.

![](https://cdn.mathpix.com/cropped/2023_07_08_beb009eb897029361baeg-1.jpg?height=52&amp;width=796&amp;top_left_y=1231&amp;top_left_x=1027)
Разностные схемы, М., 1973; [2] Р и х т м а й е р Р., М о p-
т о н К., Разностные методы решения к раевых задач, пер. с англ., М., 1972; [3] Р о ж д е с т в е н с к и й Б. Л., Я н е нк. О Н. Н., Системы квазилинейных уравнений.., М., 1968; [4] С а м а р с к и й А. А.' Г у л и н А. В., Устойчивость

![](https://cdn.mathpix.com/cropped/2023_07_08_beb009eb897029361baeg-1.jpg?height=49&amp;width=831&amp;top_left_y=1392&amp;top_left_x=991)
С е р д ю к о в а С. И., «докл. Ан Ссср&quot;, 1973, т. 208, № 1,
с. $URI[[http://libmeta.ru/me/formula/aux/1058_75_GIPERBOLIChESKOGO]]/URI$.

![](https://cdn.mathpix.com/cropped/2023_07_08_beb009eb897029361baeg-1.jpg?height=37&amp;width=809&amp;top_left_y=1455&amp;top_left_x=1012)
д и н а м и ч е с к о й с іг с т е м ы $URI[[http://libmeta.ru/me/formula/aux/1058_76_GIPERBOLIChESKOGO]]/URI$ компактное подмножество $URI[[http://libmeta.ru/me/formula/aux/1058_77_GIPERBOLIChESKOGO]]/URI$ фазового многообразія $URI[[http://libmeta.ru/me/formula/aux/1058_78_GIPERBOLIChESKOGO]]/URI$, целиком состоящее из траекторий, в окрестности каждой Iiз к-рых поведение (по отношению к нейі) всех соседних траекторий (включая іл те, к-рые не лежат в $URI[[http://libmeta.ru/me/formula/aux/1058_79_GIPERBOLIChESKOGO]]/URI$ ) напоминает поведение траекторий возле седла. Точнее, Г. м. гладкой динамич. системы $URI[[http://libmeta.ru/me/formula/aux/1058_80_GIPERBOLIChESKOGO]]/URI$ это такое компактное инвариантное подмножество $URI[[http://libmeta.ru/me/formula/aux/1058_81_GIPERBOLIChESKOGO]]/URI$ фазового многообразия $URI[[http://libmeta.ru/me/formula/aux/1058_82_GIPERBOLIChESKOGO]]/URI$, что в каждой точке $URI[[http://libmeta.ru/me/formula/aux/1058_83_GIPERBOLIChESKOGO]]/URI$ в касательном пространстве $URI[[http://libmeta.ru/me/formula/aux/1058_84_GIPERBOLIChESKOGO]]/URI$ к $URI[[http://libmeta.ru/me/formula/aux/1058_85_GIPERBOLIChESKOGO]]/URI$ имеются подпространства $URI[[http://libmeta.ru/me/formula/aux/1058_86_GIPERBOLIChESKOGO]]/URI$ Ii $URI[[http://libmeta.ru/me/formula/aux/1058_87_GIPERBOLIChESKOGO]]/URI$, для к-рых выполняются следующие два условия. 1) Действие дифференциалов $URI[[http://libmeta.ru/me/formula/aux/1058_88_GIPERBOLIChESKOGO]]/URI$ отображений $URI[[http://libmeta.ru/me/formula/aux/1058_89_GIPERBOLIChESKOGO]]/URI$ в точке $URI[[http://libmeta.ru/me/formula/aux/1058_90_GIPERBOLIChESKOGO]]/URI$ на векторы $URI[[http://libmeta.ru/me/formula/aux/1058_91_GIPERBOLIChESKOGO]]/URI$, $URI[[http://libmeta.ru/me/formula/aux/1058_92_GIPERBOLIChESKOGO]]/URI$ удовлетворяет неравенствам (см. URI[[http://libmeta.ru/me/relation/1058_2_GIPERBOLIChESKOGO]]/URI отображений):

\[
URI[[http://libmeta.ru/me/formula/main/1058_34_GIPERBOLIChESKOGO]]/URI
\]

с нек-рыми константами $URI[[http://libmeta.ru/me/formula/aux/1058_93_GIPERBOLIChESKOGO]]/URI$, не зависящими от $URI[[http://libmeta.ru/me/formula/aux/1058_94_GIPERBOLIChESKOGO]]/URI$. 2) Если $URI[[http://libmeta.ru/me/formula/aux/1058_95_GIPERBOLIChESKOGO]]/URI$ каскад (т. е. время $URI[[http://libmeta.ru/me/formula/aux/1058_96_GIPERBOLIChESKOGO]]/URI$ прингмает целочисленные значения), то

\[
URI[[http://libmeta.ru/me/formula/main/1058_35_GIPERBOLIChESKOGO]]/URI
\] а если $URI[[http://libmeta.ru/me/formula/aux/1058_97_GIPERBOLIChESKOGO]]/URI$-поток, то

\[
URI[[http://libmeta.ru/me/formula/main/1058_36_GIPERBOLIChESKOGO]]/URI
\]

где $URI[[http://libmeta.ru/me/formula/aux/1058_98_GIPERBOLIChESKOGO]]/URI$ - одномерное подпространство, натянутое на вектор фазовой скорости (тем самым предполагается, что последний нигде на $URI[[http://libmeta.ru/me/formula/aux/1058_99_GIPERBOLIChESKOGO]]/URI$ не обращается в нуль). Кроме того, для удобства нек-рых формулировок бывает целесообразно причислить к $URI[[http://libmeta.ru/me/formula/aux/1058_100_GIPERBOLIChESKOGO]]/URI$. м. такие положения равновесия потоков, для к-рых собственные значенія матрицы линеаризованной системы расположены вне мнимой оси.

Подпространство $URI[[http://libmeta.ru/me/formula/aux/1058_101_GIPERBOLIChESKOGO]]/URI$ наз. у с т о й ч и в ым, $URI[[http://libmeta.ru/me/formula/aux/1058_102_GIPERBOLIChESKOGO]]/URI$ не у с т о й ч и в ым, $URI[[http://libmeta.ru/me/formula/aux/1058_103_GIPERBOLIChESKOGO]]/URI$ не й т ра ль ны м. Точки $URI[[http://libmeta.ru/me/formula/aux/1058_104_GIPERBOLIChESKOGO]]/URI$, для к-рых $URI[[http://libmeta.ru/me/formula/aux/1058_105_GIPERBOLIChESKOGO]]/URI$ неограниченно сближается c $URI[[http://libmeta.ru/me/formula/aux/1058_106_GIPERBOLIChESKOGO]]/URI$ при $URI[[http://libmeta.ru/me/formula/aux/1058_107_GIPERBOLIChESKOGO]]/URI$, образуют нек-рое гладкое многообразие $URI[[http://libmeta.ru/me/formula/aux/1058_108_GIPERBOLIChESKOGO]]/URI$, касающееся $URI[[http://libmeta.ru/me/formula/aux/1058_109_GIPERBOLIChESKOGO]]/URI$ в точке $URI[[http://libmeta.ru/me/formula/aux/1058_110_GIPERBOLIChESKOGO]]/URI$; оно наз. У с т о й ч ив ы м мно го о б раз и е м то ч к и $URI[[http://libmeta.ru/me/formula/aux/1058_111_GIPERBOLIChESKOGO]]/URI$. Объединение $URI[[http://libmeta.ru/me/formula/aux/1058_112_GIPERBOLIChESKOGO]]/URI$ для всех $URI[[http://libmeta.ru/me/formula/aux/1058_113_GIPERBOLIChESKOGO]]/URI$, лежащих на одной траектории, наз. ус тойчи вым много об т р а е к т о р и и. Аналогично вводятся неустойчивые многообразия точки и траектории.

Классич. пример Г. м. потока - URI[[http://libmeta.ru/me/relation/1058_16_GIPERBOLIChESKOGO]]/URI. траектория, для к-рой лишь один URI[[http://libmeta.ru/me/relation/1058_15_GIPERBOLIChESKOGO]]/URI URI[[http://libmeta.ru/me/relation/1058_14_GIPERBOLIChESKOGO]]/URI в URI[[http://libmeta.ru/me/relation/1058_13_GIPERBOLIChESKOGO]]/URI равен по URI[[http://libmeta.ru/me/relation/1058_12_GIPERBOLIChESKOGO]]/URI URI[[http://libmeta.ru/me/relation/1058_11_GIPERBOLIChESKOGO]]/URI. У нек-рых URI[[http://libmeta.ru/me/relation/1058_10_GIPERBOLIChESKOGO]]/URI все URI[[http://libmeta.ru/me/relation/1058_9_GIPERBOLIChESKOGO]]/URI является Г. м. (см. URI[[http://libmeta.ru/me/relation/1058_1_GIPERBOLIChESKOGO]]/URI). Много примеров Г. м. было обнаружено при изучении URI[[http://libmeta.ru/me/relation/1058_8_GIPERBOLIChESKOGO]]/URI. URI[[http://libmeta.ru/me/relation/1058_7_GIPERBOLIChESKOGO]]/URI классич. происхождения (напр., в небесной механике, см. [1]). В общем виде Г. м. были введены С. Смейлом (s. Smale) в 1965 (см. [2]), и с тех пор они играют важную роль в URI[[http://libmeta.ru/me/relation/1058_6_GIPERBOLIChESKOGO]]/URI гладких URI[[http://libmeta.ru/me/relation/1058_5_GIPERBOLIChESKOGO]]/URI. URI[[http://libmeta.ru/me/relation/1058_4_GIPERBOLIChESKOGO]]/URI, будучи как объектом исследования, так и составной частью многих примеров (см. также [3]).</text>
  <text_orig>ч и сле н ны е ме т оды р еше ния - методы решения уравнений гиперболич. типа на основе вычислительных алгоритмов.

Различные математич. модели во многих случаях приводят к дифференциальным уравнениям гиперболич. типа. Такие уравнения имеют точные аналитич. решения только в редких случаях. Наиболее распространенными являются численные методы. Они находят широкое применение при решениях задач механики сплошной среды и, в частности, уравнений газовой динамики (см. Газовой динамики численные методы), к-рые по своей структуре являются квазилинейными.

Численные методы решения уравнений гиперболического типа можно разделить на две группы: 1) методы с явным выделением особенностей решения; 2) методы сквозного счета, в к-рых особенности решения явно не выделяются, а получаются в процессе счета как области с резким изменением решений.

К первой группе относится, напр., метод характеристик, к-рый используется только для решения уравнений гиперболич. типа (он нашел широкое применение при решении задач газовой динамики).

Методы второй группы дают собственно разностные схемы. Пусть, напр., пмеется гиперболич. уравнение

\[
\frac{\partial w}{\partial t}=A \frac{\partial w}{\partial x},
\]

где $A$ есть $(m \times m)$-матрица, имеющая $m$ различных действительных собственных значений, $w=w(x, t)-$ вектор-функция с $m$ компонентами. Матрица $A$ может быть либо функцией от $x, t$, и тогда (1) есть линейная гиперболич. система, либо зависеть также от $w=w(x, t)$ (квазилинейная система). Пусть, в последнем случае, система уравнений (1) приводима к дивергентному виду

\[
\frac{\partial w}{\partial t}=\frac{\partial F}{\partial x}+\psi
\]

где $F$ есть вектор-функция от $w, x, t$ такая, что $A=$ $=d F / d w, \psi$ - вектор-функция от $w, x, t$. В наиболее важном случае $A, F$ и $\psi$ зависят только от $w$. Для системы уравнений (1) может быть поставлена задача Коши:

\[
w(x, 0)=w_{0}(x)
\]

с соответствующими краевыми условиями.

Как правило, основой построения разностных схем является аппроксимация соответствующего дифференциальному уравнению пнтегрального закона сохранения с помощью некоторых квадратурных формул на контуре интегрирования разностной ячейки. В случае гладких решений аппроксимация интегрального закона сохранения равносильна прямой аппроксимации соответствующего діффференциального уравнения. Разностные схемы должны удовлетворять требованиям аппроксимации и устойчівости. Эти требования независимы и в определенном смысле вступают в противо- речие одно с другим. Для случая дивергентных систем дифференциальных уравнений существенным является условие дивергентности (или консервативности) разностной схемы. Кроме того, разностные схемы должны удовлетворять еще ряду необходимых требований - диссипативности, экономичности и т. Д. Двухслойная явная разностная схема для линейного уравнения типа (1) имеет вид:

\[
w_{j}^{n+1}=\Lambda w_{j}^{n}
\]

где $\Lambda$ - финитный оператор, т. е. представляется в виде:

\[
\Lambda=\sum_{\alpha=-q_{1}}^{q_{2}} B_{\alpha} T_{1}^{\alpha},
\]

$B_{\alpha}$ есть $(m \times m)$-матрицы с коэффициентами, зависящими от $\tau, h, x, t ; t=n \tau, x=j h ; \tau, h$ - шаги разностной сетки по осям $t$ и $x$ соответственно; числа $q_{1}$ и $q_{2}$ не зависят от $\tau, h ; x=\tau / h, T_{1}$ - оператор сдвига по $x$.

Условия аппроксимации приводят к соотношениям:

\[
\begin{aligned}
&amp; \sum_{\alpha=-q_{1}}^{q_{2}} B_{\alpha}=I, \\
&amp; \sum_{\alpha=-q_{1}}^{q_{2}} \alpha B_{\alpha}=x A,
\end{aligned}
\]

I - единичная матрица.

Неявная разностная схема может быть записана в виде:

\[
\Lambda_{1} w_{j}^{n+1}=\Lambda_{0} w_{j}^{n}
\]

где $\Lambda_{1}$ и $\Lambda_{0}$ - финитные операторы:

\[
\Lambda_{k}=\sum_{\alpha=-q_{1}}^{q_{2}} B_{\alpha}^{k} T_{1}^{\alpha}, \quad k=0,1,
\]

$B_{\alpha}^{k}$ есть $(m \times m)$-матрицы, зависящие от $\tau, h, x, t$, причем оператор $\Lambda_{1}$ содержит по крайней мере две ненулевые матрицы $B_{\alpha}^{1}$. Оператор $\Lambda_{1}$ предполагается обратимым, но его обратный не является финитным.

По свойствам аппроксимации разностные схемы можно подразделить на два класса: условно аппроксимирующие и абсолютно аппроксимирующие. Условно аппроксимирующие разностные схемы аппроксимируют исходное дифференциальное уравнение при $\tau, h$, стремящихся к нулю при нек-рой зависимости между $\tau$ и $h$ : $\tau=\varphi(h)$. Абсолютно аппроксимирующие разностные схемы аппроксимируют исходное дифференциальное уравнение при стремлении $\tau, h$ к нулю по любому закону.

В случае условной аппроксимации разностное уравнение может аппроксимировать различные діфференциальные уравнения при различных законах предельного перехода. Так, напр., для уравнения

\[
\frac{\partial u}{\partial t}+a \frac{\partial u}{\partial x}=0, \quad a=\text { const }&gt;0,
\]

рассмотрим две разностные схемы:

\[
\begin{gathered}
\frac{u_{j}^{n+1}-\bar{u}_{j}^{n}}{\tau}+a \frac{u_{j+1}^{n}-u_{j-1}^{n}}{2 h}=0, \\
\bar{u}_{j}^{n}=\frac{1}{2}\left(u_{j+1}^{n}+u_{j-1}^{n}\right), \\
\frac{u_{j}^{n+1}-u_{j}^{n}}{\tau}+a \frac{u_{j}^{n}-u_{j-1}^{n}}{h}=0 .
\end{gathered}
\]

При законе предельного перехода

\[
\frac{\tau}{h}=\text { const }
\]

разностная схема (3) аппроксимирует уравнение (2), а при законе предельного перехода

\[
\frac{\tau}{h^{2}}=\text { const }
\]

- уравнение

\[
\frac{\partial u}{\partial t}+a \frac{\partial u}{\partial x}=\mu \frac{\partial^{2} u}{\partial x^{2}}, \quad \mu=\frac{h^{2}}{2 \tau} .
\] Разностная схема (4) аппроксимирует уравнение (2) абсолютно.

Аналогично, разностные схемы подразделяются на условно устойчивые и абсолютно устойчівые. Так, разностная схема (4) устойчива, если выполнено следующее условие (у с л о в и е К у р а н т а):

\[
\frac{\tau a}{h} \leqslant 1
\]

т. е. условно устойчива. С другой стороны, неявная разностная схема

\[
\frac{u_{j}^{n+1}-u_{j}^{n}}{\tau}+a \frac{u_{j+1}^{n+1}-u_{j-1}^{n+1}}{2 h}=0
\]

устойчива при любых соотношениях между $\tau$ і $h$, т. е. абсолютно устойчива.

Явные разностные схемы просты в реализации, но являются или условно устойчивыми или условно аппроксимирующими. В случае абсолютно аппроксимирующей разностной схемы условие устойчивости явной схемы имеет, как правило, вид

\[
\tau \leqslant \text { const } \cdot h^{\beta}(\beta \geqslant 1),
\]

что приводит к излишне мелкому шагу $\tau$ и неоправданному увеличению объема вычислений. Абсолютно устойчивые и абсолютно аппроксимирующие схемы находятся только в классе неявных схем.

Неявные разностные схемы более сложны в реализации при переходе с одного временного слоя на другой, но зато шаг $\tau$ может быть выбран сколь угодно большим и тем самым может определяться исключительно требованием точности.

Теоремы сходимости для разностных схем, аппроксимирующих линейные дифференциальные уравнения, позволяют сводить исследование сходимости разностной схемы к исследованию ее устойчивости.

Исследование аппроксимации разностной схемы соответствующего гиперболич. уравнения сравнительно просто в случае гладких решений, носит локальный характер и по существу сводится к разложению в ряд Тейлора; в случае же разрывных решений это - сложная задача, сводящаяся к проверке интегральных законов сохранения. Исследование устойчивости является значительно более сложной задачей.

Для разностных схем, аппроксимирующих гиперболич. уравнения с постоянными коэффициентами, устойчивость исследуется методом Фурье, а именно, оценивается норма образа Фурье оператора шага разностной схемы. Так как спектральный радиус матрицы образа Фурье оператора шага не превосходит нормы матрицы, то отсюда следует необходимый критерий устойчивости: для устойчивості разностной схемы необходимо, чтобы спектральный радиус образа Фурье оператора шага не превосходил величины $1+O(\tau)$, где $\tau$ - шаг разностной схемы по оси $t$. Это условие является необходимым и для разностных схем с переменными коэффициентами и при ряде дополнительных ограничений является достаточным условием устойчивости разностной схемы. Для исследования устойчивости разностных схем с переменными коэффициентами, а также для нек-рых нелинейных уравнений применяются: метод мажорантных или априорных оценок; локальный алгебраич. метод.

Метод априорных оценок аналогичен соответствующему методу для дифференциальных уравнений, но в разностном случае его реализация встречает болышие трудности, что связано со спецификой разностного анализа, в к-ром, в отличие от априорных оценок в теории дифференциальных уравнений, многие соотношения принимают громоздкий від.

Простейшей мажорантной оценкой является оценка для разностных схем с положительными коэффициентами. Напр., пусть для уравнения (2) с $a=a(x)$ рассматривается разностная схема:

\[
\frac{u_{j}^{n+1}-u_{j}^{n}}{\tau}+a_{j} \frac{u_{j}^{n}-u_{j-1}^{n}}{h}=0, \quad a_{i}=a(j h) .
\]

Тогда при условии

\[
0 \leqslant 1-x_{j} \leqslant 1, \quad x_{j}=\frac{\tau a_{j}}{h},
\]

справедлива оценка

\[
\begin{aligned}
&amp; \left\|u^{n+1}\right\| \leqslant\left\|u^{n}\right\|, \\
&amp; \left\|u^{n}\right\|=\max _{j}\left|u_{j}^{n}\right| .
\end{aligned}
\]

Отсюда следует равномерная устойчивость схемы (5) в пространстве $C$. Оценка переносится на разностные схемы, аппроксимирующие гиперболич. системы уравнений в инвариантах.

Весьма важный, хотя и ограниченный класс разностных схем составляют разностные схемы с положительными коэффициентами и матрицами (так наз. м а ж ор а н т н е с $\mathbf{x}$ е м ы). Если коэффициенты таких разностных схем есть симметричные, положительные матрицы, липшиц-непрерывные по $x$, то такие схемы устойчивы в пространстве $L_{2}$. Как правило, это разностные схемы первого порядка аппроксимации, в к-рых производные аппроксимируются односторонними разностями. При аппроксимациях более высокого порядка, когда берутся центральные разности, как правило, положительные коэфффициенты не получаются. В этом случае используют априорные оценки более общего типа в пространствах $W_{2}^{p}$.

Пусть, напр., (1) - система уравнений акустики, где

\[
w=\left(\begin{array}{l}
u \\
v
\end{array}\right), \quad A=\left(\begin{array}{ll}
0 &amp; a \\
1 &amp; 0
\end{array}\right)
\]

причем функции $a(x, t), u(x, t), v(x, t)$ периодичны по $x$ с периодом $2 \pi$. Априорная оценка для разностной схемы

\[
\left.\begin{array}{l}
\frac{u^{n+1}(x)-u^{n}(x)}{\tau}=a \frac{v^{n+1}(x+h)-v^{n+1}(x)}{h}, \\
\frac{v^{n+1}(x)-v^{n}(x)}{\tau}=\frac{u^{n+1}(x)-u^{n+1}(x-h)}{h}
\end{array}\right\}
\]

Iмеет від

где

\[
\left\|E^{n+1}\right\|^{2} \leqslant \frac{1+b_{1} \tau}{1+b_{2} \tau}\left\|E^{n}\right\|^{2}
\]

\[
\begin{gathered}
\|E\|^{2}=\int_{-\pi}^{\pi}\left(u^{2}+a v^{2}\right) d x \\
b_{1}=\sup _{x, n, \tau}\left|\frac{a^{n+1}(x)-a^{n}(x)}{\tau a^{n}(x)}\right|, \\
b_{2}=\sup _{x, n, h}\left(\frac{1}{\sqrt{a^{n+1}(x+h)}}\left|\frac{a^{n+1}(x+h)-a^{n+1}(x)}{h}\right|\right) .
\end{gathered}
\]

Приведенная оценка доказывает устойчивость разностной схемы (6) и аналогична энергетич. неравенству для системы уравнений акустики.

В основе локально алгебраич. метода лежит изучение свойств локального разностного оператора, получаемого из соответствующего разностного оператора с переменными коэффициентами «замораживанием» коэффициентов. Тем самым анализ устойчивости разностного оператора с переменными коәффициентами заменяется анализом целого семейства операторов с постоянными коэфффициентами. Локальный критерий устойчивости является обобщением метода «замораживания» коэффиициентов, используемого в теоріи дифференциальных уравнений. К локальному критерію устойчивости примыкает диссипативный критерий устойчивости. Разностная схема наз. диссипативной порядка $v(v-$ четное число), если существ ует такое $\delta&gt;0$, что

\[
\begin{aligned}
&amp; |\rho| \leqslant 1-\delta|\xi|^{\nu}, \\
&amp; |\xi|=|k h| \leqslant \pi,
\end{aligned}
\]

где $\rho$ - максимальное по модулю собственное число матрицы перехода (образ Фурье оператора шага) разностной схемы, $k$ - дуальное переменное. Тогда, если разностная схема имеет порядок аппроксимации $2 r+1$ $(2 r+2), \quad r=0,1,2, \ldots$, и является диссипативной порядка $2 r+2(2 r+4)$, то для гиперболических систем дифференциальных уравнений 1-го порядка с эрмитовыми матрицами разностная схема будет устойчива в $L_{2}$.

При исследовании устойчивости разностных схем для нелинейных гиперболич. уравнений (в частности, уравнений газовой динамики) применяется метод дифференциального приближения, к-рый заменяет анализ разностной схемы анализом ее дифференциального приближения.

Например, дифференциальное приближение разностной схемы (4) для уравнения (2) строится следующим образом: разложение в (4) функции

\[
\begin{aligned}
&amp; u_{j}^{n+1}=u(j h,(n+1) \tau), \\
&amp; u_{j-1}^{n}=u((j-1) h, n \tau)
\end{aligned}
\]

в ряды Тейлора относительно точки $x=j h, t=n \tau$ по параметрам $\tau$ и $h$ приводит к $\Gamma$-форме диффференциального представления разностной схемы:

\[
\begin{gathered}
\frac{\partial u}{\partial t}+\sum_{l=2}^{\infty} \frac{\tau^{l-1}}{l !} \frac{\partial^{l} u}{\partial t^{l}}+ \\
+a \frac{\partial u}{\partial x}+a \sum_{l=2}^{\infty} \frac{(-1)^{l-1} h^{l}}{l !} \frac{\partial^{l} u}{\partial x^{l}}=0
\end{gathered}
\]

Исключение в (7) производных

\[
\frac{\partial^{2} u}{\partial t^{2}}, \quad \frac{\partial^{3} u}{\partial t^{3}}, \cdots
\]

приводит к П-форме дифференциального представления разностной схемы (4):

\[
\frac{\partial u}{\partial t}+a \frac{\partial u}{\partial x}=\sum_{l=2}^{\infty} C_{l} \frac{\partial^{l} u}{\partial x^{l}},
\]

где $C_{l}-$ некоторые коэффициенты, зависящие от $\tau$, $h, a ;$ причем $C_{l}=O\left(\tau^{l-1}, h^{l-1}\right)$. Исключение в (7) и (8) членов порядка $O\left(\tau^{2}, h^{2}\right)$ приводит соответственно к Г-форме первого дифференциального приближения разностной схемы (4):

\[
\frac{\tau}{2} \frac{\partial^{2} u}{\partial t^{2}}+\frac{\partial u}{\partial t}+a \frac{\partial u}{\partial x}-\frac{a h}{2} \frac{\partial^{2} u}{\partial x^{2}}=0
\]

и к П-форме первого дифференциального прибліжения разностной схемы (4):

\[
\begin{gathered}
\frac{\partial u}{\partial t}+a \frac{\partial u}{\partial x}=C_{2} \frac{\partial^{2} u}{\partial x^{2}}, \\
C_{2}=\frac{a h}{2}\left(1-\frac{a \tau}{h}\right) .
\end{gathered}
\]

В лінейном случае для ряда разностных схем показано, что из корректности первого диффференциального приближения следует устойчивость соответствующей разностной схемы. Так, в рассмотренном выше случае разностной схемы (4) корректность уравнения (9) означает, что $C_{2} \geqslant 0$, т. е. выполнено необходимое и достаточное условие $a \tau / h \leqslant 1$ устойчивости схемы (4). Члены с четными производнымі в уравнении (8) ответственны за диссипативные свойства разностной схемы, а с нечетными производнымі - за дисперсионные свойства разностной схемы. Под диссипацией разностной схемы (4) понимается величина

\[
d=1-|\rho|^{2}=1-e^{\sum_{l=1}^{\infty}(-1)^{l} \frac{\tau}{h^{2 l}} c_{2 l} \xi^{2 l}}
\]

\[
\rho=1-\frac{a \tau}{h}\left(1-e^{-i \xi}\right)
\]

- множитель успления схемы; под дисперсией разностной схемы (4) - величина

\[
\chi=x a \xi-\arg \rho=\sum_{l=1}^{\infty}(-1)^{l+1} \frac{\tau}{h^{2 l+1}} C_{2 l+1} \xi^{2 l+1} .
\]

Диссипативные члены в (8) определяют свойства аппроксимационной вязкости схемы (т. е. некоторого механизма сглаживания в разностной схеме). На вид диссипативных членов влияют как искусственные диссипативные члены, вводимые в исходное дифференциальное уравнение, так и структура самой разностной схемы. Первое дифференциальное приближение дает главный член аппроксимационной вязкості. Метод дифференциального приближения широко используется при исследовании разностных схем для нелинейных уравнений и позволяет объяснить эффекты неустойчивости разностных схем, наблюдаемые в конкретных расчетах и не улавливаемые локально методом Фурье.

Основой построения разностных схем в многомерных случаях являются методы расщепления (слабой аппроксимации) и дробных шагов, позволяющие сводить интегрирование исходного многомерного уравненія к интегрированию уравнений более простой структуры (см. Дробных шааго метод).

Получают развитие методы решения гиперболич. уравнений, основанные на методе конечных элементов, к-рый можно рассматривать как разностный метод на специальной нерегулярной сетке.

![](https://cdn.mathpix.com/cropped/2023_07_08_beb009eb897029361baeg-1.jpg?height=52&amp;width=796&amp;top_left_y=1231&amp;top_left_x=1027)
Разностные схемы, М., 1973; [2] Р и х т м а й е р Р., М о p-
т о н К., Разностные методы решения к раевых задач, пер. с англ., М., 1972; [3] Р о ж д е с т в е н с к и й Б. Л., Я н е нк. О Н. Н., Системы квазилинейных уравнений.., М., 1968; [4] С а м а р с к и й А. А.' Г у л и н А. В., Устойчивость

![](https://cdn.mathpix.com/cropped/2023_07_08_beb009eb897029361baeg-1.jpg?height=49&amp;width=831&amp;top_left_y=1392&amp;top_left_x=991)
С е р д ю к о в а С. И., «Докл. АН СССР&quot;, 1973, т. 208, № 1,
с. $52-55$.

![](https://cdn.mathpix.com/cropped/2023_07_08_beb009eb897029361baeg-1.jpg?height=37&amp;width=809&amp;top_left_y=1455&amp;top_left_x=1012)
д и н а м и ч е с к о й с іг с т е м ы $\left\{S^{t}\right\}-$ компактное подмножество $F$ фазового многообразія $M$, целиком состоящее из траекторий, в окрестности каждой IIз к-рых поведение (по отношению к нейі) всех соседних траекторий (включая іл те, к-рые не лежат в $F$ ) напоминает поведение траекторий возле седла. Точнее, Г. м. гладкой динамич. системы $\left\{S^{t}\right\}-$ это такое компактное инвариантное подмножество $F$ фазового многообразия $M$, что в каждой точке $x \in F$ в касательном пространстве $T_{x} M$ к $M$ имеются подпространства $E_{x}^{s}$ II $E_{x}^{u}$, для к-рых выполняются следующие два условия. 1) Действие дифференциалов $\tilde{S}_{x}^{t}: T_{x} M \rightarrow T_{S}{ }_{x} M$ отображений $S^{t}: M \rightarrow M$ в точке $x$ на векторы $\xi \in E_{x}^{S}$, $\eta \in E_{x}^{u}$ удовлетворяет неравенствам (см. Дифференцирование отображений):

\[
\begin{gathered}
\left|\tilde{S}_{x}^{t} \xi\right| \leqslant a|\xi| e^{-c t} \text { пріг } t \geqslant 0, \\
\left|\tilde{S}_{x \xi}^{t}\right| \geqslant b|\xi| e^{-c t} \text { пріг } t \leqslant 0, \\
\left|\tilde{S}_{x}^{t} \eta\right| \leqslant a|\eta| e^{c t} \text { пріп } t \leqslant 0, \\
\left|\tilde{S}_{x}^{t} \eta\right| \geqslant b|\eta| e^{c t} \text { пріг } t \geqslant 0
\end{gathered}
\]

с нек-рыми константами $a, b, c&gt;0$, не зависящими от $x$. 2) Если $\left\{S^{t}\right\}-$ каскад (т. е. время $t$ прингмает целочисленные значения), то

\[
T_{x} M=E_{x}^{s} \oplus E_{x}^{u}
\] а если $\left\{S^{t}\right\}$-поток, то

\[
T_{x} M=E_{x}^{s} \oplus E_{x}^{u} \oplus E_{x}^{n}
\]

где $E_{x}^{n}$ - одномерное подпространство, натянутое на вектор фазовой скорости (тем самым предполагается, что последний нигде на $F$ не обращается в нуль). Кроме того, для удобства нек-рых формулировок бывает целесообразно причислить к $Г$. м. такие положения равновесия потоков, для к-рых собственные значенія матрицы линеаризованной системы расположены вне мнимой оси.

Подпространство $E_{x}^{s}$ наз. у с т о й ч и в ым, $E_{x}^{u}-$ не у с т о й ч и в ым, $\quad E_{x}^{n}-$ не й т ра ль ны м. Точки $y \in M$, для к-рых $S^{t} y$ неограниченно сближается c $S^{t} x$ при $t \rightarrow \infty$, образуют нек-рое гладкое многообразие $W_{x}^{s}$, касающееся $E_{x}^{S}$ в точке $x$; оно наз. У с т о й ч ив ы м мно го о б раз и е м то ч к и $x$. Объединение $W_{x}^{s}$ для всех $x$, лежащих на одной траектории, наз. ус тойчи вым много об т р а е к т о р и и. Аналогично вводятся неустойчивые многообразия точки и траектории.

Классич. пример Г. м. потока - периодич. траектория, для к-рой лишь один мультипликатор уравнения в вариациях равен по модулю единице. У нек-рых систем все фазовое пространство является Г. м. (см. У-система). Много примеров Г. м. было обнаружено при изучении динамич. систем классич. происхождения (напр., в небесной механике, см. [1]). В общем виде Г. м. были введены С. Смейлом (S. Smale) в 1965 (см. [2]), и с тех пор они играют важную роль в теориіг гладких динамич. систем, будучи как объектом исследования, так и составной частью многих примеров (см. также [3]).

Лum.: [i] ну у ши и р ен к о А. Г., К ат ок А. Б., А ле к с е е в в. М., Гладкие динамические системы, в кн.:
Девятая летняя матем. школа, К., 1972, с. 50-341; [2] С м е й Ј С., «Успехи матем. наук», 1970, т. 25, в. 1, с. 113-85; [3] Н ит е ц к и 3., Введение в диффференциальную динамику, пер. англ., М., 1975. Д.В. Аносов.</text_orig>
</article>
