<?xml version="1.0" ?>
<article uri="http://libmeta.ru/me/article/1059_NORMAL'NOE" alphabetic_pos="1059">
  <title>НОРМАЛЬНОЕ РАССЛОЕНИЕ</title>
  <authors/>
  <pages>
    <start>535</start>
    <end>535</end>
  </pages>
  <literature>
    <literature_orig>Лит.: [1] Итоги науки и техники. Алгебра. Топология. Геометрия, т. 15, М., 1977, с. 132-56; [2] М и л н о р Д ж., С т aiii е Ф Д Ж., Характеристические классы, пер. с англ., М.,1979 ; [3] Р о л и н В. А., Ф у с д Д. Б., Начальный курс $1979 ;$ [3] Р о х л и н В. А., Ф у к с Д. Б., Начальный курстопологии. Геометрические главы, М., 1977 ; [4] х и р ші М., топологии. Геометрические главы, М., 1977; [4] Х и р Ii 1 М., ф a p е в и ч И. Р., Основы алгебраической геометрии, м.,1972 .А. Онищик.</literature_orig>
    <unit>
      <title>Итоги науки и техники. Алгебра. Топология. Геометрия</title>
      <publication>М.</publication>
      <year>1977</year>
      <other>т. 15, с. 132-56</other>
    </unit>
    <unit>
      <title>М и л н о р Д ж., С т aiii е Ф Д Ж., Характеристические классы</title>
      <publication>пер. с англ., М.</publication>
      <year>1979</year>
      <other/>
    </unit>
    <unit>
      <author>Ролин В. А.</author>
      <author>Фусд Д. Б.</author>
      <author>Начальныйкурс$1979;$[3]Рохлин В. А.</author>
      <author>Фукс Д. Б.</author>
      <title>Начальный курстопологии. Геометрические главы</title>
      <publication>М.</publication>
      <year>1977</year>
      <other/>
    </unit>
    <unit>
      <author>хирші М.</author>
      <title>топологии. Геометрические главы</title>
      <publication>М.</publication>
      <year>1977</year>
      <other>ф a p е в и ч И. Р., Основы алгебраической геометрии, м., 1972 .А. Онищик.</other>
    </unit>
  </literature>
  <formulas_main>
    <formula uri="http://libmeta.ru/me/formula/main/1059_1_NORMAL'NOE">N_{Y / X}=f^{*} T_{X} / T_{Y}</formula>
  </formulas_main>
  <formulas_aux>
    <formula uri="http://libmeta.ru/me/formula/aux/1059_1_NORMAL'NOE">о</formula>
    <formula uri="http://libmeta.ru/me/formula/aux/1059_2_NORMAL'NOE">о 0 \%-</formula>
    <formula uri="http://libmeta.ru/me/formula/aux/1059_3_NORMAL'NOE">x</formula>
    <formula uri="http://libmeta.ru/me/formula/aux/1059_4_NORMAL'NOE">y</formula>
    <formula uri="http://libmeta.ru/me/formula/aux/1059_5_NORMAL'NOE">t_{x}</formula>
    <formula uri="http://libmeta.ru/me/formula/aux/1059_6_NORMAL'NOE">t_{y}-</formula>
    <formula uri="http://libmeta.ru/me/formula/aux/1059_7_NORMAL'NOE">x</formula>
    <formula uri="http://libmeta.ru/me/formula/aux/1059_8_NORMAL'NOE">y</formula>
    <formula uri="http://libmeta.ru/me/formula/aux/1059_9_NORMAL'NOE">n_{y, X}</formula>
    <formula uri="http://libmeta.ru/me/formula/aux/1059_10_NORMAL'NOE">y</formula>
    <formula uri="http://libmeta.ru/me/formula/aux/1059_11_NORMAL'NOE">t_{x} \mid Y</formula>
    <formula uri="http://libmeta.ru/me/formula/aux/1059_12_NORMAL'NOE">u \in T_{X, y}, y \in Y</formula>
    <formula uri="http://libmeta.ru/me/formula/aux/1059_13_NORMAL'NOE">t_{y, y}</formula>
    <formula uri="http://libmeta.ru/me/formula/aux/1059_14_NORMAL'NOE">y</formula>
    <formula uri="http://libmeta.ru/me/formula/aux/1059_15_NORMAL'NOE">x</formula>
    <formula uri="http://libmeta.ru/me/formula/aux/1059_16_NORMAL'NOE">t_{x} \mid Y / T_{Y}</formula>
    <formula uri="http://libmeta.ru/me/formula/aux/1059_17_NORMAL'NOE">f: Y \rightarrow X</formula>
    <formula uri="http://libmeta.ru/me/formula/aux/1059_18_NORMAL'NOE">{ }^{X}</formula>
    <formula uri="http://libmeta.ru/me/formula/aux/1059_19_NORMAL'NOE">n_{y I X}</formula>
    <formula uri="http://libmeta.ru/me/formula/aux/1059_20_NORMAL'NOE">y</formula>
    <formula uri="http://libmeta.ru/me/formula/aux/1059_21_NORMAL'NOE">\bar{x}</formula>
    <formula uri="http://libmeta.ru/me/formula/aux/1059_22_NORMAL'NOE">y</formula>
    <formula uri="http://libmeta.ru/me/formula/aux/1059_23_NORMAL'NOE">x</formula>
    <formula uri="http://libmeta.ru/me/formula/aux/1059_24_NORMAL'NOE">y</formula>
    <formula uri="http://libmeta.ru/me/formula/aux/1059_25_NORMAL'NOE">y</formula>
    <formula uri="http://libmeta.ru/me/formula/aux/1059_26_NORMAL'NOE">y=1</formula>
    <formula uri="http://libmeta.ru/me/formula/aux/1059_27_NORMAL'NOE">n_{y / X}</formula>
    <formula uri="http://libmeta.ru/me/formula/aux/1059_28_NORMAL'NOE">y</formula>
    <formula uri="http://libmeta.ru/me/formula/aux/1059_29_NORMAL'NOE">x</formula>
    <formula uri="http://libmeta.ru/me/formula/aux/1059_30_NORMAL'NOE">\boldsymbol{y}</formula>
    <formula uri="http://libmeta.ru/me/formula/aux/1059_31_NORMAL'NOE">\boldsymbol{y}</formula>
    <formula uri="http://libmeta.ru/me/formula/aux/1059_32_NORMAL'NOE">\left(x, O_{X}\right)</formula>
    <formula uri="http://libmeta.ru/me/formula/aux/1059_33_NORMAL'NOE">y</formula>
    <formula uri="http://libmeta.ru/me/formula/aux/1059_34_NORMAL'NOE">n_{y / X} \rightarrow Y</formula>
    <formula uri="http://libmeta.ru/me/formula/aux/1059_35_NORMAL'NOE">n_{y / X}^{*}</formula>
  </formulas_aux>
  <relations n="7">
    <relation uri="http://libmeta.ru/me/relation/1059_1_NORMAL'NOE">
      <rel_text>Исключительное аналитическое множество</rel_text>
      <target>http://libmeta.ru/me/article/675_ISKLJuChITEL'NOE</target>
    </relation>
    <relation uri="http://libmeta.ru/me/relation/1059_2_NORMAL'NOE">
      <rel_text>Норма.ıьный</rel_text>
      <target>http://libmeta.ru/me/article/1034_NORMALIZATO</target>
    </relation>
    <relation uri="http://libmeta.ru/me/relation/1059_3_NORMAL'NOE">
      <rel_text>подмногообразие</rel_text>
      <target>http://libmeta.ru/me/article/358_PODMNOGOOBRAZI</target>
    </relation>
    <relation uri="http://libmeta.ru/me/relation/1059_4_NORMAL'NOE">
      <rel_text>подмногообразий</rel_text>
      <target>http://libmeta.ru/me/article/358_PODMNOGOOBRAZI</target>
    </relation>
    <relation uri="http://libmeta.ru/me/relation/1059_5_NORMAL'NOE">
      <rel_text>пучок</rel_text>
      <target>http://libmeta.ru/me/article/831_PUChO</target>
    </relation>
    <relation uri="http://libmeta.ru/me/relation/1059_6_NORMAL'NOE">
      <rel_text>векторных пространств</rel_text>
      <target>http://libmeta.ru/me/article/657_VEKTORNOE</target>
    </relation>
    <relation uri="http://libmeta.ru/me/relation/1059_7_NORMAL'NOE">
      <rel_text>пространства</rel_text>
      <target>http://libmeta.ru/me/article/748_PROSTRANSTV</target>
    </relation>
  </relations>
  <text>П О П В $URI[[http://libmeta.ru/me/formula/aux/1059_1_NORMAL'NOE]]/URI$ Г $URI[[http://libmeta.ru/me/formula/aux/1059_2_NORMAL'NOE]]/URI$ р а зи я -- расслоение, состоящее из касательных век- торов к объемлющему многообразию, нормальных к подмногообразию. Если $URI[[http://libmeta.ru/me/formula/aux/1059_3_NORMAL'NOE]]/URI$ - риманово многообразие, $URI[[http://libmeta.ru/me/formula/aux/1059_4_NORMAL'NOE]]/URI$ - его (погруженное) подмпогообразие, $URI[[http://libmeta.ru/me/formula/aux/1059_5_NORMAL'NOE]]/URI$ и $URI[[http://libmeta.ru/me/formula/aux/1059_6_NORMAL'NOE]]/URI$ касательные расслоения над $URI[[http://libmeta.ru/me/formula/aux/1059_7_NORMAL'NOE]]/URI$ и $URI[[http://libmeta.ru/me/formula/aux/1059_8_NORMAL'NOE]]/URI$, то H. p. $URI[[http://libmeta.ru/me/formula/aux/1059_9_NORMAL'NOE]]/URI$ подміогообразия $URI[[http://libmeta.ru/me/formula/aux/1059_10_NORMAL'NOE]]/URI$ есть подрасслоение в $URI[[http://libmeta.ru/me/formula/aux/1059_11_NORMAL'NOE]]/URI$, cocтавленное векторами $URI[[http://libmeta.ru/me/formula/aux/1059_12_NORMAL'NOE]]/URI$, ортогональными к $URI[[http://libmeta.ru/me/formula/aux/1059_13_NORMAL'NOE]]/URI$.

С помощью Н. р. строятся, напр., трубчатые окрестности подмногообразий. Н. р. над $URI[[http://libmeta.ru/me/formula/aux/1059_14_NORMAL'NOE]]/URI$, рассматриваемое с точностью до эквивалентности, не зависит от выбора римановой метрики на $URI[[http://libmeta.ru/me/formula/aux/1059_15_NORMAL'NOE]]/URI$, поскольку может быть определено без помощи метрики как факторрасслоение $URI[[http://libmeta.ru/me/formula/aux/1059_16_NORMAL'NOE]]/URI$. Несколько более общей является конс грукция Н. р. произвольного погружения $URI[[http://libmeta.ru/me/formula/aux/1059_17_NORMAL'NOE]]/URI$ диффференцируемых многообразий:

\[
URI[[http://libmeta.ru/me/formula/main/1059_1_NORMAL'NOE]]/URI
\]

Аналогично определяе'ся $URI[[http://libmeta.ru/me/formula/aux/1059_18_NORMAL'NOE]]/URI$ H. p. $URI[[http://libmeta.ru/me/formula/aux/1059_19_NORMAL'NOE]]/URI$ неособого алгебраич. подмногообразия $URI[[http://libmeta.ru/me/formula/aux/1059_20_NORMAL'NOE]]/URI$ в неособом алгебраич. многообразии $URI[[http://libmeta.ru/me/formula/aux/1059_21_NORMAL'NOE]]/URI$ или Н. р. аналитич. подмногообразия $URI[[http://libmeta.ru/me/formula/aux/1059_22_NORMAL'NOE]]/URI$ в аналитпч. многообразии $URI[[http://libmeta.ru/me/formula/aux/1059_23_NORMAL'NOE]]/URI$; оно является алгебрапческим (соответственно аналитическим) векторным расслоением над $URI[[http://libmeta.ru/me/formula/aux/1059_24_NORMAL'NOE]]/URI$, paнr к-рого есть codim $URI[[http://libmeta.ru/me/formula/aux/1059_25_NORMAL'NOE]]/URI$. Если, в частности, codim $URI[[http://libmeta.ru/me/formula/aux/1059_26_NORMAL'NOE]]/URI$, то расслоение $URI[[http://libmeta.ru/me/formula/aux/1059_27_NORMAL'NOE]]/URI$ изоморфно ограничению на $URI[[http://libmeta.ru/me/formula/aux/1059_28_NORMAL'NOE]]/URI$ расслоения над $URI[[http://libmeta.ru/me/formula/aux/1059_29_NORMAL'NOE]]/URI$, определяемого дивизором $URI[[http://libmeta.ru/me/formula/aux/1059_30_NORMAL'NOE]]/URI$.

В случае, когда $URI[[http://libmeta.ru/me/formula/aux/1059_31_NORMAL'NOE]]/URI$ - аналитич. подпространство аналитич. URI[[http://libmeta.ru/me/relation/1059_7_NORMAL'NOE]]/URI $URI[[http://libmeta.ru/me/formula/aux/1059_32_NORMAL'NOE]]/URI$, H. p. подпространства $URI[[http://libmeta.ru/me/formula/aux/1059_33_NORMAL'NOE]]/URI$ иногда называют аналитич. семейство URI[[http://libmeta.ru/me/relation/1059_6_NORMAL'NOE]]/URI $URI[[http://libmeta.ru/me/formula/aux/1059_34_NORMAL'NOE]]/URI$, двойственное к конормальному пучку $URI[[http://libmeta.ru/me/formula/aux/1059_35_NORMAL'NOE]]/URI$ (см. URI[[http://libmeta.ru/me/relation/1059_2_NORMAL'NOE]]/URI URI[[http://libmeta.ru/me/relation/1059_5_NORMAL'NOE]]/URI). О прпложениях H. p. к вопросу о стягиваемости URI[[http://libmeta.ru/me/relation/1059_4_NORMAL'NOE]]/URI см. URI[[http://libmeta.ru/me/relation/1059_1_NORMAL'NOE]]/URI, Исключительное URI[[http://libmeta.ru/me/relation/1059_3_NORMAL'NOE]]/URI.</text>
  <text_orig>П О П В $о$ Г $о 0 \%-$ р а зи я -- расслоение, состоящее из касательных век- торов к объемлющему многообразию, нормальных к подмногообразию. Если $X$ - риманово многообразие, $Y$ - его (погруженное) подмпогообразие, $T_{X}$ и $T_{Y}-$ касательные расслоения над $X$ и $Y$, то H. p. $N_{Y, X}$ подміогообразия $Y$ есть подрасслоение в $T_{X} \mid Y$, cocтавленное векторами $u \in T_{X, y}, y \in Y$, ортогональными к $T_{Y, y}$.

С помощью Н. р. строятся, напр., трубчатые окрестности подмногообразий. Н. р. над $Y$, рассматриваемое с точностью до эквивалентности, не зависит от выбора римановой метрики на $X$, поскольку может быть определено без помощи метрики как факторрасслоение $T_{X} \mid Y / T_{Y}$. Несколько более общей является конс грукция Н. р. произвольного погружения $f: Y \rightarrow X$ диффференцируемых многообразий:

\[
N_{Y / X}=f^{*} T_{X} / T_{Y}
\]

Аналогично определяе'ся ${ }^{X}$ H. p. $N_{Y I X}$ неособого алгебраич. подмногообразия $Y$ в неособом алгебраич. многообразии $\bar{X}$ или Н. р. аналитич. подмногообразия $Y$ в аналитпч. многообразии $X$; оно является алгебрапческим (соответственно аналитическим) векторным расслоением над $Y$, paнr к-рого есть codim $Y$. Если, в частности, codim $Y=1$, то расслоение $N_{Y / X}$ изоморфно ограничению на $Y$ расслоения над $X$, определяемого дивизором $\boldsymbol{Y}$.

В случае, когда $\boldsymbol{Y}$ - аналитич. подпространство аналитич. пространства $\left(X, O_{X}\right)$, H. p. подпространства $Y$ иногда называют аналитич. семейство векторных пространств $N_{Y / X} \rightarrow Y$, двойственное к конормальному пучку $N_{Y / X}^{*}$ (см. Норма.ıьный пучок). О прпложениях H. p. к вопросу о стягиваемости подмногообразий см. Исключительное аналитическое множество, Исключительное подмногообразие.

Лит.: [1] Итоги науки и техники. Алгебра. Топология. Геометрия, т. 15, М., 1977, с. 132-56; [2] М и л н о р Д ж., С т aIII е Ф Д Ж., Характеристические классы, пер. с англ., М.,
1979 ; [3] Р о л и н В. А., Ф у с д Д. Б., Начальный курс $1979 ;$ [3] Р о х л и н В. А., Ф у к с Д. Б., Начальный курс
топологии. Геометрические главы, М., 1977 ; [4] х и р ші М., топологии. Геометрические главы, М., 1977; [4] Х и р II 1 М., ф a p е в и ч И. Р., Основы алгебраической геометрии, м.,
1972 .
А. Онищик.</text_orig>
</article>
