<?xml version="1.0" ?>
<article uri="http://libmeta.ru/me/article/1059_REKURRSIVNYJ" alphabetic_pos="1059">
  <title>РЕКУРРСИВНЫЙ ОПЕРАТОР</title>
  <authors>
    <author>В. Е. Плиско</author>
  </authors>
  <pages>
    <start>482</start>
    <end>482</end>
  </pages>
  <literature>
    <literature_orig/>
  </literature>
  <formulas_main/>
  <formulas_aux/>
  <relations n="1">
    <relation uri="http://libmeta.ru/me/relation/1059_1_REKURRSIVNYJ">
      <rel_text>частично рекурсивный оператор</rel_text>
      <target>http://libmeta.ru/me/article/956_ChASTIChNO</target>
    </relation>
  </relations>
  <text>всюду определенный URI[[http://libmeta.ru/me/relation/1059_1_REKURRSIVNYJ]]/URI.</text>
  <text_orig>всюду определенный частично рекурсивный оператор. В. Е. Плиско.</text_orig>
</article>
