<?xml version="1.0" ?>
<article uri="http://libmeta.ru/me/article/105_ALGEBRAIChESKAJa" alphabetic_pos="105">
  <title>АЛГЕБРАИЧЕСКАЯ ГЕОМЕТРИЯ АБСТРАКТНАЯ</title>
  <authors/>
  <pages>
    <start>72</start>
    <end>72</end>
  </pages>
  <literature>
    <literature_orig>Лит.: [1] Г р о т е н д и к А., в кн.: Международный математический конгресс в Эдинбурге, 1958, М., 1962, с. 116-37; [2] Итоги науки и техники. Алгебра. Топология. Геометрия, т. 10, M., 1972, с. 47-112; [3] С е p p Ж. - П., &quot;математика&quot;, T. 10, M., 1972, c. 47-112; [3] C e p p Hk.- П., &quot;математика&quot;, metrie, W. - Innsbruck, 1949; [5] G G o t h e n d i e c k A., Éléments de géométrie algébrique, t. 1, B., 1971; [6] S a m u e l P.,, Méthodes d'algèbre abstraite en géométrie algébrique, 2 éd., B., 1967; [7] S e r r e J. - P., &quot;ann. Math.&quot;, 1955, v. 61, No 1, p. 197-278; [8] Z a r i s k i O., в Kh.: Proceedings of the International Congress of Mathematicians. Cambridge (mass.), 1950, of algebraic geometry, Providence, 1962.</literature_orig>
    <unit>
      <author>Гротендик А.</author>
      <title>в кн.: Международный математический конгресс в Эдинбурге</title>
      <publication/>
      <year>1958</year>
      <other>М., 1962, с. 116-37</other>
    </unit>
    <unit>
      <title>Итоги науки и техники. Алгебра. Топология. Геометрия</title>
      <publication>M.</publication>
      <year>1972</year>
      <other>т. 10, с. 47-112</other>
    </unit>
    <unit>
      <author>Сеpp Ж.- П.</author>
      <title>&quot;математика&quot;</title>
      <publication>M.</publication>
      <year>1972</year>
      <other>T. 10, c. 47-112; [3] C e p p Hk.- П., &quot;математика&quot;, metrie, W. - Innsbruck, 1949; [5] G G o t h e n d i e c k A., Éléments de géométrie algébrique, t. 1, B., 1971; [6] S a m u e l P., Méthodes d'algèbre abstraite en géométrie algébrique, 2 éd., B., 1967; [7] S e r r e J. - P., &quot;ann. Math.&quot;, 1955, v. 61, No 1, p. 197-278; [8] Z a r i s k i O., в Kh.: Proceedings of the International Congress of Mathematicians. Cambridge (mass.), 1950, of algebraic geometry, Providence, 1962.</other>
    </unit>
  </literature>
  <formulas_main/>
  <formulas_aux>
    <formula uri="http://libmeta.ru/me/formula/aux/105_1_ALGEBRAIChESKAJa">\mathrm{pe}-</formula>
    <formula uri="http://libmeta.ru/me/formula/aux/105_2_ALGEBRAIChESKAJa">k</formula>
    <formula uri="http://libmeta.ru/me/formula/aux/105_3_ALGEBRAIChESKAJa">60-</formula>
  </formulas_aux>
  <relations n="5">
    <relation uri="http://libmeta.ru/me/relation/105_1_ALGEBRAIChESKAJa">
      <rel_text>геометрии</rel_text>
      <target>http://libmeta.ru/me/article/1012_GEOMETRI</target>
    </relation>
    <relation uri="http://libmeta.ru/me/relation/105_2_ALGEBRAIChESKAJa">
      <rel_text>связать</rel_text>
      <target>http://libmeta.ru/me/article/1222_SVJaZK</target>
    </relation>
    <relation uri="http://libmeta.ru/me/relation/105_3_ALGEBRAIChESKAJa">
      <rel_text>алгебраическое пространство</rel_text>
      <target>http://libmeta.ru/me/article/1179_ODNORODNOE</target>
    </relation>
    <relation uri="http://libmeta.ru/me/relation/105_4_ALGEBRAIChESKAJa">
      <rel_text>многообразия</rel_text>
      <target>http://libmeta.ru/me/article/438_MNOGOOBRAZI</target>
    </relation>
    <relation uri="http://libmeta.ru/me/relation/105_5_ALGEBRAIChESKAJa">
      <rel_text>Предложенное</rel_text>
      <target>http://libmeta.ru/me/article/3_PREDSTAVLENI</target>
    </relation>
  </relations>
  <text>раздел алгебрапческой геометрии, в к-ром изучаются общие свойства алгебраических многообразий над произвольными полями, а также их обобщения схемы. Хотя первые работы в А. г. а. появились еще в 19 в., особенно бурное развитие этой области алгебраич. геометрии прогсходило, начиная с 50-х гг. 20 в., и было связано с созданием А. Гротендиком (a. Grothendieck) общей теории схем. Интерес к алгебраич. геометрии применительно к произвольным полям возник первоначально в связи с теоретико-числовыми задачами и, в частности, с теорией сравнений от двух неизвестных. Особенно существенным для развития A. г. а. было введенное Э. Артином (e. Artin) в 1924 понятие дзета-функции алгебраич. кривой (см. Дзетабункция в алгебраич. геометрии), а также доказательство X. Xacce (h. Hasse) в 1933 аналога гипотезы Римана для эллиптических кривых. Развитая при этом теория алгебрашческих кривых над произвольным полем констант играла существенную роль в данном доказательстве.

Почва для систематич. построения многомерной алгебраич. геометрии над произвольными полями констант была подготовлена общим развитием теории колец и полей в 10-20-х гг. 20 в. В цикле статей Б. Л. ван дер Вардена (b. L. van der Waerden, 1933-38) в основу A. г. а. была положена теория полиномиальных идеалов. В частности, им была построена пересечений теория на неособом проективном алгебраич. многообразии. $URI[[http://libmeta.ru/me/formula/aux/105_1_ALGEBRAIChESKAJa]]/URI$ зультаты работ этого направления подытожены в [4].

В 1940 A. Вейль (a. Weil) обнаружил, что доказательство гипотезы Римана для алгебраич. кривых произвольного рода требует привлечения теории многомерных многообразий над произвольными полями. В связи с этім им была построена теория абстрактных алгебраич. многообразий (не обязательно проективных) над произвольным основным полем, теория дивизоров и теория пересечений для таких многообразий, а также общая теория абелевых многообразий, ранее изучавшихся только в аналитич. случае. Под влиянием книгі [9], вышедшей в 1946, общепринятой основой А. г. а. на долгое время стали теория нормирований и теорія полей (язык «общих точек&quot; Вейля).

В нач. 50-х гг. в А. г. а. были введены мощные методы коммутативной алгебры (см. [6], [8]). Дальнейшей перестройке А. г. а. послужила работа Ж. П. Серра о когерентных алгебрацческих пучках [7]. В ней впервые в А. г. а. были изложены идеи и методы гомологической алгебры. Развитие А. г. а. шло параллельно с разви- тием понятия алгебраич. многообразия. После оиределения А. Вейлем абстрактного алгебраич. многообразия предлагались различные обобщения этого понятия. Самым плодотворным из них оказалось понятіе схемы. Систематич. пзложение этих идей и построеніе общей теории схем было начато А. Гротендиком в 1960 в серии мемуаров [5], где введен в А. г. а. язык функторов И теории категорий и кардıнально перестроены многие классіч. конструкции в алгебраич. геометрии.

Бурное развитие А. г. а. было связано с осознанием того, что рамки теории схем позволяют перенести на «абстрактный случай» практически все известные в классич. комплексном случае понятия и, в частности, теорию когомологий комплексных аналитич. многообразий. Важную роль для развітия А. г. а. сыграла гипотеза А. Вейля (1947), предположившего существование теории когомологий, в к-рой была бы верна Лефъцеца бор.цла для числа неподвижных точек отображения, и установившего глубокие связи этой гипотезы с чисто арифметич. вопросами алгебраич. многообразий (см. Дзета-функция в алгебраической геометрии).

Понятие топологизированной категории (топология Гротендика) нашло многочисленные применения, разработка и развитие к-рых положили начало новым направлениям А. г. а.- теории представимых функторов, формальной геометріи (см. Фориальная группа), Вейля когомологиям, $URI[[http://libmeta.ru/me/formula/aux/105_2_ALGEBRAIChESKAJa]]/URI$-теории, теории групповых схем. Развитые при этом идеи и методы нашли свое отражение во многіх разделах математики (коммутативная алгебра, теория категорий, теория аналитич. пространств, топология).

URI[[http://libmeta.ru/me/relation/105_5_ALGEBRAIChESKAJa]]/URI в конце $URI[[http://libmeta.ru/me/formula/aux/105_3_ALGEBRAIChESKAJa]]/URI$ х гг. новое обобщение алгебрачч. URI[[http://libmeta.ru/me/relation/105_4_ALGEBRAIChESKAJa]]/URI - URI[[http://libmeta.ru/me/relation/105_3_ALGEBRAIChESKAJa]]/URI позволило расширить рамки А. г. а. И еще теснее URI[[http://libmeta.ru/me/relation/105_2_ALGEBRAIChESKAJa]]/URI ее с другими разделами алгебраич. URI[[http://libmeta.ru/me/relation/105_1_ALGEBRAIChESKAJa]]/URI.</text>
  <text_orig>раздел алгебрапческой геометрии, в к-ром изучаются общие свойства алгебраических многообразий над произвольными полями, а также их обобщения схемы. Хотя первые работы в А. г. а. появились еще в 19 в., особенно бурное развитие этой области алгебраич. геометрии прогсходило, начиная с 50-х гг. 20 в., и было связано с созданием А. Гротендиком (A. Grothendieck) общей теории схем. Интерес к алгебраич. геометрии применительно к произвольным полям возник первоначально в связи с теоретико-числовыми задачами и, в частности, с теорией сравнений от двух неизвестных. Особенно существенным для развития A. г. а. было введенное Э. Артином (E. Artin) в 1924 понятие дзета-функции алгебраич. кривой (см. Дзетабункция в алгебраич. геометрии), а также доказательство X. Xacce (H. Hasse) в 1933 аналога гипотезы Римана для эллиптических кривых. Развитая при этом теория алгебрашческих кривых над произвольным полем констант играла существенную роль в данном доказательстве.

Почва для систематич. построения многомерной алгебраич. геометрии над произвольными полями констант была подготовлена общим развитием теории колец и полей в 10-20-х гг. 20 в. В цикле статей Б. Л. ван дер Вардена (B. L. van der Waerden, 1933-38) в основу A. г. а. была положена теория полиномиальных идеалов. В частности, им была построена пересечений теория на неособом проективном алгебраич. многообразии. $\mathrm{Pe}-$ зультаты работ этого направления подытожены в [4].

В 1940 A. Вейль (A. Weil) обнаружил, что доказательство гипотезы Римана для алгебраич. кривых произвольного рода требует привлечения теории многомерных многообразий над произвольными полями. В связи с этім им была построена теория абстрактных алгебраич. многообразий (не обязательно проективных) над произвольным основным полем, теория дивизоров и теория пересечений для таких многообразий, а также общая теория абелевых многообразий, ранее изучавшихся только в аналитич. случае. Под влиянием книгі [9], вышедшей в 1946, общепринятой основой А. г. а. на долгое время стали теория нормирований и теорія полей (язык «общих точек&quot; Вейля).

В нач. 50-х гг. в А. г. а. были введены мощные методы коммутативной алгебры (см. [6], [8]). Дальнейшей перестройке А. г. а. послужила работа Ж. П. Серра о когерентных алгебрацческих пучках [7]. В ней впервые в А. г. а. были изложены идеи и методы гомологической алгебры. Развитие А. г. а. шло параллельно с разви- тием понятия алгебраич. многообразия. После оиределения А. Вейлем абстрактного алгебраич. многообразия предлагались различные обобщения этого понятия. Самым плодотворным из них оказалось понятіе схемы. Систематич. пзложение этих идей и построеніе общей теории схем было начато А. Гротендиком в 1960 в серии мемуаров [5], где введен в А. г. а. язык функторов И теории категорий и кардıнально перестроены многие классіч. конструкции в алгебраич. геометрии.

Бурное развитие А. г. а. было связано с осознанием того, что рамки теории схем позволяют перенести на «абстрактный случай» практически все известные в классич. комплексном случае понятия и, в частности, теорию когомологий комплексных аналитич. многообразий. Важную роль для развітия А. г. а. сыграла гипотеза А. Вейля (1947), предположившего существование теории когомологий, в к-рой была бы верна Лефъцеца бор.цла для числа неподвижных точек отображения, и установившего глубокие связи этой гипотезы с чисто арифметич. вопросами алгебраич. многообразий (см. Дзета-функция в алгебраической геометрии).

Понятие топологизированной категории (топология Гротендика) нашло многочисленные применения, разработка и развитие к-рых положили начало новым направлениям А. г. а.- теории представимых функторов, формальной геометріи (см. Фориальная группа), Вейля когомологиям, $K$-теории, теории групповых схем. Развитые при этом идеи и методы нашли свое отражение во многіх разделах математики (коммутативная алгебра, теория категорий, теория аналитич. пространств, топология).

Предложенное в конце $60-$ х гг. новое обобщение алгебрачч. многообразия - алгебраическое пространство позволило расширить рамки А. г. а. И еще теснее связать ее с другими разделами алгебраич. геометрии. Лит.: [1] Г р о т е н д и к А., в кн.: Международный математический конгресс в Эдинбурге, 1958, М., 1962, с. 116-37; [2] Итоги науки и техники. Алгебра. Топология. Геометрия, т. 10, M., 1972, с. 47-112; [3] С е p p Ж. - П., &quot;Математика&quot;, T. 10, M., 1972, c. 47-112; [3] C e p p HK.- П., &quot;Математика&quot;, metrie, W. - Innsbruck, 1949; [5] G G o t h e n d i e c k A., Éléments de géométrie algébrique, t. 1, B., 1971; [6] S a m u e l P.,, Méthodes d'algèbre abstraite en géométrie algébrique, 2 éd., B., 1967; [7] S e r r e J. - P., &quot;Ann. Math.&quot;, 1955, v. 61, No 1, p. 197-278; [8] Z a r i s k i O., в KH.: Proceedings of the International Congress of Mathematicians. Cambridge (Mass.), 1950, of algebraic geometry, Providence, 1962.</text_orig>
</article>
