<?xml version="1.0" ?>
<article uri="http://libmeta.ru/me/article/1060_REKU" alphabetic_pos="1060">
  <title>РЕКУ РСИВНЫИ ПРЕДИКАТ</title>
  <authors>
    <author>B. Е. Плиско</author>
  </authors>
  <pages>
    <start>482</start>
    <end>482</end>
  </pages>
  <literature>
    <literature_orig/>
  </literature>
  <formulas_main>
    <formula uri="http://libmeta.ru/me/formula/main/1060_1_REKU">f\left(x_{1}, \ldots, x_{n}\right)=\left\{\begin{array}{l}1, \text { если } P\left(x_{1}, \ldots, x_{n}\right) \text { истинно, } \\0, \text { если } P\left(x_{1}, \ldots, x_{n}\right) \text { ложно, }\end{array}\right.</formula>
  </formulas_main>
  <formulas_aux>
    <formula uri="http://libmeta.ru/me/formula/aux/1060_1_REKU">p\left(x_{1}\right.</formula>
    <formula uri="http://libmeta.ru/me/formula/aux/1060_2_REKU">\left.x_{n}\right)</formula>
    <formula uri="http://libmeta.ru/me/formula/aux/1060_3_REKU">f</formula>
  </formulas_aux>
  <relations n="3">
    <relation uri="http://libmeta.ru/me/relation/1060_1_REKU">
      <rel_text>рекурсивной функцией</rel_text>
      <target>http://libmeta.ru/me/article/654_PRIMITIVNO</target>
    </relation>
    <relation uri="http://libmeta.ru/me/relation/1060_2_REKU">
      <rel_text>функция</rel_text>
      <target>http://libmeta.ru/me/article/790_FUNKTO</target>
    </relation>
    <relation uri="http://libmeta.ru/me/relation/1060_3_REKU">
      <rel_text>предикат</rel_text>
      <target>http://libmeta.ru/me/article/582_PREDBAZ</target>
    </relation>
  </relations>
  <text>URI[[http://libmeta.ru/me/relation/1060_3_REKU]]/URI $URI[[http://libmeta.ru/me/formula/aux/1060_1_REKU]]/URI$, . .., $URI[[http://libmeta.ru/me/formula/aux/1060_2_REKU]]/URI$, определенный на натуральных числах и такой, что URI[[http://libmeta.ru/me/relation/1060_2_REKU]]/URI $URI[[http://libmeta.ru/me/formula/aux/1060_3_REKU]]/URI$, заданная на натуральных числах условием

\[
URI[[http://libmeta.ru/me/formula/main/1060_1_REKU]]/URI
\]

является URI[[http://libmeta.ru/me/relation/1060_1_REKU]]/URI.</text>
  <text_orig>предикат $P\left(x_{1}\right.$, . .., $\left.x_{n}\right)$, определенный на натуральных числах и такой, что функция $f$, заданная на натуральных числах условием

\[
f\left(x_{1}, \ldots, x_{n}\right)=\left\{\begin{array}{l}
1, \text { если } P\left(x_{1}, \ldots, x_{n}\right) \text { истинно, } \\
0, \text { если } P\left(x_{1}, \ldots, x_{n}\right) \text { ложно, }
\end{array}\right.
\]

является рекурсивной функцией.

B. Е. Плиско.</text_orig>
</article>
