<?xml version="1.0" ?>
<article uri="http://libmeta.ru/me/article/1060_IIIUM" alphabetic_pos="1060">
  <title>IIIУМ А ЛИТИВНБIИ-помеха</title>
  <authors/>
  <pages>
    <start>460</start>
    <end>461</end>
  </pages>
  <literature>
    <literature_orig/>
  </literature>
  <formulas_main/>
  <formulas_aux>
    <formula uri="http://libmeta.ru/me/formula/aux/1060_1_IIIUM">q(y, \cdot)</formula>
    <formula uri="http://libmeta.ru/me/formula/aux/1060_2_IIIUM">\tilde{y}-y, \quad</formula>
    <formula uri="http://libmeta.ru/me/formula/aux/1060_3_IIIUM">q(y, \tilde{y})=</formula>
    <formula uri="http://libmeta.ru/me/formula/aux/1060_4_IIIUM">=q(\tilde{y}-y)</formula>
    <formula uri="http://libmeta.ru/me/formula/aux/1060_5_IIIUM">\tilde{\eta}</formula>
    <formula uri="http://libmeta.ru/me/formula/aux/1060_6_IIIUM">\eta</formula>
    <formula uri="http://libmeta.ru/me/formula/aux/1060_7_IIIUM">\tilde{\eta}=\eta+\zeta</formula>
    <formula uri="http://libmeta.ru/me/formula/aux/1060_8_IIIUM">\tilde{\eta}(t)=\eta(t)+\zeta(t)</formula>
    <formula uri="http://libmeta.ru/me/formula/aux/1060_9_IIIUM">t</formula>
    <formula uri="http://libmeta.ru/me/formula/aux/1060_10_IIIUM">\eta(t), \tilde{\eta}(t)</formula>
    <formula uri="http://libmeta.ru/me/formula/aux/1060_11_IIIUM">\zeta(t)</formula>
    <formula uri="http://libmeta.ru/me/formula/aux/1060_12_IIIUM">\zeta(t)</formula>
    <formula uri="http://libmeta.ru/me/formula/aux/1060_13_IIIUM">\eta(t)</formula>
    <formula uri="http://libmeta.ru/me/formula/aux/1060_14_IIIUM">\zeta(t)</formula>
    <formula uri="http://libmeta.ru/me/formula/aux/1060_15_IIIUM">\mathrm{r}</formula>
    <formula uri="http://libmeta.ru/me/formula/aux/1060_16_IIIUM">1974 ;[2] \mathbf{X}</formula>
    <formula uri="http://libmeta.ru/me/formula/aux/1060_17_IIIUM">\mathrm{p}</formula>
  </formulas_aux>
  <relations n="8">
    <relation uri="http://libmeta.ru/me/relation/1060_1_IIIUM">
      <rel_text>информации</rel_text>
      <target>http://libmeta.ru/me/article/649_INFORMAN</target>
    </relation>
    <relation uri="http://libmeta.ru/me/relation/1060_2_IIIUM">
      <rel_text>Теория</rel_text>
      <target>http://libmeta.ru/me/article/381_TEORI</target>
    </relation>
    <relation uri="http://libmeta.ru/me/relation/1060_3_IIIUM">
      <rel_text>процесса</rel_text>
      <target>http://libmeta.ru/me/article/758_PROTsEDUR</target>
    </relation>
    <relation uri="http://libmeta.ru/me/relation/1060_4_IIIUM">
      <rel_text>сигналами</rel_text>
      <target>http://libmeta.ru/me/article/1291_SIGNATUR</target>
    </relation>
    <relation uri="http://libmeta.ru/me/relation/1060_5_IIIUM">
      <rel_text>случайные процессы</rel_text>
      <target>http://libmeta.ru/me/article/11_SLUChAJNYJ</target>
    </relation>
    <relation uri="http://libmeta.ru/me/relation/1060_6_IIIUM">
      <rel_text>интервале</rel_text>
      <target>http://libmeta.ru/me/article/583_INTEGRA</target>
    </relation>
    <relation uri="http://libmeta.ru/me/relation/1060_7_IIIUM">
      <rel_text>изменяется</rel_text>
      <target>http://libmeta.ru/me/article/502_IZMEL'ChENI</target>
    </relation>
    <relation uri="http://libmeta.ru/me/relation/1060_8_IIIUM">
      <rel_text>дискретным</rel_text>
      <target>http://libmeta.ru/me/article/215_DISKREPAN</target>
    </relation>
  </relations>
  <text>прибавляемая К сигналу при передаче его по каналу связи. Точнее, го- ворят, что задан канал связи с Iii. а., если переходная функция $URI[[http://libmeta.ru/me/formula/aux/1060_1_IIIUM]]/URI$ канала задается илотностью

![](https://cdn.mathpix.com/cropped/2023_07_09_6980d4258a18643b4286g-1.jpg?height=42&amp;width=816&amp;top_left_y=232&amp;top_left_x=138)
чений сигналов на входе и выходе канала соответственно), зависящей лишь от разности $URI[[http://libmeta.ru/me/formula/aux/1060_2_IIIUM]]/URI$ т. е. $URI[[http://libmeta.ru/me/formula/aux/1060_3_IIIUM]]/URI$ $URI[[http://libmeta.ru/me/formula/aux/1060_4_IIIUM]]/URI$. В этом случае сигнал на выходе канала $URI[[http://libmeta.ru/me/formula/aux/1060_5_IIIUM]]/URI$ можно представить в виде суммы сигнала на входе $URI[[http://libmeta.ru/me/formula/aux/1060_6_IIIUM]]/URI$ и не зависящей от него случайной величины ваемой Iii. а., так что $URI[[http://libmeta.ru/me/formula/aux/1060_7_IIIUM]]/URI$.

В случае когда рассматриваются каналы с URI[[http://libmeta.ru/me/relation/1060_8_IIIUM]]/URI или непрерывным временем на конечных или бесконечных интервалах, понятие канала с Iii. а. вводят с помощью соотношения $URI[[http://libmeta.ru/me/formula/aux/1060_8_IIIUM]]/URI$, где $URI[[http://libmeta.ru/me/formula/aux/1060_9_IIIUM]]/URI$ URI[[http://libmeta.ru/me/relation/1060_7_IIIUM]]/URI в рассматриваемом URI[[http://libmeta.ru/me/relation/1060_6_IIIUM]]/URI, а $URI[[http://libmeta.ru/me/formula/aux/1060_10_IIIUM]]/URI$ и $URI[[http://libmeta.ru/me/formula/aux/1060_11_IIIUM]]/URI$ - URI[[http://libmeta.ru/me/relation/1060_5_IIIUM]]/URI, являющиеся соответственно URI[[http://libmeta.ru/me/relation/1060_4_IIIUM]]/URI на входе и выходе канала с Ш. а., причем процесс $URI[[http://libmeta.ru/me/formula/aux/1060_12_IIIUM]]/URI$ не зависит от URI[[http://libmeta.ru/me/relation/1060_3_IIIUM]]/URI $URI[[http://libmeta.ru/me/formula/aux/1060_13_IIIUM]]/URI$. В частности, если $URI[[http://libmeta.ru/me/formula/aux/1060_14_IIIUM]]/URI$ - гауссовский случайный пгроцесс, рассматриваемый канал является каналом гауссовскил.

Пuт.: [1] Г а л л а $URI[[http://libmeta.ru/me/formula/aux/1060_15_IIIUM]]/URI$ e p Р., URI[[http://libmeta.ru/me/relation/1060_2_IIIUM]]/URI URI[[http://libmeta.ru/me/relation/1060_1_IIIUM]]/URI и надежная связь, пер. с англ., М., $URI[[http://libmeta.ru/me/formula/aux/1060_16_IIIUM]]/URI$ а $URI[[http://libmeta.ru/me/formula/aux/1060_17_IIIUM]]/URI$ к в и ч А. А., Борьба с помехами, 2 изд., М., 1965.</text>
  <text_orig>прибавляемая К сигналу при передаче его по каналу связи. Точнее, го- ворят, что задан канал связи с III. а., если переходная функция $Q(y, \cdot)$ канала задается илотностью

![](https://cdn.mathpix.com/cropped/2023_07_09_6980d4258a18643b4286g-1.jpg?height=42&amp;width=816&amp;top_left_y=232&amp;top_left_x=138)
чений сигналов на входе и выходе канала соответственно), зависящей лишь от разности $\tilde{y}-y, \quad$ т. е. $q(y, \tilde{y})=$ $=q(\tilde{y}-y)$. В этом случае сигнал на выходе канала $\tilde{\eta}$ можно представить в виде суммы сигнала на входе $\eta$ и не зависящей от него случайной величины ваемой III. а., так что $\tilde{\eta}=\eta+\zeta$.

В случае когда рассматриваются каналы с дискретным или непрерывным временем на конечных или бесконечных интервалах, понятие канала с III. а. вводят с помощью соотношения $\tilde{\eta}(t)=\eta(t)+\zeta(t)$, где $t$ изменяется в рассматриваемом интервале, а $\eta(t), \tilde{\eta}(t)$ и $\zeta(t)$ - случайные процессы, являющиеся соответственно сигналами на входе и выходе канала с Ш. а., причем процесс $\zeta(t)$ не зависит от процесса $\eta(t)$. В частности, если $\zeta(t)$ - гауссовский случайный пгроцесс, рассматриваемый канал является каналом гауссовскил.

Пuт.: [1] Г а л л а $\mathrm{r}$ e p Р., Теория информации и надежная связь, пер. с англ., М., $1974 ;[2] \mathbf{X}$ а $\mathrm{p}$ к в и ч А. А., Борьба с помехами, 2 изд., М., 1965.</text_orig>
</article>
