<?xml version="1.0" ?>
<article uri="http://libmeta.ru/me/article/1060_KONSTRU" alphabetic_pos="1060">
  <title>КОНСТРУ КТИВНАЯ МАТЕМАТИКА</title>
  <authors/>
  <pages>
    <start>522</start>
    <end>524</end>
  </pages>
  <literature>
    <literature_orig>Лит.: [1] Ф р е н к е л ь А.-А., Б а р-Х и л ле I И.,![](https://cdn.mathpix.com/cropped/2023_07_08_05e5e52e702aca12f2ccg-1.jpg?height=52&amp;width=829&amp;top_left_y=1744&amp;top_left_x=992)Т и н г А., Интуиционизм. Введение, пер. с англ., м., 1965; 1948; [4] Constructivity in mathematics, Amst., 1959; [5] M a pн о в A. A., Теория алгорифмов, М., 1954 (тр. Матем. ин-та Ah Cccp, т. 42); [6] е г о же, о логике конструктивной математики, М., 1972; [7] Проблемы конструктивного направления в математике, в. 1-6, М.- Л., 1958-73 (тр. Матем. ин-та Ah Сccp, т. $52,67,72,93,113,129)$.См. также лит. при ст. Конструктивный анализ. Кушер</literature_orig>
    <unit>
      <author>Френкель А.- А.</author>
      <author>Бар-Хилле I И.</author>
      <author>![](https://cdn.mathpix.com/cropped/2023_07_08_05e5e52e702aca12f2ccg-1.jpg?height=52&amp;width=829&amp;top_left_y=1744&amp;top_left_x=992)Тинг А.</author>
      <title>Интуиционизм. Введение</title>
      <publication>пер. с англ., м.</publication>
      <year>1965</year>
      <other>Amst., 1959; [5] M a pн о в A. A., Теория алгорифмов, М., 1954 (тр. Матем. ин-та Ah Cccp, т. 42); [6] е г о же, о логике конструктивной математики, М., 1972; [7] Проблемы конструктивного направления в математике, в. 1-6, М.- Л., 1958-73 (тр. Матем. ин-та Ah Сccp, т. $52, 67, 72, 93, 113, 129)$.См. также лит. при ст. Конструктивный анализ. Кушер</other>
    </unit>
  </literature>
  <formulas_main/>
  <formulas_aux>
    <formula uri="http://libmeta.ru/me/formula/aux/1060_1_KONSTRU">k</formula>
    <formula uri="http://libmeta.ru/me/formula/aux/1060_2_KONSTRU">0,0 \mid, 0 \|</formula>
    <formula uri="http://libmeta.ru/me/formula/aux/1060_3_KONSTRU">\mid</formula>
    <formula uri="http://libmeta.ru/me/formula/aux/1060_4_KONSTRU">\exists x A(x)</formula>
    <formula uri="http://libmeta.ru/me/formula/aux/1060_5_KONSTRU">\forall x \exists y A(x, y)</formula>
    <formula uri="http://libmeta.ru/me/formula/aux/1060_6_KONSTRU">x</formula>
    <formula uri="http://libmeta.ru/me/formula/aux/1060_7_KONSTRU">y</formula>
    <formula uri="http://libmeta.ru/me/formula/aux/1060_8_KONSTRU">a(x, y) »)</formula>
    <formula uri="http://libmeta.ru/me/formula/aux/1060_9_KONSTRU">x</formula>
    <formula uri="http://libmeta.ru/me/formula/aux/1060_10_KONSTRU">y</formula>
    <formula uri="http://libmeta.ru/me/formula/aux/1060_11_KONSTRU">y</formula>
    <formula uri="http://libmeta.ru/me/formula/aux/1060_12_KONSTRU">x</formula>
    <formula uri="http://libmeta.ru/me/formula/aux/1060_13_KONSTRU">a</formula>
    <formula uri="http://libmeta.ru/me/formula/aux/1060_14_KONSTRU">b »)</formula>
    <formula uri="http://libmeta.ru/me/formula/aux/1060_15_KONSTRU">\rceil 7 \exists x A(x)</formula>
    <formula uri="http://libmeta.ru/me/formula/aux/1060_16_KONSTRU">к</formula>
  </formulas_aux>
  <relations n="67">
    <relation uri="http://libmeta.ru/me/relation/1060_1_KONSTRU">
      <rel_text>Бар-индукция</rel_text>
      <target>http://libmeta.ru/me/article/356_BAR-INDUKTsI</target>
    </relation>
    <relation uri="http://libmeta.ru/me/relation/1060_2_KONSTRU">
      <rel_text>Получаемые</rel_text>
      <target>http://libmeta.ru/me/article/457_POLUGRUPP</target>
    </relation>
    <relation uri="http://libmeta.ru/me/relation/1060_3_KONSTRU">
      <rel_text>Конструктивный анализ</rel_text>
      <target>http://libmeta.ru/me/article/1069_KONSTRUKTIVNYJ</target>
    </relation>
    <relation uri="http://libmeta.ru/me/relation/1060_4_KONSTRU">
      <rel_text>центральных</rel_text>
      <target>http://libmeta.ru/me/article/924_TsENTRO-FOKU</target>
    </relation>
    <relation uri="http://libmeta.ru/me/relation/1060_5_KONSTRU">
      <rel_text>бар-теоремы</rel_text>
      <target>http://libmeta.ru/me/article/356_BAR-INDUKTsI</target>
    </relation>
    <relation uri="http://libmeta.ru/me/relation/1060_6_KONSTRU">
      <rel_text>доказательстве</rel_text>
      <target>http://libmeta.ru/me/article/331_DOKAZATEL'STV</target>
    </relation>
    <relation uri="http://libmeta.ru/me/relation/1060_7_KONSTRU">
      <rel_text>доказательства</rel_text>
      <target>http://libmeta.ru/me/article/331_DOKAZATEL'STV</target>
    </relation>
    <relation uri="http://libmeta.ru/me/relation/1060_8_KONSTRU">
      <rel_text>Ii</rel_text>
      <target>http://libmeta.ru/me/article/370_II</target>
    </relation>
    <relation uri="http://libmeta.ru/me/relation/1060_9_KONSTRU">
      <rel_text>индуктивные определения</rel_text>
      <target>http://libmeta.ru/me/article/574_INDUKTIVNOE</target>
    </relation>
    <relation uri="http://libmeta.ru/me/relation/1060_10_KONSTRU">
      <rel_text>семантике</rel_text>
      <target>http://libmeta.ru/me/article/1260_SEMANTIK</target>
    </relation>
    <relation uri="http://libmeta.ru/me/relation/1060_11_KONSTRU">
      <rel_text>алгорітмы</rel_text>
      <target>http://libmeta.ru/me/article/139_ALGOL-6</target>
    </relation>
    <relation uri="http://libmeta.ru/me/relation/1060_12_KONSTRU">
      <rel_text>интуитивные</rel_text>
      <target>http://libmeta.ru/me/article/641_INTUITsIONIZ</target>
    </relation>
    <relation uri="http://libmeta.ru/me/relation/1060_13_KONSTRU">
      <rel_text>континуума</rel_text>
      <target>http://libmeta.ru/me/article/1079_KONTINUU</target>
    </relation>
    <relation uri="http://libmeta.ru/me/relation/1060_14_KONSTRU">
      <rel_text>теорию</rel_text>
      <target>http://libmeta.ru/me/article/381_TEORI</target>
    </relation>
    <relation uri="http://libmeta.ru/me/relation/1060_15_KONSTRU">
      <rel_text>свободно становящейся последовательності</rel_text>
      <target>http://libmeta.ru/me/article/1210_SVOBODNO</target>
    </relation>
    <relation uri="http://libmeta.ru/me/relation/1060_16_KONSTRU">
      <rel_text>Ii</rel_text>
      <target>http://libmeta.ru/me/article/370_II</target>
    </relation>
    <relation uri="http://libmeta.ru/me/relation/1060_17_KONSTRU">
      <rel_text>процессов</rel_text>
      <target>http://libmeta.ru/me/article/758_PROTsEDUR</target>
    </relation>
    <relation uri="http://libmeta.ru/me/relation/1060_18_KONSTRU">
      <rel_text>процессов</rel_text>
      <target>http://libmeta.ru/me/article/758_PROTsEDUR</target>
    </relation>
    <relation uri="http://libmeta.ru/me/relation/1060_19_KONSTRU">
      <rel_text>интущцшонизме</rel_text>
      <target>http://libmeta.ru/me/article/641_INTUITsIONIZ</target>
    </relation>
    <relation uri="http://libmeta.ru/me/relation/1060_20_KONSTRU">
      <rel_text>характере</rel_text>
      <target>http://libmeta.ru/me/article/830_HARAKTE</target>
    </relation>
    <relation uri="http://libmeta.ru/me/relation/1060_21_KONSTRU">
      <rel_text>первоначальном</rel_text>
      <target>http://libmeta.ru/me/article/217_PERVOOBRAZNA</target>
    </relation>
    <relation uri="http://libmeta.ru/me/relation/1060_22_KONSTRU">
      <rel_text>интуиціонизму</rel_text>
      <target>http://libmeta.ru/me/article/641_INTUITsIONIZ</target>
    </relation>
    <relation uri="http://libmeta.ru/me/relation/1060_23_KONSTRU">
      <rel_text>характера</rel_text>
      <target>http://libmeta.ru/me/article/830_HARAKTE</target>
    </relation>
    <relation uri="http://libmeta.ru/me/relation/1060_24_KONSTRU">
      <rel_text>источнік</rel_text>
      <target>http://libmeta.ru/me/article/682_ISTOChNI</target>
    </relation>
    <relation uri="http://libmeta.ru/me/relation/1060_25_KONSTRU">
      <rel_text>круг</rel_text>
      <target>http://libmeta.ru/me/article/117_KRU</target>
    </relation>
    <relation uri="http://libmeta.ru/me/relation/1060_26_KONSTRU">
      <rel_text>моделі</rel_text>
      <target>http://libmeta.ru/me/article/741_MODEL</target>
    </relation>
    <relation uri="http://libmeta.ru/me/relation/1060_27_KONSTRU">
      <rel_text>образом теоретіч</rel_text>
      <target>http://libmeta.ru/me/article/1133_OBRATNAJa</target>
    </relation>
    <relation uri="http://libmeta.ru/me/relation/1060_28_KONSTRU">
      <rel_text>Ii</rel_text>
      <target>http://libmeta.ru/me/article/370_II</target>
    </relation>
    <relation uri="http://libmeta.ru/me/relation/1060_29_KONSTRU">
      <rel_text>переменного</rel_text>
      <target>http://libmeta.ru/me/article/222_PEREGÓROD</target>
    </relation>
    <relation uri="http://libmeta.ru/me/relation/1060_30_KONSTRU">
      <rel_text>комплексного</rel_text>
      <target>http://libmeta.ru/me/article/1005_KOMPAKTNOST</target>
    </relation>
    <relation uri="http://libmeta.ru/me/relation/1060_31_KONSTRU">
      <rel_text>функциї</rel_text>
      <target>http://libmeta.ru/me/article/790_FUNKTO</target>
    </relation>
    <relation uri="http://libmeta.ru/me/relation/1060_32_KONSTRU">
      <rel_text>теорию</rel_text>
      <target>http://libmeta.ru/me/article/381_TEORI</target>
    </relation>
    <relation uri="http://libmeta.ru/me/relation/1060_33_KONSTRU">
      <rel_text>уравнения</rel_text>
      <target>http://libmeta.ru/me/article/106_URAVNENI</target>
    </relation>
    <relation uri="http://libmeta.ru/me/relation/1060_34_KONSTRU">
      <rel_text>дифференціальные</rel_text>
      <target>http://libmeta.ru/me/article/302_DIFFERENTsIROVANI</target>
    </relation>
    <relation uri="http://libmeta.ru/me/relation/1060_35_KONSTRU">
      <rel_text>функціонального анализа</rel_text>
      <target>http://libmeta.ru/me/article/804_FUNKІIONAL'NBІI</target>
    </relation>
    <relation uri="http://libmeta.ru/me/relation/1060_36_KONSTRU">
      <rel_text>алгоритмов</rel_text>
      <target>http://libmeta.ru/me/article/140_ALGOLІ-6</target>
    </relation>
    <relation uri="http://libmeta.ru/me/relation/1060_37_KONSTRU">
      <rel_text>теорию</rel_text>
      <target>http://libmeta.ru/me/article/381_TEORI</target>
    </relation>
    <relation uri="http://libmeta.ru/me/relation/1060_38_KONSTRU">
      <rel_text>теоремы</rel_text>
      <target>http://libmeta.ru/me/article/381_TEORI</target>
    </relation>
    <relation uri="http://libmeta.ru/me/relation/1060_39_KONSTRU">
      <rel_text>получать</rel_text>
      <target>http://libmeta.ru/me/article/473_POLUNORM</target>
    </relation>
    <relation uri="http://libmeta.ru/me/relation/1060_40_KONSTRU">
      <rel_text>предпісания</rel_text>
      <target>http://libmeta.ru/me/article/606_PREDPORJaDO</target>
    </relation>
    <relation uri="http://libmeta.ru/me/relation/1060_41_KONSTRU">
      <rel_text>алгоритма</rel_text>
      <target>http://libmeta.ru/me/article/139_ALGOL-6</target>
    </relation>
    <relation uri="http://libmeta.ru/me/relation/1060_42_KONSTRU">
      <rel_text>представления</rel_text>
      <target>http://libmeta.ru/me/article/3_PREDSTAVLENI</target>
    </relation>
    <relation uri="http://libmeta.ru/me/relation/1060_43_KONSTRU">
      <rel_text>интуитивные</rel_text>
      <target>http://libmeta.ru/me/article/641_INTUITsIONIZ</target>
    </relation>
    <relation uri="http://libmeta.ru/me/relation/1060_44_KONSTRU">
      <rel_text>алгоритма</rel_text>
      <target>http://libmeta.ru/me/article/139_ALGOL-6</target>
    </relation>
    <relation uri="http://libmeta.ru/me/relation/1060_45_KONSTRU">
      <rel_text>суждения</rel_text>
      <target>http://libmeta.ru/me/article/290_SUZhDENI</target>
    </relation>
    <relation uri="http://libmeta.ru/me/relation/1060_46_KONSTRU">
      <rel_text>отрицание</rel_text>
      <target>http://libmeta.ru/me/article/136_OTRITsANI</target>
    </relation>
    <relation uri="http://libmeta.ru/me/relation/1060_47_KONSTRU">
      <rel_text>трактовка</rel_text>
      <target>http://libmeta.ru/me/article/455_TRAKTRIS</target>
    </relation>
    <relation uri="http://libmeta.ru/me/relation/1060_48_KONSTRU">
      <rel_text>алгорітма</rel_text>
      <target>http://libmeta.ru/me/article/139_ALGOL-6</target>
    </relation>
    <relation uri="http://libmeta.ru/me/relation/1060_49_KONSTRU">
      <rel_text>нормальные алгорифлы</rel_text>
      <target>http://libmeta.ru/me/article/1066_NORMAL'NYJ</target>
    </relation>
    <relation uri="http://libmeta.ru/me/relation/1060_50_KONSTRU">
      <rel_text>получили</rel_text>
      <target>http://libmeta.ru/me/article/473_POLUNORM</target>
    </relation>
    <relation uri="http://libmeta.ru/me/relation/1060_51_KONSTRU">
      <rel_text>Фактіческіг</rel_text>
      <target>http://libmeta.ru/me/article/664_FAKTORIZATsI</target>
    </relation>
    <relation uri="http://libmeta.ru/me/relation/1060_52_KONSTRU">
      <rel_text>доставляемых</rel_text>
      <target>http://libmeta.ru/me/article/344_DOSTOVERNOST</target>
    </relation>
    <relation uri="http://libmeta.ru/me/relation/1060_53_KONSTRU">
      <rel_text>совпадение</rel_text>
      <target>http://libmeta.ru/me/article/59_SOVPADENI</target>
    </relation>
    <relation uri="http://libmeta.ru/me/relation/1060_54_KONSTRU">
      <rel_text>принципа нормализации</rel_text>
      <target>http://libmeta.ru/me/article/1036_NORMALIZATsII</target>
    </relation>
    <relation uri="http://libmeta.ru/me/relation/1060_55_KONSTRU">
      <rel_text>алгоритмы</rel_text>
      <target>http://libmeta.ru/me/article/139_ALGOL-6</target>
    </relation>
    <relation uri="http://libmeta.ru/me/relation/1060_56_KONSTRU">
      <rel_text>расплывчатыми</rel_text>
      <target>http://libmeta.ru/me/article/950_RASPREDELENI</target>
    </relation>
    <relation uri="http://libmeta.ru/me/relation/1060_57_KONSTRU">
      <rel_text>алгорітмах</rel_text>
      <target>http://libmeta.ru/me/article/140_ALGOLІ-6</target>
    </relation>
    <relation uri="http://libmeta.ru/me/relation/1060_58_KONSTRU">
      <rel_text>представления</rel_text>
      <target>http://libmeta.ru/me/article/3_PREDSTAVLENI</target>
    </relation>
    <relation uri="http://libmeta.ru/me/relation/1060_59_KONSTRU">
      <rel_text>интуитивные</rel_text>
      <target>http://libmeta.ru/me/article/641_INTUITsIONIZ</target>
    </relation>
    <relation uri="http://libmeta.ru/me/relation/1060_60_KONSTRU">
      <rel_text>функции</rel_text>
      <target>http://libmeta.ru/me/article/790_FUNKTO</target>
    </relation>
    <relation uri="http://libmeta.ru/me/relation/1060_61_KONSTRU">
      <rel_text>алгоритма</rel_text>
      <target>http://libmeta.ru/me/article/139_ALGOL-6</target>
    </relation>
    <relation uri="http://libmeta.ru/me/relation/1060_62_KONSTRU">
      <rel_text>функций</rel_text>
      <target>http://libmeta.ru/me/article/790_FUNKTO</target>
    </relation>
    <relation uri="http://libmeta.ru/me/relation/1060_63_KONSTRU">
      <rel_text>сложных</rel_text>
      <target>http://libmeta.ru/me/article/1403_SLOZhENI</target>
    </relation>
    <relation uri="http://libmeta.ru/me/relation/1060_64_KONSTRU">
      <rel_text>совпадению</rel_text>
      <target>http://libmeta.ru/me/article/59_SOVPADENI</target>
    </relation>
    <relation uri="http://libmeta.ru/me/relation/1060_65_KONSTRU">
      <rel_text>графич</rel_text>
      <target>http://libmeta.ru/me/article/1154_GRADU</target>
    </relation>
    <relation uri="http://libmeta.ru/me/relation/1060_66_KONSTRU">
      <rel_text>порядка</rel_text>
      <target>http://libmeta.ru/me/article/531_PORJaDO</target>
    </relation>
    <relation uri="http://libmeta.ru/me/relation/1060_67_KONSTRU">
      <rel_text>Первоначальные</rel_text>
      <target>http://libmeta.ru/me/article/217_PERVOOBRAZNA</target>
    </relation>
  </relations>
  <text>К о н с т руктивное на пра в ление в математик е,- математика, строящаяся в соответствии с тем или иным конструктивным математич. мировоззреніем, обыкновенно стремящимся связывать утверждения о существовании математич. объектов с возможностью их построения и отвергающим в силу этого ряд установок традиционной теоретико-множественной математіки, приводящих к появлению чистых теорем существования (в частности, абстракцию актуальной бесконечности и универсальный характер исключенного третьего закона). Конструктивная тенденция в математике проявлялась в той или иной форме на протяжении всей ее истории, хотя, по-видимому, только К. Гаусс (c. Gauss) впервые отчетливо выразил принципиальное для К. м. различие становящейся (потенциальной) и актуальной математич. бесконечности и возразил против употребления последней. Дальнейшие критические шаги в этом направлении были сделаны Л. Кронекером (l. Kronecker), А. Пуанкаре (н. Poincaré) и особенно Л. Браузром (l. Brouwer). В критике Л. Брауэра, совпавшей по времени с кризисом оснований математики конца 19 нач. 20 вв., энергично отвергалась как вера в экзистенциальный характер бесконечных множеств, так и убеждение в допустимости неограниченной экстраполяции классических логических принципов, в особенности закона исключенного третьего. В качестве альтернативы теоретико-множественному подходу Л. Брауэр, а затем и его последователи, разработали оригинальную программу построения математики, известную ныне под названием интуиционизм. Интуиционистскую математику Л. Брауэра можно считать первой систематич. попыткой построения математики на конструктивной основе. Параллельно успехам интуиционистов в созданной Д. Гильбертом (d. Hilbert) с целью обоснования теоретико-множественной математики доказательсте теории был четко выявлен ряд первоначальных понятий, послуживший впоследствин отправной точкой отличных от интуıціонизма конструктивных течений. Значительная часть соответствующих работ (при этом обнаружился достаточно широкий спектр толкования различными исследователями терминов «конструктивный», «әффективный» и пр.) опшралась на успехи, достигнутые (опять-такі под влияніем идей Д. Гильберта) в изучении математич. понятія алгоритма. Один из наюболее последовательных и законченных подходов к построению К. м. на этой основе доставляется основанной А. А. Марковым советской школой К. м., формирование основных понятий к-рой относится к 50-м гг. 20 в. Сам термин «к. м.» (конструктивное направление в математике) часто употребляется в узком смысле слова для именования математики, строящейся советским конструктивным направлением; ниже этот термин будет использоваться именно в указанном только что смысле.

К. м. может быть коротко охарактеризована следующими основными чертами: (1) предметом изучения являются конструктивные процессы и возникающие в результате их выполнения конструктивные объекты; (2) рассмотреніе конструктівных процессов п объектов шрогзводится в рамках абстракции потенциальной осуцествимости с полным исключением идеi актуальной бесконечності; (3) интуитивное понятіе эфффективности связывается с точным понятием алгоритма; (4) используется специальная, учштывающая специфику конструктівных процессов Ii объектов конструктивная лозuкa.

Понятия конструктівного процесса и конструктивного объекта являются первоначальнымш; представленія о ніх пмеют свопм источником практіческую материальную деятельность человека. Прпмерамі конструктівных процессов могут служіть сборка часов на конвейере, полная илі частıчная разборка их в ремонтной мастерской, набор текстов (с корректураміi) в тіпографіші, формированіе и расформірование железнодорожных составов п пр. Характерной чертоӥ конструктивных процессов является протекающее по отдельным шагам оперирование в рамках нек-рых четко указанных правил с элементарными, заведомо отличимыми друг от друга объектами, считающимися неразложимымі в ходе этих продессов. Возникающие в результате фигуры, составленные из исходных элементарных объектов, и считаются к о н с т р ук т й ны м іi о б ъе к т а ми. K. м. не имеет необходимости углубляться в общее понятие конструктивного процесса и объекта, поскольку для ее нужд оказывается вполне достаточным одін спеціальный вид конструктивных объектов - слова в том Iлли пном алфавите.

Рассмотрение слов (это понятіе также представляется первоначальным) пропсходит на следующей основе.

Вначале фиксируется нек-рый алфавит, т. е. список неразложимых, уверенно отлічімых друг от друга элементарных знаков (б у к в). Каждая буква алфавита может копироваться; вознікающше в результате последовательных актов такого копирования прямолинейные цепочки знаков счітаются с л о в а м и в Iсходном алфавите. $URI[[http://libmeta.ru/me/formula/aux/1060_1_KONSTRU]]/URI$ словам в данном алфавите удобно отнести также і п у с т о е с л о в о, т. е. цепочку, не содержащую ни одного знака. Напр., цепочки (5) «авввссд» и (6) «книга» являются словами в русском алфавите. При обращенип со словамі К. м. - Ii в этом проявляется ее абстрактный характер - использует абстракции отождествления іi потенциальной осуществимости. Первая из3 ніх позволяет, отвлекаясь от различий копий Ii оригинала, говорить о разных копиях данной буквы и о ней самоӥ, как об одной букве. Напр., говорят, что в слово (5) трiі раза входит буква «в» русского алфавпта, тогда как в действительності прі написании данного слова воспроизводились трi разлічных конкретных копии Iісходной буквы. Это соглашеніе естественным образом распространяется на одинаковые по написанию (графпчески равные) слова. Напр., о двух конкретных словах: слове «книга&quot; I слове (6) говорят как об одном слове. В допущении абстракции отождествления проявляется предполагаемая If. м. первоначальная способность человека к «чтению» слов, т. е. к многократному Ii устойчивому опознанию знаковых цепочек как одинаковых или различных. На это обстоятельство как мшнмальную предпосылку любой научной деятельності указывал Д. Гильберт. Абстракция потенциальной осуществимости позволяет пренебрегать в рассужденіях о написании слов реальнымп ограничениями в пространстве, времени и матеріале. Такім образом, о воображаемых очень длинных словах начінают рассуждать как о реально существующих, в частности считается возможным к любому данному слову приписать справа (или слева) любое другое слово. Отсюда вытекает і возможность рассмотрения сколь угодно больших натуральных чисел, а также сложения любых двух натуралыных чисел, поскольку натуральнымп числами можно, напр., считать слова вида $URI[[http://libmeta.ru/me/formula/aux/1060_2_KONSTRU]]/URI$ и т. д. в алфавіте 0|. Вме- сте с тем абстракция потенціальноӥ осуществимостіг не позволяет рассматривать как своего рода завершенные объекты «бесконечные» слова іл совокупность «всех&quot; слов в данном алфавите (в частностіг, не рассматривается как завершенный объект и натуральныї ряд). Такого рода рассмотрения требуют привлеченшя более сильної абстракции - абстракциi актуальноӥ бесконечности, к-рая отвергается К.м.

Принятие абстракции потенциальної осуществпмості приводит к тому, что наряду с элементарными, целиком обозримымі конструктивнымі процессамі (напр., написаншем коротких слов) рассматрпваются воображаемые, не подлежащие реальному воспропзведению конструктивные процессы. Такие процессы задаются свопми предписаниями; сами эті предписания по сушеству и становятся предметом исследованія. Задающее конструктивный процесс предписаніе (для простоты речь Iдет о процессах, оперирующих со словами) должно быть общепонятным и совершенно однозначно определять шаг за пагом последовательное построение слов, прічем шаги должны быть элементарными, т. е. не предполагать ничего, кроме уменія тіттать, писать (и стірать) слова. Iiагі әти, таким образом, сводятся к написанію и графическому сравненію нек-рых слов, а также к замене вхождений одних слов в другіе третьими словамі. Окончание процесса определяется самим предписанием и может зависеть от результатов, полученных на шагах, предшествующих заключштельному, причем принятіе решенія о заключітельном характере данного шага также должно носить опшсанныї только что элементарный характер. Возможна сітуация, когда никакой пшаг не оказывается заключительным, т. е. после каждого совершенного шага данное предіисание требует совершить следующий шаг. Такому предплсанию не соответствует нікакой потенциально выполнимый конструктивный процесс, однако здесь оказывается удобної условная терминология, согласно к-роӥ соответствуіоцее предписание определяет неогрангченно продолжаемый (потенциально бесконечныӥ) процесс. Для оправданыя этой терминологии можно было бы также расширіть исходные представления о конструктівных процессах, рассматривая наряду с потенциально реализуемымi процессами более абстрактные образованія - процессы, отождествляемые с их предпісаніями. В связи с появленіем неограниченно продолжаемых конструктивных процессов вознікает вопрос о средствах, прі помощи к-рых можно убедіться в обрываемості задаваемого данным предписанием конструктивного процесca. K. м. пршнимает здесь важныї принціп, называемыї конструктивного подбора принципо.к I позволяющшї устанавливать такіке факты методом от протівного, т. е. приводя к нелепості предположение о неограніiченной продолжаемостіл соответствуюшего конструктивного процесса. Примеры предпшсаншй: (7) написать ।; (8) к прогзвольному слову в алфовите 0| приписать сшрава $URI[[http://libmeta.ru/me/formula/aux/1060_3_KONSTRU]]/URI$; (9) п. 1: написать | іл переїтіл к п. 2; п. 2: стереть | (т. е. заменить эту букву пустым словом) и переӥти к п. 1; (10) П. 1: к проізвольному слову в алфавите 0| пріписать справа | и переӥти к п. 2; п. 2: если обрабатываемое в данный момент слово совнадает с 0\|, то закончить процесс, в противном случае вернуться к п. 1; (11) п. 1: написать 0 и переӥти к Ii. 2; п. 2: к обрабатываемому в данный момент слову пршписать справа | и перейти к п. 3; п. 3: еслі получплось соверпенное натуральное чісло, то закончіть процесс, в противном случае пршписать к обрабатывасмому в данный момснт слову справа | и перейти к п. 2. Предписание (7) задает конструктівный процесс, оканчивающийся за один шаг напшсаншем однобуквенного слова |. Процесс выполнения (9) неограниченно продолжаем. В настояцее время (к 1978) неизвестно, заканчивается лй конструктівный процесс, задаваемый (11) (в (11) для краткости пспользовались понятия теории чисел; ясно, что возможно более длинное предписаніе этого рода, опирающееся исключительно на возможности ттения, написания и сравнения слов в алфавите 0|). Несколько особый характер имеют предписания (8) и (10): их выполнение может начинаться с любого слова в указанном алфавите, при этом конструктивный процесс, определяемый (8), всегда заканчивается, в то время как в случае предписания (10) он неограниченно продолжаем при нек-рых исходных словах. Предписания указанных типов принято называть а л г о р и т м а м и (в данном контексте речь идет об алгоритмах, оперирующих со словами).

If необходимости рассмотрения алгоритмов приводит конструктивная трактовка әкзистенциальных утверждений. Утверждение о существовании конструктивного объекта с данным свойством, т. е. утверждение вида (12) $URI[[http://libmeta.ru/me/formula/aux/1060_4_KONSTRU]]/URI$, в соответствии с представлениями о конструктивных объектах как результатах конструктивных процессов считается в К. м. установленным только в том случае, когда указан потенциально выполнимый конструктивный процесс, заканчивающийся построением искомого объекта. Соответственно установление параметрического утверждения существования (13) $URI[[http://libmeta.ru/me/formula/aux/1060_5_KONSTRU]]/URI$ («для всякого $URI[[http://libmeta.ru/me/formula/aux/1060_6_KONSTRU]]/URI$ существует $URI[[http://libmeta.ru/me/formula/aux/1060_7_KONSTRU]]/URI$ такой, что $URI[[http://libmeta.ru/me/formula/aux/1060_8_KONSTRU]]/URI$ предполагает указание «общего» конструктивного процесса, начинающегося с произвольного конструктивного объекта $URI[[http://libmeta.ru/me/formula/aux/1060_9_KONSTRU]]/URI$ данного исходного типа и заканчивающегося построением искомого $URI[[http://libmeta.ru/me/formula/aux/1060_10_KONSTRU]]/URI$. Другими словами, (13) выражает существование алгоритма, находящего $URI[[http://libmeta.ru/me/formula/aux/1060_11_KONSTRU]]/URI$, исходя из $URI[[http://libmeta.ru/me/formula/aux/1060_12_KONSTRU]]/URI$. Из такой трактовки существования вытекает и

![](https://cdn.mathpix.com/cropped/2023_07_08_05e5e52e702aca12f2ccg-1.jpg?height=34&amp;width=821&amp;top_left_y=1072&amp;top_left_x=130)
(« $URI[[http://libmeta.ru/me/formula/aux/1060_13_KONSTRU]]/URI$ или $URI[[http://libmeta.ru/me/formula/aux/1060_14_KONSTRU]]/URI$ считается установленным, только если предъявлен конструктивный процесс, заканчивающийся указанием его верного члена. Дальнейшее разъяснение смысла суждений более сложной структуры Ii выработка правил обращения с ними, соответствующих исходным конструктивным установкам, составляет задачу конструктивной семантики п конструктивной логики. Приведенная конструктивная трактовка утверждений существования и дизъюнкции сушественно отличается от традиционной: в теоретіко-множественной математіке, напр., суждение (12) может быть доказано приведением к нелепості его отрицания. Такое доказательство обыкновенно не содержит никакого способа построения искомого конструктивного объекта. К. м. считает, что подобное рассуждение доказывает не (12), а его «двойное отрицание&quot;, т. е. $URI[[http://libmeta.ru/me/formula/aux/1060_15_KONSTRU]]/URI$. Последнее суждение рассматривается в $URI[[http://libmeta.ru/me/formula/aux/1060_16_KONSTRU]]/URI$. м. как, вообще говоря, более слабое, чем (12). Таким образом, К. м. не принімает закона снятия двойного отрицания, а, следовательно, и закона исключенного третьего (на отсутствие оснований для принятия последнего указывает и гонструктивная трактовка дизъюнкции).

URI[[http://libmeta.ru/me/relation/1060_67_KONSTRU]]/URI математич. структуры - натуральные, целые и рациональные числа - непосредственно могут трактоваться как слова нек-рых простых типов в фінсированном алфавите, при этом соответствующие отношения равенства и URI[[http://libmeta.ru/me/relation/1060_66_KONSTRU]]/URI легко сводятся к URI[[http://libmeta.ru/me/relation/1060_65_KONSTRU]]/URI. URI[[http://libmeta.ru/me/relation/1060_64_KONSTRU]]/URI и различию слов. Введение более URI[[http://libmeta.ru/me/relation/1060_63_KONSTRU]]/URI структур - действительных чисел, URI[[http://libmeta.ru/me/relation/1060_62_KONSTRU]]/URI над ними I т. Д. - осуществляется в К. м. на основе понятия URI[[http://libmeta.ru/me/relation/1060_61_KONSTRU]]/URI, играющего в ней примерно такую же роль, какую играет в традиционной математике понятие URI[[http://libmeta.ru/me/relation/1060_60_KONSTRU]]/URI. Считая URI[[http://libmeta.ru/me/relation/1060_59_KONSTRU]]/URI URI[[http://libmeta.ru/me/relation/1060_58_KONSTRU]]/URI об URI[[http://libmeta.ru/me/relation/1060_57_KONSTRU]]/URI слишком URI[[http://libmeta.ru/me/relation/1060_56_KONSTRU]]/URI для таких построений, К. м. делает здесь принципиальный шаг, стандартизируя используемые URI[[http://libmeta.ru/me/relation/1060_55_KONSTRU]]/URI посредством принятия одного из современных точных определений әтого понятия вместе с соответствующей гипотезой типа Чёрча meзиса, URI[[http://libmeta.ru/me/relation/1060_54_KONSTRU]]/URI и т. д., утверждающей URI[[http://libmeta.ru/me/relation/1060_53_KONSTRU]]/URI оперативных возможностей, URI[[http://libmeta.ru/me/relation/1060_52_KONSTRU]]/URI алгорітмами в Iнтуитивном и точном смысле слова. URI[[http://libmeta.ru/me/relation/1060_51_KONSTRU]]/URI наиболышее пріменение в К. м. URI[[http://libmeta.ru/me/relation/1060_50_KONSTRU]]/URI URI[[http://libmeta.ru/me/relation/1060_49_KONSTRU]]/URI Маркова. К необходимости уточнения понятія URI[[http://libmeta.ru/me/relation/1060_48_KONSTRU]]/URI пріводит также и конструктивная URI[[http://libmeta.ru/me/relation/1060_47_KONSTRU]]/URI суцествованıя. Напр., URI[[http://libmeta.ru/me/relation/1060_46_KONSTRU]]/URI URI[[http://libmeta.ru/me/relation/1060_45_KONSTRU]]/URI (13) есть утвержденіе о невозможності нек-рого URI[[http://libmeta.ru/me/relation/1060_44_KONSTRU]]/URI, между тем URI[[http://libmeta.ru/me/relation/1060_43_KONSTRU]]/URI URI[[http://libmeta.ru/me/relation/1060_42_KONSTRU]]/URI, достаточные для опознанія в качестве URI[[http://libmeta.ru/me/relation/1060_41_KONSTRU]]/URI того или иного конкретного URI[[http://libmeta.ru/me/relation/1060_40_KONSTRU]]/URI, в принципе не позволяют URI[[http://libmeta.ru/me/relation/1060_39_KONSTRU]]/URI сколько-нгбудь нетривиальные URI[[http://libmeta.ru/me/relation/1060_38_KONSTRU]]/URI невозможности. На основе Iзложенных прінципов іi опираясь на современную URI[[http://libmeta.ru/me/relation/1060_37_KONSTRU]]/URI URI[[http://libmeta.ru/me/relation/1060_36_KONSTRU]]/URI, К. м. строит ряд математич. дісціплин, в том числе и конструктивный математич. анализ, включая сюда әлементы URI[[http://libmeta.ru/me/relation/1060_35_KONSTRU]]/URI, URI[[http://libmeta.ru/me/relation/1060_34_KONSTRU]]/URI URI[[http://libmeta.ru/me/relation/1060_33_KONSTRU]]/URI, URI[[http://libmeta.ru/me/relation/1060_32_KONSTRU]]/URI URI[[http://libmeta.ru/me/relation/1060_31_KONSTRU]]/URI URI[[http://libmeta.ru/me/relation/1060_30_KONSTRU]]/URI URI[[http://libmeta.ru/me/relation/1060_29_KONSTRU]]/URI URI[[http://libmeta.ru/me/relation/1060_28_KONSTRU]]/URI т. Д. (см. URI[[http://libmeta.ru/me/relation/1060_3_KONSTRU]]/URI). URI[[http://libmeta.ru/me/relation/1060_2_KONSTRU]]/URI таким URI[[http://libmeta.ru/me/relation/1060_27_KONSTRU]]/URI. URI[[http://libmeta.ru/me/relation/1060_26_KONSTRU]]/URI, основанные на более скромной чем обычно сістеме абстракций, хотя Iі уступают традіціонным в прозрачності и элегантности, тем не менее, по-видимому, способны обслужить тот же URI[[http://libmeta.ru/me/relation/1060_25_KONSTRU]]/URI прілложенпй.

Имея общий критпческий URI[[http://libmeta.ru/me/relation/1060_24_KONSTRU]]/URI с пнтуиционистской математикой Л. Брауәра и запмствовав из нее ряд конструкций и пдей, К. м. обнаруживает определенноө сходство с последней. Вместе с тем, здесь имеются и принципıальные отлічия как общефилософского, так и конкретно математічч. URI[[http://libmeta.ru/me/relation/1060_23_KONSTRU]]/URI. Ппрежде всего К. м. не разделяет свойственное URI[[http://libmeta.ru/me/relation/1060_22_KONSTRU]]/URI убежденше в URI[[http://libmeta.ru/me/relation/1060_21_KONSTRU]]/URI URI[[http://libmeta.ru/me/relation/1060_20_KONSTRU]]/URI математич. интуиции, считая, что сама эта интуиция формируется под влияніем практической деятельности человека. Соответственно абстрагирование в К. м. идет не от умственных построений как в URI[[http://libmeta.ru/me/relation/1060_19_KONSTRU]]/URI, а от простейшых реально наблюдаемых конструктпвных URI[[http://libmeta.ru/me/relation/1060_18_KONSTRU]]/URI. В математич. плане К. м. не принимает выводящую за рамки конструктивных URI[[http://libmeta.ru/me/relation/1060_17_KONSTRU]]/URI URI[[http://libmeta.ru/me/relation/1060_16_KONSTRU]]/URI объектов концепцию URI[[http://libmeta.ru/me/relation/1060_15_KONSTRU]]/URI и основанную на ней интуиционистскую URI[[http://libmeta.ru/me/relation/1060_14_KONSTRU]]/URI URI[[http://libmeta.ru/me/relation/1060_13_KONSTRU]]/URI как среды свободного становления. С другой стороны, интуиционистская математика не принимает правила конструктівного подбора и не счітает необходімым әлиминировать URI[[http://libmeta.ru/me/relation/1060_12_KONSTRU]]/URI URI[[http://libmeta.ru/me/relation/1060_11_KONSTRU]]/URI при помощи соответствующих точных определений. Следует заметіть, что в последние годы наметилась определенная тенденция к сближеншю конструктивного I пнтуіціонистского подходов: в нек-рых конструктивных исследованиях, в особенности относящихся к URI[[http://libmeta.ru/me/relation/1060_10_KONSTRU]]/URI, Iіспользуются URI[[http://libmeta.ru/me/relation/1060_9_KONSTRU]]/URI URI[[http://libmeta.ru/me/relation/1060_8_KONSTRU]]/URI соответствующие им индуктивные URI[[http://libmeta.ru/me/relation/1060_7_KONSTRU]]/URI, напоминающие построения Л. Брауэра пріi URI[[http://libmeta.ru/me/relation/1060_6_KONSTRU]]/URI его так наз. URI[[http://libmeta.ru/me/relation/1060_5_KONSTRU]]/URI (см. URI[[http://libmeta.ru/me/relation/1060_1_KONSTRU]]/URI), занимающей одно из URI[[http://libmeta.ru/me/relation/1060_4_KONSTRU]]/URI мест в интуиционистской математіке.</text>
  <text_orig>К о н с т руктивное на пра в ление в математик е,- математика, строящаяся в соответствии с тем или иным конструктивным математич. мировоззреніем, обыкновенно стремящимся связывать утверждения о существовании математич. объектов с возможностью их построения и отвергающим в силу этого ряд установок традиционной теоретико-множественной математіки, приводящих к появлению чистых теорем существования (в частности, абстракцию актуальной бесконечности и универсальный характер исключенного третьего закона). Конструктивная тенденция в математике проявлялась в той или иной форме на протяжении всей ее истории, хотя, по-видимому, только К. Гаусс (C. Gauss) впервые отчетливо выразил принципиальное для К. м. различие становящейся (потенциальной) и актуальной математич. бесконечности и возразил против употребления последней. Дальнейшие критические шаги в этом направлении были сделаны Л. Кронекером (L. Kronecker), А. Пуанкаре (Н. Poincaré) и особенно Л. Браузром (L. Brouwer). В критике Л. Брауэра, совпавшей по времени с кризисом оснований математики конца 19 нач. 20 вв., энергично отвергалась как вера в экзистенциальный характер бесконечных множеств, так и убеждение в допустимости неограниченной экстраполяции классических логических принципов, в особенности закона исключенного третьего. В качестве альтернативы теоретико-множественному подходу Л. Брауэр, а затем и его последователи, разработали оригинальную программу построения математики, известную ныне под названием интуиционизм. Интуиционистскую математику Л. Брауэра можно считать первой систематич. попыткой построения математики на конструктивной основе. Параллельно успехам интуиционистов в созданной Д. Гильбертом (D. Hilbert) с целью обоснования теоретико-множественной математики доказательсте теории был четко выявлен ряд первоначальных понятий, послуживший впоследствин отправной точкой отличных от интуıціонизма конструктивных течений. Значительная часть соответствующих работ (при этом обнаружился достаточно широкий спектр толкования различными исследователями терминов «конструктивный», «әффективный» и пр.) опшралась на успехи, достигнутые (опять-такі под влияніем идей Д. Гильберта) в изучении математич. понятія алгоритма. Один из наюболее последовательных и законченных подходов к построению К. м. на этой основе доставляется основанной А. А. Марковым советской школой К. м., формирование основных понятий к-рой относится к 50-м гг. 20 в. Сам термин «К. м.» (конструктивное направление в математике) часто употребляется в узком смысле слова для именования математики, строящейся советским конструктивным направлением; ниже этот термин будет использоваться именно в указанном только что смысле.

К. м. может быть коротко охарактеризована следующими основными чертами: (1) предметом изучения являются конструктивные процессы и возникающие в результате их выполнения конструктивные объекты; (2) рассмотреніе конструктівных процессов п объектов шрогзводится в рамках абстракции потенциальной осуцествимости с полным исключением идеI актуальной бесконечності; (3) интуитивное понятіе эфффективности связывается с точным понятием алгоритма; (4) используется специальная, учштывающая специфику конструктівных процессов II объектов конструктивная лозuкa.

Понятия конструктівного процесса и конструктивного объекта являются первоначальнымш; представленія о ніх пмеют свопм источником практіческую материальную деятельность человека. Прпмерамі конструктівных процессов могут служіть сборка часов на конвейере, полная илі частıчная разборка их в ремонтной мастерской, набор текстов (с корректураміI) в тіпографіші, формированіе и расформірование железнодорожных составов п пр. Характерной чертоӥ конструктивных процессов является протекающее по отдельным шагам оперирование в рамках нек-рых четко указанных правил с элементарными, заведомо отличимыми друг от друга объектами, считающимися неразложимымі в ходе этих продессов. Возникающие в результате фигуры, составленные из исходных элементарных объектов, и считаются к о н с т р ук т й ны м іI о б ъе к т а ми. K. м. не имеет необходимости углубляться в общее понятие конструктивного процесса и объекта, поскольку для ее нужд оказывается вполне достаточным одін спеціальный вид конструктивных объектов - слова в том Iлли пном алфавите.

Рассмотрение слов (это понятіе также представляется первоначальным) пропсходит на следующей основе.

Вначале фиксируется нек-рый алфавит, т. е. список неразложимых, уверенно отлічімых друг от друга элементарных знаков (б у к в). Каждая буква алфавита может копироваться; вознікающше в результате последовательных актов такого копирования прямолинейные цепочки знаков счітаются с л о в а м и в Iсходном алфавите. $K$ словам в данном алфавите удобно отнести также і п у с т о е с л о в о, т. е. цепочку, не содержащую ни одного знака. Напр., цепочки (5) «авввссд» и (6) «книга» являются словами в русском алфавите. При обращенип со словамі К. м. - II в этом проявляется ее абстрактный характер - использует абстракции отождествления іI потенциальной осуществимости. Первая из3 ніх позволяет, отвлекаясь от различий копий II оригинала, говорить о разных копиях данной буквы и о ней самоӥ, как об одной букве. Напр., говорят, что в слово (5) трIі раза входит буква «в» русского алфавпта, тогда как в действительності прі написании данного слова воспроизводились трI разлічных конкретных копии Iісходной буквы. Это соглашеніе естественным образом распространяется на одинаковые по написанию (графпчески равные) слова. Напр., о двух конкретных словах: слове «Книга&quot; I слове (6) говорят как об одном слове. В допущении абстракции отождествления проявляется предполагаемая If. м. первоначальная способность человека к «чтению» слов, т. е. к многократному II устойчивому опознанию знаковых цепочек как одинаковых или различных. На это обстоятельство как мшнмальную предпосылку любой научной деятельності указывал Д. Гильберт. Абстракция потенциальной осуществимости позволяет пренебрегать в рассужденіях о написании слов реальнымп ограничениями в пространстве, времени и матеріале. Такім образом, о воображаемых очень длинных словах начінают рассуждать как о реально существующих, в частности считается возможным к любому данному слову приписать справа (или слева) любое другое слово. Отсюда вытекает і возможность рассмотрения сколь угодно больших натуральных чисел, а также сложения любых двух натуралыных чисел, поскольку натуральнымп числами можно, напр., считать слова вида $0,0 \mid, 0 \|$ и т. д. в алфавіте 0|. Вме- сте с тем абстракция потенціальноӥ осуществимостіг не позволяет рассматривать как своего рода завершенные объекты «бесконечные» слова іл совокупность «всех&quot; слов в данном алфавите (в частностіг, не рассматривается как завершенный объект и натуральныї ряд). Такого рода рассмотрения требуют привлеченшя более сильної абстракции - абстракциI актуальноӥ бесконечности, к-рая отвергается К.м.

Принятие абстракции потенциальної осуществпмості приводит к тому, что наряду с элементарными, целиком обозримымі конструктивнымі процессамі (напр., написаншем коротких слов) рассматрпваются воображаемые, не подлежащие реальному воспропзведению конструктивные процессы. Такие процессы задаются свопми предписаниями; сами эті предписания по сушеству и становятся предметом исследованія. Задающее конструктивный процесс предписаніе (для простоты речь Iдет о процессах, оперирующих со словами) должно быть общепонятным и совершенно однозначно определять шаг за пагом последовательное построение слов, прічем шаги должны быть элементарными, т. е. не предполагать ничего, кроме уменія тіттать, писать (и стірать) слова. IIагі әти, таким образом, сводятся к написанію и графическому сравненію нек-рых слов, а также к замене вхождений одних слов в другіе третьими словамі. Окончание процесса определяется самим предписанием и может зависеть от результатов, полученных на шагах, предшествующих заключштельному, причем принятіе решенія о заключітельном характере данного шага также должно носить опшсанныї только что элементарный характер. Возможна сітуация, когда никакой пшаг не оказывается заключительным, т. е. после каждого совершенного шага данное предіисание требует совершить следующий шаг. Такому предплсанию не соответствует нікакой потенциально выполнимый конструктивный процесс, однако здесь оказывается удобної условная терминология, согласно к-роӥ соответствуіоцее предписание определяет неогрангченно продолжаемый (потенциально бесконечныӥ) процесс. Для оправданыя этой терминологии можно было бы также расширіть исходные представления о конструктівных процессах, рассматривая наряду с потенциально реализуемымI процессами более абстрактные образованія - процессы, отождествляемые с их предпісаніями. В связи с появленіем неограниченно продолжаемых конструктивных процессов вознікает вопрос о средствах, прі помощи к-рых можно убедіться в обрываемості задаваемого данным предписанием конструктивного процесca. K. м. пршнимает здесь важныї принціп, называемыї конструктивного подбора принципо.к I позволяющшї устанавливать такіке факты методом от протівного, т. е. приводя к нелепості предположение о неограніIченной продолжаемостіл соответствуюшего конструктивного процесса. Примеры предпшсаншй: (7) написать ।; (8) к прогзвольному слову в алфовите 0| приписать сшрава $\mid$; (9) п. 1: написать | іл переїтіл к п. 2; п. 2: стереть | (т. е. заменить эту букву пустым словом) и переӥти к п. 1; (10) П. 1: к проізвольному слову в алфавите 0| пріписать справа | и переӥти к п. 2; п. 2: если обрабатываемое в данный момент слово совнадает с 0\|, то закончить процесс, в противном случае вернуться к п. 1; (11) п. 1: написать 0 и переӥти к II. 2; п. 2: к обрабатываемому в данный момент слову пршписать справа | и перейти к п. 3; п. 3: еслі получплось соверпенное натуральное чісло, то закончіть процесс, в противном случае пршписать к обрабатывасмому в данный момснт слову справа | и перейти к п. 2. Предписание (7) задает конструктівный процесс, оканчивающийся за один шаг напшсаншем однобуквенного слова |. Процесс выполнения (9) неограниченно продолжаем. В настояцее время (к 1978) неизвестно, заканчивается лй конструктівный процесс, задаваемый (11) (в (11) для краткости пспользовались понятия теории чисел; ясно, что возможно более длинное предписаніе этого рода, опирающееся исключительно на возможности ттения, написания и сравнения слов в алфавите 0|). Несколько особый характер имеют предписания (8) и (10): их выполнение может начинаться с любого слова в указанном алфавите, при этом конструктивный процесс, определяемый (8), всегда заканчивается, в то время как в случае предписания (10) он неограниченно продолжаем при нек-рых исходных словах. Предписания указанных типов принято называть а л г о р и т м а м и (в данном контексте речь идет об алгоритмах, оперирующих со словами).

If необходимости рассмотрения алгоритмов приводит конструктивная трактовка әкзистенциальных утверждений. Утверждение о существовании конструктивного объекта с данным свойством, т. е. утверждение вида (12) $\exists x A(x)$, в соответствии с представлениями о конструктивных объектах как результатах конструктивных процессов считается в К. м. установленным только в том случае, когда указан потенциально выполнимый конструктивный процесс, заканчивающийся построением искомого объекта. Соответственно установление параметрического утверждения существования (13) $\forall x \exists y A(x, y)$ («для всякого $x$ существует $y$ такой, что $A(x, y) »)$ предполагает указание «общего» конструктивного процесса, начинающегося с произвольного конструктивного объекта $x$ данного исходного типа и заканчивающегося построением искомого $y$. Другими словами, (13) выражает существование алгоритма, находящего $y$, исходя из $x$. Из такой трактовки существования вытекает и

![](https://cdn.mathpix.com/cropped/2023_07_08_05e5e52e702aca12f2ccg-1.jpg?height=34&amp;width=821&amp;top_left_y=1072&amp;top_left_x=130)
(« $A$ или $B »)$ считается установленным, только если предъявлен конструктивный процесс, заканчивающийся указанием его верного члена. Дальнейшее разъяснение смысла суждений более сложной структуры II выработка правил обращения с ними, соответствующих исходным конструктивным установкам, составляет задачу конструктивной семантики п конструктивной логики. Приведенная конструктивная трактовка утверждений существования и дизъюнкции сушественно отличается от традиционной: в теоретіко-множественной математіке, напр., суждение (12) может быть доказано приведением к нелепості его отрицания. Такое доказательство обыкновенно не содержит никакого способа построения искомого конструктивного объекта. К. м. считает, что подобное рассуждение доказывает не (12), а его «двойное отрицание&quot;, т. е. $\rceil 7 \exists x A(x)$. Последнее суждение рассматривается в $К$. м. как, вообще говоря, более слабое, чем (12). Таким образом, К. м. не принімает закона снятия двойного отрицания, а, следовательно, и закона исключенного третьего (на отсутствие оснований для принятия последнего указывает и гонструктивная трактовка дизъюнкции).

Первоначальные математич. структуры - натуральные, целые и рациональные числа - непосредственно могут трактоваться как слова нек-рых простых типов в фінсированном алфавите, при этом соответствующие отношения равенства и порядка легко сводятся к графич. совпадению и различию слов. Введение более сложных структур - действительных чисел, функций над ними I т. Д. - осуществляется в К. м. на основе понятия алгоритма, играющего в ней примерно такую же роль, какую играет в традиционной математике понятие функции. Считая интуитивные представления об алгорітмах слишком расплывчатыми для таких построений, К. м. делает здесь принципиальный шаг, стандартизируя используемые алгоритмы посредством принятия одного из современных точных определений әтого понятия вместе с соответствующей гипотезой типа Чёрча meзиса, принципа нормализации и т. д., утверждающей совпадение оперативных возможностей, доставляемых алгорітмами в Iнтуитивном и точном смысле слова. Фактіческіг наиболышее пріменение в К. м. получили нормальные алгорифлы Маркова. К необходимости уточнения понятія алгорітма пріводит также и конструктивная трактовка суцествованıя. Напр., отрицание суждения (13) есть утвержденіе о невозможності нек-рого алгоритма, между тем интуитивные представления, достаточные для опознанія в качестве алгоритма того или иного конкретного предпісания, в принципе не позволяют получать сколько-нгбудь нетривиальные теоремы невозможности. На основе Iзложенных прінципов іI опираясь на современную теорию алгоритмов, К. м. строит ряд математич. дісціплин, в том числе и конструктивный математич. анализ, включая сюда әлементы функціонального анализа, дифференціальные уравнения, теорию функциї комплексного переменного II т. Д. (см. Конструктивный анализ). Получаемые таким образом теоретіч. моделі, основанные на более скромной чем обычно сістеме абстракций, хотя Iі уступают традіціонным в прозрачності и элегантности, тем не менее, по-видимому, способны обслужить тот же круг прілложенпй.

Имея общий критпческий источнік с пнтуиционистской математикой Л. Брауәра и запмствовав из нее ряд конструкций и пдей, К. м. обнаруживает определенноө сходство с последней. Вместе с тем, здесь имеются и принципıальные отлічия как общефилософского, так и конкретно математічч. характера. ППрежде всего К. м. не разделяет свойственное интуиціонизму убежденше в первоначальном характере математич. интуиции, считая, что сама эта интуиция формируется под влияніем практической деятельности человека. Соответственно абстрагирование в К. м. идет не от умственных построений как в интущцшонизме, а от простейшых реально наблюдаемых конструктпвных процессов. В математич. плане К. м. не принимает выводящую за рамки конструктивных процессов II объектов концепцию свободно становящейся последовательності и основанную на ней интуиционистскую теорию континуума как среды свободного становления. С другой стороны, интуиционистская математика не принимает правила конструктівного подбора и не счітает необходімым әлиминировать интуитивные алгорітмы при помощи соответствующих точных определений. Следует заметіть, что в последние годы наметилась определенная тенденция к сближеншю конструктивного I пнтуіціонистского подходов: в нек-рых конструктивных исследованиях, в особенности относящихся к семантике, Iіспользуются индуктивные определения II соответствующие им индуктивные доказательства, напоминающие построения Л. Брауэра пріI доказательстве его так наз. бар-теоремы (см. Бар-индукция), занимающей одно из центральных мест в интуиционистской математіке.

Лит.: [1] Ф р е н к е л ь А.-А., Б а р-Х и л ле I И.,

![](https://cdn.mathpix.com/cropped/2023_07_08_05e5e52e702aca12f2ccg-1.jpg?height=52&amp;width=829&amp;top_left_y=1744&amp;top_left_x=992)
Т и н г А., Интуиционизм. Введение, пер. с англ., м., 1965; 1948; [4] Constructivity in mathematics, Amst., 1959; [5] M a pн о в A. A., Теория алгорифмов, М., 1954 (Тр. Матем. ин-та AH CCCP, т. 42); [6] е г о же, о логике конструктивной математики, М., 1972; [7] Проблемы конструктивного направления в математике, в. 1-6, М.- Л., 1958-73 (Тр. Матем. ин-та AH СCCP, т. $52,67,72,93,113,129)$.

См. также лит. при ст. Конструктивный анализ. Кушер</text_orig>
</article>
