<?xml version="1.0" ?>
<article uri="http://libmeta.ru/me/article/1060_GIPERBOLOI" alphabetic_pos="1060">
  <title>ГИПЕРБОЛОИД</title>
  <authors/>
  <pages>
    <start>501</start>
    <end>502</end>
  </pages>
  <literature>
    <literature_orig/>
  </literature>
  <formulas_main>
    <formula uri="http://libmeta.ru/me/formula/main/1060_1_GIPERBOLOI">\frac{x^{2}}{a^{2}}+\frac{y^{2}}{b^{2}}-\frac{z^{2}}{c^{2}}=1</formula>
    <formula uri="http://libmeta.ru/me/formula/main/1060_2_GIPERBOLOI">-\frac{x^{2}}{a^{2}}-\frac{y^{2}}{b^{2}}+\frac{z^{2}}{c^{2}}=1</formula>
    <formula uri="http://libmeta.ru/me/formula/main/1060_3_GIPERBOLOI">\frac{x^{2}}{a^{2}}+\frac{y^{2}}{b^{2}}-\frac{z^{2}}{c^{2}}=0,</formula>
    <formula uri="http://libmeta.ru/me/formula/main/1060_4_GIPERBOLOI">\begin{gathered}\frac{x-x_{0}}{\frac{a y_{0}}{b}}=\frac{y-y_{0}}{-\frac{b x_{0}}{a}}=\frac{z-z_{0}}{c}, \\\frac{x-x_{0}}{-\frac{a y_{0}}{b}}=\frac{y-y_{0}}{\frac{b x_{0}}{a}}=\frac{z-z_{0}}{c} .\end{gathered}</formula>
  </formulas_main>
  <formulas_aux>
    <formula uri="http://libmeta.ru/me/formula/aux/1060_1_GIPERBOLOI">\gamma .:</formula>
    <formula uri="http://libmeta.ru/me/formula/aux/1060_2_GIPERBOLOI">a, b</formula>
    <formula uri="http://libmeta.ru/me/formula/aux/1060_3_GIPERBOLOI">c</formula>
    <formula uri="http://libmeta.ru/me/formula/aux/1060_4_GIPERBOLOI">o_{z}</formula>
    <formula uri="http://libmeta.ru/me/formula/aux/1060_5_GIPERBOLOI">o z</formula>
    <formula uri="http://libmeta.ru/me/formula/aux/1060_6_GIPERBOLOI">г</formula>
    <formula uri="http://libmeta.ru/me/formula/aux/1060_7_GIPERBOLOI">z=0</formula>
    <formula uri="http://libmeta.ru/me/formula/aux/1060_8_GIPERBOLOI">a=b=c</formula>
    <formula uri="http://libmeta.ru/me/formula/aux/1060_9_GIPERBOLOI">\gamma</formula>
    <formula uri="http://libmeta.ru/me/formula/aux/1060_10_GIPERBOLOI">\gamma</formula>
    <formula uri="http://libmeta.ru/me/formula/aux/1060_11_GIPERBOLOI">\left(x_{0}, y_{0}, z_{0}\right)</formula>
  </formulas_aux>
  <relations n="15">
    <relation uri="http://libmeta.ru/me/relation/1060_1_GIPERBOLOI">
      <rel_text>вид</rel_text>
      <target>http://libmeta.ru/me/article/708_VI</target>
    </relation>
    <relation uri="http://libmeta.ru/me/relation/1060_2_GIPERBOLOI">
      <rel_text>прямолинейных</rel_text>
      <target>http://libmeta.ru/me/article/765_PRJaMOUGOL'NI</target>
    </relation>
    <relation uri="http://libmeta.ru/me/relation/1060_3_GIPERBOLOI">
      <rel_text>уравнения</rel_text>
      <target>http://libmeta.ru/me/article/106_URAVNENI</target>
    </relation>
    <relation uri="http://libmeta.ru/me/relation/1060_4_GIPERBOLOI">
      <rel_text>поверхность</rel_text>
      <target>http://libmeta.ru/me/article/332_POVERHNOST</target>
    </relation>
    <relation uri="http://libmeta.ru/me/relation/1060_5_GIPERBOLOI">
      <rel_text>определяемый уравнением</rel_text>
      <target>http://libmeta.ru/me/article/32_OPREDELJaJuSchEE</target>
    </relation>
    <relation uri="http://libmeta.ru/me/relation/1060_6_GIPERBOLOI">
      <rel_text>Конус</rel_text>
      <target>http://libmeta.ru/me/article/1088_KONU</target>
    </relation>
    <relation uri="http://libmeta.ru/me/relation/1060_7_GIPERBOLOI">
      <rel_text>симметрии</rel_text>
      <target>http://libmeta.ru/me/article/1306_SIMMTTRIA</target>
    </relation>
    <relation uri="http://libmeta.ru/me/relation/1060_8_GIPERBOLOI">
      <rel_text>Сечение</rel_text>
      <target>http://libmeta.ru/me/article/1284_SEChENI</target>
    </relation>
    <relation uri="http://libmeta.ru/me/relation/1060_9_GIPERBOLOI">
      <rel_text>эллипсами</rel_text>
      <target>http://libmeta.ru/me/article/1145_ELLIPSOI</target>
    </relation>
    <relation uri="http://libmeta.ru/me/relation/1060_10_GIPERBOLOI">
      <rel_text>Сечения</rel_text>
      <target>http://libmeta.ru/me/article/1284_SEChENI</target>
    </relation>
    <relation uri="http://libmeta.ru/me/relation/1060_11_GIPERBOLOI">
      <rel_text>гиперболы</rel_text>
      <target>http://libmeta.ru/me/article/1048_GIPERBOL</target>
    </relation>
    <relation uri="http://libmeta.ru/me/relation/1060_12_GIPERBOLOI">
      <rel_text>получаются</rel_text>
      <target>http://libmeta.ru/me/article/457_POLUGRUPP</target>
    </relation>
    <relation uri="http://libmeta.ru/me/relation/1060_13_GIPERBOLOI">
      <rel_text>сечении</rel_text>
      <target>http://libmeta.ru/me/article/1284_SEChENI</target>
    </relation>
    <relation uri="http://libmeta.ru/me/relation/1060_14_GIPERBOLOI">
      <rel_text>отрезки</rel_text>
      <target>http://libmeta.ru/me/article/135_OTREZO</target>
    </relation>
    <relation uri="http://libmeta.ru/me/relation/1060_15_GIPERBOLOI">
      <rel_text>вид</rel_text>
      <target>http://libmeta.ru/me/article/708_VI</target>
    </relation>
  </relations>
  <text>незамкнутая центральная поверхность второго порядка. Существуют два вида $URI[[http://libmeta.ru/me/formula/aux/1060_1_GIPERBOLOI]]/URI$ однополостный Г.идвуполостный Г.
![](https://cdn.mathpix.com/cropped/2023_07_08_5653eebfcce1a94a6b0bg-1.jpg?height=350&amp;width=558&amp;top_left_y=1234&amp;top_left_x=1126)

В надлежащей системе координат (см. рис.) уравнение однополостного Г. имеет вид:

\[
URI[[http://libmeta.ru/me/formula/main/1060_1_GIPERBOLOI]]/URI
\]

а двуполостного - URI[[http://libmeta.ru/me/relation/1060_15_GIPERBOLOI]]/URI:

\[
URI[[http://libmeta.ru/me/formula/main/1060_2_GIPERBOLOI]]/URI
\]

Числа $URI[[http://libmeta.ru/me/formula/aux/1060_2_GIPERBOLOI]]/URI$ и $URI[[http://libmeta.ru/me/formula/aux/1060_3_GIPERBOLOI]]/URI$ (и URI[[http://libmeta.ru/me/relation/1060_14_GIPERBOLOI]]/URI такой длины) наз. п о луо с я м и Г. В URI[[http://libmeta.ru/me/relation/1060_13_GIPERBOLOI]]/URI Г. плоскостями, проходящими через ось $URI[[http://libmeta.ru/me/formula/aux/1060_4_GIPERBOLOI]]/URI$, URI[[http://libmeta.ru/me/relation/1060_12_GIPERBOLOI]]/URI URI[[http://libmeta.ru/me/relation/1060_11_GIPERBOLOI]]/URI. URI[[http://libmeta.ru/me/relation/1060_10_GIPERBOLOI]]/URI Г. плоскостями, перпендикулярными оси $URI[[http://libmeta.ru/me/formula/aux/1060_5_GIPERBOLOI]]/URI$, являются URI[[http://libmeta.ru/me/relation/1060_9_GIPERBOLOI]]/URI. URI[[http://libmeta.ru/me/relation/1060_8_GIPERBOLOI]]/URI однополостного $URI[[http://libmeta.ru/me/formula/aux/1060_6_GIPERBOLOI]]/URI$. Плоскостью $URI[[http://libmeta.ru/me/formula/aux/1060_7_GIPERBOLOI]]/URI$ наз. г о р л о в ы м э л л и п с о м. Г. имеет три плоскости URI[[http://libmeta.ru/me/relation/1060_7_GIPERBOLOI]]/URI. URI[[http://libmeta.ru/me/relation/1060_6_GIPERBOLOI]]/URI, URI[[http://libmeta.ru/me/relation/1060_5_GIPERBOLOI]]/URI

\[
URI[[http://libmeta.ru/me/formula/main/1060_3_GIPERBOLOI]]/URI
\]

наз. а симптотиче с ким ко о у сом. Если $URI[[http://libmeta.ru/me/formula/aux/1060_8_GIPERBOLOI]]/URI$, то $URI[[http://libmeta.ru/me/formula/aux/1060_9_GIPERBOLOI]]/URI$. наз. п р а в и л в ны. полуоси равны, наз. Г. в р а щ е н и я. Однополостный $URI[[http://libmeta.ru/me/formula/aux/1060_10_GIPERBOLOI]]/URI$. есть линейчатая URI[[http://libmeta.ru/me/relation/1060_4_GIPERBOLOI]]/URI; URI[[http://libmeta.ru/me/relation/1060_3_GIPERBOLOI]]/URI URI[[http://libmeta.ru/me/relation/1060_2_GIPERBOLOI]]/URI образующих, проходящих через данную точку $URI[[http://libmeta.ru/me/formula/aux/1060_11_GIPERBOLOI]]/URI$ однополостного Г., имеют URI[[http://libmeta.ru/me/relation/1060_1_GIPERBOLOI]]/URI:

\[
URI[[http://libmeta.ru/me/formula/main/1060_4_GIPERBOLOI]]/URI
\]</text>
  <text_orig>незамкнутая центральная поверхность второго порядка. Существуют два вида $\Gamma .:$ однополостный Г.идвуполостный Г.
![](https://cdn.mathpix.com/cropped/2023_07_08_5653eebfcce1a94a6b0bg-1.jpg?height=350&amp;width=558&amp;top_left_y=1234&amp;top_left_x=1126)

В надлежащей системе координат (см. рис.) уравнение однополостного Г. имеет вид:

\[
\frac{x^{2}}{a^{2}}+\frac{y^{2}}{b^{2}}-\frac{z^{2}}{c^{2}}=1
\]

а двуполостного - вид:

\[
-\frac{x^{2}}{a^{2}}-\frac{y^{2}}{b^{2}}+\frac{z^{2}}{c^{2}}=1
\]

Числа $a, b$ и $c$ (и отрезки такой длины) наз. п о луо с я м и Г. В сечении Г. плоскостями, проходящими через ось $O_{z}$, получаются гиперболы. Сечения Г. плоскостями, перпендикулярными оси $O z$, являются эллипсами. Сечение однополостного $Г$. Плоскостью $z=0$ наз. г о р л о в ы м э л л и п с о м. Г. имеет три плоскости симметрии. Конус, определяемый уравнением

\[
\frac{x^{2}}{a^{2}}+\frac{y^{2}}{b^{2}}-\frac{z^{2}}{c^{2}}=0,
\]

наз. а симптотиче с ким ко о у сом. Если $a=b=c$, то $\Gamma$. наз. п р а в и л в ны. полуоси равны, наз. Г. в р а щ е н и я. Однополостный $\Gamma$. есть линейчатая поверхность; уравнения прямолинейных образующих, проходящих через данную точку $\left(x_{0}, y_{0}, z_{0}\right)$ однополостного Г., имеют вид:

\[
\begin{gathered}
\frac{x-x_{0}}{\frac{a y_{0}}{b}}=\frac{y-y_{0}}{-\frac{b x_{0}}{a}}=\frac{z-z_{0}}{c}, \\
\frac{x-x_{0}}{-\frac{a y_{0}}{b}}=\frac{y-y_{0}}{\frac{b x_{0}}{a}}=\frac{z-z_{0}}{c} .
\end{gathered}
\]</text_orig>
</article>
