<?xml version="1.0" ?>
<article uri="http://libmeta.ru/me/article/1061_GIІERGEOMETRIChESKAJa" alphabetic_pos="1061">
  <title>ГИІЕРГЕОМЕТРИЧЕСКАЯ ФУНТЕИЯ</title>
  <authors/>
  <pages>
    <start>502</start>
    <end>503</end>
  </pages>
  <literature>
    <literature_orig>Jum.: [1] Л е б е д е в Н. Н., Специальные функции и их приложения, 2 изд., М.-Ј., $1963 ;[2]$ Б е й т м е н Г., Э р д е й и А., Высшие трансцендентные функции, [т. 1], пер. с И. М., Таблицы интегралов, сумм, рядов и произведений, 5 изд., M., 1971; [4] K u m m e r E. E., «j. reine und angew. Math.&quot;, 1835 , Bd 15 , S. $39-83,127-72$; [̇'5] Handbook of mathematical functions with formulas, graphs and mathematical tables, N. Y., functions with formulas, graphs and mathematical tables, N. Y., временного анализа, ч. 2 , Трансцендентные функции, пер. с англ., 2 изд., М., 1963; [7] Л е б е д е в А. В., Ф е д оро в а P. М., Справочник по математическим таблицам, М., $1956 ;$ [8] Б у р у н о в а H. М., Справочник по математическим таблицам, М., 1959, доп. 1; [9] An index of mathematical tables, 2 ed., v. 1, 2, Oxford, 1962 .</literature_orig>
    <unit>
      <author>Лебедев Н. Н.</author>
      <title>Специальные функции и их приложения</title>
      <publication>2 изд., М.-Ј.</publication>
      <year>1963</year>
      <other/>
    </unit>
    <unit>
      <author>$Бейтмен Г.</author>
      <author>Эрдейи А.</author>
      <title>Высшие трансцендентные функции</title>
      <publication>пер. с И. М., Таблицы интегралов, сумм, рядов и произведений, 5 изд., M.</publication>
      <year>1971</year>
      <other>[т. 1], «j. reine und angew. Math.&quot;, 1835, Bd 15, S. $39-83, 127-72$; [̇'5] Handbook of mathematical functions with formulas, graphs and mathematical tables, N. Y., functions with formulas, graphs and mathematical tables, N. Y., временного анализа, ч. 2, Трансцендентные функции, пер. с англ., 2 изд., М., 1963; [7] Л е б е д е в А. В., Ф е д оро в а P. М., Справочник по математическим таблицам, М., $1956 ;$ [8] Б у р у н о в а H. М., Справочник по математическим таблицам, М., 1959, доп. 1; [9] An index of mathematical tables, 2 ed., v. 1, 2, Oxford, 1962 .</other>
    </unit>
  </literature>
  <formulas_main>
    <formula uri="http://libmeta.ru/me/formula/main/1061_1_GIІERGEOMETRIChESKAJa">z(1-z) w^{\prime \prime}+[\gamma-(\alpha+\beta+1) z] w^{\prime}-\alpha \beta w=0 .</formula>
    <formula uri="http://libmeta.ru/me/formula/main/1061_2_GIІERGEOMETRIChESKAJa">\begin{gathered}=\sum_{n=0}^{\infty} \frac{(\alpha)_{n}(\beta)_{n}}{(\gamma)_{n}} \frac{z^{n}}{n !}= \\=\frac{\Gamma(\gamma)}{\Gamma(\alpha) \Gamma(\beta)} \sum_{n=0}^{\infty} \frac{\Gamma(\alpha+n) \Gamma(\beta+n)}{\Gamma(\gamma+n)} \frac{z^{n}}{n !},\end{gathered}</formula>
    <formula uri="http://libmeta.ru/me/formula/main/1061_3_GIІERGEOMETRIChESKAJa">\Phi(\alpha, \beta ; \gamma ; z)=</formula>
    <formula uri="http://libmeta.ru/me/formula/main/1061_4_GIІERGEOMETRIChESKAJa">\begin{gathered}\lim _{\gamma \rightarrow-n} \frac{F(\alpha, \beta ; \gamma ; z)}{F(\gamma)}= \\=\frac{(\alpha)_{n+1}(\beta)_{n+1}}{(n+1) !} z^{n+1} F(\alpha+n+1, \beta+n+1 ; n+2 ; z) .\end{gathered}</formula>
    <formula uri="http://libmeta.ru/me/formula/main/1061_5_GIІERGEOMETRIChESKAJa">\begin{aligned}\gamma F(\alpha, \beta-1 ; &amp; \gamma ; z)+(\alpha-\beta) z F(\alpha, \beta ; \gamma+1 ; z)= \\&amp; =\gamma F(\alpha-1, \beta ; \gamma ; z) .\end{aligned}</formula>
    <formula uri="http://libmeta.ru/me/formula/main/1061_6_GIІERGEOMETRIChESKAJa">\frac{d^{n}}{d z^{n}} F(\alpha, \beta ; \gamma ; z)=\frac{(\alpha)_{n}(\beta)_{n}}{(\gamma)_{n}} F(\alpha+n, \beta+n ; \gamma+n ; z) .</formula>
    <formula uri="http://libmeta.ru/me/formula/main/1061_7_GIІERGEOMETRIChESKAJa">z^{\rho}(1-z)^{\sigma} F\left(\alpha^{\prime}, \beta^{\prime} ; \gamma^{\prime} ; z^{\prime}\right),</formula>
    <formula uri="http://libmeta.ru/me/formula/main/1061_8_GIІERGEOMETRIChESKAJa">F(\alpha, \beta ; \gamma ; z)=</formula>
    <formula uri="http://libmeta.ru/me/formula/main/1061_9_GIІERGEOMETRIChESKAJa">=\frac{\Gamma(\nu)}{\Gamma(\beta) \Gamma(\gamma-\beta)} \int_{0}^{1} t^{\beta-1}(1-t)^{\gamma-\beta-1}(1-t z)^{-\alpha} d t .</formula>
    <formula uri="http://libmeta.ru/me/formula/main/1061_10_GIІERGEOMETRIChESKAJa">F(\alpha, \beta ; \gamma ; z)=\sum_{k=0}^{n} \frac{(\alpha)_{k}(\beta)_{k}}{(\gamma)_{k}} \frac{z^{k}}{k !}+O\left(|\gamma|^{-n+1}\right) .</formula>
    <formula uri="http://libmeta.ru/me/formula/main/1061_11_GIІERGEOMETRIChESKAJa">\begin{aligned}&amp; F(\alpha, \beta ; \gamma ; z)=F\left(\alpha, \beta ; \gamma ; \frac{\beta z}{\beta}\right)= \\&amp; =\left[\sum_{n=0}^{\infty} \frac{(\alpha)_{n}(\beta z)_{n}}{(\gamma)_{n} n !}\right]\left[1+O\left(|\beta|^{-1}\right)\right] .\end{aligned}</formula>
    <formula uri="http://libmeta.ru/me/formula/main/1061_12_GIІERGEOMETRIChESKAJa">\begin{gathered}(1+z)^{n}=F(-n, 1 ; 1,-z), \\\ln \frac{1+z}{1-z}=2 z F\left(\frac{1}{2}, 1 ; \frac{3}{2} ; z^{2}\right), \\\ln (1+z)=z F(1,1 ; 2 ;-z), \\e^{z}=\lim _{b \rightarrow \infty} F\left(1, b ; 1 ; \frac{z}{b}\right), \\\arcsin z=z F\left(\frac{1}{2}, \frac{1}{2} ; \frac{3}{2} ; z^{2}\right), \\\operatorname{arctg} z=z F\left(\frac{1}{2}, 1 ; \frac{3}{2} ;-z^{2}\right), \\\sin n z=n \sin z F\left(\frac{1+n}{2}, \frac{1-n}{2} ; \frac{3}{2} ; \sin ^{2} z\right) ; \\\cos n z=F\left(\frac{1}{2} n,-\frac{1}{2} n ; \frac{1}{2} ; \sin ^{2} z\right) ;\end{gathered}</formula>
    <formula uri="http://libmeta.ru/me/formula/main/1061_13_GIІERGEOMETRIChESKAJa">\begin{aligned}&amp; K(z)=\frac{\pi}{2} F\left(\frac{1}{2} ; \frac{1}{2} ; 1 ; z^{2}\right), \\&amp; E(z)=\frac{\pi}{2} F\left(-\frac{1}{2}, \frac{1}{2} ; 1 ; z^{2}\right) ;\end{aligned}</formula>
    <formula uri="http://libmeta.ru/me/formula/main/1061_14_GIІERGEOMETRIChESKAJa">P_{n}^{m}(z)=\frac{(z+1)^{m / 2}}{(z-1)^{m / 2}} \frac{1}{\Gamma(1-m)} F\left(-n, n+1 ; 1-m ; \frac{1-z}{2}\right) ;</formula>
    <formula uri="http://libmeta.ru/me/formula/main/1061_15_GIІERGEOMETRIChESKAJa">T_{n}(z)=F\left(-n, n ; \frac{1}{2} ; \frac{1-z}{2}\right) ;</formula>
    <formula uri="http://libmeta.ru/me/formula/main/1061_16_GIІERGEOMETRIChESKAJa">P_{n}(z)=F\left(-n, n+1 ; 1 ; \frac{1-z}{2}\right) ;</formula>
    <formula uri="http://libmeta.ru/me/formula/main/1061_17_GIІERGEOMETRIChESKAJa">\frac{n !}{(2 a)_{n}} C_{n}^{(a)}(z)=F\left(-n, n+2 a ; a+\frac{1}{2} ; \frac{1-z}{2}\right) ;</formula>
    <formula uri="http://libmeta.ru/me/formula/main/1061_18_GIІERGEOMETRIChESKAJa">{ }_{p} F_{q}\left(\alpha_{1}, \alpha_{2}, \ldots, \alpha_{p} ; \gamma_{1}, \gamma_{2}, \ldots, \gamma_{q} ; z\right)=</formula>
    <formula uri="http://libmeta.ru/me/formula/main/1061_19_GIІERGEOMETRIChESKAJa">=\sum_{n=0}^{\infty} \frac{1}{n !} \frac{\left(\alpha_{1}\right)_{n}\left(\alpha_{2}\right)_{n} \cdots\left(\alpha_{p}\right)_{n}}{\left(\gamma_{1}\right)_{n}\left(\gamma_{2}\right)_{n} \cdots\left(\gamma_{q}\right)_{n}} z^{n}</formula>
  </formulas_main>
  <formulas_aux>
    <formula uri="http://libmeta.ru/me/formula/aux/1061_1_GIІERGEOMETRIChESKAJa">\gamma</formula>
    <formula uri="http://libmeta.ru/me/formula/aux/1061_2_GIІERGEOMETRIChESKAJa">f(\alpha, \beta ; \gamma ; z)={ }_{2} F_{1}(\alpha, \beta ; \gamma ; z)=F(\beta, \alpha ; \gamma ; z)=</formula>
    <formula uri="http://libmeta.ru/me/formula/aux/1061_3_GIІERGEOMETRIChESKAJa">\alpha, \beta, \gamma</formula>
    <formula uri="http://libmeta.ru/me/formula/aux/1061_4_GIІERGEOMETRIChESKAJa">\gamma=0</formula>
    <formula uri="http://libmeta.ru/me/formula/aux/1061_5_GIІERGEOMETRIChESKAJa">-1,-2, \ldots, z-</formula>
    <formula uri="http://libmeta.ru/me/formula/aux/1061_6_GIІERGEOMETRIChESKAJa">(x)_{n} \equiv x(x+</formula>
    <formula uri="http://libmeta.ru/me/formula/aux/1061_7_GIІERGEOMETRIChESKAJa">+1) \ldots(x+n-1)</formula>
    <formula uri="http://libmeta.ru/me/formula/aux/1061_8_GIІERGEOMETRIChESKAJa">f(\alpha, \beta ; \gamma ; z)</formula>
    <formula uri="http://libmeta.ru/me/formula/aux/1061_9_GIІERGEOMETRIChESKAJa">=\frac{\gamma(\alpha-\gamma+1) \Gamma(\beta-\gamma+1)}{\Gamma(\alpha) \Gamma(\beta) \Gamma(1-\gamma)} z^{1-\gamma} F(\alpha-\gamma+1, \beta-\gamma+1 ; 2-\gamma ; z)</formula>
    <formula uri="http://libmeta.ru/me/formula/aux/1061_10_GIІERGEOMETRIChESKAJa">|z|&lt;1</formula>
    <formula uri="http://libmeta.ru/me/formula/aux/1061_11_GIІERGEOMETRIChESKAJa">\operatorname{re}(\alpha+\beta-\gamma)&lt;0 ;</formula>
    <formula uri="http://libmeta.ru/me/formula/aux/1061_12_GIІERGEOMETRIChESKAJa">0 \leqslant \operatorname{Re}(\alpha+\beta-\gamma)&lt;1</formula>
    <formula uri="http://libmeta.ru/me/formula/aux/1061_13_GIІERGEOMETRIChESKAJa">z=1</formula>
    <formula uri="http://libmeta.ru/me/formula/aux/1061_14_GIІERGEOMETRIChESKAJa">\gamma</formula>
    <formula uri="http://libmeta.ru/me/formula/aux/1061_15_GIІERGEOMETRIChESKAJa">|z|&gt;1</formula>
    <formula uri="http://libmeta.ru/me/formula/aux/1061_16_GIІERGEOMETRIChESKAJa">(1, \infty)</formula>
    <formula uri="http://libmeta.ru/me/formula/aux/1061_17_GIІERGEOMETRIChESKAJa">f(\alpha, \beta ; \gamma ; z)</formula>
    <formula uri="http://libmeta.ru/me/formula/aux/1061_18_GIІERGEOMETRIChESKAJa">z</formula>
    <formula uri="http://libmeta.ru/me/formula/aux/1061_19_GIІERGEOMETRIChESKAJa">(1, \infty)</formula>
    <formula uri="http://libmeta.ru/me/formula/aux/1061_20_GIІERGEOMETRIChESKAJa">\alpha</formula>
    <formula uri="http://libmeta.ru/me/formula/aux/1061_21_GIІERGEOMETRIChESKAJa">\beta-</formula>
    <formula uri="http://libmeta.ru/me/formula/aux/1061_22_GIІERGEOMETRIChESKAJa">z</formula>
    <formula uri="http://libmeta.ru/me/formula/aux/1061_23_GIІERGEOMETRIChESKAJa">\gamma=-n, n=0,1,2, \ldots, \Gamma</formula>
    <formula uri="http://libmeta.ru/me/formula/aux/1061_24_GIІERGEOMETRIChESKAJa">f(\alpha \pm 1 ; \beta ; \gamma ; z), \quad F(\alpha, \beta \pm 1 ; \gamma ; z) \quad F(\alpha, \beta ; \gamma \pm 1 ; z)</formula>
    <formula uri="http://libmeta.ru/me/formula/aux/1061_25_GIІERGEOMETRIChESKAJa">\gamma</formula>
    <formula uri="http://libmeta.ru/me/formula/aux/1061_26_GIІERGEOMETRIChESKAJa">f(\alpha, \beta ; \gamma ; z)</formula>
    <formula uri="http://libmeta.ru/me/formula/aux/1061_27_GIІERGEOMETRIChESKAJa">f(\alpha, \beta ; \gamma ; z)</formula>
    <formula uri="http://libmeta.ru/me/formula/aux/1061_28_GIІERGEOMETRIChESKAJa">f(\alpha+m, \beta+n ; \gamma+l ; z)</formula>
    <formula uri="http://libmeta.ru/me/formula/aux/1061_29_GIІERGEOMETRIChESKAJa">m, n, l-</formula>
    <formula uri="http://libmeta.ru/me/formula/aux/1061_30_GIІERGEOMETRIChESKAJa">\rho, \sigma, \alpha^{\prime}, \beta^{\prime}</formula>
    <formula uri="http://libmeta.ru/me/formula/aux/1061_31_GIІERGEOMETRIChESKAJa">\gamma^{\prime}</formula>
    <formula uri="http://libmeta.ru/me/formula/aux/1061_32_GIІERGEOMETRIChESKAJa">\alpha, \beta</formula>
    <formula uri="http://libmeta.ru/me/formula/aux/1061_33_GIІERGEOMETRIChESKAJa">\gamma</formula>
    <formula uri="http://libmeta.ru/me/formula/aux/1061_34_GIІERGEOMETRIChESKAJa">z</formula>
    <formula uri="http://libmeta.ru/me/formula/aux/1061_35_GIІERGEOMETRIChESKAJa">z^{\prime}</formula>
    <formula uri="http://libmeta.ru/me/formula/aux/1061_36_GIІERGEOMETRIChESKAJa">\operatorname{re} \gamma&gt;\operatorname{Re} \beta&gt;0</formula>
    <formula uri="http://libmeta.ru/me/formula/aux/1061_37_GIІERGEOMETRIChESKAJa">|\arg (1-z)|&lt;\pi</formula>
    <formula uri="http://libmeta.ru/me/formula/aux/1061_38_GIІERGEOMETRIChESKAJa">(1-t z)^{-\alpha}</formula>
    <formula uri="http://libmeta.ru/me/formula/aux/1061_39_GIІERGEOMETRIChESKAJa">z</formula>
    <formula uri="http://libmeta.ru/me/formula/aux/1061_40_GIІERGEOMETRIChESKAJa">z</formula>
    <formula uri="http://libmeta.ru/me/formula/aux/1061_41_GIІERGEOMETRIChESKAJa">f(\alpha, \beta ; \gamma ; z)</formula>
    <formula uri="http://libmeta.ru/me/formula/aux/1061_42_GIІERGEOMETRIChESKAJa">|\arg (-z)|&lt;\pi</formula>
    <formula uri="http://libmeta.ru/me/formula/aux/1061_43_GIІERGEOMETRIChESKAJa">[1],[2])</formula>
    <formula uri="http://libmeta.ru/me/formula/aux/1061_44_GIІERGEOMETRIChESKAJa">|z|</formula>
    <formula uri="http://libmeta.ru/me/formula/aux/1061_45_GIІERGEOMETRIChESKAJa">z=\infty</formula>
    <formula uri="http://libmeta.ru/me/formula/aux/1061_46_GIІERGEOMETRIChESKAJa">\alpha, \beta, z-</formula>
    <formula uri="http://libmeta.ru/me/formula/aux/1061_47_GIІERGEOMETRIChESKAJa">|\gamma|</formula>
    <formula uri="http://libmeta.ru/me/formula/aux/1061_48_GIІERGEOMETRIChESKAJa">|\arg \gamma|&lt;</formula>
    <formula uri="http://libmeta.ru/me/formula/aux/1061_49_GIІERGEOMETRIChESKAJa">&lt;\pi-\varepsilon, \varepsilon&gt;0</formula>
    <formula uri="http://libmeta.ru/me/formula/aux/1061_50_GIІERGEOMETRIChESKAJa">|z|&lt;1</formula>
    <formula uri="http://libmeta.ru/me/formula/aux/1061_51_GIІERGEOMETRIChESKAJa">|z|&gt;1</formula>
    <formula uri="http://libmeta.ru/me/formula/aux/1061_52_GIІERGEOMETRIChESKAJa">\alpha, \gamma</formula>
    <formula uri="http://libmeta.ru/me/formula/aux/1061_53_GIІERGEOMETRIChESKAJa">z, \gamma \neq 0,-1,-2, \ldots</formula>
    <formula uri="http://libmeta.ru/me/formula/aux/1061_54_GIІERGEOMETRIChESKAJa">0&lt;|z|&lt;1</formula>
    <formula uri="http://libmeta.ru/me/formula/aux/1061_55_GIІERGEOMETRIChESKAJa">\beta \rightarrow \infty,-\frac{3 \pi}{2}&lt;\arg \beta z&lt;\frac{\pi}{2}</formula>
    <formula uri="http://libmeta.ru/me/formula/aux/1061_56_GIІERGEOMETRIChESKAJa">з</formula>
    <formula uri="http://libmeta.ru/me/formula/aux/1061_57_GIІERGEOMETRIChESKAJa">\frac{n^{\prime}}{(a+1)_{n}} P_{n}^{(a, b)}(z)=F\left(-n, a+1+b+n ; a+1 ; \frac{1-z}{2}\right)</formula>
    <formula uri="http://libmeta.ru/me/formula/aux/1061_58_GIІERGEOMETRIChESKAJa">г</formula>
    <formula uri="http://libmeta.ru/me/formula/aux/1061_59_GIІERGEOMETRIChESKAJa">г</formula>
    <formula uri="http://libmeta.ru/me/formula/aux/1061_60_GIІERGEOMETRIChESKAJa">(q+1)</formula>
  </formulas_aux>
  <relations n="4">
    <relation uri="http://libmeta.ru/me/relation/1061_1_GIІERGEOMETRIChESKAJa">
      <rel_text>переменных</rel_text>
      <target>http://libmeta.ru/me/article/222_PEREGÓROD</target>
    </relation>
    <relation uri="http://libmeta.ru/me/relation/1061_2_GIІERGEOMETRIChESKAJa">
      <rel_text>порядка</rel_text>
      <target>http://libmeta.ru/me/article/531_PORJaDO</target>
    </relation>
    <relation uri="http://libmeta.ru/me/relation/1061_3_GIІERGEOMETRIChESKAJa">
      <rel_text>уравнения</rel_text>
      <target>http://libmeta.ru/me/article/106_URAVNENI</target>
    </relation>
    <relation uri="http://libmeta.ru/me/relation/1061_4_GIІERGEOMETRIChESKAJa">
      <rel_text>гипергеометрич</rel_text>
      <target>http://libmeta.ru/me/article/1069_GIPERPJOSKOST</target>
    </relation>
  </relations>
  <text>А. Б. Иванов. гипергеометрического уравнения

\[
URI[[http://libmeta.ru/me/formula/main/1061_1_GIІERGEOMETRIChESKAJa]]/URI
\]

Г. ф. может быть определена с помощью так наз. р яд а $URI[[http://libmeta.ru/me/formula/aux/1061_1_GIІERGEOMETRIChESKAJa]]/URI$ а у с с а:

$URI[[http://libmeta.ru/me/formula/aux/1061_2_GIІERGEOMETRIChESKAJa]]/URI$

\[
URI[[http://libmeta.ru/me/formula/main/1061_2_GIІERGEOMETRIChESKAJa]]/URI
\]

где $URI[[http://libmeta.ru/me/formula/aux/1061_3_GIІERGEOMETRIChESKAJa]]/URI$ - параметры, принимающие любые действительные или комплексные значения, кроме $URI[[http://libmeta.ru/me/formula/aux/1061_4_GIІERGEOMETRIChESKAJa]]/URI$, $URI[[http://libmeta.ru/me/formula/aux/1061_5_GIІERGEOMETRIChESKAJa]]/URI$ комплексное переменное, $URI[[http://libmeta.ru/me/formula/aux/1061_6_GIІERGEOMETRIChESKAJa]]/URI$ $URI[[http://libmeta.ru/me/formula/aux/1061_7_GIІERGEOMETRIChESKAJa]]/URI$. Функция $URI[[http://libmeta.ru/me/formula/aux/1061_8_GIІERGEOMETRIChESKAJa]]/URI$ наз. г и п е рге оме т р ической фу ункцией 1 - го рода. Второе линейно независимое решение гипергеометрич. уравнения (1)

\[
URI[[http://libmeta.ru/me/formula/main/1061_3_GIІERGEOMETRIChESKAJa]]/URI
\]

$URI[[http://libmeta.ru/me/formula/aux/1061_9_GIІERGEOMETRIChESKAJa]]/URI$ наз. ги пе р ге омет рической функци ей 2 - г о р о д а.

Ряд (2) сходится абсолютно и равномерно при $URI[[http://libmeta.ru/me/formula/aux/1061_10_GIІERGEOMETRIChESKAJa]]/URI$; сходимость распространяется и на единичную окружность, если $URI[[http://libmeta.ru/me/formula/aux/1061_11_GIІERGEOMETRIChESKAJa]]/URI$ при $URI[[http://libmeta.ru/me/formula/aux/1061_12_GIІERGEOMETRIChESKAJa]]/URI$ сходится во всех точках единичной окружности, кроме $URI[[http://libmeta.ru/me/formula/aux/1061_13_GIІERGEOMETRIChESKAJa]]/URI$. Однако существует аналитич. продолжение $URI[[http://libmeta.ru/me/formula/aux/1061_14_GIІERGEOMETRIChESKAJa]]/URI$. ф. (2) во внешность единичной окружности $URI[[http://libmeta.ru/me/formula/aux/1061_15_GIІERGEOMETRIChESKAJa]]/URI$ с разрезом $URI[[http://libmeta.ru/me/formula/aux/1061_16_GIІERGEOMETRIChESKAJa]]/URI$ (см. [1]). Функция $URI[[http://libmeta.ru/me/formula/aux/1061_17_GIІERGEOMETRIChESKAJa]]/URI$ - однозначная аналитическая в комплексной плоскости $URI[[http://libmeta.ru/me/formula/aux/1061_18_GIІERGEOMETRIChESKAJa]]/URI$ с разрезом $URI[[http://libmeta.ru/me/formula/aux/1061_19_GIІERGEOMETRIChESKAJa]]/URI$. Если $URI[[http://libmeta.ru/me/formula/aux/1061_20_GIІERGEOMETRIChESKAJa]]/URI$ или $URI[[http://libmeta.ru/me/formula/aux/1061_21_GIІERGEOMETRIChESKAJa]]/URI$ нуль или целое отрицательное число, то ряд (2) обрывается на конечном числе членов и Г. Ф. представляет собой полином относительно $URI[[http://libmeta.ru/me/formula/aux/1061_22_GIІERGEOMETRIChESKAJa]]/URI$.

При $URI[[http://libmeta.ru/me/formula/aux/1061_23_GIІERGEOMETRIChESKAJa]]/URI$. Ф. не определена, однако

\[
URI[[http://libmeta.ru/me/formula/main/1061_4_GIІERGEOMETRIChESKAJa]]/URI
\]

Элементарны е с о отношения. Шесть функций

$URI[[http://libmeta.ru/me/formula/aux/1061_24_GIІERGEOMETRIChESKAJa]]/URI$ наз. смежными с $URI[[http://libmeta.ru/me/formula/aux/1061_25_GIІERGEOMETRIChESKAJa]]/URI$. ф. $URI[[http://libmeta.ru/me/formula/aux/1061_26_GIІERGEOMETRIChESKAJa]]/URI$. Между функцией $URI[[http://libmeta.ru/me/formula/aux/1061_27_GIІERGEOMETRIChESKAJa]]/URI$ и любыми двумя смежными с ней существует линейная зависимость. Напр.,

\[
URI[[http://libmeta.ru/me/formula/main/1061_5_GIІERGEOMETRIChESKAJa]]/URI
\]

15 формул такого тіпа впервые были найдены К. Гауссом (c. Gauss, см. [2], [3]). А с с оц и и р о в а нны е ф у нк ци и $URI[[http://libmeta.ru/me/formula/aux/1061_28_GIІERGEOMETRIChESKAJa]]/URI$, где $URI[[http://libmeta.ru/me/formula/aux/1061_29_GIІERGEOMETRIChESKAJa]]/URI$ целые числа, могут быть получены повторными применениями соотношений Гаусса. Имеют место формулы дифференцирования

\[
URI[[http://libmeta.ru/me/formula/main/1061_6_GIІERGEOMETRIChESKAJa]]/URI
\]

Уравнение (1) имеет 24 решения вида

\[
URI[[http://libmeta.ru/me/formula/main/1061_7_GIІERGEOMETRIChESKAJa]]/URI
\]

где $URI[[http://libmeta.ru/me/formula/aux/1061_30_GIІERGEOMETRIChESKAJa]]/URI$ и $URI[[http://libmeta.ru/me/formula/aux/1061_31_GIІERGEOMETRIChESKAJa]]/URI$ - линейные функции $URI[[http://libmeta.ru/me/formula/aux/1061_32_GIІERGEOMETRIChESKAJa]]/URI$ I $URI[[http://libmeta.ru/me/formula/aux/1061_33_GIІERGEOMETRIChESKAJa]]/URI$, $URI[[http://libmeta.ru/me/formula/aux/1061_34_GIІERGEOMETRIChESKAJa]]/URI$ и $URI[[http://libmeta.ru/me/formula/aux/1061_35_GIІERGEOMETRIChESKAJa]]/URI$ связаны дробно-линейным преобразованием. Любые три решения линейно зависимы (см. [2]). Существуют квадратичные, кубичные и более высокого порядка преобразования (см. [2] - [5]).

Основны е инте г р а льные пред с т а вле ни я. Если $URI[[http://libmeta.ru/me/formula/aux/1061_36_GIІERGEOMETRIChESKAJa]]/URI$ и $URI[[http://libmeta.ru/me/formula/aux/1061_37_GIІERGEOMETRIChESKAJa]]/URI$, то имеет место формула Эйлера:

\[
URI[[http://libmeta.ru/me/formula/main/1061_8_GIІERGEOMETRIChESKAJa]]/URI
\]

\[
URI[[http://libmeta.ru/me/formula/main/1061_9_GIІERGEOMETRIChESKAJa]]/URI
\]

Разлагая $URI[[http://libmeta.ru/me/formula/aux/1061_38_GIІERGEOMETRIChESKAJa]]/URI$ в биномиальный ряд и применяя контурные интегралы для бета-функции, можно получить другие интегральные представления (см. [2]). Интеграл (3) и другие аналогичные формулы, определяющие аналитич. функцию от $URI[[http://libmeta.ru/me/formula/aux/1061_39_GIІERGEOMETRIChESKAJa]]/URI$, однозначную во всей плоскости $URI[[http://libmeta.ru/me/formula/aux/1061_40_GIІERGEOMETRIChESKAJa]]/URI$, также могут служить для аналитич. продолжения функции $URI[[http://libmeta.ru/me/formula/aux/1061_41_GIІERGEOMETRIChESKAJa]]/URI$ в область $URI[[http://libmeta.ru/me/formula/aux/1061_42_GIІERGEOMETRIChESKAJa]]/URI$. Существуют и другие аналитич. продолжения (см. $URI[[http://libmeta.ru/me/formula/aux/1061_43_GIІERGEOMETRIChESKAJa]]/URI$.

А симптотическое пове дение при больших значениях $URI[[http://libmeta.ru/me/formula/aux/1061_44_GIІERGEOMETRIChESKAJa]]/URI$ полностью описывается с помощью формул, дающих аналитич. продолжение в окрестность точки $URI[[http://libmeta.ru/me/formula/aux/1061_45_GIІERGEOMETRIChESKAJa]]/URI$ (см. [1] - [3]). Если $URI[[http://libmeta.ru/me/formula/aux/1061_46_GIІERGEOMETRIChESKAJa]]/URI$ фиксированные числа и $URI[[http://libmeta.ru/me/formula/aux/1061_47_GIІERGEOMETRIChESKAJa]]/URI$ достаточно велико, $URI[[http://libmeta.ru/me/formula/aux/1061_48_GIІERGEOMETRIChESKAJa]]/URI$ $URI[[http://libmeta.ru/me/formula/aux/1061_49_GIІERGEOMETRIChESKAJa]]/URI$, то при $URI[[http://libmeta.ru/me/formula/aux/1061_50_GIІERGEOMETRIChESKAJa]]/URI$ :

\[
URI[[http://libmeta.ru/me/formula/main/1061_10_GIІERGEOMETRIChESKAJa]]/URI
\]

При $URI[[http://libmeta.ru/me/formula/aux/1061_51_GIІERGEOMETRIChESKAJa]]/URI$ имеется аналогичное выражение.

Для фиксированных $URI[[http://libmeta.ru/me/formula/aux/1061_52_GIІERGEOMETRIChESKAJa]]/URI$ и $URI[[http://libmeta.ru/me/formula/aux/1061_53_GIІERGEOMETRIChESKAJa]]/URI$, $URI[[http://libmeta.ru/me/formula/aux/1061_54_GIІERGEOMETRIChESKAJa]]/URI$, и $URI[[http://libmeta.ru/me/formula/aux/1061_55_GIІERGEOMETRIChESKAJa]]/URI$,

\[
URI[[http://libmeta.ru/me/formula/main/1061_11_GIІERGEOMETRIChESKAJa]]/URI
\]

См. также [2], [5], [6].

П р е д с т а л ения фу ункций че ре $URI[[http://libmeta.ru/me/formula/aux/1061_56_GIІERGEOMETRIChESKAJa]]/URI$ ц. ф. Элементарные функции:

\[
URI[[http://libmeta.ru/me/formula/main/1061_12_GIІERGEOMETRIChESKAJa]]/URI
\]

полные эллиптич. интегралы 1-го и 2-го рода:

\[
URI[[http://libmeta.ru/me/formula/main/1061_13_GIІERGEOMETRIChESKAJa]]/URI
\]

присоединенные функции Лежандра:

\[
URI[[http://libmeta.ru/me/formula/main/1061_14_GIІERGEOMETRIChESKAJa]]/URI
\] многочлены Чебышева:

\[
URI[[http://libmeta.ru/me/formula/main/1061_15_GIІERGEOMETRIChESKAJa]]/URI
\]

многочлены Лежандра:

\[
URI[[http://libmeta.ru/me/formula/main/1061_16_GIІERGEOMETRIChESKAJa]]/URI
\]

ультрасферические многочлены:

\[
URI[[http://libmeta.ru/me/formula/main/1061_17_GIІERGEOMETRIChESKAJa]]/URI
\]

многочлены Якоби:

$URI[[http://libmeta.ru/me/formula/aux/1061_57_GIІERGEOMETRIChESKAJa]]/URI$.

О б о б щ е ни я $URI[[http://libmeta.ru/me/formula/aux/1061_58_GIІERGEOMETRIChESKAJa]]/URI$. ф. Обобщенной $URI[[http://libmeta.ru/me/formula/aux/1061_59_GIІERGEOMETRIChESKAJa]]/URI$. ф.

\[
URI[[http://libmeta.ru/me/formula/main/1061_18_GIІERGEOMETRIChESKAJa]]/URI
\]\[
URI[[http://libmeta.ru/me/formula/main/1061_19_GIІERGEOMETRIChESKAJa]]/URI
\]

наз. решение URI[[http://libmeta.ru/me/relation/1061_4_GIІERGEOMETRIChESKAJa]]/URI. URI[[http://libmeta.ru/me/relation/1061_3_GIІERGEOMETRIChESKAJa]]/URI $URI[[http://libmeta.ru/me/formula/aux/1061_60_GIІERGEOMETRIChESKAJa]]/URI$-го URI[[http://libmeta.ru/me/relation/1061_2_GIІERGEOMETRIChESKAJa]]/URI (см. [2]). Имеются и другие обобщения Г. ф., напр., на случай многих URI[[http://libmeta.ru/me/relation/1061_1_GIІERGEOMETRIChESKAJa]]/URI (см. [2]).</text>
  <text_orig>А. Б. Иванов. гипергеометрического уравнения

\[
z(1-z) w^{\prime \prime}+[\gamma-(\alpha+\beta+1) z] w^{\prime}-\alpha \beta w=0 .
\]

Г. ф. может быть определена с помощью так наз. р яд а $\Gamma$ а у с с а:

$F(\alpha, \beta ; \gamma ; z)={ }_{2} F_{1}(\alpha, \beta ; \gamma ; z)=F(\beta, \alpha ; \gamma ; z)=$

\[
\begin{gathered}
=\sum_{n=0}^{\infty} \frac{(\alpha)_{n}(\beta)_{n}}{(\gamma)_{n}} \frac{z^{n}}{n !}= \\
=\frac{\Gamma(\gamma)}{\Gamma(\alpha) \Gamma(\beta)} \sum_{n=0}^{\infty} \frac{\Gamma(\alpha+n) \Gamma(\beta+n)}{\Gamma(\gamma+n)} \frac{z^{n}}{n !},
\end{gathered}
\]

где $\alpha, \beta, \gamma$ - параметры, принимающие любые действительные или комплексные значения, кроме $\gamma=0$, $-1,-2, \ldots, z-$ комплексное переменное, $(x)_{n} \equiv x(x+$ $+1) \ldots(x+n-1)$. Функция $F(\alpha, \beta ; \gamma ; z)$ наз. г и п е рге оме т р ической фу ункцией 1 - го рода. Второе линейно независимое решение гипергеометрич. уравнения (1)

\[
\Phi(\alpha, \beta ; \gamma ; z)=
\]

$=\frac{\Gamma(\alpha-\gamma+1) \Gamma(\beta-\gamma+1)}{\Gamma(\alpha) \Gamma(\beta) \Gamma(1-\gamma)} z^{1-\gamma} F(\alpha-\gamma+1, \beta-\gamma+1 ; 2-\gamma ; z)$ наз. ги пе р ге омет рической функци ей 2 - г о р о д а.

Ряд (2) сходится абсолютно и равномерно при $|z|&lt;1$; сходимость распространяется и на единичную окружность, если $\operatorname{Re}(\alpha+\beta-\gamma)&lt;0 ;$ при $0 \leqslant \operatorname{Re}(\alpha+\beta-\gamma)&lt;1$ сходится во всех точках единичной окружности, кроме $z=1$. Однако существует аналитич. продолжение $\Gamma$. ф. (2) во внешность единичной окружности $|z|&gt;1$ с разрезом $(1, \infty)$ (см. [1]). Функция $F(\alpha, \beta ; \gamma ; z)$ - однозначная аналитическая в комплексной плоскости $z$ с разрезом $(1, \infty)$. Если $\alpha$ или $\beta-$ нуль или целое отрицательное число, то ряд (2) обрывается на конечном числе членов и Г. Ф. представляет собой полином относительно $z$.

При $\gamma=-n, n=0,1,2, \ldots, \Gamma$. Ф. не определена, однако

\[
\begin{gathered}
\lim _{\gamma \rightarrow-n} \frac{F(\alpha, \beta ; \gamma ; z)}{F(\gamma)}= \\
=\frac{(\alpha)_{n+1}(\beta)_{n+1}}{(n+1) !} z^{n+1} F(\alpha+n+1, \beta+n+1 ; n+2 ; z) .
\end{gathered}
\]

Элементарны е с о отношения. Шесть функций

$F(\alpha \pm 1 ; \beta ; \gamma ; z), \quad F(\alpha, \beta \pm 1 ; \gamma ; z) \quad F(\alpha, \beta ; \gamma \pm 1 ; z)$ наз. смежными с $\Gamma$. ф. $F(\alpha, \beta ; \gamma ; z)$. Между функцией $F(\alpha, \beta ; \gamma ; z)$ и любыми двумя смежными с ней существует линейная зависимость. Напр.,

\[
\begin{aligned}
\gamma F(\alpha, \beta-1 ; &amp; \gamma ; z)+(\alpha-\beta) z F(\alpha, \beta ; \gamma+1 ; z)= \\
&amp; =\gamma F(\alpha-1, \beta ; \gamma ; z) .
\end{aligned}
\]

15 формул такого тіпа впервые были найдены К. Гауссом (C. Gauss, см. [2], [3]). А с с оц и и р о в а нны е ф у нк ци и $F(\alpha+m, \beta+n ; \gamma+l ; z)$, где $m, n, l-$ целые числа, могут быть получены повторными применениями соотношений Гаусса. Имеют место формулы дифференцирования

\[
\frac{d^{n}}{d z^{n}} F(\alpha, \beta ; \gamma ; z)=\frac{(\alpha)_{n}(\beta)_{n}}{(\gamma)_{n}} F(\alpha+n, \beta+n ; \gamma+n ; z) .
\]

Уравнение (1) имеет 24 решения вида

\[
z^{\rho}(1-z)^{\sigma} F\left(\alpha^{\prime}, \beta^{\prime} ; \gamma^{\prime} ; z^{\prime}\right),
\]

где $\rho, \sigma, \alpha^{\prime}, \beta^{\prime}$ и $\gamma^{\prime}$ - линейные функции $\alpha, \beta$ I $\gamma$, $z$ и $z^{\prime}$ связаны дробно-линейным преобразованием. Любые три решения линейно зависимы (см. [2]). Существуют квадратичные, кубичные и более высокого порядка преобразования (см. [2] - [5]).

Основны е инте г р а льные пред с т а вле ни я. Если $\operatorname{Re} \gamma&gt;\operatorname{Re} \beta&gt;0$ и $|\arg (1-z)|&lt;\pi$, то имеет место формула Эйлера:

\[
F(\alpha, \beta ; \gamma ; z)=
\]

\[
=\frac{\Gamma(\nu)}{\Gamma(\beta) \Gamma(\gamma-\beta)} \int_{0}^{1} t^{\beta-1}(1-t)^{\gamma-\beta-1}(1-t z)^{-\alpha} d t .
\]

Разлагая $(1-t z)^{-\alpha}$ в биномиальный ряд и применяя контурные интегралы для бета-функции, можно получить другие интегральные представления (см. [2]). Интеграл (3) и другие аналогичные формулы, определяющие аналитич. функцию от $z$, однозначную во всей плоскости $z$, также могут служить для аналитич. продолжения функции $F(\alpha, \beta ; \gamma ; z)$ в область $|\arg (-z)|&lt;\pi$. Существуют и другие аналитич. продолжения (см. $[1],[2])$.

А симптотическое пове дение при больших значениях $|z|$ полностью описывается с помощью формул, дающих аналитич. продолжение в окрестность точки $z=\infty$ (см. [1] - [3]). Если $\alpha, \beta, z-$ фиксированные числа и $|\gamma|$ достаточно велико, $|\arg \gamma|&lt;$ $&lt;\pi-\varepsilon, \varepsilon&gt;0$, то при $|z|&lt;1$ :

\[
F(\alpha, \beta ; \gamma ; z)=\sum_{k=0}^{n} \frac{(\alpha)_{k}(\beta)_{k}}{(\gamma)_{k}} \frac{z^{k}}{k !}+O\left(|\gamma|^{-n+1}\right) .
\]

При $|z|&gt;1$ имеется аналогичное выражение.

Для фиксированных $\alpha, \gamma$ и $z, \gamma \neq 0,-1,-2, \ldots$, $0&lt;|z|&lt;1$, и $\beta \rightarrow \infty,-\frac{3 \pi}{2}&lt;\arg \beta z&lt;\frac{\pi}{2}$,

\[
\begin{aligned}
&amp; F(\alpha, \beta ; \gamma ; z)=F\left(\alpha, \beta ; \gamma ; \frac{\beta z}{\beta}\right)= \\
&amp; =\left[\sum_{n=0}^{\infty} \frac{(\alpha)_{n}(\beta z)_{n}}{(\gamma)_{n} n !}\right]\left[1+O\left(|\beta|^{-1}\right)\right] .
\end{aligned}
\]

См. также [2], [5], [6].

П р е д с т а л ения фу ункций че ре $з$ ц. ф. Элементарные функции:

\[
\begin{gathered}
(1+z)^{n}=F(-n, 1 ; 1,-z), \\
\ln \frac{1+z}{1-z}=2 z F\left(\frac{1}{2}, 1 ; \frac{3}{2} ; z^{2}\right), \\
\ln (1+z)=z F(1,1 ; 2 ;-z), \\
e^{z}=\lim _{b \rightarrow \infty} F\left(1, b ; 1 ; \frac{z}{b}\right), \\
\arcsin z=z F\left(\frac{1}{2}, \frac{1}{2} ; \frac{3}{2} ; z^{2}\right), \\
\operatorname{arctg} z=z F\left(\frac{1}{2}, 1 ; \frac{3}{2} ;-z^{2}\right), \\
\sin n z=n \sin z F\left(\frac{1+n}{2}, \frac{1-n}{2} ; \frac{3}{2} ; \sin ^{2} z\right) ; \\
\cos n z=F\left(\frac{1}{2} n,-\frac{1}{2} n ; \frac{1}{2} ; \sin ^{2} z\right) ;
\end{gathered}
\]

полные эллиптич. интегралы 1-го и 2-го рода:

\[
\begin{aligned}
&amp; K(z)=\frac{\pi}{2} F\left(\frac{1}{2} ; \frac{1}{2} ; 1 ; z^{2}\right), \\
&amp; E(z)=\frac{\pi}{2} F\left(-\frac{1}{2}, \frac{1}{2} ; 1 ; z^{2}\right) ;
\end{aligned}
\]

присоединенные функции Лежандра:

\[
P_{n}^{m}(z)=\frac{(z+1)^{m / 2}}{(z-1)^{m / 2}} \frac{1}{\Gamma(1-m)} F\left(-n, n+1 ; 1-m ; \frac{1-z}{2}\right) ;
\] многочлены Чебышева:

\[
T_{n}(z)=F\left(-n, n ; \frac{1}{2} ; \frac{1-z}{2}\right) ;
\]

многочлены Лежандра:

\[
P_{n}(z)=F\left(-n, n+1 ; 1 ; \frac{1-z}{2}\right) ;
\]

ультрасферические многочлены:

\[
\frac{n !}{(2 a)_{n}} C_{n}^{(a)}(z)=F\left(-n, n+2 a ; a+\frac{1}{2} ; \frac{1-z}{2}\right) ;
\]

многочлены Якоби:

$\frac{n^{\prime}}{(a+1)_{n}} P_{n}^{(a, b)}(z)=F\left(-n, a+1+b+n ; a+1 ; \frac{1-z}{2}\right)$.

О б о б щ е ни я $Г$. ф. Обобщенной $Г$. ф.

\[
{ }_{p} F_{q}\left(\alpha_{1}, \alpha_{2}, \ldots, \alpha_{p} ; \gamma_{1}, \gamma_{2}, \ldots, \gamma_{q} ; z\right)=
\]\[
=\sum_{n=0}^{\infty} \frac{1}{n !} \frac{\left(\alpha_{1}\right)_{n}\left(\alpha_{2}\right)_{n} \cdots\left(\alpha_{p}\right)_{n}}{\left(\gamma_{1}\right)_{n}\left(\gamma_{2}\right)_{n} \cdots\left(\gamma_{q}\right)_{n}} z^{n}
\]

наз. решение гипергеометрич. уравнения $(q+1)$-го порядка (см. [2]). Имеются и другие обобщения Г. ф., напр., на случай многих переменных (см. [2]).

Jum.: [1] Л е б е д е в Н. Н., Специальные функции и их приложения, 2 изд., М.-Ј., $1963 ;[2]$ Б е й т м е н Г., Э р д е й и А., Высшие трансцендентные функции, [т. 1], пер. с И. М., Таблицы интегралов, сумм, рядов и произведений, 5 изд., M., 1971; [4] K u m m e r E. E., «J. reine und angew. Math.&quot;, 1835 , Bd 15 , S. $39-83,127-72$; [̇'5] Handbook of mathematical functions with formulas, graphs and mathematical tables, N. Y., functions with formulas, graphs and mathematical tables, N. Y., временного анализа, ч. 2 , Трансцендентные функции, пер. с англ., 2 изд., М., 1963; [7] Л е б е д е в А. В., Ф е д оро в а P. М., Справочник по математическим таблицам, М., $1956 ;$ [8] Б у р у н о в а H. М., Справочник по математическим таблицам, М., 1959, доп. 1; [9] An index of mathematical tables, 2 ed., v. 1, 2, Oxford, 1962 .</text_orig>
</article>
