<?xml version="1.0" ?>
<article uri="http://libmeta.ru/me/article/1061_KONSTRU" alphabetic_pos="1061">
  <title>КОНСТРУ КТИВНАЯ СЕМАНТИКА</title>
  <authors/>
  <pages>
    <start>524</start>
    <end>526</end>
  </pages>
  <literature>
    <literature_orig>Лит.: [1] М а р к о в А. А., в сб.: Исследования по теории алгорифмов и математической логике, м., 1976, т. 2 , с.3-31; [2] Iii а н и н Н. А., &quot;тр. Матем. ин-та Ан Ссср», 1973, т. 129, с. 203-66; [3] К Л и н и С. К., Введение в метаматематику, пер. с англ., М. 1957.</literature_orig>
    <unit>
      <author>Марков А. А.</author>
      <title>в сб.: Исследования по теории алгорифмов и математической логике</title>
      <publication>м.</publication>
      <year>1976</year>
      <other>т. 2, с.3-31</other>
    </unit>
    <unit>
      <author>Iiiанин Н. А.</author>
      <title>&quot;тр. Матем. ин-та Ан Ссср»</title>
      <publication/>
      <year>1973</year>
      <other>т. 129, с. 203-66</other>
    </unit>
    <unit>
      <author>КЛини С. К.</author>
      <title>Введение в метаматематику</title>
      <publication>пер. с англ.</publication>
      <year>1957</year>
      <other/>
    </unit>
  </literature>
  <formulas_main>
    <formula uri="http://libmeta.ru/me/formula/main/1061_1_KONSTRU">A \leftrightarrow \exists u \forall v\rceil 7\left(\neg \neg \exists w C_{\alpha} \vee D_{\alpha}\right)</formula>
    <formula uri="http://libmeta.ru/me/formula/main/1061_2_KONSTRU">A^{\alpha}=\exists u \forall v \exists w C_{\alpha}(u, v, w)</formula>
    <formula uri="http://libmeta.ru/me/formula/main/1061_3_KONSTRU">\exists u \forall v C_{\alpha}(u, v, \varphi(v)) \text { для } \varphi \in \Theta .</formula>
  </formulas_main>
  <formulas_aux>
    <formula uri="http://libmeta.ru/me/formula/aux/1061_1_KONSTRU">a_{0} \vee A_{1}</formula>
    <formula uri="http://libmeta.ru/me/formula/aux/1061_2_KONSTRU">\exists x A(x)</formula>
    <formula uri="http://libmeta.ru/me/formula/aux/1061_3_KONSTRU">i \leqslant 1</formula>
    <formula uri="http://libmeta.ru/me/formula/aux/1061_4_KONSTRU">a_{i}</formula>
    <formula uri="http://libmeta.ru/me/formula/aux/1061_5_KONSTRU">n</formula>
    <formula uri="http://libmeta.ru/me/formula/aux/1061_6_KONSTRU">a(n)</formula>
    <formula uri="http://libmeta.ru/me/formula/aux/1061_7_KONSTRU">t=r</formula>
    <formula uri="http://libmeta.ru/me/formula/aux/1061_8_KONSTRU">a \&amp; B</formula>
    <formula uri="http://libmeta.ru/me/formula/aux/1061_9_KONSTRU">\langle a, b\rangle</formula>
    <formula uri="http://libmeta.ru/me/formula/aux/1061_10_KONSTRU">a</formula>
    <formula uri="http://libmeta.ru/me/formula/aux/1061_11_KONSTRU">a</formula>
    <formula uri="http://libmeta.ru/me/formula/aux/1061_12_KONSTRU">b</formula>
    <formula uri="http://libmeta.ru/me/formula/aux/1061_13_KONSTRU">b</formula>
    <formula uri="http://libmeta.ru/me/formula/aux/1061_14_KONSTRU">a_{0} \vee A_{1}</formula>
    <formula uri="http://libmeta.ru/me/formula/aux/1061_15_KONSTRU">\langle i, a\rangle</formula>
    <formula uri="http://libmeta.ru/me/formula/aux/1061_16_KONSTRU">i=0,1</formula>
    <formula uri="http://libmeta.ru/me/formula/aux/1061_17_KONSTRU">a-</formula>
    <formula uri="http://libmeta.ru/me/formula/aux/1061_18_KONSTRU">a_{i}</formula>
    <formula uri="http://libmeta.ru/me/formula/aux/1061_19_KONSTRU">\exists x A(x)-</formula>
    <formula uri="http://libmeta.ru/me/formula/aux/1061_20_KONSTRU">\langle n, a\rangle</formula>
    <formula uri="http://libmeta.ru/me/formula/aux/1061_21_KONSTRU">n-</formula>
    <formula uri="http://libmeta.ru/me/formula/aux/1061_22_KONSTRU">a</formula>
    <formula uri="http://libmeta.ru/me/formula/aux/1061_23_KONSTRU">\boldsymbol{a}(n)</formula>
    <formula uri="http://libmeta.ru/me/formula/aux/1061_24_KONSTRU">\forall x A(x)</formula>
    <formula uri="http://libmeta.ru/me/formula/aux/1061_25_KONSTRU">f</formula>
    <formula uri="http://libmeta.ru/me/formula/aux/1061_26_KONSTRU">n</formula>
    <formula uri="http://libmeta.ru/me/formula/aux/1061_27_KONSTRU">f(n)</formula>
    <formula uri="http://libmeta.ru/me/formula/aux/1061_28_KONSTRU">\boldsymbol{a}(n)</formula>
    <formula uri="http://libmeta.ru/me/formula/aux/1061_29_KONSTRU">a \supset B</formula>
    <formula uri="http://libmeta.ru/me/formula/aux/1061_30_KONSTRU">f</formula>
    <formula uri="http://libmeta.ru/me/formula/aux/1061_31_KONSTRU">a</formula>
    <formula uri="http://libmeta.ru/me/formula/aux/1061_32_KONSTRU">a</formula>
    <formula uri="http://libmeta.ru/me/formula/aux/1061_33_KONSTRU">f(a)</formula>
    <formula uri="http://libmeta.ru/me/formula/aux/1061_34_KONSTRU">b</formula>
    <formula uri="http://libmeta.ru/me/formula/aux/1061_35_KONSTRU">a</formula>
    <formula uri="http://libmeta.ru/me/formula/aux/1061_36_KONSTRU">a</formula>
    <formula uri="http://libmeta.ru/me/formula/aux/1061_37_KONSTRU">e</formula>
    <formula uri="http://libmeta.ru/me/formula/aux/1061_38_KONSTRU">a</formula>
    <formula uri="http://libmeta.ru/me/formula/aux/1061_39_KONSTRU">(e r A)</formula>
    <formula uri="http://libmeta.ru/me/formula/aux/1061_40_KONSTRU">\vee</formula>
    <formula uri="http://libmeta.ru/me/formula/aux/1061_41_KONSTRU">\exists</formula>
    <formula uri="http://libmeta.ru/me/formula/aux/1061_42_KONSTRU">\exists e(e r A)</formula>
    <formula uri="http://libmeta.ru/me/formula/aux/1061_43_KONSTRU">a</formula>
    <formula uri="http://libmeta.ru/me/formula/aux/1061_44_KONSTRU">\forall x(A(x) \vee</formula>
    <formula uri="http://libmeta.ru/me/formula/aux/1061_45_KONSTRU">\left.\left.\vee^{-}\right\rceil A(x)\right)</formula>
    <formula uri="http://libmeta.ru/me/formula/aux/1061_46_KONSTRU">a(x)=\exists y T(x, x, y)</formula>
    <formula uri="http://libmeta.ru/me/formula/aux/1061_47_KONSTRU">t(e, x, y)</formula>
    <formula uri="http://libmeta.ru/me/formula/aux/1061_48_KONSTRU">e</formula>
    <formula uri="http://libmeta.ru/me/formula/aux/1061_49_KONSTRU">x</formula>
    <formula uri="http://libmeta.ru/me/formula/aux/1061_50_KONSTRU">y</formula>
    <formula uri="http://libmeta.ru/me/formula/aux/1061_51_KONSTRU">\forall x(\neg \neg B(x) \supset</formula>
    <formula uri="http://libmeta.ru/me/formula/aux/1061_52_KONSTRU">\supset B(x)</formula>
    <formula uri="http://libmeta.ru/me/formula/aux/1061_53_KONSTRU">b(x)=a(x) \vee 7 A(x)</formula>
    <formula uri="http://libmeta.ru/me/formula/aux/1061_54_KONSTRU">a</formula>
    <formula uri="http://libmeta.ru/me/formula/aux/1061_55_KONSTRU">a</formula>
    <formula uri="http://libmeta.ru/me/formula/aux/1061_56_KONSTRU">\vee</formula>
    <formula uri="http://libmeta.ru/me/formula/aux/1061_57_KONSTRU">\vee, \exists</formula>
    <formula uri="http://libmeta.ru/me/formula/aux/1061_58_KONSTRU">\exists x A(x)</formula>
    <formula uri="http://libmeta.ru/me/formula/aux/1061_59_KONSTRU">n</formula>
    <formula uri="http://libmeta.ru/me/formula/aux/1061_60_KONSTRU">\boldsymbol{a}(n)</formula>
    <formula uri="http://libmeta.ru/me/formula/aux/1061_61_KONSTRU">v</formula>
    <formula uri="http://libmeta.ru/me/formula/aux/1061_62_KONSTRU">\exists</formula>
    <formula uri="http://libmeta.ru/me/formula/aux/1061_63_KONSTRU">\omega</formula>
    <formula uri="http://libmeta.ru/me/formula/aux/1061_64_KONSTRU">n</formula>
    <formula uri="http://libmeta.ru/me/formula/aux/1061_65_KONSTRU">a(n)</formula>
    <formula uri="http://libmeta.ru/me/formula/aux/1061_66_KONSTRU">k</formula>
    <formula uri="http://libmeta.ru/me/formula/aux/1061_67_KONSTRU">\forall x A(x)</formula>
    <formula uri="http://libmeta.ru/me/formula/aux/1061_68_KONSTRU">k</formula>
    <formula uri="http://libmeta.ru/me/formula/aux/1061_69_KONSTRU">\boldsymbol{h}_{\omega}</formula>
    <formula uri="http://libmeta.ru/me/formula/aux/1061_70_KONSTRU">\boldsymbol{a}_{1}</formula>
    <formula uri="http://libmeta.ru/me/formula/aux/1061_71_KONSTRU">a_{2}, \ldots</formula>
    <formula uri="http://libmeta.ru/me/formula/aux/1061_72_KONSTRU">\boldsymbol{a}_{1}</formula>
    <formula uri="http://libmeta.ru/me/formula/aux/1061_73_KONSTRU">\supset, \forall</formula>
    <formula uri="http://libmeta.ru/me/formula/aux/1061_74_KONSTRU">a_{n+1}, n \geqslant 1</formula>
    <formula uri="http://libmeta.ru/me/formula/aux/1061_75_KONSTRU">\boldsymbol{a}_{n}</formula>
    <formula uri="http://libmeta.ru/me/formula/aux/1061_76_KONSTRU">\boldsymbol{a}_{n}</formula>
    <formula uri="http://libmeta.ru/me/formula/aux/1061_77_KONSTRU">\forall</formula>
    <formula uri="http://libmeta.ru/me/formula/aux/1061_78_KONSTRU">\boldsymbol{a}_{1}</formula>
    <formula uri="http://libmeta.ru/me/formula/aux/1061_79_KONSTRU">\exists, \vee</formula>
    <formula uri="http://libmeta.ru/me/formula/aux/1061_80_KONSTRU">\boldsymbol{a}_{2}</formula>
    <formula uri="http://libmeta.ru/me/formula/aux/1061_81_KONSTRU">\exists x R(x) \supset \exists y T(y)</formula>
    <formula uri="http://libmeta.ru/me/formula/aux/1061_82_KONSTRU">\varphi</formula>
    <formula uri="http://libmeta.ru/me/formula/aux/1061_83_KONSTRU">r(n) \supset T(\varphi(n))</formula>
    <formula uri="http://libmeta.ru/me/formula/aux/1061_84_KONSTRU">n</formula>
    <formula uri="http://libmeta.ru/me/formula/aux/1061_85_KONSTRU">\boldsymbol{a}_{n+1}</formula>
    <formula uri="http://libmeta.ru/me/formula/aux/1061_86_KONSTRU">n&gt;1</formula>
    <formula uri="http://libmeta.ru/me/formula/aux/1061_87_KONSTRU">\forall</formula>
    <formula uri="http://libmeta.ru/me/formula/aux/1061_88_KONSTRU">a \supset B</formula>
    <formula uri="http://libmeta.ru/me/formula/aux/1061_89_KONSTRU">b</formula>
    <formula uri="http://libmeta.ru/me/formula/aux/1061_90_KONSTRU">a</formula>
    <formula uri="http://libmeta.ru/me/formula/aux/1061_91_KONSTRU">s_{n}</formula>
    <formula uri="http://libmeta.ru/me/formula/aux/1061_92_KONSTRU">a_{n}</formula>
    <formula uri="http://libmeta.ru/me/formula/aux/1061_93_KONSTRU">s_{n}</formula>
    <formula uri="http://libmeta.ru/me/formula/aux/1061_94_KONSTRU">\omega</formula>
    <formula uri="http://libmeta.ru/me/formula/aux/1061_95_KONSTRU">\boldsymbol{a}_{n}</formula>
    <formula uri="http://libmeta.ru/me/formula/aux/1061_96_KONSTRU">s_{n}</formula>
    <formula uri="http://libmeta.ru/me/formula/aux/1061_97_KONSTRU">s_{2}</formula>
    <formula uri="http://libmeta.ru/me/formula/aux/1061_98_KONSTRU">a \supset\rceil\rceil \exists x R \vdash A \supset \exists x R</formula>
    <formula uri="http://libmeta.ru/me/formula/aux/1061_99_KONSTRU">s_{3}</formula>
    <formula uri="http://libmeta.ru/me/formula/aux/1061_100_KONSTRU">77 \exists x R \supset \exists x R</formula>
    <formula uri="http://libmeta.ru/me/formula/aux/1061_101_KONSTRU">s_{n+3}, n \geqslant 1</formula>
    <formula uri="http://libmeta.ru/me/formula/aux/1061_102_KONSTRU">\omega</formula>
    <formula uri="http://libmeta.ru/me/formula/aux/1061_103_KONSTRU">a</formula>
    <formula uri="http://libmeta.ru/me/formula/aux/1061_104_KONSTRU">t_{a}</formula>
    <formula uri="http://libmeta.ru/me/formula/aux/1061_105_KONSTRU">a</formula>
    <formula uri="http://libmeta.ru/me/formula/aux/1061_106_KONSTRU">\omega</formula>
    <formula uri="http://libmeta.ru/me/formula/aux/1061_107_KONSTRU">a</formula>
    <formula uri="http://libmeta.ru/me/formula/aux/1061_108_KONSTRU">a</formula>
    <formula uri="http://libmeta.ru/me/formula/aux/1061_109_KONSTRU">\left\{a^{\alpha}\right\}</formula>
    <formula uri="http://libmeta.ru/me/formula/aux/1061_110_KONSTRU">a^{\alpha} \supset A</formula>
    <formula uri="http://libmeta.ru/me/formula/aux/1061_111_KONSTRU">a^{\alpha}</formula>
    <formula uri="http://libmeta.ru/me/formula/aux/1061_112_KONSTRU">a</formula>
    <formula uri="http://libmeta.ru/me/formula/aux/1061_113_KONSTRU">a</formula>
    <formula uri="http://libmeta.ru/me/formula/aux/1061_114_KONSTRU">\alpha</formula>
    <formula uri="http://libmeta.ru/me/formula/aux/1061_115_KONSTRU">a^{\alpha}</formula>
    <formula uri="http://libmeta.ru/me/formula/aux/1061_116_KONSTRU">\alpha: \alpha&lt;\beta \supset\left(A^{\alpha} \supset\right.</formula>
    <formula uri="http://libmeta.ru/me/formula/aux/1061_117_KONSTRU">\left.\supset A^{\beta}\right)</formula>
    <formula uri="http://libmeta.ru/me/formula/aux/1061_118_KONSTRU">\neg\urcorner(b \vee \neg \neg \exists u \forall v C(u, v)) \leftrightarrow</formula>
    <formula uri="http://libmeta.ru/me/formula/aux/1061_119_KONSTRU">\exists \bar{u} \forall \bar{v}\rceil \neg(B \vee \neg\urcorner \exists u \forall v C(u, v) \vee C(\bar{u}, \bar{v}))</formula>
    <formula uri="http://libmeta.ru/me/formula/aux/1061_120_KONSTRU">\alpha</formula>
    <formula uri="http://libmeta.ru/me/formula/aux/1061_121_KONSTRU">c_{\alpha}</formula>
    <formula uri="http://libmeta.ru/me/formula/aux/1061_122_KONSTRU">a</formula>
    <formula uri="http://libmeta.ru/me/formula/aux/1061_123_KONSTRU">a^{\alpha}</formula>
    <formula uri="http://libmeta.ru/me/formula/aux/1061_124_KONSTRU">&lt;\alpha</formula>
    <formula uri="http://libmeta.ru/me/formula/aux/1061_125_KONSTRU">\omega</formula>
    <formula uri="http://libmeta.ru/me/formula/aux/1061_126_KONSTRU">\theta</formula>
    <formula uri="http://libmeta.ru/me/formula/aux/1061_127_KONSTRU">\alpha</formula>
    <formula uri="http://libmeta.ru/me/formula/aux/1061_128_KONSTRU">k-</formula>
    <formula uri="http://libmeta.ru/me/formula/aux/1061_129_KONSTRU">\theta</formula>
    <formula uri="http://libmeta.ru/me/formula/aux/1061_130_KONSTRU">k</formula>
    <formula uri="http://libmeta.ru/me/formula/aux/1061_131_KONSTRU">\exists u \forall v C(u, v)</formula>
    <formula uri="http://libmeta.ru/me/formula/aux/1061_132_KONSTRU">c(t, v)</formula>
    <formula uri="http://libmeta.ru/me/formula/aux/1061_133_KONSTRU">v</formula>
    <formula uri="http://libmeta.ru/me/formula/aux/1061_134_KONSTRU">t</formula>
    <formula uri="http://libmeta.ru/me/formula/aux/1061_135_KONSTRU">k</formula>
    <formula uri="http://libmeta.ru/me/formula/aux/1061_136_KONSTRU">\alpha</formula>
    <formula uri="http://libmeta.ru/me/formula/aux/1061_137_KONSTRU">k</formula>
    <formula uri="http://libmeta.ru/me/formula/aux/1061_138_KONSTRU">\beta</formula>
    <formula uri="http://libmeta.ru/me/formula/aux/1061_139_KONSTRU">\varepsilon(\beta) \leqslant \alpha</formula>
    <formula uri="http://libmeta.ru/me/formula/aux/1061_140_KONSTRU">\varepsilon(\beta)-</formula>
    <formula uri="http://libmeta.ru/me/formula/aux/1061_141_KONSTRU">\varepsilon</formula>
    <formula uri="http://libmeta.ru/me/formula/aux/1061_142_KONSTRU">\beta</formula>
    <formula uri="http://libmeta.ru/me/formula/aux/1061_143_KONSTRU">\alpha=\varepsilon_{0}</formula>
    <formula uri="http://libmeta.ru/me/formula/aux/1061_144_KONSTRU">\beta=\omega</formula>
    <formula uri="http://libmeta.ru/me/formula/aux/1061_145_KONSTRU">k</formula>
    <formula uri="http://libmeta.ru/me/formula/aux/1061_146_KONSTRU">\alpha</formula>
    <formula uri="http://libmeta.ru/me/formula/aux/1061_147_KONSTRU">\alpha</formula>
  </formulas_aux>
  <relations n="33">
    <relation uri="http://libmeta.ru/me/relation/1061_1_KONSTRU">
      <rel_text>Арифметика</rel_text>
      <target>http://libmeta.ru/me/article/254_ARIFMETIK</target>
    </relation>
    <relation uri="http://libmeta.ru/me/relation/1061_2_KONSTRU">
      <rel_text>непрерывности</rel_text>
      <target>http://libmeta.ru/me/article/957_NEPRERYVNOST</target>
    </relation>
    <relation uri="http://libmeta.ru/me/relation/1061_3_KONSTRU">
      <rel_text>теорему</rel_text>
      <target>http://libmeta.ru/me/article/381_TEORI</target>
    </relation>
    <relation uri="http://libmeta.ru/me/relation/1061_4_KONSTRU">
      <rel_text>конструктивного анализа</rel_text>
      <target>http://libmeta.ru/me/article/1069_KONSTRUKTIVNYJ</target>
    </relation>
    <relation uri="http://libmeta.ru/me/relation/1061_5_KONSTRU">
      <rel_text>связано</rel_text>
      <target>http://libmeta.ru/me/article/1222_SVJaZK</target>
    </relation>
    <relation uri="http://libmeta.ru/me/relation/1061_6_KONSTRU">
      <rel_text>средств</rel_text>
      <target>http://libmeta.ru/me/article/165_SREDNE</target>
    </relation>
    <relation uri="http://libmeta.ru/me/relation/1061_7_KONSTRU">
      <rel_text>логических</rel_text>
      <target>http://libmeta.ru/me/article/412_LOGISTIK</target>
    </relation>
    <relation uri="http://libmeta.ru/me/relation/1061_8_KONSTRU">
      <rel_text>финитизма</rel_text>
      <target>http://libmeta.ru/me/article/705_FINItIZ</target>
    </relation>
    <relation uri="http://libmeta.ru/me/relation/1061_9_KONSTRU">
      <rel_text>связано</rel_text>
      <target>http://libmeta.ru/me/article/1222_SVJaZK</target>
    </relation>
    <relation uri="http://libmeta.ru/me/relation/1061_10_KONSTRU">
      <rel_text>ординалов</rel_text>
      <target>http://libmeta.ru/me/article/55_ORDINAT</target>
    </relation>
    <relation uri="http://libmeta.ru/me/relation/1061_11_KONSTRU">
      <rel_text>задачи</rel_text>
      <target>http://libmeta.ru/me/article/10_ZAdAch</target>
    </relation>
    <relation uri="http://libmeta.ru/me/relation/1061_12_KONSTRU">
      <rel_text>алгоритм</rel_text>
      <target>http://libmeta.ru/me/article/139_ALGOL-6</target>
    </relation>
    <relation uri="http://libmeta.ru/me/relation/1061_13_KONSTRU">
      <rel_text>пополненной</rel_text>
      <target>http://libmeta.ru/me/article/520_POPOLNENI</target>
    </relation>
    <relation uri="http://libmeta.ru/me/relation/1061_14_KONSTRU">
      <rel_text>арифметике</rel_text>
      <target>http://libmeta.ru/me/article/254_ARIFMETIK</target>
    </relation>
    <relation uri="http://libmeta.ru/me/relation/1061_15_KONSTRU">
      <rel_text>формальной</rel_text>
      <target>http://libmeta.ru/me/article/731_FORMALIZ</target>
    </relation>
    <relation uri="http://libmeta.ru/me/relation/1061_16_KONSTRU">
      <rel_text>формулы</rel_text>
      <target>http://libmeta.ru/me/article/741_FORMUL</target>
    </relation>
    <relation uri="http://libmeta.ru/me/relation/1061_17_KONSTRU">
      <rel_text>ординалов</rel_text>
      <target>http://libmeta.ru/me/article/55_ORDINAT</target>
    </relation>
    <relation uri="http://libmeta.ru/me/relation/1061_18_KONSTRU">
      <rel_text>рекурсией</rel_text>
      <target>http://libmeta.ru/me/article/1062_REKURSI</target>
    </relation>
    <relation uri="http://libmeta.ru/me/relation/1061_19_KONSTRU">
      <rel_text>функций</rel_text>
      <target>http://libmeta.ru/me/article/790_FUNKTO</target>
    </relation>
    <relation uri="http://libmeta.ru/me/relation/1061_20_KONSTRU">
      <rel_text>исчисление</rel_text>
      <target>http://libmeta.ru/me/article/686_ISChISLENI</target>
    </relation>
    <relation uri="http://libmeta.ru/me/relation/1061_21_KONSTRU">
      <rel_text>переменной</rel_text>
      <target>http://libmeta.ru/me/article/222_PEREGÓROD</target>
    </relation>
    <relation uri="http://libmeta.ru/me/relation/1061_22_KONSTRU">
      <rel_text>формулы</rel_text>
      <target>http://libmeta.ru/me/article/741_FORMUL</target>
    </relation>
    <relation uri="http://libmeta.ru/me/relation/1061_23_KONSTRU">
      <rel_text>выводимость</rel_text>
      <target>http://libmeta.ru/me/article/839_VYVODIMOST</target>
    </relation>
    <relation uri="http://libmeta.ru/me/relation/1061_24_KONSTRU">
      <rel_text>формулы</rel_text>
      <target>http://libmeta.ru/me/article/741_FORMUL</target>
    </relation>
    <relation uri="http://libmeta.ru/me/relation/1061_25_KONSTRU">
      <rel_text>исчисление</rel_text>
      <target>http://libmeta.ru/me/article/686_ISChISLENI</target>
    </relation>
    <relation uri="http://libmeta.ru/me/relation/1061_26_KONSTRU">
      <rel_text>рекурсией</rel_text>
      <target>http://libmeta.ru/me/article/1062_REKURSI</target>
    </relation>
    <relation uri="http://libmeta.ru/me/relation/1061_27_KONSTRU">
      <rel_text>функций</rel_text>
      <target>http://libmeta.ru/me/article/790_FUNKTO</target>
    </relation>
    <relation uri="http://libmeta.ru/me/relation/1061_28_KONSTRU">
      <rel_text>функций</rel_text>
      <target>http://libmeta.ru/me/article/790_FUNKTO</target>
    </relation>
    <relation uri="http://libmeta.ru/me/relation/1061_29_KONSTRU">
      <rel_text>семантике</rel_text>
      <target>http://libmeta.ru/me/article/1260_SEMANTIK</target>
    </relation>
    <relation uri="http://libmeta.ru/me/relation/1061_30_KONSTRU">
      <rel_text>семантика</rel_text>
      <target>http://libmeta.ru/me/article/1260_SEMANTIK</target>
    </relation>
    <relation uri="http://libmeta.ru/me/relation/1061_31_KONSTRU">
      <rel_text>формулы</rel_text>
      <target>http://libmeta.ru/me/article/741_FORMUL</target>
    </relation>
    <relation uri="http://libmeta.ru/me/relation/1061_32_KONSTRU">
      <rel_text>Суждение</rel_text>
      <target>http://libmeta.ru/me/article/290_SUZhDENI</target>
    </relation>
    <relation uri="http://libmeta.ru/me/relation/1061_33_KONSTRU">
      <rel_text>формулой</rel_text>
      <target>http://libmeta.ru/me/article/731_FORMALIZ</target>
    </relation>
  </relations>
  <text>совокупность способов понимания сужденпӥ в конструктивной математике. Необходимость в особой семантике вызвана различием общих принципов, лежащих в основе традиціонной (классическоі̆) и конструктивной математики (далее последний термін будет в основном относиться к подходу, развитому в советской школе конструктивной математики). Основное внимание К. с. уделяет суждениям о конструктивных объектах в языках первого порядка, то есть, по существу, арифометич. суждениям (см. URI[[http://libmeta.ru/me/relation/1061_1_KONSTRU]]/URI борлальная). Принцюпи- альные различия с традиционной семантикой в понимании дизъюнкций $URI[[http://libmeta.ru/me/formula/aux/1061_1_KONSTRU]]/URI$ (и суждений о существовании $URI[[http://libmeta.ru/me/formula/aux/1061_2_KONSTRU]]/URI$ ) сформулированы Л. Брауэром (l. Brouwer). Конструктивное обоснование таких суждений требует решения задачи: найти число $URI[[http://libmeta.ru/me/formula/aux/1061_3_KONSTRU]]/URI$ такое, что верно $URI[[http://libmeta.ru/me/formula/aux/1061_4_KONSTRU]]/URI$ (соответственно найти число $URI[[http://libmeta.ru/me/formula/aux/1061_5_KONSTRU]]/URI$ такое, что $URI[[http://libmeta.ru/me/formula/aux/1061_6_KONSTRU]]/URI$ ). Общие принципы описания задач, соотпетствующих более сложным формулам, были намечены А. Гейтингом (а. Неуting) Ii A. Н. Колмогоровым. Точная формулировка (к-рая стала возможной после появления математич. определения алгоритма) была дана С. Клинік (s. Kleene) в виде понятия реализаціии замкнутой арифметич. формулы (см. Рекурсивная реализуемость). Р е а ли и ац Ii я в е р н о г о р а в е н с т в а $URI[[http://libmeta.ru/me/formula/aux/1061_7_KONSTRU]]/URI$ есть финсированная константа, напр. число 0 , а ложное равенство не имеет реализаций. Р е а л и з а ц я к о н ъ ю н кц и и $URI[[http://libmeta.ru/me/formula/aux/1061_8_KONSTRU]]/URI$ - это пара $URI[[http://libmeta.ru/me/formula/aux/1061_9_KONSTRU]]/URI$, где $URI[[http://libmeta.ru/me/formula/aux/1061_10_KONSTRU]]/URI$ - реалігзация $URI[[http://libmeta.ru/me/formula/aux/1061_11_KONSTRU]]/URI$, $URI[[http://libmeta.ru/me/formula/aux/1061_12_KONSTRU]]/URI$ - реализация $URI[[http://libmeta.ru/me/formula/aux/1061_13_KONSTRU]]/URI$. Р е а ли з а ц и я д и 3 т ю н кц и и $URI[[http://libmeta.ru/me/formula/aux/1061_14_KONSTRU]]/URI$ - это пара $URI[[http://libmeta.ru/me/formula/aux/1061_15_KONSTRU]]/URI$, где $URI[[http://libmeta.ru/me/formula/aux/1061_16_KONSTRU]]/URI$ и $URI[[http://libmeta.ru/me/formula/aux/1061_17_KONSTRU]]/URI$ peaлізация суждения $URI[[http://libmeta.ru/me/formula/aux/1061_18_KONSTRU]]/URI$. Реализация суждения $URI[[http://libmeta.ru/me/formula/aux/1061_19_KONSTRU]]/URI$ это пара $URI[[http://libmeta.ru/me/formula/aux/1061_20_KONSTRU]]/URI$, где $URI[[http://libmeta.ru/me/formula/aux/1061_21_KONSTRU]]/URI$ число, $URI[[http://libmeta.ru/me/formula/aux/1061_22_KONSTRU]]/URI$ - реализация суждения $URI[[http://libmeta.ru/me/formula/aux/1061_23_KONSTRU]]/URI$. Реализация сужденія $URI[[http://libmeta.ru/me/formula/aux/1061_24_KONSTRU]]/URI$ - это общий метод $URI[[http://libmeta.ru/me/formula/aux/1061_25_KONSTRU]]/URI$, к-рый по всякому натуральному $URI[[http://libmeta.ru/me/formula/aux/1061_26_KONSTRU]]/URI$ выдает реализацию $URI[[http://libmeta.ru/me/formula/aux/1061_27_KONSTRU]]/URI$ суждения $URI[[http://libmeta.ru/me/formula/aux/1061_28_KONSTRU]]/URI$. Реализация суждения $URI[[http://libmeta.ru/me/formula/aux/1061_29_KONSTRU]]/URI$ - это общий метод $URI[[http://libmeta.ru/me/formula/aux/1061_30_KONSTRU]]/URI$, к-рый по всякой реализации $URI[[http://libmeta.ru/me/formula/aux/1061_31_KONSTRU]]/URI$ суждения $URI[[http://libmeta.ru/me/formula/aux/1061_32_KONSTRU]]/URI$ выдает реализацию $URI[[http://libmeta.ru/me/formula/aux/1061_33_KONSTRU]]/URI$ суждения $URI[[http://libmeta.ru/me/formula/aux/1061_34_KONSTRU]]/URI$ (и может быть не определен для аргументов $URI[[http://libmeta.ru/me/formula/aux/1061_35_KONSTRU]]/URI$, не являющихся реализациями $URI[[http://libmeta.ru/me/formula/aux/1061_36_KONSTRU]]/URI$ ). При этом общий метод понимается как алгоритм (частично рекурсивная функция). Используя кодированге алгоритмов числами, можно записать условие «число $URI[[http://libmeta.ru/me/formula/aux/1061_37_KONSTRU]]/URI$ есть реализация формулы $URI[[http://libmeta.ru/me/formula/aux/1061_38_KONSTRU]]/URI$ » в вшде арифметич. формулы $URI[[http://libmeta.ru/me/formula/aux/1061_39_KONSTRU]]/URI$, не содержащей дизъюнкции $URI[[http://libmeta.ru/me/formula/aux/1061_40_KONSTRU]]/URI$ и содержащей существование $URI[[http://libmeta.ru/me/formula/aux/1061_41_KONSTRU]]/URI$ только тривиальным образом - перед равенствами. Такие формулы наз. по т т и н о р м а л ь н ы и. Суждение $URI[[http://libmeta.ru/me/formula/aux/1061_42_KONSTRU]]/URI$ (читаемое &quot;a реализуема») может служить конструктивным разъяснением суждения $URI[[http://libmeta.ru/me/formula/aux/1061_43_KONSTRU]]/URI$. При таком понімании закон исключенного третьего $URI[[http://libmeta.ru/me/formula/aux/1061_44_KONSTRU]]/URI$ $URI[[http://libmeta.ru/me/formula/aux/1061_45_KONSTRU]]/URI$ опровергается, напр., для $URI[[http://libmeta.ru/me/formula/aux/1061_46_KONSTRU]]/URI$, где $URI[[http://libmeta.ru/me/formula/aux/1061_47_KONSTRU]]/URI$ означает, что алгоритм (с кодом) $URI[[http://libmeta.ru/me/formula/aux/1061_48_KONSTRU]]/URI$ заканчшвает работу над аргументом $URI[[http://libmeta.ru/me/formula/aux/1061_49_KONSTRU]]/URI$ за $URI[[http://libmeta.ru/me/formula/aux/1061_50_KONSTRU]]/URI$ шагов. Опровергается и закон двойного отрицания $URI[[http://libmeta.ru/me/formula/aux/1061_51_KONSTRU]]/URI$ $URI[[http://libmeta.ru/me/formula/aux/1061_52_KONSTRU]]/URI$ ), напр. для $URI[[http://libmeta.ru/me/formula/aux/1061_53_KONSTRU]]/URI$. Приведенное определение связывает конструктивную задачу (поиск реализации) со всяким суждением $URI[[http://libmeta.ru/me/formula/aux/1061_54_KONSTRU]]/URI$, даже если $URI[[http://libmeta.ru/me/formula/aux/1061_55_KONSTRU]]/URI$ не содержит $URI[[http://libmeta.ru/me/formula/aux/1061_56_KONSTRU]]/URI$, Э. Предложенный Н. А. Шаниным алгорштм выявления конструктивной задачи не меняет форомул без $URI[[http://libmeta.ru/me/formula/aux/1061_57_KONSTRU]]/URI$ (н о р м а л ь ных фо р м у л) и әквивалентен реализуемости в формальной интупционистской арифметике с бескванторной индукцией. Пронзвольные формулы сводятся к почти нормальным, так как обоснование $URI[[http://libmeta.ru/me/formula/aux/1061_58_KONSTRU]]/URI$ состоит в предъявлении числа $URI[[http://libmeta.ru/me/formula/aux/1061_59_KONSTRU]]/URI$ и обосновании $URI[[http://libmeta.ru/me/formula/aux/1061_60_KONSTRU]]/URI$. К. с. для почти нормальных формул определяется разными авторами по-разному, однако ни в одном случае не получается столь существенного расхождения с классіческим пониманием, как для формул, содержащих $URI[[http://libmeta.ru/me/formula/aux/1061_61_KONSTRU]]/URI$ і нетривиальное $URI[[http://libmeta.ru/me/formula/aux/1061_62_KONSTRU]]/URI$.

А. А. Марков определяет истинность для почти нормальных формул с помощью выводимости по обычным правилам для рассматрпваемых логических связок плюс әффективное $URI[[http://libmeta.ru/me/formula/aux/1061_63_KONSTRU]]/URI$-правіло: если имеется общий метод, позволяющий для любого $URI[[http://libmeta.ru/me/formula/aux/1061_64_KONSTRU]]/URI$ устанавливать выводимость $URI[[http://libmeta.ru/me/formula/aux/1061_65_KONSTRU]]/URI$ из суждения $URI[[http://libmeta.ru/me/formula/aux/1061_66_KONSTRU]]/URI$, то $URI[[http://libmeta.ru/me/formula/aux/1061_67_KONSTRU]]/URI$ выводимо из $URI[[http://libmeta.ru/me/formula/aux/1061_68_KONSTRU]]/URI$. Истинность определяется постепенно. Язык $URI[[http://libmeta.ru/me/formula/aux/1061_69_KONSTRU]]/URI$, состоящий из всех почти нормальных формул, делится на слои $URI[[http://libmeta.ru/me/formula/aux/1061_70_KONSTRU]]/URI$, $URI[[http://libmeta.ru/me/formula/aux/1061_71_KONSTRU]]/URI$; язык $URI[[http://libmeta.ru/me/formula/aux/1061_72_KONSTRU]]/URI$ состоит из формул без $URI[[http://libmeta.ru/me/formula/aux/1061_73_KONSTRU]]/URI$; язык $URI[[http://libmeta.ru/me/formula/aux/1061_74_KONSTRU]]/URI$, включает $URI[[http://libmeta.ru/me/formula/aux/1061_75_KONSTRU]]/URI$ и формулы, к-рые можно построить из формул языка $URI[[http://libmeta.ru/me/formula/aux/1061_76_KONSTRU]]/URI$ одним применением импликации и любым числом применений $URI[[http://libmeta.ru/me/formula/aux/1061_77_KONSTRU]]/URI$, \&amp;. Истиншость для $URI[[http://libmeta.ru/me/formula/aux/1061_78_KONSTRU]]/URI$-формул - это выводимость по обычным правилам для \&amp;, $URI[[http://libmeta.ru/me/formula/aux/1061_79_KONSTRU]]/URI$. Истинность для $URI[[http://libmeta.ru/me/formula/aux/1061_80_KONSTRU]]/URI$-формул определяется через допустимость соответствующего правила. Напр., истинность $URI[[http://libmeta.ru/me/formula/aux/1061_81_KONSTRU]]/URI$ означает наличие алгоритма $URI[[http://libmeta.ru/me/formula/aux/1061_82_KONSTRU]]/URI$ такого, что $URI[[http://libmeta.ru/me/formula/aux/1061_83_KONSTRU]]/URI$ для любого числа $URI[[http://libmeta.ru/me/formula/aux/1061_84_KONSTRU]]/URI$. Для $URI[[http://libmeta.ru/me/formula/aux/1061_85_KONSTRU]]/URI$-формул при $URI[[http://libmeta.ru/me/formula/aux/1061_86_KONSTRU]]/URI$ истинность конъюнкций и $URI[[http://libmeta.ru/me/formula/aux/1061_87_KONSTRU]]/URI$-формул определяется обычным образом через истинность компонент, а истинность импликации $URI[[http://libmeta.ru/me/formula/aux/1061_88_KONSTRU]]/URI$ означает выводимость $URI[[http://libmeta.ru/me/formula/aux/1061_89_KONSTRU]]/URI$ из $URI[[http://libmeta.ru/me/formula/aux/1061_90_KONSTRU]]/URI$ по нек-рым правилам $URI[[http://libmeta.ru/me/formula/aux/1061_91_KONSTRU]]/URI$, о к-рых уже доказано, что они coхраняют истинность $URI[[http://libmeta.ru/me/formula/aux/1061_92_KONSTRU]]/URI$-формул. Системы $URI[[http://libmeta.ru/me/formula/aux/1061_93_KONSTRU]]/URI$ содержат $URI[[http://libmeta.ru/me/formula/aux/1061_94_KONSTRU]]/URI$-правило, а в качестве аксиом - все истинные $URI[[http://libmeta.ru/me/formula/aux/1061_95_KONSTRU]]/URI$-формулы. Понятие выводимости в $URI[[http://libmeta.ru/me/formula/aux/1061_96_KONSTRU]]/URI$ вводится обобщенным индуктивным определением, а для доказательства метатеорем применяется соответствующий принцип индукции. Индукцией по $URI[[http://libmeta.ru/me/formula/aux/1061_97_KONSTRU]]/URI$-выводу доказывается допустимость правила $URI[[http://libmeta.ru/me/formula/aux/1061_98_KONSTRU]]/URI$. Оно включается в $URI[[http://libmeta.ru/me/formula/aux/1061_99_KONSTRU]]/URI$ и дает принцип Маркова $URI[[http://libmeta.ru/me/formula/aux/1061_100_KONSTRU]]/URI$. Системы $URI[[http://libmeta.ru/me/formula/aux/1061_101_KONSTRU]]/URI$, состоят из обычных правил для рассматриваемых связок, включая $URI[[http://libmeta.ru/me/formula/aux/1061_102_KONSTRU]]/URI$-правило. Оказывается, что почти нормальная формула $URI[[http://libmeta.ru/me/formula/aux/1061_103_KONSTRU]]/URI$ истинна по Маркову тогда и только тогда, когда примитивно рекурсивное дерево $URI[[http://libmeta.ru/me/formula/aux/1061_104_KONSTRU]]/URI$ поиска вывода формулы $URI[[http://libmeta.ru/me/formula/aux/1061_105_KONSTRU]]/URI$ без сечения (но с $URI[[http://libmeta.ru/me/formula/aux/1061_106_KONSTRU]]/URI$-правилом и принципом Маркова) является выводом в смысле индуктивного определения. Это эквивалентно (в рамках классической математикі) классической истинности $URI[[http://libmeta.ru/me/formula/aux/1061_107_KONSTRU]]/URI$.

В мажорантной семантике Н. А. Шанина для каждой почти нормальной формулы $URI[[http://libmeta.ru/me/formula/aux/1061_108_KONSTRU]]/URI$ определяется трансфинитная иерархия $URI[[http://libmeta.ru/me/formula/aux/1061_109_KONSTRU]]/URI$ формул простой структуры, причем $URI[[http://libmeta.ru/me/formula/aux/1061_110_KONSTRU]]/URI$ доказуемо в подходящей формальной системе. Формула $URI[[http://libmeta.ru/me/formula/aux/1061_111_KONSTRU]]/URI$ наз. м а ж о р а н т о й для $URI[[http://libmeta.ru/me/formula/aux/1061_112_KONSTRU]]/URI$, и $URI[[http://libmeta.ru/me/formula/aux/1061_113_KONSTRU]]/URI$ считается истинной формулой ранга $URI[[http://libmeta.ru/me/formula/aux/1061_114_KONSTRU]]/URI$, если $URI[[http://libmeta.ru/me/formula/aux/1061_115_KONSTRU]]/URI$ верна. Точность аппроксимации растет с ростом $URI[[http://libmeta.ru/me/formula/aux/1061_116_KONSTRU]]/URI$ $URI[[http://libmeta.ru/me/formula/aux/1061_117_KONSTRU]]/URI$. Если отвлечься от технических деталей, то фор-

![](https://cdn.mathpix.com/cropped/2023_07_08_e9d2407be4e246775b44g-1.jpg?height=40&amp;width=824&amp;top_left_y=1146&amp;top_left_x=987)
кванторов, согласно әквивалентности

$URI[[http://libmeta.ru/me/formula/aux/1061_118_KONSTRU]]/URI$

$URI[[http://libmeta.ru/me/formula/aux/1061_119_KONSTRU]]/URI$

и сворачивания цепочек кванторов с помощью алгоритма выявления конструктивной задачи. Это дает доказуемую в арифметике с трансфинитной индукцией до $URI[[http://libmeta.ru/me/formula/aux/1061_120_KONSTRU]]/URI$ эквивалентность

\[
URI[[http://libmeta.ru/me/formula/main/1061_1_KONSTRU]]/URI
\]

с бескванторной URI[[http://libmeta.ru/me/relation/1061_33_KONSTRU]]/URI $URI[[http://libmeta.ru/me/formula/aux/1061_121_KONSTRU]]/URI$, так что

\[
URI[[http://libmeta.ru/me/formula/main/1061_2_KONSTRU]]/URI
\]

оказывается мажорантой для $URI[[http://libmeta.ru/me/formula/aux/1061_122_KONSTRU]]/URI$. URI[[http://libmeta.ru/me/relation/1061_32_KONSTRU]]/URI $URI[[http://libmeta.ru/me/formula/aux/1061_123_KONSTRU]]/URI$ оказывается, с точностью до технических деталей, эквивалентным утверждению о существовании вывода высоты $URI[[http://libmeta.ru/me/formula/aux/1061_124_KONSTRU]]/URI$ для исходной URI[[http://libmeta.ru/me/relation/1061_31_KONSTRU]]/URI с использованием $URI[[http://libmeta.ru/me/formula/aux/1061_125_KONSTRU]]/URI$-правила. В этом смысле мажорантная URI[[http://libmeta.ru/me/relation/1061_30_KONSTRU]]/URI эквивалентна ступенчатой URI[[http://libmeta.ru/me/relation/1061_29_KONSTRU]]/URI А. А. Маркова. После фиксации нек-рого класса $URI[[http://libmeta.ru/me/formula/aux/1061_126_KONSTRU]]/URI$ общерекурсивных URI[[http://libmeta.ru/me/relation/1061_28_KONSTRU]]/URI (напр., класса всех URI[[http://libmeta.ru/me/relation/1061_27_KONSTRU]]/URI, определимых URI[[http://libmeta.ru/me/relation/1061_26_KONSTRU]]/URI до $URI[[http://libmeta.ru/me/formula/aux/1061_127_KONSTRU]]/URI$ ) определяются мажоранты еще более простой структуры:

\[
URI[[http://libmeta.ru/me/formula/main/1061_3_KONSTRU]]/URI
\]

Если $URI[[http://libmeta.ru/me/formula/aux/1061_128_KONSTRU]]/URI$ бескванторное URI[[http://libmeta.ru/me/relation/1061_25_KONSTRU]]/URI для класса $URI[[http://libmeta.ru/me/formula/aux/1061_129_KONSTRU]]/URI$, то $URI[[http://libmeta.ru/me/formula/aux/1061_130_KONSTRU]]/URI$-истинность URI[[http://libmeta.ru/me/relation/1061_24_KONSTRU]]/URI $URI[[http://libmeta.ru/me/formula/aux/1061_131_KONSTRU]]/URI$ определяется как URI[[http://libmeta.ru/me/relation/1061_23_KONSTRU]]/URI URI[[http://libmeta.ru/me/relation/1061_22_KONSTRU]]/URI $URI[[http://libmeta.ru/me/formula/aux/1061_132_KONSTRU]]/URI$ с URI[[http://libmeta.ru/me/relation/1061_21_KONSTRU]]/URI $URI[[http://libmeta.ru/me/formula/aux/1061_133_KONSTRU]]/URI$ для нек-рого постоянного терма $URI[[http://libmeta.ru/me/formula/aux/1061_134_KONSTRU]]/URI$. Если в качестве $URI[[http://libmeta.ru/me/formula/aux/1061_135_KONSTRU]]/URI$ взято стандартное URI[[http://libmeta.ru/me/relation/1061_20_KONSTRU]]/URI равенств для URI[[http://libmeta.ru/me/relation/1061_19_KONSTRU]]/URI, определимых URI[[http://libmeta.ru/me/relation/1061_18_KONSTRU]]/URI до URI[[http://libmeta.ru/me/relation/1061_17_KONSTRU]]/URI, меньших $URI[[http://libmeta.ru/me/formula/aux/1061_136_KONSTRU]]/URI$, то $URI[[http://libmeta.ru/me/formula/aux/1061_137_KONSTRU]]/URI$-истинными оказываются URI[[http://libmeta.ru/me/relation/1061_16_KONSTRU]]/URI, выводимые в URI[[http://libmeta.ru/me/relation/1061_15_KONSTRU]]/URI интуиционистской URI[[http://libmeta.ru/me/relation/1061_14_KONSTRU]]/URI, URI[[http://libmeta.ru/me/relation/1061_13_KONSTRU]]/URI принципом Маркова, соотношениями, определяющими URI[[http://libmeta.ru/me/relation/1061_12_KONSTRU]]/URI выявления конструктивной URI[[http://libmeta.ru/me/relation/1061_11_KONSTRU]]/URI, и правилом индукции до URI[[http://libmeta.ru/me/relation/1061_10_KONSTRU]]/URI $URI[[http://libmeta.ru/me/formula/aux/1061_138_KONSTRU]]/URI$ таких, что $URI[[http://libmeta.ru/me/formula/aux/1061_139_KONSTRU]]/URI$, где $URI[[http://libmeta.ru/me/formula/aux/1061_140_KONSTRU]]/URI$ первое $URI[[http://libmeta.ru/me/formula/aux/1061_141_KONSTRU]]/URI$-число, большее $URI[[http://libmeta.ru/me/formula/aux/1061_142_KONSTRU]]/URI$. В частности, $URI[[http://libmeta.ru/me/formula/aux/1061_143_KONSTRU]]/URI$ для $URI[[http://libmeta.ru/me/formula/aux/1061_144_KONSTRU]]/URI$, т. е. для обычной индукции. Доведение обоснования до бескванторного уровня ( $URI[[http://libmeta.ru/me/formula/aux/1061_145_KONSTRU]]/URI$-истинность) URI[[http://libmeta.ru/me/relation/1061_9_KONSTRU]]/URI со стремлением остаться по возможности в рамках URI[[http://libmeta.ru/me/relation/1061_8_KONSTRU]]/URI, т. е. бескванторного языка и соответствующих URI[[http://libmeta.ru/me/relation/1061_7_KONSTRU]]/URI URI[[http://libmeta.ru/me/relation/1061_6_KONSTRU]]/URI. С этим же URI[[http://libmeta.ru/me/relation/1061_5_KONSTRU]]/URI стремление ограничиться небольшими $URI[[http://libmeta.ru/me/formula/aux/1061_146_KONSTRU]]/URI$. Для большей части «работающего» URI[[http://libmeta.ru/me/relation/1061_4_KONSTRU]]/URI (включая URI[[http://libmeta.ru/me/relation/1061_3_KONSTRU]]/URI о URI[[http://libmeta.ru/me/relation/1061_2_KONSTRU]]/URI әффективных операторов) достаточно конечных $URI[[http://libmeta.ru/me/formula/aux/1061_147_KONSTRU]]/URI$.</text>
  <text_orig>совокУПность способов понимания сужденпӥ в конструктивной математике. Необходимость в особой семантике вызвана различием общих принципов, лежащих в основе традиціонной (классическоі̆) и конструктивной математики (далее последний термін будет в основном относиться к подходу, развитому в советской школе конструктивной математики). Основное внимание К. с. уделяет суждениям о конструктивных объектах в языках первого порядка, то есть, по существу, арифометич. суждениям (см. Арифметика борлальная). Принцюпи- альные различия с традиционной семантикой в понимании дизъюнкций $A_{0} \vee A_{1}$ (и суждений о существовании $\exists x A(x)$ ) сформулированы Л. Брауэром (L. Brouwer). Конструктивное обоснование таких суждений требует решения задачи: найти число $i \leqslant 1$ такое, что верно $A_{i}$ (соответственно найти число $n$ такое, что $A(n)$ ). Общие принципы описания задач, соотпетствующих более сложным формулам, были намечены А. Гейтингом (А. Неуting) II A. Н. Колмогоровым. Точная формулировка (к-рая стала возможной после появления математич. определения алгоритма) была дана С. Клинік (S. Kleene) в виде понятия реализаціии замкнутой арифметич. формулы (см. Рекурсивная реализуемость). Р е а ли и ац II я в е р н о г о р а в е н с т в а $t=r$ есть финсированная константа, напр. число 0 , а ложное равенство не имеет реализаций. Р е а л и з а ц я к о н ъ ю н кц и и $A \&amp; B$ - это пара $\langle a, b\rangle$, где $a$ - реалігзация $A$, $b$ - реализация $B$. Р е а ли з а ц и я д и 3 т ю н кц и и $A_{0} \vee A_{1}$ - это пара $\langle i, a\rangle$, где $i=0,1$ и $a-$ peaлізация суждения $A_{i}$. Реализация суждения $\exists x A(x)-$ это пара $\langle n, a\rangle$, где $n-$ число, $a$ - реализация суждения $\boldsymbol{A}(n)$. Реализация сужденія $\forall x A(x)$ - это общий метод $f$, к-рый по всякому натуральному $n$ выдает реализацию $f(n)$ суждения $\boldsymbol{A}(n)$. Реализация суждения $A \supset B$ - это общий метод $f$, к-рый по всякой реализации $a$ суждения $A$ выдает реализацию $f(a)$ суждения $B$ (и может быть не определен для аргументов $a$, не являющихся реализациями $A$ ). При этом общий метод понимается как алгоритм (частично рекурсивная функция). Используя кодированге алгоритмов числами, можно записать условие «число $e$ есть реализация формулы $A$ » в вшде арифметич. формулы $(e r A)$, не содержащей дизъюнкции $\vee$ и содержащей существование $\exists$ только тривиальным образом - перед равенствами. Такие формулы наз. по т т и н о р м а л ь н ы и. Суждение $\exists e(e r A)$ (читаемое &quot;A реализуема») может служить конструктивным разъяснением суждения $A$. При таком понімании закон исключенного третьего $\forall x(A(x) \vee$ $\left.\left.\vee^{-}\right\rceil A(x)\right)$ опровергается, напр., для $A(x)=\exists y T(x, x, y)$, где $T(e, x, y)$ означает, что алгоритм (с кодом) $e$ заканчшвает работу над аргументом $x$ за $y$ шагов. Опровергается и закон двойного отрицания $\forall x(\neg \neg B(x) \supset$ $\supset B(x)$ ), напр. для $B(x)=A(x) \vee 7 A(x)$. Приведенное определение связывает конструктивную задачу (поиск реализации) со всяким суждением $A$, даже если $A$ не содержит $\vee$, Э. Предложенный Н. А. Шаниным алгорштм выявления конструктивной задачи не меняет форомул без $\vee, \exists$ (н о р м а л ь ных фо р м у л) и әквивалентен реализуемости в формальной интупционистской арифметике с бескванторной индукцией. Пронзвольные формулы сводятся к почти нормальным, так как обоснование $\exists x A(x)$ состоит в предъявлении числа $n$ и обосновании $\boldsymbol{A}(n)$. К. с. для почти нормальных формул определяется разными авторами по-разному, однако ни в одном случае не получается столь существенного расхождения с классіческим пониманием, как для формул, содержащих $V$ і нетривиальное $\exists$.

А. А. Марков определяет истинность для почти нормальных формул с помощью выводимости по обычным правилам для рассматрпваемых логических связок плюс әффективное $\omega$-правіло: если имеется общий метод, позволяющий для любого $n$ устанавливать выводимость $A(n)$ из суждения $K$, то $\forall x A(x)$ выводимо из $K$. Истинность определяется постепенно. Язык $\boldsymbol{H}_{\omega}$, состоящий из всех почти нормальных формул, делится на слои $\boldsymbol{A}_{1}$, $A_{2}, \ldots$; язык $\boldsymbol{A}_{1}$ состоит из формул без $\supset, \forall$; язык $A_{n+1}, n \geqslant 1$, включает $\boldsymbol{A}_{n}$ и формулы, к-рые можно построить из формул языка $\boldsymbol{A}_{n}$ одним применением импликации и любым числом применений $\forall$, \&amp;. Истиншость для $\boldsymbol{A}_{1}$-формул - это выводимость по обычным правилам для \&amp;, $\exists, \vee$. Истинность для $\boldsymbol{A}_{2}$-формул определяется через допустимость соответствующего правила. Напр., истинность $\exists x R(x) \supset \exists y T(y)$ означает наличие алгоритма $\varphi$ такого, что $R(n) \supset T(\varphi(n))$ для любого числа $n$. Для $\boldsymbol{A}_{n+1}$-формул при $n&gt;1$ истинность конъюнкций и $\forall$-формул определяется обычным образом через истинность компонент, а истинность импликации $A \supset B$ означает выводимость $B$ из $A$ по нек-рым правилам $S_{n}$, о к-рых уже доказано, что они coхраняют истинность $A_{n}$-формул. Системы $S_{n}$ содержат $\omega$-правило, а в качестве аксиом - все истинные $\boldsymbol{A}_{n}$-формулы. Понятие выводимости в $S_{n}$ вводится обобщенным индуктивным определением, а для доказательства метатеорем применяется соответствующий принцип индукции. Индукцией по $S_{2}$-выводу доказывается допустимость правила $A \supset\rceil\rceil \exists x R \vdash A \supset \exists x R$. Оно включается в $S_{3}$ и дает принцип Маркова $77 \exists x R \supset \exists x R$. Системы $S_{n+3}, n \geqslant 1$, состоят из обычных правил для рассматриваемых связок, включая $\omega$-правило. Оказывается, что почти нормальная формула $A$ истинна по Маркову тогда и только тогда, когда примитивно рекурсивное дерево $T_{A}$ поиска вывода формулы $A$ без сечения (но с $\omega$-правилом и принципом Маркова) является выводом в смысле индуктивного определения. Это эквивалентно (в рамках классической математикі) классической истинности $A$.

В мажорантной семантике Н. А. Шанина для каждой почти нормальной формулы $A$ определяется трансфинитная иерархия $\left\{A^{\alpha}\right\}$ формул простой структуры, причем $A^{\alpha} \supset A$ доказуемо в подходящей формальной системе. Формула $A^{\alpha}$ наз. м а ж о р а н т о й для $A$, и $A$ считается истинной формулой ранга $\alpha$, если $A^{\alpha}$ верна. Точность аппроксимации растет с ростом $\alpha: \alpha&lt;\beta \supset\left(A^{\alpha} \supset\right.$ $\left.\supset A^{\beta}\right)$. Если отвлечься от технических деталей, то фор-

![](https://cdn.mathpix.com/cropped/2023_07_08_e9d2407be4e246775b44g-1.jpg?height=40&amp;width=824&amp;top_left_y=1146&amp;top_left_x=987)
кванторов, согласно әквивалентности

$\neg\urcorner(B \vee \neg \neg \exists u \forall v C(u, v)) \leftrightarrow$

$\exists \bar{u} \forall \bar{v}\rceil \neg(B \vee \neg\urcorner \exists u \forall v C(u, v) \vee C(\bar{u}, \bar{v}))$

и сворачивания цепочек кванторов с помощью алгоритма выявления конструктивной задачи. Это дает доказуемую в арифметике с трансфинитной индукцией до $\alpha$ эквивалентность

\[
A \leftrightarrow \exists u \forall v\rceil 7\left(\neg \neg \exists w C_{\alpha} \vee D_{\alpha}\right)
\]

с бескванторной формулой $C_{\alpha}$, так что

\[
A^{\alpha}=\exists u \forall v \exists w C_{\alpha}(u, v, w)
\]

оказывается мажорантой для $A$. Суждение $A^{\alpha}$ оказывается, с точностью до технических деталей, эквивалентным утверждению о существовании вывода высоты $&lt;\alpha$ для исходной формулы с использованием $\omega$-правила. В этом смысле мажорантная семантика эквивалентна ступенчатой семантике А. А. Маркова. После фиксации нек-рого класса $\Theta$ общерекурсивных функций (напр., класса всех функций, определимых рекурсией до $\alpha$ ) определяются мажоранты еще более простой структуры:

\[
\exists u \forall v C_{\alpha}(u, v, \varphi(v)) \text { для } \varphi \in \Theta .
\]

Если $K-$ бескванторное исчисление для класса $\Theta$, то $K$-истинность формулы $\exists u \forall v C(u, v)$ определяется как выводимость формулы $C(t, v)$ с переменной $v$ для нек-рого постоянного терма $t$. Если в качестве $K$ взято стандартное исчисление равенств для функций, определимых рекурсией до ординалов, меньших $\alpha$, то $K$-истинными оказываются формулы, выводимые в формальной интуиционистской арифметике, пополненной принципом Маркова, соотношениями, определяющими алгоритм выявления конструктивной задачи, и правилом индукции до ординалов $\beta$ таких, что $\varepsilon(\beta) \leqslant \alpha$, где $\varepsilon(\beta)-$ первое $\varepsilon$-число, большее $\beta$. В частности, $\alpha=\varepsilon_{0}$ для $\beta=\omega$, т. е. для обычной индукции. Доведение обоснования до бескванторного уровня ( $K$-истинность) связано со стремлением остаться по возможности в рамках финитизма, т. е. бескванторного языка и соответствующих логических средств. С этим же связано стремление ограничиться небольшими $\alpha$. Для большей части «работающего» конструктивного анализа (включая теорему о непрерывности әффективных операторов) достаточно конечных $\alpha$.

Лит.: [1] М а р к о в А. А., в сб.: Исследования по теории алгорифмов и математической логике, м., 1976, т. 2 , с.3-31; [2] III а н и н Н. А., &quot;Тр. Матем. ин-та АН СССР», 1973, т. 129, с. 203-66; [3] К Л и н и С. К., Введение в метаматематику, пер. с англ., М. 1957.</text_orig>
</article>
