<?xml version="1.0" ?>
<article uri="http://libmeta.ru/me/article/1063_KONSTRUKTIVNAJa" alphabetic_pos="1063">
  <title>КОНСТРУКТИВНАЯ ФУНКЦИЯ ДЕЙСТВИТЕЛЬНОГО ПЕРЕМЕННОГО</title>
  <authors/>
  <pages>
    <start>526</start>
    <end>526</end>
  </pages>
  <literature>
    <literature_orig/>
  </literature>
  <formulas_main/>
  <formulas_aux/>
  <relations n="8">
    <relation uri="http://libmeta.ru/me/relation/1063_1_KONSTRUKTIVNAJa">
      <rel_text>метрическое пространство</rel_text>
      <target>http://libmeta.ru/me/article/651_METRIZUEMOE</target>
    </relation>
    <relation uri="http://libmeta.ru/me/relation/1063_2_KONSTRUKTIVNAJa">
      <rel_text>Конструктивный анализ</rel_text>
      <target>http://libmeta.ru/me/article/1069_KONSTRUKTIVNYJ</target>
    </relation>
    <relation uri="http://libmeta.ru/me/relation/1063_3_KONSTRUKTIVNAJa">
      <rel_text>пространствах</rel_text>
      <target>http://libmeta.ru/me/article/748_PROSTRANSTV</target>
    </relation>
    <relation uri="http://libmeta.ru/me/relation/1063_4_KONSTRUKTIVNAJa">
      <rel_text>метрич</rel_text>
      <target>http://libmeta.ru/me/article/652_METRIK</target>
    </relation>
    <relation uri="http://libmeta.ru/me/relation/1063_5_KONSTRUKTIVNAJa">
      <rel_text>оператора</rel_text>
      <target>http://libmeta.ru/me/article/17_OPERATO</target>
    </relation>
    <relation uri="http://libmeta.ru/me/relation/1063_6_KONSTRUKTIVNAJa">
      <rel_text>Предложено</rel_text>
      <target>http://libmeta.ru/me/article/605_PREDNORM</target>
    </relation>
    <relation uri="http://libmeta.ru/me/relation/1063_7_KONSTRUKTIVNAJa">
      <rel_text>переменных</rel_text>
      <target>http://libmeta.ru/me/article/222_PEREGÓROD</target>
    </relation>
    <relation uri="http://libmeta.ru/me/relation/1063_8_KONSTRUKTIVNAJa">
      <rel_text>функции</rel_text>
      <target>http://libmeta.ru/me/article/790_FUNKTO</target>
    </relation>
  </relations>
  <text>К о н с т р У к т и в н а Я ф у н к ц и я, - понятие URI[[http://libmeta.ru/me/relation/1063_8_KONSTRUKTIVNAJa]]/URI одного и многих действительных URI[[http://libmeta.ru/me/relation/1063_7_KONSTRUKTIVNAJa]]/URI, используемое в конструктивной математике. URI[[http://libmeta.ru/me/relation/1063_6_KONSTRUKTIVNAJa]]/URI А. А. Марковым. Может трактоваться как частный случай понятия алгоритмического URI[[http://libmeta.ru/me/relation/1063_5_KONSTRUKTIVNAJa]]/URI в конструктивных URI[[http://libmeta.ru/me/relation/1063_4_KONSTRUKTIVNAJa]]/URI. URI[[http://libmeta.ru/me/relation/1063_3_KONSTRUKTIVNAJa]]/URI. См. также URI[[http://libmeta.ru/me/relation/1063_2_KONSTRUKTIVNAJa]]/URI, Конструктивное URI[[http://libmeta.ru/me/relation/1063_1_KONSTRUKTIVNAJa]]/URI.</text>
  <text_orig>К о н с т р У к т и в н а Я ф у н к ц и я, - понятие функции одного и многих действительных переменных, используемое в конструктивной математике. Предложено А. А. Марковым. Может трактоваться как частный случай понятия алгоритмического оператора в конструктивных метрич. пространствах. См. также Конструктивный анализ, Конструктивное метрическое пространство.</text_orig>
</article>
