<?xml version="1.0" ?>
<article uri="http://libmeta.ru/me/article/1063_RELAKSATsII" alphabetic_pos="1063">
  <title>РЕЛАКСАЦИИ МЕТОД</title>
  <authors/>
  <pages>
    <start>484</start>
    <end>484</end>
  </pages>
  <literature>
    <literature_orig>Jum.: [1] Y o u ng D. M., &quot;trans. Amer. Math. Soc.&quot;, 1954, v. 76, № 1, p. $92-111$; [2] e $\mathrm{\gamma}$ o \% e, I terative solution of large![](https://cdn.mathpix.com/cropped/2023_07_08_34cf0896ad658e73e424g-1.jpg?height=32&amp;width=804&amp;top_left_y=1809&amp;top_left_x=995)с а й т Д. ж., Разностные методы решения дифференциальных $\phi$ а д д е е в Д. К., Ф а д д е е в а В. Н., Вычислительные методы линейной алгебры, М., $1960 . \quad E . C$. Николаев.</literature_orig>
    <unit>
      <author>Young D. M.</author>
      <title>&quot;trans. Amer. Math. Soc.&quot;</title>
      <publication/>
      <year>1954</year>
      <other>v. 76, № 1, p. $92-111$</other>
    </unit>
    <unit>
      <title>e $\mathrm{\gamma}$ o \% e</title>
      <publication/>
      <year>2023</year>
      <other>Разностные методы решения дифференциальных $\phi$ а д д е е в Д. К., Ф а д д е е в а В. Н., Вычислительные методы линейной алгебры, М., $1960 . \quad E . C$. Николаев.</other>
    </unit>
  </literature>
  <formulas_main>
    <formula uri="http://libmeta.ru/me/formula/main/1063_1_RELAKSATsII">S=(D+\omega L)^{-1}((1-\omega) D-\omega U) .</formula>
    <formula uri="http://libmeta.ru/me/formula/main/1063_2_RELAKSATsII">\omega=\omega_{0}=\frac{2}{1+\sqrt{1-\lambda_{0}^{2}}},</formula>
    <formula uri="http://libmeta.ru/me/formula/main/1063_3_RELAKSATsII">\omega_{0}-1=\frac{1-\sqrt{1-\lambda_{0}^{2}}}{1+\sqrt{1-\lambda_{0}^{2}}}&lt;1 .</formula>
  </formulas_main>
  <formulas_aux>
    <formula uri="http://libmeta.ru/me/formula/aux/1063_1_RELAKSATsII">a x=b</formula>
    <formula uri="http://libmeta.ru/me/formula/aux/1063_2_RELAKSATsII">a</formula>
    <formula uri="http://libmeta.ru/me/formula/aux/1063_3_RELAKSATsII">x^{k}</formula>
    <formula uri="http://libmeta.ru/me/formula/aux/1063_4_RELAKSATsII">x^{k+1}</formula>
    <formula uri="http://libmeta.ru/me/formula/aux/1063_5_RELAKSATsII">\left(a\left(x^{k+1}-x\right), x^{k+1}-x\right)</formula>
    <formula uri="http://libmeta.ru/me/formula/aux/1063_6_RELAKSATsII">\mathrm{p}</formula>
    <formula uri="http://libmeta.ru/me/formula/aux/1063_7_RELAKSATsII">\mathrm{p}</formula>
    <formula uri="http://libmeta.ru/me/formula/aux/1063_8_RELAKSATsII">a</formula>
    <formula uri="http://libmeta.ru/me/formula/aux/1063_9_RELAKSATsII">a</formula>
    <formula uri="http://libmeta.ru/me/formula/aux/1063_10_RELAKSATsII">p</formula>
    <formula uri="http://libmeta.ru/me/formula/aux/1063_11_RELAKSATsII">p A P^{T}</formula>
    <formula uri="http://libmeta.ru/me/formula/aux/1063_12_RELAKSATsII">\left\|\begin{array}{c}d_{1} H \\ D_{2}\end{array}\right\|</formula>
    <formula uri="http://libmeta.ru/me/formula/aux/1063_13_RELAKSATsII">d_{1}</formula>
    <formula uri="http://libmeta.ru/me/formula/aux/1063_14_RELAKSATsII">d_{2}</formula>
    <formula uri="http://libmeta.ru/me/formula/aux/1063_15_RELAKSATsII">(d+\omega L) x^{k+1}=((1-\omega) D-\omega U) x^{k}+\omega b, k=0,1, \ldots</formula>
    <formula uri="http://libmeta.ru/me/formula/aux/1063_16_RELAKSATsII">\omega-</formula>
    <formula uri="http://libmeta.ru/me/formula/aux/1063_17_RELAKSATsII">d</formula>
    <formula uri="http://libmeta.ru/me/formula/aux/1063_18_RELAKSATsII">l-</formula>
    <formula uri="http://libmeta.ru/me/formula/aux/1063_19_RELAKSATsII">u-</formula>
    <formula uri="http://libmeta.ru/me/formula/aux/1063_20_RELAKSATsII">a=d+l+u</formula>
    <formula uri="http://libmeta.ru/me/formula/aux/1063_21_RELAKSATsII">\omega&gt;1</formula>
    <formula uri="http://libmeta.ru/me/formula/aux/1063_22_RELAKSATsII">\omega \leqslant 1-</formula>
    <formula uri="http://libmeta.ru/me/formula/aux/1063_23_RELAKSATsII">\mathrm{p}</formula>
    <formula uri="http://libmeta.ru/me/formula/aux/1063_24_RELAKSATsII">\omega</formula>
    <formula uri="http://libmeta.ru/me/formula/aux/1063_25_RELAKSATsII">s</formula>
    <formula uri="http://libmeta.ru/me/formula/aux/1063_26_RELAKSATsII">a</formula>
    <formula uri="http://libmeta.ru/me/formula/aux/1063_27_RELAKSATsII">\lambda_{i}-</formula>
    <formula uri="http://libmeta.ru/me/formula/aux/1063_28_RELAKSATsII">\operatorname{det}(l+\lambda D+U)=0</formula>
    <formula uri="http://libmeta.ru/me/formula/aux/1063_29_RELAKSATsII">\omega</formula>
    <formula uri="http://libmeta.ru/me/formula/aux/1063_30_RELAKSATsII">\lambda_{0}^{2}=\max \lambda_{i}^{2}</formula>
    <formula uri="http://libmeta.ru/me/formula/aux/1063_31_RELAKSATsII">\omega=\omega_{0}</formula>
    <formula uri="http://libmeta.ru/me/formula/aux/1063_32_RELAKSATsII">s</formula>
    <formula uri="http://libmeta.ru/me/formula/aux/1063_33_RELAKSATsII">\lambda_{i}</formula>
  </formulas_aux>
  <relations n="4">
    <relation uri="http://libmeta.ru/me/relation/1063_1_RELAKSATsII">
      <rel_text>релаксации</rel_text>
      <target>http://libmeta.ru/me/article/1063_RELAKSATsII</target>
    </relation>
    <relation uri="http://libmeta.ru/me/relation/1063_2_RELAKSATsII">
      <rel_text>методы</rel_text>
      <target>http://libmeta.ru/me/article/685_METRI</target>
    </relation>
    <relation uri="http://libmeta.ru/me/relation/1063_3_RELAKSATsII">
      <rel_text>комплексны</rel_text>
      <target>http://libmeta.ru/me/article/1022_KOMPOZitsI</target>
    </relation>
    <relation uri="http://libmeta.ru/me/relation/1063_4_RELAKSATsII">
      <rel_text>Рассмотрены</rel_text>
      <target>http://libmeta.ru/me/article/973_RASSLOENI</target>
    </relation>
  </relations>
  <text>о с л а б л е н и я м ет о д,- метод итерационного решения системы линейных алгебраич. уравнений $URI[[http://libmeta.ru/me/formula/aux/1063_1_RELAKSATsII]]/URI$, әлементарный шаг к-рого состоит в изменении только одной компоненты вектора неизвестных, причем номера изменяемых компонент выбираются в нек-ром циклич. порядке. Наиболее часто Р. м. используется для решения систем с положительно определенной матрицей $URI[[http://libmeta.ru/me/formula/aux/1063_2_RELAKSATsII]]/URI$.

Если изменение одной компоненты вектора непзвестных $URI[[http://libmeta.ru/me/formula/aux/1063_3_RELAKSATsII]]/URI$ осуществляется так, что для нового приближения $URI[[http://libmeta.ru/me/formula/aux/1063_4_RELAKSATsII]]/URI$ квадратичная форма $URI[[http://libmeta.ru/me/formula/aux/1063_5_RELAKSATsII]]/URI$ минимизируется, то Р. М. наз. м е то д о м п о лн о й р е л а к с а ц и и. Если же за один элементарный паг значение квадратичной формы лишь уменьшается, но не минимизируется, то Р. м. наз. ме т о д о м н п п лн о й $URI[[http://libmeta.ru/me/formula/aux/1063_6_RELAKSATsII]]/URI$ е л а к с а ци и.

Наиболее полно исследован м е то д по с л е д ов а те льн о й в е $URI[[http://libmeta.ru/me/formula/aux/1063_7_RELAKSATsII]]/URI$ в е й рел а к с а и и, когда матрица $URI[[http://libmeta.ru/me/formula/aux/1063_8_RELAKSATsII]]/URI$ обладает т. н. своӥством (а) и согласованно упорядочена. Матрица $URI[[http://libmeta.ru/me/formula/aux/1063_9_RELAKSATsII]]/URI$ наз. матрицеї, обладающей с в о й с т в о м (a), если существует матрица перестановок $URI[[http://libmeta.ru/me/formula/aux/1063_10_RELAKSATsII]]/URI$ такая, что матрица $URI[[http://libmeta.ru/me/formula/aux/1063_11_RELAKSATsII]]/URI$ имеет форму $URI[[http://libmeta.ru/me/formula/aux/1063_12_RELAKSATsII]]/URI$, где $URI[[http://libmeta.ru/me/formula/aux/1063_13_RELAKSATsII]]/URI$ и $URI[[http://libmeta.ru/me/formula/aux/1063_14_RELAKSATsII]]/URI$ - квадратные диагональные матрицы .

Итерационная схема Р.м. имеет следующпй вид: $URI[[http://libmeta.ru/me/formula/aux/1063_15_RELAKSATsII]]/URI$, где $URI[[http://libmeta.ru/me/formula/aux/1063_16_RELAKSATsII]]/URI$ параметр релаксации, $URI[[http://libmeta.ru/me/formula/aux/1063_17_RELAKSATsII]]/URI$ - диагональная, $URI[[http://libmeta.ru/me/formula/aux/1063_18_RELAKSATsII]]/URI$ нижняя треугольная и $URI[[http://libmeta.ru/me/formula/aux/1063_19_RELAKSATsII]]/URI$ верхняя треугольная матрицы из разложения $URI[[http://libmeta.ru/me/formula/aux/1063_20_RELAKSATsII]]/URI$. Если $URI[[http://libmeta.ru/me/formula/aux/1063_21_RELAKSATsII]]/URI$, то метод

![](https://cdn.mathpix.com/cropped/2023_07_08_34cf0896ad658e73e424g-1.jpg?height=34&amp;width=801&amp;top_left_y=1097&amp;top_left_x=990)
(с в е р х ре л а к с а ци и), если $URI[[http://libmeta.ru/me/formula/aux/1063_22_RELAKSATsII]]/URI$ ме тодо м н и ж н е й $URI[[http://libmeta.ru/me/formula/aux/1063_23_RELAKSATsII]]/URI$ е л а к с а ц и и. Параметр $URI[[http://libmeta.ru/me/formula/aux/1063_24_RELAKSATsII]]/URI$ выбирается из условия минимизации спектрального радиуса матрицы $URI[[http://libmeta.ru/me/formula/aux/1063_25_RELAKSATsII]]/URI$ перехода от итерации к итерации:

\[
URI[[http://libmeta.ru/me/formula/main/1063_1_RELAKSATsII]]/URI
\]

Если $URI[[http://libmeta.ru/me/formula/aux/1063_26_RELAKSATsII]]/URI$ - симметричная матрица с положительными диагональными элементами и $URI[[http://libmeta.ru/me/formula/aux/1063_27_RELAKSATsII]]/URI$ корни детерминантного уравнения $URI[[http://libmeta.ru/me/formula/aux/1063_28_RELAKSATsII]]/URI$, то оптимальное значение параметра $URI[[http://libmeta.ru/me/formula/aux/1063_29_RELAKSATsII]]/URI$ дается форормулой

\[
URI[[http://libmeta.ru/me/formula/main/1063_2_RELAKSATsII]]/URI
\]

где $URI[[http://libmeta.ru/me/formula/aux/1063_30_RELAKSATsII]]/URI$. Для $URI[[http://libmeta.ru/me/formula/aux/1063_31_RELAKSATsII]]/URI$ спектральный радиус матрицы $URI[[http://libmeta.ru/me/formula/aux/1063_32_RELAKSATsII]]/URI$ равен

\[
URI[[http://libmeta.ru/me/formula/main/1063_3_RELAKSATsII]]/URI
\]

URI[[http://libmeta.ru/me/relation/1063_4_RELAKSATsII]]/URI случаи, когда нек-рые $URI[[http://libmeta.ru/me/formula/aux/1063_33_RELAKSATsII]]/URI$ URI[[http://libmeta.ru/me/relation/1063_3_RELAKSATsII]]/URI. Разработаны URI[[http://libmeta.ru/me/relation/1063_2_RELAKSATsII]]/URI блочной URI[[http://libmeta.ru/me/relation/1063_1_RELAKSATsII]]/URI.</text>
  <text_orig>о с л а б л е н и я м ет о д,- метод итерационного решения системы линейных алгебраич. уравнений $A x=b$, әлементарный шаг к-рого состоит в изменении только одной компоненты вектора неизвестных, причем номера изменяемых компонент выбираются в нек-ром циклич. порядке. Наиболее часто Р. м. используется для решения систем с положительно определенной матрицей $A$.

Если изменение одной компоненты вектора непзвестных $x^{k}$ осуществляется так, что для нового приближения $x^{k+1}$ квадратичная форма $\left(A\left(x^{k+1}-x\right), x^{k+1}-x\right)$ минимизируется, то Р. М. наз. м е то д о м п о лн о й р е л а к с а ц и и. Если же за один элементарный паг значение квадратичной формы лишь уменьшается, но не минимизируется, то Р. м. наз. ме т о д о м н п п лн о й $\mathrm{p}$ е л а к с а ци и.

Наиболее полно исследован м е то д по с л е д ов а те льн о й в е $\mathrm{p}$ в е й рел а к с а и и, когда матрица $A$ обладает т. н. своӥством (А) и согласованно упорядочена. Матрица $A$ наз. матрицеї, обладающей с в о й с т в о м (A), если существует матрица перестановок $P$ такая, что матрица $P A P^{T}$ имеет форму $\left\|\begin{array}{c}D_{1} H \\ D_{2}\end{array}\right\|$, где $D_{1}$ и $D_{2}$ - квадратные диагональные матрицы .

Итерационная схема Р.м. имеет следующпй вид: $(D+\omega L) x^{k+1}=((1-\omega) D-\omega U) x^{k}+\omega b, k=0,1, \ldots$, где $\omega-$ параметр релаксации, $D$ - диагональная, $L-$ нижняя треугольная и $U-$ верхняя треугольная матрицы из разложения $A=D+L+U$. Если $\omega&gt;1$, то метод

![](https://cdn.mathpix.com/cropped/2023_07_08_34cf0896ad658e73e424g-1.jpg?height=34&amp;width=801&amp;top_left_y=1097&amp;top_left_x=990)
(с в е р х ре л а к с а ци и), если $\omega \leqslant 1-$ ме тодо м н и ж н е й $\mathrm{p}$ е л а к с а ц и и. Параметр $\omega$ выбирается из условия минимизации спектрального радиуса матрицы $S$ перехода от итерации к итерации:

\[
S=(D+\omega L)^{-1}((1-\omega) D-\omega U) .
\]

Если $A$ - симметричная матрица с положительными диагональными элементами и $\lambda_{i}-$ корни детерминантного уравнения $\operatorname{det}(L+\lambda D+U)=0$, то оптимальное значение параметра $\omega$ дается форормулой

\[
\omega=\omega_{0}=\frac{2}{1+\sqrt{1-\lambda_{0}^{2}}},
\]

где $\lambda_{0}^{2}=\max \lambda_{i}^{2}$. Для $\omega=\omega_{0}$ спектральный радиус матрицы $S$ равен

\[
\omega_{0}-1=\frac{1-\sqrt{1-\lambda_{0}^{2}}}{1+\sqrt{1-\lambda_{0}^{2}}}&lt;1 .
\]

Рассмотрены случаи, когда нек-рые $\lambda_{i}$ комплексны. Разработаны методы блочной релаксации.

Jum.: [1] Y o u ng D. M., &quot;Trans. Amer. Math. Soc.&quot;, 1954, v. 76, № 1, p. $92-111$; [2] e $\mathrm{\Gamma}$ o \% e, I terative solution of large

![](https://cdn.mathpix.com/cropped/2023_07_08_34cf0896ad658e73e424g-1.jpg?height=32&amp;width=804&amp;top_left_y=1809&amp;top_left_x=995)
с а й т Д. ж., Разностные методы решения дифференциальных $\Phi$ а д д е е в Д. К., Ф а д д е е в а В. Н., Вычислительные методы линейной алгебры, М., $1960 . \quad E . C$. Николаев.</text_orig>
</article>
