<?xml version="1.0" ?>
<article uri="http://libmeta.ru/me/article/1063_EVBULIDA" alphabetic_pos="1063">
  <title>ЭВБУЛИДА ПАРАДОКС</title>
  <authors/>
  <pages>
    <start>462</start>
    <end>462</end>
  </pages>
  <literature>
    <literature_orig/>
  </literature>
  <formulas_main/>
  <formulas_aux/>
  <relations n="1">
    <relation uri="http://libmeta.ru/me/relation/1063_1_EVBULIDA">
      <rel_text>антиномия</rel_text>
      <target>http://libmeta.ru/me/article/219_ANTIPod</target>
    </relation>
  </relations>
  <text>п а р а д о к с Е в б у л ид а - то же, что URI[[http://libmeta.ru/me/relation/1063_1_EVBULIDA]]/URI Әвбулида.</text>
  <text_orig>п а р а д о к с Е в б у л ид а - то же, что антиномия Әвбулида.</text_orig>
</article>
