<?xml version="1.0" ?>
<article uri="http://libmeta.ru/me/article/1065_KONSTRUKTIVNOE" alphabetic_pos="1065">
  <title>КОНСТРУКТИВНОЕ ИСЧИСЛЕНИЕ ВЫСКАЗЫВАНИЙ</title>
  <authors/>
  <pages>
    <start>527</start>
    <end>527</end>
  </pages>
  <literature>
    <literature_orig>Лит.: [1] К л и н и С. К., Введение в метаматематику, пеp. c aнгл., M., 1957; [2] R o s e G. F., &quot;trans. Amer. Math.</literature_orig>
    <unit>
      <author>Клини С. К.</author>
      <title>Введение в метаматематику</title>
      <publication>пеp. c aнгл., M.</publication>
      <year>1957</year>
      <other/>
    </unit>
    <unit>
      <author>Rose G. F.</author>
      <title/>
      <publication/>
      <year/>
      <other>&quot;trans. Amer. Math.</other>
    </unit>
  </literature>
  <formulas_main/>
  <formulas_aux>
    <formula uri="http://libmeta.ru/me/formula/aux/1065_1_KONSTRUKTIVNOE">\mathrm{p}</formula>
    <formula uri="http://libmeta.ru/me/formula/aux/1065_2_KONSTRUKTIVNOE">((\neg 7 A \supset A) \supset(\neg 7 A \vee 7 A)) \supset(\neg \neg A \vee \neg A)</formula>
    <formula uri="http://libmeta.ru/me/formula/aux/1065_3_KONSTRUKTIVNOE">\boldsymbol{a}</formula>
    <formula uri="http://libmeta.ru/me/formula/aux/1065_4_KONSTRUKTIVNOE">7 p \vee 7 q</formula>
    <formula uri="http://libmeta.ru/me/formula/aux/1065_5_KONSTRUKTIVNOE">p, q</formula>
  </formulas_aux>
  <relations n="10">
    <relation uri="http://libmeta.ru/me/relation/1065_1_KONSTRUKTIVNOE">
      <rel_text>семантікi</rel_text>
      <target>http://libmeta.ru/me/article/1260_SEMANTIK</target>
    </relation>
    <relation uri="http://libmeta.ru/me/relation/1065_2_KONSTRUKTIVNOE">
      <rel_text>задачей</rel_text>
      <target>http://libmeta.ru/me/article/10_ZAdAch</target>
    </relation>
    <relation uri="http://libmeta.ru/me/relation/1065_3_KONSTRUKTIVNOE">
      <rel_text>признавать</rel_text>
      <target>http://libmeta.ru/me/article/645_PRIZMATOI</target>
    </relation>
    <relation uri="http://libmeta.ru/me/relation/1065_4_KONSTRUKTIVNOE">
      <rel_text>реализуемости</rel_text>
      <target>http://libmeta.ru/me/article/1005_REALIZUEMOST</target>
    </relation>
    <relation uri="http://libmeta.ru/me/relation/1065_5_KONSTRUKTIVNOE">
      <rel_text>интерпретации</rel_text>
      <target>http://libmeta.ru/me/article/622_INTEGRIRUGMA</target>
    </relation>
    <relation uri="http://libmeta.ru/me/relation/1065_6_KONSTRUKTIVNOE">
      <rel_text>переменные</rel_text>
      <target>http://libmeta.ru/me/article/222_PEREGÓROD</target>
    </relation>
    <relation uri="http://libmeta.ru/me/relation/1065_7_KONSTRUKTIVNOE">
      <rel_text>формула</rel_text>
      <target>http://libmeta.ru/me/article/741_FORMUL</target>
    </relation>
    <relation uri="http://libmeta.ru/me/relation/1065_8_KONSTRUKTIVNOE">
      <rel_text>интуиционистское исчисление высказываний</rel_text>
      <target>http://libmeta.ru/me/article/644_INTUITsIONISTSKOE</target>
    </relation>
    <relation uri="http://libmeta.ru/me/relation/1065_9_KONSTRUKTIVNOE">
      <rel_text>исчисление</rel_text>
      <target>http://libmeta.ru/me/article/686_ISChISLENI</target>
    </relation>
    <relation uri="http://libmeta.ru/me/relation/1065_10_KONSTRUKTIVNOE">
      <rel_text>логическое</rel_text>
      <target>http://libmeta.ru/me/article/412_LOGISTIK</target>
    </relation>
  </relations>
  <text>URI[[http://libmeta.ru/me/relation/1065_10_KONSTRUKTIVNOE]]/URI URI[[http://libmeta.ru/me/relation/1065_9_KONSTRUKTIVNOE]]/URI, оптсывающее способы вывода высказываний, нстинных с точки зренія конструктивной математики. Обычно этот термпн рассматривается как синоншм термина URI[[http://libmeta.ru/me/relation/1065_8_KONSTRUKTIVNOE]]/URI. Однако, при нек-рых спеціалыных Iнтерпретация х конструктивизма интуиционистское псчисление высказываний оказывается неполным. Напр., известная ф о р м у л а $URI[[http://libmeta.ru/me/formula/aux/1065_1_KONSTRUKTIVNOE]]/URI$ о у 3 a:

$URI[[http://libmeta.ru/me/formula/aux/1065_2_KONSTRUKTIVNOE]]/URI$ где $URI[[http://libmeta.ru/me/formula/aux/1065_3_KONSTRUKTIVNOE]]/URI$ - URI[[http://libmeta.ru/me/relation/1065_7_KONSTRUKTIVNOE]]/URI $URI[[http://libmeta.ru/me/formula/aux/1065_4_KONSTRUKTIVNOE]]/URI$, а $URI[[http://libmeta.ru/me/formula/aux/1065_5_KONSTRUKTIVNOE]]/URI$ - пропозициональные URI[[http://libmeta.ru/me/relation/1065_6_KONSTRUKTIVNOE]]/URI, не выводится в интуиционистском псчислениі высказываний и в то же время тождественно Iістінна в URI[[http://libmeta.ru/me/relation/1065_5_KONSTRUKTIVNOE]]/URI рекурсивной URI[[http://libmeta.ru/me/relation/1065_4_KONSTRUKTIVNOE]]/URI Кілiни, по крайней мере, если URI[[http://libmeta.ru/me/relation/1065_3_KONSTRUKTIVNOE]]/URI конструктивиого подбора принцип. Актуальной URI[[http://libmeta.ru/me/relation/1065_2_KONSTRUKTIVNOE]]/URI является исследование полноты К. и. в. для различных варіантов URI[[http://libmeta.ru/me/relation/1065_1_KONSTRUKTIVNOE]]/URI конструктивнойі математікі.</text>
  <text_orig>логическое исчисление, оптсывающее способы вывода высказываний, нстинных с точки зренія конструктивной математики. Обычно этот термпн рассматривается как синоншм термина интуиционистское исчисление высказываний. Однако, при нек-рых спеціалыных Iнтерпретация х конструктивизма интуиционистское псчисление высказываний оказывается неполным. Напр., известная ф о р м у л а $\mathrm{P}$ о у 3 a:

$((\neg 7 A \supset A) \supset(\neg 7 A \vee 7 A)) \supset(\neg \neg A \vee \neg A)$ где $\boldsymbol{A}$ - формула $7 p \vee 7 q$, а $p, q$ - пропозициональные переменные, не выводится в интуиционистском псчислениі высказываний и в то же время тождественно Iістінна в интерпретации рекурсивной реализуемости КілIни, по крайней мере, если признавать конструктивиого подбора принцип. Актуальной задачей является исследование полноты К. и. в. для различных варіантов семантікI конструктивнойі математікі.

Лит.: [1] К л и н и С. К., Введение в метаматематику, пеp. c aнгл., M., 1957; [2] R o s e G. F., &quot;Trans. Amer. Math.</text_orig>
</article>
