<?xml version="1.0" ?>
<article uri="http://libmeta.ru/me/article/1066_NORMAL'NYJ" alphabetic_pos="1066">
  <title>НОРМАЛЬНЫЙ АЛГОРИФМ</title>
  <authors/>
  <pages>
    <start>537</start>
    <end>538</end>
  </pages>
  <literature>
    <literature_orig>Лит.: [1] М а р к о в А. А., Теория алгорифмов, М., 1954 (тp. Maтем. ин-та Ah Cccp, т. 42); [2] м е н д е л ь с о н Э., Введение в математическую логику, пер. с англ., М., 1971.</literature_orig>
    <unit>
      <author>Марков А. А.</author>
      <title>Теория алгорифмов</title>
      <publication>М.</publication>
      <year>1954</year>
      <other>т. 42)</other>
    </unit>
    <unit>
      <author>мендельсон Э.</author>
      <title>Введение в математическую логику</title>
      <publication>пер. с англ., М.</publication>
      <year>1971</year>
      <other/>
    </unit>
  </literature>
  <formulas_main/>
  <formulas_aux>
    <formula uri="http://libmeta.ru/me/formula/aux/1066_1_NORMAL'NYJ">a</formula>
    <formula uri="http://libmeta.ru/me/formula/aux/1066_2_NORMAL'NYJ">\mathfrak{y}</formula>
    <formula uri="http://libmeta.ru/me/formula/aux/1066_3_NORMAL'NYJ">a</formula>
    <formula uri="http://libmeta.ru/me/formula/aux/1066_4_NORMAL'NYJ">a</formula>
    <formula uri="http://libmeta.ru/me/formula/aux/1066_5_NORMAL'NYJ">a</formula>
    <formula uri="http://libmeta.ru/me/formula/aux/1066_6_NORMAL'NYJ">(u, V)</formula>
    <formula uri="http://libmeta.ru/me/formula/aux/1066_7_NORMAL'NYJ">a</formula>
    <formula uri="http://libmeta.ru/me/formula/aux/1066_8_NORMAL'NYJ">u</formula>
    <formula uri="http://libmeta.ru/me/formula/aux/1066_9_NORMAL'NYJ">v</formula>
    <formula uri="http://libmeta.ru/me/formula/aux/1066_10_NORMAL'NYJ">u \rightarrow \cdot V</formula>
    <formula uri="http://libmeta.ru/me/formula/aux/1066_11_NORMAL'NYJ">u \rightarrow V</formula>
    <formula uri="http://libmeta.ru/me/formula/aux/1066_12_NORMAL'NYJ">\mathfrak{u}</formula>
    <formula uri="http://libmeta.ru/me/formula/aux/1066_13_NORMAL'NYJ">a</formula>
    <formula uri="http://libmeta.ru/me/formula/aux/1066_14_NORMAL'NYJ">p</formula>
    <formula uri="http://libmeta.ru/me/formula/aux/1066_15_NORMAL'NYJ">a</formula>
    <formula uri="http://libmeta.ru/me/formula/aux/1066_16_NORMAL'NYJ">p_{i}</formula>
    <formula uri="http://libmeta.ru/me/formula/aux/1066_17_NORMAL'NYJ">p</formula>
    <formula uri="http://libmeta.ru/me/formula/aux/1066_18_NORMAL'NYJ">p_{0}</formula>
    <formula uri="http://libmeta.ru/me/formula/aux/1066_19_NORMAL'NYJ">i \geqslant 0</formula>
    <formula uri="http://libmeta.ru/me/formula/aux/1066_20_NORMAL'NYJ">p_{i}</formula>
    <formula uri="http://libmeta.ru/me/formula/aux/1066_21_NORMAL'NYJ">\mathfrak{y}</formula>
    <formula uri="http://libmeta.ru/me/formula/aux/1066_22_NORMAL'NYJ">p_{i}</formula>
    <formula uri="http://libmeta.ru/me/formula/aux/1066_23_NORMAL'NYJ">p_{i+1}</formula>
    <formula uri="http://libmeta.ru/me/formula/aux/1066_24_NORMAL'NYJ">p_{i}</formula>
    <formula uri="http://libmeta.ru/me/formula/aux/1066_25_NORMAL'NYJ">\mathfrak{a}</formula>
    <formula uri="http://libmeta.ru/me/formula/aux/1066_26_NORMAL'NYJ">p_{i}</formula>
    <formula uri="http://libmeta.ru/me/formula/aux/1066_27_NORMAL'NYJ">p_{i+1}</formula>
    <formula uri="http://libmeta.ru/me/formula/aux/1066_28_NORMAL'NYJ">p_{i} ;</formula>
    <formula uri="http://libmeta.ru/me/formula/aux/1066_29_NORMAL'NYJ">p</formula>
    <formula uri="http://libmeta.ru/me/formula/aux/1066_30_NORMAL'NYJ">q</formula>
    <formula uri="http://libmeta.ru/me/formula/aux/1066_31_NORMAL'NYJ">\mathfrak{h}</formula>
    <formula uri="http://libmeta.ru/me/formula/aux/1066_32_NORMAL'NYJ">\boldsymbol{p}</formula>
    <formula uri="http://libmeta.ru/me/formula/aux/1066_33_NORMAL'NYJ">\mathfrak{u}(p)</formula>
    <formula uri="http://libmeta.ru/me/formula/aux/1066_34_NORMAL'NYJ">\mathfrak{x}</formula>
    <formula uri="http://libmeta.ru/me/formula/aux/1066_35_NORMAL'NYJ">p</formula>
    <formula uri="http://libmeta.ru/me/formula/aux/1066_36_NORMAL'NYJ">q</formula>
    <formula uri="http://libmeta.ru/me/formula/aux/1066_37_NORMAL'NYJ">\mathfrak{u}(p)=q</formula>
    <formula uri="http://libmeta.ru/me/formula/aux/1066_38_NORMAL'NYJ">a</formula>
    <formula uri="http://libmeta.ru/me/formula/aux/1066_39_NORMAL'NYJ">\mathfrak{y}</formula>
    <formula uri="http://libmeta.ru/me/formula/aux/1066_40_NORMAL'NYJ">a</formula>
    <formula uri="http://libmeta.ru/me/formula/aux/1066_41_NORMAL'NYJ">\mathfrak{b}</formula>
    <formula uri="http://libmeta.ru/me/formula/aux/1066_42_NORMAL'NYJ">p</formula>
    <formula uri="http://libmeta.ru/me/formula/aux/1066_43_NORMAL'NYJ">a</formula>
  </formulas_aux>
  <relations n="38">
    <relation uri="http://libmeta.ru/me/relation/1066_1_NORMAL'NYJ">
      <rel_text>конструкпьивном анализе</rel_text>
      <target>http://libmeta.ru/me/article/1069_KONSTRUKTIVNYJ</target>
    </relation>
    <relation uri="http://libmeta.ru/me/relation/1066_2_NORMAL'NYJ">
      <rel_text>представление</rel_text>
      <target>http://libmeta.ru/me/article/3_PREDSTAVLENI</target>
    </relation>
    <relation uri="http://libmeta.ru/me/relation/1066_3_NORMAL'NYJ">
      <rel_text>объекты</rel_text>
      <target>http://libmeta.ru/me/article/1156_OB'EK</target>
    </relation>
    <relation uri="http://libmeta.ru/me/relation/1066_4_NORMAL'NYJ">
      <rel_text>алгоритма</rel_text>
      <target>http://libmeta.ru/me/article/139_ALGOL-6</target>
    </relation>
    <relation uri="http://libmeta.ru/me/relation/1066_5_NORMAL'NYJ">
      <rel_text>первоначально</rel_text>
      <target>http://libmeta.ru/me/article/217_PERVOOBRAZNA</target>
    </relation>
    <relation uri="http://libmeta.ru/me/relation/1066_6_NORMAL'NYJ">
      <rel_text>функции</rel_text>
      <target>http://libmeta.ru/me/article/790_FUNKTO</target>
    </relation>
    <relation uri="http://libmeta.ru/me/relation/1066_7_NORMAL'NYJ">
      <rel_text>ариф্еметич</rel_text>
      <target>http://libmeta.ru/me/article/254_ARIFMETIK</target>
    </relation>
    <relation uri="http://libmeta.ru/me/relation/1066_8_NORMAL'NYJ">
      <rel_text>вычислимой</rel_text>
      <target>http://libmeta.ru/me/article/894_VYChITANI</target>
    </relation>
    <relation uri="http://libmeta.ru/me/relation/1066_9_NORMAL'NYJ">
      <rel_text>частично рекурсивной</rel_text>
      <target>http://libmeta.ru/me/article/956_ChASTIChNO</target>
    </relation>
    <relation uri="http://libmeta.ru/me/relation/1066_10_NORMAL'NYJ">
      <rel_text>предлагающему</rel_text>
      <target>http://libmeta.ru/me/article/3_PREDSTAVLENI</target>
    </relation>
    <relation uri="http://libmeta.ru/me/relation/1066_11_NORMAL'NYJ">
      <rel_text>равносильным</rel_text>
      <target>http://libmeta.ru/me/article/764_RAVNOVE.TIKA</target>
    </relation>
    <relation uri="http://libmeta.ru/me/relation/1066_12_NORMAL'NYJ">
      <rel_text>принцип нормализации</rel_text>
      <target>http://libmeta.ru/me/article/1036_NORMALIZATsII</target>
    </relation>
    <relation uri="http://libmeta.ru/me/relation/1066_13_NORMAL'NYJ">
      <rel_text>әквивалентным</rel_text>
      <target>http://libmeta.ru/me/article/1111_ӘKVIDISTANT</target>
    </relation>
    <relation uri="http://libmeta.ru/me/relation/1066_14_NORMAL'NYJ">
      <rel_text>алгоритма</rel_text>
      <target>http://libmeta.ru/me/article/139_ALGOL-6</target>
    </relation>
    <relation uri="http://libmeta.ru/me/relation/1066_15_NORMAL'NYJ">
      <rel_text>алгоритмов</rel_text>
      <target>http://libmeta.ru/me/article/140_ALGOLІ-6</target>
    </relation>
    <relation uri="http://libmeta.ru/me/relation/1066_16_NORMAL'NYJ">
      <rel_text>теории</rel_text>
      <target>http://libmeta.ru/me/article/381_TEORI</target>
    </relation>
    <relation uri="http://libmeta.ru/me/relation/1066_17_NORMAL'NYJ">
      <rel_text>алгоритм</rel_text>
      <target>http://libmeta.ru/me/article/139_ALGOL-6</target>
    </relation>
    <relation uri="http://libmeta.ru/me/relation/1066_18_NORMAL'NYJ">
      <rel_text>перерабатывает</rel_text>
      <target>http://libmeta.ru/me/article/226_PERENORMIROVK</target>
    </relation>
    <relation uri="http://libmeta.ru/me/relation/1066_19_NORMAL'NYJ">
      <rel_text>результат</rel_text>
      <target>http://libmeta.ru/me/article/1046_REZUL'TAN</target>
    </relation>
    <relation uri="http://libmeta.ru/me/relation/1066_20_NORMAL'NYJ">
      <rel_text>произвольное</rel_text>
      <target>http://libmeta.ru/me/article/1045_PROIZVODNA</target>
    </relation>
    <relation uri="http://libmeta.ru/me/relation/1066_21_NORMAL'NYJ">
      <rel_text>алгоритма</rel_text>
      <target>http://libmeta.ru/me/article/139_ALGOL-6</target>
    </relation>
    <relation uri="http://libmeta.ru/me/relation/1066_22_NORMAL'NYJ">
      <rel_text>алгоритме</rel_text>
      <target>http://libmeta.ru/me/article/139_ALGOL-6</target>
    </relation>
    <relation uri="http://libmeta.ru/me/relation/1066_23_NORMAL'NYJ">
      <rel_text>представления</rel_text>
      <target>http://libmeta.ru/me/article/3_PREDSTAVLENI</target>
    </relation>
    <relation uri="http://libmeta.ru/me/relation/1066_24_NORMAL'NYJ">
      <rel_text>последовательности</rel_text>
      <target>http://libmeta.ru/me/article/534_POSLEDOVATEL'NOST</target>
    </relation>
    <relation uri="http://libmeta.ru/me/relation/1066_25_NORMAL'NYJ">
      <rel_text>последовательности</rel_text>
      <target>http://libmeta.ru/me/article/534_POSLEDOVATEL'NOST</target>
    </relation>
    <relation uri="http://libmeta.ru/me/relation/1066_26_NORMAL'NYJ">
      <rel_text>формула</rel_text>
      <target>http://libmeta.ru/me/article/741_FORMUL</target>
    </relation>
    <relation uri="http://libmeta.ru/me/relation/1066_27_NORMAL'NYJ">
      <rel_text>последовательности</rel_text>
      <target>http://libmeta.ru/me/article/534_POSLEDOVATEL'NOST</target>
    </relation>
    <relation uri="http://libmeta.ru/me/relation/1066_28_NORMAL'NYJ">
      <rel_text>вхождения</rel_text>
      <target>http://libmeta.ru/me/article/819_VHOZhKDENI</target>
    </relation>
    <relation uri="http://libmeta.ru/me/relation/1066_29_NORMAL'NYJ">
      <rel_text>формул</rel_text>
      <target>http://libmeta.ru/me/article/741_FORMUL</target>
    </relation>
    <relation uri="http://libmeta.ru/me/relation/1066_30_NORMAL'NYJ">
      <rel_text>подстановки правой</rel_text>
      <target>http://libmeta.ru/me/article/374_PODSTANOVKI</target>
    </relation>
    <relation uri="http://libmeta.ru/me/relation/1066_31_NORMAL'NYJ">
      <rel_text>результат</rel_text>
      <target>http://libmeta.ru/me/article/1046_REZUL'TAN</target>
    </relation>
    <relation uri="http://libmeta.ru/me/relation/1066_32_NORMAL'NYJ">
      <rel_text>формулы</rel_text>
      <target>http://libmeta.ru/me/article/741_FORMUL</target>
    </relation>
    <relation uri="http://libmeta.ru/me/relation/1066_33_NORMAL'NYJ">
      <rel_text>последовательносги</rel_text>
      <target>http://libmeta.ru/me/article/534_POSLEDOVATEL'NOST</target>
    </relation>
    <relation uri="http://libmeta.ru/me/relation/1066_34_NORMAL'NYJ">
      <rel_text>формул</rel_text>
      <target>http://libmeta.ru/me/article/741_FORMUL</target>
    </relation>
    <relation uri="http://libmeta.ru/me/relation/1066_35_NORMAL'NYJ">
      <rel_text>последовательности</rel_text>
      <target>http://libmeta.ru/me/article/534_POSLEDOVATEL'NOST</target>
    </relation>
    <relation uri="http://libmeta.ru/me/relation/1066_36_NORMAL'NYJ">
      <rel_text>последовательности</rel_text>
      <target>http://libmeta.ru/me/article/534_POSLEDOVATEL'NOST</target>
    </relation>
    <relation uri="http://libmeta.ru/me/relation/1066_37_NORMAL'NYJ">
      <rel_text>последовательность</rel_text>
      <target>http://libmeta.ru/me/article/534_POSLEDOVATEL'NOST</target>
    </relation>
    <relation uri="http://libmeta.ru/me/relation/1066_38_NORMAL'NYJ">
      <rel_text>предписание</rel_text>
      <target>http://libmeta.ru/me/article/606_PREDPORJaDO</target>
    </relation>
  </relations>
  <text>название, закрепившееся за алгоритмали некоторого точно охарактеризованного типа. Наряду с рекурсивными бункциями и Тьюринга машинали Н. а. получили пзвестность в качестве одного из наиболее удобных уточнений общего интуитивного представления об алгоритме. Понятие Н. а. было выработано в 1947 А. А. Марковым в ходе его исследований по проблеме тождества для ассоціативных систем (см. Ассоциативное исцисление). Детально определенше п обпая теория Н. а. изложены в [1] (гл. I - V).

Всякий Н. а. গ gавите $URI[[http://libmeta.ru/me/formula/aux/1066_1_NORMAL'NYJ]]/URI$, порожкдает в нем детерминированный процесс переработки слов. Указание әтого алффвита входит в определение Н. а. 租 в качестве обязательной составной части, и в рассматриваемой ситуапии про Н. а. $URI[[http://libmeta.ru/me/formula/aux/1066_2_NORMAL'NYJ]]/URI$ говорят, что он является Н. а. в алфавите $URI[[http://libmeta.ru/me/formula/aux/1066_3_NORMAL'NYJ]]/URI$. Јюбой Н. а. в фиксированном алфавите $URI[[http://libmeta.ru/me/formula/aux/1066_4_NORMAL'NYJ]]/URI$ вполне определяется указанием его с х е м ы - ушорядоченного конечного списка формул подстановки в $URI[[http://libmeta.ru/me/formula/aux/1066_5_NORMAL'NYJ]]/URI$. Каждая такая формула по существу представляет собой уюорядоченную пару $URI[[http://libmeta.ru/me/formula/aux/1066_6_NORMAL'NYJ]]/URI$ слов в $URI[[http://libmeta.ru/me/formula/aux/1066_7_NORMAL'NYJ]]/URI$. Слово $URI[[http://libmeta.ru/me/formula/aux/1066_8_NORMAL'NYJ]]/URI$ наз. левой частью этой формулы, а $URI[[http://libmeta.ru/me/formula/aux/1066_9_NORMAL'NYJ]]/URI$ - ее правой часгью. Среди формул данной схемы нек-рые выделяются специально и обт,являются з а к ю ч и т е л ь н ы и. Обычно в схеме Н. а. заключительная формула записывается в виде $URI[[http://libmeta.ru/me/formula/aux/1066_10_NORMAL'NYJ]]/URI$, а незаключительная - в виде $URI[[http://libmeta.ru/me/formula/aux/1066_11_NORMAL'NYJ]]/URI$.

Н. а. $URI[[http://libmeta.ru/me/formula/aux/1066_12_NORMAL'NYJ]]/URI$ в а л ф а в и т е $URI[[http://libmeta.ru/me/formula/aux/1066_13_NORMAL'NYJ]]/URI$ есть URI[[http://libmeta.ru/me/relation/1066_38_NORMAL'NYJ]]/URI строить, исходя из произвольного слова $URI[[http://libmeta.ru/me/formula/aux/1066_14_NORMAL'NYJ]]/URI$ в $URI[[http://libmeta.ru/me/formula/aux/1066_15_NORMAL'NYJ]]/URI$, URI[[http://libmeta.ru/me/relation/1066_37_NORMAL'NYJ]]/URI слов $URI[[http://libmeta.ru/me/formula/aux/1066_16_NORMAL'NYJ]]/URI$ согласно следующему іравилу. Слово $URI[[http://libmeta.ru/me/formula/aux/1066_17_NORMAL'NYJ]]/URI$ берется в качсстве начального члена $URI[[http://libmeta.ru/me/formula/aux/1066_18_NORMAL'NYJ]]/URI$ этой URI[[http://libmeta.ru/me/relation/1066_36_NORMAL'NYJ]]/URI, п процесс ее построения продолжается далсе. Пусть для нек-рого $URI[[http://libmeta.ru/me/formula/aux/1066_19_NORMAL'NYJ]]/URI$ слово $URI[[http://libmeta.ru/me/formula/aux/1066_20_NORMAL'NYJ]]/URI$ построено і процесс построения рассматриваемой URI[[http://libmeta.ru/me/relation/1066_35_NORMAL'NYJ]]/URI еше не завеџшился. Если в схеме Н. а. $URI[[http://libmeta.ru/me/formula/aux/1066_21_NORMAL'NYJ]]/URI$ нет URI[[http://libmeta.ru/me/relation/1066_34_NORMAL'NYJ]]/URI, левые части к-рых входили бы в $URI[[http://libmeta.ru/me/formula/aux/1066_22_NORMAL'NYJ]]/URI$, то $URI[[http://libmeta.ru/me/formula/aux/1066_23_NORMAL'NYJ]]/URI$ полагают равным $URI[[http://libmeta.ru/me/formula/aux/1066_24_NORMAL'NYJ]]/URI$, и процесс построения URI[[http://libmeta.ru/me/relation/1066_33_NORMAL'NYJ]]/URI на этом считается закончившимся. Если же в схеме $URI[[http://libmeta.ru/me/formula/aux/1066_25_NORMAL'NYJ]]/URI$ имеются URI[[http://libmeta.ru/me/relation/1066_32_NORMAL'NYJ]]/URI с левыми частями, входящими в $URI[[http://libmeta.ru/me/formula/aux/1066_26_NORMAL'NYJ]]/URI$, то в качестве $URI[[http://libmeta.ru/me/formula/aux/1066_27_NORMAL'NYJ]]/URI$ берется URI[[http://libmeta.ru/me/relation/1066_31_NORMAL'NYJ]]/URI URI[[http://libmeta.ru/me/relation/1066_30_NORMAL'NYJ]]/URI части первой из таких URI[[http://libmeta.ru/me/relation/1066_29_NORMAL'NYJ]]/URI вместо первого URI[[http://libmeta.ru/me/relation/1066_28_NORMAL'NYJ]]/URI ее левой части в слово $URI[[http://libmeta.ru/me/formula/aux/1066_28_NORMAL'NYJ]]/URI$ при этом процесс построения URI[[http://libmeta.ru/me/relation/1066_27_NORMAL'NYJ]]/URI считается завершившимся, если примененная на этом шаге URI[[http://libmeta.ru/me/relation/1066_26_NORMAL'NYJ]]/URI подсгановки была заключительной, и продолжающимся в противпом случае. Если процесс построения упомянутой URI[[http://libmeta.ru/me/relation/1066_25_NORMAL'NYJ]]/URI обрывается, то говорят, что рассматриваемый Н. а. 秫 п р и ме нй м к с ло в у $URI[[http://libmeta.ru/me/formula/aux/1066_29_NORMAL'NYJ]]/URI$. Последний член $URI[[http://libmeta.ru/me/formula/aux/1066_30_NORMAL'NYJ]]/URI$ этой URI[[http://libmeta.ru/me/relation/1066_24_NORMAL'NYJ]]/URI считается р е з у л ь т а т о м п р им е н е н и я Н. а. $URI[[http://libmeta.ru/me/formula/aux/1066_31_NORMAL'NYJ]]/URI$ к слову $URI[[http://libmeta.ru/me/formula/aux/1066_32_NORMAL'NYJ]]/URI$ и обозначается символом $URI[[http://libmeta.ru/me/formula/aux/1066_33_NORMAL'NYJ]]/URI$. При этом говорят, что $URI[[http://libmeta.ru/me/formula/aux/1066_34_NORMAL'NYJ]]/URI$ п е р е р а б ат ы в а е т $URI[[http://libmeta.ru/me/formula/aux/1066_35_NORMAL'NYJ]]/URI$ в $URI[[http://libmeta.ru/me/formula/aux/1066_36_NORMAL'NYJ]]/URI$, и пишут $URI[[http://libmeta.ru/me/formula/aux/1066_37_NORMAL'NYJ]]/URI$. Н. а. в какомлибо расширении алфавита $URI[[http://libmeta.ru/me/formula/aux/1066_38_NORMAL'NYJ]]/URI$ наз. Н. а. н а д этим алфавитом.

Имеются веские основания считать, что уточнение общего URI[[http://libmeta.ru/me/relation/1066_23_NORMAL'NYJ]]/URI об URI[[http://libmeta.ru/me/relation/1066_22_NORMAL'NYJ]]/URI в албавите, произведенное с помощью понятия Н. а., является адекватным. Именно, считается, что для всякого URI[[http://libmeta.ru/me/relation/1066_21_NORMAL'NYJ]]/URI $URI[[http://libmeta.ru/me/formula/aux/1066_39_NORMAL'NYJ]]/URI$ в каком-либо алфавите $URI[[http://libmeta.ru/me/formula/aux/1066_40_NORMAL'NYJ]]/URI$ может быть построен H. а. $URI[[http://libmeta.ru/me/formula/aux/1066_41_NORMAL'NYJ]]/URI$ над этим алфавитом, перерабатывающий URI[[http://libmeta.ru/me/relation/1066_20_NORMAL'NYJ]]/URI слово $URI[[http://libmeta.ru/me/formula/aux/1066_42_NORMAL'NYJ]]/URI$ в $URI[[http://libmeta.ru/me/formula/aux/1066_43_NORMAL'NYJ]]/URI$ в тот же самый URI[[http://libmeta.ru/me/relation/1066_19_NORMAL'NYJ]]/URI, в к-рый URI[[http://libmeta.ru/me/relation/1066_18_NORMAL'NYJ]]/URI его исхотный URI[[http://libmeta.ru/me/relation/1066_17_NORMAL'NYJ]]/URI Я̆. Этто соглашение известно в URI[[http://libmeta.ru/me/relation/1066_16_NORMAL'NYJ]]/URI URI[[http://libmeta.ru/me/relation/1066_15_NORMAL'NYJ]]/URI под названием п р и н ц и п а по р м а ли з а ц и и. Уточнепие понятия URI[[http://libmeta.ru/me/relation/1066_14_NORMAL'NYJ]]/URI, осуществленное на основе понятия Н. а., оказывается URI[[http://libmeta.ru/me/relation/1066_13_NORMAL'NYJ]]/URI другим известным уточнениям (см., напр., [2]). Вследствие этого URI[[http://libmeta.ru/me/relation/1066_12_NORMAL'NYJ]]/URI оказывается URI[[http://libmeta.ru/me/relation/1066_11_NORMAL'NYJ]]/URI Чёрча тезису, URI[[http://libmeta.ru/me/relation/1066_10_NORMAL'NYJ]]/URI считать понятие URI[[http://libmeta.ru/me/relation/1066_9_NORMAL'NYJ]]/URI функции адекватным уточнением понятия URI[[http://libmeta.ru/me/relation/1066_8_NORMAL'NYJ]]/URI URI[[http://libmeta.ru/me/relation/1066_7_NORMAL'NYJ]]/URI. URI[[http://libmeta.ru/me/relation/1066_6_NORMAL'NYJ]]/URI.

Возникшие URI[[http://libmeta.ru/me/relation/1066_5_NORMAL'NYJ]]/URI в связи с алгебраит. проблематикой Н. а. оказались удобным рабочим аппаратом во многих исследованиях, требующих точного понятия URI[[http://libmeta.ru/me/relation/1066_4_NORMAL'NYJ]]/URI, - особенно тогда, когда основные URI[[http://libmeta.ru/me/relation/1066_3_NORMAL'NYJ]]/URI рассмотрения имеют неарифметіч. природу и допускают удобное URI[[http://libmeta.ru/me/relation/1066_2_NORMAL'NYJ]]/URI в виде слов в нек-рых алфавитах (гакова, напр., с итуация в URI[[http://libmeta.ru/me/relation/1066_1_NORMAL'NYJ]]/URI).</text>
  <text_orig>название, закрепившееся за алгоритмали некоторого точно охарактеризованного типа. Наряду с рекурсивными бункциями и Тьюринга машинали Н. а. получили пзвестность в качестве одного из наиболее удобных уточнений общего интуитивного представления об алгоритме. Понятие Н. а. было выработано в 1947 А. А. Марковым в ходе его исследований по проблеме тождества для ассоціативных систем (см. Ассоциативное исцисление). Детально определенше п обпая теория Н. а. изложены в [1] (гл. I - V).

Всякий Н. а. গ gавите $A$, порожкдает в нем детерминированный процесс переработки слов. Указание әтого алффвита входит в определение Н. а. 租 в качестве обязательной составной части, и в рассматриваемой ситуапии про Н. а. $\mathfrak{Y}$ говорят, что он является Н. а. в алфавите $A$. Јюбой Н. а. в фиксированном алфавите $A$ вполне определяется указанием его с х е м ы - ушорядоченного конечного списка формул подстановки в $A$. Каждая такая формула по существу представляет собой уюорядоченную пару $(U, V)$ слов в $A$. Слово $U$ наз. левой частью этой формулы, а $V$ - ее правой часгью. Среди формул данной схемы нек-рые выделяются специально и обт,являются з а к ю ч и т е л ь н ы и. Обычно в схеме Н. а. заключительная формула записывается в виде $U \rightarrow \cdot V$, а незаключительная - в виде $U \rightarrow V$.

Н. а. $\mathfrak{U}$ в а л ф а в и т е $A$ есть предписание строить, исходя из произвольного слова $P$ в $A$, последовательность слов $P_{i}$ согласно следующему іравилу. Слово $P$ берется в качсстве начального члена $P_{0}$ этой последовательности, п процесс ее построения продолжается далсе. Пусть для нек-рого $i \geqslant 0$ слово $P_{i}$ построено і процесс построения рассматриваемой последовательности еше не завеџшился. Если в схеме Н. а. $\mathfrak{Y}$ нет формул, левые части к-рых входили бы в $P_{i}$, то $P_{i+1}$ полагают равным $P_{i}$, и процесс построения последовательносги на этом считается закончившимся. Если же в схеме $\mathfrak{A}$ имеются формулы с левыми частями, входящими в $P_{i}$, то в качестве $P_{i+1}$ берется результат подстановки правой части первой из таких формул вместо первого вхождения ее левой части в слово $P_{i} ;$ при этом процесс построения последовательности считается завершившимся, если примененная на этом шаге формула подсгановки была заключительной, и продолжающимся в противпом случае. Если процесс построения упомянутой последовательности обрывается, то говорят, что рассматриваемый Н. а. 秫 п р и ме нй м к с ло в у $P$. Последний член $Q$ этой последовательности считается р е з у л ь т а т о м п р им е н е н и я Н. а. $\mathfrak{H}$ к слову $\boldsymbol{P}$ и обозначается символом $\mathfrak{U}(P)$. При этом говорят, что $\mathfrak{X}$ п е р е р а б ат ы в а е т $P$ в $Q$, и пишут $\mathfrak{U}(P)=Q$. Н. а. в какомлибо расширении алфавита $A$ наз. Н. а. н а д этим алфавитом.

Имеются веские основания считать, что уточнение общего представления об алгоритме в албавите, произведенное с помощью понятия Н. а., является адекватным. Именно, считается, что для всякого алгоритма $\mathfrak{Y}$ в каком-либо алфавите $A$ может быть построен H. а. $\mathfrak{B}$ над этим алфавитом, перерабатывающий произвольное слово $P$ в $A$ в тот же самый результат, в к-рый перерабатывает его исхотный алгоритм Я̆. Этто соглашение известно в теории алгоритмов под названием п р и н ц и п а по р м а ли з а ц и и. Уточнепие понятия алгоритма, осуществленное на основе понятия Н. а., оказывается әквивалентным другим известным уточнениям (см., напр., [2]). Вследствие этого принцип нормализации оказывается равносильным Чёрча тезису, предлагающему считать понятие частично рекурсивной функции адекватным уточнением понятия вычислимой ариф্еметич. функции.

Возникшие первоначально в связи с алгебраит. проблематикой Н. а. оказались удобным рабочим аппаратом во многих исследованиях, требующих точного понятия алгоритма, - особенно тогда, когда основные объекты рассмотрения имеют неарифметіч. природу и допускают удобное представление в виде слов в нек-рых алфавитах (гакова, напр., с итуация в конструкпьивном анализе).

Лит.: [1] М а р к о в А. А., Теория алгорифмов, М., 1954 (Тp. Maтем. ин-та AH CCCP, т. 42); [2] м е н д е л ь с о н Э., Введение в математическую логику, пер. с англ., М., 1971.</text_orig>
</article>
