<?xml version="1.0" ?>
<article uri="http://libmeta.ru/me/article/1067_JuІІERKOMPЈEKSNOGO" alphabetic_pos="1067">
  <title>ЮІІЁРКОМПЈЕКСНОГО ПЕРЕМЕННОГО ФУНКЦИЯ</title>
  <authors/>
  <pages>
    <start>505</start>
    <end>505</end>
  </pages>
  <literature>
    <literature_orig>Jum.: [1] F u e t e r K. R., &quot;elem. Math.&quot;, 1948, Bd 3, Akad Wiss Leipzig Math -phys $\mathrm{kl}, 1893$ Bd $45, \mathrm{~S} .828$ 48; [3] H a u s d or f f F., там же, 1900 , Bd $52, \mathrm{~S} .43-61 ;[4]$ К р и с т а л и н с к и й Р. Х., «уч. зап. Смоленского пед. ин-та&quot;, 1965, вып. 14, с. 91-95.</literature_orig>
    <unit>
      <author>Fueter K. R.</author>
      <title>&quot;elem. Math.&quot;</title>
      <publication/>
      <year>1948</year>
      <other>Bd 3, Akad Wiss Leipzig Math -phys $\mathrm{kl}, 1893$ Bd $45, \mathrm{~S} .828$ 48; [3] H a u s d or f f F., там же, 1900, Bd $52, \mathrm{~S} .43-61 ;[4]$ К р и с т а л и н с к и й Р. Х., «уч. зап. Смоленского пед. ин-та&quot;, 1965, вып. 14, с. 91-95.</other>
    </unit>
  </literature>
  <formulas_main>
    <formula uri="http://libmeta.ru/me/formula/main/1067_1_JuІІERKOMPЈEKSNOGO">w(z)=\sum_{k=0}^{n-1} e_{k} u_{k}</formula>
    <formula uri="http://libmeta.ru/me/formula/main/1067_2_JuІІERKOMPЈEKSNOGO">\sum_{k=0}^{n-1} w^{(k)} e_{k}=0</formula>
    <formula uri="http://libmeta.ru/me/formula/main/1067_3_JuІІERKOMPЈEKSNOGO">w^{(k)}=\sum_{h=0}^{n-1} \frac{\partial u_{h}}{\partial x_{k}} e_{h}</formula>
    <formula uri="http://libmeta.ru/me/formula/main/1067_4_JuІІERKOMPЈEKSNOGO">\sum_{k=0}^{n-1} e_{k} w^{(k)}=0 .</formula>
    <formula uri="http://libmeta.ru/me/formula/main/1067_5_JuІІERKOMPЈEKSNOGO">d w=\varphi(z) d z</formula>
    <formula uri="http://libmeta.ru/me/formula/main/1067_6_JuІІERKOMPЈEKSNOGO">\sum_{k=0}^{n-1} e_{k}^{2}=0</formula>
    <formula uri="http://libmeta.ru/me/formula/main/1067_7_JuІІERKOMPЈEKSNOGO">d w=\sum_{i, k=0}^{n-1} \varphi_{i k} e_{i} d z e_{k},</formula>
  </formulas_main>
  <formulas_aux>
    <formula uri="http://libmeta.ru/me/formula/aux/1067_1_JuІІERKOMPЈEKSNOGO">w(z)</formula>
    <formula uri="http://libmeta.ru/me/formula/aux/1067_2_JuІІERKOMPЈEKSNOGO">z</formula>
    <formula uri="http://libmeta.ru/me/formula/aux/1067_3_JuІІERKOMPЈEKSNOGO">\mathfrak{a}</formula>
    <formula uri="http://libmeta.ru/me/formula/aux/1067_4_JuІІERKOMPЈEKSNOGO">w(z)</formula>
    <formula uri="http://libmeta.ru/me/formula/aux/1067_5_JuІІERKOMPЈEKSNOGO">\mathfrak{y}</formula>
    <formula uri="http://libmeta.ru/me/formula/aux/1067_6_JuІІERKOMPЈEKSNOGO">w(z)</formula>
    <formula uri="http://libmeta.ru/me/formula/aux/1067_7_JuІІERKOMPЈEKSNOGO">e_{k}, k=0,1, \ldots, n-1,-</formula>
    <formula uri="http://libmeta.ru/me/formula/aux/1067_8_JuІІERKOMPЈEKSNOGO">\mathfrak{a}</formula>
    <formula uri="http://libmeta.ru/me/formula/aux/1067_9_JuІІERKOMPЈEKSNOGO">u_{k}=</formula>
    <formula uri="http://libmeta.ru/me/formula/aux/1067_10_JuІІERKOMPЈEKSNOGO">=u_{k}\left(x_{0}, x_{1}, \ldots, x_{n-1}\right), k=0,1, \ldots, n-1,-</formula>
    <formula uri="http://libmeta.ru/me/formula/aux/1067_11_JuІІERKOMPЈEKSNOGO">n</formula>
    <formula uri="http://libmeta.ru/me/formula/aux/1067_12_JuІІERKOMPЈEKSNOGO">n</formula>
    <formula uri="http://libmeta.ru/me/formula/aux/1067_13_JuІІERKOMPЈEKSNOGO">\mathfrak{h}</formula>
    <formula uri="http://libmeta.ru/me/formula/aux/1067_14_JuІІERKOMPЈEKSNOGO">f</formula>
    <formula uri="http://libmeta.ru/me/formula/aux/1067_15_JuІІERKOMPЈEKSNOGO">w(z)</formula>
    <formula uri="http://libmeta.ru/me/formula/aux/1067_16_JuІІERKOMPЈEKSNOGO">z_{0}</formula>
    <formula uri="http://libmeta.ru/me/formula/aux/1067_17_JuІІERKOMPЈEKSNOGO">w</formula>
    <formula uri="http://libmeta.ru/me/formula/aux/1067_18_JuІІERKOMPЈEKSNOGO">x_{k}</formula>
    <formula uri="http://libmeta.ru/me/formula/aux/1067_19_JuІІERKOMPЈEKSNOGO">w(z)</formula>
    <formula uri="http://libmeta.ru/me/formula/aux/1067_20_JuІІERKOMPЈEKSNOGO">\mathfrak{a}</formula>
    <formula uri="http://libmeta.ru/me/formula/aux/1067_21_JuІІERKOMPЈEKSNOGO">z</formula>
    <formula uri="http://libmeta.ru/me/formula/aux/1067_22_JuІІERKOMPЈEKSNOGO">\delta \omega=0</formula>
    <formula uri="http://libmeta.ru/me/formula/aux/1067_23_JuІІERKOMPЈEKSNOGO">\omega=w d z</formula>
    <formula uri="http://libmeta.ru/me/formula/aux/1067_24_JuІІERKOMPЈEKSNOGO">\gamma</formula>
    <formula uri="http://libmeta.ru/me/formula/aux/1067_25_JuІІERKOMPЈEKSNOGO">\omega=d z w</formula>
    <formula uri="http://libmeta.ru/me/formula/aux/1067_26_JuІІERKOMPЈEKSNOGO">z_{0}</formula>
    <formula uri="http://libmeta.ru/me/formula/aux/1067_27_JuІІERKOMPЈEKSNOGO">\mathfrak{a}</formula>
    <formula uri="http://libmeta.ru/me/formula/aux/1067_28_JuІІERKOMPЈEKSNOGO">\varphi(z)=d w / d z</formula>
    <formula uri="http://libmeta.ru/me/formula/aux/1067_29_JuІІERKOMPЈEKSNOGO">d z</formula>
    <formula uri="http://libmeta.ru/me/formula/aux/1067_30_JuІІERKOMPЈEKSNOGO">\mathfrak{a}</formula>
    <formula uri="http://libmeta.ru/me/formula/aux/1067_31_JuІІERKOMPЈEKSNOGO">d \omega=0</formula>
    <formula uri="http://libmeta.ru/me/formula/aux/1067_32_JuІІERKOMPЈEKSNOGO">\int w d z</formula>
    <formula uri="http://libmeta.ru/me/formula/aux/1067_33_JuІІERKOMPЈEKSNOGO">f</formula>
    <formula uri="http://libmeta.ru/me/formula/aux/1067_34_JuІІERKOMPЈEKSNOGO">w(z)</formula>
    <formula uri="http://libmeta.ru/me/formula/aux/1067_35_JuІІERKOMPЈEKSNOGO">z_{0}</formula>
    <formula uri="http://libmeta.ru/me/formula/aux/1067_36_JuІІERKOMPЈEKSNOGO">d w</formula>
    <formula uri="http://libmeta.ru/me/formula/aux/1067_37_JuІІERKOMPЈEKSNOGO">d z</formula>
    <formula uri="http://libmeta.ru/me/formula/aux/1067_38_JuІІERKOMPЈEKSNOGO">\varphi_{i k}</formula>
    <formula uri="http://libmeta.ru/me/formula/aux/1067_39_JuІІERKOMPЈEKSNOGO">x_{0}, x_{1}, \ldots, x_{n-1}</formula>
    <formula uri="http://libmeta.ru/me/formula/aux/1067_40_JuІІERKOMPЈEKSNOGO">\mathfrak{y}</formula>
  </formulas_aux>
  <relations n="7">
    <relation uri="http://libmeta.ru/me/relation/1067_1_JuІІERKOMPЈEKSNOGO">
      <rel_text>Гиперкомплексное</rel_text>
      <target>http://libmeta.ru/me/article/1070_GIPERPOVERHNOST</target>
    </relation>
    <relation uri="http://libmeta.ru/me/relation/1067_2_JuІІERKOMPЈEKSNOGO">
      <rel_text>коммутативной алгебры</rel_text>
      <target>http://libmeta.ru/me/article/992_KOMMUTATIVNAJa</target>
    </relation>
    <relation uri="http://libmeta.ru/me/relation/1067_3_JuІІERKOMPЈEKSNOGO">
      <rel_text>интеграл</rel_text>
      <target>http://libmeta.ru/me/article/583_INTEGRA</target>
    </relation>
    <relation uri="http://libmeta.ru/me/relation/1067_4_JuІІERKOMPЈEKSNOGO">
      <rel_text>строится</rel_text>
      <target>http://libmeta.ru/me/article/266_STROFOID</target>
    </relation>
    <relation uri="http://libmeta.ru/me/relation/1067_5_JuІІERKOMPЈEKSNOGO">
      <rel_text>действительные функции</rel_text>
      <target>http://libmeta.ru/me/article/1063_KONSTRUKTIVNAJa</target>
    </relation>
    <relation uri="http://libmeta.ru/me/relation/1067_6_JuІІERKOMPЈEKSNOGO">
      <rel_text>функция</rel_text>
      <target>http://libmeta.ru/me/article/790_FUNKTO</target>
    </relation>
    <relation uri="http://libmeta.ru/me/relation/1067_7_JuІІERKOMPЈEKSNOGO">
      <rel_text>дифференциал</rel_text>
      <target>http://libmeta.ru/me/article/252_DIFFEOMORFTsZ</target>
    </relation>
  </relations>
  <text>функция $URI[[http://libmeta.ru/me/formula/aux/1067_1_JuІІERKOMPЈEKSNOGO]]/URI$ гиперкомплексного переменного $URI[[http://libmeta.ru/me/formula/aux/1067_2_JuІІERKOMPЈEKSNOGO]]/URI$ (см. URI[[http://libmeta.ru/me/relation/1067_1_JuІІERKOMPЈEKSNOGO]]/URI число) над полем действительных чисел, т. е. функция на конечномерной ассоциативной алгебре $URI[[http://libmeta.ru/me/formula/aux/1067_3_JuІІERKOMPЈEKSNOGO]]/URI$. В более узком смысле под Г. п. ф. понимается функция $URI[[http://libmeta.ru/me/formula/aux/1067_4_JuІІERKOMPЈEKSNOGO]]/URI$ со значениями в той же алгебре $URI[[http://libmeta.ru/me/formula/aux/1067_5_JuІІERKOMPЈEKSNOGO]]/URI$, т. е. функция $URI[[http://libmeta.ru/me/formula/aux/1067_6_JuІІERKOMPЈEKSNOGO]]/URI$ может быть представлена в виде

\[
URI[[http://libmeta.ru/me/formula/main/1067_1_JuІІERKOMPЈEKSNOGO]]/URI
\]

где $URI[[http://libmeta.ru/me/formula/aux/1067_7_JuІІERKOMPЈEKSNOGO]]/URI$ базис алгебры $URI[[http://libmeta.ru/me/formula/aux/1067_8_JuІІERKOMPЈEKSNOGO]]/URI$, а $URI[[http://libmeta.ru/me/formula/aux/1067_9_JuІІERKOMPЈEKSNOGO]]/URI$ $URI[[http://libmeta.ru/me/formula/aux/1067_10_JuІІERKOMPЈEKSNOGO]]/URI$ система $URI[[http://libmeta.ru/me/formula/aux/1067_11_JuІІERKOMPЈEKSNOGO]]/URI$ действительных функций от $URI[[http://libmeta.ru/me/formula/aux/1067_12_JuІІERKOMPЈEKSNOGO]]/URI$ действительных переменных. Теория Г. П. ф. наиболее развита в случае, когда $URI[[http://libmeta.ru/me/formula/aux/1067_13_JuІІERKOMPЈEKSNOGO]]/URI$ есть алгебра кватернионов.

Ана литиче ские (ре г уля рны е) Г. п. ф. представляют собой обобщения в различных направлениях аналитич. функций одного комплексного переменного. При этом, в силу неэквивалентности различных определений аналитичности в случае произвольной алгебры, существуют различные понятия аналитической Г. П. ф.

В современных исследованиях наибольшее внимание привлекают регулярные Г. П. Ф. в с м ы с л е Ф ю тера, или $URI[[http://libmeta.ru/me/formula/aux/1067_14_JuІІERKOMPЈEKSNOGO]]/URI$-а на ли тич е с ки е Г.п. ф. (см. [1]). Г. п. ф. $URI[[http://libmeta.ru/me/formula/aux/1067_15_JuІІERKOMPЈEKSNOGO]]/URI$ наз. п р а в о р е г у л я р н о й Г. п. ф. в точке $URI[[http://libmeta.ru/me/formula/aux/1067_16_JuІІERKOMPЈEKSNOGO]]/URI$, если в этой точке справедливо дифференциальное уравнение (у с л о в и е Ф ю т е р a)

\[
URI[[http://libmeta.ru/me/formula/main/1067_2_JuІІERKOMPЈEKSNOGO]]/URI
\]

rд0

\[
URI[[http://libmeta.ru/me/formula/main/1067_3_JuІІERKOMPЈEKSNOGO]]/URI
\]

- частная производная функции $URI[[http://libmeta.ru/me/formula/aux/1067_17_JuІІERKOMPЈEKSNOGO]]/URI$ по $URI[[http://libmeta.ru/me/formula/aux/1067_18_JuІІERKOMPЈEKSNOGO]]/URI$, причем все производные предполагаются непрерывными. Функция $URI[[http://libmeta.ru/me/formula/aux/1067_19_JuІІERKOMPЈEKSNOGO]]/URI$ наз. л е в о р е г у л я р но й Г. П. ф., если

\[
URI[[http://libmeta.ru/me/formula/main/1067_4_JuІІERKOMPЈEKSNOGO]]/URI
\]

В случае некоммутативной алгебры $URI[[http://libmeta.ru/me/formula/aux/1067_20_JuІІERKOMPЈEKSNOGO]]/URI$ эти понятия не равносильны. Сумма и разность праворегулярных Г. П. Ф. праворегулярны, но для произведения и частного это неверно. Степени переменного $URI[[http://libmeta.ru/me/formula/aux/1067_21_JuІІERKOMPЈEKSNOGO]]/URI$ не праворегулярны. Имеются ряды Тейлора и Лорана по специально построенным аналогам степеней. Условие Фютера равносильно обращению в нуль дифференциала $URI[[http://libmeta.ru/me/formula/aux/1067_22_JuІІERKOMPЈEKSNOGO]]/URI$ гиперкомплексной диффференциальной формы $URI[[http://libmeta.ru/me/formula/aux/1067_23_JuІІERKOMPЈEKSNOGO]]/URI$ (для леворегулярных $URI[[http://libmeta.ru/me/formula/aux/1067_24_JuІІERKOMPЈEKSNOGO]]/URI$. п. ф.- формы $URI[[http://libmeta.ru/me/formula/aux/1067_25_JuІІERKOMPЈEKSNOGO]]/URI$ ); отсюда получается специфическая интегральная теорема.

А н а лит и ч е с к ой по Iii е ф ф е р с у Г. п. ф. [2] в точке $URI[[http://libmeta.ru/me/formula/aux/1067_26_JuІІERKOMPЈEKSNOGO]]/URI$ для случая коммутативной алгебры $URI[[http://libmeta.ru/me/formula/aux/1067_27_JuІІERKOMPЈEKSNOGO]]/URI$ наз. Г. п. ф., у к-рой диффференциал в этой точке может быть записан в виде

\[
URI[[http://libmeta.ru/me/formula/main/1067_5_JuІІERKOMPЈEKSNOGO]]/URI
\]

где производная $URI[[http://libmeta.ru/me/formula/aux/1067_28_JuІІERKOMPЈEKSNOGO]]/URI$ не зависит от $URI[[http://libmeta.ru/me/formula/aux/1067_29_JuІІERKOMPЈEKSNOGO]]/URI$. Это условие для коммутативной алгебры $URI[[http://libmeta.ru/me/formula/aux/1067_30_JuІІERKOMPЈEKSNOGO]]/URI$ равносильно тому, что $URI[[http://libmeta.ru/me/formula/aux/1067_31_JuІІERKOMPЈEKSNOGO]]/URI$, и интеграл $URI[[http://libmeta.ru/me/formula/aux/1067_32_JuІІERKOMPЈEKSNOGO]]/URI$ не зависит от пути; Г. п. ф., аналитические по Iiефферсу, $URI[[http://libmeta.ru/me/formula/aux/1067_33_JuІІERKOMPЈEKSNOGO]]/URI$-регулярны тогда и только тогда, когда

\[
URI[[http://libmeta.ru/me/formula/main/1067_6_JuІІERKOMPЈEKSNOGO]]/URI
\]

Г. п. ф. $URI[[http://libmeta.ru/me/formula/aux/1067_34_JuІІERKOMPЈEKSNOGO]]/URI$ наз. а н а ли т и ч е с к о й п о Х а у сд о р ф у [3] в точке $URI[[http://libmeta.ru/me/formula/aux/1067_35_JuІІERKOMPЈEKSNOGO]]/URI$, если ее URI[[http://libmeta.ru/me/relation/1067_7_JuІІERKOMPЈEKSNOGO]]/URI $URI[[http://libmeta.ru/me/formula/aux/1067_36_JuІІERKOMPЈEKSNOGO]]/URI$ есть линейная URI[[http://libmeta.ru/me/relation/1067_6_JuІІERKOMPЈEKSNOGO]]/URI от $URI[[http://libmeta.ru/me/formula/aux/1067_37_JuІІERKOMPЈEKSNOGO]]/URI$, то есть

\[
URI[[http://libmeta.ru/me/formula/main/1067_7_JuІІERKOMPЈEKSNOGO]]/URI
\]

где $URI[[http://libmeta.ru/me/formula/aux/1067_38_JuІІERKOMPЈEKSNOGO]]/URI$ - URI[[http://libmeta.ru/me/relation/1067_5_JuІІERKOMPЈEKSNOGO]]/URI от $URI[[http://libmeta.ru/me/formula/aux/1067_39_JuІІERKOMPЈEKSNOGO]]/URI$. Аналог степенных рядов здесь URI[[http://libmeta.ru/me/relation/1067_4_JuІІERKOMPЈEKSNOGO]]/URI проще, но URI[[http://libmeta.ru/me/relation/1067_3_JuІІERKOMPЈEKSNOGO]]/URI зависит от пути. Для URI[[http://libmeta.ru/me/relation/1067_2_JuІІERKOMPЈEKSNOGO]]/URI $URI[[http://libmeta.ru/me/formula/aux/1067_40_JuІІERKOMPЈEKSNOGO]]/URI$ определения Хаусдорфа и Шефферса эквивалентны.</text>
  <text_orig>функция $w(z)$ гиперкомплексного переменного $z$ (см. Гиперкомплексное число) над полем действительных чисел, т. е. функция на конечномерной ассоциативной алгебре $\mathfrak{A}$. В более узком смысле под Г. п. ф. понимается функция $w(z)$ со значениями в той же алгебре $\mathfrak{Y}$, т. е. функция $w(z)$ может быть представлена в виде

\[
w(z)=\sum_{k=0}^{n-1} e_{k} u_{k}
\]

где $e_{k}, k=0,1, \ldots, n-1,-$ базис алгебры $\mathfrak{A}$, а $u_{k}=$ $=u_{k}\left(x_{0}, x_{1}, \ldots, x_{n-1}\right), k=0,1, \ldots, n-1,-$ система $n$ действительных функций от $n$ действительных переменных. Теория Г. П. ф. наиболее развита в случае, когда $\mathfrak{H}$ есть алгебра кватернионов.

Ана литиче ские (ре г уля рны е) Г. п. ф. представляют собой обобщения в различных направлениях аналитич. функций одного комплексного переменного. При этом, в силу неэквивалентности различных определений аналитичности в случае произвольной алгебры, существуют различные понятия аналитической Г. П. ф.

В современных исследованиях наибольшее внимание привлекают регулярные Г. П. Ф. в с м ы с л е Ф ю тера, или $F$-а на ли тич е с ки е Г.п. ф. (см. [1]). Г. п. ф. $w(z)$ наз. п р а в о р е г у л я р н о й Г. п. ф. в точке $z_{0}$, если в этой точке справедливо дифференциальное уравнение (у с л о в и е Ф ю т е р a)

\[
\sum_{k=0}^{n-1} w^{(k)} e_{k}=0
\]

rд0

\[
w^{(k)}=\sum_{h=0}^{n-1} \frac{\partial u_{h}}{\partial x_{k}} e_{h}
\]

- частная производная функции $w$ по $x_{k}$, причем все производные предполагаются непрерывными. Функция $w(z)$ наз. л е в о р е г у л я р но й Г. П. ф., если

\[
\sum_{k=0}^{n-1} e_{k} w^{(k)}=0 .
\]

В случае некоммутативной алгебры $\mathfrak{A}$ эти понятия не равносильны. Сумма и разность праворегулярных Г. П. Ф. праворегулярны, но для произведения и частного это неверно. Степени переменного $z$ не праворегулярны. Имеются ряды Тейлора и Лорана по специально построенным аналогам степеней. Условие Фютера равносильно обращению в нуль дифференциала $\delta \omega=0$ гиперкомплексной диффференциальной формы $\omega=w d z$ (для леворегулярных $\Gamma$. п. ф.- формы $\omega=d z w$ ); отсюда получается специфическая интегральная теорема.

А н а лит и ч е с к ой по III е ф ф е р с у Г. п. ф. [2] в точке $z_{0}$ для случая коммутативной алгебры $\mathfrak{A}$ наз. Г. п. ф., у к-рой диффференциал в этой точке может быть записан в виде

\[
d w=\varphi(z) d z
\]

где производная $\varphi(z)=d w / d z$ не зависит от $d z$. Это условие для коммутативной алгебры $\mathfrak{A}$ равносильно тому, что $d \omega=0$, и интеграл $\int w d z$ не зависит от пути; Г. п. ф., аналитические по IIефферсу, $F$-регулярны тогда и только тогда, когда

\[
\sum_{k=0}^{n-1} e_{k}^{2}=0
\]

Г. п. ф. $w(z)$ наз. а н а ли т и ч е с к о й п о Х а у сд о р ф у [3] в точке $z_{0}$, если ее дифференциал $d w$ есть линейная функция от $d z$, то есть

\[
d w=\sum_{i, k=0}^{n-1} \varphi_{i k} e_{i} d z e_{k},
\]

где $\varphi_{i k}$ - действительные функции от $x_{0}, x_{1}, \ldots, x_{n-1}$. Аналог степенных рядов здесь строится проще, но интеграл зависит от пути. Для коммутативной алгебры $\mathfrak{Y}$ определения Хаусдорфа и Шефферса эквивалентны.

Jum.: [1] F u e t e r K. R., &quot;Elem. Math.&quot;, 1948, Bd 3, Akad Wiss Leipzig Math -phys $\mathrm{Kl}, 1893$ Bd $45, \mathrm{~S} .828$ 48; [3] H a u s d or f f F., там же, 1900 , Bd $52, \mathrm{~S} .43-61 ;[4]$ К р и с т а л и н с к и й Р. Х., «Уч. зап. Смоленского пед. ин-та&quot;, 1965, вып. 14, с. 91-95.</text_orig>
</article>
