<?xml version="1.0" ?>
<article uri="http://libmeta.ru/me/article/1068_EVOLJutsIONNOE" alphabetic_pos="1068">
  <title>ЭВОЛЮцИОННОЕ УРАВНЕНИЕ</title>
  <authors>
    <author>А. Д. Мышкис</author>
  </authors>
  <pages>
    <start>463</start>
    <end>463</end>
  </pages>
  <literature>
    <literature_orig/>
  </literature>
  <formulas_main>
    <formula uri="http://libmeta.ru/me/formula/main/1068_1_EVOLJutsIONNOE">u^{\prime}=f(t, u), \quad u^{\prime \prime}=f\left(t, u, u^{\prime}\right)</formula>
  </formulas_main>
  <formulas_aux>
    <formula uri="http://libmeta.ru/me/formula/aux/1068_1_EVOLJutsIONNOE">u(t)</formula>
    <formula uri="http://libmeta.ru/me/formula/aux/1068_2_EVOLJutsIONNOE">\kappa</formula>
    <formula uri="http://libmeta.ru/me/formula/aux/1068_3_EVOLJutsIONNOE">u(x, t)</formula>
    <formula uri="http://libmeta.ru/me/formula/aux/1068_4_EVOLJutsIONNOE">t</formula>
    <formula uri="http://libmeta.ru/me/formula/aux/1068_5_EVOLJutsIONNOE">x</formula>
    <formula uri="http://libmeta.ru/me/formula/aux/1068_6_EVOLJutsIONNOE">u\left(t_{k}\right)\left(t_{0}&lt;t_{1}&lt;\right.</formula>
    <formula uri="http://libmeta.ru/me/formula/aux/1068_7_EVOLJutsIONNOE">\delta t_{k}</formula>
    <formula uri="http://libmeta.ru/me/formula/aux/1068_8_EVOLJutsIONNOE">t \rightarrow+\infty</formula>
    <formula uri="http://libmeta.ru/me/formula/aux/1068_9_EVOLJutsIONNOE">\delta u=0</formula>
    <formula uri="http://libmeta.ru/me/formula/aux/1068_10_EVOLJutsIONNOE">\partial u / \partial t=\Delta u</formula>
  </formulas_aux>
  <relations n="48">
    <relation uri="http://libmeta.ru/me/relation/1068_1_EVOLJutsIONNOE">
      <rel_text>подобных</rel_text>
      <target>http://libmeta.ru/me/article/360_PoDoBI</target>
    </relation>
    <relation uri="http://libmeta.ru/me/relation/1068_2_EVOLJutsIONNOE">
      <rel_text>начальных условиях</rel_text>
      <target>http://libmeta.ru/me/article/867_NAChALYNYE</target>
    </relation>
    <relation uri="http://libmeta.ru/me/relation/1068_3_EVOLJutsIONNOE">
      <rel_text>граничных условиях</rel_text>
      <target>http://libmeta.ru/me/article/1169_GRANIChNYE</target>
    </relation>
    <relation uri="http://libmeta.ru/me/relation/1068_4_EVOLJutsIONNOE">
      <rel_text>уравнения</rel_text>
      <target>http://libmeta.ru/me/article/106_URAVNENI</target>
    </relation>
    <relation uri="http://libmeta.ru/me/relation/1068_5_EVOLJutsIONNOE">
      <rel_text>пределом</rel_text>
      <target>http://libmeta.ru/me/article/582_PREDBAZ</target>
    </relation>
    <relation uri="http://libmeta.ru/me/relation/1068_6_EVOLJutsIONNOE">
      <rel_text>граничных условиях</rel_text>
      <target>http://libmeta.ru/me/article/1169_GRANIChNYE</target>
    </relation>
    <relation uri="http://libmeta.ru/me/relation/1068_7_EVOLJutsIONNOE">
      <rel_text>уравнения</rel_text>
      <target>http://libmeta.ru/me/article/106_URAVNENI</target>
    </relation>
    <relation uri="http://libmeta.ru/me/relation/1068_8_EVOLJutsIONNOE">
      <rel_text>предельные</rel_text>
      <target>http://libmeta.ru/me/article/605_PREDNORM</target>
    </relation>
    <relation uri="http://libmeta.ru/me/relation/1068_9_EVOLJutsIONNOE">
      <rel_text>трактуются</rel_text>
      <target>http://libmeta.ru/me/article/455_TRAKTRIS</target>
    </relation>
    <relation uri="http://libmeta.ru/me/relation/1068_10_EVOLJutsIONNOE">
      <rel_text>численном</rel_text>
      <target>http://libmeta.ru/me/article/1008_ChISLITEL</target>
    </relation>
    <relation uri="http://libmeta.ru/me/relation/1068_11_EVOLJutsIONNOE">
      <rel_text>задачи</rel_text>
      <target>http://libmeta.ru/me/article/10_ZAdAch</target>
    </relation>
    <relation uri="http://libmeta.ru/me/relation/1068_12_EVOLJutsIONNOE">
      <rel_text>начального условия</rel_text>
      <target>http://libmeta.ru/me/article/867_NAChALYNYE</target>
    </relation>
    <relation uri="http://libmeta.ru/me/relation/1068_13_EVOLJutsIONNOE">
      <rel_text>перестрапвания</rel_text>
      <target>http://libmeta.ru/me/article/226_PERENORMIROVK</target>
    </relation>
    <relation uri="http://libmeta.ru/me/relation/1068_14_EVOLJutsIONNOE">
      <rel_text>получать</rel_text>
      <target>http://libmeta.ru/me/article/473_POLUNORM</target>
    </relation>
    <relation uri="http://libmeta.ru/me/relation/1068_15_EVOLJutsIONNOE">
      <rel_text>численного</rel_text>
      <target>http://libmeta.ru/me/article/1008_ChISLITEL</target>
    </relation>
    <relation uri="http://libmeta.ru/me/relation/1068_16_EVOLJutsIONNOE">
      <rel_text>уравневия</rel_text>
      <target>http://libmeta.ru/me/article/106_URAVNENI</target>
    </relation>
    <relation uri="http://libmeta.ru/me/relation/1068_17_EVOLJutsIONNOE">
      <rel_text>характер</rel_text>
      <target>http://libmeta.ru/me/article/830_HARAKTE</target>
    </relation>
    <relation uri="http://libmeta.ru/me/relation/1068_18_EVOLJutsIONNOE">
      <rel_text>полвой</rel_text>
      <target>http://libmeta.ru/me/article/501_POLI0</target>
    </relation>
    <relation uri="http://libmeta.ru/me/relation/1068_19_EVOLJutsIONNOE">
      <rel_text>методы</rel_text>
      <target>http://libmeta.ru/me/article/685_METRI</target>
    </relation>
    <relation uri="http://libmeta.ru/me/relation/1068_20_EVOLJutsIONNOE">
      <rel_text>устойqивости</rel_text>
      <target>http://libmeta.ru/me/article/631_UsTOJChIVOST</target>
    </relation>
    <relation uri="http://libmeta.ru/me/relation/1068_21_EVOLJutsIONNOE">
      <rel_text>задача</rel_text>
      <target>http://libmeta.ru/me/article/10_ZAdAch</target>
    </relation>
    <relation uri="http://libmeta.ru/me/relation/1068_22_EVOLJutsIONNOE">
      <rel_text>процессами</rel_text>
      <target>http://libmeta.ru/me/article/758_PROTsEDUR</target>
    </relation>
    <relation uri="http://libmeta.ru/me/relation/1068_23_EVOLJutsIONNOE">
      <rel_text>разностные уравнения</rel_text>
      <target>http://libmeta.ru/me/article/903_RAZNOSTNOE</target>
    </relation>
    <relation uri="http://libmeta.ru/me/relation/1068_24_EVOLJutsIONNOE">
      <rel_text>уравнения</rel_text>
      <target>http://libmeta.ru/me/article/106_URAVNENI</target>
    </relation>
    <relation uri="http://libmeta.ru/me/relation/1068_25_EVOLJutsIONNOE">
      <rel_text>уравнениям</rel_text>
      <target>http://libmeta.ru/me/article/106_URAVNENI</target>
    </relation>
    <relation uri="http://libmeta.ru/me/relation/1068_26_EVOLJutsIONNOE">
      <rel_text>абстрактным диффференциальным URI[[http:</rel_text>
      <target>http://libmeta.ru/me/article/271_DIFFERENTsIAL'NOE</target>
    </relation>
    <relation uri="http://libmeta.ru/me/relation/1068_27_EVOLJutsIONNOE">
      <rel_text>функций</rel_text>
      <target>http://libmeta.ru/me/article/790_FUNKTO</target>
    </relation>
    <relation uri="http://libmeta.ru/me/relation/1068_28_EVOLJutsIONNOE">
      <rel_text>пространства</rel_text>
      <target>http://libmeta.ru/me/article/748_PROSTRANSTV</target>
    </relation>
    <relation uri="http://libmeta.ru/me/relation/1068_29_EVOLJutsIONNOE">
      <rel_text>параметра</rel_text>
      <target>http://libmeta.ru/me/article/154_PARABOL</target>
    </relation>
    <relation uri="http://libmeta.ru/me/relation/1068_30_EVOLJutsIONNOE">
      <rel_text>трактовать</rel_text>
      <target>http://libmeta.ru/me/article/455_TRAKTRIS</target>
    </relation>
    <relation uri="http://libmeta.ru/me/relation/1068_31_EVOLJutsIONNOE">
      <rel_text>уравнений</rel_text>
      <target>http://libmeta.ru/me/article/106_URAVNENI</target>
    </relation>
    <relation uri="http://libmeta.ru/me/relation/1068_32_EVOLJutsIONNOE">
      <rel_text>задача</rel_text>
      <target>http://libmeta.ru/me/article/10_ZAdAch</target>
    </relation>
    <relation uri="http://libmeta.ru/me/relation/1068_33_EVOLJutsIONNOE">
      <rel_text>задачөй</rel_text>
      <target>http://libmeta.ru/me/article/10_ZAdAch</target>
    </relation>
    <relation uri="http://libmeta.ru/me/relation/1068_34_EVOLJutsIONNOE">
      <rel_text>параболического</rel_text>
      <target>http://libmeta.ru/me/article/170_PARALLELEPIPE</target>
    </relation>
    <relation uri="http://libmeta.ru/me/relation/1068_35_EVOLJutsIONNOE">
      <rel_text>гиперболического</rel_text>
      <target>http://libmeta.ru/me/article/1070_GIPERPOVERHNOST</target>
    </relation>
    <relation uri="http://libmeta.ru/me/relation/1068_36_EVOLJutsIONNOE">
      <rel_text>частными производными</rel_text>
      <target>http://libmeta.ru/me/article/961_ChASTNAJa</target>
    </relation>
    <relation uri="http://libmeta.ru/me/relation/1068_37_EVOLJutsIONNOE">
      <rel_text>уравнениям</rel_text>
      <target>http://libmeta.ru/me/article/106_URAVNENI</target>
    </relation>
    <relation uri="http://libmeta.ru/me/relation/1068_38_EVOLJutsIONNOE">
      <rel_text>дифференциальным</rel_text>
      <target>http://libmeta.ru/me/article/302_DIFFERENTsIROVANI</target>
    </relation>
    <relation uri="http://libmeta.ru/me/relation/1068_39_EVOLJutsIONNOE">
      <rel_text>средах</rel_text>
      <target>http://libmeta.ru/me/article/165_SREDNE</target>
    </relation>
    <relation uri="http://libmeta.ru/me/relation/1068_40_EVOLJutsIONNOE">
      <rel_text>процессов</rel_text>
      <target>http://libmeta.ru/me/article/758_PROTsEDUR</target>
    </relation>
    <relation uri="http://libmeta.ru/me/relation/1068_41_EVOLJutsIONNOE">
      <rel_text>уравнениям</rel_text>
      <target>http://libmeta.ru/me/article/106_URAVNENI</target>
    </relation>
    <relation uri="http://libmeta.ru/me/relation/1068_42_EVOLJutsIONNOE">
      <rel_text>дифференциальным</rel_text>
      <target>http://libmeta.ru/me/article/302_DIFFERENTsIROVANI</target>
    </relation>
    <relation uri="http://libmeta.ru/me/relation/1068_43_EVOLJutsIONNOE">
      <rel_text>интегро-дифференциальным уравнениям</rel_text>
      <target>http://libmeta.ru/me/article/625_INTEGRO-DIFFERENTsIAL'NOE</target>
    </relation>
    <relation uri="http://libmeta.ru/me/relation/1068_44_EVOLJutsIONNOE">
      <rel_text>степеней</rel_text>
      <target>http://libmeta.ru/me/article/213_STEPEN</target>
    </relation>
    <relation uri="http://libmeta.ru/me/relation/1068_45_EVOLJutsIONNOE">
      <rel_text>конечным числом</rel_text>
      <target>http://libmeta.ru/me/article/706_KANAL</target>
    </relation>
    <relation uri="http://libmeta.ru/me/relation/1068_46_EVOLJutsIONNOE">
      <rel_text>систем</rel_text>
      <target>http://libmeta.ru/me/article/350_SISTEM</target>
    </relation>
    <relation uri="http://libmeta.ru/me/relation/1068_47_EVOLJutsIONNOE">
      <rel_text>уравнения</rel_text>
      <target>http://libmeta.ru/me/article/106_URAVNENI</target>
    </relation>
    <relation uri="http://libmeta.ru/me/relation/1068_48_EVOLJutsIONNOE">
      <rel_text>задачи</rel_text>
      <target>http://libmeta.ru/me/article/10_ZAdAch</target>
    </relation>
  </relations>
  <text>уравнение, допускающее истолкование как запись дифференциального закона развития (эволюции) во времени нек-рого процесса. Термин не имеет точного определения, и его применимость может зависеть не только от самого уравнения, но и от постановки задачи для него. Для Э. у. характерна возможность построения решения при заданном начальном условии, к-рое трактуется как запись начального состояния процесса. К Э. у. относятся, прежде всего, обыкновенные дифференциальные уравнения и их системы общего вида

\[
URI[[http://libmeta.ru/me/formula/main/1068_1_EVOLJutsIONNOE]]/URI
\]

и т. п. в случае, когда $URI[[http://libmeta.ru/me/formula/aux/1068_1_EVOLJutsIONNOE]]/URI$ естественно рассматривать как решение URI[[http://libmeta.ru/me/relation/1068_48_EVOLJutsIONNOE]]/URI Коши; эти URI[[http://libmeta.ru/me/relation/1068_47_EVOLJutsIONNOE]]/URI ошисывают әволюцию URI[[http://libmeta.ru/me/relation/1068_46_EVOLJutsIONNOE]]/URI с URI[[http://libmeta.ru/me/relation/1068_45_EVOLJutsIONNOE]]/URI URI[[http://libmeta.ru/me/relation/1068_44_EVOLJutsIONNOE]]/URI свободы. Учет последействия приводит $URI[[http://libmeta.ru/me/formula/aux/1068_2_EVOLJutsIONNOE]]/URI$ URI[[http://libmeta.ru/me/relation/1068_43_EVOLJutsIONNOE]]/URI типа Вольтерра или к URI[[http://libmeta.ru/me/relation/1068_42_EVOLJutsIONNOE]]/URI URI[[http://libmeta.ru/me/relation/1068_41_EVOLJutsIONNOE]]/URI с запаздывающим аргументом. Описание URI[[http://libmeta.ru/me/relation/1068_40_EVOLJutsIONNOE]]/URI, пропсходящих в сплошных URI[[http://libmeta.ru/me/relation/1068_39_EVOLJutsIONNOE]]/URI, приводит к URI[[http://libmeta.ru/me/relation/1068_38_EVOLJutsIONNOE]]/URI URI[[http://libmeta.ru/me/relation/1068_37_EVOLJutsIONNOE]]/URI с URI[[http://libmeta.ru/me/relation/1068_36_EVOLJutsIONNOE]]/URI URI[[http://libmeta.ru/me/relation/1068_35_EVOLJutsIONNOE]]/URI, URI[[http://libmeta.ru/me/relation/1068_34_EVOLJutsIONNOE]]/URI и родственных типов; здесь, наряду с URI[[http://libmeta.ru/me/relation/1068_33_EVOLJutsIONNOE]]/URI Коши, ставится смешанная (начально-граничная) URI[[http://libmeta.ru/me/relation/1068_32_EVOLJutsIONNOE]]/URI. Если решение $URI[[http://libmeta.ru/me/formula/aux/1068_3_EVOLJutsIONNOE]]/URI$ таких URI[[http://libmeta.ru/me/relation/1068_31_EVOLJutsIONNOE]]/URI URI[[http://libmeta.ru/me/relation/1068_30_EVOLJutsIONNOE]]/URI как зависящий от URI[[http://libmeta.ru/me/relation/1068_29_EVOLJutsIONNOE]]/URI $URI[[http://libmeta.ru/me/formula/aux/1068_4_EVOLJutsIONNOE]]/URI$ элемент какого-либо URI[[http://libmeta.ru/me/relation/1068_28_EVOLJutsIONNOE]]/URI URI[[http://libmeta.ru/me/relation/1068_27_EVOLJutsIONNOE]]/URI от $URI[[http://libmeta.ru/me/formula/aux/1068_5_EVOLJutsIONNOE]]/URI$, то приходят к URI[[http://libmeta.ru/me/relation/1068_26_EVOLJutsIONNOE]]/URI//libmeta.ru/me/relation/1068_25_EVOLJutsIONNOE]]/URI вида (*). Все эти URI[[http://libmeta.ru/me/relation/1068_24_EVOLJutsIONNOE]]/URI, а также соответствующие им URI[[http://libmeta.ru/me/relation/1068_23_EVOLJutsIONNOE]]/URI и относят обычно к Э. у.

Аналогии с реальными URI[[http://libmeta.ru/me/relation/1068_22_EVOLJutsIONNOE]]/URI приводят к постановкам естественных задач для Ә. у. (напр., URI[[http://libmeta.ru/me/relation/1068_21_EVOLJutsIONNOE]]/URI об URI[[http://libmeta.ru/me/relation/1068_20_EVOLJutsIONNOE]]/URI решений) и порой дают URI[[http://libmeta.ru/me/relation/1068_19_EVOLJutsIONNOE]]/URI их изучения (напр., привлечение математич. аналогов законов сохранения или диссипации URI[[http://libmeta.ru/me/relation/1068_18_EVOLJutsIONNOE]]/URI энергии). Эволюционный URI[[http://libmeta.ru/me/relation/1068_17_EVOLJutsIONNOE]]/URI URI[[http://libmeta.ru/me/relation/1068_16_EVOLJutsIONNOE]]/URI благоприятен для его URI[[http://libmeta.ru/me/relation/1068_15_EVOLJutsIONNOE]]/URI решения, так как звачения $URI[[http://libmeta.ru/me/formula/aux/1068_6_EVOLJutsIONNOE]]/URI$ &lt;. . .) при достаточно малом шаге $URI[[http://libmeta.ru/me/formula/aux/1068_7_EVOLJutsIONNOE]]/URI$ можко URI[[http://libmeta.ru/me/relation/1068_14_EVOLJutsIONNOE]]/URI с помощью постепенного URI[[http://libmeta.ru/me/relation/1068_13_EVOLJutsIONNOE]]/URI, отправляясь от URI[[http://libmeta.ru/me/relation/1068_12_EVOLJutsIONNOE]]/URI. Это привело к тому, что многие URI[[http://libmeta.ru/me/relation/1068_11_EVOLJutsIONNOE]]/URI о стационарном состоянии среды при их URI[[http://libmeta.ru/me/relation/1068_10_EVOLJutsIONNOE]]/URI решении URI[[http://libmeta.ru/me/relation/1068_9_EVOLJutsIONNOE]]/URI как URI[[http://libmeta.ru/me/relation/1068_8_EVOLJutsIONNOE]]/URI при $URI[[http://libmeta.ru/me/formula/aux/1068_8_EVOLJutsIONNOE]]/URI$ для әволюционных задач. (напр., решение URI[[http://libmeta.ru/me/relation/1068_7_EVOLJutsIONNOE]]/URI Лапласа $URI[[http://libmeta.ru/me/formula/aux/1068_9_EVOLJutsIONNOE]]/URI$ при заданных URI[[http://libmeta.ru/me/relation/1068_6_EVOLJutsIONNOE]]/URI служит URI[[http://libmeta.ru/me/relation/1068_5_EVOLJutsIONNOE]]/URI решений URI[[http://libmeta.ru/me/relation/1068_4_EVOLJutsIONNOE]]/URI $URI[[http://libmeta.ru/me/formula/aux/1068_10_EVOLJutsIONNOE]]/URI$ при тех же URI[[http://libmeta.ru/me/relation/1068_3_EVOLJutsIONNOE]]/URI и любых URI[[http://libmeta.ru/me/relation/1068_2_EVOLJutsIONNOE]]/URI; в URI[[http://libmeta.ru/me/relation/1068_1_EVOLJutsIONNOE]]/URI случаях говорят об установлении решений Э. у.)</text>
  <text_orig>уравнение, допускающее истолкование как запись дифференциального закона развития (эволюции) во времени нек-рого процесса. Термин не имеет точного определения, и его применимость может зависеть не только от самого уравнения, но и от постановки задачи для него. Для Э. у. характерна возможность построения решения при заданном начальном условии, к-рое трактуется как запись начального состояния процесса. К Э. у. относятся, прежде всего, обыкновенные дифференциальные уравнения и их системы общего вида

\[
u^{\prime}=f(t, u), \quad u^{\prime \prime}=f\left(t, u, u^{\prime}\right)
\]

и т. п. в случае, когда $u(t)$ естественно рассматривать как решение задачи Коши; эти уравнения ошисывают әволюцию систем с конечным числом степеней свободы. Учет последействия приводит $\kappa$ интегро-дифференциальным уравнениям типа Вольтерра или к дифференциальным уравнениям с запаздывающим аргументом. Описание процессов, пропсходящих в сплошных средах, приводит к дифференциальным уравнениям с частными производными гиперболического, параболического и родственных типов; здесь, наряду с задачөй Коши, ставится смешанная (начально-граничная) задача. Если решение $u(x, t)$ таких уравнений трактовать как зависящий от параметра $t$ элемент какого-либо пространства функций от $x$, то приходят к абстрактным диффференциальным уравнениям вида (*). Все эти уравнения, а также соответствующие им разностные уравнения и относят обычно к Э. у.

Аналогии с реальными процессами приводят к постановкам естественных задач для Ә. у. (напр., задача об устойqивости решений) и порой дают методы их изучения (напр., привлечение математич. аналогов законов сохранения или диссипации полвой энергии). Эволюционный характер уравневия благоприятен для его численного решения, так как звачения $u\left(t_{k}\right)\left(t_{0}&lt;t_{1}&lt;\right.$ &lt;. . .) при достаточно малом шаге $\Delta t_{k}$ можко получать с помощью постепенного перестрапвания, отправляясь от начального условия. Это привело к тому, что многие задачи о стационарном состоянии среды при их численном решении трактуются как предельные при $t \rightarrow+\infty$ для әволюционных задач. (Напр., решение уравнения Лапласа $\Delta u=0$ при заданных граничных условиях служит пределом решений уравнения $\partial u / \partial t=\Delta u$ при тех же граничных условиях и любых начальных условиях; в подобных случаях говорят об установлении решений Э. у.) А. Д. Мышкис.</text_orig>
</article>
