<?xml version="1.0" ?>
<article uri="http://libmeta.ru/me/article/1069_ChESKIE" alphabetic_pos="1069">
  <title>ЧЕСКИЕ ЗАДАЧИ</title>
  <authors/>
  <pages>
    <start>486</start>
    <end>487</end>
  </pages>
  <literature>
    <literature_orig>Лum.: [1] 3 е л ь д о в ич Я. Б., Н о в и к о в И. Д., Релятивистская астрофизика, М., 1967; [2] и х ж е, Теория тяготения и әволюция звезд, М., $1971 ;$ [3] и х ж е, Строение и әволю-ция Вселенной, М., $1975 ;[4] \Pi$ и б л с П., Физическая космология, пер. с англ., М., 1975; [5] М и з н е р Ч., Т о р н К., У игия, пер. с англ., М., $1975 ;$ [5] м и 3 н е р Ч., Т о р н К., У и-л е р Д ж., Гравитация, т. $2-3$, пер. с англ., М., $1977 ;[6]$ Л и ф ш и ц Е. М., “ж.' әкспериментальной и теоретич. физи ки», 1946 , т. 16 , с. $587-602 ;$ [7] Б е л и н с к и й В. А., Л и фшиц Е. М., Х а л а т н ик о в И. М., “успехи физ. наук», 1970 , т. 102 , с. $463-500 ;$ [8] Б р а г и н с к и й В. Б., там же,1965 , т. 86 , с. $433-46$. А. Рузмайкин.</literature_orig>
    <unit>
      <author>3ельдович Я. Б.</author>
      <author>Новиков И. Д.</author>
      <title>Релятивистская астрофизика</title>
      <publication>М.</publication>
      <year>1967</year>
      <other/>
    </unit>
    <unit>
      <title>и х ж е, Теория тяготения и әволюция звезд</title>
      <publication>М.</publication>
      <year>1971</year>
      <other/>
    </unit>
    <unit>
      <title>и х ж е, Строение и әволю-ция Вселенной</title>
      <publication>М.</publication>
      <year>1975</year>
      <other/>
    </unit>
    <unit>
      <author>\Pi$иблс П.</author>
      <title>Физическая космология</title>
      <publication>пер. с англ., М.</publication>
      <year>1975</year>
      <other/>
    </unit>
    <unit>
      <author>Мизнер Ч.</author>
      <author>Торн К.</author>
      <title>У игия</title>
      <publication>пер. с англ., М.</publication>
      <year>1975</year>
      <other>Т о р н К., У и-л е р Д ж., Гравитация, т. $2-3$, пер. с англ., М., $1977</other>
    </unit>
    <unit>
      <author>$Лифшиц Е. М.</author>
      <title>“ж.' әкспериментальной и теоретич. физи ки»</title>
      <publication/>
      <year>1946</year>
      <other>т. 16, с. $587-602 ;$</other>
    </unit>
    <unit>
      <author>Белинский В. А.</author>
      <author>Лифшиц Е. М.</author>
      <author>Халатников И. М.</author>
      <title>“успехи физ. наук»</title>
      <publication/>
      <year>1970</year>
      <other>т. 102, с. $463-500 ;$</other>
    </unit>
    <unit>
      <author>Брагинский В. Б.</author>
      <title>там же</title>
      <publication/>
      <year>1965</year>
      <other>т. 86, с. $433-46$. А. Рузмайкин.</other>
    </unit>
  </literature>
  <formulas_main/>
  <formulas_aux/>
  <relations n="7">
    <relation uri="http://libmeta.ru/me/relation/1069_1_ChESKIE">
      <rel_text>подобно</rel_text>
      <target>http://libmeta.ru/me/article/360_PoDoBI</target>
    </relation>
    <relation uri="http://libmeta.ru/me/relation/1069_2_ChESKIE">
      <rel_text>пространстве</rel_text>
      <target>http://libmeta.ru/me/article/748_PROSTRANSTV</target>
    </relation>
    <relation uri="http://libmeta.ru/me/relation/1069_3_ChESKIE">
      <rel_text>поле</rel_text>
      <target>http://libmeta.ru/me/article/390_POL</target>
    </relation>
    <relation uri="http://libmeta.ru/me/relation/1069_4_ChESKIE">
      <rel_text>уравнению</rel_text>
      <target>http://libmeta.ru/me/article/106_URAVNENI</target>
    </relation>
    <relation uri="http://libmeta.ru/me/relation/1069_5_ChESKIE">
      <rel_text>кривизны</rel_text>
      <target>http://libmeta.ru/me/article/91_KRIVIZN</target>
    </relation>
    <relation uri="http://libmeta.ru/me/relation/1069_6_ChESKIE">
      <rel_text>инварианта</rel_text>
      <target>http://libmeta.ru/me/article/544_INVARIAN</target>
    </relation>
    <relation uri="http://libmeta.ru/me/relation/1069_7_ChESKIE">
      <rel_text>поле</rel_text>
      <target>http://libmeta.ru/me/article/390_POL</target>
    </relation>
  </relations>
  <text>задачи, возникающие при изучении астрофизич. явлений, в к-рых сугественны релятивистские эффекты, т. е. эффекты специальной или общей теории относительности.

Принято разделять Р. а. м. з. на задачи, относяпиеся к космологии - науке о строении и әволюции Вселенной, и задачи релятивистской астрофизики отдельных небесных тел. Примером космологич. решения, описывающего расширение (или сжатие) однородной и изотропной Вселенной, является решение А. А. Фридмана. Однородные анизотропные космологич. решения классифицированы (выделено 9 типов по Бианки) и хорошо изучены. Детально изучены анизотропные и не- однородные решения, представляющие собой малые отклонения от решения Фридмана (линейное приближение), п построены некоторые простые нелинейные рөшения.

Особое место занимает проблема, связанная с наличием особой точки в общем космологич. решении, в к-рой достигается бесконечная плотность вещества и бесконечная кривизна пространства-времени. Показано, что сингуля рность неизбежна в прошлом в условиях, имеющих место в реальной Вселенной, и построено общее решение уравнений общей теории относительности с сингулярностью. Активно исследуется возможность построения космологич. решений без сингулярности, связанная с выходом за рамки классической общей теории относительности.

Большой класс Р. а. м. з. связан с изучением взаимодействия реликтового излучения, заполняющего пространство, с веществом в ходе расширения Вселенной и физич. процессов, способных породить такое излучение.

Р. а. м. з. для отдельных небесных тел касаются равновесия и устойчивости звезд и звездных скоплений. Найдены равновесные массы белых карликов и нейтронных звезд и изучен релятивистский коллапс более массивных звезд, превращающихся в т. н. «черные дыры» - объекты, к-рые можно обнаружить лишь по проявлению их гравитационного поля. В связи с задачей поиска и изучения релятивистских объектов (нейтронных звезд, &quot;черных дыр»и др.) рассматривается задача об аккреции на них вещества с магнитным полем.

К Р. а. м. з. относится также исследование гравитационного излучения. В слабом гравитационном URI[[http://libmeta.ru/me/relation/1069_7_ChESKIE]]/URI в пустоте возмущения, напр. URI[[http://libmeta.ru/me/relation/1069_6_ChESKIE]]/URI URI[[http://libmeta.ru/me/relation/1069_5_ChESKIE]]/URI, подчиняются волновому URI[[http://libmeta.ru/me/relation/1069_4_ChESKIE]]/URI, и URI[[http://libmeta.ru/me/relation/1069_3_ChESKIE]]/URI тяготения распространяется в URI[[http://libmeta.ru/me/relation/1069_2_ChESKIE]]/URI URI[[http://libmeta.ru/me/relation/1069_1_ChESKIE]]/URI электромагнитным волнам.</text>
  <text_orig>задачи, возникающие при изучении астрофизич. явлений, в к-рых сугественны релятивистские эффекты, т. е. эффекты специальной или общей теории относительности.

Принято разделять Р. а. м. з. на задачи, относяпиеся к космологии - науке о строении и әволюции Вселенной, и задачи релятивистской астрофизики отдельных небесных тел. Примером космологич. решения, описывающего расширение (или сжатие) однородной и изотропной Вселенной, является решение А. А. Фридмана. Однородные анизотропные космологич. решения классифицированы (выделено 9 типов по Бианки) и хорошо изучены. Детально изучены анизотропные и не- однородные решения, представляющие собой малые отклонения от решения Фридмана (линейное приближение), п построены некоторые простые нелинейные рөшения.

Особое место занимает проблема, связанная с наличием особой точки в общем космологич. решении, в к-рой достигается бесконечная плотность вещества и бесконечная кривизна пространства-времени. Показано, что сингуля рность неизбежна в прошлом в условиях, имеющих место в реальной Вселенной, и построено общее решение уравнений общей теории относительности с сингулярностью. Активно исследуется возможность построения космологич. решений без сингулярности, связанная с выходом за рамки классической общей теории относительности.

Большой класс Р. а. м. з. связан с изучением взаимодействия реликтового излучения, заполняющего пространство, с веществом в ходе расширения Вселенной и физич. процессов, способных породить такое излучение.

Р. а. м. з. для отдельных небесных тел касаются равновесия и устойчивости звезд и звездных скоплений. Найдены равновесные массы белых карликов и нейтронных звезд и изучен релятивистский коллапс более массивных звезд, превращающихся в т. н. «черные дыры» - объекты, к-рые можно обнаружить лишь по проявлению их гравитационного поля. В связи с задачей поиска и изучения релятивистских объектов (нейтронных звезд, &quot;черных дыр»и др.) рассматривается задача об аккреции на них вещества с магнитным полем.

К Р. а. м. з. относится также исследование гравитационного излучения. В слабом гравитационном поле в пустоте возмущения, напр. инварианта кривизны, подчиняются волновому уравнению, и поле тяготения распространяется в пространстве подобно электромагнитным волнам.

Лum.: [1] 3 е л ь д о в ич Я. Б., Н о в и к о в И. Д., Релятивистская астрофизика, М., 1967; [2] и х ж е, Теория тяготения и әволюция звезд, М., $1971 ;$ [3] и х ж е, Строение и әволю-
ция Вселенной, М., $1975 ;[4] \Pi$ и б л с П., Физическая космология, пер. с англ., М., 1975; [5] М и з н е р Ч., Т о р н К., У игия, пер. с англ., М., $1975 ;$ [5] м и 3 н е р Ч., Т о р н К., У и-
л е р Д ж., Гравитация, т. $2-3$, пер. с англ., М., $1977 ;[6]$ Л и ф ш и ц Е. М., “Ж.' әкспериментальной и теоретич. физи ки», 1946 , т. 16 , с. $587-602 ;$ [7] Б е л и н с к и й В. А., Л и фшиц Е. М., Х а л а т н ик о в И. М., “Успехи физ. наук», 1970 , т. 102 , с. $463-500 ;$ [8] Б р а г и н с к и й В. Б., там же,
1965 , т. 86 , с. $433-46$. А. Рузмайкин.</text_orig>
</article>
