<?xml version="1.0" ?>
<article uri="http://libmeta.ru/me/article/106_KRITIChESKAJa" alphabetic_pos="106">
  <title>КРИТИЧЕСКАЯ ТОЧКА</title>
  <authors/>
  <pages>
    <start>57</start>
    <end>58</end>
  </pages>
  <literature>
    <literature_orig/>
  </literature>
  <formulas_main>
    <formula uri="http://libmeta.ru/me/formula/main/106_1_KRITIChESKAJa">\lim _{z \rightarrow a} \frac{f(z)-f(a)}{(z-a)^{m}}=0, \lim _{z \rightarrow a} \frac{f(z)-f(a)}{(z-a)^{m+1}} \neq 0 .</formula>
    <formula uri="http://libmeta.ru/me/formula/main/106_2_KRITIChESKAJa">M=\left\{z \in V ; f_{1}(z)=f_{2}(z)=\ldots=f_{m}(z)=0\right\}</formula>
    <formula uri="http://libmeta.ru/me/formula/main/106_3_KRITIChESKAJa">y_{i}=x_{i}, \quad i \leqslant k ; \quad y_{k+1}=\ldots=y_{l}=0 .</formula>
  </formulas_main>
  <formulas_aux>
    <formula uri="http://libmeta.ru/me/formula/aux/106_1_KRITIChESKAJa">m-</formula>
    <formula uri="http://libmeta.ru/me/formula/aux/106_2_KRITIChESKAJa">\boldsymbol{a}</formula>
    <formula uri="http://libmeta.ru/me/formula/aux/106_3_KRITIChESKAJa">f(z)</formula>
    <formula uri="http://libmeta.ru/me/formula/aux/106_4_KRITIChESKAJa">f^{\prime}(z)</formula>
    <formula uri="http://libmeta.ru/me/formula/aux/106_5_KRITIChESKAJa">m</formula>
    <formula uri="http://libmeta.ru/me/formula/aux/106_6_KRITIChESKAJa">m</formula>
    <formula uri="http://libmeta.ru/me/formula/aux/106_7_KRITIChESKAJa">\boldsymbol{a}=\infty</formula>
    <formula uri="http://libmeta.ru/me/formula/aux/106_8_KRITIChESKAJa">m</formula>
    <formula uri="http://libmeta.ru/me/formula/aux/106_9_KRITIChESKAJa">f(z)</formula>
    <formula uri="http://libmeta.ru/me/formula/aux/106_10_KRITIChESKAJa">\lim _{z \rightarrow \infty}[f(z)-f(\infty)] z^{m}=0, \quad \lim _{z \rightarrow \infty}[f(z)-f(\infty)] z^{m+1} \neq 0</formula>
    <formula uri="http://libmeta.ru/me/formula/aux/106_11_KRITIChESKAJa">w=f(z)</formula>
    <formula uri="http://libmeta.ru/me/formula/aux/106_12_KRITIChESKAJa">m</formula>
    <formula uri="http://libmeta.ru/me/formula/aux/106_13_KRITIChESKAJa">m+1</formula>
    <formula uri="http://libmeta.ru/me/formula/aux/106_14_KRITIChESKAJa">f(z)</formula>
    <formula uri="http://libmeta.ru/me/formula/aux/106_15_KRITIChESKAJa">m+1</formula>
    <formula uri="http://libmeta.ru/me/formula/aux/106_16_KRITIChESKAJa">z=\psi(w)</formula>
    <formula uri="http://libmeta.ru/me/formula/aux/106_17_KRITIChESKAJa">f[\psi(w)] \equiv w</formula>
    <formula uri="http://libmeta.ru/me/formula/aux/106_18_KRITIChESKAJa">\boldsymbol{a}</formula>
    <formula uri="http://libmeta.ru/me/formula/aux/106_19_KRITIChESKAJa">m+1</formula>
    <formula uri="http://libmeta.ru/me/formula/aux/106_20_KRITIChESKAJa">a</formula>
    <formula uri="http://libmeta.ru/me/formula/aux/106_21_KRITIChESKAJa">v</formula>
    <formula uri="http://libmeta.ru/me/formula/aux/106_22_KRITIChESKAJa">a</formula>
    <formula uri="http://libmeta.ru/me/formula/aux/106_23_KRITIChESKAJa">\mathbb{c}^{n}</formula>
    <formula uri="http://libmeta.ru/me/formula/aux/106_24_KRITIChESKAJa">f_{1}(z)=f_{2}(z)=\ldots .=f_{m}(z)=0</formula>
    <formula uri="http://libmeta.ru/me/formula/aux/106_25_KRITIChESKAJa">f_{1}, f_{2}, \ldots, f_{m}-</formula>
    <formula uri="http://libmeta.ru/me/formula/aux/106_26_KRITIChESKAJa">v</formula>
    <formula uri="http://libmeta.ru/me/formula/aux/106_27_KRITIChESKAJa">n</formula>
    <formula uri="http://libmeta.ru/me/formula/aux/106_28_KRITIChESKAJa">z=\left(z_{1}, z_{2}, \ldots, z_{n}\right)</formula>
    <formula uri="http://libmeta.ru/me/formula/aux/106_29_KRITIChESKAJa">\left\|\partial f_{j} / \partial z_{k}\right\|, j=1, \ldots ., m</formula>
    <formula uri="http://libmeta.ru/me/formula/aux/106_30_KRITIChESKAJa">m</formula>
    <formula uri="http://libmeta.ru/me/formula/aux/106_31_KRITIChESKAJa">n-m-1</formula>
    <formula uri="http://libmeta.ru/me/formula/aux/106_32_KRITIChESKAJa">m=1</formula>
    <formula uri="http://libmeta.ru/me/formula/aux/106_33_KRITIChESKAJa">m=\left\{f_{1}(z)=0\right\}</formula>
    <formula uri="http://libmeta.ru/me/formula/aux/106_34_KRITIChESKAJa">m</formula>
    <formula uri="http://libmeta.ru/me/formula/aux/106_35_KRITIChESKAJa">n-1</formula>
    <formula uri="http://libmeta.ru/me/formula/aux/106_36_KRITIChESKAJa">n-2</formula>
    <formula uri="http://libmeta.ru/me/formula/aux/106_37_KRITIChESKAJa">f k-\mathrm{м}</formula>
    <formula uri="http://libmeta.ru/me/formula/aux/106_38_KRITIChESKAJa">m</formula>
    <formula uri="http://libmeta.ru/me/formula/aux/106_39_KRITIChESKAJa">l</formula>
    <formula uri="http://libmeta.ru/me/formula/aux/106_40_KRITIChESKAJa">n</formula>
    <formula uri="http://libmeta.ru/me/formula/aux/106_41_KRITIChESKAJa">x_{0} \in M</formula>
    <formula uri="http://libmeta.ru/me/formula/aux/106_42_KRITIChESKAJa">\mathrm{rk}_{x_{0}} f</formula>
    <formula uri="http://libmeta.ru/me/formula/aux/106_43_KRITIChESKAJa">f</formula>
    <formula uri="http://libmeta.ru/me/formula/aux/106_44_KRITIChESKAJa">d f\left(T_{x_{0}} \boldsymbol{M}\right)</formula>
    <formula uri="http://libmeta.ru/me/formula/aux/106_45_KRITIChESKAJa">\boldsymbol{m}</formula>
    <formula uri="http://libmeta.ru/me/formula/aux/106_46_KRITIChESKAJa">\left.d f: T_{x_{0}} M \rightarrow T_{f\left(x_{0}\right)} N\right)</formula>
    <formula uri="http://libmeta.ru/me/formula/aux/106_47_KRITIChESKAJa">l</formula>
    <formula uri="http://libmeta.ru/me/formula/aux/106_48_KRITIChESKAJa">f\left(x_{0}\right)</formula>
    <formula uri="http://libmeta.ru/me/formula/aux/106_49_KRITIChESKAJa">x_{0}-</formula>
    <formula uri="http://libmeta.ru/me/formula/aux/106_50_KRITIChESKAJa">y \in N</formula>
    <formula uri="http://libmeta.ru/me/formula/aux/106_51_KRITIChESKAJa">f(\boldsymbol{m})</formula>
    <formula uri="http://libmeta.ru/me/formula/aux/106_52_KRITIChESKAJa">m</formula>
    <formula uri="http://libmeta.ru/me/formula/aux/106_53_KRITIChESKAJa">f</formula>
    <formula uri="http://libmeta.ru/me/formula/aux/106_54_KRITIChESKAJa">c^{m}, m&gt;\min (k-l, 0)</formula>
    <formula uri="http://libmeta.ru/me/formula/aux/106_55_KRITIChESKAJa">n</formula>
    <formula uri="http://libmeta.ru/me/formula/aux/106_56_KRITIChESKAJa">l</formula>
    <formula uri="http://libmeta.ru/me/formula/aux/106_57_KRITIChESKAJa">m</formula>
    <formula uri="http://libmeta.ru/me/formula/aux/106_58_KRITIChESKAJa">m=\infty</formula>
    <formula uri="http://libmeta.ru/me/formula/aux/106_59_KRITIChESKAJa">\mathbb{r}^{n}</formula>
    <formula uri="http://libmeta.ru/me/formula/aux/106_60_KRITIChESKAJa">k&lt;l</formula>
    <formula uri="http://libmeta.ru/me/formula/aux/106_61_KRITIChESKAJa">x_{0} \in M</formula>
    <formula uri="http://libmeta.ru/me/formula/aux/106_62_KRITIChESKAJa">x_{0}</formula>
    <formula uri="http://libmeta.ru/me/formula/aux/106_63_KRITIChESKAJa">\mathbf{r} \mathbf{k}_{x_{0}} f=k</formula>
    <formula uri="http://libmeta.ru/me/formula/aux/106_64_KRITIChESKAJa">\mathbf{r} \mathbf{k}_{x_{0}} f&lt;k</formula>
    <formula uri="http://libmeta.ru/me/formula/aux/106_65_KRITIChESKAJa">x_{0}</formula>
    <formula uri="http://libmeta.ru/me/formula/aux/106_66_KRITIChESKAJa">f</formula>
    <formula uri="http://libmeta.ru/me/formula/aux/106_67_KRITIChESKAJa">\mathbb{r}^{\boldsymbol{k}}</formula>
    <formula uri="http://libmeta.ru/me/formula/aux/106_68_KRITIChESKAJa">\mathbb{r}^{l}</formula>
    <formula uri="http://libmeta.ru/me/formula/aux/106_69_KRITIChESKAJa">x_{1}, \ldots, x_{k}</formula>
    <formula uri="http://libmeta.ru/me/formula/aux/106_70_KRITIChESKAJa">x_{0}</formula>
    <formula uri="http://libmeta.ru/me/formula/aux/106_71_KRITIChESKAJa">m</formula>
    <formula uri="http://libmeta.ru/me/formula/aux/106_72_KRITIChESKAJa">y_{1}, \ldots, y_{l}</formula>
    <formula uri="http://libmeta.ru/me/formula/aux/106_73_KRITIChESKAJa">f\left(x_{0}\right)</formula>
    <formula uri="http://libmeta.ru/me/formula/aux/106_74_KRITIChESKAJa">n</formula>
    <formula uri="http://libmeta.ru/me/formula/aux/106_75_KRITIChESKAJa">f</formula>
    <formula uri="http://libmeta.ru/me/formula/aux/106_76_KRITIChESKAJa">x_{0}</formula>
    <formula uri="http://libmeta.ru/me/formula/aux/106_77_KRITIChESKAJa">x_{0}</formula>
    <formula uri="http://libmeta.ru/me/formula/aux/106_78_KRITIChESKAJa">\mathbf{r k}_{x_{0}} f&lt;\min (k, l)</formula>
    <formula uri="http://libmeta.ru/me/formula/aux/106_79_KRITIChESKAJa">c^{m}</formula>
    <formula uri="http://libmeta.ru/me/formula/aux/106_80_KRITIChESKAJa">m</formula>
    <formula uri="http://libmeta.ru/me/formula/aux/106_81_KRITIChESKAJa">m \rightarrow \mathbb{R}</formula>
    <formula uri="http://libmeta.ru/me/formula/aux/106_82_KRITIChESKAJa">[6],[7]</formula>
    <formula uri="http://libmeta.ru/me/formula/aux/106_83_KRITIChESKAJa">514-17 ;</formula>
    <formula uri="http://libmeta.ru/me/formula/aux/106_84_KRITIChESKAJa">]</formula>
    <formula uri="http://libmeta.ru/me/formula/aux/106_85_KRITIChESKAJa">\gamma</formula>
  </formulas_aux>
  <relations n="26">
    <relation uri="http://libmeta.ru/me/relation/106_1_KRITIChESKAJa">
      <rel_text>отображения</rel_text>
      <target>http://libmeta.ru/me/article/128_OTOBRAZhENI</target>
    </relation>
    <relation uri="http://libmeta.ru/me/relation/106_2_KRITIChESKAJa">
      <rel_text>Дифференциальная</rel_text>
      <target>http://libmeta.ru/me/article/302_DIFFERENTsIROVANI</target>
    </relation>
    <relation uri="http://libmeta.ru/me/relation/106_3_KRITIChESKAJa">
      <rel_text>дифференциальнои</rel_text>
      <target>http://libmeta.ru/me/article/302_DIFFERENTsIROVANI</target>
    </relation>
    <relation uri="http://libmeta.ru/me/relation/106_4_KRITIChESKAJa">
      <rel_text>геометрии</rel_text>
      <target>http://libmeta.ru/me/article/1012_GEOMETRI</target>
    </relation>
    <relation uri="http://libmeta.ru/me/relation/106_5_KRITIChESKAJa">
      <rel_text>геометрии</rel_text>
      <target>http://libmeta.ru/me/article/1012_GEOMETRI</target>
    </relation>
    <relation uri="http://libmeta.ru/me/relation/106_6_KRITIChESKAJa">
      <rel_text>дифференциаль-</rel_text>
      <target>http://libmeta.ru/me/article/252_DIFFEOMORFTsZ</target>
    </relation>
    <relation uri="http://libmeta.ru/me/relation/106_7_KRITIChESKAJa">
      <rel_text>функций</rel_text>
      <target>http://libmeta.ru/me/article/790_FUNKTO</target>
    </relation>
    <relation uri="http://libmeta.ru/me/relation/106_8_KRITIChESKAJa">
      <rel_text>форма</rel_text>
      <target>http://libmeta.ru/me/article/728_FORM</target>
    </relation>
    <relation uri="http://libmeta.ru/me/relation/106_9_KRITIChESKAJa">
      <rel_text>квадратичная</rel_text>
      <target>http://libmeta.ru/me/article/812_KVADRATRIS</target>
    </relation>
    <relation uri="http://libmeta.ru/me/relation/106_10_KRITIChESKAJa">
      <rel_text>гессиан</rel_text>
      <target>http://libmeta.ru/me/article/1020_GESSIA</target>
    </relation>
    <relation uri="http://libmeta.ru/me/relation/106_11_KRITIChESKAJa">
      <rel_text>функции</rel_text>
      <target>http://libmeta.ru/me/article/790_FUNKTO</target>
    </relation>
    <relation uri="http://libmeta.ru/me/relation/106_12_KRITIChESKAJa">
      <rel_text>отображения</rel_text>
      <target>http://libmeta.ru/me/article/128_OTOBRAZhENI</target>
    </relation>
    <relation uri="http://libmeta.ru/me/relation/106_13_KRITIChESKAJa">
      <rel_text>отображения</rel_text>
      <target>http://libmeta.ru/me/article/128_OTOBRAZhENI</target>
    </relation>
    <relation uri="http://libmeta.ru/me/relation/106_14_KRITIChESKAJa">
      <rel_text>отображения</rel_text>
      <target>http://libmeta.ru/me/article/128_OTOBRAZhENI</target>
    </relation>
    <relation uri="http://libmeta.ru/me/relation/106_15_KRITIChESKAJa">
      <rel_text>параметров</rel_text>
      <target>http://libmeta.ru/me/article/165_PARABOLOI</target>
    </relation>
    <relation uri="http://libmeta.ru/me/relation/106_16_KRITIChESKAJa">
      <rel_text>отображений</rel_text>
      <target>http://libmeta.ru/me/article/128_OTOBRAZhENI</target>
    </relation>
    <relation uri="http://libmeta.ru/me/relation/106_17_KRITIChESKAJa">
      <rel_text>отображений</rel_text>
      <target>http://libmeta.ru/me/article/128_OTOBRAZhENI</target>
    </relation>
    <relation uri="http://libmeta.ru/me/relation/106_18_KRITIChESKAJa">
      <rel_text>произвольные</rel_text>
      <target>http://libmeta.ru/me/article/1045_PROIZVODNA</target>
    </relation>
    <relation uri="http://libmeta.ru/me/relation/106_19_KRITIChESKAJa">
      <rel_text>отображений</rel_text>
      <target>http://libmeta.ru/me/article/128_OTOBRAZhENI</target>
    </relation>
    <relation uri="http://libmeta.ru/me/relation/106_20_KRITIChESKAJa">
      <rel_text>особенностей дифференцируемых</rel_text>
      <target>http://libmeta.ru/me/article/289_DIFFERENTsIAL'NOE</target>
    </relation>
    <relation uri="http://libmeta.ru/me/relation/106_21_KRITIChESKAJa">
      <rel_text>теории</rel_text>
      <target>http://libmeta.ru/me/article/381_TEORI</target>
    </relation>
    <relation uri="http://libmeta.ru/me/relation/106_22_KRITIChESKAJa">
      <rel_text>отображений</rel_text>
      <target>http://libmeta.ru/me/article/128_OTOBRAZhENI</target>
    </relation>
    <relation uri="http://libmeta.ru/me/relation/106_23_KRITIChESKAJa">
      <rel_text>модифицируют</rel_text>
      <target>http://libmeta.ru/me/article/743_MODIFIKATsI</target>
    </relation>
    <relation uri="http://libmeta.ru/me/relation/106_24_KRITIChESKAJa">
      <rel_text>многообразием</rel_text>
      <target>http://libmeta.ru/me/article/438_MNOGOOBRAZI</target>
    </relation>
    <relation uri="http://libmeta.ru/me/relation/106_25_KRITIChESKAJa">
      <rel_text>представляется</rel_text>
      <target>http://libmeta.ru/me/article/3_PREDSTAVLENI</target>
    </relation>
    <relation uri="http://libmeta.ru/me/relation/106_26_KRITIChESKAJa">
      <rel_text>координатах</rel_text>
      <target>http://libmeta.ru/me/article/1_KOORDiNAT</target>
    </relation>
  </relations>
  <text>1) К. т. порядка $URI[[http://libmeta.ru/me/formula/aux/106_1_KRITIChESKAJa]]/URI$ такая точка $URI[[http://libmeta.ru/me/formula/aux/106_2_KRITIChESKAJa]]/URI$ комплексной плоскости, в к-рой аналитич. функция $URI[[http://libmeta.ru/me/formula/aux/106_3_KRITIChESKAJa]]/URI$ регулярна, а ее производная $URI[[http://libmeta.ru/me/formula/aux/106_4_KRITIChESKAJa]]/URI$ имеет нуль порядка $URI[[http://libmeta.ru/me/formula/aux/106_5_KRITIChESKAJa]]/URI$, где $URI[[http://libmeta.ru/me/formula/aux/106_6_KRITIChESKAJa]]/URI$ - натуральное число. Иными словами, К. т. определяется условиями:

\[
URI[[http://libmeta.ru/me/formula/main/106_1_KRITIChESKAJa]]/URI
\]

Бесконечно удаленная К. т. $URI[[http://libmeta.ru/me/formula/aux/106_7_KRITIChESKAJa]]/URI$ порядка $URI[[http://libmeta.ru/me/formula/aux/106_8_KRITIChESKAJa]]/URI$ для функции $URI[[http://libmeta.ru/me/formula/aux/106_9_KRITIChESKAJa]]/URI$, регулярной в бесконечности, определяется условиями:

$URI[[http://libmeta.ru/me/formula/aux/106_10_KRITIChESKAJa]]/URI$.

При аналитическом отображении $URI[[http://libmeta.ru/me/formula/aux/106_11_KRITIChESKAJa]]/URI$ угол между двумя кривыми, выходяшими из К. т. порядка $URI[[http://libmeta.ru/me/formula/aux/106_12_KRITIChESKAJa]]/URI$, увеличивается в $URI[[http://libmeta.ru/me/formula/aux/106_13_KRITIChESKAJa]]/URI$ раз. Если функция $URI[[http://libmeta.ru/me/formula/aux/106_14_KRITIChESKAJa]]/URI$ рассматрівается как комплексный потенциал нек-рого плоского течения несжимаемой жидкости, то К. т. характерна тем, что через нее проходит не одна, а $URI[[http://libmeta.ru/me/formula/aux/106_15_KRITIChESKAJa]]/URI$ линий тока, причем скорость течения в К. т. обрацается в нуль. Для обратной функции $URI[[http://libmeta.ru/me/formula/aux/106_16_KRITIChESKAJa]]/URI$ такой, что $URI[[http://libmeta.ru/me/formula/aux/106_17_KRITIChESKAJa]]/URI$, К. т. $URI[[http://libmeta.ru/me/formula/aux/106_18_KRITIChESKAJa]]/URI$ является алгебраич. точкой ветвления порядка $URI[[http://libmeta.ru/me/formula/aux/106_19_KRITIChESKAJa]]/URI$.

2.) Точка $URI[[http://libmeta.ru/me/formula/aux/106_20_KRITIChESKAJa]]/URI$ комплексного (n-m)-мерного неприводимого аналитического множества

\[
URI[[http://libmeta.ru/me/formula/main/106_2_KRITIChESKAJa]]/URI
\]

заданного в окрестности $URI[[http://libmeta.ru/me/formula/aux/106_21_KRITIChESKAJa]]/URI$ точки $URI[[http://libmeta.ru/me/formula/aux/106_22_KRITIChESKAJa]]/URI$ комплексного пространства $URI[[http://libmeta.ru/me/formula/aux/106_23_KRITIChESKAJa]]/URI$ условиями $URI[[http://libmeta.ru/me/formula/aux/106_24_KRITIChESKAJa]]/URI$, где $URI[[http://libmeta.ru/me/formula/aux/106_25_KRITIChESKAJa]]/URI$ голоморфные на $URI[[http://libmeta.ru/me/formula/aux/106_26_KRITIChESKAJa]]/URI$ функции $URI[[http://libmeta.ru/me/formula/aux/106_27_KRITIChESKAJa]]/URI$ комплексных переменных, $URI[[http://libmeta.ru/me/formula/aux/106_28_KRITIChESKAJa]]/URI$, наз. К. т., если ранг матрицы Якоби $URI[[http://libmeta.ru/me/formula/aux/106_29_KRITIChESKAJa]]/URI$;

![](https://cdn.mathpix.com/cropped/2023_07_08_5175c2d28b99324cac9fg-1.jpg?height=35&amp;width=824&amp;top_left_y=2183&amp;top_left_x=987)
п р а в и ль н ы м и. К. т. на $URI[[http://libmeta.ru/me/formula/aux/106_30_KRITIChESKAJa]]/URI$ сравнительно малоони образуют аналитическое множество комплексной размерности не выше $URI[[http://libmeta.ru/me/formula/aux/106_31_KRITIChESKAJa]]/URI$. В частності, шрі $URI[[http://libmeta.ru/me/formula/aux/106_32_KRITIChESKAJa]]/URI$, т. е. если $URI[[http://libmeta.ru/me/formula/aux/106_33_KRITIChESKAJa]]/URI$ и размерность $URI[[http://libmeta.ru/me/formula/aux/106_34_KRITIChESKAJa]]/URI$ равна $URI[[http://libmeta.ru/me/formula/aux/106_35_KRITIChESKAJa]]/URI$, размерность множества К. т. не выше $URI[[http://libmeta.ru/me/formula/aux/106_36_KRITIChESKAJa]]/URI$.

![](https://cdn.mathpix.com/cropped/2023_07_08_fdc13624fff8f1db30bbg-1.jpg?height=48&amp;width=799&amp;top_left_y=244&amp;top_left_x=156)
комплексный анализ, 2 изд., М., 1976. Е. Д. Соломенцев.

3) К. т. г л а д кого (т. е. непрерывно дифференцируемого) о тоб а ж ени я $URI[[http://libmeta.ru/me/formula/aux/106_37_KRITIChESKAJa]]/URI$ е р но го диффере нци руемого много口б р а зия $URI[[http://libmeta.ru/me/formula/aux/106_38_KRITIChESKAJa]]/URI$ в $URI[[http://libmeta.ru/me/formula/aux/106_39_KRITIChESKAJa]]/URI$-мерное ди фф еренци руемое много об разие $URI[[http://libmeta.ru/me/formula/aux/106_40_KRITIChESKAJa]]/URI$-такая точка $URI[[http://libmeta.ru/me/formula/aux/106_41_KRITIChESKAJa]]/URI$, что ранг $URI[[http://libmeta.ru/me/formula/aux/106_42_KRITIChESKAJa]]/URI$ отображения $URI[[http://libmeta.ru/me/formula/aux/106_43_KRITIChESKAJa]]/URI$ в этой точке (т. е. размерность образа $URI[[http://libmeta.ru/me/formula/aux/106_44_KRITIChESKAJa]]/URI$ касательного пространства к $URI[[http://libmeta.ru/me/formula/aux/106_45_KRITIChESKAJa]]/URI$ под действием дифференциала $URI[[http://libmeta.ru/me/formula/aux/106_46_KRITIChESKAJa]]/URI$ меньше $URI[[http://libmeta.ru/me/formula/aux/106_47_KRITIChESKAJa]]/URI$. Совокупность всех К. т. наз. к р и т ич е с к и м м н о же с т в о м, образ $URI[[http://libmeta.ru/me/formula/aux/106_48_KRITIChESKAJa]]/URI$ К. т. $URI[[http://libmeta.ru/me/formula/aux/106_49_KRITIChESKAJa]]/URI$ к р и т и ч ес к и м зн а ч ен и е м, а точка $URI[[http://libmeta.ru/me/formula/aux/106_50_KRITIChESKAJa]]/URI$, не являюшаяся образом никакой К. т., - ре гу Ј я р ной точкой, или регу ля рным значение м (хотя она может вообще не принадлежать образу $URI[[http://libmeta.ru/me/formula/aux/106_51_KRITIChESKAJa]]/URI$ ); некритические точки из $URI[[http://libmeta.ru/me/formula/aux/106_52_KRITIChESKAJa]]/URI$ тоже наз. регулярными.

Согласно т е о р е м е С a p д а, если $URI[[http://libmeta.ru/me/formula/aux/106_53_KRITIChESKAJa]]/URI$ имеет класс гладкости $URI[[http://libmeta.ru/me/formula/aux/106_54_KRITIChESKAJa]]/URI$, то образ критического множества имеет первую категорию в $URI[[http://libmeta.ru/me/formula/aux/106_55_KRITIChESKAJa]]/URI$ (т. е. является объединением не более чем счетной системы нигде не плотных множеств) и имеет $URI[[http://libmeta.ru/me/formula/aux/106_56_KRITIChESKAJa]]/URI$-мерную меру нуль (см. [1], [2]). Условие на $URI[[http://libmeta.ru/me/formula/aux/106_57_KRITIChESKAJa]]/URI$ не может быть ослаблено [3]. Чаще всего бывает нужен случай $URI[[http://libmeta.ru/me/formula/aux/106_58_KRITIChESKAJa]]/URI$ (при этом доказательство упрощается, см. [4]). Эта теорема широко используется для приведения в общее положение посредством «малых шевелений»; напр., с ее помощью легко доказать, что если в $URI[[http://libmeta.ru/me/formula/aux/106_59_KRITIChESKAJa]]/URI$ имеются два гладких подмногообразия, то сколь угодно малым сдвигом одного из них можно достичь, чтобы их пересечение тоже было подмногообразием (см. [2], [4], а также Трансверсальность отображений).

Согласно приведенному определению, при $URI[[http://libmeta.ru/me/formula/aux/106_60_KRITIChESKAJa]]/URI$ каждую точку $URI[[http://libmeta.ru/me/formula/aux/106_61_KRITIChESKAJa]]/URI$ надо считать критической. Но при этом существенно различаются свойства тех точек $URI[[http://libmeta.ru/me/formula/aux/106_62_KRITIChESKAJa]]/URI$, для к-рых $URI[[http://libmeta.ru/me/formula/aux/106_63_KRITIChESKAJa]]/URI$, и тех, для к-рых $URI[[http://libmeta.ru/me/formula/aux/106_64_KRITIChESKAJa]]/URI$. В первом случае в нек-рой окрестности точки $URI[[http://libmeta.ru/me/formula/aux/106_65_KRITIChESKAJa]]/URI$ отображение $URI[[http://libmeta.ru/me/formula/aux/106_66_KRITIChESKAJa]]/URI$ выглядит приблизительно как стандартное вложение $URI[[http://libmeta.ru/me/formula/aux/106_67_KRITIChESKAJa]]/URI$ в $URI[[http://libmeta.ru/me/formula/aux/106_68_KRITIChESKAJa]]/URI$; точнее, имеются такие локальные координаты $URI[[http://libmeta.ru/me/formula/aux/106_69_KRITIChESKAJa]]/URI$ вблизи $URI[[http://libmeta.ru/me/formula/aux/106_70_KRITIChESKAJa]]/URI$ (на $URI[[http://libmeta.ru/me/formula/aux/106_71_KRITIChESKAJa]]/URI$ ) и $URI[[http://libmeta.ru/me/formula/aux/106_72_KRITIChESKAJa]]/URI$ вблизи $URI[[http://libmeta.ru/me/formula/aux/106_73_KRITIChESKAJa]]/URI$ (на $URI[[http://libmeta.ru/me/formula/aux/106_74_KRITIChESKAJa]]/URI$ ), что в этих URI[[http://libmeta.ru/me/relation/106_26_KRITIChESKAJa]]/URI $URI[[http://libmeta.ru/me/formula/aux/106_75_KRITIChESKAJa]]/URI$ URI[[http://libmeta.ru/me/relation/106_25_KRITIChESKAJa]]/URI в виде

\[
URI[[http://libmeta.ru/me/formula/main/106_3_KRITIChESKAJa]]/URI
\]

Во втором случае образ окрестности точкй $URI[[http://libmeta.ru/me/formula/aux/106_76_KRITIChESKAJa]]/URI$ может не быть URI[[http://libmeta.ru/me/relation/106_24_KRITIChESKAJa]]/URI, а иметь различные особенности - заострения, самопересечения и т. д. Поэтому определение К. т. часто URI[[http://libmeta.ru/me/relation/106_23_KRITIChESKAJa]]/URI, понимая под К. т. те точки $URI[[http://libmeta.ru/me/formula/aux/106_77_KRITIChESKAJa]]/URI$, для которых $URI[[http://libmeta.ru/me/formula/aux/106_78_KRITIChESKAJa]]/URI$; соответственно модифицируется и смысл других приведенных выше терминов [5].

Поведение URI[[http://libmeta.ru/me/relation/106_22_KRITIChESKAJa]]/URI в окрестности К. т. изучается в URI[[http://libmeta.ru/me/relation/106_21_KRITIChESKAJa]]/URI URI[[http://libmeta.ru/me/relation/106_20_KRITIChESKAJa]]/URI URI[[http://libmeta.ru/me/relation/106_19_KRITIChESKAJa]]/URI (см. [5], [6]). При этом рассматриваются не URI[[http://libmeta.ru/me/relation/106_18_KRITIChESKAJa]]/URI К. т. (о к-рых мало что можно сказать), а К. т., удовлетворяющие условиям «не слишком сильной вырожденности» и «типичности». Так, рассматриваются К. т. достаточно гладких URI[[http://libmeta.ru/me/relation/106_17_KRITIChESKAJa]]/URI или семейств URI[[http://libmeta.ru/me/relation/106_16_KRITIChESKAJa]]/URI (достаточно гладко зависящих от конечного числа URI[[http://libmeta.ru/me/relation/106_15_KRITIChESKAJa]]/URI), являющиеся «неустранимыми» в том смысле, что при малом (в смысле $URI[[http://libmeta.ru/me/formula/aux/106_79_KRITIChESKAJa]]/URI$ с подходящим $URI[[http://libmeta.ru/me/formula/aux/106_80_KRITIChESKAJa]]/URI$ ) возмущении исходного URI[[http://libmeta.ru/me/relation/106_14_KRITIChESKAJa]]/URI или семейства у возмущенного URI[[http://libmeta.ru/me/relation/106_13_KRITIChESKAJa]]/URI (семейства) в нек-рой окрестности исходной К. т. имеется К. т. того же типа. Для URI[[http://libmeta.ru/me/relation/106_12_KRITIChESKAJa]]/URI $URI[[http://libmeta.ru/me/formula/aux/106_81_KRITIChESKAJa]]/URI$ (т. е. обычной скалярной URI[[http://libmeta.ru/me/relation/106_11_KRITIChESKAJa]]/URI; в этом случае К. т. часто наз. с т ац и о н а р ны м и т о ч к а м и) типичными в указанном смысле являются так наз. н е в ы р о ж д е н ны е К. т., в к-рых URI[[http://libmeta.ru/me/relation/106_10_KRITIChESKAJa]]/URI - невырожденная URI[[http://libmeta.ru/me/relation/106_9_KRITIChESKAJa]]/URI URI[[http://libmeta.ru/me/relation/106_8_KRITIChESKAJa]]/URI. О типичных К. т. для семейства URI[[http://libmeta.ru/me/relation/106_7_KRITIChESKAJa]]/URI см. $URI[[http://libmeta.ru/me/formula/aux/106_82_KRITIChESKAJa]]/URI$.

Jium.: [1] S a r d A., &quot;bull. Amer. Math. Soc.», 1942, v. 48, р. 883-90; [2] С т е р н б е p г С., Јкекции по URI[[http://libmeta.ru/me/relation/106_6_KRITIChESKAJa]]/URI
ной URI[[http://libmeta.ru/me/relation/106_5_KRITIChESKAJa]]/URI, пер. с англ., М., 1970; L3] W h i t e у H., ной URI[[http://libmeta.ru/me/relation/106_4_KRITIChESKAJa]]/URI, пер. с англ., М., 1970; L3] W h i t n e у Н.,
&quot;duke Math. J.», 1935, v. 1, № 4, p. $URI[[http://libmeta.ru/me/formula/aux/106_83_KRITIChESKAJa]]/URI$ [ 4$URI[[http://libmeta.ru/me/formula/aux/106_84_KRITIChESKAJa]]/URI$ и л н о p Д ж., Топология с URI[[http://libmeta.ru/me/relation/106_3_KRITIChESKAJa]]/URI точки зрения, в кн.: Ми лн о р Д ж., у о л л е с А., URI[[http://libmeta.ru/me/relation/106_2_KRITIChESKAJa]]/URI топология. Начальный курс, пер. с англ., М., 1972; [5] Г о л у б и ц к и й М.,
$URI[[http://libmeta.ru/me/formula/aux/106_85_KRITIChESKAJa]]/URI$ и й е м и н В., Устойчивые URI[[http://libmeta.ru/me/relation/106_1_KRITIChESKAJa]]/URI и их особенности,

![](https://cdn.mathpix.com/cropped/2023_07_08_fdc13624fff8f1db30bbg-1.jpg?height=47&amp;width=824&amp;top_left_y=407&amp;top_left_x=987)
ференцируемые ростки и катастрофы, пер. с англ., М., 1977;
[7] А р н о ь д В. И., «функцион. анализ и его прилож.»,

![](https://cdn.mathpix.com/cropped/2023_07_08_fdc13624fff8f1db30bbg-1.jpg?height=45&amp;width=824&amp;top_left_y=466&amp;top_left_x=985)</text>
  <text_orig>1) К. т. порядка $m-$ такая точка $\boldsymbol{a}$ комплексной плоскости, в к-рой аналитич. функция $f(z)$ регулярна, а ее производная $f^{\prime}(z)$ имеет нуль порядка $m$, где $m$ - натуральное число. Иными словами, К. т. определяется условиями:

\[
\lim _{z \rightarrow a} \frac{f(z)-f(a)}{(z-a)^{m}}=0, \lim _{z \rightarrow a} \frac{f(z)-f(a)}{(z-a)^{m+1}} \neq 0 .
\]

Бесконечно удаленная К. т. $\boldsymbol{a}=\infty$ порядка $m$ для функции $f(z)$, регулярной в бесконечности, определяется условиями:

$\lim _{z \rightarrow \infty}[f(z)-f(\infty)] z^{m}=0, \quad \lim _{z \rightarrow \infty}[f(z)-f(\infty)] z^{m+1} \neq 0$.

При аналитическом отображении $w=f(z)$ угол между двумя кривыми, выходяшими из К. т. порядка $m$, увеличивается в $m+1$ раз. Если функция $f(z)$ рассматрівается как комплексный потенциал нек-рого плоского течения несжимаемой жидкости, то К. т. характерна тем, что через нее проходит не одна, а $m+1$ линий тока, причем скорость течения в К. т. обрацается в нуль. Для обратной функции $z=\psi(w)$ такой, что $f[\psi(w)] \equiv w$, К. т. $\boldsymbol{a}$ является алгебраич. точкой ветвления порядка $m+1$.

2.) Точка $a$ комплексного (n-m)-мерного неприводимого аналитического множества

\[
M=\left\{z \in V ; f_{1}(z)=f_{2}(z)=\ldots=f_{m}(z)=0\right\}
\]

заданного в окрестности $V$ точки $a$ комплексного пространства $\mathbb{C}^{n}$ условиями $f_{1}(z)=f_{2}(z)=\ldots .=f_{m}(z)=0$, где $f_{1}, f_{2}, \ldots, f_{m}-$ голоморфные на $V$ функции $n$ комплексных переменных, $z=\left(z_{1}, z_{2}, \ldots, z_{n}\right)$, наз. К. т., если ранг матрицы Якоби $\left\|\partial f_{j} / \partial z_{k}\right\|, j=1, \ldots ., m$;

![](https://cdn.mathpix.com/cropped/2023_07_08_5175c2d28b99324cac9fg-1.jpg?height=35&amp;width=824&amp;top_left_y=2183&amp;top_left_x=987)
п р а в и ль н ы м и. К. т. на $M$ сравнительно малоони образуют аналитическое множество комплексной размерности не выше $n-m-1$. В частності, шрі $m=1$, т. е. если $M=\left\{f_{1}(z)=0\right\}$ и размерность $M$ равна $n-1$, размерность множества К. т. не выше $n-2$.

![](https://cdn.mathpix.com/cropped/2023_07_08_fdc13624fff8f1db30bbg-1.jpg?height=48&amp;width=799&amp;top_left_y=244&amp;top_left_x=156)
комплексный анализ, 2 изд., М., 1976. Е. Д. Соломенцев.

3) К. т. г л а д кого (т. е. непрерывно дифференцируемого) о тоб а ж ени я $f k-\mathrm{м}$ е р но го диффере нци руемого много口б р а зия $M$ в $l$-мерное ди фф еренци руемое много об разие $N$-такая точка $x_{0} \in M$, что ранг $\mathrm{Rk}_{x_{0}} f$ отображения $f$ в этой точке (т. е. размерность образа $d f\left(T_{x_{0}} \boldsymbol{M}\right)$ касательного пространства к $\boldsymbol{M}$ под действием дифференциала $\left.d f: T_{x_{0}} M \rightarrow T_{f\left(x_{0}\right)} N\right)$ меньше $l$. Совокупность всех К. т. наз. к р и т ич е с к и м м н о же с т в о м, образ $f\left(x_{0}\right)$ К. т. $x_{0}-$ к р и т и ч ес к и м зн а ч ен и е м, а точка $y \in N$, не являюшаяся образом никакой К. т., - ре гу Ј я р ной точкой, или регу ля рным значение м (хотя она может вообще не принадлежать образу $f(\boldsymbol{M})$ ); некритические точки из $M$ тоже наз. регулярными.

Согласно т е о р е м е С a p д а, если $f$ имеет класс гладкости $C^{m}, m&gt;\min (k-l, 0)$, то образ критического множества имеет первую категорию в $N$ (т. е. является объединением не более чем счетной системы нигде не плотных множеств) и имеет $l$-мерную меру нуль (см. [1], [2]). Условие на $m$ не может быть ослаблено [3]. Чаще всего бывает нужен случай $m=\infty$ (при этом доказательство упрощается, см. [4]). Эта теорема широко используется для приведения в общее положение посредством «малых шевелений»; напр., с ее помощью легко доказать, что если в $\mathbb{R}^{n}$ имеются два гладких подмногообразия, то сколь угодно малым сдвигом одного из них можно достичь, чтобы их пересечение тоже было подмногообразием (см. [2], [4], а также Трансверсальность отображений).

Согласно приведенному определению, при $k&lt;l$ каждую точку $x_{0} \in M$ надо считать критической. Но при этом существенно различаются свойства тех точек $x_{0}$, для к-рых $\mathbf{R} \mathbf{k}_{x_{0}} f=k$, и тех, для к-рых $\mathbf{R} \mathbf{k}_{x_{0}} f&lt;k$. В первом случае в нек-рой окрестности точки $x_{0}$ отображение $f$ выглядит приблизительно как стандартное вложение $\mathbb{R}^{\boldsymbol{k}}$ в $\mathbb{R}^{l}$; точнее, имеются такие локальные координаты $x_{1}, \ldots, x_{k}$ вблизи $x_{0}$ (на $M$ ) и $y_{1}, \ldots, y_{l}$ вблизи $f\left(x_{0}\right)$ (на $N$ ), что в этих координатах $f$ представляется в виде

\[
y_{i}=x_{i}, \quad i \leqslant k ; \quad y_{k+1}=\ldots=y_{l}=0 .
\]

Во втором случае образ окрестности точкй $x_{0}$ может не быть многообразием, а иметь различные особенности - заострения, самопересечения и т. д. Поэтому определение К. т. часто модифицируют, понимая под К. т. те точки $x_{0}$, для которых $\mathbf{R k}_{x_{0}} f&lt;\min (k, l)$; соответственно модифицируется и смысл других приведенных выше терминов [5].

Поведение отображений в окрестности К. т. изучается в теории особенностей дифференцируемых отображений (см. [5], [6]). При этом рассматриваются не произвольные К. т. (о к-рых мало что можно сказать), а К. т., удовлетворяющие условиям «не слишком сильной вырожденности» и «типичности». Так, рассматриваются К. т. достаточно гладких отображений или семейств отображений (достаточно гладко зависящих от конечного числа параметров), являющиеся «неустранимыми» в том смысле, что при малом (в смысле $C^{m}$ с подходящим $m$ ) возмущении исходного отображения или семейства у возмущенного отображения (семейства) в нек-рой окрестности исходной К. т. имеется К. т. того же типа. Для отображения $M \rightarrow \mathbb{R}$ (т. е. обычной скалярной функции; в этом случае К. т. часто наз. с т ац и о н а р ны м и т о ч к а м и) типичными в указанном смысле являются так наз. н е в ы р о ж д е н ны е К. т., в к-рых гессиан - невырожденная квадратичная форма. О типичных К. т. для семейства функций см. $[6],[7]$.

JIum.: [1] S a r d A., &quot;Bull. Amer. Math. Soc.», 1942, v. 48, р. 883-90; [2] С т е р н б е p г С., ЈКекции по дифференциаль-
ной геометрии, пер. с англ., М., 1970; L3] W h i t e у H., ной геометрии, пер. с англ., М., 1970; L3] W h i t n e у Н.,
&quot;Duke Math. J.», 1935, v. 1, № 4, p. $514-17 ;$ [ 4$]$ и л н о p Д ж., Топология с дифференциальнои точки зрения, в кн.: Ми лн о р Д ж., у о л л е с А., Дифференциальная топология. Начальный курс, пер. с англ., М., 1972; [5] Г о л у б и ц к и й М.,
$\Gamma$ и й е м и н В., Устойчивые отображения и их особенности,

![](https://cdn.mathpix.com/cropped/2023_07_08_fdc13624fff8f1db30bbg-1.jpg?height=47&amp;width=824&amp;top_left_y=407&amp;top_left_x=987)
ференцируемые ростки и катастрофы, пер. с англ., М., 1977;
[7] А р н о ь д В. И., «Функцион. анализ и его прилож.»,

![](https://cdn.mathpix.com/cropped/2023_07_08_fdc13624fff8f1db30bbg-1.jpg?height=45&amp;width=824&amp;top_left_y=466&amp;top_left_x=985)</text_orig>
</article>
