<?xml version="1.0" ?>
<article uri="http://libmeta.ru/me/article/1070_EDZhVORTA" alphabetic_pos="1070">
  <title>ЭДЖВОРТА РЯД</title>
  <authors>
    <author>В. М. Бабич</author>
  </authors>
  <pages>
    <start>463</start>
    <end>464</end>
  </pages>
  <literature>
    <literature_orig>Лum.: [1] Б а б и ч В. М., Б у л д ы р е в В. С., Асимптотические методы в задачах дифракции коротких волн, М., 1972 ; [2] У и з е м Д ж. Б., Јинейные и нелинейные волны, пер. сангл., М., 1977.</literature_orig>
    <unit>
      <author>Бабич В. М.</author>
      <author>Булдырев В. С.</author>
      <title>Асимптотические методы в задачах дифракции коротких волн</title>
      <publication>М.</publication>
      <year>1972</year>
      <other/>
    </unit>
    <unit>
      <author>Уизем Дж. Б.</author>
      <title>Јинейные и нелинейные волны</title>
      <publication>пер. сангл., М.</publication>
      <year>1977</year>
      <other/>
    </unit>
  </literature>
  <formulas_main>
    <formula uri="http://libmeta.ru/me/formula/main/1070_1_EDZhVORTA">f(x)=\varphi(x)+</formula>
    <formula uri="http://libmeta.ru/me/formula/main/1070_2_EDZhVORTA">\frac{s_{n}-E s_{n}}{\sqrt{\bar{D} s_{n}}}</formula>
    <formula uri="http://libmeta.ru/me/formula/main/1070_3_EDZhVORTA">\varphi(x)=\frac{1}{\sqrt{2 \pi}} e^{-x^{2} / 2}</formula>
    <formula uri="http://libmeta.ru/me/formula/main/1070_4_EDZhVORTA">\varphi^{k}(x)=\frac{d^{k} \varphi(x)}{d x^{k}}</formula>
    <formula uri="http://libmeta.ru/me/formula/main/1070_5_EDZhVORTA">\begin{gathered}f(x)=\varphi(x)-\frac{1}{n^{1 / 2}} \frac{1}{3 !} \lambda_{3} \varphi^{(3)}(x)+ \\+\frac{1}{n}\left[\frac{1}{4 !} \lambda_{4} \varphi^{(4)}(x)+\frac{10}{6 !} \lambda_{3}^{2} \varphi^{(6)}(x)\right]- \\-\frac{1}{n^{3 / 2}}\left[\frac{1}{5 !} \lambda_{5} \varphi^{(5)}(x)+\frac{35}{7 !} \lambda_{3} \lambda_{4} \varphi^{(7)}(x)+\right. \\\left.+\frac{280}{9 !} \lambda_{3}^{3} \varphi^{(9)}(x)\right]+\ldots .\end{gathered}</formula>
    <formula uri="http://libmeta.ru/me/formula/main/1070_6_EDZhVORTA">\sum_{i=1}^{m}\left(\frac{\partial \tau}{\partial x^{i}}\right)^{2}=\frac{1}{c^{2}\left(x^{1}, \ldots, x^{m}\right)} .</formula>
    <formula uri="http://libmeta.ru/me/formula/main/1070_7_EDZhVORTA">H\left(x^{\mathrm{I}}, \ldots, x^{m}, \frac{\partial \tau}{\partial x^{1}}, \ldots, \frac{\partial \tau}{\partial x^{m}}\right)=1,</formula>
    <formula uri="http://libmeta.ru/me/formula/main/1070_8_EDZhVORTA">\frac{\partial \theta}{\partial t}+c\left(t, x^{1}, \ldots, x^{m}\right) \sqrt{\sum_{i=1}^{m}\left(\frac{\partial \theta}{\partial x^{i}}\right)^{2}}=0 .</formula>
    <formula uri="http://libmeta.ru/me/formula/main/1070_9_EDZhVORTA">-\frac{\partial \theta}{\partial t}=\omega\left(t, x^{1}, \ldots, x^{m}, \theta_{x^{\prime}}, \ldots, \theta_{x^{m}}\right)</formula>
  </formulas_main>
  <formulas_aux>
    <formula uri="http://libmeta.ru/me/formula/aux/1070_1_EDZhVORTA">+\sum_{k=1}^{\infty}(-1)^{k} \frac{b_{k, k+2} \varphi(k+2)(x)+\cdots+b_{k, 3 k} \varphi^{(3 k)}(x)}{n^{k / 2}} \cdot(*)</formula>
    <formula uri="http://libmeta.ru/me/formula/aux/1070_2_EDZhVORTA">f(x)</formula>
    <formula uri="http://libmeta.ru/me/formula/aux/1070_3_EDZhVORTA">\left(s_{n}=\xi_{1}+\ldots+\xi_{n}, \xi_{1}, \ldots, \xi_{n}-\right.</formula>
    <formula uri="http://libmeta.ru/me/formula/aux/1070_4_EDZhVORTA">b_{k, k+2 l}</formula>
    <formula uri="http://libmeta.ru/me/formula/aux/1070_5_EDZhVORTA">n</formula>
    <formula uri="http://libmeta.ru/me/formula/aux/1070_6_EDZhVORTA">\lambda_{3}, \ldots, \lambda_{k-l+3}</formula>
    <formula uri="http://libmeta.ru/me/formula/aux/1070_7_EDZhVORTA">\lambda_{j}=x_{j} / \sigma^{j}, \sigma^{2}-</formula>
    <formula uri="http://libmeta.ru/me/formula/aux/1070_8_EDZhVORTA">x_{j}</formula>
    <formula uri="http://libmeta.ru/me/formula/aux/1070_9_EDZhVORTA">j</formula>
    <formula uri="http://libmeta.ru/me/formula/aux/1070_10_EDZhVORTA">\xi_{1}</formula>
    <formula uri="http://libmeta.ru/me/formula/aux/1070_11_EDZhVORTA">b_{k, k+2 l}</formula>
    <formula uri="http://libmeta.ru/me/formula/aux/1070_12_EDZhVORTA">(*)</formula>
    <formula uri="http://libmeta.ru/me/formula/aux/1070_13_EDZhVORTA">f(x)</formula>
    <formula uri="http://libmeta.ru/me/formula/aux/1070_14_EDZhVORTA">m</formula>
    <formula uri="http://libmeta.ru/me/formula/aux/1070_15_EDZhVORTA">c</formula>
    <formula uri="http://libmeta.ru/me/formula/aux/1070_16_EDZhVORTA">c</formula>
    <formula uri="http://libmeta.ru/me/formula/aux/1070_17_EDZhVORTA">\tau\left(x^{1}, \ldots, x^{m}\right)=</formula>
    <formula uri="http://libmeta.ru/me/formula/aux/1070_18_EDZhVORTA">h</formula>
    <formula uri="http://libmeta.ru/me/formula/aux/1070_19_EDZhVORTA">\frac{\partial \tau}{\partial x^{1}}, \ldots, \frac{\partial \tau}{\partial x^{m}}</formula>
    <formula uri="http://libmeta.ru/me/formula/aux/1070_20_EDZhVORTA">\omega</formula>
  </formulas_aux>
  <relations n="33">
    <relation uri="http://libmeta.ru/me/relation/1070_1_EDZhVORTA">
      <rel_text>Лучевой метод</rel_text>
      <target>http://libmeta.ru/me/article/493_LUChEVOJ</target>
    </relation>
    <relation uri="http://libmeta.ru/me/relation/1070_2_EDZhVORTA">
      <rel_text>Геометрическое приближение</rel_text>
      <target>http://libmeta.ru/me/article/1009_GEOMETRIChESKOE</target>
    </relation>
    <relation uri="http://libmeta.ru/me/relation/1070_3_EDZhVORTA">
      <rel_text>теория</rel_text>
      <target>http://libmeta.ru/me/article/381_TEORI</target>
    </relation>
    <relation uri="http://libmeta.ru/me/relation/1070_4_EDZhVORTA">
      <rel_text>Гамильтона</rel_text>
      <target>http://libmeta.ru/me/article/919_GAMIL'TONI</target>
    </relation>
    <relation uri="http://libmeta.ru/me/relation/1070_5_EDZhVORTA">
      <rel_text>отображений</rel_text>
      <target>http://libmeta.ru/me/article/128_OTOBRAZhENI</target>
    </relation>
    <relation uri="http://libmeta.ru/me/relation/1070_6_EDZhVORTA">
      <rel_text>особенностей дифференцируемых</rel_text>
      <target>http://libmeta.ru/me/article/289_DIFFERENTsIAL'NOE</target>
    </relation>
    <relation uri="http://libmeta.ru/me/relation/1070_7_EDZhVORTA">
      <rel_text>теории</rel_text>
      <target>http://libmeta.ru/me/article/381_TEORI</target>
    </relation>
    <relation uri="http://libmeta.ru/me/relation/1070_8_EDZhVORTA">
      <rel_text>теория</rel_text>
      <target>http://libmeta.ru/me/article/381_TEORI</target>
    </relation>
    <relation uri="http://libmeta.ru/me/relation/1070_9_EDZhVORTA">
      <rel_text>порядка</rel_text>
      <target>http://libmeta.ru/me/article/531_PORJaDO</target>
    </relation>
    <relation uri="http://libmeta.ru/me/relation/1070_10_EDZhVORTA">
      <rel_text>частными производными</rel_text>
      <target>http://libmeta.ru/me/article/961_ChASTNAJa</target>
    </relation>
    <relation uri="http://libmeta.ru/me/relation/1070_11_EDZhVORTA">
      <rel_text>уравнения</rel_text>
      <target>http://libmeta.ru/me/article/106_URAVNENI</target>
    </relation>
    <relation uri="http://libmeta.ru/me/relation/1070_12_EDZhVORTA">
      <rel_text>дифференциальные</rel_text>
      <target>http://libmeta.ru/me/article/302_DIFFERENTsIROVANI</target>
    </relation>
    <relation uri="http://libmeta.ru/me/relation/1070_13_EDZhVORTA">
      <rel_text>теорию</rel_text>
      <target>http://libmeta.ru/me/article/381_TEORI</target>
    </relation>
    <relation uri="http://libmeta.ru/me/relation/1070_14_EDZhVORTA">
      <rel_text>геометрич</rel_text>
      <target>http://libmeta.ru/me/article/1012_GEOMETRI</target>
    </relation>
    <relation uri="http://libmeta.ru/me/relation/1070_15_EDZhVORTA">
      <rel_text>теорию</rel_text>
      <target>http://libmeta.ru/me/article/381_TEORI</target>
    </relation>
    <relation uri="http://libmeta.ru/me/relation/1070_16_EDZhVORTA">
      <rel_text>функция</rel_text>
      <target>http://libmeta.ru/me/article/790_FUNKTO</target>
    </relation>
    <relation uri="http://libmeta.ru/me/relation/1070_17_EDZhVORTA">
      <rel_text>вид</rel_text>
      <target>http://libmeta.ru/me/article/708_VI</target>
    </relation>
    <relation uri="http://libmeta.ru/me/relation/1070_18_EDZhVORTA">
      <rel_text>уравнений</rel_text>
      <target>http://libmeta.ru/me/article/106_URAVNENI</target>
    </relation>
    <relation uri="http://libmeta.ru/me/relation/1070_19_EDZhVORTA">
      <rel_text>теории</rel_text>
      <target>http://libmeta.ru/me/article/381_TEORI</target>
    </relation>
    <relation uri="http://libmeta.ru/me/relation/1070_20_EDZhVORTA">
      <rel_text>уравнение</rel_text>
      <target>http://libmeta.ru/me/article/106_URAVNENI</target>
    </relation>
    <relation uri="http://libmeta.ru/me/relation/1070_21_EDZhVORTA">
      <rel_text>нестационарный аналог</rel_text>
      <target>http://libmeta.ru/me/article/993_NESTANDARTNYI</target>
    </relation>
    <relation uri="http://libmeta.ru/me/relation/1070_22_EDZhVORTA">
      <rel_text>функция</rel_text>
      <target>http://libmeta.ru/me/article/790_FUNKTO</target>
    </relation>
    <relation uri="http://libmeta.ru/me/relation/1070_23_EDZhVORTA">
      <rel_text>степени</rel_text>
      <target>http://libmeta.ru/me/article/213_STEPEN</target>
    </relation>
    <relation uri="http://libmeta.ru/me/relation/1070_24_EDZhVORTA">
      <rel_text>уравнение</rel_text>
      <target>http://libmeta.ru/me/article/106_URAVNENI</target>
    </relation>
    <relation uri="http://libmeta.ru/me/relation/1070_25_EDZhVORTA">
      <rel_text>поверхности</rel_text>
      <target>http://libmeta.ru/me/article/332_POVERHNOST</target>
    </relation>
    <relation uri="http://libmeta.ru/me/relation/1070_26_EDZhVORTA">
      <rel_text>функция</rel_text>
      <target>http://libmeta.ru/me/article/790_FUNKTO</target>
    </relation>
    <relation uri="http://libmeta.ru/me/relation/1070_27_EDZhVORTA">
      <rel_text>пространства</rel_text>
      <target>http://libmeta.ru/me/article/748_PROSTRANSTV</target>
    </relation>
    <relation uri="http://libmeta.ru/me/relation/1070_28_EDZhVORTA">
      <rel_text>вид</rel_text>
      <target>http://libmeta.ru/me/article/708_VI</target>
    </relation>
    <relation uri="http://libmeta.ru/me/relation/1070_29_EDZhVORTA">
      <rel_text>производными</rel_text>
      <target>http://libmeta.ru/me/article/1045_PROIZVODNA</target>
    </relation>
    <relation uri="http://libmeta.ru/me/relation/1070_30_EDZhVORTA">
      <rel_text>статистики</rel_text>
      <target>http://libmeta.ru/me/article/184_STATISTK</target>
    </relation>
    <relation uri="http://libmeta.ru/me/relation/1070_31_EDZhVORTA">
      <rel_text>моменты</rel_text>
      <target>http://libmeta.ru/me/article/761_MOMEN</target>
    </relation>
    <relation uri="http://libmeta.ru/me/relation/1070_32_EDZhVORTA">
      <rel_text>центральные</rel_text>
      <target>http://libmeta.ru/me/article/924_TsENTRO-FOKU</target>
    </relation>
    <relation uri="http://libmeta.ru/me/relation/1070_33_EDZhVORTA">
      <rel_text>Коэффициенты</rel_text>
      <target>http://libmeta.ru/me/article/64_KOEFFITsIEN</target>
    </relation>
  </relations>
  <text>ряд, определяемый выражением

\[
URI[[http://libmeta.ru/me/formula/main/1070_1_EDZhVORTA]]/URI
\]

$URI[[http://libmeta.ru/me/formula/aux/1070_1_EDZhVORTA]]/URI$

Здесь $URI[[http://libmeta.ru/me/formula/aux/1070_2_EDZhVORTA]]/URI$ - плотность распределения случайной величины

\[
URI[[http://libmeta.ru/me/formula/main/1070_2_EDZhVORTA]]/URI
\]

$URI[[http://libmeta.ru/me/formula/aux/1070_3_EDZhVORTA]]/URI$ независимы и одинаково распределены),

\[
URI[[http://libmeta.ru/me/formula/main/1070_3_EDZhVORTA]]/URI
\]

- плотность стандартного нормального распределения,

\[
URI[[http://libmeta.ru/me/formula/main/1070_4_EDZhVORTA]]/URI
\]

Коәффициенты $URI[[http://libmeta.ru/me/formula/aux/1070_4_EDZhVORTA]]/URI$ не зависят от $URI[[http://libmeta.ru/me/formula/aux/1070_5_EDZhVORTA]]/URI$ и шредставляют собой многочлены относительно $URI[[http://libmeta.ru/me/formula/aux/1070_6_EDZhVORTA]]/URI$, ғде $URI[[http://libmeta.ru/me/formula/aux/1070_7_EDZhVORTA]]/URI$ дисперсия, а $URI[[http://libmeta.ru/me/formula/aux/1070_8_EDZhVORTA]]/URI$ - семиинвариант порядка $URI[[http://libmeta.ru/me/formula/aux/1070_9_EDZhVORTA]]/URI$ случайной величины $URI[[http://libmeta.ru/me/formula/aux/1070_10_EDZhVORTA]]/URI$. В частности, первые члены разложения имеют вид

\[
URI[[http://libmeta.ru/me/formula/main/1070_5_EDZhVORTA]]/URI
\]

URI[[http://libmeta.ru/me/relation/1070_33_EDZhVORTA]]/URI $URI[[http://libmeta.ru/me/formula/aux/1070_11_EDZhVORTA]]/URI$ могут быть выражены также через URI[[http://libmeta.ru/me/relation/1070_32_EDZhVORTA]]/URI URI[[http://libmeta.ru/me/relation/1070_31_EDZhVORTA]]/URI.

Ряды (*) введены Ф. Эджвортом [1]. Их асимптотич. свойства исследованы Г. Крамером (н. Cramèr), к-рый показал, что при довольно общих условиях ряд $URI[[http://libmeta.ru/me/formula/aux/1070_12_EDZhVORTA]]/URI$ дает асимптотич. разложение $URI[[http://libmeta.ru/me/formula/aux/1070_13_EDZhVORTA]]/URI$ с остаточным членом шорядка первого отброшенного члена.

Jum.: [1] E d g e wo r t h F. Y., «proc. Camb. Phil. Soc.», 1905, v. 20, p. 36-65; [2] K p a м е p ды URI[[http://libmeta.ru/me/relation/1070_30_EDZhVORTA]]/URI, пер. с англ., 2 изд., М., 1975. В. Г. Ушаков. URI[[http://libmeta.ru/me/relation/1070_29_EDZhVORTA]]/URI, имеющее URI[[http://libmeta.ru/me/relation/1070_28_EDZhVORTA]]/URI

\[
URI[[http://libmeta.ru/me/formula/main/1070_6_EDZhVORTA]]/URI
\]

Здесь $URI[[http://libmeta.ru/me/formula/aux/1070_14_EDZhVORTA]]/URI$ - размерность URI[[http://libmeta.ru/me/relation/1070_27_EDZhVORTA]]/URI, $URI[[http://libmeta.ru/me/formula/aux/1070_15_EDZhVORTA]]/URI$ - гладкая, не равная нулю URI[[http://libmeta.ru/me/relation/1070_26_EDZhVORTA]]/URI. В приложениях $URI[[http://libmeta.ru/me/formula/aux/1070_16_EDZhVORTA]]/URI$ имеет смысл скорости распространения волн, а URI[[http://libmeta.ru/me/relation/1070_25_EDZhVORTA]]/URI $URI[[http://libmeta.ru/me/formula/aux/1070_17_EDZhVORTA]]/URI$ const - волновых фронтов. Лучи (см. Ферма принцип) являются характеристиками Ә. у. Существует ряд обобщений и аналогов Э. у. В частности, обобщением Э. у. является URI[[http://libmeta.ru/me/relation/1070_24_EDZhVORTA]]/URI

\[
URI[[http://libmeta.ru/me/formula/main/1070_7_EDZhVORTA]]/URI
\]

где $URI[[http://libmeta.ru/me/formula/aux/1070_18_EDZhVORTA]]/URI$ - однородная 1-й URI[[http://libmeta.ru/me/relation/1070_23_EDZhVORTA]]/URI по $URI[[http://libmeta.ru/me/formula/aux/1070_19_EDZhVORTA]]/URI$ URI[[http://libmeta.ru/me/relation/1070_22_EDZhVORTA]]/URI, удовлетворяющая нек-рым дополнительным ограничениям. Важное значение имеет URI[[http://libmeta.ru/me/relation/1070_21_EDZhVORTA]]/URI Э. у.

\[
URI[[http://libmeta.ru/me/formula/main/1070_8_EDZhVORTA]]/URI
\]

Последнее URI[[http://libmeta.ru/me/relation/1070_20_EDZhVORTA]]/URI - частный случай встречающихся в URI[[http://libmeta.ru/me/relation/1070_19_EDZhVORTA]]/URI волновых явлений дисперсионных URI[[http://libmeta.ru/me/relation/1070_18_EDZhVORTA]]/URI, имеющих URI[[http://libmeta.ru/me/relation/1070_17_EDZhVORTA]]/URI

\[
URI[[http://libmeta.ru/me/formula/main/1070_9_EDZhVORTA]]/URI
\]

Здесь $URI[[http://libmeta.ru/me/formula/aux/1070_20_EDZhVORTA]]/URI$ - заданная URI[[http://libmeta.ru/me/relation/1070_16_EDZhVORTA]]/URI.

На математич. URI[[http://libmeta.ru/me/relation/1070_15_EDZhVORTA]]/URI URI[[http://libmeta.ru/me/relation/1070_14_EDZhVORTA]]/URI. оптики можно смотреть как на URI[[http://libmeta.ru/me/relation/1070_13_EDZhVORTA]]/URI Э. у. Все виды Э. у.- URI[[http://libmeta.ru/me/relation/1070_12_EDZhVORTA]]/URI URI[[http://libmeta.ru/me/relation/1070_11_EDZhVORTA]]/URI с URI[[http://libmeta.ru/me/relation/1070_10_EDZhVORTA]]/URI 1-го URI[[http://libmeta.ru/me/relation/1070_9_EDZhVORTA]]/URI. Репение Э. у. может иметь сингулярности. Их URI[[http://libmeta.ru/me/relation/1070_8_EDZhVORTA]]/URI - часть URI[[http://libmeta.ru/me/relation/1070_7_EDZhVORTA]]/URI URI[[http://libmeta.ru/me/relation/1070_6_EDZhVORTA]]/URI URI[[http://libmeta.ru/me/relation/1070_5_EDZhVORTA]]/URI (см. также URI[[http://libmeta.ru/me/relation/1070_4_EDZhVORTA]]/URI - Якоби URI[[http://libmeta.ru/me/relation/1070_3_EDZhVORTA]]/URI, URI[[http://libmeta.ru/me/relation/1070_2_EDZhVORTA]]/URI, URI[[http://libmeta.ru/me/relation/1070_1_EDZhVORTA]]/URI).</text>
  <text_orig>ряд, определяемый выражением

\[
f(x)=\varphi(x)+
\]

$+\sum_{k=1}^{\infty}(-1)^{k} \frac{b_{k, k+2} \varphi(k+2)(x)+\cdots+b_{k, 3 k} \varphi^{(3 k)}(x)}{n^{k / 2}} \cdot(*)$

Здесь $f(x)$ - плотность распределения случайной величины

\[
\frac{s_{n}-E s_{n}}{\sqrt{\bar{D} s_{n}}}
\]

$\left(s_{n}=\xi_{1}+\ldots+\xi_{n}, \xi_{1}, \ldots, \xi_{n}-\right.$ независимы и одинаково распределены),

\[
\varphi(x)=\frac{1}{\sqrt{2 \pi}} e^{-x^{2} / 2}
\]

- плотность стандартного нормального распределения,

\[
\varphi^{k}(x)=\frac{d^{k} \varphi(x)}{d x^{k}}
\]

Коәффициенты $b_{k, k+2 l}$ не зависят от $n$ и шредставляют собой многочлены относительно $\lambda_{3}, \ldots, \lambda_{k-l+3}$, ғде $\lambda_{j}=x_{j} / \sigma^{j}, \sigma^{2}-$ дисперсия, а $x_{j}$ - семиинвариант порядка $j$ случайной величины $\xi_{1}$. В частности, первые члены разложения имеют вид

\[
\begin{gathered}
f(x)=\varphi(x)-\frac{1}{n^{1 / 2}} \frac{1}{3 !} \lambda_{3} \varphi^{(3)}(x)+ \\
+\frac{1}{n}\left[\frac{1}{4 !} \lambda_{4} \varphi^{(4)}(x)+\frac{10}{6 !} \lambda_{3}^{2} \varphi^{(6)}(x)\right]- \\
-\frac{1}{n^{3 / 2}}\left[\frac{1}{5 !} \lambda_{5} \varphi^{(5)}(x)+\frac{35}{7 !} \lambda_{3} \lambda_{4} \varphi^{(7)}(x)+\right. \\
\left.+\frac{280}{9 !} \lambda_{3}^{3} \varphi^{(9)}(x)\right]+\ldots .
\end{gathered}
\]

Коэффициенты $b_{k, k+2 l}$ могут быть выражены также через центральные моменты.

Ряды (*) введены Ф. Эджвортом [1]. Их асимптотич. свойства исследованы Г. Крамером (Н. Cramèr), к-рый показал, что при довольно общих условиях ряд $(*)$ дает асимптотич. разложение $f(x)$ с остаточным членом шорядка первого отброшенного члена.

Jum.: [1] E d g e wo r t h F. Y., «Proc. Camb. Phil. Soc.», 1905, v. 20, p. 36-65; [2] K p a м е p ды статистики, пер. с англ., 2 изд., М., 1975. В. Г. Ушаков. производными, имеющее вид

\[
\sum_{i=1}^{m}\left(\frac{\partial \tau}{\partial x^{i}}\right)^{2}=\frac{1}{c^{2}\left(x^{1}, \ldots, x^{m}\right)} .
\]

Здесь $m$ - размерность пространства, $c$ - гладкая, не равная нулю функция. В приложениях $c$ имеет смысл скорости распространения волн, а поверхности $\tau\left(x^{1}, \ldots, x^{m}\right)=$ const - волновых фронтов. Лучи (см. Ферма принцип) являются характеристиками Ә. у. Существует ряд обобщений и аналогов Э. у. В частности, обобщением Э. у. является уравнение

\[
H\left(x^{\mathrm{I}}, \ldots, x^{m}, \frac{\partial \tau}{\partial x^{1}}, \ldots, \frac{\partial \tau}{\partial x^{m}}\right)=1,
\]

где $H$ - однородная 1-й степени по $\frac{\partial \tau}{\partial x^{1}}, \ldots, \frac{\partial \tau}{\partial x^{m}}$ функция, удовлетворяющая нек-рым дополнительным ограничениям. Важное значение имеет нестационарный аналог Э. у.

\[
\frac{\partial \theta}{\partial t}+c\left(t, x^{1}, \ldots, x^{m}\right) \sqrt{\sum_{i=1}^{m}\left(\frac{\partial \theta}{\partial x^{i}}\right)^{2}}=0 .
\]

Последнее уравнение - частный случай встречающихся в теории волновых явлений дисперсионных уравнений, имеющих вид

\[
-\frac{\partial \theta}{\partial t}=\omega\left(t, x^{1}, \ldots, x^{m}, \theta_{x^{\prime}}, \ldots, \theta_{x^{m}}\right)
\]

Здесь $\omega$ - заданная функция.

На математич. теорию геометрич. оптики можно смотреть как на теорию Э. у. Все виды Э. у.- дифференциальные уравнения с частными производными 1-го порядка. Репение Э. у. может иметь сингулярности. Их теория - часть теории особенностей дифференцируемых отображений (см. также Гамильтона - Якоби теория, Геометрическое приближение, Лучевой метод).

Лum.: [1] Б а б и ч В. М., Б у л д ы р е в В. С., Асимптотические методы в задачах дифракции коротких волн, М., 1972 ; [2] У и з е м Д ж. Б., Јинейные и нелинейные волны, пер. с
англ., М., 1977.
В. М. Бабич.</text_orig>
</article>
