<?xml version="1.0" ?>
<article uri="http://libmeta.ru/me/article/1071_GIPERPROSTRANSTV" alphabetic_pos="1071">
  <title>ГИПЕРПРОСТРАНСТВО</title>
  <authors/>
  <pages>
    <start>506</start>
    <end>506</end>
  </pages>
  <literature>
    <literature_orig>Лит.: [1] К у р а т о в с к и й $\mathbf{k}$, Топология, пер. с англ.. т. 1-2, M., 1966-69; [2] $\mathbf{m}$ i c h a e l E., &quot;trans.![](https://cdn.mathpix.com/cropped/2023_07_08_65ba42d79ed9478683b8g-1.jpg?height=46&amp;width=829&amp;top_left_y=1039&amp;top_left_x=992)м а p e в В. И., “матем. сб.», 1959, т. 48(90), № 2, с.$191-212$.</literature_orig>
    <unit>
      <title>К у р а т о в с к и й $\mathbf{k}$, Топология</title>
      <publication>пер. с англ.. т. 1-2, M.</publication>
      <year>1966</year>
      <other/>
    </unit>
    <unit>
      <author>$\mathbf{m}$ichael E.</author>
      <author>&quot;trans.![](https://cdn.mathpix.com/cropped/2023_07_08_65ba42d79ed9478683b8g-1.jpg?height=46&amp;width=829&amp;top_left_y=1039&amp;top_left_x=992)маpeв В. И.</author>
      <title>“матем. сб.»</title>
      <publication/>
      <year>1959</year>
      <other>т. 48(90), № 2, с.$191-212$.</other>
    </unit>
  </literature>
  <formulas_main/>
  <formulas_aux>
    <formula uri="http://libmeta.ru/me/formula/aux/1071_1_GIPERPROSTRANSTV">\gamma</formula>
    <formula uri="http://libmeta.ru/me/formula/aux/1071_2_GIPERPROSTRANSTV">x</formula>
    <formula uri="http://libmeta.ru/me/formula/aux/1071_3_GIPERPROSTRANSTV">\mathfrak{m}</formula>
    <formula uri="http://libmeta.ru/me/formula/aux/1071_4_GIPERPROSTRANSTV">x</formula>
    <formula uri="http://libmeta.ru/me/formula/aux/1071_5_GIPERPROSTRANSTV">\mathfrak{m}</formula>
    <formula uri="http://libmeta.ru/me/formula/aux/1071_6_GIPERPROSTRANSTV">p(x)</formula>
    <formula uri="http://libmeta.ru/me/formula/aux/1071_7_GIPERPROSTRANSTV">x</formula>
    <formula uri="http://libmeta.ru/me/formula/aux/1071_8_GIPERPROSTRANSTV">\{m, F \subset</formula>
    <formula uri="http://libmeta.ru/me/formula/aux/1071_9_GIPERPROSTRANSTV">\subset M \subset G\}</formula>
    <formula uri="http://libmeta.ru/me/formula/aux/1071_10_GIPERPROSTRANSTV">f</formula>
    <formula uri="http://libmeta.ru/me/formula/aux/1071_11_GIPERPROSTRANSTV">x, G</formula>
    <formula uri="http://libmeta.ru/me/formula/aux/1071_12_GIPERPROSTRANSTV">x</formula>
    <formula uri="http://libmeta.ru/me/formula/aux/1071_13_GIPERPROSTRANSTV">f \subset G</formula>
    <formula uri="http://libmeta.ru/me/formula/aux/1071_14_GIPERPROSTRANSTV">\gamma .2^{X}</formula>
    <formula uri="http://libmeta.ru/me/formula/aux/1071_15_GIPERPROSTRANSTV">x</formula>
    <formula uri="http://libmeta.ru/me/formula/aux/1071_16_GIPERPROSTRANSTV">2^{x}</formula>
    <formula uri="http://libmeta.ru/me/formula/aux/1071_17_GIPERPROSTRANSTV">\{f, F \subset G\}</formula>
    <formula uri="http://libmeta.ru/me/formula/aux/1071_18_GIPERPROSTRANSTV">\{f, F \cap H \neq \varnothing\}</formula>
    <formula uri="http://libmeta.ru/me/formula/aux/1071_19_GIPERPROSTRANSTV">g</formula>
    <formula uri="http://libmeta.ru/me/formula/aux/1071_20_GIPERPROSTRANSTV">h</formula>
    <formula uri="http://libmeta.ru/me/formula/aux/1071_21_GIPERPROSTRANSTV">x</formula>
    <formula uri="http://libmeta.ru/me/formula/aux/1071_22_GIPERPROSTRANSTV">f</formula>
    <formula uri="http://libmeta.ru/me/formula/aux/1071_23_GIPERPROSTRANSTV">2 X</formula>
    <formula uri="http://libmeta.ru/me/formula/aux/1071_24_GIPERPROSTRANSTV">\gamma .:</formula>
    <formula uri="http://libmeta.ru/me/formula/aux/1071_25_GIPERPROSTRANSTV">\asymp(x)</formula>
    <formula uri="http://libmeta.ru/me/formula/aux/1071_26_GIPERPROSTRANSTV">x</formula>
    <formula uri="http://libmeta.ru/me/formula/aux/1071_27_GIPERPROSTRANSTV">\operatorname{exp}_{\omega}(x)</formula>
    <formula uri="http://libmeta.ru/me/formula/aux/1071_28_GIPERPROSTRANSTV">x</formula>
    <formula uri="http://libmeta.ru/me/formula/aux/1071_29_GIPERPROSTRANSTV">k(x)</formula>
    <formula uri="http://libmeta.ru/me/formula/aux/1071_30_GIPERPROSTRANSTV">x</formula>
    <formula uri="http://libmeta.ru/me/formula/aux/1071_31_GIPERPROSTRANSTV">\gamma</formula>
    <formula uri="http://libmeta.ru/me/formula/aux/1071_32_GIPERPROSTRANSTV">2^{x}</formula>
    <formula uri="http://libmeta.ru/me/formula/aux/1071_33_GIPERPROSTRANSTV">x</formula>
    <formula uri="http://libmeta.ru/me/formula/aux/1071_34_GIPERPROSTRANSTV">2^{x}</formula>
    <formula uri="http://libmeta.ru/me/formula/aux/1071_35_GIPERPROSTRANSTV">h(x)</formula>
    <formula uri="http://libmeta.ru/me/formula/aux/1071_36_GIPERPROSTRANSTV">x-</formula>
    <formula uri="http://libmeta.ru/me/formula/aux/1071_37_GIPERPROSTRANSTV">\gamma .2^{X}, \subsetneq(X)</formula>
    <formula uri="http://libmeta.ru/me/formula/aux/1071_38_GIPERPROSTRANSTV">h(x)</formula>
    <formula uri="http://libmeta.ru/me/formula/aux/1071_39_GIPERPROSTRANSTV">x</formula>
    <formula uri="http://libmeta.ru/me/formula/aux/1071_40_GIPERPROSTRANSTV">2^{x}</formula>
    <formula uri="http://libmeta.ru/me/formula/aux/1071_41_GIPERPROSTRANSTV">x</formula>
    <formula uri="http://libmeta.ru/me/formula/aux/1071_42_GIPERPROSTRANSTV">2^{x}</formula>
    <formula uri="http://libmeta.ru/me/formula/aux/1071_43_GIPERPROSTRANSTV">k(x)</formula>
  </formulas_aux>
  <relations n="33">
    <relation uri="http://libmeta.ru/me/relation/1071_1_GIPERPROSTRANSTV">
      <rel_text>континуумы</rel_text>
      <target>http://libmeta.ru/me/article/1079_KONTINUU</target>
    </relation>
    <relation uri="http://libmeta.ru/me/relation/1071_2_GIPERPROSTRANSTV">
      <rel_text>континуум</rel_text>
      <target>http://libmeta.ru/me/article/1079_KONTINUU</target>
    </relation>
    <relation uri="http://libmeta.ru/me/relation/1071_3_GIPERPROSTRANSTV">
      <rel_text>метризуемое пространство</rel_text>
      <target>http://libmeta.ru/me/article/651_METRIZUEMOE</target>
    </relation>
    <relation uri="http://libmeta.ru/me/relation/1071_4_GIPERPROSTRANSTV">
      <rel_text>компактное</rel_text>
      <target>http://libmeta.ru/me/article/1022_KOMPOZitsI</target>
    </relation>
    <relation uri="http://libmeta.ru/me/relation/1071_5_GIPERPROSTRANSTV">
      <rel_text>гомеоморфны</rel_text>
      <target>http://libmeta.ru/me/article/1116_GOMEOMORFIZ</target>
    </relation>
    <relation uri="http://libmeta.ru/me/relation/1071_6_GIPERPROSTRANSTV">
      <rel_text>бикомпакт</rel_text>
      <target>http://libmeta.ru/me/article/451_BIKOMPAK</target>
    </relation>
    <relation uri="http://libmeta.ru/me/relation/1071_7_GIPERPROSTRANSTV">
      <rel_text>пространство</rel_text>
      <target>http://libmeta.ru/me/article/748_PROSTRANSTV</target>
    </relation>
    <relation uri="http://libmeta.ru/me/relation/1071_8_GIPERPROSTRANSTV">
      <rel_text>равномерное</rel_text>
      <target>http://libmeta.ru/me/article/766_RAVNOVELIKA</target>
    </relation>
    <relation uri="http://libmeta.ru/me/relation/1071_9_GIPERPROSTRANSTV">
      <rel_text>получающееся</rel_text>
      <target>http://libmeta.ru/me/article/476_POLUPLOSKOST</target>
    </relation>
    <relation uri="http://libmeta.ru/me/relation/1071_10_GIPERPROSTRANSTV">
      <rel_text>равномерной</rel_text>
      <target>http://libmeta.ru/me/article/766_RAVNOVELIKA</target>
    </relation>
    <relation uri="http://libmeta.ru/me/relation/1071_11_GIPERPROSTRANSTV">
      <rel_text>множество</rel_text>
      <target>http://libmeta.ru/me/article/733_MNOZhESTV</target>
    </relation>
    <relation uri="http://libmeta.ru/me/relation/1071_12_GIPERPROSTRANSTV">
      <rel_text>пространство</rel_text>
      <target>http://libmeta.ru/me/article/748_PROSTRANSTV</target>
    </relation>
    <relation uri="http://libmeta.ru/me/relation/1071_13_GIPERPROSTRANSTV">
      <rel_text>равномерное</rel_text>
      <target>http://libmeta.ru/me/article/766_RAVNOVELIKA</target>
    </relation>
    <relation uri="http://libmeta.ru/me/relation/1071_14_GIPERPROSTRANSTV">
      <rel_text>экспоненциальной топологией</rel_text>
      <target>http://libmeta.ru/me/article/1116_EKSPONENTsIAL'NAJa</target>
    </relation>
    <relation uri="http://libmeta.ru/me/relation/1071_15_GIPERPROSTRANSTV">
      <rel_text>пространства</rel_text>
      <target>http://libmeta.ru/me/article/748_PROSTRANSTV</target>
    </relation>
    <relation uri="http://libmeta.ru/me/relation/1071_16_GIPERPROSTRANSTV">
      <rel_text>континуума</rel_text>
      <target>http://libmeta.ru/me/article/1079_KONTINUU</target>
    </relation>
    <relation uri="http://libmeta.ru/me/relation/1071_17_GIPERPROSTRANSTV">
      <rel_text>бикомпактов</rel_text>
      <target>http://libmeta.ru/me/article/458_BIKOMShLEK</target>
    </relation>
    <relation uri="http://libmeta.ru/me/relation/1071_18_GIPERPROSTRANSTV">
      <rel_text>связных</rel_text>
      <target>http://libmeta.ru/me/article/1222_SVJaZK</target>
    </relation>
    <relation uri="http://libmeta.ru/me/relation/1071_19_GIPERPROSTRANSTV">
      <rel_text>множестве</rel_text>
      <target>http://libmeta.ru/me/article/733_MNOZhESTV</target>
    </relation>
    <relation uri="http://libmeta.ru/me/relation/1071_20_GIPERPROSTRANSTV">
      <rel_text>пространства</rel_text>
      <target>http://libmeta.ru/me/article/748_PROSTRANSTV</target>
    </relation>
    <relation uri="http://libmeta.ru/me/relation/1071_21_GIPERPROSTRANSTV">
      <rel_text>подмножеств</rel_text>
      <target>http://libmeta.ru/me/article/357_PODMATRITs</target>
    </relation>
    <relation uri="http://libmeta.ru/me/relation/1071_22_GIPERPROSTRANSTV">
      <rel_text>множестве</rel_text>
      <target>http://libmeta.ru/me/article/733_MNOZhESTV</target>
    </relation>
    <relation uri="http://libmeta.ru/me/relation/1071_23_GIPERPROSTRANSTV">
      <rel_text>пространства</rel_text>
      <target>http://libmeta.ru/me/article/748_PROSTRANSTV</target>
    </relation>
    <relation uri="http://libmeta.ru/me/relation/1071_24_GIPERPROSTRANSTV">
      <rel_text>подмножеств</rel_text>
      <target>http://libmeta.ru/me/article/357_PODMATRITs</target>
    </relation>
    <relation uri="http://libmeta.ru/me/relation/1071_25_GIPERPROSTRANSTV">
      <rel_text>множестве</rel_text>
      <target>http://libmeta.ru/me/article/733_MNOZhESTV</target>
    </relation>
    <relation uri="http://libmeta.ru/me/relation/1071_26_GIPERPROSTRANSTV">
      <rel_text>множества</rel_text>
      <target>http://libmeta.ru/me/article/733_MNOZhESTV</target>
    </relation>
    <relation uri="http://libmeta.ru/me/relation/1071_27_GIPERPROSTRANSTV">
      <rel_text>экспоненциальной топологuи</rel_text>
      <target>http://libmeta.ru/me/article/1116_EKSPONENTsIAL'NAJa</target>
    </relation>
    <relation uri="http://libmeta.ru/me/relation/1071_28_GIPERPROSTRANSTV">
      <rel_text>предбазу</rel_text>
      <target>http://libmeta.ru/me/article/582_PREDBAZ</target>
    </relation>
    <relation uri="http://libmeta.ru/me/relation/1071_29_GIPERPROSTRANSTV">
      <rel_text>пространства</rel_text>
      <target>http://libmeta.ru/me/article/748_PROSTRANSTV</target>
    </relation>
    <relation uri="http://libmeta.ru/me/relation/1071_30_GIPERPROSTRANSTV">
      <rel_text>подмножеств</rel_text>
      <target>http://libmeta.ru/me/article/357_PODMATRITs</target>
    </relation>
    <relation uri="http://libmeta.ru/me/relation/1071_31_GIPERPROSTRANSTV">
      <rel_text>множества</rel_text>
      <target>http://libmeta.ru/me/article/733_MNOZhESTV</target>
    </relation>
    <relation uri="http://libmeta.ru/me/relation/1071_32_GIPERPROSTRANSTV">
      <rel_text>пространства</rel_text>
      <target>http://libmeta.ru/me/article/748_PROSTRANSTV</target>
    </relation>
    <relation uri="http://libmeta.ru/me/relation/1071_33_GIPERPROSTRANSTV">
      <rel_text>подмножеств</rel_text>
      <target>http://libmeta.ru/me/article/357_PODMATRITs</target>
    </relation>
  </relations>
  <text>н а д т 0 П 0 л 0 $URI[[http://libmeta.ru/me/formula/aux/1071_1_GIPERPROSTRANSTV]]/URI$ И ч е cк и м П р о с т р а н с т в о м $URI[[http://libmeta.ru/me/formula/aux/1071_2_GIPERPROSTRANSTV]]/URI$ - пространство, точками к-рого являются элементы нек-рого семейства $URI[[http://libmeta.ru/me/formula/aux/1071_3_GIPERPROSTRANSTV]]/URI$ подмножеств пространства $URI[[http://libmeta.ru/me/formula/aux/1071_4_GIPERPROSTRANSTV]]/URI$ с той или иной топологией. Обычно $URI[[http://libmeta.ru/me/formula/aux/1071_5_GIPERPROSTRANSTV]]/URI$ - кольцо множеств, хотя априори это не предполагается.

П р и м е р. $URI[[http://libmeta.ru/me/formula/aux/1071_6_GIPERPROSTRANSTV]]/URI$ - Г. всех URI[[http://libmeta.ru/me/relation/1071_33_GIPERPROSTRANSTV]]/URI URI[[http://libmeta.ru/me/relation/1071_32_GIPERPROSTRANSTV]]/URI $URI[[http://libmeta.ru/me/formula/aux/1071_7_GIPERPROSTRANSTV]]/URI$; базу топологии образуют URI[[http://libmeta.ru/me/relation/1071_31_GIPERPROSTRANSTV]]/URI $URI[[http://libmeta.ru/me/formula/aux/1071_8_GIPERPROSTRANSTV]]/URI$ $URI[[http://libmeta.ru/me/formula/aux/1071_9_GIPERPROSTRANSTV]]/URI$ при условии, что $URI[[http://libmeta.ru/me/formula/aux/1071_10_GIPERPROSTRANSTV]]/URI$ замкнуто в $URI[[http://libmeta.ru/me/formula/aux/1071_11_GIPERPROSTRANSTV]]/URI$ открыто в $URI[[http://libmeta.ru/me/formula/aux/1071_12_GIPERPROSTRANSTV]]/URI$ и $URI[[http://libmeta.ru/me/formula/aux/1071_13_GIPERPROSTRANSTV]]/URI$.

Наиболее распространенным является $URI[[http://libmeta.ru/me/formula/aux/1071_14_GIPERPROSTRANSTV]]/URI$, состоящее из всех замкнутых URI[[http://libmeta.ru/me/relation/1071_30_GIPERPROSTRANSTV]]/URI топологич. URI[[http://libmeta.ru/me/relation/1071_29_GIPERPROSTRANSTV]]/URI $URI[[http://libmeta.ru/me/formula/aux/1071_15_GIPERPROSTRANSTV]]/URI$; URI[[http://libmeta.ru/me/relation/1071_28_GIPERPROSTRANSTV]]/URI URI[[http://libmeta.ru/me/relation/1071_27_GIPERPROSTRANSTV]]/URI на $URI[[http://libmeta.ru/me/formula/aux/1071_16_GIPERPROSTRANSTV]]/URI$ образуют URI[[http://libmeta.ru/me/relation/1071_26_GIPERPROSTRANSTV]]/URI $URI[[http://libmeta.ru/me/formula/aux/1071_17_GIPERPROSTRANSTV]]/URI$ и $URI[[http://libmeta.ru/me/formula/aux/1071_18_GIPERPROSTRANSTV]]/URI$, где $URI[[http://libmeta.ru/me/formula/aux/1071_19_GIPERPROSTRANSTV]]/URI$ и $URI[[http://libmeta.ru/me/formula/aux/1071_20_GIPERPROSTRANSTV]]/URI$ открыты в $URI[[http://libmeta.ru/me/formula/aux/1071_21_GIPERPROSTRANSTV]]/URI$, а $URI[[http://libmeta.ru/me/formula/aux/1071_22_GIPERPROSTRANSTV]]/URI$ пробегает $URI[[http://libmeta.ru/me/formula/aux/1071_23_GIPERPROSTRANSTV]]/URI$. Аналогично определяется топология в следующих $URI[[http://libmeta.ru/me/formula/aux/1071_24_GIPERPROSTRANSTV]]/URI$ во URI[[http://libmeta.ru/me/relation/1071_25_GIPERPROSTRANSTV]]/URI $URI[[http://libmeta.ru/me/formula/aux/1071_25_GIPERPROSTRANSTV]]/URI$ всех бикомпактных URI[[http://libmeta.ru/me/relation/1071_24_GIPERPROSTRANSTV]]/URI URI[[http://libmeta.ru/me/relation/1071_23_GIPERPROSTRANSTV]]/URI $URI[[http://libmeta.ru/me/formula/aux/1071_26_GIPERPROSTRANSTV]]/URI$, во URI[[http://libmeta.ru/me/relation/1071_22_GIPERPROSTRANSTV]]/URI $URI[[http://libmeta.ru/me/formula/aux/1071_27_GIPERPROSTRANSTV]]/URI$ всех конечных URI[[http://libmeta.ru/me/relation/1071_21_GIPERPROSTRANSTV]]/URI URI[[http://libmeta.ru/me/relation/1071_20_GIPERPROSTRANSTV]]/URI $URI[[http://libmeta.ru/me/formula/aux/1071_28_GIPERPROSTRANSTV]]/URI$, во URI[[http://libmeta.ru/me/relation/1071_19_GIPERPROSTRANSTV]]/URI $URI[[http://libmeta.ru/me/formula/aux/1071_29_GIPERPROSTRANSTV]]/URI$ всех подконтинуумов (URI[[http://libmeta.ru/me/relation/1071_18_GIPERPROSTRANSTV]]/URI URI[[http://libmeta.ru/me/relation/1071_17_GIPERPROSTRANSTV]]/URI) URI[[http://libmeta.ru/me/relation/1071_16_GIPERPROSTRANSTV]]/URI $URI[[http://libmeta.ru/me/formula/aux/1071_30_GIPERPROSTRANSTV]]/URI$ и т. П. Эти URI[[http://libmeta.ru/me/relation/1071_15_GIPERPROSTRANSTV]]/URI могут рассматріваться как подпространства $URI[[http://libmeta.ru/me/formula/aux/1071_31_GIPERPROSTRANSTV]]/URI$. $URI[[http://libmeta.ru/me/formula/aux/1071_32_GIPERPROSTRANSTV]]/URI$, взятого с URI[[http://libmeta.ru/me/relation/1071_14_GIPERPROSTRANSTV]]/URI. Если $URI[[http://libmeta.ru/me/formula/aux/1071_33_GIPERPROSTRANSTV]]/URI$ - URI[[http://libmeta.ru/me/relation/1071_13_GIPERPROSTRANSTV]]/URI URI[[http://libmeta.ru/me/relation/1071_12_GIPERPROSTRANSTV]]/URI, то URI[[http://libmeta.ru/me/relation/1071_11_GIPERPROSTRANSTV]]/URI $URI[[http://libmeta.ru/me/formula/aux/1071_34_GIPERPROSTRANSTV]]/URI$ наделяется естественной URI[[http://libmeta.ru/me/relation/1071_10_GIPERPROSTRANSTV]]/URI структурой; URI[[http://libmeta.ru/me/relation/1071_9_GIPERPROSTRANSTV]]/URI при этом URI[[http://libmeta.ru/me/relation/1071_8_GIPERPROSTRANSTV]]/URI URI[[http://libmeta.ru/me/relation/1071_7_GIPERPROSTRANSTV]]/URI обозначается через $URI[[http://libmeta.ru/me/formula/aux/1071_35_GIPERPROSTRANSTV]]/URI$. Если $URI[[http://libmeta.ru/me/formula/aux/1071_36_GIPERPROSTRANSTV]]/URI$ URI[[http://libmeta.ru/me/relation/1071_6_GIPERPROSTRANSTV]]/URI, то $URI[[http://libmeta.ru/me/formula/aux/1071_37_GIPERPROSTRANSTV]]/URI$ и $URI[[http://libmeta.ru/me/formula/aux/1071_38_GIPERPROSTRANSTV]]/URI$ URI[[http://libmeta.ru/me/relation/1071_5_GIPERPROSTRANSTV]]/URI между собой и являются бикомпактами. Если $URI[[http://libmeta.ru/me/formula/aux/1071_39_GIPERPROSTRANSTV]]/URI$ - URI[[http://libmeta.ru/me/relation/1071_4_GIPERPROSTRANSTV]]/URI URI[[http://libmeta.ru/me/relation/1071_3_GIPERPROSTRANSTV]]/URI, то таково же и $URI[[http://libmeta.ru/me/formula/aux/1071_40_GIPERPROSTRANSTV]]/URI$. Если $URI[[http://libmeta.ru/me/formula/aux/1071_41_GIPERPROSTRANSTV]]/URI$ - URI[[http://libmeta.ru/me/relation/1071_2_GIPERPROSTRANSTV]]/URI, то $URI[[http://libmeta.ru/me/formula/aux/1071_42_GIPERPROSTRANSTV]]/URI$ и $URI[[http://libmeta.ru/me/formula/aux/1071_43_GIPERPROSTRANSTV]]/URI$ - тоже URI[[http://libmeta.ru/me/relation/1071_1_GIPERPROSTRANSTV]]/URI.</text>
  <text_orig>н а д т 0 П 0 л 0 $\Gamma$ И ч е cк и м П р о с т р а н с т в о м $X$ - пространство, точками к-рого являются элементы нек-рого семейства $\mathfrak{M}$ подмножеств пространства $X$ с той или иной топологией. Обычно $\mathfrak{M}$ - кольцо множеств, хотя априори это не предполагается.

П р и м е р. $P(X)$ - Г. всех подмножеств пространства $X$; базу топологии образуют множества $\{M, F \subset$ $\subset M \subset G\}$ при условии, что $F$ замкнуто в $X, G$ открыто в $X$ и $F \subset G$.

Наиболее распространенным является $\Gamma .2^{X}$, состоящее из всех замкнутых подмножеств топологич. пространства $X$; предбазу экспоненциальной топологuи на $2^{X}$ образуют множества $\{F, F \subset G\}$ и $\{F, F \cap H \neq \varnothing\}$, где $G$ и $H$ открыты в $X$, а $F$ пробегает $2 X$. Аналогично определяется топология в следующих $\Gamma .:$ во множестве $\asymp(X)$ всех бикомпактных подмножеств пространства $X$, во множестве $\operatorname{Exp}_{\omega}(X)$ всех конечных подмножеств пространства $X$, во множестве $K(X)$ всех подконтинуумов (связных бикомпактов) континуума $X$ и т. П. Эти пространства могут рассматріваться как подпространства $\Gamma$. $2^{X}$, взятого с экспоненциальной топологией. Если $X$ - равномерное пространство, то множество $2^{X}$ наделяется естественной равномерной структурой; получающееся при этом равномерное пространство обозначается через $H(X)$. Если $X-$ бикомпакт, то $\Gamma .2^{X}, \subsetneq(X)$ и $H(X)$ гомеоморфны между собой и являются бикомпактами. Если $X$ - компактное метризуемое пространство, то таково же и $2^{X}$. Если $X$ - континуум, то $2^{X}$ и $K(X)$ - тоже континуумы.

Лит.: [1] К у р а т о в с к и й $\mathbf{K}$, Топология, пер. с англ.. т. 1-2, M., 1966-69; [2] $\mathbf{M}$ i c h a e l E., &quot;Trans.

![](https://cdn.mathpix.com/cropped/2023_07_08_65ba42d79ed9478683b8g-1.jpg?height=46&amp;width=829&amp;top_left_y=1039&amp;top_left_x=992)
м а p e в В. И., “Матем. сб.», 1959, т. 48(90), № 2, с.
$191-212$.</text_orig>
</article>
