<?xml version="1.0" ?>
<article uri="http://libmeta.ru/me/article/1071_RELJaTIVJSTSKOJ" alphabetic_pos="1071">
  <title>РЕЛЯТИВЙСТСКОЙ ТЕРМОДИНАМИКИ МАТЕМАТИЧЕСКИЕ ЗАДАЧИ</title>
  <authors>
    <author>A. А. Рузмайник</author>
  </authors>
  <pages>
    <start>487</start>
    <end>488</end>
  </pages>
  <literature>
    <literature_orig>Лит.: [1] Л а н д а у Л. Д., Л и Ф ш и ц Е. М., Статистическая физика, 2 изд., М., $1964 ;$ [ [2] М и з н е р ч., Т о р н K., у и л е $\mathrm{p}$ Д ж., Гравитация, пер. с англ., т. 2-3, М., 1977 [3] м ё л л е р К., Теория относительности, пер. с англ., 2 изд., М., $1975 . \quad$</literature_orig>
    <unit>
      <author>Ландау Л. Д.</author>
      <author>Ли Фшиц Е. М.</author>
      <title>Статистическая физика</title>
      <publication>2 изд., М.</publication>
      <year>1964</year>
      <other/>
    </unit>
    <unit>
      <title>М и з н е р ч., Т о р н K., у и л е $\mathrm{p}$ Д ж., Гравитация</title>
      <publication>пер. с англ., т. 2-3, М.</publication>
      <year>1977</year>
      <other/>
    </unit>
    <unit>
      <author>мёллер К.</author>
      <title>Теория относительности</title>
      <publication>пер. с англ., 2 изд., М.</publication>
      <year>1975</year>
      <other/>
    </unit>
  </literature>
  <formulas_main>
    <formula uri="http://libmeta.ru/me/formula/main/1071_1_RELJaTIVJSTSKOJ">\tilde{T}=T u^{0}, \tilde{\mu}=\mu u^{0},</formula>
    <formula uri="http://libmeta.ru/me/formula/main/1071_2_RELJaTIVJSTSKOJ">\tilde{T}=T /\left(1-v^{2} / c^{2}\right)^{1 / 2} .</formula>
    <formula uri="http://libmeta.ru/me/formula/main/1071_3_RELJaTIVJSTSKOJ">d S \geqslant \delta Q / T</formula>
  </formulas_main>
  <formulas_aux>
    <formula uri="http://libmeta.ru/me/formula/aux/1071_1_RELJaTIVJSTSKOJ">\left(n u^{i}\right)_{, i}=0-</formula>
    <formula uri="http://libmeta.ru/me/formula/aux/1071_2_RELJaTIVJSTSKOJ">d \varepsilon=\mu d n+n T d \sigma-</formula>
    <formula uri="http://libmeta.ru/me/formula/aux/1071_3_RELJaTIVJSTSKOJ">\left(\sigma u^{i}\right),{ }_{i}=0</formula>
    <formula uri="http://libmeta.ru/me/formula/aux/1071_4_RELJaTIVJSTSKOJ">u^{i}</formula>
    <formula uri="http://libmeta.ru/me/formula/aux/1071_5_RELJaTIVJSTSKOJ">n-</formula>
    <formula uri="http://libmeta.ru/me/formula/aux/1071_6_RELJaTIVJSTSKOJ">\varepsilon</formula>
    <formula uri="http://libmeta.ru/me/formula/aux/1071_7_RELJaTIVJSTSKOJ">t</formula>
    <formula uri="http://libmeta.ru/me/formula/aux/1071_8_RELJaTIVJSTSKOJ">\mu=\frac{\varepsilon+p}{n}</formula>
    <formula uri="http://libmeta.ru/me/formula/aux/1071_9_RELJaTIVJSTSKOJ">p</formula>
    <formula uri="http://libmeta.ru/me/formula/aux/1071_10_RELJaTIVJSTSKOJ">\sigma-</formula>
    <formula uri="http://libmeta.ru/me/formula/aux/1071_11_RELJaTIVJSTSKOJ">p \leqslant \varepsilon / 3</formula>
    <formula uri="http://libmeta.ru/me/formula/aux/1071_12_RELJaTIVJSTSKOJ">n</formula>
    <formula uri="http://libmeta.ru/me/formula/aux/1071_13_RELJaTIVJSTSKOJ">s</formula>
    <formula uri="http://libmeta.ru/me/formula/aux/1071_14_RELJaTIVJSTSKOJ">u^{0}</formula>
    <formula uri="http://libmeta.ru/me/formula/aux/1071_15_RELJaTIVJSTSKOJ">t \sqrt{g_{00}}=</formula>
    <formula uri="http://libmeta.ru/me/formula/aux/1071_16_RELJaTIVJSTSKOJ">g_{00}</formula>
    <formula uri="http://libmeta.ru/me/formula/aux/1071_17_RELJaTIVJSTSKOJ">g_{00}=1-2 \varphi / c^{2}</formula>
    <formula uri="http://libmeta.ru/me/formula/aux/1071_18_RELJaTIVJSTSKOJ">\varphi</formula>
    <formula uri="http://libmeta.ru/me/formula/aux/1071_19_RELJaTIVJSTSKOJ">c</formula>
    <formula uri="http://libmeta.ru/me/formula/aux/1071_20_RELJaTIVJSTSKOJ">v</formula>
    <formula uri="http://libmeta.ru/me/formula/aux/1071_21_RELJaTIVJSTSKOJ">s</formula>
    <formula uri="http://libmeta.ru/me/formula/aux/1071_22_RELJaTIVJSTSKOJ">\delta Q</formula>
    <formula uri="http://libmeta.ru/me/formula/aux/1071_23_RELJaTIVJSTSKOJ">t</formula>
  </formulas_aux>
  <relations n="31">
    <relation uri="http://libmeta.ru/me/relation/1071_1_RELJaTIVJSTSKOJ">
      <rel_text>процессов</rel_text>
      <target>http://libmeta.ru/me/article/758_PROTsEDUR</target>
    </relation>
    <relation uri="http://libmeta.ru/me/relation/1071_2_RELJaTIVJSTSKOJ">
      <rel_text>әнтропии</rel_text>
      <target>http://libmeta.ru/me/article/1174_ӘNTROPI</target>
    </relation>
    <relation uri="http://libmeta.ru/me/relation/1071_3_RELJaTIVJSTSKOJ">
      <rel_text>движется</rel_text>
      <target>http://libmeta.ru/me/article/25_DVIZhENI</target>
    </relation>
    <relation uri="http://libmeta.ru/me/relation/1071_4_RELJaTIVJSTSKOJ">
      <rel_text>измерепная</rel_text>
      <target>http://libmeta.ru/me/article/502_IZMEL'ChENI</target>
    </relation>
    <relation uri="http://libmeta.ru/me/relation/1071_5_RELJaTIVJSTSKOJ">
      <rel_text>потенциал</rel_text>
      <target>http://libmeta.ru/me/article/549_POTENTsIAL</target>
    </relation>
    <relation uri="http://libmeta.ru/me/relation/1071_6_RELJaTIVJSTSKOJ">
      <rel_text>поле</rel_text>
      <target>http://libmeta.ru/me/article/390_POL</target>
    </relation>
    <relation uri="http://libmeta.ru/me/relation/1071_7_RELJaTIVJSTSKOJ">
      <rel_text>метрич</rel_text>
      <target>http://libmeta.ru/me/article/652_METRIK</target>
    </relation>
    <relation uri="http://libmeta.ru/me/relation/1071_8_RELJaTIVJSTSKOJ">
      <rel_text>компонента</rel_text>
      <target>http://libmeta.ru/me/article/1022_KOMPOZitsI</target>
    </relation>
    <relation uri="http://libmeta.ru/me/relation/1071_9_RELJaTIVJSTSKOJ">
      <rel_text>поле</rel_text>
      <target>http://libmeta.ru/me/article/390_POL</target>
    </relation>
    <relation uri="http://libmeta.ru/me/relation/1071_10_RELJaTIVJSTSKOJ">
      <rel_text>компонента</rel_text>
      <target>http://libmeta.ru/me/article/1022_KOMPOZitsI</target>
    </relation>
    <relation uri="http://libmeta.ru/me/relation/1071_11_RELJaTIVJSTSKOJ">
      <rel_text>изменяются</rel_text>
      <target>http://libmeta.ru/me/article/502_IZMEL'ChENI</target>
    </relation>
    <relation uri="http://libmeta.ru/me/relation/1071_12_RELJaTIVJSTSKOJ">
      <rel_text>плотность</rel_text>
      <target>http://libmeta.ru/me/article/316_PLOTNOST</target>
    </relation>
    <relation uri="http://libmeta.ru/me/relation/1071_13_RELJaTIVJSTSKOJ">
      <rel_text>системе</rel_text>
      <target>http://libmeta.ru/me/article/350_SISTEM</target>
    </relation>
    <relation uri="http://libmeta.ru/me/relation/1071_14_RELJaTIVJSTSKOJ">
      <rel_text>объема</rel_text>
      <target>http://libmeta.ru/me/article/1156_OB'EK</target>
    </relation>
    <relation uri="http://libmeta.ru/me/relation/1071_15_RELJaTIVJSTSKOJ">
      <rel_text>связаны</rel_text>
      <target>http://libmeta.ru/me/article/1222_SVJaZK</target>
    </relation>
    <relation uri="http://libmeta.ru/me/relation/1071_16_RELJaTIVJSTSKOJ">
      <rel_text>плотность</rel_text>
      <target>http://libmeta.ru/me/article/316_PLOTNOST</target>
    </relation>
    <relation uri="http://libmeta.ru/me/relation/1071_17_RELJaTIVJSTSKOJ">
      <rel_text>объема</rel_text>
      <target>http://libmeta.ru/me/article/1156_OB'EK</target>
    </relation>
    <relation uri="http://libmeta.ru/me/relation/1071_18_RELJaTIVJSTSKOJ">
      <rel_text>системе</rel_text>
      <target>http://libmeta.ru/me/article/350_SISTEM</target>
    </relation>
    <relation uri="http://libmeta.ru/me/relation/1071_19_RELJaTIVJSTSKOJ">
      <rel_text>плотность</rel_text>
      <target>http://libmeta.ru/me/article/316_PLOTNOST</target>
    </relation>
    <relation uri="http://libmeta.ru/me/relation/1071_20_RELJaTIVJSTSKOJ">
      <rel_text>потенциал</rel_text>
      <target>http://libmeta.ru/me/article/549_POTENTsIAL</target>
    </relation>
    <relation uri="http://libmeta.ru/me/relation/1071_21_RELJaTIVJSTSKOJ">
      <rel_text>плотность</rel_text>
      <target>http://libmeta.ru/me/article/316_PLOTNOST</target>
    </relation>
    <relation uri="http://libmeta.ru/me/relation/1071_22_RELJaTIVJSTSKOJ">
      <rel_text>плотность</rel_text>
      <target>http://libmeta.ru/me/article/316_PLOTNOST</target>
    </relation>
    <relation uri="http://libmeta.ru/me/relation/1071_23_RELJaTIVJSTSKOJ">
      <rel_text>релятивистской термодинамики</rel_text>
      <target>http://libmeta.ru/me/article/1071_RELJaTIVJSTSKOJ</target>
    </relation>
    <relation uri="http://libmeta.ru/me/relation/1071_24_RELJaTIVJSTSKOJ">
      <rel_text>уравнения</rel_text>
      <target>http://libmeta.ru/me/article/106_URAVNENI</target>
    </relation>
    <relation uri="http://libmeta.ru/me/relation/1071_25_RELJaTIVJSTSKOJ">
      <rel_text>потенциал</rel_text>
      <target>http://libmeta.ru/me/article/549_POTENTsIAL</target>
    </relation>
    <relation uri="http://libmeta.ru/me/relation/1071_26_RELJaTIVJSTSKOJ">
      <rel_text>объема</rel_text>
      <target>http://libmeta.ru/me/article/1156_OB'EK</target>
    </relation>
    <relation uri="http://libmeta.ru/me/relation/1071_27_RELJaTIVJSTSKOJ">
      <rel_text>системе</rel_text>
      <target>http://libmeta.ru/me/article/350_SISTEM</target>
    </relation>
    <relation uri="http://libmeta.ru/me/relation/1071_28_RELJaTIVJSTSKOJ">
      <rel_text>движении</rel_text>
      <target>http://libmeta.ru/me/article/25_DVIZhENI</target>
    </relation>
    <relation uri="http://libmeta.ru/me/relation/1071_29_RELJaTIVJSTSKOJ">
      <rel_text>движении</rel_text>
      <target>http://libmeta.ru/me/article/25_DVIZhENI</target>
    </relation>
    <relation uri="http://libmeta.ru/me/relation/1071_30_RELJaTIVJSTSKOJ">
      <rel_text>равновесная</rel_text>
      <target>http://libmeta.ru/me/article/766_RAVNOVELIKA</target>
    </relation>
    <relation uri="http://libmeta.ru/me/relation/1071_31_RELJaTIVJSTSKOJ">
      <rel_text>сравнимых</rel_text>
      <target>http://libmeta.ru/me/article/156_SRAVNENI</target>
    </relation>
  </relations>
  <text>установление соотношений между величинами, характеризующими макроскопич. состояния тел (термодинамич. величинами), при наличии сильных гравитационных полей и скоростей, URI[[http://libmeta.ru/me/relation/1071_31_RELJaTIVJSTSKOJ]]/URI со скоростью света.

Обычно рассматривается URI[[http://libmeta.ru/me/relation/1071_30_RELJaTIVJSTSKOJ]]/URI термодинамика идеальной жидкости с заданным химич. составом. Установленные в нерелятивистской термодинамике соотношения между термодинамич. величинами сохраняются как при релятивистском макроскопич. URI[[http://libmeta.ru/me/relation/1071_29_RELJaTIVJSTSKOJ]]/URI частиц, составляющих тело, так и релятивистском URI[[http://libmeta.ru/me/relation/1071_28_RELJaTIVJSTSKOJ]]/URI самого тела, а также в сильных гравитационных полях, если значения термодинамич. величин взяты в URI[[http://libmeta.ru/me/relation/1071_27_RELJaTIVJSTSKOJ]]/URI отсчета, покоящейся относительно рассматриваемого элемента URI[[http://libmeta.ru/me/relation/1071_26_RELJaTIVJSTSKOJ]]/URI жидкости или тела, и в энергию и химич. URI[[http://libmeta.ru/me/relation/1071_25_RELJaTIVJSTSKOJ]]/URI включены все формы энергии (в частности, энергия покоя).

Основные URI[[http://libmeta.ru/me/relation/1071_24_RELJaTIVJSTSKOJ]]/URI URI[[http://libmeta.ru/me/relation/1071_23_RELJaTIVJSTSKOJ]]/URI формулируются в следующем виде:

$URI[[http://libmeta.ru/me/formula/aux/1071_1_RELJaTIVJSTSKOJ]]/URI$ закон сохранения барионов, $URI[[http://libmeta.ru/me/formula/aux/1071_2_RELJaTIVJSTSKOJ]]/URI$ первый закон термодинамики, $URI[[http://libmeta.ru/me/formula/aux/1071_3_RELJaTIVJSTSKOJ]]/URI$ - условие адиабатичности, где $URI[[http://libmeta.ru/me/formula/aux/1071_4_RELJaTIVJSTSKOJ]]/URI$ - четырехмерная скорость (величины $URI[[http://libmeta.ru/me/formula/aux/1071_5_RELJaTIVJSTSKOJ]]/URI$ URI[[http://libmeta.ru/me/relation/1071_22_RELJaTIVJSTSKOJ]]/URI барионов, $URI[[http://libmeta.ru/me/formula/aux/1071_6_RELJaTIVJSTSKOJ]]/URI$ - URI[[http://libmeta.ru/me/relation/1071_21_RELJaTIVJSTSKOJ]]/URI энергии, $URI[[http://libmeta.ru/me/formula/aux/1071_7_RELJaTIVJSTSKOJ]]/URI$ - температура, $URI[[http://libmeta.ru/me/formula/aux/1071_8_RELJaTIVJSTSKOJ]]/URI$ - химич. URI[[http://libmeta.ru/me/relation/1071_20_RELJaTIVJSTSKOJ]]/URI, $URI[[http://libmeta.ru/me/formula/aux/1071_9_RELJaTIVJSTSKOJ]]/URI$ - давление, $URI[[http://libmeta.ru/me/formula/aux/1071_10_RELJaTIVJSTSKOJ]]/URI$ URI[[http://libmeta.ru/me/relation/1071_19_RELJaTIVJSTSKOJ]]/URI энтропии относятся к URI[[http://libmeta.ru/me/relation/1071_18_RELJaTIVJSTSKOJ]]/URI отсчета, покоящейся относительно рассматриваемого элемента URI[[http://libmeta.ru/me/relation/1071_17_RELJaTIVJSTSKOJ]]/URI). При этом давление и URI[[http://libmeta.ru/me/relation/1071_16_RELJaTIVJSTSKOJ]]/URI энергии URI[[http://libmeta.ru/me/relation/1071_15_RELJaTIVJSTSKOJ]]/URI соотношением $URI[[http://libmeta.ru/me/formula/aux/1071_11_RELJaTIVJSTSKOJ]]/URI$. При переходе к движущейся относительно элемента URI[[http://libmeta.ru/me/relation/1071_14_RELJaTIVJSTSKOJ]]/URI URI[[http://libmeta.ru/me/relation/1071_13_RELJaTIVJSTSKOJ]]/URI отсчета или к локализованному наблюдателю (при наличии гравитационных полей) нек-рые величины (напр., URI[[http://libmeta.ru/me/relation/1071_12_RELJaTIVJSTSKOJ]]/URI барионов $URI[[http://libmeta.ru/me/formula/aux/1071_12_RELJaTIVJSTSKOJ]]/URI$ или энтропия $URI[[http://libmeta.ru/me/formula/aux/1071_13_RELJaTIVJSTSKOJ]]/URI$ ) не URI[[http://libmeta.ru/me/relation/1071_11_RELJaTIVJSTSKOJ]]/URI, т. е. являются скалярами, другие преобразуются, напр.

\[
URI[[http://libmeta.ru/me/formula/main/1071_1_RELJaTIVJSTSKOJ]]/URI
\]

где URI[[http://libmeta.ru/me/relation/1071_10_RELJaTIVJSTSKOJ]]/URI четырехмерной скорости $URI[[http://libmeta.ru/me/formula/aux/1071_14_RELJaTIVJSTSKOJ]]/URI$ берется вдоль мировой линии, описываемой данной точкой тела. Следствием әтого является, напр., тот факт, что в постоянном гравитационном URI[[http://libmeta.ru/me/relation/1071_9_RELJaTIVJSTSKOJ]]/URI условие теплового равновесия требует постоянства вдоль тела не температуры, а величины $URI[[http://libmeta.ru/me/formula/aux/1071_15_RELJaTIVJSTSKOJ]]/URI$ const, где $URI[[http://libmeta.ru/me/formula/aux/1071_16_RELJaTIVJSTSKOJ]]/URI$ - URI[[http://libmeta.ru/me/relation/1071_8_RELJaTIVJSTSKOJ]]/URI URI[[http://libmeta.ru/me/relation/1071_7_RELJaTIVJSTSKOJ]]/URI. тензора, $URI[[http://libmeta.ru/me/formula/aux/1071_17_RELJaTIVJSTSKOJ]]/URI$ в слабом гравитационном URI[[http://libmeta.ru/me/relation/1071_6_RELJaTIVJSTSKOJ]]/URI ( $URI[[http://libmeta.ru/me/formula/aux/1071_18_RELJaTIVJSTSKOJ]]/URI$ - гравитационный URI[[http://libmeta.ru/me/relation/1071_5_RELJaTIVJSTSKOJ]]/URI, $URI[[http://libmeta.ru/me/formula/aux/1071_19_RELJaTIVJSTSKOJ]]/URI$ - скорость света). А температура, URI[[http://libmeta.ru/me/relation/1071_4_RELJaTIVJSTSKOJ]]/URI наблюдателем, относительно к-рого тело URI[[http://libmeta.ru/me/relation/1071_3_RELJaTIVJSTSKOJ]]/URI со скоростью $URI[[http://libmeta.ru/me/formula/aux/1071_20_RELJaTIVJSTSKOJ]]/URI$, равна

\[
URI[[http://libmeta.ru/me/formula/main/1071_2_RELJaTIVJSTSKOJ]]/URI
\]

Релятивистская инвариантность URI[[http://libmeta.ru/me/relation/1071_2_RELJaTIVJSTSKOJ]]/URI $URI[[http://libmeta.ru/me/formula/aux/1071_21_RELJaTIVJSTSKOJ]]/URI$ позволяет записать второй закон термодинамики в форме, принятой в нерелятивистской термодинамике:

\[
URI[[http://libmeta.ru/me/formula/main/1071_3_RELJaTIVJSTSKOJ]]/URI
\]

где изменение тепла $URI[[http://libmeta.ru/me/formula/aux/1071_22_RELJaTIVJSTSKOJ]]/URI$ и $URI[[http://libmeta.ru/me/formula/aux/1071_23_RELJaTIVJSTSKOJ]]/URI$ преобразуются по одинаковому закону. Равенство достигается для обратимых URI[[http://libmeta.ru/me/relation/1071_1_RELJaTIVJSTSKOJ]]/URI.</text>
  <text_orig>установление соотношений между величинами, характеризующими макроскопич. состояния тел (термодинамич. величинами), при наличии сильных гравитационных полей и скоростей, сравнимых со скоростью света.

Обычно рассматривается равновесная термодинамика идеальной жидкости с заданным химич. составом. Установленные в нерелятивистской термодинамике соотношения между термодинамич. величинами сохраняются как при релятивистском макроскопич. движении частиц, составляющих тело, так и релятивистском движении самого тела, а также в сильных гравитационных полях, если значения термодинамич. величин взяты в системе отсчета, покоящейся относительно рассматриваемого элемента объема жидкости или тела, и в энергию и химич. потенциал включены все формы энергии (в частности, энергия покоя).

Основные уравнения релятивистской термодинамики формулируются в следующем виде:

$\left(n u^{i}\right)_{, i}=0-$ закон сохранения барионов, $d \varepsilon=\mu d n+n T d \sigma-$ первый закон термодинамики, $\left(\sigma u^{i}\right),{ }_{i}=0$ - условие адиабатичности, где $u^{i}$ - четырехмерная скорость (величины $n-$ плотность барионов, $\varepsilon$ - плотность энергии, $T$ - температура, $\mu=\frac{\varepsilon+p}{n}$ - химич. потенциал, $p$ - давление, $\sigma-$ плотность энтропии относятся к системе отсчета, покоящейся относительно рассматриваемого элемента объема). При этом давление и плотность энергии связаны соотношением $p \leqslant \varepsilon / 3$. При переходе к движущейся относительно элемента объема системе отсчета или к локализованному наблюдателю (при наличии гравитационных полей) нек-рые величины (напр., плотность барионов $n$ или энтропия $S$ ) не изменяются, т. е. являются скалярами, другие преобразуются, напр.

\[
\tilde{T}=T u^{0}, \tilde{\mu}=\mu u^{0},
\]

где компонента четырехмерной скорости $u^{0}$ берется вдоль мировой линии, описываемой данной точкой тела. Следствием әтого является, напр., тот факт, что в постоянном гравитационном поле условие теплового равновесия требует постоянства вдоль тела не температуры, а величины $T \sqrt{g_{00}}=$ const, где $g_{00}$ - компонента метрич. тензора, $g_{00}=1-2 \varphi / c^{2}$ в слабом гравитационном поле ( $\varphi$ - гравитационный потенциал, $c$ - скорость света). А температура, измерепная наблюдателем, относительно к-рого тело движется со скоростью $v$, равна

\[
\tilde{T}=T /\left(1-v^{2} / c^{2}\right)^{1 / 2} .
\]

Релятивистская инвариантность әнтропии $S$ позволяет записать второй закон термодинамики в форме, принятой в нерелятивистской термодинамике:

\[
d S \geqslant \delta Q / T
\]

где изменение тепла $\delta Q$ и $T$ преобразуются по одинаковому закону. Равенство достигается для обратимых процессов.

Лит.: [1] Л а н д а у Л. Д., Л и Ф ш и ц Е. М., Статистическая физика, 2 изд., М., $1964 ;$ [ [2] М и з н е р ч., Т о р н K., у и л е $\mathrm{p}$ Д ж., Гравитация, пер. с англ., т. 2-3, М., 1977 [3] м ё л л е р К., Теория относительности, пер. с англ., 2 изд., М., $1975 . \quad$ A. А. Рузмайник.</text_orig>
</article>
