<?xml version="1.0" ?>
<article uri="http://libmeta.ru/me/article/1072_RELJaTIVNAJa" alphabetic_pos="1072">
  <title>РЕЛЯТИВНАЯ ГЕОМЕТРИЯ</title>
  <authors/>
  <pages>
    <start>488</start>
    <end>488</end>
  </pages>
  <literature>
    <literature_orig>Лum.: [1] M ü l l e r E., &quot;monatsh. Math. und Physik», 1921, Bd 31, S. 3-19; [2] N o r de n A. P. (h o p д е н A. П.), &quot;c. r. Acad. sci.&quot;, 1931, t. 192, p. $135-37 ;$ [3] е г о ж е, «изв. Вузов. Математика&quot;, $1958, \mathcal{N} 44$, с. $172-83 ;[4]$ е г о ж е, Простран-</literature_orig>
    <unit>
      <author>Müller E.</author>
      <title>&quot;monatsh. Math. und Physik»</title>
      <publication/>
      <year>1921</year>
      <other>Bd 31, S. 3-19</other>
    </unit>
    <unit>
      <title>N o r de n A. P. (h o p д е н A. П.), &quot;c. r. Acad. sci.&quot;</title>
      <publication/>
      <year>1931</year>
      <other>t. 192, p. $135-37 ;$</other>
    </unit>
    <unit>
      <title>е г о ж е, «изв. Вузов. Математика&quot;</title>
      <publication/>
      <year>1958</year>
      <other>\mathcal{N} 44$, с. $172-83</other>
    </unit>
    <unit>
      <title/>
      <publication/>
      <year/>
      <other>$ е г о ж е, Простран-</other>
    </unit>
  </literature>
  <formulas_main/>
  <formulas_aux>
    <formula uri="http://libmeta.ru/me/formula/aux/1072_1_RELJaTIVNAJa">s_{0}: \boldsymbol{n}=\boldsymbol{n}\left(u^{\mathbf{1}}\right.</formula>
    <formula uri="http://libmeta.ru/me/formula/aux/1072_2_RELJaTIVNAJa">\left.u^{2}\right)</formula>
    <formula uri="http://libmeta.ru/me/formula/aux/1072_3_RELJaTIVNAJa">s: \boldsymbol{r}=\boldsymbol{r}\left(u^{1}, u^{2}\right)</formula>
    <formula uri="http://libmeta.ru/me/formula/aux/1072_4_RELJaTIVNAJa">\frac{\partial \boldsymbol{r}}{\partial u^{1}}, \frac{\partial \boldsymbol{r}}{\partial u^{2}}, \boldsymbol{n}</formula>
    <formula uri="http://libmeta.ru/me/formula/aux/1072_5_RELJaTIVNAJa">s</formula>
    <formula uri="http://libmeta.ru/me/formula/aux/1072_6_RELJaTIVNAJa">\boldsymbol{n}</formula>
    <formula uri="http://libmeta.ru/me/formula/aux/1072_7_RELJaTIVNAJa">s</formula>
    <formula uri="http://libmeta.ru/me/formula/aux/1072_8_RELJaTIVNAJa">s</formula>
    <formula uri="http://libmeta.ru/me/formula/aux/1072_9_RELJaTIVNAJa">a</formula>
    <formula uri="http://libmeta.ru/me/formula/aux/1072_10_RELJaTIVNAJa">\alpha</formula>
    <formula uri="http://libmeta.ru/me/formula/aux/1072_11_RELJaTIVNAJa">\alpha</formula>
    <formula uri="http://libmeta.ru/me/formula/aux/1072_12_RELJaTIVNAJa">a</formula>
    <formula uri="http://libmeta.ru/me/formula/aux/1072_13_RELJaTIVNAJa">s</formula>
  </formulas_aux>
  <relations n="23">
    <relation uri="http://libmeta.ru/me/relation/1072_1_RELJaTIVNAJa">
      <rel_text>многомерное</rel_text>
      <target>http://libmeta.ru/me/article/438_MNOGOOBRAZI</target>
    </relation>
    <relation uri="http://libmeta.ru/me/relation/1072_2_RELJaTIVNAJa">
      <rel_text>внутренние геометрии</rel_text>
      <target>http://libmeta.ru/me/article/758_VNUTRENNJaJa</target>
    </relation>
    <relation uri="http://libmeta.ru/me/relation/1072_3_RELJaTIVNAJa">
      <rel_text>поверхности</rel_text>
      <target>http://libmeta.ru/me/article/332_POVERHNOST</target>
    </relation>
    <relation uri="http://libmeta.ru/me/relation/1072_4_RELJaTIVNAJa">
      <rel_text>нормаль</rel_text>
      <target>http://libmeta.ru/me/article/1037_NORMAL</target>
    </relation>
    <relation uri="http://libmeta.ru/me/relation/1072_5_RELJaTIVNAJa">
      <rel_text>касательной</rel_text>
      <target>http://libmeta.ru/me/article/774_KASATEL'NA</target>
    </relation>
    <relation uri="http://libmeta.ru/me/relation/1072_6_RELJaTIVNAJa">
      <rel_text>поверхности</rel_text>
      <target>http://libmeta.ru/me/article/332_POVERHNOST</target>
    </relation>
    <relation uri="http://libmeta.ru/me/relation/1072_7_RELJaTIVNAJa">
      <rel_text>нормаль</rel_text>
      <target>http://libmeta.ru/me/article/1037_NORMAL</target>
    </relation>
    <relation uri="http://libmeta.ru/me/relation/1072_8_RELJaTIVNAJa">
      <rel_text>проективного пространства</rel_text>
      <target>http://libmeta.ru/me/article/698_PROEKTIVNOE</target>
    </relation>
    <relation uri="http://libmeta.ru/me/relation/1072_9_RELJaTIVNAJa">
      <rel_text>поверхности</rel_text>
      <target>http://libmeta.ru/me/article/332_POVERHNOST</target>
    </relation>
    <relation uri="http://libmeta.ru/me/relation/1072_10_RELJaTIVNAJa">
      <rel_text>теория</rel_text>
      <target>http://libmeta.ru/me/article/381_TEORI</target>
    </relation>
    <relation uri="http://libmeta.ru/me/relation/1072_11_RELJaTIVNAJa">
      <rel_text>поверхности</rel_text>
      <target>http://libmeta.ru/me/article/332_POVERHNOST</target>
    </relation>
    <relation uri="http://libmeta.ru/me/relation/1072_12_RELJaTIVNAJa">
      <rel_text>сеть</rel_text>
      <target>http://libmeta.ru/me/article/1282_SET</target>
    </relation>
    <relation uri="http://libmeta.ru/me/relation/1072_13_RELJaTIVNAJa">
      <rel_text>характеризуется</rel_text>
      <target>http://libmeta.ru/me/article/839_HARAKTERISTIK</target>
    </relation>
    <relation uri="http://libmeta.ru/me/relation/1072_14_RELJaTIVNAJa">
      <rel_text>нормали</rel_text>
      <target>http://libmeta.ru/me/article/1037_NORMAL</target>
    </relation>
    <relation uri="http://libmeta.ru/me/relation/1072_15_RELJaTIVNAJa">
      <rel_text>аффинной</rel_text>
      <target>http://libmeta.ru/me/article/319_AFFINITE</target>
    </relation>
    <relation uri="http://libmeta.ru/me/relation/1072_16_RELJaTIVNAJa">
      <rel_text>Вектор</rel_text>
      <target>http://libmeta.ru/me/article/645_VEKTO</target>
    </relation>
    <relation uri="http://libmeta.ru/me/relation/1072_17_RELJaTIVNAJa">
      <rel_text>геометрии</rel_text>
      <target>http://libmeta.ru/me/article/1012_GEOMETRI</target>
    </relation>
    <relation uri="http://libmeta.ru/me/relation/1072_18_RELJaTIVNAJa">
      <rel_text>дифференциальной</rel_text>
      <target>http://libmeta.ru/me/article/302_DIFFERENTsIROVANI</target>
    </relation>
    <relation uri="http://libmeta.ru/me/relation/1072_19_RELJaTIVNAJa">
      <rel_text>аффинной</rel_text>
      <target>http://libmeta.ru/me/article/319_AFFINITE</target>
    </relation>
    <relation uri="http://libmeta.ru/me/relation/1072_20_RELJaTIVNAJa">
      <rel_text>геометрию</rel_text>
      <target>http://libmeta.ru/me/article/1012_GEOMETRI</target>
    </relation>
    <relation uri="http://libmeta.ru/me/relation/1072_21_RELJaTIVNAJa">
      <rel_text>псевдоевклидова пространств</rel_text>
      <target>http://libmeta.ru/me/article/772_PSEVDOGALILEEVO</target>
    </relation>
    <relation uri="http://libmeta.ru/me/relation/1072_22_RELJaTIVNAJa">
      <rel_text>поверхностей</rel_text>
      <target>http://libmeta.ru/me/article/332_POVERHNOST</target>
    </relation>
    <relation uri="http://libmeta.ru/me/relation/1072_23_RELJaTIVNAJa">
      <rel_text>геометрии</rel_text>
      <target>http://libmeta.ru/me/article/1012_GEOMETRI</target>
    </relation>
  </relations>
  <text>геометрия конфигурации, состоящей из двух поверхностей $URI[[http://libmeta.ru/me/formula/aux/1072_1_RELJaTIVNAJa]]/URI$, $URI[[http://libmeta.ru/me/formula/aux/1072_2_RELJaTIVNAJa]]/URI$ и $URI[[http://libmeta.ru/me/formula/aux/1072_3_RELJaTIVNAJa]]/URI$, находящихся в Петерсона соответствии. Аналогия между этим соответствием и сфереически.м отображением позволила ввести понятия релятивнойі площади, полної и средней кривизны и т. д., в частности релятивно минимальной поверхности (cm. [1]).

Рассмотрение деривационных уравнений для репера $URI[[http://libmeta.ru/me/formula/aux/1072_4_RELJaTIVNAJa]]/URI$ привело к понятию внутренней Р. г. поверхности $URI[[http://libmeta.ru/me/formula/aux/1072_5_RELJaTIVNAJa]]/URI$ (см. [2]). Это есть геометрия аффинной связности (точнее эквиаффинной) без кручения. Было введено понятие геометрии 2-го рода, аналогичной геометрии сферич. отображения (см. [3]).

Р. г. позволяет включить в общую схему, кроме URI[[http://libmeta.ru/me/relation/1072_23_RELJaTIVNAJa]]/URI URI[[http://libmeta.ru/me/relation/1072_22_RELJaTIVNAJa]]/URI евклидова и URI[[http://libmeta.ru/me/relation/1072_21_RELJaTIVNAJa]]/URI, также и URI[[http://libmeta.ru/me/relation/1072_20_RELJaTIVNAJa]]/URI URI[[http://libmeta.ru/me/relation/1072_19_RELJaTIVNAJa]]/URI URI[[http://libmeta.ru/me/relation/1072_18_RELJaTIVNAJa]]/URI URI[[http://libmeta.ru/me/relation/1072_17_RELJaTIVNAJa]]/URI. URI[[http://libmeta.ru/me/relation/1072_16_RELJaTIVNAJa]]/URI $URI[[http://libmeta.ru/me/formula/aux/1072_6_RELJaTIVNAJa]]/URI$ URI[[http://libmeta.ru/me/relation/1072_15_RELJaTIVNAJa]]/URI URI[[http://libmeta.ru/me/relation/1072_14_RELJaTIVNAJa]]/URI URI[[http://libmeta.ru/me/relation/1072_13_RELJaTIVNAJa]]/URI тем, что асимптотич. URI[[http://libmeta.ru/me/relation/1072_12_RELJaTIVNAJa]]/URI URI[[http://libmeta.ru/me/relation/1072_11_RELJaTIVNAJa]]/URI $URI[[http://libmeta.ru/me/formula/aux/1072_7_RELJaTIVNAJa]]/URI$ - чебышевская (см. [3]).

Дальнейшим обобщением P.r. является URI[[http://libmeta.ru/me/relation/1072_10_RELJaTIVNAJa]]/URI но [4]). С каждой точкой URI[[http://libmeta.ru/me/relation/1072_9_RELJaTIVNAJa]]/URI $URI[[http://libmeta.ru/me/formula/aux/1072_8_RELJaTIVNAJa]]/URI$ URI[[http://libmeta.ru/me/relation/1072_8_RELJaTIVNAJa]]/URI связываются две прямые: URI[[http://libmeta.ru/me/relation/1072_7_RELJaTIVNAJa]]/URI 1-го рода, проходящая через точку URI[[http://libmeta.ru/me/relation/1072_6_RELJaTIVNAJa]]/URI $URI[[http://libmeta.ru/me/formula/aux/1072_9_RELJaTIVNAJa]]/URI$, но не имеющая с URI[[http://libmeta.ru/me/relation/1072_5_RELJaTIVNAJa]]/URI плоскостью $URI[[http://libmeta.ru/me/formula/aux/1072_10_RELJaTIVNAJa]]/URI$ других общих точек и URI[[http://libmeta.ru/me/relation/1072_4_RELJaTIVNAJa]]/URI 2-го рода, принадлежацая $URI[[http://libmeta.ru/me/formula/aux/1072_11_RELJaTIVNAJa]]/URI$, но не проходящая через $URI[[http://libmeta.ru/me/formula/aux/1072_12_RELJaTIVNAJa]]/URI$. На URI[[http://libmeta.ru/me/relation/1072_3_RELJaTIVNAJa]]/URI $URI[[http://libmeta.ru/me/formula/aux/1072_13_RELJaTIVNAJa]]/URI$ определяются при әтом две URI[[http://libmeta.ru/me/relation/1072_2_RELJaTIVNAJa]]/URI, сопряженные относительно асимптотич. сети. Построения P. г. допускают URI[[http://libmeta.ru/me/relation/1072_1_RELJaTIVNAJa]]/URI обобщение (см. [4]).</text>
  <text_orig>геометрия конфигурации, состоящей из двух поверхностей $S_{0}: \boldsymbol{n}=\boldsymbol{n}\left(u^{\mathbf{1}}\right.$, $\left.u^{2}\right)$ и $S: \boldsymbol{r}=\boldsymbol{r}\left(u^{1}, u^{2}\right)$, находящихся в Петерсона соответствии. Аналогия между этим соответствием и сфереически.м отображением позволила ввести понятия релятивнойі площади, полної и средней кривизны и т. д., в частности релятивно минимальной поверхности (cM. [1]).

Рассмотрение деривационных уравнений для репера $\frac{\partial \boldsymbol{r}}{\partial u^{1}}, \frac{\partial \boldsymbol{r}}{\partial u^{2}}, \boldsymbol{n}$ привело к понятию внутренней Р. г. поверхности $S$ (см. [2]). Это есть геометрия аффинной связности (точнее эквиаффинной) без кручения. Было введено понятие геометрии 2-го рода, аналогичной геометрии сферич. отображения (см. [3]).

Р. г. позволяет включить в общую схему, кроме геометрии поверхностей евклидова и псевдоевклидова пространств, также и геометрию аффинной дифференциальной геометрии. Вектор $\boldsymbol{n}$ аффинной нормали характеризуется тем, что асимптотич. сеть поверхности $S$ - чебышевская (см. [3]).

Дальнейшим обобщением P.r. является теория но [4]). С каждой точкой поверхности $S$ проективного пространства связываются две прямые: нормаль 1-го рода, проходящая через точку поверхности $A$, но не имеющая с касательной плоскостью $\alpha$ других общих точек и нормаль 2-го рода, принадлежацая $\alpha$, но не проходящая через $A$. На поверхности $S$ определяются при әтом две внутренние геометрии, сопряженные относительно асимптотич. сети. Построения P. г. допускают многомерное обобщение (см. [4]).

Лum.: [1] M ü l l e r E., &quot;Monatsh. Math. und Physik», 1921, Bd 31, S. 3-19; [2] N o r de n A. P. (H o p д е н A. П.), &quot;C. r. Acad. sci.&quot;, 1931, t. 192, p. $135-37 ;$ [3] е г о ж е, «Изв. ВУЗов. Математика&quot;, $1958, \mathcal{N} 44$, с. $172-83 ;[4]$ е г о ж е, Простран-</text_orig>
</article>
