<?xml version="1.0" ?>
<article uri="http://libmeta.ru/me/article/1072_NORMAL'NYJ" alphabetic_pos="1072">
  <title>НОРМАЛЬНЫЙ ПУЧОК</title>
  <authors/>
  <pages>
    <start>539</start>
    <end>539</end>
  </pages>
  <literature>
    <literature_orig>Лит.: [1] Iii а ф а р е в и ч И. Р., Основы алгебраической геометрии, M., 1972; [2] H a r t s h or n e R., Algebraic geometry, N. Y.-Hdlb.-B., 1977.</literature_orig>
    <unit>
      <author>Iiiафаревич И. Р.</author>
      <title>Основы алгебраической геометрии</title>
      <publication>M.</publication>
      <year>1972</year>
      <other/>
    </unit>
    <unit>
      <author>Hartshorne R.</author>
      <title>Algebraic geometry, N. Y.-Hdlb.-B.</title>
      <publication/>
      <year>1977</year>
      <other/>
    </unit>
  </literature>
  <formulas_main>
    <formula uri="http://libmeta.ru/me/formula/main/1072_1_NORMAL'NYJ">(f, f \#):\left(Y, G_{Y}\right) \rightarrow\left(X, \widehat{G}_{X}\right)</formula>
    <formula uri="http://libmeta.ru/me/formula/main/1072_2_NORMAL'NYJ">0 \rightarrow \mathcal{N}_{Y / X}^{*} \stackrel{\delta}{\rightarrow} f^{*} \Omega_{X}^{1} \rightarrow \Omega_{Y}^{1} \rightarrow 0</formula>
    <formula uri="http://libmeta.ru/me/formula/main/1072_3_NORMAL'NYJ">0 \rightarrow \mathscr{V}_{Y} \rightarrow f^{*} \mathscr{\mho}_{X} \rightarrow \mathcal{N}_{Y, X} \rightarrow 0</formula>
    <formula uri="http://libmeta.ru/me/formula/main/1072_4_NORMAL'NYJ">\mathcal{N}_{Y / X}^{*} \stackrel{\delta}{\rightarrow} \Omega_{X} \otimes \widehat{G} Y \rightarrow \Omega_{Y} \rightarrow 0,</formula>
    <formula uri="http://libmeta.ru/me/formula/main/1072_5_NORMAL'NYJ">0 \rightarrow \mathscr{V}_{Y} \rightarrow \mathscr{\mathscr { V }}_{X} \otimes \widehat{\sigma}_{Y} \rightarrow \mathcal{N}_{Y / X} \rightarrow 0</formula>
  </formulas_main>
  <formulas_aux>
    <formula uri="http://libmeta.ru/me/formula/aux/1072_1_NORMAL'NYJ">f \#: f^{*} \widehat{\sigma}_{X} \rightarrow \widehat{G}_{Y}</formula>
    <formula uri="http://libmeta.ru/me/formula/aux/1072_2_NORMAL'NYJ">\mathfrak{i}=\operatorname{ker} f \#</formula>
    <formula uri="http://libmeta.ru/me/formula/aux/1072_3_NORMAL'NYJ">\mathscr{i} / \mathscr{J}^{2}</formula>
    <formula uri="http://libmeta.ru/me/formula/aux/1072_4_NORMAL'NYJ">f * \mathcal{O}_{x} / \mathfrak{J} \cong</formula>
    <formula uri="http://libmeta.ru/me/formula/aux/1072_5_NORMAL'NYJ">=\mathfrak{j} / \mathfrak{J}^{20}</formula>
    <formula uri="http://libmeta.ru/me/formula/aux/1072_6_NORMAL'NYJ">f</formula>
    <formula uri="http://libmeta.ru/me/formula/aux/1072_7_NORMAL'NYJ">\widehat{\sigma}_{y}</formula>
    <formula uri="http://libmeta.ru/me/formula/aux/1072_8_NORMAL'NYJ">\mathcal{n}_{y / X}=</formula>
    <formula uri="http://libmeta.ru/me/formula/aux/1072_9_NORMAL'NYJ">=\operatorname{hom}_{\sigma_{y}}\left(\mathcal{n}_{\boldsymbol{y} / X}^{*}, \hat{\sigma}_{Y}\right)-</formula>
    <formula uri="http://libmeta.ru/me/formula/aux/1072_10_NORMAL'NYJ">f</formula>
    <formula uri="http://libmeta.ru/me/formula/aux/1072_11_NORMAL'NYJ">x, Y</formula>
    <formula uri="http://libmeta.ru/me/formula/aux/1072_12_NORMAL'NYJ">c^{\infty}</formula>
    <formula uri="http://libmeta.ru/me/formula/aux/1072_13_NORMAL'NYJ">f: Y \rightarrow X</formula>
    <formula uri="http://libmeta.ru/me/formula/aux/1072_14_NORMAL'NYJ">\omega_{x}^{1}, \Omega_{Y}^{1}</formula>
    <formula uri="http://libmeta.ru/me/formula/aux/1072_15_NORMAL'NYJ">x</formula>
    <formula uri="http://libmeta.ru/me/formula/aux/1072_16_NORMAL'NYJ">y</formula>
    <formula uri="http://libmeta.ru/me/formula/aux/1072_17_NORMAL'NYJ">\delta</formula>
    <formula uri="http://libmeta.ru/me/formula/aux/1072_18_NORMAL'NYJ">\mathscr{f}_{x}, \mathscr{V}_{Y}</formula>
    <formula uri="http://libmeta.ru/me/formula/aux/1072_19_NORMAL'NYJ">x, Y</formula>
    <formula uri="http://libmeta.ru/me/formula/aux/1072_20_NORMAL'NYJ">\mathcal{n}_{y / X}</formula>
    <formula uri="http://libmeta.ru/me/formula/aux/1072_21_NORMAL'NYJ">f</formula>
    <formula uri="http://libmeta.ru/me/formula/aux/1072_22_NORMAL'NYJ">\boldsymbol{y}</formula>
    <formula uri="http://libmeta.ru/me/formula/aux/1072_23_NORMAL'NYJ">\mathcal{n}_{y / X}</formula>
    <formula uri="http://libmeta.ru/me/formula/aux/1072_24_NORMAL'NYJ">\mathcal{n}_{y / X}^{*}</formula>
    <formula uri="http://libmeta.ru/me/formula/aux/1072_25_NORMAL'NYJ">\left(x, G_{X}\right)</formula>
    <formula uri="http://libmeta.ru/me/formula/aux/1072_26_NORMAL'NYJ">k</formula>
    <formula uri="http://libmeta.ru/me/formula/aux/1072_27_NORMAL'NYJ">\left(y, \hat{G}_{Y}\right)</formula>
    <formula uri="http://libmeta.ru/me/formula/aux/1072_28_NORMAL'NYJ">f: Y \rightarrow X-</formula>
    <formula uri="http://libmeta.ru/me/formula/aux/1072_29_NORMAL'NYJ">\mathcal{n}_{\boldsymbol{y} / X}</formula>
    <formula uri="http://libmeta.ru/me/formula/aux/1072_30_NORMAL'NYJ">\mathcal{n}_{\boldsymbol{y} / X}^{*}</formula>
    <formula uri="http://libmeta.ru/me/formula/aux/1072_31_NORMAL'NYJ">y</formula>
    <formula uri="http://libmeta.ru/me/formula/aux/1072_32_NORMAL'NYJ">\omega_{x}, \Omega_{Y}-</formula>
    <formula uri="http://libmeta.ru/me/formula/aux/1072_33_NORMAL'NYJ">x, Y</formula>
    <formula uri="http://libmeta.ru/me/formula/aux/1072_34_NORMAL'NYJ">\mathcal{n}_{y / X}^{*}</formula>
    <formula uri="http://libmeta.ru/me/formula/aux/1072_35_NORMAL'NYJ">\mathcal{n}_{y / X}</formula>
    <formula uri="http://libmeta.ru/me/formula/aux/1072_36_NORMAL'NYJ">x-</formula>
    <formula uri="http://libmeta.ru/me/formula/aux/1072_37_NORMAL'NYJ">x</formula>
    <formula uri="http://libmeta.ru/me/formula/aux/1072_38_NORMAL'NYJ">k</formula>
    <formula uri="http://libmeta.ru/me/formula/aux/1072_39_NORMAL'NYJ">y</formula>
    <formula uri="http://libmeta.ru/me/formula/aux/1072_40_NORMAL'NYJ">\mathcal{n}_{\boldsymbol{y} / X}^{*}</formula>
    <formula uri="http://libmeta.ru/me/formula/aux/1072_41_NORMAL'NYJ">\delta</formula>
    <formula uri="http://libmeta.ru/me/formula/aux/1072_42_NORMAL'NYJ">\mathcal{n}_{\boldsymbol{y} / X}</formula>
    <formula uri="http://libmeta.ru/me/formula/aux/1072_43_NORMAL'NYJ">r=\operatorname{codim} Y</formula>
    <formula uri="http://libmeta.ru/me/formula/aux/1072_44_NORMAL'NYJ">y</formula>
    <formula uri="http://libmeta.ru/me/formula/aux/1072_45_NORMAL'NYJ">r=1</formula>
    <formula uri="http://libmeta.ru/me/formula/aux/1072_46_NORMAL'NYJ">\mathcal{n}_{y / X}</formula>
    <formula uri="http://libmeta.ru/me/formula/aux/1072_47_NORMAL'NYJ">y</formula>
    <formula uri="http://libmeta.ru/me/formula/aux/1072_48_NORMAL'NYJ">\boldsymbol{y} \cdot \boldsymbol{Y}</formula>
    <formula uri="http://libmeta.ru/me/formula/aux/1072_49_NORMAL'NYJ">\boldsymbol{y} \subset X</formula>
    <formula uri="http://libmeta.ru/me/formula/aux/1072_50_NORMAL'NYJ">\boldsymbol{y} \cdot \boldsymbol{Y}=</formula>
    <formula uri="http://libmeta.ru/me/formula/aux/1072_51_NORMAL'NYJ">=f_{*} c_{r}\left(\mathcal{N}_{Y / X}\right)</formula>
    <formula uri="http://libmeta.ru/me/formula/aux/1072_52_NORMAL'NYJ">c_{r}</formula>
    <formula uri="http://libmeta.ru/me/formula/aux/1072_53_NORMAL'NYJ">r</formula>
    <formula uri="http://libmeta.ru/me/formula/aux/1072_54_NORMAL'NYJ">f_{*}: A(Y) \rightarrow</formula>
    <formula uri="http://libmeta.ru/me/formula/aux/1072_55_NORMAL'NYJ">\rightarrow A(X)</formula>
    <formula uri="http://libmeta.ru/me/formula/aux/1072_56_NORMAL'NYJ">f: Y \rightarrow X</formula>
    <formula uri="http://libmeta.ru/me/formula/aux/1072_57_NORMAL'NYJ">\left(x, \hat{G}_{x}\right)</formula>
    <formula uri="http://libmeta.ru/me/formula/aux/1072_58_NORMAL'NYJ">\left(y, \widehat{G}_{Y}\right)-</formula>
    <formula uri="http://libmeta.ru/me/formula/aux/1072_59_NORMAL'NYJ">f</formula>
    <formula uri="http://libmeta.ru/me/formula/aux/1072_60_NORMAL'NYJ">\mathcal{n}_{\boldsymbol{y} / X}</formula>
    <formula uri="http://libmeta.ru/me/formula/aux/1072_61_NORMAL'NYJ">\mathcal{n}_{\boldsymbol{y} / \boldsymbol{X}}^{*}</formula>
    <formula uri="http://libmeta.ru/me/formula/aux/1072_62_NORMAL'NYJ">y</formula>
    <formula uri="http://libmeta.ru/me/formula/aux/1072_63_NORMAL'NYJ">x</formula>
    <formula uri="http://libmeta.ru/me/formula/aux/1072_64_NORMAL'NYJ">y</formula>
    <formula uri="http://libmeta.ru/me/formula/aux/1072_65_NORMAL'NYJ">\mathcal{n}_{y / X}</formula>
    <formula uri="http://libmeta.ru/me/formula/aux/1072_66_NORMAL'NYJ">y</formula>
  </formulas_aux>
  <relations n="8">
    <relation uri="http://libmeta.ru/me/relation/1072_1_NORMAL'NYJ">
      <rel_text>расслоения</rel_text>
      <target>http://libmeta.ru/me/article/973_RASSLOENI</target>
    </relation>
    <relation uri="http://libmeta.ru/me/relation/1072_2_NORMAL'NYJ">
      <rel_text>нормального</rel_text>
      <target>http://libmeta.ru/me/article/1034_NORMALIZATO</target>
    </relation>
    <relation uri="http://libmeta.ru/me/relation/1072_3_NORMAL'NYJ">
      <rel_text>сечений</rel_text>
      <target>http://libmeta.ru/me/article/1284_SEChENI</target>
    </relation>
    <relation uri="http://libmeta.ru/me/relation/1072_4_NORMAL'NYJ">
      <rel_text>пучок</rel_text>
      <target>http://libmeta.ru/me/article/831_PUChO</target>
    </relation>
    <relation uri="http://libmeta.ru/me/relation/1072_5_NORMAL'NYJ">
      <rel_text>подмногообразие</rel_text>
      <target>http://libmeta.ru/me/article/358_PODMNOGOOBRAZI</target>
    </relation>
    <relation uri="http://libmeta.ru/me/relation/1072_6_NORMAL'NYJ">
      <rel_text>многообразие</rel_text>
      <target>http://libmeta.ru/me/article/438_MNOGOOBRAZI</target>
    </relation>
    <relation uri="http://libmeta.ru/me/relation/1072_7_NORMAL'NYJ">
      <rel_text>пространство</rel_text>
      <target>http://libmeta.ru/me/article/748_PROSTRANSTV</target>
    </relation>
    <relation uri="http://libmeta.ru/me/relation/1072_8_NORMAL'NYJ">
      <rel_text>комплексное</rel_text>
      <target>http://libmeta.ru/me/article/1005_KOMPAKTNOST</target>
    </relation>
  </relations>
  <text>аналог нормального расслоения в теории пучков. Пусть

\[
URI[[http://libmeta.ru/me/formula/main/1072_1_NORMAL'NYJ]]/URI
\]

- морфизм окольцованных пространств такой, что гомоморфіизм $URI[[http://libmeta.ru/me/formula/aux/1072_1_NORMAL'NYJ]]/URI$ сюръективен, и пусть $URI[[http://libmeta.ru/me/formula/aux/1072_2_NORMAL'NYJ]]/URI$. Тогда $URI[[http://libmeta.ru/me/formula/aux/1072_3_NORMAL'NYJ]]/URI$ есть пучок идеалов в $URI[[http://libmeta.ru/me/formula/aux/1072_4_NORMAL'NYJ]]/URI$

![](https://cdn.mathpix.com/cropped/2023_07_08_d05c94cc2251fc8c04adg-1.jpg?height=47&amp;width=834&amp;top_left_y=393&amp;top_left_x=119)
$URI[[http://libmeta.ru/me/formula/aux/1072_5_NORMAL'NYJ]]/URI$ наз. к о н о р м а ль ь ы м пуч ко м м о рф и з м а $URI[[http://libmeta.ru/me/formula/aux/1072_6_NORMAL'NYJ]]/URI$, а двойственный $URI[[http://libmeta.ru/me/formula/aux/1072_7_NORMAL'NYJ]]/URI$ модуль $URI[[http://libmeta.ru/me/formula/aux/1072_8_NORMAL'NYJ]]/URI$ $URI[[http://libmeta.ru/me/formula/aux/1072_9_NORMAL'NYJ]]/URI$ н о р м а л ь н ы м пу ч ко м м о р фи з м а $URI[[http://libmeta.ru/me/formula/aux/1072_10_NORMAL'NYJ]]/URI$. Эги пучки обычно рассматриваются в следующих частных случаях.

1) $URI[[http://libmeta.ru/me/formula/aux/1072_11_NORMAL'NYJ]]/URI$ - дифференцируемые (напр., класса $URI[[http://libmeta.ru/me/formula/aux/1072_12_NORMAL'NYJ]]/URI$ ) многообразия, $URI[[http://libmeta.ru/me/formula/aux/1072_13_NORMAL'NYJ]]/URI$ - погружение. Имеется точная

![](https://cdn.mathpix.com/cropped/2023_07_08_d05c94cc2251fc8c04adg-1.jpg?height=40&amp;width=479&amp;top_left_y=660&amp;top_left_x=123)

\[
URI[[http://libmeta.ru/me/formula/main/1072_2_NORMAL'NYJ]]/URI
\]

где $URI[[http://libmeta.ru/me/formula/aux/1072_14_NORMAL'NYJ]]/URI$ - пучки ростков гладких 1-форм на $URI[[http://libmeta.ru/me/formula/aux/1072_15_NORMAL'NYJ]]/URI$ и $URI[[http://libmeta.ru/me/formula/aux/1072_16_NORMAL'NYJ]]/URI$, а $URI[[http://libmeta.ru/me/formula/aux/1072_17_NORMAL'NYJ]]/URI$ определяется дифференцированием функций. Двойственная точная последовательность

\[
URI[[http://libmeta.ru/me/formula/main/1072_3_NORMAL'NYJ]]/URI
\]

где $URI[[http://libmeta.ru/me/formula/aux/1072_18_NORMAL'NYJ]]/URI$ - касательные пучки на $URI[[http://libmeta.ru/me/formula/aux/1072_19_NORMAL'NYJ]]/URI$, показывает, что $URI[[http://libmeta.ru/me/formula/aux/1072_20_NORMAL'NYJ]]/URI$ изоморфен пучку ростков гладких сечений нормального расслоения погружения $URI[[http://libmeta.ru/me/formula/aux/1072_21_NORMAL'NYJ]]/URI$. Если $URI[[http://libmeta.ru/me/formula/aux/1072_22_NORMAL'NYJ]]/URI$ - погруженное подмногообразие, то $URI[[http://libmeta.ru/me/formula/aux/1072_23_NORMAL'NYJ]]/URI$ и $URI[[http://libmeta.ru/me/formula/aux/1072_24_NORMAL'NYJ]]/URI$ наз. н о pма льным и конорма ль ным пуч а м и

![](https://cdn.mathpix.com/cropped/2023_07_08_d05c94cc2251fc8c04adg-1.jpg?height=39&amp;width=476&amp;top_left_y=1092&amp;top_left_x=122)

2) $URI[[http://libmeta.ru/me/formula/aux/1072_25_NORMAL'NYJ]]/URI$ - неприводимая отделимая схема конетного типа над алгебраически замкнутым полем $URI[[http://libmeta.ru/me/formula/aux/1072_26_NORMAL'NYJ]]/URI$, $URI[[http://libmeta.ru/me/formula/aux/1072_27_NORMAL'NYJ]]/URI$ - ее замкнутая подсхема, $URI[[http://libmeta.ru/me/formula/aux/1072_28_NORMAL'NYJ]]/URI$ вложение. Тогда $URI[[http://libmeta.ru/me/formula/aux/1072_29_NORMAL'NYJ]]/URI$ и $URI[[http://libmeta.ru/me/formula/aux/1072_30_NORMAL'NYJ]]/URI$ наз. н о р м а л ь н ы м иконормальным пучкам и подсхемы $URI[[http://libmeta.ru/me/formula/aux/1072_31_NORMAL'NYJ]]/URI$. Имеется также последовательность бү-модулей

\[
URI[[http://libmeta.ru/me/formula/main/1072_4_NORMAL'NYJ]]/URI
\]

где $URI[[http://libmeta.ru/me/formula/aux/1072_32_NORMAL'NYJ]]/URI$ пучки диффференциалов на $URI[[http://libmeta.ru/me/formula/aux/1072_33_NORMAL'NYJ]]/URI$. Пучки $URI[[http://libmeta.ru/me/formula/aux/1072_34_NORMAL'NYJ]]/URI$ I $URI[[http://libmeta.ru/me/formula/aux/1072_35_NORMAL'NYJ]]/URI$ квазикогерентны, а если $URI[[http://libmeta.ru/me/formula/aux/1072_36_NORMAL'NYJ]]/URI$ нётерова схема, то они когерентнн. Если $URI[[http://libmeta.ru/me/formula/aux/1072_37_NORMAL'NYJ]]/URI$ - неособое многообразие над $URI[[http://libmeta.ru/me/formula/aux/1072_38_NORMAL'NYJ]]/URI$, то $URI[[http://libmeta.ru/me/formula/aux/1072_39_NORMAL'NYJ]]/URI$ является неособым многообразием тогда и только тогда, когда пучок $URI[[http://libmeta.ru/me/formula/aux/1072_40_NORMAL'NYJ]]/URI$ локально сеободен или когда в (*) гомоморфизм $URI[[http://libmeta.ru/me/formula/aux/1072_41_NORMAL'NYJ]]/URI$ инъективен. В этом случае получается двойственная тичная последовательность

\[
URI[[http://libmeta.ru/me/formula/main/1072_5_NORMAL'NYJ]]/URI
\]

так что H. п. $URI[[http://libmeta.ru/me/formula/aux/1072_42_NORMAL'NYJ]]/URI$ - локально свободный пучок ранга $URI[[http://libmeta.ru/me/formula/aux/1072_43_NORMAL'NYJ]]/URI$, отвечаюший нормальному расслоению над $URI[[http://libmeta.ru/me/formula/aux/1072_44_NORMAL'NYJ]]/URI$. В частности, если $URI[[http://libmeta.ru/me/formula/aux/1072_45_NORMAL'NYJ]]/URI$, то $URI[[http://libmeta.ru/me/formula/aux/1072_46_NORMAL'NYJ]]/URI$ - обратимый пучок, отвечающий дивизору $URI[[http://libmeta.ru/me/formula/aux/1072_47_NORMAL'NYJ]]/URI$.

В терминах H. п. выражается самопересечение $URI[[http://libmeta.ru/me/formula/aux/1072_48_NORMAL'NYJ]]/URI$ неособого подмногообразия $URI[[http://libmeta.ru/me/formula/aux/1072_49_NORMAL'NYJ]]/URI$. А именно, $URI[[http://libmeta.ru/me/formula/aux/1072_50_NORMAL'NYJ]]/URI$ $URI[[http://libmeta.ru/me/formula/aux/1072_51_NORMAL'NYJ]]/URI$, где $URI[[http://libmeta.ru/me/formula/aux/1072_52_NORMAL'NYJ]]/URI$ есть $URI[[http://libmeta.ru/me/formula/aux/1072_53_NORMAL'NYJ]]/URI$-й Чжәня класc, $URI[[http://libmeta.ru/me/formula/aux/1072_54_NORMAL'NYJ]]/URI$ $URI[[http://libmeta.ru/me/formula/aux/1072_55_NORMAL'NYJ]]/URI$ - гомоморфизм Чжоу колеи, отвечающий вложкению $URI[[http://libmeta.ru/me/formula/aux/1072_56_NORMAL'NYJ]]/URI$.

3) $URI[[http://libmeta.ru/me/formula/aux/1072_57_NORMAL'NYJ]]/URI$ - URI[[http://libmeta.ru/me/relation/1072_8_NORMAL'NYJ]]/URI URI[[http://libmeta.ru/me/relation/1072_7_NORMAL'NYJ]]/URI, $URI[[http://libmeta.ru/me/formula/aux/1072_58_NORMAL'NYJ]]/URI$ его замкнутое аналитич. подпространство, $URI[[http://libmeta.ru/me/formula/aux/1072_59_NORMAL'NYJ]]/URI$ - вложение. Пучки $URI[[http://libmeta.ru/me/formula/aux/1072_60_NORMAL'NYJ]]/URI$ и $URI[[http://libmeta.ru/me/formula/aux/1072_61_NORMAL'NYJ]]/URI$ наз. н о р м а л ь н ы м иконорма льны м пучкам и под простp а н с т в а $URI[[http://libmeta.ru/me/formula/aux/1072_62_NORMAL'NYJ]]/URI$; они когерептны. Если $URI[[http://libmeta.ru/me/formula/aux/1072_63_NORMAL'NYJ]]/URI$ - аналитич. URI[[http://libmeta.ru/me/relation/1072_6_NORMAL'NYJ]]/URI, а $URI[[http://libmeta.ru/me/formula/aux/1072_64_NORMAL'NYJ]]/URI$ - его аналитич. URI[[http://libmeta.ru/me/relation/1072_5_NORMAL'NYJ]]/URI, то $URI[[http://libmeta.ru/me/formula/aux/1072_65_NORMAL'NYJ]]/URI$ есть URI[[http://libmeta.ru/me/relation/1072_4_NORMAL'NYJ]]/URI ростков голоморфных URI[[http://libmeta.ru/me/relation/1072_3_NORMAL'NYJ]]/URI URI[[http://libmeta.ru/me/relation/1072_2_NORMAL'NYJ]]/URI URI[[http://libmeta.ru/me/relation/1072_1_NORMAL'NYJ]]/URI над $URI[[http://libmeta.ru/me/formula/aux/1072_66_NORMAL'NYJ]]/URI$.</text>
  <text_orig>аналог нормального расслоения в теории пучков. Пусть

\[
(f, f \#):\left(Y, G_{Y}\right) \rightarrow\left(X, \widehat{G}_{X}\right)
\]

- морфизм окольцованных пространств такой, что гомоморфіизм $f \#: f^{*} \widehat{\sigma}_{X} \rightarrow \widehat{G}_{Y}$ сюръективен, и пусть $\mathfrak{I}=\operatorname{Ker} f \#$. Тогда $\mathscr{I} / \mathscr{J}^{2}$ есть пучок идеалов в $f * \mathcal{O}_{x} / \mathfrak{J} \cong$

![](https://cdn.mathpix.com/cropped/2023_07_08_d05c94cc2251fc8c04adg-1.jpg?height=47&amp;width=834&amp;top_left_y=393&amp;top_left_x=119)
$=\mathfrak{J} / \mathfrak{J}^{20}$ наз. к о н о р м а ль ь ы м пуч ко м м о рф и з м а $f$, а двойственный $\widehat{\sigma}_{Y}$ модуль $\mathcal{N}_{Y / X}=$ $=\operatorname{Hom}_{\sigma_{Y}}\left(\mathcal{N}_{\boldsymbol{Y} / X}^{*}, \hat{\sigma}_{Y}\right)-$ н о р м а л ь н ы м пу ч ко м м о р фи з м а $f$. Эги пучки обычно рассматриваются в следующих частных случаях.

1) $X, Y$ - дифференцируемые (напр., класса $C^{\infty}$ ) многообразия, $f: Y \rightarrow X$ - погружение. Имеется точная

![](https://cdn.mathpix.com/cropped/2023_07_08_d05c94cc2251fc8c04adg-1.jpg?height=40&amp;width=479&amp;top_left_y=660&amp;top_left_x=123)

\[
0 \rightarrow \mathcal{N}_{Y / X}^{*} \stackrel{\delta}{\rightarrow} f^{*} \Omega_{X}^{1} \rightarrow \Omega_{Y}^{1} \rightarrow 0
\]

где $\Omega_{X}^{1}, \Omega_{Y}^{1}$ - пучки ростков гладких 1-форм на $X$ и $Y$, а $\delta$ определяется дифференцированием функций. Двойственная точная последовательность

\[
0 \rightarrow \mathscr{V}_{Y} \rightarrow f^{*} \mathscr{\mho}_{X} \rightarrow \mathcal{N}_{Y, X} \rightarrow 0
\]

где $\mathscr{F}_{X}, \mathscr{V}_{Y}$ - касательные пучки на $X, Y$, показывает, что $\mathcal{N}_{Y / X}$ изоморфен пучку ростков гладких сечений нормального расслоения погружения $f$. Если $\boldsymbol{Y}$ - погруженное подмногообразие, то $\mathcal{N}_{Y / X}$ и $\mathcal{N}_{Y / X}^{*}$ наз. н о pма льным и конорма ль ным пуч а м и

![](https://cdn.mathpix.com/cropped/2023_07_08_d05c94cc2251fc8c04adg-1.jpg?height=39&amp;width=476&amp;top_left_y=1092&amp;top_left_x=122)

2) $\left(X, G_{X}\right)$ - неприводимая отделимая схема конетного типа над алгебраически замкнутым полем $k$, $\left(Y, \hat{G}_{Y}\right)$ - ее замкнутая подсхема, $f: Y \rightarrow X-$ вложение. Тогда $\mathcal{N}_{\boldsymbol{Y} / X}$ и $\mathcal{N}_{\boldsymbol{Y} / X}^{*}$ наз. н о р м а л ь н ы м иконормальным пучкам и подсхемы $Y$. Имеется также последовательность бү-модулей

\[
\mathcal{N}_{Y / X}^{*} \stackrel{\delta}{\rightarrow} \Omega_{X} \otimes \widehat{G} Y \rightarrow \Omega_{Y} \rightarrow 0,
\]

где $\Omega_{X}, \Omega_{Y}-$ пучки диффференциалов на $X, Y$. Пучки $\mathcal{N}_{Y / X}^{*}$ I $\mathcal{N}_{Y / X}$ квазикогерентны, а если $X-$ нётерова схема, то они когерентнн. Если $X$ - неособое многообразие над $k$, то $Y$ является неособым многообразием тогда и только тогда, когда пучок $\mathcal{N}_{\boldsymbol{Y} / X}^{*}$ локально сеободен или когда в (*) гомоморфизм $\delta$ инъективен. В этом случае получается двойственная тичная последовательность

\[
0 \rightarrow \mathscr{V}_{Y} \rightarrow \mathscr{\mathscr { V }}_{X} \otimes \widehat{\sigma}_{Y} \rightarrow \mathcal{N}_{Y / X} \rightarrow 0
\]

так что H. п. $\mathcal{N}_{\boldsymbol{Y} / X}$ - локально свободный пучок ранга $r=\operatorname{codim} Y$, отвечаюший нормальному расслоению над $Y$. В частности, если $r=1$, то $\mathcal{N}_{Y / X}$ - обратимый пучок, отвечающий дивизору $Y$.

В терминах H. п. выражается самопересечение $\boldsymbol{Y} \cdot \boldsymbol{Y}$ неособого подмногообразия $\boldsymbol{Y} \subset X$. А именно, $\boldsymbol{Y} \cdot \boldsymbol{Y}=$ $=f_{*} c_{r}\left(\mathcal{N}_{Y / X}\right)$, где $c_{r}$ есть $r$-й Чжәня класc, $f_{*}: A(Y) \rightarrow$ $\rightarrow A(X)$ - гомоморфизм Чжоу колеи, отвечающий вложкению $f: Y \rightarrow X$.

3) $\left(X, \hat{G}_{x}\right)$ - комплексное пространство, $\left(Y, \widehat{G}_{Y}\right)-$ его замкнутое аналитич. подпространство, $f$ - вложение. Пучки $\mathcal{N}_{\boldsymbol{Y} / X}$ и $\mathcal{N}_{\boldsymbol{Y} / \boldsymbol{X}}^{*}$ наз. н о р м а л ь н ы м иконорма льны м пучкам и под простp а н с т в а $Y$; они когерептны. Если $X$ - аналитич. многообразие, а $Y$ - его аналитич. подмногообразие, то $\mathcal{N}_{Y / X}$ есть пучок ростков голоморфных сечений нормального расслоения над $Y$.

Лит.: [1] III а ф а р е в и ч И. Р., Основы алгебраической геометрии, M., 1972; [2] H a r t s h or n e R., Algebraic geometry, N. Y.-Hdlb.-B., 1977.</text_orig>
</article>
