<?xml version="1.0" ?>
<article uri="http://libmeta.ru/me/article/1073_RENYI" alphabetic_pos="1073">
  <title>РЕНЫИ КРИТЕРЙ̆</title>
  <authors/>
  <pages>
    <start>488</start>
    <end>488</end>
  </pages>
  <literature>
    <literature_orig>Jum.: [1] R é n y i A., &quot;acta math. Acad. scient. hung.&quot;, говых критериев, пер. с англ., М., 1971; [3] Б о л в ш е в Ј. Н., С м и р н о в Н. В., Таблицы математической статистики, 2изд., М., 1968.</literature_orig>
    <unit>
      <author>Rényi A.</author>
      <title>&quot;acta math. Acad. scient. hung.&quot;, говых критериев</title>
      <publication>пер. с англ., М.</publication>
      <year>1971</year>
      <other>С м и р н о в Н. В., Таблицы математической статистики, 2изд., М., 1968.</other>
    </unit>
  </literature>
  <formulas_main>
    <formula uri="http://libmeta.ru/me/formula/main/1073_1_RENYI">\begin{gathered}H_{1}^{+}: \sup _{|x|&lt;\infty} \Psi[F(x)]\left(E F_{n}(x)-F(x)\right)&gt;0, \\H_{1}^{-}: \inf _{|x|&lt;\infty} \Psi[F(x)]\left(E F_{n}-(x) F(x)\right)&lt;0, \\H_{1}: \sup _{|x|&lt;\infty} \psi[F(x)]\left|E F_{n}(x)-F(x)\right|&gt;0,\end{gathered}</formula>
    <formula uri="http://libmeta.ru/me/formula/main/1073_2_RENYI">\psi[F(x)]=\left\{\begin{array}{cl}1 / F(x) &amp; \text { при } F(x) \geqslant a, \\0 &amp; \text { при } F(x)&lt;a,\end{array}\right.</formula>
    <formula uri="http://libmeta.ru/me/formula/main/1073_3_RENYI">\begin{aligned}&amp; R_{n}^{+}(a, 1)=\sup _{F(x) \geqslant a} \frac{F_{n}(x)-F(x)}{F(x)}=\max _{F\left(X_{(m)}\right) \geqslant a} \frac{\frac{m}{n}-F\left(X_{(m)}\right)}{F\left(X_{(m)}\right)}, \\&amp; R_{n}^{-}(a, 1)=-\inf _{F(x) \geqslant a} \frac{F_{n}(x)-F(x)}{F(x)}= \\&amp; =\max _{F\left(X_{(m)}\right) \geqslant a} \frac{F\left(X_{(m)}\right)-\frac{m-1}{n}}{F\left(X_{(m)}\right)}, \\&amp; R_{n}(a, 1)=\sup _{F(x) \geqslant a} \frac{\left|F_{n}(x)-F(x)\right|}{F(x)}= \\&amp; =\max \left\{R_{n}^{+}(a, 1), R_{n}^{-}(a, 1)\right\}\end{aligned}</formula>
    <formula uri="http://libmeta.ru/me/formula/main/1073_4_RENYI">X_{(1)} \leqslant X_{(2)} \leqslant \cdots \leqslant X_{(n)}</formula>
    <formula uri="http://libmeta.ru/me/formula/main/1073_5_RENYI">\lim _{n \rightarrow \infty} \mathrm{P}\left\{\sqrt{\frac{n a}{1-a}} R_{n}^{+}(a, 1)&lt;x\right\}=2 \Phi(x)-1, x&gt;0 \text {, }</formula>
    <formula uri="http://libmeta.ru/me/formula/main/1073_6_RENYI">\lim _{n \rightarrow \infty} \mathrm{P}\left\{\sqrt{\frac{n a}{1-a}} R_{n}(a, 1)&lt;x\right\}=L(x), x&gt;0,</formula>
    <formula uri="http://libmeta.ru/me/formula/main/1073_7_RENYI">L(x)=\frac{4}{\pi} \sum_{k=0}^{\infty} \frac{(-1)^{k}}{2 k+1} \exp \left\{-\frac{(2 k+1)^{2} \pi^{2}}{8 x^{2}}\right\} .</formula>
    <formula uri="http://libmeta.ru/me/formula/main/1073_8_RENYI">\mathrm{P}\left\{R_{n}^{+}(0,1) \geqslant x\right\}=1-\frac{x}{1+x}, x&gt;0 .</formula>
    <formula uri="http://libmeta.ru/me/formula/main/1073_9_RENYI">\sqrt{\frac{1-a}{n a}} \Phi^{-1}(1-0,005 Q) \text { и } \sqrt{\frac{1-a}{n a}} L^{-1}(1-0,01 Q)</formula>
    <formula uri="http://libmeta.ru/me/formula/main/1073_10_RENYI">L(x) \approx 4 \Phi(x)-3,</formula>
    <formula uri="http://libmeta.ru/me/formula/main/1073_11_RENYI">\psi[F(x)]=\left\{\begin{array}{cl}\frac{1}{1-F(x)}, &amp; \text { если } F(x) \leqslant a, \\0, &amp; \text { если } F(x)&gt;a,\end{array}\right.</formula>
  </formulas_main>
  <formulas_aux>
    <formula uri="http://libmeta.ru/me/formula/aux/1073_1_RENYI">\begin{aligned} &amp; \text { критерий, }\end{aligned}</formula>
    <formula uri="http://libmeta.ru/me/formula/aux/1073_2_RENYI">h_{0}</formula>
    <formula uri="http://libmeta.ru/me/formula/aux/1073_3_RENYI">x_{1}, \ldots, X_{n}</formula>
    <formula uri="http://libmeta.ru/me/formula/aux/1073_4_RENYI">f(x)</formula>
    <formula uri="http://libmeta.ru/me/formula/aux/1073_5_RENYI">f_{n}(x)</formula>
    <formula uri="http://libmeta.ru/me/formula/aux/1073_6_RENYI">x_{1}, \ldots, X_{n}, \psi(F), \psi \geqslant 0,-</formula>
    <formula uri="http://libmeta.ru/me/formula/aux/1073_7_RENYI">a</formula>
    <formula uri="http://libmeta.ru/me/formula/aux/1073_8_RENYI">[0,1]</formula>
    <formula uri="http://libmeta.ru/me/formula/aux/1073_9_RENYI">h_{0}</formula>
    <formula uri="http://libmeta.ru/me/formula/aux/1073_10_RENYI">h_{1}^{+}, H_{1}^{-}, H_{1}</formula>
    <formula uri="http://libmeta.ru/me/formula/aux/1073_11_RENYI">x_{(1)}, X_{(2)}, \ldots, X_{(n)}</formula>
    <formula uri="http://libmeta.ru/me/formula/aux/1073_12_RENYI">x_{1}, \ldots, X_{(n)}</formula>
    <formula uri="http://libmeta.ru/me/formula/aux/1073_13_RENYI">r_{n}^{+}(a, 1)</formula>
    <formula uri="http://libmeta.ru/me/formula/aux/1073_14_RENYI">r_{n}^{-}(a, 1)</formula>
    <formula uri="http://libmeta.ru/me/formula/aux/1073_15_RENYI">0&lt;a \leqslant 1</formula>
    <formula uri="http://libmeta.ru/me/formula/aux/1073_16_RENYI">\phi(x)</formula>
    <formula uri="http://libmeta.ru/me/formula/aux/1073_17_RENYI">l(x)-\varnothing</formula>
    <formula uri="http://libmeta.ru/me/formula/aux/1073_18_RENYI">\mathrm{p} \mathbf{a}</formula>
    <formula uri="http://libmeta.ru/me/formula/aux/1073_19_RENYI">\mathrm{p}</formula>
    <formula uri="http://libmeta.ru/me/formula/aux/1073_20_RENYI">a=0</formula>
    <formula uri="http://libmeta.ru/me/formula/aux/1073_21_RENYI">n</formula>
    <formula uri="http://libmeta.ru/me/formula/aux/1073_22_RENYI">q</formula>
    <formula uri="http://libmeta.ru/me/formula/aux/1073_23_RENYI">(0 \%&lt;Q&lt;</formula>
    <formula uri="http://libmeta.ru/me/formula/aux/1073_24_RENYI">&lt;50 \%)</formula>
    <formula uri="http://libmeta.ru/me/formula/aux/1073_25_RENYI">r_{n}^{+}(a, 1)</formula>
    <formula uri="http://libmeta.ru/me/formula/aux/1073_26_RENYI">r_{n}(a, 1)</formula>
    <formula uri="http://libmeta.ru/me/formula/aux/1073_27_RENYI">\phi^{-1}(x)</formula>
    <formula uri="http://libmeta.ru/me/formula/aux/1073_28_RENYI">l^{-1}(x)</formula>
    <formula uri="http://libmeta.ru/me/formula/aux/1073_29_RENYI">\phi(x)</formula>
    <formula uri="http://libmeta.ru/me/formula/aux/1073_30_RENYI">l(x)</formula>
    <formula uri="http://libmeta.ru/me/formula/aux/1073_31_RENYI">0 \%&lt;Q&lt;10 \%</formula>
    <formula uri="http://libmeta.ru/me/formula/aux/1073_32_RENYI">\phi^{-1}(1-0,005 Q) \approx L^{-1}(1-0,02 Q)</formula>
    <formula uri="http://libmeta.ru/me/formula/aux/1073_33_RENYI">x&gt;2,99</formula>
    <formula uri="http://libmeta.ru/me/formula/aux/1073_34_RENYI">l(x)</formula>
    <formula uri="http://libmeta.ru/me/formula/aux/1073_35_RENYI">5 \cdot 10^{-7}</formula>
    <formula uri="http://libmeta.ru/me/formula/aux/1073_36_RENYI">a</formula>
    <formula uri="http://libmeta.ru/me/formula/aux/1073_37_RENYI">[0,1]</formula>
  </formulas_aux>
  <relations n="4">
    <relation uri="http://libmeta.ru/me/relation/1073_1_RENYI">
      <rel_text>отрезка</rel_text>
      <target>http://libmeta.ru/me/article/135_OTREZO</target>
    </relation>
    <relation uri="http://libmeta.ru/me/relation/1073_2_RENYI">
      <rel_text>число</rel_text>
      <target>http://libmeta.ru/me/article/1009_ChISL</target>
    </relation>
    <relation uri="http://libmeta.ru/me/relation/1073_3_RENYI">
      <rel_text>весовой функции</rel_text>
      <target>http://libmeta.ru/me/article/684_VESOVAJa</target>
    </relation>
    <relation uri="http://libmeta.ru/me/relation/1073_4_RENYI">
      <rel_text>погрешность</rel_text>
      <target>http://libmeta.ru/me/article/344_POGREShNOST</target>
    </relation>
  </relations>
  <text>статистический $URI[[http://libmeta.ru/me/formula/aux/1073_1_RENYI]]/URI$ применяемый для проверки простой непараметрич. гипотезы $URI[[http://libmeta.ru/me/formula/aux/1073_2_RENYI]]/URI$, согласно к-рой независимые одинаково распределенные случайные величины $URI[[http://libmeta.ru/me/formula/aux/1073_3_RENYI]]/URI$ имеют заданную непрерывную функцию распределения $URI[[http://libmeta.ru/me/formula/aux/1073_4_RENYI]]/URI$, против альтернатив следующего вида:

\[
URI[[http://libmeta.ru/me/formula/main/1073_1_RENYI]]/URI
\]

где $URI[[http://libmeta.ru/me/formula/aux/1073_5_RENYI]]/URI$ - функция эмпирич. распределения, построенная по выборке $URI[[http://libmeta.ru/me/formula/aux/1073_6_RENYI]]/URI$ весовая функция. В случае, если

\[
URI[[http://libmeta.ru/me/formula/main/1073_2_RENYI]]/URI
\]

где $URI[[http://libmeta.ru/me/formula/aux/1073_7_RENYI]]/URI$ - любое фиксированное число из отрезка $URI[[http://libmeta.ru/me/formula/aux/1073_8_RENYI]]/URI$, то Р.к., предназначенныӥ для проверки $URI[[http://libmeta.ru/me/formula/aux/1073_9_RENYI]]/URI$ против указанных альтернатив $URI[[http://libmeta.ru/me/formula/aux/1073_10_RENYI]]/URI$, основан на соответствующих им с т а т и т ик а х Р е ь и:

\[
URI[[http://libmeta.ru/me/formula/main/1073_3_RENYI]]/URI
\]

где $URI[[http://libmeta.ru/me/formula/aux/1073_11_RENYI]]/URI$ - члены вариационного ряда

\[
URI[[http://libmeta.ru/me/formula/main/1073_4_RENYI]]/URI
\]

построенного по наблюдениям $URI[[http://libmeta.ru/me/formula/aux/1073_12_RENYI]]/URI$.

Статистики $URI[[http://libmeta.ru/me/formula/aux/1073_13_RENYI]]/URI$ и $URI[[http://libmeta.ru/me/formula/aux/1073_14_RENYI]]/URI$ подчиняются одному и тому же вероятностному закону, и если $URI[[http://libmeta.ru/me/formula/aux/1073_15_RENYI]]/URI$, то\[
URI[[http://libmeta.ru/me/formula/main/1073_5_RENYI]]/URI
\]

\[
URI[[http://libmeta.ru/me/formula/main/1073_6_RENYI]]/URI
\]

где $URI[[http://libmeta.ru/me/formula/aux/1073_16_RENYI]]/URI$ - функция распределения стандартного нормального закона, $URI[[http://libmeta.ru/me/formula/aux/1073_17_RENYI]]/URI$ у н к ц и я $URI[[http://libmeta.ru/me/formula/aux/1073_18_RENYI]]/URI$ с п р е д ел е н и я $URI[[http://libmeta.ru/me/formula/aux/1073_19_RENYI]]/URI$ е вь и, определяемая формулой:

\[
URI[[http://libmeta.ru/me/formula/main/1073_7_RENYI]]/URI
\]

В случае, если $URI[[http://libmeta.ru/me/formula/aux/1073_20_RENYI]]/URI$, то

\[
URI[[http://libmeta.ru/me/formula/main/1073_8_RENYI]]/URI
\]

Из (1) и (2) следует, что при больших значения $URI[[http://libmeta.ru/me/formula/aux/1073_21_RENYI]]/URI$ для вычисления $URI[[http://libmeta.ru/me/formula/aux/1073_22_RENYI]]/URI$-процентных критич. значений $URI[[http://libmeta.ru/me/formula/aux/1073_23_RENYI]]/URI$ $URI[[http://libmeta.ru/me/formula/aux/1073_24_RENYI]]/URI$ для статистик $URI[[http://libmeta.ru/me/formula/aux/1073_25_RENYI]]/URI$ и $URI[[http://libmeta.ru/me/formula/aux/1073_26_RENYI]]/URI$ можно воспользоваться следующими приближенными значениями:

\[
URI[[http://libmeta.ru/me/formula/main/1073_9_RENYI]]/URI
\]

соответственно, где $URI[[http://libmeta.ru/me/formula/aux/1073_27_RENYI]]/URI$ и $URI[[http://libmeta.ru/me/formula/aux/1073_28_RENYI]]/URI$ функции, обратные $URI[[http://libmeta.ru/me/formula/aux/1073_29_RENYI]]/URI$ и $URI[[http://libmeta.ru/me/formula/aux/1073_30_RENYI]]/URI$ соответственно, при этом имеют в виду, что если $URI[[http://libmeta.ru/me/formula/aux/1073_31_RENYI]]/URI$, то $URI[[http://libmeta.ru/me/formula/aux/1073_32_RENYI]]/URI$.

Кроме того, если $URI[[http://libmeta.ru/me/formula/aux/1073_33_RENYI]]/URI$, то при вычислении значений функции распределения Реньи $URI[[http://libmeta.ru/me/formula/aux/1073_34_RENYI]]/URI$ рекомендуется пользоваться приближенным равенством

\[
URI[[http://libmeta.ru/me/formula/main/1073_10_RENYI]]/URI
\]

URI[[http://libmeta.ru/me/relation/1073_4_RENYI]]/URI к-рого не превосходит $URI[[http://libmeta.ru/me/formula/aux/1073_35_RENYI]]/URI$.

Кроме рассмотренных Р. к., существуют аналогичные критерии, отвечающие URI[[http://libmeta.ru/me/relation/1073_3_RENYI]]/URI

\[
URI[[http://libmeta.ru/me/formula/main/1073_11_RENYI]]/URI
\]

где $URI[[http://libmeta.ru/me/formula/aux/1073_36_RENYI]]/URI$ - любое фиксированное URI[[http://libmeta.ru/me/relation/1073_2_RENYI]]/URI из URI[[http://libmeta.ru/me/relation/1073_1_RENYI]]/URI $URI[[http://libmeta.ru/me/formula/aux/1073_37_RENYI]]/URI$.</text>
  <text_orig>статистический $\begin{aligned} &amp; \text { критерий, }\end{aligned}$ применяемый для проверки простой непараметрич. гипотезы $H_{0}$, согласно к-рой независимые одинаково распределенные случайные величины $X_{1}, \ldots, X_{n}$ имеют заданную непрерывную функцию распределения $F(x)$, против альтернатив следующего вида:

\[
\begin{gathered}
H_{1}^{+}: \sup _{|x|&lt;\infty} \Psi[F(x)]\left(E F_{n}(x)-F(x)\right)&gt;0, \\
H_{1}^{-}: \inf _{|x|&lt;\infty} \Psi[F(x)]\left(E F_{n}-(x) F(x)\right)&lt;0, \\
H_{1}: \sup _{|x|&lt;\infty} \psi[F(x)]\left|E F_{n}(x)-F(x)\right|&gt;0,
\end{gathered}
\]

где $F_{n}(x)$ - функция эмпирич. распределения, построенная по выборке $X_{1}, \ldots, X_{n}, \psi(F), \psi \geqslant 0,-$ весовая функция. В случае, если

\[
\psi[F(x)]=\left\{\begin{array}{cl}
1 / F(x) &amp; \text { при } F(x) \geqslant a, \\
0 &amp; \text { при } F(x)&lt;a,
\end{array}\right.
\]

где $a$ - любое фиксированное число из отрезка $[0,1]$, то Р.к., предназначенныӥ для проверки $H_{0}$ против указанных альтернатив $H_{1}^{+}, H_{1}^{-}, H_{1}$, основан на соответствующих им с т а т и т ик а х Р е ь и:

\[
\begin{aligned}
&amp; R_{n}^{+}(a, 1)=\sup _{F(x) \geqslant a} \frac{F_{n}(x)-F(x)}{F(x)}=\max _{F\left(X_{(m)}\right) \geqslant a} \frac{\frac{m}{n}-F\left(X_{(m)}\right)}{F\left(X_{(m)}\right)}, \\
&amp; R_{n}^{-}(a, 1)=-\inf _{F(x) \geqslant a} \frac{F_{n}(x)-F(x)}{F(x)}= \\
&amp; =\max _{F\left(X_{(m)}\right) \geqslant a} \frac{F\left(X_{(m)}\right)-\frac{m-1}{n}}{F\left(X_{(m)}\right)}, \\
&amp; R_{n}(a, 1)=\sup _{F(x) \geqslant a} \frac{\left|F_{n}(x)-F(x)\right|}{F(x)}= \\
&amp; =\max \left\{R_{n}^{+}(a, 1), R_{n}^{-}(a, 1)\right\}
\end{aligned}
\]

где $X_{(1)}, X_{(2)}, \ldots, X_{(n)}$ - члены вариационного ряда

\[
X_{(1)} \leqslant X_{(2)} \leqslant \cdots \leqslant X_{(n)}
\]

построенного по наблюдениям $X_{1}, \ldots, X_{(n)}$.

Статистики $R_{n}^{+}(a, 1)$ и $R_{n}^{-}(a, 1)$ подчиняются одному и тому же вероятностному закону, и если $0&lt;a \leqslant 1$, то\[
\lim _{n \rightarrow \infty} \mathrm{P}\left\{\sqrt{\frac{n a}{1-a}} R_{n}^{+}(a, 1)&lt;x\right\}=2 \Phi(x)-1, x&gt;0 \text {, }
\]

\[
\lim _{n \rightarrow \infty} \mathrm{P}\left\{\sqrt{\frac{n a}{1-a}} R_{n}(a, 1)&lt;x\right\}=L(x), x&gt;0,
\]

где $\Phi(x)$ - функция распределения стандартного нормального закона, $L(x)-\varnothing$ у н к ц и я $\mathrm{p} \mathbf{a}$ с п р е д ел е н и я $\mathrm{P}$ е вь и, определяемая формулой:

\[
L(x)=\frac{4}{\pi} \sum_{k=0}^{\infty} \frac{(-1)^{k}}{2 k+1} \exp \left\{-\frac{(2 k+1)^{2} \pi^{2}}{8 x^{2}}\right\} .
\]

В случае, если $a=0$, то

\[
\mathrm{P}\left\{R_{n}^{+}(0,1) \geqslant x\right\}=1-\frac{x}{1+x}, x&gt;0 .
\]

Из (1) и (2) следует, что при больших значения $n$ для вычисления $Q$-процентных критич. значений $(0 \%&lt;Q&lt;$ $&lt;50 \%)$ для статистик $R_{n}^{+}(a, 1)$ и $R_{n}(a, 1)$ можно воспользоваться следующими приближенными значениями:

\[
\sqrt{\frac{1-a}{n a}} \Phi^{-1}(1-0,005 Q) \text { и } \sqrt{\frac{1-a}{n a}} L^{-1}(1-0,01 Q)
\]

соответственно, где $\Phi^{-1}(x)$ и $L^{-1}(x)$ функции, обратные $\Phi(x)$ и $L(x)$ соответственно, при этом имеют в виду, что если $0 \%&lt;Q&lt;10 \%$, то $\Phi^{-1}(1-0,005 Q) \approx L^{-1}(1-0,02 Q)$.

Кроме того, если $x&gt;2,99$, то при вычислении значений функции распределения Реньи $L(x)$ рекомендуется пользоваться приближенным равенством

\[
L(x) \approx 4 \Phi(x)-3,
\]

погрешность к-рого не превосходит $5 \cdot 10^{-7}$.

Кроме рассмотренных Р. к., существуют аналогичные критерии, отвечающие весовой функции

\[
\psi[F(x)]=\left\{\begin{array}{cl}
\frac{1}{1-F(x)}, &amp; \text { если } F(x) \leqslant a, \\
0, &amp; \text { если } F(x)&gt;a,
\end{array}\right.
\]

где $a$ - любое фиксированное число из отрезка $[0,1]$. Jum.: [1] R é n y i A., &quot;Acta math. Acad. scient. hung.&quot;, говых критериев, пер. с англ., М., 1971; [3] Б о л в ш е в Ј. Н., С м и р н о в Н. В., Таблицы математической статистики, 2
изд., М., 1968.</text_orig>
</article>
