<?xml version="1.0" ?>
<article uri="http://libmeta.ru/me/article/1073_NORMAL'NYJ" alphabetic_pos="1073">
  <title>НОРМАЛЬНЫЙ РЯД</title>
  <authors/>
  <pages>
    <start>539</start>
    <end>539</end>
  </pages>
  <literature>
    <literature_orig/>
  </literature>
  <formulas_main>
    <formula uri="http://libmeta.ru/me/formula/main/1073_1_NORMAL'NYJ">G=H_{1} \sqsupseteq H_{2} \sqsupseteq \ldots \sqsupseteq H_{n} \supseteq H_{n+1}=\{1\}</formula>
  </formulas_main>
  <formulas_aux>
    <formula uri="http://libmeta.ru/me/formula/aux/1073_1_NORMAL'NYJ">g</formula>
    <formula uri="http://libmeta.ru/me/formula/aux/1073_2_NORMAL'NYJ">\mathbf{9}</formula>
    <formula uri="http://libmeta.ru/me/formula/aux/1073_3_NORMAL'NYJ">a</formula>
  </formulas_aux>
  <relations n="3">
    <relation uri="http://libmeta.ru/me/relation/1073_1_NORMAL'NYJ">
      <rel_text>Подгрynn</rel_text>
      <target>http://libmeta.ru/me/article/353_PODGRUPP</target>
    </relation>
    <relation uri="http://libmeta.ru/me/relation/1073_2_NORMAL'NYJ">
      <rel_text>супествует</rel_text>
      <target>http://libmeta.ru/me/article/303_SUPERGRUPP</target>
    </relation>
    <relation uri="http://libmeta.ru/me/relation/1073_3_NORMAL'NYJ">
      <rel_text>Параллельно</rel_text>
      <target>http://libmeta.ru/me/article/165_PARABOLOI</target>
    </relation>
  </relations>
  <text>г р у п пы - ряд нормальных подгрупп

\[
URI[[http://libmeta.ru/me/formula/main/1073_1_NORMAL'NYJ]]/URI
\]

группы $URI[[http://libmeta.ru/me/formula/aux/1073_1_NORMAL'NYJ]]/URI$ (см. URI[[http://libmeta.ru/me/relation/1073_1_NORMAL'NYJ]]/URI ряд). Если каждый член ряда нормален не во всей груіпе, а только в предыдущем члене, то такой ряд наз. с у б н о р м а л ь н ы м. Кроме конечных рассматриваются также бесконечные убывающие и бесконечные возрастающцие нормальные и субнормальныс ряды - их члены нумеруются уже порядковыми числами (трансфинитами). Рассматриваются и более общие нормальные и субнормальные системы, члены которых нумеруются алементами упорядоченного множества.

Ф а к т о р о м р я д а наз. факторгруппа нек-рого члена ряда по следующему (или предыдущему, если ряд записан в порядке возрастания членов) члену. Д л и н о й ряда наз. количество его факторов, отличных от единицы. Неуплотняемый дэлее Н. р. наз. г л а вны м, а субнормальный - к о м по 3 иц и о н ны м. Факторы әтих рядов наз. соответственно г л а в н ы м и

![](https://cdn.mathpix.com/cropped/2023_07_08_d05c94cc2251fc8c04adg-1.jpg?height=40&amp;width=831&amp;top_left_y=816&amp;top_left_x=994)
нормальных (субнормальных) ряда наз. и з о м о р фны м и, если между их факторами можно установить такое взаимно однозначное соответствие, что соответствующие друг другу факторы изоморфны. Любые два нормальных (субнормальных) ряда обладают изоморфиныи уплотнениями. В час'гности, любые два главных (композиционных) ряда изоморфны (жордана Гёдьдера теорєма).

URI[[http://libmeta.ru/me/relation/1073_3_NORMAL'NYJ]]/URI URI[[http://libmeta.ru/me/relation/1073_2_NORMAL'NYJ]]/URI и другая терминология, а именно: н о р м а л ь н ы м $URI[[http://libmeta.ru/me/formula/aux/1073_2_NORMAL'NYJ]]/URI$ я д о м наз. то, тто выше названо субнормальным, $URI[[http://libmeta.ru/me/formula/aux/1073_3_NORMAL'NYJ]]/URI$ для приведенного здесь понятия «нормальный ряд» используется термин «инвариантный ряд&quot;.</text>
  <text_orig>г р у п пы - ряд нормальных подгрупп

\[
G=H_{1} \sqsupseteq H_{2} \sqsupseteq \ldots \sqsupseteq H_{n} \supseteq H_{n+1}=\{1\}
\]

группы $G$ (см. Подгрynn ряд). Если каждый член ряда нормален не во всей груіпе, а только в предыдущем члене, то такой ряд наз. с у б н о р м а л ь н ы м. Кроме конечных рассматриваются также бесконечные убывающие и бесконечные возрастающцие нормальные и субнормальныс ряды - их члены нумеруются уже порядковыми числами (трансфинитами). Рассматриваются и более общие нормальные и субнормальные системы, члены которых нумеруются алементами упорядоченного множества.

Ф а к т о р о м р я д а наз. факторгруппа нек-рого члена ряда по следующему (или предыдущему, если ряд записан в порядке возрастания членов) члену. Д л и н о й ряда наз. количество его факторов, отличных от единицы. Неуплотняемый дэлее Н. р. наз. г л а вны м, а субнормальный - к о м по 3 иц и о н ны м. Факторы әтих рядов наз. соответственно г л а в н ы м и

![](https://cdn.mathpix.com/cropped/2023_07_08_d05c94cc2251fc8c04adg-1.jpg?height=40&amp;width=831&amp;top_left_y=816&amp;top_left_x=994)
нормальных (субнормальных) ряда наз. и з о м о р фны м и, если между их факторами можно установить такое взаимно однозначное соответствие, что соответствующие друг другу факторы изоморфны. Любые два нормальных (субнормальных) ряда обладают изоморфиныи уплотнениями. В час'гности, любые два главных (композиционных) ряда изоморфны (Жордана Гёдьдера теорєма).

Параллельно супествует и другая терминология, а именно: н о р м а л ь н ы м $\mathbf{9}$ я д о м наз. то, тто выше названо субнормальным, $a$ для приведенного здесь понятия «нормальный ряд» используется термин «инвариантный ряд&quot;.</text_orig>
</article>
