<?xml version="1.0" ?>
<article uri="http://libmeta.ru/me/article/1074_EJLERA" alphabetic_pos="1074">
  <title>ЭЙЛЕРА МЕТОД СУММИРОВАНИЯ</title>
  <authors/>
  <pages>
    <start>465</start>
    <end>465</end>
  </pages>
  <literature>
    <literature_orig>Jum.: [1] K n o p p K., &quot;math. Z.», 1922, Bd 15, S. 226-53; [2] е г о ж е, там же, 1923, Bd 18, S. 125-56; [3] Х а p д и Г.,Расходящиеся ряды, пер. с англ., М., 1951; [4] Б а р о н С., Расходящиеся ряды, пер. с англ., М., 1951; [4] Б а р о н С.,</literature_orig>
    <unit>
      <author>Knopp K.</author>
      <title>&quot;math. Z.»</title>
      <publication/>
      <year>1922</year>
      <other>Bd 15, S. 226-53</other>
    </unit>
    <unit>
      <title>е г о ж е, там же</title>
      <publication/>
      <year>1923</year>
      <other>Bd 18, S. 125-56</other>
    </unit>
    <unit>
      <author>Хаpди Г.</author>
      <title>Расходящиеся ряды</title>
      <publication>пер. с англ., М.</publication>
      <year>1951</year>
      <other/>
    </unit>
    <unit>
      <author>Барон С.</author>
      <title>Расходящиеся ряды</title>
      <publication>пер. с англ., М.</publication>
      <year>1951</year>
      <other/>
    </unit>
  </literature>
  <formulas_main>
    <formula uri="http://libmeta.ru/me/formula/main/1074_1_EJLERA">\sum_{n=0}^{\infty} a_{n}</formula>
    <formula uri="http://libmeta.ru/me/formula/main/1074_2_EJLERA">\lim _{n \rightarrow \infty} \frac{1}{(q+1)^{n}} \sum_{k=0}^{n} C_{n}^{k} q^{n-k} S_{k}=S</formula>
  </formulas_main>
  <formulas_aux>
    <formula uri="http://libmeta.ru/me/formula/aux/1074_1_EJLERA">((e, q)</formula>
    <formula uri="http://libmeta.ru/me/formula/aux/1074_2_EJLERA">s</formula>
    <formula uri="http://libmeta.ru/me/formula/aux/1074_3_EJLERA">q&gt;-1, S_{k}=\sum_{n=0}^{k} a_{n}</formula>
    <formula uri="http://libmeta.ru/me/formula/aux/1074_4_EJLERA">q=1</formula>
    <formula uri="http://libmeta.ru/me/formula/aux/1074_5_EJLERA">q</formula>
    <formula uri="http://libmeta.ru/me/formula/aux/1074_6_EJLERA">q</formula>
    <formula uri="http://libmeta.ru/me/formula/aux/1074_7_EJLERA">q \geqslant 0</formula>
    <formula uri="http://libmeta.ru/me/formula/aux/1074_8_EJLERA">(e, q)</formula>
    <formula uri="http://libmeta.ru/me/formula/aux/1074_9_EJLERA">\left(e, q^{\prime}\right)</formula>
    <formula uri="http://libmeta.ru/me/formula/aux/1074_10_EJLERA">q^{\prime}&gt;q&gt;-1</formula>
    <formula uri="http://libmeta.ru/me/formula/aux/1074_11_EJLERA">q=0</formula>
    <formula uri="http://libmeta.ru/me/formula/aux/1074_12_EJLERA">(e, q)</formula>
    <formula uri="http://libmeta.ru/me/formula/aux/1074_13_EJLERA">a_{n}</formula>
    <formula uri="http://libmeta.ru/me/formula/aux/1074_14_EJLERA">a_{n}=o\left\{(2 q+1)^{n}\right\}, q \geqslant 0</formula>
    <formula uri="http://libmeta.ru/me/formula/aux/1074_15_EJLERA">\sum_{n=0}^{\infty} z^{n}(E, q)</formula>
    <formula uri="http://libmeta.ru/me/formula/aux/1074_16_EJLERA">1 /(1-z)</formula>
    <formula uri="http://libmeta.ru/me/formula/aux/1074_17_EJLERA">-q</formula>
    <formula uri="http://libmeta.ru/me/formula/aux/1074_18_EJLERA">q+1</formula>
  </formulas_aux>
  <relations n="13">
    <relation uri="http://libmeta.ru/me/relation/1074_1_EJLERA">
      <rel_text>методы суммирования</rel_text>
      <target>http://libmeta.ru/me/article/295_SUMMIROVANIJa</target>
    </relation>
    <relation uri="http://libmeta.ru/me/relation/1074_2_EJLERA">
      <rel_text>Регулярные</rel_text>
      <target>http://libmeta.ru/me/article/1037_REGULJaTO</target>
    </relation>
    <relation uri="http://libmeta.ru/me/relation/1074_3_EJLERA">
      <rel_text>радиусом</rel_text>
      <target>http://libmeta.ru/me/article/867_RADIKA</target>
    </relation>
    <relation uri="http://libmeta.ru/me/relation/1074_4_EJLERA">
      <rel_text>сходимости</rel_text>
      <target>http://libmeta.ru/me/article/333_SHODIMOST</target>
    </relation>
    <relation uri="http://libmeta.ru/me/relation/1074_5_EJLERA">
      <rel_text>круг</rel_text>
      <target>http://libmeta.ru/me/article/117_KRU</target>
    </relation>
    <relation uri="http://libmeta.ru/me/relation/1074_6_EJLERA">
      <rel_text>сходимость</rel_text>
      <target>http://libmeta.ru/me/article/333_SHODIMOST</target>
    </relation>
    <relation uri="http://libmeta.ru/me/relation/1074_7_EJLERA">
      <rel_text>методов суммирования</rel_text>
      <target>http://libmeta.ru/me/article/295_SUMMIROVANIJa</target>
    </relation>
    <relation uri="http://libmeta.ru/me/relation/1074_8_EJLERA">
      <rel_text>регулярен</rel_text>
      <target>http://libmeta.ru/me/article/1037_REGULJaTO</target>
    </relation>
    <relation uri="http://libmeta.ru/me/relation/1074_9_EJLERA">
      <rel_text>распространен</rel_text>
      <target>http://libmeta.ru/me/article/950_RASPREDELENI</target>
    </relation>
    <relation uri="http://libmeta.ru/me/relation/1074_10_EJLERA">
      <rel_text>произвольные</rel_text>
      <target>http://libmeta.ru/me/article/1045_PROIZVODNA</target>
    </relation>
    <relation uri="http://libmeta.ru/me/relation/1074_11_EJLERA">
      <rel_text>сходящихся</rel_text>
      <target>http://libmeta.ru/me/article/333_SHODIMOST</target>
    </relation>
    <relation uri="http://libmeta.ru/me/relation/1074_12_EJLERA">
      <rel_text>числовых</rel_text>
      <target>http://libmeta.ru/me/article/1008_ChISLITEL</target>
    </relation>
    <relation uri="http://libmeta.ru/me/relation/1074_13_EJLERA">
      <rel_text>методов суммирования</rel_text>
      <target>http://libmeta.ru/me/article/295_SUMMIROVANIJa</target>
    </relation>
  </relations>
  <text>один из URI[[http://libmeta.ru/me/relation/1074_13_EJLERA]]/URI URI[[http://libmeta.ru/me/relation/1074_12_EJLERA]]/URI и функциональных рядов. Ряд

\[
URI[[http://libmeta.ru/me/formula/main/1074_1_EJLERA]]/URI
\]

суммируем м е тод о м с ум м и ро в а н и я Э йл е р а $URI[[http://libmeta.ru/me/formula/aux/1074_1_EJLERA]]/URI$-суммируем) к сумме $URI[[http://libmeta.ru/me/formula/aux/1074_2_EJLERA]]/URI$, если

\[
URI[[http://libmeta.ru/me/formula/main/1074_2_EJLERA]]/URI
\]

где $URI[[http://libmeta.ru/me/formula/aux/1074_3_EJLERA]]/URI$.

Впервые метод при $URI[[http://libmeta.ru/me/formula/aux/1074_4_EJLERA]]/URI$ применялся Л. Эїлером (l. Euler) для суммирования медленно URI[[http://libmeta.ru/me/relation/1074_11_EJLERA]]/URI и расходящихся рядов. На URI[[http://libmeta.ru/me/relation/1074_10_EJLERA]]/URI значения $URI[[http://libmeta.ru/me/formula/aux/1074_5_EJLERA]]/URI$ метод был URI[[http://libmeta.ru/me/relation/1074_9_EJLERA]]/URI К. Кноппом [1], поэтому Э. м. с. при любом $URI[[http://libmeta.ru/me/formula/aux/1074_6_EJLERA]]/URI$ наз. также ме т о д о м с у м м иро в а ни я Эй ле р а - К н о пा па. Э. м. с. URI[[http://libmeta.ru/me/relation/1074_8_EJLERA]]/URI при $URI[[http://libmeta.ru/me/formula/aux/1074_7_EJLERA]]/URI$ (см. URI[[http://libmeta.ru/me/relation/1074_2_EJLERA]]/URI URI[[http://libmeta.ru/me/relation/1074_1_EJLERA]]/URI); если ряд $URI[[http://libmeta.ru/me/formula/aux/1074_8_EJLERA]]/URI$-суммируем, то он суммируем и методом $URI[[http://libmeta.ru/me/formula/aux/1074_9_EJLERA]]/URI$ при $URI[[http://libmeta.ru/me/formula/aux/1074_10_EJLERA]]/URI$ к той же сумме (см. Включение URI[[http://libmeta.ru/me/relation/1074_7_EJLERA]]/URI). При $URI[[http://libmeta.ru/me/formula/aux/1074_11_EJLERA]]/URI$ суммируемость Э. м. с. ряда (*) означает URI[[http://libmeta.ru/me/relation/1074_6_EJLERA]]/URI этого ряда. Если ряд $URI[[http://libmeta.ru/me/formula/aux/1074_12_EJLERA]]/URI$-суммируем, то его члены $URI[[http://libmeta.ru/me/formula/aux/1074_13_EJLERA]]/URI$ удовлетворяют условию $URI[[http://libmeta.ru/me/formula/aux/1074_14_EJLERA]]/URI$. Э. м. с. применяется также для аналитит. продолжения фуункции, определенной степенным рядом, за URI[[http://libmeta.ru/me/relation/1074_5_EJLERA]]/URI URI[[http://libmeta.ru/me/relation/1074_4_EJLERA]]/URI. Так, ряд $URI[[http://libmeta.ru/me/formula/aux/1074_15_EJLERA]]/URI$-суммируем к сумме $URI[[http://libmeta.ru/me/formula/aux/1074_16_EJLERA]]/URI$ в круге с дентром в точке $URI[[http://libmeta.ru/me/formula/aux/1074_17_EJLERA]]/URI$ и URI[[http://libmeta.ru/me/relation/1074_3_EJLERA]]/URI, равным $URI[[http://libmeta.ru/me/formula/aux/1074_18_EJLERA]]/URI$.</text>
  <text_orig>один из методов суммирования числовых и функциональных рядов. Ряд

\[
\sum_{n=0}^{\infty} a_{n}
\]

суммируем м е тод о м с ум м и ро в а н и я Э йл е р а $((E, q)$-суммируем) к сумме $S$, если

\[
\lim _{n \rightarrow \infty} \frac{1}{(q+1)^{n}} \sum_{k=0}^{n} C_{n}^{k} q^{n-k} S_{k}=S
\]

где $q&gt;-1, S_{k}=\sum_{n=0}^{k} a_{n}$.

Впервые метод при $q=1$ применялся Л. Эїлером (L. Euler) для суммирования медленно сходящихся и расходящихся рядов. На произвольные значения $q$ метод был распространен К. Кноппом [1], поэтому Э. м. с. при любом $q$ наз. также ме т о д о м с у м м иро в а ни я Эй ле р а - К н о пा па. Э. м. с. регулярен при $q \geqslant 0$ (см. Регулярные методы суммирования); если ряд $(E, q)$-суммируем, то он суммируем и методом $\left(E, q^{\prime}\right)$ при $q^{\prime}&gt;q&gt;-1$ к той же сумме (см. Включение методов суммирования). При $q=0$ суммируемость Э. м. с. ряда (*) означает сходимость этого ряда. Если ряд $(E, q)$-суммируем, то его члены $a_{n}$ удовлетворяют условию $a_{n}=o\left\{(2 q+1)^{n}\right\}, q \geqslant 0$. Э. м. с. применяется также для аналитит. продолжения фуункции, определенной степенным рядом, за круг сходимости. Так, ряд $\sum_{n=0}^{\infty} z^{n}(E, q)$-суммируем к сумме $1 /(1-z)$ в круге с дентром в точке $-q$ и радиусом, равным $q+1$.

Jum.: [1] K n o p p K., &quot;Math. Z.», 1922, Bd 15, S. 226-53; [2] е г о ж е, там же, 1923, Bd 18, S. 125-56; [3] Х а p д и Г.,
Расходящиеся ряды, пер. с англ., М., 1951; [4] Б а р о н С., Расходящиеся ряды, пер. с англ., М., 1951; [4] Б а р о н С.,</text_orig>
</article>
