<?xml version="1.0" ?>
<article uri="http://libmeta.ru/me/article/1074_NORMAL'NYJ" alphabetic_pos="1074">
  <title>НОРМАЛЬНЫЙ ЭПИМОРФИЗМ</title>
  <authors>
    <author>М. Iii. Цаленко</author>
  </authors>
  <pages>
    <start>539</start>
    <end>539</end>
  </pages>
  <literature>
    <literature_orig/>
  </literature>
  <formulas_main/>
  <formulas_aux>
    <formula uri="http://libmeta.ru/me/formula/aux/1074_1_NORMAL'NYJ">v: A \rightarrow V</formula>
    <formula uri="http://libmeta.ru/me/formula/aux/1074_2_NORMAL'NYJ">\mathbf{м}</formula>
    <formula uri="http://libmeta.ru/me/formula/aux/1074_3_NORMAL'NYJ">\varphi: A \rightarrow Y</formula>
    <formula uri="http://libmeta.ru/me/formula/aux/1074_4_NORMAL'NYJ">\alpha v=0, \alpha: X \rightarrow A</formula>
    <formula uri="http://libmeta.ru/me/formula/aux/1074_5_NORMAL'NYJ">\alpha \varphi=0</formula>
    <formula uri="http://libmeta.ru/me/formula/aux/1074_6_NORMAL'NYJ">\varphi=v \varphi^{\prime}</formula>
  </formulas_aux>
  <relations n="20">
    <relation uri="http://libmeta.ru/me/relation/1074_1_NORMAL'NYJ">
      <rel_text>мономор</rel_text>
      <target>http://libmeta.ru/me/article/775_MONOI</target>
    </relation>
    <relation uri="http://libmeta.ru/me/relation/1074_2_NORMAL'NYJ">
      <rel_text>нормального</rel_text>
      <target>http://libmeta.ru/me/article/1034_NORMALIZATO</target>
    </relation>
    <relation uri="http://libmeta.ru/me/relation/1074_3_NORMAL'NYJ">
      <rel_text>нормален</rel_text>
      <target>http://libmeta.ru/me/article/1037_NORMAL</target>
    </relation>
    <relation uri="http://libmeta.ru/me/relation/1074_4_NORMAL'NYJ">
      <rel_text>эпиморфизм</rel_text>
      <target>http://libmeta.ru/me/article/1179_EPIMORFIZ</target>
    </relation>
    <relation uri="http://libmeta.ru/me/relation/1074_5_NORMAL'NYJ">
      <rel_text>абeлевой категории</rel_text>
      <target>http://libmeta.ru/me/article/5_ABELEVA</target>
    </relation>
    <relation uri="http://libmeta.ru/me/relation/1074_6_NORMAL'NYJ">
      <rel_text>коядром</rel_text>
      <target>http://libmeta.ru/me/article/66_KOJaDR</target>
    </relation>
    <relation uri="http://libmeta.ru/me/relation/1074_7_NORMAL'NYJ">
      <rel_text>категории</rel_text>
      <target>http://libmeta.ru/me/article/787_KATEGORI</target>
    </relation>
    <relation uri="http://libmeta.ru/me/relation/1074_8_NORMAL'NYJ">
      <rel_text>морфизма</rel_text>
      <target>http://libmeta.ru/me/article/800_MORFIZ</target>
    </relation>
    <relation uri="http://libmeta.ru/me/relation/1074_9_NORMAL'NYJ">
      <rel_text>Колдро</rel_text>
      <target>http://libmeta.ru/me/article/1000_KOL'Ts</target>
    </relation>
    <relation uri="http://libmeta.ru/me/relation/1074_10_NORMAL'NYJ">
      <rel_text>представим</rel_text>
      <target>http://libmeta.ru/me/article/605_PREDNORM</target>
    </relation>
    <relation uri="http://libmeta.ru/me/relation/1074_11_NORMAL'NYJ">
      <rel_text>морфизм</rel_text>
      <target>http://libmeta.ru/me/article/800_MORFIZ</target>
    </relation>
    <relation uri="http://libmeta.ru/me/relation/1074_12_NORMAL'NYJ">
      <rel_text>Морфизм</rel_text>
      <target>http://libmeta.ru/me/article/800_MORFIZ</target>
    </relation>
    <relation uri="http://libmeta.ru/me/relation/1074_13_NORMAL'NYJ">
      <rel_text>категория</rel_text>
      <target>http://libmeta.ru/me/article/787_KATEGORI</target>
    </relation>
    <relation uri="http://libmeta.ru/me/relation/1074_14_NORMAL'NYJ">
      <rel_text>факторкольцо</rel_text>
      <target>http://libmeta.ru/me/article/664_FAKTORIZATsI</target>
    </relation>
    <relation uri="http://libmeta.ru/me/relation/1074_15_NORMAL'NYJ">
      <rel_text>кольца</rel_text>
      <target>http://libmeta.ru/me/article/1000_KOL'Ts</target>
    </relation>
    <relation uri="http://libmeta.ru/me/relation/1074_16_NORMAL'NYJ">
      <rel_text>факторгруппу</rel_text>
      <target>http://libmeta.ru/me/article/664_FAKTORIZATsI</target>
    </relation>
    <relation uri="http://libmeta.ru/me/relation/1074_17_NORMAL'NYJ">
      <rel_text>группы</rel_text>
      <target>http://libmeta.ru/me/article/1207_GRUPІІ</target>
    </relation>
    <relation uri="http://libmeta.ru/me/relation/1074_18_NORMAL'NYJ">
      <rel_text>отображения</rel_text>
      <target>http://libmeta.ru/me/article/128_OTOBRAZhENI</target>
    </relation>
    <relation uri="http://libmeta.ru/me/relation/1074_19_NORMAL'NYJ">
      <rel_text>характеристич</rel_text>
      <target>http://libmeta.ru/me/article/839_HARAKTERISTIK</target>
    </relation>
    <relation uri="http://libmeta.ru/me/relation/1074_20_NORMAL'NYJ">
      <rel_text>морфизм</rel_text>
      <target>http://libmeta.ru/me/article/800_MORFIZ</target>
    </relation>
  </relations>
  <text>URI[[http://libmeta.ru/me/relation/1074_20_NORMAL'NYJ]]/URI, обладающий URI[[http://libmeta.ru/me/relation/1074_19_NORMAL'NYJ]]/URI. свойством естественного URI[[http://libmeta.ru/me/relation/1074_18_NORMAL'NYJ]]/URI URI[[http://libmeta.ru/me/relation/1074_17_NORMAL'NYJ]]/URI на URI[[http://libmeta.ru/me/relation/1074_16_NORMAL'NYJ]]/URI или URI[[http://libmeta.ru/me/relation/1074_15_NORMAL'NYJ]]/URI на URI[[http://libmeta.ru/me/relation/1074_14_NORMAL'NYJ]]/URI. Пусть Я URI[[http://libmeta.ru/me/relation/1074_13_NORMAL'NYJ]]/URI с нулевыми моффизмами. URI[[http://libmeta.ru/me/relation/1074_12_NORMAL'NYJ]]/URI $URI[[http://libmeta.ru/me/formula/aux/1074_1_NORMAL'NYJ]]/URI$ наз. н о р м а л ь н ы м э п и м о р龟 и $URI[[http://libmeta.ru/me/formula/aux/1074_2_NORMAL'NYJ]]/URI$ м м, если всякий URI[[http://libmeta.ru/me/relation/1074_11_NORMAL'NYJ]]/URI $URI[[http://libmeta.ru/me/formula/aux/1074_3_NORMAL'NYJ]]/URI$, для к-рого из $URI[[http://libmeta.ru/me/formula/aux/1074_4_NORMAL'NYJ]]/URI$, всегда следует $URI[[http://libmeta.ru/me/formula/aux/1074_5_NORMAL'NYJ]]/URI$, однөзначно URI[[http://libmeta.ru/me/relation/1074_10_NORMAL'NYJ]]/URI в вите $URI[[http://libmeta.ru/me/formula/aux/1074_6_NORMAL'NYJ]]/URI$. URI[[http://libmeta.ru/me/relation/1074_9_NORMAL'NYJ]]/URI любого URI[[http://libmeta.ru/me/relation/1074_8_NORMAL'NYJ]]/URI является Н.ә. Обратное утверждение в общем случае неверно, однако при существовании в URI[[http://libmeta.ru/me/relation/1074_7_NORMAL'NYJ]]/URI ядер морфизмов всякий Н. Э. оказывается URI[[http://libmeta.ru/me/relation/1074_6_NORMAL'NYJ]]/URI. В URI[[http://libmeta.ru/me/relation/1074_5_NORMAL'NYJ]]/URI всякий URI[[http://libmeta.ru/me/relation/1074_4_NORMAL'NYJ]]/URI URI[[http://libmeta.ru/me/relation/1074_3_NORMAL'NYJ]]/URI. Двойственным к понятию Н. ә. является понятие URI[[http://libmeta.ru/me/relation/1074_2_NORMAL'NYJ]]/URI URI[[http://libmeta.ru/me/relation/1074_1_NORMAL'NYJ]]/URI физма.</text>
  <text_orig>морфизм, обладающий характеристич. свойством естественного отображения группы на факторгруппу или кольца на факторкольцо. Пусть Я категория с нулевыми моффизмами. Морфизм $v: A \rightarrow V$ наз. н о р м а л ь н ы м э п и м о р龟 и $\mathbf{м}$ м м, если всякий морфизм $\varphi: A \rightarrow Y$, для к-рого из $\alpha v=0, \alpha: X \rightarrow A$, всегда следует $\alpha \varphi=0$, однөзначно представим в вите $\varphi=v \varphi^{\prime}$. Колдро любого морфизма является Н.ә. Обратное утверждение в общем случае неверно, однако при существовании в категории ядер морфизмов всякий Н. Э. оказывается коядром. В абeлевой категории всякий эпиморфизм нормален. Двойственным к понятию Н. ә. является понятие нормального мономор физма. М. III. Цаленко.</text_orig>
</article>
