<?xml version="1.0" ?>
<article uri="http://libmeta.ru/me/article/1074_REIE" alphabetic_pos="1074">
  <title>РЕIЕР</title>
  <authors/>
  <pages>
    <start>488</start>
    <end>488</end>
  </pages>
  <literature>
    <literature_orig/>
  </literature>
  <formulas_main/>
  <formulas_aux/>
  <relations n="6">
    <relation uri="http://libmeta.ru/me/relation/1074_1_REIE">
      <rel_text>единице</rel_text>
      <target>http://libmeta.ru/me/article/389_EDINITs</target>
    </relation>
    <relation uri="http://libmeta.ru/me/relation/1074_2_REIE">
      <rel_text>векторы</rel_text>
      <target>http://libmeta.ru/me/article/645_VEKTO</target>
    </relation>
    <relation uri="http://libmeta.ru/me/relation/1074_3_REIE">
      <rel_text>векторы</rel_text>
      <target>http://libmeta.ru/me/article/645_VEKTO</target>
    </relation>
    <relation uri="http://libmeta.ru/me/relation/1074_4_REIE">
      <rel_text>тройка</rel_text>
      <target>http://libmeta.ru/me/article/509_TROIK</target>
    </relation>
    <relation uri="http://libmeta.ru/me/relation/1074_5_REIE">
      <rel_text>пространстве</rel_text>
      <target>http://libmeta.ru/me/article/748_PROSTRANSTV</target>
    </relation>
    <relation uri="http://libmeta.ru/me/relation/1074_6_REIE">
      <rel_text>порядке</rel_text>
      <target>http://libmeta.ru/me/article/531_PORJaDO</target>
    </relation>
  </relations>
  <text>совокупность линейно независимых векторов, взятых в определенном URI[[http://libmeta.ru/me/relation/1074_6_REIE]]/URI и отложенных от общего начала. Для векторов в URI[[http://libmeta.ru/me/relation/1074_5_REIE]]/URI Р. может служить любая URI[[http://libmeta.ru/me/relation/1074_4_REIE]]/URI непараллельных одной плоскости векторов. Если URI[[http://libmeta.ru/me/relation/1074_3_REIE]]/URI, составляющие Р., попарно ортогональны, то Р. наз. о р т о г о н а л ь н ы м; если при этом URI[[http://libmeta.ru/me/relation/1074_2_REIE]]/URI имеют длину, равную URI[[http://libmeta.ru/me/relation/1074_1_REIE]]/URI, то Р. наз. о р т о но р ми р о в а н н ы м. Б̈ә-з.</text>
  <text_orig>совокупность линейно независимых векторов, взятых в определенном порядке и отложенных от общего начала. Для векторов в пространстве Р. может служить любая тройка непараллельных одной плоскости векторов. Если векторы, составляющие Р., попарно ортогональны, то Р. наз. о р т о г о н а л ь н ы м; если при этом векторы имеют длину, равную единице, то Р. наз. о р т о но р ми р о в а н н ы м. Б̈Ә-з.</text_orig>
</article>
