<?xml version="1.0" ?>
<article uri="http://libmeta.ru/me/article/1076_EJLERA" alphabetic_pos="1076">
  <title>ЭЙЛЕРА ПОДСТӒНОВКА</title>
  <authors/>
  <pages>
    <start>465</start>
    <end>465</end>
  </pages>
  <literature>
    <literature_orig/>
  </literature>
  <formulas_main>
    <formula uri="http://libmeta.ru/me/formula/main/1076_1_EJLERA">\int R\left(x, \sqrt{a x^{2}+b x+c}\right) d x</formula>
    <formula uri="http://libmeta.ru/me/formula/main/1076_2_EJLERA">\sqrt{a x^{2}+b x+c}= \pm x \sqrt{a} \pm t .</formula>
    <formula uri="http://libmeta.ru/me/formula/main/1076_3_EJLERA">\sqrt{a x^{2}+b x+c}= \pm t\left(x-x_{1}\right) .</formula>
    <formula uri="http://libmeta.ru/me/formula/main/1076_4_EJLERA">\sqrt{a x^{2}+b x+c}= \pm \sqrt{c} \pm x t</formula>
    <formula uri="http://libmeta.ru/me/formula/main/1076_5_EJLERA">y^{2}=a x^{2}+b x+c</formula>
  </formulas_main>
  <formulas_aux>
    <formula uri="http://libmeta.ru/me/formula/aux/1076_1_EJLERA">x=</formula>
    <formula uri="http://libmeta.ru/me/formula/aux/1076_2_EJLERA">=x(t)</formula>
    <formula uri="http://libmeta.ru/me/formula/aux/1076_3_EJLERA">r(\cdot, \cdot)</formula>
    <formula uri="http://libmeta.ru/me/formula/aux/1076_4_EJLERA">a&gt;0</formula>
    <formula uri="http://libmeta.ru/me/formula/aux/1076_5_EJLERA">x_{1}</formula>
    <formula uri="http://libmeta.ru/me/formula/aux/1076_6_EJLERA">x_{2}</formula>
    <formula uri="http://libmeta.ru/me/formula/aux/1076_7_EJLERA">a x^{2}+b x+c</formula>
    <formula uri="http://libmeta.ru/me/formula/aux/1076_8_EJLERA">c&gt;0</formula>
    <formula uri="http://libmeta.ru/me/formula/aux/1076_9_EJLERA">x</formula>
    <formula uri="http://libmeta.ru/me/formula/aux/1076_10_EJLERA">\sqrt{a x^{2}+b x+c}</formula>
    <formula uri="http://libmeta.ru/me/formula/aux/1076_11_EJLERA">t</formula>
    <formula uri="http://libmeta.ru/me/formula/aux/1076_12_EJLERA">\sqrt{a x^{2}+b x+c}</formula>
    <formula uri="http://libmeta.ru/me/formula/aux/1076_13_EJLERA">t</formula>
    <formula uri="http://libmeta.ru/me/formula/aux/1076_14_EJLERA">y-y_{0}=t\left(x-x_{0}\right)</formula>
    <formula uri="http://libmeta.ru/me/formula/aux/1076_15_EJLERA">\left(x_{0}, y_{0}\right)</formula>
    <formula uri="http://libmeta.ru/me/formula/aux/1076_16_EJLERA">t</formula>
    <formula uri="http://libmeta.ru/me/formula/aux/1076_17_EJLERA">a&gt;0</formula>
    <formula uri="http://libmeta.ru/me/formula/aux/1076_18_EJLERA">\left(x_{0}, y_{0}\right)</formula>
    <formula uri="http://libmeta.ru/me/formula/aux/1076_19_EJLERA">x_{1}</formula>
    <formula uri="http://libmeta.ru/me/formula/aux/1076_20_EJLERA">x_{2}</formula>
    <formula uri="http://libmeta.ru/me/formula/aux/1076_21_EJLERA">a x^{2}+b x+c</formula>
    <formula uri="http://libmeta.ru/me/formula/aux/1076_22_EJLERA">\left(x_{0}, y_{0}\right)</formula>
    <formula uri="http://libmeta.ru/me/formula/aux/1076_23_EJLERA">\left(x_{1}, 0\right)</formula>
    <formula uri="http://libmeta.ru/me/formula/aux/1076_24_EJLERA">\left(x_{2}, 0\right)</formula>
    <formula uri="http://libmeta.ru/me/formula/aux/1076_25_EJLERA">c&gt;0</formula>
    <formula uri="http://libmeta.ru/me/formula/aux/1076_26_EJLERA">(0, \pm \sqrt{c})</formula>
  </formulas_aux>
  <relations n="21">
    <relation uri="http://libmeta.ru/me/relation/1076_1_EJLERA">
      <rel_text>ординат</rel_text>
      <target>http://libmeta.ru/me/article/55_ORDINAT</target>
    </relation>
    <relation uri="http://libmeta.ru/me/relation/1076_2_EJLERA">
      <rel_text>кривої</rel_text>
      <target>http://libmeta.ru/me/article/90_KRIVA</target>
    </relation>
    <relation uri="http://libmeta.ru/me/relation/1076_3_EJLERA">
      <rel_text>пересечения</rel_text>
      <target>http://libmeta.ru/me/article/222_PEREGÓROD</target>
    </relation>
    <relation uri="http://libmeta.ru/me/relation/1076_4_EJLERA">
      <rel_text>получпть</rel_text>
      <target>http://libmeta.ru/me/article/473_POLUNORM</target>
    </relation>
    <relation uri="http://libmeta.ru/me/relation/1076_5_EJLERA">
      <rel_text>получить</rel_text>
      <target>http://libmeta.ru/me/article/473_POLUNORM</target>
    </relation>
    <relation uri="http://libmeta.ru/me/relation/1076_6_EJLERA">
      <rel_text>гиперболы</rel_text>
      <target>http://libmeta.ru/me/article/1048_GIPERBOL</target>
    </relation>
    <relation uri="http://libmeta.ru/me/relation/1076_7_EJLERA">
      <rel_text>направлениями</rel_text>
      <target>http://libmeta.ru/me/article/859_NAPRAVLENNOST</target>
    </relation>
    <relation uri="http://libmeta.ru/me/relation/1076_8_EJLERA">
      <rel_text>получить</rel_text>
      <target>http://libmeta.ru/me/article/473_POLUNORM</target>
    </relation>
    <relation uri="http://libmeta.ru/me/relation/1076_9_EJLERA">
      <rel_text>гиперболой</rel_text>
      <target>http://libmeta.ru/me/article/1048_GIPERBOL</target>
    </relation>
    <relation uri="http://libmeta.ru/me/relation/1076_10_EJLERA">
      <rel_text>кривая</rel_text>
      <target>http://libmeta.ru/me/article/90_KRIVA</target>
    </relation>
    <relation uri="http://libmeta.ru/me/relation/1076_11_EJLERA">
      <rel_text>переменную</rel_text>
      <target>http://libmeta.ru/me/article/222_PEREGÓROD</target>
    </relation>
    <relation uri="http://libmeta.ru/me/relation/1076_12_EJLERA">
      <rel_text>кривой</rel_text>
      <target>http://libmeta.ru/me/article/90_KRIVA</target>
    </relation>
    <relation uri="http://libmeta.ru/me/relation/1076_13_EJLERA">
      <rel_text>координаты</rel_text>
      <target>http://libmeta.ru/me/article/1_KOORDiNAT</target>
    </relation>
    <relation uri="http://libmeta.ru/me/relation/1076_14_EJLERA">
      <rel_text>кривой</rel_text>
      <target>http://libmeta.ru/me/article/90_KRIVA</target>
    </relation>
    <relation uri="http://libmeta.ru/me/relation/1076_15_EJLERA">
      <rel_text>секущих</rel_text>
      <target>http://libmeta.ru/me/article/1256_SEKUND</target>
    </relation>
    <relation uri="http://libmeta.ru/me/relation/1076_16_EJLERA">
      <rel_text>параметр</rel_text>
      <target>http://libmeta.ru/me/article/154_PARABOL</target>
    </relation>
    <relation uri="http://libmeta.ru/me/relation/1076_17_EJLERA">
      <rel_text>представление</rel_text>
      <target>http://libmeta.ru/me/article/3_PREDSTAVLENI</target>
    </relation>
    <relation uri="http://libmeta.ru/me/relation/1076_18_EJLERA">
      <rel_text>параметрич</rel_text>
      <target>http://libmeta.ru/me/article/165_PARABOLOI</target>
    </relation>
    <relation uri="http://libmeta.ru/me/relation/1076_19_EJLERA">
      <rel_text>порядка</rel_text>
      <target>http://libmeta.ru/me/article/531_PORJaDO</target>
    </relation>
    <relation uri="http://libmeta.ru/me/relation/1076_20_EJLERA">
      <rel_text>кривая</rel_text>
      <target>http://libmeta.ru/me/article/90_KRIVA</target>
    </relation>
    <relation uri="http://libmeta.ru/me/relation/1076_21_EJLERA">
      <rel_text>Геометрич</rel_text>
      <target>http://libmeta.ru/me/article/1012_GEOMETRI</target>
    </relation>
  </relations>
  <text>замена переменной $URI[[http://libmeta.ru/me/formula/aux/1076_1_EJLERA]]/URI$ $URI[[http://libmeta.ru/me/formula/aux/1076_2_EJLERA]]/URI$ в интеграле

\[
URI[[http://libmeta.ru/me/formula/main/1076_1_EJLERA]]/URI
\]

где $URI[[http://libmeta.ru/me/formula/aux/1076_3_EJLERA]]/URI$ - рациональная функция своих аргументов, сводящая этот интеграл к интегралу от рациональной функции и имеющая один из следующих трех видов.

П е р в а я под с танов к а Эй ле ра: если $URI[[http://libmeta.ru/me/formula/aux/1076_4_EJLERA]]/URI$, то

\[
URI[[http://libmeta.ru/me/formula/main/1076_2_EJLERA]]/URI
\]

Вторая под с тановка Эй ле ра: если корни $URI[[http://libmeta.ru/me/formula/aux/1076_5_EJLERA]]/URI$ и $URI[[http://libmeta.ru/me/formula/aux/1076_6_EJLERA]]/URI$ квадратного трехчлена $URI[[http://libmeta.ru/me/formula/aux/1076_7_EJLERA]]/URI$ действительные, то

\[
URI[[http://libmeta.ru/me/formula/main/1076_3_EJLERA]]/URI
\]

Третья под с тановка Э йле ра: если $URI[[http://libmeta.ru/me/formula/aux/1076_8_EJLERA]]/URI$, то

\[
URI[[http://libmeta.ru/me/formula/main/1076_4_EJLERA]]/URI
\]

(в правых частях равенств можно брать любые комбинации знаков). При всех Э. п. как старая переменная интегрирования $URI[[http://libmeta.ru/me/formula/aux/1076_9_EJLERA]]/URI$, так и радикал $URI[[http://libmeta.ru/me/formula/aux/1076_10_EJLERA]]/URI$ рационально выражаются через новую переменную $URI[[http://libmeta.ru/me/formula/aux/1076_11_EJLERA]]/URI$.

Две первые Э. п. позволяют всегда свести интеграл (1) к интегралу от рациональной функции на любом промежутке, на к-ром радикал $URI[[http://libmeta.ru/me/formula/aux/1076_12_EJLERA]]/URI$ принимает только действительные значения.

URI[[http://libmeta.ru/me/relation/1076_21_EJLERA]]/URI. смысл Э. п. состоит в том, что URI[[http://libmeta.ru/me/relation/1076_20_EJLERA]]/URI 2-го URI[[http://libmeta.ru/me/relation/1076_19_EJLERA]]/URI

\[
URI[[http://libmeta.ru/me/formula/main/1076_5_EJLERA]]/URI
\]

имеет рациональное URI[[http://libmeta.ru/me/relation/1076_18_EJLERA]]/URI. URI[[http://libmeta.ru/me/relation/1076_17_EJLERA]]/URI: именно, если за URI[[http://libmeta.ru/me/relation/1076_16_EJLERA]]/URI $URI[[http://libmeta.ru/me/formula/aux/1076_13_EJLERA]]/URI$ взять угловые коәфффициенты пучка URI[[http://libmeta.ru/me/relation/1076_15_EJLERA]]/URI $URI[[http://libmeta.ru/me/formula/aux/1076_14_EJLERA]]/URI$, проходящих через точку $URI[[http://libmeta.ru/me/formula/aux/1076_15_EJLERA]]/URI$ URI[[http://libmeta.ru/me/relation/1076_14_EJLERA]]/URI (2), то URI[[http://libmeta.ru/me/relation/1076_13_EJLERA]]/URI этой URI[[http://libmeta.ru/me/relation/1076_12_EJLERA]]/URI будут рационально выражаться через URI[[http://libmeta.ru/me/relation/1076_11_EJLERA]]/URI $URI[[http://libmeta.ru/me/formula/aux/1076_16_EJLERA]]/URI$. В случае, когда $URI[[http://libmeta.ru/me/formula/aux/1076_17_EJLERA]]/URI$ и, следовательно, URI[[http://libmeta.ru/me/relation/1076_10_EJLERA]]/URI (2) является URI[[http://libmeta.ru/me/relation/1076_9_EJLERA]]/URI, для того, чтобы URI[[http://libmeta.ru/me/relation/1076_8_EJLERA]]/URI 1-ю Э. Iі., за точку $URI[[http://libmeta.ru/me/formula/aux/1076_18_EJLERA]]/URI$ следует взять одну из бесконечно удаленных точек, определяемых URI[[http://libmeta.ru/me/relation/1076_7_EJLERA]]/URI асимптот этой URI[[http://libmeta.ru/me/relation/1076_6_EJLERA]]/URI; в случае, когда корни $URI[[http://libmeta.ru/me/formula/aux/1076_19_EJLERA]]/URI$ и $URI[[http://libmeta.ru/me/formula/aux/1076_20_EJLERA]]/URI$ квадратичного трехчлена $URI[[http://libmeta.ru/me/formula/aux/1076_21_EJLERA]]/URI$ действительны, для того, чтобы URI[[http://libmeta.ru/me/relation/1076_5_EJLERA]]/URI 2-ю Э. п., надо взять за точку $URI[[http://libmeta.ru/me/formula/aux/1076_22_EJLERA]]/URI$ одну из точек $URI[[http://libmeta.ru/me/formula/aux/1076_23_EJLERA]]/URI$ или $URI[[http://libmeta.ru/me/formula/aux/1076_24_EJLERA]]/URI$; а в случае, когда $URI[[http://libmeta.ru/me/formula/aux/1076_25_EJLERA]]/URI$, чтобы URI[[http://libmeta.ru/me/relation/1076_4_EJLERA]]/URI 3-ю Э. п.- одну из точек URI[[http://libmeta.ru/me/relation/1076_3_EJLERA]]/URI URI[[http://libmeta.ru/me/relation/1076_2_EJLERA]]/URI (2) с осью URI[[http://libmeta.ru/me/relation/1076_1_EJLERA]]/URI, т. е. одну из точек $URI[[http://libmeta.ru/me/formula/aux/1076_26_EJLERA]]/URI$.</text>
  <text_orig>замена переменной $x=$ $=x(t)$ в интеграле

\[
\int R\left(x, \sqrt{a x^{2}+b x+c}\right) d x
\]

где $R(\cdot, \cdot)$ - рациональная функция своих аргументов, сводящая этот интеграл к интегралу от рациональной функции и имеющая один из следующих трех видов.

П е р в а я под с танов к а Эй ле ра: если $a&gt;0$, то

\[
\sqrt{a x^{2}+b x+c}= \pm x \sqrt{a} \pm t .
\]

Вторая под с тановка Эй ле ра: если корни $x_{1}$ и $x_{2}$ квадратного трехчлена $a x^{2}+b x+c$ действительные, то

\[
\sqrt{a x^{2}+b x+c}= \pm t\left(x-x_{1}\right) .
\]

Третья под с тановка Э йле ра: если $c&gt;0$, то

\[
\sqrt{a x^{2}+b x+c}= \pm \sqrt{c} \pm x t
\]

(в правых частях равенств можно брать любые комбинации знаков). При всех Э. п. как старая переменная интегрирования $x$, так и радикал $\sqrt{a x^{2}+b x+c}$ рационально выражаются через новую переменную $t$.

Две первые Э. п. позволяют всегда свести интеграл (1) к интегралу от рациональной функции на любом промежутке, на к-ром радикал $\sqrt{a x^{2}+b x+c}$ принимает только действительные значения.

Геометрич. смысл Э. п. состоит в том, что кривая 2-го порядка

\[
y^{2}=a x^{2}+b x+c
\]

имеет рациональное параметрич. представление: именно, если за параметр $t$ взять угловые коәфффициенты пучка секущих $y-y_{0}=t\left(x-x_{0}\right)$, проходящих через точку $\left(x_{0}, y_{0}\right)$ кривой (2), то координаты этой кривой будут рационально выражаться через переменную $t$. В случае, когда $a&gt;0$ и, следовательно, кривая (2) является гиперболой, для того, чтобы получить 1-ю Э. Iі., за точку $\left(x_{0}, y_{0}\right)$ следует взять одну из бесконечно удаленных точек, определяемых направлениями асимптот этой гиперболы; в случае, когда корни $x_{1}$ и $x_{2}$ квадратичного трехчлена $a x^{2}+b x+c$ действительны, для того, чтобы получить 2-ю Э. п., надо взять за точку $\left(x_{0}, y_{0}\right)$ одну из точек $\left(x_{1}, 0\right)$ или $\left(x_{2}, 0\right)$; а в случае, когда $c&gt;0$, чтобы получпть 3-ю Э. п.- одну из точек пересечения кривої (2) с осью ординат, т. е. одну из точек $(0, \pm \sqrt{c})$.</text_orig>
</article>
