<?xml version="1.0" ?>
<article uri="http://libmeta.ru/me/article/1076_NORMENNYJ" alphabetic_pos="1076">
  <title>НОРМЕННЫЙ ВЫЧЕТ</title>
  <authors>
    <author>Л. В. Кузьмин</author>
  </authors>
  <pages>
    <start>540</start>
    <end>540</end>
  </pages>
  <literature>
    <literature_orig>Лит.: [1] Алгебраическая теория чисел, пер. с англ., М., $1969 ;[2]$ K o х X., Теория Галу а $p$-растирений, пер. с нем., К-теорию, пер. с англ., М., 1974; [4] Ші а ф а р е в и ч и. Р., «матем. сб.&quot;, 1950, т. 26 , 소 1, c. $113-46$.</literature_orig>
    <unit>
      <title>Алгебраическая теория чисел</title>
      <publication>пер. с англ., М.</publication>
      <year>1969</year>
      <other/>
    </unit>
    <unit>
      <author>$Koх X.</author>
      <title>Теория Галу а $p$-растирений</title>
      <publication>пер. с нем., К-теорию, пер. с англ., М.</publication>
      <year>1974</year>
      <other>«матем. сб.&quot;, 1950, т. 26, 소 1, c. $113-46$.</other>
    </unit>
  </literature>
  <formulas_main>
    <formula uri="http://libmeta.ru/me/formula/main/1076_1_NORMENNYJ">\theta: K / K^{* n} \rightarrow G(L / K)</formula>
    <formula uri="http://libmeta.ru/me/formula/main/1076_2_NORMENNYJ">\theta(y)(\sqrt[n]{x})=(x, y) \sqrt[n]{x} .</formula>
    <formula uri="http://libmeta.ru/me/formula/main/1076_3_NORMENNYJ">(\sigma x, \sigma y)=\sigma(x, y)</formula>
    <formula uri="http://libmeta.ru/me/formula/main/1076_4_NORMENNYJ">(a, b)=\left(N_{K \cdot / K}(a), b\right)</formula>
    <formula uri="http://libmeta.ru/me/formula/main/1076_5_NORMENNYJ">K^{*} / K^{* n} \times K^{*} / K^{* n} \rightarrow \mu(n),</formula>
  </formulas_main>
  <formulas_aux>
    <formula uri="http://libmeta.ru/me/formula/aux/1076_1_NORMENNYJ">x, y</formula>
    <formula uri="http://libmeta.ru/me/formula/aux/1076_2_NORMENNYJ">k^{*}</formula>
    <formula uri="http://libmeta.ru/me/formula/aux/1076_3_NORMENNYJ">k</formula>
    <formula uri="http://libmeta.ru/me/formula/aux/1076_4_NORMENNYJ">(x, y) \in K^{*}</formula>
    <formula uri="http://libmeta.ru/me/formula/aux/1076_5_NORMENNYJ">\varepsilon_{n} \in K-</formula>
    <formula uri="http://libmeta.ru/me/formula/aux/1076_6_NORMENNYJ">n</formula>
    <formula uri="http://libmeta.ru/me/formula/aux/1076_7_NORMENNYJ">n</formula>
    <formula uri="http://libmeta.ru/me/formula/aux/1076_8_NORMENNYJ">k</formula>
    <formula uri="http://libmeta.ru/me/formula/aux/1076_9_NORMENNYJ">\sqrt[n]{a}</formula>
    <formula uri="http://libmeta.ru/me/formula/aux/1076_10_NORMENNYJ">a \in K^{*}</formula>
    <formula uri="http://libmeta.ru/me/formula/aux/1076_11_NORMENNYJ">x, y</formula>
    <formula uri="http://libmeta.ru/me/formula/aux/1076_12_NORMENNYJ">\mathbf{c}</formula>
    <formula uri="http://libmeta.ru/me/formula/aux/1076_13_NORMENNYJ">(x, y)</formula>
    <formula uri="http://libmeta.ru/me/formula/aux/1076_14_NORMENNYJ">\left(x_{1} x_{2}, y\right)=\left(x_{1}, y\right)\left(x_{2}, y\right),\left(x, y_{1} y_{2}\right)=</formula>
    <formula uri="http://libmeta.ru/me/formula/aux/1076_15_NORMENNYJ">=\left(x, y_{1}\right)\left(x, y_{2}\right)</formula>
    <formula uri="http://libmeta.ru/me/formula/aux/1076_16_NORMENNYJ">(x, y)(y, x)=1</formula>
    <formula uri="http://libmeta.ru/me/formula/aux/1076_17_NORMENNYJ">(x, y)=1</formula>
    <formula uri="http://libmeta.ru/me/formula/aux/1076_18_NORMENNYJ">x \in K^{*}</formula>
    <formula uri="http://libmeta.ru/me/formula/aux/1076_19_NORMENNYJ">y \in K^{* n} ;</formula>
    <formula uri="http://libmeta.ru/me/formula/aux/1076_20_NORMENNYJ">(x, y)=1</formula>
    <formula uri="http://libmeta.ru/me/formula/aux/1076_21_NORMENNYJ">y \in K^{*}</formula>
    <formula uri="http://libmeta.ru/me/formula/aux/1076_22_NORMENNYJ">x \in K^{* n}</formula>
    <formula uri="http://libmeta.ru/me/formula/aux/1076_23_NORMENNYJ">x+y=1</formula>
    <formula uri="http://libmeta.ru/me/formula/aux/1076_24_NORMENNYJ">(x, y)=1</formula>
    <formula uri="http://libmeta.ru/me/formula/aux/1076_25_NORMENNYJ">\sigma-</formula>
    <formula uri="http://libmeta.ru/me/formula/aux/1076_26_NORMENNYJ">k</formula>
    <formula uri="http://libmeta.ru/me/formula/aux/1076_27_NORMENNYJ">k^{\prime}</formula>
    <formula uri="http://libmeta.ru/me/formula/aux/1076_28_NORMENNYJ">k, a \in K^{\prime}</formula>
    <formula uri="http://libmeta.ru/me/formula/aux/1076_29_NORMENNYJ">b \in K^{*}</formula>
    <formula uri="http://libmeta.ru/me/formula/aux/1076_30_NORMENNYJ">k^{\prime}</formula>
    <formula uri="http://libmeta.ru/me/formula/aux/1076_31_NORMENNYJ">k</formula>
    <formula uri="http://libmeta.ru/me/formula/aux/1076_32_NORMENNYJ">n_{k^{\prime} / K}</formula>
    <formula uri="http://libmeta.ru/me/formula/aux/1076_33_NORMENNYJ">k^{\prime}</formula>
    <formula uri="http://libmeta.ru/me/formula/aux/1076_34_NORMENNYJ">k</formula>
    <formula uri="http://libmeta.ru/me/formula/aux/1076_35_NORMENNYJ">(x, y)=1</formula>
    <formula uri="http://libmeta.ru/me/formula/aux/1076_36_NORMENNYJ">y</formula>
    <formula uri="http://libmeta.ru/me/formula/aux/1076_37_NORMENNYJ">k(\sqrt[n]{\sqrt{x}})</formula>
    <formula uri="http://libmeta.ru/me/formula/aux/1076_38_NORMENNYJ">(x, y)</formula>
    <formula uri="http://libmeta.ru/me/formula/aux/1076_39_NORMENNYJ">\mu(n)</formula>
    <formula uri="http://libmeta.ru/me/formula/aux/1076_40_NORMENNYJ">\xi_{n}</formula>
    <formula uri="http://libmeta.ru/me/formula/aux/1076_41_NORMENNYJ">\psi: K^{*} \times K^{*} \rightarrow A</formula>
    <formula uri="http://libmeta.ru/me/formula/aux/1076_42_NORMENNYJ">a</formula>
    <formula uri="http://libmeta.ru/me/formula/aux/1076_43_NORMENNYJ">y \in K^{*}</formula>
    <formula uri="http://libmeta.ru/me/formula/aux/1076_44_NORMENNYJ">\left\{x \in K^{*} \mid \Psi(x, y)=1\right\}</formula>
    <formula uri="http://libmeta.ru/me/formula/aux/1076_45_NORMENNYJ">k^{*}</formula>
    <formula uri="http://libmeta.ru/me/formula/aux/1076_46_NORMENNYJ">\varphi: \mu(n) \rightarrow A</formula>
    <formula uri="http://libmeta.ru/me/formula/aux/1076_47_NORMENNYJ">x, y \in K^{*}</formula>
    <formula uri="http://libmeta.ru/me/formula/aux/1076_48_NORMENNYJ">\psi(x, y)=\varphi((x, y))</formula>
    <formula uri="http://libmeta.ru/me/formula/aux/1076_49_NORMENNYJ">f</formula>
    <formula uri="http://libmeta.ru/me/formula/aux/1076_50_NORMENNYJ">k</formula>
    <formula uri="http://libmeta.ru/me/formula/aux/1076_51_NORMENNYJ">f</formula>
    <formula uri="http://libmeta.ru/me/formula/aux/1076_52_NORMENNYJ">v</formula>
    <formula uri="http://libmeta.ru/me/formula/aux/1076_53_NORMENNYJ">(x, y)_{v}</formula>
    <formula uri="http://libmeta.ru/me/formula/aux/1076_54_NORMENNYJ">f^{*} \times F^{*}</formula>
    <formula uri="http://libmeta.ru/me/formula/aux/1076_55_NORMENNYJ">(x, y)</formula>
    <formula uri="http://libmeta.ru/me/formula/aux/1076_56_NORMENNYJ">f * \rightarrow K^{*}</formula>
    <formula uri="http://libmeta.ru/me/formula/aux/1076_57_NORMENNYJ">\theta(x)</formula>
    <formula uri="http://libmeta.ru/me/formula/aux/1076_58_NORMENNYJ">k</formula>
    <formula uri="http://libmeta.ru/me/formula/aux/1076_59_NORMENNYJ">x \in K^{*}</formula>
  </formulas_aux>
  <relations n="18">
    <relation uri="http://libmeta.ru/me/relation/1076_1_NORMENNYJ">
      <rel_text>локальной теории</rel_text>
      <target>http://libmeta.ru/me/article/545_MALYTsEVA</target>
    </relation>
    <relation uri="http://libmeta.ru/me/relation/1076_2_NORMENNYJ">
      <rel_text>автоморфизм</rel_text>
      <target>http://libmeta.ru/me/article/54_AVTOMoRFIZ</target>
    </relation>
    <relation uri="http://libmeta.ru/me/relation/1076_3_NORMENNYJ">
      <rel_text>локального</rel_text>
      <target>http://libmeta.ru/me/article/425_LOKALIZATsI</target>
    </relation>
    <relation uri="http://libmeta.ru/me/relation/1076_4_NORMENNYJ">
      <rel_text>получающуюся</rel_text>
      <target>http://libmeta.ru/me/article/476_POLUPLOSKOST</target>
    </relation>
    <relation uri="http://libmeta.ru/me/relation/1076_5_NORMENNYJ">
      <rel_text>функцию</rel_text>
      <target>http://libmeta.ru/me/article/790_FUNKTO</target>
    </relation>
    <relation uri="http://libmeta.ru/me/relation/1076_6_NORMENNYJ">
      <rel_text>пополненпе</rel_text>
      <target>http://libmeta.ru/me/article/520_POPOLNENI</target>
    </relation>
    <relation uri="http://libmeta.ru/me/relation/1076_7_NORMENNYJ">
      <rel_text>поле</rel_text>
      <target>http://libmeta.ru/me/article/390_POL</target>
    </relation>
    <relation uri="http://libmeta.ru/me/relation/1076_8_NORMENNYJ">
      <rel_text>определения Н. в</rel_text>
      <target>http://libmeta.ru/me/article/30_OPREDELITEL',</target>
    </relation>
    <relation uri="http://libmeta.ru/me/relation/1076_9_NORMENNYJ">
      <rel_text>гомоморфизм</rel_text>
      <target>http://libmeta.ru/me/article/1135_GOMoMoRFIZ</target>
    </relation>
    <relation uri="http://libmeta.ru/me/relation/1076_10_NORMENNYJ">
      <rel_text>Символ</rel_text>
      <target>http://libmeta.ru/me/article/1347_SIMUL</target>
    </relation>
    <relation uri="http://libmeta.ru/me/relation/1076_11_NORMENNYJ">
      <rel_text>множество</rel_text>
      <target>http://libmeta.ru/me/article/733_MNOZhESTV</target>
    </relation>
    <relation uri="http://libmeta.ru/me/relation/1076_12_NORMENNYJ">
      <rel_text>группу</rel_text>
      <target>http://libmeta.ru/me/article/1207_GRUPІІ</target>
    </relation>
    <relation uri="http://libmeta.ru/me/relation/1076_13_NORMENNYJ">
      <rel_text>отображение</rel_text>
      <target>http://libmeta.ru/me/article/128_OTOBRAZhENI</target>
    </relation>
    <relation uri="http://libmeta.ru/me/relation/1076_14_NORMENNYJ">
      <rel_text>единицы</rel_text>
      <target>http://libmeta.ru/me/article/389_EDINITs</target>
    </relation>
    <relation uri="http://libmeta.ru/me/relation/1076_15_NORMENNYJ">
      <rel_text>корней</rel_text>
      <target>http://libmeta.ru/me/article/10_KOREN</target>
    </relation>
    <relation uri="http://libmeta.ru/me/relation/1076_16_NORMENNYJ">
      <rel_text>группа</rel_text>
      <target>http://libmeta.ru/me/article/1207_GRUPІІ</target>
    </relation>
    <relation uri="http://libmeta.ru/me/relation/1076_17_NORMENNYJ">
      <rel_text>спаривание</rel_text>
      <target>http://libmeta.ru/me/article/103_SPARIVANI</target>
    </relation>
    <relation uri="http://libmeta.ru/me/relation/1076_18_NORMENNYJ">
      <rel_text>Функция</rel_text>
      <target>http://libmeta.ru/me/article/790_FUNKTO</target>
    </relation>
  </relations>
  <text>с И в о л н о р м е нного выче та, сим вол функция, сопоставляющая упорядоченной паре элементов $URI[[http://libmeta.ru/me/formula/aux/1076_1_NORMENNYJ]]/URI$ мультипликативной группы $URI[[http://libmeta.ru/me/formula/aux/1076_2_NORMENNYJ]]/URI$ нек-рого локального поля $URI[[http://libmeta.ru/me/formula/aux/1076_3_NORMENNYJ]]/URI$ элемент $URI[[http://libmeta.ru/me/formula/aux/1076_4_NORMENNYJ]]/URI$, являющийся корнем из единицы. Эта функция может быть определена следующим образом. Пусть $URI[[http://libmeta.ru/me/formula/aux/1076_5_NORMENNYJ]]/URI$ нек-рый первообразный корень степени $URI[[http://libmeta.ru/me/formula/aux/1076_6_NORMENNYJ]]/URI$ из единицы. Максимальное абе-

![](https://cdn.mathpix.com/cropped/2023_07_08_5e41d6cacece680fddbeg-1.jpg?height=34&amp;width=834&amp;top_left_y=814&amp;top_left_x=119)
казателя $URI[[http://libmeta.ru/me/formula/aux/1076_7_NORMENNYJ]]/URI$ получается присоединением к $URI[[http://libmeta.ru/me/formula/aux/1076_8_NORMENNYJ]]/URI$ корнеі̆ $URI[[http://libmeta.ru/me/formula/aux/1076_9_NORMENNYJ]]/URI$ для всех $URI[[http://libmeta.ru/me/formula/aux/1076_10_NORMENNYJ]]/URI$. С пругой стороны, существует канонич. изоморфизм (основной изоморфизм локальной полей класт:ов теории)

\[
URI[[http://libmeta.ru/me/formula/main/1076_1_NORMENNYJ]]/URI
\]

Н о р м е н н й вы ч е т для пары $URI[[http://libmeta.ru/me/formula/aux/1076_11_NORMENNYJ]]/URI$ определяется из соотношения

\[
URI[[http://libmeta.ru/me/formula/main/1076_2_NORMENNYJ]]/URI
\]

В частном случае, для квадратичных полей, понятие символа Н. в. было введено Д. Гильбертом (d. Hilbert). Существует явное и использующее только локяльную теорию полей классов определение Н. в. [4].

С в о й $URI[[http://libmeta.ru/me/formula/aux/1076_12_NORMENNYJ]]/URI$ т в а с и м в о л a $URI[[http://libmeta.ru/me/formula/aux/1076_13_NORMENNYJ]]/URI$ :

1) билинейность: $URI[[http://libmeta.ru/me/formula/aux/1076_14_NORMENNYJ]]/URI$ $URI[[http://libmeta.ru/me/formula/aux/1076_15_NORMENNYJ]]/URI$

2) кососимметричность: $URI[[http://libmeta.ru/me/formula/aux/1076_16_NORMENNYJ]]/URI$;

3) невырожденность: из $URI[[http://libmeta.ru/me/formula/aux/1076_17_NORMENNYJ]]/URI$ для всех $URI[[http://libmeta.ru/me/formula/aux/1076_18_NORMENNYJ]]/URI$ следует, что $URI[[http://libmeta.ru/me/formula/aux/1076_19_NORMENNYJ]]/URI$ из $URI[[http://libmeta.ru/me/formula/aux/1076_20_NORMENNYJ]]/URI$ для всех $URI[[http://libmeta.ru/me/formula/aux/1076_21_NORMENNYJ]]/URI$ следует, что $URI[[http://libmeta.ru/me/formula/aux/1076_22_NORMENNYJ]]/URI$;

4) если $URI[[http://libmeta.ru/me/formula/aux/1076_23_NORMENNYJ]]/URI$, то $URI[[http://libmeta.ru/me/formula/aux/1076_24_NORMENNYJ]]/URI$;

5 ) если $URI[[http://libmeta.ru/me/formula/aux/1076_25_NORMENNYJ]]/URI$ автоморфизм поля $URI[[http://libmeta.ru/me/formula/aux/1076_26_NORMENNYJ]]/URI$, то

\[
URI[[http://libmeta.ru/me/formula/main/1076_3_NORMENNYJ]]/URI
\]

6) пусть $URI[[http://libmeta.ru/me/formula/aux/1076_27_NORMENNYJ]]/URI$ - конечное расширение поля $URI[[http://libmeta.ru/me/formula/aux/1076_28_NORMENNYJ]]/URI$ * и $URI[[http://libmeta.ru/me/formula/aux/1076_29_NORMENNYJ]]/URI$. Тогда

\[
URI[[http://libmeta.ru/me/formula/main/1076_4_NORMENNYJ]]/URI
\]

где в левой части формулы символ Н. в. рассматривается для поля $URI[[http://libmeta.ru/me/formula/aux/1076_30_NORMENNYJ]]/URI$, в правой части - для поля $URI[[http://libmeta.ru/me/formula/aux/1076_31_NORMENNYJ]]/URI$, а $URI[[http://libmeta.ru/me/formula/aux/1076_32_NORMENNYJ]]/URI$ 一норлснн.ое отображение из $URI[[http://libmeta.ru/me/formula/aux/1076_33_NORMENNYJ]]/URI$ в $URI[[http://libmeta.ru/me/formula/aux/1076_34_NORMENNYJ]]/URI$;

7) из $URI[[http://libmeta.ru/me/formula/aux/1076_35_NORMENNYJ]]/URI$ следует, что $URI[[http://libmeta.ru/me/formula/aux/1076_36_NORMENNYJ]]/URI$ является нормой из расширения $URI[[http://libmeta.ru/me/formula/aux/1076_37_NORMENNYJ]]/URI$ (это свойство дало название символу).

URI[[http://libmeta.ru/me/relation/1076_18_NORMENNYJ]]/URI $URI[[http://libmeta.ru/me/formula/aux/1076_38_NORMENNYJ]]/URI$ индуцирует невырожденное билінейное URI[[http://libmeta.ru/me/relation/1076_17_NORMENNYJ]]/URI

\[
URI[[http://libmeta.ru/me/formula/main/1076_5_NORMENNYJ]]/URI
\]

где $URI[[http://libmeta.ru/me/formula/aux/1076_39_NORMENNYJ]]/URI$ - URI[[http://libmeta.ru/me/relation/1076_16_NORMENNYJ]]/URI URI[[http://libmeta.ru/me/relation/1076_15_NORMENNYJ]]/URI из URI[[http://libmeta.ru/me/relation/1076_14_NORMENNYJ]]/URI, порожденная $URI[[http://libmeta.ru/me/formula/aux/1076_40_NORMENNYJ]]/URI$. Пусть вадано URI[[http://libmeta.ru/me/relation/1076_13_NORMENNYJ]]/URI $URI[[http://libmeta.ru/me/formula/aux/1076_41_NORMENNYJ]]/URI$ в некоторую абелеву URI[[http://libmeta.ru/me/relation/1076_12_NORMENNYJ]]/URI $URI[[http://libmeta.ru/me/formula/aux/1076_42_NORMENNYJ]]/URI$, удовлегворяющее условиям 1), 4) и у с ло в и ю н е п р е р ы в о с т и: для Јюбото $URI[[http://libmeta.ru/me/formula/aux/1076_43_NORMENNYJ]]/URI$ URI[[http://libmeta.ru/me/relation/1076_11_NORMENNYJ]]/URI $URI[[http://libmeta.ru/me/formula/aux/1076_44_NORMENNYJ]]/URI$ замкнуто в $URI[[http://libmeta.ru/me/formula/aux/1076_45_NORMENNYJ]]/URI$. URI[[http://libmeta.ru/me/relation/1076_10_NORMENNYJ]]/URI Н. в. обладает следующим с в о.й с т в о м у н и в е р с а л ь н о с т и [3]: сущцествует URI[[http://libmeta.ru/me/relation/1076_9_NORMENNYJ]]/URI $URI[[http://libmeta.ru/me/formula/aux/1076_46_NORMENNYJ]]/URI$ такой, что для любых $URI[[http://libmeta.ru/me/formula/aux/1076_47_NORMENNYJ]]/URI$ $URI[[http://libmeta.ru/me/formula/aux/1076_48_NORMENNYJ]]/URI$. Это свойство служит основой аксиоматич. URI[[http://libmeta.ru/me/relation/1076_8_NORMENNYJ]]/URI.

Если $URI[[http://libmeta.ru/me/formula/aux/1076_49_NORMENNYJ]]/URI$ - глобальное URI[[http://libmeta.ru/me/relation/1076_7_NORMENNYJ]]/URI, а $URI[[http://libmeta.ru/me/formula/aux/1076_50_NORMENNYJ]]/URI$ - URI[[http://libmeta.ru/me/relation/1076_6_NORMENNYJ]]/URI поля $URI[[http://libmeta.ru/me/formula/aux/1076_51_NORMENNYJ]]/URI$ относительно нек-рой точки $URI[[http://libmeta.ru/me/formula/aux/1076_52_NORMENNYJ]]/URI$, то символом Н. в. называют также URI[[http://libmeta.ru/me/relation/1076_5_NORMENNYJ]]/URI $URI[[http://libmeta.ru/me/formula/aux/1076_53_NORMENNYJ]]/URI$, определенную на $URI[[http://libmeta.ru/me/formula/aux/1076_54_NORMENNYJ]]/URI$, URI[[http://libmeta.ru/me/relation/1076_4_NORMENNYJ]]/URI комгозицией (URI[[http://libmeta.ru/me/relation/1076_3_NORMENNYJ]]/URI) символа Н. в. $URI[[http://libmeta.ru/me/formula/aux/1076_55_NORMENNYJ]]/URI$ с естественным вложением $URI[[http://libmeta.ru/me/formula/aux/1076_56_NORMENNYJ]]/URI$.

Иногда символіом Н. в. наз. URI[[http://libmeta.ru/me/relation/1076_2_NORMENNYJ]]/URI $URI[[http://libmeta.ru/me/formula/aux/1076_57_NORMENNYJ]]/URI$ максимального абелева расширения поля $URI[[http://libmeta.ru/me/formula/aux/1076_58_NORMENNYJ]]/URI$, соответствующий әлементу $URI[[http://libmeta.ru/me/formula/aux/1076_59_NORMENNYJ]]/URI$ в силу URI[[http://libmeta.ru/me/relation/1076_1_NORMENNYJ]]/URI полей классов.</text>
  <text_orig>с И в о л н о р м е нного выче та, сим вол функция, сопоставляющая упорядоченной паре элементов $x, y$ мультипликативной группы $K^{*}$ нек-рого локального поля $K$ элемент $(x, y) \in K^{*}$, являющийся корнем из единицы. Эта функция может быть определена следующим образом. Пусть $\varepsilon_{n} \in K-$ нек-рый первообразный корень степени $n$ из единицы. Максимальное абе-

![](https://cdn.mathpix.com/cropped/2023_07_08_5e41d6cacece680fddbeg-1.jpg?height=34&amp;width=834&amp;top_left_y=814&amp;top_left_x=119)
казателя $n$ получается присоединением к $K$ корнеі̆ $\sqrt[n]{a}$ для всех $a \in K^{*}$. С пругой стороны, существует канонич. изоморфизм (основной изоморфизм локальной полей класт:ов теории)

\[
\theta: K / K^{* n} \rightarrow G(L / K)
\]

Н о р м е н н й вы ч е т для пары $x, y$ определяется из соотношения

\[
\theta(y)(\sqrt[n]{x})=(x, y) \sqrt[n]{x} .
\]

В частном случае, для квадратичных полей, понятие символа Н. в. было введено Д. Гильбертом (D. Hilbert). Существует явное и использующее только локяльную теорию полей классов определение Н. в. [4].

С в о й $\mathbf{c}$ т в а с и м в о л a $(x, y)$ :

1) билинейность: $\left(x_{1} x_{2}, y\right)=\left(x_{1}, y\right)\left(x_{2}, y\right),\left(x, y_{1} y_{2}\right)=$ $=\left(x, y_{1}\right)\left(x, y_{2}\right)$

2) кососимметричность: $(x, y)(y, x)=1$;

3) невырожденность: из $(x, y)=1$ для всех $x \in K^{*}$ следует, что $y \in K^{* n} ;$ из $(x, y)=1$ для всех $y \in K^{*}$ следует, что $x \in K^{* n}$;

4) если $x+y=1$, то $(x, y)=1$;

5 ) если $\sigma-$ автоморфизм поля $K$, то

\[
(\sigma x, \sigma y)=\sigma(x, y)
\]

6) пусть $K^{\prime}$ - конечное расширение поля $K, a \in K^{\prime}$ * и $b \in K^{*}$. Тогда

\[
(a, b)=\left(N_{K \cdot / K}(a), b\right)
\]

где в левой части формулы символ Н. в. рассматривается для поля $K^{\prime}$, в правой части - для поля $K$, а $N_{K^{\prime} / K}$ 一норлснн.ое отображение из $K^{\prime}$ в $K$;

7) из $(x, y)=1$ следует, что $y$ является нормой из расширения $K(\sqrt[n]{\sqrt{x}})$ (это свойство дало название символу).

Функция $(x, y)$ индуцирует невырожденное билінейное спаривание

\[
K^{*} / K^{* n} \times K^{*} / K^{* n} \rightarrow \mu(n),
\]

где $\mu(n)$ - группа корней из единицы, порожденная $\xi_{n}$. Пусть вадано отображение $\Psi: K^{*} \times K^{*} \rightarrow A$ в некоторую абелеву группу $A$, удовлегворяющее условиям 1), 4) и у с ло в и ю н е п р е р ы в о с т и: для Јюбото $y \in K^{*}$ множество $\left\{x \in K^{*} \mid \Psi(x, y)=1\right\}$ замкнуто в $K^{*}$. Символ Н. в. обладает следующим с в о.й с т в о м у н и в е р с а л ь н о с т и [3]: сущцествует гомоморфизм $\varphi: \mu(n) \rightarrow A$ такой, что для любых $x, y \in K^{*}$ $\Psi(x, y)=\varphi((x, y))$. Это свойство служит основой аксиоматич. определения Н. в.

Если $F$ - глобальное поле, а $K$ - пополненпе поля $F$ относительно нек-рой точки $v$, то символом Н. в. называют также функцию $(x, y)_{v}$, определенную на $F^{*} \times F^{*}$, получающуюся комгозицией (локального) символа Н. в. $(x, y)$ с естественным вложением $F * \rightarrow K^{*}$.

Иногда символіом Н. в. наз. автоморфизм $\theta(x)$ максимального абелева расширения поля $K$, соответствующий әлементу $x \in K^{*}$ в силу локальной теории полей классов.

Лит.: [1] Алгебраическая теория чисел, пер. с англ., М., $1969 ;[2]$ K o х X., Теория Галу а $p$-растирений, пер. с нем., К-теорию, пер. с англ., М., 1974; [4] Ші а ф а р е в и ч и. Р., «Матем. сб.&quot;, 1950, т. 26 , 소 1, c. $113-46$. Л. В. Кузьмин.</text_orig>
</article>
