<?xml version="1.0" ?>
<article uri="http://libmeta.ru/me/article/1076_REIILKA" alphabetic_pos="1076">
  <title>РЕIIЛКА э н д о м о р ф и з м а</title>
  <authors/>
  <pages>
    <start>489</start>
    <end>489</end>
  </pages>
  <literature>
    <literature_orig>Лит.: [1] С е p p Ж.-П., Алгебры Ли и группы Ли, пер. с англ. и франц., М., 1969; [2] Теория алгебр Ли. Топология групп Ји, пер. с франц., М., 1962; [3] Ш е в а л л е К., Теориягрупп Ли, пер с франц., т. 2, М., 1958.</literature_orig>
    <unit>
      <author>Сеpp Ж.- П.</author>
      <title>Алгебры Ли и группы Ли</title>
      <publication>пер. с англ. и франц., М.</publication>
      <year>1969</year>
      <other/>
    </unit>
    <unit>
      <title>Теория алгебр Ли. Топология групп Ји</title>
      <publication>пер. с франц., М.</publication>
      <year>1962</year>
      <other/>
    </unit>
    <unit>
      <author>Шевалле К.</author>
      <title>Теориягрупп Ли, пер с франц.</title>
      <publication>М.</publication>
      <year>1958</year>
      <other>т. 2</other>
    </unit>
  </literature>
  <formulas_main/>
  <formulas_aux>
    <formula uri="http://libmeta.ru/me/formula/aux/1076_1_REIILKA">x</formula>
    <formula uri="http://libmeta.ru/me/formula/aux/1076_2_REIILKA">v</formula>
    <formula uri="http://libmeta.ru/me/formula/aux/1076_3_REIILKA">k</formula>
    <formula uri="http://libmeta.ru/me/formula/aux/1076_4_REIILKA">x</formula>
    <formula uri="http://libmeta.ru/me/formula/aux/1076_5_REIILKA">\mathfrak{g l}(V)</formula>
    <formula uri="http://libmeta.ru/me/formula/aux/1076_6_REIILKA">x^{\prime} \in \mathfrak{g l}(V)</formula>
    <formula uri="http://libmeta.ru/me/formula/aux/1076_7_REIILKA">x</formula>
    <formula uri="http://libmeta.ru/me/formula/aux/1076_8_REIILKA">v</formula>
    <formula uri="http://libmeta.ru/me/formula/aux/1076_9_REIILKA">x</formula>
    <formula uri="http://libmeta.ru/me/formula/aux/1076_10_REIILKA">x^{\prime}</formula>
    <formula uri="http://libmeta.ru/me/formula/aux/1076_11_REIILKA">x</formula>
    <formula uri="http://libmeta.ru/me/formula/aux/1076_12_REIILKA">x</formula>
    <formula uri="http://libmeta.ru/me/formula/aux/1076_13_REIILKA">k</formula>
    <formula uri="http://libmeta.ru/me/formula/aux/1076_14_REIILKA">x</formula>
    <formula uri="http://libmeta.ru/me/formula/aux/1076_15_REIILKA">\mathfrak{g l}(V)</formula>
    <formula uri="http://libmeta.ru/me/formula/aux/1076_16_REIILKA">x</formula>
    <formula uri="http://libmeta.ru/me/formula/aux/1076_17_REIILKA">v</formula>
    <formula uri="http://libmeta.ru/me/formula/aux/1076_18_REIILKA">\operatorname{tr} X X^{\prime}=0</formula>
    <formula uri="http://libmeta.ru/me/formula/aux/1076_19_REIILKA">x^{\prime}</formula>
    <formula uri="http://libmeta.ru/me/formula/aux/1076_20_REIILKA">x</formula>
    <formula uri="http://libmeta.ru/me/formula/aux/1076_21_REIILKA">k</formula>
    <formula uri="http://libmeta.ru/me/formula/aux/1076_22_REIILKA">\varphi</formula>
    <formula uri="http://libmeta.ru/me/formula/aux/1076_23_REIILKA">k, X</formula>
    <formula uri="http://libmeta.ru/me/formula/aux/1076_24_REIILKA">v</formula>
    <formula uri="http://libmeta.ru/me/formula/aux/1076_25_REIILKA">\varphi(x)</formula>
    <formula uri="http://libmeta.ru/me/formula/aux/1076_26_REIILKA">v</formula>
    <formula uri="http://libmeta.ru/me/formula/aux/1076_27_REIILKA">x</formula>
    <formula uri="http://libmeta.ru/me/formula/aux/1076_28_REIILKA">\lambda</formula>
    <formula uri="http://libmeta.ru/me/formula/aux/1076_29_REIILKA">\varphi(x)</formula>
    <formula uri="http://libmeta.ru/me/formula/aux/1076_30_REIILKA">\varphi(\lambda)</formula>
    <formula uri="http://libmeta.ru/me/formula/aux/1076_31_REIILKA">x^{\prime} \in g[(V)</formula>
    <formula uri="http://libmeta.ru/me/formula/aux/1076_32_REIILKA">\mathrm{p}</formula>
    <formula uri="http://libmeta.ru/me/formula/aux/1076_33_REIILKA">x</formula>
    <formula uri="http://libmeta.ru/me/formula/aux/1076_34_REIILKA">x^{\prime}=\varphi(x)</formula>
    <formula uri="http://libmeta.ru/me/formula/aux/1076_35_REIILKA">\varphi</formula>
    <formula uri="http://libmeta.ru/me/formula/aux/1076_36_REIILKA">k</formula>
  </formulas_aux>
  <relations n="32">
    <relation uri="http://libmeta.ru/me/relation/1076_1_REIILKA">
      <rel_text>Жордана разложение</rel_text>
      <target>http://libmeta.ru/me/article/412_ZhORDANA</target>
    </relation>
    <relation uri="http://libmeta.ru/me/relation/1076_2_REIILKA">
      <rel_text>Эндоморфизм</rel_text>
      <target>http://libmeta.ru/me/article/1165_ENDOMORFIZ</target>
    </relation>
    <relation uri="http://libmeta.ru/me/relation/1076_3_REIILKA">
      <rel_text>Лu алгебрачческал алгебра</rel_text>
      <target>http://libmeta.ru/me/article/280_LI</target>
    </relation>
    <relation uri="http://libmeta.ru/me/relation/1076_4_REIILKA">
      <rel_text>автоморфизма</rel_text>
      <target>http://libmeta.ru/me/article/37_AVTOKOLEBANI</target>
    </relation>
    <relation uri="http://libmeta.ru/me/relation/1076_5_REIILKA">
      <rel_text>эндоморфизма</rel_text>
      <target>http://libmeta.ru/me/article/1165_ENDOMORFIZ</target>
    </relation>
    <relation uri="http://libmeta.ru/me/relation/1076_6_REIILKA">
      <rel_text>Эндоморфизм</rel_text>
      <target>http://libmeta.ru/me/article/1165_ENDOMORFIZ</target>
    </relation>
    <relation uri="http://libmeta.ru/me/relation/1076_7_REIILKA">
      <rel_text>собственному значению</rel_text>
      <target>http://libmeta.ru/me/article/41_SOBSTVENNOE</target>
    </relation>
    <relation uri="http://libmeta.ru/me/relation/1076_8_REIILKA">
      <rel_text>собственному значению</rel_text>
      <target>http://libmeta.ru/me/article/41_SOBSTVENNOE</target>
    </relation>
    <relation uri="http://libmeta.ru/me/relation/1076_9_REIILKA">
      <rel_text>эндоморфизма</rel_text>
      <target>http://libmeta.ru/me/article/1165_ENDOMORFIZ</target>
    </relation>
    <relation uri="http://libmeta.ru/me/relation/1076_10_REIILKA">
      <rel_text>собственный вектор</rel_text>
      <target>http://libmeta.ru/me/article/45_SOBSTVENNYJ</target>
    </relation>
    <relation uri="http://libmeta.ru/me/relation/1076_11_REIILKA">
      <rel_text>пространства</rel_text>
      <target>http://libmeta.ru/me/article/748_PROSTRANSTV</target>
    </relation>
    <relation uri="http://libmeta.ru/me/relation/1076_12_REIILKA">
      <rel_text>эндоморфизм</rel_text>
      <target>http://libmeta.ru/me/article/1165_ENDOMORFIZ</target>
    </relation>
    <relation uri="http://libmeta.ru/me/relation/1076_13_REIILKA">
      <rel_text>пространства</rel_text>
      <target>http://libmeta.ru/me/article/748_PROSTRANSTV</target>
    </relation>
    <relation uri="http://libmeta.ru/me/relation/1076_14_REIILKA">
      <rel_text>эндоморфизм</rel_text>
      <target>http://libmeta.ru/me/article/1165_ENDOMORFIZ</target>
    </relation>
    <relation uri="http://libmeta.ru/me/relation/1076_15_REIILKA">
      <rel_text>полупростой</rel_text>
      <target>http://libmeta.ru/me/article/457_POLUGRUPP</target>
    </relation>
    <relation uri="http://libmeta.ru/me/relation/1076_16_REIILKA">
      <rel_text>автоморфизм</rel_text>
      <target>http://libmeta.ru/me/article/54_AVTOMoRFIZ</target>
    </relation>
    <relation uri="http://libmeta.ru/me/relation/1076_17_REIILKA">
      <rel_text>эндоморфизмa</rel_text>
      <target>http://libmeta.ru/me/article/1165_ENDOMORFIZ</target>
    </relation>
    <relation uri="http://libmeta.ru/me/relation/1076_18_REIILKA">
      <rel_text>реплики</rel_text>
      <target>http://libmeta.ru/me/article/1075_REPLI</target>
    </relation>
    <relation uri="http://libmeta.ru/me/relation/1076_19_REIILKA">
      <rel_text>нильпотентен</rel_text>
      <target>http://libmeta.ru/me/article/1024_NIL'ALGEBR</target>
    </relation>
    <relation uri="http://libmeta.ru/me/relation/1076_20_REIILKA">
      <rel_text>пространства</rel_text>
      <target>http://libmeta.ru/me/article/748_PROSTRANSTV</target>
    </relation>
    <relation uri="http://libmeta.ru/me/relation/1076_21_REIILKA">
      <rel_text>Эндоморфизм</rel_text>
      <target>http://libmeta.ru/me/article/1165_ENDOMORFIZ</target>
    </relation>
    <relation uri="http://libmeta.ru/me/relation/1076_22_REIILKA">
      <rel_text>алгебры</rel_text>
      <target>http://libmeta.ru/me/article/93_ALGEBR</target>
    </relation>
    <relation uri="http://libmeta.ru/me/relation/1076_23_REIILKA">
      <rel_text>эндоморфизма</rel_text>
      <target>http://libmeta.ru/me/article/1165_ENDOMORFIZ</target>
    </relation>
    <relation uri="http://libmeta.ru/me/relation/1076_24_REIILKA">
      <rel_text>компоненты</rel_text>
      <target>http://libmeta.ru/me/article/1022_KOMPOZitsI</target>
    </relation>
    <relation uri="http://libmeta.ru/me/relation/1076_25_REIILKA">
      <rel_text>нильпотентная</rel_text>
      <target>http://libmeta.ru/me/article/1027_NIL'POLUGRUPP</target>
    </relation>
    <relation uri="http://libmeta.ru/me/relation/1076_26_REIILKA">
      <rel_text>Полупростая</rel_text>
      <target>http://libmeta.ru/me/article/457_POLUGRUPP</target>
    </relation>
    <relation uri="http://libmeta.ru/me/relation/1076_27_REIILKA">
      <rel_text>многочлена</rel_text>
      <target>http://libmeta.ru/me/article/727_MNOGOChLE</target>
    </relation>
    <relation uri="http://libmeta.ru/me/relation/1076_28_REIILKA">
      <rel_text>представлена</rel_text>
      <target>http://libmeta.ru/me/article/3_PREDSTAVLENI</target>
    </relation>
    <relation uri="http://libmeta.ru/me/relation/1076_29_REIILKA">
      <rel_text>эндоморфизма</rel_text>
      <target>http://libmeta.ru/me/article/1165_ENDOMORFIZ</target>
    </relation>
    <relation uri="http://libmeta.ru/me/relation/1076_30_REIILKA">
      <rel_text>эндоморфизма</rel_text>
      <target>http://libmeta.ru/me/article/1165_ENDOMORFIZ</target>
    </relation>
    <relation uri="http://libmeta.ru/me/relation/1076_31_REIILKA">
      <rel_text>характеристики</rel_text>
      <target>http://libmeta.ru/me/article/839_HARAKTERISTIK</target>
    </relation>
    <relation uri="http://libmeta.ru/me/relation/1076_32_REIILKA">
      <rel_text>векторного пространства</rel_text>
      <target>http://libmeta.ru/me/article/657_VEKTORNOE</target>
    </relation>
  </relations>
  <text>$URI[[http://libmeta.ru/me/formula/aux/1076_1_REIILKA]]/URI$ конечномерного URI[[http://libmeta.ru/me/relation/1076_32_REIILKA]]/URI $URI[[http://libmeta.ru/me/formula/aux/1076_2_REIILKA]]/URI$ над полем $URI[[http://libmeta.ru/me/formula/aux/1076_3_REIILKA]]/URI$ URI[[http://libmeta.ru/me/relation/1076_31_REIILKA]]/URI 0 - элемент наименьшей, содержащей $URI[[http://libmeta.ru/me/formula/aux/1076_4_REIILKA]]/URI$, алгебраич. подалгебры Ли $URI[[http://libmeta.ru/me/formula/aux/1076_5_REIILKA]]/URI$ (cм. URI[[http://libmeta.ru/me/relation/1076_3_REIILKA]]/URI). URI[[http://libmeta.ru/me/relation/1076_2_REIILKA]]/URI $URI[[http://libmeta.ru/me/formula/aux/1076_6_REIILKA]]/URI$ является Р. URI[[http://libmeta.ru/me/relation/1076_30_REIILKA]]/URI $URI[[http://libmeta.ru/me/formula/aux/1076_7_REIILKA]]/URI$ тогда и только тогда, когда всякий тензор на $URI[[http://libmeta.ru/me/formula/aux/1076_8_REIILKA]]/URI$, аннулируемый эндоморфизмом $URI[[http://libmeta.ru/me/formula/aux/1076_9_REIILKA]]/URI$, аннулируется также и эндоморфизмом $URI[[http://libmeta.ru/me/formula/aux/1076_10_REIILKA]]/URI$.

Каждая Р. URI[[http://libmeta.ru/me/relation/1076_29_REIILKA]]/URI $URI[[http://libmeta.ru/me/formula/aux/1076_11_REIILKA]]/URI$ может быть URI[[http://libmeta.ru/me/relation/1076_28_REIILKA]]/URI в виде URI[[http://libmeta.ru/me/relation/1076_27_REIILKA]]/URI от $URI[[http://libmeta.ru/me/formula/aux/1076_12_REIILKA]]/URI$ с коэфффицентами из поля $URI[[http://libmeta.ru/me/formula/aux/1076_13_REIILKA]]/URI$ с нулевым свободным членом. URI[[http://libmeta.ru/me/relation/1076_26_REIILKA]]/URI и URI[[http://libmeta.ru/me/relation/1076_25_REIILKA]]/URI URI[[http://libmeta.ru/me/relation/1076_24_REIILKA]]/URI URI[[http://libmeta.ru/me/relation/1076_23_REIILKA]]/URI $URI[[http://libmeta.ru/me/formula/aux/1076_14_REIILKA]]/URI$ (см. URI[[http://libmeta.ru/me/relation/1076_1_REIILKA]]/URI, 2) являются его Р. Подалгебра URI[[http://libmeta.ru/me/relation/1076_22_REIILKA]]/URI Ли $URI[[http://libmeta.ru/me/formula/aux/1076_15_REIILKA]]/URI$ тогда и только тогда алгебраична, когда она содержит все Р. любого своего әлемента. URI[[http://libmeta.ru/me/relation/1076_21_REIILKA]]/URI $URI[[http://libmeta.ru/me/formula/aux/1076_16_REIILKA]]/URI$ URI[[http://libmeta.ru/me/relation/1076_20_REIILKA]]/URI $URI[[http://libmeta.ru/me/formula/aux/1076_17_REIILKA]]/URI$ тогда и только тогда URI[[http://libmeta.ru/me/relation/1076_19_REIILKA]]/URI, когда $URI[[http://libmeta.ru/me/formula/aux/1076_18_REIILKA]]/URI$ для любой URI[[http://libmeta.ru/me/relation/1076_18_REIILKA]]/URI $URI[[http://libmeta.ru/me/formula/aux/1076_19_REIILKA]]/URI$ URI[[http://libmeta.ru/me/relation/1076_17_REIILKA]]/URI $URI[[http://libmeta.ru/me/formula/aux/1076_20_REIILKA]]/URI$.

Пусть $URI[[http://libmeta.ru/me/formula/aux/1076_21_REIILKA]]/URI$ алгебраически замкнуто, $URI[[http://libmeta.ru/me/formula/aux/1076_22_REIILKA]]/URI$ - URI[[http://libmeta.ru/me/relation/1076_16_REIILKA]]/URI поля $URI[[http://libmeta.ru/me/formula/aux/1076_23_REIILKA]]/URI$ - URI[[http://libmeta.ru/me/relation/1076_15_REIILKA]]/URI URI[[http://libmeta.ru/me/relation/1076_14_REIILKA]]/URI URI[[http://libmeta.ru/me/relation/1076_13_REIILKA]]/URI $URI[[http://libmeta.ru/me/formula/aux/1076_24_REIILKA]]/URI$, а $URI[[http://libmeta.ru/me/formula/aux/1076_25_REIILKA]]/URI$ - такой URI[[http://libmeta.ru/me/relation/1076_12_REIILKA]]/URI URI[[http://libmeta.ru/me/relation/1076_11_REIILKA]]/URI $URI[[http://libmeta.ru/me/formula/aux/1076_26_REIILKA]]/URI$, что всякий URI[[http://libmeta.ru/me/relation/1076_10_REIILKA]]/URI URI[[http://libmeta.ru/me/relation/1076_9_REIILKA]]/URI $URI[[http://libmeta.ru/me/formula/aux/1076_27_REIILKA]]/URI$, отвечающий URI[[http://libmeta.ru/me/relation/1076_8_REIILKA]]/URI $URI[[http://libmeta.ru/me/formula/aux/1076_28_REIILKA]]/URI$, является собственным вектором и для $URI[[http://libmeta.ru/me/formula/aux/1076_29_REIILKA]]/URI$, но отвечающим URI[[http://libmeta.ru/me/relation/1076_7_REIILKA]]/URI $URI[[http://libmeta.ru/me/formula/aux/1076_30_REIILKA]]/URI$. URI[[http://libmeta.ru/me/relation/1076_6_REIILKA]]/URI $URI[[http://libmeta.ru/me/formula/aux/1076_31_REIILKA]]/URI$ тогда и только тогда является $URI[[http://libmeta.ru/me/formula/aux/1076_32_REIILKA]]/URI$. URI[[http://libmeta.ru/me/relation/1076_5_REIILKA]]/URI $URI[[http://libmeta.ru/me/formula/aux/1076_33_REIILKA]]/URI$, когда $URI[[http://libmeta.ru/me/formula/aux/1076_34_REIILKA]]/URI$ для нек-рого URI[[http://libmeta.ru/me/relation/1076_4_REIILKA]]/URI $URI[[http://libmeta.ru/me/formula/aux/1076_35_REIILKA]]/URI$ поля $URI[[http://libmeta.ru/me/formula/aux/1076_36_REIILKA]]/URI$.</text>
  <text_orig>$X$ конечномерного векторного пространства $V$ над полем $k$ характеристики 0 - элемент наименьшей, содержащей $X$, алгебраич. подалгебры Ли $\mathfrak{g l}(V)$ (cм. Лu алгебрачческал алгебра). Эндоморфизм $X^{\prime} \in \mathfrak{g l}(V)$ является Р. эндоморфизма $X$ тогда и только тогда, когда всякий тензор на $V$, аннулируемый эндоморфизмом $X$, аннулируется также и эндоморфизмом $X^{\prime}$.

Каждая Р. эндоморфизма $X$ может быть представлена в виде многочлена от $X$ с коэфффицентами из поля $k$ с нулевым свободным членом. Полупростая и нильпотентная компоненты эндоморфизма $X$ (см. Жордана разложение, 2) являются его Р. Подалгебра алгебры Ли $\mathfrak{g l}(V)$ тогда и только тогда алгебраична, когда она содержит все Р. любого своего әлемента. Эндоморфизм $X$ пространства $V$ тогда и только тогда нильпотентен, когда $\operatorname{Tr} X X^{\prime}=0$ для любой реплики $X^{\prime}$ эндоморфизмa $X$.

Пусть $k$ алгебраически замкнуто, $\varphi$ - автоморфизм поля $k, X$ - полупростой эндоморфизм пространства $V$, а $\varphi(X)$ - такой эндоморфизм пространства $V$, что всякий собственный вектор эндоморфизма $X$, отвечающий собственному значению $\lambda$, является собственным вектором и для $\varphi(X)$, но отвечающим собственному значению $\varphi(\lambda)$. Эндоморфизм $X^{\prime} \in g[(V)$ тогда и только тогда является $\mathrm{P}$. эндоморфизма $X$, когда $X^{\prime}=\varphi(X)$ для нек-рого автоморфизма $\varphi$ поля $k$.

Лит.: [1] С е p p Ж.-П., Алгебры Ли и группы Ли, пер. с англ. и франц., М., 1969; [2] Теория алгебр Ли. Топология групп Ји, пер. с франц., М., 1962; [3] Ш е в а л л е К., Теория
групп Ли, пер с франц., т. 2, М., 1958.</text_orig>
</article>
