<?xml version="1.0" ?>
<article uri="http://libmeta.ru/me/article/1076_KONTAKTNYE" alphabetic_pos="1076">
  <title>КОНТАКТНЫЕ ЗАДАЧИ ТЕОРИИ УПРУГОСТИ</title>
  <authors>
    <author>В. Д. Купрадзе</author>
  </authors>
  <pages>
    <start>533</start>
    <end>535</end>
  </pages>
  <literature>
    <literature_orig>Лит.: [1] М у с х е л и ш в и л и Н. И., Некоторые основные задачи математической теории упругости, 5 изд., М., $1966 ;$ [2] Г а Л и н Л. А., Контактные задачи теории упругости, М., 1953; [3] Ш т а е $\mathbf{m} \mathbf{M}$ а Н И. Я., Контактная задача теории мерные задачи математической теории упругости и термоупругости, 2 изд., М., 1976; [5] Ф и к е р а $\gamma$., Теоремы существования в теории упругости, пер. с англ., М., 1974.</literature_orig>
    <unit>
      <author>Мусхелишвили Н. И.</author>
      <title>Некоторые основные задачи математической теории упругости</title>
      <publication>5 изд., М.</publication>
      <year>1966</year>
      <other/>
    </unit>
    <unit>
      <author>Га Лин Л. А.</author>
      <title>Контактные задачи теории упругости</title>
      <publication>М.</publication>
      <year>1953</year>
      <other/>
    </unit>
    <unit>
      <author>Штае$\mathbf{m}\mathbf{M}$а Н И. Я.</author>
      <title>Контактная задача теории мерные задачи математической теории упругости и термоупругости</title>
      <publication>2 изд., М.</publication>
      <year>1976</year>
      <other>Теоремы существования в теории упругости, пер. с англ., М., 1974.</other>
    </unit>
  </literature>
  <formulas_main>
    <formula uri="http://libmeta.ru/me/formula/main/1076_1_KONTAKTNYE">\int_{a}^{b} p(t) \ln \left|t-t_{0}\right| d t=f\left(t_{0}\right)+C</formula>
    <formula uri="http://libmeta.ru/me/formula/main/1076_2_KONTAKTNYE">M^{k}(x, y)=</formula>
    <formula uri="http://libmeta.ru/me/formula/main/1076_3_KONTAKTNYE">y \in \mathrm{U}_{k=1}^{m} S_{k}, x \in E_{3} \text {. }</formula>
    <formula uri="http://libmeta.ru/me/formula/main/1076_4_KONTAKTNYE">-\int \cup_{i=1}^{m} s_{i}\left(T \Gamma^{0}(x-y)\right)^{\prime} u(y) d_{y} S-F(x), \quad</formula>
    <formula uri="http://libmeta.ru/me/formula/main/1076_5_KONTAKTNYE">F(x)=\int_{D} \Gamma^{0}(x-y) \Phi^{0}(y) d y, \delta_{k}(x)=2</formula>
    <formula uri="http://libmeta.ru/me/formula/main/1076_6_KONTAKTNYE">\begin{aligned}&amp; \int \bigcup_{i=1}^{m} s_{i} M^{k}\left(\xi_{j}, \quad y\right) \lambda(y) d_{y} S=0, \\&amp; k=1, \ldots, m ; \xi_{j} \in E_{3} \backslash \bar{D}_{k}, i=1,2, \ldots, \\&amp; \int \cup_{i=1}^{m} s_{i} M^{0}\left(\xi_{j}^{1}, y\right) \lambda(y) d_{y} S=F\left(\xi_{j}^{1}\right), \ldots \\&amp; \ldots, \int_{U_{i=1}^{m} s_{i}} M^{0}\left(\xi_{j}^{m}, y\right) \lambda(y) d_{y} S=F\left(\xi_{j}^{m}\right) \text {, } \\&amp; \xi_{j}^{h} \in D_{h}, h=1, \ldots, m ; j=1,2, \ldots .\end{aligned}</formula>
    <formula uri="http://libmeta.ru/me/formula/main/1076_7_KONTAKTNYE">\ldots,\left(T \Gamma_{p}^{0}\left(\xi_{j}^{m}-y\right),-\Gamma_{p}^{0}\left(\xi_{j}^{m}-y\right)\right) \text {, }</formula>
    <formula uri="http://libmeta.ru/me/formula/main/1076_8_KONTAKTNYE">y \in \bigcup_{i=1}^{m} S_{i}, \quad p=1,2,3,</formula>
    <formula uri="http://libmeta.ru/me/formula/main/1076_9_KONTAKTNYE">\left\|\lambda(y)-\sum_{n=1}^{N} a_{n}^{N} \varphi^{n}\right\|_{L_{2}}\left(\bigcup_{i=1}^{m} s_{i}\right) .</formula>
    <formula uri="http://libmeta.ru/me/formula/main/1076_10_KONTAKTNYE">\sum_{s=1}^{N} a_{\mathrm{s}}^{N}\left(\varphi^{s}, \varphi^{n}\right)=\left(\hat{\lambda}, \varphi^{n}\right), n=1, \ldots, N,</formula>
  </formulas_main>
  <formulas_aux>
    <formula uri="http://libmeta.ru/me/formula/aux/1076_1_KONTAKTNYE">p(t)</formula>
    <formula uri="http://libmeta.ru/me/formula/aux/1076_2_KONTAKTNYE">t</formula>
    <formula uri="http://libmeta.ru/me/formula/aux/1076_3_KONTAKTNYE">a b</formula>
    <formula uri="http://libmeta.ru/me/formula/aux/1076_4_KONTAKTNYE">f(t)</formula>
    <formula uri="http://libmeta.ru/me/formula/aux/1076_5_KONTAKTNYE">\lambda_{0}, \mu_{0}</formula>
    <formula uri="http://libmeta.ru/me/formula/aux/1076_6_KONTAKTNYE">m</formula>
    <formula uri="http://libmeta.ru/me/formula/aux/1076_7_KONTAKTNYE">\lambda_{k}, \mu_{k}, k=1, \ldots, m</formula>
    <formula uri="http://libmeta.ru/me/formula/aux/1076_8_KONTAKTNYE">s_{k}</formula>
    <formula uri="http://libmeta.ru/me/formula/aux/1076_9_KONTAKTNYE">s_{k}</formula>
    <formula uri="http://libmeta.ru/me/formula/aux/1076_10_KONTAKTNYE">s_{0}</formula>
    <formula uri="http://libmeta.ru/me/formula/aux/1076_11_KONTAKTNYE">\lambda_{0}, \mu_{0}</formula>
    <formula uri="http://libmeta.ru/me/formula/aux/1076_12_KONTAKTNYE">m</formula>
    <formula uri="http://libmeta.ru/me/formula/aux/1076_13_KONTAKTNYE">s_{k}, k=1</formula>
    <formula uri="http://libmeta.ru/me/formula/aux/1076_14_KONTAKTNYE">\ldots . m</formula>
    <formula uri="http://libmeta.ru/me/formula/aux/1076_15_KONTAKTNYE">s_{k}</formula>
    <formula uri="http://libmeta.ru/me/formula/aux/1076_16_KONTAKTNYE">s_{0}</formula>
    <formula uri="http://libmeta.ru/me/formula/aux/1076_17_KONTAKTNYE">s_{k}, k=1, \ldots, m</formula>
    <formula uri="http://libmeta.ru/me/formula/aux/1076_18_KONTAKTNYE">x, y-</formula>
    <formula uri="http://libmeta.ru/me/formula/aux/1076_19_KONTAKTNYE">e_{3}, D_{k}-</formula>
    <formula uri="http://libmeta.ru/me/formula/aux/1076_20_KONTAKTNYE">s_{k}, D^{+}=\bigcup_{k=1}^{m} D_{k}, D^{-}=</formula>
    <formula uri="http://libmeta.ru/me/formula/aux/1076_21_KONTAKTNYE">=e_{3} \backslash \bar{D}^{+}, \quad \Gamma^{k}(x-y)</formula>
    <formula uri="http://libmeta.ru/me/formula/aux/1076_22_KONTAKTNYE">3 \times 3</formula>
    <formula uri="http://libmeta.ru/me/formula/aux/1076_23_KONTAKTNYE">d_{k}, k=1, \ldots, m</formula>
    <formula uri="http://libmeta.ru/me/formula/aux/1076_24_KONTAKTNYE">\gamma^{0}(x-y)</formula>
    <formula uri="http://libmeta.ru/me/formula/aux/1076_25_KONTAKTNYE">d^{-}, u(x)-</formula>
    <formula uri="http://libmeta.ru/me/formula/aux/1076_26_KONTAKTNYE">x, T</formula>
    <formula uri="http://libmeta.ru/me/formula/aux/1076_27_KONTAKTNYE">t u(x)</formula>
    <formula uri="http://libmeta.ru/me/formula/aux/1076_28_KONTAKTNYE">u</formula>
    <formula uri="http://libmeta.ru/me/formula/aux/1076_29_KONTAKTNYE">x, T \Gamma_{p}^{k}(x-y), p=1,2,3</formula>
    <formula uri="http://libmeta.ru/me/formula/aux/1076_30_KONTAKTNYE">\gamma_{p}^{k}(x-y)</formula>
    <formula uri="http://libmeta.ru/me/formula/aux/1076_31_KONTAKTNYE">d_{k}</formula>
    <formula uri="http://libmeta.ru/me/formula/aux/1076_32_KONTAKTNYE">x \neq y, T \Gamma^{k}(x-y)</formula>
    <formula uri="http://libmeta.ru/me/formula/aux/1076_33_KONTAKTNYE">3 \times 3</formula>
    <formula uri="http://libmeta.ru/me/formula/aux/1076_34_KONTAKTNYE">t \Gamma_{p}^{k}(x-y), p=1,2,3</formula>
    <formula uri="http://libmeta.ru/me/formula/aux/1076_35_KONTAKTNYE">\left(t \Gamma^{k}(x-y)\right)^{\prime}-</formula>
    <formula uri="http://libmeta.ru/me/formula/aux/1076_36_KONTAKTNYE">m^{k}(x, y)</formula>
    <formula uri="http://libmeta.ru/me/formula/aux/1076_37_KONTAKTNYE">m^{0}(x, y)</formula>
    <formula uri="http://libmeta.ru/me/formula/aux/1076_38_KONTAKTNYE">3 \times 6</formula>
    <formula uri="http://libmeta.ru/me/formula/aux/1076_39_KONTAKTNYE">=\left\{\begin{array}{cl}\|\left(t \Gamma^{k}(x-y)\right)^{\prime}, &amp; -\Gamma^{k}(x-y) \|_{3 \times 6}, \\ 0 &amp; y \in S_{k}, k=1, \ldots, m, x \in E_{3}, \\ y \in S_{j}, j=1, \ldots, m, j \neq k, x \in E_{3},\end{array}\right.</formula>
    <formula uri="http://libmeta.ru/me/formula/aux/1076_40_KONTAKTNYE">m^{0}(x, y)=\left\|\left(T \Gamma^{0}(x-y)\right)^{\prime},-\Gamma^{0}(x-y)\right\|_{3 \times 6}</formula>
    <formula uri="http://libmeta.ru/me/formula/aux/1076_41_KONTAKTNYE">\forall x \in D_{k}: \mu_{k} \Delta u+\left(\lambda_{k}+\mu_{k}\right) \operatorname{grad} \operatorname{div} u=0</formula>
    <formula uri="http://libmeta.ru/me/formula/aux/1076_42_KONTAKTNYE">\forall x \in D-: \mu_{0} \Delta u+\left(\lambda_{0}+\mu_{0}\right) \operatorname{grad} \operatorname{div} u=\Phi^{0}(x)</formula>
    <formula uri="http://libmeta.ru/me/formula/aux/1076_43_KONTAKTNYE">\lim _{D^{+} \ni x \rightarrow y} T u(x)=\lim _{D^{-} \ni x \rightarrow y} T u(x), k=1, \ldots, m</formula>
    <formula uri="http://libmeta.ru/me/formula/aux/1076_44_KONTAKTNYE">u(x)</formula>
    <formula uri="http://libmeta.ru/me/formula/aux/1076_45_KONTAKTNYE">t u(x)</formula>
    <formula uri="http://libmeta.ru/me/formula/aux/1076_46_KONTAKTNYE">u(y), T u(y)</formula>
    <formula uri="http://libmeta.ru/me/formula/aux/1076_47_KONTAKTNYE">y \in \bigcup_{k=1}^{m} S_{k}</formula>
    <formula uri="http://libmeta.ru/me/formula/aux/1076_48_KONTAKTNYE">\delta_{k}(x) u(x)=\int_{S_{k}} \Gamma^{k}(x-y) T u(y) d_{y} S-</formula>
    <formula uri="http://libmeta.ru/me/formula/aux/1076_49_KONTAKTNYE">-\int_{S_{k}}\left(T \Gamma^{k}(x-y)\right)^{\prime} u(y) d_{y} S, k=1, \ldots, m</formula>
    <formula uri="http://libmeta.ru/me/formula/aux/1076_50_KONTAKTNYE">x \in D_{k}</formula>
    <formula uri="http://libmeta.ru/me/formula/aux/1076_51_KONTAKTNYE">\delta_{k}(x)=0</formula>
    <formula uri="http://libmeta.ru/me/formula/aux/1076_52_KONTAKTNYE">x \in E_{3} \backslash \bar{D}_{k}</formula>
    <formula uri="http://libmeta.ru/me/formula/aux/1076_53_KONTAKTNYE">\delta(x)=0</formula>
    <formula uri="http://libmeta.ru/me/formula/aux/1076_54_KONTAKTNYE">x \in</formula>
    <formula uri="http://libmeta.ru/me/formula/aux/1076_55_KONTAKTNYE">\in \bigcup_{i=1}^{m} D_{i}</formula>
    <formula uri="http://libmeta.ru/me/formula/aux/1076_56_KONTAKTNYE">\delta(x)=2</formula>
    <formula uri="http://libmeta.ru/me/formula/aux/1076_57_KONTAKTNYE">x \in D^{-}</formula>
    <formula uri="http://libmeta.ru/me/formula/aux/1076_58_KONTAKTNYE">\forall x \in E_{3} \backslash \overline{D_{k}}: \int_{\bigcup_{i=1}^{m}}^{m} s_{i} M^{k}(x, y) \lambda(y) d_{y} S=0, k=1, \ldots, m ;</formula>
    <formula uri="http://libmeta.ru/me/formula/aux/1076_59_KONTAKTNYE">\forall x \in \bigcup_{i=1}^{m} D_{i}: \int_{U_{i=1}^{m} s_{i}} M^{0}(x, y) \lambda(y) d_{y} S=F(x)</formula>
    <formula uri="http://libmeta.ru/me/formula/aux/1076_60_KONTAKTNYE">\lambda(y)=(u(y), T u(y))</formula>
    <formula uri="http://libmeta.ru/me/formula/aux/1076_61_KONTAKTNYE">x</formula>
    <formula uri="http://libmeta.ru/me/formula/aux/1076_62_KONTAKTNYE">e_{3} \backslash \bar{D}_{k}, \quad</formula>
    <formula uri="http://libmeta.ru/me/formula/aux/1076_63_KONTAKTNYE">x, \quad</formula>
    <formula uri="http://libmeta.ru/me/formula/aux/1076_64_KONTAKTNYE">\bigcup_{i=1}^{m} D_{i}</formula>
    <formula uri="http://libmeta.ru/me/formula/aux/1076_65_KONTAKTNYE">x</formula>
    <formula uri="http://libmeta.ru/me/formula/aux/1076_66_KONTAKTNYE">\left\{\varphi^{n}(y)\right\}_{0}^{\infty}</formula>
    <formula uri="http://libmeta.ru/me/formula/aux/1076_67_KONTAKTNYE">\left(t \Gamma_{p}^{1}\left(\xi_{j}-y\right),-\Gamma_{p}^{1}\left(\xi_{j}-y\right)\right), \ldots,\left(T \Gamma_{p}^{m}\left(\xi_{j}-y\right)\right.</formula>
    <formula uri="http://libmeta.ru/me/formula/aux/1076_68_KONTAKTNYE">\left.-\Gamma_{p}^{m}\left(\xi_{j}-y\right)\right)</formula>
    <formula uri="http://libmeta.ru/me/formula/aux/1076_69_KONTAKTNYE">\left(t \Gamma_{p}^{0}\left(\xi_{j}^{1}-y\right),-\Gamma_{p}^{\bullet}\left(\xi_{j}^{1}-y\right)\right), \ldots</formula>
    <formula uri="http://libmeta.ru/me/formula/aux/1076_70_KONTAKTNYE">\mathscr{l}_{2}\left(\bigcup_{i=1}^{m} S_{i}\right)</formula>
    <formula uri="http://libmeta.ru/me/formula/aux/1076_71_KONTAKTNYE">\left(\lambda, \varphi^{n}\right)</formula>
    <formula uri="http://libmeta.ru/me/formula/aux/1076_72_KONTAKTNYE">n</formula>
    <formula uri="http://libmeta.ru/me/formula/aux/1076_73_KONTAKTNYE">\left\{\varphi^{n}(y)\right\}_{0}^{\infty}</formula>
    <formula uri="http://libmeta.ru/me/formula/aux/1076_74_KONTAKTNYE">\mathscr{l}_{2}\left(\bigcup_{i=1}^{m} S_{i}\right)</formula>
    <formula uri="http://libmeta.ru/me/formula/aux/1076_75_KONTAKTNYE">\lambda=(u, T u)</formula>
    <formula uri="http://libmeta.ru/me/formula/aux/1076_76_KONTAKTNYE">\sum_{n=1}^{n} a_{n}^{N} \varphi^{n}(y)</formula>
    <formula uri="http://libmeta.ru/me/formula/aux/1076_77_KONTAKTNYE">a_{n}^{n}</formula>
    <formula uri="http://libmeta.ru/me/formula/aux/1076_78_KONTAKTNYE">n</formula>
    <formula uri="http://libmeta.ru/me/formula/aux/1076_79_KONTAKTNYE">\lambda N(y)</formula>
    <formula uri="http://libmeta.ru/me/formula/aux/1076_80_KONTAKTNYE">\lambda(y)</formula>
    <formula uri="http://libmeta.ru/me/formula/aux/1076_81_KONTAKTNYE">\lambda N(y)=\sum_{n=1}^{N} a_{n}^{N} \varphi^{n}(y)</formula>
    <formula uri="http://libmeta.ru/me/formula/aux/1076_82_KONTAKTNYE">\lambda N(y)</formula>
    <formula uri="http://libmeta.ru/me/formula/aux/1076_83_KONTAKTNYE">u(y)</formula>
    <formula uri="http://libmeta.ru/me/formula/aux/1076_84_KONTAKTNYE">t u(y)</formula>
    <formula uri="http://libmeta.ru/me/formula/aux/1076_85_KONTAKTNYE">n \rightarrow \infty</formula>
    <formula uri="http://libmeta.ru/me/formula/aux/1076_86_KONTAKTNYE">\gamma^{0}(x-y)</formula>
    <formula uri="http://libmeta.ru/me/formula/aux/1076_87_KONTAKTNYE">s_{0}</formula>
    <formula uri="http://libmeta.ru/me/formula/aux/1076_88_KONTAKTNYE">s_{0}</formula>
  </formulas_aux>
  <relations n="8">
    <relation uri="http://libmeta.ru/me/relation/1076_1_KONTAKTNYE">
      <rel_text>граничным условиям</rel_text>
      <target>http://libmeta.ru/me/article/1169_GRANIChNYE</target>
    </relation>
    <relation uri="http://libmeta.ru/me/relation/1076_2_KONTAKTNYE">
      <rel_text>поверхностью</rel_text>
      <target>http://libmeta.ru/me/article/332_POVERHNOST</target>
    </relation>
    <relation uri="http://libmeta.ru/me/relation/1076_3_KONTAKTNYE">
      <rel_text>полной</rel_text>
      <target>http://libmeta.ru/me/article/501_POLI0</target>
    </relation>
    <relation uri="http://libmeta.ru/me/relation/1076_4_KONTAKTNYE">
      <rel_text>матрицы</rel_text>
      <target>http://libmeta.ru/me/article/600_MATRITs</target>
    </relation>
    <relation uri="http://libmeta.ru/me/relation/1076_5_KONTAKTNYE">
      <rel_text>изменением</rel_text>
      <target>http://libmeta.ru/me/article/502_IZMEL'ChENI</target>
    </relation>
    <relation uri="http://libmeta.ru/me/relation/1076_6_KONTAKTNYE">
      <rel_text>Ii</rel_text>
      <target>http://libmeta.ru/me/article/370_II</target>
    </relation>
    <relation uri="http://libmeta.ru/me/relation/1076_7_KONTAKTNYE">
      <rel_text>задачii</rel_text>
      <target>http://libmeta.ru/me/article/10_ZAdAch</target>
    </relation>
    <relation uri="http://libmeta.ru/me/relation/1076_8_KONTAKTNYE">
      <rel_text>Формулы</rel_text>
      <target>http://libmeta.ru/me/article/741_FORMUL</target>
    </relation>
  </relations>
  <text>задачи распределения деформации и напряжения в системе твердых тел, имеющих общие участки границ (поверхності соприкосновения). В общей постановке результаты по контактной задаче (к. з.) ограничиваются теоремамгі сугцествования и нек-рыми приближенными способами решения. Более полные результаты относятся к тому случаю, когда одно Iіз контактирующих тел является упругой полуплоскостьо (или полупространством), а другое - абсолютно жестким телом, вдавливаемым в полуплоскость (полупространство) заданнымі спламі (задачи о штампах). Вне основания штампа, пргходящего в соприкосновение с упругим телом, на границе последнего граничные условия могут задаваться, из чісла допустимых, прошзвольно, а на участке под штампом гранічные условия формулируются в завісгоості от характера контакта. Так, если упругое тело жестко сцеплено с ігрижімаемым к нему твердым телом, под штампом могут считаться заданными перемещения; еслі же допускается скольжение упругого тела по контактной поверхності жесткого штампа, то под штампом известны нормальная составляющая перемещения и нек-рое линейное соотнопение между нормальным и касательным напряљкеисм, зависящее от коэффицгента трения (закон Кулона). Могут реализоваться и другіе граничные условия. Все случап упругого полупространства (полуплоскости) приводят к смешанпой задаче с различными граничными условиями на разлічных участках граншцы. Развитіе методов решения этих задач, включая тот случай, когда оба контактирующих тела являются упругими, составляет содержание работ, посвященных задачам о штампах. Эти методы блізкп друг другу и в плоскої задаче, в конечном счете, сводятся к методу сопряжения кусочно голоморфных функцій (метод задачіi Рıмана - Гильберта), с помоцыо к-рого к. з. решаются в квадратурах. Задача о соприкосновении двух упругих тел в трехмерном случае была впервые поставлена и решена Г. Герцем (h. Hertz), к-рый счітал площадку соприкосновснія весьа малой, а уравненгя недеформированных Iоверхностей вблизи места сопрıкосновения - уравнениямі поверхностей 2-го порядка. При этом оказалось возможным воспользоваться одной электростатич. аналогпей, Ii функция, выражающая давление на участке контакта, была найдена в віде электростатич. потенциала нек-рого эллипсоида. В плоском случае задача Герца пріводится к уравнению Фредгольма 1-го рода

\[
URI[[http://libmeta.ru/me/formula/main/1076_1_KONTAKTNYE]]/URI
\]

где $URI[[http://libmeta.ru/me/formula/aux/1076_1_KONTAKTNYE]]/URI$ - искомое давление одного тела на другое в точке $URI[[http://libmeta.ru/me/formula/aux/1076_2_KONTAKTNYE]]/URI$ участка соприкосновенія $URI[[http://libmeta.ru/me/formula/aux/1076_3_KONTAKTNYE]]/URI$, a $URI[[http://libmeta.ru/me/formula/aux/1076_4_KONTAKTNYE]]/URI$ - заданная функция; эта же задача приводится к разрепимому в замкнутом виде сингулярному интегральному уравнению.

В общей постановке к. з. формулируются следующим образом.

3 a д а ч a I. Пусть в бесконечном изотропном упругом теле с постоянными Ламе $URI[[http://libmeta.ru/me/formula/aux/1076_5_KONTAKTNYE]]/URI$ имеются $URI[[http://libmeta.ru/me/formula/aux/1076_6_KONTAKTNYE]]/URI$ упругих пзотропных изолированных включений с постоянными $URI[[http://libmeta.ru/me/formula/aux/1076_7_KONTAKTNYE]]/URI$, ограниченных гладкими поверхностями $URI[[http://libmeta.ru/me/formula/aux/1076_8_KONTAKTNYE]]/URI$ произвольной конфигурации. Считая включения жестко сцепленными c основной средой вдоль контактных поверхностей $URI[[http://libmeta.ru/me/formula/aux/1076_9_KONTAKTNYE]]/URI$, требуется определить напряженное состояние тела под влиянием заданных объемных сил.

3 а д а ч a Ii. В конечном изотропном упругом теле с прогзвольной гладкой границей $URI[[http://libmeta.ru/me/formula/aux/1076_10_KONTAKTNYE]]/URI$ и постоянными $URI[[http://libmeta.ru/me/formula/aux/1076_11_KONTAKTNYE]]/URI$ имеется $URI[[http://libmeta.ru/me/formula/aux/1076_12_KONTAKTNYE]]/URI$ упругих изотропных изолированных включений, ограниченных поверхностями $URI[[http://libmeta.ru/me/formula/aux/1076_13_KONTAKTNYE]]/URI$, $URI[[http://libmeta.ru/me/formula/aux/1076_14_KONTAKTNYE]]/URI$, жестко сцепленных с несущей средой вдоль $URI[[http://libmeta.ru/me/formula/aux/1076_15_KONTAKTNYE]]/URI$. Требуется найти упругое состояние тела, возникающее под действием заданных объемных сил и заданных граничных условий на $URI[[http://libmeta.ru/me/formula/aux/1076_16_KONTAKTNYE]]/URI$.

Этіг же задачи ставятся для анизотропных тел, а также при других допущениях относительно характера контактов вдоль $URI[[http://libmeta.ru/me/formula/aux/1076_17_KONTAKTNYE]]/URI$. Для указанных задач доказаны теоремы существования, в изотропном случае - методом сингулярных потенциалов и сингулярных інтегральных уравнений, для анизотропных тел методами функционального анализа.

В пзотропном случае найдены также способы приближенного решения в квадратурах. Пусть $URI[[http://libmeta.ru/me/formula/aux/1076_18_KONTAKTNYE]]/URI$ точкі трехмерного пространства $URI[[http://libmeta.ru/me/formula/aux/1076_19_KONTAKTNYE]]/URI$ область, ограниченная поверхностью $URI[[http://libmeta.ru/me/formula/aux/1076_20_KONTAKTNYE]]/URI$ $URI[[http://libmeta.ru/me/formula/aux/1076_21_KONTAKTNYE]]/URI$ - матрица размера $URI[[http://libmeta.ru/me/formula/aux/1076_22_KONTAKTNYE]]/URI$ фундаментальных решений для области $URI[[http://libmeta.ru/me/formula/aux/1076_23_KONTAKTNYE]]/URI$, $URI[[http://libmeta.ru/me/formula/aux/1076_24_KONTAKTNYE]]/URI$ - та же матрица для области $URI[[http://libmeta.ru/me/formula/aux/1076_25_KONTAKTNYE]]/URI$ вектор смещения в точке $URI[[http://libmeta.ru/me/formula/aux/1076_26_KONTAKTNYE]]/URI$ - оператор напряжения, $URI[[http://libmeta.ru/me/formula/aux/1076_27_KONTAKTNYE]]/URI$ - вектор напряжения, соответствующий смещению $URI[[http://libmeta.ru/me/formula/aux/1076_28_KONTAKTNYE]]/URI$ в точке $URI[[http://libmeta.ru/me/formula/aux/1076_29_KONTAKTNYE]]/URI$, - вектор напряжения, соответствующий смещенію $URI[[http://libmeta.ru/me/formula/aux/1076_30_KONTAKTNYE]]/URI$ в области $URI[[http://libmeta.ru/me/formula/aux/1076_31_KONTAKTNYE]]/URI$ для $URI[[http://libmeta.ru/me/formula/aux/1076_32_KONTAKTNYE]]/URI$ - матрица размера $URI[[http://libmeta.ru/me/formula/aux/1076_33_KONTAKTNYE]]/URI$, составленная из $URI[[http://libmeta.ru/me/formula/aux/1076_34_KONTAKTNYE]]/URI$, как из столбцов, $URI[[http://libmeta.ru/me/formula/aux/1076_35_KONTAKTNYE]]/URI$ союзная матрица; $URI[[http://libmeta.ru/me/formula/aux/1076_36_KONTAKTNYE]]/URI$ и $URI[[http://libmeta.ru/me/formula/aux/1076_37_KONTAKTNYE]]/URI$ - прямоугольные матрицы размера $URI[[http://libmeta.ru/me/formula/aux/1076_38_KONTAKTNYE]]/URI$, определенные следующим образом

\[
URI[[http://libmeta.ru/me/formula/main/1076_2_KONTAKTNYE]]/URI
\]

$URI[[http://libmeta.ru/me/formula/aux/1076_39_KONTAKTNYE]]/URI$ $URI[[http://libmeta.ru/me/formula/aux/1076_40_KONTAKTNYE]]/URI$,

\[
URI[[http://libmeta.ru/me/formula/main/1076_3_KONTAKTNYE]]/URI
\]

Задача I, без ограничения общности, есть задача об определении смещения из условий

$URI[[http://libmeta.ru/me/formula/aux/1076_41_KONTAKTNYE]]/URI$, $URI[[http://libmeta.ru/me/formula/aux/1076_42_KONTAKTNYE]]/URI$,

![](https://cdn.mathpix.com/cropped/2023_07_08_63e8f95abc6c933a81feg-1.jpg?height=77&amp;width=585&amp;top_left_y=2080&amp;top_left_x=251)

$URI[[http://libmeta.ru/me/formula/aux/1076_43_KONTAKTNYE]]/URI$.

Пусть значения пределов с обеих сторон контактных границ для $URI[[http://libmeta.ru/me/formula/aux/1076_44_KONTAKTNYE]]/URI$ и $URI[[http://libmeta.ru/me/formula/aux/1076_45_KONTAKTNYE]]/URI$ обозначены через $URI[[http://libmeta.ru/me/formula/aux/1076_46_KONTAKTNYE]]/URI$, $URI[[http://libmeta.ru/me/formula/aux/1076_47_KONTAKTNYE]]/URI$, тогда для регулярного решения:

$URI[[http://libmeta.ru/me/formula/aux/1076_48_KONTAKTNYE]]/URI$ $URI[[http://libmeta.ru/me/formula/aux/1076_49_KONTAKTNYE]]/URI$

![](https://cdn.mathpix.com/cropped/2023_07_08_63e8f95abc6c933a81feg-1.jpg?height=74&amp;width=653&amp;top_left_y=385&amp;top_left_x=1053)

\[
URI[[http://libmeta.ru/me/formula/main/1076_4_KONTAKTNYE]]/URI
\]

где

\[
URI[[http://libmeta.ru/me/formula/main/1076_5_KONTAKTNYE]]/URI
\]

для $URI[[http://libmeta.ru/me/formula/aux/1076_50_KONTAKTNYE]]/URI$ п $URI[[http://libmeta.ru/me/formula/aux/1076_51_KONTAKTNYE]]/URI$ для $URI[[http://libmeta.ru/me/formula/aux/1076_52_KONTAKTNYE]]/URI$, a $URI[[http://libmeta.ru/me/formula/aux/1076_53_KONTAKTNYE]]/URI$ для $URI[[http://libmeta.ru/me/formula/aux/1076_54_KONTAKTNYE]]/URI$ $URI[[http://libmeta.ru/me/formula/aux/1076_55_KONTAKTNYE]]/URI$ и $URI[[http://libmeta.ru/me/formula/aux/1076_56_KONTAKTNYE]]/URI$ для $URI[[http://libmeta.ru/me/formula/aux/1076_57_KONTAKTNYE]]/URI$.

Формулы (1) могут быть записаны в виде:

$URI[[http://libmeta.ru/me/formula/aux/1076_58_KONTAKTNYE]]/URI$

$URI[[http://libmeta.ru/me/formula/aux/1076_59_KONTAKTNYE]]/URI$,

где $URI[[http://libmeta.ru/me/formula/aux/1076_60_KONTAKTNYE]]/URI$ - пестимерный вектор. Первое из этих равенств верно для всех $URI[[http://libmeta.ru/me/formula/aux/1076_61_KONTAKTNYE]]/URI$, принадлежащих $URI[[http://libmeta.ru/me/formula/aux/1076_62_KONTAKTNYE]]/URI$ а второе - для всех $URI[[http://libmeta.ru/me/formula/aux/1076_63_KONTAKTNYE]]/URI$ принадлежащих $URI[[http://libmeta.ru/me/formula/aux/1076_64_KONTAKTNYE]]/URI$. Соответствующие произвольно заданные значения переменной $URI[[http://libmeta.ru/me/formula/aux/1076_65_KONTAKTNYE]]/URI$ приводят к бесконечному множеству равенств

\[
URI[[http://libmeta.ru/me/formula/main/1076_6_KONTAKTNYE]]/URI
\]

Пусть $URI[[http://libmeta.ru/me/formula/aux/1076_66_KONTAKTNYE]]/URI$ - множество пестимерных векторов $URI[[http://libmeta.ru/me/formula/aux/1076_67_KONTAKTNYE]]/URI$, $URI[[http://libmeta.ru/me/formula/aux/1076_68_KONTAKTNYE]]/URI$ $URI[[http://libmeta.ru/me/formula/aux/1076_69_KONTAKTNYE]]/URI$\[
URI[[http://libmeta.ru/me/formula/main/1076_7_KONTAKTNYE]]/URI
\]\[
URI[[http://libmeta.ru/me/formula/main/1076_8_KONTAKTNYE]]/URI
\]

соответственно пронумерованное, напр., по диагональному правилу. Это множество линейно независимо и полно в $URI[[http://libmeta.ru/me/formula/aux/1076_70_KONTAKTNYE]]/URI$. В левых частях равенств (2) стоят скалярные произведения $URI[[http://libmeta.ru/me/formula/aux/1076_71_KONTAKTNYE]]/URI$ для любого значения индекса $URI[[http://libmeta.ru/me/formula/aux/1076_72_KONTAKTNYE]]/URI$ в качестве составляющих заданных векторов и, следовательно, эти произведения также заданы. Вследствие полноты $URI[[http://libmeta.ru/me/formula/aux/1076_73_KONTAKTNYE]]/URI$ в $URI[[http://libmeta.ru/me/formula/aux/1076_74_KONTAKTNYE]]/URI$ неизвестный вектор $URI[[http://libmeta.ru/me/formula/aux/1076_75_KONTAKTNYE]]/URI$ может быть аппроксимирован линейной комбинапией $URI[[http://libmeta.ru/me/formula/aux/1076_76_KONTAKTNYE]]/URI$, өсли постоянные $URI[[http://libmeta.ru/me/formula/aux/1076_77_KONTAKTNYE]]/URI$ найдены из условия минимума нормы

\[
URI[[http://libmeta.ru/me/formula/main/1076_9_KONTAKTNYE]]/URI
\]

Это приводит к системе линейных алгебраич. уравнений

\[
URI[[http://libmeta.ru/me/formula/main/1076_10_KONTAKTNYE]]/URI
\]

к-рая разрепима. $URI[[http://libmeta.ru/me/formula/aux/1076_78_KONTAKTNYE]]/URI$-е - приближение $URI[[http://libmeta.ru/me/formula/aux/1076_79_KONTAKTNYE]]/URI$ для вектора $URI[[http://libmeta.ru/me/formula/aux/1076_80_KONTAKTNYE]]/URI$ выражается формулой $URI[[http://libmeta.ru/me/formula/aux/1076_81_KONTAKTNYE]]/URI$. Подстановка первых трех составляющшх $URI[[http://libmeta.ru/me/formula/aux/1076_82_KONTAKTNYE]]/URI$, как вектора, вместо $URI[[http://libmeta.ru/me/formula/aux/1076_83_KONTAKTNYE]]/URI$, а вторых трех составляющих вместо $URI[[http://libmeta.ru/me/formula/aux/1076_84_KONTAKTNYE]]/URI$ под интегралами в (1), прпводіт к прибліженному решению в квадратурах задачii I. Точное решеніе есть равномерный пріi $URI[[http://libmeta.ru/me/formula/aux/1076_85_KONTAKTNYE]]/URI$ предел прıближенного в произвольной внутренней точке області.

URI[[http://libmeta.ru/me/relation/1076_8_KONTAKTNYE]]/URI для решения URI[[http://libmeta.ru/me/relation/1076_7_KONTAKTNYE]]/URI URI[[http://libmeta.ru/me/relation/1076_6_KONTAKTNYE]]/URI остаются темі же, с одним URI[[http://libmeta.ru/me/relation/1076_5_KONTAKTNYE]]/URI: вместо URI[[http://libmeta.ru/me/relation/1076_4_KONTAKTNYE]]/URI $URI[[http://libmeta.ru/me/formula/aux/1076_86_KONTAKTNYE]]/URI$ пспользуется тензор Грина для URI[[http://libmeta.ru/me/relation/1076_3_KONTAKTNYE]]/URI області, ограниченной URI[[http://libmeta.ru/me/relation/1076_2_KONTAKTNYE]]/URI $URI[[http://libmeta.ru/me/formula/aux/1076_87_KONTAKTNYE]]/URI$, соответствующей заданным на $URI[[http://libmeta.ru/me/formula/aux/1076_88_KONTAKTNYE]]/URI$ URI[[http://libmeta.ru/me/relation/1076_1_KONTAKTNYE]]/URI.</text>
  <text_orig>задачи распределения деформации и напряжения в системе твердых тел, имеющих общие участки границ (поверхності соприкосновения). В общей постановке результаты по контактной задаче (к. з.) ограничиваются теоремамгі сугцествования и нек-рыми приближенными способами решения. Более полные результаты относятся к тому случаю, когда одно Iіз контактирующих тел является упругой полуплоскостьо (или полупространством), а другое - абсолютно жестким телом, вдавливаемым в полуплоскость (полупространство) заданнымі спламі (задачи о штампах). Вне основания штампа, пргходящего в соприкосновение с упругим телом, на границе последнего граничные условия могут задаваться, из чісла допустимых, прошзвольно, а на участке под штампом гранічные условия формулируются в завісгоості от характера контакта. Так, если упругое тело жестко сцеплено с ігрижімаемым к нему твердым телом, под штампом могут считаться заданными перемещения; еслі же допускается скольжение упругого тела по контактной поверхності жесткого штампа, то под штампом известны нормальная составляющая перемещения и нек-рое линейное соотнопение между нормальным и касательным напряљкеисм, зависящее от коэффицгента трения (закон Кулона). Могут реализоваться и другіе граничные условия. Все случап упругого полупространства (полуплоскости) приводят к смешанпой задаче с различными граничными условиями на разлічных участках граншцы. Развитіе методов решения этих задач, включая тот случай, когда оба контактирующих тела являются упругими, составляет содержание работ, посвященных задачам о штампах. Эти методы блізкп друг другу и в плоскої задаче, в конечном счете, сводятся к методу сопряжения кусочно голоморфных функцій (метод задачіI Рıмана - Гильберта), с помоцыо к-рого к. з. решаются в квадратурах. Задача о соприкосновении двух упругих тел в трехмерном случае была впервые поставлена и решена Г. Герцем (H. Hertz), к-рый счітал площадку соприкосновснія весьа малой, а уравненгя недеформированных Iоверхностей вблизи места сопрıкосновения - уравнениямі поверхностей 2-го порядка. При этом оказалось возможным воспользоваться одной электростатич. аналогпей, II функция, выражающая давление на участке контакта, была найдена в віде электростатич. потенциала нек-рого эллипсоида. В плоском случае задача Герца пріводится к уравнению Фредгольма 1-го рода

\[
\int_{a}^{b} p(t) \ln \left|t-t_{0}\right| d t=f\left(t_{0}\right)+C
\]

где $p(t)$ - искомое давление одного тела на другое в точке $t$ участка соприкосновенія $a b$, a $f(t)$ - заданная функция; эта же задача приводится к разрепимому в замкнутом виде сингулярному интегральному уравнению.

В общей постановке к. з. формулируются следующим образом.

3 a д а ч a I. Пусть в бесконечном изотропном упругом теле с постоянными Ламе $\lambda_{0}, \mu_{0}$ имеются $m$ упругих пзотропных изолированных включений с постоянными $\lambda_{k}, \mu_{k}, k=1, \ldots, m$, ограниченных гладкими поверхностями $S_{k}$ произвольной конфигурации. Считая включения жестко сцепленными c основной средой вдоль контактных поверхностей $S_{k}$, требуется определить напряженное состояние тела под влиянием заданных объемных сил.

3 а д а ч a II. В конечном изотропном упругом теле с прогзвольной гладкой границей $S_{0}$ и постоянными $\lambda_{0}, \mu_{0}$ имеется $m$ упругих изотропных изолированных включений, ограниченных поверхностями $S_{k}, k=1$, $\ldots . m$, жестко сцепленных с несущей средой вдоль $S_{k}$. Требуется найти упругое состояние тела, возникающее под действием заданных объемных сил и заданных граничных условий на $S_{0}$.

Этіг же задачи ставятся для анизотропных тел, а также при других допущениях относительно характера контактов вдоль $S_{k}, k=1, \ldots, m$. Для указанных задач доказаны теоремы существования, в изотропном случае - методом сингулярных потенциалов и сингулярных інтегральных уравнений, для анизотропных тел методами функционального анализа.

В пзотропном случае найдены также способы приближенного решения в квадратурах. Пусть $x, y-$ точкі трехмерного пространства $E_{3}, D_{k}-$ область, ограниченная поверхностью $S_{k}, D^{+}=\bigcup_{k=1}^{m} D_{k}, D^{-}=$ $=E_{3} \backslash \bar{D}^{+}, \quad \Gamma^{k}(x-y)$ - матрица размера $3 \times 3$ фундаментальных решений для области $D_{k}, k=1, \ldots, m$, $\Gamma^{0}(x-y)$ - та же матрица для области $D^{-}, u(x)-$ вектор смещения в точке $x, T$ - оператор напряжения, $T u(x)$ - вектор напряжения, соответствующий смещению $u$ в точке $x, T \Gamma_{p}^{k}(x-y), p=1,2,3$, - вектор напряжения, соответствующий смещенію $\Gamma_{p}^{k}(x-y)$ в области $D_{k}$ для $x \neq y, T \Gamma^{k}(x-y)$ - матрица размера $3 \times 3$, составленная из $T \Gamma_{p}^{k}(x-y), p=1,2,3$, как из столбцов, $\left(T \Gamma^{k}(x-y)\right)^{\prime}-$ союзная матрица; $M^{k}(x, y)$ и $M^{0}(x, y)$ - прямоугольные матрицы размера $3 \times 6$, определенные следующим образом

\[
M^{k}(x, y)=
\]

$=\left\{\begin{array}{cl}\|\left(T \Gamma^{k}(x-y)\right)^{\prime}, &amp; -\Gamma^{k}(x-y) \|_{3 \times 6}, \\ 0 &amp; y \in S_{k}, k=1, \ldots, m, x \in E_{3}, \\ y \in S_{j}, j=1, \ldots, m, j \neq k, x \in E_{3},\end{array}\right.$ $M^{0}(x, y)=\left\|\left(T \Gamma^{0}(x-y)\right)^{\prime},-\Gamma^{0}(x-y)\right\|_{3 \times 6}$,

\[
y \in \mathrm{U}_{k=1}^{m} S_{k}, x \in E_{3} \text {. }
\]

Задача I, без ограничения общности, есть задача об определении смещения из условий

$\forall x \in D_{k}: \mu_{k} \Delta u+\left(\lambda_{k}+\mu_{k}\right) \operatorname{grad} \operatorname{div} u=0$, $\forall x \in D-: \mu_{0} \Delta u+\left(\lambda_{0}+\mu_{0}\right) \operatorname{grad} \operatorname{div} u=\Phi^{0}(x)$,

![](https://cdn.mathpix.com/cropped/2023_07_08_63e8f95abc6c933a81feg-1.jpg?height=77&amp;width=585&amp;top_left_y=2080&amp;top_left_x=251)

$\lim _{D^{+} \ni x \rightarrow y} T u(x)=\lim _{D^{-} \ni x \rightarrow y} T u(x), k=1, \ldots, m$.

Пусть значения пределов с обеих сторон контактных границ для $u(x)$ и $T u(x)$ обозначены через $u(y), T u(y)$, $y \in \bigcup_{k=1}^{m} S_{k}$, тогда для регулярного решения:

$\delta_{k}(x) u(x)=\int_{S_{k}} \Gamma^{k}(x-y) T u(y) d_{y} S-$ $-\int_{S_{k}}\left(T \Gamma^{k}(x-y)\right)^{\prime} u(y) d_{y} S, k=1, \ldots, m$

![](https://cdn.mathpix.com/cropped/2023_07_08_63e8f95abc6c933a81feg-1.jpg?height=74&amp;width=653&amp;top_left_y=385&amp;top_left_x=1053)

\[
-\int \cup_{i=1}^{m} s_{i}\left(T \Gamma^{0}(x-y)\right)^{\prime} u(y) d_{y} S-F(x), \quad
\]

где

\[
F(x)=\int_{D} \Gamma^{0}(x-y) \Phi^{0}(y) d y, \delta_{k}(x)=2
\]

для $x \in D_{k}$ п $\delta_{k}(x)=0$ для $x \in E_{3} \backslash \bar{D}_{k}$, a $\delta(x)=0$ для $x \in$ $\in \bigcup_{i=1}^{m} D_{i}$ и $\delta(x)=2$ для $x \in D^{-}$.

Формулы (1) могут быть записаны в виде:

$\forall x \in E_{3} \backslash \overline{D_{k}}: \int_{\bigcup_{i=1}^{m}}^{m} s_{i} M^{k}(x, y) \lambda(y) d_{y} S=0, k=1, \ldots, m ;$

$\forall x \in \bigcup_{i=1}^{m} D_{i}: \int_{U_{i=1}^{m} s_{i}} M^{0}(x, y) \lambda(y) d_{y} S=F(x)$,

где $\lambda(y)=(u(y), T u(y))$ - пестимерный вектор. Первое из этих равенств верно для всех $x$, принадлежащих $E_{3} \backslash \bar{D}_{k}, \quad$ а второе - для всех $x, \quad$ принадлежащих $\bigcup_{i=1}^{m} D_{i}$. Соответствующие произвольно заданные значения переменной $x$ приводят к бесконечному множеству равенств

\[
\begin{aligned}
&amp; \int \bigcup_{i=1}^{m} s_{i} M^{k}\left(\xi_{j}, \quad y\right) \lambda(y) d_{y} S=0, \\
&amp; k=1, \ldots, m ; \xi_{j} \in E_{3} \backslash \bar{D}_{k}, i=1,2, \ldots, \\
&amp; \int \cup_{i=1}^{m} s_{i} M^{0}\left(\xi_{j}^{1}, y\right) \lambda(y) d_{y} S=F\left(\xi_{j}^{1}\right), \ldots \\
&amp; \ldots, \int_{U_{i=1}^{m} s_{i}} M^{0}\left(\xi_{j}^{m}, y\right) \lambda(y) d_{y} S=F\left(\xi_{j}^{m}\right) \text {, } \\
&amp; \xi_{j}^{h} \in D_{h}, h=1, \ldots, m ; j=1,2, \ldots .
\end{aligned}
\]

Пусть $\left\{\varphi^{n}(y)\right\}_{0}^{\infty}$ - множество пестимерных векторов $\left(T \Gamma_{p}^{1}\left(\xi_{j}-y\right),-\Gamma_{p}^{1}\left(\xi_{j}-y\right)\right), \ldots,\left(T \Gamma_{p}^{m}\left(\xi_{j}-y\right)\right.$, $\left.-\Gamma_{p}^{m}\left(\xi_{j}-y\right)\right)$ $\left(T \Gamma_{p}^{0}\left(\xi_{j}^{1}-y\right),-\Gamma_{p}^{\bullet}\left(\xi_{j}^{1}-y\right)\right), \ldots$\[
\ldots,\left(T \Gamma_{p}^{0}\left(\xi_{j}^{m}-y\right),-\Gamma_{p}^{0}\left(\xi_{j}^{m}-y\right)\right) \text {, }
\]\[
y \in \bigcup_{i=1}^{m} S_{i}, \quad p=1,2,3,
\]

соответственно пронумерованное, напр., по диагональному правилу. Это множество линейно независимо и полно в $\mathscr{L}_{2}\left(\bigcup_{i=1}^{m} S_{i}\right)$. В левых частях равенств (2) стоят скалярные произведения $\left(\lambda, \varphi^{n}\right)$ для любого значения индекса $n$ в качестве составляющих заданных векторов и, следовательно, эти произведения также заданы. Вследствие полноты $\left\{\varphi^{n}(y)\right\}_{0}^{\infty}$ в $\mathscr{L}_{2}\left(\bigcup_{i=1}^{m} S_{i}\right)$ неизвестный вектор $\lambda=(u, T u)$ может быть аппроксимирован линейной комбинапией $\sum_{n=1}^{N} a_{n}^{N} \varphi^{n}(y)$, өсли постоянные $a_{n}^{N}$ найдены из условия минимума нормы

\[
\left\|\lambda(y)-\sum_{n=1}^{N} a_{n}^{N} \varphi^{n}\right\|_{L_{2}}\left(\bigcup_{i=1}^{m} s_{i}\right) .
\]

Это приводит к системе линейных алгебраич. уравнений

\[
\sum_{s=1}^{N} a_{\mathrm{s}}^{N}\left(\varphi^{s}, \varphi^{n}\right)=\left(\hat{\lambda}, \varphi^{n}\right), n=1, \ldots, N,
\]

к-рая разрепима. $N$-е - приближение $\lambda N(y)$ для вектора $\lambda(y)$ выражается формулой $\lambda N(y)=\sum_{n=1}^{N} a_{n}^{N} \varphi^{n}(y)$. Подстановка первых трех составляющшх $\lambda N(y)$, как вектора, вместо $u(y)$, а вторых трех составляющих вместо $T u(y)$ под интегралами в (1), прпводіт к прибліженному решению в квадратурах задачII I. Точное решеніе есть равномерный пріI $N \rightarrow \infty$ предел прıближенного в произвольной внутренней точке області.

Формулы для решения задачII II остаются темі же, с одним изменением: вместо матрицы $\Gamma^{0}(x-y)$ пспользуется тензор Грина для полной області, ограниченной поверхностью $S_{0}$, соответствующей заданным на $S_{0}$ граничным условиям.

Лит.: [1] М у с х е л и ш в и л и Н. И., Некоторые основные задачи математической теории упругости, 5 изд., М., $1966 ;$ [2] Г а Л и н Л. А., Контактные задачи теории упругости, М., 1953; [3] Ш т а е $\mathbf{M} \mathbf{M}$ а Н И. Я., Контактная задача теории мерные задачи математической теории упругости и термоупругости, 2 изд., М., 1976; [5] Ф и к е р а $\Gamma$., Теоремы существования в теории упругости, пер. с англ., М., 1974.

В. Д. Купрадзе.</text_orig>
</article>
