<?xml version="1.0" ?>
<article uri="http://libmeta.ru/me/article/1077_GIPotsIKLOID" alphabetic_pos="1077">
  <title>ГИПоцИКЛОИДА</title>
  <authors/>
  <pages>
    <start>507</start>
    <end>507</end>
  </pages>
  <literature>
    <literature_orig>Лит.: [1] С а в е л о в А. А., Плоские кривые, М., 1960.</literature_orig>
    <unit>
      <author>Савелов А. А.</author>
      <title>Плоские кривые</title>
      <publication>М.</publication>
      <year>1960</year>
      <other/>
    </unit>
  </literature>
  <formulas_main>
    <formula uri="http://libmeta.ru/me/formula/main/1077_1_GIPotsIKLOID">\begin{aligned}&amp; x=(R-r) \cos \theta+r \cos \left[(R-r) \frac{\theta}{r}\right], \\&amp; y=(R-r) \sin \theta-r \sin \left[(R-r) \frac{\theta}{r}\right],\end{aligned}</formula>
    <formula uri="http://libmeta.ru/me/formula/main/1077_2_GIPotsIKLOID">l=\frac{8 R(m-1)}{m^{2}} \sin ^{2} \frac{\theta}{4} .</formula>
    <formula uri="http://libmeta.ru/me/formula/main/1077_3_GIPotsIKLOID">r_{k}=\frac{4 R(m-1)}{m^{2}(m-2)} \sin \frac{\theta}{2} .</formula>
  </formulas_main>
  <formulas_aux>
    <formula uri="http://libmeta.ru/me/formula/aux/1077_1_GIPotsIKLOID">r</formula>
    <formula uri="http://libmeta.ru/me/formula/aux/1077_2_GIPotsIKLOID">r-</formula>
    <formula uri="http://libmeta.ru/me/formula/aux/1077_3_GIPotsIKLOID">\theta</formula>
    <formula uri="http://libmeta.ru/me/formula/aux/1077_4_GIPotsIKLOID">m=r / r</formula>
    <formula uri="http://libmeta.ru/me/formula/aux/1077_5_GIPotsIKLOID">\gamma</formula>
    <formula uri="http://libmeta.ru/me/formula/aux/1077_6_GIPotsIKLOID">m</formula>
    <formula uri="http://libmeta.ru/me/formula/aux/1077_7_GIPotsIKLOID">m</formula>
    <formula uri="http://libmeta.ru/me/formula/aux/1077_8_GIPotsIKLOID">a_{1}, \ldots, A_{m}</formula>
    <formula uri="http://libmeta.ru/me/formula/aux/1077_9_GIPotsIKLOID">\rho=r, \varphi=</formula>
    <formula uri="http://libmeta.ru/me/formula/aux/1077_10_GIPotsIKLOID">=2 k \pi / m, k=0,1, \ldots, m-1</formula>
    <formula uri="http://libmeta.ru/me/formula/aux/1077_11_GIPotsIKLOID">m</formula>
    <formula uri="http://libmeta.ru/me/formula/aux/1077_12_GIPotsIKLOID">m</formula>
    <formula uri="http://libmeta.ru/me/formula/aux/1077_13_GIPotsIKLOID">m</formula>
    <formula uri="http://libmeta.ru/me/formula/aux/1077_14_GIPotsIKLOID">\theta=0</formula>
    <formula uri="http://libmeta.ru/me/formula/aux/1077_15_GIPotsIKLOID">m=2</formula>
    <formula uri="http://libmeta.ru/me/formula/aux/1077_16_GIPotsIKLOID">m=3</formula>
    <formula uri="http://libmeta.ru/me/formula/aux/1077_17_GIPotsIKLOID">m=4</formula>
  </formulas_aux>
  <relations n="9">
    <relation uri="http://libmeta.ru/me/relation/1077_1_GIPotsIKLOID">
      <rel_text>Трохоида</rel_text>
      <target>http://libmeta.ru/me/article/510_TROHOID</target>
    </relation>
    <relation uri="http://libmeta.ru/me/relation/1077_2_GIPotsIKLOID">
      <rel_text>кривым</rel_text>
      <target>http://libmeta.ru/me/article/90_KRIVA</target>
    </relation>
    <relation uri="http://libmeta.ru/me/relation/1077_3_GIPotsIKLOID">
      <rel_text>астроида</rel_text>
      <target>http://libmeta.ru/me/article/310_ASTRoID</target>
    </relation>
    <relation uri="http://libmeta.ru/me/relation/1077_4_GIPotsIKLOID">
      <rel_text>Iiтейнера кривая</rel_text>
      <target>http://libmeta.ru/me/article/1045_IITEJNERA</target>
    </relation>
    <relation uri="http://libmeta.ru/me/relation/1077_5_GIPotsIKLOID">
      <rel_text>отрезок</rel_text>
      <target>http://libmeta.ru/me/article/135_OTREZO</target>
    </relation>
    <relation uri="http://libmeta.ru/me/relation/1077_6_GIPotsIKLOID">
      <rel_text>кривая</rel_text>
      <target>http://libmeta.ru/me/article/90_KRIVA</target>
    </relation>
    <relation uri="http://libmeta.ru/me/relation/1077_7_GIPotsIKLOID">
      <rel_text>окружности</rel_text>
      <target>http://libmeta.ru/me/article/6_OKRUGLENI</target>
    </relation>
    <relation uri="http://libmeta.ru/me/relation/1077_8_GIPotsIKLOID">
      <rel_text>кривизны</rel_text>
      <target>http://libmeta.ru/me/article/91_KRIVIZN</target>
    </relation>
    <relation uri="http://libmeta.ru/me/relation/1077_9_GIPotsIKLOID">
      <rel_text>Радиус</rel_text>
      <target>http://libmeta.ru/me/article/866_RADIA</target>
    </relation>
  </relations>
  <text>плоская кривая, траектория точки окружности, катящеӥся по другой окружности и имеющей с ней внутреннее касание. Параметрич. уравнения:

\[
URI[[http://libmeta.ru/me/formula/main/1077_1_GIPotsIKLOID]]/URI
\]

где $URI[[http://libmeta.ru/me/formula/aux/1077_1_GIPotsIKLOID]]/URI$ - радиус катящейся окружности, $URI[[http://libmeta.ru/me/formula/aux/1077_2_GIPotsIKLOID]]/URI$ радиус неподвижной окружности, $URI[[http://libmeta.ru/me/formula/aux/1077_3_GIPotsIKLOID]]/URI$ - угол, стягиваемый дугой между точками касания окружностей. В зависимости от величины м о д у л я $URI[[http://libmeta.ru/me/formula/aux/1077_4_GIPotsIKLOID]]/URI$ получаются $URI[[http://libmeta.ru/me/formula/aux/1077_5_GIPotsIKLOID]]/URI$. различной формы. При $URI[[http://libmeta.ru/me/formula/aux/1077_6_GIPotsIKLOID]]/URI$ целом кривая состоит из $URI[[http://libmeta.ru/me/formula/aux/1077_7_GIPotsIKLOID]]/URI$ непересекающихся ветвей (см. рис. а). Точки возврата $URI[[http://libmeta.ru/me/formula/aux/1077_8_GIPotsIKLOID]]/URI$ имеют полярные координаты $URI[[http://libmeta.ru/me/formula/aux/1077_9_GIPotsIKLOID]]/URI$ $URI[[http://libmeta.ru/me/formula/aux/1077_10_GIPotsIKLOID]]/URI$. При $URI[[http://libmeta.ru/me/formula/aux/1077_11_GIPotsIKLOID]]/URI$ иррациональном число ветвей бесконечно, точка $URI[[http://libmeta.ru/me/formula/aux/1077_12_GIPotsIKLOID]]/URI$ в исходное положение не возвращается; при $URI[[http://libmeta.ru/me/formula/aux/1077_13_GIPotsIKLOID]]/URI$ рациональном Г. (см. рис., б) замкнутая алгебраич. кривая. Длина дуги от точки $URI[[http://libmeta.ru/me/formula/aux/1077_14_GIPotsIKLOID]]/URI$

\[
URI[[http://libmeta.ru/me/formula/main/1077_2_GIPotsIKLOID]]/URI
\]

URI[[http://libmeta.ru/me/relation/1077_9_GIPotsIKLOID]]/URI URI[[http://libmeta.ru/me/relation/1077_8_GIPotsIKLOID]]/URI:

\[
URI[[http://libmeta.ru/me/formula/main/1077_3_GIPotsIKLOID]]/URI
\]

Есліг точка находится не на катящейся URI[[http://libmeta.ru/me/relation/1077_7_GIPotsIKLOID]]/URI, а лежит вне (внутри) ее, то URI[[http://libmeta.ru/me/relation/1077_6_GIPotsIKLOID]]/URI наз. уд л и не н но й (уко роче нно й) ги поци кло и до й или г и П о т р х оид о й (см. URI[[http://libmeta.ru/me/relation/1077_1_GIPotsIKLOID]]/URI). Пріг $URI[[http://libmeta.ru/me/formula/aux/1077_15_GIPotsIKLOID]]/URI$
![](https://cdn.mathpix.com/cropped/2023_07_08_6517c8cc656c5314f819g-1.jpg?height=406&amp;width=838&amp;top_left_y=323&amp;top_left_x=984)

Г.- URI[[http://libmeta.ru/me/relation/1077_5_GIPotsIKLOID]]/URI прямой, при $URI[[http://libmeta.ru/me/formula/aux/1077_16_GIPotsIKLOID]]/URI$ - URI[[http://libmeta.ru/me/relation/1077_4_GIPotsIKLOID]]/URI, при $URI[[http://libmeta.ru/me/formula/aux/1077_17_GIPotsIKLOID]]/URI$ - URI[[http://libmeta.ru/me/relation/1077_3_GIPotsIKLOID]]/URI. Г. относится к так наз. циклоидальным URI[[http://libmeta.ru/me/relation/1077_2_GIPotsIKLOID]]/URI.</text>
  <text_orig>плоская кривая, траектория точки окружности, катящеӥся по другой окружности и имеющей с ней внутреннее касание. Параметрич. уравнения:

\[
\begin{aligned}
&amp; x=(R-r) \cos \theta+r \cos \left[(R-r) \frac{\theta}{r}\right], \\
&amp; y=(R-r) \sin \theta-r \sin \left[(R-r) \frac{\theta}{r}\right],
\end{aligned}
\]

где $r$ - радиус катящейся окружности, $R-$ радиус неподвижной окружности, $\theta$ - угол, стягиваемый дугой между точками касания окружностей. В зависимости от величины м о д у л я $m=R / r$ получаются $\Gamma$. различной формы. При $m$ целом кривая состоит из $m$ непересекающихся ветвей (см. рис. а). Точки возврата $A_{1}, \ldots, A_{m}$ имеют полярные координаты $\rho=R, \varphi=$ $=2 k \pi / m, k=0,1, \ldots, m-1$. При $m$ иррациональном число ветвей бесконечно, точка $M$ в исходное положение не возвращается; при $m$ рациональном Г. (см. рис., б) замкнутая алгебраич. кривая. Длина дуги от точки $\theta=0$

\[
l=\frac{8 R(m-1)}{m^{2}} \sin ^{2} \frac{\theta}{4} .
\]

Радиус кривизны:

\[
r_{k}=\frac{4 R(m-1)}{m^{2}(m-2)} \sin \frac{\theta}{2} .
\]

Есліг точка находится не на катящейся окружности, а лежит вне (внутри) ее, то кривая наз. уд л и не н но й (уко роче нно й) ги поци кло и до й или г и П о т р х оид о й (см. Трохоида). Пріг $m=2$
![](https://cdn.mathpix.com/cropped/2023_07_08_6517c8cc656c5314f819g-1.jpg?height=406&amp;width=838&amp;top_left_y=323&amp;top_left_x=984)

Г.- отрезок прямой, при $m=3$ - IIтейнера кривая, при $m=4$ - астроида. Г. относится к так наз. циклоидальным кривым.

Лит.: [1] С а в е л о в А. А., Плоские кривые, М., 1960.</text_orig>
</article>
