<?xml version="1.0" ?>
<article uri="http://libmeta.ru/me/article/1077_REPREZENTATIVNOE" alphabetic_pos="1077">
  <title>РЕПРЕЗЕНТАТИВНОЕ ПОДПРОСТРАНСТВО</title>
  <authors>
    <author>А. Ф. Харииладзе</author>
  </authors>
  <pages>
    <start>489</start>
    <end>489</end>
  </pages>
  <literature>
    <literature_orig/>
  </literature>
  <formulas_main/>
  <formulas_aux>
    <formula uri="http://libmeta.ru/me/formula/aux/1077_1_REPREZENTATIVNOE">x</formula>
    <formula uri="http://libmeta.ru/me/formula/aux/1077_2_REPREZENTATIVNOE">y</formula>
    <formula uri="http://libmeta.ru/me/formula/aux/1077_3_REPREZENTATIVNOE">x \subset Y</formula>
  </formulas_aux>
  <relations n="3">
    <relation uri="http://libmeta.ru/me/relation/1077_1_REPREZENTATIVNOE">
      <rel_text>эквивалентностью</rel_text>
      <target>http://libmeta.ru/me/article/1105_EKVIVALENTNOST</target>
    </relation>
    <relation uri="http://libmeta.ru/me/relation/1077_2_REPREZENTATIVNOE">
      <rel_text>слабой гомотопич</rel_text>
      <target>http://libmeta.ru/me/article/1389_SLABAJa</target>
    </relation>
    <relation uri="http://libmeta.ru/me/relation/1077_3_REPREZENTATIVNOE">
      <rel_text>пространотва</rel_text>
      <target>http://libmeta.ru/me/article/748_PROSTRANSTV</target>
    </relation>
  </relations>
  <text>подпространство $URI[[http://libmeta.ru/me/formula/aux/1077_1_REPREZENTATIVNOE]]/URI$ топологич. URI[[http://libmeta.ru/me/relation/1077_3_REPREZENTATIVNOE]]/URI $URI[[http://libmeta.ru/me/formula/aux/1077_2_REPREZENTATIVNOE]]/URI$ такое, что включение $URI[[http://libmeta.ru/me/formula/aux/1077_3_REPREZENTATIVNOE]]/URI$ является URI[[http://libmeta.ru/me/relation/1077_2_REPREZENTATIVNOE]]/URI. URI[[http://libmeta.ru/me/relation/1077_1_REPREZENTATIVNOE]]/URI.</text>
  <text_orig>подпространство $X$ топологич. пространотва $Y$ такое, что включение $X \subset Y$ является слабой гомотопич. эквивалентностью.

А. Ф. Харииладзе.</text_orig>
</article>
