<?xml version="1.0" ?>
<article uri="http://libmeta.ru/me/article/1078_NORMIROVANNAJa" alphabetic_pos="1078">
  <title>НОРМИРОВАННАЯ АЛГЕБРА</title>
  <authors>
    <author>Е. А. Горин</author>
  </authors>
  <pages>
    <start>542</start>
    <end>542</end>
  </pages>
  <literature>
    <literature_orig/>
  </literature>
  <formulas_main/>
  <formulas_aux>
    <formula uri="http://libmeta.ru/me/formula/aux/1078_1_NORMIROVANNAJa">x=\left(\xi_{1}, \ldots, \xi_{n}, 0, \ldots\right)</formula>
    <formula uri="http://libmeta.ru/me/formula/aux/1078_2_NORMIROVANNAJa">\|x\|=\sum_{k=1}^{m}\left|\xi_{k}\right| k^{-2}</formula>
    <formula uri="http://libmeta.ru/me/formula/aux/1078_3_NORMIROVANNAJa">c</formula>
    <formula uri="http://libmeta.ru/me/formula/aux/1078_4_NORMIROVANNAJa">\|x y\| \leqslant C\|x\|\|y\|</formula>
  </formulas_aux>
  <relations n="18">
    <relation uri="http://libmeta.ru/me/relation/1078_1_NORMIROVANNAJa">
      <rel_text>банаховой алгеброй</rel_text>
      <target>http://libmeta.ru/me/article/993_KOMMUTATIVNAJa</target>
    </relation>
    <relation uri="http://libmeta.ru/me/relation/1078_2_NORMIROVANNAJa">
      <rel_text>пополнение</rel_text>
      <target>http://libmeta.ru/me/article/520_POPOLNENI</target>
    </relation>
    <relation uri="http://libmeta.ru/me/relation/1078_3_NORMIROVANNAJa">
      <rel_text>равносильна</rel_text>
      <target>http://libmeta.ru/me/article/766_RAVNOVELIKA</target>
    </relation>
    <relation uri="http://libmeta.ru/me/relation/1078_4_NORMIROVANNAJa">
      <rel_text>Непрерывность</rel_text>
      <target>http://libmeta.ru/me/article/957_NEPRERYVNOST</target>
    </relation>
    <relation uri="http://libmeta.ru/me/relation/1078_5_NORMIROVANNAJa">
      <rel_text>алгебра</rel_text>
      <target>http://libmeta.ru/me/article/93_ALGEBR</target>
    </relation>
    <relation uri="http://libmeta.ru/me/relation/1078_6_NORMIROVANNAJa">
      <rel_text>формулой</rel_text>
      <target>http://libmeta.ru/me/article/731_FORMALIZ</target>
    </relation>
    <relation uri="http://libmeta.ru/me/relation/1078_7_NORMIROVANNAJa">
      <rel_text>задать</rel_text>
      <target>http://libmeta.ru/me/article/10_ZAdAch</target>
    </relation>
    <relation uri="http://libmeta.ru/me/relation/1078_8_NORMIROVANNAJa">
      <rel_text>операции</rel_text>
      <target>http://libmeta.ru/me/article/15_OPERAN</target>
    </relation>
    <relation uri="http://libmeta.ru/me/relation/1078_9_NORMIROVANNAJa">
      <rel_text>финитных</rel_text>
      <target>http://libmeta.ru/me/article/705_FINItIZ</target>
    </relation>
    <relation uri="http://libmeta.ru/me/relation/1078_10_NORMIROVANNAJa">
      <rel_text>множестве</rel_text>
      <target>http://libmeta.ru/me/article/733_MNOZhESTV</target>
    </relation>
    <relation uri="http://libmeta.ru/me/relation/1078_11_NORMIROVANNAJa">
      <rel_text>непрерывности</rel_text>
      <target>http://libmeta.ru/me/article/957_NEPRERYVNOST</target>
    </relation>
    <relation uri="http://libmeta.ru/me/relation/1078_12_NORMIROVANNAJa">
      <rel_text>непрерывность</rel_text>
      <target>http://libmeta.ru/me/article/957_NEPRERYVNOST</target>
    </relation>
    <relation uri="http://libmeta.ru/me/relation/1078_13_NORMIROVANNAJa">
      <rel_text>непрерывность</rel_text>
      <target>http://libmeta.ru/me/article/957_NEPRERYVNOST</target>
    </relation>
    <relation uri="http://libmeta.ru/me/relation/1078_14_NORMIROVANNAJa">
      <rel_text>непрерывности</rel_text>
      <target>http://libmeta.ru/me/article/957_NEPRERYVNOST</target>
    </relation>
    <relation uri="http://libmeta.ru/me/relation/1078_15_NORMIROVANNAJa">
      <rel_text>пространством</rel_text>
      <target>http://libmeta.ru/me/article/748_PROSTRANSTV</target>
    </relation>
    <relation uri="http://libmeta.ru/me/relation/1078_16_NORMIROVANNAJa">
      <rel_text>нормированным</rel_text>
      <target>http://libmeta.ru/me/article/1034_NORMALIZATO</target>
    </relation>
    <relation uri="http://libmeta.ru/me/relation/1078_17_NORMIROVANNAJa">
      <rel_text>комплексных</rel_text>
      <target>http://libmeta.ru/me/article/1005_KOMPAKTNOST</target>
    </relation>
    <relation uri="http://libmeta.ru/me/relation/1078_18_NORMIROVANNAJa">
      <rel_text>алгебра</rel_text>
      <target>http://libmeta.ru/me/article/93_ALGEBR</target>
    </relation>
  </relations>
  <text>URI[[http://libmeta.ru/me/relation/1078_18_NORMIROVANNAJa]]/URI над полем действительных пли URI[[http://libmeta.ru/me/relation/1078_17_NORMIROVANNAJa]]/URI чисел, являющаяся одновременно URI[[http://libmeta.ru/me/relation/1078_16_NORMIROVANNAJa]]/URI URI[[http://libmeta.ru/me/relation/1078_15_NORMIROVANNAJa]]/URI, умножение в к-рой подчиняется определенным условиям URI[[http://libmeta.ru/me/relation/1078_14_NORMIROVANNAJa]]/URI. Простейшее из таких условий - раздельная URI[[http://libmeta.ru/me/relation/1078_13_NORMIROVANNAJa]]/URI. Раздельная URI[[http://libmeta.ru/me/relation/1078_12_NORMIROVANNAJa]]/URI, вообще говоря, слабее URI[[http://libmeta.ru/me/relation/1078_11_NORMIROVANNAJa]]/URI по совокупности сомножителей. Если, напр., на URI[[http://libmeta.ru/me/relation/1078_10_NORMIROVANNAJa]]/URI всех URI[[http://libmeta.ru/me/relation/1078_9_NORMIROVANNAJa]]/URI иоследовательностей $URI[[http://libmeta.ru/me/formula/aux/1078_1_NORMIROVANNAJa]]/URI$ алгебраич. URI[[http://libmeta.ru/me/relation/1078_8_NORMIROVANNAJa]]/URI URI[[http://libmeta.ru/me/relation/1078_7_NORMIROVANNAJa]]/URI покоординатно, а норму URI[[http://libmeta.ru/me/relation/1078_6_NORMIROVANNAJa]]/URI $URI[[http://libmeta.ru/me/formula/aux/1078_2_NORMIROVANNAJa]]/URI$, то возникает URI[[http://libmeta.ru/me/relation/1078_5_NORMIROVANNAJa]]/URI, в к-рой умножение раздельно непрерывно, но не непрерывно по совокупности. URI[[http://libmeta.ru/me/relation/1078_4_NORMIROVANNAJa]]/URI умножения в Н. а. по совокупности сомножителей URI[[http://libmeta.ru/me/relation/1078_3_NORMIROVANNAJa]]/URI существованию такой константы $URI[[http://libmeta.ru/me/formula/aux/1078_3_NORMIROVANNAJa]]/URI$, что $URI[[http://libmeta.ru/me/formula/aux/1078_4_NORMIROVANNAJa]]/URI$. В әтом и только в этом случае URI[[http://libmeta.ru/me/relation/1078_2_NORMIROVANNAJa]]/URI обладает структурой Н. а., расширяющей исходную, и является URI[[http://libmeta.ru/me/relation/1078_1_NORMIROVANNAJa]]/URI.</text>
  <text_orig>алгебра над полем действительных пли комплексных чисел, являющаяся одновременно нормированным пространством, умножение в к-рой подчиняется определенным условиям непрерывности. Простейшее из таких условий - раздельная непрерывность. Раздельная непрерывность, вообще говоря, слабее непрерывности по совокупности сомножителей. Если, напр., на множестве всех финитных иоследовательностей $x=\left(\xi_{1}, \ldots, \xi_{n}, 0, \ldots\right)$ алгебраич. операции задать покоординатно, а норму формулой $\|x\|=\sum_{k=1}^{m}\left|\xi_{k}\right| k^{-2}$, то возникает алгебра, в к-рой умножение раздельно непрерывно, но не непрерывно по совокупности. Непрерывность умножения в Н. а. по совокупности сомножителей равносильна существованию такой константы $C$, что $\|x y\| \leqslant C\|x\|\|y\|$. В әтом и только в этом случае пополнение обладает структурой Н. а., расширяющей исходную, и является банаховой алгеброй.

Е. А. Горин.</text_orig>
</article>
