<?xml version="1.0" ?>
<article uri="http://libmeta.ru/me/article/1079_PETPAK" alphabetic_pos="1079">
  <title>PETPAKT</title>
  <authors>
    <author>А. В. Архангельский</author>
  </authors>
  <pages>
    <start>489</start>
    <end>489</end>
  </pages>
  <literature>
    <literature_orig>Лum.: [1] Б о р с у к К., Теория ретрактов, пер. с англ., M., 1971.</literature_orig>
    <unit>
      <author>Борсук К.</author>
      <title>Теория ретрактов</title>
      <publication>пер. с англ., M.</publication>
      <year>1971</year>
      <other/>
    </unit>
  </literature>
  <formulas_main/>
  <formulas_aux>
    <formula uri="http://libmeta.ru/me/formula/aux/1079_1_PETPAK">x</formula>
    <formula uri="http://libmeta.ru/me/formula/aux/1079_2_PETPAK">a</formula>
    <formula uri="http://libmeta.ru/me/formula/aux/1079_3_PETPAK">x</formula>
    <formula uri="http://libmeta.ru/me/formula/aux/1079_4_PETPAK">a</formula>
    <formula uri="http://libmeta.ru/me/formula/aux/1079_5_PETPAK">x</formula>
    <formula uri="http://libmeta.ru/me/formula/aux/1079_6_PETPAK">\mathrm{p}</formula>
    <formula uri="http://libmeta.ru/me/formula/aux/1079_7_PETPAK">x</formula>
    <formula uri="http://libmeta.ru/me/formula/aux/1079_8_PETPAK">x</formula>
    <formula uri="http://libmeta.ru/me/formula/aux/1079_9_PETPAK">\mathrm{p}</formula>
    <formula uri="http://libmeta.ru/me/formula/aux/1079_10_PETPAK">x</formula>
    <formula uri="http://libmeta.ru/me/formula/aux/1079_11_PETPAK">f: X \rightarrow X</formula>
    <formula uri="http://libmeta.ru/me/formula/aux/1079_12_PETPAK">x \in X</formula>
    <formula uri="http://libmeta.ru/me/formula/aux/1079_13_PETPAK">f(x)=x</formula>
    <formula uri="http://libmeta.ru/me/formula/aux/1079_14_PETPAK">x</formula>
    <formula uri="http://libmeta.ru/me/formula/aux/1079_15_PETPAK">n</formula>
    <formula uri="http://libmeta.ru/me/formula/aux/1079_16_PETPAK">(n+1)</formula>
    <formula uri="http://libmeta.ru/me/formula/aux/1079_17_PETPAK">n=0,1, \ldots</formula>
    <formula uri="http://libmeta.ru/me/formula/aux/1079_18_PETPAK">a</formula>
    <formula uri="http://libmeta.ru/me/formula/aux/1079_19_PETPAK">x</formula>
    <formula uri="http://libmeta.ru/me/formula/aux/1079_20_PETPAK">x</formula>
    <formula uri="http://libmeta.ru/me/formula/aux/1079_21_PETPAK">a</formula>
    <formula uri="http://libmeta.ru/me/formula/aux/1079_22_PETPAK">a</formula>
    <formula uri="http://libmeta.ru/me/formula/aux/1079_23_PETPAK">a</formula>
    <formula uri="http://libmeta.ru/me/formula/aux/1079_24_PETPAK">x</formula>
    <formula uri="http://libmeta.ru/me/formula/aux/1079_25_PETPAK">a</formula>
    <formula uri="http://libmeta.ru/me/formula/aux/1079_26_PETPAK">y</formula>
    <formula uri="http://libmeta.ru/me/formula/aux/1079_27_PETPAK">x</formula>
    <formula uri="http://libmeta.ru/me/formula/aux/1079_28_PETPAK">y</formula>
    <formula uri="http://libmeta.ru/me/formula/aux/1079_29_PETPAK">x</formula>
    <formula uri="http://libmeta.ru/me/formula/aux/1079_30_PETPAK">\mathrm{p}</formula>
    <formula uri="http://libmeta.ru/me/formula/aux/1079_31_PETPAK">x</formula>
    <formula uri="http://libmeta.ru/me/formula/aux/1079_32_PETPAK">x</formula>
    <formula uri="http://libmeta.ru/me/formula/aux/1079_33_PETPAK">\mathrm{p}</formula>
    <formula uri="http://libmeta.ru/me/formula/aux/1079_34_PETPAK">x</formula>
    <formula uri="http://libmeta.ru/me/formula/aux/1079_35_PETPAK">\mathrm{p}</formula>
    <formula uri="http://libmeta.ru/me/formula/aux/1079_36_PETPAK">y</formula>
    <formula uri="http://libmeta.ru/me/formula/aux/1079_37_PETPAK">p</formula>
    <formula uri="http://libmeta.ru/me/formula/aux/1079_38_PETPAK">\mathscr{x}</formula>
    <formula uri="http://libmeta.ru/me/formula/aux/1079_39_PETPAK">a</formula>
    <formula uri="http://libmeta.ru/me/formula/aux/1079_40_PETPAK">a</formula>
    <formula uri="http://libmeta.ru/me/formula/aux/1079_41_PETPAK">y</formula>
    <formula uri="http://libmeta.ru/me/formula/aux/1079_42_PETPAK">x</formula>
    <formula uri="http://libmeta.ru/me/formula/aux/1079_43_PETPAK">y</formula>
    <formula uri="http://libmeta.ru/me/formula/aux/1079_44_PETPAK">x</formula>
    <formula uri="http://libmeta.ru/me/formula/aux/1079_45_PETPAK">a</formula>
    <formula uri="http://libmeta.ru/me/formula/aux/1079_46_PETPAK">x</formula>
    <formula uri="http://libmeta.ru/me/formula/aux/1079_47_PETPAK">a</formula>
    <formula uri="http://libmeta.ru/me/formula/aux/1079_48_PETPAK">\mathrm{p}</formula>
    <formula uri="http://libmeta.ru/me/formula/aux/1079_49_PETPAK">x</formula>
  </formulas_aux>
  <relations n="40">
    <relation uri="http://libmeta.ru/me/relation/1079_1_PETPAK">
      <rel_text>пространство</rel_text>
      <target>http://libmeta.ru/me/article/748_PROSTRANSTV</target>
    </relation>
    <relation uri="http://libmeta.ru/me/relation/1079_2_PETPAK">
      <rel_text>пространства</rel_text>
      <target>http://libmeta.ru/me/article/748_PROSTRANSTV</target>
    </relation>
    <relation uri="http://libmeta.ru/me/relation/1079_3_PETPAK">
      <rel_text>әквивалентных</rel_text>
      <target>http://libmeta.ru/me/article/1111_ӘKVIDISTANT</target>
    </relation>
    <relation uri="http://libmeta.ru/me/relation/1079_4_PETPAK">
      <rel_text>гомотопич</rel_text>
      <target>http://libmeta.ru/me/article/1134_GOMoLOGI</target>
    </relation>
    <relation uri="http://libmeta.ru/me/relation/1079_5_PETPAK">
      <rel_text>пространству</rel_text>
      <target>http://libmeta.ru/me/article/748_PROSTRANSTV</target>
    </relation>
    <relation uri="http://libmeta.ru/me/relation/1079_6_PETPAK">
      <rel_text>пространства</rel_text>
      <target>http://libmeta.ru/me/article/748_PROSTRANSTV</target>
    </relation>
    <relation uri="http://libmeta.ru/me/relation/1079_7_PETPAK">
      <rel_text>пространства</rel_text>
      <target>http://libmeta.ru/me/article/748_PROSTRANSTV</target>
    </relation>
    <relation uri="http://libmeta.ru/me/relation/1079_8_PETPAK">
      <rel_text>пространства</rel_text>
      <target>http://libmeta.ru/me/article/748_PROSTRANSTV</target>
    </relation>
    <relation uri="http://libmeta.ru/me/relation/1079_9_PETPAK">
      <rel_text>отображению</rel_text>
      <target>http://libmeta.ru/me/article/128_OTOBRAZhENI</target>
    </relation>
    <relation uri="http://libmeta.ru/me/relation/1079_10_PETPAK">
      <rel_text>гомотопна</rel_text>
      <target>http://libmeta.ru/me/article/1134_GOMoLOGI</target>
    </relation>
    <relation uri="http://libmeta.ru/me/relation/1079_11_PETPAK">
      <rel_text>пространства</rel_text>
      <target>http://libmeta.ru/me/article/748_PROSTRANSTV</target>
    </relation>
    <relation uri="http://libmeta.ru/me/relation/1079_12_PETPAK">
      <rel_text>ретракция</rel_text>
      <target>http://libmeta.ru/me/article/1080_RETRAKTsI</target>
    </relation>
    <relation uri="http://libmeta.ru/me/relation/1079_13_PETPAK">
      <rel_text>полиэдры</rel_text>
      <target>http://libmeta.ru/me/article/397_POLIKRU</target>
    </relation>
    <relation uri="http://libmeta.ru/me/relation/1079_14_PETPAK">
      <rel_text>компактные</rel_text>
      <target>http://libmeta.ru/me/article/1022_KOMPOZitsI</target>
    </relation>
    <relation uri="http://libmeta.ru/me/relation/1079_15_PETPAK">
      <rel_text>пространств</rel_text>
      <target>http://libmeta.ru/me/article/748_PROSTRANSTV</target>
    </relation>
    <relation uri="http://libmeta.ru/me/relation/1079_16_PETPAK">
      <rel_text>нормированных</rel_text>
      <target>http://libmeta.ru/me/article/1034_NORMALIZATO</target>
    </relation>
    <relation uri="http://libmeta.ru/me/relation/1079_17_PETPAK">
      <rel_text>подпространств линейных</rel_text>
      <target>http://libmeta.ru/me/article/360_LINEJOE</target>
    </relation>
    <relation uri="http://libmeta.ru/me/relation/1079_18_PETPAK">
      <rel_text>подмножеств</rel_text>
      <target>http://libmeta.ru/me/article/357_PODMATRITs</target>
    </relation>
    <relation uri="http://libmeta.ru/me/relation/1079_19_PETPAK">
      <rel_text>характеризуются</rel_text>
      <target>http://libmeta.ru/me/article/839_HARAKTERISTIK</target>
    </relation>
    <relation uri="http://libmeta.ru/me/relation/1079_20_PETPAK">
      <rel_text>пространства</rel_text>
      <target>http://libmeta.ru/me/article/748_PROSTRANSTV</target>
    </relation>
    <relation uri="http://libmeta.ru/me/relation/1079_21_PETPAK">
      <rel_text>отображения</rel_text>
      <target>http://libmeta.ru/me/article/128_OTOBRAZhENI</target>
    </relation>
    <relation uri="http://libmeta.ru/me/relation/1079_22_PETPAK">
      <rel_text>непрерывного</rel_text>
      <target>http://libmeta.ru/me/article/957_NEPRERYVNOST</target>
    </relation>
    <relation uri="http://libmeta.ru/me/relation/1079_23_PETPAK">
      <rel_text>пространства</rel_text>
      <target>http://libmeta.ru/me/article/748_PROSTRANSTV</target>
    </relation>
    <relation uri="http://libmeta.ru/me/relation/1079_24_PETPAK">
      <rel_text>непрерывное отображение</rel_text>
      <target>http://libmeta.ru/me/article/949_NEPRERYVNOE</target>
    </relation>
    <relation uri="http://libmeta.ru/me/relation/1079_25_PETPAK">
      <rel_text>метризуемое пространство</rel_text>
      <target>http://libmeta.ru/me/article/651_METRIZUEMOE</target>
    </relation>
    <relation uri="http://libmeta.ru/me/relation/1079_26_PETPAK">
      <rel_text>Метризуемое пространство</rel_text>
      <target>http://libmeta.ru/me/article/651_METRIZUEMOE</target>
    </relation>
    <relation uri="http://libmeta.ru/me/relation/1079_27_PETPAK">
      <rel_text>тривиальны</rel_text>
      <target>http://libmeta.ru/me/article/497_TRIVEKTO</target>
    </relation>
    <relation uri="http://libmeta.ru/me/relation/1079_28_PETPAK">
      <rel_text>группы</rel_text>
      <target>http://libmeta.ru/me/article/1207_GRUPІІ</target>
    </relation>
    <relation uri="http://libmeta.ru/me/relation/1079_29_PETPAK">
      <rel_text>когомотопич</rel_text>
      <target>http://libmeta.ru/me/article/939_KOGOMolOGI</target>
    </relation>
    <relation uri="http://libmeta.ru/me/relation/1079_30_PETPAK">
      <rel_text>когомологические</rel_text>
      <target>http://libmeta.ru/me/article/946_KOGOMOLOGIChESKA</target>
    </relation>
    <relation uri="http://libmeta.ru/me/relation/1079_31_PETPAK">
      <rel_text>характеристики</rel_text>
      <target>http://libmeta.ru/me/article/839_HARAKTERISTIK</target>
    </relation>
    <relation uri="http://libmeta.ru/me/relation/1079_32_PETPAK">
      <rel_text>отрезок</rel_text>
      <target>http://libmeta.ru/me/article/135_OTREZO</target>
    </relation>
    <relation uri="http://libmeta.ru/me/relation/1079_33_PETPAK">
      <rel_text>пространств</rel_text>
      <target>http://libmeta.ru/me/article/748_PROSTRANSTV</target>
    </relation>
    <relation uri="http://libmeta.ru/me/relation/1079_34_PETPAK">
      <rel_text>локально выпуклых</rel_text>
      <target>http://libmeta.ru/me/article/434_LOKAL'NO</target>
    </relation>
    <relation uri="http://libmeta.ru/me/relation/1079_35_PETPAK">
      <rel_text>линейного пространства</rel_text>
      <target>http://libmeta.ru/me/article/365_LINEJNOE</target>
    </relation>
    <relation uri="http://libmeta.ru/me/relation/1079_36_PETPAK">
      <rel_text>локально выпуклого</rel_text>
      <target>http://libmeta.ru/me/article/434_LOKAL'NO</target>
    </relation>
    <relation uri="http://libmeta.ru/me/relation/1079_37_PETPAK">
      <rel_text>нормированного пространства</rel_text>
      <target>http://libmeta.ru/me/article/1082_NORMIROVANNOE</target>
    </relation>
    <relation uri="http://libmeta.ru/me/relation/1079_38_PETPAK">
      <rel_text>метризуемое пространство</rel_text>
      <target>http://libmeta.ru/me/article/651_METRIZUEMOE</target>
    </relation>
    <relation uri="http://libmeta.ru/me/relation/1079_39_PETPAK">
      <rel_text>метризуемого пространства</rel_text>
      <target>http://libmeta.ru/me/article/651_METRIZUEMOE</target>
    </relation>
    <relation uri="http://libmeta.ru/me/relation/1079_40_PETPAK">
      <rel_text>Метризуемое пространство</rel_text>
      <target>http://libmeta.ru/me/article/651_METRIZUEMOE</target>
    </relation>
  </relations>
  <text>т о п о л о г ич е с к о г о п рос т р а нс т в a $URI[[http://libmeta.ru/me/formula/aux/1079_1_PETPAK]]/URI$ - подпространство $URI[[http://libmeta.ru/me/formula/aux/1079_2_PETPAK]]/URI$ этого пространства, для к-рого существует ретракция $URI[[http://libmeta.ru/me/formula/aux/1079_3_PETPAK]]/URI$ на $URI[[http://libmeta.ru/me/formula/aux/1079_4_PETPAK]]/URI$. Если пространство $URI[[http://libmeta.ru/me/formula/aux/1079_5_PETPAK]]/URI$ хаусдорфово, то всякий $URI[[http://libmeta.ru/me/formula/aux/1079_6_PETPAK]]/URI$. пространства $URI[[http://libmeta.ru/me/formula/aux/1079_7_PETPAK]]/URI$ замкнут в $URI[[http://libmeta.ru/me/formula/aux/1079_8_PETPAK]]/URI$. Всякое непустое замкнутое множество канторова совершенного множества является его Р. При переходе от пространства к его Р. сохраняются многие важные свойства. В частности, всякое свойство, сохраняющееся при переходе к непрерывному образу, равно как и любое свойство, наследуемое замкнутыми подпространствами, устойчиво относительно перехода к Р. Поэтому компактность, связность, линейная связность, сепарабельность, ограничение сверху на размерность, паракомпактность, нормальность, локальная компактность, локальная связность сохраняются при переходе к Р. В то же время Р. пространства может быть устроен гораздо проще его самого, более обозрим, более удобен для конкретного исследования. Так, одноточечное множество является $URI[[http://libmeta.ru/me/formula/aux/1079_9_PETPAK]]/URI$. отрезка, прямой, плоскости и т. д. Если пространство $URI[[http://libmeta.ru/me/formula/aux/1079_10_PETPAK]]/URI$ имеет с в о й с т в о н е Ii од в и ж н о й т о ч к и, т. е. для каждого непрерывного отображения $URI[[http://libmeta.ru/me/formula/aux/1079_11_PETPAK]]/URI$ существует точка $URI[[http://libmeta.ru/me/formula/aux/1079_12_PETPAK]]/URI$ такая, что $URI[[http://libmeta.ru/me/formula/aux/1079_13_PETPAK]]/URI$, то и каждый Р. пространства $URI[[http://libmeta.ru/me/formula/aux/1079_14_PETPAK]]/URI$ обладает свойством неподвижноӥ точки. В частности, $URI[[http://libmeta.ru/me/formula/aux/1079_15_PETPAK]]/URI$-мерная сфера не является P. $URI[[http://libmeta.ru/me/formula/aux/1079_16_PETPAK]]/URI$-мерного шара евклидова пространства, где $URI[[http://libmeta.ru/me/formula/aux/1079_17_PETPAK]]/URI$, так как замкнутый шар обладает свойством неподвижной точки (т е о р е м а Б р а у ә р а), а сфера этого свойства не имеет. Подпространство $URI[[http://libmeta.ru/me/formula/aux/1079_18_PETPAK]]/URI$ пространства $URI[[http://libmeta.ru/me/formula/aux/1079_19_PETPAK]]/URI$ наз. о к р е с т н о с тн ы м Р. этого пространства, если существует в $URI[[http://libmeta.ru/me/formula/aux/1079_20_PETPAK]]/URI$ открытое подпространство, содержащее $URI[[http://libmeta.ru/me/formula/aux/1079_21_PETPAK]]/URI$, ретрактом к-рого $URI[[http://libmeta.ru/me/formula/aux/1079_22_PETPAK]]/URI$ является. Понятие Р. имеет прямое отношение к вопросу о продолжаемости непрерывных отображений. Так, подпространство $URI[[http://libmeta.ru/me/formula/aux/1079_23_PETPAK]]/URI$ пространства $URI[[http://libmeta.ru/me/formula/aux/1079_24_PETPAK]]/URI$ является его Р. в том и только в том случае, если всякое непрерывное отображение пространства $URI[[http://libmeta.ru/me/formula/aux/1079_25_PETPAK]]/URI$ в произвольное топологич. пространство $URI[[http://libmeta.ru/me/formula/aux/1079_26_PETPAK]]/URI$ можно продолжить до непрерывного отображения всего пространства $URI[[http://libmeta.ru/me/formula/aux/1079_27_PETPAK]]/URI$ в $URI[[http://libmeta.ru/me/formula/aux/1079_28_PETPAK]]/URI$.

URI[[http://libmeta.ru/me/relation/1079_40_PETPAK]]/URI $URI[[http://libmeta.ru/me/formula/aux/1079_29_PETPAK]]/URI$ наз. а б с о л ю т ны м Р. (а б с о л т ты м о к р е с т о с т ны м Р.), если оно является $URI[[http://libmeta.ru/me/formula/aux/1079_30_PETPAK]]/URI$. (соответственно окрестностным P.) всякого URI[[http://libmeta.ru/me/relation/1079_39_PETPAK]]/URI, содержащего $URI[[http://libmeta.ru/me/formula/aux/1079_31_PETPAK]]/URI$ в качестве замкнутого подпространства. Для того чтобы URI[[http://libmeta.ru/me/relation/1079_38_PETPAK]]/URI $URI[[http://libmeta.ru/me/formula/aux/1079_32_PETPAK]]/URI$ было абсолютным $URI[[http://libmeta.ru/me/formula/aux/1079_33_PETPAK]]/URI$., необходимо, чтобы оно было Р. нек-рого выпуклого подпространства линейного URI[[http://libmeta.ru/me/relation/1079_37_PETPAK]]/URI, и достаточно, чтобы $URI[[http://libmeta.ru/me/formula/aux/1079_34_PETPAK]]/URI$ было Р. выпуклого подпространства URI[[http://libmeta.ru/me/relation/1079_36_PETPAK]]/URI URI[[http://libmeta.ru/me/relation/1079_35_PETPAK]]/URI.

Таким образом, все выпуклые подпространства URI[[http://libmeta.ru/me/relation/1079_34_PETPAK]]/URI линейных URI[[http://libmeta.ru/me/relation/1079_33_PETPAK]]/URI являются абсолютными Р.; в частности, таковы точка, URI[[http://libmeta.ru/me/relation/1079_32_PETPAK]]/URI, шар, прямая и т. Д. Из приведенной URI[[http://libmeta.ru/me/relation/1079_31_PETPAK]]/URI вытекают следующие свойства абсолютных Р. Всякий $URI[[http://libmeta.ru/me/formula/aux/1079_35_PETPAK]]/URI$. абсолютного Р. снова есть абсолютный Р. Каждый абсолютный Р. стягиваем по себе и локально стягиваем. Все гомологические, URI[[http://libmeta.ru/me/relation/1079_30_PETPAK]]/URI, гомотопические и URI[[http://libmeta.ru/me/relation/1079_29_PETPAK]]/URI. URI[[http://libmeta.ru/me/relation/1079_28_PETPAK]]/URI абсолютного Р. URI[[http://libmeta.ru/me/relation/1079_27_PETPAK]]/URI. URI[[http://libmeta.ru/me/relation/1079_26_PETPAK]]/URI $URI[[http://libmeta.ru/me/formula/aux/1079_36_PETPAK]]/URI$ является абсолютным $URI[[http://libmeta.ru/me/formula/aux/1079_37_PETPAK]]/URI$. в том и только в том случае, если, каковы бы ни были URI[[http://libmeta.ru/me/relation/1079_25_PETPAK]]/URI $URI[[http://libmeta.ru/me/formula/aux/1079_38_PETPAK]]/URI$, его замкнутое подпространство $URI[[http://libmeta.ru/me/formula/aux/1079_39_PETPAK]]/URI$ и URI[[http://libmeta.ru/me/relation/1079_24_PETPAK]]/URI URI[[http://libmeta.ru/me/relation/1079_23_PETPAK]]/URI $URI[[http://libmeta.ru/me/formula/aux/1079_40_PETPAK]]/URI$ в $URI[[http://libmeta.ru/me/formula/aux/1079_41_PETPAK]]/URI$, его можно продолжить до URI[[http://libmeta.ru/me/relation/1079_22_PETPAK]]/URI URI[[http://libmeta.ru/me/relation/1079_21_PETPAK]]/URI всего URI[[http://libmeta.ru/me/relation/1079_20_PETPAK]]/URI $URI[[http://libmeta.ru/me/formula/aux/1079_42_PETPAK]]/URI$ в $URI[[http://libmeta.ru/me/formula/aux/1079_43_PETPAK]]/URI$. Абсолютные окрестностные Р. URI[[http://libmeta.ru/me/relation/1079_19_PETPAK]]/URI как Р. открытых URI[[http://libmeta.ru/me/relation/1079_18_PETPAK]]/URI выпуклых URI[[http://libmeta.ru/me/relation/1079_17_PETPAK]]/URI URI[[http://libmeta.ru/me/relation/1079_16_PETPAK]]/URI URI[[http://libmeta.ru/me/relation/1079_15_PETPAK]]/URI. К их числу относятся все URI[[http://libmeta.ru/me/relation/1079_14_PETPAK]]/URI URI[[http://libmeta.ru/me/relation/1079_13_PETPAK]]/URI. Существенным их свойством является локальная стягиваемость.

Если URI[[http://libmeta.ru/me/relation/1079_12_PETPAK]]/URI URI[[http://libmeta.ru/me/relation/1079_11_PETPAK]]/URI $URI[[http://libmeta.ru/me/formula/aux/1079_44_PETPAK]]/URI$ на его подпространство $URI[[http://libmeta.ru/me/formula/aux/1079_45_PETPAK]]/URI$ URI[[http://libmeta.ru/me/relation/1079_10_PETPAK]]/URI тождественному URI[[http://libmeta.ru/me/relation/1079_9_PETPAK]]/URI URI[[http://libmeta.ru/me/relation/1079_8_PETPAK]]/URI $URI[[http://libmeta.ru/me/formula/aux/1079_46_PETPAK]]/URI$ на себя, то $URI[[http://libmeta.ru/me/formula/aux/1079_47_PETPAK]]/URI$ наз. д е ф о р м а ц и о н н ы м $URI[[http://libmeta.ru/me/formula/aux/1079_48_PETPAK]]/URI$. URI[[http://libmeta.ru/me/relation/1079_7_PETPAK]]/URI $URI[[http://libmeta.ru/me/formula/aux/1079_49_PETPAK]]/URI$. Деформационный Р. URI[[http://libmeta.ru/me/relation/1079_6_PETPAK]]/URI гомотопитески эквивалентен әтому URI[[http://libmeta.ru/me/relation/1079_5_PETPAK]]/URI, т. е. имеет с ним один и тот же URI[[http://libmeta.ru/me/relation/1079_4_PETPAK]]/URI. тип. Обратно, два гомотопически URI[[http://libmeta.ru/me/relation/1079_3_PETPAK]]/URI URI[[http://libmeta.ru/me/relation/1079_2_PETPAK]]/URI всегда можно вложить в нек-рое третье URI[[http://libmeta.ru/me/relation/1079_1_PETPAK]]/URI таким образом, что оба они будут его деформационными Р.</text>
  <text_orig>т о п о л о г ич е с к о г о п рос т р а нс т в a $X$ - подпространство $A$ этого пространства, для к-рого существует ретракция $X$ на $A$. Если пространство $X$ хаусдорфово, то всякий $\mathrm{P}$. пространства $X$ замкнут в $X$. Всякое непустое замкнутое множество канторова совершенного множества является его Р. При переходе от пространства к его Р. сохраняются многие важные свойства. В частности, всякое свойство, сохраняющееся при переходе к непрерывному образу, равно как и любое свойство, наследуемое замкнутыми подпространствами, устойчиво относительно перехода к Р. Поэтому компактность, связность, линейная связность, сепарабельность, ограничение сверху на размерность, паракомпактность, нормальность, локальная компактность, локальная связность сохраняются при переходе к Р. В то же время Р. пространства может быть устроен гораздо проще его самого, более обозрим, более удобен для конкретного исследования. Так, одноточечное множество является $\mathrm{P}$. отрезка, прямой, плоскости и т. д. Если пространство $X$ имеет с в о й с т в о н е II од в и ж н о й т о ч к и, т. е. для каждого непрерывного отображения $f: X \rightarrow X$ существует точка $x \in X$ такая, что $f(x)=x$, то и каждый Р. пространства $X$ обладает свойством неподвижноӥ точки. В частности, $n$-мерная сфера не является P. $(n+1)$-мерного шара евклидова пространства, где $n=0,1, \ldots$, так как замкнутый шар обладает свойством неподвижной точки (т е о р е м а Б р а у ә р а), а сфера этого свойства не имеет. Подпространство $A$ пространства $X$ наз. о к р е с т н о с тн ы м Р. этого пространства, если существует в $X$ открытое подпространство, содержащее $A$, ретрактом к-рого $A$ является. Понятие Р. имеет прямое отношение к вопросу о продолжаемости непрерывных отображений. Так, подпространство $A$ пространства $X$ является его Р. в том и только в том случае, если всякое непрерывное отображение пространства $A$ в произвольное топологич. пространство $Y$ можно продолжить до непрерывного отображения всего пространства $X$ в $Y$.

Метризуемое пространство $X$ наз. а б с о л ю т ны м Р. (а б с о л т ты м о к р е с т о с т ны м Р.), если оно является $\mathrm{P}$. (соответственно окрестностным P.) всякого метризуемого пространства, содержащего $X$ в качестве замкнутого подпространства. Для того чтобы метризуемое пространство $X$ было абсолютным $\mathrm{P}$., необходимо, чтобы оно было Р. нек-рого выпуклого подпространства линейного нормированного пространства, и достаточно, чтобы $X$ было Р. выпуклого подпространства локально выпуклого линейного пространства.

Таким образом, все выпуклые подпространства локально выпуклых линейных пространств являются абсолютными Р.; в частности, таковы точка, отрезок, шар, прямая и т. Д. Из приведенной характеристики вытекают следующие свойства абсолютных Р. Всякий $\mathrm{P}$. абсолютного Р. снова есть абсолютный Р. Каждый абсолютный Р. стягиваем по себе и локально стягиваем. Все гомологические, когомологические, гомотопические и когомотопич. группы абсолютного Р. тривиальны. Метризуемое пространство $Y$ является абсолютным $P$. в том и только в том случае, если, каковы бы ни были метризуемое пространство $\mathscr{X}$, его замкнутое подпространство $A$ и непрерывное отображение пространства $A$ в $Y$, его можно продолжить до непрерывного отображения всего пространства $X$ в $Y$. Абсолютные окрестностные Р. характеризуются как Р. открытых подмножеств выпуклых подпространств линейных нормированных пространств. К их числу относятся все компактные полиэдры. Существенным их свойством является локальная стягиваемость.

Если ретракция пространства $X$ на его подпространство $A$ гомотопна тождественному отображению пространства $X$ на себя, то $A$ наз. д е ф о р м а ц и о н н ы м $\mathrm{P}$. пространства $X$. Деформационный Р. пространства гомотопитески эквивалентен әтому пространству, т. е. имеет с ним один и тот же гомотопич. тип. Обратно, два гомотопически әквивалентных пространства всегда можно вложить в нек-рое третье пространство таким образом, что оба они будут его деформационными Р.

Лum.: [1] Б о р с у к К., Теория ретрактов, пер. с англ., M., 1971.

А. В. Архангельский.</text_orig>
</article>
