<?xml version="1.0" ?>
<article uri="http://libmeta.ru/me/article/1079_GIІІA" alphabetic_pos="1079">
  <title>ГИІІА РА КОНГРУӘНЫИЯ</title>
  <authors/>
  <pages>
    <start>507</start>
    <end>507</end>
  </pages>
  <literature>
    <literature_orig>Jum.: [1] Фи н и к о в С. П., Теория конгруәнций, М.Л., $1950 ;[2]$ Ii у л и ко в с к и й В. И., Классическая дифференциальная геометрия в тензорном изложении, М., 1963.</literature_orig>
    <unit>
      <author>Фиников С. П.</author>
      <title>Теория конгруәнций</title>
      <publication>М.Л.</publication>
      <year>1950</year>
      <other/>
    </unit>
    <unit>
      <author>$Iiуликовский В. И.</author>
      <title>Классическая дифференциальная геометрия в тензорном изложении</title>
      <publication>М.</publication>
      <year>1963</year>
      <other/>
    </unit>
  </literature>
  <formulas_main/>
  <formulas_aux>
    <formula uri="http://libmeta.ru/me/formula/aux/1079_1_GIІІA">\mathrm{p}</formula>
  </formulas_aux>
  <relations n="11">
    <relation uri="http://libmeta.ru/me/relation/1079_1_GIІІA">
      <rel_text>рассмотрел</rel_text>
      <target>http://libmeta.ru/me/article/973_RASSLOENI</target>
    </relation>
    <relation uri="http://libmeta.ru/me/relation/1079_2_GIІІA">
      <rel_text>поверхности</rel_text>
      <target>http://libmeta.ru/me/article/332_POVERHNOST</target>
    </relation>
    <relation uri="http://libmeta.ru/me/relation/1079_3_GIІІA">
      <rel_text>развертывающихся поверхностей</rel_text>
      <target>http://libmeta.ru/me/article/883_RAZVERTYVAJuSchAJaSJa</target>
    </relation>
    <relation uri="http://libmeta.ru/me/relation/1079_4_GIІІA">
      <rel_text>отображение</rel_text>
      <target>http://libmeta.ru/me/article/128_OTOBRAZhENI</target>
    </relation>
    <relation uri="http://libmeta.ru/me/relation/1079_5_GIІІA">
      <rel_text>Сферич</rel_text>
      <target>http://libmeta.ru/me/article/324_SFERI</target>
    </relation>
    <relation uri="http://libmeta.ru/me/relation/1079_6_GIІІA">
      <rel_text>фокальную сеть</rel_text>
      <target>http://libmeta.ru/me/article/724_FOKAL'NAJa</target>
    </relation>
    <relation uri="http://libmeta.ru/me/relation/1079_7_GIІІA">
      <rel_text>поверхности</rel_text>
      <target>http://libmeta.ru/me/article/332_POVERHNOST</target>
    </relation>
    <relation uri="http://libmeta.ru/me/relation/1079_8_GIІІA">
      <rel_text>поверхностей</rel_text>
      <target>http://libmeta.ru/me/article/332_POVERHNOST</target>
    </relation>
    <relation uri="http://libmeta.ru/me/relation/1079_9_GIІІA">
      <rel_text>поверхностей</rel_text>
      <target>http://libmeta.ru/me/article/332_POVERHNOST</target>
    </relation>
    <relation uri="http://libmeta.ru/me/relation/1079_10_GIІІA">
      <rel_text>кривизны</rel_text>
      <target>http://libmeta.ru/me/article/91_KRIVIZN</target>
    </relation>
    <relation uri="http://libmeta.ru/me/relation/1079_11_GIІІA">
      <rel_text>конгруэнция</rel_text>
      <target>http://libmeta.ru/me/article/1028_KONGRUENTsI</target>
    </relation>
  </relations>
  <text>к о н $URI[[http://libmeta.ru/me/formula/aux/1079_1_GIІІA]]/URI$ В. Н. Чугуева. URI[[http://libmeta.ru/me/relation/1079_11_GIІІA]]/URI прямых, у к-рых фокальные сети образованы линиями URI[[http://libmeta.ru/me/relation/1079_10_GIІІA]]/URI фокальных URI[[http://libmeta.ru/me/relation/1079_9_GIІІA]]/URI. Одна из URI[[http://libmeta.ru/me/relation/1079_8_GIІІA]]/URI центров каждой фокальной URI[[http://libmeta.ru/me/relation/1079_7_GIІІA]]/URI несет URI[[http://libmeta.ru/me/relation/1079_6_GIІІA]]/URI из геодезич. линий. URI[[http://libmeta.ru/me/relation/1079_5_GIІІA]]/URI. URI[[http://libmeta.ru/me/relation/1079_4_GIІІA]]/URI URI[[http://libmeta.ru/me/relation/1079_3_GIІІA]]/URI Г. к. является чебышевской сетью. Фокальные URI[[http://libmeta.ru/me/relation/1079_2_GIІІA]]/URI Г. к. наз. П о в е р х но с тя ми Г. к. наз. по имени К. Гишара (с. Guichard, 1889), к-рый впервые ее URI[[http://libmeta.ru/me/relation/1079_1_GIІІA]]/URI.</text>
  <text_orig>к о н $\mathrm{p}$ В. Н. Чугуева. конгруэнция прямых, у к-рых фокальные сети образованы линиями кривизны фокальных поверхностей. Одна из поверхностей центров каждой фокальной поверхности несет фокальную сеть из геодезич. линий. Сферич. отображение развертывающихся поверхностей Г. к. является чебышевской сетью. Фокальные поверхности Г. к. наз. П о в е р х но с тя ми Г. к. наз. по имени К. Гишара (С. Guichard, 1889), к-рый впервые ее рассмотрел.

Jum.: [1] Фи н и к о в С. П., Теория конгруәнций, М.Л., $1950 ;[2]$ II у л и ко в с к и й В. И., Классическая дифференциальная геометрия в тензорном изложении, М., 1963.</text_orig>
</article>
