<?xml version="1.0" ?>
<article uri="http://libmeta.ru/me/article/107_KRITIChESKAJa" alphabetic_pos="107">
  <title>КРИТИЧЕСКАЯ ФУНКЦИЯ</title>
  <authors/>
  <pages>
    <start>58</start>
    <end>58</end>
  </pages>
  <literature>
    <literature_orig>Лum.: [1] Л е м а н Э., Проверка статистических гипотез,</literature_orig>
    <unit>
      <author>Леман Э.</author>
      <title/>
      <publication/>
      <year/>
      <other>Проверка статистических гипотез</other>
    </unit>
  </literature>
  <formulas_main/>
  <formulas_aux>
    <formula uri="http://libmeta.ru/me/formula/aux/107_1_KRITIChESKAJa">x</formula>
    <formula uri="http://libmeta.ru/me/formula/aux/107_2_KRITIChESKAJa">\left\{p_{\theta}\right\}, \theta \in \Theta</formula>
    <formula uri="http://libmeta.ru/me/formula/aux/107_3_KRITIChESKAJa">h_{0}</formula>
    <formula uri="http://libmeta.ru/me/formula/aux/107_4_KRITIChESKAJa">\theta \in \Theta_{0} \subset \Theta</formula>
    <formula uri="http://libmeta.ru/me/formula/aux/107_5_KRITIChESKAJa">h_{1}: \quad \theta \in \Theta_{1}=\Theta \searrow \Theta_{0}</formula>
    <formula uri="http://libmeta.ru/me/formula/aux/107_6_KRITIChESKAJa">\mathfrak{a}</formula>
    <formula uri="http://libmeta.ru/me/formula/aux/107_7_KRITIChESKAJa">\varphi(\cdot)</formula>
    <formula uri="http://libmeta.ru/me/formula/aux/107_8_KRITIChESKAJa">0 \leqslant \varphi(x) \leqslant 1</formula>
    <formula uri="http://libmeta.ru/me/formula/aux/107_9_KRITIChESKAJa">x \in \mathscr{A}</formula>
    <formula uri="http://libmeta.ru/me/formula/aux/107_10_KRITIChESKAJa">h_{0}</formula>
    <formula uri="http://libmeta.ru/me/formula/aux/107_11_KRITIChESKAJa">\varphi(x)</formula>
    <formula uri="http://libmeta.ru/me/formula/aux/107_12_KRITIChESKAJa">x=x</formula>
    <formula uri="http://libmeta.ru/me/formula/aux/107_13_KRITIChESKAJa">1-\varphi(x)</formula>
    <formula uri="http://libmeta.ru/me/formula/aux/107_14_KRITIChESKAJa">\varphi(</formula>
    <formula uri="http://libmeta.ru/me/formula/aux/107_15_KRITIChESKAJa">) наз. К. ф. әтого критерия. При</formula>
    <formula uri="http://libmeta.ru/me/formula/aux/107_16_KRITIChESKAJa">k</formula>
    <formula uri="http://libmeta.ru/me/formula/aux/107_17_KRITIChESKAJa">k \in \mathfrak{B}</formula>
    <formula uri="http://libmeta.ru/me/formula/aux/107_18_KRITIChESKAJa">\varphi(x)=1</formula>
    <formula uri="http://libmeta.ru/me/formula/aux/107_19_KRITIChESKAJa">x \in K</formula>
    <formula uri="http://libmeta.ru/me/formula/aux/107_20_KRITIChESKAJa">\varphi(x)=0</formula>
    <formula uri="http://libmeta.ru/me/formula/aux/107_21_KRITIChESKAJa">x \notin K</formula>
  </formulas_aux>
  <relations n="12">
    <relation uri="http://libmeta.ru/me/relation/107_1_KRITIChESKAJa">
      <rel_text>множества</rel_text>
      <target>http://libmeta.ru/me/article/733_MNOZhESTV</target>
    </relation>
    <relation uri="http://libmeta.ru/me/relation/107_2_KRITIChESKAJa">
      <rel_text>функция</rel_text>
      <target>http://libmeta.ru/me/article/790_FUNKTO</target>
    </relation>
    <relation uri="http://libmeta.ru/me/relation/107_3_KRITIChESKAJa">
      <rel_text>результате</rel_text>
      <target>http://libmeta.ru/me/article/1046_REZUL'TAN</target>
    </relation>
    <relation uri="http://libmeta.ru/me/relation/107_4_KRITIChESKAJa">
      <rel_text>проверки гипотезы</rel_text>
      <target>http://libmeta.ru/me/article/196_attriSTATISTIChESKIH</target>
    </relation>
    <relation uri="http://libmeta.ru/me/relation/107_5_KRITIChESKAJa">
      <rel_text>измеримая функция</rel_text>
      <target>http://libmeta.ru/me/article/426_POLNOE</target>
    </relation>
    <relation uri="http://libmeta.ru/me/relation/107_6_KRITIChESKAJa">
      <rel_text>задана</rel_text>
      <target>http://libmeta.ru/me/article/10_ZAdAch</target>
    </relation>
    <relation uri="http://libmeta.ru/me/relation/107_7_KRITIChESKAJa">
      <rel_text>альтернативы</rel_text>
      <target>http://libmeta.ru/me/article/164_AL'TERNATIV</target>
    </relation>
    <relation uri="http://libmeta.ru/me/relation/107_8_KRITIChESKAJa">
      <rel_text>распределение</rel_text>
      <target>http://libmeta.ru/me/article/950_RASPREDELENI</target>
    </relation>
    <relation uri="http://libmeta.ru/me/relation/107_9_KRITIChESKAJa">
      <rel_text>случайная величина</rel_text>
      <target>http://libmeta.ru/me/article/1_SLUChAINAJa</target>
    </relation>
    <relation uri="http://libmeta.ru/me/relation/107_10_KRITIChESKAJa">
      <rel_text>результата</rel_text>
      <target>http://libmeta.ru/me/article/1046_REZUL'TAN</target>
    </relation>
    <relation uri="http://libmeta.ru/me/relation/107_11_KRITIChESKAJa">
      <rel_text>условные вероятности</rel_text>
      <target>http://libmeta.ru/me/article/614_USLOVNAJa</target>
    </relation>
    <relation uri="http://libmeta.ru/me/relation/107_12_KRITIChESKAJa">
      <rel_text>статистика</rel_text>
      <target>http://libmeta.ru/me/article/184_STATISTK</target>
    </relation>
  </relations>
  <text>URI[[http://libmeta.ru/me/relation/107_12_KRITIChESKAJa]]/URI, значения к-рой суть URI[[http://libmeta.ru/me/relation/107_11_KRITIChESKAJa]]/URI отклонения проверяемой гипотезы при заданном значении URI[[http://libmeta.ru/me/relation/107_10_KRITIChESKAJa]]/URI наблюдения. Пусть $URI[[http://libmeta.ru/me/formula/aux/107_1_KRITIChESKAJa]]/URI$ - URI[[http://libmeta.ru/me/relation/107_9_KRITIChESKAJa]]/URI, прини-

![](https://cdn.mathpix.com/cropped/2023_07_08_fdc13624fff8f1db30bbg-1.jpg?height=42&amp;width=821&amp;top_left_y=624&amp;top_left_x=989)
URI[[http://libmeta.ru/me/relation/107_8_KRITIChESKAJa]]/URI вероятностей к-рой принадлежит семейству $URI[[http://libmeta.ru/me/formula/aux/107_2_KRITIChESKAJa]]/URI$, п пусть проверяется гипотеза $URI[[http://libmeta.ru/me/formula/aux/107_3_KRITIChESKAJa]]/URI$ : $URI[[http://libmeta.ru/me/formula/aux/107_4_KRITIChESKAJa]]/URI$ против URI[[http://libmeta.ru/me/relation/107_7_KRITIChESKAJa]]/URI $URI[[http://libmeta.ru/me/formula/aux/107_5_KRITIChESKAJa]]/URI$. Далее, пусть на $URI[[http://libmeta.ru/me/formula/aux/107_6_KRITIChESKAJa]]/URI$ URI[[http://libmeta.ru/me/relation/107_6_KRITIChESKAJa]]/URI URI[[http://libmeta.ru/me/relation/107_5_KRITIChESKAJa]]/URI $URI[[http://libmeta.ru/me/formula/aux/107_7_KRITIChESKAJa]]/URI$ такая, что $URI[[http://libmeta.ru/me/formula/aux/107_8_KRITIChESKAJa]]/URI$ при всех $URI[[http://libmeta.ru/me/formula/aux/107_9_KRITIChESKAJa]]/URI$. Если для URI[[http://libmeta.ru/me/relation/107_4_KRITIChESKAJa]]/URI воспользоваться рандомизированным критерием, согласно к-рому гипотеза $URI[[http://libmeta.ru/me/formula/aux/107_10_KRITIChESKAJa]]/URI$ отвергается с вероятностью $URI[[http://libmeta.ru/me/formula/aux/107_11_KRITIChESKAJa]]/URI$, когда в URI[[http://libmeta.ru/me/relation/107_3_KRITIChESKAJa]]/URI эксперимента установлено, что $URI[[http://libmeta.ru/me/formula/aux/107_12_KRITIChESKAJa]]/URI$, и принимается с вероятностью $URI[[http://libmeta.ru/me/formula/aux/107_13_KRITIChESKAJa]]/URI$, то URI[[http://libmeta.ru/me/relation/107_2_KRITIChESKAJa]]/URI $URI[[http://libmeta.ru/me/formula/aux/107_14_KRITIChESKAJa]]/URI$.$URI[[http://libmeta.ru/me/formula/aux/107_15_KRITIChESKAJa]]/URI$ построении нерандомизированного критерия К. ф. выбирают так, чтобы она принимала только значения 0 и 1. В этом случае $URI[[http://libmeta.ru/me/formula/aux/107_16_KRITIChESKAJa]]/URI$. Ф. является индикатором нек-рого URI[[http://libmeta.ru/me/relation/107_1_KRITIChESKAJa]]/URI $URI[[http://libmeta.ru/me/formula/aux/107_17_KRITIChESKAJa]]/URI$, называемого гритической областью критерия, т. е. $URI[[http://libmeta.ru/me/formula/aux/107_18_KRITIChESKAJa]]/URI$ при $URI[[http://libmeta.ru/me/formula/aux/107_19_KRITIChESKAJa]]/URI$ п $URI[[http://libmeta.ru/me/formula/aux/107_20_KRITIChESKAJa]]/URI$ при $URI[[http://libmeta.ru/me/formula/aux/107_21_KRITIChESKAJa]]/URI$.</text>
  <text_orig>статистика, значения к-рой суть условные вероятности отклонения проверяемой гипотезы при заданном значении результата наблюдения. Пусть $X$ - случайная величина, прини-

![](https://cdn.mathpix.com/cropped/2023_07_08_fdc13624fff8f1db30bbg-1.jpg?height=42&amp;width=821&amp;top_left_y=624&amp;top_left_x=989)
распределение вероятностей к-рой принадлежит семейству $\left\{P_{\theta}\right\}, \theta \in \Theta$, п пусть проверяется гипотеза $H_{0}$ : $\theta \in \Theta_{0} \subset \Theta$ против альтернативы $H_{1}: \quad \theta \in \Theta_{1}=\Theta \searrow \Theta_{0}$. Далее, пусть на $\mathfrak{A}$ задана измеримая функция $\varphi(\cdot)$ такая, что $0 \leqslant \varphi(x) \leqslant 1$ при всех $x \in \mathscr{A}$. Если для проверки гипотезы воспользоваться рандомизированным критерием, согласно к-рому гипотеза $H_{0}$ отвергается с вероятностью $\varphi(x)$, когда в результате эксперимента установлено, что $X=x$, и принимается с вероятностью $1-\varphi(x)$, то функция $\varphi($.$) наз. К. ф. әтого критерия. При$ построении нерандомизированного критерия К. ф. выбирают так, чтобы она принимала только значения 0 и 1. В этом случае $K$. Ф. является индикатором нек-рого множества $K \in \mathfrak{B}$, называемого гритической областью критерия, т. е. $\varphi(x)=1$ при $x \in K$ п $\varphi(x)=0$ при $x \notin K$. Лum.: [1] Л е м а н Э., Проверка статистических гипотез,</text_orig>
</article>
