<?xml version="1.0" ?>
<article uri="http://libmeta.ru/me/article/107_OSTsILLJaTsIONNOE" alphabetic_pos="107">
  <title>ОСЦИЛЛЯЦИОННОЕ ЯДРО</title>
  <authors/>
  <pages>
    <start>71</start>
    <end>71</end>
  </pages>
  <literature>
    <literature_orig/>
  </literature>
  <formulas_main/>
  <formulas_aux>
    <formula uri="http://libmeta.ru/me/formula/aux/107_1_OSTsILLJaTsIONNOE">k(x, s)</formula>
    <formula uri="http://libmeta.ru/me/formula/aux/107_2_OSTsILLJaTsIONNOE">a \leqslant x, s \leqslant b</formula>
    <formula uri="http://libmeta.ru/me/formula/aux/107_3_OSTsILLJaTsIONNOE">x_{1}, . ., x_{n} \in</formula>
    <formula uri="http://libmeta.ru/me/formula/aux/107_4_OSTsILLJaTsIONNOE">\in[a, b]</formula>
    <formula uri="http://libmeta.ru/me/formula/aux/107_5_OSTsILLJaTsIONNOE">n=2</formula>
    <formula uri="http://libmeta.ru/me/formula/aux/107_6_OSTsILLJaTsIONNOE">\left\|k\left(x_{i}, x_{k}\right)\right\|_{1}^{n}</formula>
  </formulas_aux>
  <relations n="3">
    <relation uri="http://libmeta.ru/me/relation/107_1_OSTsILLJaTsIONNOE">
      <rel_text>осциллячионной матрицей</rel_text>
      <target>http://libmeta.ru/me/article/105_OSTsILLJaTsIONNAJa</target>
    </relation>
    <relation uri="http://libmeta.ru/me/relation/107_2_OSTsILLJaTsIONNOE">
      <rel_text>матрица</rel_text>
      <target>http://libmeta.ru/me/article/600_MATRITs</target>
    </relation>
    <relation uri="http://libmeta.ru/me/relation/107_3_OSTsILLJaTsIONNOE">
      <rel_text>функция</rel_text>
      <target>http://libmeta.ru/me/article/790_FUNKTO</target>
    </relation>
  </relations>
  <text>URI[[http://libmeta.ru/me/relation/107_3_OSTsILLJaTsIONNOE]]/URI $URI[[http://libmeta.ru/me/formula/aux/107_1_OSTsILLJaTsIONNOE]]/URI$, $URI[[http://libmeta.ru/me/formula/aux/107_2_OSTsILLJaTsIONNOE]]/URI$, такая, что для любых точек $URI[[http://libmeta.ru/me/formula/aux/107_3_OSTsILLJaTsIONNOE]]/URI$ $URI[[http://libmeta.ru/me/formula/aux/107_4_OSTsILLJaTsIONNOE]]/URI$, среди к-рых (при $URI[[http://libmeta.ru/me/formula/aux/107_5_OSTsILLJaTsIONNOE]]/URI$ ) имеется по крайней мере одна внутрөнняя, URI[[http://libmeta.ru/me/relation/107_2_OSTsILLJaTsIONNOE]]/URI $URI[[http://libmeta.ru/me/formula/aux/107_6_OSTsILLJaTsIONNOE]]/URI$ является URI[[http://libmeta.ru/me/relation/107_1_OSTsILLJaTsIONNOE]]/URI.</text>
  <text_orig>функция $K(x, s)$, $a \leqslant x, s \leqslant b$, такая, что для любых точек $x_{1}, . ., x_{n} \in$ $\in[a, b]$, среди к-рых (при $n=2$ ) имеется по крайней мере одна внутрөнняя, матрица $\left\|K\left(x_{i}, x_{k}\right)\right\|_{1}^{n}$ является осциллячионной матрицей.</text_orig>
</article>
