<?xml version="1.0" ?>
<article uri="http://libmeta.ru/me/article/107_SPEKTR" alphabetic_pos="107">
  <title>СПЕКТР $C^{*}$-АЛГЕБРЫ</title>
  <authors/>
  <pages>
    <start>51</start>
    <end>52</end>
  </pages>
  <literature>
    <literature_orig>Лит.: [1] Д и к с м ь е Ж., $c^{*}$-алгебры и их представления, пер. с франц., М., 1974.B. С. шульман.</literature_orig>
    <unit>
      <author>Диксмье Ж.</author>
      <title>$c^{*}$-алгебры и их представления</title>
      <publication>пер. с франц., М.</publication>
      <year>1974</year>
      <other/>
    </unit>
  </literature>
  <formulas_main/>
  <formulas_aux>
    <formula uri="http://libmeta.ru/me/formula/aux/107_1_SPEKTR">c^{*}</formula>
    <formula uri="http://libmeta.ru/me/formula/aux/107_2_SPEKTR">c^{*}</formula>
    <formula uri="http://libmeta.ru/me/formula/aux/107_3_SPEKTR">c^{*}</formula>
  </formulas_aux>
  <relations n="20">
    <relation uri="http://libmeta.ru/me/relation/107_1_SPEKTR">
      <rel_text>представлений</rel_text>
      <target>http://libmeta.ru/me/article/3_PREDSTAVLENI</target>
    </relation>
    <relation uri="http://libmeta.ru/me/relation/107_2_SPEKTR">
      <rel_text>неприводимых</rel_text>
      <target>http://libmeta.ru/me/article/957_NEPRERYVNOST</target>
    </relation>
    <relation uri="http://libmeta.ru/me/relation/107_3_SPEKTR">
      <rel_text>интегралы</rel_text>
      <target>http://libmeta.ru/me/article/583_INTEGRA</target>
    </relation>
    <relation uri="http://libmeta.ru/me/relation/107_4_SPEKTR">
      <rel_text>представлений</rel_text>
      <target>http://libmeta.ru/me/article/3_PREDSTAVLENI</target>
    </relation>
    <relation uri="http://libmeta.ru/me/relation/107_5_SPEKTR">
      <rel_text>спектр</rel_text>
      <target>http://libmeta.ru/me/article/105_SPEKT</target>
    </relation>
    <relation uri="http://libmeta.ru/me/relation/107_6_SPEKTR">
      <rel_text>пространству</rel_text>
      <target>http://libmeta.ru/me/article/748_PROSTRANSTV</target>
    </relation>
    <relation uri="http://libmeta.ru/me/relation/107_7_SPEKTR">
      <rel_text>гомеоморфен</rel_text>
      <target>http://libmeta.ru/me/article/1116_GOMEOMORFIZ</target>
    </relation>
    <relation uri="http://libmeta.ru/me/relation/107_8_SPEKTR">
      <rel_text>пространством</rel_text>
      <target>http://libmeta.ru/me/article/748_PROSTRANSTV</target>
    </relation>
    <relation uri="http://libmeta.ru/me/relation/107_9_SPEKTR">
      <rel_text>пространство</rel_text>
      <target>http://libmeta.ru/me/article/748_PROSTRANSTV</target>
    </relation>
    <relation uri="http://libmeta.ru/me/relation/107_10_SPEKTR">
      <rel_text>спектр</rel_text>
      <target>http://libmeta.ru/me/article/105_SPEKT</target>
    </relation>
    <relation uri="http://libmeta.ru/me/relation/107_11_SPEKTR">
      <rel_text>множества</rel_text>
      <target>http://libmeta.ru/me/article/733_MNOZhESTV</target>
    </relation>
    <relation uri="http://libmeta.ru/me/relation/107_12_SPEKTR">
      <rel_text>представлений</rel_text>
      <target>http://libmeta.ru/me/article/3_PREDSTAVLENI</target>
    </relation>
    <relation uri="http://libmeta.ru/me/relation/107_13_SPEKTR">
      <rel_text>пересечение</rel_text>
      <target>http://libmeta.ru/me/article/222_PEREGÓROD</target>
    </relation>
    <relation uri="http://libmeta.ru/me/relation/107_14_SPEKTR">
      <rel_text>представлений</rel_text>
      <target>http://libmeta.ru/me/article/3_PREDSTAVLENI</target>
    </relation>
    <relation uri="http://libmeta.ru/me/relation/107_15_SPEKTR">
      <rel_text>эквивалентности</rel_text>
      <target>http://libmeta.ru/me/article/1105_EKVIVALENTNOST</target>
    </relation>
    <relation uri="http://libmeta.ru/me/relation/107_16_SPEKTR">
      <rel_text>спектр</rel_text>
      <target>http://libmeta.ru/me/article/105_SPEKT</target>
    </relation>
    <relation uri="http://libmeta.ru/me/relation/107_17_SPEKTR">
      <rel_text>представлений</rel_text>
      <target>http://libmeta.ru/me/article/3_PREDSTAVLENI</target>
    </relation>
    <relation uri="http://libmeta.ru/me/relation/107_18_SPEKTR">
      <rel_text>неприводимых</rel_text>
      <target>http://libmeta.ru/me/article/957_NEPRERYVNOST</target>
    </relation>
    <relation uri="http://libmeta.ru/me/relation/107_19_SPEKTR">
      <rel_text>эквивалентности</rel_text>
      <target>http://libmeta.ru/me/article/1105_EKVIVALENTNOST</target>
    </relation>
    <relation uri="http://libmeta.ru/me/relation/107_20_SPEKTR">
      <rel_text>множество</rel_text>
      <target>http://libmeta.ru/me/article/733_MNOZhESTV</target>
    </relation>
  </relations>
  <text>URI[[http://libmeta.ru/me/relation/107_20_SPEKTR]]/URI классов унїтарной URI[[http://libmeta.ru/me/relation/107_19_SPEKTR]]/URI URI[[http://libmeta.ru/me/relation/107_18_SPEKTR]]/URI URI[[http://libmeta.ru/me/relation/107_17_SPEKTR]]/URI $URI[[http://libmeta.ru/me/formula/aux/107_1_SPEKTR]]/URI$-алгебры. В URI[[http://libmeta.ru/me/relation/107_16_SPEKTR]]/URI вводят топологию, считая замыканием любого подмножества совокупность всех (классов URI[[http://libmeta.ru/me/relation/107_15_SPEKTR]]/URI) URI[[http://libmeta.ru/me/relation/107_14_SPEKTR]]/URI, ядра к-рых содержат URI[[http://libmeta.ru/me/relation/107_13_SPEKTR]]/URI ядер всех URI[[http://libmeta.ru/me/relation/107_12_SPEKTR]]/URI этого URI[[http://libmeta.ru/me/relation/107_11_SPEKTR]]/URI. Для коммутативной $URI[[http://libmeta.ru/me/formula/aux/107_2_SPEKTR]]/URI$-алгебры URI[[http://libmeta.ru/me/relation/107_10_SPEKTR]]/URI гак топологич. URI[[http://libmeta.ru/me/relation/107_9_SPEKTR]]/URI совиадает с URI[[http://libmeta.ru/me/relation/107_8_SPEKTR]]/URI характеров (URI[[http://libmeta.ru/me/relation/107_7_SPEKTR]]/URI URI[[http://libmeta.ru/me/relation/107_6_SPEKTR]]/URI максимальных идеалов). В общем случае URI[[http://libmeta.ru/me/relation/107_5_SPEKTR]]/URI $URI[[http://libmeta.ru/me/formula/aux/107_3_SPEKTR]]/URI$-алгебры является базой разложения ее URI[[http://libmeta.ru/me/relation/107_4_SPEKTR]]/URI в прямые URI[[http://libmeta.ru/me/relation/107_3_SPEKTR]]/URI URI[[http://libmeta.ru/me/relation/107_2_SPEKTR]]/URI URI[[http://libmeta.ru/me/relation/107_1_SPEKTR]]/URI.</text>
  <text_orig>множество классов унїтарной эквивалентности неприводимых представлений $C^{*}$-алгебры. В спектр вводят топологию, считая замыканием любого подмножества совокупность всех (классов эквивалентности) представлений, ядра к-рых содержат пересечение ядер всех представлений этого множества. Для коммутативной $C^{*}$-алгебры спектр гак топологич. пространство совиадает с пространством характеров (гомеоморфен пространству максимальных идеалов). В общем случае спектр $C^{*}$-алгебры является базой разложения ее представлений в прямые интегралы неприводимых представлений.

Лит.: [1] Д и к с м ь е Ж., $C^{*}$-алгебры и их представления, пер. с франц., М., 1974.

B. С. шульман.</text_orig>
</article>
