<?xml version="1.0" ?>
<article uri="http://libmeta.ru/me/article/1080_RETRAKTsI" alphabetic_pos="1080">
  <title>РЕТРАКЦИЯ</title>
  <authors>
    <author>M$. И. Войцеховский</author>
  </authors>
  <pages>
    <start>489</start>
    <end>489</end>
  </pages>
  <literature>
    <literature_orig/>
  </literature>
  <formulas_main/>
  <formulas_aux>
    <formula uri="http://libmeta.ru/me/formula/aux/1080_1_RETRAKTsI"> топологич. пространства </formula>
    <formula uri="http://libmeta.ru/me/formula/aux/1080_2_RETRAKTsI"> на его подпространство </formula>
    <formula uri="http://libmeta.ru/me/formula/aux/1080_3_RETRAKTsI">, тождественное на </formula>
    <formula uri="http://libmeta.ru/me/formula/aux/1080_4_RETRAKTsI">, то есть такое, что </formula>
    <formula uri="http://libmeta.ru/me/formula/aux/1080_5_RETRAKTsI"> гри всех </formula>
    <formula uri="http://libmeta.ru/me/formula/aux/1080_6_RETRAKTsI">. </formula>
  </formulas_aux>
  <relations n="1">
    <relation uri="http://libmeta.ru/me/relation/1080_1_RETRAKTsI">
      <rel_text>непрерывное отображение</rel_text>
      <target>http://libmeta.ru/me/article/949_NEPRERYVNOE</target>
    </relation>
  </relations>
  <text>URI[[http://libmeta.ru/me/relation/1080_1_RETRAKTsI]]/URI #\mathrm{f}$URI[[http://libmeta.ru/me/formula/aux/1080_1_RETRAKTsI]]/URI$x$URI[[http://libmeta.ru/me/formula/aux/1080_2_RETRAKTsI]]/URI$a$URI[[http://libmeta.ru/me/formula/aux/1080_3_RETRAKTsI]]/URI$a$URI[[http://libmeta.ru/me/formula/aux/1080_4_RETRAKTsI]]/URI$f(x)=x$URI[[http://libmeta.ru/me/formula/aux/1080_5_RETRAKTsI]]/URI$x \in A$URI[[http://libmeta.ru/me/formula/aux/1080_6_RETRAKTsI]]/URI$\quad</text>
  <text_orig>непрерывное отображение $\mathrm{f}$ топологич. пространства $X$ на его подпространство $A$, тождественное на $A$, то есть такое, что $f(x)=x$ гри всех $x \in A$. $\quad M$. И. Войцеховский.</text_orig>
</article>
