<?xml version="1.0" ?>
<article uri="http://libmeta.ru/me/article/1080_GЈAVNAJa" alphabetic_pos="1080">
  <title>ГЈАВНАЯ КРИВИЗНА</title>
  <authors>
    <author>E. В. Шикин</author>
  </authors>
  <pages>
    <start>507</start>
    <end>508</end>
  </pages>
  <literature>
    <literature_orig/>
  </literature>
  <formulas_main>
    <formula uri="http://libmeta.ru/me/formula/main/1080_1_GЈAVNAJa">\left|\begin{array}{lc}L-k E &amp; M-k F \\M-k F &amp; N-k G\end{array}\right|=0</formula>
    <formula uri="http://libmeta.ru/me/formula/main/1080_2_GЈAVNAJa">k^{2}-2 H k+K=0,</formula>
    <formula uri="http://libmeta.ru/me/formula/main/1080_3_GЈAVNAJa">\tilde{k}=k_{1} \cos ^{2} \varphi+k_{2} \sin ^{2} \varphi</formula>
  </formulas_main>
  <formulas_aux>
    <formula uri="http://libmeta.ru/me/formula/aux/1080_1_GЈAVNAJa">k_{1}</formula>
    <formula uri="http://libmeta.ru/me/formula/aux/1080_2_GЈAVNAJa">k_{2}</formula>
    <formula uri="http://libmeta.ru/me/formula/aux/1080_3_GЈAVNAJa">e, F</formula>
    <formula uri="http://libmeta.ru/me/formula/aux/1080_4_GЈAVNAJa">g</formula>
    <formula uri="http://libmeta.ru/me/formula/aux/1080_5_GЈAVNAJa">l, M</formula>
    <formula uri="http://libmeta.ru/me/formula/aux/1080_6_GЈAVNAJa">n</formula>
    <formula uri="http://libmeta.ru/me/formula/aux/1080_7_GЈAVNAJa">k_{1}</formula>
    <formula uri="http://libmeta.ru/me/formula/aux/1080_8_GЈAVNAJa">k_{2}</formula>
    <formula uri="http://libmeta.ru/me/formula/aux/1080_9_GЈAVNAJa">h-</formula>
    <formula uri="http://libmeta.ru/me/formula/aux/1080_10_GЈAVNAJa">k-</formula>
    <formula uri="http://libmeta.ru/me/formula/aux/1080_11_GЈAVNAJa">k_{1}</formula>
    <formula uri="http://libmeta.ru/me/formula/aux/1080_12_GЈAVNAJa">k_{2}</formula>
    <formula uri="http://libmeta.ru/me/formula/aux/1080_13_GЈAVNAJa">\tilde{k}</formula>
    <formula uri="http://libmeta.ru/me/formula/aux/1080_14_GЈAVNAJa">\varphi</formula>
    <formula uri="http://libmeta.ru/me/formula/aux/1080_15_GЈAVNAJa">k_{1}</formula>
  </formulas_aux>
  <relations n="4">
    <relation uri="http://libmeta.ru/me/relation/1080_1_GЈAVNAJa">
      <rel_text>кривизны</rel_text>
      <target>http://libmeta.ru/me/article/91_KRIVIZN</target>
    </relation>
    <relation uri="http://libmeta.ru/me/relation/1080_2_GЈAVNAJa">
      <rel_text>произвольно</rel_text>
      <target>http://libmeta.ru/me/article/1045_PROIZVODNA</target>
    </relation>
    <relation uri="http://libmeta.ru/me/relation/1080_3_GЈAVNAJa">
      <rel_text>нормальной кривизной</rel_text>
      <target>http://libmeta.ru/me/article/1039_NORMAL'NAJa</target>
    </relation>
    <relation uri="http://libmeta.ru/me/relation/1080_4_GЈAVNAJa">
      <rel_text>связаны</rel_text>
      <target>http://libmeta.ru/me/article/1222_SVJaZK</target>
    </relation>
  </relations>
  <text>нормальная кривизна поверхности в главном направлении, т. е. в направлении, где она достигает своего әкстремального значения. Г. к. $URI[[http://libmeta.ru/me/formula/aux/1080_1_GЈAVNAJa]]/URI$ и $URI[[http://libmeta.ru/me/formula/aux/1080_2_GЈAVNAJa]]/URI$ являются корнями квадратного уравнения

\[
URI[[http://libmeta.ru/me/formula/main/1080_1_GЈAVNAJa]]/URI
\]

где $URI[[http://libmeta.ru/me/formula/aux/1080_3_GЈAVNAJa]]/URI$ и $URI[[http://libmeta.ru/me/formula/aux/1080_4_GЈAVNAJa]]/URI$ - коэффициенты первой квадратичной бормы, а $URI[[http://libmeta.ru/me/formula/aux/1080_5_GЈAVNAJa]]/URI$ И $URI[[http://libmeta.ru/me/formula/aux/1080_6_GЈAVNAJa]]/URI$ - второй квадратичной формы поверхности, вычисленные в данной точке.

Полусумма Г. к. $URI[[http://libmeta.ru/me/formula/aux/1080_7_GЈAVNAJa]]/URI$ и $URI[[http://libmeta.ru/me/formula/aux/1080_8_GЈAVNAJa]]/URI$ поверхности равна средней кривизне, а произведение - гауссовой кривизне поверхности. Уравнение (*) может быть запцсано в виде

\[
URI[[http://libmeta.ru/me/formula/main/1080_2_GЈAVNAJa]]/URI
\]

где $URI[[http://libmeta.ru/me/formula/aux/1080_9_GЈAVNAJa]]/URI$ средняя, $URI[[http://libmeta.ru/me/formula/aux/1080_10_GЈAVNAJa]]/URI$ полная кривизны поверхности в данной точке.

Г. к. $URI[[http://libmeta.ru/me/formula/aux/1080_11_GЈAVNAJa]]/URI$ и $URI[[http://libmeta.ru/me/formula/aux/1080_12_GЈAVNAJa]]/URI$ URI[[http://libmeta.ru/me/relation/1080_4_GЈAVNAJa]]/URI с URI[[http://libmeta.ru/me/relation/1080_3_GЈAVNAJa]]/URI $URI[[http://libmeta.ru/me/formula/aux/1080_13_GЈAVNAJa]]/URI$ в URI[[http://libmeta.ru/me/relation/1080_2_GЈAVNAJa]]/URI выбранном направлении ф о р м у ло й Э й л е р а:

\[
URI[[http://libmeta.ru/me/formula/main/1080_3_GЈAVNAJa]]/URI
\]

где $URI[[http://libmeta.ru/me/formula/aux/1080_14_GЈAVNAJa]]/URI$ - угол, образуемый выбранным направлением с главным направлением для URI[[http://libmeta.ru/me/relation/1080_1_GЈAVNAJa]]/URI $URI[[http://libmeta.ru/me/formula/aux/1080_15_GЈAVNAJa]]/URI$.</text>
  <text_orig>нормальная кривизна поверхности в главном направлении, т. е. в направлении, где она достигает своего әкстремального значения. Г. к. $k_{1}$ и $k_{2}$ являются корнями квадратного уравнения

\[
\left|\begin{array}{lc}
L-k E &amp; M-k F \\
M-k F &amp; N-k G
\end{array}\right|=0
\]

где $E, F$ и $G$ - коэффициенты первой квадратичной бормы, а $L, M$ И $N$ - второй квадратичной формы поверхности, вычисленные в данной точке.

Полусумма Г. к. $k_{1}$ и $k_{2}$ поверхности равна средней кривизне, а произведение - гауссовой кривизне поверхности. Уравнение (*) может быть запцсано в виде

\[
k^{2}-2 H k+K=0,
\]

где $H-$ средняя, $K-$ полная кривизны поверхности в данной точке.

Г. к. $k_{1}$ и $k_{2}$ связаны с нормальной кривизной $\tilde{k}$ в произвольно выбранном направлении ф о р м у ло й Э й л е р а:

\[
\tilde{k}=k_{1} \cos ^{2} \varphi+k_{2} \sin ^{2} \varphi
\]

где $\varphi$ - угол, образуемый выбранным направлением с главным направлением для кривизны $k_{1}$. E. В. Шикин.</text_orig>
</article>
