<?xml version="1.0" ?>
<article uri="http://libmeta.ru/me/article/1080_EJLEA" alphabetic_pos="1080">
  <title>ЭЙЛЕА ПРОИЗВЕДЕНЙЕ</title>
  <authors>
    <author>С. А. Степанов</author>
  </authors>
  <pages>
    <start>466</start>
    <end>466</end>
  </pages>
  <literature>
    <literature_orig/>
  </literature>
  <formulas_main>
    <formula uri="http://libmeta.ru/me/formula/main/1080_1_EJLEA">\prod_{p}\left(1-\frac{1}{p^{s}}\right)^{-1}</formula>
    <formula uri="http://libmeta.ru/me/formula/main/1080_2_EJLEA">\zeta(s)=\prod_{p}\left(1-\frac{1}{p^{s}}\right)^{-1}=\sum_{n=1}^{\infty} \frac{1}{n^{s}} .</formula>
  </formulas_main>
  <formulas_aux>
    <formula uri="http://libmeta.ru/me/formula/aux/1080_1_EJLEA">s</formula>
    <formula uri="http://libmeta.ru/me/formula/aux/1080_2_EJLEA">p</formula>
    <formula uri="http://libmeta.ru/me/formula/aux/1080_3_EJLEA">s&gt;1</formula>
    <formula uri="http://libmeta.ru/me/formula/aux/1080_4_EJLEA">s=\sigma+i t</formula>
    <formula uri="http://libmeta.ru/me/formula/aux/1080_5_EJLEA">\sigma&gt;1</formula>
  </formulas_aux>
  <relations n="7">
    <relation uri="http://libmeta.ru/me/relation/1080_1_EJLEA">
      <rel_text>дзета-функцию Римана</rel_text>
      <target>http://libmeta.ru/me/article/1097_RIMANA</target>
    </relation>
    <relation uri="http://libmeta.ru/me/relation/1080_2_EJLEA">
      <rel_text>задает</rel_text>
      <target>http://libmeta.ru/me/article/10_ZAdAch</target>
    </relation>
    <relation uri="http://libmeta.ru/me/relation/1080_3_EJLEA">
      <rel_text>комплексных</rel_text>
      <target>http://libmeta.ru/me/article/1005_KOMPAKTNOST</target>
    </relation>
    <relation uri="http://libmeta.ru/me/relation/1080_4_EJLEA">
      <rel_text>произведение</rel_text>
      <target>http://libmeta.ru/me/article/1045_PROIZVODNA</target>
    </relation>
    <relation uri="http://libmeta.ru/me/relation/1080_5_EJLEA">
      <rel_text>произведение</rel_text>
      <target>http://libmeta.ru/me/article/1045_PROIZVODNA</target>
    </relation>
    <relation uri="http://libmeta.ru/me/relation/1080_6_EJLEA">
      <rel_text>число</rel_text>
      <target>http://libmeta.ru/me/article/1009_ChISL</target>
    </relation>
    <relation uri="http://libmeta.ru/me/relation/1080_7_EJLEA">
      <rel_text>бесконечное произвдение</rel_text>
      <target>http://libmeta.ru/me/article/424_BESKONEChNOE</target>
    </relation>
  </relations>
  <text>URI[[http://libmeta.ru/me/relation/1080_7_EJLEA]]/URI вида

\[
URI[[http://libmeta.ru/me/formula/main/1080_1_EJLEA]]/URI
\]

где $URI[[http://libmeta.ru/me/formula/aux/1080_1_EJLEA]]/URI$ - действительное URI[[http://libmeta.ru/me/relation/1080_6_EJLEA]]/URI и $URI[[http://libmeta.ru/me/formula/aux/1080_2_EJLEA]]/URI$ пробегает все простые числа. Это URI[[http://libmeta.ru/me/relation/1080_5_EJLEA]]/URI абсолютно сходится при всех $URI[[http://libmeta.ru/me/formula/aux/1080_3_EJLEA]]/URI$. Аналогичное URI[[http://libmeta.ru/me/relation/1080_4_EJLEA]]/URI для URI[[http://libmeta.ru/me/relation/1080_3_EJLEA]]/URI чисел $URI[[http://libmeta.ru/me/formula/aux/1080_4_EJLEA]]/URI$ абсолютно сходится при $URI[[http://libmeta.ru/me/formula/aux/1080_5_EJLEA]]/URI$ и URI[[http://libmeta.ru/me/relation/1080_2_EJLEA]]/URI в этой области URI[[http://libmeta.ru/me/relation/1080_1_EJLEA]]/URI

\[
URI[[http://libmeta.ru/me/formula/main/1080_2_EJLEA]]/URI
\]</text>
  <text_orig>бесконечное произвдение вида

\[
\prod_{p}\left(1-\frac{1}{p^{s}}\right)^{-1}
\]

где $s$ - действительное число и $p$ пробегает все простые числа. Это произведение абсолютно сходится при всех $s&gt;1$. Аналогичное произведение для комплексных чисел $s=\sigma+i t$ абсолютно сходится при $\sigma&gt;1$ и задает в этой области дзета-функцию Римана

\[
\zeta(s)=\prod_{p}\left(1-\frac{1}{p^{s}}\right)^{-1}=\sum_{n=1}^{\infty} \frac{1}{n^{s}} .
\]

С. А. Степанов.</text_orig>
</article>
