<?xml version="1.0" ?>
<article uri="http://libmeta.ru/me/article/1081_ӘJLERA" alphabetic_pos="1081">
  <title>ӘЙЛЕРА ПРЯМАЯ</title>
  <authors/>
  <pages>
    <start>466</start>
    <end>467</end>
  </pages>
  <literature>
    <literature_orig/>
  </literature>
  <formulas_main>
    <formula uri="http://libmeta.ru/me/formula/main/1081_1_ӘJLERA">O H: S H=1: 2</formula>
  </formulas_main>
  <formulas_aux>
    <formula uri="http://libmeta.ru/me/formula/aux/1081_1_ӘJLERA">h</formula>
    <formula uri="http://libmeta.ru/me/formula/aux/1081_2_ӘJLERA">s</formula>
    <formula uri="http://libmeta.ru/me/formula/aux/1081_3_ӘJLERA">o</formula>
  </formulas_aux>
  <relations n="1">
    <relation uri="http://libmeta.ru/me/relation/1081_1_ӘJLERA">
      <rel_text>рассмотрена</rel_text>
      <target>http://libmeta.ru/me/article/973_RASSLOENI</target>
    </relation>
  </relations>
  <text>прямая, на к-рой лежат точка $URI[[http://libmeta.ru/me/formula/aux/1081_1_ӘJLERA]]/URI$ пересечения высот треугольника, точка $URI[[http://libmeta.ru/me/formula/aux/1081_2_ӘJLERA]]/URI$ пересечения медиан и точка $URI[[http://libmeta.ru/me/formula/aux/1081_3_ӘJLERA]]/URI$ - центр описанной окружности. Если Э. п. проходит через вершину треугольника, то треугольник либо равнобедренный, либо прямоугольный, либо прямоугольный равнобедренный. Для отрезков Э. п. выполняется соотношение:

\[
URI[[http://libmeta.ru/me/formula/main/1081_1_ӘJLERA]]/URI
\] Э. п. впервые была URI[[http://libmeta.ru/me/relation/1081_1_ӘJLERA]]/URI Л. Эйлером (l. Euler, 1765).</text>
  <text_orig>прямая, на к-рой лежат точка $H$ пересечения высот треугольника, точка $S$ пересечения медиан и точка $O$ - центр описанной окружности. Если Э. п. проходит через вершину треугольника, то треугольник либо равнобедренный, либо прямоугольный, либо прямоугольный равнобедренный. Для отрезков Э. п. выполняется соотношение:

\[
O H: S H=1: 2
\] Э. п. впервые была рассмотрена Л. Эйлером (L. Euler, 1765).</text_orig>
</article>
