<?xml version="1.0" ?>
<article uri="http://libmeta.ru/me/article/1081_NORMIROVANNOE" alphabetic_pos="1081">
  <title>НОРМИРОВАННОЕ ПОЛЕ</title>
  <authors/>
  <pages>
    <start>542</start>
    <end>542</end>
  </pages>
  <literature>
    <literature_orig/>
  </literature>
  <formulas_main/>
  <formulas_aux/>
  <relations n="2">
    <relation uri="http://libmeta.ru/me/relation/1081_1_NORMIROVANNOE">
      <rel_text>задано</rel_text>
      <target>http://libmeta.ru/me/article/10_ZAdAch</target>
    </relation>
    <relation uri="http://libmeta.ru/me/relation/1081_2_NORMIROVANNOE">
      <rel_text>поле</rel_text>
      <target>http://libmeta.ru/me/article/390_POL</target>
    </relation>
  </relations>
  <text>URI[[http://libmeta.ru/me/relation/1081_2_NORMIROVANNOE]]/URI, на к-ром URI[[http://libmeta.ru/me/relation/1081_1_NORMIROVANNOE]]/URI норлирование (см. также А бсолютное значение на теле).</text>
  <text_orig>поле, на к-ром задано норлирование (см. также А бсолютное значение на теле).</text_orig>
</article>
