<?xml version="1.0" ?>
<article uri="http://libmeta.ru/me/article/1081_REFA" alphabetic_pos="1081">
  <title>РЕФАЛ</title>
  <authors>
    <author>Ф. Турчин.В</author>
  </authors>
  <pages>
    <start>489</start>
    <end>490</end>
  </pages>
  <literature>
    <literature_orig>Лum.: [1] Т у р ч и н В. Ф., “кибернетика», 1968, № 4, с. $45-54 ;[2]$ Т у ч ч и н В. Ф., С е р д о б о л ь с к и й В.И.,«кибернетика&quot;, 1969 , № 3 , с. $58-62 ;[3] \Phi$ л о р н ц е в С. Н., “кибернетика&quot;, 1969 , № 3 , с. $58-62 ;[3] \Phi$ л о р е н ц е в С. Н.,О л ю н и н В. Ю., Т у р ч и н В. Ф., «тр. 1 Всесоюзн. конфео л ю н и н В. Ю., Т у р ч и н В. Ф., “тр. 1 Всесоюзн. конфе-ренции по программированию&quot;, К., 1968 , с. $114-33 ;$ [4] P oренции по программированию&quot;, К., 1968, с. $114-33 ;$ [4] P о-м а н е н к о С. А., Т у р ч и н В. Ф., «тр. $2-\bar{n}$ Всесоюзн. конференции по программированию&quot;, Новосиб., 1970, с. $31-42$; [5] Б у д н и к А. П. [и д р.], &quot;ядерная физика&quot;, 1971, т. 14, c. $304-13$ B.</literature_orig>
    <unit>
      <author>Турчин В. Ф.</author>
      <title>“кибернетика»</title>
      <publication/>
      <year>1968</year>
      <other>№ 4, с. $45-54</other>
    </unit>
    <unit>
      <author>$Туччин В. Ф.</author>
      <author>Сердобольский В. И.</author>
      <title>«кибернетика&quot;</title>
      <publication/>
      <year>1969</year>
      <other>№ 3, с. $58-62</other>
    </unit>
    <unit>
      <author>\Phi$лорнцев С. Н.</author>
      <title>“кибернетика&quot;</title>
      <publication/>
      <year>1969</year>
      <other>№ 3, с. $58-62 ;[3] \Phi$ л о р е н ц е в С. Н., О л ю н и н В. Ю., Т у р ч и н В. Ф., «тр. 1 Всесоюзн. конфео л ю н и н В. Ю., Т у р ч и н В. Ф., “тр. 1 Всесоюзн. конфе-ренции по программированию&quot;, К., 1968, с. $114-33 ;$</other>
    </unit>
    <unit>
      <title>P oренции по программированию&quot;, К.</title>
      <publication/>
      <year>1968</year>
      <other>с. $114-33 ;$ [4] P о-м а н е н к о С. А., Т у р ч и н В. Ф., «тр. $2-\bar{n}$ Всесоюзн. конференции по программированию&quot;, Новосиб., 1970, с. $31-42$</other>
    </unit>
    <unit>
      <title>Б у д н и к А. П. [и д р.], &quot;ядерная физика&quot;</title>
      <publication/>
      <year>1971</year>
      <other>т. 14, c. $304-13$ B.</other>
    </unit>
  </literature>
  <formulas_main/>
  <formulas_aux>
    <formula uri="http://libmeta.ru/me/formula/aux/1081_1_REFA">\mathrm{p}</formula>
    <formula uri="http://libmeta.ru/me/formula/aux/1081_2_REFA">\varphi</formula>
    <formula uri="http://libmeta.ru/me/formula/aux/1081_3_REFA">\boldsymbol{к} \varphi</formula>
    <formula uri="http://libmeta.ru/me/formula/aux/1081_4_REFA">\boldsymbol{k}</formula>
    <formula uri="http://libmeta.ru/me/formula/aux/1081_5_REFA">\boldsymbol{k}+(\boldsymbol{e} A)(0) \sqsubseteq \boldsymbol{E} A</formula>
    <formula uri="http://libmeta.ru/me/formula/aux/1081_6_REFA">\boldsymbol{k}+(\boldsymbol{e A})(\boldsymbol{E B 1}) \sqsupseteq \boldsymbol{K}+(\boldsymbol{E} A)(\boldsymbol{E} B) \perp 1</formula>
    <formula uri="http://libmeta.ru/me/formula/aux/1081_7_REFA">\boldsymbol{e} A</formula>
    <formula uri="http://libmeta.ru/me/formula/aux/1081_8_REFA">\boldsymbol{e} B</formula>
    <formula uri="http://libmeta.ru/me/formula/aux/1081_9_REFA">\boldsymbol{k}</formula>
  </formulas_aux>
  <relations n="13">
    <relation uri="http://libmeta.ru/me/relation/1081_1_REFA">
      <rel_text>трансляторы</rel_text>
      <target>http://libmeta.ru/me/article/458_TRANSVEKTsI</target>
    </relation>
    <relation uri="http://libmeta.ru/me/relation/1081_2_REFA">
      <rel_text>программ</rel_text>
      <target>http://libmeta.ru/me/article/667_PROGRAMM</target>
    </relation>
    <relation uri="http://libmeta.ru/me/relation/1081_3_REFA">
      <rel_text>объект</rel_text>
      <target>http://libmeta.ru/me/article/1156_OB'EK</target>
    </relation>
    <relation uri="http://libmeta.ru/me/relation/1081_4_REFA">
      <rel_text>предложения</rel_text>
      <target>http://libmeta.ru/me/article/606_PREDPORJaDO</target>
    </relation>
    <relation uri="http://libmeta.ru/me/relation/1081_5_REFA">
      <rel_text>функции</rel_text>
      <target>http://libmeta.ru/me/article/790_FUNKTO</target>
    </relation>
    <relation uri="http://libmeta.ru/me/relation/1081_6_REFA">
      <rel_text>вычисления</rel_text>
      <target>http://libmeta.ru/me/article/894_VYChITANI</target>
    </relation>
    <relation uri="http://libmeta.ru/me/relation/1081_7_REFA">
      <rel_text>свободные переменные</rel_text>
      <target>http://libmeta.ru/me/article/1206_SVOBODNAJa</target>
    </relation>
    <relation uri="http://libmeta.ru/me/relation/1081_8_REFA">
      <rel_text>предложения</rel_text>
      <target>http://libmeta.ru/me/article/606_PREDPORJaDO</target>
    </relation>
    <relation uri="http://libmeta.ru/me/relation/1081_9_REFA">
      <rel_text>предложения</rel_text>
      <target>http://libmeta.ru/me/article/606_PREDPORJaDO</target>
    </relation>
    <relation uri="http://libmeta.ru/me/relation/1081_10_REFA">
      <rel_text>свободных переменных</rel_text>
      <target>http://libmeta.ru/me/article/1206_SVOBODNAJa</target>
    </relation>
    <relation uri="http://libmeta.ru/me/relation/1081_11_REFA">
      <rel_text>предложения</rel_text>
      <target>http://libmeta.ru/me/article/606_PREDPORJaDO</target>
    </relation>
    <relation uri="http://libmeta.ru/me/relation/1081_12_REFA">
      <rel_text>свободные переменные</rel_text>
      <target>http://libmeta.ru/me/article/1206_SVOBODNAJa</target>
    </relation>
    <relation uri="http://libmeta.ru/me/relation/1081_13_REFA">
      <rel_text>Предложение</rel_text>
      <target>http://libmeta.ru/me/article/606_PREDPORJaDO</target>
    </relation>
  </relations>
  <text>а Јi г о р и т м Ii ч е с к Ii й я 3 Ы к у р с и в н ориентированный на задачи преобразования символьной информации; в первоначальном варианте назывался «метаалгоритмическим языком» (см. [1]). Р. был создан как универсальный метаязык для описания преобразований языковых объектов. Он используется для трансляции с одного алгоритмич. языка на другой, для машинного выполнения аналитич. выкладок, доказательства теорем, перевода с естественных языков и т. П.

Запись алгоритма на $URI[[http://libmeta.ru/me/formula/aux/1081_1_REFA]]/URI$. представляет описание нек-рого числа рекурсивных функций на множестве в ыр а ж е и й (т. е. последовательностей символов и скобок), правильно построенных (в обычном смысле) относительно скобок. Значение функции $URI[[http://libmeta.ru/me/formula/aux/1081_2_REFA]]/URI$ при аргументе £ изображается на Р. в виде $URI[[http://libmeta.ru/me/formula/aux/1081_3_REFA]]/URI$ зн а к к о н к р е т и а ц и и, служащий для явного указания на необходимость вычисления значения функции, а символ - означает закрывающую скобку для $URI[[http://libmeta.ru/me/formula/aux/1081_4_REFA]]/URI$. Описание функции распадается на несколько предложений (п р а в и л к о н к р е т и 3 а ц и и), относящихся к случаям, когда аргумент имеет тот или иной частный вид. Напр., функция сложения в рекурсивной арифометике описывается на Р. двумя предложениями:

1) $URI[[http://libmeta.ru/me/formula/aux/1081_5_REFA]]/URI$,

2) $URI[[http://libmeta.ru/me/formula/aux/1081_6_REFA]]/URI$.

URI[[http://libmeta.ru/me/relation/1081_13_REFA]]/URI состоит из левой и правой частей, разделяемых знаком д, и может включать URI[[http://libmeta.ru/me/relation/1081_12_REFA]]/URI (в примере әто - $URI[[http://libmeta.ru/me/formula/aux/1081_7_REFA]]/URI$ и $URI[[http://libmeta.ru/me/formula/aux/1081_8_REFA]]/URI$ ). Оно считается применимым для конкретизации выражения вида Кчб -, если это последнее может быть отождествлено с левой частью URI[[http://libmeta.ru/me/relation/1081_11_REFA]]/URI при нек-рых значениях входящих в нее URI[[http://libmeta.ru/me/relation/1081_10_REFA]]/URI. Применение URI[[http://libmeta.ru/me/relation/1081_9_REFA]]/URI состоит в замене конкретизируемого выражения на правую часть URI[[http://libmeta.ru/me/relation/1081_8_REFA]]/URI, в к-рой URI[[http://libmeta.ru/me/relation/1081_7_REFA]]/URI замецены их значениями. Для URI[[http://libmeta.ru/me/relation/1081_6_REFA]]/URI значения URI[[http://libmeta.ru/me/relation/1081_5_REFA]]/URI URI[[http://libmeta.ru/me/relation/1081_4_REFA]]/URI рассматриваются последовательно, и применяется первое из них, оказавшееся подходящим. Этот процесс повторяется, пока в URI[[http://libmeta.ru/me/relation/1081_3_REFA]]/URI работы входят знаки $URI[[http://libmeta.ru/me/formula/aux/1081_9_REFA]]/URI$.

Для реализации URI[[http://libmeta.ru/me/relation/1081_2_REFA]]/URI на Р . разработаны әффективные URI[[http://libmeta.ru/me/relation/1081_1_REFA]]/URI (см. [3], [4]; пример использования Р. для мапинного выполнения выкладок в теоретич. фиизике см. в [5]).</text>
  <text_orig>а ЈI г о р и т м II ч е с к II й я 3 Ы к у р с и в н ориентированный на задачи преобразования символьной информации; в первоначальном варианте назывался «метаалгоритмическим языком» (см. [1]). Р. был создан как универсальный метаязык для описания преобразований языковых объектов. Он используется для трансляции с одного алгоритмич. языка на другой, для машинного выполнения аналитич. выкладок, доказательства теорем, перевода с естественных языков и т. П.

Запись алгоритма на $\mathrm{P}$. представляет описание нек-рого числа рекурсивных функций на множестве в ыр а ж е и й (т. е. последовательностей символов и скобок), правильно построенных (в обычном смысле) относительно скобок. Значение функции $\varphi$ при аргументе £ изображается на Р. в виде $\boldsymbol{К} \varphi$ зн а к к о н к р е т и а ц и и, служащий для явного указания на необходимость вычисления значения функции, а символ - означает закрывающую скобку для $\boldsymbol{K}$. Описание функции распадается на несколько предложений (п р а в и л к о н к р е т и 3 а ц и и), относящихся к случаям, когда аргумент имеет тот или иной частный вид. Напр., функция сложения в рекурсивной арифометике описывается на Р. двумя предложениями:

1) $\boldsymbol{K}+(\boldsymbol{E} A)(0) \sqsubseteq \boldsymbol{E} A$,

2) $\boldsymbol{K}+(\boldsymbol{E A})(\boldsymbol{E B 1}) \sqsupseteq \boldsymbol{K}+(\boldsymbol{E} A)(\boldsymbol{E} B) \perp 1$.

Предложение состоит из левой и правой частей, разделяемых знаком д, и может включать свободные переменные (в примере әто - $\boldsymbol{E} A$ и $\boldsymbol{E} B$ ). Оно считается применимым для конкретизации выражения вида Кчб -, если это последнее может быть отождествлено с левой частью предложения при нек-рых значениях входящих в нее свободных переменных. Применение предложения состоит в замене конкретизируемого выражения на правую часть предложения, в к-рой свободные переменные замецены их значениями. Для вычисления значения функции предложения рассматриваются последовательно, и применяется первое из них, оказавшееся подходящим. Этот процесс повторяется, пока в объект работы входят знаки $\boldsymbol{K}$.

Для реализации программ на Р . разработаны әффективные трансляторы (см. [3], [4]; пример использования Р. для мапинного выполнения выкладок в теоретич. фиизике см. в [5]).

Лum.: [1] Т у р ч и н В. Ф., “Кибернетика», 1968, № 4, с. $45-54 ;[2]$ Т у ч ч и н В. Ф., С е р д о б о л ь с к и й В.И.,
«Кибернетика&quot;, 1969 , № 3 , с. $58-62 ;[3] \Phi$ л о р н ц е в С. Н., “Кибернетика&quot;, 1969 , № 3 , с. $58-62 ;[3] \Phi$ л о р е н ц е в С. Н.,
О л ю н и н В. Ю., Т у р ч и н В. Ф., «Тр. 1 Всесоюзн. конфеО л ю н и н В. Ю., Т у р ч и н В. Ф., “Тр. 1 Всесоюзн. конфе-
ренции по программированию&quot;, К., 1968 , с. $114-33 ;$ [4] P oренции по программированию&quot;, К., 1968, с. $114-33 ;$ [4] P о-
м а н е н к о С. А., Т у р ч и н В. Ф., «Тр. $2-\bar{n}$ Всесоюзн. конференции по программированию&quot;, Новосиб., 1970, с. $31-42$; [5] Б у д н и к А. П. [и д р.], &quot;Ядерная физика&quot;, 1971, т. 14, c. $304-13$ B. Ф. Турчин.
В.</text_orig>
</article>
