<?xml version="1.0" ?>
<article uri="http://libmeta.ru/me/article/1081_GLAVNAJa" alphabetic_pos="1081">
  <title>ГЛАВНАЯ НОРМАЈІЬ</title>
  <authors/>
  <pages>
    <start>508</start>
    <end>508</end>
  </pages>
  <literature>
    <literature_orig/>
  </literature>
  <formulas_main>
    <formula uri="http://libmeta.ru/me/formula/main/1081_1_GLAVNAJa">\boldsymbol{r}=\boldsymbol{r}\left(t_{0}\right)+\lambda \boldsymbol{r}^{\prime \prime}\left(t_{0}\right)</formula>
  </formulas_main>
  <formulas_aux>
    <formula uri="http://libmeta.ru/me/formula/aux/1081_1_GLAVNAJa">m_{0}</formula>
    <formula uri="http://libmeta.ru/me/formula/aux/1081_2_GLAVNAJa">l</formula>
    <formula uri="http://libmeta.ru/me/formula/aux/1081_3_GLAVNAJa">l</formula>
    <formula uri="http://libmeta.ru/me/formula/aux/1081_4_GLAVNAJa">m_{0}</formula>
    <formula uri="http://libmeta.ru/me/formula/aux/1081_5_GLAVNAJa">\boldsymbol{r}=\boldsymbol{r}(t)-</formula>
    <formula uri="http://libmeta.ru/me/formula/aux/1081_6_GLAVNAJa">t_{0}</formula>
    <formula uri="http://libmeta.ru/me/formula/aux/1081_7_GLAVNAJa">m_{0}</formula>
    <formula uri="http://libmeta.ru/me/formula/aux/1081_8_GLAVNAJa">\gamma</formula>
  </formulas_aux>
  <relations n="10">
    <relation uri="http://libmeta.ru/me/relation/1081_1_GLAVNAJa">
      <rel_text>вид</rel_text>
      <target>http://libmeta.ru/me/article/708_VI</target>
    </relation>
    <relation uri="http://libmeta.ru/me/relation/1081_2_GLAVNAJa">
      <rel_text>уравнение</rel_text>
      <target>http://libmeta.ru/me/article/106_URAVNENI</target>
    </relation>
    <relation uri="http://libmeta.ru/me/relation/1081_3_GLAVNAJa">
      <rel_text>параметра</rel_text>
      <target>http://libmeta.ru/me/article/154_PARABOL</target>
    </relation>
    <relation uri="http://libmeta.ru/me/relation/1081_4_GLAVNAJa">
      <rel_text>кривой</rel_text>
      <target>http://libmeta.ru/me/article/90_KRIVA</target>
    </relation>
    <relation uri="http://libmeta.ru/me/relation/1081_5_GLAVNAJa">
      <rel_text>уравнение</rel_text>
      <target>http://libmeta.ru/me/article/106_URAVNENI</target>
    </relation>
    <relation uri="http://libmeta.ru/me/relation/1081_6_GLAVNAJa">
      <rel_text>параметрич</rel_text>
      <target>http://libmeta.ru/me/article/165_PARABOLOI</target>
    </relation>
    <relation uri="http://libmeta.ru/me/relation/1081_7_GLAVNAJa">
      <rel_text>соприкасающейся</rel_text>
      <target>http://libmeta.ru/me/article/79_SOPRIKOSNOVENI</target>
    </relation>
    <relation uri="http://libmeta.ru/me/relation/1081_8_GLAVNAJa">
      <rel_text>кривой</rel_text>
      <target>http://libmeta.ru/me/article/90_KRIVA</target>
    </relation>
    <relation uri="http://libmeta.ru/me/relation/1081_9_GLAVNAJa">
      <rel_text>кривой</rel_text>
      <target>http://libmeta.ru/me/article/90_KRIVA</target>
    </relation>
    <relation uri="http://libmeta.ru/me/relation/1081_10_GLAVNAJa">
      <rel_text>нормаль</rel_text>
      <target>http://libmeta.ru/me/article/1037_NORMAL</target>
    </relation>
  </relations>
  <text>URI[[http://libmeta.ru/me/relation/1081_10_GLAVNAJa]]/URI к URI[[http://libmeta.ru/me/relation/1081_9_GLAVNAJa]]/URI, проходящая через точку $URI[[http://libmeta.ru/me/formula/aux/1081_1_GLAVNAJa]]/URI$ URI[[http://libmeta.ru/me/relation/1081_8_GLAVNAJa]]/URI $URI[[http://libmeta.ru/me/formula/aux/1081_2_GLAVNAJa]]/URI$ и лежащая в URI[[http://libmeta.ru/me/relation/1081_7_GLAVNAJa]]/URI плоскости к $URI[[http://libmeta.ru/me/formula/aux/1081_3_GLAVNAJa]]/URI$ в точке $URI[[http://libmeta.ru/me/formula/aux/1081_4_GLAVNAJa]]/URI$. Если $URI[[http://libmeta.ru/me/formula/aux/1081_5_GLAVNAJa]]/URI$ URI[[http://libmeta.ru/me/relation/1081_6_GLAVNAJa]]/URI. URI[[http://libmeta.ru/me/relation/1081_5_GLAVNAJa]]/URI URI[[http://libmeta.ru/me/relation/1081_4_GLAVNAJa]]/URI и значение URI[[http://libmeta.ru/me/relation/1081_3_GLAVNAJa]]/URI $URI[[http://libmeta.ru/me/formula/aux/1081_6_GLAVNAJa]]/URI$ соответствует точке $URI[[http://libmeta.ru/me/formula/aux/1081_7_GLAVNAJa]]/URI$, то URI[[http://libmeta.ru/me/relation/1081_2_GLAVNAJa]]/URI $URI[[http://libmeta.ru/me/formula/aux/1081_8_GLAVNAJa]]/URI$. н. в векторной форме имеет URI[[http://libmeta.ru/me/relation/1081_1_GLAVNAJa]]/URI:

\[
URI[[http://libmeta.ru/me/formula/main/1081_1_GLAVNAJa]]/URI
\]</text>
  <text_orig>нормаль к кривой, проходящая через точку $M_{0}$ кривой $L$ и лежащая в соприкасающейся плоскости к $L$ в точке $M_{0}$. Если $\boldsymbol{r}=\boldsymbol{r}(t)-$ параметрич. уравнение кривой и значение параметра $t_{0}$ соответствует точке $M_{0}$, то уравнение $\Gamma$. н. в векторной форме имеет вид:

\[
\boldsymbol{r}=\boldsymbol{r}\left(t_{0}\right)+\lambda \boldsymbol{r}^{\prime \prime}\left(t_{0}\right)
\]</text_orig>
</article>
