<?xml version="1.0" ?>
<article uri="http://libmeta.ru/me/article/1082_NORMIROVANNOE" alphabetic_pos="1082">
  <title>НОРМИРОВАННОЕ ПРОСТРАНСТВО</title>
  <authors>
    <author>E. А. Горин</author>
  </authors>
  <pages>
    <start>542</start>
    <end>542</end>
  </pages>
  <literature>
    <literature_orig/>
  </literature>
  <formulas_main/>
  <formulas_aux/>
  <relations n="2">
    <relation uri="http://libmeta.ru/me/relation/1082_1_NORMIROVANNOE">
      <rel_text>комплексных</rel_text>
      <target>http://libmeta.ru/me/article/1005_KOMPAKTNOST</target>
    </relation>
    <relation uri="http://libmeta.ru/me/relation/1082_2_NORMIROVANNOE">
      <rel_text>векторное пространство</rel_text>
      <target>http://libmeta.ru/me/article/657_VEKTORNOE</target>
    </relation>
  </relations>
  <text>URI[[http://libmeta.ru/me/relation/1082_2_NORMIROVANNOE]]/URI над полем действительных и URI[[http://libmeta.ru/me/relation/1082_1_NORMIROVANNOE]]/URI чисел с отмеченной нор.иой.</text>
  <text_orig>векторное пространство над полем действительных и комплексных чисел с отмеченной нор.иой.

E. А. Горин.</text_orig>
</article>
