<?xml version="1.0" ?>
<article uri="http://libmeta.ru/me/article/1082_REFLEKSIVNOE" alphabetic_pos="1082">
  <title>РЕФЛЕКСИВНОЕ ПРОСТРАНСТВО</title>
  <authors/>
  <pages>
    <start>490</start>
    <end>490</end>
  </pages>
  <literature>
    <literature_orig>Лит.: [1] Д а н ф о р д Н., Ш в а р ц Д ж., Линейные операторы, ч. 1 - Общая теория, пер. с англ., М., 1962; [2] И ос и Да К., Функциональный анализ, пер. с англ., М., 1967 โ3] К а н т о р о в и ч Л. В., А к и л о в Г. П., Функциональ-ный анализ, 2 изд., М., 1977.</literature_orig>
    <unit>
      <author>Данфорд Н.</author>
      <title>Ш в а р ц Д ж., Линейные операторы, ч. 1 - Общая теория</title>
      <publication>пер. с англ., М.</publication>
      <year>1962</year>
      <other/>
    </unit>
    <unit>
      <author>Иоси Да К.</author>
      <title>Функциональный анализ</title>
      <publication>пер. с англ., М.</publication>
      <year>1967</year>
      <other>А к и л о в Г. П., Функциональ-ный анализ, 2 изд., М., 1977.</other>
    </unit>
  </literature>
  <formulas_main/>
  <formulas_aux>
    <formula uri="http://libmeta.ru/me/formula/aux/1082_1_REFLEKSIVNOE">x</formula>
    <formula uri="http://libmeta.ru/me/formula/aux/1082_2_REFLEKSIVNOE">x^{* *}</formula>
    <formula uri="http://libmeta.ru/me/formula/aux/1082_3_REFLEKSIVNOE">x^{*}</formula>
    <formula uri="http://libmeta.ru/me/formula/aux/1082_4_REFLEKSIVNOE">x</formula>
    <formula uri="http://libmeta.ru/me/formula/aux/1082_5_REFLEKSIVNOE">x</formula>
    <formula uri="http://libmeta.ru/me/formula/aux/1082_6_REFLEKSIVNOE">\langle x, f\rangle</formula>
    <formula uri="http://libmeta.ru/me/formula/aux/1082_7_REFLEKSIVNOE">f \in X^{*}</formula>
    <formula uri="http://libmeta.ru/me/formula/aux/1082_8_REFLEKSIVNOE">x \in X</formula>
    <formula uri="http://libmeta.ru/me/formula/aux/1082_9_REFLEKSIVNOE">x</formula>
    <formula uri="http://libmeta.ru/me/formula/aux/1082_10_REFLEKSIVNOE">f</formula>
    <formula uri="http://libmeta.ru/me/formula/aux/1082_11_REFLEKSIVNOE">x^{*}</formula>
    <formula uri="http://libmeta.ru/me/formula/aux/1082_12_REFLEKSIVNOE">\langle x, f\rangle=\mathscr{F}_{x}(f)</formula>
    <formula uri="http://libmeta.ru/me/formula/aux/1082_13_REFLEKSIVNOE">x^{*}</formula>
    <formula uri="http://libmeta.ru/me/formula/aux/1082_14_REFLEKSIVNOE">x^{* *}</formula>
    <formula uri="http://libmeta.ru/me/formula/aux/1082_15_REFLEKSIVNOE">\tilde{x} \subset X^{* *}-</formula>
    <formula uri="http://libmeta.ru/me/formula/aux/1082_16_REFLEKSIVNOE">x \rightarrow \mathscr{F}_{x}</formula>
    <formula uri="http://libmeta.ru/me/formula/aux/1082_17_REFLEKSIVNOE">\|x\|=\left\|\mathcal{f}_{x}\right\|</formula>
    <formula uri="http://libmeta.ru/me/formula/aux/1082_18_REFLEKSIVNOE">\tilde{x}=x^{* *}</formula>
    <formula uri="http://libmeta.ru/me/formula/aux/1082_19_REFLEKSIVNOE">x</formula>
    <formula uri="http://libmeta.ru/me/formula/aux/1082_20_REFLEKSIVNOE">l_{p}</formula>
    <formula uri="http://libmeta.ru/me/formula/aux/1082_21_REFLEKSIVNOE">l_{p}(a, b), p&gt;1</formula>
    <formula uri="http://libmeta.ru/me/formula/aux/1082_22_REFLEKSIVNOE">c[a, b]</formula>
    <formula uri="http://libmeta.ru/me/formula/aux/1082_23_REFLEKSIVNOE">x</formula>
    <formula uri="http://libmeta.ru/me/formula/aux/1082_24_REFLEKSIVNOE">x^{*}</formula>
    <formula uri="http://libmeta.ru/me/formula/aux/1082_25_REFLEKSIVNOE">x</formula>
  </formulas_aux>
  <relations n="3">
    <relation uri="http://libmeta.ru/me/relation/1082_1_REFLEKSIVNOE">
      <rel_text>выпуклые пространства</rel_text>
      <target>http://libmeta.ru/me/article/435_Ј゙OKAЈYN'</target>
    </relation>
    <relation uri="http://libmeta.ru/me/relation/1082_2_REFLEKSIVNOE">
      <rel_text>рефлексивности</rel_text>
      <target>http://libmeta.ru/me/article/1083_REFLEKSIVNOST</target>
    </relation>
    <relation uri="http://libmeta.ru/me/relation/1082_3_REFLEKSIVNOE">
      <rel_text>рефлекси</rel_text>
      <target>http://libmeta.ru/me/article/1085_REFLEKTO</target>
    </relation>
  </relations>
  <text>банахово пространство $URI[[http://libmeta.ru/me/formula/aux/1082_1_REFLEKSIVNOE]]/URI$, совпадающее при каноническом вложении со своим вторым сопряженным $URI[[http://libmeta.ru/me/formula/aux/1082_2_REFLEKSIVNOE]]/URI$. Подробнее, пусть $URI[[http://libmeta.ru/me/formula/aux/1082_3_REFLEKSIVNOE]]/URI$ - пространство, сопряженное с $URI[[http://libmeta.ru/me/formula/aux/1082_4_REFLEKSIVNOE]]/URI$, то есть совокупность всех непрерывных линейных функционалов, определенных на $URI[[http://libmeta.ru/me/formula/aux/1082_5_REFLEKSIVNOE]]/URI$. Если $URI[[http://libmeta.ru/me/formula/aux/1082_6_REFLEKSIVNOE]]/URI$ - значение функционала $URI[[http://libmeta.ru/me/formula/aux/1082_7_REFLEKSIVNOE]]/URI$ на әлементе $URI[[http://libmeta.ru/me/formula/aux/1082_8_REFLEKSIVNOE]]/URI$, то при фиксированном $URI[[http://libmeta.ru/me/formula/aux/1082_9_REFLEKSIVNOE]]/URI$ и $URI[[http://libmeta.ru/me/formula/aux/1082_10_REFLEKSIVNOE]]/URI$, пробегающем $URI[[http://libmeta.ru/me/formula/aux/1082_11_REFLEKSIVNOE]]/URI$, выражение $URI[[http://libmeta.ru/me/formula/aux/1082_12_REFLEKSIVNOE]]/URI$ будет линейным функционалом на $URI[[http://libmeta.ru/me/formula/aux/1082_13_REFLEKSIVNOE]]/URI$, то есть әлементом пространства $URI[[http://libmeta.ru/me/formula/aux/1082_14_REFLEKSIVNOE]]/URI$. Пусть $URI[[http://libmeta.ru/me/formula/aux/1082_15_REFLEKSIVNOE]]/URI$ множество таких функционалов. Соответствие $URI[[http://libmeta.ru/me/formula/aux/1082_16_REFLEKSIVNOE]]/URI$ есть изоморфизм, не меняющий нормы $URI[[http://libmeta.ru/me/formula/aux/1082_17_REFLEKSIVNOE]]/URI$. Если $URI[[http://libmeta.ru/me/formula/aux/1082_18_REFLEKSIVNOE]]/URI$, то пространство $URI[[http://libmeta.ru/me/formula/aux/1082_19_REFLEKSIVNOE]]/URI$ наз. р е ф л е к с и в н ы м. Пространства $URI[[http://libmeta.ru/me/formula/aux/1082_20_REFLEKSIVNOE]]/URI$ и $URI[[http://libmeta.ru/me/formula/aux/1082_21_REFLEKSIVNOE]]/URI$, рефлексивны, пространство $URI[[http://libmeta.ru/me/formula/aux/1082_22_REFLEKSIVNOE]]/URI$ не рефлексивно.

Пространство $URI[[http://libmeta.ru/me/formula/aux/1082_23_REFLEKSIVNOE]]/URI$ рефлексивно тогда и только тогда, когда $URI[[http://libmeta.ru/me/formula/aux/1082_24_REFLEKSIVNOE]]/URI$ рефлексивно. Другим критерием рефлексивности банахова пространства $URI[[http://libmeta.ru/me/formula/aux/1082_25_REFLEKSIVNOE]]/URI$ является слабая компактность единичного шара этого пространства.

Р. п. слабо полно, и замкнутое подпространство Р . п. URI[[http://libmeta.ru/me/relation/1082_3_REFLEKSIVNOE]]/URI вно. Понятие URI[[http://libmeta.ru/me/relation/1082_2_REFLEKSIVNOE]]/URI естественным образом распространяется на локально URI[[http://libmeta.ru/me/relation/1082_1_REFLEKSIVNOE]]/URI.</text>
  <text_orig>банахово пространство $X$, совпадающее при каноническом вложении со своим вторым сопряженным $X^{* *}$. Подробнее, пусть $X^{*}$ - пространство, сопряженное с $X$, то есть совокупность всех непрерывных линейных функционалов, определенных на $X$. Если $\langle x, f\rangle$ - значение функционала $f \in X^{*}$ на әлементе $x \in X$, то при фиксированном $x$ и $f$, пробегающем $X^{*}$, выражение $\langle x, f\rangle=\mathscr{F}_{x}(f)$ будет линейным функционалом на $X^{*}$, то есть әлементом пространства $X^{* *}$. Пусть $\tilde{X} \subset X^{* *}-$ множество таких функционалов. Соответствие $x \rightarrow \mathscr{F}_{x}$ есть изоморфизм, не меняющий нормы $\|x\|=\left\|\mathcal{F}_{x}\right\|$. Если $\tilde{X}=X^{* *}$, то пространство $X$ наз. р е ф л е к с и в н ы м. Пространства $l_{p}$ и $L_{p}(a, b), p&gt;1$, рефлексивны, пространство $C[a, b]$ не рефлексивно.

Пространство $X$ рефлексивно тогда и только тогда, когда $X^{*}$ рефлексивно. Другим критерием рефлексивности банахова пространства $X$ является слабая компактность единичного шара этого пространства.

Р. п. слабо полно, и замкнутое подпространство Р . п. рефлекси вно. Понятие рефлексивности естественным образом распространяется на локально выпуклые пространства.

Лит.: [1] Д а н ф о р д Н., Ш в а р ц Д ж., Линейные операторы, ч. 1 - Общая теория, пер. с англ., М., 1962; [2] И ос и Да К., Функциональный анализ, пер. с англ., М., 1967 โ3] К а н т о р о в и ч Л. В., А к и л о в Г. П., Функциональ-
ный анализ, 2 изд., М., 1977.</text_orig>
</article>
