<?xml version="1.0" ?>
<article uri="http://libmeta.ru/me/article/1083_REFLEKSIVNOST" alphabetic_pos="1083">
  <title>РЕФЛЕКСИВНОСТЬ</title>
  <authors>
    <author>Т. С. Фодјанова</author>
  </authors>
  <pages>
    <start>490</start>
    <end>490</end>
  </pages>
  <literature>
    <literature_orig/>
  </literature>
  <formulas_main/>
  <formulas_aux>
    <formula uri="http://libmeta.ru/me/formula/aux/1083_1_REFLEKSIVNOST">r</formula>
    <formula uri="http://libmeta.ru/me/formula/aux/1083_2_REFLEKSIVNOST">a</formula>
    <formula uri="http://libmeta.ru/me/formula/aux/1083_3_REFLEKSIVNOST">a R a</formula>
    <formula uri="http://libmeta.ru/me/formula/aux/1083_4_REFLEKSIVNOST">a \in A</formula>
  </formulas_aux>
  <relations n="4">
    <relation uri="http://libmeta.ru/me/relation/1083_1_REFLEKSIVNOST">
      <rel_text>порядок</rel_text>
      <target>http://libmeta.ru/me/article/531_PORJaDO</target>
    </relation>
    <relation uri="http://libmeta.ru/me/relation/1083_2_REFLEKSIVNOST">
      <rel_text>эквивалентность</rel_text>
      <target>http://libmeta.ru/me/article/1105_EKVIVALENTNOST</target>
    </relation>
    <relation uri="http://libmeta.ru/me/relation/1083_3_REFLEKSIVNOST">
      <rel_text>множестве</rel_text>
      <target>http://libmeta.ru/me/article/733_MNOZhESTV</target>
    </relation>
    <relation uri="http://libmeta.ru/me/relation/1083_4_REFLEKSIVNOST">
      <rel_text>бинарных отношений</rel_text>
      <target>http://libmeta.ru/me/article/472_BINARNOE</target>
    </relation>
  </relations>
  <text>одно из свойств URI[[http://libmeta.ru/me/relation/1083_4_REFLEKSIVNOST]]/URI. Отношение $URI[[http://libmeta.ru/me/formula/aux/1083_1_REFLEKSIVNOST]]/URI$ на URI[[http://libmeta.ru/me/relation/1083_3_REFLEKSIVNOST]]/URI $URI[[http://libmeta.ru/me/formula/aux/1083_2_REFLEKSIVNOST]]/URI$ наз. р е фл е к с и в н ы м, если $URI[[http://libmeta.ru/me/formula/aux/1083_3_REFLEKSIVNOST]]/URI$ для любого $URI[[http://libmeta.ru/me/formula/aux/1083_4_REFLEKSIVNOST]]/URI$. Примерами рефлексивных отношений являются равенство, URI[[http://libmeta.ru/me/relation/1083_2_REFLEKSIVNOST]]/URI, URI[[http://libmeta.ru/me/relation/1083_1_REFLEKSIVNOST]]/URI.</text>
  <text_orig>одно из свойств бинарных отношений. Отношение $R$ на множестве $A$ наз. р е фл е к с и в н ы м, если $a R a$ для любого $a \in A$. Примерами рефлексивных отношений являются равенство, эквивалентность, порядок. Т. С. Фодјанова.</text_orig>
</article>
