<?xml version="1.0" ?>
<article uri="http://libmeta.ru/me/article/1083_NOSITEL'" alphabetic_pos="1083">
  <title>НОСИТЕЛЬ МЕРБI</title>
  <authors/>
  <pages>
    <start>542</start>
    <end>542</end>
  </pages>
  <literature>
    <literature_orig/>
  </literature>
  <formulas_main/>
  <formulas_aux>
    <formula uri="http://libmeta.ru/me/formula/aux/1083_1_NOSITEL'">\mu-</formula>
    <formula uri="http://libmeta.ru/me/formula/aux/1083_2_NOSITEL'">s(\mu)=g \searrow G_{0}(\mu)</formula>
    <formula uri="http://libmeta.ru/me/formula/aux/1083_3_NOSITEL'">g</formula>
    <formula uri="http://libmeta.ru/me/formula/aux/1083_4_NOSITEL'">\mu, G_{0}(\mu)</formula>
    <formula uri="http://libmeta.ru/me/formula/aux/1083_5_NOSITEL'">\mu\left(g_{0}\right)=0</formula>
    <formula uri="http://libmeta.ru/me/formula/aux/1083_6_NOSITEL'">s(\mu)</formula>
    <formula uri="http://libmeta.ru/me/formula/aux/1083_7_NOSITEL'">\mu</formula>
    <formula uri="http://libmeta.ru/me/formula/aux/1083_8_NOSITEL'">\mu</formula>
    <formula uri="http://libmeta.ru/me/formula/aux/1083_9_NOSITEL'">e</formula>
    <formula uri="http://libmeta.ru/me/formula/aux/1083_10_NOSITEL'">\mu(g \backslash E)=0)</formula>
    <formula uri="http://libmeta.ru/me/formula/aux/1083_11_NOSITEL'">s(\mu)</formula>
    <formula uri="http://libmeta.ru/me/formula/aux/1083_12_NOSITEL'">\mu</formula>
    <formula uri="http://libmeta.ru/me/formula/aux/1083_13_NOSITEL'">m</formula>
  </formulas_aux>
  <relations n="6">
    <relation uri="http://libmeta.ru/me/relation/1083_1_NOSITEL'">
      <rel_text>компакт</rel_text>
      <target>http://libmeta.ru/me/article/1009_KOMPLEK</target>
    </relation>
    <relation uri="http://libmeta.ru/me/relation/1083_2_NOSITEL'">
      <rel_text>замкнутое множество</rel_text>
      <target>http://libmeta.ru/me/article/427_ZAMKNUTOE</target>
    </relation>
    <relation uri="http://libmeta.ru/me/relation/1083_3_NOSITEL'">
      <rel_text>множество</rel_text>
      <target>http://libmeta.ru/me/article/733_MNOZhESTV</target>
    </relation>
    <relation uri="http://libmeta.ru/me/relation/1083_4_NOSITEL'">
      <rel_text>пространство</rel_text>
      <target>http://libmeta.ru/me/article/748_PROSTRANSTV</target>
    </relation>
    <relation uri="http://libmeta.ru/me/relation/1083_5_NOSITEL'">
      <rel_text>компактное</rel_text>
      <target>http://libmeta.ru/me/article/1022_KOMPOZitsI</target>
    </relation>
    <relation uri="http://libmeta.ru/me/relation/1083_6_NOSITEL'">
      <rel_text>множество</rel_text>
      <target>http://libmeta.ru/me/article/733_MNOZhESTV</target>
    </relation>
  </relations>
  <text>$URI[[http://libmeta.ru/me/formula/aux/1083_1_NOSITEL']]/URI$ URI[[http://libmeta.ru/me/relation/1083_6_NOSITEL']]/URI $URI[[http://libmeta.ru/me/formula/aux/1083_2_NOSITEL']]/URI$, где $URI[[http://libmeta.ru/me/formula/aux/1083_3_NOSITEL']]/URI$ - локалььно (би) URI[[http://libmeta.ru/me/relation/1083_5_NOSITEL']]/URI URI[[http://libmeta.ru/me/relation/1083_4_NOSITEL']]/URI, на к-ром определена мера $URI[[http://libmeta.ru/me/formula/aux/1083_4_NOSITEL']]/URI$ - наибольпее открытое URI[[http://libmeta.ru/me/relation/1083_3_NOSITEL']]/URI, для к-рого $URI[[http://libmeta.ru/me/formula/aux/1083_5_NOSITEL']]/URI$. Другими словамп, $URI[[http://libmeta.ru/me/formula/aux/1083_6_NOSITEL']]/URI$ - наименьпее URI[[http://libmeta.ru/me/relation/1083_2_NOSITEL']]/URI, на к-ром сосредоточена мера $URI[[http://libmeta.ru/me/formula/aux/1083_7_NOSITEL']]/URI$ (при этом $URI[[http://libmeta.ru/me/formula/aux/1083_8_NOSITEL']]/URI$ сосредоточена на $URI[[http://libmeta.ru/me/formula/aux/1083_9_NOSITEL']]/URI$, если $URI[[http://libmeta.ru/me/formula/aux/1083_10_NOSITEL']]/URI$. Если $URI[[http://libmeta.ru/me/formula/aux/1083_11_NOSITEL']]/URI$ URI[[http://libmeta.ru/me/relation/1083_1_NOSITEL']]/URI, то мера $URI[[http://libmeta.ru/me/formula/aux/1083_12_NOSITEL']]/URI$ наз. Ф П Н И Т Н о Й. $URI[[http://libmeta.ru/me/formula/aux/1083_13_NOSITEL']]/URI$. К. Войчеховский.</text>
  <text_orig>$\mu-$ множество $S(\mu)=G \searrow G_{0}(\mu)$, где $G$ - локалььно (би) компактное пространство, на к-ром определена мера $\mu, G_{0}(\mu)$ - наибольпее открытое множество, для к-рого $\mu\left(G_{0}\right)=0$. Другими словамп, $S(\mu)$ - наименьпее замкнутое множество, на к-ром сосредоточена мера $\mu$ (при этом $\mu$ сосредоточена на $E$, если $\mu(G \backslash E)=0)$. Если $S(\mu)$ компакт, то мера $\mu$ наз. Ф П Н И Т Н о Й. $M$. К. Войчеховский.</text_orig>
</article>
