<?xml version="1.0" ?>
<article uri="http://libmeta.ru/me/article/1083_GЈAVNAJa" alphabetic_pos="1083">
  <title>ГЈАВНАЯ ЧАСТЬ ДИФФЕРЕНЦИАЛЬНОГО ОПЕPАТОРА</title>
  <authors>
    <author>A. А. Дезин</author>
  </authors>
  <pages>
    <start>508</start>
    <end>508</end>
  </pages>
  <literature>
    <literature_orig/>
  </literature>
  <formulas_main>
    <formula uri="http://libmeta.ru/me/formula/main/1083_1_GЈAVNAJa">L=\sum_{|\alpha| \leqslant m} a_{\alpha} D^{\alpha},</formula>
  </formulas_main>
  <formulas_aux>
    <formula uri="http://libmeta.ru/me/formula/aux/1083_1_GЈAVNAJa">\sum_{|\alpha|=m} a_{\alpha} D^{\alpha}</formula>
    <formula uri="http://libmeta.ru/me/formula/aux/1083_2_GЈAVNAJa">\gamma</formula>
    <formula uri="http://libmeta.ru/me/formula/aux/1083_3_GЈAVNAJa">d_{1}-D_{2}^{2}+a D_{2}</formula>
    <formula uri="http://libmeta.ru/me/formula/aux/1083_4_GЈAVNAJa">d_{1}-D_{2}^{2}</formula>
  </formulas_aux>
  <relations n="9">
    <relation uri="http://libmeta.ru/me/relation/1083_1_GЈAVNAJa">
      <rel_text>операторе</rel_text>
      <target>http://libmeta.ru/me/article/17_OPERATO</target>
    </relation>
    <relation uri="http://libmeta.ru/me/relation/1083_2_GЈAVNAJa">
      <rel_text>дифференциальном</rel_text>
      <target>http://libmeta.ru/me/article/302_DIFFERENTsIROVANI</target>
    </relation>
    <relation uri="http://libmeta.ru/me/relation/1083_3_GЈAVNAJa">
      <rel_text>дифференцированиям</rel_text>
      <target>http://libmeta.ru/me/article/302_DIFFERENTsIROVANI</target>
    </relation>
    <relation uri="http://libmeta.ru/me/relation/1083_4_GЈAVNAJa">
      <rel_text>оператора</rel_text>
      <target>http://libmeta.ru/me/article/17_OPERATO</target>
    </relation>
    <relation uri="http://libmeta.ru/me/relation/1083_5_GЈAVNAJa">
      <rel_text>дифференциального</rel_text>
      <target>http://libmeta.ru/me/article/302_DIFFERENTsIROVANI</target>
    </relation>
    <relation uri="http://libmeta.ru/me/relation/1083_6_GЈAVNAJa">
      <rel_text>порядка</rel_text>
      <target>http://libmeta.ru/me/article/531_PORJaDO</target>
    </relation>
    <relation uri="http://libmeta.ru/me/relation/1083_7_GЈAVNAJa">
      <rel_text>производных</rel_text>
      <target>http://libmeta.ru/me/article/1045_PROIZVODNA</target>
    </relation>
    <relation uri="http://libmeta.ru/me/relation/1083_8_GЈAVNAJa">
      <rel_text>оператор</rel_text>
      <target>http://libmeta.ru/me/article/15_OPERAN</target>
    </relation>
    <relation uri="http://libmeta.ru/me/relation/1083_9_GЈAVNAJa">
      <rel_text>дифференциальный</rel_text>
      <target>http://libmeta.ru/me/article/302_DIFFERENTsIROVANI</target>
    </relation>
  </relations>
  <text>однородный URI[[http://libmeta.ru/me/relation/1083_9_GЈAVNAJa]]/URI URI[[http://libmeta.ru/me/relation/1083_8_GЈAVNAJa]]/URI, образуемый из данного отбрасыванием всех членов, не содержащих URI[[http://libmeta.ru/me/relation/1083_7_GЈAVNAJa]]/URI максимального URI[[http://libmeta.ru/me/relation/1083_6_GЈAVNAJa]]/URI. Для URI[[http://libmeta.ru/me/relation/1083_5_GЈAVNAJa]]/URI URI[[http://libmeta.ru/me/relation/1083_4_GЈAVNAJa]]/URI

\[
URI[[http://libmeta.ru/me/formula/main/1083_1_GЈAVNAJa]]/URI
\]

главная часть есть $URI[[http://libmeta.ru/me/formula/aux/1083_1_GЈAVNAJa]]/URI$. Иногда $URI[[http://libmeta.ru/me/formula/aux/1083_2_GЈAVNAJa]]/URI$. ч. д. 0. определяется с введением дополнительных весов, приписываемых URI[[http://libmeta.ru/me/relation/1083_3_GЈAVNAJa]]/URI по различным аргументам. Например, в URI[[http://libmeta.ru/me/relation/1083_2_GЈAVNAJa]]/URI URI[[http://libmeta.ru/me/relation/1083_1_GЈAVNAJa]]/URI $URI[[http://libmeta.ru/me/formula/aux/1083_3_GЈAVNAJa]]/URI$ главная часть определяется иногда как $URI[[http://libmeta.ru/me/formula/aux/1083_4_GЈAVNAJa]]/URI$.</text>
  <text_orig>однородный дифференциальный оператор, образуемый из данного отбрасыванием всех членов, не содержащих производных максимального порядка. Для дифференциального оператора

\[
L=\sum_{|\alpha| \leqslant m} a_{\alpha} D^{\alpha},
\]

главная часть есть $\sum_{|\alpha|=m} a_{\alpha} D^{\alpha}$. Иногда $\Gamma$. ч. д. 0. определяется с введением дополнительных весов, приписываемых дифференцированиям по различным аргументам. Например, в дифференциальном операторе $D_{1}-D_{2}^{2}+a D_{2}$ главная часть определяется иногда как $D_{1}-D_{2}^{2}$. A. А. Дезин.</text_orig>
</article>
