<?xml version="1.0" ?>
<article uri="http://libmeta.ru/me/article/1084_NOSITEL'" alphabetic_pos="1084">
  <title>НОСИТЕЛЬ МОДУЛЯ $M$</title>
  <authors>
    <author>Л. В. Кузьмин</author>
  </authors>
  <pages>
    <start>542</start>
    <end>542</end>
  </pages>
  <literature>
    <literature_orig>Лит.: [1] Б у р б а к и Н., Коммутативная алгебра, пер.</literature_orig>
    <unit>
      <author>Бурбаки Н.</author>
      <title>Коммутативная алгебра</title>
      <publication/>
      <year/>
      <other>пер.</other>
    </unit>
  </literature>
  <formulas_main/>
  <formulas_aux>
    <formula uri="http://libmeta.ru/me/formula/aux/1084_1_NOSITEL'">\boldsymbol{a}</formula>
    <formula uri="http://libmeta.ru/me/formula/aux/1084_2_NOSITEL'">q</formula>
    <formula uri="http://libmeta.ru/me/formula/aux/1084_3_NOSITEL'">a</formula>
    <formula uri="http://libmeta.ru/me/formula/aux/1084_4_NOSITEL'">m_{\text {я }}</formula>
    <formula uri="http://libmeta.ru/me/formula/aux/1084_5_NOSITEL'">(m)</formula>
    <formula uri="http://libmeta.ru/me/formula/aux/1084_6_NOSITEL'">m</formula>
    <formula uri="http://libmeta.ru/me/formula/aux/1084_7_NOSITEL'">\operatorname{supp}(m)</formula>
    <formula uri="http://libmeta.ru/me/formula/aux/1084_8_NOSITEL'">(p)</formula>
    <formula uri="http://libmeta.ru/me/formula/aux/1084_9_NOSITEL'">p</formula>
    <formula uri="http://libmeta.ru/me/formula/aux/1084_10_NOSITEL'">m</formula>
    <formula uri="http://libmeta.ru/me/formula/aux/1084_11_NOSITEL'">m</formula>
    <formula uri="http://libmeta.ru/me/formula/aux/1084_12_NOSITEL'">\operatorname{supp}(m)</formula>
    <formula uri="http://libmeta.ru/me/formula/aux/1084_13_NOSITEL'">m=0</formula>
  </formulas_aux>
  <relations n="11">
    <relation uri="http://libmeta.ru/me/relation/1084_1_NOSITEL'">
      <rel_text>множество</rel_text>
      <target>http://libmeta.ru/me/article/733_MNOZhESTV</target>
    </relation>
    <relation uri="http://libmeta.ru/me/relation/1084_2_NOSITEL'">
      <rel_text>модуля</rel_text>
      <target>http://libmeta.ru/me/article/741_MODEL</target>
    </relation>
    <relation uri="http://libmeta.ru/me/relation/1084_3_NOSITEL'">
      <rel_text>порядок</rel_text>
      <target>http://libmeta.ru/me/article/531_PORJaDO</target>
    </relation>
    <relation uri="http://libmeta.ru/me/relation/1084_4_NOSITEL'">
      <rel_text>кольцом</rel_text>
      <target>http://libmeta.ru/me/article/1000_KOL'Ts</target>
    </relation>
    <relation uri="http://libmeta.ru/me/relation/1084_5_NOSITEL'">
      <rel_text>модуль</rel_text>
      <target>http://libmeta.ru/me/article/741_MODEL</target>
    </relation>
    <relation uri="http://libmeta.ru/me/relation/1084_6_NOSITEL'">
      <rel_text>группы</rel_text>
      <target>http://libmeta.ru/me/article/1207_GRUPІІ</target>
    </relation>
    <relation uri="http://libmeta.ru/me/relation/1084_7_NOSITEL'">
      <rel_text>кольца</rel_text>
      <target>http://libmeta.ru/me/article/1000_KOL'Ts</target>
    </relation>
    <relation uri="http://libmeta.ru/me/relation/1084_8_NOSITEL'">
      <rel_text>спектра</rel_text>
      <target>http://libmeta.ru/me/article/105_SPEKT</target>
    </relation>
    <relation uri="http://libmeta.ru/me/relation/1084_9_NOSITEL'">
      <rel_text>множество</rel_text>
      <target>http://libmeta.ru/me/article/733_MNOZhESTV</target>
    </relation>
    <relation uri="http://libmeta.ru/me/relation/1084_10_NOSITEL'">
      <rel_text>модули</rel_text>
      <target>http://libmeta.ru/me/article/741_MODEL</target>
    </relation>
    <relation uri="http://libmeta.ru/me/relation/1084_11_NOSITEL'">
      <rel_text>кольца</rel_text>
      <target>http://libmeta.ru/me/article/1000_KOL'Ts</target>
    </relation>
  </relations>
  <text>н а д к о м м у т а т и вн ы м к о л ц о м $URI[[http://libmeta.ru/me/formula/aux/1084_1_NOSITEL']]/URI$ - мшожество всех простых пдеа- лов $URI[[http://libmeta.ru/me/formula/aux/1084_2_NOSITEL']]/URI$ URI[[http://libmeta.ru/me/relation/1084_11_NOSITEL']]/URI $URI[[http://libmeta.ru/me/formula/aux/1084_3_NOSITEL']]/URI$, для к-рых локализованные URI[[http://libmeta.ru/me/relation/1084_10_NOSITEL']]/URI $URI[[http://libmeta.ru/me/formula/aux/1084_4_NOSITEL']]/URI$ ненулевые. Это URI[[http://libmeta.ru/me/relation/1084_9_NOSITEL']]/URI обозначается Supp $URI[[http://libmeta.ru/me/formula/aux/1084_5_NOSITEL']]/URI$. Оно является подмножеством URI[[http://libmeta.ru/me/relation/1084_8_NOSITEL']]/URI URI[[http://libmeta.ru/me/relation/1084_7_NOSITEL']]/URI. Напр. для конечной абелевой URI[[http://libmeta.ru/me/relation/1084_6_NOSITEL']]/URI $URI[[http://libmeta.ru/me/formula/aux/1084_6_NOSITEL']]/URI$, рассматриваемой как URI[[http://libmeta.ru/me/relation/1084_5_NOSITEL']]/URI над URI[[http://libmeta.ru/me/relation/1084_4_NOSITEL']]/URI целых чисел, $URI[[http://libmeta.ru/me/formula/aux/1084_7_NOSITEL']]/URI$ состоит из всех простых идеалов $URI[[http://libmeta.ru/me/formula/aux/1084_8_NOSITEL']]/URI$, где $URI[[http://libmeta.ru/me/formula/aux/1084_9_NOSITEL']]/URI$ делшт URI[[http://libmeta.ru/me/relation/1084_3_NOSITEL']]/URI $URI[[http://libmeta.ru/me/formula/aux/1084_10_NOSITEL']]/URI$. Для произвольного URI[[http://libmeta.ru/me/relation/1084_2_NOSITEL']]/URI $URI[[http://libmeta.ru/me/formula/aux/1084_11_NOSITEL']]/URI$ URI[[http://libmeta.ru/me/relation/1084_1_NOSITEL']]/URI $URI[[http://libmeta.ru/me/formula/aux/1084_12_NOSITEL']]/URI$ пусто тогда и только тогда, когда $URI[[http://libmeta.ru/me/formula/aux/1084_13_NOSITEL']]/URI$.</text>
  <text_orig>н а д к о м м у т а т и вн ы м к о л ц о м $\boldsymbol{A}$ - мшожество всех простых пдеа- лов $q$ кольца $A$, для к-рых локализованные модули $M_{\text {я }}$ ненулевые. Это множество обозначается Supp $(M)$. Оно является подмножеством спектра кольца. Напр. для конечной абелевой группы $M$, рассматриваемой как модуль над кольцом целых чисел, $\operatorname{Supp}(M)$ состоит из всех простых идеалов $(p)$, где $p$ делшт порядок $M$. Для произвольного модуля $M$ множество $\operatorname{Supp}(M)$ пусто тогда и только тогда, когда $M=0$.

Лит.: [1] Б у р б а к и Н., Коммутативная алгебра, пер.

Л. В. Кузьмин.</text_orig>
</article>
