<?xml version="1.0" ?>
<article uri="http://libmeta.ru/me/article/1084_EJLERA" alphabetic_pos="1084">
  <title>ЭЙЛЕРА ТОЖДЕСТВО</title>
  <authors/>
  <pages>
    <start>467</start>
    <end>467</end>
  </pages>
  <literature>
    <literature_orig>Лит.: [1] ч а н д $\mathrm{p}$ a с е к х а $\mathbf{p}$ а н ческую теорию чисел, пер. с англ., М., 1974; [2] Ј е н Г С., Введение в теорию модулярных форм, пер. с англ., М., 1979.С. А.' Степанов</literature_orig>
    <unit>
      <title>ч а н д $\mathrm{p}$ a с е к х а $\mathbf{p}$ а н ческую теорию чисел</title>
      <publication>пер. с англ., М.</publication>
      <year>1974</year>
      <other/>
    </unit>
    <unit>
      <author>Јен Г С.</author>
      <title>Введение в теорию модулярных форм</title>
      <publication>пер. с англ., М.</publication>
      <year>1979</year>
      <other/>
    </unit>
  </literature>
  <formulas_main>
    <formula uri="http://libmeta.ru/me/formula/main/1084_1_EJLERA">\sum_{n=1}^{\infty} \frac{1}{n^{s}}=\prod_{p}\left(1-\frac{1}{p^{s}}\right)^{-1}</formula>
    <formula uri="http://libmeta.ru/me/formula/main/1084_2_EJLERA">\sum_{n=1}^{\infty} f(n)=\prod_{p}(1-f(p))^{-1},</formula>
    <formula uri="http://libmeta.ru/me/formula/main/1084_3_EJLERA">\sum_{n=1}^{\infty} \frac{a_{n}}{n^{s}}=\prod_{p}\left(1-a_{p} p^{-s}+p^{2 k-1-2 s}\right)^{-1}</formula>
    <formula uri="http://libmeta.ru/me/formula/main/1084_4_EJLERA">F(x)=\sum_{n=1}^{\infty} \frac{a_{n}}{n^{s}}, \quad s=\sigma+i t, \quad \sigma&gt;k+1,</formula>
    <formula uri="http://libmeta.ru/me/formula/main/1084_5_EJLERA">f(z)=\sum_{n=1}^{\infty} a_{n} e^{2 \pi i n z}</formula>
  </formulas_main>
  <formulas_aux>
    <formula uri="http://libmeta.ru/me/formula/aux/1084_1_EJLERA">s&gt;1</formula>
    <formula uri="http://libmeta.ru/me/formula/aux/1084_2_EJLERA">p</formula>
    <formula uri="http://libmeta.ru/me/formula/aux/1084_3_EJLERA">s=\sigma+i t</formula>
    <formula uri="http://libmeta.ru/me/formula/aux/1084_4_EJLERA">\sigma&gt;1</formula>
    <formula uri="http://libmeta.ru/me/formula/aux/1084_5_EJLERA">f(n)</formula>
    <formula uri="http://libmeta.ru/me/formula/aux/1084_6_EJLERA">\sum_{n=1}^{\infty} f(n)</formula>
    <formula uri="http://libmeta.ru/me/formula/aux/1084_7_EJLERA">2 k</formula>
  </formulas_aux>
  <relations n="9">
    <relation uri="http://libmeta.ru/me/relation/1084_1_EJLERA">
      <rel_text>функциями</rel_text>
      <target>http://libmeta.ru/me/article/796_FUNKTsIONA</target>
    </relation>
    <relation uri="http://libmeta.ru/me/relation/1084_2_EJLERA">
      <rel_text>модулярным функциям</rel_text>
      <target>http://libmeta.ru/me/article/758_MODULJaRNAJa</target>
    </relation>
    <relation uri="http://libmeta.ru/me/relation/1084_3_EJLERA">
      <rel_text>сходящимся</rel_text>
      <target>http://libmeta.ru/me/article/333_SHODIMOST</target>
    </relation>
    <relation uri="http://libmeta.ru/me/relation/1084_4_EJLERA">
      <rel_text>функгии</rel_text>
      <target>http://libmeta.ru/me/article/790_FUNKTO</target>
    </relation>
    <relation uri="http://libmeta.ru/me/relation/1084_5_EJLERA">
      <rel_text>арифметич</rel_text>
      <target>http://libmeta.ru/me/article/254_ARIFMETIK</target>
    </relation>
    <relation uri="http://libmeta.ru/me/relation/1084_6_EJLERA">
      <rel_text>комплексных</rel_text>
      <target>http://libmeta.ru/me/article/1005_KOMPAKTNOST</target>
    </relation>
    <relation uri="http://libmeta.ru/me/relation/1084_7_EJLERA">
      <rel_text>произведение</rel_text>
      <target>http://libmeta.ru/me/article/1045_PROIZVODNA</target>
    </relation>
    <relation uri="http://libmeta.ru/me/relation/1084_8_EJLERA">
      <rel_text>число</rel_text>
      <target>http://libmeta.ru/me/article/1009_ChISL</target>
    </relation>
    <relation uri="http://libmeta.ru/me/relation/1084_9_EJLERA">
      <rel_text>произвольное</rel_text>
      <target>http://libmeta.ru/me/article/1045_PROIZVODNA</target>
    </relation>
  </relations>
  <text>соотношение А. Б. Иванов.

\[
URI[[http://libmeta.ru/me/formula/main/1084_1_EJLERA]]/URI
\]

где $URI[[http://libmeta.ru/me/formula/aux/1084_1_EJLERA]]/URI$ - URI[[http://libmeta.ru/me/relation/1084_9_EJLERA]]/URI действительное URI[[http://libmeta.ru/me/relation/1084_8_EJLERA]]/URI и URI[[http://libmeta.ru/me/relation/1084_7_EJLERA]]/URI берется по всем простым числам $URI[[http://libmeta.ru/me/formula/aux/1084_2_EJLERA]]/URI$. Э. т. справедливо также для всех URI[[http://libmeta.ru/me/relation/1084_6_EJLERA]]/URI чисел $URI[[http://libmeta.ru/me/formula/aux/1084_3_EJLERA]]/URI$ таких, что $URI[[http://libmeta.ru/me/formula/aux/1084_4_EJLERA]]/URI$.

Обобщением Э. т. является соотношение

\[
URI[[http://libmeta.ru/me/formula/main/1084_2_EJLERA]]/URI
\]

справедливое для всякой вполне мультипликативной URI[[http://libmeta.ru/me/relation/1084_5_EJLERA]]/URI. URI[[http://libmeta.ru/me/relation/1084_4_EJLERA]]/URI $URI[[http://libmeta.ru/me/formula/aux/1084_5_EJLERA]]/URI$ с абсолютно URI[[http://libmeta.ru/me/relation/1084_3_EJLERA]]/URI рядом $URI[[http://libmeta.ru/me/formula/aux/1084_6_EJLERA]]/URI$.

Другим обобщением Э. т. является соотношение

\[
URI[[http://libmeta.ru/me/formula/main/1084_3_EJLERA]]/URI
\]

для Дирихле рядов

\[
URI[[http://libmeta.ru/me/formula/main/1084_4_EJLERA]]/URI
\]

соответствующих URI[[http://libmeta.ru/me/relation/1084_2_EJLERA]]/URI

\[
URI[[http://libmeta.ru/me/formula/main/1084_5_EJLERA]]/URI
\]

веса $URI[[http://libmeta.ru/me/formula/aux/1084_7_EJLERA]]/URI$, являющимся собственными URI[[http://libmeta.ru/me/relation/1084_1_EJLERA]]/URI операторов Гекке.</text>
  <text_orig>соотношение А. Б. Иванов.

\[
\sum_{n=1}^{\infty} \frac{1}{n^{s}}=\prod_{p}\left(1-\frac{1}{p^{s}}\right)^{-1}
\]

где $s&gt;1$ - произвольное действительное число и произведение берется по всем простым числам $p$. Э. т. справедливо также для всех комплексных чисел $s=\sigma+i t$ таких, что $\sigma&gt;1$.

Обобщением Э. т. является соотношение

\[
\sum_{n=1}^{\infty} f(n)=\prod_{p}(1-f(p))^{-1},
\]

справедливое для всякой вполне мультипликативной арифметич. функгии $f(n)$ с абсолютно сходящимся рядом $\sum_{n=1}^{\infty} f(n)$.

Другим обобщением Э. т. является соотношение

\[
\sum_{n=1}^{\infty} \frac{a_{n}}{n^{s}}=\prod_{p}\left(1-a_{p} p^{-s}+p^{2 k-1-2 s}\right)^{-1}
\]

для Дирихле рядов

\[
F(x)=\sum_{n=1}^{\infty} \frac{a_{n}}{n^{s}}, \quad s=\sigma+i t, \quad \sigma&gt;k+1,
\]

соответствующих модулярным функциям

\[
f(z)=\sum_{n=1}^{\infty} a_{n} e^{2 \pi i n z}
\]

веса $2 k$, являющимся собственными функциями операторов Гекке.

Лит.: [1] ч а н д $\mathrm{p}$ a с е к х а $\mathbf{p}$ а н ческую теорию чисел, пер. с англ., М., 1974; [2] Ј е н Г С., Введение в теорию модулярных форм, пер. с англ., М., 1979.

С. А.' Степанов</text_orig>
</article>
