<?xml version="1.0" ?>
<article uri="http://libmeta.ru/me/article/1085_KONTRAGREDIENTNYIJ" alphabetic_pos="1085">
  <title>КОНТРАГРЕДИЕНТНЫИЙ АВТОМОРФИЗМ</title>
  <authors>
    <author>В. Ii. Пооов</author>
  </authors>
  <pages>
    <start>537</start>
    <end>537</end>
  </pages>
  <literature>
    <literature_orig>Лит.: [1] Б у р б а к и Н., Алгебра. Алгебраические структуры. Јинейная и полилинейная алгебра, пер. с франц., М.,1962.</literature_orig>
    <unit>
      <author>Бурбаки Н.</author>
      <title>Алгебра. Алгебраические структуры. Јинейная и полилинейная алгебра</title>
      <publication>пер. с франц., М.</publication>
      <year>1962</year>
      <other/>
    </unit>
  </literature>
  <formulas_main>
    <formula uri="http://libmeta.ru/me/formula/main/1085_1_KONTRAGREDIENTNYIJ">\langle\psi(x), \check{\psi}(y)\rangle_{2}=\langle x, y\rangle_{\mathbf{1}} \text {. }</formula>
    <formula uri="http://libmeta.ru/me/formula/main/1085_2_KONTRAGREDIENTNYIJ">\check{X}=\left({ }^{T} X\right)^{-1}=T\left(X^{-1}\right)</formula>
  </formulas_main>
  <formulas_aux>
    <formula uri="http://libmeta.ru/me/formula/aux/1085_1_KONTRAGREDIENTNYIJ">a</formula>
    <formula uri="http://libmeta.ru/me/formula/aux/1085_2_KONTRAGREDIENTNYIJ">a</formula>
    <formula uri="http://libmeta.ru/me/formula/aux/1085_3_KONTRAGREDIENTNYIJ">m^{*}</formula>
    <formula uri="http://libmeta.ru/me/formula/aux/1085_4_KONTRAGREDIENTNYIJ">\psi</formula>
    <formula uri="http://libmeta.ru/me/formula/aux/1085_5_KONTRAGREDIENTNYIJ">a</formula>
    <formula uri="http://libmeta.ru/me/formula/aux/1085_6_KONTRAGREDIENTNYIJ">m_{1}</formula>
    <formula uri="http://libmeta.ru/me/formula/aux/1085_7_KONTRAGREDIENTNYIJ">a</formula>
    <formula uri="http://libmeta.ru/me/formula/aux/1085_8_KONTRAGREDIENTNYIJ">m_{2}</formula>
    <formula uri="http://libmeta.ru/me/formula/aux/1085_9_KONTRAGREDIENTNYIJ">\psi</formula>
    <formula uri="http://libmeta.ru/me/formula/aux/1085_10_KONTRAGREDIENTNYIJ">a</formula>
    <formula uri="http://libmeta.ru/me/formula/aux/1085_11_KONTRAGREDIENTNYIJ">m_{1}^{*}</formula>
    <formula uri="http://libmeta.ru/me/formula/aux/1085_12_KONTRAGREDIENTNYIJ">a</formula>
    <formula uri="http://libmeta.ru/me/formula/aux/1085_13_KONTRAGREDIENTNYIJ">m_{2}^{*}</formula>
    <formula uri="http://libmeta.ru/me/formula/aux/1085_14_KONTRAGREDIENTNYIJ">\psi . \Pi у с т ь&lt;,\rangle_{1}</formula>
    <formula uri="http://libmeta.ru/me/formula/aux/1085_15_KONTRAGREDIENTNYIJ">\langle,\rangle_{2}</formula>
    <formula uri="http://libmeta.ru/me/formula/aux/1085_16_KONTRAGREDIENTNYIJ">m_{1} \times M_{1}^{*}</formula>
    <formula uri="http://libmeta.ru/me/formula/aux/1085_17_KONTRAGREDIENTNYIJ">m_{2} \times M_{2}^{*}</formula>
    <formula uri="http://libmeta.ru/me/formula/aux/1085_18_KONTRAGREDIENTNYIJ">\tilde{\psi}</formula>
    <formula uri="http://libmeta.ru/me/formula/aux/1085_19_KONTRAGREDIENTNYIJ">x \in M_{1}, y \in M_{1}^{*}</formula>
    <formula uri="http://libmeta.ru/me/formula/aux/1085_20_KONTRAGREDIENTNYIJ">m_{1}</formula>
    <formula uri="http://libmeta.ru/me/formula/aux/1085_21_KONTRAGREDIENTNYIJ">m_{2}</formula>
    <formula uri="http://libmeta.ru/me/formula/aux/1085_22_KONTRAGREDIENTNYIJ">\psi-</formula>
    <formula uri="http://libmeta.ru/me/formula/aux/1085_23_KONTRAGREDIENTNYIJ">\check{\psi}</formula>
    <formula uri="http://libmeta.ru/me/formula/aux/1085_24_KONTRAGREDIENTNYIJ">a</formula>
    <formula uri="http://libmeta.ru/me/formula/aux/1085_25_KONTRAGREDIENTNYIJ">m</formula>
    <formula uri="http://libmeta.ru/me/formula/aux/1085_26_KONTRAGREDIENTNYIJ">a</formula>
    <formula uri="http://libmeta.ru/me/formula/aux/1085_27_KONTRAGREDIENTNYIJ">\varphi</formula>
    <formula uri="http://libmeta.ru/me/formula/aux/1085_28_KONTRAGREDIENTNYIJ">m</formula>
    <formula uri="http://libmeta.ru/me/formula/aux/1085_29_KONTRAGREDIENTNYIJ">x</formula>
    <formula uri="http://libmeta.ru/me/formula/aux/1085_30_KONTRAGREDIENTNYIJ">\varphi</formula>
    <formula uri="http://libmeta.ru/me/formula/aux/1085_31_KONTRAGREDIENTNYIJ">\varphi</formula>
    <formula uri="http://libmeta.ru/me/formula/aux/1085_32_KONTRAGREDIENTNYIJ">t</formula>
    <formula uri="http://libmeta.ru/me/formula/aux/1085_33_KONTRAGREDIENTNYIJ">\check{x}</formula>
    <formula uri="http://libmeta.ru/me/formula/aux/1085_34_KONTRAGREDIENTNYIJ">x</formula>
  </formulas_aux>
  <relations n="4">
    <relation uri="http://libmeta.ru/me/relation/1085_1_KONTRAGREDIENTNYIJ">
      <rel_text>обратимой матрице</rel_text>
      <target>http://libmeta.ru/me/article/1132_OBRATNAJa</target>
    </relation>
    <relation uri="http://libmeta.ru/me/relation/1085_2_KONTRAGREDIENTNYIJ">
      <rel_text>Ii</rel_text>
      <target>http://libmeta.ru/me/article/370_II</target>
    </relation>
    <relation uri="http://libmeta.ru/me/relation/1085_3_KONTRAGREDIENTNYIJ">
      <rel_text>Матріца</rel_text>
      <target>http://libmeta.ru/me/article/600_MATRITs</target>
    </relation>
    <relation uri="http://libmeta.ru/me/relation/1085_4_KONTRAGREDIENTNYIJ">
      <rel_text>индекс</rel_text>
      <target>http://libmeta.ru/me/article/566_INDEK</target>
    </relation>
  </relations>
  <text>К а Втомо рфизму на д к о льц о м $URI[[http://libmeta.ru/me/formula/aux/1085_1_KONTRAGREDIENTNYIJ]]/URI$ - автоморфиизм ю̆ левого $URI[[http://libmeta.ru/me/formula/aux/1085_2_KONTRAGREDIENTNYIJ]]/URI$-модуля $URI[[http://libmeta.ru/me/formula/aux/1085_3_KONTRAGREDIENTNYIJ]]/URI$ (*обозначает переход к сопряженному модулю), сопряженный к автоморфизму, обратному ф. Более общо, если $URI[[http://libmeta.ru/me/formula/aux/1085_4_KONTRAGREDIENTNYIJ]]/URI$ - гзоморфигзм правого $URI[[http://libmeta.ru/me/formula/aux/1085_5_KONTRAGREDIENTNYIJ]]/URI$-модуля $URI[[http://libmeta.ru/me/formula/aux/1085_6_KONTRAGREDIENTNYIJ]]/URI$ п правого $URI[[http://libmeta.ru/me/formula/aux/1085_7_KONTRAGREDIENTNYIJ]]/URI$-модуля $URI[[http://libmeta.ru/me/formula/aux/1085_8_KONTRAGREDIENTNYIJ]]/URI$, то к о т т р а г р е д и е н тны М к $URI[[http://libmeta.ru/me/formula/aux/1085_9_KONTRAGREDIENTNYIJ]]/URI$ и левого $URI[[http://libmeta.ru/me/formula/aux/1085_10_KONTRAGREDIENTNYIJ]]/URI$-модуля $URI[[http://libmeta.ru/me/formula/aux/1085_11_KONTRAGREDIENTNYIJ]]/URI$ на левый $URI[[http://libmeta.ru/me/formula/aux/1085_12_KONTRAGREDIENTNYIJ]]/URI$-модуль $URI[[http://libmeta.ru/me/formula/aux/1085_13_KONTRAGREDIENTNYIJ]]/URI$, сопряженный к изоморфизму, обратному $URI[[http://libmeta.ru/me/formula/aux/1085_14_KONTRAGREDIENTNYIJ]]/URI$ и $URI[[http://libmeta.ru/me/formula/aux/1085_15_KONTRAGREDIENTNYIJ]]/URI$ - канонические билинейные формы на $URI[[http://libmeta.ru/me/formula/aux/1085_16_KONTRAGREDIENTNYIJ]]/URI$ и $URI[[http://libmeta.ru/me/formula/aux/1085_17_KONTRAGREDIENTNYIJ]]/URI$. Тогда $URI[[http://libmeta.ru/me/formula/aux/1085_18_KONTRAGREDIENTNYIJ]]/URI$ определяется следующим тождеством относительно $URI[[http://libmeta.ru/me/formula/aux/1085_19_KONTRAGREDIENTNYIJ]]/URI$ :

\[
URI[[http://libmeta.ru/me/formula/main/1085_1_KONTRAGREDIENTNYIJ]]/URI
\]

Если $URI[[http://libmeta.ru/me/formula/aux/1085_20_KONTRAGREDIENTNYIJ]]/URI$ и $URI[[http://libmeta.ru/me/formula/aux/1085_21_KONTRAGREDIENTNYIJ]]/URI$ обладают конечными базісами, то $URI[[http://libmeta.ru/me/formula/aux/1085_22_KONTRAGREDIENTNYIJ]]/URI$ изоморфизм, контрагредиентный к $URI[[http://libmeta.ru/me/formula/aux/1085_23_KONTRAGREDIENTNYIJ]]/URI$.

Пусть $URI[[http://libmeta.ru/me/formula/aux/1085_24_KONTRAGREDIENTNYIJ]]/URI$ - кольцо с единицей и $URI[[http://libmeta.ru/me/formula/aux/1085_25_KONTRAGREDIENTNYIJ]]/URI$ - правый $URI[[http://libmeta.ru/me/formula/aux/1085_26_KONTRAGREDIENTNYIJ]]/URI$-модуль, обладающий конечным базисом, $URI[[http://libmeta.ru/me/formula/aux/1085_27_KONTRAGREDIENTNYIJ]]/URI$ - некоторый автоморфизм модуля $URI[[http://libmeta.ru/me/formula/aux/1085_28_KONTRAGREDIENTNYIJ]]/URI$ и $URI[[http://libmeta.ru/me/formula/aux/1085_29_KONTRAGREDIENTNYIJ]]/URI$ - матрица $URI[[http://libmeta.ru/me/formula/aux/1085_30_KONTRAGREDIENTNYIJ]]/URI$ в фиксированном базисе (эта матрица обратима). Тогда в сопряженном базисе матрица К. а. $URI[[http://libmeta.ru/me/formula/aux/1085_31_KONTRAGREDIENTNYIJ]]/URI$ имеет від

\[
URI[[http://libmeta.ru/me/formula/main/1085_2_KONTRAGREDIENTNYIJ]]/URI
\]

(URI[[http://libmeta.ru/me/relation/1085_4_KONTRAGREDIENTNYIJ]]/URI $URI[[http://libmeta.ru/me/formula/aux/1085_32_KONTRAGREDIENTNYIJ]]/URI$ означает транспонированіе). URI[[http://libmeta.ru/me/relation/1085_3_KONTRAGREDIENTNYIJ]]/URI $URI[[http://libmeta.ru/me/formula/aux/1085_33_KONTRAGREDIENTNYIJ]]/URI$ наз. конт р а г ред и ентно й м а т р URI[[http://libmeta.ru/me/relation/1085_2_KONTRAGREDIENTNYIJ]]/URI це ї к URI[[http://libmeta.ru/me/relation/1085_1_KONTRAGREDIENTNYIJ]]/URI $URI[[http://libmeta.ru/me/formula/aux/1085_34_KONTRAGREDIENTNYIJ]]/URI$.</text>
  <text_orig>К а Втомо рфизму на д к о льц о м $A$ - автоморфиизм ю̆ левого $A$-модуля $M^{*}$ (*обозначает переход к сопряженному модулю), сопряженный к автоморфизму, обратному ф. Более общо, если $\psi$ - гзоморфигзм правого $A$-модуля $M_{1}$ п правого $A$-модуля $M_{2}$, то к о т т р а г р е д и е н тны М к $\psi$ и левого $A$-модуля $M_{1}^{*}$ на левый $A$-модуль $M_{2}^{*}$, сопряженный к изоморфизму, обратному $\psi . \Pi у с т ь&lt;,\rangle_{1}$ и $\langle,\rangle_{2}$ - канонические билинейные формы на $M_{1} \times M_{1}^{*}$ и $M_{2} \times M_{2}^{*}$. Тогда $\tilde{\psi}$ определяется следующим тождеством относительно $x \in M_{1}, y \in M_{1}^{*}$ :

\[
\langle\psi(x), \check{\psi}(y)\rangle_{2}=\langle x, y\rangle_{\mathbf{1}} \text {. }
\]

Если $M_{1}$ и $M_{2}$ обладают конечными базісами, то $\psi-$ изоморфизм, контрагредиентный к $\check{\psi}$.

Пусть $A$ - кольцо с единицей и $M$ - правый $A$-модуль, обладающий конечным базисом, $\varphi$ - некоторый автоморфизм модуля $M$ и $X$ - матрица $\varphi$ в фиксированном базисе (эта матрица обратима). Тогда в сопряженном базисе матрица К. а. $\varphi$ имеет від

\[
\check{X}=\left({ }^{T} X\right)^{-1}=T\left(X^{-1}\right)
\]

(индекс $T$ означает транспонированіе). Матріца $\check{X}$ наз. конт р а г ред и ентно й м а т р II це ї к обратимой матрице $X$.

Лит.: [1] Б у р б а к и Н., Алгебра. Алгебраические структуры. Јинейная и полилинейная алгебра, пер. с франц., М.,
1962.
В. II. Пооов.</text_orig>
</article>
