<?xml version="1.0" ?>
<article uri="http://libmeta.ru/me/article/1085_EJLERA" alphabetic_pos="1085">
  <title>ЭЙЛЕРА УРАВНЕНИЕ</title>
  <authors/>
  <pages>
    <start>467</start>
    <end>468</end>
  </pages>
  <literature>
    <literature_orig>Лит.: [1] А х и е з е p Н. И., Лекции по вариационному исчислению, М., 1955; [2] Л а в р е н т b e в M. A., Л г с т е p-![](https://cdn.mathpix.com/cropped/2023_07_09_a273605a34468f71195cg-1.jpg?height=42&amp;width=801&amp;top_left_y=445&amp;top_left_x=989)3) Э. у. - дифференциальное уравнение вида\[\frac{d x}{\sqrt{\boldsymbol{X}}}+\frac{d y}{\sqrt{\mathbf{Y}}}=0\]где\[\begin{aligned}&amp; X(x)=a_{0} x^{4}+a_{1} x^{3}+a_{2} x^{2}+a_{3} x+a_{4}, \\&amp; Y(x)=a_{0} y^{4}+a_{1} y^{3}+a_{2} y^{2}+a_{3} y+a_{4} .\end{aligned}\]Л. Эйлер (l. Euler) рассматривал это уравнение в ряде работ начиная с 1753. Он показал, что общее решение этого уравнения имеет вид $f(x, y)=0$, где $f(x, y)-$ симметрич. многочлен 4-й степени от $x$ и $y$. Бсэ-3.</literature_orig>
    <unit>
      <author>Ахиезеp Н. И.</author>
      <title>Лекции по вариационному исчислению</title>
      <publication>М.</publication>
      <year>1955</year>
      <other/>
    </unit>
    <unit>
      <author>Лаврентbeв M. A.</author>
      <title>Л г с т е p-![](https://cdn.mathpix.com/cropped/2023_07_09_a273605a34468f71195cg-1.jpg?height=42&amp;width=801&amp;top_left_y=445&amp;top_left_x=989)3) Э. у. - дифференциальное уравнение вида\[\frac{d x}{\sqrt{\boldsymbol{X}}}+\frac{d y}{\sqrt{\mathbf{Y}}}=0\]где\[\begin{aligned}&amp; X(x)=a_{0} x^{4}+a_{1} x^{3}+a_{2} x^{2}+a_{3} x+a_{4}</title>
      <publication/>
      <year>1753</year>
      <other>что общее решение этого уравнения имеет вид $f(x, y)=0$, где $f(x, y)-$ симметрич. многочлен 4-й степени от $x$ и $y$. Бсэ-3.</other>
    </unit>
  </literature>
  <formulas_main>
    <formula uri="http://libmeta.ru/me/formula/main/1085_1_EJLERA">\sum_{i=0}^{n} a_{i} x^{i} \frac{d^{i} y}{d x^{i}}=f(x),</formula>
    <formula uri="http://libmeta.ru/me/formula/main/1085_2_EJLERA">\sum_{j=0}^{n} a_{j}(\alpha x+\beta)^{j} y^{(j)}=f(x)</formula>
    <formula uri="http://libmeta.ru/me/formula/main/1085_3_EJLERA">\alpha x+\beta=e^{t} \text { или } \alpha x+\beta=-e^{t}</formula>
    <formula uri="http://libmeta.ru/me/formula/main/1085_4_EJLERA">J(x)=\int_{t_{1}}^{t_{2}} F(t, x, \dot{x}) d t</formula>
    <formula uri="http://libmeta.ru/me/formula/main/1085_5_EJLERA">x\left(t_{1}\right)=x_{1}, \quad x\left(t_{2}\right)=x_{2} .</formula>
    <formula uri="http://libmeta.ru/me/formula/main/1085_6_EJLERA">F_{x}-\frac{d}{d t_{1}} F_{\dot{x}}=0 .</formula>
    <formula uri="http://libmeta.ru/me/formula/main/1085_7_EJLERA">F_{x}-F_{t \dot{x}}-F_{x \dot{x}} \dot{x}-F_{\dot{x}} \dot{x}=0 .</formula>
    <formula uri="http://libmeta.ru/me/formula/main/1085_8_EJLERA">x=f\left(t, c_{1}, c_{2}\right) .</formula>
    <formula uri="http://libmeta.ru/me/formula/main/1085_9_EJLERA">\left.\begin{array}{l}f\left(t_{1}, c_{1}, c_{2}\right)=x_{1} \\f\left(t_{2}, c_{1}, c_{2}\right)=x_{2}\end{array}\right\}</formula>
    <formula uri="http://libmeta.ru/me/formula/main/1085_10_EJLERA">F_{\dot{x}}:-\frac{d}{d t} F_{\dot{x}} i=0, \quad i=1, \ldots, n .</formula>
    <formula uri="http://libmeta.ru/me/formula/main/1085_11_EJLERA">J(x)=\int_{t_{1}}^{t_{2}} f(t, x, \dot{x}) d t+g\left(t_{1}, x\left(t_{1}\right), t_{2}, x\left(t_{2}\right)\right)</formula>
    <formula uri="http://libmeta.ru/me/formula/main/1085_12_EJLERA">\varphi_{i}(t, x, \dot{x})=0, \quad i=1, \ldots, m, \quad m&lt;n,</formula>
    <formula uri="http://libmeta.ru/me/formula/main/1085_13_EJLERA">F(t, x, \dot{x}, \lambda)=\lambda_{0} f(t, x, \dot{x})+\sum_{i=1}^{m} \varphi_{i}(t, x, \dot{x})</formula>
    <formula uri="http://libmeta.ru/me/formula/main/1085_14_EJLERA">\left.\begin{array}{l}F_{\lambda_{i}}-\frac{d}{d t} F_{\dot{\lambda}_{i}}=\varphi_{i}(t, x, \dot{x})=0, \quad i=1, \ldots, m, \\F_{x^{i}}-\frac{d}{d t} F_{x^{i}}=0, \quad i=1, \ldots, n .\end{array}\right\}</formula>
  </formulas_main>
  <formulas_aux>
    <formula uri="http://libmeta.ru/me/formula/aux/1085_1_EJLERA">n</formula>
    <formula uri="http://libmeta.ru/me/formula/aux/1085_2_EJLERA">a_{i}, i=0,1, \ldots, n,-</formula>
    <formula uri="http://libmeta.ru/me/formula/aux/1085_3_EJLERA">a_{n} \neq 0</formula>
    <formula uri="http://libmeta.ru/me/formula/aux/1085_4_EJLERA">x=e^{t}</formula>
    <formula uri="http://libmeta.ru/me/formula/aux/1085_5_EJLERA">x&gt;0</formula>
    <formula uri="http://libmeta.ru/me/formula/aux/1085_6_EJLERA">n</formula>
    <formula uri="http://libmeta.ru/me/formula/aux/1085_7_EJLERA">\sum_{i=0}^{n} a_{i} D(D-1) \ldots(D-i+1) y=f\left(e^{t}\right), \quad D=d / d t</formula>
    <formula uri="http://libmeta.ru/me/formula/aux/1085_8_EJLERA">x=0</formula>
    <formula uri="http://libmeta.ru/me/formula/aux/1085_9_EJLERA">x&gt;0</formula>
    <formula uri="http://libmeta.ru/me/formula/aux/1085_10_EJLERA">x^{\alpha} \cos (\beta \ln x) \ln ^{m} x, x^{\alpha} \sin (\beta \ln x) \ln ^{m} x</formula>
    <formula uri="http://libmeta.ru/me/formula/aux/1085_11_EJLERA">x&lt;0</formula>
    <formula uri="http://libmeta.ru/me/formula/aux/1085_12_EJLERA">x=-e^{t}</formula>
    <formula uri="http://libmeta.ru/me/formula/aux/1085_13_EJLERA">x</formula>
    <formula uri="http://libmeta.ru/me/formula/aux/1085_14_EJLERA">|x|</formula>
    <formula uri="http://libmeta.ru/me/formula/aux/1085_15_EJLERA">\alpha, \beta, a_{j}</formula>
    <formula uri="http://libmeta.ru/me/formula/aux/1085_16_EJLERA">\alpha \neq 0, a_{n} \neq 0</formula>
    <formula uri="http://libmeta.ru/me/formula/aux/1085_17_EJLERA">x(t)</formula>
    <formula uri="http://libmeta.ru/me/formula/aux/1085_18_EJLERA">t_{1} \leqslant t \leqslant t_{2}</formula>
    <formula uri="http://libmeta.ru/me/formula/aux/1085_19_EJLERA">x(t)</formula>
    <formula uri="http://libmeta.ru/me/formula/aux/1085_20_EJLERA">f_{\ddot{x} \dot{x}} \neq 0</formula>
    <formula uri="http://libmeta.ru/me/formula/aux/1085_21_EJLERA">(t, x)</formula>
    <formula uri="http://libmeta.ru/me/formula/aux/1085_22_EJLERA">\ddot{x}</formula>
    <formula uri="http://libmeta.ru/me/formula/aux/1085_23_EJLERA">f_{\dot{x} \dot{x}} \neq 0</formula>
    <formula uri="http://libmeta.ru/me/formula/aux/1085_24_EJLERA">\ddot{x}</formula>
    <formula uri="http://libmeta.ru/me/formula/aux/1085_25_EJLERA">x(t)</formula>
    <formula uri="http://libmeta.ru/me/formula/aux/1085_26_EJLERA">x(t)</formula>
    <formula uri="http://libmeta.ru/me/formula/aux/1085_27_EJLERA">f_{\dot{x}}</formula>
    <formula uri="http://libmeta.ru/me/formula/aux/1085_28_EJLERA">f-\dot{x} F_{\dot{x}}</formula>
    <formula uri="http://libmeta.ru/me/formula/aux/1085_29_EJLERA">x(t)</formula>
    <formula uri="http://libmeta.ru/me/formula/aux/1085_30_EJLERA">c_{1}</formula>
    <formula uri="http://libmeta.ru/me/formula/aux/1085_31_EJLERA">c_{2}</formula>
    <formula uri="http://libmeta.ru/me/formula/aux/1085_32_EJLERA">j\left(x^{1}, \ldots, x^{n}\right)=\int_{t_{1}}^{t_{2}} F\left(t, x^{1}, \ldots, x^{n}, \dot{x}^{1}, \ldots, \dot{x}^{n}\right) d t</formula>
    <formula uri="http://libmeta.ru/me/formula/aux/1085_33_EJLERA">n</formula>
    <formula uri="http://libmeta.ru/me/formula/aux/1085_34_EJLERA">2 n</formula>
    <formula uri="http://libmeta.ru/me/formula/aux/1085_35_EJLERA">2 n</formula>
    <formula uri="http://libmeta.ru/me/formula/aux/1085_36_EJLERA">n</formula>
    <formula uri="http://libmeta.ru/me/formula/aux/1085_37_EJLERA">x=\left(x^{1}, \ldots, x^{n}\right)</formula>
    <formula uri="http://libmeta.ru/me/formula/aux/1085_38_EJLERA">\psi_{\mu}\left(t_{1}, x\left(t_{1}\right), t_{2}, x\left(t_{2}\right)\right)=0, \mu=1, \ldots, p, p \leqslant 2 n+2(10)</formula>
    <formula uri="http://libmeta.ru/me/formula/aux/1085_39_EJLERA">\lambda_{0}</formula>
    <formula uri="http://libmeta.ru/me/formula/aux/1085_40_EJLERA">\lambda_{i}(t), i=1, \ldots</formula>
    <formula uri="http://libmeta.ru/me/formula/aux/1085_41_EJLERA">m</formula>
    <formula uri="http://libmeta.ru/me/formula/aux/1085_42_EJLERA">f</formula>
    <formula uri="http://libmeta.ru/me/formula/aux/1085_43_EJLERA">\varphi_{i}</formula>
    <formula uri="http://libmeta.ru/me/formula/aux/1085_44_EJLERA">m+n</formula>
    <formula uri="http://libmeta.ru/me/formula/aux/1085_45_EJLERA">m</formula>
  </formulas_aux>
  <relations n="15">
    <relation uri="http://libmeta.ru/me/relation/1085_1_EJLERA">
      <rel_text>условию Якоби</rel_text>
      <target>http://libmeta.ru/me/article/1242_JaKOBI</target>
    </relation>
    <relation uri="http://libmeta.ru/me/relation/1085_2_EJLERA">
      <rel_text>условию Вейерштрасса</rel_text>
      <target>http://libmeta.ru/me/article/631_VEJERІІTRASSA</target>
    </relation>
    <relation uri="http://libmeta.ru/me/relation/1085_3_EJLERA">
      <rel_text>условию Клебша</rel_text>
      <target>http://libmeta.ru/me/article/896_KLEBIIA</target>
    </relation>
    <relation uri="http://libmeta.ru/me/relation/1085_4_EJLERA">
      <rel_text>вариационной задачи</rel_text>
      <target>http://libmeta.ru/me/article/597_VARIATsIONNAJa</target>
    </relation>
    <relation uri="http://libmeta.ru/me/relation/1085_5_EJLERA">
      <rel_text>условий трансверсальности</rel_text>
      <target>http://libmeta.ru/me/article/462_TRANSVERSAL'NOSTI</target>
    </relation>
    <relation uri="http://libmeta.ru/me/relation/1085_6_EJLERA">
      <rel_text>вариационной задачи</rel_text>
      <target>http://libmeta.ru/me/article/597_VARIATsIONNAJa</target>
    </relation>
    <relation uri="http://libmeta.ru/me/relation/1085_7_EJLERA">
      <rel_text>задачу</rel_text>
      <target>http://libmeta.ru/me/article/10_ZAdAch</target>
    </relation>
    <relation uri="http://libmeta.ru/me/relation/1085_8_EJLERA">
      <rel_text>получают</rel_text>
      <target>http://libmeta.ru/me/article/473_POLUNORM</target>
    </relation>
    <relation uri="http://libmeta.ru/me/relation/1085_9_EJLERA">
      <rel_text>условие трансверсальности</rel_text>
      <target>http://libmeta.ru/me/article/462_TRANSVERSAL'NOSTI</target>
    </relation>
    <relation uri="http://libmeta.ru/me/relation/1085_10_EJLERA">
      <rel_text>совпадают</rel_text>
      <target>http://libmeta.ru/me/article/59_SOVPADENI</target>
    </relation>
    <relation uri="http://libmeta.ru/me/relation/1085_11_EJLERA">
      <rel_text>уравнений</rel_text>
      <target>http://libmeta.ru/me/article/106_URAVNENI</target>
    </relation>
    <relation uri="http://libmeta.ru/me/relation/1085_12_EJLERA">
      <rel_text>уравнений</rel_text>
      <target>http://libmeta.ru/me/article/106_URAVNENI</target>
    </relation>
    <relation uri="http://libmeta.ru/me/relation/1085_13_EJLERA">
      <rel_text>дифференциальных</rel_text>
      <target>http://libmeta.ru/me/article/302_DIFFERENTsIROVANI</target>
    </relation>
    <relation uri="http://libmeta.ru/me/relation/1085_14_EJLERA">
      <rel_text>системе</rel_text>
      <target>http://libmeta.ru/me/article/350_SISTEM</target>
    </relation>
    <relation uri="http://libmeta.ru/me/relation/1085_15_EJLERA">
      <rel_text>вариационной задачи</rel_text>
      <target>http://libmeta.ru/me/article/597_VARIATsIONNAJa</target>
    </relation>
  </relations>
  <text>1) Э. У.- линейное обыкновенное дифференциальное уравнение $URI[[http://libmeta.ru/me/formula/aux/1085_1_EJLERA]]/URI$-го порядка

\[
URI[[http://libmeta.ru/me/formula/main/1085_1_EJLERA]]/URI
\]

где $URI[[http://libmeta.ru/me/formula/aux/1085_2_EJLERA]]/URI$ константы, $URI[[http://libmeta.ru/me/formula/aux/1085_3_EJLERA]]/URI$. Это уравнение подробно исследовал J. Эйлер (l. Euler), начиная c 1740 .

Замена независимой переменной $URI[[http://libmeta.ru/me/formula/aux/1085_4_EJLERA]]/URI$ приводит уравнение (1) при $URI[[http://libmeta.ru/me/formula/aux/1085_5_EJLERA]]/URI$ к линейному уравнению $URI[[http://libmeta.ru/me/formula/aux/1085_6_EJLERA]]/URI$-го порядка с постоянными коэффициевтами

$URI[[http://libmeta.ru/me/formula/aux/1085_7_EJLERA]]/URI$.

Характеристич. уравнение этого линейного уравнения наз. о п р өд е ля ющим у р а внением Э. Точка $URI[[http://libmeta.ru/me/formula/aux/1085_8_EJLERA]]/URI$ является регулярной асобой точкой однородного Э. у. Фундаментальная система (действительных) решений действительного однородного уравнения (1) на полуоси $URI[[http://libmeta.ru/me/formula/aux/1085_9_EJLERA]]/URI$ состоит из функций вида

$URI[[http://libmeta.ru/me/formula/aux/1085_10_EJLERA]]/URI$.

Если $URI[[http://libmeta.ru/me/formula/aux/1085_11_EJLERA]]/URI$, то в уравнении (1) нужно сделать подстановку $URI[[http://libmeta.ru/me/formula/aux/1085_12_EJLERA]]/URI$, а в выражениях (2) заменить $URI[[http://libmeta.ru/me/formula/aux/1085_13_EJLERA]]/URI$ на $URI[[http://libmeta.ru/me/formula/aux/1085_14_EJLERA]]/URI$.

Более общее, чем (1), у р а в в е н и е Л а г р а нж a

\[
URI[[http://libmeta.ru/me/formula/main/1085_2_EJLERA]]/URI
\]

где $URI[[http://libmeta.ru/me/formula/aux/1085_15_EJLERA]]/URI$ - константы, $URI[[http://libmeta.ru/me/formula/aux/1085_16_EJLERA]]/URI$, подстановкой

\[
URI[[http://libmeta.ru/me/formula/main/1085_3_EJLERA]]/URI
\]

также сводится к линейному уравнению с постоянными коэффициентами.

Лum.: [1] К а м к е Ә., Справочник по обыкновенным диф-

![](https://cdn.mathpix.com/cropped/2023_07_09_eed455009745e791081eg-1.jpg?height=52&amp;width=789&amp;top_left_y=892&amp;top_left_x=982)

2) Э. у. - необходимое условие экстремума в задачах вариационного исчисления, полученное Л. Эйлером (l. Euler, 1744). Впоследствии, используя другой метод, это уравнение вывел Ж. Лагранж (j. Lagrange, 1759). В связи с этим Э. у. иногда наз. у р а в в е в и е м Эй л е р а - Л а г р а н ж а. Э. у. представляет собой необходимое условие обращения в нуль 1-й вариации функционала.

Пусть поставлена задача вариационного исчисления, состоящая в определении экстремума функционала

\[
URI[[http://libmeta.ru/me/formula/main/1085_4_EJLERA]]/URI
\]

при иввестных условиях на концах

\[
URI[[http://libmeta.ru/me/formula/main/1085_5_EJLERA]]/URI
\]

И пусть вепрерывно дифференцируемая функция $URI[[http://libmeta.ru/me/formula/aux/1085_17_EJLERA]]/URI$, $URI[[http://libmeta.ru/me/formula/aux/1085_18_EJLERA]]/URI$, есть решение задачи (1), (2). Тогда $URI[[http://libmeta.ru/me/formula/aux/1085_19_EJLERA]]/URI$ удовлетворяет у ра в н е н и ю Э й л е р а:

\[
URI[[http://libmeta.ru/me/formula/main/1085_6_EJLERA]]/URI
\]

Уравнение (3) можно записать в развернутом виде

\[
URI[[http://libmeta.ru/me/formula/main/1085_7_EJLERA]]/URI
\]

Гладкое решение уравнения (3) или (4) наз. ә к с тр е м а л ь ю. Если $URI[[http://libmeta.ru/me/formula/aux/1085_20_EJLERA]]/URI$ в точке $URI[[http://libmeta.ru/me/formula/aux/1085_21_EJLERA]]/URI$, лежащей на экстремали, то в этой точке экстремаль пмеет непрерывную 2 -ю производную $URI[[http://libmeta.ru/me/formula/aux/1085_22_EJLERA]]/URI$. Экстремаль, во всех точках к-рой $URI[[http://libmeta.ru/me/formula/aux/1085_23_EJLERA]]/URI$, наз. н е о с о б е н в о й. Для неособенвой экстремали Э. у. можно записать в виде, разрешенном относительно 2 -й производной $URI[[http://libmeta.ru/me/formula/aux/1085_24_EJLERA]]/URI$.

Рөшение вариационной задачи (1), (2) необязательно должно быть непрерывно дифференцируемым. В общем случае оптимальное репение $URI[[http://libmeta.ru/me/formula/aux/1085_25_EJLERA]]/URI$ может быть кусочно дифференцируемой функцией. Тогда в угловых точках $URI[[http://libmeta.ru/me/formula/aux/1085_26_EJLERA]]/URI$ должны выполняться необходимые условия Вейерштрасса-Эрдмана, обеспечивающие непрерывность при переходе через угловую точку выражений $URI[[http://libmeta.ru/me/formula/aux/1085_27_EJLERA]]/URI$ и $URI[[http://libmeta.ru/me/formula/aux/1085_28_EJLERA]]/URI$, а на отрезках между соседними угловыми точками функция $URI[[http://libmeta.ru/me/formula/aux/1085_29_EJLERA]]/URI$ должна удовлетворять Э. у. Кусочно гладкие линии, составленные из кусков әкстремалей и удовлетворяющие в угловых точках условиям Вейерптрасса - Эрдмана, наз. л о м а ны м и э к с т р ө м аля м и. В общем случае дифференцивльное Э. у. является уравнением 2-го порядка и, следовательно, его обцее репение зависит от двух произвольных постоянных $URI[[http://libmeta.ru/me/formula/aux/1085_30_EJLERA]]/URI$ и $URI[[http://libmeta.ru/me/formula/aux/1085_31_EJLERA]]/URI$ :

\[
URI[[http://libmeta.ru/me/formula/main/1085_8_EJLERA]]/URI
\]

Эти произвольные постоянные можно определить из граничных условий (2):

\[
URI[[http://libmeta.ru/me/formula/main/1085_9_EJLERA]]/URI
\]

Если рассматривается функционал, зависящий от нескольких функций

$URI[[http://libmeta.ru/me/formula/aux/1085_32_EJLERA]]/URI$,

то вместо одного Э. у. приходят к системе $URI[[http://libmeta.ru/me/formula/aux/1085_33_EJLERA]]/URI$ Э. у.

\[
URI[[http://libmeta.ru/me/formula/main/1085_10_EJLERA]]/URI
\]

Общее решение системы (7) зависит от $URI[[http://libmeta.ru/me/formula/aux/1085_34_EJLERA]]/URI$ произвольных постоянных, к-рые определяются из заданных $URI[[http://libmeta.ru/me/formula/aux/1085_35_EJLERA]]/URI$ граничных условий (для задачи с закрепленными концами).

Для вариационных задач с подвижными концами, в к-рых левый и правый концы әкстремали могут смещаться по нек-рым заданным гиперповерхностям, недостающие граничные условия, позволяющие получить замкнутую систему соотношений типа (5), определяются с помощью необходимого трансверсальности условия.

Для функционалов, содержащих производные высших порядков (а не только 1-го, как (1), (6)) необходимое условие, аналогичное Э. у., записывается в виде дифференциального уравнения Эйлера - Пуассона (см. [1]).

Для вариационных задач, в к-рых разыскивается экстремум функционалов, зависящих от функций нескольких переменных, аналогичное Э. У. необходимое условие записывается в виде уравнения Эйлера - Остроградского, представляющего собой дифференциальное уравнение с тастными производными (см. [2]).

В случае вариационных задач на условный экстремум получение системы Э. у. связано с использованием Лiаәранжа множителей. Напр., для Больца задачи, в к-рой требуется найти әкстремум функционала, зависящего от $URI[[http://libmeta.ru/me/formula/aux/1085_36_EJLERA]]/URI$ функций $URI[[http://libmeta.ru/me/formula/aux/1085_37_EJLERA]]/URI$,

\[
URI[[http://libmeta.ru/me/formula/main/1085_11_EJLERA]]/URI
\]

при наличии дифференциальных ограничений типа равенств

\[
URI[[http://libmeta.ru/me/formula/main/1085_12_EJLERA]]/URI
\]

и граничных условий

$URI[[http://libmeta.ru/me/formula/aux/1085_38_EJLERA]]/URI$ с помощью множителей Лагранжа $URI[[http://libmeta.ru/me/formula/aux/1085_39_EJLERA]]/URI$ и $URI[[http://libmeta.ru/me/formula/aux/1085_40_EJLERA]]/URI$, $URI[[http://libmeta.ru/me/formula/aux/1085_41_EJLERA]]/URI$, из $URI[[http://libmeta.ru/me/formula/aux/1085_42_EJLERA]]/URI$ и $URI[[http://libmeta.ru/me/formula/aux/1085_43_EJLERA]]/URI$ составляется функция

\[
URI[[http://libmeta.ru/me/formula/main/1085_13_EJLERA]]/URI
\]

и Э. у. записываются в виде

\[
URI[[http://libmeta.ru/me/formula/main/1085_14_EJLERA]]/URI
\]

Таким образом, оптимальное решение URI[[http://libmeta.ru/me/relation/1085_15_EJLERA]]/URI (8) - (10) должно удовлетворять URI[[http://libmeta.ru/me/relation/1085_14_EJLERA]]/URI $URI[[http://libmeta.ru/me/formula/aux/1085_44_EJLERA]]/URI$ URI[[http://libmeta.ru/me/relation/1085_13_EJLERA]]/URI URI[[http://libmeta.ru/me/relation/1085_12_EJLERA]]/URI Эйлера (11), причем первые $URI[[http://libmeta.ru/me/formula/aux/1085_45_EJLERA]]/URI$ из этих URI[[http://libmeta.ru/me/relation/1085_11_EJLERA]]/URI URI[[http://libmeta.ru/me/relation/1085_10_EJLERA]]/URI с заданными условиями связи (9). Используя дополнительно необходимое URI[[http://libmeta.ru/me/relation/1085_9_EJLERA]]/URI, URI[[http://libmeta.ru/me/relation/1085_8_EJLERA]]/URI замкнутую крае- вую URI[[http://libmeta.ru/me/relation/1085_7_EJLERA]]/URI для определения решения URI[[http://libmeta.ru/me/relation/1085_6_EJLERA]]/URI (8) - (10).

Помимо Э. у. и URI[[http://libmeta.ru/me/relation/1085_5_EJLERA]]/URI оптимальное решение URI[[http://libmeta.ru/me/relation/1085_4_EJLERA]]/URI должно удовлетворять остальным необходимым условиям: URI[[http://libmeta.ru/me/relation/1085_3_EJLERA]]/URI (лежандра), URI[[http://libmeta.ru/me/relation/1085_2_EJLERA]]/URI и URI[[http://libmeta.ru/me/relation/1085_1_EJLERA]]/URI.</text>
  <text_orig>1) Э. У.- линейное обыкновенное дифференциальное уравнение $n$-го порядка

\[
\sum_{i=0}^{n} a_{i} x^{i} \frac{d^{i} y}{d x^{i}}=f(x),
\]

где $a_{i}, i=0,1, \ldots, n,-$ константы, $a_{n} \neq 0$. Это уравнение подробно исследовал J. Эйлер (L. Euler), начиная c 1740 .

Замена независимой переменной $x=e^{t}$ приводит уравнение (1) при $x&gt;0$ к линейному уравнению $n$-го порядка с постоянными коэффициевтами

$\sum_{i=0}^{n} a_{i} D(D-1) \ldots(D-i+1) y=f\left(e^{t}\right), \quad D=d / d t$.

Характеристич. уравнение этого линейного уравнения наз. о п р өд е ля ющим у р а внением Э. Точка $x=0$ является регулярной асобой точкой однородного Э. у. Фундаментальная система (действительных) решений действительного однородного уравнения (1) на полуоси $x&gt;0$ состоит из функций вида

$x^{\alpha} \cos (\beta \ln x) \ln ^{m} x, x^{\alpha} \sin (\beta \ln x) \ln ^{m} x$.

Если $x&lt;0$, то в уравнении (1) нужно сделать подстановку $x=-e^{t}$, а в выражениях (2) заменить $x$ на $|x|$.

Более общее, чем (1), у р а в в е н и е Л а г р а нж a

\[
\sum_{j=0}^{n} a_{j}(\alpha x+\beta)^{j} y^{(j)}=f(x)
\]

где $\alpha, \beta, a_{j}$ - константы, $\alpha \neq 0, a_{n} \neq 0$, подстановкой

\[
\alpha x+\beta=e^{t} \text { или } \alpha x+\beta=-e^{t}
\]

также сводится к линейному уравнению с постоянными коэффициентами.

Лum.: [1] К а м к е Ә., Справочник по обыкновенным диф-

![](https://cdn.mathpix.com/cropped/2023_07_09_eed455009745e791081eg-1.jpg?height=52&amp;width=789&amp;top_left_y=892&amp;top_left_x=982)

2) Э. у. - необходимое условие экстремума в задачах вариационного исчисления, полученное Л. Эйлером (L. Euler, 1744). Впоследствии, используя другой метод, это уравнение вывел Ж. Лагранж (J. Lagrange, 1759). В связи с этим Э. у. иногда наз. у р а в в е в и е м Эй л е р а - Л а г р а н ж а. Э. у. представляет собой необходимое условие обращения в нуль 1-й вариации функционала.

Пусть поставлена задача вариационного исчисления, состоящая в определении экстремума функционала

\[
J(x)=\int_{t_{1}}^{t_{2}} F(t, x, \dot{x}) d t
\]

при иввестных условиях на концах

\[
x\left(t_{1}\right)=x_{1}, \quad x\left(t_{2}\right)=x_{2} .
\]

И пусть вепрерывно дифференцируемая функция $x(t)$, $t_{1} \leqslant t \leqslant t_{2}$, есть решение задачи (1), (2). Тогда $x(t)$ удовлетворяет у ра в н е н и ю Э й л е р а:

\[
F_{x}-\frac{d}{d t_{1}} F_{\dot{x}}=0 .
\]

Уравнение (3) можно записать в развернутом виде

\[
F_{x}-F_{t \dot{x}}-F_{x \dot{x}} \dot{x}-F_{\dot{x}} \dot{x}=0 .
\]

Гладкое решение уравнения (3) или (4) наз. ә к с тр е м а л ь ю. Если $F_{\ddot{x} \dot{x}} \neq 0$ в точке $(t, x)$, лежащей на экстремали, то в этой точке экстремаль пмеет непрерывную 2 -ю производную $\ddot{x}$. Экстремаль, во всех точках к-рой $F_{\dot{x} \dot{x}} \neq 0$, наз. н е о с о б е н в о й. Для неособенвой экстремали Э. у. можно записать в виде, разрешенном относительно 2 -й производной $\ddot{x}$.

Рөшение вариационной задачи (1), (2) необязательно должно быть непрерывно дифференцируемым. В общем случае оптимальное репение $x(t)$ может быть кусочно дифференцируемой функцией. Тогда в угловых точках $x(t)$ должны выполняться необходимые условия Вейерштрасса-Эрдмана, обеспечивающие непрерывность при переходе через угловую точку выражений $F_{\dot{x}}$ и $F-\dot{x} F_{\dot{x}}$, а на отрезках между соседними угловыми точками функция $x(t)$ должна удовлетворять Э. у. Кусочно гладкие линии, составленные из кусков әкстремалей и удовлетворяющие в угловых точках условиям Вейерптрасса - Эрдмана, наз. л о м а ны м и э к с т р ө м аля м и. В общем случае дифференцивльное Э. у. является уравнением 2-го порядка и, следовательно, его обцее репение зависит от двух произвольных постоянных $c_{1}$ и $c_{2}$ :

\[
x=f\left(t, c_{1}, c_{2}\right) .
\]

Эти произвольные постоянные можно определить из граничных условий (2):

\[
\left.\begin{array}{l}
f\left(t_{1}, c_{1}, c_{2}\right)=x_{1} \\
f\left(t_{2}, c_{1}, c_{2}\right)=x_{2}
\end{array}\right\}
\]

Если рассматривается функционал, зависящий от нескольких функций

$J\left(x^{1}, \ldots, x^{n}\right)=\int_{t_{1}}^{t_{2}} F\left(t, x^{1}, \ldots, x^{n}, \dot{x}^{1}, \ldots, \dot{x}^{n}\right) d t$,

то вместо одного Э. у. приходят к системе $n$ Э. у.

\[
F_{\dot{x}}:-\frac{d}{d t} F_{\dot{x}} i=0, \quad i=1, \ldots, n .
\]

Общее решение системы (7) зависит от $2 n$ произвольных постоянных, к-рые определяются из заданных $2 n$ граничных условий (для задачи с закрепленными концами).

Для вариационных задач с подвижными концами, в к-рых левый и правый концы әкстремали могут смещаться по нек-рым заданным гиперповерхностям, недостающие граничные условия, позволяющие получить замкнутую систему соотношений типа (5), определяются с помощью необходимого трансверсальности условия.

Для функционалов, содержащих производные высших порядков (а не только 1-го, как (1), (6)) необходимое условие, аналогичное Э. у., записывается в виде дифференциального уравнения Эйлера - Пуассона (см. [1]).

Для вариационных задач, в к-рых разыскивается экстремум функционалов, зависящих от функций нескольких переменных, аналогичное Э. У. необходимое условие записывается в виде уравнения Эйлера - Остроградского, представляющего собой дифференциальное уравнение с тастными производными (см. [2]).

В случае вариационных задач на условный экстремум получение системы Э. у. связано с использованием ЛIаәранжа множителей. Напр., для Больца задачи, в к-рой требуется найти әкстремум функционала, зависящего от $n$ функций $x=\left(x^{1}, \ldots, x^{n}\right)$,

\[
J(x)=\int_{t_{1}}^{t_{2}} f(t, x, \dot{x}) d t+g\left(t_{1}, x\left(t_{1}\right), t_{2}, x\left(t_{2}\right)\right)
\]

при наличии дифференциальных ограничений типа равенств

\[
\varphi_{i}(t, x, \dot{x})=0, \quad i=1, \ldots, m, \quad m&lt;n,
\]

и граничных условий

$\psi_{\mu}\left(t_{1}, x\left(t_{1}\right), t_{2}, x\left(t_{2}\right)\right)=0, \mu=1, \ldots, p, p \leqslant 2 n+2(10)$ с помощью множителей Лагранжа $\lambda_{0}$ и $\lambda_{i}(t), i=1, \ldots$, $m$, из $f$ и $\varphi_{i}$ составляется функция

\[
F(t, x, \dot{x}, \lambda)=\lambda_{0} f(t, x, \dot{x})+\sum_{i=1}^{m} \varphi_{i}(t, x, \dot{x})
\]

и Э. у. записываются в виде

\[
\left.\begin{array}{l}
F_{\lambda_{i}}-\frac{d}{d t} F_{\dot{\lambda}_{i}}=\varphi_{i}(t, x, \dot{x})=0, \quad i=1, \ldots, m, \\
F_{x^{i}}-\frac{d}{d t} F_{x^{i}}=0, \quad i=1, \ldots, n .
\end{array}\right\}
\]

Таким образом, оптимальное решение вариационной задачи (8) - (10) должно удовлетворять системе $m+n$ дифференциальных уравнений Эйлера (11), причем первые $m$ из этих уравнений совпадают с заданными условиями связи (9). Используя дополнительно необходимое условие трансверсальности, получают замкнутую крае- вую задачу для определения решения вариационной задачи (8) - (10).

Помимо Э. у. и условий трансверсальности оптимальное решение вариационной задачи должно удовлетворять остальным необходимым условиям: условию Клебша (Лежандра), условию Вейерштрасса и условию Якоби.

Лит.: [1] А х и е з е p Н. И., Лекции по вариационному исчислению, М., 1955; [2] Л а в р е н т b e в M. A., Л г с т е p-

![](https://cdn.mathpix.com/cropped/2023_07_09_a273605a34468f71195cg-1.jpg?height=42&amp;width=801&amp;top_left_y=445&amp;top_left_x=989)

3) Э. у. - дифференциальное уравнение вида

\[
\frac{d x}{\sqrt{\boldsymbol{X}}}+\frac{d y}{\sqrt{\mathbf{Y}}}=0
\]

где

\[
\begin{aligned}
&amp; X(x)=a_{0} x^{4}+a_{1} x^{3}+a_{2} x^{2}+a_{3} x+a_{4}, \\
&amp; Y(x)=a_{0} y^{4}+a_{1} y^{3}+a_{2} y^{2}+a_{3} y+a_{4} .
\end{aligned}
\]

Л. Эйлер (L. Euler) рассматривал это уравнение в ряде работ начиная с 1753. Он показал, что общее решение этого уравнения имеет вид $F(x, y)=0$, где $F(x, y)-$ симметрич. многочлен 4-й степени от $x$ и $y$. БСЭ-3.</text_orig>
</article>
