<?xml version="1.0" ?>
<article uri="http://libmeta.ru/me/article/1086_KONTRAPOZITsII" alphabetic_pos="1086">
  <title>КОНТРАПОЗИЦИИ ЗАКОН</title>
  <authors/>
  <pages>
    <start>537</start>
    <end>537</end>
  </pages>
  <literature>
    <literature_orig/>
  </literature>
  <formulas_main>
    <formula uri="http://libmeta.ru/me/formula/main/1086_1_KONTRAPOZITsII">(A \supset B) \supset(\neg B \supset \neg A)</formula>
  </formulas_main>
  <formulas_aux>
    <formula uri="http://libmeta.ru/me/formula/aux/1086_1_KONTRAPOZITsII">\begin{array}{ll}\text { тивной логикой. } &amp; \text { C. K. Соболев. }\end{array}</formula>
  </formulas_aux>
  <relations n="0"/>
  <text>логический принцип, согласно к-рому если из одного утверждения следует другое, то отрицание последнего влечет отрицание первого:

\[
URI[[http://libmeta.ru/me/formula/main/1086_1_KONTRAPOZITsII]]/URI
\]

К. з. приншмается как классической, так п конструк$URI[[http://libmeta.ru/me/formula/aux/1086_1_KONTRAPOZITsII]]/URI$</text>
  <text_orig>логический принцип, согласно к-рому если из одного утверждения следует другое, то отрицание последнего влечет отрицание первого:

\[
(A \supset B) \supset(\neg B \supset \neg A)
\]

К. з. приншмается как классической, так п конструк$\begin{array}{ll}\text { тивной логикой. } &amp; \text { C. K. Соболев. }\end{array}$</text_orig>
</article>
