<?xml version="1.0" ?>
<article uri="http://libmeta.ru/me/article/1086_REIIENIE" alphabetic_pos="1086">
  <title>РЕIIЕНИЕ в т е о р и и и г р</title>
  <authors/>
  <pages>
    <start>491</start>
    <end>491</end>
  </pages>
  <literature>
    <literature_orig>Лит.: [1] Н е й м а н Д ж., М о р г е н ш т е р н О., Теория игр п экономическое поведение, пер. с англ., М., 1970 ; [2] О у-ә н Г., Теория игр, пер. с англ , М., 1971 .</literature_orig>
    <unit>
      <title>Н е й м а н Д ж., М о р г е н ш т е р н О., Теория игр п экономическое поведение</title>
      <publication>пер. с англ., М.</publication>
      <year>1970</year>
      <other/>
    </unit>
    <unit>
      <author>Оу-ән Г.</author>
      <title>Теория игр</title>
      <publication>пер. с англ, М.</publication>
      <year>1971</year>
      <other/>
    </unit>
  </literature>
  <formulas_main/>
  <formulas_aux>
    <formula uri="http://libmeta.ru/me/formula/aux/1086_1_REIIENIE">(\mathrm{h}</formula>
    <formula uri="http://libmeta.ru/me/formula/aux/1086_2_REIIENIE">\mathrm{m}</formula>
  </formulas_aux>
  <relations n="14">
    <relation uri="http://libmeta.ru/me/relation/1086_1_REIIENIE">
      <rel_text>Доминирование</rel_text>
      <target>http://libmeta.ru/me/article/333_DOMINIROVANI</target>
    </relation>
    <relation uri="http://libmeta.ru/me/relation/1086_2_REIIENIE">
      <rel_text>Бескоалиционная игра</rel_text>
      <target>http://libmeta.ru/me/article/416_BESKOALITsIONNAJa</target>
    </relation>
    <relation uri="http://libmeta.ru/me/relation/1086_3_REIIENIE">
      <rel_text>схемах</rel_text>
      <target>http://libmeta.ru/me/article/329_SHEMNAJa</target>
    </relation>
    <relation uri="http://libmeta.ru/me/relation/1086_4_REIIENIE">
      <rel_text>множества</rel_text>
      <target>http://libmeta.ru/me/article/733_MNOZhESTV</target>
    </relation>
    <relation uri="http://libmeta.ru/me/relation/1086_5_REIIENIE">
      <rel_text>доминирующий</rel_text>
      <target>http://libmeta.ru/me/article/333_DOMINIROVANI</target>
    </relation>
    <relation uri="http://libmeta.ru/me/relation/1086_6_REIIENIE">
      <rel_text>множеству</rel_text>
      <target>http://libmeta.ru/me/article/733_MNOZhESTV</target>
    </relation>
    <relation uri="http://libmeta.ru/me/relation/1086_7_REIIENIE">
      <rel_text>дележа</rel_text>
      <target>http://libmeta.ru/me/article/96_DELENI</target>
    </relation>
    <relation uri="http://libmeta.ru/me/relation/1086_8_REIIENIE">
      <rel_text>дележей</rel_text>
      <target>http://libmeta.ru/me/article/96_DELENI</target>
    </relation>
    <relation uri="http://libmeta.ru/me/relation/1086_9_REIIENIE">
      <rel_text>множество</rel_text>
      <target>http://libmeta.ru/me/article/733_MNOZhESTV</target>
    </relation>
    <relation uri="http://libmeta.ru/me/relation/1086_10_REIIENIE">
      <rel_text>функции</rel_text>
      <target>http://libmeta.ru/me/article/790_FUNKTO</target>
    </relation>
    <relation uri="http://libmeta.ru/me/relation/1086_11_REIIENIE">
      <rel_text>седловая точка</rel_text>
      <target>http://libmeta.ru/me/article/1247_SEDLOVAJa</target>
    </relation>
    <relation uri="http://libmeta.ru/me/relation/1086_12_REIIENIE">
      <rel_text>принципу оптимальности</rel_text>
      <target>http://libmeta.ru/me/article/46_OPTIMAL'NOSTI</target>
    </relation>
    <relation uri="http://libmeta.ru/me/relation/1086_13_REIIENIE">
      <rel_text>модели</rel_text>
      <target>http://libmeta.ru/me/article/741_MODEL</target>
    </relation>
    <relation uri="http://libmeta.ru/me/relation/1086_14_REIIENIE">
      <rel_text>множество</rel_text>
      <target>http://libmeta.ru/me/article/733_MNOZhESTV</target>
    </relation>
  </relations>
  <text>исход (или URI[[http://libmeta.ru/me/relation/1086_14_REIIENIE]]/URI исходов), удовлетворяющий принятому в данной URI[[http://libmeta.ru/me/relation/1086_13_REIIENIE]]/URI URI[[http://libmeta.ru/me/relation/1086_12_REIIENIE]]/URI. Выделяют следуюпце основные типы Р.: 1) р е ш е н и е п о Н ә ш у (см. URI[[http://libmeta.ru/me/relation/1086_2_REIIENIE]]/URI), в частности URI[[http://libmeta.ru/me/relation/1086_11_REIIENIE]]/URI URI[[http://libmeta.ru/me/relation/1086_10_REIIENIE]]/URI выигрыша в антагонистич. играх; 2) р е пі ение по Н е йман у $URI[[http://libmeta.ru/me/formula/aux/1086_1_REIIENIE]]/URI$ - $URI[[http://libmeta.ru/me/formula/aux/1086_2_REIIENIE]]/URI$ - р е ш е н е) - URI[[http://libmeta.ru/me/relation/1086_9_REIIENIE]]/URI URI[[http://libmeta.ru/me/relation/1086_8_REIIENIE]]/URI, никакие два из к-рых не доминируют друг друга, причем для каждого URI[[http://libmeta.ru/me/relation/1086_7_REIIENIE]]/URI, не принадлежащего этому URI[[http://libmeta.ru/me/relation/1086_6_REIIENIE]]/URI, найдется URI[[http://libmeta.ru/me/relation/1086_5_REIIENIE]]/URI его дележ из этого URI[[http://libmeta.ru/me/relation/1086_4_REIIENIE]]/URI (см. URI[[http://libmeta.ru/me/relation/1086_1_REIIENIE]]/URI); 3) р е ш е ни е Н э пі а в арбитражных URI[[http://libmeta.ru/me/relation/1086_3_REIIENIE]]/URI.</text>
  <text_orig>исход (или множество исходов), удовлетворяющий принятому в данной модели принципу оптимальности. Выделяют следуюпце основные типы Р.: 1) р е ш е н и е п о Н ә ш у (см. Бескоалиционная игра), в частности седловая точка функции выигрыша в антагонистич. играх; 2) р е пі ение по Н е йман у $(\mathrm{H}$ - $\mathrm{M}$ - р е ш е н е) - множество дележей, никакие два из к-рых не доминируют друг друга, причем для каждого дележа, не принадлежащего этому множеству, найдется доминирующий его дележ из этого множества (см. Доминирование); 3) р е ш е ни е Н э пі а в арбитражных схемах.

Лит.: [1] Н е й м а н Д ж., М о р г е н ш т е р н О., Теория игр п экономическое поведение, пер. с англ., М., 1970 ; [2] О у-
ә н Г., Теория игр, пер. с англ , М., 1971 .</text_orig>
</article>
