<?xml version="1.0" ?>
<article uri="http://libmeta.ru/me/article/1087_REIIETA" alphabetic_pos="1087">
  <title>РЕIIETA МЕТОД</title>
  <authors/>
  <pages>
    <start>491</start>
    <end>491</end>
  </pages>
  <literature>
    <literature_orig>Лит.: [1] Ii p a х а p К., Распределение простых чисел, пер. с нем., М., 1967; [2] Г е л ь ф о н д А. О., Л и н н ик Ю.В., Элементарные методы в аналитической теории чисел, М., 1962; [3] Ha lbers a m H., R i c h e r t H., Sieve methods,</literature_orig>
    <unit>
      <author>Iipaхаp К.</author>
      <title>Распределение простых чисел</title>
      <publication>пер. с нем., М.</publication>
      <year>1967</year>
      <other/>
    </unit>
    <unit>
      <author>Гельфонд А. О.</author>
      <author>Линник Ю. В.</author>
      <title>Элементарные методы в аналитической теории чисел</title>
      <publication>М.</publication>
      <year>1962</year>
      <other/>
    </unit>
    <unit>
      <author>Halbersam H.</author>
      <author>Richert H.</author>
      <title/>
      <publication/>
      <year/>
      <other>Sieve methods</other>
    </unit>
  </literature>
  <formulas_main>
    <formula uri="http://libmeta.ru/me/formula/main/1087_1_REIIETA">R(X, q)=N\left(A_{q}\right)-(\omega(q) / q) X</formula>
    <formula uri="http://libmeta.ru/me/formula/main/1087_2_REIIETA">S\left(A_{q} ; P, z\right)=N\left(A_{q}\right)-\sum_{p&lt;z,} p \in P^{S}\left(A_{q p} ; P, p\right) .</formula>
  </formulas_main>
  <formulas_aux>
    <formula uri="http://libmeta.ru/me/formula/aux/1087_1_REIIETA">a</formula>
    <formula uri="http://libmeta.ru/me/formula/aux/1087_2_REIIETA">p</formula>
    <formula uri="http://libmeta.ru/me/formula/aux/1087_3_REIIETA">p</formula>
    <formula uri="http://libmeta.ru/me/formula/aux/1087_4_REIIETA">s(a ; P, z)</formula>
    <formula uri="http://libmeta.ru/me/formula/aux/1087_5_REIIETA">a</formula>
    <formula uri="http://libmeta.ru/me/formula/aux/1087_6_REIIETA">p&lt;z</formula>
    <formula uri="http://libmeta.ru/me/formula/aux/1087_7_REIIETA">n\left(a_{q}\right)</formula>
    <formula uri="http://libmeta.ru/me/formula/aux/1087_8_REIIETA">a_{q}</formula>
    <formula uri="http://libmeta.ru/me/formula/aux/1087_9_REIIETA">a</formula>
    <formula uri="http://libmeta.ru/me/formula/aux/1087_10_REIIETA">q</formula>
    <formula uri="http://libmeta.ru/me/formula/aux/1087_11_REIIETA">q=1</formula>
    <formula uri="http://libmeta.ru/me/formula/aux/1087_12_REIIETA">a_{q}=a</formula>
    <formula uri="http://libmeta.ru/me/formula/aux/1087_13_REIIETA">s\left(a_{q} ; P, z\right)</formula>
    <formula uri="http://libmeta.ru/me/formula/aux/1087_14_REIIETA">n\left(a_{q}\right)</formula>
    <formula uri="http://libmeta.ru/me/formula/aux/1087_15_REIIETA">(\omega(q) / q) X</formula>
    <formula uri="http://libmeta.ru/me/formula/aux/1087_16_REIIETA">x</formula>
    <formula uri="http://libmeta.ru/me/formula/aux/1087_17_REIIETA">n(a)</formula>
    <formula uri="http://libmeta.ru/me/formula/aux/1087_18_REIIETA">\omega(q)</formula>
    <formula uri="http://libmeta.ru/me/formula/aux/1087_19_REIIETA">\omega(p)=k</formula>
    <formula uri="http://libmeta.ru/me/formula/aux/1087_20_REIIETA">k</formula>
    <formula uri="http://libmeta.ru/me/formula/aux/1087_21_REIIETA">k=1</formula>
    <formula uri="http://libmeta.ru/me/formula/aux/1087_22_REIIETA">n</formula>
    <formula uri="http://libmeta.ru/me/formula/aux/1087_23_REIIETA">n=p+p_{2}</formula>
    <formula uri="http://libmeta.ru/me/formula/aux/1087_24_REIIETA">p-</formula>
    <formula uri="http://libmeta.ru/me/formula/aux/1087_25_REIIETA">p_{2}</formula>
  </formulas_aux>
  <relations n="16">
    <relation uri="http://libmeta.ru/me/relation/1087_1_REIIETA">
      <rel_text>Аддитивная теория чисел</rel_text>
      <target>http://libmeta.ru/me/article/71_ADDITIVNAJa</target>
    </relation>
    <relation uri="http://libmeta.ru/me/relation/1087_2_REIIETA">
      <rel_text>множителей</rel_text>
      <target>http://libmeta.ru/me/article/733_MNOZhESTV</target>
    </relation>
    <relation uri="http://libmeta.ru/me/relation/1087_3_REIIETA">
      <rel_text>простое число</rel_text>
      <target>http://libmeta.ru/me/article/740_PROSTOE</target>
    </relation>
    <relation uri="http://libmeta.ru/me/relation/1087_4_REIIETA">
      <rel_text>представимо</rel_text>
      <target>http://libmeta.ru/me/article/606_PREDPORJaDO</target>
    </relation>
    <relation uri="http://libmeta.ru/me/relation/1087_5_REIIETA">
      <rel_text>четное число</rel_text>
      <target>http://libmeta.ru/me/article/995_ChETNOE</target>
    </relation>
    <relation uri="http://libmeta.ru/me/relation/1087_6_REIIETA">
      <rel_text>функциями</rel_text>
      <target>http://libmeta.ru/me/article/796_FUNKTsIONA</target>
    </relation>
    <relation uri="http://libmeta.ru/me/relation/1087_7_REIIETA">
      <rel_text>результат</rel_text>
      <target>http://libmeta.ru/me/article/1046_REZUL'TAN</target>
    </relation>
    <relation uri="http://libmeta.ru/me/relation/1087_8_REIIETA">
      <rel_text>весовых функций</rel_text>
      <target>http://libmeta.ru/me/article/684_VESOVAJa</target>
    </relation>
    <relation uri="http://libmeta.ru/me/relation/1087_9_REIIETA">
      <rel_text>связанных</rel_text>
      <target>http://libmeta.ru/me/article/1233_SvJaZNOSt</target>
    </relation>
    <relation uri="http://libmeta.ru/me/relation/1087_10_REIIETA">
      <rel_text>получаются</rel_text>
      <target>http://libmeta.ru/me/article/457_POLUGRUPP</target>
    </relation>
    <relation uri="http://libmeta.ru/me/relation/1087_11_REIIETA">
      <rel_text>логическом</rel_text>
      <target>http://libmeta.ru/me/article/412_LOGISTIK</target>
    </relation>
    <relation uri="http://libmeta.ru/me/relation/1087_12_REIIETA">
      <rel_text>Получение</rel_text>
      <target>http://libmeta.ru/me/article/457_POLUGRUPP</target>
    </relation>
    <relation uri="http://libmeta.ru/me/relation/1087_13_REIIETA">
      <rel_text>функции</rel_text>
      <target>http://libmeta.ru/me/article/790_FUNKTO</target>
    </relation>
    <relation uri="http://libmeta.ru/me/relation/1087_14_REIIETA">
      <rel_text>функции</rel_text>
      <target>http://libmeta.ru/me/article/790_FUNKTO</target>
    </relation>
    <relation uri="http://libmeta.ru/me/relation/1087_15_REIIETA">
      <rel_text>просеивающей</rel_text>
      <target>http://libmeta.ru/me/article/748_PROSTRANSTV</target>
    </relation>
    <relation uri="http://libmeta.ru/me/relation/1087_16_REIIETA">
      <rel_text>задачам</rel_text>
      <target>http://libmeta.ru/me/article/10_ZAdAch</target>
    </relation>
  </relations>
  <text>один из общих методов теории чисел, обобщающий принциг высеивания составных чисел из натурального ряда (см. Эратосбена решето). Проблема Р. м. состоит в оценке для конечного множества $URI[[http://libmeta.ru/me/formula/aux/1087_1_REIIETA]]/URI$ целых чисел количества тех элементов, к-рые не делятся ни на какое простое число $URI[[http://libmeta.ru/me/formula/aux/1087_2_REIIETA]]/URI$ из нек-рого мно- жества $URI[[http://libmeta.ru/me/formula/aux/1087_3_REIIETA]]/URI$ простых чисел. Оценивается «просеивающая» функция $URI[[http://libmeta.ru/me/formula/aux/1087_4_REIIETA]]/URI$, обозначающая количество указанных элементов из $URI[[http://libmeta.ru/me/formula/aux/1087_5_REIIETA]]/URI$ при дополнительном условии: $URI[[http://libmeta.ru/me/formula/aux/1087_6_REIIETA]]/URI$. Для получения оценок просеивающей функции часто используется информация о числе $URI[[http://libmeta.ru/me/formula/aux/1087_7_REIIETA]]/URI$ элементов множества $URI[[http://libmeta.ru/me/formula/aux/1087_8_REIIETA]]/URI$, состоящего из элементов $URI[[http://libmeta.ru/me/formula/aux/1087_9_REIIETA]]/URI$, к-рые делятся на свободное от квадратов число $URI[[http://libmeta.ru/me/formula/aux/1087_10_REIIETA]]/URI$. При $URI[[http://libmeta.ru/me/formula/aux/1087_11_REIIETA]]/URI$ множество $URI[[http://libmeta.ru/me/formula/aux/1087_12_REIIETA]]/URI$. Поэтому обычно оценивается более общая просеивающая функция $URI[[http://libmeta.ru/me/formula/aux/1087_13_REIIETA]]/URI$.

При выборе ожидаөмого значения для $URI[[http://libmeta.ru/me/formula/aux/1087_14_REIIETA]]/URI$ в форме $URI[[http://libmeta.ru/me/formula/aux/1087_15_REIIETA]]/URI$, где $URI[[http://libmeta.ru/me/formula/aux/1087_16_REIIETA]]/URI$ - ожидаемое значение для $URI[[http://libmeta.ru/me/formula/aux/1087_17_REIIETA]]/URI$ и $URI[[http://libmeta.ru/me/formula/aux/1087_18_REIIETA]]/URI$ - мультипликативная функция, руководствуются тем, чтобы погрешность

\[
URI[[http://libmeta.ru/me/formula/main/1087_1_REIIETA]]/URI
\]

была относительно мала. Если при этом $URI[[http://libmeta.ru/me/formula/aux/1087_19_REIIETA]]/URI$ (по крайней мере, «в среднем»), то $URI[[http://libmeta.ru/me/formula/aux/1087_20_REIIETA]]/URI$ наз. р а з м е р н о с т ь ю p e шा е т a.

Общая теория Р. м. с ее приложениями продвинулась наиболее далеко в случае линейного решета (при $URI[[http://libmeta.ru/me/formula/aux/1087_21_REIIETA]]/URI$ ). Существуют различные специализации P. м, , нашболее важные из к-рых принадлежат B. Бруну (v. Brun; см. Бруна решето) и А. Сельбергу (а. Selberg; см. Сельберга решето).

В приложениях Р. м. к аддитивным URI[[http://libmeta.ru/me/relation/1087_16_REIIETA]]/URI (см. URI[[http://libmeta.ru/me/relation/1087_1_REIIETA]]/URI), кроме оценок URI[[http://libmeta.ru/me/relation/1087_15_REIIETA]]/URI URI[[http://libmeta.ru/me/relation/1087_14_REIIETA]]/URI сверху, необходимы оценки этой URI[[http://libmeta.ru/me/relation/1087_13_REIIETA]]/URI снизу. URI[[http://libmeta.ru/me/relation/1087_12_REIIETA]]/URI оценок снизу может быть основано на URI[[http://libmeta.ru/me/relation/1087_11_REIIETA]]/URI комбинаторном тождестве

\[
URI[[http://libmeta.ru/me/formula/main/1087_2_REIIETA]]/URI
\]

Наиболее точные оценки снизу URI[[http://libmeta.ru/me/relation/1087_10_REIIETA]]/URI с добавлөнием комбинаторных соображений, URI[[http://libmeta.ru/me/relation/1087_9_REIIETA]]/URI с использованием URI[[http://libmeta.ru/me/relation/1087_8_REIIETA]]/URI. Сильный URI[[http://libmeta.ru/me/relation/1087_7_REIIETA]]/URI в приложениях Р. м. с весовыми URI[[http://libmeta.ru/me/relation/1087_6_REIIETA]]/URI состоит в том, что каждое достаточно большое URI[[http://libmeta.ru/me/relation/1087_5_REIIETA]]/URI $URI[[http://libmeta.ru/me/formula/aux/1087_22_REIIETA]]/URI$ URI[[http://libmeta.ru/me/relation/1087_4_REIIETA]]/URI в виде $URI[[http://libmeta.ru/me/formula/aux/1087_23_REIIETA]]/URI$, где $URI[[http://libmeta.ru/me/formula/aux/1087_24_REIIETA]]/URI$ URI[[http://libmeta.ru/me/relation/1087_3_REIIETA]]/URI, $URI[[http://libmeta.ru/me/formula/aux/1087_25_REIIETA]]/URI$ содержит не более двух простых URI[[http://libmeta.ru/me/relation/1087_2_REIIETA]]/URI.</text>
  <text_orig>один из общих методов теории чисел, обобщающий принциг высеивания составных чисел из натурального ряда (см. Эратосбена решето). Проблема Р. м. состоит в оценке для конечного множества $A$ целых чисел количества тех элементов, к-рые не делятся ни на какое простое число $p$ из нек-рого мно- жества $P$ простых чисел. Оценивается «просеивающая» функция $S(A ; P, z)$, обозначающая количество указанных элементов из $A$ при дополнительном условии: $p&lt;z$. Для получения оценок просеивающей функции часто используется информация о числе $N\left(A_{q}\right)$ элементов множества $A_{q}$, состоящего из элементов $A$, к-рые делятся на свободное от квадратов число $q$. При $q=1$ множество $A_{q}=A$. Поэтому обычно оценивается более общая просеивающая функция $S\left(A_{q} ; P, z\right)$.

При выборе ожидаөмого значения для $N\left(A_{q}\right)$ в форме $(\omega(q) / q) X$, где $X$ - ожидаемое значение для $N(A)$ и $\omega(q)$ - мультипликативная функция, руководствуются тем, чтобы погрешность

\[
R(X, q)=N\left(A_{q}\right)-(\omega(q) / q) X
\]

была относительно мала. Если при этом $\omega(p)=k$ (по крайней мере, «в среднем»), то $k$ наз. р а з м е р н о с т ь ю p e шा е т a.

Общая теория Р. м. с ее приложениями продвинулась наиболее далеко в случае линейного решета (при $k=1$ ). Существуют различные специализации P. м, , нашболее важные из к-рых принадлежат B. Бруну (V. Brun; см. Бруна решето) и А. Сельбергу (А. Selberg; см. Сельберга решето).

В приложениях Р. м. к аддитивным задачам (см. Аддитивная теория чисел), кроме оценок просеивающей функции сверху, необходимы оценки этой функции снизу. Получение оценок снизу может быть основано на логическом комбинаторном тождестве

\[
S\left(A_{q} ; P, z\right)=N\left(A_{q}\right)-\sum_{p&lt;z,} p \in P^{S}\left(A_{q p} ; P, p\right) .
\]

Наиболее точные оценки снизу получаются с добавлөнием комбинаторных соображений, связанных с использованием весовых функций. Сильный результат в приложениях Р. м. с весовыми функциями состоит в том, что каждое достаточно большое четное число $N$ представимо в виде $N=p+P_{2}$, где $p-$ простое число, $P_{2}$ содержит не более двух простых множителей.

Лит.: [1] II p a х а p К., Распределение простых чисел, пер. с нем., М., 1967; [2] Г е л ь ф о н д А. О., Л и н н ик Ю.В., Элементарные методы в аналитической теории чисел, М., 1962; [3] Ha lbers a m H., R i c h e r t H., Sieve methods,</text_orig>
</article>
