<?xml version="1.0" ?>
<article uri="http://libmeta.ru/me/article/1087_NUL" alphabetic_pos="1087">
  <title>НУЛЬ</title>
  <authors>
    <author>Л. В. Кузъмин</author>
  </authors>
  <pages>
    <start>542</start>
    <end>543</end>
  </pages>
  <literature>
    <literature_orig/>
  </literature>
  <formulas_main>
    <formula uri="http://libmeta.ru/me/formula/main/1087_1_NUL">a \cdot 0=0 \cdot a=0 \text {. }</formula>
  </formulas_main>
  <formulas_aux>
    <formula uri="http://libmeta.ru/me/formula/aux/1087_1_NUL">a b=0</formula>
    <formula uri="http://libmeta.ru/me/formula/aux/1087_2_NUL">a=0</formula>
    <formula uri="http://libmeta.ru/me/formula/aux/1087_3_NUL">b=0</formula>
    <formula uri="http://libmeta.ru/me/formula/aux/1087_4_NUL">a</formula>
    <formula uri="http://libmeta.ru/me/formula/aux/1087_5_NUL">0+a=a</formula>
    <formula uri="http://libmeta.ru/me/formula/aux/1087_6_NUL">a \in A</formula>
    <formula uri="http://libmeta.ru/me/formula/aux/1087_7_NUL">a \cdot 0=0 \cdot a=0</formula>
    <formula uri="http://libmeta.ru/me/formula/aux/1087_8_NUL">a</formula>
    <formula uri="http://libmeta.ru/me/formula/aux/1087_9_NUL">0 \in A</formula>
    <formula uri="http://libmeta.ru/me/formula/aux/1087_10_NUL">0 \cdot a=0</formula>
    <formula uri="http://libmeta.ru/me/formula/aux/1087_11_NUL">a \in A</formula>
    <formula uri="http://libmeta.ru/me/formula/aux/1087_12_NUL">\mathrm{p}</formula>
    <formula uri="http://libmeta.ru/me/formula/aux/1087_13_NUL">h</formula>
    <formula uri="http://libmeta.ru/me/formula/aux/1087_14_NUL">f\left(x_{1}, \ldots, x_{n}\right)</formula>
    <formula uri="http://libmeta.ru/me/formula/aux/1087_15_NUL">a,-</formula>
    <formula uri="http://libmeta.ru/me/formula/aux/1087_16_NUL">\left(x_{1}, \ldots, x_{n}\right)</formula>
    <formula uri="http://libmeta.ru/me/formula/aux/1087_17_NUL">f\left(x_{1}, \ldots, x_{n}\right)=0</formula>
  </formulas_aux>
  <relations n="4">
    <relation uri="http://libmeta.ru/me/relation/1087_1_NUL">
      <rel_text>переменных</rel_text>
      <target>http://libmeta.ru/me/article/222_PEREGÓROD</target>
    </relation>
    <relation uri="http://libmeta.ru/me/relation/1087_2_NUL">
      <rel_text>поле</rel_text>
      <target>http://libmeta.ru/me/article/390_POL</target>
    </relation>
    <relation uri="http://libmeta.ru/me/relation/1087_3_NUL">
      <rel_text>кольце</rel_text>
      <target>http://libmeta.ru/me/article/1000_KOL'Ts</target>
    </relation>
    <relation uri="http://libmeta.ru/me/relation/1087_4_NUL">
      <rel_text>группе</rel_text>
      <target>http://libmeta.ru/me/article/1207_GRUPІІ</target>
    </relation>
  </relations>
  <text>1) Число, обладающее тем свойством, что любое (действителькое или комплексное) число при сложении с ним не меняется. Обозначается символом 0. Приизведение любого числа на Н. равно Н.:

\[
URI[[http://libmeta.ru/me/formula/main/1087_1_NUL]]/URI
\]

Если произведение двух чисел равно Н., то один из сомножителей равен Н. (т. е. из $URI[[http://libmeta.ru/me/formula/aux/1087_1_NUL]]/URI$ следует, тто или $URI[[http://libmeta.ru/me/formula/aux/1087_2_NUL]]/URI$, или $URI[[http://libmeta.ru/me/formula/aux/1087_3_NUL]]/URI$ ). Деление на Н. не определено. Непосредственным обобщением этого понятия является понятие Н. абелевой группы.

2) Н. а б е л е в о й г р у п п ы -- элемент абелевой групшы $URI[[http://libmeta.ru/me/formula/aux/1087_4_NUL]]/URI$ (в аддитивной зашиси), также обозначаемый символом 0 и удовлетворяющий аксиоме $URI[[http://libmeta.ru/me/formula/aux/1087_5_NUL]]/URI$ для всех $URI[[http://libmeta.ru/me/formula/aux/1087_6_NUL]]/URI$. Н. абелевой группы определен однозначно.

3) Н. к о ль ц а (в частности, т е ла, по л я) H. его аддитивной группы. Н. кольца (как и число 0) относительно операции умножения обладает свойством поглощения: $URI[[http://libmeta.ru/me/formula/aux/1087_7_NUL]]/URI$. Однако в произвольном кольце произведение двух ненулевых элементов может быть равно Н. Такие элементы наз. делителями нуля. Поля, тела и области целостности делителей H. не имеют.

4) Л е в ы й Н. полугрушпы $URI[[http://libmeta.ru/me/formula/aux/1087_8_NUL]]/URI$ (в мультипликативной записи) - элемент $URI[[http://libmeta.ru/me/formula/aux/1087_9_NUL]]/URI$, удовлетворяющий аксиоме $URI[[http://libmeta.ru/me/formula/aux/1087_10_NUL]]/URI$ для всех $URI[[http://libmeta.ru/me/formula/aux/1087_11_NUL]]/URI$. П $URI[[http://libmeta.ru/me/formula/aux/1087_12_NUL]]/URI$ а в ы й H. определяется двойственной аксиомой. Д в у с т о р о в ш й й $URI[[http://libmeta.ru/me/formula/aux/1087_13_NUL]]/URI$. (т. е. левый и правый одновременно) в полугруппе может быть только один. Н. кольца является также Н. мультипликативной полугруппы әтого кольца.

5) Н. р е ш е т к и - наименьший элемент этой решетки. Полная репетка всегда обладает Н., он - пересечение всех ее элементов.

6) Н. а л г е б р а ич е с ко й с и с те мы- элемент, отмечаемый нульарной операцией (см. Алгебраическая операция, Алгебраическая систеха). В. большинстве рассмотренных выше примеров Н. является единственным в данной системе и даже образует нулевую подсистему.

Н. наз. также н у л е в ы м э л е ме н т о м.

7) Н. к а г е го ри и-см. в ст. Нулевой объект категории.

8) Н. ф у н кц и и $URI[[http://libmeta.ru/me/formula/aux/1087_14_NUL]]/URI$, принимающей значения в нек-рой абелевой URI[[http://libmeta.ru/me/relation/1087_4_NUL]]/URI (URI[[http://libmeta.ru/me/relation/1087_3_NUL]]/URI, URI[[http://libmeta.ru/me/relation/1087_2_NUL]]/URI, теле) $URI[[http://libmeta.ru/me/formula/aux/1087_15_NUL]]/URI$ вабор значенпй URI[[http://libmeta.ru/me/relation/1087_1_NUL]]/URI $URI[[http://libmeta.ru/me/formula/aux/1087_16_NUL]]/URI$, при к-ром $URI[[http://libmeta.ru/me/formula/aux/1087_17_NUL]]/URI$. о. А. Пванова,</text>
  <text_orig>1) Число, обладающее тем свойством, что любое (действителькое или комплексное) число при сложении с ним не меняется. Обозначается символом 0. Приизведение любого числа на Н. равно Н.:

\[
a \cdot 0=0 \cdot a=0 \text {. }
\]

Если произведение двух чисел равно Н., то один из сомножителей равен Н. (т. е. из $a b=0$ следует, тто или $a=0$, или $b=0$ ). Деление на Н. не определено. Непосредственным обобщением этого понятия является понятие Н. абелевой группы.

2) Н. а б е л е в о й г р у п п ы -- элемент абелевой групшы $A$ (в аддитивной зашиси), также обозначаемый символом 0 и удовлетворяющий аксиоме $0+a=a$ для всех $a \in A$. Н. абелевой группы определен однозначно.

3) Н. к о ль ц а (в частности, т е ла, по л я) H. его аддитивной группы. Н. кольца (как и число 0) относительно операции умножения обладает свойством поглощения: $a \cdot 0=0 \cdot a=0$. Однако в произвольном кольце произведение двух ненулевых элементов может быть равно Н. Такие элементы наз. делителями нуля. Поля, тела и области целостности делителей H. не имеют.

4) Л е в ы й Н. полугрушпы $A$ (в мультипликативной записи) - элемент $0 \in A$, удовлетворяющий аксиоме $0 \cdot a=0$ для всех $a \in A$. П $\mathrm{p}$ а в ы й H. определяется двойственной аксиомой. Д в у с т о р о в ш й й $H$. (т. е. левый и правый одновременно) в полугруппе может быть только один. Н. кольца является также Н. мультипликативной полугруппы әтого кольца.

5) Н. р е ш е т к и - наименьший элемент этой решетки. Полная репетка всегда обладает Н., он - пересечение всех ее элементов.

6) Н. а л г е б р а ич е с ко й с и с те мы- элемент, отмечаемый нульарной операцией (см. Алгебраическая операция, Алгебраическая систеха). В. большинстве рассмотренных выше примеров Н. является единственным в данной системе и даже образует нулевую подсистему.

Н. наз. также н у л е в ы м э л е ме н т о м.

7) Н. к а г е го ри и-см. в ст. Нулевой объект категории.

8) Н. ф у н кц и и $f\left(x_{1}, \ldots, x_{n}\right)$, принимающей значения в нек-рой абелевой группе (кольце, поле, теле) $A,-$ вабор значенпй переменных $\left(x_{1}, \ldots, x_{n}\right)$, при к-ром $f\left(x_{1}, \ldots, x_{n}\right)=0$. о. А. Пванова, Л. В. Кузъмин.</text_orig>
</article>
