<?xml version="1.0" ?>
<article uri="http://libmeta.ru/me/article/1087_ӘJLERA" alphabetic_pos="1087">
  <title>ӘЙЛЕРА ФОРМУЛЫ</title>
  <authors>
    <author>Е. Д. Соломенчев</author>
  </authors>
  <pages>
    <start>468</start>
    <end>468</end>
  </pages>
  <literature>
    <literature_orig>Jum.: [1] E u l e r L., &quot;miscellanea Berolinensia», 1743, v. 7, р. $193-242$; [2] Э й л е p Л., Введение в анализ бесконеч-но малых, пер. с лат., т. 1, М.- Л., 1936; [3] M а р к у ш ев и ч А.'и., Краткий курс теории аналитических Функций, 4 изд., М., 1978.</literature_orig>
    <unit>
      <author>Euler L.</author>
      <title>&quot;miscellanea Berolinensia»</title>
      <publication/>
      <year>1743</year>
      <other>v. 7, р. $193-242$</other>
    </unit>
    <unit>
      <author>Эйлеp Л.</author>
      <title>Введение в анализ бесконеч-но малых</title>
      <publication>пер. с лат., т. 1, М.- Л.</publication>
      <year>1936</year>
      <other/>
    </unit>
    <unit>
      <title>M а р к у ш ев и ч А.'и., Краткий курс теории аналитических Функций</title>
      <publication>4 изд., М.</publication>
      <year>1978</year>
      <other/>
    </unit>
  </literature>
  <formulas_main>
    <formula uri="http://libmeta.ru/me/formula/main/1087_1_ӘJLERA">\begin{gathered}e^{i z}=\cos z+i \sin z \\\cos z=\frac{e^{i z}+e^{-i z}}{2}, \quad \sin z=\frac{e^{i z}-e^{-i z}}{2 i},\end{gathered}</formula>
    <formula uri="http://libmeta.ru/me/formula/main/1087_2_ӘJLERA">\begin{gathered}e^{ \pm i x}=\cos x \pm i \sin x, \\\cos x=\frac{e^{i x}+e^{-i x}}{2}, \quad \sin x=\frac{e^{i x}-e^{-i x}}{2 i} .\end{gathered}</formula>
  </formulas_main>
  <formulas_aux>
    <formula uri="http://libmeta.ru/me/formula/aux/1087_1_ӘJLERA">z=x</formula>
  </formulas_aux>
  <relations n="7">
    <relation uri="http://libmeta.ru/me/relation/1087_1_ӘJLERA">
      <rel_text>формулы</rel_text>
      <target>http://libmeta.ru/me/article/741_FORMUL</target>
    </relation>
    <relation uri="http://libmeta.ru/me/relation/1087_2_ӘJLERA">
      <rel_text>вид</rel_text>
      <target>http://libmeta.ru/me/article/708_VI</target>
    </relation>
    <relation uri="http://libmeta.ru/me/relation/1087_3_ӘJLERA">
      <rel_text>переменного</rel_text>
      <target>http://libmeta.ru/me/article/222_PEREGÓROD</target>
    </relation>
    <relation uri="http://libmeta.ru/me/relation/1087_4_ӘJLERA">
      <rel_text>комплексного</rel_text>
      <target>http://libmeta.ru/me/article/1005_KOMPAKTNOST</target>
    </relation>
    <relation uri="http://libmeta.ru/me/relation/1087_5_ӘJLERA">
      <rel_text>ческие функции</rel_text>
      <target>http://libmeta.ru/me/article/302_SUІERGARM̈ONI</target>
    </relation>
    <relation uri="http://libmeta.ru/me/relation/1087_6_ӘJLERA">
      <rel_text>тригонометри</rel_text>
      <target>http://libmeta.ru/me/article/505_TRIGONOMETRI</target>
    </relation>
    <relation uri="http://libmeta.ru/me/relation/1087_7_ӘJLERA">
      <rel_text>формулы</rel_text>
      <target>http://libmeta.ru/me/article/741_FORMUL</target>
    </relation>
  </relations>
  <text>URI[[http://libmeta.ru/me/relation/1087_7_ӘJLERA]]/URI, связывающие показательную и URI[[http://libmeta.ru/me/relation/1087_6_ӘJLERA]]/URI URI[[http://libmeta.ru/me/relation/1087_5_ӘJLERA]]/URI:

\[
URI[[http://libmeta.ru/me/formula/main/1087_1_ӘJLERA]]/URI
\]

справедливые при всех значениях URI[[http://libmeta.ru/me/relation/1087_4_ӘJLERA]]/URI URI[[http://libmeta.ru/me/relation/1087_3_ӘJLERA]]/URI z. В частности, при действительном $URI[[http://libmeta.ru/me/formula/aux/1087_1_ӘJLERA]]/URI$ Э. Ф. имеют URI[[http://libmeta.ru/me/relation/1087_2_ӘJLERA]]/URI:

\[
URI[[http://libmeta.ru/me/formula/main/1087_2_ӘJLERA]]/URI
\]

Эти URI[[http://libmeta.ru/me/relation/1087_1_ӘJLERA]]/URI и были опубликованы Л. Эйлером [1].</text>
  <text_orig>формулы, связывающие показательную и тригонометри ческие функции:

\[
\begin{gathered}
e^{i z}=\cos z+i \sin z \\
\cos z=\frac{e^{i z}+e^{-i z}}{2}, \quad \sin z=\frac{e^{i z}-e^{-i z}}{2 i},
\end{gathered}
\]

справедливые при всех значениях комплексного переменного z. В частности, при действительном $z=x$ Э. Ф. имеют вид:

\[
\begin{gathered}
e^{ \pm i x}=\cos x \pm i \sin x, \\
\cos x=\frac{e^{i x}+e^{-i x}}{2}, \quad \sin x=\frac{e^{i x}-e^{-i x}}{2 i} .
\end{gathered}
\]

Эти формулы и были опубликованы Л. Эйлером [1]. Jum.: [1] E u l e r L., &quot;Miscellanea Berolinensia», 1743, v. 7, р. $193-242$; [2] Э й л е p Л., Введение в анализ бесконеч-
но малых, пер. с лат., т. 1, М.- Л., 1936; [3] M а р к у ш ев и ч А.'И., Краткий курс теории аналитических Функций, 4 изд., М., 1978. Е. Д. Соломенчев.</text_orig>
</article>
