<?xml version="1.0" ?>
<article uri="http://libmeta.ru/me/article/1089_GLAVNYJ" alphabetic_pos="1089">
  <title>ГЛАВНЫЙ ИДЕАЛ</title>
  <authors/>
  <pages>
    <start>510</start>
    <end>510</end>
  </pages>
  <literature>
    <literature_orig>Лum.: [1] Revêtements etales et groupe fondamental, В.,</literature_orig>
    <unit>
      <title/>
      <publication/>
      <year/>
      <other>Revêtements etales et groupe fondamental, В.</other>
    </unit>
  </literature>
  <formulas_main>
    <formula uri="http://libmeta.ru/me/formula/main/1089_1_GLAVNYJ">k a+n a ;</formula>
    <formula uri="http://libmeta.ru/me/formula/main/1089_2_GLAVNYJ">a k+n a,</formula>
    <formula uri="http://libmeta.ru/me/formula/main/1089_3_GLAVNYJ">n a+t a+a s+\sum_{i}\left[\left(k_{i} a\right) l_{i}+k_{i}^{\prime}\left(a, l_{i}^{\prime}\right)\right],</formula>
    <formula uri="http://libmeta.ru/me/formula/main/1089_4_GLAVNYJ">L(a)=a A, R(a)=A a, J(a)=A a A .</formula>
    <formula uri="http://libmeta.ru/me/formula/main/1089_5_GLAVNYJ">L(a)=S^{1} a, R(a)=a S^{1}, J(a)=S^{1} a S^{1},</formula>
    <formula uri="http://libmeta.ru/me/formula/main/1089_6_GLAVNYJ">a^{\nabla}=a L=\{a x \mid x \in L\} .</formula>
  </formulas_main>
  <formulas_aux>
    <formula uri="http://libmeta.ru/me/formula/aux/1089_1_GLAVNYJ">a</formula>
    <formula uri="http://libmeta.ru/me/formula/aux/1089_2_GLAVNYJ">a</formula>
    <formula uri="http://libmeta.ru/me/formula/aux/1089_3_GLAVNYJ">l(a)</formula>
    <formula uri="http://libmeta.ru/me/formula/aux/1089_4_GLAVNYJ">k</formula>
    <formula uri="http://libmeta.ru/me/formula/aux/1089_5_GLAVNYJ">a</formula>
    <formula uri="http://libmeta.ru/me/formula/aux/1089_6_GLAVNYJ">\gamma</formula>
    <formula uri="http://libmeta.ru/me/formula/aux/1089_7_GLAVNYJ">r(a)</formula>
    <formula uri="http://libmeta.ru/me/formula/aux/1089_8_GLAVNYJ">\gamma</formula>
    <formula uri="http://libmeta.ru/me/formula/aux/1089_9_GLAVNYJ">l(a)</formula>
    <formula uri="http://libmeta.ru/me/formula/aux/1089_10_GLAVNYJ">k, t, s, k_{i}, k_{i}^{\prime}, l_{i}, l_{i}^{\prime}-</formula>
    <formula uri="http://libmeta.ru/me/formula/aux/1089_11_GLAVNYJ">k</formula>
    <formula uri="http://libmeta.ru/me/formula/aux/1089_12_GLAVNYJ">n a=a+\ldots+a</formula>
    <formula uri="http://libmeta.ru/me/formula/aux/1089_13_GLAVNYJ">)</formula>
    <formula uri="http://libmeta.ru/me/formula/aux/1089_14_GLAVNYJ">k-</formula>
    <formula uri="http://libmeta.ru/me/formula/aux/1089_15_GLAVNYJ">a</formula>
    <formula uri="http://libmeta.ru/me/formula/aux/1089_16_GLAVNYJ">s</formula>
    <formula uri="http://libmeta.ru/me/formula/aux/1089_17_GLAVNYJ">a</formula>
    <formula uri="http://libmeta.ru/me/formula/aux/1089_18_GLAVNYJ">s^{1}</formula>
    <formula uri="http://libmeta.ru/me/formula/aux/1089_19_GLAVNYJ">s</formula>
    <formula uri="http://libmeta.ru/me/formula/aux/1089_20_GLAVNYJ">s</formula>
    <formula uri="http://libmeta.ru/me/formula/aux/1089_21_GLAVNYJ">s</formula>
    <formula uri="http://libmeta.ru/me/formula/aux/1089_22_GLAVNYJ">\gamma</formula>
    <formula uri="http://libmeta.ru/me/formula/aux/1089_23_GLAVNYJ">l</formula>
    <formula uri="http://libmeta.ru/me/formula/aux/1089_24_GLAVNYJ">a</formula>
    <formula uri="http://libmeta.ru/me/formula/aux/1089_25_GLAVNYJ">x</formula>
    <formula uri="http://libmeta.ru/me/formula/aux/1089_26_GLAVNYJ">x \leqslant a</formula>
    <formula uri="http://libmeta.ru/me/formula/aux/1089_27_GLAVNYJ">a^{\nabla},[a]</formula>
    <formula uri="http://libmeta.ru/me/formula/aux/1089_28_GLAVNYJ">[0, a]</formula>
    <formula uri="http://libmeta.ru/me/formula/aux/1089_29_GLAVNYJ">g-</formula>
    <formula uri="http://libmeta.ru/me/formula/aux/1089_30_GLAVNYJ">c</formula>
    <formula uri="http://libmeta.ru/me/formula/aux/1089_31_GLAVNYJ">e</formula>
    <formula uri="http://libmeta.ru/me/formula/aux/1089_32_GLAVNYJ">p</formula>
    <formula uri="http://libmeta.ru/me/formula/aux/1089_33_GLAVNYJ">g</formula>
    <formula uri="http://libmeta.ru/me/formula/aux/1089_34_GLAVNYJ">\pi</formula>
    <formula uri="http://libmeta.ru/me/formula/aux/1089_35_GLAVNYJ">p \times G \rightarrow P</formula>
    <formula uri="http://libmeta.ru/me/formula/aux/1089_36_GLAVNYJ">\mu: G \times G \rightarrow G-</formula>
    <formula uri="http://libmeta.ru/me/formula/aux/1089_37_GLAVNYJ">g</formula>
    <formula uri="http://libmeta.ru/me/formula/aux/1089_38_GLAVNYJ">\beta: e \rightarrow G-</formula>
    <formula uri="http://libmeta.ru/me/formula/aux/1089_39_GLAVNYJ">g</formula>
    <formula uri="http://libmeta.ru/me/formula/aux/1089_40_GLAVNYJ">g</formula>
    <formula uri="http://libmeta.ru/me/formula/aux/1089_41_GLAVNYJ">g</formula>
    <formula uri="http://libmeta.ru/me/formula/aux/1089_42_GLAVNYJ">\mathbf{x} G-0</formula>
    <formula uri="http://libmeta.ru/me/formula/aux/1089_43_GLAVNYJ">g</formula>
    <formula uri="http://libmeta.ru/me/formula/aux/1089_44_GLAVNYJ">g</formula>
    <formula uri="http://libmeta.ru/me/formula/aux/1089_45_GLAVNYJ">\mu</formula>
    <formula uri="http://libmeta.ru/me/formula/aux/1089_46_GLAVNYJ">\pi</formula>
    <formula uri="http://libmeta.ru/me/formula/aux/1089_47_GLAVNYJ">g-0</formula>
    <formula uri="http://libmeta.ru/me/formula/aux/1089_48_GLAVNYJ">g</formula>
    <formula uri="http://libmeta.ru/me/formula/aux/1089_49_GLAVNYJ">c</formula>
    <formula uri="http://libmeta.ru/me/formula/aux/1089_50_GLAVNYJ">c G</formula>
    <formula uri="http://libmeta.ru/me/formula/aux/1089_51_GLAVNYJ">\pi</formula>
    <formula uri="http://libmeta.ru/me/formula/aux/1089_52_GLAVNYJ">g</formula>
    <formula uri="http://libmeta.ru/me/formula/aux/1089_53_GLAVNYJ">g</formula>
    <formula uri="http://libmeta.ru/me/formula/aux/1089_54_GLAVNYJ">p \times G \rightarrow \stackrel{p r_{1}}{\rightarrow} P</formula>
    <formula uri="http://libmeta.ru/me/formula/aux/1089_55_GLAVNYJ">p \times G \stackrel{\pi}{\rightarrow} P</formula>
    <formula uri="http://libmeta.ru/me/formula/aux/1089_56_GLAVNYJ">\varphi=\pi p r_{1}: P \times G \rightarrow P \times P</formula>
    <formula uri="http://libmeta.ru/me/formula/aux/1089_57_GLAVNYJ">t</formula>
    <formula uri="http://libmeta.ru/me/formula/aux/1089_58_GLAVNYJ">c</formula>
    <formula uri="http://libmeta.ru/me/formula/aux/1089_59_GLAVNYJ">g</formula>
    <formula uri="http://libmeta.ru/me/formula/aux/1089_60_GLAVNYJ">p</formula>
    <formula uri="http://libmeta.ru/me/formula/aux/1089_61_GLAVNYJ">g-</formula>
    <formula uri="http://libmeta.ru/me/formula/aux/1089_62_GLAVNYJ">t</formula>
    <formula uri="http://libmeta.ru/me/formula/aux/1089_63_GLAVNYJ">\left(u_{i} \rightarrow e\right) i \in I</formula>
    <formula uri="http://libmeta.ru/me/formula/aux/1089_64_GLAVNYJ">i \in I</formula>
    <formula uri="http://libmeta.ru/me/formula/aux/1089_65_GLAVNYJ">g \times U_{i}</formula>
    <formula uri="http://libmeta.ru/me/formula/aux/1089_66_GLAVNYJ">g \times U_{i}</formula>
    <formula uri="http://libmeta.ru/me/formula/aux/1089_67_GLAVNYJ">c</formula>
    <formula uri="http://libmeta.ru/me/formula/aux/1089_68_GLAVNYJ">g</formula>
    <formula uri="http://libmeta.ru/me/formula/aux/1089_69_GLAVNYJ">g</formula>
    <formula uri="http://libmeta.ru/me/formula/aux/1089_70_GLAVNYJ">g</formula>
    <formula uri="http://libmeta.ru/me/formula/aux/1089_71_GLAVNYJ">p</formula>
    <formula uri="http://libmeta.ru/me/formula/aux/1089_72_GLAVNYJ">p \times G \rightarrow P((p, g) \rightarrow p g)</formula>
    <formula uri="http://libmeta.ru/me/formula/aux/1089_73_GLAVNYJ">g, g^{\prime} \in G</formula>
    <formula uri="http://libmeta.ru/me/formula/aux/1089_74_GLAVNYJ">p\left(g g^{\prime}\right)=(p g) g^{\prime}</formula>
    <formula uri="http://libmeta.ru/me/formula/aux/1089_75_GLAVNYJ">p \in P</formula>
    <formula uri="http://libmeta.ru/me/formula/aux/1089_76_GLAVNYJ">p \cdot 1=p</formula>
    <formula uri="http://libmeta.ru/me/formula/aux/1089_77_GLAVNYJ">g</formula>
    <formula uri="http://libmeta.ru/me/formula/aux/1089_78_GLAVNYJ">g</formula>
    <formula uri="http://libmeta.ru/me/formula/aux/1089_79_GLAVNYJ">p, p^{\prime} \in P</formula>
    <formula uri="http://libmeta.ru/me/formula/aux/1089_80_GLAVNYJ">g \in G</formula>
    <formula uri="http://libmeta.ru/me/formula/aux/1089_81_GLAVNYJ">p g=p^{\prime}</formula>
    <formula uri="http://libmeta.ru/me/formula/aux/1089_82_GLAVNYJ">g</formula>
    <formula uri="http://libmeta.ru/me/formula/aux/1089_83_GLAVNYJ">p</formula>
    <formula uri="http://libmeta.ru/me/formula/aux/1089_84_GLAVNYJ">p_{0} \in P</formula>
    <formula uri="http://libmeta.ru/me/formula/aux/1089_85_GLAVNYJ">g \rightarrow p_{0} g</formula>
    <formula uri="http://libmeta.ru/me/formula/aux/1089_86_GLAVNYJ">p</formula>
    <formula uri="http://libmeta.ru/me/formula/aux/1089_87_GLAVNYJ">g</formula>
    <formula uri="http://libmeta.ru/me/formula/aux/1089_88_GLAVNYJ">g</formula>
    <formula uri="http://libmeta.ru/me/formula/aux/1089_89_GLAVNYJ">g</formula>
    <formula uri="http://libmeta.ru/me/formula/aux/1089_90_GLAVNYJ">g</formula>
    <formula uri="http://libmeta.ru/me/formula/aux/1089_91_GLAVNYJ">x</formula>
    <formula uri="http://libmeta.ru/me/formula/aux/1089_92_GLAVNYJ">h</formula>
    <formula uri="http://libmeta.ru/me/formula/aux/1089_93_GLAVNYJ">c</formula>
    <formula uri="http://libmeta.ru/me/formula/aux/1089_94_GLAVNYJ">x</formula>
    <formula uri="http://libmeta.ru/me/formula/aux/1089_95_GLAVNYJ">g</formula>
    <formula uri="http://libmeta.ru/me/formula/aux/1089_96_GLAVNYJ">h \times X \rightarrow X</formula>
    <formula uri="http://libmeta.ru/me/formula/aux/1089_97_GLAVNYJ">c</formula>
    <formula uri="http://libmeta.ru/me/formula/aux/1089_98_GLAVNYJ">g</formula>
    <formula uri="http://libmeta.ru/me/formula/aux/1089_99_GLAVNYJ">p</formula>
    <formula uri="http://libmeta.ru/me/formula/aux/1089_100_GLAVNYJ">g</formula>
    <formula uri="http://libmeta.ru/me/formula/aux/1089_101_GLAVNYJ">c</formula>
    <formula uri="http://libmeta.ru/me/formula/aux/1089_102_GLAVNYJ">x</formula>
    <formula uri="http://libmeta.ru/me/formula/aux/1089_103_GLAVNYJ">o b(C)</formula>
    <formula uri="http://libmeta.ru/me/formula/aux/1089_104_GLAVNYJ">p(x)=\operatorname{hom}_{c}(x, P)</formula>
    <formula uri="http://libmeta.ru/me/formula/aux/1089_105_GLAVNYJ">g(x)</formula>
    <formula uri="http://libmeta.ru/me/formula/aux/1089_106_GLAVNYJ">g</formula>
    <formula uri="http://libmeta.ru/me/formula/aux/1089_107_GLAVNYJ">p</formula>
    <formula uri="http://libmeta.ru/me/formula/aux/1089_108_GLAVNYJ">g</formula>
    <formula uri="http://libmeta.ru/me/formula/aux/1089_109_GLAVNYJ">e \rightarrow P</formula>
    <formula uri="http://libmeta.ru/me/formula/aux/1089_110_GLAVNYJ">g</formula>
    <formula uri="http://libmeta.ru/me/formula/aux/1089_111_GLAVNYJ">h^{1}(c, G)</formula>
    <formula uri="http://libmeta.ru/me/formula/aux/1089_112_GLAVNYJ">g</formula>
    <formula uri="http://libmeta.ru/me/formula/aux/1089_113_GLAVNYJ">h^{1}(c, G)</formula>
    <formula uri="http://libmeta.ru/me/formula/aux/1089_114_GLAVNYJ">g</formula>
    <formula uri="http://libmeta.ru/me/formula/aux/1089_115_GLAVNYJ">h^{1}(c, G)</formula>
  </formulas_aux>
  <relations n="27">
    <relation uri="http://libmeta.ru/me/relation/1089_1_GLAVNYJ">
      <rel_text>Неабелевы когомологиน</rel_text>
      <target>http://libmeta.ru/me/article/870_NEABELEVY</target>
    </relation>
    <relation uri="http://libmeta.ru/me/relation/1089_2_GLAVNYJ">
      <rel_text>когомологий</rel_text>
      <target>http://libmeta.ru/me/article/939_KOGOMolOGI</target>
    </relation>
    <relation uri="http://libmeta.ru/me/relation/1089_3_GLAVNYJ">
      <rel_text>вычисления</rel_text>
      <target>http://libmeta.ru/me/article/894_VYChITANI</target>
    </relation>
    <relation uri="http://libmeta.ru/me/relation/1089_4_GLAVNYJ">
      <rel_text>алгебры</rel_text>
      <target>http://libmeta.ru/me/article/93_ALGEBR</target>
    </relation>
    <relation uri="http://libmeta.ru/me/relation/1089_5_GLAVNYJ">
      <rel_text>гомологич</rel_text>
      <target>http://libmeta.ru/me/article/1134_GOMoLOGI</target>
    </relation>
    <relation uri="http://libmeta.ru/me/relation/1089_6_GLAVNYJ">
      <rel_text>группой</rel_text>
      <target>http://libmeta.ru/me/article/1207_GRUPІІ</target>
    </relation>
    <relation uri="http://libmeta.ru/me/relation/1089_7_GLAVNYJ">
      <rel_text>множество</rel_text>
      <target>http://libmeta.ru/me/article/733_MNOZhESTV</target>
    </relation>
    <relation uri="http://libmeta.ru/me/relation/1089_8_GLAVNYJ">
      <rel_text>объект</rel_text>
      <target>http://libmeta.ru/me/article/1156_OB'EK</target>
    </relation>
    <relation uri="http://libmeta.ru/me/relation/1089_9_GLAVNYJ">
      <rel_text>групповой</rel_text>
      <target>http://libmeta.ru/me/article/1220_GRUPІOI</target>
    </relation>
    <relation uri="http://libmeta.ru/me/relation/1089_10_GLAVNYJ">
      <rel_text>Множество</rel_text>
      <target>http://libmeta.ru/me/article/733_MNOZhESTV</target>
    </relation>
    <relation uri="http://libmeta.ru/me/relation/1089_11_GLAVNYJ">
      <rel_text>сечение</rel_text>
      <target>http://libmeta.ru/me/article/1284_SEChENI</target>
    </relation>
    <relation uri="http://libmeta.ru/me/relation/1089_12_GLAVNYJ">
      <rel_text>главным однородным</rel_text>
      <target>http://libmeta.ru/me/article/1087_GLAVNOE</target>
    </relation>
    <relation uri="http://libmeta.ru/me/relation/1089_13_GLAVNYJ">
      <rel_text>множество</rel_text>
      <target>http://libmeta.ru/me/article/733_MNOZhESTV</target>
    </relation>
    <relation uri="http://libmeta.ru/me/relation/1089_14_GLAVNYJ">
      <rel_text>категории</rel_text>
      <target>http://libmeta.ru/me/article/787_KATEGORI</target>
    </relation>
    <relation uri="http://libmeta.ru/me/relation/1089_15_GLAVNYJ">
      <rel_text>объекта</rel_text>
      <target>http://libmeta.ru/me/article/1156_OB'EK</target>
    </relation>
    <relation uri="http://libmeta.ru/me/relation/1089_16_GLAVNYJ">
      <rel_text>категории</rel_text>
      <target>http://libmeta.ru/me/article/787_KATEGORI</target>
    </relation>
    <relation uri="http://libmeta.ru/me/relation/1089_17_GLAVNYJ">
      <rel_text>формально</rel_text>
      <target>http://libmeta.ru/me/article/731_FORMALIZ</target>
    </relation>
    <relation uri="http://libmeta.ru/me/relation/1089_18_GLAVNYJ">
      <rel_text>получить</rel_text>
      <target>http://libmeta.ru/me/article/473_POLUNORM</target>
    </relation>
    <relation uri="http://libmeta.ru/me/relation/1089_19_GLAVNYJ">
      <rel_text>покрытий</rel_text>
      <target>http://libmeta.ru/me/article/387_POKRYTI</target>
    </relation>
    <relation uri="http://libmeta.ru/me/relation/1089_20_GLAVNYJ">
      <rel_text>проекцию</rel_text>
      <target>http://libmeta.ru/me/article/707_PROEKTsI</target>
    </relation>
    <relation uri="http://libmeta.ru/me/relation/1089_21_GLAVNYJ">
      <rel_text>объект</rel_text>
      <target>http://libmeta.ru/me/article/1156_OB'EK</target>
    </relation>
    <relation uri="http://libmeta.ru/me/relation/1089_22_GLAVNYJ">
      <rel_text>групповой</rel_text>
      <target>http://libmeta.ru/me/article/1220_GRUPІOI</target>
    </relation>
    <relation uri="http://libmeta.ru/me/relation/1089_23_GLAVNYJ">
      <rel_text>расслоений</rel_text>
      <target>http://libmeta.ru/me/article/973_RASSLOENI</target>
    </relation>
    <relation uri="http://libmeta.ru/me/relation/1089_24_GLAVNYJ">
      <rel_text>категорию</rel_text>
      <target>http://libmeta.ru/me/article/787_KATEGORI</target>
    </relation>
    <relation uri="http://libmeta.ru/me/relation/1089_25_GLAVNYJ">
      <rel_text>группа</rel_text>
      <target>http://libmeta.ru/me/article/1207_GRUPІІ</target>
    </relation>
    <relation uri="http://libmeta.ru/me/relation/1089_26_GLAVNYJ">
      <rel_text>многообразие</rel_text>
      <target>http://libmeta.ru/me/article/438_MNOGOOBRAZI</target>
    </relation>
    <relation uri="http://libmeta.ru/me/relation/1089_27_GLAVNYJ">
      <rel_text>дифференциируемое</rel_text>
      <target>http://libmeta.ru/me/article/302_DIFFERENTsIROVANI</target>
    </relation>
  </relations>
  <text>идеал (кольца, алгебры, полугруппы или решетки), порождаемый нек-рым одним элементом $URI[[http://libmeta.ru/me/formula/aux/1089_1_GLAVNYJ]]/URI$, т. е. наименьший идеал, содержащий элемент $URI[[http://libmeta.ru/me/formula/aux/1089_2_GLAVNYJ]]/URI$.

Левый Г. и. $URI[[http://libmeta.ru/me/formula/aux/1089_3_GLAVNYJ]]/URI$ кольца $URI[[http://libmeta.ru/me/formula/aux/1089_4_GLAVNYJ]]/URI$, кроме самого элемента $URI[[http://libmeta.ru/me/formula/aux/1089_5_GLAVNYJ]]/URI$, содержит все әлементы вида

\[
URI[[http://libmeta.ru/me/formula/main/1089_1_GLAVNYJ]]/URI
\]

соответственно, правый $URI[[http://libmeta.ru/me/formula/aux/1089_6_GLAVNYJ]]/URI$. и. $URI[[http://libmeta.ru/me/formula/aux/1089_7_GLAVNYJ]]/URI$ содержит все элементы вида

\[
URI[[http://libmeta.ru/me/formula/main/1089_2_GLAVNYJ]]/URI
\]

а двусторонний $URI[[http://libmeta.ru/me/formula/aux/1089_8_GLAVNYJ]]/URI$. и. $URI[[http://libmeta.ru/me/formula/aux/1089_9_GLAVNYJ]]/URI$ - все элементы вида

\[
URI[[http://libmeta.ru/me/formula/main/1089_3_GLAVNYJ]]/URI
\]

где $URI[[http://libmeta.ru/me/formula/aux/1089_10_GLAVNYJ]]/URI$ произвольные элементы кольца $URI[[http://libmeta.ru/me/formula/aux/1089_11_GLAVNYJ]]/URI$, a $URI[[http://libmeta.ru/me/formula/aux/1089_12_GLAVNYJ]]/URI$ (n слагаемых $URI[[http://libmeta.ru/me/formula/aux/1089_13_GLAVNYJ]]/URI$. В случае, когда $URI[[http://libmeta.ru/me/formula/aux/1089_14_GLAVNYJ]]/URI$ кольцо с единицей, слагаемое па может быть опущено. В частности, для алгебры $URI[[http://libmeta.ru/me/formula/aux/1089_15_GLAVNYJ]]/URI$ над полем

\[
URI[[http://libmeta.ru/me/formula/main/1089_4_GLAVNYJ]]/URI
\]

В полугруппе $URI[[http://libmeta.ru/me/formula/aux/1089_16_GLAVNYJ]]/URI$ левый, правый и двусторонний идеалы, порожденные элементом $URI[[http://libmeta.ru/me/formula/aux/1089_17_GLAVNYJ]]/URI$, равны соответственно

\[
URI[[http://libmeta.ru/me/formula/main/1089_5_GLAVNYJ]]/URI
\]

где $URI[[http://libmeta.ru/me/formula/aux/1089_18_GLAVNYJ]]/URI$ - полугруппа, совпадающая с $URI[[http://libmeta.ru/me/formula/aux/1089_19_GLAVNYJ]]/URI$, если $URI[[http://libmeta.ru/me/formula/aux/1089_20_GLAVNYJ]]/URI$ содержит единицу, и полученная из $URI[[http://libmeta.ru/me/formula/aux/1089_21_GLAVNYJ]]/URI$ внешним присоединением единицы - в противном случае.

$URI[[http://libmeta.ru/me/formula/aux/1089_22_GLAVNYJ]]/URI$. и. решетки $URI[[http://libmeta.ru/me/formula/aux/1089_23_GLAVNYJ]]/URI$, порожденный элементом $URI[[http://libmeta.ru/me/formula/aux/1089_24_GLAVNYJ]]/URI$, совпадает с множеством таких $URI[[http://libmeta.ru/me/formula/aux/1089_25_GLAVNYJ]]/URI$, что $URI[[http://libmeta.ru/me/formula/aux/1089_26_GLAVNYJ]]/URI$; он обозначается обычно $URI[[http://libmeta.ru/me/formula/aux/1089_27_GLAVNYJ]]/URI$ или $URI[[http://libmeta.ru/me/formula/aux/1089_28_GLAVNYJ]]/URI$, если решетка с нулем. Таким образом,

\[
URI[[http://libmeta.ru/me/formula/main/1089_6_GLAVNYJ]]/URI
\]

В решетке конечной длины все идеалы главные.

Гjавны. Н. Р Ремесленников, T. C. Фобанова, Л. Н. Неврин. в а н н о й к а т е г о р и и - понятие теории категорий, частные случаи которого - главное расслоение в топологии, главное однородное пространство в алгебраич. геометрии и др. Пусть $URI[[http://libmeta.ru/me/formula/aux/1089_29_GLAVNYJ]]/URI$ групповой объект категории $URI[[http://libmeta.ru/me/formula/aux/1089_30_GLAVNYJ]]/URI$ с произведениями и финальным объектом $URI[[http://libmeta.ru/me/formula/aux/1089_31_GLAVNYJ]]/URI$. Объект $URI[[http://libmeta.ru/me/formula/aux/1089_32_GLAVNYJ]]/URI$ наз. $URI[[http://libmeta.ru/me/formula/aux/1089_33_GLAVNYJ]]/URI$-объектом, если определен морфизм $URI[[http://libmeta.ru/me/formula/aux/1089_34_GLAVNYJ]]/URI$ : $URI[[http://libmeta.ru/me/formula/aux/1089_35_GLAVNYJ]]/URI$, для к-рого коммутативны следующие диаграммы:
![](https://cdn.mathpix.com/cropped/2023_07_08_d5900fbd19e4f0d8f8f2g-1.jpg?height=186&amp;width=614&amp;top_left_y=2140&amp;top_left_x=237)

Здесь $URI[[http://libmeta.ru/me/formula/aux/1089_36_GLAVNYJ]]/URI$ морфизм группового закона на $URI[[http://libmeta.ru/me/formula/aux/1089_37_GLAVNYJ]]/URI$, а $URI[[http://libmeta.ru/me/formula/aux/1089_38_GLAVNYJ]]/URI$ морфизм единичного элемента $URI[[http://libmeta.ru/me/formula/aux/1089_39_GLAVNYJ]]/URI$. Более точно, введенные выше $URI[[http://libmeta.ru/me/formula/aux/1089_40_GLAVNYJ]]/URI$-объекты наз. П р а в ы м и $URI[[http://libmeta.ru/me/formula/aux/1089_41_GLAVNYJ]]/URI$-о б ъ е к т а м и, аналогично дается определение ле в ы $URI[[http://libmeta.ru/me/formula/aux/1089_42_GLAVNYJ]]/URI$ б ъ е к т о в. Примером $URI[[http://libmeta.ru/me/formula/aux/1089_43_GLAVNYJ]]/URI$-объекта может служить сам групповой объект $URI[[http://libmeta.ru/me/formula/aux/1089_44_GLAVNYJ]]/URI$, для к-рого отображение $URI[[http://libmeta.ru/me/formula/aux/1089_45_GLAVNYJ]]/URI$ совпадает с отображением $URI[[http://libmeta.ru/me/formula/aux/1089_46_GLAVNYJ]]/URI$. Такой объект наз. т р и в и а л ь ны м $URI[[http://libmeta.ru/me/formula/aux/1089_47_GLAVNYJ]]/URI$ б т е к т о м. $URI[[http://libmeta.ru/me/formula/aux/1089_48_GLAVNYJ]]/URI$-объекты категории $URI[[http://libmeta.ru/me/formula/aux/1089_49_GLAVNYJ]]/URI$ образуют подкатегорию $URI[[http://libmeta.ru/me/formula/aux/1089_50_GLAVNYJ]]/URI$, морфизмами в к-рой служат морфизмы, перестановочные с морфизмами $URI[[http://libmeta.ru/me/formula/aux/1089_51_GLAVNYJ]]/URI$. $URI[[http://libmeta.ru/me/formula/aux/1089_52_GLAVNYJ]]/URI$-объект наз. ф о р м а л ь н о г л а в ны м $URI[[http://libmeta.ru/me/formula/aux/1089_53_GLAVNYJ]]/URI$-о б ъ е к т ом, если морфизмы $URI[[http://libmeta.ru/me/formula/aux/1089_54_GLAVNYJ]]/URI$ и $URI[[http://libmeta.ru/me/formula/aux/1089_55_GLAVNYJ]]/URI$ индуцируют изоморфизм $URI[[http://libmeta.ru/me/formula/aux/1089_56_GLAVNYJ]]/URI$. Если $URI[[http://libmeta.ru/me/formula/aux/1089_57_GLAVNYJ]]/URI$ - некоторая топология Гротендика на категории $URI[[http://libmeta.ru/me/formula/aux/1089_58_GLAVNYJ]]/URI$, то формально главный $URI[[http://libmeta.ru/me/formula/aux/1089_59_GLAVNYJ]]/URI$-объект $URI[[http://libmeta.ru/me/formula/aux/1089_60_GLAVNYJ]]/URI$ наз. главным $URI[[http://libmeta.ru/me/formula/aux/1089_61_GLAVNYJ]]/URI$ объектом (относительно топологии $URI[[http://libmeta.ru/me/formula/aux/1089_62_GLAVNYJ]]/URI$ ), если существует покрытие $URI[[http://libmeta.ru/me/formula/aux/1089_63_GLAVNYJ]]/URI$ финального объекта такое, что для любого $URI[[http://libmeta.ru/me/formula/aux/1089_64_GLAVNYJ]]/URI$ произведение $URI[[http://libmeta.ru/me/formula/aux/1089_65_GLAVNYJ]]/URI$ изоморфно тривиальному $URI[[http://libmeta.ru/me/formula/aux/1089_66_GLAVNYJ]]/URI$-объекту.

П р и м е р ы. 1) Если $URI[[http://libmeta.ru/me/formula/aux/1089_67_GLAVNYJ]]/URI$ - категория множеств, а $URI[[http://libmeta.ru/me/formula/aux/1089_68_GLAVNYJ]]/URI$ - группа, то непустые $URI[[http://libmeta.ru/me/formula/aux/1089_69_GLAVNYJ]]/URI$-объекты наз. $URI[[http://libmeta.ru/me/formula/aux/1089_70_GLAVNYJ]]/URI$-множествами. Это множества $URI[[http://libmeta.ru/me/formula/aux/1089_71_GLAVNYJ]]/URI$, для к-рых задано такое отображение $URI[[http://libmeta.ru/me/formula/aux/1089_72_GLAVNYJ]]/URI$, что для любых $URI[[http://libmeta.ru/me/formula/aux/1089_73_GLAVNYJ]]/URI$ имеет место $URI[[http://libmeta.ru/me/formula/aux/1089_74_GLAVNYJ]]/URI$ и для любого $URI[[http://libmeta.ru/me/formula/aux/1089_75_GLAVNYJ]]/URI$ верно $URI[[http://libmeta.ru/me/formula/aux/1089_76_GLAVNYJ]]/URI$. Главный $URI[[http://libmeta.ru/me/formula/aux/1089_77_GLAVNYJ]]/URI$-объект есть $URI[[http://libmeta.ru/me/formula/aux/1089_78_GLAVNYJ]]/URI$-множество, в к-ром для любых $URI[[http://libmeta.ru/me/formula/aux/1089_79_GLAVNYJ]]/URI$ существует единственный элемент $URI[[http://libmeta.ru/me/formula/aux/1089_80_GLAVNYJ]]/URI$ такой, что $URI[[http://libmeta.ru/me/formula/aux/1089_81_GLAVNYJ]]/URI$ (г л а в н о е о д н о р о д н о е $URI[[http://libmeta.ru/me/formula/aux/1089_82_GLAVNYJ]]/URI$-м н о же с т в о). Если $URI[[http://libmeta.ru/me/formula/aux/1089_83_GLAVNYJ]]/URI$ не пусто, то выбор $URI[[http://libmeta.ru/me/formula/aux/1089_84_GLAVNYJ]]/URI$ определяет отображение $URI[[http://libmeta.ru/me/formula/aux/1089_85_GLAVNYJ]]/URI$, к-рое устанавливает изоморфизм $URI[[http://libmeta.ru/me/formula/aux/1089_86_GLAVNYJ]]/URI$ и тривиального $URI[[http://libmeta.ru/me/formula/aux/1089_87_GLAVNYJ]]/URI$-множества $URI[[http://libmeta.ru/me/formula/aux/1089_88_GLAVNYJ]]/URI$. Тем самым в любой топологии формально главный $URI[[http://libmeta.ru/me/formula/aux/1089_89_GLAVNYJ]]/URI$-объект является главным $URI[[http://libmeta.ru/me/formula/aux/1089_90_GLAVNYJ]]/URI$-объектом.

2) Если $URI[[http://libmeta.ru/me/formula/aux/1089_91_GLAVNYJ]]/URI$ - URI[[http://libmeta.ru/me/relation/1089_27_GLAVNYJ]]/URI URI[[http://libmeta.ru/me/relation/1089_26_GLAVNYJ]]/URI, $URI[[http://libmeta.ru/me/formula/aux/1089_92_GLAVNYJ]]/URI$ - URI[[http://libmeta.ru/me/relation/1089_25_GLAVNYJ]]/URI Ли, то, взяв за $URI[[http://libmeta.ru/me/formula/aux/1089_93_GLAVNYJ]]/URI$ URI[[http://libmeta.ru/me/relation/1089_24_GLAVNYJ]]/URI URI[[http://libmeta.ru/me/relation/1089_23_GLAVNYJ]]/URI над $URI[[http://libmeta.ru/me/formula/aux/1089_94_GLAVNYJ]]/URI$, за URI[[http://libmeta.ru/me/relation/1089_22_GLAVNYJ]]/URI URI[[http://libmeta.ru/me/relation/1089_21_GLAVNYJ]]/URI $URI[[http://libmeta.ru/me/formula/aux/1089_95_GLAVNYJ]]/URI$ URI[[http://libmeta.ru/me/relation/1089_20_GLAVNYJ]]/URI $URI[[http://libmeta.ru/me/formula/aux/1089_96_GLAVNYJ]]/URI$ и определив топологию в $URI[[http://libmeta.ru/me/formula/aux/1089_97_GLAVNYJ]]/URI$ с помощью семейств открытых URI[[http://libmeta.ru/me/relation/1089_19_GLAVNYJ]]/URI, можно URI[[http://libmeta.ru/me/relation/1089_18_GLAVNYJ]]/URI определение главного $URI[[http://libmeta.ru/me/formula/aux/1089_98_GLAVNYJ]]/URI$-расслоения.

Если $URI[[http://libmeta.ru/me/formula/aux/1089_99_GLAVNYJ]]/URI$ - URI[[http://libmeta.ru/me/relation/1089_17_GLAVNYJ]]/URI главный $URI[[http://libmeta.ru/me/formula/aux/1089_100_GLAVNYJ]]/URI$-объект URI[[http://libmeta.ru/me/relation/1089_16_GLAVNYJ]]/URI $URI[[http://libmeta.ru/me/formula/aux/1089_101_GLAVNYJ]]/URI$, то для любого URI[[http://libmeta.ru/me/relation/1089_15_GLAVNYJ]]/URI $URI[[http://libmeta.ru/me/formula/aux/1089_102_GLAVNYJ]]/URI$ URI[[http://libmeta.ru/me/relation/1089_14_GLAVNYJ]]/URI $URI[[http://libmeta.ru/me/formula/aux/1089_103_GLAVNYJ]]/URI$ URI[[http://libmeta.ru/me/relation/1089_13_GLAVNYJ]]/URI $URI[[http://libmeta.ru/me/formula/aux/1089_104_GLAVNYJ]]/URI$ либо пусто, либо является URI[[http://libmeta.ru/me/relation/1089_12_GLAVNYJ]]/URI $URI[[http://libmeta.ru/me/formula/aux/1089_105_GLAVNYJ]]/URI$-множеством.

$URI[[http://libmeta.ru/me/formula/aux/1089_106_GLAVNYJ]]/URI$-объект $URI[[http://libmeta.ru/me/formula/aux/1089_107_GLAVNYJ]]/URI$ изоморфен тривиальному $URI[[http://libmeta.ru/me/formula/aux/1089_108_GLAVNYJ]]/URI$-объекту тогда и только тогда, когда существует URI[[http://libmeta.ru/me/relation/1089_11_GLAVNYJ]]/URI $URI[[http://libmeta.ru/me/formula/aux/1089_109_GLAVNYJ]]/URI$. URI[[http://libmeta.ru/me/relation/1089_10_GLAVNYJ]]/URI классов $URI[[http://libmeta.ru/me/formula/aux/1089_110_GLAVNYJ]]/URI$-объектов (относительно отношения изоморфизма между ними) обозначается через $URI[[http://libmeta.ru/me/formula/aux/1089_111_GLAVNYJ]]/URI$. В случае, когда $URI[[http://libmeta.ru/me/formula/aux/1089_112_GLAVNYJ]]/URI$ - абелев URI[[http://libmeta.ru/me/relation/1089_9_GLAVNYJ]]/URI URI[[http://libmeta.ru/me/relation/1089_8_GLAVNYJ]]/URI, URI[[http://libmeta.ru/me/relation/1089_7_GLAVNYJ]]/URI $URI[[http://libmeta.ru/me/formula/aux/1089_113_GLAVNYJ]]/URI$ с отмеченной точкой, соответствующей классу тривиальных $URI[[http://libmeta.ru/me/formula/aux/1089_114_GLAVNYJ]]/URI$-объектов, является URI[[http://libmeta.ru/me/relation/1089_6_GLAVNYJ]]/URI и вычисляется стандартными средствами URI[[http://libmeta.ru/me/relation/1089_5_GLAVNYJ]]/URI. URI[[http://libmeta.ru/me/relation/1089_4_GLAVNYJ]]/URI. В общем случае URI[[http://libmeta.ru/me/relation/1089_3_GLAVNYJ]]/URI $URI[[http://libmeta.ru/me/formula/aux/1089_115_GLAVNYJ]]/URI$ используют конструкции URI[[http://libmeta.ru/me/relation/1089_2_GLAVNYJ]]/URI Чеха (см. URI[[http://libmeta.ru/me/relation/1089_1_GLAVNYJ]]/URI).</text>
  <text_orig>идеал (кольца, алгебры, полугруппы или решетки), порождаемый нек-рым одним элементом $a$, т. е. наименьший идеал, содержащий элемент $a$.

Левый Г. и. $L(a)$ кольца $K$, кроме самого элемента $a$, содержит все әлементы вида

\[
k a+n a ;
\]

соответственно, правый $\Gamma$. и. $R(a)$ содержит все элементы вида

\[
a k+n a,
\]

а двусторонний $\Gamma$. и. $L(a)$ - все элементы вида

\[
n a+t a+a s+\sum_{i}\left[\left(k_{i} a\right) l_{i}+k_{i}^{\prime}\left(a, l_{i}^{\prime}\right)\right],
\]

где $k, t, s, k_{i}, k_{i}^{\prime}, l_{i}, l_{i}^{\prime}-$ произвольные элементы кольца $K$, a $n a=a+\ldots+a$ (n слагаемых $)$. В случае, когда $K-$ кольцо с единицей, слагаемое па может быть опущено. В частности, для алгебры $A$ над полем

\[
L(a)=a A, R(a)=A a, J(a)=A a A .
\]

В полугруппе $S$ левый, правый и двусторонний идеалы, порожденные элементом $a$, равны соответственно

\[
L(a)=S^{1} a, R(a)=a S^{1}, J(a)=S^{1} a S^{1},
\]

где $S^{1}$ - полугруппа, совпадающая с $S$, если $S$ содержит единицу, и полученная из $S$ внешним присоединением единицы - в противном случае.

$\Gamma$. и. решетки $L$, порожденный элементом $a$, совпадает с множеством таких $x$, что $x \leqslant a$; он обозначается обычно $a^{\nabla},[a]$ или $[0, a]$, если решетка с нулем. Таким образом,

\[
a^{\nabla}=a L=\{a x \mid x \in L\} .
\]

В решетке конечной длины все идеалы главные.

ГJАВНЫ. Н. Р Ремесленников, T. C. Фобанова, Л. Н. Неврин. в а н н о й к а т е г о р и и - понятие теории категорий, частные случаи которого - главное расслоение в топологии, главное однородное пространство в алгебраич. геометрии и др. Пусть $G-$ групповой объект категории $C$ с произведениями и финальным объектом $e$. Объект $P$ наз. $G$-объектом, если определен морфизм $\pi$ : $P \times G \rightarrow P$, для к-рого коммутативны следующие диаграммы:
![](https://cdn.mathpix.com/cropped/2023_07_08_d5900fbd19e4f0d8f8f2g-1.jpg?height=186&amp;width=614&amp;top_left_y=2140&amp;top_left_x=237)

Здесь $\mu: G \times G \rightarrow G-$ морфизм группового закона на $G$, а $\beta: e \rightarrow G-$ морфизм единичного элемента $G$. Более точно, введенные выше $G$-объекты наз. П р а в ы м и $G$-о б ъ е к т а м и, аналогично дается определение ле в ы $\mathbf{x} G-0$ б ъ е к т о в. Примером $G$-объекта может служить сам групповой объект $G$, для к-рого отображение $\mu$ совпадает с отображением $\pi$. Такой объект наз. т р и в и а л ь ны м $G-0$ б т е к т о м. $G$-объекты категории $C$ образуют подкатегорию $C G$, морфизмами в к-рой служат морфизмы, перестановочные с морфизмами $\pi$. $G$-объект наз. ф о р м а л ь н о г л а в ны м $G$-о б ъ е к т ом, если морфизмы $P \times G \rightarrow \stackrel{p r_{1}}{\rightarrow} P$ и $P \times G \stackrel{\pi}{\rightarrow} P$ индуцируют изоморфизм $\varphi=\pi p r_{1}: P \times G \rightarrow P \times P$. Если $T$ - некоторая топология Гротендика на категории $C$, то формально главный $G$-объект $P$ наз. главным $G-$ объектом (относительно топологии $T$ ), если существует покрытие $\left(U_{i} \rightarrow e\right) i \in I$ финального объекта такое, что для любого $i \in I$ произведение $G \times U_{i}$ изоморфно тривиальному $G \times U_{i}$-объекту.

П р и м е р ы. 1) Если $C$ - категория множеств, а $G$ - группа, то непустые $G$-объекты наз. $G$-множествами. Это множества $P$, для к-рых задано такое отображение $P \times G \rightarrow P((p, g) \rightarrow p g)$, что для любых $g, g^{\prime} \in G$ имеет место $p\left(g g^{\prime}\right)=(p g) g^{\prime}$ и для любого $p \in P$ верно $p \cdot 1=p$. Главный $G$-объект есть $G$-множество, в к-ром для любых $p, p^{\prime} \in P$ существует единственный элемент $g \in G$ такой, что $p g=p^{\prime}$ (г л а в н о е о д н о р о д н о е $G$-м н о же с т в о). Если $P$ не пусто, то выбор $p_{0} \in P$ определяет отображение $g \rightarrow p_{0} g$, к-рое устанавливает изоморфизм $P$ и тривиального $G$-множества $G$. Тем самым в любой топологии формально главный $G$-объект является главным $G$-объектом.

2) Если $X$ - дифференциируемое многообразие, $H$ - группа Ли, то, взяв за $C$ категорию расслоений над $X$, за групповой объект $G$ проекцию $H \times X \rightarrow X$ и определив топологию в $C$ с помощью семейств открытых покрытий, можно получить определение главного $G$-расслоения.

Если $P$ - формально главный $G$-объект категории $C$, то для любого объекта $X$ категории $O b(C)$ множество $P(X)=\operatorname{Hom}_{C}(X, P)$ либо пусто, либо является главным однородным $G(X)$-множеством.

$G$-объект $P$ изоморфен тривиальному $G$-объекту тогда и только тогда, когда существует сечение $e \rightarrow P$. Множество классов $G$-объектов (относительно отношения изоморфизма между ними) обозначается через $H^{1}(C, G)$. В случае, когда $G$ - абелев групповой объект, множество $H^{1}(C, G)$ с отмеченной точкой, соответствующей классу тривиальных $G$-объектов, является группой и вычисляется стандартными средствами гомологич. алгебры. В общем случае вычисления $H^{1}(C, G)$ используют конструкции когомологий Чеха (см. Неабелевы когомологиน).

Лum.: [1] Revêtements etales et groupe fondamental, В.,</text_orig>
</article>
