<?xml version="1.0" ?>
<article uri="http://libmeta.ru/me/article/108_KRITIChESKIJ" alphabetic_pos="108">
  <title>КРИТИЧЕСКИЙ ИДЕАЈІ</title>
  <authors>
    <author>Л. В. Кузъмин</author>
  </authors>
  <pages>
    <start>58</start>
    <end>59</end>
  </pages>
  <literature>
    <literature_orig>Лum.: [1] Б в p е вич 3. И., Ii а ф а р е в и ч и. Р., теория чисел, 2 изд., М., 1972 ; [2] Алгебраическая теория чисел, пер. с англ., М., $1969 ;[3]$ Ј е н г С., Алгебраические числа,пер. с англ., М., 1966.</literature_orig>
    <unit>
      <author>Бвpевич3. И.</author>
      <author>Iiафаревичи. Р.</author>
      <title>теория чисел</title>
      <publication>2 изд., М.</publication>
      <year>1972</year>
      <other/>
    </unit>
    <unit>
      <title>Алгебраическая теория чисел</title>
      <publication>пер. с англ., М.</publication>
      <year>1969</year>
      <other/>
    </unit>
    <unit>
      <author>$Јенг С.</author>
      <title>Алгебраические числа</title>
      <publication>пер. с англ., М.</publication>
      <year>1966</year>
      <other/>
    </unit>
  </literature>
  <formulas_main>
    <formula uri="http://libmeta.ru/me/formula/main/108_1_KRITIChESKIJ">\mathfrak{p} B=\mathfrak{P}_{\mathbf{1}}^{l_{1}} \ldots \mathfrak{P}_{s}^{l_{s}} \text {, }</formula>
  </formulas_main>
  <formulas_aux>
    <formula uri="http://libmeta.ru/me/formula/aux/108_1_KRITIChESKIJ">a</formula>
    <formula uri="http://libmeta.ru/me/formula/aux/108_2_KRITIChESKIJ">k / k</formula>
    <formula uri="http://libmeta.ru/me/formula/aux/108_3_KRITIChESKIJ">k</formula>
    <formula uri="http://libmeta.ru/me/formula/aux/108_4_KRITIChESKIJ">a</formula>
    <formula uri="http://libmeta.ru/me/formula/aux/108_5_KRITIChESKIJ">k / k</formula>
    <formula uri="http://libmeta.ru/me/formula/aux/108_6_KRITIChESKIJ">\mathfrak{p}</formula>
    <formula uri="http://libmeta.ru/me/formula/aux/108_7_KRITIChESKIJ">a</formula>
    <formula uri="http://libmeta.ru/me/formula/aux/108_8_KRITIChESKIJ">3-</formula>
    <formula uri="http://libmeta.ru/me/formula/aux/108_9_KRITIChESKIJ">k / k</formula>
    <formula uri="http://libmeta.ru/me/formula/aux/108_10_KRITIChESKIJ">b</formula>
    <formula uri="http://libmeta.ru/me/formula/aux/108_11_KRITIChESKIJ">a</formula>
    <formula uri="http://libmeta.ru/me/formula/aux/108_12_KRITIChESKIJ">k</formula>
    <formula uri="http://libmeta.ru/me/formula/aux/108_13_KRITIChESKIJ">\re_{1}, \ldots, \mathfrak{P}_{s}</formula>
    <formula uri="http://libmeta.ru/me/formula/aux/108_14_KRITIChESKIJ">b</formula>
    <formula uri="http://libmeta.ru/me/formula/aux/108_15_KRITIChESKIJ">l_{i}</formula>
    <formula uri="http://libmeta.ru/me/formula/aux/108_16_KRITIChESKIJ">l_{i}</formula>
    <formula uri="http://libmeta.ru/me/formula/aux/108_17_KRITIChESKIJ">\mathfrak{f}_{i}</formula>
    <formula uri="http://libmeta.ru/me/formula/aux/108_18_KRITIChESKIJ">k / k-</formula>
    <formula uri="http://libmeta.ru/me/formula/aux/108_19_KRITIChESKIJ">g(k / k)</formula>
    <formula uri="http://libmeta.ru/me/formula/aux/108_20_KRITIChESKIJ">l_{1}=l_{2}=\ldots=l_{s}</formula>
    <formula uri="http://libmeta.ru/me/formula/aux/108_21_KRITIChESKIJ">l_{i}</formula>
    <formula uri="http://libmeta.ru/me/formula/aux/108_22_KRITIChESKIJ">t\left(\mathfrak{p}_{i}\right)</formula>
    <formula uri="http://libmeta.ru/me/formula/aux/108_23_KRITIChESKIJ">g(k / k)</formula>
    <formula uri="http://libmeta.ru/me/formula/aux/108_24_KRITIChESKIJ">t\left(\mathfrak{p}_{i}\right)=\left\{\sigma \in G(K / k) \mid \sigma a-a \in \mathfrak{P}_{i}\right.</formula>
    <formula uri="http://libmeta.ru/me/formula/aux/108_25_KRITIChESKIJ">\left.a \in B\right\}</formula>
    <formula uri="http://libmeta.ru/me/formula/aux/108_26_KRITIChESKIJ">t\left(\mathfrak{p}_{i}\right)_{n} \subset T\left(\mathfrak{P}_{i}\right), \quad n=1,2, \ldots, \quad</formula>
    <formula uri="http://libmeta.ru/me/formula/aux/108_27_KRITIChESKIJ">\boldsymbol{t}\left(\mathfrak{p}_{i}\right)_{n}=\left\{\sigma \in G(K / k) \mid \sigma(a)-a \in \mathfrak{P}_{i}^{n+1}\right.</formula>
    <formula uri="http://libmeta.ru/me/formula/aux/108_28_KRITIChESKIJ">\left.a \in B\right\}</formula>
    <formula uri="http://libmeta.ru/me/formula/aux/108_29_KRITIChESKIJ">a=\mathbb{z}</formula>
    <formula uri="http://libmeta.ru/me/formula/aux/108_30_KRITIChESKIJ">\mathbb{q}</formula>
    <formula uri="http://libmeta.ru/me/formula/aux/108_31_KRITIChESKIJ">k</formula>
    <formula uri="http://libmeta.ru/me/formula/aux/108_32_KRITIChESKIJ">k</formula>
    <formula uri="http://libmeta.ru/me/formula/aux/108_33_KRITIChESKIJ">k</formula>
    <formula uri="http://libmeta.ru/me/formula/aux/108_34_KRITIChESKIJ">\mathbb{q}(\sqrt{5}, \sqrt{-5})</formula>
    <formula uri="http://libmeta.ru/me/formula/aux/108_35_KRITIChESKIJ">\mathbb{q}(\sqrt{-5})</formula>
    <formula uri="http://libmeta.ru/me/formula/aux/108_36_KRITIChESKIJ">\mathbb{q}(\sqrt{-5})</formula>
  </formulas_aux>
  <relations n="24">
    <relation uri="http://libmeta.ru/me/relation/108_1_KRITIChESKIJ">
      <rel_text>совпадает</rel_text>
      <target>http://libmeta.ru/me/article/59_SOVPADENI</target>
    </relation>
    <relation uri="http://libmeta.ru/me/relation/108_2_KRITIChESKIJ">
      <rel_text>поле</rel_text>
      <target>http://libmeta.ru/me/article/390_POL</target>
    </relation>
    <relation uri="http://libmeta.ru/me/relation/108_3_KRITIChESKIJ">
      <rel_text>поле</rel_text>
      <target>http://libmeta.ru/me/article/390_POL</target>
    </relation>
    <relation uri="http://libmeta.ru/me/relation/108_4_KRITIChESKIJ">
      <rel_text>критич</rel_text>
      <target>http://libmeta.ru/me/article/90_KRIVA</target>
    </relation>
    <relation uri="http://libmeta.ru/me/relation/108_5_KRITIChESKIJ">
      <rel_text>группу</rel_text>
      <target>http://libmeta.ru/me/article/1207_GRUPІІ</target>
    </relation>
    <relation uri="http://libmeta.ru/me/relation/108_6_KRITIChESKIJ">
      <rel_text>поле</rel_text>
      <target>http://libmeta.ru/me/article/390_POL</target>
    </relation>
    <relation uri="http://libmeta.ru/me/relation/108_7_KRITIChESKIJ">
      <rel_text>произвольных</rel_text>
      <target>http://libmeta.ru/me/article/1045_PROIZVODNA</target>
    </relation>
    <relation uri="http://libmeta.ru/me/relation/108_8_KRITIChESKIJ">
      <rel_text>характеристикой</rel_text>
      <target>http://libmeta.ru/me/article/839_HARAKTERISTIK</target>
    </relation>
    <relation uri="http://libmeta.ru/me/relation/108_9_KRITIChESKIJ">
      <rel_text>группы</rel_text>
      <target>http://libmeta.ru/me/article/1207_GRUPІІ</target>
    </relation>
    <relation uri="http://libmeta.ru/me/relation/108_10_KRITIChESKIJ">
      <rel_text>порядком</rel_text>
      <target>http://libmeta.ru/me/article/531_PORJaDO</target>
    </relation>
    <relation uri="http://libmeta.ru/me/relation/108_11_KRITIChESKIJ">
      <rel_text>совпадает</rel_text>
      <target>http://libmeta.ru/me/article/59_SOVPADENI</target>
    </relation>
    <relation uri="http://libmeta.ru/me/relation/108_12_KRITIChESKIJ">
      <rel_text>индекс</rel_text>
      <target>http://libmeta.ru/me/article/566_INDEK</target>
    </relation>
    <relation uri="http://libmeta.ru/me/relation/108_13_KRITIChESKIJ">
      <rel_text>группой</rel_text>
      <target>http://libmeta.ru/me/article/1207_GRUPІІ</target>
    </relation>
    <relation uri="http://libmeta.ru/me/relation/108_14_KRITIChESKIJ">
      <rel_text>Число</rel_text>
      <target>http://libmeta.ru/me/article/1009_ChISL</target>
    </relation>
    <relation uri="http://libmeta.ru/me/relation/108_15_KRITIChESKIJ">
      <rel_text>идеалы кольца</rel_text>
      <target>http://libmeta.ru/me/article/1093_GЈAVNYH</target>
    </relation>
    <relation uri="http://libmeta.ru/me/relation/108_16_KRITIChESKIJ">
      <rel_text>поле</rel_text>
      <target>http://libmeta.ru/me/article/390_POL</target>
    </relation>
    <relation uri="http://libmeta.ru/me/relation/108_17_KRITIChESKIJ">
      <rel_text>кольца</rel_text>
      <target>http://libmeta.ru/me/article/1000_KOL'Ts</target>
    </relation>
    <relation uri="http://libmeta.ru/me/relation/108_18_KRITIChESKIJ">
      <rel_text>кольца</rel_text>
      <target>http://libmeta.ru/me/article/1000_KOL'Ts</target>
    </relation>
    <relation uri="http://libmeta.ru/me/relation/108_19_KRITIChESKIJ">
      <rel_text>Простой идеал</rel_text>
      <target>http://libmeta.ru/me/article/742_PROSTOJ</target>
    </relation>
    <relation uri="http://libmeta.ru/me/relation/108_20_KRITIChESKIJ">
      <rel_text>колыца</rel_text>
      <target>http://libmeta.ru/me/article/1000_KOL'Ts</target>
    </relation>
    <relation uri="http://libmeta.ru/me/relation/108_21_KRITIChESKIJ">
      <rel_text>поле</rel_text>
      <target>http://libmeta.ru/me/article/390_POL</target>
    </relation>
    <relation uri="http://libmeta.ru/me/relation/108_22_KRITIChESKIJ">
      <rel_text>дискриминант</rel_text>
      <target>http://libmeta.ru/me/article/231_DISKRIMINAN</target>
    </relation>
    <relation uri="http://libmeta.ru/me/relation/108_23_KRITIChESKIJ">
      <rel_text>дедекиндова кольца</rel_text>
      <target>http://libmeta.ru/me/article/75_DEDEKINDOVO</target>
    </relation>
    <relation uri="http://libmeta.ru/me/relation/108_24_KRITIChESKIJ">
      <rel_text>простой идеал</rel_text>
      <target>http://libmeta.ru/me/article/742_PROSTOJ</target>
    </relation>
  </relations>
  <text>URI[[http://libmeta.ru/me/relation/108_24_KRITIChESKIJ]]/URI URI[[http://libmeta.ru/me/relation/108_23_KRITIChESKIJ]]/URI $URI[[http://libmeta.ru/me/formula/aux/108_1_KRITIChESKIJ]]/URI$, делящий URI[[http://libmeta.ru/me/relation/108_22_KRITIChESKIJ]]/URI конечного сепарабельного расширения $URI[[http://libmeta.ru/me/formula/aux/108_2_KRITIChESKIJ]]/URI$, где $URI[[http://libmeta.ru/me/formula/aux/108_3_KRITIChESKIJ]]/URI$ - URI[[http://libmeta.ru/me/relation/108_21_KRITIChESKIJ]]/URI частных URI[[http://libmeta.ru/me/relation/108_20_KRITIChESKIJ]]/URI $URI[[http://libmeta.ru/me/formula/aux/108_4_KRITIChESKIJ]]/URI$. К. и. и только такие идеалы разветвлены в расширении $URI[[http://libmeta.ru/me/formula/aux/108_5_KRITIChESKIJ]]/URI$. URI[[http://libmeta.ru/me/relation/108_19_KRITIChESKIJ]]/URI $URI[[http://libmeta.ru/me/formula/aux/108_6_KRITIChESKIJ]]/URI$ URI[[http://libmeta.ru/me/relation/108_18_KRITIChESKIJ]]/URI $URI[[http://libmeta.ru/me/formula/aux/108_7_KRITIChESKIJ]]/URI$ наз. р а $URI[[http://libmeta.ru/me/formula/aux/108_8_KRITIChESKIJ]]/URI$ в е т в л е н ы м в $URI[[http://libmeta.ru/me/formula/aux/108_9_KRITIChESKIJ]]/URI$, если в целом замыкании $URI[[http://libmeta.ru/me/formula/aux/108_10_KRITIChESKIJ]]/URI$ URI[[http://libmeta.ru/me/relation/108_17_KRITIChESKIJ]]/URI $URI[[http://libmeta.ru/me/formula/aux/108_11_KRITIChESKIJ]]/URI$ в URI[[http://libmeta.ru/me/relation/108_16_KRITIChESKIJ]]/URI $URI[[http://libmeta.ru/me/formula/aux/108_12_KRITIChESKIJ]]/URI$ имеет место равенство

\[
URI[[http://libmeta.ru/me/formula/main/108_1_KRITIChESKIJ]]/URI
\]

где $URI[[http://libmeta.ru/me/formula/aux/108_13_KRITIChESKIJ]]/URI$ - некоторые простые URI[[http://libmeta.ru/me/relation/108_15_KRITIChESKIJ]]/URI $URI[[http://libmeta.ru/me/formula/aux/108_14_KRITIChESKIJ]]/URI$ и хотя бы одно из чисел $URI[[http://libmeta.ru/me/formula/aux/108_15_KRITIChESKIJ]]/URI$ больше 1. URI[[http://libmeta.ru/me/relation/108_14_KRITIChESKIJ]]/URI $URI[[http://libmeta.ru/me/formula/aux/108_16_KRITIChESKIJ]]/URI$ наз. и нде к с о в е т в ле ния идеала $URI[[http://libmeta.ru/me/formula/aux/108_17_KRITIChESKIJ]]/URI$.

Если $URI[[http://libmeta.ru/me/formula/aux/108_18_KRITIChESKIJ]]/URI$ расширение Галуа с URI[[http://libmeta.ru/me/relation/108_13_KRITIChESKIJ]]/URI Галуа $URI[[http://libmeta.ru/me/formula/aux/108_19_KRITIChESKIJ]]/URI$, то $URI[[http://libmeta.ru/me/formula/aux/108_20_KRITIChESKIJ]]/URI$ и URI[[http://libmeta.ru/me/relation/108_12_KRITIChESKIJ]]/URI $URI[[http://libmeta.ru/me/formula/aux/108_21_KRITIChESKIJ]]/URI$ URI[[http://libmeta.ru/me/relation/108_11_KRITIChESKIJ]]/URI с URI[[http://libmeta.ru/me/relation/108_10_KRITIChESKIJ]]/URI по д г р у п п ы и не р ци и $URI[[http://libmeta.ru/me/formula/aux/108_22_KRITIChESKIJ]]/URI$ URI[[http://libmeta.ru/me/relation/108_9_KRITIChESKIJ]]/URI $URI[[http://libmeta.ru/me/formula/aux/108_23_KRITIChESKIJ]]/URI$ :

$URI[[http://libmeta.ru/me/formula/aux/108_24_KRITIChESKIJ]]/URI$ для всех $URI[[http://libmeta.ru/me/formula/aux/108_25_KRITIChESKIJ]]/URI$.

Другой, более тонкой URI[[http://libmeta.ru/me/relation/108_8_KRITIChESKIJ]]/URI ветвления является по д г р у П п а в ы сше г о в е т в лен и я $URI[[http://libmeta.ru/me/formula/aux/108_26_KRITIChESKIJ]]/URI$ ппределяемая следующим образом:

$URI[[http://libmeta.ru/me/formula/aux/108_27_KRITIChESKIJ]]/URI$ для всех $URI[[http://libmeta.ru/me/formula/aux/108_28_KRITIChESKIJ]]/URI$.

Пусть $URI[[http://libmeta.ru/me/formula/aux/108_29_KRITIChESKIJ]]/URI$; согласно те о рем е М и н ко в ск о г о в любом конечном расширении поля рациональных чисел $URI[[http://libmeta.ru/me/formula/aux/108_30_KRITIChESKIJ]]/URI$ существуют К. и. Для URI[[http://libmeta.ru/me/relation/108_7_KRITIChESKIJ]]/URI полей алгебраич. чисел это не так: если URI[[http://libmeta.ru/me/relation/108_6_KRITIChESKIJ]]/URI $URI[[http://libmeta.ru/me/formula/aux/108_31_KRITIChESKIJ]]/URI$ не одноклассно, т. е. имеет нетривиальную URI[[http://libmeta.ru/me/relation/108_5_KRITIChESKIJ]]/URI классов идеалов, то над $URI[[http://libmeta.ru/me/formula/aux/108_32_KRITIChESKIJ]]/URI$ существуют не р а в в е т в л е н н ы е р а сши р е н и я, т. е. расширения, не имеющие URI[[http://libmeta.ru/me/relation/108_4_KRITIChESKIJ]]/URI. идеалов. Пример такого расширения - гильбертово URI[[http://libmeta.ru/me/relation/108_3_KRITIChESKIJ]]/URI классов поля $URI[[http://libmeta.ru/me/formula/aux/108_33_KRITIChESKIJ]]/URI$ : так, URI[[http://libmeta.ru/me/relation/108_2_KRITIChESKIJ]]/URI $URI[[http://libmeta.ru/me/formula/aux/108_34_KRITIChESKIJ]]/URI$ URI[[http://libmeta.ru/me/relation/108_1_KRITIChESKIJ]]/URI с гильбертовым полем классов поля $URI[[http://libmeta.ru/me/formula/aux/108_35_KRITIChESKIJ]]/URI$ и не разветвлено над полем $URI[[http://libmeta.ru/me/formula/aux/108_36_KRITIChESKIJ]]/URI$.</text>
  <text_orig>простой идеал дедекиндова кольца $A$, делящий дискриминант конечного сепарабельного расширения $K / k$, где $k$ - поле частных колыца $A$. К. и. и только такие идеалы разветвлены в расширении $K / k$. Простой идеал $\mathfrak{p}$ кольца $A$ наз. р а $3-$ в е т в л е н ы м в $K / k$, если в целом замыкании $B$ кольца $A$ в поле $K$ имеет место равенство

\[
\mathfrak{p} B=\mathfrak{P}_{\mathbf{1}}^{l_{1}} \ldots \mathfrak{P}_{s}^{l_{s}} \text {, }
\]

где $\Re_{1}, \ldots, \mathfrak{P}_{s}$ - некоторые простые идеалы кольца $B$ и хотя бы одно из чисел $l_{i}$ больше 1. Число $l_{i}$ наз. и нде к с о в е т в ле ния идеала $\mathfrak{F}_{i}$.

Если $K / k-$ расширение Галуа с группой Галуа $G(K / k)$, то $l_{1}=l_{2}=\ldots=l_{s}$ и индекс $l_{i}$ совпадает с порядком по д г р у п п ы и не р ци и $T\left(\mathfrak{P}_{i}\right)$ группы $G(K / k)$ :

$T\left(\mathfrak{P}_{i}\right)=\left\{\sigma \in G(K / k) \mid \sigma a-a \in \mathfrak{P}_{i}\right.$ для всех $\left.a \in B\right\}$.

Другой, более тонкой характеристикой ветвления является по д г р у П п а в ы сше г о в е т в лен и я $T\left(\mathfrak{P}_{i}\right)_{n} \subset T\left(\mathfrak{P}_{i}\right), \quad n=1,2, \ldots, \quad$ ппределяемая следующим образом:

$\boldsymbol{T}\left(\mathfrak{P}_{i}\right)_{n}=\left\{\sigma \in G(K / k) \mid \sigma(a)-a \in \mathfrak{P}_{i}^{n+1}\right.$ для всех $\left.a \in B\right\}$.

Пусть $A=\mathbb{Z}$; согласно те о рем е М и н ко в ск о г о в любом конечном расширении поля рациональных чисел $\mathbb{Q}$ существуют К. и. Для произвольных полей алгебраич. чисел это не так: если поле $k$ не одноклассно, т. е. имеет нетривиальную группу классов идеалов, то над $k$ существуют не р а в в е т в л е н н ы е р а сши р е н и я, т. е. расширения, не имеющие критич. идеалов. Пример такого расширения - гильбертово поле классов поля $k$ : так, поле $\mathbb{Q}(\sqrt{5}, \sqrt{-5})$ совпадает с гильбертовым полем классов поля $\mathbb{Q}(\sqrt{-5})$ и не разветвлено над полем $\mathbb{Q}(\sqrt{-5})$.

Лum.: [1] Б в p е вич 3. И., II а ф а р е в и ч и. Р., теория чисел, 2 изд., М., 1972 ; [2] Алгебраическая теория чисел, пер. с англ., М., $1969 ;[3]$ Ј е н г С., Алгебраические числа,
пер. с англ., М., 1966.
Л. В. Кузъмин.</text_orig>
</article>
