<?xml version="1.0" ?>
<article uri="http://libmeta.ru/me/article/1090_KONFIGU" alphabetic_pos="1090">
  <title>КОНФИГУ РАЦИЯ</title>
  <authors/>
  <pages>
    <start>539</start>
    <end>543</end>
  </pages>
  <literature>
    <literature_orig>Лuт.: [1] Г и ль б е р т Д., К о н-Ф о с с е н С., Наглядиая геометрия, пер. с нем., 2 изд., М.-Л., 1951; [2] С к о рн я к о в Јі. А., “успехи матем. наук», 1951, т. 6, в. 6, с. 112 154; [3] А р г у н о в Б. И., “матем. сб.&quot;, 1950, Т. 26, № 3 , с 425-56; 4] L e v i F., Geometrische Konfigurationenen, Lpz.,</literature_orig>
    <unit>
      <author>Гильберт Д.</author>
      <author>Кон-Фоссен С.</author>
      <title>Наглядиая геометрия</title>
      <publication>пер. с нем., 2 изд., М.-Л.</publication>
      <year>1951</year>
      <other/>
    </unit>
    <unit>
      <author>СкорняковЈі. А.</author>
      <title>“успехи матем. наук»</title>
      <publication/>
      <year>1951</year>
      <other>т. 6, в. 6, с. 112 154</other>
    </unit>
    <unit>
      <author>Аргунов Б. И.</author>
      <title>“матем. сб.&quot;</title>
      <publication/>
      <year>1950</year>
      <other>Т. 26, № 3, с 425-56; 4] L e v i F., Geometrische Konfigurationenen, Lpz.</other>
    </unit>
  </literature>
  <formulas_main/>
  <formulas_aux>
    <formula uri="http://libmeta.ru/me/formula/aux/1090_1_KONFIGU">p</formula>
    <formula uri="http://libmeta.ru/me/formula/aux/1090_2_KONFIGU">g</formula>
    <formula uri="http://libmeta.ru/me/formula/aux/1090_3_KONFIGU">\mathbf{x}</formula>
    <formula uri="http://libmeta.ru/me/formula/aux/1090_4_KONFIGU">\gamma</formula>
    <formula uri="http://libmeta.ru/me/formula/aux/1090_5_KONFIGU">\pi</formula>
    <formula uri="http://libmeta.ru/me/formula/aux/1090_6_KONFIGU">к .</formula>
    <formula uri="http://libmeta.ru/me/formula/aux/1090_7_KONFIGU">к</formula>
    <formula uri="http://libmeta.ru/me/formula/aux/1090_8_KONFIGU">p, g, \gamma, \pi</formula>
    <formula uri="http://libmeta.ru/me/formula/aux/1090_9_KONFIGU">p \gamma=g \pi</formula>
    <formula uri="http://libmeta.ru/me/formula/aux/1090_10_KONFIGU">\left(p_{\gamma}, g_{\pi}\right)</formula>
    <formula uri="http://libmeta.ru/me/formula/aux/1090_11_KONFIGU">\left(p_{\gamma}\right)</formula>
    <formula uri="http://libmeta.ru/me/formula/aux/1090_12_KONFIGU">\left(3_{2}\right)</formula>
    <formula uri="http://libmeta.ru/me/formula/aux/1090_13_KONFIGU">\left(6_{2}, 4_{3}\right)</formula>
    <formula uri="http://libmeta.ru/me/formula/aux/1090_14_KONFIGU">\kappa</formula>
    <formula uri="http://libmeta.ru/me/formula/aux/1090_15_KONFIGU">r, P, Q</formula>
    <formula uri="http://libmeta.ru/me/formula/aux/1090_16_KONFIGU">r P, R Q, P Q</formula>
    <formula uri="http://libmeta.ru/me/formula/aux/1090_17_KONFIGU">к</formula>
    <formula uri="http://libmeta.ru/me/formula/aux/1090_18_KONFIGU">k</formula>
    <formula uri="http://libmeta.ru/me/formula/aux/1090_19_KONFIGU">\mathrm{k}</formula>
    <formula uri="http://libmeta.ru/me/formula/aux/1090_20_KONFIGU">\left(p_{\vartheta}, g_{\pi}\right)</formula>
    <formula uri="http://libmeta.ru/me/formula/aux/1090_21_KONFIGU">\left(g_{\pi}, p_{\gamma}\right)</formula>
    <formula uri="http://libmeta.ru/me/formula/aux/1090_22_KONFIGU">\left(p_{\gamma}\right)</formula>
    <formula uri="http://libmeta.ru/me/formula/aux/1090_23_KONFIGU">\mathfrak{k}</formula>
    <formula uri="http://libmeta.ru/me/formula/aux/1090_24_KONFIGU">k</formula>
    <formula uri="http://libmeta.ru/me/formula/aux/1090_25_KONFIGU">k</formula>
    <formula uri="http://libmeta.ru/me/formula/aux/1090_26_KONFIGU">a_{i}</formula>
    <formula uri="http://libmeta.ru/me/formula/aux/1090_27_KONFIGU">d_{i}</formula>
    <formula uri="http://libmeta.ru/me/formula/aux/1090_28_KONFIGU">\left(p_{2}\right), p \geqslant 3</formula>
    <formula uri="http://libmeta.ru/me/formula/aux/1090_29_KONFIGU">p</formula>
    <formula uri="http://libmeta.ru/me/formula/aux/1090_30_KONFIGU">\mathrm{k}</formula>
    <formula uri="http://libmeta.ru/me/formula/aux/1090_31_KONFIGU">\left(3_{2}\right)</formula>
    <formula uri="http://libmeta.ru/me/formula/aux/1090_32_KONFIGU">\left(p_{3}\right)</formula>
    <formula uri="http://libmeta.ru/me/formula/aux/1090_33_KONFIGU">p \geqslant 7</formula>
    <formula uri="http://libmeta.ru/me/formula/aux/1090_34_KONFIGU">\mathrm{k}</formula>
    <formula uri="http://libmeta.ru/me/formula/aux/1090_35_KONFIGU">p</formula>
    <formula uri="http://libmeta.ru/me/formula/aux/1090_36_KONFIGU">p(p-1) / 2 \geqslant 3 p)</formula>
    <formula uri="http://libmeta.ru/me/formula/aux/1090_37_KONFIGU">\left(p_{3}\right)</formula>
    <formula uri="http://libmeta.ru/me/formula/aux/1090_38_KONFIGU">p . \boldsymbol{K} .\left(7_{3}\right)</formula>
    <formula uri="http://libmeta.ru/me/formula/aux/1090_39_KONFIGU">\left(9_{3}\right)</formula>
    <formula uri="http://libmeta.ru/me/formula/aux/1090_40_KONFIGU">\left(9_{3}\right)_{1}</formula>
    <formula uri="http://libmeta.ru/me/formula/aux/1090_41_KONFIGU">г</formula>
    <formula uri="http://libmeta.ru/me/formula/aux/1090_42_KONFIGU">l_{i}</formula>
    <formula uri="http://libmeta.ru/me/formula/aux/1090_43_KONFIGU">l_{i}</formula>
    <formula uri="http://libmeta.ru/me/formula/aux/1090_44_KONFIGU">(1)</formula>
    <formula uri="http://libmeta.ru/me/formula/aux/1090_45_KONFIGU">(2)</formula>
    <formula uri="http://libmeta.ru/me/formula/aux/1090_46_KONFIGU">(3)</formula>
    <formula uri="http://libmeta.ru/me/formula/aux/1090_47_KONFIGU">(4)</formula>
    <formula uri="http://libmeta.ru/me/formula/aux/1090_48_KONFIGU">(5)</formula>
    <formula uri="http://libmeta.ru/me/formula/aux/1090_49_KONFIGU">(6)</formula>
    <formula uri="http://libmeta.ru/me/formula/aux/1090_50_KONFIGU">(7)</formula>
    <formula uri="http://libmeta.ru/me/formula/aux/1090_51_KONFIGU">(8)</formula>
    <formula uri="http://libmeta.ru/me/formula/aux/1090_52_KONFIGU">(9)</formula>
    <formula uri="http://libmeta.ru/me/formula/aux/1090_53_KONFIGU">a_{i}</formula>
    <formula uri="http://libmeta.ru/me/formula/aux/1090_54_KONFIGU">a_{i}</formula>
    <formula uri="http://libmeta.ru/me/formula/aux/1090_55_KONFIGU">\mathrm{k}</formula>
    <formula uri="http://libmeta.ru/me/formula/aux/1090_56_KONFIGU">\left(9_{3}\right)_{2},\left(9_{3}\right)_{3}</formula>
    <formula uri="http://libmeta.ru/me/formula/aux/1090_57_KONFIGU">)</formula>
    <formula uri="http://libmeta.ru/me/formula/aux/1090_58_KONFIGU">\left(9_{3}\right)_{3}</formula>
    <formula uri="http://libmeta.ru/me/formula/aux/1090_59_KONFIGU">\mathrm{k}</formula>
    <formula uri="http://libmeta.ru/me/formula/aux/1090_60_KONFIGU">\left(9_{3}\right)_{2}</formula>
    <formula uri="http://libmeta.ru/me/formula/aux/1090_61_KONFIGU">\left(10_{3}\right)</formula>
    <formula uri="http://libmeta.ru/me/formula/aux/1090_62_KONFIGU">к .\left(10_{3}\right)</formula>
    <formula uri="http://libmeta.ru/me/formula/aux/1090_63_KONFIGU">\mathfrak{k}</formula>
    <formula uri="http://libmeta.ru/me/formula/aux/1090_64_KONFIGU">\left(9_{3}\right)</formula>
    <formula uri="http://libmeta.ru/me/formula/aux/1090_65_KONFIGU">\left(10_{3}\right)</formula>
    <formula uri="http://libmeta.ru/me/formula/aux/1090_66_KONFIGU">\left(9_{3}\right)_{1}</formula>
    <formula uri="http://libmeta.ru/me/formula/aux/1090_67_KONFIGU">(2,3,6,1,5,9,4,8,7,2)</formula>
    <formula uri="http://libmeta.ru/me/formula/aux/1090_68_KONFIGU">(1,2,3,4,5,6,7,8,9</formula>
    <formula uri="http://libmeta.ru/me/formula/aux/1090_69_KONFIGU">10,1)</formula>
    <formula uri="http://libmeta.ru/me/formula/aux/1090_70_KONFIGU">p</formula>
    <formula uri="http://libmeta.ru/me/formula/aux/1090_71_KONFIGU">\kappa ~ K</formula>
    <formula uri="http://libmeta.ru/me/formula/aux/1090_72_KONFIGU">\left(p_{3}\right)</formula>
    <formula uri="http://libmeta.ru/me/formula/aux/1090_73_KONFIGU">\mathrm{k}</formula>
    <formula uri="http://libmeta.ru/me/formula/aux/1090_74_KONFIGU">\left(p_{3}\right)</formula>
    <formula uri="http://libmeta.ru/me/formula/aux/1090_75_KONFIGU">(1,9,7,5,3)</formula>
    <formula uri="http://libmeta.ru/me/formula/aux/1090_76_KONFIGU">(8,4,10,6,2)</formula>
    <formula uri="http://libmeta.ru/me/formula/aux/1090_77_KONFIGU">p</formula>
    <formula uri="http://libmeta.ru/me/formula/aux/1090_78_KONFIGU">к</formula>
    <formula uri="http://libmeta.ru/me/formula/aux/1090_79_KONFIGU">\left(p_{3}\right)</formula>
    <formula uri="http://libmeta.ru/me/formula/aux/1090_80_KONFIGU">k .</formula>
    <formula uri="http://libmeta.ru/me/formula/aux/1090_81_KONFIGU">\left(10_{3}\right)</formula>
    <formula uri="http://libmeta.ru/me/formula/aux/1090_82_KONFIGU">\left(10_{3}, 5_{6}\right)</formula>
    <formula uri="http://libmeta.ru/me/formula/aux/1090_83_KONFIGU">\left(p_{\gamma}\right)</formula>
    <formula uri="http://libmeta.ru/me/formula/aux/1090_84_KONFIGU">\left(4_{3}\right)</formula>
    <formula uri="http://libmeta.ru/me/formula/aux/1090_85_KONFIGU">\mathcal{k}</formula>
    <formula uri="http://libmeta.ru/me/formula/aux/1090_86_KONFIGU">\left(p_{4}\right)</formula>
    <formula uri="http://libmeta.ru/me/formula/aux/1090_87_KONFIGU">p \leqslant 7</formula>
    <formula uri="http://libmeta.ru/me/formula/aux/1090_88_KONFIGU">p=8</formula>
    <formula uri="http://libmeta.ru/me/formula/aux/1090_89_KONFIGU">\left(9_{4}\right)</formula>
    <formula uri="http://libmeta.ru/me/formula/aux/1090_90_KONFIGU">к</formula>
    <formula uri="http://libmeta.ru/me/formula/aux/1090_91_KONFIGU">\mathrm{p}</formula>
    <formula uri="http://libmeta.ru/me/formula/aux/1090_92_KONFIGU">\left(12_{6}\right)</formula>
    <formula uri="http://libmeta.ru/me/formula/aux/1090_93_KONFIGU">к</formula>
    <formula uri="http://libmeta.ru/me/formula/aux/1090_94_KONFIGU">\mathrm{k}</formula>
    <formula uri="http://libmeta.ru/me/formula/aux/1090_95_KONFIGU">\mathrm{k}</formula>
    <formula uri="http://libmeta.ru/me/formula/aux/1090_96_KONFIGU">\left(12_{4}, 16_{3}\right)</formula>
    <formula uri="http://libmeta.ru/me/formula/aux/1090_97_KONFIGU">\left(30_{2}, 12_{5}\right)</formula>
    <formula uri="http://libmeta.ru/me/formula/aux/1090_98_KONFIGU">\kappa</formula>
    <formula uri="http://libmeta.ru/me/formula/aux/1090_99_KONFIGU">\mathfrak{k}</formula>
    <formula uri="http://libmeta.ru/me/formula/aux/1090_100_KONFIGU">\left(7_{3}\right)</formula>
    <formula uri="http://libmeta.ru/me/formula/aux/1090_101_KONFIGU">\left(8_{3}\right)</formula>
    <formula uri="http://libmeta.ru/me/formula/aux/1090_102_KONFIGU">\mathcal{k}</formula>
    <formula uri="http://libmeta.ru/me/formula/aux/1090_103_KONFIGU">к</formula>
    <formula uri="http://libmeta.ru/me/formula/aux/1090_104_KONFIGU">k</formula>
    <formula uri="http://libmeta.ru/me/formula/aux/1090_105_KONFIGU">\left(\mathbf{9}_{3}\right)_{1}</formula>
    <formula uri="http://libmeta.ru/me/formula/aux/1090_106_KONFIGU">\left(7_{3}\right)</formula>
    <formula uri="http://libmeta.ru/me/formula/aux/1090_107_KONFIGU">\left(8_{3}\right)</formula>
    <formula uri="http://libmeta.ru/me/formula/aux/1090_108_KONFIGU">\left(8_{3}\right)</formula>
    <formula uri="http://libmeta.ru/me/formula/aux/1090_109_KONFIGU">e^{4}</formula>
    <formula uri="http://libmeta.ru/me/formula/aux/1090_110_KONFIGU">e^{4}</formula>
    <formula uri="http://libmeta.ru/me/formula/aux/1090_111_KONFIGU">e^{4}</formula>
    <formula uri="http://libmeta.ru/me/formula/aux/1090_112_KONFIGU">n</formula>
    <formula uri="http://libmeta.ru/me/formula/aux/1090_113_KONFIGU">n</formula>
    <formula uri="http://libmeta.ru/me/formula/aux/1090_114_KONFIGU">e^{3}</formula>
    <formula uri="http://libmeta.ru/me/formula/aux/1090_115_KONFIGU">\left(12_{4}, 16_{3}\right)</formula>
    <formula uri="http://libmeta.ru/me/formula/aux/1090_116_KONFIGU">\left(12_{6}\right)</formula>
    <formula uri="http://libmeta.ru/me/formula/aux/1090_117_KONFIGU">e^{n}</formula>
  </formulas_aux>
  <relations n="37">
    <relation uri="http://libmeta.ru/me/relation/1090_1_KONFIGU">
      <rel_text>Паскаля теорема</rel_text>
      <target>http://libmeta.ru/me/article/197_PASKALJa</target>
    </relation>
    <relation uri="http://libmeta.ru/me/relation/1090_2_KONFIGU">
      <rel_text>Брианшона теорема</rel_text>
      <target>http://libmeta.ru/me/article/554_BRIANIIINA</target>
    </relation>
    <relation uri="http://libmeta.ru/me/relation/1090_3_KONFIGU">
      <rel_text>радиуса</rel_text>
      <target>http://libmeta.ru/me/article/866_RADIA</target>
    </relation>
    <relation uri="http://libmeta.ru/me/relation/1090_4_KONFIGU">
      <rel_text>произвольной</rel_text>
      <target>http://libmeta.ru/me/article/1045_PROIZVODNA</target>
    </relation>
    <relation uri="http://libmeta.ru/me/relation/1090_5_KONFIGU">
      <rel_text>геометрич</rel_text>
      <target>http://libmeta.ru/me/article/1012_GEOMETRI</target>
    </relation>
    <relation uri="http://libmeta.ru/me/relation/1090_6_KONFIGU">
      <rel_text>полиэдров</rel_text>
      <target>http://libmeta.ru/me/article/395_POLIVEKTOR</target>
    </relation>
    <relation uri="http://libmeta.ru/me/relation/1090_7_KONFIGU">
      <rel_text>теория</rel_text>
      <target>http://libmeta.ru/me/article/381_TEORI</target>
    </relation>
    <relation uri="http://libmeta.ru/me/relation/1090_8_KONFIGU">
      <rel_text>статике</rel_text>
      <target>http://libmeta.ru/me/article/183_STATIK</target>
    </relation>
    <relation uri="http://libmeta.ru/me/relation/1090_9_KONFIGU">
      <rel_text>инцидентностей</rel_text>
      <target>http://libmeta.ru/me/article/661_INTsIDENTNOST</target>
    </relation>
    <relation uri="http://libmeta.ru/me/relation/1090_10_KONFIGU">
      <rel_text>предложения</rel_text>
      <target>http://libmeta.ru/me/article/606_PREDPORJaDO</target>
    </relation>
    <relation uri="http://libmeta.ru/me/relation/1090_11_KONFIGU">
      <rel_text>расположение</rel_text>
      <target>http://libmeta.ru/me/article/950_RASPREDELENI</target>
    </relation>
    <relation uri="http://libmeta.ru/me/relation/1090_12_KONFIGU">
      <rel_text>гиперболоидальное</rel_text>
      <target>http://libmeta.ru/me/article/1070_GIPERPOVERHNOST</target>
    </relation>
    <relation uri="http://libmeta.ru/me/relation/1090_13_KONFIGU">
      <rel_text>Ii</rel_text>
      <target>http://libmeta.ru/me/article/370_II</target>
    </relation>
    <relation uri="http://libmeta.ru/me/relation/1090_14_KONFIGU">
      <rel_text>порядка</rel_text>
      <target>http://libmeta.ru/me/article/531_PORJaDO</target>
    </relation>
    <relation uri="http://libmeta.ru/me/relation/1090_15_KONFIGU">
      <rel_text>поверхностей</rel_text>
      <target>http://libmeta.ru/me/article/332_POVERHNOST</target>
    </relation>
    <relation uri="http://libmeta.ru/me/relation/1090_16_KONFIGU">
      <rel_text>представляемая</rel_text>
      <target>http://libmeta.ru/me/article/3_PREDSTAVLENI</target>
    </relation>
    <relation uri="http://libmeta.ru/me/relation/1090_17_KONFIGU">
      <rel_text>получается</rel_text>
      <target>http://libmeta.ru/me/article/457_POLUGRUPP</target>
    </relation>
    <relation uri="http://libmeta.ru/me/relation/1090_18_KONFIGU">
      <rel_text>подобия</rel_text>
      <target>http://libmeta.ru/me/article/360_PoDoBI</target>
    </relation>
    <relation uri="http://libmeta.ru/me/relation/1090_19_KONFIGU">
      <rel_text>подобия</rel_text>
      <target>http://libmeta.ru/me/article/360_PoDoBI</target>
    </relation>
    <relation uri="http://libmeta.ru/me/relation/1090_20_KONFIGU">
      <rel_text>подобия</rel_text>
      <target>http://libmeta.ru/me/article/360_PoDoBI</target>
    </relation>
    <relation uri="http://libmeta.ru/me/relation/1090_21_KONFIGU">
      <rel_text>подобия</rel_text>
      <target>http://libmeta.ru/me/article/360_PoDoBI</target>
    </relation>
    <relation uri="http://libmeta.ru/me/relation/1090_22_KONFIGU">
      <rel_text>получается</rel_text>
      <target>http://libmeta.ru/me/article/457_POLUGRUPP</target>
    </relation>
    <relation uri="http://libmeta.ru/me/relation/1090_23_KONFIGU">
      <rel_text>системе</rel_text>
      <target>http://libmeta.ru/me/article/350_SISTEM</target>
    </relation>
    <relation uri="http://libmeta.ru/me/relation/1090_24_KONFIGU">
      <rel_text>подобия</rel_text>
      <target>http://libmeta.ru/me/article/360_PoDoBI</target>
    </relation>
    <relation uri="http://libmeta.ru/me/relation/1090_25_KONFIGU">
      <rel_text>системе</rel_text>
      <target>http://libmeta.ru/me/article/350_SISTEM</target>
    </relation>
    <relation uri="http://libmeta.ru/me/relation/1090_26_KONFIGU">
      <rel_text>пространство</rel_text>
      <target>http://libmeta.ru/me/article/748_PROSTRANSTV</target>
    </relation>
    <relation uri="http://libmeta.ru/me/relation/1090_27_KONFIGU">
      <rel_text>проекция</rel_text>
      <target>http://libmeta.ru/me/article/707_PROEKTsI</target>
    </relation>
    <relation uri="http://libmeta.ru/me/relation/1090_28_KONFIGU">
      <rel_text>получается</rel_text>
      <target>http://libmeta.ru/me/article/457_POLUGRUPP</target>
    </relation>
    <relation uri="http://libmeta.ru/me/relation/1090_29_KONFIGU">
      <rel_text>пространство</rel_text>
      <target>http://libmeta.ru/me/article/748_PROSTRANSTV</target>
    </relation>
    <relation uri="http://libmeta.ru/me/relation/1090_30_KONFIGU">
      <rel_text>проекции</rel_text>
      <target>http://libmeta.ru/me/article/707_PROEKTsI</target>
    </relation>
    <relation uri="http://libmeta.ru/me/relation/1090_31_KONFIGU">
      <rel_text>пространства</rel_text>
      <target>http://libmeta.ru/me/article/748_PROSTRANSTV</target>
    </relation>
    <relation uri="http://libmeta.ru/me/relation/1090_32_KONFIGU">
      <rel_text>проекции</rel_text>
      <target>http://libmeta.ru/me/article/707_PROEKTsI</target>
    </relation>
    <relation uri="http://libmeta.ru/me/relation/1090_33_KONFIGU">
      <rel_text>простираются</rel_text>
      <target>http://libmeta.ru/me/article/748_PROSTRANSTV</target>
    </relation>
    <relation uri="http://libmeta.ru/me/relation/1090_34_KONFIGU">
      <rel_text>среднего</rel_text>
      <target>http://libmeta.ru/me/article/165_SREDNE</target>
    </relation>
    <relation uri="http://libmeta.ru/me/relation/1090_35_KONFIGU">
      <rel_text>пространства</rel_text>
      <target>http://libmeta.ru/me/article/748_PROSTRANSTV</target>
    </relation>
    <relation uri="http://libmeta.ru/me/relation/1090_36_KONFIGU">
      <rel_text>получается</rel_text>
      <target>http://libmeta.ru/me/article/457_POLUGRUPP</target>
    </relation>
    <relation uri="http://libmeta.ru/me/relation/1090_37_KONFIGU">
      <rel_text>грань</rel_text>
      <target>http://libmeta.ru/me/article/1172_GRAN</target>
    </relation>
  </relations>
  <text>конечное множество точек, прямых, плоскостей, связанных между собой взаимными инцидентностями. К. могут быть как плоскимі, так и пространственными.

П лос к а я к о н ф и г у р а ц и я-конечная система $URI[[http://libmeta.ru/me/formula/aux/1090_1_KONFIGU]]/URI$ точек и $URI[[http://libmeta.ru/me/formula/aux/1090_2_KONFIGU]]/URI$ прямы $URI[[http://libmeta.ru/me/formula/aux/1090_3_KONFIGU]]/URI$ на плоскости, расположенных таким образом, что всякая точка системы инцидентна с одним и тем же числом $URI[[http://libmeta.ru/me/formula/aux/1090_4_KONFIGU]]/URI$ прямых этой системы, а всякая прямая инцидентна с одним и төм же числом $URI[[http://libmeta.ru/me/formula/aux/1090_5_KONFIGU]]/URI$ точек этой системы. Минимальная система точек данной $URI[[http://libmeta.ru/me/formula/aux/1090_6_KONFIGU]]/URI$, из к-рой вся $URI[[http://libmeta.ru/me/formula/aux/1090_7_KONFIGU]]/URI$. может быть получена путем инциденций пар точек с прямыми и пересечений пар прямых, наз. с и с т е мо й о б р а 3 у ю ш и данной К. Числа $URI[[http://libmeta.ru/me/formula/aux/1090_8_KONFIGU]]/URI$ связаны соотнотением $URI[[http://libmeta.ru/me/formula/aux/1090_9_KONFIGU]]/URI$, а К. обозначается символом $URI[[http://libmeta.ru/me/formula/aux/1090_10_KONFIGU]]/URI$. К., содержащая одинаковое число точек и прямых, обозначается символом $URI[[http://libmeta.ru/me/formula/aux/1090_11_KONFIGU]]/URI$.

П р и м е р ы плоских К.: 1) Одна точка и одна прямая, инцидентные между собой, образуют К. (1,). 2) Три точки, не леккащие на одной прямой, и тріп прямые, инцидентные с каждой парой, образуют К. $URI[[http://libmeta.ru/me/formula/aux/1090_12_KONFIGU]]/URI$,

![](https://cdn.mathpix.com/cropped/2023_07_08_fd4d13d75a216f21bb9fg-1.jpg?height=340&amp;width=526&amp;top_left_y=371&amp;top_left_x=117)
эта фигура - трехвершинник (или трехсторонник) на плоскости. 3) Полный четырехсторонник - ччтыре прямые и плесть точек их попарного пересечения образуют K. $URI[[http://libmeta.ru/me/formula/aux/1090_13_KONFIGU]]/URI$. Однако здесь не все прямые, соединяющие попарно точки К., являются прямыми этой $URI[[http://libmeta.ru/me/formula/aux/1090_14_KONFIGU]]/URI$.; точки $URI[[http://libmeta.ru/me/formula/aux/1090_15_KONFIGU]]/URI$ и прямые $URI[[http://libmeta.ru/me/formula/aux/1090_16_KONFIGU]]/URI$ не принадлежат ей (рис. 1).

А в т о м о р ф и м о м $URI[[http://libmeta.ru/me/formula/aux/1090_17_KONFIGU]]/URI$. наз. отображение $URI[[http://libmeta.ru/me/formula/aux/1090_18_KONFIGU]]/URI$. на себя, при к-ром точки К. переходят в точки, прямые в прямые этой же К., и при этом ни одна инцидентность не пропадает, и не добавляется новых. К. наз. п р ав и л ь н о й, если группа автоморфизмов этой $URI[[http://libmeta.ru/me/formula/aux/1090_19_KONFIGU]]/URI$. транзитивна.

Для данной К. $URI[[http://libmeta.ru/me/formula/aux/1090_20_KONFIGU]]/URI$ д в о й с т в е н н о й наз. Кi. $URI[[http://libmeta.ru/me/formula/aux/1090_21_KONFIGU]]/URI$. К. типа $URI[[http://libmeta.ru/me/formula/aux/1090_22_KONFIGU]]/URI$ и только такие, двойственно соответствуют К. такого же типа, они наз. д в о й с т в е нно-ин в а р и а н т ным и.

К. наз. п р о е к т и в н о й, если инцидентность ее элементов сохраняется при проективных преобразованиях. Напр., инцидентвость элементов нек-рой $URI[[http://libmeta.ru/me/formula/aux/1090_23_KONFIGU]]/URI$., расположенной на проективной плоскости, обеспечивается выполнением аксиом связи ее, и потому инцидентность точек и прямых $URI[[http://libmeta.ru/me/formula/aux/1090_24_KONFIGU]]/URI$. сохраняется при проективных преобразованиях этой плоскости, а К. будет проективной. Все инцидентности и элементы такой плоской $URI[[http://libmeta.ru/me/formula/aux/1090_25_KONFIGU]]/URI$. могут быть изображены на чертеже с помощью только одной линейки. Плоская К. всегда имеет двойственную вследствие принципа двойственности.

К. может быть определена также как конечная частичная плоскость. Возможность существования нек-рой

![](https://cdn.mathpix.com/cropped/2023_07_08_fd4d13d75a216f21bb9fg-1.jpg?height=295&amp;width=306&amp;top_left_y=1510&amp;top_left_x=115)

Рис. 2. К. определяется из геометрич. и комбинаторных соотношений между количеством точек и прямых и количеством взаимных инциденций. К. задается и с помощью абстрактных схем, напр. на таблице (рис. 2) указаны инцидентности (обозначенные крестиком) четырех точек, веріпин $URI[[http://libmeta.ru/me/formula/aux/1090_26_KONFIGU]]/URI$, и четырех плоскостей, граней $URI[[http://libmeta.ru/me/formula/aux/1090_27_KONFIGU]]/URI$ тетраэдра. После того как нек-рая К. определена абстрактно, вознiiкает вопрос о ее реализации, т. е. о возможности построения всех инциденций по данной системе образующих. Реализуемость К. как конечной частичной плоскости означает возможность изоморфного отображения ее на нек-рую подплоскость какойлибо плоскости.

К. $URI[[http://libmeta.ru/me/formula/aux/1090_28_KONFIGU]]/URI$, реализуется в виде $URI[[http://libmeta.ru/me/formula/aux/1090_29_KONFIGU]]/URI$-сторонника так, что вершины и стороны его попарно инцидентны. Абстрактную схему $URI[[http://libmeta.ru/me/formula/aux/1090_30_KONFIGU]]/URI$. $URI[[http://libmeta.ru/me/formula/aux/1090_31_KONFIGU]]/URI$ можно построить, напр., таблицей, как на рис. 2 . Плоские К. $URI[[http://libmeta.ru/me/formula/aux/1090_32_KONFIGU]]/URI$ возможны лишь при $URI[[http://libmeta.ru/me/formula/aux/1090_33_KONFIGU]]/URI$, так как через каждую точку К. должны проходить три прямые и на каждой из них должны лежать еще две другие точки $URI[[http://libmeta.ru/me/formula/aux/1090_34_KONFIGU]]/URI$. (число $URI[[http://libmeta.ru/me/formula/aux/1090_35_KONFIGU]]/URI$ должно удовлетворять неравенству $URI[[http://libmeta.ru/me/formula/aux/1090_36_KONFIGU]]/URI$. К. типа $URI[[http://libmeta.ru/me/formula/aux/1090_37_KONFIGU]]/URI$ допускают модификации, количество к-рых зависит от $URI[[http://libmeta.ru/me/formula/aux/1090_38_KONFIGU]]/URI$ представляется схемой (рис. 3), где циф্фра за фигурной скобкой означает точку пересечения прямых, проходящих через пары точек, записанные слева от скобки, цифры за вертикальной чертой обозначают те точки, к-рые должны быть коллинеарными при выполнении всех указанных слева инциденций. На действительной проектівної плоскости все инцидентности реализуются в полном четырехвершиннике (рис. 4), однако последняя

![](https://cdn.mathpix.com/cropped/2023_07_08_fd4d13d75a216f21bb9fg-1.jpg?height=94&amp;width=323&amp;top_left_y=519&amp;top_left_x=1032)

Рис. 3.

![](https://cdn.mathpix.com/cropped/2023_07_08_fd4d13d75a216f21bb9fg-1.jpg?height=313&amp;width=410&amp;top_left_y=320&amp;top_left_x=1400)

Рис. 4. инциденция (коллинеарность трех точек) здесь не имеет места. К. $URI[[http://libmeta.ru/me/formula/aux/1090_39_KONFIGU]]/URI$ допускает три различные модификации, одна из к-рых $URI[[http://libmeta.ru/me/formula/aux/1090_40_KONFIGU]]/URI$ наз. к о н ф и $URI[[http://libmeta.ru/me/formula/aux/1090_41_KONFIGU]]/URI$ у р а ц и е й Б р иа н Iіi о на - П а с к а ля (ріс. 5): каждая прямая $URI[[http://libmeta.ru/me/formula/aux/1090_42_KONFIGU]]/URI$

\begin{tabular}{|c|c|c|c|c|c|c|c|c|c|}
\hline Прямые $URI[[http://libmeta.ru/me/formula/aux/1090_43_KONFIGU]]/URI$ &amp; $URI[[http://libmeta.ru/me/formula/aux/1090_44_KONFIGU]]/URI$ &amp; $URI[[http://libmeta.ru/me/formula/aux/1090_45_KONFIGU]]/URI$ &amp; $URI[[http://libmeta.ru/me/formula/aux/1090_46_KONFIGU]]/URI$ &amp; $URI[[http://libmeta.ru/me/formula/aux/1090_47_KONFIGU]]/URI$ &amp; $URI[[http://libmeta.ru/me/formula/aux/1090_48_KONFIGU]]/URI$ &amp; $URI[[http://libmeta.ru/me/formula/aux/1090_49_KONFIGU]]/URI$ &amp; $URI[[http://libmeta.ru/me/formula/aux/1090_50_KONFIGU]]/URI$ &amp; $URI[[http://libmeta.ru/me/formula/aux/1090_51_KONFIGU]]/URI$ &amp; $URI[[http://libmeta.ru/me/formula/aux/1090_52_KONFIGU]]/URI$ \\
\hline Точки $URI[[http://libmeta.ru/me/formula/aux/1090_53_KONFIGU]]/URI$ &amp; 1 &amp; 1 &amp; 1 &amp; 2 &amp; 2 &amp; 3 &amp; 3 &amp; 4 &amp; 5 \\
&amp; 2 &amp; 4 &amp; 6 &amp; 4 &amp; 7 &amp; 6 &amp; 5 &amp; 6 &amp; 7 \\
&amp; 3 &amp; 5 &amp; 7 &amp; 8 &amp; 9 &amp; 8 &amp; 9 &amp; 9 &amp; 8 \\
\hline
\end{tabular}

Рис. 5.

Iнцидентна с тремя различными точками $URI[[http://libmeta.ru/me/formula/aux/1090_54_KONFIGU]]/URI$, а каждая точка - с тремя различными прямыми. Эта К. может быть реализована на проективной плоскости (рис. 6), она является проективной, правильной, двойственно инвариантной (см. URI[[http://libmeta.ru/me/relation/1090_2_KONFIGU]]/URI, URI[[http://libmeta.ru/me/relation/1090_1_KONFIGU]]/URI). Две другие модификации $URI[[http://libmeta.ru/me/formula/aux/1090_55_KONFIGU]]/URI$. $URI[[http://libmeta.ru/me/formula/aux/1090_56_KONFIGU]]/URI$ (рис. 7$URI[[http://libmeta.ru/me/formula/aux/1090_57_KONFIGU]]/URI$ существенно отличаются от конфигурации Брианшона -Паскаля. Напр., К. $URI[[http://libmeta.ru/me/formula/aux/1090_58_KONFIGU]]/URI$ не является правільной, а для построения $URI[[http://libmeta.ru/me/formula/aux/1090_59_KONFIGU]]/URI$. $URI[[http://libmeta.ru/me/formula/aux/1090_60_KONFIGU]]/URI$ необходима

![](https://cdn.mathpix.com/cropped/2023_07_08_fd4d13d75a216f21bb9fg-1.jpg?height=397&amp;width=521&amp;top_left_y=1260&amp;top_left_x=1290)
вспомогат е л ь н а я Рис. 6. кривая 2-го порядка. К. $URI[[http://libmeta.ru/me/formula/aux/1090_61_KONFIGU]]/URI$ имеет уже десять различных модіфикаций, из к-рых важнейшей является
![](https://cdn.mathpix.com/cropped/2023_07_08_fd4d13d75a216f21bb9fg-1.jpg?height=322&amp;width=772&amp;top_left_y=1763&amp;top_left_x=1012)

Рис. 7.

конфи гурация Д е з а р г (рис. 8). Она реализуется на действительной проективной плоскости, является проективной, гравильной, двойственно инвариантной. Другие девять модификаций $URI[[http://libmeta.ru/me/formula/aux/1090_62_KONFIGU]]/URI$ не выражают никакой общей геометрич. теоремы, шричем липь восемь из них могут быть реализованы на дей- ствительной проективной плоскости, но для их построения требуется специальное расположение системы образующих точек (в частности, $URI[[http://libmeta.ru/me/formula/aux/1090_63_KONFIGU]]/URI$. такого тіпа реализуются

![](https://cdn.mathpix.com/cropped/2023_07_08_e34114bac02c13fa63a7g-1.jpg?height=409&amp;width=707&amp;top_left_y=287&amp;top_left_x=192)

в виде правильных многосторонников (рис. 9). В пргведенной на чертеже последовательности вершин также получается вписанный п одновременно описанный десятисторонник. К. $URI[[http://libmeta.ru/me/formula/aux/1090_64_KONFIGU]]/URI$ и $URI[[http://libmeta.ru/me/formula/aux/1090_65_KONFIGU]]/URI$ также допускают геометрич. построение с помощью многосторонников, вписанных и описанных вокруг самих себя, так, К. $URI[[http://libmeta.ru/me/formula/aux/1090_66_KONFIGU]]/URI$ представляется в виде девятисторонника $URI[[http://libmeta.ru/me/formula/aux/1090_67_KONFIGU]]/URI$

![](https://cdn.mathpix.com/cropped/2023_07_08_e34114bac02c13fa63a7g-1.jpg?height=378&amp;width=362&amp;top_left_y=910&amp;top_left_x=134)

Рис. 9. (рис. 6), конфигурация Дезарга - в виде десятисторонніка (рис. 8) $URI[[http://libmeta.ru/me/formula/aux/1090_68_KONFIGU]]/URI$, $URI[[http://libmeta.ru/me/formula/aux/1090_69_KONFIGU]]/URI$. Такие представленія этих К. единственны с точностью до автоморфизмов. Вообце, построение $URI[[http://libmeta.ru/me/formula/aux/1090_70_KONFIGU]]/URI$-сторонников, одновременно вписанных и описанных вокруг самих себя, приводит $URI[[http://libmeta.ru/me/formula/aux/1090_71_KONFIGU]]/URI$. типа $URI[[http://libmeta.ru/me/formula/aux/1090_72_KONFIGU]]/URI$. Существуют также представленія $URI[[http://libmeta.ru/me/formula/aux/1090_73_KONFIGU]]/URI$. типа $URI[[http://libmeta.ru/me/formula/aux/1090_74_KONFIGU]]/URI$ в виде нескольких многосторонников, вписанных и описанных вокруг друг друга.

Напр., конфигурация Дезарга допускает единственный способ (с точностью до автоморфизма) представления парой взаимно вписанных и описанных пятисторонников $URI[[http://libmeta.ru/me/formula/aux/1090_75_KONFIGU]]/URI$ и $URI[[http://libmeta.ru/me/formula/aux/1090_76_KONFIGU]]/URI$ (рис. 8). При увеличении числа $URI[[http://libmeta.ru/me/formula/aux/1090_77_KONFIGU]]/URI$ количество модіфикаций $URI[[http://libmeta.ru/me/formula/aux/1090_78_KONFIGU]]/URI$. типа $URI[[http://libmeta.ru/me/formula/aux/1090_79_KONFIGU]]/URI$ быстро растет.

П р о т р а с твен ная конфи гу р ац и я- конечная система точек и плоскостей такая, что каждая точка инцидентна с одним и тем же числом плоскостей, а каждая плоскость - с одним и тем же числом точек. Наряду с $URI[[http://libmeta.ru/me/formula/aux/1090_80_KONFIGU]]/URI$, состоящей из точек и плоскостей, в пространстве рассматриваются и К., состоящие из точек и прямых. Так, рассмотренная выше конфигурация Дезарга, состоящая из точек и прямых, представляет собой также и пространственную К. $URI[[http://libmeta.ru/me/formula/aux/1090_81_KONFIGU]]/URI$ (рис. 8), если соответствующие трехсторонники лежат в различных плоскостях; одновременно ее можно рассматривать как К. $URI[[http://libmeta.ru/me/formula/aux/1090_82_KONFIGU]]/URI$, составленную из точек и плоскостей: шесть вершин соответствуюццх трехсторонников, центр перспективы и три точки на осі перспективы, в к-рых сходятся соответствующие стороны трехсторонников, дают всего десять точек, а три плоскости, образованные соответствующими сторонами трехсторонников, и две плоскости самих трехсторонников дают всего пять плоскостей. В каждой плоскости шесть точек К., и каждая точка инцидентна трем различным плоскостям.

Тривиальной пространственной К. типа $URI[[http://libmeta.ru/me/formula/aux/1090_83_KONFIGU]]/URI$ является К. $URI[[http://libmeta.ru/me/formula/aux/1090_84_KONFIGU]]/URI$, ее схема - на рис. 2 ; она изображается тетраэдром. $URI[[http://libmeta.ru/me/formula/aux/1090_85_KONFIGU]]/URI$. типа $URI[[http://libmeta.ru/me/formula/aux/1090_86_KONFIGU]]/URI$ для $URI[[http://libmeta.ru/me/formula/aux/1090_87_KONFIGU]]/URI$ невозможна, при $URI[[http://libmeta.ru/me/formula/aux/1090_88_KONFIGU]]/URI$ имеется пять различных схем К., одна из к-рых, так наз. к о нф и г у р а и я М ё б и у с а, состоит из двух тетраэдров, вписанных и описанных друг около друга. Каждой из восьми точек - вершін тетраэдров - инцидентны четыре плоскості граней тетраэдров, а каждой из восьми Iлоскостей Iнцідентны четыре точки - веріпины. При переходе к К. более высокого порядка число возможных модификаций быстро возрастает, напр., К. $URI[[http://libmeta.ru/me/formula/aux/1090_89_KONFIGU]]/URI$ имеет уже 26 геометрич. осуществимых модификацій.

Из пространственных $URI[[http://libmeta.ru/me/formula/aux/1090_90_KONFIGU]]/URI$. более высокого порядка примечательны конфигурация Рейе іл конфигурація Шлефли. К К н фи г у р а ц е й $URI[[http://libmeta.ru/me/formula/aux/1090_91_KONFIGU]]/URI$ е й е наз. состоящая из точек и плоскостей К. $URI[[http://libmeta.ru/me/formula/aux/1090_92_KONFIGU]]/URI$. В действітельном проективном пространстве ее можно постропть, напр., Iз вершин нек-рого куба, его центра, трех (бесконечно удаленных) точек, в к-рых сходятся параллельные ребра куба, а плоскостямі этой $URI[[http://libmeta.ru/me/formula/aux/1090_93_KONFIGU]]/URI$. являются шесть гранеї

![](https://cdn.mathpix.com/cropped/2023_07_08_e34114bac02c13fa63a7g-1.jpg?height=489&amp;width=601&amp;top_left_y=639&amp;top_left_x=1106)

Рис. 10.

куба Iі шесть его диагональных плоскостей, проходящих через пары противоположных ребер (рис. 10). Конфигурация Рейе является проективной, правильной и двойственно инвариантной, прпчем изображение этой $URI[[http://libmeta.ru/me/formula/aux/1090_94_KONFIGU]]/URI$. можно построить (согласно большому принципу двойственности), пспользуя вместо куба октаэдр (рис. 11). Конфигурацию Рейе можно рассматривать также как пространственную $URI[[http://libmeta.ru/me/formula/aux/1090_95_KONFIGU]]/URI$. точек и прямых $URI[[http://libmeta.ru/me/formula/aux/1090_96_KONFIGU]]/URI$. К. $URI[[http://libmeta.ru/me/formula/aux/1090_97_KONFIGU]]/URI$, состоящая из точек и прямых, наз. д в о й ны м шїес т ін с т о р о о н н ик о м Iii ле ф л и. Он изображается в пространстве, напр., в віде симметрично

![](https://cdn.mathpix.com/cropped/2023_07_08_e34114bac02c13fa63a7g-1.jpg?height=518&amp;width=501&amp;top_left_y=1319&amp;top_left_x=1310)
расположенных прямых и точек на каждой грани куба (по одной из двух шестерок) (рис. 12).

Не всякая плоская $URI[[http://libmeta.ru/me/formula/aux/1090_98_KONFIGU]]/URI$. может быть реалізована на действительной проективной плоскости. Напр., $URI[[http://libmeta.ru/me/formula/aux/1090_99_KONFIGU]]/URI$. $URI[[http://libmeta.ru/me/formula/aux/1090_100_KONFIGU]]/URI$ и $URI[[http://libmeta.ru/me/formula/aux/1090_101_KONFIGU]]/URI$ не реализуются на ней, в связи с чем возникает задача реализации $URI[[http://libmeta.ru/me/formula/aux/1090_102_KONFIGU]]/URI$. на каких-либо других проективных плоскостях. Каждое предложение, утверждающее, что из реализуемості в данной плоскости нек-рой К. со всеми инцидентностями, кроме, быть может, одной, вытекает реализуемость $URI[[http://libmeta.ru/me/formula/aux/1090_103_KONFIGU]]/URI$. со всеми ее инцидентностями, называется к о н фи и г у р а ц й о н н ы м п р е д л о ж е и е м данной плоскості. Таким образом, еслиг все инцидентности некоторой зуются на данной плоскости вследствие геометрических свойств этой плоскости, то $URI[[http://libmeta.ru/me/formula/aux/1090_104_KONFIGU]]/URI$. реаліизуется на этой п л о с ко с ти. Например, К. $URI[[http://libmeta.ru/me/formula/aux/1090_105_KONFIGU]]/URI$ всегда реализу- ется на действительной проективной плоскості, так как из реализуемости всех инциденций, кроме одной, последняя инцидентность выполняется всегда вследствие теорем Брианпона и Паскаля, т. е. эти теоремы являются конфигурационными предложениями. Выполнение по-

![](https://cdn.mathpix.com/cropped/2023_07_08_44601d23f11d861f05fbg-1.jpg?height=568&amp;width=588&amp;top_left_y=356&amp;top_left_x=252)

следней пнцидентности в К. $URI[[http://libmeta.ru/me/formula/aux/1090_106_KONFIGU]]/URI$ (рис. 4) на такой плоскостіг не пмеет места (так как диагональные точкі полного четырехвершинника не принадлежат одной прямой), поэтому такое утверждение не является конфигураціонным предложением. Однако оно будет таковым в комплексной проективной плоскости. Подобным образом рассматривается и реализуемость другіх К.; в частности, К. $URI[[http://libmeta.ru/me/formula/aux/1090_107_KONFIGU]]/URI$ может быть реализована в конечных папповых плоскостях, построенных над полями Галуа с тремя и четырьмя элементами.

Конфигурационные предложения, справедливые в данной плоскости, определенным образом организуют элементы этой плоскости и потому играют роль при аксіоматическом построении геометрии этой плоскости. Напр., если в данной плоскости выполняются все аксиомы связи проективной плоскості, но не реализуется конфигурация Дезарга, то данная плоскость несет на себе так наз. недезаргову геометрию. Конфигураціонное предложение может быть также запісано в алгебрапч. форме в виде нек-рого алгебраич. тозкдества. В произвольной проективной плоскости конфигурационные предложения могут вводиться лишь в качестве новых аксиом, причем постулирование одного какого-нігудь конфигурационного предложенія может повлечь за собой справедливость других конфигурационных предложений в этой плоскости. Вообще говоря, всякому алгебраич. тождеству соответствует конфигураціонное предложение, к-рое наз. геометрич. представленшем әтого тождества в определенной плоскости, где реализуется К. (однако не установлено, всякое ли конфігурацшонное предложеніе является геометрич. представлением определенного віда тождества в алгебре тернаров и натуральных тел проективной плоскостii). Исследование подобных алгебраич. эквивалентов позволяет изучать как свойства К., так и возможность их реалпзуемости как конечной частичной плоскости в определенной проективной плоскости, а также логическую связь между различными конфигурационными предложениями.

Теория К. находит применение в решении ряда геометрич. вопросов. Так, плоская К. $URI[[http://libmeta.ru/me/formula/aux/1090_108_KONFIGU]]/URI$ играет важную роль в теории плоских кривых третьего порядка, не имеющих двойных точек, в частности, при исследованиı Iіх точек перегиба. Конфигурация Рейе применяется при изучении правильных многогранников в четырехмерном евклидовом пространстве $URI[[http://libmeta.ru/me/formula/aux/1090_109_KONFIGU]]/URI$. Правільный многогранник в $URI[[http://libmeta.ru/me/formula/aux/1090_110_KONFIGU]]/URI$ ограничен областями, являющимися правильными трехмерными многогранниками. Правильный многогранник в $URI[[http://libmeta.ru/me/formula/aux/1090_111_KONFIGU]]/URI$ наз. $URI[[http://libmeta.ru/me/formula/aux/1090_112_KONFIGU]]/URI$-я ч е й к о й, если он ограничен $URI[[http://libmeta.ru/me/formula/aux/1090_113_KONFIGU]]/URI$ правильными многогранниками. Напр., 5-ячейка ограничена пятью трехмерными тетраәдрами, 8-ячейка - восемью кубами и т. д., причем 5-ячейка и 24-ячейка являются двойственными сами себе (точки соответствуют пространствам, а прямые - плоскостям). Изучение правильных ячеек проводится исследованием Iх проекций в $URI[[http://libmeta.ru/me/formula/aux/1090_114_KONFIGU]]/URI$. Если в качестве пространства проекции выбирается для 24-ячейки нек-рая трехмерная

![](https://cdn.mathpix.com/cropped/2023_07_08_44601d23f11d861f05fbg-1.jpg?height=675&amp;width=662&amp;top_left_y=521&amp;top_left_x=1068)

URI[[http://libmeta.ru/me/relation/1090_37_KONFIGU]]/URI, то URI[[http://libmeta.ru/me/relation/1090_36_KONFIGU]]/URI разделение URI[[http://libmeta.ru/me/relation/1090_35_KONFIGU]]/URI на 12-октаэдров, из к-рых все, не считая URI[[http://libmeta.ru/me/relation/1090_34_KONFIGU]]/URI, URI[[http://libmeta.ru/me/relation/1090_33_KONFIGU]]/URI в бесконечность, что приводит к такому виду URI[[http://libmeta.ru/me/relation/1090_32_KONFIGU]]/URI, к-рая составляет конфигурацию Рейе (рис. 10). Если в качестве URI[[http://libmeta.ru/me/relation/1090_31_KONFIGU]]/URI URI[[http://libmeta.ru/me/relation/1090_30_KONFIGU]]/URI берется трехмерное URI[[http://libmeta.ru/me/relation/1090_29_KONFIGU]]/URI, проходящее через вершину 24-ячейки, то URI[[http://libmeta.ru/me/relation/1090_28_KONFIGU]]/URI также конфигурация Рейе (рис. 11). (URI[[http://libmeta.ru/me/relation/1090_27_KONFIGU]]/URI 24-ячейкі в трехмерное URI[[http://libmeta.ru/me/relation/1090_26_KONFIGU]]/URI - на рис. 13.) Конфигурация Рейе возникает и в URI[[http://libmeta.ru/me/relation/1090_25_KONFIGU]]/URI точек и осей URI[[http://libmeta.ru/me/relation/1090_24_KONFIGU]]/URI четырех шаров, центры к-рых не лежат все в одной плоскости. В этой URI[[http://libmeta.ru/me/relation/1090_23_KONFIGU]]/URI каждая ось инцидентна с тремя точками, и каждая точка - с четырьмя осями, URI[[http://libmeta.ru/me/relation/1090_22_KONFIGU]]/URI пространственная К. $URI[[http://libmeta.ru/me/formula/aux/1090_115_KONFIGU]]/URI$ точек и прямых. Каждые три точки центры URI[[http://libmeta.ru/me/relation/1090_21_KONFIGU]]/URI - определяют по одной плоскости, каждые две оси, инцидентные с точкой URI[[http://libmeta.ru/me/relation/1090_20_KONFIGU]]/URI, образуют еще восемь различных ілоскостей, всего 12, каждая из к-рых инцидентна с шестью точками URI[[http://libmeta.ru/me/relation/1090_19_KONFIGU]]/URI, а каждая из двенадцати точек URI[[http://libmeta.ru/me/relation/1090_18_KONFIGU]]/URI - с шестью плоскостями, т. е. URI[[http://libmeta.ru/me/relation/1090_17_KONFIGU]]/URI К. $URI[[http://libmeta.ru/me/formula/aux/1090_116_KONFIGU]]/URI$. К., URI[[http://libmeta.ru/me/relation/1090_16_KONFIGU]]/URI двойным шестисторонником Iiлефли, применяется для изучения свойств алгебраич. URI[[http://libmeta.ru/me/relation/1090_15_KONFIGU]]/URI третьего URI[[http://libmeta.ru/me/relation/1090_14_KONFIGU]]/URI, к-рая определяется 19 точками URI[[http://libmeta.ru/me/relation/1090_13_KONFIGU]]/URI всегда проходит через нек-рый двойной шестисторонник Iiлеф্ли. При этом существенным является то, что любые четыро прямые его имеют URI[[http://libmeta.ru/me/relation/1090_12_KONFIGU]]/URI URI[[http://libmeta.ru/me/relation/1090_11_KONFIGU]]/URI.

Конфигурационные URI[[http://libmeta.ru/me/relation/1090_10_KONFIGU]]/URI о реализации URI[[http://libmeta.ru/me/relation/1090_9_KONFIGU]]/URI на плоскости применяются для изучения свойств многосторонников (многовершинников) и для решения задач на построение при различных ограничениях (построение с недоступными элементами, построение одной линейкой и т. Д.). В кинематике и графической URI[[http://libmeta.ru/me/relation/1090_8_KONFIGU]]/URI находит практическое применение URI[[http://libmeta.ru/me/relation/1090_7_KONFIGU]]/URI К. URI[[http://libmeta.ru/me/relation/1090_6_KONFIGU]]/URI.

Возможны К., составленные из других URI[[http://libmeta.ru/me/relation/1090_5_KONFIGU]]/URI. элементов, напр. из кругов URI[[http://libmeta.ru/me/relation/1090_4_KONFIGU]]/URI размерности и единичного URI[[http://libmeta.ru/me/relation/1090_3_KONFIGU]]/URI в $URI[[http://libmeta.ru/me/formula/aux/1090_117_KONFIGU]]/URI$.</text>
  <text_orig>конечное множество точек, прямых, плоскостей, связанных между собой взаимными инцидентностями. К. могут быть как плоскимі, так и пространственными.

П лос к а я к о н ф и г у р а ц и я-конечная система $p$ точек и $g$ прямы $\mathbf{X}$ на плоскости, расположенных таким образом, что всякая точка системы инцидентна с одним и тем же числом $\gamma$ прямых этой системы, а всякая прямая инцидентна с одним и төм же числом $\pi$ точек этой системы. Минимальная система точек данной $К .$, из к-рой вся $К$. может быть получена путем инциденций пар точек с прямыми и пересечений пар прямых, наз. с и с т е мо й о б р а 3 у ю ш и данной К. Числа $p, g, \gamma, \pi$ связаны соотнотением $p \gamma=g \pi$, а К. обозначается символом $\left(p_{\gamma}, g_{\pi}\right)$. К., содержащая одинаковое число точек и прямых, обозначается символом $\left(p_{\gamma}\right)$.

П р и м е р ы плоских К.: 1) Одна точка и одна прямая, инцидентные между собой, образуют К. (1,). 2) Три точки, не леккащие на одной прямой, и тріп прямые, инцидентные с каждой парой, образуют К. $\left(3_{2}\right)$,

![](https://cdn.mathpix.com/cropped/2023_07_08_fd4d13d75a216f21bb9fg-1.jpg?height=340&amp;width=526&amp;top_left_y=371&amp;top_left_x=117)
эта фигура - трехвершинник (или трехсторонник) на плоскости. 3) Полный четырехсторонник - ччтыре прямые и плесть точек их попарного пересечения образуют K. $\left(6_{2}, 4_{3}\right)$. Однако здесь не все прямые, соединяющие попарно точки К., являются прямыми этой $\kappa$.; точки $R, P, Q$ и прямые $R P, R Q, P Q$ не принадлежат ей (рис. 1).

А в т о м о р ф и м о м $К$. наз. отображение $K$. на себя, при к-ром точки К. переходят в точки, прямые в прямые этой же К., и при этом ни одна инцидентность не пропадает, и не добавляется новых. К. наз. п р ав и л ь н о й, если группа автоморфизмов этой $\mathrm{K}$. транзитивна.

Для данной К. $\left(p_{\vartheta}, g_{\pi}\right)$ д в о й с т в е н н о й наз. Кi. $\left(g_{\pi}, p_{\gamma}\right)$. К. типа $\left(p_{\gamma}\right)$ и только такие, двойственно соответствуют К. такого же типа, они наз. д в о й с т в е нно-ин в а р и а н т ным и.

К. наз. п р о е к т и в н о й, если инцидентность ее элементов сохраняется при проективных преобразованиях. Напр., инцидентвость элементов нек-рой $\mathfrak{K}$., расположенной на проективной плоскости, обеспечивается выполнением аксиом связи ее, и потому инцидентность точек и прямых $K$. сохраняется при проективных преобразованиях этой плоскости, а К. будет проективной. Все инцидентности и элементы такой плоской $K$. могут быть изображены на чертеже с помощью только одной линейки. Плоская К. всегда имеет двойственную вследствие принципа двойственности.

К. может быть определена также как конечная частичная плоскость. Возможность существования нек-рой

![](https://cdn.mathpix.com/cropped/2023_07_08_fd4d13d75a216f21bb9fg-1.jpg?height=295&amp;width=306&amp;top_left_y=1510&amp;top_left_x=115)

Рис. 2. К. определяется из геометрич. и комбинаторных соотношений между количеством точек и прямых и количеством взаимных инциденций. К. задается и с помощью абстрактных схем, напр. на таблице (рис. 2) указаны инцидентности (обозначенные крестиком) четырех точек, веріпин $A_{i}$, и четырех плоскостей, граней $D_{i}$ тетраэдра. После того как нек-рая К. определена абстрактно, вознIIкает вопрос о ее реализации, т. е. о возможности построения всех инциденций по данной системе образующих. Реализуемость К. как конечной частичной плоскости означает возможность изоморфного отображения ее на нек-рую подплоскость какойлибо плоскости.

К. $\left(p_{2}\right), p \geqslant 3$, реализуется в виде $p$-сторонника так, что вершины и стороны его попарно инцидентны. Абстрактную схему $\mathrm{K}$. $\left(3_{2}\right)$ можно построить, напр., таблицей, как на рис. 2 . Плоские К. $\left(p_{3}\right)$ возможны лишь при $p \geqslant 7$, так как через каждую точку К. должны проходить три прямые и на каждой из них должны лежать еще две другие точки $\mathrm{K}$. (число $p$ должно удовлетворять неравенству $p(p-1) / 2 \geqslant 3 p)$. К. типа $\left(p_{3}\right)$ допускают модификации, количество к-рых зависит от $p . \boldsymbol{K} .\left(7_{3}\right)$ представляется схемой (рис. 3), где циф্фра за фигурной скобкой означает точку пересечения прямых, проходящих через пары точек, записанные слева от скобки, цифры за вертикальной чертой обозначают те точки, к-рые должны быть коллинеарными при выполнении всех указанных слева инциденций. На действительной проектівної плоскости все инцидентности реализуются в полном четырехвершиннике (рис. 4), однако последняя

![](https://cdn.mathpix.com/cropped/2023_07_08_fd4d13d75a216f21bb9fg-1.jpg?height=94&amp;width=323&amp;top_left_y=519&amp;top_left_x=1032)

Рис. 3.

![](https://cdn.mathpix.com/cropped/2023_07_08_fd4d13d75a216f21bb9fg-1.jpg?height=313&amp;width=410&amp;top_left_y=320&amp;top_left_x=1400)

Рис. 4. инциденция (коллинеарность трех точек) здесь не имеет места. К. $\left(9_{3}\right)$ допускает три различные модификации, одна из к-рых $\left(9_{3}\right)_{1}$ наз. к о н ф и $г$ у р а ц и е й Б р иа н IіI о на - П а с к а ля (ріс. 5): каждая прямая $l_{i}$

\begin{tabular}{|c|c|c|c|c|c|c|c|c|c|}
\hline Прямые $l_{i}$ &amp; $(1)$ &amp; $(2)$ &amp; $(3)$ &amp; $(4)$ &amp; $(5)$ &amp; $(6)$ &amp; $(7)$ &amp; $(8)$ &amp; $(9)$ \\
\hline Точки $a_{i}$ &amp; 1 &amp; 1 &amp; 1 &amp; 2 &amp; 2 &amp; 3 &amp; 3 &amp; 4 &amp; 5 \\
&amp; 2 &amp; 4 &amp; 6 &amp; 4 &amp; 7 &amp; 6 &amp; 5 &amp; 6 &amp; 7 \\
&amp; 3 &amp; 5 &amp; 7 &amp; 8 &amp; 9 &amp; 8 &amp; 9 &amp; 9 &amp; 8 \\
\hline
\end{tabular}

Рис. 5.

Iнцидентна с тремя различными точками $a_{i}$, а каждая точка - с тремя различными прямыми. Эта К. может быть реализована на проективной плоскости (рис. 6), она является проективной, правильной, двойственно инвариантной (см. Брианшона теорема, Паскаля теорема). Две другие модификации $\mathrm{K}$. $\left(9_{3}\right)_{2},\left(9_{3}\right)_{3}$ (рис. 7$)$ существенно отличаются от конфигурации Брианшона -Паскаля. Напр., К. $\left(9_{3}\right)_{3}$ не является правільной, а для построения $\mathrm{K}$. $\left(9_{3}\right)_{2}$ необходима

![](https://cdn.mathpix.com/cropped/2023_07_08_fd4d13d75a216f21bb9fg-1.jpg?height=397&amp;width=521&amp;top_left_y=1260&amp;top_left_x=1290)
вспомогат е л ь н а я Рис. 6. кривая 2-го порядка. К. $\left(10_{3}\right)$ имеет уже десять различных модіфикаций, из к-рых важнейшей является
![](https://cdn.mathpix.com/cropped/2023_07_08_fd4d13d75a216f21bb9fg-1.jpg?height=322&amp;width=772&amp;top_left_y=1763&amp;top_left_x=1012)

Рис. 7.

конфи гурация Д е з а р г (рис. 8). Она реализуется на действительной проективной плоскости, является проективной, гравильной, двойственно инвариантной. Другие девять модификаций $К .\left(10_{3}\right)$ не выражают никакой общей геометрич. теоремы, шричем липь восемь из них могут быть реализованы на дей- ствительной проективной плоскости, но для их построения требуется специальное расположение системы образующих точек (в частности, $\mathfrak{K}$. такого тіпа реализуются

![](https://cdn.mathpix.com/cropped/2023_07_08_e34114bac02c13fa63a7g-1.jpg?height=409&amp;width=707&amp;top_left_y=287&amp;top_left_x=192)

в виде правильных многосторонников (рис. 9). В пргведенной на чертеже последовательности вершин также получается вписанный п одновременно описанный десятисторонник. К. $\left(9_{3}\right)$ и $\left(10_{3}\right)$ также допускают геометрич. построение с помощью многосторонников, вписанных и описанных вокруг самих себя, так, К. $\left(9_{3}\right)_{1}$ представляется в виде девятисторонника $(2,3,6,1,5,9,4,8,7,2)$

![](https://cdn.mathpix.com/cropped/2023_07_08_e34114bac02c13fa63a7g-1.jpg?height=378&amp;width=362&amp;top_left_y=910&amp;top_left_x=134)

Рис. 9. (рис. 6), конфигурация Дезарга - в виде десятисторонніка (рис. 8) $(1,2,3,4,5,6,7,8,9$, $10,1)$. Такие представленія этих К. единственны с точностью до автоморфизмов. Вообце, построение $p$-сторонников, одновременно вписанных и описанных вокруг самих себя, приводит $\kappa ~ K$. типа $\left(p_{3}\right)$. Существуют также представленія $\mathrm{K}$. типа $\left(p_{3}\right)$ в виде нескольких многосторонников, вписанных и описанных вокруг друг друга.

Напр., конфигурация Дезарга допускает единственный способ (с точностью до автоморфизма) представления парой взаимно вписанных и описанных пятисторонников $(1,9,7,5,3)$ и $(8,4,10,6,2)$ (рис. 8). При увеличении числа $p$ количество модіфикаций $К$. типа $\left(p_{3}\right)$ быстро растет.

П р о т р а с твен ная конфи гу р ац и я- конечная система точек и плоскостей такая, что каждая точка инцидентна с одним и тем же числом плоскостей, а каждая плоскость - с одним и тем же числом точек. Наряду с $K .$, состоящей из точек и плоскостей, в пространстве рассматриваются и К., состоящие из точек и прямых. Так, рассмотренная выше конфигурация Дезарга, состоящая из точек и прямых, представляет собой также и пространственную К. $\left(10_{3}\right)$ (рис. 8), если соответствующие трехсторонники лежат в различных плоскостях; одновременно ее можно рассматривать как К. $\left(10_{3}, 5_{6}\right)$, составленную из точек и плоскостей: шесть вершин соответствуюццх трехсторонников, центр перспективы и три точки на осі перспективы, в к-рых сходятся соответствующие стороны трехсторонников, дают всего десять точек, а три плоскости, образованные соответствующими сторонами трехсторонников, и две плоскости самих трехсторонников дают всего пять плоскостей. В каждой плоскости шесть точек К., и каждая точка инцидентна трем различным плоскостям.

Тривиальной пространственной К. типа $\left(p_{\gamma}\right)$ является К. $\left(4_{3}\right)$, ее схема - на рис. 2 ; она изображается тетраэдром. $\mathcal{K}$. типа $\left(p_{4}\right)$ для $p \leqslant 7$ невозможна, при $p=8$ имеется пять различных схем К., одна из к-рых, так наз. к о нф и г у р а и я М ё б и у с а, состоит из двух тетраэдров, вписанных и описанных друг около друга. Каждой из восьми точек - вершін тетраэдров - инцидентны четыре плоскості граней тетраэдров, а каждой из восьми Iлоскостей Iнцідентны четыре точки - веріпины. При переходе к К. более высокого порядка число возможных модификаций быстро возрастает, напр., К. $\left(9_{4}\right)$ имеет уже 26 геометрич. осуществимых модификацій.

Из пространственных $К$. более высокого порядка примечательны конфигурация Рейе іл конфигурація Шлефли. К К н фи г у р а ц е й $\mathrm{P}$ е й е наз. состоящая из точек и плоскостей К. $\left(12_{6}\right)$. В действітельном проективном пространстве ее можно постропть, напр., Iз вершин нек-рого куба, его центра, трех (бесконечно удаленных) точек, в к-рых сходятся параллельные ребра куба, а плоскостямі этой $К$. являются шесть гранеї

![](https://cdn.mathpix.com/cropped/2023_07_08_e34114bac02c13fa63a7g-1.jpg?height=489&amp;width=601&amp;top_left_y=639&amp;top_left_x=1106)

Рис. 10.

куба Iі шесть его диагональных плоскостей, проходящих через пары противоположных ребер (рис. 10). Конфигурация Рейе является проективной, правильной и двойственно инвариантной, прпчем изображение этой $\mathrm{K}$. можно построить (согласно большому принципу двойственности), пспользуя вместо куба октаэдр (рис. 11). Конфигурацию Рейе можно рассматривать также как пространственную $\mathrm{K}$. точек и прямых $\left(12_{4}, 16_{3}\right)$. К. $\left(30_{2}, 12_{5}\right)$, состоящая из точек и прямых, наз. д в о й ны м шїес т ін с т о р о о н н ик о м III ле ф л и. Он изображается в пространстве, напр., в віде симметрично

![](https://cdn.mathpix.com/cropped/2023_07_08_e34114bac02c13fa63a7g-1.jpg?height=518&amp;width=501&amp;top_left_y=1319&amp;top_left_x=1310)
расположенных прямых и точек на каждой грани куба (по одной из двух шестерок) (рис. 12).

Не всякая плоская $\kappa$. может быть реалізована на действительной проективной плоскости. Напр., $\mathfrak{K}$. $\left(7_{3}\right)$ и $\left(8_{3}\right)$ не реализуются на ней, в связи с чем возникает задача реализации $\mathcal{K}$. на каких-либо других проективных плоскостях. Каждое предложение, утверждающее, что из реализуемості в данной плоскости нек-рой К. со всеми инцидентностями, кроме, быть может, одной, вытекает реализуемость $К$. со всеми ее инцидентностями, называется к о н фи и г у р а ц й о н н ы м п р е д л о ж е и е м данной плоскості. Таким образом, еслиг все инцидентности некоторой зуются на данной плоскости вследствие геометрических свойств этой плоскости, то $K$. реаліизуется на этой п л о с ко с ти. Например, К. $\left(\mathbf{9}_{3}\right)_{1}$ всегда реализу- ется на действительной проективной плоскості, так как из реализуемости всех инциденций, кроме одной, последняя инцидентность выполняется всегда вследствие теорем Брианпона и Паскаля, т. е. эти теоремы являются конфигурационными предложениями. Выполнение по-

![](https://cdn.mathpix.com/cropped/2023_07_08_44601d23f11d861f05fbg-1.jpg?height=568&amp;width=588&amp;top_left_y=356&amp;top_left_x=252)

следней пнцидентности в К. $\left(7_{3}\right)$ (рис. 4) на такой плоскостіг не пмеет места (так как диагональные точкі полного четырехвершинника не принадлежат одной прямой), поэтому такое утверждение не является конфигураціонным предложением. Однако оно будет таковым в комплексной проективной плоскости. Подобным образом рассматривается и реализуемость другіх К.; в частности, К. $\left(8_{3}\right)$ может быть реализована в конечных папповых плоскостях, построенных над полями Галуа с тремя и четырьмя элементами.

Конфигурационные предложения, справедливые в данной плоскости, определенным образом организуют элементы этой плоскости и потому играют роль при аксіоматическом построении геометрии этой плоскости. Напр., если в данной плоскости выполняются все аксиомы связи проективной плоскості, но не реализуется конфигурация Дезарга, то данная плоскость несет на себе так наз. недезаргову геометрию. Конфигураціонное предложение может быть также запісано в алгебрапч. форме в виде нек-рого алгебраич. тозкдества. В произвольной проективной плоскости конфигурационные предложения могут вводиться лишь в качестве новых аксиом, причем постулирование одного какого-нігудь конфигурационного предложенія может повлечь за собой справедливость других конфигурационных предложений в этой плоскости. Вообще говоря, всякому алгебраич. тождеству соответствует конфигураціонное предложение, к-рое наз. геометрич. представленшем әтого тождества в определенной плоскости, где реализуется К. (однако не установлено, всякое ли конфігурацшонное предложеніе является геометрич. представлением определенного віда тождества в алгебре тернаров и натуральных тел проективной плоскостII). Исследование подобных алгебраич. эквивалентов позволяет изучать как свойства К., так и возможность их реалпзуемости как конечной частичной плоскости в определенной проективной плоскости, а также логическую связь между различными конфигурационными предложениями.

Теория К. находит применение в решении ряда геометрич. вопросов. Так, плоская К. $\left(8_{3}\right)$ играет важную роль в теории плоских кривых третьего порядка, не имеющих двойных точек, в частности, при исследованиı Iіх точек перегиба. Конфигурация Рейе применяется при изучении правильных многогранников в четырехмерном евклидовом пространстве $E^{4}$. Правільный многогранник в $E^{4}$ ограничен областями, являющимися правильными трехмерными многогранниками. Правильный многогранник в $E^{4}$ наз. $n$-я ч е й к о й, если он ограничен $n$ правильными многогранниками. Напр., 5-ячейка ограничена пятью трехмерными тетраәдрами, 8-ячейка - восемью кубами и т. д., причем 5-ячейка и 24-ячейка являются двойственными сами себе (точки соответствуют пространствам, а прямые - плоскостям). Изучение правильных ячеек проводится исследованием Iх проекций в $E^{3}$. Если в качестве пространства проекции выбирается для 24-ячейки нек-рая трехмерная

![](https://cdn.mathpix.com/cropped/2023_07_08_44601d23f11d861f05fbg-1.jpg?height=675&amp;width=662&amp;top_left_y=521&amp;top_left_x=1068)

грань, то получается разделение пространства на 12-октаэдров, из к-рых все, не считая среднего, простираются в бесконечность, что приводит к такому виду проекции, к-рая составляет конфигурацию Рейе (рис. 10). Если в качестве пространства проекции берется трехмерное пространство, проходящее через вершину 24-ячейки, то получается также конфигурация Рейе (рис. 11). (Проекция 24-ячейкі в трехмерное пространство - на рис. 13.) Конфигурация Рейе возникает и в системе точек и осей подобия четырех шаров, центры к-рых не лежат все в одной плоскости. В этой системе каждая ось инцидентна с тремя точками, и каждая точка - с четырьмя осями, получается пространственная К. $\left(12_{4}, 16_{3}\right)$ точек и прямых. Каждые три точки центры подобия - определяют по одной плоскости, каждые две оси, инцидентные с точкой подобия, образуют еще восемь различных ілоскостей, всего 12, каждая из к-рых инцидентна с шестью точками подобия, а каждая из двенадцати точек подобия - с шестью плоскостями, т. е. получается К. $\left(12_{6}\right)$. К., представляемая двойным шестисторонником IIлефли, применяется для изучения свойств алгебраич. поверхностей третьего порядка, к-рая определяется 19 точками II всегда проходит через нек-рый двойной шестисторонник IIлеф্ли. При этом существенным является то, что любые четыро прямые его имеют гиперболоидальное расположение.

Конфигурационные предложения о реализации инцидентностей на плоскости применяются для изучения свойств многосторонников (многовершинников) и для решения задач на построение при различных ограничениях (построение с недоступными элементами, построение одной линейкой и т. Д.). В кинематике и графической статике находит практическое применение теория К. полиэдров.

Возможны К., составленные из других геометрич. элементов, напр. из кругов произвольной размерности и единичного радиуса в $E^{n}$. Лuт.: [1] Г и ль б е р т Д., К о н-Ф о с с е н С., Наглядиая геометрия, пер. с нем., 2 изд., М.-Л., 1951; [2] С к о рн я к о в Јі. А., “Успехи матем. наук», 1951, т. 6, в. 6, с. 112 154; [3] А р г у н о в Б. И., “Матем. сб.&quot;, 1950, Т. 26, № 3 , с 425-56; 4] L e v i F., Geometrische Konfigurationenen, Lpz.,</text_orig>
</article>
