<?xml version="1.0" ?>
<article uri="http://libmeta.ru/me/article/1090_NUL'MERNOE" alphabetic_pos="1090">
  <title>НУЛЬМЕРНОЕ ПРОСТРАНСТВО</title>
  <authors/>
  <pages>
    <start>543</start>
    <end>544</end>
  </pages>
  <literature>
    <literature_orig>Лum.: [1] А л е к с а нд р о в П. С., П а с ы н к о в Б. А., Введение в теорию размерности..., М., 1973.</literature_orig>
    <unit>
      <author>Александров П. С.</author>
      <author>Пасынков Б. А.</author>
      <title>Введение в теорию размерности...</title>
      <publication>М.</publication>
      <year>1973</year>
      <other/>
    </unit>
  </literature>
  <formulas_main/>
  <formulas_aux>
    <formula uri="http://libmeta.ru/me/formula/aux/1090_1_NUL'MERNOE">\mathbb{q})</formula>
    <formula uri="http://libmeta.ru/me/formula/aux/1090_2_NUL'MERNOE">t_{1}</formula>
    <formula uri="http://libmeta.ru/me/formula/aux/1090_3_NUL'MERNOE">\operatorname{dim}</formula>
    <formula uri="http://libmeta.ru/me/formula/aux/1090_4_NUL'MERNOE">\operatorname{dim}</formula>
    <formula uri="http://libmeta.ru/me/formula/aux/1090_5_NUL'MERNOE">\operatorname{dim}</formula>
    <formula uri="http://libmeta.ru/me/formula/aux/1090_6_NUL'MERNOE">t_{1}</formula>
    <formula uri="http://libmeta.ru/me/formula/aux/1090_7_NUL'MERNOE">d^{\tau}-</formula>
  </formulas_aux>
  <relations n="41">
    <relation uri="http://libmeta.ru/me/relation/1090_1_NUL'MERNOE">
      <rel_text>пространство</rel_text>
      <target>http://libmeta.ru/me/article/748_PROSTRANSTV</target>
    </relation>
    <relation uri="http://libmeta.ru/me/relation/1090_2_NUL'MERNOE">
      <rel_text>регулярное</rel_text>
      <target>http://libmeta.ru/me/article/1037_REGULJaTO</target>
    </relation>
    <relation uri="http://libmeta.ru/me/relation/1090_3_NUL'MERNOE">
      <rel_text>непрерывные отображения</rel_text>
      <target>http://libmeta.ru/me/article/949_NEPRERYVNOE</target>
    </relation>
    <relation uri="http://libmeta.ru/me/relation/1090_4_NUL'MERNOE">
      <rel_text>бикомпактными</rel_text>
      <target>http://libmeta.ru/me/article/457_BIKoMPAKTNOST</target>
    </relation>
    <relation uri="http://libmeta.ru/me/relation/1090_5_NUL'MERNOE">
      <rel_text>открытых отображениях</rel_text>
      <target>http://libmeta.ru/me/article/114_OTKRYTOE</target>
    </relation>
    <relation uri="http://libmeta.ru/me/relation/1090_6_NUL'MERNOE">
      <rel_text>совершенных отображениях</rel_text>
      <target>http://libmeta.ru/me/article/53_SOVERІENNOE</target>
    </relation>
    <relation uri="http://libmeta.ru/me/relation/1090_7_NUL'MERNOE">
      <rel_text>отображениях</rel_text>
      <target>http://libmeta.ru/me/article/128_OTOBRAZhENI</target>
    </relation>
    <relation uri="http://libmeta.ru/me/relation/1090_8_NUL'MERNOE">
      <rel_text>получить</rel_text>
      <target>http://libmeta.ru/me/article/473_POLUNORM</target>
    </relation>
    <relation uri="http://libmeta.ru/me/relation/1090_9_NUL'MERNOE">
      <rel_text>пространства</rel_text>
      <target>http://libmeta.ru/me/article/748_PROSTRANSTV</target>
    </relation>
    <relation uri="http://libmeta.ru/me/relation/1090_10_NUL'MERNOE">
      <rel_text>регулярные</rel_text>
      <target>http://libmeta.ru/me/article/1037_REGULJaTO</target>
    </relation>
    <relation uri="http://libmeta.ru/me/relation/1090_11_NUL'MERNOE">
      <rel_text>двоеточий</rel_text>
      <target>http://libmeta.ru/me/article/27_DVOETOChI</target>
    </relation>
    <relation uri="http://libmeta.ru/me/relation/1090_12_NUL'MERNOE">
      <rel_text>гомеоморфизма</rel_text>
      <target>http://libmeta.ru/me/article/1116_GOMEOMORFIZ</target>
    </relation>
    <relation uri="http://libmeta.ru/me/relation/1090_13_NUL'MERNOE">
      <rel_text>характерпзуются</rel_text>
      <target>http://libmeta.ru/me/article/839_HARAKTERISTIK</target>
    </relation>
    <relation uri="http://libmeta.ru/me/relation/1090_14_NUL'MERNOE">
      <rel_text>метризуемого пространства</rel_text>
      <target>http://libmeta.ru/me/article/651_METRIZUEMOE</target>
    </relation>
    <relation uri="http://libmeta.ru/me/relation/1090_15_NUL'MERNOE">
      <rel_text>равносильна</rel_text>
      <target>http://libmeta.ru/me/article/766_RAVNOVELIKA</target>
    </relation>
    <relation uri="http://libmeta.ru/me/relation/1090_16_NUL'MERNOE">
      <rel_text>метризуемых пространств</rel_text>
      <target>http://libmeta.ru/me/article/651_METRIZUEMOE</target>
    </relation>
    <relation uri="http://libmeta.ru/me/relation/1090_17_NUL'MERNOE">
      <rel_text>равносильны</rel_text>
      <target>http://libmeta.ru/me/article/766_RAVNOVELIKA</target>
    </relation>
    <relation uri="http://libmeta.ru/me/relation/1090_18_NUL'MERNOE">
      <rel_text>бикомпактов</rel_text>
      <target>http://libmeta.ru/me/article/458_BIKOMShLEK</target>
    </relation>
    <relation uri="http://libmeta.ru/me/relation/1090_19_NUL'MERNOE">
      <rel_text>метризуемых пространств</rel_text>
      <target>http://libmeta.ru/me/article/651_METRIZUEMOE</target>
    </relation>
    <relation uri="http://libmeta.ru/me/relation/1090_20_NUL'MERNOE">
      <rel_text>Пространство</rel_text>
      <target>http://libmeta.ru/me/article/748_PROSTRANSTV</target>
    </relation>
    <relation uri="http://libmeta.ru/me/relation/1090_21_NUL'MERNOE">
      <rel_text>пересекаются</rel_text>
      <target>http://libmeta.ru/me/article/222_PEREGÓROD</target>
    </relation>
    <relation uri="http://libmeta.ru/me/relation/1090_22_NUL'MERNOE">
      <rel_text>покрытие</rel_text>
      <target>http://libmeta.ru/me/article/387_POKRYTI</target>
    </relation>
    <relation uri="http://libmeta.ru/me/relation/1090_23_NUL'MERNOE">
      <rel_text>покрытие</rel_text>
      <target>http://libmeta.ru/me/article/387_POKRYTI</target>
    </relation>
    <relation uri="http://libmeta.ru/me/relation/1090_24_NUL'MERNOE">
      <rel_text>Пространство</rel_text>
      <target>http://libmeta.ru/me/article/748_PROSTRANSTV</target>
    </relation>
    <relation uri="http://libmeta.ru/me/relation/1090_25_NUL'MERNOE">
      <rel_text>бикомпактов</rel_text>
      <target>http://libmeta.ru/me/article/458_BIKOMShLEK</target>
    </relation>
    <relation uri="http://libmeta.ru/me/relation/1090_26_NUL'MERNOE">
      <rel_text>пространств</rel_text>
      <target>http://libmeta.ru/me/article/748_PROSTRANSTV</target>
    </relation>
    <relation uri="http://libmeta.ru/me/relation/1090_27_NUL'MERNOE">
      <rel_text>открыто-замкнутых множеств</rel_text>
      <target>http://libmeta.ru/me/article/117_OTKRYTO-ZAMKNUTOE</target>
    </relation>
    <relation uri="http://libmeta.ru/me/relation/1090_28_NUL'MERNOE">
      <rel_text>пересечения</rel_text>
      <target>http://libmeta.ru/me/article/222_PEREGÓROD</target>
    </relation>
    <relation uri="http://libmeta.ru/me/relation/1090_29_NUL'MERNOE">
      <rel_text>точка представима</rel_text>
      <target>http://libmeta.ru/me/article/586_PREDEL'NAJa</target>
    </relation>
    <relation uri="http://libmeta.ru/me/relation/1090_30_NUL'MERNOE">
      <rel_text>пространства</rel_text>
      <target>http://libmeta.ru/me/article/748_PROSTRANSTV</target>
    </relation>
    <relation uri="http://libmeta.ru/me/relation/1090_31_NUL'MERNOE">
      <rel_text>равносильно</rel_text>
      <target>http://libmeta.ru/me/article/766_RAVNOVELIKA</target>
    </relation>
    <relation uri="http://libmeta.ru/me/relation/1090_32_NUL'MERNOE">
      <rel_text>связными</rel_text>
      <target>http://libmeta.ru/me/article/1233_SvJaZNOSt</target>
    </relation>
    <relation uri="http://libmeta.ru/me/relation/1090_33_NUL'MERNOE">
      <rel_text>пространства</rel_text>
      <target>http://libmeta.ru/me/article/748_PROSTRANSTV</target>
    </relation>
    <relation uri="http://libmeta.ru/me/relation/1090_34_NUL'MERNOE">
      <rel_text>пространства</rel_text>
      <target>http://libmeta.ru/me/article/748_PROSTRANSTV</target>
    </relation>
    <relation uri="http://libmeta.ru/me/relation/1090_35_NUL'MERNOE">
      <rel_text>регулярны</rel_text>
      <target>http://libmeta.ru/me/article/1037_REGULJaTO</target>
    </relation>
    <relation uri="http://libmeta.ru/me/relation/1090_36_NUL'MERNOE">
      <rel_text>пространства</rel_text>
      <target>http://libmeta.ru/me/article/748_PROSTRANSTV</target>
    </relation>
    <relation uri="http://libmeta.ru/me/relation/1090_37_NUL'MERNOE">
      <rel_text>пространство</rel_text>
      <target>http://libmeta.ru/me/article/748_PROSTRANSTV</target>
    </relation>
    <relation uri="http://libmeta.ru/me/relation/1090_38_NUL'MERNOE">
      <rel_text>пространство</rel_text>
      <target>http://libmeta.ru/me/article/748_PROSTRANSTV</target>
    </relation>
    <relation uri="http://libmeta.ru/me/relation/1090_39_NUL'MERNOE">
      <rel_text>дискретное</rel_text>
      <target>http://libmeta.ru/me/article/215_DISKREPAN</target>
    </relation>
    <relation uri="http://libmeta.ru/me/relation/1090_40_NUL'MERNOE">
      <rel_text>множеств</rel_text>
      <target>http://libmeta.ru/me/article/733_MNOZhESTV</target>
    </relation>
    <relation uri="http://libmeta.ru/me/relation/1090_41_NUL'MERNOE">
      <rel_text>пространство</rel_text>
      <target>http://libmeta.ru/me/article/748_PROSTRANSTV</target>
    </relation>
  </relations>
  <text>в с м С л е i n d - URI[[http://libmeta.ru/me/relation/1090_41_NUL'MERNOE]]/URI, обладающее базой из URI[[http://libmeta.ru/me/relation/1090_40_NUL'MERNOE]]/URI одновременно открытых и замкнутых в нем. Каждое URI[[http://libmeta.ru/me/relation/1090_39_NUL'MERNOE]]/URI URI[[http://libmeta.ru/me/relation/1090_38_NUL'MERNOE]]/URI нульмерно, однако Н. п. может не иметь пзолированных точек (пример - URI[[http://libmeta.ru/me/relation/1090_37_NUL'MERNOE]]/URI рациональных чисел $URI[[http://libmeta.ru/me/formula/aux/1090_1_NUL'MERNOE]]/URI$. Все нулымерные URI[[http://libmeta.ru/me/relation/1090_36_NUL'MERNOE]]/URI вполне URI[[http://libmeta.ru/me/relation/1090_35_NUL'MERNOE]]/URI. Нульмерность URI[[http://libmeta.ru/me/relation/1090_34_NUL'MERNOE]]/URI наследуется его подпространствами и влечет сильную несвязность URI[[http://libmeta.ru/me/relation/1090_33_NUL'MERNOE]]/URI: единственными URI[[http://libmeta.ru/me/relation/1090_32_NUL'MERNOE]]/URI множествами в Н. П. Являются одноточечное и пустое. Однако последнее свойство, наз. в п о л н е н е с в я з н о с т ю ю, не URI[[http://libmeta.ru/me/relation/1090_31_NUL'MERNOE]]/URI нульмерности. Существуют ненульмерные URI[[http://libmeta.ru/me/relation/1090_30_NUL'MERNOE]]/URI, в к-рых каждая URI[[http://libmeta.ru/me/relation/1090_29_NUL'MERNOE]]/URI в виде URI[[http://libmeta.ru/me/relation/1090_28_NUL'MERNOE]]/URI нек-рого семейства URI[[http://libmeta.ru/me/relation/1090_27_NUL'MERNOE]]/URI, но среди таких URI[[http://libmeta.ru/me/relation/1090_26_NUL'MERNOE]]/URI нет URI[[http://libmeta.ru/me/relation/1090_25_NUL'MERNOE]]/URI.

Иногда нульмерность шространства понимается более узко. URI[[http://libmeta.ru/me/relation/1090_24_NUL'MERNOE]]/URI наз. н у л в м е р н ы м в с м ы сл е dim, если во всякое его конечное открытое URI[[http://libmeta.ru/me/relation/1090_23_NUL'MERNOE]]/URI можно вписать открытое URI[[http://libmeta.ru/me/relation/1090_22_NUL'MERNOE]]/URI, әлементы к-рого не URI[[http://libmeta.ru/me/relation/1090_21_NUL'MERNOE]]/URI. URI[[http://libmeta.ru/me/relation/1090_20_NUL'MERNOE]]/URI наз. н у л ь м е р н ы м в с м ы л е Ind, если любая окрестность любого его замкнутого подмножества содержит открыто-замкнутую окрестность этого подмножества. В классе $URI[[http://libmeta.ru/me/formula/aux/1090_2_NUL'MERNOE]]/URI$-пространств нульмерность в смысле ind вытекает как из нульмерности в смысле $URI[[http://libmeta.ru/me/formula/aux/1090_3_NUL'MERNOE]]/URI$, так и из нульмерности в смысле Ind. В классе URI[[http://libmeta.ru/me/relation/1090_19_NUL'MERNOE]]/URI со счетной базой, а также в классе URI[[http://libmeta.ru/me/relation/1090_18_NUL'MERNOE]]/URI указанные три определения нульмерности URI[[http://libmeta.ru/me/relation/1090_17_NUL'MERNOE]]/URI. Для всех URI[[http://libmeta.ru/me/relation/1090_16_NUL'MERNOE]]/URI нульмерность в смысле $URI[[http://libmeta.ru/me/formula/aux/1090_4_NUL'MERNOE]]/URI$ URI[[http://libmeta.ru/me/relation/1090_15_NUL'MERNOE]]/URI нульмерности в смысле Ind, однако известен пример нульмерного в смысле ind URI[[http://libmeta.ru/me/relation/1090_14_NUL'MERNOE]]/URI, к-рое не нульмерно в смысле Ind. Ни нульмерность в смысле $URI[[http://libmeta.ru/me/formula/aux/1090_5_NUL'MERNOE]]/URI$, ни нульмерность в смысле Ind не наследуется, вообще говоря, подпространствами. Среди $URI[[http://libmeta.ru/me/formula/aux/1090_6_NUL'MERNOE]]/URI$-пространств H. п. в смысле ind URI[[http://libmeta.ru/me/relation/1090_13_NUL'MERNOE]]/URI с точностью до URI[[http://libmeta.ru/me/relation/1090_12_NUL'MERNOE]]/URI как подпространства обобщенных канторовых дисконтинуумов $URI[[http://libmeta.ru/me/formula/aux/1090_7_NUL'MERNOE]]/URI$ пропзведений URI[[http://libmeta.ru/me/relation/1090_11_NUL'MERNOE]]/URI. Любые вполне URI[[http://libmeta.ru/me/relation/1090_10_NUL'MERNOE]]/URI URI[[http://libmeta.ru/me/relation/1090_9_NUL'MERNOE]]/URI можно URI[[http://libmeta.ru/me/relation/1090_8_NUL'MERNOE]]/URI как образы Н. п. прі достаточно хороших URI[[http://libmeta.ru/me/relation/1090_7_NUL'MERNOE]]/URI, напр. при URI[[http://libmeta.ru/me/relation/1090_6_NUL'MERNOE]]/URI и при непрерывных URI[[http://libmeta.ru/me/relation/1090_5_NUL'MERNOE]]/URI с URI[[http://libmeta.ru/me/relation/1090_4_NUL'MERNOE]]/URI прообразамі точек. Однако URI[[http://libmeta.ru/me/relation/1090_3_NUL'MERNOE]]/URI, открытые и замкнутые одновременно, сохраняют нульмерность в смысле ind и в смысле Ind. Неизвестно (1981), каждое ли вполне URI[[http://libmeta.ru/me/relation/1090_2_NUL'MERNOE]]/URI URI[[http://libmeta.ru/me/relation/1090_1_NUL'MERNOE]]/URI содержит всюду плотное нульмерное подпространство.</text>
  <text_orig>в с м С л е i n d - пространство, обладающее базой из множеств одновременно открытых и замкнутых в нем. Каждое дискретное пространство нульмерно, однако Н. п. может не иметь пзолированных точек (пример - пространство рациональных чисел $\mathbb{Q})$. Все нулымерные пространства вполне регулярны. Нульмерность пространства наследуется его подпространствами и влечет сильную несвязность пространства: единственными связными множествами в Н. П. Являются одноточечное и пустое. Однако последнее свойство, наз. в п о л н е н е с в я з н о с т ю ю, не равносильно нульмерности. Существуют ненульмерные пространства, в к-рых каждая точка представима в виде пересечения нек-рого семейства открыто-замкнутых множеств, но среди таких пространств нет бикомпактов.

Иногда нульмерность шространства понимается более узко. Пространство наз. н у л в м е р н ы м в с м ы сл е dim, если во всякое его конечное открытое покрытие можно вписать открытое покрытие, әлементы к-рого не пересекаются. Пространство наз. н у л ь м е р н ы м в с м ы л е Ind, если любая окрестность любого его замкнутого подмножества содержит открыто-замкнутую окрестность этого подмножества. В классе $T_{1}$-пространств нульмерность в смысле ind вытекает как из нульмерности в смысле $\operatorname{dim}$, так и из нульмерности в смысле Ind. В классе метризуемых пространств со счетной базой, а также в классе бикомпактов указанные три определения нульмерности равносильны. Для всех метризуемых пространств нульмерность в смысле $\operatorname{dim}$ равносильна нульмерности в смысле Ind, однако известен пример нульмерного в смысле ind метризуемого пространства, к-рое не нульмерно в смысле Ind. Ни нульмерность в смысле $\operatorname{dim}$, ни нульмерность в смысле Ind не наследуется, вообще говоря, подпространствами. Среди $T_{1}$-пространств H. п. в смысле ind характерпзуются с точностью до гомеоморфизма как подпространства обобщенных канторовых дисконтинуумов $D^{\tau}-$ пропзведений двоеточий. Любые вполне регулярные пространства можно получить как образы Н. п. прі достаточно хороших отображениях, напр. при совершенных отображениях и при непрерывных открытых отображениях с бикомпактными прообразамі точек. Однако непрерывные отображения, открытые и замкнутые одновременно, сохраняют нульмерность в смысле ind и в смысле Ind. Неизвестно (1981), каждое ли вполне регулярное пространство содержит всюду плотное нульмерное подпространство.

Лum.: [1] А л е к с а нд р о в П. С., П а с ы н к о в Б. А., Введение в теорию размерности..., М., 1973.</text_orig>
</article>
