<?xml version="1.0" encoding="UTF-8"?>
<description xmlns="http://openoffice.org/extensions/description/2006" xmlns:d="http://openoffice.org/extensions/description/2006"  xmlns:xlink="http://www.w3.org/1999/xlink">
    <version value="2008.07.01" />
    <identifier value="org.openoffice.ko.hunspell.dictionaries" />
    <display-name>
        <name lang="en-US">Korean spellcheck dictionary</name>
        <name lang="af">Koreaanse speltoets woordeboek</name>
        <name lang="am">Korean spellcheck dictionary</name>
        <name lang="ar">قاموس تدقيق الإملاء التركي</name>
        <name lang="as">Korean spellcheck dictionary</name>
        <name lang="ast">Diccionariu ortográficu coreanu</name>
        <name lang="be">Korean spellcheck dictionary</name>
        <name lang="bg">Корейски речник за проверка на правописа</name>
        <name lang="bn">Korean spellcheck dictionary</name>
        <name lang="bn-IN">Korean spellcheck dictionary</name>
        <name lang="bo">Korean spellcheck dictionary</name>
        <name lang="br">Korean spellcheck dictionary</name>
        <name lang="brx">Korean spellcheck dictionary</name>
        <name lang="bs">Korean spellcheck dictionary</name>
        <name lang="ca">Coreà: corrector ortogràfic</name>
        <name lang="ca-valencia">Coreà: corrector ortogràfic</name>
        <name lang="ckb">فەرهەنگی وردبینی هەڵەچنی تورکی</name>
        <name lang="cs">Slovník kontroly pravopisu pro korejštinu</name>
        <name lang="cy">Coreeg - geiriadur gwirio sillafu</name>
        <name lang="da">Koreansk ordbog til stavekontrol</name>
        <name lang="de">Koreanisches Wörterbuch für Rechtschreibprüfung</name>
        <name lang="dgo">Korean spellcheck dictionary</name>
        <name lang="dsb">Pšawopisny słownik za korejańšćinu</name>
        <name lang="dz">Korean spellcheck dictionary</name>
        <name lang="el">Κορεάτικο ορθογραφικό λεξικό</name>
        <name lang="en-GB">Korean spellcheck dictionary</name>
        <name lang="en-ZA">Korean spellcheck dictionary</name>
        <name lang="eo">Literumila vortaro por la korea</name>
        <name lang="es">Coreano: corrector ortográfico</name>
        <name lang="et">Korea keele õigekirjakontrolli sõnastik</name>
        <name lang="eu">Koreeraren ortografia-egiaztatzailea</name>
        <name lang="fa">واژه‌نامه بررسی املایی کره‌ای</name>
        <name lang="fi">Korean oikolukusanasto</name>
        <name lang="fr">Dictionnaire orthographique coréen</name>
        <name lang="fur">Coretôr ortografic corean</name>
        <name lang="fy">Koreaansk stavering wurdboek</name>
        <name lang="ga">Foclóir i gcomhair litreoir na Cóiréise</name>
        <name lang="gd">Faclair litreachadh na Coirèanaise</name>
        <name lang="gl">Dicionario ortográfico coreano</name>
        <name lang="gu">Korean spellcheck dictionary</name>
        <name lang="gug">Korean spellcheck dictionary</name>
        <name lang="he">מילון לבדיקת איות בקוריאנית</name>
        <name lang="hi">Korean spellcheck dictionary</name>
        <name lang="hr">Korejski rječnik za provjeru pravopisa</name>
        <name lang="hsb">Prawopisny słownik za korejšćinu</name>
        <name lang="hu">Koreai helyesírás-ellenőrző szótár</name>
        <name lang="id">Kamus pemeriksa ejaan Korea</name>
        <name lang="is">Kóreskt stafsetningarorðasafn</name>
        <name lang="it">Dizionario ortografico coreano</name>
        <name lang="ja">韓国語スペルチェック辞書</name>
        <name lang="ka">Korean spellcheck dictionary</name>
        <name lang="kab">Korean spellcheck dictionary</name>
        <name lang="kk">Корей емле сөздігі</name>
        <name lang="km">Korean spellcheck dictionary</name>
        <name lang="kmr-Latn">Korean spellcheck dictionary</name>
        <name lang="kn">Korean spellcheck dictionary</name>
        <name lang="ko">한국어 맞춤법 사전</name>
        <name lang="kok">Korean spellcheck dictionary</name>
        <name lang="ks">Korean spellcheck dictionary</name>
        <name lang="lb">Korean spellcheck dictionary</name>
        <name lang="lo">Korean spellcheck dictionary</name>
        <name lang="lt">Korėjiečių kalbos rašybos tikrinimo žodynas</name>
        <name lang="lv">Korejiešu pareizrakstības vārdnīca</name>
        <name lang="mai">Korean spellcheck dictionary</name>
        <name lang="mk">Korean spellcheck dictionary</name>
        <name lang="ml">Korean spellcheck dictionary</name>
        <name lang="mn">Солонгос хэлний зөв бичгийн алдаа шалгах толь бичиг</name>
        <name lang="mni">Korean spellcheck dictionary</name>
        <name lang="mr">Korean spellcheck dictionary</name>
        <name lang="my">Korean spellcheck dictionary</name>
        <name lang="nb">Koreansk ordbok</name>
        <name lang="ne">कोरियाली हिज्जेजाँच शब्दकोश</name>
        <name lang="nl">Koreaans woordenboek voor spellingcontrole</name>
        <name lang="nn">Ordbok for koreansk stavekontroll</name>
        <name lang="nr">Korean spellcheck dictionary</name>
        <name lang="nso">Korean spellcheck dictionary</name>
        <name lang="oc">Diccionaris ortografic de mots corean</name>
        <name lang="om">Korean spellcheck dictionary</name>
        <name lang="or">Korean spellcheck dictionary</name>
        <name lang="pa-IN">Korean spellcheck dictionary</name>
        <name lang="pl">Koreański słownik sprawdzania pisowni</name>
        <name lang="pt">Dicionário ortográfico em coreano</name>
        <name lang="pt-BR">Dicionário ortográfico Coreano</name>
        <name lang="ro">Dicționar ortografic pentru coreeană</name>
        <name lang="ru">Корейский орфографический словарь</name>
        <name lang="rw">Korean spellcheck dictionary</name>
        <name lang="sa-IN">Korean spellcheck dictionary</name>
        <name lang="sat">Korean spellcheck dictionary</name>
        <name lang="sd">Korean spellcheck dictionary</name>
        <name lang="si">Korean spellcheck dictionary</name>
        <name lang="sid">Korean spellcheck dictionary</name>
        <name lang="sk">Kórejský slovník kontroly pravopisu</name>
        <name lang="sl">Korejski jezik – slovar za preverjanje črkovanja</name>
        <name lang="sq">Korean spellcheck dictionary</name>
        <name lang="sr">Корејски речник за проверу писања</name>
        <name lang="sr-Latn">Korean spellcheck dictionary</name>
        <name lang="ss">Korean spellcheck dictionary</name>
        <name lang="st">Korean spellcheck dictionary</name>
        <name lang="sv">Koreansk stavningsordlista</name>
        <name lang="sw-TZ">Korean spellcheck dictionary</name>
        <name lang="szl">Korean spellcheck dictionary</name>
        <name lang="ta">Korean spellcheck dictionary</name>
        <name lang="te">Korean spellcheck dictionary</name>
        <name lang="tg">Korean spellcheck dictionary</name>
        <name lang="th">พจนานุกรมสะกดคำภาษาเกาหลี</name>
        <name lang="tn">Korean spellcheck dictionary</name>
        <name lang="tr">Korece imla denetimi sözlüğü</name>
        <name lang="ts">Korean spellcheck dictionary</name>
        <name lang="tt">Korean spellcheck dictionary</name>
        <name lang="ug">كورىيەچە ئىملا لۇغىتى</name>
        <name lang="uk">Корейський словник перевірки граматики</name>
        <name lang="uz">Korean spellcheck dictionary</name>
        <name lang="ve">Korean spellcheck dictionary</name>
        <name lang="vec">Disionaro ortogràfego Corean</name>
        <name lang="vi">Korean spellcheck dictionary</name>
        <name lang="xh">Korean spellcheck dictionary</name>
        <name lang="zh-CN">朝鲜语拼写词典</name>
        <name lang="zh-TW">韓文拼寫詞典</name>
        <name lang="zu">Korean spellcheck dictionary</name>
    </display-name>
    <platform value="all" />
    <dependencies>
        <OpenOffice.org-minimal-version value="3.0" d:name="OpenOffice.org 3.0" />
    </dependencies>
    <publisher>
        <name xlink:href="https://github.com/spellcheck-ko/hunspell-dict-ko" lang="en-US">Changwoo Ryu</name>
        <name xlink:href="https://github.com/spellcheck-ko/hunspell-dict-ko" lang="ko-KR">류창우</name>
    </publisher>
</description>
