<?xml version="1.0" encoding="UTF-8"?>

<description xmlns="http://openoffice.org/extensions/description/2006" xmlns:d="http://openoffice.org/extensions/description/2006"  xmlns:xlink="http://www.w3.org/1999/xlink">

    <registration>
        <simple-license accept-by="admin" suppress-on-update="true">
            <license-text xlink:href="license.txt" lang="en" />
        </simple-license>
    </registration>

    <version value="2016.03.13" />

    <identifier value="org.openoffice.is-IS.hunspell.dictionaries" />

    <display-name>
        <name lang="en-US">Icelandic spelling dictionary, hyphenation rules and thesaurus</name>
        <name lang="af">Yslandiese spelling woordeboek, koppelteken reëls en thesaurus</name>
        <name lang="am">Icelandic spelling dictionary, hyphenation rules and thesaurus</name>
        <name lang="ar">قاموس التدقيق الإملائي للُّغة الآيسلندية، قواعد الواصلة والمترادفات</name>
        <name lang="as">Icelandic spelling dictionary, hyphenation rules and thesaurus</name>
        <name lang="ast">Islandés: correutor ortográficu, sinónimos y regles de división de palabres</name>
        <name lang="be">Ісландскі правапісны слоўнік, правілы пераносаў і тэзаўрус</name>
        <name lang="bg">Исландски речници за правопис, сричкопренасяне и синоними</name>
        <name lang="bn">Icelandic spelling dictionary, hyphenation rules and thesaurus</name>
        <name lang="bn-IN">ইটালিয়ান বানান পরীক্ষক অভিধান, হাইফেন প্রয়োগ নিয়ম এবং শব্দকোষ</name>
        <name lang="bo">Icelandic spelling dictionary, hyphenation rules and thesaurus</name>
        <name lang="br">Geriadur reizhskrivañ, reolennoù an troc'hañ gerioù ha geriadur an heñvelsterioù evit an islandeg.</name>
        <name lang="brx">Icelandic spelling dictionary, hyphenation rules and thesaurus</name>
        <name lang="bs">Icelandic spelling dictionary, hyphenation rules and thesaurus</name>
        <name lang="ca">Islandès: corrector ortogràfic, partició de mots i tesaurus (sinònims i termes relacionats)</name>
        <name lang="ca-valencia">Islandés: corrector ortogràfic, partició de mots i tesaurus (sinònims i termes relacionats)</name>
        <name lang="ckb">فەرهەنگی ڕێنووسی زمانی ئایسلەندی، یاساکانی ڕێزمانی لەگەڵ بەرامبەرەکان</name>
        <name lang="cs">Slovník kontroly pravopisu, dělení slov a slovník synonym pro islandštinu</name>
        <name lang="cy">Islandeg - gwirydd sillafu, rheolau cysylltnodi a thesawrws</name>
        <name lang="da">Islandsk stavekontrol, orddelingsregler og synonymordbog</name>
        <name lang="de">Isländisches Wörterbuch für Rechtschreibprüfung, Silbentrennung und Thesaurus</name>
        <name lang="dgo">Icelandic spelling dictionary, hyphenation rules and thesaurus</name>
        <name lang="dsb">Islandski pšawopisny słownik, pšawidła źělenja złožkow a tezawrus</name>
        <name lang="dz">Icelandic spelling dictionary, hyphenation rules and thesaurus</name>
        <name lang="el">Ισλανδικό λεξικό ορθογραφίας, κανόνες συλλαβισμού και θησαυρός</name>
        <name lang="en-GB">Icelandic spelling dictionary, hyphenation rules and thesaurus</name>
        <name lang="en-ZA">Icelandic spelling dictionary, hyphenation rules and thesaurus</name>
        <name lang="eo">Literumada kaj vortdivida vortaroj kaj tezaŭro por la islanda</name>
        <name lang="es">Islandés: corrector ortográfico, sinónimos y reglas de corte de palabras</name>
        <name lang="et">Islandi keele õigekirjakontrolli sõnastik, poolitusreeglid ja tesaurus</name>
        <name lang="eu">Islandieraren ortografia-egiaztatzailea, hitzak zatitzeko arauak eta thesaurusa</name>
        <name lang="fa">واژه‌نامه املایی، قواعد خط‌فاصله‌گذاری و اصطلاح‌نامه ایسلندی</name>
        <name lang="fi">Islannin oikolukusanasto, tavutussäännöt ja synonyymisanasto</name>
        <name lang="fr">Dictionnaires orthographique, des synonymes et règles de coupure des mots islandais</name>
        <name lang="fur">Dizionari ortografic islandês, regulis di silabazion e dizionari dai sinonims</name>
        <name lang="fy">Yslânsk wurdboek foar stavering, wurdôfbrekkingsregels, en synonimenlist</name>
        <name lang="ga">Foclóir litrithe, rialacha fleiscínithe, agus teasáras don Íoslainnis</name>
        <name lang="gd">Faclair litreachadh, riaghailtean tàthanachadh ⁊ co-fhaclair na h-Innis Tìlise</name>
        <name lang="gl">Dicionario ortográfico, sinónimos e guionizador do islandés</name>
        <name lang="gu">Icelandic spelling dictionary, hyphenation rules and thesaurus</name>
        <name lang="gug">Icelandic spelling dictionary, hyphenation rules and thesaurus</name>
        <name lang="he">מילון בדיקת איות, כללי מיקוף ואגרון באיסלנדית</name>
        <name lang="hi">Icelandic spelling dictionary, hyphenation rules and thesaurus</name>
        <name lang="hr">Pravopisni rječnik, pravila rastavljanja riječi i rječnik sinonima islandskog jezika</name>
        <name lang="hsb">Islandski prawopisny słownik, prawidła dźělenja złóžkow a tezawrus</name>
        <name lang="hu">Izlandi helyesírási szótár, elválasztási szabályok és szinonimaszótár</name>
        <name lang="id">Kamus ejaan, aturan pemutusan kata, dan tesaurus bahasa Islandia</name>
        <name lang="is">Íslenskt stafsetningarorðasafn, orðskiptireglur og samheitaorðasafn</name>
        <name lang="it">Dizionario ortografico islandese, regole di sillabazione e dizionario di sinonimi</name>
        <name lang="ja">アイスランド語スペル辞書、ハイフネーション規則と類義語辞典</name>
        <name lang="ka">Icelandic spelling dictionary, hyphenation rules and thesaurus</name>
        <name lang="kab">Amawal n teɣdira, igdawalen d ilugan n unegzum n wawalen n teslandit</name>
        <name lang="kk">Исланд емле сөздігі, тасымалдау ережелері және тезаурус</name>
        <name lang="km">Icelandic spelling dictionary, hyphenation rules and thesaurus</name>
        <name lang="kmr-Latn">Icelandic spelling dictionary, hyphenation rules and thesaurus</name>
        <name lang="kn">Icelandic spelling dictionary, hyphenation rules and thesaurus</name>
        <name lang="ko">Icelandic spelling dictionary, hyphenation rules and thesaurus</name>
        <name lang="kok">Icelandic spelling dictionary, hyphenation rules and thesaurus</name>
        <name lang="ks">Icelandic spelling dictionary, hyphenation rules and thesaurus</name>
        <name lang="lb">Icelandic spelling dictionary, hyphenation rules and thesaurus</name>
        <name lang="lo">ພົດຈະນານຸກົມສະກົດຄຳພາສາ Icelandic, ກົດລະບຽບການເຊື່ອມໂຍງ ແລະ ພົດຈະນານຸກົມ</name>
        <name lang="lt">Islandų kalbos rašybos tikrinimo, žodžių kėlybos ir tezauro žodynai</name>
        <name lang="lv">Islandiešu pareizrakstības vārdnīca, zilbjdales kārtulas un tēzaurs</name>
        <name lang="mai">Icelandic spelling dictionary, hyphenation rules and thesaurus</name>
        <name lang="mk">Icelandic spelling dictionary, hyphenation rules and thesaurus</name>
        <name lang="ml">ഐസ്‌ലാന്റിക്ക് സ്പെല്ലിങ് നിഘണ്ടുവും ഹൈഫനേഷനും തെസോറസും</name>
        <name lang="mn">Исланд хэлний зөв бичгийн ба үеэр таслах дүрмийн болон нэвтэрхий толь бичиг</name>
        <name lang="mni">Icelandic spelling dictionary, hyphenation rules and thesaurus</name>
        <name lang="mr">Icelandic spelling dictionary, hyphenation rules and thesaurus</name>
        <name lang="my">Icelandic spelling dictionary, hyphenation rules and thesaurus</name>
        <name lang="nb">Islandsk stavekontroll, orddeling og synonymordbok</name>
        <name lang="ne">आइसल्याण्डिक हिज्जे शब्दकोश, हाइफनेशन नियम र थिसौरस</name>
        <name lang="nl">IJslandse woordenboek, regels voor woordafbreking en synoniemenlijst</name>
        <name lang="nn">Islandsk stavekontroll, orddeling og synonymordbok</name>
        <name lang="nr">Icelandic spelling dictionary, hyphenation rules and thesaurus</name>
        <name lang="nso">Icelandic spelling dictionary, hyphenation rules and thesaurus</name>
        <name lang="oc">Diccionaris ortografic, dels sinonims e règlas de copadura de mots islandeses</name>
        <name lang="om">Icelandic spelling dictionary, hyphenation rules and thesaurus</name>
        <name lang="or">Icelandic spelling dictionary, hyphenation rules and thesaurus</name>
        <name lang="pa-IN">ਆਈਸਲੈਂਡ ਦਾ ਸਪੈਲਿੰਗ ਸ਼ਬਦ-ਕੋਸ਼, ਹਾਈਫਿਨੇਸ਼ਨ ਨਿਯਮ ਅਤੇ ਸਮਅਰਥੀ-ਕੋਸ਼</name>
        <name lang="pl">Islandzki słownik ortograficzny, reguły dzielenia wyrazów i słownik wyrazów bliskoznacznych</name>
        <name lang="pt">Dicionário ortográfico, sinónimos e regras de hifenização em islandês</name>
        <name lang="pt-BR">Dicionário ortográfico, regras de hifenização e sinônimos em islandês</name>
        <name lang="ro">Dicționar ortografic, de sinonime și reguli de despărțire în silabe pentru islandeză</name>
        <name lang="ru">Исландский орфографический словарь, правила переноса и тезаурус</name>
        <name lang="rw">Icelandic spelling dictionary, hyphenation rules and thesaurus</name>
        <name lang="sa-IN">Icelandic spelling dictionary, hyphenation rules and thesaurus</name>
        <name lang="sat">Icelandic spelling dictionary, hyphenation rules and thesaurus</name>
        <name lang="sd">Icelandic spelling dictionary, hyphenation rules and thesaurus</name>
        <name lang="si">Icelandic spelling dictionary, hyphenation rules and thesaurus</name>
        <name lang="sid">Icelandic spelling dictionary, hyphenation rules and thesaurus</name>
        <name lang="sk">Islandský slovník na kontrolu pravopisu, delenie slov a tezaurus</name>
        <name lang="sl">Islandski jezik – slovar za preverjanje črkovanja, vzorci za deljenje besed in slovar sopomenk</name>
        <name lang="sq">Fjalori i shqiptimit Islandez, rregullat e shkrimit dhe sinonimet</name>
        <name lang="sr">Исландски: провера писања, прелом речи и речник синонима</name>
        <name lang="sr-Latn">Icelandic spelling dictionary, hyphenation rules and thesaurus</name>
        <name lang="ss">Icelandic spelling dictionary, hyphenation rules and thesaurus</name>
        <name lang="st">Icelandic spelling dictionary, hyphenation rules and thesaurus</name>
        <name lang="sv">Isländska - stavningsordlista, avstavningsregler och synonymordlista</name>
        <name lang="sw-TZ">Icelandic spelling dictionary, hyphenation rules and thesaurus</name>
        <name lang="szl">Islandzki słownik ôrtograficzny, prawidła dzielynio słōw i słownik synōnimōw</name>
        <name lang="ta">ஐஸ்லென்டிக் எழுத்துக்கூட்டு அகராதி, நடுக்கோடு விதிகள், நிகண்டு ஆகியன</name>
        <name lang="te">Icelandic spelling dictionary, hyphenation rules and thesaurus</name>
        <name lang="tg">Icelandic spelling dictionary, hyphenation rules and thesaurus</name>
        <name lang="th">พจนานุกรมสะกดคำ, กฎการแทรกยัติภังค์, และอรรถาภิธานภาษาไอซ์แลนด์</name>
        <name lang="tn">Icelandic spelling dictionary, hyphenation rules and thesaurus</name>
        <name lang="tr">İzlandaca imla sözlüğü, heceleme kuralları ve eşanlamlılar sözlüğü</name>
        <name lang="ts">Icelandic spelling dictionary, hyphenation rules and thesaurus</name>
        <name lang="tt">Icelandic spelling dictionary, hyphenation rules and thesaurus</name>
        <name lang="ug">ئىسلاندىيەچە ئىملا لۇغىتى، ھەرپ ئۇلاش قائىدىسى ۋە مەنىداش سۆزلەر لۇغىتى</name>
        <name lang="uk">Ісландський орфографічний словник, правила переносу та тезаурус</name>
        <name lang="uz">Icelandic spelling dictionary, hyphenation rules and thesaurus</name>
        <name lang="ve">Icelandic spelling dictionary, hyphenation rules and thesaurus</name>
        <name lang="vec">Disionaro ortogràfego Izlandeze, règołe de siłabasion e disionaro de i sinònemi</name>
        <name lang="vi">Từ điển chính tả, luật gạch ngang và đồng nghĩa tiếng Iceland</name>
        <name lang="xh">Icelandic spelling dictionary, hyphenation rules and thesaurus</name>
        <name lang="zh-CN">冰岛语拼写词典、断词规则与同义词库</name>
        <name lang="zh-TW">冰島文拼寫詞典、斷字規則、同義詞庫</name>
        <name lang="zu">Icelandic spelling dictionary, hyphenation rules and thesaurus</name>
    </display-name>

    <platform value="all" />

    <dependencies>
        <OpenOffice.org-minimal-version value="3.0" d:name="OpenOffice.org 3.0" />
    </dependencies>

    <publisher>
        <name xlink:href="http://github.com/nifgraup/hunspell-is#readme" lang="is">The hunspell-is project</name>
    </publisher>

</description>
