<?xml version="1.0" encoding="UTF-8"?>
<description xmlns="http://openoffice.org/extensions/description/2006" xmlns:d="http://openoffice.org/extensions/description/2006"  xmlns:xlink="http://www.w3.org/1999/xlink">
            <version value="2008.02.01" />
    <identifier value="org.openoffice.bn.dictionaries.bn" />
    <display-name>
        <name lang="en-US">Bengali spelling dictionary</name>
        <name lang="af">Bengaals spelling woordeboek</name>
        <name lang="am">Bengali spelling dictionary</name>
        <name lang="ar">قاموس التدقيق الإملائي للُّغة البنغالية</name>
        <name lang="as">বাংলা বানান শব্দকোষ</name>
        <name lang="ast">Diccionariu ortográficu pal bengalí</name>
        <name lang="be">Бенгальскі правапісны слоўнік</name>
        <name lang="bg">Бенгалски правописен речник</name>
        <name lang="bn">Bengali spelling dictionary</name>
        <name lang="bn-IN">বাংলা বানান অভিধান</name>
        <name lang="bo">Bengali spelling dictionary</name>
        <name lang="br">Geriadur ar reizhskrivañ evit ar bengalieg</name>
        <name lang="brx">Bengali spelling dictionary</name>
        <name lang="bs">Rječnik pravopisa za bengalski jezik</name>
        <name lang="ca">Bengalí: corrector ortogràfic</name>
        <name lang="ca-valencia">Bengalí: corrector ortogràfic</name>
        <name lang="ckb">فەرهەنگی هەڵەی ڕێنووسی زمانی بەنگالی</name>
        <name lang="cs">Slovník kontroly pravopisu pro bengálštinu</name>
        <name lang="cy">Bengali - geiriadur sillafu</name>
        <name lang="da">Bengali ordbog for stavekontrol</name>
        <name lang="de">Bengalisches Wörterbuch für Rechtschreibprüfung</name>
        <name lang="dgo">बंगाली अरबी शब्द-जोड़ शब्दकोश</name>
        <name lang="dsb">Bengalski pšawopisny słownik</name>
        <name lang="dz">Bengali spelling dictionary</name>
        <name lang="el">Λεξικό ορθογραφίας μπενγκάλι</name>
        <name lang="en-GB">Bengali spelling dictionary</name>
        <name lang="en-ZA">Bengali spelling dictionary</name>
        <name lang="eo">Bengala ortografia vortaro</name>
        <name lang="es">Bengalí: corrector ortográfico</name>
        <name lang="et">Bengali keele õigekirjakontrolli sõnastik</name>
        <name lang="eu">Bengaleraren ortografia-egiaztatzailea</name>
        <name lang="fa">زبان املایی بنگالی</name>
        <name lang="fi">Bengalin oikolukusanasto</name>
        <name lang="fr">Dictionnaire orthographique bengali</name>
        <name lang="fur">Dizionari ortografic bengalês</name>
        <name lang="fy">Bengaalske stavering wurdboek</name>
        <name lang="ga">Foclóir litrithe na Beangáilise</name>
        <name lang="gd">Faclair litreachadh na Beangailise</name>
        <name lang="gl">Dicionario ortográfico para bengalí</name>
        <name lang="gu">બંગાળી જોડણી ચકાસણી શબ્દકોષ</name>
        <name lang="gug">Ñe'ẽryru ortográfico Bengalí</name>
        <name lang="he">רשימת מילים לבודק איות בבנגלית</name>
        <name lang="hi">बंगाली वर्तनी शब्दकोश</name>
        <name lang="hr">Rječnik za provjeru pravopisa za bengalskog jezik</name>
        <name lang="hsb">Bengalski prawopisny słownik</name>
        <name lang="hu">Bengáli helyesírási szótár</name>
        <name lang="id">Kamus ejaan bahasa Bengal</name>
        <name lang="is">Bengalskt stafsetningarorðasafn</name>
        <name lang="it">Dizionario ortografico bengalese</name>
        <name lang="ja">ベンガル語スペル辞書</name>
        <name lang="ka">Bengali spelling dictionary</name>
        <name lang="kab">Amawal n teɣdira tabengalit</name>
        <name lang="kk">Бенгал емле сөздігі</name>
        <name lang="km">វចនានុក្រម​អក្ខរាវិរុទ្ធ​ភាសា​បេន្កាលី</name>
        <name lang="kmr-Latn">Bengali spelling dictionary</name>
        <name lang="kn">ಬೆಂಗಾಲಿ ಕಾಗುಣಿತ ಶಬ್ಧಕೋಶ</name>
        <name lang="ko">벵골어 맞춤법 사전</name>
        <name lang="kok">बेंगोली वर्णरचना शब्दकोशBengali OkxorRochona Xobdkox</name>
        <name lang="ks">Bengali spelling dictionary</name>
        <name lang="lb">Bengali spelling dictionary</name>
        <name lang="lo">ພົດຈະນານຸກົມສະກົດຄຳພາສາ Bengali</name>
        <name lang="lt">Bengalų kalbos rašybos tikrinimo žodynas</name>
        <name lang="lv">Bengāļu pareizrakstības vārdnīca</name>
        <name lang="mai">Bengali spelling dictionary</name>
        <name lang="mk">Bengali spelling dictionary</name>
        <name lang="ml">ബംഗാളി സ്പെല്ലിങ് നിഘണ്ടു</name>
        <name lang="mn">Бенгал хэлний зөв бичгийн ба үеэр таслах дүрмийн толь бичиг</name>
        <name lang="mni">বেঙ্গলি বানানগী দিক্সনারি</name>
        <name lang="mr">बंगाली शुध्दलेखन शब्दकोश</name>
        <name lang="my">ထိုင်းစာလုံးပေါင်းအဘိဓာန်</name>
        <name lang="nb">Bengali stavekontroll</name>
        <name lang="ne">बंगाली हिज्जे शब्दकोश</name>
        <name lang="nl">Bengaals spelling woordenboek</name>
        <name lang="nn">Bengali stavekontroll</name>
        <name lang="nr">Bengali spelling dictionary</name>
        <name lang="nso">Bengali spelling dictionary</name>
        <name lang="oc">Diccionari ortografic pel bengali</name>
        <name lang="om">Dikshinaari qubeessa afaan Bengali</name>
        <name lang="or">ବେଙ୍ଗଲି ବନାନ ଅବିଧାନ</name>
        <name lang="pa-IN">ਬੰਗਾਲੀ ਸਪੈਲਿੰਗ ਡਿਕਸ਼ਨਰੀ</name>
        <name lang="pl">Bengalski słownik ortograficzny</name>
        <name lang="pt">Dicionário ortográfico em bengali</name>
        <name lang="pt-BR">Dicionário ortográfico em bengali</name>
        <name lang="ro">Dicționar ortografic pentru bengaleză</name>
        <name lang="ru">Бенгальский орфографический словарь</name>
        <name lang="rw">Bengali spelling dictionary</name>
        <name lang="sa-IN">बङ्गालीवर्णविन्यासकोशः</name>
        <name lang="sat">बेंगाली बानान ञेल साबाद गादेल</name>
        <name lang="sd">بنگالي هجي ڊڪشنري</name>
        <name lang="si">Bengali spelling dictionary</name>
        <name lang="sid">Bengaalete fidalishshsi qaallate fichaancho</name>
        <name lang="sk">Bengálsky slovník na kontrolu pravopisu</name>
        <name lang="sl">Bengalski jezik – slovar za preverjanje črkovanja</name>
        <name lang="sq">Fjalor drejtshkrimi Bengal</name>
        <name lang="sr">Бенгалски: провера писања</name>
        <name lang="sr-Latn">Bengalski: provera pisanja</name>
        <name lang="ss">Bengali spelling dictionary</name>
        <name lang="st">Bengali spelling dictionary</name>
        <name lang="sv">Stavningsordlista på Bengaliska</name>
        <name lang="sw-TZ">Bengali spelling dictionary</name>
        <name lang="szl">Byngalski słownik ôrtograficzny</name>
        <name lang="ta">பெங்காலி எழுத்துக்கூட்டு அகராதி</name>
        <name lang="te">బెంగాలీ వుచ్ఛారణా నిఘంటువు</name>
        <name lang="tg">Bengali spelling dictionary</name>
        <name lang="th">พจนานุกรมสะกดคำภาษาเบ็งกาลี</name>
        <name lang="tn">Bengali spelling dictionary</name>
        <name lang="tr">Bengalce imla sözlüğü</name>
        <name lang="ts">Bengali spelling dictionary</name>
        <name lang="tt">Бенгали теленең орфография сүзлеге</name>
        <name lang="ug">بېنگالچە ئىملا لۇغىتى</name>
        <name lang="uk">Бенгальський орфографічний словник</name>
        <name lang="uz">Bengal imlo lug‘ati</name>
        <name lang="ve">Bengali spelling dictionary</name>
        <name lang="vec">Disionaro ortogràfego Bengałeze</name>
        <name lang="vi">Từ điển chính tả tiếng Bengal</name>
        <name lang="xh">Bengali spelling dictionary</name>
        <name lang="zh-CN">孟加拉语拼写词典</name>
        <name lang="zh-TW">孟加拉文拼寫詞典</name>
        <name lang="zu">Bengali spelling dictionary</name>
    </display-name>
    <platform value="all" />
    <dependencies>
        <OpenOffice.org-minimal-version value="3.0" d:name="OpenOffice.org 3.0" />
    </dependencies>
</description>

