<?xml version="1.0" encoding="UTF-8"?>
<description xmlns="http://openoffice.org/extensions/description/2006" xmlns:d="http://openoffice.org/extensions/description/2006"  xmlns:xlink="http://www.w3.org/1999/xlink">
    <version value="1.5" />
    <identifier value="occitan.lengadocian.by.GallartBruno" />
    <display-name>
        <name lang="ca">Diccionari ortogràfic occità-llenguadocià</name>
        <name lang="af">Occiran (dialek) spellys</name>
        <name lang="am">Occitan spelling dictionary</name>
        <name lang="ar">قاموس التدقيق الإملائي للُّغة الأوكيتانية</name>
        <name lang="as">অচ্চিটিয়ান বানান শব্দকোষ</name>
        <name lang="ast">Diccionariu ortográficu pal occitanu</name>
        <name lang="be">Аксітанскі правапісны слоўнік</name>
        <name lang="bg">Окситански правописен речник</name>
        <name lang="bn">Occitan spelling dictionary</name>
        <name lang="bn-IN">অক্সিটান বানান অভিধান</name>
        <name lang="bo">Occitan spelling dictionary</name>
        <name lang="br">Geriadur ar reizhskrivañ evit an okitaneg</name>
        <name lang="brx">Occitan spelling dictionary</name>
        <name lang="bs">Rječnik pravopisa za okcitanski jezik</name>
        <name lang="ca">Occità: corrector ortogràfic</name>
        <name lang="ca-valencia">Occità: corrector ortogràfic</name>
        <name lang="ckb">فەرهەنگی هەڵەڕێنووسی زمانی ئۆسیتی</name>
        <name lang="cs">Slovník kontroly pravopisu pro okcitánštinu</name>
        <name lang="cy">Occitan - geiriadur sillafu</name>
        <name lang="da">Occitan stavekontrol</name>
        <name lang="de">Okzitanisches Wörterbuch für Rechtschreibprüfung</name>
        <name lang="dgo">ऑकिटन शब्द-जोड़ शब्दकोश</name>
        <name lang="dsb">Okcitański pšawopisny słownik</name>
        <name lang="dz">Occitan spelling dictionary</name>
        <name lang="el">Ορθογραφικό λεξικό οξιτάν</name>
        <name lang="en-GB">Occitan spelling dictionary</name>
        <name lang="en-ZA">Occitan spelling dictionary</name>
        <name lang="eo">Okcitana ortografia vortaro</name>
        <name lang="es">Occitano: corrector ortográfico</name>
        <name lang="et">Oksitaani keele õigekirjakontrolli sõnastik</name>
        <name lang="eu">Thailandieraren ortografia-egiaztatzailea</name>
        <name lang="fa">واژه‌نامه اکسیتیایی</name>
        <name lang="fi">Oksitaanin oikolukusanasto</name>
        <name lang="fr">Dictionnaire orthographique occitan</name>
        <name lang="fur">Direzion ortografic ocitan</name>
        <name lang="fy">Okkitaaske stavering wurdboek</name>
        <name lang="ga">Foclóir litrithe Ocsatáinise</name>
        <name lang="gd">Faclair litreachadh na h-Ogsatanaise</name>
        <name lang="gl">Dicionario ortográfico do occitano</name>
        <name lang="gu">ઑકીટન જોડણી ચકાસણી શબ્દકોષ</name>
        <name lang="gug">Ñe'ẽryru ortográfico Occitano</name>
        <name lang="he">רשימת מילים לבודק איות באוקסיטנית</name>
        <name lang="hi">ओक्किटन वर्तनी शब्दकोश</name>
        <name lang="hr">Rječnik za provjeru pravopisa za occitan jezik</name>
        <name lang="hsb">Okcitanski prawopisny słownik</name>
        <name lang="hu">Okcitán helyesírási szótár</name>
        <name lang="id">Kamus ejaan bahasa Occita</name>
        <name lang="is">Stafsetningarorðasafn fyrir occitan</name>
        <name lang="it">Dizionario ortografico occitano</name>
        <name lang="ja">オック語スペル辞書</name>
        <name lang="ka">Occitan spelling dictionary</name>
        <name lang="kab">Amawal n teɣdira taksitant</name>
        <name lang="kk">Провансальдық емле сөздігі</name>
        <name lang="km">វចនានុក្រម​អក្ខរាវិរុទ្ធ​ភាសា​អុកស៊ីតង់</name>
        <name lang="kmr-Latn">Occitan spelling dictionary</name>
        <name lang="kn">ಆಕ್ಸಿಟಾನ್ ಕಾಗುಣಿತ ಪರೀಕ್ಷಕ ಶಬ್ಧಕೋಶ</name>
        <name lang="ko">오크어 맞춤법 사전</name>
        <name lang="kok">ऑसिटन वर्णरचना शब्दकोशOccitachem OkxorRochona Xobdkox</name>
        <name lang="ks">Occitan spelling dictionary</name>
        <name lang="lb">Occitan spelling dictionary</name>
        <name lang="lo">ພົດຈະນານຸກົມສະກົດຄຳພາສາ Occitan</name>
        <name lang="lt">Očitarų kalbos rašybos tikrinimo žodynas</name>
        <name lang="lv">Oksitāņu pareizrakstības vārdnīca</name>
        <name lang="mai">Occitan spelling dictionary</name>
        <name lang="mk">Occitan spelling dictionary</name>
        <name lang="ml">ഒസിറ്റന്‍ സ്പെല്ലിങ് നിഘണ്ടു</name>
        <name lang="mn">Оццитан хэлний зөв бичгийн дүрмийн толь бичиг</name>
        <name lang="mni">ওক্সিতন বানানগী দিক্সনারি</name>
        <name lang="mr">ऑसिटन शुध्दलेखन शब्दकोष</name>
        <name lang="my">ထိုင်းစာလုံးပေါင်းအဘိဓာန်</name>
        <name lang="nb">Oksitansk stavekontroll</name>
        <name lang="ne">ओसीटान हिज्जे शब्दकोश</name>
        <name lang="nl">Occitaans spellingswoordenboek</name>
        <name lang="nn">Oksitansk stavekontroll</name>
        <name lang="nr">Occitan spelling dictionary</name>
        <name lang="nso">Occitan spelling dictionary</name>
        <name lang="oc">Diccionari ortografic per l'occitan</name>
        <name lang="om">Occitan spelling dictionary</name>
        <name lang="or">ଓସିତାନ ବନାନ ଅବିଧାନ</name>
        <name lang="pa-IN">ਓਸੀਟਨ ਸਪੈਲਿੰਗ ਡਿਕਸ਼ਨਰੀ</name>
        <name lang="pl">Oksytański słownik ortograficzny</name>
        <name lang="pt">Dicionário ortográfico em occitano</name>
        <name lang="pt-BR">Dicionário ortográfico em ocitano</name>
        <name lang="ro">Dicționar ortografic pentru occitană</name>
        <name lang="ru">Провансальский орфографический словарь</name>
        <name lang="rw">Occitan spelling dictionary</name>
        <name lang="sa-IN">ओस्सिटन् वर्णविन्यासकोशः</name>
        <name lang="sat">ओकसिटान बानान ञेल साबाद गादेल</name>
        <name lang="sd">آڪسيٽن هجي ڊڪشنري</name>
        <name lang="si">Occitan spelling dictionary</name>
        <name lang="sid">Ossitaanete fidalishshi qaallate fichaancho</name>
        <name lang="sk">Okcitánsky slovník na kontrolu pravopisu</name>
        <name lang="sl">Oksitanski jezik – slovar za preverjanje črkovanja</name>
        <name lang="sq">Fjalor drejtshkrimi Okitan</name>
        <name lang="sr">Окитански: провера писања</name>
        <name lang="sr-Latn">Okitanski: provera pisanja</name>
        <name lang="ss">Occitan spelling dictionary</name>
        <name lang="st">Occitan spelling dictionary</name>
        <name lang="sv">Stavningsordlista för occitanska</name>
        <name lang="sw-TZ">Occitan spelling dictionary</name>
        <name lang="szl">Ôksytański słownik ôrtograficzny</name>
        <name lang="ta">ஆக்ஸிட்டன் எழுத்துக்கூட்டு அகராதி</name>
        <name lang="te">ఆకిటన్  వుచ్ఛారణా నిఘంటువు</name>
        <name lang="tg">Occitan spelling dictionary</name>
        <name lang="th">พจนานุกรมสะกดคำภาษาออกซิตัน</name>
        <name lang="tn">Occitan spelling dictionary</name>
        <name lang="tr">Occitan imla sözlüğü</name>
        <name lang="ts">Occitan spelling dictionary</name>
        <name lang="tt">Провансаль теленең орфография сүзлеге</name>
        <name lang="ug">ئوكسىتانچە ئىملا لۇغىتى</name>
        <name lang="uk">Окситанський орфографічний словник</name>
        <name lang="uz">Occitan spelling dictionary</name>
        <name lang="ve">Occitan spelling dictionary</name>
        <name lang="vec">Disionaro ortogràfego Ocitan</name>
        <name lang="vi">Từ điển chính tả Occitan</name>
        <name lang="xh">Occitan spelling dictionary</name>
        <name lang="zh-CN">奥克语拼写词典</name>
        <name lang="zh-TW">奧克西唐文拼寫詞典</name>
        <name lang="zu">Occitan spelling dictionary</name>
        <name lang="en-US">Occitan spelling dictionary</name>
        <name lang="fr">Dictionnaire orthographique occitan-languedocien</name>
        <name lang="kab">Amawal n teɣdirawt n tuksiṭanit talungdukit</name>
        <name lang="oc">Diccionari ortografic occitan-lengadocian</name>
        <name lang="pt">Dicionário ortográfico occitano-languedociano</name>
		<name lang="sc">Ditzionàriu ortogràficu otzitanu-lengadotzianu</name>
    </display-name>
    <publisher>
        <name xlink:href="http://openoc.org" lang="fr">OpenOc.org</name>
    </publisher>
    <platform value="all" />
    <dependencies>
        <OpenOffice.org-minimal-version value="3.0" d:name="OpenOffice.org 3.0" />
    </dependencies>
</description>
